cluster_id	cluster_written	reads_found	reads_found_fwd	reads_found_rev	reads_written_fwd	reads_written_rev	reads_skipped_fwd	reads_skipped_rev
0_sub0	0	1	1	0	0	0	1	0
0_sub1	1	19	12	7	12	7	0	0
1_sub0	0	1	1	0	0	0	1	0
1_sub1	1	10	3	7	3	7	0	0
100_sub0	0	1	0	1	0	0	0	1
100_sub1	0	1	1	0	0	0	1	0
100_sub2	1	10	6	4	6	4	0	0
100_sub3	0	1	0	1	0	0	0	1
10003_sub0	1	12	7	5	7	5	0	0
10003_sub1	0	1	1	0	0	0	1	0
10019_sub0	1	9	5	4	5	4	0	0
10019_sub1	0	1	0	1	0	0	0	1
10019_sub2	0	1	1	0	0	0	1	0
10019_sub3	0	1	0	1	0	0	0	1
10029_sub0	1	14	9	5	9	5	0	0
10029_sub1	0	1	1	0	0	0	1	0
10029_sub2	0	1	1	0	0	0	1	0
10029_sub3	0	1	1	0	0	0	1	0
10029_sub4	0	1	0	1	0	0	0	1
10030_sub0	1	13	3	10	3	10	0	0
10030_sub1	0	1	1	0	0	0	1	0
10030_sub2	0	1	0	1	0	0	0	1
10032_sub0	0	1	1	0	0	0	1	0
10032_sub1	0	1	1	0	0	0	1	0
10032_sub2	0	1	0	1	0	0	0	1
10032_sub3	0	1	0	1	0	0	0	1
10032_sub4	0	1	1	0	0	0	1	0
10032_sub5	0	1	0	1	0	0	0	1
10038_sub0	1	23	12	11	10	10	2	1
10038_sub1	0	1	1	0	0	0	1	0
10038_sub2	0	1	1	0	0	0	1	0
10038_sub3	0	1	0	1	0	0	0	1
10038_sub4	0	1	0	1	0	0	0	1
10038_sub5	0	1	0	1	0	0	0	1
10038_sub6	0	1	0	1	0	0	0	1
10038_sub7	0	1	0	1	0	0	0	1
1004_sub0	0	1	1	0	0	0	1	0
1004_sub1	0	1	1	0	0	0	1	0
1004_sub2	1	9	5	4	5	4	0	0
1004_sub3	0	1	1	0	0	0	1	0
1004_sub4	0	1	0	1	0	0	0	1
10046_sub0	0	4	3	1	0	0	3	1
10046_sub1	0	1	0	1	0	0	0	1
10046_sub2	0	1	0	1	0	0	0	1
10051_sub0	0	1	0	1	0	0	0	1
10051_sub1	1	11	8	3	8	3	0	0
10051_sub2	0	1	1	0	0	0	1	0
10051_sub3	0	1	1	0	0	0	1	0
10051_sub4	0	1	0	1	0	0	0	1
10052_sub0	0	1	1	0	0	0	1	0
10052_sub1	0	1	0	1	0	0	0	1
10052_sub2	0	1	1	0	0	0	1	0
10052_sub3	0	1	1	0	0	0	1	0
10052_sub4	0	1	1	0	0	0	1	0
10052_sub5	0	1	0	1	0	0	0	1
10052_sub6	0	1	1	0	0	0	1	0
10052_sub7	0	1	0	1	0	0	0	1
10052_sub8	0	1	1	0	0	0	1	0
10053_sub0	0	1	1	0	0	0	1	0
10053_sub1	0	1	1	0	0	0	1	0
10053_sub2	0	1	0	1	0	0	0	1
10053_sub3	0	1	1	0	0	0	1	0
10053_sub4	0	1	1	0	0	0	1	0
10053_sub5	0	1	1	0	0	0	1	0
10053_sub6	0	2	1	1	0	0	1	1
10055_sub0	0	1	0	1	0	0	0	1
10055_sub1	0	1	0	1	0	0	0	1
10055_sub2	0	1	1	0	0	0	1	0
10055_sub3	0	1	0	1	0	0	0	1
10055_sub4	0	1	1	0	0	0	1	0
10055_sub5	0	1	0	1	0	0	0	1
10055_sub6	0	1	0	1	0	0	0	1
10057_sub0	0	1	1	0	0	0	1	0
10057_sub1	0	1	0	1	0	0	0	1
10057_sub2	0	1	0	1	0	0	0	1
10057_sub3	1	7	4	3	4	3	0	0
10057_sub4	0	1	0	1	0	0	0	1
10057_sub5	0	1	0	1	0	0	0	1
10057_sub6	0	1	1	0	0	0	1	0
10057_sub7	0	1	0	1	0	0	0	1
10059_sub0	0	1	1	0	0	0	1	0
10059_sub1	0	1	0	1	0	0	0	1
10059_sub2	0	1	1	0	0	0	1	0
10059_sub3	0	1	0	1	0	0	0	1
10059_sub4	0	1	1	0	0	0	1	0
10059_sub5	0	1	1	0	0	0	1	0
10059_sub6	0	1	0	1	0	0	0	1
10059_sub7	1	13	6	7	6	7	0	0
10059_sub8	0	1	0	1	0	0	0	1
10061_sub0	1	16	8	8	8	8	0	0
10061_sub1	0	1	1	0	0	0	1	0
10061_sub2	0	1	1	0	0	0	1	0
10061_sub3	0	1	0	1	0	0	0	1
10061_sub4	0	1	0	1	0	0	0	1
10061_sub5	0	1	1	0	0	0	1	0
10061_sub6	0	1	0	1	0	0	0	1
10062_sub0	1	12	5	7	5	7	0	0
10062_sub1	0	1	0	1	0	0	0	1
10063_sub0	1	11	6	5	6	5	0	0
10063_sub1	0	1	1	0	0	0	1	0
10063_sub2	0	1	1	0	0	0	1	0
10065_sub0	0	1	0	1	0	0	0	1
10065_sub1	1	6	2	4	2	4	0	0
10065_sub2	0	1	1	0	0	0	1	0
10068_sub0	0	1	1	0	0	0	1	0
10068_sub1	1	7	6	1	6	1	0	0
10070_sub0	1	11	7	4	7	4	0	0
10070_sub1	0	1	1	0	0	0	1	0
10072_sub0	0	1	1	0	0	0	1	0
10072_sub1	0	1	1	0	0	0	1	0
10072_sub2	0	1	1	0	0	0	1	0
10072_sub3	0	1	1	0	0	0	1	0
10072_sub4	0	1	1	0	0	0	1	0
10072_sub5	0	1	1	0	0	0	1	0
10074_sub0	0	1	0	1	0	0	0	1
10074_sub1	0	1	0	1	0	0	0	1
10074_sub2	0	3	2	1	0	0	2	1
10074_sub3	0	1	0	1	0	0	0	1
10076_sub0	0	1	0	1	0	0	0	1
10076_sub1	0	1	1	0	0	0	1	0
10076_sub2	0	1	1	0	0	0	1	0
10076_sub3	0	1	0	1	0	0	0	1
10076_sub4	0	1	1	0	0	0	1	0
10076_sub5	0	1	0	1	0	0	0	1
10077_sub0	0	1	1	0	0	0	1	0
10077_sub1	0	1	1	0	0	0	1	0
10077_sub2	0	1	1	0	0	0	1	0
10077_sub3	0	1	1	0	0	0	1	0
10077_sub4	0	1	1	0	0	0	1	0
10077_sub5	0	1	1	0	0	0	1	0
1008_sub0	0	1	1	0	0	0	1	0
1008_sub1	0	1	0	1	0	0	0	1
1008_sub2	0	1	0	1	0	0	0	1
1008_sub3	0	1	0	1	0	0	0	1
1008_sub4	0	1	1	0	0	0	1	0
1008_sub5	0	1	1	0	0	0	1	0
10087_sub0	1	17	10	7	10	7	0	0
10087_sub1	0	1	1	0	0	0	1	0
10087_sub2	0	1	0	1	0	0	0	1
10087_sub3	0	1	1	0	0	0	1	0
10087_sub4	0	1	1	0	0	0	1	0
1009_sub0	0	1	0	1	0	0	0	1
1009_sub1	1	7	5	2	5	2	0	0
1009_sub2	0	1	1	0	0	0	1	0
1009_sub3	0	1	0	1	0	0	0	1
10091_sub0	0	1	0	1	0	0	0	1
10091_sub1	0	1	1	0	0	0	1	0
10091_sub2	0	1	1	0	0	0	1	0
10091_sub3	0	1	1	0	0	0	1	0
10091_sub4	0	1	1	0	0	0	1	0
10091_sub5	0	1	1	0	0	0	1	0
10091_sub6	0	1	0	1	0	0	0	1
10095_sub0	0	1	1	0	0	0	1	0
10095_sub1	0	1	1	0	0	0	1	0
10095_sub2	0	1	1	0	0	0	1	0
10095_sub3	0	1	1	0	0	0	1	0
10095_sub4	0	1	1	0	0	0	1	0
10095_sub5	0	1	1	0	0	0	1	0
10095_sub6	0	1	1	0	0	0	1	0
10103_sub0	1	12	7	5	7	5	0	0
10103_sub1	0	1	1	0	0	0	1	0
10103_sub2	0	1	1	0	0	0	1	0
10103_sub3	0	1	0	1	0	0	0	1
10103_sub4	0	1	0	1	0	0	0	1
10103_sub5	0	1	0	1	0	0	0	1
10113_sub0	1	17	6	11	6	11	0	0
10113_sub1	0	1	1	0	0	0	1	0
10113_sub2	0	1	0	1	0	0	0	1
10113_sub3	0	1	0	1	0	0	0	1
10113_sub4	0	1	1	0	0	0	1	0
10113_sub5	0	1	1	0	0	0	1	0
10113_sub6	0	1	0	1	0	0	0	1
10114_sub0	0	1	0	1	0	0	0	1
10114_sub1	0	1	0	1	0	0	0	1
10114_sub2	0	1	1	0	0	0	1	0
10114_sub3	0	1	0	1	0	0	0	1
10114_sub4	0	1	1	0	0	0	1	0
10114_sub5	0	1	1	0	0	0	1	0
10114_sub6	0	1	0	1	0	0	0	1
10116_sub0	0	2	0	2	0	0	0	2
10116_sub1	0	1	0	1	0	0	0	1
10116_sub2	0	1	1	0	0	0	1	0
10116_sub3	1	18	7	11	7	11	0	0
10116_sub4	0	1	0	1	0	0	0	1
10116_sub5	0	1	0	1	0	0	0	1
10116_sub6	0	1	1	0	0	0	1	0
10118_sub0	0	1	1	0	0	0	1	0
10118_sub1	0	1	1	0	0	0	1	0
10118_sub2	0	1	1	0	0	0	1	0
10118_sub3	0	1	0	1	0	0	0	1
10118_sub4	0	1	0	1	0	0	0	1
10118_sub5	0	1	1	0	0	0	1	0
10118_sub6	0	1	1	0	0	0	1	0
10118_sub7	0	1	1	0	0	0	1	0
10118_sub8	0	1	1	0	0	0	1	0
10122_sub0	0	1	1	0	0	0	1	0
10122_sub1	0	1	1	0	0	0	1	0
10122_sub2	0	1	0	1	0	0	0	1
10122_sub3	0	1	1	0	0	0	1	0
10122_sub4	0	1	0	1	0	0	0	1
10122_sub5	0	1	0	1	0	0	0	1
10122_sub6	0	1	0	1	0	0	0	1
10124_sub0	0	2	1	1	0	0	1	1
10124_sub1	0	1	0	1	0	0	0	1
10124_sub2	0	1	0	1	0	0	0	1
10124_sub3	0	1	1	0	0	0	1	0
10124_sub4	0	1	0	1	0	0	0	1
10124_sub5	0	1	1	0	0	0	1	0
10125_sub0	0	1	0	1	0	0	0	1
10125_sub1	0	1	1	0	0	0	1	0
10125_sub2	0	1	0	1	0	0	0	1
10125_sub3	0	1	0	1	0	0	0	1
10125_sub4	0	1	0	1	0	0	0	1
10125_sub5	0	1	1	0	0	0	1	0
10125_sub6	0	1	1	0	0	0	1	0
10127_sub0	0	1	0	1	0	0	0	1
10127_sub1	0	1	1	0	0	0	1	0
10127_sub2	0	1	0	1	0	0	0	1
10127_sub3	0	1	1	0	0	0	1	0
10127_sub4	0	1	0	1	0	0	0	1
10127_sub5	0	1	0	1	0	0	0	1
10127_sub6	0	1	0	1	0	0	0	1
10130_sub0	0	1	1	0	0	0	1	0
10130_sub1	0	1	0	1	0	0	0	1
10130_sub2	0	1	0	1	0	0	0	1
10130_sub3	0	1	1	0	0	0	1	0
10130_sub4	0	1	1	0	0	0	1	0
10130_sub5	0	1	1	0	0	0	1	0
10130_sub6	0	1	0	1	0	0	0	1
10131_sub0	1	7	4	3	4	3	0	0
10131_sub1	0	1	0	1	0	0	0	1
10132_sub0	0	1	0	1	0	0	0	1
10132_sub1	0	1	1	0	0	0	1	0
10132_sub2	0	2	1	1	0	0	1	1
10132_sub3	0	1	0	1	0	0	0	1
10132_sub4	0	1	0	1	0	0	0	1
10132_sub5	0	1	0	1	0	0	0	1
10135_sub0	1	11	7	4	7	4	0	0
10135_sub1	0	1	0	1	0	0	0	1
10135_sub2	0	1	1	0	0	0	1	0
10136_sub0	1	16	8	8	8	8	0	0
10136_sub1	0	1	1	0	0	0	1	0
10136_sub2	0	1	1	0	0	0	1	0
10136_sub3	0	1	0	1	0	0	0	1
10138_sub0	1	9	7	2	7	2	0	0
10138_sub1	0	1	0	1	0	0	0	1
10138_sub2	0	1	1	0	0	0	1	0
10138_sub3	0	1	0	1	0	0	0	1
10138_sub4	0	1	0	1	0	0	0	1
10141_sub0	1	12	7	5	7	5	0	0
10141_sub1	0	1	1	0	0	0	1	0
10141_sub2	0	1	1	0	0	0	1	0
10142_sub0	1	10	4	6	4	6	0	0
10142_sub1	0	1	0	1	0	0	0	1
10142_sub2	0	1	1	0	0	0	1	0
1015_sub0	0	1	1	0	0	0	1	0
1015_sub1	0	4	3	1	0	0	3	1
1015_sub2	0	1	1	0	0	0	1	0
1015_sub3	0	1	1	0	0	0	1	0
10150_sub0	0	1	1	0	0	0	1	0
10150_sub1	0	1	0	1	0	0	0	1
10150_sub2	0	1	0	1	0	0	0	1
10150_sub3	0	1	0	1	0	0	0	1
10150_sub4	0	1	0	1	0	0	0	1
10150_sub5	0	1	1	0	0	0	1	0
10150_sub6	0	1	1	0	0	0	1	0
10150_sub7	0	1	0	1	0	0	0	1
10150_sub8	0	1	0	1	0	0	0	1
10150_sub9	0	1	1	0	0	0	1	0
10150_sub10	0	1	1	0	0	0	1	0
10150_sub11	0	1	1	0	0	0	1	0
10150_sub12	0	1	1	0	0	0	1	0
10151_sub0	0	5	4	1	0	0	4	1
10151_sub1	0	1	0	1	0	0	0	1
10151_sub2	0	1	0	1	0	0	0	1
10152_sub0	0	1	1	0	0	0	1	0
10152_sub1	0	1	1	0	0	0	1	0
10152_sub2	1	6	6	0	6	0	0	0
10152_sub3	0	1	0	1	0	0	0	1
10152_sub4	0	1	0	1	0	0	0	1
10158_sub0	0	1	0	1	0	0	0	1
10158_sub1	0	1	1	0	0	0	1	0
10158_sub2	0	1	0	1	0	0	0	1
10158_sub3	0	1	0	1	0	0	0	1
10158_sub4	0	1	1	0	0	0	1	0
10158_sub5	0	1	0	1	0	0	0	1
10158_sub6	0	1	1	0	0	0	1	0
10158_sub7	0	1	1	0	0	0	1	0
10159_sub0	0	1	1	0	0	0	1	0
10159_sub1	0	1	0	1	0	0	0	1
10159_sub2	0	1	1	0	0	0	1	0
10159_sub3	0	1	0	1	0	0	0	1
10159_sub4	0	1	0	1	0	0	0	1
10159_sub5	0	1	1	0	0	0	1	0
1016_sub0	0	1	0	1	0	0	0	1
1016_sub1	1	7	5	2	5	2	0	0
1016_sub2	0	1	1	0	0	0	1	0
10161_sub0	0	1	0	1	0	0	0	1
10161_sub1	0	1	1	0	0	0	1	0
10161_sub2	0	1	1	0	0	0	1	0
10161_sub3	0	1	0	1	0	0	0	1
10161_sub4	0	1	1	0	0	0	1	0
10161_sub5	0	1	0	1	0	0	0	1
10163_sub0	0	1	1	0	0	0	1	0
10163_sub1	0	1	1	0	0	0	1	0
10163_sub2	0	1	1	0	0	0	1	0
10163_sub3	0	1	1	0	0	0	1	0
10163_sub4	0	1	1	0	0	0	1	0
10163_sub5	0	1	0	1	0	0	0	1
10179_sub0	1	9	4	5	4	5	0	0
10179_sub1	0	1	1	0	0	0	1	0
10185_sub0	0	1	1	0	0	0	1	0
10185_sub1	0	1	0	1	0	0	0	1
10185_sub2	0	1	0	1	0	0	0	1
10185_sub3	0	1	0	1	0	0	0	1
10185_sub4	0	1	0	1	0	0	0	1
10185_sub5	0	1	0	1	0	0	0	1
10186_sub0	0	1	0	1	0	0	0	1
10186_sub1	1	8	6	2	6	2	0	0
10188_sub0	0	1	1	0	0	0	1	0
10188_sub1	0	1	0	1	0	0	0	1
10188_sub2	0	1	0	1	0	0	0	1
10188_sub3	0	1	0	1	0	0	0	1
10188_sub4	0	1	0	1	0	0	0	1
10188_sub5	0	1	0	1	0	0	0	1
10188_sub6	0	1	0	1	0	0	0	1
10188_sub7	0	1	0	1	0	0	0	1
10192_sub0	1	6	4	2	4	2	0	0
10196_sub0	0	1	1	0	0	0	1	0
10196_sub1	0	1	1	0	0	0	1	0
10196_sub2	0	1	0	1	0	0	0	1
10196_sub3	0	1	1	0	0	0	1	0
10196_sub4	0	1	0	1	0	0	0	1
10196_sub5	0	1	1	0	0	0	1	0
10198_sub0	1	6	1	5	1	5	0	0
10198_sub1	0	1	1	0	0	0	1	0
10198_sub2	0	1	1	0	0	0	1	0
10202_sub0	0	1	1	0	0	0	1	0
10202_sub1	0	1	1	0	0	0	1	0
10202_sub2	0	1	1	0	0	0	1	0
10202_sub3	0	1	0	1	0	0	0	1
10202_sub4	0	1	1	0	0	0	1	0
10202_sub5	0	1	1	0	0	0	1	0
10209_sub0	0	1	1	0	0	0	1	0
10209_sub1	0	1	1	0	0	0	1	0
10209_sub2	0	1	0	1	0	0	0	1
10209_sub3	0	1	1	0	0	0	1	0
10209_sub4	0	1	1	0	0	0	1	0
10209_sub5	0	1	0	1	0	0	0	1
1021_sub0	0	1	0	1	0	0	0	1
1021_sub1	1	16	8	8	8	8	0	0
1021_sub2	0	1	1	0	0	0	1	0
10210_sub0	0	1	1	0	0	0	1	0
10210_sub1	0	1	1	0	0	0	1	0
10210_sub2	0	1	1	0	0	0	1	0
10210_sub3	0	1	1	0	0	0	1	0
10210_sub4	0	1	1	0	0	0	1	0
10210_sub5	0	1	0	1	0	0	0	1
10210_sub6	0	1	0	1	0	0	0	1
10216_sub0	0	1	0	1	0	0	0	1
10216_sub1	0	1	0	1	0	0	0	1
10216_sub2	0	1	1	0	0	0	1	0
10216_sub3	0	1	1	0	0	0	1	0
10216_sub4	0	1	0	1	0	0	0	1
10216_sub5	0	1	0	1	0	0	0	1
10217_sub0	0	1	1	0	0	0	1	0
10217_sub1	0	1	0	1	0	0	0	1
10217_sub2	0	1	0	1	0	0	0	1
10217_sub3	0	1	0	1	0	0	0	1
10217_sub4	0	1	1	0	0	0	1	0
10217_sub5	0	1	1	0	0	0	1	0
10217_sub6	0	1	1	0	0	0	1	0
10226_sub0	0	1	1	0	0	0	1	0
10226_sub1	0	1	0	1	0	0	0	1
10226_sub2	0	1	0	1	0	0	0	1
10226_sub3	0	1	0	1	0	0	0	1
10226_sub4	0	1	0	1	0	0	0	1
10226_sub5	0	1	0	1	0	0	0	1
10226_sub6	0	1	0	1	0	0	0	1
10226_sub7	0	1	1	0	0	0	1	0
10237_sub0	0	1	0	1	0	0	0	1
10237_sub1	1	10	8	2	8	2	0	0
10238_sub0	1	7	2	5	2	5	0	0
10238_sub1	0	1	1	0	0	0	1	0
10244_sub0	0	1	1	0	0	0	1	0
10244_sub1	0	1	0	1	0	0	0	1
10244_sub2	0	1	0	1	0	0	0	1
10244_sub3	0	1	0	1	0	0	0	1
10244_sub4	0	1	1	0	0	0	1	0
10244_sub5	0	1	1	0	0	0	1	0
10244_sub6	0	1	0	1	0	0	0	1
10244_sub7	0	1	0	1	0	0	0	1
10244_sub8	0	1	1	0	0	0	1	0
10246_sub0	1	9	4	5	4	5	0	0
10246_sub1	0	1	1	0	0	0	1	0
10246_sub2	0	1	1	0	0	0	1	0
10246_sub3	0	1	1	0	0	0	1	0
10249_sub0	0	1	1	0	0	0	1	0
10249_sub1	0	1	0	1	0	0	0	1
10249_sub2	0	1	1	0	0	0	1	0
10249_sub3	0	1	1	0	0	0	1	0
10249_sub4	0	1	0	1	0	0	0	1
10249_sub5	0	1	0	1	0	0	0	1
10255_sub0	0	1	0	1	0	0	0	1
10255_sub1	0	1	1	0	0	0	1	0
10255_sub2	0	1	1	0	0	0	1	0
10255_sub3	0	1	0	1	0	0	0	1
10255_sub4	0	1	0	1	0	0	0	1
10255_sub5	0	1	1	0	0	0	1	0
10258_sub0	1	9	6	3	6	3	0	0
10258_sub1	0	1	1	0	0	0	1	0
10258_sub2	0	1	1	0	0	0	1	0
10258_sub3	0	1	0	1	0	0	0	1
10258_sub4	0	1	0	1	0	0	0	1
10258_sub5	0	1	1	0	0	0	1	0
10258_sub6	0	1	0	1	0	0	0	1
10259_sub0	0	1	0	1	0	0	0	1
10259_sub1	0	1	0	1	0	0	0	1
10259_sub2	0	1	1	0	0	0	1	0
10259_sub3	0	1	1	0	0	0	1	0
10259_sub4	0	1	1	0	0	0	1	0
10259_sub5	0	1	0	1	0	0	0	1
10259_sub6	0	1	0	1	0	0	0	1
10264_sub0	0	1	1	0	0	0	1	0
10264_sub1	0	1	0	1	0	0	0	1
10264_sub2	0	1	0	1	0	0	0	1
10264_sub3	0	1	1	0	0	0	1	0
10264_sub4	0	1	0	1	0	0	0	1
10264_sub5	0	1	1	0	0	0	1	0
10266_sub0	0	1	1	0	0	0	1	0
10266_sub1	0	1	1	0	0	0	1	0
10266_sub2	0	1	0	1	0	0	0	1
10266_sub3	0	1	1	0	0	0	1	0
10266_sub4	0	1	1	0	0	0	1	0
10266_sub5	0	1	0	1	0	0	0	1
1027_sub0	0	1	1	0	0	0	1	0
1027_sub1	1	11	3	8	3	8	0	0
1027_sub2	0	1	1	0	0	0	1	0
1027_sub3	0	1	1	0	0	0	1	0
1027_sub4	0	1	0	1	0	0	0	1
1027_sub5	0	1	0	1	0	0	0	1
10278_sub0	0	1	0	1	0	0	0	1
10278_sub1	0	1	1	0	0	0	1	0
10278_sub2	0	1	1	0	0	0	1	0
10278_sub3	0	1	1	0	0	0	1	0
10278_sub4	0	1	0	1	0	0	0	1
10278_sub5	0	1	1	0	0	0	1	0
10279_sub0	0	1	0	1	0	0	0	1
10279_sub1	0	1	0	1	0	0	0	1
10279_sub2	0	1	0	1	0	0	0	1
10279_sub3	0	2	1	1	0	0	1	1
10279_sub4	0	1	1	0	0	0	1	0
1028_sub0	0	1	0	1	0	0	0	1
1028_sub1	0	1	0	1	0	0	0	1
1028_sub2	0	1	1	0	0	0	1	0
1028_sub3	1	18	13	5	13	5	0	0
1028_sub4	0	1	1	0	0	0	1	0
1028_sub5	0	1	1	0	0	0	1	0
1028_sub6	0	1	1	0	0	0	1	0
10285_sub0	0	1	1	0	0	0	1	0
10285_sub1	0	1	1	0	0	0	1	0
10285_sub2	0	1	1	0	0	0	1	0
10285_sub3	0	1	1	0	0	0	1	0
10285_sub4	0	1	0	1	0	0	0	1
10285_sub5	0	1	1	0	0	0	1	0
10285_sub6	0	1	1	0	0	0	1	0
10285_sub7	0	1	1	0	0	0	1	0
10285_sub8	0	1	0	1	0	0	0	1
10286_sub0	1	12	6	6	6	6	0	0
10286_sub1	0	1	1	0	0	0	1	0
10287_sub0	0	1	1	0	0	0	1	0
10287_sub1	0	1	1	0	0	0	1	0
10287_sub2	0	1	1	0	0	0	1	0
10287_sub3	0	1	0	1	0	0	0	1
10287_sub4	0	1	1	0	0	0	1	0
10287_sub5	0	1	1	0	0	0	1	0
10287_sub6	0	1	1	0	0	0	1	0
10289_sub0	1	12	5	7	5	7	0	0
10289_sub1	0	1	0	1	0	0	0	1
10289_sub2	0	1	0	1	0	0	0	1
10289_sub3	0	1	0	1	0	0	0	1
10289_sub4	0	1	1	0	0	0	1	0
10290_sub0	1	11	6	5	6	5	0	0
10290_sub1	0	1	0	1	0	0	0	1
10290_sub2	0	1	0	1	0	0	0	1
10290_sub3	0	1	1	0	0	0	1	0
10290_sub4	0	1	1	0	0	0	1	0
10293_sub0	1	18	11	7	11	7	0	0
10293_sub1	0	1	1	0	0	0	1	0
10293_sub2	0	1	1	0	0	0	1	0
10295_sub0	1	13	6	7	6	7	0	0
10295_sub1	0	1	1	0	0	0	1	0
10295_sub2	0	1	1	0	0	0	1	0
10295_sub3	0	1	0	1	0	0	0	1
10297_sub0	1	13	7	6	7	6	0	0
10297_sub1	0	1	1	0	0	0	1	0
10304_sub0	1	15	7	8	7	8	0	0
10304_sub1	0	1	0	1	0	0	0	1
10304_sub2	0	1	1	0	0	0	1	0
10304_sub3	0	1	0	1	0	0	0	1
1031_sub0	0	1	1	0	0	0	1	0
1031_sub1	0	1	1	0	0	0	1	0
1031_sub2	0	1	0	1	0	0	0	1
1031_sub3	1	24	18	6	14	6	4	0
1031_sub4	0	1	1	0	0	0	1	0
1031_sub5	0	1	0	1	0	0	0	1
1031_sub6	0	2	0	2	0	0	0	2
10313_sub0	0	1	1	0	0	0	1	0
10313_sub1	0	1	1	0	0	0	1	0
10313_sub2	0	1	0	1	0	0	0	1
10313_sub3	0	1	1	0	0	0	1	0
10313_sub4	0	1	0	1	0	0	0	1
10313_sub5	0	1	0	1	0	0	0	1
10314_sub0	0	1	0	1	0	0	0	1
10314_sub1	0	1	1	0	0	0	1	0
10314_sub2	0	1	1	0	0	0	1	0
10314_sub3	0	1	0	1	0	0	0	1
10314_sub4	0	1	1	0	0	0	1	0
10314_sub5	0	1	1	0	0	0	1	0
10314_sub6	0	1	1	0	0	0	1	0
1032_sub0	0	1	1	0	0	0	1	0
1032_sub1	1	16	8	8	8	8	0	0
1032_sub2	0	1	0	1	0	0	0	1
1032_sub3	0	1	1	0	0	0	1	0
10320_sub0	0	1	1	0	0	0	1	0
10320_sub1	0	1	0	1	0	0	0	1
10320_sub2	0	1	1	0	0	0	1	0
10320_sub3	0	1	1	0	0	0	1	0
10320_sub4	0	1	0	1	0	0	0	1
10320_sub5	0	1	1	0	0	0	1	0
10320_sub6	0	1	1	0	0	0	1	0
10321_sub0	0	1	1	0	0	0	1	0
10321_sub1	0	1	1	0	0	0	1	0
10321_sub2	0	1	1	0	0	0	1	0
10321_sub3	0	1	1	0	0	0	1	0
10321_sub4	0	1	0	1	0	0	0	1
10321_sub5	0	1	0	1	0	0	0	1
10321_sub6	0	1	1	0	0	0	1	0
10324_sub0	1	23	10	13	10	10	0	3
10324_sub1	0	1	0	1	0	0	0	1
10324_sub2	0	1	1	0	0	0	1	0
10324_sub3	0	1	0	1	0	0	0	1
10324_sub4	0	1	0	1	0	0	0	1
10324_sub5	0	1	0	1	0	0	0	1
10324_sub6	0	1	1	0	0	0	1	0
10326_sub0	1	17	11	6	11	6	0	0
10326_sub1	0	1	1	0	0	0	1	0
10328_sub0	1	18	11	7	11	7	0	0
10328_sub1	0	1	1	0	0	0	1	0
10328_sub2	0	1	1	0	0	0	1	0
10328_sub3	0	1	1	0	0	0	1	0
10328_sub4	0	1	0	1	0	0	0	1
10328_sub5	0	1	1	0	0	0	1	0
10332_sub0	0	1	1	0	0	0	1	0
10332_sub1	1	9	4	5	4	5	0	0
10332_sub2	0	1	1	0	0	0	1	0
10332_sub3	0	1	1	0	0	0	1	0
10332_sub4	0	1	0	1	0	0	0	1
10332_sub5	0	1	0	1	0	0	0	1
10347_sub0	0	1	0	1	0	0	0	1
10347_sub1	0	1	1	0	0	0	1	0
10347_sub2	0	1	1	0	0	0	1	0
10347_sub3	0	1	1	0	0	0	1	0
10347_sub4	0	1	0	1	0	0	0	1
10347_sub5	0	1	1	0	0	0	1	0
10347_sub6	0	1	1	0	0	0	1	0
10347_sub7	0	1	1	0	0	0	1	0
10350_sub0	0	1	1	0	0	0	1	0
10350_sub1	0	1	1	0	0	0	1	0
10350_sub2	0	1	1	0	0	0	1	0
10350_sub3	0	1	1	0	0	0	1	0
10350_sub4	0	2	1	1	0	0	1	1
10350_sub5	0	1	1	0	0	0	1	0
10350_sub6	0	1	0	1	0	0	0	1
10350_sub7	0	1	0	1	0	0	0	1
10350_sub8	0	1	0	1	0	0	0	1
10350_sub9	0	1	0	1	0	0	0	1
10350_sub10	0	1	1	0	0	0	1	0
10351_sub0	0	1	0	1	0	0	0	1
10351_sub1	0	4	2	2	0	0	2	2
10351_sub2	0	1	1	0	0	0	1	0
10352_sub0	0	1	1	0	0	0	1	0
10352_sub1	0	1	0	1	0	0	0	1
10352_sub2	1	15	10	5	10	5	0	0
10352_sub3	0	1	0	1	0	0	0	1
10352_sub4	0	1	0	1	0	0	0	1
10358_sub0	0	1	0	1	0	0	0	1
10358_sub1	0	1	0	1	0	0	0	1
10358_sub2	0	1	1	0	0	0	1	0
10358_sub3	0	1	0	1	0	0	0	1
10358_sub4	0	1	1	0	0	0	1	0
10358_sub5	0	1	0	1	0	0	0	1
10365_sub0	0	1	1	0	0	0	1	0
10365_sub1	0	1	0	1	0	0	0	1
10365_sub2	0	1	0	1	0	0	0	1
10365_sub3	0	1	0	1	0	0	0	1
10365_sub4	0	1	0	1	0	0	0	1
10365_sub5	0	1	1	0	0	0	1	0
10367_sub0	1	6	2	4	2	4	0	0
10367_sub1	0	1	0	1	0	0	0	1
10367_sub2	0	1	1	0	0	0	1	0
10367_sub3	0	1	1	0	0	0	1	0
10367_sub4	0	1	0	1	0	0	0	1
10377_sub0	1	12	2	10	2	10	0	0
10377_sub1	0	1	0	1	0	0	0	1
10378_sub0	1	17	6	11	6	11	0	0
10378_sub1	0	1	0	1	0	0	0	1
10378_sub2	0	1	0	1	0	0	0	1
10378_sub3	0	1	0	1	0	0	0	1
10378_sub4	0	1	1	0	0	0	1	0
10378_sub5	0	1	0	1	0	0	0	1
10378_sub6	0	1	0	1	0	0	0	1
10378_sub7	0	1	1	0	0	0	1	0
10378_sub8	0	1	1	0	0	0	1	0
104_sub0	0	1	0	1	0	0	0	1
104_sub1	0	1	0	1	0	0	0	1
104_sub2	0	1	0	1	0	0	0	1
104_sub3	0	1	1	0	0	0	1	0
104_sub4	0	1	0	1	0	0	0	1
104_sub5	0	1	1	0	0	0	1	0
10405_sub0	0	1	0	1	0	0	0	1
10405_sub1	0	1	0	1	0	0	0	1
10405_sub2	0	1	1	0	0	0	1	0
10405_sub3	0	1	0	1	0	0	0	1
10405_sub4	0	1	1	0	0	0	1	0
10405_sub5	0	1	1	0	0	0	1	0
1041_sub0	0	1	0	1	0	0	0	1
1041_sub1	1	15	6	9	6	9	0	0
10412_sub0	0	1	0	1	0	0	0	1
10412_sub1	0	1	1	0	0	0	1	0
10412_sub2	0	3	2	1	0	0	2	1
10412_sub3	0	1	0	1	0	0	0	1
10412_sub4	0	1	0	1	0	0	0	1
10412_sub5	0	1	0	1	0	0	0	1
10425_sub0	0	1	0	1	0	0	0	1
10425_sub1	0	1	1	0	0	0	1	0
10425_sub2	0	1	1	0	0	0	1	0
10425_sub3	0	1	1	0	0	0	1	0
10425_sub4	0	1	0	1	0	0	0	1
10425_sub5	0	1	0	1	0	0	0	1
10425_sub6	0	1	1	0	0	0	1	0
10425_sub7	0	1	1	0	0	0	1	0
10425_sub8	0	1	1	0	0	0	1	0
10425_sub9	0	1	1	0	0	0	1	0
10428_sub0	1	15	9	6	9	6	0	0
10428_sub1	0	1	0	1	0	0	0	1
10428_sub2	0	1	1	0	0	0	1	0
10429_sub0	0	1	0	1	0	0	0	1
10429_sub1	0	1	1	0	0	0	1	0
10429_sub2	0	1	0	1	0	0	0	1
10429_sub3	0	1	1	0	0	0	1	0
10429_sub4	0	1	0	1	0	0	0	1
10429_sub5	0	1	1	0	0	0	1	0
10429_sub6	0	1	0	1	0	0	0	1
10432_sub0	1	18	8	10	8	10	0	0
10432_sub1	0	1	0	1	0	0	0	1
10432_sub2	0	1	0	1	0	0	0	1
10432_sub3	0	1	1	0	0	0	1	0
10432_sub4	0	1	1	0	0	0	1	0
10436_sub0	0	1	0	1	0	0	0	1
10436_sub1	1	11	3	8	3	8	0	0
10436_sub2	0	1	1	0	0	0	1	0
10436_sub3	0	1	0	1	0	0	0	1
10436_sub4	0	1	1	0	0	0	1	0
10436_sub5	0	1	1	0	0	0	1	0
1044_sub0	0	1	0	1	0	0	0	1
1044_sub1	1	21	11	10	10	10	1	0
1044_sub2	0	1	0	1	0	0	0	1
1044_sub3	0	1	1	0	0	0	1	0
10440_sub0	0	1	1	0	0	0	1	0
10440_sub1	1	6	1	5	1	5	0	0
10441_sub0	0	1	0	1	0	0	0	1
10441_sub1	0	1	1	0	0	0	1	0
10441_sub2	0	1	0	1	0	0	0	1
10441_sub3	0	1	1	0	0	0	1	0
10441_sub4	0	1	0	1	0	0	0	1
10441_sub5	0	1	1	0	0	0	1	0
10441_sub6	0	1	0	1	0	0	0	1
10441_sub7	0	1	0	1	0	0	0	1
10441_sub8	0	1	1	0	0	0	1	0
10441_sub9	0	1	1	0	0	0	1	0
10441_sub10	0	1	0	1	0	0	0	1
10441_sub11	0	1	1	0	0	0	1	0
10442_sub0	0	1	1	0	0	0	1	0
10442_sub1	0	1	1	0	0	0	1	0
10442_sub2	0	1	1	0	0	0	1	0
10442_sub3	0	1	0	1	0	0	0	1
10442_sub4	0	1	1	0	0	0	1	0
10442_sub5	0	1	0	1	0	0	0	1
10442_sub6	0	1	0	1	0	0	0	1
10444_sub0	1	12	8	4	8	4	0	0
10444_sub1	0	2	1	1	0	0	1	1
10444_sub2	0	1	1	0	0	0	1	0
10444_sub3	0	1	1	0	0	0	1	0
10444_sub4	0	1	1	0	0	0	1	0
10444_sub5	0	1	0	1	0	0	0	1
10444_sub6	0	1	1	0	0	0	1	0
10444_sub7	0	1	0	1	0	0	0	1
10444_sub8	0	1	1	0	0	0	1	0
10447_sub0	0	1	0	1	0	0	0	1
10447_sub1	1	8	5	3	5	3	0	0
10447_sub2	0	1	1	0	0	0	1	0
10447_sub3	0	1	0	1	0	0	0	1
10448_sub0	0	1	1	0	0	0	1	0
10448_sub1	1	9	4	5	4	5	0	0
10448_sub2	0	1	1	0	0	0	1	0
10449_sub0	0	1	0	1	0	0	0	1
10449_sub1	1	10	4	6	4	6	0	0
10450_sub0	1	6	3	3	3	3	0	0
10450_sub1	0	1	1	0	0	0	1	0
10450_sub2	0	1	1	0	0	0	1	0
10457_sub0	0	1	1	0	0	0	1	0
10457_sub1	0	1	0	1	0	0	0	1
10457_sub2	0	1	0	1	0	0	0	1
10457_sub3	0	1	1	0	0	0	1	0
10457_sub4	0	1	0	1	0	0	0	1
10457_sub5	0	1	0	1	0	0	0	1
10463_sub0	0	1	0	1	0	0	0	1
10463_sub1	0	1	1	0	0	0	1	0
10463_sub2	0	1	1	0	0	0	1	0
10463_sub3	0	1	1	0	0	0	1	0
10463_sub4	0	1	1	0	0	0	1	0
10463_sub5	0	1	1	0	0	0	1	0
10468_sub0	0	1	0	1	0	0	0	1
10468_sub1	0	1	1	0	0	0	1	0
10468_sub2	0	1	1	0	0	0	1	0
10468_sub3	0	1	1	0	0	0	1	0
10468_sub4	0	1	1	0	0	0	1	0
10468_sub5	0	1	1	0	0	0	1	0
10487_sub0	0	1	0	1	0	0	0	1
10487_sub1	1	7	2	5	2	5	0	0
10487_sub2	0	1	1	0	0	0	1	0
10492_sub0	1	8	3	5	3	5	0	0
10492_sub1	0	1	1	0	0	0	1	0
10494_sub0	1	9	6	3	6	3	0	0
10494_sub1	0	1	0	1	0	0	0	1
10495_sub0	0	1	1	0	0	0	1	0
10495_sub1	1	6	2	4	2	4	0	0
10495_sub2	0	1	0	1	0	0	0	1
10495_sub3	0	1	0	1	0	0	0	1
10495_sub4	0	1	1	0	0	0	1	0
10521_sub0	0	1	0	1	0	0	0	1
10521_sub1	0	1	0	1	0	0	0	1
10521_sub2	0	1	0	1	0	0	0	1
10521_sub3	0	1	1	0	0	0	1	0
10521_sub4	0	1	0	1	0	0	0	1
10521_sub5	0	1	1	0	0	0	1	0
10523_sub0	0	1	1	0	0	0	1	0
10523_sub1	0	4	3	1	0	0	3	1
10523_sub2	0	1	1	0	0	0	1	0
10523_sub3	0	1	1	0	0	0	1	0
10532_sub0	0	1	1	0	0	0	1	0
10532_sub1	0	1	1	0	0	0	1	0
10532_sub2	0	1	1	0	0	0	1	0
10532_sub3	0	1	1	0	0	0	1	0
10532_sub4	0	1	1	0	0	0	1	0
10532_sub5	0	1	0	1	0	0	0	1
10532_sub6	0	1	0	1	0	0	0	1
10534_sub0	0	1	0	1	0	0	0	1
10534_sub1	0	1	1	0	0	0	1	0
10534_sub2	0	1	1	0	0	0	1	0
10534_sub3	0	1	0	1	0	0	0	1
10534_sub4	0	1	1	0	0	0	1	0
10534_sub5	0	1	1	0	0	0	1	0
10534_sub6	0	1	0	1	0	0	0	1
10535_sub0	0	1	1	0	0	0	1	0
10535_sub1	0	1	1	0	0	0	1	0
10535_sub2	0	1	1	0	0	0	1	0
10535_sub3	0	1	1	0	0	0	1	0
10535_sub4	0	1	0	1	0	0	0	1
10535_sub5	0	1	0	1	0	0	0	1
10551_sub0	0	1	0	1	0	0	0	1
10551_sub1	0	1	0	1	0	0	0	1
10551_sub2	0	1	0	1	0	0	0	1
10551_sub3	0	1	1	0	0	0	1	0
10551_sub4	0	1	1	0	0	0	1	0
10551_sub5	0	1	0	1	0	0	0	1
10553_sub0	0	1	0	1	0	0	0	1
10553_sub1	0	1	1	0	0	0	1	0
10553_sub2	0	1	1	0	0	0	1	0
10553_sub3	0	1	1	0	0	0	1	0
10553_sub4	0	1	0	1	0	0	0	1
10553_sub5	0	1	1	0	0	0	1	0
10553_sub6	0	1	1	0	0	0	1	0
10553_sub7	0	1	0	1	0	0	0	1
10556_sub0	0	1	0	1	0	0	0	1
10556_sub1	0	1	1	0	0	0	1	0
10556_sub2	0	1	0	1	0	0	0	1
10556_sub3	0	1	0	1	0	0	0	1
10556_sub4	0	1	0	1	0	0	0	1
10556_sub5	0	1	1	0	0	0	1	0
1056_sub0	0	1	0	1	0	0	0	1
1056_sub1	0	1	0	1	0	0	0	1
1056_sub2	0	4	4	0	0	0	4	0
1056_sub3	0	1	1	0	0	0	1	0
1056_sub4	0	1	1	0	0	0	1	0
1056_sub5	0	1	0	1	0	0	0	1
10561_sub0	1	10	4	6	4	6	0	0
10561_sub1	0	1	1	0	0	0	1	0
10561_sub2	0	1	0	1	0	0	0	1
10561_sub3	0	1	0	1	0	0	0	1
10563_sub0	0	1	0	1	0	0	0	1
10563_sub1	0	1	1	0	0	0	1	0
10563_sub2	0	1	0	1	0	0	0	1
10563_sub3	0	1	0	1	0	0	0	1
10563_sub4	0	1	1	0	0	0	1	0
10563_sub5	0	1	0	1	0	0	0	1
10563_sub6	0	1	0	1	0	0	0	1
10578_sub0	1	24	9	15	9	11	0	4
10578_sub1	0	1	0	1	0	0	0	1
10578_sub2	0	1	1	0	0	0	1	0
10578_sub3	0	1	1	0	0	0	1	0
10578_sub4	0	1	1	0	0	0	1	0
10578_sub5	0	1	0	1	0	0	0	1
10578_sub6	0	1	1	0	0	0	1	0
10578_sub7	0	1	1	0	0	0	1	0
10578_sub8	0	1	1	0	0	0	1	0
10578_sub9	0	1	1	0	0	0	1	0
10578_sub10	0	1	0	1	0	0	0	1
10579_sub0	0	1	0	1	0	0	0	1
10579_sub1	0	1	0	1	0	0	0	1
10579_sub2	0	1	1	0	0	0	1	0
10579_sub3	0	1	0	1	0	0	0	1
10579_sub4	0	1	1	0	0	0	1	0
10579_sub5	0	1	0	1	0	0	0	1
10581_sub0	0	1	1	0	0	0	1	0
10581_sub1	0	1	1	0	0	0	1	0
10581_sub2	0	1	1	0	0	0	1	0
10581_sub3	0	1	0	1	0	0	0	1
10581_sub4	0	1	1	0	0	0	1	0
10581_sub5	0	1	0	1	0	0	0	1
10589_sub0	0	1	1	0	0	0	1	0
10589_sub1	1	11	7	4	7	4	0	0
10589_sub2	0	2	0	2	0	0	0	2
1059_sub0	0	1	0	1	0	0	0	1
1059_sub1	0	1	0	1	0	0	0	1
1059_sub2	0	1	0	1	0	0	0	1
1059_sub3	0	4	2	2	0	0	2	2
1059_sub4	0	1	0	1	0	0	0	1
10594_sub0	0	1	0	1	0	0	0	1
10594_sub1	0	1	0	1	0	0	0	1
10594_sub2	0	1	0	1	0	0	0	1
10594_sub3	0	1	0	1	0	0	0	1
10594_sub4	0	1	0	1	0	0	0	1
10594_sub5	0	1	1	0	0	0	1	0
10598_sub0	1	8	5	3	5	3	0	0
10598_sub1	0	1	0	1	0	0	0	1
10600_sub0	0	1	0	1	0	0	0	1
10600_sub1	0	1	0	1	0	0	0	1
10600_sub2	0	1	1	0	0	0	1	0
10600_sub3	0	1	0	1	0	0	0	1
10600_sub4	0	1	1	0	0	0	1	0
10600_sub5	0	1	1	0	0	0	1	0
10606_sub0	0	1	1	0	0	0	1	0
10606_sub1	0	1	0	1	0	0	0	1
10606_sub2	0	1	1	0	0	0	1	0
10606_sub3	0	1	1	0	0	0	1	0
10606_sub4	0	1	1	0	0	0	1	0
10606_sub5	0	1	0	1	0	0	0	1
10606_sub6	0	1	1	0	0	0	1	0
10606_sub7	0	1	1	0	0	0	1	0
10606_sub8	0	1	0	1	0	0	0	1
10606_sub9	0	1	0	1	0	0	0	1
10606_sub10	0	1	1	0	0	0	1	0
10607_sub0	1	17	9	8	9	8	0	0
10607_sub1	0	1	0	1	0	0	0	1
10607_sub2	0	1	1	0	0	0	1	0
10607_sub3	0	1	1	0	0	0	1	0
10607_sub4	0	1	0	1	0	0	0	1
10607_sub5	0	1	1	0	0	0	1	0
10607_sub6	0	1	1	0	0	0	1	0
10612_sub0	0	1	1	0	0	0	1	0
10612_sub1	0	1	0	1	0	0	0	1
10612_sub2	0	1	1	0	0	0	1	0
10612_sub3	0	1	0	1	0	0	0	1
10612_sub4	0	1	1	0	0	0	1	0
10612_sub5	0	1	0	1	0	0	0	1
10612_sub6	0	1	1	0	0	0	1	0
10617_sub0	0	3	3	0	0	0	3	0
10617_sub1	0	1	1	0	0	0	1	0
10617_sub2	0	1	0	1	0	0	0	1
10617_sub3	0	1	1	0	0	0	1	0
10627_sub0	0	1	0	1	0	0	0	1
10627_sub1	0	1	0	1	0	0	0	1
10627_sub2	0	1	0	1	0	0	0	1
10627_sub3	0	1	1	0	0	0	1	0
10627_sub4	0	1	0	1	0	0	0	1
10627_sub5	0	1	1	0	0	0	1	0
10627_sub6	0	1	0	1	0	0	0	1
10632_sub0	0	2	1	1	0	0	1	1
10632_sub1	0	1	0	1	0	0	0	1
10632_sub2	0	1	1	0	0	0	1	0
10632_sub3	0	1	1	0	0	0	1	0
10632_sub4	0	1	1	0	0	0	1	0
10632_sub5	0	1	1	0	0	0	1	0
10632_sub6	0	1	1	0	0	0	1	0
10632_sub7	0	1	1	0	0	0	1	0
10634_sub0	1	13	7	6	7	6	0	0
10634_sub1	0	1	1	0	0	0	1	0
10634_sub2	0	1	1	0	0	0	1	0
10634_sub3	0	1	0	1	0	0	0	1
10634_sub4	0	1	1	0	0	0	1	0
10634_sub5	0	1	0	1	0	0	0	1
10634_sub6	0	1	1	0	0	0	1	0
1064_sub0	0	1	0	1	0	0	0	1
1064_sub1	0	3	2	1	0	0	2	1
1064_sub2	0	1	0	1	0	0	0	1
1064_sub3	0	1	1	0	0	0	1	0
1064_sub4	0	1	0	1	0	0	0	1
1064_sub5	0	1	0	1	0	0	0	1
10650_sub0	0	1	0	1	0	0	0	1
10650_sub1	0	1	1	0	0	0	1	0
10650_sub2	0	1	0	1	0	0	0	1
10650_sub3	0	1	0	1	0	0	0	1
10650_sub4	0	1	1	0	0	0	1	0
10650_sub5	0	1	1	0	0	0	1	0
10650_sub6	0	1	0	1	0	0	0	1
10650_sub7	0	1	0	1	0	0	0	1
10655_sub0	0	1	0	1	0	0	0	1
10655_sub1	0	1	0	1	0	0	0	1
10655_sub2	0	1	1	0	0	0	1	0
10655_sub3	0	1	0	1	0	0	0	1
10655_sub4	0	1	1	0	0	0	1	0
10655_sub5	0	1	1	0	0	0	1	0
10657_sub0	1	15	8	7	8	7	0	0
10657_sub1	0	1	0	1	0	0	0	1
10657_sub2	0	1	0	1	0	0	0	1
10657_sub3	0	1	0	1	0	0	0	1
10657_sub4	0	1	0	1	0	0	0	1
10657_sub5	0	1	0	1	0	0	0	1
10657_sub6	0	1	0	1	0	0	0	1
1066_sub0	0	1	1	0	0	0	1	0
1066_sub1	1	15	9	6	9	6	0	0
1066_sub2	0	1	0	1	0	0	0	1
1066_sub3	0	1	0	1	0	0	0	1
10666_sub0	0	1	0	1	0	0	0	1
10666_sub1	0	1	0	1	0	0	0	1
10666_sub2	0	1	0	1	0	0	0	1
10666_sub3	0	1	1	0	0	0	1	0
10666_sub4	0	1	1	0	0	0	1	0
10666_sub5	0	1	1	0	0	0	1	0
10666_sub6	0	1	0	1	0	0	0	1
1067_sub0	0	1	1	0	0	0	1	0
1067_sub1	0	1	1	0	0	0	1	0
1067_sub2	1	7	5	2	5	2	0	0
1067_sub3	0	1	1	0	0	0	1	0
1067_sub4	0	1	0	1	0	0	0	1
1067_sub5	0	1	0	1	0	0	0	1
10679_sub0	0	1	0	1	0	0	0	1
10679_sub1	0	1	0	1	0	0	0	1
10679_sub2	0	1	1	0	0	0	1	0
10679_sub3	0	1	1	0	0	0	1	0
10679_sub4	0	1	1	0	0	0	1	0
10679_sub5	0	1	0	1	0	0	0	1
10679_sub6	0	1	1	0	0	0	1	0
1068_sub0	0	1	0	1	0	0	0	1
1068_sub1	0	1	1	0	0	0	1	0
1068_sub2	1	19	11	8	11	8	0	0
1068_sub3	0	1	0	1	0	0	0	1
1068_sub4	0	1	0	1	0	0	0	1
1068_sub5	0	1	1	0	0	0	1	0
1068_sub6	0	1	1	0	0	0	1	0
10688_sub0	0	1	1	0	0	0	1	0
10688_sub1	0	3	2	1	0	0	2	1
10688_sub2	0	1	1	0	0	0	1	0
10688_sub3	0	1	0	1	0	0	0	1
10688_sub4	0	1	1	0	0	0	1	0
10688_sub5	0	1	1	0	0	0	1	0
10688_sub6	0	1	0	1	0	0	0	1
10691_sub0	0	1	0	1	0	0	0	1
10691_sub1	0	1	1	0	0	0	1	0
10691_sub2	1	13	5	8	5	8	0	0
10691_sub3	0	1	0	1	0	0	0	1
10693_sub0	1	11	5	6	5	6	0	0
10693_sub1	0	1	1	0	0	0	1	0
10693_sub2	0	1	0	1	0	0	0	1
10693_sub3	0	1	0	1	0	0	0	1
10694_sub0	1	11	5	6	5	6	0	0
10694_sub1	0	1	0	1	0	0	0	1
10694_sub2	0	1	1	0	0	0	1	0
10694_sub3	0	1	0	1	0	0	0	1
10694_sub4	0	1	0	1	0	0	0	1
10694_sub5	0	1	0	1	0	0	0	1
10694_sub6	0	1	0	1	0	0	0	1
10694_sub7	0	1	0	1	0	0	0	1
10696_sub0	0	1	0	1	0	0	0	1
10696_sub1	0	1	0	1	0	0	0	1
10696_sub2	0	1	1	0	0	0	1	0
10696_sub3	0	1	0	1	0	0	0	1
10696_sub4	0	1	1	0	0	0	1	0
10696_sub5	0	1	1	0	0	0	1	0
1070_sub0	0	1	0	1	0	0	0	1
1070_sub1	1	20	10	10	10	10	0	0
1070_sub2	0	1	0	1	0	0	0	1
1070_sub3	0	1	0	1	0	0	0	1
10700_sub0	1	14	5	9	5	9	0	0
10700_sub1	0	1	1	0	0	0	1	0
10700_sub2	0	1	1	0	0	0	1	0
10704_sub0	1	6	5	1	5	1	0	0
10704_sub1	0	1	1	0	0	0	1	0
10711_sub0	0	1	0	1	0	0	0	1
10711_sub1	1	6	4	2	4	2	0	0
10711_sub2	0	1	1	0	0	0	1	0
10711_sub3	0	1	0	1	0	0	0	1
10715_sub0	1	8	2	6	2	6	0	0
10715_sub1	0	1	1	0	0	0	1	0
10715_sub2	0	1	1	0	0	0	1	0
10719_sub0	0	1	1	0	0	0	1	0
10719_sub1	0	1	0	1	0	0	0	1
10719_sub2	0	1	1	0	0	0	1	0
10719_sub3	0	1	1	0	0	0	1	0
10719_sub4	0	1	1	0	0	0	1	0
10719_sub5	0	1	1	0	0	0	1	0
10719_sub6	0	1	1	0	0	0	1	0
10719_sub7	0	1	1	0	0	0	1	0
10720_sub0	0	1	1	0	0	0	1	0
10720_sub1	0	1	1	0	0	0	1	0
10720_sub2	0	1	0	1	0	0	0	1
10720_sub3	0	1	0	1	0	0	0	1
10720_sub4	0	1	1	0	0	0	1	0
10720_sub5	0	1	0	1	0	0	0	1
10720_sub6	0	1	0	1	0	0	0	1
10722_sub0	0	1	1	0	0	0	1	0
10722_sub1	0	1	0	1	0	0	0	1
10722_sub2	0	1	0	1	0	0	0	1
10722_sub3	0	1	0	1	0	0	0	1
10722_sub4	0	1	0	1	0	0	0	1
10722_sub5	0	1	1	0	0	0	1	0
10725_sub0	0	1	0	1	0	0	0	1
10725_sub1	0	1	0	1	0	0	0	1
10725_sub2	0	1	0	1	0	0	0	1
10725_sub3	0	1	0	1	0	0	0	1
10725_sub4	0	1	1	0	0	0	1	0
10725_sub5	0	1	1	0	0	0	1	0
10725_sub6	0	1	0	1	0	0	0	1
10727_sub0	0	1	1	0	0	0	1	0
10727_sub1	0	1	0	1	0	0	0	1
10727_sub2	0	1	0	1	0	0	0	1
10727_sub3	0	1	0	1	0	0	0	1
10727_sub4	0	1	0	1	0	0	0	1
10727_sub5	0	1	1	0	0	0	1	0
1073_sub0	1	11	3	8	3	8	0	0
1073_sub1	0	1	0	1	0	0	0	1
1073_sub2	0	1	1	0	0	0	1	0
1073_sub3	0	1	1	0	0	0	1	0
10735_sub0	0	1	0	1	0	0	0	1
10735_sub1	0	1	1	0	0	0	1	0
10735_sub2	0	1	0	1	0	0	0	1
10735_sub3	0	2	1	1	0	0	1	1
10735_sub4	0	1	0	1	0	0	0	1
10735_sub5	0	1	0	1	0	0	0	1
1074_sub0	0	1	0	1	0	0	0	1
1074_sub1	1	14	7	7	7	7	0	0
1074_sub2	0	1	1	0	0	0	1	0
10745_sub0	1	7	4	3	4	3	0	0
10745_sub1	0	1	0	1	0	0	0	1
10753_sub0	0	1	0	1	0	0	0	1
10753_sub1	0	1	0	1	0	0	0	1
10753_sub2	0	1	1	0	0	0	1	0
10753_sub3	0	1	0	1	0	0	0	1
10753_sub4	0	1	1	0	0	0	1	0
10753_sub5	0	1	0	1	0	0	0	1
10762_sub0	1	10	5	5	5	5	0	0
10762_sub1	0	1	0	1	0	0	0	1
10762_sub2	0	1	1	0	0	0	1	0
10762_sub3	0	1	0	1	0	0	0	1
10762_sub4	0	1	0	1	0	0	0	1
10762_sub5	0	1	0	1	0	0	0	1
10763_sub0	0	1	1	0	0	0	1	0
10763_sub1	0	4	0	4	0	0	0	4
10763_sub2	0	1	1	0	0	0	1	0
10763_sub3	0	1	1	0	0	0	1	0
10763_sub4	0	1	0	1	0	0	0	1
10764_sub0	0	1	1	0	0	0	1	0
10764_sub1	0	1	0	1	0	0	0	1
10764_sub2	0	1	1	0	0	0	1	0
10764_sub3	0	1	0	1	0	0	0	1
10764_sub4	0	1	0	1	0	0	0	1
10764_sub5	0	1	1	0	0	0	1	0
10764_sub6	0	1	1	0	0	0	1	0
10764_sub7	0	1	1	0	0	0	1	0
10764_sub8	0	1	1	0	0	0	1	0
10768_sub0	0	1	1	0	0	0	1	0
10768_sub1	0	1	1	0	0	0	1	0
10768_sub2	0	1	1	0	0	0	1	0
10768_sub3	0	1	0	1	0	0	0	1
10768_sub4	0	1	1	0	0	0	1	0
10768_sub5	0	1	0	1	0	0	0	1
10772_sub0	0	1	0	1	0	0	0	1
10772_sub1	0	1	1	0	0	0	1	0
10772_sub2	0	1	0	1	0	0	0	1
10772_sub3	0	1	1	0	0	0	1	0
10772_sub4	0	1	1	0	0	0	1	0
10772_sub5	0	1	0	1	0	0	0	1
10777_sub0	1	15	7	8	7	8	0	0
10777_sub1	0	1	0	1	0	0	0	1
10777_sub2	0	1	1	0	0	0	1	0
10780_sub0	0	1	0	1	0	0	0	1
10780_sub1	0	1	0	1	0	0	0	1
10780_sub2	0	1	0	1	0	0	0	1
10780_sub3	0	1	0	1	0	0	0	1
10780_sub4	0	1	1	0	0	0	1	0
10780_sub5	0	1	0	1	0	0	0	1
10781_sub0	0	1	0	1	0	0	0	1
10781_sub1	0	1	0	1	0	0	0	1
10781_sub2	0	1	0	1	0	0	0	1
10781_sub3	0	1	0	1	0	0	0	1
10781_sub4	0	1	1	0	0	0	1	0
10781_sub5	0	1	1	0	0	0	1	0
10785_sub0	0	1	0	1	0	0	0	1
10785_sub1	0	5	1	4	0	0	1	4
10785_sub2	0	1	0	1	0	0	0	1
10785_sub3	0	1	0	1	0	0	0	1
10788_sub0	0	1	0	1	0	0	0	1
10788_sub1	1	7	3	4	3	4	0	0
10788_sub2	0	1	0	1	0	0	0	1
10788_sub3	0	1	1	0	0	0	1	0
10788_sub4	0	1	0	1	0	0	0	1
10788_sub5	1	10	8	2	8	2	0	0
10790_sub0	0	2	1	1	0	0	1	1
10790_sub1	0	1	1	0	0	0	1	0
10790_sub2	0	1	1	0	0	0	1	0
10790_sub3	0	1	0	1	0	0	0	1
10790_sub4	0	1	0	1	0	0	0	1
10790_sub5	0	1	1	0	0	0	1	0
10798_sub0	0	1	0	1	0	0	0	1
10798_sub1	1	9	4	5	4	5	0	0
10798_sub2	0	1	0	1	0	0	0	1
10798_sub3	0	1	0	1	0	0	0	1
10798_sub4	0	1	0	1	0	0	0	1
10798_sub5	0	1	0	1	0	0	0	1
10798_sub6	0	1	0	1	0	0	0	1
10803_sub0	1	11	5	6	5	6	0	0
10803_sub1	0	1	1	0	0	0	1	0
10803_sub2	0	1	0	1	0	0	0	1
10804_sub0	0	1	1	0	0	0	1	0
10804_sub1	0	1	1	0	0	0	1	0
10804_sub2	0	1	1	0	0	0	1	0
10804_sub3	0	1	1	0	0	0	1	0
10804_sub4	0	1	1	0	0	0	1	0
10804_sub5	0	1	1	0	0	0	1	0
10807_sub0	1	17	11	6	11	6	0	0
10807_sub1	0	1	0	1	0	0	0	1
10807_sub2	0	1	1	0	0	0	1	0
10807_sub3	0	1	0	1	0	0	0	1
10807_sub4	0	1	0	1	0	0	0	1
10807_sub5	0	1	0	1	0	0	0	1
10807_sub6	0	1	1	0	0	0	1	0
10820_sub0	1	21	14	7	13	7	1	0
10820_sub1	0	1	1	0	0	0	1	0
10820_sub2	0	1	1	0	0	0	1	0
10820_sub3	0	1	1	0	0	0	1	0
10820_sub4	0	1	0	1	0	0	0	1
10820_sub5	0	1	1	0	0	0	1	0
10820_sub6	0	1	1	0	0	0	1	0
10820_sub7	0	1	1	0	0	0	1	0
10822_sub0	1	10	7	3	7	3	0	0
10822_sub1	0	1	0	1	0	0	0	1
10822_sub2	0	1	1	0	0	0	1	0
10822_sub3	0	1	0	1	0	0	0	1
10822_sub4	0	1	1	0	0	0	1	0
10822_sub5	0	1	0	1	0	0	0	1
10822_sub6	0	1	1	0	0	0	1	0
10822_sub7	0	1	0	1	0	0	0	1
10822_sub8	0	1	0	1	0	0	0	1
10822_sub9	0	1	1	0	0	0	1	0
10822_sub10	0	1	0	1	0	0	0	1
10823_sub0	0	1	0	1	0	0	0	1
10823_sub1	0	1	1	0	0	0	1	0
10823_sub2	0	1	1	0	0	0	1	0
10823_sub3	0	1	1	0	0	0	1	0
10823_sub4	0	1	1	0	0	0	1	0
10823_sub5	0	1	0	1	0	0	0	1
10828_sub0	1	15	3	12	3	12	0	0
10837_sub0	0	1	1	0	0	0	1	0
10837_sub1	0	1	0	1	0	0	0	1
10837_sub2	0	1	1	0	0	0	1	0
10837_sub3	0	1	1	0	0	0	1	0
10837_sub4	0	1	1	0	0	0	1	0
10837_sub5	0	1	1	0	0	0	1	0
10838_sub0	1	9	4	5	4	5	0	0
10839_sub0	0	1	0	1	0	0	0	1
10839_sub1	0	1	0	1	0	0	0	1
10839_sub2	0	1	0	1	0	0	0	1
10839_sub3	0	1	0	1	0	0	0	1
10839_sub4	0	1	0	1	0	0	0	1
10839_sub5	0	1	0	1	0	0	0	1
10849_sub0	0	1	1	0	0	0	1	0
10849_sub1	0	1	0	1	0	0	0	1
10849_sub2	0	1	0	1	0	0	0	1
10849_sub3	0	1	1	0	0	0	1	0
10849_sub4	0	1	1	0	0	0	1	0
10849_sub5	0	1	1	0	0	0	1	0
1085_sub0	0	1	1	0	0	0	1	0
1085_sub1	0	5	4	1	0	0	4	1
10850_sub0	1	13	9	4	9	4	0	0
10850_sub1	0	1	0	1	0	0	0	1
10850_sub2	0	1	0	1	0	0	0	1
10850_sub3	0	1	0	1	0	0	0	1
10850_sub4	0	1	0	1	0	0	0	1
10854_sub0	0	1	0	1	0	0	0	1
10854_sub1	0	1	0	1	0	0	0	1
10854_sub2	0	1	1	0	0	0	1	0
10854_sub3	0	1	0	1	0	0	0	1
10854_sub4	0	1	1	0	0	0	1	0
10854_sub5	0	1	1	0	0	0	1	0
10861_sub0	0	1	0	1	0	0	0	1
10861_sub1	0	1	0	1	0	0	0	1
10861_sub2	0	1	1	0	0	0	1	0
10861_sub3	0	1	0	1	0	0	0	1
10861_sub4	0	1	0	1	0	0	0	1
10861_sub5	0	1	0	1	0	0	0	1
10861_sub6	0	1	0	1	0	0	0	1
10861_sub7	0	1	1	0	0	0	1	0
10861_sub8	0	1	1	0	0	0	1	0
10870_sub0	0	1	1	0	0	0	1	0
10870_sub1	0	1	0	1	0	0	0	1
10870_sub2	0	1	1	0	0	0	1	0
10870_sub3	0	1	1	0	0	0	1	0
10870_sub4	0	1	0	1	0	0	0	1
10870_sub5	0	1	0	1	0	0	0	1
10870_sub6	0	1	1	0	0	0	1	0
10871_sub0	0	1	1	0	0	0	1	0
10871_sub1	0	1	1	0	0	0	1	0
10871_sub2	0	1	1	0	0	0	1	0
10871_sub3	0	1	1	0	0	0	1	0
10871_sub4	0	1	0	1	0	0	0	1
10871_sub5	0	1	1	0	0	0	1	0
10871_sub6	0	1	1	0	0	0	1	0
10873_sub0	1	11	5	6	5	6	0	0
10873_sub1	0	1	0	1	0	0	0	1
10873_sub2	0	1	0	1	0	0	0	1
10873_sub3	0	1	0	1	0	0	0	1
1088_sub0	0	1	1	0	0	0	1	0
1088_sub1	1	23	9	14	9	11	0	3
10884_sub0	0	1	1	0	0	0	1	0
10884_sub1	1	7	4	3	4	3	0	0
10884_sub2	0	1	1	0	0	0	1	0
10884_sub3	0	1	0	1	0	0	0	1
10884_sub4	0	1	1	0	0	0	1	0
10884_sub5	0	1	1	0	0	0	1	0
10888_sub0	0	1	0	1	0	0	0	1
10888_sub1	0	1	1	0	0	0	1	0
10888_sub2	0	1	1	0	0	0	1	0
10888_sub3	0	1	0	1	0	0	0	1
10888_sub4	0	1	0	1	0	0	0	1
10888_sub5	0	1	0	1	0	0	0	1
10889_sub0	1	11	6	5	6	5	0	0
10889_sub1	0	1	1	0	0	0	1	0
10889_sub2	0	1	1	0	0	0	1	0
10889_sub3	0	1	0	1	0	0	0	1
10889_sub4	0	1	0	1	0	0	0	1
10889_sub5	0	1	0	1	0	0	0	1
10889_sub6	0	1	1	0	0	0	1	0
10889_sub7	0	1	0	1	0	0	0	1
10890_sub0	1	14	8	6	8	6	0	0
10890_sub1	0	1	1	0	0	0	1	0
10890_sub2	0	1	0	1	0	0	0	1
10890_sub3	0	1	0	1	0	0	0	1
10891_sub0	0	1	1	0	0	0	1	0
10891_sub1	0	1	0	1	0	0	0	1
10891_sub2	0	1	0	1	0	0	0	1
10891_sub3	0	1	1	0	0	0	1	0
10891_sub4	0	1	0	1	0	0	0	1
10891_sub5	0	1	1	0	0	0	1	0
10891_sub6	0	1	0	1	0	0	0	1
10892_sub0	0	1	1	0	0	0	1	0
10892_sub1	1	12	6	6	6	6	0	0
10892_sub2	0	1	1	0	0	0	1	0
10892_sub3	0	1	0	1	0	0	0	1
10894_sub0	0	1	1	0	0	0	1	0
10894_sub1	0	1	0	1	0	0	0	1
10894_sub2	0	1	1	0	0	0	1	0
10894_sub3	0	1	0	1	0	0	0	1
10894_sub4	0	1	1	0	0	0	1	0
10894_sub5	0	1	1	0	0	0	1	0
10895_sub0	1	8	4	4	4	4	0	0
10895_sub1	0	1	0	1	0	0	0	1
10895_sub2	0	1	0	1	0	0	0	1
10895_sub3	0	1	0	1	0	0	0	1
10898_sub0	0	1	0	1	0	0	0	1
10898_sub1	0	1	1	0	0	0	1	0
10898_sub2	0	1	0	1	0	0	0	1
10898_sub3	0	2	2	0	0	0	2	0
10898_sub4	0	1	1	0	0	0	1	0
10900_sub0	1	6	3	3	3	3	0	0
10900_sub1	0	1	1	0	0	0	1	0
10900_sub2	0	1	0	1	0	0	0	1
10908_sub0	0	1	0	1	0	0	0	1
10908_sub1	1	7	4	3	4	3	0	0
10908_sub2	0	1	0	1	0	0	0	1
10908_sub3	0	1	0	1	0	0	0	1
10908_sub4	0	1	0	1	0	0	0	1
1091_sub0	0	1	0	1	0	0	0	1
1091_sub1	1	6	2	4	2	4	0	0
1091_sub2	0	1	0	1	0	0	0	1
1091_sub3	0	1	0	1	0	0	0	1
1091_sub4	0	1	0	1	0	0	0	1
10910_sub0	0	1	1	0	0	0	1	0
10910_sub1	0	2	1	1	0	0	1	1
10910_sub2	0	1	1	0	0	0	1	0
10910_sub3	0	1	1	0	0	0	1	0
10910_sub4	0	1	0	1	0	0	0	1
10910_sub5	0	1	0	1	0	0	0	1
10915_sub0	0	4	2	2	0	0	2	2
10915_sub1	0	1	1	0	0	0	1	0
10915_sub2	0	1	0	1	0	0	0	1
10915_sub3	0	1	1	0	0	0	1	0
10915_sub4	0	1	0	1	0	0	0	1
1092_sub0	0	1	0	1	0	0	0	1
1092_sub1	0	4	3	1	0	0	3	1
1092_sub2	0	4	1	3	0	0	1	3
10927_sub0	0	1	1	0	0	0	1	0
10927_sub1	0	1	1	0	0	0	1	0
10927_sub2	0	1	1	0	0	0	1	0
10927_sub3	0	1	1	0	0	0	1	0
10927_sub4	0	1	1	0	0	0	1	0
10927_sub5	0	1	0	1	0	0	0	1
10928_sub0	1	9	5	4	5	4	0	0
10928_sub1	0	1	1	0	0	0	1	0
10928_sub2	0	1	0	1	0	0	0	1
10928_sub3	0	1	0	1	0	0	0	1
10928_sub4	0	1	1	0	0	0	1	0
10928_sub5	0	1	0	1	0	0	0	1
10928_sub6	0	1	1	0	0	0	1	0
10928_sub7	0	1	0	1	0	0	0	1
10932_sub0	0	1	1	0	0	0	1	0
10932_sub1	0	1	0	1	0	0	0	1
10932_sub2	0	1	1	0	0	0	1	0
10932_sub3	0	1	0	1	0	0	0	1
10932_sub4	0	1	0	1	0	0	0	1
10932_sub5	0	1	1	0	0	0	1	0
10932_sub6	0	1	1	0	0	0	1	0
10932_sub7	0	1	1	0	0	0	1	0
10932_sub8	0	1	0	1	0	0	0	1
10932_sub9	0	1	1	0	0	0	1	0
10932_sub10	0	1	0	1	0	0	0	1
10932_sub11	0	1	0	1	0	0	0	1
10932_sub12	0	1	1	0	0	0	1	0
10935_sub0	1	15	6	9	6	9	0	0
10935_sub1	0	1	0	1	0	0	0	1
10935_sub2	0	1	1	0	0	0	1	0
10935_sub3	0	1	0	1	0	0	0	1
10935_sub4	0	1	1	0	0	0	1	0
10935_sub5	0	1	0	1	0	0	0	1
10937_sub0	0	1	0	1	0	0	0	1
10937_sub1	1	8	6	2	6	2	0	0
10938_sub0	0	3	2	1	0	0	2	1
10938_sub1	0	1	1	0	0	0	1	0
10938_sub2	0	1	1	0	0	0	1	0
10938_sub3	0	1	0	1	0	0	0	1
10938_sub4	0	1	1	0	0	0	1	0
10938_sub5	0	1	0	1	0	0	0	1
1094_sub0	1	16	8	8	8	8	0	0
1094_sub1	0	1	0	1	0	0	0	1
10945_sub0	0	1	1	0	0	0	1	0
10945_sub1	0	1	1	0	0	0	1	0
10945_sub2	0	1	1	0	0	0	1	0
10945_sub3	0	1	1	0	0	0	1	0
10945_sub4	0	1	0	1	0	0	0	1
10945_sub5	0	1	1	0	0	0	1	0
10945_sub6	0	1	1	0	0	0	1	0
10945_sub7	0	1	1	0	0	0	1	0
10955_sub0	0	1	1	0	0	0	1	0
10955_sub1	0	1	1	0	0	0	1	0
10955_sub2	0	1	0	1	0	0	0	1
10955_sub3	0	1	1	0	0	0	1	0
10955_sub4	0	1	1	0	0	0	1	0
10955_sub5	0	1	1	0	0	0	1	0
10955_sub6	0	1	0	1	0	0	0	1
10958_sub0	0	1	1	0	0	0	1	0
10958_sub1	0	1	1	0	0	0	1	0
10958_sub2	0	1	1	0	0	0	1	0
10958_sub3	0	1	1	0	0	0	1	0
10958_sub4	0	1	0	1	0	0	0	1
10958_sub5	0	2	1	1	0	0	1	1
10958_sub6	0	1	1	0	0	0	1	0
1096_sub0	0	1	0	1	0	0	0	1
1096_sub1	0	1	1	0	0	0	1	0
1096_sub2	1	17	7	10	7	10	0	0
1096_sub3	0	1	1	0	0	0	1	0
10967_sub0	0	1	0	1	0	0	0	1
10967_sub1	1	6	4	2	4	2	0	0
10970_sub0	0	1	0	1	0	0	0	1
10970_sub1	0	2	1	1	0	0	1	1
10970_sub2	0	1	0	1	0	0	0	1
10970_sub3	0	1	1	0	0	0	1	0
10970_sub4	0	1	0	1	0	0	0	1
10970_sub5	0	1	0	1	0	0	0	1
10970_sub6	0	1	1	0	0	0	1	0
10974_sub0	1	7	2	5	2	5	0	0
10974_sub1	0	1	0	1	0	0	0	1
10976_sub0	0	1	1	0	0	0	1	0
10976_sub1	0	1	0	1	0	0	0	1
10976_sub2	0	1	0	1	0	0	0	1
10976_sub3	0	1	0	1	0	0	0	1
10976_sub4	0	1	1	0	0	0	1	0
10976_sub5	0	1	0	1	0	0	0	1
10983_sub0	0	5	1	4	0	0	1	4
10983_sub1	0	1	1	0	0	0	1	0
10987_sub0	0	1	0	1	0	0	0	1
10987_sub1	1	11	5	6	5	6	0	0
10987_sub2	0	1	1	0	0	0	1	0
10987_sub3	0	1	0	1	0	0	0	1
10987_sub4	0	1	1	0	0	0	1	0
10987_sub5	0	1	1	0	0	0	1	0
10987_sub6	0	1	1	0	0	0	1	0
10987_sub7	0	1	1	0	0	0	1	0
10988_sub0	0	1	0	1	0	0	0	1
10988_sub1	0	3	2	1	0	0	2	1
10988_sub2	0	1	1	0	0	0	1	0
10988_sub3	0	1	1	0	0	0	1	0
10994_sub0	1	7	4	3	4	3	0	0
10994_sub1	0	1	1	0	0	0	1	0
10994_sub2	0	1	0	1	0	0	0	1
10994_sub3	0	1	1	0	0	0	1	0
10994_sub4	0	1	0	1	0	0	0	1
10994_sub5	0	1	1	0	0	0	1	0
10999_sub0	1	19	9	10	9	10	0	0
10999_sub1	0	1	1	0	0	0	1	0
10999_sub2	0	1	0	1	0	0	0	1
10999_sub3	0	1	0	1	0	0	0	1
10999_sub4	0	1	0	1	0	0	0	1
10999_sub5	0	1	1	0	0	0	1	0
1100_sub0	0	1	1	0	0	0	1	0
1100_sub1	1	11	7	4	7	4	0	0
11000_sub0	1	20	12	8	12	8	0	0
11000_sub1	0	1	0	1	0	0	0	1
11000_sub2	0	1	1	0	0	0	1	0
11000_sub3	0	1	1	0	0	0	1	0
11000_sub4	0	1	0	1	0	0	0	1
11000_sub5	0	1	0	1	0	0	0	1
11000_sub6	0	1	1	0	0	0	1	0
11005_sub0	1	9	5	4	5	4	0	0
11005_sub1	0	1	1	0	0	0	1	0
11005_sub2	0	1	0	1	0	0	0	1
11005_sub3	0	1	1	0	0	0	1	0
11007_sub0	1	10	5	5	5	5	0	0
11007_sub1	0	1	1	0	0	0	1	0
11007_sub2	0	1	1	0	0	0	1	0
11008_sub0	0	1	1	0	0	0	1	0
11008_sub1	0	1	0	1	0	0	0	1
11008_sub2	0	1	0	1	0	0	0	1
11008_sub3	0	1	1	0	0	0	1	0
11008_sub4	0	1	0	1	0	0	0	1
11008_sub5	0	1	0	1	0	0	0	1
11015_sub0	0	5	1	4	0	0	1	4
11015_sub1	0	1	1	0	0	0	1	0
11015_sub2	0	1	0	1	0	0	0	1
11015_sub3	0	1	0	1	0	0	0	1
11015_sub4	0	1	0	1	0	0	0	1
11025_sub0	0	1	1	0	0	0	1	0
11025_sub1	0	1	0	1	0	0	0	1
11025_sub2	0	1	1	0	0	0	1	0
11025_sub3	0	1	0	1	0	0	0	1
11025_sub4	0	1	0	1	0	0	0	1
11025_sub5	0	1	0	1	0	0	0	1
11028_sub0	1	14	11	3	11	3	0	0
11028_sub1	0	1	1	0	0	0	1	0
11028_sub2	0	1	1	0	0	0	1	0
11028_sub3	0	1	0	1	0	0	0	1
1103_sub0	0	1	0	1	0	0	0	1
1103_sub1	1	8	5	3	5	3	0	0
1103_sub2	0	1	0	1	0	0	0	1
11031_sub0	0	2	2	0	0	0	2	0
11031_sub1	0	5	2	3	0	0	2	3
11031_sub2	0	1	1	0	0	0	1	0
11031_sub3	0	1	0	1	0	0	0	1
11034_sub0	1	18	8	10	8	10	0	0
11034_sub1	0	1	0	1	0	0	0	1
11034_sub2	0	1	0	1	0	0	0	1
11034_sub3	0	1	1	0	0	0	1	0
11034_sub4	0	1	1	0	0	0	1	0
11034_sub5	0	1	0	1	0	0	0	1
11034_sub6	0	1	0	1	0	0	0	1
11036_sub0	1	12	8	4	8	4	0	0
11036_sub1	0	1	0	1	0	0	0	1
11036_sub2	0	1	1	0	0	0	1	0
11036_sub3	0	1	1	0	0	0	1	0
11036_sub4	0	1	0	1	0	0	0	1
11040_sub0	1	15	8	7	8	7	0	0
11040_sub1	0	1	0	1	0	0	0	1
11040_sub2	0	1	1	0	0	0	1	0
11040_sub3	0	1	0	1	0	0	0	1
11043_sub0	0	1	1	0	0	0	1	0
11043_sub1	0	1	1	0	0	0	1	0
11043_sub2	0	1	0	1	0	0	0	1
11043_sub3	0	1	1	0	0	0	1	0
11043_sub4	0	1	0	1	0	0	0	1
11043_sub5	0	1	0	1	0	0	0	1
11043_sub6	0	1	1	0	0	0	1	0
11044_sub0	0	1	0	1	0	0	0	1
11044_sub1	0	1	1	0	0	0	1	0
11044_sub2	0	1	1	0	0	0	1	0
11044_sub3	0	1	0	1	0	0	0	1
11044_sub4	0	1	1	0	0	0	1	0
11044_sub5	0	1	1	0	0	0	1	0
11044_sub6	0	1	1	0	0	0	1	0
11044_sub7	0	1	1	0	0	0	1	0
11046_sub0	1	17	5	12	5	12	0	0
11046_sub1	0	1	0	1	0	0	0	1
11046_sub2	0	1	0	1	0	0	0	1
11046_sub3	0	1	1	0	0	0	1	0
11046_sub4	0	1	0	1	0	0	0	1
11046_sub5	0	1	0	1	0	0	0	1
11046_sub6	0	1	0	1	0	0	0	1
11053_sub0	0	1	0	1	0	0	0	1
11053_sub1	0	1	1	0	0	0	1	0
11053_sub2	0	1	0	1	0	0	0	1
11053_sub3	0	1	0	1	0	0	0	1
11053_sub4	0	1	1	0	0	0	1	0
11053_sub5	0	1	1	0	0	0	1	0
11053_sub6	0	1	1	0	0	0	1	0
11053_sub7	0	1	0	1	0	0	0	1
11054_sub0	1	10	6	4	6	4	0	0
11054_sub1	0	1	0	1	0	0	0	1
11054_sub2	0	1	0	1	0	0	0	1
11054_sub3	0	1	0	1	0	0	0	1
1106_sub0	0	1	0	1	0	0	0	1
1106_sub1	1	19	9	10	9	10	0	0
11064_sub0	0	1	1	0	0	0	1	0
11064_sub1	1	6	5	1	5	1	0	0
11064_sub2	0	1	1	0	0	0	1	0
11064_sub3	0	1	1	0	0	0	1	0
11065_sub0	0	1	0	1	0	0	0	1
11065_sub1	0	1	1	0	0	0	1	0
11065_sub2	0	1	1	0	0	0	1	0
11065_sub3	0	1	1	0	0	0	1	0
11065_sub4	0	1	1	0	0	0	1	0
11065_sub5	0	1	1	0	0	0	1	0
11066_sub0	1	12	9	3	9	3	0	0
11066_sub1	0	1	1	0	0	0	1	0
11066_sub2	0	1	1	0	0	0	1	0
11066_sub3	0	1	1	0	0	0	1	0
11066_sub4	0	1	1	0	0	0	1	0
11068_sub0	1	8	4	4	4	4	0	0
11068_sub1	0	1	1	0	0	0	1	0
11068_sub2	0	1	0	1	0	0	0	1
11068_sub3	0	1	0	1	0	0	0	1
11068_sub4	0	1	0	1	0	0	0	1
11068_sub5	0	1	0	1	0	0	0	1
1107_sub0	0	1	1	0	0	0	1	0
1107_sub1	0	1	1	0	0	0	1	0
1107_sub2	0	1	1	0	0	0	1	0
1107_sub3	0	1	1	0	0	0	1	0
1107_sub4	0	1	1	0	0	0	1	0
1107_sub5	0	1	0	1	0	0	0	1
1107_sub6	0	1	1	0	0	0	1	0
11071_sub0	0	1	0	1	0	0	0	1
11071_sub1	0	1	1	0	0	0	1	0
11071_sub2	0	1	1	0	0	0	1	0
11071_sub3	0	1	0	1	0	0	0	1
11071_sub4	0	1	1	0	0	0	1	0
11071_sub5	0	2	1	1	0	0	1	1
11080_sub0	0	5	3	2	0	0	3	2
11080_sub1	0	1	0	1	0	0	0	1
11080_sub2	0	1	0	1	0	0	0	1
11081_sub0	0	1	1	0	0	0	1	0
11081_sub1	0	1	1	0	0	0	1	0
11081_sub2	0	1	0	1	0	0	0	1
11081_sub3	0	1	0	1	0	0	0	1
11081_sub4	0	1	1	0	0	0	1	0
11081_sub5	0	1	0	1	0	0	0	1
11083_sub0	1	8	5	3	5	3	0	0
11083_sub1	0	1	1	0	0	0	1	0
11083_sub2	0	1	1	0	0	0	1	0
11083_sub3	0	1	1	0	0	0	1	0
11083_sub4	0	1	0	1	0	0	0	1
11085_sub0	1	6	3	3	3	3	0	0
11085_sub1	0	1	1	0	0	0	1	0
11085_sub2	0	1	1	0	0	0	1	0
11085_sub3	0	1	1	0	0	0	1	0
11085_sub4	0	1	0	1	0	0	0	1
11085_sub5	0	1	1	0	0	0	1	0
1109_sub0	0	1	1	0	0	0	1	0
1109_sub1	1	17	5	12	5	12	0	0
11099_sub0	0	1	1	0	0	0	1	0
11099_sub1	0	1	1	0	0	0	1	0
11099_sub2	0	1	1	0	0	0	1	0
11099_sub3	0	1	0	1	0	0	0	1
11099_sub4	0	1	1	0	0	0	1	0
11099_sub5	0	1	0	1	0	0	0	1
111_sub0	0	1	1	0	0	0	1	0
111_sub1	1	9	4	5	4	5	0	0
111_sub2	0	1	0	1	0	0	0	1
1110_sub0	0	1	0	1	0	0	0	1
1110_sub1	0	1	0	1	0	0	0	1
1110_sub2	1	7	2	5	2	5	0	0
11112_sub0	0	1	1	0	0	0	1	0
11112_sub1	1	20	10	10	10	10	0	0
11112_sub2	0	1	0	1	0	0	0	1
11112_sub3	0	1	0	1	0	0	0	1
11118_sub0	0	1	1	0	0	0	1	0
11118_sub1	1	10	4	6	4	6	0	0
11118_sub2	0	1	0	1	0	0	0	1
11123_sub0	0	2	2	0	0	0	2	0
11123_sub1	0	1	1	0	0	0	1	0
11123_sub2	0	1	1	0	0	0	1	0
11123_sub3	0	1	1	0	0	0	1	0
11123_sub4	0	1	1	0	0	0	1	0
11123_sub5	0	1	1	0	0	0	1	0
11123_sub6	0	1	0	1	0	0	0	1
11123_sub7	0	1	0	1	0	0	0	1
11123_sub8	0	1	1	0	0	0	1	0
11124_sub0	0	1	0	1	0	0	0	1
11124_sub1	0	1	1	0	0	0	1	0
11124_sub2	0	1	0	1	0	0	0	1
11124_sub3	0	1	1	0	0	0	1	0
11124_sub4	0	1	1	0	0	0	1	0
11124_sub5	0	1	1	0	0	0	1	0
11124_sub6	0	1	1	0	0	0	1	0
11124_sub7	0	1	1	0	0	0	1	0
1113_sub0	0	1	1	0	0	0	1	0
1113_sub1	1	10	3	7	3	7	0	0
1113_sub2	0	1	0	1	0	0	0	1
11138_sub0	1	11	5	6	5	6	0	0
11138_sub1	0	1	1	0	0	0	1	0
11142_sub0	0	4	3	1	0	0	3	1
11142_sub1	0	1	0	1	0	0	0	1
11142_sub2	0	1	0	1	0	0	0	1
11144_sub0	0	1	1	0	0	0	1	0
11144_sub1	0	4	4	0	0	0	4	0
11144_sub2	0	1	0	1	0	0	0	1
11147_sub0	0	1	0	1	0	0	0	1
11147_sub1	0	1	0	1	0	0	0	1
11147_sub2	0	1	1	0	0	0	1	0
11147_sub3	0	1	0	1	0	0	0	1
11147_sub4	0	1	0	1	0	0	0	1
11147_sub5	0	1	1	0	0	0	1	0
11150_sub0	0	1	0	1	0	0	0	1
11150_sub1	0	1	1	0	0	0	1	0
11150_sub2	0	1	0	1	0	0	0	1
11150_sub3	0	1	1	0	0	0	1	0
11150_sub4	0	1	1	0	0	0	1	0
11150_sub5	0	1	0	1	0	0	0	1
11150_sub6	0	1	0	1	0	0	0	1
11151_sub0	1	20	11	9	11	9	0	0
11151_sub1	0	1	0	1	0	0	0	1
11151_sub2	0	1	0	1	0	0	0	1
11151_sub3	0	1	1	0	0	0	1	0
11151_sub4	0	1	1	0	0	0	1	0
11151_sub5	0	1	0	1	0	0	0	1
11154_sub0	1	11	4	7	4	7	0	0
11154_sub1	0	1	1	0	0	0	1	0
11164_sub0	0	1	1	0	0	0	1	0
11164_sub1	0	1	1	0	0	0	1	0
11164_sub2	0	1	1	0	0	0	1	0
11164_sub3	0	1	1	0	0	0	1	0
11164_sub4	0	1	0	1	0	0	0	1
11164_sub5	0	1	0	1	0	0	0	1
11164_sub6	0	1	0	1	0	0	0	1
11164_sub7	0	1	0	1	0	0	0	1
11164_sub8	0	1	0	1	0	0	0	1
11173_sub0	0	1	0	1	0	0	0	1
11173_sub1	0	1	1	0	0	0	1	0
11173_sub2	0	1	1	0	0	0	1	0
11173_sub3	0	1	1	0	0	0	1	0
11173_sub4	0	1	1	0	0	0	1	0
11173_sub5	0	1	0	1	0	0	0	1
11173_sub6	0	1	0	1	0	0	0	1
11176_sub0	0	1	0	1	0	0	0	1
11176_sub1	0	1	1	0	0	0	1	0
11176_sub2	0	1	1	0	0	0	1	0
11176_sub3	0	1	1	0	0	0	1	0
11176_sub4	0	1	1	0	0	0	1	0
11176_sub5	0	1	0	1	0	0	0	1
11176_sub6	0	1	1	0	0	0	1	0
11176_sub7	0	1	1	0	0	0	1	0
11176_sub8	0	1	0	1	0	0	0	1
11177_sub0	0	1	1	0	0	0	1	0
11177_sub1	0	2	0	2	0	0	0	2
11177_sub2	0	1	1	0	0	0	1	0
11177_sub3	0	1	1	0	0	0	1	0
11177_sub4	0	1	0	1	0	0	0	1
11193_sub0	0	1	0	1	0	0	0	1
11193_sub1	0	1	0	1	0	0	0	1
11193_sub2	0	1	0	1	0	0	0	1
11193_sub3	0	1	1	0	0	0	1	0
11193_sub4	0	1	1	0	0	0	1	0
11193_sub5	0	1	1	0	0	0	1	0
11194_sub0	0	1	1	0	0	0	1	0
11194_sub1	0	1	0	1	0	0	0	1
11194_sub2	0	1	1	0	0	0	1	0
11194_sub3	0	1	0	1	0	0	0	1
11194_sub4	0	1	1	0	0	0	1	0
11194_sub5	0	1	0	1	0	0	0	1
11197_sub0	0	1	0	1	0	0	0	1
11197_sub1	0	1	0	1	0	0	0	1
11197_sub2	0	1	1	0	0	0	1	0
11197_sub3	0	1	1	0	0	0	1	0
11197_sub4	0	1	1	0	0	0	1	0
11197_sub5	0	1	0	1	0	0	0	1
11199_sub0	1	11	6	5	6	5	0	0
11199_sub1	0	1	1	0	0	0	1	0
11199_sub2	0	1	0	1	0	0	0	1
11199_sub3	0	1	1	0	0	0	1	0
112_sub0	0	1	1	0	0	0	1	0
112_sub1	1	12	5	7	5	7	0	0
112_sub2	0	1	1	0	0	0	1	0
11202_sub0	1	9	2	7	2	7	0	0
11202_sub1	0	1	0	1	0	0	0	1
11202_sub2	0	1	0	1	0	0	0	1
11202_sub3	0	1	1	0	0	0	1	0
11202_sub4	0	1	1	0	0	0	1	0
11202_sub5	0	1	1	0	0	0	1	0
11202_sub6	0	1	1	0	0	0	1	0
11202_sub7	0	1	1	0	0	0	1	0
11202_sub8	0	1	1	0	0	0	1	0
11202_sub9	0	1	1	0	0	0	1	0
11202_sub10	0	1	0	1	0	0	0	1
11208_sub0	0	1	1	0	0	0	1	0
11208_sub1	0	1	0	1	0	0	0	1
11208_sub2	0	1	1	0	0	0	1	0
11208_sub3	0	1	0	1	0	0	0	1
11208_sub4	0	1	1	0	0	0	1	0
11208_sub5	0	1	1	0	0	0	1	0
11208_sub6	0	1	0	1	0	0	0	1
11209_sub0	0	1	1	0	0	0	1	0
11209_sub1	0	1	1	0	0	0	1	0
11209_sub2	0	1	1	0	0	0	1	0
11209_sub3	0	1	0	1	0	0	0	1
11209_sub4	0	1	0	1	0	0	0	1
11209_sub5	0	1	0	1	0	0	0	1
11209_sub6	0	1	1	0	0	0	1	0
11209_sub7	0	1	1	0	0	0	1	0
11209_sub8	0	1	1	0	0	0	1	0
11215_sub0	1	7	4	3	4	3	0	0
11215_sub1	0	1	0	1	0	0	0	1
1122_sub0	0	1	1	0	0	0	1	0
1122_sub1	1	8	6	2	6	2	0	0
11224_sub0	0	1	1	0	0	0	1	0
11224_sub1	0	1	1	0	0	0	1	0
11224_sub2	0	1	1	0	0	0	1	0
11224_sub3	0	1	1	0	0	0	1	0
11224_sub4	0	1	1	0	0	0	1	0
11224_sub5	0	1	1	0	0	0	1	0
11231_sub0	0	4	1	3	0	0	1	3
11231_sub1	0	1	1	0	0	0	1	0
11231_sub2	0	1	0	1	0	0	0	1
11231_sub3	0	1	1	0	0	0	1	0
11233_sub0	0	1	0	1	0	0	0	1
11233_sub1	0	1	1	0	0	0	1	0
11233_sub2	0	1	1	0	0	0	1	0
11233_sub3	0	1	0	1	0	0	0	1
11233_sub4	0	1	1	0	0	0	1	0
11233_sub5	0	1	0	1	0	0	0	1
11233_sub6	0	1	1	0	0	0	1	0
1124_sub0	0	1	0	1	0	0	0	1
1124_sub1	1	22	12	10	10	10	2	0
1124_sub2	0	1	1	0	0	0	1	0
1124_sub3	0	1	1	0	0	0	1	0
11248_sub0	0	1	0	1	0	0	0	1
11248_sub1	0	1	1	0	0	0	1	0
11248_sub2	0	1	0	1	0	0	0	1
11248_sub3	0	1	0	1	0	0	0	1
11248_sub4	0	1	1	0	0	0	1	0
11248_sub5	0	1	1	0	0	0	1	0
11264_sub0	0	1	1	0	0	0	1	0
11264_sub1	0	1	0	1	0	0	0	1
11264_sub2	0	1	0	1	0	0	0	1
11264_sub3	0	1	1	0	0	0	1	0
11264_sub4	0	1	1	0	0	0	1	0
11264_sub5	0	1	1	0	0	0	1	0
11264_sub6	0	1	1	0	0	0	1	0
11264_sub7	0	1	0	1	0	0	0	1
1127_sub0	0	1	1	0	0	0	1	0
1127_sub1	1	6	5	1	5	1	0	0
1127_sub2	0	1	1	0	0	0	1	0
1127_sub3	0	1	1	0	0	0	1	0
1127_sub4	0	1	0	1	0	0	0	1
11271_sub0	0	1	0	1	0	0	0	1
11271_sub1	0	4	1	3	0	0	1	3
11271_sub2	0	1	1	0	0	0	1	0
11271_sub3	0	1	0	1	0	0	0	1
11278_sub0	0	1	1	0	0	0	1	0
11278_sub1	0	1	0	1	0	0	0	1
11278_sub2	0	1	1	0	0	0	1	0
11278_sub3	0	1	1	0	0	0	1	0
11278_sub4	0	1	1	0	0	0	1	0
11278_sub5	0	1	0	1	0	0	0	1
11283_sub0	0	1	1	0	0	0	1	0
11283_sub1	0	1	1	0	0	0	1	0
11283_sub2	0	1	1	0	0	0	1	0
11283_sub3	0	1	0	1	0	0	0	1
11283_sub4	0	1	0	1	0	0	0	1
11283_sub5	0	1	0	1	0	0	0	1
1129_sub0	0	1	0	1	0	0	0	1
1129_sub1	1	13	6	7	6	7	0	0
1129_sub2	0	1	1	0	0	0	1	0
1129_sub3	0	1	1	0	0	0	1	0
1129_sub4	0	1	0	1	0	0	0	1
11290_sub0	1	15	11	4	11	4	0	0
11290_sub1	0	1	0	1	0	0	0	1
11290_sub2	0	1	0	1	0	0	0	1
11290_sub3	0	1	1	0	0	0	1	0
11290_sub4	0	1	1	0	0	0	1	0
11291_sub0	0	1	0	1	0	0	0	1
11291_sub1	1	7	3	4	3	4	0	0
11291_sub2	0	1	0	1	0	0	0	1
11302_sub0	0	1	1	0	0	0	1	0
11302_sub1	0	1	0	1	0	0	0	1
11302_sub2	0	1	0	1	0	0	0	1
11302_sub3	0	1	0	1	0	0	0	1
11302_sub4	0	1	1	0	0	0	1	0
11302_sub5	0	1	0	1	0	0	0	1
11304_sub0	0	1	1	0	0	0	1	0
11304_sub1	0	1	0	1	0	0	0	1
11304_sub2	0	1	0	1	0	0	0	1
11304_sub3	0	1	0	1	0	0	0	1
11304_sub4	0	1	0	1	0	0	0	1
11304_sub5	0	1	1	0	0	0	1	0
11304_sub6	0	1	0	1	0	0	0	1
11304_sub7	0	1	0	1	0	0	0	1
11310_sub0	0	1	1	0	0	0	1	0
11310_sub1	1	7	3	4	3	4	0	0
11310_sub2	0	1	1	0	0	0	1	0
11310_sub3	0	1	0	1	0	0	0	1
11316_sub0	0	1	1	0	0	0	1	0
11316_sub1	0	1	1	0	0	0	1	0
11316_sub2	0	1	0	1	0	0	0	1
11316_sub3	0	1	0	1	0	0	0	1
11316_sub4	0	2	1	1	0	0	1	1
11316_sub5	0	1	1	0	0	0	1	0
11316_sub6	0	1	1	0	0	0	1	0
11322_sub0	0	1	0	1	0	0	0	1
11322_sub1	0	1	0	1	0	0	0	1
11322_sub2	0	1	0	1	0	0	0	1
11322_sub3	0	1	1	0	0	0	1	0
11322_sub4	0	1	1	0	0	0	1	0
11322_sub5	0	1	0	1	0	0	0	1
11322_sub6	0	1	0	1	0	0	0	1
1133_sub0	0	1	0	1	0	0	0	1
1133_sub1	1	14	6	8	6	8	0	0
1133_sub2	0	1	0	1	0	0	0	1
1133_sub3	0	1	1	0	0	0	1	0
1133_sub4	0	1	1	0	0	0	1	0
1133_sub5	0	1	0	1	0	0	0	1
1133_sub6	0	1	1	0	0	0	1	0
1133_sub7	0	1	1	0	0	0	1	0
1133_sub8	0	1	0	1	0	0	0	1
1133_sub9	0	1	1	0	0	0	1	0
1133_sub10	0	1	1	0	0	0	1	0
1133_sub11	0	1	1	0	0	0	1	0
1133_sub12	0	1	0	1	0	0	0	1
11331_sub0	0	1	0	1	0	0	0	1
11331_sub1	0	1	0	1	0	0	0	1
11331_sub2	0	1	0	1	0	0	0	1
11331_sub3	0	1	0	1	0	0	0	1
11331_sub4	0	1	1	0	0	0	1	0
11331_sub5	0	1	1	0	0	0	1	0
11331_sub6	0	1	0	1	0	0	0	1
11331_sub7	0	1	0	1	0	0	0	1
11331_sub8	0	1	1	0	0	0	1	0
11335_sub0	0	1	1	0	0	0	1	0
11335_sub1	0	1	1	0	0	0	1	0
11335_sub2	0	1	0	1	0	0	0	1
11335_sub3	0	1	0	1	0	0	0	1
11335_sub4	0	1	0	1	0	0	0	1
11335_sub5	0	1	0	1	0	0	0	1
11335_sub6	0	1	1	0	0	0	1	0
1134_sub0	0	1	0	1	0	0	0	1
1134_sub1	1	12	7	5	7	5	0	0
1134_sub2	0	1	1	0	0	0	1	0
1134_sub3	0	1	0	1	0	0	0	1
1134_sub4	0	1	1	0	0	0	1	0
1134_sub5	0	1	1	0	0	0	1	0
1134_sub6	0	1	1	0	0	0	1	0
1134_sub7	0	1	0	1	0	0	0	1
1134_sub8	0	1	0	1	0	0	0	1
1134_sub9	0	1	1	0	0	0	1	0
11344_sub0	0	1	1	0	0	0	1	0
11344_sub1	1	10	5	5	5	5	0	0
11344_sub2	0	1	0	1	0	0	0	1
11347_sub0	0	1	0	1	0	0	0	1
11347_sub1	0	1	0	1	0	0	0	1
11347_sub2	0	1	0	1	0	0	0	1
11347_sub3	0	1	0	1	0	0	0	1
11347_sub4	0	1	0	1	0	0	0	1
11347_sub5	0	1	1	0	0	0	1	0
11347_sub6	0	1	0	1	0	0	0	1
11348_sub0	0	1	1	0	0	0	1	0
11348_sub1	0	1	1	0	0	0	1	0
11348_sub2	0	2	1	1	0	0	1	1
11348_sub3	0	1	1	0	0	0	1	0
11348_sub4	0	1	1	0	0	0	1	0
11348_sub5	0	1	1	0	0	0	1	0
11348_sub6	0	1	0	1	0	0	0	1
11349_sub0	0	1	1	0	0	0	1	0
11349_sub1	0	4	2	2	0	0	2	2
11349_sub2	0	1	1	0	0	0	1	0
11350_sub0	0	1	0	1	0	0	0	1
11350_sub1	0	1	0	1	0	0	0	1
11350_sub2	0	1	1	0	0	0	1	0
11350_sub3	0	1	0	1	0	0	0	1
11350_sub4	0	1	1	0	0	0	1	0
11350_sub5	0	1	0	1	0	0	0	1
11359_sub0	0	1	1	0	0	0	1	0
11359_sub1	0	5	2	3	0	0	2	3
11360_sub0	0	1	0	1	0	0	0	1
11360_sub1	0	1	1	0	0	0	1	0
11360_sub2	0	1	1	0	0	0	1	0
11360_sub3	0	1	0	1	0	0	0	1
11360_sub4	0	1	1	0	0	0	1	0
11360_sub5	0	1	0	1	0	0	0	1
11360_sub6	0	1	0	1	0	0	0	1
11366_sub0	1	19	15	4	15	4	0	0
11366_sub1	0	1	1	0	0	0	1	0
11366_sub2	0	1	0	1	0	0	0	1
11366_sub3	0	1	0	1	0	0	0	1
11366_sub4	0	1	0	1	0	0	0	1
11366_sub5	0	1	0	1	0	0	0	1
11366_sub6	0	1	1	0	0	0	1	0
11366_sub7	0	1	0	1	0	0	0	1
11366_sub8	0	1	0	1	0	0	0	1
11367_sub0	0	1	0	1	0	0	0	1
11367_sub1	0	1	1	0	0	0	1	0
11367_sub2	0	1	1	0	0	0	1	0
11367_sub3	0	1	0	1	0	0	0	1
11367_sub4	0	1	1	0	0	0	1	0
11367_sub5	0	1	0	1	0	0	0	1
11367_sub6	0	1	0	1	0	0	0	1
11367_sub7	0	1	1	0	0	0	1	0
1137_sub0	0	1	0	1	0	0	0	1
1137_sub1	0	5	1	4	0	0	1	4
1137_sub2	0	1	0	1	0	0	0	1
11370_sub0	0	1	1	0	0	0	1	0
11370_sub1	0	1	0	1	0	0	0	1
11370_sub2	0	1	0	1	0	0	0	1
11370_sub3	0	1	1	0	0	0	1	0
11370_sub4	0	1	1	0	0	0	1	0
11370_sub5	0	1	1	0	0	0	1	0
11370_sub6	0	1	0	1	0	0	0	1
11374_sub0	0	1	0	1	0	0	0	1
11374_sub1	0	1	1	0	0	0	1	0
11374_sub2	0	1	0	1	0	0	0	1
11374_sub3	0	1	0	1	0	0	0	1
11374_sub4	0	1	1	0	0	0	1	0
11374_sub5	0	1	1	0	0	0	1	0
11374_sub6	0	1	0	1	0	0	0	1
11374_sub7	0	1	1	0	0	0	1	0
11374_sub8	0	1	0	1	0	0	0	1
11378_sub0	0	1	0	1	0	0	0	1
11378_sub1	0	1	1	0	0	0	1	0
11378_sub2	0	1	1	0	0	0	1	0
11378_sub3	0	1	0	1	0	0	0	1
11378_sub4	0	1	0	1	0	0	0	1
11378_sub5	0	1	1	0	0	0	1	0
11378_sub6	0	1	0	1	0	0	0	1
11378_sub7	0	1	1	0	0	0	1	0
11378_sub8	0	1	0	1	0	0	0	1
11399_sub0	1	9	5	4	5	4	0	0
11399_sub1	0	1	0	1	0	0	0	1
11399_sub2	0	1	1	0	0	0	1	0
11399_sub3	0	1	0	1	0	0	0	1
11399_sub4	0	1	0	1	0	0	0	1
1140_sub0	0	1	0	1	0	0	0	1
1140_sub1	1	7	2	5	2	5	0	0
1140_sub2	0	1	1	0	0	0	1	0
11401_sub0	0	1	1	0	0	0	1	0
11401_sub1	0	1	0	1	0	0	0	1
11401_sub2	0	1	0	1	0	0	0	1
11401_sub3	1	7	4	3	4	3	0	0
11401_sub4	0	1	1	0	0	0	1	0
11401_sub5	0	1	1	0	0	0	1	0
11401_sub6	0	1	0	1	0	0	0	1
11401_sub7	0	1	1	0	0	0	1	0
11401_sub8	0	1	1	0	0	0	1	0
11404_sub0	0	1	1	0	0	0	1	0
11404_sub1	1	16	7	9	7	9	0	0
11404_sub2	0	1	0	1	0	0	0	1
11404_sub3	0	1	0	1	0	0	0	1
11404_sub4	0	1	0	1	0	0	0	1
11404_sub5	0	1	1	0	0	0	1	0
11408_sub0	1	7	7	0	7	0	0	0
11408_sub1	0	1	1	0	0	0	1	0
11408_sub2	0	1	1	0	0	0	1	0
11408_sub3	0	1	1	0	0	0	1	0
11410_sub0	1	12	6	6	6	6	0	0
11410_sub1	0	1	1	0	0	0	1	0
11410_sub2	0	1	1	0	0	0	1	0
11411_sub0	0	1	0	1	0	0	0	1
11411_sub1	0	1	0	1	0	0	0	1
11411_sub2	0	1	0	1	0	0	0	1
11411_sub3	0	1	0	1	0	0	0	1
11411_sub4	0	1	1	0	0	0	1	0
11411_sub5	0	1	1	0	0	0	1	0
11413_sub0	1	12	6	6	6	6	0	0
11413_sub1	0	1	0	1	0	0	0	1
11413_sub2	0	1	0	1	0	0	0	1
11413_sub3	0	1	0	1	0	0	0	1
11415_sub0	0	1	1	0	0	0	1	0
11415_sub1	0	1	1	0	0	0	1	0
11415_sub2	0	1	1	0	0	0	1	0
11415_sub3	0	1	0	1	0	0	0	1
11415_sub4	0	1	0	1	0	0	0	1
11415_sub5	0	1	0	1	0	0	0	1
11415_sub6	0	1	0	1	0	0	0	1
11417_sub0	0	1	1	0	0	0	1	0
11417_sub1	0	1	0	1	0	0	0	1
11417_sub2	0	1	0	1	0	0	0	1
11417_sub3	0	1	0	1	0	0	0	1
11417_sub4	0	1	1	0	0	0	1	0
11417_sub5	0	1	1	0	0	0	1	0
11418_sub0	0	1	0	1	0	0	0	1
11418_sub1	0	2	0	2	0	0	0	2
11418_sub2	0	1	1	0	0	0	1	0
11418_sub3	0	1	1	0	0	0	1	0
11418_sub4	0	1	0	1	0	0	0	1
1142_sub0	0	1	1	0	0	0	1	0
1142_sub1	1	16	7	9	7	9	0	0
1142_sub2	0	1	1	0	0	0	1	0
11420_sub0	1	8	3	5	3	5	0	0
11420_sub1	0	1	0	1	0	0	0	1
11421_sub0	0	1	1	0	0	0	1	0
11421_sub1	0	1	0	1	0	0	0	1
11421_sub2	0	1	1	0	0	0	1	0
11421_sub3	0	1	0	1	0	0	0	1
11421_sub4	0	1	0	1	0	0	0	1
11421_sub5	0	1	1	0	0	0	1	0
11421_sub6	0	1	0	1	0	0	0	1
11430_sub0	0	1	0	1	0	0	0	1
11430_sub1	0	1	0	1	0	0	0	1
11430_sub2	0	1	1	0	0	0	1	0
11430_sub3	0	1	1	0	0	0	1	0
11430_sub4	0	1	0	1	0	0	0	1
11430_sub5	0	1	1	0	0	0	1	0
11430_sub6	0	1	1	0	0	0	1	0
11430_sub7	0	1	1	0	0	0	1	0
11431_sub0	0	1	1	0	0	0	1	0
11431_sub1	1	7	4	3	4	3	0	0
1144_sub0	0	1	1	0	0	0	1	0
1144_sub1	1	12	8	4	8	4	0	0
11442_sub0	1	13	5	8	5	8	0	0
11442_sub1	0	1	0	1	0	0	0	1
11442_sub2	0	1	0	1	0	0	0	1
11442_sub3	0	1	1	0	0	0	1	0
11442_sub4	0	1	1	0	0	0	1	0
11442_sub5	0	1	1	0	0	0	1	0
11442_sub6	0	1	0	1	0	0	0	1
11447_sub0	0	1	0	1	0	0	0	1
11447_sub1	0	1	0	1	0	0	0	1
11447_sub2	0	1	0	1	0	0	0	1
11447_sub3	0	1	0	1	0	0	0	1
11447_sub4	0	1	1	0	0	0	1	0
11447_sub5	0	1	1	0	0	0	1	0
1145_sub0	0	1	0	1	0	0	0	1
1145_sub1	0	1	1	0	0	0	1	0
1145_sub2	1	14	7	7	7	7	0	0
1145_sub3	0	1	0	1	0	0	0	1
1145_sub4	0	1	0	1	0	0	0	1
1145_sub5	0	1	0	1	0	0	0	1
1146_sub0	0	1	0	1	0	0	0	1
1146_sub1	0	1	0	1	0	0	0	1
1146_sub2	0	1	1	0	0	0	1	0
1146_sub3	0	1	1	0	0	0	1	0
1146_sub4	0	1	1	0	0	0	1	0
1146_sub5	0	1	1	0	0	0	1	0
11468_sub0	1	17	11	6	11	6	0	0
11468_sub1	0	1	0	1	0	0	0	1
11468_sub2	0	1	0	1	0	0	0	1
11468_sub3	0	1	0	1	0	0	0	1
11468_sub4	0	1	0	1	0	0	0	1
11468_sub5	0	2	0	2	0	0	0	2
11468_sub6	0	1	1	0	0	0	1	0
11468_sub7	0	1	1	0	0	0	1	0
11475_sub0	1	10	8	2	8	2	0	0
11475_sub1	0	1	0	1	0	0	0	1
11475_sub2	0	1	1	0	0	0	1	0
11475_sub3	0	1	0	1	0	0	0	1
11477_sub0	0	1	0	1	0	0	0	1
11477_sub1	0	1	0	1	0	0	0	1
11477_sub2	0	1	1	0	0	0	1	0
11477_sub3	0	1	0	1	0	0	0	1
11477_sub4	0	1	1	0	0	0	1	0
11477_sub5	0	1	1	0	0	0	1	0
11477_sub6	0	1	0	1	0	0	0	1
11478_sub0	0	1	1	0	0	0	1	0
11478_sub1	1	11	7	4	7	4	0	0
11478_sub2	0	1	0	1	0	0	0	1
11478_sub3	0	1	1	0	0	0	1	0
11478_sub4	0	1	0	1	0	0	0	1
11480_sub0	0	1	1	0	0	0	1	0
11480_sub1	0	1	0	1	0	0	0	1
11480_sub2	0	1	1	0	0	0	1	0
11480_sub3	0	1	0	1	0	0	0	1
11480_sub4	0	1	1	0	0	0	1	0
11480_sub5	0	1	1	0	0	0	1	0
11483_sub0	0	1	1	0	0	0	1	0
11483_sub1	0	1	1	0	0	0	1	0
11483_sub2	0	1	0	1	0	0	0	1
11483_sub3	0	1	1	0	0	0	1	0
11483_sub4	0	1	0	1	0	0	0	1
11483_sub5	0	1	0	1	0	0	0	1
11490_sub0	1	17	4	13	4	13	0	0
11490_sub1	0	1	1	0	0	0	1	0
11490_sub2	0	1	1	0	0	0	1	0
11490_sub3	0	1	1	0	0	0	1	0
11490_sub4	0	1	0	1	0	0	0	1
11490_sub5	0	1	0	1	0	0	0	1
11490_sub6	0	1	0	1	0	0	0	1
11490_sub7	0	1	1	0	0	0	1	0
11490_sub8	0	1	1	0	0	0	1	0
11491_sub0	1	7	2	5	2	5	0	0
11495_sub0	0	1	0	1	0	0	0	1
11495_sub1	0	1	0	1	0	0	0	1
11495_sub2	0	1	1	0	0	0	1	0
11495_sub3	0	1	0	1	0	0	0	1
11495_sub4	0	1	1	0	0	0	1	0
11495_sub5	0	1	1	0	0	0	1	0
11499_sub0	0	1	1	0	0	0	1	0
11499_sub1	0	1	0	1	0	0	0	1
11499_sub2	1	7	4	3	4	3	0	0
11499_sub3	0	1	1	0	0	0	1	0
11499_sub4	0	1	0	1	0	0	0	1
11499_sub5	0	1	0	1	0	0	0	1
11499_sub6	0	1	1	0	0	0	1	0
11499_sub7	0	1	0	1	0	0	0	1
1150_sub0	0	1	0	1	0	0	0	1
1150_sub1	0	1	1	0	0	0	1	0
1150_sub2	0	1	1	0	0	0	1	0
1150_sub3	0	1	0	1	0	0	0	1
1150_sub4	0	1	0	1	0	0	0	1
1150_sub5	0	1	0	1	0	0	0	1
11501_sub0	1	10	5	5	5	5	0	0
11501_sub1	0	1	1	0	0	0	1	0
11501_sub2	0	1	1	0	0	0	1	0
11501_sub3	0	1	0	1	0	0	0	1
11506_sub0	0	1	0	1	0	0	0	1
11506_sub1	0	1	1	0	0	0	1	0
11506_sub2	0	1	0	1	0	0	0	1
11506_sub3	0	1	0	1	0	0	0	1
11506_sub4	0	1	1	0	0	0	1	0
11506_sub5	0	1	1	0	0	0	1	0
11506_sub6	0	1	0	1	0	0	0	1
11506_sub7	0	1	1	0	0	0	1	0
11511_sub0	0	1	0	1	0	0	0	1
11511_sub1	0	1	1	0	0	0	1	0
11511_sub2	0	1	0	1	0	0	0	1
11511_sub3	0	1	0	1	0	0	0	1
11511_sub4	0	1	1	0	0	0	1	0
11511_sub5	0	1	1	0	0	0	1	0
11524_sub0	1	9	5	4	5	4	0	0
11524_sub1	0	1	0	1	0	0	0	1
11524_sub2	0	1	1	0	0	0	1	0
1153_sub0	0	1	1	0	0	0	1	0
1153_sub1	1	12	6	6	6	6	0	0
11533_sub0	1	11	5	6	5	6	0	0
11533_sub1	0	1	0	1	0	0	0	1
11533_sub2	0	1	1	0	0	0	1	0
11533_sub3	0	1	1	0	0	0	1	0
11533_sub4	0	1	1	0	0	0	1	0
11536_sub0	0	1	1	0	0	0	1	0
11536_sub1	0	1	1	0	0	0	1	0
11536_sub2	0	1	1	0	0	0	1	0
11536_sub3	0	1	0	1	0	0	0	1
11536_sub4	0	1	1	0	0	0	1	0
11536_sub5	0	1	0	1	0	0	0	1
11541_sub0	0	4	3	1	0	0	3	1
11541_sub1	0	1	1	0	0	0	1	0
11541_sub2	0	1	0	1	0	0	0	1
11550_sub0	0	1	0	1	0	0	0	1
11550_sub1	0	1	1	0	0	0	1	0
11550_sub2	0	1	1	0	0	0	1	0
11550_sub3	0	1	1	0	0	0	1	0
11550_sub4	0	1	1	0	0	0	1	0
11550_sub5	0	1	0	1	0	0	0	1
11550_sub6	0	1	1	0	0	0	1	0
11550_sub7	0	1	0	1	0	0	0	1
11558_sub0	1	17	11	6	11	6	0	0
11558_sub1	0	1	1	0	0	0	1	0
11558_sub2	0	1	0	1	0	0	0	1
11558_sub3	0	1	0	1	0	0	0	1
11558_sub4	0	1	0	1	0	0	0	1
11558_sub5	0	1	1	0	0	0	1	0
11558_sub6	0	1	1	0	0	0	1	0
11559_sub0	0	1	0	1	0	0	0	1
11559_sub1	0	1	1	0	0	0	1	0
11559_sub2	0	1	1	0	0	0	1	0
11559_sub3	0	1	1	0	0	0	1	0
11559_sub4	0	1	0	1	0	0	0	1
11559_sub5	0	1	1	0	0	0	1	0
1156_sub0	0	1	0	1	0	0	0	1
1156_sub1	0	1	1	0	0	0	1	0
1156_sub2	1	18	8	10	8	10	0	0
11560_sub0	0	1	1	0	0	0	1	0
11560_sub1	1	17	6	11	6	11	0	0
11562_sub0	0	5	1	4	0	0	1	4
11562_sub1	0	1	1	0	0	0	1	0
11562_sub2	0	1	1	0	0	0	1	0
11562_sub3	0	1	1	0	0	0	1	0
11562_sub4	0	1	1	0	0	0	1	0
11562_sub5	0	1	1	0	0	0	1	0
11562_sub6	0	1	0	1	0	0	0	1
11562_sub7	0	1	1	0	0	0	1	0
11562_sub8	0	1	0	1	0	0	0	1
11562_sub9	0	1	0	1	0	0	0	1
11562_sub10	0	1	0	1	0	0	0	1
11566_sub0	1	7	4	3	4	3	0	0
11569_sub0	0	1	0	1	0	0	0	1
11569_sub1	0	5	4	1	0	0	4	1
11569_sub2	0	1	0	1	0	0	0	1
11569_sub3	0	1	0	1	0	0	0	1
11577_sub0	1	14	7	7	7	7	0	0
11577_sub1	0	1	1	0	0	0	1	0
11584_sub0	0	1	1	0	0	0	1	0
11584_sub1	0	1	0	1	0	0	0	1
11584_sub2	0	1	1	0	0	0	1	0
11584_sub3	0	1	1	0	0	0	1	0
11584_sub4	0	1	1	0	0	0	1	0
11584_sub5	0	1	1	0	0	0	1	0
11584_sub6	0	1	1	0	0	0	1	0
11584_sub7	0	1	1	0	0	0	1	0
11585_sub0	1	21	14	7	13	7	1	0
11585_sub1	0	1	1	0	0	0	1	0
11585_sub2	0	1	1	0	0	0	1	0
11589_sub0	1	9	6	3	6	3	0	0
11589_sub1	0	1	0	1	0	0	0	1
11592_sub0	0	1	1	0	0	0	1	0
11592_sub1	0	1	1	0	0	0	1	0
11592_sub2	0	1	1	0	0	0	1	0
11592_sub3	0	1	1	0	0	0	1	0
11592_sub4	0	1	0	1	0	0	0	1
11592_sub5	0	1	1	0	0	0	1	0
11592_sub6	0	1	1	0	0	0	1	0
11592_sub7	0	1	1	0	0	0	1	0
11598_sub0	1	14	7	7	7	7	0	0
11598_sub1	0	1	1	0	0	0	1	0
11598_sub2	0	1	0	1	0	0	0	1
11598_sub3	0	1	1	0	0	0	1	0
11598_sub4	0	1	0	1	0	0	0	1
11598_sub5	0	1	0	1	0	0	0	1
116_sub0	0	1	1	0	0	0	1	0
116_sub1	0	1	0	1	0	0	0	1
116_sub2	0	1	0	1	0	0	0	1
116_sub3	0	2	2	0	0	0	2	0
116_sub4	0	1	0	1	0	0	0	1
116_sub5	0	1	1	0	0	0	1	0
116_sub6	0	1	0	1	0	0	0	1
116_sub7	0	1	1	0	0	0	1	0
11606_sub0	1	13	8	5	8	5	0	0
11606_sub1	0	1	1	0	0	0	1	0
11606_sub2	0	1	1	0	0	0	1	0
11613_sub0	0	1	1	0	0	0	1	0
11613_sub1	0	1	1	0	0	0	1	0
11613_sub2	0	1	0	1	0	0	0	1
11613_sub3	0	1	0	1	0	0	0	1
11613_sub4	0	1	0	1	0	0	0	1
11613_sub5	0	1	0	1	0	0	0	1
11619_sub0	0	1	0	1	0	0	0	1
11619_sub1	0	1	0	1	0	0	0	1
11619_sub2	0	1	0	1	0	0	0	1
11619_sub3	0	2	1	1	0	0	1	1
11619_sub4	0	1	1	0	0	0	1	0
11619_sub5	0	1	1	0	0	0	1	0
11619_sub6	0	1	1	0	0	0	1	0
11619_sub7	1	6	2	4	2	4	0	0
11638_sub0	1	14	6	8	6	8	0	0
11638_sub1	0	1	0	1	0	0	0	1
11638_sub2	0	1	1	0	0	0	1	0
11638_sub3	0	1	0	1	0	0	0	1
1164_sub0	0	1	0	1	0	0	0	1
1164_sub1	1	13	5	8	5	8	0	0
1164_sub2	0	1	1	0	0	0	1	0
1164_sub3	0	1	1	0	0	0	1	0
1164_sub4	0	1	1	0	0	0	1	0
11640_sub0	0	1	0	1	0	0	0	1
11640_sub1	0	1	1	0	0	0	1	0
11640_sub2	0	1	1	0	0	0	1	0
11640_sub3	0	1	0	1	0	0	0	1
11640_sub4	0	1	1	0	0	0	1	0
11640_sub5	0	1	1	0	0	0	1	0
11641_sub0	0	1	0	1	0	0	0	1
11641_sub1	0	1	0	1	0	0	0	1
11641_sub2	0	1	0	1	0	0	0	1
11641_sub3	0	1	0	1	0	0	0	1
11641_sub4	0	1	1	0	0	0	1	0
11641_sub5	0	1	0	1	0	0	0	1
11642_sub0	1	14	5	9	5	9	0	0
11642_sub1	0	1	1	0	0	0	1	0
11642_sub2	0	1	0	1	0	0	0	1
11642_sub3	0	1	1	0	0	0	1	0
11650_sub0	0	1	0	1	0	0	0	1
11650_sub1	0	1	0	1	0	0	0	1
11650_sub2	0	1	1	0	0	0	1	0
11650_sub3	0	1	1	0	0	0	1	0
11650_sub4	0	1	0	1	0	0	0	1
11650_sub5	0	1	1	0	0	0	1	0
11650_sub6	0	1	1	0	0	0	1	0
11660_sub0	0	1	0	1	0	0	0	1
11660_sub1	0	1	1	0	0	0	1	0
11660_sub2	0	1	1	0	0	0	1	0
11660_sub3	0	1	0	1	0	0	0	1
11660_sub4	0	1	1	0	0	0	1	0
11660_sub5	0	1	0	1	0	0	0	1
11660_sub6	0	1	0	1	0	0	0	1
11662_sub0	0	1	1	0	0	0	1	0
11662_sub1	0	1	0	1	0	0	0	1
11662_sub2	0	1	0	1	0	0	0	1
11662_sub3	0	1	0	1	0	0	0	1
11662_sub4	0	1	0	1	0	0	0	1
11662_sub5	0	1	1	0	0	0	1	0
11671_sub0	1	8	2	6	2	6	0	0
11671_sub1	0	1	0	1	0	0	0	1
11671_sub2	0	1	1	0	0	0	1	0
11671_sub3	0	1	0	1	0	0	0	1
11677_sub0	0	1	1	0	0	0	1	0
11677_sub1	0	1	1	0	0	0	1	0
11677_sub2	0	1	0	1	0	0	0	1
11677_sub3	0	1	0	1	0	0	0	1
11677_sub4	0	1	0	1	0	0	0	1
11677_sub5	0	1	0	1	0	0	0	1
11681_sub0	0	1	1	0	0	0	1	0
11681_sub1	0	1	1	0	0	0	1	0
11681_sub2	0	1	0	1	0	0	0	1
11681_sub3	0	1	0	1	0	0	0	1
11681_sub4	0	1	1	0	0	0	1	0
11681_sub5	0	1	0	1	0	0	0	1
11684_sub0	0	1	1	0	0	0	1	0
11684_sub1	0	1	1	0	0	0	1	0
11684_sub2	0	1	0	1	0	0	0	1
11684_sub3	0	1	0	1	0	0	0	1
11684_sub4	0	1	1	0	0	0	1	0
11684_sub5	0	1	0	1	0	0	0	1
11687_sub0	1	6	3	3	3	3	0	0
11687_sub1	0	1	0	1	0	0	0	1
11687_sub2	0	1	1	0	0	0	1	0
1169_sub0	0	1	1	0	0	0	1	0
1169_sub1	0	1	1	0	0	0	1	0
1169_sub2	1	17	14	3	14	3	0	0
1169_sub3	0	1	0	1	0	0	0	1
1169_sub4	0	1	1	0	0	0	1	0
1169_sub5	0	1	0	1	0	0	0	1
11691_sub0	0	1	0	1	0	0	0	1
11691_sub1	0	1	0	1	0	0	0	1
11691_sub2	0	1	0	1	0	0	0	1
11691_sub3	0	1	1	0	0	0	1	0
11691_sub4	0	1	1	0	0	0	1	0
11691_sub5	0	1	0	1	0	0	0	1
11698_sub0	0	1	0	1	0	0	0	1
11698_sub1	0	1	0	1	0	0	0	1
11698_sub2	0	1	1	0	0	0	1	0
11698_sub3	0	1	1	0	0	0	1	0
11698_sub4	0	1	0	1	0	0	0	1
11698_sub5	0	2	1	1	0	0	1	1
11698_sub6	0	1	1	0	0	0	1	0
11698_sub7	0	1	0	1	0	0	0	1
117_sub0	0	1	1	0	0	0	1	0
117_sub1	1	13	4	9	4	9	0	0
117_sub2	0	1	0	1	0	0	0	1
117_sub3	0	1	1	0	0	0	1	0
117_sub4	0	1	0	1	0	0	0	1
117_sub5	0	1	0	1	0	0	0	1
11702_sub0	0	1	1	0	0	0	1	0
11702_sub1	0	1	1	0	0	0	1	0
11702_sub2	0	1	0	1	0	0	0	1
11702_sub3	0	1	1	0	0	0	1	0
11702_sub4	0	1	1	0	0	0	1	0
11702_sub5	0	1	0	1	0	0	0	1
11702_sub6	0	1	1	0	0	0	1	0
1171_sub0	0	1	0	1	0	0	0	1
1171_sub1	1	10	4	6	4	6	0	0
1171_sub2	0	1	1	0	0	0	1	0
1171_sub3	0	1	0	1	0	0	0	1
1171_sub4	0	1	0	1	0	0	0	1
1171_sub5	0	1	1	0	0	0	1	0
1171_sub6	0	1	0	1	0	0	0	1
1171_sub7	0	1	0	1	0	0	0	1
11715_sub0	0	1	1	0	0	0	1	0
11715_sub1	0	1	1	0	0	0	1	0
11715_sub2	1	7	4	3	4	3	0	0
11715_sub3	0	1	0	1	0	0	0	1
11715_sub4	0	1	1	0	0	0	1	0
11715_sub5	0	1	1	0	0	0	1	0
11715_sub6	0	1	0	1	0	0	0	1
11718_sub0	0	1	0	1	0	0	0	1
11718_sub1	1	14	6	8	6	8	0	0
11718_sub2	0	5	3	2	0	0	3	2
11718_sub3	0	1	1	0	0	0	1	0
11718_sub4	0	1	0	1	0	0	0	1
11720_sub0	1	16	9	7	9	7	0	0
11723_sub0	1	11	6	5	6	5	0	0
11723_sub1	0	1	1	0	0	0	1	0
11723_sub2	0	1	0	1	0	0	0	1
11723_sub3	0	1	0	1	0	0	0	1
11731_sub0	0	1	0	1	0	0	0	1
11731_sub1	0	1	1	0	0	0	1	0
11731_sub2	0	1	0	1	0	0	0	1
11731_sub3	0	1	1	0	0	0	1	0
11731_sub4	0	1	1	0	0	0	1	0
11731_sub5	0	1	1	0	0	0	1	0
11732_sub0	0	1	0	1	0	0	0	1
11732_sub1	0	1	1	0	0	0	1	0
11732_sub2	0	2	0	2	0	0	0	2
11732_sub3	0	1	0	1	0	0	0	1
11732_sub4	0	1	0	1	0	0	0	1
11732_sub5	0	1	0	1	0	0	0	1
11735_sub0	0	1	0	1	0	0	0	1
11735_sub1	0	1	1	0	0	0	1	0
11735_sub2	0	1	1	0	0	0	1	0
11735_sub3	0	1	0	1	0	0	0	1
11735_sub4	0	1	1	0	0	0	1	0
11735_sub5	0	1	1	0	0	0	1	0
11740_sub0	0	1	1	0	0	0	1	0
11740_sub1	0	1	1	0	0	0	1	0
11740_sub2	0	1	1	0	0	0	1	0
11740_sub3	0	1	1	0	0	0	1	0
11740_sub4	0	1	1	0	0	0	1	0
11740_sub5	0	1	0	1	0	0	0	1
11740_sub6	0	1	0	1	0	0	0	1
11742_sub0	0	1	0	1	0	0	0	1
11742_sub1	0	1	1	0	0	0	1	0
11742_sub2	0	1	0	1	0	0	0	1
11742_sub3	0	1	1	0	0	0	1	0
11742_sub4	0	1	1	0	0	0	1	0
11742_sub5	0	1	0	1	0	0	0	1
11743_sub0	0	1	1	0	0	0	1	0
11743_sub1	0	1	1	0	0	0	1	0
11743_sub2	0	1	0	1	0	0	0	1
11743_sub3	0	1	0	1	0	0	0	1
11743_sub4	0	1	1	0	0	0	1	0
11743_sub5	0	1	1	0	0	0	1	0
11745_sub0	0	1	0	1	0	0	0	1
11745_sub1	0	1	0	1	0	0	0	1
11745_sub2	0	4	3	1	0	0	3	1
11747_sub0	0	1	1	0	0	0	1	0
11747_sub1	0	1	0	1	0	0	0	1
11747_sub2	0	1	0	1	0	0	0	1
11747_sub3	0	1	1	0	0	0	1	0
11747_sub4	0	1	0	1	0	0	0	1
11747_sub5	0	1	1	0	0	0	1	0
11748_sub0	0	1	1	0	0	0	1	0
11748_sub1	0	1	0	1	0	0	0	1
11748_sub2	0	1	0	1	0	0	0	1
11748_sub3	0	1	1	0	0	0	1	0
11748_sub4	0	1	1	0	0	0	1	0
11748_sub5	0	1	0	1	0	0	0	1
1175_sub0	0	1	0	1	0	0	0	1
1175_sub1	1	11	7	4	7	4	0	0
1175_sub2	0	1	0	1	0	0	0	1
11754_sub0	1	12	7	5	7	5	0	0
11754_sub1	0	1	1	0	0	0	1	0
1176_sub0	0	1	0	1	0	0	0	1
1176_sub1	0	1	0	1	0	0	0	1
1176_sub2	1	17	13	4	13	4	0	0
1176_sub3	0	1	1	0	0	0	1	0
1176_sub4	0	1	1	0	0	0	1	0
11761_sub0	1	8	6	2	6	2	0	0
11761_sub1	0	1	1	0	0	0	1	0
11761_sub2	0	1	1	0	0	0	1	0
11761_sub3	0	1	0	1	0	0	0	1
11761_sub4	0	1	0	1	0	0	0	1
11771_sub0	0	1	1	0	0	0	1	0
11771_sub1	0	1	1	0	0	0	1	0
11771_sub2	0	1	1	0	0	0	1	0
11771_sub3	0	1	1	0	0	0	1	0
11771_sub4	0	1	1	0	0	0	1	0
11771_sub5	0	1	1	0	0	0	1	0
11771_sub6	0	1	1	0	0	0	1	0
11778_sub0	1	11	5	6	5	6	0	0
11778_sub1	0	1	1	0	0	0	1	0
11778_sub2	0	1	0	1	0	0	0	1
11778_sub3	0	1	1	0	0	0	1	0
11792_sub0	0	1	1	0	0	0	1	0
11792_sub1	0	1	1	0	0	0	1	0
11792_sub2	0	1	0	1	0	0	0	1
11792_sub3	0	1	1	0	0	0	1	0
11792_sub4	0	1	0	1	0	0	0	1
11792_sub5	0	1	0	1	0	0	0	1
11792_sub6	0	1	0	1	0	0	0	1
11793_sub0	0	1	1	0	0	0	1	0
11793_sub1	0	2	1	1	0	0	1	1
11793_sub2	0	1	1	0	0	0	1	0
11793_sub3	0	1	1	0	0	0	1	0
11793_sub4	0	1	0	1	0	0	0	1
11793_sub5	0	1	0	1	0	0	0	1
11799_sub0	1	8	5	3	5	3	0	0
1180_sub0	0	1	1	0	0	0	1	0
1180_sub1	0	1	1	0	0	0	1	0
1180_sub2	0	1	0	1	0	0	0	1
1180_sub3	0	1	1	0	0	0	1	0
1180_sub4	0	1	0	1	0	0	0	1
1180_sub5	0	1	0	1	0	0	0	1
11803_sub0	0	2	1	1	0	0	1	1
11803_sub1	0	1	1	0	0	0	1	0
11803_sub2	0	1	1	0	0	0	1	0
11803_sub3	0	1	0	1	0	0	0	1
11803_sub4	0	1	1	0	0	0	1	0
11807_sub0	0	1	1	0	0	0	1	0
11807_sub1	0	1	1	0	0	0	1	0
11807_sub2	0	1	0	1	0	0	0	1
11807_sub3	0	1	0	1	0	0	0	1
11807_sub4	0	1	0	1	0	0	0	1
11807_sub5	0	1	1	0	0	0	1	0
11807_sub6	0	1	0	1	0	0	0	1
11809_sub0	0	1	1	0	0	0	1	0
11809_sub1	0	1	1	0	0	0	1	0
11809_sub2	0	1	1	0	0	0	1	0
11809_sub3	0	1	0	1	0	0	0	1
11809_sub4	0	1	0	1	0	0	0	1
11809_sub5	0	1	0	1	0	0	0	1
11811_sub0	0	1	0	1	0	0	0	1
11811_sub1	0	1	0	1	0	0	0	1
11811_sub2	0	1	1	0	0	0	1	0
11811_sub3	0	1	0	1	0	0	0	1
11811_sub4	0	1	1	0	0	0	1	0
11811_sub5	0	1	0	1	0	0	0	1
1182_sub0	0	1	0	1	0	0	0	1
1182_sub1	1	15	5	10	5	10	0	0
1182_sub2	0	1	1	0	0	0	1	0
1182_sub3	0	1	1	0	0	0	1	0
11821_sub0	0	1	0	1	0	0	0	1
11821_sub1	0	1	1	0	0	0	1	0
11821_sub2	0	1	1	0	0	0	1	0
11821_sub3	0	1	0	1	0	0	0	1
11821_sub4	0	1	1	0	0	0	1	0
11821_sub5	0	1	0	1	0	0	0	1
11824_sub0	0	1	1	0	0	0	1	0
11824_sub1	1	12	8	4	8	4	0	0
11824_sub2	0	1	1	0	0	0	1	0
11824_sub3	0	1	1	0	0	0	1	0
11824_sub4	0	1	0	1	0	0	0	1
11824_sub5	0	1	1	0	0	0	1	0
11824_sub6	0	1	1	0	0	0	1	0
11824_sub7	0	1	1	0	0	0	1	0
11824_sub8	0	1	1	0	0	0	1	0
11829_sub0	1	11	9	2	9	2	0	0
11829_sub1	0	1	1	0	0	0	1	0
11829_sub2	0	1	0	1	0	0	0	1
11829_sub3	0	1	1	0	0	0	1	0
1183_sub0	0	1	0	1	0	0	0	1
1183_sub1	1	8	2	6	2	6	0	0
11830_sub0	1	13	9	4	9	4	0	0
11830_sub1	0	1	0	1	0	0	0	1
11832_sub0	0	1	0	1	0	0	0	1
11832_sub1	0	1	0	1	0	0	0	1
11832_sub2	0	1	1	0	0	0	1	0
11832_sub3	0	1	1	0	0	0	1	0
11832_sub4	0	1	1	0	0	0	1	0
11832_sub5	0	1	1	0	0	0	1	0
11832_sub6	0	1	1	0	0	0	1	0
11832_sub7	0	1	0	1	0	0	0	1
11832_sub8	0	1	0	1	0	0	0	1
11832_sub9	0	1	0	1	0	0	0	1
11832_sub10	0	1	1	0	0	0	1	0
11836_sub0	1	11	4	7	4	7	0	0
11836_sub1	0	1	1	0	0	0	1	0
11836_sub2	0	1	0	1	0	0	0	1
11836_sub3	0	1	0	1	0	0	0	1
11836_sub4	0	1	1	0	0	0	1	0
11845_sub0	1	7	4	3	4	3	0	0
11845_sub1	0	1	1	0	0	0	1	0
11845_sub2	0	1	0	1	0	0	0	1
11845_sub3	0	1	0	1	0	0	0	1
11845_sub4	0	1	1	0	0	0	1	0
11846_sub0	1	9	4	5	4	5	0	0
11846_sub1	0	1	0	1	0	0	0	1
11846_sub2	0	1	0	1	0	0	0	1
11846_sub3	0	1	1	0	0	0	1	0
11846_sub4	0	1	1	0	0	0	1	0
11846_sub5	0	1	0	1	0	0	0	1
11846_sub6	0	1	0	1	0	0	0	1
11846_sub7	0	1	1	0	0	0	1	0
11846_sub8	0	1	0	1	0	0	0	1
11849_sub0	0	1	1	0	0	0	1	0
11849_sub1	0	1	0	1	0	0	0	1
11849_sub2	0	1	1	0	0	0	1	0
11849_sub3	0	1	0	1	0	0	0	1
11849_sub4	0	1	1	0	0	0	1	0
11849_sub5	0	1	1	0	0	0	1	0
11849_sub6	0	1	0	1	0	0	0	1
11849_sub7	0	1	0	1	0	0	0	1
11849_sub8	0	1	1	0	0	0	1	0
11860_sub0	1	8	4	4	4	4	0	0
11860_sub1	0	1	1	0	0	0	1	0
11860_sub2	0	1	0	1	0	0	0	1
11860_sub3	0	1	0	1	0	0	0	1
11860_sub4	0	1	1	0	0	0	1	0
11860_sub5	0	1	1	0	0	0	1	0
11863_sub0	1	8	7	1	7	1	0	0
11863_sub1	0	1	1	0	0	0	1	0
11863_sub2	0	1	1	0	0	0	1	0
11870_sub0	0	1	0	1	0	0	0	1
11870_sub1	0	1	1	0	0	0	1	0
11870_sub2	0	1	1	0	0	0	1	0
11870_sub3	0	1	0	1	0	0	0	1
11870_sub4	0	1	0	1	0	0	0	1
11870_sub5	0	1	1	0	0	0	1	0
11874_sub0	0	1	1	0	0	0	1	0
11874_sub1	0	1	1	0	0	0	1	0
11874_sub2	0	1	0	1	0	0	0	1
11874_sub3	0	1	0	1	0	0	0	1
11874_sub4	0	1	1	0	0	0	1	0
11874_sub5	0	1	1	0	0	0	1	0
11874_sub6	0	1	1	0	0	0	1	0
11874_sub7	0	1	0	1	0	0	0	1
11883_sub0	0	1	1	0	0	0	1	0
11883_sub1	0	1	1	0	0	0	1	0
11883_sub2	0	1	1	0	0	0	1	0
11883_sub3	0	1	1	0	0	0	1	0
11883_sub4	0	1	0	1	0	0	0	1
11883_sub5	0	1	0	1	0	0	0	1
11883_sub6	0	1	1	0	0	0	1	0
11883_sub7	0	1	1	0	0	0	1	0
11917_sub0	0	1	1	0	0	0	1	0
11917_sub1	0	1	0	1	0	0	0	1
11917_sub2	0	1	0	1	0	0	0	1
11917_sub3	0	1	1	0	0	0	1	0
11917_sub4	0	1	1	0	0	0	1	0
11917_sub5	0	1	0	1	0	0	0	1
11918_sub0	0	1	1	0	0	0	1	0
11918_sub1	0	1	1	0	0	0	1	0
11918_sub2	0	1	0	1	0	0	0	1
11918_sub3	0	1	1	0	0	0	1	0
11918_sub4	0	1	0	1	0	0	0	1
11918_sub5	0	1	1	0	0	0	1	0
11918_sub6	0	1	0	1	0	0	0	1
1192_sub0	0	1	1	0	0	0	1	0
1192_sub1	1	17	9	8	9	8	0	0
1192_sub2	0	1	1	0	0	0	1	0
1192_sub3	0	1	0	1	0	0	0	1
1192_sub4	0	2	0	2	0	0	0	2
11923_sub0	0	1	0	1	0	0	0	1
11923_sub1	0	1	0	1	0	0	0	1
11923_sub2	0	1	0	1	0	0	0	1
11923_sub3	0	1	1	0	0	0	1	0
11923_sub4	0	1	0	1	0	0	0	1
11923_sub5	0	1	0	1	0	0	0	1
11923_sub6	0	1	0	1	0	0	0	1
11923_sub7	0	1	1	0	0	0	1	0
11923_sub8	0	1	0	1	0	0	0	1
1193_sub0	0	1	0	1	0	0	0	1
1193_sub1	1	6	3	3	3	3	0	0
1193_sub2	0	1	1	0	0	0	1	0
1193_sub3	0	1	1	0	0	0	1	0
1193_sub4	0	1	0	1	0	0	0	1
11946_sub0	0	1	1	0	0	0	1	0
11946_sub1	0	1	0	1	0	0	0	1
11946_sub2	0	1	1	0	0	0	1	0
11946_sub3	0	1	1	0	0	0	1	0
11946_sub4	0	1	1	0	0	0	1	0
11946_sub5	0	1	1	0	0	0	1	0
11946_sub6	0	1	0	1	0	0	0	1
11946_sub7	0	1	1	0	0	0	1	0
11947_sub0	1	13	8	5	8	5	0	0
11947_sub1	0	2	0	2	0	0	0	2
11949_sub0	1	6	3	3	3	3	0	0
11949_sub1	0	2	0	2	0	0	0	2
11949_sub2	0	1	1	0	0	0	1	0
11959_sub0	0	3	1	2	0	0	1	2
11959_sub1	0	1	1	0	0	0	1	0
11959_sub2	0	1	0	1	0	0	0	1
11959_sub3	0	1	1	0	0	0	1	0
1196_sub0	1	19	7	12	7	12	0	0
1196_sub1	0	1	1	0	0	0	1	0
1196_sub2	0	1	1	0	0	0	1	0
1196_sub3	0	1	1	0	0	0	1	0
1196_sub4	0	1	1	0	0	0	1	0
1196_sub5	0	1	1	0	0	0	1	0
1196_sub6	0	1	0	1	0	0	0	1
11960_sub0	0	1	0	1	0	0	0	1
11960_sub1	0	1	0	1	0	0	0	1
11960_sub2	0	1	0	1	0	0	0	1
11960_sub3	0	1	1	0	0	0	1	0
11960_sub4	0	1	0	1	0	0	0	1
11960_sub5	0	1	0	1	0	0	0	1
11960_sub6	0	1	1	0	0	0	1	0
11960_sub7	0	1	1	0	0	0	1	0
11965_sub0	0	1	1	0	0	0	1	0
11965_sub1	1	6	6	0	6	0	0	0
11965_sub2	0	1	0	1	0	0	0	1
11972_sub0	0	1	1	0	0	0	1	0
11972_sub1	0	1	0	1	0	0	0	1
11972_sub2	0	1	0	1	0	0	0	1
11972_sub3	0	1	0	1	0	0	0	1
11972_sub4	0	1	1	0	0	0	1	0
11972_sub5	0	1	1	0	0	0	1	0
11972_sub6	0	1	0	1	0	0	0	1
11972_sub7	0	1	1	0	0	0	1	0
11972_sub8	0	1	1	0	0	0	1	0
11982_sub0	0	1	0	1	0	0	0	1
11982_sub1	0	1	0	1	0	0	0	1
11982_sub2	0	1	1	0	0	0	1	0
11982_sub3	0	1	0	1	0	0	0	1
11982_sub4	0	1	0	1	0	0	0	1
11982_sub5	0	1	1	0	0	0	1	0
11986_sub0	0	1	1	0	0	0	1	0
11986_sub1	0	1	0	1	0	0	0	1
11986_sub2	1	8	5	3	5	3	0	0
11986_sub3	0	1	0	1	0	0	0	1
11987_sub0	0	1	0	1	0	0	0	1
11987_sub1	0	1	0	1	0	0	0	1
11987_sub2	0	1	1	0	0	0	1	0
11987_sub3	0	2	2	0	0	0	2	0
11987_sub4	0	1	0	1	0	0	0	1
11987_sub5	0	1	0	1	0	0	0	1
11992_sub0	1	6	2	4	2	4	0	0
11998_sub0	0	1	0	1	0	0	0	1
11998_sub1	0	1	0	1	0	0	0	1
11998_sub2	0	1	1	0	0	0	1	0
11998_sub3	0	1	1	0	0	0	1	0
11998_sub4	0	1	1	0	0	0	1	0
11998_sub5	0	1	0	1	0	0	0	1
11998_sub6	0	1	1	0	0	0	1	0
12001_sub0	0	1	0	1	0	0	0	1
12001_sub1	0	1	0	1	0	0	0	1
12001_sub2	0	1	0	1	0	0	0	1
12001_sub3	0	1	0	1	0	0	0	1
12001_sub4	0	1	1	0	0	0	1	0
12001_sub5	0	1	1	0	0	0	1	0
12006_sub0	0	1	1	0	0	0	1	0
12006_sub1	0	1	0	1	0	0	0	1
12006_sub2	0	1	0	1	0	0	0	1
12006_sub3	0	1	1	0	0	0	1	0
12006_sub4	0	1	0	1	0	0	0	1
12006_sub5	0	1	0	1	0	0	0	1
12006_sub6	0	1	0	1	0	0	0	1
12012_sub0	0	1	1	0	0	0	1	0
12012_sub1	0	1	0	1	0	0	0	1
12012_sub2	0	1	0	1	0	0	0	1
12012_sub3	0	1	1	0	0	0	1	0
12012_sub4	0	1	1	0	0	0	1	0
12012_sub5	0	1	0	1	0	0	0	1
12016_sub0	0	1	1	0	0	0	1	0
12016_sub1	0	1	0	1	0	0	0	1
12016_sub2	0	1	1	0	0	0	1	0
12016_sub3	0	1	0	1	0	0	0	1
12016_sub4	0	2	2	0	0	0	2	0
12016_sub5	0	1	0	1	0	0	0	1
12018_sub0	0	1	0	1	0	0	0	1
12018_sub1	0	1	0	1	0	0	0	1
12018_sub2	0	1	0	1	0	0	0	1
12018_sub3	0	1	0	1	0	0	0	1
12018_sub4	0	1	1	0	0	0	1	0
12018_sub5	0	1	0	1	0	0	0	1
12019_sub0	0	1	0	1	0	0	0	1
12019_sub1	0	1	1	0	0	0	1	0
12019_sub2	0	1	1	0	0	0	1	0
12019_sub3	0	1	0	1	0	0	0	1
12019_sub4	0	1	0	1	0	0	0	1
12019_sub5	0	1	0	1	0	0	0	1
12019_sub6	0	1	0	1	0	0	0	1
12019_sub7	0	1	0	1	0	0	0	1
1202_sub0	0	1	1	0	0	0	1	0
1202_sub1	1	7	4	3	4	3	0	0
12021_sub0	1	10	8	2	8	2	0	0
12021_sub1	0	1	1	0	0	0	1	0
12021_sub2	0	1	1	0	0	0	1	0
12024_sub0	0	1	0	1	0	0	0	1
12024_sub1	0	1	1	0	0	0	1	0
12024_sub2	0	1	1	0	0	0	1	0
12024_sub3	0	1	1	0	0	0	1	0
12024_sub4	0	1	0	1	0	0	0	1
12024_sub5	0	1	0	1	0	0	0	1
12025_sub0	0	1	1	0	0	0	1	0
12025_sub1	0	1	0	1	0	0	0	1
12025_sub2	0	1	0	1	0	0	0	1
12025_sub3	0	1	0	1	0	0	0	1
12025_sub4	0	1	0	1	0	0	0	1
12025_sub5	0	1	0	1	0	0	0	1
12028_sub0	1	17	9	8	9	8	0	0
12028_sub1	0	1	0	1	0	0	0	1
12028_sub2	0	1	1	0	0	0	1	0
12028_sub3	0	1	0	1	0	0	0	1
12028_sub4	0	1	1	0	0	0	1	0
12029_sub0	0	1	0	1	0	0	0	1
12029_sub1	0	1	0	1	0	0	0	1
12029_sub2	0	1	0	1	0	0	0	1
12029_sub3	0	1	0	1	0	0	0	1
12029_sub4	0	1	0	1	0	0	0	1
12029_sub5	0	1	1	0	0	0	1	0
1203_sub0	1	18	8	10	8	10	0	0
1203_sub1	0	1	1	0	0	0	1	0
1203_sub2	0	1	0	1	0	0	0	1
1203_sub3	0	1	1	0	0	0	1	0
1203_sub4	0	1	0	1	0	0	0	1
1203_sub5	0	1	1	0	0	0	1	0
1204_sub0	1	7	1	6	1	6	0	0
1204_sub1	0	1	0	1	0	0	0	1
1204_sub2	0	1	0	1	0	0	0	1
12046_sub0	0	1	1	0	0	0	1	0
12046_sub1	0	1	0	1	0	0	0	1
12046_sub2	0	1	1	0	0	0	1	0
12046_sub3	0	1	0	1	0	0	0	1
12046_sub4	0	1	0	1	0	0	0	1
12046_sub5	0	1	1	0	0	0	1	0
12046_sub6	0	1	1	0	0	0	1	0
12046_sub7	0	1	0	1	0	0	0	1
12048_sub0	0	1	0	1	0	0	0	1
12048_sub1	1	7	2	5	2	5	0	0
12054_sub0	1	18	7	11	7	11	0	0
12054_sub1	0	1	1	0	0	0	1	0
12054_sub2	0	1	1	0	0	0	1	0
12054_sub3	0	1	1	0	0	0	1	0
12054_sub4	0	1	1	0	0	0	1	0
12054_sub5	0	1	0	1	0	0	0	1
12057_sub0	0	1	1	0	0	0	1	0
12057_sub1	0	1	0	1	0	0	0	1
12057_sub2	0	1	1	0	0	0	1	0
12057_sub3	0	1	0	1	0	0	0	1
12057_sub4	0	1	1	0	0	0	1	0
12057_sub5	0	1	0	1	0	0	0	1
12057_sub6	0	1	1	0	0	0	1	0
12057_sub7	0	1	1	0	0	0	1	0
12057_sub8	0	1	0	1	0	0	0	1
12059_sub0	0	1	1	0	0	0	1	0
12059_sub1	0	1	0	1	0	0	0	1
12059_sub2	0	1	1	0	0	0	1	0
12059_sub3	0	1	0	1	0	0	0	1
12059_sub4	0	1	1	0	0	0	1	0
12059_sub5	0	1	1	0	0	0	1	0
12059_sub6	0	1	1	0	0	0	1	0
12059_sub7	0	1	1	0	0	0	1	0
1206_sub0	1	13	9	4	9	4	0	0
1206_sub1	0	1	1	0	0	0	1	0
1206_sub2	0	1	1	0	0	0	1	0
1206_sub3	0	1	1	0	0	0	1	0
1206_sub4	0	1	1	0	0	0	1	0
1206_sub5	0	1	1	0	0	0	1	0
12063_sub0	0	1	1	0	0	0	1	0
12063_sub1	0	1	1	0	0	0	1	0
12063_sub2	0	1	1	0	0	0	1	0
12063_sub3	0	1	0	1	0	0	0	1
12063_sub4	0	1	0	1	0	0	0	1
12063_sub5	0	1	0	1	0	0	0	1
12063_sub6	0	1	0	1	0	0	0	1
12067_sub0	0	1	1	0	0	0	1	0
12067_sub1	0	1	0	1	0	0	0	1
12067_sub2	0	1	0	1	0	0	0	1
12067_sub3	0	1	1	0	0	0	1	0
12067_sub4	0	1	1	0	0	0	1	0
12067_sub5	0	1	1	0	0	0	1	0
12078_sub0	1	7	4	3	4	3	0	0
12080_sub0	0	1	1	0	0	0	1	0
12080_sub1	0	1	1	0	0	0	1	0
12080_sub2	0	1	0	1	0	0	0	1
12080_sub3	0	1	0	1	0	0	0	1
12080_sub4	0	1	1	0	0	0	1	0
12080_sub5	0	1	1	0	0	0	1	0
12080_sub6	0	1	0	1	0	0	0	1
12080_sub7	0	1	1	0	0	0	1	0
12080_sub8	0	1	0	1	0	0	0	1
12080_sub9	0	1	0	1	0	0	0	1
12086_sub0	0	1	0	1	0	0	0	1
12086_sub1	0	1	0	1	0	0	0	1
12086_sub2	0	1	0	1	0	0	0	1
12086_sub3	0	1	1	0	0	0	1	0
12086_sub4	0	1	1	0	0	0	1	0
12086_sub5	0	1	0	1	0	0	0	1
12093_sub0	0	1	1	0	0	0	1	0
12093_sub1	0	1	1	0	0	0	1	0
12093_sub2	0	1	0	1	0	0	0	1
12093_sub3	0	1	0	1	0	0	0	1
12093_sub4	0	1	0	1	0	0	0	1
12093_sub5	0	1	0	1	0	0	0	1
12093_sub6	0	1	0	1	0	0	0	1
12093_sub7	0	1	0	1	0	0	0	1
121_sub0	0	1	0	1	0	0	0	1
121_sub1	1	17	9	8	9	8	0	0
121_sub2	0	1	0	1	0	0	0	1
121_sub3	0	1	0	1	0	0	0	1
121_sub4	0	1	1	0	0	0	1	0
121_sub5	0	1	1	0	0	0	1	0
12105_sub0	0	1	1	0	0	0	1	0
12105_sub1	0	1	1	0	0	0	1	0
12105_sub2	0	1	1	0	0	0	1	0
12105_sub3	0	1	0	1	0	0	0	1
12105_sub4	0	1	0	1	0	0	0	1
12105_sub5	0	1	1	0	0	0	1	0
12109_sub0	1	20	10	10	10	10	0	0
12109_sub1	0	1	0	1	0	0	0	1
12109_sub2	0	1	1	0	0	0	1	0
12109_sub3	0	1	1	0	0	0	1	0
12110_sub0	0	2	1	1	0	0	1	1
12110_sub1	0	1	0	1	0	0	0	1
12110_sub2	0	1	1	0	0	0	1	0
12110_sub3	0	1	1	0	0	0	1	0
12110_sub4	0	1	1	0	0	0	1	0
12114_sub0	1	8	3	5	3	5	0	0
12114_sub1	0	1	1	0	0	0	1	0
12114_sub2	0	1	0	1	0	0	0	1
12114_sub3	0	1	0	1	0	0	0	1
12115_sub0	1	7	4	3	4	3	0	0
12115_sub1	0	1	0	1	0	0	0	1
1212_sub0	1	13	5	8	5	8	0	0
1212_sub1	0	1	0	1	0	0	0	1
1212_sub2	0	1	1	0	0	0	1	0
1212_sub3	0	1	0	1	0	0	0	1
1212_sub4	0	1	0	1	0	0	0	1
1212_sub5	0	1	1	0	0	0	1	0
12126_sub0	0	4	3	1	0	0	3	1
12126_sub1	0	1	1	0	0	0	1	0
12126_sub2	0	1	0	1	0	0	0	1
12127_sub0	0	1	1	0	0	0	1	0
12127_sub1	1	7	2	5	2	5	0	0
12127_sub2	0	1	0	1	0	0	0	1
12127_sub3	0	1	1	0	0	0	1	0
12127_sub4	0	1	0	1	0	0	0	1
1214_sub0	1	10	5	5	5	5	0	0
1214_sub1	0	1	1	0	0	0	1	0
1214_sub2	0	1	1	0	0	0	1	0
1214_sub3	0	1	0	1	0	0	0	1
12154_sub0	0	1	0	1	0	0	0	1
12154_sub1	1	7	5	2	5	2	0	0
12154_sub2	0	1	1	0	0	0	1	0
12154_sub3	0	1	1	0	0	0	1	0
12155_sub0	0	5	3	2	0	0	3	2
12155_sub1	0	1	0	1	0	0	0	1
12155_sub2	0	1	0	1	0	0	0	1
12155_sub3	0	1	0	1	0	0	0	1
12155_sub4	0	1	0	1	0	0	0	1
12155_sub5	0	1	0	1	0	0	0	1
12159_sub0	0	1	1	0	0	0	1	0
12159_sub1	0	1	1	0	0	0	1	0
12159_sub2	0	1	1	0	0	0	1	0
12159_sub3	0	1	1	0	0	0	1	0
12159_sub4	0	1	0	1	0	0	0	1
12159_sub5	0	1	0	1	0	0	0	1
12159_sub6	0	1	1	0	0	0	1	0
1216_sub0	0	1	0	1	0	0	0	1
1216_sub1	0	1	1	0	0	0	1	0
1216_sub2	0	1	1	0	0	0	1	0
1216_sub3	0	1	1	0	0	0	1	0
1216_sub4	0	1	1	0	0	0	1	0
1216_sub5	0	1	1	0	0	0	1	0
1216_sub6	0	1	1	0	0	0	1	0
1216_sub7	0	1	0	1	0	0	0	1
12164_sub0	0	1	0	1	0	0	0	1
12164_sub1	0	1	0	1	0	0	0	1
12164_sub2	0	1	1	0	0	0	1	0
12164_sub3	0	1	0	1	0	0	0	1
12164_sub4	0	1	0	1	0	0	0	1
12164_sub5	0	1	0	1	0	0	0	1
12164_sub6	0	1	1	0	0	0	1	0
12164_sub7	0	1	0	1	0	0	0	1
12170_sub0	1	9	5	4	5	4	0	0
12170_sub1	0	1	1	0	0	0	1	0
12170_sub2	0	1	1	0	0	0	1	0
1218_sub0	1	9	4	5	4	5	0	0
1218_sub1	0	1	1	0	0	0	1	0
1218_sub2	0	1	0	1	0	0	0	1
1218_sub3	0	1	0	1	0	0	0	1
1218_sub4	0	1	1	0	0	0	1	0
12181_sub0	0	1	1	0	0	0	1	0
12181_sub1	0	1	0	1	0	0	0	1
12181_sub2	0	1	1	0	0	0	1	0
12181_sub3	0	1	1	0	0	0	1	0
12181_sub4	0	1	1	0	0	0	1	0
12181_sub5	0	1	1	0	0	0	1	0
12181_sub6	0	1	0	1	0	0	0	1
12186_sub0	0	1	0	1	0	0	0	1
12186_sub1	0	1	0	1	0	0	0	1
12186_sub2	0	1	1	0	0	0	1	0
12186_sub3	0	1	1	0	0	0	1	0
12186_sub4	0	1	0	1	0	0	0	1
12186_sub5	0	1	0	1	0	0	0	1
12186_sub6	0	1	1	0	0	0	1	0
12186_sub7	0	1	1	0	0	0	1	0
12186_sub8	0	1	0	1	0	0	0	1
12188_sub0	1	8	4	4	4	4	0	0
12188_sub1	0	1	1	0	0	0	1	0
12188_sub2	0	1	1	0	0	0	1	0
12188_sub3	0	1	0	1	0	0	0	1
12188_sub4	0	1	1	0	0	0	1	0
12191_sub0	1	7	2	5	2	5	0	0
12191_sub1	0	1	0	1	0	0	0	1
12192_sub0	0	1	1	0	0	0	1	0
12192_sub1	0	1	1	0	0	0	1	0
12192_sub2	0	1	1	0	0	0	1	0
12192_sub3	0	1	0	1	0	0	0	1
12192_sub4	0	1	1	0	0	0	1	0
12192_sub5	0	1	0	1	0	0	0	1
12192_sub6	0	1	1	0	0	0	1	0
12203_sub0	1	7	3	4	3	4	0	0
12203_sub1	0	1	1	0	0	0	1	0
12203_sub2	0	1	0	1	0	0	0	1
12203_sub3	0	1	1	0	0	0	1	0
12204_sub0	0	1	0	1	0	0	0	1
12204_sub1	0	1	1	0	0	0	1	0
12204_sub2	0	1	0	1	0	0	0	1
12204_sub3	0	1	1	0	0	0	1	0
12204_sub4	0	1	0	1	0	0	0	1
12204_sub5	0	1	0	1	0	0	0	1
12206_sub0	1	6	1	5	1	5	0	0
12206_sub1	0	1	0	1	0	0	0	1
12206_sub2	0	1	0	1	0	0	0	1
12208_sub0	0	1	0	1	0	0	0	1
12208_sub1	0	1	1	0	0	0	1	0
12208_sub2	0	1	1	0	0	0	1	0
12208_sub3	0	1	0	1	0	0	0	1
12208_sub4	0	1	1	0	0	0	1	0
12208_sub5	0	1	0	1	0	0	0	1
12210_sub0	0	1	0	1	0	0	0	1
12210_sub1	0	1	0	1	0	0	0	1
12210_sub2	0	1	1	0	0	0	1	0
12210_sub3	0	1	0	1	0	0	0	1
12210_sub4	0	1	0	1	0	0	0	1
12210_sub5	0	1	1	0	0	0	1	0
12219_sub0	0	1	0	1	0	0	0	1
12219_sub1	0	1	0	1	0	0	0	1
12219_sub2	0	1	0	1	0	0	0	1
12219_sub3	0	1	1	0	0	0	1	0
12219_sub4	0	1	0	1	0	0	0	1
12219_sub5	0	2	2	0	0	0	2	0
12220_sub0	1	7	3	4	3	4	0	0
12220_sub1	0	1	1	0	0	0	1	0
12220_sub2	0	1	0	1	0	0	0	1
12220_sub3	0	1	1	0	0	0	1	0
12220_sub4	0	1	1	0	0	0	1	0
12220_sub5	0	1	1	0	0	0	1	0
12220_sub6	0	1	0	1	0	0	0	1
12220_sub7	0	1	1	0	0	0	1	0
12220_sub8	0	1	1	0	0	0	1	0
12225_sub0	0	1	0	1	0	0	0	1
12225_sub1	0	4	2	2	0	0	2	2
12225_sub2	0	1	1	0	0	0	1	0
12225_sub3	0	1	1	0	0	0	1	0
12240_sub0	0	1	1	0	0	0	1	0
12240_sub1	0	5	5	0	0	0	5	0
12240_sub2	0	1	1	0	0	0	1	0
12240_sub3	0	1	0	1	0	0	0	1
12240_sub4	0	1	1	0	0	0	1	0
12247_sub0	0	1	0	1	0	0	0	1
12247_sub1	0	1	0	1	0	0	0	1
12247_sub2	0	1	1	0	0	0	1	0
12247_sub3	0	1	1	0	0	0	1	0
12247_sub4	0	1	0	1	0	0	0	1
12247_sub5	0	1	1	0	0	0	1	0
12247_sub6	0	1	1	0	0	0	1	0
1225_sub0	1	8	5	3	5	3	0	0
1225_sub1	0	1	1	0	0	0	1	0
1225_sub2	0	1	1	0	0	0	1	0
12250_sub0	0	1	0	1	0	0	0	1
12250_sub1	0	1	0	1	0	0	0	1
12250_sub2	0	1	0	1	0	0	0	1
12250_sub3	0	1	0	1	0	0	0	1
12250_sub4	0	1	0	1	0	0	0	1
12250_sub5	0	1	1	0	0	0	1	0
12250_sub6	0	1	0	1	0	0	0	1
12252_sub0	1	10	8	2	8	2	0	0
12252_sub1	0	1	0	1	0	0	0	1
12252_sub2	0	2	0	2	0	0	0	2
12252_sub3	0	1	1	0	0	0	1	0
12254_sub0	1	17	3	14	3	14	0	0
12272_sub0	1	16	8	8	8	8	0	0
12272_sub1	0	1	0	1	0	0	0	1
12272_sub2	0	1	0	1	0	0	0	1
12272_sub3	0	1	0	1	0	0	0	1
12273_sub0	0	1	1	0	0	0	1	0
12273_sub1	0	1	0	1	0	0	0	1
12273_sub2	0	1	1	0	0	0	1	0
12273_sub3	0	1	1	0	0	0	1	0
12273_sub4	0	1	1	0	0	0	1	0
12273_sub5	0	1	0	1	0	0	0	1
12276_sub0	0	1	0	1	0	0	0	1
12276_sub1	0	1	0	1	0	0	0	1
12276_sub2	0	1	1	0	0	0	1	0
12276_sub3	0	1	0	1	0	0	0	1
12276_sub4	0	1	0	1	0	0	0	1
12276_sub5	0	1	1	0	0	0	1	0
1228_sub0	1	10	8	2	8	2	0	0
1228_sub1	0	1	0	1	0	0	0	1
12284_sub0	0	1	1	0	0	0	1	0
12284_sub1	0	2	1	1	0	0	1	1
12284_sub2	0	1	1	0	0	0	1	0
12284_sub3	0	1	0	1	0	0	0	1
12284_sub4	0	1	1	0	0	0	1	0
12284_sub5	0	1	0	1	0	0	0	1
12284_sub6	0	1	1	0	0	0	1	0
12284_sub7	0	1	0	1	0	0	0	1
12284_sub8	0	1	1	0	0	0	1	0
12287_sub0	1	16	7	9	7	9	0	0
12287_sub1	0	1	0	1	0	0	0	1
12287_sub2	0	1	1	0	0	0	1	0
12287_sub3	0	1	1	0	0	0	1	0
12287_sub4	0	1	1	0	0	0	1	0
12287_sub5	0	1	0	1	0	0	0	1
12287_sub6	0	1	1	0	0	0	1	0
12290_sub0	1	13	8	5	8	5	0	0
12290_sub1	0	1	1	0	0	0	1	0
12291_sub0	1	10	2	8	2	8	0	0
12291_sub1	0	1	1	0	0	0	1	0
123_sub0	0	1	1	0	0	0	1	0
123_sub1	0	1	1	0	0	0	1	0
123_sub2	0	1	1	0	0	0	1	0
123_sub3	0	1	1	0	0	0	1	0
123_sub4	1	10	4	6	4	6	0	0
123_sub5	0	1	0	1	0	0	0	1
123_sub6	0	1	1	0	0	0	1	0
123_sub7	0	1	0	1	0	0	0	1
123_sub8	0	1	1	0	0	0	1	0
123_sub9	0	1	0	1	0	0	0	1
12311_sub0	0	1	1	0	0	0	1	0
12311_sub1	0	1	0	1	0	0	0	1
12311_sub2	0	1	0	1	0	0	0	1
12311_sub3	0	1	0	1	0	0	0	1
12311_sub4	0	1	1	0	0	0	1	0
12311_sub5	0	1	0	1	0	0	0	1
12314_sub0	0	1	0	1	0	0	0	1
12314_sub1	1	8	4	4	4	4	0	0
12314_sub2	0	1	1	0	0	0	1	0
12314_sub3	0	1	1	0	0	0	1	0
12314_sub4	0	1	1	0	0	0	1	0
12315_sub0	1	10	3	7	3	7	0	0
12315_sub1	0	1	0	1	0	0	0	1
12315_sub2	0	1	1	0	0	0	1	0
12315_sub3	0	1	0	1	0	0	0	1
12317_sub0	0	1	0	1	0	0	0	1
12317_sub1	0	1	0	1	0	0	0	1
12317_sub2	0	1	0	1	0	0	0	1
12317_sub3	0	1	0	1	0	0	0	1
12317_sub4	0	1	1	0	0	0	1	0
12317_sub5	0	1	1	0	0	0	1	0
12319_sub0	1	12	3	9	3	9	0	0
12319_sub1	0	1	1	0	0	0	1	0
12322_sub0	0	1	1	0	0	0	1	0
12322_sub1	0	1	1	0	0	0	1	0
12322_sub2	0	1	1	0	0	0	1	0
12322_sub3	0	1	1	0	0	0	1	0
12322_sub4	0	1	1	0	0	0	1	0
12322_sub5	0	1	1	0	0	0	1	0
12322_sub6	0	1	1	0	0	0	1	0
12322_sub7	0	1	1	0	0	0	1	0
12322_sub8	0	1	0	1	0	0	0	1
12323_sub0	1	8	4	4	4	4	0	0
12323_sub1	0	1	1	0	0	0	1	0
12323_sub2	0	1	0	1	0	0	0	1
12333_sub0	1	10	6	4	6	4	0	0
12333_sub1	0	1	0	1	0	0	0	1
12333_sub2	0	1	0	1	0	0	0	1
12335_sub0	0	1	0	1	0	0	0	1
12335_sub1	0	1	1	0	0	0	1	0
12335_sub2	0	1	0	1	0	0	0	1
12335_sub3	0	1	0	1	0	0	0	1
12335_sub4	0	1	0	1	0	0	0	1
12335_sub5	0	1	1	0	0	0	1	0
12336_sub0	0	2	1	1	0	0	1	1
12336_sub1	0	1	1	0	0	0	1	0
12336_sub2	0	1	0	1	0	0	0	1
12336_sub3	0	1	1	0	0	0	1	0
12336_sub4	0	1	0	1	0	0	0	1
12338_sub0	0	1	1	0	0	0	1	0
12338_sub1	1	12	6	6	6	6	0	0
12338_sub2	0	1	0	1	0	0	0	1
12344_sub0	0	1	1	0	0	0	1	0
12344_sub1	0	4	2	2	0	0	2	2
12344_sub2	0	1	1	0	0	0	1	0
12344_sub3	0	1	0	1	0	0	0	1
12344_sub4	0	1	0	1	0	0	0	1
12344_sub5	0	1	1	0	0	0	1	0
12345_sub0	0	1	1	0	0	0	1	0
12345_sub1	0	1	0	1	0	0	0	1
12345_sub2	0	1	1	0	0	0	1	0
12345_sub3	0	1	0	1	0	0	0	1
12345_sub4	0	1	1	0	0	0	1	0
12345_sub5	0	1	1	0	0	0	1	0
12358_sub0	0	4	3	1	0	0	3	1
12358_sub1	0	1	1	0	0	0	1	0
12358_sub2	0	1	1	0	0	0	1	0
12358_sub3	0	1	1	0	0	0	1	0
12359_sub0	0	1	0	1	0	0	0	1
12359_sub1	0	1	1	0	0	0	1	0
12359_sub2	0	1	1	0	0	0	1	0
12359_sub3	0	1	0	1	0	0	0	1
12359_sub4	0	1	0	1	0	0	0	1
12359_sub5	0	1	1	0	0	0	1	0
12359_sub6	0	1	0	1	0	0	0	1
12359_sub7	0	1	0	1	0	0	0	1
1236_sub0	1	11	6	5	6	5	0	0
1236_sub1	0	1	0	1	0	0	0	1
1236_sub2	0	1	0	1	0	0	0	1
12370_sub0	0	1	0	1	0	0	0	1
12370_sub1	0	1	1	0	0	0	1	0
12370_sub2	0	1	0	1	0	0	0	1
12370_sub3	0	1	0	1	0	0	0	1
12370_sub4	0	1	1	0	0	0	1	0
12370_sub5	0	1	0	1	0	0	0	1
12379_sub0	1	6	3	3	3	3	0	0
12382_sub0	1	18	9	9	9	9	0	0
12382_sub1	0	1	0	1	0	0	0	1
12382_sub2	0	1	0	1	0	0	0	1
12382_sub3	0	1	1	0	0	0	1	0
12382_sub4	0	1	1	0	0	0	1	0
12382_sub5	0	1	1	0	0	0	1	0
12382_sub6	0	1	1	0	0	0	1	0
12382_sub7	0	1	0	1	0	0	0	1
12382_sub8	0	1	0	1	0	0	0	1
12395_sub0	1	7	3	4	3	4	0	0
12395_sub1	0	1	0	1	0	0	0	1
12395_sub2	0	1	1	0	0	0	1	0
124_sub0	0	1	0	1	0	0	0	1
124_sub1	0	1	0	1	0	0	0	1
124_sub2	0	1	1	0	0	0	1	0
124_sub3	0	1	0	1	0	0	0	1
124_sub4	0	1	1	0	0	0	1	0
124_sub5	0	1	0	1	0	0	0	1
124_sub6	0	1	0	1	0	0	0	1
124_sub7	0	1	1	0	0	0	1	0
124_sub8	0	1	1	0	0	0	1	0
124_sub9	0	1	0	1	0	0	0	1
124_sub10	0	1	0	1	0	0	0	1
12400_sub0	0	1	0	1	0	0	0	1
12400_sub1	0	1	0	1	0	0	0	1
12400_sub2	0	1	0	1	0	0	0	1
12400_sub3	0	1	0	1	0	0	0	1
12400_sub4	0	1	1	0	0	0	1	0
12400_sub5	0	1	1	0	0	0	1	0
12400_sub6	0	1	0	1	0	0	0	1
12402_sub0	0	1	0	1	0	0	0	1
12402_sub1	0	5	2	3	0	0	2	3
12402_sub2	0	1	0	1	0	0	0	1
12410_sub0	0	1	0	1	0	0	0	1
12410_sub1	1	6	2	4	2	4	0	0
12410_sub2	0	1	1	0	0	0	1	0
12410_sub3	0	1	0	1	0	0	0	1
12410_sub4	0	1	1	0	0	0	1	0
12418_sub0	0	1	1	0	0	0	1	0
12418_sub1	0	1	1	0	0	0	1	0
12418_sub2	0	1	0	1	0	0	0	1
12418_sub3	0	1	0	1	0	0	0	1
12418_sub4	0	1	1	0	0	0	1	0
12418_sub5	0	1	0	1	0	0	0	1
12418_sub6	0	1	0	1	0	0	0	1
12421_sub0	0	1	1	0	0	0	1	0
12421_sub1	0	1	1	0	0	0	1	0
12421_sub2	0	5	4	1	0	0	4	1
12421_sub3	0	1	0	1	0	0	0	1
12432_sub0	0	1	1	0	0	0	1	0
12432_sub1	0	1	0	1	0	0	0	1
12432_sub2	0	1	0	1	0	0	0	1
12432_sub3	0	1	0	1	0	0	0	1
12432_sub4	0	1	1	0	0	0	1	0
12432_sub5	0	1	0	1	0	0	0	1
12432_sub6	0	1	0	1	0	0	0	1
12437_sub0	0	4	2	2	0	0	2	2
12437_sub1	0	1	0	1	0	0	0	1
12437_sub2	0	1	0	1	0	0	0	1
12458_sub0	1	13	10	3	10	3	0	0
12458_sub1	0	1	1	0	0	0	1	0
12458_sub2	0	1	1	0	0	0	1	0
12458_sub3	0	1	1	0	0	0	1	0
12458_sub4	0	1	0	1	0	0	0	1
12459_sub0	0	1	0	1	0	0	0	1
12459_sub1	1	13	8	5	8	5	0	0
12459_sub2	0	1	1	0	0	0	1	0
12459_sub3	0	1	0	1	0	0	0	1
12466_sub0	1	15	3	12	3	12	0	0
12466_sub1	0	1	0	1	0	0	0	1
12466_sub2	0	1	1	0	0	0	1	0
12466_sub3	0	1	0	1	0	0	0	1
12466_sub4	0	1	0	1	0	0	0	1
12466_sub5	0	1	1	0	0	0	1	0
12466_sub6	0	1	0	1	0	0	0	1
12476_sub0	0	1	0	1	0	0	0	1
12476_sub1	0	1	1	0	0	0	1	0
12476_sub2	0	1	1	0	0	0	1	0
12476_sub3	0	1	1	0	0	0	1	0
12476_sub4	0	1	0	1	0	0	0	1
12476_sub5	0	1	1	0	0	0	1	0
12476_sub6	0	1	1	0	0	0	1	0
12476_sub7	0	1	0	1	0	0	0	1
12476_sub8	0	1	0	1	0	0	0	1
12476_sub9	0	1	1	0	0	0	1	0
12476_sub10	0	1	1	0	0	0	1	0
12476_sub11	0	1	0	1	0	0	0	1
12476_sub12	0	1	0	1	0	0	0	1
12476_sub13	0	1	1	0	0	0	1	0
12478_sub0	0	1	1	0	0	0	1	0
12478_sub1	0	1	0	1	0	0	0	1
12478_sub2	0	1	0	1	0	0	0	1
12478_sub3	0	1	1	0	0	0	1	0
12478_sub4	0	1	1	0	0	0	1	0
12478_sub5	0	1	1	0	0	0	1	0
1248_sub0	0	5	1	4	0	0	1	4
1248_sub1	0	1	1	0	0	0	1	0
1248_sub2	0	1	1	0	0	0	1	0
12487_sub0	1	9	6	3	6	3	0	0
12487_sub1	0	1	0	1	0	0	0	1
12487_sub2	0	1	1	0	0	0	1	0
12487_sub3	0	1	1	0	0	0	1	0
12491_sub0	1	13	8	5	8	5	0	0
12491_sub1	0	1	0	1	0	0	0	1
12493_sub0	0	1	0	1	0	0	0	1
12493_sub1	0	1	0	1	0	0	0	1
12493_sub2	0	1	0	1	0	0	0	1
12493_sub3	0	1	0	1	0	0	0	1
12493_sub4	0	1	0	1	0	0	0	1
12493_sub5	0	1	0	1	0	0	0	1
1250_sub0	0	1	0	1	0	0	0	1
1250_sub1	1	8	2	6	2	6	0	0
12506_sub0	1	6	5	1	5	1	0	0
12506_sub1	0	1	1	0	0	0	1	0
12506_sub2	0	1	0	1	0	0	0	1
12510_sub0	0	1	1	0	0	0	1	0
12510_sub1	0	1	0	1	0	0	0	1
12510_sub2	0	1	1	0	0	0	1	0
12510_sub3	0	1	0	1	0	0	0	1
12510_sub4	0	1	1	0	0	0	1	0
12510_sub5	0	1	1	0	0	0	1	0
12511_sub0	0	1	1	0	0	0	1	0
12511_sub1	0	1	1	0	0	0	1	0
12511_sub2	0	1	0	1	0	0	0	1
12511_sub3	0	1	1	0	0	0	1	0
12511_sub4	0	1	0	1	0	0	0	1
12511_sub5	0	1	1	0	0	0	1	0
12511_sub6	0	1	0	1	0	0	0	1
12517_sub0	0	1	0	1	0	0	0	1
12517_sub1	0	1	1	0	0	0	1	0
12517_sub2	0	1	1	0	0	0	1	0
12517_sub3	0	1	1	0	0	0	1	0
12517_sub4	0	1	1	0	0	0	1	0
12517_sub5	0	1	1	0	0	0	1	0
12521_sub0	1	10	6	4	6	4	0	0
12521_sub1	0	1	0	1	0	0	0	1
12521_sub2	0	1	1	0	0	0	1	0
12521_sub3	0	1	1	0	0	0	1	0
12521_sub4	0	1	0	1	0	0	0	1
12536_sub0	0	1	0	1	0	0	0	1
12536_sub1	0	1	0	1	0	0	0	1
12536_sub2	0	1	0	1	0	0	0	1
12536_sub3	0	1	0	1	0	0	0	1
12536_sub4	0	1	0	1	0	0	0	1
12536_sub5	0	1	0	1	0	0	0	1
12536_sub6	0	1	0	1	0	0	0	1
12536_sub7	0	1	0	1	0	0	0	1
1254_sub0	0	1	0	1	0	0	0	1
1254_sub1	0	1	0	1	0	0	0	1
1254_sub2	0	1	0	1	0	0	0	1
1254_sub3	0	1	0	1	0	0	0	1
1254_sub4	0	1	0	1	0	0	0	1
1254_sub5	0	1	1	0	0	0	1	0
1254_sub6	0	1	0	1	0	0	0	1
12540_sub0	1	9	3	6	3	6	0	0
12540_sub1	0	1	0	1	0	0	0	1
12545_sub0	0	1	0	1	0	0	0	1
12545_sub1	0	1	0	1	0	0	0	1
12545_sub2	0	1	0	1	0	0	0	1
12545_sub3	0	1	1	0	0	0	1	0
12545_sub4	0	1	1	0	0	0	1	0
12545_sub5	0	1	0	1	0	0	0	1
12548_sub0	1	7	2	5	2	5	0	0
12549_sub0	1	12	8	4	8	4	0	0
12549_sub1	0	1	1	0	0	0	1	0
12549_sub2	0	1	1	0	0	0	1	0
12554_sub0	1	6	4	2	4	2	0	0
12554_sub1	0	1	1	0	0	0	1	0
12554_sub2	0	1	0	1	0	0	0	1
12554_sub3	0	1	0	1	0	0	0	1
12554_sub4	0	1	1	0	0	0	1	0
12557_sub0	0	1	0	1	0	0	0	1
12557_sub1	0	1	1	0	0	0	1	0
12557_sub2	0	1	1	0	0	0	1	0
12557_sub3	0	4	2	2	0	0	2	2
12557_sub4	0	1	0	1	0	0	0	1
12557_sub5	0	1	0	1	0	0	0	1
12562_sub0	0	2	1	1	0	0	1	1
12562_sub1	0	2	1	1	0	0	1	1
12562_sub2	0	1	0	1	0	0	0	1
12562_sub3	0	1	1	0	0	0	1	0
12562_sub4	0	1	1	0	0	0	1	0
12568_sub0	0	1	1	0	0	0	1	0
12568_sub1	0	1	0	1	0	0	0	1
12568_sub2	0	1	0	1	0	0	0	1
12568_sub3	0	1	1	0	0	0	1	0
12568_sub4	0	1	1	0	0	0	1	0
12568_sub5	0	1	1	0	0	0	1	0
1257_sub0	0	1	1	0	0	0	1	0
1257_sub1	1	19	14	5	14	5	0	0
1257_sub2	0	1	1	0	0	0	1	0
1257_sub3	0	1	0	1	0	0	0	1
1257_sub4	0	1	0	1	0	0	0	1
1257_sub5	0	1	1	0	0	0	1	0
12572_sub0	0	1	1	0	0	0	1	0
12572_sub1	0	1	1	0	0	0	1	0
12572_sub2	0	1	1	0	0	0	1	0
12572_sub3	0	1	1	0	0	0	1	0
12572_sub4	0	1	0	1	0	0	0	1
12572_sub5	0	1	0	1	0	0	0	1
12579_sub0	0	1	0	1	0	0	0	1
12579_sub1	0	1	1	0	0	0	1	0
12579_sub2	0	1	0	1	0	0	0	1
12579_sub3	0	1	0	1	0	0	0	1
12579_sub4	0	1	1	0	0	0	1	0
12579_sub5	0	1	0	1	0	0	0	1
12586_sub0	1	11	5	6	5	6	0	0
12586_sub1	0	1	1	0	0	0	1	0
12586_sub2	0	1	0	1	0	0	0	1
12587_sub0	0	1	1	0	0	0	1	0
12587_sub1	0	1	1	0	0	0	1	0
12587_sub2	0	1	1	0	0	0	1	0
12587_sub3	0	1	0	1	0	0	0	1
12587_sub4	0	1	0	1	0	0	0	1
12587_sub5	0	1	1	0	0	0	1	0
1259_sub0	1	10	6	4	6	4	0	0
1259_sub1	0	1	1	0	0	0	1	0
1259_sub2	0	1	0	1	0	0	0	1
1259_sub3	0	1	0	1	0	0	0	1
1259_sub4	0	1	0	1	0	0	0	1
12597_sub0	0	1	1	0	0	0	1	0
12597_sub1	0	1	0	1	0	0	0	1
12597_sub2	0	1	0	1	0	0	0	1
12597_sub3	0	1	0	1	0	0	0	1
12597_sub4	0	2	1	1	0	0	1	1
12597_sub5	0	1	1	0	0	0	1	0
1260_sub0	1	13	8	5	8	5	0	0
1260_sub1	0	1	0	1	0	0	0	1
1260_sub2	0	1	1	0	0	0	1	0
1260_sub3	0	1	1	0	0	0	1	0
1260_sub4	0	1	1	0	0	0	1	0
1260_sub5	0	1	0	1	0	0	0	1
1260_sub6	0	1	0	1	0	0	0	1
12603_sub0	0	1	0	1	0	0	0	1
12603_sub1	0	1	0	1	0	0	0	1
12603_sub2	0	1	0	1	0	0	0	1
12603_sub3	0	1	1	0	0	0	1	0
12603_sub4	0	1	0	1	0	0	0	1
12603_sub5	0	1	1	0	0	0	1	0
12613_sub0	0	1	1	0	0	0	1	0
12613_sub1	0	1	1	0	0	0	1	0
12613_sub2	0	1	1	0	0	0	1	0
12613_sub3	0	1	0	1	0	0	0	1
12613_sub4	0	1	0	1	0	0	0	1
12613_sub5	0	1	1	0	0	0	1	0
12613_sub6	0	1	1	0	0	0	1	0
12613_sub7	0	1	0	1	0	0	0	1
1262_sub0	0	1	1	0	0	0	1	0
1262_sub1	1	17	13	4	13	4	0	0
1262_sub2	0	1	1	0	0	0	1	0
12625_sub0	0	1	1	0	0	0	1	0
12625_sub1	0	2	1	1	0	0	1	1
12625_sub2	0	1	0	1	0	0	0	1
12625_sub3	0	1	1	0	0	0	1	0
12625_sub4	0	1	1	0	0	0	1	0
12625_sub5	0	1	1	0	0	0	1	0
12626_sub0	1	14	7	7	7	7	0	0
12626_sub1	0	1	1	0	0	0	1	0
12626_sub2	0	1	1	0	0	0	1	0
12626_sub3	0	1	1	0	0	0	1	0
12633_sub0	1	14	6	8	6	8	0	0
12633_sub1	0	1	1	0	0	0	1	0
12633_sub2	0	1	0	1	0	0	0	1
12636_sub0	0	1	1	0	0	0	1	0
12636_sub1	0	1	1	0	0	0	1	0
12636_sub2	0	1	0	1	0	0	0	1
12636_sub3	0	1	1	0	0	0	1	0
12636_sub4	0	1	0	1	0	0	0	1
12636_sub5	0	1	1	0	0	0	1	0
12636_sub6	0	1	0	1	0	0	0	1
1264_sub0	1	10	4	6	4	6	0	0
1264_sub1	0	1	1	0	0	0	1	0
1264_sub2	0	1	1	0	0	0	1	0
1264_sub3	0	1	0	1	0	0	0	1
1264_sub4	0	1	1	0	0	0	1	0
12640_sub0	1	15	9	6	9	6	0	0
12640_sub1	0	1	0	1	0	0	0	1
12640_sub2	0	1	1	0	0	0	1	0
12640_sub3	0	1	1	0	0	0	1	0
12640_sub4	0	1	1	0	0	0	1	0
12640_sub5	0	1	1	0	0	0	1	0
12640_sub6	0	1	0	1	0	0	0	1
12640_sub7	0	1	1	0	0	0	1	0
12640_sub8	0	1	1	0	0	0	1	0
12649_sub0	0	1	0	1	0	0	0	1
12649_sub1	1	10	8	2	8	2	0	0
1265_sub0	1	17	7	10	7	10	0	0
1265_sub1	0	1	1	0	0	0	1	0
1265_sub2	0	1	0	1	0	0	0	1
1265_sub3	0	1	1	0	0	0	1	0
12658_sub0	1	7	2	5	2	5	0	0
12658_sub1	0	1	0	1	0	0	0	1
12658_sub2	0	1	0	1	0	0	0	1
12660_sub0	0	1	0	1	0	0	0	1
12660_sub1	0	2	0	2	0	0	0	2
12660_sub2	0	1	0	1	0	0	0	1
12660_sub3	0	1	0	1	0	0	0	1
12660_sub4	0	1	0	1	0	0	0	1
12665_sub0	1	10	5	5	5	5	0	0
12665_sub1	0	1	0	1	0	0	0	1
12670_sub0	0	1	0	1	0	0	0	1
12670_sub1	0	1	0	1	0	0	0	1
12670_sub2	0	1	1	0	0	0	1	0
12670_sub3	0	1	0	1	0	0	0	1
12670_sub4	0	1	0	1	0	0	0	1
12670_sub5	0	1	0	1	0	0	0	1
12674_sub0	0	1	1	0	0	0	1	0
12674_sub1	0	1	0	1	0	0	0	1
12674_sub2	0	1	0	1	0	0	0	1
12674_sub3	0	1	1	0	0	0	1	0
12674_sub4	0	1	1	0	0	0	1	0
12674_sub5	0	1	0	1	0	0	0	1
1269_sub0	0	1	0	1	0	0	0	1
1269_sub1	0	1	0	1	0	0	0	1
1269_sub2	0	1	0	1	0	0	0	1
1269_sub3	0	1	0	1	0	0	0	1
1269_sub4	0	1	1	0	0	0	1	0
1269_sub5	0	1	1	0	0	0	1	0
1269_sub6	0	1	1	0	0	0	1	0
1269_sub7	0	1	0	1	0	0	0	1
12693_sub0	0	1	1	0	0	0	1	0
12693_sub1	0	1	0	1	0	0	0	1
12693_sub2	0	1	0	1	0	0	0	1
12693_sub3	0	1	0	1	0	0	0	1
12693_sub4	0	1	0	1	0	0	0	1
12693_sub5	0	1	1	0	0	0	1	0
12703_sub0	0	1	0	1	0	0	0	1
12703_sub1	0	1	1	0	0	0	1	0
12703_sub2	0	1	0	1	0	0	0	1
12703_sub3	0	1	0	1	0	0	0	1
12703_sub4	0	1	0	1	0	0	0	1
12703_sub5	0	1	1	0	0	0	1	0
12703_sub6	0	1	0	1	0	0	0	1
12707_sub0	0	1	0	1	0	0	0	1
12707_sub1	0	1	0	1	0	0	0	1
12707_sub2	0	1	1	0	0	0	1	0
12707_sub3	0	1	1	0	0	0	1	0
12707_sub4	0	1	1	0	0	0	1	0
12707_sub5	0	1	0	1	0	0	0	1
12708_sub0	1	6	3	3	3	3	0	0
12708_sub1	0	1	1	0	0	0	1	0
12708_sub2	0	1	1	0	0	0	1	0
12708_sub3	0	1	1	0	0	0	1	0
12708_sub4	0	1	1	0	0	0	1	0
12708_sub5	0	1	0	1	0	0	0	1
12710_sub0	0	1	1	0	0	0	1	0
12710_sub1	0	1	1	0	0	0	1	0
12710_sub2	0	1	0	1	0	0	0	1
12710_sub3	0	1	1	0	0	0	1	0
12710_sub4	0	1	1	0	0	0	1	0
12710_sub5	0	1	1	0	0	0	1	0
12710_sub6	0	1	0	1	0	0	0	1
12710_sub7	0	1	0	1	0	0	0	1
12718_sub0	0	4	1	3	0	0	1	3
12718_sub1	0	1	0	1	0	0	0	1
12718_sub2	0	1	0	1	0	0	0	1
12732_sub0	0	1	1	0	0	0	1	0
12732_sub1	0	1	1	0	0	0	1	0
12732_sub2	0	1	1	0	0	0	1	0
12732_sub3	0	1	1	0	0	0	1	0
12732_sub4	0	1	1	0	0	0	1	0
12732_sub5	0	1	0	1	0	0	0	1
12733_sub0	1	11	6	5	6	5	0	0
12733_sub1	0	1	1	0	0	0	1	0
12733_sub2	0	1	1	0	0	0	1	0
12733_sub3	0	1	1	0	0	0	1	0
12733_sub4	0	1	0	1	0	0	0	1
12740_sub0	0	1	1	0	0	0	1	0
12740_sub1	0	1	0	1	0	0	0	1
12740_sub2	0	1	1	0	0	0	1	0
12740_sub3	0	1	0	1	0	0	0	1
12740_sub4	0	1	1	0	0	0	1	0
12740_sub5	0	1	0	1	0	0	0	1
12744_sub0	0	1	0	1	0	0	0	1
12744_sub1	0	1	0	1	0	0	0	1
12744_sub2	0	1	0	1	0	0	0	1
12744_sub3	0	1	0	1	0	0	0	1
12744_sub4	0	1	1	0	0	0	1	0
12744_sub5	0	1	0	1	0	0	0	1
12748_sub0	1	6	3	3	3	3	0	0
12748_sub1	0	1	0	1	0	0	0	1
12748_sub2	0	1	1	0	0	0	1	0
12748_sub3	0	1	1	0	0	0	1	0
12752_sub0	0	4	0	4	0	0	0	4
12752_sub1	0	1	1	0	0	0	1	0
12752_sub2	0	1	0	1	0	0	0	1
12752_sub3	0	1	0	1	0	0	0	1
12753_sub0	0	1	0	1	0	0	0	1
12753_sub1	0	1	0	1	0	0	0	1
12753_sub2	0	2	0	2	0	0	0	2
12753_sub3	0	1	1	0	0	0	1	0
12753_sub4	0	1	0	1	0	0	0	1
12753_sub5	0	1	1	0	0	0	1	0
12756_sub0	1	8	5	3	5	3	0	0
12756_sub1	0	1	0	1	0	0	0	1
12756_sub2	0	1	0	1	0	0	0	1
12756_sub3	0	1	1	0	0	0	1	0
12756_sub4	0	1	1	0	0	0	1	0
12757_sub0	1	6	3	3	3	3	0	0
12757_sub1	0	1	0	1	0	0	0	1
12759_sub0	0	1	1	0	0	0	1	0
12759_sub1	1	6	3	3	3	3	0	0
12759_sub2	0	1	0	1	0	0	0	1
12761_sub0	0	1	1	0	0	0	1	0
12761_sub1	1	10	3	7	3	7	0	0
12761_sub2	0	1	1	0	0	0	1	0
12761_sub3	0	1	0	1	0	0	0	1
12761_sub4	0	1	1	0	0	0	1	0
12761_sub5	0	1	0	1	0	0	0	1
12762_sub0	1	6	2	4	2	4	0	0
12762_sub1	0	1	0	1	0	0	0	1
12762_sub2	0	1	1	0	0	0	1	0
12762_sub3	0	1	1	0	0	0	1	0
12762_sub4	0	1	0	1	0	0	0	1
12762_sub5	0	1	1	0	0	0	1	0
12762_sub6	0	1	0	1	0	0	0	1
12762_sub7	0	1	0	1	0	0	0	1
12762_sub8	0	1	1	0	0	0	1	0
12762_sub9	0	1	1	0	0	0	1	0
12771_sub0	1	10	4	6	4	6	0	0
12771_sub1	0	1	1	0	0	0	1	0
12771_sub2	0	1	0	1	0	0	0	1
12777_sub0	0	1	1	0	0	0	1	0
12777_sub1	0	1	0	1	0	0	0	1
12777_sub2	0	1	0	1	0	0	0	1
12777_sub3	0	3	2	1	0	0	2	1
12777_sub4	0	1	0	1	0	0	0	1
12779_sub0	0	1	1	0	0	0	1	0
12779_sub1	0	1	1	0	0	0	1	0
12779_sub2	0	1	0	1	0	0	0	1
12779_sub3	0	1	1	0	0	0	1	0
12779_sub4	0	1	1	0	0	0	1	0
12779_sub5	0	1	1	0	0	0	1	0
12787_sub0	0	1	1	0	0	0	1	0
12787_sub1	0	5	2	3	0	0	2	3
12787_sub2	0	1	0	1	0	0	0	1
12787_sub3	0	1	0	1	0	0	0	1
12788_sub0	0	1	1	0	0	0	1	0
12788_sub1	0	1	1	0	0	0	1	0
12788_sub2	0	1	1	0	0	0	1	0
12788_sub3	0	1	0	1	0	0	0	1
12788_sub4	0	1	0	1	0	0	0	1
12788_sub5	0	1	0	1	0	0	0	1
12798_sub0	0	1	1	0	0	0	1	0
12798_sub1	1	15	8	7	8	7	0	0
12798_sub2	0	1	1	0	0	0	1	0
128_sub0	0	1	0	1	0	0	0	1
128_sub1	1	10	6	4	6	4	0	0
12803_sub0	1	9	4	5	4	5	0	0
12803_sub1	0	1	1	0	0	0	1	0
12803_sub2	0	1	0	1	0	0	0	1
12803_sub3	0	1	0	1	0	0	0	1
12803_sub4	0	1	0	1	0	0	0	1
12803_sub5	0	1	0	1	0	0	0	1
12803_sub6	0	1	0	1	0	0	0	1
12804_sub0	0	1	1	0	0	0	1	0
12804_sub1	0	1	1	0	0	0	1	0
12804_sub2	0	1	0	1	0	0	0	1
12804_sub3	0	1	0	1	0	0	0	1
12804_sub4	0	1	1	0	0	0	1	0
12804_sub5	0	1	1	0	0	0	1	0
12806_sub0	0	1	0	1	0	0	0	1
12806_sub1	0	1	0	1	0	0	0	1
12806_sub2	0	1	0	1	0	0	0	1
12806_sub3	0	1	1	0	0	0	1	0
12806_sub4	0	1	1	0	0	0	1	0
12806_sub5	0	1	1	0	0	0	1	0
12806_sub6	0	1	1	0	0	0	1	0
12806_sub7	0	1	1	0	0	0	1	0
12806_sub8	0	1	1	0	0	0	1	0
12813_sub0	1	10	5	5	5	5	0	0
12813_sub1	0	1	1	0	0	0	1	0
12813_sub2	0	1	0	1	0	0	0	1
12815_sub0	1	10	5	5	5	5	0	0
12815_sub1	0	1	0	1	0	0	0	1
12819_sub0	1	9	6	3	6	3	0	0
12819_sub1	0	1	1	0	0	0	1	0
12819_sub2	0	1	0	1	0	0	0	1
12819_sub3	0	1	0	1	0	0	0	1
12819_sub4	0	1	0	1	0	0	0	1
12825_sub0	0	1	0	1	0	0	0	1
12825_sub1	0	1	1	0	0	0	1	0
12825_sub2	0	1	0	1	0	0	0	1
12825_sub3	0	1	1	0	0	0	1	0
12825_sub4	0	1	1	0	0	0	1	0
12825_sub5	0	1	0	1	0	0	0	1
12825_sub6	0	1	0	1	0	0	0	1
12827_sub0	0	5	2	3	0	0	2	3
12827_sub1	0	1	0	1	0	0	0	1
12828_sub0	0	1	0	1	0	0	0	1
12828_sub1	0	1	0	1	0	0	0	1
12828_sub2	0	1	0	1	0	0	0	1
12828_sub3	0	1	1	0	0	0	1	0
12828_sub4	0	1	1	0	0	0	1	0
12828_sub5	0	1	0	1	0	0	0	1
12829_sub0	0	1	1	0	0	0	1	0
12829_sub1	0	1	0	1	0	0	0	1
12829_sub2	1	6	3	3	3	3	0	0
12829_sub3	0	1	1	0	0	0	1	0
12829_sub4	0	1	0	1	0	0	0	1
12833_sub0	0	1	1	0	0	0	1	0
12833_sub1	0	1	1	0	0	0	1	0
12833_sub2	0	1	1	0	0	0	1	0
12833_sub3	0	1	1	0	0	0	1	0
12833_sub4	0	1	0	1	0	0	0	1
12833_sub5	0	1	0	1	0	0	0	1
12833_sub6	0	1	1	0	0	0	1	0
12843_sub0	1	7	6	1	6	1	0	0
12843_sub1	0	1	0	1	0	0	0	1
12843_sub2	0	1	1	0	0	0	1	0
12843_sub3	0	1	0	1	0	0	0	1
12849_sub0	1	12	7	5	7	5	0	0
12849_sub1	0	1	1	0	0	0	1	0
12849_sub2	0	1	1	0	0	0	1	0
12849_sub3	0	1	1	0	0	0	1	0
12849_sub4	0	1	0	1	0	0	0	1
12849_sub5	0	1	0	1	0	0	0	1
1285_sub0	0	1	0	1	0	0	0	1
1285_sub1	0	4	0	4	0	0	0	4
1285_sub2	0	1	1	0	0	0	1	0
12854_sub0	1	10	5	5	5	5	0	0
12854_sub1	0	1	0	1	0	0	0	1
12854_sub2	0	1	0	1	0	0	0	1
12854_sub3	0	1	0	1	0	0	0	1
12857_sub0	0	1	1	0	0	0	1	0
12857_sub1	0	1	1	0	0	0	1	0
12857_sub2	0	1	1	0	0	0	1	0
12857_sub3	0	1	1	0	0	0	1	0
12857_sub4	0	1	0	1	0	0	0	1
12857_sub5	0	1	0	1	0	0	0	1
12857_sub6	0	1	0	1	0	0	0	1
12857_sub7	0	1	1	0	0	0	1	0
1286_sub0	0	1	0	1	0	0	0	1
1286_sub1	0	1	1	0	0	0	1	0
1286_sub2	0	1	1	0	0	0	1	0
1286_sub3	0	1	1	0	0	0	1	0
1286_sub4	0	1	0	1	0	0	0	1
1286_sub5	0	1	1	0	0	0	1	0
1286_sub6	0	1	1	0	0	0	1	0
1286_sub7	0	1	1	0	0	0	1	0
12861_sub0	0	1	1	0	0	0	1	0
12861_sub1	0	1	0	1	0	0	0	1
12861_sub2	0	1	0	1	0	0	0	1
12861_sub3	0	1	0	1	0	0	0	1
12861_sub4	0	1	0	1	0	0	0	1
12861_sub5	0	1	0	1	0	0	0	1
12861_sub6	0	1	0	1	0	0	0	1
12863_sub0	0	1	0	1	0	0	0	1
12863_sub1	0	1	1	0	0	0	1	0
12863_sub2	0	1	1	0	0	0	1	0
12863_sub3	0	1	1	0	0	0	1	0
12863_sub4	0	1	0	1	0	0	0	1
12863_sub5	0	1	1	0	0	0	1	0
12868_sub0	1	10	1	9	1	9	0	0
12868_sub1	0	1	0	1	0	0	0	1
12868_sub2	0	1	0	1	0	0	0	1
12868_sub3	0	1	1	0	0	0	1	0
12869_sub0	0	1	1	0	0	0	1	0
12869_sub1	0	1	0	1	0	0	0	1
12869_sub2	0	1	1	0	0	0	1	0
12869_sub3	0	1	0	1	0	0	0	1
12869_sub4	0	1	0	1	0	0	0	1
12869_sub5	0	1	0	1	0	0	0	1
1287_sub0	1	13	8	5	8	5	0	0
1287_sub1	0	1	1	0	0	0	1	0
1287_sub2	0	1	1	0	0	0	1	0
1287_sub3	0	1	0	1	0	0	0	1
12871_sub0	0	1	1	0	0	0	1	0
12871_sub1	0	1	1	0	0	0	1	0
12871_sub2	0	1	1	0	0	0	1	0
12871_sub3	0	1	0	1	0	0	0	1
12871_sub4	0	1	0	1	0	0	0	1
12871_sub5	0	1	0	1	0	0	0	1
12883_sub0	1	11	6	5	6	5	0	0
12883_sub1	0	1	0	1	0	0	0	1
12883_sub2	0	1	1	0	0	0	1	0
12883_sub3	0	1	1	0	0	0	1	0
1289_sub0	0	1	0	1	0	0	0	1
1289_sub1	0	1	1	0	0	0	1	0
1289_sub2	0	2	1	1	0	0	1	1
1289_sub3	0	1	1	0	0	0	1	0
1289_sub4	0	1	0	1	0	0	0	1
1289_sub5	0	1	1	0	0	0	1	0
12892_sub0	0	5	0	5	0	0	0	5
12892_sub1	0	1	1	0	0	0	1	0
12892_sub2	0	1	1	0	0	0	1	0
12893_sub0	0	1	0	1	0	0	0	1
12893_sub1	0	1	1	0	0	0	1	0
12893_sub2	0	1	1	0	0	0	1	0
12893_sub3	0	1	1	0	0	0	1	0
12893_sub4	0	1	0	1	0	0	0	1
12893_sub5	0	1	0	1	0	0	0	1
12895_sub0	1	6	4	2	4	2	0	0
12895_sub1	0	1	1	0	0	0	1	0
12895_sub2	0	1	0	1	0	0	0	1
129_sub0	0	1	0	1	0	0	0	1
129_sub1	0	1	0	1	0	0	0	1
129_sub2	1	8	7	1	7	1	0	0
129_sub3	0	1	1	0	0	0	1	0
12907_sub0	0	1	0	1	0	0	0	1
12907_sub1	1	10	2	8	2	8	0	0
12913_sub0	0	1	0	1	0	0	0	1
12913_sub1	0	1	1	0	0	0	1	0
12913_sub2	0	1	1	0	0	0	1	0
12913_sub3	1	9	6	3	6	3	0	0
12913_sub4	0	1	1	0	0	0	1	0
1292_sub0	0	1	0	1	0	0	0	1
1292_sub1	0	1	1	0	0	0	1	0
1292_sub2	1	7	4	3	4	3	0	0
12923_sub0	1	6	3	3	3	3	0	0
12923_sub1	0	1	1	0	0	0	1	0
12923_sub2	0	1	0	1	0	0	0	1
12923_sub3	0	1	1	0	0	0	1	0
12923_sub4	0	1	1	0	0	0	1	0
12923_sub5	0	1	0	1	0	0	0	1
12937_sub0	0	1	0	1	0	0	0	1
12937_sub1	0	1	1	0	0	0	1	0
12937_sub2	0	1	0	1	0	0	0	1
12937_sub3	0	1	0	1	0	0	0	1
12937_sub4	0	1	1	0	0	0	1	0
12937_sub5	0	1	0	1	0	0	0	1
12938_sub0	1	6	5	1	5	1	0	0
12938_sub1	0	1	0	1	0	0	0	1
12938_sub2	0	1	1	0	0	0	1	0
1294_sub0	1	10	4	6	4	6	0	0
1294_sub1	0	1	0	1	0	0	0	1
1294_sub2	0	1	1	0	0	0	1	0
1294_sub3	0	1	0	1	0	0	0	1
1294_sub4	0	1	1	0	0	0	1	0
1294_sub5	0	1	0	1	0	0	0	1
12951_sub0	0	1	1	0	0	0	1	0
12951_sub1	0	1	0	1	0	0	0	1
12951_sub2	0	5	1	4	0	0	1	4
12951_sub3	0	1	0	1	0	0	0	1
12951_sub4	0	1	0	1	0	0	0	1
12951_sub5	0	1	0	1	0	0	0	1
12959_sub0	1	9	3	6	3	6	0	0
12959_sub1	0	1	0	1	0	0	0	1
12959_sub2	0	1	1	0	0	0	1	0
12962_sub0	0	1	0	1	0	0	0	1
12962_sub1	0	1	0	1	0	0	0	1
12962_sub2	0	1	1	0	0	0	1	0
12962_sub3	0	1	0	1	0	0	0	1
12962_sub4	0	1	1	0	0	0	1	0
12962_sub5	0	1	0	1	0	0	0	1
12962_sub6	0	1	0	1	0	0	0	1
12963_sub0	0	1	1	0	0	0	1	0
12963_sub1	0	1	0	1	0	0	0	1
12963_sub2	0	1	1	0	0	0	1	0
12963_sub3	0	1	1	0	0	0	1	0
12963_sub4	0	1	0	1	0	0	0	1
12963_sub5	0	1	0	1	0	0	0	1
12963_sub6	0	1	1	0	0	0	1	0
12966_sub0	0	4	2	2	0	0	2	2
12966_sub1	0	1	1	0	0	0	1	0
12966_sub2	0	1	1	0	0	0	1	0
12972_sub0	0	1	1	0	0	0	1	0
12972_sub1	0	1	0	1	0	0	0	1
12972_sub2	0	1	0	1	0	0	0	1
12972_sub3	0	1	1	0	0	0	1	0
12972_sub4	0	1	1	0	0	0	1	0
12972_sub5	0	1	1	0	0	0	1	0
12972_sub6	0	1	1	0	0	0	1	0
12973_sub0	0	1	0	1	0	0	0	1
12973_sub1	0	1	0	1	0	0	0	1
12973_sub2	0	1	0	1	0	0	0	1
12973_sub3	0	1	0	1	0	0	0	1
12973_sub4	0	1	1	0	0	0	1	0
12973_sub5	0	1	1	0	0	0	1	0
12976_sub0	1	16	7	9	7	9	0	0
12976_sub1	0	1	1	0	0	0	1	0
12976_sub2	0	1	0	1	0	0	0	1
12976_sub3	0	1	1	0	0	0	1	0
12976_sub4	0	1	1	0	0	0	1	0
12976_sub5	0	1	0	1	0	0	0	1
12977_sub0	0	1	1	0	0	0	1	0
12977_sub1	0	1	0	1	0	0	0	1
12977_sub2	0	1	0	1	0	0	0	1
12977_sub3	0	1	1	0	0	0	1	0
12977_sub4	0	1	1	0	0	0	1	0
12977_sub5	0	1	0	1	0	0	0	1
12977_sub6	0	1	0	1	0	0	0	1
12982_sub0	0	1	0	1	0	0	0	1
12982_sub1	0	1	0	1	0	0	0	1
12982_sub2	0	1	1	0	0	0	1	0
12982_sub3	0	1	0	1	0	0	0	1
12982_sub4	0	1	0	1	0	0	0	1
12982_sub5	0	1	0	1	0	0	0	1
12983_sub0	1	8	4	4	4	4	0	0
12983_sub1	0	1	1	0	0	0	1	0
12986_sub0	1	13	8	5	8	5	0	0
12986_sub1	0	1	0	1	0	0	0	1
12986_sub2	0	1	1	0	0	0	1	0
12986_sub3	0	1	1	0	0	0	1	0
12986_sub4	0	1	0	1	0	0	0	1
12986_sub5	0	1	0	1	0	0	0	1
12986_sub6	0	1	0	1	0	0	0	1
12986_sub7	0	1	0	1	0	0	0	1
12988_sub0	1	14	4	10	4	10	0	0
12988_sub1	0	1	0	1	0	0	0	1
12988_sub2	0	1	0	1	0	0	0	1
12991_sub0	0	1	0	1	0	0	0	1
12991_sub1	0	1	0	1	0	0	0	1
12991_sub2	1	6	4	2	4	2	0	0
12991_sub3	0	1	0	1	0	0	0	1
12991_sub4	0	1	0	1	0	0	0	1
12991_sub5	0	1	1	0	0	0	1	0
12991_sub6	0	1	0	1	0	0	0	1
130_sub0	0	1	1	0	0	0	1	0
130_sub1	1	12	5	7	5	7	0	0
130_sub2	0	1	0	1	0	0	0	1
130_sub3	0	1	1	0	0	0	1	0
130_sub4	0	1	0	1	0	0	0	1
130_sub5	0	1	0	1	0	0	0	1
130_sub6	0	1	1	0	0	0	1	0
13001_sub0	0	5	4	1	0	0	4	1
13001_sub1	0	1	0	1	0	0	0	1
13001_sub2	0	1	1	0	0	0	1	0
13001_sub3	0	1	0	1	0	0	0	1
13001_sub4	0	1	0	1	0	0	0	1
13002_sub0	0	1	0	1	0	0	0	1
13002_sub1	0	1	1	0	0	0	1	0
13002_sub2	0	1	0	1	0	0	0	1
13002_sub3	0	1	0	1	0	0	0	1
13002_sub4	0	1	0	1	0	0	0	1
13002_sub5	0	1	0	1	0	0	0	1
13002_sub6	0	1	1	0	0	0	1	0
13003_sub0	0	1	1	0	0	0	1	0
13003_sub1	0	1	0	1	0	0	0	1
13003_sub2	0	1	1	0	0	0	1	0
13003_sub3	0	1	1	0	0	0	1	0
13003_sub4	0	1	0	1	0	0	0	1
13003_sub5	0	1	1	0	0	0	1	0
13003_sub6	0	1	1	0	0	0	1	0
13004_sub0	0	1	0	1	0	0	0	1
13004_sub1	1	12	9	3	9	3	0	0
13004_sub2	0	1	1	0	0	0	1	0
13004_sub3	0	1	1	0	0	0	1	0
13004_sub4	0	1	0	1	0	0	0	1
13004_sub5	0	1	1	0	0	0	1	0
13009_sub0	1	7	4	3	4	3	0	0
13009_sub1	0	1	1	0	0	0	1	0
13009_sub2	0	1	0	1	0	0	0	1
13009_sub3	0	1	0	1	0	0	0	1
13009_sub4	0	1	1	0	0	0	1	0
13009_sub5	0	1	1	0	0	0	1	0
13009_sub6	0	1	0	1	0	0	0	1
1301_sub0	1	7	1	6	1	6	0	0
1301_sub1	0	1	0	1	0	0	0	1
13014_sub0	0	1	1	0	0	0	1	0
13014_sub1	0	1	1	0	0	0	1	0
13014_sub2	0	1	0	1	0	0	0	1
13014_sub3	0	1	0	1	0	0	0	1
13014_sub4	0	1	1	0	0	0	1	0
13014_sub5	0	1	1	0	0	0	1	0
13014_sub6	0	1	0	1	0	0	0	1
13014_sub7	0	1	1	0	0	0	1	0
13015_sub0	1	15	9	6	9	6	0	0
13015_sub1	0	1	1	0	0	0	1	0
13019_sub0	0	1	1	0	0	0	1	0
13019_sub1	1	11	8	3	8	3	0	0
13019_sub2	0	1	0	1	0	0	0	1
1302_sub0	0	1	0	1	0	0	0	1
1302_sub1	1	19	8	11	8	11	0	0
1302_sub2	0	1	0	1	0	0	0	1
1302_sub3	0	1	0	1	0	0	0	1
1302_sub4	0	1	0	1	0	0	0	1
1302_sub5	0	1	1	0	0	0	1	0
13027_sub0	0	1	1	0	0	0	1	0
13027_sub1	0	1	0	1	0	0	0	1
13027_sub2	0	1	0	1	0	0	0	1
13027_sub3	0	1	1	0	0	0	1	0
13027_sub4	0	1	0	1	0	0	0	1
13027_sub5	0	1	0	1	0	0	0	1
13027_sub6	0	1	1	0	0	0	1	0
13033_sub0	0	1	0	1	0	0	0	1
13033_sub1	0	1	0	1	0	0	0	1
13033_sub2	0	1	1	0	0	0	1	0
13033_sub3	0	1	1	0	0	0	1	0
13033_sub4	0	1	0	1	0	0	0	1
13033_sub5	0	1	0	1	0	0	0	1
1304_sub0	0	1	0	1	0	0	0	1
1304_sub1	1	19	8	11	8	11	0	0
1304_sub2	0	1	0	1	0	0	0	1
13041_sub0	0	1	1	0	0	0	1	0
13041_sub1	0	1	0	1	0	0	0	1
13041_sub2	0	1	1	0	0	0	1	0
13041_sub3	0	1	1	0	0	0	1	0
13041_sub4	0	1	1	0	0	0	1	0
13041_sub5	0	1	1	0	0	0	1	0
13041_sub6	0	1	1	0	0	0	1	0
13044_sub0	1	10	4	6	4	6	0	0
13044_sub1	0	1	1	0	0	0	1	0
13044_sub2	0	1	1	0	0	0	1	0
13049_sub0	0	1	1	0	0	0	1	0
13049_sub1	0	1	0	1	0	0	0	1
13049_sub2	0	1	0	1	0	0	0	1
13049_sub3	0	1	1	0	0	0	1	0
13049_sub4	0	1	0	1	0	0	0	1
13049_sub5	0	1	0	1	0	0	0	1
1305_sub0	0	1	1	0	0	0	1	0
1305_sub1	1	12	7	5	7	5	0	0
1305_sub2	0	1	0	1	0	0	0	1
13052_sub0	0	1	0	1	0	0	0	1
13052_sub1	0	1	1	0	0	0	1	0
13052_sub2	0	1	1	0	0	0	1	0
13052_sub3	0	1	1	0	0	0	1	0
13052_sub4	0	1	1	0	0	0	1	0
13052_sub5	0	1	0	1	0	0	0	1
13055_sub0	1	10	2	8	2	8	0	0
13055_sub1	0	1	0	1	0	0	0	1
13059_sub0	0	1	0	1	0	0	0	1
13059_sub1	1	6	4	2	4	2	0	0
1306_sub0	0	1	0	1	0	0	0	1
1306_sub1	0	1	0	1	0	0	0	1
1306_sub2	0	5	3	2	0	0	3	2
1306_sub3	0	1	1	0	0	0	1	0
1306_sub4	0	1	1	0	0	0	1	0
13063_sub0	0	4	1	3	0	0	1	3
13063_sub1	0	1	0	1	0	0	0	1
13063_sub2	0	1	0	1	0	0	0	1
13075_sub0	0	1	0	1	0	0	0	1
13075_sub1	0	1	0	1	0	0	0	1
13075_sub2	0	1	1	0	0	0	1	0
13075_sub3	0	1	0	1	0	0	0	1
13075_sub4	0	1	0	1	0	0	0	1
13075_sub5	0	1	0	1	0	0	0	1
13075_sub6	0	1	0	1	0	0	0	1
13078_sub0	1	8	4	4	4	4	0	0
13084_sub0	0	1	1	0	0	0	1	0
13084_sub1	0	1	1	0	0	0	1	0
13084_sub2	0	1	0	1	0	0	0	1
13084_sub3	0	1	0	1	0	0	0	1
13084_sub4	0	1	1	0	0	0	1	0
13084_sub5	0	1	1	0	0	0	1	0
13086_sub0	0	1	1	0	0	0	1	0
13086_sub1	0	1	0	1	0	0	0	1
13086_sub2	0	1	0	1	0	0	0	1
13086_sub3	0	1	1	0	0	0	1	0
13086_sub4	0	1	0	1	0	0	0	1
13086_sub5	0	1	1	0	0	0	1	0
13090_sub0	0	2	2	0	0	0	2	0
13090_sub1	0	1	1	0	0	0	1	0
13090_sub2	0	1	1	0	0	0	1	0
13090_sub3	0	1	0	1	0	0	0	1
13090_sub4	0	1	1	0	0	0	1	0
13091_sub0	0	1	1	0	0	0	1	0
13091_sub1	0	1	0	1	0	0	0	1
13091_sub2	0	1	1	0	0	0	1	0
13091_sub3	0	1	0	1	0	0	0	1
13091_sub4	0	1	1	0	0	0	1	0
13091_sub5	0	1	1	0	0	0	1	0
13099_sub0	0	1	1	0	0	0	1	0
13099_sub1	0	1	0	1	0	0	0	1
13099_sub2	0	1	0	1	0	0	0	1
13099_sub3	0	1	1	0	0	0	1	0
13099_sub4	0	1	1	0	0	0	1	0
13099_sub5	0	1	1	0	0	0	1	0
1311_sub0	1	28	17	11	10	10	7	1
1311_sub1	0	1	0	1	0	0	0	1
1311_sub2	0	1	1	0	0	0	1	0
1311_sub3	0	1	0	1	0	0	0	1
1311_sub4	0	1	1	0	0	0	1	0
1311_sub5	0	1	0	1	0	0	0	1
13110_sub0	1	10	3	7	3	7	0	0
13110_sub1	0	1	1	0	0	0	1	0
13112_sub0	0	1	1	0	0	0	1	0
13112_sub1	0	1	0	1	0	0	0	1
13112_sub2	0	1	1	0	0	0	1	0
13112_sub3	0	1	0	1	0	0	0	1
13112_sub4	0	1	1	0	0	0	1	0
13112_sub5	0	1	0	1	0	0	0	1
13112_sub6	0	1	0	1	0	0	0	1
13122_sub0	0	1	0	1	0	0	0	1
13122_sub1	0	1	1	0	0	0	1	0
13122_sub2	0	1	0	1	0	0	0	1
13122_sub3	0	1	0	1	0	0	0	1
13122_sub4	0	1	1	0	0	0	1	0
13122_sub5	0	1	0	1	0	0	0	1
13122_sub6	0	1	0	1	0	0	0	1
13122_sub7	0	1	0	1	0	0	0	1
13123_sub0	1	6	2	4	2	4	0	0
13123_sub1	0	1	0	1	0	0	0	1
13123_sub2	0	1	0	1	0	0	0	1
13124_sub0	0	1	1	0	0	0	1	0
13124_sub1	0	1	0	1	0	0	0	1
13124_sub2	0	1	1	0	0	0	1	0
13124_sub3	0	1	0	1	0	0	0	1
13124_sub4	0	1	1	0	0	0	1	0
13124_sub5	0	1	0	1	0	0	0	1
13124_sub6	0	1	1	0	0	0	1	0
13124_sub7	0	1	0	1	0	0	0	1
13124_sub8	0	1	0	1	0	0	0	1
13124_sub9	0	1	1	0	0	0	1	0
13124_sub10	0	1	0	1	0	0	0	1
13127_sub0	0	1	0	1	0	0	0	1
13127_sub1	0	1	1	0	0	0	1	0
13127_sub2	0	1	0	1	0	0	0	1
13127_sub3	0	1	1	0	0	0	1	0
13127_sub4	0	1	1	0	0	0	1	0
13127_sub5	0	1	1	0	0	0	1	0
13135_sub0	1	12	9	3	9	3	0	0
13135_sub1	0	1	0	1	0	0	0	1
13135_sub2	0	1	0	1	0	0	0	1
13135_sub3	0	1	0	1	0	0	0	1
1314_sub0	1	11	4	7	4	7	0	0
1314_sub1	0	1	0	1	0	0	0	1
1314_sub2	0	1	1	0	0	0	1	0
1314_sub3	0	1	0	1	0	0	0	1
13149_sub0	0	1	0	1	0	0	0	1
13149_sub1	0	1	0	1	0	0	0	1
13149_sub2	0	1	1	0	0	0	1	0
13149_sub3	0	1	0	1	0	0	0	1
13149_sub4	0	1	1	0	0	0	1	0
13149_sub5	0	1	0	1	0	0	0	1
13149_sub6	0	1	1	0	0	0	1	0
13149_sub7	0	1	0	1	0	0	0	1
1315_sub0	1	12	7	5	7	5	0	0
1315_sub1	0	1	1	0	0	0	1	0
1315_sub2	0	1	0	1	0	0	0	1
1315_sub3	0	1	0	1	0	0	0	1
1315_sub4	0	1	1	0	0	0	1	0
13165_sub0	0	1	0	1	0	0	0	1
13165_sub1	0	1	1	0	0	0	1	0
13165_sub2	0	5	4	1	0	0	4	1
13165_sub3	0	1	0	1	0	0	0	1
13165_sub4	0	1	1	0	0	0	1	0
13165_sub5	0	1	1	0	0	0	1	0
13172_sub0	0	1	0	1	0	0	0	1
13172_sub1	0	1	0	1	0	0	0	1
13172_sub2	0	1	0	1	0	0	0	1
13172_sub3	0	1	1	0	0	0	1	0
13172_sub4	0	1	0	1	0	0	0	1
13172_sub5	0	1	0	1	0	0	0	1
13181_sub0	0	1	1	0	0	0	1	0
13181_sub1	0	1	1	0	0	0	1	0
13181_sub2	0	1	0	1	0	0	0	1
13181_sub3	0	1	0	1	0	0	0	1
13181_sub4	0	1	1	0	0	0	1	0
13181_sub5	0	1	0	1	0	0	0	1
1320_sub0	1	9	3	6	3	6	0	0
1320_sub1	0	1	1	0	0	0	1	0
1320_sub2	0	1	1	0	0	0	1	0
13201_sub0	0	1	1	0	0	0	1	0
13201_sub1	0	1	1	0	0	0	1	0
13201_sub2	0	1	0	1	0	0	0	1
13201_sub3	0	1	0	1	0	0	0	1
13201_sub4	0	1	0	1	0	0	0	1
13201_sub5	0	1	1	0	0	0	1	0
13201_sub6	0	1	0	1	0	0	0	1
13201_sub7	0	1	0	1	0	0	0	1
13210_sub0	0	1	1	0	0	0	1	0
13210_sub1	0	1	1	0	0	0	1	0
13210_sub2	0	1	1	0	0	0	1	0
13210_sub3	0	1	1	0	0	0	1	0
13210_sub4	0	1	1	0	0	0	1	0
13210_sub5	0	1	0	1	0	0	0	1
13210_sub6	0	1	0	1	0	0	0	1
13210_sub7	0	1	0	1	0	0	0	1
13215_sub0	0	1	0	1	0	0	0	1
13215_sub1	1	25	18	7	13	7	5	0
13215_sub2	0	1	1	0	0	0	1	0
13215_sub3	0	1	0	1	0	0	0	1
13215_sub4	0	1	1	0	0	0	1	0
13215_sub5	0	1	0	1	0	0	0	1
13218_sub0	0	1	1	0	0	0	1	0
13218_sub1	0	1	0	1	0	0	0	1
13218_sub2	0	1	1	0	0	0	1	0
13218_sub3	0	1	0	1	0	0	0	1
13218_sub4	0	1	0	1	0	0	0	1
13218_sub5	0	1	1	0	0	0	1	0
13224_sub0	1	12	6	6	6	6	0	0
13224_sub1	0	1	0	1	0	0	0	1
13224_sub2	0	1	0	1	0	0	0	1
13229_sub0	0	1	0	1	0	0	0	1
13229_sub1	0	1	1	0	0	0	1	0
13229_sub2	0	1	0	1	0	0	0	1
13229_sub3	0	1	0	1	0	0	0	1
13229_sub4	0	1	1	0	0	0	1	0
13229_sub5	0	1	1	0	0	0	1	0
13229_sub6	0	1	0	1	0	0	0	1
13238_sub0	0	1	1	0	0	0	1	0
13238_sub1	1	9	4	5	4	5	0	0
13238_sub2	0	1	0	1	0	0	0	1
13240_sub0	0	1	0	1	0	0	0	1
13240_sub1	0	1	1	0	0	0	1	0
13240_sub2	0	1	1	0	0	0	1	0
13240_sub3	0	1	1	0	0	0	1	0
13240_sub4	0	1	1	0	0	0	1	0
13240_sub5	0	2	1	1	0	0	1	1
13240_sub6	0	1	1	0	0	0	1	0
13240_sub7	0	1	1	0	0	0	1	0
13240_sub8	0	1	1	0	0	0	1	0
13242_sub0	0	1	1	0	0	0	1	0
13242_sub1	0	1	1	0	0	0	1	0
13242_sub2	0	1	1	0	0	0	1	0
13242_sub3	0	1	0	1	0	0	0	1
13242_sub4	0	1	0	1	0	0	0	1
13242_sub5	0	1	1	0	0	0	1	0
13242_sub6	0	1	1	0	0	0	1	0
13249_sub0	0	1	1	0	0	0	1	0
13249_sub1	0	1	1	0	0	0	1	0
13249_sub2	0	1	1	0	0	0	1	0
13249_sub3	0	1	1	0	0	0	1	0
13249_sub4	0	1	0	1	0	0	0	1
13249_sub5	0	1	0	1	0	0	0	1
13249_sub6	0	1	0	1	0	0	0	1
13250_sub0	0	1	1	0	0	0	1	0
13250_sub1	0	1	0	1	0	0	0	1
13250_sub2	0	1	0	1	0	0	0	1
13250_sub3	0	1	1	0	0	0	1	0
13250_sub4	0	1	0	1	0	0	0	1
13250_sub5	0	1	0	1	0	0	0	1
13250_sub6	0	1	1	0	0	0	1	0
13253_sub0	0	1	1	0	0	0	1	0
13253_sub1	0	2	1	1	0	0	1	1
13253_sub2	0	1	0	1	0	0	0	1
13253_sub3	0	1	0	1	0	0	0	1
13253_sub4	0	1	1	0	0	0	1	0
13253_sub5	0	1	0	1	0	0	0	1
13253_sub6	0	1	1	0	0	0	1	0
13253_sub7	0	1	1	0	0	0	1	0
13254_sub0	0	1	1	0	0	0	1	0
13254_sub1	0	1	0	1	0	0	0	1
13254_sub2	0	1	0	1	0	0	0	1
13254_sub3	0	1	1	0	0	0	1	0
13254_sub4	0	1	1	0	0	0	1	0
13254_sub5	0	1	0	1	0	0	0	1
13257_sub0	0	1	0	1	0	0	0	1
13257_sub1	0	1	1	0	0	0	1	0
13257_sub2	0	1	0	1	0	0	0	1
13257_sub3	0	1	0	1	0	0	0	1
13257_sub4	0	1	0	1	0	0	0	1
13257_sub5	0	1	0	1	0	0	0	1
13257_sub6	0	1	0	1	0	0	0	1
13259_sub0	1	6	2	4	2	4	0	0
13259_sub1	0	1	1	0	0	0	1	0
13267_sub0	1	8	4	4	4	4	0	0
13267_sub1	0	1	0	1	0	0	0	1
13267_sub2	0	1	0	1	0	0	0	1
13268_sub0	1	10	3	7	3	7	0	0
1327_sub0	0	1	0	1	0	0	0	1
1327_sub1	1	7	5	2	5	2	0	0
1327_sub2	0	1	1	0	0	0	1	0
13272_sub0	0	1	1	0	0	0	1	0
13272_sub1	0	1	0	1	0	0	0	1
13272_sub2	0	1	0	1	0	0	0	1
13272_sub3	0	1	1	0	0	0	1	0
13272_sub4	0	1	1	0	0	0	1	0
13272_sub5	0	1	0	1	0	0	0	1
13274_sub0	1	10	7	3	7	3	0	0
1328_sub0	1	15	7	8	7	8	0	0
1328_sub1	0	1	1	0	0	0	1	0
1328_sub2	0	1	0	1	0	0	0	1
1328_sub3	0	1	0	1	0	0	0	1
13292_sub0	0	1	1	0	0	0	1	0
13292_sub1	0	1	1	0	0	0	1	0
13292_sub2	0	1	1	0	0	0	1	0
13292_sub3	0	1	0	1	0	0	0	1
13292_sub4	0	1	1	0	0	0	1	0
13292_sub5	0	1	1	0	0	0	1	0
13293_sub0	0	2	1	1	0	0	1	1
13293_sub1	0	1	1	0	0	0	1	0
13293_sub2	0	1	0	1	0	0	0	1
13293_sub3	0	1	1	0	0	0	1	0
13293_sub4	0	1	0	1	0	0	0	1
13305_sub0	0	1	1	0	0	0	1	0
13305_sub1	0	1	0	1	0	0	0	1
13305_sub2	0	1	1	0	0	0	1	0
13305_sub3	0	1	0	1	0	0	0	1
13305_sub4	0	1	0	1	0	0	0	1
13305_sub5	0	1	0	1	0	0	0	1
13307_sub0	1	11	3	8	3	8	0	0
13307_sub1	0	1	0	1	0	0	0	1
13311_sub0	0	1	1	0	0	0	1	0
13311_sub1	0	1	0	1	0	0	0	1
13311_sub2	0	1	0	1	0	0	0	1
13311_sub3	0	1	1	0	0	0	1	0
13311_sub4	0	1	1	0	0	0	1	0
13311_sub5	0	1	0	1	0	0	0	1
13311_sub6	0	1	0	1	0	0	0	1
13311_sub7	0	1	1	0	0	0	1	0
13312_sub0	1	20	8	12	8	12	0	0
13312_sub1	0	1	1	0	0	0	1	0
13312_sub2	0	1	1	0	0	0	1	0
13312_sub3	0	1	0	1	0	0	0	1
13312_sub4	0	1	0	1	0	0	0	1
13312_sub5	0	1	0	1	0	0	0	1
13312_sub6	0	1	1	0	0	0	1	0
13312_sub7	0	1	0	1	0	0	0	1
13312_sub8	0	1	0	1	0	0	0	1
1332_sub0	0	1	0	1	0	0	0	1
1332_sub1	1	25	9	16	9	11	0	5
1332_sub2	0	1	0	1	0	0	0	1
1332_sub3	0	1	1	0	0	0	1	0
1332_sub4	0	1	0	1	0	0	0	1
1332_sub5	0	1	0	1	0	0	0	1
13322_sub0	0	1	1	0	0	0	1	0
13322_sub1	0	1	1	0	0	0	1	0
13322_sub2	0	1	1	0	0	0	1	0
13322_sub3	0	1	0	1	0	0	0	1
13322_sub4	0	1	1	0	0	0	1	0
13322_sub5	0	1	0	1	0	0	0	1
13322_sub6	0	1	0	1	0	0	0	1
13324_sub0	0	1	0	1	0	0	0	1
13324_sub1	0	4	2	2	0	0	2	2
13324_sub2	0	1	1	0	0	0	1	0
13324_sub3	0	1	1	0	0	0	1	0
13325_sub0	0	1	0	1	0	0	0	1
13325_sub1	0	1	0	1	0	0	0	1
13325_sub2	0	1	0	1	0	0	0	1
13325_sub3	0	1	0	1	0	0	0	1
13325_sub4	0	1	0	1	0	0	0	1
13325_sub5	0	1	1	0	0	0	1	0
13326_sub0	0	1	0	1	0	0	0	1
13326_sub1	0	1	1	0	0	0	1	0
13326_sub2	0	1	1	0	0	0	1	0
13326_sub3	0	2	1	1	0	0	1	1
13326_sub4	0	1	1	0	0	0	1	0
1333_sub0	0	1	0	1	0	0	0	1
1333_sub1	1	8	5	3	5	3	0	0
13336_sub0	1	10	3	7	3	7	0	0
13336_sub1	0	1	1	0	0	0	1	0
13336_sub2	0	1	0	1	0	0	0	1
13336_sub3	0	1	1	0	0	0	1	0
13336_sub4	0	1	0	1	0	0	0	1
13336_sub5	0	1	0	1	0	0	0	1
1335_sub0	0	1	0	1	0	0	0	1
1335_sub1	0	1	0	1	0	0	0	1
1335_sub2	0	1	1	0	0	0	1	0
1335_sub3	0	1	1	0	0	0	1	0
1335_sub4	0	1	1	0	0	0	1	0
1335_sub5	0	1	1	0	0	0	1	0
13352_sub0	0	1	0	1	0	0	0	1
13352_sub1	0	1	1	0	0	0	1	0
13352_sub2	0	1	0	1	0	0	0	1
13352_sub3	0	1	0	1	0	0	0	1
13352_sub4	0	1	0	1	0	0	0	1
13352_sub5	0	1	0	1	0	0	0	1
13352_sub6	0	1	1	0	0	0	1	0
13353_sub0	0	1	0	1	0	0	0	1
13353_sub1	0	1	1	0	0	0	1	0
13353_sub2	0	1	1	0	0	0	1	0
13353_sub3	0	1	0	1	0	0	0	1
13353_sub4	0	1	1	0	0	0	1	0
13353_sub5	0	1	1	0	0	0	1	0
13353_sub6	0	1	1	0	0	0	1	0
13359_sub0	0	5	3	2	0	0	3	2
13359_sub1	0	1	1	0	0	0	1	0
13364_sub0	0	1	0	1	0	0	0	1
13364_sub1	0	1	1	0	0	0	1	0
13364_sub2	0	1	1	0	0	0	1	0
13364_sub3	0	1	1	0	0	0	1	0
13364_sub4	0	1	0	1	0	0	0	1
13364_sub5	0	1	1	0	0	0	1	0
13365_sub0	0	1	1	0	0	0	1	0
13365_sub1	0	4	2	2	0	0	2	2
13365_sub2	0	1	1	0	0	0	1	0
13365_sub3	0	1	0	1	0	0	0	1
1337_sub0	1	16	6	10	6	10	0	0
1337_sub1	0	1	1	0	0	0	1	0
1337_sub2	0	1	1	0	0	0	1	0
1337_sub3	0	1	1	0	0	0	1	0
1337_sub4	0	1	0	1	0	0	0	1
1337_sub5	0	1	0	1	0	0	0	1
13377_sub0	0	1	1	0	0	0	1	0
13377_sub1	0	1	1	0	0	0	1	0
13377_sub2	0	1	1	0	0	0	1	0
13377_sub3	0	1	1	0	0	0	1	0
13377_sub4	0	1	1	0	0	0	1	0
13377_sub5	0	1	0	1	0	0	0	1
1338_sub0	1	18	8	10	8	10	0	0
1338_sub1	0	1	0	1	0	0	0	1
1338_sub2	0	1	0	1	0	0	0	1
1338_sub3	0	1	1	0	0	0	1	0
1338_sub4	0	1	0	1	0	0	0	1
1338_sub5	0	1	1	0	0	0	1	0
1338_sub6	0	1	0	1	0	0	0	1
1338_sub7	0	1	0	1	0	0	0	1
1338_sub8	0	1	1	0	0	0	1	0
1338_sub9	0	1	1	0	0	0	1	0
13381_sub0	1	14	5	9	5	9	0	0
13381_sub1	0	1	1	0	0	0	1	0
13381_sub2	0	1	0	1	0	0	0	1
13384_sub0	1	8	3	5	3	5	0	0
13384_sub1	0	1	0	1	0	0	0	1
13384_sub2	0	1	0	1	0	0	0	1
13384_sub3	0	1	0	1	0	0	0	1
13384_sub4	0	1	1	0	0	0	1	0
13384_sub5	0	1	1	0	0	0	1	0
13390_sub0	1	7	5	2	5	2	0	0
13390_sub1	0	1	1	0	0	0	1	0
13390_sub2	0	1	1	0	0	0	1	0
13390_sub3	0	1	0	1	0	0	0	1
13393_sub0	0	1	0	1	0	0	0	1
13393_sub1	0	2	1	1	0	0	1	1
13393_sub2	0	1	1	0	0	0	1	0
13393_sub3	0	1	1	0	0	0	1	0
13393_sub4	0	1	1	0	0	0	1	0
13393_sub5	0	1	0	1	0	0	0	1
13393_sub6	0	1	1	0	0	0	1	0
13393_sub7	0	1	1	0	0	0	1	0
13406_sub0	1	20	8	12	8	12	0	0
13406_sub1	0	1	1	0	0	0	1	0
13406_sub2	0	1	0	1	0	0	0	1
13406_sub3	0	1	0	1	0	0	0	1
13406_sub4	0	1	0	1	0	0	0	1
13406_sub5	0	1	0	1	0	0	0	1
13407_sub0	0	1	0	1	0	0	0	1
13407_sub1	1	6	5	1	5	1	0	0
13407_sub2	0	1	0	1	0	0	0	1
13407_sub3	0	1	1	0	0	0	1	0
13407_sub4	0	1	0	1	0	0	0	1
13407_sub5	0	1	0	1	0	0	0	1
13407_sub6	0	1	1	0	0	0	1	0
13411_sub0	0	1	1	0	0	0	1	0
13411_sub1	0	1	1	0	0	0	1	0
13411_sub2	0	1	1	0	0	0	1	0
13411_sub3	0	1	0	1	0	0	0	1
13411_sub4	0	1	1	0	0	0	1	0
13411_sub5	0	1	0	1	0	0	0	1
13414_sub0	0	1	0	1	0	0	0	1
13414_sub1	0	1	1	0	0	0	1	0
13414_sub2	0	1	0	1	0	0	0	1
13414_sub3	0	1	1	0	0	0	1	0
13414_sub4	0	1	0	1	0	0	0	1
13414_sub5	0	1	1	0	0	0	1	0
13416_sub0	0	2	2	0	0	0	2	0
13416_sub1	0	1	1	0	0	0	1	0
13416_sub2	0	1	0	1	0	0	0	1
13416_sub3	0	1	0	1	0	0	0	1
13416_sub4	0	1	0	1	0	0	0	1
13428_sub0	1	8	4	4	4	4	0	0
13428_sub1	0	1	1	0	0	0	1	0
13430_sub0	0	1	1	0	0	0	1	0
13430_sub1	1	13	5	8	5	8	0	0
13430_sub2	0	1	1	0	0	0	1	0
13430_sub3	0	1	0	1	0	0	0	1
13430_sub4	0	1	1	0	0	0	1	0
13430_sub5	0	1	1	0	0	0	1	0
13430_sub6	0	1	0	1	0	0	0	1
1344_sub0	1	13	2	11	2	11	0	0
13440_sub0	0	1	0	1	0	0	0	1
13440_sub1	0	1	0	1	0	0	0	1
13440_sub2	0	1	0	1	0	0	0	1
13440_sub3	0	1	1	0	0	0	1	0
13440_sub4	0	1	0	1	0	0	0	1
13440_sub5	0	1	1	0	0	0	1	0
13447_sub0	1	9	2	7	2	7	0	0
13447_sub1	0	1	1	0	0	0	1	0
13447_sub2	0	1	1	0	0	0	1	0
13447_sub3	0	1	0	1	0	0	0	1
1345_sub0	1	24	13	11	10	10	3	1
1345_sub1	0	1	0	1	0	0	0	1
1345_sub2	0	1	0	1	0	0	0	1
1345_sub3	0	1	1	0	0	0	1	0
1345_sub4	0	1	0	1	0	0	0	1
13456_sub0	0	1	0	1	0	0	0	1
13456_sub1	0	1	1	0	0	0	1	0
13456_sub2	0	1	1	0	0	0	1	0
13456_sub3	0	1	1	0	0	0	1	0
13456_sub4	0	1	0	1	0	0	0	1
13456_sub5	0	1	1	0	0	0	1	0
13468_sub0	1	13	4	9	4	9	0	0
13480_sub0	0	1	0	1	0	0	0	1
13480_sub1	0	1	1	0	0	0	1	0
13480_sub2	0	1	0	1	0	0	0	1
13480_sub3	0	1	0	1	0	0	0	1
13480_sub4	0	1	0	1	0	0	0	1
13480_sub5	0	1	1	0	0	0	1	0
13487_sub0	0	1	0	1	0	0	0	1
13487_sub1	1	13	7	6	7	6	0	0
13487_sub2	0	1	1	0	0	0	1	0
13487_sub3	0	1	1	0	0	0	1	0
13487_sub4	0	1	1	0	0	0	1	0
13501_sub0	0	1	0	1	0	0	0	1
13501_sub1	0	1	0	1	0	0	0	1
13501_sub2	1	11	4	7	4	7	0	0
13501_sub3	0	1	1	0	0	0	1	0
13518_sub0	0	1	0	1	0	0	0	1
13518_sub1	0	1	1	0	0	0	1	0
13518_sub2	0	1	0	1	0	0	0	1
13518_sub3	0	3	2	1	0	0	2	1
13519_sub0	1	6	4	2	4	2	0	0
13523_sub0	1	9	5	4	5	4	0	0
13523_sub1	0	1	1	0	0	0	1	0
13523_sub2	0	1	0	1	0	0	0	1
13531_sub0	0	1	1	0	0	0	1	0
13531_sub1	1	8	3	5	3	5	0	0
13534_sub0	1	15	6	9	6	9	0	0
13534_sub1	0	1	0	1	0	0	0	1
13534_sub2	0	1	0	1	0	0	0	1
13534_sub3	0	1	0	1	0	0	0	1
13534_sub4	0	1	0	1	0	0	0	1
13536_sub0	1	15	9	6	9	6	0	0
13536_sub1	0	1	0	1	0	0	0	1
1354_sub0	1	6	1	5	1	5	0	0
1354_sub1	0	1	1	0	0	0	1	0
1354_sub2	0	1	0	1	0	0	0	1
13546_sub0	0	1	0	1	0	0	0	1
13546_sub1	0	1	1	0	0	0	1	0
13546_sub2	0	1	0	1	0	0	0	1
13546_sub3	0	1	0	1	0	0	0	1
13546_sub4	0	1	1	0	0	0	1	0
13546_sub5	0	1	0	1	0	0	0	1
1355_sub0	1	8	4	4	4	4	0	0
1355_sub1	0	1	1	0	0	0	1	0
13558_sub0	0	1	1	0	0	0	1	0
13558_sub1	0	1	1	0	0	0	1	0
13558_sub2	0	1	0	1	0	0	0	1
13558_sub3	0	1	0	1	0	0	0	1
13558_sub4	0	1	0	1	0	0	0	1
13558_sub5	0	1	1	0	0	0	1	0
13558_sub6	0	1	0	1	0	0	0	1
13573_sub0	0	4	1	3	0	0	1	3
13573_sub1	0	1	1	0	0	0	1	0
13573_sub2	0	1	0	1	0	0	0	1
13574_sub0	0	1	0	1	0	0	0	1
13574_sub1	0	1	1	0	0	0	1	0
13574_sub2	0	1	1	0	0	0	1	0
13574_sub3	0	1	0	1	0	0	0	1
13574_sub4	0	1	0	1	0	0	0	1
13574_sub5	0	1	0	1	0	0	0	1
13581_sub0	0	1	1	0	0	0	1	0
13581_sub1	0	1	0	1	0	0	0	1
13581_sub2	0	1	0	1	0	0	0	1
13581_sub3	0	1	0	1	0	0	0	1
13581_sub4	0	1	0	1	0	0	0	1
13581_sub5	0	1	1	0	0	0	1	0
13584_sub0	1	6	4	2	4	2	0	0
13584_sub1	0	1	0	1	0	0	0	1
13587_sub0	0	1	1	0	0	0	1	0
13587_sub1	0	1	1	0	0	0	1	0
13587_sub2	0	1	0	1	0	0	0	1
13587_sub3	0	1	0	1	0	0	0	1
13587_sub4	0	1	1	0	0	0	1	0
13587_sub5	0	1	0	1	0	0	0	1
13589_sub0	0	1	0	1	0	0	0	1
13589_sub1	0	1	1	0	0	0	1	0
13589_sub2	0	1	1	0	0	0	1	0
13589_sub3	0	1	1	0	0	0	1	0
13589_sub4	0	2	2	0	0	0	2	0
13589_sub5	0	1	1	0	0	0	1	0
1359_sub0	0	1	0	1	0	0	0	1
1359_sub1	0	5	3	2	0	0	3	2
1359_sub2	0	1	1	0	0	0	1	0
1359_sub3	0	1	1	0	0	0	1	0
1359_sub4	0	1	0	1	0	0	0	1
1359_sub5	0	1	0	1	0	0	0	1
13596_sub0	0	1	1	0	0	0	1	0
13596_sub1	0	4	2	2	0	0	2	2
13596_sub2	0	1	1	0	0	0	1	0
13596_sub3	0	1	0	1	0	0	0	1
13599_sub0	0	1	0	1	0	0	0	1
13599_sub1	0	1	0	1	0	0	0	1
13599_sub2	0	1	1	0	0	0	1	0
13599_sub3	0	1	1	0	0	0	1	0
13599_sub4	0	1	0	1	0	0	0	1
13599_sub5	0	1	1	0	0	0	1	0
1361_sub0	0	1	0	1	0	0	0	1
1361_sub1	0	1	0	1	0	0	0	1
1361_sub2	0	1	1	0	0	0	1	0
1361_sub3	0	1	1	0	0	0	1	0
1361_sub4	0	1	1	0	0	0	1	0
1361_sub5	0	1	1	0	0	0	1	0
13610_sub0	0	1	0	1	0	0	0	1
13610_sub1	0	1	0	1	0	0	0	1
13610_sub2	0	1	0	1	0	0	0	1
13610_sub3	0	1	1	0	0	0	1	0
13610_sub4	0	1	0	1	0	0	0	1
13610_sub5	0	1	1	0	0	0	1	0
13612_sub0	0	2	2	0	0	0	2	0
13612_sub1	0	1	1	0	0	0	1	0
13612_sub2	0	1	1	0	0	0	1	0
13612_sub3	0	1	0	1	0	0	0	1
13612_sub4	0	1	0	1	0	0	0	1
13612_sub5	0	1	1	0	0	0	1	0
13612_sub6	0	1	1	0	0	0	1	0
13619_sub0	0	1	1	0	0	0	1	0
13619_sub1	0	1	1	0	0	0	1	0
13619_sub2	0	1	0	1	0	0	0	1
13619_sub3	0	1	0	1	0	0	0	1
13619_sub4	0	1	0	1	0	0	0	1
13619_sub5	0	1	1	0	0	0	1	0
13619_sub6	0	1	1	0	0	0	1	0
13621_sub0	0	1	1	0	0	0	1	0
13621_sub1	0	1	1	0	0	0	1	0
13621_sub2	0	1	0	1	0	0	0	1
13621_sub3	0	1	0	1	0	0	0	1
13621_sub4	0	1	1	0	0	0	1	0
13621_sub5	0	1	1	0	0	0	1	0
13621_sub6	0	1	0	1	0	0	0	1
13626_sub0	0	1	0	1	0	0	0	1
13626_sub1	0	1	0	1	0	0	0	1
13626_sub2	0	1	1	0	0	0	1	0
13626_sub3	0	1	1	0	0	0	1	0
13626_sub4	0	1	1	0	0	0	1	0
13626_sub5	0	1	1	0	0	0	1	0
13626_sub6	0	1	1	0	0	0	1	0
13636_sub0	1	13	6	7	6	7	0	0
13636_sub1	0	1	1	0	0	0	1	0
13636_sub2	0	1	0	1	0	0	0	1
13636_sub3	0	1	0	1	0	0	0	1
13637_sub0	0	1	0	1	0	0	0	1
13637_sub1	0	1	0	1	0	0	0	1
13637_sub2	0	1	1	0	0	0	1	0
13637_sub3	0	1	1	0	0	0	1	0
13637_sub4	0	1	0	1	0	0	0	1
13637_sub5	0	1	1	0	0	0	1	0
13637_sub6	0	1	0	1	0	0	0	1
13637_sub7	0	1	1	0	0	0	1	0
13637_sub8	0	1	1	0	0	0	1	0
13637_sub9	0	1	1	0	0	0	1	0
1364_sub0	1	6	3	3	3	3	0	0
1364_sub1	0	1	0	1	0	0	0	1
1364_sub2	0	1	1	0	0	0	1	0
13647_sub0	1	6	3	3	3	3	0	0
13653_sub0	1	13	4	9	4	9	0	0
13653_sub1	0	1	1	0	0	0	1	0
13653_sub2	0	1	0	1	0	0	0	1
13653_sub3	0	1	1	0	0	0	1	0
13653_sub4	0	1	1	0	0	0	1	0
13653_sub5	0	1	1	0	0	0	1	0
13653_sub6	0	1	0	1	0	0	0	1
13655_sub0	0	2	1	1	0	0	1	1
13655_sub1	0	4	3	1	0	0	3	1
13655_sub2	0	1	0	1	0	0	0	1
13655_sub3	0	1	1	0	0	0	1	0
13657_sub0	0	1	1	0	0	0	1	0
13657_sub1	0	4	2	2	0	0	2	2
13657_sub2	0	1	1	0	0	0	1	0
13657_sub3	0	1	1	0	0	0	1	0
13676_sub0	0	1	1	0	0	0	1	0
13676_sub1	0	1	1	0	0	0	1	0
13676_sub2	0	1	1	0	0	0	1	0
13676_sub3	0	1	0	1	0	0	0	1
13676_sub4	0	1	0	1	0	0	0	1
13676_sub5	0	1	1	0	0	0	1	0
13676_sub6	0	1	1	0	0	0	1	0
13684_sub0	0	1	0	1	0	0	0	1
13684_sub1	1	6	3	3	3	3	0	0
13684_sub2	0	1	0	1	0	0	0	1
13684_sub3	0	1	0	1	0	0	0	1
13685_sub0	1	7	4	3	4	3	0	0
13688_sub0	0	1	1	0	0	0	1	0
13688_sub1	0	1	0	1	0	0	0	1
13688_sub2	1	10	7	3	7	3	0	0
13688_sub3	0	1	1	0	0	0	1	0
13688_sub4	0	1	0	1	0	0	0	1
13688_sub5	0	1	1	0	0	0	1	0
13688_sub6	0	1	0	1	0	0	0	1
13688_sub7	0	1	0	1	0	0	0	1
13690_sub0	0	1	0	1	0	0	0	1
13690_sub1	0	1	0	1	0	0	0	1
13690_sub2	0	3	0	3	0	0	0	3
13690_sub3	0	1	0	1	0	0	0	1
13690_sub4	0	1	0	1	0	0	0	1
13690_sub5	0	1	1	0	0	0	1	0
13690_sub6	0	1	0	1	0	0	0	1
13690_sub7	0	1	1	0	0	0	1	0
137_sub0	0	1	0	1	0	0	0	1
137_sub1	1	8	3	5	3	5	0	0
137_sub2	0	1	1	0	0	0	1	0
137_sub3	0	1	1	0	0	0	1	0
137_sub4	0	1	1	0	0	0	1	0
137_sub5	0	1	0	1	0	0	0	1
1370_sub0	1	15	6	9	6	9	0	0
1370_sub1	0	1	1	0	0	0	1	0
1370_sub2	0	1	0	1	0	0	0	1
1370_sub3	0	1	1	0	0	0	1	0
1370_sub4	0	1	1	0	0	0	1	0
13706_sub0	0	1	0	1	0	0	0	1
13706_sub1	0	1	1	0	0	0	1	0
13706_sub2	1	9	3	6	3	6	0	0
13720_sub0	1	8	7	1	7	1	0	0
13720_sub1	0	1	0	1	0	0	0	1
13720_sub2	0	1	1	0	0	0	1	0
13720_sub3	0	1	1	0	0	0	1	0
13720_sub4	0	1	0	1	0	0	0	1
13743_sub0	0	1	1	0	0	0	1	0
13743_sub1	0	1	1	0	0	0	1	0
13743_sub2	0	1	1	0	0	0	1	0
13743_sub3	0	1	0	1	0	0	0	1
13743_sub4	0	1	1	0	0	0	1	0
13743_sub5	0	1	0	1	0	0	0	1
13747_sub0	0	1	1	0	0	0	1	0
13747_sub1	0	1	0	1	0	0	0	1
13747_sub2	0	1	1	0	0	0	1	0
13747_sub3	0	1	0	1	0	0	0	1
13747_sub4	0	1	1	0	0	0	1	0
13747_sub5	0	1	0	1	0	0	0	1
13756_sub0	1	11	6	5	6	5	0	0
13756_sub1	0	1	0	1	0	0	0	1
13756_sub2	0	1	0	1	0	0	0	1
13771_sub0	0	1	1	0	0	0	1	0
13771_sub1	0	1	1	0	0	0	1	0
13771_sub2	0	1	1	0	0	0	1	0
13771_sub3	0	1	1	0	0	0	1	0
13771_sub4	0	1	1	0	0	0	1	0
13771_sub5	0	1	0	1	0	0	0	1
13778_sub0	1	7	3	4	3	4	0	0
13780_sub0	0	1	1	0	0	0	1	0
13780_sub1	0	1	1	0	0	0	1	0
13780_sub2	1	11	6	5	6	5	0	0
13780_sub3	0	1	0	1	0	0	0	1
13780_sub4	0	1	0	1	0	0	0	1
13780_sub5	0	1	1	0	0	0	1	0
13780_sub6	0	1	0	1	0	0	0	1
13783_sub0	0	1	1	0	0	0	1	0
13783_sub1	0	1	1	0	0	0	1	0
13783_sub2	0	1	1	0	0	0	1	0
13783_sub3	0	1	1	0	0	0	1	0
13783_sub4	0	1	1	0	0	0	1	0
13783_sub5	0	1	1	0	0	0	1	0
13783_sub6	0	1	0	1	0	0	0	1
13784_sub0	0	1	0	1	0	0	0	1
13784_sub1	1	9	6	3	6	3	0	0
13784_sub2	0	1	0	1	0	0	0	1
13787_sub0	0	1	0	1	0	0	0	1
13787_sub1	0	4	2	2	0	0	2	2
13787_sub2	0	1	0	1	0	0	0	1
13787_sub3	0	1	0	1	0	0	0	1
13790_sub0	0	1	1	0	0	0	1	0
13790_sub1	0	1	1	0	0	0	1	0
13790_sub2	0	1	0	1	0	0	0	1
13790_sub3	0	1	0	1	0	0	0	1
13790_sub4	0	1	1	0	0	0	1	0
13790_sub5	0	1	1	0	0	0	1	0
13790_sub6	0	1	0	1	0	0	0	1
13791_sub0	0	1	0	1	0	0	0	1
13791_sub1	1	7	2	5	2	5	0	0
13800_sub0	0	1	0	1	0	0	0	1
13800_sub1	1	14	5	9	5	9	0	0
13803_sub0	1	9	3	6	3	6	0	0
13803_sub1	0	1	0	1	0	0	0	1
13803_sub2	0	1	1	0	0	0	1	0
13803_sub3	0	1	1	0	0	0	1	0
13803_sub4	0	1	0	1	0	0	0	1
13804_sub0	0	1	1	0	0	0	1	0
13804_sub1	0	1	1	0	0	0	1	0
13804_sub2	0	1	1	0	0	0	1	0
13804_sub3	0	1	1	0	0	0	1	0
13804_sub4	0	1	1	0	0	0	1	0
13804_sub5	0	1	1	0	0	0	1	0
13814_sub0	0	1	0	1	0	0	0	1
13814_sub1	0	1	0	1	0	0	0	1
13814_sub2	0	1	1	0	0	0	1	0
13814_sub3	0	1	1	0	0	0	1	0
13814_sub4	0	1	0	1	0	0	0	1
13814_sub5	0	1	0	1	0	0	0	1
13820_sub0	1	9	3	6	3	6	0	0
13826_sub0	0	5	3	2	0	0	3	2
13826_sub1	0	1	1	0	0	0	1	0
13826_sub2	0	1	1	0	0	0	1	0
13826_sub3	0	1	0	1	0	0	0	1
13826_sub4	0	1	0	1	0	0	0	1
13826_sub5	0	1	1	0	0	0	1	0
13826_sub6	0	1	0	1	0	0	0	1
13827_sub0	0	3	2	1	0	0	2	1
13827_sub1	0	1	1	0	0	0	1	0
13827_sub2	0	1	0	1	0	0	0	1
13827_sub3	0	1	0	1	0	0	0	1
13828_sub0	0	1	0	1	0	0	0	1
13828_sub1	0	1	0	1	0	0	0	1
13828_sub2	0	1	0	1	0	0	0	1
13828_sub3	0	1	0	1	0	0	0	1
13828_sub4	0	1	0	1	0	0	0	1
13828_sub5	0	1	1	0	0	0	1	0
13828_sub6	0	1	1	0	0	0	1	0
13828_sub7	0	1	1	0	0	0	1	0
13833_sub0	0	1	0	1	0	0	0	1
13833_sub1	1	10	6	4	6	4	0	0
13833_sub2	0	1	1	0	0	0	1	0
13833_sub3	0	1	1	0	0	0	1	0
13835_sub0	0	1	0	1	0	0	0	1
13835_sub1	0	1	1	0	0	0	1	0
13835_sub2	0	1	1	0	0	0	1	0
13835_sub3	0	1	1	0	0	0	1	0
13835_sub4	0	1	1	0	0	0	1	0
13835_sub5	0	1	1	0	0	0	1	0
13836_sub0	0	1	0	1	0	0	0	1
13836_sub1	0	1	0	1	0	0	0	1
13836_sub2	0	1	0	1	0	0	0	1
13836_sub3	0	1	1	0	0	0	1	0
13836_sub4	0	1	0	1	0	0	0	1
13836_sub5	0	1	1	0	0	0	1	0
13840_sub0	1	10	3	7	3	7	0	0
13840_sub1	0	1	0	1	0	0	0	1
13840_sub2	0	1	1	0	0	0	1	0
13849_sub0	1	7	2	5	2	5	0	0
13849_sub1	0	1	1	0	0	0	1	0
13861_sub0	0	1	1	0	0	0	1	0
13861_sub1	0	1	0	1	0	0	0	1
13861_sub2	0	1	0	1	0	0	0	1
13861_sub3	0	1	1	0	0	0	1	0
13861_sub4	0	1	1	0	0	0	1	0
13861_sub5	0	1	1	0	0	0	1	0
13866_sub0	0	3	0	3	0	0	0	3
13866_sub1	0	1	0	1	0	0	0	1
13866_sub2	0	1	0	1	0	0	0	1
13866_sub3	0	1	0	1	0	0	0	1
13872_sub0	0	1	0	1	0	0	0	1
13872_sub1	1	9	3	6	3	6	0	0
13874_sub0	0	1	1	0	0	0	1	0
13874_sub1	0	4	2	2	0	0	2	2
13874_sub2	0	1	0	1	0	0	0	1
13874_sub3	0	1	1	0	0	0	1	0
13886_sub0	0	5	1	4	0	0	1	4
13886_sub1	0	1	1	0	0	0	1	0
13886_sub2	0	1	1	0	0	0	1	0
13886_sub3	0	1	0	1	0	0	0	1
1389_sub0	0	1	0	1	0	0	0	1
1389_sub1	0	1	0	1	0	0	0	1
1389_sub2	1	10	6	4	6	4	0	0
1389_sub3	0	1	1	0	0	0	1	0
13893_sub0	1	13	7	6	7	6	0	0
13893_sub1	0	1	0	1	0	0	0	1
13893_sub2	0	1	1	0	0	0	1	0
13893_sub3	0	1	1	0	0	0	1	0
13893_sub4	0	1	1	0	0	0	1	0
1393_sub0	1	8	2	6	2	6	0	0
1393_sub1	0	1	0	1	0	0	0	1
1393_sub2	0	1	1	0	0	0	1	0
1393_sub3	0	1	0	1	0	0	0	1
1393_sub4	0	1	0	1	0	0	0	1
13931_sub0	0	1	1	0	0	0	1	0
13931_sub1	0	1	1	0	0	0	1	0
13931_sub2	0	1	0	1	0	0	0	1
13931_sub3	0	1	0	1	0	0	0	1
13931_sub4	0	1	1	0	0	0	1	0
13931_sub5	0	1	1	0	0	0	1	0
13933_sub0	0	1	1	0	0	0	1	0
13933_sub1	0	1	0	1	0	0	0	1
13933_sub2	0	1	0	1	0	0	0	1
13933_sub3	0	1	0	1	0	0	0	1
13933_sub4	0	1	1	0	0	0	1	0
13933_sub5	0	1	1	0	0	0	1	0
13937_sub0	0	1	1	0	0	0	1	0
13937_sub1	0	1	0	1	0	0	0	1
13937_sub2	0	2	2	0	0	0	2	0
13937_sub3	0	1	1	0	0	0	1	0
13937_sub4	0	1	1	0	0	0	1	0
13937_sub5	0	1	1	0	0	0	1	0
1394_sub0	1	8	4	4	4	4	0	0
1394_sub1	0	1	0	1	0	0	0	1
1394_sub2	0	1	1	0	0	0	1	0
1394_sub3	0	1	1	0	0	0	1	0
1394_sub4	0	1	0	1	0	0	0	1
1394_sub5	0	1	0	1	0	0	0	1
1394_sub6	0	1	0	1	0	0	0	1
13944_sub0	0	1	1	0	0	0	1	0
13944_sub1	0	1	0	1	0	0	0	1
13944_sub2	0	1	1	0	0	0	1	0
13944_sub3	0	2	0	2	0	0	0	2
13944_sub4	0	1	0	1	0	0	0	1
13944_sub5	0	1	1	0	0	0	1	0
13944_sub6	0	1	1	0	0	0	1	0
13944_sub7	0	1	0	1	0	0	0	1
13944_sub8	0	1	1	0	0	0	1	0
13945_sub0	1	9	4	5	4	5	0	0
13945_sub1	0	1	0	1	0	0	0	1
13945_sub2	0	1	1	0	0	0	1	0
13947_sub0	0	1	0	1	0	0	0	1
13947_sub1	0	1	0	1	0	0	0	1
13947_sub2	0	1	0	1	0	0	0	1
13947_sub3	0	1	0	1	0	0	0	1
13947_sub4	0	1	0	1	0	0	0	1
13947_sub5	0	1	1	0	0	0	1	0
13947_sub6	0	1	1	0	0	0	1	0
13947_sub7	0	1	1	0	0	0	1	0
13947_sub8	0	1	0	1	0	0	0	1
13956_sub0	0	1	0	1	0	0	0	1
13956_sub1	0	1	1	0	0	0	1	0
13956_sub2	0	1	1	0	0	0	1	0
13956_sub3	0	1	0	1	0	0	0	1
13956_sub4	0	1	1	0	0	0	1	0
13956_sub5	0	1	0	1	0	0	0	1
13956_sub6	0	1	1	0	0	0	1	0
13959_sub0	0	1	0	1	0	0	0	1
13959_sub1	0	3	2	1	0	0	2	1
13959_sub2	0	1	1	0	0	0	1	0
13959_sub3	0	1	0	1	0	0	0	1
13959_sub4	0	1	0	1	0	0	0	1
13959_sub5	0	1	0	1	0	0	0	1
13961_sub0	0	1	1	0	0	0	1	0
13961_sub1	0	1	1	0	0	0	1	0
13961_sub2	0	1	0	1	0	0	0	1
13961_sub3	0	1	1	0	0	0	1	0
13961_sub4	0	1	0	1	0	0	0	1
13961_sub5	0	1	1	0	0	0	1	0
13961_sub6	0	1	1	0	0	0	1	0
13967_sub0	0	2	1	1	0	0	1	1
13967_sub1	0	1	1	0	0	0	1	0
13967_sub2	0	1	0	1	0	0	0	1
13967_sub3	0	1	1	0	0	0	1	0
13967_sub4	0	1	1	0	0	0	1	0
13979_sub0	0	1	1	0	0	0	1	0
13979_sub1	0	1	1	0	0	0	1	0
13979_sub2	0	1	0	1	0	0	0	1
13979_sub3	0	1	0	1	0	0	0	1
13979_sub4	0	1	0	1	0	0	0	1
13979_sub5	0	1	0	1	0	0	0	1
13979_sub6	0	1	1	0	0	0	1	0
13987_sub0	0	1	1	0	0	0	1	0
13987_sub1	0	1	0	1	0	0	0	1
13987_sub2	0	1	1	0	0	0	1	0
13987_sub3	0	1	0	1	0	0	0	1
13987_sub4	0	1	1	0	0	0	1	0
13987_sub5	0	1	0	1	0	0	0	1
1399_sub0	1	14	5	9	5	9	0	0
1399_sub1	0	1	0	1	0	0	0	1
1399_sub2	0	1	0	1	0	0	0	1
1399_sub3	0	1	1	0	0	0	1	0
1399_sub4	0	1	0	1	0	0	0	1
1399_sub5	0	1	1	0	0	0	1	0
1399_sub6	0	1	1	0	0	0	1	0
13996_sub0	0	1	1	0	0	0	1	0
13996_sub1	0	1	1	0	0	0	1	0
13996_sub2	0	1	1	0	0	0	1	0
13996_sub3	0	1	0	1	0	0	0	1
13996_sub4	0	1	0	1	0	0	0	1
13996_sub5	0	1	0	1	0	0	0	1
13996_sub6	0	1	1	0	0	0	1	0
13996_sub7	0	1	1	0	0	0	1	0
13998_sub0	0	1	1	0	0	0	1	0
13998_sub1	0	1	1	0	0	0	1	0
13998_sub2	0	1	0	1	0	0	0	1
13998_sub3	0	1	1	0	0	0	1	0
13998_sub4	0	1	1	0	0	0	1	0
13998_sub5	0	1	0	1	0	0	0	1
13998_sub6	0	1	1	0	0	0	1	0
14009_sub0	0	1	0	1	0	0	0	1
14009_sub1	0	1	0	1	0	0	0	1
14009_sub2	0	1	0	1	0	0	0	1
14009_sub3	0	1	0	1	0	0	0	1
14009_sub4	0	1	0	1	0	0	0	1
14009_sub5	0	1	0	1	0	0	0	1
1401_sub0	0	1	0	1	0	0	0	1
1401_sub1	0	1	1	0	0	0	1	0
1401_sub2	0	1	1	0	0	0	1	0
1401_sub3	0	1	1	0	0	0	1	0
1401_sub4	0	1	0	1	0	0	0	1
1401_sub5	0	1	0	1	0	0	0	1
14021_sub0	1	9	4	5	4	5	0	0
14021_sub1	0	1	0	1	0	0	0	1
14021_sub2	0	1	1	0	0	0	1	0
14021_sub3	0	1	0	1	0	0	0	1
14021_sub4	0	1	0	1	0	0	0	1
14022_sub0	0	1	0	1	0	0	0	1
14022_sub1	0	2	2	0	0	0	2	0
14022_sub2	0	1	0	1	0	0	0	1
14022_sub3	0	1	1	0	0	0	1	0
14022_sub4	0	1	0	1	0	0	0	1
14022_sub5	0	1	1	0	0	0	1	0
14037_sub0	0	5	2	3	0	0	2	3
14037_sub1	0	1	0	1	0	0	0	1
14037_sub2	0	1	1	0	0	0	1	0
14046_sub0	0	1	0	1	0	0	0	1
14046_sub1	0	1	0	1	0	0	0	1
14046_sub2	0	1	1	0	0	0	1	0
14046_sub3	0	1	0	1	0	0	0	1
14046_sub4	0	1	1	0	0	0	1	0
14046_sub5	0	1	1	0	0	0	1	0
14047_sub0	0	1	1	0	0	0	1	0
14047_sub1	0	1	0	1	0	0	0	1
14047_sub2	0	1	0	1	0	0	0	1
14047_sub3	0	1	0	1	0	0	0	1
14047_sub4	0	1	0	1	0	0	0	1
14047_sub5	0	1	1	0	0	0	1	0
14047_sub6	0	1	0	1	0	0	0	1
14047_sub7	0	1	1	0	0	0	1	0
14047_sub8	0	1	1	0	0	0	1	0
14055_sub0	0	1	0	1	0	0	0	1
14055_sub1	0	1	0	1	0	0	0	1
14055_sub2	0	1	1	0	0	0	1	0
14055_sub3	0	1	1	0	0	0	1	0
14055_sub4	0	1	1	0	0	0	1	0
14055_sub5	0	1	1	0	0	0	1	0
14055_sub6	0	1	0	1	0	0	0	1
14057_sub0	0	1	1	0	0	0	1	0
14057_sub1	0	1	0	1	0	0	0	1
14057_sub2	0	1	1	0	0	0	1	0
14057_sub3	0	1	1	0	0	0	1	0
14057_sub4	0	1	1	0	0	0	1	0
14057_sub5	0	5	4	1	0	0	4	1
14058_sub0	0	1	1	0	0	0	1	0
14058_sub1	0	1	0	1	0	0	0	1
14058_sub2	0	1	0	1	0	0	0	1
14058_sub3	0	1	1	0	0	0	1	0
14058_sub4	0	1	0	1	0	0	0	1
14058_sub5	0	1	0	1	0	0	0	1
14058_sub6	0	1	1	0	0	0	1	0
14062_sub0	0	1	1	0	0	0	1	0
14062_sub1	0	1	1	0	0	0	1	0
14062_sub2	0	2	1	1	0	0	1	1
14062_sub3	0	1	1	0	0	0	1	0
14062_sub4	0	1	1	0	0	0	1	0
14062_sub5	0	1	1	0	0	0	1	0
14068_sub0	1	9	1	8	1	8	0	0
14068_sub1	0	1	0	1	0	0	0	1
14068_sub2	0	1	0	1	0	0	0	1
14068_sub3	0	1	0	1	0	0	0	1
14076_sub0	0	1	0	1	0	0	0	1
14076_sub1	0	1	1	0	0	0	1	0
14076_sub2	0	1	0	1	0	0	0	1
14076_sub3	0	1	0	1	0	0	0	1
14076_sub4	0	1	1	0	0	0	1	0
14076_sub5	0	1	0	1	0	0	0	1
14076_sub6	0	1	0	1	0	0	0	1
14076_sub7	0	1	0	1	0	0	0	1
14079_sub0	0	1	1	0	0	0	1	0
14079_sub1	0	1	1	0	0	0	1	0
14079_sub2	0	1	1	0	0	0	1	0
14079_sub3	0	1	1	0	0	0	1	0
14079_sub4	0	1	1	0	0	0	1	0
14079_sub5	0	1	0	1	0	0	0	1
1408_sub0	0	1	0	1	0	0	0	1
1408_sub1	0	1	0	1	0	0	0	1
1408_sub2	1	16	11	5	11	5	0	0
1408_sub3	0	1	1	0	0	0	1	0
1408_sub4	0	1	1	0	0	0	1	0
1408_sub5	0	1	0	1	0	0	0	1
14087_sub0	0	1	1	0	0	0	1	0
14087_sub1	0	1	1	0	0	0	1	0
14087_sub2	0	1	0	1	0	0	0	1
14087_sub3	0	1	1	0	0	0	1	0
14087_sub4	0	1	0	1	0	0	0	1
14087_sub5	0	1	1	0	0	0	1	0
14088_sub0	0	1	0	1	0	0	0	1
14088_sub1	0	1	1	0	0	0	1	0
14088_sub2	0	1	1	0	0	0	1	0
14088_sub3	0	1	0	1	0	0	0	1
14088_sub4	0	1	0	1	0	0	0	1
14088_sub5	0	1	1	0	0	0	1	0
14089_sub0	0	1	1	0	0	0	1	0
14089_sub1	0	1	1	0	0	0	1	0
14089_sub2	0	1	1	0	0	0	1	0
14089_sub3	0	1	1	0	0	0	1	0
14089_sub4	0	1	0	1	0	0	0	1
14089_sub5	0	1	1	0	0	0	1	0
1409_sub0	0	1	0	1	0	0	0	1
1409_sub1	0	1	0	1	0	0	0	1
1409_sub2	0	1	0	1	0	0	0	1
1409_sub3	0	1	0	1	0	0	0	1
1409_sub4	0	1	1	0	0	0	1	0
1409_sub5	0	2	1	1	0	0	1	1
14091_sub0	1	10	3	7	3	7	0	0
14091_sub1	0	1	0	1	0	0	0	1
14091_sub2	0	1	1	0	0	0	1	0
14091_sub3	0	1	0	1	0	0	0	1
14091_sub4	0	1	1	0	0	0	1	0
14091_sub5	0	1	0	1	0	0	0	1
14091_sub6	0	1	0	1	0	0	0	1
14091_sub7	0	1	1	0	0	0	1	0
1410_sub0	1	6	3	3	3	3	0	0
1410_sub1	0	1	0	1	0	0	0	1
14101_sub0	0	1	1	0	0	0	1	0
14101_sub1	0	1	0	1	0	0	0	1
14101_sub2	0	1	1	0	0	0	1	0
14101_sub3	0	1	0	1	0	0	0	1
14101_sub4	0	1	0	1	0	0	0	1
14101_sub5	0	1	0	1	0	0	0	1
14105_sub0	1	8	6	2	6	2	0	0
14105_sub1	0	1	1	0	0	0	1	0
14105_sub2	0	1	1	0	0	0	1	0
14105_sub3	0	1	0	1	0	0	0	1
14108_sub0	0	1	1	0	0	0	1	0
14108_sub1	0	1	0	1	0	0	0	1
14108_sub2	0	1	1	0	0	0	1	0
14108_sub3	0	1	1	0	0	0	1	0
14108_sub4	0	1	0	1	0	0	0	1
14108_sub5	0	1	0	1	0	0	0	1
1411_sub0	0	1	1	0	0	0	1	0
1411_sub1	1	7	2	5	2	5	0	0
1411_sub2	0	1	1	0	0	0	1	0
1411_sub3	0	1	0	1	0	0	0	1
14111_sub0	0	1	1	0	0	0	1	0
14111_sub1	0	1	0	1	0	0	0	1
14111_sub2	0	1	1	0	0	0	1	0
14111_sub3	0	1	0	1	0	0	0	1
14111_sub4	0	1	0	1	0	0	0	1
14111_sub5	0	1	1	0	0	0	1	0
14111_sub6	0	1	1	0	0	0	1	0
14125_sub0	0	1	1	0	0	0	1	0
14125_sub1	1	14	5	9	5	9	0	0
14125_sub2	0	1	1	0	0	0	1	0
14125_sub3	0	1	0	1	0	0	0	1
14125_sub4	0	1	1	0	0	0	1	0
14125_sub5	0	1	0	1	0	0	0	1
1413_sub0	1	11	4	7	4	7	0	0
1413_sub1	0	1	0	1	0	0	0	1
1413_sub2	0	1	0	1	0	0	0	1
1413_sub3	0	1	1	0	0	0	1	0
14132_sub0	0	1	1	0	0	0	1	0
14132_sub1	0	1	0	1	0	0	0	1
14132_sub2	0	1	1	0	0	0	1	0
14132_sub3	0	1	1	0	0	0	1	0
14132_sub4	0	1	1	0	0	0	1	0
14132_sub5	0	1	0	1	0	0	0	1
14149_sub0	0	1	0	1	0	0	0	1
14149_sub1	0	1	0	1	0	0	0	1
14149_sub2	0	1	1	0	0	0	1	0
14149_sub3	0	1	0	1	0	0	0	1
14149_sub4	0	1	0	1	0	0	0	1
14149_sub5	0	1	1	0	0	0	1	0
14154_sub0	1	8	3	5	3	5	0	0
14154_sub1	0	1	0	1	0	0	0	1
1416_sub0	1	17	11	6	11	6	0	0
1416_sub1	0	1	0	1	0	0	0	1
1416_sub2	0	1	1	0	0	0	1	0
1416_sub3	0	1	0	1	0	0	0	1
1416_sub4	0	1	0	1	0	0	0	1
1416_sub5	0	1	1	0	0	0	1	0
14165_sub0	0	1	0	1	0	0	0	1
14165_sub1	0	1	1	0	0	0	1	0
14165_sub2	0	1	0	1	0	0	0	1
14165_sub3	0	1	1	0	0	0	1	0
14165_sub4	0	1	0	1	0	0	0	1
14165_sub5	0	1	1	0	0	0	1	0
14165_sub6	0	1	1	0	0	0	1	0
14165_sub7	0	1	0	1	0	0	0	1
14165_sub8	0	1	1	0	0	0	1	0
14165_sub9	0	1	0	1	0	0	0	1
1417_sub0	1	8	4	4	4	4	0	0
1417_sub1	0	1	0	1	0	0	0	1
1417_sub2	0	1	0	1	0	0	0	1
1417_sub3	0	1	0	1	0	0	0	1
1417_sub4	0	1	0	1	0	0	0	1
1417_sub5	0	1	1	0	0	0	1	0
14174_sub0	0	1	1	0	0	0	1	0
14174_sub1	0	1	1	0	0	0	1	0
14174_sub2	0	1	1	0	0	0	1	0
14174_sub3	0	1	1	0	0	0	1	0
14174_sub4	0	1	0	1	0	0	0	1
14174_sub5	0	1	1	0	0	0	1	0
14177_sub0	1	8	4	4	4	4	0	0
14177_sub1	0	1	1	0	0	0	1	0
14177_sub2	0	1	1	0	0	0	1	0
14177_sub3	0	1	0	1	0	0	0	1
14185_sub0	0	5	2	3	0	0	2	3
14185_sub1	0	1	1	0	0	0	1	0
14185_sub2	0	1	1	0	0	0	1	0
14185_sub3	0	1	1	0	0	0	1	0
14185_sub4	0	1	1	0	0	0	1	0
14185_sub5	0	1	1	0	0	0	1	0
14185_sub6	0	1	0	1	0	0	0	1
14185_sub7	0	1	0	1	0	0	0	1
14186_sub0	0	1	1	0	0	0	1	0
14186_sub1	0	1	0	1	0	0	0	1
14186_sub2	0	1	0	1	0	0	0	1
14186_sub3	0	1	0	1	0	0	0	1
14186_sub4	0	1	0	1	0	0	0	1
14186_sub5	0	1	0	1	0	0	0	1
14186_sub6	0	1	0	1	0	0	0	1
14186_sub7	0	1	0	1	0	0	0	1
14189_sub0	0	5	4	1	0	0	4	1
14189_sub1	0	1	1	0	0	0	1	0
14189_sub2	0	1	1	0	0	0	1	0
142_sub0	0	1	1	0	0	0	1	0
142_sub1	0	1	0	1	0	0	0	1
142_sub2	0	1	1	0	0	0	1	0
142_sub3	0	1	1	0	0	0	1	0
142_sub4	0	1	1	0	0	0	1	0
142_sub5	0	1	0	1	0	0	0	1
142_sub6	0	1	1	0	0	0	1	0
142_sub7	0	1	0	1	0	0	0	1
1421_sub0	0	1	1	0	0	0	1	0
1421_sub1	1	15	8	7	8	7	0	0
1421_sub2	0	1	1	0	0	0	1	0
1421_sub3	0	1	0	1	0	0	0	1
14216_sub0	0	1	1	0	0	0	1	0
14216_sub1	1	13	7	6	7	6	0	0
14216_sub2	0	1	0	1	0	0	0	1
14216_sub3	0	1	1	0	0	0	1	0
14224_sub0	1	8	4	4	4	4	0	0
14236_sub0	0	1	1	0	0	0	1	0
14236_sub1	1	8	2	6	2	6	0	0
14236_sub2	0	1	0	1	0	0	0	1
14236_sub3	0	1	1	0	0	0	1	0
14236_sub4	0	1	1	0	0	0	1	0
14236_sub5	0	1	1	0	0	0	1	0
14236_sub6	0	1	0	1	0	0	0	1
14238_sub0	0	1	0	1	0	0	0	1
14238_sub1	0	1	1	0	0	0	1	0
14238_sub2	0	1	0	1	0	0	0	1
14238_sub3	0	1	1	0	0	0	1	0
14238_sub4	0	1	1	0	0	0	1	0
14238_sub5	0	1	0	1	0	0	0	1
14238_sub6	0	1	0	1	0	0	0	1
14238_sub7	0	1	1	0	0	0	1	0
14238_sub8	0	1	1	0	0	0	1	0
14246_sub0	0	1	1	0	0	0	1	0
14246_sub1	0	1	1	0	0	0	1	0
14246_sub2	0	1	1	0	0	0	1	0
14246_sub3	0	1	0	1	0	0	0	1
14246_sub4	0	1	1	0	0	0	1	0
14246_sub5	0	1	1	0	0	0	1	0
14246_sub6	0	1	1	0	0	0	1	0
14259_sub0	1	8	3	5	3	5	0	0
14259_sub1	0	1	1	0	0	0	1	0
1426_sub0	1	11	4	7	4	7	0	0
1426_sub1	0	1	0	1	0	0	0	1
1426_sub2	0	1	1	0	0	0	1	0
14274_sub0	0	1	0	1	0	0	0	1
14274_sub1	0	5	2	3	0	0	2	3
14274_sub2	0	1	1	0	0	0	1	0
14280_sub0	1	19	6	13	6	13	0	0
14280_sub1	0	1	0	1	0	0	0	1
14280_sub2	0	1	1	0	0	0	1	0
14284_sub0	0	1	0	1	0	0	0	1
14284_sub1	0	3	0	3	0	0	0	3
14284_sub2	0	1	0	1	0	0	0	1
14284_sub3	0	1	1	0	0	0	1	0
14284_sub4	0	1	0	1	0	0	0	1
14284_sub5	0	1	1	0	0	0	1	0
14286_sub0	0	1	1	0	0	0	1	0
14286_sub1	0	4	2	2	0	0	2	2
14286_sub2	0	1	0	1	0	0	0	1
14286_sub3	0	1	0	1	0	0	0	1
14287_sub0	0	1	1	0	0	0	1	0
14287_sub1	0	1	1	0	0	0	1	0
14287_sub2	0	1	1	0	0	0	1	0
14287_sub3	0	1	1	0	0	0	1	0
14287_sub4	0	1	0	1	0	0	0	1
14287_sub5	0	1	0	1	0	0	0	1
14287_sub6	0	1	1	0	0	0	1	0
14287_sub7	0	1	0	1	0	0	0	1
14309_sub0	0	1	1	0	0	0	1	0
14309_sub1	0	1	1	0	0	0	1	0
14309_sub2	0	1	0	1	0	0	0	1
14309_sub3	0	1	0	1	0	0	0	1
14309_sub4	0	1	1	0	0	0	1	0
14309_sub5	0	1	0	1	0	0	0	1
14311_sub0	0	1	0	1	0	0	0	1
14311_sub1	0	1	1	0	0	0	1	0
14311_sub2	0	1	1	0	0	0	1	0
14311_sub3	0	1	1	0	0	0	1	0
14311_sub4	0	1	0	1	0	0	0	1
14311_sub5	0	1	0	1	0	0	0	1
14311_sub6	0	1	1	0	0	0	1	0
14311_sub7	0	1	0	1	0	0	0	1
14311_sub8	0	1	1	0	0	0	1	0
14313_sub0	0	1	1	0	0	0	1	0
14313_sub1	0	1	0	1	0	0	0	1
14313_sub2	0	1	1	0	0	0	1	0
14313_sub3	0	1	0	1	0	0	0	1
14313_sub4	0	1	1	0	0	0	1	0
14313_sub5	0	1	1	0	0	0	1	0
14323_sub0	0	1	0	1	0	0	0	1
14323_sub1	1	18	9	9	9	9	0	0
14327_sub0	0	1	0	1	0	0	0	1
14327_sub1	0	1	1	0	0	0	1	0
14327_sub2	0	1	0	1	0	0	0	1
14327_sub3	0	1	0	1	0	0	0	1
14327_sub4	0	1	1	0	0	0	1	0
14327_sub5	0	1	0	1	0	0	0	1
14327_sub6	0	1	0	1	0	0	0	1
14327_sub7	0	1	1	0	0	0	1	0
14327_sub8	0	1	1	0	0	0	1	0
14327_sub9	0	1	0	1	0	0	0	1
14330_sub0	0	1	1	0	0	0	1	0
14330_sub1	0	1	1	0	0	0	1	0
14330_sub2	0	1	0	1	0	0	0	1
14330_sub3	0	1	0	1	0	0	0	1
14330_sub4	0	1	0	1	0	0	0	1
14330_sub5	0	1	0	1	0	0	0	1
14332_sub0	0	5	2	3	0	0	2	3
14332_sub1	0	1	1	0	0	0	1	0
14332_sub2	0	1	1	0	0	0	1	0
1434_sub0	1	6	2	4	2	4	0	0
1434_sub1	0	1	0	1	0	0	0	1
14352_sub0	0	1	0	1	0	0	0	1
14352_sub1	0	2	1	1	0	0	1	1
14352_sub2	0	1	0	1	0	0	0	1
14352_sub3	0	1	1	0	0	0	1	0
14352_sub4	0	1	1	0	0	0	1	0
14352_sub5	0	1	1	0	0	0	1	0
14382_sub0	1	16	10	6	10	6	0	0
14382_sub1	0	1	0	1	0	0	0	1
14410_sub0	0	1	1	0	0	0	1	0
14410_sub1	1	14	5	9	5	9	0	0
14413_sub0	0	1	1	0	0	0	1	0
14413_sub1	0	1	1	0	0	0	1	0
14413_sub2	0	1	0	1	0	0	0	1
14413_sub3	0	1	0	1	0	0	0	1
14413_sub4	0	1	1	0	0	0	1	0
14413_sub5	0	1	1	0	0	0	1	0
14417_sub0	0	1	1	0	0	0	1	0
14417_sub1	0	1	1	0	0	0	1	0
14417_sub2	0	1	1	0	0	0	1	0
14417_sub3	0	1	1	0	0	0	1	0
14417_sub4	0	1	1	0	0	0	1	0
14417_sub5	0	1	1	0	0	0	1	0
14420_sub0	1	16	9	7	9	7	0	0
14420_sub1	0	1	0	1	0	0	0	1
14424_sub0	0	1	0	1	0	0	0	1
14424_sub1	0	1	1	0	0	0	1	0
14424_sub2	0	1	1	0	0	0	1	0
14424_sub3	0	1	1	0	0	0	1	0
14424_sub4	0	1	1	0	0	0	1	0
14424_sub5	0	1	1	0	0	0	1	0
14424_sub6	0	2	1	1	0	0	1	1
14424_sub7	0	1	1	0	0	0	1	0
14433_sub0	0	1	0	1	0	0	0	1
14433_sub1	0	1	1	0	0	0	1	0
14433_sub2	0	1	1	0	0	0	1	0
14433_sub3	0	1	0	1	0	0	0	1
14433_sub4	0	1	1	0	0	0	1	0
14433_sub5	0	1	0	1	0	0	0	1
14433_sub6	0	1	0	1	0	0	0	1
14433_sub7	0	1	0	1	0	0	0	1
14436_sub0	1	8	4	4	4	4	0	0
14436_sub1	0	1	1	0	0	0	1	0
14436_sub2	0	1	0	1	0	0	0	1
14436_sub3	0	1	1	0	0	0	1	0
14436_sub4	0	1	0	1	0	0	0	1
14442_sub0	1	10	6	4	6	4	0	0
14442_sub1	0	1	0	1	0	0	0	1
14442_sub2	0	1	1	0	0	0	1	0
14442_sub3	0	1	0	1	0	0	0	1
14442_sub4	0	1	1	0	0	0	1	0
14442_sub5	0	1	1	0	0	0	1	0
14442_sub6	0	1	1	0	0	0	1	0
14443_sub0	0	1	1	0	0	0	1	0
14443_sub1	0	1	1	0	0	0	1	0
14443_sub2	0	1	0	1	0	0	0	1
14443_sub3	0	1	0	1	0	0	0	1
14443_sub4	0	1	1	0	0	0	1	0
14443_sub5	0	1	0	1	0	0	0	1
14454_sub0	0	1	0	1	0	0	0	1
14454_sub1	0	1	1	0	0	0	1	0
14454_sub2	0	1	0	1	0	0	0	1
14454_sub3	0	1	0	1	0	0	0	1
14454_sub4	0	1	1	0	0	0	1	0
14454_sub5	0	1	1	0	0	0	1	0
14457_sub0	0	1	0	1	0	0	0	1
14457_sub1	0	1	1	0	0	0	1	0
14457_sub2	0	1	1	0	0	0	1	0
14457_sub3	0	1	1	0	0	0	1	0
14457_sub4	0	1	0	1	0	0	0	1
14457_sub5	0	1	0	1	0	0	0	1
14457_sub6	0	1	0	1	0	0	0	1
14457_sub7	0	1	1	0	0	0	1	0
14457_sub8	0	1	1	0	0	0	1	0
1446_sub0	1	11	6	5	6	5	0	0
1446_sub1	0	1	1	0	0	0	1	0
14461_sub0	1	8	4	4	4	4	0	0
14461_sub1	0	1	1	0	0	0	1	0
14461_sub2	0	1	1	0	0	0	1	0
14461_sub3	0	1	0	1	0	0	0	1
1447_sub0	1	12	8	4	8	4	0	0
1447_sub1	0	1	0	1	0	0	0	1
1447_sub2	0	1	0	1	0	0	0	1
14470_sub0	0	1	1	0	0	0	1	0
14470_sub1	0	1	0	1	0	0	0	1
14470_sub2	0	1	0	1	0	0	0	1
14470_sub3	0	1	0	1	0	0	0	1
14470_sub4	0	1	0	1	0	0	0	1
14470_sub5	0	1	1	0	0	0	1	0
1448_sub0	0	1	1	0	0	0	1	0
1448_sub1	1	9	3	6	3	6	0	0
14489_sub0	0	1	0	1	0	0	0	1
14489_sub1	0	1	1	0	0	0	1	0
14489_sub2	0	1	1	0	0	0	1	0
14489_sub3	0	1	1	0	0	0	1	0
14489_sub4	0	1	1	0	0	0	1	0
14489_sub5	0	1	0	1	0	0	0	1
14491_sub0	0	1	0	1	0	0	0	1
14491_sub1	0	1	0	1	0	0	0	1
14491_sub2	0	1	1	0	0	0	1	0
14491_sub3	0	1	1	0	0	0	1	0
14491_sub4	0	1	0	1	0	0	0	1
14491_sub5	0	1	1	0	0	0	1	0
14493_sub0	1	13	5	8	5	8	0	0
14493_sub1	0	1	0	1	0	0	0	1
14493_sub2	0	1	0	1	0	0	0	1
14493_sub3	0	1	1	0	0	0	1	0
14493_sub4	0	1	0	1	0	0	0	1
14493_sub5	0	1	1	0	0	0	1	0
14493_sub6	0	1	0	1	0	0	0	1
14493_sub7	0	1	0	1	0	0	0	1
1451_sub0	0	1	0	1	0	0	0	1
1451_sub1	0	1	1	0	0	0	1	0
1451_sub2	1	7	4	3	4	3	0	0
14516_sub0	1	11	4	7	4	7	0	0
14516_sub1	0	1	0	1	0	0	0	1
14519_sub0	1	12	5	7	5	7	0	0
14519_sub1	0	1	0	1	0	0	0	1
14519_sub2	0	1	1	0	0	0	1	0
14519_sub3	0	1	1	0	0	0	1	0
1452_sub0	1	6	2	4	2	4	0	0
14521_sub0	0	1	1	0	0	0	1	0
14521_sub1	0	1	0	1	0	0	0	1
14521_sub2	0	1	1	0	0	0	1	0
14521_sub3	0	1	1	0	0	0	1	0
14521_sub4	0	1	1	0	0	0	1	0
14521_sub5	0	1	1	0	0	0	1	0
14523_sub0	0	1	0	1	0	0	0	1
14523_sub1	0	1	1	0	0	0	1	0
14523_sub2	0	1	0	1	0	0	0	1
14523_sub3	0	1	0	1	0	0	0	1
14523_sub4	0	1	1	0	0	0	1	0
14523_sub5	0	1	1	0	0	0	1	0
14538_sub0	0	1	1	0	0	0	1	0
14538_sub1	0	1	1	0	0	0	1	0
14538_sub2	0	1	0	1	0	0	0	1
14538_sub3	0	1	1	0	0	0	1	0
14538_sub4	0	1	1	0	0	0	1	0
14538_sub5	0	1	0	1	0	0	0	1
14538_sub6	0	1	0	1	0	0	0	1
14538_sub7	0	1	1	0	0	0	1	0
14543_sub0	1	7	3	4	3	4	0	0
14543_sub1	0	1	1	0	0	0	1	0
14543_sub2	0	1	0	1	0	0	0	1
14551_sub0	0	1	0	1	0	0	0	1
14551_sub1	0	1	0	1	0	0	0	1
14551_sub2	0	1	0	1	0	0	0	1
14551_sub3	0	1	1	0	0	0	1	0
14551_sub4	0	1	0	1	0	0	0	1
14551_sub5	0	1	0	1	0	0	0	1
14551_sub6	0	1	0	1	0	0	0	1
14551_sub7	0	1	0	1	0	0	0	1
1456_sub0	0	1	0	1	0	0	0	1
1456_sub1	1	7	1	6	1	6	0	0
14565_sub0	1	11	7	4	7	4	0	0
14575_sub0	0	1	1	0	0	0	1	0
14575_sub1	0	1	0	1	0	0	0	1
14575_sub2	0	1	0	1	0	0	0	1
14575_sub3	0	1	1	0	0	0	1	0
14575_sub4	0	1	0	1	0	0	0	1
14575_sub5	0	1	0	1	0	0	0	1
14575_sub6	0	1	0	1	0	0	0	1
14575_sub7	0	1	1	0	0	0	1	0
14575_sub8	0	1	1	0	0	0	1	0
1459_sub0	0	1	0	1	0	0	0	1
1459_sub1	0	1	0	1	0	0	0	1
1459_sub2	0	1	1	0	0	0	1	0
1459_sub3	1	13	7	6	7	6	0	0
1459_sub4	0	1	0	1	0	0	0	1
1459_sub5	0	1	1	0	0	0	1	0
14595_sub0	0	1	1	0	0	0	1	0
14595_sub1	0	1	0	1	0	0	0	1
14595_sub2	0	1	1	0	0	0	1	0
14595_sub3	0	1	0	1	0	0	0	1
14595_sub4	0	1	1	0	0	0	1	0
14595_sub5	0	1	1	0	0	0	1	0
14618_sub0	0	1	1	0	0	0	1	0
14618_sub1	0	1	0	1	0	0	0	1
14618_sub2	0	1	0	1	0	0	0	1
14618_sub3	0	1	1	0	0	0	1	0
14618_sub4	0	1	0	1	0	0	0	1
14618_sub5	0	1	0	1	0	0	0	1
14622_sub0	1	10	4	6	4	6	0	0
14622_sub1	0	1	0	1	0	0	0	1
14622_sub2	0	1	1	0	0	0	1	0
14623_sub0	0	1	1	0	0	0	1	0
14623_sub1	1	6	2	4	2	4	0	0
14623_sub2	0	1	1	0	0	0	1	0
14623_sub3	0	1	1	0	0	0	1	0
1463_sub0	1	11	8	3	8	3	0	0
1463_sub1	0	1	0	1	0	0	0	1
1463_sub2	0	1	1	0	0	0	1	0
14638_sub0	0	5	3	2	0	0	3	2
14638_sub1	0	1	0	1	0	0	0	1
14638_sub2	0	1	0	1	0	0	0	1
14641_sub0	1	12	6	6	6	6	0	0
14641_sub1	0	1	0	1	0	0	0	1
14642_sub0	0	1	1	0	0	0	1	0
14642_sub1	0	1	1	0	0	0	1	0
14642_sub2	0	1	1	0	0	0	1	0
14642_sub3	0	1	1	0	0	0	1	0
14642_sub4	0	1	0	1	0	0	0	1
14642_sub5	0	1	0	1	0	0	0	1
14659_sub0	0	1	0	1	0	0	0	1
14659_sub1	0	1	0	1	0	0	0	1
14659_sub2	0	1	1	0	0	0	1	0
14659_sub3	0	1	1	0	0	0	1	0
14659_sub4	0	1	0	1	0	0	0	1
14659_sub5	0	1	1	0	0	0	1	0
14662_sub0	0	1	1	0	0	0	1	0
14662_sub1	0	1	0	1	0	0	0	1
14662_sub2	0	1	0	1	0	0	0	1
14662_sub3	0	1	1	0	0	0	1	0
14662_sub4	0	1	1	0	0	0	1	0
14662_sub5	0	1	0	1	0	0	0	1
14662_sub6	0	1	0	1	0	0	0	1
14662_sub7	0	1	0	1	0	0	0	1
14662_sub8	0	1	1	0	0	0	1	0
14707_sub0	0	1	1	0	0	0	1	0
14707_sub1	0	1	0	1	0	0	0	1
14707_sub2	0	1	1	0	0	0	1	0
14707_sub3	0	1	1	0	0	0	1	0
14707_sub4	0	1	1	0	0	0	1	0
14707_sub5	0	1	1	0	0	0	1	0
1471_sub0	0	1	0	1	0	0	0	1
1471_sub1	0	1	0	1	0	0	0	1
1471_sub2	0	1	1	0	0	0	1	0
1471_sub3	0	1	0	1	0	0	0	1
1471_sub4	0	1	1	0	0	0	1	0
1471_sub5	0	1	0	1	0	0	0	1
1471_sub6	0	1	1	0	0	0	1	0
1471_sub7	0	1	0	1	0	0	0	1
14734_sub0	0	1	1	0	0	0	1	0
14734_sub1	1	11	6	5	6	5	0	0
14734_sub2	0	1	0	1	0	0	0	1
14734_sub3	0	1	1	0	0	0	1	0
14734_sub4	0	1	1	0	0	0	1	0
14734_sub5	0	1	0	1	0	0	0	1
14734_sub6	0	1	1	0	0	0	1	0
14734_sub7	0	1	0	1	0	0	0	1
14735_sub0	1	14	6	8	6	8	0	0
14735_sub1	0	1	0	1	0	0	0	1
14735_sub2	0	1	0	1	0	0	0	1
14735_sub3	0	1	0	1	0	0	0	1
14735_sub4	0	1	1	0	0	0	1	0
14735_sub5	0	1	0	1	0	0	0	1
1474_sub0	1	10	5	5	5	5	0	0
1474_sub1	0	1	0	1	0	0	0	1
1474_sub2	0	2	1	1	0	0	1	1
1474_sub3	0	1	0	1	0	0	0	1
1474_sub4	0	1	1	0	0	0	1	0
1474_sub5	0	1	0	1	0	0	0	1
1474_sub6	0	1	1	0	0	0	1	0
1474_sub7	0	1	0	1	0	0	0	1
14747_sub0	0	1	0	1	0	0	0	1
14747_sub1	1	10	6	4	6	4	0	0
14747_sub2	0	1	1	0	0	0	1	0
14749_sub0	1	13	6	7	6	7	0	0
14749_sub1	0	1	1	0	0	0	1	0
14749_sub2	0	1	0	1	0	0	0	1
1475_sub0	0	1	0	1	0	0	0	1
1475_sub1	1	7	3	4	3	4	0	0
1475_sub2	0	1	0	1	0	0	0	1
1475_sub3	0	1	1	0	0	0	1	0
14756_sub0	1	14	8	6	8	6	0	0
14756_sub1	0	1	0	1	0	0	0	1
14756_sub2	0	1	0	1	0	0	0	1
1476_sub0	0	1	0	1	0	0	0	1
1476_sub1	1	16	7	9	7	9	0	0
1476_sub2	0	1	1	0	0	0	1	0
1476_sub3	0	1	0	1	0	0	0	1
1476_sub4	0	1	1	0	0	0	1	0
14761_sub0	0	1	1	0	0	0	1	0
14761_sub1	0	1	0	1	0	0	0	1
14761_sub2	0	1	1	0	0	0	1	0
14761_sub3	0	1	1	0	0	0	1	0
14761_sub4	0	1	1	0	0	0	1	0
14761_sub5	0	1	1	0	0	0	1	0
14761_sub6	0	1	1	0	0	0	1	0
14774_sub0	0	1	0	1	0	0	0	1
14774_sub1	0	1	1	0	0	0	1	0
14774_sub2	0	1	0	1	0	0	0	1
14774_sub3	0	1	1	0	0	0	1	0
14774_sub4	0	2	0	2	0	0	0	2
14774_sub5	0	1	1	0	0	0	1	0
1479_sub0	0	1	0	1	0	0	0	1
1479_sub1	1	7	3	4	3	4	0	0
1479_sub2	0	1	0	1	0	0	0	1
1479_sub3	0	1	0	1	0	0	0	1
14792_sub0	0	1	1	0	0	0	1	0
14792_sub1	0	1	1	0	0	0	1	0
14792_sub2	0	1	0	1	0	0	0	1
14792_sub3	0	1	0	1	0	0	0	1
14792_sub4	0	1	1	0	0	0	1	0
14792_sub5	0	1	1	0	0	0	1	0
14792_sub6	0	1	0	1	0	0	0	1
1481_sub0	0	1	0	1	0	0	0	1
1481_sub1	0	5	4	1	0	0	4	1
1482_sub0	0	1	0	1	0	0	0	1
1482_sub1	0	1	0	1	0	0	0	1
1482_sub2	0	1	0	1	0	0	0	1
1482_sub3	1	11	9	2	9	2	0	0
14828_sub0	1	14	4	10	4	10	0	0
14828_sub1	0	1	0	1	0	0	0	1
1483_sub0	0	1	0	1	0	0	0	1
1483_sub1	0	1	0	1	0	0	0	1
1483_sub2	1	22	15	7	13	7	2	0
1483_sub3	0	1	1	0	0	0	1	0
1483_sub4	0	1	0	1	0	0	0	1
1483_sub5	0	1	0	1	0	0	0	1
1483_sub6	0	1	1	0	0	0	1	0
1483_sub7	0	1	1	0	0	0	1	0
1483_sub8	0	1	1	0	0	0	1	0
14830_sub0	0	1	0	1	0	0	0	1
14830_sub1	0	1	1	0	0	0	1	0
14830_sub2	0	1	1	0	0	0	1	0
14830_sub3	0	1	0	1	0	0	0	1
14830_sub4	0	1	0	1	0	0	0	1
14830_sub5	0	1	1	0	0	0	1	0
14839_sub0	0	1	0	1	0	0	0	1
14839_sub1	1	8	5	3	5	3	0	0
14839_sub2	0	1	0	1	0	0	0	1
14839_sub3	0	1	1	0	0	0	1	0
14839_sub4	0	1	1	0	0	0	1	0
14843_sub0	0	1	0	1	0	0	0	1
14843_sub1	0	1	1	0	0	0	1	0
14843_sub2	0	1	1	0	0	0	1	0
14843_sub3	0	1	0	1	0	0	0	1
14843_sub4	0	1	1	0	0	0	1	0
14843_sub5	0	1	1	0	0	0	1	0
14843_sub6	0	1	1	0	0	0	1	0
14843_sub7	0	1	1	0	0	0	1	0
14845_sub0	0	1	1	0	0	0	1	0
14845_sub1	0	1	1	0	0	0	1	0
14845_sub2	0	1	0	1	0	0	0	1
14845_sub3	1	7	6	1	6	1	0	0
14845_sub4	0	1	0	1	0	0	0	1
14845_sub5	0	1	1	0	0	0	1	0
14845_sub6	0	1	0	1	0	0	0	1
14845_sub7	0	1	0	1	0	0	0	1
14845_sub8	0	1	0	1	0	0	0	1
14845_sub9	0	1	0	1	0	0	0	1
14867_sub0	0	1	1	0	0	0	1	0
14867_sub1	0	1	0	1	0	0	0	1
14867_sub2	0	1	0	1	0	0	0	1
14867_sub3	0	1	0	1	0	0	0	1
14867_sub4	0	1	1	0	0	0	1	0
14867_sub5	0	1	1	0	0	0	1	0
14870_sub0	0	1	1	0	0	0	1	0
14870_sub1	1	10	4	6	4	6	0	0
14870_sub2	0	1	0	1	0	0	0	1
14875_sub0	0	1	0	1	0	0	0	1
14875_sub1	0	1	1	0	0	0	1	0
14875_sub2	0	1	0	1	0	0	0	1
14875_sub3	0	1	0	1	0	0	0	1
14875_sub4	0	1	0	1	0	0	0	1
14875_sub5	0	1	0	1	0	0	0	1
14879_sub0	0	1	1	0	0	0	1	0
14879_sub1	1	8	6	2	6	2	0	0
149_sub0	0	1	0	1	0	0	0	1
149_sub1	1	8	6	2	6	2	0	0
149_sub2	0	1	0	1	0	0	0	1
14917_sub0	1	11	4	7	4	7	0	0
14917_sub1	0	1	0	1	0	0	0	1
14917_sub2	0	1	0	1	0	0	0	1
14917_sub3	0	1	0	1	0	0	0	1
14943_sub0	0	1	1	0	0	0	1	0
14943_sub1	0	1	1	0	0	0	1	0
14943_sub2	0	1	0	1	0	0	0	1
14943_sub3	0	1	0	1	0	0	0	1
14943_sub4	0	1	0	1	0	0	0	1
14943_sub5	0	1	0	1	0	0	0	1
14946_sub0	0	1	0	1	0	0	0	1
14946_sub1	0	1	0	1	0	0	0	1
14946_sub2	0	1	1	0	0	0	1	0
14946_sub3	0	1	1	0	0	0	1	0
14946_sub4	0	1	1	0	0	0	1	0
14946_sub5	0	1	0	1	0	0	0	1
1495_sub0	0	1	0	1	0	0	0	1
1495_sub1	0	1	0	1	0	0	0	1
1495_sub2	1	19	7	12	7	12	0	0
14951_sub0	0	1	1	0	0	0	1	0
14951_sub1	0	1	1	0	0	0	1	0
14951_sub2	0	1	0	1	0	0	0	1
14951_sub3	0	1	1	0	0	0	1	0
14951_sub4	0	1	1	0	0	0	1	0
14951_sub5	0	1	0	1	0	0	0	1
14957_sub0	1	11	4	7	4	7	0	0
14963_sub0	0	1	1	0	0	0	1	0
14963_sub1	0	1	0	1	0	0	0	1
14963_sub2	0	1	1	0	0	0	1	0
14963_sub3	0	1	1	0	0	0	1	0
14963_sub4	0	1	1	0	0	0	1	0
14963_sub5	0	1	1	0	0	0	1	0
14963_sub6	0	1	0	1	0	0	0	1
14963_sub7	0	1	1	0	0	0	1	0
14970_sub0	0	1	0	1	0	0	0	1
14970_sub1	0	1	0	1	0	0	0	1
14970_sub2	0	1	1	0	0	0	1	0
14970_sub3	0	1	1	0	0	0	1	0
14970_sub4	0	1	0	1	0	0	0	1
14970_sub5	0	1	0	1	0	0	0	1
14972_sub0	1	11	5	6	5	6	0	0
14972_sub1	0	1	1	0	0	0	1	0
14972_sub2	0	1	0	1	0	0	0	1
14972_sub3	0	1	0	1	0	0	0	1
14986_sub0	0	1	1	0	0	0	1	0
14986_sub1	0	1	0	1	0	0	0	1
14986_sub2	0	1	0	1	0	0	0	1
14986_sub3	0	1	1	0	0	0	1	0
14986_sub4	0	1	1	0	0	0	1	0
14986_sub5	0	1	0	1	0	0	0	1
14986_sub6	0	1	0	1	0	0	0	1
14986_sub7	0	1	0	1	0	0	0	1
14989_sub0	1	8	6	2	6	2	0	0
14989_sub1	0	1	0	1	0	0	0	1
15_sub0	0	1	1	0	0	0	1	0
15_sub1	0	1	1	0	0	0	1	0
15_sub2	1	11	2	9	2	9	0	0
15_sub3	0	1	1	0	0	0	1	0
15_sub4	0	1	0	1	0	0	0	1
1500_sub0	0	1	0	1	0	0	0	1
1500_sub1	1	9	3	6	3	6	0	0
1500_sub2	0	1	1	0	0	0	1	0
1500_sub3	0	1	0	1	0	0	0	1
15004_sub0	0	1	0	1	0	0	0	1
15004_sub1	0	1	1	0	0	0	1	0
15004_sub2	0	1	0	1	0	0	0	1
15004_sub3	0	1	0	1	0	0	0	1
15004_sub4	0	1	0	1	0	0	0	1
15004_sub5	0	1	0	1	0	0	0	1
15004_sub6	0	1	1	0	0	0	1	0
15004_sub7	0	1	0	1	0	0	0	1
15005_sub0	1	15	7	8	7	8	0	0
15005_sub1	0	1	1	0	0	0	1	0
15005_sub2	0	1	1	0	0	0	1	0
15005_sub3	0	1	0	1	0	0	0	1
15005_sub4	0	1	1	0	0	0	1	0
15009_sub0	1	8	4	4	4	4	0	0
15009_sub1	0	1	0	1	0	0	0	1
15011_sub0	0	1	0	1	0	0	0	1
15011_sub1	0	1	0	1	0	0	0	1
15011_sub2	0	1	0	1	0	0	0	1
15011_sub3	0	1	0	1	0	0	0	1
15011_sub4	0	1	0	1	0	0	0	1
15011_sub5	0	1	1	0	0	0	1	0
15013_sub0	0	1	1	0	0	0	1	0
15013_sub1	0	1	0	1	0	0	0	1
15013_sub2	0	1	1	0	0	0	1	0
15013_sub3	0	1	0	1	0	0	0	1
15013_sub4	0	1	0	1	0	0	0	1
15013_sub5	0	1	1	0	0	0	1	0
15013_sub6	0	1	0	1	0	0	0	1
15015_sub0	0	1	1	0	0	0	1	0
15015_sub1	0	1	1	0	0	0	1	0
15015_sub2	0	1	1	0	0	0	1	0
15015_sub3	0	1	1	0	0	0	1	0
15015_sub4	0	1	1	0	0	0	1	0
15015_sub5	0	1	0	1	0	0	0	1
15019_sub0	1	6	3	3	3	3	0	0
15019_sub1	0	1	0	1	0	0	0	1
15019_sub2	0	1	1	0	0	0	1	0
15019_sub3	0	1	1	0	0	0	1	0
15019_sub4	0	1	1	0	0	0	1	0
15019_sub5	0	1	1	0	0	0	1	0
15019_sub6	0	1	0	1	0	0	0	1
15033_sub0	1	8	4	4	4	4	0	0
15033_sub1	0	1	0	1	0	0	0	1
15033_sub2	0	1	1	0	0	0	1	0
15052_sub0	0	1	1	0	0	0	1	0
15052_sub1	0	5	1	4	0	0	1	4
15052_sub2	0	1	0	1	0	0	0	1
15052_sub3	0	1	1	0	0	0	1	0
15052_sub4	0	1	0	1	0	0	0	1
15052_sub5	0	1	1	0	0	0	1	0
15066_sub0	0	1	1	0	0	0	1	0
15066_sub1	0	1	0	1	0	0	0	1
15066_sub2	0	1	1	0	0	0	1	0
15066_sub3	0	1	1	0	0	0	1	0
15066_sub4	0	1	0	1	0	0	0	1
15066_sub5	0	1	0	1	0	0	0	1
15069_sub0	1	7	4	3	4	3	0	0
15069_sub1	0	1	0	1	0	0	0	1
15075_sub0	1	8	4	4	4	4	0	0
15075_sub1	0	1	0	1	0	0	0	1
1508_sub0	1	21	12	9	11	9	1	0
1508_sub1	0	1	0	1	0	0	0	1
15080_sub0	0	1	1	0	0	0	1	0
15080_sub1	1	6	1	5	1	5	0	0
15080_sub2	0	1	0	1	0	0	0	1
15080_sub3	0	1	1	0	0	0	1	0
15080_sub4	0	1	0	1	0	0	0	1
15084_sub0	0	1	0	1	0	0	0	1
15084_sub1	0	1	1	0	0	0	1	0
15084_sub2	0	1	0	1	0	0	0	1
15084_sub3	0	1	0	1	0	0	0	1
15084_sub4	0	1	0	1	0	0	0	1
15084_sub5	0	1	1	0	0	0	1	0
15087_sub0	0	1	1	0	0	0	1	0
15087_sub1	0	1	1	0	0	0	1	0
15087_sub2	0	1	0	1	0	0	0	1
15087_sub3	0	1	0	1	0	0	0	1
15087_sub4	0	1	1	0	0	0	1	0
15087_sub5	0	1	1	0	0	0	1	0
15087_sub6	0	1	1	0	0	0	1	0
15090_sub0	0	1	1	0	0	0	1	0
15090_sub1	0	3	3	0	0	0	3	0
15090_sub2	0	1	1	0	0	0	1	0
15090_sub3	0	1	0	1	0	0	0	1
15090_sub4	0	1	1	0	0	0	1	0
15095_sub0	0	2	0	2	0	0	0	2
15095_sub1	0	1	0	1	0	0	0	1
15095_sub2	0	1	1	0	0	0	1	0
15095_sub3	0	2	1	1	0	0	1	1
15095_sub4	0	1	1	0	0	0	1	0
15095_sub5	0	1	1	0	0	0	1	0
15095_sub6	0	1	1	0	0	0	1	0
151_sub0	0	1	0	1	0	0	0	1
151_sub1	0	1	1	0	0	0	1	0
151_sub2	0	3	2	1	0	0	2	1
151_sub3	0	1	0	1	0	0	0	1
151_sub4	0	1	1	0	0	0	1	0
15108_sub0	1	11	4	7	4	7	0	0
15108_sub1	0	1	0	1	0	0	0	1
15109_sub0	0	1	0	1	0	0	0	1
15109_sub1	0	1	1	0	0	0	1	0
15109_sub2	1	6	6	0	6	0	0	0
15109_sub3	0	1	0	1	0	0	0	1
15111_sub0	0	1	0	1	0	0	0	1
15111_sub1	0	1	0	1	0	0	0	1
15111_sub2	0	1	0	1	0	0	0	1
15111_sub3	0	1	0	1	0	0	0	1
15111_sub4	0	1	1	0	0	0	1	0
15111_sub5	0	1	1	0	0	0	1	0
15117_sub0	1	17	10	7	10	7	0	0
15117_sub1	0	1	1	0	0	0	1	0
15117_sub2	0	1	0	1	0	0	0	1
15117_sub3	0	1	0	1	0	0	0	1
15117_sub4	0	1	0	1	0	0	0	1
15124_sub0	0	1	1	0	0	0	1	0
15124_sub1	0	1	1	0	0	0	1	0
15124_sub2	0	1	1	0	0	0	1	0
15124_sub3	0	1	1	0	0	0	1	0
15124_sub4	0	1	1	0	0	0	1	0
15124_sub5	0	1	1	0	0	0	1	0
15133_sub0	0	1	0	1	0	0	0	1
15133_sub1	0	1	1	0	0	0	1	0
15133_sub2	0	1	0	1	0	0	0	1
15133_sub3	0	1	1	0	0	0	1	0
15133_sub4	0	1	0	1	0	0	0	1
15133_sub5	0	1	1	0	0	0	1	0
1514_sub0	1	22	9	13	9	11	0	2
1514_sub1	0	1	0	1	0	0	0	1
1514_sub2	0	1	0	1	0	0	0	1
1514_sub3	0	1	1	0	0	0	1	0
1514_sub4	0	1	1	0	0	0	1	0
1514_sub5	0	1	1	0	0	0	1	0
1514_sub6	0	1	1	0	0	0	1	0
1514_sub7	0	1	0	1	0	0	0	1
1514_sub8	0	1	0	1	0	0	0	1
15140_sub0	0	1	1	0	0	0	1	0
15140_sub1	0	1	1	0	0	0	1	0
15140_sub2	0	1	0	1	0	0	0	1
15140_sub3	0	1	1	0	0	0	1	0
15140_sub4	0	1	0	1	0	0	0	1
15140_sub5	0	1	1	0	0	0	1	0
15144_sub0	1	14	5	9	5	9	0	0
15144_sub1	0	1	0	1	0	0	0	1
15144_sub2	0	1	0	1	0	0	0	1
15157_sub0	0	1	1	0	0	0	1	0
15157_sub1	0	1	1	0	0	0	1	0
15157_sub2	0	1	1	0	0	0	1	0
15157_sub3	0	1	1	0	0	0	1	0
15157_sub4	0	1	1	0	0	0	1	0
15157_sub5	0	1	0	1	0	0	0	1
1516_sub0	0	1	1	0	0	0	1	0
1516_sub1	1	18	11	7	11	7	0	0
1516_sub2	0	1	0	1	0	0	0	1
15165_sub0	0	1	1	0	0	0	1	0
15165_sub1	0	1	0	1	0	0	0	1
15165_sub2	0	1	0	1	0	0	0	1
15165_sub3	0	1	0	1	0	0	0	1
15165_sub4	0	1	0	1	0	0	0	1
15165_sub5	0	1	0	1	0	0	0	1
15165_sub6	0	1	1	0	0	0	1	0
1517_sub0	0	1	0	1	0	0	0	1
1517_sub1	0	1	0	1	0	0	0	1
1517_sub2	0	1	0	1	0	0	0	1
1517_sub3	0	1	1	0	0	0	1	0
1517_sub4	0	1	0	1	0	0	0	1
1517_sub5	0	1	1	0	0	0	1	0
1517_sub6	0	1	0	1	0	0	0	1
15174_sub0	1	8	4	4	4	4	0	0
15174_sub1	0	1	0	1	0	0	0	1
15177_sub0	1	9	5	4	5	4	0	0
15177_sub1	0	1	0	1	0	0	0	1
15177_sub2	0	1	1	0	0	0	1	0
1518_sub0	1	7	2	5	2	5	0	0
1518_sub1	0	1	0	1	0	0	0	1
1518_sub2	0	1	1	0	0	0	1	0
1518_sub3	0	1	0	1	0	0	0	1
1518_sub4	0	1	0	1	0	0	0	1
1518_sub5	0	1	1	0	0	0	1	0
15190_sub0	0	3	1	2	0	0	1	2
15190_sub1	0	1	1	0	0	0	1	0
15190_sub2	0	1	0	1	0	0	0	1
15190_sub3	0	1	0	1	0	0	0	1
15193_sub0	0	1	1	0	0	0	1	0
15193_sub1	0	1	1	0	0	0	1	0
15193_sub2	0	1	0	1	0	0	0	1
15193_sub3	0	1	0	1	0	0	0	1
15193_sub4	0	1	1	0	0	0	1	0
15193_sub5	0	1	0	1	0	0	0	1
15196_sub0	0	1	0	1	0	0	0	1
15196_sub1	0	1	1	0	0	0	1	0
15196_sub2	0	1	0	1	0	0	0	1
15196_sub3	0	1	1	0	0	0	1	0
15196_sub4	0	1	0	1	0	0	0	1
15196_sub5	0	1	1	0	0	0	1	0
15196_sub6	0	1	0	1	0	0	0	1
15196_sub7	0	1	1	0	0	0	1	0
15198_sub0	0	5	3	2	0	0	3	2
15198_sub1	0	1	1	0	0	0	1	0
15199_sub0	0	1	1	0	0	0	1	0
15199_sub1	0	1	0	1	0	0	0	1
15199_sub2	0	1	0	1	0	0	0	1
15199_sub3	0	1	0	1	0	0	0	1
15199_sub4	0	1	0	1	0	0	0	1
15199_sub5	0	1	1	0	0	0	1	0
1520_sub0	0	1	1	0	0	0	1	0
1520_sub1	0	4	2	2	0	0	2	2
1520_sub2	0	1	0	1	0	0	0	1
1520_sub3	0	1	1	0	0	0	1	0
1520_sub4	0	1	0	1	0	0	0	1
1520_sub5	0	1	1	0	0	0	1	0
15203_sub0	1	6	4	2	4	2	0	0
15203_sub1	0	1	1	0	0	0	1	0
15203_sub2	0	1	1	0	0	0	1	0
15203_sub3	0	1	1	0	0	0	1	0
15203_sub4	0	1	0	1	0	0	0	1
15212_sub0	0	1	1	0	0	0	1	0
15212_sub1	0	1	1	0	0	0	1	0
15212_sub2	0	1	1	0	0	0	1	0
15212_sub3	0	1	1	0	0	0	1	0
15212_sub4	0	1	1	0	0	0	1	0
15212_sub5	0	1	0	1	0	0	0	1
15212_sub6	0	1	0	1	0	0	0	1
15218_sub0	1	15	10	5	10	5	0	0
15218_sub1	0	1	0	1	0	0	0	1
1522_sub0	1	20	10	10	10	10	0	0
1522_sub1	0	1	0	1	0	0	0	1
1522_sub2	0	1	0	1	0	0	0	1
1522_sub3	0	1	0	1	0	0	0	1
1522_sub4	0	1	1	0	0	0	1	0
1522_sub5	0	1	1	0	0	0	1	0
1522_sub6	0	1	1	0	0	0	1	0
1525_sub0	1	16	7	9	7	9	0	0
1525_sub1	0	1	0	1	0	0	0	1
1525_sub2	0	1	1	0	0	0	1	0
1525_sub3	0	1	1	0	0	0	1	0
15254_sub0	0	1	0	1	0	0	0	1
15254_sub1	1	17	11	6	11	6	0	0
1526_sub0	0	1	0	1	0	0	0	1
1526_sub1	0	1	0	1	0	0	0	1
1526_sub2	0	1	0	1	0	0	0	1
1526_sub3	0	1	0	1	0	0	0	1
1526_sub4	0	1	1	0	0	0	1	0
1526_sub5	0	1	0	1	0	0	0	1
15263_sub0	0	1	0	1	0	0	0	1
15263_sub1	0	1	0	1	0	0	0	1
15263_sub2	0	1	0	1	0	0	0	1
15263_sub3	0	1	0	1	0	0	0	1
15263_sub4	0	1	1	0	0	0	1	0
15263_sub5	0	1	0	1	0	0	0	1
15283_sub0	1	13	5	8	5	8	0	0
15283_sub1	0	1	1	0	0	0	1	0
15283_sub2	0	1	1	0	0	0	1	0
15283_sub3	0	1	0	1	0	0	0	1
1529_sub0	0	1	1	0	0	0	1	0
1529_sub1	0	1	0	1	0	0	0	1
1529_sub2	0	1	0	1	0	0	0	1
1529_sub3	0	1	1	0	0	0	1	0
1529_sub4	0	1	0	1	0	0	0	1
1529_sub5	0	1	1	0	0	0	1	0
1529_sub6	0	1	1	0	0	0	1	0
1529_sub7	0	1	1	0	0	0	1	0
1529_sub8	0	1	1	0	0	0	1	0
1529_sub9	0	1	0	1	0	0	0	1
15297_sub0	0	1	0	1	0	0	0	1
15297_sub1	0	1	1	0	0	0	1	0
15297_sub2	1	12	4	8	4	8	0	0
15297_sub3	0	1	0	1	0	0	0	1
15298_sub0	1	13	7	6	7	6	0	0
15298_sub1	0	1	1	0	0	0	1	0
15298_sub2	0	1	0	1	0	0	0	1
15298_sub3	0	1	1	0	0	0	1	0
15298_sub4	0	1	1	0	0	0	1	0
15298_sub5	0	1	1	0	0	0	1	0
15299_sub0	1	7	4	3	4	3	0	0
1530_sub0	1	10	5	5	5	5	0	0
1530_sub1	0	1	1	0	0	0	1	0
15309_sub0	1	11	5	6	5	6	0	0
15309_sub1	0	1	0	1	0	0	0	1
1531_sub0	0	1	0	1	0	0	0	1
1531_sub1	0	1	1	0	0	0	1	0
1531_sub2	0	1	0	1	0	0	0	1
1531_sub3	0	1	1	0	0	0	1	0
1531_sub4	0	1	0	1	0	0	0	1
1531_sub5	0	1	1	0	0	0	1	0
1531_sub6	0	1	0	1	0	0	0	1
1531_sub7	0	1	1	0	0	0	1	0
1531_sub8	0	1	1	0	0	0	1	0
15314_sub0	0	1	0	1	0	0	0	1
15314_sub1	0	1	0	1	0	0	0	1
15314_sub2	0	1	1	0	0	0	1	0
15314_sub3	0	1	1	0	0	0	1	0
15314_sub4	0	1	1	0	0	0	1	0
15314_sub5	0	1	1	0	0	0	1	0
15314_sub6	0	1	0	1	0	0	0	1
15314_sub7	0	1	0	1	0	0	0	1
15314_sub8	0	1	1	0	0	0	1	0
15314_sub9	0	1	1	0	0	0	1	0
15317_sub0	1	11	6	5	6	5	0	0
15328_sub0	1	7	4	3	4	3	0	0
15328_sub1	0	1	1	0	0	0	1	0
15328_sub2	0	1	0	1	0	0	0	1
15330_sub0	1	11	4	7	4	7	0	0
15330_sub1	0	1	0	1	0	0	0	1
15330_sub2	0	1	1	0	0	0	1	0
15330_sub3	0	1	1	0	0	0	1	0
15330_sub4	0	1	1	0	0	0	1	0
15330_sub5	0	1	1	0	0	0	1	0
15330_sub6	0	1	0	1	0	0	0	1
15330_sub7	0	1	1	0	0	0	1	0
1534_sub0	1	11	1	10	1	10	0	0
1534_sub1	0	1	0	1	0	0	0	1
15345_sub0	0	5	3	2	0	0	3	2
15345_sub1	0	1	0	1	0	0	0	1
1535_sub0	0	1	0	1	0	0	0	1
1535_sub1	1	22	14	8	12	8	2	0
1535_sub2	0	1	0	1	0	0	0	1
1535_sub3	0	1	0	1	0	0	0	1
1535_sub4	0	1	1	0	0	0	1	0
15350_sub0	0	1	1	0	0	0	1	0
15350_sub1	0	1	0	1	0	0	0	1
15350_sub2	0	1	1	0	0	0	1	0
15350_sub3	0	1	1	0	0	0	1	0
15350_sub4	0	1	1	0	0	0	1	0
15350_sub5	0	1	1	0	0	0	1	0
15350_sub6	0	1	0	1	0	0	0	1
15353_sub0	0	1	0	1	0	0	0	1
15353_sub1	0	1	0	1	0	0	0	1
15353_sub2	0	1	0	1	0	0	0	1
15353_sub3	0	1	1	0	0	0	1	0
15353_sub4	0	1	1	0	0	0	1	0
15353_sub5	0	1	0	1	0	0	0	1
15353_sub6	0	1	0	1	0	0	0	1
15353_sub7	0	1	0	1	0	0	0	1
15353_sub8	0	1	0	1	0	0	0	1
15353_sub9	0	1	0	1	0	0	0	1
15353_sub10	0	1	0	1	0	0	0	1
15353_sub11	0	1	0	1	0	0	0	1
15353_sub12	0	1	0	1	0	0	0	1
15356_sub0	0	1	0	1	0	0	0	1
15356_sub1	0	1	0	1	0	0	0	1
15356_sub2	0	1	1	0	0	0	1	0
15356_sub3	0	1	0	1	0	0	0	1
15356_sub4	0	1	1	0	0	0	1	0
15356_sub5	0	1	0	1	0	0	0	1
15356_sub6	0	1	1	0	0	0	1	0
15356_sub7	0	1	0	1	0	0	0	1
15365_sub0	0	1	0	1	0	0	0	1
15365_sub1	0	1	1	0	0	0	1	0
15365_sub2	0	1	0	1	0	0	0	1
15365_sub3	0	1	1	0	0	0	1	0
15365_sub4	0	1	1	0	0	0	1	0
15365_sub5	0	1	0	1	0	0	0	1
15365_sub6	0	1	1	0	0	0	1	0
15365_sub7	0	1	1	0	0	0	1	0
15365_sub8	0	1	0	1	0	0	0	1
15380_sub0	1	6	2	4	2	4	0	0
15380_sub1	0	1	0	1	0	0	0	1
15384_sub0	1	9	8	1	8	1	0	0
15384_sub1	0	1	0	1	0	0	0	1
15384_sub2	0	1	1	0	0	0	1	0
15384_sub3	0	1	1	0	0	0	1	0
15384_sub4	0	1	0	1	0	0	0	1
15384_sub5	0	1	0	1	0	0	0	1
15384_sub6	0	1	1	0	0	0	1	0
15386_sub0	0	1	1	0	0	0	1	0
15386_sub1	0	1	1	0	0	0	1	0
15386_sub2	0	1	1	0	0	0	1	0
15386_sub3	0	1	0	1	0	0	0	1
15386_sub4	0	1	1	0	0	0	1	0
15386_sub5	0	1	0	1	0	0	0	1
15386_sub6	0	1	1	0	0	0	1	0
15386_sub7	0	1	0	1	0	0	0	1
15386_sub8	0	1	0	1	0	0	0	1
15397_sub0	0	1	1	0	0	0	1	0
15397_sub1	0	1	1	0	0	0	1	0
15397_sub2	0	1	1	0	0	0	1	0
15397_sub3	0	1	1	0	0	0	1	0
15397_sub4	0	1	0	1	0	0	0	1
15397_sub5	0	1	1	0	0	0	1	0
15397_sub6	0	1	1	0	0	0	1	0
154_sub0	0	1	0	1	0	0	0	1
154_sub1	0	4	3	1	0	0	3	1
154_sub2	0	1	0	1	0	0	0	1
1542_sub0	0	5	2	3	0	0	2	3
1542_sub1	0	1	0	1	0	0	0	1
1542_sub2	0	1	1	0	0	0	1	0
1542_sub3	0	1	1	0	0	0	1	0
15421_sub0	0	1	1	0	0	0	1	0
15421_sub1	0	1	0	1	0	0	0	1
15421_sub2	0	1	0	1	0	0	0	1
15421_sub3	0	1	1	0	0	0	1	0
15421_sub4	0	1	1	0	0	0	1	0
15421_sub5	0	1	0	1	0	0	0	1
15421_sub6	0	1	0	1	0	0	0	1
15421_sub7	0	1	1	0	0	0	1	0
15434_sub0	0	1	0	1	0	0	0	1
15434_sub1	0	1	0	1	0	0	0	1
15434_sub2	0	1	1	0	0	0	1	0
15434_sub3	0	1	1	0	0	0	1	0
15434_sub4	0	1	1	0	0	0	1	0
15434_sub5	0	1	1	0	0	0	1	0
15434_sub6	0	1	1	0	0	0	1	0
15446_sub0	1	13	6	7	6	7	0	0
15446_sub1	0	1	0	1	0	0	0	1
15446_sub2	0	1	0	1	0	0	0	1
15446_sub3	0	1	0	1	0	0	0	1
15449_sub0	1	18	10	8	10	8	0	0
15449_sub1	0	1	1	0	0	0	1	0
15449_sub2	0	1	0	1	0	0	0	1
15449_sub3	0	1	0	1	0	0	0	1
15449_sub4	0	1	0	1	0	0	0	1
15449_sub5	0	1	0	1	0	0	0	1
15449_sub6	0	1	1	0	0	0	1	0
15449_sub7	0	1	0	1	0	0	0	1
15452_sub0	0	1	1	0	0	0	1	0
15452_sub1	0	1	0	1	0	0	0	1
15452_sub2	0	1	0	1	0	0	0	1
15452_sub3	0	4	1	3	0	0	1	3
15456_sub0	0	4	4	0	0	0	4	0
15456_sub1	0	1	0	1	0	0	0	1
15456_sub2	0	1	1	0	0	0	1	0
15456_sub3	0	1	1	0	0	0	1	0
1546_sub0	1	10	5	5	5	5	0	0
1546_sub1	0	1	1	0	0	0	1	0
1546_sub2	0	1	0	1	0	0	0	1
1546_sub3	0	1	0	1	0	0	0	1
1546_sub4	0	1	0	1	0	0	0	1
15469_sub0	0	1	1	0	0	0	1	0
15469_sub1	0	1	0	1	0	0	0	1
15469_sub2	0	1	1	0	0	0	1	0
15469_sub3	0	1	1	0	0	0	1	0
15469_sub4	0	1	0	1	0	0	0	1
15469_sub5	0	1	0	1	0	0	0	1
1547_sub0	1	17	9	8	9	8	0	0
1547_sub1	0	1	0	1	0	0	0	1
1547_sub2	0	1	0	1	0	0	0	1
1547_sub3	0	1	0	1	0	0	0	1
1547_sub4	0	1	0	1	0	0	0	1
1547_sub5	0	1	1	0	0	0	1	0
15474_sub0	1	12	8	4	8	4	0	0
15477_sub0	1	7	6	1	6	1	0	0
15477_sub1	0	1	1	0	0	0	1	0
15477_sub2	0	1	1	0	0	0	1	0
15477_sub3	0	1	1	0	0	0	1	0
15478_sub0	1	9	2	7	2	7	0	0
15478_sub1	0	1	1	0	0	0	1	0
15478_sub2	0	1	0	1	0	0	0	1
15479_sub0	0	1	1	0	0	0	1	0
15479_sub1	0	1	1	0	0	0	1	0
15479_sub2	0	1	0	1	0	0	0	1
15479_sub3	0	1	0	1	0	0	0	1
15479_sub4	0	1	0	1	0	0	0	1
15479_sub5	0	1	0	1	0	0	0	1
15491_sub0	1	6	3	3	3	3	0	0
15491_sub1	0	1	0	1	0	0	0	1
155_sub0	0	1	0	1	0	0	0	1
155_sub1	1	8	4	4	4	4	0	0
155_sub2	0	1	1	0	0	0	1	0
1550_sub0	0	2	0	2	0	0	0	2
1550_sub1	0	1	0	1	0	0	0	1
1550_sub2	0	1	1	0	0	0	1	0
1550_sub3	0	1	1	0	0	0	1	0
1550_sub4	0	1	1	0	0	0	1	0
1550_sub5	0	1	0	1	0	0	0	1
15505_sub0	0	1	1	0	0	0	1	0
15505_sub1	0	1	1	0	0	0	1	0
15505_sub2	0	1	1	0	0	0	1	0
15505_sub3	0	1	0	1	0	0	0	1
15505_sub4	0	1	0	1	0	0	0	1
15505_sub5	0	1	1	0	0	0	1	0
15506_sub0	1	6	3	3	3	3	0	0
15506_sub1	0	1	1	0	0	0	1	0
15510_sub0	0	1	1	0	0	0	1	0
15510_sub1	0	1	0	1	0	0	0	1
15510_sub2	0	1	1	0	0	0	1	0
15510_sub3	0	1	0	1	0	0	0	1
15510_sub4	0	1	0	1	0	0	0	1
15510_sub5	0	1	0	1	0	0	0	1
15515_sub0	1	9	1	8	1	8	0	0
15515_sub1	0	1	1	0	0	0	1	0
15519_sub0	0	1	1	0	0	0	1	0
15519_sub1	0	1	1	0	0	0	1	0
15519_sub2	0	1	1	0	0	0	1	0
15519_sub3	0	1	1	0	0	0	1	0
15519_sub4	0	1	0	1	0	0	0	1
15519_sub5	0	1	1	0	0	0	1	0
15519_sub6	0	1	1	0	0	0	1	0
1553_sub0	1	8	5	3	5	3	0	0
1553_sub1	0	1	0	1	0	0	0	1
1553_sub2	0	1	1	0	0	0	1	0
1553_sub3	0	1	0	1	0	0	0	1
15537_sub0	0	4	2	2	0	0	2	2
15537_sub1	0	1	0	1	0	0	0	1
15537_sub2	0	1	0	1	0	0	0	1
15548_sub0	0	1	1	0	0	0	1	0
15548_sub1	0	1	0	1	0	0	0	1
15548_sub2	0	1	1	0	0	0	1	0
15548_sub3	0	1	0	1	0	0	0	1
15548_sub4	0	1	1	0	0	0	1	0
15548_sub5	0	1	0	1	0	0	0	1
15548_sub6	0	1	0	1	0	0	0	1
15548_sub7	0	1	0	1	0	0	0	1
15548_sub8	0	1	0	1	0	0	0	1
15550_sub0	0	1	1	0	0	0	1	0
15550_sub1	0	1	1	0	0	0	1	0
15550_sub2	0	1	0	1	0	0	0	1
15550_sub3	0	1	0	1	0	0	0	1
15550_sub4	0	1	0	1	0	0	0	1
15550_sub5	0	1	0	1	0	0	0	1
15550_sub6	0	1	1	0	0	0	1	0
15550_sub7	0	1	1	0	0	0	1	0
15550_sub8	0	1	1	0	0	0	1	0
15556_sub0	0	1	0	1	0	0	0	1
15556_sub1	1	8	6	2	6	2	0	0
15567_sub0	0	1	0	1	0	0	0	1
15567_sub1	0	1	0	1	0	0	0	1
15567_sub2	0	1	0	1	0	0	0	1
15567_sub3	0	1	0	1	0	0	0	1
15567_sub4	0	1	1	0	0	0	1	0
15567_sub5	0	1	1	0	0	0	1	0
1558_sub0	1	18	12	6	12	6	0	0
1558_sub1	0	1	1	0	0	0	1	0
1558_sub2	0	1	1	0	0	0	1	0
1558_sub3	0	1	1	0	0	0	1	0
1558_sub4	0	1	1	0	0	0	1	0
1558_sub5	0	1	1	0	0	0	1	0
1558_sub6	0	1	0	1	0	0	0	1
1558_sub7	0	1	0	1	0	0	0	1
1558_sub8	0	1	0	1	0	0	0	1
15603_sub0	1	7	4	3	4	3	0	0
15603_sub1	0	1	0	1	0	0	0	1
15605_sub0	0	1	0	1	0	0	0	1
15605_sub1	0	1	0	1	0	0	0	1
15605_sub2	0	1	0	1	0	0	0	1
15605_sub3	0	1	0	1	0	0	0	1
15605_sub4	0	1	0	1	0	0	0	1
15605_sub5	0	1	0	1	0	0	0	1
15618_sub0	0	1	1	0	0	0	1	0
15618_sub1	0	5	3	2	0	0	3	2
15618_sub2	0	1	0	1	0	0	0	1
15618_sub3	0	1	0	1	0	0	0	1
15618_sub4	0	1	0	1	0	0	0	1
15618_sub5	0	1	1	0	0	0	1	0
15620_sub0	1	8	6	2	6	2	0	0
15620_sub1	0	1	0	1	0	0	0	1
15620_sub2	0	1	0	1	0	0	0	1
15620_sub3	0	1	0	1	0	0	0	1
15621_sub0	1	11	1	10	1	10	0	0
15621_sub1	0	1	1	0	0	0	1	0
15621_sub2	0	1	1	0	0	0	1	0
15621_sub3	0	1	0	1	0	0	0	1
15624_sub0	0	1	0	1	0	0	0	1
15624_sub1	0	4	2	2	0	0	2	2
15624_sub2	0	1	1	0	0	0	1	0
15624_sub3	0	1	1	0	0	0	1	0
15648_sub0	1	10	4	6	4	6	0	0
15651_sub0	0	1	1	0	0	0	1	0
15651_sub1	0	1	0	1	0	0	0	1
15651_sub2	0	1	0	1	0	0	0	1
15651_sub3	0	1	1	0	0	0	1	0
15651_sub4	0	1	1	0	0	0	1	0
15651_sub5	0	1	0	1	0	0	0	1
15651_sub6	0	1	0	1	0	0	0	1
15665_sub0	0	1	1	0	0	0	1	0
15665_sub1	0	1	0	1	0	0	0	1
15665_sub2	0	1	0	1	0	0	0	1
15665_sub3	0	1	0	1	0	0	0	1
15665_sub4	0	1	0	1	0	0	0	1
15665_sub5	0	1	1	0	0	0	1	0
15669_sub0	0	1	0	1	0	0	0	1
15669_sub1	0	1	1	0	0	0	1	0
15669_sub2	0	1	1	0	0	0	1	0
15669_sub3	0	1	1	0	0	0	1	0
15669_sub4	0	1	0	1	0	0	0	1
15669_sub5	0	1	0	1	0	0	0	1
15669_sub6	0	1	0	1	0	0	0	1
15671_sub0	0	1	0	1	0	0	0	1
15671_sub1	1	10	7	3	7	3	0	0
15671_sub2	0	1	1	0	0	0	1	0
15671_sub3	0	1	0	1	0	0	0	1
15671_sub4	0	1	0	1	0	0	0	1
15679_sub0	0	1	0	1	0	0	0	1
15679_sub1	0	1	1	0	0	0	1	0
15679_sub2	0	1	0	1	0	0	0	1
15679_sub3	0	1	0	1	0	0	0	1
15679_sub4	0	1	0	1	0	0	0	1
15679_sub5	0	1	1	0	0	0	1	0
15688_sub0	0	1	0	1	0	0	0	1
15688_sub1	1	8	3	5	3	5	0	0
15688_sub2	0	1	0	1	0	0	0	1
15688_sub3	0	1	0	1	0	0	0	1
15688_sub4	0	1	0	1	0	0	0	1
15688_sub5	0	1	0	1	0	0	0	1
15688_sub6	0	1	1	0	0	0	1	0
15689_sub0	0	1	1	0	0	0	1	0
15689_sub1	0	1	1	0	0	0	1	0
15689_sub2	0	1	0	1	0	0	0	1
15689_sub3	0	1	0	1	0	0	0	1
15689_sub4	0	1	0	1	0	0	0	1
15689_sub5	0	1	0	1	0	0	0	1
15699_sub0	0	5	3	2	0	0	3	2
15699_sub1	0	1	0	1	0	0	0	1
15699_sub2	0	1	1	0	0	0	1	0
15723_sub0	0	5	3	2	0	0	3	2
15723_sub1	0	1	0	1	0	0	0	1
15728_sub0	1	7	4	3	4	3	0	0
15728_sub1	0	1	0	1	0	0	0	1
1574_sub0	0	1	1	0	0	0	1	0
1574_sub1	0	1	1	0	0	0	1	0
1574_sub2	0	1	0	1	0	0	0	1
1574_sub3	0	1	0	1	0	0	0	1
1574_sub4	0	1	1	0	0	0	1	0
1574_sub5	0	1	0	1	0	0	0	1
1575_sub0	1	15	8	7	8	7	0	0
1575_sub1	0	1	1	0	0	0	1	0
1575_sub2	0	1	1	0	0	0	1	0
1575_sub3	0	1	1	0	0	0	1	0
1575_sub4	0	1	1	0	0	0	1	0
1575_sub5	0	1	0	1	0	0	0	1
15754_sub0	0	1	0	1	0	0	0	1
15754_sub1	0	1	0	1	0	0	0	1
15754_sub2	0	1	0	1	0	0	0	1
15754_sub3	0	1	0	1	0	0	0	1
15754_sub4	0	1	0	1	0	0	0	1
15754_sub5	0	1	0	1	0	0	0	1
15754_sub6	0	1	1	0	0	0	1	0
15754_sub7	0	1	0	1	0	0	0	1
15754_sub8	0	1	0	1	0	0	0	1
15771_sub0	0	1	0	1	0	0	0	1
15771_sub1	0	1	1	0	0	0	1	0
15771_sub2	0	1	0	1	0	0	0	1
15771_sub3	0	1	0	1	0	0	0	1
15771_sub4	0	1	1	0	0	0	1	0
15771_sub5	0	1	1	0	0	0	1	0
15771_sub6	0	1	1	0	0	0	1	0
15771_sub7	0	1	0	1	0	0	0	1
15781_sub0	0	1	0	1	0	0	0	1
15781_sub1	0	1	0	1	0	0	0	1
15781_sub2	0	1	1	0	0	0	1	0
15781_sub3	0	1	0	1	0	0	0	1
15781_sub4	0	1	1	0	0	0	1	0
15781_sub5	0	1	1	0	0	0	1	0
15785_sub0	0	1	0	1	0	0	0	1
15785_sub1	0	4	3	1	0	0	3	1
15785_sub2	0	1	1	0	0	0	1	0
15785_sub3	0	1	0	1	0	0	0	1
15785_sub4	0	1	1	0	0	0	1	0
15785_sub5	0	1	0	1	0	0	0	1
15795_sub0	0	1	0	1	0	0	0	1
15795_sub1	1	9	6	3	6	3	0	0
15795_sub2	0	1	0	1	0	0	0	1
15795_sub3	0	1	0	1	0	0	0	1
15797_sub0	1	8	2	6	2	6	0	0
15797_sub1	0	1	1	0	0	0	1	0
1582_sub0	1	14	6	8	6	8	0	0
1582_sub1	0	1	1	0	0	0	1	0
1582_sub2	0	1	1	0	0	0	1	0
1582_sub3	0	1	0	1	0	0	0	1
15831_sub0	0	1	0	1	0	0	0	1
15831_sub1	0	1	0	1	0	0	0	1
15831_sub2	0	1	1	0	0	0	1	0
15831_sub3	0	1	1	0	0	0	1	0
15831_sub4	0	1	0	1	0	0	0	1
15831_sub5	0	1	0	1	0	0	0	1
15840_sub0	0	5	2	3	0	0	2	3
15840_sub1	0	1	0	1	0	0	0	1
15840_sub2	0	1	1	0	0	0	1	0
15866_sub0	0	1	1	0	0	0	1	0
15866_sub1	1	8	6	2	6	2	0	0
15868_sub0	0	1	0	1	0	0	0	1
15868_sub1	0	1	0	1	0	0	0	1
15868_sub2	0	1	0	1	0	0	0	1
15868_sub3	0	1	0	1	0	0	0	1
15868_sub4	0	1	1	0	0	0	1	0
15868_sub5	0	1	0	1	0	0	0	1
15871_sub0	0	1	0	1	0	0	0	1
15871_sub1	0	1	1	0	0	0	1	0
15871_sub2	0	1	1	0	0	0	1	0
15871_sub3	0	1	0	1	0	0	0	1
15871_sub4	0	1	1	0	0	0	1	0
15871_sub5	0	1	0	1	0	0	0	1
15878_sub0	1	9	7	2	7	2	0	0
15878_sub1	0	1	1	0	0	0	1	0
15878_sub2	0	1	1	0	0	0	1	0
15878_sub3	0	1	1	0	0	0	1	0
1588_sub0	0	1	0	1	0	0	0	1
1588_sub1	0	1	0	1	0	0	0	1
1588_sub2	0	1	0	1	0	0	0	1
1588_sub3	1	9	3	6	3	6	0	0
15883_sub0	0	1	1	0	0	0	1	0
15883_sub1	0	1	1	0	0	0	1	0
15883_sub2	0	1	0	1	0	0	0	1
15883_sub3	0	1	1	0	0	0	1	0
15883_sub4	0	1	1	0	0	0	1	0
15883_sub5	0	1	1	0	0	0	1	0
15883_sub6	0	1	1	0	0	0	1	0
1589_sub0	0	1	1	0	0	0	1	0
1589_sub1	1	6	5	1	5	1	0	0
15890_sub0	1	6	4	2	4	2	0	0
15890_sub1	0	1	1	0	0	0	1	0
1590_sub0	1	6	2	4	2	4	0	0
1590_sub1	0	1	1	0	0	0	1	0
15904_sub0	0	1	1	0	0	0	1	0
15904_sub1	0	5	3	2	0	0	3	2
15904_sub2	0	1	1	0	0	0	1	0
15904_sub3	0	1	0	1	0	0	0	1
15904_sub4	0	1	1	0	0	0	1	0
15904_sub5	0	1	0	1	0	0	0	1
15910_sub0	1	9	1	8	1	8	0	0
15910_sub1	0	1	0	1	0	0	0	1
15910_sub2	0	1	1	0	0	0	1	0
15928_sub0	0	1	1	0	0	0	1	0
15928_sub1	0	1	0	1	0	0	0	1
15928_sub2	0	1	1	0	0	0	1	0
15928_sub3	0	1	1	0	0	0	1	0
15928_sub4	0	1	0	1	0	0	0	1
15928_sub5	0	1	1	0	0	0	1	0
15929_sub0	0	5	3	2	0	0	3	2
15929_sub1	0	1	1	0	0	0	1	0
15929_sub2	0	1	0	1	0	0	0	1
1593_sub0	0	5	3	2	0	0	3	2
1593_sub1	0	1	0	1	0	0	0	1
1593_sub2	0	1	0	1	0	0	0	1
1593_sub3	0	1	0	1	0	0	0	1
15939_sub0	1	12	7	5	7	5	0	0
15939_sub1	0	1	1	0	0	0	1	0
15939_sub2	0	1	1	0	0	0	1	0
15939_sub3	0	1	0	1	0	0	0	1
15939_sub4	0	1	1	0	0	0	1	0
15939_sub5	0	1	1	0	0	0	1	0
15939_sub6	0	1	0	1	0	0	0	1
15943_sub0	0	1	1	0	0	0	1	0
15943_sub1	0	1	1	0	0	0	1	0
15943_sub2	0	1	1	0	0	0	1	0
15943_sub3	0	1	0	1	0	0	0	1
15943_sub4	0	1	1	0	0	0	1	0
15943_sub5	0	1	1	0	0	0	1	0
15948_sub0	0	1	0	1	0	0	0	1
15948_sub1	1	22	9	13	9	11	0	2
15948_sub2	0	1	0	1	0	0	0	1
15948_sub3	0	1	0	1	0	0	0	1
15965_sub0	0	5	4	1	0	0	4	1
15965_sub1	0	1	0	1	0	0	0	1
1598_sub0	0	1	0	1	0	0	0	1
1598_sub1	1	8	6	2	6	2	0	0
1598_sub2	0	1	0	1	0	0	0	1
15981_sub0	0	1	1	0	0	0	1	0
15981_sub1	0	4	3	1	0	0	3	1
15981_sub2	0	1	0	1	0	0	0	1
1599_sub0	1	12	5	7	5	7	0	0
1599_sub1	0	1	1	0	0	0	1	0
1599_sub2	0	1	0	1	0	0	0	1
1599_sub3	0	1	1	0	0	0	1	0
16_sub0	0	1	0	1	0	0	0	1
16_sub1	1	18	10	8	10	8	0	0
16_sub2	0	1	1	0	0	0	1	0
16_sub3	0	1	1	0	0	0	1	0
16_sub4	0	1	0	1	0	0	0	1
16_sub5	0	1	1	0	0	0	1	0
16_sub6	0	1	0	1	0	0	0	1
16_sub7	0	1	1	0	0	0	1	0
160_sub0	0	1	0	1	0	0	0	1
160_sub1	1	8	2	6	2	6	0	0
160_sub2	0	1	1	0	0	0	1	0
1600_sub0	0	1	0	1	0	0	0	1
1600_sub1	0	1	0	1	0	0	0	1
1600_sub2	0	1	1	0	0	0	1	0
1600_sub3	0	1	1	0	0	0	1	0
1600_sub4	0	1	0	1	0	0	0	1
1600_sub5	0	1	1	0	0	0	1	0
16006_sub0	0	1	1	0	0	0	1	0
16006_sub1	0	1	0	1	0	0	0	1
16006_sub2	0	1	0	1	0	0	0	1
16006_sub3	0	1	1	0	0	0	1	0
16006_sub4	0	1	1	0	0	0	1	0
16006_sub5	0	1	0	1	0	0	0	1
16007_sub0	0	1	0	1	0	0	0	1
16007_sub1	0	1	0	1	0	0	0	1
16007_sub2	0	1	1	0	0	0	1	0
16007_sub3	0	1	1	0	0	0	1	0
16007_sub4	0	1	0	1	0	0	0	1
16007_sub5	0	1	0	1	0	0	0	1
16007_sub6	0	1	1	0	0	0	1	0
16007_sub7	0	1	1	0	0	0	1	0
16007_sub8	0	1	0	1	0	0	0	1
16015_sub0	1	9	5	4	5	4	0	0
16015_sub1	0	1	0	1	0	0	0	1
1602_sub0	1	13	6	7	6	7	0	0
1602_sub1	0	1	0	1	0	0	0	1
1602_sub2	0	1	0	1	0	0	0	1
1602_sub3	0	1	0	1	0	0	0	1
1602_sub4	0	1	0	1	0	0	0	1
1602_sub5	0	1	0	1	0	0	0	1
1602_sub6	0	1	0	1	0	0	0	1
16029_sub0	1	17	7	10	7	10	0	0
16029_sub1	0	1	0	1	0	0	0	1
16030_sub0	0	1	1	0	0	0	1	0
16030_sub1	0	4	3	1	0	0	3	1
16030_sub2	0	1	0	1	0	0	0	1
16034_sub0	0	1	1	0	0	0	1	0
16034_sub1	0	1	0	1	0	0	0	1
16034_sub2	0	1	1	0	0	0	1	0
16034_sub3	0	1	1	0	0	0	1	0
16034_sub4	0	1	1	0	0	0	1	0
16034_sub5	0	1	0	1	0	0	0	1
16038_sub0	1	6	3	3	3	3	0	0
16038_sub1	0	1	1	0	0	0	1	0
16038_sub2	0	1	1	0	0	0	1	0
1604_sub0	1	15	4	11	4	11	0	0
1604_sub1	0	1	0	1	0	0	0	1
16040_sub0	0	1	1	0	0	0	1	0
16040_sub1	1	7	3	4	3	4	0	0
16040_sub2	0	1	0	1	0	0	0	1
16040_sub3	0	1	0	1	0	0	0	1
16040_sub4	0	1	0	1	0	0	0	1
16040_sub5	0	1	1	0	0	0	1	0
16044_sub0	0	1	0	1	0	0	0	1
16044_sub1	0	1	0	1	0	0	0	1
16044_sub2	0	1	0	1	0	0	0	1
16044_sub3	0	1	1	0	0	0	1	0
16044_sub4	0	1	1	0	0	0	1	0
16044_sub5	0	1	0	1	0	0	0	1
16044_sub6	0	1	1	0	0	0	1	0
16044_sub7	0	1	0	1	0	0	0	1
1605_sub0	1	7	2	5	2	5	0	0
1605_sub1	0	1	1	0	0	0	1	0
16056_sub0	0	1	1	0	0	0	1	0
16056_sub1	0	2	1	1	0	0	1	1
16056_sub2	0	1	1	0	0	0	1	0
16056_sub3	0	1	1	0	0	0	1	0
16056_sub4	0	1	1	0	0	0	1	0
16056_sub5	0	1	0	1	0	0	0	1
16069_sub0	0	1	1	0	0	0	1	0
16069_sub1	0	2	0	2	0	0	0	2
16069_sub2	0	1	1	0	0	0	1	0
16069_sub3	0	1	1	0	0	0	1	0
16069_sub4	0	1	1	0	0	0	1	0
16069_sub5	0	1	0	1	0	0	0	1
1607_sub0	1	8	6	2	6	2	0	0
1607_sub1	0	1	0	1	0	0	0	1
16078_sub0	0	1	1	0	0	0	1	0
16078_sub1	1	6	3	3	3	3	0	0
16079_sub0	0	1	0	1	0	0	0	1
16079_sub1	0	1	1	0	0	0	1	0
16079_sub2	0	1	0	1	0	0	0	1
16079_sub3	0	1	0	1	0	0	0	1
16079_sub4	0	1	0	1	0	0	0	1
16079_sub5	0	1	1	0	0	0	1	0
16079_sub6	0	1	0	1	0	0	0	1
16091_sub0	0	1	0	1	0	0	0	1
16091_sub1	0	1	0	1	0	0	0	1
16091_sub2	0	1	0	1	0	0	0	1
16091_sub3	0	1	0	1	0	0	0	1
16091_sub4	0	1	0	1	0	0	0	1
16091_sub5	0	1	1	0	0	0	1	0
16091_sub6	0	1	1	0	0	0	1	0
1611_sub0	0	1	0	1	0	0	0	1
1611_sub1	0	1	0	1	0	0	0	1
1611_sub2	0	1	1	0	0	0	1	0
1611_sub3	1	16	7	9	7	9	0	0
1611_sub4	0	1	0	1	0	0	0	1
1611_sub5	0	1	1	0	0	0	1	0
16113_sub0	0	1	0	1	0	0	0	1
16113_sub1	1	9	7	2	7	2	0	0
16117_sub0	0	1	0	1	0	0	0	1
16117_sub1	0	1	0	1	0	0	0	1
16117_sub2	0	1	1	0	0	0	1	0
16117_sub3	0	1	1	0	0	0	1	0
16117_sub4	0	1	0	1	0	0	0	1
16117_sub5	0	1	1	0	0	0	1	0
16117_sub6	0	1	0	1	0	0	0	1
1612_sub0	0	1	1	0	0	0	1	0
1612_sub1	0	1	1	0	0	0	1	0
1612_sub2	0	2	0	2	0	0	0	2
1612_sub3	0	1	1	0	0	0	1	0
1612_sub4	0	1	1	0	0	0	1	0
1612_sub5	0	1	0	1	0	0	0	1
1612_sub6	0	1	0	1	0	0	0	1
16129_sub0	0	1	1	0	0	0	1	0
16129_sub1	0	1	1	0	0	0	1	0
16129_sub2	0	3	3	0	0	0	3	0
16129_sub3	0	1	0	1	0	0	0	1
16129_sub4	0	1	0	1	0	0	0	1
16133_sub0	1	7	1	6	1	6	0	0
16133_sub1	0	1	1	0	0	0	1	0
16133_sub2	0	1	0	1	0	0	0	1
16133_sub3	0	1	1	0	0	0	1	0
16133_sub4	0	1	1	0	0	0	1	0
16133_sub5	0	1	0	1	0	0	0	1
16133_sub6	0	1	0	1	0	0	0	1
1614_sub0	1	14	4	10	4	10	0	0
1614_sub1	0	1	0	1	0	0	0	1
1614_sub2	0	1	1	0	0	0	1	0
1614_sub3	0	1	0	1	0	0	0	1
1614_sub4	0	1	0	1	0	0	0	1
16169_sub0	0	1	0	1	0	0	0	1
16169_sub1	0	1	0	1	0	0	0	1
16169_sub2	0	1	0	1	0	0	0	1
16169_sub3	0	1	1	0	0	0	1	0
16169_sub4	0	1	0	1	0	0	0	1
16169_sub5	0	1	0	1	0	0	0	1
1617_sub0	0	1	0	1	0	0	0	1
1617_sub1	0	1	1	0	0	0	1	0
1617_sub2	0	1	0	1	0	0	0	1
1617_sub3	0	1	1	0	0	0	1	0
1617_sub4	0	1	0	1	0	0	0	1
1617_sub5	0	1	1	0	0	0	1	0
1617_sub6	0	1	1	0	0	0	1	0
1617_sub7	0	1	0	1	0	0	0	1
1617_sub8	0	1	0	1	0	0	0	1
16176_sub0	0	1	1	0	0	0	1	0
16176_sub1	0	1	0	1	0	0	0	1
16176_sub2	0	1	1	0	0	0	1	0
16176_sub3	0	1	0	1	0	0	0	1
16176_sub4	0	1	0	1	0	0	0	1
16176_sub5	0	1	0	1	0	0	0	1
16176_sub6	0	1	1	0	0	0	1	0
16176_sub7	0	1	0	1	0	0	0	1
16178_sub0	0	1	1	0	0	0	1	0
16178_sub1	0	1	0	1	0	0	0	1
16178_sub2	0	1	1	0	0	0	1	0
16178_sub3	0	1	1	0	0	0	1	0
16178_sub4	0	1	1	0	0	0	1	0
16178_sub5	0	1	0	1	0	0	0	1
1618_sub0	0	1	1	0	0	0	1	0
1618_sub1	1	8	4	4	4	4	0	0
1618_sub2	0	1	1	0	0	0	1	0
1618_sub3	0	1	1	0	0	0	1	0
1618_sub4	0	1	1	0	0	0	1	0
16182_sub0	1	7	4	3	4	3	0	0
16182_sub1	0	1	0	1	0	0	0	1
16183_sub0	0	1	1	0	0	0	1	0
16183_sub1	0	1	0	1	0	0	0	1
16183_sub2	0	1	0	1	0	0	0	1
16183_sub3	0	1	1	0	0	0	1	0
16183_sub4	0	1	1	0	0	0	1	0
16183_sub5	0	1	0	1	0	0	0	1
16183_sub6	0	1	1	0	0	0	1	0
16195_sub0	1	16	10	6	10	6	0	0
16195_sub1	0	2	1	1	0	0	1	1
16195_sub2	0	1	0	1	0	0	0	1
16198_sub0	0	1	0	1	0	0	0	1
16198_sub1	0	1	0	1	0	0	0	1
16198_sub2	0	1	1	0	0	0	1	0
16198_sub3	0	1	1	0	0	0	1	0
16198_sub4	0	1	0	1	0	0	0	1
16198_sub5	0	1	0	1	0	0	0	1
16213_sub0	0	1	1	0	0	0	1	0
16213_sub1	0	1	1	0	0	0	1	0
16213_sub2	0	1	0	1	0	0	0	1
16213_sub3	0	1	0	1	0	0	0	1
16213_sub4	0	1	0	1	0	0	0	1
16213_sub5	0	1	1	0	0	0	1	0
16213_sub6	0	1	0	1	0	0	0	1
16213_sub7	0	1	1	0	0	0	1	0
16214_sub0	0	3	0	3	0	0	0	3
16214_sub1	0	1	1	0	0	0	1	0
16214_sub2	1	11	11	0	11	0	0	0
16214_sub3	0	1	0	1	0	0	0	1
16214_sub4	0	1	1	0	0	0	1	0
16216_sub0	0	1	0	1	0	0	0	1
16216_sub1	0	1	0	1	0	0	0	1
16216_sub2	0	1	0	1	0	0	0	1
16216_sub3	0	1	1	0	0	0	1	0
16216_sub4	0	1	1	0	0	0	1	0
16216_sub5	0	1	1	0	0	0	1	0
16216_sub6	0	1	1	0	0	0	1	0
1622_sub0	1	12	10	2	10	2	0	0
1622_sub1	0	1	1	0	0	0	1	0
1622_sub2	0	1	0	1	0	0	0	1
1622_sub3	0	1	1	0	0	0	1	0
16220_sub0	0	1	0	1	0	0	0	1
16220_sub1	0	1	1	0	0	0	1	0
16220_sub2	0	1	0	1	0	0	0	1
16220_sub3	0	1	1	0	0	0	1	0
16220_sub4	0	1	1	0	0	0	1	0
16220_sub5	0	1	1	0	0	0	1	0
16239_sub0	1	9	4	5	4	5	0	0
16239_sub1	0	1	1	0	0	0	1	0
16239_sub2	0	1	0	1	0	0	0	1
16239_sub3	0	1	1	0	0	0	1	0
16239_sub4	0	1	1	0	0	0	1	0
16244_sub0	0	1	1	0	0	0	1	0
16244_sub1	0	1	0	1	0	0	0	1
16244_sub2	0	1	1	0	0	0	1	0
16244_sub3	0	1	1	0	0	0	1	0
16244_sub4	0	1	1	0	0	0	1	0
16244_sub5	0	1	1	0	0	0	1	0
16244_sub6	0	1	1	0	0	0	1	0
1625_sub0	1	18	8	10	8	10	0	0
1625_sub1	0	1	1	0	0	0	1	0
1625_sub2	0	1	1	0	0	0	1	0
1625_sub3	0	1	0	1	0	0	0	1
16253_sub0	0	1	0	1	0	0	0	1
16253_sub1	0	1	1	0	0	0	1	0
16253_sub2	0	1	1	0	0	0	1	0
16253_sub3	0	1	0	1	0	0	0	1
16253_sub4	0	1	1	0	0	0	1	0
16253_sub5	0	1	1	0	0	0	1	0
16253_sub6	0	1	0	1	0	0	0	1
1628_sub0	1	22	8	14	8	12	0	2
1628_sub1	0	1	0	1	0	0	0	1
1628_sub2	0	2	0	2	0	0	0	2
1628_sub3	0	1	0	1	0	0	0	1
16280_sub0	0	1	0	1	0	0	0	1
16280_sub1	0	1	1	0	0	0	1	0
16280_sub2	0	1	1	0	0	0	1	0
16280_sub3	0	1	1	0	0	0	1	0
16280_sub4	0	1	0	1	0	0	0	1
16280_sub5	0	1	0	1	0	0	0	1
16280_sub6	0	1	0	1	0	0	0	1
16284_sub0	1	13	6	7	6	7	0	0
16284_sub1	0	1	1	0	0	0	1	0
16289_sub0	0	1	0	1	0	0	0	1
16289_sub1	0	1	1	0	0	0	1	0
16289_sub2	0	1	0	1	0	0	0	1
16289_sub3	0	1	0	1	0	0	0	1
16289_sub4	0	1	0	1	0	0	0	1
16289_sub5	0	1	0	1	0	0	0	1
16289_sub6	0	1	1	0	0	0	1	0
16289_sub7	0	1	1	0	0	0	1	0
1629_sub0	1	10	7	3	7	3	0	0
1629_sub1	0	1	0	1	0	0	0	1
1629_sub2	0	1	0	1	0	0	0	1
1629_sub3	0	1	0	1	0	0	0	1
1629_sub4	0	1	0	1	0	0	0	1
16298_sub0	0	1	1	0	0	0	1	0
16298_sub1	1	9	3	6	3	6	0	0
16298_sub2	0	1	0	1	0	0	0	1
16298_sub3	0	1	0	1	0	0	0	1
16299_sub0	1	9	6	3	6	3	0	0
16299_sub1	0	1	0	1	0	0	0	1
16299_sub2	0	1	0	1	0	0	0	1
16299_sub3	0	1	1	0	0	0	1	0
16299_sub4	0	1	1	0	0	0	1	0
16299_sub5	0	1	1	0	0	0	1	0
16299_sub6	0	1	0	1	0	0	0	1
16299_sub7	0	1	1	0	0	0	1	0
16299_sub8	0	1	0	1	0	0	0	1
16299_sub9	0	1	1	0	0	0	1	0
1632_sub0	1	15	8	7	8	7	0	0
1632_sub1	0	1	1	0	0	0	1	0
1632_sub2	0	1	1	0	0	0	1	0
1632_sub3	0	1	0	1	0	0	0	1
16337_sub0	0	1	1	0	0	0	1	0
16337_sub1	0	1	1	0	0	0	1	0
16337_sub2	0	1	0	1	0	0	0	1
16337_sub3	0	1	0	1	0	0	0	1
16337_sub4	0	1	1	0	0	0	1	0
16337_sub5	0	1	0	1	0	0	0	1
16337_sub6	0	1	0	1	0	0	0	1
1634_sub0	0	1	1	0	0	0	1	0
1634_sub1	1	8	5	3	5	3	0	0
1634_sub2	0	1	0	1	0	0	0	1
16344_sub0	0	1	0	1	0	0	0	1
16344_sub1	1	6	3	3	3	3	0	0
16344_sub2	0	1	1	0	0	0	1	0
16344_sub3	0	1	0	1	0	0	0	1
16344_sub4	0	1	1	0	0	0	1	0
16344_sub5	0	1	0	1	0	0	0	1
16349_sub0	0	1	1	0	0	0	1	0
16349_sub1	0	1	1	0	0	0	1	0
16349_sub2	0	1	0	1	0	0	0	1
16349_sub3	0	1	1	0	0	0	1	0
16349_sub4	0	1	1	0	0	0	1	0
16349_sub5	0	1	0	1	0	0	0	1
16357_sub0	0	1	0	1	0	0	0	1
16357_sub1	0	1	0	1	0	0	0	1
16357_sub2	0	1	0	1	0	0	0	1
16357_sub3	0	1	0	1	0	0	0	1
16357_sub4	0	1	0	1	0	0	0	1
16357_sub5	0	1	0	1	0	0	0	1
16367_sub0	0	1	1	0	0	0	1	0
16367_sub1	0	1	0	1	0	0	0	1
16367_sub2	0	1	1	0	0	0	1	0
16367_sub3	0	1	0	1	0	0	0	1
16367_sub4	0	1	0	1	0	0	0	1
16367_sub5	0	1	0	1	0	0	0	1
16370_sub0	0	1	0	1	0	0	0	1
16370_sub1	0	1	0	1	0	0	0	1
16370_sub2	0	1	1	0	0	0	1	0
16370_sub3	0	1	1	0	0	0	1	0
16370_sub4	0	1	0	1	0	0	0	1
16370_sub5	0	1	0	1	0	0	0	1
16376_sub0	1	8	3	5	3	5	0	0
16377_sub0	0	1	1	0	0	0	1	0
16377_sub1	0	1	0	1	0	0	0	1
16377_sub2	0	1	1	0	0	0	1	0
16377_sub3	0	1	0	1	0	0	0	1
16377_sub4	0	1	0	1	0	0	0	1
16377_sub5	0	1	0	1	0	0	0	1
16382_sub0	0	4	3	1	0	0	3	1
16382_sub1	0	1	0	1	0	0	0	1
16382_sub2	0	1	0	1	0	0	0	1
16387_sub0	0	1	0	1	0	0	0	1
16387_sub1	0	1	1	0	0	0	1	0
16387_sub2	0	1	0	1	0	0	0	1
16387_sub3	0	1	1	0	0	0	1	0
16387_sub4	0	1	1	0	0	0	1	0
16387_sub5	0	1	0	1	0	0	0	1
1639_sub0	0	1	0	1	0	0	0	1
1639_sub1	1	21	11	10	10	10	1	0
16394_sub0	0	1	0	1	0	0	0	1
16394_sub1	0	1	1	0	0	0	1	0
16394_sub2	0	1	1	0	0	0	1	0
16394_sub3	0	1	1	0	0	0	1	0
16394_sub4	0	1	0	1	0	0	0	1
16394_sub5	0	1	1	0	0	0	1	0
16394_sub6	0	1	0	1	0	0	0	1
16404_sub0	0	1	1	0	0	0	1	0
16404_sub1	0	1	1	0	0	0	1	0
16404_sub2	0	1	1	0	0	0	1	0
16404_sub3	0	1	0	1	0	0	0	1
16404_sub4	0	1	1	0	0	0	1	0
16404_sub5	0	1	0	1	0	0	0	1
16406_sub0	0	1	1	0	0	0	1	0
16406_sub1	0	1	1	0	0	0	1	0
16406_sub2	0	1	1	0	0	0	1	0
16406_sub3	0	1	1	0	0	0	1	0
16406_sub4	0	1	1	0	0	0	1	0
16406_sub5	0	1	1	0	0	0	1	0
16406_sub6	0	1	1	0	0	0	1	0
16421_sub0	0	1	1	0	0	0	1	0
16421_sub1	1	8	4	4	4	4	0	0
16421_sub2	0	1	1	0	0	0	1	0
16421_sub3	0	2	0	2	0	0	0	2
16428_sub0	0	1	0	1	0	0	0	1
16428_sub1	0	1	1	0	0	0	1	0
16428_sub2	0	1	1	0	0	0	1	0
16428_sub3	0	1	0	1	0	0	0	1
16428_sub4	0	1	0	1	0	0	0	1
16428_sub5	0	1	0	1	0	0	0	1
16430_sub0	0	1	1	0	0	0	1	0
16430_sub1	0	1	0	1	0	0	0	1
16430_sub2	0	1	0	1	0	0	0	1
16430_sub3	0	1	0	1	0	0	0	1
16430_sub4	0	1	0	1	0	0	0	1
16430_sub5	0	1	1	0	0	0	1	0
16430_sub6	0	1	0	1	0	0	0	1
16433_sub0	0	2	1	1	0	0	1	1
16433_sub1	0	1	1	0	0	0	1	0
16433_sub2	0	1	1	0	0	0	1	0
16433_sub3	0	1	1	0	0	0	1	0
16433_sub4	0	1	0	1	0	0	0	1
16433_sub5	0	1	0	1	0	0	0	1
16433_sub6	0	1	0	1	0	0	0	1
1644_sub0	1	11	5	6	5	6	0	0
1644_sub1	0	1	1	0	0	0	1	0
1644_sub2	0	1	1	0	0	0	1	0
1644_sub3	0	1	1	0	0	0	1	0
1644_sub4	0	1	1	0	0	0	1	0
1644_sub5	0	1	1	0	0	0	1	0
1644_sub6	0	1	1	0	0	0	1	0
16445_sub0	1	6	4	2	4	2	0	0
16445_sub1	0	1	0	1	0	0	0	1
16445_sub2	0	1	1	0	0	0	1	0
16448_sub0	1	6	4	2	4	2	0	0
16449_sub0	0	1	0	1	0	0	0	1
16449_sub1	0	1	1	0	0	0	1	0
16449_sub2	0	1	0	1	0	0	0	1
16449_sub3	0	1	1	0	0	0	1	0
16449_sub4	0	1	1	0	0	0	1	0
16449_sub5	0	1	1	0	0	0	1	0
16454_sub0	0	1	1	0	0	0	1	0
16454_sub1	0	1	1	0	0	0	1	0
16454_sub2	0	1	0	1	0	0	0	1
16454_sub3	0	1	1	0	0	0	1	0
16454_sub4	0	1	1	0	0	0	1	0
16454_sub5	0	1	0	1	0	0	0	1
16458_sub0	0	1	1	0	0	0	1	0
16458_sub1	1	6	2	4	2	4	0	0
16458_sub2	0	1	1	0	0	0	1	0
1646_sub0	0	1	0	1	0	0	0	1
1646_sub1	0	1	0	1	0	0	0	1
1646_sub2	0	1	0	1	0	0	0	1
1646_sub3	1	13	8	5	8	5	0	0
1646_sub4	0	1	1	0	0	0	1	0
1646_sub5	0	1	1	0	0	0	1	0
1646_sub6	0	1	0	1	0	0	0	1
1646_sub7	0	1	1	0	0	0	1	0
16461_sub0	1	10	5	5	5	5	0	0
16461_sub1	0	1	0	1	0	0	0	1
16461_sub2	0	1	0	1	0	0	0	1
16464_sub0	1	20	10	10	10	10	0	0
16464_sub1	0	1	0	1	0	0	0	1
16464_sub2	0	1	1	0	0	0	1	0
16464_sub3	0	1	1	0	0	0	1	0
16465_sub0	0	1	0	1	0	0	0	1
16465_sub1	0	2	1	1	0	0	1	1
16465_sub2	0	1	1	0	0	0	1	0
16465_sub3	0	1	1	0	0	0	1	0
16465_sub4	0	1	1	0	0	0	1	0
16465_sub5	0	1	1	0	0	0	1	0
16481_sub0	0	3	2	1	0	0	2	1
16481_sub1	0	1	1	0	0	0	1	0
16481_sub2	0	1	1	0	0	0	1	0
16481_sub3	0	1	0	1	0	0	0	1
16486_sub0	1	7	2	5	2	5	0	0
16486_sub1	0	1	1	0	0	0	1	0
16507_sub0	0	1	0	1	0	0	0	1
16507_sub1	0	1	0	1	0	0	0	1
16507_sub2	0	1	0	1	0	0	0	1
16507_sub3	0	1	0	1	0	0	0	1
16507_sub4	0	1	0	1	0	0	0	1
16507_sub5	0	1	1	0	0	0	1	0
1653_sub0	0	1	1	0	0	0	1	0
1653_sub1	1	23	14	9	11	9	3	0
1653_sub2	0	1	0	1	0	0	0	1
1653_sub3	0	1	0	1	0	0	0	1
16533_sub0	0	1	1	0	0	0	1	0
16533_sub1	0	1	1	0	0	0	1	0
16533_sub2	0	1	0	1	0	0	0	1
16533_sub3	0	1	0	1	0	0	0	1
16533_sub4	0	1	0	1	0	0	0	1
16533_sub5	0	1	0	1	0	0	0	1
16534_sub0	0	1	1	0	0	0	1	0
16534_sub1	1	24	14	10	10	10	4	0
16534_sub2	0	1	1	0	0	0	1	0
1654_sub0	1	7	3	4	3	4	0	0
1654_sub1	0	1	0	1	0	0	0	1
1654_sub2	0	1	0	1	0	0	0	1
16543_sub0	0	1	0	1	0	0	0	1
16543_sub1	0	1	0	1	0	0	0	1
16543_sub2	0	1	0	1	0	0	0	1
16543_sub3	0	1	1	0	0	0	1	0
16543_sub4	0	1	0	1	0	0	0	1
16543_sub5	0	1	0	1	0	0	0	1
16543_sub6	0	1	0	1	0	0	0	1
16544_sub0	0	1	0	1	0	0	0	1
16544_sub1	0	1	0	1	0	0	0	1
16544_sub2	0	1	0	1	0	0	0	1
16544_sub3	0	1	1	0	0	0	1	0
16544_sub4	0	1	1	0	0	0	1	0
16544_sub5	0	1	1	0	0	0	1	0
16544_sub6	0	1	1	0	0	0	1	0
16544_sub7	0	1	1	0	0	0	1	0
16544_sub8	0	1	1	0	0	0	1	0
16544_sub9	0	1	1	0	0	0	1	0
16567_sub0	0	1	1	0	0	0	1	0
16567_sub1	0	1	0	1	0	0	0	1
16567_sub2	0	1	0	1	0	0	0	1
16567_sub3	0	1	0	1	0	0	0	1
16567_sub4	0	1	0	1	0	0	0	1
16567_sub5	0	1	0	1	0	0	0	1
16567_sub6	0	1	0	1	0	0	0	1
16567_sub7	0	1	0	1	0	0	0	1
1657_sub0	0	1	0	1	0	0	0	1
1657_sub1	1	13	8	5	8	5	0	0
1657_sub2	0	1	1	0	0	0	1	0
1657_sub3	0	1	1	0	0	0	1	0
16594_sub0	0	1	1	0	0	0	1	0
16594_sub1	0	1	0	1	0	0	0	1
16594_sub2	0	1	0	1	0	0	0	1
16594_sub3	0	1	1	0	0	0	1	0
16594_sub4	0	1	1	0	0	0	1	0
16594_sub5	0	1	0	1	0	0	0	1
16594_sub6	0	1	0	1	0	0	0	1
16594_sub7	0	1	0	1	0	0	0	1
16608_sub0	0	5	3	2	0	0	3	2
16608_sub1	0	1	0	1	0	0	0	1
16608_sub2	0	1	0	1	0	0	0	1
1661_sub0	1	7	2	5	2	5	0	0
1661_sub1	0	1	0	1	0	0	0	1
1661_sub2	0	1	1	0	0	0	1	0
1661_sub3	0	1	0	1	0	0	0	1
1661_sub4	0	1	0	1	0	0	0	1
16614_sub0	0	1	1	0	0	0	1	0
16614_sub1	0	1	1	0	0	0	1	0
16614_sub2	0	1	0	1	0	0	0	1
16614_sub3	0	1	0	1	0	0	0	1
16614_sub4	0	1	1	0	0	0	1	0
16614_sub5	0	1	0	1	0	0	0	1
16620_sub0	0	1	1	0	0	0	1	0
16620_sub1	0	1	0	1	0	0	0	1
16620_sub2	0	1	1	0	0	0	1	0
16620_sub3	0	1	0	1	0	0	0	1
16620_sub4	0	1	1	0	0	0	1	0
16620_sub5	0	1	0	1	0	0	0	1
16620_sub6	0	1	1	0	0	0	1	0
16620_sub7	0	1	1	0	0	0	1	0
16621_sub0	0	1	1	0	0	0	1	0
16621_sub1	1	8	4	4	4	4	0	0
16621_sub2	0	1	1	0	0	0	1	0
1663_sub0	0	5	1	4	0	0	1	4
1663_sub1	0	1	1	0	0	0	1	0
16634_sub0	0	1	1	0	0	0	1	0
16634_sub1	0	1	1	0	0	0	1	0
16634_sub2	0	1	1	0	0	0	1	0
16634_sub3	0	1	0	1	0	0	0	1
16634_sub4	0	1	0	1	0	0	0	1
16634_sub5	0	1	0	1	0	0	0	1
16636_sub0	0	1	0	1	0	0	0	1
16636_sub1	0	5	1	4	0	0	1	4
16636_sub2	0	1	1	0	0	0	1	0
16639_sub0	0	1	1	0	0	0	1	0
16639_sub1	0	1	1	0	0	0	1	0
16639_sub2	0	1	0	1	0	0	0	1
16639_sub3	0	1	1	0	0	0	1	0
16639_sub4	0	1	0	1	0	0	0	1
16639_sub5	0	1	1	0	0	0	1	0
16647_sub0	1	12	7	5	7	5	0	0
16647_sub1	0	1	0	1	0	0	0	1
16647_sub2	0	1	1	0	0	0	1	0
16647_sub3	0	1	1	0	0	0	1	0
16647_sub4	0	1	1	0	0	0	1	0
1665_sub0	1	23	9	14	9	11	0	3
1665_sub1	0	1	0	1	0	0	0	1
1665_sub2	0	1	1	0	0	0	1	0
1665_sub3	0	1	0	1	0	0	0	1
16681_sub0	0	1	0	1	0	0	0	1
16681_sub1	0	5	2	3	0	0	2	3
16681_sub2	0	1	1	0	0	0	1	0
16681_sub3	1	7	4	3	4	3	0	0
16682_sub0	0	1	1	0	0	0	1	0
16682_sub1	0	1	0	1	0	0	0	1
16682_sub2	0	1	0	1	0	0	0	1
16682_sub3	0	1	0	1	0	0	0	1
16682_sub4	0	1	1	0	0	0	1	0
16682_sub5	0	1	0	1	0	0	0	1
16682_sub6	0	1	1	0	0	0	1	0
167_sub0	0	1	1	0	0	0	1	0
167_sub1	1	18	7	11	7	11	0	0
167_sub2	0	1	1	0	0	0	1	0
167_sub3	0	1	1	0	0	0	1	0
167_sub4	0	1	1	0	0	0	1	0
16700_sub0	0	1	0	1	0	0	0	1
16700_sub1	0	1	0	1	0	0	0	1
16700_sub2	0	1	1	0	0	0	1	0
16700_sub3	0	1	0	1	0	0	0	1
16700_sub4	0	1	1	0	0	0	1	0
16700_sub5	0	1	0	1	0	0	0	1
1671_sub0	0	1	1	0	0	0	1	0
1671_sub1	1	6	3	3	3	3	0	0
1671_sub2	0	1	0	1	0	0	0	1
1671_sub3	0	1	1	0	0	0	1	0
1671_sub4	0	1	1	0	0	0	1	0
16728_sub0	0	1	0	1	0	0	0	1
16728_sub1	0	1	0	1	0	0	0	1
16728_sub2	0	1	0	1	0	0	0	1
16728_sub3	0	1	1	0	0	0	1	0
16728_sub4	0	1	1	0	0	0	1	0
16728_sub5	0	1	0	1	0	0	0	1
16734_sub0	0	1	1	0	0	0	1	0
16734_sub1	0	1	1	0	0	0	1	0
16734_sub2	0	1	0	1	0	0	0	1
16734_sub3	0	1	1	0	0	0	1	0
16734_sub4	0	1	0	1	0	0	0	1
16734_sub5	0	1	0	1	0	0	0	1
16734_sub6	0	1	1	0	0	0	1	0
16734_sub7	0	1	1	0	0	0	1	0
16734_sub8	0	1	0	1	0	0	0	1
16735_sub0	0	1	1	0	0	0	1	0
16735_sub1	0	1	1	0	0	0	1	0
16735_sub2	0	1	0	1	0	0	0	1
16735_sub3	0	1	0	1	0	0	0	1
16735_sub4	0	1	0	1	0	0	0	1
16735_sub5	0	1	0	1	0	0	0	1
16735_sub6	0	1	1	0	0	0	1	0
16766_sub0	1	6	3	3	3	3	0	0
16766_sub1	0	1	1	0	0	0	1	0
16766_sub2	0	1	1	0	0	0	1	0
16766_sub3	0	1	1	0	0	0	1	0
16766_sub4	0	1	0	1	0	0	0	1
16766_sub5	0	1	1	0	0	0	1	0
16773_sub0	0	1	1	0	0	0	1	0
16773_sub1	0	1	1	0	0	0	1	0
16773_sub2	0	1	1	0	0	0	1	0
16773_sub3	0	1	1	0	0	0	1	0
16773_sub4	0	1	0	1	0	0	0	1
16773_sub5	0	1	1	0	0	0	1	0
1678_sub0	0	1	0	1	0	0	0	1
1678_sub1	1	15	5	10	5	10	0	0
1678_sub2	0	1	1	0	0	0	1	0
1678_sub3	0	1	1	0	0	0	1	0
16785_sub0	0	1	0	1	0	0	0	1
16785_sub1	0	1	1	0	0	0	1	0
16785_sub2	0	1	1	0	0	0	1	0
16785_sub3	0	1	0	1	0	0	0	1
16785_sub4	0	1	1	0	0	0	1	0
16785_sub5	0	1	0	1	0	0	0	1
16785_sub6	0	1	1	0	0	0	1	0
168_sub0	0	1	1	0	0	0	1	0
168_sub1	0	1	1	0	0	0	1	0
168_sub2	1	14	8	6	8	6	0	0
168_sub3	0	1	0	1	0	0	0	1
168_sub4	0	1	0	1	0	0	0	1
168_sub5	0	1	1	0	0	0	1	0
1682_sub0	1	10	6	4	6	4	0	0
1684_sub0	1	25	14	11	10	10	4	1
1684_sub1	0	1	1	0	0	0	1	0
1684_sub2	0	1	1	0	0	0	1	0
1684_sub3	0	1	1	0	0	0	1	0
1684_sub4	0	1	0	1	0	0	0	1
1685_sub0	0	1	0	1	0	0	0	1
1685_sub1	0	1	0	1	0	0	0	1
1685_sub2	0	1	0	1	0	0	0	1
1685_sub3	0	1	1	0	0	0	1	0
1685_sub4	0	1	0	1	0	0	0	1
1685_sub5	0	1	0	1	0	0	0	1
16852_sub0	0	1	0	1	0	0	0	1
16852_sub1	0	1	1	0	0	0	1	0
16852_sub2	0	1	0	1	0	0	0	1
16852_sub3	0	1	0	1	0	0	0	1
16852_sub4	0	1	0	1	0	0	0	1
16852_sub5	0	1	0	1	0	0	0	1
16862_sub0	1	6	2	4	2	4	0	0
16862_sub1	0	1	0	1	0	0	0	1
16867_sub0	0	1	0	1	0	0	0	1
16867_sub1	1	10	5	5	5	5	0	0
16867_sub2	0	1	0	1	0	0	0	1
16868_sub0	0	4	0	4	0	0	0	4
16868_sub1	0	1	1	0	0	0	1	0
16868_sub2	0	1	1	0	0	0	1	0
16868_sub3	0	1	1	0	0	0	1	0
16874_sub0	0	1	0	1	0	0	0	1
16874_sub1	0	1	1	0	0	0	1	0
16874_sub2	0	1	0	1	0	0	0	1
16874_sub3	0	1	0	1	0	0	0	1
16874_sub4	0	1	0	1	0	0	0	1
16874_sub5	0	1	0	1	0	0	0	1
1688_sub0	1	12	4	8	4	8	0	0
1688_sub1	0	1	0	1	0	0	0	1
1688_sub2	0	1	1	0	0	0	1	0
16886_sub0	0	1	0	1	0	0	0	1
16886_sub1	0	1	1	0	0	0	1	0
16886_sub2	0	1	0	1	0	0	0	1
16886_sub3	0	1	0	1	0	0	0	1
16886_sub4	0	1	1	0	0	0	1	0
16886_sub5	0	1	1	0	0	0	1	0
16886_sub6	0	1	0	1	0	0	0	1
16891_sub0	0	1	0	1	0	0	0	1
16891_sub1	1	8	3	5	3	5	0	0
16898_sub0	0	4	1	3	0	0	1	3
16898_sub1	0	1	1	0	0	0	1	0
16898_sub2	0	1	0	1	0	0	0	1
1690_sub0	0	1	0	1	0	0	0	1
1690_sub1	0	1	1	0	0	0	1	0
1690_sub2	0	1	0	1	0	0	0	1
1690_sub3	0	2	1	1	0	0	1	1
1690_sub4	0	1	0	1	0	0	0	1
16900_sub0	0	1	1	0	0	0	1	0
16900_sub1	0	1	1	0	0	0	1	0
16900_sub2	0	1	0	1	0	0	0	1
16900_sub3	0	1	1	0	0	0	1	0
16900_sub4	0	1	0	1	0	0	0	1
16900_sub5	0	1	1	0	0	0	1	0
1691_sub0	0	1	1	0	0	0	1	0
1691_sub1	1	13	7	6	7	6	0	0
1691_sub2	0	1	0	1	0	0	0	1
1691_sub3	0	1	0	1	0	0	0	1
16911_sub0	0	1	0	1	0	0	0	1
16911_sub1	0	1	0	1	0	0	0	1
16911_sub2	0	1	0	1	0	0	0	1
16911_sub3	0	1	0	1	0	0	0	1
16911_sub4	0	1	0	1	0	0	0	1
16911_sub5	0	1	0	1	0	0	0	1
16911_sub6	0	1	1	0	0	0	1	0
16915_sub0	0	1	0	1	0	0	0	1
16915_sub1	0	1	1	0	0	0	1	0
16915_sub2	0	1	1	0	0	0	1	0
16915_sub3	0	1	1	0	0	0	1	0
16915_sub4	0	1	1	0	0	0	1	0
16915_sub5	0	1	1	0	0	0	1	0
16916_sub0	0	1	0	1	0	0	0	1
16916_sub1	0	1	1	0	0	0	1	0
16916_sub2	0	1	0	1	0	0	0	1
16916_sub3	0	1	0	1	0	0	0	1
16916_sub4	0	1	0	1	0	0	0	1
16916_sub5	0	1	1	0	0	0	1	0
16927_sub0	0	1	1	0	0	0	1	0
16927_sub1	1	9	4	5	4	5	0	0
16927_sub2	0	1	0	1	0	0	0	1
16927_sub3	0	1	0	1	0	0	0	1
16927_sub4	0	1	1	0	0	0	1	0
16927_sub5	0	1	1	0	0	0	1	0
16927_sub6	0	1	0	1	0	0	0	1
1694_sub0	1	15	7	8	7	8	0	0
1694_sub1	0	1	0	1	0	0	0	1
1694_sub2	0	1	1	0	0	0	1	0
1694_sub3	0	1	1	0	0	0	1	0
16949_sub0	1	7	6	1	6	1	0	0
16949_sub1	0	1	0	1	0	0	0	1
16949_sub2	0	1	0	1	0	0	0	1
1695_sub0	1	16	4	12	4	12	0	0
1695_sub1	0	1	1	0	0	0	1	0
1695_sub2	0	1	1	0	0	0	1	0
16950_sub0	0	1	0	1	0	0	0	1
16950_sub1	0	3	2	1	0	0	2	1
16950_sub2	0	1	1	0	0	0	1	0
16950_sub3	0	1	0	1	0	0	0	1
16958_sub0	1	11	7	4	7	4	0	0
16958_sub1	0	1	0	1	0	0	0	1
16958_sub2	0	1	0	1	0	0	0	1
16960_sub0	0	1	1	0	0	0	1	0
16960_sub1	0	1	0	1	0	0	0	1
16960_sub2	0	2	1	1	0	0	1	1
16960_sub3	0	1	1	0	0	0	1	0
16960_sub4	0	1	1	0	0	0	1	0
16960_sub5	0	1	1	0	0	0	1	0
16960_sub6	0	1	0	1	0	0	0	1
1699_sub0	0	1	0	1	0	0	0	1
1699_sub1	0	1	0	1	0	0	0	1
1699_sub2	0	3	2	1	0	0	2	1
1699_sub3	0	1	1	0	0	0	1	0
1699_sub4	0	1	0	1	0	0	0	1
170_sub0	0	1	1	0	0	0	1	0
170_sub1	0	1	0	1	0	0	0	1
170_sub2	1	12	5	7	5	7	0	0
170_sub3	0	1	1	0	0	0	1	0
170_sub4	0	1	1	0	0	0	1	0
170_sub5	0	1	0	1	0	0	0	1
170_sub6	0	1	1	0	0	0	1	0
17002_sub0	0	1	0	1	0	0	0	1
17002_sub1	1	12	7	5	7	5	0	0
17002_sub2	0	1	1	0	0	0	1	0
17002_sub3	0	1	0	1	0	0	0	1
17002_sub4	0	1	0	1	0	0	0	1
17003_sub0	0	1	0	1	0	0	0	1
17003_sub1	0	1	1	0	0	0	1	0
17003_sub2	0	1	1	0	0	0	1	0
17003_sub3	0	1	0	1	0	0	0	1
17003_sub4	0	1	1	0	0	0	1	0
17003_sub5	0	1	0	1	0	0	0	1
17009_sub0	0	1	0	1	0	0	0	1
17009_sub1	0	1	0	1	0	0	0	1
17009_sub2	0	1	1	0	0	0	1	0
17009_sub3	0	1	1	0	0	0	1	0
17009_sub4	0	1	1	0	0	0	1	0
17009_sub5	0	1	1	0	0	0	1	0
17015_sub0	0	1	1	0	0	0	1	0
17015_sub1	0	1	1	0	0	0	1	0
17015_sub2	0	1	0	1	0	0	0	1
17015_sub3	0	1	0	1	0	0	0	1
17015_sub4	0	1	1	0	0	0	1	0
17015_sub5	0	1	1	0	0	0	1	0
17015_sub6	0	1	1	0	0	0	1	0
17015_sub7	0	1	1	0	0	0	1	0
17016_sub0	0	1	0	1	0	0	0	1
17016_sub1	0	1	0	1	0	0	0	1
17016_sub2	0	1	1	0	0	0	1	0
17016_sub3	0	1	1	0	0	0	1	0
17016_sub4	0	1	1	0	0	0	1	0
17016_sub5	0	1	1	0	0	0	1	0
17016_sub6	0	1	0	1	0	0	0	1
17017_sub0	0	1	0	1	0	0	0	1
17017_sub1	0	1	0	1	0	0	0	1
17017_sub2	0	1	0	1	0	0	0	1
17017_sub3	0	1	1	0	0	0	1	0
17017_sub4	0	1	0	1	0	0	0	1
17017_sub5	0	1	0	1	0	0	0	1
17017_sub6	0	1	0	1	0	0	0	1
17023_sub0	0	1	0	1	0	0	0	1
17023_sub1	0	1	0	1	0	0	0	1
17023_sub2	0	1	0	1	0	0	0	1
17023_sub3	0	1	1	0	0	0	1	0
17023_sub4	0	1	1	0	0	0	1	0
17023_sub5	0	1	0	1	0	0	0	1
1703_sub0	0	1	1	0	0	0	1	0
1703_sub1	0	1	0	1	0	0	0	1
1703_sub2	0	1	0	1	0	0	0	1
1703_sub3	0	1	1	0	0	0	1	0
1703_sub4	1	16	6	10	6	10	0	0
1703_sub5	0	1	0	1	0	0	0	1
1703_sub6	0	1	0	1	0	0	0	1
1703_sub7	0	1	0	1	0	0	0	1
1703_sub8	0	1	1	0	0	0	1	0
17031_sub0	1	6	2	4	2	4	0	0
17031_sub1	0	1	1	0	0	0	1	0
17035_sub0	0	1	1	0	0	0	1	0
17035_sub1	0	1	0	1	0	0	0	1
17035_sub2	0	1	1	0	0	0	1	0
17035_sub3	0	1	0	1	0	0	0	1
17035_sub4	0	1	1	0	0	0	1	0
17035_sub5	0	1	1	0	0	0	1	0
17035_sub6	0	1	1	0	0	0	1	0
17039_sub0	0	1	1	0	0	0	1	0
17039_sub1	0	1	1	0	0	0	1	0
17039_sub2	0	1	0	1	0	0	0	1
17039_sub3	0	1	1	0	0	0	1	0
17039_sub4	0	1	0	1	0	0	0	1
17039_sub5	0	1	0	1	0	0	0	1
17071_sub0	0	1	0	1	0	0	0	1
17071_sub1	0	1	0	1	0	0	0	1
17071_sub2	0	1	0	1	0	0	0	1
17071_sub3	0	1	1	0	0	0	1	0
17071_sub4	0	1	1	0	0	0	1	0
17071_sub5	0	1	0	1	0	0	0	1
17071_sub6	0	1	1	0	0	0	1	0
17078_sub0	1	7	2	5	2	5	0	0
17078_sub1	0	1	1	0	0	0	1	0
17078_sub2	0	1	1	0	0	0	1	0
17078_sub3	0	1	1	0	0	0	1	0
17079_sub0	0	1	1	0	0	0	1	0
17079_sub1	0	1	0	1	0	0	0	1
17079_sub2	0	1	1	0	0	0	1	0
17079_sub3	0	1	1	0	0	0	1	0
17079_sub4	0	1	1	0	0	0	1	0
17079_sub5	0	1	1	0	0	0	1	0
17110_sub0	0	2	0	2	0	0	0	2
17110_sub1	0	1	0	1	0	0	0	1
17110_sub2	0	1	1	0	0	0	1	0
17110_sub3	0	1	0	1	0	0	0	1
17110_sub4	0	1	0	1	0	0	0	1
17110_sub5	0	1	1	0	0	0	1	0
17110_sub6	0	1	1	0	0	0	1	0
17113_sub0	1	14	7	7	7	7	0	0
17113_sub1	0	1	1	0	0	0	1	0
1712_sub0	1	9	5	4	5	4	0	0
1712_sub1	0	1	0	1	0	0	0	1
1712_sub2	0	1	1	0	0	0	1	0
1712_sub3	0	1	0	1	0	0	0	1
1712_sub4	0	1	1	0	0	0	1	0
1712_sub5	0	1	1	0	0	0	1	0
17132_sub0	1	7	1	6	1	6	0	0
17132_sub1	0	1	0	1	0	0	0	1
17132_sub2	0	1	0	1	0	0	0	1
1714_sub0	1	15	5	10	5	10	0	0
1714_sub1	0	1	0	1	0	0	0	1
17159_sub0	0	1	1	0	0	0	1	0
17159_sub1	0	1	1	0	0	0	1	0
17159_sub2	0	1	0	1	0	0	0	1
17159_sub3	0	1	0	1	0	0	0	1
17159_sub4	0	1	0	1	0	0	0	1
17159_sub5	0	1	0	1	0	0	0	1
17159_sub6	0	1	0	1	0	0	0	1
1716_sub0	1	24	14	10	10	10	4	0
17165_sub0	0	1	1	0	0	0	1	0
17165_sub1	0	1	0	1	0	0	0	1
17165_sub2	0	1	0	1	0	0	0	1
17165_sub3	0	1	0	1	0	0	0	1
17165_sub4	0	1	1	0	0	0	1	0
17165_sub5	0	1	0	1	0	0	0	1
17167_sub0	0	1	1	0	0	0	1	0
17167_sub1	0	1	1	0	0	0	1	0
17167_sub2	0	1	0	1	0	0	0	1
17167_sub3	0	1	0	1	0	0	0	1
17167_sub4	0	1	1	0	0	0	1	0
17167_sub5	0	1	1	0	0	0	1	0
17167_sub6	0	1	1	0	0	0	1	0
17167_sub7	0	1	0	1	0	0	0	1
1717_sub0	1	16	9	7	9	7	0	0
1717_sub1	0	1	1	0	0	0	1	0
1717_sub2	0	1	1	0	0	0	1	0
1717_sub3	0	1	1	0	0	0	1	0
17184_sub0	0	1	1	0	0	0	1	0
17184_sub1	0	1	0	1	0	0	0	1
17184_sub2	0	1	1	0	0	0	1	0
17184_sub3	0	1	1	0	0	0	1	0
17184_sub4	0	1	1	0	0	0	1	0
17184_sub5	0	1	1	0	0	0	1	0
17191_sub0	0	1	1	0	0	0	1	0
17191_sub1	0	4	2	2	0	0	2	2
17191_sub2	0	1	0	1	0	0	0	1
17213_sub0	1	10	4	6	4	6	0	0
17213_sub1	0	1	1	0	0	0	1	0
17213_sub2	0	1	0	1	0	0	0	1
17268_sub0	1	18	9	9	9	9	0	0
17268_sub1	0	1	0	1	0	0	0	1
17268_sub2	0	1	1	0	0	0	1	0
17268_sub3	0	1	0	1	0	0	0	1
17268_sub4	0	1	0	1	0	0	0	1
17268_sub5	0	1	0	1	0	0	0	1
1727_sub0	1	12	6	6	6	6	0	0
1727_sub1	0	1	1	0	0	0	1	0
1727_sub2	0	1	1	0	0	0	1	0
1727_sub3	0	1	1	0	0	0	1	0
1727_sub4	0	1	1	0	0	0	1	0
1727_sub5	0	1	1	0	0	0	1	0
17271_sub0	0	1	0	1	0	0	0	1
17271_sub1	1	14	9	5	9	5	0	0
17271_sub2	0	1	1	0	0	0	1	0
17271_sub3	0	1	0	1	0	0	0	1
17271_sub4	0	1	0	1	0	0	0	1
17272_sub0	0	1	0	1	0	0	0	1
17272_sub1	0	1	0	1	0	0	0	1
17272_sub2	0	1	1	0	0	0	1	0
17272_sub3	0	1	0	1	0	0	0	1
17272_sub4	0	1	0	1	0	0	0	1
17272_sub5	0	1	0	1	0	0	0	1
17273_sub0	0	1	1	0	0	0	1	0
17273_sub1	0	1	0	1	0	0	0	1
17273_sub2	0	1	1	0	0	0	1	0
17273_sub3	0	1	0	1	0	0	0	1
17273_sub4	0	1	1	0	0	0	1	0
17273_sub5	0	1	0	1	0	0	0	1
17273_sub6	0	1	0	1	0	0	0	1
17273_sub7	0	1	1	0	0	0	1	0
17284_sub0	0	1	1	0	0	0	1	0
17284_sub1	0	1	0	1	0	0	0	1
17284_sub2	0	5	2	3	0	0	2	3
17299_sub0	1	8	4	4	4	4	0	0
17299_sub1	0	1	1	0	0	0	1	0
17299_sub2	0	1	1	0	0	0	1	0
17313_sub0	0	1	0	1	0	0	0	1
17313_sub1	0	1	0	1	0	0	0	1
17313_sub2	0	1	1	0	0	0	1	0
17313_sub3	0	1	1	0	0	0	1	0
17313_sub4	0	1	0	1	0	0	0	1
17313_sub5	0	1	0	1	0	0	0	1
17327_sub0	0	1	1	0	0	0	1	0
17327_sub1	0	1	1	0	0	0	1	0
17327_sub2	0	1	0	1	0	0	0	1
17327_sub3	0	1	1	0	0	0	1	0
17327_sub4	0	1	1	0	0	0	1	0
17327_sub5	0	1	0	1	0	0	0	1
1733_sub0	0	1	0	1	0	0	0	1
1733_sub1	1	7	1	6	1	6	0	0
1733_sub2	0	1	1	0	0	0	1	0
17333_sub0	0	1	1	0	0	0	1	0
17333_sub1	0	1	1	0	0	0	1	0
17333_sub2	0	3	2	1	0	0	2	1
17333_sub3	0	1	0	1	0	0	0	1
17333_sub4	0	1	1	0	0	0	1	0
17333_sub5	0	1	1	0	0	0	1	0
1734_sub0	1	15	6	9	6	9	0	0
1734_sub1	0	1	1	0	0	0	1	0
1734_sub2	0	1	1	0	0	0	1	0
17342_sub0	0	1	1	0	0	0	1	0
17342_sub1	0	1	0	1	0	0	0	1
17342_sub2	0	1	1	0	0	0	1	0
17342_sub3	0	1	0	1	0	0	0	1
17342_sub4	0	1	0	1	0	0	0	1
17342_sub5	0	1	1	0	0	0	1	0
17347_sub0	0	5	3	2	0	0	3	2
17347_sub1	0	1	0	1	0	0	0	1
17347_sub2	0	1	0	1	0	0	0	1
17347_sub3	0	1	0	1	0	0	0	1
17347_sub4	0	1	1	0	0	0	1	0
17347_sub5	0	1	1	0	0	0	1	0
17347_sub6	0	1	0	1	0	0	0	1
1737_sub0	0	1	1	0	0	0	1	0
1737_sub1	0	1	1	0	0	0	1	0
1737_sub2	1	7	3	4	3	4	0	0
17381_sub0	0	1	1	0	0	0	1	0
17381_sub1	0	1	1	0	0	0	1	0
17381_sub2	0	1	1	0	0	0	1	0
17381_sub3	0	1	1	0	0	0	1	0
17381_sub4	0	1	1	0	0	0	1	0
17381_sub5	0	1	0	1	0	0	0	1
17393_sub0	0	1	0	1	0	0	0	1
17393_sub1	0	1	0	1	0	0	0	1
17393_sub2	0	1	1	0	0	0	1	0
17393_sub3	0	1	1	0	0	0	1	0
17393_sub4	0	1	1	0	0	0	1	0
17393_sub5	0	1	0	1	0	0	0	1
17393_sub6	0	1	0	1	0	0	0	1
1740_sub0	0	1	1	0	0	0	1	0
1740_sub1	0	1	0	1	0	0	0	1
1740_sub2	1	16	6	10	6	10	0	0
1740_sub3	0	1	1	0	0	0	1	0
1740_sub4	0	1	1	0	0	0	1	0
1740_sub5	0	1	0	1	0	0	0	1
1740_sub6	0	1	1	0	0	0	1	0
1741_sub0	1	15	9	6	9	6	0	0
1741_sub1	0	1	1	0	0	0	1	0
1741_sub2	0	1	1	0	0	0	1	0
1741_sub3	0	1	1	0	0	0	1	0
1741_sub4	0	1	0	1	0	0	0	1
17413_sub0	1	18	11	7	11	7	0	0
17413_sub1	0	1	1	0	0	0	1	0
17415_sub0	0	1	1	0	0	0	1	0
17415_sub1	0	1	0	1	0	0	0	1
17415_sub2	0	1	0	1	0	0	0	1
17415_sub3	0	1	1	0	0	0	1	0
17415_sub4	0	1	0	1	0	0	0	1
17415_sub5	0	1	1	0	0	0	1	0
17415_sub6	0	1	1	0	0	0	1	0
1742_sub0	1	8	7	1	7	1	0	0
1742_sub1	0	1	0	1	0	0	0	1
1742_sub2	0	1	0	1	0	0	0	1
1742_sub3	0	1	0	1	0	0	0	1
17428_sub0	0	2	1	1	0	0	1	1
17428_sub1	0	3	0	3	0	0	0	3
17428_sub2	0	1	1	0	0	0	1	0
17430_sub0	0	1	0	1	0	0	0	1
17430_sub1	0	1	0	1	0	0	0	1
17430_sub2	0	1	1	0	0	0	1	0
17430_sub3	0	1	1	0	0	0	1	0
17430_sub4	0	2	1	1	0	0	1	1
17430_sub5	0	1	1	0	0	0	1	0
17430_sub6	0	1	1	0	0	0	1	0
17430_sub7	0	1	1	0	0	0	1	0
17434_sub0	1	14	8	6	8	6	0	0
17434_sub1	0	1	1	0	0	0	1	0
17434_sub2	0	1	0	1	0	0	0	1
17434_sub3	0	1	1	0	0	0	1	0
17434_sub4	0	1	1	0	0	0	1	0
17445_sub0	0	1	0	1	0	0	0	1
17445_sub1	0	1	1	0	0	0	1	0
17445_sub2	0	1	0	1	0	0	0	1
17445_sub3	0	1	0	1	0	0	0	1
17445_sub4	0	1	1	0	0	0	1	0
17445_sub5	0	1	0	1	0	0	0	1
17448_sub0	0	1	0	1	0	0	0	1
17448_sub1	0	1	1	0	0	0	1	0
17448_sub2	0	1	0	1	0	0	0	1
17448_sub3	0	1	1	0	0	0	1	0
17448_sub4	0	1	0	1	0	0	0	1
17448_sub5	0	1	0	1	0	0	0	1
17448_sub6	0	1	1	0	0	0	1	0
17457_sub0	0	1	1	0	0	0	1	0
17457_sub1	0	1	0	1	0	0	0	1
17457_sub2	0	1	1	0	0	0	1	0
17457_sub3	0	1	0	1	0	0	0	1
17457_sub4	0	1	1	0	0	0	1	0
17457_sub5	0	1	1	0	0	0	1	0
17462_sub0	0	1	1	0	0	0	1	0
17462_sub1	0	1	0	1	0	0	0	1
17462_sub2	0	1	1	0	0	0	1	0
17462_sub3	0	1	1	0	0	0	1	0
17462_sub4	0	1	0	1	0	0	0	1
17462_sub5	0	1	0	1	0	0	0	1
17462_sub6	0	1	1	0	0	0	1	0
17465_sub0	0	1	0	1	0	0	0	1
17465_sub1	0	1	1	0	0	0	1	0
17465_sub2	0	1	1	0	0	0	1	0
17465_sub3	0	1	0	1	0	0	0	1
17465_sub4	0	1	1	0	0	0	1	0
17465_sub5	0	1	1	0	0	0	1	0
17466_sub0	0	1	1	0	0	0	1	0
17466_sub1	0	1	0	1	0	0	0	1
17466_sub2	0	1	0	1	0	0	0	1
17466_sub3	0	1	0	1	0	0	0	1
17466_sub4	0	1	0	1	0	0	0	1
17466_sub5	0	1	1	0	0	0	1	0
17466_sub6	0	1	1	0	0	0	1	0
17466_sub7	0	1	1	0	0	0	1	0
1747_sub0	1	9	4	5	4	5	0	0
1747_sub1	0	1	1	0	0	0	1	0
1747_sub2	0	1	0	1	0	0	0	1
1747_sub3	0	1	1	0	0	0	1	0
1748_sub0	0	1	0	1	0	0	0	1
1748_sub1	1	9	5	4	5	4	0	0
1748_sub2	0	1	1	0	0	0	1	0
1748_sub3	0	1	1	0	0	0	1	0
1748_sub4	0	1	0	1	0	0	0	1
1748_sub5	0	1	0	1	0	0	0	1
1748_sub6	0	1	0	1	0	0	0	1
1749_sub0	1	26	11	15	10	10	1	5
1749_sub1	0	1	0	1	0	0	0	1
1749_sub2	0	1	1	0	0	0	1	0
1749_sub3	0	1	0	1	0	0	0	1
17506_sub0	0	1	0	1	0	0	0	1
17506_sub1	0	1	0	1	0	0	0	1
17506_sub2	0	1	1	0	0	0	1	0
17506_sub3	0	1	0	1	0	0	0	1
17506_sub4	0	1	1	0	0	0	1	0
17506_sub5	0	1	0	1	0	0	0	1
17506_sub6	0	1	0	1	0	0	0	1
17506_sub7	0	1	1	0	0	0	1	0
17506_sub8	0	1	0	1	0	0	0	1
17506_sub9	0	1	1	0	0	0	1	0
17506_sub10	0	1	0	1	0	0	0	1
17508_sub0	0	1	0	1	0	0	0	1
17508_sub1	0	1	1	0	0	0	1	0
17508_sub2	0	1	0	1	0	0	0	1
17508_sub3	0	1	0	1	0	0	0	1
17508_sub4	0	1	0	1	0	0	0	1
17508_sub5	0	1	0	1	0	0	0	1
17508_sub6	0	1	1	0	0	0	1	0
17508_sub7	0	1	1	0	0	0	1	0
17508_sub8	0	1	1	0	0	0	1	0
17517_sub0	1	15	5	10	5	10	0	0
1752_sub0	0	1	0	1	0	0	0	1
1752_sub1	0	5	4	1	0	0	4	1
1752_sub2	0	1	1	0	0	0	1	0
17527_sub0	0	1	0	1	0	0	0	1
17527_sub1	0	1	0	1	0	0	0	1
17527_sub2	0	1	1	0	0	0	1	0
17527_sub3	0	1	1	0	0	0	1	0
17527_sub4	0	1	0	1	0	0	0	1
17527_sub5	0	1	0	1	0	0	0	1
1753_sub0	0	1	0	1	0	0	0	1
1753_sub1	1	9	5	4	5	4	0	0
1753_sub2	0	1	1	0	0	0	1	0
1753_sub3	0	1	1	0	0	0	1	0
1753_sub4	0	1	0	1	0	0	0	1
17534_sub0	0	1	1	0	0	0	1	0
17534_sub1	0	1	1	0	0	0	1	0
17534_sub2	0	1	0	1	0	0	0	1
17534_sub3	0	1	0	1	0	0	0	1
17534_sub4	1	9	3	6	3	6	0	0
17537_sub0	0	1	1	0	0	0	1	0
17537_sub1	0	1	1	0	0	0	1	0
17537_sub2	0	1	0	1	0	0	0	1
17537_sub3	0	1	1	0	0	0	1	0
17537_sub4	0	1	1	0	0	0	1	0
17537_sub5	0	1	0	1	0	0	0	1
17537_sub6	0	1	0	1	0	0	0	1
17551_sub0	0	5	2	3	0	0	2	3
17551_sub1	0	1	1	0	0	0	1	0
17551_sub2	0	1	0	1	0	0	0	1
17552_sub0	0	5	4	1	0	0	4	1
17552_sub1	0	1	1	0	0	0	1	0
17552_sub2	0	1	0	1	0	0	0	1
17552_sub3	0	1	1	0	0	0	1	0
17552_sub4	0	1	0	1	0	0	0	1
17557_sub0	0	1	0	1	0	0	0	1
17557_sub1	0	5	1	4	0	0	1	4
17569_sub0	0	1	0	1	0	0	0	1
17569_sub1	1	6	1	5	1	5	0	0
17569_sub2	0	1	1	0	0	0	1	0
1757_sub0	1	10	5	5	5	5	0	0
1757_sub1	0	1	1	0	0	0	1	0
1757_sub2	0	1	0	1	0	0	0	1
1758_sub0	0	1	0	1	0	0	0	1
1758_sub1	0	1	0	1	0	0	0	1
1758_sub2	0	1	1	0	0	0	1	0
1758_sub3	0	1	1	0	0	0	1	0
1758_sub4	0	1	1	0	0	0	1	0
1758_sub5	0	1	1	0	0	0	1	0
17588_sub0	0	1	1	0	0	0	1	0
17588_sub1	0	1	1	0	0	0	1	0
17588_sub2	0	1	1	0	0	0	1	0
17588_sub3	0	1	1	0	0	0	1	0
17588_sub4	0	1	1	0	0	0	1	0
17588_sub5	0	1	1	0	0	0	1	0
17593_sub0	0	1	1	0	0	0	1	0
17593_sub1	0	1	1	0	0	0	1	0
17593_sub2	0	1	1	0	0	0	1	0
17593_sub3	0	1	0	1	0	0	0	1
17593_sub4	0	1	0	1	0	0	0	1
17593_sub5	0	1	0	1	0	0	0	1
17593_sub6	0	1	1	0	0	0	1	0
17593_sub7	0	1	1	0	0	0	1	0
17594_sub0	0	1	1	0	0	0	1	0
17594_sub1	0	1	0	1	0	0	0	1
17594_sub2	0	1	1	0	0	0	1	0
17594_sub3	0	1	1	0	0	0	1	0
17594_sub4	0	1	0	1	0	0	0	1
17594_sub5	0	1	0	1	0	0	0	1
17594_sub6	0	1	1	0	0	0	1	0
176_sub0	0	1	1	0	0	0	1	0
176_sub1	0	1	0	1	0	0	0	1
176_sub2	1	17	9	8	9	8	0	0
17607_sub0	1	13	3	10	3	10	0	0
17607_sub1	0	1	0	1	0	0	0	1
17607_sub2	0	1	0	1	0	0	0	1
17607_sub3	0	1	0	1	0	0	0	1
17607_sub4	0	1	1	0	0	0	1	0
17614_sub0	0	1	1	0	0	0	1	0
17614_sub1	0	1	1	0	0	0	1	0
17614_sub2	0	1	1	0	0	0	1	0
17614_sub3	0	1	0	1	0	0	0	1
17614_sub4	0	1	0	1	0	0	0	1
17614_sub5	0	1	0	1	0	0	0	1
17614_sub6	0	1	1	0	0	0	1	0
17657_sub0	0	1	1	0	0	0	1	0
17657_sub1	0	1	1	0	0	0	1	0
17657_sub2	0	1	0	1	0	0	0	1
17657_sub3	0	1	0	1	0	0	0	1
17657_sub4	0	1	1	0	0	0	1	0
17657_sub5	0	1	0	1	0	0	0	1
17657_sub6	0	1	1	0	0	0	1	0
17661_sub0	0	1	0	1	0	0	0	1
17661_sub1	0	1	1	0	0	0	1	0
17661_sub2	0	1	0	1	0	0	0	1
17661_sub3	0	1	1	0	0	0	1	0
17661_sub4	0	1	0	1	0	0	0	1
17661_sub5	0	1	0	1	0	0	0	1
17663_sub0	0	1	1	0	0	0	1	0
17663_sub1	0	1	0	1	0	0	0	1
17663_sub2	0	1	0	1	0	0	0	1
17663_sub3	0	1	0	1	0	0	0	1
17663_sub4	0	1	1	0	0	0	1	0
17663_sub5	0	1	1	0	0	0	1	0
17670_sub0	0	1	1	0	0	0	1	0
17670_sub1	0	1	1	0	0	0	1	0
17670_sub2	0	1	0	1	0	0	0	1
17670_sub3	0	1	0	1	0	0	0	1
17670_sub4	0	1	0	1	0	0	0	1
17670_sub5	0	1	1	0	0	0	1	0
17691_sub0	0	1	0	1	0	0	0	1
17691_sub1	0	1	0	1	0	0	0	1
17691_sub2	0	1	0	1	0	0	0	1
17691_sub3	0	1	1	0	0	0	1	0
17691_sub4	0	1	1	0	0	0	1	0
17691_sub5	0	1	0	1	0	0	0	1
177_sub0	0	1	0	1	0	0	0	1
177_sub1	1	16	7	9	7	9	0	0
177_sub2	0	1	0	1	0	0	0	1
177_sub3	0	1	1	0	0	0	1	0
1770_sub0	0	1	0	1	0	0	0	1
1770_sub1	0	1	1	0	0	0	1	0
1770_sub2	0	1	1	0	0	0	1	0
1770_sub3	0	1	0	1	0	0	0	1
1770_sub4	0	1	1	0	0	0	1	0
1770_sub5	0	1	0	1	0	0	0	1
1770_sub6	0	1	0	1	0	0	0	1
1771_sub0	1	14	9	5	9	5	0	0
1771_sub1	0	1	1	0	0	0	1	0
1771_sub2	0	1	0	1	0	0	0	1
1771_sub3	0	1	0	1	0	0	0	1
1771_sub4	0	1	0	1	0	0	0	1
17716_sub0	0	1	1	0	0	0	1	0
17716_sub1	0	1	1	0	0	0	1	0
17716_sub2	0	1	0	1	0	0	0	1
17716_sub3	0	1	0	1	0	0	0	1
17716_sub4	0	1	0	1	0	0	0	1
17716_sub5	0	1	0	1	0	0	0	1
17716_sub6	0	1	1	0	0	0	1	0
1772_sub0	0	1	0	1	0	0	0	1
1772_sub1	1	7	4	3	4	3	0	0
1772_sub2	0	1	0	1	0	0	0	1
17723_sub0	0	1	1	0	0	0	1	0
17723_sub1	0	4	3	1	0	0	3	1
17723_sub2	0	1	1	0	0	0	1	0
17726_sub0	1	6	1	5	1	5	0	0
17726_sub1	0	1	0	1	0	0	0	1
17726_sub2	0	1	0	1	0	0	0	1
17726_sub3	0	1	0	1	0	0	0	1
17726_sub4	0	1	0	1	0	0	0	1
1773_sub0	0	1	1	0	0	0	1	0
1773_sub1	1	18	11	7	11	7	0	0
1773_sub2	0	1	0	1	0	0	0	1
1773_sub3	0	1	0	1	0	0	0	1
17740_sub0	0	1	1	0	0	0	1	0
17740_sub1	0	1	1	0	0	0	1	0
17740_sub2	0	1	0	1	0	0	0	1
17740_sub3	0	1	0	1	0	0	0	1
17740_sub4	0	1	1	0	0	0	1	0
17740_sub5	0	1	0	1	0	0	0	1
17740_sub6	0	1	0	1	0	0	0	1
17740_sub7	0	1	1	0	0	0	1	0
17740_sub8	0	1	0	1	0	0	0	1
17745_sub0	0	1	1	0	0	0	1	0
17745_sub1	0	1	1	0	0	0	1	0
17745_sub2	0	2	0	2	0	0	0	2
17745_sub3	0	1	0	1	0	0	0	1
17745_sub4	0	1	0	1	0	0	0	1
17745_sub5	0	1	0	1	0	0	0	1
1775_sub0	0	1	0	1	0	0	0	1
1775_sub1	0	1	1	0	0	0	1	0
1775_sub2	0	1	1	0	0	0	1	0
1775_sub3	0	1	1	0	0	0	1	0
1775_sub4	0	1	0	1	0	0	0	1
1775_sub5	0	1	1	0	0	0	1	0
17761_sub0	0	1	1	0	0	0	1	0
17761_sub1	0	1	1	0	0	0	1	0
17761_sub2	0	1	1	0	0	0	1	0
17761_sub3	0	1	1	0	0	0	1	0
17761_sub4	0	1	1	0	0	0	1	0
17761_sub5	0	1	1	0	0	0	1	0
17761_sub6	0	1	0	1	0	0	0	1
1777_sub0	0	1	0	1	0	0	0	1
1777_sub1	1	16	10	6	10	6	0	0
1777_sub2	0	1	1	0	0	0	1	0
1777_sub3	0	1	1	0	0	0	1	0
17777_sub0	1	6	3	3	3	3	0	0
17777_sub1	0	1	0	1	0	0	0	1
17777_sub2	0	1	0	1	0	0	0	1
17777_sub3	0	1	0	1	0	0	0	1
17778_sub0	0	1	1	0	0	0	1	0
17778_sub1	1	6	4	2	4	2	0	0
17778_sub2	0	1	0	1	0	0	0	1
1778_sub0	0	1	0	1	0	0	0	1
1778_sub1	1	17	8	9	8	9	0	0
1778_sub2	0	1	0	1	0	0	0	1
1778_sub3	0	1	0	1	0	0	0	1
1778_sub4	0	1	0	1	0	0	0	1
1778_sub5	0	1	0	1	0	0	0	1
17785_sub0	1	6	4	2	4	2	0	0
17785_sub1	0	1	0	1	0	0	0	1
17785_sub2	0	1	0	1	0	0	0	1
17786_sub0	0	1	1	0	0	0	1	0
17786_sub1	0	1	1	0	0	0	1	0
17786_sub2	0	1	0	1	0	0	0	1
17786_sub3	0	1	0	1	0	0	0	1
17786_sub4	0	1	1	0	0	0	1	0
17786_sub5	0	1	1	0	0	0	1	0
17786_sub6	0	1	1	0	0	0	1	0
17786_sub7	0	1	0	1	0	0	0	1
17786_sub8	0	1	1	0	0	0	1	0
17787_sub0	0	1	0	1	0	0	0	1
17787_sub1	0	1	0	1	0	0	0	1
17787_sub2	0	1	0	1	0	0	0	1
17787_sub3	0	1	1	0	0	0	1	0
17787_sub4	0	1	0	1	0	0	0	1
17787_sub5	0	1	0	1	0	0	0	1
17787_sub6	0	1	1	0	0	0	1	0
1779_sub0	1	11	5	6	5	6	0	0
1779_sub1	0	1	0	1	0	0	0	1
1779_sub2	0	1	0	1	0	0	0	1
1779_sub3	0	1	0	1	0	0	0	1
1779_sub4	0	1	1	0	0	0	1	0
1779_sub5	0	1	1	0	0	0	1	0
1779_sub6	0	1	1	0	0	0	1	0
17807_sub0	0	1	0	1	0	0	0	1
17807_sub1	0	1	1	0	0	0	1	0
17807_sub2	1	11	6	5	6	5	0	0
17807_sub3	0	1	0	1	0	0	0	1
17807_sub4	0	1	0	1	0	0	0	1
17820_sub0	0	1	0	1	0	0	0	1
17820_sub1	0	1	1	0	0	0	1	0
17820_sub2	0	1	1	0	0	0	1	0
17820_sub3	0	1	0	1	0	0	0	1
17820_sub4	0	1	1	0	0	0	1	0
17820_sub5	0	1	1	0	0	0	1	0
17838_sub0	0	2	1	1	0	0	1	1
17838_sub1	0	1	1	0	0	0	1	0
17838_sub2	0	1	0	1	0	0	0	1
17838_sub3	0	1	1	0	0	0	1	0
17838_sub4	0	1	0	1	0	0	0	1
17838_sub5	0	1	0	1	0	0	0	1
17844_sub0	0	1	1	0	0	0	1	0
17844_sub1	0	1	0	1	0	0	0	1
17844_sub2	0	1	1	0	0	0	1	0
17844_sub3	0	1	0	1	0	0	0	1
17844_sub4	0	1	1	0	0	0	1	0
17844_sub5	0	1	0	1	0	0	0	1
17861_sub0	0	1	0	1	0	0	0	1
17861_sub1	0	1	1	0	0	0	1	0
17861_sub2	0	1	1	0	0	0	1	0
17861_sub3	0	1	0	1	0	0	0	1
17861_sub4	0	1	1	0	0	0	1	0
17861_sub5	0	1	1	0	0	0	1	0
17861_sub6	0	1	1	0	0	0	1	0
17877_sub0	1	10	7	3	7	3	0	0
17877_sub1	0	1	1	0	0	0	1	0
17878_sub0	1	7	4	3	4	3	0	0
17878_sub1	0	1	0	1	0	0	0	1
17878_sub2	0	1	0	1	0	0	0	1
1788_sub0	1	16	5	11	5	11	0	0
1788_sub1	0	1	0	1	0	0	0	1
1788_sub2	0	1	0	1	0	0	0	1
1788_sub3	0	1	1	0	0	0	1	0
1788_sub4	0	1	0	1	0	0	0	1
1788_sub5	0	1	1	0	0	0	1	0
1788_sub6	0	1	0	1	0	0	0	1
17880_sub0	1	6	2	4	2	4	0	0
17884_sub0	1	12	5	7	5	7	0	0
17884_sub1	0	1	1	0	0	0	1	0
17884_sub2	0	1	1	0	0	0	1	0
17884_sub3	0	1	0	1	0	0	0	1
17884_sub4	0	1	0	1	0	0	0	1
17899_sub0	1	12	5	7	5	7	0	0
17899_sub1	0	1	1	0	0	0	1	0
179_sub0	0	1	0	1	0	0	0	1
179_sub1	0	2	2	0	0	0	2	0
179_sub2	0	1	0	1	0	0	0	1
179_sub3	0	1	0	1	0	0	0	1
179_sub4	0	1	0	1	0	0	0	1
179_sub5	0	1	0	1	0	0	0	1
17902_sub0	1	22	11	11	10	10	1	1
17902_sub1	0	1	0	1	0	0	0	1
17902_sub2	0	1	0	1	0	0	0	1
17902_sub3	0	1	1	0	0	0	1	0
17902_sub4	0	1	0	1	0	0	0	1
1791_sub0	0	4	0	4	0	0	0	4
1791_sub1	0	1	0	1	0	0	0	1
1791_sub2	0	1	1	0	0	0	1	0
17914_sub0	0	1	1	0	0	0	1	0
17914_sub1	0	1	0	1	0	0	0	1
17914_sub2	0	2	1	1	0	0	1	1
17914_sub3	0	1	0	1	0	0	0	1
17914_sub4	0	1	1	0	0	0	1	0
17914_sub5	0	1	1	0	0	0	1	0
17916_sub0	0	1	1	0	0	0	1	0
17916_sub1	0	1	0	1	0	0	0	1
17916_sub2	0	1	1	0	0	0	1	0
17916_sub3	0	1	0	1	0	0	0	1
17916_sub4	0	1	0	1	0	0	0	1
17916_sub5	0	1	1	0	0	0	1	0
17916_sub6	0	1	0	1	0	0	0	1
17916_sub7	0	1	0	1	0	0	0	1
17916_sub8	0	1	0	1	0	0	0	1
17925_sub0	0	1	1	0	0	0	1	0
17925_sub1	0	1	0	1	0	0	0	1
17925_sub2	0	1	1	0	0	0	1	0
17925_sub3	0	1	1	0	0	0	1	0
17925_sub4	0	1	1	0	0	0	1	0
17925_sub5	0	1	1	0	0	0	1	0
17925_sub6	0	1	1	0	0	0	1	0
17925_sub7	0	1	0	1	0	0	0	1
17936_sub0	0	1	1	0	0	0	1	0
17936_sub1	0	1	1	0	0	0	1	0
17936_sub2	0	1	1	0	0	0	1	0
17936_sub3	0	1	1	0	0	0	1	0
17936_sub4	0	1	0	1	0	0	0	1
17936_sub5	0	1	1	0	0	0	1	0
17936_sub6	0	1	1	0	0	0	1	0
17936_sub7	0	1	1	0	0	0	1	0
17936_sub8	0	1	0	1	0	0	0	1
1794_sub0	1	13	4	9	4	9	0	0
1794_sub1	0	1	0	1	0	0	0	1
1794_sub2	0	1	0	1	0	0	0	1
1794_sub3	0	1	0	1	0	0	0	1
1794_sub4	0	1	0	1	0	0	0	1
17947_sub0	0	1	0	1	0	0	0	1
17947_sub1	0	1	1	0	0	0	1	0
17947_sub2	0	1	1	0	0	0	1	0
17947_sub3	0	1	0	1	0	0	0	1
17947_sub4	0	1	1	0	0	0	1	0
17947_sub5	0	1	0	1	0	0	0	1
17947_sub6	0	1	0	1	0	0	0	1
17952_sub0	0	1	0	1	0	0	0	1
17952_sub1	0	1	1	0	0	0	1	0
17952_sub2	0	5	2	3	0	0	2	3
17952_sub3	0	1	0	1	0	0	0	1
17952_sub4	0	1	0	1	0	0	0	1
17968_sub0	0	1	0	1	0	0	0	1
17968_sub1	0	1	1	0	0	0	1	0
17968_sub2	0	1	0	1	0	0	0	1
17968_sub3	0	2	1	1	0	0	1	1
17968_sub4	0	1	1	0	0	0	1	0
17968_sub5	0	1	1	0	0	0	1	0
17968_sub6	0	1	0	1	0	0	0	1
1797_sub0	1	17	11	6	11	6	0	0
1797_sub1	0	1	0	1	0	0	0	1
1798_sub0	1	17	7	10	7	10	0	0
1798_sub1	0	1	1	0	0	0	1	0
1798_sub2	0	1	0	1	0	0	0	1
1798_sub3	0	1	0	1	0	0	0	1
1798_sub4	0	1	0	1	0	0	0	1
1799_sub0	0	4	2	2	0	0	2	2
1799_sub1	0	1	1	0	0	0	1	0
1799_sub2	0	1	1	0	0	0	1	0
1799_sub3	0	1	1	0	0	0	1	0
1799_sub4	0	1	0	1	0	0	0	1
18_sub0	0	1	0	1	0	0	0	1
18_sub1	0	1	0	1	0	0	0	1
18_sub2	0	1	0	1	0	0	0	1
18_sub3	1	11	7	4	7	4	0	0
18_sub4	0	1	1	0	0	0	1	0
18_sub5	0	1	1	0	0	0	1	0
18_sub6	0	1	0	1	0	0	0	1
18_sub7	0	1	0	1	0	0	0	1
180_sub0	0	1	0	1	0	0	0	1
180_sub1	0	1	0	1	0	0	0	1
180_sub2	0	1	1	0	0	0	1	0
180_sub3	1	11	8	3	8	3	0	0
180_sub4	0	1	0	1	0	0	0	1
180_sub5	0	1	0	1	0	0	0	1
180_sub6	0	1	1	0	0	0	1	0
18004_sub0	0	1	1	0	0	0	1	0
18004_sub1	0	1	0	1	0	0	0	1
18004_sub2	0	1	0	1	0	0	0	1
18004_sub3	0	1	1	0	0	0	1	0
18004_sub4	0	1	0	1	0	0	0	1
18004_sub5	0	1	1	0	0	0	1	0
18006_sub0	0	3	2	1	0	0	2	1
18006_sub1	0	1	0	1	0	0	0	1
18006_sub2	0	1	1	0	0	0	1	0
18006_sub3	0	1	0	1	0	0	0	1
18006_sub4	0	1	0	1	0	0	0	1
18009_sub0	0	1	0	1	0	0	0	1
18009_sub1	0	1	0	1	0	0	0	1
18009_sub2	0	1	0	1	0	0	0	1
18009_sub3	0	1	0	1	0	0	0	1
18009_sub4	0	1	0	1	0	0	0	1
18009_sub5	0	1	1	0	0	0	1	0
1801_sub0	1	13	8	5	8	5	0	0
1801_sub1	0	1	0	1	0	0	0	1
1801_sub2	0	1	1	0	0	0	1	0
1801_sub3	0	1	1	0	0	0	1	0
18028_sub0	1	8	7	1	7	1	0	0
18028_sub1	0	1	1	0	0	0	1	0
18029_sub0	0	1	0	1	0	0	0	1
18029_sub1	0	1	1	0	0	0	1	0
18029_sub2	0	1	1	0	0	0	1	0
18029_sub3	0	1	1	0	0	0	1	0
18029_sub4	0	1	1	0	0	0	1	0
18029_sub5	0	1	1	0	0	0	1	0
18076_sub0	1	14	3	11	3	11	0	0
18076_sub1	0	1	1	0	0	0	1	0
1808_sub0	0	1	0	1	0	0	0	1
1808_sub1	0	1	0	1	0	0	0	1
1808_sub2	0	1	0	1	0	0	0	1
1808_sub3	0	1	0	1	0	0	0	1
1808_sub4	0	1	1	0	0	0	1	0
1808_sub5	0	1	0	1	0	0	0	1
18086_sub0	1	8	6	2	6	2	0	0
18086_sub1	0	1	1	0	0	0	1	0
18086_sub2	0	1	0	1	0	0	0	1
18090_sub0	0	1	0	1	0	0	0	1
18090_sub1	0	1	0	1	0	0	0	1
18090_sub2	0	1	1	0	0	0	1	0
18090_sub3	0	1	0	1	0	0	0	1
18090_sub4	0	1	0	1	0	0	0	1
18090_sub5	0	1	1	0	0	0	1	0
18090_sub6	0	1	0	1	0	0	0	1
18093_sub0	0	1	0	1	0	0	0	1
18093_sub1	0	1	0	1	0	0	0	1
18093_sub2	0	1	0	1	0	0	0	1
18093_sub3	0	1	1	0	0	0	1	0
18093_sub4	0	1	0	1	0	0	0	1
18093_sub5	0	1	1	0	0	0	1	0
18095_sub0	0	1	0	1	0	0	0	1
18095_sub1	0	1	1	0	0	0	1	0
18095_sub2	0	1	0	1	0	0	0	1
18095_sub3	0	1	1	0	0	0	1	0
18095_sub4	0	1	0	1	0	0	0	1
18095_sub5	0	1	1	0	0	0	1	0
18109_sub0	0	1	1	0	0	0	1	0
18109_sub1	0	1	0	1	0	0	0	1
18109_sub2	0	1	1	0	0	0	1	0
18109_sub3	0	1	1	0	0	0	1	0
18109_sub4	0	1	1	0	0	0	1	0
18109_sub5	0	1	1	0	0	0	1	0
18114_sub0	0	1	0	1	0	0	0	1
18114_sub1	1	9	8	1	8	1	0	0
18114_sub2	0	1	0	1	0	0	0	1
18114_sub3	0	1	0	1	0	0	0	1
18114_sub4	0	1	0	1	0	0	0	1
18114_sub5	0	1	0	1	0	0	0	1
18114_sub6	0	1	1	0	0	0	1	0
18117_sub0	1	11	4	7	4	7	0	0
18117_sub1	0	1	0	1	0	0	0	1
18117_sub2	0	1	1	0	0	0	1	0
1812_sub0	1	8	5	3	5	3	0	0
1812_sub1	0	1	1	0	0	0	1	0
1812_sub2	0	1	1	0	0	0	1	0
18143_sub0	0	1	0	1	0	0	0	1
18143_sub1	0	1	0	1	0	0	0	1
18143_sub2	0	1	1	0	0	0	1	0
18143_sub3	0	1	0	1	0	0	0	1
18143_sub4	0	1	1	0	0	0	1	0
18143_sub5	0	1	1	0	0	0	1	0
1815_sub0	0	1	0	1	0	0	0	1
1815_sub1	0	1	0	1	0	0	0	1
1815_sub2	0	1	0	1	0	0	0	1
1815_sub3	0	1	0	1	0	0	0	1
1815_sub4	0	1	1	0	0	0	1	0
1815_sub5	0	1	1	0	0	0	1	0
1815_sub6	0	1	1	0	0	0	1	0
18155_sub0	0	1	1	0	0	0	1	0
18155_sub1	0	1	1	0	0	0	1	0
18155_sub2	0	1	1	0	0	0	1	0
18155_sub3	0	1	1	0	0	0	1	0
18155_sub4	0	1	1	0	0	0	1	0
18155_sub5	0	1	1	0	0	0	1	0
18155_sub6	0	1	1	0	0	0	1	0
18155_sub7	0	1	0	1	0	0	0	1
18172_sub0	0	1	1	0	0	0	1	0
18172_sub1	0	1	0	1	0	0	0	1
18172_sub2	0	1	1	0	0	0	1	0
18172_sub3	0	1	1	0	0	0	1	0
18172_sub4	0	1	1	0	0	0	1	0
18172_sub5	0	1	1	0	0	0	1	0
18173_sub0	0	4	1	3	0	0	1	3
18173_sub1	0	1	0	1	0	0	0	1
18173_sub2	0	1	1	0	0	0	1	0
18223_sub0	0	1	1	0	0	0	1	0
18223_sub1	0	5	4	1	0	0	4	1
18223_sub2	0	1	1	0	0	0	1	0
18223_sub3	0	1	0	1	0	0	0	1
18223_sub4	0	1	0	1	0	0	0	1
18223_sub5	0	1	1	0	0	0	1	0
18223_sub6	0	1	0	1	0	0	0	1
18228_sub0	1	7	4	3	4	3	0	0
18228_sub1	0	1	0	1	0	0	0	1
18228_sub2	0	1	0	1	0	0	0	1
18234_sub0	0	1	0	1	0	0	0	1
18234_sub1	0	5	0	5	0	0	0	5
18234_sub2	0	1	0	1	0	0	0	1
1825_sub0	0	1	0	1	0	0	0	1
1825_sub1	1	12	7	5	7	5	0	0
1825_sub2	0	1	0	1	0	0	0	1
1825_sub3	0	1	0	1	0	0	0	1
18250_sub0	0	1	1	0	0	0	1	0
18250_sub1	0	1	0	1	0	0	0	1
18250_sub2	0	1	1	0	0	0	1	0
18250_sub3	0	1	0	1	0	0	0	1
18250_sub4	0	1	0	1	0	0	0	1
18250_sub5	0	2	1	1	0	0	1	1
18263_sub0	0	1	0	1	0	0	0	1
18263_sub1	0	1	1	0	0	0	1	0
18263_sub2	0	1	0	1	0	0	0	1
18263_sub3	0	1	1	0	0	0	1	0
18263_sub4	0	1	0	1	0	0	0	1
18263_sub5	0	1	1	0	0	0	1	0
1827_sub0	0	1	0	1	0	0	0	1
1827_sub1	0	1	0	1	0	0	0	1
1827_sub2	1	6	3	3	3	3	0	0
1827_sub3	0	1	0	1	0	0	0	1
1828_sub0	1	9	2	7	2	7	0	0
18288_sub0	0	2	1	1	0	0	1	1
18288_sub1	0	1	1	0	0	0	1	0
18288_sub2	0	1	1	0	0	0	1	0
18288_sub3	0	1	0	1	0	0	0	1
18288_sub4	0	1	0	1	0	0	0	1
18296_sub0	0	1	1	0	0	0	1	0
18296_sub1	0	1	0	1	0	0	0	1
18296_sub2	0	1	1	0	0	0	1	0
18296_sub3	0	1	0	1	0	0	0	1
18296_sub4	0	1	1	0	0	0	1	0
18296_sub5	0	1	1	0	0	0	1	0
18296_sub6	0	1	1	0	0	0	1	0
18299_sub0	0	1	1	0	0	0	1	0
18299_sub1	0	1	0	1	0	0	0	1
18299_sub2	0	1	0	1	0	0	0	1
18299_sub3	0	1	0	1	0	0	0	1
18299_sub4	0	1	0	1	0	0	0	1
18299_sub5	0	1	1	0	0	0	1	0
183_sub0	0	1	0	1	0	0	0	1
183_sub1	0	1	0	1	0	0	0	1
183_sub2	0	1	0	1	0	0	0	1
183_sub3	0	1	1	0	0	0	1	0
183_sub4	0	1	1	0	0	0	1	0
183_sub5	0	1	0	1	0	0	0	1
18305_sub0	0	1	1	0	0	0	1	0
18305_sub1	0	1	0	1	0	0	0	1
18305_sub2	0	1	0	1	0	0	0	1
18305_sub3	0	1	1	0	0	0	1	0
18305_sub4	0	1	0	1	0	0	0	1
18305_sub5	0	1	1	0	0	0	1	0
18311_sub0	0	1	1	0	0	0	1	0
18311_sub1	0	1	0	1	0	0	0	1
18311_sub2	0	1	0	1	0	0	0	1
18311_sub3	0	1	1	0	0	0	1	0
18311_sub4	0	1	1	0	0	0	1	0
18311_sub5	0	1	1	0	0	0	1	0
18311_sub6	0	1	1	0	0	0	1	0
18311_sub7	0	1	1	0	0	0	1	0
1832_sub0	1	8	2	6	2	6	0	0
1832_sub1	0	1	0	1	0	0	0	1
1832_sub2	0	1	1	0	0	0	1	0
1832_sub3	0	1	1	0	0	0	1	0
1832_sub4	0	1	1	0	0	0	1	0
1832_sub5	0	1	1	0	0	0	1	0
1832_sub6	0	1	0	1	0	0	0	1
18321_sub0	1	6	6	0	6	0	0	0
18321_sub1	0	1	0	1	0	0	0	1
18321_sub2	0	1	0	1	0	0	0	1
18321_sub3	0	1	0	1	0	0	0	1
1834_sub0	0	1	0	1	0	0	0	1
1834_sub1	1	7	5	2	5	2	0	0
1834_sub2	0	1	1	0	0	0	1	0
1834_sub3	0	1	0	1	0	0	0	1
1834_sub4	0	1	0	1	0	0	0	1
18349_sub0	0	1	1	0	0	0	1	0
18349_sub1	0	1	0	1	0	0	0	1
18349_sub2	0	1	0	1	0	0	0	1
18349_sub3	0	1	1	0	0	0	1	0
18349_sub4	0	1	0	1	0	0	0	1
18349_sub5	0	1	0	1	0	0	0	1
1835_sub0	1	21	14	7	13	7	1	0
1835_sub1	0	1	0	1	0	0	0	1
1835_sub2	0	1	1	0	0	0	1	0
1835_sub3	0	1	1	0	0	0	1	0
1835_sub4	0	1	0	1	0	0	0	1
1835_sub5	0	1	1	0	0	0	1	0
1835_sub6	0	1	1	0	0	0	1	0
18357_sub0	0	1	1	0	0	0	1	0
18357_sub1	1	8	4	4	4	4	0	0
18357_sub2	0	1	0	1	0	0	0	1
18357_sub3	0	1	0	1	0	0	0	1
1836_sub0	0	1	0	1	0	0	0	1
1836_sub1	0	1	1	0	0	0	1	0
1836_sub2	0	1	0	1	0	0	0	1
1836_sub3	0	1	0	1	0	0	0	1
1836_sub4	0	1	1	0	0	0	1	0
1836_sub5	0	1	0	1	0	0	0	1
1836_sub6	0	1	1	0	0	0	1	0
1836_sub7	0	1	0	1	0	0	0	1
1838_sub0	0	1	0	1	0	0	0	1
1838_sub1	1	9	6	3	6	3	0	0
18383_sub0	1	9	2	7	2	7	0	0
18383_sub1	0	1	1	0	0	0	1	0
1841_sub0	1	8	4	4	4	4	0	0
1841_sub1	0	1	1	0	0	0	1	0
1841_sub2	0	1	0	1	0	0	0	1
1842_sub0	0	1	0	1	0	0	0	1
1842_sub1	0	1	0	1	0	0	0	1
1842_sub2	0	5	1	4	0	0	1	4
1842_sub3	0	1	0	1	0	0	0	1
1842_sub4	0	1	0	1	0	0	0	1
1844_sub0	0	1	1	0	0	0	1	0
1844_sub1	0	1	0	1	0	0	0	1
1844_sub2	1	7	4	3	4	3	0	0
18448_sub0	0	1	0	1	0	0	0	1
18448_sub1	1	11	6	5	6	5	0	0
18448_sub2	0	1	1	0	0	0	1	0
18473_sub0	1	8	6	2	6	2	0	0
18473_sub1	0	1	1	0	0	0	1	0
18473_sub2	0	1	1	0	0	0	1	0
18473_sub3	0	1	0	1	0	0	0	1
18473_sub4	0	1	1	0	0	0	1	0
18473_sub5	0	1	0	1	0	0	0	1
18473_sub6	0	1	0	1	0	0	0	1
18484_sub0	0	1	1	0	0	0	1	0
18484_sub1	0	1	0	1	0	0	0	1
18484_sub2	0	1	0	1	0	0	0	1
18484_sub3	0	1	0	1	0	0	0	1
18484_sub4	0	1	0	1	0	0	0	1
18484_sub5	0	1	1	0	0	0	1	0
18486_sub0	0	1	1	0	0	0	1	0
18486_sub1	0	1	0	1	0	0	0	1
18486_sub2	1	8	7	1	7	1	0	0
18486_sub3	0	1	0	1	0	0	0	1
18486_sub4	0	1	0	1	0	0	0	1
1849_sub0	1	8	3	5	3	5	0	0
1849_sub1	0	1	1	0	0	0	1	0
1849_sub2	0	1	0	1	0	0	0	1
1849_sub3	0	1	1	0	0	0	1	0
1849_sub4	0	1	0	1	0	0	0	1
18494_sub0	1	8	3	5	3	5	0	0
18494_sub1	0	1	1	0	0	0	1	0
18494_sub2	0	1	0	1	0	0	0	1
18494_sub3	0	1	1	0	0	0	1	0
18516_sub0	0	1	0	1	0	0	0	1
18516_sub1	0	1	0	1	0	0	0	1
18516_sub2	0	1	1	0	0	0	1	0
18516_sub3	0	1	0	1	0	0	0	1
18516_sub4	0	1	1	0	0	0	1	0
18516_sub5	0	1	0	1	0	0	0	1
18516_sub6	0	1	0	1	0	0	0	1
18528_sub0	0	1	1	0	0	0	1	0
18528_sub1	0	1	0	1	0	0	0	1
18528_sub2	0	1	1	0	0	0	1	0
18528_sub3	0	1	0	1	0	0	0	1
18528_sub4	0	1	0	1	0	0	0	1
18528_sub5	0	1	0	1	0	0	0	1
18528_sub6	0	1	1	0	0	0	1	0
1853_sub0	0	1	0	1	0	0	0	1
1853_sub1	1	10	3	7	3	7	0	0
1853_sub2	0	1	1	0	0	0	1	0
18538_sub0	0	1	1	0	0	0	1	0
18538_sub1	0	1	1	0	0	0	1	0
18538_sub2	0	1	0	1	0	0	0	1
18538_sub3	0	1	0	1	0	0	0	1
18538_sub4	0	1	1	0	0	0	1	0
18538_sub5	0	1	0	1	0	0	0	1
18543_sub0	0	1	1	0	0	0	1	0
18543_sub1	1	10	6	4	6	4	0	0
18543_sub2	0	1	0	1	0	0	0	1
18543_sub3	0	1	0	1	0	0	0	1
1856_sub0	1	17	5	12	5	12	0	0
1856_sub1	0	1	1	0	0	0	1	0
1856_sub2	0	1	1	0	0	0	1	0
1856_sub3	0	1	1	0	0	0	1	0
1856_sub4	0	1	0	1	0	0	0	1
1856_sub5	0	1	0	1	0	0	0	1
1856_sub6	0	1	0	1	0	0	0	1
1857_sub0	0	1	0	1	0	0	0	1
1857_sub1	1	11	6	5	6	5	0	0
1857_sub2	0	1	0	1	0	0	0	1
18571_sub0	0	1	0	1	0	0	0	1
18571_sub1	0	1	0	1	0	0	0	1
18571_sub2	0	1	1	0	0	0	1	0
18571_sub3	0	1	0	1	0	0	0	1
18571_sub4	0	1	0	1	0	0	0	1
18571_sub5	0	1	0	1	0	0	0	1
18573_sub0	1	6	2	4	2	4	0	0
18573_sub1	0	1	1	0	0	0	1	0
18573_sub2	0	1	1	0	0	0	1	0
186_sub0	0	1	1	0	0	0	1	0
186_sub1	0	1	1	0	0	0	1	0
186_sub2	0	1	0	1	0	0	0	1
186_sub3	0	1	1	0	0	0	1	0
186_sub4	0	1	1	0	0	0	1	0
186_sub5	0	1	0	1	0	0	0	1
1860_sub0	1	7	4	3	4	3	0	0
1860_sub1	0	1	1	0	0	0	1	0
18604_sub0	0	1	0	1	0	0	0	1
18604_sub1	0	1	1	0	0	0	1	0
18604_sub2	0	1	0	1	0	0	0	1
18604_sub3	0	1	0	1	0	0	0	1
18604_sub4	0	1	1	0	0	0	1	0
18604_sub5	0	1	1	0	0	0	1	0
1861_sub0	0	1	0	1	0	0	0	1
1861_sub1	0	1	1	0	0	0	1	0
1861_sub2	0	1	1	0	0	0	1	0
1861_sub3	0	1	1	0	0	0	1	0
1861_sub4	0	1	0	1	0	0	0	1
1861_sub5	0	1	1	0	0	0	1	0
1862_sub0	1	12	5	7	5	7	0	0
1862_sub1	0	1	1	0	0	0	1	0
1862_sub2	0	1	1	0	0	0	1	0
1862_sub3	0	1	0	1	0	0	0	1
18639_sub0	0	3	1	2	0	0	1	2
18639_sub1	0	1	1	0	0	0	1	0
18639_sub2	0	1	0	1	0	0	0	1
18639_sub3	0	1	0	1	0	0	0	1
18655_sub0	0	1	0	1	0	0	0	1
18655_sub1	0	1	0	1	0	0	0	1
18655_sub2	0	1	1	0	0	0	1	0
18655_sub3	0	1	1	0	0	0	1	0
18655_sub4	0	1	1	0	0	0	1	0
18655_sub5	0	1	1	0	0	0	1	0
18655_sub6	0	1	1	0	0	0	1	0
18655_sub7	0	1	1	0	0	0	1	0
18655_sub8	0	1	1	0	0	0	1	0
18675_sub0	1	12	4	8	4	8	0	0
18675_sub1	0	1	0	1	0	0	0	1
1868_sub0	0	1	1	0	0	0	1	0
1868_sub1	1	16	6	10	6	10	0	0
1868_sub2	0	1	1	0	0	0	1	0
1868_sub3	0	1	1	0	0	0	1	0
1868_sub4	0	1	0	1	0	0	0	1
1869_sub0	1	9	3	6	3	6	0	0
1869_sub1	0	1	1	0	0	0	1	0
1869_sub2	0	1	1	0	0	0	1	0
1869_sub3	0	1	1	0	0	0	1	0
1869_sub4	0	1	0	1	0	0	0	1
1870_sub0	0	1	0	1	0	0	0	1
1870_sub1	0	1	1	0	0	0	1	0
1870_sub2	0	1	0	1	0	0	0	1
1870_sub3	1	10	5	5	5	5	0	0
1870_sub4	0	1	1	0	0	0	1	0
1870_sub5	0	1	1	0	0	0	1	0
1870_sub6	0	1	1	0	0	0	1	0
1870_sub7	0	1	0	1	0	0	0	1
18726_sub0	0	1	0	1	0	0	0	1
18726_sub1	0	1	1	0	0	0	1	0
18726_sub2	0	1	1	0	0	0	1	0
18726_sub3	0	1	0	1	0	0	0	1
18726_sub4	0	1	1	0	0	0	1	0
18726_sub5	0	1	0	1	0	0	0	1
18749_sub0	0	1	0	1	0	0	0	1
18749_sub1	0	5	4	1	0	0	4	1
18759_sub0	1	6	3	3	3	3	0	0
18759_sub1	0	1	1	0	0	0	1	0
18759_sub2	0	1	0	1	0	0	0	1
1876_sub0	1	13	4	9	4	9	0	0
1877_sub0	0	1	0	1	0	0	0	1
1877_sub1	1	12	8	4	8	4	0	0
1878_sub0	1	9	4	5	4	5	0	0
1878_sub1	0	1	0	1	0	0	0	1
18799_sub0	1	14	7	7	7	7	0	0
18799_sub1	0	1	0	1	0	0	0	1
18799_sub2	0	1	0	1	0	0	0	1
18799_sub3	0	1	1	0	0	0	1	0
188_sub0	0	1	1	0	0	0	1	0
188_sub1	1	10	1	9	1	9	0	0
188_sub2	0	1	0	1	0	0	0	1
188_sub3	0	1	1	0	0	0	1	0
188_sub4	0	1	0	1	0	0	0	1
1883_sub0	1	14	8	6	8	6	0	0
1883_sub1	0	1	0	1	0	0	0	1
1883_sub2	0	1	0	1	0	0	0	1
1883_sub3	0	1	0	1	0	0	0	1
1883_sub4	0	1	1	0	0	0	1	0
18830_sub0	0	5	1	4	0	0	1	4
18830_sub1	0	1	0	1	0	0	0	1
18830_sub2	0	1	1	0	0	0	1	0
1884_sub0	0	1	1	0	0	0	1	0
1884_sub1	1	12	7	5	7	5	0	0
1884_sub2	0	1	0	1	0	0	0	1
1884_sub3	0	1	0	1	0	0	0	1
18844_sub0	0	1	1	0	0	0	1	0
18844_sub1	0	1	1	0	0	0	1	0
18844_sub2	0	1	0	1	0	0	0	1
18844_sub3	0	1	1	0	0	0	1	0
18844_sub4	0	1	0	1	0	0	0	1
18844_sub5	0	1	1	0	0	0	1	0
18859_sub0	0	1	0	1	0	0	0	1
18859_sub1	0	1	1	0	0	0	1	0
18859_sub2	0	1	0	1	0	0	0	1
18859_sub3	0	1	0	1	0	0	0	1
18859_sub4	0	1	1	0	0	0	1	0
18859_sub5	0	1	1	0	0	0	1	0
18859_sub6	0	1	0	1	0	0	0	1
1886_sub0	1	11	6	5	6	5	0	0
1886_sub1	0	1	0	1	0	0	0	1
1886_sub2	0	1	1	0	0	0	1	0
18860_sub0	0	5	3	2	0	0	3	2
18860_sub1	0	1	0	1	0	0	0	1
18860_sub2	0	1	0	1	0	0	0	1
18860_sub3	0	1	0	1	0	0	0	1
1888_sub0	1	18	11	7	11	7	0	0
1888_sub1	0	1	0	1	0	0	0	1
1888_sub2	0	1	0	1	0	0	0	1
1888_sub3	0	1	0	1	0	0	0	1
1888_sub4	0	1	0	1	0	0	0	1
18901_sub0	0	5	2	3	0	0	2	3
18901_sub1	0	1	0	1	0	0	0	1
18901_sub2	0	1	1	0	0	0	1	0
18903_sub0	0	1	1	0	0	0	1	0
18903_sub1	1	11	6	5	6	5	0	0
18903_sub2	0	1	0	1	0	0	0	1
18924_sub0	0	1	1	0	0	0	1	0
18924_sub1	0	1	1	0	0	0	1	0
18924_sub2	0	1	1	0	0	0	1	0
18924_sub3	0	1	0	1	0	0	0	1
18924_sub4	0	1	0	1	0	0	0	1
18924_sub5	0	1	1	0	0	0	1	0
1893_sub0	0	2	1	1	0	0	1	1
1893_sub1	0	1	1	0	0	0	1	0
1893_sub2	0	1	1	0	0	0	1	0
1893_sub3	0	1	1	0	0	0	1	0
1893_sub4	0	1	0	1	0	0	0	1
1893_sub5	0	1	1	0	0	0	1	0
18939_sub0	0	1	0	1	0	0	0	1
18939_sub1	0	1	1	0	0	0	1	0
18939_sub2	0	1	1	0	0	0	1	0
18939_sub3	0	1	0	1	0	0	0	1
18939_sub4	0	1	0	1	0	0	0	1
18939_sub5	0	1	0	1	0	0	0	1
1895_sub0	1	19	5	14	5	14	0	0
1895_sub1	0	1	0	1	0	0	0	1
1895_sub2	0	1	1	0	0	0	1	0
1895_sub3	0	1	1	0	0	0	1	0
1895_sub4	0	1	0	1	0	0	0	1
1895_sub5	0	1	1	0	0	0	1	0
18951_sub0	0	2	2	0	0	0	2	0
18951_sub1	0	1	0	1	0	0	0	1
18951_sub2	0	1	0	1	0	0	0	1
18951_sub3	0	1	1	0	0	0	1	0
18951_sub4	0	1	1	0	0	0	1	0
18975_sub0	0	1	1	0	0	0	1	0
18975_sub1	0	1	1	0	0	0	1	0
18975_sub2	0	1	0	1	0	0	0	1
18975_sub3	0	1	1	0	0	0	1	0
18975_sub4	0	1	1	0	0	0	1	0
18975_sub5	0	1	1	0	0	0	1	0
18985_sub0	0	1	0	1	0	0	0	1
18985_sub1	1	6	2	4	2	4	0	0
18985_sub2	0	1	0	1	0	0	0	1
18985_sub3	0	1	1	0	0	0	1	0
1899_sub0	0	1	0	1	0	0	0	1
1899_sub1	1	12	6	6	6	6	0	0
19000_sub0	0	1	0	1	0	0	0	1
19000_sub1	0	1	0	1	0	0	0	1
19000_sub2	0	1	1	0	0	0	1	0
19000_sub3	0	1	0	1	0	0	0	1
19000_sub4	0	1	1	0	0	0	1	0
19000_sub5	0	1	1	0	0	0	1	0
19017_sub0	0	1	1	0	0	0	1	0
19017_sub1	0	1	0	1	0	0	0	1
19017_sub2	0	1	0	1	0	0	0	1
19017_sub3	0	1	1	0	0	0	1	0
19017_sub4	0	1	0	1	0	0	0	1
19017_sub5	0	1	1	0	0	0	1	0
19047_sub0	0	1	0	1	0	0	0	1
19047_sub1	0	1	1	0	0	0	1	0
19047_sub2	0	2	0	2	0	0	0	2
19047_sub3	0	1	0	1	0	0	0	1
19047_sub4	0	1	1	0	0	0	1	0
19049_sub0	0	1	1	0	0	0	1	0
19049_sub1	0	1	0	1	0	0	0	1
19049_sub2	0	1	0	1	0	0	0	1
19049_sub3	0	1	1	0	0	0	1	0
19049_sub4	0	1	1	0	0	0	1	0
19049_sub5	0	1	1	0	0	0	1	0
19049_sub6	0	1	1	0	0	0	1	0
19049_sub7	0	1	1	0	0	0	1	0
19049_sub8	0	1	0	1	0	0	0	1
1905_sub0	1	7	3	4	3	4	0	0
19052_sub0	0	1	0	1	0	0	0	1
19052_sub1	0	5	2	3	0	0	2	3
1906_sub0	0	1	0	1	0	0	0	1
1906_sub1	1	8	8	0	8	0	0	0
1906_sub2	0	1	1	0	0	0	1	0
1906_sub3	0	1	1	0	0	0	1	0
1906_sub4	0	1	1	0	0	0	1	0
19061_sub0	0	1	1	0	0	0	1	0
19061_sub1	0	1	0	1	0	0	0	1
19061_sub2	0	1	1	0	0	0	1	0
19061_sub3	0	1	1	0	0	0	1	0
19061_sub4	0	1	1	0	0	0	1	0
19061_sub5	0	1	1	0	0	0	1	0
19063_sub0	0	1	0	1	0	0	0	1
19063_sub1	0	1	0	1	0	0	0	1
19063_sub2	0	1	0	1	0	0	0	1
19063_sub3	0	1	0	1	0	0	0	1
19063_sub4	0	1	1	0	0	0	1	0
19063_sub5	0	1	1	0	0	0	1	0
19063_sub6	0	1	0	1	0	0	0	1
19063_sub7	0	1	0	1	0	0	0	1
19063_sub8	0	1	1	0	0	0	1	0
19063_sub9	0	1	0	1	0	0	0	1
19074_sub0	1	14	5	9	5	9	0	0
19074_sub1	0	1	0	1	0	0	0	1
19074_sub2	0	1	1	0	0	0	1	0
19074_sub3	0	1	1	0	0	0	1	0
19074_sub4	0	1	0	1	0	0	0	1
19078_sub0	0	1	0	1	0	0	0	1
19078_sub1	0	1	0	1	0	0	0	1
19078_sub2	0	1	1	0	0	0	1	0
19078_sub3	0	1	1	0	0	0	1	0
19078_sub4	0	1	1	0	0	0	1	0
19078_sub5	0	1	1	0	0	0	1	0
19078_sub6	0	1	1	0	0	0	1	0
1908_sub0	1	14	6	8	6	8	0	0
1908_sub1	0	1	0	1	0	0	0	1
1908_sub2	0	1	1	0	0	0	1	0
1908_sub3	0	1	1	0	0	0	1	0
1908_sub4	0	1	0	1	0	0	0	1
1909_sub0	0	1	0	1	0	0	0	1
1909_sub1	1	11	7	4	7	4	0	0
1909_sub2	0	1	0	1	0	0	0	1
1909_sub3	0	1	0	1	0	0	0	1
19091_sub0	0	1	1	0	0	0	1	0
19091_sub1	0	1	1	0	0	0	1	0
19091_sub2	1	7	3	4	3	4	0	0
19091_sub3	0	1	0	1	0	0	0	1
19104_sub0	1	13	6	7	6	7	0	0
19104_sub1	0	1	0	1	0	0	0	1
19104_sub2	0	1	0	1	0	0	0	1
19104_sub3	0	1	0	1	0	0	0	1
19104_sub4	0	1	1	0	0	0	1	0
19105_sub0	1	11	3	8	3	8	0	0
1911_sub0	1	21	7	14	7	13	0	1
1911_sub1	0	1	0	1	0	0	0	1
1911_sub2	0	1	0	1	0	0	0	1
1911_sub3	0	1	1	0	0	0	1	0
1911_sub4	0	1	0	1	0	0	0	1
1911_sub5	0	1	1	0	0	0	1	0
1911_sub6	0	1	1	0	0	0	1	0
1911_sub7	0	1	0	1	0	0	0	1
1911_sub8	0	1	0	1	0	0	0	1
1911_sub9	0	1	1	0	0	0	1	0
19112_sub0	0	1	0	1	0	0	0	1
19112_sub1	0	1	0	1	0	0	0	1
19112_sub2	0	1	0	1	0	0	0	1
19112_sub3	0	1	1	0	0	0	1	0
19112_sub4	0	1	0	1	0	0	0	1
19112_sub5	0	1	0	1	0	0	0	1
19112_sub6	0	1	1	0	0	0	1	0
19112_sub7	0	1	0	1	0	0	0	1
19125_sub0	0	1	0	1	0	0	0	1
19125_sub1	0	1	1	0	0	0	1	0
19125_sub2	0	1	1	0	0	0	1	0
19125_sub3	0	1	1	0	0	0	1	0
19125_sub4	0	1	0	1	0	0	0	1
19125_sub5	0	1	0	1	0	0	0	1
1914_sub0	0	1	1	0	0	0	1	0
1914_sub1	0	2	0	2	0	0	0	2
1914_sub2	1	14	5	9	5	9	0	0
1914_sub3	0	1	1	0	0	0	1	0
1914_sub4	0	1	1	0	0	0	1	0
19153_sub0	0	1	1	0	0	0	1	0
19153_sub1	0	1	1	0	0	0	1	0
19153_sub2	0	4	2	2	0	0	2	2
19167_sub0	1	7	4	3	4	3	0	0
19167_sub1	0	1	1	0	0	0	1	0
19167_sub2	0	1	0	1	0	0	0	1
19167_sub3	0	1	0	1	0	0	0	1
19175_sub0	0	1	1	0	0	0	1	0
19175_sub1	0	1	1	0	0	0	1	0
19175_sub2	0	1	0	1	0	0	0	1
19175_sub3	0	1	1	0	0	0	1	0
19175_sub4	0	5	3	2	0	0	3	2
1918_sub0	1	15	9	6	9	6	0	0
1918_sub1	0	1	0	1	0	0	0	1
1918_sub2	0	1	1	0	0	0	1	0
1918_sub3	0	1	1	0	0	0	1	0
1918_sub4	0	1	1	0	0	0	1	0
1918_sub5	0	1	1	0	0	0	1	0
1918_sub6	0	1	1	0	0	0	1	0
19185_sub0	1	8	7	1	7	1	0	0
19185_sub1	0	1	0	1	0	0	0	1
19197_sub0	0	1	0	1	0	0	0	1
19197_sub1	0	1	1	0	0	0	1	0
19197_sub2	0	1	1	0	0	0	1	0
19197_sub3	0	1	1	0	0	0	1	0
19197_sub4	0	1	0	1	0	0	0	1
19197_sub5	0	1	1	0	0	0	1	0
1920_sub0	0	1	0	1	0	0	0	1
1920_sub1	1	16	4	12	4	12	0	0
1920_sub2	0	1	0	1	0	0	0	1
19200_sub0	0	1	1	0	0	0	1	0
19200_sub1	0	4	0	4	0	0	0	4
19200_sub2	0	1	1	0	0	0	1	0
19200_sub3	0	1	1	0	0	0	1	0
19201_sub0	0	1	0	1	0	0	0	1
19201_sub1	0	1	1	0	0	0	1	0
19201_sub2	0	1	0	1	0	0	0	1
19201_sub3	0	1	0	1	0	0	0	1
19201_sub4	0	1	1	0	0	0	1	0
19201_sub5	0	1	1	0	0	0	1	0
19219_sub0	0	1	0	1	0	0	0	1
19219_sub1	0	1	1	0	0	0	1	0
19219_sub2	0	1	0	1	0	0	0	1
19219_sub3	0	1	1	0	0	0	1	0
19219_sub4	0	1	1	0	0	0	1	0
19219_sub5	0	1	0	1	0	0	0	1
19219_sub6	0	1	0	1	0	0	0	1
19225_sub0	1	14	6	8	6	8	0	0
19225_sub1	0	1	0	1	0	0	0	1
19225_sub2	0	1	0	1	0	0	0	1
19225_sub3	0	1	0	1	0	0	0	1
19225_sub4	0	1	1	0	0	0	1	0
19247_sub0	0	1	1	0	0	0	1	0
19247_sub1	0	1	0	1	0	0	0	1
19247_sub2	0	1	0	1	0	0	0	1
19247_sub3	0	1	1	0	0	0	1	0
19247_sub4	0	1	1	0	0	0	1	0
19247_sub5	0	1	0	1	0	0	0	1
19250_sub0	0	1	0	1	0	0	0	1
19250_sub1	1	11	8	3	8	3	0	0
19253_sub0	0	1	0	1	0	0	0	1
19253_sub1	0	1	0	1	0	0	0	1
19253_sub2	0	1	1	0	0	0	1	0
19253_sub3	0	1	0	1	0	0	0	1
19253_sub4	0	1	1	0	0	0	1	0
19253_sub5	0	1	1	0	0	0	1	0
19253_sub6	0	1	0	1	0	0	0	1
19254_sub0	0	5	3	2	0	0	3	2
19254_sub1	0	1	0	1	0	0	0	1
19254_sub2	0	1	1	0	0	0	1	0
19254_sub3	0	1	0	1	0	0	0	1
19254_sub4	0	1	1	0	0	0	1	0
19254_sub5	0	1	0	1	0	0	0	1
19254_sub6	0	1	1	0	0	0	1	0
19266_sub0	0	2	1	1	0	0	1	1
19266_sub1	0	1	1	0	0	0	1	0
19266_sub2	0	1	0	1	0	0	0	1
19266_sub3	0	1	1	0	0	0	1	0
19266_sub4	0	1	1	0	0	0	1	0
19284_sub0	0	1	0	1	0	0	0	1
19284_sub1	0	1	1	0	0	0	1	0
19284_sub2	0	1	1	0	0	0	1	0
19284_sub3	0	1	1	0	0	0	1	0
19284_sub4	0	1	1	0	0	0	1	0
19284_sub5	0	1	0	1	0	0	0	1
19285_sub0	1	8	3	5	3	5	0	0
19285_sub1	0	1	1	0	0	0	1	0
19293_sub0	0	5	1	4	0	0	1	4
19293_sub1	0	1	0	1	0	0	0	1
193_sub0	0	1	0	1	0	0	0	1
193_sub1	1	10	3	7	3	7	0	0
193_sub2	0	1	1	0	0	0	1	0
193_sub3	0	1	0	1	0	0	0	1
19313_sub0	1	7	3	4	3	4	0	0
19313_sub1	0	1	0	1	0	0	0	1
19323_sub0	0	1	0	1	0	0	0	1
19323_sub1	1	8	5	3	5	3	0	0
19329_sub0	0	1	1	0	0	0	1	0
19329_sub1	0	1	1	0	0	0	1	0
19329_sub2	0	1	1	0	0	0	1	0
19329_sub3	0	1	1	0	0	0	1	0
19329_sub4	0	1	1	0	0	0	1	0
19329_sub5	0	1	0	1	0	0	0	1
19331_sub0	0	4	2	2	0	0	2	2
19331_sub1	0	1	0	1	0	0	0	1
19331_sub2	0	1	1	0	0	0	1	0
1934_sub0	0	1	0	1	0	0	0	1
1934_sub1	1	8	4	4	4	4	0	0
1934_sub2	0	1	1	0	0	0	1	0
1935_sub0	0	1	0	1	0	0	0	1
1935_sub1	0	1	0	1	0	0	0	1
1935_sub2	0	1	1	0	0	0	1	0
1935_sub3	1	24	12	12	10	10	2	2
1935_sub4	0	1	0	1	0	0	0	1
1935_sub5	0	1	1	0	0	0	1	0
1935_sub6	0	1	0	1	0	0	0	1
19351_sub0	0	1	0	1	0	0	0	1
19351_sub1	0	1	1	0	0	0	1	0
19351_sub2	0	1	1	0	0	0	1	0
19351_sub3	0	1	0	1	0	0	0	1
19351_sub4	0	1	1	0	0	0	1	0
19351_sub5	0	1	0	1	0	0	0	1
1937_sub0	0	1	0	1	0	0	0	1
1937_sub1	0	3	0	3	0	0	0	3
1937_sub2	0	1	1	0	0	0	1	0
1937_sub3	0	1	1	0	0	0	1	0
1937_sub4	0	1	1	0	0	0	1	0
19374_sub0	0	1	1	0	0	0	1	0
19374_sub1	0	1	0	1	0	0	0	1
19374_sub2	0	1	0	1	0	0	0	1
19374_sub3	0	1	1	0	0	0	1	0
19374_sub4	0	1	1	0	0	0	1	0
19374_sub5	0	1	0	1	0	0	0	1
19376_sub0	0	2	1	1	0	0	1	1
19376_sub1	0	1	0	1	0	0	0	1
19376_sub2	0	1	1	0	0	0	1	0
19376_sub3	0	1	1	0	0	0	1	0
19376_sub4	0	1	1	0	0	0	1	0
19376_sub5	0	1	0	1	0	0	0	1
19406_sub0	1	7	2	5	2	5	0	0
19406_sub1	0	1	1	0	0	0	1	0
19406_sub2	0	1	0	1	0	0	0	1
19406_sub3	0	1	1	0	0	0	1	0
1941_sub0	0	1	0	1	0	0	0	1
1941_sub1	0	1	1	0	0	0	1	0
1941_sub2	0	1	0	1	0	0	0	1
1941_sub3	1	6	3	3	3	3	0	0
1941_sub4	0	1	1	0	0	0	1	0
1942_sub0	1	23	11	12	10	10	1	2
1942_sub1	0	1	0	1	0	0	0	1
1942_sub2	0	1	1	0	0	0	1	0
1942_sub3	0	1	0	1	0	0	0	1
1942_sub4	0	1	1	0	0	0	1	0
19423_sub0	0	1	1	0	0	0	1	0
19423_sub1	0	1	0	1	0	0	0	1
19423_sub2	0	1	0	1	0	0	0	1
19423_sub3	0	1	1	0	0	0	1	0
19423_sub4	0	1	1	0	0	0	1	0
19423_sub5	0	1	1	0	0	0	1	0
19433_sub0	0	1	1	0	0	0	1	0
19433_sub1	1	10	5	5	5	5	0	0
1944_sub0	1	17	4	13	4	13	0	0
1944_sub1	0	1	1	0	0	0	1	0
1944_sub2	0	1	1	0	0	0	1	0
1944_sub3	0	1	1	0	0	0	1	0
1944_sub4	0	1	0	1	0	0	0	1
1944_sub5	0	1	0	1	0	0	0	1
1944_sub6	0	1	1	0	0	0	1	0
1944_sub7	0	1	0	1	0	0	0	1
1944_sub8	0	1	0	1	0	0	0	1
19462_sub0	0	1	0	1	0	0	0	1
19462_sub1	1	6	3	3	3	3	0	0
19464_sub0	1	13	5	8	5	8	0	0
19464_sub1	0	1	0	1	0	0	0	1
19464_sub2	0	1	0	1	0	0	0	1
19476_sub0	1	8	4	4	4	4	0	0
19476_sub1	0	1	0	1	0	0	0	1
19476_sub2	0	1	1	0	0	0	1	0
19476_sub3	0	1	1	0	0	0	1	0
19477_sub0	0	1	0	1	0	0	0	1
19477_sub1	1	11	5	6	5	6	0	0
19477_sub2	0	1	0	1	0	0	0	1
19477_sub3	0	1	1	0	0	0	1	0
19477_sub4	0	1	0	1	0	0	0	1
19479_sub0	1	10	7	3	7	3	0	0
1948_sub0	1	14	9	5	9	5	0	0
1948_sub1	0	1	0	1	0	0	0	1
19487_sub0	0	1	1	0	0	0	1	0
19487_sub1	0	1	1	0	0	0	1	0
19487_sub2	0	1	0	1	0	0	0	1
19487_sub3	0	1	0	1	0	0	0	1
19487_sub4	0	1	0	1	0	0	0	1
19487_sub5	0	1	1	0	0	0	1	0
19510_sub0	1	7	4	3	4	3	0	0
19510_sub1	0	1	0	1	0	0	0	1
19510_sub2	0	1	1	0	0	0	1	0
19510_sub3	0	1	1	0	0	0	1	0
19510_sub4	0	1	0	1	0	0	0	1
19517_sub0	1	7	3	4	3	4	0	0
1952_sub0	1	12	8	4	8	4	0	0
1952_sub1	0	1	0	1	0	0	0	1
1952_sub2	0	1	1	0	0	0	1	0
1952_sub3	0	1	0	1	0	0	0	1
1952_sub4	0	1	1	0	0	0	1	0
1952_sub5	0	1	1	0	0	0	1	0
1953_sub0	0	1	0	1	0	0	0	1
1953_sub1	1	12	4	8	4	8	0	0
1953_sub2	0	1	0	1	0	0	0	1
1954_sub0	0	1	0	1	0	0	0	1
1954_sub1	0	1	0	1	0	0	0	1
1954_sub2	0	1	1	0	0	0	1	0
1954_sub3	0	1	1	0	0	0	1	0
1954_sub4	0	1	0	1	0	0	0	1
1954_sub5	0	1	1	0	0	0	1	0
1955_sub0	0	1	1	0	0	0	1	0
1955_sub1	0	3	1	2	0	0	1	2
1955_sub2	0	1	0	1	0	0	0	1
1955_sub3	0	1	0	1	0	0	0	1
1955_sub4	0	1	0	1	0	0	0	1
19567_sub0	1	11	2	9	2	9	0	0
19567_sub1	0	1	0	1	0	0	0	1
19567_sub2	0	1	0	1	0	0	0	1
19567_sub3	0	1	1	0	0	0	1	0
19576_sub0	0	1	0	1	0	0	0	1
19576_sub1	1	10	3	7	3	7	0	0
19576_sub2	0	1	0	1	0	0	0	1
1959_sub0	1	6	1	5	1	5	0	0
1959_sub1	0	1	1	0	0	0	1	0
1959_sub2	0	1	1	0	0	0	1	0
1959_sub3	0	1	1	0	0	0	1	0
1959_sub4	0	1	1	0	0	0	1	0
19590_sub0	0	1	1	0	0	0	1	0
19590_sub1	0	1	1	0	0	0	1	0
19590_sub2	0	1	0	1	0	0	0	1
19590_sub3	0	1	1	0	0	0	1	0
19590_sub4	0	1	0	1	0	0	0	1
19590_sub5	0	1	1	0	0	0	1	0
19590_sub6	0	1	1	0	0	0	1	0
19592_sub0	1	13	6	7	6	7	0	0
196_sub0	0	1	1	0	0	0	1	0
196_sub1	0	1	1	0	0	0	1	0
196_sub2	1	15	9	6	9	6	0	0
1960_sub0	0	1	0	1	0	0	0	1
1960_sub1	1	10	4	6	4	6	0	0
1960_sub2	0	1	0	1	0	0	0	1
19628_sub0	0	1	1	0	0	0	1	0
19628_sub1	0	1	1	0	0	0	1	0
19628_sub2	0	1	1	0	0	0	1	0
19628_sub3	0	1	0	1	0	0	0	1
19628_sub4	0	1	1	0	0	0	1	0
19628_sub5	0	1	0	1	0	0	0	1
1964_sub0	0	1	0	1	0	0	0	1
1964_sub1	1	13	7	6	7	6	0	0
19654_sub0	1	9	3	6	3	6	0	0
19654_sub1	0	1	1	0	0	0	1	0
1966_sub0	0	1	0	1	0	0	0	1
1966_sub1	1	6	5	1	5	1	0	0
19668_sub0	0	1	1	0	0	0	1	0
19668_sub1	0	1	1	0	0	0	1	0
19668_sub2	0	1	0	1	0	0	0	1
19668_sub3	0	1	0	1	0	0	0	1
19668_sub4	0	1	1	0	0	0	1	0
19668_sub5	0	1	0	1	0	0	0	1
1967_sub0	0	1	0	1	0	0	0	1
1967_sub1	0	1	0	1	0	0	0	1
1967_sub2	0	1	1	0	0	0	1	0
1967_sub3	0	1	1	0	0	0	1	0
1967_sub4	0	1	0	1	0	0	0	1
1967_sub5	0	1	1	0	0	0	1	0
1968_sub0	1	18	8	10	8	10	0	0
1968_sub1	0	1	0	1	0	0	0	1
1968_sub2	0	1	1	0	0	0	1	0
1968_sub3	0	1	0	1	0	0	0	1
197_sub0	0	1	0	1	0	0	0	1
197_sub1	1	14	5	9	5	9	0	0
1970_sub0	1	18	10	8	10	8	0	0
1970_sub1	0	1	0	1	0	0	0	1
1970_sub2	0	1	1	0	0	0	1	0
1970_sub3	0	1	1	0	0	0	1	0
19707_sub0	1	10	4	6	4	6	0	0
19707_sub1	0	1	1	0	0	0	1	0
19707_sub2	0	1	0	1	0	0	0	1
19707_sub3	0	1	0	1	0	0	0	1
19717_sub0	1	16	10	6	10	6	0	0
19717_sub1	0	1	0	1	0	0	0	1
19717_sub2	0	1	1	0	0	0	1	0
19717_sub3	0	1	0	1	0	0	0	1
19717_sub4	0	1	1	0	0	0	1	0
19717_sub5	0	1	0	1	0	0	0	1
19717_sub6	0	1	1	0	0	0	1	0
19717_sub7	0	1	0	1	0	0	0	1
1974_sub0	1	15	9	6	9	6	0	0
1974_sub1	0	1	0	1	0	0	0	1
1974_sub2	0	1	1	0	0	0	1	0
1974_sub3	0	1	0	1	0	0	0	1
1974_sub4	0	1	0	1	0	0	0	1
19751_sub0	1	13	9	4	9	4	0	0
19751_sub1	0	1	1	0	0	0	1	0
19761_sub0	1	7	3	4	3	4	0	0
19761_sub1	0	1	1	0	0	0	1	0
19761_sub2	0	1	1	0	0	0	1	0
19766_sub0	0	1	1	0	0	0	1	0
19766_sub1	1	10	2	8	2	8	0	0
19778_sub0	0	5	1	4	0	0	1	4
19778_sub1	0	1	0	1	0	0	0	1
19778_sub2	0	1	1	0	0	0	1	0
19790_sub0	1	12	4	8	4	8	0	0
19790_sub1	0	1	0	1	0	0	0	1
19790_sub2	0	1	0	1	0	0	0	1
19790_sub3	0	1	1	0	0	0	1	0
19790_sub4	0	1	0	1	0	0	0	1
19790_sub5	0	1	1	0	0	0	1	0
19790_sub6	0	1	1	0	0	0	1	0
19792_sub0	0	1	0	1	0	0	0	1
19792_sub1	1	7	2	5	2	5	0	0
1980_sub0	0	1	1	0	0	0	1	0
1980_sub1	0	1	0	1	0	0	0	1
1980_sub2	1	9	4	5	4	5	0	0
1980_sub3	0	1	1	0	0	0	1	0
19818_sub0	0	1	0	1	0	0	0	1
19818_sub1	0	1	1	0	0	0	1	0
19818_sub2	0	1	0	1	0	0	0	1
19818_sub3	0	1	0	1	0	0	0	1
19818_sub4	0	1	0	1	0	0	0	1
19818_sub5	0	1	0	1	0	0	0	1
19822_sub0	0	1	1	0	0	0	1	0
19822_sub1	0	1	0	1	0	0	0	1
19822_sub2	0	4	1	3	0	0	1	3
19824_sub0	0	1	1	0	0	0	1	0
19824_sub1	0	1	1	0	0	0	1	0
19824_sub2	0	1	1	0	0	0	1	0
19824_sub3	0	1	0	1	0	0	0	1
19824_sub4	0	1	0	1	0	0	0	1
19824_sub5	0	1	0	1	0	0	0	1
1983_sub0	1	12	6	6	6	6	0	0
1983_sub1	0	1	0	1	0	0	0	1
1984_sub0	1	9	4	5	4	5	0	0
1984_sub1	0	1	0	1	0	0	0	1
1984_sub2	0	1	0	1	0	0	0	1
1984_sub3	0	1	0	1	0	0	0	1
1984_sub4	0	1	0	1	0	0	0	1
1985_sub0	0	1	1	0	0	0	1	0
1985_sub1	1	11	5	6	5	6	0	0
1985_sub2	0	1	1	0	0	0	1	0
19875_sub0	1	16	8	8	8	8	0	0
19875_sub1	0	1	0	1	0	0	0	1
19875_sub2	0	1	1	0	0	0	1	0
19875_sub3	0	1	1	0	0	0	1	0
19875_sub4	0	2	2	0	0	0	2	0
1988_sub0	1	10	7	3	7	3	0	0
1988_sub1	0	1	1	0	0	0	1	0
1989_sub0	0	1	0	1	0	0	0	1
1989_sub1	0	1	0	1	0	0	0	1
1989_sub2	1	11	5	6	5	6	0	0
1989_sub3	0	1	0	1	0	0	0	1
1989_sub4	0	1	1	0	0	0	1	0
1989_sub5	0	1	0	1	0	0	0	1
1989_sub6	0	1	0	1	0	0	0	1
19896_sub0	0	1	1	0	0	0	1	0
19896_sub1	0	1	1	0	0	0	1	0
19896_sub2	0	1	0	1	0	0	0	1
19896_sub3	0	1	0	1	0	0	0	1
19896_sub4	0	1	0	1	0	0	0	1
19896_sub5	0	1	0	1	0	0	0	1
19896_sub6	0	1	1	0	0	0	1	0
19896_sub7	0	1	1	0	0	0	1	0
1990_sub0	0	1	0	1	0	0	0	1
1990_sub1	0	4	2	2	0	0	2	2
1990_sub2	0	1	1	0	0	0	1	0
1990_sub3	0	1	0	1	0	0	0	1
1990_sub4	0	1	0	1	0	0	0	1
1990_sub5	0	1	1	0	0	0	1	0
1990_sub6	0	1	1	0	0	0	1	0
1990_sub7	0	1	1	0	0	0	1	0
1990_sub8	0	1	0	1	0	0	0	1
1990_sub9	0	1	1	0	0	0	1	0
19904_sub0	0	1	1	0	0	0	1	0
19904_sub1	0	1	0	1	0	0	0	1
19904_sub2	0	1	0	1	0	0	0	1
19904_sub3	0	1	1	0	0	0	1	0
19904_sub4	0	1	1	0	0	0	1	0
19904_sub5	0	1	0	1	0	0	0	1
19904_sub6	0	1	0	1	0	0	0	1
19904_sub7	0	1	0	1	0	0	0	1
19904_sub8	0	1	1	0	0	0	1	0
19908_sub0	0	1	0	1	0	0	0	1
19908_sub1	0	1	0	1	0	0	0	1
19908_sub2	0	1	1	0	0	0	1	0
19908_sub3	0	1	1	0	0	0	1	0
19908_sub4	0	1	0	1	0	0	0	1
19908_sub5	0	1	1	0	0	0	1	0
1991_sub0	1	11	3	8	3	8	0	0
19921_sub0	0	1	0	1	0	0	0	1
19921_sub1	1	7	1	6	1	6	0	0
19921_sub2	0	1	0	1	0	0	0	1
19925_sub0	0	1	1	0	0	0	1	0
19925_sub1	0	1	0	1	0	0	0	1
19925_sub2	0	1	0	1	0	0	0	1
19925_sub3	0	1	1	0	0	0	1	0
19925_sub4	0	1	1	0	0	0	1	0
19925_sub5	0	1	0	1	0	0	0	1
19930_sub0	0	1	1	0	0	0	1	0
19930_sub1	1	6	0	6	0	6	0	0
1994_sub0	0	1	1	0	0	0	1	0
1994_sub1	0	1	0	1	0	0	0	1
1994_sub2	0	5	1	4	0	0	1	4
1994_sub3	0	1	1	0	0	0	1	0
1994_sub4	0	1	1	0	0	0	1	0
1994_sub5	0	1	1	0	0	0	1	0
19948_sub0	0	1	0	1	0	0	0	1
19948_sub1	0	3	1	2	0	0	1	2
19948_sub2	0	1	1	0	0	0	1	0
19948_sub3	0	1	1	0	0	0	1	0
19948_sub4	0	1	0	1	0	0	0	1
19948_sub5	0	1	1	0	0	0	1	0
19949_sub0	0	1	1	0	0	0	1	0
19949_sub1	0	1	1	0	0	0	1	0
19949_sub2	0	1	0	1	0	0	0	1
19949_sub3	0	1	0	1	0	0	0	1
19949_sub4	0	1	1	0	0	0	1	0
19949_sub5	0	1	0	1	0	0	0	1
1997_sub0	1	6	3	3	3	3	0	0
1997_sub1	0	1	0	1	0	0	0	1
1997_sub2	0	1	1	0	0	0	1	0
1997_sub3	0	1	1	0	0	0	1	0
19974_sub0	1	12	4	8	4	8	0	0
19974_sub1	0	1	1	0	0	0	1	0
19974_sub2	0	1	1	0	0	0	1	0
19974_sub3	0	1	1	0	0	0	1	0
19974_sub4	0	1	1	0	0	0	1	0
19974_sub5	0	1	1	0	0	0	1	0
19974_sub6	0	1	0	1	0	0	0	1
19974_sub7	0	1	1	0	0	0	1	0
19976_sub0	0	1	0	1	0	0	0	1
19976_sub1	0	1	0	1	0	0	0	1
19976_sub2	0	1	1	0	0	0	1	0
19976_sub3	0	1	0	1	0	0	0	1
19976_sub4	0	1	0	1	0	0	0	1
19976_sub5	0	1	1	0	0	0	1	0
20_sub0	0	1	0	1	0	0	0	1
20_sub1	0	1	0	1	0	0	0	1
20_sub2	0	1	0	1	0	0	0	1
20_sub3	1	8	4	4	4	4	0	0
20_sub4	0	1	0	1	0	0	0	1
20_sub5	0	1	1	0	0	0	1	0
20008_sub0	0	1	1	0	0	0	1	0
20008_sub1	0	3	3	0	0	0	3	0
20008_sub2	0	1	0	1	0	0	0	1
20008_sub3	0	1	1	0	0	0	1	0
20008_sub4	0	1	0	1	0	0	0	1
20008_sub5	0	1	1	0	0	0	1	0
20011_sub0	1	8	3	5	3	5	0	0
20017_sub0	0	1	1	0	0	0	1	0
20017_sub1	0	1	0	1	0	0	0	1
20017_sub2	0	1	0	1	0	0	0	1
20017_sub3	0	1	1	0	0	0	1	0
20017_sub4	0	1	1	0	0	0	1	0
20017_sub5	0	1	0	1	0	0	0	1
20017_sub6	0	1	1	0	0	0	1	0
20030_sub0	1	6	3	3	3	3	0	0
20030_sub1	0	1	1	0	0	0	1	0
20030_sub2	0	1	0	1	0	0	0	1
20030_sub3	0	1	0	1	0	0	0	1
2004_sub0	0	1	0	1	0	0	0	1
2004_sub1	0	1	0	1	0	0	0	1
2004_sub2	0	1	0	1	0	0	0	1
2004_sub3	0	1	1	0	0	0	1	0
2004_sub4	0	1	1	0	0	0	1	0
2004_sub5	0	1	0	1	0	0	0	1
2004_sub6	0	1	1	0	0	0	1	0
2004_sub7	0	1	1	0	0	0	1	0
2004_sub8	0	1	0	1	0	0	0	1
2005_sub0	1	14	8	6	8	6	0	0
2005_sub1	0	1	1	0	0	0	1	0
2005_sub2	0	1	0	1	0	0	0	1
20063_sub0	0	1	0	1	0	0	0	1
20063_sub1	0	1	0	1	0	0	0	1
20063_sub2	0	1	0	1	0	0	0	1
20063_sub3	0	1	0	1	0	0	0	1
20063_sub4	0	1	1	0	0	0	1	0
20063_sub5	0	1	0	1	0	0	0	1
20088_sub0	0	1	0	1	0	0	0	1
20088_sub1	0	1	1	0	0	0	1	0
20088_sub2	0	1	1	0	0	0	1	0
20088_sub3	0	1	0	1	0	0	0	1
20088_sub4	0	1	0	1	0	0	0	1
20088_sub5	0	1	0	1	0	0	0	1
20088_sub6	0	1	0	1	0	0	0	1
20095_sub0	0	1	1	0	0	0	1	0
20095_sub1	0	1	0	1	0	0	0	1
20095_sub2	0	1	0	1	0	0	0	1
20095_sub3	0	1	1	0	0	0	1	0
20095_sub4	0	1	1	0	0	0	1	0
20095_sub5	0	1	1	0	0	0	1	0
20103_sub0	0	1	1	0	0	0	1	0
20103_sub1	0	1	1	0	0	0	1	0
20103_sub2	0	1	1	0	0	0	1	0
20103_sub3	0	1	1	0	0	0	1	0
20103_sub4	0	1	0	1	0	0	0	1
20103_sub5	0	1	1	0	0	0	1	0
20103_sub6	0	1	1	0	0	0	1	0
20103_sub7	0	1	0	1	0	0	0	1
20105_sub0	0	1	1	0	0	0	1	0
20105_sub1	0	5	3	2	0	0	3	2
20105_sub2	0	1	1	0	0	0	1	0
2012_sub0	1	20	8	12	8	12	0	0
2012_sub1	0	1	1	0	0	0	1	0
2012_sub2	0	1	0	1	0	0	0	1
20136_sub0	0	1	0	1	0	0	0	1
20136_sub1	1	12	8	4	8	4	0	0
20136_sub2	0	1	0	1	0	0	0	1
20138_sub0	0	1	1	0	0	0	1	0
20138_sub1	0	1	1	0	0	0	1	0
20138_sub2	0	1	0	1	0	0	0	1
20138_sub3	0	1	0	1	0	0	0	1
20138_sub4	0	1	0	1	0	0	0	1
20138_sub5	0	1	0	1	0	0	0	1
2015_sub0	1	10	3	7	3	7	0	0
2015_sub1	0	1	0	1	0	0	0	1
2015_sub2	0	1	0	1	0	0	0	1
2015_sub3	0	1	0	1	0	0	0	1
2015_sub4	0	1	0	1	0	0	0	1
2018_sub0	0	1	1	0	0	0	1	0
2018_sub1	0	1	1	0	0	0	1	0
2018_sub2	0	1	1	0	0	0	1	0
2018_sub3	0	1	0	1	0	0	0	1
2018_sub4	0	1	1	0	0	0	1	0
2018_sub5	0	1	0	1	0	0	0	1
20200_sub0	0	1	0	1	0	0	0	1
20200_sub1	0	4	2	2	0	0	2	2
20200_sub2	0	1	0	1	0	0	0	1
20226_sub0	0	1	1	0	0	0	1	0
20226_sub1	1	11	6	5	6	5	0	0
20226_sub2	0	1	0	1	0	0	0	1
20227_sub0	0	1	0	1	0	0	0	1
20227_sub1	0	1	0	1	0	0	0	1
20227_sub2	0	1	1	0	0	0	1	0
20227_sub3	0	1	1	0	0	0	1	0
20227_sub4	0	1	0	1	0	0	0	1
20227_sub5	0	1	0	1	0	0	0	1
20234_sub0	0	1	0	1	0	0	0	1
20234_sub1	0	1	0	1	0	0	0	1
20234_sub2	0	1	0	1	0	0	0	1
20234_sub3	0	1	0	1	0	0	0	1
20234_sub4	0	1	0	1	0	0	0	1
20234_sub5	0	1	1	0	0	0	1	0
2025_sub0	1	18	8	10	8	10	0	0
2025_sub1	0	1	0	1	0	0	0	1
2025_sub2	0	1	1	0	0	0	1	0
2025_sub3	0	1	0	1	0	0	0	1
2025_sub4	0	1	0	1	0	0	0	1
20275_sub0	1	6	4	2	4	2	0	0
20275_sub1	0	1	0	1	0	0	0	1
2028_sub0	0	1	0	1	0	0	0	1
2028_sub1	1	6	2	4	2	4	0	0
2028_sub2	0	1	1	0	0	0	1	0
2031_sub0	0	1	1	0	0	0	1	0
2031_sub1	1	17	9	8	9	8	0	0
2031_sub2	0	1	1	0	0	0	1	0
2031_sub3	0	1	1	0	0	0	1	0
20316_sub0	0	1	1	0	0	0	1	0
20316_sub1	0	1	0	1	0	0	0	1
20316_sub2	0	1	1	0	0	0	1	0
20316_sub3	0	1	0	1	0	0	0	1
20316_sub4	0	1	0	1	0	0	0	1
20316_sub5	0	1	0	1	0	0	0	1
2032_sub0	0	1	0	1	0	0	0	1
2032_sub1	0	1	0	1	0	0	0	1
2032_sub2	0	1	1	0	0	0	1	0
2032_sub3	0	1	0	1	0	0	0	1
2032_sub4	0	1	1	0	0	0	1	0
2032_sub5	0	1	0	1	0	0	0	1
2032_sub6	0	1	1	0	0	0	1	0
2032_sub7	0	1	1	0	0	0	1	0
20329_sub0	0	1	0	1	0	0	0	1
20329_sub1	0	4	3	1	0	0	3	1
20329_sub2	0	1	0	1	0	0	0	1
20329_sub3	0	1	1	0	0	0	1	0
20329_sub4	0	1	1	0	0	0	1	0
2033_sub0	0	1	0	1	0	0	0	1
2033_sub1	0	1	1	0	0	0	1	0
2033_sub2	1	9	8	1	8	1	0	0
2034_sub0	1	19	11	8	11	8	0	0
2034_sub1	0	1	0	1	0	0	0	1
20346_sub0	0	1	1	0	0	0	1	0
20346_sub1	1	6	2	4	2	4	0	0
20386_sub0	0	1	0	1	0	0	0	1
20386_sub1	0	5	3	2	0	0	3	2
2039_sub0	1	15	8	7	8	7	0	0
2039_sub1	0	1	0	1	0	0	0	1
2039_sub2	0	1	1	0	0	0	1	0
2039_sub3	0	1	0	1	0	0	0	1
2039_sub4	0	1	1	0	0	0	1	0
2039_sub5	0	1	1	0	0	0	1	0
2039_sub6	0	1	1	0	0	0	1	0
2039_sub7	0	1	0	1	0	0	0	1
2039_sub8	0	1	0	1	0	0	0	1
20393_sub0	0	1	1	0	0	0	1	0
20393_sub1	0	1	1	0	0	0	1	0
20393_sub2	0	1	1	0	0	0	1	0
20393_sub3	0	1	0	1	0	0	0	1
20393_sub4	0	1	1	0	0	0	1	0
20393_sub5	0	1	0	1	0	0	0	1
20393_sub6	0	1	1	0	0	0	1	0
20393_sub7	0	1	1	0	0	0	1	0
20395_sub0	1	8	6	2	6	2	0	0
204_sub0	0	1	1	0	0	0	1	0
204_sub1	1	11	8	3	8	3	0	0
204_sub2	0	1	0	1	0	0	0	1
2040_sub0	0	1	0	1	0	0	0	1
2040_sub1	1	18	12	6	12	6	0	0
2040_sub2	0	1	0	1	0	0	0	1
2040_sub3	0	1	0	1	0	0	0	1
2041_sub0	1	23	12	11	10	10	2	1
2041_sub1	0	1	1	0	0	0	1	0
2041_sub2	0	1	1	0	0	0	1	0
2041_sub3	0	1	0	1	0	0	0	1
2041_sub4	0	1	1	0	0	0	1	0
2041_sub5	0	2	0	2	0	0	0	2
20416_sub0	0	5	2	3	0	0	2	3
20416_sub1	0	1	1	0	0	0	1	0
20416_sub2	0	1	1	0	0	0	1	0
20416_sub3	0	1	1	0	0	0	1	0
20434_sub0	0	1	0	1	0	0	0	1
20434_sub1	0	1	0	1	0	0	0	1
20434_sub2	0	1	0	1	0	0	0	1
20434_sub3	0	1	0	1	0	0	0	1
20434_sub4	0	1	1	0	0	0	1	0
20434_sub5	0	1	0	1	0	0	0	1
20434_sub6	0	1	0	1	0	0	0	1
20463_sub0	0	1	0	1	0	0	0	1
20463_sub1	0	1	1	0	0	0	1	0
20463_sub2	0	1	1	0	0	0	1	0
20463_sub3	0	1	1	0	0	0	1	0
20463_sub4	0	1	1	0	0	0	1	0
20463_sub5	0	1	0	1	0	0	0	1
20463_sub6	0	1	1	0	0	0	1	0
20473_sub0	1	10	5	5	5	5	0	0
20504_sub0	1	6	4	2	4	2	0	0
20504_sub1	0	1	1	0	0	0	1	0
20504_sub2	0	1	0	1	0	0	0	1
20504_sub3	0	1	0	1	0	0	0	1
20517_sub0	0	1	0	1	0	0	0	1
20517_sub1	0	1	0	1	0	0	0	1
20517_sub2	0	1	0	1	0	0	0	1
20517_sub3	0	1	1	0	0	0	1	0
20517_sub4	0	1	0	1	0	0	0	1
20517_sub5	0	1	0	1	0	0	0	1
2053_sub0	0	2	1	1	0	0	1	1
2053_sub1	0	1	1	0	0	0	1	0
2053_sub2	0	1	0	1	0	0	0	1
2053_sub3	0	1	0	1	0	0	0	1
2053_sub4	0	1	1	0	0	0	1	0
2053_sub5	0	1	1	0	0	0	1	0
2053_sub6	0	1	0	1	0	0	0	1
2056_sub0	1	17	8	9	8	9	0	0
2056_sub1	0	1	1	0	0	0	1	0
2056_sub2	0	1	1	0	0	0	1	0
2056_sub3	0	1	1	0	0	0	1	0
20604_sub0	1	7	4	3	4	3	0	0
20604_sub1	0	2	1	1	0	0	1	1
20604_sub2	0	1	0	1	0	0	0	1
20604_sub3	0	1	1	0	0	0	1	0
20604_sub4	0	1	0	1	0	0	0	1
20604_sub5	0	1	1	0	0	0	1	0
20629_sub0	0	3	2	1	0	0	2	1
20629_sub1	0	1	1	0	0	0	1	0
20629_sub2	0	1	0	1	0	0	0	1
20629_sub3	0	1	0	1	0	0	0	1
20639_sub0	0	1	0	1	0	0	0	1
20639_sub1	0	1	0	1	0	0	0	1
20639_sub2	0	1	1	0	0	0	1	0
20639_sub3	0	1	1	0	0	0	1	0
20639_sub4	0	1	1	0	0	0	1	0
20639_sub5	0	1	0	1	0	0	0	1
20656_sub0	0	1	1	0	0	0	1	0
20656_sub1	0	1	0	1	0	0	0	1
20656_sub2	0	1	0	1	0	0	0	1
20656_sub3	0	1	1	0	0	0	1	0
20656_sub4	0	1	0	1	0	0	0	1
20656_sub5	0	1	0	1	0	0	0	1
20668_sub0	0	1	0	1	0	0	0	1
20668_sub1	0	1	1	0	0	0	1	0
20668_sub2	0	1	0	1	0	0	0	1
20668_sub3	0	1	1	0	0	0	1	0
20668_sub4	0	1	0	1	0	0	0	1
20668_sub5	0	1	1	0	0	0	1	0
2067_sub0	1	11	3	8	3	8	0	0
2067_sub1	0	1	1	0	0	0	1	0
2067_sub2	0	1	0	1	0	0	0	1
20678_sub0	1	8	4	4	4	4	0	0
20678_sub1	0	1	1	0	0	0	1	0
20678_sub2	0	1	1	0	0	0	1	0
20678_sub3	0	1	0	1	0	0	0	1
20678_sub4	0	1	0	1	0	0	0	1
20678_sub5	0	1	0	1	0	0	0	1
20678_sub6	0	1	0	1	0	0	0	1
20686_sub0	1	9	6	3	6	3	0	0
20695_sub0	0	1	1	0	0	0	1	0
20695_sub1	0	1	0	1	0	0	0	1
20695_sub2	0	1	1	0	0	0	1	0
20695_sub3	0	1	1	0	0	0	1	0
20695_sub4	0	1	0	1	0	0	0	1
20695_sub5	0	1	1	0	0	0	1	0
207_sub0	0	1	0	1	0	0	0	1
207_sub1	0	4	2	2	0	0	2	2
207_sub2	0	1	1	0	0	0	1	0
207_sub3	0	1	0	1	0	0	0	1
20705_sub0	0	1	1	0	0	0	1	0
20705_sub1	1	8	1	7	1	7	0	0
20705_sub2	0	1	0	1	0	0	0	1
20705_sub3	0	1	0	1	0	0	0	1
20719_sub0	0	1	1	0	0	0	1	0
20719_sub1	0	1	0	1	0	0	0	1
20719_sub2	0	1	1	0	0	0	1	0
20719_sub3	0	1	1	0	0	0	1	0
20719_sub4	0	1	1	0	0	0	1	0
20719_sub5	0	1	1	0	0	0	1	0
20719_sub6	0	1	1	0	0	0	1	0
20756_sub0	1	10	7	3	7	3	0	0
20759_sub0	0	1	1	0	0	0	1	0
20759_sub1	0	1	1	0	0	0	1	0
20759_sub2	0	2	0	2	0	0	0	2
20759_sub3	0	1	0	1	0	0	0	1
20759_sub4	0	1	0	1	0	0	0	1
20763_sub0	0	4	4	0	0	0	4	0
20763_sub1	0	1	0	1	0	0	0	1
20763_sub2	0	1	0	1	0	0	0	1
20767_sub0	0	1	1	0	0	0	1	0
20767_sub1	0	1	1	0	0	0	1	0
20767_sub2	0	1	0	1	0	0	0	1
20767_sub3	0	1	1	0	0	0	1	0
20767_sub4	0	1	1	0	0	0	1	0
20767_sub5	0	1	1	0	0	0	1	0
20767_sub6	0	1	1	0	0	0	1	0
20767_sub7	0	1	0	1	0	0	0	1
20767_sub8	0	1	0	1	0	0	0	1
2077_sub0	1	26	13	13	10	10	3	3
2078_sub0	0	1	0	1	0	0	0	1
2078_sub1	0	1	0	1	0	0	0	1
2078_sub2	0	1	1	0	0	0	1	0
2078_sub3	0	1	1	0	0	0	1	0
2078_sub4	0	1	1	0	0	0	1	0
2078_sub5	0	1	1	0	0	0	1	0
2079_sub0	1	10	6	4	6	4	0	0
2079_sub1	0	1	1	0	0	0	1	0
2079_sub2	0	1	1	0	0	0	1	0
2079_sub3	0	1	1	0	0	0	1	0
208_sub0	0	1	0	1	0	0	0	1
208_sub1	1	13	6	7	6	7	0	0
208_sub2	0	1	1	0	0	0	1	0
208_sub3	0	1	1	0	0	0	1	0
2081_sub0	1	11	3	8	3	8	0	0
2081_sub1	0	1	0	1	0	0	0	1
2081_sub2	0	1	1	0	0	0	1	0
2081_sub3	0	1	0	1	0	0	0	1
2081_sub4	0	1	0	1	0	0	0	1
20832_sub0	0	1	1	0	0	0	1	0
20832_sub1	0	1	1	0	0	0	1	0
20832_sub2	0	1	0	1	0	0	0	1
20832_sub3	0	1	0	1	0	0	0	1
20832_sub4	0	1	1	0	0	0	1	0
20832_sub5	0	1	0	1	0	0	0	1
20833_sub0	0	2	1	1	0	0	1	1
20833_sub1	0	1	0	1	0	0	0	1
20833_sub2	0	1	0	1	0	0	0	1
20833_sub3	0	1	0	1	0	0	0	1
20833_sub4	0	1	1	0	0	0	1	0
2084_sub0	1	10	7	3	7	3	0	0
2084_sub1	0	1	0	1	0	0	0	1
2084_sub2	0	1	1	0	0	0	1	0
2084_sub3	0	1	0	1	0	0	0	1
2085_sub0	0	1	0	1	0	0	0	1
2085_sub1	0	1	0	1	0	0	0	1
2085_sub2	0	1	0	1	0	0	0	1
2085_sub3	0	1	1	0	0	0	1	0
2085_sub4	0	1	0	1	0	0	0	1
2085_sub5	0	1	1	0	0	0	1	0
2085_sub6	0	1	1	0	0	0	1	0
20877_sub0	0	1	0	1	0	0	0	1
20877_sub1	0	5	1	4	0	0	1	4
20883_sub0	0	1	0	1	0	0	0	1
20883_sub1	0	1	1	0	0	0	1	0
20883_sub2	0	1	1	0	0	0	1	0
20883_sub3	0	1	1	0	0	0	1	0
20883_sub4	0	1	1	0	0	0	1	0
20883_sub5	0	1	0	1	0	0	0	1
2093_sub0	1	12	7	5	7	5	0	0
2093_sub1	0	1	0	1	0	0	0	1
2093_sub2	0	1	0	1	0	0	0	1
20943_sub0	0	1	0	1	0	0	0	1
20943_sub1	0	1	0	1	0	0	0	1
20943_sub2	0	1	0	1	0	0	0	1
20943_sub3	0	1	0	1	0	0	0	1
20943_sub4	0	1	0	1	0	0	0	1
20943_sub5	0	1	0	1	0	0	0	1
20943_sub6	0	1	0	1	0	0	0	1
20946_sub0	0	1	0	1	0	0	0	1
20946_sub1	0	1	0	1	0	0	0	1
20946_sub2	1	9	3	6	3	6	0	0
20979_sub0	0	1	1	0	0	0	1	0
20979_sub1	0	1	1	0	0	0	1	0
20979_sub2	1	6	1	5	1	5	0	0
20989_sub0	0	5	1	4	0	0	1	4
20989_sub1	0	1	1	0	0	0	1	0
2100_sub0	0	1	1	0	0	0	1	0
2100_sub1	0	5	3	2	0	0	3	2
2100_sub2	0	1	0	1	0	0	0	1
21002_sub0	0	1	0	1	0	0	0	1
21002_sub1	0	1	0	1	0	0	0	1
21002_sub2	0	1	0	1	0	0	0	1
21002_sub3	0	1	1	0	0	0	1	0
21002_sub4	0	1	0	1	0	0	0	1
21002_sub5	0	1	1	0	0	0	1	0
21007_sub0	1	6	1	5	1	5	0	0
21007_sub1	0	1	0	1	0	0	0	1
21039_sub0	0	1	1	0	0	0	1	0
21039_sub1	0	1	0	1	0	0	0	1
21039_sub2	0	1	0	1	0	0	0	1
21039_sub3	0	1	0	1	0	0	0	1
21039_sub4	0	1	0	1	0	0	0	1
21039_sub5	0	1	1	0	0	0	1	0
21039_sub6	0	1	1	0	0	0	1	0
21039_sub7	0	1	0	1	0	0	0	1
21042_sub0	0	1	0	1	0	0	0	1
21042_sub1	0	1	0	1	0	0	0	1
21042_sub2	0	1	0	1	0	0	0	1
21042_sub3	0	1	0	1	0	0	0	1
21042_sub4	0	1	1	0	0	0	1	0
21042_sub5	0	1	0	1	0	0	0	1
21048_sub0	0	1	1	0	0	0	1	0
21048_sub1	0	1	0	1	0	0	0	1
21048_sub2	0	1	0	1	0	0	0	1
21048_sub3	0	1	0	1	0	0	0	1
21048_sub4	0	1	0	1	0	0	0	1
21048_sub5	0	1	0	1	0	0	0	1
21048_sub6	0	1	0	1	0	0	0	1
21048_sub7	0	1	1	0	0	0	1	0
21054_sub0	0	1	1	0	0	0	1	0
21054_sub1	0	1	1	0	0	0	1	0
21054_sub2	0	1	0	1	0	0	0	1
21054_sub3	0	1	1	0	0	0	1	0
21054_sub4	0	1	1	0	0	0	1	0
21054_sub5	0	1	0	1	0	0	0	1
21057_sub0	0	1	0	1	0	0	0	1
21057_sub1	0	1	0	1	0	0	0	1
21057_sub2	0	1	1	0	0	0	1	0
21057_sub3	0	1	1	0	0	0	1	0
21057_sub4	0	1	1	0	0	0	1	0
21057_sub5	0	1	0	1	0	0	0	1
21078_sub0	0	1	1	0	0	0	1	0
21078_sub1	0	1	0	1	0	0	0	1
21078_sub2	0	1	0	1	0	0	0	1
21078_sub3	0	1	0	1	0	0	0	1
21078_sub4	0	1	0	1	0	0	0	1
21078_sub5	0	1	1	0	0	0	1	0
21078_sub6	0	1	0	1	0	0	0	1
21078_sub7	0	1	1	0	0	0	1	0
21095_sub0	0	1	0	1	0	0	0	1
21095_sub1	1	9	4	5	4	5	0	0
21095_sub2	0	1	0	1	0	0	0	1
21095_sub3	0	1	0	1	0	0	0	1
211_sub0	0	1	0	1	0	0	0	1
211_sub1	0	1	1	0	0	0	1	0
211_sub2	1	10	4	6	4	6	0	0
211_sub3	0	1	1	0	0	0	1	0
211_sub4	0	1	0	1	0	0	0	1
211_sub5	0	1	0	1	0	0	0	1
211_sub6	0	1	0	1	0	0	0	1
211_sub7	0	1	1	0	0	0	1	0
211_sub8	0	1	0	1	0	0	0	1
211_sub9	0	1	1	0	0	0	1	0
21101_sub0	0	1	1	0	0	0	1	0
21101_sub1	0	1	1	0	0	0	1	0
21101_sub2	0	1	0	1	0	0	0	1
21101_sub3	0	1	1	0	0	0	1	0
21101_sub4	0	1	1	0	0	0	1	0
21101_sub5	0	1	1	0	0	0	1	0
21117_sub0	1	7	5	2	5	2	0	0
21117_sub1	0	1	0	1	0	0	0	1
21128_sub0	0	1	0	1	0	0	0	1
21128_sub1	0	1	0	1	0	0	0	1
21128_sub2	0	1	1	0	0	0	1	0
21128_sub3	0	1	0	1	0	0	0	1
21128_sub4	0	1	1	0	0	0	1	0
21128_sub5	0	1	0	1	0	0	0	1
21128_sub6	0	1	0	1	0	0	0	1
21129_sub0	0	1	0	1	0	0	0	1
21129_sub1	0	1	1	0	0	0	1	0
21129_sub2	0	1	1	0	0	0	1	0
21129_sub3	0	1	1	0	0	0	1	0
21129_sub4	0	1	1	0	0	0	1	0
21129_sub5	0	1	1	0	0	0	1	0
2113_sub0	1	14	6	8	6	8	0	0
2113_sub1	0	1	1	0	0	0	1	0
2113_sub2	0	1	0	1	0	0	0	1
2113_sub3	0	1	0	1	0	0	0	1
21130_sub0	0	1	1	0	0	0	1	0
21130_sub1	1	7	3	4	3	4	0	0
21131_sub0	0	1	0	1	0	0	0	1
21131_sub1	0	1	1	0	0	0	1	0
21131_sub2	0	1	0	1	0	0	0	1
21131_sub3	0	1	1	0	0	0	1	0
21131_sub4	0	1	0	1	0	0	0	1
21131_sub5	0	1	1	0	0	0	1	0
21137_sub0	1	15	6	9	6	9	0	0
21137_sub1	0	1	1	0	0	0	1	0
21137_sub2	0	1	1	0	0	0	1	0
21137_sub3	0	1	0	1	0	0	0	1
21137_sub4	0	1	0	1	0	0	0	1
21137_sub5	0	1	0	1	0	0	0	1
21137_sub6	0	1	1	0	0	0	1	0
212_sub0	0	1	0	1	0	0	0	1
212_sub1	1	18	6	12	6	12	0	0
212_sub2	0	1	1	0	0	0	1	0
21236_sub0	0	1	1	0	0	0	1	0
21236_sub1	0	1	1	0	0	0	1	0
21236_sub2	0	4	3	1	0	0	3	1
21236_sub3	0	1	0	1	0	0	0	1
21249_sub0	1	11	7	4	7	4	0	0
21251_sub0	0	5	4	1	0	0	4	1
21251_sub1	0	1	1	0	0	0	1	0
21251_sub2	0	1	0	1	0	0	0	1
2127_sub0	0	1	0	1	0	0	0	1
2127_sub1	0	1	1	0	0	0	1	0
2127_sub2	1	20	14	6	14	6	0	0
2128_sub0	1	20	9	11	9	11	0	0
2128_sub1	0	1	1	0	0	0	1	0
2128_sub2	0	1	1	0	0	0	1	0
2128_sub3	0	1	0	1	0	0	0	1
2128_sub4	0	1	0	1	0	0	0	1
21280_sub0	0	1	1	0	0	0	1	0
21280_sub1	1	10	3	7	3	7	0	0
21280_sub2	0	1	1	0	0	0	1	0
21280_sub3	0	1	0	1	0	0	0	1
21281_sub0	1	8	4	4	4	4	0	0
21281_sub1	0	1	0	1	0	0	0	1
21281_sub2	0	1	0	1	0	0	0	1
21282_sub0	1	7	2	5	2	5	0	0
21282_sub1	0	1	1	0	0	0	1	0
21282_sub2	0	1	0	1	0	0	0	1
21289_sub0	1	7	3	4	3	4	0	0
21292_sub0	1	9	4	5	4	5	0	0
21292_sub1	0	1	0	1	0	0	0	1
21292_sub2	0	1	1	0	0	0	1	0
21292_sub3	0	1	1	0	0	0	1	0
21292_sub4	0	1	0	1	0	0	0	1
21292_sub5	0	1	0	1	0	0	0	1
21292_sub6	0	1	0	1	0	0	0	1
2130_sub0	0	3	0	3	0	0	0	3
2130_sub1	0	1	0	1	0	0	0	1
2130_sub2	1	6	6	0	6	0	0	0
21302_sub0	0	1	1	0	0	0	1	0
21302_sub1	1	10	4	6	4	6	0	0
21302_sub2	0	1	1	0	0	0	1	0
21302_sub3	0	1	0	1	0	0	0	1
21302_sub4	0	1	1	0	0	0	1	0
21302_sub5	0	1	1	0	0	0	1	0
2131_sub0	0	5	3	2	0	0	3	2
2131_sub1	0	1	0	1	0	0	0	1
2133_sub0	0	1	0	1	0	0	0	1
2133_sub1	1	13	4	9	4	9	0	0
2133_sub2	0	1	0	1	0	0	0	1
2133_sub3	0	1	1	0	0	0	1	0
2133_sub4	0	1	1	0	0	0	1	0
21342_sub0	0	1	0	1	0	0	0	1
21342_sub1	0	4	1	3	0	0	1	3
21342_sub2	0	1	0	1	0	0	0	1
2135_sub0	0	1	0	1	0	0	0	1
2135_sub1	0	1	0	1	0	0	0	1
2135_sub2	0	1	1	0	0	0	1	0
2135_sub3	0	1	1	0	0	0	1	0
2135_sub4	0	1	1	0	0	0	1	0
2135_sub5	0	1	1	0	0	0	1	0
21359_sub0	0	1	0	1	0	0	0	1
21359_sub1	0	1	0	1	0	0	0	1
21359_sub2	0	1	1	0	0	0	1	0
21359_sub3	0	4	1	3	0	0	1	3
21359_sub4	0	1	1	0	0	0	1	0
21359_sub5	0	1	1	0	0	0	1	0
2136_sub0	1	10	7	3	7	3	0	0
21375_sub0	1	7	5	2	5	2	0	0
21375_sub1	0	1	0	1	0	0	0	1
2138_sub0	1	8	5	3	5	3	0	0
2138_sub1	0	1	1	0	0	0	1	0
2138_sub2	0	1	0	1	0	0	0	1
2138_sub3	0	1	1	0	0	0	1	0
21388_sub0	1	14	5	9	5	9	0	0
21388_sub1	0	1	1	0	0	0	1	0
21388_sub2	0	1	0	1	0	0	0	1
21388_sub3	0	1	0	1	0	0	0	1
21401_sub0	0	1	0	1	0	0	0	1
21401_sub1	0	1	1	0	0	0	1	0
21401_sub2	0	1	0	1	0	0	0	1
21401_sub3	0	1	1	0	0	0	1	0
21401_sub4	0	1	0	1	0	0	0	1
21401_sub5	0	1	1	0	0	0	1	0
21412_sub0	0	5	1	4	0	0	1	4
21412_sub1	0	1	0	1	0	0	0	1
21417_sub0	0	1	1	0	0	0	1	0
21417_sub1	0	1	1	0	0	0	1	0
21417_sub2	0	1	1	0	0	0	1	0
21417_sub3	0	1	0	1	0	0	0	1
21417_sub4	0	1	0	1	0	0	0	1
21417_sub5	0	1	0	1	0	0	0	1
21421_sub0	1	10	5	5	5	5	0	0
21421_sub1	0	1	0	1	0	0	0	1
2143_sub0	1	29	8	21	8	12	0	9
2143_sub1	0	1	0	1	0	0	0	1
2143_sub2	0	1	1	0	0	0	1	0
2143_sub3	0	1	0	1	0	0	0	1
2143_sub4	0	1	0	1	0	0	0	1
21449_sub0	0	1	1	0	0	0	1	0
21449_sub1	1	8	3	5	3	5	0	0
21449_sub2	0	1	0	1	0	0	0	1
2145_sub0	1	20	12	8	12	8	0	0
2145_sub1	0	1	1	0	0	0	1	0
2145_sub2	0	1	1	0	0	0	1	0
2145_sub3	0	1	0	1	0	0	0	1
21460_sub0	0	1	1	0	0	0	1	0
21460_sub1	0	1	1	0	0	0	1	0
21460_sub2	0	1	0	1	0	0	0	1
21460_sub3	0	1	0	1	0	0	0	1
21460_sub4	0	1	1	0	0	0	1	0
21460_sub5	0	1	0	1	0	0	0	1
21460_sub6	0	1	0	1	0	0	0	1
2147_sub0	0	1	1	0	0	0	1	0
2147_sub1	1	11	5	6	5	6	0	0
2147_sub2	0	1	1	0	0	0	1	0
2147_sub3	0	1	0	1	0	0	0	1
2149_sub0	0	1	0	1	0	0	0	1
2149_sub1	1	7	4	3	4	3	0	0
2149_sub2	0	1	1	0	0	0	1	0
2149_sub3	0	1	1	0	0	0	1	0
2150_sub0	1	20	8	12	8	12	0	0
2150_sub1	0	1	1	0	0	0	1	0
2150_sub2	0	1	1	0	0	0	1	0
2150_sub3	0	1	1	0	0	0	1	0
2152_sub0	1	14	9	5	9	5	0	0
2152_sub1	0	1	0	1	0	0	0	1
2152_sub2	0	1	0	1	0	0	0	1
2152_sub3	0	1	1	0	0	0	1	0
2152_sub4	0	1	1	0	0	0	1	0
2152_sub5	0	1	1	0	0	0	1	0
2153_sub0	1	17	7	10	7	10	0	0
2153_sub1	0	1	0	1	0	0	0	1
21534_sub0	1	7	2	5	2	5	0	0
21534_sub1	0	1	0	1	0	0	0	1
21534_sub2	0	1	1	0	0	0	1	0
21534_sub3	0	1	0	1	0	0	0	1
21538_sub0	0	1	1	0	0	0	1	0
21538_sub1	0	1	1	0	0	0	1	0
21538_sub2	0	4	0	4	0	0	0	4
2154_sub0	0	1	0	1	0	0	0	1
2154_sub1	0	1	0	1	0	0	0	1
2154_sub2	0	1	0	1	0	0	0	1
2154_sub3	0	1	0	1	0	0	0	1
2154_sub4	0	1	0	1	0	0	0	1
2154_sub5	0	1	0	1	0	0	0	1
21541_sub0	0	1	1	0	0	0	1	0
21541_sub1	0	1	0	1	0	0	0	1
21541_sub2	0	1	1	0	0	0	1	0
21541_sub3	0	1	0	1	0	0	0	1
21541_sub4	0	1	0	1	0	0	0	1
21541_sub5	0	1	1	0	0	0	1	0
21541_sub6	0	1	0	1	0	0	0	1
2155_sub0	0	1	0	1	0	0	0	1
2155_sub1	0	1	1	0	0	0	1	0
2155_sub2	0	1	1	0	0	0	1	0
2155_sub3	0	1	0	1	0	0	0	1
2155_sub4	0	1	1	0	0	0	1	0
2155_sub5	0	1	0	1	0	0	0	1
21578_sub0	0	1	0	1	0	0	0	1
21578_sub1	0	1	1	0	0	0	1	0
21578_sub2	0	1	1	0	0	0	1	0
21578_sub3	0	1	1	0	0	0	1	0
21578_sub4	0	1	0	1	0	0	0	1
21578_sub5	0	1	0	1	0	0	0	1
21579_sub0	0	2	1	1	0	0	1	1
21579_sub1	0	1	0	1	0	0	0	1
21579_sub2	0	1	0	1	0	0	0	1
21579_sub3	0	3	1	2	0	0	1	2
21579_sub4	0	1	1	0	0	0	1	0
2158_sub0	1	18	9	9	9	9	0	0
2158_sub1	0	1	0	1	0	0	0	1
2158_sub2	0	1	0	1	0	0	0	1
2158_sub3	0	1	1	0	0	0	1	0
2158_sub4	0	1	0	1	0	0	0	1
21582_sub0	0	1	0	1	0	0	0	1
21582_sub1	1	10	5	5	5	5	0	0
21582_sub2	0	1	0	1	0	0	0	1
21582_sub3	0	1	1	0	0	0	1	0
21616_sub0	0	1	0	1	0	0	0	1
21616_sub1	0	1	1	0	0	0	1	0
21616_sub2	0	1	1	0	0	0	1	0
21616_sub3	0	1	0	1	0	0	0	1
21616_sub4	0	1	1	0	0	0	1	0
21616_sub5	0	1	1	0	0	0	1	0
21632_sub0	0	1	1	0	0	0	1	0
21632_sub1	0	1	0	1	0	0	0	1
21632_sub2	0	1	1	0	0	0	1	0
21632_sub3	0	1	0	1	0	0	0	1
21632_sub4	0	1	1	0	0	0	1	0
21632_sub5	0	1	0	1	0	0	0	1
2164_sub0	1	17	6	11	6	11	0	0
2164_sub1	0	1	0	1	0	0	0	1
2164_sub2	0	1	0	1	0	0	0	1
2164_sub3	0	1	1	0	0	0	1	0
2164_sub4	0	1	0	1	0	0	0	1
2164_sub5	0	1	0	1	0	0	0	1
2164_sub6	0	1	1	0	0	0	1	0
2164_sub7	0	1	0	1	0	0	0	1
2164_sub8	0	1	0	1	0	0	0	1
2165_sub0	1	12	7	5	7	5	0	0
21685_sub0	0	1	1	0	0	0	1	0
21685_sub1	0	1	0	1	0	0	0	1
21685_sub2	0	1	1	0	0	0	1	0
21685_sub3	0	1	0	1	0	0	0	1
21685_sub4	0	1	0	1	0	0	0	1
21685_sub5	0	1	1	0	0	0	1	0
21685_sub6	0	1	1	0	0	0	1	0
217_sub0	0	1	1	0	0	0	1	0
217_sub1	0	1	0	1	0	0	0	1
217_sub2	0	5	1	4	0	0	1	4
217_sub3	0	1	1	0	0	0	1	0
21709_sub0	0	1	0	1	0	0	0	1
21709_sub1	0	1	0	1	0	0	0	1
21709_sub2	0	1	1	0	0	0	1	0
21709_sub3	0	1	0	1	0	0	0	1
21709_sub4	0	3	1	2	0	0	1	2
21709_sub5	0	1	0	1	0	0	0	1
21714_sub0	1	10	3	7	3	7	0	0
21714_sub1	0	1	0	1	0	0	0	1
21714_sub2	0	1	0	1	0	0	0	1
21716_sub0	0	1	0	1	0	0	0	1
21716_sub1	0	1	0	1	0	0	0	1
21716_sub2	0	1	1	0	0	0	1	0
21716_sub3	0	1	1	0	0	0	1	0
21716_sub4	0	1	0	1	0	0	0	1
21716_sub5	0	1	1	0	0	0	1	0
2173_sub0	1	9	5	4	5	4	0	0
2173_sub1	0	1	1	0	0	0	1	0
2173_sub2	0	1	0	1	0	0	0	1
21736_sub0	0	1	1	0	0	0	1	0
21736_sub1	0	1	1	0	0	0	1	0
21736_sub2	0	1	0	1	0	0	0	1
21736_sub3	0	1	0	1	0	0	0	1
21736_sub4	0	1	0	1	0	0	0	1
21736_sub5	0	1	1	0	0	0	1	0
2174_sub0	1	7	3	4	3	4	0	0
2174_sub1	0	1	1	0	0	0	1	0
2174_sub2	0	1	1	0	0	0	1	0
2174_sub3	0	1	0	1	0	0	0	1
2174_sub4	0	1	0	1	0	0	0	1
2174_sub5	0	1	0	1	0	0	0	1
21740_sub0	1	7	2	5	2	5	0	0
21740_sub1	0	1	1	0	0	0	1	0
21740_sub2	0	1	1	0	0	0	1	0
21761_sub0	0	1	0	1	0	0	0	1
21761_sub1	0	1	1	0	0	0	1	0
21761_sub2	0	1	1	0	0	0	1	0
21761_sub3	0	1	1	0	0	0	1	0
21761_sub4	0	1	0	1	0	0	0	1
21761_sub5	0	1	1	0	0	0	1	0
2177_sub0	0	1	0	1	0	0	0	1
2177_sub1	1	15	6	9	6	9	0	0
2177_sub2	0	1	1	0	0	0	1	0
2177_sub3	0	1	0	1	0	0	0	1
2181_sub0	1	19	8	11	8	11	0	0
2181_sub1	0	1	1	0	0	0	1	0
2181_sub2	0	1	1	0	0	0	1	0
2183_sub0	1	14	3	11	3	11	0	0
2183_sub1	0	1	0	1	0	0	0	1
2183_sub2	0	1	0	1	0	0	0	1
2183_sub3	0	1	0	1	0	0	0	1
2183_sub4	0	1	0	1	0	0	0	1
2184_sub0	1	15	5	10	5	10	0	0
2184_sub1	0	1	1	0	0	0	1	0
2184_sub2	0	1	1	0	0	0	1	0
2184_sub3	0	1	1	0	0	0	1	0
2184_sub4	0	1	1	0	0	0	1	0
2184_sub5	0	1	1	0	0	0	1	0
2186_sub0	1	22	11	11	10	10	1	1
2186_sub1	0	1	1	0	0	0	1	0
2186_sub2	0	1	0	1	0	0	0	1
2186_sub3	0	1	1	0	0	0	1	0
2186_sub4	0	1	1	0	0	0	1	0
2186_sub5	0	1	1	0	0	0	1	0
2186_sub6	0	1	1	0	0	0	1	0
2186_sub7	0	1	1	0	0	0	1	0
219_sub0	0	1	1	0	0	0	1	0
219_sub1	0	1	1	0	0	0	1	0
219_sub2	1	7	2	5	2	5	0	0
219_sub3	0	1	0	1	0	0	0	1
219_sub4	0	1	0	1	0	0	0	1
219_sub5	0	1	1	0	0	0	1	0
219_sub6	0	1	0	1	0	0	0	1
2190_sub0	1	9	4	5	4	5	0	0
21901_sub0	0	1	0	1	0	0	0	1
21901_sub1	0	1	0	1	0	0	0	1
21901_sub2	0	1	1	0	0	0	1	0
21901_sub3	0	1	0	1	0	0	0	1
21901_sub4	0	1	1	0	0	0	1	0
21901_sub5	0	1	0	1	0	0	0	1
2192_sub0	0	1	1	0	0	0	1	0
2192_sub1	0	1	1	0	0	0	1	0
2192_sub2	0	5	2	3	0	0	2	3
2192_sub3	0	1	0	1	0	0	0	1
2192_sub4	0	1	0	1	0	0	0	1
2192_sub5	0	1	1	0	0	0	1	0
2193_sub0	0	1	0	1	0	0	0	1
2193_sub1	1	15	7	8	7	8	0	0
2193_sub2	0	1	1	0	0	0	1	0
21939_sub0	0	1	1	0	0	0	1	0
21939_sub1	0	1	1	0	0	0	1	0
21939_sub2	0	1	0	1	0	0	0	1
21939_sub3	0	1	1	0	0	0	1	0
21939_sub4	0	1	0	1	0	0	0	1
21939_sub5	0	1	0	1	0	0	0	1
21939_sub6	0	1	1	0	0	0	1	0
21939_sub7	0	1	0	1	0	0	0	1
2194_sub0	1	15	9	6	9	6	0	0
2194_sub1	0	1	0	1	0	0	0	1
2194_sub2	0	1	0	1	0	0	0	1
2194_sub3	0	1	0	1	0	0	0	1
2194_sub4	0	1	0	1	0	0	0	1
2194_sub5	0	1	0	1	0	0	0	1
2195_sub0	0	1	0	1	0	0	0	1
2195_sub1	1	9	5	4	5	4	0	0
2195_sub2	0	1	0	1	0	0	0	1
21950_sub0	1	11	5	6	5	6	0	0
21950_sub1	0	1	0	1	0	0	0	1
21950_sub2	0	1	0	1	0	0	0	1
21950_sub3	0	1	1	0	0	0	1	0
2198_sub0	0	1	0	1	0	0	0	1
2198_sub1	1	9	4	5	4	5	0	0
2198_sub2	0	1	1	0	0	0	1	0
21989_sub0	0	1	1	0	0	0	1	0
21989_sub1	1	10	5	5	5	5	0	0
21989_sub2	0	1	0	1	0	0	0	1
21991_sub0	0	4	3	1	0	0	3	1
21991_sub1	0	1	0	1	0	0	0	1
21991_sub2	0	1	1	0	0	0	1	0
21991_sub3	0	1	1	0	0	0	1	0
220_sub0	0	1	0	1	0	0	0	1
220_sub1	0	1	0	1	0	0	0	1
220_sub2	0	1	0	1	0	0	0	1
220_sub3	0	1	0	1	0	0	0	1
220_sub4	0	1	1	0	0	0	1	0
220_sub5	0	1	0	1	0	0	0	1
220_sub6	0	1	1	0	0	0	1	0
220_sub7	0	1	0	1	0	0	0	1
2200_sub0	0	1	1	0	0	0	1	0
2200_sub1	1	6	5	1	5	1	0	0
22025_sub0	0	1	1	0	0	0	1	0
22025_sub1	0	1	0	1	0	0	0	1
22025_sub2	0	1	1	0	0	0	1	0
22025_sub3	0	1	1	0	0	0	1	0
22025_sub4	0	1	1	0	0	0	1	0
22025_sub5	0	1	0	1	0	0	0	1
22030_sub0	0	1	0	1	0	0	0	1
22030_sub1	1	10	4	6	4	6	0	0
2207_sub0	0	5	2	3	0	0	2	3
2207_sub1	0	1	0	1	0	0	0	1
2207_sub2	0	1	1	0	0	0	1	0
2207_sub3	0	1	1	0	0	0	1	0
2207_sub4	0	1	1	0	0	0	1	0
221_sub0	0	1	0	1	0	0	0	1
221_sub1	0	1	0	1	0	0	0	1
221_sub2	0	4	2	2	0	0	2	2
221_sub3	0	1	0	1	0	0	0	1
221_sub4	0	1	1	0	0	0	1	0
221_sub5	0	1	0	1	0	0	0	1
2212_sub0	1	21	9	12	9	11	0	1
2212_sub1	0	1	1	0	0	0	1	0
2212_sub2	0	1	0	1	0	0	0	1
22129_sub0	0	1	1	0	0	0	1	0
22129_sub1	0	1	1	0	0	0	1	0
22129_sub2	0	1	0	1	0	0	0	1
22129_sub3	0	2	0	2	0	0	0	2
22129_sub4	0	1	1	0	0	0	1	0
22129_sub5	0	1	1	0	0	0	1	0
2214_sub0	1	7	1	6	1	6	0	0
2214_sub1	0	1	0	1	0	0	0	1
2215_sub0	1	12	5	7	5	7	0	0
22168_sub0	0	1	1	0	0	0	1	0
22168_sub1	0	1	0	1	0	0	0	1
22168_sub2	0	1	0	1	0	0	0	1
22168_sub3	0	1	1	0	0	0	1	0
22168_sub4	0	1	1	0	0	0	1	0
22168_sub5	0	1	0	1	0	0	0	1
22168_sub6	0	1	0	1	0	0	0	1
22168_sub7	0	1	1	0	0	0	1	0
22168_sub8	0	1	0	1	0	0	0	1
222_sub0	0	1	0	1	0	0	0	1
222_sub1	1	16	5	11	5	11	0	0
222_sub2	0	1	1	0	0	0	1	0
222_sub3	0	1	0	1	0	0	0	1
2221_sub0	1	12	6	6	6	6	0	0
2221_sub1	0	1	1	0	0	0	1	0
2221_sub2	0	1	1	0	0	0	1	0
2221_sub3	0	1	1	0	0	0	1	0
2221_sub4	0	1	0	1	0	0	0	1
2221_sub5	0	1	0	1	0	0	0	1
2222_sub0	0	1	1	0	0	0	1	0
2222_sub1	0	1	0	1	0	0	0	1
2222_sub2	1	9	3	6	3	6	0	0
2222_sub3	0	1	1	0	0	0	1	0
22225_sub0	0	1	1	0	0	0	1	0
22225_sub1	0	1	0	1	0	0	0	1
22225_sub2	0	1	1	0	0	0	1	0
22225_sub3	0	1	1	0	0	0	1	0
22225_sub4	0	1	1	0	0	0	1	0
22225_sub5	0	1	0	1	0	0	0	1
22269_sub0	0	1	1	0	0	0	1	0
22269_sub1	1	6	5	1	5	1	0	0
22269_sub2	0	1	1	0	0	0	1	0
2228_sub0	0	1	0	1	0	0	0	1
2228_sub1	0	1	1	0	0	0	1	0
2228_sub2	0	1	0	1	0	0	0	1
2228_sub3	0	1	1	0	0	0	1	0
2228_sub4	0	1	1	0	0	0	1	0
2228_sub5	0	1	0	1	0	0	0	1
22280_sub0	1	6	3	3	3	3	0	0
2229_sub0	0	1	0	1	0	0	0	1
2229_sub1	1	6	3	3	3	3	0	0
22290_sub0	1	7	5	2	5	2	0	0
22290_sub1	0	1	1	0	0	0	1	0
22299_sub0	0	4	2	2	0	0	2	2
22299_sub1	0	1	1	0	0	0	1	0
22299_sub2	0	1	0	1	0	0	0	1
22299_sub3	0	1	0	1	0	0	0	1
22299_sub4	0	1	1	0	0	0	1	0
2230_sub0	1	13	5	8	5	8	0	0
2230_sub1	0	1	1	0	0	0	1	0
2230_sub2	0	1	1	0	0	0	1	0
22302_sub0	0	2	1	1	0	0	1	1
22302_sub1	0	1	0	1	0	0	0	1
22302_sub2	0	1	1	0	0	0	1	0
22302_sub3	0	1	0	1	0	0	0	1
22302_sub4	0	1	0	1	0	0	0	1
22302_sub5	0	1	1	0	0	0	1	0
22302_sub6	0	1	0	1	0	0	0	1
22306_sub0	0	1	0	1	0	0	0	1
22306_sub1	1	7	4	3	4	3	0	0
2231_sub0	0	1	1	0	0	0	1	0
2231_sub1	0	1	0	1	0	0	0	1
2231_sub2	0	1	0	1	0	0	0	1
2231_sub3	0	1	1	0	0	0	1	0
2231_sub4	0	1	0	1	0	0	0	1
2231_sub5	0	1	0	1	0	0	0	1
22351_sub0	0	4	2	2	0	0	2	2
22351_sub1	0	1	1	0	0	0	1	0
22351_sub2	0	1	1	0	0	0	1	0
22351_sub3	0	1	1	0	0	0	1	0
22375_sub0	0	2	1	1	0	0	1	1
22375_sub1	0	1	1	0	0	0	1	0
22375_sub2	0	1	1	0	0	0	1	0
22375_sub3	0	1	0	1	0	0	0	1
22375_sub4	0	1	1	0	0	0	1	0
2239_sub0	0	1	1	0	0	0	1	0
2239_sub1	0	1	0	1	0	0	0	1
2239_sub2	1	13	8	5	8	5	0	0
2239_sub3	0	1	1	0	0	0	1	0
2239_sub4	0	1	0	1	0	0	0	1
2239_sub5	0	1	0	1	0	0	0	1
224_sub0	0	1	0	1	0	0	0	1
224_sub1	1	7	3	4	3	4	0	0
224_sub2	0	1	1	0	0	0	1	0
22416_sub0	0	1	1	0	0	0	1	0
22416_sub1	0	2	1	1	0	0	1	1
22416_sub2	0	1	0	1	0	0	0	1
22416_sub3	0	1	1	0	0	0	1	0
22416_sub4	0	1	0	1	0	0	0	1
2242_sub0	1	10	4	6	4	6	0	0
2242_sub1	0	1	1	0	0	0	1	0
22446_sub0	0	3	2	1	0	0	2	1
22446_sub1	0	1	0	1	0	0	0	1
22446_sub2	0	1	1	0	0	0	1	0
22446_sub3	0	1	0	1	0	0	0	1
22456_sub0	0	1	1	0	0	0	1	0
22456_sub1	0	1	1	0	0	0	1	0
22456_sub2	0	1	1	0	0	0	1	0
22456_sub3	0	1	0	1	0	0	0	1
22456_sub4	0	1	0	1	0	0	0	1
22456_sub5	0	1	0	1	0	0	0	1
2247_sub0	1	9	1	8	1	8	0	0
2247_sub1	0	1	0	1	0	0	0	1
2247_sub2	0	1	0	1	0	0	0	1
22492_sub0	1	7	3	4	3	4	0	0
2250_sub0	0	1	0	1	0	0	0	1
2250_sub1	0	4	4	0	0	0	4	0
2250_sub2	0	1	1	0	0	0	1	0
22514_sub0	0	1	0	1	0	0	0	1
22514_sub1	0	1	1	0	0	0	1	0
22514_sub2	0	1	1	0	0	0	1	0
22514_sub3	0	1	0	1	0	0	0	1
22514_sub4	0	1	1	0	0	0	1	0
22514_sub5	0	1	0	1	0	0	0	1
22514_sub6	0	1	1	0	0	0	1	0
2253_sub0	1	22	10	12	10	10	0	2
22536_sub0	0	5	4	1	0	0	4	1
22536_sub1	0	1	0	1	0	0	0	1
2255_sub0	1	9	5	4	5	4	0	0
2255_sub1	0	1	0	1	0	0	0	1
2255_sub2	0	1	0	1	0	0	0	1
2255_sub3	0	1	0	1	0	0	0	1
22558_sub0	1	9	5	4	5	4	0	0
22558_sub1	0	1	1	0	0	0	1	0
22558_sub2	0	1	1	0	0	0	1	0
2257_sub0	0	1	1	0	0	0	1	0
2257_sub1	0	5	3	2	0	0	3	2
2257_sub2	0	1	1	0	0	0	1	0
22585_sub0	0	1	0	1	0	0	0	1
22585_sub1	0	1	1	0	0	0	1	0
22585_sub2	0	1	1	0	0	0	1	0
22585_sub3	0	1	1	0	0	0	1	0
22585_sub4	0	1	0	1	0	0	0	1
22585_sub5	0	1	1	0	0	0	1	0
22585_sub6	0	1	0	1	0	0	0	1
22589_sub0	0	1	1	0	0	0	1	0
22589_sub1	0	1	1	0	0	0	1	0
22589_sub2	0	1	1	0	0	0	1	0
22589_sub3	0	1	0	1	0	0	0	1
22589_sub4	0	1	1	0	0	0	1	0
22589_sub5	0	1	0	1	0	0	0	1
2263_sub0	1	15	6	9	6	9	0	0
2263_sub1	0	1	0	1	0	0	0	1
2263_sub2	0	1	0	1	0	0	0	1
2263_sub3	0	1	0	1	0	0	0	1
2263_sub4	0	1	1	0	0	0	1	0
22638_sub0	0	1	0	1	0	0	0	1
22638_sub1	0	1	0	1	0	0	0	1
22638_sub2	0	1	1	0	0	0	1	0
22638_sub3	0	1	1	0	0	0	1	0
22638_sub4	0	1	1	0	0	0	1	0
22638_sub5	0	1	1	0	0	0	1	0
2264_sub0	0	1	0	1	0	0	0	1
2264_sub1	1	10	7	3	7	3	0	0
2264_sub2	0	1	0	1	0	0	0	1
2264_sub3	0	1	0	1	0	0	0	1
22642_sub0	1	8	5	3	5	3	0	0
22642_sub1	0	1	0	1	0	0	0	1
22642_sub2	0	1	0	1	0	0	0	1
22652_sub0	0	1	1	0	0	0	1	0
22652_sub1	0	1	0	1	0	0	0	1
22652_sub2	0	1	1	0	0	0	1	0
22652_sub3	0	1	0	1	0	0	0	1
22652_sub4	0	1	1	0	0	0	1	0
22652_sub5	0	1	0	1	0	0	0	1
22664_sub0	1	8	5	3	5	3	0	0
22664_sub1	0	1	0	1	0	0	0	1
22664_sub2	0	1	0	1	0	0	0	1
22671_sub0	0	1	1	0	0	0	1	0
22671_sub1	0	1	0	1	0	0	0	1
22671_sub2	0	1	0	1	0	0	0	1
22671_sub3	0	1	0	1	0	0	0	1
22671_sub4	0	1	0	1	0	0	0	1
22671_sub5	0	1	0	1	0	0	0	1
22695_sub0	1	7	4	3	4	3	0	0
22707_sub0	0	1	1	0	0	0	1	0
22707_sub1	0	1	0	1	0	0	0	1
22707_sub2	0	1	1	0	0	0	1	0
22707_sub3	0	2	1	1	0	0	1	1
22707_sub4	0	1	0	1	0	0	0	1
2272_sub0	0	1	0	1	0	0	0	1
2272_sub1	1	14	6	8	6	8	0	0
2272_sub2	0	1	0	1	0	0	0	1
2273_sub0	0	1	0	1	0	0	0	1
2273_sub1	1	17	6	11	6	11	0	0
2273_sub2	0	1	1	0	0	0	1	0
2273_sub3	0	1	1	0	0	0	1	0
2273_sub4	0	1	0	1	0	0	0	1
2274_sub0	0	1	0	1	0	0	0	1
2274_sub1	0	1	0	1	0	0	0	1
2274_sub2	0	1	0	1	0	0	0	1
2274_sub3	0	1	0	1	0	0	0	1
2274_sub4	1	16	7	9	7	9	0	0
2274_sub5	0	1	0	1	0	0	0	1
2274_sub6	0	1	0	1	0	0	0	1
2274_sub7	0	1	0	1	0	0	0	1
2274_sub8	0	1	0	1	0	0	0	1
2274_sub9	0	1	1	0	0	0	1	0
22749_sub0	1	14	7	7	7	7	0	0
22749_sub1	0	1	1	0	0	0	1	0
22749_sub2	0	1	0	1	0	0	0	1
2275_sub0	1	20	12	8	12	8	0	0
2275_sub1	0	1	0	1	0	0	0	1
2275_sub2	0	1	0	1	0	0	0	1
2278_sub0	0	1	0	1	0	0	0	1
2278_sub1	1	7	4	3	4	3	0	0
2278_sub2	0	1	0	1	0	0	0	1
2278_sub3	0	1	1	0	0	0	1	0
2279_sub0	1	24	18	6	14	6	4	0
2279_sub1	0	1	0	1	0	0	0	1
2279_sub2	0	1	1	0	0	0	1	0
2279_sub3	0	1	1	0	0	0	1	0
2279_sub4	0	1	1	0	0	0	1	0
228_sub0	0	1	0	1	0	0	0	1
228_sub1	1	11	4	7	4	7	0	0
228_sub2	0	1	0	1	0	0	0	1
22803_sub0	0	1	0	1	0	0	0	1
22803_sub1	1	7	3	4	3	4	0	0
22811_sub0	0	1	1	0	0	0	1	0
22811_sub1	0	1	1	0	0	0	1	0
22811_sub2	0	1	1	0	0	0	1	0
22811_sub3	0	1	1	0	0	0	1	0
22811_sub4	0	1	0	1	0	0	0	1
22811_sub5	0	1	1	0	0	0	1	0
22834_sub0	0	1	0	1	0	0	0	1
22834_sub1	0	1	1	0	0	0	1	0
22834_sub2	0	2	1	1	0	0	1	1
22834_sub3	0	1	1	0	0	0	1	0
22834_sub4	0	1	1	0	0	0	1	0
22839_sub0	0	5	3	2	0	0	3	2
22839_sub1	0	1	0	1	0	0	0	1
22839_sub2	0	1	0	1	0	0	0	1
22845_sub0	0	1	1	0	0	0	1	0
22845_sub1	0	5	1	4	0	0	1	4
22845_sub2	0	1	0	1	0	0	0	1
22864_sub0	0	1	0	1	0	0	0	1
22864_sub1	0	1	1	0	0	0	1	0
22864_sub2	1	6	4	2	4	2	0	0
22867_sub0	0	1	1	0	0	0	1	0
22867_sub1	0	1	0	1	0	0	0	1
22867_sub2	0	1	1	0	0	0	1	0
22867_sub3	0	1	0	1	0	0	0	1
22867_sub4	0	1	1	0	0	0	1	0
22867_sub5	0	1	0	1	0	0	0	1
2288_sub0	0	1	1	0	0	0	1	0
2288_sub1	0	1	0	1	0	0	0	1
2288_sub2	0	1	1	0	0	0	1	0
2288_sub3	0	1	0	1	0	0	0	1
2288_sub4	0	1	0	1	0	0	0	1
2288_sub5	1	13	8	5	8	5	0	0
2288_sub6	0	1	0	1	0	0	0	1
2288_sub7	0	1	1	0	0	0	1	0
2288_sub8	0	1	0	1	0	0	0	1
2288_sub9	0	1	1	0	0	0	1	0
2288_sub10	0	1	0	1	0	0	0	1
22890_sub0	1	12	8	4	8	4	0	0
22890_sub1	0	1	1	0	0	0	1	0
22890_sub2	0	1	1	0	0	0	1	0
22917_sub0	0	1	0	1	0	0	0	1
22917_sub1	0	1	0	1	0	0	0	1
22917_sub2	0	1	0	1	0	0	0	1
22917_sub3	0	1	1	0	0	0	1	0
22917_sub4	0	1	0	1	0	0	0	1
22917_sub5	0	1	1	0	0	0	1	0
22917_sub6	0	1	0	1	0	0	0	1
2292_sub0	1	21	9	12	9	11	0	1
2292_sub1	0	1	0	1	0	0	0	1
2292_sub2	0	1	0	1	0	0	0	1
2292_sub3	0	1	0	1	0	0	0	1
22928_sub0	0	1	1	0	0	0	1	0
22928_sub1	0	1	1	0	0	0	1	0
22928_sub2	0	1	0	1	0	0	0	1
22928_sub3	0	1	1	0	0	0	1	0
22928_sub4	0	1	0	1	0	0	0	1
22928_sub5	0	1	0	1	0	0	0	1
2294_sub0	0	2	0	2	0	0	0	2
2294_sub1	0	1	0	1	0	0	0	1
2294_sub2	0	1	0	1	0	0	0	1
2294_sub3	0	1	1	0	0	0	1	0
2294_sub4	0	1	1	0	0	0	1	0
2294_sub5	0	1	1	0	0	0	1	0
2295_sub0	1	16	5	11	5	11	0	0
2295_sub1	0	1	0	1	0	0	0	1
2295_sub2	0	1	0	1	0	0	0	1
2295_sub3	0	1	0	1	0	0	0	1
22952_sub0	0	1	0	1	0	0	0	1
22952_sub1	0	1	1	0	0	0	1	0
22952_sub2	0	1	1	0	0	0	1	0
22952_sub3	0	1	1	0	0	0	1	0
22952_sub4	0	1	0	1	0	0	0	1
22952_sub5	0	1	1	0	0	0	1	0
22952_sub6	0	1	0	1	0	0	0	1
22954_sub0	1	6	2	4	2	4	0	0
22954_sub1	0	1	0	1	0	0	0	1
22954_sub2	0	1	1	0	0	0	1	0
22954_sub3	0	1	0	1	0	0	0	1
2297_sub0	0	1	0	1	0	0	0	1
2297_sub1	1	9	6	3	6	3	0	0
2297_sub2	0	1	0	1	0	0	0	1
230_sub0	0	1	0	1	0	0	0	1
230_sub1	1	18	8	10	8	10	0	0
230_sub2	0	1	1	0	0	0	1	0
230_sub3	0	1	0	1	0	0	0	1
230_sub4	0	1	1	0	0	0	1	0
2303_sub0	1	6	5	1	5	1	0	0
2303_sub1	0	1	0	1	0	0	0	1
23054_sub0	1	6	4	2	4	2	0	0
23054_sub1	0	1	0	1	0	0	0	1
2308_sub0	1	24	18	6	14	6	4	0
2308_sub1	0	1	1	0	0	0	1	0
2308_sub2	0	1	0	1	0	0	0	1
2308_sub3	0	1	0	1	0	0	0	1
2308_sub4	0	1	1	0	0	0	1	0
2310_sub0	0	1	0	1	0	0	0	1
2310_sub1	1	11	9	2	9	2	0	0
2310_sub2	0	1	0	1	0	0	0	1
2310_sub3	0	1	0	1	0	0	0	1
23101_sub0	0	1	1	0	0	0	1	0
23101_sub1	0	1	1	0	0	0	1	0
23101_sub2	0	1	1	0	0	0	1	0
23101_sub3	0	1	0	1	0	0	0	1
23101_sub4	0	1	1	0	0	0	1	0
23101_sub5	0	1	0	1	0	0	0	1
2312_sub0	0	1	1	0	0	0	1	0
2312_sub1	1	14	3	11	3	11	0	0
2312_sub2	0	1	1	0	0	0	1	0
2313_sub0	0	1	1	0	0	0	1	0
2313_sub1	1	17	8	9	8	9	0	0
2313_sub2	0	1	1	0	0	0	1	0
2313_sub3	0	1	1	0	0	0	1	0
2313_sub4	0	1	1	0	0	0	1	0
2313_sub5	0	1	0	1	0	0	0	1
2313_sub6	0	1	0	1	0	0	0	1
23144_sub0	0	1	1	0	0	0	1	0
23144_sub1	1	15	9	6	9	6	0	0
23144_sub2	0	1	1	0	0	0	1	0
23180_sub0	1	6	3	3	3	3	0	0
23180_sub1	0	2	1	1	0	0	1	1
23180_sub2	0	1	1	0	0	0	1	0
23180_sub3	0	1	1	0	0	0	1	0
23181_sub0	0	3	1	2	0	0	1	2
23181_sub1	1	6	5	1	5	1	0	0
23181_sub2	0	1	1	0	0	0	1	0
2321_sub0	1	6	3	3	3	3	0	0
2321_sub1	0	1	1	0	0	0	1	0
23221_sub0	0	1	0	1	0	0	0	1
23221_sub1	0	1	1	0	0	0	1	0
23221_sub2	0	1	0	1	0	0	0	1
23221_sub3	0	1	1	0	0	0	1	0
23221_sub4	0	1	1	0	0	0	1	0
23221_sub5	0	1	0	1	0	0	0	1
23221_sub6	0	1	1	0	0	0	1	0
2323_sub0	0	1	1	0	0	0	1	0
2323_sub1	0	1	0	1	0	0	0	1
2323_sub2	1	14	5	9	5	9	0	0
2323_sub3	0	1	0	1	0	0	0	1
2323_sub4	0	1	1	0	0	0	1	0
2323_sub5	0	1	0	1	0	0	0	1
23258_sub0	0	1	1	0	0	0	1	0
23258_sub1	0	1	0	1	0	0	0	1
23258_sub2	0	1	0	1	0	0	0	1
23258_sub3	0	1	1	0	0	0	1	0
23258_sub4	0	1	1	0	0	0	1	0
23258_sub5	0	1	0	1	0	0	0	1
2327_sub0	0	1	0	1	0	0	0	1
2327_sub1	1	20	10	10	10	10	0	0
2327_sub2	0	1	0	1	0	0	0	1
23275_sub0	0	1	1	0	0	0	1	0
23275_sub1	0	1	1	0	0	0	1	0
23275_sub2	0	1	0	1	0	0	0	1
23275_sub3	0	1	0	1	0	0	0	1
23275_sub4	0	1	0	1	0	0	0	1
23275_sub5	0	1	1	0	0	0	1	0
23275_sub6	0	1	1	0	0	0	1	0
23290_sub0	1	6	5	1	5	1	0	0
23312_sub0	0	1	0	1	0	0	0	1
23312_sub1	0	1	0	1	0	0	0	1
23312_sub2	0	1	0	1	0	0	0	1
23312_sub3	0	1	1	0	0	0	1	0
23312_sub4	0	1	1	0	0	0	1	0
23312_sub5	0	1	1	0	0	0	1	0
23312_sub6	0	1	0	1	0	0	0	1
23326_sub0	0	1	0	1	0	0	0	1
23326_sub1	0	1	0	1	0	0	0	1
23326_sub2	1	7	3	4	3	4	0	0
23326_sub3	0	1	0	1	0	0	0	1
2336_sub0	0	1	0	1	0	0	0	1
2336_sub1	0	1	0	1	0	0	0	1
2336_sub2	1	8	4	4	4	4	0	0
23361_sub0	0	1	0	1	0	0	0	1
23361_sub1	0	2	1	1	0	0	1	1
23361_sub2	0	1	0	1	0	0	0	1
23361_sub3	0	1	0	1	0	0	0	1
23361_sub4	0	1	1	0	0	0	1	0
23383_sub0	0	1	0	1	0	0	0	1
23383_sub1	1	7	3	4	3	4	0	0
23383_sub2	0	1	1	0	0	0	1	0
2340_sub0	0	1	0	1	0	0	0	1
2340_sub1	0	1	0	1	0	0	0	1
2340_sub2	0	1	0	1	0	0	0	1
2340_sub3	0	1	1	0	0	0	1	0
2340_sub4	0	1	1	0	0	0	1	0
2340_sub5	0	1	0	1	0	0	0	1
23461_sub0	0	1	1	0	0	0	1	0
23461_sub1	1	9	7	2	7	2	0	0
23461_sub2	0	1	0	1	0	0	0	1
2348_sub0	1	6	3	3	3	3	0	0
2348_sub1	0	1	0	1	0	0	0	1
2348_sub2	0	1	0	1	0	0	0	1
23483_sub0	0	1	1	0	0	0	1	0
23483_sub1	0	1	1	0	0	0	1	0
23483_sub2	0	1	0	1	0	0	0	1
23483_sub3	0	1	1	0	0	0	1	0
23483_sub4	0	1	0	1	0	0	0	1
23483_sub5	0	1	0	1	0	0	0	1
23483_sub6	0	1	1	0	0	0	1	0
235_sub0	0	1	0	1	0	0	0	1
235_sub1	1	13	7	6	7	6	0	0
235_sub2	0	1	1	0	0	0	1	0
235_sub3	0	1	1	0	0	0	1	0
235_sub4	0	1	1	0	0	0	1	0
235_sub5	0	1	0	1	0	0	0	1
235_sub6	0	1	0	1	0	0	0	1
2353_sub0	1	7	4	3	4	3	0	0
2354_sub0	0	1	0	1	0	0	0	1
2354_sub1	0	1	0	1	0	0	0	1
2354_sub2	1	9	2	7	2	7	0	0
2354_sub3	0	1	0	1	0	0	0	1
2354_sub4	0	1	0	1	0	0	0	1
2355_sub0	1	20	15	5	15	5	0	0
2355_sub1	0	1	1	0	0	0	1	0
2355_sub2	0	1	1	0	0	0	1	0
2355_sub3	0	1	1	0	0	0	1	0
2357_sub0	0	1	0	1	0	0	0	1
2357_sub1	0	1	0	1	0	0	0	1
2357_sub2	0	1	0	1	0	0	0	1
2357_sub3	0	1	0	1	0	0	0	1
2357_sub4	0	1	0	1	0	0	0	1
2357_sub5	0	1	1	0	0	0	1	0
2359_sub0	0	1	0	1	0	0	0	1
2359_sub1	1	14	7	7	7	7	0	0
2359_sub2	0	1	0	1	0	0	0	1
2359_sub3	0	1	1	0	0	0	1	0
2359_sub4	0	1	0	1	0	0	0	1
23619_sub0	0	5	2	3	0	0	2	3
23619_sub1	0	1	1	0	0	0	1	0
23619_sub2	0	1	0	1	0	0	0	1
23638_sub0	0	1	0	1	0	0	0	1
23638_sub1	1	8	3	5	3	5	0	0
23638_sub2	0	1	0	1	0	0	0	1
23638_sub3	0	1	0	1	0	0	0	1
23638_sub4	0	1	1	0	0	0	1	0
2365_sub0	1	23	10	13	10	10	0	3
2365_sub1	0	1	1	0	0	0	1	0
2365_sub2	0	1	0	1	0	0	0	1
23677_sub0	0	1	0	1	0	0	0	1
23677_sub1	1	13	7	6	7	6	0	0
237_sub0	0	1	0	1	0	0	0	1
237_sub1	0	1	0	1	0	0	0	1
237_sub2	0	1	1	0	0	0	1	0
237_sub3	0	1	1	0	0	0	1	0
237_sub4	1	14	6	8	6	8	0	0
237_sub5	0	1	1	0	0	0	1	0
237_sub6	0	1	0	1	0	0	0	1
237_sub7	0	1	1	0	0	0	1	0
237_sub8	0	1	0	1	0	0	0	1
2372_sub0	1	19	9	10	9	10	0	0
2372_sub1	0	1	0	1	0	0	0	1
2372_sub2	0	1	1	0	0	0	1	0
23726_sub0	0	1	0	1	0	0	0	1
23726_sub1	0	1	0	1	0	0	0	1
23726_sub2	0	1	0	1	0	0	0	1
23726_sub3	0	1	1	0	0	0	1	0
23726_sub4	0	1	1	0	0	0	1	0
23726_sub5	0	1	0	1	0	0	0	1
23753_sub0	0	1	1	0	0	0	1	0
23753_sub1	0	1	1	0	0	0	1	0
23753_sub2	0	1	0	1	0	0	0	1
23753_sub3	0	1	0	1	0	0	0	1
23753_sub4	0	1	0	1	0	0	0	1
23753_sub5	0	1	1	0	0	0	1	0
2376_sub0	1	12	8	4	8	4	0	0
2376_sub1	0	1	0	1	0	0	0	1
2376_sub2	0	1	0	1	0	0	0	1
2376_sub3	0	1	1	0	0	0	1	0
2376_sub4	0	1	1	0	0	0	1	0
2376_sub5	0	1	0	1	0	0	0	1
2376_sub6	0	1	1	0	0	0	1	0
2376_sub7	0	1	0	1	0	0	0	1
2376_sub8	0	1	0	1	0	0	0	1
2377_sub0	1	7	3	4	3	4	0	0
2377_sub1	0	1	0	1	0	0	0	1
2377_sub2	0	1	0	1	0	0	0	1
2377_sub3	0	1	1	0	0	0	1	0
2377_sub4	0	1	0	1	0	0	0	1
23770_sub0	1	6	3	3	3	3	0	0
23783_sub0	0	5	0	5	0	0	0	5
23783_sub1	0	1	1	0	0	0	1	0
23783_sub2	0	1	0	1	0	0	0	1
238_sub0	0	1	0	1	0	0	0	1
238_sub1	0	1	0	1	0	0	0	1
238_sub2	1	17	9	8	9	8	0	0
238_sub3	0	1	0	1	0	0	0	1
238_sub4	0	1	0	1	0	0	0	1
23803_sub0	0	1	1	0	0	0	1	0
23803_sub1	0	1	1	0	0	0	1	0
23803_sub2	0	1	0	1	0	0	0	1
23803_sub3	0	1	0	1	0	0	0	1
23803_sub4	0	1	1	0	0	0	1	0
23803_sub5	0	1	0	1	0	0	0	1
23803_sub6	0	1	1	0	0	0	1	0
23807_sub0	0	1	1	0	0	0	1	0
23807_sub1	0	1	0	1	0	0	0	1
23807_sub2	0	1	0	1	0	0	0	1
23807_sub3	0	1	1	0	0	0	1	0
23807_sub4	0	1	0	1	0	0	0	1
23807_sub5	0	1	1	0	0	0	1	0
2381_sub0	0	1	0	1	0	0	0	1
2381_sub1	0	1	0	1	0	0	0	1
2381_sub2	0	1	0	1	0	0	0	1
2381_sub3	0	1	1	0	0	0	1	0
2381_sub4	0	1	1	0	0	0	1	0
2381_sub5	0	1	1	0	0	0	1	0
2382_sub0	0	1	0	1	0	0	0	1
2382_sub1	1	7	4	3	4	3	0	0
23863_sub0	1	15	7	8	7	8	0	0
23863_sub1	0	1	0	1	0	0	0	1
23863_sub2	0	1	0	1	0	0	0	1
23863_sub3	0	1	1	0	0	0	1	0
23863_sub4	0	1	1	0	0	0	1	0
23891_sub0	0	1	1	0	0	0	1	0
23891_sub1	0	5	1	4	0	0	1	4
23891_sub2	0	1	1	0	0	0	1	0
23891_sub3	0	1	0	1	0	0	0	1
23891_sub4	0	1	0	1	0	0	0	1
23891_sub5	0	1	1	0	0	0	1	0
23891_sub6	0	1	1	0	0	0	1	0
23895_sub0	0	1	1	0	0	0	1	0
23895_sub1	1	10	5	5	5	5	0	0
23895_sub2	0	1	1	0	0	0	1	0
23897_sub0	0	1	0	1	0	0	0	1
23897_sub1	0	2	0	2	0	0	0	2
23897_sub2	0	1	1	0	0	0	1	0
23897_sub3	0	1	0	1	0	0	0	1
23897_sub4	0	1	0	1	0	0	0	1
23956_sub0	1	18	5	13	5	13	0	0
23956_sub1	0	1	0	1	0	0	0	1
23983_sub0	0	1	0	1	0	0	0	1
23983_sub1	0	1	1	0	0	0	1	0
23983_sub2	0	1	1	0	0	0	1	0
23983_sub3	0	1	1	0	0	0	1	0
23983_sub4	0	1	0	1	0	0	0	1
23983_sub5	0	1	0	1	0	0	0	1
2399_sub0	1	21	9	12	9	11	0	1
2399_sub1	0	1	1	0	0	0	1	0
2399_sub2	0	1	0	1	0	0	0	1
2399_sub3	0	1	0	1	0	0	0	1
2399_sub4	0	1	0	1	0	0	0	1
24_sub0	0	1	1	0	0	0	1	0
24_sub1	0	1	0	1	0	0	0	1
24_sub2	0	1	0	1	0	0	0	1
24_sub3	0	1	0	1	0	0	0	1
24_sub4	0	1	1	0	0	0	1	0
24_sub5	0	1	0	1	0	0	0	1
24_sub6	0	1	0	1	0	0	0	1
24_sub7	0	1	1	0	0	0	1	0
24_sub8	0	1	0	1	0	0	0	1
2401_sub0	1	23	9	14	9	11	0	3
2401_sub1	0	1	1	0	0	0	1	0
2401_sub2	0	1	1	0	0	0	1	0
24048_sub0	0	1	0	1	0	0	0	1
24048_sub1	0	1	0	1	0	0	0	1
24048_sub2	0	1	0	1	0	0	0	1
24048_sub3	0	1	1	0	0	0	1	0
24048_sub4	0	1	1	0	0	0	1	0
24048_sub5	0	1	0	1	0	0	0	1
24048_sub6	0	1	1	0	0	0	1	0
24078_sub0	0	1	1	0	0	0	1	0
24078_sub1	0	5	1	4	0	0	1	4
24078_sub2	0	1	0	1	0	0	0	1
2409_sub0	1	14	7	7	7	7	0	0
2409_sub1	0	1	0	1	0	0	0	1
2409_sub2	0	1	0	1	0	0	0	1
2409_sub3	0	1	0	1	0	0	0	1
24098_sub0	0	1	0	1	0	0	0	1
24098_sub1	0	1	1	0	0	0	1	0
24098_sub2	0	1	1	0	0	0	1	0
24098_sub3	0	1	0	1	0	0	0	1
24098_sub4	0	1	1	0	0	0	1	0
24098_sub5	0	1	0	1	0	0	0	1
2411_sub0	1	16	6	10	6	10	0	0
2411_sub1	0	1	1	0	0	0	1	0
2411_sub2	0	1	1	0	0	0	1	0
2411_sub3	0	1	0	1	0	0	0	1
2413_sub0	1	12	4	8	4	8	0	0
2413_sub1	0	1	0	1	0	0	0	1
2413_sub2	0	1	1	0	0	0	1	0
2413_sub3	0	2	0	2	0	0	0	2
2413_sub4	0	1	1	0	0	0	1	0
2416_sub0	1	9	4	5	4	5	0	0
2416_sub1	0	1	0	1	0	0	0	1
2416_sub2	0	1	1	0	0	0	1	0
2416_sub3	0	1	1	0	0	0	1	0
2417_sub0	0	1	0	1	0	0	0	1
2417_sub1	0	1	0	1	0	0	0	1
2417_sub2	0	1	0	1	0	0	0	1
2417_sub3	0	1	1	0	0	0	1	0
2417_sub4	0	1	0	1	0	0	0	1
2417_sub5	0	1	0	1	0	0	0	1
24196_sub0	0	1	0	1	0	0	0	1
24196_sub1	0	1	0	1	0	0	0	1
24196_sub2	0	1	0	1	0	0	0	1
24196_sub3	0	1	1	0	0	0	1	0
24196_sub4	0	1	1	0	0	0	1	0
24196_sub5	0	1	0	1	0	0	0	1
24196_sub6	0	1	0	1	0	0	0	1
242_sub0	0	1	0	1	0	0	0	1
242_sub1	1	30	12	18	10	10	2	8
242_sub2	0	1	1	0	0	0	1	0
242_sub3	0	1	1	0	0	0	1	0
242_sub4	0	1	0	1	0	0	0	1
242_sub5	0	1	1	0	0	0	1	0
242_sub6	0	1	1	0	0	0	1	0
242_sub7	0	1	1	0	0	0	1	0
24214_sub0	0	1	1	0	0	0	1	0
24214_sub1	1	6	6	0	6	0	0	0
2422_sub0	0	2	1	1	0	0	1	1
2422_sub1	0	1	0	1	0	0	0	1
2422_sub2	0	1	1	0	0	0	1	0
2422_sub3	0	1	1	0	0	0	1	0
2422_sub4	0	1	1	0	0	0	1	0
2423_sub0	1	9	4	5	4	5	0	0
2423_sub1	0	1	0	1	0	0	0	1
2423_sub2	0	1	0	1	0	0	0	1
2423_sub3	0	1	0	1	0	0	0	1
2423_sub4	0	1	0	1	0	0	0	1
2423_sub5	0	1	1	0	0	0	1	0
2426_sub0	1	20	10	10	10	10	0	0
2426_sub1	0	1	1	0	0	0	1	0
2426_sub2	0	1	0	1	0	0	0	1
2426_sub3	0	1	1	0	0	0	1	0
24286_sub0	0	1	1	0	0	0	1	0
24286_sub1	0	1	0	1	0	0	0	1
24286_sub2	0	1	1	0	0	0	1	0
24286_sub3	0	1	1	0	0	0	1	0
24286_sub4	0	1	1	0	0	0	1	0
24286_sub5	0	1	1	0	0	0	1	0
24286_sub6	0	1	0	1	0	0	0	1
2433_sub0	0	1	0	1	0	0	0	1
2433_sub1	1	21	8	13	8	12	0	1
2433_sub2	0	1	0	1	0	0	0	1
2433_sub3	0	1	1	0	0	0	1	0
2434_sub0	0	1	0	1	0	0	0	1
2434_sub1	0	1	0	1	0	0	0	1
2434_sub2	1	19	7	12	7	12	0	0
24346_sub0	1	6	2	4	2	4	0	0
2435_sub0	0	1	0	1	0	0	0	1
2435_sub1	0	1	1	0	0	0	1	0
2435_sub2	0	1	0	1	0	0	0	1
2435_sub3	0	1	1	0	0	0	1	0
2435_sub4	0	1	0	1	0	0	0	1
2435_sub5	0	1	0	1	0	0	0	1
2436_sub0	1	12	5	7	5	7	0	0
2436_sub1	0	1	1	0	0	0	1	0
2436_sub2	0	1	0	1	0	0	0	1
24361_sub0	0	1	1	0	0	0	1	0
24361_sub1	0	1	1	0	0	0	1	0
24361_sub2	0	1	0	1	0	0	0	1
24361_sub3	0	1	1	0	0	0	1	0
24361_sub4	0	1	1	0	0	0	1	0
24361_sub5	0	1	0	1	0	0	0	1
24361_sub6	0	1	0	1	0	0	0	1
24361_sub7	0	1	0	1	0	0	0	1
24365_sub0	0	1	1	0	0	0	1	0
24365_sub1	0	1	0	1	0	0	0	1
24365_sub2	0	1	1	0	0	0	1	0
24365_sub3	0	1	1	0	0	0	1	0
24365_sub4	0	1	0	1	0	0	0	1
24365_sub5	0	1	1	0	0	0	1	0
2438_sub0	0	1	1	0	0	0	1	0
2438_sub1	1	16	9	7	9	7	0	0
2438_sub2	0	1	1	0	0	0	1	0
2438_sub3	0	1	1	0	0	0	1	0
2438_sub4	0	1	1	0	0	0	1	0
2439_sub0	0	1	0	1	0	0	0	1
2439_sub1	0	1	1	0	0	0	1	0
2439_sub2	0	1	0	1	0	0	0	1
2439_sub3	0	1	0	1	0	0	0	1
2439_sub4	0	1	1	0	0	0	1	0
2439_sub5	0	1	0	1	0	0	0	1
2439_sub6	0	1	1	0	0	0	1	0
244_sub0	0	1	1	0	0	0	1	0
244_sub1	0	1	1	0	0	0	1	0
244_sub2	0	1	1	0	0	0	1	0
244_sub3	0	1	0	1	0	0	0	1
244_sub4	0	1	1	0	0	0	1	0
244_sub5	0	1	0	1	0	0	0	1
244_sub6	0	1	0	1	0	0	0	1
244_sub7	0	1	0	1	0	0	0	1
24402_sub0	1	11	6	5	6	5	0	0
2442_sub0	1	17	9	8	9	8	0	0
2442_sub1	0	1	1	0	0	0	1	0
2442_sub2	0	1	1	0	0	0	1	0
2442_sub3	0	1	0	1	0	0	0	1
2442_sub4	0	1	0	1	0	0	0	1
2448_sub0	1	14	8	6	8	6	0	0
2448_sub1	0	1	1	0	0	0	1	0
2448_sub2	0	1	1	0	0	0	1	0
2448_sub3	0	1	1	0	0	0	1	0
2448_sub4	0	1	1	0	0	0	1	0
2448_sub5	0	1	0	1	0	0	0	1
24496_sub0	0	1	1	0	0	0	1	0
24496_sub1	0	5	3	2	0	0	3	2
245_sub0	0	1	0	1	0	0	0	1
245_sub1	0	1	1	0	0	0	1	0
245_sub2	1	18	13	5	13	5	0	0
245_sub3	0	1	1	0	0	0	1	0
245_sub4	0	1	0	1	0	0	0	1
245_sub5	0	1	1	0	0	0	1	0
245_sub6	0	1	0	1	0	0	0	1
245_sub7	0	1	0	1	0	0	0	1
245_sub8	0	1	1	0	0	0	1	0
2450_sub0	0	1	0	1	0	0	0	1
2450_sub1	1	12	5	7	5	7	0	0
2450_sub2	0	1	1	0	0	0	1	0
2452_sub0	1	9	6	3	6	3	0	0
2452_sub1	0	1	0	1	0	0	0	1
2452_sub2	0	1	1	0	0	0	1	0
24525_sub0	0	1	1	0	0	0	1	0
24525_sub1	0	4	4	0	0	0	4	0
24525_sub2	0	1	0	1	0	0	0	1
24525_sub3	0	1	0	1	0	0	0	1
2458_sub0	0	1	1	0	0	0	1	0
2458_sub1	0	1	0	1	0	0	0	1
2458_sub2	0	1	1	0	0	0	1	0
2458_sub3	0	2	1	1	0	0	1	1
2458_sub4	0	1	0	1	0	0	0	1
2459_sub0	1	8	4	4	4	4	0	0
2459_sub1	0	1	0	1	0	0	0	1
24595_sub0	0	5	3	2	0	0	3	2
24595_sub1	0	1	1	0	0	0	1	0
24595_sub2	0	1	1	0	0	0	1	0
2463_sub0	1	6	3	3	3	3	0	0
2463_sub1	0	1	0	1	0	0	0	1
2463_sub2	0	1	0	1	0	0	0	1
2465_sub0	0	1	0	1	0	0	0	1
2465_sub1	0	1	0	1	0	0	0	1
2465_sub2	0	1	0	1	0	0	0	1
2465_sub3	0	1	0	1	0	0	0	1
2465_sub4	0	1	0	1	0	0	0	1
2465_sub5	0	1	1	0	0	0	1	0
2465_sub6	0	1	1	0	0	0	1	0
24651_sub0	0	1	0	1	0	0	0	1
24651_sub1	1	13	8	5	8	5	0	0
24651_sub2	0	1	0	1	0	0	0	1
2466_sub0	1	12	7	5	7	5	0	0
2466_sub1	0	1	1	0	0	0	1	0
2466_sub2	0	1	0	1	0	0	0	1
2466_sub3	0	1	0	1	0	0	0	1
2466_sub4	0	1	0	1	0	0	0	1
24669_sub0	0	1	0	1	0	0	0	1
24669_sub1	0	1	0	1	0	0	0	1
24669_sub2	0	1	0	1	0	0	0	1
24669_sub3	0	1	0	1	0	0	0	1
24669_sub4	0	1	1	0	0	0	1	0
24669_sub5	0	1	0	1	0	0	0	1
2467_sub0	0	1	0	1	0	0	0	1
2467_sub1	1	16	6	10	6	10	0	0
2467_sub2	0	1	0	1	0	0	0	1
24701_sub0	1	6	4	2	4	2	0	0
2471_sub0	0	1	0	1	0	0	0	1
2471_sub1	1	7	5	2	5	2	0	0
2471_sub2	0	1	0	1	0	0	0	1
2472_sub0	1	14	10	4	10	4	0	0
2472_sub1	0	1	0	1	0	0	0	1
2472_sub2	0	1	1	0	0	0	1	0
2472_sub3	0	1	0	1	0	0	0	1
2472_sub4	0	1	1	0	0	0	1	0
2472_sub5	0	1	1	0	0	0	1	0
2473_sub0	0	1	0	1	0	0	0	1
2473_sub1	1	10	3	7	3	7	0	0
2473_sub2	0	1	1	0	0	0	1	0
2473_sub3	0	1	1	0	0	0	1	0
2473_sub4	0	1	0	1	0	0	0	1
24765_sub0	1	11	7	4	7	4	0	0
2479_sub0	1	12	6	6	6	6	0	0
2479_sub1	0	1	0	1	0	0	0	1
2481_sub0	0	1	0	1	0	0	0	1
2481_sub1	1	10	5	5	5	5	0	0
2482_sub0	0	1	1	0	0	0	1	0
2482_sub1	0	1	0	1	0	0	0	1
2482_sub2	0	1	0	1	0	0	0	1
2482_sub3	0	1	1	0	0	0	1	0
2482_sub4	0	1	1	0	0	0	1	0
2482_sub5	0	1	1	0	0	0	1	0
2482_sub6	0	1	0	1	0	0	0	1
24825_sub0	0	1	0	1	0	0	0	1
24825_sub1	0	1	1	0	0	0	1	0
24825_sub2	0	1	0	1	0	0	0	1
24825_sub3	0	1	1	0	0	0	1	0
24825_sub4	0	1	1	0	0	0	1	0
24825_sub5	0	1	0	1	0	0	0	1
2485_sub0	1	11	1	10	1	10	0	0
2485_sub1	0	2	2	0	0	0	2	0
2485_sub2	0	1	0	1	0	0	0	1
2485_sub3	0	1	1	0	0	0	1	0
2485_sub4	0	1	0	1	0	0	0	1
2485_sub5	0	1	0	1	0	0	0	1
2485_sub6	0	1	1	0	0	0	1	0
2485_sub7	0	1	0	1	0	0	0	1
2485_sub8	0	1	0	1	0	0	0	1
2486_sub0	1	11	7	4	7	4	0	0
2486_sub1	0	1	1	0	0	0	1	0
2486_sub2	0	1	1	0	0	0	1	0
2486_sub3	0	1	0	1	0	0	0	1
24866_sub0	0	1	0	1	0	0	0	1
24866_sub1	0	1	0	1	0	0	0	1
24866_sub2	0	1	1	0	0	0	1	0
24866_sub3	0	1	1	0	0	0	1	0
24866_sub4	0	1	0	1	0	0	0	1
24866_sub5	0	1	0	1	0	0	0	1
2487_sub0	0	1	0	1	0	0	0	1
2487_sub1	1	20	11	9	11	9	0	0
2487_sub2	0	1	1	0	0	0	1	0
2488_sub0	0	1	0	1	0	0	0	1
2488_sub1	0	1	1	0	0	0	1	0
2488_sub2	0	3	2	1	0	0	2	1
2488_sub3	0	1	0	1	0	0	0	1
249_sub0	0	1	1	0	0	0	1	0
249_sub1	0	1	1	0	0	0	1	0
249_sub2	0	4	0	4	0	0	0	4
2492_sub0	1	16	7	9	7	9	0	0
2492_sub1	0	1	1	0	0	0	1	0
2492_sub2	0	1	0	1	0	0	0	1
2492_sub3	0	1	0	1	0	0	0	1
2492_sub4	0	1	1	0	0	0	1	0
2492_sub5	0	1	1	0	0	0	1	0
2492_sub6	0	1	0	1	0	0	0	1
2493_sub0	1	15	7	8	7	8	0	0
2493_sub1	0	1	0	1	0	0	0	1
2493_sub2	0	1	1	0	0	0	1	0
2493_sub3	0	1	0	1	0	0	0	1
2493_sub4	0	1	0	1	0	0	0	1
2493_sub5	0	1	0	1	0	0	0	1
2493_sub6	0	1	1	0	0	0	1	0
2493_sub7	0	1	0	1	0	0	0	1
2493_sub8	0	1	0	1	0	0	0	1
24939_sub0	0	1	0	1	0	0	0	1
24939_sub1	1	6	4	2	4	2	0	0
24939_sub2	0	1	1	0	0	0	1	0
24939_sub3	0	1	0	1	0	0	0	1
24939_sub4	0	1	1	0	0	0	1	0
2494_sub0	1	12	7	5	7	5	0	0
2494_sub1	0	1	0	1	0	0	0	1
2494_sub2	0	1	0	1	0	0	0	1
24942_sub0	0	1	1	0	0	0	1	0
24942_sub1	0	1	1	0	0	0	1	0
24942_sub2	0	1	1	0	0	0	1	0
24942_sub3	0	1	0	1	0	0	0	1
24942_sub4	0	1	0	1	0	0	0	1
24942_sub5	0	1	0	1	0	0	0	1
2497_sub0	0	1	1	0	0	0	1	0
2497_sub1	1	13	4	9	4	9	0	0
2497_sub2	0	1	1	0	0	0	1	0
24977_sub0	0	1	0	1	0	0	0	1
24977_sub1	0	1	0	1	0	0	0	1
24977_sub2	0	1	1	0	0	0	1	0
24977_sub3	0	1	1	0	0	0	1	0
24977_sub4	0	1	1	0	0	0	1	0
24977_sub5	0	1	1	0	0	0	1	0
24977_sub6	0	1	1	0	0	0	1	0
25_sub0	0	1	0	1	0	0	0	1
25_sub1	0	1	1	0	0	0	1	0
25_sub2	0	1	1	0	0	0	1	0
25_sub3	0	1	0	1	0	0	0	1
25_sub4	0	1	1	0	0	0	1	0
25_sub5	0	1	1	0	0	0	1	0
25_sub6	0	1	0	1	0	0	0	1
25_sub7	0	1	1	0	0	0	1	0
2500_sub0	1	8	3	5	3	5	0	0
2500_sub1	0	1	1	0	0	0	1	0
25000_sub0	0	1	1	0	0	0	1	0
25000_sub1	0	1	1	0	0	0	1	0
25000_sub2	0	4	0	4	0	0	0	4
25000_sub3	0	1	0	1	0	0	0	1
25000_sub4	0	1	0	1	0	0	0	1
2504_sub0	0	1	0	1	0	0	0	1
2504_sub1	1	7	4	3	4	3	0	0
2504_sub2	0	1	0	1	0	0	0	1
2505_sub0	1	11	5	6	5	6	0	0
2505_sub1	0	1	0	1	0	0	0	1
2505_sub2	0	1	1	0	0	0	1	0
2505_sub3	0	1	1	0	0	0	1	0
2505_sub4	0	1	1	0	0	0	1	0
2506_sub0	0	1	0	1	0	0	0	1
2506_sub1	0	1	0	1	0	0	0	1
2506_sub2	0	1	1	0	0	0	1	0
2506_sub3	0	1	1	0	0	0	1	0
2506_sub4	0	1	1	0	0	0	1	0
2506_sub5	0	1	0	1	0	0	0	1
2506_sub6	0	1	0	1	0	0	0	1
2506_sub7	0	1	1	0	0	0	1	0
25079_sub0	0	1	0	1	0	0	0	1
25079_sub1	0	1	0	1	0	0	0	1
25079_sub2	1	9	5	4	5	4	0	0
2508_sub0	1	19	9	10	9	10	0	0
2508_sub1	0	1	0	1	0	0	0	1
2508_sub2	0	1	0	1	0	0	0	1
2508_sub3	0	1	0	1	0	0	0	1
2508_sub4	0	1	1	0	0	0	1	0
2508_sub5	0	1	0	1	0	0	0	1
2508_sub6	0	1	0	1	0	0	0	1
2509_sub0	1	13	7	6	7	6	0	0
2509_sub1	0	1	1	0	0	0	1	0
2509_sub2	0	1	1	0	0	0	1	0
2511_sub0	1	27	9	18	9	11	0	7
2511_sub1	0	1	0	1	0	0	0	1
2511_sub2	0	1	0	1	0	0	0	1
2511_sub3	0	1	1	0	0	0	1	0
2511_sub4	0	1	1	0	0	0	1	0
2511_sub5	0	1	0	1	0	0	0	1
2511_sub6	0	1	1	0	0	0	1	0
2511_sub7	0	1	1	0	0	0	1	0
2511_sub8	0	1	0	1	0	0	0	1
2513_sub0	0	1	0	1	0	0	0	1
2513_sub1	1	20	10	10	10	10	0	0
2513_sub2	0	1	1	0	0	0	1	0
2513_sub3	0	1	1	0	0	0	1	0
2513_sub4	0	1	0	1	0	0	0	1
2513_sub5	0	1	1	0	0	0	1	0
2513_sub6	0	1	0	1	0	0	0	1
2513_sub7	0	1	1	0	0	0	1	0
25155_sub0	0	5	2	3	0	0	2	3
25155_sub1	0	1	0	1	0	0	0	1
2516_sub0	1	11	4	7	4	7	0	0
2516_sub1	0	1	0	1	0	0	0	1
2517_sub0	0	1	0	1	0	0	0	1
2517_sub1	1	10	6	4	6	4	0	0
2518_sub0	1	21	8	13	8	12	0	1
2518_sub1	0	1	1	0	0	0	1	0
2518_sub2	0	1	1	0	0	0	1	0
25182_sub0	1	6	4	2	4	2	0	0
25182_sub1	0	1	1	0	0	0	1	0
25182_sub2	0	1	0	1	0	0	0	1
25182_sub3	0	1	0	1	0	0	0	1
25183_sub0	1	12	7	5	7	5	0	0
25183_sub1	0	1	0	1	0	0	0	1
2525_sub0	1	20	8	12	8	12	0	0
2525_sub1	0	1	1	0	0	0	1	0
25252_sub0	0	1	1	0	0	0	1	0
25252_sub1	0	1	0	1	0	0	0	1
25252_sub2	0	1	0	1	0	0	0	1
25252_sub3	0	1	0	1	0	0	0	1
25252_sub4	0	1	1	0	0	0	1	0
25252_sub5	0	1	1	0	0	0	1	0
25252_sub6	0	1	1	0	0	0	1	0
25266_sub0	0	1	0	1	0	0	0	1
25266_sub1	1	9	8	1	8	1	0	0
25266_sub2	0	1	0	1	0	0	0	1
25266_sub3	0	1	0	1	0	0	0	1
25268_sub0	0	1	1	0	0	0	1	0
25268_sub1	0	1	0	1	0	0	0	1
25268_sub2	0	1	1	0	0	0	1	0
25268_sub3	0	1	0	1	0	0	0	1
25268_sub4	0	1	0	1	0	0	0	1
25268_sub5	0	1	1	0	0	0	1	0
25268_sub6	0	1	0	1	0	0	0	1
2527_sub0	0	1	0	1	0	0	0	1
2527_sub1	0	1	1	0	0	0	1	0
2527_sub2	0	1	0	1	0	0	0	1
2527_sub3	1	7	4	3	4	3	0	0
2527_sub4	0	1	0	1	0	0	0	1
25274_sub0	0	1	0	1	0	0	0	1
25274_sub1	0	5	1	4	0	0	1	4
25274_sub2	0	1	0	1	0	0	0	1
25310_sub0	0	1	0	1	0	0	0	1
25310_sub1	0	5	3	2	0	0	3	2
25310_sub2	0	1	0	1	0	0	0	1
25332_sub0	0	4	2	2	0	0	2	2
25332_sub1	0	1	0	1	0	0	0	1
25332_sub2	0	1	0	1	0	0	0	1
25332_sub3	0	1	0	1	0	0	0	1
25332_sub4	0	1	0	1	0	0	0	1
25364_sub0	1	6	4	2	4	2	0	0
25364_sub1	0	1	0	1	0	0	0	1
25364_sub2	0	1	0	1	0	0	0	1
25364_sub3	0	1	0	1	0	0	0	1
2537_sub0	0	1	1	0	0	0	1	0
2537_sub1	1	26	16	10	10	10	6	0
2537_sub2	0	1	0	1	0	0	0	1
2537_sub3	0	1	1	0	0	0	1	0
25391_sub0	0	1	1	0	0	0	1	0
25391_sub1	0	1	1	0	0	0	1	0
25391_sub2	0	1	1	0	0	0	1	0
25391_sub3	0	1	1	0	0	0	1	0
25391_sub4	0	1	1	0	0	0	1	0
25391_sub5	0	1	1	0	0	0	1	0
25391_sub6	0	1	0	1	0	0	0	1
2541_sub0	1	17	7	10	7	10	0	0
2541_sub1	0	1	1	0	0	0	1	0
2541_sub2	0	1	0	1	0	0	0	1
2541_sub3	0	1	1	0	0	0	1	0
2541_sub4	0	1	1	0	0	0	1	0
25418_sub0	0	1	1	0	0	0	1	0
25418_sub1	0	1	0	1	0	0	0	1
25418_sub2	0	1	0	1	0	0	0	1
25418_sub3	0	1	0	1	0	0	0	1
25418_sub4	0	1	1	0	0	0	1	0
25418_sub5	0	1	1	0	0	0	1	0
2543_sub0	1	17	9	8	9	8	0	0
2543_sub1	0	1	1	0	0	0	1	0
2543_sub2	0	1	1	0	0	0	1	0
2543_sub3	0	1	1	0	0	0	1	0
2545_sub0	1	13	7	6	7	6	0	0
2545_sub1	0	1	0	1	0	0	0	1
2545_sub2	0	1	1	0	0	0	1	0
2545_sub3	0	1	1	0	0	0	1	0
2545_sub4	0	1	0	1	0	0	0	1
2545_sub5	0	1	1	0	0	0	1	0
2545_sub6	0	1	0	1	0	0	0	1
25450_sub0	0	1	1	0	0	0	1	0
25450_sub1	0	1	0	1	0	0	0	1
25450_sub2	0	1	1	0	0	0	1	0
25450_sub3	0	1	1	0	0	0	1	0
25450_sub4	0	1	1	0	0	0	1	0
25450_sub5	0	1	0	1	0	0	0	1
25458_sub0	1	11	5	6	5	6	0	0
25458_sub1	0	1	0	1	0	0	0	1
25458_sub2	0	1	0	1	0	0	0	1
25458_sub3	0	1	0	1	0	0	0	1
25458_sub4	0	1	0	1	0	0	0	1
2548_sub0	0	4	2	2	0	0	2	2
2548_sub1	0	1	0	1	0	0	0	1
2548_sub2	0	1	0	1	0	0	0	1
2548_sub3	0	1	1	0	0	0	1	0
2549_sub0	1	15	7	8	7	8	0	0
2549_sub1	0	1	0	1	0	0	0	1
2549_sub2	0	1	1	0	0	0	1	0
2549_sub3	0	1	0	1	0	0	0	1
2550_sub0	1	6	2	4	2	4	0	0
2550_sub1	0	1	0	1	0	0	0	1
25534_sub0	1	9	2	7	2	7	0	0
25535_sub0	1	14	7	7	7	7	0	0
2555_sub0	1	8	3	5	3	5	0	0
2556_sub0	0	1	1	0	0	0	1	0
2556_sub1	0	1	1	0	0	0	1	0
2556_sub2	1	6	3	3	3	3	0	0
2556_sub3	0	1	1	0	0	0	1	0
2556_sub4	0	1	1	0	0	0	1	0
2557_sub0	1	14	5	9	5	9	0	0
2557_sub1	0	1	1	0	0	0	1	0
2557_sub2	0	1	0	1	0	0	0	1
2557_sub3	0	1	1	0	0	0	1	0
2559_sub0	1	16	11	5	11	5	0	0
25592_sub0	0	1	1	0	0	0	1	0
25592_sub1	1	6	2	4	2	4	0	0
25592_sub2	0	1	0	1	0	0	0	1
256_sub0	0	1	0	1	0	0	0	1
256_sub1	1	16	8	8	8	8	0	0
2561_sub0	0	1	0	1	0	0	0	1
2561_sub1	1	14	6	8	6	8	0	0
2561_sub2	0	1	1	0	0	0	1	0
2561_sub3	0	1	0	1	0	0	0	1
2561_sub4	0	1	0	1	0	0	0	1
25615_sub0	0	1	0	1	0	0	0	1
25615_sub1	0	1	1	0	0	0	1	0
25615_sub2	0	1	0	1	0	0	0	1
25615_sub3	0	1	1	0	0	0	1	0
25615_sub4	0	1	0	1	0	0	0	1
25615_sub5	0	1	0	1	0	0	0	1
2563_sub0	1	9	4	5	4	5	0	0
2563_sub1	0	1	1	0	0	0	1	0
2564_sub0	0	1	0	1	0	0	0	1
2564_sub1	0	1	0	1	0	0	0	1
2564_sub2	1	12	6	6	6	6	0	0
2564_sub3	0	1	0	1	0	0	0	1
25711_sub0	0	1	1	0	0	0	1	0
25711_sub1	0	1	1	0	0	0	1	0
25711_sub2	0	1	1	0	0	0	1	0
25711_sub3	0	1	1	0	0	0	1	0
25711_sub4	0	1	0	1	0	0	0	1
25711_sub5	0	1	0	1	0	0	0	1
25711_sub6	0	1	0	1	0	0	0	1
25712_sub0	0	1	1	0	0	0	1	0
25712_sub1	0	1	1	0	0	0	1	0
25712_sub2	0	1	1	0	0	0	1	0
25712_sub3	0	1	1	0	0	0	1	0
25712_sub4	0	1	1	0	0	0	1	0
25712_sub5	0	1	1	0	0	0	1	0
25719_sub0	0	1	0	1	0	0	0	1
25719_sub1	0	1	1	0	0	0	1	0
25719_sub2	1	6	3	3	3	3	0	0
25719_sub3	0	1	0	1	0	0	0	1
2573_sub0	1	23	9	14	9	11	0	3
2573_sub1	0	1	0	1	0	0	0	1
2573_sub2	0	1	1	0	0	0	1	0
2573_sub3	0	1	0	1	0	0	0	1
2573_sub4	0	1	1	0	0	0	1	0
2575_sub0	0	1	0	1	0	0	0	1
2575_sub1	0	1	0	1	0	0	0	1
2575_sub2	0	1	0	1	0	0	0	1
2575_sub3	0	1	1	0	0	0	1	0
2575_sub4	0	1	0	1	0	0	0	1
2575_sub5	0	1	0	1	0	0	0	1
2575_sub6	0	1	1	0	0	0	1	0
25755_sub0	0	1	0	1	0	0	0	1
25755_sub1	1	8	2	6	2	6	0	0
25755_sub2	0	1	1	0	0	0	1	0
2576_sub0	1	12	7	5	7	5	0	0
2576_sub1	0	1	1	0	0	0	1	0
2576_sub2	0	1	0	1	0	0	0	1
2576_sub3	0	1	0	1	0	0	0	1
2577_sub0	1	8	5	3	5	3	0	0
2577_sub1	0	1	1	0	0	0	1	0
2577_sub2	0	1	0	1	0	0	0	1
2578_sub0	0	1	0	1	0	0	0	1
2578_sub1	1	7	4	3	4	3	0	0
2578_sub2	0	1	0	1	0	0	0	1
2578_sub3	0	1	1	0	0	0	1	0
2579_sub0	0	1	0	1	0	0	0	1
2579_sub1	0	1	1	0	0	0	1	0
2579_sub2	1	7	5	2	5	2	0	0
2580_sub0	1	16	9	7	9	7	0	0
2580_sub1	0	1	1	0	0	0	1	0
2580_sub2	0	1	1	0	0	0	1	0
2580_sub3	0	1	1	0	0	0	1	0
2585_sub0	1	14	5	9	5	9	0	0
2585_sub1	0	1	0	1	0	0	0	1
2585_sub2	0	1	1	0	0	0	1	0
2585_sub3	0	1	1	0	0	0	1	0
2587_sub0	1	15	5	10	5	10	0	0
2587_sub1	0	1	1	0	0	0	1	0
2587_sub2	0	1	0	1	0	0	0	1
2587_sub3	0	1	1	0	0	0	1	0
2587_sub4	0	1	0	1	0	0	0	1
2587_sub5	0	1	1	0	0	0	1	0
2588_sub0	1	12	7	5	7	5	0	0
2588_sub1	0	1	0	1	0	0	0	1
2588_sub2	0	1	0	1	0	0	0	1
2588_sub3	0	1	0	1	0	0	0	1
2593_sub0	0	1	0	1	0	0	0	1
2593_sub1	1	10	5	5	5	5	0	0
2593_sub2	0	1	1	0	0	0	1	0
25958_sub0	1	10	6	4	6	4	0	0
25958_sub1	0	1	0	1	0	0	0	1
25958_sub2	0	1	1	0	0	0	1	0
25958_sub3	0	1	0	1	0	0	0	1
25959_sub0	0	1	0	1	0	0	0	1
25959_sub1	0	1	0	1	0	0	0	1
25959_sub2	0	1	1	0	0	0	1	0
25959_sub3	0	5	2	3	0	0	2	3
25985_sub0	0	1	0	1	0	0	0	1
25985_sub1	1	9	3	6	3	6	0	0
25985_sub2	0	1	0	1	0	0	0	1
260_sub0	0	1	1	0	0	0	1	0
260_sub1	1	12	5	7	5	7	0	0
2606_sub0	0	1	0	1	0	0	0	1
2606_sub1	1	11	7	4	7	4	0	0
2606_sub2	0	1	0	1	0	0	0	1
2606_sub3	0	1	0	1	0	0	0	1
26100_sub0	0	1	0	1	0	0	0	1
26100_sub1	0	1	0	1	0	0	0	1
26100_sub2	0	1	1	0	0	0	1	0
26100_sub3	0	1	1	0	0	0	1	0
26100_sub4	0	1	1	0	0	0	1	0
26100_sub5	0	1	1	0	0	0	1	0
26100_sub6	0	1	0	1	0	0	0	1
26115_sub0	1	9	6	3	6	3	0	0
2614_sub0	0	1	0	1	0	0	0	1
2614_sub1	0	4	3	1	0	0	3	1
2614_sub2	0	1	1	0	0	0	1	0
26159_sub0	0	1	1	0	0	0	1	0
26159_sub1	0	4	2	2	0	0	2	2
26159_sub2	0	1	0	1	0	0	0	1
2616_sub0	1	14	9	5	9	5	0	0
2616_sub1	0	1	0	1	0	0	0	1
2616_sub2	0	1	1	0	0	0	1	0
2620_sub0	0	1	1	0	0	0	1	0
2620_sub1	0	3	1	2	0	0	1	2
2620_sub2	0	1	0	1	0	0	0	1
2620_sub3	0	1	0	1	0	0	0	1
2620_sub4	0	1	0	1	0	0	0	1
26261_sub0	1	9	5	4	5	4	0	0
26261_sub1	0	1	0	1	0	0	0	1
26261_sub2	0	1	0	1	0	0	0	1
26261_sub3	0	1	1	0	0	0	1	0
26261_sub4	0	1	1	0	0	0	1	0
26298_sub0	0	1	1	0	0	0	1	0
26298_sub1	0	1	1	0	0	0	1	0
26298_sub2	0	1	0	1	0	0	0	1
26298_sub3	0	1	1	0	0	0	1	0
26298_sub4	0	1	1	0	0	0	1	0
26298_sub5	0	1	0	1	0	0	0	1
2632_sub0	1	8	5	3	5	3	0	0
2632_sub1	0	1	0	1	0	0	0	1
2632_sub2	0	1	0	1	0	0	0	1
2634_sub0	0	1	0	1	0	0	0	1
2634_sub1	1	20	11	9	11	9	0	0
2638_sub0	0	1	0	1	0	0	0	1
2638_sub1	1	12	6	6	6	6	0	0
2638_sub2	0	1	1	0	0	0	1	0
2638_sub3	0	1	1	0	0	0	1	0
2638_sub4	0	1	1	0	0	0	1	0
2638_sub5	0	1	0	1	0	0	0	1
2638_sub6	0	1	0	1	0	0	0	1
26385_sub0	0	1	0	1	0	0	0	1
26385_sub1	0	1	1	0	0	0	1	0
26385_sub2	0	1	0	1	0	0	0	1
26385_sub3	0	1	1	0	0	0	1	0
26385_sub4	0	1	0	1	0	0	0	1
26385_sub5	0	1	1	0	0	0	1	0
26385_sub6	0	1	1	0	0	0	1	0
26386_sub0	0	1	1	0	0	0	1	0
26386_sub1	0	3	2	1	0	0	2	1
26386_sub2	0	1	0	1	0	0	0	1
26386_sub3	0	1	0	1	0	0	0	1
2639_sub0	0	1	0	1	0	0	0	1
2639_sub1	0	1	0	1	0	0	0	1
2639_sub2	0	1	0	1	0	0	0	1
2639_sub3	0	1	1	0	0	0	1	0
2639_sub4	0	1	0	1	0	0	0	1
2639_sub5	0	1	0	1	0	0	0	1
2639_sub6	0	1	1	0	0	0	1	0
2639_sub7	0	1	0	1	0	0	0	1
2639_sub8	0	1	1	0	0	0	1	0
2640_sub0	1	9	5	4	5	4	0	0
2640_sub1	0	1	0	1	0	0	0	1
2640_sub2	0	1	0	1	0	0	0	1
265_sub0	0	1	0	1	0	0	0	1
265_sub1	1	14	9	5	9	5	0	0
265_sub2	0	1	0	1	0	0	0	1
2651_sub0	0	1	0	1	0	0	0	1
2651_sub1	1	13	7	6	7	6	0	0
2651_sub2	0	1	0	1	0	0	0	1
26519_sub0	0	1	0	1	0	0	0	1
26519_sub1	1	6	1	5	1	5	0	0
26519_sub2	0	1	0	1	0	0	0	1
26522_sub0	0	1	1	0	0	0	1	0
26522_sub1	0	1	1	0	0	0	1	0
26522_sub2	0	1	1	0	0	0	1	0
26522_sub3	0	1	1	0	0	0	1	0
26522_sub4	0	1	1	0	0	0	1	0
26522_sub5	0	1	1	0	0	0	1	0
2655_sub0	1	10	6	4	6	4	0	0
2655_sub1	0	1	0	1	0	0	0	1
2655_sub2	0	1	1	0	0	0	1	0
26562_sub0	0	2	2	0	0	0	2	0
26562_sub1	0	1	1	0	0	0	1	0
26562_sub2	0	1	0	1	0	0	0	1
26562_sub3	0	1	1	0	0	0	1	0
26562_sub4	0	1	1	0	0	0	1	0
2657_sub0	0	1	0	1	0	0	0	1
2657_sub1	0	1	0	1	0	0	0	1
2657_sub2	1	16	8	8	8	8	0	0
2657_sub3	0	1	1	0	0	0	1	0
2663_sub0	1	11	3	8	3	8	0	0
2663_sub1	0	1	1	0	0	0	1	0
2663_sub2	0	1	0	1	0	0	0	1
26639_sub0	0	1	1	0	0	0	1	0
26639_sub1	0	1	1	0	0	0	1	0
26639_sub2	0	1	0	1	0	0	0	1
26639_sub3	0	1	0	1	0	0	0	1
26639_sub4	0	1	0	1	0	0	0	1
26639_sub5	0	1	0	1	0	0	0	1
26639_sub6	0	1	0	1	0	0	0	1
26639_sub7	0	1	1	0	0	0	1	0
2664_sub0	0	1	0	1	0	0	0	1
2664_sub1	0	1	0	1	0	0	0	1
2664_sub2	0	2	1	1	0	0	1	1
2664_sub3	0	1	1	0	0	0	1	0
2664_sub4	0	1	1	0	0	0	1	0
2664_sub5	0	1	1	0	0	0	1	0
2666_sub0	0	1	0	1	0	0	0	1
2666_sub1	0	1	1	0	0	0	1	0
2666_sub2	0	1	0	1	0	0	0	1
2666_sub3	0	1	1	0	0	0	1	0
2666_sub4	0	1	1	0	0	0	1	0
2666_sub5	0	1	0	1	0	0	0	1
2666_sub6	0	1	1	0	0	0	1	0
2666_sub7	0	1	0	1	0	0	0	1
2666_sub8	0	1	0	1	0	0	0	1
26695_sub0	0	1	1	0	0	0	1	0
26695_sub1	0	4	4	0	0	0	4	0
26695_sub2	0	1	0	1	0	0	0	1
26695_sub3	0	1	0	1	0	0	0	1
26695_sub4	0	1	0	1	0	0	0	1
2673_sub0	0	1	1	0	0	0	1	0
2673_sub1	1	6	4	2	4	2	0	0
26733_sub0	0	1	1	0	0	0	1	0
26733_sub1	0	1	0	1	0	0	0	1
26733_sub2	0	5	2	3	0	0	2	3
2674_sub0	1	19	12	7	12	7	0	0
2674_sub1	0	1	1	0	0	0	1	0
2674_sub2	0	1	0	1	0	0	0	1
2674_sub3	0	1	1	0	0	0	1	0
2674_sub4	0	1	1	0	0	0	1	0
2674_sub5	0	1	1	0	0	0	1	0
2674_sub6	0	1	0	1	0	0	0	1
2674_sub7	0	1	1	0	0	0	1	0
2674_sub8	0	1	1	0	0	0	1	0
2674_sub9	0	2	0	2	0	0	0	2
2674_sub10	0	1	1	0	0	0	1	0
2674_sub11	0	1	1	0	0	0	1	0
26746_sub0	0	1	1	0	0	0	1	0
26746_sub1	0	1	1	0	0	0	1	0
26746_sub2	0	1	1	0	0	0	1	0
26746_sub3	0	1	0	1	0	0	0	1
26746_sub4	0	1	1	0	0	0	1	0
26746_sub5	0	1	0	1	0	0	0	1
26816_sub0	0	1	1	0	0	0	1	0
26816_sub1	0	5	3	2	0	0	3	2
26816_sub2	0	1	0	1	0	0	0	1
26816_sub3	0	2	0	2	0	0	0	2
26829_sub0	0	1	1	0	0	0	1	0
26829_sub1	1	6	4	2	4	2	0	0
26829_sub2	0	1	1	0	0	0	1	0
26829_sub3	0	1	0	1	0	0	0	1
26830_sub0	0	1	0	1	0	0	0	1
26830_sub1	1	6	4	2	4	2	0	0
26830_sub2	0	1	0	1	0	0	0	1
2686_sub0	1	15	9	6	9	6	0	0
2686_sub1	0	1	1	0	0	0	1	0
2686_sub2	0	1	1	0	0	0	1	0
2692_sub0	1	12	7	5	7	5	0	0
2692_sub1	0	1	1	0	0	0	1	0
2693_sub0	0	1	0	1	0	0	0	1
2693_sub1	1	7	3	4	3	4	0	0
2695_sub0	1	17	9	8	9	8	0	0
2695_sub1	0	1	0	1	0	0	0	1
2696_sub0	1	16	14	2	14	2	0	0
2696_sub1	0	2	0	2	0	0	0	2
2696_sub2	0	1	0	1	0	0	0	1
2696_sub3	0	1	0	1	0	0	0	1
27_sub0	0	1	0	1	0	0	0	1
27_sub1	0	1	1	0	0	0	1	0
27_sub2	0	1	0	1	0	0	0	1
27_sub3	0	1	1	0	0	0	1	0
27_sub4	0	1	1	0	0	0	1	0
27_sub5	0	1	0	1	0	0	0	1
27_sub6	0	1	0	1	0	0	0	1
2700_sub0	1	18	11	7	11	7	0	0
2700_sub1	0	1	1	0	0	0	1	0
2700_sub2	0	1	0	1	0	0	0	1
2700_sub3	0	1	1	0	0	0	1	0
2700_sub4	0	1	0	1	0	0	0	1
2700_sub5	0	1	0	1	0	0	0	1
27013_sub0	0	1	0	1	0	0	0	1
27013_sub1	0	1	0	1	0	0	0	1
27013_sub2	0	1	1	0	0	0	1	0
27013_sub3	0	1	1	0	0	0	1	0
27013_sub4	0	1	1	0	0	0	1	0
27013_sub5	0	1	1	0	0	0	1	0
2702_sub0	0	1	0	1	0	0	0	1
2702_sub1	1	12	4	8	4	8	0	0
2704_sub0	0	1	0	1	0	0	0	1
2704_sub1	0	1	0	1	0	0	0	1
2704_sub2	0	2	1	1	0	0	1	1
2704_sub3	0	1	0	1	0	0	0	1
2704_sub4	0	1	0	1	0	0	0	1
2704_sub5	0	1	0	1	0	0	0	1
2704_sub6	0	1	1	0	0	0	1	0
2705_sub0	1	16	8	8	8	8	0	0
2705_sub1	0	1	1	0	0	0	1	0
2705_sub2	0	1	1	0	0	0	1	0
2705_sub3	0	1	1	0	0	0	1	0
2705_sub4	0	1	0	1	0	0	0	1
2705_sub5	0	1	0	1	0	0	0	1
27058_sub0	0	1	0	1	0	0	0	1
27058_sub1	0	1	1	0	0	0	1	0
27058_sub2	0	1	0	1	0	0	0	1
27058_sub3	0	1	1	0	0	0	1	0
27058_sub4	0	1	1	0	0	0	1	0
27058_sub5	0	1	1	0	0	0	1	0
27079_sub0	0	1	1	0	0	0	1	0
27079_sub1	1	6	2	4	2	4	0	0
27079_sub2	0	1	1	0	0	0	1	0
27079_sub3	0	1	0	1	0	0	0	1
27079_sub4	0	1	0	1	0	0	0	1
2708_sub0	1	17	3	14	3	14	0	0
2708_sub1	0	1	0	1	0	0	0	1
2708_sub2	0	1	1	0	0	0	1	0
2708_sub3	0	1	0	1	0	0	0	1
2708_sub4	0	1	1	0	0	0	1	0
2708_sub5	0	1	0	1	0	0	0	1
2708_sub6	0	1	1	0	0	0	1	0
2711_sub0	1	22	7	15	7	13	0	2
2711_sub1	0	1	1	0	0	0	1	0
2711_sub2	0	1	0	1	0	0	0	1
2711_sub3	0	1	1	0	0	0	1	0
27119_sub0	0	4	1	3	0	0	1	3
27119_sub1	0	1	0	1	0	0	0	1
27119_sub2	0	1	0	1	0	0	0	1
2713_sub0	0	1	0	1	0	0	0	1
2713_sub1	1	12	5	7	5	7	0	0
2713_sub2	0	1	0	1	0	0	0	1
27147_sub0	0	1	0	1	0	0	0	1
27147_sub1	0	3	2	1	0	0	2	1
27147_sub2	0	1	0	1	0	0	0	1
27147_sub3	0	1	1	0	0	0	1	0
27172_sub0	1	11	6	5	6	5	0	0
27172_sub1	0	1	1	0	0	0	1	0
27172_sub2	0	1	1	0	0	0	1	0
27172_sub3	0	1	0	1	0	0	0	1
27173_sub0	0	1	0	1	0	0	0	1
27173_sub1	1	6	4	2	4	2	0	0
2718_sub0	1	16	6	10	6	10	0	0
2718_sub1	0	1	1	0	0	0	1	0
2718_sub2	0	1	0	1	0	0	0	1
2723_sub0	1	11	5	6	5	6	0	0
27240_sub0	1	7	3	4	3	4	0	0
2725_sub0	1	10	7	3	7	3	0	0
2725_sub1	0	1	0	1	0	0	0	1
2725_sub2	0	1	0	1	0	0	0	1
2725_sub3	0	1	0	1	0	0	0	1
27259_sub0	0	1	0	1	0	0	0	1
27259_sub1	0	1	1	0	0	0	1	0
27259_sub2	0	1	1	0	0	0	1	0
27259_sub3	0	1	1	0	0	0	1	0
27259_sub4	0	1	0	1	0	0	0	1
27259_sub5	0	1	0	1	0	0	0	1
2726_sub0	0	1	1	0	0	0	1	0
2726_sub1	1	11	7	4	7	4	0	0
2726_sub2	0	1	0	1	0	0	0	1
2726_sub3	0	1	1	0	0	0	1	0
27268_sub0	0	1	1	0	0	0	1	0
27268_sub1	0	1	1	0	0	0	1	0
27268_sub2	0	1	0	1	0	0	0	1
27268_sub3	1	6	4	2	4	2	0	0
27268_sub4	0	1	0	1	0	0	0	1
2730_sub0	1	6	2	4	2	4	0	0
2730_sub1	0	1	1	0	0	0	1	0
2731_sub0	1	11	4	7	4	7	0	0
2731_sub1	0	1	1	0	0	0	1	0
2731_sub2	0	1	0	1	0	0	0	1
2733_sub0	0	1	1	0	0	0	1	0
2733_sub1	1	16	10	6	10	6	0	0
2735_sub0	1	6	2	4	2	4	0	0
2736_sub0	0	1	0	1	0	0	0	1
2736_sub1	0	1	0	1	0	0	0	1
2736_sub2	0	1	0	1	0	0	0	1
2736_sub3	0	1	0	1	0	0	0	1
2736_sub4	0	1	1	0	0	0	1	0
2736_sub5	0	1	0	1	0	0	0	1
2736_sub6	0	1	1	0	0	0	1	0
27376_sub0	0	1	0	1	0	0	0	1
27376_sub1	0	1	0	1	0	0	0	1
27376_sub2	0	1	0	1	0	0	0	1
27376_sub3	0	1	1	0	0	0	1	0
27376_sub4	0	1	0	1	0	0	0	1
27376_sub5	0	1	1	0	0	0	1	0
27376_sub6	0	1	0	1	0	0	0	1
27376_sub7	0	1	0	1	0	0	0	1
27376_sub8	0	1	0	1	0	0	0	1
27376_sub9	0	1	1	0	0	0	1	0
27385_sub0	0	1	1	0	0	0	1	0
27385_sub1	0	1	0	1	0	0	0	1
27385_sub2	0	1	1	0	0	0	1	0
27385_sub3	0	1	0	1	0	0	0	1
27385_sub4	0	1	1	0	0	0	1	0
27385_sub5	0	1	1	0	0	0	1	0
274_sub0	0	1	0	1	0	0	0	1
274_sub1	1	16	10	6	10	6	0	0
274_sub2	0	1	0	1	0	0	0	1
274_sub3	0	1	1	0	0	0	1	0
274_sub4	0	1	0	1	0	0	0	1
2740_sub0	1	12	4	8	4	8	0	0
2740_sub1	0	1	1	0	0	0	1	0
2740_sub2	0	1	1	0	0	0	1	0
27433_sub0	1	7	4	3	4	3	0	0
27433_sub1	0	1	0	1	0	0	0	1
2744_sub0	0	1	1	0	0	0	1	0
2744_sub1	0	5	3	2	0	0	3	2
2744_sub2	0	1	1	0	0	0	1	0
2744_sub3	0	1	1	0	0	0	1	0
2751_sub0	0	1	0	1	0	0	0	1
2751_sub1	0	1	1	0	0	0	1	0
2751_sub2	0	1	1	0	0	0	1	0
2751_sub3	0	1	1	0	0	0	1	0
2751_sub4	0	1	1	0	0	0	1	0
2751_sub5	0	1	1	0	0	0	1	0
2755_sub0	1	16	9	7	9	7	0	0
2755_sub1	0	1	0	1	0	0	0	1
2756_sub0	0	1	0	1	0	0	0	1
2756_sub1	1	15	6	9	6	9	0	0
2756_sub2	0	1	1	0	0	0	1	0
2756_sub3	0	1	1	0	0	0	1	0
2756_sub4	0	2	0	2	0	0	0	2
27570_sub0	1	7	0	7	0	7	0	0
27570_sub1	0	1	1	0	0	0	1	0
2758_sub0	0	1	1	0	0	0	1	0
2758_sub1	1	6	1	5	1	5	0	0
2758_sub2	0	1	0	1	0	0	0	1
27619_sub0	0	1	1	0	0	0	1	0
27619_sub1	0	1	0	1	0	0	0	1
27619_sub2	1	6	4	2	4	2	0	0
2766_sub0	0	1	1	0	0	0	1	0
2766_sub1	1	17	6	11	6	11	0	0
2766_sub2	0	1	0	1	0	0	0	1
2766_sub3	0	1	1	0	0	0	1	0
2766_sub4	0	1	1	0	0	0	1	0
2768_sub0	0	1	1	0	0	0	1	0
2768_sub1	1	15	10	5	10	5	0	0
2768_sub2	0	1	1	0	0	0	1	0
2768_sub3	0	1	1	0	0	0	1	0
2769_sub0	1	11	5	6	5	6	0	0
2769_sub1	0	1	1	0	0	0	1	0
2769_sub2	0	1	1	0	0	0	1	0
2769_sub3	0	1	0	1	0	0	0	1
27690_sub0	0	1	0	1	0	0	0	1
27690_sub1	1	8	3	5	3	5	0	0
27690_sub2	0	1	1	0	0	0	1	0
27690_sub3	0	1	1	0	0	0	1	0
2777_sub0	0	1	1	0	0	0	1	0
2777_sub1	1	12	10	2	10	2	0	0
27810_sub0	0	1	0	1	0	0	0	1
27810_sub1	1	8	3	5	3	5	0	0
27810_sub2	0	1	1	0	0	0	1	0
2785_sub0	0	1	0	1	0	0	0	1
2785_sub1	0	1	0	1	0	0	0	1
2785_sub2	1	9	6	3	6	3	0	0
2785_sub3	0	1	1	0	0	0	1	0
2785_sub4	0	1	1	0	0	0	1	0
27868_sub0	1	8	3	5	3	5	0	0
279_sub0	0	1	0	1	0	0	0	1
279_sub1	0	1	0	1	0	0	0	1
279_sub2	0	1	1	0	0	0	1	0
279_sub3	1	11	9	2	9	2	0	0
279_sub4	0	1	0	1	0	0	0	1
279_sub5	0	1	1	0	0	0	1	0
2791_sub0	1	14	6	8	6	8	0	0
2791_sub1	0	1	1	0	0	0	1	0
2791_sub2	0	1	1	0	0	0	1	0
2791_sub3	0	1	0	1	0	0	0	1
2793_sub0	0	1	0	1	0	0	0	1
2793_sub1	1	20	15	5	15	5	0	0
2793_sub2	0	1	0	1	0	0	0	1
2793_sub3	0	1	1	0	0	0	1	0
2793_sub4	0	1	0	1	0	0	0	1
2794_sub0	1	10	4	6	4	6	0	0
2794_sub1	0	1	1	0	0	0	1	0
2794_sub2	0	1	1	0	0	0	1	0
2801_sub0	0	1	0	1	0	0	0	1
2801_sub1	0	1	0	1	0	0	0	1
2801_sub2	0	1	0	1	0	0	0	1
2801_sub3	0	1	1	0	0	0	1	0
2801_sub4	0	1	1	0	0	0	1	0
2801_sub5	0	1	1	0	0	0	1	0
2807_sub0	1	9	2	7	2	7	0	0
2807_sub1	0	1	0	1	0	0	0	1
2807_sub2	0	1	1	0	0	0	1	0
2807_sub3	0	1	0	1	0	0	0	1
2807_sub4	0	1	0	1	0	0	0	1
2807_sub5	0	1	0	1	0	0	0	1
2807_sub6	0	1	1	0	0	0	1	0
2807_sub7	0	1	0	1	0	0	0	1
2808_sub0	0	1	0	1	0	0	0	1
2808_sub1	0	1	0	1	0	0	0	1
2808_sub2	1	11	5	6	5	6	0	0
2808_sub3	0	1	1	0	0	0	1	0
2808_sub4	0	1	1	0	0	0	1	0
2808_sub5	0	1	1	0	0	0	1	0
2808_sub6	0	1	1	0	0	0	1	0
2808_sub7	0	1	1	0	0	0	1	0
281_sub0	0	1	0	1	0	0	0	1
281_sub1	0	1	1	0	0	0	1	0
281_sub2	1	8	6	2	6	2	0	0
281_sub3	0	1	0	1	0	0	0	1
281_sub4	0	1	1	0	0	0	1	0
281_sub5	0	1	0	1	0	0	0	1
281_sub6	0	1	0	1	0	0	0	1
28109_sub0	0	1	0	1	0	0	0	1
28109_sub1	0	1	1	0	0	0	1	0
28109_sub2	0	1	0	1	0	0	0	1
28109_sub3	0	1	1	0	0	0	1	0
28109_sub4	0	1	0	1	0	0	0	1
28109_sub5	0	1	0	1	0	0	0	1
2811_sub0	1	10	6	4	6	4	0	0
2811_sub1	0	1	0	1	0	0	0	1
2811_sub2	0	1	0	1	0	0	0	1
28117_sub0	1	6	2	4	2	4	0	0
28117_sub1	0	1	0	1	0	0	0	1
28117_sub2	0	1	0	1	0	0	0	1
28165_sub0	1	6	2	4	2	4	0	0
28165_sub1	0	1	1	0	0	0	1	0
2824_sub0	1	13	7	6	7	6	0	0
2824_sub1	0	1	1	0	0	0	1	0
2824_sub2	0	1	0	1	0	0	0	1
2824_sub3	0	1	0	1	0	0	0	1
2824_sub4	0	1	1	0	0	0	1	0
2824_sub5	0	1	0	1	0	0	0	1
2824_sub6	0	1	1	0	0	0	1	0
2824_sub7	0	1	0	1	0	0	0	1
2825_sub0	0	1	0	1	0	0	0	1
2825_sub1	1	9	3	6	3	6	0	0
2825_sub2	0	1	0	1	0	0	0	1
2825_sub3	0	1	0	1	0	0	0	1
2835_sub0	0	4	2	2	0	0	2	2
2835_sub1	0	1	1	0	0	0	1	0
2835_sub2	0	1	0	1	0	0	0	1
28363_sub0	0	5	3	2	0	0	3	2
28363_sub1	0	1	0	1	0	0	0	1
28363_sub2	0	1	1	0	0	0	1	0
28363_sub3	0	1	1	0	0	0	1	0
28367_sub0	1	8	1	7	1	7	0	0
28367_sub1	0	1	1	0	0	0	1	0
28396_sub0	0	1	1	0	0	0	1	0
28396_sub1	1	6	1	5	1	5	0	0
28396_sub2	0	1	0	1	0	0	0	1
28396_sub3	0	1	0	1	0	0	0	1
28396_sub4	0	1	0	1	0	0	0	1
28396_sub5	0	1	0	1	0	0	0	1
2841_sub0	1	25	9	16	9	11	0	5
2841_sub1	0	1	0	1	0	0	0	1
2841_sub2	0	1	1	0	0	0	1	0
2841_sub3	0	1	1	0	0	0	1	0
2841_sub4	0	1	1	0	0	0	1	0
2841_sub5	0	1	1	0	0	0	1	0
2841_sub6	0	1	0	1	0	0	0	1
2841_sub7	0	1	0	1	0	0	0	1
2841_sub8	0	1	1	0	0	0	1	0
2841_sub9	0	1	1	0	0	0	1	0
2841_sub10	0	1	1	0	0	0	1	0
2841_sub11	0	1	0	1	0	0	0	1
2841_sub12	0	1	0	1	0	0	0	1
2841_sub13	0	1	0	1	0	0	0	1
2843_sub0	0	1	0	1	0	0	0	1
2843_sub1	1	17	7	10	7	10	0	0
2843_sub2	0	1	1	0	0	0	1	0
28442_sub0	0	1	1	0	0	0	1	0
28442_sub1	0	5	4	1	0	0	4	1
28442_sub2	0	1	1	0	0	0	1	0
28442_sub3	0	1	1	0	0	0	1	0
2846_sub0	0	1	0	1	0	0	0	1
2846_sub1	0	1	0	1	0	0	0	1
2846_sub2	0	3	2	1	0	0	2	1
2846_sub3	0	1	0	1	0	0	0	1
2846_sub4	0	1	1	0	0	0	1	0
28484_sub0	0	1	1	0	0	0	1	0
28484_sub1	1	10	5	5	5	5	0	0
28484_sub2	0	1	1	0	0	0	1	0
28484_sub3	0	1	0	1	0	0	0	1
28484_sub4	0	1	0	1	0	0	0	1
28522_sub0	1	8	4	4	4	4	0	0
28522_sub1	0	1	1	0	0	0	1	0
28524_sub0	0	1	0	1	0	0	0	1
28524_sub1	0	1	0	1	0	0	0	1
28524_sub2	1	17	5	12	5	12	0	0
28524_sub3	0	1	1	0	0	0	1	0
28524_sub4	0	1	1	0	0	0	1	0
28524_sub5	0	1	1	0	0	0	1	0
28533_sub0	0	1	0	1	0	0	0	1
28533_sub1	0	1	0	1	0	0	0	1
28533_sub2	0	1	0	1	0	0	0	1
28533_sub3	0	1	1	0	0	0	1	0
28533_sub4	0	1	1	0	0	0	1	0
28533_sub5	0	1	1	0	0	0	1	0
28533_sub6	0	1	1	0	0	0	1	0
2855_sub0	0	1	0	1	0	0	0	1
2855_sub1	0	1	0	1	0	0	0	1
2855_sub2	0	1	1	0	0	0	1	0
2855_sub3	0	1	0	1	0	0	0	1
2855_sub4	0	1	1	0	0	0	1	0
2855_sub5	0	1	0	1	0	0	0	1
2857_sub0	0	1	0	1	0	0	0	1
2857_sub1	0	3	2	1	0	0	2	1
2857_sub2	0	1	0	1	0	0	0	1
2857_sub3	0	1	1	0	0	0	1	0
28585_sub0	0	5	2	3	0	0	2	3
28585_sub1	0	1	1	0	0	0	1	0
2862_sub0	0	1	0	1	0	0	0	1
2862_sub1	1	18	10	8	10	8	0	0
2862_sub2	0	1	0	1	0	0	0	1
2863_sub0	0	1	0	1	0	0	0	1
2863_sub1	1	22	10	12	10	10	0	2
2863_sub2	0	1	1	0	0	0	1	0
28665_sub0	0	5	4	1	0	0	4	1
28665_sub1	0	1	1	0	0	0	1	0
28665_sub2	0	1	1	0	0	0	1	0
28665_sub3	0	1	1	0	0	0	1	0
287_sub0	0	1	1	0	0	0	1	0
287_sub1	0	1	1	0	0	0	1	0
287_sub2	0	1	0	1	0	0	0	1
287_sub3	0	1	0	1	0	0	0	1
287_sub4	0	1	0	1	0	0	0	1
287_sub5	0	1	1	0	0	0	1	0
2871_sub0	0	1	1	0	0	0	1	0
2871_sub1	0	5	3	2	0	0	3	2
28730_sub0	0	1	1	0	0	0	1	0
28730_sub1	0	1	1	0	0	0	1	0
28730_sub2	0	1	1	0	0	0	1	0
28730_sub3	0	2	1	1	0	0	1	1
28730_sub4	0	1	0	1	0	0	0	1
2874_sub0	0	1	0	1	0	0	0	1
2874_sub1	1	8	4	4	4	4	0	0
2874_sub2	0	1	1	0	0	0	1	0
2877_sub0	0	1	0	1	0	0	0	1
2877_sub1	0	1	0	1	0	0	0	1
2877_sub2	1	14	6	8	6	8	0	0
2877_sub3	0	1	0	1	0	0	0	1
288_sub0	0	1	1	0	0	0	1	0
288_sub1	0	4	3	1	0	0	3	1
288_sub2	0	1	0	1	0	0	0	1
288_sub3	0	1	0	1	0	0	0	1
288_sub4	0	1	0	1	0	0	0	1
288_sub5	0	1	0	1	0	0	0	1
288_sub6	0	1	0	1	0	0	0	1
2884_sub0	1	13	9	4	9	4	0	0
2884_sub1	0	1	1	0	0	0	1	0
2884_sub2	0	1	1	0	0	0	1	0
2884_sub3	0	1	0	1	0	0	0	1
2884_sub4	0	1	0	1	0	0	0	1
2884_sub5	0	1	1	0	0	0	1	0
2885_sub0	1	7	3	4	3	4	0	0
2885_sub1	0	2	0	2	0	0	0	2
2885_sub2	0	1	0	1	0	0	0	1
28863_sub0	0	2	2	0	0	0	2	0
28863_sub1	0	4	1	3	0	0	1	3
28863_sub2	0	1	0	1	0	0	0	1
2887_sub0	0	1	0	1	0	0	0	1
2887_sub1	1	9	3	6	3	6	0	0
2887_sub2	0	1	1	0	0	0	1	0
2889_sub0	0	1	0	1	0	0	0	1
2889_sub1	1	6	3	3	3	3	0	0
2889_sub2	0	1	0	1	0	0	0	1
2889_sub3	0	1	0	1	0	0	0	1
2890_sub0	1	15	6	9	6	9	0	0
2890_sub1	0	1	0	1	0	0	0	1
2890_sub2	0	1	1	0	0	0	1	0
2890_sub3	0	1	0	1	0	0	0	1
2890_sub4	0	1	0	1	0	0	0	1
2890_sub5	0	1	0	1	0	0	0	1
2892_sub0	1	6	4	2	4	2	0	0
2892_sub1	0	1	0	1	0	0	0	1
2893_sub0	0	1	0	1	0	0	0	1
2893_sub1	1	7	3	4	3	4	0	0
2893_sub2	0	1	1	0	0	0	1	0
2896_sub0	1	23	15	8	12	8	3	0
2896_sub1	0	1	1	0	0	0	1	0
29_sub0	0	1	0	1	0	0	0	1
29_sub1	0	1	0	1	0	0	0	1
29_sub2	1	9	7	2	7	2	0	0
29_sub3	0	1	0	1	0	0	0	1
290_sub0	0	1	1	0	0	0	1	0
290_sub1	1	8	2	6	2	6	0	0
29001_sub0	0	1	0	1	0	0	0	1
29001_sub1	0	1	0	1	0	0	0	1
29001_sub2	0	1	0	1	0	0	0	1
29001_sub3	0	1	1	0	0	0	1	0
29001_sub4	0	1	1	0	0	0	1	0
29001_sub5	0	1	1	0	0	0	1	0
2905_sub0	1	15	7	8	7	8	0	0
2905_sub1	0	1	0	1	0	0	0	1
2909_sub0	1	11	6	5	6	5	0	0
2909_sub1	0	1	0	1	0	0	0	1
2909_sub2	0	1	0	1	0	0	0	1
291_sub0	0	1	0	1	0	0	0	1
291_sub1	0	1	0	1	0	0	0	1
291_sub2	1	14	8	6	8	6	0	0
291_sub3	0	1	0	1	0	0	0	1
291_sub4	0	1	0	1	0	0	0	1
29121_sub0	1	7	4	3	4	3	0	0
2917_sub0	1	13	8	5	8	5	0	0
2917_sub1	0	1	0	1	0	0	0	1
2917_sub2	0	1	1	0	0	0	1	0
2917_sub3	0	1	0	1	0	0	0	1
2917_sub4	0	1	1	0	0	0	1	0
2918_sub0	1	6	3	3	3	3	0	0
2918_sub1	0	1	1	0	0	0	1	0
2918_sub2	0	1	0	1	0	0	0	1
2918_sub3	0	1	1	0	0	0	1	0
29341_sub0	1	8	4	4	4	4	0	0
29341_sub1	0	1	0	1	0	0	0	1
2936_sub0	0	1	0	1	0	0	0	1
2936_sub1	1	6	4	2	4	2	0	0
29366_sub0	0	1	1	0	0	0	1	0
29366_sub1	0	4	2	2	0	0	2	2
29366_sub2	0	1	0	1	0	0	0	1
29366_sub3	0	1	0	1	0	0	0	1
29366_sub4	0	1	1	0	0	0	1	0
2937_sub0	0	5	2	3	0	0	2	3
2937_sub1	0	1	1	0	0	0	1	0
2937_sub2	0	1	1	0	0	0	1	0
2940_sub0	0	1	1	0	0	0	1	0
2940_sub1	1	8	3	5	3	5	0	0
29420_sub0	1	7	5	2	5	2	0	0
29420_sub1	0	1	0	1	0	0	0	1
2943_sub0	0	1	0	1	0	0	0	1
2943_sub1	0	1	1	0	0	0	1	0
2943_sub2	1	9	4	5	4	5	0	0
2943_sub3	0	1	0	1	0	0	0	1
2943_sub4	0	1	1	0	0	0	1	0
2945_sub0	1	20	9	11	9	11	0	0
2945_sub1	0	1	0	1	0	0	0	1
2945_sub2	0	1	1	0	0	0	1	0
2945_sub3	0	1	0	1	0	0	0	1
2945_sub4	0	1	0	1	0	0	0	1
29466_sub0	0	1	1	0	0	0	1	0
29466_sub1	0	1	0	1	0	0	0	1
29466_sub2	0	1	1	0	0	0	1	0
29466_sub3	0	1	1	0	0	0	1	0
29466_sub4	0	1	1	0	0	0	1	0
29466_sub5	0	1	1	0	0	0	1	0
29489_sub0	0	1	1	0	0	0	1	0
29489_sub1	0	4	1	3	0	0	1	3
29489_sub2	0	1	1	0	0	0	1	0
29504_sub0	0	1	1	0	0	0	1	0
29504_sub1	1	7	2	5	2	5	0	0
29504_sub2	0	1	1	0	0	0	1	0
29504_sub3	0	1	0	1	0	0	0	1
2956_sub0	1	16	9	7	9	7	0	0
2956_sub1	0	1	0	1	0	0	0	1
2956_sub2	0	1	0	1	0	0	0	1
2956_sub3	0	1	0	1	0	0	0	1
2957_sub0	1	15	10	5	10	5	0	0
2957_sub1	0	1	1	0	0	0	1	0
2957_sub2	0	1	1	0	0	0	1	0
2957_sub3	0	1	0	1	0	0	0	1
2957_sub4	0	1	0	1	0	0	0	1
2957_sub5	0	1	1	0	0	0	1	0
2957_sub6	0	1	0	1	0	0	0	1
29595_sub0	1	6	3	3	3	3	0	0
29595_sub1	0	1	0	1	0	0	0	1
29595_sub2	0	1	0	1	0	0	0	1
296_sub0	0	1	1	0	0	0	1	0
296_sub1	1	10	7	3	7	3	0	0
296_sub2	0	1	1	0	0	0	1	0
296_sub3	0	1	0	1	0	0	0	1
296_sub4	0	1	0	1	0	0	0	1
2963_sub0	0	1	1	0	0	0	1	0
2963_sub1	0	2	0	2	0	0	0	2
2963_sub2	0	1	1	0	0	0	1	0
2963_sub3	0	1	0	1	0	0	0	1
2963_sub4	0	1	1	0	0	0	1	0
2965_sub0	1	12	7	5	7	5	0	0
2965_sub1	0	1	0	1	0	0	0	1
2965_sub2	0	1	1	0	0	0	1	0
2970_sub0	0	1	0	1	0	0	0	1
2970_sub1	1	6	2	4	2	4	0	0
2970_sub2	0	1	1	0	0	0	1	0
2970_sub3	0	1	1	0	0	0	1	0
2970_sub4	0	1	1	0	0	0	1	0
2970_sub5	0	1	1	0	0	0	1	0
2971_sub0	1	9	4	5	4	5	0	0
2971_sub1	0	1	1	0	0	0	1	0
2971_sub2	0	1	1	0	0	0	1	0
2974_sub0	0	1	0	1	0	0	0	1
2974_sub1	0	1	0	1	0	0	0	1
2974_sub2	0	1	0	1	0	0	0	1
2974_sub3	0	1	1	0	0	0	1	0
2974_sub4	0	1	0	1	0	0	0	1
2974_sub5	0	1	0	1	0	0	0	1
29767_sub0	0	1	0	1	0	0	0	1
29767_sub1	0	1	0	1	0	0	0	1
29767_sub2	0	1	1	0	0	0	1	0
29767_sub3	0	1	1	0	0	0	1	0
29767_sub4	0	1	0	1	0	0	0	1
29767_sub5	0	1	0	1	0	0	0	1
2977_sub0	1	7	4	3	4	3	0	0
2977_sub1	0	1	0	1	0	0	0	1
29771_sub0	0	1	0	1	0	0	0	1
29771_sub1	1	6	6	0	6	0	0	0
29771_sub2	0	1	1	0	0	0	1	0
2980_sub0	0	5	2	3	0	0	2	3
2980_sub1	0	1	0	1	0	0	0	1
2980_sub2	0	1	1	0	0	0	1	0
2985_sub0	0	1	1	0	0	0	1	0
2985_sub1	0	1	0	1	0	0	0	1
2985_sub2	0	1	1	0	0	0	1	0
2985_sub3	0	1	0	1	0	0	0	1
2985_sub4	0	1	0	1	0	0	0	1
2985_sub5	0	1	1	0	0	0	1	0
2987_sub0	1	14	4	10	4	10	0	0
2987_sub1	0	1	0	1	0	0	0	1
2987_sub2	0	1	0	1	0	0	0	1
2987_sub3	0	1	1	0	0	0	1	0
2987_sub4	0	1	0	1	0	0	0	1
2987_sub5	0	1	0	1	0	0	0	1
2992_sub0	0	1	0	1	0	0	0	1
2992_sub1	1	14	6	8	6	8	0	0
2992_sub2	0	1	0	1	0	0	0	1
2992_sub3	0	1	1	0	0	0	1	0
2992_sub4	0	1	1	0	0	0	1	0
2992_sub5	0	1	0	1	0	0	0	1
29944_sub0	0	4	1	3	0	0	1	3
29944_sub1	0	1	0	1	0	0	0	1
29944_sub2	0	1	1	0	0	0	1	0
2998_sub0	1	20	12	8	12	8	0	0
2998_sub1	0	1	0	1	0	0	0	1
2998_sub2	0	1	1	0	0	0	1	0
2998_sub3	0	1	1	0	0	0	1	0
2998_sub4	0	1	1	0	0	0	1	0
2998_sub5	0	1	0	1	0	0	0	1
2999_sub0	0	1	1	0	0	0	1	0
2999_sub1	1	19	6	13	6	13	0	0
2999_sub2	0	1	1	0	0	0	1	0
2999_sub3	0	1	1	0	0	0	1	0
300_sub0	0	1	1	0	0	0	1	0
300_sub1	0	1	0	1	0	0	0	1
300_sub2	0	1	1	0	0	0	1	0
300_sub3	1	10	6	4	6	4	0	0
300_sub4	0	1	1	0	0	0	1	0
300_sub5	0	1	1	0	0	0	1	0
300_sub6	0	1	0	1	0	0	0	1
300_sub7	0	1	0	1	0	0	0	1
30038_sub0	0	1	0	1	0	0	0	1
30038_sub1	1	8	7	1	7	1	0	0
30038_sub2	0	1	1	0	0	0	1	0
30038_sub3	0	1	0	1	0	0	0	1
30038_sub4	0	1	1	0	0	0	1	0
30089_sub0	0	1	0	1	0	0	0	1
30089_sub1	0	5	2	3	0	0	2	3
3009_sub0	0	2	1	1	0	0	1	1
3009_sub1	0	1	0	1	0	0	0	1
3009_sub2	0	1	1	0	0	0	1	0
3009_sub3	0	1	0	1	0	0	0	1
3009_sub4	0	1	1	0	0	0	1	0
3009_sub5	0	1	1	0	0	0	1	0
3009_sub6	0	1	1	0	0	0	1	0
30126_sub0	0	5	4	1	0	0	4	1
30126_sub1	0	1	1	0	0	0	1	0
30126_sub2	0	1	0	1	0	0	0	1
30126_sub3	0	1	0	1	0	0	0	1
3013_sub0	1	8	0	8	0	8	0	0
3013_sub1	0	1	1	0	0	0	1	0
3013_sub2	0	1	1	0	0	0	1	0
3016_sub0	1	25	11	14	10	10	1	4
3016_sub1	0	1	1	0	0	0	1	0
3016_sub2	0	1	0	1	0	0	0	1
3016_sub3	0	1	1	0	0	0	1	0
3016_sub4	0	1	1	0	0	0	1	0
3016_sub5	0	1	1	0	0	0	1	0
3016_sub6	0	1	0	1	0	0	0	1
3016_sub7	0	1	1	0	0	0	1	0
3016_sub8	0	1	0	1	0	0	0	1
3016_sub9	0	1	0	1	0	0	0	1
3016_sub10	0	1	1	0	0	0	1	0
3018_sub0	0	1	0	1	0	0	0	1
3018_sub1	1	18	8	10	8	10	0	0
3018_sub2	0	1	0	1	0	0	0	1
3018_sub3	0	1	0	1	0	0	0	1
3022_sub0	0	1	1	0	0	0	1	0
3022_sub1	1	16	10	6	10	6	0	0
3022_sub2	0	1	0	1	0	0	0	1
3023_sub0	1	9	5	4	5	4	0	0
3023_sub1	0	1	1	0	0	0	1	0
3023_sub2	0	1	1	0	0	0	1	0
3023_sub3	0	1	0	1	0	0	0	1
3023_sub4	0	1	1	0	0	0	1	0
3023_sub5	0	1	1	0	0	0	1	0
3023_sub6	0	2	0	2	0	0	0	2
30285_sub0	0	4	2	2	0	0	2	2
30285_sub1	0	1	0	1	0	0	0	1
30285_sub2	0	1	0	1	0	0	0	1
3030_sub0	0	1	0	1	0	0	0	1
3030_sub1	1	8	3	5	3	5	0	0
3030_sub2	0	1	1	0	0	0	1	0
3030_sub3	0	1	1	0	0	0	1	0
30316_sub0	1	7	3	4	3	4	0	0
30316_sub1	0	1	0	1	0	0	0	1
3032_sub0	0	1	0	1	0	0	0	1
3032_sub1	0	1	0	1	0	0	0	1
3032_sub2	0	4	1	3	0	0	1	3
3032_sub3	0	1	1	0	0	0	1	0
3032_sub4	0	1	0	1	0	0	0	1
30335_sub0	1	8	4	4	4	4	0	0
3035_sub0	0	1	1	0	0	0	1	0
3035_sub1	1	13	5	8	5	8	0	0
30353_sub0	0	1	0	1	0	0	0	1
30353_sub1	0	4	2	2	0	0	2	2
30353_sub2	0	1	0	1	0	0	0	1
3036_sub0	1	16	9	7	9	7	0	0
3036_sub1	0	1	0	1	0	0	0	1
3036_sub2	0	1	0	1	0	0	0	1
3036_sub3	0	1	0	1	0	0	0	1
3036_sub4	0	1	0	1	0	0	0	1
3036_sub5	0	1	0	1	0	0	0	1
3036_sub6	0	1	1	0	0	0	1	0
3036_sub7	0	1	1	0	0	0	1	0
3039_sub0	0	1	0	1	0	0	0	1
3039_sub1	1	21	9	12	9	11	0	1
3039_sub2	0	1	1	0	0	0	1	0
30402_sub0	0	1	1	0	0	0	1	0
30402_sub1	1	8	3	5	3	5	0	0
30402_sub2	0	1	1	0	0	0	1	0
3041_sub0	0	1	0	1	0	0	0	1
3041_sub1	0	1	1	0	0	0	1	0
3041_sub2	1	10	3	7	3	7	0	0
3043_sub0	0	1	0	1	0	0	0	1
3043_sub1	1	21	6	15	6	14	0	1
3043_sub2	0	1	0	1	0	0	0	1
3043_sub3	0	1	1	0	0	0	1	0
3043_sub4	0	1	0	1	0	0	0	1
3043_sub5	0	1	1	0	0	0	1	0
3043_sub6	0	1	1	0	0	0	1	0
3049_sub0	0	1	0	1	0	0	0	1
3049_sub1	1	16	7	9	7	9	0	0
3049_sub2	0	1	0	1	0	0	0	1
3051_sub0	0	4	0	4	0	0	0	4
3051_sub1	0	1	1	0	0	0	1	0
3051_sub2	0	1	0	1	0	0	0	1
3052_sub0	0	1	0	1	0	0	0	1
3052_sub1	0	1	0	1	0	0	0	1
3052_sub2	0	1	1	0	0	0	1	0
3052_sub3	0	1	1	0	0	0	1	0
3052_sub4	0	1	0	1	0	0	0	1
3052_sub5	0	1	0	1	0	0	0	1
3052_sub6	0	1	0	1	0	0	0	1
30524_sub0	0	1	0	1	0	0	0	1
30524_sub1	0	1	1	0	0	0	1	0
30524_sub2	0	1	1	0	0	0	1	0
30524_sub3	0	1	0	1	0	0	0	1
30524_sub4	0	1	0	1	0	0	0	1
30524_sub5	0	1	0	1	0	0	0	1
30550_sub0	0	1	0	1	0	0	0	1
30550_sub1	1	8	5	3	5	3	0	0
30550_sub2	0	1	0	1	0	0	0	1
30550_sub3	0	1	1	0	0	0	1	0
3056_sub0	1	19	9	10	9	10	0	0
3056_sub1	0	1	0	1	0	0	0	1
3056_sub2	0	1	1	0	0	0	1	0
3056_sub3	0	1	1	0	0	0	1	0
3056_sub4	0	1	1	0	0	0	1	0
3056_sub5	0	1	0	1	0	0	0	1
3056_sub6	0	1	0	1	0	0	0	1
3056_sub7	0	1	0	1	0	0	0	1
306_sub0	0	1	0	1	0	0	0	1
306_sub1	0	4	1	3	0	0	1	3
306_sub2	0	1	0	1	0	0	0	1
3063_sub0	1	16	8	8	8	8	0	0
3064_sub0	1	9	5	4	5	4	0	0
3064_sub1	0	1	0	1	0	0	0	1
3064_sub2	0	1	1	0	0	0	1	0
3064_sub3	0	1	0	1	0	0	0	1
3065_sub0	1	11	5	6	5	6	0	0
3065_sub1	0	1	0	1	0	0	0	1
3065_sub2	0	1	0	1	0	0	0	1
3067_sub0	0	1	0	1	0	0	0	1
3067_sub1	0	1	1	0	0	0	1	0
3067_sub2	0	1	0	1	0	0	0	1
3067_sub3	0	1	0	1	0	0	0	1
3067_sub4	0	1	0	1	0	0	0	1
3067_sub5	0	1	0	1	0	0	0	1
3067_sub6	0	1	1	0	0	0	1	0
30706_sub0	0	1	0	1	0	0	0	1
30706_sub1	1	14	9	5	9	5	0	0
30706_sub2	0	1	0	1	0	0	0	1
30706_sub3	0	1	1	0	0	0	1	0
30706_sub4	0	1	0	1	0	0	0	1
3075_sub0	0	1	1	0	0	0	1	0
3075_sub1	1	8	3	5	3	5	0	0
3075_sub2	0	1	1	0	0	0	1	0
3075_sub3	0	1	0	1	0	0	0	1
3075_sub4	0	1	0	1	0	0	0	1
3076_sub0	0	1	1	0	0	0	1	0
3076_sub1	1	14	6	8	6	8	0	0
3076_sub2	0	1	0	1	0	0	0	1
3077_sub0	0	1	0	1	0	0	0	1
3077_sub1	0	1	0	1	0	0	0	1
3077_sub2	1	10	4	6	4	6	0	0
3077_sub3	0	1	0	1	0	0	0	1
3079_sub0	1	15	7	8	7	8	0	0
3079_sub1	0	1	0	1	0	0	0	1
3079_sub2	0	1	0	1	0	0	0	1
3079_sub3	0	1	0	1	0	0	0	1
3079_sub4	0	1	0	1	0	0	0	1
3079_sub5	0	1	0	1	0	0	0	1
3079_sub6	0	1	0	1	0	0	0	1
3088_sub0	1	15	4	11	4	11	0	0
3088_sub1	0	1	0	1	0	0	0	1
3088_sub2	0	1	0	1	0	0	0	1
3088_sub3	0	1	0	1	0	0	0	1
3090_sub0	0	1	1	0	0	0	1	0
3090_sub1	1	17	9	8	9	8	0	0
3090_sub2	0	1	1	0	0	0	1	0
3090_sub3	0	1	0	1	0	0	0	1
3090_sub4	0	1	1	0	0	0	1	0
3090_sub5	0	1	1	0	0	0	1	0
3090_sub6	0	1	0	1	0	0	0	1
30910_sub0	0	1	1	0	0	0	1	0
30910_sub1	0	1	1	0	0	0	1	0
30910_sub2	0	1	1	0	0	0	1	0
30910_sub3	0	1	1	0	0	0	1	0
30910_sub4	0	1	1	0	0	0	1	0
30910_sub5	0	1	1	0	0	0	1	0
3093_sub0	1	15	8	7	8	7	0	0
3093_sub1	0	1	1	0	0	0	1	0
3093_sub2	0	1	1	0	0	0	1	0
3093_sub3	0	1	0	1	0	0	0	1
3093_sub4	0	1	0	1	0	0	0	1
3094_sub0	0	4	1	3	0	0	1	3
3094_sub1	0	1	0	1	0	0	0	1
3094_sub2	0	1	0	1	0	0	0	1
3095_sub0	0	1	1	0	0	0	1	0
3095_sub1	0	1	1	0	0	0	1	0
3095_sub2	1	6	5	1	5	1	0	0
3095_sub3	0	1	0	1	0	0	0	1
3098_sub0	0	1	0	1	0	0	0	1
3098_sub1	0	1	0	1	0	0	0	1
3098_sub2	0	1	1	0	0	0	1	0
3098_sub3	0	1	0	1	0	0	0	1
3098_sub4	0	1	1	0	0	0	1	0
3098_sub5	0	1	1	0	0	0	1	0
3098_sub6	0	1	1	0	0	0	1	0
3099_sub0	0	1	0	1	0	0	0	1
3099_sub1	0	1	0	1	0	0	0	1
3099_sub2	0	1	1	0	0	0	1	0
3099_sub3	0	1	1	0	0	0	1	0
3099_sub4	0	1	1	0	0	0	1	0
3099_sub5	0	1	1	0	0	0	1	0
3099_sub6	0	1	0	1	0	0	0	1
3099_sub7	0	1	1	0	0	0	1	0
310_sub0	0	1	0	1	0	0	0	1
310_sub1	1	6	3	3	3	3	0	0
310_sub2	0	1	0	1	0	0	0	1
3100_sub0	1	11	5	6	5	6	0	0
3100_sub1	0	1	0	1	0	0	0	1
3100_sub2	0	1	1	0	0	0	1	0
3100_sub3	0	1	1	0	0	0	1	0
3100_sub4	0	1	1	0	0	0	1	0
3100_sub5	0	1	1	0	0	0	1	0
31038_sub0	0	1	0	1	0	0	0	1
31038_sub1	0	1	1	0	0	0	1	0
31038_sub2	0	1	1	0	0	0	1	0
31038_sub3	0	1	0	1	0	0	0	1
31038_sub4	0	1	0	1	0	0	0	1
31038_sub5	0	1	1	0	0	0	1	0
31038_sub6	0	1	0	1	0	0	0	1
3105_sub0	1	17	9	8	9	8	0	0
3105_sub1	0	1	0	1	0	0	0	1
3105_sub2	0	1	0	1	0	0	0	1
3105_sub3	0	1	0	1	0	0	0	1
3105_sub4	0	1	1	0	0	0	1	0
3105_sub5	0	1	0	1	0	0	0	1
3105_sub6	0	1	0	1	0	0	0	1
3105_sub7	0	1	0	1	0	0	0	1
31067_sub0	1	9	5	4	5	4	0	0
31067_sub1	0	1	1	0	0	0	1	0
31067_sub2	0	1	1	0	0	0	1	0
31067_sub3	0	1	0	1	0	0	0	1
31067_sub4	0	1	1	0	0	0	1	0
3107_sub0	0	1	0	1	0	0	0	1
3107_sub1	0	1	1	0	0	0	1	0
3107_sub2	0	1	0	1	0	0	0	1
3107_sub3	1	9	5	4	5	4	0	0
3107_sub4	0	1	1	0	0	0	1	0
3107_sub5	0	1	0	1	0	0	0	1
3108_sub0	1	20	8	12	8	12	0	0
3108_sub1	0	1	1	0	0	0	1	0
3108_sub2	0	1	0	1	0	0	0	1
3108_sub3	0	1	1	0	0	0	1	0
3108_sub4	0	1	1	0	0	0	1	0
3108_sub5	0	1	1	0	0	0	1	0
31081_sub0	0	1	0	1	0	0	0	1
31081_sub1	0	5	4	1	0	0	4	1
3110_sub0	0	1	0	1	0	0	0	1
3110_sub1	0	3	2	1	0	0	2	1
3110_sub2	0	1	1	0	0	0	1	0
3110_sub3	0	1	1	0	0	0	1	0
3115_sub0	1	6	1	5	1	5	0	0
3115_sub1	0	1	0	1	0	0	0	1
3115_sub2	0	1	1	0	0	0	1	0
3115_sub3	0	1	1	0	0	0	1	0
3115_sub4	0	1	0	1	0	0	0	1
3115_sub5	0	1	0	1	0	0	0	1
31155_sub0	0	5	2	3	0	0	2	3
31155_sub1	0	1	1	0	0	0	1	0
3117_sub0	1	15	5	10	5	10	0	0
3117_sub1	0	1	1	0	0	0	1	0
3117_sub2	0	1	1	0	0	0	1	0
312_sub0	0	1	1	0	0	0	1	0
312_sub1	0	5	1	4	0	0	1	4
312_sub2	0	1	1	0	0	0	1	0
312_sub3	0	1	1	0	0	0	1	0
31211_sub0	0	1	1	0	0	0	1	0
31211_sub1	0	1	1	0	0	0	1	0
31211_sub2	0	1	0	1	0	0	0	1
31211_sub3	0	1	0	1	0	0	0	1
31211_sub4	0	1	1	0	0	0	1	0
31211_sub5	0	1	0	1	0	0	0	1
31231_sub0	1	8	2	6	2	6	0	0
31231_sub1	0	1	1	0	0	0	1	0
3124_sub0	0	1	0	1	0	0	0	1
3124_sub1	0	1	0	1	0	0	0	1
3124_sub2	0	1	0	1	0	0	0	1
3124_sub3	0	1	1	0	0	0	1	0
3124_sub4	0	1	0	1	0	0	0	1
3124_sub5	0	1	1	0	0	0	1	0
3125_sub0	1	6	2	4	2	4	0	0
3125_sub1	0	1	0	1	0	0	0	1
3125_sub2	0	1	0	1	0	0	0	1
3125_sub3	0	1	0	1	0	0	0	1
313_sub0	0	1	0	1	0	0	0	1
313_sub1	0	1	0	1	0	0	0	1
313_sub2	0	4	1	3	0	0	1	3
313_sub3	0	1	1	0	0	0	1	0
313_sub4	0	1	1	0	0	0	1	0
3133_sub0	0	1	0	1	0	0	0	1
3133_sub1	0	1	1	0	0	0	1	0
3133_sub2	0	1	0	1	0	0	0	1
3133_sub3	0	1	1	0	0	0	1	0
3133_sub4	0	1	1	0	0	0	1	0
3133_sub5	0	1	1	0	0	0	1	0
3133_sub6	0	1	0	1	0	0	0	1
3136_sub0	0	1	0	1	0	0	0	1
3136_sub1	0	1	1	0	0	0	1	0
3136_sub2	0	1	1	0	0	0	1	0
3136_sub3	0	1	1	0	0	0	1	0
3136_sub4	0	1	0	1	0	0	0	1
3136_sub5	0	1	0	1	0	0	0	1
3137_sub0	0	1	1	0	0	0	1	0
3137_sub1	0	1	0	1	0	0	0	1
3137_sub2	1	13	9	4	9	4	0	0
3137_sub3	0	1	0	1	0	0	0	1
3137_sub4	0	1	0	1	0	0	0	1
31374_sub0	0	1	1	0	0	0	1	0
31374_sub1	1	6	3	3	3	3	0	0
314_sub0	0	1	0	1	0	0	0	1
314_sub1	0	1	1	0	0	0	1	0
314_sub2	1	19	8	11	8	11	0	0
314_sub3	0	1	1	0	0	0	1	0
314_sub4	0	1	0	1	0	0	0	1
314_sub5	0	1	0	1	0	0	0	1
314_sub6	0	1	1	0	0	0	1	0
3144_sub0	1	11	5	6	5	6	0	0
3144_sub1	0	1	1	0	0	0	1	0
3144_sub2	0	1	0	1	0	0	0	1
31456_sub0	1	8	4	4	4	4	0	0
31456_sub1	0	1	1	0	0	0	1	0
31456_sub2	0	1	0	1	0	0	0	1
31456_sub3	0	1	1	0	0	0	1	0
3148_sub0	1	13	7	6	7	6	0	0
3148_sub1	0	1	0	1	0	0	0	1
3148_sub2	0	1	0	1	0	0	0	1
3148_sub3	0	1	1	0	0	0	1	0
3148_sub4	0	1	0	1	0	0	0	1
3149_sub0	0	1	1	0	0	0	1	0
3149_sub1	0	1	1	0	0	0	1	0
3149_sub2	1	28	14	14	10	10	4	4
3149_sub3	0	1	0	1	0	0	0	1
3149_sub4	0	1	0	1	0	0	0	1
3149_sub5	0	1	0	1	0	0	0	1
3151_sub0	0	1	0	1	0	0	0	1
3151_sub1	0	1	1	0	0	0	1	0
3151_sub2	0	1	1	0	0	0	1	0
3151_sub3	0	1	0	1	0	0	0	1
3151_sub4	0	1	1	0	0	0	1	0
3151_sub5	0	1	0	1	0	0	0	1
3155_sub0	0	1	0	1	0	0	0	1
3155_sub1	1	9	3	6	3	6	0	0
3155_sub2	0	1	1	0	0	0	1	0
3155_sub3	0	1	0	1	0	0	0	1
3156_sub0	1	9	3	6	3	6	0	0
3156_sub1	0	1	1	0	0	0	1	0
3156_sub2	0	1	1	0	0	0	1	0
3158_sub0	0	1	0	1	0	0	0	1
3158_sub1	1	20	9	11	9	11	0	0
3159_sub0	0	1	0	1	0	0	0	1
3159_sub1	0	1	1	0	0	0	1	0
3159_sub2	0	1	0	1	0	0	0	1
3159_sub3	0	1	1	0	0	0	1	0
3159_sub4	0	1	1	0	0	0	1	0
3159_sub5	0	1	0	1	0	0	0	1
3159_sub6	0	1	0	1	0	0	0	1
3160_sub0	0	1	1	0	0	0	1	0
3160_sub1	1	14	6	8	6	8	0	0
3160_sub2	0	1	1	0	0	0	1	0
3161_sub0	1	14	9	5	9	5	0	0
3161_sub1	0	1	0	1	0	0	0	1
3161_sub2	0	1	1	0	0	0	1	0
3161_sub3	0	1	0	1	0	0	0	1
3161_sub4	0	1	0	1	0	0	0	1
3161_sub5	0	1	0	1	0	0	0	1
3162_sub0	1	13	6	7	6	7	0	0
3162_sub1	0	1	1	0	0	0	1	0
3162_sub2	0	1	1	0	0	0	1	0
3162_sub3	0	1	1	0	0	0	1	0
3162_sub4	0	1	1	0	0	0	1	0
3162_sub5	0	1	0	1	0	0	0	1
3162_sub6	0	1	1	0	0	0	1	0
31638_sub0	0	1	1	0	0	0	1	0
31638_sub1	1	9	2	7	2	7	0	0
3164_sub0	0	1	0	1	0	0	0	1
3164_sub1	0	1	0	1	0	0	0	1
3164_sub2	0	1	0	1	0	0	0	1
3164_sub3	0	1	1	0	0	0	1	0
3164_sub4	0	1	1	0	0	0	1	0
3164_sub5	0	1	1	0	0	0	1	0
3164_sub6	0	1	1	0	0	0	1	0
31682_sub0	0	5	2	3	0	0	2	3
31682_sub1	0	1	1	0	0	0	1	0
31682_sub2	0	1	1	0	0	0	1	0
3169_sub0	1	9	3	6	3	6	0	0
3169_sub1	0	1	0	1	0	0	0	1
3169_sub2	0	1	0	1	0	0	0	1
3169_sub3	0	1	0	1	0	0	0	1
3174_sub0	1	17	14	3	14	3	0	0
3174_sub1	0	1	0	1	0	0	0	1
3174_sub2	0	1	1	0	0	0	1	0
3174_sub3	0	1	0	1	0	0	0	1
3178_sub0	0	1	1	0	0	0	1	0
3178_sub1	1	6	2	4	2	4	0	0
31787_sub0	1	11	6	5	6	5	0	0
31787_sub1	0	1	0	1	0	0	0	1
318_sub0	0	1	0	1	0	0	0	1
318_sub1	0	1	1	0	0	0	1	0
318_sub2	1	10	5	5	5	5	0	0
3181_sub0	1	13	9	4	9	4	0	0
3181_sub1	0	1	0	1	0	0	0	1
3181_sub2	0	1	0	1	0	0	0	1
3184_sub0	1	21	12	9	11	9	1	0
3184_sub1	0	1	1	0	0	0	1	0
3184_sub2	0	1	1	0	0	0	1	0
3184_sub3	0	1	0	1	0	0	0	1
3184_sub4	0	1	1	0	0	0	1	0
3184_sub5	0	1	0	1	0	0	0	1
3184_sub6	0	1	1	0	0	0	1	0
3184_sub7	0	1	1	0	0	0	1	0
3184_sub8	0	1	0	1	0	0	0	1
3184_sub9	0	1	0	1	0	0	0	1
3184_sub10	0	1	1	0	0	0	1	0
3187_sub0	1	19	8	11	8	11	0	0
3187_sub1	0	1	0	1	0	0	0	1
3187_sub2	0	1	1	0	0	0	1	0
3188_sub0	1	9	3	6	3	6	0	0
3188_sub1	0	1	1	0	0	0	1	0
3188_sub2	0	1	1	0	0	0	1	0
3188_sub3	0	1	0	1	0	0	0	1
3188_sub4	0	1	0	1	0	0	0	1
3188_sub5	0	1	1	0	0	0	1	0
3189_sub0	1	15	7	8	7	8	0	0
3189_sub1	0	1	1	0	0	0	1	0
3189_sub2	0	1	1	0	0	0	1	0
3189_sub3	0	1	1	0	0	0	1	0
3189_sub4	0	1	1	0	0	0	1	0
3189_sub5	0	1	1	0	0	0	1	0
3189_sub6	0	1	0	1	0	0	0	1
3193_sub0	0	1	0	1	0	0	0	1
3193_sub1	0	1	0	1	0	0	0	1
3193_sub2	0	1	1	0	0	0	1	0
3193_sub3	1	22	8	14	8	12	0	2
3193_sub4	0	1	1	0	0	0	1	0
3194_sub0	1	6	1	5	1	5	0	0
3194_sub1	0	1	0	1	0	0	0	1
3194_sub2	0	1	0	1	0	0	0	1
32_sub0	0	1	1	0	0	0	1	0
32_sub1	0	1	0	1	0	0	0	1
32_sub2	1	18	13	5	13	5	0	0
32_sub3	0	1	0	1	0	0	0	1
32_sub4	0	1	0	1	0	0	0	1
32_sub5	0	1	1	0	0	0	1	0
32_sub6	0	1	1	0	0	0	1	0
32_sub7	0	1	0	1	0	0	0	1
32_sub8	0	1	0	1	0	0	0	1
32_sub9	0	1	1	0	0	0	1	0
3203_sub0	1	10	4	6	4	6	0	0
3203_sub1	0	2	1	1	0	0	1	1
3209_sub0	0	4	1	3	0	0	1	3
3209_sub1	0	1	0	1	0	0	0	1
3209_sub2	0	1	0	1	0	0	0	1
3209_sub3	0	1	1	0	0	0	1	0
3209_sub4	0	1	1	0	0	0	1	0
3209_sub5	0	1	0	1	0	0	0	1
3212_sub0	1	22	9	13	9	11	0	2
3212_sub1	0	1	1	0	0	0	1	0
3212_sub2	0	1	1	0	0	0	1	0
3213_sub0	0	1	0	1	0	0	0	1
3213_sub1	0	1	1	0	0	0	1	0
3213_sub2	0	1	0	1	0	0	0	1
3213_sub3	0	4	2	2	0	0	2	2
3213_sub4	0	2	1	1	0	0	1	1
3213_sub5	0	1	0	1	0	0	0	1
3213_sub6	0	1	1	0	0	0	1	0
32186_sub0	0	5	2	3	0	0	2	3
32186_sub1	0	1	0	1	0	0	0	1
3220_sub0	1	21	7	14	7	13	0	1
3220_sub1	0	1	1	0	0	0	1	0
3220_sub2	0	1	1	0	0	0	1	0
32236_sub0	0	1	1	0	0	0	1	0
32236_sub1	0	1	0	1	0	0	0	1
32236_sub2	0	1	1	0	0	0	1	0
32236_sub3	0	1	0	1	0	0	0	1
32236_sub4	0	1	1	0	0	0	1	0
32236_sub5	0	1	0	1	0	0	0	1
3224_sub0	1	14	7	7	7	7	0	0
3224_sub1	0	1	0	1	0	0	0	1
3225_sub0	1	16	5	11	5	11	0	0
3225_sub1	0	1	0	1	0	0	0	1
3226_sub0	1	20	6	14	6	14	0	0
3226_sub1	0	1	1	0	0	0	1	0
3226_sub2	0	1	1	0	0	0	1	0
3227_sub0	0	1	0	1	0	0	0	1
3227_sub1	0	1	0	1	0	0	0	1
3227_sub2	0	1	0	1	0	0	0	1
3227_sub3	0	1	0	1	0	0	0	1
3227_sub4	0	1	1	0	0	0	1	0
3227_sub5	0	1	0	1	0	0	0	1
3227_sub6	0	1	0	1	0	0	0	1
3232_sub0	0	1	0	1	0	0	0	1
3232_sub1	1	6	3	3	3	3	0	0
3232_sub2	0	1	0	1	0	0	0	1
3232_sub3	0	1	1	0	0	0	1	0
3232_sub4	0	1	0	1	0	0	0	1
3233_sub0	0	1	0	1	0	0	0	1
3233_sub1	0	1	0	1	0	0	0	1
3233_sub2	0	1	1	0	0	0	1	0
3233_sub3	0	1	1	0	0	0	1	0
3233_sub4	0	1	0	1	0	0	0	1
3233_sub5	0	1	0	1	0	0	0	1
3234_sub0	1	8	0	8	0	8	0	0
3234_sub1	0	1	1	0	0	0	1	0
3234_sub2	1	11	11	0	11	0	0	0
3239_sub0	1	15	6	9	6	9	0	0
3239_sub1	0	1	1	0	0	0	1	0
3239_sub2	0	1	1	0	0	0	1	0
3239_sub3	0	1	0	1	0	0	0	1
3239_sub4	0	1	1	0	0	0	1	0
3239_sub5	0	1	0	1	0	0	0	1
3239_sub6	0	1	0	1	0	0	0	1
32394_sub0	1	8	6	2	6	2	0	0
3240_sub0	0	1	0	1	0	0	0	1
3240_sub1	0	1	0	1	0	0	0	1
3240_sub2	0	1	1	0	0	0	1	0
3240_sub3	0	1	1	0	0	0	1	0
3240_sub4	0	1	0	1	0	0	0	1
3240_sub5	0	1	0	1	0	0	0	1
3240_sub6	0	1	0	1	0	0	0	1
325_sub0	0	1	0	1	0	0	0	1
325_sub1	1	12	6	6	6	6	0	0
325_sub2	0	1	0	1	0	0	0	1
325_sub3	0	1	1	0	0	0	1	0
3251_sub0	1	10	3	7	3	7	0	0
3251_sub1	0	1	0	1	0	0	0	1
3251_sub2	0	1	1	0	0	0	1	0
3251_sub3	0	1	0	1	0	0	0	1
3253_sub0	1	18	8	10	8	10	0	0
3253_sub1	0	1	1	0	0	0	1	0
3253_sub2	0	1	1	0	0	0	1	0
3253_sub3	0	1	1	0	0	0	1	0
32558_sub0	0	5	3	2	0	0	3	2
32558_sub1	0	1	0	1	0	0	0	1
32558_sub2	0	1	1	0	0	0	1	0
3256_sub0	1	11	4	7	4	7	0	0
3256_sub1	0	1	0	1	0	0	0	1
3256_sub2	0	1	1	0	0	0	1	0
3256_sub3	0	1	0	1	0	0	0	1
32643_sub0	0	1	0	1	0	0	0	1
32643_sub1	0	1	1	0	0	0	1	0
32643_sub2	0	1	1	0	0	0	1	0
32643_sub3	0	1	0	1	0	0	0	1
32643_sub4	0	1	0	1	0	0	0	1
32643_sub5	0	1	1	0	0	0	1	0
3266_sub0	0	1	1	0	0	0	1	0
3266_sub1	0	1	0	1	0	0	0	1
3266_sub2	0	1	0	1	0	0	0	1
3266_sub3	0	1	1	0	0	0	1	0
3266_sub4	0	1	0	1	0	0	0	1
3266_sub5	0	1	0	1	0	0	0	1
3267_sub0	0	1	0	1	0	0	0	1
3267_sub1	0	1	0	1	0	0	0	1
3267_sub2	0	1	0	1	0	0	0	1
3267_sub3	0	1	1	0	0	0	1	0
3267_sub4	0	1	0	1	0	0	0	1
3267_sub5	0	1	0	1	0	0	0	1
3267_sub6	0	1	1	0	0	0	1	0
3267_sub7	0	1	0	1	0	0	0	1
3270_sub0	0	1	1	0	0	0	1	0
3270_sub1	0	1	0	1	0	0	0	1
3270_sub2	1	21	7	14	7	13	0	1
3272_sub0	0	1	1	0	0	0	1	0
3272_sub1	1	10	5	5	5	5	0	0
3272_sub2	0	1	0	1	0	0	0	1
3272_sub3	0	1	1	0	0	0	1	0
3272_sub4	0	1	0	1	0	0	0	1
3272_sub5	0	1	1	0	0	0	1	0
3275_sub0	0	1	1	0	0	0	1	0
3275_sub1	0	1	1	0	0	0	1	0
3275_sub2	1	15	6	9	6	9	0	0
3275_sub3	0	1	1	0	0	0	1	0
3276_sub0	0	5	3	2	0	0	3	2
3276_sub1	0	1	1	0	0	0	1	0
3276_sub2	0	1	1	0	0	0	1	0
3276_sub3	0	1	0	1	0	0	0	1
3277_sub0	1	11	8	3	8	3	0	0
3277_sub1	0	1	1	0	0	0	1	0
3277_sub2	0	1	0	1	0	0	0	1
3279_sub0	0	1	1	0	0	0	1	0
3279_sub1	1	14	7	7	7	7	0	0
3279_sub2	0	1	1	0	0	0	1	0
3279_sub3	0	1	0	1	0	0	0	1
3279_sub4	0	1	0	1	0	0	0	1
3279_sub5	0	1	1	0	0	0	1	0
3279_sub6	0	1	1	0	0	0	1	0
3286_sub0	1	11	5	6	5	6	0	0
3286_sub1	0	1	0	1	0	0	0	1
3286_sub2	0	1	0	1	0	0	0	1
3286_sub3	0	1	0	1	0	0	0	1
3286_sub4	0	1	1	0	0	0	1	0
32916_sub0	0	1	0	1	0	0	0	1
32916_sub1	0	1	0	1	0	0	0	1
32916_sub2	0	1	1	0	0	0	1	0
32916_sub3	0	1	0	1	0	0	0	1
32916_sub4	0	1	1	0	0	0	1	0
32916_sub5	0	1	1	0	0	0	1	0
3292_sub0	1	15	7	8	7	8	0	0
3292_sub1	0	1	1	0	0	0	1	0
3292_sub2	0	1	0	1	0	0	0	1
3292_sub3	0	1	0	1	0	0	0	1
3292_sub4	0	1	0	1	0	0	0	1
3293_sub0	1	14	6	8	6	8	0	0
3293_sub1	0	1	0	1	0	0	0	1
32947_sub0	1	9	5	4	5	4	0	0
3297_sub0	0	1	0	1	0	0	0	1
3297_sub1	1	14	4	10	4	10	0	0
32992_sub0	0	1	1	0	0	0	1	0
32992_sub1	0	1	1	0	0	0	1	0
32992_sub2	0	1	0	1	0	0	0	1
32992_sub3	0	1	0	1	0	0	0	1
32992_sub4	0	1	0	1	0	0	0	1
32992_sub5	0	1	0	1	0	0	0	1
33_sub0	0	1	1	0	0	0	1	0
33_sub1	1	15	5	10	5	10	0	0
33_sub2	0	1	0	1	0	0	0	1
33_sub3	0	1	1	0	0	0	1	0
33_sub4	0	1	0	1	0	0	0	1
33008_sub0	0	1	1	0	0	0	1	0
33008_sub1	0	1	1	0	0	0	1	0
33008_sub2	0	1	0	1	0	0	0	1
33008_sub3	0	1	1	0	0	0	1	0
33008_sub4	0	1	0	1	0	0	0	1
33008_sub5	0	1	0	1	0	0	0	1
3305_sub0	0	1	0	1	0	0	0	1
3305_sub1	1	8	2	6	2	6	0	0
3305_sub2	0	1	1	0	0	0	1	0
331_sub0	0	1	1	0	0	0	1	0
331_sub1	1	11	5	6	5	6	0	0
331_sub2	0	1	0	1	0	0	0	1
3314_sub0	0	1	1	0	0	0	1	0
3314_sub1	0	1	1	0	0	0	1	0
3314_sub2	1	10	5	5	5	5	0	0
3314_sub3	0	1	0	1	0	0	0	1
3315_sub0	1	14	4	10	4	10	0	0
3315_sub1	0	1	1	0	0	0	1	0
3315_sub2	0	1	0	1	0	0	0	1
3318_sub0	0	1	1	0	0	0	1	0
3318_sub1	0	1	1	0	0	0	1	0
3318_sub2	1	17	9	8	9	8	0	0
3318_sub3	0	1	0	1	0	0	0	1
3318_sub4	0	1	1	0	0	0	1	0
3319_sub0	1	22	6	16	6	14	0	2
3319_sub1	0	1	0	1	0	0	0	1
3319_sub2	0	1	1	0	0	0	1	0
3319_sub3	0	1	1	0	0	0	1	0
3319_sub4	0	1	0	1	0	0	0	1
3319_sub5	0	1	1	0	0	0	1	0
3319_sub6	0	1	1	0	0	0	1	0
3319_sub7	0	1	1	0	0	0	1	0
3319_sub8	0	1	1	0	0	0	1	0
332_sub0	0	1	1	0	0	0	1	0
332_sub1	1	23	9	14	9	11	0	3
3322_sub0	0	1	0	1	0	0	0	1
3322_sub1	1	10	4	6	4	6	0	0
3322_sub2	0	1	0	1	0	0	0	1
3327_sub0	0	1	0	1	0	0	0	1
3327_sub1	1	15	5	10	5	10	0	0
3327_sub2	0	1	0	1	0	0	0	1
3330_sub0	0	1	1	0	0	0	1	0
3330_sub1	0	1	0	1	0	0	0	1
3330_sub2	0	1	0	1	0	0	0	1
3330_sub3	0	1	0	1	0	0	0	1
3330_sub4	0	1	1	0	0	0	1	0
3330_sub5	0	1	0	1	0	0	0	1
3332_sub0	0	1	1	0	0	0	1	0
3332_sub1	1	9	2	7	2	7	0	0
3332_sub2	0	1	0	1	0	0	0	1
3333_sub0	1	14	5	9	5	9	0	0
3338_sub0	1	19	11	8	11	8	0	0
3338_sub1	0	2	2	0	0	0	2	0
3341_sub0	0	1	0	1	0	0	0	1
3341_sub1	0	1	0	1	0	0	0	1
3341_sub2	0	1	1	0	0	0	1	0
3341_sub3	0	1	1	0	0	0	1	0
3341_sub4	0	1	1	0	0	0	1	0
3341_sub5	0	1	1	0	0	0	1	0
3341_sub6	0	1	1	0	0	0	1	0
3348_sub0	0	1	1	0	0	0	1	0
3348_sub1	1	15	6	9	6	9	0	0
3348_sub2	0	1	0	1	0	0	0	1
3349_sub0	0	1	0	1	0	0	0	1
3349_sub1	1	14	9	5	9	5	0	0
3349_sub2	0	1	1	0	0	0	1	0
3349_sub3	0	1	0	1	0	0	0	1
3351_sub0	1	15	7	8	7	8	0	0
3351_sub1	0	1	1	0	0	0	1	0
3351_sub2	0	1	1	0	0	0	1	0
3352_sub0	1	7	4	3	4	3	0	0
3352_sub1	0	1	1	0	0	0	1	0
3352_sub2	0	1	0	1	0	0	0	1
3352_sub3	0	1	0	1	0	0	0	1
3352_sub4	0	1	1	0	0	0	1	0
3352_sub5	0	1	0	1	0	0	0	1
3352_sub6	0	1	0	1	0	0	0	1
33531_sub0	0	1	0	1	0	0	0	1
33531_sub1	0	4	2	2	0	0	2	2
33531_sub2	0	1	1	0	0	0	1	0
33553_sub0	1	7	1	6	1	6	0	0
33553_sub1	0	1	0	1	0	0	0	1
3356_sub0	0	1	0	1	0	0	0	1
3356_sub1	1	12	8	4	8	4	0	0
3356_sub2	0	1	0	1	0	0	0	1
3356_sub3	0	1	1	0	0	0	1	0
336_sub0	0	1	1	0	0	0	1	0
336_sub1	1	13	8	5	8	5	0	0
336_sub2	0	1	1	0	0	0	1	0
336_sub3	0	1	0	1	0	0	0	1
3365_sub0	0	1	0	1	0	0	0	1
3365_sub1	0	1	0	1	0	0	0	1
3365_sub2	1	7	3	4	3	4	0	0
3365_sub3	0	1	1	0	0	0	1	0
3370_sub0	1	18	6	12	6	12	0	0
3370_sub1	0	1	0	1	0	0	0	1
3370_sub2	0	1	1	0	0	0	1	0
3370_sub3	0	1	1	0	0	0	1	0
3370_sub4	0	1	0	1	0	0	0	1
3370_sub5	0	1	1	0	0	0	1	0
3370_sub6	0	1	1	0	0	0	1	0
3370_sub7	0	1	1	0	0	0	1	0
3370_sub8	0	1	1	0	0	0	1	0
3370_sub9	0	1	0	1	0	0	0	1
3372_sub0	1	11	6	5	6	5	0	0
3372_sub1	0	1	1	0	0	0	1	0
3372_sub2	0	1	1	0	0	0	1	0
3372_sub3	0	1	0	1	0	0	0	1
3372_sub4	0	1	1	0	0	0	1	0
3374_sub0	1	11	5	6	5	6	0	0
3374_sub1	0	1	0	1	0	0	0	1
3374_sub2	0	1	0	1	0	0	0	1
3374_sub3	0	1	0	1	0	0	0	1
3374_sub4	0	1	0	1	0	0	0	1
3376_sub0	0	1	0	1	0	0	0	1
3376_sub1	0	1	1	0	0	0	1	0
3376_sub2	0	1	1	0	0	0	1	0
3376_sub3	0	1	1	0	0	0	1	0
3376_sub4	0	1	1	0	0	0	1	0
3376_sub5	0	1	0	1	0	0	0	1
3376_sub6	0	1	0	1	0	0	0	1
33766_sub0	0	1	1	0	0	0	1	0
33766_sub1	0	1	0	1	0	0	0	1
33766_sub2	0	1	1	0	0	0	1	0
33766_sub3	0	1	1	0	0	0	1	0
33766_sub4	0	1	1	0	0	0	1	0
33766_sub5	0	1	1	0	0	0	1	0
33785_sub0	0	1	1	0	0	0	1	0
33785_sub1	0	5	3	2	0	0	3	2
3379_sub0	1	13	7	6	7	6	0	0
3379_sub1	0	1	1	0	0	0	1	0
3379_sub2	0	1	1	0	0	0	1	0
3379_sub3	0	1	0	1	0	0	0	1
338_sub0	0	1	0	1	0	0	0	1
338_sub1	1	11	7	4	7	4	0	0
338_sub2	0	1	1	0	0	0	1	0
338_sub3	0	1	0	1	0	0	0	1
338_sub4	0	1	0	1	0	0	0	1
3383_sub0	1	13	7	6	7	6	0	0
3383_sub1	0	1	1	0	0	0	1	0
3383_sub2	0	1	0	1	0	0	0	1
3383_sub3	0	1	0	1	0	0	0	1
3383_sub4	0	1	1	0	0	0	1	0
3383_sub5	0	1	0	1	0	0	0	1
3383_sub6	0	1	0	1	0	0	0	1
3384_sub0	1	9	2	7	2	7	0	0
3384_sub1	0	1	0	1	0	0	0	1
3384_sub2	0	1	0	1	0	0	0	1
3384_sub3	0	1	0	1	0	0	0	1
3386_sub0	0	1	0	1	0	0	0	1
3386_sub1	0	1	0	1	0	0	0	1
3386_sub2	0	1	1	0	0	0	1	0
3386_sub3	0	1	0	1	0	0	0	1
3386_sub4	0	1	0	1	0	0	0	1
3386_sub5	0	1	1	0	0	0	1	0
3387_sub0	0	4	1	3	0	0	1	3
3387_sub1	0	1	0	1	0	0	0	1
3387_sub2	0	1	0	1	0	0	0	1
3391_sub0	0	1	1	0	0	0	1	0
3391_sub1	0	5	2	3	0	0	2	3
33914_sub0	0	1	0	1	0	0	0	1
33914_sub1	0	5	2	3	0	0	2	3
33914_sub2	0	1	0	1	0	0	0	1
3392_sub0	0	1	0	1	0	0	0	1
3392_sub1	1	16	8	8	8	8	0	0
3392_sub2	0	1	0	1	0	0	0	1
3395_sub0	0	1	0	1	0	0	0	1
3395_sub1	1	13	9	4	9	4	0	0
3395_sub2	0	1	1	0	0	0	1	0
3395_sub3	0	1	0	1	0	0	0	1
3395_sub4	0	1	1	0	0	0	1	0
3397_sub0	1	13	7	6	7	6	0	0
3397_sub1	0	1	1	0	0	0	1	0
3397_sub2	0	1	0	1	0	0	0	1
3398_sub0	1	10	4	6	4	6	0	0
3398_sub1	0	1	1	0	0	0	1	0
3398_sub2	0	1	0	1	0	0	0	1
3398_sub3	0	1	0	1	0	0	0	1
3398_sub4	0	1	1	0	0	0	1	0
3398_sub5	0	1	0	1	0	0	0	1
3398_sub6	0	1	1	0	0	0	1	0
3398_sub7	0	1	0	1	0	0	0	1
33983_sub0	0	2	1	1	0	0	1	1
33983_sub1	0	3	1	2	0	0	1	2
33983_sub2	0	1	1	0	0	0	1	0
34_sub0	0	1	0	1	0	0	0	1
34_sub1	0	1	0	1	0	0	0	1
34_sub2	0	1	0	1	0	0	0	1
34_sub3	0	1	0	1	0	0	0	1
34_sub4	0	1	1	0	0	0	1	0
34_sub5	0	1	1	0	0	0	1	0
3401_sub0	1	9	7	2	7	2	0	0
3401_sub1	0	1	1	0	0	0	1	0
3401_sub2	0	1	0	1	0	0	0	1
3404_sub0	0	1	0	1	0	0	0	1
3404_sub1	1	11	8	3	8	3	0	0
3404_sub2	0	1	0	1	0	0	0	1
3406_sub0	0	1	1	0	0	0	1	0
3406_sub1	0	1	0	1	0	0	0	1
3406_sub2	1	9	4	5	4	5	0	0
3406_sub3	0	1	1	0	0	0	1	0
3406_sub4	0	1	1	0	0	0	1	0
341_sub0	0	1	1	0	0	0	1	0
341_sub1	1	25	5	20	5	15	0	5
341_sub2	0	1	1	0	0	0	1	0
341_sub3	0	1	0	1	0	0	0	1
341_sub4	0	1	1	0	0	0	1	0
341_sub5	0	1	0	1	0	0	0	1
3412_sub0	1	7	4	3	4	3	0	0
3412_sub1	0	1	0	1	0	0	0	1
3412_sub2	0	1	1	0	0	0	1	0
3412_sub3	0	1	0	1	0	0	0	1
3412_sub4	0	1	0	1	0	0	0	1
3415_sub0	1	20	9	11	9	11	0	0
3415_sub1	0	1	1	0	0	0	1	0
3415_sub2	0	1	1	0	0	0	1	0
3415_sub3	0	1	1	0	0	0	1	0
3424_sub0	0	1	0	1	0	0	0	1
3424_sub1	0	3	3	0	0	0	3	0
3424_sub2	0	1	0	1	0	0	0	1
3424_sub3	0	1	0	1	0	0	0	1
34273_sub0	0	1	0	1	0	0	0	1
34273_sub1	0	1	1	0	0	0	1	0
34273_sub2	1	10	6	4	6	4	0	0
34273_sub3	0	1	0	1	0	0	0	1
34273_sub4	0	1	1	0	0	0	1	0
3428_sub0	0	1	0	1	0	0	0	1
3428_sub1	0	3	2	1	0	0	2	1
3428_sub2	0	1	0	1	0	0	0	1
3428_sub3	0	1	0	1	0	0	0	1
3428_sub4	0	1	0	1	0	0	0	1
3428_sub5	0	1	0	1	0	0	0	1
3428_sub6	0	1	0	1	0	0	0	1
3435_sub0	0	1	0	1	0	0	0	1
3435_sub1	1	9	5	4	5	4	0	0
3435_sub2	0	1	1	0	0	0	1	0
3435_sub3	0	1	1	0	0	0	1	0
3435_sub4	0	1	0	1	0	0	0	1
3439_sub0	0	1	1	0	0	0	1	0
3439_sub1	0	1	0	1	0	0	0	1
3439_sub2	0	4	1	3	0	0	1	3
3442_sub0	1	15	4	11	4	11	0	0
3442_sub1	0	1	0	1	0	0	0	1
3447_sub0	0	1	1	0	0	0	1	0
3447_sub1	0	1	0	1	0	0	0	1
3447_sub2	1	14	4	10	4	10	0	0
3448_sub0	0	1	0	1	0	0	0	1
3448_sub1	0	1	0	1	0	0	0	1
3448_sub2	0	1	0	1	0	0	0	1
3448_sub3	0	1	0	1	0	0	0	1
3448_sub4	0	1	0	1	0	0	0	1
3448_sub5	0	1	1	0	0	0	1	0
34486_sub0	0	1	1	0	0	0	1	0
34486_sub1	0	1	1	0	0	0	1	0
34486_sub2	0	1	0	1	0	0	0	1
34486_sub3	0	1	1	0	0	0	1	0
34486_sub4	0	1	0	1	0	0	0	1
34486_sub5	0	1	0	1	0	0	0	1
34492_sub0	0	1	0	1	0	0	0	1
34492_sub1	0	2	1	1	0	0	1	1
34492_sub2	0	1	0	1	0	0	0	1
34492_sub3	0	1	0	1	0	0	0	1
34492_sub4	0	1	1	0	0	0	1	0
3452_sub0	0	1	0	1	0	0	0	1
3452_sub1	1	7	6	1	6	1	0	0
3453_sub0	0	1	0	1	0	0	0	1
3453_sub1	1	16	9	7	9	7	0	0
3453_sub2	0	1	0	1	0	0	0	1
3456_sub0	1	11	3	8	3	8	0	0
3456_sub1	0	1	0	1	0	0	0	1
3456_sub2	0	1	0	1	0	0	0	1
3456_sub3	0	1	1	0	0	0	1	0
3456_sub4	0	1	0	1	0	0	0	1
3456_sub5	0	1	0	1	0	0	0	1
3456_sub6	0	1	1	0	0	0	1	0
3456_sub7	0	1	1	0	0	0	1	0
346_sub0	0	1	0	1	0	0	0	1
346_sub1	0	1	1	0	0	0	1	0
346_sub2	0	1	1	0	0	0	1	0
346_sub3	0	1	0	1	0	0	0	1
346_sub4	0	1	0	1	0	0	0	1
346_sub5	0	1	1	0	0	0	1	0
346_sub6	0	1	1	0	0	0	1	0
346_sub7	0	1	0	1	0	0	0	1
3460_sub0	1	17	7	10	7	10	0	0
3460_sub1	0	1	1	0	0	0	1	0
3460_sub2	0	1	1	0	0	0	1	0
3460_sub3	0	1	1	0	0	0	1	0
3460_sub4	0	1	0	1	0	0	0	1
3460_sub5	0	1	0	1	0	0	0	1
3461_sub0	1	8	6	2	6	2	0	0
3461_sub1	0	1	1	0	0	0	1	0
3462_sub0	1	16	10	6	10	6	0	0
3462_sub1	0	1	0	1	0	0	0	1
3462_sub2	0	1	0	1	0	0	0	1
3462_sub3	0	1	1	0	0	0	1	0
3463_sub0	1	18	11	7	11	7	0	0
3463_sub1	0	1	0	1	0	0	0	1
3467_sub0	0	1	0	1	0	0	0	1
3467_sub1	1	16	6	10	6	10	0	0
3467_sub2	0	1	1	0	0	0	1	0
3467_sub3	0	1	0	1	0	0	0	1
3467_sub4	0	1	0	1	0	0	0	1
3467_sub5	0	1	0	1	0	0	0	1
3467_sub6	0	1	0	1	0	0	0	1
3467_sub7	0	1	0	1	0	0	0	1
3469_sub0	0	1	0	1	0	0	0	1
3469_sub1	1	18	11	7	11	7	0	0
3469_sub2	0	1	1	0	0	0	1	0
3469_sub3	0	1	0	1	0	0	0	1
347_sub0	0	1	0	1	0	0	0	1
347_sub1	1	8	4	4	4	4	0	0
347_sub2	0	1	0	1	0	0	0	1
347_sub3	0	1	0	1	0	0	0	1
3470_sub0	1	13	7	6	7	6	0	0
3470_sub1	0	1	1	0	0	0	1	0
3470_sub2	0	1	0	1	0	0	0	1
3470_sub3	0	1	0	1	0	0	0	1
3470_sub4	0	1	1	0	0	0	1	0
3471_sub0	0	1	1	0	0	0	1	0
3471_sub1	1	7	4	3	4	3	0	0
3471_sub2	0	1	0	1	0	0	0	1
3471_sub3	0	1	1	0	0	0	1	0
3471_sub4	0	1	0	1	0	0	0	1
3472_sub0	0	1	0	1	0	0	0	1
3472_sub1	1	10	3	7	3	7	0	0
3472_sub2	0	1	0	1	0	0	0	1
3472_sub3	0	1	0	1	0	0	0	1
3478_sub0	0	1	0	1	0	0	0	1
3478_sub1	0	1	0	1	0	0	0	1
3478_sub2	0	1	1	0	0	0	1	0
3478_sub3	0	1	0	1	0	0	0	1
3478_sub4	0	1	1	0	0	0	1	0
3478_sub5	0	1	1	0	0	0	1	0
3478_sub6	0	1	0	1	0	0	0	1
3478_sub7	0	1	1	0	0	0	1	0
3478_sub8	0	1	1	0	0	0	1	0
3478_sub9	0	1	1	0	0	0	1	0
3478_sub10	0	1	0	1	0	0	0	1
3479_sub0	1	16	4	12	4	12	0	0
3479_sub1	0	1	0	1	0	0	0	1
3479_sub2	0	1	1	0	0	0	1	0
3479_sub3	0	1	1	0	0	0	1	0
348_sub0	0	1	0	1	0	0	0	1
348_sub1	0	5	2	3	0	0	2	3
348_sub2	0	1	1	0	0	0	1	0
3480_sub0	0	1	1	0	0	0	1	0
3480_sub1	0	4	0	4	0	0	0	4
3480_sub2	0	1	0	1	0	0	0	1
3481_sub0	0	1	0	1	0	0	0	1
3481_sub1	0	1	0	1	0	0	0	1
3481_sub2	1	20	12	8	12	8	0	0
3481_sub3	0	1	1	0	0	0	1	0
34813_sub0	0	1	0	1	0	0	0	1
34813_sub1	0	5	1	4	0	0	1	4
3482_sub0	0	1	0	1	0	0	0	1
3482_sub1	0	1	1	0	0	0	1	0
3482_sub2	0	1	0	1	0	0	0	1
3482_sub3	0	1	0	1	0	0	0	1
3482_sub4	0	1	0	1	0	0	0	1
3482_sub5	0	1	1	0	0	0	1	0
3482_sub6	0	1	1	0	0	0	1	0
349_sub0	0	1	0	1	0	0	0	1
349_sub1	0	1	0	1	0	0	0	1
349_sub2	0	1	1	0	0	0	1	0
349_sub3	1	7	5	2	5	2	0	0
349_sub4	0	1	1	0	0	0	1	0
349_sub5	0	1	0	1	0	0	0	1
3491_sub0	1	23	11	12	10	10	1	2
3493_sub0	0	1	0	1	0	0	0	1
3493_sub1	0	1	1	0	0	0	1	0
3493_sub2	0	1	1	0	0	0	1	0
3493_sub3	1	7	4	3	4	3	0	0
3493_sub4	0	1	1	0	0	0	1	0
3493_sub5	0	1	0	1	0	0	0	1
3501_sub0	1	19	6	13	6	13	0	0
3501_sub1	0	1	1	0	0	0	1	0
3501_sub2	0	1	1	0	0	0	1	0
3502_sub0	1	15	8	7	8	7	0	0
3502_sub1	0	1	1	0	0	0	1	0
3502_sub2	0	1	1	0	0	0	1	0
3502_sub3	0	1	1	0	0	0	1	0
3502_sub4	0	1	1	0	0	0	1	0
3503_sub0	1	7	5	2	5	2	0	0
3503_sub1	0	1	1	0	0	0	1	0
3503_sub2	0	1	1	0	0	0	1	0
3504_sub0	1	9	6	3	6	3	0	0
3504_sub1	0	1	0	1	0	0	0	1
3504_sub2	0	1	0	1	0	0	0	1
3504_sub3	0	1	1	0	0	0	1	0
3510_sub0	1	13	4	9	4	9	0	0
3510_sub1	0	1	1	0	0	0	1	0
3510_sub2	0	1	0	1	0	0	0	1
3512_sub0	1	19	9	10	9	10	0	0
3512_sub1	0	1	1	0	0	0	1	0
3512_sub2	0	1	1	0	0	0	1	0
3515_sub0	1	12	5	7	5	7	0	0
3515_sub1	0	1	1	0	0	0	1	0
3517_sub0	0	1	0	1	0	0	0	1
3517_sub1	0	2	0	2	0	0	0	2
3517_sub2	1	8	2	6	2	6	0	0
3518_sub0	0	1	0	1	0	0	0	1
3518_sub1	1	16	6	10	6	10	0	0
3518_sub2	0	1	0	1	0	0	0	1
352_sub0	0	1	1	0	0	0	1	0
352_sub1	1	19	13	6	13	6	0	0
352_sub2	0	1	0	1	0	0	0	1
352_sub3	0	1	1	0	0	0	1	0
352_sub4	0	1	1	0	0	0	1	0
35239_sub0	0	1	1	0	0	0	1	0
35239_sub1	0	1	1	0	0	0	1	0
35239_sub2	0	3	1	2	0	0	1	2
35239_sub3	0	1	1	0	0	0	1	0
35239_sub4	0	1	0	1	0	0	0	1
3525_sub0	1	6	2	4	2	4	0	0
3525_sub1	0	1	0	1	0	0	0	1
3525_sub2	0	1	1	0	0	0	1	0
3527_sub0	0	1	1	0	0	0	1	0
3527_sub1	0	1	1	0	0	0	1	0
3527_sub2	0	2	2	0	0	0	2	0
3527_sub3	0	1	0	1	0	0	0	1
3527_sub4	0	1	1	0	0	0	1	0
3527_sub5	0	1	0	1	0	0	0	1
3527_sub6	0	1	0	1	0	0	0	1
3528_sub0	0	1	0	1	0	0	0	1
3528_sub1	1	13	4	9	4	9	0	0
3528_sub2	0	1	0	1	0	0	0	1
3528_sub3	0	1	1	0	0	0	1	0
3528_sub4	0	1	0	1	0	0	0	1
3529_sub0	1	9	4	5	4	5	0	0
3529_sub1	0	1	0	1	0	0	0	1
3529_sub2	0	1	0	1	0	0	0	1
3529_sub3	0	1	1	0	0	0	1	0
3529_sub4	0	1	1	0	0	0	1	0
3529_sub5	0	1	0	1	0	0	0	1
3536_sub0	0	1	0	1	0	0	0	1
3536_sub1	0	1	0	1	0	0	0	1
3536_sub2	0	1	0	1	0	0	0	1
3536_sub3	0	1	1	0	0	0	1	0
3536_sub4	0	1	0	1	0	0	0	1
3536_sub5	0	1	0	1	0	0	0	1
3536_sub6	0	1	0	1	0	0	0	1
3536_sub7	0	1	1	0	0	0	1	0
3541_sub0	1	11	5	6	5	6	0	0
3541_sub1	0	1	0	1	0	0	0	1
3543_sub0	1	6	1	5	1	5	0	0
3543_sub1	0	1	0	1	0	0	0	1
35480_sub0	0	4	2	2	0	0	2	2
35480_sub1	0	2	2	0	0	0	2	0
3549_sub0	0	1	0	1	0	0	0	1
3549_sub1	1	7	4	3	4	3	0	0
3549_sub2	0	1	0	1	0	0	0	1
3549_sub3	0	1	1	0	0	0	1	0
3550_sub0	1	16	11	5	11	5	0	0
3550_sub1	0	1	1	0	0	0	1	0
3550_sub2	0	1	0	1	0	0	0	1
3550_sub3	0	1	1	0	0	0	1	0
3550_sub4	0	1	1	0	0	0	1	0
3564_sub0	0	1	1	0	0	0	1	0
3564_sub1	0	1	0	1	0	0	0	1
3564_sub2	0	1	0	1	0	0	0	1
3564_sub3	0	1	1	0	0	0	1	0
3564_sub4	0	1	1	0	0	0	1	0
3564_sub5	0	1	0	1	0	0	0	1
3564_sub6	0	1	1	0	0	0	1	0
3565_sub0	1	14	7	7	7	7	0	0
3565_sub1	0	1	0	1	0	0	0	1
3565_sub2	0	1	1	0	0	0	1	0
3565_sub3	0	1	1	0	0	0	1	0
3565_sub4	0	1	1	0	0	0	1	0
3565_sub5	0	1	1	0	0	0	1	0
3567_sub0	1	10	4	6	4	6	0	0
3567_sub1	0	1	0	1	0	0	0	1
357_sub0	0	1	1	0	0	0	1	0
357_sub1	1	16	8	8	8	8	0	0
357_sub2	0	1	0	1	0	0	0	1
357_sub3	0	1	1	0	0	0	1	0
357_sub4	0	1	0	1	0	0	0	1
357_sub5	0	1	1	0	0	0	1	0
3571_sub0	0	1	1	0	0	0	1	0
3571_sub1	1	13	8	5	8	5	0	0
35715_sub0	0	1	1	0	0	0	1	0
35715_sub1	0	5	1	4	0	0	1	4
35715_sub2	0	1	0	1	0	0	0	1
3572_sub0	0	1	0	1	0	0	0	1
3572_sub1	1	14	6	8	6	8	0	0
3574_sub0	1	9	4	5	4	5	0	0
3577_sub0	1	17	9	8	9	8	0	0
3577_sub1	0	1	0	1	0	0	0	1
3577_sub2	0	1	1	0	0	0	1	0
358_sub0	0	1	1	0	0	0	1	0
358_sub1	1	8	4	4	4	4	0	0
358_sub2	0	1	1	0	0	0	1	0
358_sub3	0	1	1	0	0	0	1	0
358_sub4	0	1	1	0	0	0	1	0
358_sub5	0	1	0	1	0	0	0	1
358_sub6	0	1	0	1	0	0	0	1
3582_sub0	0	1	0	1	0	0	0	1
3582_sub1	0	1	0	1	0	0	0	1
3582_sub2	0	1	1	0	0	0	1	0
3582_sub3	0	1	1	0	0	0	1	0
3582_sub4	0	1	1	0	0	0	1	0
3582_sub5	0	1	0	1	0	0	0	1
3582_sub6	0	1	1	0	0	0	1	0
3582_sub7	0	1	1	0	0	0	1	0
3584_sub0	1	10	5	5	5	5	0	0
3584_sub1	0	1	0	1	0	0	0	1
3584_sub2	0	1	0	1	0	0	0	1
3589_sub0	1	20	4	16	4	16	0	0
3589_sub1	0	1	1	0	0	0	1	0
3590_sub0	1	16	6	10	6	10	0	0
3590_sub1	0	1	0	1	0	0	0	1
3590_sub2	0	1	0	1	0	0	0	1
3590_sub3	0	1	1	0	0	0	1	0
3590_sub4	0	1	0	1	0	0	0	1
3593_sub0	0	1	0	1	0	0	0	1
3593_sub1	1	13	8	5	8	5	0	0
3593_sub2	0	1	0	1	0	0	0	1
3593_sub3	0	2	0	2	0	0	0	2
3603_sub0	1	20	12	8	12	8	0	0
3603_sub1	0	1	0	1	0	0	0	1
3603_sub2	0	1	0	1	0	0	0	1
3603_sub3	0	1	0	1	0	0	0	1
3603_sub4	0	1	1	0	0	0	1	0
3603_sub5	0	1	1	0	0	0	1	0
3603_sub6	0	1	0	1	0	0	0	1
36051_sub0	1	18	5	13	5	13	0	0
3606_sub0	0	1	1	0	0	0	1	0
3606_sub1	1	6	5	1	5	1	0	0
3606_sub2	0	1	1	0	0	0	1	0
3606_sub3	0	1	0	1	0	0	0	1
3612_sub0	1	13	9	4	9	4	0	0
3612_sub1	0	1	0	1	0	0	0	1
3612_sub2	0	1	0	1	0	0	0	1
3620_sub0	1	9	3	6	3	6	0	0
3620_sub1	0	1	0	1	0	0	0	1
3620_sub2	0	1	1	0	0	0	1	0
3624_sub0	1	13	6	7	6	7	0	0
3624_sub1	0	1	0	1	0	0	0	1
3624_sub2	0	1	1	0	0	0	1	0
3624_sub3	0	1	0	1	0	0	0	1
3624_sub4	0	1	0	1	0	0	0	1
3624_sub5	0	1	1	0	0	0	1	0
3624_sub6	0	1	0	1	0	0	0	1
3624_sub7	0	1	0	1	0	0	0	1
3624_sub8	0	1	1	0	0	0	1	0
3634_sub0	0	1	0	1	0	0	0	1
3634_sub1	0	1	0	1	0	0	0	1
3634_sub2	1	18	8	10	8	10	0	0
3634_sub3	0	1	0	1	0	0	0	1
3634_sub4	0	1	0	1	0	0	0	1
3641_sub0	0	1	0	1	0	0	0	1
3641_sub1	0	5	1	4	0	0	1	4
3641_sub2	0	1	1	0	0	0	1	0
3642_sub0	1	14	7	7	7	7	0	0
3642_sub1	0	1	0	1	0	0	0	1
3642_sub2	0	1	1	0	0	0	1	0
3646_sub0	1	18	10	8	10	8	0	0
3646_sub1	0	1	1	0	0	0	1	0
3646_sub2	0	1	1	0	0	0	1	0
3646_sub3	0	1	1	0	0	0	1	0
3646_sub4	0	1	0	1	0	0	0	1
365_sub0	0	1	0	1	0	0	0	1
365_sub1	0	1	0	1	0	0	0	1
365_sub2	0	1	1	0	0	0	1	0
365_sub3	0	1	1	0	0	0	1	0
365_sub4	0	1	0	1	0	0	0	1
365_sub5	0	1	0	1	0	0	0	1
365_sub6	0	1	1	0	0	0	1	0
3658_sub0	0	1	0	1	0	0	0	1
3658_sub1	0	1	0	1	0	0	0	1
3658_sub2	0	1	0	1	0	0	0	1
3658_sub3	1	17	10	7	10	7	0	0
3659_sub0	0	1	0	1	0	0	0	1
3659_sub1	1	11	4	7	4	7	0	0
3659_sub2	0	1	0	1	0	0	0	1
3664_sub0	0	2	1	1	0	0	1	1
3664_sub1	0	1	1	0	0	0	1	0
3664_sub2	0	1	1	0	0	0	1	0
3664_sub3	0	1	1	0	0	0	1	0
3664_sub4	0	1	1	0	0	0	1	0
36715_sub0	0	1	0	1	0	0	0	1
36715_sub1	0	5	3	2	0	0	3	2
36715_sub2	0	1	1	0	0	0	1	0
36715_sub3	0	1	0	1	0	0	0	1
3673_sub0	0	1	1	0	0	0	1	0
3673_sub1	0	4	2	2	0	0	2	2
3673_sub2	0	1	1	0	0	0	1	0
3676_sub0	0	1	1	0	0	0	1	0
3676_sub1	1	6	2	4	2	4	0	0
3676_sub2	0	1	0	1	0	0	0	1
3676_sub3	0	1	0	1	0	0	0	1
3683_sub0	0	1	1	0	0	0	1	0
3683_sub1	0	1	1	0	0	0	1	0
3683_sub2	0	1	1	0	0	0	1	0
3683_sub3	0	1	0	1	0	0	0	1
3683_sub4	0	1	0	1	0	0	0	1
3683_sub5	0	1	1	0	0	0	1	0
3683_sub6	0	1	1	0	0	0	1	0
36860_sub0	0	4	4	0	0	0	4	0
36860_sub1	0	1	1	0	0	0	1	0
36860_sub2	0	1	0	1	0	0	0	1
3688_sub0	1	14	7	7	7	7	0	0
3688_sub1	0	1	1	0	0	0	1	0
3688_sub2	0	1	1	0	0	0	1	0
3688_sub3	0	1	1	0	0	0	1	0
3688_sub4	0	1	0	1	0	0	0	1
3688_sub5	0	1	0	1	0	0	0	1
3688_sub6	0	1	0	1	0	0	0	1
3688_sub7	0	1	0	1	0	0	0	1
3688_sub8	0	1	1	0	0	0	1	0
3688_sub9	0	1	1	0	0	0	1	0
3688_sub10	0	1	1	0	0	0	1	0
369_sub0	0	1	0	1	0	0	0	1
369_sub1	1	6	2	4	2	4	0	0
3695_sub0	0	1	0	1	0	0	0	1
3695_sub1	0	1	1	0	0	0	1	0
3695_sub2	1	11	6	5	6	5	0	0
3697_sub0	0	1	0	1	0	0	0	1
3697_sub1	0	1	1	0	0	0	1	0
3697_sub2	0	1	0	1	0	0	0	1
3697_sub3	0	1	1	0	0	0	1	0
3697_sub4	0	1	0	1	0	0	0	1
3697_sub5	0	1	1	0	0	0	1	0
3697_sub6	0	1	0	1	0	0	0	1
3697_sub7	0	1	0	1	0	0	0	1
3699_sub0	0	1	0	1	0	0	0	1
3699_sub1	1	12	4	8	4	8	0	0
3699_sub2	0	1	1	0	0	0	1	0
3699_sub3	0	1	0	1	0	0	0	1
3699_sub4	0	1	1	0	0	0	1	0
3699_sub5	0	1	1	0	0	0	1	0
37_sub0	0	1	0	1	0	0	0	1
37_sub1	1	7	4	3	4	3	0	0
37_sub2	0	1	0	1	0	0	0	1
37_sub3	0	1	0	1	0	0	0	1
37_sub4	0	1	0	1	0	0	0	1
3704_sub0	1	11	7	4	7	4	0	0
3704_sub1	0	1	1	0	0	0	1	0
3704_sub2	0	1	1	0	0	0	1	0
3704_sub3	0	1	1	0	0	0	1	0
3704_sub4	0	1	1	0	0	0	1	0
3704_sub5	0	1	0	1	0	0	0	1
3707_sub0	0	1	0	1	0	0	0	1
3707_sub1	0	1	0	1	0	0	0	1
3707_sub2	0	1	0	1	0	0	0	1
3707_sub3	1	6	1	5	1	5	0	0
3707_sub4	0	1	1	0	0	0	1	0
3707_sub5	0	1	0	1	0	0	0	1
3708_sub0	0	1	0	1	0	0	0	1
3708_sub1	0	1	1	0	0	0	1	0
3708_sub2	0	1	0	1	0	0	0	1
3708_sub3	1	8	3	5	3	5	0	0
3708_sub4	0	1	0	1	0	0	0	1
3709_sub0	0	1	0	1	0	0	0	1
3709_sub1	1	8	5	3	5	3	0	0
3709_sub2	0	1	0	1	0	0	0	1
3709_sub3	0	1	1	0	0	0	1	0
3709_sub4	0	1	1	0	0	0	1	0
3709_sub5	0	1	0	1	0	0	0	1
3712_sub0	0	1	0	1	0	0	0	1
3712_sub1	0	4	3	1	0	0	3	1
3712_sub2	0	1	1	0	0	0	1	0
3712_sub3	0	1	0	1	0	0	0	1
3713_sub0	1	10	3	7	3	7	0	0
3713_sub1	0	1	0	1	0	0	0	1
3713_sub2	0	1	1	0	0	0	1	0
3713_sub3	0	1	1	0	0	0	1	0
3713_sub4	0	1	1	0	0	0	1	0
3719_sub0	0	1	0	1	0	0	0	1
3719_sub1	1	16	6	10	6	10	0	0
3719_sub2	0	1	1	0	0	0	1	0
3719_sub3	0	1	1	0	0	0	1	0
3719_sub4	0	1	1	0	0	0	1	0
3719_sub5	0	1	1	0	0	0	1	0
3719_sub6	0	1	0	1	0	0	0	1
3719_sub7	0	1	0	1	0	0	0	1
3719_sub8	0	1	0	1	0	0	0	1
3719_sub9	0	1	1	0	0	0	1	0
3720_sub0	1	16	8	8	8	8	0	0
3720_sub1	0	1	1	0	0	0	1	0
3723_sub0	0	5	2	3	0	0	2	3
3723_sub1	0	1	1	0	0	0	1	0
3723_sub2	0	1	1	0	0	0	1	0
3723_sub3	0	1	0	1	0	0	0	1
3723_sub4	0	1	0	1	0	0	0	1
3723_sub5	0	1	1	0	0	0	1	0
3723_sub6	0	1	1	0	0	0	1	0
3723_sub7	0	1	1	0	0	0	1	0
3723_sub8	0	1	0	1	0	0	0	1
3729_sub0	1	14	5	9	5	9	0	0
3729_sub1	0	1	1	0	0	0	1	0
3733_sub0	1	19	7	12	7	12	0	0
3733_sub1	0	1	1	0	0	0	1	0
3733_sub2	0	1	1	0	0	0	1	0
3733_sub3	0	1	1	0	0	0	1	0
3733_sub4	0	1	0	1	0	0	0	1
3733_sub5	0	1	1	0	0	0	1	0
3733_sub6	0	1	1	0	0	0	1	0
3734_sub0	0	1	0	1	0	0	0	1
3734_sub1	0	1	1	0	0	0	1	0
3734_sub2	0	1	0	1	0	0	0	1
3734_sub3	0	1	0	1	0	0	0	1
3734_sub4	0	1	0	1	0	0	0	1
3734_sub5	0	1	0	1	0	0	0	1
3734_sub6	0	1	1	0	0	0	1	0
3734_sub7	0	1	1	0	0	0	1	0
3734_sub8	0	1	0	1	0	0	0	1
3738_sub0	0	1	0	1	0	0	0	1
3738_sub1	1	14	9	5	9	5	0	0
3738_sub2	0	1	0	1	0	0	0	1
3738_sub3	0	1	0	1	0	0	0	1
3738_sub4	0	1	0	1	0	0	0	1
3738_sub5	0	1	0	1	0	0	0	1
3738_sub6	0	1	0	1	0	0	0	1
3738_sub7	0	1	1	0	0	0	1	0
3739_sub0	0	1	0	1	0	0	0	1
3739_sub1	1	8	5	3	5	3	0	0
3739_sub2	0	1	0	1	0	0	0	1
374_sub0	0	1	0	1	0	0	0	1
374_sub1	0	5	1	4	0	0	1	4
374_sub2	0	1	0	1	0	0	0	1
374_sub3	0	1	0	1	0	0	0	1
3740_sub0	0	1	0	1	0	0	0	1
3740_sub1	0	1	1	0	0	0	1	0
3740_sub2	0	1	0	1	0	0	0	1
3740_sub3	0	1	1	0	0	0	1	0
3740_sub4	0	1	1	0	0	0	1	0
3740_sub5	0	1	0	1	0	0	0	1
3741_sub0	0	1	0	1	0	0	0	1
3741_sub1	1	9	5	4	5	4	0	0
3741_sub2	0	1	1	0	0	0	1	0
3747_sub0	1	14	7	7	7	7	0	0
3747_sub1	0	1	0	1	0	0	0	1
3747_sub2	0	1	0	1	0	0	0	1
3747_sub3	0	1	1	0	0	0	1	0
375_sub0	0	1	1	0	0	0	1	0
375_sub1	1	11	8	3	8	3	0	0
375_sub2	0	1	0	1	0	0	0	1
375_sub3	0	1	0	1	0	0	0	1
375_sub4	0	1	0	1	0	0	0	1
3750_sub0	1	12	7	5	7	5	0	0
3750_sub1	0	1	1	0	0	0	1	0
3750_sub2	0	1	1	0	0	0	1	0
3750_sub3	0	1	1	0	0	0	1	0
3750_sub4	0	1	0	1	0	0	0	1
3758_sub0	0	1	0	1	0	0	0	1
3758_sub1	1	9	6	3	6	3	0	0
3759_sub0	0	1	0	1	0	0	0	1
3759_sub1	0	1	1	0	0	0	1	0
3759_sub2	0	1	0	1	0	0	0	1
3759_sub3	0	1	1	0	0	0	1	0
3759_sub4	0	1	0	1	0	0	0	1
3759_sub5	0	1	0	1	0	0	0	1
3763_sub0	0	1	1	0	0	0	1	0
3763_sub1	1	9	4	5	4	5	0	0
3763_sub2	0	1	0	1	0	0	0	1
3763_sub3	0	1	0	1	0	0	0	1
3763_sub4	0	1	1	0	0	0	1	0
3765_sub0	0	1	0	1	0	0	0	1
3765_sub1	1	12	7	5	7	5	0	0
3765_sub2	0	1	0	1	0	0	0	1
3766_sub0	1	9	5	4	5	4	0	0
3766_sub1	0	1	1	0	0	0	1	0
3766_sub2	0	1	1	0	0	0	1	0
3769_sub0	1	8	3	5	3	5	0	0
3772_sub0	1	8	7	1	7	1	0	0
3772_sub1	0	1	0	1	0	0	0	1
3772_sub2	0	1	0	1	0	0	0	1
3772_sub3	0	1	0	1	0	0	0	1
3772_sub4	0	1	0	1	0	0	0	1
3772_sub5	0	1	1	0	0	0	1	0
3773_sub0	1	10	5	5	5	5	0	0
3773_sub1	0	1	1	0	0	0	1	0
3773_sub2	0	1	0	1	0	0	0	1
3773_sub3	0	1	1	0	0	0	1	0
3777_sub0	1	26	10	16	10	10	0	6
3777_sub1	0	1	0	1	0	0	0	1
3777_sub2	0	1	1	0	0	0	1	0
378_sub0	0	1	1	0	0	0	1	0
378_sub1	0	1	0	1	0	0	0	1
378_sub2	1	11	5	6	5	6	0	0
3782_sub0	1	12	6	6	6	6	0	0
3782_sub1	0	1	0	1	0	0	0	1
3785_sub0	0	1	0	1	0	0	0	1
3785_sub1	1	9	3	6	3	6	0	0
3785_sub2	0	1	1	0	0	0	1	0
3785_sub3	0	1	1	0	0	0	1	0
3785_sub4	0	1	1	0	0	0	1	0
3785_sub5	0	1	0	1	0	0	0	1
3786_sub0	1	11	8	3	8	3	0	0
3788_sub0	1	16	6	10	6	10	0	0
3788_sub1	0	1	0	1	0	0	0	1
3788_sub2	0	1	0	1	0	0	0	1
3788_sub3	0	1	0	1	0	0	0	1
3788_sub4	0	1	1	0	0	0	1	0
3788_sub5	0	1	1	0	0	0	1	0
3788_sub6	0	1	0	1	0	0	0	1
3788_sub7	0	1	1	0	0	0	1	0
379_sub0	0	1	1	0	0	0	1	0
379_sub1	0	1	0	1	0	0	0	1
379_sub2	1	16	4	12	4	12	0	0
379_sub3	0	1	0	1	0	0	0	1
379_sub4	0	1	1	0	0	0	1	0
379_sub5	0	1	1	0	0	0	1	0
379_sub6	0	1	1	0	0	0	1	0
379_sub7	0	1	1	0	0	0	1	0
379_sub8	0	1	1	0	0	0	1	0
379_sub9	0	1	1	0	0	0	1	0
379_sub10	0	1	0	1	0	0	0	1
379_sub11	0	1	1	0	0	0	1	0
379_sub12	0	1	0	1	0	0	0	1
37927_sub0	0	5	3	2	0	0	3	2
37927_sub1	0	1	1	0	0	0	1	0
3796_sub0	1	13	5	8	5	8	0	0
3796_sub1	0	1	0	1	0	0	0	1
3796_sub2	0	1	1	0	0	0	1	0
3796_sub3	0	1	0	1	0	0	0	1
3797_sub0	0	1	1	0	0	0	1	0
3797_sub1	0	1	1	0	0	0	1	0
3797_sub2	0	1	0	1	0	0	0	1
3797_sub3	0	1	0	1	0	0	0	1
3797_sub4	0	1	0	1	0	0	0	1
3797_sub5	0	1	0	1	0	0	0	1
3799_sub0	0	1	1	0	0	0	1	0
3799_sub1	1	18	10	8	10	8	0	0
3799_sub2	0	1	0	1	0	0	0	1
3799_sub3	0	1	1	0	0	0	1	0
3800_sub0	0	1	1	0	0	0	1	0
3800_sub1	1	13	5	8	5	8	0	0
3800_sub2	0	1	0	1	0	0	0	1
3810_sub0	1	7	1	6	1	6	0	0
3810_sub1	0	1	1	0	0	0	1	0
3820_sub0	0	1	0	1	0	0	0	1
3820_sub1	0	1	0	1	0	0	0	1
3820_sub2	0	1	1	0	0	0	1	0
3820_sub3	0	1	0	1	0	0	0	1
3820_sub4	0	1	1	0	0	0	1	0
3820_sub5	0	1	0	1	0	0	0	1
3820_sub6	0	1	0	1	0	0	0	1
3824_sub0	1	8	4	4	4	4	0	0
3824_sub1	0	1	1	0	0	0	1	0
3824_sub2	0	1	1	0	0	0	1	0
3832_sub0	1	20	13	7	13	7	0	0
3832_sub1	0	1	0	1	0	0	0	1
3832_sub2	0	1	0	1	0	0	0	1
3832_sub3	0	1	1	0	0	0	1	0
3832_sub4	0	1	1	0	0	0	1	0
3832_sub5	0	2	0	2	0	0	0	2
3836_sub0	1	9	4	5	4	5	0	0
3836_sub1	0	1	1	0	0	0	1	0
3836_sub2	0	1	0	1	0	0	0	1
3836_sub3	0	1	0	1	0	0	0	1
3837_sub0	1	12	5	7	5	7	0	0
3837_sub1	0	1	0	1	0	0	0	1
384_sub0	0	1	1	0	0	0	1	0
384_sub1	1	15	4	11	4	11	0	0
384_sub2	0	1	0	1	0	0	0	1
384_sub3	0	1	0	1	0	0	0	1
384_sub4	0	1	0	1	0	0	0	1
3842_sub0	0	1	0	1	0	0	0	1
3842_sub1	0	1	1	0	0	0	1	0
3842_sub2	0	1	1	0	0	0	1	0
3842_sub3	0	1	1	0	0	0	1	0
3842_sub4	0	1	0	1	0	0	0	1
3842_sub5	0	1	1	0	0	0	1	0
3849_sub0	0	1	1	0	0	0	1	0
3849_sub1	1	15	8	7	8	7	0	0
3849_sub2	0	1	0	1	0	0	0	1
3849_sub3	0	1	0	1	0	0	0	1
38490_sub0	0	1	0	1	0	0	0	1
38490_sub1	0	1	0	1	0	0	0	1
38490_sub2	0	1	1	0	0	0	1	0
38490_sub3	0	1	0	1	0	0	0	1
38490_sub4	0	1	0	1	0	0	0	1
38490_sub5	0	1	1	0	0	0	1	0
385_sub0	0	1	0	1	0	0	0	1
385_sub1	1	20	8	12	8	12	0	0
38633_sub0	0	1	1	0	0	0	1	0
38633_sub1	0	4	3	1	0	0	3	1
38633_sub2	0	1	0	1	0	0	0	1
3866_sub0	0	1	0	1	0	0	0	1
3866_sub1	0	1	1	0	0	0	1	0
3866_sub2	1	8	7	1	7	1	0	0
3869_sub0	0	1	1	0	0	0	1	0
3869_sub1	1	18	11	7	11	7	0	0
3875_sub0	1	17	5	12	5	12	0	0
3875_sub1	0	1	1	0	0	0	1	0
3875_sub2	0	1	0	1	0	0	0	1
3875_sub3	0	1	1	0	0	0	1	0
3875_sub4	0	1	0	1	0	0	0	1
3875_sub5	0	1	0	1	0	0	0	1
3880_sub0	0	5	2	3	0	0	2	3
3880_sub1	0	1	0	1	0	0	0	1
3881_sub0	0	1	1	0	0	0	1	0
3881_sub1	0	1	1	0	0	0	1	0
3881_sub2	1	10	5	5	5	5	0	0
3881_sub3	0	2	2	0	0	0	2	0
3881_sub4	0	1	0	1	0	0	0	1
3881_sub5	0	1	1	0	0	0	1	0
3881_sub6	0	1	0	1	0	0	0	1
389_sub0	0	1	1	0	0	0	1	0
389_sub1	1	13	6	7	6	7	0	0
389_sub2	0	1	1	0	0	0	1	0
389_sub3	0	1	0	1	0	0	0	1
389_sub4	0	1	0	1	0	0	0	1
3891_sub0	0	1	0	1	0	0	0	1
3891_sub1	1	6	3	3	3	3	0	0
3892_sub0	0	1	0	1	0	0	0	1
3892_sub1	0	1	0	1	0	0	0	1
3892_sub2	0	1	1	0	0	0	1	0
3892_sub3	0	1	1	0	0	0	1	0
3892_sub4	0	1	1	0	0	0	1	0
3892_sub5	0	1	1	0	0	0	1	0
3896_sub0	0	1	1	0	0	0	1	0
3896_sub1	1	17	6	11	6	11	0	0
3896_sub2	0	1	0	1	0	0	0	1
3899_sub0	0	1	1	0	0	0	1	0
3899_sub1	1	12	3	9	3	9	0	0
3899_sub2	0	1	1	0	0	0	1	0
3899_sub3	0	1	1	0	0	0	1	0
3899_sub4	0	1	1	0	0	0	1	0
39_sub0	0	1	1	0	0	0	1	0
39_sub1	1	6	1	5	1	5	0	0
39_sub2	0	1	0	1	0	0	0	1
39_sub3	0	1	1	0	0	0	1	0
3908_sub0	0	1	0	1	0	0	0	1
3908_sub1	0	1	1	0	0	0	1	0
3908_sub2	0	1	0	1	0	0	0	1
3908_sub3	0	1	1	0	0	0	1	0
3908_sub4	0	1	1	0	0	0	1	0
3908_sub5	0	1	1	0	0	0	1	0
3914_sub0	0	1	1	0	0	0	1	0
3914_sub1	1	16	9	7	9	7	0	0
3914_sub2	0	1	0	1	0	0	0	1
3914_sub3	0	1	0	1	0	0	0	1
3915_sub0	0	1	0	1	0	0	0	1
3915_sub1	0	1	0	1	0	0	0	1
3915_sub2	0	1	0	1	0	0	0	1
3915_sub3	0	1	1	0	0	0	1	0
3915_sub4	0	1	0	1	0	0	0	1
3915_sub5	0	1	0	1	0	0	0	1
3917_sub0	1	6	1	5	1	5	0	0
3917_sub1	0	1	1	0	0	0	1	0
3917_sub2	0	1	0	1	0	0	0	1
3917_sub3	0	1	0	1	0	0	0	1
3921_sub0	1	9	4	5	4	5	0	0
3921_sub1	0	1	1	0	0	0	1	0
3921_sub2	0	1	0	1	0	0	0	1
3928_sub0	1	11	6	5	6	5	0	0
3928_sub1	0	1	0	1	0	0	0	1
3928_sub2	0	1	0	1	0	0	0	1
3928_sub3	0	1	1	0	0	0	1	0
3928_sub4	0	1	0	1	0	0	0	1
3928_sub5	0	1	0	1	0	0	0	1
3928_sub6	0	1	1	0	0	0	1	0
3930_sub0	1	13	7	6	7	6	0	0
3930_sub1	0	2	1	1	0	0	1	1
3930_sub2	0	1	0	1	0	0	0	1
3930_sub3	0	1	1	0	0	0	1	0
3932_sub0	1	13	8	5	8	5	0	0
3932_sub1	0	1	1	0	0	0	1	0
3932_sub2	0	1	0	1	0	0	0	1
3932_sub3	0	1	1	0	0	0	1	0
3932_sub4	0	1	1	0	0	0	1	0
3932_sub5	0	1	0	1	0	0	0	1
3933_sub0	1	14	4	10	4	10	0	0
3933_sub1	0	1	0	1	0	0	0	1
3933_sub2	0	1	0	1	0	0	0	1
3933_sub3	0	1	1	0	0	0	1	0
3933_sub4	0	1	0	1	0	0	0	1
3937_sub0	0	1	1	0	0	0	1	0
3937_sub1	1	6	6	0	6	0	0	0
3937_sub2	0	1	0	1	0	0	0	1
3937_sub3	0	1	1	0	0	0	1	0
3939_sub0	0	1	0	1	0	0	0	1
3939_sub1	1	10	5	5	5	5	0	0
3939_sub2	0	1	1	0	0	0	1	0
3939_sub3	0	1	0	1	0	0	0	1
3949_sub0	1	17	8	9	8	9	0	0
3949_sub1	0	1	0	1	0	0	0	1
3949_sub2	0	1	0	1	0	0	0	1
3949_sub3	0	1	0	1	0	0	0	1
3949_sub4	0	1	1	0	0	0	1	0
3949_sub5	0	1	1	0	0	0	1	0
3949_sub6	0	1	1	0	0	0	1	0
3949_sub7	0	1	0	1	0	0	0	1
3949_sub8	0	1	0	1	0	0	0	1
395_sub0	0	1	0	1	0	0	0	1
395_sub1	0	5	2	3	0	0	2	3
395_sub2	0	1	1	0	0	0	1	0
3954_sub0	1	8	4	4	4	4	0	0
3954_sub1	0	1	0	1	0	0	0	1
3954_sub2	0	1	1	0	0	0	1	0
3954_sub3	0	1	1	0	0	0	1	0
3954_sub4	0	1	1	0	0	0	1	0
3958_sub0	1	16	8	8	8	8	0	0
3958_sub1	0	1	1	0	0	0	1	0
3958_sub2	0	1	1	0	0	0	1	0
3958_sub3	0	1	0	1	0	0	0	1
3962_sub0	1	7	2	5	2	5	0	0
3962_sub1	0	1	1	0	0	0	1	0
3962_sub2	0	1	1	0	0	0	1	0
397_sub0	0	1	1	0	0	0	1	0
397_sub1	0	1	0	1	0	0	0	1
397_sub2	0	1	1	0	0	0	1	0
397_sub3	0	1	0	1	0	0	0	1
397_sub4	0	1	0	1	0	0	0	1
397_sub5	0	1	1	0	0	0	1	0
397_sub6	0	1	0	1	0	0	0	1
397_sub7	0	1	1	0	0	0	1	0
397_sub8	0	1	0	1	0	0	0	1
3977_sub0	0	1	0	1	0	0	0	1
3977_sub1	0	1	0	1	0	0	0	1
3977_sub2	0	1	0	1	0	0	0	1
3977_sub3	0	1	0	1	0	0	0	1
3977_sub4	0	1	0	1	0	0	0	1
3977_sub5	0	1	0	1	0	0	0	1
3977_sub6	0	1	0	1	0	0	0	1
3979_sub0	0	1	0	1	0	0	0	1
3979_sub1	1	17	7	10	7	10	0	0
3982_sub0	1	11	7	4	7	4	0	0
3982_sub1	0	1	0	1	0	0	0	1
3982_sub2	0	1	1	0	0	0	1	0
3982_sub3	0	1	1	0	0	0	1	0
3984_sub0	0	1	0	1	0	0	0	1
3984_sub1	0	1	1	0	0	0	1	0
3984_sub2	0	1	1	0	0	0	1	0
3984_sub3	0	1	1	0	0	0	1	0
3984_sub4	0	1	0	1	0	0	0	1
3984_sub5	0	1	1	0	0	0	1	0
3984_sub6	0	1	1	0	0	0	1	0
3984_sub7	0	1	1	0	0	0	1	0
3987_sub0	1	17	6	11	6	11	0	0
3987_sub1	0	1	0	1	0	0	0	1
399_sub0	0	1	1	0	0	0	1	0
399_sub1	0	2	0	2	0	0	0	2
399_sub2	1	20	9	11	9	11	0	0
399_sub3	0	1	1	0	0	0	1	0
3993_sub0	0	5	4	1	0	0	4	1
3993_sub1	0	1	1	0	0	0	1	0
3997_sub0	0	1	0	1	0	0	0	1
3997_sub1	0	1	1	0	0	0	1	0
3997_sub2	0	1	0	1	0	0	0	1
3997_sub3	0	1	1	0	0	0	1	0
3997_sub4	0	1	0	1	0	0	0	1
3997_sub5	0	1	0	1	0	0	0	1
3997_sub6	0	1	1	0	0	0	1	0
3997_sub7	0	1	1	0	0	0	1	0
3998_sub0	1	9	3	6	3	6	0	0
3998_sub1	0	1	0	1	0	0	0	1
3998_sub2	0	1	0	1	0	0	0	1
3999_sub0	1	25	9	16	9	11	0	5
3999_sub1	0	2	1	1	0	0	1	1
3999_sub2	0	2	1	1	0	0	1	1
3999_sub3	0	1	0	1	0	0	0	1
3999_sub4	0	1	0	1	0	0	0	1
400_sub0	0	1	1	0	0	0	1	0
400_sub1	1	19	10	9	10	9	0	0
400_sub2	0	1	1	0	0	0	1	0
4000_sub0	1	16	11	5	11	5	0	0
4000_sub1	0	1	0	1	0	0	0	1
4000_sub2	0	1	0	1	0	0	0	1
4000_sub3	0	1	0	1	0	0	0	1
4000_sub4	0	1	1	0	0	0	1	0
4001_sub0	0	1	0	1	0	0	0	1
4001_sub1	1	8	3	5	3	5	0	0
4001_sub2	0	1	0	1	0	0	0	1
4003_sub0	1	15	8	7	8	7	0	0
4003_sub1	0	1	1	0	0	0	1	0
4003_sub2	0	1	0	1	0	0	0	1
4004_sub0	0	1	0	1	0	0	0	1
4004_sub1	1	8	4	4	4	4	0	0
4004_sub2	0	1	0	1	0	0	0	1
4004_sub3	0	1	0	1	0	0	0	1
4012_sub0	0	1	0	1	0	0	0	1
4012_sub1	0	1	0	1	0	0	0	1
4012_sub2	0	1	1	0	0	0	1	0
4012_sub3	0	1	1	0	0	0	1	0
4012_sub4	0	1	1	0	0	0	1	0
4012_sub5	0	1	1	0	0	0	1	0
4013_sub0	0	2	1	1	0	0	1	1
4013_sub1	0	1	0	1	0	0	0	1
4013_sub2	0	1	1	0	0	0	1	0
4013_sub3	0	1	1	0	0	0	1	0
4013_sub4	0	1	1	0	0	0	1	0
4013_sub5	0	1	1	0	0	0	1	0
4015_sub0	0	1	1	0	0	0	1	0
4015_sub1	1	12	6	6	6	6	0	0
4016_sub0	0	1	0	1	0	0	0	1
4016_sub1	0	1	0	1	0	0	0	1
4016_sub2	0	1	1	0	0	0	1	0
4016_sub3	0	1	1	0	0	0	1	0
4016_sub4	0	1	0	1	0	0	0	1
4016_sub5	0	1	0	1	0	0	0	1
4016_sub6	0	1	1	0	0	0	1	0
4016_sub7	0	1	0	1	0	0	0	1
4016_sub8	0	1	1	0	0	0	1	0
4022_sub0	1	7	5	2	5	2	0	0
4022_sub1	0	1	0	1	0	0	0	1
4026_sub0	1	19	10	9	10	9	0	0
4026_sub1	0	1	0	1	0	0	0	1
4026_sub2	0	1	0	1	0	0	0	1
4026_sub3	0	1	0	1	0	0	0	1
4026_sub4	0	1	0	1	0	0	0	1
4027_sub0	0	1	1	0	0	0	1	0
4027_sub1	0	1	0	1	0	0	0	1
4027_sub2	1	7	5	2	5	2	0	0
4027_sub3	0	1	1	0	0	0	1	0
403_sub0	1	13	7	6	7	6	0	0
403_sub1	0	1	1	0	0	0	1	0
4038_sub0	0	1	1	0	0	0	1	0
4038_sub1	0	1	1	0	0	0	1	0
4038_sub2	0	1	1	0	0	0	1	0
4038_sub3	0	1	1	0	0	0	1	0
4038_sub4	0	1	1	0	0	0	1	0
4038_sub5	0	1	1	0	0	0	1	0
40385_sub0	0	1	1	0	0	0	1	0
40385_sub1	1	19	8	11	8	11	0	0
40385_sub2	0	1	0	1	0	0	0	1
4043_sub0	0	1	0	1	0	0	0	1
4043_sub1	1	8	5	3	5	3	0	0
4043_sub2	0	1	0	1	0	0	0	1
4043_sub3	0	1	0	1	0	0	0	1
4046_sub0	0	1	0	1	0	0	0	1
4046_sub1	1	12	10	2	10	2	0	0
4046_sub2	0	1	1	0	0	0	1	0
4046_sub3	0	1	1	0	0	0	1	0
40495_sub0	0	1	0	1	0	0	0	1
40495_sub1	1	6	1	5	1	5	0	0
4050_sub0	1	9	1	8	1	8	0	0
4050_sub1	0	1	1	0	0	0	1	0
4050_sub2	0	1	0	1	0	0	0	1
4051_sub0	0	1	0	1	0	0	0	1
4051_sub1	0	1	0	1	0	0	0	1
4051_sub2	0	1	0	1	0	0	0	1
4051_sub3	0	1	1	0	0	0	1	0
4051_sub4	0	1	1	0	0	0	1	0
4051_sub5	0	1	0	1	0	0	0	1
40546_sub0	0	1	0	1	0	0	0	1
40546_sub1	1	14	6	8	6	8	0	0
40546_sub2	0	1	1	0	0	0	1	0
40560_sub0	1	16	6	10	6	10	0	0
40560_sub1	0	1	0	1	0	0	0	1
40560_sub2	0	1	1	0	0	0	1	0
40560_sub3	0	1	0	1	0	0	0	1
40594_sub0	0	1	0	1	0	0	0	1
40594_sub1	1	6	3	3	3	3	0	0
40594_sub2	0	1	0	1	0	0	0	1
40594_sub3	0	1	0	1	0	0	0	1
40599_sub0	1	6	4	2	4	2	0	0
40599_sub1	0	1	1	0	0	0	1	0
4060_sub0	0	1	1	0	0	0	1	0
4060_sub1	1	16	7	9	7	9	0	0
4060_sub2	0	1	0	1	0	0	0	1
4061_sub0	0	1	1	0	0	0	1	0
4061_sub1	0	1	0	1	0	0	0	1
4061_sub2	1	6	1	5	1	5	0	0
4061_sub3	0	1	1	0	0	0	1	0
4061_sub4	0	1	0	1	0	0	0	1
4061_sub5	0	1	1	0	0	0	1	0
40610_sub0	0	1	1	0	0	0	1	0
40610_sub1	1	8	4	4	4	4	0	0
40611_sub0	1	8	4	4	4	4	0	0
40611_sub1	0	1	1	0	0	0	1	0
40611_sub2	0	1	0	1	0	0	0	1
4062_sub0	1	8	4	4	4	4	0	0
4062_sub1	0	1	1	0	0	0	1	0
4062_sub2	0	1	0	1	0	0	0	1
4062_sub3	0	1	1	0	0	0	1	0
40636_sub0	1	14	8	6	8	6	0	0
40636_sub1	0	1	0	1	0	0	0	1
40636_sub2	0	1	1	0	0	0	1	0
40636_sub3	0	1	1	0	0	0	1	0
4064_sub0	0	1	0	1	0	0	0	1
4064_sub1	0	1	1	0	0	0	1	0
4064_sub2	0	1	0	1	0	0	0	1
4064_sub3	0	1	1	0	0	0	1	0
4064_sub4	0	1	0	1	0	0	0	1
4064_sub5	0	1	1	0	0	0	1	0
4064_sub6	0	1	1	0	0	0	1	0
4070_sub0	0	5	3	2	0	0	3	2
4070_sub1	0	1	1	0	0	0	1	0
40715_sub0	0	5	4	1	0	0	4	1
40715_sub1	0	1	0	1	0	0	0	1
4073_sub0	1	14	8	6	8	6	0	0
4073_sub1	0	1	0	1	0	0	0	1
4073_sub2	0	1	0	1	0	0	0	1
4073_sub3	0	1	1	0	0	0	1	0
4073_sub4	0	1	0	1	0	0	0	1
4073_sub5	0	1	1	0	0	0	1	0
4073_sub6	0	1	0	1	0	0	0	1
4073_sub7	0	1	0	1	0	0	0	1
4077_sub0	0	1	0	1	0	0	0	1
4077_sub1	1	12	6	6	6	6	0	0
4077_sub2	0	1	0	1	0	0	0	1
4077_sub3	0	1	0	1	0	0	0	1
4077_sub4	0	1	1	0	0	0	1	0
40790_sub0	0	1	0	1	0	0	0	1
40790_sub1	0	1	0	1	0	0	0	1
40790_sub2	0	1	1	0	0	0	1	0
40790_sub3	0	4	3	1	0	0	3	1
40790_sub4	0	1	0	1	0	0	0	1
40790_sub5	0	1	1	0	0	0	1	0
40790_sub6	0	1	1	0	0	0	1	0
40790_sub7	0	1	0	1	0	0	0	1
408_sub0	0	1	0	1	0	0	0	1
408_sub1	1	10	3	7	3	7	0	0
408_sub2	0	1	0	1	0	0	0	1
4080_sub0	1	24	12	12	10	10	2	2
4080_sub1	0	1	1	0	0	0	1	0
4080_sub2	0	1	1	0	0	0	1	0
4080_sub3	0	1	1	0	0	0	1	0
4081_sub0	0	1	0	1	0	0	0	1
4081_sub1	0	1	0	1	0	0	0	1
4081_sub2	0	1	0	1	0	0	0	1
4081_sub3	0	1	0	1	0	0	0	1
4081_sub4	0	1	1	0	0	0	1	0
4081_sub5	0	1	1	0	0	0	1	0
4081_sub6	0	1	0	1	0	0	0	1
4081_sub7	0	1	1	0	0	0	1	0
4085_sub0	0	1	0	1	0	0	0	1
4085_sub1	0	1	0	1	0	0	0	1
4085_sub2	0	1	1	0	0	0	1	0
4085_sub3	0	1	1	0	0	0	1	0
4085_sub4	0	1	0	1	0	0	0	1
4085_sub5	0	1	1	0	0	0	1	0
4085_sub6	0	1	1	0	0	0	1	0
40874_sub0	0	1	1	0	0	0	1	0
40874_sub1	0	1	0	1	0	0	0	1
40874_sub2	1	7	2	5	2	5	0	0
40883_sub0	0	1	0	1	0	0	0	1
40883_sub1	1	11	8	3	8	3	0	0
4098_sub0	1	13	6	7	6	7	0	0
4098_sub1	0	1	0	1	0	0	0	1
4100_sub0	1	7	5	2	5	2	0	0
4100_sub1	0	1	1	0	0	0	1	0
4100_sub2	0	1	1	0	0	0	1	0
4100_sub3	0	1	1	0	0	0	1	0
4105_sub0	0	1	0	1	0	0	0	1
4105_sub1	1	19	11	8	11	8	0	0
4105_sub2	0	1	1	0	0	0	1	0
4109_sub0	0	1	1	0	0	0	1	0
4109_sub1	1	7	3	4	3	4	0	0
4109_sub2	0	1	0	1	0	0	0	1
4109_sub3	0	1	0	1	0	0	0	1
4114_sub0	0	1	1	0	0	0	1	0
4114_sub1	0	1	0	1	0	0	0	1
4114_sub2	0	1	0	1	0	0	0	1
4114_sub3	0	1	1	0	0	0	1	0
4114_sub4	0	1	1	0	0	0	1	0
4114_sub5	0	1	0	1	0	0	0	1
4114_sub6	0	1	0	1	0	0	0	1
4115_sub0	1	23	13	10	10	10	3	0
4115_sub1	0	1	1	0	0	0	1	0
4115_sub2	0	1	1	0	0	0	1	0
4115_sub3	0	1	0	1	0	0	0	1
4115_sub4	0	1	0	1	0	0	0	1
4115_sub5	0	1	1	0	0	0	1	0
4115_sub6	0	1	0	1	0	0	0	1
4115_sub7	0	1	0	1	0	0	0	1
41167_sub0	1	7	3	4	3	4	0	0
4118_sub0	0	1	0	1	0	0	0	1
4118_sub1	1	7	7	0	7	0	0	0
4120_sub0	0	1	0	1	0	0	0	1
4120_sub1	0	1	0	1	0	0	0	1
4120_sub2	0	1	1	0	0	0	1	0
4120_sub3	0	1	0	1	0	0	0	1
4120_sub4	0	1	0	1	0	0	0	1
4120_sub5	0	1	1	0	0	0	1	0
4120_sub6	0	1	1	0	0	0	1	0
4120_sub7	0	1	1	0	0	0	1	0
4123_sub0	0	1	0	1	0	0	0	1
4123_sub1	0	1	1	0	0	0	1	0
4123_sub2	0	1	1	0	0	0	1	0
4123_sub3	0	1	0	1	0	0	0	1
4123_sub4	0	1	0	1	0	0	0	1
4123_sub5	0	1	0	1	0	0	0	1
4124_sub0	1	6	3	3	3	3	0	0
4124_sub1	0	1	0	1	0	0	0	1
4124_sub2	0	1	1	0	0	0	1	0
4124_sub3	0	1	0	1	0	0	0	1
41241_sub0	0	5	4	1	0	0	4	1
41241_sub1	0	1	0	1	0	0	0	1
4127_sub0	1	11	8	3	8	3	0	0
4127_sub1	0	1	0	1	0	0	0	1
4127_sub2	0	1	0	1	0	0	0	1
413_sub0	0	1	1	0	0	0	1	0
413_sub1	0	1	0	1	0	0	0	1
413_sub2	1	10	4	6	4	6	0	0
413_sub3	0	1	1	0	0	0	1	0
413_sub4	0	1	0	1	0	0	0	1
413_sub5	0	1	1	0	0	0	1	0
413_sub6	0	1	0	1	0	0	0	1
413_sub7	0	1	1	0	0	0	1	0
413_sub8	0	1	1	0	0	0	1	0
4130_sub0	0	1	0	1	0	0	0	1
4130_sub1	1	24	9	15	9	11	0	4
4130_sub2	0	1	1	0	0	0	1	0
4130_sub3	0	1	0	1	0	0	0	1
4130_sub4	0	1	0	1	0	0	0	1
41300_sub0	1	10	5	5	5	5	0	0
41300_sub1	0	1	1	0	0	0	1	0
41303_sub0	0	3	1	2	0	0	1	2
41303_sub1	0	1	1	0	0	0	1	0
41303_sub2	0	1	0	1	0	0	0	1
41303_sub3	0	1	1	0	0	0	1	0
41317_sub0	0	1	1	0	0	0	1	0
41317_sub1	1	10	5	5	5	5	0	0
41317_sub2	0	1	1	0	0	0	1	0
41317_sub3	0	1	0	1	0	0	0	1
41317_sub4	0	1	1	0	0	0	1	0
4139_sub0	1	20	10	10	10	10	0	0
4139_sub1	0	1	0	1	0	0	0	1
4139_sub2	0	1	1	0	0	0	1	0
4139_sub3	0	1	0	1	0	0	0	1
4139_sub4	0	1	0	1	0	0	0	1
4139_sub5	0	1	1	0	0	0	1	0
4139_sub6	0	1	0	1	0	0	0	1
4139_sub7	0	1	0	1	0	0	0	1
4139_sub8	0	1	1	0	0	0	1	0
4140_sub0	0	1	0	1	0	0	0	1
4140_sub1	0	1	0	1	0	0	0	1
4140_sub2	0	1	0	1	0	0	0	1
4140_sub3	0	1	1	0	0	0	1	0
4140_sub4	0	1	1	0	0	0	1	0
4140_sub5	0	1	0	1	0	0	0	1
4140_sub6	0	1	0	1	0	0	0	1
4140_sub7	0	1	0	1	0	0	0	1
4141_sub0	1	19	6	13	6	13	0	0
4141_sub1	0	1	1	0	0	0	1	0
4149_sub0	1	18	10	8	10	8	0	0
4149_sub1	0	1	1	0	0	0	1	0
4149_sub2	0	1	0	1	0	0	0	1
4149_sub3	0	1	0	1	0	0	0	1
4149_sub4	0	1	0	1	0	0	0	1
4149_sub5	0	1	1	0	0	0	1	0
4160_sub0	0	1	0	1	0	0	0	1
4160_sub1	0	1	0	1	0	0	0	1
4160_sub2	0	1	1	0	0	0	1	0
4160_sub3	0	1	0	1	0	0	0	1
4160_sub4	0	1	0	1	0	0	0	1
4160_sub5	0	1	1	0	0	0	1	0
4160_sub6	0	1	1	0	0	0	1	0
4163_sub0	1	11	5	6	5	6	0	0
4163_sub1	0	1	0	1	0	0	0	1
4167_sub0	0	1	0	1	0	0	0	1
4167_sub1	1	10	6	4	6	4	0	0
4167_sub2	0	1	0	1	0	0	0	1
41720_sub0	1	6	3	3	3	3	0	0
41720_sub1	0	1	0	1	0	0	0	1
41720_sub2	0	1	1	0	0	0	1	0
4177_sub0	1	9	5	4	5	4	0	0
4177_sub1	0	1	1	0	0	0	1	0
4177_sub2	0	1	0	1	0	0	0	1
4177_sub3	0	1	1	0	0	0	1	0
4184_sub0	1	13	6	7	6	7	0	0
4184_sub1	0	1	1	0	0	0	1	0
4184_sub2	0	1	1	0	0	0	1	0
4184_sub3	0	1	0	1	0	0	0	1
4184_sub4	0	1	0	1	0	0	0	1
41856_sub0	0	1	1	0	0	0	1	0
41856_sub1	1	6	3	3	3	3	0	0
41856_sub2	0	1	0	1	0	0	0	1
4186_sub0	1	16	8	8	8	8	0	0
4186_sub1	0	1	1	0	0	0	1	0
4186_sub2	0	1	1	0	0	0	1	0
4186_sub3	0	1	0	1	0	0	0	1
41872_sub0	0	1	1	0	0	0	1	0
41872_sub1	1	6	3	3	3	3	0	0
41872_sub2	0	1	0	1	0	0	0	1
4188_sub0	0	1	0	1	0	0	0	1
4188_sub1	1	22	8	14	8	12	0	2
4188_sub2	0	1	0	1	0	0	0	1
4189_sub0	1	7	4	3	4	3	0	0
4189_sub1	0	1	0	1	0	0	0	1
419_sub0	0	1	1	0	0	0	1	0
419_sub1	0	1	1	0	0	0	1	0
419_sub2	1	12	5	7	5	7	0	0
419_sub3	0	1	0	1	0	0	0	1
419_sub4	0	1	1	0	0	0	1	0
4191_sub0	0	1	1	0	0	0	1	0
4191_sub1	1	16	9	7	9	7	0	0
4191_sub2	0	1	0	1	0	0	0	1
4193_sub0	0	1	0	1	0	0	0	1
4193_sub1	1	9	5	4	5	4	0	0
4193_sub2	0	1	0	1	0	0	0	1
4193_sub3	0	1	0	1	0	0	0	1
4193_sub4	0	1	1	0	0	0	1	0
4193_sub5	0	1	0	1	0	0	0	1
4194_sub0	1	16	9	7	9	7	0	0
4194_sub1	0	1	0	1	0	0	0	1
4194_sub2	0	1	1	0	0	0	1	0
4194_sub3	0	1	0	1	0	0	0	1
4194_sub4	0	1	0	1	0	0	0	1
4194_sub5	0	1	1	0	0	0	1	0
4200_sub0	0	1	0	1	0	0	0	1
4200_sub1	1	10	7	3	7	3	0	0
4202_sub0	0	5	2	3	0	0	2	3
4202_sub1	0	1	1	0	0	0	1	0
4202_sub2	0	1	0	1	0	0	0	1
4207_sub0	0	1	0	1	0	0	0	1
4207_sub1	1	16	7	9	7	9	0	0
4207_sub2	0	1	0	1	0	0	0	1
421_sub0	0	1	1	0	0	0	1	0
421_sub1	1	25	13	12	10	10	3	2
421_sub2	0	1	1	0	0	0	1	0
421_sub3	0	1	0	1	0	0	0	1
4212_sub0	0	1	0	1	0	0	0	1
4212_sub1	0	3	2	1	0	0	2	1
4212_sub2	0	1	1	0	0	0	1	0
4212_sub3	0	1	1	0	0	0	1	0
4213_sub0	1	7	4	3	4	3	0	0
4213_sub1	0	1	0	1	0	0	0	1
4213_sub2	0	1	1	0	0	0	1	0
4213_sub3	0	1	0	1	0	0	0	1
4213_sub4	0	1	0	1	0	0	0	1
4213_sub5	0	1	0	1	0	0	0	1
4213_sub6	0	1	0	1	0	0	0	1
4223_sub0	1	16	7	9	7	9	0	0
4223_sub1	0	1	1	0	0	0	1	0
4223_sub2	0	1	1	0	0	0	1	0
4223_sub3	0	1	1	0	0	0	1	0
4223_sub4	0	1	1	0	0	0	1	0
4223_sub5	0	1	0	1	0	0	0	1
4223_sub6	0	1	1	0	0	0	1	0
4223_sub7	0	1	0	1	0	0	0	1
4223_sub8	0	1	1	0	0	0	1	0
4224_sub0	1	12	5	7	5	7	0	0
4224_sub1	0	1	0	1	0	0	0	1
4224_sub2	0	1	0	1	0	0	0	1
4224_sub3	0	1	1	0	0	0	1	0
4224_sub4	0	1	0	1	0	0	0	1
4232_sub0	0	1	1	0	0	0	1	0
4232_sub1	1	7	4	3	4	3	0	0
4232_sub2	0	1	1	0	0	0	1	0
4232_sub3	0	1	0	1	0	0	0	1
4232_sub4	0	1	1	0	0	0	1	0
4232_sub5	0	1	1	0	0	0	1	0
424_sub0	0	1	0	1	0	0	0	1
424_sub1	1	11	6	5	6	5	0	0
424_sub2	0	2	2	0	0	0	2	0
424_sub3	0	1	0	1	0	0	0	1
4251_sub0	0	1	1	0	0	0	1	0
4251_sub1	0	1	0	1	0	0	0	1
4251_sub2	1	12	6	6	6	6	0	0
4251_sub3	0	1	0	1	0	0	0	1
4251_sub4	0	2	0	2	0	0	0	2
4260_sub0	1	6	2	4	2	4	0	0
4260_sub1	0	1	1	0	0	0	1	0
4260_sub2	0	1	1	0	0	0	1	0
4262_sub0	0	1	1	0	0	0	1	0
4262_sub1	1	6	3	3	3	3	0	0
4264_sub0	1	11	7	4	7	4	0	0
4264_sub1	0	1	1	0	0	0	1	0
4264_sub2	0	1	0	1	0	0	0	1
4264_sub3	0	1	1	0	0	0	1	0
4264_sub4	0	1	1	0	0	0	1	0
4266_sub0	1	21	9	12	9	11	0	1
4266_sub1	0	1	1	0	0	0	1	0
4271_sub0	1	10	6	4	6	4	0	0
4274_sub0	0	1	1	0	0	0	1	0
4274_sub1	1	12	5	7	5	7	0	0
4274_sub2	0	1	1	0	0	0	1	0
4274_sub3	0	1	1	0	0	0	1	0
4283_sub0	0	2	0	2	0	0	0	2
4283_sub1	0	1	1	0	0	0	1	0
4283_sub2	0	1	1	0	0	0	1	0
4283_sub3	0	1	0	1	0	0	0	1
4283_sub4	0	1	0	1	0	0	0	1
4283_sub5	0	1	1	0	0	0	1	0
4283_sub6	0	1	0	1	0	0	0	1
4283_sub7	0	1	1	0	0	0	1	0
4283_sub8	0	1	1	0	0	0	1	0
4285_sub0	0	1	0	1	0	0	0	1
4285_sub1	0	4	2	2	0	0	2	2
4285_sub2	0	1	1	0	0	0	1	0
4294_sub0	0	5	1	4	0	0	1	4
4294_sub1	0	1	1	0	0	0	1	0
4294_sub2	0	1	1	0	0	0	1	0
4294_sub3	0	1	1	0	0	0	1	0
4294_sub4	0	1	0	1	0	0	0	1
4297_sub0	0	1	0	1	0	0	0	1
4297_sub1	0	1	0	1	0	0	0	1
4297_sub2	0	1	0	1	0	0	0	1
4297_sub3	0	1	1	0	0	0	1	0
4297_sub4	0	1	0	1	0	0	0	1
4297_sub5	0	1	0	1	0	0	0	1
4306_sub0	0	5	2	3	0	0	2	3
4306_sub1	0	1	0	1	0	0	0	1
4312_sub0	1	16	9	7	9	7	0	0
4312_sub1	0	1	1	0	0	0	1	0
4312_sub2	0	1	0	1	0	0	0	1
4312_sub3	0	1	0	1	0	0	0	1
4312_sub4	0	1	0	1	0	0	0	1
4314_sub0	0	1	1	0	0	0	1	0
4314_sub1	1	10	7	3	7	3	0	0
4315_sub0	1	15	9	6	9	6	0	0
4315_sub1	0	1	0	1	0	0	0	1
4315_sub2	0	1	0	1	0	0	0	1
4315_sub3	0	1	1	0	0	0	1	0
4316_sub0	1	11	4	7	4	7	0	0
4316_sub1	0	1	1	0	0	0	1	0
4325_sub0	1	9	5	4	5	4	0	0
4325_sub1	0	1	1	0	0	0	1	0
4325_sub2	0	1	1	0	0	0	1	0
4325_sub3	0	1	0	1	0	0	0	1
4327_sub0	1	13	6	7	6	7	0	0
433_sub0	0	1	0	1	0	0	0	1
433_sub1	0	1	0	1	0	0	0	1
433_sub2	1	9	4	5	4	5	0	0
433_sub3	0	1	0	1	0	0	0	1
4330_sub0	0	1	1	0	0	0	1	0
4330_sub1	1	13	5	8	5	8	0	0
4333_sub0	1	7	2	5	2	5	0	0
4333_sub1	0	1	0	1	0	0	0	1
4333_sub2	0	1	0	1	0	0	0	1
4337_sub0	1	21	7	14	7	13	0	1
4337_sub1	0	1	0	1	0	0	0	1
4337_sub2	0	1	0	1	0	0	0	1
4337_sub3	0	1	0	1	0	0	0	1
4337_sub4	0	1	1	0	0	0	1	0
4348_sub0	1	17	12	5	12	5	0	0
4348_sub1	0	1	0	1	0	0	0	1
4348_sub2	0	1	1	0	0	0	1	0
4348_sub3	0	1	1	0	0	0	1	0
4348_sub4	0	1	0	1	0	0	0	1
4348_sub5	0	1	1	0	0	0	1	0
4348_sub6	0	1	0	1	0	0	0	1
4348_sub7	0	1	0	1	0	0	0	1
4348_sub8	0	1	1	0	0	0	1	0
4355_sub0	0	1	1	0	0	0	1	0
4355_sub1	0	5	2	3	0	0	2	3
4356_sub0	0	1	1	0	0	0	1	0
4356_sub1	1	7	3	4	3	4	0	0
436_sub0	0	1	1	0	0	0	1	0
436_sub1	0	1	1	0	0	0	1	0
436_sub2	0	1	1	0	0	0	1	0
436_sub3	0	5	2	3	0	0	2	3
436_sub4	0	1	1	0	0	0	1	0
436_sub5	0	1	1	0	0	0	1	0
4360_sub0	1	17	8	9	8	9	0	0
4360_sub1	0	1	1	0	0	0	1	0
4360_sub2	0	1	0	1	0	0	0	1
4362_sub0	0	1	0	1	0	0	0	1
4362_sub1	0	1	1	0	0	0	1	0
4362_sub2	0	1	1	0	0	0	1	0
4362_sub3	0	1	0	1	0	0	0	1
4362_sub4	0	1	1	0	0	0	1	0
4362_sub5	0	1	0	1	0	0	0	1
4362_sub6	0	1	0	1	0	0	0	1
4362_sub7	0	1	1	0	0	0	1	0
4371_sub0	0	1	0	1	0	0	0	1
4371_sub1	0	1	0	1	0	0	0	1
4371_sub2	0	1	0	1	0	0	0	1
4371_sub3	0	1	0	1	0	0	0	1
4371_sub4	0	1	0	1	0	0	0	1
4371_sub5	0	1	0	1	0	0	0	1
4372_sub0	0	1	0	1	0	0	0	1
4372_sub1	1	7	5	2	5	2	0	0
4383_sub0	0	1	0	1	0	0	0	1
4383_sub1	1	12	3	9	3	9	0	0
4383_sub2	0	1	0	1	0	0	0	1
4395_sub0	1	16	9	7	9	7	0	0
4395_sub1	0	1	0	1	0	0	0	1
4395_sub2	0	1	0	1	0	0	0	1
4395_sub3	0	1	1	0	0	0	1	0
4395_sub4	0	1	1	0	0	0	1	0
4395_sub5	0	1	0	1	0	0	0	1
4395_sub6	0	1	0	1	0	0	0	1
4396_sub0	1	10	2	8	2	8	0	0
4396_sub1	0	1	1	0	0	0	1	0
4396_sub2	0	1	1	0	0	0	1	0
4396_sub3	0	1	0	1	0	0	0	1
4397_sub0	0	1	1	0	0	0	1	0
4397_sub1	0	1	0	1	0	0	0	1
4397_sub2	0	1	1	0	0	0	1	0
4397_sub3	0	1	1	0	0	0	1	0
4397_sub4	0	1	0	1	0	0	0	1
4397_sub5	0	1	1	0	0	0	1	0
440_sub0	0	1	0	1	0	0	0	1
440_sub1	0	1	0	1	0	0	0	1
440_sub2	1	11	6	5	6	5	0	0
440_sub3	0	1	1	0	0	0	1	0
440_sub4	0	1	0	1	0	0	0	1
440_sub5	0	1	0	1	0	0	0	1
440_sub6	0	1	1	0	0	0	1	0
440_sub7	0	1	0	1	0	0	0	1
440_sub8	0	1	0	1	0	0	0	1
440_sub9	0	1	0	1	0	0	0	1
4401_sub0	0	3	1	2	0	0	1	2
4401_sub1	0	1	0	1	0	0	0	1
4401_sub2	0	1	1	0	0	0	1	0
4401_sub3	0	1	0	1	0	0	0	1
4401_sub4	0	1	0	1	0	0	0	1
4401_sub5	0	1	0	1	0	0	0	1
4406_sub0	0	1	0	1	0	0	0	1
4406_sub1	0	1	0	1	0	0	0	1
4406_sub2	1	16	8	8	8	8	0	0
4406_sub3	0	1	1	0	0	0	1	0
441_sub0	0	1	0	1	0	0	0	1
441_sub1	1	9	6	3	6	3	0	0
441_sub2	0	1	1	0	0	0	1	0
441_sub3	0	1	1	0	0	0	1	0
4410_sub0	1	12	6	6	6	6	0	0
4410_sub1	0	1	0	1	0	0	0	1
4410_sub2	0	1	1	0	0	0	1	0
4410_sub3	0	1	1	0	0	0	1	0
4410_sub4	0	1	1	0	0	0	1	0
4412_sub0	1	16	4	12	4	12	0	0
4412_sub1	0	1	0	1	0	0	0	1
4412_sub2	0	1	1	0	0	0	1	0
4412_sub3	0	1	1	0	0	0	1	0
4412_sub4	0	1	1	0	0	0	1	0
4412_sub5	0	1	0	1	0	0	0	1
4413_sub0	0	1	0	1	0	0	0	1
4413_sub1	1	17	11	6	11	6	0	0
4413_sub2	0	1	0	1	0	0	0	1
4413_sub3	0	1	0	1	0	0	0	1
4413_sub4	0	1	1	0	0	0	1	0
4413_sub5	0	1	1	0	0	0	1	0
4413_sub6	0	1	1	0	0	0	1	0
4413_sub7	0	1	1	0	0	0	1	0
4414_sub0	1	6	3	3	3	3	0	0
4416_sub0	0	1	0	1	0	0	0	1
4416_sub1	1	6	2	4	2	4	0	0
442_sub0	0	1	0	1	0	0	0	1
442_sub1	1	18	9	9	9	9	0	0
442_sub2	0	1	0	1	0	0	0	1
4421_sub0	1	20	9	11	9	11	0	0
4421_sub1	0	1	0	1	0	0	0	1
4421_sub2	0	1	0	1	0	0	0	1
4422_sub0	1	12	5	7	5	7	0	0
4422_sub1	0	1	1	0	0	0	1	0
4422_sub2	0	1	0	1	0	0	0	1
4422_sub3	0	1	0	1	0	0	0	1
4423_sub0	1	9	3	6	3	6	0	0
4423_sub1	0	1	1	0	0	0	1	0
4423_sub2	0	1	0	1	0	0	0	1
4423_sub3	0	1	1	0	0	0	1	0
4423_sub4	0	1	1	0	0	0	1	0
4425_sub0	1	12	4	8	4	8	0	0
4425_sub1	0	1	1	0	0	0	1	0
4425_sub2	0	1	0	1	0	0	0	1
4428_sub0	1	21	9	12	9	11	0	1
4428_sub1	0	1	1	0	0	0	1	0
4428_sub2	0	1	1	0	0	0	1	0
443_sub0	1	12	7	5	7	5	0	0
443_sub1	0	1	1	0	0	0	1	0
443_sub2	0	1	1	0	0	0	1	0
443_sub3	0	1	0	1	0	0	0	1
443_sub4	0	1	0	1	0	0	0	1
443_sub5	0	1	1	0	0	0	1	0
443_sub6	0	1	1	0	0	0	1	0
4439_sub0	0	1	1	0	0	0	1	0
4439_sub1	1	18	6	12	6	12	0	0
4439_sub2	0	1	1	0	0	0	1	0
4443_sub0	1	18	8	10	8	10	0	0
4443_sub1	0	1	0	1	0	0	0	1
4443_sub2	0	1	1	0	0	0	1	0
4443_sub3	0	1	0	1	0	0	0	1
4443_sub4	0	1	1	0	0	0	1	0
4446_sub0	0	2	0	2	0	0	0	2
4446_sub1	1	11	7	4	7	4	0	0
4446_sub2	0	1	0	1	0	0	0	1
4446_sub3	0	1	0	1	0	0	0	1
4446_sub4	0	1	0	1	0	0	0	1
4446_sub5	0	1	1	0	0	0	1	0
4446_sub6	0	1	0	1	0	0	0	1
4446_sub7	0	1	0	1	0	0	0	1
4451_sub0	0	1	0	1	0	0	0	1
4451_sub1	0	4	3	1	0	0	3	1
4451_sub2	0	1	0	1	0	0	0	1
4452_sub0	0	1	0	1	0	0	0	1
4452_sub1	1	10	7	3	7	3	0	0
4452_sub2	0	1	1	0	0	0	1	0
4458_sub0	1	17	10	7	10	7	0	0
4458_sub1	0	1	1	0	0	0	1	0
4458_sub2	0	1	0	1	0	0	0	1
4460_sub0	1	24	12	12	10	10	2	2
4460_sub1	0	1	1	0	0	0	1	0
4460_sub2	0	1	0	1	0	0	0	1
4461_sub0	1	17	9	8	9	8	0	0
4461_sub1	0	1	0	1	0	0	0	1
4461_sub2	0	1	1	0	0	0	1	0
4461_sub3	0	1	1	0	0	0	1	0
4461_sub4	0	2	0	2	0	0	0	2
4461_sub5	0	1	1	0	0	0	1	0
4465_sub0	1	13	5	8	5	8	0	0
4465_sub1	0	1	1	0	0	0	1	0
4465_sub2	0	1	1	0	0	0	1	0
4465_sub3	0	1	1	0	0	0	1	0
4465_sub4	0	1	1	0	0	0	1	0
4468_sub0	0	2	0	2	0	0	0	2
4468_sub1	1	13	6	7	6	7	0	0
4468_sub2	0	1	1	0	0	0	1	0
4468_sub3	0	1	1	0	0	0	1	0
4470_sub0	0	1	1	0	0	0	1	0
4470_sub1	0	1	1	0	0	0	1	0
4470_sub2	0	1	0	1	0	0	0	1
4470_sub3	0	1	1	0	0	0	1	0
4470_sub4	0	1	0	1	0	0	0	1
4470_sub5	0	1	0	1	0	0	0	1
4486_sub0	1	8	4	4	4	4	0	0
4486_sub1	0	1	0	1	0	0	0	1
4486_sub2	0	1	0	1	0	0	0	1
4486_sub3	0	1	0	1	0	0	0	1
4486_sub4	0	1	1	0	0	0	1	0
4487_sub0	1	15	6	9	6	9	0	0
4487_sub1	0	1	0	1	0	0	0	1
450_sub0	0	1	0	1	0	0	0	1
450_sub1	0	1	0	1	0	0	0	1
450_sub2	0	1	0	1	0	0	0	1
450_sub3	0	1	1	0	0	0	1	0
450_sub4	0	2	1	1	0	0	1	1
450_sub5	0	1	0	1	0	0	0	1
450_sub6	0	1	1	0	0	0	1	0
450_sub7	0	1	1	0	0	0	1	0
450_sub8	0	1	0	1	0	0	0	1
450_sub9	0	1	0	1	0	0	0	1
4500_sub0	1	17	11	6	11	6	0	0
4500_sub1	0	1	1	0	0	0	1	0
4500_sub2	0	1	1	0	0	0	1	0
4500_sub3	0	1	0	1	0	0	0	1
4500_sub4	0	1	0	1	0	0	0	1
4500_sub5	0	1	0	1	0	0	0	1
4500_sub6	0	1	0	1	0	0	0	1
4501_sub0	0	1	0	1	0	0	0	1
4501_sub1	1	8	3	5	3	5	0	0
4501_sub2	0	1	1	0	0	0	1	0
4501_sub3	0	1	0	1	0	0	0	1
4501_sub4	0	1	0	1	0	0	0	1
4501_sub5	0	1	1	0	0	0	1	0
4501_sub6	0	1	1	0	0	0	1	0
4501_sub7	0	1	0	1	0	0	0	1
4504_sub0	0	1	1	0	0	0	1	0
4504_sub1	0	5	2	3	0	0	2	3
4504_sub2	0	1	0	1	0	0	0	1
4513_sub0	1	6	0	6	0	6	0	0
4513_sub1	0	1	1	0	0	0	1	0
4513_sub2	0	1	1	0	0	0	1	0
4513_sub3	0	1	0	1	0	0	0	1
4513_sub4	0	1	1	0	0	0	1	0
4516_sub0	1	14	7	7	7	7	0	0
4516_sub1	0	1	0	1	0	0	0	1
4519_sub0	0	1	1	0	0	0	1	0
4519_sub1	1	11	3	8	3	8	0	0
4519_sub2	0	1	1	0	0	0	1	0
4519_sub3	0	1	0	1	0	0	0	1
4519_sub4	0	1	0	1	0	0	0	1
4519_sub5	0	1	1	0	0	0	1	0
4519_sub6	0	1	0	1	0	0	0	1
452_sub0	0	1	1	0	0	0	1	0
452_sub1	1	19	6	13	6	13	0	0
452_sub2	0	1	1	0	0	0	1	0
4520_sub0	0	5	2	3	0	0	2	3
4520_sub1	0	1	1	0	0	0	1	0
4520_sub2	0	1	1	0	0	0	1	0
4520_sub3	0	1	1	0	0	0	1	0
4523_sub0	0	1	0	1	0	0	0	1
4523_sub1	1	16	8	8	8	8	0	0
4526_sub0	1	9	3	6	3	6	0	0
4526_sub1	0	1	1	0	0	0	1	0
4526_sub2	0	1	0	1	0	0	0	1
4526_sub3	0	1	0	1	0	0	0	1
4526_sub4	0	1	0	1	0	0	0	1
4529_sub0	1	12	6	6	6	6	0	0
4529_sub1	0	1	0	1	0	0	0	1
4529_sub2	0	1	0	1	0	0	0	1
4529_sub3	0	1	0	1	0	0	0	1
4529_sub4	0	1	1	0	0	0	1	0
4529_sub5	0	1	0	1	0	0	0	1
4529_sub6	0	1	0	1	0	0	0	1
4536_sub0	0	1	1	0	0	0	1	0
4536_sub1	0	1	0	1	0	0	0	1
4536_sub2	1	16	6	10	6	10	0	0
4536_sub3	0	1	1	0	0	0	1	0
4536_sub4	0	1	0	1	0	0	0	1
4536_sub5	0	1	0	1	0	0	0	1
4538_sub0	0	1	0	1	0	0	0	1
4538_sub1	0	1	0	1	0	0	0	1
4538_sub2	0	1	1	0	0	0	1	0
4538_sub3	0	1	1	0	0	0	1	0
4538_sub4	0	1	1	0	0	0	1	0
4538_sub5	0	1	0	1	0	0	0	1
4538_sub6	0	1	1	0	0	0	1	0
4538_sub7	0	1	1	0	0	0	1	0
4542_sub0	0	1	1	0	0	0	1	0
4542_sub1	1	12	5	7	5	7	0	0
455_sub0	0	1	0	1	0	0	0	1
455_sub1	0	1	1	0	0	0	1	0
455_sub2	1	28	12	16	10	10	2	6
455_sub3	0	1	1	0	0	0	1	0
455_sub4	0	1	1	0	0	0	1	0
455_sub5	0	1	1	0	0	0	1	0
455_sub6	0	1	1	0	0	0	1	0
455_sub7	0	2	0	2	0	0	0	2
4554_sub0	1	10	5	5	5	5	0	0
4554_sub1	0	1	0	1	0	0	0	1
4554_sub2	0	1	1	0	0	0	1	0
4559_sub0	0	1	1	0	0	0	1	0
4559_sub1	1	18	9	9	9	9	0	0
4559_sub2	0	1	1	0	0	0	1	0
4560_sub0	1	18	8	10	8	10	0	0
4560_sub1	0	1	0	1	0	0	0	1
4560_sub2	0	1	0	1	0	0	0	1
4560_sub3	0	1	0	1	0	0	0	1
4560_sub4	0	1	1	0	0	0	1	0
4561_sub0	0	1	0	1	0	0	0	1
4561_sub1	0	1	1	0	0	0	1	0
4561_sub2	0	1	0	1	0	0	0	1
4561_sub3	0	1	1	0	0	0	1	0
4561_sub4	0	1	1	0	0	0	1	0
4561_sub5	0	1	0	1	0	0	0	1
4561_sub6	0	1	0	1	0	0	0	1
4562_sub0	0	1	1	0	0	0	1	0
4562_sub1	1	6	2	4	2	4	0	0
4562_sub2	0	1	1	0	0	0	1	0
4564_sub0	1	12	6	6	6	6	0	0
4564_sub1	0	1	0	1	0	0	0	1
4564_sub2	0	1	1	0	0	0	1	0
4564_sub3	0	1	0	1	0	0	0	1
4569_sub0	1	16	7	9	7	9	0	0
4569_sub1	0	1	1	0	0	0	1	0
4569_sub2	0	1	0	1	0	0	0	1
4569_sub3	0	1	1	0	0	0	1	0
4578_sub0	1	15	7	8	7	8	0	0
4578_sub1	0	1	0	1	0	0	0	1
4578_sub2	0	1	1	0	0	0	1	0
4579_sub0	1	14	5	9	5	9	0	0
4579_sub1	0	1	1	0	0	0	1	0
4579_sub2	0	1	0	1	0	0	0	1
4579_sub3	0	1	1	0	0	0	1	0
4579_sub4	0	1	1	0	0	0	1	0
4584_sub0	0	3	0	3	0	0	0	3
4584_sub1	0	1	1	0	0	0	1	0
4584_sub2	0	1	0	1	0	0	0	1
4584_sub3	0	1	1	0	0	0	1	0
4584_sub4	0	1	0	1	0	0	0	1
4586_sub0	0	1	0	1	0	0	0	1
4586_sub1	1	19	9	10	9	10	0	0
4586_sub2	0	1	1	0	0	0	1	0
4586_sub3	0	1	0	1	0	0	0	1
4586_sub4	0	1	1	0	0	0	1	0
4586_sub5	0	1	0	1	0	0	0	1
4588_sub0	0	1	0	1	0	0	0	1
4588_sub1	0	1	0	1	0	0	0	1
4588_sub2	1	9	5	4	5	4	0	0
4588_sub3	0	1	1	0	0	0	1	0
4591_sub0	1	14	7	7	7	7	0	0
4591_sub1	0	1	1	0	0	0	1	0
4591_sub2	0	1	1	0	0	0	1	0
4591_sub3	0	1	1	0	0	0	1	0
4591_sub4	0	1	0	1	0	0	0	1
4591_sub5	0	1	0	1	0	0	0	1
4591_sub6	0	1	1	0	0	0	1	0
4595_sub0	0	1	0	1	0	0	0	1
4595_sub1	1	9	3	6	3	6	0	0
4595_sub2	0	1	0	1	0	0	0	1
4596_sub0	0	2	2	0	0	0	2	0
4596_sub1	0	1	1	0	0	0	1	0
4596_sub2	0	1	0	1	0	0	0	1
4596_sub3	0	1	0	1	0	0	0	1
4596_sub4	0	1	1	0	0	0	1	0
46_sub0	0	1	1	0	0	0	1	0
46_sub1	1	9	7	2	7	2	0	0
46_sub2	0	1	0	1	0	0	0	1
46_sub3	0	1	0	1	0	0	0	1
4605_sub0	0	1	0	1	0	0	0	1
4605_sub1	1	7	3	4	3	4	0	0
4605_sub2	0	1	1	0	0	0	1	0
4605_sub3	0	1	0	1	0	0	0	1
4605_sub4	0	1	1	0	0	0	1	0
4605_sub5	0	1	0	1	0	0	0	1
461_sub0	0	1	0	1	0	0	0	1
461_sub1	0	1	0	1	0	0	0	1
461_sub2	0	1	0	1	0	0	0	1
461_sub3	0	1	0	1	0	0	0	1
461_sub4	0	1	0	1	0	0	0	1
461_sub5	0	1	0	1	0	0	0	1
4610_sub0	0	1	0	1	0	0	0	1
4610_sub1	0	1	0	1	0	0	0	1
4610_sub2	0	1	1	0	0	0	1	0
4610_sub3	0	1	1	0	0	0	1	0
4610_sub4	0	1	1	0	0	0	1	0
4610_sub5	0	1	0	1	0	0	0	1
4612_sub0	0	1	0	1	0	0	0	1
4612_sub1	0	1	0	1	0	0	0	1
4612_sub2	0	1	0	1	0	0	0	1
4612_sub3	0	1	1	0	0	0	1	0
4612_sub4	0	1	0	1	0	0	0	1
4612_sub5	0	1	0	1	0	0	0	1
4613_sub0	1	16	8	8	8	8	0	0
4613_sub1	0	1	1	0	0	0	1	0
4613_sub2	0	1	1	0	0	0	1	0
4614_sub0	1	14	7	7	7	7	0	0
4614_sub1	0	1	0	1	0	0	0	1
4614_sub2	0	1	1	0	0	0	1	0
4616_sub0	0	1	1	0	0	0	1	0
4616_sub1	1	8	4	4	4	4	0	0
4616_sub2	0	1	1	0	0	0	1	0
4616_sub3	0	1	0	1	0	0	0	1
4620_sub0	0	1	0	1	0	0	0	1
4620_sub1	0	1	0	1	0	0	0	1
4620_sub2	0	1	0	1	0	0	0	1
4620_sub3	0	1	1	0	0	0	1	0
4620_sub4	0	1	0	1	0	0	0	1
4620_sub5	0	1	0	1	0	0	0	1
4625_sub0	1	8	2	6	2	6	0	0
4625_sub1	0	1	1	0	0	0	1	0
4626_sub0	1	8	4	4	4	4	0	0
4626_sub1	0	1	1	0	0	0	1	0
4626_sub2	0	1	0	1	0	0	0	1
4626_sub3	0	1	0	1	0	0	0	1
4626_sub4	0	1	0	1	0	0	0	1
4627_sub0	0	1	0	1	0	0	0	1
4627_sub1	0	1	0	1	0	0	0	1
4627_sub2	0	1	0	1	0	0	0	1
4627_sub3	0	1	1	0	0	0	1	0
4627_sub4	0	1	0	1	0	0	0	1
4627_sub5	0	1	0	1	0	0	0	1
464_sub0	0	1	0	1	0	0	0	1
464_sub1	1	13	5	8	5	8	0	0
464_sub2	0	1	0	1	0	0	0	1
4640_sub0	0	1	1	0	0	0	1	0
4640_sub1	1	21	12	9	11	9	1	0
4640_sub2	0	1	0	1	0	0	0	1
4640_sub3	0	1	0	1	0	0	0	1
4640_sub4	0	1	0	1	0	0	0	1
4642_sub0	1	9	2	7	2	7	0	0
4642_sub1	0	1	0	1	0	0	0	1
4642_sub2	0	1	1	0	0	0	1	0
4642_sub3	0	1	0	1	0	0	0	1
4642_sub4	0	1	0	1	0	0	0	1
4642_sub5	0	1	0	1	0	0	0	1
4643_sub0	1	10	3	7	3	7	0	0
4643_sub1	0	1	0	1	0	0	0	1
4643_sub2	0	1	0	1	0	0	0	1
4643_sub3	0	1	0	1	0	0	0	1
4648_sub0	1	12	5	7	5	7	0	0
4648_sub1	0	1	0	1	0	0	0	1
4648_sub2	0	1	0	1	0	0	0	1
4648_sub3	0	1	1	0	0	0	1	0
4648_sub4	0	1	1	0	0	0	1	0
4650_sub0	1	13	3	10	3	10	0	0
4650_sub1	0	1	1	0	0	0	1	0
4650_sub2	0	1	1	0	0	0	1	0
4650_sub3	0	1	0	1	0	0	0	1
4650_sub4	0	1	1	0	0	0	1	0
4650_sub5	0	1	1	0	0	0	1	0
4650_sub6	0	1	1	0	0	0	1	0
4650_sub7	0	1	0	1	0	0	0	1
4650_sub8	0	1	1	0	0	0	1	0
4650_sub9	0	1	0	1	0	0	0	1
4655_sub0	1	8	4	4	4	4	0	0
4655_sub1	0	1	0	1	0	0	0	1
4655_sub2	0	1	1	0	0	0	1	0
4655_sub3	0	1	0	1	0	0	0	1
4658_sub0	1	11	5	6	5	6	0	0
4661_sub0	0	1	0	1	0	0	0	1
4661_sub1	1	18	8	10	8	10	0	0
4661_sub2	0	1	0	1	0	0	0	1
4661_sub3	0	1	1	0	0	0	1	0
4661_sub4	0	1	0	1	0	0	0	1
4661_sub5	0	1	0	1	0	0	0	1
4661_sub6	0	1	0	1	0	0	0	1
4667_sub0	0	1	0	1	0	0	0	1
4667_sub1	1	9	6	3	6	3	0	0
4668_sub0	1	14	6	8	6	8	0	0
4668_sub1	0	1	1	0	0	0	1	0
4668_sub2	0	1	0	1	0	0	0	1
4668_sub3	0	1	1	0	0	0	1	0
4668_sub4	0	1	0	1	0	0	0	1
467_sub0	0	1	1	0	0	0	1	0
467_sub1	1	21	8	13	8	12	0	1
4671_sub0	1	16	9	7	9	7	0	0
4675_sub0	0	1	1	0	0	0	1	0
4675_sub1	1	10	5	5	5	5	0	0
4675_sub2	0	1	1	0	0	0	1	0
4682_sub0	0	1	0	1	0	0	0	1
4682_sub1	1	8	4	4	4	4	0	0
4682_sub2	0	1	0	1	0	0	0	1
4682_sub3	0	1	1	0	0	0	1	0
4682_sub4	0	1	1	0	0	0	1	0
4686_sub0	0	1	0	1	0	0	0	1
4686_sub1	0	1	1	0	0	0	1	0
4686_sub2	0	1	1	0	0	0	1	0
4686_sub3	0	1	0	1	0	0	0	1
4686_sub4	0	1	0	1	0	0	0	1
4686_sub5	0	1	0	1	0	0	0	1
4690_sub0	1	17	7	10	7	10	0	0
4690_sub1	0	1	0	1	0	0	0	1
4690_sub2	0	1	0	1	0	0	0	1
4692_sub0	0	1	1	0	0	0	1	0
4692_sub1	0	1	0	1	0	0	0	1
4692_sub2	0	1	0	1	0	0	0	1
4692_sub3	0	1	1	0	0	0	1	0
4692_sub4	0	1	1	0	0	0	1	0
4692_sub5	0	1	1	0	0	0	1	0
4693_sub0	1	8	5	3	5	3	0	0
4693_sub1	0	1	0	1	0	0	0	1
4693_sub2	0	1	0	1	0	0	0	1
4695_sub0	0	1	1	0	0	0	1	0
4695_sub1	0	1	1	0	0	0	1	0
4695_sub2	1	8	7	1	7	1	0	0
4695_sub3	0	1	0	1	0	0	0	1
4698_sub0	1	8	3	5	3	5	0	0
4698_sub1	0	1	0	1	0	0	0	1
4698_sub2	0	1	1	0	0	0	1	0
4698_sub3	0	1	0	1	0	0	0	1
4698_sub4	0	1	1	0	0	0	1	0
4700_sub0	1	16	7	9	7	9	0	0
4700_sub1	0	1	1	0	0	0	1	0
4700_sub2	0	1	1	0	0	0	1	0
4707_sub0	0	1	0	1	0	0	0	1
4707_sub1	1	14	6	8	6	8	0	0
4708_sub0	1	16	9	7	9	7	0	0
4708_sub1	0	1	0	1	0	0	0	1
4708_sub2	0	1	1	0	0	0	1	0
4708_sub3	0	1	1	0	0	0	1	0
471_sub0	0	1	1	0	0	0	1	0
471_sub1	1	6	4	2	4	2	0	0
471_sub2	0	1	0	1	0	0	0	1
471_sub3	0	1	1	0	0	0	1	0
4717_sub0	1	14	10	4	10	4	0	0
4717_sub1	0	1	1	0	0	0	1	0
4717_sub2	0	1	1	0	0	0	1	0
472_sub0	0	1	0	1	0	0	0	1
472_sub1	0	1	0	1	0	0	0	1
472_sub2	1	13	6	7	6	7	0	0
472_sub3	0	1	1	0	0	0	1	0
4723_sub0	1	10	5	5	5	5	0	0
4723_sub1	0	1	0	1	0	0	0	1
4725_sub0	0	1	0	1	0	0	0	1
4725_sub1	0	1	1	0	0	0	1	0
4725_sub2	0	1	1	0	0	0	1	0
4725_sub3	0	1	1	0	0	0	1	0
4725_sub4	0	1	0	1	0	0	0	1
4725_sub5	0	1	0	1	0	0	0	1
473_sub0	0	1	1	0	0	0	1	0
473_sub1	1	14	5	9	5	9	0	0
473_sub2	0	1	0	1	0	0	0	1
473_sub3	0	1	0	1	0	0	0	1
473_sub4	0	1	1	0	0	0	1	0
473_sub5	0	1	1	0	0	0	1	0
473_sub6	0	1	0	1	0	0	0	1
473_sub7	0	1	0	1	0	0	0	1
473_sub8	0	1	0	1	0	0	0	1
473_sub9	0	1	1	0	0	0	1	0
4732_sub0	1	13	6	7	6	7	0	0
4732_sub1	0	1	0	1	0	0	0	1
4732_sub2	0	1	0	1	0	0	0	1
4733_sub0	1	15	8	7	8	7	0	0
4733_sub1	0	1	0	1	0	0	0	1
4733_sub2	0	1	0	1	0	0	0	1
4733_sub3	0	1	0	1	0	0	0	1
4734_sub0	1	12	7	5	7	5	0	0
4734_sub1	0	1	1	0	0	0	1	0
4734_sub2	0	1	1	0	0	0	1	0
4735_sub0	1	10	5	5	5	5	0	0
4735_sub1	0	1	1	0	0	0	1	0
4735_sub2	0	1	0	1	0	0	0	1
4745_sub0	1	14	8	6	8	6	0	0
4745_sub1	0	1	0	1	0	0	0	1
4745_sub2	0	1	0	1	0	0	0	1
4745_sub3	0	1	1	0	0	0	1	0
4745_sub4	0	1	0	1	0	0	0	1
4745_sub5	0	1	1	0	0	0	1	0
4745_sub6	0	1	1	0	0	0	1	0
4747_sub0	0	1	0	1	0	0	0	1
4747_sub1	1	7	5	2	5	2	0	0
4747_sub2	0	1	1	0	0	0	1	0
4752_sub0	0	1	0	1	0	0	0	1
4752_sub1	0	1	0	1	0	0	0	1
4752_sub2	0	1	0	1	0	0	0	1
4752_sub3	0	1	0	1	0	0	0	1
4752_sub4	0	1	0	1	0	0	0	1
4752_sub5	0	1	0	1	0	0	0	1
4753_sub0	0	1	0	1	0	0	0	1
4753_sub1	0	4	2	2	0	0	2	2
4753_sub2	0	1	1	0	0	0	1	0
4756_sub0	1	15	8	7	8	7	0	0
4756_sub1	0	1	1	0	0	0	1	0
4756_sub2	0	1	0	1	0	0	0	1
4756_sub3	0	1	0	1	0	0	0	1
4756_sub4	0	1	1	0	0	0	1	0
4756_sub5	0	1	1	0	0	0	1	0
4756_sub6	0	1	0	1	0	0	0	1
4756_sub7	0	1	1	0	0	0	1	0
4756_sub8	0	1	0	1	0	0	0	1
4758_sub0	0	1	0	1	0	0	0	1
4758_sub1	0	1	0	1	0	0	0	1
4758_sub2	1	13	5	8	5	8	0	0
4758_sub3	0	1	0	1	0	0	0	1
4758_sub4	0	1	1	0	0	0	1	0
4758_sub5	0	1	0	1	0	0	0	1
4758_sub6	0	1	0	1	0	0	0	1
4758_sub7	0	1	0	1	0	0	0	1
4758_sub8	0	1	0	1	0	0	0	1
4761_sub0	0	1	0	1	0	0	0	1
4761_sub1	0	4	2	2	0	0	2	2
4761_sub2	0	1	1	0	0	0	1	0
4763_sub0	0	1	0	1	0	0	0	1
4763_sub1	0	4	3	1	0	0	3	1
4763_sub2	0	1	0	1	0	0	0	1
4776_sub0	0	1	1	0	0	0	1	0
4776_sub1	1	16	6	10	6	10	0	0
4776_sub2	0	1	0	1	0	0	0	1
4776_sub3	0	1	0	1	0	0	0	1
4776_sub4	0	1	0	1	0	0	0	1
4777_sub0	0	1	1	0	0	0	1	0
4777_sub1	0	4	3	1	0	0	3	1
4777_sub2	0	1	1	0	0	0	1	0
478_sub0	0	1	1	0	0	0	1	0
478_sub1	1	12	8	4	8	4	0	0
478_sub2	0	1	1	0	0	0	1	0
478_sub3	0	1	0	1	0	0	0	1
478_sub4	0	1	0	1	0	0	0	1
478_sub5	0	1	0	1	0	0	0	1
478_sub6	0	1	0	1	0	0	0	1
4781_sub0	1	9	3	6	3	6	0	0
4781_sub1	0	1	0	1	0	0	0	1
4782_sub0	0	1	0	1	0	0	0	1
4782_sub1	0	1	0	1	0	0	0	1
4782_sub2	0	1	0	1	0	0	0	1
4782_sub3	0	1	1	0	0	0	1	0
4782_sub4	0	1	0	1	0	0	0	1
4782_sub5	0	1	0	1	0	0	0	1
4787_sub0	1	12	3	9	3	9	0	0
4787_sub1	0	1	0	1	0	0	0	1
4787_sub2	0	1	0	1	0	0	0	1
4787_sub3	0	1	0	1	0	0	0	1
4798_sub0	0	1	0	1	0	0	0	1
4798_sub1	1	18	8	10	8	10	0	0
4798_sub2	0	1	0	1	0	0	0	1
4798_sub3	0	1	0	1	0	0	0	1
4799_sub0	0	1	1	0	0	0	1	0
4799_sub1	0	1	1	0	0	0	1	0
4799_sub2	0	1	0	1	0	0	0	1
4799_sub3	0	1	1	0	0	0	1	0
4799_sub4	1	9	4	5	4	5	0	0
48_sub0	0	1	0	1	0	0	0	1
48_sub1	1	19	6	13	6	13	0	0
48_sub2	0	1	0	1	0	0	0	1
48_sub3	0	1	1	0	0	0	1	0
480_sub0	0	1	0	1	0	0	0	1
480_sub1	1	13	8	5	8	5	0	0
480_sub2	0	1	1	0	0	0	1	0
4803_sub0	0	1	0	1	0	0	0	1
4803_sub1	0	1	0	1	0	0	0	1
4803_sub2	0	1	0	1	0	0	0	1
4803_sub3	0	1	1	0	0	0	1	0
4803_sub4	0	1	1	0	0	0	1	0
4803_sub5	0	1	1	0	0	0	1	0
4803_sub6	0	1	1	0	0	0	1	0
4803_sub7	0	1	0	1	0	0	0	1
4809_sub0	0	1	0	1	0	0	0	1
4809_sub1	1	20	7	13	7	13	0	0
4809_sub2	0	1	1	0	0	0	1	0
4809_sub3	0	1	1	0	0	0	1	0
4810_sub0	0	1	1	0	0	0	1	0
4810_sub1	1	14	8	6	8	6	0	0
4816_sub0	0	1	0	1	0	0	0	1
4816_sub1	1	16	7	9	7	9	0	0
4816_sub2	0	1	1	0	0	0	1	0
4816_sub3	0	1	0	1	0	0	0	1
4816_sub4	0	1	0	1	0	0	0	1
4818_sub0	1	6	1	5	1	5	0	0
4818_sub1	0	1	1	0	0	0	1	0
4825_sub0	0	1	0	1	0	0	0	1
4825_sub1	0	1	0	1	0	0	0	1
4825_sub2	0	1	1	0	0	0	1	0
4825_sub3	0	1	1	0	0	0	1	0
4825_sub4	0	1	0	1	0	0	0	1
4825_sub5	0	1	0	1	0	0	0	1
483_sub0	0	1	0	1	0	0	0	1
483_sub1	1	16	8	8	8	8	0	0
483_sub2	0	1	0	1	0	0	0	1
483_sub3	0	1	0	1	0	0	0	1
483_sub4	0	1	0	1	0	0	0	1
483_sub5	0	1	1	0	0	0	1	0
483_sub6	0	1	0	1	0	0	0	1
483_sub7	0	1	0	1	0	0	0	1
4836_sub0	0	1	0	1	0	0	0	1
4836_sub1	0	1	0	1	0	0	0	1
4836_sub2	0	1	0	1	0	0	0	1
4836_sub3	0	1	1	0	0	0	1	0
4836_sub4	0	1	0	1	0	0	0	1
4836_sub5	0	1	0	1	0	0	0	1
4839_sub0	1	8	3	5	3	5	0	0
4839_sub1	0	1	0	1	0	0	0	1
4839_sub2	0	1	1	0	0	0	1	0
4839_sub3	0	1	0	1	0	0	0	1
4839_sub4	0	1	0	1	0	0	0	1
4839_sub5	0	1	1	0	0	0	1	0
4846_sub0	0	1	1	0	0	0	1	0
4846_sub1	1	11	6	5	6	5	0	0
4853_sub0	1	9	6	3	6	3	0	0
4853_sub1	0	1	1	0	0	0	1	0
486_sub0	0	1	0	1	0	0	0	1
486_sub1	1	16	7	9	7	9	0	0
4864_sub0	0	5	4	1	0	0	4	1
4864_sub1	0	1	1	0	0	0	1	0
4864_sub2	0	1	0	1	0	0	0	1
4864_sub3	0	1	1	0	0	0	1	0
4864_sub4	0	1	1	0	0	0	1	0
4864_sub5	0	1	1	0	0	0	1	0
4868_sub0	1	12	7	5	7	5	0	0
4868_sub1	0	1	1	0	0	0	1	0
4868_sub2	0	1	1	0	0	0	1	0
4868_sub3	0	1	0	1	0	0	0	1
4868_sub4	0	1	0	1	0	0	0	1
4868_sub5	0	1	0	1	0	0	0	1
4869_sub0	0	1	0	1	0	0	0	1
4869_sub1	1	15	5	10	5	10	0	0
4869_sub2	0	1	0	1	0	0	0	1
4873_sub0	1	9	2	7	2	7	0	0
4873_sub1	0	1	1	0	0	0	1	0
4873_sub2	0	1	0	1	0	0	0	1
4873_sub3	0	1	1	0	0	0	1	0
4873_sub4	0	1	1	0	0	0	1	0
4873_sub5	0	1	1	0	0	0	1	0
4877_sub0	1	9	3	6	3	6	0	0
4881_sub0	0	1	0	1	0	0	0	1
4881_sub1	0	1	1	0	0	0	1	0
4881_sub2	1	14	7	7	7	7	0	0
4883_sub0	0	2	1	1	0	0	1	1
4883_sub1	1	16	10	6	10	6	0	0
4883_sub2	0	1	1	0	0	0	1	0
4883_sub3	0	1	1	0	0	0	1	0
4883_sub4	0	1	0	1	0	0	0	1
4884_sub0	1	6	1	5	1	5	0	0
4884_sub1	0	1	1	0	0	0	1	0
4884_sub2	0	1	1	0	0	0	1	0
4887_sub0	1	15	8	7	8	7	0	0
4887_sub1	0	1	0	1	0	0	0	1
4887_sub2	0	1	0	1	0	0	0	1
4887_sub3	0	1	0	1	0	0	0	1
4889_sub0	0	1	0	1	0	0	0	1
4889_sub1	1	7	6	1	6	1	0	0
4889_sub2	0	1	1	0	0	0	1	0
4889_sub3	0	1	0	1	0	0	0	1
4889_sub4	0	1	0	1	0	0	0	1
4889_sub5	0	1	1	0	0	0	1	0
4893_sub0	1	28	10	18	10	10	0	8
4893_sub1	0	1	0	1	0	0	0	1
4893_sub2	0	1	0	1	0	0	0	1
4894_sub0	0	1	0	1	0	0	0	1
4894_sub1	1	13	5	8	5	8	0	0
4894_sub2	0	1	0	1	0	0	0	1
4898_sub0	1	15	6	9	6	9	0	0
4898_sub1	0	1	0	1	0	0	0	1
4898_sub2	0	1	1	0	0	0	1	0
4902_sub0	0	1	1	0	0	0	1	0
4902_sub1	1	12	5	7	5	7	0	0
4902_sub2	0	1	0	1	0	0	0	1
4902_sub3	0	1	1	0	0	0	1	0
4902_sub4	0	1	1	0	0	0	1	0
4906_sub0	0	1	0	1	0	0	0	1
4906_sub1	1	13	3	10	3	10	0	0
4906_sub2	0	1	0	1	0	0	0	1
4906_sub3	0	1	0	1	0	0	0	1
4906_sub4	0	1	0	1	0	0	0	1
492_sub0	0	1	0	1	0	0	0	1
492_sub1	1	12	6	6	6	6	0	0
492_sub2	0	1	0	1	0	0	0	1
492_sub3	0	1	1	0	0	0	1	0
492_sub4	0	1	1	0	0	0	1	0
492_sub5	0	1	0	1	0	0	0	1
492_sub6	0	1	1	0	0	0	1	0
492_sub7	0	1	0	1	0	0	0	1
4920_sub0	0	1	0	1	0	0	0	1
4920_sub1	1	12	8	4	8	4	0	0
4920_sub2	0	1	1	0	0	0	1	0
4920_sub3	0	1	1	0	0	0	1	0
4920_sub4	0	1	0	1	0	0	0	1
4922_sub0	1	16	9	7	9	7	0	0
4922_sub1	0	1	1	0	0	0	1	0
4922_sub2	0	1	0	1	0	0	0	1
4922_sub3	0	1	1	0	0	0	1	0
4922_sub4	0	1	1	0	0	0	1	0
4922_sub5	0	1	1	0	0	0	1	0
4922_sub6	0	1	0	1	0	0	0	1
4930_sub0	1	8	2	6	2	6	0	0
4933_sub0	1	12	8	4	8	4	0	0
4933_sub1	0	1	1	0	0	0	1	0
4933_sub2	0	1	0	1	0	0	0	1
4933_sub3	0	1	0	1	0	0	0	1
4933_sub4	0	1	0	1	0	0	0	1
4933_sub5	0	1	1	0	0	0	1	0
4933_sub6	0	1	1	0	0	0	1	0
4935_sub0	1	17	12	5	12	5	0	0
4935_sub1	0	1	1	0	0	0	1	0
4935_sub2	0	1	1	0	0	0	1	0
4935_sub3	0	1	0	1	0	0	0	1
4935_sub4	0	1	1	0	0	0	1	0
4935_sub5	0	1	0	1	0	0	0	1
4935_sub6	0	1	0	1	0	0	0	1
4936_sub0	1	15	9	6	9	6	0	0
4936_sub1	0	1	0	1	0	0	0	1
4936_sub2	0	1	0	1	0	0	0	1
4936_sub3	0	1	0	1	0	0	0	1
4936_sub4	0	1	1	0	0	0	1	0
494_sub0	0	1	1	0	0	0	1	0
494_sub1	0	1	0	1	0	0	0	1
494_sub2	0	2	2	0	0	0	2	0
494_sub3	0	1	1	0	0	0	1	0
494_sub4	0	1	0	1	0	0	0	1
4940_sub0	0	1	0	1	0	0	0	1
4940_sub1	0	1	0	1	0	0	0	1
4940_sub2	0	1	0	1	0	0	0	1
4940_sub3	0	1	1	0	0	0	1	0
4940_sub4	0	1	0	1	0	0	0	1
4940_sub5	0	1	0	1	0	0	0	1
4942_sub0	1	16	9	7	9	7	0	0
4947_sub0	0	1	0	1	0	0	0	1
4947_sub1	0	1	1	0	0	0	1	0
4947_sub2	0	1	0	1	0	0	0	1
4947_sub3	0	1	1	0	0	0	1	0
4947_sub4	0	1	1	0	0	0	1	0
4947_sub5	0	1	0	1	0	0	0	1
4949_sub0	1	24	10	14	10	10	0	4
4949_sub1	0	1	0	1	0	0	0	1
4949_sub2	0	1	0	1	0	0	0	1
4949_sub3	0	1	0	1	0	0	0	1
4949_sub4	0	1	0	1	0	0	0	1
4949_sub5	0	1	0	1	0	0	0	1
4950_sub0	0	1	0	1	0	0	0	1
4950_sub1	1	7	4	3	4	3	0	0
4950_sub2	0	1	0	1	0	0	0	1
4950_sub3	0	1	1	0	0	0	1	0
4950_sub4	0	1	1	0	0	0	1	0
4950_sub5	0	1	1	0	0	0	1	0
4950_sub6	0	1	0	1	0	0	0	1
4952_sub0	1	11	4	7	4	7	0	0
4952_sub1	0	1	0	1	0	0	0	1
4952_sub2	0	1	0	1	0	0	0	1
4952_sub3	0	1	1	0	0	0	1	0
4952_sub4	0	1	1	0	0	0	1	0
4957_sub0	0	1	0	1	0	0	0	1
4957_sub1	1	17	8	9	8	9	0	0
4957_sub2	0	1	1	0	0	0	1	0
4957_sub3	0	1	1	0	0	0	1	0
4964_sub0	0	1	1	0	0	0	1	0
4964_sub1	1	9	5	4	5	4	0	0
4964_sub2	0	1	0	1	0	0	0	1
4964_sub3	0	1	0	1	0	0	0	1
4964_sub4	0	1	0	1	0	0	0	1
4964_sub5	0	1	0	1	0	0	0	1
4964_sub6	0	1	0	1	0	0	0	1
4964_sub7	0	1	0	1	0	0	0	1
4964_sub8	0	1	0	1	0	0	0	1
4964_sub9	0	1	0	1	0	0	0	1
4964_sub10	0	1	0	1	0	0	0	1
4968_sub0	1	10	4	6	4	6	0	0
4968_sub1	0	1	1	0	0	0	1	0
4970_sub0	1	23	15	8	12	8	3	0
4970_sub1	0	1	1	0	0	0	1	0
4973_sub0	1	7	3	4	3	4	0	0
4977_sub0	0	1	0	1	0	0	0	1
4977_sub1	0	3	1	2	0	0	1	2
4977_sub2	0	1	1	0	0	0	1	0
4977_sub3	0	1	0	1	0	0	0	1
4982_sub0	1	22	10	12	10	10	0	2
4982_sub1	0	1	0	1	0	0	0	1
4982_sub2	0	1	0	1	0	0	0	1
4982_sub3	0	1	1	0	0	0	1	0
4982_sub4	0	1	0	1	0	0	0	1
4982_sub5	0	1	0	1	0	0	0	1
4982_sub6	0	1	0	1	0	0	0	1
4982_sub7	0	1	1	0	0	0	1	0
4982_sub8	0	1	1	0	0	0	1	0
4982_sub9	0	1	1	0	0	0	1	0
4982_sub10	0	1	1	0	0	0	1	0
4982_sub11	0	1	0	1	0	0	0	1
4985_sub0	1	19	10	9	10	9	0	0
4985_sub1	0	1	1	0	0	0	1	0
4985_sub2	0	1	1	0	0	0	1	0
4986_sub0	0	1	0	1	0	0	0	1
4986_sub1	0	1	0	1	0	0	0	1
4986_sub2	1	6	2	4	2	4	0	0
4986_sub3	0	1	1	0	0	0	1	0
4986_sub4	0	1	0	1	0	0	0	1
4986_sub5	0	1	0	1	0	0	0	1
4986_sub6	0	1	1	0	0	0	1	0
4988_sub0	1	11	6	5	6	5	0	0
4988_sub1	0	1	0	1	0	0	0	1
4988_sub2	0	1	0	1	0	0	0	1
4991_sub0	1	15	8	7	8	7	0	0
4991_sub1	0	1	0	1	0	0	0	1
4991_sub2	0	1	1	0	0	0	1	0
4991_sub3	0	1	0	1	0	0	0	1
4991_sub4	0	1	0	1	0	0	0	1
4991_sub5	0	1	1	0	0	0	1	0
4991_sub6	0	1	0	1	0	0	0	1
4991_sub7	0	1	0	1	0	0	0	1
4991_sub8	0	1	1	0	0	0	1	0
4991_sub9	0	1	0	1	0	0	0	1
4991_sub10	0	1	1	0	0	0	1	0
4991_sub11	0	1	1	0	0	0	1	0
4991_sub12	0	1	0	1	0	0	0	1
4995_sub0	0	1	0	1	0	0	0	1
4995_sub1	1	16	7	9	7	9	0	0
4995_sub2	0	1	0	1	0	0	0	1
5_sub0	0	1	1	0	0	0	1	0
5_sub1	1	15	5	10	5	10	0	0
5_sub2	0	1	0	1	0	0	0	1
5004_sub0	1	9	5	4	5	4	0	0
5004_sub1	0	1	0	1	0	0	0	1
5004_sub2	0	1	0	1	0	0	0	1
5004_sub3	0	1	1	0	0	0	1	0
5004_sub4	0	1	1	0	0	0	1	0
5004_sub5	0	1	0	1	0	0	0	1
5005_sub0	0	1	1	0	0	0	1	0
5005_sub1	1	15	11	4	11	4	0	0
5005_sub2	0	1	0	1	0	0	0	1
5005_sub3	0	1	0	1	0	0	0	1
5012_sub0	0	1	1	0	0	0	1	0
5012_sub1	1	11	5	6	5	6	0	0
5013_sub0	0	1	1	0	0	0	1	0
5013_sub1	1	14	7	7	7	7	0	0
5013_sub2	0	1	1	0	0	0	1	0
5015_sub0	0	2	0	2	0	0	0	2
5015_sub1	0	1	0	1	0	0	0	1
5015_sub2	0	1	0	1	0	0	0	1
5015_sub3	0	1	0	1	0	0	0	1
5015_sub4	0	1	0	1	0	0	0	1
5016_sub0	1	12	4	8	4	8	0	0
5016_sub1	0	1	0	1	0	0	0	1
5021_sub0	0	1	1	0	0	0	1	0
5021_sub1	1	8	4	4	4	4	0	0
5022_sub0	1	8	3	5	3	5	0	0
5022_sub1	0	1	0	1	0	0	0	1
5022_sub2	0	1	0	1	0	0	0	1
503_sub0	0	1	0	1	0	0	0	1
503_sub1	0	1	0	1	0	0	0	1
503_sub2	1	20	12	8	12	8	0	0
503_sub3	0	1	0	1	0	0	0	1
5030_sub0	0	1	0	1	0	0	0	1
5030_sub1	0	1	0	1	0	0	0	1
5030_sub2	1	11	3	8	3	8	0	0
5030_sub3	0	1	1	0	0	0	1	0
5030_sub4	0	1	1	0	0	0	1	0
5030_sub5	0	1	0	1	0	0	0	1
5031_sub0	0	1	0	1	0	0	0	1
5031_sub1	0	1	0	1	0	0	0	1
5031_sub2	0	1	0	1	0	0	0	1
5031_sub3	0	1	0	1	0	0	0	1
5031_sub4	0	1	0	1	0	0	0	1
5031_sub5	0	1	1	0	0	0	1	0
5033_sub0	1	14	8	6	8	6	0	0
5033_sub1	0	1	0	1	0	0	0	1
5033_sub2	0	1	1	0	0	0	1	0
5033_sub3	0	1	1	0	0	0	1	0
5035_sub0	1	24	12	12	10	10	2	2
5035_sub1	0	1	0	1	0	0	0	1
5035_sub2	0	1	0	1	0	0	0	1
5035_sub3	0	1	1	0	0	0	1	0
5035_sub4	0	1	0	1	0	0	0	1
5035_sub5	0	1	1	0	0	0	1	0
5042_sub0	1	11	9	2	9	2	0	0
5051_sub0	0	4	2	2	0	0	2	2
5051_sub1	0	1	0	1	0	0	0	1
5051_sub2	0	1	1	0	0	0	1	0
5054_sub0	0	1	1	0	0	0	1	0
5054_sub1	1	24	7	17	7	13	0	4
5054_sub2	0	1	1	0	0	0	1	0
5062_sub0	1	15	8	7	8	7	0	0
5062_sub1	0	1	0	1	0	0	0	1
5064_sub0	0	1	1	0	0	0	1	0
5064_sub1	0	5	4	1	0	0	4	1
5064_sub2	0	1	0	1	0	0	0	1
5065_sub0	0	1	0	1	0	0	0	1
5065_sub1	0	1	1	0	0	0	1	0
5065_sub2	0	1	1	0	0	0	1	0
5065_sub3	0	1	1	0	0	0	1	0
5065_sub4	0	1	0	1	0	0	0	1
5065_sub5	0	1	1	0	0	0	1	0
5065_sub6	0	1	0	1	0	0	0	1
5065_sub7	0	1	0	1	0	0	0	1
5065_sub8	0	1	1	0	0	0	1	0
507_sub0	0	1	0	1	0	0	0	1
507_sub1	0	1	0	1	0	0	0	1
507_sub2	0	1	1	0	0	0	1	0
507_sub3	1	21	9	12	9	11	0	1
507_sub4	0	1	1	0	0	0	1	0
507_sub5	0	1	0	1	0	0	0	1
507_sub6	0	1	0	1	0	0	0	1
5070_sub0	0	1	0	1	0	0	0	1
5070_sub1	1	23	13	10	10	10	3	0
5070_sub2	0	1	1	0	0	0	1	0
5070_sub3	0	1	1	0	0	0	1	0
5071_sub0	0	1	0	1	0	0	0	1
5071_sub1	0	1	1	0	0	0	1	0
5071_sub2	1	9	4	5	4	5	0	0
5071_sub3	0	1	0	1	0	0	0	1
5071_sub4	0	1	0	1	0	0	0	1
5075_sub0	0	1	0	1	0	0	0	1
5075_sub1	1	6	5	1	5	1	0	0
5075_sub2	0	1	1	0	0	0	1	0
5075_sub3	0	1	1	0	0	0	1	0
5075_sub4	0	1	1	0	0	0	1	0
5075_sub5	0	1	0	1	0	0	0	1
5077_sub0	0	1	1	0	0	0	1	0
5077_sub1	0	1	1	0	0	0	1	0
5077_sub2	0	1	1	0	0	0	1	0
5077_sub3	0	1	1	0	0	0	1	0
5077_sub4	0	1	0	1	0	0	0	1
5077_sub5	0	1	1	0	0	0	1	0
5078_sub0	0	5	0	5	0	0	0	5
5078_sub1	0	1	0	1	0	0	0	1
5078_sub2	0	1	0	1	0	0	0	1
5078_sub3	0	1	0	1	0	0	0	1
5078_sub4	0	1	0	1	0	0	0	1
5078_sub5	0	1	0	1	0	0	0	1
5078_sub6	0	5	5	0	0	0	5	0
5082_sub0	0	1	0	1	0	0	0	1
5082_sub1	0	1	0	1	0	0	0	1
5082_sub2	0	1	0	1	0	0	0	1
5082_sub3	0	1	0	1	0	0	0	1
5082_sub4	0	1	0	1	0	0	0	1
5082_sub5	0	1	0	1	0	0	0	1
5082_sub6	0	1	1	0	0	0	1	0
5082_sub7	0	1	0	1	0	0	0	1
5086_sub0	0	1	0	1	0	0	0	1
5086_sub1	0	1	1	0	0	0	1	0
5086_sub2	0	1	1	0	0	0	1	0
5086_sub3	0	1	1	0	0	0	1	0
5086_sub4	0	1	1	0	0	0	1	0
5086_sub5	0	1	0	1	0	0	0	1
5086_sub6	0	1	0	1	0	0	0	1
5086_sub7	0	1	0	1	0	0	0	1
5086_sub8	0	1	1	0	0	0	1	0
5086_sub9	0	1	0	1	0	0	0	1
5086_sub10	0	1	0	1	0	0	0	1
5092_sub0	1	12	5	7	5	7	0	0
5092_sub1	0	1	0	1	0	0	0	1
5092_sub2	0	1	1	0	0	0	1	0
5092_sub3	0	2	1	1	0	0	1	1
5093_sub0	0	1	0	1	0	0	0	1
5093_sub1	0	1	0	1	0	0	0	1
5093_sub2	0	1	1	0	0	0	1	0
5093_sub3	0	1	1	0	0	0	1	0
5093_sub4	0	1	0	1	0	0	0	1
5093_sub5	0	1	0	1	0	0	0	1
5094_sub0	0	1	0	1	0	0	0	1
5094_sub1	0	1	0	1	0	0	0	1
5094_sub2	0	1	1	0	0	0	1	0
5094_sub3	0	1	1	0	0	0	1	0
5094_sub4	0	1	0	1	0	0	0	1
5094_sub5	0	1	0	1	0	0	0	1
5094_sub6	0	1	0	1	0	0	0	1
5097_sub0	1	17	11	6	11	6	0	0
5097_sub1	0	1	0	1	0	0	0	1
5097_sub2	0	1	1	0	0	0	1	0
5097_sub3	0	1	0	1	0	0	0	1
5102_sub0	1	17	11	6	11	6	0	0
5102_sub1	0	1	1	0	0	0	1	0
5102_sub2	0	1	0	1	0	0	0	1
5106_sub0	1	8	3	5	3	5	0	0
5106_sub1	0	1	0	1	0	0	0	1
5107_sub0	0	1	0	1	0	0	0	1
5107_sub1	1	11	7	4	7	4	0	0
5107_sub2	0	1	0	1	0	0	0	1
5108_sub0	1	13	4	9	4	9	0	0
5108_sub1	0	1	1	0	0	0	1	0
5108_sub2	0	1	1	0	0	0	1	0
5108_sub3	0	1	0	1	0	0	0	1
5109_sub0	0	1	0	1	0	0	0	1
5109_sub1	0	1	1	0	0	0	1	0
5109_sub2	0	1	0	1	0	0	0	1
5109_sub3	0	1	1	0	0	0	1	0
5109_sub4	0	1	0	1	0	0	0	1
5109_sub5	0	1	1	0	0	0	1	0
5109_sub6	0	1	1	0	0	0	1	0
5112_sub0	0	1	1	0	0	0	1	0
5112_sub1	0	1	0	1	0	0	0	1
5112_sub2	0	1	0	1	0	0	0	1
5112_sub3	0	1	0	1	0	0	0	1
5112_sub4	0	1	0	1	0	0	0	1
5112_sub5	0	1	1	0	0	0	1	0
5115_sub0	1	17	4	13	4	13	0	0
5115_sub1	0	1	1	0	0	0	1	0
5115_sub2	0	1	0	1	0	0	0	1
5115_sub3	0	1	0	1	0	0	0	1
5115_sub4	0	1	0	1	0	0	0	1
5120_sub0	0	1	0	1	0	0	0	1
5120_sub1	0	1	1	0	0	0	1	0
5120_sub2	0	1	0	1	0	0	0	1
5120_sub3	0	1	1	0	0	0	1	0
5120_sub4	0	1	0	1	0	0	0	1
5120_sub5	0	1	0	1	0	0	0	1
5128_sub0	0	1	0	1	0	0	0	1
5128_sub1	1	9	3	6	3	6	0	0
5128_sub2	0	1	0	1	0	0	0	1
5128_sub3	0	1	1	0	0	0	1	0
5128_sub4	0	1	0	1	0	0	0	1
5128_sub5	0	1	1	0	0	0	1	0
5130_sub0	0	1	0	1	0	0	0	1
5130_sub1	0	3	3	0	0	0	3	0
5130_sub2	0	1	1	0	0	0	1	0
5130_sub3	0	1	1	0	0	0	1	0
5130_sub4	0	1	1	0	0	0	1	0
5131_sub0	1	21	11	10	10	10	1	0
5131_sub1	0	1	1	0	0	0	1	0
5138_sub0	0	1	0	1	0	0	0	1
5138_sub1	1	20	11	9	11	9	0	0
5138_sub2	0	1	0	1	0	0	0	1
5138_sub3	0	1	1	0	0	0	1	0
514_sub0	0	1	0	1	0	0	0	1
514_sub1	1	13	6	7	6	7	0	0
514_sub2	0	1	0	1	0	0	0	1
5156_sub0	1	8	5	3	5	3	0	0
5156_sub1	0	1	0	1	0	0	0	1
5156_sub2	0	1	1	0	0	0	1	0
5156_sub3	0	1	1	0	0	0	1	0
5156_sub4	0	1	0	1	0	0	0	1
5157_sub0	0	1	1	0	0	0	1	0
5157_sub1	1	9	8	1	8	1	0	0
5157_sub2	0	1	0	1	0	0	0	1
5157_sub3	0	1	1	0	0	0	1	0
5157_sub4	0	1	1	0	0	0	1	0
5177_sub0	0	1	1	0	0	0	1	0
5177_sub1	0	1	0	1	0	0	0	1
5177_sub2	0	4	3	1	0	0	3	1
5177_sub3	0	1	0	1	0	0	0	1
5177_sub4	0	1	0	1	0	0	0	1
5178_sub0	1	12	6	6	6	6	0	0
5178_sub1	0	1	1	0	0	0	1	0
5178_sub2	0	1	0	1	0	0	0	1
5178_sub3	0	1	0	1	0	0	0	1
5178_sub4	0	1	0	1	0	0	0	1
5179_sub0	1	7	5	2	5	2	0	0
5187_sub0	0	1	0	1	0	0	0	1
5187_sub1	1	9	5	4	5	4	0	0
5187_sub2	0	1	0	1	0	0	0	1
52_sub0	0	1	0	1	0	0	0	1
52_sub1	1	17	5	12	5	12	0	0
52_sub2	0	1	1	0	0	0	1	0
52_sub3	0	1	0	1	0	0	0	1
52_sub4	0	1	0	1	0	0	0	1
52_sub5	0	1	0	1	0	0	0	1
52_sub6	0	1	1	0	0	0	1	0
52_sub7	0	1	0	1	0	0	0	1
52_sub8	0	1	0	1	0	0	0	1
5201_sub0	1	12	4	8	4	8	0	0
5201_sub1	0	1	1	0	0	0	1	0
5204_sub0	0	1	0	1	0	0	0	1
5204_sub1	0	1	0	1	0	0	0	1
5204_sub2	0	1	0	1	0	0	0	1
5204_sub3	0	1	0	1	0	0	0	1
5204_sub4	0	1	0	1	0	0	0	1
5204_sub5	0	1	1	0	0	0	1	0
5206_sub0	0	1	0	1	0	0	0	1
5206_sub1	0	1	1	0	0	0	1	0
5206_sub2	0	1	1	0	0	0	1	0
5206_sub3	0	1	0	1	0	0	0	1
5206_sub4	0	1	0	1	0	0	0	1
5206_sub5	0	1	1	0	0	0	1	0
5207_sub0	1	6	3	3	3	3	0	0
5207_sub1	0	1	0	1	0	0	0	1
5214_sub0	0	1	0	1	0	0	0	1
5214_sub1	1	11	6	5	6	5	0	0
5214_sub2	0	1	1	0	0	0	1	0
5215_sub0	0	1	0	1	0	0	0	1
5215_sub1	1	11	5	6	5	6	0	0
5215_sub2	0	1	0	1	0	0	0	1
5215_sub3	0	1	1	0	0	0	1	0
5215_sub4	0	2	0	2	0	0	0	2
5219_sub0	1	8	6	2	6	2	0	0
5219_sub1	0	1	1	0	0	0	1	0
5219_sub2	0	1	1	0	0	0	1	0
5225_sub0	1	9	3	6	3	6	0	0
5225_sub1	0	1	0	1	0	0	0	1
5232_sub0	0	1	0	1	0	0	0	1
5232_sub1	1	12	4	8	4	8	0	0
5232_sub2	0	1	1	0	0	0	1	0
5232_sub3	0	1	1	0	0	0	1	0
5232_sub4	0	1	0	1	0	0	0	1
5232_sub5	0	1	0	1	0	0	0	1
5233_sub0	1	7	1	6	1	6	0	0
5233_sub1	0	1	0	1	0	0	0	1
5252_sub0	0	1	0	1	0	0	0	1
5252_sub1	0	2	1	1	0	0	1	1
5252_sub2	0	1	1	0	0	0	1	0
5252_sub3	0	1	1	0	0	0	1	0
5252_sub4	0	1	1	0	0	0	1	0
5259_sub0	0	1	1	0	0	0	1	0
5259_sub1	0	1	1	0	0	0	1	0
5259_sub2	0	1	0	1	0	0	0	1
5259_sub3	0	1	0	1	0	0	0	1
5259_sub4	0	1	0	1	0	0	0	1
5259_sub5	0	1	1	0	0	0	1	0
5262_sub0	0	1	0	1	0	0	0	1
5262_sub1	0	1	0	1	0	0	0	1
5262_sub2	0	1	1	0	0	0	1	0
5262_sub3	0	1	1	0	0	0	1	0
5262_sub4	0	1	0	1	0	0	0	1
5262_sub5	0	1	0	1	0	0	0	1
5262_sub6	0	1	0	1	0	0	0	1
5262_sub7	0	1	1	0	0	0	1	0
5266_sub0	0	1	1	0	0	0	1	0
5266_sub1	1	13	7	6	7	6	0	0
5266_sub2	0	1	1	0	0	0	1	0
5266_sub3	0	1	0	1	0	0	0	1
5266_sub4	0	1	0	1	0	0	0	1
5266_sub5	0	1	0	1	0	0	0	1
5269_sub0	0	1	1	0	0	0	1	0
5269_sub1	0	1	1	0	0	0	1	0
5269_sub2	1	7	4	3	4	3	0	0
5269_sub3	0	1	0	1	0	0	0	1
5270_sub0	1	11	7	4	7	4	0	0
5270_sub1	0	1	0	1	0	0	0	1
5270_sub2	0	1	0	1	0	0	0	1
5270_sub3	0	1	1	0	0	0	1	0
5270_sub4	0	1	1	0	0	0	1	0
5270_sub5	0	1	1	0	0	0	1	0
5272_sub0	1	13	6	7	6	7	0	0
5272_sub1	0	1	1	0	0	0	1	0
5277_sub0	1	11	6	5	6	5	0	0
5277_sub1	0	1	0	1	0	0	0	1
5277_sub2	0	1	0	1	0	0	0	1
5277_sub3	0	1	1	0	0	0	1	0
5278_sub0	1	14	8	6	8	6	0	0
5278_sub1	0	1	0	1	0	0	0	1
5278_sub2	0	1	0	1	0	0	0	1
5278_sub3	0	1	0	1	0	0	0	1
5278_sub4	0	1	0	1	0	0	0	1
528_sub0	0	1	1	0	0	0	1	0
528_sub1	0	1	1	0	0	0	1	0
528_sub2	0	1	0	1	0	0	0	1
528_sub3	1	16	9	7	9	7	0	0
528_sub4	0	1	1	0	0	0	1	0
528_sub5	0	1	0	1	0	0	0	1
528_sub6	0	1	1	0	0	0	1	0
528_sub7	0	1	0	1	0	0	0	1
5282_sub0	0	1	0	1	0	0	0	1
5282_sub1	0	5	5	0	0	0	5	0
5282_sub2	0	1	1	0	0	0	1	0
5282_sub3	0	1	0	1	0	0	0	1
5282_sub4	0	1	0	1	0	0	0	1
5282_sub5	0	1	0	1	0	0	0	1
5282_sub6	0	1	1	0	0	0	1	0
5284_sub0	1	11	6	5	6	5	0	0
5284_sub1	0	1	1	0	0	0	1	0
5284_sub2	0	1	1	0	0	0	1	0
5284_sub3	0	1	0	1	0	0	0	1
5284_sub4	0	1	0	1	0	0	0	1
5289_sub0	0	1	0	1	0	0	0	1
5289_sub1	0	1	1	0	0	0	1	0
5289_sub2	0	1	1	0	0	0	1	0
5289_sub3	0	1	1	0	0	0	1	0
5289_sub4	0	1	1	0	0	0	1	0
5289_sub5	0	1	0	1	0	0	0	1
5291_sub0	1	18	12	6	12	6	0	0
5291_sub1	0	1	1	0	0	0	1	0
5291_sub2	0	1	0	1	0	0	0	1
5291_sub3	0	1	1	0	0	0	1	0
5291_sub4	0	1	1	0	0	0	1	0
5293_sub0	0	1	0	1	0	0	0	1
5293_sub1	1	19	7	12	7	12	0	0
5293_sub2	0	1	0	1	0	0	0	1
5293_sub3	0	1	0	1	0	0	0	1
5293_sub4	0	1	0	1	0	0	0	1
5295_sub0	1	14	7	7	7	7	0	0
5295_sub1	0	1	1	0	0	0	1	0
5295_sub2	0	1	1	0	0	0	1	0
5295_sub3	0	1	1	0	0	0	1	0
5296_sub0	1	7	3	4	3	4	0	0
5296_sub1	0	1	1	0	0	0	1	0
5296_sub2	0	1	0	1	0	0	0	1
5296_sub3	0	1	0	1	0	0	0	1
5297_sub0	1	10	5	5	5	5	0	0
5297_sub1	0	1	1	0	0	0	1	0
5297_sub2	0	1	1	0	0	0	1	0
531_sub0	0	1	1	0	0	0	1	0
531_sub1	0	1	0	1	0	0	0	1
531_sub2	1	12	4	8	4	8	0	0
531_sub3	0	1	0	1	0	0	0	1
531_sub4	0	1	0	1	0	0	0	1
5310_sub0	0	1	0	1	0	0	0	1
5310_sub1	0	1	0	1	0	0	0	1
5310_sub2	0	1	0	1	0	0	0	1
5310_sub3	0	1	1	0	0	0	1	0
5310_sub4	0	1	0	1	0	0	0	1
5310_sub5	0	1	1	0	0	0	1	0
5319_sub0	0	1	0	1	0	0	0	1
5319_sub1	1	12	9	3	9	3	0	0
5319_sub2	0	1	1	0	0	0	1	0
5319_sub3	0	1	0	1	0	0	0	1
5326_sub0	0	1	1	0	0	0	1	0
5326_sub1	0	1	1	0	0	0	1	0
5326_sub2	1	19	11	8	11	8	0	0
5326_sub3	0	1	0	1	0	0	0	1
5326_sub4	0	1	1	0	0	0	1	0
5326_sub5	0	1	0	1	0	0	0	1
5328_sub0	0	1	1	0	0	0	1	0
5328_sub1	1	11	6	5	6	5	0	0
533_sub0	0	1	1	0	0	0	1	0
533_sub1	1	8	5	3	5	3	0	0
533_sub2	0	1	1	0	0	0	1	0
533_sub3	0	1	0	1	0	0	0	1
533_sub4	0	1	0	1	0	0	0	1
5331_sub0	0	1	0	1	0	0	0	1
5331_sub1	0	1	0	1	0	0	0	1
5331_sub2	0	1	0	1	0	0	0	1
5331_sub3	0	1	1	0	0	0	1	0
5331_sub4	0	1	0	1	0	0	0	1
5331_sub5	0	1	0	1	0	0	0	1
5336_sub0	0	1	0	1	0	0	0	1
5336_sub1	0	1	0	1	0	0	0	1
5336_sub2	0	1	1	0	0	0	1	0
5336_sub3	0	1	1	0	0	0	1	0
5336_sub4	0	1	1	0	0	0	1	0
5336_sub5	0	1	0	1	0	0	0	1
5339_sub0	1	10	7	3	7	3	0	0
5339_sub1	0	1	0	1	0	0	0	1
5339_sub2	0	1	1	0	0	0	1	0
5339_sub3	0	1	0	1	0	0	0	1
534_sub0	0	1	0	1	0	0	0	1
534_sub1	1	9	4	5	4	5	0	0
534_sub2	0	1	0	1	0	0	0	1
5341_sub0	0	5	2	3	0	0	2	3
5341_sub1	0	1	0	1	0	0	0	1
5341_sub2	0	1	0	1	0	0	0	1
5342_sub0	0	1	0	1	0	0	0	1
5342_sub1	0	1	0	1	0	0	0	1
5342_sub2	0	1	1	0	0	0	1	0
5342_sub3	0	1	0	1	0	0	0	1
5342_sub4	0	1	0	1	0	0	0	1
5342_sub5	0	2	1	1	0	0	1	1
5343_sub0	0	1	1	0	0	0	1	0
5343_sub1	0	1	0	1	0	0	0	1
5343_sub2	0	1	1	0	0	0	1	0
5343_sub3	0	1	1	0	0	0	1	0
5343_sub4	0	1	0	1	0	0	0	1
5343_sub5	0	1	1	0	0	0	1	0
5343_sub6	0	1	1	0	0	0	1	0
5345_sub0	1	7	4	3	4	3	0	0
5345_sub1	0	1	0	1	0	0	0	1
5345_sub2	0	1	1	0	0	0	1	0
5346_sub0	1	17	11	6	11	6	0	0
5346_sub1	0	1	0	1	0	0	0	1
5346_sub2	0	1	0	1	0	0	0	1
5357_sub0	0	1	1	0	0	0	1	0
5357_sub1	0	1	0	1	0	0	0	1
5357_sub2	0	1	0	1	0	0	0	1
5357_sub3	0	1	0	1	0	0	0	1
5357_sub4	0	1	1	0	0	0	1	0
5357_sub5	0	1	0	1	0	0	0	1
5357_sub6	0	1	0	1	0	0	0	1
5358_sub0	1	23	13	10	10	10	3	0
5358_sub1	0	1	1	0	0	0	1	0
5358_sub2	0	1	0	1	0	0	0	1
5358_sub3	0	1	1	0	0	0	1	0
5358_sub4	0	1	1	0	0	0	1	0
5358_sub5	0	1	1	0	0	0	1	0
5361_sub0	0	1	0	1	0	0	0	1
5361_sub1	1	13	4	9	4	9	0	0
5361_sub2	0	1	0	1	0	0	0	1
5361_sub3	0	1	0	1	0	0	0	1
5363_sub0	0	1	0	1	0	0	0	1
5363_sub1	1	12	6	6	6	6	0	0
5365_sub0	1	6	4	2	4	2	0	0
5365_sub1	0	1	0	1	0	0	0	1
5365_sub2	0	1	0	1	0	0	0	1
5373_sub0	1	8	2	6	2	6	0	0
5373_sub1	0	1	1	0	0	0	1	0
5373_sub2	0	1	1	0	0	0	1	0
5375_sub0	1	7	4	3	4	3	0	0
5375_sub1	0	1	0	1	0	0	0	1
5375_sub2	0	1	1	0	0	0	1	0
5375_sub3	0	1	0	1	0	0	0	1
5379_sub0	1	13	5	8	5	8	0	0
5379_sub1	0	1	0	1	0	0	0	1
5379_sub2	0	1	1	0	0	0	1	0
5382_sub0	0	1	1	0	0	0	1	0
5382_sub1	1	10	4	6	4	6	0	0
5383_sub0	0	1	0	1	0	0	0	1
5383_sub1	1	7	5	2	5	2	0	0
5383_sub2	0	1	0	1	0	0	0	1
5383_sub3	0	1	0	1	0	0	0	1
5386_sub0	0	1	0	1	0	0	0	1
5386_sub1	1	14	2	12	2	12	0	0
5386_sub2	0	1	1	0	0	0	1	0
5387_sub0	0	1	0	1	0	0	0	1
5387_sub1	1	10	5	5	5	5	0	0
5387_sub2	0	1	0	1	0	0	0	1
5387_sub3	0	1	0	1	0	0	0	1
5387_sub4	0	1	1	0	0	0	1	0
5387_sub5	0	1	1	0	0	0	1	0
5388_sub0	0	1	0	1	0	0	0	1
5388_sub1	1	22	9	13	9	11	0	2
5388_sub2	0	1	1	0	0	0	1	0
5388_sub3	0	1	0	1	0	0	0	1
5388_sub4	0	1	1	0	0	0	1	0
5389_sub0	1	19	9	10	9	10	0	0
5389_sub1	0	1	1	0	0	0	1	0
5389_sub2	0	1	1	0	0	0	1	0
5389_sub3	0	1	1	0	0	0	1	0
5393_sub0	0	1	0	1	0	0	0	1
5393_sub1	1	19	8	11	8	11	0	0
5393_sub2	0	1	0	1	0	0	0	1
5393_sub3	0	1	1	0	0	0	1	0
5393_sub4	0	1	0	1	0	0	0	1
54_sub0	0	1	0	1	0	0	0	1
54_sub1	1	10	3	7	3	7	0	0
54_sub2	0	1	1	0	0	0	1	0
540_sub0	0	1	0	1	0	0	0	1
540_sub1	1	19	8	11	8	11	0	0
5409_sub0	0	1	0	1	0	0	0	1
5409_sub1	0	5	3	2	0	0	3	2
5412_sub0	0	5	2	3	0	0	2	3
5412_sub1	0	1	0	1	0	0	0	1
5418_sub0	1	16	8	8	8	8	0	0
5418_sub1	0	1	0	1	0	0	0	1
5418_sub2	0	1	0	1	0	0	0	1
5418_sub3	0	1	1	0	0	0	1	0
542_sub0	0	1	0	1	0	0	0	1
542_sub1	1	19	9	10	9	10	0	0
542_sub2	0	1	0	1	0	0	0	1
542_sub3	0	1	1	0	0	0	1	0
543_sub0	0	1	0	1	0	0	0	1
543_sub1	0	1	0	1	0	0	0	1
543_sub2	0	5	5	0	0	0	5	0
543_sub3	0	1	0	1	0	0	0	1
543_sub4	0	1	1	0	0	0	1	0
5434_sub0	1	12	4	8	4	8	0	0
5434_sub1	0	1	1	0	0	0	1	0
5434_sub2	0	1	0	1	0	0	0	1
5434_sub3	0	1	0	1	0	0	0	1
5434_sub4	0	1	1	0	0	0	1	0
5434_sub5	0	1	1	0	0	0	1	0
5434_sub6	0	1	0	1	0	0	0	1
5438_sub0	0	1	0	1	0	0	0	1
5438_sub1	1	7	5	2	5	2	0	0
5438_sub2	0	1	0	1	0	0	0	1
5441_sub0	1	18	7	11	7	11	0	0
5448_sub0	0	1	0	1	0	0	0	1
5448_sub1	0	1	0	1	0	0	0	1
5448_sub2	0	1	1	0	0	0	1	0
5448_sub3	0	1	0	1	0	0	0	1
5448_sub4	0	1	1	0	0	0	1	0
5448_sub5	0	1	1	0	0	0	1	0
5448_sub6	0	1	1	0	0	0	1	0
5448_sub7	0	1	0	1	0	0	0	1
5449_sub0	0	1	0	1	0	0	0	1
5449_sub1	1	14	6	8	6	8	0	0
5449_sub2	0	1	1	0	0	0	1	0
545_sub0	0	1	1	0	0	0	1	0
545_sub1	0	1	1	0	0	0	1	0
545_sub2	1	11	4	7	4	7	0	0
545_sub3	0	1	0	1	0	0	0	1
5453_sub0	0	1	1	0	0	0	1	0
5453_sub1	1	12	8	4	8	4	0	0
5453_sub2	0	1	1	0	0	0	1	0
5453_sub3	0	1	1	0	0	0	1	0
5455_sub0	0	1	1	0	0	0	1	0
5455_sub1	0	1	0	1	0	0	0	1
5455_sub2	0	1	1	0	0	0	1	0
5455_sub3	1	11	4	7	4	7	0	0
5455_sub4	0	1	0	1	0	0	0	1
5455_sub5	0	1	1	0	0	0	1	0
5456_sub0	0	1	0	1	0	0	0	1
5456_sub1	0	1	1	0	0	0	1	0
5456_sub2	0	1	1	0	0	0	1	0
5456_sub3	0	1	1	0	0	0	1	0
5456_sub4	0	1	1	0	0	0	1	0
5456_sub5	0	1	1	0	0	0	1	0
5459_sub0	0	1	0	1	0	0	0	1
5459_sub1	1	6	5	1	5	1	0	0
5461_sub0	0	1	0	1	0	0	0	1
5461_sub1	1	7	3	4	3	4	0	0
5462_sub0	1	10	7	3	7	3	0	0
5462_sub1	0	1	1	0	0	0	1	0
5462_sub2	0	1	1	0	0	0	1	0
5464_sub0	1	9	5	4	5	4	0	0
5464_sub1	0	1	0	1	0	0	0	1
5464_sub2	0	1	0	1	0	0	0	1
5464_sub3	0	1	1	0	0	0	1	0
5468_sub0	0	1	1	0	0	0	1	0
5468_sub1	1	11	5	6	5	6	0	0
5468_sub2	0	1	0	1	0	0	0	1
5468_sub3	0	1	0	1	0	0	0	1
5468_sub4	0	1	1	0	0	0	1	0
5472_sub0	1	8	4	4	4	4	0	0
5472_sub1	0	1	1	0	0	0	1	0
5472_sub2	0	1	0	1	0	0	0	1
5472_sub3	0	1	0	1	0	0	0	1
5474_sub0	0	1	0	1	0	0	0	1
5474_sub1	0	1	0	1	0	0	0	1
5474_sub2	1	18	4	14	4	14	0	0
5474_sub3	0	1	1	0	0	0	1	0
5474_sub4	0	1	1	0	0	0	1	0
5480_sub0	0	1	0	1	0	0	0	1
5480_sub1	0	1	1	0	0	0	1	0
5480_sub2	0	1	0	1	0	0	0	1
5480_sub3	0	1	1	0	0	0	1	0
5480_sub4	0	1	1	0	0	0	1	0
5480_sub5	0	1	1	0	0	0	1	0
5484_sub0	0	1	0	1	0	0	0	1
5484_sub1	0	1	1	0	0	0	1	0
5484_sub2	0	1	1	0	0	0	1	0
5484_sub3	1	14	7	7	7	7	0	0
5484_sub4	0	1	0	1	0	0	0	1
5485_sub0	1	8	5	3	5	3	0	0
5485_sub1	0	1	0	1	0	0	0	1
5485_sub2	0	1	0	1	0	0	0	1
5489_sub0	0	1	0	1	0	0	0	1
5489_sub1	0	1	1	0	0	0	1	0
5489_sub2	0	1	1	0	0	0	1	0
5489_sub3	0	1	0	1	0	0	0	1
5489_sub4	0	1	0	1	0	0	0	1
5489_sub5	0	1	0	1	0	0	0	1
549_sub0	0	1	1	0	0	0	1	0
549_sub1	1	15	5	10	5	10	0	0
5495_sub0	1	14	7	7	7	7	0	0
5495_sub1	0	1	0	1	0	0	0	1
5495_sub2	0	1	1	0	0	0	1	0
5495_sub3	0	1	1	0	0	0	1	0
5502_sub0	0	1	0	1	0	0	0	1
5502_sub1	0	1	1	0	0	0	1	0
5502_sub2	0	1	1	0	0	0	1	0
5502_sub3	0	1	0	1	0	0	0	1
5502_sub4	0	1	1	0	0	0	1	0
5502_sub5	0	1	1	0	0	0	1	0
5504_sub0	0	1	0	1	0	0	0	1
5504_sub1	1	8	4	4	4	4	0	0
5504_sub2	0	1	0	1	0	0	0	1
5504_sub3	0	1	1	0	0	0	1	0
551_sub0	0	1	0	1	0	0	0	1
551_sub1	0	1	1	0	0	0	1	0
551_sub2	1	8	2	6	2	6	0	0
5510_sub0	0	1	1	0	0	0	1	0
5510_sub1	1	11	5	6	5	6	0	0
5513_sub0	0	1	1	0	0	0	1	0
5513_sub1	1	11	5	6	5	6	0	0
5513_sub2	0	1	1	0	0	0	1	0
5515_sub0	1	16	8	8	8	8	0	0
5515_sub1	0	1	0	1	0	0	0	1
5515_sub2	0	1	1	0	0	0	1	0
5515_sub3	0	1	0	1	0	0	0	1
5515_sub4	0	1	0	1	0	0	0	1
5519_sub0	0	1	0	1	0	0	0	1
5519_sub1	1	11	5	6	5	6	0	0
5519_sub2	0	1	0	1	0	0	0	1
5519_sub3	0	1	1	0	0	0	1	0
5519_sub4	0	1	1	0	0	0	1	0
5529_sub0	1	10	4	6	4	6	0	0
5529_sub1	0	1	0	1	0	0	0	1
5529_sub2	0	1	0	1	0	0	0	1
5529_sub3	0	1	1	0	0	0	1	0
5529_sub4	0	1	1	0	0	0	1	0
553_sub0	0	1	1	0	0	0	1	0
553_sub1	0	1	0	1	0	0	0	1
553_sub2	1	15	7	8	7	8	0	0
553_sub3	0	1	0	1	0	0	0	1
5532_sub0	1	25	10	15	10	10	0	5
5532_sub1	0	1	0	1	0	0	0	1
5532_sub2	0	1	1	0	0	0	1	0
5532_sub3	0	1	0	1	0	0	0	1
5532_sub4	0	1	1	0	0	0	1	0
5532_sub5	0	1	1	0	0	0	1	0
5532_sub6	0	1	0	1	0	0	0	1
5532_sub7	0	1	0	1	0	0	0	1
5532_sub8	0	1	0	1	0	0	0	1
5532_sub9	0	1	0	1	0	0	0	1
5533_sub0	0	1	0	1	0	0	0	1
5533_sub1	0	2	2	0	0	0	2	0
5533_sub2	0	1	0	1	0	0	0	1
5533_sub3	0	1	0	1	0	0	0	1
5533_sub4	0	1	0	1	0	0	0	1
5540_sub0	1	11	7	4	7	4	0	0
5540_sub1	0	1	0	1	0	0	0	1
5540_sub2	0	1	1	0	0	0	1	0
5540_sub3	0	1	1	0	0	0	1	0
5540_sub4	0	1	1	0	0	0	1	0
5558_sub0	1	6	1	5	1	5	0	0
5558_sub1	0	1	1	0	0	0	1	0
556_sub0	0	1	0	1	0	0	0	1
556_sub1	0	1	0	1	0	0	0	1
556_sub2	1	7	1	6	1	6	0	0
556_sub3	0	1	1	0	0	0	1	0
556_sub4	0	1	1	0	0	0	1	0
556_sub5	0	1	0	1	0	0	0	1
556_sub6	0	1	1	0	0	0	1	0
556_sub7	0	1	0	1	0	0	0	1
556_sub8	0	1	0	1	0	0	0	1
5567_sub0	0	1	0	1	0	0	0	1
5567_sub1	0	3	1	2	0	0	1	2
5567_sub2	0	1	1	0	0	0	1	0
5567_sub3	0	1	1	0	0	0	1	0
5567_sub4	0	1	1	0	0	0	1	0
5567_sub5	0	1	1	0	0	0	1	0
5571_sub0	0	1	0	1	0	0	0	1
5571_sub1	0	1	0	1	0	0	0	1
5571_sub2	1	10	5	5	5	5	0	0
5571_sub3	0	1	1	0	0	0	1	0
5574_sub0	0	1	0	1	0	0	0	1
5574_sub1	0	1	0	1	0	0	0	1
5574_sub2	0	1	1	0	0	0	1	0
5574_sub3	0	1	1	0	0	0	1	0
5574_sub4	0	1	1	0	0	0	1	0
5574_sub5	0	1	1	0	0	0	1	0
5577_sub0	1	17	6	11	6	11	0	0
5577_sub1	0	2	1	1	0	0	1	1
5577_sub2	0	1	1	0	0	0	1	0
5577_sub3	0	1	0	1	0	0	0	1
5577_sub4	0	1	0	1	0	0	0	1
5577_sub5	0	1	0	1	0	0	0	1
5577_sub6	0	1	1	0	0	0	1	0
5577_sub7	0	1	0	1	0	0	0	1
5577_sub8	0	1	0	1	0	0	0	1
558_sub0	0	1	0	1	0	0	0	1
558_sub1	0	1	0	1	0	0	0	1
558_sub2	0	1	0	1	0	0	0	1
558_sub3	1	11	8	3	8	3	0	0
558_sub4	0	1	1	0	0	0	1	0
558_sub5	0	1	0	1	0	0	0	1
558_sub6	0	1	1	0	0	0	1	0
558_sub7	0	1	1	0	0	0	1	0
5580_sub0	0	1	0	1	0	0	0	1
5580_sub1	0	1	1	0	0	0	1	0
5580_sub2	0	1	1	0	0	0	1	0
5580_sub3	0	1	1	0	0	0	1	0
5580_sub4	0	1	1	0	0	0	1	0
5580_sub5	0	1	0	1	0	0	0	1
559_sub0	0	1	0	1	0	0	0	1
559_sub1	1	10	7	3	7	3	0	0
559_sub2	0	1	0	1	0	0	0	1
559_sub3	0	1	1	0	0	0	1	0
559_sub4	0	1	0	1	0	0	0	1
559_sub5	0	1	0	1	0	0	0	1
5590_sub0	0	1	0	1	0	0	0	1
5590_sub1	1	19	10	9	10	9	0	0
5590_sub2	0	1	0	1	0	0	0	1
5592_sub0	1	21	11	10	10	10	1	0
5592_sub1	0	1	0	1	0	0	0	1
5592_sub2	0	1	1	0	0	0	1	0
5597_sub0	0	1	1	0	0	0	1	0
5597_sub1	1	11	4	7	4	7	0	0
5605_sub0	1	13	8	5	8	5	0	0
5605_sub1	0	1	1	0	0	0	1	0
5606_sub0	1	11	2	9	2	9	0	0
5606_sub1	0	1	0	1	0	0	0	1
5618_sub0	1	11	4	7	4	7	0	0
5618_sub1	0	1	0	1	0	0	0	1
5618_sub2	0	1	0	1	0	0	0	1
562_sub0	0	1	1	0	0	0	1	0
562_sub1	0	1	1	0	0	0	1	0
562_sub2	1	11	4	7	4	7	0	0
5631_sub0	1	13	7	6	7	6	0	0
5631_sub1	0	1	0	1	0	0	0	1
5631_sub2	0	1	1	0	0	0	1	0
5631_sub3	0	1	1	0	0	0	1	0
5631_sub4	0	1	0	1	0	0	0	1
5641_sub0	0	1	0	1	0	0	0	1
5641_sub1	0	1	0	1	0	0	0	1
5641_sub2	0	1	1	0	0	0	1	0
5641_sub3	1	13	8	5	8	5	0	0
5641_sub4	0	1	0	1	0	0	0	1
5641_sub5	0	1	0	1	0	0	0	1
5641_sub6	0	1	1	0	0	0	1	0
5641_sub7	0	1	1	0	0	0	1	0
5645_sub0	1	7	2	5	2	5	0	0
5645_sub1	0	1	0	1	0	0	0	1
5652_sub0	0	1	1	0	0	0	1	0
5652_sub1	1	6	3	3	3	3	0	0
5657_sub0	0	1	1	0	0	0	1	0
5657_sub1	0	5	3	2	0	0	3	2
5657_sub2	0	1	0	1	0	0	0	1
5657_sub3	0	1	1	0	0	0	1	0
5657_sub4	0	1	0	1	0	0	0	1
5659_sub0	0	4	1	3	0	0	1	3
5659_sub1	0	1	1	0	0	0	1	0
5659_sub2	0	1	0	1	0	0	0	1
5659_sub3	0	1	1	0	0	0	1	0
566_sub0	0	1	0	1	0	0	0	1
566_sub1	0	1	0	1	0	0	0	1
566_sub2	1	14	8	6	8	6	0	0
566_sub3	0	1	0	1	0	0	0	1
566_sub4	0	1	1	0	0	0	1	0
566_sub5	0	1	1	0	0	0	1	0
5668_sub0	1	8	3	5	3	5	0	0
5668_sub1	0	1	1	0	0	0	1	0
5668_sub2	0	1	1	0	0	0	1	0
5670_sub0	0	1	1	0	0	0	1	0
5670_sub1	0	3	1	2	0	0	1	2
5670_sub2	0	1	1	0	0	0	1	0
5670_sub3	0	1	0	1	0	0	0	1
5670_sub4	0	1	0	1	0	0	0	1
5675_sub0	0	1	1	0	0	0	1	0
5675_sub1	1	8	6	2	6	2	0	0
568_sub0	0	1	1	0	0	0	1	0
568_sub1	0	1	1	0	0	0	1	0
568_sub2	0	1	1	0	0	0	1	0
568_sub3	1	13	7	6	7	6	0	0
568_sub4	0	1	0	1	0	0	0	1
568_sub5	0	1	1	0	0	0	1	0
568_sub6	0	1	0	1	0	0	0	1
5681_sub0	1	13	5	8	5	8	0	0
5681_sub1	0	1	0	1	0	0	0	1
5681_sub2	0	1	0	1	0	0	0	1
5681_sub3	0	1	1	0	0	0	1	0
5681_sub4	0	1	1	0	0	0	1	0
5681_sub5	0	1	0	1	0	0	0	1
5681_sub6	0	1	0	1	0	0	0	1
5687_sub0	1	19	10	9	10	9	0	0
5687_sub1	0	1	0	1	0	0	0	1
5687_sub2	0	1	1	0	0	0	1	0
5687_sub3	0	1	1	0	0	0	1	0
5687_sub4	0	1	1	0	0	0	1	0
5687_sub5	0	1	0	1	0	0	0	1
5687_sub6	0	1	0	1	0	0	0	1
5687_sub7	0	1	1	0	0	0	1	0
5691_sub0	0	1	0	1	0	0	0	1
5691_sub1	1	19	11	8	11	8	0	0
5691_sub2	0	1	1	0	0	0	1	0
5691_sub3	0	1	0	1	0	0	0	1
5691_sub4	0	1	1	0	0	0	1	0
5691_sub5	0	1	0	1	0	0	0	1
5691_sub6	0	1	1	0	0	0	1	0
5691_sub7	0	1	0	1	0	0	0	1
5691_sub8	0	1	0	1	0	0	0	1
570_sub0	0	1	0	1	0	0	0	1
570_sub1	0	5	3	2	0	0	3	2
5704_sub0	1	11	3	8	3	8	0	0
5704_sub1	0	1	1	0	0	0	1	0
5705_sub0	0	1	0	1	0	0	0	1
5705_sub1	1	9	5	4	5	4	0	0
5710_sub0	0	1	0	1	0	0	0	1
5710_sub1	0	1	0	1	0	0	0	1
5710_sub2	0	1	0	1	0	0	0	1
5710_sub3	0	1	0	1	0	0	0	1
5710_sub4	0	1	0	1	0	0	0	1
5710_sub5	0	1	0	1	0	0	0	1
5713_sub0	0	1	1	0	0	0	1	0
5713_sub1	0	1	1	0	0	0	1	0
5713_sub2	0	1	0	1	0	0	0	1
5713_sub3	0	1	0	1	0	0	0	1
5713_sub4	1	6	5	1	5	1	0	0
5715_sub0	1	18	6	12	6	12	0	0
5715_sub1	0	1	0	1	0	0	0	1
5715_sub2	0	1	1	0	0	0	1	0
5715_sub3	0	1	0	1	0	0	0	1
5715_sub4	0	1	1	0	0	0	1	0
5716_sub0	1	19	9	10	9	10	0	0
5716_sub1	0	1	1	0	0	0	1	0
5716_sub2	0	1	0	1	0	0	0	1
5716_sub3	0	1	1	0	0	0	1	0
5716_sub4	0	1	1	0	0	0	1	0
5719_sub0	1	17	8	9	8	9	0	0
5719_sub1	0	1	0	1	0	0	0	1
5719_sub2	0	1	0	1	0	0	0	1
572_sub0	0	1	0	1	0	0	0	1
572_sub1	1	18	8	10	8	10	0	0
572_sub2	0	1	0	1	0	0	0	1
572_sub3	0	1	0	1	0	0	0	1
572_sub4	0	1	1	0	0	0	1	0
572_sub5	0	1	1	0	0	0	1	0
572_sub6	0	1	1	0	0	0	1	0
572_sub7	0	1	0	1	0	0	0	1
572_sub8	0	1	1	0	0	0	1	0
572_sub9	0	1	1	0	0	0	1	0
5722_sub0	1	10	6	4	6	4	0	0
5724_sub0	0	1	0	1	0	0	0	1
5724_sub1	0	1	1	0	0	0	1	0
5724_sub2	0	1	1	0	0	0	1	0
5724_sub3	0	1	1	0	0	0	1	0
5724_sub4	0	1	1	0	0	0	1	0
5724_sub5	0	1	0	1	0	0	0	1
5725_sub0	1	23	13	10	10	10	3	0
5726_sub0	1	10	8	2	8	2	0	0
573_sub0	0	1	1	0	0	0	1	0
573_sub1	1	22	10	12	10	10	0	2
5732_sub0	1	12	3	9	3	9	0	0
5732_sub1	0	1	0	1	0	0	0	1
5732_sub2	0	1	0	1	0	0	0	1
5732_sub3	0	1	0	1	0	0	0	1
5742_sub0	0	1	1	0	0	0	1	0
5742_sub1	0	1	0	1	0	0	0	1
5742_sub2	0	1	0	1	0	0	0	1
5742_sub3	0	1	1	0	0	0	1	0
5742_sub4	0	1	1	0	0	0	1	0
5742_sub5	0	1	1	0	0	0	1	0
5742_sub6	0	1	1	0	0	0	1	0
5749_sub0	0	1	1	0	0	0	1	0
5749_sub1	0	1	1	0	0	0	1	0
5749_sub2	0	1	0	1	0	0	0	1
5749_sub3	0	1	1	0	0	0	1	0
5749_sub4	0	1	0	1	0	0	0	1
5749_sub5	0	1	0	1	0	0	0	1
575_sub0	0	1	0	1	0	0	0	1
575_sub1	1	6	2	4	2	4	0	0
575_sub2	0	1	1	0	0	0	1	0
575_sub3	0	1	0	1	0	0	0	1
575_sub4	0	1	0	1	0	0	0	1
5753_sub0	1	14	6	8	6	8	0	0
5753_sub1	0	1	0	1	0	0	0	1
5753_sub2	0	1	0	1	0	0	0	1
5753_sub3	0	1	0	1	0	0	0	1
5758_sub0	0	4	1	3	0	0	1	3
5758_sub1	0	1	1	0	0	0	1	0
5758_sub2	0	1	1	0	0	0	1	0
5758_sub3	0	1	1	0	0	0	1	0
5761_sub0	1	9	4	5	4	5	0	0
5761_sub1	0	1	0	1	0	0	0	1
5761_sub2	0	1	1	0	0	0	1	0
5764_sub0	1	12	5	7	5	7	0	0
5764_sub1	0	1	1	0	0	0	1	0
5764_sub2	0	1	0	1	0	0	0	1
5764_sub3	0	1	0	1	0	0	0	1
5764_sub4	0	1	0	1	0	0	0	1
5776_sub0	0	1	0	1	0	0	0	1
5776_sub1	1	14	8	6	8	6	0	0
5776_sub2	0	1	0	1	0	0	0	1
5776_sub3	0	1	1	0	0	0	1	0
5776_sub4	0	1	0	1	0	0	0	1
578_sub0	0	1	0	1	0	0	0	1
578_sub1	0	1	0	1	0	0	0	1
578_sub2	0	1	0	1	0	0	0	1
578_sub3	0	1	1	0	0	0	1	0
578_sub4	0	1	0	1	0	0	0	1
578_sub5	0	1	1	0	0	0	1	0
5784_sub0	0	1	0	1	0	0	0	1
5784_sub1	1	15	7	8	7	8	0	0
5784_sub2	0	1	1	0	0	0	1	0
5784_sub3	0	1	0	1	0	0	0	1
5784_sub4	0	1	0	1	0	0	0	1
5784_sub5	0	1	0	1	0	0	0	1
5785_sub0	0	1	0	1	0	0	0	1
5785_sub1	0	1	0	1	0	0	0	1
5785_sub2	0	1	1	0	0	0	1	0
5785_sub3	0	1	1	0	0	0	1	0
5785_sub4	0	1	1	0	0	0	1	0
5785_sub5	0	1	0	1	0	0	0	1
5786_sub0	0	1	0	1	0	0	0	1
5786_sub1	1	20	13	7	13	7	0	0
5786_sub2	0	1	0	1	0	0	0	1
5786_sub3	0	1	0	1	0	0	0	1
5795_sub0	0	1	0	1	0	0	0	1
5795_sub1	1	19	7	12	7	12	0	0
5805_sub0	0	1	0	1	0	0	0	1
5805_sub1	0	1	0	1	0	0	0	1
5805_sub2	0	1	0	1	0	0	0	1
5805_sub3	0	1	1	0	0	0	1	0
5805_sub4	0	1	0	1	0	0	0	1
5805_sub5	0	1	1	0	0	0	1	0
5813_sub0	0	5	3	2	0	0	3	2
5813_sub1	0	1	1	0	0	0	1	0
5814_sub0	0	5	2	3	0	0	2	3
5814_sub1	0	1	0	1	0	0	0	1
5814_sub2	0	1	0	1	0	0	0	1
5814_sub3	0	1	1	0	0	0	1	0
5814_sub4	0	1	0	1	0	0	0	1
5816_sub0	1	11	5	6	5	6	0	0
5819_sub0	0	1	0	1	0	0	0	1
5819_sub1	0	1	0	1	0	0	0	1
5819_sub2	1	14	6	8	6	8	0	0
5819_sub3	0	1	0	1	0	0	0	1
5820_sub0	0	5	2	3	0	0	2	3
5820_sub1	0	1	1	0	0	0	1	0
5820_sub2	0	1	1	0	0	0	1	0
5820_sub3	0	1	1	0	0	0	1	0
5820_sub4	0	1	0	1	0	0	0	1
5822_sub0	0	1	1	0	0	0	1	0
5822_sub1	0	1	1	0	0	0	1	0
5822_sub2	0	1	1	0	0	0	1	0
5822_sub3	0	1	0	1	0	0	0	1
5822_sub4	0	1	0	1	0	0	0	1
5822_sub5	0	1	1	0	0	0	1	0
5822_sub6	0	1	1	0	0	0	1	0
5822_sub7	0	1	0	1	0	0	0	1
5822_sub8	0	1	1	0	0	0	1	0
5829_sub0	1	9	6	3	6	3	0	0
5829_sub1	0	1	1	0	0	0	1	0
5830_sub0	1	11	7	4	7	4	0	0
5830_sub1	0	1	1	0	0	0	1	0
5830_sub2	0	1	1	0	0	0	1	0
5830_sub3	0	1	1	0	0	0	1	0
5830_sub4	0	1	0	1	0	0	0	1
5830_sub5	0	1	1	0	0	0	1	0
5831_sub0	1	15	9	6	9	6	0	0
5831_sub1	0	1	1	0	0	0	1	0
5833_sub0	1	13	4	9	4	9	0	0
5833_sub1	0	1	1	0	0	0	1	0
5833_sub2	0	1	0	1	0	0	0	1
5833_sub3	0	1	1	0	0	0	1	0
5837_sub0	0	1	0	1	0	0	0	1
5837_sub1	0	3	1	2	0	0	1	2
5837_sub2	0	1	1	0	0	0	1	0
5837_sub3	0	1	1	0	0	0	1	0
5837_sub4	0	1	1	0	0	0	1	0
5837_sub5	0	1	1	0	0	0	1	0
5839_sub0	1	14	9	5	9	5	0	0
5841_sub0	1	6	3	3	3	3	0	0
5841_sub1	0	1	1	0	0	0	1	0
5841_sub2	0	1	0	1	0	0	0	1
5845_sub0	0	1	0	1	0	0	0	1
5845_sub1	1	10	4	6	4	6	0	0
5845_sub2	0	4	2	2	0	0	2	2
5847_sub0	0	1	0	1	0	0	0	1
5847_sub1	0	1	1	0	0	0	1	0
5847_sub2	0	1	1	0	0	0	1	0
5847_sub3	0	1	1	0	0	0	1	0
5847_sub4	0	1	1	0	0	0	1	0
5847_sub5	0	1	1	0	0	0	1	0
5852_sub0	0	1	0	1	0	0	0	1
5852_sub1	1	11	8	3	8	3	0	0
5852_sub2	0	1	0	1	0	0	0	1
5855_sub0	1	15	6	9	6	9	0	0
5855_sub1	0	1	0	1	0	0	0	1
5855_sub2	0	1	0	1	0	0	0	1
5855_sub3	0	1	1	0	0	0	1	0
5855_sub4	0	1	0	1	0	0	0	1
5855_sub5	0	1	0	1	0	0	0	1
5855_sub6	0	1	0	1	0	0	0	1
5861_sub0	1	21	12	9	11	9	1	0
5861_sub1	0	1	0	1	0	0	0	1
5861_sub2	0	1	1	0	0	0	1	0
5863_sub0	0	1	1	0	0	0	1	0
5863_sub1	1	15	7	8	7	8	0	0
5863_sub2	0	1	0	1	0	0	0	1
5863_sub3	0	1	1	0	0	0	1	0
5863_sub4	0	1	1	0	0	0	1	0
5863_sub5	0	1	0	1	0	0	0	1
5864_sub0	0	1	0	1	0	0	0	1
5864_sub1	0	1	0	1	0	0	0	1
5864_sub2	0	5	3	2	0	0	3	2
5868_sub0	0	2	1	1	0	0	1	1
5868_sub1	0	1	1	0	0	0	1	0
5868_sub2	0	1	1	0	0	0	1	0
5868_sub3	0	1	0	1	0	0	0	1
5868_sub4	0	2	1	1	0	0	1	1
587_sub0	0	1	0	1	0	0	0	1
587_sub1	1	11	8	3	8	3	0	0
587_sub2	0	1	1	0	0	0	1	0
587_sub3	0	1	1	0	0	0	1	0
587_sub4	0	1	1	0	0	0	1	0
5870_sub0	0	1	1	0	0	0	1	0
5870_sub1	1	8	1	7	1	7	0	0
5874_sub0	0	1	0	1	0	0	0	1
5874_sub1	1	19	9	10	9	10	0	0
5874_sub2	0	1	1	0	0	0	1	0
5874_sub3	0	1	1	0	0	0	1	0
5874_sub4	0	1	1	0	0	0	1	0
5880_sub0	1	11	3	8	3	8	0	0
5880_sub1	0	1	1	0	0	0	1	0
5880_sub2	0	1	1	0	0	0	1	0
5880_sub3	0	1	0	1	0	0	0	1
5880_sub4	0	1	1	0	0	0	1	0
5882_sub0	1	8	4	4	4	4	0	0
5882_sub1	0	1	0	1	0	0	0	1
5882_sub2	0	1	0	1	0	0	0	1
589_sub0	0	1	0	1	0	0	0	1
589_sub1	0	1	1	0	0	0	1	0
589_sub2	1	12	5	7	5	7	0	0
589_sub3	0	1	0	1	0	0	0	1
5891_sub0	1	6	0	6	0	6	0	0
5900_sub0	0	2	0	2	0	0	0	2
5900_sub1	1	13	10	3	10	3	0	0
5900_sub2	0	1	1	0	0	0	1	0
5900_sub3	0	1	0	1	0	0	0	1
5901_sub0	0	1	0	1	0	0	0	1
5901_sub1	1	19	8	11	8	11	0	0
5901_sub2	0	1	0	1	0	0	0	1
5911_sub0	0	1	0	1	0	0	0	1
5911_sub1	1	6	3	3	3	3	0	0
5911_sub2	0	1	1	0	0	0	1	0
5912_sub0	0	1	0	1	0	0	0	1
5912_sub1	1	15	9	6	9	6	0	0
5912_sub2	0	1	0	1	0	0	0	1
5912_sub3	0	1	0	1	0	0	0	1
5919_sub0	0	1	0	1	0	0	0	1
5919_sub1	0	5	2	3	0	0	2	3
5919_sub2	0	1	0	1	0	0	0	1
5919_sub3	0	1	1	0	0	0	1	0
5923_sub0	1	25	12	13	10	10	2	3
5923_sub1	0	1	1	0	0	0	1	0
5923_sub2	0	1	0	1	0	0	0	1
5924_sub0	1	11	8	3	8	3	0	0
5924_sub1	0	1	1	0	0	0	1	0
5924_sub2	0	1	1	0	0	0	1	0
5924_sub3	0	1	0	1	0	0	0	1
5924_sub4	0	1	1	0	0	0	1	0
5927_sub0	0	1	0	1	0	0	0	1
5927_sub1	0	1	0	1	0	0	0	1
5927_sub2	0	1	0	1	0	0	0	1
5927_sub3	0	1	1	0	0	0	1	0
5927_sub4	0	1	1	0	0	0	1	0
5927_sub5	0	1	0	1	0	0	0	1
5928_sub0	1	12	4	8	4	8	0	0
5928_sub1	0	1	1	0	0	0	1	0
5928_sub2	0	1	1	0	0	0	1	0
5928_sub3	0	1	1	0	0	0	1	0
5928_sub4	0	1	1	0	0	0	1	0
5930_sub0	1	12	5	7	5	7	0	0
5930_sub1	0	1	1	0	0	0	1	0
5930_sub2	0	1	1	0	0	0	1	0
5933_sub0	1	10	5	5	5	5	0	0
5933_sub1	0	1	0	1	0	0	0	1
5933_sub2	0	1	1	0	0	0	1	0
5936_sub0	1	12	9	3	9	3	0	0
5936_sub1	0	1	1	0	0	0	1	0
5936_sub2	0	1	0	1	0	0	0	1
5936_sub3	0	1	1	0	0	0	1	0
5938_sub0	1	6	3	3	3	3	0	0
5938_sub1	0	1	0	1	0	0	0	1
5938_sub2	0	1	0	1	0	0	0	1
594_sub0	0	1	0	1	0	0	0	1
594_sub1	1	17	9	8	9	8	0	0
594_sub2	0	1	1	0	0	0	1	0
594_sub3	0	1	0	1	0	0	0	1
594_sub4	0	1	0	1	0	0	0	1
5943_sub0	0	1	1	0	0	0	1	0
5943_sub1	1	10	4	6	4	6	0	0
595_sub0	0	1	1	0	0	0	1	0
595_sub1	0	5	1	4	0	0	1	4
595_sub2	0	1	1	0	0	0	1	0
595_sub3	0	1	0	1	0	0	0	1
595_sub4	0	1	1	0	0	0	1	0
5950_sub0	0	1	0	1	0	0	0	1
5950_sub1	1	8	5	3	5	3	0	0
5950_sub2	0	1	0	1	0	0	0	1
5950_sub3	0	1	0	1	0	0	0	1
5952_sub0	0	1	0	1	0	0	0	1
5952_sub1	0	1	1	0	0	0	1	0
5952_sub2	0	1	1	0	0	0	1	0
5952_sub3	0	1	1	0	0	0	1	0
5952_sub4	0	1	0	1	0	0	0	1
5952_sub5	0	1	0	1	0	0	0	1
596_sub0	0	1	1	0	0	0	1	0
596_sub1	1	8	4	4	4	4	0	0
596_sub2	0	1	0	1	0	0	0	1
596_sub3	0	1	1	0	0	0	1	0
5960_sub0	0	1	1	0	0	0	1	0
5960_sub1	1	17	11	6	11	6	0	0
5960_sub2	0	1	1	0	0	0	1	0
5962_sub0	1	8	2	6	2	6	0	0
5962_sub1	0	1	1	0	0	0	1	0
5962_sub2	0	1	1	0	0	0	1	0
5962_sub3	0	1	0	1	0	0	0	1
5968_sub0	0	1	1	0	0	0	1	0
5968_sub1	1	9	4	5	4	5	0	0
5968_sub2	0	1	1	0	0	0	1	0
5973_sub0	1	20	9	11	9	11	0	0
5973_sub1	0	1	0	1	0	0	0	1
5979_sub0	1	13	5	8	5	8	0	0
5979_sub1	0	1	0	1	0	0	0	1
5984_sub0	0	1	0	1	0	0	0	1
5984_sub1	1	20	11	9	11	9	0	0
5985_sub0	1	18	3	15	3	15	0	0
5985_sub1	0	1	1	0	0	0	1	0
5985_sub2	0	1	1	0	0	0	1	0
5985_sub3	0	1	1	0	0	0	1	0
5985_sub4	0	1	0	1	0	0	0	1
5985_sub5	0	1	1	0	0	0	1	0
5985_sub6	0	1	0	1	0	0	0	1
5985_sub7	0	1	1	0	0	0	1	0
5985_sub8	0	1	0	1	0	0	0	1
5990_sub0	1	15	10	5	10	5	0	0
5990_sub1	0	1	1	0	0	0	1	0
5990_sub2	0	1	0	1	0	0	0	1
5990_sub3	0	1	0	1	0	0	0	1
5990_sub4	0	1	0	1	0	0	0	1
5992_sub0	1	10	2	8	2	8	0	0
5992_sub1	0	1	1	0	0	0	1	0
5992_sub2	0	1	0	1	0	0	0	1
5992_sub3	0	1	0	1	0	0	0	1
5993_sub0	0	1	1	0	0	0	1	0
5993_sub1	0	5	4	1	0	0	4	1
5998_sub0	1	6	2	4	2	4	0	0
5998_sub1	0	1	1	0	0	0	1	0
5998_sub2	0	1	1	0	0	0	1	0
60_sub0	0	1	1	0	0	0	1	0
60_sub1	0	1	0	1	0	0	0	1
60_sub2	1	14	7	7	7	7	0	0
60_sub3	0	1	0	1	0	0	0	1
60_sub4	0	1	0	1	0	0	0	1
60_sub5	0	1	1	0	0	0	1	0
60_sub6	0	1	1	0	0	0	1	0
60_sub7	0	1	0	1	0	0	0	1
6005_sub0	1	8	2	6	2	6	0	0
6005_sub1	0	1	0	1	0	0	0	1
6006_sub0	0	1	0	1	0	0	0	1
6006_sub1	1	12	6	6	6	6	0	0
6009_sub0	1	16	7	9	7	9	0	0
6009_sub1	0	1	0	1	0	0	0	1
6009_sub2	0	1	0	1	0	0	0	1
6011_sub0	0	1	0	1	0	0	0	1
6011_sub1	1	21	6	15	6	14	0	1
6011_sub2	0	1	1	0	0	0	1	0
6011_sub3	0	1	1	0	0	0	1	0
6018_sub0	0	1	0	1	0	0	0	1
6018_sub1	0	1	0	1	0	0	0	1
6018_sub2	0	1	1	0	0	0	1	0
6018_sub3	0	1	1	0	0	0	1	0
6018_sub4	0	1	0	1	0	0	0	1
6018_sub5	0	1	1	0	0	0	1	0
6035_sub0	0	1	1	0	0	0	1	0
6035_sub1	1	24	7	17	7	13	0	4
6035_sub2	0	1	0	1	0	0	0	1
6038_sub0	0	1	0	1	0	0	0	1
6038_sub1	0	1	1	0	0	0	1	0
6038_sub2	0	1	1	0	0	0	1	0
6038_sub3	0	1	0	1	0	0	0	1
6038_sub4	0	1	1	0	0	0	1	0
6038_sub5	0	1	0	1	0	0	0	1
6039_sub0	1	14	12	2	12	2	0	0
6039_sub1	0	1	1	0	0	0	1	0
6039_sub2	0	1	1	0	0	0	1	0
6039_sub3	0	1	1	0	0	0	1	0
6039_sub4	0	1	1	0	0	0	1	0
604_sub0	0	1	0	1	0	0	0	1
604_sub1	1	10	6	4	6	4	0	0
604_sub2	0	1	0	1	0	0	0	1
604_sub3	0	1	0	1	0	0	0	1
604_sub4	0	1	1	0	0	0	1	0
6040_sub0	0	1	0	1	0	0	0	1
6040_sub1	0	2	1	1	0	0	1	1
6040_sub2	0	1	0	1	0	0	0	1
6040_sub3	0	1	0	1	0	0	0	1
6040_sub4	0	1	1	0	0	0	1	0
6043_sub0	1	8	4	4	4	4	0	0
6043_sub1	0	1	1	0	0	0	1	0
6043_sub2	0	1	1	0	0	0	1	0
6043_sub3	0	1	0	1	0	0	0	1
6043_sub4	0	1	1	0	0	0	1	0
6044_sub0	1	6	2	4	2	4	0	0
6045_sub0	0	1	1	0	0	0	1	0
6045_sub1	0	1	1	0	0	0	1	0
6045_sub2	1	19	9	10	9	10	0	0
6045_sub3	0	1	1	0	0	0	1	0
6049_sub0	0	1	1	0	0	0	1	0
6049_sub1	1	7	3	4	3	4	0	0
6049_sub2	0	1	0	1	0	0	0	1
6049_sub3	0	1	0	1	0	0	0	1
6049_sub4	0	1	0	1	0	0	0	1
6049_sub5	0	1	1	0	0	0	1	0
606_sub0	0	1	1	0	0	0	1	0
606_sub1	1	8	5	3	5	3	0	0
6061_sub0	1	21	12	9	11	9	1	0
6061_sub1	0	1	0	1	0	0	0	1
6061_sub2	0	1	0	1	0	0	0	1
6067_sub0	1	17	8	9	8	9	0	0
6067_sub1	0	1	1	0	0	0	1	0
6067_sub2	0	1	1	0	0	0	1	0
6067_sub3	0	1	0	1	0	0	0	1
607_sub0	0	1	1	0	0	0	1	0
607_sub1	0	1	0	1	0	0	0	1
607_sub2	1	12	5	7	5	7	0	0
607_sub3	0	1	1	0	0	0	1	0
6070_sub0	0	1	0	1	0	0	0	1
6070_sub1	1	9	5	4	5	4	0	0
6070_sub2	0	1	0	1	0	0	0	1
6070_sub3	0	1	0	1	0	0	0	1
6072_sub0	1	7	0	7	0	7	0	0
6072_sub1	0	1	0	1	0	0	0	1
6075_sub0	1	17	9	8	9	8	0	0
6075_sub1	0	1	0	1	0	0	0	1
6075_sub2	0	1	0	1	0	0	0	1
6080_sub0	0	1	0	1	0	0	0	1
6080_sub1	1	11	3	8	3	8	0	0
6080_sub2	0	1	1	0	0	0	1	0
6080_sub3	0	1	0	1	0	0	0	1
6087_sub0	1	16	8	8	8	8	0	0
6087_sub1	0	1	1	0	0	0	1	0
6097_sub0	0	1	0	1	0	0	0	1
6097_sub1	1	9	4	5	4	5	0	0
6097_sub2	0	1	0	1	0	0	0	1
6097_sub3	0	1	1	0	0	0	1	0
6097_sub4	0	1	0	1	0	0	0	1
61_sub0	0	1	0	1	0	0	0	1
61_sub1	1	16	6	10	6	10	0	0
61_sub2	0	1	0	1	0	0	0	1
61_sub3	0	1	1	0	0	0	1	0
61_sub4	0	1	1	0	0	0	1	0
6102_sub0	0	1	1	0	0	0	1	0
6102_sub1	1	12	4	8	4	8	0	0
6104_sub0	0	1	0	1	0	0	0	1
6104_sub1	0	1	1	0	0	0	1	0
6104_sub2	1	7	6	1	6	1	0	0
6104_sub3	0	1	1	0	0	0	1	0
6106_sub0	0	1	1	0	0	0	1	0
6106_sub1	1	22	12	10	10	10	2	0
6119_sub0	1	12	1	11	1	11	0	0
6119_sub1	0	1	0	1	0	0	0	1
6119_sub2	0	1	1	0	0	0	1	0
6119_sub3	0	1	0	1	0	0	0	1
6119_sub4	0	1	1	0	0	0	1	0
6120_sub0	0	1	1	0	0	0	1	0
6120_sub1	0	1	0	1	0	0	0	1
6120_sub2	0	4	2	2	0	0	2	2
6120_sub3	0	1	0	1	0	0	0	1
6120_sub4	0	1	1	0	0	0	1	0
6125_sub0	0	1	1	0	0	0	1	0
6125_sub1	0	4	2	2	0	0	2	2
6125_sub2	0	1	1	0	0	0	1	0
6136_sub0	0	1	0	1	0	0	0	1
6136_sub1	0	1	1	0	0	0	1	0
6136_sub2	0	1	1	0	0	0	1	0
6136_sub3	0	1	1	0	0	0	1	0
6136_sub4	0	1	1	0	0	0	1	0
6136_sub5	0	1	1	0	0	0	1	0
6136_sub6	0	1	1	0	0	0	1	0
6144_sub0	0	1	0	1	0	0	0	1
6144_sub1	1	14	7	7	7	7	0	0
6146_sub0	1	7	4	3	4	3	0	0
6146_sub1	0	1	0	1	0	0	0	1
6146_sub2	0	1	0	1	0	0	0	1
6146_sub3	0	1	0	1	0	0	0	1
6159_sub0	0	1	1	0	0	0	1	0
6159_sub1	0	1	1	0	0	0	1	0
6159_sub2	0	1	1	0	0	0	1	0
6159_sub3	0	1	0	1	0	0	0	1
6159_sub4	0	2	2	0	0	0	2	0
6159_sub5	0	1	1	0	0	0	1	0
6159_sub6	0	1	1	0	0	0	1	0
6161_sub0	0	1	0	1	0	0	0	1
6161_sub1	0	1	0	1	0	0	0	1
6161_sub2	1	10	7	3	7	3	0	0
6172_sub0	1	17	6	11	6	11	0	0
6172_sub1	0	1	0	1	0	0	0	1
6172_sub2	0	1	0	1	0	0	0	1
6172_sub3	0	1	0	1	0	0	0	1
6172_sub4	0	1	1	0	0	0	1	0
6175_sub0	0	1	0	1	0	0	0	1
6175_sub1	0	1	0	1	0	0	0	1
6175_sub2	0	1	1	0	0	0	1	0
6175_sub3	0	1	1	0	0	0	1	0
6175_sub4	0	1	0	1	0	0	0	1
6175_sub5	0	1	1	0	0	0	1	0
6178_sub0	1	14	3	11	3	11	0	0
6178_sub1	0	1	0	1	0	0	0	1
6178_sub2	0	1	0	1	0	0	0	1
6178_sub3	0	1	1	0	0	0	1	0
6178_sub4	0	1	1	0	0	0	1	0
6189_sub0	1	11	2	9	2	9	0	0
6189_sub1	0	1	1	0	0	0	1	0
619_sub0	0	1	1	0	0	0	1	0
619_sub1	1	21	12	9	11	9	1	0
619_sub2	0	1	0	1	0	0	0	1
6190_sub0	1	8	6	2	6	2	0	0
6195_sub0	0	1	0	1	0	0	0	1
6195_sub1	0	5	3	2	0	0	3	2
6197_sub0	1	7	3	4	3	4	0	0
62_sub0	0	1	0	1	0	0	0	1
62_sub1	0	3	1	2	0	0	1	2
62_sub2	0	1	0	1	0	0	0	1
62_sub3	0	1	0	1	0	0	0	1
62_sub4	0	1	0	1	0	0	0	1
620_sub0	0	1	1	0	0	0	1	0
620_sub1	1	20	10	10	10	10	0	0
620_sub2	0	1	0	1	0	0	0	1
620_sub3	0	1	1	0	0	0	1	0
6208_sub0	0	1	0	1	0	0	0	1
6208_sub1	0	1	1	0	0	0	1	0
6208_sub2	0	4	1	3	0	0	1	3
6208_sub3	0	1	0	1	0	0	0	1
621_sub0	0	1	0	1	0	0	0	1
621_sub1	1	15	10	5	10	5	0	0
621_sub2	0	1	1	0	0	0	1	0
621_sub3	0	1	0	1	0	0	0	1
621_sub4	0	1	0	1	0	0	0	1
621_sub5	0	1	1	0	0	0	1	0
6211_sub0	1	13	6	7	6	7	0	0
6211_sub1	0	1	0	1	0	0	0	1
6211_sub2	0	1	0	1	0	0	0	1
6211_sub3	0	1	1	0	0	0	1	0
6215_sub0	0	1	0	1	0	0	0	1
6215_sub1	1	13	7	6	7	6	0	0
6215_sub2	0	1	0	1	0	0	0	1
6215_sub3	0	1	0	1	0	0	0	1
6215_sub4	0	1	1	0	0	0	1	0
6215_sub5	0	1	1	0	0	0	1	0
6218_sub0	0	1	1	0	0	0	1	0
6218_sub1	1	11	7	4	7	4	0	0
6220_sub0	0	1	0	1	0	0	0	1
6220_sub1	1	20	10	10	10	10	0	0
6220_sub2	0	1	1	0	0	0	1	0
6222_sub0	0	1	0	1	0	0	0	1
6222_sub1	0	1	1	0	0	0	1	0
6222_sub2	1	9	6	3	6	3	0	0
6222_sub3	0	1	0	1	0	0	0	1
6222_sub4	0	1	1	0	0	0	1	0
6227_sub0	0	1	1	0	0	0	1	0
6227_sub1	0	5	1	4	0	0	1	4
6234_sub0	1	18	6	12	6	12	0	0
6234_sub1	0	1	0	1	0	0	0	1
6234_sub2	0	1	1	0	0	0	1	0
6234_sub3	0	1	1	0	0	0	1	0
6236_sub0	1	14	3	11	3	11	0	0
6236_sub1	0	1	0	1	0	0	0	1
6236_sub2	0	1	0	1	0	0	0	1
6236_sub3	0	1	1	0	0	0	1	0
6236_sub4	0	1	0	1	0	0	0	1
6236_sub5	0	1	0	1	0	0	0	1
6238_sub0	0	1	0	1	0	0	0	1
6238_sub1	1	9	7	2	7	2	0	0
6238_sub2	0	1	1	0	0	0	1	0
624_sub0	0	1	1	0	0	0	1	0
624_sub1	1	17	10	7	10	7	0	0
624_sub2	0	1	1	0	0	0	1	0
6241_sub0	1	9	2	7	2	7	0	0
6241_sub1	0	1	0	1	0	0	0	1
6241_sub2	0	1	1	0	0	0	1	0
6241_sub3	0	1	1	0	0	0	1	0
6241_sub4	0	1	0	1	0	0	0	1
6245_sub0	1	8	3	5	3	5	0	0
6245_sub1	0	1	1	0	0	0	1	0
6245_sub2	0	1	1	0	0	0	1	0
6245_sub3	0	1	0	1	0	0	0	1
6247_sub0	1	11	6	5	6	5	0	0
6248_sub0	0	1	1	0	0	0	1	0
6248_sub1	0	1	1	0	0	0	1	0
6248_sub2	0	1	0	1	0	0	0	1
6248_sub3	0	2	1	1	0	0	1	1
6248_sub4	0	1	1	0	0	0	1	0
6248_sub5	0	1	1	0	0	0	1	0
6248_sub6	0	1	0	1	0	0	0	1
6248_sub7	0	1	0	1	0	0	0	1
6255_sub0	0	1	0	1	0	0	0	1
6255_sub1	1	8	5	3	5	3	0	0
6255_sub2	0	1	0	1	0	0	0	1
6258_sub0	0	1	1	0	0	0	1	0
6258_sub1	1	7	3	4	3	4	0	0
6260_sub0	0	1	0	1	0	0	0	1
6260_sub1	0	1	0	1	0	0	0	1
6260_sub2	1	17	7	10	7	10	0	0
6260_sub3	0	1	1	0	0	0	1	0
6260_sub4	0	1	0	1	0	0	0	1
6262_sub0	0	1	0	1	0	0	0	1
6262_sub1	0	1	1	0	0	0	1	0
6262_sub2	0	1	0	1	0	0	0	1
6262_sub3	0	1	0	1	0	0	0	1
6262_sub4	0	1	1	0	0	0	1	0
6262_sub5	0	1	1	0	0	0	1	0
6263_sub0	0	1	1	0	0	0	1	0
6263_sub1	1	10	6	4	6	4	0	0
6264_sub0	0	1	1	0	0	0	1	0
6264_sub1	0	1	0	1	0	0	0	1
6264_sub2	0	1	1	0	0	0	1	0
6264_sub3	0	2	2	0	0	0	2	0
6264_sub4	0	1	1	0	0	0	1	0
6265_sub0	1	6	2	4	2	4	0	0
6265_sub1	0	1	1	0	0	0	1	0
6265_sub2	0	1	0	1	0	0	0	1
6269_sub0	0	1	0	1	0	0	0	1
6269_sub1	0	1	1	0	0	0	1	0
6269_sub2	0	1	1	0	0	0	1	0
6269_sub3	0	1	0	1	0	0	0	1
6269_sub4	0	1	1	0	0	0	1	0
6269_sub5	0	1	0	1	0	0	0	1
6269_sub6	0	1	0	1	0	0	0	1
6269_sub7	0	1	0	1	0	0	0	1
6271_sub0	0	1	0	1	0	0	0	1
6271_sub1	0	1	0	1	0	0	0	1
6271_sub2	0	1	0	1	0	0	0	1
6271_sub3	0	1	0	1	0	0	0	1
6271_sub4	0	1	1	0	0	0	1	0
6271_sub5	0	1	1	0	0	0	1	0
6271_sub6	0	1	1	0	0	0	1	0
6271_sub7	0	1	0	1	0	0	0	1
6271_sub8	0	1	0	1	0	0	0	1
6272_sub0	0	1	0	1	0	0	0	1
6272_sub1	0	1	1	0	0	0	1	0
6272_sub2	0	1	1	0	0	0	1	0
6272_sub3	1	8	3	5	3	5	0	0
6272_sub4	0	1	0	1	0	0	0	1
6274_sub0	1	9	5	4	5	4	0	0
6274_sub1	0	1	1	0	0	0	1	0
6274_sub2	0	1	1	0	0	0	1	0
6274_sub3	0	1	0	1	0	0	0	1
6274_sub4	0	1	1	0	0	0	1	0
6274_sub5	0	1	0	1	0	0	0	1
6274_sub6	0	1	1	0	0	0	1	0
6279_sub0	1	9	6	3	6	3	0	0
6279_sub1	0	1	0	1	0	0	0	1
6279_sub2	0	1	0	1	0	0	0	1
6280_sub0	0	1	1	0	0	0	1	0
6280_sub1	1	13	7	6	7	6	0	0
6282_sub0	0	1	1	0	0	0	1	0
6282_sub1	0	5	4	1	0	0	4	1
6282_sub2	0	1	1	0	0	0	1	0
6282_sub3	0	1	0	1	0	0	0	1
6286_sub0	1	16	8	8	8	8	0	0
6286_sub1	0	1	1	0	0	0	1	0
6286_sub2	0	1	0	1	0	0	0	1
6287_sub0	0	1	0	1	0	0	0	1
6287_sub1	0	1	0	1	0	0	0	1
6287_sub2	0	1	1	0	0	0	1	0
6287_sub3	0	1	1	0	0	0	1	0
6287_sub4	0	1	1	0	0	0	1	0
6287_sub5	0	1	0	1	0	0	0	1
6287_sub6	0	1	0	1	0	0	0	1
6290_sub0	0	1	0	1	0	0	0	1
6290_sub1	1	10	1	9	1	9	0	0
6291_sub0	0	1	0	1	0	0	0	1
6291_sub1	0	1	0	1	0	0	0	1
6291_sub2	0	3	1	2	0	0	1	2
6291_sub3	0	1	0	1	0	0	0	1
6291_sub4	0	1	0	1	0	0	0	1
6291_sub5	0	1	0	1	0	0	0	1
6292_sub0	0	1	0	1	0	0	0	1
6292_sub1	0	1	0	1	0	0	0	1
6292_sub2	0	1	1	0	0	0	1	0
6292_sub3	0	1	0	1	0	0	0	1
6292_sub4	0	1	0	1	0	0	0	1
6292_sub5	0	1	0	1	0	0	0	1
6292_sub6	0	1	1	0	0	0	1	0
6292_sub7	0	1	1	0	0	0	1	0
6294_sub0	0	1	0	1	0	0	0	1
6294_sub1	0	1	1	0	0	0	1	0
6294_sub2	1	12	5	7	5	7	0	0
6294_sub3	0	1	1	0	0	0	1	0
6295_sub0	1	10	4	6	4	6	0	0
6295_sub1	0	1	1	0	0	0	1	0
6295_sub2	0	1	1	0	0	0	1	0
6295_sub3	0	1	0	1	0	0	0	1
6297_sub0	1	14	4	10	4	10	0	0
6297_sub1	0	1	0	1	0	0	0	1
6297_sub2	0	1	1	0	0	0	1	0
6297_sub3	0	1	0	1	0	0	0	1
6297_sub4	0	1	1	0	0	0	1	0
6297_sub5	0	1	1	0	0	0	1	0
6297_sub6	0	1	0	1	0	0	0	1
6297_sub7	0	1	1	0	0	0	1	0
6297_sub8	0	1	0	1	0	0	0	1
6297_sub9	0	1	0	1	0	0	0	1
6297_sub10	0	1	1	0	0	0	1	0
6297_sub11	0	1	0	1	0	0	0	1
6297_sub12	0	1	0	1	0	0	0	1
6297_sub13	0	1	0	1	0	0	0	1
630_sub0	0	1	0	1	0	0	0	1
630_sub1	0	1	0	1	0	0	0	1
630_sub2	0	1	0	1	0	0	0	1
630_sub3	1	7	3	4	3	4	0	0
630_sub4	0	1	0	1	0	0	0	1
630_sub5	0	1	0	1	0	0	0	1
630_sub6	0	1	1	0	0	0	1	0
630_sub7	0	1	1	0	0	0	1	0
630_sub8	0	1	1	0	0	0	1	0
630_sub9	0	1	1	0	0	0	1	0
630_sub10	0	1	0	1	0	0	0	1
630_sub11	0	1	0	1	0	0	0	1
630_sub12	0	1	0	1	0	0	0	1
630_sub13	0	1	1	0	0	0	1	0
6305_sub0	1	16	5	11	5	11	0	0
6305_sub1	0	1	1	0	0	0	1	0
6305_sub2	0	1	1	0	0	0	1	0
6314_sub0	1	9	3	6	3	6	0	0
6314_sub1	0	1	0	1	0	0	0	1
6314_sub2	0	1	0	1	0	0	0	1
6314_sub3	0	1	0	1	0	0	0	1
6314_sub4	0	1	0	1	0	0	0	1
6315_sub0	0	1	0	1	0	0	0	1
6315_sub1	0	1	0	1	0	0	0	1
6315_sub2	0	1	0	1	0	0	0	1
6315_sub3	1	10	7	3	7	3	0	0
6315_sub4	0	1	1	0	0	0	1	0
6315_sub5	0	1	1	0	0	0	1	0
6315_sub6	0	1	0	1	0	0	0	1
6315_sub7	0	1	1	0	0	0	1	0
6316_sub0	1	15	8	7	8	7	0	0
6316_sub1	0	1	1	0	0	0	1	0
6316_sub2	0	1	0	1	0	0	0	1
6316_sub3	0	1	1	0	0	0	1	0
6316_sub4	0	1	1	0	0	0	1	0
6316_sub5	0	1	1	0	0	0	1	0
6316_sub6	0	1	0	1	0	0	0	1
6322_sub0	0	1	0	1	0	0	0	1
6322_sub1	1	6	4	2	4	2	0	0
6322_sub2	0	1	1	0	0	0	1	0
6322_sub3	0	1	0	1	0	0	0	1
6327_sub0	0	1	0	1	0	0	0	1
6327_sub1	0	3	2	1	0	0	2	1
6327_sub2	0	1	1	0	0	0	1	0
6327_sub3	0	1	0	1	0	0	0	1
6331_sub0	1	11	7	4	7	4	0	0
6331_sub1	0	1	1	0	0	0	1	0
6336_sub0	1	8	7	1	7	1	0	0
6336_sub1	0	1	1	0	0	0	1	0
6336_sub2	0	1	0	1	0	0	0	1
6336_sub3	0	1	0	1	0	0	0	1
6336_sub4	0	1	0	1	0	0	0	1
6336_sub5	0	1	0	1	0	0	0	1
6337_sub0	1	11	4	7	4	7	0	0
6337_sub1	0	1	0	1	0	0	0	1
6337_sub2	0	1	1	0	0	0	1	0
6337_sub3	0	1	0	1	0	0	0	1
6347_sub0	0	1	0	1	0	0	0	1
6347_sub1	1	9	4	5	4	5	0	0
6347_sub2	0	1	0	1	0	0	0	1
6347_sub3	0	1	1	0	0	0	1	0
6347_sub4	0	1	1	0	0	0	1	0
6349_sub0	0	1	1	0	0	0	1	0
6349_sub1	0	1	1	0	0	0	1	0
6349_sub2	0	1	0	1	0	0	0	1
6349_sub3	0	1	0	1	0	0	0	1
6349_sub4	0	1	1	0	0	0	1	0
6349_sub5	0	1	1	0	0	0	1	0
6349_sub6	0	1	1	0	0	0	1	0
6350_sub0	0	1	1	0	0	0	1	0
6350_sub1	1	13	8	5	8	5	0	0
6350_sub2	0	1	1	0	0	0	1	0
6360_sub0	1	18	3	15	3	15	0	0
6360_sub1	0	1	1	0	0	0	1	0
6360_sub2	0	1	0	1	0	0	0	1
6360_sub3	0	1	0	1	0	0	0	1
6360_sub4	0	1	0	1	0	0	0	1
6365_sub0	0	1	1	0	0	0	1	0
6365_sub1	1	12	2	10	2	10	0	0
6365_sub2	0	1	1	0	0	0	1	0
6365_sub3	0	1	0	1	0	0	0	1
6368_sub0	0	1	0	1	0	0	0	1
6368_sub1	0	3	3	0	0	0	3	0
6368_sub2	0	1	0	1	0	0	0	1
6368_sub3	0	1	1	0	0	0	1	0
6371_sub0	1	6	2	4	2	4	0	0
6371_sub1	0	1	1	0	0	0	1	0
6371_sub2	0	1	0	1	0	0	0	1
6371_sub3	0	1	0	1	0	0	0	1
6372_sub0	0	1	1	0	0	0	1	0
6372_sub1	1	7	5	2	5	2	0	0
6372_sub2	0	1	1	0	0	0	1	0
6376_sub0	1	10	2	8	2	8	0	0
6376_sub1	0	1	1	0	0	0	1	0
6376_sub2	0	1	0	1	0	0	0	1
6379_sub0	0	1	1	0	0	0	1	0
6379_sub1	0	1	0	1	0	0	0	1
6379_sub2	1	9	4	5	4	5	0	0
6380_sub0	1	13	7	6	7	6	0	0
6380_sub1	0	1	0	1	0	0	0	1
6380_sub2	0	1	0	1	0	0	0	1
6380_sub3	0	1	1	0	0	0	1	0
6381_sub0	1	6	4	2	4	2	0	0
6381_sub1	0	1	0	1	0	0	0	1
6381_sub2	0	1	0	1	0	0	0	1
6381_sub3	0	1	0	1	0	0	0	1
6382_sub0	0	1	0	1	0	0	0	1
6382_sub1	0	1	0	1	0	0	0	1
6382_sub2	1	10	6	4	6	4	0	0
6382_sub3	0	1	0	1	0	0	0	1
6392_sub0	0	1	0	1	0	0	0	1
6392_sub1	0	1	1	0	0	0	1	0
6392_sub2	0	1	0	1	0	0	0	1
6392_sub3	0	1	1	0	0	0	1	0
6392_sub4	1	13	6	7	6	7	0	0
6392_sub5	0	1	0	1	0	0	0	1
6397_sub0	1	10	6	4	6	4	0	0
6397_sub1	0	1	1	0	0	0	1	0
6397_sub2	0	1	0	1	0	0	0	1
6398_sub0	0	1	0	1	0	0	0	1
6398_sub1	1	20	11	9	11	9	0	0
640_sub0	1	9	2	7	2	7	0	0
640_sub1	0	1	0	1	0	0	0	1
640_sub2	0	1	1	0	0	0	1	0
640_sub3	0	1	0	1	0	0	0	1
640_sub4	0	1	0	1	0	0	0	1
640_sub5	0	1	1	0	0	0	1	0
6401_sub0	0	1	1	0	0	0	1	0
6401_sub1	1	9	6	3	6	3	0	0
6403_sub0	0	1	0	1	0	0	0	1
6403_sub1	1	15	9	6	9	6	0	0
6403_sub2	0	1	0	1	0	0	0	1
6414_sub0	1	14	7	7	7	7	0	0
6414_sub1	0	1	1	0	0	0	1	0
6414_sub2	0	1	1	0	0	0	1	0
6414_sub3	0	1	1	0	0	0	1	0
6414_sub4	0	1	0	1	0	0	0	1
6414_sub5	0	1	1	0	0	0	1	0
6414_sub6	0	1	0	1	0	0	0	1
6414_sub7	0	2	1	1	0	0	1	1
6414_sub8	0	1	0	1	0	0	0	1
6414_sub9	0	1	1	0	0	0	1	0
6415_sub0	1	19	11	8	11	8	0	0
6415_sub1	0	1	1	0	0	0	1	0
6415_sub2	0	1	0	1	0	0	0	1
6415_sub3	0	1	0	1	0	0	0	1
6416_sub0	0	1	0	1	0	0	0	1
6416_sub1	0	1	1	0	0	0	1	0
6416_sub2	0	1	1	0	0	0	1	0
6416_sub3	0	1	0	1	0	0	0	1
6416_sub4	1	7	2	5	2	5	0	0
6416_sub5	0	1	0	1	0	0	0	1
6416_sub6	0	1	0	1	0	0	0	1
6416_sub7	0	1	1	0	0	0	1	0
6443_sub0	0	1	0	1	0	0	0	1
6443_sub1	0	2	1	1	0	0	1	1
6443_sub2	1	6	1	5	1	5	0	0
6443_sub3	0	1	1	0	0	0	1	0
6444_sub0	0	1	0	1	0	0	0	1
6444_sub1	1	9	3	6	3	6	0	0
6444_sub2	0	1	1	0	0	0	1	0
6444_sub3	0	1	1	0	0	0	1	0
6444_sub4	0	1	0	1	0	0	0	1
6444_sub5	0	1	1	0	0	0	1	0
6447_sub0	1	6	2	4	2	4	0	0
6447_sub1	0	1	0	1	0	0	0	1
6447_sub2	0	1	1	0	0	0	1	0
645_sub0	0	1	1	0	0	0	1	0
645_sub1	1	17	7	10	7	10	0	0
645_sub2	0	1	0	1	0	0	0	1
645_sub3	0	1	1	0	0	0	1	0
6450_sub0	1	26	11	15	10	10	1	5
6450_sub1	0	1	1	0	0	0	1	0
6452_sub0	1	12	4	8	4	8	0	0
6452_sub1	0	1	0	1	0	0	0	1
6452_sub2	0	1	1	0	0	0	1	0
6452_sub3	0	1	0	1	0	0	0	1
6458_sub0	1	8	4	4	4	4	0	0
6458_sub1	0	1	1	0	0	0	1	0
6458_sub2	0	1	1	0	0	0	1	0
646_sub0	0	1	1	0	0	0	1	0
646_sub1	1	7	6	1	6	1	0	0
646_sub2	0	1	0	1	0	0	0	1
646_sub3	0	1	1	0	0	0	1	0
646_sub4	0	1	0	1	0	0	0	1
646_sub5	0	1	0	1	0	0	0	1
6460_sub0	1	7	6	1	6	1	0	0
6460_sub1	0	1	1	0	0	0	1	0
6460_sub2	0	1	1	0	0	0	1	0
647_sub0	0	1	1	0	0	0	1	0
647_sub1	0	1	0	1	0	0	0	1
647_sub2	1	20	10	10	10	10	0	0
647_sub3	0	1	0	1	0	0	0	1
647_sub4	0	1	0	1	0	0	0	1
6474_sub0	0	1	0	1	0	0	0	1
6474_sub1	0	1	0	1	0	0	0	1
6474_sub2	0	1	0	1	0	0	0	1
6474_sub3	0	1	0	1	0	0	0	1
6474_sub4	0	1	1	0	0	0	1	0
6474_sub5	0	1	1	0	0	0	1	0
6479_sub0	0	1	1	0	0	0	1	0
6479_sub1	0	1	0	1	0	0	0	1
6479_sub2	1	10	7	3	7	3	0	0
6479_sub3	0	1	0	1	0	0	0	1
6479_sub4	0	1	0	1	0	0	0	1
6479_sub5	0	1	0	1	0	0	0	1
6479_sub6	0	1	0	1	0	0	0	1
648_sub0	0	1	0	1	0	0	0	1
648_sub1	1	16	4	12	4	12	0	0
648_sub2	0	1	1	0	0	0	1	0
648_sub3	0	1	0	1	0	0	0	1
648_sub4	0	1	0	1	0	0	0	1
6481_sub0	0	1	0	1	0	0	0	1
6481_sub1	0	1	1	0	0	0	1	0
6481_sub2	0	1	1	0	0	0	1	0
6481_sub3	0	1	1	0	0	0	1	0
6481_sub4	0	1	0	1	0	0	0	1
6481_sub5	0	1	1	0	0	0	1	0
6483_sub0	1	17	7	10	7	10	0	0
6483_sub1	0	1	0	1	0	0	0	1
6483_sub2	0	1	1	0	0	0	1	0
6483_sub3	0	2	0	2	0	0	0	2
6483_sub4	0	1	1	0	0	0	1	0
6484_sub0	1	17	5	12	5	12	0	0
6484_sub1	0	1	1	0	0	0	1	0
6484_sub2	0	1	0	1	0	0	0	1
6484_sub3	0	1	1	0	0	0	1	0
6484_sub4	0	2	1	1	0	0	1	1
6484_sub5	0	1	0	1	0	0	0	1
6484_sub6	0	1	1	0	0	0	1	0
6484_sub7	0	1	0	1	0	0	0	1
6484_sub8	0	1	1	0	0	0	1	0
6489_sub0	1	10	5	5	5	5	0	0
6489_sub1	0	1	1	0	0	0	1	0
6489_sub2	0	1	0	1	0	0	0	1
6496_sub0	1	14	6	8	6	8	0	0
6496_sub1	0	1	1	0	0	0	1	0
6496_sub2	0	1	0	1	0	0	0	1
6496_sub3	0	1	1	0	0	0	1	0
6498_sub0	0	1	0	1	0	0	0	1
6498_sub1	0	1	1	0	0	0	1	0
6498_sub2	0	1	0	1	0	0	0	1
6498_sub3	0	1	0	1	0	0	0	1
6498_sub4	0	1	1	0	0	0	1	0
6498_sub5	0	1	0	1	0	0	0	1
6498_sub6	0	1	0	1	0	0	0	1
6499_sub0	1	7	1	6	1	6	0	0
6499_sub1	0	1	1	0	0	0	1	0
6499_sub2	0	1	1	0	0	0	1	0
6499_sub3	0	1	1	0	0	0	1	0
6499_sub4	0	1	0	1	0	0	0	1
6499_sub5	0	1	0	1	0	0	0	1
65_sub0	0	1	0	1	0	0	0	1
65_sub1	1	19	11	8	11	8	0	0
65_sub2	0	1	1	0	0	0	1	0
65_sub3	0	1	1	0	0	0	1	0
65_sub4	0	1	0	1	0	0	0	1
650_sub0	0	1	0	1	0	0	0	1
650_sub1	1	7	4	3	4	3	0	0
650_sub2	0	1	1	0	0	0	1	0
650_sub3	0	1	1	0	0	0	1	0
650_sub4	0	1	0	1	0	0	0	1
6501_sub0	1	22	9	13	9	11	0	2
6501_sub1	0	1	0	1	0	0	0	1
6502_sub0	0	1	0	1	0	0	0	1
6502_sub1	0	1	0	1	0	0	0	1
6502_sub2	0	1	1	0	0	0	1	0
6502_sub3	0	1	1	0	0	0	1	0
6502_sub4	0	1	0	1	0	0	0	1
6502_sub5	0	1	1	0	0	0	1	0
6506_sub0	1	10	4	6	4	6	0	0
6506_sub1	0	1	0	1	0	0	0	1
6506_sub2	0	1	1	0	0	0	1	0
651_sub0	0	1	1	0	0	0	1	0
651_sub1	1	16	9	7	9	7	0	0
651_sub2	0	1	0	1	0	0	0	1
651_sub3	0	1	0	1	0	0	0	1
6512_sub0	1	12	5	7	5	7	0	0
6512_sub1	0	1	1	0	0	0	1	0
6512_sub2	0	1	1	0	0	0	1	0
652_sub0	0	1	1	0	0	0	1	0
652_sub1	0	1	0	1	0	0	0	1
652_sub2	0	1	0	1	0	0	0	1
652_sub3	0	1	1	0	0	0	1	0
652_sub4	1	13	5	8	5	8	0	0
652_sub5	0	1	0	1	0	0	0	1
6521_sub0	1	10	3	7	3	7	0	0
6521_sub1	0	1	1	0	0	0	1	0
6521_sub2	0	1	0	1	0	0	0	1
6521_sub3	0	1	0	1	0	0	0	1
6521_sub4	0	1	1	0	0	0	1	0
6521_sub5	0	1	0	1	0	0	0	1
6529_sub0	0	1	0	1	0	0	0	1
6529_sub1	0	1	1	0	0	0	1	0
6529_sub2	1	7	5	2	5	2	0	0
6529_sub3	0	1	0	1	0	0	0	1
653_sub0	0	1	0	1	0	0	0	1
653_sub1	1	16	7	9	7	9	0	0
653_sub2	0	1	1	0	0	0	1	0
653_sub3	0	1	0	1	0	0	0	1
653_sub4	0	1	0	1	0	0	0	1
653_sub5	0	1	0	1	0	0	0	1
6535_sub0	0	5	2	3	0	0	2	3
6535_sub1	0	1	0	1	0	0	0	1
6535_sub2	0	1	0	1	0	0	0	1
6543_sub0	1	6	3	3	3	3	0	0
6543_sub1	0	1	0	1	0	0	0	1
6543_sub2	0	1	1	0	0	0	1	0
6543_sub3	0	1	1	0	0	0	1	0
6556_sub0	1	12	7	5	7	5	0	0
6556_sub1	0	1	0	1	0	0	0	1
6556_sub2	0	1	0	1	0	0	0	1
6556_sub3	0	1	0	1	0	0	0	1
6556_sub4	0	1	0	1	0	0	0	1
6556_sub5	0	1	1	0	0	0	1	0
6566_sub0	1	16	8	8	8	8	0	0
6566_sub1	0	1	1	0	0	0	1	0
6566_sub2	0	1	0	1	0	0	0	1
6566_sub3	0	1	0	1	0	0	0	1
6566_sub4	0	1	0	1	0	0	0	1
6566_sub5	0	1	0	1	0	0	0	1
6567_sub0	1	18	7	11	7	11	0	0
6567_sub1	0	1	1	0	0	0	1	0
6567_sub2	0	1	1	0	0	0	1	0
6567_sub3	0	1	0	1	0	0	0	1
6567_sub4	0	1	0	1	0	0	0	1
6572_sub0	1	19	10	9	10	9	0	0
6572_sub1	0	1	0	1	0	0	0	1
6572_sub2	0	1	0	1	0	0	0	1
6572_sub3	0	1	0	1	0	0	0	1
6572_sub4	0	1	0	1	0	0	0	1
6572_sub5	0	1	0	1	0	0	0	1
6576_sub0	1	20	9	11	9	11	0	0
6576_sub1	0	1	0	1	0	0	0	1
6576_sub2	0	1	1	0	0	0	1	0
6576_sub3	0	1	0	1	0	0	0	1
6579_sub0	0	1	0	1	0	0	0	1
6579_sub1	1	9	6	3	6	3	0	0
6579_sub2	0	1	0	1	0	0	0	1
6581_sub0	1	16	8	8	8	8	0	0
6581_sub1	0	1	1	0	0	0	1	0
6581_sub2	0	1	1	0	0	0	1	0
6585_sub0	1	12	2	10	2	10	0	0
6588_sub0	1	16	4	12	4	12	0	0
6588_sub1	0	1	0	1	0	0	0	1
6588_sub2	0	1	0	1	0	0	0	1
6588_sub3	0	1	0	1	0	0	0	1
6588_sub4	0	1	1	0	0	0	1	0
6588_sub5	0	1	0	1	0	0	0	1
659_sub0	0	1	0	1	0	0	0	1
659_sub1	0	1	0	1	0	0	0	1
659_sub2	0	1	1	0	0	0	1	0
659_sub3	0	1	0	1	0	0	0	1
659_sub4	1	15	5	10	5	10	0	0
659_sub5	0	1	0	1	0	0	0	1
659_sub6	0	1	1	0	0	0	1	0
659_sub7	0	1	1	0	0	0	1	0
659_sub8	0	1	0	1	0	0	0	1
659_sub9	0	1	1	0	0	0	1	0
6590_sub0	1	18	7	11	7	11	0	0
6590_sub1	0	1	0	1	0	0	0	1
6590_sub2	0	1	1	0	0	0	1	0
6590_sub3	0	1	0	1	0	0	0	1
6590_sub4	0	1	0	1	0	0	0	1
6590_sub5	0	1	0	1	0	0	0	1
6593_sub0	1	15	7	8	7	8	0	0
6593_sub1	0	1	1	0	0	0	1	0
6597_sub0	0	1	0	1	0	0	0	1
6597_sub1	0	1	0	1	0	0	0	1
6597_sub2	0	1	1	0	0	0	1	0
6597_sub3	0	1	0	1	0	0	0	1
6597_sub4	0	1	0	1	0	0	0	1
6597_sub5	0	1	1	0	0	0	1	0
6599_sub0	1	19	12	7	12	7	0	0
6599_sub1	0	1	0	1	0	0	0	1
6599_sub2	0	1	0	1	0	0	0	1
6599_sub3	0	1	1	0	0	0	1	0
6599_sub4	0	1	1	0	0	0	1	0
6606_sub0	0	4	2	2	0	0	2	2
6606_sub1	0	1	0	1	0	0	0	1
6606_sub2	0	1	1	0	0	0	1	0
6606_sub3	0	1	0	1	0	0	0	1
662_sub0	0	1	1	0	0	0	1	0
662_sub1	1	7	5	2	5	2	0	0
662_sub2	0	1	1	0	0	0	1	0
6622_sub0	0	1	0	1	0	0	0	1
6622_sub1	1	16	9	7	9	7	0	0
6622_sub2	0	1	0	1	0	0	0	1
6622_sub3	0	1	1	0	0	0	1	0
6622_sub4	0	1	0	1	0	0	0	1
6623_sub0	1	6	2	4	2	4	0	0
6631_sub0	1	14	5	9	5	9	0	0
6631_sub1	0	1	1	0	0	0	1	0
6631_sub2	0	1	0	1	0	0	0	1
6631_sub3	0	1	0	1	0	0	0	1
6633_sub0	1	9	6	3	6	3	0	0
6633_sub1	0	1	0	1	0	0	0	1
6636_sub0	0	1	1	0	0	0	1	0
6636_sub1	1	8	3	5	3	5	0	0
6636_sub2	0	1	0	1	0	0	0	1
6636_sub3	0	1	1	0	0	0	1	0
6640_sub0	0	1	0	1	0	0	0	1
6640_sub1	1	24	10	14	10	10	0	4
6640_sub2	0	1	1	0	0	0	1	0
6648_sub0	0	1	0	1	0	0	0	1
6648_sub1	0	5	3	2	0	0	3	2
665_sub0	0	1	0	1	0	0	0	1
665_sub1	0	1	0	1	0	0	0	1
665_sub2	1	11	4	7	4	7	0	0
665_sub3	0	1	0	1	0	0	0	1
6659_sub0	0	1	1	0	0	0	1	0
6659_sub1	1	11	5	6	5	6	0	0
6659_sub2	0	1	0	1	0	0	0	1
6659_sub3	0	1	0	1	0	0	0	1
6659_sub4	0	1	0	1	0	0	0	1
6659_sub5	0	1	1	0	0	0	1	0
6659_sub6	0	1	1	0	0	0	1	0
6667_sub0	1	9	3	6	3	6	0	0
6667_sub1	0	1	0	1	0	0	0	1
6673_sub0	0	1	0	1	0	0	0	1
6673_sub1	0	1	0	1	0	0	0	1
6673_sub2	0	1	1	0	0	0	1	0
6673_sub3	0	1	0	1	0	0	0	1
6673_sub4	0	1	0	1	0	0	0	1
6673_sub5	0	1	1	0	0	0	1	0
668_sub0	0	1	0	1	0	0	0	1
668_sub1	1	14	8	6	8	6	0	0
668_sub2	0	1	0	1	0	0	0	1
6685_sub0	1	8	6	2	6	2	0	0
6685_sub1	0	1	0	1	0	0	0	1
6685_sub2	0	1	0	1	0	0	0	1
6685_sub3	0	1	0	1	0	0	0	1
6685_sub4	0	1	1	0	0	0	1	0
6685_sub5	0	1	0	1	0	0	0	1
6691_sub0	0	1	0	1	0	0	0	1
6691_sub1	0	1	1	0	0	0	1	0
6691_sub2	1	6	4	2	4	2	0	0
6691_sub3	0	1	0	1	0	0	0	1
6694_sub0	0	1	1	0	0	0	1	0
6694_sub1	1	16	6	10	6	10	0	0
67_sub0	0	1	0	1	0	0	0	1
67_sub1	0	1	0	1	0	0	0	1
67_sub2	1	10	4	6	4	6	0	0
67_sub3	0	1	1	0	0	0	1	0
67_sub4	0	1	0	1	0	0	0	1
67_sub5	0	1	0	1	0	0	0	1
6703_sub0	0	1	1	0	0	0	1	0
6703_sub1	1	16	9	7	9	7	0	0
6703_sub2	0	1	1	0	0	0	1	0
6703_sub3	0	1	0	1	0	0	0	1
671_sub0	0	1	1	0	0	0	1	0
671_sub1	1	11	5	6	5	6	0	0
6715_sub0	0	1	1	0	0	0	1	0
6715_sub1	1	12	7	5	7	5	0	0
6722_sub0	0	1	1	0	0	0	1	0
6722_sub1	0	3	2	1	0	0	2	1
6722_sub2	0	1	1	0	0	0	1	0
6722_sub3	0	1	1	0	0	0	1	0
6722_sub4	0	1	1	0	0	0	1	0
6722_sub5	0	1	0	1	0	0	0	1
6723_sub0	0	1	0	1	0	0	0	1
6723_sub1	1	17	6	11	6	11	0	0
6723_sub2	0	1	0	1	0	0	0	1
6725_sub0	1	14	6	8	6	8	0	0
6725_sub1	0	1	1	0	0	0	1	0
6725_sub2	0	1	0	1	0	0	0	1
6725_sub3	0	1	1	0	0	0	1	0
6725_sub4	0	1	0	1	0	0	0	1
6725_sub5	0	1	1	0	0	0	1	0
6725_sub6	0	1	0	1	0	0	0	1
6731_sub0	0	1	1	0	0	0	1	0
6731_sub1	1	7	1	6	1	6	0	0
6732_sub0	0	1	0	1	0	0	0	1
6732_sub1	0	1	1	0	0	0	1	0
6732_sub2	0	1	0	1	0	0	0	1
6732_sub3	1	12	8	4	8	4	0	0
6732_sub4	0	1	0	1	0	0	0	1
6732_sub5	0	1	0	1	0	0	0	1
6732_sub6	0	1	1	0	0	0	1	0
6732_sub7	0	1	1	0	0	0	1	0
6732_sub8	0	1	1	0	0	0	1	0
674_sub0	0	1	0	1	0	0	0	1
674_sub1	0	1	0	1	0	0	0	1
674_sub2	1	9	5	4	5	4	0	0
674_sub3	0	1	1	0	0	0	1	0
674_sub4	0	1	0	1	0	0	0	1
674_sub5	0	1	0	1	0	0	0	1
674_sub6	0	1	0	1	0	0	0	1
674_sub7	0	1	1	0	0	0	1	0
674_sub8	0	1	0	1	0	0	0	1
674_sub9	0	1	1	0	0	0	1	0
6742_sub0	1	11	4	7	4	7	0	0
6742_sub1	0	1	0	1	0	0	0	1
6746_sub0	1	12	4	8	4	8	0	0
6746_sub1	0	1	0	1	0	0	0	1
6748_sub0	1	6	2	4	2	4	0	0
6748_sub1	0	1	1	0	0	0	1	0
6748_sub2	0	1	0	1	0	0	0	1
6748_sub3	0	1	1	0	0	0	1	0
6748_sub4	0	1	0	1	0	0	0	1
6755_sub0	0	1	0	1	0	0	0	1
6755_sub1	1	7	2	5	2	5	0	0
6755_sub2	0	1	1	0	0	0	1	0
6756_sub0	0	1	0	1	0	0	0	1
6756_sub1	0	1	0	1	0	0	0	1
6756_sub2	0	1	1	0	0	0	1	0
6756_sub3	0	1	0	1	0	0	0	1
6756_sub4	0	1	1	0	0	0	1	0
6756_sub5	0	1	0	1	0	0	0	1
676_sub0	0	1	0	1	0	0	0	1
676_sub1	1	15	9	6	9	6	0	0
676_sub2	0	1	0	1	0	0	0	1
6761_sub0	1	12	6	6	6	6	0	0
6761_sub1	0	1	1	0	0	0	1	0
6761_sub2	0	1	1	0	0	0	1	0
6761_sub3	0	1	0	1	0	0	0	1
6767_sub0	0	1	1	0	0	0	1	0
6767_sub1	1	11	6	5	6	5	0	0
677_sub0	0	1	0	1	0	0	0	1
677_sub1	1	9	8	1	8	1	0	0
677_sub2	0	1	0	1	0	0	0	1
677_sub3	0	1	1	0	0	0	1	0
6770_sub0	0	1	1	0	0	0	1	0
6770_sub1	1	11	5	6	5	6	0	0
6770_sub2	0	1	1	0	0	0	1	0
6773_sub0	1	11	3	8	3	8	0	0
6773_sub1	0	1	1	0	0	0	1	0
6773_sub2	0	1	0	1	0	0	0	1
6774_sub0	0	1	0	1	0	0	0	1
6774_sub1	1	8	6	2	6	2	0	0
6777_sub0	0	1	0	1	0	0	0	1
6777_sub1	0	1	1	0	0	0	1	0
6777_sub2	0	3	0	3	0	0	0	3
6777_sub3	0	1	0	1	0	0	0	1
6777_sub4	0	1	1	0	0	0	1	0
6777_sub5	0	1	1	0	0	0	1	0
6788_sub0	0	1	0	1	0	0	0	1
6788_sub1	0	1	1	0	0	0	1	0
6788_sub2	0	1	1	0	0	0	1	0
6788_sub3	0	1	1	0	0	0	1	0
6788_sub4	0	1	0	1	0	0	0	1
6788_sub5	0	1	0	1	0	0	0	1
6795_sub0	0	1	0	1	0	0	0	1
6795_sub1	0	1	0	1	0	0	0	1
6795_sub2	0	2	2	0	0	0	2	0
6795_sub3	0	1	0	1	0	0	0	1
6795_sub4	0	1	0	1	0	0	0	1
6795_sub5	0	1	0	1	0	0	0	1
6803_sub0	0	1	1	0	0	0	1	0
6803_sub1	1	8	2	6	2	6	0	0
6803_sub2	0	1	0	1	0	0	0	1
6804_sub0	0	1	1	0	0	0	1	0
6804_sub1	0	1	0	1	0	0	0	1
6804_sub2	1	10	6	4	6	4	0	0
6804_sub3	0	1	0	1	0	0	0	1
6809_sub0	0	1	0	1	0	0	0	1
6809_sub1	0	1	1	0	0	0	1	0
6809_sub2	0	1	0	1	0	0	0	1
6809_sub3	0	1	0	1	0	0	0	1
6809_sub4	0	1	1	0	0	0	1	0
6809_sub5	0	1	1	0	0	0	1	0
6820_sub0	0	1	0	1	0	0	0	1
6820_sub1	0	1	0	1	0	0	0	1
6820_sub2	0	1	0	1	0	0	0	1
6820_sub3	0	1	0	1	0	0	0	1
6820_sub4	0	1	1	0	0	0	1	0
6820_sub5	0	1	0	1	0	0	0	1
6827_sub0	0	1	1	0	0	0	1	0
6827_sub1	0	1	0	1	0	0	0	1
6827_sub2	0	1	1	0	0	0	1	0
6827_sub3	0	4	2	2	0	0	2	2
6836_sub0	0	5	2	3	0	0	2	3
6836_sub1	0	1	1	0	0	0	1	0
6837_sub0	0	1	0	1	0	0	0	1
6837_sub1	1	14	7	7	7	7	0	0
6837_sub2	0	1	1	0	0	0	1	0
6838_sub0	1	9	7	2	7	2	0	0
6838_sub1	0	1	1	0	0	0	1	0
6838_sub2	0	1	0	1	0	0	0	1
6838_sub3	0	1	1	0	0	0	1	0
6843_sub0	0	5	3	2	0	0	3	2
6843_sub1	0	1	1	0	0	0	1	0
6843_sub2	0	1	0	1	0	0	0	1
6843_sub3	0	1	0	1	0	0	0	1
6845_sub0	0	1	0	1	0	0	0	1
6845_sub1	0	5	3	2	0	0	3	2
6845_sub2	0	1	1	0	0	0	1	0
6846_sub0	0	1	0	1	0	0	0	1
6846_sub1	0	1	0	1	0	0	0	1
6846_sub2	0	1	0	1	0	0	0	1
6846_sub3	0	1	0	1	0	0	0	1
6846_sub4	0	1	0	1	0	0	0	1
6846_sub5	0	1	0	1	0	0	0	1
6847_sub0	0	1	0	1	0	0	0	1
6847_sub1	0	1	1	0	0	0	1	0
6847_sub2	0	1	0	1	0	0	0	1
6847_sub3	0	1	0	1	0	0	0	1
6847_sub4	0	1	0	1	0	0	0	1
6847_sub5	0	1	0	1	0	0	0	1
6847_sub6	0	1	1	0	0	0	1	0
6847_sub7	0	1	1	0	0	0	1	0
6849_sub0	1	9	4	5	4	5	0	0
6849_sub1	0	1	0	1	0	0	0	1
6849_sub2	0	1	1	0	0	0	1	0
6849_sub3	0	1	0	1	0	0	0	1
6849_sub4	0	1	1	0	0	0	1	0
6849_sub5	0	1	1	0	0	0	1	0
685_sub0	0	1	0	1	0	0	0	1
685_sub1	1	13	8	5	8	5	0	0
685_sub2	0	1	1	0	0	0	1	0
685_sub3	0	2	1	1	0	0	1	1
6851_sub0	0	1	1	0	0	0	1	0
6851_sub1	0	1	1	0	0	0	1	0
6851_sub2	0	1	0	1	0	0	0	1
6851_sub3	0	4	2	2	0	0	2	2
6851_sub4	0	1	0	1	0	0	0	1
6853_sub0	1	25	10	15	10	10	0	5
6855_sub0	1	12	6	6	6	6	0	0
6855_sub1	0	1	1	0	0	0	1	0
6855_sub2	0	1	0	1	0	0	0	1
6855_sub3	0	1	0	1	0	0	0	1
6857_sub0	0	1	0	1	0	0	0	1
6857_sub1	1	12	7	5	7	5	0	0
6859_sub0	0	4	1	3	0	0	1	3
6859_sub1	0	1	1	0	0	0	1	0
6859_sub2	0	1	1	0	0	0	1	0
6863_sub0	0	1	0	1	0	0	0	1
6863_sub1	0	1	0	1	0	0	0	1
6863_sub2	0	1	1	0	0	0	1	0
6863_sub3	0	1	1	0	0	0	1	0
6863_sub4	0	1	1	0	0	0	1	0
6863_sub5	0	1	1	0	0	0	1	0
6863_sub6	0	1	1	0	0	0	1	0
6863_sub7	0	1	0	1	0	0	0	1
6867_sub0	1	13	7	6	7	6	0	0
6867_sub1	0	1	1	0	0	0	1	0
6867_sub2	0	1	0	1	0	0	0	1
6867_sub3	0	1	0	1	0	0	0	1
6867_sub4	0	1	1	0	0	0	1	0
6867_sub5	0	1	0	1	0	0	0	1
687_sub0	1	16	4	12	4	12	0	0
687_sub1	0	1	0	1	0	0	0	1
6871_sub0	0	1	0	1	0	0	0	1
6871_sub1	0	1	1	0	0	0	1	0
6871_sub2	0	1	0	1	0	0	0	1
6871_sub3	0	1	1	0	0	0	1	0
6871_sub4	0	1	1	0	0	0	1	0
6871_sub5	0	1	0	1	0	0	0	1
6875_sub0	1	12	5	7	5	7	0	0
6875_sub1	0	1	0	1	0	0	0	1
6875_sub2	0	1	1	0	0	0	1	0
6875_sub3	0	1	1	0	0	0	1	0
6875_sub4	0	1	1	0	0	0	1	0
6875_sub5	0	1	0	1	0	0	0	1
6875_sub6	0	1	1	0	0	0	1	0
6876_sub0	1	10	7	3	7	3	0	0
6876_sub1	0	1	0	1	0	0	0	1
6876_sub2	0	1	1	0	0	0	1	0
6877_sub0	0	1	0	1	0	0	0	1
6877_sub1	1	11	5	6	5	6	0	0
6877_sub2	0	1	0	1	0	0	0	1
6877_sub3	0	1	0	1	0	0	0	1
6879_sub0	1	10	3	7	3	7	0	0
6879_sub1	0	1	1	0	0	0	1	0
6879_sub2	0	1	0	1	0	0	0	1
6879_sub3	0	1	0	1	0	0	0	1
6883_sub0	1	10	4	6	4	6	0	0
6884_sub0	0	1	0	1	0	0	0	1
6884_sub1	1	6	6	0	6	0	0	0
6884_sub2	0	1	0	1	0	0	0	1
6888_sub0	0	1	0	1	0	0	0	1
6888_sub1	0	1	1	0	0	0	1	0
6888_sub2	0	1	0	1	0	0	0	1
6888_sub3	0	1	0	1	0	0	0	1
6888_sub4	0	1	1	0	0	0	1	0
6888_sub5	0	1	0	1	0	0	0	1
6888_sub6	0	1	1	0	0	0	1	0
689_sub0	0	1	1	0	0	0	1	0
689_sub1	1	8	3	5	3	5	0	0
689_sub2	0	1	1	0	0	0	1	0
6890_sub0	0	1	0	1	0	0	0	1
6890_sub1	1	8	4	4	4	4	0	0
6890_sub2	0	1	1	0	0	0	1	0
6890_sub3	0	1	0	1	0	0	0	1
6891_sub0	0	4	1	3	0	0	1	3
6891_sub1	0	1	0	1	0	0	0	1
6891_sub2	0	1	0	1	0	0	0	1
6892_sub0	1	10	1	9	1	9	0	0
6892_sub1	0	1	1	0	0	0	1	0
690_sub0	0	1	0	1	0	0	0	1
690_sub1	1	8	3	5	3	5	0	0
690_sub2	0	1	0	1	0	0	0	1
690_sub3	0	1	1	0	0	0	1	0
6914_sub0	0	1	0	1	0	0	0	1
6914_sub1	0	1	1	0	0	0	1	0
6914_sub2	0	1	0	1	0	0	0	1
6914_sub3	0	1	0	1	0	0	0	1
6914_sub4	0	1	1	0	0	0	1	0
6914_sub5	0	1	1	0	0	0	1	0
6921_sub0	0	1	0	1	0	0	0	1
6921_sub1	1	11	7	4	7	4	0	0
6921_sub2	1	11	4	7	4	7	0	0
6921_sub3	0	1	1	0	0	0	1	0
6921_sub4	0	1	0	1	0	0	0	1
6926_sub0	0	1	1	0	0	0	1	0
6926_sub1	1	15	10	5	10	5	0	0
6926_sub2	0	1	0	1	0	0	0	1
6926_sub3	0	1	0	1	0	0	0	1
6935_sub0	0	1	0	1	0	0	0	1
6935_sub1	1	6	4	2	4	2	0	0
6936_sub0	0	1	0	1	0	0	0	1
6936_sub1	1	9	7	2	7	2	0	0
6938_sub0	0	1	0	1	0	0	0	1
6938_sub1	0	1	0	1	0	0	0	1
6938_sub2	0	1	1	0	0	0	1	0
6938_sub3	0	1	1	0	0	0	1	0
6938_sub4	0	1	1	0	0	0	1	0
6938_sub5	0	1	1	0	0	0	1	0
6938_sub6	0	1	0	1	0	0	0	1
6943_sub0	0	1	1	0	0	0	1	0
6943_sub1	1	17	7	10	7	10	0	0
6943_sub2	0	1	1	0	0	0	1	0
6943_sub3	0	1	0	1	0	0	0	1
6943_sub4	0	1	0	1	0	0	0	1
6949_sub0	0	1	1	0	0	0	1	0
6949_sub1	1	7	3	4	3	4	0	0
6949_sub2	0	1	1	0	0	0	1	0
6949_sub3	0	1	0	1	0	0	0	1
6957_sub0	0	1	0	1	0	0	0	1
6957_sub1	0	1	1	0	0	0	1	0
6957_sub2	0	1	1	0	0	0	1	0
6957_sub3	0	1	0	1	0	0	0	1
6957_sub4	0	1	1	0	0	0	1	0
6957_sub5	0	1	1	0	0	0	1	0
6957_sub6	0	1	1	0	0	0	1	0
696_sub0	0	1	0	1	0	0	0	1
696_sub1	1	17	10	7	10	7	0	0
696_sub2	0	1	0	1	0	0	0	1
696_sub3	0	1	1	0	0	0	1	0
696_sub4	0	1	0	1	0	0	0	1
696_sub5	0	1	1	0	0	0	1	0
696_sub6	0	1	1	0	0	0	1	0
696_sub7	0	1	1	0	0	0	1	0
696_sub8	0	1	1	0	0	0	1	0
696_sub9	0	1	0	1	0	0	0	1
6962_sub0	1	13	4	9	4	9	0	0
6962_sub1	0	1	1	0	0	0	1	0
6963_sub0	1	6	3	3	3	3	0	0
6963_sub1	0	1	0	1	0	0	0	1
6963_sub2	0	1	1	0	0	0	1	0
6963_sub3	0	1	1	0	0	0	1	0
6963_sub4	0	1	0	1	0	0	0	1
6969_sub0	1	14	4	10	4	10	0	0
6969_sub1	0	1	0	1	0	0	0	1
6969_sub2	0	1	1	0	0	0	1	0
6969_sub3	0	1	1	0	0	0	1	0
6969_sub4	0	1	0	1	0	0	0	1
6969_sub5	0	1	0	1	0	0	0	1
6969_sub6	0	1	0	1	0	0	0	1
697_sub0	0	1	1	0	0	0	1	0
697_sub1	0	1	0	1	0	0	0	1
697_sub2	1	21	11	10	10	10	1	0
697_sub3	0	1	0	1	0	0	0	1
697_sub4	0	1	1	0	0	0	1	0
697_sub5	0	1	1	0	0	0	1	0
697_sub6	0	1	1	0	0	0	1	0
6971_sub0	1	14	10	4	10	4	0	0
6971_sub1	0	1	1	0	0	0	1	0
6971_sub2	0	1	0	1	0	0	0	1
6971_sub3	0	1	1	0	0	0	1	0
6971_sub4	0	1	1	0	0	0	1	0
6974_sub0	0	1	0	1	0	0	0	1
6974_sub1	0	1	1	0	0	0	1	0
6974_sub2	0	1	0	1	0	0	0	1
6974_sub3	0	1	0	1	0	0	0	1
6974_sub4	0	1	0	1	0	0	0	1
6974_sub5	0	1	1	0	0	0	1	0
6976_sub0	1	6	4	2	4	2	0	0
6976_sub1	0	1	0	1	0	0	0	1
6978_sub0	0	1	0	1	0	0	0	1
6978_sub1	1	8	3	5	3	5	0	0
6978_sub2	0	1	0	1	0	0	0	1
6990_sub0	0	1	1	0	0	0	1	0
6990_sub1	1	20	9	11	9	11	0	0
6990_sub2	0	1	0	1	0	0	0	1
6990_sub3	0	1	0	1	0	0	0	1
6990_sub4	0	1	0	1	0	0	0	1
6990_sub5	0	1	1	0	0	0	1	0
6993_sub0	0	1	1	0	0	0	1	0
6993_sub1	1	14	9	5	9	5	0	0
6997_sub0	0	1	1	0	0	0	1	0
6997_sub1	1	8	5	3	5	3	0	0
6997_sub2	0	1	1	0	0	0	1	0
6997_sub3	0	1	0	1	0	0	0	1
7001_sub0	1	17	10	7	10	7	0	0
7001_sub1	0	1	1	0	0	0	1	0
7001_sub2	0	1	0	1	0	0	0	1
7003_sub0	1	9	6	3	6	3	0	0
7003_sub1	0	1	0	1	0	0	0	1
7003_sub2	0	1	0	1	0	0	0	1
7003_sub3	0	1	1	0	0	0	1	0
7003_sub4	0	1	0	1	0	0	0	1
7003_sub5	0	1	1	0	0	0	1	0
7003_sub6	0	1	1	0	0	0	1	0
7008_sub0	0	5	3	2	0	0	3	2
7008_sub1	0	1	1	0	0	0	1	0
7008_sub2	0	1	0	1	0	0	0	1
7008_sub3	0	1	1	0	0	0	1	0
7011_sub0	0	1	0	1	0	0	0	1
7011_sub1	1	13	8	5	8	5	0	0
7011_sub2	0	1	1	0	0	0	1	0
7011_sub3	0	1	1	0	0	0	1	0
7012_sub0	1	14	8	6	8	6	0	0
7013_sub0	0	1	1	0	0	0	1	0
7013_sub1	1	6	2	4	2	4	0	0
7019_sub0	0	1	1	0	0	0	1	0
7019_sub1	1	6	2	4	2	4	0	0
7022_sub0	1	13	8	5	8	5	0	0
7022_sub1	0	1	1	0	0	0	1	0
7022_sub2	0	1	0	1	0	0	0	1
7022_sub3	0	1	0	1	0	0	0	1
7022_sub4	0	1	0	1	0	0	0	1
703_sub0	0	1	1	0	0	0	1	0
703_sub1	0	1	1	0	0	0	1	0
703_sub2	0	4	4	0	0	0	4	0
7034_sub0	0	1	0	1	0	0	0	1
7034_sub1	1	8	5	3	5	3	0	0
7035_sub0	0	1	1	0	0	0	1	0
7035_sub1	0	1	1	0	0	0	1	0
7035_sub2	0	1	1	0	0	0	1	0
7035_sub3	0	1	1	0	0	0	1	0
7035_sub4	0	1	1	0	0	0	1	0
7035_sub5	0	1	0	1	0	0	0	1
7036_sub0	0	1	0	1	0	0	0	1
7036_sub1	1	15	4	11	4	11	0	0
7036_sub2	0	1	0	1	0	0	0	1
7036_sub3	0	1	0	1	0	0	0	1
7036_sub4	0	1	1	0	0	0	1	0
7036_sub5	0	1	0	1	0	0	0	1
7036_sub6	0	1	1	0	0	0	1	0
7036_sub7	0	1	0	1	0	0	0	1
7036_sub8	0	1	1	0	0	0	1	0
7037_sub0	1	13	7	6	7	6	0	0
7037_sub1	0	1	0	1	0	0	0	1
7037_sub2	0	1	1	0	0	0	1	0
7037_sub3	0	1	0	1	0	0	0	1
7037_sub4	0	1	1	0	0	0	1	0
7037_sub5	0	1	1	0	0	0	1	0
7037_sub6	0	1	1	0	0	0	1	0
7037_sub7	0	1	0	1	0	0	0	1
7038_sub0	0	1	0	1	0	0	0	1
7038_sub1	0	3	2	1	0	0	2	1
7038_sub2	0	1	1	0	0	0	1	0
7038_sub3	0	1	0	1	0	0	0	1
7039_sub0	1	12	3	9	3	9	0	0
7039_sub1	0	1	1	0	0	0	1	0
705_sub0	0	1	0	1	0	0	0	1
705_sub1	1	9	4	5	4	5	0	0
7050_sub0	1	24	12	12	10	10	2	2
7050_sub1	0	1	0	1	0	0	0	1
7050_sub2	0	1	1	0	0	0	1	0
7050_sub3	0	1	0	1	0	0	0	1
7050_sub4	0	1	0	1	0	0	0	1
7052_sub0	1	17	8	9	8	9	0	0
7052_sub1	0	1	0	1	0	0	0	1
7052_sub2	0	1	1	0	0	0	1	0
7052_sub3	0	2	1	1	0	0	1	1
7054_sub0	1	11	5	6	5	6	0	0
7054_sub1	0	1	0	1	0	0	0	1
7054_sub2	0	1	1	0	0	0	1	0
7054_sub3	0	1	0	1	0	0	0	1
7056_sub0	1	14	6	8	6	8	0	0
7056_sub1	0	1	1	0	0	0	1	0
7056_sub2	0	1	1	0	0	0	1	0
7056_sub3	0	1	1	0	0	0	1	0
7056_sub4	0	1	0	1	0	0	0	1
7080_sub0	0	1	1	0	0	0	1	0
7080_sub1	1	6	3	3	3	3	0	0
7080_sub2	0	1	0	1	0	0	0	1
7080_sub3	0	1	1	0	0	0	1	0
7080_sub4	0	1	1	0	0	0	1	0
7080_sub5	0	1	0	1	0	0	0	1
7080_sub6	0	1	1	0	0	0	1	0
7085_sub0	0	1	1	0	0	0	1	0
7085_sub1	1	6	6	0	6	0	0	0
7089_sub0	1	13	7	6	7	6	0	0
7089_sub1	0	1	1	0	0	0	1	0
7089_sub2	0	1	0	1	0	0	0	1
7089_sub3	0	1	0	1	0	0	0	1
7090_sub0	0	1	1	0	0	0	1	0
7090_sub1	0	4	1	3	0	0	1	3
7090_sub2	0	1	1	0	0	0	1	0
7090_sub3	0	1	1	0	0	0	1	0
7093_sub0	0	1	1	0	0	0	1	0
7093_sub1	1	21	8	13	8	12	0	1
7093_sub2	0	1	0	1	0	0	0	1
7100_sub0	0	1	0	1	0	0	0	1
7100_sub1	0	1	1	0	0	0	1	0
7100_sub2	0	1	0	1	0	0	0	1
7100_sub3	0	1	1	0	0	0	1	0
7100_sub4	0	1	1	0	0	0	1	0
7100_sub5	0	1	1	0	0	0	1	0
7100_sub6	0	1	1	0	0	0	1	0
7100_sub7	0	1	0	1	0	0	0	1
7101_sub0	0	1	1	0	0	0	1	0
7101_sub1	1	6	4	2	4	2	0	0
7109_sub0	0	1	1	0	0	0	1	0
7109_sub1	1	7	2	5	2	5	0	0
7109_sub2	0	1	1	0	0	0	1	0
711_sub0	0	1	0	1	0	0	0	1
711_sub1	1	7	5	2	5	2	0	0
711_sub2	0	1	1	0	0	0	1	0
711_sub3	0	1	0	1	0	0	0	1
711_sub4	0	1	0	1	0	0	0	1
7113_sub0	0	1	1	0	0	0	1	0
7113_sub1	1	19	9	10	9	10	0	0
7113_sub2	0	1	1	0	0	0	1	0
7114_sub0	0	1	0	1	0	0	0	1
7114_sub1	0	1	1	0	0	0	1	0
7114_sub2	0	1	0	1	0	0	0	1
7114_sub3	0	1	0	1	0	0	0	1
7114_sub4	0	1	0	1	0	0	0	1
7114_sub5	0	1	0	1	0	0	0	1
7127_sub0	0	1	0	1	0	0	0	1
7127_sub1	0	1	0	1	0	0	0	1
7127_sub2	0	1	1	0	0	0	1	0
7127_sub3	0	1	1	0	0	0	1	0
7127_sub4	0	1	1	0	0	0	1	0
7127_sub5	0	1	1	0	0	0	1	0
7130_sub0	1	16	7	9	7	9	0	0
7130_sub1	0	1	1	0	0	0	1	0
7130_sub2	0	1	0	1	0	0	0	1
7130_sub3	0	1	0	1	0	0	0	1
714_sub0	0	1	1	0	0	0	1	0
714_sub1	1	11	5	6	5	6	0	0
7146_sub0	1	12	6	6	6	6	0	0
7146_sub1	0	1	1	0	0	0	1	0
7146_sub2	0	1	0	1	0	0	0	1
7158_sub0	0	1	1	0	0	0	1	0
7158_sub1	1	24	9	15	9	11	0	4
7164_sub0	0	1	0	1	0	0	0	1
7164_sub1	0	5	4	1	0	0	4	1
7167_sub0	1	7	3	4	3	4	0	0
7167_sub1	0	1	1	0	0	0	1	0
7167_sub2	0	1	0	1	0	0	0	1
7168_sub0	0	1	1	0	0	0	1	0
7168_sub1	0	1	0	1	0	0	0	1
7168_sub2	0	1	0	1	0	0	0	1
7168_sub3	0	1	0	1	0	0	0	1
7168_sub4	0	1	1	0	0	0	1	0
7168_sub5	0	1	1	0	0	0	1	0
7175_sub0	1	7	3	4	3	4	0	0
7175_sub1	0	1	0	1	0	0	0	1
7175_sub2	0	1	1	0	0	0	1	0
7175_sub3	0	1	0	1	0	0	0	1
7176_sub0	0	1	0	1	0	0	0	1
7176_sub1	0	1	0	1	0	0	0	1
7176_sub2	0	1	1	0	0	0	1	0
7176_sub3	0	1	0	1	0	0	0	1
7176_sub4	0	1	1	0	0	0	1	0
7176_sub5	0	1	1	0	0	0	1	0
7177_sub0	1	10	3	7	3	7	0	0
7177_sub1	0	1	0	1	0	0	0	1
7177_sub2	0	1	1	0	0	0	1	0
718_sub0	0	1	0	1	0	0	0	1
718_sub1	0	1	1	0	0	0	1	0
718_sub2	0	1	1	0	0	0	1	0
718_sub3	0	1	1	0	0	0	1	0
718_sub4	0	1	1	0	0	0	1	0
718_sub5	0	1	0	1	0	0	0	1
7183_sub0	0	1	0	1	0	0	0	1
7183_sub1	0	1	1	0	0	0	1	0
7183_sub2	0	1	1	0	0	0	1	0
7183_sub3	0	1	1	0	0	0	1	0
7183_sub4	0	1	0	1	0	0	0	1
7183_sub5	0	1	1	0	0	0	1	0
719_sub0	0	1	1	0	0	0	1	0
719_sub1	1	19	10	9	10	9	0	0
719_sub2	0	1	1	0	0	0	1	0
719_sub3	0	1	0	1	0	0	0	1
719_sub4	0	1	1	0	0	0	1	0
719_sub5	0	1	0	1	0	0	0	1
719_sub6	0	1	1	0	0	0	1	0
7190_sub0	1	14	7	7	7	7	0	0
7190_sub1	0	2	1	1	0	0	1	1
7190_sub2	0	1	1	0	0	0	1	0
7190_sub3	0	1	0	1	0	0	0	1
7190_sub4	0	1	1	0	0	0	1	0
7190_sub5	0	1	0	1	0	0	0	1
7190_sub6	0	1	0	1	0	0	0	1
7191_sub0	0	1	1	0	0	0	1	0
7191_sub1	0	1	0	1	0	0	0	1
7191_sub2	0	1	0	1	0	0	0	1
7191_sub3	0	1	1	0	0	0	1	0
7191_sub4	0	1	0	1	0	0	0	1
7191_sub5	0	1	1	0	0	0	1	0
7191_sub6	0	1	0	1	0	0	0	1
7196_sub0	0	1	1	0	0	0	1	0
7196_sub1	0	1	1	0	0	0	1	0
7196_sub2	0	1	1	0	0	0	1	0
7196_sub3	0	1	1	0	0	0	1	0
7196_sub4	0	1	0	1	0	0	0	1
7196_sub5	0	1	0	1	0	0	0	1
7196_sub6	0	1	1	0	0	0	1	0
7196_sub7	0	1	1	0	0	0	1	0
7196_sub8	0	1	0	1	0	0	0	1
720_sub0	0	1	1	0	0	0	1	0
720_sub1	0	1	1	0	0	0	1	0
720_sub2	0	5	1	4	0	0	1	4
720_sub3	0	1	1	0	0	0	1	0
720_sub4	0	1	0	1	0	0	0	1
720_sub5	0	1	0	1	0	0	0	1
7202_sub0	0	1	1	0	0	0	1	0
7202_sub1	0	1	0	1	0	0	0	1
7202_sub2	0	1	1	0	0	0	1	0
7202_sub3	0	1	1	0	0	0	1	0
7202_sub4	0	1	0	1	0	0	0	1
7202_sub5	0	1	0	1	0	0	0	1
7202_sub6	0	1	0	1	0	0	0	1
7202_sub7	0	1	0	1	0	0	0	1
7202_sub8	0	1	1	0	0	0	1	0
7206_sub0	1	16	8	8	8	8	0	0
7206_sub1	0	1	1	0	0	0	1	0
7206_sub2	0	1	1	0	0	0	1	0
7206_sub3	0	1	1	0	0	0	1	0
7210_sub0	0	1	1	0	0	0	1	0
7210_sub1	1	6	4	2	4	2	0	0
7210_sub2	0	1	1	0	0	0	1	0
7210_sub3	0	1	1	0	0	0	1	0
7210_sub4	0	1	0	1	0	0	0	1
7212_sub0	0	1	1	0	0	0	1	0
7212_sub1	0	1	1	0	0	0	1	0
7212_sub2	0	1	0	1	0	0	0	1
7212_sub3	0	1	1	0	0	0	1	0
7212_sub4	0	1	1	0	0	0	1	0
7212_sub5	0	1	1	0	0	0	1	0
7217_sub0	1	10	4	6	4	6	0	0
7217_sub1	0	1	1	0	0	0	1	0
7218_sub0	0	1	1	0	0	0	1	0
7218_sub1	1	6	2	4	2	4	0	0
7218_sub2	0	1	0	1	0	0	0	1
7219_sub0	0	1	0	1	0	0	0	1
7219_sub1	0	1	0	1	0	0	0	1
7219_sub2	0	1	0	1	0	0	0	1
7219_sub3	0	1	1	0	0	0	1	0
7219_sub4	0	1	1	0	0	0	1	0
7219_sub5	0	1	1	0	0	0	1	0
7219_sub6	0	1	0	1	0	0	0	1
7219_sub7	0	1	0	1	0	0	0	1
7219_sub8	0	1	1	0	0	0	1	0
7224_sub0	1	6	3	3	3	3	0	0
7224_sub1	0	1	1	0	0	0	1	0
7224_sub2	0	1	0	1	0	0	0	1
7224_sub3	0	1	1	0	0	0	1	0
7230_sub0	0	1	1	0	0	0	1	0
7230_sub1	0	1	0	1	0	0	0	1
7230_sub2	0	1	0	1	0	0	0	1
7230_sub3	0	1	0	1	0	0	0	1
7230_sub4	0	1	1	0	0	0	1	0
7230_sub5	0	1	0	1	0	0	0	1
7230_sub6	0	1	1	0	0	0	1	0
7233_sub0	1	14	11	3	11	3	0	0
7233_sub1	0	1	1	0	0	0	1	0
7233_sub2	0	1	0	1	0	0	0	1
7233_sub3	0	1	1	0	0	0	1	0
7233_sub4	0	1	1	0	0	0	1	0
7233_sub5	0	1	0	1	0	0	0	1
7233_sub6	0	1	1	0	0	0	1	0
7233_sub7	0	1	0	1	0	0	0	1
7237_sub0	1	10	7	3	7	3	0	0
7242_sub0	0	1	1	0	0	0	1	0
7242_sub1	0	1	1	0	0	0	1	0
7242_sub2	0	1	1	0	0	0	1	0
7242_sub3	0	1	0	1	0	0	0	1
7242_sub4	0	1	1	0	0	0	1	0
7242_sub5	0	1	1	0	0	0	1	0
7242_sub6	0	1	0	1	0	0	0	1
7242_sub7	0	1	0	1	0	0	0	1
7246_sub0	0	1	1	0	0	0	1	0
7246_sub1	0	1	0	1	0	0	0	1
7246_sub2	0	1	1	0	0	0	1	0
7246_sub3	0	1	1	0	0	0	1	0
7246_sub4	0	1	1	0	0	0	1	0
7246_sub5	0	1	1	0	0	0	1	0
7250_sub0	0	1	1	0	0	0	1	0
7250_sub1	1	14	7	7	7	7	0	0
7250_sub2	0	1	1	0	0	0	1	0
7251_sub0	0	1	1	0	0	0	1	0
7251_sub1	0	1	0	1	0	0	0	1
7251_sub2	0	1	0	1	0	0	0	1
7251_sub3	0	1	1	0	0	0	1	0
7251_sub4	0	1	1	0	0	0	1	0
7251_sub5	0	1	0	1	0	0	0	1
7252_sub0	1	7	2	5	2	5	0	0
7252_sub1	0	1	0	1	0	0	0	1
7256_sub0	0	1	1	0	0	0	1	0
7256_sub1	1	7	6	1	6	1	0	0
7257_sub0	0	1	0	1	0	0	0	1
7257_sub1	0	1	0	1	0	0	0	1
7257_sub2	0	1	0	1	0	0	0	1
7257_sub3	0	1	1	0	0	0	1	0
7257_sub4	0	1	0	1	0	0	0	1
7257_sub5	0	1	0	1	0	0	0	1
7257_sub6	0	1	1	0	0	0	1	0
7257_sub7	0	1	1	0	0	0	1	0
7258_sub0	1	7	3	4	3	4	0	0
7258_sub1	0	1	0	1	0	0	0	1
7262_sub0	0	1	0	1	0	0	0	1
7262_sub1	0	1	0	1	0	0	0	1
7262_sub2	0	1	0	1	0	0	0	1
7262_sub3	0	1	0	1	0	0	0	1
7262_sub4	0	1	1	0	0	0	1	0
7262_sub5	0	1	1	0	0	0	1	0
7263_sub0	0	1	1	0	0	0	1	0
7263_sub1	0	1	1	0	0	0	1	0
7263_sub2	0	1	0	1	0	0	0	1
7263_sub3	0	1	1	0	0	0	1	0
7263_sub4	0	1	1	0	0	0	1	0
7263_sub5	0	1	1	0	0	0	1	0
7264_sub0	0	1	1	0	0	0	1	0
7264_sub1	0	1	0	1	0	0	0	1
7264_sub2	0	1	1	0	0	0	1	0
7264_sub3	0	1	0	1	0	0	0	1
7264_sub4	0	1	0	1	0	0	0	1
7264_sub5	0	1	0	1	0	0	0	1
7264_sub6	0	1	0	1	0	0	0	1
7271_sub0	1	7	3	4	3	4	0	0
7271_sub1	0	1	1	0	0	0	1	0
7271_sub2	0	1	0	1	0	0	0	1
7271_sub3	0	1	1	0	0	0	1	0
7271_sub4	0	1	1	0	0	0	1	0
7271_sub5	0	1	1	0	0	0	1	0
7271_sub6	0	1	0	1	0	0	0	1
7276_sub0	0	1	1	0	0	0	1	0
7276_sub1	0	1	1	0	0	0	1	0
7276_sub2	0	1	0	1	0	0	0	1
7276_sub3	0	1	1	0	0	0	1	0
7276_sub4	0	1	1	0	0	0	1	0
7276_sub5	0	1	1	0	0	0	1	0
7276_sub6	0	1	1	0	0	0	1	0
7277_sub0	1	11	5	6	5	6	0	0
7277_sub1	0	1	1	0	0	0	1	0
7277_sub2	0	1	1	0	0	0	1	0
7277_sub3	0	1	0	1	0	0	0	1
728_sub0	0	1	0	1	0	0	0	1
728_sub1	1	8	4	4	4	4	0	0
7281_sub0	0	1	0	1	0	0	0	1
7281_sub1	0	1	1	0	0	0	1	0
7281_sub2	0	1	0	1	0	0	0	1
7281_sub3	0	1	1	0	0	0	1	0
7281_sub4	0	1	1	0	0	0	1	0
7281_sub5	0	2	2	0	0	0	2	0
7281_sub6	0	1	1	0	0	0	1	0
7281_sub7	0	1	1	0	0	0	1	0
7286_sub0	0	2	1	1	0	0	1	1
7286_sub1	0	1	0	1	0	0	0	1
7286_sub2	0	1	1	0	0	0	1	0
7286_sub3	0	1	1	0	0	0	1	0
7286_sub4	0	1	0	1	0	0	0	1
7286_sub5	0	1	0	1	0	0	0	1
7287_sub0	1	23	10	13	10	10	0	3
7287_sub1	0	1	0	1	0	0	0	1
7287_sub2	0	1	0	1	0	0	0	1
7287_sub3	0	1	1	0	0	0	1	0
7287_sub4	0	1	0	1	0	0	0	1
7287_sub5	0	1	0	1	0	0	0	1
7292_sub0	1	11	6	5	6	5	0	0
7292_sub1	0	1	1	0	0	0	1	0
7292_sub2	0	1	1	0	0	0	1	0
7292_sub3	0	1	1	0	0	0	1	0
7293_sub0	1	7	1	6	1	6	0	0
7293_sub1	0	1	1	0	0	0	1	0
7293_sub2	0	1	1	0	0	0	1	0
7293_sub3	0	1	1	0	0	0	1	0
7297_sub0	0	1	0	1	0	0	0	1
7297_sub1	0	1	0	1	0	0	0	1
7297_sub2	0	1	1	0	0	0	1	0
7297_sub3	0	1	1	0	0	0	1	0
7297_sub4	0	1	0	1	0	0	0	1
7297_sub5	0	1	1	0	0	0	1	0
7298_sub0	0	1	0	1	0	0	0	1
7298_sub1	0	1	1	0	0	0	1	0
7298_sub2	0	1	0	1	0	0	0	1
7298_sub3	0	1	1	0	0	0	1	0
7298_sub4	0	1	0	1	0	0	0	1
7298_sub5	0	1	1	0	0	0	1	0
7303_sub0	0	1	1	0	0	0	1	0
7303_sub1	0	1	1	0	0	0	1	0
7303_sub2	0	1	1	0	0	0	1	0
7303_sub3	0	1	0	1	0	0	0	1
7303_sub4	0	1	1	0	0	0	1	0
7303_sub5	0	1	1	0	0	0	1	0
7304_sub0	1	16	4	12	4	12	0	0
7304_sub1	0	1	0	1	0	0	0	1
7304_sub2	0	1	1	0	0	0	1	0
7304_sub3	0	1	0	1	0	0	0	1
7304_sub4	0	1	0	1	0	0	0	1
7304_sub5	0	1	0	1	0	0	0	1
7304_sub6	0	2	0	2	0	0	0	2
7304_sub7	0	1	1	0	0	0	1	0
7307_sub0	1	16	2	14	2	14	0	0
7307_sub1	0	2	0	2	0	0	0	2
7307_sub2	0	1	0	1	0	0	0	1
7307_sub3	0	1	1	0	0	0	1	0
7307_sub4	0	1	0	1	0	0	0	1
7310_sub0	0	1	1	0	0	0	1	0
7310_sub1	0	1	1	0	0	0	1	0
7310_sub2	0	1	1	0	0	0	1	0
7310_sub3	0	1	0	1	0	0	0	1
7310_sub4	0	1	0	1	0	0	0	1
7310_sub5	0	1	1	0	0	0	1	0
7315_sub0	1	14	5	9	5	9	0	0
7315_sub1	0	1	0	1	0	0	0	1
7315_sub2	0	1	0	1	0	0	0	1
7315_sub3	0	1	0	1	0	0	0	1
7315_sub4	0	1	1	0	0	0	1	0
7321_sub0	1	12	3	9	3	9	0	0
7321_sub1	0	1	0	1	0	0	0	1
7321_sub2	0	1	1	0	0	0	1	0
7321_sub3	0	1	1	0	0	0	1	0
7321_sub4	0	1	0	1	0	0	0	1
7321_sub5	0	1	1	0	0	0	1	0
7321_sub6	0	1	0	1	0	0	0	1
7327_sub0	1	7	3	4	3	4	0	0
7329_sub0	0	1	1	0	0	0	1	0
7329_sub1	0	1	1	0	0	0	1	0
7329_sub2	0	1	1	0	0	0	1	0
7329_sub3	0	1	1	0	0	0	1	0
7329_sub4	0	1	0	1	0	0	0	1
7329_sub5	0	1	1	0	0	0	1	0
7330_sub0	1	12	5	7	5	7	0	0
7330_sub1	0	1	0	1	0	0	0	1
7330_sub2	0	1	1	0	0	0	1	0
7335_sub0	0	1	0	1	0	0	0	1
7335_sub1	0	1	1	0	0	0	1	0
7335_sub2	0	1	1	0	0	0	1	0
7335_sub3	0	1	0	1	0	0	0	1
7335_sub4	0	1	0	1	0	0	0	1
7335_sub5	0	1	1	0	0	0	1	0
7335_sub6	0	1	0	1	0	0	0	1
7341_sub0	1	17	9	8	9	8	0	0
7341_sub1	0	1	1	0	0	0	1	0
7341_sub2	0	1	0	1	0	0	0	1
7341_sub3	0	1	1	0	0	0	1	0
7341_sub4	0	1	1	0	0	0	1	0
7341_sub5	0	1	1	0	0	0	1	0
735_sub0	0	1	0	1	0	0	0	1
735_sub1	0	1	1	0	0	0	1	0
735_sub2	0	2	2	0	0	0	2	0
735_sub3	0	1	1	0	0	0	1	0
735_sub4	0	1	0	1	0	0	0	1
735_sub5	0	1	1	0	0	0	1	0
735_sub6	0	1	0	1	0	0	0	1
735_sub7	0	1	1	0	0	0	1	0
735_sub8	0	1	1	0	0	0	1	0
7352_sub0	1	13	8	5	8	5	0	0
7352_sub1	0	1	0	1	0	0	0	1
7354_sub0	0	1	1	0	0	0	1	0
7354_sub1	0	1	1	0	0	0	1	0
7354_sub2	0	1	1	0	0	0	1	0
7354_sub3	0	1	0	1	0	0	0	1
7354_sub4	0	1	0	1	0	0	0	1
7354_sub5	0	1	0	1	0	0	0	1
7354_sub6	0	1	1	0	0	0	1	0
7354_sub7	0	1	0	1	0	0	0	1
7355_sub0	0	1	1	0	0	0	1	0
7355_sub1	0	1	1	0	0	0	1	0
7355_sub2	0	1	0	1	0	0	0	1
7355_sub3	0	1	1	0	0	0	1	0
7355_sub4	0	1	1	0	0	0	1	0
7355_sub5	0	1	0	1	0	0	0	1
7355_sub6	0	1	1	0	0	0	1	0
7358_sub0	0	1	1	0	0	0	1	0
7358_sub1	0	1	1	0	0	0	1	0
7358_sub2	0	1	0	1	0	0	0	1
7358_sub3	0	1	0	1	0	0	0	1
7358_sub4	0	1	0	1	0	0	0	1
7358_sub5	0	1	0	1	0	0	0	1
7364_sub0	0	1	0	1	0	0	0	1
7364_sub1	0	1	1	0	0	0	1	0
7364_sub2	0	1	1	0	0	0	1	0
7364_sub3	0	1	1	0	0	0	1	0
7364_sub4	0	1	0	1	0	0	0	1
7364_sub5	0	1	1	0	0	0	1	0
7364_sub6	0	1	1	0	0	0	1	0
7364_sub7	0	1	1	0	0	0	1	0
7364_sub8	0	1	0	1	0	0	0	1
7366_sub0	1	12	5	7	5	7	0	0
7366_sub1	0	1	0	1	0	0	0	1
7366_sub2	0	1	1	0	0	0	1	0
7366_sub3	0	1	1	0	0	0	1	0
7366_sub4	0	1	0	1	0	0	0	1
7367_sub0	1	9	2	7	2	7	0	0
7367_sub1	0	1	1	0	0	0	1	0
7367_sub2	0	1	0	1	0	0	0	1
7367_sub3	0	1	1	0	0	0	1	0
7369_sub0	1	14	12	2	12	2	0	0
7369_sub1	0	1	1	0	0	0	1	0
7369_sub2	0	1	0	1	0	0	0	1
7369_sub3	0	1	0	1	0	0	0	1
7370_sub0	0	1	1	0	0	0	1	0
7370_sub1	0	1	0	1	0	0	0	1
7370_sub2	0	1	1	0	0	0	1	0
7370_sub3	0	1	0	1	0	0	0	1
7370_sub4	0	1	1	0	0	0	1	0
7370_sub5	0	1	0	1	0	0	0	1
7371_sub0	0	1	0	1	0	0	0	1
7371_sub1	1	18	11	7	11	7	0	0
7372_sub0	1	14	9	5	9	5	0	0
7372_sub1	0	1	1	0	0	0	1	0
7372_sub2	0	1	0	1	0	0	0	1
7372_sub3	0	1	0	1	0	0	0	1
7372_sub4	0	1	0	1	0	0	0	1
7372_sub5	0	1	1	0	0	0	1	0
7372_sub6	0	1	0	1	0	0	0	1
7372_sub7	0	1	1	0	0	0	1	0
7377_sub0	1	11	6	5	6	5	0	0
7377_sub1	0	1	0	1	0	0	0	1
7377_sub2	0	1	0	1	0	0	0	1
7377_sub3	0	1	0	1	0	0	0	1
7379_sub0	0	1	1	0	0	0	1	0
7379_sub1	0	1	1	0	0	0	1	0
7379_sub2	0	1	1	0	0	0	1	0
7379_sub3	0	1	1	0	0	0	1	0
7379_sub4	0	1	0	1	0	0	0	1
7379_sub5	0	1	0	1	0	0	0	1
7393_sub0	0	1	0	1	0	0	0	1
7393_sub1	0	1	1	0	0	0	1	0
7393_sub2	0	1	1	0	0	0	1	0
7393_sub3	0	1	0	1	0	0	0	1
7393_sub4	0	1	0	1	0	0	0	1
7393_sub5	0	1	1	0	0	0	1	0
7395_sub0	0	1	1	0	0	0	1	0
7395_sub1	0	1	1	0	0	0	1	0
7395_sub2	0	1	1	0	0	0	1	0
7395_sub3	0	1	0	1	0	0	0	1
7395_sub4	0	1	0	1	0	0	0	1
7395_sub5	0	1	0	1	0	0	0	1
7395_sub6	0	1	1	0	0	0	1	0
7397_sub0	1	12	4	8	4	8	0	0
7397_sub1	0	1	1	0	0	0	1	0
7397_sub2	0	1	0	1	0	0	0	1
7397_sub3	0	1	0	1	0	0	0	1
7397_sub4	0	1	1	0	0	0	1	0
7397_sub5	0	1	1	0	0	0	1	0
740_sub0	0	1	0	1	0	0	0	1
740_sub1	0	4	2	2	0	0	2	2
740_sub2	0	1	1	0	0	0	1	0
740_sub3	0	1	1	0	0	0	1	0
740_sub4	0	1	1	0	0	0	1	0
7400_sub0	0	1	1	0	0	0	1	0
7400_sub1	0	1	1	0	0	0	1	0
7400_sub2	0	1	0	1	0	0	0	1
7400_sub3	0	1	0	1	0	0	0	1
7400_sub4	0	1	1	0	0	0	1	0
7400_sub5	0	1	1	0	0	0	1	0
7400_sub6	0	1	0	1	0	0	0	1
7400_sub7	0	1	1	0	0	0	1	0
7402_sub0	1	16	7	9	7	9	0	0
7402_sub1	0	1	0	1	0	0	0	1
7402_sub2	0	1	1	0	0	0	1	0
7402_sub3	0	1	1	0	0	0	1	0
7402_sub4	0	1	0	1	0	0	0	1
7402_sub5	0	1	0	1	0	0	0	1
7403_sub0	0	1	1	0	0	0	1	0
7403_sub1	0	1	1	0	0	0	1	0
7403_sub2	0	1	0	1	0	0	0	1
7403_sub3	0	1	0	1	0	0	0	1
7403_sub4	0	1	0	1	0	0	0	1
7403_sub5	0	1	1	0	0	0	1	0
7403_sub6	0	1	0	1	0	0	0	1
7403_sub7	0	1	0	1	0	0	0	1
7403_sub8	0	1	0	1	0	0	0	1
7403_sub9	0	1	0	1	0	0	0	1
7403_sub10	0	1	0	1	0	0	0	1
7409_sub0	0	1	1	0	0	0	1	0
7409_sub1	0	1	1	0	0	0	1	0
7409_sub2	0	1	1	0	0	0	1	0
7409_sub3	0	1	0	1	0	0	0	1
7409_sub4	0	1	0	1	0	0	0	1
7409_sub5	0	1	1	0	0	0	1	0
7412_sub0	1	10	6	4	6	4	0	0
7412_sub1	0	1	0	1	0	0	0	1
7415_sub0	0	1	1	0	0	0	1	0
7415_sub1	1	9	6	3	6	3	0	0
7418_sub0	0	1	1	0	0	0	1	0
7418_sub1	0	1	0	1	0	0	0	1
7418_sub2	0	1	1	0	0	0	1	0
7418_sub3	0	1	1	0	0	0	1	0
7418_sub4	0	1	1	0	0	0	1	0
7418_sub5	0	1	0	1	0	0	0	1
7421_sub0	0	1	1	0	0	0	1	0
7421_sub1	0	1	0	1	0	0	0	1
7421_sub2	0	1	1	0	0	0	1	0
7421_sub3	0	1	1	0	0	0	1	0
7421_sub4	0	1	1	0	0	0	1	0
7421_sub5	0	1	0	1	0	0	0	1
7421_sub6	0	1	0	1	0	0	0	1
7421_sub7	0	1	1	0	0	0	1	0
7429_sub0	0	1	0	1	0	0	0	1
7429_sub1	0	1	0	1	0	0	0	1
7429_sub2	0	1	0	1	0	0	0	1
7429_sub3	0	1	1	0	0	0	1	0
7429_sub4	0	1	1	0	0	0	1	0
7429_sub5	0	1	1	0	0	0	1	0
7429_sub6	0	1	0	1	0	0	0	1
744_sub0	1	14	9	5	9	5	0	0
744_sub1	0	1	0	1	0	0	0	1
744_sub2	0	1	1	0	0	0	1	0
744_sub3	0	1	0	1	0	0	0	1
7440_sub0	0	1	0	1	0	0	0	1
7440_sub1	0	1	0	1	0	0	0	1
7440_sub2	0	1	1	0	0	0	1	0
7440_sub3	0	1	1	0	0	0	1	0
7440_sub4	0	1	0	1	0	0	0	1
7440_sub5	0	1	1	0	0	0	1	0
7441_sub0	1	6	1	5	1	5	0	0
7441_sub1	0	1	0	1	0	0	0	1
7441_sub2	0	1	1	0	0	0	1	0
7441_sub3	0	1	0	1	0	0	0	1
7441_sub4	0	1	0	1	0	0	0	1
7441_sub5	0	1	1	0	0	0	1	0
7441_sub6	0	1	0	1	0	0	0	1
7441_sub7	0	1	0	1	0	0	0	1
7441_sub8	0	1	1	0	0	0	1	0
7441_sub9	0	1	0	1	0	0	0	1
7441_sub10	0	1	0	1	0	0	0	1
7442_sub0	0	1	0	1	0	0	0	1
7442_sub1	0	1	0	1	0	0	0	1
7442_sub2	0	1	1	0	0	0	1	0
7442_sub3	0	1	0	1	0	0	0	1
7442_sub4	0	1	0	1	0	0	0	1
7442_sub5	0	1	0	1	0	0	0	1
7445_sub0	1	18	8	10	8	10	0	0
7445_sub1	0	1	1	0	0	0	1	0
7445_sub2	0	1	1	0	0	0	1	0
745_sub0	0	1	0	1	0	0	0	1
745_sub1	0	5	1	4	0	0	1	4
745_sub2	0	1	1	0	0	0	1	0
7451_sub0	1	19	13	6	13	6	0	0
7451_sub1	0	1	1	0	0	0	1	0
7451_sub2	0	1	1	0	0	0	1	0
7451_sub3	0	1	1	0	0	0	1	0
7451_sub4	0	1	1	0	0	0	1	0
7451_sub5	0	1	1	0	0	0	1	0
7452_sub0	1	12	4	8	4	8	0	0
7452_sub1	0	1	0	1	0	0	0	1
7458_sub0	0	1	0	1	0	0	0	1
7458_sub1	0	1	0	1	0	0	0	1
7458_sub2	0	1	1	0	0	0	1	0
7458_sub3	0	1	0	1	0	0	0	1
7458_sub4	0	1	1	0	0	0	1	0
7458_sub5	0	1	1	0	0	0	1	0
7461_sub0	1	6	4	2	4	2	0	0
7461_sub1	0	1	1	0	0	0	1	0
7461_sub2	0	1	0	1	0	0	0	1
7462_sub0	1	8	4	4	4	4	0	0
7462_sub1	0	1	1	0	0	0	1	0
7462_sub2	0	1	1	0	0	0	1	0
7466_sub0	1	23	16	7	13	7	3	0
7466_sub1	0	1	0	1	0	0	0	1
7466_sub2	0	1	1	0	0	0	1	0
7466_sub3	0	1	0	1	0	0	0	1
7468_sub0	1	13	3	10	3	10	0	0
7468_sub1	0	1	1	0	0	0	1	0
7468_sub2	0	1	1	0	0	0	1	0
7468_sub3	0	1	0	1	0	0	0	1
747_sub0	0	1	0	1	0	0	0	1
747_sub1	0	1	1	0	0	0	1	0
747_sub2	1	19	9	10	9	10	0	0
747_sub3	0	1	0	1	0	0	0	1
747_sub4	0	1	0	1	0	0	0	1
7471_sub0	0	1	0	1	0	0	0	1
7471_sub1	0	1	1	0	0	0	1	0
7471_sub2	0	1	1	0	0	0	1	0
7471_sub3	0	1	0	1	0	0	0	1
7471_sub4	0	1	1	0	0	0	1	0
7471_sub5	0	1	1	0	0	0	1	0
7471_sub6	0	1	0	1	0	0	0	1
7472_sub0	0	1	0	1	0	0	0	1
7472_sub1	0	1	0	1	0	0	0	1
7472_sub2	0	1	0	1	0	0	0	1
7472_sub3	0	1	0	1	0	0	0	1
7472_sub4	0	1	1	0	0	0	1	0
7472_sub5	0	1	0	1	0	0	0	1
7475_sub0	1	7	4	3	4	3	0	0
7475_sub1	0	1	1	0	0	0	1	0
7475_sub2	0	1	1	0	0	0	1	0
7478_sub0	0	2	1	1	0	0	1	1
7478_sub1	0	1	1	0	0	0	1	0
7478_sub2	0	1	0	1	0	0	0	1
7478_sub3	0	1	0	1	0	0	0	1
7478_sub4	0	1	0	1	0	0	0	1
7478_sub5	0	1	0	1	0	0	0	1
7478_sub6	0	1	0	1	0	0	0	1
7486_sub0	1	14	7	7	7	7	0	0
7486_sub1	0	1	0	1	0	0	0	1
7486_sub2	0	1	1	0	0	0	1	0
7486_sub3	0	2	0	2	0	0	0	2
7487_sub0	0	1	0	1	0	0	0	1
7487_sub1	0	1	0	1	0	0	0	1
7487_sub2	0	1	1	0	0	0	1	0
7487_sub3	0	1	1	0	0	0	1	0
7487_sub4	0	1	0	1	0	0	0	1
7487_sub5	0	1	0	1	0	0	0	1
7487_sub6	0	1	0	1	0	0	0	1
7487_sub7	0	1	0	1	0	0	0	1
7487_sub8	0	1	1	0	0	0	1	0
7487_sub9	0	1	1	0	0	0	1	0
7487_sub10	0	1	1	0	0	0	1	0
7487_sub11	0	1	0	1	0	0	0	1
7487_sub12	0	1	1	0	0	0	1	0
7487_sub13	0	1	0	1	0	0	0	1
7487_sub14	0	1	0	1	0	0	0	1
7488_sub0	0	1	1	0	0	0	1	0
7488_sub1	0	1	0	1	0	0	0	1
7488_sub2	0	1	0	1	0	0	0	1
7488_sub3	0	1	1	0	0	0	1	0
7488_sub4	0	1	0	1	0	0	0	1
7488_sub5	0	1	0	1	0	0	0	1
7489_sub0	0	1	0	1	0	0	0	1
7489_sub1	0	1	0	1	0	0	0	1
7489_sub2	0	1	0	1	0	0	0	1
7489_sub3	0	1	0	1	0	0	0	1
7489_sub4	0	1	1	0	0	0	1	0
7489_sub5	0	1	1	0	0	0	1	0
7489_sub6	0	1	0	1	0	0	0	1
7489_sub7	0	1	0	1	0	0	0	1
7491_sub0	0	1	0	1	0	0	0	1
7491_sub1	0	4	3	1	0	0	3	1
7491_sub2	0	1	1	0	0	0	1	0
7501_sub0	1	8	3	5	3	5	0	0
7501_sub1	0	1	1	0	0	0	1	0
7501_sub2	0	1	0	1	0	0	0	1
7501_sub3	0	1	0	1	0	0	0	1
7501_sub4	0	1	0	1	0	0	0	1
7503_sub0	0	1	1	0	0	0	1	0
7503_sub1	1	7	2	5	2	5	0	0
7503_sub2	0	1	0	1	0	0	0	1
7504_sub0	1	20	9	11	9	11	0	0
7504_sub1	0	1	1	0	0	0	1	0
7504_sub2	0	1	1	0	0	0	1	0
7504_sub3	0	1	0	1	0	0	0	1
7504_sub4	0	1	0	1	0	0	0	1
7507_sub0	1	14	7	7	7	7	0	0
7507_sub1	0	1	1	0	0	0	1	0
7507_sub2	0	1	1	0	0	0	1	0
7507_sub3	0	1	0	1	0	0	0	1
7507_sub4	0	1	1	0	0	0	1	0
751_sub0	0	1	1	0	0	0	1	0
751_sub1	0	4	2	2	0	0	2	2
751_sub2	0	1	1	0	0	0	1	0
7514_sub0	0	1	0	1	0	0	0	1
7514_sub1	0	1	1	0	0	0	1	0
7514_sub2	0	1	1	0	0	0	1	0
7514_sub3	0	1	1	0	0	0	1	0
7514_sub4	0	1	0	1	0	0	0	1
7514_sub5	0	1	1	0	0	0	1	0
7515_sub0	1	11	7	4	7	4	0	0
7515_sub1	0	1	0	1	0	0	0	1
7515_sub2	0	1	0	1	0	0	0	1
7515_sub3	0	1	0	1	0	0	0	1
7515_sub4	0	1	0	1	0	0	0	1
7518_sub0	1	19	7	12	7	12	0	0
7518_sub1	0	1	0	1	0	0	0	1
7518_sub2	0	1	1	0	0	0	1	0
7518_sub3	0	1	1	0	0	0	1	0
7518_sub4	0	1	1	0	0	0	1	0
7518_sub5	0	1	1	0	0	0	1	0
7518_sub6	0	1	0	1	0	0	0	1
7524_sub0	1	6	4	2	4	2	0	0
7529_sub0	1	6	4	2	4	2	0	0
7529_sub1	0	1	0	1	0	0	0	1
7529_sub2	0	1	0	1	0	0	0	1
7538_sub0	0	1	0	1	0	0	0	1
7538_sub1	0	1	1	0	0	0	1	0
7538_sub2	0	1	1	0	0	0	1	0
7538_sub3	0	1	0	1	0	0	0	1
7538_sub4	0	1	1	0	0	0	1	0
7538_sub5	0	1	0	1	0	0	0	1
7538_sub6	0	1	1	0	0	0	1	0
7539_sub0	0	1	0	1	0	0	0	1
7539_sub1	1	10	4	6	4	6	0	0
7539_sub2	0	1	0	1	0	0	0	1
7539_sub3	0	1	0	1	0	0	0	1
7539_sub4	0	1	1	0	0	0	1	0
7545_sub0	1	23	14	9	11	9	3	0
7545_sub1	0	1	0	1	0	0	0	1
7545_sub2	0	1	1	0	0	0	1	0
7545_sub3	0	1	0	1	0	0	0	1
7545_sub4	0	1	0	1	0	0	0	1
7545_sub5	0	1	1	0	0	0	1	0
7545_sub6	0	1	0	1	0	0	0	1
7545_sub7	0	1	0	1	0	0	0	1
7545_sub8	0	1	0	1	0	0	0	1
7545_sub9	0	1	1	0	0	0	1	0
7549_sub0	1	7	4	3	4	3	0	0
7549_sub1	0	1	1	0	0	0	1	0
7549_sub2	0	1	0	1	0	0	0	1
7549_sub3	0	1	1	0	0	0	1	0
7549_sub4	0	1	0	1	0	0	0	1
7549_sub5	0	1	0	1	0	0	0	1
7555_sub0	0	1	0	1	0	0	0	1
7555_sub1	0	1	0	1	0	0	0	1
7555_sub2	0	1	0	1	0	0	0	1
7555_sub3	0	1	1	0	0	0	1	0
7555_sub4	0	1	0	1	0	0	0	1
7555_sub5	0	1	0	1	0	0	0	1
7559_sub0	1	9	5	4	5	4	0	0
756_sub0	0	1	0	1	0	0	0	1
756_sub1	1	7	4	3	4	3	0	0
756_sub2	0	1	1	0	0	0	1	0
7562_sub0	0	1	0	1	0	0	0	1
7562_sub1	1	17	8	9	8	9	0	0
7562_sub2	0	1	1	0	0	0	1	0
7562_sub3	0	1	0	1	0	0	0	1
7562_sub4	0	1	0	1	0	0	0	1
7562_sub5	0	1	0	1	0	0	0	1
7562_sub6	0	1	1	0	0	0	1	0
7563_sub0	0	1	0	1	0	0	0	1
7563_sub1	1	13	2	11	2	11	0	0
7563_sub2	0	1	0	1	0	0	0	1
7563_sub3	0	1	0	1	0	0	0	1
7564_sub0	1	18	4	14	4	14	0	0
7564_sub1	0	1	1	0	0	0	1	0
7564_sub2	0	1	1	0	0	0	1	0
7564_sub3	0	1	0	1	0	0	0	1
7564_sub4	0	1	1	0	0	0	1	0
7564_sub5	0	1	1	0	0	0	1	0
7565_sub0	1	11	5	6	5	6	0	0
7565_sub1	0	1	0	1	0	0	0	1
7565_sub2	0	1	0	1	0	0	0	1
7565_sub3	0	1	0	1	0	0	0	1
7566_sub0	0	1	0	1	0	0	0	1
7566_sub1	0	1	1	0	0	0	1	0
7566_sub2	0	1	1	0	0	0	1	0
7566_sub3	0	1	0	1	0	0	0	1
7566_sub4	1	8	1	7	1	7	0	0
7566_sub5	0	1	0	1	0	0	0	1
7566_sub6	0	1	0	1	0	0	0	1
7569_sub0	1	8	4	4	4	4	0	0
7569_sub1	0	1	1	0	0	0	1	0
7573_sub0	1	11	6	5	6	5	0	0
7573_sub1	0	1	1	0	0	0	1	0
7573_sub2	0	1	0	1	0	0	0	1
7574_sub0	1	22	11	11	10	10	1	1
7574_sub1	0	1	1	0	0	0	1	0
7574_sub2	0	1	1	0	0	0	1	0
7574_sub3	0	1	0	1	0	0	0	1
7574_sub4	0	1	0	1	0	0	0	1
7574_sub5	0	1	1	0	0	0	1	0
7574_sub6	0	1	0	1	0	0	0	1
7575_sub0	1	15	8	7	8	7	0	0
7575_sub1	0	1	1	0	0	0	1	0
7575_sub2	0	1	0	1	0	0	0	1
7575_sub3	0	1	0	1	0	0	0	1
7575_sub4	0	1	0	1	0	0	0	1
7575_sub5	0	1	0	1	0	0	0	1
7575_sub6	0	1	1	0	0	0	1	0
7575_sub7	0	1	0	1	0	0	0	1
7575_sub8	0	1	0	1	0	0	0	1
7576_sub0	1	8	3	5	3	5	0	0
7576_sub1	0	1	0	1	0	0	0	1
7576_sub2	0	1	0	1	0	0	0	1
7576_sub3	0	1	0	1	0	0	0	1
7576_sub4	0	1	1	0	0	0	1	0
7576_sub5	0	1	0	1	0	0	0	1
7576_sub6	0	1	0	1	0	0	0	1
7576_sub7	0	1	0	1	0	0	0	1
7579_sub0	1	23	7	16	7	13	0	3
7579_sub1	0	1	1	0	0	0	1	0
7579_sub2	0	1	1	0	0	0	1	0
7579_sub3	0	1	0	1	0	0	0	1
7579_sub4	0	1	0	1	0	0	0	1
7579_sub5	0	1	1	0	0	0	1	0
7579_sub6	0	1	1	0	0	0	1	0
758_sub0	0	1	1	0	0	0	1	0
758_sub1	1	15	4	11	4	11	0	0
758_sub2	0	1	1	0	0	0	1	0
7582_sub0	1	8	1	7	1	7	0	0
7582_sub1	0	1	0	1	0	0	0	1
7582_sub2	0	1	0	1	0	0	0	1
7582_sub3	0	1	0	1	0	0	0	1
7582_sub4	0	1	1	0	0	0	1	0
7582_sub5	0	1	0	1	0	0	0	1
7582_sub6	0	1	1	0	0	0	1	0
7583_sub0	1	12	6	6	6	6	0	0
7583_sub1	0	1	1	0	0	0	1	0
7589_sub0	0	4	2	2	0	0	2	2
7589_sub1	0	1	1	0	0	0	1	0
7589_sub2	0	1	1	0	0	0	1	0
7589_sub3	0	1	1	0	0	0	1	0
7589_sub4	0	1	1	0	0	0	1	0
7593_sub0	1	8	3	5	3	5	0	0
7593_sub1	0	1	0	1	0	0	0	1
7593_sub2	0	1	1	0	0	0	1	0
7593_sub3	0	1	0	1	0	0	0	1
7595_sub0	0	1	1	0	0	0	1	0
7595_sub1	0	1	1	0	0	0	1	0
7595_sub2	0	1	1	0	0	0	1	0
7595_sub3	0	1	1	0	0	0	1	0
7595_sub4	0	1	1	0	0	0	1	0
7595_sub5	0	1	1	0	0	0	1	0
76_sub0	0	1	0	1	0	0	0	1
76_sub1	0	1	0	1	0	0	0	1
76_sub2	1	13	5	8	5	8	0	0
76_sub3	0	1	1	0	0	0	1	0
76_sub4	0	1	1	0	0	0	1	0
7602_sub0	0	1	0	1	0	0	0	1
7602_sub1	0	1	0	1	0	0	0	1
7602_sub2	0	1	0	1	0	0	0	1
7602_sub3	0	1	1	0	0	0	1	0
7602_sub4	0	1	1	0	0	0	1	0
7602_sub5	0	1	1	0	0	0	1	0
7606_sub0	0	1	0	1	0	0	0	1
7606_sub1	0	2	1	1	0	0	1	1
7606_sub2	0	1	1	0	0	0	1	0
7606_sub3	0	1	1	0	0	0	1	0
7606_sub4	0	1	1	0	0	0	1	0
7606_sub5	0	1	1	0	0	0	1	0
7606_sub6	0	1	1	0	0	0	1	0
7606_sub7	0	1	1	0	0	0	1	0
7606_sub8	0	1	1	0	0	0	1	0
7607_sub0	1	21	7	14	7	13	0	1
7607_sub1	0	1	1	0	0	0	1	0
7607_sub2	0	1	0	1	0	0	0	1
7607_sub3	0	1	0	1	0	0	0	1
7607_sub4	0	1	1	0	0	0	1	0
7607_sub5	0	1	1	0	0	0	1	0
7607_sub6	0	1	1	0	0	0	1	0
7607_sub7	0	1	0	1	0	0	0	1
7607_sub8	0	1	0	1	0	0	0	1
761_sub0	0	1	0	1	0	0	0	1
761_sub1	1	12	5	7	5	7	0	0
7611_sub0	0	1	0	1	0	0	0	1
7611_sub1	1	6	3	3	3	3	0	0
7619_sub0	0	1	0	1	0	0	0	1
7619_sub1	1	6	3	3	3	3	0	0
7619_sub2	0	1	1	0	0	0	1	0
7619_sub3	0	1	0	1	0	0	0	1
762_sub0	0	1	1	0	0	0	1	0
762_sub1	1	7	3	4	3	4	0	0
762_sub2	0	1	0	1	0	0	0	1
7632_sub0	0	1	1	0	0	0	1	0
7632_sub1	0	1	0	1	0	0	0	1
7632_sub2	0	1	1	0	0	0	1	0
7632_sub3	0	1	1	0	0	0	1	0
7632_sub4	0	1	1	0	0	0	1	0
7632_sub5	0	1	1	0	0	0	1	0
7633_sub0	1	9	4	5	4	5	0	0
7633_sub1	0	1	1	0	0	0	1	0
7633_sub2	0	1	1	0	0	0	1	0
7633_sub3	0	1	1	0	0	0	1	0
7634_sub0	0	4	2	2	0	0	2	2
7634_sub1	0	1	0	1	0	0	0	1
7634_sub2	0	1	1	0	0	0	1	0
7637_sub0	0	1	1	0	0	0	1	0
7637_sub1	0	1	0	1	0	0	0	1
7637_sub2	0	1	1	0	0	0	1	0
7637_sub3	0	1	1	0	0	0	1	0
7637_sub4	0	1	1	0	0	0	1	0
7637_sub5	0	1	1	0	0	0	1	0
7642_sub0	1	15	10	5	10	5	0	0
7642_sub1	0	1	0	1	0	0	0	1
7642_sub2	0	1	0	1	0	0	0	1
7642_sub3	0	1	0	1	0	0	0	1
7642_sub4	0	1	0	1	0	0	0	1
7646_sub0	0	1	1	0	0	0	1	0
7646_sub1	0	5	1	4	0	0	1	4
7646_sub2	0	1	1	0	0	0	1	0
7646_sub3	0	1	1	0	0	0	1	0
7647_sub0	1	10	3	7	3	7	0	0
7647_sub1	0	1	0	1	0	0	0	1
7647_sub2	0	1	1	0	0	0	1	0
7647_sub3	0	1	0	1	0	0	0	1
7647_sub4	0	1	1	0	0	0	1	0
7648_sub0	1	15	10	5	10	5	0	0
7648_sub1	0	1	0	1	0	0	0	1
7648_sub2	0	1	1	0	0	0	1	0
7648_sub3	0	1	0	1	0	0	0	1
7649_sub0	0	1	0	1	0	0	0	1
7649_sub1	0	1	0	1	0	0	0	1
7649_sub2	0	1	0	1	0	0	0	1
7649_sub3	0	1	0	1	0	0	0	1
7649_sub4	0	1	1	0	0	0	1	0
7649_sub5	0	1	0	1	0	0	0	1
7649_sub6	0	1	0	1	0	0	0	1
7649_sub7	0	1	1	0	0	0	1	0
7649_sub8	0	1	1	0	0	0	1	0
765_sub0	0	1	0	1	0	0	0	1
765_sub1	0	1	0	1	0	0	0	1
765_sub2	1	10	3	7	3	7	0	0
765_sub3	0	1	0	1	0	0	0	1
765_sub4	0	1	0	1	0	0	0	1
7652_sub0	0	5	3	2	0	0	3	2
7652_sub1	0	1	1	0	0	0	1	0
7652_sub2	0	1	0	1	0	0	0	1
7656_sub0	0	1	1	0	0	0	1	0
7656_sub1	0	1	1	0	0	0	1	0
7656_sub2	0	1	0	1	0	0	0	1
7656_sub3	0	1	0	1	0	0	0	1
7656_sub4	0	1	1	0	0	0	1	0
7656_sub5	0	1	1	0	0	0	1	0
7656_sub6	0	1	0	1	0	0	0	1
7656_sub7	0	1	1	0	0	0	1	0
7656_sub8	0	1	1	0	0	0	1	0
7656_sub9	0	1	0	1	0	0	0	1
7656_sub10	0	1	0	1	0	0	0	1
7656_sub11	0	1	1	0	0	0	1	0
7659_sub0	1	6	2	4	2	4	0	0
7659_sub1	0	1	0	1	0	0	0	1
7659_sub2	0	1	0	1	0	0	0	1
7659_sub3	0	1	0	1	0	0	0	1
7661_sub0	0	1	1	0	0	0	1	0
7661_sub1	1	11	7	4	7	4	0	0
7661_sub2	0	1	1	0	0	0	1	0
7661_sub3	0	1	0	1	0	0	0	1
7662_sub0	0	1	1	0	0	0	1	0
7662_sub1	1	8	4	4	4	4	0	0
7663_sub0	1	10	4	6	4	6	0	0
7663_sub1	0	1	1	0	0	0	1	0
7663_sub2	0	1	1	0	0	0	1	0
7663_sub3	0	1	1	0	0	0	1	0
7673_sub0	1	10	6	4	6	4	0	0
7673_sub1	0	1	1	0	0	0	1	0
7673_sub2	0	1	0	1	0	0	0	1
7673_sub3	0	1	0	1	0	0	0	1
7675_sub0	0	1	1	0	0	0	1	0
7675_sub1	1	7	3	4	3	4	0	0
7675_sub2	0	1	0	1	0	0	0	1
7677_sub0	1	9	5	4	5	4	0	0
7677_sub1	0	1	0	1	0	0	0	1
7677_sub2	0	1	1	0	0	0	1	0
7677_sub3	0	1	0	1	0	0	0	1
7682_sub0	1	15	7	8	7	8	0	0
7682_sub1	0	1	1	0	0	0	1	0
7682_sub2	0	1	1	0	0	0	1	0
7682_sub3	0	1	1	0	0	0	1	0
7682_sub4	0	1	0	1	0	0	0	1
7682_sub5	0	1	1	0	0	0	1	0
7683_sub0	0	1	0	1	0	0	0	1
7683_sub1	0	1	0	1	0	0	0	1
7683_sub2	0	1	0	1	0	0	0	1
7683_sub3	0	1	1	0	0	0	1	0
7683_sub4	0	1	1	0	0	0	1	0
7683_sub5	0	1	0	1	0	0	0	1
7683_sub6	0	1	1	0	0	0	1	0
7683_sub7	0	1	0	1	0	0	0	1
7683_sub8	0	1	0	1	0	0	0	1
7694_sub0	1	14	9	5	9	5	0	0
7694_sub1	0	1	1	0	0	0	1	0
7694_sub2	0	1	1	0	0	0	1	0
7694_sub3	0	1	1	0	0	0	1	0
7695_sub0	0	2	1	1	0	0	1	1
7695_sub1	0	1	1	0	0	0	1	0
7695_sub2	0	1	1	0	0	0	1	0
7695_sub3	0	1	0	1	0	0	0	1
7695_sub4	0	1	1	0	0	0	1	0
7695_sub5	0	1	0	1	0	0	0	1
7695_sub6	0	1	0	1	0	0	0	1
7698_sub0	1	16	7	9	7	9	0	0
7698_sub1	0	1	0	1	0	0	0	1
7698_sub2	0	1	1	0	0	0	1	0
7698_sub3	0	1	0	1	0	0	0	1
7698_sub4	0	1	0	1	0	0	0	1
7698_sub5	0	1	0	1	0	0	0	1
7698_sub6	0	1	0	1	0	0	0	1
7698_sub7	0	1	1	0	0	0	1	0
7698_sub8	0	1	0	1	0	0	0	1
7698_sub9	0	1	0	1	0	0	0	1
7698_sub10	0	1	0	1	0	0	0	1
7700_sub0	0	1	0	1	0	0	0	1
7700_sub1	0	1	1	0	0	0	1	0
7700_sub2	0	1	0	1	0	0	0	1
7700_sub3	0	1	0	1	0	0	0	1
7700_sub4	0	1	0	1	0	0	0	1
7700_sub5	0	1	0	1	0	0	0	1
7703_sub0	0	1	0	1	0	0	0	1
7703_sub1	0	1	0	1	0	0	0	1
7703_sub2	0	1	0	1	0	0	0	1
7703_sub3	0	1	0	1	0	0	0	1
7703_sub4	0	1	1	0	0	0	1	0
7703_sub5	0	1	1	0	0	0	1	0
7703_sub6	0	1	0	1	0	0	0	1
7703_sub7	0	1	1	0	0	0	1	0
7703_sub8	0	1	0	1	0	0	0	1
7705_sub0	0	1	0	1	0	0	0	1
7705_sub1	0	1	1	0	0	0	1	0
7705_sub2	0	1	0	1	0	0	0	1
7705_sub3	0	1	0	1	0	0	0	1
7705_sub4	0	1	0	1	0	0	0	1
7705_sub5	0	1	0	1	0	0	0	1
7706_sub0	1	15	9	6	9	6	0	0
7706_sub1	0	1	0	1	0	0	0	1
7706_sub2	0	1	1	0	0	0	1	0
7706_sub3	0	1	0	1	0	0	0	1
7710_sub0	0	1	1	0	0	0	1	0
7710_sub1	0	1	1	0	0	0	1	0
7710_sub2	0	1	1	0	0	0	1	0
7710_sub3	0	1	0	1	0	0	0	1
7710_sub4	0	1	0	1	0	0	0	1
7710_sub5	0	1	0	1	0	0	0	1
7714_sub0	0	1	1	0	0	0	1	0
7714_sub1	1	10	4	6	4	6	0	0
7720_sub0	0	1	1	0	0	0	1	0
7720_sub1	0	1	0	1	0	0	0	1
7720_sub2	0	1	1	0	0	0	1	0
7720_sub3	0	1	0	1	0	0	0	1
7720_sub4	0	1	1	0	0	0	1	0
7720_sub5	0	1	0	1	0	0	0	1
7720_sub6	0	1	0	1	0	0	0	1
7720_sub7	0	1	0	1	0	0	0	1
7720_sub8	0	1	0	1	0	0	0	1
7720_sub9	0	1	0	1	0	0	0	1
7727_sub0	1	6	3	3	3	3	0	0
7727_sub1	0	1	1	0	0	0	1	0
7727_sub2	0	1	1	0	0	0	1	0
7729_sub0	0	1	1	0	0	0	1	0
7729_sub1	0	1	1	0	0	0	1	0
7729_sub2	0	2	1	1	0	0	1	1
7729_sub3	0	1	0	1	0	0	0	1
7729_sub4	0	1	0	1	0	0	0	1
7729_sub5	0	1	1	0	0	0	1	0
7731_sub0	0	1	0	1	0	0	0	1
7731_sub1	0	1	0	1	0	0	0	1
7731_sub2	1	8	5	3	5	3	0	0
7731_sub3	0	1	0	1	0	0	0	1
7731_sub4	0	1	0	1	0	0	0	1
7734_sub0	1	9	2	7	2	7	0	0
7734_sub1	0	1	0	1	0	0	0	1
7735_sub0	1	8	5	3	5	3	0	0
7735_sub1	0	1	0	1	0	0	0	1
7735_sub2	0	1	0	1	0	0	0	1
7737_sub0	1	9	5	4	5	4	0	0
7737_sub1	0	1	1	0	0	0	1	0
7737_sub2	0	1	0	1	0	0	0	1
7737_sub3	0	1	1	0	0	0	1	0
7739_sub0	0	1	1	0	0	0	1	0
7739_sub1	0	1	1	0	0	0	1	0
7739_sub2	0	1	1	0	0	0	1	0
7739_sub3	0	1	0	1	0	0	0	1
7739_sub4	0	1	0	1	0	0	0	1
7739_sub5	0	1	0	1	0	0	0	1
7744_sub0	1	21	9	12	9	11	0	1
7744_sub1	0	1	1	0	0	0	1	0
7744_sub2	0	1	1	0	0	0	1	0
775_sub0	0	1	0	1	0	0	0	1
775_sub1	0	1	1	0	0	0	1	0
775_sub2	0	1	1	0	0	0	1	0
775_sub3	0	1	0	1	0	0	0	1
775_sub4	0	1	1	0	0	0	1	0
775_sub5	0	1	0	1	0	0	0	1
775_sub6	0	1	0	1	0	0	0	1
7753_sub0	1	11	2	9	2	9	0	0
7753_sub1	0	1	0	1	0	0	0	1
7753_sub2	0	1	0	1	0	0	0	1
7753_sub3	0	1	0	1	0	0	0	1
7756_sub0	0	1	0	1	0	0	0	1
7756_sub1	0	1	1	0	0	0	1	0
7756_sub2	0	1	1	0	0	0	1	0
7756_sub3	0	1	1	0	0	0	1	0
7756_sub4	0	1	0	1	0	0	0	1
7756_sub5	0	1	0	1	0	0	0	1
7756_sub6	0	1	1	0	0	0	1	0
7762_sub0	1	14	8	6	8	6	0	0
7764_sub0	1	14	8	6	8	6	0	0
7764_sub1	0	1	1	0	0	0	1	0
7764_sub2	0	1	0	1	0	0	0	1
7764_sub3	0	1	0	1	0	0	0	1
7765_sub0	1	17	7	10	7	10	0	0
7765_sub1	0	1	0	1	0	0	0	1
7765_sub2	0	1	0	1	0	0	0	1
7765_sub3	0	1	0	1	0	0	0	1
7765_sub4	0	1	1	0	0	0	1	0
7765_sub5	0	1	1	0	0	0	1	0
7765_sub6	0	1	1	0	0	0	1	0
7767_sub0	0	1	1	0	0	0	1	0
7767_sub1	0	1	0	1	0	0	0	1
7767_sub2	0	1	1	0	0	0	1	0
7767_sub3	0	1	1	0	0	0	1	0
7767_sub4	0	1	0	1	0	0	0	1
7767_sub5	0	1	0	1	0	0	0	1
7769_sub0	1	6	3	3	3	3	0	0
7769_sub1	0	1	1	0	0	0	1	0
7769_sub2	0	1	0	1	0	0	0	1
7769_sub3	0	1	1	0	0	0	1	0
7769_sub4	0	1	1	0	0	0	1	0
7773_sub0	1	9	3	6	3	6	0	0
7777_sub0	0	1	1	0	0	0	1	0
7777_sub1	0	1	1	0	0	0	1	0
7777_sub2	0	1	1	0	0	0	1	0
7777_sub3	0	1	0	1	0	0	0	1
7777_sub4	0	1	1	0	0	0	1	0
7777_sub5	0	1	0	1	0	0	0	1
7777_sub6	0	1	1	0	0	0	1	0
7777_sub7	0	1	0	1	0	0	0	1
7778_sub0	0	1	0	1	0	0	0	1
7778_sub1	0	1	1	0	0	0	1	0
7778_sub2	0	1	0	1	0	0	0	1
7778_sub3	0	1	0	1	0	0	0	1
7778_sub4	0	1	0	1	0	0	0	1
7778_sub5	0	1	0	1	0	0	0	1
7778_sub6	0	1	1	0	0	0	1	0
7778_sub7	0	1	1	0	0	0	1	0
7783_sub0	0	1	1	0	0	0	1	0
7783_sub1	0	1	1	0	0	0	1	0
7783_sub2	0	1	0	1	0	0	0	1
7783_sub3	0	1	0	1	0	0	0	1
7783_sub4	0	1	1	0	0	0	1	0
7783_sub5	0	1	1	0	0	0	1	0
7784_sub0	0	1	1	0	0	0	1	0
7784_sub1	1	8	3	5	3	5	0	0
7784_sub2	0	2	2	0	0	0	2	0
7784_sub3	0	1	0	1	0	0	0	1
7785_sub0	1	19	7	12	7	12	0	0
7788_sub0	1	7	3	4	3	4	0	0
7788_sub1	0	1	1	0	0	0	1	0
779_sub0	0	1	1	0	0	0	1	0
779_sub1	0	1	0	1	0	0	0	1
779_sub2	1	10	8	2	8	2	0	0
779_sub3	0	1	0	1	0	0	0	1
779_sub4	0	1	1	0	0	0	1	0
779_sub5	0	1	0	1	0	0	0	1
779_sub6	0	1	0	1	0	0	0	1
779_sub7	0	1	1	0	0	0	1	0
7791_sub0	1	9	4	5	4	5	0	0
7791_sub1	0	1	1	0	0	0	1	0
7793_sub0	0	1	1	0	0	0	1	0
7793_sub1	0	4	2	2	0	0	2	2
7793_sub2	0	1	0	1	0	0	0	1
7793_sub3	0	1	1	0	0	0	1	0
7793_sub4	0	1	1	0	0	0	1	0
7793_sub5	0	1	0	1	0	0	0	1
7793_sub6	0	1	0	1	0	0	0	1
7796_sub0	0	1	0	1	0	0	0	1
7796_sub1	0	1	1	0	0	0	1	0
7796_sub2	0	1	1	0	0	0	1	0
7796_sub3	0	1	0	1	0	0	0	1
7796_sub4	0	1	1	0	0	0	1	0
7796_sub5	0	1	0	1	0	0	0	1
7796_sub6	0	1	1	0	0	0	1	0
78_sub0	0	1	0	1	0	0	0	1
78_sub1	1	6	3	3	3	3	0	0
78_sub2	0	1	0	1	0	0	0	1
78_sub3	0	1	1	0	0	0	1	0
78_sub4	0	1	1	0	0	0	1	0
78_sub5	0	1	0	1	0	0	0	1
780_sub0	0	1	0	1	0	0	0	1
780_sub1	1	12	6	6	6	6	0	0
7800_sub0	1	18	8	10	8	10	0	0
7800_sub1	0	1	0	1	0	0	0	1
7800_sub2	0	1	1	0	0	0	1	0
7800_sub3	0	1	1	0	0	0	1	0
7800_sub4	0	1	0	1	0	0	0	1
7800_sub5	0	1	0	1	0	0	0	1
7800_sub6	0	1	1	0	0	0	1	0
7800_sub7	0	1	0	1	0	0	0	1
7800_sub8	0	1	0	1	0	0	0	1
7800_sub9	0	1	1	0	0	0	1	0
7800_sub10	0	1	1	0	0	0	1	0
7800_sub11	0	1	0	1	0	0	0	1
7803_sub0	0	2	1	1	0	0	1	1
7803_sub1	0	1	0	1	0	0	0	1
7803_sub2	0	1	0	1	0	0	0	1
7803_sub3	0	1	0	1	0	0	0	1
7803_sub4	0	1	0	1	0	0	0	1
7809_sub0	1	11	6	5	6	5	0	0
7809_sub1	0	1	1	0	0	0	1	0
7809_sub2	0	1	0	1	0	0	0	1
7809_sub3	0	1	1	0	0	0	1	0
7809_sub4	0	1	0	1	0	0	0	1
7809_sub5	0	1	0	1	0	0	0	1
7809_sub6	0	1	1	0	0	0	1	0
7809_sub7	0	1	0	1	0	0	0	1
7809_sub8	0	1	0	1	0	0	0	1
7810_sub0	0	1	0	1	0	0	0	1
7810_sub1	1	7	5	2	5	2	0	0
7810_sub2	0	1	0	1	0	0	0	1
7814_sub0	0	1	0	1	0	0	0	1
7814_sub1	0	1	0	1	0	0	0	1
7814_sub2	0	1	1	0	0	0	1	0
7814_sub3	0	1	1	0	0	0	1	0
7814_sub4	0	1	1	0	0	0	1	0
7814_sub5	0	1	0	1	0	0	0	1
7814_sub6	0	1	0	1	0	0	0	1
7814_sub7	0	1	1	0	0	0	1	0
7814_sub8	0	1	1	0	0	0	1	0
7814_sub9	0	1	0	1	0	0	0	1
7814_sub10	0	1	0	1	0	0	0	1
7816_sub0	1	12	4	8	4	8	0	0
7816_sub1	0	1	1	0	0	0	1	0
7816_sub2	0	1	0	1	0	0	0	1
7816_sub3	0	1	0	1	0	0	0	1
7816_sub4	0	1	1	0	0	0	1	0
7816_sub5	0	1	0	1	0	0	0	1
7816_sub6	0	1	1	0	0	0	1	0
7816_sub7	0	1	1	0	0	0	1	0
7819_sub0	1	12	7	5	7	5	0	0
7819_sub1	0	1	1	0	0	0	1	0
7819_sub2	0	1	1	0	0	0	1	0
7819_sub3	0	1	1	0	0	0	1	0
7819_sub4	0	1	1	0	0	0	1	0
7819_sub5	0	1	0	1	0	0	0	1
7819_sub6	0	1	0	1	0	0	0	1
7819_sub7	0	1	0	1	0	0	0	1
7819_sub8	0	1	1	0	0	0	1	0
7819_sub9	0	1	0	1	0	0	0	1
7822_sub0	0	1	0	1	0	0	0	1
7822_sub1	0	1	0	1	0	0	0	1
7822_sub2	0	1	1	0	0	0	1	0
7822_sub3	0	1	1	0	0	0	1	0
7822_sub4	0	1	0	1	0	0	0	1
7822_sub5	0	1	0	1	0	0	0	1
7829_sub0	0	2	1	1	0	0	1	1
7829_sub1	0	1	0	1	0	0	0	1
7829_sub2	0	1	0	1	0	0	0	1
7829_sub3	0	1	0	1	0	0	0	1
7829_sub4	0	1	1	0	0	0	1	0
7829_sub5	0	1	0	1	0	0	0	1
7829_sub6	0	1	1	0	0	0	1	0
7834_sub0	0	1	0	1	0	0	0	1
7834_sub1	0	1	1	0	0	0	1	0
7834_sub2	0	1	0	1	0	0	0	1
7834_sub3	0	1	1	0	0	0	1	0
7834_sub4	0	1	0	1	0	0	0	1
7834_sub5	0	1	0	1	0	0	0	1
7834_sub6	0	1	0	1	0	0	0	1
7839_sub0	0	1	0	1	0	0	0	1
7839_sub1	0	1	1	0	0	0	1	0
7839_sub2	0	1	0	1	0	0	0	1
7839_sub3	0	1	1	0	0	0	1	0
7839_sub4	0	1	0	1	0	0	0	1
7839_sub5	0	1	0	1	0	0	0	1
784_sub0	0	1	1	0	0	0	1	0
784_sub1	1	8	4	4	4	4	0	0
784_sub2	0	1	1	0	0	0	1	0
784_sub3	0	1	0	1	0	0	0	1
7842_sub0	0	1	0	1	0	0	0	1
7842_sub1	0	1	1	0	0	0	1	0
7842_sub2	0	5	3	2	0	0	3	2
7845_sub0	1	18	10	8	10	8	0	0
7845_sub1	0	1	1	0	0	0	1	0
7845_sub2	0	1	0	1	0	0	0	1
7845_sub3	0	1	1	0	0	0	1	0
785_sub0	0	1	0	1	0	0	0	1
785_sub1	0	1	1	0	0	0	1	0
785_sub2	0	1	0	1	0	0	0	1
785_sub3	1	14	7	7	7	7	0	0
785_sub4	0	1	1	0	0	0	1	0
7850_sub0	1	15	6	9	6	9	0	0
7850_sub1	0	1	1	0	0	0	1	0
7850_sub2	0	1	0	1	0	0	0	1
7850_sub3	0	1	1	0	0	0	1	0
7850_sub4	0	1	0	1	0	0	0	1
7850_sub5	0	1	0	1	0	0	0	1
7850_sub6	0	1	1	0	0	0	1	0
7853_sub0	1	10	4	6	4	6	0	0
7853_sub1	0	1	1	0	0	0	1	0
7856_sub0	0	1	0	1	0	0	0	1
7856_sub1	1	17	8	9	8	9	0	0
7856_sub2	0	1	0	1	0	0	0	1
7856_sub3	0	1	0	1	0	0	0	1
7856_sub4	0	1	0	1	0	0	0	1
7856_sub5	0	1	0	1	0	0	0	1
7856_sub6	0	1	1	0	0	0	1	0
786_sub0	0	1	1	0	0	0	1	0
786_sub1	0	1	0	1	0	0	0	1
786_sub2	0	1	1	0	0	0	1	0
786_sub3	0	1	1	0	0	0	1	0
786_sub4	0	1	1	0	0	0	1	0
786_sub5	0	1	1	0	0	0	1	0
786_sub6	0	1	1	0	0	0	1	0
7861_sub0	0	5	4	1	0	0	4	1
7861_sub1	0	1	1	0	0	0	1	0
7861_sub2	0	1	1	0	0	0	1	0
7861_sub3	0	1	1	0	0	0	1	0
7863_sub0	1	14	8	6	8	6	0	0
7863_sub1	0	1	1	0	0	0	1	0
7863_sub2	0	1	0	1	0	0	0	1
7863_sub3	0	1	0	1	0	0	0	1
7867_sub0	0	1	1	0	0	0	1	0
7867_sub1	0	1	1	0	0	0	1	0
7867_sub2	0	1	1	0	0	0	1	0
7867_sub3	0	1	1	0	0	0	1	0
7867_sub4	0	1	1	0	0	0	1	0
7867_sub5	0	1	0	1	0	0	0	1
7867_sub6	0	1	0	1	0	0	0	1
7868_sub0	0	1	0	1	0	0	0	1
7868_sub1	0	1	0	1	0	0	0	1
7868_sub2	0	1	1	0	0	0	1	0
7868_sub3	0	1	0	1	0	0	0	1
7868_sub4	0	1	0	1	0	0	0	1
7868_sub5	0	1	0	1	0	0	0	1
7868_sub6	0	1	1	0	0	0	1	0
7868_sub7	0	1	0	1	0	0	0	1
787_sub0	0	1	0	1	0	0	0	1
787_sub1	0	5	1	4	0	0	1	4
787_sub2	0	1	1	0	0	0	1	0
7870_sub0	1	15	7	8	7	8	0	0
7870_sub1	0	1	1	0	0	0	1	0
7873_sub0	1	15	13	2	13	2	0	0
7873_sub1	0	1	0	1	0	0	0	1
7873_sub2	0	1	1	0	0	0	1	0
7873_sub3	0	1	1	0	0	0	1	0
7876_sub0	0	1	1	0	0	0	1	0
7876_sub1	1	14	10	4	10	4	0	0
7876_sub2	0	1	1	0	0	0	1	0
7876_sub3	0	1	0	1	0	0	0	1
7876_sub4	0	1	1	0	0	0	1	0
7877_sub0	0	1	1	0	0	0	1	0
7877_sub1	0	3	2	1	0	0	2	1
7877_sub2	0	1	0	1	0	0	0	1
7877_sub3	0	1	0	1	0	0	0	1
7877_sub4	0	1	1	0	0	0	1	0
788_sub0	0	1	0	1	0	0	0	1
788_sub1	0	1	0	1	0	0	0	1
788_sub2	0	2	1	1	0	0	1	1
788_sub3	0	1	0	1	0	0	0	1
788_sub4	0	1	0	1	0	0	0	1
7880_sub0	0	1	0	1	0	0	0	1
7880_sub1	0	1	0	1	0	0	0	1
7880_sub2	0	1	1	0	0	0	1	0
7880_sub3	0	1	0	1	0	0	0	1
7880_sub4	0	1	0	1	0	0	0	1
7880_sub5	0	1	1	0	0	0	1	0
7880_sub6	0	1	1	0	0	0	1	0
7880_sub7	0	1	0	1	0	0	0	1
7880_sub8	0	1	0	1	0	0	0	1
7882_sub0	0	1	0	1	0	0	0	1
7882_sub1	0	1	1	0	0	0	1	0
7882_sub2	0	1	0	1	0	0	0	1
7882_sub3	0	1	1	0	0	0	1	0
7882_sub4	0	1	0	1	0	0	0	1
7882_sub5	0	1	1	0	0	0	1	0
7882_sub6	0	1	1	0	0	0	1	0
7883_sub0	1	13	6	7	6	7	0	0
7883_sub1	0	1	0	1	0	0	0	1
7883_sub2	0	1	1	0	0	0	1	0
7883_sub3	0	1	0	1	0	0	0	1
7883_sub4	0	1	1	0	0	0	1	0
7884_sub0	0	1	0	1	0	0	0	1
7884_sub1	0	1	1	0	0	0	1	0
7884_sub2	0	1	0	1	0	0	0	1
7884_sub3	0	1	1	0	0	0	1	0
7884_sub4	0	1	0	1	0	0	0	1
7884_sub5	0	1	0	1	0	0	0	1
7884_sub6	0	1	1	0	0	0	1	0
7887_sub0	0	1	1	0	0	0	1	0
7887_sub1	0	3	2	1	0	0	2	1
7887_sub2	0	1	1	0	0	0	1	0
7887_sub3	0	1	1	0	0	0	1	0
7887_sub4	0	1	1	0	0	0	1	0
7887_sub5	0	1	1	0	0	0	1	0
7887_sub6	0	1	0	1	0	0	0	1
7887_sub7	0	1	0	1	0	0	0	1
7887_sub8	0	1	1	0	0	0	1	0
7887_sub9	0	1	0	1	0	0	0	1
789_sub0	0	1	0	1	0	0	0	1
789_sub1	0	1	0	1	0	0	0	1
789_sub2	0	1	1	0	0	0	1	0
789_sub3	1	9	5	4	5	4	0	0
789_sub4	0	1	0	1	0	0	0	1
7890_sub0	0	1	1	0	0	0	1	0
7890_sub1	1	15	7	8	7	8	0	0
7890_sub2	0	1	1	0	0	0	1	0
7890_sub3	0	1	0	1	0	0	0	1
7890_sub4	0	1	1	0	0	0	1	0
7890_sub5	0	1	1	0	0	0	1	0
7890_sub6	0	1	0	1	0	0	0	1
7890_sub7	0	1	1	0	0	0	1	0
7890_sub8	0	1	0	1	0	0	0	1
7890_sub9	0	1	0	1	0	0	0	1
7895_sub0	1	7	3	4	3	4	0	0
7895_sub1	0	1	0	1	0	0	0	1
7895_sub2	0	1	1	0	0	0	1	0
7895_sub3	0	1	0	1	0	0	0	1
7896_sub0	1	8	3	5	3	5	0	0
7896_sub1	0	1	0	1	0	0	0	1
7898_sub0	1	6	3	3	3	3	0	0
7898_sub1	0	1	0	1	0	0	0	1
7898_sub2	0	1	0	1	0	0	0	1
7898_sub3	0	1	1	0	0	0	1	0
7901_sub0	0	1	0	1	0	0	0	1
7901_sub1	0	1	0	1	0	0	0	1
7901_sub2	0	1	1	0	0	0	1	0
7901_sub3	0	1	0	1	0	0	0	1
7901_sub4	0	1	0	1	0	0	0	1
7901_sub5	0	1	1	0	0	0	1	0
7901_sub6	0	1	1	0	0	0	1	0
7908_sub0	1	13	7	6	7	6	0	0
7908_sub1	0	1	0	1	0	0	0	1
7908_sub2	0	1	1	0	0	0	1	0
7908_sub3	0	1	1	0	0	0	1	0
7908_sub4	0	1	0	1	0	0	0	1
7908_sub5	0	1	0	1	0	0	0	1
791_sub0	0	1	1	0	0	0	1	0
791_sub1	1	13	4	9	4	9	0	0
7917_sub0	1	9	2	7	2	7	0	0
7917_sub1	0	1	0	1	0	0	0	1
7917_sub2	0	1	1	0	0	0	1	0
7917_sub3	0	1	0	1	0	0	0	1
7917_sub4	0	1	1	0	0	0	1	0
7917_sub5	0	1	0	1	0	0	0	1
7917_sub6	0	1	1	0	0	0	1	0
7917_sub7	0	1	1	0	0	0	1	0
7917_sub8	0	1	0	1	0	0	0	1
792_sub0	0	1	1	0	0	0	1	0
792_sub1	0	1	0	1	0	0	0	1
792_sub2	1	11	2	9	2	9	0	0
792_sub3	0	1	0	1	0	0	0	1
792_sub4	0	1	1	0	0	0	1	0
792_sub5	0	1	0	1	0	0	0	1
792_sub6	0	1	0	1	0	0	0	1
7922_sub0	0	1	1	0	0	0	1	0
7922_sub1	0	1	0	1	0	0	0	1
7922_sub2	0	1	0	1	0	0	0	1
7922_sub3	0	1	0	1	0	0	0	1
7922_sub4	0	1	0	1	0	0	0	1
7922_sub5	0	1	0	1	0	0	0	1
7922_sub6	0	1	0	1	0	0	0	1
7923_sub0	1	10	4	6	4	6	0	0
7923_sub1	0	1	1	0	0	0	1	0
7923_sub2	0	1	1	0	0	0	1	0
7923_sub3	0	1	1	0	0	0	1	0
7923_sub4	0	1	1	0	0	0	1	0
7923_sub5	0	1	0	1	0	0	0	1
7925_sub0	1	14	5	9	5	9	0	0
7925_sub1	0	1	1	0	0	0	1	0
7925_sub2	0	1	1	0	0	0	1	0
7925_sub3	0	1	0	1	0	0	0	1
7928_sub0	0	1	0	1	0	0	0	1
7928_sub1	1	18	7	11	7	11	0	0
7928_sub2	0	1	0	1	0	0	0	1
7928_sub3	0	1	0	1	0	0	0	1
7936_sub0	1	12	3	9	3	9	0	0
7936_sub1	0	1	0	1	0	0	0	1
7936_sub2	0	1	1	0	0	0	1	0
7936_sub3	0	1	0	1	0	0	0	1
7936_sub4	0	1	1	0	0	0	1	0
7936_sub5	0	1	0	1	0	0	0	1
7937_sub0	0	1	1	0	0	0	1	0
7937_sub1	0	1	1	0	0	0	1	0
7937_sub2	0	1	0	1	0	0	0	1
7937_sub3	0	1	1	0	0	0	1	0
7937_sub4	0	1	1	0	0	0	1	0
7937_sub5	0	1	0	1	0	0	0	1
7938_sub0	0	1	0	1	0	0	0	1
7938_sub1	0	1	0	1	0	0	0	1
7938_sub2	0	1	1	0	0	0	1	0
7938_sub3	0	1	0	1	0	0	0	1
7938_sub4	0	1	0	1	0	0	0	1
7938_sub5	0	1	1	0	0	0	1	0
7938_sub6	0	1	1	0	0	0	1	0
7939_sub0	0	1	0	1	0	0	0	1
7939_sub1	1	12	6	6	6	6	0	0
7939_sub2	0	1	1	0	0	0	1	0
794_sub0	0	1	1	0	0	0	1	0
794_sub1	0	1	0	1	0	0	0	1
794_sub2	0	1	0	1	0	0	0	1
794_sub3	1	13	6	7	6	7	0	0
794_sub4	0	1	0	1	0	0	0	1
794_sub5	0	1	1	0	0	0	1	0
7942_sub0	0	1	0	1	0	0	0	1
7942_sub1	0	1	1	0	0	0	1	0
7942_sub2	0	1	1	0	0	0	1	0
7942_sub3	0	1	0	1	0	0	0	1
7942_sub4	0	1	1	0	0	0	1	0
7942_sub5	0	1	1	0	0	0	1	0
7946_sub0	1	9	2	7	2	7	0	0
7946_sub1	0	1	0	1	0	0	0	1
7946_sub2	0	1	1	0	0	0	1	0
7946_sub3	0	1	0	1	0	0	0	1
7946_sub4	0	1	0	1	0	0	0	1
7947_sub0	0	1	0	1	0	0	0	1
7947_sub1	0	1	1	0	0	0	1	0
7947_sub2	0	1	0	1	0	0	0	1
7947_sub3	0	1	0	1	0	0	0	1
7947_sub4	0	1	0	1	0	0	0	1
7947_sub5	0	2	1	1	0	0	1	1
7947_sub6	0	1	0	1	0	0	0	1
7947_sub7	0	1	1	0	0	0	1	0
7949_sub0	0	1	0	1	0	0	0	1
7949_sub1	0	1	0	1	0	0	0	1
7949_sub2	0	1	0	1	0	0	0	1
7949_sub3	0	1	1	0	0	0	1	0
7949_sub4	0	1	0	1	0	0	0	1
7949_sub5	0	1	1	0	0	0	1	0
7951_sub0	0	1	1	0	0	0	1	0
7951_sub1	0	1	0	1	0	0	0	1
7951_sub2	0	1	1	0	0	0	1	0
7951_sub3	0	1	0	1	0	0	0	1
7951_sub4	0	1	1	0	0	0	1	0
7951_sub5	0	1	0	1	0	0	0	1
7957_sub0	1	8	5	3	5	3	0	0
7957_sub1	0	1	0	1	0	0	0	1
7957_sub2	0	1	0	1	0	0	0	1
7957_sub3	0	1	1	0	0	0	1	0
7957_sub4	0	1	1	0	0	0	1	0
7959_sub0	0	1	1	0	0	0	1	0
7959_sub1	0	1	1	0	0	0	1	0
7959_sub2	0	1	1	0	0	0	1	0
7959_sub3	0	1	0	1	0	0	0	1
7959_sub4	0	1	1	0	0	0	1	0
7959_sub5	0	1	0	1	0	0	0	1
7959_sub6	0	1	1	0	0	0	1	0
796_sub0	0	1	1	0	0	0	1	0
796_sub1	1	14	4	10	4	10	0	0
796_sub2	0	1	0	1	0	0	0	1
796_sub3	0	1	0	1	0	0	0	1
796_sub4	0	1	1	0	0	0	1	0
796_sub5	0	1	0	1	0	0	0	1
796_sub6	0	1	1	0	0	0	1	0
796_sub7	0	1	1	0	0	0	1	0
796_sub8	0	1	1	0	0	0	1	0
796_sub9	0	1	0	1	0	0	0	1
7960_sub0	1	13	8	5	8	5	0	0
7960_sub1	0	1	1	0	0	0	1	0
7960_sub2	0	1	0	1	0	0	0	1
7961_sub0	0	1	0	1	0	0	0	1
7961_sub1	0	1	0	1	0	0	0	1
7961_sub2	0	1	0	1	0	0	0	1
7961_sub3	0	1	0	1	0	0	0	1
7961_sub4	0	1	0	1	0	0	0	1
7961_sub5	0	1	1	0	0	0	1	0
7961_sub6	0	1	0	1	0	0	0	1
7962_sub0	1	20	11	9	11	9	0	0
7962_sub1	0	1	0	1	0	0	0	1
7962_sub2	0	1	0	1	0	0	0	1
7962_sub3	0	1	1	0	0	0	1	0
7966_sub0	0	1	1	0	0	0	1	0
7966_sub1	0	1	1	0	0	0	1	0
7966_sub2	0	1	0	1	0	0	0	1
7966_sub3	0	1	1	0	0	0	1	0
7966_sub4	0	1	0	1	0	0	0	1
7966_sub5	0	1	1	0	0	0	1	0
7966_sub6	0	1	1	0	0	0	1	0
7966_sub7	0	1	1	0	0	0	1	0
7966_sub8	0	1	1	0	0	0	1	0
7966_sub9	0	1	1	0	0	0	1	0
7968_sub0	0	1	1	0	0	0	1	0
7968_sub1	1	9	3	6	3	6	0	0
7968_sub2	0	1	0	1	0	0	0	1
7968_sub3	0	1	1	0	0	0	1	0
7968_sub4	0	1	1	0	0	0	1	0
7968_sub5	0	1	0	1	0	0	0	1
7968_sub6	0	1	0	1	0	0	0	1
7969_sub0	0	1	1	0	0	0	1	0
7969_sub1	0	2	2	0	0	0	2	0
7969_sub2	0	1	1	0	0	0	1	0
7969_sub3	0	1	1	0	0	0	1	0
7969_sub4	0	1	0	1	0	0	0	1
797_sub0	1	13	4	9	4	9	0	0
797_sub1	0	1	1	0	0	0	1	0
797_sub2	0	1	0	1	0	0	0	1
797_sub3	0	1	1	0	0	0	1	0
7973_sub0	1	12	8	4	8	4	0	0
7973_sub1	0	1	1	0	0	0	1	0
7973_sub2	0	1	0	1	0	0	0	1
7973_sub3	0	1	1	0	0	0	1	0
7974_sub0	1	10	4	6	4	6	0	0
7974_sub1	0	1	0	1	0	0	0	1
7974_sub2	0	1	1	0	0	0	1	0
7974_sub3	0	1	1	0	0	0	1	0
7974_sub4	0	1	1	0	0	0	1	0
7974_sub5	0	1	0	1	0	0	0	1
7974_sub6	0	1	0	1	0	0	0	1
7977_sub0	0	1	1	0	0	0	1	0
7977_sub1	0	2	1	1	0	0	1	1
7977_sub2	0	1	1	0	0	0	1	0
7977_sub3	0	1	0	1	0	0	0	1
7977_sub4	0	1	0	1	0	0	0	1
7978_sub0	0	1	1	0	0	0	1	0
7978_sub1	0	1	0	1	0	0	0	1
7978_sub2	0	1	0	1	0	0	0	1
7978_sub3	0	1	1	0	0	0	1	0
7978_sub4	0	1	1	0	0	0	1	0
7978_sub5	0	1	0	1	0	0	0	1
798_sub0	0	1	0	1	0	0	0	1
798_sub1	1	17	9	8	9	8	0	0
798_sub2	0	1	1	0	0	0	1	0
798_sub3	0	1	1	0	0	0	1	0
798_sub4	0	1	1	0	0	0	1	0
798_sub5	0	1	1	0	0	0	1	0
7980_sub0	1	23	10	13	10	10	0	3
7980_sub1	0	1	1	0	0	0	1	0
7980_sub2	0	1	1	0	0	0	1	0
7980_sub3	0	1	0	1	0	0	0	1
7980_sub4	0	1	0	1	0	0	0	1
7980_sub5	0	1	1	0	0	0	1	0
7980_sub6	0	1	0	1	0	0	0	1
7980_sub7	0	1	0	1	0	0	0	1
7980_sub8	0	1	0	1	0	0	0	1
7981_sub0	0	1	1	0	0	0	1	0
7981_sub1	0	1	1	0	0	0	1	0
7981_sub2	0	1	0	1	0	0	0	1
7981_sub3	0	1	1	0	0	0	1	0
7981_sub4	0	1	0	1	0	0	0	1
7981_sub5	0	1	0	1	0	0	0	1
7982_sub0	1	13	9	4	9	4	0	0
7982_sub1	0	1	0	1	0	0	0	1
7982_sub2	0	1	1	0	0	0	1	0
7982_sub3	0	1	1	0	0	0	1	0
7982_sub4	0	1	1	0	0	0	1	0
7982_sub5	0	1	0	1	0	0	0	1
7984_sub0	1	20	9	11	9	11	0	0
7984_sub1	0	1	0	1	0	0	0	1
7984_sub2	0	1	0	1	0	0	0	1
7984_sub3	0	1	1	0	0	0	1	0
7984_sub4	0	1	0	1	0	0	0	1
7984_sub5	0	1	0	1	0	0	0	1
7984_sub6	0	1	0	1	0	0	0	1
7984_sub7	0	1	0	1	0	0	0	1
7984_sub8	0	1	1	0	0	0	1	0
7989_sub0	0	1	0	1	0	0	0	1
7989_sub1	0	1	0	1	0	0	0	1
7989_sub2	0	1	1	0	0	0	1	0
7989_sub3	0	1	1	0	0	0	1	0
7989_sub4	0	1	1	0	0	0	1	0
7989_sub5	0	1	0	1	0	0	0	1
7996_sub0	0	4	2	2	0	0	2	2
7996_sub1	0	1	0	1	0	0	0	1
7996_sub2	0	1	1	0	0	0	1	0
7997_sub0	0	5	2	3	0	0	2	3
7997_sub1	0	1	1	0	0	0	1	0
7997_sub2	0	1	1	0	0	0	1	0
7997_sub3	0	1	1	0	0	0	1	0
7999_sub0	1	7	4	3	4	3	0	0
7999_sub1	0	1	1	0	0	0	1	0
7999_sub2	0	1	0	1	0	0	0	1
7999_sub3	0	1	1	0	0	0	1	0
7999_sub4	0	1	0	1	0	0	0	1
7999_sub5	0	1	1	0	0	0	1	0
8002_sub0	0	1	1	0	0	0	1	0
8002_sub1	0	1	0	1	0	0	0	1
8002_sub2	0	1	0	1	0	0	0	1
8002_sub3	0	1	1	0	0	0	1	0
8002_sub4	0	1	1	0	0	0	1	0
8002_sub5	0	1	1	0	0	0	1	0
8005_sub0	1	21	12	9	11	9	1	0
8005_sub1	0	1	0	1	0	0	0	1
8008_sub0	1	8	5	3	5	3	0	0
8008_sub1	0	1	0	1	0	0	0	1
8008_sub2	0	1	0	1	0	0	0	1
8013_sub0	0	1	0	1	0	0	0	1
8013_sub1	0	1	0	1	0	0	0	1
8013_sub2	0	1	1	0	0	0	1	0
8013_sub3	0	1	0	1	0	0	0	1
8013_sub4	0	1	1	0	0	0	1	0
8013_sub5	0	1	1	0	0	0	1	0
8019_sub0	0	1	1	0	0	0	1	0
8019_sub1	0	1	0	1	0	0	0	1
8019_sub2	0	1	1	0	0	0	1	0
8019_sub3	0	1	0	1	0	0	0	1
8019_sub4	0	1	0	1	0	0	0	1
8019_sub5	0	1	0	1	0	0	0	1
8019_sub6	0	1	1	0	0	0	1	0
8020_sub0	0	1	1	0	0	0	1	0
8020_sub1	0	1	1	0	0	0	1	0
8020_sub2	0	1	0	1	0	0	0	1
8020_sub3	0	1	1	0	0	0	1	0
8020_sub4	0	1	1	0	0	0	1	0
8020_sub5	0	1	1	0	0	0	1	0
8024_sub0	0	1	0	1	0	0	0	1
8024_sub1	0	1	0	1	0	0	0	1
8024_sub2	0	1	1	0	0	0	1	0
8024_sub3	0	1	1	0	0	0	1	0
8024_sub4	0	1	0	1	0	0	0	1
8024_sub5	0	1	0	1	0	0	0	1
8026_sub0	1	10	4	6	4	6	0	0
8026_sub1	0	1	0	1	0	0	0	1
8026_sub2	0	1	1	0	0	0	1	0
8026_sub3	0	1	1	0	0	0	1	0
8026_sub4	0	1	0	1	0	0	0	1
8026_sub5	0	1	1	0	0	0	1	0
8029_sub0	1	6	2	4	2	4	0	0
8029_sub1	0	1	0	1	0	0	0	1
8029_sub2	0	1	0	1	0	0	0	1
8029_sub3	0	1	0	1	0	0	0	1
8029_sub4	0	1	1	0	0	0	1	0
8029_sub5	0	1	1	0	0	0	1	0
8034_sub0	0	1	0	1	0	0	0	1
8034_sub1	0	1	0	1	0	0	0	1
8034_sub2	0	1	0	1	0	0	0	1
8034_sub3	0	1	0	1	0	0	0	1
8034_sub4	0	1	1	0	0	0	1	0
8034_sub5	0	1	1	0	0	0	1	0
8034_sub6	0	1	1	0	0	0	1	0
8035_sub0	0	1	0	1	0	0	0	1
8035_sub1	0	1	0	1	0	0	0	1
8035_sub2	0	1	1	0	0	0	1	0
8035_sub3	0	1	0	1	0	0	0	1
8035_sub4	0	1	0	1	0	0	0	1
8035_sub5	0	1	0	1	0	0	0	1
8035_sub6	0	1	1	0	0	0	1	0
8035_sub7	0	1	0	1	0	0	0	1
8037_sub0	1	12	6	6	6	6	0	0
8037_sub1	0	1	1	0	0	0	1	0
8037_sub2	0	1	0	1	0	0	0	1
8039_sub0	0	1	0	1	0	0	0	1
8039_sub1	0	1	0	1	0	0	0	1
8039_sub2	0	1	1	0	0	0	1	0
8039_sub3	0	1	0	1	0	0	0	1
8039_sub4	0	1	1	0	0	0	1	0
8039_sub5	0	1	1	0	0	0	1	0
8039_sub6	0	1	0	1	0	0	0	1
8039_sub7	0	1	1	0	0	0	1	0
804_sub0	0	1	0	1	0	0	0	1
804_sub1	0	1	1	0	0	0	1	0
804_sub2	1	17	9	8	9	8	0	0
804_sub3	0	1	0	1	0	0	0	1
804_sub4	0	1	1	0	0	0	1	0
804_sub5	0	1	1	0	0	0	1	0
804_sub6	0	1	0	1	0	0	0	1
804_sub7	0	1	1	0	0	0	1	0
8040_sub0	0	1	1	0	0	0	1	0
8040_sub1	0	1	1	0	0	0	1	0
8040_sub2	0	1	1	0	0	0	1	0
8040_sub3	0	1	0	1	0	0	0	1
8040_sub4	0	1	0	1	0	0	0	1
8040_sub5	0	1	0	1	0	0	0	1
8042_sub0	0	1	1	0	0	0	1	0
8042_sub1	0	1	1	0	0	0	1	0
8042_sub2	0	1	0	1	0	0	0	1
8042_sub3	0	1	0	1	0	0	0	1
8042_sub4	0	1	1	0	0	0	1	0
8042_sub5	0	1	0	1	0	0	0	1
8045_sub0	1	6	4	2	4	2	0	0
8045_sub1	0	1	0	1	0	0	0	1
8045_sub2	0	1	0	1	0	0	0	1
8047_sub0	1	13	6	7	6	7	0	0
8047_sub1	0	1	0	1	0	0	0	1
8047_sub2	0	1	0	1	0	0	0	1
8047_sub3	0	1	1	0	0	0	1	0
8047_sub4	0	1	1	0	0	0	1	0
8047_sub5	0	1	0	1	0	0	0	1
8047_sub6	0	1	1	0	0	0	1	0
8050_sub0	0	1	0	1	0	0	0	1
8050_sub1	0	5	3	2	0	0	3	2
8050_sub2	0	1	1	0	0	0	1	0
8050_sub3	0	1	0	1	0	0	0	1
8050_sub4	0	2	1	1	0	0	1	1
8050_sub5	0	1	1	0	0	0	1	0
8052_sub0	0	1	0	1	0	0	0	1
8052_sub1	0	1	1	0	0	0	1	0
8052_sub2	1	10	5	5	5	5	0	0
8052_sub3	0	1	1	0	0	0	1	0
8053_sub0	0	1	1	0	0	0	1	0
8053_sub1	0	1	0	1	0	0	0	1
8053_sub2	0	1	0	1	0	0	0	1
8053_sub3	0	1	0	1	0	0	0	1
8053_sub4	0	1	0	1	0	0	0	1
8053_sub5	0	1	0	1	0	0	0	1
8054_sub0	0	1	0	1	0	0	0	1
8054_sub1	0	1	1	0	0	0	1	0
8054_sub2	0	1	0	1	0	0	0	1
8054_sub3	0	1	1	0	0	0	1	0
8054_sub4	0	1	1	0	0	0	1	0
8054_sub5	0	1	1	0	0	0	1	0
8054_sub6	0	1	0	1	0	0	0	1
8059_sub0	0	1	0	1	0	0	0	1
8059_sub1	1	17	7	10	7	10	0	0
8059_sub2	0	1	1	0	0	0	1	0
8060_sub0	0	1	1	0	0	0	1	0
8060_sub1	0	1	0	1	0	0	0	1
8060_sub2	0	1	1	0	0	0	1	0
8060_sub3	0	1	0	1	0	0	0	1
8060_sub4	0	1	1	0	0	0	1	0
8060_sub5	0	1	0	1	0	0	0	1
8061_sub0	0	1	1	0	0	0	1	0
8061_sub1	0	1	0	1	0	0	0	1
8061_sub2	0	1	1	0	0	0	1	0
8061_sub3	0	1	1	0	0	0	1	0
8061_sub4	0	1	0	1	0	0	0	1
8061_sub5	0	1	0	1	0	0	0	1
8061_sub6	0	1	0	1	0	0	0	1
8066_sub0	0	1	1	0	0	0	1	0
8066_sub1	0	1	0	1	0	0	0	1
8066_sub2	0	1	1	0	0	0	1	0
8066_sub3	0	1	1	0	0	0	1	0
8066_sub4	0	1	0	1	0	0	0	1
8066_sub5	0	1	0	1	0	0	0	1
8071_sub0	1	10	5	5	5	5	0	0
8071_sub1	0	1	0	1	0	0	0	1
8071_sub2	0	1	0	1	0	0	0	1
8071_sub3	0	1	0	1	0	0	0	1
8071_sub4	0	1	1	0	0	0	1	0
8073_sub0	1	15	11	4	11	4	0	0
8073_sub1	0	1	0	1	0	0	0	1
8073_sub2	0	1	0	1	0	0	0	1
8073_sub3	0	1	1	0	0	0	1	0
8073_sub4	0	1	1	0	0	0	1	0
8073_sub5	0	1	0	1	0	0	0	1
8073_sub6	0	1	1	0	0	0	1	0
8073_sub7	0	2	0	2	0	0	0	2
8073_sub8	0	1	0	1	0	0	0	1
8073_sub9	0	1	1	0	0	0	1	0
8073_sub10	0	1	0	1	0	0	0	1
8073_sub11	0	3	0	3	0	0	0	3
8074_sub0	0	1	1	0	0	0	1	0
8074_sub1	0	1	0	1	0	0	0	1
8074_sub2	1	8	4	4	4	4	0	0
8074_sub3	0	1	0	1	0	0	0	1
8074_sub4	0	1	0	1	0	0	0	1
8074_sub5	0	1	1	0	0	0	1	0
8079_sub0	0	1	1	0	0	0	1	0
8079_sub1	0	1	1	0	0	0	1	0
8079_sub2	0	1	0	1	0	0	0	1
8079_sub3	0	1	1	0	0	0	1	0
8079_sub4	0	1	0	1	0	0	0	1
8079_sub5	0	1	0	1	0	0	0	1
808_sub0	0	1	0	1	0	0	0	1
808_sub1	1	9	4	5	4	5	0	0
808_sub2	0	1	1	0	0	0	1	0
808_sub3	0	1	1	0	0	0	1	0
808_sub4	0	1	0	1	0	0	0	1
808_sub5	0	1	1	0	0	0	1	0
8082_sub0	0	1	0	1	0	0	0	1
8082_sub1	0	1	1	0	0	0	1	0
8082_sub2	0	1	0	1	0	0	0	1
8082_sub3	0	1	1	0	0	0	1	0
8082_sub4	0	1	0	1	0	0	0	1
8082_sub5	0	1	0	1	0	0	0	1
8082_sub6	0	1	0	1	0	0	0	1
8085_sub0	0	1	1	0	0	0	1	0
8085_sub1	0	1	0	1	0	0	0	1
8085_sub2	0	1	1	0	0	0	1	0
8085_sub3	0	1	1	0	0	0	1	0
8085_sub4	0	1	1	0	0	0	1	0
8085_sub5	0	1	0	1	0	0	0	1
8086_sub0	0	1	0	1	0	0	0	1
8086_sub1	0	1	1	0	0	0	1	0
8086_sub2	0	1	1	0	0	0	1	0
8086_sub3	0	1	0	1	0	0	0	1
8086_sub4	0	1	1	0	0	0	1	0
8086_sub5	0	1	1	0	0	0	1	0
8088_sub0	0	1	0	1	0	0	0	1
8088_sub1	0	1	1	0	0	0	1	0
8088_sub2	0	2	0	2	0	0	0	2
8088_sub3	0	1	1	0	0	0	1	0
8088_sub4	0	1	0	1	0	0	0	1
8090_sub0	0	1	0	1	0	0	0	1
8090_sub1	0	1	1	0	0	0	1	0
8090_sub2	0	1	0	1	0	0	0	1
8090_sub3	0	1	0	1	0	0	0	1
8090_sub4	0	1	1	0	0	0	1	0
8090_sub5	0	1	1	0	0	0	1	0
8090_sub6	0	1	0	1	0	0	0	1
8091_sub0	1	17	9	8	9	8	0	0
8091_sub1	0	1	1	0	0	0	1	0
8091_sub2	0	1	1	0	0	0	1	0
8091_sub3	0	1	0	1	0	0	0	1
8091_sub4	0	1	1	0	0	0	1	0
8091_sub5	0	1	0	1	0	0	0	1
8092_sub0	1	10	3	7	3	7	0	0
8092_sub1	0	1	1	0	0	0	1	0
8092_sub2	0	1	1	0	0	0	1	0
8092_sub3	0	1	0	1	0	0	0	1
8103_sub0	0	1	1	0	0	0	1	0
8103_sub1	0	1	0	1	0	0	0	1
8103_sub2	0	1	0	1	0	0	0	1
8103_sub3	0	1	0	1	0	0	0	1
8103_sub4	0	1	1	0	0	0	1	0
8103_sub5	0	1	0	1	0	0	0	1
8104_sub0	1	7	4	3	4	3	0	0
8104_sub1	0	1	1	0	0	0	1	0
8104_sub2	0	1	1	0	0	0	1	0
8104_sub3	0	1	0	1	0	0	0	1
8104_sub4	0	1	0	1	0	0	0	1
8110_sub0	0	1	0	1	0	0	0	1
8110_sub1	0	1	0	1	0	0	0	1
8110_sub2	0	1	0	1	0	0	0	1
8110_sub3	0	1	1	0	0	0	1	0
8110_sub4	0	1	1	0	0	0	1	0
8110_sub5	0	1	1	0	0	0	1	0
8110_sub6	0	1	1	0	0	0	1	0
8111_sub0	0	1	0	1	0	0	0	1
8111_sub1	0	1	0	1	0	0	0	1
8111_sub2	0	1	0	1	0	0	0	1
8111_sub3	0	1	0	1	0	0	0	1
8111_sub4	0	1	0	1	0	0	0	1
8111_sub5	0	1	0	1	0	0	0	1
8111_sub6	0	1	0	1	0	0	0	1
8121_sub0	0	1	1	0	0	0	1	0
8121_sub1	0	1	1	0	0	0	1	0
8121_sub2	0	1	0	1	0	0	0	1
8121_sub3	0	1	1	0	0	0	1	0
8121_sub4	0	1	1	0	0	0	1	0
8121_sub5	0	1	0	1	0	0	0	1
8121_sub6	0	1	1	0	0	0	1	0
8121_sub7	0	1	0	1	0	0	0	1
8125_sub0	0	1	0	1	0	0	0	1
8125_sub1	0	1	0	1	0	0	0	1
8125_sub2	0	1	0	1	0	0	0	1
8125_sub3	0	1	0	1	0	0	0	1
8125_sub4	0	1	1	0	0	0	1	0
8125_sub5	0	1	0	1	0	0	0	1
8132_sub0	1	20	13	7	13	7	0	0
8132_sub1	0	1	1	0	0	0	1	0
8132_sub2	0	1	1	0	0	0	1	0
8132_sub3	0	1	0	1	0	0	0	1
8132_sub4	0	1	0	1	0	0	0	1
8133_sub0	0	1	0	1	0	0	0	1
8133_sub1	0	1	0	1	0	0	0	1
8133_sub2	0	1	0	1	0	0	0	1
8133_sub3	0	1	1	0	0	0	1	0
8133_sub4	0	1	1	0	0	0	1	0
8133_sub5	0	1	1	0	0	0	1	0
8133_sub6	0	1	0	1	0	0	0	1
814_sub0	0	4	2	2	0	0	2	2
814_sub1	0	1	1	0	0	0	1	0
814_sub2	0	1	0	1	0	0	0	1
814_sub3	0	1	0	1	0	0	0	1
814_sub4	0	1	1	0	0	0	1	0
8147_sub0	0	1	1	0	0	0	1	0
8147_sub1	0	1	0	1	0	0	0	1
8147_sub2	0	1	1	0	0	0	1	0
8147_sub3	0	1	0	1	0	0	0	1
8147_sub4	0	1	0	1	0	0	0	1
8147_sub5	0	1	1	0	0	0	1	0
8149_sub0	1	13	4	9	4	9	0	0
8149_sub1	0	1	1	0	0	0	1	0
8149_sub2	0	1	1	0	0	0	1	0
8149_sub3	0	1	0	1	0	0	0	1
8149_sub4	0	1	0	1	0	0	0	1
8149_sub5	0	1	0	1	0	0	0	1
815_sub0	0	1	1	0	0	0	1	0
815_sub1	1	18	14	4	14	4	0	0
815_sub2	0	1	1	0	0	0	1	0
815_sub3	0	1	0	1	0	0	0	1
815_sub4	0	1	0	1	0	0	0	1
815_sub5	0	1	0	1	0	0	0	1
815_sub6	0	1	1	0	0	0	1	0
815_sub7	0	1	1	0	0	0	1	0
8150_sub0	1	16	8	8	8	8	0	0
8150_sub1	0	1	1	0	0	0	1	0
8150_sub2	0	1	0	1	0	0	0	1
8150_sub3	0	1	1	0	0	0	1	0
8150_sub4	0	1	0	1	0	0	0	1
8157_sub0	1	6	3	3	3	3	0	0
8157_sub1	0	1	1	0	0	0	1	0
8157_sub2	0	1	0	1	0	0	0	1
8157_sub3	0	1	0	1	0	0	0	1
8157_sub4	0	1	1	0	0	0	1	0
8157_sub5	0	1	1	0	0	0	1	0
8157_sub6	0	1	1	0	0	0	1	0
8160_sub0	1	10	2	8	2	8	0	0
8160_sub1	0	1	0	1	0	0	0	1
8160_sub2	0	1	1	0	0	0	1	0
8160_sub3	0	1	0	1	0	0	0	1
8162_sub0	1	7	3	4	3	4	0	0
8162_sub1	0	1	0	1	0	0	0	1
8163_sub0	1	10	7	3	7	3	0	0
8163_sub1	0	1	0	1	0	0	0	1
8163_sub2	0	1	0	1	0	0	0	1
8163_sub3	0	1	1	0	0	0	1	0
8163_sub4	0	1	0	1	0	0	0	1
8168_sub0	0	1	1	0	0	0	1	0
8168_sub1	0	1	0	1	0	0	0	1
8168_sub2	0	1	1	0	0	0	1	0
8168_sub3	0	1	1	0	0	0	1	0
8168_sub4	0	1	0	1	0	0	0	1
8168_sub5	0	1	0	1	0	0	0	1
8168_sub6	0	1	0	1	0	0	0	1
8168_sub7	0	1	1	0	0	0	1	0
8180_sub0	0	1	1	0	0	0	1	0
8180_sub1	0	1	0	1	0	0	0	1
8180_sub2	0	1	0	1	0	0	0	1
8180_sub3	0	1	0	1	0	0	0	1
8180_sub4	0	1	1	0	0	0	1	0
8180_sub5	0	1	1	0	0	0	1	0
8180_sub6	0	1	1	0	0	0	1	0
8180_sub7	0	1	1	0	0	0	1	0
8180_sub8	0	1	0	1	0	0	0	1
8180_sub9	0	1	0	1	0	0	0	1
8182_sub0	1	10	5	5	5	5	0	0
8182_sub1	0	1	1	0	0	0	1	0
8182_sub2	0	1	0	1	0	0	0	1
8182_sub3	0	1	1	0	0	0	1	0
8182_sub4	0	1	0	1	0	0	0	1
8184_sub0	1	18	13	5	13	5	0	0
8184_sub1	0	1	1	0	0	0	1	0
8184_sub2	0	1	0	1	0	0	0	1
8184_sub3	0	1	0	1	0	0	0	1
8184_sub4	0	1	0	1	0	0	0	1
8184_sub5	0	1	0	1	0	0	0	1
8184_sub6	0	1	1	0	0	0	1	0
8184_sub7	0	1	1	0	0	0	1	0
8184_sub8	0	1	0	1	0	0	0	1
8186_sub0	0	1	0	1	0	0	0	1
8186_sub1	0	1	1	0	0	0	1	0
8186_sub2	1	10	6	4	6	4	0	0
8186_sub3	0	1	0	1	0	0	0	1
8186_sub4	0	1	0	1	0	0	0	1
8186_sub5	0	1	0	1	0	0	0	1
8189_sub0	1	13	6	7	6	7	0	0
8189_sub1	0	1	1	0	0	0	1	0
8189_sub2	0	1	0	1	0	0	0	1
8189_sub3	0	1	1	0	0	0	1	0
8189_sub4	0	1	1	0	0	0	1	0
8189_sub5	0	1	1	0	0	0	1	0
8192_sub0	1	13	8	5	8	5	0	0
8192_sub1	0	1	1	0	0	0	1	0
82_sub0	0	1	0	1	0	0	0	1
82_sub1	0	1	1	0	0	0	1	0
82_sub2	1	20	11	9	11	9	0	0
82_sub3	0	1	0	1	0	0	0	1
82_sub4	0	1	1	0	0	0	1	0
82_sub5	0	1	1	0	0	0	1	0
82_sub6	0	1	0	1	0	0	0	1
820_sub0	0	1	1	0	0	0	1	0
820_sub1	0	1	1	0	0	0	1	0
820_sub2	1	8	5	3	5	3	0	0
8200_sub0	0	1	0	1	0	0	0	1
8200_sub1	0	1	0	1	0	0	0	1
8200_sub2	0	1	1	0	0	0	1	0
8200_sub3	0	1	1	0	0	0	1	0
8200_sub4	0	1	1	0	0	0	1	0
8200_sub5	0	1	0	1	0	0	0	1
8200_sub6	0	1	1	0	0	0	1	0
8201_sub0	1	10	2	8	2	8	0	0
8201_sub1	0	1	0	1	0	0	0	1
8201_sub2	0	1	0	1	0	0	0	1
8201_sub3	0	1	1	0	0	0	1	0
8201_sub4	0	1	0	1	0	0	0	1
8201_sub5	0	1	0	1	0	0	0	1
8202_sub0	1	7	6	1	6	1	0	0
8202_sub1	0	1	0	1	0	0	0	1
8202_sub2	0	1	1	0	0	0	1	0
8207_sub0	0	1	1	0	0	0	1	0
8207_sub1	0	1	1	0	0	0	1	0
8207_sub2	0	1	0	1	0	0	0	1
8207_sub3	0	1	1	0	0	0	1	0
8207_sub4	0	1	1	0	0	0	1	0
8207_sub5	0	1	0	1	0	0	0	1
8208_sub0	0	4	3	1	0	0	3	1
8208_sub1	0	1	0	1	0	0	0	1
8208_sub2	0	1	0	1	0	0	0	1
8208_sub3	0	1	1	0	0	0	1	0
8208_sub4	0	1	1	0	0	0	1	0
8208_sub5	0	1	0	1	0	0	0	1
8208_sub6	0	1	0	1	0	0	0	1
8213_sub0	1	8	5	3	5	3	0	0
8213_sub1	0	1	1	0	0	0	1	0
8213_sub2	0	1	0	1	0	0	0	1
8217_sub0	1	6	2	4	2	4	0	0
8217_sub1	0	1	1	0	0	0	1	0
8217_sub2	0	1	0	1	0	0	0	1
8217_sub3	0	1	1	0	0	0	1	0
822_sub0	0	1	0	1	0	0	0	1
822_sub1	1	8	5	3	5	3	0	0
822_sub2	0	1	1	0	0	0	1	0
822_sub3	0	1	1	0	0	0	1	0
822_sub4	0	1	0	1	0	0	0	1
8223_sub0	1	24	13	11	10	10	3	1
8223_sub1	0	1	1	0	0	0	1	0
8223_sub2	0	1	1	0	0	0	1	0
8223_sub3	0	1	0	1	0	0	0	1
8223_sub4	0	1	1	0	0	0	1	0
8223_sub5	0	1	1	0	0	0	1	0
8223_sub6	0	1	0	1	0	0	0	1
8223_sub7	0	1	0	1	0	0	0	1
8224_sub0	1	11	6	5	6	5	0	0
8224_sub1	0	1	1	0	0	0	1	0
8224_sub2	0	1	1	0	0	0	1	0
8224_sub3	0	1	0	1	0	0	0	1
8225_sub0	1	8	5	3	5	3	0	0
8225_sub1	0	1	0	1	0	0	0	1
8225_sub2	0	1	1	0	0	0	1	0
8225_sub3	0	1	1	0	0	0	1	0
8228_sub0	0	1	1	0	0	0	1	0
8228_sub1	0	1	0	1	0	0	0	1
8228_sub2	0	1	0	1	0	0	0	1
8228_sub3	0	1	1	0	0	0	1	0
8228_sub4	0	1	0	1	0	0	0	1
8228_sub5	0	1	1	0	0	0	1	0
8228_sub6	0	1	0	1	0	0	0	1
8228_sub7	0	1	0	1	0	0	0	1
8228_sub8	0	1	0	1	0	0	0	1
8228_sub9	0	1	0	1	0	0	0	1
8229_sub0	0	1	1	0	0	0	1	0
8229_sub1	0	1	0	1	0	0	0	1
8229_sub2	0	1	1	0	0	0	1	0
8229_sub3	0	2	1	1	0	0	1	1
8229_sub4	0	1	0	1	0	0	0	1
823_sub0	0	1	0	1	0	0	0	1
823_sub1	1	9	3	6	3	6	0	0
8230_sub0	1	8	6	2	6	2	0	0
8230_sub1	0	1	0	1	0	0	0	1
8230_sub2	0	1	1	0	0	0	1	0
8230_sub3	0	1	0	1	0	0	0	1
8230_sub4	0	1	1	0	0	0	1	0
8230_sub5	0	1	0	1	0	0	0	1
8230_sub6	0	1	0	1	0	0	0	1
8233_sub0	0	1	1	0	0	0	1	0
8233_sub1	0	1	1	0	0	0	1	0
8233_sub2	0	1	1	0	0	0	1	0
8233_sub3	0	1	1	0	0	0	1	0
8233_sub4	0	1	0	1	0	0	0	1
8233_sub5	0	1	0	1	0	0	0	1
8240_sub0	0	1	0	1	0	0	0	1
8240_sub1	0	1	1	0	0	0	1	0
8240_sub2	0	1	1	0	0	0	1	0
8240_sub3	0	1	1	0	0	0	1	0
8240_sub4	0	1	1	0	0	0	1	0
8240_sub5	0	1	0	1	0	0	0	1
8240_sub6	0	1	0	1	0	0	0	1
8243_sub0	1	18	10	8	10	8	0	0
8243_sub1	0	1	0	1	0	0	0	1
8243_sub2	0	1	0	1	0	0	0	1
8243_sub3	0	1	1	0	0	0	1	0
8243_sub4	0	1	1	0	0	0	1	0
8243_sub5	0	1	1	0	0	0	1	0
8243_sub6	0	1	1	0	0	0	1	0
8243_sub7	0	1	0	1	0	0	0	1
8245_sub0	0	1	1	0	0	0	1	0
8245_sub1	0	4	3	1	0	0	3	1
8245_sub2	0	1	1	0	0	0	1	0
8245_sub3	0	1	0	1	0	0	0	1
8246_sub0	0	1	1	0	0	0	1	0
8246_sub1	0	1	1	0	0	0	1	0
8246_sub2	0	1	1	0	0	0	1	0
8246_sub3	0	1	1	0	0	0	1	0
8246_sub4	0	1	1	0	0	0	1	0
8246_sub5	0	1	1	0	0	0	1	0
8246_sub6	0	1	1	0	0	0	1	0
8246_sub7	0	1	1	0	0	0	1	0
8246_sub8	0	1	1	0	0	0	1	0
8246_sub9	0	1	1	0	0	0	1	0
8246_sub10	0	1	0	1	0	0	0	1
8246_sub11	0	1	0	1	0	0	0	1
8249_sub0	0	1	1	0	0	0	1	0
8249_sub1	0	4	2	2	0	0	2	2
8249_sub2	0	1	1	0	0	0	1	0
8249_sub3	0	1	0	1	0	0	0	1
8249_sub4	0	1	1	0	0	0	1	0
8251_sub0	1	8	3	5	3	5	0	0
8251_sub1	0	1	0	1	0	0	0	1
8252_sub0	0	1	1	0	0	0	1	0
8252_sub1	0	1	1	0	0	0	1	0
8252_sub2	0	1	0	1	0	0	0	1
8252_sub3	0	1	0	1	0	0	0	1
8252_sub4	0	1	0	1	0	0	0	1
8252_sub5	0	1	0	1	0	0	0	1
8252_sub6	0	1	0	1	0	0	0	1
8253_sub0	1	16	12	4	12	4	0	0
8253_sub1	0	1	1	0	0	0	1	0
8253_sub2	0	1	1	0	0	0	1	0
8253_sub3	0	1	1	0	0	0	1	0
8253_sub4	0	1	1	0	0	0	1	0
8253_sub5	0	1	1	0	0	0	1	0
8253_sub6	0	1	1	0	0	0	1	0
8253_sub7	0	1	0	1	0	0	0	1
8253_sub8	0	1	0	1	0	0	0	1
8255_sub0	0	1	1	0	0	0	1	0
8255_sub1	0	1	1	0	0	0	1	0
8255_sub2	0	1	0	1	0	0	0	1
8255_sub3	0	1	0	1	0	0	0	1
8255_sub4	0	1	0	1	0	0	0	1
8255_sub5	0	1	1	0	0	0	1	0
8255_sub6	0	1	1	0	0	0	1	0
8255_sub7	0	1	1	0	0	0	1	0
8255_sub8	0	1	0	1	0	0	0	1
8260_sub0	0	1	0	1	0	0	0	1
8260_sub1	1	11	6	5	6	5	0	0
8260_sub2	0	1	0	1	0	0	0	1
8272_sub0	0	1	1	0	0	0	1	0
8272_sub1	0	2	1	1	0	0	1	1
8272_sub2	0	1	1	0	0	0	1	0
8272_sub3	0	1	1	0	0	0	1	0
8272_sub4	0	1	1	0	0	0	1	0
8272_sub5	0	1	1	0	0	0	1	0
8272_sub6	0	1	0	1	0	0	0	1
8272_sub7	0	1	0	1	0	0	0	1
8272_sub8	0	1	1	0	0	0	1	0
8275_sub0	1	13	4	9	4	9	0	0
8275_sub1	0	1	0	1	0	0	0	1
8275_sub2	0	1	0	1	0	0	0	1
8275_sub3	0	1	1	0	0	0	1	0
8275_sub4	0	1	0	1	0	0	0	1
8275_sub5	0	1	0	1	0	0	0	1
8275_sub6	0	1	0	1	0	0	0	1
8275_sub7	0	1	1	0	0	0	1	0
8275_sub8	0	1	0	1	0	0	0	1
8275_sub9	0	1	1	0	0	0	1	0
8275_sub10	0	1	0	1	0	0	0	1
8278_sub0	0	1	1	0	0	0	1	0
8278_sub1	0	1	1	0	0	0	1	0
8278_sub2	0	1	1	0	0	0	1	0
8278_sub3	0	1	1	0	0	0	1	0
8278_sub4	0	1	0	1	0	0	0	1
8278_sub5	0	1	0	1	0	0	0	1
8279_sub0	0	1	0	1	0	0	0	1
8279_sub1	0	5	3	2	0	0	3	2
8279_sub2	0	1	1	0	0	0	1	0
8279_sub3	0	1	0	1	0	0	0	1
8279_sub4	0	1	1	0	0	0	1	0
828_sub0	0	1	0	1	0	0	0	1
828_sub1	0	1	0	1	0	0	0	1
828_sub2	1	7	1	6	1	6	0	0
828_sub3	0	1	1	0	0	0	1	0
8286_sub0	1	16	9	7	9	7	0	0
8286_sub1	0	1	0	1	0	0	0	1
8286_sub2	0	1	0	1	0	0	0	1
8286_sub3	0	1	0	1	0	0	0	1
8286_sub4	0	1	0	1	0	0	0	1
8286_sub5	0	1	1	0	0	0	1	0
8286_sub6	0	1	1	0	0	0	1	0
8286_sub7	0	1	0	1	0	0	0	1
8290_sub0	0	1	0	1	0	0	0	1
8290_sub1	0	1	1	0	0	0	1	0
8290_sub2	0	1	1	0	0	0	1	0
8290_sub3	0	1	1	0	0	0	1	0
8290_sub4	0	1	1	0	0	0	1	0
8290_sub5	0	1	0	1	0	0	0	1
8291_sub0	1	21	9	12	9	11	0	1
8291_sub1	0	1	1	0	0	0	1	0
8291_sub2	0	1	0	1	0	0	0	1
8291_sub3	0	1	0	1	0	0	0	1
8291_sub4	0	1	1	0	0	0	1	0
8291_sub5	0	1	0	1	0	0	0	1
8291_sub6	0	1	1	0	0	0	1	0
8291_sub7	0	1	1	0	0	0	1	0
8299_sub0	1	18	7	11	7	11	0	0
8299_sub1	0	1	1	0	0	0	1	0
8299_sub2	0	1	0	1	0	0	0	1
8309_sub0	1	12	8	4	8	4	0	0
8309_sub1	0	1	0	1	0	0	0	1
8309_sub2	0	1	1	0	0	0	1	0
8309_sub3	0	1	0	1	0	0	0	1
8309_sub4	0	1	0	1	0	0	0	1
8316_sub0	0	1	1	0	0	0	1	0
8316_sub1	0	1	1	0	0	0	1	0
8316_sub2	0	1	1	0	0	0	1	0
8316_sub3	0	1	0	1	0	0	0	1
8316_sub4	0	1	0	1	0	0	0	1
8316_sub5	0	1	0	1	0	0	0	1
8316_sub6	0	1	1	0	0	0	1	0
8316_sub7	0	1	1	0	0	0	1	0
8316_sub8	0	1	1	0	0	0	1	0
8318_sub0	1	9	3	6	3	6	0	0
8318_sub1	0	1	0	1	0	0	0	1
8318_sub2	0	1	0	1	0	0	0	1
832_sub0	0	1	0	1	0	0	0	1
832_sub1	1	10	3	7	3	7	0	0
8320_sub0	0	1	0	1	0	0	0	1
8320_sub1	0	4	2	2	0	0	2	2
8320_sub2	0	1	0	1	0	0	0	1
8321_sub0	0	1	0	1	0	0	0	1
8321_sub1	0	1	1	0	0	0	1	0
8321_sub2	0	1	1	0	0	0	1	0
8321_sub3	0	1	1	0	0	0	1	0
8321_sub4	0	1	1	0	0	0	1	0
8321_sub5	0	1	0	1	0	0	0	1
8326_sub0	0	1	0	1	0	0	0	1
8326_sub1	0	1	1	0	0	0	1	0
8326_sub2	0	1	1	0	0	0	1	0
8326_sub3	0	1	0	1	0	0	0	1
8326_sub4	0	1	0	1	0	0	0	1
8326_sub5	0	1	1	0	0	0	1	0
833_sub0	0	1	0	1	0	0	0	1
833_sub1	0	1	0	1	0	0	0	1
833_sub2	1	17	7	10	7	10	0	0
833_sub3	0	1	1	0	0	0	1	0
833_sub4	0	1	1	0	0	0	1	0
833_sub5	0	1	1	0	0	0	1	0
833_sub6	0	1	0	1	0	0	0	1
8330_sub0	1	12	7	5	7	5	0	0
8330_sub1	0	1	0	1	0	0	0	1
8330_sub2	0	1	0	1	0	0	0	1
8330_sub3	0	1	1	0	0	0	1	0
8333_sub0	0	2	1	1	0	0	1	1
8333_sub1	0	1	1	0	0	0	1	0
8333_sub2	0	1	0	1	0	0	0	1
8333_sub3	0	1	0	1	0	0	0	1
8333_sub4	0	1	1	0	0	0	1	0
8333_sub5	0	1	1	0	0	0	1	0
8334_sub0	0	1	0	1	0	0	0	1
8334_sub1	0	1	1	0	0	0	1	0
8334_sub2	0	1	0	1	0	0	0	1
8334_sub3	0	1	1	0	0	0	1	0
8334_sub4	0	1	0	1	0	0	0	1
8334_sub5	0	1	1	0	0	0	1	0
8334_sub6	0	1	0	1	0	0	0	1
8334_sub7	0	1	0	1	0	0	0	1
8334_sub8	0	1	1	0	0	0	1	0
8336_sub0	0	1	0	1	0	0	0	1
8336_sub1	0	1	0	1	0	0	0	1
8336_sub2	0	1	0	1	0	0	0	1
8336_sub3	0	1	0	1	0	0	0	1
8336_sub4	0	1	0	1	0	0	0	1
8336_sub5	0	1	1	0	0	0	1	0
8336_sub6	0	1	0	1	0	0	0	1
8336_sub7	0	1	0	1	0	0	0	1
8337_sub0	1	7	4	3	4	3	0	0
8337_sub1	0	1	1	0	0	0	1	0
8337_sub2	0	1	0	1	0	0	0	1
8338_sub0	0	1	0	1	0	0	0	1
8338_sub1	0	1	1	0	0	0	1	0
8338_sub2	0	1	0	1	0	0	0	1
8338_sub3	0	1	1	0	0	0	1	0
8338_sub4	0	1	1	0	0	0	1	0
8338_sub5	0	1	1	0	0	0	1	0
8338_sub6	0	3	3	0	0	0	3	0
8338_sub7	0	1	0	1	0	0	0	1
8338_sub8	0	1	0	1	0	0	0	1
8338_sub9	0	1	0	1	0	0	0	1
834_sub0	0	1	0	1	0	0	0	1
834_sub1	0	1	0	1	0	0	0	1
834_sub2	1	7	4	3	4	3	0	0
834_sub3	0	1	1	0	0	0	1	0
834_sub4	0	1	0	1	0	0	0	1
8340_sub0	1	19	8	11	8	11	0	0
8340_sub1	0	1	0	1	0	0	0	1
8340_sub2	0	1	1	0	0	0	1	0
8340_sub3	0	1	1	0	0	0	1	0
8340_sub4	0	1	1	0	0	0	1	0
8340_sub5	0	1	0	1	0	0	0	1
8340_sub6	0	1	0	1	0	0	0	1
8340_sub7	0	1	0	1	0	0	0	1
8340_sub8	0	1	0	1	0	0	0	1
8341_sub0	0	1	1	0	0	0	1	0
8341_sub1	0	1	1	0	0	0	1	0
8341_sub2	0	1	0	1	0	0	0	1
8341_sub3	0	1	0	1	0	0	0	1
8341_sub4	0	1	1	0	0	0	1	0
8341_sub5	0	1	1	0	0	0	1	0
8341_sub6	0	1	0	1	0	0	0	1
8343_sub0	1	7	5	2	5	2	0	0
8343_sub1	0	1	0	1	0	0	0	1
8343_sub2	0	1	0	1	0	0	0	1
8343_sub3	0	1	0	1	0	0	0	1
8348_sub0	1	23	13	10	10	10	3	0
8348_sub1	0	1	0	1	0	0	0	1
8348_sub2	0	1	0	1	0	0	0	1
8351_sub0	1	9	3	6	3	6	0	0
8351_sub1	0	1	0	1	0	0	0	1
8351_sub2	0	1	0	1	0	0	0	1
8351_sub3	0	1	0	1	0	0	0	1
8351_sub4	0	1	0	1	0	0	0	1
8352_sub0	0	1	0	1	0	0	0	1
8352_sub1	1	9	3	6	3	6	0	0
8352_sub2	0	1	1	0	0	0	1	0
8352_sub3	0	1	1	0	0	0	1	0
8352_sub4	0	1	0	1	0	0	0	1
8353_sub0	1	10	6	4	6	4	0	0
8353_sub1	0	1	0	1	0	0	0	1
8353_sub2	0	1	0	1	0	0	0	1
8353_sub3	0	1	0	1	0	0	0	1
8355_sub0	0	1	1	0	0	0	1	0
8355_sub1	0	1	1	0	0	0	1	0
8355_sub2	0	2	1	1	0	0	1	1
8355_sub3	0	1	0	1	0	0	0	1
8355_sub4	0	1	1	0	0	0	1	0
8355_sub5	0	1	1	0	0	0	1	0
8355_sub6	0	1	1	0	0	0	1	0
8357_sub0	0	1	0	1	0	0	0	1
8357_sub1	0	1	1	0	0	0	1	0
8357_sub2	0	1	1	0	0	0	1	0
8357_sub3	0	1	1	0	0	0	1	0
8357_sub4	0	1	1	0	0	0	1	0
8357_sub5	0	1	0	1	0	0	0	1
8357_sub6	0	1	0	1	0	0	0	1
8357_sub7	0	1	1	0	0	0	1	0
8361_sub0	0	1	1	0	0	0	1	0
8361_sub1	0	1	0	1	0	0	0	1
8361_sub2	0	1	0	1	0	0	0	1
8361_sub3	0	1	1	0	0	0	1	0
8361_sub4	0	1	0	1	0	0	0	1
8361_sub5	0	1	0	1	0	0	0	1
8361_sub6	0	1	0	1	0	0	0	1
8361_sub7	0	1	1	0	0	0	1	0
8361_sub8	0	1	1	0	0	0	1	0
8366_sub0	0	1	1	0	0	0	1	0
8366_sub1	0	1	1	0	0	0	1	0
8366_sub2	0	1	0	1	0	0	0	1
8366_sub3	0	1	0	1	0	0	0	1
8366_sub4	0	1	0	1	0	0	0	1
8366_sub5	0	1	1	0	0	0	1	0
8367_sub0	0	1	1	0	0	0	1	0
8367_sub1	0	1	0	1	0	0	0	1
8367_sub2	0	1	1	0	0	0	1	0
8367_sub3	0	1	1	0	0	0	1	0
8367_sub4	0	1	0	1	0	0	0	1
8367_sub5	0	1	0	1	0	0	0	1
8367_sub6	0	1	0	1	0	0	0	1
8368_sub0	0	1	1	0	0	0	1	0
8368_sub1	0	1	1	0	0	0	1	0
8368_sub2	0	2	1	1	0	0	1	1
8368_sub3	0	1	0	1	0	0	0	1
8368_sub4	0	1	0	1	0	0	0	1
8368_sub5	0	1	1	0	0	0	1	0
837_sub0	0	1	0	1	0	0	0	1
837_sub1	1	20	12	8	12	8	0	0
837_sub2	0	1	0	1	0	0	0	1
837_sub3	0	1	1	0	0	0	1	0
837_sub4	0	2	0	2	0	0	0	2
8371_sub0	1	17	10	7	10	7	0	0
8371_sub1	0	1	0	1	0	0	0	1
8371_sub2	0	1	1	0	0	0	1	0
8371_sub3	0	1	1	0	0	0	1	0
8371_sub4	0	1	0	1	0	0	0	1
8371_sub5	0	1	1	0	0	0	1	0
8375_sub0	0	1	0	1	0	0	0	1
8375_sub1	0	1	0	1	0	0	0	1
8375_sub2	0	1	0	1	0	0	0	1
8375_sub3	0	1	0	1	0	0	0	1
8375_sub4	0	1	1	0	0	0	1	0
8375_sub5	0	1	1	0	0	0	1	0
8375_sub6	0	1	0	1	0	0	0	1
8375_sub7	0	1	0	1	0	0	0	1
8375_sub8	0	1	0	1	0	0	0	1
8375_sub9	0	1	0	1	0	0	0	1
838_sub0	0	1	1	0	0	0	1	0
838_sub1	0	1	0	1	0	0	0	1
838_sub2	0	1	1	0	0	0	1	0
838_sub3	0	1	1	0	0	0	1	0
838_sub4	1	23	10	13	10	10	0	3
839_sub0	0	1	1	0	0	0	1	0
839_sub1	0	1	0	1	0	0	0	1
839_sub2	0	1	0	1	0	0	0	1
839_sub3	1	11	3	8	3	8	0	0
839_sub4	0	1	1	0	0	0	1	0
839_sub5	0	1	1	0	0	0	1	0
839_sub6	0	1	0	1	0	0	0	1
8392_sub0	0	1	1	0	0	0	1	0
8392_sub1	0	1	1	0	0	0	1	0
8392_sub2	0	1	0	1	0	0	0	1
8392_sub3	0	1	1	0	0	0	1	0
8392_sub4	0	1	0	1	0	0	0	1
8392_sub5	0	1	1	0	0	0	1	0
8392_sub6	0	1	0	1	0	0	0	1
8392_sub7	0	1	1	0	0	0	1	0
8393_sub0	0	1	0	1	0	0	0	1
8393_sub1	0	1	0	1	0	0	0	1
8393_sub2	0	1	1	0	0	0	1	0
8393_sub3	0	1	1	0	0	0	1	0
8393_sub4	0	1	0	1	0	0	0	1
8393_sub5	0	1	0	1	0	0	0	1
8393_sub6	0	1	1	0	0	0	1	0
8396_sub0	1	21	10	11	10	10	0	1
8396_sub1	0	1	1	0	0	0	1	0
8396_sub2	0	1	1	0	0	0	1	0
8396_sub3	0	1	1	0	0	0	1	0
8397_sub0	1	14	7	7	7	7	0	0
8397_sub1	0	1	1	0	0	0	1	0
8397_sub2	0	1	1	0	0	0	1	0
8397_sub3	0	1	0	1	0	0	0	1
8397_sub4	0	1	0	1	0	0	0	1
8397_sub5	0	1	0	1	0	0	0	1
8409_sub0	1	8	4	4	4	4	0	0
8409_sub1	0	1	0	1	0	0	0	1
8409_sub2	0	1	0	1	0	0	0	1
8409_sub3	0	1	0	1	0	0	0	1
8409_sub4	0	1	1	0	0	0	1	0
8415_sub0	0	1	1	0	0	0	1	0
8415_sub1	0	1	0	1	0	0	0	1
8415_sub2	0	1	1	0	0	0	1	0
8415_sub3	0	1	1	0	0	0	1	0
8415_sub4	0	1	1	0	0	0	1	0
8415_sub5	0	1	0	1	0	0	0	1
842_sub0	0	1	1	0	0	0	1	0
842_sub1	1	18	14	4	14	4	0	0
842_sub2	0	1	0	1	0	0	0	1
842_sub3	0	1	1	0	0	0	1	0
8421_sub0	0	1	0	1	0	0	0	1
8421_sub1	0	1	0	1	0	0	0	1
8421_sub2	0	1	1	0	0	0	1	0
8421_sub3	0	1	1	0	0	0	1	0
8421_sub4	0	1	0	1	0	0	0	1
8421_sub5	0	1	1	0	0	0	1	0
8421_sub6	0	1	0	1	0	0	0	1
8424_sub0	1	21	11	10	10	10	1	0
8424_sub1	0	1	0	1	0	0	0	1
8424_sub2	0	1	1	0	0	0	1	0
8424_sub3	0	1	0	1	0	0	0	1
8425_sub0	0	1	1	0	0	0	1	0
8425_sub1	0	1	0	1	0	0	0	1
8425_sub2	0	1	0	1	0	0	0	1
8425_sub3	0	1	0	1	0	0	0	1
8425_sub4	0	1	0	1	0	0	0	1
8425_sub5	0	1	1	0	0	0	1	0
8425_sub6	0	1	1	0	0	0	1	0
8426_sub0	0	1	0	1	0	0	0	1
8426_sub1	0	1	1	0	0	0	1	0
8426_sub2	0	1	1	0	0	0	1	0
8426_sub3	0	1	0	1	0	0	0	1
8426_sub4	0	1	1	0	0	0	1	0
8426_sub5	0	1	1	0	0	0	1	0
8426_sub6	0	2	1	1	0	0	1	1
8429_sub0	0	1	0	1	0	0	0	1
8429_sub1	0	1	1	0	0	0	1	0
8429_sub2	0	1	1	0	0	0	1	0
8429_sub3	0	3	1	2	0	0	1	2
8429_sub4	0	1	1	0	0	0	1	0
843_sub0	0	1	0	1	0	0	0	1
843_sub1	0	5	4	1	0	0	4	1
843_sub2	0	1	1	0	0	0	1	0
8430_sub0	0	1	1	0	0	0	1	0
8430_sub1	0	1	1	0	0	0	1	0
8430_sub2	0	1	1	0	0	0	1	0
8430_sub3	0	1	1	0	0	0	1	0
8430_sub4	0	1	1	0	0	0	1	0
8430_sub5	0	1	1	0	0	0	1	0
8430_sub6	0	1	1	0	0	0	1	0
8433_sub0	0	5	2	3	0	0	2	3
8433_sub1	0	1	1	0	0	0	1	0
8433_sub2	0	1	0	1	0	0	0	1
8434_sub0	0	1	0	1	0	0	0	1
8434_sub1	0	1	0	1	0	0	0	1
8434_sub2	0	1	0	1	0	0	0	1
8434_sub3	0	1	1	0	0	0	1	0
8434_sub4	0	1	0	1	0	0	0	1
8434_sub5	0	1	0	1	0	0	0	1
8438_sub0	1	7	4	3	4	3	0	0
8438_sub1	0	1	1	0	0	0	1	0
8438_sub2	0	1	1	0	0	0	1	0
8438_sub3	0	1	0	1	0	0	0	1
8441_sub0	0	1	1	0	0	0	1	0
8441_sub1	0	3	3	0	0	0	3	0
8441_sub2	0	1	1	0	0	0	1	0
8441_sub3	0	1	1	0	0	0	1	0
8441_sub4	0	1	1	0	0	0	1	0
8451_sub0	0	3	0	3	0	0	0	3
8451_sub1	0	1	1	0	0	0	1	0
8451_sub2	0	1	0	1	0	0	0	1
8451_sub3	0	1	1	0	0	0	1	0
8454_sub0	0	1	1	0	0	0	1	0
8454_sub1	0	1	0	1	0	0	0	1
8454_sub2	0	1	1	0	0	0	1	0
8454_sub3	0	1	1	0	0	0	1	0
8454_sub4	0	1	0	1	0	0	0	1
8454_sub5	0	1	1	0	0	0	1	0
8458_sub0	0	1	0	1	0	0	0	1
8458_sub1	1	7	5	2	5	2	0	0
8458_sub2	0	1	0	1	0	0	0	1
8458_sub3	0	1	1	0	0	0	1	0
846_sub0	0	1	0	1	0	0	0	1
846_sub1	1	16	5	11	5	11	0	0
8460_sub0	0	1	0	1	0	0	0	1
8460_sub1	1	10	6	4	6	4	0	0
8460_sub2	0	1	1	0	0	0	1	0
8460_sub3	0	1	1	0	0	0	1	0
8460_sub4	0	1	0	1	0	0	0	1
8463_sub0	0	1	0	1	0	0	0	1
8463_sub1	0	1	1	0	0	0	1	0
8463_sub2	1	14	8	6	8	6	0	0
8463_sub3	0	1	1	0	0	0	1	0
8463_sub4	0	1	0	1	0	0	0	1
8463_sub5	0	1	1	0	0	0	1	0
8463_sub6	0	1	0	1	0	0	0	1
8464_sub0	0	1	0	1	0	0	0	1
8464_sub1	0	1	1	0	0	0	1	0
8464_sub2	0	1	0	1	0	0	0	1
8464_sub3	0	1	1	0	0	0	1	0
8464_sub4	0	1	0	1	0	0	0	1
8464_sub5	0	1	0	1	0	0	0	1
8464_sub6	0	1	0	1	0	0	0	1
8466_sub0	1	7	4	3	4	3	0	0
8466_sub1	0	1	0	1	0	0	0	1
8466_sub2	0	1	1	0	0	0	1	0
8473_sub0	1	23	11	12	10	10	1	2
8473_sub1	0	1	0	1	0	0	0	1
8473_sub2	0	1	0	1	0	0	0	1
8473_sub3	0	1	0	1	0	0	0	1
8473_sub4	0	1	1	0	0	0	1	0
8474_sub0	0	5	4	1	0	0	4	1
8474_sub1	0	1	1	0	0	0	1	0
8474_sub2	0	1	0	1	0	0	0	1
8474_sub3	0	1	0	1	0	0	0	1
8475_sub0	1	10	6	4	6	4	0	0
8475_sub1	0	1	0	1	0	0	0	1
8479_sub0	0	1	0	1	0	0	0	1
8479_sub1	0	1	0	1	0	0	0	1
8479_sub2	0	1	1	0	0	0	1	0
8479_sub3	0	1	0	1	0	0	0	1
8479_sub4	0	1	0	1	0	0	0	1
8479_sub5	0	1	1	0	0	0	1	0
848_sub0	0	1	0	1	0	0	0	1
848_sub1	0	1	0	1	0	0	0	1
848_sub2	0	1	1	0	0	0	1	0
848_sub3	1	9	4	5	4	5	0	0
848_sub4	0	1	1	0	0	0	1	0
848_sub5	0	1	1	0	0	0	1	0
848_sub6	0	1	1	0	0	0	1	0
848_sub7	0	1	0	1	0	0	0	1
848_sub8	0	1	0	1	0	0	0	1
8482_sub0	0	5	2	3	0	0	2	3
8482_sub1	0	1	0	1	0	0	0	1
8482_sub2	0	1	0	1	0	0	0	1
8482_sub3	0	1	0	1	0	0	0	1
8482_sub4	0	1	0	1	0	0	0	1
8484_sub0	0	1	0	1	0	0	0	1
8484_sub1	0	4	2	2	0	0	2	2
8484_sub2	0	1	1	0	0	0	1	0
8484_sub3	0	1	0	1	0	0	0	1
8485_sub0	0	1	0	1	0	0	0	1
8485_sub1	0	1	1	0	0	0	1	0
8485_sub2	1	6	4	2	4	2	0	0
8493_sub0	0	5	3	2	0	0	3	2
8493_sub1	0	1	1	0	0	0	1	0
8493_sub2	0	1	0	1	0	0	0	1
8493_sub3	0	1	1	0	0	0	1	0
8493_sub4	0	1	0	1	0	0	0	1
8495_sub0	0	5	5	0	0	0	5	0
8495_sub1	0	1	1	0	0	0	1	0
8500_sub0	1	6	4	2	4	2	0	0
8500_sub1	0	1	1	0	0	0	1	0
8500_sub2	0	1	1	0	0	0	1	0
8501_sub0	1	11	5	6	5	6	0	0
8501_sub1	0	1	0	1	0	0	0	1
8501_sub2	0	1	1	0	0	0	1	0
8501_sub3	0	1	1	0	0	0	1	0
8505_sub0	0	1	1	0	0	0	1	0
8505_sub1	0	1	1	0	0	0	1	0
8505_sub2	0	1	1	0	0	0	1	0
8505_sub3	0	1	0	1	0	0	0	1
8505_sub4	0	4	1	3	0	0	1	3
8511_sub0	1	10	9	1	9	1	0	0
8511_sub1	0	1	1	0	0	0	1	0
8513_sub0	0	1	1	0	0	0	1	0
8513_sub1	1	11	8	3	8	3	0	0
8513_sub2	0	1	0	1	0	0	0	1
8515_sub0	0	1	1	0	0	0	1	0
8515_sub1	0	1	1	0	0	0	1	0
8515_sub2	0	1	0	1	0	0	0	1
8515_sub3	0	1	0	1	0	0	0	1
8515_sub4	0	1	0	1	0	0	0	1
8515_sub5	0	1	0	1	0	0	0	1
8516_sub0	0	1	0	1	0	0	0	1
8516_sub1	0	1	1	0	0	0	1	0
8516_sub2	0	5	4	1	0	0	4	1
8516_sub3	0	1	1	0	0	0	1	0
8517_sub0	1	15	8	7	8	7	0	0
8517_sub1	0	1	1	0	0	0	1	0
8517_sub2	0	1	1	0	0	0	1	0
852_sub0	0	1	0	1	0	0	0	1
852_sub1	1	16	9	7	9	7	0	0
852_sub2	0	1	1	0	0	0	1	0
852_sub3	0	1	0	1	0	0	0	1
852_sub4	0	1	1	0	0	0	1	0
852_sub5	0	1	1	0	0	0	1	0
852_sub6	0	1	0	1	0	0	0	1
8523_sub0	0	1	0	1	0	0	0	1
8523_sub1	0	1	0	1	0	0	0	1
8523_sub2	0	1	0	1	0	0	0	1
8523_sub3	0	1	0	1	0	0	0	1
8523_sub4	0	1	0	1	0	0	0	1
8523_sub5	0	1	0	1	0	0	0	1
8527_sub0	1	12	4	8	4	8	0	0
8527_sub1	0	1	0	1	0	0	0	1
853_sub0	0	1	1	0	0	0	1	0
853_sub1	1	11	7	4	7	4	0	0
853_sub2	0	1	0	1	0	0	0	1
853_sub3	0	1	0	1	0	0	0	1
8531_sub0	0	1	0	1	0	0	0	1
8531_sub1	0	1	0	1	0	0	0	1
8531_sub2	0	1	1	0	0	0	1	0
8531_sub3	0	1	1	0	0	0	1	0
8531_sub4	0	1	1	0	0	0	1	0
8531_sub5	0	1	1	0	0	0	1	0
8533_sub0	0	1	0	1	0	0	0	1
8533_sub1	0	1	1	0	0	0	1	0
8533_sub2	0	1	1	0	0	0	1	0
8533_sub3	0	1	0	1	0	0	0	1
8533_sub4	0	1	0	1	0	0	0	1
8533_sub5	0	1	1	0	0	0	1	0
8534_sub0	0	1	1	0	0	0	1	0
8534_sub1	0	1	0	1	0	0	0	1
8534_sub2	0	1	0	1	0	0	0	1
8534_sub3	0	1	0	1	0	0	0	1
8534_sub4	0	1	1	0	0	0	1	0
8534_sub5	0	1	0	1	0	0	0	1
8534_sub6	0	1	1	0	0	0	1	0
8538_sub0	0	1	0	1	0	0	0	1
8538_sub1	0	1	0	1	0	0	0	1
8538_sub2	0	1	1	0	0	0	1	0
8538_sub3	0	1	1	0	0	0	1	0
8538_sub4	0	2	1	1	0	0	1	1
8538_sub5	0	1	1	0	0	0	1	0
8538_sub6	0	1	1	0	0	0	1	0
8538_sub7	0	1	1	0	0	0	1	0
8538_sub8	0	1	0	1	0	0	0	1
8539_sub0	0	1	0	1	0	0	0	1
8539_sub1	0	1	0	1	0	0	0	1
8539_sub2	0	1	1	0	0	0	1	0
8539_sub3	0	1	1	0	0	0	1	0
8539_sub4	0	1	0	1	0	0	0	1
8539_sub5	0	1	0	1	0	0	0	1
8539_sub6	0	1	0	1	0	0	0	1
8539_sub7	0	1	1	0	0	0	1	0
8539_sub8	0	1	0	1	0	0	0	1
8539_sub9	0	1	0	1	0	0	0	1
8539_sub10	1	22	11	11	10	10	1	1
8539_sub11	0	1	0	1	0	0	0	1
854_sub0	0	1	0	1	0	0	0	1
854_sub1	1	15	12	3	12	3	0	0
854_sub2	0	1	0	1	0	0	0	1
8541_sub0	0	1	1	0	0	0	1	0
8541_sub1	0	1	1	0	0	0	1	0
8541_sub2	1	6	2	4	2	4	0	0
8542_sub0	0	1	0	1	0	0	0	1
8542_sub1	0	1	1	0	0	0	1	0
8542_sub2	0	1	1	0	0	0	1	0
8542_sub3	0	1	0	1	0	0	0	1
8542_sub4	0	1	1	0	0	0	1	0
8542_sub5	0	1	1	0	0	0	1	0
8549_sub0	0	1	1	0	0	0	1	0
8549_sub1	0	1	0	1	0	0	0	1
8549_sub2	0	1	0	1	0	0	0	1
8549_sub3	0	1	1	0	0	0	1	0
8549_sub4	0	1	1	0	0	0	1	0
8549_sub5	0	1	1	0	0	0	1	0
8549_sub6	0	1	0	1	0	0	0	1
8559_sub0	1	21	12	9	11	9	1	0
8559_sub1	0	1	0	1	0	0	0	1
8559_sub2	0	1	0	1	0	0	0	1
8559_sub3	0	1	1	0	0	0	1	0
8559_sub4	0	1	0	1	0	0	0	1
8559_sub5	0	1	1	0	0	0	1	0
856_sub0	0	1	0	1	0	0	0	1
856_sub1	0	1	0	1	0	0	0	1
856_sub2	1	10	4	6	4	6	0	0
856_sub3	0	1	1	0	0	0	1	0
856_sub4	0	1	1	0	0	0	1	0
856_sub5	0	1	0	1	0	0	0	1
856_sub6	0	1	0	1	0	0	0	1
856_sub7	0	1	0	1	0	0	0	1
8560_sub0	0	1	0	1	0	0	0	1
8560_sub1	0	1	1	0	0	0	1	0
8560_sub2	0	1	1	0	0	0	1	0
8560_sub3	0	1	0	1	0	0	0	1
8560_sub4	0	1	0	1	0	0	0	1
8560_sub5	0	1	0	1	0	0	0	1
8561_sub0	1	15	7	8	7	8	0	0
8561_sub1	0	1	1	0	0	0	1	0
8561_sub2	0	1	1	0	0	0	1	0
8561_sub3	0	1	0	1	0	0	0	1
8561_sub4	0	1	1	0	0	0	1	0
8561_sub5	0	1	0	1	0	0	0	1
8561_sub6	0	1	0	1	0	0	0	1
8561_sub7	0	1	0	1	0	0	0	1
8561_sub8	0	1	0	1	0	0	0	1
8561_sub9	0	1	0	1	0	0	0	1
8561_sub10	0	1	0	1	0	0	0	1
8563_sub0	0	1	1	0	0	0	1	0
8563_sub1	1	12	7	5	7	5	0	0
8563_sub2	0	1	1	0	0	0	1	0
8563_sub3	0	1	1	0	0	0	1	0
8568_sub0	1	6	4	2	4	2	0	0
8568_sub1	0	1	1	0	0	0	1	0
8568_sub2	0	1	0	1	0	0	0	1
8568_sub3	0	1	0	1	0	0	0	1
8569_sub0	0	1	0	1	0	0	0	1
8569_sub1	0	4	2	2	0	0	2	2
8569_sub2	0	1	0	1	0	0	0	1
8569_sub3	0	2	0	2	0	0	0	2
8569_sub4	0	1	1	0	0	0	1	0
8569_sub5	0	1	1	0	0	0	1	0
8572_sub0	0	1	0	1	0	0	0	1
8572_sub1	0	1	0	1	0	0	0	1
8572_sub2	0	1	0	1	0	0	0	1
8572_sub3	0	1	0	1	0	0	0	1
8572_sub4	0	1	1	0	0	0	1	0
8572_sub5	0	1	0	1	0	0	0	1
8576_sub0	0	5	5	0	0	0	5	0
8576_sub1	0	1	0	1	0	0	0	1
8576_sub2	0	1	0	1	0	0	0	1
8584_sub0	0	1	0	1	0	0	0	1
8584_sub1	0	1	1	0	0	0	1	0
8584_sub2	0	1	0	1	0	0	0	1
8584_sub3	0	1	0	1	0	0	0	1
8584_sub4	0	1	1	0	0	0	1	0
8584_sub5	0	1	0	1	0	0	0	1
8589_sub0	1	15	11	4	11	4	0	0
8589_sub1	0	1	1	0	0	0	1	0
8589_sub2	0	1	0	1	0	0	0	1
8589_sub3	0	1	1	0	0	0	1	0
8589_sub4	0	1	1	0	0	0	1	0
8589_sub5	0	1	0	1	0	0	0	1
8589_sub6	0	1	1	0	0	0	1	0
8593_sub0	0	1	0	1	0	0	0	1
8593_sub1	0	1	0	1	0	0	0	1
8593_sub2	0	1	0	1	0	0	0	1
8593_sub3	0	1	1	0	0	0	1	0
8593_sub4	0	1	1	0	0	0	1	0
8593_sub5	0	1	1	0	0	0	1	0
8595_sub0	1	11	6	5	6	5	0	0
8595_sub1	0	1	1	0	0	0	1	0
8595_sub2	0	1	1	0	0	0	1	0
8595_sub3	0	1	1	0	0	0	1	0
8595_sub4	0	1	1	0	0	0	1	0
8595_sub5	0	1	1	0	0	0	1	0
8595_sub6	0	1	0	1	0	0	0	1
8607_sub0	0	1	1	0	0	0	1	0
8607_sub1	0	1	1	0	0	0	1	0
8607_sub2	0	1	0	1	0	0	0	1
8607_sub3	0	1	0	1	0	0	0	1
8607_sub4	0	1	1	0	0	0	1	0
8607_sub5	0	1	0	1	0	0	0	1
8607_sub6	0	1	0	1	0	0	0	1
8608_sub0	0	1	0	1	0	0	0	1
8608_sub1	0	1	0	1	0	0	0	1
8608_sub2	0	1	0	1	0	0	0	1
8608_sub3	0	1	1	0	0	0	1	0
8608_sub4	0	1	0	1	0	0	0	1
8608_sub5	0	1	0	1	0	0	0	1
8608_sub6	0	1	1	0	0	0	1	0
8608_sub7	0	1	0	1	0	0	0	1
8608_sub8	0	1	0	1	0	0	0	1
8608_sub9	0	1	1	0	0	0	1	0
8608_sub10	0	1	0	1	0	0	0	1
8608_sub11	0	1	1	0	0	0	1	0
8615_sub0	1	11	5	6	5	6	0	0
8615_sub1	0	1	0	1	0	0	0	1
8615_sub2	0	1	1	0	0	0	1	0
8615_sub3	0	1	0	1	0	0	0	1
8616_sub0	0	1	1	0	0	0	1	0
8616_sub1	0	1	1	0	0	0	1	0
8616_sub2	0	1	1	0	0	0	1	0
8616_sub3	0	1	0	1	0	0	0	1
8616_sub4	0	1	0	1	0	0	0	1
8616_sub5	0	1	1	0	0	0	1	0
8618_sub0	0	2	1	1	0	0	1	1
8618_sub1	0	1	0	1	0	0	0	1
8618_sub2	0	1	0	1	0	0	0	1
8618_sub3	0	1	0	1	0	0	0	1
8618_sub4	0	1	0	1	0	0	0	1
8618_sub5	0	1	0	1	0	0	0	1
8618_sub6	0	1	0	1	0	0	0	1
8618_sub7	0	1	1	0	0	0	1	0
8618_sub8	0	2	1	1	0	0	1	1
8622_sub0	0	1	0	1	0	0	0	1
8622_sub1	0	1	1	0	0	0	1	0
8622_sub2	0	1	1	0	0	0	1	0
8622_sub3	0	1	0	1	0	0	0	1
8622_sub4	0	1	0	1	0	0	0	1
8622_sub5	0	1	1	0	0	0	1	0
8623_sub0	1	8	6	2	6	2	0	0
8624_sub0	0	1	0	1	0	0	0	1
8624_sub1	0	1	1	0	0	0	1	0
8624_sub2	0	1	0	1	0	0	0	1
8624_sub3	0	1	0	1	0	0	0	1
8624_sub4	0	1	0	1	0	0	0	1
8624_sub5	0	1	1	0	0	0	1	0
8625_sub0	1	11	5	6	5	6	0	0
8625_sub1	0	1	1	0	0	0	1	0
8625_sub2	0	1	1	0	0	0	1	0
8626_sub0	1	13	5	8	5	8	0	0
8626_sub1	0	1	1	0	0	0	1	0
8629_sub0	0	1	1	0	0	0	1	0
8629_sub1	0	1	1	0	0	0	1	0
8629_sub2	0	1	1	0	0	0	1	0
8629_sub3	0	1	1	0	0	0	1	0
8629_sub4	0	1	0	1	0	0	0	1
8629_sub5	0	1	1	0	0	0	1	0
8631_sub0	0	1	0	1	0	0	0	1
8631_sub1	1	16	8	8	8	8	0	0
8631_sub2	0	1	1	0	0	0	1	0
8631_sub3	0	1	0	1	0	0	0	1
8632_sub0	0	1	1	0	0	0	1	0
8632_sub1	1	8	3	5	3	5	0	0
8635_sub0	0	1	1	0	0	0	1	0
8635_sub1	0	1	0	1	0	0	0	1
8635_sub2	0	1	0	1	0	0	0	1
8635_sub3	0	1	0	1	0	0	0	1
8635_sub4	0	1	0	1	0	0	0	1
8635_sub5	0	1	1	0	0	0	1	0
8639_sub0	0	1	0	1	0	0	0	1
8639_sub1	0	1	1	0	0	0	1	0
8639_sub2	0	1	0	1	0	0	0	1
8639_sub3	0	1	1	0	0	0	1	0
8639_sub4	0	1	1	0	0	0	1	0
8639_sub5	0	1	1	0	0	0	1	0
8639_sub6	0	1	0	1	0	0	0	1
8639_sub7	0	1	1	0	0	0	1	0
864_sub0	0	1	1	0	0	0	1	0
864_sub1	0	1	0	1	0	0	0	1
864_sub2	1	13	2	11	2	11	0	0
864_sub3	0	1	0	1	0	0	0	1
864_sub4	0	1	1	0	0	0	1	0
8640_sub0	1	8	3	5	3	5	0	0
8640_sub1	0	1	1	0	0	0	1	0
8640_sub2	0	1	1	0	0	0	1	0
8640_sub3	0	1	0	1	0	0	0	1
8640_sub4	0	1	1	0	0	0	1	0
8640_sub5	0	1	1	0	0	0	1	0
8640_sub6	0	1	0	1	0	0	0	1
8640_sub7	0	1	1	0	0	0	1	0
8640_sub8	0	1	1	0	0	0	1	0
8655_sub0	0	1	1	0	0	0	1	0
8655_sub1	1	14	8	6	8	6	0	0
866_sub0	0	1	0	1	0	0	0	1
866_sub1	0	1	1	0	0	0	1	0
866_sub2	0	1	0	1	0	0	0	1
866_sub3	0	1	0	1	0	0	0	1
866_sub4	0	1	1	0	0	0	1	0
866_sub5	0	1	1	0	0	0	1	0
866_sub6	0	1	1	0	0	0	1	0
866_sub7	0	1	1	0	0	0	1	0
866_sub8	0	1	1	0	0	0	1	0
866_sub9	0	1	0	1	0	0	0	1
8660_sub0	0	1	0	1	0	0	0	1
8660_sub1	0	1	0	1	0	0	0	1
8660_sub2	0	1	0	1	0	0	0	1
8660_sub3	0	1	1	0	0	0	1	0
8660_sub4	0	1	0	1	0	0	0	1
8660_sub5	0	1	0	1	0	0	0	1
8660_sub6	0	1	1	0	0	0	1	0
8664_sub0	0	1	0	1	0	0	0	1
8664_sub1	0	1	0	1	0	0	0	1
8664_sub2	1	9	5	4	5	4	0	0
8664_sub3	0	1	1	0	0	0	1	0
8668_sub0	0	1	0	1	0	0	0	1
8668_sub1	0	1	0	1	0	0	0	1
8668_sub2	0	1	1	0	0	0	1	0
8668_sub3	0	1	0	1	0	0	0	1
8668_sub4	0	1	1	0	0	0	1	0
8668_sub5	0	1	0	1	0	0	0	1
8668_sub6	0	1	1	0	0	0	1	0
867_sub0	0	1	0	1	0	0	0	1
867_sub1	0	1	0	1	0	0	0	1
867_sub2	0	5	1	4	0	0	1	4
867_sub3	0	1	1	0	0	0	1	0
867_sub4	0	1	0	1	0	0	0	1
8670_sub0	1	16	11	5	11	5	0	0
8670_sub1	0	1	1	0	0	0	1	0
8670_sub2	0	1	1	0	0	0	1	0
8670_sub3	0	1	1	0	0	0	1	0
8670_sub4	0	1	0	1	0	0	0	1
8670_sub5	0	1	1	0	0	0	1	0
8675_sub0	0	1	1	0	0	0	1	0
8675_sub1	0	1	0	1	0	0	0	1
8675_sub2	0	1	0	1	0	0	0	1
8675_sub3	0	1	1	0	0	0	1	0
8675_sub4	0	1	0	1	0	0	0	1
8675_sub5	0	1	1	0	0	0	1	0
8675_sub6	0	1	0	1	0	0	0	1
8675_sub7	0	1	1	0	0	0	1	0
8675_sub8	0	1	1	0	0	0	1	0
8677_sub0	0	1	1	0	0	0	1	0
8677_sub1	0	1	0	1	0	0	0	1
8677_sub2	0	1	0	1	0	0	0	1
8677_sub3	0	1	1	0	0	0	1	0
8677_sub4	0	1	1	0	0	0	1	0
8677_sub5	0	1	0	1	0	0	0	1
8679_sub0	1	8	2	6	2	6	0	0
8679_sub1	0	1	0	1	0	0	0	1
8680_sub0	0	1	1	0	0	0	1	0
8680_sub1	0	1	1	0	0	0	1	0
8680_sub2	0	1	1	0	0	0	1	0
8680_sub3	0	1	1	0	0	0	1	0
8680_sub4	0	1	0	1	0	0	0	1
8680_sub5	0	1	0	1	0	0	0	1
8682_sub0	0	1	0	1	0	0	0	1
8682_sub1	0	4	1	3	0	0	1	3
8682_sub2	0	1	0	1	0	0	0	1
8682_sub3	0	1	0	1	0	0	0	1
8682_sub4	0	1	1	0	0	0	1	0
8688_sub0	0	1	1	0	0	0	1	0
8688_sub1	0	4	3	1	0	0	3	1
8688_sub2	0	1	1	0	0	0	1	0
8688_sub3	0	1	1	0	0	0	1	0
8690_sub0	1	12	9	3	9	3	0	0
8690_sub1	0	1	1	0	0	0	1	0
8690_sub2	0	1	1	0	0	0	1	0
8690_sub3	0	1	1	0	0	0	1	0
8690_sub4	0	1	0	1	0	0	0	1
8690_sub5	0	1	0	1	0	0	0	1
8695_sub0	0	1	1	0	0	0	1	0
8695_sub1	0	1	1	0	0	0	1	0
8695_sub2	0	1	1	0	0	0	1	0
8695_sub3	0	1	1	0	0	0	1	0
8695_sub4	0	1	1	0	0	0	1	0
8695_sub5	0	1	1	0	0	0	1	0
8695_sub6	0	1	1	0	0	0	1	0
8698_sub0	0	1	1	0	0	0	1	0
8698_sub1	0	1	0	1	0	0	0	1
8698_sub2	0	1	0	1	0	0	0	1
8698_sub3	0	1	0	1	0	0	0	1
8698_sub4	0	1	0	1	0	0	0	1
8698_sub5	0	1	1	0	0	0	1	0
8698_sub6	0	1	1	0	0	0	1	0
8700_sub0	0	1	1	0	0	0	1	0
8700_sub1	0	1	0	1	0	0	0	1
8700_sub2	0	1	1	0	0	0	1	0
8700_sub3	0	1	1	0	0	0	1	0
8700_sub4	0	1	0	1	0	0	0	1
8700_sub5	0	1	1	0	0	0	1	0
8700_sub6	0	1	1	0	0	0	1	0
8701_sub0	0	1	1	0	0	0	1	0
8701_sub1	0	1	0	1	0	0	0	1
8701_sub2	0	1	1	0	0	0	1	0
8701_sub3	0	1	1	0	0	0	1	0
8701_sub4	0	1	0	1	0	0	0	1
8701_sub5	0	1	1	0	0	0	1	0
8701_sub6	0	1	1	0	0	0	1	0
8712_sub0	1	8	7	1	7	1	0	0
8712_sub1	0	1	0	1	0	0	0	1
8712_sub2	0	1	0	1	0	0	0	1
8712_sub3	0	1	0	1	0	0	0	1
8712_sub4	0	1	1	0	0	0	1	0
8712_sub5	0	1	0	1	0	0	0	1
8712_sub6	0	1	1	0	0	0	1	0
872_sub0	0	1	0	1	0	0	0	1
872_sub1	0	1	1	0	0	0	1	0
872_sub2	0	1	0	1	0	0	0	1
872_sub3	0	1	0	1	0	0	0	1
872_sub4	0	1	0	1	0	0	0	1
872_sub5	0	1	1	0	0	0	1	0
8721_sub0	0	1	0	1	0	0	0	1
8721_sub1	0	1	0	1	0	0	0	1
8721_sub2	0	1	0	1	0	0	0	1
8721_sub3	0	1	1	0	0	0	1	0
8721_sub4	0	1	0	1	0	0	0	1
8721_sub5	0	1	1	0	0	0	1	0
8722_sub0	1	13	8	5	8	5	0	0
8722_sub1	0	1	0	1	0	0	0	1
8722_sub2	0	1	1	0	0	0	1	0
8722_sub3	0	1	1	0	0	0	1	0
8722_sub4	0	1	0	1	0	0	0	1
8722_sub5	0	1	1	0	0	0	1	0
8728_sub0	1	13	6	7	6	7	0	0
8728_sub1	0	1	1	0	0	0	1	0
8728_sub2	0	1	0	1	0	0	0	1
8733_sub0	0	1	1	0	0	0	1	0
8733_sub1	0	1	1	0	0	0	1	0
8733_sub2	0	1	0	1	0	0	0	1
8733_sub3	0	1	0	1	0	0	0	1
8733_sub4	0	2	1	1	0	0	1	1
8735_sub0	0	5	3	2	0	0	3	2
8735_sub1	0	1	1	0	0	0	1	0
8735_sub2	0	1	1	0	0	0	1	0
8735_sub3	0	1	0	1	0	0	0	1
8736_sub0	0	1	1	0	0	0	1	0
8736_sub1	0	1	0	1	0	0	0	1
8736_sub2	0	1	1	0	0	0	1	0
8736_sub3	0	1	0	1	0	0	0	1
8736_sub4	0	1	0	1	0	0	0	1
8736_sub5	0	1	0	1	0	0	0	1
8736_sub6	0	1	0	1	0	0	0	1
8736_sub7	0	1	1	0	0	0	1	0
8741_sub0	0	1	0	1	0	0	0	1
8741_sub1	0	1	1	0	0	0	1	0
8741_sub2	0	1	1	0	0	0	1	0
8741_sub3	0	1	0	1	0	0	0	1
8741_sub4	0	1	1	0	0	0	1	0
8741_sub5	0	1	1	0	0	0	1	0
8744_sub0	1	7	5	2	5	2	0	0
8744_sub1	0	1	1	0	0	0	1	0
8744_sub2	0	1	1	0	0	0	1	0
8744_sub3	0	1	1	0	0	0	1	0
8744_sub4	0	1	0	1	0	0	0	1
8746_sub0	0	2	1	1	0	0	1	1
8746_sub1	0	1	1	0	0	0	1	0
8746_sub2	0	1	1	0	0	0	1	0
8746_sub3	0	1	0	1	0	0	0	1
8746_sub4	0	1	1	0	0	0	1	0
8746_sub5	0	1	0	1	0	0	0	1
8746_sub6	0	1	1	0	0	0	1	0
8749_sub0	0	1	1	0	0	0	1	0
8749_sub1	0	1	1	0	0	0	1	0
8749_sub2	0	1	0	1	0	0	0	1
8749_sub3	0	1	1	0	0	0	1	0
8749_sub4	0	1	1	0	0	0	1	0
8749_sub5	0	1	1	0	0	0	1	0
8749_sub6	0	1	0	1	0	0	0	1
875_sub0	0	1	0	1	0	0	0	1
875_sub1	0	1	1	0	0	0	1	0
875_sub2	1	12	6	6	6	6	0	0
8754_sub0	1	12	5	7	5	7	0	0
8754_sub1	0	1	0	1	0	0	0	1
8754_sub2	0	1	0	1	0	0	0	1
8754_sub3	0	1	1	0	0	0	1	0
8754_sub4	0	1	1	0	0	0	1	0
8754_sub5	0	1	0	1	0	0	0	1
8754_sub6	0	1	0	1	0	0	0	1
8754_sub7	0	1	1	0	0	0	1	0
8754_sub8	0	1	0	1	0	0	0	1
8755_sub0	0	1	1	0	0	0	1	0
8755_sub1	0	1	0	1	0	0	0	1
8755_sub2	0	1	1	0	0	0	1	0
8755_sub3	0	1	1	0	0	0	1	0
8755_sub4	0	1	1	0	0	0	1	0
8755_sub5	0	1	1	0	0	0	1	0
8755_sub6	0	1	1	0	0	0	1	0
8763_sub0	1	8	6	2	6	2	0	0
8763_sub1	0	1	1	0	0	0	1	0
8763_sub2	0	1	0	1	0	0	0	1
8763_sub3	0	1	0	1	0	0	0	1
8763_sub4	0	1	1	0	0	0	1	0
8763_sub5	0	1	0	1	0	0	0	1
8763_sub6	0	1	1	0	0	0	1	0
8764_sub0	0	1	0	1	0	0	0	1
8764_sub1	1	11	7	4	7	4	0	0
8764_sub2	0	1	1	0	0	0	1	0
8764_sub3	0	1	1	0	0	0	1	0
8764_sub4	0	1	1	0	0	0	1	0
8764_sub5	0	1	1	0	0	0	1	0
8765_sub0	0	1	0	1	0	0	0	1
8765_sub1	0	1	1	0	0	0	1	0
8765_sub2	0	1	0	1	0	0	0	1
8765_sub3	0	1	1	0	0	0	1	0
8765_sub4	0	1	0	1	0	0	0	1
8765_sub5	0	1	1	0	0	0	1	0
8765_sub6	0	1	0	1	0	0	0	1
8765_sub7	0	1	0	1	0	0	0	1
8765_sub8	0	1	1	0	0	0	1	0
8771_sub0	0	1	0	1	0	0	0	1
8771_sub1	0	1	0	1	0	0	0	1
8771_sub2	0	1	0	1	0	0	0	1
8771_sub3	0	1	0	1	0	0	0	1
8771_sub4	0	1	0	1	0	0	0	1
8771_sub5	0	1	1	0	0	0	1	0
8771_sub6	0	1	0	1	0	0	0	1
8772_sub0	1	7	4	3	4	3	0	0
8772_sub1	0	1	0	1	0	0	0	1
8772_sub2	0	1	0	1	0	0	0	1
8772_sub3	0	1	0	1	0	0	0	1
8772_sub4	0	1	1	0	0	0	1	0
8781_sub0	1	8	2	6	2	6	0	0
8781_sub1	0	1	1	0	0	0	1	0
8781_sub2	0	1	0	1	0	0	0	1
8781_sub3	0	1	0	1	0	0	0	1
8781_sub4	0	1	1	0	0	0	1	0
8786_sub0	1	17	6	11	6	11	0	0
8786_sub1	0	1	1	0	0	0	1	0
8786_sub2	0	1	0	1	0	0	0	1
8787_sub0	1	6	4	2	4	2	0	0
8787_sub1	0	1	0	1	0	0	0	1
8788_sub0	1	19	11	8	11	8	0	0
8788_sub1	0	1	1	0	0	0	1	0
8788_sub2	0	1	0	1	0	0	0	1
8788_sub3	0	1	0	1	0	0	0	1
8788_sub4	0	1	1	0	0	0	1	0
8788_sub5	0	1	1	0	0	0	1	0
8788_sub6	0	1	1	0	0	0	1	0
8788_sub7	0	1	1	0	0	0	1	0
8789_sub0	0	1	1	0	0	0	1	0
8789_sub1	0	1	0	1	0	0	0	1
8789_sub2	0	1	1	0	0	0	1	0
8789_sub3	0	1	0	1	0	0	0	1
8789_sub4	0	1	1	0	0	0	1	0
8789_sub5	0	1	1	0	0	0	1	0
8789_sub6	0	1	1	0	0	0	1	0
8789_sub7	0	1	0	1	0	0	0	1
8789_sub8	0	1	0	1	0	0	0	1
8789_sub9	0	1	0	1	0	0	0	1
8789_sub10	0	1	1	0	0	0	1	0
8790_sub0	0	1	1	0	0	0	1	0
8790_sub1	0	1	0	1	0	0	0	1
8790_sub2	0	1	0	1	0	0	0	1
8790_sub3	0	1	1	0	0	0	1	0
8790_sub4	0	1	1	0	0	0	1	0
8790_sub5	0	1	1	0	0	0	1	0
8790_sub6	0	1	0	1	0	0	0	1
8790_sub7	0	1	1	0	0	0	1	0
8792_sub0	0	2	1	1	0	0	1	1
8792_sub1	0	1	1	0	0	0	1	0
8792_sub2	0	1	0	1	0	0	0	1
8792_sub3	0	1	1	0	0	0	1	0
8792_sub4	0	1	1	0	0	0	1	0
8792_sub5	0	1	1	0	0	0	1	0
8794_sub0	1	15	4	11	4	11	0	0
8794_sub1	0	1	0	1	0	0	0	1
8794_sub2	0	1	0	1	0	0	0	1
8794_sub3	0	1	1	0	0	0	1	0
8794_sub4	0	1	0	1	0	0	0	1
8799_sub0	0	1	0	1	0	0	0	1
8799_sub1	0	1	1	0	0	0	1	0
8799_sub2	0	1	0	1	0	0	0	1
8799_sub3	0	1	0	1	0	0	0	1
8799_sub4	0	1	1	0	0	0	1	0
8799_sub5	0	1	1	0	0	0	1	0
88_sub0	0	1	1	0	0	0	1	0
88_sub1	1	15	8	7	8	7	0	0
88_sub2	0	1	1	0	0	0	1	0
88_sub3	0	1	0	1	0	0	0	1
8800_sub0	1	9	5	4	5	4	0	0
8800_sub1	0	1	0	1	0	0	0	1
8800_sub2	0	1	0	1	0	0	0	1
8800_sub3	0	1	0	1	0	0	0	1
8800_sub4	0	1	1	0	0	0	1	0
8800_sub5	0	1	1	0	0	0	1	0
8804_sub0	0	1	0	1	0	0	0	1
8804_sub1	1	6	5	1	5	1	0	0
8804_sub2	0	1	1	0	0	0	1	0
8804_sub3	0	1	0	1	0	0	0	1
8804_sub4	0	1	0	1	0	0	0	1
8805_sub0	0	1	0	1	0	0	0	1
8805_sub1	1	14	9	5	9	5	0	0
8805_sub2	0	1	0	1	0	0	0	1
881_sub0	0	1	0	1	0	0	0	1
881_sub1	1	11	4	7	4	7	0	0
881_sub2	0	1	1	0	0	0	1	0
881_sub3	0	1	0	1	0	0	0	1
881_sub4	0	1	1	0	0	0	1	0
881_sub5	0	1	1	0	0	0	1	0
881_sub6	0	1	0	1	0	0	0	1
8828_sub0	0	1	1	0	0	0	1	0
8828_sub1	0	1	1	0	0	0	1	0
8828_sub2	0	1	0	1	0	0	0	1
8828_sub3	0	1	0	1	0	0	0	1
8828_sub4	0	1	0	1	0	0	0	1
8828_sub5	0	1	1	0	0	0	1	0
8828_sub6	0	1	1	0	0	0	1	0
8828_sub7	0	1	0	1	0	0	0	1
883_sub0	0	1	0	1	0	0	0	1
883_sub1	1	15	8	7	8	7	0	0
883_sub2	0	1	1	0	0	0	1	0
883_sub3	0	1	1	0	0	0	1	0
8838_sub0	0	2	0	2	0	0	0	2
8838_sub1	0	1	0	1	0	0	0	1
8838_sub2	0	1	1	0	0	0	1	0
8838_sub3	0	1	0	1	0	0	0	1
8838_sub4	0	1	0	1	0	0	0	1
8841_sub0	0	1	0	1	0	0	0	1
8841_sub1	1	16	5	11	5	11	0	0
8841_sub2	0	1	1	0	0	0	1	0
8841_sub3	0	1	0	1	0	0	0	1
8841_sub4	0	1	1	0	0	0	1	0
8845_sub0	0	1	0	1	0	0	0	1
8845_sub1	0	1	1	0	0	0	1	0
8845_sub2	0	1	0	1	0	0	0	1
8845_sub3	0	1	0	1	0	0	0	1
8845_sub4	0	1	1	0	0	0	1	0
8845_sub5	0	1	1	0	0	0	1	0
8845_sub6	0	1	1	0	0	0	1	0
8845_sub7	0	1	0	1	0	0	0	1
8845_sub8	0	1	0	1	0	0	0	1
8845_sub9	0	1	0	1	0	0	0	1
8845_sub10	0	1	0	1	0	0	0	1
8846_sub0	1	12	7	5	7	5	0	0
8846_sub1	0	1	1	0	0	0	1	0
8853_sub0	1	6	3	3	3	3	0	0
8853_sub1	0	1	1	0	0	0	1	0
8861_sub0	1	6	2	4	2	4	0	0
8861_sub1	0	1	0	1	0	0	0	1
8861_sub2	0	1	1	0	0	0	1	0
8861_sub3	0	1	0	1	0	0	0	1
8863_sub0	0	1	1	0	0	0	1	0
8863_sub1	0	1	0	1	0	0	0	1
8863_sub2	0	1	1	0	0	0	1	0
8863_sub3	0	1	1	0	0	0	1	0
8863_sub4	0	1	0	1	0	0	0	1
8863_sub5	0	1	0	1	0	0	0	1
887_sub0	0	1	0	1	0	0	0	1
887_sub1	1	21	11	10	10	10	1	0
887_sub2	0	1	0	1	0	0	0	1
887_sub3	0	1	0	1	0	0	0	1
887_sub4	0	1	0	1	0	0	0	1
887_sub5	0	1	0	1	0	0	0	1
887_sub6	0	1	0	1	0	0	0	1
887_sub7	0	1	0	1	0	0	0	1
887_sub8	0	1	0	1	0	0	0	1
887_sub9	0	1	1	0	0	0	1	0
887_sub10	0	1	1	0	0	0	1	0
887_sub11	0	1	1	0	0	0	1	0
8871_sub0	0	1	1	0	0	0	1	0
8871_sub1	0	1	0	1	0	0	0	1
8871_sub2	0	1	1	0	0	0	1	0
8871_sub3	0	1	1	0	0	0	1	0
8871_sub4	0	1	1	0	0	0	1	0
8871_sub5	0	1	0	1	0	0	0	1
8875_sub0	0	1	0	1	0	0	0	1
8875_sub1	0	1	1	0	0	0	1	0
8875_sub2	0	1	0	1	0	0	0	1
8875_sub3	0	1	1	0	0	0	1	0
8875_sub4	0	1	1	0	0	0	1	0
8875_sub5	0	1	1	0	0	0	1	0
8875_sub6	0	1	1	0	0	0	1	0
8875_sub7	0	1	0	1	0	0	0	1
8875_sub8	0	1	1	0	0	0	1	0
8875_sub9	0	1	1	0	0	0	1	0
8875_sub10	0	1	0	1	0	0	0	1
888_sub0	0	1	0	1	0	0	0	1
888_sub1	1	12	6	6	6	6	0	0
888_sub2	0	1	0	1	0	0	0	1
888_sub3	0	1	1	0	0	0	1	0
8880_sub0	0	1	1	0	0	0	1	0
8880_sub1	0	1	1	0	0	0	1	0
8880_sub2	0	1	1	0	0	0	1	0
8880_sub3	0	1	1	0	0	0	1	0
8880_sub4	0	1	0	1	0	0	0	1
8880_sub5	0	1	1	0	0	0	1	0
8880_sub6	0	1	0	1	0	0	0	1
8883_sub0	0	1	1	0	0	0	1	0
8883_sub1	1	12	6	6	6	6	0	0
8883_sub2	0	1	0	1	0	0	0	1
8885_sub0	0	1	1	0	0	0	1	0
8885_sub1	0	1	0	1	0	0	0	1
8885_sub2	0	1	1	0	0	0	1	0
8885_sub3	0	1	0	1	0	0	0	1
8885_sub4	0	1	0	1	0	0	0	1
8885_sub5	0	1	0	1	0	0	0	1
8885_sub6	0	1	0	1	0	0	0	1
8885_sub7	0	1	1	0	0	0	1	0
8885_sub8	0	1	0	1	0	0	0	1
8890_sub0	0	1	0	1	0	0	0	1
8890_sub1	0	1	1	0	0	0	1	0
8890_sub2	0	1	0	1	0	0	0	1
8890_sub3	0	1	0	1	0	0	0	1
8890_sub4	0	1	0	1	0	0	0	1
8890_sub5	0	1	0	1	0	0	0	1
8890_sub6	0	1	1	0	0	0	1	0
8890_sub7	0	1	0	1	0	0	0	1
8893_sub0	0	1	1	0	0	0	1	0
8893_sub1	0	1	1	0	0	0	1	0
8893_sub2	0	1	1	0	0	0	1	0
8893_sub3	0	1	0	1	0	0	0	1
8893_sub4	0	1	1	0	0	0	1	0
8893_sub5	0	1	0	1	0	0	0	1
8893_sub6	0	1	1	0	0	0	1	0
8893_sub7	0	1	1	0	0	0	1	0
8895_sub0	0	1	1	0	0	0	1	0
8895_sub1	0	1	0	1	0	0	0	1
8895_sub2	0	1	1	0	0	0	1	0
8895_sub3	0	1	1	0	0	0	1	0
8895_sub4	0	1	1	0	0	0	1	0
8895_sub5	0	1	1	0	0	0	1	0
8897_sub0	1	13	6	7	6	7	0	0
8897_sub1	0	1	0	1	0	0	0	1
8897_sub2	0	1	0	1	0	0	0	1
890_sub0	0	1	1	0	0	0	1	0
890_sub1	1	6	2	4	2	4	0	0
8900_sub0	0	1	0	1	0	0	0	1
8900_sub1	0	1	1	0	0	0	1	0
8900_sub2	0	1	0	1	0	0	0	1
8900_sub3	0	1	1	0	0	0	1	0
8900_sub4	0	1	0	1	0	0	0	1
8900_sub5	0	1	0	1	0	0	0	1
8903_sub0	0	1	0	1	0	0	0	1
8903_sub1	0	1	0	1	0	0	0	1
8903_sub2	0	1	0	1	0	0	0	1
8903_sub3	0	1	0	1	0	0	0	1
8903_sub4	0	1	0	1	0	0	0	1
8903_sub5	0	1	0	1	0	0	0	1
8903_sub6	0	1	0	1	0	0	0	1
8908_sub0	0	1	1	0	0	0	1	0
8908_sub1	0	1	1	0	0	0	1	0
8908_sub2	0	1	0	1	0	0	0	1
8908_sub3	0	1	0	1	0	0	0	1
8908_sub4	0	1	0	1	0	0	0	1
8908_sub5	0	1	0	1	0	0	0	1
8910_sub0	1	12	8	4	8	4	0	0
8910_sub1	0	1	1	0	0	0	1	0
8910_sub2	0	1	0	1	0	0	0	1
8910_sub3	0	1	0	1	0	0	0	1
8915_sub0	0	1	0	1	0	0	0	1
8915_sub1	0	4	2	2	0	0	2	2
8915_sub2	0	1	1	0	0	0	1	0
8917_sub0	0	1	1	0	0	0	1	0
8917_sub1	0	1	0	1	0	0	0	1
8917_sub2	0	1	1	0	0	0	1	0
8917_sub3	0	1	0	1	0	0	0	1
8917_sub4	0	1	0	1	0	0	0	1
8917_sub5	0	1	0	1	0	0	0	1
8917_sub6	0	1	1	0	0	0	1	0
8920_sub0	1	11	5	6	5	6	0	0
8920_sub1	0	1	0	1	0	0	0	1
8920_sub2	0	1	1	0	0	0	1	0
8920_sub3	0	1	0	1	0	0	0	1
8920_sub4	0	1	0	1	0	0	0	1
8920_sub5	0	1	0	1	0	0	0	1
8920_sub6	0	2	0	2	0	0	0	2
8920_sub7	0	1	1	0	0	0	1	0
8920_sub8	0	1	1	0	0	0	1	0
8920_sub9	0	1	1	0	0	0	1	0
8926_sub0	0	4	2	2	0	0	2	2
8926_sub1	0	1	0	1	0	0	0	1
8926_sub2	0	1	1	0	0	0	1	0
8929_sub0	1	6	6	0	6	0	0	0
8929_sub1	0	1	1	0	0	0	1	0
8929_sub2	0	1	0	1	0	0	0	1
8929_sub3	0	1	1	0	0	0	1	0
8929_sub4	0	1	1	0	0	0	1	0
8929_sub5	0	1	0	1	0	0	0	1
893_sub0	0	1	0	1	0	0	0	1
893_sub1	0	1	0	1	0	0	0	1
893_sub2	1	21	11	10	10	10	1	0
893_sub3	0	1	0	1	0	0	0	1
8935_sub0	0	1	0	1	0	0	0	1
8935_sub1	0	1	1	0	0	0	1	0
8935_sub2	0	1	1	0	0	0	1	0
8935_sub3	1	8	4	4	4	4	0	0
8935_sub4	0	1	0	1	0	0	0	1
8935_sub5	0	1	0	1	0	0	0	1
8935_sub6	0	1	1	0	0	0	1	0
8935_sub7	0	1	1	0	0	0	1	0
8935_sub8	0	1	0	1	0	0	0	1
8936_sub0	0	1	0	1	0	0	0	1
8936_sub1	0	1	1	0	0	0	1	0
8936_sub2	0	1	1	0	0	0	1	0
8936_sub3	0	1	1	0	0	0	1	0
8936_sub4	0	1	0	1	0	0	0	1
8936_sub5	0	1	1	0	0	0	1	0
8944_sub0	0	1	0	1	0	0	0	1
8944_sub1	0	1	0	1	0	0	0	1
8944_sub2	0	1	1	0	0	0	1	0
8944_sub3	0	1	1	0	0	0	1	0
8944_sub4	0	1	1	0	0	0	1	0
8944_sub5	0	1	1	0	0	0	1	0
8944_sub6	0	1	0	1	0	0	0	1
8944_sub7	0	1	0	1	0	0	0	1
8951_sub0	1	15	10	5	10	5	0	0
8951_sub1	0	1	1	0	0	0	1	0
8951_sub2	0	1	0	1	0	0	0	1
8954_sub0	0	1	1	0	0	0	1	0
8954_sub1	0	1	1	0	0	0	1	0
8954_sub2	0	1	0	1	0	0	0	1
8954_sub3	0	1	0	1	0	0	0	1
8954_sub4	0	4	2	2	0	0	2	2
8957_sub0	1	6	4	2	4	2	0	0
8957_sub1	0	1	1	0	0	0	1	0
8957_sub2	0	1	1	0	0	0	1	0
8965_sub0	0	1	1	0	0	0	1	0
8965_sub1	0	1	1	0	0	0	1	0
8965_sub2	0	1	0	1	0	0	0	1
8965_sub3	0	1	1	0	0	0	1	0
8965_sub4	0	1	1	0	0	0	1	0
8965_sub5	0	1	1	0	0	0	1	0
8965_sub6	0	1	1	0	0	0	1	0
8965_sub7	0	1	1	0	0	0	1	0
8966_sub0	0	1	0	1	0	0	0	1
8966_sub1	0	3	2	1	0	0	2	1
8966_sub2	0	1	1	0	0	0	1	0
8966_sub3	0	1	1	0	0	0	1	0
8971_sub0	0	1	0	1	0	0	0	1
8971_sub1	0	1	0	1	0	0	0	1
8971_sub2	0	1	0	1	0	0	0	1
8971_sub3	0	1	0	1	0	0	0	1
8971_sub4	0	1	0	1	0	0	0	1
8971_sub5	0	1	0	1	0	0	0	1
8971_sub6	0	1	1	0	0	0	1	0
8972_sub0	1	10	7	3	7	3	0	0
8972_sub1	0	1	1	0	0	0	1	0
8972_sub2	0	1	1	0	0	0	1	0
8972_sub3	0	1	0	1	0	0	0	1
8972_sub4	0	1	1	0	0	0	1	0
8972_sub5	0	1	1	0	0	0	1	0
8972_sub6	0	1	1	0	0	0	1	0
8972_sub7	0	1	0	1	0	0	0	1
8972_sub8	0	1	0	1	0	0	0	1
8972_sub9	0	1	0	1	0	0	0	1
8973_sub0	1	8	5	3	5	3	0	0
8973_sub1	0	1	1	0	0	0	1	0
8973_sub2	0	1	1	0	0	0	1	0
8973_sub3	0	1	0	1	0	0	0	1
898_sub0	0	1	0	1	0	0	0	1
898_sub1	0	2	2	0	0	0	2	0
898_sub2	0	1	1	0	0	0	1	0
898_sub3	0	1	1	0	0	0	1	0
898_sub4	0	1	0	1	0	0	0	1
898_sub5	0	1	0	1	0	0	0	1
898_sub6	0	1	0	1	0	0	0	1
898_sub7	0	1	0	1	0	0	0	1
8980_sub0	1	11	6	5	6	5	0	0
8980_sub1	0	1	0	1	0	0	0	1
8980_sub2	0	1	0	1	0	0	0	1
8980_sub3	0	1	0	1	0	0	0	1
8980_sub4	0	1	1	0	0	0	1	0
8980_sub5	0	1	1	0	0	0	1	0
8984_sub0	1	15	6	9	6	9	0	0
8984_sub1	0	1	0	1	0	0	0	1
8984_sub2	0	1	1	0	0	0	1	0
8984_sub3	0	1	0	1	0	0	0	1
8984_sub4	0	1	0	1	0	0	0	1
8984_sub5	0	3	1	2	0	0	1	2
8984_sub6	0	1	1	0	0	0	1	0
8984_sub7	0	1	0	1	0	0	0	1
8984_sub8	0	1	0	1	0	0	0	1
8986_sub0	0	1	1	0	0	0	1	0
8986_sub1	1	9	3	6	3	6	0	0
8987_sub0	0	1	1	0	0	0	1	0
8987_sub1	0	4	3	1	0	0	3	1
8987_sub2	0	1	1	0	0	0	1	0
8987_sub3	0	1	0	1	0	0	0	1
8987_sub4	0	1	0	1	0	0	0	1
8987_sub5	0	1	1	0	0	0	1	0
8994_sub0	1	11	8	3	8	3	0	0
8994_sub1	0	1	0	1	0	0	0	1
8994_sub2	0	1	1	0	0	0	1	0
8998_sub0	1	21	10	11	10	10	0	1
8998_sub1	0	1	1	0	0	0	1	0
8998_sub2	0	1	0	1	0	0	0	1
8998_sub3	0	1	1	0	0	0	1	0
8998_sub4	0	1	0	1	0	0	0	1
9001_sub0	0	1	0	1	0	0	0	1
9001_sub1	0	1	0	1	0	0	0	1
9001_sub2	1	9	4	5	4	5	0	0
9001_sub3	0	1	0	1	0	0	0	1
9001_sub4	0	1	0	1	0	0	0	1
9001_sub5	0	1	0	1	0	0	0	1
9003_sub0	1	8	4	4	4	4	0	0
9003_sub1	0	1	0	1	0	0	0	1
9003_sub2	0	1	0	1	0	0	0	1
9004_sub0	0	1	1	0	0	0	1	0
9004_sub1	0	5	3	2	0	0	3	2
9004_sub2	0	1	1	0	0	0	1	0
9004_sub3	0	1	1	0	0	0	1	0
9004_sub4	0	1	0	1	0	0	0	1
9006_sub0	0	1	1	0	0	0	1	0
9006_sub1	0	1	0	1	0	0	0	1
9006_sub2	0	1	0	1	0	0	0	1
9006_sub3	0	1	1	0	0	0	1	0
9006_sub4	0	1	0	1	0	0	0	1
9006_sub5	0	1	1	0	0	0	1	0
9013_sub0	0	1	1	0	0	0	1	0
9013_sub1	0	1	0	1	0	0	0	1
9013_sub2	0	1	1	0	0	0	1	0
9013_sub3	0	1	1	0	0	0	1	0
9013_sub4	0	1	0	1	0	0	0	1
9013_sub5	0	1	0	1	0	0	0	1
9013_sub6	0	1	0	1	0	0	0	1
9013_sub7	0	1	1	0	0	0	1	0
9015_sub0	1	10	5	5	5	5	0	0
9015_sub1	0	1	0	1	0	0	0	1
9015_sub2	0	1	0	1	0	0	0	1
9016_sub0	0	1	0	1	0	0	0	1
9016_sub1	0	1	0	1	0	0	0	1
9016_sub2	0	1	1	0	0	0	1	0
9016_sub3	0	1	1	0	0	0	1	0
9016_sub4	0	1	1	0	0	0	1	0
9016_sub5	0	1	0	1	0	0	0	1
9016_sub6	0	1	0	1	0	0	0	1
9017_sub0	1	9	8	1	8	1	0	0
9017_sub1	0	1	0	1	0	0	0	1
9017_sub2	0	1	0	1	0	0	0	1
9019_sub0	0	1	0	1	0	0	0	1
9019_sub1	1	11	6	5	6	5	0	0
9019_sub2	0	1	0	1	0	0	0	1
9019_sub3	0	1	1	0	0	0	1	0
9023_sub0	0	1	0	1	0	0	0	1
9023_sub1	0	1	1	0	0	0	1	0
9023_sub2	0	1	1	0	0	0	1	0
9023_sub3	0	1	0	1	0	0	0	1
9023_sub4	0	1	0	1	0	0	0	1
9023_sub5	0	1	0	1	0	0	0	1
9023_sub6	0	1	1	0	0	0	1	0
9023_sub7	0	1	1	0	0	0	1	0
9024_sub0	0	5	2	3	0	0	2	3
9024_sub1	0	1	1	0	0	0	1	0
9024_sub2	0	1	0	1	0	0	0	1
9024_sub3	0	1	1	0	0	0	1	0
9033_sub0	0	1	0	1	0	0	0	1
9033_sub1	0	1	0	1	0	0	0	1
9033_sub2	0	1	1	0	0	0	1	0
9033_sub3	0	1	0	1	0	0	0	1
9033_sub4	0	1	1	0	0	0	1	0
9033_sub5	0	1	0	1	0	0	0	1
9034_sub0	0	1	1	0	0	0	1	0
9034_sub1	0	1	1	0	0	0	1	0
9034_sub2	0	1	0	1	0	0	0	1
9034_sub3	0	1	1	0	0	0	1	0
9034_sub4	0	1	0	1	0	0	0	1
9034_sub5	0	1	0	1	0	0	0	1
9039_sub0	0	1	0	1	0	0	0	1
9039_sub1	0	1	0	1	0	0	0	1
9039_sub2	0	1	1	0	0	0	1	0
9039_sub3	0	1	1	0	0	0	1	0
9039_sub4	0	1	1	0	0	0	1	0
9039_sub5	0	1	1	0	0	0	1	0
9039_sub6	0	1	0	1	0	0	0	1
904_sub0	0	1	1	0	0	0	1	0
904_sub1	1	12	6	6	6	6	0	0
904_sub2	0	1	0	1	0	0	0	1
904_sub3	0	1	0	1	0	0	0	1
904_sub4	0	1	1	0	0	0	1	0
904_sub5	0	1	1	0	0	0	1	0
904_sub6	0	1	0	1	0	0	0	1
904_sub7	0	1	0	1	0	0	0	1
904_sub8	0	1	1	0	0	0	1	0
904_sub9	0	1	1	0	0	0	1	0
9040_sub0	1	7	3	4	3	4	0	0
9040_sub1	0	1	1	0	0	0	1	0
9040_sub2	0	1	1	0	0	0	1	0
9040_sub3	0	1	1	0	0	0	1	0
9042_sub0	0	1	1	0	0	0	1	0
9042_sub1	0	1	0	1	0	0	0	1
9042_sub2	0	2	2	0	0	0	2	0
9042_sub3	0	1	0	1	0	0	0	1
9042_sub4	0	1	1	0	0	0	1	0
9042_sub5	0	1	1	0	0	0	1	0
9042_sub6	0	1	1	0	0	0	1	0
9043_sub0	1	13	6	7	6	7	0	0
9043_sub1	0	1	1	0	0	0	1	0
9043_sub2	0	1	1	0	0	0	1	0
9043_sub3	0	1	0	1	0	0	0	1
9043_sub4	0	1	0	1	0	0	0	1
9043_sub5	0	1	1	0	0	0	1	0
9043_sub6	0	1	0	1	0	0	0	1
9046_sub0	0	1	0	1	0	0	0	1
9046_sub1	0	1	0	1	0	0	0	1
9046_sub2	0	1	1	0	0	0	1	0
9046_sub3	0	1	1	0	0	0	1	0
9046_sub4	0	1	1	0	0	0	1	0
9046_sub5	0	1	0	1	0	0	0	1
9047_sub0	0	1	1	0	0	0	1	0
9047_sub1	0	1	0	1	0	0	0	1
9047_sub2	0	1	1	0	0	0	1	0
9047_sub3	0	1	1	0	0	0	1	0
9047_sub4	0	1	1	0	0	0	1	0
9047_sub5	0	2	2	0	0	0	2	0
9047_sub6	0	1	0	1	0	0	0	1
9047_sub7	0	1	0	1	0	0	0	1
9047_sub8	0	1	0	1	0	0	0	1
9047_sub9	0	1	0	1	0	0	0	1
905_sub0	0	1	0	1	0	0	0	1
905_sub1	1	17	6	11	6	11	0	0
9055_sub0	1	9	5	4	5	4	0	0
9055_sub1	0	1	1	0	0	0	1	0
9058_sub0	0	1	1	0	0	0	1	0
9058_sub1	1	14	8	6	8	6	0	0
9058_sub2	0	1	0	1	0	0	0	1
9058_sub3	0	1	1	0	0	0	1	0
9058_sub4	0	1	1	0	0	0	1	0
9058_sub5	0	1	1	0	0	0	1	0
9058_sub6	0	1	0	1	0	0	0	1
9058_sub7	0	1	1	0	0	0	1	0
9059_sub0	1	7	5	2	5	2	0	0
9059_sub1	0	1	0	1	0	0	0	1
9059_sub2	0	1	1	0	0	0	1	0
9059_sub3	0	1	0	1	0	0	0	1
906_sub0	0	1	0	1	0	0	0	1
906_sub1	1	12	8	4	8	4	0	0
906_sub2	0	1	0	1	0	0	0	1
9060_sub0	0	1	0	1	0	0	0	1
9060_sub1	0	1	1	0	0	0	1	0
9060_sub2	0	1	1	0	0	0	1	0
9060_sub3	0	1	0	1	0	0	0	1
9060_sub4	0	1	0	1	0	0	0	1
9060_sub5	0	1	0	1	0	0	0	1
9060_sub6	0	1	0	1	0	0	0	1
9060_sub7	0	1	1	0	0	0	1	0
9060_sub8	0	1	0	1	0	0	0	1
9060_sub9	0	1	0	1	0	0	0	1
9060_sub10	0	1	1	0	0	0	1	0
9061_sub0	1	6	2	4	2	4	0	0
9061_sub1	0	1	1	0	0	0	1	0
9061_sub2	0	1	0	1	0	0	0	1
9061_sub3	0	1	1	0	0	0	1	0
9064_sub0	0	1	0	1	0	0	0	1
9064_sub1	0	1	1	0	0	0	1	0
9064_sub2	0	1	1	0	0	0	1	0
9064_sub3	0	1	0	1	0	0	0	1
9064_sub4	0	1	0	1	0	0	0	1
9064_sub5	0	1	0	1	0	0	0	1
9064_sub6	0	1	1	0	0	0	1	0
9072_sub0	0	1	0	1	0	0	0	1
9072_sub1	0	5	2	3	0	0	2	3
9078_sub0	0	1	0	1	0	0	0	1
9078_sub1	0	1	0	1	0	0	0	1
9078_sub2	0	1	1	0	0	0	1	0
9078_sub3	0	1	1	0	0	0	1	0
9078_sub4	0	1	1	0	0	0	1	0
9078_sub5	0	1	1	0	0	0	1	0
908_sub0	0	1	1	0	0	0	1	0
908_sub1	0	1	1	0	0	0	1	0
908_sub2	1	22	12	10	10	10	2	0
9083_sub0	1	11	5	6	5	6	0	0
9083_sub1	0	1	1	0	0	0	1	0
9083_sub2	0	1	1	0	0	0	1	0
9086_sub0	1	15	5	10	5	10	0	0
9086_sub1	0	1	0	1	0	0	0	1
9086_sub2	0	1	1	0	0	0	1	0
9086_sub3	0	1	1	0	0	0	1	0
9086_sub4	0	1	0	1	0	0	0	1
9086_sub5	0	1	0	1	0	0	0	1
9086_sub6	0	1	1	0	0	0	1	0
9086_sub7	0	1	0	1	0	0	0	1
9086_sub8	0	1	0	1	0	0	0	1
9086_sub9	0	1	0	1	0	0	0	1
9092_sub0	0	1	1	0	0	0	1	0
9092_sub1	1	12	8	4	8	4	0	0
9092_sub2	0	1	1	0	0	0	1	0
9095_sub0	0	1	1	0	0	0	1	0
9095_sub1	1	11	6	5	6	5	0	0
9095_sub2	0	1	0	1	0	0	0	1
9095_sub3	0	1	0	1	0	0	0	1
9095_sub4	0	1	0	1	0	0	0	1
9096_sub0	0	1	1	0	0	0	1	0
9096_sub1	0	1	0	1	0	0	0	1
9096_sub2	0	1	1	0	0	0	1	0
9096_sub3	0	1	0	1	0	0	0	1
9096_sub4	0	1	1	0	0	0	1	0
9096_sub5	0	1	0	1	0	0	0	1
9096_sub6	0	1	0	1	0	0	0	1
9097_sub0	0	1	0	1	0	0	0	1
9097_sub1	0	1	0	1	0	0	0	1
9097_sub2	0	1	0	1	0	0	0	1
9097_sub3	0	1	0	1	0	0	0	1
9097_sub4	0	1	0	1	0	0	0	1
9097_sub5	0	1	0	1	0	0	0	1
9099_sub0	0	2	1	1	0	0	1	1
9099_sub1	0	1	0	1	0	0	0	1
9099_sub2	0	1	0	1	0	0	0	1
9099_sub3	0	1	0	1	0	0	0	1
9099_sub4	0	1	0	1	0	0	0	1
9099_sub5	0	1	1	0	0	0	1	0
9104_sub0	0	5	2	3	0	0	2	3
9104_sub1	0	1	1	0	0	0	1	0
9104_sub2	0	1	0	1	0	0	0	1
9107_sub0	1	14	8	6	8	6	0	0
9107_sub1	0	1	0	1	0	0	0	1
9107_sub2	0	1	1	0	0	0	1	0
9107_sub3	0	1	1	0	0	0	1	0
9107_sub4	0	1	0	1	0	0	0	1
9107_sub5	0	1	0	1	0	0	0	1
9107_sub6	0	1	1	0	0	0	1	0
9107_sub7	0	1	0	1	0	0	0	1
9111_sub0	0	5	0	5	0	0	0	5
9111_sub1	0	1	0	1	0	0	0	1
9111_sub2	0	1	0	1	0	0	0	1
9111_sub3	0	1	1	0	0	0	1	0
9111_sub4	0	1	1	0	0	0	1	0
9111_sub5	0	1	1	0	0	0	1	0
9114_sub0	1	13	4	9	4	9	0	0
9114_sub1	0	1	0	1	0	0	0	1
9114_sub2	0	1	1	0	0	0	1	0
9114_sub3	0	1	0	1	0	0	0	1
9114_sub4	0	1	1	0	0	0	1	0
9116_sub0	0	1	0	1	0	0	0	1
9116_sub1	0	1	1	0	0	0	1	0
9116_sub2	0	1	0	1	0	0	0	1
9116_sub3	0	1	0	1	0	0	0	1
9116_sub4	0	1	1	0	0	0	1	0
9116_sub5	0	1	0	1	0	0	0	1
912_sub0	0	1	1	0	0	0	1	0
912_sub1	0	1	0	1	0	0	0	1
912_sub2	0	1	1	0	0	0	1	0
912_sub3	0	1	1	0	0	0	1	0
912_sub4	0	1	0	1	0	0	0	1
912_sub5	0	1	0	1	0	0	0	1
9120_sub0	0	1	1	0	0	0	1	0
9120_sub1	0	1	1	0	0	0	1	0
9120_sub2	0	1	1	0	0	0	1	0
9120_sub3	0	1	0	1	0	0	0	1
9120_sub4	0	1	0	1	0	0	0	1
9120_sub5	0	1	1	0	0	0	1	0
9121_sub0	0	1	0	1	0	0	0	1
9121_sub1	0	1	0	1	0	0	0	1
9121_sub2	0	1	0	1	0	0	0	1
9121_sub3	0	1	0	1	0	0	0	1
9121_sub4	0	1	1	0	0	0	1	0
9121_sub5	0	1	0	1	0	0	0	1
9121_sub6	0	1	0	1	0	0	0	1
9121_sub7	0	1	1	0	0	0	1	0
9121_sub8	0	1	1	0	0	0	1	0
913_sub0	0	1	0	1	0	0	0	1
913_sub1	1	10	5	5	5	5	0	0
913_sub2	0	1	0	1	0	0	0	1
913_sub3	0	1	1	0	0	0	1	0
913_sub4	0	1	1	0	0	0	1	0
913_sub5	0	1	0	1	0	0	0	1
9130_sub0	0	1	0	1	0	0	0	1
9130_sub1	1	7	3	4	3	4	0	0
9130_sub2	0	2	1	1	0	0	1	1
9130_sub3	0	1	1	0	0	0	1	0
9130_sub4	0	1	1	0	0	0	1	0
9130_sub5	0	1	0	1	0	0	0	1
9143_sub0	0	1	0	1	0	0	0	1
9143_sub1	0	1	1	0	0	0	1	0
9143_sub2	0	1	0	1	0	0	0	1
9143_sub3	0	1	1	0	0	0	1	0
9143_sub4	0	1	1	0	0	0	1	0
9143_sub5	0	1	1	0	0	0	1	0
9143_sub6	0	1	0	1	0	0	0	1
9143_sub7	0	1	0	1	0	0	0	1
9143_sub8	0	1	1	0	0	0	1	0
9143_sub9	0	1	1	0	0	0	1	0
9148_sub0	0	1	0	1	0	0	0	1
9148_sub1	1	15	8	7	8	7	0	0
9148_sub2	0	1	0	1	0	0	0	1
9148_sub3	0	1	1	0	0	0	1	0
9148_sub4	0	1	1	0	0	0	1	0
9148_sub5	0	1	1	0	0	0	1	0
9148_sub6	0	1	1	0	0	0	1	0
9148_sub7	0	1	0	1	0	0	0	1
9152_sub0	1	18	8	10	8	10	0	0
9152_sub1	0	1	0	1	0	0	0	1
9152_sub2	0	1	0	1	0	0	0	1
9152_sub3	0	1	0	1	0	0	0	1
9152_sub4	0	1	0	1	0	0	0	1
9152_sub5	0	1	1	0	0	0	1	0
9152_sub6	0	1	1	0	0	0	1	0
9152_sub7	0	1	0	1	0	0	0	1
9161_sub0	0	1	0	1	0	0	0	1
9161_sub1	0	1	0	1	0	0	0	1
9161_sub2	0	1	0	1	0	0	0	1
9161_sub3	0	1	1	0	0	0	1	0
9161_sub4	0	1	1	0	0	0	1	0
9161_sub5	0	1	0	1	0	0	0	1
9161_sub6	0	1	0	1	0	0	0	1
9161_sub7	0	1	0	1	0	0	0	1
9164_sub0	1	14	6	8	6	8	0	0
9164_sub1	0	1	0	1	0	0	0	1
9164_sub2	0	1	1	0	0	0	1	0
9164_sub3	0	1	1	0	0	0	1	0
9164_sub4	0	1	1	0	0	0	1	0
9164_sub5	0	1	0	1	0	0	0	1
9164_sub6	0	1	0	1	0	0	0	1
9164_sub7	0	1	0	1	0	0	0	1
9164_sub8	0	1	1	0	0	0	1	0
9166_sub0	1	15	7	8	7	8	0	0
9166_sub1	0	1	0	1	0	0	0	1
9166_sub2	0	1	1	0	0	0	1	0
9166_sub3	0	1	1	0	0	0	1	0
9166_sub4	0	1	1	0	0	0	1	0
9166_sub5	0	1	1	0	0	0	1	0
9167_sub0	0	1	1	0	0	0	1	0
9167_sub1	0	1	0	1	0	0	0	1
9167_sub2	0	1	1	0	0	0	1	0
9167_sub3	0	1	0	1	0	0	0	1
9167_sub4	0	1	1	0	0	0	1	0
9167_sub5	0	1	1	0	0	0	1	0
9172_sub0	0	1	0	1	0	0	0	1
9172_sub1	1	14	9	5	9	5	0	0
9172_sub2	0	1	1	0	0	0	1	0
9172_sub3	0	1	1	0	0	0	1	0
9172_sub4	0	1	0	1	0	0	0	1
9178_sub0	0	1	1	0	0	0	1	0
9178_sub1	0	1	0	1	0	0	0	1
9178_sub2	0	1	1	0	0	0	1	0
9178_sub3	0	1	1	0	0	0	1	0
9178_sub4	0	1	0	1	0	0	0	1
9178_sub5	0	1	0	1	0	0	0	1
9178_sub6	0	1	1	0	0	0	1	0
9179_sub0	0	1	1	0	0	0	1	0
9179_sub1	0	1	1	0	0	0	1	0
9179_sub2	0	1	0	1	0	0	0	1
9179_sub3	0	1	0	1	0	0	0	1
9179_sub4	0	1	0	1	0	0	0	1
9179_sub5	0	1	1	0	0	0	1	0
9179_sub6	0	1	0	1	0	0	0	1
9179_sub7	0	1	0	1	0	0	0	1
9179_sub8	0	1	1	0	0	0	1	0
9179_sub9	0	1	0	1	0	0	0	1
9181_sub0	0	1	1	0	0	0	1	0
9181_sub1	0	1	1	0	0	0	1	0
9181_sub2	0	1	1	0	0	0	1	0
9181_sub3	1	9	4	5	4	5	0	0
9183_sub0	1	17	6	11	6	11	0	0
9183_sub1	0	1	0	1	0	0	0	1
9183_sub2	0	1	1	0	0	0	1	0
9183_sub3	0	1	0	1	0	0	0	1
9187_sub0	1	15	8	7	8	7	0	0
9187_sub1	0	1	1	0	0	0	1	0
9187_sub2	0	1	0	1	0	0	0	1
9187_sub3	0	1	0	1	0	0	0	1
9187_sub4	0	1	1	0	0	0	1	0
9187_sub5	0	1	1	0	0	0	1	0
9188_sub0	1	6	2	4	2	4	0	0
9188_sub1	0	1	0	1	0	0	0	1
919_sub0	0	1	1	0	0	0	1	0
919_sub1	1	12	8	4	8	4	0	0
9193_sub0	0	1	0	1	0	0	0	1
9193_sub1	0	1	0	1	0	0	0	1
9193_sub2	0	2	1	1	0	0	1	1
9193_sub3	0	1	0	1	0	0	0	1
9193_sub4	0	1	1	0	0	0	1	0
9193_sub5	0	1	0	1	0	0	0	1
9199_sub0	1	9	4	5	4	5	0	0
9199_sub1	0	1	0	1	0	0	0	1
9199_sub2	0	1	0	1	0	0	0	1
92_sub0	0	1	1	0	0	0	1	0
92_sub1	0	1	0	1	0	0	0	1
92_sub2	1	9	3	6	3	6	0	0
92_sub3	0	1	0	1	0	0	0	1
9202_sub0	1	6	4	2	4	2	0	0
9202_sub1	0	1	1	0	0	0	1	0
9204_sub0	0	1	0	1	0	0	0	1
9204_sub1	0	1	0	1	0	0	0	1
9204_sub2	0	1	1	0	0	0	1	0
9204_sub3	0	1	0	1	0	0	0	1
9204_sub4	0	1	0	1	0	0	0	1
9204_sub5	0	1	0	1	0	0	0	1
9204_sub6	0	1	0	1	0	0	0	1
9205_sub0	1	18	8	10	8	10	0	0
9205_sub1	0	1	0	1	0	0	0	1
9205_sub2	0	1	1	0	0	0	1	0
9205_sub3	0	1	1	0	0	0	1	0
9211_sub0	1	9	4	5	4	5	0	0
9211_sub1	0	1	0	1	0	0	0	1
9211_sub2	0	1	1	0	0	0	1	0
9211_sub3	0	1	0	1	0	0	0	1
9211_sub4	0	1	0	1	0	0	0	1
9211_sub5	0	1	1	0	0	0	1	0
9211_sub6	0	1	1	0	0	0	1	0
9211_sub7	0	1	0	1	0	0	0	1
9219_sub0	0	1	0	1	0	0	0	1
9219_sub1	0	1	1	0	0	0	1	0
9219_sub2	0	1	0	1	0	0	0	1
9219_sub3	0	1	0	1	0	0	0	1
9219_sub4	0	1	0	1	0	0	0	1
9219_sub5	0	1	0	1	0	0	0	1
9225_sub0	0	1	1	0	0	0	1	0
9225_sub1	1	8	4	4	4	4	0	0
9225_sub2	0	1	1	0	0	0	1	0
9230_sub0	1	6	4	2	4	2	0	0
9230_sub1	0	1	1	0	0	0	1	0
9230_sub2	0	1	1	0	0	0	1	0
9230_sub3	0	1	1	0	0	0	1	0
9231_sub0	0	1	0	1	0	0	0	1
9231_sub1	1	18	8	10	8	10	0	0
9233_sub0	0	1	1	0	0	0	1	0
9233_sub1	0	1	1	0	0	0	1	0
9233_sub2	1	8	4	4	4	4	0	0
9233_sub3	0	1	1	0	0	0	1	0
9233_sub4	0	1	1	0	0	0	1	0
9238_sub0	1	10	4	6	4	6	0	0
9238_sub1	0	1	0	1	0	0	0	1
924_sub0	0	1	0	1	0	0	0	1
924_sub1	0	1	0	1	0	0	0	1
924_sub2	0	4	2	2	0	0	2	2
924_sub3	0	1	0	1	0	0	0	1
924_sub4	0	1	0	1	0	0	0	1
924_sub5	0	1	1	0	0	0	1	0
9249_sub0	0	1	1	0	0	0	1	0
9249_sub1	1	9	5	4	5	4	0	0
925_sub0	0	1	0	1	0	0	0	1
925_sub1	1	15	6	9	6	9	0	0
925_sub2	0	1	0	1	0	0	0	1
9255_sub0	1	8	3	5	3	5	0	0
9255_sub1	0	1	0	1	0	0	0	1
9257_sub0	1	9	4	5	4	5	0	0
9257_sub1	0	1	0	1	0	0	0	1
9257_sub2	0	1	0	1	0	0	0	1
926_sub0	0	1	0	1	0	0	0	1
926_sub1	0	1	0	1	0	0	0	1
926_sub2	0	1	0	1	0	0	0	1
926_sub3	1	10	6	4	6	4	0	0
926_sub4	0	1	1	0	0	0	1	0
926_sub5	0	1	0	1	0	0	0	1
926_sub6	0	1	1	0	0	0	1	0
9264_sub0	0	1	0	1	0	0	0	1
9264_sub1	0	1	1	0	0	0	1	0
9264_sub2	0	2	2	0	0	0	2	0
9264_sub3	0	1	1	0	0	0	1	0
9264_sub4	0	1	0	1	0	0	0	1
9267_sub0	0	1	0	1	0	0	0	1
9267_sub1	0	2	1	1	0	0	1	1
9267_sub2	0	1	1	0	0	0	1	0
9267_sub3	0	1	0	1	0	0	0	1
9267_sub4	0	1	1	0	0	0	1	0
9267_sub5	0	1	0	1	0	0	0	1
9268_sub0	1	15	8	7	8	7	0	0
9268_sub1	0	1	1	0	0	0	1	0
9268_sub2	0	1	0	1	0	0	0	1
9268_sub3	0	1	1	0	0	0	1	0
9268_sub4	0	1	0	1	0	0	0	1
9268_sub5	0	1	1	0	0	0	1	0
9268_sub6	0	1	1	0	0	0	1	0
9269_sub0	0	5	4	1	0	0	4	1
9269_sub1	0	1	0	1	0	0	0	1
9269_sub2	0	1	0	1	0	0	0	1
9270_sub0	1	15	4	11	4	11	0	0
9270_sub1	0	1	0	1	0	0	0	1
9270_sub2	0	1	1	0	0	0	1	0
9270_sub3	0	1	0	1	0	0	0	1
9278_sub0	0	1	0	1	0	0	0	1
9278_sub1	0	1	0	1	0	0	0	1
9278_sub2	0	1	1	0	0	0	1	0
9278_sub3	0	1	1	0	0	0	1	0
9278_sub4	0	1	1	0	0	0	1	0
9278_sub5	0	1	1	0	0	0	1	0
9278_sub6	0	1	1	0	0	0	1	0
9278_sub7	0	1	1	0	0	0	1	0
9282_sub0	1	6	3	3	3	3	0	0
9282_sub1	0	1	0	1	0	0	0	1
9282_sub2	0	1	0	1	0	0	0	1
9285_sub0	1	11	2	9	2	9	0	0
9285_sub1	0	1	0	1	0	0	0	1
9285_sub2	0	1	1	0	0	0	1	0
9285_sub3	0	1	0	1	0	0	0	1
9285_sub4	0	1	0	1	0	0	0	1
9285_sub5	0	1	1	0	0	0	1	0
9285_sub6	0	1	0	1	0	0	0	1
9285_sub7	0	1	1	0	0	0	1	0
9286_sub0	0	1	0	1	0	0	0	1
9286_sub1	0	1	0	1	0	0	0	1
9286_sub2	0	1	1	0	0	0	1	0
9286_sub3	0	1	0	1	0	0	0	1
9286_sub4	0	1	1	0	0	0	1	0
9286_sub5	0	1	0	1	0	0	0	1
9286_sub6	0	1	1	0	0	0	1	0
9286_sub7	0	1	0	1	0	0	0	1
9286_sub8	0	1	0	1	0	0	0	1
9286_sub9	0	1	0	1	0	0	0	1
9286_sub10	0	1	0	1	0	0	0	1
9287_sub0	0	1	1	0	0	0	1	0
9287_sub1	0	1	0	1	0	0	0	1
9287_sub2	0	1	1	0	0	0	1	0
9287_sub3	0	1	1	0	0	0	1	0
9287_sub4	0	1	1	0	0	0	1	0
9287_sub5	0	1	0	1	0	0	0	1
929_sub0	0	1	0	1	0	0	0	1
929_sub1	0	1	0	1	0	0	0	1
929_sub2	0	1	0	1	0	0	0	1
929_sub3	0	1	1	0	0	0	1	0
929_sub4	0	1	0	1	0	0	0	1
929_sub5	0	1	1	0	0	0	1	0
929_sub6	0	1	1	0	0	0	1	0
929_sub7	0	1	0	1	0	0	0	1
9295_sub0	0	1	0	1	0	0	0	1
9295_sub1	0	1	1	0	0	0	1	0
9295_sub2	0	1	1	0	0	0	1	0
9295_sub3	0	1	0	1	0	0	0	1
9295_sub4	0	1	0	1	0	0	0	1
9295_sub5	0	1	1	0	0	0	1	0
9295_sub6	0	1	0	1	0	0	0	1
9296_sub0	0	1	1	0	0	0	1	0
9296_sub1	0	1	0	1	0	0	0	1
9296_sub2	0	1	0	1	0	0	0	1
9296_sub3	0	1	1	0	0	0	1	0
9296_sub4	0	1	0	1	0	0	0	1
9296_sub5	0	1	1	0	0	0	1	0
9296_sub6	0	1	1	0	0	0	1	0
9297_sub0	0	1	0	1	0	0	0	1
9297_sub1	1	12	5	7	5	7	0	0
9297_sub2	0	1	0	1	0	0	0	1
9297_sub3	0	1	1	0	0	0	1	0
9297_sub4	0	1	0	1	0	0	0	1
9297_sub5	0	1	1	0	0	0	1	0
9297_sub6	0	1	1	0	0	0	1	0
93_sub0	0	1	0	1	0	0	0	1
93_sub1	1	16	7	9	7	9	0	0
93_sub2	0	1	0	1	0	0	0	1
93_sub3	0	1	0	1	0	0	0	1
93_sub4	0	1	0	1	0	0	0	1
930_sub0	0	1	1	0	0	0	1	0
930_sub1	0	1	1	0	0	0	1	0
930_sub2	1	6	4	2	4	2	0	0
930_sub3	0	1	1	0	0	0	1	0
930_sub4	0	1	0	1	0	0	0	1
930_sub5	0	1	1	0	0	0	1	0
930_sub6	0	1	1	0	0	0	1	0
9306_sub0	1	12	3	9	3	9	0	0
9306_sub1	0	1	0	1	0	0	0	1
9306_sub2	0	1	0	1	0	0	0	1
9306_sub3	0	1	1	0	0	0	1	0
9309_sub0	0	1	1	0	0	0	1	0
9309_sub1	0	1	0	1	0	0	0	1
9309_sub2	0	1	1	0	0	0	1	0
9309_sub3	0	1	1	0	0	0	1	0
9309_sub4	0	1	0	1	0	0	0	1
9309_sub5	0	1	0	1	0	0	0	1
9316_sub0	0	1	0	1	0	0	0	1
9316_sub1	0	1	1	0	0	0	1	0
9316_sub2	0	1	1	0	0	0	1	0
9316_sub3	0	1	1	0	0	0	1	0
9316_sub4	0	1	0	1	0	0	0	1
9316_sub5	0	1	0	1	0	0	0	1
9316_sub6	0	1	0	1	0	0	0	1
9318_sub0	1	11	7	4	7	4	0	0
9318_sub1	0	1	0	1	0	0	0	1
9318_sub2	0	1	0	1	0	0	0	1
9319_sub0	1	14	9	5	9	5	0	0
9319_sub1	0	1	1	0	0	0	1	0
9319_sub2	0	1	0	1	0	0	0	1
9319_sub3	0	1	1	0	0	0	1	0
9319_sub4	0	1	0	1	0	0	0	1
9319_sub5	0	1	1	0	0	0	1	0
9319_sub6	0	1	1	0	0	0	1	0
9319_sub7	0	1	0	1	0	0	0	1
932_sub0	0	1	1	0	0	0	1	0
932_sub1	1	6	2	4	2	4	0	0
932_sub2	0	1	1	0	0	0	1	0
9328_sub0	1	6	2	4	2	4	0	0
9328_sub1	0	1	0	1	0	0	0	1
9328_sub2	0	1	0	1	0	0	0	1
933_sub0	0	1	1	0	0	0	1	0
933_sub1	1	9	3	6	3	6	0	0
933_sub2	0	1	1	0	0	0	1	0
933_sub3	0	1	0	1	0	0	0	1
9332_sub0	0	1	1	0	0	0	1	0
9332_sub1	0	1	0	1	0	0	0	1
9332_sub2	0	1	0	1	0	0	0	1
9332_sub3	0	1	0	1	0	0	0	1
9332_sub4	0	1	0	1	0	0	0	1
9332_sub5	0	1	1	0	0	0	1	0
9342_sub0	0	1	1	0	0	0	1	0
9342_sub1	1	9	3	6	3	6	0	0
9342_sub2	0	1	1	0	0	0	1	0
9343_sub0	1	12	4	8	4	8	0	0
9343_sub1	0	1	1	0	0	0	1	0
9343_sub2	0	1	0	1	0	0	0	1
9343_sub3	0	1	1	0	0	0	1	0
9343_sub4	0	1	1	0	0	0	1	0
9360_sub0	1	13	7	6	7	6	0	0
9360_sub1	0	1	1	0	0	0	1	0
9360_sub2	0	1	0	1	0	0	0	1
9363_sub0	0	1	1	0	0	0	1	0
9363_sub1	1	6	2	4	2	4	0	0
9363_sub2	0	1	1	0	0	0	1	0
9365_sub0	0	5	5	0	0	0	5	0
9365_sub1	0	1	1	0	0	0	1	0
9365_sub2	0	1	1	0	0	0	1	0
9372_sub0	0	1	1	0	0	0	1	0
9372_sub1	0	1	0	1	0	0	0	1
9372_sub2	0	1	1	0	0	0	1	0
9372_sub3	0	1	0	1	0	0	0	1
9372_sub4	0	1	0	1	0	0	0	1
9372_sub5	0	1	1	0	0	0	1	0
9375_sub0	0	1	1	0	0	0	1	0
9375_sub1	0	1	0	1	0	0	0	1
9375_sub2	0	1	1	0	0	0	1	0
9375_sub3	0	1	0	1	0	0	0	1
9375_sub4	0	1	0	1	0	0	0	1
9375_sub5	0	1	1	0	0	0	1	0
9375_sub6	0	1	0	1	0	0	0	1
9375_sub7	0	1	0	1	0	0	0	1
9386_sub0	1	6	3	3	3	3	0	0
9386_sub1	0	1	0	1	0	0	0	1
9386_sub2	0	1	0	1	0	0	0	1
9389_sub0	0	1	1	0	0	0	1	0
9389_sub1	0	1	0	1	0	0	0	1
9389_sub2	1	16	10	6	10	6	0	0
9389_sub3	0	1	1	0	0	0	1	0
9389_sub4	0	1	1	0	0	0	1	0
9394_sub0	0	1	0	1	0	0	0	1
9394_sub1	0	1	1	0	0	0	1	0
9394_sub2	0	1	0	1	0	0	0	1
9394_sub3	0	1	0	1	0	0	0	1
9394_sub4	0	1	0	1	0	0	0	1
9394_sub5	0	1	0	1	0	0	0	1
9398_sub0	0	1	1	0	0	0	1	0
9398_sub1	1	7	2	5	2	5	0	0
9398_sub2	0	1	0	1	0	0	0	1
9399_sub0	0	1	1	0	0	0	1	0
9399_sub1	0	1	0	1	0	0	0	1
9399_sub2	0	1	0	1	0	0	0	1
9399_sub3	0	1	0	1	0	0	0	1
9399_sub4	0	1	0	1	0	0	0	1
9399_sub5	0	1	1	0	0	0	1	0
9399_sub6	0	1	0	1	0	0	0	1
9399_sub7	0	1	1	0	0	0	1	0
9399_sub8	0	1	0	1	0	0	0	1
9399_sub9	0	1	1	0	0	0	1	0
9399_sub10	0	1	0	1	0	0	0	1
940_sub0	0	1	0	1	0	0	0	1
940_sub1	0	1	1	0	0	0	1	0
940_sub2	1	12	6	6	6	6	0	0
940_sub3	0	1	0	1	0	0	0	1
940_sub4	0	1	1	0	0	0	1	0
9400_sub0	0	1	1	0	0	0	1	0
9400_sub1	0	3	3	0	0	0	3	0
9400_sub2	0	1	1	0	0	0	1	0
9400_sub3	0	1	0	1	0	0	0	1
9402_sub0	0	1	1	0	0	0	1	0
9402_sub1	0	1	1	0	0	0	1	0
9402_sub2	0	1	0	1	0	0	0	1
9402_sub3	0	1	0	1	0	0	0	1
9402_sub4	0	1	1	0	0	0	1	0
9402_sub5	0	1	1	0	0	0	1	0
9402_sub6	0	1	0	1	0	0	0	1
9402_sub7	0	1	1	0	0	0	1	0
9405_sub0	0	1	0	1	0	0	0	1
9405_sub1	0	1	0	1	0	0	0	1
9405_sub2	0	1	1	0	0	0	1	0
9405_sub3	0	1	1	0	0	0	1	0
9405_sub4	0	1	1	0	0	0	1	0
9405_sub5	0	1	1	0	0	0	1	0
9405_sub6	0	1	1	0	0	0	1	0
9407_sub0	0	1	1	0	0	0	1	0
9407_sub1	0	1	1	0	0	0	1	0
9407_sub2	0	1	0	1	0	0	0	1
9407_sub3	0	1	1	0	0	0	1	0
9407_sub4	0	1	0	1	0	0	0	1
9407_sub5	0	1	1	0	0	0	1	0
9409_sub0	0	1	1	0	0	0	1	0
9409_sub1	0	1	0	1	0	0	0	1
9409_sub2	0	1	1	0	0	0	1	0
9409_sub3	0	1	1	0	0	0	1	0
9409_sub4	0	3	1	2	0	0	1	2
9409_sub5	0	1	1	0	0	0	1	0
9409_sub6	0	1	0	1	0	0	0	1
9409_sub7	0	1	0	1	0	0	0	1
9409_sub8	0	1	0	1	0	0	0	1
9409_sub9	0	1	1	0	0	0	1	0
9409_sub10	0	1	1	0	0	0	1	0
941_sub0	0	1	1	0	0	0	1	0
941_sub1	1	8	3	5	3	5	0	0
941_sub2	0	1	1	0	0	0	1	0
941_sub3	0	1	1	0	0	0	1	0
9413_sub0	1	18	8	10	8	10	0	0
9413_sub1	0	1	0	1	0	0	0	1
9413_sub2	0	1	0	1	0	0	0	1
9418_sub0	0	1	0	1	0	0	0	1
9418_sub1	1	14	5	9	5	9	0	0
9418_sub2	0	1	0	1	0	0	0	1
9418_sub3	0	1	1	0	0	0	1	0
942_sub0	0	1	0	1	0	0	0	1
942_sub1	0	4	2	2	0	0	2	2
942_sub2	0	1	1	0	0	0	1	0
9423_sub0	0	1	1	0	0	0	1	0
9423_sub1	0	1	0	1	0	0	0	1
9423_sub2	0	1	0	1	0	0	0	1
9423_sub3	0	1	0	1	0	0	0	1
9423_sub4	0	1	1	0	0	0	1	0
9423_sub5	0	1	0	1	0	0	0	1
9425_sub0	0	1	1	0	0	0	1	0
9425_sub1	0	1	0	1	0	0	0	1
9425_sub2	0	1	0	1	0	0	0	1
9425_sub3	0	1	1	0	0	0	1	0
9425_sub4	0	1	1	0	0	0	1	0
9425_sub5	0	1	0	1	0	0	0	1
9425_sub6	0	1	0	1	0	0	0	1
9425_sub7	0	1	1	0	0	0	1	0
9426_sub0	0	1	1	0	0	0	1	0
9426_sub1	0	1	0	1	0	0	0	1
9426_sub2	0	1	1	0	0	0	1	0
9426_sub3	0	1	0	1	0	0	0	1
9426_sub4	0	1	0	1	0	0	0	1
9426_sub5	0	1	0	1	0	0	0	1
9426_sub6	0	1	0	1	0	0	0	1
9426_sub7	0	1	1	0	0	0	1	0
9426_sub8	0	1	1	0	0	0	1	0
9426_sub9	0	1	1	0	0	0	1	0
9439_sub0	0	1	0	1	0	0	0	1
9439_sub1	0	1	0	1	0	0	0	1
9439_sub2	0	1	0	1	0	0	0	1
9439_sub3	0	1	1	0	0	0	1	0
9439_sub4	0	1	1	0	0	0	1	0
9439_sub5	0	1	1	0	0	0	1	0
9446_sub0	0	3	2	1	0	0	2	1
9446_sub1	0	1	0	1	0	0	0	1
9446_sub2	0	1	0	1	0	0	0	1
9446_sub3	0	1	1	0	0	0	1	0
9446_sub4	0	1	1	0	0	0	1	0
9446_sub5	0	1	0	1	0	0	0	1
9450_sub0	0	1	1	0	0	0	1	0
9450_sub1	0	1	1	0	0	0	1	0
9450_sub2	0	1	1	0	0	0	1	0
9450_sub3	0	1	0	1	0	0	0	1
9450_sub4	0	1	1	0	0	0	1	0
9450_sub5	0	1	1	0	0	0	1	0
9453_sub0	0	1	1	0	0	0	1	0
9453_sub1	0	1	0	1	0	0	0	1
9453_sub2	1	8	5	3	5	3	0	0
9453_sub3	0	1	0	1	0	0	0	1
9453_sub4	0	1	0	1	0	0	0	1
9453_sub5	0	1	0	1	0	0	0	1
9453_sub6	0	1	0	1	0	0	0	1
9453_sub7	0	1	0	1	0	0	0	1
9462_sub0	0	1	0	1	0	0	0	1
9462_sub1	0	1	0	1	0	0	0	1
9462_sub2	0	1	1	0	0	0	1	0
9462_sub3	0	1	0	1	0	0	0	1
9462_sub4	0	1	0	1	0	0	0	1
9462_sub5	0	1	0	1	0	0	0	1
9462_sub6	0	1	1	0	0	0	1	0
9462_sub7	0	1	0	1	0	0	0	1
9462_sub8	0	1	1	0	0	0	1	0
9462_sub9	0	1	1	0	0	0	1	0
9464_sub0	1	14	6	8	6	8	0	0
9464_sub1	0	1	0	1	0	0	0	1
9464_sub2	0	1	1	0	0	0	1	0
9464_sub3	0	1	0	1	0	0	0	1
9464_sub4	0	1	0	1	0	0	0	1
9464_sub5	0	1	1	0	0	0	1	0
9464_sub6	0	1	0	1	0	0	0	1
9464_sub7	0	1	0	1	0	0	0	1
9464_sub8	0	1	1	0	0	0	1	0
9467_sub0	0	1	0	1	0	0	0	1
9467_sub1	0	1	0	1	0	0	0	1
9467_sub2	0	1	1	0	0	0	1	0
9467_sub3	0	1	1	0	0	0	1	0
9467_sub4	0	1	1	0	0	0	1	0
9467_sub5	0	1	0	1	0	0	0	1
9470_sub0	0	1	1	0	0	0	1	0
9470_sub1	0	1	1	0	0	0	1	0
9470_sub2	0	1	1	0	0	0	1	0
9470_sub3	0	1	0	1	0	0	0	1
9470_sub4	0	1	0	1	0	0	0	1
9470_sub5	0	1	1	0	0	0	1	0
9474_sub0	1	16	9	7	9	7	0	0
9474_sub1	0	1	0	1	0	0	0	1
9478_sub0	1	11	4	7	4	7	0	0
9478_sub1	0	1	0	1	0	0	0	1
9478_sub2	0	1	1	0	0	0	1	0
9478_sub3	0	1	0	1	0	0	0	1
9482_sub0	1	14	6	8	6	8	0	0
9482_sub1	0	1	0	1	0	0	0	1
9482_sub2	0	1	0	1	0	0	0	1
9482_sub3	0	1	1	0	0	0	1	0
9482_sub4	0	1	0	1	0	0	0	1
9482_sub5	0	1	1	0	0	0	1	0
9485_sub0	1	13	6	7	6	7	0	0
9485_sub1	0	1	1	0	0	0	1	0
9485_sub2	0	1	0	1	0	0	0	1
9485_sub3	0	1	1	0	0	0	1	0
9485_sub4	0	1	1	0	0	0	1	0
9485_sub5	0	1	0	1	0	0	0	1
9485_sub6	0	1	1	0	0	0	1	0
949_sub0	0	1	1	0	0	0	1	0
949_sub1	1	16	8	8	8	8	0	0
9492_sub0	0	1	1	0	0	0	1	0
9492_sub1	0	1	1	0	0	0	1	0
9492_sub2	0	2	1	1	0	0	1	1
9492_sub3	0	1	1	0	0	0	1	0
9492_sub4	0	1	0	1	0	0	0	1
9492_sub5	0	1	1	0	0	0	1	0
9497_sub0	0	1	0	1	0	0	0	1
9497_sub1	0	1	1	0	0	0	1	0
9497_sub2	0	1	0	1	0	0	0	1
9497_sub3	0	1	1	0	0	0	1	0
9497_sub4	0	1	1	0	0	0	1	0
9497_sub5	0	1	0	1	0	0	0	1
9497_sub6	0	1	0	1	0	0	0	1
9497_sub7	0	1	1	0	0	0	1	0
9506_sub0	1	10	6	4	6	4	0	0
9506_sub1	0	1	0	1	0	0	0	1
9506_sub2	0	1	1	0	0	0	1	0
9506_sub3	0	1	0	1	0	0	0	1
9508_sub0	1	7	4	3	4	3	0	0
9508_sub1	0	1	0	1	0	0	0	1
9508_sub2	0	1	1	0	0	0	1	0
9508_sub3	0	1	0	1	0	0	0	1
9508_sub4	0	1	0	1	0	0	0	1
9513_sub0	0	1	0	1	0	0	0	1
9513_sub1	0	1	0	1	0	0	0	1
9513_sub2	0	1	0	1	0	0	0	1
9513_sub3	0	1	0	1	0	0	0	1
9513_sub4	0	1	1	0	0	0	1	0
9513_sub5	0	1	0	1	0	0	0	1
9516_sub0	1	7	3	4	3	4	0	0
9516_sub1	0	1	0	1	0	0	0	1
9516_sub2	0	1	0	1	0	0	0	1
9518_sub0	1	11	7	4	7	4	0	0
9518_sub1	0	1	0	1	0	0	0	1
9518_sub2	0	1	0	1	0	0	0	1
9518_sub3	0	1	1	0	0	0	1	0
9518_sub4	0	1	0	1	0	0	0	1
9518_sub5	0	1	0	1	0	0	0	1
9519_sub0	1	11	6	5	6	5	0	0
9519_sub1	0	1	0	1	0	0	0	1
9519_sub2	0	1	1	0	0	0	1	0
9519_sub3	0	1	1	0	0	0	1	0
952_sub0	0	1	1	0	0	0	1	0
952_sub1	1	20	9	11	9	11	0	0
9520_sub0	0	1	1	0	0	0	1	0
9520_sub1	0	1	0	1	0	0	0	1
9520_sub2	0	1	1	0	0	0	1	0
9520_sub3	0	1	0	1	0	0	0	1
9520_sub4	0	1	1	0	0	0	1	0
9520_sub5	0	1	0	1	0	0	0	1
9520_sub6	0	1	1	0	0	0	1	0
9528_sub0	0	1	1	0	0	0	1	0
9528_sub1	0	1	1	0	0	0	1	0
9528_sub2	0	1	1	0	0	0	1	0
9528_sub3	0	1	1	0	0	0	1	0
9528_sub4	0	1	1	0	0	0	1	0
9528_sub5	0	1	1	0	0	0	1	0
9529_sub0	0	5	3	2	0	0	3	2
9529_sub1	0	1	0	1	0	0	0	1
9529_sub2	0	1	0	1	0	0	0	1
9529_sub3	0	1	1	0	0	0	1	0
9533_sub0	1	9	4	5	4	5	0	0
9533_sub1	0	1	0	1	0	0	0	1
9533_sub2	0	1	1	0	0	0	1	0
9533_sub3	0	1	1	0	0	0	1	0
9533_sub4	0	1	0	1	0	0	0	1
9533_sub5	0	1	0	1	0	0	0	1
9533_sub6	0	1	1	0	0	0	1	0
9537_sub0	0	1	0	1	0	0	0	1
9537_sub1	0	1	1	0	0	0	1	0
9537_sub2	0	1	1	0	0	0	1	0
9537_sub3	0	1	0	1	0	0	0	1
9537_sub4	0	1	0	1	0	0	0	1
9537_sub5	0	1	0	1	0	0	0	1
9537_sub6	0	1	1	0	0	0	1	0
9537_sub7	0	1	0	1	0	0	0	1
9537_sub8	0	1	0	1	0	0	0	1
954_sub0	0	1	0	1	0	0	0	1
954_sub1	0	1	0	1	0	0	0	1
954_sub2	0	1	0	1	0	0	0	1
954_sub3	0	1	0	1	0	0	0	1
954_sub4	0	1	1	0	0	0	1	0
954_sub5	0	2	1	1	0	0	1	1
9540_sub0	0	2	1	1	0	0	1	1
9540_sub1	0	1	1	0	0	0	1	0
9540_sub2	0	1	1	0	0	0	1	0
9540_sub3	0	1	1	0	0	0	1	0
9540_sub4	0	1	1	0	0	0	1	0
9540_sub5	0	1	1	0	0	0	1	0
9540_sub6	0	1	1	0	0	0	1	0
9540_sub7	0	1	0	1	0	0	0	1
9541_sub0	0	1	0	1	0	0	0	1
9541_sub1	0	1	1	0	0	0	1	0
9541_sub2	0	1	0	1	0	0	0	1
9541_sub3	0	1	1	0	0	0	1	0
9541_sub4	0	1	0	1	0	0	0	1
9541_sub5	0	1	1	0	0	0	1	0
9541_sub6	0	1	1	0	0	0	1	0
9541_sub7	0	1	0	1	0	0	0	1
9541_sub8	0	1	0	1	0	0	0	1
9541_sub9	0	1	1	0	0	0	1	0
9541_sub10	0	1	1	0	0	0	1	0
9541_sub11	0	1	0	1	0	0	0	1
9542_sub0	0	1	0	1	0	0	0	1
9542_sub1	0	1	0	1	0	0	0	1
9542_sub2	0	1	0	1	0	0	0	1
9542_sub3	0	1	1	0	0	0	1	0
9542_sub4	0	1	1	0	0	0	1	0
9542_sub5	0	1	0	1	0	0	0	1
9545_sub0	1	7	6	1	6	1	0	0
9545_sub1	0	1	1	0	0	0	1	0
9548_sub0	0	1	0	1	0	0	0	1
9548_sub1	1	11	3	8	3	8	0	0
9548_sub2	0	1	0	1	0	0	0	1
9548_sub3	0	1	1	0	0	0	1	0
9548_sub4	0	1	0	1	0	0	0	1
9556_sub0	1	10	5	5	5	5	0	0
9556_sub1	0	1	1	0	0	0	1	0
9556_sub2	0	1	1	0	0	0	1	0
9556_sub3	0	1	0	1	0	0	0	1
9561_sub0	1	9	5	4	5	4	0	0
9561_sub1	0	1	1	0	0	0	1	0
9564_sub0	1	13	6	7	6	7	0	0
9564_sub1	0	1	0	1	0	0	0	1
9564_sub2	0	1	1	0	0	0	1	0
9564_sub3	0	1	1	0	0	0	1	0
9566_sub0	0	1	0	1	0	0	0	1
9566_sub1	0	1	1	0	0	0	1	0
9566_sub2	0	1	1	0	0	0	1	0
9566_sub3	0	1	1	0	0	0	1	0
9566_sub4	0	1	0	1	0	0	0	1
9566_sub5	0	1	0	1	0	0	0	1
957_sub0	0	1	1	0	0	0	1	0
957_sub1	0	5	1	4	0	0	1	4
9577_sub0	1	8	3	5	3	5	0	0
9577_sub1	0	1	1	0	0	0	1	0
9577_sub2	0	1	0	1	0	0	0	1
958_sub0	0	1	1	0	0	0	1	0
958_sub1	1	14	6	8	6	8	0	0
958_sub2	0	1	0	1	0	0	0	1
9585_sub0	1	11	8	3	8	3	0	0
9585_sub1	0	1	0	1	0	0	0	1
9585_sub2	0	1	0	1	0	0	0	1
9585_sub3	0	1	0	1	0	0	0	1
9585_sub4	0	1	0	1	0	0	0	1
9589_sub0	1	10	7	3	7	3	0	0
9589_sub1	0	1	0	1	0	0	0	1
9589_sub2	0	1	0	1	0	0	0	1
9591_sub0	0	1	0	1	0	0	0	1
9591_sub1	0	1	0	1	0	0	0	1
9591_sub2	0	1	0	1	0	0	0	1
9591_sub3	0	1	1	0	0	0	1	0
9591_sub4	0	1	1	0	0	0	1	0
9591_sub5	0	1	1	0	0	0	1	0
9592_sub0	1	9	6	3	6	3	0	0
9592_sub1	0	1	1	0	0	0	1	0
9592_sub2	0	1	1	0	0	0	1	0
9592_sub3	0	1	1	0	0	0	1	0
9592_sub4	0	1	0	1	0	0	0	1
9592_sub5	0	1	1	0	0	0	1	0
9592_sub6	0	1	0	1	0	0	0	1
9592_sub7	0	1	0	1	0	0	0	1
9595_sub0	0	1	0	1	0	0	0	1
9595_sub1	0	1	0	1	0	0	0	1
9595_sub2	0	1	0	1	0	0	0	1
9595_sub3	0	1	1	0	0	0	1	0
9595_sub4	1	10	6	4	6	4	0	0
9596_sub0	0	1	0	1	0	0	0	1
9596_sub1	0	1	1	0	0	0	1	0
9596_sub2	1	10	5	5	5	5	0	0
9596_sub3	0	1	0	1	0	0	0	1
9608_sub0	1	8	4	4	4	4	0	0
9608_sub1	0	1	0	1	0	0	0	1
9608_sub2	0	1	0	1	0	0	0	1
9610_sub0	0	1	1	0	0	0	1	0
9610_sub1	0	1	0	1	0	0	0	1
9610_sub2	0	1	1	0	0	0	1	0
9610_sub3	0	1	0	1	0	0	0	1
9610_sub4	0	1	0	1	0	0	0	1
9610_sub5	0	1	1	0	0	0	1	0
9614_sub0	0	1	0	1	0	0	0	1
9614_sub1	0	1	1	0	0	0	1	0
9614_sub2	0	1	0	1	0	0	0	1
9614_sub3	0	1	1	0	0	0	1	0
9614_sub4	0	1	1	0	0	0	1	0
9614_sub5	0	1	0	1	0	0	0	1
9614_sub6	0	1	1	0	0	0	1	0
9617_sub0	1	9	3	6	3	6	0	0
9617_sub1	0	1	1	0	0	0	1	0
9617_sub2	0	1	0	1	0	0	0	1
9618_sub0	0	1	0	1	0	0	0	1
9618_sub1	0	1	1	0	0	0	1	0
9618_sub2	0	1	1	0	0	0	1	0
9618_sub3	0	1	0	1	0	0	0	1
9618_sub4	0	1	1	0	0	0	1	0
9618_sub5	0	1	1	0	0	0	1	0
9619_sub0	0	1	1	0	0	0	1	0
9619_sub1	0	1	1	0	0	0	1	0
9619_sub2	0	1	0	1	0	0	0	1
9619_sub3	0	1	1	0	0	0	1	0
9619_sub4	0	1	0	1	0	0	0	1
9619_sub5	0	1	1	0	0	0	1	0
962_sub0	1	11	7	4	7	4	0	0
962_sub1	0	1	0	1	0	0	0	1
962_sub2	0	1	0	1	0	0	0	1
9622_sub0	0	1	0	1	0	0	0	1
9622_sub1	0	1	0	1	0	0	0	1
9622_sub2	0	1	0	1	0	0	0	1
9622_sub3	0	4	2	2	0	0	2	2
9622_sub4	0	1	0	1	0	0	0	1
9622_sub5	0	1	1	0	0	0	1	0
9622_sub6	0	1	1	0	0	0	1	0
9625_sub0	1	6	2	4	2	4	0	0
9625_sub1	0	1	0	1	0	0	0	1
963_sub0	0	1	0	1	0	0	0	1
963_sub1	1	8	6	2	6	2	0	0
9631_sub0	1	9	6	3	6	3	0	0
9631_sub1	0	1	1	0	0	0	1	0
9631_sub2	0	1	0	1	0	0	0	1
9631_sub3	0	1	1	0	0	0	1	0
9631_sub4	0	1	0	1	0	0	0	1
9633_sub0	1	10	4	6	4	6	0	0
9633_sub1	0	1	0	1	0	0	0	1
9635_sub0	0	5	1	4	0	0	1	4
9635_sub1	0	1	0	1	0	0	0	1
9638_sub0	0	1	0	1	0	0	0	1
9638_sub1	0	1	1	0	0	0	1	0
9638_sub2	0	1	1	0	0	0	1	0
9638_sub3	0	1	0	1	0	0	0	1
9638_sub4	0	1	1	0	0	0	1	0
9638_sub5	0	1	0	1	0	0	0	1
964_sub0	0	1	0	1	0	0	0	1
964_sub1	1	6	1	5	1	5	0	0
964_sub2	0	1	1	0	0	0	1	0
964_sub3	0	1	0	1	0	0	0	1
964_sub4	0	1	0	1	0	0	0	1
9646_sub0	0	1	1	0	0	0	1	0
9646_sub1	0	1	1	0	0	0	1	0
9646_sub2	0	1	1	0	0	0	1	0
9646_sub3	0	1	0	1	0	0	0	1
9646_sub4	0	1	0	1	0	0	0	1
9646_sub5	0	1	0	1	0	0	0	1
9648_sub0	0	1	0	1	0	0	0	1
9648_sub1	0	5	3	2	0	0	3	2
9648_sub2	0	1	0	1	0	0	0	1
9648_sub3	0	1	0	1	0	0	0	1
9650_sub0	1	8	4	4	4	4	0	0
9650_sub1	0	1	0	1	0	0	0	1
9654_sub0	0	1	1	0	0	0	1	0
9654_sub1	0	1	0	1	0	0	0	1
9654_sub2	0	1	0	1	0	0	0	1
9654_sub3	0	1	1	0	0	0	1	0
9654_sub4	0	1	1	0	0	0	1	0
9654_sub5	0	1	1	0	0	0	1	0
9659_sub0	0	1	1	0	0	0	1	0
9659_sub1	0	1	0	1	0	0	0	1
9659_sub2	0	1	0	1	0	0	0	1
9659_sub3	0	1	1	0	0	0	1	0
9659_sub4	0	1	1	0	0	0	1	0
9659_sub5	0	1	1	0	0	0	1	0
9662_sub0	0	1	0	1	0	0	0	1
9662_sub1	0	1	1	0	0	0	1	0
9662_sub2	0	1	0	1	0	0	0	1
9662_sub3	0	1	1	0	0	0	1	0
9662_sub4	0	1	1	0	0	0	1	0
9662_sub5	0	1	1	0	0	0	1	0
9666_sub0	1	10	5	5	5	5	0	0
9666_sub1	0	1	1	0	0	0	1	0
9666_sub2	0	1	0	1	0	0	0	1
9666_sub3	0	1	0	1	0	0	0	1
9676_sub0	0	1	0	1	0	0	0	1
9676_sub1	0	1	0	1	0	0	0	1
9676_sub2	0	1	1	0	0	0	1	0
9676_sub3	0	1	1	0	0	0	1	0
9676_sub4	0	1	1	0	0	0	1	0
9676_sub5	0	1	0	1	0	0	0	1
9679_sub0	1	13	8	5	8	5	0	0
9679_sub1	0	1	1	0	0	0	1	0
9679_sub2	0	1	0	1	0	0	0	1
9679_sub3	0	1	1	0	0	0	1	0
9679_sub4	0	1	0	1	0	0	0	1
9679_sub5	0	1	0	1	0	0	0	1
968_sub0	0	1	0	1	0	0	0	1
968_sub1	0	1	0	1	0	0	0	1
968_sub2	0	1	0	1	0	0	0	1
968_sub3	0	1	1	0	0	0	1	0
968_sub4	0	1	0	1	0	0	0	1
968_sub5	0	1	1	0	0	0	1	0
968_sub6	0	1	0	1	0	0	0	1
9681_sub0	0	1	1	0	0	0	1	0
9681_sub1	0	1	0	1	0	0	0	1
9681_sub2	0	1	1	0	0	0	1	0
9681_sub3	0	1	1	0	0	0	1	0
9681_sub4	0	1	1	0	0	0	1	0
9681_sub5	0	1	1	0	0	0	1	0
9681_sub6	0	1	1	0	0	0	1	0
9685_sub0	0	1	0	1	0	0	0	1
9685_sub1	0	1	0	1	0	0	0	1
9685_sub2	0	1	0	1	0	0	0	1
9685_sub3	0	1	1	0	0	0	1	0
9685_sub4	0	1	0	1	0	0	0	1
9685_sub5	0	1	1	0	0	0	1	0
9688_sub0	1	6	1	5	1	5	0	0
9688_sub1	0	1	0	1	0	0	0	1
9688_sub2	0	1	0	1	0	0	0	1
9688_sub3	0	1	1	0	0	0	1	0
9688_sub4	0	1	1	0	0	0	1	0
9688_sub5	0	1	1	0	0	0	1	0
9700_sub0	0	1	1	0	0	0	1	0
9700_sub1	0	1	1	0	0	0	1	0
9700_sub2	0	1	0	1	0	0	0	1
9700_sub3	0	1	1	0	0	0	1	0
9700_sub4	0	1	1	0	0	0	1	0
9700_sub5	0	1	1	0	0	0	1	0
9708_sub0	1	7	4	3	4	3	0	0
9708_sub1	0	1	0	1	0	0	0	1
9708_sub2	0	1	1	0	0	0	1	0
9708_sub3	0	1	1	0	0	0	1	0
9714_sub0	1	17	9	8	9	8	0	0
9714_sub1	0	1	1	0	0	0	1	0
9714_sub2	0	1	1	0	0	0	1	0
9714_sub3	0	1	0	1	0	0	0	1
9714_sub4	0	1	1	0	0	0	1	0
9714_sub5	0	1	1	0	0	0	1	0
9714_sub6	0	1	0	1	0	0	0	1
9714_sub7	0	1	1	0	0	0	1	0
972_sub0	0	1	1	0	0	0	1	0
972_sub1	0	1	1	0	0	0	1	0
972_sub2	0	1	0	1	0	0	0	1
972_sub3	0	5	0	5	0	0	0	5
972_sub4	0	1	0	1	0	0	0	1
972_sub5	0	1	1	0	0	0	1	0
972_sub6	0	1	0	1	0	0	0	1
9722_sub0	1	12	8	4	8	4	0	0
9722_sub1	0	1	0	1	0	0	0	1
9722_sub2	0	1	0	1	0	0	0	1
9722_sub3	0	1	0	1	0	0	0	1
9722_sub4	0	1	0	1	0	0	0	1
9722_sub5	0	1	0	1	0	0	0	1
9722_sub6	0	1	1	0	0	0	1	0
9722_sub7	0	1	0	1	0	0	0	1
9722_sub8	0	1	1	0	0	0	1	0
9728_sub0	0	1	1	0	0	0	1	0
9728_sub1	0	1	1	0	0	0	1	0
9728_sub2	0	1	0	1	0	0	0	1
9728_sub3	0	1	1	0	0	0	1	0
9728_sub4	0	1	0	1	0	0	0	1
9728_sub5	0	1	0	1	0	0	0	1
9728_sub6	0	1	1	0	0	0	1	0
9728_sub7	0	1	0	1	0	0	0	1
9733_sub0	0	1	1	0	0	0	1	0
9733_sub1	0	1	0	1	0	0	0	1
9733_sub2	0	1	0	1	0	0	0	1
9733_sub3	0	1	0	1	0	0	0	1
9733_sub4	0	1	0	1	0	0	0	1
9733_sub5	0	1	1	0	0	0	1	0
9733_sub6	0	1	1	0	0	0	1	0
9733_sub7	0	1	1	0	0	0	1	0
9736_sub0	1	12	4	8	4	8	0	0
9736_sub1	0	1	0	1	0	0	0	1
9736_sub2	0	1	0	1	0	0	0	1
9736_sub3	0	1	0	1	0	0	0	1
9736_sub4	0	1	0	1	0	0	0	1
9736_sub5	0	1	0	1	0	0	0	1
9736_sub6	0	1	0	1	0	0	0	1
9736_sub7	0	1	1	0	0	0	1	0
9739_sub0	1	9	2	7	2	7	0	0
9739_sub1	0	1	1	0	0	0	1	0
9739_sub2	0	1	0	1	0	0	0	1
9739_sub3	0	1	0	1	0	0	0	1
9739_sub4	0	1	1	0	0	0	1	0
974_sub0	0	1	0	1	0	0	0	1
974_sub1	1	17	8	9	8	9	0	0
974_sub2	0	1	0	1	0	0	0	1
974_sub3	0	1	0	1	0	0	0	1
9741_sub0	0	1	1	0	0	0	1	0
9741_sub1	0	1	1	0	0	0	1	0
9741_sub2	0	1	0	1	0	0	0	1
9741_sub3	0	1	1	0	0	0	1	0
9741_sub4	0	1	0	1	0	0	0	1
9741_sub5	0	1	1	0	0	0	1	0
9749_sub0	0	1	1	0	0	0	1	0
9749_sub1	0	1	1	0	0	0	1	0
9749_sub2	0	1	0	1	0	0	0	1
9749_sub3	0	1	0	1	0	0	0	1
9749_sub4	0	1	0	1	0	0	0	1
9749_sub5	0	1	0	1	0	0	0	1
9750_sub0	0	1	0	1	0	0	0	1
9750_sub1	0	1	1	0	0	0	1	0
9750_sub2	0	1	0	1	0	0	0	1
9750_sub3	0	1	1	0	0	0	1	0
9750_sub4	0	1	0	1	0	0	0	1
9750_sub5	0	1	0	1	0	0	0	1
9752_sub0	0	1	0	1	0	0	0	1
9752_sub1	0	1	0	1	0	0	0	1
9752_sub2	0	1	0	1	0	0	0	1
9752_sub3	0	1	0	1	0	0	0	1
9752_sub4	0	1	0	1	0	0	0	1
9752_sub5	0	1	0	1	0	0	0	1
9752_sub6	0	1	0	1	0	0	0	1
9755_sub0	1	12	6	6	6	6	0	0
9755_sub1	0	1	0	1	0	0	0	1
9755_sub2	0	1	1	0	0	0	1	0
9755_sub3	0	1	0	1	0	0	0	1
9755_sub4	0	1	0	1	0	0	0	1
9755_sub5	0	1	0	1	0	0	0	1
9757_sub0	1	11	5	6	5	6	0	0
9757_sub1	0	1	1	0	0	0	1	0
9757_sub2	0	1	0	1	0	0	0	1
9757_sub3	0	1	1	0	0	0	1	0
9767_sub0	0	1	1	0	0	0	1	0
9767_sub1	0	1	0	1	0	0	0	1
9767_sub2	0	1	0	1	0	0	0	1
9767_sub3	0	2	2	0	0	0	2	0
9767_sub4	0	1	0	1	0	0	0	1
9767_sub5	0	1	0	1	0	0	0	1
9767_sub6	0	1	0	1	0	0	0	1
9769_sub0	1	14	5	9	5	9	0	0
9769_sub1	0	1	1	0	0	0	1	0
9769_sub2	0	1	0	1	0	0	0	1
9769_sub3	0	1	1	0	0	0	1	0
9769_sub4	0	1	0	1	0	0	0	1
9769_sub5	0	1	1	0	0	0	1	0
9769_sub6	0	1	0	1	0	0	0	1
9769_sub7	0	1	1	0	0	0	1	0
9780_sub0	0	4	1	3	0	0	1	3
9780_sub1	0	1	1	0	0	0	1	0
9780_sub2	0	1	1	0	0	0	1	0
9783_sub0	0	1	0	1	0	0	0	1
9783_sub1	0	1	0	1	0	0	0	1
9783_sub2	0	1	0	1	0	0	0	1
9783_sub3	0	1	1	0	0	0	1	0
9783_sub4	0	1	0	1	0	0	0	1
9783_sub5	0	1	1	0	0	0	1	0
9783_sub6	0	1	1	0	0	0	1	0
9783_sub7	0	1	1	0	0	0	1	0
9784_sub0	1	6	5	1	5	1	0	0
9784_sub1	0	1	1	0	0	0	1	0
9784_sub2	0	1	1	0	0	0	1	0
9792_sub0	0	1	0	1	0	0	0	1
9792_sub1	0	1	1	0	0	0	1	0
9792_sub2	0	1	0	1	0	0	0	1
9792_sub3	0	1	0	1	0	0	0	1
9792_sub4	0	1	1	0	0	0	1	0
9792_sub5	0	1	0	1	0	0	0	1
9796_sub0	1	8	4	4	4	4	0	0
9796_sub1	0	1	1	0	0	0	1	0
9796_sub2	0	1	1	0	0	0	1	0
9797_sub0	0	1	0	1	0	0	0	1
9797_sub1	0	1	0	1	0	0	0	1
9797_sub2	0	1	1	0	0	0	1	0
9797_sub3	0	1	1	0	0	0	1	0
9797_sub4	0	1	0	1	0	0	0	1
9797_sub5	0	1	0	1	0	0	0	1
9797_sub6	0	1	1	0	0	0	1	0
9799_sub0	0	1	0	1	0	0	0	1
9799_sub1	0	1	1	0	0	0	1	0
9799_sub2	0	1	1	0	0	0	1	0
9799_sub3	0	1	0	1	0	0	0	1
9799_sub4	0	1	1	0	0	0	1	0
9799_sub5	0	1	1	0	0	0	1	0
9806_sub0	0	1	1	0	0	0	1	0
9806_sub1	0	1	1	0	0	0	1	0
9806_sub2	0	1	1	0	0	0	1	0
9806_sub3	0	1	1	0	0	0	1	0
9806_sub4	0	1	1	0	0	0	1	0
9806_sub5	0	1	0	1	0	0	0	1
981_sub0	0	1	0	1	0	0	0	1
981_sub1	1	12	7	5	7	5	0	0
9816_sub0	0	1	0	1	0	0	0	1
9816_sub1	0	1	1	0	0	0	1	0
9816_sub2	0	1	0	1	0	0	0	1
9816_sub3	0	1	1	0	0	0	1	0
9816_sub4	0	1	1	0	0	0	1	0
9816_sub5	0	1	0	1	0	0	0	1
9816_sub6	0	1	1	0	0	0	1	0
9816_sub7	0	1	0	1	0	0	0	1
9816_sub8	0	1	1	0	0	0	1	0
9818_sub0	1	10	5	5	5	5	0	0
9819_sub0	0	1	1	0	0	0	1	0
9819_sub1	0	1	1	0	0	0	1	0
9819_sub2	0	1	1	0	0	0	1	0
9819_sub3	0	1	0	1	0	0	0	1
9819_sub4	0	1	0	1	0	0	0	1
9819_sub5	0	1	1	0	0	0	1	0
9819_sub6	0	1	1	0	0	0	1	0
982_sub0	0	1	0	1	0	0	0	1
982_sub1	1	16	7	9	7	9	0	0
982_sub2	0	1	1	0	0	0	1	0
982_sub3	0	1	0	1	0	0	0	1
9820_sub0	1	9	6	3	6	3	0	0
9829_sub0	0	1	1	0	0	0	1	0
9829_sub1	0	1	1	0	0	0	1	0
9829_sub2	0	1	1	0	0	0	1	0
9829_sub3	0	1	0	1	0	0	0	1
9829_sub4	0	1	0	1	0	0	0	1
9829_sub5	0	1	1	0	0	0	1	0
9830_sub0	1	9	5	4	5	4	0	0
9830_sub1	0	1	0	1	0	0	0	1
9830_sub2	0	1	0	1	0	0	0	1
9831_sub0	1	14	5	9	5	9	0	0
9831_sub1	0	1	1	0	0	0	1	0
9831_sub2	0	1	0	1	0	0	0	1
9831_sub3	0	1	1	0	0	0	1	0
9834_sub0	0	1	1	0	0	0	1	0
9834_sub1	0	1	0	1	0	0	0	1
9834_sub2	0	1	1	0	0	0	1	0
9834_sub3	0	1	1	0	0	0	1	0
9834_sub4	0	1	1	0	0	0	1	0
9834_sub5	0	1	0	1	0	0	0	1
9839_sub0	1	6	1	5	1	5	0	0
9839_sub1	0	1	0	1	0	0	0	1
9839_sub2	0	1	0	1	0	0	0	1
984_sub0	0	1	1	0	0	0	1	0
984_sub1	1	8	4	4	4	4	0	0
984_sub2	0	1	1	0	0	0	1	0
9840_sub0	0	1	1	0	0	0	1	0
9840_sub1	0	1	1	0	0	0	1	0
9840_sub2	0	1	1	0	0	0	1	0
9840_sub3	0	1	0	1	0	0	0	1
9840_sub4	0	1	1	0	0	0	1	0
9840_sub5	0	1	1	0	0	0	1	0
9848_sub0	0	4	2	2	0	0	2	2
9848_sub1	0	1	1	0	0	0	1	0
9848_sub2	0	1	1	0	0	0	1	0
985_sub0	0	1	1	0	0	0	1	0
985_sub1	1	20	7	13	7	13	0	0
985_sub2	0	1	0	1	0	0	0	1
985_sub3	0	1	1	0	0	0	1	0
985_sub4	0	1	1	0	0	0	1	0
985_sub5	0	1	1	0	0	0	1	0
985_sub6	0	1	0	1	0	0	0	1
9850_sub0	1	8	5	3	5	3	0	0
9850_sub1	0	1	0	1	0	0	0	1
9850_sub2	0	2	1	1	0	0	1	1
9850_sub3	0	1	0	1	0	0	0	1
9850_sub4	0	1	0	1	0	0	0	1
9850_sub5	0	1	1	0	0	0	1	0
986_sub0	0	1	0	1	0	0	0	1
986_sub1	0	1	1	0	0	0	1	0
986_sub2	0	1	0	1	0	0	0	1
986_sub3	1	12	3	9	3	9	0	0
986_sub4	0	1	0	1	0	0	0	1
986_sub5	0	1	0	1	0	0	0	1
9864_sub0	0	2	1	1	0	0	1	1
9864_sub1	0	1	0	1	0	0	0	1
9864_sub2	0	1	1	0	0	0	1	0
9864_sub3	0	1	1	0	0	0	1	0
9864_sub4	0	1	1	0	0	0	1	0
9869_sub0	1	17	6	11	6	11	0	0
9869_sub1	0	1	0	1	0	0	0	1
9869_sub2	0	1	1	0	0	0	1	0
9869_sub3	0	1	1	0	0	0	1	0
9869_sub4	0	1	1	0	0	0	1	0
9869_sub5	0	1	0	1	0	0	0	1
9872_sub0	1	6	3	3	3	3	0	0
9872_sub1	0	1	1	0	0	0	1	0
9875_sub0	1	25	10	15	10	10	0	5
9875_sub1	0	1	1	0	0	0	1	0
9875_sub2	0	1	0	1	0	0	0	1
9875_sub3	0	1	1	0	0	0	1	0
9875_sub4	0	1	0	1	0	0	0	1
9875_sub5	0	1	1	0	0	0	1	0
9876_sub0	0	1	1	0	0	0	1	0
9876_sub1	0	4	2	2	0	0	2	2
9876_sub2	0	1	0	1	0	0	0	1
9876_sub3	0	1	1	0	0	0	1	0
9876_sub4	0	1	1	0	0	0	1	0
9877_sub0	0	1	0	1	0	0	0	1
9877_sub1	0	1	1	0	0	0	1	0
9877_sub2	0	1	0	1	0	0	0	1
9877_sub3	0	1	1	0	0	0	1	0
9877_sub4	0	1	1	0	0	0	1	0
9877_sub5	0	1	1	0	0	0	1	0
9888_sub0	0	1	0	1	0	0	0	1
9888_sub1	0	1	1	0	0	0	1	0
9888_sub2	0	1	1	0	0	0	1	0
9888_sub3	0	1	1	0	0	0	1	0
9888_sub4	0	1	1	0	0	0	1	0
9888_sub5	0	1	0	1	0	0	0	1
9888_sub6	0	1	1	0	0	0	1	0
9889_sub0	1	17	9	8	9	8	0	0
9889_sub1	0	1	0	1	0	0	0	1
9889_sub2	0	1	0	1	0	0	0	1
9889_sub3	0	1	0	1	0	0	0	1
9889_sub4	0	1	0	1	0	0	0	1
9889_sub5	0	1	1	0	0	0	1	0
989_sub0	0	1	1	0	0	0	1	0
989_sub1	1	19	7	12	7	12	0	0
9890_sub0	0	1	0	1	0	0	0	1
9890_sub1	0	5	2	3	0	0	2	3
9891_sub0	1	6	5	1	5	1	0	0
9891_sub1	0	1	0	1	0	0	0	1
9891_sub2	0	1	0	1	0	0	0	1
9891_sub3	0	1	1	0	0	0	1	0
99_sub0	0	1	1	0	0	0	1	0
99_sub1	1	11	6	5	6	5	0	0
99_sub2	0	1	1	0	0	0	1	0
99_sub3	0	1	1	0	0	0	1	0
99_sub4	0	1	1	0	0	0	1	0
99_sub5	0	1	0	1	0	0	0	1
99_sub6	0	1	1	0	0	0	1	0
99_sub7	0	1	0	1	0	0	0	1
99_sub8	0	1	1	0	0	0	1	0
9902_sub0	1	6	5	1	5	1	0	0
9902_sub1	0	1	1	0	0	0	1	0
9911_sub0	0	1	0	1	0	0	0	1
9911_sub1	0	1	1	0	0	0	1	0
9911_sub2	0	1	1	0	0	0	1	0
9911_sub3	0	1	0	1	0	0	0	1
9911_sub4	0	1	0	1	0	0	0	1
9911_sub5	0	1	0	1	0	0	0	1
9912_sub0	0	1	1	0	0	0	1	0
9912_sub1	0	1	1	0	0	0	1	0
9912_sub2	0	1	1	0	0	0	1	0
9912_sub3	0	4	3	1	0	0	3	1
9912_sub4	0	1	0	1	0	0	0	1
9913_sub0	1	8	5	3	5	3	0	0
9913_sub1	0	1	1	0	0	0	1	0
9913_sub2	0	1	0	1	0	0	0	1
9915_sub0	1	10	5	5	5	5	0	0
9921_sub0	1	8	7	1	7	1	0	0
9925_sub0	0	1	0	1	0	0	0	1
9925_sub1	0	1	1	0	0	0	1	0
9925_sub2	0	1	0	1	0	0	0	1
9925_sub3	0	1	0	1	0	0	0	1
9925_sub4	0	1	1	0	0	0	1	0
9925_sub5	0	1	1	0	0	0	1	0
9932_sub0	0	1	1	0	0	0	1	0
9932_sub1	0	1	1	0	0	0	1	0
9932_sub2	0	1	1	0	0	0	1	0
9932_sub3	0	1	0	1	0	0	0	1
9932_sub4	0	1	1	0	0	0	1	0
9932_sub5	0	1	0	1	0	0	0	1
9932_sub6	0	1	1	0	0	0	1	0
9934_sub0	0	1	1	0	0	0	1	0
9934_sub1	0	1	0	1	0	0	0	1
9934_sub2	0	5	2	3	0	0	2	3
9941_sub0	0	1	1	0	0	0	1	0
9941_sub1	1	7	2	5	2	5	0	0
9941_sub2	0	1	1	0	0	0	1	0
9943_sub0	0	1	1	0	0	0	1	0
9943_sub1	0	1	0	1	0	0	0	1
9943_sub2	0	1	1	0	0	0	1	0
9943_sub3	0	1	0	1	0	0	0	1
9943_sub4	0	1	1	0	0	0	1	0
9943_sub5	0	1	1	0	0	0	1	0
9946_sub0	0	4	1	3	0	0	1	3
9946_sub1	0	1	1	0	0	0	1	0
9946_sub2	0	1	0	1	0	0	0	1
9949_sub0	0	5	4	1	0	0	4	1
9949_sub1	0	1	0	1	0	0	0	1
9966_sub0	1	11	4	7	4	7	0	0
9966_sub1	0	1	0	1	0	0	0	1
9966_sub2	0	1	1	0	0	0	1	0
9966_sub3	0	1	1	0	0	0	1	0
9966_sub4	0	1	1	0	0	0	1	0
9966_sub5	0	1	1	0	0	0	1	0
9968_sub0	0	1	1	0	0	0	1	0
9968_sub1	0	1	1	0	0	0	1	0
9968_sub2	0	1	0	1	0	0	0	1
9968_sub3	0	1	0	1	0	0	0	1
9968_sub4	0	1	0	1	0	0	0	1
9968_sub5	0	1	0	1	0	0	0	1
997_sub0	0	1	0	1	0	0	0	1
997_sub1	1	14	6	8	6	8	0	0
9971_sub0	0	1	1	0	0	0	1	0
9971_sub1	0	1	0	1	0	0	0	1
9971_sub2	0	1	1	0	0	0	1	0
9971_sub3	0	1	1	0	0	0	1	0
9971_sub4	0	1	1	0	0	0	1	0
9971_sub5	0	1	1	0	0	0	1	0
9971_sub6	0	1	0	1	0	0	0	1
9971_sub7	0	1	1	0	0	0	1	0
9971_sub8	0	1	0	1	0	0	0	1
9971_sub9	0	1	0	1	0	0	0	1
9971_sub10	0	1	0	1	0	0	0	1
9971_sub11	0	1	1	0	0	0	1	0
9971_sub12	0	1	1	0	0	0	1	0
9974_sub0	0	1	0	1	0	0	0	1
9974_sub1	1	6	4	2	4	2	0	0
9974_sub2	0	1	1	0	0	0	1	0
9975_sub0	0	1	0	1	0	0	0	1
9975_sub1	1	14	4	10	4	10	0	0
9975_sub2	0	1	0	1	0	0	0	1
9975_sub3	0	1	0	1	0	0	0	1
9975_sub4	0	1	1	0	0	0	1	0
998_sub0	0	1	0	1	0	0	0	1
998_sub1	1	6	2	4	2	4	0	0
9989_sub0	0	1	0	1	0	0	0	1
9989_sub1	0	1	0	1	0	0	0	1
9989_sub2	0	1	1	0	0	0	1	0
9989_sub3	0	1	0	1	0	0	0	1
9989_sub4	0	1	0	1	0	0	0	1
9989_sub5	0	1	1	0	0	0	1	0
9992_sub0	0	1	1	0	0	0	1	0
9992_sub1	0	1	0	1	0	0	0	1
9992_sub2	0	1	0	1	0	0	0	1
9992_sub3	0	1	0	1	0	0	0	1
9992_sub4	0	1	0	1	0	0	0	1
9992_sub5	0	1	1	0	0	0	1	0
9992_sub6	0	1	1	0	0	0	1	0
9994_sub0	0	1	0	1	0	0	0	1
9994_sub1	1	9	3	6	3	6	0	0
9995_sub0	1	11	5	6	5	6	0	0
9995_sub1	0	1	0	1	0	0	0	1
9995_sub2	0	1	1	0	0	0	1	0
9995_sub3	0	1	0	1	0	0	0	1
9995_sub4	0	1	1	0	0	0	1	0
