barcode	target	n_cluster	task_index	timestamp	sample	task_index_chtronological	runtime_hours	runtime_minutes
barcode68	lpa5104	1	1	2026-02-02T13:27:00Z	HG03234	1	0	0
barcode68	lpa5104	1	1	2026-02-02T13:28:00Z	HG03234	2	0.016666666666666666	1
barcode65	lpa5104	0	2	2026-02-02T13:28:00Z	HG01593	1	0.016666666666666666	1
barcode68	lpa5104	1	1	2026-02-02T13:34:00Z	HG03234	3	0.11666666666666667	7
barcode65	lpa5104	0	2	2026-02-02T13:34:00Z	HG01593	2	0.11666666666666667	7
barcode66	lpa5104	0	3	2026-02-02T13:34:00Z	HG02657	1	0.11666666666666667	7
barcode68	lpa5104	1	1	2026-02-02T13:36:00Z	HG03234	4	0.15	9
barcode65	lpa5104	0	2	2026-02-02T13:36:00Z	HG01593	3	0.15	9
barcode66	lpa5104	0	3	2026-02-02T13:36:00Z	HG02657	2	0.15	9
barcode70	lpa5104	0	4	2026-02-02T13:36:00Z	NA18868	1	0.15	9
barcode68	lpa5104	1	1	2026-02-02T13:37:00Z	HG03234	5	0.16666666666666666	10
barcode65	lpa5104	0	2	2026-02-02T13:37:00Z	HG01593	4	0.16666666666666666	10
barcode66	lpa5104	0	3	2026-02-02T13:37:00Z	HG02657	3	0.16666666666666666	10
barcode70	lpa5104	0	4	2026-02-02T13:37:00Z	NA18868	2	0.16666666666666666	10
barcode71	lpa5104	0	5	2026-02-02T13:37:00Z	NA19098	1	0.16666666666666666	10
barcode67	lpa5104	1	6	2026-02-02T13:37:00Z	HG02778	1	0.16666666666666666	10
barcode68	lpa5104	1	1	2026-02-02T13:40:00Z	HG03234	6	0.21666666666666667	13
barcode65	lpa5104	0	2	2026-02-02T13:40:00Z	HG01593	5	0.21666666666666667	13
barcode66	lpa5104	0	3	2026-02-02T13:40:00Z	HG02657	4	0.21666666666666667	13
barcode70	lpa5104	0	4	2026-02-02T13:40:00Z	NA18868	3	0.21666666666666667	13
barcode71	lpa5104	0	5	2026-02-02T13:40:00Z	NA19098	2	0.21666666666666667	13
barcode67	lpa5104	1	6	2026-02-02T13:40:00Z	HG02778	2	0.21666666666666667	13
barcode69	lpa5104	1	7	2026-02-02T13:40:00Z	HG03765	1	0.21666666666666667	13
barcode65	lpa5104	0	2	2026-02-02T13:48:00Z	HG01593	6	0.35	21
barcode66	lpa5104	0	3	2026-02-02T13:48:00Z	HG02657	5	0.35	21
barcode70	lpa5104	0	4	2026-02-02T13:48:00Z	NA18868	4	0.35	21
barcode71	lpa5104	0	5	2026-02-02T13:48:00Z	NA19098	3	0.35	21
barcode67	lpa5104	1	6	2026-02-02T13:48:00Z	HG02778	3	0.35	21
barcode69	lpa5104	1	7	2026-02-02T13:48:00Z	HG03765	2	0.35	21
barcode68	lpa5104	2	8	2026-02-02T13:48:00Z	HG03234	7	0.35	21
barcode66	lpa5104	0	3	2026-02-02T13:51:00Z	HG02657	6	0.4	24
barcode70	lpa5104	0	4	2026-02-02T13:51:00Z	NA18868	5	0.4	24
barcode71	lpa5104	0	5	2026-02-02T13:51:00Z	NA19098	4	0.4	24
barcode67	lpa5104	1	6	2026-02-02T13:51:00Z	HG02778	4	0.4	24
barcode69	lpa5104	1	7	2026-02-02T13:51:00Z	HG03765	3	0.4	24
barcode68	lpa5104	2	8	2026-02-02T13:51:00Z	HG03234	8	0.4	24
barcode65	lpa5104	2	9	2026-02-02T13:51:00Z	HG01593	7	0.4	24
barcode70	lpa5104	0	4	2026-02-02T13:59:00Z	NA18868	6	0.5333333333333333	32
barcode71	lpa5104	0	5	2026-02-02T13:59:00Z	NA19098	5	0.5333333333333333	32
barcode67	lpa5104	1	6	2026-02-02T13:59:00Z	HG02778	5	0.5333333333333333	32
barcode69	lpa5104	1	7	2026-02-02T13:59:00Z	HG03765	4	0.5333333333333333	32
barcode68	lpa5104	2	8	2026-02-02T13:59:00Z	HG03234	9	0.5333333333333333	32
barcode65	lpa5104	2	9	2026-02-02T13:59:00Z	HG01593	8	0.5333333333333333	32
barcode66	lpa5104	3	10	2026-02-02T13:59:00Z	HG02657	7	0.5333333333333333	32
barcode71	lpa5104	0	5	2026-02-02T14:02:00Z	NA19098	6	0.5833333333333334	35
barcode67	lpa5104	1	6	2026-02-02T14:02:00Z	HG02778	6	0.5833333333333334	35
barcode69	lpa5104	1	7	2026-02-02T14:02:00Z	HG03765	5	0.5833333333333334	35
barcode68	lpa5104	2	8	2026-02-02T14:02:00Z	HG03234	10	0.5833333333333334	35
barcode65	lpa5104	2	9	2026-02-02T14:02:00Z	HG01593	9	0.5833333333333334	35
barcode66	lpa5104	3	10	2026-02-02T14:02:00Z	HG02657	8	0.5833333333333334	35
barcode70	lpa5104	3	11	2026-02-02T14:02:00Z	NA18868	7	0.5833333333333334	35
barcode67	lpa5104	1	6	2026-02-02T14:03:00Z	HG02778	7	0.6	36
barcode69	lpa5104	1	7	2026-02-02T14:03:00Z	HG03765	6	0.6	36
barcode68	lpa5104	2	8	2026-02-02T14:03:00Z	HG03234	11	0.6	36
barcode65	lpa5104	2	9	2026-02-02T14:03:00Z	HG01593	10	0.6	36
barcode66	lpa5104	3	10	2026-02-02T14:03:00Z	HG02657	9	0.6	36
barcode70	lpa5104	3	11	2026-02-02T14:03:00Z	NA18868	8	0.6	36
barcode71	lpa5104	3	12	2026-02-02T14:03:00Z	NA19098	7	0.6	36
barcode69	lpa5104	1	7	2026-02-02T14:04:00Z	HG03765	7	0.6166666666666667	37
barcode68	lpa5104	2	8	2026-02-02T14:04:00Z	HG03234	12	0.6166666666666667	37
barcode65	lpa5104	2	9	2026-02-02T14:04:00Z	HG01593	11	0.6166666666666667	37
barcode66	lpa5104	3	10	2026-02-02T14:04:00Z	HG02657	10	0.6166666666666667	37
barcode70	lpa5104	3	11	2026-02-02T14:04:00Z	NA18868	9	0.6166666666666667	37
barcode71	lpa5104	3	12	2026-02-02T14:04:00Z	NA19098	8	0.6166666666666667	37
barcode67	lpa5104	2	13	2026-02-02T14:04:00Z	HG02778	8	0.6166666666666667	37
barcode69	lpa5104	1	7	2026-02-02T14:05:00Z	HG03765	8	0.6333333333333333	38
barcode68	lpa5104	2	8	2026-02-02T14:05:00Z	HG03234	13	0.6333333333333333	38
barcode65	lpa5104	2	9	2026-02-02T14:05:00Z	HG01593	12	0.6333333333333333	38
barcode66	lpa5104	3	10	2026-02-02T14:05:00Z	HG02657	11	0.6333333333333333	38
barcode70	lpa5104	3	11	2026-02-02T14:05:00Z	NA18868	10	0.6333333333333333	38
barcode71	lpa5104	3	12	2026-02-02T14:05:00Z	NA19098	9	0.6333333333333333	38
barcode67	lpa5104	2	13	2026-02-02T14:05:00Z	HG02778	9	0.6333333333333333	38
barcode72	lpa5104	1	14	2026-02-02T14:05:00Z	NA19190	1	0.6333333333333333	38
barcode68	lpa5104	2	8	2026-02-02T14:09:00Z	HG03234	14	0.7	42
barcode65	lpa5104	2	9	2026-02-02T14:09:00Z	HG01593	13	0.7	42
barcode66	lpa5104	3	10	2026-02-02T14:09:00Z	HG02657	12	0.7	42
barcode70	lpa5104	3	11	2026-02-02T14:09:00Z	NA18868	11	0.7	42
barcode71	lpa5104	3	12	2026-02-02T14:09:00Z	NA19098	10	0.7	42
barcode67	lpa5104	2	13	2026-02-02T14:09:00Z	HG02778	10	0.7	42
barcode72	lpa5104	1	14	2026-02-02T14:09:00Z	NA19190	2	0.7	42
barcode69	lpa5104	2	15	2026-02-02T14:09:00Z	HG03765	9	0.7	42
barcode65	lpa5104	2	9	2026-02-02T14:10:00Z	HG01593	14	0.7166666666666667	43
barcode66	lpa5104	3	10	2026-02-02T14:10:00Z	HG02657	13	0.7166666666666667	43
barcode70	lpa5104	3	11	2026-02-02T14:10:00Z	NA18868	12	0.7166666666666667	43
barcode71	lpa5104	3	12	2026-02-02T14:10:00Z	NA19098	11	0.7166666666666667	43
barcode67	lpa5104	2	13	2026-02-02T14:10:00Z	HG02778	11	0.7166666666666667	43
barcode72	lpa5104	1	14	2026-02-02T14:10:00Z	NA19190	3	0.7166666666666667	43
barcode69	lpa5104	2	15	2026-02-02T14:10:00Z	HG03765	10	0.7166666666666667	43
barcode68	lpa5104	9	16	2026-02-02T14:10:00Z	HG03234	15	0.7166666666666667	43
barcode66	lpa5104	3	10	2026-02-02T14:14:00Z	HG02657	14	0.7833333333333333	47
barcode70	lpa5104	3	11	2026-02-02T14:14:00Z	NA18868	13	0.7833333333333333	47
barcode71	lpa5104	3	12	2026-02-02T14:14:00Z	NA19098	12	0.7833333333333333	47
barcode67	lpa5104	2	13	2026-02-02T14:14:00Z	HG02778	12	0.7833333333333333	47
barcode72	lpa5104	1	14	2026-02-02T14:14:00Z	NA19190	4	0.7833333333333333	47
barcode69	lpa5104	2	15	2026-02-02T14:14:00Z	HG03765	11	0.7833333333333333	47
barcode68	lpa5104	9	16	2026-02-02T14:14:00Z	HG03234	16	0.7833333333333333	47
barcode65	lpa5104	4	17	2026-02-02T14:14:00Z	HG01593	15	0.7833333333333333	47
barcode70	lpa5104	3	11	2026-02-02T14:28:00Z	NA18868	14	1.0166666666666666	61
barcode71	lpa5104	3	12	2026-02-02T14:28:00Z	NA19098	13	1.0166666666666666	61
barcode67	lpa5104	2	13	2026-02-02T14:28:00Z	HG02778	13	1.0166666666666666	61
barcode72	lpa5104	1	14	2026-02-02T14:28:00Z	NA19190	5	1.0166666666666666	61
barcode69	lpa5104	2	15	2026-02-02T14:28:00Z	HG03765	12	1.0166666666666666	61
barcode68	lpa5104	9	16	2026-02-02T14:28:00Z	HG03234	17	1.0166666666666666	61
barcode65	lpa5104	4	17	2026-02-02T14:28:00Z	HG01593	16	1.0166666666666666	61
barcode66	lpa5104	7	18	2026-02-02T14:28:00Z	HG02657	15	1.0166666666666666	61
barcode71	lpa5104	3	12	2026-02-02T14:32:00Z	NA19098	14	1.0833333333333333	65
barcode67	lpa5104	2	13	2026-02-02T14:32:00Z	HG02778	14	1.0833333333333333	65
barcode72	lpa5104	1	14	2026-02-02T14:32:00Z	NA19190	6	1.0833333333333333	65
barcode69	lpa5104	2	15	2026-02-02T14:32:00Z	HG03765	13	1.0833333333333333	65
barcode68	lpa5104	9	16	2026-02-02T14:32:00Z	HG03234	18	1.0833333333333333	65
barcode65	lpa5104	4	17	2026-02-02T14:32:00Z	HG01593	17	1.0833333333333333	65
barcode66	lpa5104	7	18	2026-02-02T14:32:00Z	HG02657	16	1.0833333333333333	65
barcode70	lpa5104	12	19	2026-02-02T14:32:00Z	NA18868	15	1.0833333333333333	65
barcode72	lpa5104	1	14	2026-02-02T14:34:00Z	NA19190	7	1.1166666666666667	67
barcode69	lpa5104	2	15	2026-02-02T14:34:00Z	HG03765	14	1.1166666666666667	67
barcode68	lpa5104	9	16	2026-02-02T14:34:00Z	HG03234	19	1.1166666666666667	67
barcode65	lpa5104	4	17	2026-02-02T14:34:00Z	HG01593	18	1.1166666666666667	67
barcode66	lpa5104	7	18	2026-02-02T14:34:00Z	HG02657	17	1.1166666666666667	67
barcode70	lpa5104	12	19	2026-02-02T14:34:00Z	NA18868	16	1.1166666666666667	67
barcode67	lpa5104	16	20	2026-02-02T14:34:00Z	HG02778	15	1.1166666666666667	67
barcode71	lpa5104	28	21	2026-02-02T14:34:00Z	NA19098	15	1.1166666666666667	67
barcode69	lpa5104	2	15	2026-02-02T14:36:00Z	HG03765	15	1.15	69
barcode65	lpa5104	4	17	2026-02-02T14:36:00Z	HG01593	19	1.15	69
barcode66	lpa5104	7	18	2026-02-02T14:36:00Z	HG02657	18	1.15	69
barcode70	lpa5104	12	19	2026-02-02T14:36:00Z	NA18868	17	1.15	69
barcode67	lpa5104	16	20	2026-02-02T14:36:00Z	HG02778	16	1.15	69
barcode71	lpa5104	28	21	2026-02-02T14:36:00Z	NA19098	16	1.15	69
barcode68	lpa5104	31	22	2026-02-02T14:36:00Z	HG03234	20	1.15	69
barcode72	lpa5104	4	23	2026-02-02T14:36:00Z	NA19190	8	1.15	69
barcode66	lpa5104	7	18	2026-02-02T14:41:00Z	HG02657	19	1.2333333333333334	74
barcode70	lpa5104	12	19	2026-02-02T14:41:00Z	NA18868	18	1.2333333333333334	74
barcode67	lpa5104	16	20	2026-02-02T14:41:00Z	HG02778	17	1.2333333333333334	74
barcode71	lpa5104	28	21	2026-02-02T14:41:00Z	NA19098	17	1.2333333333333334	74
barcode68	lpa5104	31	22	2026-02-02T14:41:00Z	HG03234	21	1.2333333333333334	74
barcode72	lpa5104	4	23	2026-02-02T14:41:00Z	NA19190	9	1.2333333333333334	74
barcode65	lpa5104	23	24	2026-02-02T14:41:00Z	HG01593	20	1.2333333333333334	74
barcode69	lpa5104	3	25	2026-02-02T14:41:00Z	HG03765	16	1.2333333333333334	74
barcode70	lpa5104	12	19	2026-02-02T14:56:00Z	NA18868	19	1.4833333333333334	89
barcode67	lpa5104	16	20	2026-02-02T14:56:00Z	HG02778	18	1.4833333333333334	89
barcode71	lpa5104	28	21	2026-02-02T14:56:00Z	NA19098	18	1.4833333333333334	89
barcode68	lpa5104	31	22	2026-02-02T14:56:00Z	HG03234	22	1.4833333333333334	89
barcode72	lpa5104	4	23	2026-02-02T14:56:00Z	NA19190	10	1.4833333333333334	89
barcode65	lpa5104	23	24	2026-02-02T14:56:00Z	HG01593	21	1.4833333333333334	89
barcode69	lpa5104	3	25	2026-02-02T14:56:00Z	HG03765	17	1.4833333333333334	89
barcode66	lpa5104	27	26	2026-02-02T14:56:00Z	HG02657	20	1.4833333333333334	89
barcode70	lpa5104	12	19	2026-02-02T14:59:00Z	NA18868	20	1.5333333333333334	92
barcode67	lpa5104	16	20	2026-02-02T14:59:00Z	HG02778	19	1.5333333333333334	92
barcode71	lpa5104	28	21	2026-02-02T14:59:00Z	NA19098	19	1.5333333333333334	92
barcode72	lpa5104	4	23	2026-02-02T14:59:00Z	NA19190	11	1.5333333333333334	92
barcode65	lpa5104	23	24	2026-02-02T14:59:00Z	HG01593	22	1.5333333333333334	92
barcode69	lpa5104	3	25	2026-02-02T14:59:00Z	HG03765	18	1.5333333333333334	92
barcode66	lpa5104	27	26	2026-02-02T14:59:00Z	HG02657	21	1.5333333333333334	92
barcode68	lpa5104	75	27	2026-02-02T14:59:00Z	HG03234	23	1.5333333333333334	92
barcode67	lpa5104	16	20	2026-02-02T15:00:00Z	HG02778	20	1.55	93
barcode71	lpa5104	28	21	2026-02-02T15:00:00Z	NA19098	20	1.55	93
barcode72	lpa5104	4	23	2026-02-02T15:00:00Z	NA19190	12	1.55	93
barcode65	lpa5104	23	24	2026-02-02T15:00:00Z	HG01593	23	1.55	93
barcode69	lpa5104	3	25	2026-02-02T15:00:00Z	HG03765	19	1.55	93
barcode66	lpa5104	27	26	2026-02-02T15:00:00Z	HG02657	22	1.55	93
barcode68	lpa5104	75	27	2026-02-02T15:00:00Z	HG03234	24	1.55	93
barcode70	lpa5104	42	28	2026-02-02T15:00:00Z	NA18868	21	1.55	93
barcode71	lpa5104	28	21	2026-02-02T15:03:00Z	NA19098	21	1.6	96
barcode72	lpa5104	4	23	2026-02-02T15:03:00Z	NA19190	13	1.6	96
barcode65	lpa5104	23	24	2026-02-02T15:03:00Z	HG01593	24	1.6	96
barcode69	lpa5104	3	25	2026-02-02T15:03:00Z	HG03765	20	1.6	96
barcode66	lpa5104	27	26	2026-02-02T15:03:00Z	HG02657	23	1.6	96
barcode68	lpa5104	75	27	2026-02-02T15:03:00Z	HG03234	25	1.6	96
barcode70	lpa5104	42	28	2026-02-02T15:03:00Z	NA18868	22	1.6	96
barcode67	lpa5104	72	29	2026-02-02T15:03:00Z	HG02778	21	1.6	96
barcode72	lpa5104	4	23	2026-02-02T15:04:00Z	NA19190	14	1.6166666666666667	97
barcode65	lpa5104	23	24	2026-02-02T15:04:00Z	HG01593	25	1.6166666666666667	97
barcode69	lpa5104	3	25	2026-02-02T15:04:00Z	HG03765	21	1.6166666666666667	97
barcode66	lpa5104	27	26	2026-02-02T15:04:00Z	HG02657	24	1.6166666666666667	97
barcode68	lpa5104	75	27	2026-02-02T15:04:00Z	HG03234	26	1.6166666666666667	97
barcode70	lpa5104	42	28	2026-02-02T15:04:00Z	NA18868	23	1.6166666666666667	97
barcode67	lpa5104	72	29	2026-02-02T15:04:00Z	HG02778	22	1.6166666666666667	97
barcode71	lpa5104	83	30	2026-02-02T15:04:00Z	NA19098	22	1.6166666666666667	97
barcode69	lpa5104	3	25	2026-02-02T15:06:00Z	HG03765	22	1.65	99
barcode66	lpa5104	27	26	2026-02-02T15:06:00Z	HG02657	25	1.65	99
barcode68	lpa5104	75	27	2026-02-02T15:06:00Z	HG03234	27	1.65	99
barcode70	lpa5104	42	28	2026-02-02T15:06:00Z	NA18868	24	1.65	99
barcode67	lpa5104	72	29	2026-02-02T15:06:00Z	HG02778	23	1.65	99
barcode71	lpa5104	83	30	2026-02-02T15:06:00Z	NA19098	23	1.65	99
barcode72	lpa5104	11	31	2026-02-02T15:06:00Z	NA19190	15	1.65	99
barcode65	lpa5104	49	32	2026-02-02T15:06:00Z	HG01593	26	1.65	99
barcode66	lpa5104	27	26	2026-02-02T15:13:00Z	HG02657	26	1.7666666666666666	106
barcode68	lpa5104	75	27	2026-02-02T15:13:00Z	HG03234	28	1.7666666666666666	106
barcode70	lpa5104	42	28	2026-02-02T15:13:00Z	NA18868	25	1.7666666666666666	106
barcode67	lpa5104	72	29	2026-02-02T15:13:00Z	HG02778	24	1.7666666666666666	106
barcode71	lpa5104	83	30	2026-02-02T15:13:00Z	NA19098	24	1.7666666666666666	106
barcode72	lpa5104	11	31	2026-02-02T15:13:00Z	NA19190	16	1.7666666666666666	106
barcode65	lpa5104	49	32	2026-02-02T15:13:00Z	HG01593	27	1.7666666666666666	106
barcode69	lpa5104	18	33	2026-02-02T15:13:00Z	HG03765	23	1.7666666666666666	106
barcode66	lpa5104	27	26	2026-02-02T15:24:00Z	HG02657	27	1.95	117
barcode70	lpa5104	42	28	2026-02-02T15:24:00Z	NA18868	26	1.95	117
barcode67	lpa5104	72	29	2026-02-02T15:24:00Z	HG02778	25	1.95	117
barcode71	lpa5104	83	30	2026-02-02T15:24:00Z	NA19098	25	1.95	117
barcode72	lpa5104	11	31	2026-02-02T15:24:00Z	NA19190	17	1.95	117
barcode65	lpa5104	49	32	2026-02-02T15:24:00Z	HG01593	28	1.95	117
barcode69	lpa5104	18	33	2026-02-02T15:24:00Z	HG03765	24	1.95	117
barcode68	lpa5104	145	34	2026-02-02T15:24:00Z	HG03234	29	1.95	117
barcode70	lpa5104	42	28	2026-02-02T15:25:00Z	NA18868	27	1.9666666666666666	118
barcode67	lpa5104	72	29	2026-02-02T15:25:00Z	HG02778	26	1.9666666666666666	118
barcode71	lpa5104	83	30	2026-02-02T15:25:00Z	NA19098	26	1.9666666666666666	118
barcode72	lpa5104	11	31	2026-02-02T15:25:00Z	NA19190	18	1.9666666666666666	118
barcode65	lpa5104	49	32	2026-02-02T15:25:00Z	HG01593	29	1.9666666666666666	118
barcode69	lpa5104	18	33	2026-02-02T15:25:00Z	HG03765	25	1.9666666666666666	118
barcode68	lpa5104	145	34	2026-02-02T15:25:00Z	HG03234	30	1.9666666666666666	118
barcode66	lpa5104	69	35	2026-02-02T15:25:00Z	HG02657	28	1.9666666666666666	118
barcode67	lpa5104	72	29	2026-02-02T15:30:00Z	HG02778	27	2.05	123
barcode71	lpa5104	83	30	2026-02-02T15:30:00Z	NA19098	27	2.05	123
barcode72	lpa5104	11	31	2026-02-02T15:30:00Z	NA19190	19	2.05	123
barcode65	lpa5104	49	32	2026-02-02T15:30:00Z	HG01593	30	2.05	123
barcode69	lpa5104	18	33	2026-02-02T15:30:00Z	HG03765	26	2.05	123
barcode68	lpa5104	145	34	2026-02-02T15:30:00Z	HG03234	31	2.05	123
barcode66	lpa5104	69	35	2026-02-02T15:30:00Z	HG02657	29	2.05	123
barcode70	lpa5104	79	36	2026-02-02T15:30:00Z	NA18868	28	2.05	123
barcode67	lpa5104	72	29	2026-02-02T15:32:00Z	HG02778	28	2.0833333333333335	125
barcode71	lpa5104	83	30	2026-02-02T15:32:00Z	NA19098	28	2.0833333333333335	125
barcode72	lpa5104	11	31	2026-02-02T15:32:00Z	NA19190	20	2.0833333333333335	125
barcode69	lpa5104	18	33	2026-02-02T15:32:00Z	HG03765	27	2.0833333333333335	125
barcode68	lpa5104	145	34	2026-02-02T15:32:00Z	HG03234	32	2.0833333333333335	125
barcode66	lpa5104	69	35	2026-02-02T15:32:00Z	HG02657	30	2.0833333333333335	125
barcode70	lpa5104	79	36	2026-02-02T15:32:00Z	NA18868	29	2.0833333333333335	125
barcode65	lpa5104	96	37	2026-02-02T15:32:00Z	HG01593	31	2.0833333333333335	125
barcode71	lpa5104	83	30	2026-02-02T15:33:00Z	NA19098	29	2.1	126
barcode72	lpa5104	11	31	2026-02-02T15:33:00Z	NA19190	21	2.1	126
barcode69	lpa5104	18	33	2026-02-02T15:33:00Z	HG03765	28	2.1	126
barcode68	lpa5104	145	34	2026-02-02T15:33:00Z	HG03234	33	2.1	126
barcode66	lpa5104	69	35	2026-02-02T15:33:00Z	HG02657	31	2.1	126
barcode70	lpa5104	79	36	2026-02-02T15:33:00Z	NA18868	30	2.1	126
barcode65	lpa5104	96	37	2026-02-02T15:33:00Z	HG01593	32	2.1	126
barcode67	lpa5104	153	38	2026-02-02T15:33:00Z	HG02778	29	2.1	126
barcode72	lpa5104	11	31	2026-02-02T15:34:00Z	NA19190	22	2.1166666666666667	127
barcode69	lpa5104	18	33	2026-02-02T15:34:00Z	HG03765	29	2.1166666666666667	127
barcode68	lpa5104	145	34	2026-02-02T15:34:00Z	HG03234	34	2.1166666666666667	127
barcode66	lpa5104	69	35	2026-02-02T15:34:00Z	HG02657	32	2.1166666666666667	127
barcode70	lpa5104	79	36	2026-02-02T15:34:00Z	NA18868	31	2.1166666666666667	127
barcode65	lpa5104	96	37	2026-02-02T15:34:00Z	HG01593	33	2.1166666666666667	127
barcode67	lpa5104	153	38	2026-02-02T15:34:00Z	HG02778	30	2.1166666666666667	127
barcode71	lpa5104	152	39	2026-02-02T15:34:00Z	NA19098	30	2.1166666666666667	127
barcode69	lpa5104	18	33	2026-02-02T15:36:00Z	HG03765	30	2.15	129
barcode68	lpa5104	145	34	2026-02-02T15:36:00Z	HG03234	35	2.15	129
barcode66	lpa5104	69	35	2026-02-02T15:36:00Z	HG02657	33	2.15	129
barcode70	lpa5104	79	36	2026-02-02T15:36:00Z	NA18868	32	2.15	129
barcode65	lpa5104	96	37	2026-02-02T15:36:00Z	HG01593	34	2.15	129
barcode67	lpa5104	153	38	2026-02-02T15:36:00Z	HG02778	31	2.15	129
barcode71	lpa5104	152	39	2026-02-02T15:36:00Z	NA19098	31	2.15	129
barcode72	lpa5104	30	40	2026-02-02T15:36:00Z	NA19190	23	2.15	129
barcode68	lpa5104	145	34	2026-02-02T15:46:00Z	HG03234	36	2.316666666666667	139
barcode66	lpa5104	69	35	2026-02-02T15:46:00Z	HG02657	34	2.316666666666667	139
barcode70	lpa5104	79	36	2026-02-02T15:46:00Z	NA18868	33	2.316666666666667	139
barcode65	lpa5104	96	37	2026-02-02T15:46:00Z	HG01593	35	2.316666666666667	139
barcode67	lpa5104	153	38	2026-02-02T15:46:00Z	HG02778	32	2.316666666666667	139
barcode71	lpa5104	152	39	2026-02-02T15:46:00Z	NA19098	32	2.316666666666667	139
barcode72	lpa5104	30	40	2026-02-02T15:46:00Z	NA19190	24	2.316666666666667	139
barcode69	lpa5104	38	41	2026-02-02T15:46:00Z	HG03765	31	2.316666666666667	139
barcode66	lpa5104	69	35	2026-02-02T15:49:00Z	HG02657	35	2.3666666666666667	142
barcode70	lpa5104	79	36	2026-02-02T15:49:00Z	NA18868	34	2.3666666666666667	142
barcode65	lpa5104	96	37	2026-02-02T15:49:00Z	HG01593	36	2.3666666666666667	142
barcode67	lpa5104	153	38	2026-02-02T15:49:00Z	HG02778	33	2.3666666666666667	142
barcode71	lpa5104	152	39	2026-02-02T15:49:00Z	NA19098	33	2.3666666666666667	142
barcode72	lpa5104	30	40	2026-02-02T15:49:00Z	NA19190	25	2.3666666666666667	142
barcode69	lpa5104	38	41	2026-02-02T15:49:00Z	HG03765	32	2.3666666666666667	142
barcode68	lpa5104	235	42	2026-02-02T15:49:00Z	HG03234	37	2.3666666666666667	142
barcode70	lpa5104	79	36	2026-02-02T15:58:00Z	NA18868	35	2.5166666666666666	151
barcode65	lpa5104	96	37	2026-02-02T15:58:00Z	HG01593	37	2.5166666666666666	151
barcode67	lpa5104	153	38	2026-02-02T15:58:00Z	HG02778	34	2.5166666666666666	151
barcode71	lpa5104	152	39	2026-02-02T15:58:00Z	NA19098	34	2.5166666666666666	151
barcode72	lpa5104	30	40	2026-02-02T15:58:00Z	NA19190	26	2.5166666666666666	151
barcode69	lpa5104	38	41	2026-02-02T15:58:00Z	HG03765	33	2.5166666666666666	151
barcode68	lpa5104	235	42	2026-02-02T15:58:00Z	HG03234	38	2.5166666666666666	151
barcode66	lpa5104	136	43	2026-02-02T15:58:00Z	HG02657	36	2.5166666666666666	151
barcode70	lpa5104	79	36	2026-02-02T16:02:00Z	NA18868	36	2.5833333333333335	155
barcode67	lpa5104	153	38	2026-02-02T16:02:00Z	HG02778	35	2.5833333333333335	155
barcode71	lpa5104	152	39	2026-02-02T16:02:00Z	NA19098	35	2.5833333333333335	155
barcode72	lpa5104	30	40	2026-02-02T16:02:00Z	NA19190	27	2.5833333333333335	155
barcode69	lpa5104	38	41	2026-02-02T16:02:00Z	HG03765	34	2.5833333333333335	155
barcode68	lpa5104	235	42	2026-02-02T16:02:00Z	HG03234	39	2.5833333333333335	155
barcode66	lpa5104	136	43	2026-02-02T16:02:00Z	HG02657	37	2.5833333333333335	155
barcode65	lpa5104	171	44	2026-02-02T16:02:00Z	HG01593	38	2.5833333333333335	155
barcode67	lpa5104	153	38	2026-02-02T16:03:00Z	HG02778	36	2.6	156
barcode71	lpa5104	152	39	2026-02-02T16:03:00Z	NA19098	36	2.6	156
barcode72	lpa5104	30	40	2026-02-02T16:03:00Z	NA19190	28	2.6	156
barcode69	lpa5104	38	41	2026-02-02T16:03:00Z	HG03765	35	2.6	156
barcode68	lpa5104	235	42	2026-02-02T16:03:00Z	HG03234	40	2.6	156
barcode66	lpa5104	136	43	2026-02-02T16:03:00Z	HG02657	38	2.6	156
barcode65	lpa5104	171	44	2026-02-02T16:03:00Z	HG01593	39	2.6	156
barcode70	lpa5104	149	45	2026-02-02T16:03:00Z	NA18868	37	2.6	156
barcode71	lpa5104	152	39	2026-02-02T16:08:00Z	NA19098	37	2.683333333333333	161
barcode72	lpa5104	30	40	2026-02-02T16:08:00Z	NA19190	29	2.683333333333333	161
barcode69	lpa5104	38	41	2026-02-02T16:08:00Z	HG03765	36	2.683333333333333	161
barcode68	lpa5104	235	42	2026-02-02T16:08:00Z	HG03234	41	2.683333333333333	161
barcode66	lpa5104	136	43	2026-02-02T16:08:00Z	HG02657	39	2.683333333333333	161
barcode65	lpa5104	171	44	2026-02-02T16:08:00Z	HG01593	40	2.683333333333333	161
barcode70	lpa5104	149	45	2026-02-02T16:08:00Z	NA18868	38	2.683333333333333	161
barcode67	lpa5104	281	46	2026-02-02T16:08:00Z	HG02778	37	2.683333333333333	161
barcode72	lpa5104	30	40	2026-02-02T16:09:00Z	NA19190	30	2.7	162
barcode69	lpa5104	38	41	2026-02-02T16:09:00Z	HG03765	37	2.7	162
barcode68	lpa5104	235	42	2026-02-02T16:09:00Z	HG03234	42	2.7	162
barcode66	lpa5104	136	43	2026-02-02T16:09:00Z	HG02657	40	2.7	162
barcode65	lpa5104	171	44	2026-02-02T16:09:00Z	HG01593	41	2.7	162
barcode70	lpa5104	149	45	2026-02-02T16:09:00Z	NA18868	39	2.7	162
barcode67	lpa5104	281	46	2026-02-02T16:09:00Z	HG02778	38	2.7	162
barcode71	lpa5104	272	47	2026-02-02T16:09:00Z	NA19098	38	2.7	162
barcode69	lpa5104	38	41	2026-02-02T16:11:00Z	HG03765	38	2.7333333333333334	164
barcode68	lpa5104	235	42	2026-02-02T16:11:00Z	HG03234	43	2.7333333333333334	164
barcode66	lpa5104	136	43	2026-02-02T16:11:00Z	HG02657	41	2.7333333333333334	164
barcode65	lpa5104	171	44	2026-02-02T16:11:00Z	HG01593	42	2.7333333333333334	164
barcode70	lpa5104	149	45	2026-02-02T16:11:00Z	NA18868	40	2.7333333333333334	164
barcode67	lpa5104	281	46	2026-02-02T16:11:00Z	HG02778	39	2.7333333333333334	164
barcode71	lpa5104	272	47	2026-02-02T16:11:00Z	NA19098	39	2.7333333333333334	164
barcode72	lpa5104	81	48	2026-02-02T16:11:00Z	NA19190	31	2.7333333333333334	164
barcode69	lpa5104	38	41	2026-02-02T16:18:00Z	HG03765	39	2.85	171
barcode66	lpa5104	136	43	2026-02-02T16:18:00Z	HG02657	42	2.85	171
barcode65	lpa5104	171	44	2026-02-02T16:18:00Z	HG01593	43	2.85	171
barcode70	lpa5104	149	45	2026-02-02T16:18:00Z	NA18868	41	2.85	171
barcode67	lpa5104	281	46	2026-02-02T16:18:00Z	HG02778	40	2.85	171
barcode71	lpa5104	272	47	2026-02-02T16:18:00Z	NA19098	40	2.85	171
barcode72	lpa5104	81	48	2026-02-02T16:18:00Z	NA19190	32	2.85	171
barcode68	lpa5104	367	49	2026-02-02T16:18:00Z	HG03234	44	2.85	171
barcode66	lpa5104	136	43	2026-02-02T16:24:00Z	HG02657	43	2.95	177
barcode65	lpa5104	171	44	2026-02-02T16:24:00Z	HG01593	44	2.95	177
barcode70	lpa5104	149	45	2026-02-02T16:24:00Z	NA18868	42	2.95	177
barcode67	lpa5104	281	46	2026-02-02T16:24:00Z	HG02778	41	2.95	177
barcode71	lpa5104	272	47	2026-02-02T16:24:00Z	NA19098	41	2.95	177
barcode72	lpa5104	81	48	2026-02-02T16:24:00Z	NA19190	33	2.95	177
barcode68	lpa5104	367	49	2026-02-02T16:24:00Z	HG03234	45	2.95	177
barcode69	lpa5104	85	50	2026-02-02T16:24:00Z	HG03765	40	2.95	177
barcode65	lpa5104	171	44	2026-02-02T16:30:00Z	HG01593	45	3.05	183
barcode70	lpa5104	149	45	2026-02-02T16:30:00Z	NA18868	43	3.05	183
barcode67	lpa5104	281	46	2026-02-02T16:30:00Z	HG02778	42	3.05	183
barcode71	lpa5104	272	47	2026-02-02T16:30:00Z	NA19098	42	3.05	183
barcode72	lpa5104	81	48	2026-02-02T16:30:00Z	NA19190	34	3.05	183
barcode68	lpa5104	367	49	2026-02-02T16:30:00Z	HG03234	46	3.05	183
barcode69	lpa5104	85	50	2026-02-02T16:30:00Z	HG03765	41	3.05	183
barcode66	lpa5104	245	51	2026-02-02T16:30:00Z	HG02657	44	3.05	183
barcode70	lpa5104	149	45	2026-02-02T16:31:00Z	NA18868	44	3.066666666666667	184
barcode67	lpa5104	281	46	2026-02-02T16:31:00Z	HG02778	43	3.066666666666667	184
barcode71	lpa5104	272	47	2026-02-02T16:31:00Z	NA19098	43	3.066666666666667	184
barcode72	lpa5104	81	48	2026-02-02T16:31:00Z	NA19190	35	3.066666666666667	184
barcode68	lpa5104	367	49	2026-02-02T16:31:00Z	HG03234	47	3.066666666666667	184
barcode69	lpa5104	85	50	2026-02-02T16:31:00Z	HG03765	42	3.066666666666667	184
barcode66	lpa5104	245	51	2026-02-02T16:31:00Z	HG02657	45	3.066666666666667	184
barcode65	lpa5104	284	52	2026-02-02T16:31:00Z	HG01593	46	3.066666666666667	184
barcode67	lpa5104	281	46	2026-02-02T16:36:00Z	HG02778	44	3.15	189
barcode71	lpa5104	272	47	2026-02-02T16:36:00Z	NA19098	44	3.15	189
barcode72	lpa5104	81	48	2026-02-02T16:36:00Z	NA19190	36	3.15	189
barcode68	lpa5104	367	49	2026-02-02T16:36:00Z	HG03234	48	3.15	189
barcode69	lpa5104	85	50	2026-02-02T16:36:00Z	HG03765	43	3.15	189
barcode66	lpa5104	245	51	2026-02-02T16:36:00Z	HG02657	46	3.15	189
barcode65	lpa5104	284	52	2026-02-02T16:36:00Z	HG01593	47	3.15	189
barcode70	lpa5104	281	53	2026-02-02T16:36:00Z	NA18868	45	3.15	189
barcode71	lpa5104	272	47	2026-02-02T16:42:00Z	NA19098	45	3.25	195
barcode72	lpa5104	81	48	2026-02-02T16:42:00Z	NA19190	37	3.25	195
barcode68	lpa5104	367	49	2026-02-02T16:42:00Z	HG03234	49	3.25	195
barcode69	lpa5104	85	50	2026-02-02T16:42:00Z	HG03765	44	3.25	195
barcode66	lpa5104	245	51	2026-02-02T16:42:00Z	HG02657	47	3.25	195
barcode65	lpa5104	284	52	2026-02-02T16:42:00Z	HG01593	48	3.25	195
barcode70	lpa5104	281	53	2026-02-02T16:42:00Z	NA18868	46	3.25	195
barcode67	lpa5104	413	54	2026-02-02T16:42:00Z	HG02778	45	3.25	195
barcode72	lpa5104	81	48	2026-02-02T16:44:00Z	NA19190	38	3.283333333333333	197
barcode68	lpa5104	367	49	2026-02-02T16:44:00Z	HG03234	50	3.283333333333333	197
barcode69	lpa5104	85	50	2026-02-02T16:44:00Z	HG03765	45	3.283333333333333	197
barcode66	lpa5104	245	51	2026-02-02T16:44:00Z	HG02657	48	3.283333333333333	197
barcode65	lpa5104	284	52	2026-02-02T16:44:00Z	HG01593	49	3.283333333333333	197
barcode70	lpa5104	281	53	2026-02-02T16:44:00Z	NA18868	47	3.283333333333333	197
barcode67	lpa5104	413	54	2026-02-02T16:44:00Z	HG02778	46	3.283333333333333	197
barcode71	lpa5104	425	55	2026-02-02T16:44:00Z	NA19098	46	3.283333333333333	197
barcode69	lpa5104	85	50	2026-02-02T16:46:00Z	HG03765	46	3.316666666666667	199
barcode66	lpa5104	245	51	2026-02-02T16:46:00Z	HG02657	49	3.316666666666667	199
barcode65	lpa5104	284	52	2026-02-02T16:46:00Z	HG01593	50	3.316666666666667	199
barcode70	lpa5104	281	53	2026-02-02T16:46:00Z	NA18868	48	3.316666666666667	199
barcode67	lpa5104	413	54	2026-02-02T16:46:00Z	HG02778	47	3.316666666666667	199
barcode71	lpa5104	425	55	2026-02-02T16:46:00Z	NA19098	47	3.316666666666667	199
barcode68	lpa5104	506	56	2026-02-02T16:46:00Z	HG03234	51	3.316666666666667	199
barcode72	lpa5104	169	57	2026-02-02T16:46:00Z	NA19190	39	3.316666666666667	199
barcode69	lpa5104	85	50	2026-02-02T17:01:00Z	HG03765	47	3.566666666666667	214
barcode66	lpa5104	245	51	2026-02-02T17:01:00Z	HG02657	50	3.566666666666667	214
barcode70	lpa5104	281	53	2026-02-02T17:01:00Z	NA18868	49	3.566666666666667	214
barcode67	lpa5104	413	54	2026-02-02T17:01:00Z	HG02778	48	3.566666666666667	214
barcode71	lpa5104	425	55	2026-02-02T17:01:00Z	NA19098	48	3.566666666666667	214
barcode68	lpa5104	506	56	2026-02-02T17:01:00Z	HG03234	52	3.566666666666667	214
barcode72	lpa5104	169	57	2026-02-02T17:01:00Z	NA19190	40	3.566666666666667	214
barcode65	lpa5104	429	58	2026-02-02T17:01:00Z	HG01593	51	3.566666666666667	214
barcode66	lpa5104	245	51	2026-02-02T17:02:00Z	HG02657	51	3.5833333333333335	215
barcode70	lpa5104	281	53	2026-02-02T17:02:00Z	NA18868	50	3.5833333333333335	215
barcode67	lpa5104	413	54	2026-02-02T17:02:00Z	HG02778	49	3.5833333333333335	215
barcode71	lpa5104	425	55	2026-02-02T17:02:00Z	NA19098	49	3.5833333333333335	215
barcode68	lpa5104	506	56	2026-02-02T17:02:00Z	HG03234	53	3.5833333333333335	215
barcode72	lpa5104	169	57	2026-02-02T17:02:00Z	NA19190	41	3.5833333333333335	215
barcode65	lpa5104	429	58	2026-02-02T17:02:00Z	HG01593	52	3.5833333333333335	215
barcode69	lpa5104	160	59	2026-02-02T17:02:00Z	HG03765	48	3.5833333333333335	215
barcode70	lpa5104	281	53	2026-02-02T17:04:00Z	NA18868	51	3.6166666666666667	217
barcode67	lpa5104	413	54	2026-02-02T17:04:00Z	HG02778	50	3.6166666666666667	217
barcode71	lpa5104	425	55	2026-02-02T17:04:00Z	NA19098	50	3.6166666666666667	217
barcode68	lpa5104	506	56	2026-02-02T17:04:00Z	HG03234	54	3.6166666666666667	217
barcode72	lpa5104	169	57	2026-02-02T17:04:00Z	NA19190	42	3.6166666666666667	217
barcode65	lpa5104	429	58	2026-02-02T17:04:00Z	HG01593	53	3.6166666666666667	217
barcode69	lpa5104	160	59	2026-02-02T17:04:00Z	HG03765	49	3.6166666666666667	217
barcode66	lpa5104	362	60	2026-02-02T17:04:00Z	HG02657	52	3.6166666666666667	217
barcode67	lpa5104	413	54	2026-02-02T17:10:00Z	HG02778	51	3.716666666666667	223
barcode71	lpa5104	425	55	2026-02-02T17:10:00Z	NA19098	51	3.716666666666667	223
barcode68	lpa5104	506	56	2026-02-02T17:10:00Z	HG03234	55	3.716666666666667	223
barcode72	lpa5104	169	57	2026-02-02T17:10:00Z	NA19190	43	3.716666666666667	223
barcode65	lpa5104	429	58	2026-02-02T17:10:00Z	HG01593	54	3.716666666666667	223
barcode69	lpa5104	160	59	2026-02-02T17:10:00Z	HG03765	50	3.716666666666667	223
barcode66	lpa5104	362	60	2026-02-02T17:10:00Z	HG02657	53	3.716666666666667	223
barcode70	lpa5104	388	61	2026-02-02T17:10:00Z	NA18868	52	3.716666666666667	223
barcode67	lpa5104	413	54	2026-02-02T17:14:00Z	HG02778	52	3.783333333333333	227
barcode71	lpa5104	425	55	2026-02-02T17:14:00Z	NA19098	52	3.783333333333333	227
barcode72	lpa5104	169	57	2026-02-02T17:14:00Z	NA19190	44	3.783333333333333	227
barcode65	lpa5104	429	58	2026-02-02T17:14:00Z	HG01593	55	3.783333333333333	227
barcode69	lpa5104	160	59	2026-02-02T17:14:00Z	HG03765	51	3.783333333333333	227
barcode66	lpa5104	362	60	2026-02-02T17:14:00Z	HG02657	54	3.783333333333333	227
barcode70	lpa5104	388	61	2026-02-02T17:14:00Z	NA18868	53	3.783333333333333	227
barcode68	lpa5104	635	62	2026-02-02T17:14:00Z	HG03234	56	3.783333333333333	227
barcode71	lpa5104	425	55	2026-02-02T17:17:00Z	NA19098	53	3.8333333333333335	230
barcode72	lpa5104	169	57	2026-02-02T17:17:00Z	NA19190	45	3.8333333333333335	230
barcode65	lpa5104	429	58	2026-02-02T17:17:00Z	HG01593	56	3.8333333333333335	230
barcode69	lpa5104	160	59	2026-02-02T17:17:00Z	HG03765	52	3.8333333333333335	230
barcode66	lpa5104	362	60	2026-02-02T17:17:00Z	HG02657	55	3.8333333333333335	230
barcode70	lpa5104	388	61	2026-02-02T17:17:00Z	NA18868	54	3.8333333333333335	230
barcode68	lpa5104	635	62	2026-02-02T17:17:00Z	HG03234	57	3.8333333333333335	230
barcode67	lpa5104	562	63	2026-02-02T17:17:00Z	HG02778	53	3.8333333333333335	230
barcode72	lpa5104	169	57	2026-02-02T17:20:00Z	NA19190	46	3.8833333333333333	233
barcode65	lpa5104	429	58	2026-02-02T17:20:00Z	HG01593	57	3.8833333333333333	233
barcode69	lpa5104	160	59	2026-02-02T17:20:00Z	HG03765	53	3.8833333333333333	233
barcode66	lpa5104	362	60	2026-02-02T17:20:00Z	HG02657	56	3.8833333333333333	233
barcode70	lpa5104	388	61	2026-02-02T17:20:00Z	NA18868	55	3.8833333333333333	233
barcode68	lpa5104	635	62	2026-02-02T17:20:00Z	HG03234	58	3.8833333333333333	233
barcode67	lpa5104	562	63	2026-02-02T17:20:00Z	HG02778	54	3.8833333333333333	233
barcode71	lpa5104	567	64	2026-02-02T17:20:00Z	NA19098	54	3.8833333333333333	233
barcode65	lpa5104	429	58	2026-02-02T17:23:00Z	HG01593	58	3.933333333333333	236
barcode69	lpa5104	160	59	2026-02-02T17:23:00Z	HG03765	54	3.933333333333333	236
barcode66	lpa5104	362	60	2026-02-02T17:23:00Z	HG02657	57	3.933333333333333	236
barcode70	lpa5104	388	61	2026-02-02T17:23:00Z	NA18868	56	3.933333333333333	236
barcode68	lpa5104	635	62	2026-02-02T17:23:00Z	HG03234	59	3.933333333333333	236
barcode67	lpa5104	562	63	2026-02-02T17:23:00Z	HG02778	55	3.933333333333333	236
barcode71	lpa5104	567	64	2026-02-02T17:23:00Z	NA19098	55	3.933333333333333	236
barcode72	lpa5104	264	65	2026-02-02T17:23:00Z	NA19190	47	3.933333333333333	236
barcode69	lpa5104	160	59	2026-02-02T17:35:00Z	HG03765	55	4.133333333333334	248
barcode66	lpa5104	362	60	2026-02-02T17:35:00Z	HG02657	58	4.133333333333334	248
barcode70	lpa5104	388	61	2026-02-02T17:35:00Z	NA18868	57	4.133333333333334	248
barcode68	lpa5104	635	62	2026-02-02T17:35:00Z	HG03234	60	4.133333333333334	248
barcode67	lpa5104	562	63	2026-02-02T17:35:00Z	HG02778	56	4.133333333333334	248
barcode71	lpa5104	567	64	2026-02-02T17:35:00Z	NA19098	56	4.133333333333334	248
barcode72	lpa5104	264	65	2026-02-02T17:35:00Z	NA19190	48	4.133333333333334	248
barcode65	lpa5104	571	66	2026-02-02T17:35:00Z	HG01593	59	4.133333333333334	248
barcode69	lpa5104	160	59	2026-02-02T17:41:00Z	HG03765	56	4.233333333333333	254
barcode70	lpa5104	388	61	2026-02-02T17:41:00Z	NA18868	58	4.233333333333333	254
barcode68	lpa5104	635	62	2026-02-02T17:41:00Z	HG03234	61	4.233333333333333	254
barcode67	lpa5104	562	63	2026-02-02T17:41:00Z	HG02778	57	4.233333333333333	254
barcode71	lpa5104	567	64	2026-02-02T17:41:00Z	NA19098	57	4.233333333333333	254
barcode72	lpa5104	264	65	2026-02-02T17:41:00Z	NA19190	49	4.233333333333333	254
barcode65	lpa5104	571	66	2026-02-02T17:41:00Z	HG01593	60	4.233333333333333	254
barcode66	lpa5104	509	67	2026-02-02T17:41:00Z	HG02657	59	4.233333333333333	254
barcode70	lpa5104	388	61	2026-02-02T17:44:00Z	NA18868	59	4.283333333333333	257
barcode68	lpa5104	635	62	2026-02-02T17:44:00Z	HG03234	62	4.283333333333333	257
barcode67	lpa5104	562	63	2026-02-02T17:44:00Z	HG02778	58	4.283333333333333	257
barcode71	lpa5104	567	64	2026-02-02T17:44:00Z	NA19098	58	4.283333333333333	257
barcode72	lpa5104	264	65	2026-02-02T17:44:00Z	NA19190	50	4.283333333333333	257
barcode65	lpa5104	571	66	2026-02-02T17:44:00Z	HG01593	61	4.283333333333333	257
barcode66	lpa5104	509	67	2026-02-02T17:44:00Z	HG02657	60	4.283333333333333	257
barcode69	lpa5104	242	68	2026-02-02T17:44:00Z	HG03765	57	4.283333333333333	257
barcode70	lpa5104	388	61	2026-02-02T17:47:00Z	NA18868	60	4.333333333333333	260
barcode67	lpa5104	562	63	2026-02-02T17:47:00Z	HG02778	59	4.333333333333333	260
barcode71	lpa5104	567	64	2026-02-02T17:47:00Z	NA19098	59	4.333333333333333	260
barcode72	lpa5104	264	65	2026-02-02T17:47:00Z	NA19190	51	4.333333333333333	260
barcode65	lpa5104	571	66	2026-02-02T17:47:00Z	HG01593	62	4.333333333333333	260
barcode66	lpa5104	509	67	2026-02-02T17:47:00Z	HG02657	61	4.333333333333333	260
barcode69	lpa5104	242	68	2026-02-02T17:47:00Z	HG03765	58	4.333333333333333	260
barcode68	lpa5104	810	69	2026-02-02T17:47:00Z	HG03234	63	4.333333333333333	260
barcode67	lpa5104	562	63	2026-02-02T17:48:00Z	HG02778	60	4.35	261
barcode71	lpa5104	567	64	2026-02-02T17:48:00Z	NA19098	60	4.35	261
barcode72	lpa5104	264	65	2026-02-02T17:48:00Z	NA19190	52	4.35	261
barcode65	lpa5104	571	66	2026-02-02T17:48:00Z	HG01593	63	4.35	261
barcode66	lpa5104	509	67	2026-02-02T17:48:00Z	HG02657	62	4.35	261
barcode69	lpa5104	242	68	2026-02-02T17:48:00Z	HG03765	59	4.35	261
barcode68	lpa5104	810	69	2026-02-02T17:48:00Z	HG03234	64	4.35	261
barcode70	lpa5104	528	70	2026-02-02T17:48:00Z	NA18868	61	4.35	261
barcode71	lpa5104	567	64	2026-02-02T17:57:00Z	NA19098	61	4.5	270
barcode72	lpa5104	264	65	2026-02-02T17:57:00Z	NA19190	53	4.5	270
barcode65	lpa5104	571	66	2026-02-02T17:57:00Z	HG01593	64	4.5	270
barcode66	lpa5104	509	67	2026-02-02T17:57:00Z	HG02657	63	4.5	270
barcode69	lpa5104	242	68	2026-02-02T17:57:00Z	HG03765	60	4.5	270
barcode68	lpa5104	810	69	2026-02-02T17:57:00Z	HG03234	65	4.5	270
barcode70	lpa5104	528	70	2026-02-02T17:57:00Z	NA18868	62	4.5	270
barcode67	lpa5104	723	71	2026-02-02T17:57:00Z	HG02778	61	4.5	270
barcode72	lpa5104	264	65	2026-02-02T18:00:00Z	NA19190	54	4.55	273
barcode65	lpa5104	571	66	2026-02-02T18:00:00Z	HG01593	65	4.55	273
barcode66	lpa5104	509	67	2026-02-02T18:00:00Z	HG02657	64	4.55	273
barcode69	lpa5104	242	68	2026-02-02T18:00:00Z	HG03765	61	4.55	273
barcode68	lpa5104	810	69	2026-02-02T18:00:00Z	HG03234	66	4.55	273
barcode70	lpa5104	528	70	2026-02-02T18:00:00Z	NA18868	63	4.55	273
barcode67	lpa5104	723	71	2026-02-02T18:00:00Z	HG02778	62	4.55	273
barcode71	lpa5104	717	72	2026-02-02T18:00:00Z	NA19098	62	4.55	273
barcode65	lpa5104	571	66	2026-02-02T18:03:00Z	HG01593	66	4.6	276
barcode66	lpa5104	509	67	2026-02-02T18:03:00Z	HG02657	65	4.6	276
barcode69	lpa5104	242	68	2026-02-02T18:03:00Z	HG03765	62	4.6	276
barcode68	lpa5104	810	69	2026-02-02T18:03:00Z	HG03234	67	4.6	276
barcode70	lpa5104	528	70	2026-02-02T18:03:00Z	NA18868	64	4.6	276
barcode67	lpa5104	723	71	2026-02-02T18:03:00Z	HG02778	63	4.6	276
barcode71	lpa5104	717	72	2026-02-02T18:03:00Z	NA19098	63	4.6	276
barcode72	lpa5104	429	73	2026-02-02T18:03:00Z	NA19190	55	4.6	276
barcode66	lpa5104	509	67	2026-02-02T18:08:00Z	HG02657	66	4.683333333333334	281
barcode69	lpa5104	242	68	2026-02-02T18:08:00Z	HG03765	63	4.683333333333334	281
barcode68	lpa5104	810	69	2026-02-02T18:08:00Z	HG03234	68	4.683333333333334	281
barcode70	lpa5104	528	70	2026-02-02T18:08:00Z	NA18868	65	4.683333333333334	281
barcode67	lpa5104	723	71	2026-02-02T18:08:00Z	HG02778	64	4.683333333333334	281
barcode71	lpa5104	717	72	2026-02-02T18:08:00Z	NA19098	64	4.683333333333334	281
barcode72	lpa5104	429	73	2026-02-02T18:08:00Z	NA19190	56	4.683333333333334	281
barcode65	lpa5104	751	74	2026-02-02T18:08:00Z	HG01593	67	4.683333333333334	281
barcode69	lpa5104	242	68	2026-02-02T18:18:00Z	HG03765	64	4.85	291
barcode70	lpa5104	528	70	2026-02-02T18:18:00Z	NA18868	66	4.85	291
barcode67	lpa5104	723	71	2026-02-02T18:18:00Z	HG02778	65	4.85	291
barcode71	lpa5104	717	72	2026-02-02T18:18:00Z	NA19098	65	4.85	291
barcode72	lpa5104	429	73	2026-02-02T18:18:00Z	NA19190	57	4.85	291
barcode65	lpa5104	751	74	2026-02-02T18:18:00Z	HG01593	68	4.85	291
barcode68	lpa5104	979	75	2026-02-02T18:18:00Z	HG03234	69	4.85	291
barcode66	lpa5104	649	76	2026-02-02T18:18:00Z	HG02657	67	4.85	291
barcode70	lpa5104	528	70	2026-02-02T18:25:00Z	NA18868	67	4.966666666666667	298
barcode67	lpa5104	723	71	2026-02-02T18:25:00Z	HG02778	66	4.966666666666667	298
barcode71	lpa5104	717	72	2026-02-02T18:25:00Z	NA19098	66	4.966666666666667	298
barcode72	lpa5104	429	73	2026-02-02T18:25:00Z	NA19190	58	4.966666666666667	298
barcode65	lpa5104	751	74	2026-02-02T18:25:00Z	HG01593	69	4.966666666666667	298
barcode68	lpa5104	979	75	2026-02-02T18:25:00Z	HG03234	70	4.966666666666667	298
barcode66	lpa5104	649	76	2026-02-02T18:25:00Z	HG02657	68	4.966666666666667	298
barcode69	lpa5104	367	77	2026-02-02T18:25:00Z	HG03765	65	4.966666666666667	298
barcode67	lpa5104	723	71	2026-02-02T18:26:00Z	HG02778	67	4.983333333333333	299
barcode71	lpa5104	717	72	2026-02-02T18:26:00Z	NA19098	67	4.983333333333333	299
barcode72	lpa5104	429	73	2026-02-02T18:26:00Z	NA19190	59	4.983333333333333	299
barcode65	lpa5104	751	74	2026-02-02T18:26:00Z	HG01593	70	4.983333333333333	299
barcode68	lpa5104	979	75	2026-02-02T18:26:00Z	HG03234	71	4.983333333333333	299
barcode66	lpa5104	649	76	2026-02-02T18:26:00Z	HG02657	69	4.983333333333333	299
barcode69	lpa5104	367	77	2026-02-02T18:26:00Z	HG03765	66	4.983333333333333	299
barcode70	lpa5104	694	78	2026-02-02T18:26:00Z	NA18868	68	4.983333333333333	299
barcode71	lpa5104	717	72	2026-02-02T18:34:00Z	NA19098	68	5.116666666666666	307
barcode72	lpa5104	429	73	2026-02-02T18:34:00Z	NA19190	60	5.116666666666666	307
barcode65	lpa5104	751	74	2026-02-02T18:34:00Z	HG01593	71	5.116666666666666	307
barcode68	lpa5104	979	75	2026-02-02T18:34:00Z	HG03234	72	5.116666666666666	307
barcode66	lpa5104	649	76	2026-02-02T18:34:00Z	HG02657	70	5.116666666666666	307
barcode69	lpa5104	367	77	2026-02-02T18:34:00Z	HG03765	67	5.116666666666666	307
barcode70	lpa5104	694	78	2026-02-02T18:34:00Z	NA18868	69	5.116666666666666	307
barcode67	lpa5104	882	79	2026-02-02T18:34:00Z	HG02778	68	5.116666666666666	307
barcode72	lpa5104	429	73	2026-02-02T18:39:00Z	NA19190	61	5.2	312
barcode65	lpa5104	751	74	2026-02-02T18:39:00Z	HG01593	72	5.2	312
barcode68	lpa5104	979	75	2026-02-02T18:39:00Z	HG03234	73	5.2	312
barcode66	lpa5104	649	76	2026-02-02T18:39:00Z	HG02657	71	5.2	312
barcode69	lpa5104	367	77	2026-02-02T18:39:00Z	HG03765	68	5.2	312
barcode70	lpa5104	694	78	2026-02-02T18:39:00Z	NA18868	70	5.2	312
barcode67	lpa5104	882	79	2026-02-02T18:39:00Z	HG02778	69	5.2	312
barcode71	lpa5104	876	80	2026-02-02T18:39:00Z	NA19098	69	5.2	312
barcode72	lpa5104	429	73	2026-02-02T18:41:00Z	NA19190	62	5.233333333333333	314
barcode68	lpa5104	979	75	2026-02-02T18:41:00Z	HG03234	74	5.233333333333333	314
barcode66	lpa5104	649	76	2026-02-02T18:41:00Z	HG02657	72	5.233333333333333	314
barcode69	lpa5104	367	77	2026-02-02T18:41:00Z	HG03765	69	5.233333333333333	314
barcode70	lpa5104	694	78	2026-02-02T18:41:00Z	NA18868	71	5.233333333333333	314
barcode67	lpa5104	882	79	2026-02-02T18:41:00Z	HG02778	70	5.233333333333333	314
barcode71	lpa5104	876	80	2026-02-02T18:41:00Z	NA19098	70	5.233333333333333	314
barcode65	lpa5104	932	81	2026-02-02T18:41:00Z	HG01593	73	5.233333333333333	314
barcode68	lpa5104	979	75	2026-02-02T18:42:00Z	HG03234	75	5.25	315
barcode66	lpa5104	649	76	2026-02-02T18:42:00Z	HG02657	73	5.25	315
barcode69	lpa5104	367	77	2026-02-02T18:42:00Z	HG03765	70	5.25	315
barcode70	lpa5104	694	78	2026-02-02T18:42:00Z	NA18868	72	5.25	315
barcode67	lpa5104	882	79	2026-02-02T18:42:00Z	HG02778	71	5.25	315
barcode71	lpa5104	876	80	2026-02-02T18:42:00Z	NA19098	71	5.25	315
barcode65	lpa5104	932	81	2026-02-02T18:42:00Z	HG01593	74	5.25	315
barcode72	lpa5104	574	82	2026-02-02T18:42:00Z	NA19190	63	5.25	315
barcode66	lpa5104	649	76	2026-02-02T18:50:00Z	HG02657	74	5.383333333333334	323
barcode69	lpa5104	367	77	2026-02-02T18:50:00Z	HG03765	71	5.383333333333334	323
barcode70	lpa5104	694	78	2026-02-02T18:50:00Z	NA18868	73	5.383333333333334	323
barcode67	lpa5104	882	79	2026-02-02T18:50:00Z	HG02778	72	5.383333333333334	323
barcode71	lpa5104	876	80	2026-02-02T18:50:00Z	NA19098	72	5.383333333333334	323
barcode65	lpa5104	932	81	2026-02-02T18:50:00Z	HG01593	75	5.383333333333334	323
barcode72	lpa5104	574	82	2026-02-02T18:50:00Z	NA19190	64	5.383333333333334	323
barcode68	lpa5104	1101	83	2026-02-02T18:50:00Z	HG03234	76	5.383333333333334	323
barcode69	lpa5104	367	77	2026-02-02T18:56:00Z	HG03765	72	5.483333333333333	329
barcode70	lpa5104	694	78	2026-02-02T18:56:00Z	NA18868	74	5.483333333333333	329
barcode67	lpa5104	882	79	2026-02-02T18:56:00Z	HG02778	73	5.483333333333333	329
barcode71	lpa5104	876	80	2026-02-02T18:56:00Z	NA19098	73	5.483333333333333	329
barcode65	lpa5104	932	81	2026-02-02T18:56:00Z	HG01593	76	5.483333333333333	329
barcode72	lpa5104	574	82	2026-02-02T18:56:00Z	NA19190	65	5.483333333333333	329
barcode68	lpa5104	1101	83	2026-02-02T18:56:00Z	HG03234	77	5.483333333333333	329
barcode66	lpa5104	806	84	2026-02-02T18:56:00Z	HG02657	75	5.483333333333333	329
barcode69	lpa5104	367	77	2026-02-02T19:07:00Z	HG03765	73	5.666666666666667	340
barcode67	lpa5104	882	79	2026-02-02T19:07:00Z	HG02778	74	5.666666666666667	340
barcode71	lpa5104	876	80	2026-02-02T19:07:00Z	NA19098	74	5.666666666666667	340
barcode65	lpa5104	932	81	2026-02-02T19:07:00Z	HG01593	77	5.666666666666667	340
barcode72	lpa5104	574	82	2026-02-02T19:07:00Z	NA19190	66	5.666666666666667	340
barcode68	lpa5104	1101	83	2026-02-02T19:07:00Z	HG03234	78	5.666666666666667	340
barcode66	lpa5104	806	84	2026-02-02T19:07:00Z	HG02657	76	5.666666666666667	340
barcode70	lpa5104	878	85	2026-02-02T19:07:00Z	NA18868	75	5.666666666666667	340
barcode67	lpa5104	882	79	2026-02-02T19:10:00Z	HG02778	75	5.716666666666667	343
barcode71	lpa5104	876	80	2026-02-02T19:10:00Z	NA19098	75	5.716666666666667	343
barcode65	lpa5104	932	81	2026-02-02T19:10:00Z	HG01593	78	5.716666666666667	343
barcode72	lpa5104	574	82	2026-02-02T19:10:00Z	NA19190	67	5.716666666666667	343
barcode68	lpa5104	1101	83	2026-02-02T19:10:00Z	HG03234	79	5.716666666666667	343
barcode66	lpa5104	806	84	2026-02-02T19:10:00Z	HG02657	77	5.716666666666667	343
barcode70	lpa5104	878	85	2026-02-02T19:10:00Z	NA18868	76	5.716666666666667	343
barcode69	lpa5104	498	86	2026-02-02T19:10:00Z	HG03765	74	5.716666666666667	343
barcode71	lpa5104	876	80	2026-02-02T19:16:00Z	NA19098	76	5.816666666666666	349
barcode65	lpa5104	932	81	2026-02-02T19:16:00Z	HG01593	79	5.816666666666666	349
barcode72	lpa5104	574	82	2026-02-02T19:16:00Z	NA19190	68	5.816666666666666	349
barcode68	lpa5104	1101	83	2026-02-02T19:16:00Z	HG03234	80	5.816666666666666	349
barcode66	lpa5104	806	84	2026-02-02T19:16:00Z	HG02657	78	5.816666666666666	349
barcode70	lpa5104	878	85	2026-02-02T19:16:00Z	NA18868	77	5.816666666666666	349
barcode69	lpa5104	498	86	2026-02-02T19:16:00Z	HG03765	75	5.816666666666666	349
barcode67	lpa5104	1013	87	2026-02-02T19:16:00Z	HG02778	76	5.816666666666666	349
barcode71	lpa5104	876	80	2026-02-02T19:18:00Z	NA19098	77	5.85	351
barcode72	lpa5104	574	82	2026-02-02T19:18:00Z	NA19190	69	5.85	351
barcode68	lpa5104	1101	83	2026-02-02T19:18:00Z	HG03234	81	5.85	351
barcode66	lpa5104	806	84	2026-02-02T19:18:00Z	HG02657	79	5.85	351
barcode70	lpa5104	878	85	2026-02-02T19:18:00Z	NA18868	78	5.85	351
barcode69	lpa5104	498	86	2026-02-02T19:18:00Z	HG03765	76	5.85	351
barcode67	lpa5104	1013	87	2026-02-02T19:18:00Z	HG02778	77	5.85	351
barcode65	lpa5104	1094	88	2026-02-02T19:18:00Z	HG01593	80	5.85	351
barcode72	lpa5104	574	82	2026-02-02T19:21:00Z	NA19190	70	5.9	354
barcode68	lpa5104	1101	83	2026-02-02T19:21:00Z	HG03234	82	5.9	354
barcode66	lpa5104	806	84	2026-02-02T19:21:00Z	HG02657	80	5.9	354
barcode70	lpa5104	878	85	2026-02-02T19:21:00Z	NA18868	79	5.9	354
barcode69	lpa5104	498	86	2026-02-02T19:21:00Z	HG03765	77	5.9	354
barcode67	lpa5104	1013	87	2026-02-02T19:21:00Z	HG02778	78	5.9	354
barcode65	lpa5104	1094	88	2026-02-02T19:21:00Z	HG01593	81	5.9	354
barcode71	lpa5104	998	89	2026-02-02T19:21:00Z	NA19098	78	5.9	354
barcode66	lpa5104	806	84	2026-02-02T19:24:00Z	HG02657	81	5.95	357
barcode70	lpa5104	878	85	2026-02-02T19:24:00Z	NA18868	80	5.95	357
barcode69	lpa5104	498	86	2026-02-02T19:24:00Z	HG03765	78	5.95	357
barcode67	lpa5104	1013	87	2026-02-02T19:24:00Z	HG02778	79	5.95	357
barcode65	lpa5104	1094	88	2026-02-02T19:24:00Z	HG01593	82	5.95	357
barcode71	lpa5104	998	89	2026-02-02T19:24:00Z	NA19098	79	5.95	357
barcode72	lpa5104	742	90	2026-02-02T19:24:00Z	NA19190	71	5.95	357
barcode68	lpa5104	1222	91	2026-02-02T19:24:00Z	HG03234	83	5.95	357
barcode70	lpa5104	878	85	2026-02-02T19:36:00Z	NA18868	81	6.15	369
barcode69	lpa5104	498	86	2026-02-02T19:36:00Z	HG03765	79	6.15	369
barcode67	lpa5104	1013	87	2026-02-02T19:36:00Z	HG02778	80	6.15	369
barcode65	lpa5104	1094	88	2026-02-02T19:36:00Z	HG01593	83	6.15	369
barcode71	lpa5104	998	89	2026-02-02T19:36:00Z	NA19098	80	6.15	369
barcode72	lpa5104	742	90	2026-02-02T19:36:00Z	NA19190	72	6.15	369
barcode68	lpa5104	1222	91	2026-02-02T19:36:00Z	HG03234	84	6.15	369
barcode66	lpa5104	934	92	2026-02-02T19:36:00Z	HG02657	82	6.15	369
barcode69	lpa5104	498	86	2026-02-02T19:44:00Z	HG03765	80	6.283333333333333	377
barcode67	lpa5104	1013	87	2026-02-02T19:44:00Z	HG02778	81	6.283333333333333	377
barcode65	lpa5104	1094	88	2026-02-02T19:44:00Z	HG01593	84	6.283333333333333	377
barcode71	lpa5104	998	89	2026-02-02T19:44:00Z	NA19098	81	6.283333333333333	377
barcode72	lpa5104	742	90	2026-02-02T19:44:00Z	NA19190	73	6.283333333333333	377
barcode68	lpa5104	1222	91	2026-02-02T19:44:00Z	HG03234	85	6.283333333333333	377
barcode66	lpa5104	934	92	2026-02-02T19:44:00Z	HG02657	83	6.283333333333333	377
barcode70	lpa5104	1060	93	2026-02-02T19:44:00Z	NA18868	82	6.283333333333333	377
barcode69	lpa5104	498	86	2026-02-02T19:51:00Z	HG03765	81	6.4	384
barcode67	lpa5104	1013	87	2026-02-02T19:51:00Z	HG02778	82	6.4	384
barcode71	lpa5104	998	89	2026-02-02T19:51:00Z	NA19098	82	6.4	384
barcode72	lpa5104	742	90	2026-02-02T19:51:00Z	NA19190	74	6.4	384
barcode68	lpa5104	1222	91	2026-02-02T19:51:00Z	HG03234	86	6.4	384
barcode66	lpa5104	934	92	2026-02-02T19:51:00Z	HG02657	84	6.4	384
barcode70	lpa5104	1060	93	2026-02-02T19:51:00Z	NA18868	83	6.4	384
barcode65	lpa5104	1245	94	2026-02-02T19:51:00Z	HG01593	85	6.4	384
barcode67	lpa5104	1013	87	2026-02-02T19:52:00Z	HG02778	83	6.416666666666667	385
barcode71	lpa5104	998	89	2026-02-02T19:52:00Z	NA19098	83	6.416666666666667	385
barcode72	lpa5104	742	90	2026-02-02T19:52:00Z	NA19190	75	6.416666666666667	385
barcode68	lpa5104	1222	91	2026-02-02T19:52:00Z	HG03234	87	6.416666666666667	385
barcode66	lpa5104	934	92	2026-02-02T19:52:00Z	HG02657	85	6.416666666666667	385
barcode70	lpa5104	1060	93	2026-02-02T19:52:00Z	NA18868	84	6.416666666666667	385
barcode65	lpa5104	1245	94	2026-02-02T19:52:00Z	HG01593	86	6.416666666666667	385
barcode69	lpa5104	672	95	2026-02-02T19:52:00Z	HG03765	82	6.416666666666667	385
barcode71	lpa5104	998	89	2026-02-02T19:55:00Z	NA19098	84	6.466666666666667	388
barcode72	lpa5104	742	90	2026-02-02T19:55:00Z	NA19190	76	6.466666666666667	388
barcode68	lpa5104	1222	91	2026-02-02T19:55:00Z	HG03234	88	6.466666666666667	388
barcode66	lpa5104	934	92	2026-02-02T19:55:00Z	HG02657	86	6.466666666666667	388
barcode70	lpa5104	1060	93	2026-02-02T19:55:00Z	NA18868	85	6.466666666666667	388
barcode65	lpa5104	1245	94	2026-02-02T19:55:00Z	HG01593	87	6.466666666666667	388
barcode69	lpa5104	672	95	2026-02-02T19:55:00Z	HG03765	83	6.466666666666667	388
barcode67	lpa5104	1117	96	2026-02-02T19:55:00Z	HG02778	84	6.466666666666667	388
barcode71	lpa5104	998	89	2026-02-02T19:56:00Z	NA19098	85	6.483333333333333	389
barcode72	lpa5104	742	90	2026-02-02T19:56:00Z	NA19190	77	6.483333333333333	389
barcode66	lpa5104	934	92	2026-02-02T19:56:00Z	HG02657	87	6.483333333333333	389
barcode70	lpa5104	1060	93	2026-02-02T19:56:00Z	NA18868	86	6.483333333333333	389
barcode65	lpa5104	1245	94	2026-02-02T19:56:00Z	HG01593	88	6.483333333333333	389
barcode69	lpa5104	672	95	2026-02-02T19:56:00Z	HG03765	84	6.483333333333333	389
barcode67	lpa5104	1117	96	2026-02-02T19:56:00Z	HG02778	85	6.483333333333333	389
barcode68	lpa5104	1330	97	2026-02-02T19:56:00Z	HG03234	89	6.483333333333333	389
barcode72	lpa5104	742	90	2026-02-02T20:01:00Z	NA19190	78	6.566666666666666	394
barcode66	lpa5104	934	92	2026-02-02T20:01:00Z	HG02657	88	6.566666666666666	394
barcode70	lpa5104	1060	93	2026-02-02T20:01:00Z	NA18868	87	6.566666666666666	394
barcode65	lpa5104	1245	94	2026-02-02T20:01:00Z	HG01593	89	6.566666666666666	394
barcode69	lpa5104	672	95	2026-02-02T20:01:00Z	HG03765	85	6.566666666666666	394
barcode67	lpa5104	1117	96	2026-02-02T20:01:00Z	HG02778	86	6.566666666666666	394
barcode68	lpa5104	1330	97	2026-02-02T20:01:00Z	HG03234	90	6.566666666666666	394
barcode71	lpa5104	1115	98	2026-02-02T20:01:00Z	NA19098	86	6.566666666666666	394
barcode66	lpa5104	934	92	2026-02-02T20:04:00Z	HG02657	89	6.616666666666666	397
barcode70	lpa5104	1060	93	2026-02-02T20:04:00Z	NA18868	88	6.616666666666666	397
barcode65	lpa5104	1245	94	2026-02-02T20:04:00Z	HG01593	90	6.616666666666666	397
barcode69	lpa5104	672	95	2026-02-02T20:04:00Z	HG03765	86	6.616666666666666	397
barcode67	lpa5104	1117	96	2026-02-02T20:04:00Z	HG02778	87	6.616666666666666	397
barcode68	lpa5104	1330	97	2026-02-02T20:04:00Z	HG03234	91	6.616666666666666	397
barcode71	lpa5104	1115	98	2026-02-02T20:04:00Z	NA19098	87	6.616666666666666	397
barcode72	lpa5104	901	99	2026-02-02T20:04:00Z	NA19190	79	6.616666666666666	397
barcode70	lpa5104	1060	93	2026-02-02T20:14:00Z	NA18868	89	6.783333333333333	407
barcode65	lpa5104	1245	94	2026-02-02T20:14:00Z	HG01593	91	6.783333333333333	407
barcode69	lpa5104	672	95	2026-02-02T20:14:00Z	HG03765	87	6.783333333333333	407
barcode67	lpa5104	1117	96	2026-02-02T20:14:00Z	HG02778	88	6.783333333333333	407
barcode68	lpa5104	1330	97	2026-02-02T20:14:00Z	HG03234	92	6.783333333333333	407
barcode71	lpa5104	1115	98	2026-02-02T20:14:00Z	NA19098	88	6.783333333333333	407
barcode72	lpa5104	901	99	2026-02-02T20:14:00Z	NA19190	80	6.783333333333333	407
barcode66	lpa5104	1046	100	2026-02-02T20:14:00Z	HG02657	90	6.783333333333333	407
barcode65	lpa5104	1245	94	2026-02-02T20:21:00Z	HG01593	92	6.9	414
barcode69	lpa5104	672	95	2026-02-02T20:21:00Z	HG03765	88	6.9	414
barcode67	lpa5104	1117	96	2026-02-02T20:21:00Z	HG02778	89	6.9	414
barcode68	lpa5104	1330	97	2026-02-02T20:21:00Z	HG03234	93	6.9	414
barcode71	lpa5104	1115	98	2026-02-02T20:21:00Z	NA19098	89	6.9	414
barcode72	lpa5104	901	99	2026-02-02T20:21:00Z	NA19190	81	6.9	414
barcode66	lpa5104	1046	100	2026-02-02T20:21:00Z	HG02657	91	6.9	414
barcode70	lpa5104	1208	101	2026-02-02T20:21:00Z	NA18868	90	6.9	414
barcode69	lpa5104	672	95	2026-02-02T20:25:00Z	HG03765	89	6.966666666666667	418
barcode67	lpa5104	1117	96	2026-02-02T20:25:00Z	HG02778	90	6.966666666666667	418
barcode68	lpa5104	1330	97	2026-02-02T20:25:00Z	HG03234	94	6.966666666666667	418
barcode71	lpa5104	1115	98	2026-02-02T20:25:00Z	NA19098	90	6.966666666666667	418
barcode72	lpa5104	901	99	2026-02-02T20:25:00Z	NA19190	82	6.966666666666667	418
barcode66	lpa5104	1046	100	2026-02-02T20:25:00Z	HG02657	92	6.966666666666667	418
barcode70	lpa5104	1208	101	2026-02-02T20:25:00Z	NA18868	91	6.966666666666667	418
barcode65	lpa5104	1357	102	2026-02-02T20:25:00Z	HG01593	93	6.966666666666667	418
barcode69	lpa5104	672	95	2026-02-02T20:27:00Z	HG03765	90	7	420
barcode67	lpa5104	1117	96	2026-02-02T20:27:00Z	HG02778	91	7	420
barcode71	lpa5104	1115	98	2026-02-02T20:27:00Z	NA19098	91	7	420
barcode72	lpa5104	901	99	2026-02-02T20:27:00Z	NA19190	83	7	420
barcode66	lpa5104	1046	100	2026-02-02T20:27:00Z	HG02657	93	7	420
barcode70	lpa5104	1208	101	2026-02-02T20:27:00Z	NA18868	92	7	420
barcode65	lpa5104	1357	102	2026-02-02T20:27:00Z	HG01593	94	7	420
barcode68	lpa5104	1450	103	2026-02-02T20:27:00Z	HG03234	95	7	420
barcode71	lpa5104	1115	98	2026-02-02T20:37:00Z	NA19098	92	7.166666666666667	430
barcode72	lpa5104	901	99	2026-02-02T20:37:00Z	NA19190	84	7.166666666666667	430
barcode66	lpa5104	1046	100	2026-02-02T20:37:00Z	HG02657	94	7.166666666666667	430
barcode70	lpa5104	1208	101	2026-02-02T20:37:00Z	NA18868	93	7.166666666666667	430
barcode65	lpa5104	1357	102	2026-02-02T20:37:00Z	HG01593	95	7.166666666666667	430
barcode68	lpa5104	1450	103	2026-02-02T20:37:00Z	HG03234	96	7.166666666666667	430
barcode69	lpa5104	818	104	2026-02-02T20:37:00Z	HG03765	91	7.166666666666667	430
barcode67	lpa5104	1222	105	2026-02-02T20:37:00Z	HG02778	92	7.166666666666667	430
barcode72	lpa5104	901	99	2026-02-02T20:44:00Z	NA19190	85	7.283333333333333	437
barcode66	lpa5104	1046	100	2026-02-02T20:44:00Z	HG02657	95	7.283333333333333	437
barcode70	lpa5104	1208	101	2026-02-02T20:44:00Z	NA18868	94	7.283333333333333	437
barcode65	lpa5104	1357	102	2026-02-02T20:44:00Z	HG01593	96	7.283333333333333	437
barcode68	lpa5104	1450	103	2026-02-02T20:44:00Z	HG03234	97	7.283333333333333	437
barcode69	lpa5104	818	104	2026-02-02T20:44:00Z	HG03765	92	7.283333333333333	437
barcode67	lpa5104	1222	105	2026-02-02T20:44:00Z	HG02778	93	7.283333333333333	437
barcode71	lpa5104	1221	106	2026-02-02T20:44:00Z	NA19098	93	7.283333333333333	437
barcode66	lpa5104	1046	100	2026-02-02T20:47:00Z	HG02657	96	7.333333333333333	440
barcode70	lpa5104	1208	101	2026-02-02T20:47:00Z	NA18868	95	7.333333333333333	440
barcode65	lpa5104	1357	102	2026-02-02T20:47:00Z	HG01593	97	7.333333333333333	440
barcode68	lpa5104	1450	103	2026-02-02T20:47:00Z	HG03234	98	7.333333333333333	440
barcode69	lpa5104	818	104	2026-02-02T20:47:00Z	HG03765	93	7.333333333333333	440
barcode67	lpa5104	1222	105	2026-02-02T20:47:00Z	HG02778	94	7.333333333333333	440
barcode71	lpa5104	1221	106	2026-02-02T20:47:00Z	NA19098	94	7.333333333333333	440
barcode72	lpa5104	1072	107	2026-02-02T20:47:00Z	NA19190	86	7.333333333333333	440
barcode70	lpa5104	1208	101	2026-02-02T20:55:00Z	NA18868	96	7.466666666666667	448
barcode65	lpa5104	1357	102	2026-02-02T20:55:00Z	HG01593	98	7.466666666666667	448
barcode68	lpa5104	1450	103	2026-02-02T20:55:00Z	HG03234	99	7.466666666666667	448
barcode69	lpa5104	818	104	2026-02-02T20:55:00Z	HG03765	94	7.466666666666667	448
barcode67	lpa5104	1222	105	2026-02-02T20:55:00Z	HG02778	95	7.466666666666667	448
barcode71	lpa5104	1221	106	2026-02-02T20:55:00Z	NA19098	95	7.466666666666667	448
barcode72	lpa5104	1072	107	2026-02-02T20:55:00Z	NA19190	87	7.466666666666667	448
barcode66	lpa5104	1143	108	2026-02-02T20:55:00Z	HG02657	97	7.466666666666667	448
barcode69	lpa5104	818	104	2026-02-02T21:03:00Z	HG03765	95	7.6	456
barcode67	lpa5104	1222	105	2026-02-02T21:03:00Z	HG02778	96	7.6	456
barcode71	lpa5104	1221	106	2026-02-02T21:03:00Z	NA19098	96	7.6	456
barcode72	lpa5104	1072	107	2026-02-02T21:03:00Z	NA19190	88	7.6	456
barcode66	lpa5104	1143	108	2026-02-02T21:03:00Z	HG02657	98	7.6	456
barcode68	lpa5104	1527	109	2026-02-02T21:03:00Z	HG03234	100	7.6	456
barcode65	lpa5104	1500	110	2026-02-02T21:03:00Z	HG01593	99	7.6	456
barcode70	lpa5104	1340	111	2026-02-02T21:03:00Z	NA18868	97	7.6	456
barcode69	lpa5104	818	104	2026-02-02T21:16:00Z	HG03765	96	7.816666666666666	469
barcode71	lpa5104	1221	106	2026-02-02T21:16:00Z	NA19098	97	7.816666666666666	469
barcode72	lpa5104	1072	107	2026-02-02T21:16:00Z	NA19190	89	7.816666666666666	469
barcode66	lpa5104	1143	108	2026-02-02T21:16:00Z	HG02657	99	7.816666666666666	469
barcode68	lpa5104	1527	109	2026-02-02T21:16:00Z	HG03234	101	7.816666666666666	469
barcode65	lpa5104	1500	110	2026-02-02T21:16:00Z	HG01593	100	7.816666666666666	469
barcode70	lpa5104	1340	111	2026-02-02T21:16:00Z	NA18868	98	7.816666666666666	469
barcode67	lpa5104	1314	112	2026-02-02T21:16:00Z	HG02778	97	7.816666666666666	469
barcode71	lpa5104	1221	106	2026-02-02T21:19:00Z	NA19098	98	7.866666666666666	472
barcode72	lpa5104	1072	107	2026-02-02T21:19:00Z	NA19190	90	7.866666666666666	472
barcode66	lpa5104	1143	108	2026-02-02T21:19:00Z	HG02657	100	7.866666666666666	472
barcode68	lpa5104	1527	109	2026-02-02T21:19:00Z	HG03234	102	7.866666666666666	472
barcode65	lpa5104	1500	110	2026-02-02T21:19:00Z	HG01593	101	7.866666666666666	472
barcode70	lpa5104	1340	111	2026-02-02T21:19:00Z	NA18868	99	7.866666666666666	472
barcode67	lpa5104	1314	112	2026-02-02T21:19:00Z	HG02778	98	7.866666666666666	472
barcode69	lpa5104	974	113	2026-02-02T21:19:00Z	HG03765	97	7.866666666666666	472
barcode72	lpa5104	1072	107	2026-02-02T21:24:00Z	NA19190	91	7.95	477
barcode66	lpa5104	1143	108	2026-02-02T21:24:00Z	HG02657	101	7.95	477
barcode68	lpa5104	1527	109	2026-02-02T21:24:00Z	HG03234	103	7.95	477
barcode65	lpa5104	1500	110	2026-02-02T21:24:00Z	HG01593	102	7.95	477
barcode70	lpa5104	1340	111	2026-02-02T21:24:00Z	NA18868	100	7.95	477
barcode67	lpa5104	1314	112	2026-02-02T21:24:00Z	HG02778	99	7.95	477
barcode69	lpa5104	974	113	2026-02-02T21:24:00Z	HG03765	98	7.95	477
barcode71	lpa5104	1300	114	2026-02-02T21:24:00Z	NA19098	99	7.95	477
barcode66	lpa5104	1143	108	2026-02-02T21:28:00Z	HG02657	102	8.016666666666667	481
barcode68	lpa5104	1527	109	2026-02-02T21:28:00Z	HG03234	104	8.016666666666667	481
barcode65	lpa5104	1500	110	2026-02-02T21:28:00Z	HG01593	103	8.016666666666667	481
barcode70	lpa5104	1340	111	2026-02-02T21:28:00Z	NA18868	101	8.016666666666667	481
barcode67	lpa5104	1314	112	2026-02-02T21:28:00Z	HG02778	100	8.016666666666667	481
barcode69	lpa5104	974	113	2026-02-02T21:28:00Z	HG03765	99	8.016666666666667	481
barcode71	lpa5104	1300	114	2026-02-02T21:28:00Z	NA19098	100	8.016666666666667	481
barcode72	lpa5104	1258	115	2026-02-02T21:28:00Z	NA19190	92	8.016666666666667	481
barcode68	lpa5104	1527	109	2026-02-02T21:35:00Z	HG03234	105	8.133333333333333	488
barcode65	lpa5104	1500	110	2026-02-02T21:35:00Z	HG01593	104	8.133333333333333	488
barcode70	lpa5104	1340	111	2026-02-02T21:35:00Z	NA18868	102	8.133333333333333	488
barcode67	lpa5104	1314	112	2026-02-02T21:35:00Z	HG02778	101	8.133333333333333	488
barcode69	lpa5104	974	113	2026-02-02T21:35:00Z	HG03765	100	8.133333333333333	488
barcode71	lpa5104	1300	114	2026-02-02T21:35:00Z	NA19098	101	8.133333333333333	488
barcode72	lpa5104	1258	115	2026-02-02T21:35:00Z	NA19190	93	8.133333333333333	488
barcode66	lpa5104	1247	116	2026-02-02T21:35:00Z	HG02657	103	8.133333333333333	488
barcode65	lpa5104	1500	110	2026-02-02T21:36:00Z	HG01593	105	8.15	489
barcode70	lpa5104	1340	111	2026-02-02T21:36:00Z	NA18868	103	8.15	489
barcode67	lpa5104	1314	112	2026-02-02T21:36:00Z	HG02778	102	8.15	489
barcode69	lpa5104	974	113	2026-02-02T21:36:00Z	HG03765	101	8.15	489
barcode71	lpa5104	1300	114	2026-02-02T21:36:00Z	NA19098	102	8.15	489
barcode72	lpa5104	1258	115	2026-02-02T21:36:00Z	NA19190	94	8.15	489
barcode66	lpa5104	1247	116	2026-02-02T21:36:00Z	HG02657	104	8.15	489
barcode68	lpa5104	1625	117	2026-02-02T21:36:00Z	HG03234	106	8.15	489
barcode70	lpa5104	1340	111	2026-02-02T21:38:00Z	NA18868	104	8.183333333333334	491
barcode67	lpa5104	1314	112	2026-02-02T21:38:00Z	HG02778	103	8.183333333333334	491
barcode69	lpa5104	974	113	2026-02-02T21:38:00Z	HG03765	102	8.183333333333334	491
barcode71	lpa5104	1300	114	2026-02-02T21:38:00Z	NA19098	103	8.183333333333334	491
barcode72	lpa5104	1258	115	2026-02-02T21:38:00Z	NA19190	95	8.183333333333334	491
barcode66	lpa5104	1247	116	2026-02-02T21:38:00Z	HG02657	105	8.183333333333334	491
barcode68	lpa5104	1625	117	2026-02-02T21:38:00Z	HG03234	107	8.183333333333334	491
barcode65	lpa5104	1633	118	2026-02-02T21:38:00Z	HG01593	106	8.183333333333334	491
barcode67	lpa5104	1314	112	2026-02-02T21:43:00Z	HG02778	104	8.266666666666667	496
barcode69	lpa5104	974	113	2026-02-02T21:43:00Z	HG03765	103	8.266666666666667	496
barcode71	lpa5104	1300	114	2026-02-02T21:43:00Z	NA19098	104	8.266666666666667	496
barcode72	lpa5104	1258	115	2026-02-02T21:43:00Z	NA19190	96	8.266666666666667	496
barcode66	lpa5104	1247	116	2026-02-02T21:43:00Z	HG02657	106	8.266666666666667	496
barcode68	lpa5104	1625	117	2026-02-02T21:43:00Z	HG03234	108	8.266666666666667	496
barcode65	lpa5104	1633	118	2026-02-02T21:43:00Z	HG01593	107	8.266666666666667	496
barcode70	lpa5104	1479	119	2026-02-02T21:43:00Z	NA18868	105	8.266666666666667	496
barcode69	lpa5104	974	113	2026-02-02T21:57:00Z	HG03765	104	8.5	510
barcode71	lpa5104	1300	114	2026-02-02T21:57:00Z	NA19098	105	8.5	510
barcode72	lpa5104	1258	115	2026-02-02T21:57:00Z	NA19190	97	8.5	510
barcode66	lpa5104	1247	116	2026-02-02T21:57:00Z	HG02657	107	8.5	510
barcode68	lpa5104	1625	117	2026-02-02T21:57:00Z	HG03234	109	8.5	510
barcode65	lpa5104	1633	118	2026-02-02T21:57:00Z	HG01593	108	8.5	510
barcode70	lpa5104	1479	119	2026-02-02T21:57:00Z	NA18868	106	8.5	510
barcode67	lpa5104	1393	120	2026-02-02T21:57:00Z	HG02778	105	8.5	510
barcode71	lpa5104	1300	114	2026-02-02T22:04:00Z	NA19098	106	8.616666666666667	517
barcode72	lpa5104	1258	115	2026-02-02T22:04:00Z	NA19190	98	8.616666666666667	517
barcode66	lpa5104	1247	116	2026-02-02T22:04:00Z	HG02657	108	8.616666666666667	517
barcode68	lpa5104	1625	117	2026-02-02T22:04:00Z	HG03234	110	8.616666666666667	517
barcode65	lpa5104	1633	118	2026-02-02T22:04:00Z	HG01593	109	8.616666666666667	517
barcode70	lpa5104	1479	119	2026-02-02T22:04:00Z	NA18868	107	8.616666666666667	517
barcode67	lpa5104	1393	120	2026-02-02T22:04:00Z	HG02778	106	8.616666666666667	517
barcode69	lpa5104	1132	121	2026-02-02T22:04:00Z	HG03765	105	8.616666666666667	517
barcode72	lpa5104	1258	115	2026-02-02T22:06:00Z	NA19190	99	8.65	519
barcode66	lpa5104	1247	116	2026-02-02T22:06:00Z	HG02657	109	8.65	519
barcode68	lpa5104	1625	117	2026-02-02T22:06:00Z	HG03234	111	8.65	519
barcode65	lpa5104	1633	118	2026-02-02T22:06:00Z	HG01593	110	8.65	519
barcode70	lpa5104	1479	119	2026-02-02T22:06:00Z	NA18868	108	8.65	519
barcode67	lpa5104	1393	120	2026-02-02T22:06:00Z	HG02778	107	8.65	519
barcode69	lpa5104	1132	121	2026-02-02T22:06:00Z	HG03765	106	8.65	519
barcode71	lpa5104	1361	122	2026-02-02T22:06:00Z	NA19098	107	8.65	519
barcode66	lpa5104	1247	116	2026-02-02T22:13:00Z	HG02657	110	8.766666666666667	526
barcode68	lpa5104	1625	117	2026-02-02T22:13:00Z	HG03234	112	8.766666666666667	526
barcode65	lpa5104	1633	118	2026-02-02T22:13:00Z	HG01593	111	8.766666666666667	526
barcode70	lpa5104	1479	119	2026-02-02T22:13:00Z	NA18868	109	8.766666666666667	526
barcode67	lpa5104	1393	120	2026-02-02T22:13:00Z	HG02778	108	8.766666666666667	526
barcode69	lpa5104	1132	121	2026-02-02T22:13:00Z	HG03765	107	8.766666666666667	526
barcode71	lpa5104	1361	122	2026-02-02T22:13:00Z	NA19098	108	8.766666666666667	526
barcode72	lpa5104	1421	123	2026-02-02T22:13:00Z	NA19190	100	8.766666666666667	526
barcode66	lpa5104	1247	116	2026-02-02T22:14:00Z	HG02657	111	8.783333333333333	527
barcode65	lpa5104	1633	118	2026-02-02T22:14:00Z	HG01593	112	8.783333333333333	527
barcode70	lpa5104	1479	119	2026-02-02T22:14:00Z	NA18868	110	8.783333333333333	527
barcode67	lpa5104	1393	120	2026-02-02T22:14:00Z	HG02778	109	8.783333333333333	527
barcode69	lpa5104	1132	121	2026-02-02T22:14:00Z	HG03765	108	8.783333333333333	527
barcode71	lpa5104	1361	122	2026-02-02T22:14:00Z	NA19098	109	8.783333333333333	527
barcode72	lpa5104	1421	123	2026-02-02T22:14:00Z	NA19190	101	8.783333333333333	527
barcode68	lpa5104	1716	124	2026-02-02T22:14:00Z	HG03234	113	8.783333333333333	527
barcode66	lpa5104	1247	116	2026-02-02T22:17:00Z	HG02657	112	8.833333333333334	530
barcode70	lpa5104	1479	119	2026-02-02T22:17:00Z	NA18868	111	8.833333333333334	530
barcode67	lpa5104	1393	120	2026-02-02T22:17:00Z	HG02778	110	8.833333333333334	530
barcode69	lpa5104	1132	121	2026-02-02T22:17:00Z	HG03765	109	8.833333333333334	530
barcode71	lpa5104	1361	122	2026-02-02T22:17:00Z	NA19098	110	8.833333333333334	530
barcode72	lpa5104	1421	123	2026-02-02T22:17:00Z	NA19190	102	8.833333333333334	530
barcode68	lpa5104	1716	124	2026-02-02T22:17:00Z	HG03234	114	8.833333333333334	530
barcode65	lpa5104	1750	125	2026-02-02T22:17:00Z	HG01593	113	8.833333333333334	530
barcode70	lpa5104	1479	119	2026-02-02T22:19:00Z	NA18868	112	8.866666666666667	532
barcode67	lpa5104	1393	120	2026-02-02T22:19:00Z	HG02778	111	8.866666666666667	532
barcode69	lpa5104	1132	121	2026-02-02T22:19:00Z	HG03765	110	8.866666666666667	532
barcode71	lpa5104	1361	122	2026-02-02T22:19:00Z	NA19098	111	8.866666666666667	532
barcode72	lpa5104	1421	123	2026-02-02T22:19:00Z	NA19190	103	8.866666666666667	532
barcode68	lpa5104	1716	124	2026-02-02T22:19:00Z	HG03234	115	8.866666666666667	532
barcode65	lpa5104	1750	125	2026-02-02T22:19:00Z	HG01593	114	8.866666666666667	532
barcode66	lpa5104	1360	126	2026-02-02T22:19:00Z	HG02657	113	8.866666666666667	532
barcode67	lpa5104	1393	120	2026-02-02T22:26:00Z	HG02778	112	8.983333333333333	539
barcode69	lpa5104	1132	121	2026-02-02T22:26:00Z	HG03765	111	8.983333333333333	539
barcode71	lpa5104	1361	122	2026-02-02T22:26:00Z	NA19098	112	8.983333333333333	539
barcode72	lpa5104	1421	123	2026-02-02T22:26:00Z	NA19190	104	8.983333333333333	539
barcode68	lpa5104	1716	124	2026-02-02T22:26:00Z	HG03234	116	8.983333333333333	539
barcode65	lpa5104	1750	125	2026-02-02T22:26:00Z	HG01593	115	8.983333333333333	539
barcode66	lpa5104	1360	126	2026-02-02T22:26:00Z	HG02657	114	8.983333333333333	539
barcode70	lpa5104	1597	127	2026-02-02T22:26:00Z	NA18868	113	8.983333333333333	539
barcode69	lpa5104	1132	121	2026-02-02T22:42:00Z	HG03765	112	9.25	555
barcode71	lpa5104	1361	122	2026-02-02T22:42:00Z	NA19098	113	9.25	555
barcode72	lpa5104	1421	123	2026-02-02T22:42:00Z	NA19190	105	9.25	555
barcode68	lpa5104	1716	124	2026-02-02T22:42:00Z	HG03234	117	9.25	555
barcode65	lpa5104	1750	125	2026-02-02T22:42:00Z	HG01593	116	9.25	555
barcode66	lpa5104	1360	126	2026-02-02T22:42:00Z	HG02657	115	9.25	555
barcode70	lpa5104	1597	127	2026-02-02T22:42:00Z	NA18868	114	9.25	555
barcode67	lpa5104	1453	128	2026-02-02T22:42:00Z	HG02778	113	9.25	555
barcode69	lpa5104	1132	121	2026-02-02T22:48:00Z	HG03765	113	9.35	561
barcode71	lpa5104	1361	122	2026-02-02T22:48:00Z	NA19098	114	9.35	561
barcode72	lpa5104	1421	123	2026-02-02T22:48:00Z	NA19190	106	9.35	561
barcode65	lpa5104	1750	125	2026-02-02T22:48:00Z	HG01593	117	9.35	561
barcode66	lpa5104	1360	126	2026-02-02T22:48:00Z	HG02657	116	9.35	561
barcode70	lpa5104	1597	127	2026-02-02T22:48:00Z	NA18868	115	9.35	561
barcode67	lpa5104	1453	128	2026-02-02T22:48:00Z	HG02778	114	9.35	561
barcode68	lpa5104	1807	129	2026-02-02T22:48:00Z	HG03234	118	9.35	561
barcode72	lpa5104	1421	123	2026-02-02T22:53:00Z	NA19190	107	9.433333333333334	566
barcode65	lpa5104	1750	125	2026-02-02T22:53:00Z	HG01593	118	9.433333333333334	566
barcode66	lpa5104	1360	126	2026-02-02T22:53:00Z	HG02657	117	9.433333333333334	566
barcode70	lpa5104	1597	127	2026-02-02T22:53:00Z	NA18868	116	9.433333333333334	566
barcode67	lpa5104	1453	128	2026-02-02T22:53:00Z	HG02778	115	9.433333333333334	566
barcode68	lpa5104	1807	129	2026-02-02T22:53:00Z	HG03234	119	9.433333333333334	566
barcode69	lpa5104	1276	130	2026-02-02T22:53:00Z	HG03765	114	9.433333333333334	566
barcode71	lpa5104	1422	131	2026-02-02T22:53:00Z	NA19098	115	9.433333333333334	566
barcode72	lpa5104	1421	123	2026-02-02T22:55:00Z	NA19190	108	9.466666666666667	568
barcode66	lpa5104	1360	126	2026-02-02T22:55:00Z	HG02657	118	9.466666666666667	568
barcode70	lpa5104	1597	127	2026-02-02T22:55:00Z	NA18868	117	9.466666666666667	568
barcode67	lpa5104	1453	128	2026-02-02T22:55:00Z	HG02778	116	9.466666666666667	568
barcode68	lpa5104	1807	129	2026-02-02T22:55:00Z	HG03234	120	9.466666666666667	568
barcode69	lpa5104	1276	130	2026-02-02T22:55:00Z	HG03765	115	9.466666666666667	568
barcode71	lpa5104	1422	131	2026-02-02T22:55:00Z	NA19098	116	9.466666666666667	568
barcode65	lpa5104	1859	132	2026-02-02T22:55:00Z	HG01593	119	9.466666666666667	568
barcode66	lpa5104	1360	126	2026-02-02T22:56:00Z	HG02657	119	9.483333333333333	569
barcode70	lpa5104	1597	127	2026-02-02T22:56:00Z	NA18868	118	9.483333333333333	569
barcode67	lpa5104	1453	128	2026-02-02T22:56:00Z	HG02778	117	9.483333333333333	569
barcode68	lpa5104	1807	129	2026-02-02T22:56:00Z	HG03234	121	9.483333333333333	569
barcode69	lpa5104	1276	130	2026-02-02T22:56:00Z	HG03765	116	9.483333333333333	569
barcode71	lpa5104	1422	131	2026-02-02T22:56:00Z	NA19098	117	9.483333333333333	569
barcode65	lpa5104	1859	132	2026-02-02T22:56:00Z	HG01593	120	9.483333333333333	569
barcode72	lpa5104	1559	133	2026-02-02T22:56:00Z	NA19190	109	9.483333333333333	569
barcode70	lpa5104	1597	127	2026-02-02T23:01:00Z	NA18868	119	9.566666666666666	574
barcode67	lpa5104	1453	128	2026-02-02T23:01:00Z	HG02778	118	9.566666666666666	574
barcode68	lpa5104	1807	129	2026-02-02T23:01:00Z	HG03234	122	9.566666666666666	574
barcode69	lpa5104	1276	130	2026-02-02T23:01:00Z	HG03765	117	9.566666666666666	574
barcode71	lpa5104	1422	131	2026-02-02T23:01:00Z	NA19098	118	9.566666666666666	574
barcode65	lpa5104	1859	132	2026-02-02T23:01:00Z	HG01593	121	9.566666666666666	574
barcode72	lpa5104	1559	133	2026-02-02T23:01:00Z	NA19190	110	9.566666666666666	574
barcode66	lpa5104	1437	134	2026-02-02T23:01:00Z	HG02657	120	9.566666666666666	574
barcode67	lpa5104	1453	128	2026-02-02T23:08:00Z	HG02778	119	9.683333333333334	581
barcode68	lpa5104	1807	129	2026-02-02T23:08:00Z	HG03234	123	9.683333333333334	581
barcode69	lpa5104	1276	130	2026-02-02T23:08:00Z	HG03765	118	9.683333333333334	581
barcode71	lpa5104	1422	131	2026-02-02T23:08:00Z	NA19098	119	9.683333333333334	581
barcode65	lpa5104	1859	132	2026-02-02T23:08:00Z	HG01593	122	9.683333333333334	581
barcode72	lpa5104	1559	133	2026-02-02T23:08:00Z	NA19190	111	9.683333333333334	581
barcode66	lpa5104	1437	134	2026-02-02T23:08:00Z	HG02657	121	9.683333333333334	581
barcode70	lpa5104	1693	135	2026-02-02T23:08:00Z	NA18868	120	9.683333333333334	581
barcode67	lpa5104	1453	128	2026-02-02T23:24:00Z	HG02778	120	9.95	597
barcode69	lpa5104	1276	130	2026-02-02T23:24:00Z	HG03765	119	9.95	597
barcode71	lpa5104	1422	131	2026-02-02T23:24:00Z	NA19098	120	9.95	597
barcode65	lpa5104	1859	132	2026-02-02T23:24:00Z	HG01593	123	9.95	597
barcode72	lpa5104	1559	133	2026-02-02T23:24:00Z	NA19190	112	9.95	597
barcode66	lpa5104	1437	134	2026-02-02T23:24:00Z	HG02657	122	9.95	597
barcode70	lpa5104	1693	135	2026-02-02T23:24:00Z	NA18868	121	9.95	597
barcode68	lpa5104	1875	136	2026-02-02T23:24:00Z	HG03234	124	9.95	597
barcode69	lpa5104	1276	130	2026-02-02T23:25:00Z	HG03765	120	9.966666666666667	598
barcode71	lpa5104	1422	131	2026-02-02T23:25:00Z	NA19098	121	9.966666666666667	598
barcode65	lpa5104	1859	132	2026-02-02T23:25:00Z	HG01593	124	9.966666666666667	598
barcode72	lpa5104	1559	133	2026-02-02T23:25:00Z	NA19190	113	9.966666666666667	598
barcode66	lpa5104	1437	134	2026-02-02T23:25:00Z	HG02657	123	9.966666666666667	598
barcode70	lpa5104	1693	135	2026-02-02T23:25:00Z	NA18868	122	9.966666666666667	598
barcode68	lpa5104	1875	136	2026-02-02T23:25:00Z	HG03234	125	9.966666666666667	598
barcode67	lpa5104	1523	137	2026-02-02T23:25:00Z	HG02778	121	9.966666666666667	598
barcode69	lpa5104	1276	130	2026-02-02T23:33:00Z	HG03765	121	10.1	606
barcode71	lpa5104	1422	131	2026-02-02T23:33:00Z	NA19098	122	10.1	606
barcode72	lpa5104	1559	133	2026-02-02T23:33:00Z	NA19190	114	10.1	606
barcode66	lpa5104	1437	134	2026-02-02T23:33:00Z	HG02657	124	10.1	606
barcode70	lpa5104	1693	135	2026-02-02T23:33:00Z	NA18868	123	10.1	606
barcode68	lpa5104	1875	136	2026-02-02T23:33:00Z	HG03234	126	10.1	606
barcode67	lpa5104	1523	137	2026-02-02T23:33:00Z	HG02778	122	10.1	606
barcode65	lpa5104	1950	138	2026-02-02T23:33:00Z	HG01593	125	10.1	606
barcode69	lpa5104	1276	130	2026-02-02T23:38:00Z	HG03765	122	10.183333333333334	611
barcode72	lpa5104	1559	133	2026-02-02T23:38:00Z	NA19190	115	10.183333333333334	611
barcode66	lpa5104	1437	134	2026-02-02T23:38:00Z	HG02657	125	10.183333333333334	611
barcode70	lpa5104	1693	135	2026-02-02T23:38:00Z	NA18868	124	10.183333333333334	611
barcode68	lpa5104	1875	136	2026-02-02T23:38:00Z	HG03234	127	10.183333333333334	611
barcode67	lpa5104	1523	137	2026-02-02T23:38:00Z	HG02778	123	10.183333333333334	611
barcode65	lpa5104	1950	138	2026-02-02T23:38:00Z	HG01593	126	10.183333333333334	611
barcode71	lpa5104	1471	139	2026-02-02T23:38:00Z	NA19098	123	10.183333333333334	611
barcode66	lpa5104	1437	134	2026-02-02T23:43:00Z	HG02657	126	10.266666666666667	616
barcode70	lpa5104	1693	135	2026-02-02T23:43:00Z	NA18868	125	10.266666666666667	616
barcode68	lpa5104	1875	136	2026-02-02T23:43:00Z	HG03234	128	10.266666666666667	616
barcode67	lpa5104	1523	137	2026-02-02T23:43:00Z	HG02778	124	10.266666666666667	616
barcode65	lpa5104	1950	138	2026-02-02T23:43:00Z	HG01593	127	10.266666666666667	616
barcode71	lpa5104	1471	139	2026-02-02T23:43:00Z	NA19098	124	10.266666666666667	616
barcode69	lpa5104	1428	140	2026-02-02T23:43:00Z	HG03765	123	10.266666666666667	616
barcode72	lpa5104	1701	141	2026-02-02T23:43:00Z	NA19190	116	10.266666666666667	616
barcode70	lpa5104	1693	135	2026-02-02T23:46:00Z	NA18868	126	10.316666666666666	619
barcode68	lpa5104	1875	136	2026-02-02T23:46:00Z	HG03234	129	10.316666666666666	619
barcode67	lpa5104	1523	137	2026-02-02T23:46:00Z	HG02778	125	10.316666666666666	619
barcode65	lpa5104	1950	138	2026-02-02T23:46:00Z	HG01593	128	10.316666666666666	619
barcode71	lpa5104	1471	139	2026-02-02T23:46:00Z	NA19098	125	10.316666666666666	619
barcode69	lpa5104	1428	140	2026-02-02T23:46:00Z	HG03765	124	10.316666666666666	619
barcode72	lpa5104	1701	141	2026-02-02T23:46:00Z	NA19190	117	10.316666666666666	619
barcode66	lpa5104	1521	142	2026-02-02T23:46:00Z	HG02657	127	10.316666666666666	619
barcode68	lpa5104	1875	136	2026-02-02T23:54:00Z	HG03234	130	10.45	627
barcode67	lpa5104	1523	137	2026-02-02T23:54:00Z	HG02778	126	10.45	627
barcode65	lpa5104	1950	138	2026-02-02T23:54:00Z	HG01593	129	10.45	627
barcode71	lpa5104	1471	139	2026-02-02T23:54:00Z	NA19098	126	10.45	627
barcode69	lpa5104	1428	140	2026-02-02T23:54:00Z	HG03765	125	10.45	627
barcode72	lpa5104	1701	141	2026-02-02T23:54:00Z	NA19190	118	10.45	627
barcode66	lpa5104	1521	142	2026-02-02T23:54:00Z	HG02657	128	10.45	627
barcode70	lpa5104	1790	143	2026-02-02T23:54:00Z	NA18868	127	10.45	627
barcode67	lpa5104	1523	137	2026-02-03T00:03:00Z	HG02778	127	10.6	636
barcode65	lpa5104	1950	138	2026-02-03T00:03:00Z	HG01593	130	10.6	636
barcode71	lpa5104	1471	139	2026-02-03T00:03:00Z	NA19098	127	10.6	636
barcode69	lpa5104	1428	140	2026-02-03T00:03:00Z	HG03765	126	10.6	636
barcode72	lpa5104	1701	141	2026-02-03T00:03:00Z	NA19190	119	10.6	636
barcode66	lpa5104	1521	142	2026-02-03T00:03:00Z	HG02657	129	10.6	636
barcode70	lpa5104	1790	143	2026-02-03T00:03:00Z	NA18868	128	10.6	636
barcode68	lpa5104	1950	144	2026-02-03T00:03:00Z	HG03234	131	10.6	636
barcode65	lpa5104	1950	138	2026-02-03T00:12:00Z	HG01593	131	10.75	645
barcode71	lpa5104	1471	139	2026-02-03T00:12:00Z	NA19098	128	10.75	645
barcode69	lpa5104	1428	140	2026-02-03T00:12:00Z	HG03765	127	10.75	645
barcode72	lpa5104	1701	141	2026-02-03T00:12:00Z	NA19190	120	10.75	645
barcode66	lpa5104	1521	142	2026-02-03T00:12:00Z	HG02657	130	10.75	645
barcode70	lpa5104	1790	143	2026-02-03T00:12:00Z	NA18868	129	10.75	645
barcode68	lpa5104	1950	144	2026-02-03T00:12:00Z	HG03234	132	10.75	645
barcode67	lpa5104	1572	145	2026-02-03T00:12:00Z	HG02778	128	10.75	645
barcode71	lpa5104	1471	139	2026-02-03T00:14:00Z	NA19098	129	10.783333333333333	647
barcode69	lpa5104	1428	140	2026-02-03T00:14:00Z	HG03765	128	10.783333333333333	647
barcode72	lpa5104	1701	141	2026-02-03T00:14:00Z	NA19190	121	10.783333333333333	647
barcode66	lpa5104	1521	142	2026-02-03T00:14:00Z	HG02657	131	10.783333333333333	647
barcode70	lpa5104	1790	143	2026-02-03T00:14:00Z	NA18868	130	10.783333333333333	647
barcode68	lpa5104	1950	144	2026-02-03T00:14:00Z	HG03234	133	10.783333333333333	647
barcode67	lpa5104	1572	145	2026-02-03T00:14:00Z	HG02778	129	10.783333333333333	647
barcode65	lpa5104	2035	146	2026-02-03T00:14:00Z	HG01593	132	10.783333333333333	647
barcode69	lpa5104	1428	140	2026-02-03T00:26:00Z	HG03765	129	10.983333333333333	659
barcode72	lpa5104	1701	141	2026-02-03T00:26:00Z	NA19190	122	10.983333333333333	659
barcode66	lpa5104	1521	142	2026-02-03T00:26:00Z	HG02657	132	10.983333333333333	659
barcode70	lpa5104	1790	143	2026-02-03T00:26:00Z	NA18868	131	10.983333333333333	659
barcode68	lpa5104	1950	144	2026-02-03T00:26:00Z	HG03234	134	10.983333333333333	659
barcode67	lpa5104	1572	145	2026-02-03T00:26:00Z	HG02778	130	10.983333333333333	659
barcode65	lpa5104	2035	146	2026-02-03T00:26:00Z	HG01593	133	10.983333333333333	659
barcode71	lpa5104	1518	147	2026-02-03T00:26:00Z	NA19098	130	10.983333333333333	659
barcode69	lpa5104	1428	140	2026-02-03T00:28:00Z	HG03765	130	11.016666666666667	661
barcode66	lpa5104	1521	142	2026-02-03T00:28:00Z	HG02657	133	11.016666666666667	661
barcode70	lpa5104	1790	143	2026-02-03T00:28:00Z	NA18868	132	11.016666666666667	661
barcode68	lpa5104	1950	144	2026-02-03T00:28:00Z	HG03234	135	11.016666666666667	661
barcode67	lpa5104	1572	145	2026-02-03T00:28:00Z	HG02778	131	11.016666666666667	661
barcode65	lpa5104	2035	146	2026-02-03T00:28:00Z	HG01593	134	11.016666666666667	661
barcode71	lpa5104	1518	147	2026-02-03T00:28:00Z	NA19098	131	11.016666666666667	661
barcode72	lpa5104	1842	148	2026-02-03T00:28:00Z	NA19190	123	11.016666666666667	661
barcode69	lpa5104	1428	140	2026-02-03T00:31:00Z	HG03765	131	11.066666666666666	664
barcode70	lpa5104	1790	143	2026-02-03T00:31:00Z	NA18868	133	11.066666666666666	664
barcode68	lpa5104	1950	144	2026-02-03T00:31:00Z	HG03234	136	11.066666666666666	664
barcode67	lpa5104	1572	145	2026-02-03T00:31:00Z	HG02778	132	11.066666666666666	664
barcode65	lpa5104	2035	146	2026-02-03T00:31:00Z	HG01593	135	11.066666666666666	664
barcode71	lpa5104	1518	147	2026-02-03T00:31:00Z	NA19098	132	11.066666666666666	664
barcode72	lpa5104	1842	148	2026-02-03T00:31:00Z	NA19190	124	11.066666666666666	664
barcode66	lpa5104	1588	149	2026-02-03T00:31:00Z	HG02657	134	11.066666666666666	664
barcode70	lpa5104	1790	143	2026-02-03T00:32:00Z	NA18868	134	11.083333333333334	665
barcode68	lpa5104	1950	144	2026-02-03T00:32:00Z	HG03234	137	11.083333333333334	665
barcode67	lpa5104	1572	145	2026-02-03T00:32:00Z	HG02778	133	11.083333333333334	665
barcode65	lpa5104	2035	146	2026-02-03T00:32:00Z	HG01593	136	11.083333333333334	665
barcode71	lpa5104	1518	147	2026-02-03T00:32:00Z	NA19098	133	11.083333333333334	665
barcode72	lpa5104	1842	148	2026-02-03T00:32:00Z	NA19190	125	11.083333333333334	665
barcode66	lpa5104	1588	149	2026-02-03T00:32:00Z	HG02657	135	11.083333333333334	665
barcode69	lpa5104	1548	150	2026-02-03T00:32:00Z	HG03765	132	11.083333333333334	665
barcode68	lpa5104	1950	144	2026-02-03T00:39:00Z	HG03234	138	11.2	672
barcode67	lpa5104	1572	145	2026-02-03T00:39:00Z	HG02778	134	11.2	672
barcode65	lpa5104	2035	146	2026-02-03T00:39:00Z	HG01593	137	11.2	672
barcode71	lpa5104	1518	147	2026-02-03T00:39:00Z	NA19098	134	11.2	672
barcode72	lpa5104	1842	148	2026-02-03T00:39:00Z	NA19190	126	11.2	672
barcode66	lpa5104	1588	149	2026-02-03T00:39:00Z	HG02657	136	11.2	672
barcode69	lpa5104	1548	150	2026-02-03T00:39:00Z	HG03765	133	11.2	672
barcode70	lpa5104	1864	151	2026-02-03T00:39:00Z	NA18868	135	11.2	672
barcode67	lpa5104	1572	145	2026-02-03T00:40:00Z	HG02778	135	11.216666666666667	673
barcode65	lpa5104	2035	146	2026-02-03T00:40:00Z	HG01593	138	11.216666666666667	673
barcode71	lpa5104	1518	147	2026-02-03T00:40:00Z	NA19098	135	11.216666666666667	673
barcode72	lpa5104	1842	148	2026-02-03T00:40:00Z	NA19190	127	11.216666666666667	673
barcode66	lpa5104	1588	149	2026-02-03T00:40:00Z	HG02657	137	11.216666666666667	673
barcode69	lpa5104	1548	150	2026-02-03T00:40:00Z	HG03765	134	11.216666666666667	673
barcode70	lpa5104	1864	151	2026-02-03T00:40:00Z	NA18868	136	11.216666666666667	673
barcode68	lpa5104	2013	152	2026-02-03T00:40:00Z	HG03234	139	11.216666666666667	673
barcode67	lpa5104	1572	145	2026-02-03T00:55:00Z	HG02778	136	11.466666666666667	688
barcode71	lpa5104	1518	147	2026-02-03T00:55:00Z	NA19098	136	11.466666666666667	688
barcode72	lpa5104	1842	148	2026-02-03T00:55:00Z	NA19190	128	11.466666666666667	688
barcode66	lpa5104	1588	149	2026-02-03T00:55:00Z	HG02657	138	11.466666666666667	688
barcode69	lpa5104	1548	150	2026-02-03T00:55:00Z	HG03765	135	11.466666666666667	688
barcode70	lpa5104	1864	151	2026-02-03T00:55:00Z	NA18868	137	11.466666666666667	688
barcode68	lpa5104	2013	152	2026-02-03T00:55:00Z	HG03234	140	11.466666666666667	688
barcode65	lpa5104	2113	153	2026-02-03T00:55:00Z	HG01593	139	11.466666666666667	688
barcode71	lpa5104	1518	147	2026-02-03T00:58:00Z	NA19098	137	11.516666666666667	691
barcode72	lpa5104	1842	148	2026-02-03T00:58:00Z	NA19190	129	11.516666666666667	691
barcode66	lpa5104	1588	149	2026-02-03T00:58:00Z	HG02657	139	11.516666666666667	691
barcode69	lpa5104	1548	150	2026-02-03T00:58:00Z	HG03765	136	11.516666666666667	691
barcode70	lpa5104	1864	151	2026-02-03T00:58:00Z	NA18868	138	11.516666666666667	691
barcode68	lpa5104	2013	152	2026-02-03T00:58:00Z	HG03234	141	11.516666666666667	691
barcode65	lpa5104	2113	153	2026-02-03T00:58:00Z	HG01593	140	11.516666666666667	691
barcode67	lpa5104	1626	154	2026-02-03T00:58:00Z	HG02778	137	11.516666666666667	691
barcode72	lpa5104	1842	148	2026-02-03T01:17:00Z	NA19190	130	11.833333333333334	710
barcode66	lpa5104	1588	149	2026-02-03T01:17:00Z	HG02657	140	11.833333333333334	710
barcode69	lpa5104	1548	150	2026-02-03T01:17:00Z	HG03765	137	11.833333333333334	710
barcode70	lpa5104	1864	151	2026-02-03T01:17:00Z	NA18868	139	11.833333333333334	710
barcode68	lpa5104	2013	152	2026-02-03T01:17:00Z	HG03234	142	11.833333333333334	710
barcode65	lpa5104	2113	153	2026-02-03T01:17:00Z	HG01593	141	11.833333333333334	710
barcode67	lpa5104	1626	154	2026-02-03T01:17:00Z	HG02778	138	11.833333333333334	710
barcode71	lpa5104	1555	155	2026-02-03T01:17:00Z	NA19098	138	11.833333333333334	710
barcode66	lpa5104	1588	149	2026-02-03T01:18:00Z	HG02657	141	11.85	711
barcode69	lpa5104	1548	150	2026-02-03T01:18:00Z	HG03765	138	11.85	711
barcode70	lpa5104	1864	151	2026-02-03T01:18:00Z	NA18868	140	11.85	711
barcode68	lpa5104	2013	152	2026-02-03T01:18:00Z	HG03234	143	11.85	711
barcode65	lpa5104	2113	153	2026-02-03T01:18:00Z	HG01593	142	11.85	711
barcode67	lpa5104	1626	154	2026-02-03T01:18:00Z	HG02778	139	11.85	711
barcode71	lpa5104	1555	155	2026-02-03T01:18:00Z	NA19098	139	11.85	711
barcode72	lpa5104	1948	156	2026-02-03T01:18:00Z	NA19190	131	11.85	711
barcode69	lpa5104	1548	150	2026-02-03T01:19:00Z	HG03765	139	11.866666666666667	712
barcode70	lpa5104	1864	151	2026-02-03T01:19:00Z	NA18868	141	11.866666666666667	712
barcode68	lpa5104	2013	152	2026-02-03T01:19:00Z	HG03234	144	11.866666666666667	712
barcode65	lpa5104	2113	153	2026-02-03T01:19:00Z	HG01593	143	11.866666666666667	712
barcode67	lpa5104	1626	154	2026-02-03T01:19:00Z	HG02778	140	11.866666666666667	712
barcode71	lpa5104	1555	155	2026-02-03T01:19:00Z	NA19098	140	11.866666666666667	712
barcode72	lpa5104	1948	156	2026-02-03T01:19:00Z	NA19190	132	11.866666666666667	712
barcode66	lpa5104	1655	157	2026-02-03T01:19:00Z	HG02657	142	11.866666666666667	712
barcode69	lpa5104	1548	150	2026-02-03T01:22:00Z	HG03765	140	11.916666666666666	715
barcode70	lpa5104	1864	151	2026-02-03T01:22:00Z	NA18868	142	11.916666666666666	715
barcode65	lpa5104	2113	153	2026-02-03T01:22:00Z	HG01593	144	11.916666666666666	715
barcode67	lpa5104	1626	154	2026-02-03T01:22:00Z	HG02778	141	11.916666666666666	715
barcode71	lpa5104	1555	155	2026-02-03T01:22:00Z	NA19098	141	11.916666666666666	715
barcode72	lpa5104	1948	156	2026-02-03T01:22:00Z	NA19190	133	11.916666666666666	715
barcode66	lpa5104	1655	157	2026-02-03T01:22:00Z	HG02657	143	11.916666666666666	715
barcode68	lpa5104	2055	158	2026-02-03T01:22:00Z	HG03234	145	11.916666666666666	715
barcode70	lpa5104	1864	151	2026-02-03T01:26:00Z	NA18868	143	11.983333333333333	719
barcode65	lpa5104	2113	153	2026-02-03T01:26:00Z	HG01593	145	11.983333333333333	719
barcode67	lpa5104	1626	154	2026-02-03T01:26:00Z	HG02778	142	11.983333333333333	719
barcode71	lpa5104	1555	155	2026-02-03T01:26:00Z	NA19098	142	11.983333333333333	719
barcode72	lpa5104	1948	156	2026-02-03T01:26:00Z	NA19190	134	11.983333333333333	719
barcode66	lpa5104	1655	157	2026-02-03T01:26:00Z	HG02657	144	11.983333333333333	719
barcode68	lpa5104	2055	158	2026-02-03T01:26:00Z	HG03234	146	11.983333333333333	719
barcode69	lpa5104	1681	159	2026-02-03T01:26:00Z	HG03765	141	11.983333333333333	719
barcode65	lpa5104	2113	153	2026-02-03T01:28:00Z	HG01593	146	12.016666666666667	721
barcode67	lpa5104	1626	154	2026-02-03T01:28:00Z	HG02778	143	12.016666666666667	721
barcode71	lpa5104	1555	155	2026-02-03T01:28:00Z	NA19098	143	12.016666666666667	721
barcode72	lpa5104	1948	156	2026-02-03T01:28:00Z	NA19190	135	12.016666666666667	721
barcode66	lpa5104	1655	157	2026-02-03T01:28:00Z	HG02657	145	12.016666666666667	721
barcode68	lpa5104	2055	158	2026-02-03T01:28:00Z	HG03234	147	12.016666666666667	721
barcode69	lpa5104	1681	159	2026-02-03T01:28:00Z	HG03765	142	12.016666666666667	721
barcode70	lpa5104	1942	160	2026-02-03T01:28:00Z	NA18868	144	12.016666666666667	721
barcode67	lpa5104	1626	154	2026-02-03T01:38:00Z	HG02778	144	12.183333333333334	731
barcode71	lpa5104	1555	155	2026-02-03T01:38:00Z	NA19098	144	12.183333333333334	731
barcode72	lpa5104	1948	156	2026-02-03T01:38:00Z	NA19190	136	12.183333333333334	731
barcode66	lpa5104	1655	157	2026-02-03T01:38:00Z	HG02657	146	12.183333333333334	731
barcode68	lpa5104	2055	158	2026-02-03T01:38:00Z	HG03234	148	12.183333333333334	731
barcode69	lpa5104	1681	159	2026-02-03T01:38:00Z	HG03765	143	12.183333333333334	731
barcode70	lpa5104	1942	160	2026-02-03T01:38:00Z	NA18868	145	12.183333333333334	731
barcode65	lpa5104	2187	161	2026-02-03T01:38:00Z	HG01593	147	12.183333333333334	731
barcode71	lpa5104	1555	155	2026-02-03T01:47:00Z	NA19098	145	12.333333333333334	740
barcode72	lpa5104	1948	156	2026-02-03T01:47:00Z	NA19190	137	12.333333333333334	740
barcode66	lpa5104	1655	157	2026-02-03T01:47:00Z	HG02657	147	12.333333333333334	740
barcode68	lpa5104	2055	158	2026-02-03T01:47:00Z	HG03234	149	12.333333333333334	740
barcode69	lpa5104	1681	159	2026-02-03T01:47:00Z	HG03765	144	12.333333333333334	740
barcode70	lpa5104	1942	160	2026-02-03T01:47:00Z	NA18868	146	12.333333333333334	740
barcode65	lpa5104	2187	161	2026-02-03T01:47:00Z	HG01593	148	12.333333333333334	740
barcode67	lpa5104	1663	162	2026-02-03T01:47:00Z	HG02778	145	12.333333333333334	740
barcode71	lpa5104	1555	155	2026-02-03T02:00:00Z	NA19098	146	12.55	753
barcode72	lpa5104	1948	156	2026-02-03T02:00:00Z	NA19190	138	12.55	753
barcode66	lpa5104	1655	157	2026-02-03T02:00:00Z	HG02657	148	12.55	753
barcode69	lpa5104	1681	159	2026-02-03T02:00:00Z	HG03765	145	12.55	753
barcode70	lpa5104	1942	160	2026-02-03T02:00:00Z	NA18868	147	12.55	753
barcode65	lpa5104	2187	161	2026-02-03T02:00:00Z	HG01593	149	12.55	753
barcode67	lpa5104	1663	162	2026-02-03T02:00:00Z	HG02778	146	12.55	753
barcode68	lpa5104	2113	163	2026-02-03T02:00:00Z	HG03234	150	12.55	753
barcode72	lpa5104	1948	156	2026-02-03T02:03:00Z	NA19190	139	12.6	756
barcode66	lpa5104	1655	157	2026-02-03T02:03:00Z	HG02657	149	12.6	756
barcode69	lpa5104	1681	159	2026-02-03T02:03:00Z	HG03765	146	12.6	756
barcode70	lpa5104	1942	160	2026-02-03T02:03:00Z	NA18868	148	12.6	756
barcode65	lpa5104	2187	161	2026-02-03T02:03:00Z	HG01593	150	12.6	756
barcode67	lpa5104	1663	162	2026-02-03T02:03:00Z	HG02778	147	12.6	756
barcode68	lpa5104	2113	163	2026-02-03T02:03:00Z	HG03234	151	12.6	756
barcode71	lpa5104	1581	164	2026-02-03T02:03:00Z	NA19098	147	12.6	756
barcode72	lpa5104	1948	156	2026-02-03T02:04:00Z	NA19190	140	12.616666666666667	757
barcode69	lpa5104	1681	159	2026-02-03T02:04:00Z	HG03765	147	12.616666666666667	757
barcode70	lpa5104	1942	160	2026-02-03T02:04:00Z	NA18868	149	12.616666666666667	757
barcode65	lpa5104	2187	161	2026-02-03T02:04:00Z	HG01593	151	12.616666666666667	757
barcode67	lpa5104	1663	162	2026-02-03T02:04:00Z	HG02778	148	12.616666666666667	757
barcode68	lpa5104	2113	163	2026-02-03T02:04:00Z	HG03234	152	12.616666666666667	757
barcode71	lpa5104	1581	164	2026-02-03T02:04:00Z	NA19098	148	12.616666666666667	757
barcode66	lpa5104	1697	165	2026-02-03T02:04:00Z	HG02657	150	12.616666666666667	757
barcode69	lpa5104	1681	159	2026-02-03T02:05:00Z	HG03765	148	12.633333333333333	758
barcode70	lpa5104	1942	160	2026-02-03T02:05:00Z	NA18868	150	12.633333333333333	758
barcode65	lpa5104	2187	161	2026-02-03T02:05:00Z	HG01593	152	12.633333333333333	758
barcode67	lpa5104	1663	162	2026-02-03T02:05:00Z	HG02778	149	12.633333333333333	758
barcode68	lpa5104	2113	163	2026-02-03T02:05:00Z	HG03234	153	12.633333333333333	758
barcode71	lpa5104	1581	164	2026-02-03T02:05:00Z	NA19098	149	12.633333333333333	758
barcode66	lpa5104	1697	165	2026-02-03T02:05:00Z	HG02657	151	12.633333333333333	758
barcode72	lpa5104	2034	166	2026-02-03T02:05:00Z	NA19190	141	12.633333333333333	758
barcode69	lpa5104	1681	159	2026-02-03T02:13:00Z	HG03765	149	12.766666666666667	766
barcode65	lpa5104	2187	161	2026-02-03T02:13:00Z	HG01593	153	12.766666666666667	766
barcode67	lpa5104	1663	162	2026-02-03T02:13:00Z	HG02778	150	12.766666666666667	766
barcode68	lpa5104	2113	163	2026-02-03T02:13:00Z	HG03234	154	12.766666666666667	766
barcode71	lpa5104	1581	164	2026-02-03T02:13:00Z	NA19098	150	12.766666666666667	766
barcode66	lpa5104	1697	165	2026-02-03T02:13:00Z	HG02657	152	12.766666666666667	766
barcode72	lpa5104	2034	166	2026-02-03T02:13:00Z	NA19190	142	12.766666666666667	766
barcode70	lpa5104	2010	167	2026-02-03T02:13:00Z	NA18868	151	12.766666666666667	766
barcode65	lpa5104	2187	161	2026-02-03T02:16:00Z	HG01593	154	12.816666666666666	769
barcode67	lpa5104	1663	162	2026-02-03T02:16:00Z	HG02778	151	12.816666666666666	769
barcode68	lpa5104	2113	163	2026-02-03T02:16:00Z	HG03234	155	12.816666666666666	769
barcode71	lpa5104	1581	164	2026-02-03T02:16:00Z	NA19098	151	12.816666666666666	769
barcode66	lpa5104	1697	165	2026-02-03T02:16:00Z	HG02657	153	12.816666666666666	769
barcode72	lpa5104	2034	166	2026-02-03T02:16:00Z	NA19190	143	12.816666666666666	769
barcode70	lpa5104	2010	167	2026-02-03T02:16:00Z	NA18868	152	12.816666666666666	769
barcode69	lpa5104	1790	168	2026-02-03T02:16:00Z	HG03765	150	12.816666666666666	769
barcode67	lpa5104	1663	162	2026-02-03T02:19:00Z	HG02778	152	12.866666666666667	772
barcode68	lpa5104	2113	163	2026-02-03T02:19:00Z	HG03234	156	12.866666666666667	772
barcode71	lpa5104	1581	164	2026-02-03T02:19:00Z	NA19098	152	12.866666666666667	772
barcode66	lpa5104	1697	165	2026-02-03T02:19:00Z	HG02657	154	12.866666666666667	772
barcode72	lpa5104	2034	166	2026-02-03T02:19:00Z	NA19190	144	12.866666666666667	772
barcode70	lpa5104	2010	167	2026-02-03T02:19:00Z	NA18868	153	12.866666666666667	772
barcode69	lpa5104	1790	168	2026-02-03T02:19:00Z	HG03765	151	12.866666666666667	772
barcode65	lpa5104	2242	169	2026-02-03T02:19:00Z	HG01593	155	12.866666666666667	772
barcode68	lpa5104	2113	163	2026-02-03T02:35:00Z	HG03234	157	13.133333333333333	788
barcode71	lpa5104	1581	164	2026-02-03T02:35:00Z	NA19098	153	13.133333333333333	788
barcode66	lpa5104	1697	165	2026-02-03T02:35:00Z	HG02657	155	13.133333333333333	788
barcode72	lpa5104	2034	166	2026-02-03T02:35:00Z	NA19190	145	13.133333333333333	788
barcode70	lpa5104	2010	167	2026-02-03T02:35:00Z	NA18868	154	13.133333333333333	788
barcode69	lpa5104	1790	168	2026-02-03T02:35:00Z	HG03765	152	13.133333333333333	788
barcode65	lpa5104	2242	169	2026-02-03T02:35:00Z	HG01593	156	13.133333333333333	788
barcode67	lpa5104	1703	170	2026-02-03T02:35:00Z	HG02778	153	13.133333333333333	788
barcode71	lpa5104	1581	164	2026-02-03T02:38:00Z	NA19098	154	13.183333333333334	791
barcode66	lpa5104	1697	165	2026-02-03T02:38:00Z	HG02657	156	13.183333333333334	791
barcode72	lpa5104	2034	166	2026-02-03T02:38:00Z	NA19190	146	13.183333333333334	791
barcode70	lpa5104	2010	167	2026-02-03T02:38:00Z	NA18868	155	13.183333333333334	791
barcode69	lpa5104	1790	168	2026-02-03T02:38:00Z	HG03765	153	13.183333333333334	791
barcode65	lpa5104	2242	169	2026-02-03T02:38:00Z	HG01593	157	13.183333333333334	791
barcode67	lpa5104	1703	170	2026-02-03T02:38:00Z	HG02778	154	13.183333333333334	791
barcode68	lpa5104	2150	171	2026-02-03T02:38:00Z	HG03234	158	13.183333333333334	791
barcode71	lpa5104	1581	164	2026-02-03T02:53:00Z	NA19098	155	13.433333333333334	806
barcode72	lpa5104	2034	166	2026-02-03T02:53:00Z	NA19190	147	13.433333333333334	806
barcode70	lpa5104	2010	167	2026-02-03T02:53:00Z	NA18868	156	13.433333333333334	806
barcode69	lpa5104	1790	168	2026-02-03T02:53:00Z	HG03765	154	13.433333333333334	806
barcode65	lpa5104	2242	169	2026-02-03T02:53:00Z	HG01593	158	13.433333333333334	806
barcode67	lpa5104	1703	170	2026-02-03T02:53:00Z	HG02778	155	13.433333333333334	806
barcode68	lpa5104	2150	171	2026-02-03T02:53:00Z	HG03234	159	13.433333333333334	806
barcode66	lpa5104	1743	172	2026-02-03T02:53:00Z	HG02657	157	13.433333333333334	806
barcode72	lpa5104	2034	166	2026-02-03T02:54:00Z	NA19190	148	13.45	807
barcode70	lpa5104	2010	167	2026-02-03T02:54:00Z	NA18868	157	13.45	807
barcode69	lpa5104	1790	168	2026-02-03T02:54:00Z	HG03765	155	13.45	807
barcode65	lpa5104	2242	169	2026-02-03T02:54:00Z	HG01593	159	13.45	807
barcode67	lpa5104	1703	170	2026-02-03T02:54:00Z	HG02778	156	13.45	807
barcode68	lpa5104	2150	171	2026-02-03T02:54:00Z	HG03234	160	13.45	807
barcode66	lpa5104	1743	172	2026-02-03T02:54:00Z	HG02657	158	13.45	807
barcode71	lpa5104	1609	173	2026-02-03T02:54:00Z	NA19098	156	13.45	807
barcode70	lpa5104	2010	167	2026-02-03T02:57:00Z	NA18868	158	13.5	810
barcode69	lpa5104	1790	168	2026-02-03T02:57:00Z	HG03765	156	13.5	810
barcode65	lpa5104	2242	169	2026-02-03T02:57:00Z	HG01593	160	13.5	810
barcode67	lpa5104	1703	170	2026-02-03T02:57:00Z	HG02778	157	13.5	810
barcode68	lpa5104	2150	171	2026-02-03T02:57:00Z	HG03234	161	13.5	810
barcode66	lpa5104	1743	172	2026-02-03T02:57:00Z	HG02657	159	13.5	810
barcode71	lpa5104	1609	173	2026-02-03T02:57:00Z	NA19098	157	13.5	810
barcode72	lpa5104	2153	174	2026-02-03T02:57:00Z	NA19190	149	13.5	810
barcode69	lpa5104	1790	168	2026-02-03T03:03:00Z	HG03765	157	13.6	816
barcode67	lpa5104	1703	170	2026-02-03T03:03:00Z	HG02778	158	13.6	816
barcode68	lpa5104	2150	171	2026-02-03T03:03:00Z	HG03234	162	13.6	816
barcode66	lpa5104	1743	172	2026-02-03T03:03:00Z	HG02657	160	13.6	816
barcode71	lpa5104	1609	173	2026-02-03T03:03:00Z	NA19098	158	13.6	816
barcode72	lpa5104	2153	174	2026-02-03T03:03:00Z	NA19190	150	13.6	816
barcode65	lpa5104	2301	175	2026-02-03T03:03:00Z	HG01593	161	13.6	816
barcode70	lpa5104	2080	176	2026-02-03T03:03:00Z	NA18868	159	13.6	816
barcode67	lpa5104	1703	170	2026-02-03T03:11:00Z	HG02778	159	13.733333333333333	824
barcode68	lpa5104	2150	171	2026-02-03T03:11:00Z	HG03234	163	13.733333333333333	824
barcode66	lpa5104	1743	172	2026-02-03T03:11:00Z	HG02657	161	13.733333333333333	824
barcode71	lpa5104	1609	173	2026-02-03T03:11:00Z	NA19098	159	13.733333333333333	824
barcode72	lpa5104	2153	174	2026-02-03T03:11:00Z	NA19190	151	13.733333333333333	824
barcode65	lpa5104	2301	175	2026-02-03T03:11:00Z	HG01593	162	13.733333333333333	824
barcode70	lpa5104	2080	176	2026-02-03T03:11:00Z	NA18868	160	13.733333333333333	824
barcode69	lpa5104	1890	177	2026-02-03T03:11:00Z	HG03765	158	13.733333333333333	824
barcode67	lpa5104	1703	170	2026-02-03T03:22:00Z	HG02778	160	13.916666666666666	835
barcode66	lpa5104	1743	172	2026-02-03T03:22:00Z	HG02657	162	13.916666666666666	835
barcode71	lpa5104	1609	173	2026-02-03T03:22:00Z	NA19098	160	13.916666666666666	835
barcode72	lpa5104	2153	174	2026-02-03T03:22:00Z	NA19190	152	13.916666666666666	835
barcode65	lpa5104	2301	175	2026-02-03T03:22:00Z	HG01593	163	13.916666666666666	835
barcode70	lpa5104	2080	176	2026-02-03T03:22:00Z	NA18868	161	13.916666666666666	835
barcode69	lpa5104	1890	177	2026-02-03T03:22:00Z	HG03765	159	13.916666666666666	835
barcode68	lpa5104	2176	178	2026-02-03T03:22:00Z	HG03234	164	13.916666666666666	835
barcode66	lpa5104	1743	172	2026-02-03T03:26:00Z	HG02657	163	13.983333333333333	839
barcode71	lpa5104	1609	173	2026-02-03T03:26:00Z	NA19098	161	13.983333333333333	839
barcode72	lpa5104	2153	174	2026-02-03T03:26:00Z	NA19190	153	13.983333333333333	839
barcode65	lpa5104	2301	175	2026-02-03T03:26:00Z	HG01593	164	13.983333333333333	839
barcode70	lpa5104	2080	176	2026-02-03T03:26:00Z	NA18868	162	13.983333333333333	839
barcode69	lpa5104	1890	177	2026-02-03T03:26:00Z	HG03765	160	13.983333333333333	839
barcode68	lpa5104	2176	178	2026-02-03T03:26:00Z	HG03234	165	13.983333333333333	839
barcode67	lpa5104	1737	179	2026-02-03T03:26:00Z	HG02778	161	13.983333333333333	839
barcode71	lpa5104	1609	173	2026-02-03T03:41:00Z	NA19098	162	14.233333333333333	854
barcode72	lpa5104	2153	174	2026-02-03T03:41:00Z	NA19190	154	14.233333333333333	854
barcode65	lpa5104	2301	175	2026-02-03T03:41:00Z	HG01593	165	14.233333333333333	854
barcode70	lpa5104	2080	176	2026-02-03T03:41:00Z	NA18868	163	14.233333333333333	854
barcode69	lpa5104	1890	177	2026-02-03T03:41:00Z	HG03765	161	14.233333333333333	854
barcode68	lpa5104	2176	178	2026-02-03T03:41:00Z	HG03234	166	14.233333333333333	854
barcode67	lpa5104	1737	179	2026-02-03T03:41:00Z	HG02778	162	14.233333333333333	854
barcode66	lpa5104	1790	180	2026-02-03T03:41:00Z	HG02657	164	14.233333333333333	854
barcode72	lpa5104	2153	174	2026-02-03T03:46:00Z	NA19190	155	14.316666666666666	859
barcode65	lpa5104	2301	175	2026-02-03T03:46:00Z	HG01593	166	14.316666666666666	859
barcode70	lpa5104	2080	176	2026-02-03T03:46:00Z	NA18868	164	14.316666666666666	859
barcode69	lpa5104	1890	177	2026-02-03T03:46:00Z	HG03765	162	14.316666666666666	859
barcode68	lpa5104	2176	178	2026-02-03T03:46:00Z	HG03234	167	14.316666666666666	859
barcode67	lpa5104	1737	179	2026-02-03T03:46:00Z	HG02778	163	14.316666666666666	859
barcode66	lpa5104	1790	180	2026-02-03T03:46:00Z	HG02657	165	14.316666666666666	859
barcode71	lpa5104	1655	181	2026-02-03T03:46:00Z	NA19098	163	14.316666666666666	859
barcode70	lpa5104	2080	176	2026-02-03T03:47:00Z	NA18868	165	14.333333333333334	860
barcode69	lpa5104	1890	177	2026-02-03T03:47:00Z	HG03765	163	14.333333333333334	860
barcode68	lpa5104	2176	178	2026-02-03T03:47:00Z	HG03234	168	14.333333333333334	860
barcode67	lpa5104	1737	179	2026-02-03T03:47:00Z	HG02778	164	14.333333333333334	860
barcode66	lpa5104	1790	180	2026-02-03T03:47:00Z	HG02657	166	14.333333333333334	860
barcode71	lpa5104	1655	181	2026-02-03T03:47:00Z	NA19098	164	14.333333333333334	860
barcode65	lpa5104	2346	182	2026-02-03T03:47:00Z	HG01593	167	14.333333333333334	860
barcode72	lpa5104	2254	183	2026-02-03T03:47:00Z	NA19190	156	14.333333333333334	860
barcode69	lpa5104	1890	177	2026-02-03T03:54:00Z	HG03765	164	14.45	867
barcode68	lpa5104	2176	178	2026-02-03T03:54:00Z	HG03234	169	14.45	867
barcode67	lpa5104	1737	179	2026-02-03T03:54:00Z	HG02778	165	14.45	867
barcode66	lpa5104	1790	180	2026-02-03T03:54:00Z	HG02657	167	14.45	867
barcode71	lpa5104	1655	181	2026-02-03T03:54:00Z	NA19098	165	14.45	867
barcode65	lpa5104	2346	182	2026-02-03T03:54:00Z	HG01593	168	14.45	867
barcode72	lpa5104	2254	183	2026-02-03T03:54:00Z	NA19190	157	14.45	867
barcode70	lpa5104	2145	184	2026-02-03T03:54:00Z	NA18868	166	14.45	867
barcode69	lpa5104	1890	177	2026-02-03T04:04:00Z	HG03765	165	14.616666666666667	877
barcode67	lpa5104	1737	179	2026-02-03T04:04:00Z	HG02778	166	14.616666666666667	877
barcode66	lpa5104	1790	180	2026-02-03T04:04:00Z	HG02657	168	14.616666666666667	877
barcode71	lpa5104	1655	181	2026-02-03T04:04:00Z	NA19098	166	14.616666666666667	877
barcode65	lpa5104	2346	182	2026-02-03T04:04:00Z	HG01593	169	14.616666666666667	877
barcode72	lpa5104	2254	183	2026-02-03T04:04:00Z	NA19190	158	14.616666666666667	877
barcode70	lpa5104	2145	184	2026-02-03T04:04:00Z	NA18868	167	14.616666666666667	877
barcode68	lpa5104	2193	185	2026-02-03T04:04:00Z	HG03234	170	14.616666666666667	877
barcode67	lpa5104	1737	179	2026-02-03T04:07:00Z	HG02778	167	14.666666666666666	880
barcode66	lpa5104	1790	180	2026-02-03T04:07:00Z	HG02657	169	14.666666666666666	880
barcode71	lpa5104	1655	181	2026-02-03T04:07:00Z	NA19098	167	14.666666666666666	880
barcode65	lpa5104	2346	182	2026-02-03T04:07:00Z	HG01593	170	14.666666666666666	880
barcode72	lpa5104	2254	183	2026-02-03T04:07:00Z	NA19190	159	14.666666666666666	880
barcode70	lpa5104	2145	184	2026-02-03T04:07:00Z	NA18868	168	14.666666666666666	880
barcode68	lpa5104	2193	185	2026-02-03T04:07:00Z	HG03234	171	14.666666666666666	880
barcode69	lpa5104	1989	186	2026-02-03T04:07:00Z	HG03765	166	14.666666666666666	880
barcode66	lpa5104	1790	180	2026-02-03T04:18:00Z	HG02657	170	14.85	891
barcode71	lpa5104	1655	181	2026-02-03T04:18:00Z	NA19098	168	14.85	891
barcode65	lpa5104	2346	182	2026-02-03T04:18:00Z	HG01593	171	14.85	891
barcode72	lpa5104	2254	183	2026-02-03T04:18:00Z	NA19190	160	14.85	891
barcode70	lpa5104	2145	184	2026-02-03T04:18:00Z	NA18868	169	14.85	891
barcode68	lpa5104	2193	185	2026-02-03T04:18:00Z	HG03234	172	14.85	891
barcode69	lpa5104	1989	186	2026-02-03T04:18:00Z	HG03765	167	14.85	891
barcode67	lpa5104	1772	187	2026-02-03T04:18:00Z	HG02778	168	14.85	891
barcode71	lpa5104	1655	181	2026-02-03T04:35:00Z	NA19098	169	15.133333333333333	908
barcode65	lpa5104	2346	182	2026-02-03T04:35:00Z	HG01593	172	15.133333333333333	908
barcode72	lpa5104	2254	183	2026-02-03T04:35:00Z	NA19190	161	15.133333333333333	908
barcode70	lpa5104	2145	184	2026-02-03T04:35:00Z	NA18868	170	15.133333333333333	908
barcode68	lpa5104	2193	185	2026-02-03T04:35:00Z	HG03234	173	15.133333333333333	908
barcode69	lpa5104	1989	186	2026-02-03T04:35:00Z	HG03765	168	15.133333333333333	908
barcode67	lpa5104	1772	187	2026-02-03T04:35:00Z	HG02778	169	15.133333333333333	908
barcode66	lpa5104	1817	188	2026-02-03T04:35:00Z	HG02657	171	15.133333333333333	908
barcode71	lpa5104	1655	181	2026-02-03T04:36:00Z	NA19098	170	15.15	909
barcode72	lpa5104	2254	183	2026-02-03T04:36:00Z	NA19190	162	15.15	909
barcode70	lpa5104	2145	184	2026-02-03T04:36:00Z	NA18868	171	15.15	909
barcode68	lpa5104	2193	185	2026-02-03T04:36:00Z	HG03234	174	15.15	909
barcode69	lpa5104	1989	186	2026-02-03T04:36:00Z	HG03765	169	15.15	909
barcode67	lpa5104	1772	187	2026-02-03T04:36:00Z	HG02778	170	15.15	909
barcode66	lpa5104	1817	188	2026-02-03T04:36:00Z	HG02657	172	15.15	909
barcode65	lpa5104	2403	189	2026-02-03T04:36:00Z	HG01593	173	15.15	909
barcode72	lpa5104	2254	183	2026-02-03T04:42:00Z	NA19190	163	15.25	915
barcode70	lpa5104	2145	184	2026-02-03T04:42:00Z	NA18868	172	15.25	915
barcode68	lpa5104	2193	185	2026-02-03T04:42:00Z	HG03234	175	15.25	915
barcode69	lpa5104	1989	186	2026-02-03T04:42:00Z	HG03765	170	15.25	915
barcode67	lpa5104	1772	187	2026-02-03T04:42:00Z	HG02778	171	15.25	915
barcode66	lpa5104	1817	188	2026-02-03T04:42:00Z	HG02657	173	15.25	915
barcode65	lpa5104	2403	189	2026-02-03T04:42:00Z	HG01593	174	15.25	915
barcode71	lpa5104	1682	190	2026-02-03T04:42:00Z	NA19098	171	15.25	915
barcode70	lpa5104	2145	184	2026-02-03T04:43:00Z	NA18868	173	15.266666666666667	916
barcode68	lpa5104	2193	185	2026-02-03T04:43:00Z	HG03234	176	15.266666666666667	916
barcode69	lpa5104	1989	186	2026-02-03T04:43:00Z	HG03765	171	15.266666666666667	916
barcode67	lpa5104	1772	187	2026-02-03T04:43:00Z	HG02778	172	15.266666666666667	916
barcode66	lpa5104	1817	188	2026-02-03T04:43:00Z	HG02657	174	15.266666666666667	916
barcode65	lpa5104	2403	189	2026-02-03T04:43:00Z	HG01593	175	15.266666666666667	916
barcode71	lpa5104	1682	190	2026-02-03T04:43:00Z	NA19098	172	15.266666666666667	916
barcode72	lpa5104	2350	191	2026-02-03T04:43:00Z	NA19190	164	15.266666666666667	916
barcode68	lpa5104	2193	185	2026-02-03T04:48:00Z	HG03234	177	15.35	921
barcode69	lpa5104	1989	186	2026-02-03T04:48:00Z	HG03765	172	15.35	921
barcode67	lpa5104	1772	187	2026-02-03T04:48:00Z	HG02778	173	15.35	921
barcode66	lpa5104	1817	188	2026-02-03T04:48:00Z	HG02657	175	15.35	921
barcode65	lpa5104	2403	189	2026-02-03T04:48:00Z	HG01593	176	15.35	921
barcode71	lpa5104	1682	190	2026-02-03T04:48:00Z	NA19098	173	15.35	921
barcode72	lpa5104	2350	191	2026-02-03T04:48:00Z	NA19190	165	15.35	921
barcode70	lpa5104	2193	192	2026-02-03T04:48:00Z	NA18868	174	15.35	921
barcode69	lpa5104	1989	186	2026-02-03T04:50:00Z	HG03765	173	15.383333333333333	923
barcode67	lpa5104	1772	187	2026-02-03T04:50:00Z	HG02778	174	15.383333333333333	923
barcode66	lpa5104	1817	188	2026-02-03T04:50:00Z	HG02657	176	15.383333333333333	923
barcode65	lpa5104	2403	189	2026-02-03T04:50:00Z	HG01593	177	15.383333333333333	923
barcode71	lpa5104	1682	190	2026-02-03T04:50:00Z	NA19098	174	15.383333333333333	923
barcode72	lpa5104	2350	191	2026-02-03T04:50:00Z	NA19190	166	15.383333333333333	923
barcode70	lpa5104	2193	192	2026-02-03T04:50:00Z	NA18868	175	15.383333333333333	923
barcode68	lpa5104	2251	193	2026-02-03T04:50:00Z	HG03234	178	15.383333333333333	923
barcode67	lpa5104	1772	187	2026-02-03T05:06:00Z	HG02778	175	15.65	939
barcode66	lpa5104	1817	188	2026-02-03T05:06:00Z	HG02657	177	15.65	939
barcode65	lpa5104	2403	189	2026-02-03T05:06:00Z	HG01593	178	15.65	939
barcode71	lpa5104	1682	190	2026-02-03T05:06:00Z	NA19098	175	15.65	939
barcode72	lpa5104	2350	191	2026-02-03T05:06:00Z	NA19190	167	15.65	939
barcode70	lpa5104	2193	192	2026-02-03T05:06:00Z	NA18868	176	15.65	939
barcode68	lpa5104	2251	193	2026-02-03T05:06:00Z	HG03234	179	15.65	939
barcode69	lpa5104	2075	194	2026-02-03T05:06:00Z	HG03765	174	15.65	939
barcode66	lpa5104	1817	188	2026-02-03T05:13:00Z	HG02657	178	15.766666666666667	946
barcode65	lpa5104	2403	189	2026-02-03T05:13:00Z	HG01593	179	15.766666666666667	946
barcode71	lpa5104	1682	190	2026-02-03T05:13:00Z	NA19098	176	15.766666666666667	946
barcode72	lpa5104	2350	191	2026-02-03T05:13:00Z	NA19190	168	15.766666666666667	946
barcode70	lpa5104	2193	192	2026-02-03T05:13:00Z	NA18868	177	15.766666666666667	946
barcode68	lpa5104	2251	193	2026-02-03T05:13:00Z	HG03234	180	15.766666666666667	946
barcode69	lpa5104	2075	194	2026-02-03T05:13:00Z	HG03765	175	15.766666666666667	946
barcode67	lpa5104	1787	195	2026-02-03T05:13:00Z	HG02778	176	15.766666666666667	946
barcode66	lpa5104	1817	188	2026-02-03T05:22:00Z	HG02657	179	15.916666666666666	955
barcode71	lpa5104	1682	190	2026-02-03T05:22:00Z	NA19098	177	15.916666666666666	955
barcode72	lpa5104	2350	191	2026-02-03T05:22:00Z	NA19190	169	15.916666666666666	955
barcode70	lpa5104	2193	192	2026-02-03T05:22:00Z	NA18868	178	15.916666666666666	955
barcode68	lpa5104	2251	193	2026-02-03T05:22:00Z	HG03234	181	15.916666666666666	955
barcode69	lpa5104	2075	194	2026-02-03T05:22:00Z	HG03765	176	15.916666666666666	955
barcode67	lpa5104	1787	195	2026-02-03T05:22:00Z	HG02778	177	15.916666666666666	955
barcode65	lpa5104	2451	196	2026-02-03T05:22:00Z	HG01593	180	15.916666666666666	955
barcode71	lpa5104	1682	190	2026-02-03T05:27:00Z	NA19098	178	16	960
barcode72	lpa5104	2350	191	2026-02-03T05:27:00Z	NA19190	170	16	960
barcode70	lpa5104	2193	192	2026-02-03T05:27:00Z	NA18868	179	16	960
barcode68	lpa5104	2251	193	2026-02-03T05:27:00Z	HG03234	182	16	960
barcode69	lpa5104	2075	194	2026-02-03T05:27:00Z	HG03765	177	16	960
barcode67	lpa5104	1787	195	2026-02-03T05:27:00Z	HG02778	178	16	960
barcode65	lpa5104	2451	196	2026-02-03T05:27:00Z	HG01593	181	16	960
barcode66	lpa5104	1851	197	2026-02-03T05:27:00Z	HG02657	180	16	960
barcode71	lpa5104	1682	190	2026-02-03T05:34:00Z	NA19098	179	16.116666666666667	967
barcode72	lpa5104	2350	191	2026-02-03T05:34:00Z	NA19190	171	16.116666666666667	967
barcode70	lpa5104	2193	192	2026-02-03T05:34:00Z	NA18868	180	16.116666666666667	967
barcode69	lpa5104	2075	194	2026-02-03T05:34:00Z	HG03765	178	16.116666666666667	967
barcode67	lpa5104	1787	195	2026-02-03T05:34:00Z	HG02778	179	16.116666666666667	967
barcode65	lpa5104	2451	196	2026-02-03T05:34:00Z	HG01593	182	16.116666666666667	967
barcode66	lpa5104	1851	197	2026-02-03T05:34:00Z	HG02657	181	16.116666666666667	967
barcode68	lpa5104	2274	198	2026-02-03T05:34:00Z	HG03234	183	16.116666666666667	967
barcode72	lpa5104	2350	191	2026-02-03T05:36:00Z	NA19190	172	16.15	969
barcode70	lpa5104	2193	192	2026-02-03T05:36:00Z	NA18868	181	16.15	969
barcode69	lpa5104	2075	194	2026-02-03T05:36:00Z	HG03765	179	16.15	969
barcode67	lpa5104	1787	195	2026-02-03T05:36:00Z	HG02778	180	16.15	969
barcode65	lpa5104	2451	196	2026-02-03T05:36:00Z	HG01593	183	16.15	969
barcode66	lpa5104	1851	197	2026-02-03T05:36:00Z	HG02657	182	16.15	969
barcode68	lpa5104	2274	198	2026-02-03T05:36:00Z	HG03234	184	16.15	969
barcode71	lpa5104	1696	199	2026-02-03T05:36:00Z	NA19098	180	16.15	969
barcode70	lpa5104	2193	192	2026-02-03T05:37:00Z	NA18868	182	16.166666666666668	970
barcode69	lpa5104	2075	194	2026-02-03T05:37:00Z	HG03765	180	16.166666666666668	970
barcode67	lpa5104	1787	195	2026-02-03T05:37:00Z	HG02778	181	16.166666666666668	970
barcode65	lpa5104	2451	196	2026-02-03T05:37:00Z	HG01593	184	16.166666666666668	970
barcode66	lpa5104	1851	197	2026-02-03T05:37:00Z	HG02657	183	16.166666666666668	970
barcode68	lpa5104	2274	198	2026-02-03T05:37:00Z	HG03234	185	16.166666666666668	970
barcode71	lpa5104	1696	199	2026-02-03T05:37:00Z	NA19098	181	16.166666666666668	970
barcode72	lpa5104	2436	200	2026-02-03T05:37:00Z	NA19190	173	16.166666666666668	970
barcode69	lpa5104	2075	194	2026-02-03T05:40:00Z	HG03765	181	16.216666666666665	973
barcode67	lpa5104	1787	195	2026-02-03T05:40:00Z	HG02778	182	16.216666666666665	973
barcode65	lpa5104	2451	196	2026-02-03T05:40:00Z	HG01593	185	16.216666666666665	973
barcode66	lpa5104	1851	197	2026-02-03T05:40:00Z	HG02657	184	16.216666666666665	973
barcode68	lpa5104	2274	198	2026-02-03T05:40:00Z	HG03234	186	16.216666666666665	973
barcode71	lpa5104	1696	199	2026-02-03T05:40:00Z	NA19098	182	16.216666666666665	973
barcode72	lpa5104	2436	200	2026-02-03T05:40:00Z	NA19190	174	16.216666666666665	973
barcode70	lpa5104	2246	201	2026-02-03T05:40:00Z	NA18868	183	16.216666666666665	973
barcode67	lpa5104	1787	195	2026-02-03T06:07:00Z	HG02778	183	16.666666666666668	1000
barcode65	lpa5104	2451	196	2026-02-03T06:07:00Z	HG01593	186	16.666666666666668	1000
barcode66	lpa5104	1851	197	2026-02-03T06:07:00Z	HG02657	185	16.666666666666668	1000
barcode68	lpa5104	2274	198	2026-02-03T06:07:00Z	HG03234	187	16.666666666666668	1000
barcode71	lpa5104	1696	199	2026-02-03T06:07:00Z	NA19098	183	16.666666666666668	1000
barcode72	lpa5104	2436	200	2026-02-03T06:07:00Z	NA19190	175	16.666666666666668	1000
barcode70	lpa5104	2246	201	2026-02-03T06:07:00Z	NA18868	184	16.666666666666668	1000
barcode69	lpa5104	2167	202	2026-02-03T06:07:00Z	HG03765	182	16.666666666666668	1000
barcode65	lpa5104	2451	196	2026-02-03T06:08:00Z	HG01593	187	16.683333333333334	1001
barcode66	lpa5104	1851	197	2026-02-03T06:08:00Z	HG02657	186	16.683333333333334	1001
barcode68	lpa5104	2274	198	2026-02-03T06:08:00Z	HG03234	188	16.683333333333334	1001
barcode71	lpa5104	1696	199	2026-02-03T06:08:00Z	NA19098	184	16.683333333333334	1001
barcode72	lpa5104	2436	200	2026-02-03T06:08:00Z	NA19190	176	16.683333333333334	1001
barcode70	lpa5104	2246	201	2026-02-03T06:08:00Z	NA18868	185	16.683333333333334	1001
barcode69	lpa5104	2167	202	2026-02-03T06:08:00Z	HG03765	183	16.683333333333334	1001
barcode67	lpa5104	1801	203	2026-02-03T06:08:00Z	HG02778	184	16.683333333333334	1001
barcode66	lpa5104	1851	197	2026-02-03T06:11:00Z	HG02657	187	16.733333333333334	1004
barcode68	lpa5104	2274	198	2026-02-03T06:11:00Z	HG03234	189	16.733333333333334	1004
barcode71	lpa5104	1696	199	2026-02-03T06:11:00Z	NA19098	185	16.733333333333334	1004
barcode72	lpa5104	2436	200	2026-02-03T06:11:00Z	NA19190	177	16.733333333333334	1004
barcode70	lpa5104	2246	201	2026-02-03T06:11:00Z	NA18868	186	16.733333333333334	1004
barcode69	lpa5104	2167	202	2026-02-03T06:11:00Z	HG03765	184	16.733333333333334	1004
barcode67	lpa5104	1801	203	2026-02-03T06:11:00Z	HG02778	185	16.733333333333334	1004
barcode65	lpa5104	2501	204	2026-02-03T06:11:00Z	HG01593	188	16.733333333333334	1004
barcode66	lpa5104	1851	197	2026-02-03T06:18:00Z	HG02657	188	16.85	1011
barcode71	lpa5104	1696	199	2026-02-03T06:18:00Z	NA19098	186	16.85	1011
barcode72	lpa5104	2436	200	2026-02-03T06:18:00Z	NA19190	178	16.85	1011
barcode70	lpa5104	2246	201	2026-02-03T06:18:00Z	NA18868	187	16.85	1011
barcode69	lpa5104	2167	202	2026-02-03T06:18:00Z	HG03765	185	16.85	1011
barcode67	lpa5104	1801	203	2026-02-03T06:18:00Z	HG02778	186	16.85	1011
barcode65	lpa5104	2501	204	2026-02-03T06:18:00Z	HG01593	189	16.85	1011
barcode68	lpa5104	2307	205	2026-02-03T06:18:00Z	HG03234	190	16.85	1011
barcode71	lpa5104	1696	199	2026-02-03T06:21:00Z	NA19098	187	16.9	1014
barcode72	lpa5104	2436	200	2026-02-03T06:21:00Z	NA19190	179	16.9	1014
barcode70	lpa5104	2246	201	2026-02-03T06:21:00Z	NA18868	188	16.9	1014
barcode69	lpa5104	2167	202	2026-02-03T06:21:00Z	HG03765	186	16.9	1014
barcode67	lpa5104	1801	203	2026-02-03T06:21:00Z	HG02778	187	16.9	1014
barcode65	lpa5104	2501	204	2026-02-03T06:21:00Z	HG01593	190	16.9	1014
barcode68	lpa5104	2307	205	2026-02-03T06:21:00Z	HG03234	191	16.9	1014
barcode66	lpa5104	1879	206	2026-02-03T06:21:00Z	HG02657	189	16.9	1014
barcode72	lpa5104	2436	200	2026-02-03T06:30:00Z	NA19190	180	17.05	1023
barcode70	lpa5104	2246	201	2026-02-03T06:30:00Z	NA18868	189	17.05	1023
barcode69	lpa5104	2167	202	2026-02-03T06:30:00Z	HG03765	187	17.05	1023
barcode67	lpa5104	1801	203	2026-02-03T06:30:00Z	HG02778	188	17.05	1023
barcode65	lpa5104	2501	204	2026-02-03T06:30:00Z	HG01593	191	17.05	1023
barcode68	lpa5104	2307	205	2026-02-03T06:30:00Z	HG03234	192	17.05	1023
barcode66	lpa5104	1879	206	2026-02-03T06:30:00Z	HG02657	190	17.05	1023
barcode71	lpa5104	1725	207	2026-02-03T06:30:00Z	NA19098	188	17.05	1023
barcode70	lpa5104	2246	201	2026-02-03T06:32:00Z	NA18868	190	17.083333333333332	1025
barcode69	lpa5104	2167	202	2026-02-03T06:32:00Z	HG03765	188	17.083333333333332	1025
barcode67	lpa5104	1801	203	2026-02-03T06:32:00Z	HG02778	189	17.083333333333332	1025
barcode65	lpa5104	2501	204	2026-02-03T06:32:00Z	HG01593	192	17.083333333333332	1025
barcode68	lpa5104	2307	205	2026-02-03T06:32:00Z	HG03234	193	17.083333333333332	1025
barcode66	lpa5104	1879	206	2026-02-03T06:32:00Z	HG02657	191	17.083333333333332	1025
barcode71	lpa5104	1725	207	2026-02-03T06:32:00Z	NA19098	189	17.083333333333332	1025
barcode72	lpa5104	2501	208	2026-02-03T06:32:00Z	NA19190	181	17.083333333333332	1025
barcode69	lpa5104	2167	202	2026-02-03T06:34:00Z	HG03765	189	17.116666666666667	1027
barcode67	lpa5104	1801	203	2026-02-03T06:34:00Z	HG02778	190	17.116666666666667	1027
barcode65	lpa5104	2501	204	2026-02-03T06:34:00Z	HG01593	193	17.116666666666667	1027
barcode68	lpa5104	2307	205	2026-02-03T06:34:00Z	HG03234	194	17.116666666666667	1027
barcode66	lpa5104	1879	206	2026-02-03T06:34:00Z	HG02657	192	17.116666666666667	1027
barcode71	lpa5104	1725	207	2026-02-03T06:34:00Z	NA19098	190	17.116666666666667	1027
barcode72	lpa5104	2501	208	2026-02-03T06:34:00Z	NA19190	182	17.116666666666667	1027
barcode70	lpa5104	2279	209	2026-02-03T06:34:00Z	NA18868	191	17.116666666666667	1027
barcode69	lpa5104	2167	202	2026-02-03T06:55:00Z	HG03765	190	17.466666666666665	1048
barcode67	lpa5104	1801	203	2026-02-03T06:55:00Z	HG02778	191	17.466666666666665	1048
barcode68	lpa5104	2307	205	2026-02-03T06:55:00Z	HG03234	195	17.466666666666665	1048
barcode66	lpa5104	1879	206	2026-02-03T06:55:00Z	HG02657	193	17.466666666666665	1048
barcode71	lpa5104	1725	207	2026-02-03T06:55:00Z	NA19098	191	17.466666666666665	1048
barcode72	lpa5104	2501	208	2026-02-03T06:55:00Z	NA19190	183	17.466666666666665	1048
barcode70	lpa5104	2279	209	2026-02-03T06:55:00Z	NA18868	192	17.466666666666665	1048
barcode65	lpa5104	2531	210	2026-02-03T06:55:00Z	HG01593	194	17.466666666666665	1048
barcode69	lpa5104	2167	202	2026-02-03T06:58:00Z	HG03765	191	17.516666666666666	1051
barcode68	lpa5104	2307	205	2026-02-03T06:58:00Z	HG03234	196	17.516666666666666	1051
barcode66	lpa5104	1879	206	2026-02-03T06:58:00Z	HG02657	194	17.516666666666666	1051
barcode71	lpa5104	1725	207	2026-02-03T06:58:00Z	NA19098	192	17.516666666666666	1051
barcode72	lpa5104	2501	208	2026-02-03T06:58:00Z	NA19190	184	17.516666666666666	1051
barcode70	lpa5104	2279	209	2026-02-03T06:58:00Z	NA18868	193	17.516666666666666	1051
barcode65	lpa5104	2531	210	2026-02-03T06:58:00Z	HG01593	195	17.516666666666666	1051
barcode67	lpa5104	1827	211	2026-02-03T06:58:00Z	HG02778	192	17.516666666666666	1051
barcode69	lpa5104	2167	202	2026-02-03T07:00:00Z	HG03765	192	17.55	1053
barcode66	lpa5104	1879	206	2026-02-03T07:00:00Z	HG02657	195	17.55	1053
barcode71	lpa5104	1725	207	2026-02-03T07:00:00Z	NA19098	193	17.55	1053
barcode72	lpa5104	2501	208	2026-02-03T07:00:00Z	NA19190	185	17.55	1053
barcode70	lpa5104	2279	209	2026-02-03T07:00:00Z	NA18868	194	17.55	1053
barcode65	lpa5104	2531	210	2026-02-03T07:00:00Z	HG01593	196	17.55	1053
barcode67	lpa5104	1827	211	2026-02-03T07:00:00Z	HG02778	193	17.55	1053
barcode68	lpa5104	2336	212	2026-02-03T07:00:00Z	HG03234	197	17.55	1053
barcode66	lpa5104	1879	206	2026-02-03T07:02:00Z	HG02657	196	17.583333333333332	1055
barcode71	lpa5104	1725	207	2026-02-03T07:02:00Z	NA19098	194	17.583333333333332	1055
barcode72	lpa5104	2501	208	2026-02-03T07:02:00Z	NA19190	186	17.583333333333332	1055
barcode70	lpa5104	2279	209	2026-02-03T07:02:00Z	NA18868	195	17.583333333333332	1055
barcode65	lpa5104	2531	210	2026-02-03T07:02:00Z	HG01593	197	17.583333333333332	1055
barcode67	lpa5104	1827	211	2026-02-03T07:02:00Z	HG02778	194	17.583333333333332	1055
barcode68	lpa5104	2336	212	2026-02-03T07:02:00Z	HG03234	198	17.583333333333332	1055
barcode69	lpa5104	2237	213	2026-02-03T07:02:00Z	HG03765	193	17.583333333333332	1055
barcode71	lpa5104	1725	207	2026-02-03T07:10:00Z	NA19098	195	17.716666666666665	1063
barcode72	lpa5104	2501	208	2026-02-03T07:10:00Z	NA19190	187	17.716666666666665	1063
barcode70	lpa5104	2279	209	2026-02-03T07:10:00Z	NA18868	196	17.716666666666665	1063
barcode65	lpa5104	2531	210	2026-02-03T07:10:00Z	HG01593	198	17.716666666666665	1063
barcode67	lpa5104	1827	211	2026-02-03T07:10:00Z	HG02778	195	17.716666666666665	1063
barcode68	lpa5104	2336	212	2026-02-03T07:10:00Z	HG03234	199	17.716666666666665	1063
barcode69	lpa5104	2237	213	2026-02-03T07:10:00Z	HG03765	194	17.716666666666665	1063
barcode66	lpa5104	1908	214	2026-02-03T07:10:00Z	HG02657	197	17.716666666666665	1063
barcode72	lpa5104	2501	208	2026-02-03T07:23:00Z	NA19190	188	17.933333333333334	1076
barcode70	lpa5104	2279	209	2026-02-03T07:23:00Z	NA18868	197	17.933333333333334	1076
barcode65	lpa5104	2531	210	2026-02-03T07:23:00Z	HG01593	199	17.933333333333334	1076
barcode67	lpa5104	1827	211	2026-02-03T07:23:00Z	HG02778	196	17.933333333333334	1076
barcode68	lpa5104	2336	212	2026-02-03T07:23:00Z	HG03234	200	17.933333333333334	1076
barcode69	lpa5104	2237	213	2026-02-03T07:23:00Z	HG03765	195	17.933333333333334	1076
barcode66	lpa5104	1908	214	2026-02-03T07:23:00Z	HG02657	198	17.933333333333334	1076
barcode71	lpa5104	1736	215	2026-02-03T07:23:00Z	NA19098	196	17.933333333333334	1076
barcode65	lpa5104	2531	210	2026-02-03T07:24:00Z	HG01593	200	17.95	1077
barcode67	lpa5104	1827	211	2026-02-03T07:24:00Z	HG02778	197	17.95	1077
barcode68	lpa5104	2336	212	2026-02-03T07:24:00Z	HG03234	201	17.95	1077
barcode69	lpa5104	2237	213	2026-02-03T07:24:00Z	HG03765	196	17.95	1077
barcode66	lpa5104	1908	214	2026-02-03T07:24:00Z	HG02657	199	17.95	1077
barcode71	lpa5104	1736	215	2026-02-03T07:24:00Z	NA19098	197	17.95	1077
barcode72	lpa5104	2561	216	2026-02-03T07:24:00Z	NA19190	189	17.95	1077
barcode70	lpa5104	2317	217	2026-02-03T07:24:00Z	NA18868	198	17.95	1077
barcode67	lpa5104	1827	211	2026-02-03T07:44:00Z	HG02778	198	18.283333333333335	1097
barcode68	lpa5104	2336	212	2026-02-03T07:44:00Z	HG03234	202	18.283333333333335	1097
barcode69	lpa5104	2237	213	2026-02-03T07:44:00Z	HG03765	197	18.283333333333335	1097
barcode66	lpa5104	1908	214	2026-02-03T07:44:00Z	HG02657	200	18.283333333333335	1097
barcode71	lpa5104	1736	215	2026-02-03T07:44:00Z	NA19098	198	18.283333333333335	1097
barcode72	lpa5104	2561	216	2026-02-03T07:44:00Z	NA19190	190	18.283333333333335	1097
barcode70	lpa5104	2317	217	2026-02-03T07:44:00Z	NA18868	199	18.283333333333335	1097
barcode65	lpa5104	2574	218	2026-02-03T07:44:00Z	HG01593	201	18.283333333333335	1097
barcode67	lpa5104	1827	211	2026-02-03T07:47:00Z	HG02778	199	18.333333333333332	1100
barcode69	lpa5104	2237	213	2026-02-03T07:47:00Z	HG03765	198	18.333333333333332	1100
barcode66	lpa5104	1908	214	2026-02-03T07:47:00Z	HG02657	201	18.333333333333332	1100
barcode71	lpa5104	1736	215	2026-02-03T07:47:00Z	NA19098	199	18.333333333333332	1100
barcode72	lpa5104	2561	216	2026-02-03T07:47:00Z	NA19190	191	18.333333333333332	1100
barcode70	lpa5104	2317	217	2026-02-03T07:47:00Z	NA18868	200	18.333333333333332	1100
barcode65	lpa5104	2574	218	2026-02-03T07:47:00Z	HG01593	202	18.333333333333332	1100
barcode68	lpa5104	2361	219	2026-02-03T07:47:00Z	HG03234	203	18.333333333333332	1100
barcode69	lpa5104	2237	213	2026-02-03T07:55:00Z	HG03765	199	18.466666666666665	1108
barcode66	lpa5104	1908	214	2026-02-03T07:55:00Z	HG02657	202	18.466666666666665	1108
barcode71	lpa5104	1736	215	2026-02-03T07:55:00Z	NA19098	200	18.466666666666665	1108
barcode72	lpa5104	2561	216	2026-02-03T07:55:00Z	NA19190	192	18.466666666666665	1108
barcode70	lpa5104	2317	217	2026-02-03T07:55:00Z	NA18868	201	18.466666666666665	1108
barcode65	lpa5104	2574	218	2026-02-03T07:55:00Z	HG01593	203	18.466666666666665	1108
barcode68	lpa5104	2361	219	2026-02-03T07:55:00Z	HG03234	204	18.466666666666665	1108
barcode67	lpa5104	1840	220	2026-02-03T07:55:00Z	HG02778	200	18.466666666666665	1108
barcode66	lpa5104	1908	214	2026-02-03T08:03:00Z	HG02657	203	18.6	1116
barcode71	lpa5104	1736	215	2026-02-03T08:03:00Z	NA19098	201	18.6	1116
barcode72	lpa5104	2561	216	2026-02-03T08:03:00Z	NA19190	193	18.6	1116
barcode70	lpa5104	2317	217	2026-02-03T08:03:00Z	NA18868	202	18.6	1116
barcode65	lpa5104	2574	218	2026-02-03T08:03:00Z	HG01593	204	18.6	1116
barcode68	lpa5104	2361	219	2026-02-03T08:03:00Z	HG03234	205	18.6	1116
barcode67	lpa5104	1840	220	2026-02-03T08:03:00Z	HG02778	201	18.6	1116
barcode69	lpa5104	2309	221	2026-02-03T08:03:00Z	HG03765	200	18.6	1116
barcode71	lpa5104	1736	215	2026-02-03T08:07:00Z	NA19098	202	18.666666666666668	1120
barcode72	lpa5104	2561	216	2026-02-03T08:07:00Z	NA19190	194	18.666666666666668	1120
barcode70	lpa5104	2317	217	2026-02-03T08:07:00Z	NA18868	203	18.666666666666668	1120
barcode65	lpa5104	2574	218	2026-02-03T08:07:00Z	HG01593	205	18.666666666666668	1120
barcode68	lpa5104	2361	219	2026-02-03T08:07:00Z	HG03234	206	18.666666666666668	1120
barcode67	lpa5104	1840	220	2026-02-03T08:07:00Z	HG02778	202	18.666666666666668	1120
barcode69	lpa5104	2309	221	2026-02-03T08:07:00Z	HG03765	201	18.666666666666668	1120
barcode66	lpa5104	1933	222	2026-02-03T08:07:00Z	HG02657	204	18.666666666666668	1120
barcode71	lpa5104	1736	215	2026-02-03T08:23:00Z	NA19098	203	18.933333333333334	1136
barcode72	lpa5104	2561	216	2026-02-03T08:23:00Z	NA19190	195	18.933333333333334	1136
barcode65	lpa5104	2574	218	2026-02-03T08:23:00Z	HG01593	206	18.933333333333334	1136
barcode68	lpa5104	2361	219	2026-02-03T08:23:00Z	HG03234	207	18.933333333333334	1136
barcode67	lpa5104	1840	220	2026-02-03T08:23:00Z	HG02778	203	18.933333333333334	1136
barcode69	lpa5104	2309	221	2026-02-03T08:23:00Z	HG03765	202	18.933333333333334	1136
barcode66	lpa5104	1933	222	2026-02-03T08:23:00Z	HG02657	205	18.933333333333334	1136
barcode70	lpa5104	2349	223	2026-02-03T08:23:00Z	NA18868	204	18.933333333333334	1136
barcode65	lpa5104	2574	218	2026-02-03T08:24:00Z	HG01593	207	18.95	1137
barcode68	lpa5104	2361	219	2026-02-03T08:24:00Z	HG03234	208	18.95	1137
barcode67	lpa5104	1840	220	2026-02-03T08:24:00Z	HG02778	204	18.95	1137
barcode69	lpa5104	2309	221	2026-02-03T08:24:00Z	HG03765	203	18.95	1137
barcode66	lpa5104	1933	222	2026-02-03T08:24:00Z	HG02657	206	18.95	1137
barcode70	lpa5104	2349	223	2026-02-03T08:24:00Z	NA18868	205	18.95	1137
barcode71	lpa5104	1754	224	2026-02-03T08:24:00Z	NA19098	204	18.95	1137
barcode72	lpa5104	2599	225	2026-02-03T08:24:00Z	NA19190	196	18.95	1137
barcode68	lpa5104	2361	219	2026-02-03T08:34:00Z	HG03234	209	19.116666666666667	1147
barcode67	lpa5104	1840	220	2026-02-03T08:34:00Z	HG02778	205	19.116666666666667	1147
barcode69	lpa5104	2309	221	2026-02-03T08:34:00Z	HG03765	204	19.116666666666667	1147
barcode66	lpa5104	1933	222	2026-02-03T08:34:00Z	HG02657	207	19.116666666666667	1147
barcode70	lpa5104	2349	223	2026-02-03T08:34:00Z	NA18868	206	19.116666666666667	1147
barcode71	lpa5104	1754	224	2026-02-03T08:34:00Z	NA19098	205	19.116666666666667	1147
barcode72	lpa5104	2599	225	2026-02-03T08:34:00Z	NA19190	197	19.116666666666667	1147
barcode65	lpa5104	2607	226	2026-02-03T08:34:00Z	HG01593	208	19.116666666666667	1147
barcode67	lpa5104	1840	220	2026-02-03T08:35:00Z	HG02778	206	19.133333333333333	1148
barcode69	lpa5104	2309	221	2026-02-03T08:35:00Z	HG03765	205	19.133333333333333	1148
barcode66	lpa5104	1933	222	2026-02-03T08:35:00Z	HG02657	208	19.133333333333333	1148
barcode70	lpa5104	2349	223	2026-02-03T08:35:00Z	NA18868	207	19.133333333333333	1148
barcode71	lpa5104	1754	224	2026-02-03T08:35:00Z	NA19098	206	19.133333333333333	1148
barcode72	lpa5104	2599	225	2026-02-03T08:35:00Z	NA19190	198	19.133333333333333	1148
barcode65	lpa5104	2607	226	2026-02-03T08:35:00Z	HG01593	209	19.133333333333333	1148
barcode68	lpa5104	2378	227	2026-02-03T08:35:00Z	HG03234	210	19.133333333333333	1148
barcode69	lpa5104	2354	1	2026-02-03T08:45:00Z	HG03765	206	19.3	1158
barcode66	lpa5104	1943	2	2026-02-03T08:45:00Z	HG02657	209	19.3	1158
barcode72	lpa5104	2606	3	2026-02-03T08:45:00Z	NA19190	199	19.3	1158
barcode71	lpa5104	1754	4	2026-02-03T08:45:00Z	NA19098	207	19.3	1158
barcode67	lpa5104	1861	5	2026-02-03T08:45:00Z	HG02778	207	19.3	1158
barcode70	lpa5104	2362	6	2026-02-03T08:45:00Z	NA18868	208	19.3	1158
barcode65	lpa5104	2607	7	2026-02-03T08:45:00Z	HG01593	210	19.3	1158
barcode68	lpa5104	2378	8	2026-02-03T08:45:00Z	HG03234	211	19.3	1158
