cluster_id	cluster_written	reads_found	reads_found_fwd	reads_found_rev	reads_written_fwd	reads_written_rev	reads_skipped_fwd	reads_skipped_rev
10008_sub0	0	1	0	1	0	0	0	1
10008_sub1	0	1	0	1	0	0	0	1
10008_sub2	0	1	1	0	0	0	1	0
10008_sub3	0	1	1	0	0	0	1	0
10008_sub4	0	1	0	1	0	0	0	1
10008_sub5	0	1	1	0	0	0	1	0
1001_sub0	0	4	2	2	0	0	2	2
1001_sub1	0	1	1	0	0	0	1	0
1001_sub2	0	1	0	1	0	0	0	1
10010_sub0	0	1	1	0	0	0	1	0
10010_sub1	0	3	1	2	0	0	1	2
10010_sub2	0	1	1	0	0	0	1	0
10010_sub3	0	1	1	0	0	0	1	0
10010_sub4	0	1	0	1	0	0	0	1
10027_sub0	0	5	3	2	0	0	3	2
10027_sub1	0	1	0	1	0	0	0	1
1004_sub0	0	1	1	0	0	0	1	0
1004_sub1	1	13	7	6	7	6	0	0
1005_sub0	0	1	1	0	0	0	1	0
1005_sub1	0	1	0	1	0	0	0	1
1005_sub2	1	8	3	5	3	5	0	0
10060_sub0	0	5	3	2	0	0	3	2
10060_sub1	0	1	1	0	0	0	1	0
10074_sub0	1	6	3	3	3	3	0	0
1008_sub0	0	1	1	0	0	0	1	0
1008_sub1	0	4	3	1	0	0	3	1
1008_sub2	0	1	1	0	0	0	1	0
1008_sub3	0	1	1	0	0	0	1	0
1014_sub0	1	13	10	3	10	3	0	0
1014_sub1	0	1	0	1	0	0	0	1
1014_sub2	0	1	1	0	0	0	1	0
1017_sub0	0	1	0	1	0	0	0	1
1017_sub1	0	4	1	3	0	0	1	3
1017_sub2	0	1	1	0	0	0	1	0
1017_sub3	0	1	1	0	0	0	1	0
1021_sub0	0	5	1	4	0	0	1	4
1021_sub1	0	1	0	1	0	0	0	1
1021_sub2	0	1	0	1	0	0	0	1
10213_sub0	0	1	1	0	0	0	1	0
10213_sub1	0	4	2	2	0	0	2	2
10213_sub2	0	1	0	1	0	0	0	1
10213_sub3	0	1	0	1	0	0	0	1
1022_sub0	0	1	0	1	0	0	0	1
1022_sub1	1	9	6	3	6	3	0	0
1022_sub2	0	1	0	1	0	0	0	1
1022_sub3	0	1	0	1	0	0	0	1
10277_sub0	0	4	2	2	0	0	2	2
10277_sub1	0	1	1	0	0	0	1	0
10277_sub2	0	1	1	0	0	0	1	0
1028_sub0	1	9	3	6	3	6	0	0
1028_sub1	0	1	0	1	0	0	0	1
1029_sub0	0	1	0	1	0	0	0	1
1029_sub1	0	1	0	1	0	0	0	1
1029_sub2	0	1	1	0	0	0	1	0
1029_sub3	1	6	2	4	2	4	0	0
1029_sub4	0	1	1	0	0	0	1	0
10292_sub0	0	5	4	1	0	0	4	1
10292_sub1	0	1	1	0	0	0	1	0
10292_sub2	0	1	1	0	0	0	1	0
1030_sub0	0	1	1	0	0	0	1	0
1030_sub1	1	7	5	2	5	2	0	0
10305_sub0	0	1	1	0	0	0	1	0
10305_sub1	1	11	8	3	8	3	0	0
10309_sub0	0	1	0	1	0	0	0	1
10309_sub1	0	5	3	2	0	0	3	2
10309_sub2	0	1	1	0	0	0	1	0
1035_sub0	1	14	7	7	7	7	0	0
1035_sub1	0	1	1	0	0	0	1	0
1035_sub2	0	1	1	0	0	0	1	0
1035_sub3	0	1	0	1	0	0	0	1
1037_sub0	0	1	0	1	0	0	0	1
1037_sub1	0	1	0	1	0	0	0	1
1037_sub2	0	1	1	0	0	0	1	0
1037_sub3	0	1	0	1	0	0	0	1
1037_sub4	0	1	0	1	0	0	0	1
1037_sub5	0	1	1	0	0	0	1	0
1037_sub6	0	1	1	0	0	0	1	0
1039_sub0	1	11	6	5	6	5	0	0
1039_sub1	0	1	0	1	0	0	0	1
1039_sub2	0	1	1	0	0	0	1	0
1039_sub3	0	1	1	0	0	0	1	0
1039_sub4	0	1	1	0	0	0	1	0
1039_sub5	0	1	0	1	0	0	0	1
1039_sub6	0	1	0	1	0	0	0	1
10391_sub0	0	5	1	4	0	0	1	4
10391_sub1	0	1	0	1	0	0	0	1
10391_sub2	0	1	0	1	0	0	0	1
10423_sub0	1	6	3	3	3	3	0	0
10451_sub0	0	1	0	1	0	0	0	1
10451_sub1	1	6	4	2	4	2	0	0
10451_sub2	0	1	1	0	0	0	1	0
10451_sub3	0	1	1	0	0	0	1	0
10456_sub0	0	4	2	2	0	0	2	2
10456_sub1	0	1	0	1	0	0	0	1
10456_sub2	0	1	0	1	0	0	0	1
10456_sub3	0	1	0	1	0	0	0	1
10468_sub0	0	1	0	1	0	0	0	1
10468_sub1	0	5	4	1	0	0	4	1
10468_sub2	0	1	0	1	0	0	0	1
10468_sub3	0	1	1	0	0	0	1	0
10468_sub4	0	1	1	0	0	0	1	0
1051_sub0	0	3	0	3	0	0	0	3
1051_sub1	0	1	0	1	0	0	0	1
1051_sub2	0	1	1	0	0	0	1	0
1051_sub3	0	1	0	1	0	0	0	1
1051_sub4	0	1	1	0	0	0	1	0
1051_sub5	0	1	1	0	0	0	1	0
1051_sub6	0	1	1	0	0	0	1	0
1054_sub0	0	1	1	0	0	0	1	0
1054_sub1	1	11	5	6	5	6	0	0
1054_sub2	0	1	1	0	0	0	1	0
1054_sub3	0	1	0	1	0	0	0	1
1055_sub0	0	1	0	1	0	0	0	1
1055_sub1	0	1	0	1	0	0	0	1
1055_sub2	0	3	3	0	0	0	3	0
1055_sub3	0	1	1	0	0	0	1	0
1057_sub0	1	6	1	5	1	5	0	0
1057_sub1	0	1	0	1	0	0	0	1
1058_sub0	0	4	2	2	0	0	2	2
1058_sub1	0	1	0	1	0	0	0	1
1058_sub2	0	1	1	0	0	0	1	0
1058_sub3	0	1	0	1	0	0	0	1
1058_sub4	0	1	0	1	0	0	0	1
10592_sub0	0	1	1	0	0	0	1	0
10592_sub1	0	1	0	1	0	0	0	1
10592_sub2	0	1	0	1	0	0	0	1
10592_sub3	0	1	1	0	0	0	1	0
10592_sub4	0	1	1	0	0	0	1	0
10592_sub5	0	1	1	0	0	0	1	0
1063_sub0	1	7	5	2	5	2	0	0
1063_sub1	0	1	0	1	0	0	0	1
1063_sub2	0	1	0	1	0	0	0	1
1063_sub3	0	1	0	1	0	0	0	1
1063_sub4	0	1	1	0	0	0	1	0
1063_sub5	0	1	0	1	0	0	0	1
1064_sub0	0	1	0	1	0	0	0	1
1064_sub1	0	1	1	0	0	0	1	0
1064_sub2	1	9	7	2	7	2	0	0
1064_sub3	0	1	1	0	0	0	1	0
1068_sub0	1	10	3	7	3	7	0	0
1068_sub1	0	1	1	0	0	0	1	0
1068_sub2	0	1	0	1	0	0	0	1
10688_sub0	0	1	1	0	0	0	1	0
10688_sub1	0	1	1	0	0	0	1	0
10688_sub2	0	1	1	0	0	0	1	0
10688_sub3	0	1	0	1	0	0	0	1
10688_sub4	0	1	0	1	0	0	0	1
10688_sub5	0	1	1	0	0	0	1	0
1072_sub0	1	10	7	3	7	3	0	0
10722_sub0	0	1	1	0	0	0	1	0
10722_sub1	0	1	1	0	0	0	1	0
10722_sub2	0	1	1	0	0	0	1	0
10722_sub3	1	7	4	3	4	3	0	0
10740_sub0	1	6	2	4	2	4	0	0
10740_sub1	0	1	0	1	0	0	0	1
1080_sub0	1	9	4	5	4	5	0	0
1080_sub1	0	1	0	1	0	0	0	1
1080_sub2	0	1	0	1	0	0	0	1
1080_sub3	0	1	1	0	0	0	1	0
1080_sub4	0	1	1	0	0	0	1	0
1080_sub5	0	1	0	1	0	0	0	1
1080_sub6	0	1	0	1	0	0	0	1
10806_sub0	0	1	1	0	0	0	1	0
10806_sub1	1	6	4	2	4	2	0	0
1081_sub0	0	1	0	1	0	0	0	1
1081_sub1	0	4	3	1	0	0	3	1
1081_sub2	0	1	0	1	0	0	0	1
1084_sub0	1	11	5	6	5	6	0	0
1084_sub1	0	1	0	1	0	0	0	1
1084_sub2	0	1	0	1	0	0	0	1
1084_sub3	0	1	0	1	0	0	0	1
1084_sub4	0	1	0	1	0	0	0	1
1088_sub0	0	1	1	0	0	0	1	0
1088_sub1	0	1	1	0	0	0	1	0
1088_sub2	0	1	1	0	0	0	1	0
1088_sub3	0	1	0	1	0	0	0	1
1088_sub4	0	1	0	1	0	0	0	1
1088_sub5	0	1	0	1	0	0	0	1
10884_sub0	0	1	1	0	0	0	1	0
10884_sub1	0	5	2	3	0	0	2	3
10892_sub0	1	6	4	2	4	2	0	0
1094_sub0	1	7	2	5	2	5	0	0
1094_sub1	0	1	0	1	0	0	0	1
1094_sub2	0	1	1	0	0	0	1	0
1094_sub3	0	1	1	0	0	0	1	0
1095_sub0	1	11	4	7	4	7	0	0
1095_sub1	0	1	1	0	0	0	1	0
1095_sub2	0	1	1	0	0	0	1	0
1095_sub3	0	1	0	1	0	0	0	1
10965_sub0	0	1	0	1	0	0	0	1
10965_sub1	1	6	1	5	1	5	0	0
10965_sub2	0	1	1	0	0	0	1	0
1098_sub0	0	4	2	2	0	0	2	2
1098_sub1	0	1	1	0	0	0	1	0
1098_sub2	0	1	1	0	0	0	1	0
11_sub0	0	1	0	1	0	0	0	1
11_sub1	1	8	5	3	5	3	0	0
11_sub2	0	1	0	1	0	0	0	1
11012_sub0	0	5	3	2	0	0	3	2
11012_sub1	0	1	0	1	0	0	0	1
1102_sub0	0	1	1	0	0	0	1	0
1102_sub1	0	5	3	2	0	0	3	2
1102_sub2	0	1	0	1	0	0	0	1
1105_sub0	0	1	0	1	0	0	0	1
1105_sub1	1	6	4	2	4	2	0	0
111_sub0	0	1	1	0	0	0	1	0
111_sub1	0	1	0	1	0	0	0	1
111_sub2	0	1	0	1	0	0	0	1
111_sub3	0	3	3	0	0	0	3	0
111_sub4	0	1	0	1	0	0	0	1
11122_sub0	0	1	1	0	0	0	1	0
11122_sub1	0	1	0	1	0	0	0	1
11122_sub2	0	4	3	1	0	0	3	1
11122_sub3	0	1	1	0	0	0	1	0
1115_sub0	1	13	5	8	5	8	0	0
1115_sub1	0	1	0	1	0	0	0	1
1115_sub2	0	1	0	1	0	0	0	1
1115_sub3	0	1	0	1	0	0	0	1
11151_sub0	0	1	0	1	0	0	0	1
11151_sub1	0	4	1	3	0	0	1	3
11151_sub2	0	1	1	0	0	0	1	0
11182_sub0	0	1	0	1	0	0	0	1
11182_sub1	0	1	0	1	0	0	0	1
11182_sub2	0	4	2	2	0	0	2	2
11182_sub3	0	1	0	1	0	0	0	1
11209_sub0	0	1	0	1	0	0	0	1
11209_sub1	0	5	4	1	0	0	4	1
1122_sub0	0	1	1	0	0	0	1	0
1122_sub1	1	9	2	7	2	7	0	0
1122_sub2	0	1	0	1	0	0	0	1
1122_sub3	0	1	0	1	0	0	0	1
11244_sub0	0	4	1	3	0	0	1	3
11244_sub1	0	1	1	0	0	0	1	0
11244_sub2	0	1	0	1	0	0	0	1
1127_sub0	0	1	1	0	0	0	1	0
1127_sub1	0	5	3	2	0	0	3	2
1127_sub2	0	1	1	0	0	0	1	0
1131_sub0	1	14	4	10	4	10	0	0
1131_sub1	0	1	1	0	0	0	1	0
11326_sub0	0	1	0	1	0	0	0	1
11326_sub1	1	6	4	2	4	2	0	0
11329_sub0	0	5	3	2	0	0	3	2
11329_sub1	0	1	0	1	0	0	0	1
11329_sub2	0	1	0	1	0	0	0	1
11329_sub3	0	1	1	0	0	0	1	0
11329_sub4	0	1	0	1	0	0	0	1
1133_sub0	1	8	3	5	3	5	0	0
1133_sub1	0	1	0	1	0	0	0	1
1134_sub0	0	1	0	1	0	0	0	1
1134_sub1	0	5	3	2	0	0	3	2
1134_sub2	0	1	1	0	0	0	1	0
1139_sub0	1	10	5	5	5	5	0	0
1139_sub1	0	1	0	1	0	0	0	1
11400_sub0	0	1	0	1	0	0	0	1
11400_sub1	0	3	1	2	0	0	1	2
11400_sub2	0	1	0	1	0	0	0	1
11400_sub3	0	1	1	0	0	0	1	0
1141_sub0	0	1	0	1	0	0	0	1
1141_sub1	1	6	6	0	6	0	0	0
1142_sub0	0	1	1	0	0	0	1	0
1142_sub1	1	7	5	2	5	2	0	0
1142_sub2	0	1	1	0	0	0	1	0
1143_sub0	0	1	1	0	0	0	1	0
1143_sub1	1	8	4	4	4	4	0	0
1143_sub2	0	1	0	1	0	0	0	1
1143_sub3	0	1	1	0	0	0	1	0
11444_sub0	0	4	1	3	0	0	1	3
11444_sub1	0	1	1	0	0	0	1	0
11444_sub2	0	1	0	1	0	0	0	1
11444_sub3	0	1	1	0	0	0	1	0
1145_sub0	1	8	4	4	4	4	0	0
1145_sub1	0	1	1	0	0	0	1	0
1145_sub2	0	1	1	0	0	0	1	0
1145_sub3	0	1	1	0	0	0	1	0
1145_sub4	0	1	0	1	0	0	0	1
1145_sub5	0	1	1	0	0	0	1	0
11468_sub0	0	1	1	0	0	0	1	0
11468_sub1	0	5	2	3	0	0	2	3
115_sub0	0	1	1	0	0	0	1	0
115_sub1	1	9	5	4	5	4	0	0
115_sub2	0	1	1	0	0	0	1	0
1150_sub0	0	1	0	1	0	0	0	1
1150_sub1	0	4	2	2	0	0	2	2
1150_sub2	0	1	1	0	0	0	1	0
11519_sub0	0	1	0	1	0	0	0	1
11519_sub1	0	5	2	3	0	0	2	3
11533_sub0	0	1	0	1	0	0	0	1
11533_sub1	0	1	1	0	0	0	1	0
11533_sub2	0	1	0	1	0	0	0	1
11533_sub3	0	1	1	0	0	0	1	0
11533_sub4	0	1	0	1	0	0	0	1
11533_sub5	0	1	0	1	0	0	0	1
11533_sub6	0	1	1	0	0	0	1	0
11626_sub0	0	5	2	3	0	0	2	3
11626_sub1	0	1	1	0	0	0	1	0
11636_sub0	0	1	0	1	0	0	0	1
11636_sub1	0	5	2	3	0	0	2	3
1164_sub0	1	7	3	4	3	4	0	0
1164_sub1	0	1	0	1	0	0	0	1
1164_sub2	0	1	1	0	0	0	1	0
1167_sub0	1	6	0	6	0	6	0	0
1167_sub1	0	1	0	1	0	0	0	1
1167_sub2	0	1	1	0	0	0	1	0
1170_sub0	0	1	0	1	0	0	0	1
1170_sub1	0	5	2	3	0	0	2	3
11732_sub0	1	7	5	2	5	2	0	0
11732_sub1	0	1	0	1	0	0	0	1
1174_sub0	0	1	1	0	0	0	1	0
1174_sub1	1	8	5	3	5	3	0	0
1175_sub0	1	9	5	4	5	4	0	0
1175_sub1	0	1	0	1	0	0	0	1
1175_sub2	0	1	0	1	0	0	0	1
1175_sub3	0	1	1	0	0	0	1	0
1175_sub4	0	1	1	0	0	0	1	0
1177_sub0	0	1	0	1	0	0	0	1
1177_sub1	0	1	0	1	0	0	0	1
1177_sub2	1	6	1	5	1	5	0	0
11781_sub0	0	5	3	2	0	0	3	2
11781_sub1	0	1	1	0	0	0	1	0
11781_sub2	0	1	1	0	0	0	1	0
11805_sub0	0	3	2	1	0	0	2	1
11805_sub1	0	1	1	0	0	0	1	0
11805_sub2	0	1	1	0	0	0	1	0
11805_sub3	0	1	0	1	0	0	0	1
11829_sub0	0	1	0	1	0	0	0	1
11829_sub1	0	5	3	2	0	0	3	2
1184_sub0	1	9	1	8	1	8	0	0
1184_sub1	0	1	0	1	0	0	0	1
1184_sub2	0	1	1	0	0	0	1	0
1184_sub3	0	1	0	1	0	0	0	1
1184_sub4	0	1	0	1	0	0	0	1
1185_sub0	1	9	4	5	4	5	0	0
11858_sub0	0	1	1	0	0	0	1	0
11858_sub1	1	8	1	7	1	7	0	0
11858_sub2	0	1	0	1	0	0	0	1
1187_sub0	0	1	0	1	0	0	0	1
1187_sub1	1	13	4	9	4	9	0	0
1187_sub2	0	1	0	1	0	0	0	1
11882_sub0	0	1	1	0	0	0	1	0
11882_sub1	0	1	1	0	0	0	1	0
11882_sub2	0	1	0	1	0	0	0	1
11882_sub3	0	1	0	1	0	0	0	1
11882_sub4	0	2	1	1	0	0	1	1
11882_sub5	0	1	1	0	0	0	1	0
11886_sub0	0	1	0	1	0	0	0	1
11886_sub1	0	4	2	2	0	0	2	2
11886_sub2	0	1	0	1	0	0	0	1
1189_sub0	0	1	0	1	0	0	0	1
1189_sub1	0	5	3	2	0	0	3	2
1193_sub0	1	6	3	3	3	3	0	0
1193_sub1	0	1	0	1	0	0	0	1
1194_sub0	0	1	0	1	0	0	0	1
1194_sub1	1	10	6	4	6	4	0	0
1194_sub2	0	1	0	1	0	0	0	1
11940_sub0	0	1	1	0	0	0	1	0
11940_sub1	0	5	3	2	0	0	3	2
11940_sub2	0	1	0	1	0	0	0	1
1197_sub0	1	14	7	7	7	7	0	0
1197_sub1	0	1	0	1	0	0	0	1
1209_sub0	0	1	0	1	0	0	0	1
1209_sub1	0	1	0	1	0	0	0	1
1209_sub2	0	1	0	1	0	0	0	1
1209_sub3	0	1	1	0	0	0	1	0
1209_sub4	1	6	2	4	2	4	0	0
1209_sub5	0	1	0	1	0	0	0	1
1211_sub0	0	1	0	1	0	0	0	1
1211_sub1	0	1	1	0	0	0	1	0
1211_sub2	0	1	0	1	0	0	0	1
1211_sub3	0	1	0	1	0	0	0	1
1211_sub4	0	1	0	1	0	0	0	1
1211_sub5	0	1	0	1	0	0	0	1
12145_sub0	0	1	0	1	0	0	0	1
12145_sub1	0	1	0	1	0	0	0	1
12145_sub2	0	1	1	0	0	0	1	0
12145_sub3	0	3	3	0	0	0	3	0
12145_sub4	0	1	0	1	0	0	0	1
1215_sub0	0	1	1	0	0	0	1	0
1215_sub1	0	5	2	3	0	0	2	3
1215_sub2	0	1	0	1	0	0	0	1
12162_sub0	0	1	1	0	0	0	1	0
12162_sub1	0	5	0	5	0	0	0	5
12162_sub2	0	1	1	0	0	0	1	0
1217_sub0	1	9	5	4	5	4	0	0
1217_sub1	0	1	1	0	0	0	1	0
1217_sub2	0	1	0	1	0	0	0	1
1217_sub3	0	1	0	1	0	0	0	1
1219_sub0	1	8	0	8	0	8	0	0
1219_sub1	0	1	1	0	0	0	1	0
1219_sub2	0	1	1	0	0	0	1	0
1219_sub3	0	1	1	0	0	0	1	0
122_sub0	0	1	0	1	0	0	0	1
122_sub1	0	5	3	2	0	0	3	2
122_sub2	0	1	0	1	0	0	0	1
122_sub3	0	1	1	0	0	0	1	0
1220_sub0	0	1	0	1	0	0	0	1
1220_sub1	1	6	1	5	1	5	0	0
1220_sub2	0	1	1	0	0	0	1	0
1222_sub0	1	9	3	6	3	6	0	0
1222_sub1	0	1	0	1	0	0	0	1
12254_sub0	0	1	1	0	0	0	1	0
12254_sub1	0	5	2	3	0	0	2	3
1227_sub0	1	13	7	6	7	6	0	0
1227_sub1	0	1	1	0	0	0	1	0
1227_sub2	0	1	0	1	0	0	0	1
1227_sub3	0	1	0	1	0	0	0	1
1231_sub0	0	1	0	1	0	0	0	1
1231_sub1	0	1	1	0	0	0	1	0
1231_sub2	0	1	0	1	0	0	0	1
1231_sub3	0	1	0	1	0	0	0	1
1231_sub4	0	1	1	0	0	0	1	0
1231_sub5	0	1	1	0	0	0	1	0
1233_sub0	0	1	0	1	0	0	0	1
1233_sub1	1	6	3	3	3	3	0	0
1233_sub2	0	1	0	1	0	0	0	1
12332_sub0	0	1	1	0	0	0	1	0
12332_sub1	0	1	0	1	0	0	0	1
12332_sub2	0	3	1	2	0	0	1	2
12332_sub3	0	1	1	0	0	0	1	0
12332_sub4	0	1	0	1	0	0	0	1
1238_sub0	1	7	6	1	6	1	0	0
1238_sub1	0	1	0	1	0	0	0	1
1238_sub2	0	1	0	1	0	0	0	1
12413_sub0	0	5	2	3	0	0	2	3
12413_sub1	0	1	1	0	0	0	1	0
12417_sub0	0	4	1	3	0	0	1	3
12417_sub1	0	1	0	1	0	0	0	1
12417_sub2	0	1	1	0	0	0	1	0
12417_sub3	0	1	0	1	0	0	0	1
12417_sub4	0	1	0	1	0	0	0	1
12417_sub5	0	1	0	1	0	0	0	1
1242_sub0	0	5	2	3	0	0	2	3
1242_sub1	0	1	1	0	0	0	1	0
1242_sub2	0	1	1	0	0	0	1	0
12422_sub0	1	8	0	8	0	8	0	0
12422_sub1	0	1	1	0	0	0	1	0
1244_sub0	1	9	2	7	2	7	0	0
1244_sub1	0	1	0	1	0	0	0	1
1244_sub2	0	1	1	0	0	0	1	0
12467_sub0	0	5	2	3	0	0	2	3
12467_sub1	0	1	1	0	0	0	1	0
12512_sub0	0	4	3	1	0	0	3	1
12512_sub1	0	1	0	1	0	0	0	1
12512_sub2	0	1	0	1	0	0	0	1
1261_sub0	0	1	1	0	0	0	1	0
1261_sub1	0	1	1	0	0	0	1	0
1261_sub2	0	1	1	0	0	0	1	0
1261_sub3	0	1	0	1	0	0	0	1
1261_sub4	0	1	0	1	0	0	0	1
1261_sub5	0	1	0	1	0	0	0	1
1262_sub0	0	1	0	1	0	0	0	1
1262_sub1	1	6	1	5	1	5	0	0
12625_sub0	0	1	1	0	0	0	1	0
12625_sub1	0	4	1	3	0	0	1	3
12625_sub2	0	1	0	1	0	0	0	1
12641_sub0	0	1	1	0	0	0	1	0
12641_sub1	0	1	1	0	0	0	1	0
12641_sub2	0	1	1	0	0	0	1	0
12641_sub3	0	1	1	0	0	0	1	0
12641_sub4	0	1	1	0	0	0	1	0
12641_sub5	0	1	0	1	0	0	0	1
1265_sub0	1	6	5	1	5	1	0	0
1265_sub1	0	1	0	1	0	0	0	1
127_sub0	1	10	3	7	3	7	0	0
127_sub1	0	1	1	0	0	0	1	0
12752_sub0	0	1	1	0	0	0	1	0
12752_sub1	0	5	1	4	0	0	1	4
12765_sub0	0	3	2	1	0	0	2	1
12765_sub1	0	1	1	0	0	0	1	0
12765_sub2	0	1	1	0	0	0	1	0
12765_sub3	0	1	0	1	0	0	0	1
12776_sub0	0	1	1	0	0	0	1	0
12776_sub1	0	1	1	0	0	0	1	0
12776_sub2	1	6	1	5	1	5	0	0
12776_sub3	0	1	0	1	0	0	0	1
12776_sub4	0	1	1	0	0	0	1	0
12827_sub0	1	6	2	4	2	4	0	0
12827_sub1	0	1	0	1	0	0	0	1
1286_sub0	0	1	0	1	0	0	0	1
1286_sub1	0	4	2	2	0	0	2	2
1286_sub2	0	1	0	1	0	0	0	1
1286_sub3	0	1	1	0	0	0	1	0
1291_sub0	1	8	3	5	3	5	0	0
1291_sub1	0	1	1	0	0	0	1	0
1291_sub2	0	1	0	1	0	0	0	1
1293_sub0	1	12	8	4	8	4	0	0
1293_sub1	0	1	1	0	0	0	1	0
1293_sub2	0	1	0	1	0	0	0	1
1293_sub3	0	1	0	1	0	0	0	1
1296_sub0	1	6	1	5	1	5	0	0
1296_sub1	0	1	0	1	0	0	0	1
1297_sub0	1	6	2	4	2	4	0	0
1297_sub1	0	1	1	0	0	0	1	0
12980_sub0	0	1	0	1	0	0	0	1
12980_sub1	0	1	1	0	0	0	1	0
12980_sub2	0	1	1	0	0	0	1	0
12980_sub3	0	1	0	1	0	0	0	1
12980_sub4	0	1	1	0	0	0	1	0
12980_sub5	0	1	0	1	0	0	0	1
12993_sub0	0	1	1	0	0	0	1	0
12993_sub1	0	1	1	0	0	0	1	0
12993_sub2	0	3	2	1	0	0	2	1
12993_sub3	0	1	1	0	0	0	1	0
1301_sub0	0	1	0	1	0	0	0	1
1301_sub1	0	4	1	3	0	0	1	3
1301_sub2	0	1	1	0	0	0	1	0
1301_sub3	0	1	0	1	0	0	0	1
1305_sub0	0	5	0	5	0	0	0	5
1305_sub1	0	2	2	0	0	0	2	0
131_sub0	0	1	0	1	0	0	0	1
131_sub1	0	1	0	1	0	0	0	1
131_sub2	0	1	0	1	0	0	0	1
131_sub3	1	6	5	1	5	1	0	0
1310_sub0	1	7	2	5	2	5	0	0
1310_sub1	0	1	0	1	0	0	0	1
1315_sub0	1	9	3	6	3	6	0	0
1315_sub1	0	1	0	1	0	0	0	1
1315_sub2	0	1	0	1	0	0	0	1
1317_sub0	0	1	0	1	0	0	0	1
1317_sub1	0	3	0	3	0	0	0	3
1317_sub2	0	1	0	1	0	0	0	1
1317_sub3	0	1	1	0	0	0	1	0
1317_sub4	0	1	0	1	0	0	0	1
13223_sub0	0	1	1	0	0	0	1	0
13223_sub1	0	5	2	3	0	0	2	3
13223_sub2	0	1	0	1	0	0	0	1
13223_sub3	0	1	0	1	0	0	0	1
1323_sub0	1	6	3	3	3	3	0	0
1323_sub1	0	1	0	1	0	0	0	1
1323_sub2	0	1	0	1	0	0	0	1
1324_sub0	1	8	4	4	4	4	0	0
1324_sub1	0	1	1	0	0	0	1	0
1324_sub2	0	1	0	1	0	0	0	1
1324_sub3	0	1	0	1	0	0	0	1
1324_sub4	0	1	1	0	0	0	1	0
1326_sub0	0	1	0	1	0	0	0	1
1326_sub1	1	9	2	7	2	7	0	0
1327_sub0	1	7	4	3	4	3	0	0
1327_sub1	0	1	0	1	0	0	0	1
1327_sub2	0	1	0	1	0	0	0	1
1327_sub3	0	1	0	1	0	0	0	1
1327_sub4	0	1	1	0	0	0	1	0
1327_sub5	0	1	0	1	0	0	0	1
1328_sub0	0	5	1	4	0	0	1	4
1328_sub1	0	1	0	1	0	0	0	1
13377_sub0	0	1	0	1	0	0	0	1
13377_sub1	1	6	2	4	2	4	0	0
13377_sub2	0	1	0	1	0	0	0	1
13403_sub0	1	15	6	9	6	9	0	0
13466_sub0	0	1	1	0	0	0	1	0
13466_sub1	0	4	3	1	0	0	3	1
13466_sub2	0	1	1	0	0	0	1	0
1349_sub0	1	8	3	5	3	5	0	0
1349_sub1	0	1	0	1	0	0	0	1
1349_sub2	0	1	0	1	0	0	0	1
1349_sub3	0	1	1	0	0	0	1	0
1349_sub4	0	1	0	1	0	0	0	1
13527_sub0	1	10	5	5	5	5	0	0
13527_sub1	0	1	0	1	0	0	0	1
13527_sub2	0	1	1	0	0	0	1	0
13527_sub3	0	1	1	0	0	0	1	0
1353_sub0	0	1	0	1	0	0	0	1
1353_sub1	0	5	2	3	0	0	2	3
1353_sub2	0	1	0	1	0	0	0	1
13589_sub0	0	4	3	1	0	0	3	1
13589_sub1	0	1	0	1	0	0	0	1
13589_sub2	0	1	0	1	0	0	0	1
13589_sub3	0	1	1	0	0	0	1	0
13615_sub0	1	6	1	5	1	5	0	0
13615_sub1	0	1	0	1	0	0	0	1
13615_sub2	0	1	1	0	0	0	1	0
13640_sub0	0	1	0	1	0	0	0	1
13640_sub1	0	4	2	2	0	0	2	2
13640_sub2	0	1	1	0	0	0	1	0
1368_sub0	1	9	5	4	5	4	0	0
1368_sub1	0	1	1	0	0	0	1	0
1368_sub2	0	1	1	0	0	0	1	0
1368_sub3	0	1	1	0	0	0	1	0
13690_sub0	0	5	3	2	0	0	3	2
13690_sub1	0	1	0	1	0	0	0	1
13690_sub2	0	1	0	1	0	0	0	1
1377_sub0	0	5	4	1	0	0	4	1
1377_sub1	0	1	1	0	0	0	1	0
1377_sub2	0	1	1	0	0	0	1	0
1377_sub3	0	1	1	0	0	0	1	0
1377_sub4	0	1	1	0	0	0	1	0
1377_sub5	0	1	1	0	0	0	1	0
1377_sub6	0	1	1	0	0	0	1	0
1377_sub7	0	1	1	0	0	0	1	0
1379_sub0	1	11	5	6	5	6	0	0
1379_sub1	0	1	0	1	0	0	0	1
1379_sub2	0	1	1	0	0	0	1	0
1379_sub3	0	1	1	0	0	0	1	0
1379_sub4	0	1	1	0	0	0	1	0
1379_sub5	0	1	0	1	0	0	0	1
138_sub0	0	1	1	0	0	0	1	0
138_sub1	0	5	2	3	0	0	2	3
1380_sub0	1	7	1	6	1	6	0	0
1380_sub1	0	1	0	1	0	0	0	1
1380_sub2	0	1	1	0	0	0	1	0
1380_sub3	0	1	1	0	0	0	1	0
1385_sub0	1	10	3	7	3	7	0	0
1385_sub1	0	1	0	1	0	0	0	1
1385_sub2	0	1	0	1	0	0	0	1
1386_sub0	0	1	1	0	0	0	1	0
1386_sub1	0	1	0	1	0	0	0	1
1386_sub2	1	12	8	4	8	4	0	0
1386_sub3	0	1	0	1	0	0	0	1
1386_sub4	0	1	1	0	0	0	1	0
1386_sub5	0	1	1	0	0	0	1	0
13868_sub0	0	1	1	0	0	0	1	0
13868_sub1	0	5	3	2	0	0	3	2
13868_sub2	0	1	0	1	0	0	0	1
1389_sub0	1	10	5	5	5	5	0	0
1389_sub1	0	1	1	0	0	0	1	0
1389_sub2	0	1	0	1	0	0	0	1
1389_sub3	0	1	0	1	0	0	0	1
139_sub0	0	1	1	0	0	0	1	0
139_sub1	0	1	1	0	0	0	1	0
139_sub2	0	1	1	0	0	0	1	0
139_sub3	0	2	1	1	0	0	1	1
139_sub4	0	1	1	0	0	0	1	0
1391_sub0	0	1	1	0	0	0	1	0
1391_sub1	1	10	4	6	4	6	0	0
1391_sub2	0	1	0	1	0	0	0	1
1391_sub3	0	1	1	0	0	0	1	0
13968_sub0	0	4	2	2	0	0	2	2
13968_sub1	0	1	1	0	0	0	1	0
13968_sub2	0	1	1	0	0	0	1	0
1397_sub0	0	1	0	1	0	0	0	1
1397_sub1	0	4	3	1	0	0	3	1
1397_sub2	0	1	0	1	0	0	0	1
14_sub0	0	1	1	0	0	0	1	0
14_sub1	1	6	2	4	2	4	0	0
1402_sub0	0	1	0	1	0	0	0	1
1402_sub1	0	1	1	0	0	0	1	0
1402_sub2	1	9	5	4	5	4	0	0
14048_sub0	1	6	1	5	1	5	0	0
14048_sub1	0	1	0	1	0	0	0	1
1408_sub0	1	8	3	5	3	5	0	0
1408_sub1	0	1	0	1	0	0	0	1
1415_sub0	0	1	0	1	0	0	0	1
1415_sub1	0	1	0	1	0	0	0	1
1415_sub2	0	1	1	0	0	0	1	0
1415_sub3	0	3	3	0	0	0	3	0
1416_sub0	0	1	1	0	0	0	1	0
1416_sub1	1	7	3	4	3	4	0	0
1416_sub2	0	1	1	0	0	0	1	0
1416_sub3	0	1	1	0	0	0	1	0
1416_sub4	0	1	1	0	0	0	1	0
1416_sub5	0	1	0	1	0	0	0	1
1419_sub0	1	11	4	7	4	7	0	0
1419_sub1	0	1	0	1	0	0	0	1
1419_sub2	0	1	1	0	0	0	1	0
142_sub0	0	1	0	1	0	0	0	1
142_sub1	0	1	0	1	0	0	0	1
142_sub2	0	5	1	4	0	0	1	4
1420_sub0	0	5	3	2	0	0	3	2
1420_sub1	0	1	0	1	0	0	0	1
1420_sub2	0	1	1	0	0	0	1	0
1420_sub3	0	1	1	0	0	0	1	0
1420_sub4	0	1	1	0	0	0	1	0
14215_sub0	0	5	4	1	0	0	4	1
14215_sub1	0	1	0	1	0	0	0	1
14215_sub2	0	1	0	1	0	0	0	1
1424_sub0	1	7	2	5	2	5	0	0
1424_sub1	0	1	0	1	0	0	0	1
1424_sub2	0	1	1	0	0	0	1	0
143_sub0	0	1	0	1	0	0	0	1
143_sub1	1	7	2	5	2	5	0	0
143_sub2	0	1	0	1	0	0	0	1
1431_sub0	0	1	0	1	0	0	0	1
1431_sub1	0	1	0	1	0	0	0	1
1431_sub2	0	1	0	1	0	0	0	1
1431_sub3	0	1	1	0	0	0	1	0
1431_sub4	0	1	0	1	0	0	0	1
1431_sub5	0	1	0	1	0	0	0	1
1434_sub0	0	1	0	1	0	0	0	1
1434_sub1	1	6	2	4	2	4	0	0
1434_sub2	0	1	0	1	0	0	0	1
1434_sub3	0	1	0	1	0	0	0	1
144_sub0	0	1	0	1	0	0	0	1
144_sub1	0	1	1	0	0	0	1	0
144_sub2	0	1	1	0	0	0	1	0
144_sub3	0	3	2	1	0	0	2	1
144_sub4	0	1	1	0	0	0	1	0
1447_sub0	1	11	5	6	5	6	0	0
1448_sub0	0	5	3	2	0	0	3	2
1448_sub1	0	1	1	0	0	0	1	0
1451_sub0	1	9	4	5	4	5	0	0
1451_sub1	0	1	0	1	0	0	0	1
1451_sub2	0	1	1	0	0	0	1	0
1451_sub3	0	1	1	0	0	0	1	0
1451_sub4	0	1	1	0	0	0	1	0
1457_sub0	1	8	3	5	3	5	0	0
1458_sub0	1	8	8	0	8	0	0	0
1462_sub0	1	11	5	6	5	6	0	0
1462_sub1	0	1	0	1	0	0	0	1
1462_sub2	0	1	0	1	0	0	0	1
1462_sub3	0	1	1	0	0	0	1	0
1463_sub0	1	7	2	5	2	5	0	0
1463_sub1	0	1	1	0	0	0	1	0
1463_sub2	0	1	1	0	0	0	1	0
1477_sub0	1	6	4	2	4	2	0	0
1477_sub1	0	1	1	0	0	0	1	0
1478_sub0	0	1	1	0	0	0	1	0
1478_sub1	0	5	5	0	0	0	5	0
14812_sub0	0	1	0	1	0	0	0	1
14812_sub1	0	5	3	2	0	0	3	2
14812_sub2	0	1	1	0	0	0	1	0
1482_sub0	0	1	0	1	0	0	0	1
1482_sub1	1	10	4	6	4	6	0	0
1482_sub2	0	1	0	1	0	0	0	1
1483_sub0	0	1	1	0	0	0	1	0
1483_sub1	1	10	7	3	7	3	0	0
1484_sub0	1	8	4	4	4	4	0	0
1484_sub1	0	1	0	1	0	0	0	1
1493_sub0	1	14	7	7	7	7	0	0
1495_sub0	0	1	0	1	0	0	0	1
1495_sub1	0	1	1	0	0	0	1	0
1495_sub2	0	1	1	0	0	0	1	0
1495_sub3	0	1	1	0	0	0	1	0
1495_sub4	0	1	0	1	0	0	0	1
1495_sub5	0	1	0	1	0	0	0	1
1495_sub6	0	1	0	1	0	0	0	1
1498_sub0	0	1	0	1	0	0	0	1
1498_sub1	1	13	7	6	7	6	0	0
1498_sub2	0	1	0	1	0	0	0	1
1498_sub3	0	1	1	0	0	0	1	0
1500_sub0	0	1	0	1	0	0	0	1
1500_sub1	1	6	1	5	1	5	0	0
1502_sub0	1	12	5	7	5	7	0	0
1507_sub0	1	11	3	8	3	8	0	0
1507_sub1	0	1	1	0	0	0	1	0
1507_sub2	0	1	1	0	0	0	1	0
1507_sub3	0	1	1	0	0	0	1	0
1511_sub0	1	14	3	11	3	11	0	0
1511_sub1	0	1	1	0	0	0	1	0
1511_sub2	0	1	1	0	0	0	1	0
1511_sub3	0	1	0	1	0	0	0	1
1511_sub4	0	1	1	0	0	0	1	0
1511_sub5	0	1	0	1	0	0	0	1
1511_sub6	0	1	0	1	0	0	0	1
1519_sub0	0	5	1	4	0	0	1	4
1519_sub1	0	1	1	0	0	0	1	0
1519_sub2	0	1	0	1	0	0	0	1
1519_sub3	0	1	0	1	0	0	0	1
1527_sub0	0	4	3	1	0	0	3	1
1527_sub1	0	1	0	1	0	0	0	1
1527_sub2	0	1	0	1	0	0	0	1
1527_sub3	0	1	0	1	0	0	0	1
1533_sub0	0	1	1	0	0	0	1	0
1533_sub1	0	5	3	2	0	0	3	2
1533_sub2	0	1	1	0	0	0	1	0
1533_sub3	0	1	0	1	0	0	0	1
1535_sub0	1	17	7	10	7	10	0	0
1535_sub1	0	1	0	1	0	0	0	1
1539_sub0	0	1	0	1	0	0	0	1
1539_sub1	1	7	3	4	3	4	0	0
1540_sub0	1	6	1	5	1	5	0	0
1540_sub1	0	1	0	1	0	0	0	1
1540_sub2	0	1	0	1	0	0	0	1
1540_sub3	0	1	1	0	0	0	1	0
1540_sub4	0	1	1	0	0	0	1	0
1540_sub5	0	1	1	0	0	0	1	0
1540_sub6	0	1	1	0	0	0	1	0
1540_sub7	0	1	0	1	0	0	0	1
1543_sub0	0	1	0	1	0	0	0	1
1543_sub1	0	5	2	3	0	0	2	3
1543_sub2	0	1	1	0	0	0	1	0
1546_sub0	1	9	2	7	2	7	0	0
1546_sub1	0	1	1	0	0	0	1	0
1546_sub2	0	1	1	0	0	0	1	0
1546_sub3	0	1	1	0	0	0	1	0
1546_sub4	0	1	1	0	0	0	1	0
1546_sub5	0	1	0	1	0	0	0	1
1554_sub0	0	1	0	1	0	0	0	1
1554_sub1	0	4	1	3	0	0	1	3
1554_sub2	0	1	1	0	0	0	1	0
1561_sub0	0	1	1	0	0	0	1	0
1561_sub1	0	1	1	0	0	0	1	0
1561_sub2	0	1	1	0	0	0	1	0
1561_sub3	0	1	0	1	0	0	0	1
1561_sub4	0	1	1	0	0	0	1	0
1561_sub5	0	1	1	0	0	0	1	0
1561_sub6	0	1	0	1	0	0	0	1
1566_sub0	1	6	1	5	1	5	0	0
1567_sub0	0	5	2	3	0	0	2	3
1567_sub1	0	1	1	0	0	0	1	0
1573_sub0	1	6	2	4	2	4	0	0
1573_sub1	0	1	1	0	0	0	1	0
1573_sub2	0	1	1	0	0	0	1	0
1576_sub0	0	3	2	1	0	0	2	1
1576_sub1	0	1	1	0	0	0	1	0
1576_sub2	0	1	0	1	0	0	0	1
1576_sub3	0	1	0	1	0	0	0	1
1579_sub0	0	1	0	1	0	0	0	1
1579_sub1	0	1	0	1	0	0	0	1
1579_sub2	0	1	0	1	0	0	0	1
1579_sub3	0	1	1	0	0	0	1	0
1579_sub4	0	1	1	0	0	0	1	0
1579_sub5	0	1	1	0	0	0	1	0
158_sub0	0	1	1	0	0	0	1	0
158_sub1	0	1	0	1	0	0	0	1
158_sub2	1	12	7	5	7	5	0	0
158_sub3	0	1	0	1	0	0	0	1
158_sub4	0	1	0	1	0	0	0	1
1584_sub0	1	7	3	4	3	4	0	0
1595_sub0	1	11	5	6	5	6	0	0
1595_sub1	0	1	0	1	0	0	0	1
1595_sub2	0	1	1	0	0	0	1	0
1598_sub0	0	1	0	1	0	0	0	1
1598_sub1	0	5	1	4	0	0	1	4
1598_sub2	0	1	1	0	0	0	1	0
16_sub0	0	1	0	1	0	0	0	1
16_sub1	0	1	0	1	0	0	0	1
16_sub2	1	8	2	6	2	6	0	0
16_sub3	0	1	1	0	0	0	1	0
16_sub4	0	1	0	1	0	0	0	1
1600_sub0	0	1	1	0	0	0	1	0
1600_sub1	0	1	0	1	0	0	0	1
1600_sub2	0	1	1	0	0	0	1	0
1600_sub3	0	1	0	1	0	0	0	1
1600_sub4	0	1	0	1	0	0	0	1
1600_sub5	0	1	0	1	0	0	0	1
1602_sub0	1	10	6	4	6	4	0	0
1602_sub1	0	1	1	0	0	0	1	0
1602_sub2	0	1	1	0	0	0	1	0
1605_sub0	0	2	1	1	0	0	1	1
1605_sub1	0	1	0	1	0	0	0	1
1605_sub2	0	1	0	1	0	0	0	1
1605_sub3	0	1	1	0	0	0	1	0
1605_sub4	0	1	1	0	0	0	1	0
1605_sub5	0	1	1	0	0	0	1	0
16090_sub0	0	3	2	1	0	0	2	1
16090_sub1	0	1	1	0	0	0	1	0
16090_sub2	0	1	0	1	0	0	0	1
16090_sub3	0	1	1	0	0	0	1	0
1617_sub0	1	6	5	1	5	1	0	0
1620_sub0	0	1	1	0	0	0	1	0
1620_sub1	0	1	1	0	0	0	1	0
1620_sub2	0	3	0	3	0	0	0	3
1620_sub3	0	1	1	0	0	0	1	0
1620_sub4	0	1	1	0	0	0	1	0
1622_sub0	1	10	4	6	4	6	0	0
1622_sub1	0	1	1	0	0	0	1	0
1622_sub2	0	1	0	1	0	0	0	1
1623_sub0	1	9	7	2	7	2	0	0
1623_sub1	0	1	1	0	0	0	1	0
1623_sub2	0	1	1	0	0	0	1	0
1623_sub3	0	1	0	1	0	0	0	1
16331_sub0	0	1	0	1	0	0	0	1
16331_sub1	1	9	3	6	3	6	0	0
16331_sub2	0	1	0	1	0	0	0	1
16373_sub0	0	1	1	0	0	0	1	0
16373_sub1	0	1	0	1	0	0	0	1
16373_sub2	0	5	0	5	0	0	0	5
1644_sub0	0	1	1	0	0	0	1	0
1644_sub1	0	4	1	3	0	0	1	3
1644_sub2	0	1	0	1	0	0	0	1
1644_sub3	0	1	0	1	0	0	0	1
16475_sub0	0	1	1	0	0	0	1	0
16475_sub1	1	7	4	3	4	3	0	0
16538_sub0	0	1	0	1	0	0	0	1
16538_sub1	0	1	0	1	0	0	0	1
16538_sub2	0	1	0	1	0	0	0	1
16538_sub3	0	1	0	1	0	0	0	1
16538_sub4	0	1	1	0	0	0	1	0
16538_sub5	0	1	1	0	0	0	1	0
1663_sub0	0	1	1	0	0	0	1	0
1663_sub1	1	8	3	5	3	5	0	0
1668_sub0	1	7	1	6	1	6	0	0
1668_sub1	0	1	1	0	0	0	1	0
1672_sub0	1	10	5	5	5	5	0	0
1672_sub1	0	1	0	1	0	0	0	1
1672_sub2	0	1	0	1	0	0	0	1
1672_sub3	0	1	0	1	0	0	0	1
1677_sub0	1	6	1	5	1	5	0	0
1677_sub1	0	1	1	0	0	0	1	0
1677_sub2	0	1	0	1	0	0	0	1
1677_sub3	0	1	0	1	0	0	0	1
1677_sub4	0	1	0	1	0	0	0	1
1679_sub0	1	13	10	3	10	3	0	0
1679_sub1	0	1	1	0	0	0	1	0
1679_sub2	0	1	1	0	0	0	1	0
1682_sub0	1	7	2	5	2	5	0	0
1682_sub1	0	1	0	1	0	0	0	1
1682_sub2	0	1	0	1	0	0	0	1
1682_sub3	0	1	0	1	0	0	0	1
1687_sub0	0	1	1	0	0	0	1	0
1687_sub1	0	1	1	0	0	0	1	0
1687_sub2	0	1	1	0	0	0	1	0
1687_sub3	0	3	0	3	0	0	0	3
1691_sub0	0	5	3	2	0	0	3	2
1691_sub1	0	1	0	1	0	0	0	1
1691_sub2	0	1	0	1	0	0	0	1
1691_sub3	0	1	0	1	0	0	0	1
1693_sub0	1	7	3	4	3	4	0	0
1693_sub1	0	2	0	2	0	0	0	2
1695_sub0	0	1	0	1	0	0	0	1
1695_sub1	0	1	1	0	0	0	1	0
1695_sub2	0	4	1	3	0	0	1	3
1695_sub3	0	1	1	0	0	0	1	0
1695_sub4	0	1	1	0	0	0	1	0
1698_sub0	0	1	0	1	0	0	0	1
1698_sub1	1	6	3	3	3	3	0	0
1699_sub0	0	1	0	1	0	0	0	1
1699_sub1	0	1	0	1	0	0	0	1
1699_sub2	0	1	0	1	0	0	0	1
1699_sub3	0	4	2	2	0	0	2	2
1699_sub4	0	1	1	0	0	0	1	0
17_sub0	0	1	0	1	0	0	0	1
17_sub1	0	1	0	1	0	0	0	1
17_sub2	0	5	2	3	0	0	2	3
17_sub3	0	1	0	1	0	0	0	1
17_sub4	0	1	1	0	0	0	1	0
1703_sub0	0	1	0	1	0	0	0	1
1703_sub1	1	6	3	3	3	3	0	0
1703_sub2	0	1	0	1	0	0	0	1
1703_sub3	0	1	1	0	0	0	1	0
1703_sub4	0	2	1	1	0	0	1	1
1703_sub5	0	1	1	0	0	0	1	0
1704_sub0	1	9	3	6	3	6	0	0
1704_sub1	0	1	1	0	0	0	1	0
1704_sub2	0	1	1	0	0	0	1	0
1704_sub3	0	1	0	1	0	0	0	1
1704_sub4	0	1	0	1	0	0	0	1
17051_sub0	0	5	2	3	0	0	2	3
17051_sub1	0	1	0	1	0	0	0	1
17051_sub2	0	1	1	0	0	0	1	0
17051_sub3	0	1	0	1	0	0	0	1
1706_sub0	0	1	0	1	0	0	0	1
1706_sub1	0	1	0	1	0	0	0	1
1706_sub2	0	4	2	2	0	0	2	2
1707_sub0	1	6	3	3	3	3	0	0
1707_sub1	0	1	1	0	0	0	1	0
171_sub0	0	1	0	1	0	0	0	1
171_sub1	1	8	4	4	4	4	0	0
17110_sub0	0	1	0	1	0	0	0	1
17110_sub1	1	7	4	3	4	3	0	0
1717_sub0	1	11	4	7	4	7	0	0
1717_sub1	0	1	0	1	0	0	0	1
1717_sub2	0	1	0	1	0	0	0	1
1717_sub3	0	1	0	1	0	0	0	1
1717_sub4	0	1	1	0	0	0	1	0
1717_sub5	0	1	1	0	0	0	1	0
1717_sub6	0	1	0	1	0	0	0	1
1720_sub0	1	9	4	5	4	5	0	0
1720_sub1	0	1	0	1	0	0	0	1
1720_sub2	0	1	0	1	0	0	0	1
1720_sub3	0	1	1	0	0	0	1	0
1720_sub4	0	1	0	1	0	0	0	1
1721_sub0	0	1	1	0	0	0	1	0
1721_sub1	1	8	3	5	3	5	0	0
1729_sub0	1	7	4	3	4	3	0	0
1729_sub1	0	1	1	0	0	0	1	0
1732_sub0	0	5	2	3	0	0	2	3
1732_sub1	0	1	1	0	0	0	1	0
1736_sub0	1	11	4	7	4	7	0	0
1736_sub1	0	1	1	0	0	0	1	0
174_sub0	0	1	0	1	0	0	0	1
174_sub1	0	1	0	1	0	0	0	1
174_sub2	0	1	0	1	0	0	0	1
174_sub3	0	1	0	1	0	0	0	1
174_sub4	0	4	3	1	0	0	3	1
174_sub5	0	1	0	1	0	0	0	1
1742_sub0	1	6	2	4	2	4	0	0
1742_sub1	0	1	1	0	0	0	1	0
1742_sub2	0	1	1	0	0	0	1	0
1742_sub3	0	1	0	1	0	0	0	1
1747_sub0	1	8	5	3	5	3	0	0
1747_sub1	0	1	1	0	0	0	1	0
1747_sub2	0	1	0	1	0	0	0	1
1749_sub0	1	12	6	6	6	6	0	0
1749_sub1	0	1	0	1	0	0	0	1
1749_sub2	0	1	0	1	0	0	0	1
1749_sub3	0	1	0	1	0	0	0	1
1749_sub4	0	1	1	0	0	0	1	0
1749_sub5	0	1	1	0	0	0	1	0
1749_sub6	0	1	0	1	0	0	0	1
1749_sub7	0	1	0	1	0	0	0	1
175_sub0	0	1	0	1	0	0	0	1
175_sub1	0	3	1	2	0	0	1	2
175_sub2	0	1	1	0	0	0	1	0
175_sub3	0	1	1	0	0	0	1	0
175_sub4	0	1	0	1	0	0	0	1
1756_sub0	0	1	0	1	0	0	0	1
1756_sub1	1	9	4	5	4	5	0	0
1756_sub2	0	1	1	0	0	0	1	0
1756_sub3	0	1	1	0	0	0	1	0
1756_sub4	0	1	1	0	0	0	1	0
1758_sub0	0	5	1	4	0	0	1	4
1758_sub1	0	1	1	0	0	0	1	0
1761_sub0	1	8	4	4	4	4	0	0
1761_sub1	0	1	0	1	0	0	0	1
1761_sub2	0	1	1	0	0	0	1	0
1761_sub3	0	1	1	0	0	0	1	0
1761_sub4	0	1	1	0	0	0	1	0
1761_sub5	0	1	1	0	0	0	1	0
1763_sub0	0	1	1	0	0	0	1	0
1763_sub1	0	3	2	1	0	0	2	1
1763_sub2	0	1	1	0	0	0	1	0
1763_sub3	0	1	1	0	0	0	1	0
1764_sub0	1	9	4	5	4	5	0	0
1764_sub1	0	1	1	0	0	0	1	0
1767_sub0	1	8	8	0	8	0	0	0
1772_sub0	1	6	3	3	3	3	0	0
1772_sub1	0	1	1	0	0	0	1	0
1772_sub2	0	1	1	0	0	0	1	0
1772_sub3	0	1	0	1	0	0	0	1
178_sub0	0	1	0	1	0	0	0	1
178_sub1	1	7	3	4	3	4	0	0
178_sub2	0	1	1	0	0	0	1	0
178_sub3	0	1	1	0	0	0	1	0
1784_sub0	1	15	7	8	7	8	0	0
1784_sub1	0	1	1	0	0	0	1	0
1784_sub2	0	1	0	1	0	0	0	1
1784_sub3	0	2	2	0	0	0	2	0
1786_sub0	0	1	0	1	0	0	0	1
1786_sub1	0	1	0	1	0	0	0	1
1786_sub2	0	1	1	0	0	0	1	0
1786_sub3	0	1	0	1	0	0	0	1
1786_sub4	0	1	1	0	0	0	1	0
1786_sub5	0	1	0	1	0	0	0	1
1786_sub6	0	1	0	1	0	0	0	1
1786_sub7	0	1	0	1	0	0	0	1
179_sub0	0	1	0	1	0	0	0	1
179_sub1	1	13	3	10	3	10	0	0
1792_sub0	1	6	4	2	4	2	0	0
1792_sub1	0	1	1	0	0	0	1	0
1792_sub2	0	1	0	1	0	0	0	1
1795_sub0	0	1	0	1	0	0	0	1
1795_sub1	0	1	1	0	0	0	1	0
1795_sub2	0	1	1	0	0	0	1	0
1795_sub3	0	1	0	1	0	0	0	1
1795_sub4	0	1	1	0	0	0	1	0
1795_sub5	0	1	0	1	0	0	0	1
1796_sub0	0	3	1	2	0	0	1	2
1796_sub1	0	1	1	0	0	0	1	0
1796_sub2	0	1	1	0	0	0	1	0
1796_sub3	0	1	1	0	0	0	1	0
180_sub0	0	1	1	0	0	0	1	0
180_sub1	1	10	5	5	5	5	0	0
180_sub2	0	1	1	0	0	0	1	0
1806_sub0	0	5	1	4	0	0	1	4
1806_sub1	0	1	1	0	0	0	1	0
1807_sub0	1	9	6	3	6	3	0	0
1807_sub1	0	1	0	1	0	0	0	1
1807_sub2	0	1	1	0	0	0	1	0
1808_sub0	1	11	5	6	5	6	0	0
1808_sub1	0	1	1	0	0	0	1	0
1808_sub2	0	1	0	1	0	0	0	1
1808_sub3	0	1	0	1	0	0	0	1
1808_sub4	0	1	0	1	0	0	0	1
1808_sub5	0	1	0	1	0	0	0	1
181_sub0	0	1	0	1	0	0	0	1
181_sub1	1	8	2	6	2	6	0	0
181_sub2	0	1	1	0	0	0	1	0
1812_sub0	0	1	1	0	0	0	1	0
1812_sub1	1	7	4	3	4	3	0	0
1812_sub2	0	1	1	0	0	0	1	0
1812_sub3	0	1	0	1	0	0	0	1
1818_sub0	0	4	2	2	0	0	2	2
1818_sub1	0	1	1	0	0	0	1	0
1818_sub2	0	1	1	0	0	0	1	0
1819_sub0	1	7	4	3	4	3	0	0
1819_sub1	0	1	0	1	0	0	0	1
1819_sub2	0	1	0	1	0	0	0	1
1819_sub3	0	1	1	0	0	0	1	0
1832_sub0	0	1	0	1	0	0	0	1
1832_sub1	0	3	2	1	0	0	2	1
1832_sub2	0	1	1	0	0	0	1	0
1832_sub3	0	1	0	1	0	0	0	1
1832_sub4	0	1	1	0	0	0	1	0
1832_sub5	0	1	1	0	0	0	1	0
1838_sub0	0	1	0	1	0	0	0	1
1838_sub1	1	8	4	4	4	4	0	0
18386_sub0	1	6	1	5	1	5	0	0
18386_sub1	0	1	1	0	0	0	1	0
184_sub0	0	1	0	1	0	0	0	1
184_sub1	1	14	7	7	7	7	0	0
184_sub2	0	1	0	1	0	0	0	1
184_sub3	0	1	0	1	0	0	0	1
1841_sub0	0	1	0	1	0	0	0	1
1841_sub1	0	1	0	1	0	0	0	1
1841_sub2	1	8	6	2	6	2	0	0
1841_sub3	0	1	0	1	0	0	0	1
1841_sub4	0	1	0	1	0	0	0	1
1841_sub5	0	1	0	1	0	0	0	1
18414_sub0	1	9	6	3	6	3	0	0
18414_sub1	0	1	0	1	0	0	0	1
18414_sub2	0	1	0	1	0	0	0	1
18414_sub3	0	1	0	1	0	0	0	1
1844_sub0	0	1	1	0	0	0	1	0
1844_sub1	1	6	3	3	3	3	0	0
1845_sub0	0	1	1	0	0	0	1	0
1845_sub1	1	7	5	2	5	2	0	0
1847_sub0	1	6	4	2	4	2	0	0
1847_sub1	0	1	1	0	0	0	1	0
1847_sub2	0	1	0	1	0	0	0	1
1847_sub3	0	1	0	1	0	0	0	1
1848_sub0	1	8	2	6	2	6	0	0
1848_sub1	0	1	1	0	0	0	1	0
18544_sub0	0	1	0	1	0	0	0	1
18544_sub1	0	5	3	2	0	0	3	2
1862_sub0	0	1	0	1	0	0	0	1
1862_sub1	0	5	1	4	0	0	1	4
1862_sub2	0	1	0	1	0	0	0	1
1864_sub0	0	1	1	0	0	0	1	0
1864_sub1	1	7	3	4	3	4	0	0
1864_sub2	0	1	0	1	0	0	0	1
1870_sub0	0	1	1	0	0	0	1	0
1870_sub1	1	6	3	3	3	3	0	0
1870_sub2	0	1	0	1	0	0	0	1
18743_sub0	1	6	1	5	1	5	0	0
1884_sub0	0	1	0	1	0	0	0	1
1884_sub1	0	5	3	2	0	0	3	2
1884_sub2	0	1	1	0	0	0	1	0
18872_sub0	0	1	0	1	0	0	0	1
18872_sub1	1	6	4	2	4	2	0	0
18872_sub2	0	1	0	1	0	0	0	1
18872_sub3	0	1	0	1	0	0	0	1
1891_sub0	1	9	1	8	1	8	0	0
1891_sub1	0	1	0	1	0	0	0	1
1891_sub2	0	1	1	0	0	0	1	0
1893_sub0	0	1	0	1	0	0	0	1
1893_sub1	1	6	2	4	2	4	0	0
1893_sub2	0	1	0	1	0	0	0	1
1893_sub3	0	1	0	1	0	0	0	1
1898_sub0	0	5	2	3	0	0	2	3
1898_sub1	0	1	0	1	0	0	0	1
1900_sub0	0	5	2	3	0	0	2	3
1900_sub1	0	1	0	1	0	0	0	1
1900_sub2	0	1	0	1	0	0	0	1
1900_sub3	0	1	1	0	0	0	1	0
1902_sub0	1	6	1	5	1	5	0	0
1902_sub1	0	1	1	0	0	0	1	0
1902_sub2	0	1	1	0	0	0	1	0
1903_sub0	1	6	2	4	2	4	0	0
1903_sub1	0	1	1	0	0	0	1	0
1904_sub0	0	1	0	1	0	0	0	1
1904_sub1	1	10	7	3	7	3	0	0
1904_sub2	0	1	0	1	0	0	0	1
1908_sub0	1	10	5	5	5	5	0	0
1908_sub1	0	1	0	1	0	0	0	1
1908_sub2	0	1	0	1	0	0	0	1
1908_sub3	0	1	0	1	0	0	0	1
1908_sub4	0	1	1	0	0	0	1	0
1908_sub5	0	2	0	2	0	0	0	2
1908_sub6	0	1	0	1	0	0	0	1
1911_sub0	0	1	0	1	0	0	0	1
1911_sub1	0	1	0	1	0	0	0	1
1911_sub2	0	1	0	1	0	0	0	1
1911_sub3	0	2	1	1	0	0	1	1
1911_sub4	0	1	0	1	0	0	0	1
1912_sub0	0	1	0	1	0	0	0	1
1912_sub1	1	6	2	4	2	4	0	0
1912_sub2	0	1	0	1	0	0	0	1
1915_sub0	1	9	6	3	6	3	0	0
192_sub0	0	1	0	1	0	0	0	1
192_sub1	1	11	7	4	7	4	0	0
192_sub2	0	1	0	1	0	0	0	1
192_sub3	0	1	1	0	0	0	1	0
192_sub4	0	1	0	1	0	0	0	1
192_sub5	0	1	0	1	0	0	0	1
1932_sub0	0	1	0	1	0	0	0	1
1932_sub1	0	1	0	1	0	0	0	1
1932_sub2	0	1	0	1	0	0	0	1
1932_sub3	0	1	0	1	0	0	0	1
1932_sub4	0	1	1	0	0	0	1	0
1932_sub5	0	1	0	1	0	0	0	1
1933_sub0	0	4	3	1	0	0	3	1
1933_sub1	0	1	0	1	0	0	0	1
1933_sub2	0	1	1	0	0	0	1	0
1933_sub3	0	1	0	1	0	0	0	1
1933_sub4	0	1	0	1	0	0	0	1
1937_sub0	0	5	2	3	0	0	2	3
1937_sub1	0	1	0	1	0	0	0	1
1938_sub0	0	4	2	2	0	0	2	2
1938_sub1	0	1	1	0	0	0	1	0
1938_sub2	0	1	0	1	0	0	0	1
1938_sub3	0	1	0	1	0	0	0	1
1938_sub4	0	1	1	0	0	0	1	0
194_sub0	0	1	1	0	0	0	1	0
194_sub1	0	4	1	3	0	0	1	3
194_sub2	0	1	1	0	0	0	1	0
194_sub3	0	1	0	1	0	0	0	1
1942_sub0	1	8	4	4	4	4	0	0
1942_sub1	0	1	0	1	0	0	0	1
1942_sub2	0	1	0	1	0	0	0	1
1946_sub0	1	8	4	4	4	4	0	0
1946_sub1	0	1	1	0	0	0	1	0
1946_sub2	0	1	0	1	0	0	0	1
1947_sub0	1	9	3	6	3	6	0	0
1947_sub1	0	1	1	0	0	0	1	0
1947_sub2	0	1	0	1	0	0	0	1
1947_sub3	0	1	1	0	0	0	1	0
19528_sub0	1	6	0	6	0	6	0	0
19528_sub1	0	1	1	0	0	0	1	0
1962_sub0	0	1	0	1	0	0	0	1
1962_sub1	0	1	0	1	0	0	0	1
1962_sub2	0	1	1	0	0	0	1	0
1962_sub3	0	1	0	1	0	0	0	1
1962_sub4	0	1	1	0	0	0	1	0
1962_sub5	0	1	0	1	0	0	0	1
1965_sub0	1	10	2	8	2	8	0	0
1965_sub1	0	1	0	1	0	0	0	1
1965_sub2	0	1	0	1	0	0	0	1
1967_sub0	0	4	3	1	0	0	3	1
1967_sub1	0	1	0	1	0	0	0	1
1967_sub2	0	1	1	0	0	0	1	0
1967_sub3	0	1	1	0	0	0	1	0
1967_sub4	0	1	0	1	0	0	0	1
19675_sub0	0	1	1	0	0	0	1	0
19675_sub1	1	7	3	4	3	4	0	0
1968_sub0	1	9	5	4	5	4	0	0
1968_sub1	0	1	0	1	0	0	0	1
197_sub0	0	1	1	0	0	0	1	0
197_sub1	0	1	1	0	0	0	1	0
197_sub2	0	5	3	2	0	0	3	2
197_sub3	0	1	0	1	0	0	0	1
1978_sub0	0	1	0	1	0	0	0	1
1978_sub1	0	2	0	2	0	0	0	2
1978_sub2	0	1	0	1	0	0	0	1
1978_sub3	0	1	1	0	0	0	1	0
1978_sub4	0	1	0	1	0	0	0	1
198_sub0	0	1	1	0	0	0	1	0
198_sub1	1	6	4	2	4	2	0	0
1982_sub0	1	10	6	4	6	4	0	0
1982_sub1	0	1	0	1	0	0	0	1
1982_sub2	0	1	0	1	0	0	0	1
1984_sub0	0	1	0	1	0	0	0	1
1984_sub1	0	1	0	1	0	0	0	1
1984_sub2	0	1	0	1	0	0	0	1
1984_sub3	0	1	1	0	0	0	1	0
1984_sub4	0	1	0	1	0	0	0	1
1984_sub5	0	1	0	1	0	0	0	1
1987_sub0	0	1	1	0	0	0	1	0
1987_sub1	0	1	0	1	0	0	0	1
1987_sub2	1	6	1	5	1	5	0	0
199_sub0	0	1	1	0	0	0	1	0
199_sub1	1	8	3	5	3	5	0	0
199_sub2	0	1	0	1	0	0	0	1
199_sub3	0	1	0	1	0	0	0	1
1992_sub0	0	1	0	1	0	0	0	1
1992_sub1	1	8	4	4	4	4	0	0
1992_sub2	0	1	1	0	0	0	1	0
1996_sub0	0	1	0	1	0	0	0	1
1996_sub1	1	6	1	5	1	5	0	0
1996_sub2	0	1	1	0	0	0	1	0
1999_sub0	0	1	1	0	0	0	1	0
1999_sub1	1	9	6	3	6	3	0	0
2_sub0	0	1	1	0	0	0	1	0
2_sub1	1	8	2	6	2	6	0	0
2000_sub0	1	7	4	3	4	3	0	0
2000_sub1	0	1	1	0	0	0	1	0
2000_sub2	0	1	0	1	0	0	0	1
2000_sub3	0	1	1	0	0	0	1	0
2009_sub0	0	1	1	0	0	0	1	0
2009_sub1	0	1	0	1	0	0	0	1
2009_sub2	1	7	4	3	4	3	0	0
2009_sub3	0	1	0	1	0	0	0	1
2009_sub4	0	1	0	1	0	0	0	1
2009_sub5	0	1	1	0	0	0	1	0
2009_sub6	0	1	1	0	0	0	1	0
2009_sub7	0	1	1	0	0	0	1	0
201_sub0	0	1	0	1	0	0	0	1
201_sub1	0	1	0	1	0	0	0	1
201_sub2	0	1	0	1	0	0	0	1
201_sub3	0	1	1	0	0	0	1	0
201_sub4	0	1	0	1	0	0	0	1
201_sub5	0	1	0	1	0	0	0	1
2024_sub0	0	1	1	0	0	0	1	0
2024_sub1	0	5	0	5	0	0	0	5
2024_sub2	0	1	1	0	0	0	1	0
2029_sub0	0	1	0	1	0	0	0	1
2029_sub1	1	8	3	5	3	5	0	0
2029_sub2	0	1	1	0	0	0	1	0
2029_sub3	0	1	1	0	0	0	1	0
2035_sub0	1	7	4	3	4	3	0	0
2035_sub1	0	1	1	0	0	0	1	0
2046_sub0	0	5	2	3	0	0	2	3
2046_sub1	0	1	1	0	0	0	1	0
2046_sub2	0	1	1	0	0	0	1	0
2046_sub3	0	1	0	1	0	0	0	1
2047_sub0	1	12	5	7	5	7	0	0
2047_sub1	0	1	1	0	0	0	1	0
2047_sub2	0	1	0	1	0	0	0	1
2047_sub3	0	1	0	1	0	0	0	1
2047_sub4	0	1	0	1	0	0	0	1
2050_sub0	1	6	1	5	1	5	0	0
2050_sub1	0	1	1	0	0	0	1	0
2050_sub2	0	1	1	0	0	0	1	0
2050_sub3	0	1	0	1	0	0	0	1
2053_sub0	0	4	2	2	0	0	2	2
2053_sub1	0	1	0	1	0	0	0	1
2053_sub2	0	1	1	0	0	0	1	0
2056_sub0	1	12	5	7	5	7	0	0
2056_sub1	0	1	1	0	0	0	1	0
2056_sub2	0	1	0	1	0	0	0	1
2056_sub3	0	1	0	1	0	0	0	1
2056_sub4	0	1	1	0	0	0	1	0
206_sub0	0	1	1	0	0	0	1	0
206_sub1	0	5	3	2	0	0	3	2
206_sub2	0	1	0	1	0	0	0	1
206_sub3	0	1	0	1	0	0	0	1
2060_sub0	1	8	4	4	4	4	0	0
2060_sub1	0	1	0	1	0	0	0	1
2062_sub0	1	7	1	6	1	6	0	0
2062_sub1	0	1	1	0	0	0	1	0
2062_sub2	0	1	0	1	0	0	0	1
2075_sub0	0	1	0	1	0	0	0	1
2075_sub1	1	8	5	3	5	3	0	0
2075_sub2	0	1	0	1	0	0	0	1
2081_sub0	0	1	0	1	0	0	0	1
2081_sub1	0	5	2	3	0	0	2	3
2081_sub2	0	1	1	0	0	0	1	0
2081_sub3	0	1	1	0	0	0	1	0
2081_sub4	0	1	0	1	0	0	0	1
209_sub0	0	1	1	0	0	0	1	0
209_sub1	0	1	1	0	0	0	1	0
209_sub2	0	4	1	3	0	0	1	3
2091_sub0	0	1	1	0	0	0	1	0
2091_sub1	0	5	3	2	0	0	3	2
2091_sub2	0	1	0	1	0	0	0	1
2091_sub3	0	1	0	1	0	0	0	1
2091_sub4	0	1	1	0	0	0	1	0
2092_sub0	1	7	4	3	4	3	0	0
2092_sub1	0	1	1	0	0	0	1	0
2110_sub0	0	1	0	1	0	0	0	1
2110_sub1	0	5	2	3	0	0	2	3
2110_sub2	0	1	0	1	0	0	0	1
2112_sub0	1	9	2	7	2	7	0	0
2112_sub1	0	1	1	0	0	0	1	0
2117_sub0	0	1	0	1	0	0	0	1
2117_sub1	0	3	1	2	0	0	1	2
2117_sub2	0	1	0	1	0	0	0	1
2117_sub3	0	1	0	1	0	0	0	1
212_sub0	0	1	1	0	0	0	1	0
212_sub1	0	4	0	4	0	0	0	4
212_sub2	0	1	0	1	0	0	0	1
212_sub3	0	1	0	1	0	0	0	1
212_sub4	0	1	1	0	0	0	1	0
212_sub5	0	1	0	1	0	0	0	1
2120_sub0	0	1	0	1	0	0	0	1
2120_sub1	0	5	2	3	0	0	2	3
2120_sub2	0	1	1	0	0	0	1	0
2120_sub3	0	1	0	1	0	0	0	1
2122_sub0	1	7	3	4	3	4	0	0
2122_sub1	0	1	0	1	0	0	0	1
2122_sub2	0	1	1	0	0	0	1	0
2136_sub0	1	12	6	6	6	6	0	0
2136_sub1	0	1	1	0	0	0	1	0
2136_sub2	0	1	0	1	0	0	0	1
2136_sub3	0	1	0	1	0	0	0	1
2137_sub0	1	6	1	5	1	5	0	0
2137_sub1	0	1	0	1	0	0	0	1
2137_sub2	0	1	1	0	0	0	1	0
2138_sub0	1	9	0	9	0	9	0	0
2138_sub1	0	1	0	1	0	0	0	1
2138_sub2	0	1	1	0	0	0	1	0
2138_sub3	0	1	0	1	0	0	0	1
214_sub0	0	1	0	1	0	0	0	1
214_sub1	0	1	0	1	0	0	0	1
214_sub2	1	6	1	5	1	5	0	0
2140_sub0	0	5	3	2	0	0	3	2
2140_sub1	0	1	0	1	0	0	0	1
2140_sub2	0	1	0	1	0	0	0	1
2140_sub3	0	1	1	0	0	0	1	0
2151_sub0	0	1	0	1	0	0	0	1
2151_sub1	0	1	1	0	0	0	1	0
2151_sub2	0	4	2	2	0	0	2	2
2154_sub0	1	7	4	3	4	3	0	0
2154_sub1	0	1	1	0	0	0	1	0
2154_sub2	0	1	1	0	0	0	1	0
2154_sub3	0	1	0	1	0	0	0	1
2154_sub4	0	1	0	1	0	0	0	1
216_sub0	0	1	0	1	0	0	0	1
216_sub1	1	7	3	4	3	4	0	0
2161_sub0	1	8	5	3	5	3	0	0
2161_sub1	0	1	0	1	0	0	0	1
2161_sub2	0	1	0	1	0	0	0	1
2175_sub0	0	1	1	0	0	0	1	0
2175_sub1	1	6	2	4	2	4	0	0
2176_sub0	1	12	6	6	6	6	0	0
2176_sub1	0	1	0	1	0	0	0	1
2177_sub0	1	7	4	3	4	3	0	0
2177_sub1	0	1	0	1	0	0	0	1
2178_sub0	0	1	0	1	0	0	0	1
2178_sub1	0	1	0	1	0	0	0	1
2178_sub2	0	1	0	1	0	0	0	1
2178_sub3	0	1	1	0	0	0	1	0
2178_sub4	0	1	0	1	0	0	0	1
2178_sub5	0	1	1	0	0	0	1	0
2182_sub0	1	10	5	5	5	5	0	0
2182_sub1	0	1	0	1	0	0	0	1
2182_sub2	0	1	1	0	0	0	1	0
2183_sub0	0	1	1	0	0	0	1	0
2183_sub1	0	4	1	3	0	0	1	3
2183_sub2	0	1	1	0	0	0	1	0
2183_sub3	0	1	1	0	0	0	1	0
219_sub0	0	1	0	1	0	0	0	1
219_sub1	1	8	4	4	4	4	0	0
219_sub2	0	1	0	1	0	0	0	1
219_sub3	0	1	0	1	0	0	0	1
219_sub4	0	1	1	0	0	0	1	0
2190_sub0	0	1	0	1	0	0	0	1
2190_sub1	0	3	2	1	0	0	2	1
2190_sub2	0	1	1	0	0	0	1	0
2190_sub3	0	1	0	1	0	0	0	1
2190_sub4	0	1	1	0	0	0	1	0
2190_sub5	0	1	0	1	0	0	0	1
2194_sub0	1	10	4	6	4	6	0	0
2195_sub0	0	1	0	1	0	0	0	1
2195_sub1	1	11	6	5	6	5	0	0
2195_sub2	0	1	0	1	0	0	0	1
2198_sub0	0	1	0	1	0	0	0	1
2198_sub1	1	7	2	5	2	5	0	0
220_sub0	0	1	0	1	0	0	0	1
220_sub1	0	1	0	1	0	0	0	1
220_sub2	1	11	6	5	6	5	0	0
220_sub3	0	1	0	1	0	0	0	1
2200_sub0	1	8	3	5	3	5	0	0
2200_sub1	0	1	1	0	0	0	1	0
2200_sub2	0	1	0	1	0	0	0	1
2202_sub0	0	1	1	0	0	0	1	0
2202_sub1	0	4	2	2	0	0	2	2
2202_sub2	0	1	1	0	0	0	1	0
2202_sub3	0	1	0	1	0	0	0	1
2205_sub0	0	3	1	2	0	0	1	2
2205_sub1	0	1	0	1	0	0	0	1
2205_sub2	0	1	0	1	0	0	0	1
2205_sub3	0	1	0	1	0	0	0	1
2205_sub4	0	1	0	1	0	0	0	1
2205_sub5	0	1	0	1	0	0	0	1
2205_sub6	0	1	1	0	0	0	1	0
221_sub0	0	1	1	0	0	0	1	0
221_sub1	0	5	2	3	0	0	2	3
221_sub2	0	1	0	1	0	0	0	1
221_sub3	0	1	1	0	0	0	1	0
221_sub4	0	1	1	0	0	0	1	0
221_sub5	0	1	1	0	0	0	1	0
2210_sub0	0	3	1	2	0	0	1	2
2210_sub1	0	1	1	0	0	0	1	0
2210_sub2	0	1	1	0	0	0	1	0
2210_sub3	0	1	0	1	0	0	0	1
2211_sub0	1	8	6	2	6	2	0	0
2211_sub1	0	1	0	1	0	0	0	1
2211_sub2	0	1	0	1	0	0	0	1
2211_sub3	0	1	0	1	0	0	0	1
2214_sub0	0	1	0	1	0	0	0	1
2214_sub1	1	12	9	3	9	3	0	0
2214_sub2	0	1	0	1	0	0	0	1
2224_sub0	1	7	4	3	4	3	0	0
2226_sub0	1	9	2	7	2	7	0	0
2226_sub1	0	1	0	1	0	0	0	1
2226_sub2	0	1	0	1	0	0	0	1
2226_sub3	0	1	1	0	0	0	1	0
2228_sub0	0	5	1	4	0	0	1	4
2228_sub1	0	1	0	1	0	0	0	1
2231_sub0	0	1	0	1	0	0	0	1
2231_sub1	1	6	3	3	3	3	0	0
2238_sub0	0	4	2	2	0	0	2	2
2238_sub1	0	1	0	1	0	0	0	1
2238_sub2	0	1	1	0	0	0	1	0
2240_sub0	0	5	2	3	0	0	2	3
2240_sub1	0	1	1	0	0	0	1	0
2240_sub2	0	1	0	1	0	0	0	1
2245_sub0	0	1	1	0	0	0	1	0
2245_sub1	1	7	5	2	5	2	0	0
2245_sub2	0	1	0	1	0	0	0	1
2247_sub0	0	1	0	1	0	0	0	1
2247_sub1	1	8	3	5	3	5	0	0
2247_sub2	0	1	1	0	0	0	1	0
2247_sub3	0	1	1	0	0	0	1	0
2247_sub4	0	1	0	1	0	0	0	1
2247_sub5	0	1	1	0	0	0	1	0
2254_sub0	0	1	1	0	0	0	1	0
2254_sub1	0	1	1	0	0	0	1	0
2254_sub2	0	1	1	0	0	0	1	0
2254_sub3	0	1	0	1	0	0	0	1
2254_sub4	0	1	1	0	0	0	1	0
2254_sub5	0	1	1	0	0	0	1	0
2254_sub6	0	1	0	1	0	0	0	1
2264_sub0	0	4	4	0	0	0	4	0
2264_sub1	0	1	0	1	0	0	0	1
2264_sub2	0	1	0	1	0	0	0	1
2264_sub3	0	1	0	1	0	0	0	1
227_sub0	0	1	1	0	0	0	1	0
227_sub1	0	1	0	1	0	0	0	1
227_sub2	0	4	2	2	0	0	2	2
2276_sub0	1	9	5	4	5	4	0	0
2276_sub1	0	1	0	1	0	0	0	1
2276_sub2	0	1	0	1	0	0	0	1
2276_sub3	0	1	1	0	0	0	1	0
2276_sub4	0	1	0	1	0	0	0	1
2277_sub0	0	1	1	0	0	0	1	0
2277_sub1	0	1	0	1	0	0	0	1
2277_sub2	0	5	2	3	0	0	2	3
2278_sub0	1	10	3	7	3	7	0	0
2278_sub1	0	1	1	0	0	0	1	0
2278_sub2	0	1	0	1	0	0	0	1
2278_sub3	0	1	0	1	0	0	0	1
2282_sub0	1	7	3	4	3	4	0	0
2282_sub1	0	1	0	1	0	0	0	1
2284_sub0	0	1	0	1	0	0	0	1
2284_sub1	1	11	4	7	4	7	0	0
2284_sub2	0	1	1	0	0	0	1	0
2284_sub3	0	1	0	1	0	0	0	1
2286_sub0	1	7	3	4	3	4	0	0
2286_sub1	0	1	0	1	0	0	0	1
2296_sub0	0	1	0	1	0	0	0	1
2296_sub1	1	13	8	5	8	5	0	0
230_sub0	0	1	1	0	0	0	1	0
230_sub1	1	11	5	6	5	6	0	0
230_sub2	0	1	0	1	0	0	0	1
2306_sub0	0	1	1	0	0	0	1	0
2306_sub1	1	6	4	2	4	2	0	0
231_sub0	0	1	1	0	0	0	1	0
231_sub1	0	4	3	1	0	0	3	1
231_sub2	0	1	0	1	0	0	0	1
231_sub3	0	1	0	1	0	0	0	1
2312_sub0	0	1	0	1	0	0	0	1
2312_sub1	0	5	2	3	0	0	2	3
2312_sub2	0	1	0	1	0	0	0	1
2313_sub0	0	1	1	0	0	0	1	0
2313_sub1	1	11	7	4	7	4	0	0
2323_sub0	0	1	0	1	0	0	0	1
2323_sub1	1	6	2	4	2	4	0	0
2323_sub2	0	1	1	0	0	0	1	0
2323_sub3	0	1	1	0	0	0	1	0
2326_sub0	1	8	4	4	4	4	0	0
2326_sub1	0	1	1	0	0	0	1	0
2326_sub2	0	1	1	0	0	0	1	0
2326_sub3	0	1	0	1	0	0	0	1
2326_sub4	0	1	1	0	0	0	1	0
2330_sub0	1	7	3	4	3	4	0	0
2330_sub1	0	1	1	0	0	0	1	0
2330_sub2	0	1	0	1	0	0	0	1
2330_sub3	0	1	0	1	0	0	0	1
2332_sub0	1	7	4	3	4	3	0	0
2332_sub1	0	1	0	1	0	0	0	1
2332_sub2	0	1	0	1	0	0	0	1
2334_sub0	1	9	6	3	6	3	0	0
2334_sub1	0	1	1	0	0	0	1	0
2334_sub2	0	1	1	0	0	0	1	0
2338_sub0	1	7	0	7	0	7	0	0
2338_sub1	0	1	0	1	0	0	0	1
2338_sub2	0	1	0	1	0	0	0	1
2340_sub0	0	1	0	1	0	0	0	1
2340_sub1	0	1	1	0	0	0	1	0
2340_sub2	1	7	4	3	4	3	0	0
2340_sub3	0	1	0	1	0	0	0	1
2340_sub4	0	1	1	0	0	0	1	0
2345_sub0	0	1	1	0	0	0	1	0
2345_sub1	0	1	1	0	0	0	1	0
2345_sub2	0	1	1	0	0	0	1	0
2345_sub3	0	1	0	1	0	0	0	1
2345_sub4	0	1	1	0	0	0	1	0
2345_sub5	0	1	0	1	0	0	0	1
2351_sub0	1	10	4	6	4	6	0	0
2351_sub1	0	1	0	1	0	0	0	1
2351_sub2	0	1	1	0	0	0	1	0
2351_sub3	0	1	1	0	0	0	1	0
2354_sub0	0	1	0	1	0	0	0	1
2354_sub1	1	16	2	14	2	14	0	0
2354_sub2	0	1	1	0	0	0	1	0
2354_sub3	0	1	1	0	0	0	1	0
2355_sub0	0	1	0	1	0	0	0	1
2355_sub1	0	1	0	1	0	0	0	1
2355_sub2	0	1	0	1	0	0	0	1
2355_sub3	0	1	0	1	0	0	0	1
2355_sub4	0	1	0	1	0	0	0	1
2355_sub5	0	1	1	0	0	0	1	0
2355_sub6	0	1	0	1	0	0	0	1
2355_sub7	0	1	1	0	0	0	1	0
2355_sub8	0	1	1	0	0	0	1	0
2355_sub9	0	1	0	1	0	0	0	1
2356_sub0	0	1	0	1	0	0	0	1
2356_sub1	0	3	3	0	0	0	3	0
2356_sub2	0	1	0	1	0	0	0	1
2356_sub3	0	1	1	0	0	0	1	0
236_sub0	0	1	0	1	0	0	0	1
236_sub1	0	1	1	0	0	0	1	0
236_sub2	0	1	1	0	0	0	1	0
236_sub3	0	3	2	1	0	0	2	1
236_sub4	0	1	1	0	0	0	1	0
236_sub5	0	1	1	0	0	0	1	0
236_sub6	0	1	1	0	0	0	1	0
236_sub7	0	1	0	1	0	0	0	1
237_sub0	0	1	0	1	0	0	0	1
237_sub1	0	5	3	2	0	0	3	2
237_sub2	0	1	1	0	0	0	1	0
237_sub3	0	1	1	0	0	0	1	0
2370_sub0	0	4	3	1	0	0	3	1
2370_sub1	0	1	1	0	0	0	1	0
2370_sub2	0	1	0	1	0	0	0	1
2370_sub3	0	1	1	0	0	0	1	0
2370_sub4	0	1	0	1	0	0	0	1
2370_sub5	0	1	0	1	0	0	0	1
2376_sub0	1	8	2	6	2	6	0	0
2376_sub1	0	1	0	1	0	0	0	1
2376_sub2	0	1	1	0	0	0	1	0
238_sub0	0	1	1	0	0	0	1	0
238_sub1	0	4	0	4	0	0	0	4
238_sub2	0	1	1	0	0	0	1	0
238_sub3	0	1	1	0	0	0	1	0
238_sub4	0	1	1	0	0	0	1	0
2387_sub0	0	1	0	1	0	0	0	1
2387_sub1	0	1	0	1	0	0	0	1
2387_sub2	0	1	1	0	0	0	1	0
2387_sub3	0	1	1	0	0	0	1	0
2387_sub4	0	1	1	0	0	0	1	0
2387_sub5	0	1	0	1	0	0	0	1
2389_sub0	1	12	6	6	6	6	0	0
2389_sub1	0	1	0	1	0	0	0	1
2389_sub2	0	1	1	0	0	0	1	0
239_sub0	0	2	2	0	0	0	2	0
239_sub1	0	3	2	1	0	0	2	1
239_sub2	0	1	0	1	0	0	0	1
2395_sub0	0	1	0	1	0	0	0	1
2395_sub1	1	7	2	5	2	5	0	0
2396_sub0	1	7	3	4	3	4	0	0
2407_sub0	1	7	2	5	2	5	0	0
2407_sub1	0	1	1	0	0	0	1	0
2407_sub2	0	1	1	0	0	0	1	0
2412_sub0	0	1	0	1	0	0	0	1
2412_sub1	1	8	3	5	3	5	0	0
2425_sub0	1	7	4	3	4	3	0	0
2433_sub0	1	6	4	2	4	2	0	0
2433_sub1	0	1	1	0	0	0	1	0
2433_sub2	0	1	1	0	0	0	1	0
2433_sub3	0	1	0	1	0	0	0	1
2434_sub0	1	10	5	5	5	5	0	0
2439_sub0	0	1	0	1	0	0	0	1
2439_sub1	1	8	6	2	6	2	0	0
2439_sub2	0	4	3	1	0	0	3	1
2441_sub0	1	9	4	5	4	5	0	0
2441_sub1	0	1	1	0	0	0	1	0
2441_sub2	0	1	1	0	0	0	1	0
2441_sub3	0	1	1	0	0	0	1	0
2444_sub0	0	1	0	1	0	0	0	1
2444_sub1	1	9	4	5	4	5	0	0
2444_sub2	0	1	0	1	0	0	0	1
2446_sub0	1	12	8	4	8	4	0	0
2454_sub0	1	7	5	2	5	2	0	0
2454_sub1	0	1	0	1	0	0	0	1
2454_sub2	0	1	1	0	0	0	1	0
2454_sub3	0	1	1	0	0	0	1	0
2454_sub4	0	1	1	0	0	0	1	0
2458_sub0	0	1	1	0	0	0	1	0
2458_sub1	0	1	0	1	0	0	0	1
2458_sub2	0	4	1	3	0	0	1	3
2458_sub3	0	1	0	1	0	0	0	1
2459_sub0	0	1	0	1	0	0	0	1
2459_sub1	0	1	1	0	0	0	1	0
2459_sub2	0	3	2	1	0	0	2	1
2459_sub3	0	1	0	1	0	0	0	1
2464_sub0	0	5	3	2	0	0	3	2
2464_sub1	0	1	0	1	0	0	0	1
2468_sub0	1	9	3	6	3	6	0	0
2468_sub1	0	1	1	0	0	0	1	0
2468_sub2	0	1	1	0	0	0	1	0
2468_sub3	0	1	1	0	0	0	1	0
2473_sub0	0	1	1	0	0	0	1	0
2473_sub1	0	1	0	1	0	0	0	1
2473_sub2	0	2	2	0	0	0	2	0
2473_sub3	0	1	0	1	0	0	0	1
2473_sub4	0	1	0	1	0	0	0	1
2474_sub0	0	1	1	0	0	0	1	0
2474_sub1	0	5	0	5	0	0	0	5
2485_sub0	0	1	0	1	0	0	0	1
2485_sub1	1	6	3	3	3	3	0	0
2485_sub2	0	1	0	1	0	0	0	1
2489_sub0	0	4	0	4	0	0	0	4
2489_sub1	0	1	1	0	0	0	1	0
2489_sub2	0	1	1	0	0	0	1	0
2490_sub0	1	9	7	2	7	2	0	0
2490_sub1	0	1	0	1	0	0	0	1
2490_sub2	0	1	1	0	0	0	1	0
2490_sub3	0	1	0	1	0	0	0	1
2517_sub0	0	1	1	0	0	0	1	0
2517_sub1	1	9	5	4	5	4	0	0
2517_sub2	0	1	0	1	0	0	0	1
252_sub0	0	1	0	1	0	0	0	1
252_sub1	0	5	2	3	0	0	2	3
252_sub2	0	1	1	0	0	0	1	0
2520_sub0	1	9	4	5	4	5	0	0
2520_sub1	0	1	1	0	0	0	1	0
2520_sub2	0	1	1	0	0	0	1	0
2520_sub3	0	1	0	1	0	0	0	1
2520_sub4	0	1	0	1	0	0	0	1
2520_sub5	0	1	0	1	0	0	0	1
2520_sub6	0	1	1	0	0	0	1	0
2523_sub0	1	11	7	4	7	4	0	0
2523_sub1	0	1	1	0	0	0	1	0
2523_sub2	0	1	1	0	0	0	1	0
2523_sub3	0	1	1	0	0	0	1	0
2523_sub4	0	1	0	1	0	0	0	1
2523_sub5	0	1	1	0	0	0	1	0
2523_sub6	0	1	1	0	0	0	1	0
2525_sub0	0	1	0	1	0	0	0	1
2525_sub1	0	5	2	3	0	0	2	3
2525_sub2	0	1	0	1	0	0	0	1
2525_sub3	0	1	1	0	0	0	1	0
2526_sub0	0	1	0	1	0	0	0	1
2526_sub1	0	5	4	1	0	0	4	1
2526_sub2	0	1	0	1	0	0	0	1
2530_sub0	0	1	0	1	0	0	0	1
2530_sub1	0	4	2	2	0	0	2	2
2530_sub2	0	1	1	0	0	0	1	0
2530_sub3	0	1	1	0	0	0	1	0
2536_sub0	1	7	2	5	2	5	0	0
2536_sub1	0	1	0	1	0	0	0	1
2536_sub2	0	1	0	1	0	0	0	1
2536_sub3	0	1	1	0	0	0	1	0
2537_sub0	0	1	0	1	0	0	0	1
2537_sub1	0	1	1	0	0	0	1	0
2537_sub2	1	7	1	6	1	6	0	0
2537_sub3	0	1	1	0	0	0	1	0
2541_sub0	1	7	2	5	2	5	0	0
2541_sub1	0	1	1	0	0	0	1	0
2541_sub2	0	1	0	1	0	0	0	1
2541_sub3	0	1	0	1	0	0	0	1
2542_sub0	1	8	6	2	6	2	0	0
2542_sub1	0	1	1	0	0	0	1	0
255_sub0	0	1	1	0	0	0	1	0
255_sub1	0	1	1	0	0	0	1	0
255_sub2	0	1	0	1	0	0	0	1
255_sub3	0	1	0	1	0	0	0	1
255_sub4	0	1	0	1	0	0	0	1
255_sub5	0	1	0	1	0	0	0	1
2554_sub0	1	7	3	4	3	4	0	0
2554_sub1	0	1	1	0	0	0	1	0
2554_sub2	0	1	0	1	0	0	0	1
2554_sub3	0	1	1	0	0	0	1	0
256_sub0	0	1	0	1	0	0	0	1
256_sub1	0	4	4	0	0	0	4	0
256_sub2	0	1	1	0	0	0	1	0
256_sub3	0	1	0	1	0	0	0	1
256_sub4	0	1	0	1	0	0	0	1
256_sub5	0	1	0	1	0	0	0	1
2560_sub0	0	1	1	0	0	0	1	0
2560_sub1	1	7	0	7	0	7	0	0
2561_sub0	1	7	4	3	4	3	0	0
2561_sub1	0	1	1	0	0	0	1	0
2561_sub2	0	1	0	1	0	0	0	1
2561_sub3	0	1	0	1	0	0	0	1
2561_sub4	0	1	1	0	0	0	1	0
2563_sub0	0	1	1	0	0	0	1	0
2563_sub1	0	4	2	2	0	0	2	2
2563_sub2	0	1	0	1	0	0	0	1
257_sub0	0	1	1	0	0	0	1	0
257_sub1	0	4	2	2	0	0	2	2
257_sub2	0	1	1	0	0	0	1	0
257_sub3	0	1	0	1	0	0	0	1
2570_sub0	0	5	0	5	0	0	0	5
2570_sub1	0	1	0	1	0	0	0	1
2570_sub2	0	1	0	1	0	0	0	1
2576_sub0	1	9	4	5	4	5	0	0
2576_sub1	0	1	0	1	0	0	0	1
2576_sub2	0	1	1	0	0	0	1	0
2576_sub3	0	1	0	1	0	0	0	1
2581_sub0	0	1	0	1	0	0	0	1
2581_sub1	0	1	0	1	0	0	0	1
2581_sub2	0	2	0	2	0	0	0	2
2581_sub3	0	1	1	0	0	0	1	0
2581_sub4	0	1	0	1	0	0	0	1
2584_sub0	0	1	0	1	0	0	0	1
2584_sub1	1	7	2	5	2	5	0	0
2584_sub2	0	1	1	0	0	0	1	0
2584_sub3	1	7	2	5	2	5	0	0
2584_sub4	0	1	0	1	0	0	0	1
2588_sub0	0	1	1	0	0	0	1	0
2588_sub1	0	5	2	3	0	0	2	3
2588_sub2	0	1	0	1	0	0	0	1
2588_sub3	0	1	1	0	0	0	1	0
2588_sub4	0	1	1	0	0	0	1	0
2588_sub5	0	1	1	0	0	0	1	0
2588_sub6	0	1	0	1	0	0	0	1
2588_sub7	0	1	0	1	0	0	0	1
2588_sub8	0	1	0	1	0	0	0	1
2589_sub0	1	8	5	3	5	3	0	0
2589_sub1	0	1	1	0	0	0	1	0
2589_sub2	0	1	0	1	0	0	0	1
2590_sub0	0	1	0	1	0	0	0	1
2590_sub1	1	7	2	5	2	5	0	0
2590_sub2	0	1	0	1	0	0	0	1
2590_sub3	0	1	0	1	0	0	0	1
2592_sub0	0	1	1	0	0	0	1	0
2592_sub1	1	9	5	4	5	4	0	0
2595_sub0	1	7	3	4	3	4	0	0
2595_sub1	0	1	0	1	0	0	0	1
2600_sub0	1	7	2	5	2	5	0	0
2600_sub1	0	1	0	1	0	0	0	1
2600_sub2	0	1	0	1	0	0	0	1
2600_sub3	0	1	1	0	0	0	1	0
2603_sub0	1	12	5	7	5	7	0	0
2603_sub1	0	1	0	1	0	0	0	1
2606_sub0	0	1	0	1	0	0	0	1
2606_sub1	0	5	5	0	0	0	5	0
2611_sub0	1	6	2	4	2	4	0	0
2611_sub1	0	1	0	1	0	0	0	1
2613_sub0	1	9	3	6	3	6	0	0
2620_sub0	0	1	0	1	0	0	0	1
2620_sub1	1	13	8	5	8	5	0	0
2621_sub0	1	11	5	6	5	6	0	0
2629_sub0	0	1	0	1	0	0	0	1
2629_sub1	1	6	3	3	3	3	0	0
2629_sub2	0	1	0	1	0	0	0	1
263_sub0	0	1	0	1	0	0	0	1
263_sub1	0	5	1	4	0	0	1	4
2633_sub0	1	9	1	8	1	8	0	0
2633_sub1	0	1	1	0	0	0	1	0
2633_sub2	0	1	0	1	0	0	0	1
2633_sub3	0	1	1	0	0	0	1	0
2633_sub4	0	1	1	0	0	0	1	0
2639_sub0	0	1	1	0	0	0	1	0
2639_sub1	0	1	1	0	0	0	1	0
2639_sub2	0	3	0	3	0	0	0	3
2639_sub3	0	1	1	0	0	0	1	0
2639_sub4	0	1	0	1	0	0	0	1
2639_sub5	0	1	1	0	0	0	1	0
2642_sub0	0	1	0	1	0	0	0	1
2642_sub1	1	8	6	2	6	2	0	0
2642_sub2	0	1	0	1	0	0	0	1
2643_sub0	1	11	3	8	3	8	0	0
2643_sub1	0	1	0	1	0	0	0	1
2643_sub2	0	1	1	0	0	0	1	0
2643_sub3	0	1	0	1	0	0	0	1
2644_sub0	1	10	7	3	7	3	0	0
2644_sub1	0	1	1	0	0	0	1	0
2650_sub0	1	13	10	3	10	3	0	0
2650_sub1	0	1	1	0	0	0	1	0
2650_sub2	0	1	1	0	0	0	1	0
2650_sub3	0	1	1	0	0	0	1	0
2650_sub4	0	1	0	1	0	0	0	1
2650_sub5	0	1	0	1	0	0	0	1
266_sub0	0	1	1	0	0	0	1	0
266_sub1	1	9	5	4	5	4	0	0
266_sub2	0	1	0	1	0	0	0	1
266_sub3	0	1	0	1	0	0	0	1
2665_sub0	0	1	1	0	0	0	1	0
2665_sub1	1	11	5	6	5	6	0	0
2665_sub2	0	1	0	1	0	0	0	1
2668_sub0	0	1	1	0	0	0	1	0
2668_sub1	1	6	4	2	4	2	0	0
2668_sub2	0	1	0	1	0	0	0	1
2674_sub0	0	5	4	1	0	0	4	1
2674_sub1	0	1	0	1	0	0	0	1
2674_sub2	0	1	0	1	0	0	0	1
2676_sub0	1	7	2	5	2	5	0	0
2676_sub1	0	1	1	0	0	0	1	0
2676_sub2	0	1	0	1	0	0	0	1
268_sub0	0	1	0	1	0	0	0	1
268_sub1	0	5	3	2	0	0	3	2
2681_sub0	1	6	1	5	1	5	0	0
2681_sub1	0	1	1	0	0	0	1	0
2681_sub2	0	1	1	0	0	0	1	0
2682_sub0	0	5	2	3	0	0	2	3
2682_sub1	0	1	0	1	0	0	0	1
2682_sub2	0	1	1	0	0	0	1	0
2683_sub0	0	4	2	2	0	0	2	2
2683_sub1	0	1	1	0	0	0	1	0
2683_sub2	0	1	1	0	0	0	1	0
2683_sub3	0	1	1	0	0	0	1	0
2683_sub4	0	1	1	0	0	0	1	0
2683_sub5	0	1	0	1	0	0	0	1
2683_sub6	0	1	1	0	0	0	1	0
2688_sub0	1	10	4	6	4	6	0	0
2688_sub1	0	1	1	0	0	0	1	0
2688_sub2	0	1	1	0	0	0	1	0
2698_sub0	1	9	5	4	5	4	0	0
2698_sub1	0	1	1	0	0	0	1	0
2698_sub2	0	1	1	0	0	0	1	0
2699_sub0	0	5	2	3	0	0	2	3
2699_sub1	0	1	1	0	0	0	1	0
2699_sub2	0	1	0	1	0	0	0	1
27_sub0	0	1	0	1	0	0	0	1
27_sub1	0	1	0	1	0	0	0	1
27_sub2	1	11	7	4	7	4	0	0
27_sub3	0	1	0	1	0	0	0	1
27_sub4	0	1	1	0	0	0	1	0
27_sub5	0	1	1	0	0	0	1	0
2700_sub0	0	1	0	1	0	0	0	1
2700_sub1	1	6	2	4	2	4	0	0
2700_sub2	0	1	0	1	0	0	0	1
2700_sub3	0	1	0	1	0	0	0	1
2701_sub0	1	12	6	6	6	6	0	0
2701_sub1	0	1	1	0	0	0	1	0
2701_sub2	0	1	0	1	0	0	0	1
2705_sub0	1	7	3	4	3	4	0	0
2705_sub1	0	1	0	1	0	0	0	1
2705_sub2	0	1	0	1	0	0	0	1
2705_sub3	0	1	0	1	0	0	0	1
2705_sub4	0	1	1	0	0	0	1	0
2705_sub5	0	1	1	0	0	0	1	0
2705_sub6	0	1	1	0	0	0	1	0
2705_sub7	0	1	1	0	0	0	1	0
2707_sub0	0	1	0	1	0	0	0	1
2707_sub1	0	1	1	0	0	0	1	0
2707_sub2	0	1	1	0	0	0	1	0
2707_sub3	0	2	1	1	0	0	1	1
2707_sub4	0	1	0	1	0	0	0	1
2709_sub0	0	1	0	1	0	0	0	1
2709_sub1	1	9	2	7	2	7	0	0
2709_sub2	0	1	1	0	0	0	1	0
2713_sub0	0	1	0	1	0	0	0	1
2713_sub1	0	1	0	1	0	0	0	1
2713_sub2	0	4	3	1	0	0	3	1
2713_sub3	0	1	1	0	0	0	1	0
2715_sub0	1	7	2	5	2	5	0	0
2715_sub1	0	1	0	1	0	0	0	1
2718_sub0	0	3	1	2	0	0	1	2
2718_sub1	0	1	0	1	0	0	0	1
2718_sub2	0	1	0	1	0	0	0	1
2718_sub3	0	1	1	0	0	0	1	0
2721_sub0	0	5	3	2	0	0	3	2
2721_sub1	0	1	0	1	0	0	0	1
2721_sub2	0	1	0	1	0	0	0	1
2726_sub0	0	1	0	1	0	0	0	1
2726_sub1	1	6	2	4	2	4	0	0
2728_sub0	1	8	4	4	4	4	0	0
2728_sub1	0	1	0	1	0	0	0	1
2728_sub2	0	1	0	1	0	0	0	1
2732_sub0	1	6	4	2	4	2	0	0
2732_sub1	0	1	1	0	0	0	1	0
2732_sub2	0	1	0	1	0	0	0	1
2732_sub3	0	1	1	0	0	0	1	0
2735_sub0	1	12	3	9	3	9	0	0
2735_sub1	0	1	1	0	0	0	1	0
2735_sub2	0	1	0	1	0	0	0	1
2735_sub3	0	1	0	1	0	0	0	1
2735_sub4	0	1	1	0	0	0	1	0
2737_sub0	1	12	8	4	8	4	0	0
2737_sub1	0	1	1	0	0	0	1	0
2737_sub2	0	1	1	0	0	0	1	0
2737_sub3	0	1	1	0	0	0	1	0
2737_sub4	0	1	1	0	0	0	1	0
2742_sub0	0	1	0	1	0	0	0	1
2742_sub1	0	4	2	2	0	0	2	2
2742_sub2	0	3	1	2	0	0	1	2
2743_sub0	1	8	5	3	5	3	0	0
2743_sub1	0	1	1	0	0	0	1	0
2743_sub2	0	1	1	0	0	0	1	0
2749_sub0	0	1	1	0	0	0	1	0
2749_sub1	1	8	2	6	2	6	0	0
2749_sub2	0	1	1	0	0	0	1	0
2759_sub0	1	6	1	5	1	5	0	0
2759_sub1	0	1	1	0	0	0	1	0
2759_sub2	0	1	1	0	0	0	1	0
2759_sub3	0	1	0	1	0	0	0	1
2760_sub0	0	1	0	1	0	0	0	1
2760_sub1	1	8	6	2	6	2	0	0
2764_sub0	0	1	0	1	0	0	0	1
2764_sub1	1	7	4	3	4	3	0	0
2764_sub2	0	1	0	1	0	0	0	1
2768_sub0	1	6	2	4	2	4	0	0
2775_sub0	1	10	4	6	4	6	0	0
2776_sub0	0	1	0	1	0	0	0	1
2776_sub1	1	6	4	2	4	2	0	0
2792_sub0	1	7	3	4	3	4	0	0
2792_sub1	0	1	1	0	0	0	1	0
2795_sub0	1	7	5	2	5	2	0	0
2795_sub1	0	1	1	0	0	0	1	0
2795_sub2	0	1	1	0	0	0	1	0
2795_sub3	0	1	0	1	0	0	0	1
2797_sub0	0	1	0	1	0	0	0	1
2797_sub1	1	6	3	3	3	3	0	0
2797_sub2	0	1	0	1	0	0	0	1
2800_sub0	1	6	3	3	3	3	0	0
2800_sub1	0	1	0	1	0	0	0	1
2806_sub0	0	1	1	0	0	0	1	0
2806_sub1	0	5	3	2	0	0	3	2
2806_sub2	0	1	1	0	0	0	1	0
2806_sub3	0	1	0	1	0	0	0	1
281_sub0	0	1	0	1	0	0	0	1
281_sub1	1	6	2	4	2	4	0	0
281_sub2	0	1	1	0	0	0	1	0
281_sub3	0	1	0	1	0	0	0	1
281_sub4	0	1	1	0	0	0	1	0
2810_sub0	0	5	3	2	0	0	3	2
2810_sub1	0	1	0	1	0	0	0	1
2815_sub0	0	5	3	2	0	0	3	2
2815_sub1	0	1	1	0	0	0	1	0
2815_sub2	0	1	1	0	0	0	1	0
2815_sub3	0	1	1	0	0	0	1	0
282_sub0	0	1	1	0	0	0	1	0
282_sub1	0	1	1	0	0	0	1	0
282_sub2	0	1	0	1	0	0	0	1
282_sub3	0	3	2	1	0	0	2	1
282_sub4	0	1	0	1	0	0	0	1
2820_sub0	1	7	1	6	1	6	0	0
2820_sub1	0	1	1	0	0	0	1	0
2823_sub0	0	1	0	1	0	0	0	1
2823_sub1	0	4	2	2	0	0	2	2
2823_sub2	0	1	0	1	0	0	0	1
2825_sub0	0	1	0	1	0	0	0	1
2825_sub1	1	11	7	4	7	4	0	0
2825_sub2	0	1	0	1	0	0	0	1
2825_sub3	0	1	0	1	0	0	0	1
2825_sub4	0	1	0	1	0	0	0	1
2825_sub5	0	1	0	1	0	0	0	1
2825_sub6	0	1	1	0	0	0	1	0
283_sub0	0	1	0	1	0	0	0	1
283_sub1	1	10	5	5	5	5	0	0
283_sub2	0	1	1	0	0	0	1	0
283_sub3	0	1	0	1	0	0	0	1
283_sub4	0	1	0	1	0	0	0	1
2832_sub0	1	7	2	5	2	5	0	0
2832_sub1	0	1	0	1	0	0	0	1
2832_sub2	0	1	1	0	0	0	1	0
2832_sub3	0	1	1	0	0	0	1	0
2832_sub4	0	1	1	0	0	0	1	0
2849_sub0	1	6	3	3	3	3	0	0
2849_sub1	0	1	0	1	0	0	0	1
2857_sub0	1	8	4	4	4	4	0	0
2862_sub0	0	1	1	0	0	0	1	0
2862_sub1	1	6	4	2	4	2	0	0
2867_sub0	1	7	4	3	4	3	0	0
2867_sub1	0	1	0	1	0	0	0	1
2870_sub0	0	4	3	1	0	0	3	1
2870_sub1	0	1	0	1	0	0	0	1
2870_sub2	0	1	0	1	0	0	0	1
2873_sub0	1	9	5	4	5	4	0	0
2876_sub0	0	1	1	0	0	0	1	0
2876_sub1	0	5	4	1	0	0	4	1
2876_sub2	0	1	0	1	0	0	0	1
2876_sub3	0	1	1	0	0	0	1	0
2877_sub0	1	11	4	7	4	7	0	0
2877_sub1	0	1	1	0	0	0	1	0
2877_sub2	0	1	0	1	0	0	0	1
288_sub0	0	1	1	0	0	0	1	0
288_sub1	0	5	4	1	0	0	4	1
288_sub2	0	1	0	1	0	0	0	1
288_sub3	0	1	0	1	0	0	0	1
2880_sub0	1	10	7	3	7	3	0	0
2880_sub1	0	1	1	0	0	0	1	0
2880_sub2	0	1	0	1	0	0	0	1
2880_sub3	0	1	0	1	0	0	0	1
2882_sub0	1	9	3	6	3	6	0	0
2882_sub1	0	1	0	1	0	0	0	1
2882_sub2	0	1	1	0	0	0	1	0
2883_sub0	1	11	7	4	7	4	0	0
2883_sub1	0	1	0	1	0	0	0	1
2883_sub2	0	1	1	0	0	0	1	0
2883_sub3	0	1	0	1	0	0	0	1
2883_sub4	0	1	1	0	0	0	1	0
2885_sub0	0	1	0	1	0	0	0	1
2885_sub1	1	7	3	4	3	4	0	0
2885_sub2	0	1	1	0	0	0	1	0
2891_sub0	1	6	5	1	5	1	0	0
2891_sub1	0	1	0	1	0	0	0	1
2891_sub2	0	1	1	0	0	0	1	0
2892_sub0	1	7	3	4	3	4	0	0
2892_sub1	0	1	0	1	0	0	0	1
2892_sub2	0	1	0	1	0	0	0	1
2892_sub3	0	1	1	0	0	0	1	0
2892_sub4	0	1	0	1	0	0	0	1
2893_sub0	1	7	3	4	3	4	0	0
2893_sub1	0	1	1	0	0	0	1	0
2893_sub2	0	1	1	0	0	0	1	0
2893_sub3	0	1	0	1	0	0	0	1
2893_sub4	0	1	0	1	0	0	0	1
2895_sub0	0	1	0	1	0	0	0	1
2895_sub1	1	6	4	2	4	2	0	0
2895_sub2	0	1	0	1	0	0	0	1
2897_sub0	0	1	0	1	0	0	0	1
2897_sub1	0	1	1	0	0	0	1	0
2897_sub2	0	1	0	1	0	0	0	1
2897_sub3	0	4	3	1	0	0	3	1
2897_sub4	0	1	0	1	0	0	0	1
29_sub0	0	1	0	1	0	0	0	1
29_sub1	0	1	0	1	0	0	0	1
29_sub2	1	6	5	1	5	1	0	0
29_sub3	0	1	0	1	0	0	0	1
29_sub4	0	1	0	1	0	0	0	1
2900_sub0	0	1	0	1	0	0	0	1
2900_sub1	0	1	0	1	0	0	0	1
2900_sub2	0	4	2	2	0	0	2	2
2900_sub3	0	1	0	1	0	0	0	1
2900_sub4	0	1	1	0	0	0	1	0
2902_sub0	0	1	0	1	0	0	0	1
2902_sub1	0	1	1	0	0	0	1	0
2902_sub2	0	1	1	0	0	0	1	0
2902_sub3	0	4	1	3	0	0	1	3
2902_sub4	0	1	0	1	0	0	0	1
2902_sub5	0	1	0	1	0	0	0	1
2907_sub0	1	13	6	7	6	7	0	0
2907_sub1	0	1	0	1	0	0	0	1
2913_sub0	1	12	6	6	6	6	0	0
2913_sub1	0	1	1	0	0	0	1	0
2913_sub2	0	1	0	1	0	0	0	1
2915_sub0	0	1	0	1	0	0	0	1
2915_sub1	0	1	1	0	0	0	1	0
2915_sub2	0	1	1	0	0	0	1	0
2915_sub3	0	1	0	1	0	0	0	1
2915_sub4	0	1	0	1	0	0	0	1
2915_sub5	0	1	0	1	0	0	0	1
293_sub0	0	1	0	1	0	0	0	1
293_sub1	1	12	7	5	7	5	0	0
293_sub2	0	1	1	0	0	0	1	0
293_sub3	0	1	1	0	0	0	1	0
293_sub4	0	1	0	1	0	0	0	1
2930_sub0	1	8	3	5	3	5	0	0
2930_sub1	0	1	1	0	0	0	1	0
2930_sub2	0	1	1	0	0	0	1	0
2930_sub3	0	1	0	1	0	0	0	1
2945_sub0	1	6	5	1	5	1	0	0
2945_sub1	0	1	0	1	0	0	0	1
2947_sub0	0	5	3	2	0	0	3	2
2947_sub1	0	1	0	1	0	0	0	1
2947_sub2	0	1	0	1	0	0	0	1
2951_sub0	0	1	1	0	0	0	1	0
2951_sub1	1	6	4	2	4	2	0	0
2952_sub0	0	1	1	0	0	0	1	0
2952_sub1	0	3	1	2	0	0	1	2
2952_sub2	0	1	0	1	0	0	0	1
2952_sub3	0	1	0	1	0	0	0	1
2952_sub4	0	1	1	0	0	0	1	0
2954_sub0	0	4	1	3	0	0	1	3
2954_sub1	0	1	0	1	0	0	0	1
2954_sub2	0	1	0	1	0	0	0	1
2958_sub0	1	8	2	6	2	6	0	0
2958_sub1	0	1	0	1	0	0	0	1
2959_sub0	0	1	1	0	0	0	1	0
2959_sub1	0	1	0	1	0	0	0	1
2959_sub2	0	1	1	0	0	0	1	0
2959_sub3	0	2	2	0	0	0	2	0
2959_sub4	0	1	0	1	0	0	0	1
2959_sub5	0	2	2	0	0	0	2	0
2966_sub0	0	1	1	0	0	0	1	0
2966_sub1	0	2	0	2	0	0	0	2
2966_sub2	0	1	0	1	0	0	0	1
2966_sub3	0	1	0	1	0	0	0	1
2966_sub4	0	1	1	0	0	0	1	0
2968_sub0	1	8	3	5	3	5	0	0
2968_sub1	0	1	1	0	0	0	1	0
2968_sub2	0	1	1	0	0	0	1	0
2968_sub3	0	1	0	1	0	0	0	1
297_sub0	0	1	1	0	0	0	1	0
297_sub1	0	3	1	2	0	0	1	2
297_sub2	0	1	1	0	0	0	1	0
297_sub3	0	1	0	1	0	0	0	1
297_sub4	0	1	1	0	0	0	1	0
2971_sub0	0	4	3	1	0	0	3	1
2971_sub1	0	1	1	0	0	0	1	0
2971_sub2	0	1	1	0	0	0	1	0
2971_sub3	0	1	1	0	0	0	1	0
2971_sub4	0	1	1	0	0	0	1	0
2972_sub0	0	1	1	0	0	0	1	0
2972_sub1	0	1	1	0	0	0	1	0
2972_sub2	0	3	2	1	0	0	2	1
2972_sub3	0	1	0	1	0	0	0	1
2973_sub0	1	9	5	4	5	4	0	0
2973_sub1	0	1	1	0	0	0	1	0
2973_sub2	0	1	0	1	0	0	0	1
2991_sub0	0	1	1	0	0	0	1	0
2991_sub1	1	6	4	2	4	2	0	0
2995_sub0	0	1	0	1	0	0	0	1
2995_sub1	0	1	1	0	0	0	1	0
2995_sub2	0	1	0	1	0	0	0	1
2995_sub3	0	1	1	0	0	0	1	0
2995_sub4	0	1	0	1	0	0	0	1
2995_sub5	0	1	0	1	0	0	0	1
2996_sub0	1	9	5	4	5	4	0	0
2996_sub1	0	1	0	1	0	0	0	1
2996_sub2	0	1	1	0	0	0	1	0
2996_sub3	0	1	0	1	0	0	0	1
2998_sub0	1	7	4	3	4	3	0	0
2998_sub1	0	1	0	1	0	0	0	1
3004_sub0	1	8	4	4	4	4	0	0
3004_sub1	0	1	1	0	0	0	1	0
3004_sub2	0	1	0	1	0	0	0	1
3004_sub3	0	1	0	1	0	0	0	1
3006_sub0	1	7	3	4	3	4	0	0
3006_sub1	0	1	1	0	0	0	1	0
3006_sub2	0	1	0	1	0	0	0	1
3014_sub0	1	12	5	7	5	7	0	0
3014_sub1	0	1	1	0	0	0	1	0
3014_sub2	0	1	1	0	0	0	1	0
3014_sub3	0	1	0	1	0	0	0	1
3014_sub4	0	1	1	0	0	0	1	0
3014_sub5	0	1	0	1	0	0	0	1
3017_sub0	1	11	5	6	5	6	0	0
3017_sub1	0	1	1	0	0	0	1	0
3017_sub2	0	1	1	0	0	0	1	0
3020_sub0	1	8	1	7	1	7	0	0
3020_sub1	0	1	0	1	0	0	0	1
3020_sub2	0	1	1	0	0	0	1	0
3020_sub3	0	1	0	1	0	0	0	1
3028_sub0	1	13	9	4	9	4	0	0
3028_sub1	0	1	1	0	0	0	1	0
3028_sub2	0	1	1	0	0	0	1	0
3031_sub0	0	4	1	3	0	0	1	3
3031_sub1	0	1	0	1	0	0	0	1
3031_sub2	0	1	1	0	0	0	1	0
3037_sub0	1	7	1	6	1	6	0	0
3037_sub1	0	1	1	0	0	0	1	0
3037_sub2	0	1	1	0	0	0	1	0
3037_sub3	0	1	0	1	0	0	0	1
304_sub0	0	1	0	1	0	0	0	1
304_sub1	0	1	1	0	0	0	1	0
304_sub2	0	1	0	1	0	0	0	1
304_sub3	1	6	4	2	4	2	0	0
3041_sub0	0	1	0	1	0	0	0	1
3041_sub1	1	6	4	2	4	2	0	0
3041_sub2	0	1	1	0	0	0	1	0
3041_sub3	0	1	0	1	0	0	0	1
3043_sub0	1	6	2	4	2	4	0	0
3043_sub1	0	1	1	0	0	0	1	0
3043_sub2	0	1	1	0	0	0	1	0
3044_sub0	0	1	1	0	0	0	1	0
3044_sub1	0	1	0	1	0	0	0	1
3044_sub2	0	2	1	1	0	0	1	1
3044_sub3	0	1	1	0	0	0	1	0
3044_sub4	0	1	1	0	0	0	1	0
3044_sub5	0	1	0	1	0	0	0	1
3044_sub6	0	1	0	1	0	0	0	1
3046_sub0	1	8	3	5	3	5	0	0
3046_sub1	0	1	0	1	0	0	0	1
3046_sub2	0	1	0	1	0	0	0	1
3048_sub0	1	7	6	1	6	1	0	0
3048_sub1	0	1	1	0	0	0	1	0
3048_sub2	0	1	1	0	0	0	1	0
3049_sub0	1	7	3	4	3	4	0	0
3049_sub1	0	1	0	1	0	0	0	1
3049_sub2	0	1	1	0	0	0	1	0
3049_sub3	0	1	0	1	0	0	0	1
3049_sub4	0	1	1	0	0	0	1	0
3049_sub5	0	1	0	1	0	0	0	1
3052_sub0	0	1	1	0	0	0	1	0
3052_sub1	0	1	1	0	0	0	1	0
3052_sub2	0	1	1	0	0	0	1	0
3052_sub3	0	1	0	1	0	0	0	1
3052_sub4	0	1	1	0	0	0	1	0
3052_sub5	0	1	0	1	0	0	0	1
3053_sub0	1	9	5	4	5	4	0	0
3053_sub1	0	1	0	1	0	0	0	1
3061_sub0	0	1	1	0	0	0	1	0
3061_sub1	0	1	0	1	0	0	0	1
3061_sub2	0	1	0	1	0	0	0	1
3061_sub3	0	1	0	1	0	0	0	1
3061_sub4	0	1	1	0	0	0	1	0
3061_sub5	0	1	0	1	0	0	0	1
3063_sub0	1	7	3	4	3	4	0	0
3063_sub1	0	1	0	1	0	0	0	1
3063_sub2	0	1	0	1	0	0	0	1
3063_sub3	0	1	0	1	0	0	0	1
3063_sub4	0	1	0	1	0	0	0	1
3076_sub0	0	1	0	1	0	0	0	1
3076_sub1	1	7	4	3	4	3	0	0
3076_sub2	0	1	0	1	0	0	0	1
3076_sub3	0	1	1	0	0	0	1	0
3076_sub4	0	1	1	0	0	0	1	0
3076_sub5	0	1	0	1	0	0	0	1
3086_sub0	1	9	5	4	5	4	0	0
3086_sub1	0	1	1	0	0	0	1	0
3088_sub0	0	1	1	0	0	0	1	0
3088_sub1	0	1	1	0	0	0	1	0
3088_sub2	0	1	1	0	0	0	1	0
3088_sub3	0	1	1	0	0	0	1	0
3088_sub4	0	1	0	1	0	0	0	1
3088_sub5	0	1	0	1	0	0	0	1
3091_sub0	1	10	6	4	6	4	0	0
3091_sub1	0	1	1	0	0	0	1	0
3098_sub0	0	5	0	5	0	0	0	5
3098_sub1	0	1	1	0	0	0	1	0
3098_sub2	0	1	0	1	0	0	0	1
3098_sub3	0	1	0	1	0	0	0	1
3098_sub4	0	1	0	1	0	0	0	1
3098_sub5	0	1	1	0	0	0	1	0
310_sub0	0	1	0	1	0	0	0	1
310_sub1	0	1	1	0	0	0	1	0
310_sub2	0	1	1	0	0	0	1	0
310_sub3	0	1	1	0	0	0	1	0
310_sub4	0	1	0	1	0	0	0	1
310_sub5	0	1	0	1	0	0	0	1
3105_sub0	0	5	1	4	0	0	1	4
3105_sub1	0	1	1	0	0	0	1	0
3105_sub2	0	1	0	1	0	0	0	1
3110_sub0	1	6	2	4	2	4	0	0
3110_sub1	0	1	0	1	0	0	0	1
3110_sub2	0	1	1	0	0	0	1	0
3113_sub0	1	9	3	6	3	6	0	0
3113_sub1	0	1	0	1	0	0	0	1
3124_sub0	0	3	1	2	0	0	1	2
3124_sub1	0	1	0	1	0	0	0	1
3124_sub2	0	1	0	1	0	0	0	1
3124_sub3	0	1	0	1	0	0	0	1
3125_sub0	1	6	4	2	4	2	0	0
3125_sub1	0	1	0	1	0	0	0	1
3127_sub0	0	4	3	1	0	0	3	1
3127_sub1	0	1	0	1	0	0	0	1
3127_sub2	0	1	1	0	0	0	1	0
3127_sub3	0	1	0	1	0	0	0	1
3128_sub0	1	7	3	4	3	4	0	0
3128_sub1	0	1	0	1	0	0	0	1
3128_sub2	0	1	1	0	0	0	1	0
3128_sub3	0	1	1	0	0	0	1	0
3128_sub4	0	1	1	0	0	0	1	0
3133_sub0	0	2	2	0	0	0	2	0
3133_sub1	0	1	0	1	0	0	0	1
3133_sub2	0	1	1	0	0	0	1	0
3133_sub3	0	2	2	0	0	0	2	0
3133_sub4	0	1	1	0	0	0	1	0
3133_sub5	0	1	0	1	0	0	0	1
3136_sub0	1	12	6	6	6	6	0	0
3136_sub1	0	1	0	1	0	0	0	1
3136_sub2	0	1	1	0	0	0	1	0
314_sub0	0	1	1	0	0	0	1	0
314_sub1	1	6	1	5	1	5	0	0
314_sub2	0	1	1	0	0	0	1	0
314_sub3	0	1	1	0	0	0	1	0
3142_sub0	0	1	0	1	0	0	0	1
3142_sub1	0	1	1	0	0	0	1	0
3142_sub2	0	1	0	1	0	0	0	1
3142_sub3	0	1	1	0	0	0	1	0
3142_sub4	0	1	0	1	0	0	0	1
3142_sub5	0	1	1	0	0	0	1	0
3142_sub6	0	1	0	1	0	0	0	1
3147_sub0	1	8	6	2	6	2	0	0
3147_sub1	0	1	1	0	0	0	1	0
3147_sub2	0	1	1	0	0	0	1	0
3150_sub0	1	10	5	5	5	5	0	0
3150_sub1	0	1	1	0	0	0	1	0
3159_sub0	1	12	4	8	4	8	0	0
3159_sub1	0	1	0	1	0	0	0	1
3159_sub2	0	1	1	0	0	0	1	0
3159_sub3	0	1	1	0	0	0	1	0
3160_sub0	0	5	0	5	0	0	0	5
3160_sub1	0	1	1	0	0	0	1	0
3160_sub2	0	1	0	1	0	0	0	1
3161_sub0	1	10	5	5	5	5	0	0
3161_sub1	0	2	1	1	0	0	1	1
3161_sub2	0	1	0	1	0	0	0	1
3161_sub3	0	1	0	1	0	0	0	1
3162_sub0	1	7	2	5	2	5	0	0
3162_sub1	0	1	0	1	0	0	0	1
3162_sub2	0	1	0	1	0	0	0	1
3163_sub0	0	1	1	0	0	0	1	0
3163_sub1	0	2	1	1	0	0	1	1
3163_sub2	0	1	0	1	0	0	0	1
3163_sub3	0	1	0	1	0	0	0	1
3163_sub4	0	1	0	1	0	0	0	1
3165_sub0	0	1	1	0	0	0	1	0
3165_sub1	0	1	1	0	0	0	1	0
3165_sub2	0	1	1	0	0	0	1	0
3165_sub3	0	1	0	1	0	0	0	1
3165_sub4	0	1	0	1	0	0	0	1
3165_sub5	0	2	1	1	0	0	1	1
3166_sub0	1	8	2	6	2	6	0	0
3166_sub1	0	1	1	0	0	0	1	0
3166_sub2	0	1	0	1	0	0	0	1
3166_sub3	0	1	0	1	0	0	0	1
3168_sub0	1	7	3	4	3	4	0	0
3168_sub1	0	1	0	1	0	0	0	1
3168_sub2	0	1	1	0	0	0	1	0
3168_sub3	0	1	0	1	0	0	0	1
3168_sub4	0	1	0	1	0	0	0	1
3168_sub5	0	1	1	0	0	0	1	0
3168_sub6	0	1	0	1	0	0	0	1
317_sub0	0	1	1	0	0	0	1	0
317_sub1	1	8	5	3	5	3	0	0
317_sub2	0	1	1	0	0	0	1	0
3172_sub0	1	7	3	4	3	4	0	0
3172_sub1	0	1	0	1	0	0	0	1
3172_sub2	0	1	1	0	0	0	1	0
3172_sub3	0	1	1	0	0	0	1	0
3178_sub0	0	1	0	1	0	0	0	1
3178_sub1	1	6	1	5	1	5	0	0
3178_sub2	0	1	1	0	0	0	1	0
3178_sub3	0	1	1	0	0	0	1	0
3179_sub0	1	7	4	3	4	3	0	0
3179_sub1	0	1	0	1	0	0	0	1
3179_sub2	0	1	0	1	0	0	0	1
3179_sub3	0	1	0	1	0	0	0	1
3179_sub4	0	1	1	0	0	0	1	0
3179_sub5	0	1	1	0	0	0	1	0
3181_sub0	1	9	5	4	5	4	0	0
3181_sub1	0	1	1	0	0	0	1	0
3187_sub0	1	11	7	4	7	4	0	0
3189_sub0	0	5	0	5	0	0	0	5
3189_sub1	0	1	1	0	0	0	1	0
3189_sub2	0	1	1	0	0	0	1	0
3189_sub3	0	1	1	0	0	0	1	0
3190_sub0	0	4	1	3	0	0	1	3
3190_sub1	0	1	1	0	0	0	1	0
3190_sub2	0	1	1	0	0	0	1	0
3190_sub3	0	1	0	1	0	0	0	1
3190_sub4	0	1	0	1	0	0	0	1
3191_sub0	1	7	3	4	3	4	0	0
3195_sub0	1	9	6	3	6	3	0	0
3195_sub1	0	1	1	0	0	0	1	0
3197_sub0	1	8	2	6	2	6	0	0
3197_sub1	0	1	0	1	0	0	0	1
3198_sub0	1	14	8	6	8	6	0	0
3198_sub1	0	1	1	0	0	0	1	0
3198_sub2	0	1	0	1	0	0	0	1
3198_sub3	0	1	0	1	0	0	0	1
3198_sub4	0	1	0	1	0	0	0	1
3198_sub5	0	1	1	0	0	0	1	0
3198_sub6	0	1	0	1	0	0	0	1
3199_sub0	0	2	2	0	0	0	2	0
3199_sub1	0	1	0	1	0	0	0	1
3199_sub2	0	1	0	1	0	0	0	1
3199_sub3	0	2	0	2	0	0	0	2
3208_sub0	1	13	8	5	8	5	0	0
3208_sub1	0	1	1	0	0	0	1	0
3209_sub0	1	7	5	2	5	2	0	0
3210_sub0	0	1	1	0	0	0	1	0
3210_sub1	0	1	0	1	0	0	0	1
3210_sub2	0	1	1	0	0	0	1	0
3210_sub3	0	1	1	0	0	0	1	0
3210_sub4	0	1	0	1	0	0	0	1
3210_sub5	0	1	1	0	0	0	1	0
3211_sub0	0	1	1	0	0	0	1	0
3211_sub1	1	6	2	4	2	4	0	0
3211_sub2	0	1	0	1	0	0	0	1
3211_sub3	0	1	1	0	0	0	1	0
3215_sub0	0	5	2	3	0	0	2	3
3215_sub1	0	1	0	1	0	0	0	1
3215_sub2	0	1	1	0	0	0	1	0
3218_sub0	0	1	1	0	0	0	1	0
3218_sub1	0	1	1	0	0	0	1	0
3218_sub2	0	4	4	0	0	0	4	0
3223_sub0	1	13	5	8	5	8	0	0
3223_sub1	0	1	1	0	0	0	1	0
3223_sub2	0	1	0	1	0	0	0	1
3226_sub0	0	4	3	1	0	0	3	1
3226_sub1	0	1	0	1	0	0	0	1
3226_sub2	0	1	1	0	0	0	1	0
3234_sub0	0	1	1	0	0	0	1	0
3234_sub1	0	1	0	1	0	0	0	1
3234_sub2	0	1	0	1	0	0	0	1
3234_sub3	0	1	0	1	0	0	0	1
3234_sub4	0	1	0	1	0	0	0	1
3234_sub5	0	1	1	0	0	0	1	0
3234_sub6	0	1	0	1	0	0	0	1
3234_sub7	0	1	1	0	0	0	1	0
3239_sub0	1	10	4	6	4	6	0	0
3239_sub1	0	1	1	0	0	0	1	0
3239_sub2	0	1	1	0	0	0	1	0
3239_sub3	0	1	0	1	0	0	0	1
3239_sub4	0	1	1	0	0	0	1	0
3243_sub0	1	7	6	1	6	1	0	0
3243_sub1	0	1	1	0	0	0	1	0
3243_sub2	0	1	1	0	0	0	1	0
3244_sub0	1	10	2	8	2	8	0	0
3244_sub1	0	1	1	0	0	0	1	0
3244_sub2	0	1	1	0	0	0	1	0
3244_sub3	0	1	0	1	0	0	0	1
3244_sub4	0	1	0	1	0	0	0	1
3246_sub0	0	1	1	0	0	0	1	0
3246_sub1	0	1	1	0	0	0	1	0
3246_sub2	1	8	4	4	4	4	0	0
3246_sub3	0	4	2	2	0	0	2	2
3246_sub4	0	1	0	1	0	0	0	1
3249_sub0	1	6	5	1	5	1	0	0
3249_sub1	0	1	0	1	0	0	0	1
3249_sub2	0	1	0	1	0	0	0	1
3249_sub3	0	1	1	0	0	0	1	0
3249_sub4	0	1	1	0	0	0	1	0
3249_sub5	0	1	0	1	0	0	0	1
3249_sub6	0	1	1	0	0	0	1	0
325_sub0	0	1	0	1	0	0	0	1
325_sub1	1	11	4	7	4	7	0	0
3252_sub0	0	5	5	0	0	0	5	0
3252_sub1	0	1	0	1	0	0	0	1
3252_sub2	0	1	1	0	0	0	1	0
3252_sub3	0	1	1	0	0	0	1	0
3252_sub4	0	1	1	0	0	0	1	0
3252_sub5	0	1	1	0	0	0	1	0
3253_sub0	0	5	3	2	0	0	3	2
3253_sub1	0	1	0	1	0	0	0	1
3253_sub2	0	1	0	1	0	0	0	1
3253_sub3	0	1	0	1	0	0	0	1
3254_sub0	1	6	4	2	4	2	0	0
3254_sub1	0	1	0	1	0	0	0	1
3254_sub2	0	1	0	1	0	0	0	1
3254_sub3	0	1	1	0	0	0	1	0
3258_sub0	1	8	5	3	5	3	0	0
3261_sub0	1	8	6	2	6	2	0	0
3261_sub1	0	1	1	0	0	0	1	0
3261_sub2	0	1	1	0	0	0	1	0
3261_sub3	0	1	0	1	0	0	0	1
3267_sub0	1	7	3	4	3	4	0	0
3267_sub1	0	1	0	1	0	0	0	1
3267_sub2	0	1	1	0	0	0	1	0
3267_sub3	0	1	1	0	0	0	1	0
3269_sub0	1	6	3	3	3	3	0	0
3269_sub1	0	1	1	0	0	0	1	0
3269_sub2	0	1	0	1	0	0	0	1
3269_sub3	0	1	0	1	0	0	0	1
327_sub0	0	1	1	0	0	0	1	0
327_sub1	1	9	2	7	2	7	0	0
327_sub2	0	1	0	1	0	0	0	1
3285_sub0	0	1	0	1	0	0	0	1
3285_sub1	1	8	6	2	6	2	0	0
3285_sub2	0	1	0	1	0	0	0	1
3285_sub3	0	1	0	1	0	0	0	1
3287_sub0	1	7	3	4	3	4	0	0
3291_sub0	1	7	4	3	4	3	0	0
3291_sub1	0	1	1	0	0	0	1	0
3291_sub2	0	1	0	1	0	0	0	1
3298_sub0	1	6	3	3	3	3	0	0
3298_sub1	0	1	1	0	0	0	1	0
3300_sub0	1	6	2	4	2	4	0	0
3310_sub0	0	4	2	2	0	0	2	2
3310_sub1	0	1	0	1	0	0	0	1
3310_sub2	0	1	1	0	0	0	1	0
3310_sub3	0	1	1	0	0	0	1	0
3312_sub0	0	1	1	0	0	0	1	0
3312_sub1	0	1	0	1	0	0	0	1
3312_sub2	0	1	0	1	0	0	0	1
3312_sub3	0	1	0	1	0	0	0	1
3312_sub4	0	1	1	0	0	0	1	0
3312_sub5	0	1	0	1	0	0	0	1
3313_sub0	0	1	1	0	0	0	1	0
3313_sub1	0	1	1	0	0	0	1	0
3313_sub2	0	1	1	0	0	0	1	0
3313_sub3	0	1	1	0	0	0	1	0
3313_sub4	0	1	0	1	0	0	0	1
3313_sub5	0	1	1	0	0	0	1	0
3313_sub6	0	1	0	1	0	0	0	1
3313_sub7	0	1	1	0	0	0	1	0
332_sub0	0	1	1	0	0	0	1	0
332_sub1	0	1	0	1	0	0	0	1
332_sub2	0	1	0	1	0	0	0	1
332_sub3	0	1	1	0	0	0	1	0
332_sub4	0	1	1	0	0	0	1	0
332_sub5	0	1	1	0	0	0	1	0
332_sub6	0	1	1	0	0	0	1	0
332_sub7	0	1	0	1	0	0	0	1
332_sub8	0	1	0	1	0	0	0	1
3321_sub0	1	10	6	4	6	4	0	0
3321_sub1	0	1	1	0	0	0	1	0
3324_sub0	1	6	2	4	2	4	0	0
3324_sub1	0	1	1	0	0	0	1	0
3324_sub2	0	1	1	0	0	0	1	0
333_sub0	0	1	0	1	0	0	0	1
333_sub1	0	1	1	0	0	0	1	0
333_sub2	0	3	1	2	0	0	1	2
333_sub3	0	1	1	0	0	0	1	0
333_sub4	0	1	1	0	0	0	1	0
3331_sub0	1	11	6	5	6	5	0	0
3331_sub1	0	1	1	0	0	0	1	0
3331_sub2	0	1	1	0	0	0	1	0
3331_sub3	0	1	0	1	0	0	0	1
3331_sub4	0	1	0	1	0	0	0	1
3333_sub0	1	6	4	2	4	2	0	0
3333_sub1	0	1	1	0	0	0	1	0
3333_sub2	0	1	0	1	0	0	0	1
3334_sub0	1	7	5	2	5	2	0	0
3334_sub1	0	1	1	0	0	0	1	0
3334_sub2	0	1	1	0	0	0	1	0
3334_sub3	0	1	0	1	0	0	0	1
3339_sub0	0	4	4	0	0	0	4	0
3339_sub1	0	1	1	0	0	0	1	0
3339_sub2	0	1	1	0	0	0	1	0
3339_sub3	0	1	0	1	0	0	0	1
3342_sub0	1	9	6	3	6	3	0	0
3342_sub1	0	1	0	1	0	0	0	1
3350_sub0	1	7	3	4	3	4	0	0
3350_sub1	0	1	0	1	0	0	0	1
3350_sub2	0	1	1	0	0	0	1	0
3350_sub3	0	1	0	1	0	0	0	1
336_sub0	0	1	0	1	0	0	0	1
336_sub1	1	10	4	6	4	6	0	0
336_sub2	0	1	0	1	0	0	0	1
336_sub3	0	1	1	0	0	0	1	0
3361_sub0	1	10	4	6	4	6	0	0
3361_sub1	0	1	0	1	0	0	0	1
3363_sub0	0	4	2	2	0	0	2	2
3363_sub1	0	1	1	0	0	0	1	0
3363_sub2	0	1	0	1	0	0	0	1
3363_sub3	0	1	1	0	0	0	1	0
3365_sub0	0	5	1	4	0	0	1	4
3365_sub1	0	1	1	0	0	0	1	0
3365_sub2	0	1	1	0	0	0	1	0
3370_sub0	1	7	6	1	6	1	0	0
3370_sub1	0	1	0	1	0	0	0	1
3370_sub2	0	1	0	1	0	0	0	1
3370_sub3	0	1	1	0	0	0	1	0
3370_sub4	0	1	1	0	0	0	1	0
3370_sub5	0	1	1	0	0	0	1	0
3376_sub0	1	6	5	1	5	1	0	0
3376_sub1	0	1	0	1	0	0	0	1
3376_sub2	0	1	1	0	0	0	1	0
3376_sub3	0	1	0	1	0	0	0	1
3378_sub0	0	1	0	1	0	0	0	1
3378_sub1	1	6	3	3	3	3	0	0
3378_sub2	0	1	1	0	0	0	1	0
3378_sub3	0	1	0	1	0	0	0	1
3384_sub0	1	12	5	7	5	7	0	0
3384_sub1	0	1	1	0	0	0	1	0
3384_sub2	0	1	1	0	0	0	1	0
3385_sub0	1	6	2	4	2	4	0	0
3385_sub1	0	1	0	1	0	0	0	1
3390_sub0	1	6	3	3	3	3	0	0
3390_sub1	0	1	0	1	0	0	0	1
3390_sub2	0	1	0	1	0	0	0	1
3396_sub0	0	4	2	2	0	0	2	2
3396_sub1	0	1	1	0	0	0	1	0
3396_sub2	0	1	1	0	0	0	1	0
3399_sub0	0	1	1	0	0	0	1	0
3399_sub1	0	4	3	1	0	0	3	1
3399_sub2	0	1	0	1	0	0	0	1
3401_sub0	1	9	5	4	5	4	0	0
3401_sub1	0	1	1	0	0	0	1	0
3401_sub2	0	1	1	0	0	0	1	0
3401_sub3	0	1	1	0	0	0	1	0
3401_sub4	0	1	1	0	0	0	1	0
3401_sub5	0	1	0	1	0	0	0	1
3401_sub6	0	1	1	0	0	0	1	0
3401_sub7	0	1	0	1	0	0	0	1
3401_sub8	0	1	0	1	0	0	0	1
3406_sub0	0	1	1	0	0	0	1	0
3406_sub1	0	1	1	0	0	0	1	0
3406_sub2	0	2	2	0	0	0	2	0
3406_sub3	0	1	1	0	0	0	1	0
3406_sub4	0	1	1	0	0	0	1	0
3406_sub5	0	1	0	1	0	0	0	1
3406_sub6	0	1	0	1	0	0	0	1
3407_sub0	0	2	1	1	0	0	1	1
3407_sub1	0	1	1	0	0	0	1	0
3407_sub2	0	1	1	0	0	0	1	0
3407_sub3	0	1	1	0	0	0	1	0
3407_sub4	0	1	1	0	0	0	1	0
3409_sub0	1	7	5	2	5	2	0	0
3409_sub1	0	1	0	1	0	0	0	1
341_sub0	0	1	1	0	0	0	1	0
341_sub1	1	14	9	5	9	5	0	0
341_sub2	0	1	0	1	0	0	0	1
341_sub3	0	1	0	1	0	0	0	1
341_sub4	0	1	0	1	0	0	0	1
341_sub5	0	1	0	1	0	0	0	1
341_sub6	0	1	1	0	0	0	1	0
341_sub7	0	1	0	1	0	0	0	1
3411_sub0	0	3	0	3	0	0	0	3
3411_sub1	0	1	1	0	0	0	1	0
3411_sub2	0	1	1	0	0	0	1	0
3411_sub3	0	1	0	1	0	0	0	1
3412_sub0	1	8	4	4	4	4	0	0
3412_sub1	0	1	1	0	0	0	1	0
3412_sub2	0	1	0	1	0	0	0	1
3425_sub0	1	9	6	3	6	3	0	0
3425_sub1	0	1	0	1	0	0	0	1
3425_sub2	0	1	0	1	0	0	0	1
3425_sub3	0	1	1	0	0	0	1	0
3428_sub0	1	7	3	4	3	4	0	0
3428_sub1	0	1	1	0	0	0	1	0
3428_sub2	0	1	1	0	0	0	1	0
3428_sub3	0	1	1	0	0	0	1	0
3434_sub0	1	9	5	4	5	4	0	0
3438_sub0	0	3	3	0	0	0	3	0
3438_sub1	0	1	1	0	0	0	1	0
3438_sub2	0	1	1	0	0	0	1	0
3438_sub3	0	1	0	1	0	0	0	1
3438_sub4	0	1	1	0	0	0	1	0
3438_sub5	0	1	0	1	0	0	0	1
3449_sub0	0	5	5	0	0	0	5	0
3449_sub1	0	1	1	0	0	0	1	0
3449_sub2	0	1	0	1	0	0	0	1
3449_sub3	0	1	1	0	0	0	1	0
3450_sub0	1	6	3	3	3	3	0	0
3450_sub1	0	1	1	0	0	0	1	0
3450_sub2	0	1	1	0	0	0	1	0
3450_sub3	0	1	1	0	0	0	1	0
3452_sub0	1	10	8	2	8	2	0	0
3453_sub0	1	8	2	6	2	6	0	0
3456_sub0	1	7	3	4	3	4	0	0
3456_sub1	0	1	0	1	0	0	0	1
3456_sub2	0	1	1	0	0	0	1	0
3459_sub0	1	6	3	3	3	3	0	0
3459_sub1	0	1	1	0	0	0	1	0
346_sub0	0	1	1	0	0	0	1	0
346_sub1	1	7	5	2	5	2	0	0
346_sub2	0	1	0	1	0	0	0	1
3461_sub0	1	8	5	3	5	3	0	0
3461_sub1	0	1	1	0	0	0	1	0
3463_sub0	1	10	5	5	5	5	0	0
3463_sub1	0	1	0	1	0	0	0	1
347_sub0	0	1	1	0	0	0	1	0
347_sub1	1	11	6	5	6	5	0	0
347_sub2	0	1	1	0	0	0	1	0
3479_sub0	1	12	8	4	8	4	0	0
3479_sub1	0	1	1	0	0	0	1	0
3479_sub2	0	1	0	1	0	0	0	1
3479_sub3	0	1	0	1	0	0	0	1
3479_sub4	0	1	1	0	0	0	1	0
3479_sub5	0	1	1	0	0	0	1	0
3479_sub6	0	1	0	1	0	0	0	1
3479_sub7	0	1	0	1	0	0	0	1
3479_sub8	0	1	0	1	0	0	0	1
3479_sub9	0	1	1	0	0	0	1	0
3482_sub0	1	9	3	6	3	6	0	0
3482_sub1	0	1	1	0	0	0	1	0
3482_sub2	0	1	1	0	0	0	1	0
3482_sub3	0	1	1	0	0	0	1	0
3482_sub4	0	1	1	0	0	0	1	0
3487_sub0	0	1	1	0	0	0	1	0
3487_sub1	0	4	1	3	0	0	1	3
3487_sub2	0	1	1	0	0	0	1	0
3487_sub3	0	1	0	1	0	0	0	1
3489_sub0	0	1	1	0	0	0	1	0
3489_sub1	0	2	0	2	0	0	0	2
3489_sub2	0	1	0	1	0	0	0	1
3489_sub3	0	1	1	0	0	0	1	0
3489_sub4	0	1	1	0	0	0	1	0
3489_sub5	0	1	0	1	0	0	0	1
3491_sub0	0	1	1	0	0	0	1	0
3491_sub1	0	1	1	0	0	0	1	0
3491_sub2	0	1	0	1	0	0	0	1
3491_sub3	0	1	1	0	0	0	1	0
3491_sub4	0	1	0	1	0	0	0	1
3491_sub5	0	1	1	0	0	0	1	0
3492_sub0	1	10	7	3	7	3	0	0
3492_sub1	0	1	0	1	0	0	0	1
3496_sub0	0	1	0	1	0	0	0	1
3496_sub1	1	6	2	4	2	4	0	0
35_sub0	0	1	0	1	0	0	0	1
35_sub1	0	3	0	3	0	0	0	3
35_sub2	0	1	0	1	0	0	0	1
35_sub3	0	1	0	1	0	0	0	1
35_sub4	0	3	3	0	0	0	3	0
350_sub0	0	1	0	1	0	0	0	1
350_sub1	0	2	0	2	0	0	0	2
350_sub2	0	1	0	1	0	0	0	1
350_sub3	0	1	0	1	0	0	0	1
350_sub4	0	1	1	0	0	0	1	0
350_sub5	0	1	0	1	0	0	0	1
3500_sub0	1	6	3	3	3	3	0	0
3500_sub1	0	1	1	0	0	0	1	0
3500_sub2	0	1	0	1	0	0	0	1
3500_sub3	0	1	1	0	0	0	1	0
3500_sub4	0	1	1	0	0	0	1	0
3503_sub0	0	1	0	1	0	0	0	1
3503_sub1	1	7	5	2	5	2	0	0
3503_sub2	0	1	0	1	0	0	0	1
3503_sub3	0	1	0	1	0	0	0	1
3505_sub0	0	5	2	3	0	0	2	3
3505_sub1	0	1	0	1	0	0	0	1
3505_sub2	0	1	1	0	0	0	1	0
3511_sub0	0	1	0	1	0	0	0	1
3511_sub1	0	1	1	0	0	0	1	0
3511_sub2	0	1	0	1	0	0	0	1
3511_sub3	0	1	1	0	0	0	1	0
3511_sub4	0	1	1	0	0	0	1	0
3511_sub5	0	1	0	1	0	0	0	1
3511_sub6	0	1	1	0	0	0	1	0
3511_sub7	0	1	1	0	0	0	1	0
3516_sub0	0	1	0	1	0	0	0	1
3516_sub1	0	1	0	1	0	0	0	1
3516_sub2	0	1	0	1	0	0	0	1
3516_sub3	0	1	1	0	0	0	1	0
3516_sub4	0	1	0	1	0	0	0	1
3516_sub5	0	1	0	1	0	0	0	1
3516_sub6	0	1	0	1	0	0	0	1
3516_sub7	0	1	1	0	0	0	1	0
3517_sub0	1	8	3	5	3	5	0	0
3517_sub1	0	1	0	1	0	0	0	1
3517_sub2	0	1	0	1	0	0	0	1
3517_sub3	0	1	0	1	0	0	0	1
3517_sub4	0	1	0	1	0	0	0	1
3517_sub5	0	1	1	0	0	0	1	0
3517_sub6	0	1	1	0	0	0	1	0
3517_sub7	0	1	1	0	0	0	1	0
352_sub0	0	1	1	0	0	0	1	0
352_sub1	0	5	3	2	0	0	3	2
3520_sub0	1	11	7	4	7	4	0	0
3520_sub1	0	1	0	1	0	0	0	1
3520_sub2	0	1	1	0	0	0	1	0
3520_sub3	0	1	0	1	0	0	0	1
3520_sub4	0	1	0	1	0	0	0	1
3526_sub0	1	8	2	6	2	6	0	0
3526_sub1	0	1	0	1	0	0	0	1
3526_sub2	0	1	0	1	0	0	0	1
3532_sub0	1	9	4	5	4	5	0	0
3532_sub1	0	1	1	0	0	0	1	0
3532_sub2	0	1	1	0	0	0	1	0
3532_sub3	0	1	0	1	0	0	0	1
3533_sub0	1	7	2	5	2	5	0	0
3533_sub1	0	1	0	1	0	0	0	1
3533_sub2	0	1	1	0	0	0	1	0
3533_sub3	0	1	0	1	0	0	0	1
3547_sub0	1	7	3	4	3	4	0	0
3549_sub0	1	9	4	5	4	5	0	0
3549_sub1	0	1	0	1	0	0	0	1
3553_sub0	0	1	1	0	0	0	1	0
3553_sub1	0	1	0	1	0	0	0	1
3553_sub2	0	1	1	0	0	0	1	0
3553_sub3	0	1	0	1	0	0	0	1
3553_sub4	0	1	1	0	0	0	1	0
3553_sub5	0	1	0	1	0	0	0	1
3553_sub6	0	1	0	1	0	0	0	1
3553_sub7	0	1	0	1	0	0	0	1
3555_sub0	1	9	3	6	3	6	0	0
3555_sub1	0	1	0	1	0	0	0	1
3555_sub2	0	1	0	1	0	0	0	1
3559_sub0	1	9	4	5	4	5	0	0
3559_sub1	0	1	1	0	0	0	1	0
3559_sub2	0	1	0	1	0	0	0	1
3559_sub3	0	1	0	1	0	0	0	1
3559_sub4	0	1	0	1	0	0	0	1
356_sub0	0	1	0	1	0	0	0	1
356_sub1	1	7	2	5	2	5	0	0
356_sub2	0	1	0	1	0	0	0	1
356_sub3	0	1	1	0	0	0	1	0
3561_sub0	1	7	4	3	4	3	0	0
3561_sub1	0	1	1	0	0	0	1	0
3561_sub2	0	1	1	0	0	0	1	0
3561_sub3	0	1	0	1	0	0	0	1
3561_sub4	0	1	0	1	0	0	0	1
3562_sub0	1	11	7	4	7	4	0	0
3562_sub1	0	1	1	0	0	0	1	0
3562_sub2	0	1	0	1	0	0	0	1
3562_sub3	0	1	1	0	0	0	1	0
3562_sub4	0	1	1	0	0	0	1	0
3562_sub5	0	1	1	0	0	0	1	0
3566_sub0	0	1	1	0	0	0	1	0
3566_sub1	1	10	5	5	5	5	0	0
3566_sub2	0	1	1	0	0	0	1	0
3566_sub3	0	1	1	0	0	0	1	0
3566_sub4	0	1	0	1	0	0	0	1
3567_sub0	0	1	1	0	0	0	1	0
3567_sub1	1	9	5	4	5	4	0	0
3567_sub2	0	1	1	0	0	0	1	0
3567_sub3	0	1	0	1	0	0	0	1
3570_sub0	0	1	0	1	0	0	0	1
3570_sub1	0	1	0	1	0	0	0	1
3570_sub2	0	1	1	0	0	0	1	0
3570_sub3	0	1	0	1	0	0	0	1
3570_sub4	0	1	0	1	0	0	0	1
3570_sub5	0	1	1	0	0	0	1	0
3570_sub6	0	1	1	0	0	0	1	0
3571_sub0	1	7	3	4	3	4	0	0
3571_sub1	0	1	0	1	0	0	0	1
3572_sub0	0	1	0	1	0	0	0	1
3572_sub1	0	1	1	0	0	0	1	0
3572_sub2	0	1	1	0	0	0	1	0
3572_sub3	0	1	1	0	0	0	1	0
3572_sub4	0	1	1	0	0	0	1	0
3572_sub5	0	1	1	0	0	0	1	0
3572_sub6	0	3	0	3	0	0	0	3
3572_sub7	0	1	0	1	0	0	0	1
3573_sub0	0	2	0	2	0	0	0	2
3573_sub1	0	1	1	0	0	0	1	0
3573_sub2	0	1	1	0	0	0	1	0
3573_sub3	0	1	0	1	0	0	0	1
3573_sub4	0	1	1	0	0	0	1	0
3573_sub5	0	1	0	1	0	0	0	1
3574_sub0	0	1	0	1	0	0	0	1
3574_sub1	1	7	1	6	1	6	0	0
3574_sub2	0	1	0	1	0	0	0	1
3575_sub0	0	1	0	1	0	0	0	1
3575_sub1	0	1	0	1	0	0	0	1
3575_sub2	0	1	0	1	0	0	0	1
3575_sub3	0	1	1	0	0	0	1	0
3575_sub4	0	1	1	0	0	0	1	0
3575_sub5	0	1	1	0	0	0	1	0
3575_sub6	0	1	0	1	0	0	0	1
3581_sub0	1	11	4	7	4	7	0	0
3581_sub1	0	1	1	0	0	0	1	0
3582_sub0	0	1	1	0	0	0	1	0
3582_sub1	0	4	2	2	0	0	2	2
3582_sub2	0	1	1	0	0	0	1	0
3586_sub0	0	5	2	3	0	0	2	3
3586_sub1	0	1	0	1	0	0	0	1
359_sub0	0	1	1	0	0	0	1	0
359_sub1	1	6	1	5	1	5	0	0
359_sub2	0	1	0	1	0	0	0	1
359_sub3	0	1	0	1	0	0	0	1
359_sub4	0	1	1	0	0	0	1	0
3591_sub0	0	2	1	1	0	0	1	1
3591_sub1	0	1	1	0	0	0	1	0
3591_sub2	0	1	1	0	0	0	1	0
3591_sub3	0	1	1	0	0	0	1	0
3591_sub4	0	1	1	0	0	0	1	0
3591_sub5	0	1	1	0	0	0	1	0
3591_sub6	0	1	0	1	0	0	0	1
3596_sub0	1	10	2	8	2	8	0	0
3596_sub1	0	1	1	0	0	0	1	0
3596_sub2	0	1	1	0	0	0	1	0
3601_sub0	0	1	1	0	0	0	1	0
3601_sub1	0	1	1	0	0	0	1	0
3601_sub2	0	4	3	1	0	0	3	1
3601_sub3	0	1	1	0	0	0	1	0
3602_sub0	1	6	2	4	2	4	0	0
3602_sub1	0	1	0	1	0	0	0	1
3602_sub2	0	1	1	0	0	0	1	0
3607_sub0	0	1	1	0	0	0	1	0
3607_sub1	0	1	0	1	0	0	0	1
3607_sub2	0	1	1	0	0	0	1	0
3607_sub3	0	1	1	0	0	0	1	0
3607_sub4	0	1	1	0	0	0	1	0
3607_sub5	0	1	0	1	0	0	0	1
3608_sub0	1	7	3	4	3	4	0	0
3608_sub1	0	1	1	0	0	0	1	0
361_sub0	0	1	0	1	0	0	0	1
361_sub1	0	5	4	1	0	0	4	1
361_sub2	0	1	0	1	0	0	0	1
361_sub3	0	1	0	1	0	0	0	1
3613_sub0	0	4	3	1	0	0	3	1
3613_sub1	0	1	0	1	0	0	0	1
3613_sub2	0	1	1	0	0	0	1	0
3613_sub3	0	1	1	0	0	0	1	0
3618_sub0	1	6	2	4	2	4	0	0
3618_sub1	0	1	0	1	0	0	0	1
3620_sub0	0	5	3	2	0	0	3	2
3620_sub1	0	1	1	0	0	0	1	0
3620_sub2	0	1	0	1	0	0	0	1
3620_sub3	0	1	1	0	0	0	1	0
3621_sub0	0	5	4	1	0	0	4	1
3621_sub1	0	1	1	0	0	0	1	0
3621_sub2	0	1	1	0	0	0	1	0
3621_sub3	0	1	0	1	0	0	0	1
3622_sub0	1	11	7	4	7	4	0	0
3622_sub1	0	1	0	1	0	0	0	1
3624_sub0	0	1	0	1	0	0	0	1
3624_sub1	0	1	1	0	0	0	1	0
3624_sub2	0	1	0	1	0	0	0	1
3624_sub3	0	1	1	0	0	0	1	0
3624_sub4	0	1	0	1	0	0	0	1
3624_sub5	0	1	0	1	0	0	0	1
3625_sub0	0	1	0	1	0	0	0	1
3625_sub1	0	5	1	4	0	0	1	4
3625_sub2	0	1	0	1	0	0	0	1
363_sub0	0	1	0	1	0	0	0	1
363_sub1	0	1	1	0	0	0	1	0
363_sub2	0	1	0	1	0	0	0	1
363_sub3	0	1	1	0	0	0	1	0
363_sub4	0	1	0	1	0	0	0	1
363_sub5	0	1	1	0	0	0	1	0
364_sub0	0	1	0	1	0	0	0	1
364_sub1	1	9	6	3	6	3	0	0
364_sub2	0	1	0	1	0	0	0	1
3645_sub0	1	10	5	5	5	5	0	0
3645_sub1	0	1	1	0	0	0	1	0
3645_sub2	0	1	0	1	0	0	0	1
3645_sub3	0	1	1	0	0	0	1	0
3645_sub4	0	1	1	0	0	0	1	0
3647_sub0	1	11	6	5	6	5	0	0
3653_sub0	0	1	0	1	0	0	0	1
3653_sub1	0	1	0	1	0	0	0	1
3653_sub2	0	1	1	0	0	0	1	0
3653_sub3	0	1	1	0	0	0	1	0
3653_sub4	0	1	0	1	0	0	0	1
3653_sub5	0	1	1	0	0	0	1	0
3653_sub6	0	1	0	1	0	0	0	1
3653_sub7	0	1	0	1	0	0	0	1
3653_sub8	0	1	0	1	0	0	0	1
3653_sub9	0	1	0	1	0	0	0	1
3656_sub0	0	1	1	0	0	0	1	0
3656_sub1	0	5	3	2	0	0	3	2
367_sub0	0	1	1	0	0	0	1	0
367_sub1	0	5	1	4	0	0	1	4
367_sub2	0	1	1	0	0	0	1	0
3671_sub0	1	9	3	6	3	6	0	0
3671_sub1	0	1	1	0	0	0	1	0
3671_sub2	0	1	0	1	0	0	0	1
3675_sub0	1	9	2	7	2	7	0	0
3675_sub1	0	1	0	1	0	0	0	1
3675_sub2	0	1	1	0	0	0	1	0
3675_sub3	0	1	1	0	0	0	1	0
3675_sub4	0	1	1	0	0	0	1	0
3679_sub0	1	8	4	4	4	4	0	0
3679_sub1	0	1	1	0	0	0	1	0
3679_sub2	0	1	1	0	0	0	1	0
3679_sub3	0	1	0	1	0	0	0	1
3679_sub4	0	1	0	1	0	0	0	1
3679_sub5	0	1	1	0	0	0	1	0
368_sub0	0	1	0	1	0	0	0	1
368_sub1	1	10	5	5	5	5	0	0
368_sub2	0	1	1	0	0	0	1	0
3681_sub0	1	9	3	6	3	6	0	0
3681_sub1	0	1	1	0	0	0	1	0
3682_sub0	1	14	8	6	8	6	0	0
3682_sub1	0	1	0	1	0	0	0	1
3682_sub2	0	1	0	1	0	0	0	1
3683_sub0	0	1	1	0	0	0	1	0
3683_sub1	0	1	1	0	0	0	1	0
3683_sub2	0	1	1	0	0	0	1	0
3683_sub3	0	1	0	1	0	0	0	1
3683_sub4	0	1	0	1	0	0	0	1
3683_sub5	0	1	0	1	0	0	0	1
3686_sub0	0	1	1	0	0	0	1	0
3686_sub1	1	6	3	3	3	3	0	0
3688_sub0	1	6	3	3	3	3	0	0
369_sub0	0	1	0	1	0	0	0	1
369_sub1	1	7	5	2	5	2	0	0
369_sub2	0	1	0	1	0	0	0	1
3690_sub0	1	6	3	3	3	3	0	0
3690_sub1	0	1	1	0	0	0	1	0
3698_sub0	0	5	3	2	0	0	3	2
3698_sub1	0	1	0	1	0	0	0	1
370_sub0	0	1	1	0	0	0	1	0
370_sub1	0	4	2	2	0	0	2	2
370_sub2	0	1	0	1	0	0	0	1
370_sub3	0	1	1	0	0	0	1	0
3706_sub0	0	4	2	2	0	0	2	2
3706_sub1	0	1	1	0	0	0	1	0
3706_sub2	0	1	0	1	0	0	0	1
371_sub0	0	1	1	0	0	0	1	0
371_sub1	1	12	4	8	4	8	0	0
371_sub2	0	1	1	0	0	0	1	0
371_sub3	0	1	1	0	0	0	1	0
371_sub4	0	1	1	0	0	0	1	0
371_sub5	0	1	1	0	0	0	1	0
3711_sub0	1	6	4	2	4	2	0	0
3711_sub1	0	1	0	1	0	0	0	1
3711_sub2	0	1	0	1	0	0	0	1
3718_sub0	0	1	0	1	0	0	0	1
3718_sub1	0	4	1	3	0	0	1	3
3718_sub2	0	1	0	1	0	0	0	1
3718_sub3	0	1	0	1	0	0	0	1
3725_sub0	0	1	0	1	0	0	0	1
3725_sub1	1	6	4	2	4	2	0	0
3725_sub2	0	1	1	0	0	0	1	0
3725_sub3	0	1	0	1	0	0	0	1
3729_sub0	0	1	0	1	0	0	0	1
3729_sub1	0	1	0	1	0	0	0	1
3729_sub2	0	4	1	3	0	0	1	3
3729_sub3	0	1	1	0	0	0	1	0
3729_sub4	0	1	0	1	0	0	0	1
3729_sub5	0	1	0	1	0	0	0	1
3733_sub0	0	1	0	1	0	0	0	1
3733_sub1	0	1	1	0	0	0	1	0
3733_sub2	0	1	0	1	0	0	0	1
3733_sub3	0	1	1	0	0	0	1	0
3733_sub4	0	2	1	1	0	0	1	1
3733_sub5	0	1	0	1	0	0	0	1
3733_sub6	0	1	1	0	0	0	1	0
3733_sub7	0	1	0	1	0	0	0	1
3733_sub8	0	1	1	0	0	0	1	0
3735_sub0	0	1	1	0	0	0	1	0
3735_sub1	0	1	1	0	0	0	1	0
3735_sub2	0	1	1	0	0	0	1	0
3735_sub3	0	1	0	1	0	0	0	1
3735_sub4	0	1	1	0	0	0	1	0
3735_sub5	0	1	1	0	0	0	1	0
3735_sub6	0	1	0	1	0	0	0	1
3735_sub7	0	1	0	1	0	0	0	1
3737_sub0	1	6	3	3	3	3	0	0
3737_sub1	0	1	1	0	0	0	1	0
3737_sub2	0	1	0	1	0	0	0	1
3737_sub3	0	1	1	0	0	0	1	0
3740_sub0	0	1	0	1	0	0	0	1
3740_sub1	0	5	0	5	0	0	0	5
3740_sub2	0	1	0	1	0	0	0	1
3745_sub0	0	1	0	1	0	0	0	1
3745_sub1	0	3	2	1	0	0	2	1
3745_sub2	0	1	0	1	0	0	0	1
3745_sub3	0	1	1	0	0	0	1	0
3745_sub4	0	1	0	1	0	0	0	1
375_sub0	0	1	0	1	0	0	0	1
375_sub1	1	6	3	3	3	3	0	0
3756_sub0	0	5	2	3	0	0	2	3
3756_sub1	0	1	0	1	0	0	0	1
3756_sub2	0	1	1	0	0	0	1	0
3756_sub3	0	1	0	1	0	0	0	1
3756_sub4	0	1	0	1	0	0	0	1
3756_sub5	0	1	1	0	0	0	1	0
3765_sub0	0	1	0	1	0	0	0	1
3765_sub1	0	1	1	0	0	0	1	0
3765_sub2	0	4	1	3	0	0	1	3
3772_sub0	1	6	5	1	5	1	0	0
3772_sub1	0	1	0	1	0	0	0	1
3772_sub2	0	1	1	0	0	0	1	0
3776_sub0	0	1	0	1	0	0	0	1
3776_sub1	0	1	0	1	0	0	0	1
3776_sub2	1	7	2	5	2	5	0	0
3776_sub3	0	1	0	1	0	0	0	1
3776_sub4	0	1	1	0	0	0	1	0
378_sub0	0	1	0	1	0	0	0	1
378_sub1	1	8	5	3	5	3	0	0
379_sub0	0	1	1	0	0	0	1	0
379_sub1	0	1	1	0	0	0	1	0
379_sub2	0	4	0	4	0	0	0	4
379_sub3	0	1	0	1	0	0	0	1
3796_sub0	0	5	4	1	0	0	4	1
3796_sub1	0	1	0	1	0	0	0	1
3796_sub2	0	1	1	0	0	0	1	0
3797_sub0	1	8	6	2	6	2	0	0
3797_sub1	0	1	1	0	0	0	1	0
3797_sub2	0	1	1	0	0	0	1	0
38_sub0	0	1	0	1	0	0	0	1
38_sub1	1	10	4	6	4	6	0	0
3807_sub0	0	5	2	3	0	0	2	3
3807_sub1	0	1	1	0	0	0	1	0
3807_sub2	0	1	1	0	0	0	1	0
3807_sub3	0	1	0	1	0	0	0	1
3807_sub4	0	1	1	0	0	0	1	0
3807_sub5	0	1	0	1	0	0	0	1
3807_sub6	0	1	0	1	0	0	0	1
3807_sub7	0	1	0	1	0	0	0	1
3807_sub8	0	1	0	1	0	0	0	1
3815_sub0	1	6	3	3	3	3	0	0
3815_sub1	0	1	0	1	0	0	0	1
3815_sub2	0	1	1	0	0	0	1	0
3815_sub3	0	1	0	1	0	0	0	1
3815_sub4	0	1	1	0	0	0	1	0
3815_sub5	0	1	1	0	0	0	1	0
382_sub0	0	1	0	1	0	0	0	1
382_sub1	1	9	1	8	1	8	0	0
382_sub2	0	1	0	1	0	0	0	1
382_sub3	0	1	1	0	0	0	1	0
382_sub4	0	1	1	0	0	0	1	0
382_sub5	0	1	0	1	0	0	0	1
3820_sub0	0	1	0	1	0	0	0	1
3820_sub1	0	1	1	0	0	0	1	0
3820_sub2	0	1	0	1	0	0	0	1
3820_sub3	0	1	0	1	0	0	0	1
3820_sub4	0	1	0	1	0	0	0	1
3820_sub5	0	1	0	1	0	0	0	1
3826_sub0	1	9	5	4	5	4	0	0
3826_sub1	0	1	1	0	0	0	1	0
3826_sub2	0	1	0	1	0	0	0	1
3826_sub3	0	1	0	1	0	0	0	1
3828_sub0	1	13	7	6	7	6	0	0
3828_sub1	0	1	0	1	0	0	0	1
3828_sub2	0	1	0	1	0	0	0	1
3828_sub3	0	1	1	0	0	0	1	0
3828_sub4	0	1	0	1	0	0	0	1
3828_sub5	0	1	0	1	0	0	0	1
3841_sub0	0	3	3	0	0	0	3	0
3841_sub1	0	1	0	1	0	0	0	1
3841_sub2	0	1	1	0	0	0	1	0
3841_sub3	0	1	1	0	0	0	1	0
3847_sub0	1	13	6	7	6	7	0	0
3847_sub1	0	1	0	1	0	0	0	1
3847_sub2	0	1	0	1	0	0	0	1
3847_sub3	0	1	0	1	0	0	0	1
3851_sub0	0	1	0	1	0	0	0	1
3851_sub1	0	1	1	0	0	0	1	0
3851_sub2	0	1	1	0	0	0	1	0
3851_sub3	0	1	1	0	0	0	1	0
3851_sub4	0	1	0	1	0	0	0	1
3851_sub5	0	1	1	0	0	0	1	0
3856_sub0	0	5	4	1	0	0	4	1
3856_sub1	0	1	1	0	0	0	1	0
3856_sub2	0	1	0	1	0	0	0	1
3856_sub3	0	1	0	1	0	0	0	1
386_sub0	0	1	0	1	0	0	0	1
386_sub1	0	1	0	1	0	0	0	1
386_sub2	1	6	4	2	4	2	0	0
3863_sub0	0	4	2	2	0	0	2	2
3863_sub1	0	1	0	1	0	0	0	1
3863_sub2	0	1	0	1	0	0	0	1
3874_sub0	0	1	1	0	0	0	1	0
3874_sub1	0	1	0	1	0	0	0	1
3874_sub2	0	1	1	0	0	0	1	0
3874_sub3	0	1	0	1	0	0	0	1
3874_sub4	0	1	0	1	0	0	0	1
3874_sub5	0	1	1	0	0	0	1	0
3874_sub6	0	1	0	1	0	0	0	1
3875_sub0	0	5	3	2	0	0	3	2
3875_sub1	0	1	1	0	0	0	1	0
3875_sub2	0	1	1	0	0	0	1	0
3875_sub3	0	1	1	0	0	0	1	0
3875_sub4	0	1	1	0	0	0	1	0
3875_sub5	0	1	0	1	0	0	0	1
3875_sub6	0	1	0	1	0	0	0	1
3876_sub0	0	1	0	1	0	0	0	1
3876_sub1	0	1	1	0	0	0	1	0
3876_sub2	0	1	1	0	0	0	1	0
3876_sub3	0	1	1	0	0	0	1	0
3876_sub4	0	1	0	1	0	0	0	1
3876_sub5	0	1	1	0	0	0	1	0
3877_sub0	0	1	1	0	0	0	1	0
3877_sub1	0	1	0	1	0	0	0	1
3877_sub2	0	3	1	2	0	0	1	2
3877_sub3	0	2	1	1	0	0	1	1
3877_sub4	0	1	1	0	0	0	1	0
388_sub0	0	1	0	1	0	0	0	1
388_sub1	1	8	7	1	7	1	0	0
388_sub2	0	1	0	1	0	0	0	1
388_sub3	0	1	1	0	0	0	1	0
388_sub4	0	1	0	1	0	0	0	1
388_sub5	0	1	1	0	0	0	1	0
388_sub6	0	1	0	1	0	0	0	1
3903_sub0	0	5	2	3	0	0	2	3
3903_sub1	0	1	0	1	0	0	0	1
3906_sub0	1	7	3	4	3	4	0	0
3906_sub1	0	1	0	1	0	0	0	1
3906_sub2	0	1	0	1	0	0	0	1
3906_sub3	0	1	1	0	0	0	1	0
3907_sub0	0	1	0	1	0	0	0	1
3907_sub1	0	3	1	2	0	0	1	2
3907_sub2	0	1	0	1	0	0	0	1
3907_sub3	0	1	1	0	0	0	1	0
3913_sub0	1	7	3	4	3	4	0	0
3913_sub1	0	1	1	0	0	0	1	0
3913_sub2	0	1	1	0	0	0	1	0
3913_sub3	0	2	0	2	0	0	0	2
3913_sub4	0	1	0	1	0	0	0	1
3913_sub5	0	1	0	1	0	0	0	1
3915_sub0	1	9	4	5	4	5	0	0
3915_sub1	0	1	1	0	0	0	1	0
3917_sub0	1	12	5	7	5	7	0	0
3917_sub1	0	1	1	0	0	0	1	0
3917_sub2	0	1	1	0	0	0	1	0
3917_sub3	0	1	0	1	0	0	0	1
3917_sub4	0	1	1	0	0	0	1	0
3918_sub0	1	8	0	8	0	8	0	0
3918_sub1	0	1	0	1	0	0	0	1
3920_sub0	0	1	0	1	0	0	0	1
3920_sub1	0	4	3	1	0	0	3	1
3920_sub2	0	1	0	1	0	0	0	1
3921_sub0	1	11	6	5	6	5	0	0
3921_sub1	0	1	1	0	0	0	1	0
3921_sub2	0	1	1	0	0	0	1	0
3921_sub3	0	1	0	1	0	0	0	1
3921_sub4	0	1	0	1	0	0	0	1
3921_sub5	0	1	0	1	0	0	0	1
3926_sub0	0	1	0	1	0	0	0	1
3926_sub1	0	5	1	4	0	0	1	4
3928_sub0	0	1	0	1	0	0	0	1
3928_sub1	0	1	1	0	0	0	1	0
3928_sub2	0	1	1	0	0	0	1	0
3928_sub3	0	2	2	0	0	0	2	0
3928_sub4	0	1	1	0	0	0	1	0
3933_sub0	1	6	2	4	2	4	0	0
3933_sub1	0	1	0	1	0	0	0	1
3934_sub0	0	4	1	3	0	0	1	3
3934_sub1	0	1	0	1	0	0	0	1
3934_sub2	0	1	0	1	0	0	0	1
3934_sub3	0	1	0	1	0	0	0	1
3934_sub4	0	1	0	1	0	0	0	1
3937_sub0	1	6	3	3	3	3	0	0
3937_sub1	0	1	1	0	0	0	1	0
3937_sub2	0	1	1	0	0	0	1	0
3937_sub3	0	1	1	0	0	0	1	0
3938_sub0	1	10	8	2	8	2	0	0
3938_sub1	0	1	1	0	0	0	1	0
3938_sub2	0	1	0	1	0	0	0	1
3938_sub3	0	1	0	1	0	0	0	1
3938_sub4	0	1	0	1	0	0	0	1
394_sub0	0	1	0	1	0	0	0	1
394_sub1	1	9	4	5	4	5	0	0
394_sub2	0	1	1	0	0	0	1	0
3950_sub0	0	5	5	0	0	0	5	0
3950_sub1	0	1	1	0	0	0	1	0
3950_sub2	0	1	0	1	0	0	0	1
3950_sub3	0	1	0	1	0	0	0	1
3953_sub0	1	14	7	7	7	7	0	0
3953_sub1	0	1	0	1	0	0	0	1
3953_sub2	0	1	1	0	0	0	1	0
3953_sub3	0	1	0	1	0	0	0	1
3953_sub4	0	1	0	1	0	0	0	1
3953_sub5	0	1	1	0	0	0	1	0
3957_sub0	0	1	1	0	0	0	1	0
3957_sub1	0	4	3	1	0	0	3	1
3957_sub2	0	1	1	0	0	0	1	0
3966_sub0	0	1	0	1	0	0	0	1
3966_sub1	0	4	2	2	0	0	2	2
3966_sub2	0	1	0	1	0	0	0	1
3966_sub3	0	1	0	1	0	0	0	1
397_sub0	0	1	0	1	0	0	0	1
397_sub1	1	6	2	4	2	4	0	0
397_sub2	0	1	1	0	0	0	1	0
397_sub3	0	1	0	1	0	0	0	1
397_sub4	0	1	0	1	0	0	0	1
397_sub5	0	1	0	1	0	0	0	1
3978_sub0	1	9	5	4	5	4	0	0
3978_sub1	0	1	1	0	0	0	1	0
3978_sub2	0	1	1	0	0	0	1	0
3983_sub0	1	7	4	3	4	3	0	0
3983_sub1	0	1	1	0	0	0	1	0
3983_sub2	0	1	0	1	0	0	0	1
3983_sub3	0	1	1	0	0	0	1	0
3983_sub4	0	1	0	1	0	0	0	1
3989_sub0	0	1	1	0	0	0	1	0
3989_sub1	0	1	0	1	0	0	0	1
3989_sub2	0	2	0	2	0	0	0	2
3989_sub3	0	1	1	0	0	0	1	0
3989_sub4	0	1	0	1	0	0	0	1
3989_sub5	0	1	1	0	0	0	1	0
3989_sub6	0	1	1	0	0	0	1	0
3990_sub0	0	1	0	1	0	0	0	1
3990_sub1	0	1	1	0	0	0	1	0
3990_sub2	0	1	0	1	0	0	0	1
3990_sub3	0	1	1	0	0	0	1	0
3990_sub4	0	1	0	1	0	0	0	1
3990_sub5	0	1	0	1	0	0	0	1
3994_sub0	1	11	3	8	3	8	0	0
3994_sub1	0	1	0	1	0	0	0	1
3994_sub2	0	1	0	1	0	0	0	1
4005_sub0	0	5	3	2	0	0	3	2
4005_sub1	0	1	0	1	0	0	0	1
4005_sub2	0	1	1	0	0	0	1	0
4005_sub3	0	1	1	0	0	0	1	0
4005_sub4	0	1	1	0	0	0	1	0
4005_sub5	0	1	0	1	0	0	0	1
4006_sub0	1	10	5	5	5	5	0	0
4006_sub1	0	1	0	1	0	0	0	1
4006_sub2	0	1	1	0	0	0	1	0
4006_sub3	0	1	1	0	0	0	1	0
4009_sub0	1	7	2	5	2	5	0	0
4009_sub1	0	1	1	0	0	0	1	0
4014_sub0	0	1	0	1	0	0	0	1
4014_sub1	0	1	1	0	0	0	1	0
4014_sub2	0	1	0	1	0	0	0	1
4014_sub3	0	1	0	1	0	0	0	1
4014_sub4	0	1	0	1	0	0	0	1
4014_sub5	0	1	0	1	0	0	0	1
4024_sub0	1	8	4	4	4	4	0	0
4024_sub1	0	1	1	0	0	0	1	0
4024_sub2	0	1	1	0	0	0	1	0
4024_sub3	0	1	0	1	0	0	0	1
4026_sub0	1	6	2	4	2	4	0	0
4026_sub1	0	1	0	1	0	0	0	1
4026_sub2	0	1	1	0	0	0	1	0
4026_sub3	0	1	1	0	0	0	1	0
4026_sub4	0	1	1	0	0	0	1	0
4030_sub0	0	4	2	2	0	0	2	2
4030_sub1	0	1	1	0	0	0	1	0
4030_sub2	0	1	1	0	0	0	1	0
4030_sub3	0	1	0	1	0	0	0	1
4034_sub0	1	9	4	5	4	5	0	0
4034_sub1	0	1	1	0	0	0	1	0
4034_sub2	0	1	0	1	0	0	0	1
404_sub0	0	1	1	0	0	0	1	0
404_sub1	1	7	3	4	3	4	0	0
404_sub2	0	1	0	1	0	0	0	1
4043_sub0	1	12	4	8	4	8	0	0
4043_sub1	0	1	0	1	0	0	0	1
4048_sub0	1	6	5	1	5	1	0	0
4048_sub1	0	1	1	0	0	0	1	0
4052_sub0	0	1	0	1	0	0	0	1
4052_sub1	0	1	1	0	0	0	1	0
4052_sub2	0	1	0	1	0	0	0	1
4052_sub3	0	1	0	1	0	0	0	1
4052_sub4	0	1	0	1	0	0	0	1
4052_sub5	0	1	1	0	0	0	1	0
4054_sub0	1	8	2	6	2	6	0	0
4054_sub1	0	1	1	0	0	0	1	0
4054_sub2	0	1	0	1	0	0	0	1
4055_sub0	1	8	3	5	3	5	0	0
4055_sub1	0	1	0	1	0	0	0	1
4055_sub2	0	1	0	1	0	0	0	1
4059_sub0	1	8	4	4	4	4	0	0
4059_sub1	0	1	0	1	0	0	0	1
4059_sub2	0	1	0	1	0	0	0	1
4059_sub3	0	1	1	0	0	0	1	0
4059_sub4	0	1	0	1	0	0	0	1
406_sub0	0	1	0	1	0	0	0	1
406_sub1	1	10	5	5	5	5	0	0
406_sub2	0	1	0	1	0	0	0	1
406_sub3	0	1	0	1	0	0	0	1
406_sub4	0	1	1	0	0	0	1	0
406_sub5	0	1	1	0	0	0	1	0
4075_sub0	0	1	0	1	0	0	0	1
4075_sub1	0	5	3	2	0	0	3	2
4078_sub0	0	1	1	0	0	0	1	0
4078_sub1	0	1	1	0	0	0	1	0
4078_sub2	0	1	0	1	0	0	0	1
4078_sub3	0	1	1	0	0	0	1	0
4078_sub4	0	1	1	0	0	0	1	0
4078_sub5	0	1	0	1	0	0	0	1
4081_sub0	1	6	2	4	2	4	0	0
4081_sub1	0	1	0	1	0	0	0	1
4081_sub2	0	1	0	1	0	0	0	1
4081_sub3	0	1	0	1	0	0	0	1
4081_sub4	0	1	0	1	0	0	0	1
4081_sub5	0	1	1	0	0	0	1	0
4081_sub6	0	1	1	0	0	0	1	0
409_sub0	0	1	0	1	0	0	0	1
409_sub1	0	5	0	5	0	0	0	5
409_sub2	0	1	1	0	0	0	1	0
409_sub3	0	1	0	1	0	0	0	1
4092_sub0	1	6	2	4	2	4	0	0
4092_sub1	0	1	0	1	0	0	0	1
41_sub0	0	1	1	0	0	0	1	0
41_sub1	0	1	0	1	0	0	0	1
41_sub2	0	4	1	3	0	0	1	3
41_sub3	0	1	1	0	0	0	1	0
41_sub4	0	1	0	1	0	0	0	1
4100_sub0	0	1	0	1	0	0	0	1
4100_sub1	0	1	1	0	0	0	1	0
4100_sub2	0	1	0	1	0	0	0	1
4100_sub3	0	1	0	1	0	0	0	1
4100_sub4	0	1	0	1	0	0	0	1
4100_sub5	0	1	1	0	0	0	1	0
4101_sub0	1	9	5	4	5	4	0	0
4101_sub1	0	1	0	1	0	0	0	1
4101_sub2	0	1	1	0	0	0	1	0
4102_sub0	0	1	1	0	0	0	1	0
4102_sub1	0	1	0	1	0	0	0	1
4102_sub2	0	1	1	0	0	0	1	0
4102_sub3	0	1	0	1	0	0	0	1
4102_sub4	0	1	1	0	0	0	1	0
4102_sub5	0	1	0	1	0	0	0	1
4114_sub0	0	5	3	2	0	0	3	2
4114_sub1	0	1	0	1	0	0	0	1
4114_sub2	0	1	1	0	0	0	1	0
4114_sub3	0	1	0	1	0	0	0	1
4114_sub4	0	1	0	1	0	0	0	1
4114_sub5	0	1	1	0	0	0	1	0
4116_sub0	1	15	8	7	8	7	0	0
4116_sub1	0	1	1	0	0	0	1	0
4116_sub2	0	1	0	1	0	0	0	1
4116_sub3	0	1	1	0	0	0	1	0
412_sub0	0	1	1	0	0	0	1	0
412_sub1	1	6	4	2	4	2	0	0
4120_sub0	1	9	5	4	5	4	0	0
4120_sub1	0	1	0	1	0	0	0	1
4120_sub2	0	1	1	0	0	0	1	0
4120_sub3	0	1	1	0	0	0	1	0
4121_sub0	0	1	1	0	0	0	1	0
4121_sub1	1	8	4	4	4	4	0	0
4121_sub2	0	1	0	1	0	0	0	1
4122_sub0	0	5	2	3	0	0	2	3
4122_sub1	0	1	1	0	0	0	1	0
4128_sub0	0	1	1	0	0	0	1	0
4128_sub1	0	3	1	2	0	0	1	2
4128_sub2	0	1	1	0	0	0	1	0
4128_sub3	0	1	1	0	0	0	1	0
413_sub0	0	1	0	1	0	0	0	1
413_sub1	1	8	4	4	4	4	0	0
413_sub2	0	1	0	1	0	0	0	1
4140_sub0	0	1	1	0	0	0	1	0
4140_sub1	0	1	0	1	0	0	0	1
4140_sub2	0	1	1	0	0	0	1	0
4140_sub3	0	1	1	0	0	0	1	0
4140_sub4	0	1	1	0	0	0	1	0
4140_sub5	0	1	1	0	0	0	1	0
4142_sub0	1	9	6	3	6	3	0	0
4142_sub1	0	1	0	1	0	0	0	1
4142_sub2	0	1	1	0	0	0	1	0
4145_sub0	0	5	2	3	0	0	2	3
4145_sub1	0	1	0	1	0	0	0	1
4145_sub2	0	1	0	1	0	0	0	1
4148_sub0	0	1	0	1	0	0	0	1
4148_sub1	0	1	0	1	0	0	0	1
4148_sub2	1	12	6	6	6	6	0	0
4159_sub0	1	6	2	4	2	4	0	0
4159_sub1	0	1	1	0	0	0	1	0
4159_sub2	0	1	0	1	0	0	0	1
4165_sub0	1	9	3	6	3	6	0	0
4165_sub1	0	1	0	1	0	0	0	1
4165_sub2	0	1	0	1	0	0	0	1
4165_sub3	0	1	1	0	0	0	1	0
4167_sub0	0	1	1	0	0	0	1	0
4167_sub1	0	4	2	2	0	0	2	2
4167_sub2	0	1	1	0	0	0	1	0
4169_sub0	0	5	4	1	0	0	4	1
4169_sub1	0	1	1	0	0	0	1	0
4170_sub0	0	5	4	1	0	0	4	1
4170_sub1	0	1	1	0	0	0	1	0
4170_sub2	0	1	1	0	0	0	1	0
4171_sub0	1	13	7	6	7	6	0	0
4182_sub0	1	6	3	3	3	3	0	0
4182_sub1	0	1	0	1	0	0	0	1
4182_sub2	0	1	1	0	0	0	1	0
4182_sub3	0	1	0	1	0	0	0	1
4199_sub0	0	2	1	1	0	0	1	1
4199_sub1	0	1	0	1	0	0	0	1
4199_sub2	0	5	1	4	0	0	1	4
4199_sub3	0	1	1	0	0	0	1	0
4199_sub4	0	1	1	0	0	0	1	0
42_sub0	0	1	0	1	0	0	0	1
42_sub1	0	1	1	0	0	0	1	0
42_sub2	1	7	1	6	1	6	0	0
42_sub3	0	1	1	0	0	0	1	0
42_sub4	0	1	1	0	0	0	1	0
42_sub5	0	1	0	1	0	0	0	1
42_sub6	0	1	1	0	0	0	1	0
4202_sub0	0	1	1	0	0	0	1	0
4202_sub1	0	2	1	1	0	0	1	1
4202_sub2	0	5	3	2	0	0	3	2
4202_sub3	0	1	1	0	0	0	1	0
4202_sub4	0	1	0	1	0	0	0	1
4202_sub5	0	1	1	0	0	0	1	0
4202_sub6	0	1	0	1	0	0	0	1
4204_sub0	1	14	9	5	9	5	0	0
4204_sub1	0	1	1	0	0	0	1	0
4207_sub0	1	7	3	4	3	4	0	0
4207_sub1	0	1	0	1	0	0	0	1
4207_sub2	0	1	0	1	0	0	0	1
4210_sub0	0	1	0	1	0	0	0	1
4210_sub1	0	1	0	1	0	0	0	1
4210_sub2	0	5	2	3	0	0	2	3
4216_sub0	0	5	3	2	0	0	3	2
4216_sub1	0	1	1	0	0	0	1	0
4217_sub0	0	1	1	0	0	0	1	0
4217_sub1	0	5	3	2	0	0	3	2
4217_sub2	0	1	1	0	0	0	1	0
4217_sub3	0	1	0	1	0	0	0	1
4217_sub4	0	1	1	0	0	0	1	0
4221_sub0	0	1	0	1	0	0	0	1
4221_sub1	1	7	2	5	2	5	0	0
4221_sub2	0	1	1	0	0	0	1	0
4221_sub3	0	1	0	1	0	0	0	1
4221_sub4	0	1	1	0	0	0	1	0
4221_sub5	0	1	1	0	0	0	1	0
4223_sub0	0	1	0	1	0	0	0	1
4223_sub1	0	1	1	0	0	0	1	0
4223_sub2	0	5	2	3	0	0	2	3
4223_sub3	0	1	0	1	0	0	0	1
4223_sub4	0	1	0	1	0	0	0	1
4225_sub0	0	5	3	2	0	0	3	2
4225_sub1	0	1	1	0	0	0	1	0
4225_sub2	0	1	1	0	0	0	1	0
4226_sub0	0	1	0	1	0	0	0	1
4226_sub1	1	8	4	4	4	4	0	0
4226_sub2	0	1	0	1	0	0	0	1
4226_sub3	0	1	1	0	0	0	1	0
4228_sub0	0	5	3	2	0	0	3	2
4228_sub1	0	1	0	1	0	0	0	1
4229_sub0	0	1	1	0	0	0	1	0
4229_sub1	0	1	1	0	0	0	1	0
4229_sub2	1	10	5	5	5	5	0	0
4229_sub3	0	1	0	1	0	0	0	1
4229_sub4	0	1	0	1	0	0	0	1
4230_sub0	0	1	1	0	0	0	1	0
4230_sub1	0	4	2	2	0	0	2	2
4230_sub2	0	1	1	0	0	0	1	0
4235_sub0	1	10	3	7	3	7	0	0
4235_sub1	0	1	0	1	0	0	0	1
4235_sub2	0	1	0	1	0	0	0	1
4235_sub3	0	1	0	1	0	0	0	1
4235_sub4	0	1	0	1	0	0	0	1
4236_sub0	1	10	5	5	5	5	0	0
4244_sub0	0	1	1	0	0	0	1	0
4244_sub1	0	1	0	1	0	0	0	1
4244_sub2	0	1	1	0	0	0	1	0
4244_sub3	0	1	0	1	0	0	0	1
4244_sub4	0	1	1	0	0	0	1	0
4244_sub5	0	1	0	1	0	0	0	1
4258_sub0	0	4	2	2	0	0	2	2
4258_sub1	0	1	1	0	0	0	1	0
4258_sub2	0	1	1	0	0	0	1	0
426_sub0	1	7	3	4	3	4	0	0
426_sub1	0	1	0	1	0	0	0	1
426_sub2	0	1	0	1	0	0	0	1
4260_sub0	1	6	2	4	2	4	0	0
4260_sub1	0	1	0	1	0	0	0	1
4260_sub2	0	1	1	0	0	0	1	0
4260_sub3	0	1	1	0	0	0	1	0
4260_sub4	0	1	1	0	0	0	1	0
4260_sub5	0	1	0	1	0	0	0	1
4268_sub0	1	7	4	3	4	3	0	0
4268_sub1	0	1	1	0	0	0	1	0
4268_sub2	0	1	1	0	0	0	1	0
4268_sub3	0	1	1	0	0	0	1	0
4270_sub0	1	8	7	1	7	1	0	0
4270_sub1	0	1	1	0	0	0	1	0
4271_sub0	1	6	3	3	3	3	0	0
4271_sub1	0	1	1	0	0	0	1	0
4281_sub0	0	4	2	2	0	0	2	2
4281_sub1	0	1	1	0	0	0	1	0
4281_sub2	0	1	0	1	0	0	0	1
4281_sub3	0	1	1	0	0	0	1	0
4282_sub0	1	6	1	5	1	5	0	0
4282_sub1	0	1	0	1	0	0	0	1
4282_sub2	0	1	1	0	0	0	1	0
4287_sub0	0	1	0	1	0	0	0	1
4287_sub1	0	3	2	1	0	0	2	1
4287_sub2	0	1	0	1	0	0	0	1
4287_sub3	0	1	0	1	0	0	0	1
4300_sub0	0	4	2	2	0	0	2	2
4300_sub1	0	1	0	1	0	0	0	1
4300_sub2	0	1	1	0	0	0	1	0
4300_sub3	0	1	0	1	0	0	0	1
4306_sub0	0	3	3	0	0	0	3	0
4306_sub1	0	1	1	0	0	0	1	0
4306_sub2	0	1	0	1	0	0	0	1
4306_sub3	0	1	1	0	0	0	1	0
4306_sub4	0	1	0	1	0	0	0	1
4307_sub0	0	5	2	3	0	0	2	3
4307_sub1	0	1	0	1	0	0	0	1
4310_sub0	1	7	5	2	5	2	0	0
4310_sub1	0	1	1	0	0	0	1	0
4310_sub2	0	1	0	1	0	0	0	1
4310_sub3	0	1	0	1	0	0	0	1
4312_sub0	0	1	1	0	0	0	1	0
4312_sub1	0	1	0	1	0	0	0	1
4312_sub2	0	1	1	0	0	0	1	0
4312_sub3	0	5	1	4	0	0	1	4
4319_sub0	0	4	4	0	0	0	4	0
4319_sub1	0	2	1	1	0	0	1	1
4319_sub2	0	1	1	0	0	0	1	0
4320_sub0	1	13	4	9	4	9	0	0
4320_sub1	0	1	1	0	0	0	1	0
4320_sub2	0	1	0	1	0	0	0	1
4320_sub3	0	1	0	1	0	0	0	1
4320_sub4	0	1	1	0	0	0	1	0
4320_sub5	0	1	1	0	0	0	1	0
4320_sub6	0	1	1	0	0	0	1	0
4320_sub7	0	1	0	1	0	0	0	1
4327_sub0	0	4	1	3	0	0	1	3
4327_sub1	0	1	1	0	0	0	1	0
4327_sub2	0	1	1	0	0	0	1	0
4327_sub3	0	1	1	0	0	0	1	0
4327_sub4	0	1	0	1	0	0	0	1
4328_sub0	1	8	4	4	4	4	0	0
4328_sub1	0	1	0	1	0	0	0	1
4331_sub0	1	6	2	4	2	4	0	0
4331_sub1	0	1	1	0	0	0	1	0
4333_sub0	1	7	5	2	5	2	0	0
4338_sub0	0	1	1	0	0	0	1	0
4338_sub1	0	1	1	0	0	0	1	0
4338_sub2	0	1	0	1	0	0	0	1
4338_sub3	0	1	1	0	0	0	1	0
4338_sub4	0	1	0	1	0	0	0	1
4338_sub5	0	1	0	1	0	0	0	1
4338_sub6	0	1	0	1	0	0	0	1
4338_sub7	0	1	0	1	0	0	0	1
4339_sub0	0	4	1	3	0	0	1	3
4339_sub1	0	1	1	0	0	0	1	0
4339_sub2	0	1	0	1	0	0	0	1
4339_sub3	0	1	1	0	0	0	1	0
4346_sub0	1	10	2	8	2	8	0	0
4346_sub1	0	1	0	1	0	0	0	1
4346_sub2	0	1	0	1	0	0	0	1
4353_sub0	0	5	4	1	0	0	4	1
4353_sub1	0	1	0	1	0	0	0	1
4353_sub2	0	1	0	1	0	0	0	1
4356_sub0	1	8	3	5	3	5	0	0
4360_sub0	0	4	3	1	0	0	3	1
4360_sub1	0	1	1	0	0	0	1	0
4360_sub2	0	1	0	1	0	0	0	1
437_sub0	0	1	0	1	0	0	0	1
437_sub1	0	5	1	4	0	0	1	4
4371_sub0	0	1	0	1	0	0	0	1
4371_sub1	0	5	4	1	0	0	4	1
4376_sub0	1	9	7	2	7	2	0	0
4376_sub1	0	1	0	1	0	0	0	1
438_sub0	1	11	4	7	4	7	0	0
438_sub1	0	1	1	0	0	0	1	0
438_sub2	0	1	0	1	0	0	0	1
438_sub3	0	1	1	0	0	0	1	0
438_sub4	0	1	1	0	0	0	1	0
4381_sub0	0	5	4	1	0	0	4	1
4381_sub1	0	1	1	0	0	0	1	0
4381_sub2	0	1	0	1	0	0	0	1
4387_sub0	1	8	4	4	4	4	0	0
4387_sub1	0	1	0	1	0	0	0	1
4387_sub2	0	1	1	0	0	0	1	0
4388_sub0	0	3	1	2	0	0	1	2
4388_sub1	0	1	0	1	0	0	0	1
4388_sub2	0	1	1	0	0	0	1	0
4388_sub3	0	1	0	1	0	0	0	1
4390_sub0	0	1	0	1	0	0	0	1
4390_sub1	0	1	0	1	0	0	0	1
4390_sub2	0	5	3	2	0	0	3	2
4390_sub3	0	1	1	0	0	0	1	0
44_sub0	0	1	1	0	0	0	1	0
44_sub1	0	1	1	0	0	0	1	0
44_sub2	0	1	0	1	0	0	0	1
44_sub3	0	5	3	2	0	0	3	2
44_sub4	0	1	1	0	0	0	1	0
4403_sub0	1	13	6	7	6	7	0	0
4403_sub1	0	1	0	1	0	0	0	1
4403_sub2	0	1	0	1	0	0	0	1
4403_sub3	0	1	0	1	0	0	0	1
441_sub0	0	1	0	1	0	0	0	1
441_sub1	1	10	6	4	6	4	0	0
4411_sub0	1	7	4	3	4	3	0	0
4416_sub0	1	10	4	6	4	6	0	0
4416_sub1	0	1	0	1	0	0	0	1
4419_sub0	0	1	1	0	0	0	1	0
4419_sub1	0	1	1	0	0	0	1	0
4419_sub2	0	1	1	0	0	0	1	0
4419_sub3	0	1	0	1	0	0	0	1
4419_sub4	0	1	1	0	0	0	1	0
4419_sub5	0	1	0	1	0	0	0	1
4419_sub6	0	1	0	1	0	0	0	1
442_sub0	1	8	3	5	3	5	0	0
442_sub1	0	1	1	0	0	0	1	0
442_sub2	0	1	0	1	0	0	0	1
442_sub3	0	1	1	0	0	0	1	0
443_sub0	0	1	0	1	0	0	0	1
443_sub1	0	1	0	1	0	0	0	1
443_sub2	0	1	1	0	0	0	1	0
443_sub3	0	1	1	0	0	0	1	0
443_sub4	0	1	1	0	0	0	1	0
443_sub5	0	1	1	0	0	0	1	0
4438_sub0	1	6	0	6	0	6	0	0
4440_sub0	0	1	0	1	0	0	0	1
4440_sub1	0	1	1	0	0	0	1	0
4440_sub2	0	1	0	1	0	0	0	1
4440_sub3	0	1	1	0	0	0	1	0
4440_sub4	0	1	0	1	0	0	0	1
4440_sub5	0	1	1	0	0	0	1	0
4440_sub6	0	1	1	0	0	0	1	0
4440_sub7	0	1	1	0	0	0	1	0
4441_sub0	1	7	3	4	3	4	0	0
4441_sub1	0	1	0	1	0	0	0	1
4441_sub2	0	1	0	1	0	0	0	1
4447_sub0	1	7	5	2	5	2	0	0
4472_sub0	0	5	1	4	0	0	1	4
4472_sub1	0	1	0	1	0	0	0	1
4473_sub0	0	1	0	1	0	0	0	1
4473_sub1	1	7	4	3	4	3	0	0
4473_sub2	0	1	0	1	0	0	0	1
4474_sub0	0	4	3	1	0	0	3	1
4474_sub1	0	1	0	1	0	0	0	1
4474_sub2	0	1	1	0	0	0	1	0
4474_sub3	0	1	1	0	0	0	1	0
4474_sub4	0	1	0	1	0	0	0	1
4489_sub0	1	11	7	4	7	4	0	0
449_sub0	0	1	0	1	0	0	0	1
449_sub1	0	1	0	1	0	0	0	1
449_sub2	0	5	2	3	0	0	2	3
449_sub3	0	2	2	0	0	0	2	0
449_sub4	0	1	0	1	0	0	0	1
4494_sub0	0	1	1	0	0	0	1	0
4494_sub1	0	1	1	0	0	0	1	0
4494_sub2	0	1	0	1	0	0	0	1
4494_sub3	0	1	0	1	0	0	0	1
4494_sub4	0	1	0	1	0	0	0	1
4494_sub5	0	1	0	1	0	0	0	1
4494_sub6	0	1	1	0	0	0	1	0
450_sub0	1	12	5	7	5	7	0	0
450_sub1	0	1	1	0	0	0	1	0
450_sub2	0	1	1	0	0	0	1	0
450_sub3	0	1	0	1	0	0	0	1
450_sub4	0	1	0	1	0	0	0	1
4506_sub0	1	7	4	3	4	3	0	0
452_sub0	0	1	0	1	0	0	0	1
452_sub1	1	7	3	4	3	4	0	0
4520_sub0	1	6	2	4	2	4	0	0
4520_sub1	0	1	1	0	0	0	1	0
4520_sub2	0	1	0	1	0	0	0	1
4520_sub3	0	1	1	0	0	0	1	0
4528_sub0	0	1	1	0	0	0	1	0
4528_sub1	0	1	1	0	0	0	1	0
4528_sub2	0	5	2	3	0	0	2	3
4528_sub3	0	1	1	0	0	0	1	0
4529_sub0	1	6	2	4	2	4	0	0
4529_sub1	0	1	1	0	0	0	1	0
4529_sub2	0	1	0	1	0	0	0	1
4529_sub3	0	1	0	1	0	0	0	1
4529_sub4	0	1	0	1	0	0	0	1
4530_sub0	1	7	1	6	1	6	0	0
4530_sub1	0	1	1	0	0	0	1	0
4530_sub2	0	1	1	0	0	0	1	0
4530_sub3	0	1	1	0	0	0	1	0
4530_sub4	0	1	1	0	0	0	1	0
4533_sub0	1	6	4	2	4	2	0	0
4533_sub1	0	1	0	1	0	0	0	1
4533_sub2	0	1	0	1	0	0	0	1
4533_sub3	0	1	0	1	0	0	0	1
4533_sub4	0	1	1	0	0	0	1	0
4535_sub0	0	1	1	0	0	0	1	0
4535_sub1	1	8	3	5	3	5	0	0
4535_sub2	0	1	1	0	0	0	1	0
4535_sub3	0	1	0	1	0	0	0	1
4535_sub4	0	1	0	1	0	0	0	1
4535_sub5	0	1	0	1	0	0	0	1
4535_sub6	0	1	0	1	0	0	0	1
4535_sub7	0	1	0	1	0	0	0	1
454_sub0	1	8	6	2	6	2	0	0
454_sub1	0	1	0	1	0	0	0	1
454_sub2	0	1	0	1	0	0	0	1
4541_sub0	1	8	5	3	5	3	0	0
4541_sub1	0	1	1	0	0	0	1	0
4550_sub0	1	6	3	3	3	3	0	0
4550_sub1	0	1	0	1	0	0	0	1
4550_sub2	0	1	1	0	0	0	1	0
4550_sub3	0	1	1	0	0	0	1	0
4552_sub0	0	5	3	2	0	0	3	2
4552_sub1	0	1	1	0	0	0	1	0
4552_sub2	0	1	0	1	0	0	0	1
4555_sub0	0	4	2	2	0	0	2	2
4555_sub1	0	1	1	0	0	0	1	0
4555_sub2	0	1	1	0	0	0	1	0
4557_sub0	1	6	4	2	4	2	0	0
4557_sub1	0	1	1	0	0	0	1	0
4557_sub2	0	1	0	1	0	0	0	1
4557_sub3	0	1	1	0	0	0	1	0
4564_sub0	1	12	7	5	7	5	0	0
4564_sub1	0	1	1	0	0	0	1	0
4564_sub2	0	1	0	1	0	0	0	1
4564_sub3	0	2	1	1	0	0	1	1
4564_sub4	0	1	0	1	0	0	0	1
457_sub0	1	12	2	10	2	10	0	0
457_sub1	0	1	0	1	0	0	0	1
457_sub2	0	1	1	0	0	0	1	0
4570_sub0	1	7	3	4	3	4	0	0
4570_sub1	0	1	0	1	0	0	0	1
4572_sub0	1	6	4	2	4	2	0	0
4572_sub1	0	1	1	0	0	0	1	0
4572_sub2	0	1	0	1	0	0	0	1
4572_sub3	0	1	0	1	0	0	0	1
4572_sub4	0	1	0	1	0	0	0	1
4572_sub5	0	1	0	1	0	0	0	1
4580_sub0	0	4	2	2	0	0	2	2
4580_sub1	0	1	0	1	0	0	0	1
4580_sub2	0	1	0	1	0	0	0	1
4588_sub0	1	7	4	3	4	3	0	0
4588_sub1	0	1	1	0	0	0	1	0
4588_sub2	0	1	1	0	0	0	1	0
4591_sub0	0	5	3	2	0	0	3	2
4591_sub1	0	1	0	1	0	0	0	1
4593_sub0	0	4	3	1	0	0	3	1
4593_sub1	0	1	0	1	0	0	0	1
4593_sub2	0	1	0	1	0	0	0	1
4595_sub0	1	9	6	3	6	3	0	0
4595_sub1	0	1	1	0	0	0	1	0
4595_sub2	0	1	1	0	0	0	1	0
4595_sub3	0	1	1	0	0	0	1	0
4598_sub0	1	7	2	5	2	5	0	0
4598_sub1	0	1	1	0	0	0	1	0
4605_sub0	1	7	5	2	5	2	0	0
4605_sub1	0	1	1	0	0	0	1	0
4606_sub0	1	7	1	6	1	6	0	0
4607_sub0	0	1	1	0	0	0	1	0
4607_sub1	0	1	0	1	0	0	0	1
4607_sub2	0	1	0	1	0	0	0	1
4607_sub3	0	1	0	1	0	0	0	1
4607_sub4	0	1	0	1	0	0	0	1
4607_sub5	0	1	0	1	0	0	0	1
4611_sub0	1	9	5	4	5	4	0	0
4611_sub1	0	1	1	0	0	0	1	0
4611_sub2	0	1	0	1	0	0	0	1
462_sub0	1	11	5	6	5	6	0	0
462_sub1	0	1	0	1	0	0	0	1
4624_sub0	0	1	1	0	0	0	1	0
4624_sub1	0	3	2	1	0	0	2	1
4624_sub2	0	1	1	0	0	0	1	0
4624_sub3	0	1	1	0	0	0	1	0
4633_sub0	1	9	6	3	6	3	0	0
4633_sub1	0	1	1	0	0	0	1	0
4633_sub2	0	1	0	1	0	0	0	1
4633_sub3	0	1	1	0	0	0	1	0
4634_sub0	0	1	1	0	0	0	1	0
4634_sub1	0	5	1	4	0	0	1	4
4634_sub2	0	1	0	1	0	0	0	1
4634_sub3	0	1	1	0	0	0	1	0
4639_sub0	0	1	1	0	0	0	1	0
4639_sub1	0	1	0	1	0	0	0	1
4639_sub2	0	1	1	0	0	0	1	0
4639_sub3	0	1	1	0	0	0	1	0
4639_sub4	0	1	0	1	0	0	0	1
4639_sub5	0	1	1	0	0	0	1	0
4647_sub0	1	12	7	5	7	5	0	0
4647_sub1	0	1	1	0	0	0	1	0
465_sub0	1	9	4	5	4	5	0	0
465_sub1	0	1	1	0	0	0	1	0
465_sub2	0	1	1	0	0	0	1	0
465_sub3	0	1	1	0	0	0	1	0
465_sub4	0	1	1	0	0	0	1	0
4654_sub0	0	5	2	3	0	0	2	3
4654_sub1	0	1	0	1	0	0	0	1
4654_sub2	0	1	1	0	0	0	1	0
4654_sub3	0	1	0	1	0	0	0	1
4655_sub0	0	4	3	1	0	0	3	1
4655_sub1	0	1	1	0	0	0	1	0
4655_sub2	0	1	1	0	0	0	1	0
4655_sub3	0	1	0	1	0	0	0	1
466_sub0	1	7	4	3	4	3	0	0
4664_sub0	1	6	5	1	5	1	0	0
467_sub0	1	12	8	4	8	4	0	0
467_sub1	0	1	0	1	0	0	0	1
467_sub2	0	1	1	0	0	0	1	0
4670_sub0	0	1	0	1	0	0	0	1
4670_sub1	0	1	0	1	0	0	0	1
4670_sub2	0	4	2	2	0	0	2	2
4670_sub3	0	1	1	0	0	0	1	0
4671_sub0	0	5	4	1	0	0	4	1
4671_sub1	0	1	1	0	0	0	1	0
4671_sub2	0	1	1	0	0	0	1	0
4671_sub3	0	1	1	0	0	0	1	0
4675_sub0	0	1	0	1	0	0	0	1
4675_sub1	0	1	0	1	0	0	0	1
4675_sub2	0	1	1	0	0	0	1	0
4675_sub3	0	1	1	0	0	0	1	0
4675_sub4	0	1	0	1	0	0	0	1
4675_sub5	0	1	1	0	0	0	1	0
468_sub0	0	1	0	1	0	0	0	1
468_sub1	1	6	4	2	4	2	0	0
468_sub2	0	1	0	1	0	0	0	1
4686_sub0	1	8	4	4	4	4	0	0
4689_sub0	0	1	1	0	0	0	1	0
4689_sub1	0	1	0	1	0	0	0	1
4689_sub2	0	2	1	1	0	0	1	1
4689_sub3	0	1	1	0	0	0	1	0
4689_sub4	0	1	0	1	0	0	0	1
4689_sub5	0	1	0	1	0	0	0	1
4702_sub0	1	6	2	4	2	4	0	0
4702_sub1	0	1	0	1	0	0	0	1
4702_sub2	0	1	0	1	0	0	0	1
4703_sub0	0	1	0	1	0	0	0	1
4703_sub1	1	9	2	7	2	7	0	0
4703_sub2	0	1	1	0	0	0	1	0
4703_sub3	0	1	1	0	0	0	1	0
4703_sub4	0	1	1	0	0	0	1	0
4703_sub5	0	1	0	1	0	0	0	1
4705_sub0	0	1	0	1	0	0	0	1
4705_sub1	0	1	0	1	0	0	0	1
4705_sub2	0	1	1	0	0	0	1	0
4705_sub3	0	1	1	0	0	0	1	0
4705_sub4	0	1	1	0	0	0	1	0
4705_sub5	0	1	0	1	0	0	0	1
4705_sub6	0	1	1	0	0	0	1	0
4705_sub7	0	1	0	1	0	0	0	1
4709_sub0	0	1	1	0	0	0	1	0
4709_sub1	0	1	0	1	0	0	0	1
4709_sub2	0	1	1	0	0	0	1	0
4709_sub3	0	1	1	0	0	0	1	0
4709_sub4	0	1	1	0	0	0	1	0
4709_sub5	0	1	0	1	0	0	0	1
4711_sub0	0	5	2	3	0	0	2	3
4711_sub1	0	1	0	1	0	0	0	1
4711_sub2	0	1	0	1	0	0	0	1
4711_sub3	0	1	0	1	0	0	0	1
4711_sub4	0	1	1	0	0	0	1	0
4727_sub0	1	12	5	7	5	7	0	0
4727_sub1	0	1	0	1	0	0	0	1
4727_sub2	0	1	0	1	0	0	0	1
4727_sub3	0	1	0	1	0	0	0	1
4727_sub4	0	1	0	1	0	0	0	1
4729_sub0	0	5	1	4	0	0	1	4
4729_sub1	0	1	1	0	0	0	1	0
4730_sub0	0	1	1	0	0	0	1	0
4730_sub1	0	4	2	2	0	0	2	2
4730_sub2	0	1	1	0	0	0	1	0
4730_sub3	0	1	1	0	0	0	1	0
4740_sub0	0	1	1	0	0	0	1	0
4740_sub1	0	5	3	2	0	0	3	2
4740_sub2	0	1	0	1	0	0	0	1
4740_sub3	0	1	1	0	0	0	1	0
4740_sub4	0	1	0	1	0	0	0	1
4747_sub0	0	5	3	2	0	0	3	2
4747_sub1	0	1	0	1	0	0	0	1
4747_sub2	0	1	1	0	0	0	1	0
4747_sub3	0	1	1	0	0	0	1	0
4747_sub4	0	1	1	0	0	0	1	0
4748_sub0	0	2	1	1	0	0	1	1
4748_sub1	0	1	1	0	0	0	1	0
4748_sub2	0	1	1	0	0	0	1	0
4748_sub3	0	1	1	0	0	0	1	0
4748_sub4	0	1	1	0	0	0	1	0
4748_sub5	0	1	0	1	0	0	0	1
4753_sub0	1	7	2	5	2	5	0	0
4753_sub1	0	1	0	1	0	0	0	1
476_sub0	1	6	1	5	1	5	0	0
476_sub1	0	1	1	0	0	0	1	0
476_sub2	0	1	1	0	0	0	1	0
476_sub3	0	1	0	1	0	0	0	1
476_sub4	0	1	1	0	0	0	1	0
4766_sub0	1	7	6	1	6	1	0	0
4766_sub1	0	1	0	1	0	0	0	1
4766_sub2	0	1	0	1	0	0	0	1
477_sub0	0	1	1	0	0	0	1	0
477_sub1	0	4	2	2	0	0	2	2
477_sub2	0	1	0	1	0	0	0	1
4774_sub0	1	9	2	7	2	7	0	0
4774_sub1	0	1	0	1	0	0	0	1
4774_sub2	0	1	0	1	0	0	0	1
4776_sub0	0	1	0	1	0	0	0	1
4776_sub1	0	1	1	0	0	0	1	0
4776_sub2	0	1	1	0	0	0	1	0
4776_sub3	0	1	0	1	0	0	0	1
4776_sub4	0	1	1	0	0	0	1	0
4776_sub5	0	1	0	1	0	0	0	1
4778_sub0	1	7	3	4	3	4	0	0
4789_sub0	0	5	2	3	0	0	2	3
4789_sub1	0	1	1	0	0	0	1	0
4789_sub2	0	1	0	1	0	0	0	1
4792_sub0	0	1	0	1	0	0	0	1
4792_sub1	0	4	2	2	0	0	2	2
4792_sub2	0	1	0	1	0	0	0	1
480_sub0	1	9	7	2	7	2	0	0
480_sub1	0	1	0	1	0	0	0	1
481_sub0	1	8	4	4	4	4	0	0
481_sub1	0	1	0	1	0	0	0	1
481_sub2	0	1	0	1	0	0	0	1
481_sub3	0	1	0	1	0	0	0	1
481_sub4	0	1	1	0	0	0	1	0
481_sub5	0	1	0	1	0	0	0	1
4815_sub0	1	10	5	5	5	5	0	0
4815_sub1	0	1	0	1	0	0	0	1
4815_sub2	0	1	0	1	0	0	0	1
4815_sub3	0	1	0	1	0	0	0	1
4817_sub0	0	1	0	1	0	0	0	1
4817_sub1	0	3	2	1	0	0	2	1
4817_sub2	0	1	0	1	0	0	0	1
4817_sub3	0	1	0	1	0	0	0	1
4817_sub4	0	1	1	0	0	0	1	0
482_sub0	0	3	2	1	0	0	2	1
482_sub1	0	1	1	0	0	0	1	0
482_sub2	0	1	0	1	0	0	0	1
482_sub3	0	1	0	1	0	0	0	1
482_sub4	0	1	0	1	0	0	0	1
4821_sub0	1	10	6	4	6	4	0	0
4821_sub1	0	1	1	0	0	0	1	0
4821_sub2	0	1	0	1	0	0	0	1
4822_sub0	1	8	4	4	4	4	0	0
4822_sub1	0	1	1	0	0	0	1	0
4822_sub2	0	1	0	1	0	0	0	1
4822_sub3	0	1	0	1	0	0	0	1
4823_sub0	0	1	1	0	0	0	1	0
4823_sub1	0	1	0	1	0	0	0	1
4823_sub2	0	2	1	1	0	0	1	1
4823_sub3	0	1	0	1	0	0	0	1
4823_sub4	0	1	0	1	0	0	0	1
4823_sub5	0	1	1	0	0	0	1	0
4869_sub0	0	1	0	1	0	0	0	1
4869_sub1	0	4	2	2	0	0	2	2
4869_sub2	0	1	0	1	0	0	0	1
4869_sub3	0	1	1	0	0	0	1	0
4869_sub4	0	1	1	0	0	0	1	0
487_sub0	1	9	7	2	7	2	0	0
487_sub1	0	1	1	0	0	0	1	0
487_sub2	0	1	0	1	0	0	0	1
487_sub3	0	1	1	0	0	0	1	0
4870_sub0	1	6	5	1	5	1	0	0
4870_sub1	0	1	0	1	0	0	0	1
4870_sub2	0	1	0	1	0	0	0	1
4870_sub3	0	1	1	0	0	0	1	0
4870_sub4	0	1	1	0	0	0	1	0
4870_sub5	0	1	0	1	0	0	0	1
4877_sub0	0	2	1	1	0	0	1	1
4877_sub1	0	1	1	0	0	0	1	0
4877_sub2	0	1	1	0	0	0	1	0
4877_sub3	0	1	1	0	0	0	1	0
4877_sub4	0	1	0	1	0	0	0	1
4879_sub0	1	9	3	6	3	6	0	0
4879_sub1	0	1	1	0	0	0	1	0
488_sub0	0	1	0	1	0	0	0	1
488_sub1	0	1	0	1	0	0	0	1
488_sub2	0	1	1	0	0	0	1	0
488_sub3	0	1	1	0	0	0	1	0
488_sub4	0	1	1	0	0	0	1	0
488_sub5	0	1	0	1	0	0	0	1
4885_sub0	1	7	3	4	3	4	0	0
4885_sub1	0	1	0	1	0	0	0	1
4886_sub0	0	1	1	0	0	0	1	0
4886_sub1	1	7	4	3	4	3	0	0
4886_sub2	0	1	1	0	0	0	1	0
4890_sub0	1	8	5	3	5	3	0	0
4890_sub1	0	1	1	0	0	0	1	0
4893_sub0	1	12	6	6	6	6	0	0
4893_sub1	0	1	1	0	0	0	1	0
4893_sub2	0	1	1	0	0	0	1	0
4893_sub3	0	1	0	1	0	0	0	1
4895_sub0	1	7	1	6	1	6	0	0
4897_sub0	1	12	8	4	8	4	0	0
4897_sub1	0	1	0	1	0	0	0	1
4897_sub2	0	1	0	1	0	0	0	1
4897_sub3	0	1	0	1	0	0	0	1
4898_sub0	0	4	0	4	0	0	0	4
4898_sub1	0	1	1	0	0	0	1	0
4898_sub2	0	1	1	0	0	0	1	0
49_sub0	0	1	0	1	0	0	0	1
49_sub1	0	4	1	3	0	0	1	3
49_sub2	0	1	0	1	0	0	0	1
49_sub3	0	1	0	1	0	0	0	1
49_sub4	0	1	0	1	0	0	0	1
490_sub0	1	8	3	5	3	5	0	0
490_sub1	0	1	1	0	0	0	1	0
490_sub2	0	1	0	1	0	0	0	1
490_sub3	0	1	0	1	0	0	0	1
4901_sub0	0	5	2	3	0	0	2	3
4901_sub1	0	1	1	0	0	0	1	0
491_sub0	1	11	5	6	5	6	0	0
491_sub1	0	1	0	1	0	0	0	1
491_sub2	0	1	0	1	0	0	0	1
491_sub3	0	1	0	1	0	0	0	1
4922_sub0	1	10	5	5	5	5	0	0
4922_sub1	0	1	1	0	0	0	1	0
4922_sub2	0	1	0	1	0	0	0	1
4922_sub3	0	1	1	0	0	0	1	0
4929_sub0	1	8	4	4	4	4	0	0
4929_sub1	0	1	0	1	0	0	0	1
4929_sub2	0	1	0	1	0	0	0	1
4932_sub0	0	1	0	1	0	0	0	1
4932_sub1	0	3	1	2	0	0	1	2
4932_sub2	0	1	0	1	0	0	0	1
4932_sub3	0	1	0	1	0	0	0	1
4934_sub0	0	1	1	0	0	0	1	0
4934_sub1	0	5	3	2	0	0	3	2
4935_sub0	0	1	1	0	0	0	1	0
4935_sub1	0	1	1	0	0	0	1	0
4935_sub2	0	3	2	1	0	0	2	1
4935_sub3	0	1	0	1	0	0	0	1
4935_sub4	0	1	1	0	0	0	1	0
4944_sub0	0	1	1	0	0	0	1	0
4944_sub1	0	3	1	2	0	0	1	2
4944_sub2	0	1	0	1	0	0	0	1
4944_sub3	0	1	0	1	0	0	0	1
4944_sub4	0	1	0	1	0	0	0	1
4944_sub5	0	1	0	1	0	0	0	1
4944_sub6	0	1	0	1	0	0	0	1
4944_sub7	0	1	0	1	0	0	0	1
4944_sub8	0	1	0	1	0	0	0	1
4950_sub0	0	1	0	1	0	0	0	1
4950_sub1	0	1	0	1	0	0	0	1
4950_sub2	0	1	1	0	0	0	1	0
4950_sub3	0	1	1	0	0	0	1	0
4950_sub4	0	1	0	1	0	0	0	1
4950_sub5	0	1	0	1	0	0	0	1
4956_sub0	0	5	0	5	0	0	0	5
4956_sub1	0	1	1	0	0	0	1	0
4956_sub2	0	1	0	1	0	0	0	1
4959_sub0	1	6	2	4	2	4	0	0
4959_sub1	0	1	1	0	0	0	1	0
4960_sub0	0	1	0	1	0	0	0	1
4960_sub1	0	1	1	0	0	0	1	0
4960_sub2	0	1	1	0	0	0	1	0
4960_sub3	0	1	0	1	0	0	0	1
4960_sub4	0	1	1	0	0	0	1	0
4960_sub5	0	1	0	1	0	0	0	1
4960_sub6	0	1	0	1	0	0	0	1
4961_sub0	0	5	3	2	0	0	3	2
4961_sub1	0	1	0	1	0	0	0	1
497_sub0	1	7	4	3	4	3	0	0
497_sub1	0	1	0	1	0	0	0	1
497_sub2	0	1	1	0	0	0	1	0
4975_sub0	1	12	7	5	7	5	0	0
4975_sub1	0	1	0	1	0	0	0	1
4980_sub0	0	5	3	2	0	0	3	2
4980_sub1	0	1	0	1	0	0	0	1
4985_sub0	1	7	4	3	4	3	0	0
4985_sub1	0	1	0	1	0	0	0	1
4985_sub2	0	1	0	1	0	0	0	1
4985_sub3	0	1	0	1	0	0	0	1
499_sub0	1	7	3	4	3	4	0	0
499_sub1	0	1	1	0	0	0	1	0
499_sub2	0	1	1	0	0	0	1	0
499_sub3	0	1	1	0	0	0	1	0
4991_sub0	0	5	4	1	0	0	4	1
4991_sub1	0	1	0	1	0	0	0	1
4994_sub0	1	8	1	7	1	7	0	0
4994_sub1	0	1	1	0	0	0	1	0
4994_sub2	0	1	1	0	0	0	1	0
5_sub0	0	1	0	1	0	0	0	1
5_sub1	1	8	2	6	2	6	0	0
5_sub2	0	1	1	0	0	0	1	0
5_sub3	0	1	1	0	0	0	1	0
500_sub0	0	1	0	1	0	0	0	1
500_sub1	1	7	5	2	5	2	0	0
5000_sub0	0	4	3	1	0	0	3	1
5000_sub1	0	1	0	1	0	0	0	1
5000_sub2	0	1	0	1	0	0	0	1
5009_sub0	1	7	1	6	1	6	0	0
5014_sub0	0	1	1	0	0	0	1	0
5014_sub1	0	5	3	2	0	0	3	2
5014_sub2	0	1	1	0	0	0	1	0
5017_sub0	1	6	1	5	1	5	0	0
5017_sub1	0	1	1	0	0	0	1	0
5017_sub2	0	1	1	0	0	0	1	0
502_sub0	1	6	3	3	3	3	0	0
502_sub1	0	1	0	1	0	0	0	1
5033_sub0	1	9	8	1	8	1	0	0
5033_sub1	0	1	0	1	0	0	0	1
5039_sub0	0	1	1	0	0	0	1	0
5039_sub1	0	5	2	3	0	0	2	3
5039_sub2	0	1	1	0	0	0	1	0
5042_sub0	0	1	0	1	0	0	0	1
5042_sub1	1	9	8	1	8	1	0	0
5042_sub2	0	1	1	0	0	0	1	0
5042_sub3	0	1	0	1	0	0	0	1
5042_sub4	0	1	1	0	0	0	1	0
5044_sub0	1	9	5	4	5	4	0	0
5044_sub1	0	1	1	0	0	0	1	0
5044_sub2	0	1	1	0	0	0	1	0
5045_sub0	0	1	1	0	0	0	1	0
5045_sub1	0	1	1	0	0	0	1	0
5045_sub2	0	1	0	1	0	0	0	1
5045_sub3	0	1	1	0	0	0	1	0
5045_sub4	0	1	0	1	0	0	0	1
5045_sub5	0	1	1	0	0	0	1	0
5054_sub0	1	6	3	3	3	3	0	0
5054_sub1	0	1	0	1	0	0	0	1
5062_sub0	1	12	5	7	5	7	0	0
5062_sub1	0	1	0	1	0	0	0	1
5062_sub2	0	1	0	1	0	0	0	1
5062_sub3	0	1	0	1	0	0	0	1
5062_sub4	0	1	1	0	0	0	1	0
5062_sub5	0	1	1	0	0	0	1	0
5062_sub6	0	1	0	1	0	0	0	1
5062_sub7	0	1	1	0	0	0	1	0
5062_sub8	0	1	1	0	0	0	1	0
5066_sub0	0	5	3	2	0	0	3	2
5066_sub1	0	1	1	0	0	0	1	0
5066_sub2	0	1	0	1	0	0	0	1
5066_sub3	0	1	0	1	0	0	0	1
5072_sub0	1	11	8	3	8	3	0	0
5072_sub1	0	1	0	1	0	0	0	1
5072_sub2	0	1	1	0	0	0	1	0
5072_sub3	0	1	0	1	0	0	0	1
5072_sub4	0	1	0	1	0	0	0	1
5072_sub5	0	1	0	1	0	0	0	1
5076_sub0	1	7	3	4	3	4	0	0
5076_sub1	0	1	1	0	0	0	1	0
5079_sub0	1	6	2	4	2	4	0	0
5079_sub1	0	1	1	0	0	0	1	0
509_sub0	0	1	1	0	0	0	1	0
509_sub1	0	5	1	4	0	0	1	4
509_sub2	0	1	0	1	0	0	0	1
5095_sub0	1	7	4	3	4	3	0	0
5097_sub0	1	6	4	2	4	2	0	0
5097_sub1	0	1	0	1	0	0	0	1
5097_sub2	0	1	0	1	0	0	0	1
5098_sub0	0	1	1	0	0	0	1	0
5098_sub1	1	9	5	4	5	4	0	0
5098_sub2	0	1	1	0	0	0	1	0
51_sub0	0	1	0	1	0	0	0	1
51_sub1	0	1	1	0	0	0	1	0
51_sub2	0	1	0	1	0	0	0	1
51_sub3	0	4	3	1	0	0	3	1
51_sub4	0	1	1	0	0	0	1	0
51_sub5	0	1	1	0	0	0	1	0
51_sub6	0	1	0	1	0	0	0	1
51_sub7	0	1	0	1	0	0	0	1
5104_sub0	1	6	3	3	3	3	0	0
5104_sub1	0	1	1	0	0	0	1	0
5104_sub2	0	1	0	1	0	0	0	1
5104_sub3	0	1	0	1	0	0	0	1
5110_sub0	1	10	8	2	8	2	0	0
5110_sub1	0	1	1	0	0	0	1	0
5110_sub2	0	1	0	1	0	0	0	1
5110_sub3	0	1	0	1	0	0	0	1
5110_sub4	0	1	0	1	0	0	0	1
5125_sub0	0	1	0	1	0	0	0	1
5125_sub1	0	3	1	2	0	0	1	2
5125_sub2	0	1	0	1	0	0	0	1
5125_sub3	0	1	0	1	0	0	0	1
513_sub0	0	1	1	0	0	0	1	0
513_sub1	1	7	5	2	5	2	0	0
513_sub2	0	1	1	0	0	0	1	0
5135_sub0	0	5	3	2	0	0	3	2
5135_sub1	0	1	0	1	0	0	0	1
5143_sub0	1	9	3	6	3	6	0	0
5143_sub1	0	1	0	1	0	0	0	1
5143_sub2	0	1	0	1	0	0	0	1
5143_sub3	0	1	0	1	0	0	0	1
5143_sub4	0	1	0	1	0	0	0	1
515_sub0	0	2	0	2	0	0	0	2
515_sub1	0	1	1	0	0	0	1	0
515_sub2	0	1	1	0	0	0	1	0
515_sub3	0	1	1	0	0	0	1	0
515_sub4	0	1	1	0	0	0	1	0
515_sub5	0	1	0	1	0	0	0	1
515_sub6	0	1	0	1	0	0	0	1
5157_sub0	1	7	5	2	5	2	0	0
5157_sub1	0	1	1	0	0	0	1	0
5157_sub2	0	1	0	1	0	0	0	1
5157_sub3	0	1	1	0	0	0	1	0
5157_sub4	0	1	1	0	0	0	1	0
516_sub0	0	1	0	1	0	0	0	1
516_sub1	0	1	0	1	0	0	0	1
516_sub2	0	1	1	0	0	0	1	0
516_sub3	0	1	0	1	0	0	0	1
516_sub4	0	1	1	0	0	0	1	0
516_sub5	0	1	1	0	0	0	1	0
5160_sub0	1	12	4	8	4	8	0	0
5160_sub1	0	1	1	0	0	0	1	0
5160_sub2	0	1	0	1	0	0	0	1
5160_sub3	0	1	1	0	0	0	1	0
5162_sub0	0	5	4	1	0	0	4	1
5162_sub1	0	1	1	0	0	0	1	0
5163_sub0	0	4	3	1	0	0	3	1
5163_sub1	0	1	1	0	0	0	1	0
5163_sub2	0	1	1	0	0	0	1	0
5173_sub0	0	1	0	1	0	0	0	1
5173_sub1	0	1	0	1	0	0	0	1
5173_sub2	0	1	1	0	0	0	1	0
5173_sub3	0	1	1	0	0	0	1	0
5173_sub4	0	1	0	1	0	0	0	1
5173_sub5	0	1	0	1	0	0	0	1
518_sub0	0	4	1	3	0	0	1	3
518_sub1	0	1	1	0	0	0	1	0
518_sub2	0	1	1	0	0	0	1	0
518_sub3	0	1	0	1	0	0	0	1
5189_sub0	0	1	1	0	0	0	1	0
5189_sub1	0	4	2	2	0	0	2	2
5189_sub2	0	1	1	0	0	0	1	0
5189_sub3	0	1	1	0	0	0	1	0
5189_sub4	0	1	0	1	0	0	0	1
5198_sub0	1	8	6	2	6	2	0	0
5198_sub1	0	1	0	1	0	0	0	1
5198_sub2	0	1	1	0	0	0	1	0
520_sub0	0	1	1	0	0	0	1	0
520_sub1	0	5	3	2	0	0	3	2
5204_sub0	1	6	3	3	3	3	0	0
5204_sub1	0	1	1	0	0	0	1	0
5204_sub2	0	1	0	1	0	0	0	1
5204_sub3	0	1	1	0	0	0	1	0
5204_sub4	0	1	0	1	0	0	0	1
5208_sub0	1	8	5	3	5	3	0	0
5208_sub1	0	1	1	0	0	0	1	0
5209_sub0	1	7	4	3	4	3	0	0
5209_sub1	0	1	1	0	0	0	1	0
521_sub0	0	1	0	1	0	0	0	1
521_sub1	0	1	1	0	0	0	1	0
521_sub2	0	5	5	0	0	0	5	0
521_sub3	0	1	0	1	0	0	0	1
5225_sub0	0	4	2	2	0	0	2	2
5225_sub1	0	1	0	1	0	0	0	1
5225_sub2	0	1	1	0	0	0	1	0
5227_sub0	0	1	0	1	0	0	0	1
5227_sub1	1	10	7	3	7	3	0	0
5236_sub0	0	1	1	0	0	0	1	0
5236_sub1	0	1	0	1	0	0	0	1
5236_sub2	0	1	0	1	0	0	0	1
5236_sub3	0	1	1	0	0	0	1	0
5236_sub4	0	1	1	0	0	0	1	0
5236_sub5	0	1	0	1	0	0	0	1
5242_sub0	0	2	0	2	0	0	0	2
5242_sub1	1	8	3	5	3	5	0	0
5242_sub2	0	1	0	1	0	0	0	1
5242_sub3	0	1	0	1	0	0	0	1
5242_sub4	0	2	0	2	0	0	0	2
5256_sub0	1	7	2	5	2	5	0	0
5273_sub0	0	1	1	0	0	0	1	0
5273_sub1	0	1	1	0	0	0	1	0
5273_sub2	0	1	1	0	0	0	1	0
5273_sub3	0	1	0	1	0	0	0	1
5273_sub4	0	1	1	0	0	0	1	0
5273_sub5	0	1	0	1	0	0	0	1
5273_sub6	0	1	1	0	0	0	1	0
5273_sub7	0	1	0	1	0	0	0	1
5273_sub8	0	1	0	1	0	0	0	1
5278_sub0	1	6	3	3	3	3	0	0
5278_sub1	0	1	0	1	0	0	0	1
5278_sub2	0	1	0	1	0	0	0	1
5280_sub0	1	8	2	6	2	6	0	0
5280_sub1	0	1	1	0	0	0	1	0
5281_sub0	1	6	3	3	3	3	0	0
5281_sub1	0	2	1	1	0	0	1	1
5281_sub2	0	1	1	0	0	0	1	0
5281_sub3	0	1	0	1	0	0	0	1
5281_sub4	0	1	0	1	0	0	0	1
5281_sub5	0	1	0	1	0	0	0	1
5298_sub0	1	7	2	5	2	5	0	0
5298_sub1	0	1	0	1	0	0	0	1
5298_sub2	0	1	1	0	0	0	1	0
5298_sub3	0	1	0	1	0	0	0	1
5301_sub0	0	1	1	0	0	0	1	0
5301_sub1	0	2	0	2	0	0	0	2
5301_sub2	0	1	1	0	0	0	1	0
5301_sub3	0	1	0	1	0	0	0	1
5301_sub4	0	1	0	1	0	0	0	1
5309_sub0	0	2	1	1	0	0	1	1
5309_sub1	0	1	1	0	0	0	1	0
5309_sub2	0	1	0	1	0	0	0	1
5309_sub3	0	1	1	0	0	0	1	0
5309_sub4	0	1	0	1	0	0	0	1
5318_sub0	0	1	0	1	0	0	0	1
5318_sub1	0	1	0	1	0	0	0	1
5318_sub2	0	1	1	0	0	0	1	0
5318_sub3	0	1	1	0	0	0	1	0
5318_sub4	0	1	0	1	0	0	0	1
5318_sub5	0	1	1	0	0	0	1	0
532_sub0	1	7	4	3	4	3	0	0
532_sub1	0	2	1	1	0	0	1	1
532_sub2	0	1	1	0	0	0	1	0
5321_sub0	1	6	2	4	2	4	0	0
5321_sub1	0	1	0	1	0	0	0	1
5321_sub2	0	1	0	1	0	0	0	1
5321_sub3	0	1	0	1	0	0	0	1
5324_sub0	0	5	2	3	0	0	2	3
5324_sub1	0	1	1	0	0	0	1	0
5324_sub2	0	1	0	1	0	0	0	1
5324_sub3	0	1	0	1	0	0	0	1
5335_sub0	0	1	1	0	0	0	1	0
5335_sub1	0	1	0	1	0	0	0	1
5335_sub2	0	1	1	0	0	0	1	0
5335_sub3	0	1	1	0	0	0	1	0
5335_sub4	0	1	0	1	0	0	0	1
5335_sub5	0	1	0	1	0	0	0	1
534_sub0	0	1	0	1	0	0	0	1
534_sub1	0	1	1	0	0	0	1	0
534_sub2	0	1	0	1	0	0	0	1
534_sub3	0	1	1	0	0	0	1	0
534_sub4	0	1	0	1	0	0	0	1
534_sub5	0	1	0	1	0	0	0	1
5350_sub0	1	7	4	3	4	3	0	0
5350_sub1	0	1	1	0	0	0	1	0
5353_sub0	1	8	3	5	3	5	0	0
5353_sub1	0	1	0	1	0	0	0	1
5353_sub2	0	1	1	0	0	0	1	0
5353_sub3	0	1	1	0	0	0	1	0
5353_sub4	0	1	0	1	0	0	0	1
5355_sub0	1	11	5	6	5	6	0	0
5355_sub1	0	1	0	1	0	0	0	1
5355_sub2	0	1	1	0	0	0	1	0
5355_sub3	0	1	1	0	0	0	1	0
5356_sub0	0	5	3	2	0	0	3	2
5356_sub1	0	1	1	0	0	0	1	0
5356_sub2	0	1	0	1	0	0	0	1
5368_sub0	0	1	1	0	0	0	1	0
5368_sub1	0	1	0	1	0	0	0	1
5368_sub2	0	1	0	1	0	0	0	1
5368_sub3	0	1	0	1	0	0	0	1
5368_sub4	0	1	1	0	0	0	1	0
5368_sub5	0	1	1	0	0	0	1	0
5369_sub0	1	7	5	2	5	2	0	0
5369_sub1	0	1	0	1	0	0	0	1
537_sub0	1	7	2	5	2	5	0	0
537_sub1	0	1	1	0	0	0	1	0
5378_sub0	1	6	2	4	2	4	0	0
5387_sub0	0	1	1	0	0	0	1	0
5387_sub1	0	1	0	1	0	0	0	1
5387_sub2	0	1	1	0	0	0	1	0
5387_sub3	0	1	1	0	0	0	1	0
5387_sub4	0	1	1	0	0	0	1	0
5387_sub5	0	1	0	1	0	0	0	1
539_sub0	0	1	1	0	0	0	1	0
539_sub1	1	12	4	8	4	8	0	0
539_sub2	0	1	0	1	0	0	0	1
5395_sub0	0	1	0	1	0	0	0	1
5395_sub1	1	8	3	5	3	5	0	0
5396_sub0	0	5	3	2	0	0	3	2
5396_sub1	0	1	1	0	0	0	1	0
5396_sub2	0	1	0	1	0	0	0	1
5396_sub3	0	1	1	0	0	0	1	0
54_sub0	0	1	0	1	0	0	0	1
54_sub1	0	1	0	1	0	0	0	1
54_sub2	0	5	3	2	0	0	3	2
54_sub3	0	1	1	0	0	0	1	0
54_sub4	0	1	0	1	0	0	0	1
54_sub5	0	1	1	0	0	0	1	0
54_sub6	0	1	1	0	0	0	1	0
5400_sub0	0	1	0	1	0	0	0	1
5400_sub1	0	1	0	1	0	0	0	1
5400_sub2	0	1	0	1	0	0	0	1
5400_sub3	1	7	2	5	2	5	0	0
5410_sub0	0	5	3	2	0	0	3	2
5410_sub1	0	1	0	1	0	0	0	1
5410_sub2	0	2	1	1	0	0	1	1
5410_sub3	0	1	0	1	0	0	0	1
5426_sub0	1	15	9	6	9	6	0	0
5426_sub1	0	1	1	0	0	0	1	0
5426_sub2	0	1	0	1	0	0	0	1
5428_sub0	1	6	4	2	4	2	0	0
5428_sub1	0	1	0	1	0	0	0	1
5438_sub0	1	6	4	2	4	2	0	0
5438_sub1	0	1	1	0	0	0	1	0
5438_sub2	0	1	1	0	0	0	1	0
5438_sub3	0	1	0	1	0	0	0	1
5444_sub0	1	6	4	2	4	2	0	0
5444_sub1	0	1	1	0	0	0	1	0
5447_sub0	1	6	5	1	5	1	0	0
5448_sub0	0	5	3	2	0	0	3	2
5448_sub1	0	1	1	0	0	0	1	0
5448_sub2	0	1	0	1	0	0	0	1
5459_sub0	1	11	4	7	4	7	0	0
5459_sub1	0	1	0	1	0	0	0	1
5465_sub0	0	1	0	1	0	0	0	1
5465_sub1	0	5	2	3	0	0	2	3
547_sub0	1	6	0	6	0	6	0	0
547_sub1	0	1	1	0	0	0	1	0
547_sub2	0	1	0	1	0	0	0	1
547_sub3	0	1	0	1	0	0	0	1
5479_sub0	0	1	0	1	0	0	0	1
5479_sub1	0	1	0	1	0	0	0	1
5479_sub2	0	1	0	1	0	0	0	1
5479_sub3	0	1	1	0	0	0	1	0
5479_sub4	0	1	1	0	0	0	1	0
5479_sub5	0	1	1	0	0	0	1	0
5484_sub0	1	11	6	5	6	5	0	0
5492_sub0	0	3	2	1	0	0	2	1
5492_sub1	0	1	0	1	0	0	0	1
5492_sub2	0	1	0	1	0	0	0	1
5492_sub3	0	1	1	0	0	0	1	0
5492_sub4	0	1	1	0	0	0	1	0
5500_sub0	0	1	0	1	0	0	0	1
5500_sub1	0	1	0	1	0	0	0	1
5500_sub2	0	1	0	1	0	0	0	1
5500_sub3	0	1	0	1	0	0	0	1
5500_sub4	0	1	1	0	0	0	1	0
5500_sub5	0	1	0	1	0	0	0	1
5507_sub0	1	9	6	3	6	3	0	0
5507_sub1	0	1	0	1	0	0	0	1
5510_sub0	0	1	0	1	0	0	0	1
5510_sub1	0	4	2	2	0	0	2	2
5510_sub2	0	2	1	1	0	0	1	1
5515_sub0	1	6	3	3	3	3	0	0
5515_sub1	0	1	0	1	0	0	0	1
5515_sub2	0	1	0	1	0	0	0	1
5515_sub3	0	1	1	0	0	0	1	0
5515_sub4	0	1	1	0	0	0	1	0
5519_sub0	1	11	6	5	6	5	0	0
5521_sub0	0	1	0	1	0	0	0	1
5521_sub1	0	4	2	2	0	0	2	2
5521_sub2	0	1	1	0	0	0	1	0
5548_sub0	0	1	1	0	0	0	1	0
5548_sub1	0	1	1	0	0	0	1	0
5548_sub2	0	1	1	0	0	0	1	0
5548_sub3	0	1	0	1	0	0	0	1
5548_sub4	0	5	1	4	0	0	1	4
5548_sub5	0	1	1	0	0	0	1	0
5554_sub0	1	9	6	3	6	3	0	0
5554_sub1	0	1	1	0	0	0	1	0
5554_sub2	0	1	0	1	0	0	0	1
5554_sub3	0	1	1	0	0	0	1	0
5554_sub4	0	1	0	1	0	0	0	1
5555_sub0	1	9	4	5	4	5	0	0
5555_sub1	0	1	0	1	0	0	0	1
5555_sub2	0	1	0	1	0	0	0	1
5555_sub3	0	1	1	0	0	0	1	0
5555_sub4	0	1	0	1	0	0	0	1
5555_sub5	0	1	0	1	0	0	0	1
5557_sub0	0	5	2	3	0	0	2	3
5557_sub1	0	1	1	0	0	0	1	0
5565_sub0	0	4	3	1	0	0	3	1
5565_sub1	0	1	0	1	0	0	0	1
5565_sub2	0	1	1	0	0	0	1	0
5565_sub3	0	1	1	0	0	0	1	0
5565_sub4	0	1	0	1	0	0	0	1
5570_sub0	1	6	6	0	6	0	0	0
5570_sub1	0	1	1	0	0	0	1	0
5570_sub2	0	1	0	1	0	0	0	1
5571_sub0	1	6	3	3	3	3	0	0
5571_sub1	0	1	1	0	0	0	1	0
5571_sub2	0	1	1	0	0	0	1	0
5571_sub3	0	1	0	1	0	0	0	1
5571_sub4	0	1	0	1	0	0	0	1
5571_sub5	0	1	0	1	0	0	0	1
5571_sub6	0	1	0	1	0	0	0	1
5588_sub0	1	6	3	3	3	3	0	0
5588_sub1	0	1	1	0	0	0	1	0
5588_sub2	0	1	1	0	0	0	1	0
5588_sub3	0	1	0	1	0	0	0	1
559_sub0	0	3	1	2	0	0	1	2
559_sub1	0	2	1	1	0	0	1	1
559_sub2	0	1	0	1	0	0	0	1
5591_sub0	1	6	2	4	2	4	0	0
5591_sub1	0	1	0	1	0	0	0	1
5591_sub2	0	1	1	0	0	0	1	0
5591_sub3	0	1	1	0	0	0	1	0
5597_sub0	1	13	8	5	8	5	0	0
5598_sub0	1	6	2	4	2	4	0	0
5598_sub1	0	1	0	1	0	0	0	1
5598_sub2	0	1	1	0	0	0	1	0
5598_sub3	0	1	1	0	0	0	1	0
5619_sub0	0	5	2	3	0	0	2	3
5619_sub1	0	1	0	1	0	0	0	1
5619_sub2	0	1	1	0	0	0	1	0
5619_sub3	0	1	1	0	0	0	1	0
5619_sub4	0	1	0	1	0	0	0	1
5619_sub5	0	1	0	1	0	0	0	1
5619_sub6	0	1	0	1	0	0	0	1
5628_sub0	1	6	4	2	4	2	0	0
5628_sub1	0	1	1	0	0	0	1	0
5630_sub0	0	5	1	4	0	0	1	4
5630_sub1	0	1	1	0	0	0	1	0
5630_sub2	0	1	0	1	0	0	0	1
5630_sub3	0	1	1	0	0	0	1	0
5630_sub4	0	1	0	1	0	0	0	1
5638_sub0	0	1	0	1	0	0	0	1
5638_sub1	0	2	2	0	0	0	2	0
5638_sub2	0	1	0	1	0	0	0	1
5638_sub3	0	1	1	0	0	0	1	0
5638_sub4	0	1	0	1	0	0	0	1
5638_sub5	0	1	1	0	0	0	1	0
5638_sub6	0	1	1	0	0	0	1	0
5638_sub7	0	1	1	0	0	0	1	0
5638_sub8	0	1	1	0	0	0	1	0
5640_sub0	1	9	7	2	7	2	0	0
5640_sub1	0	1	0	1	0	0	0	1
5640_sub2	0	1	1	0	0	0	1	0
5649_sub0	0	5	3	2	0	0	3	2
5649_sub1	0	1	0	1	0	0	0	1
5649_sub2	0	1	0	1	0	0	0	1
565_sub0	1	14	5	9	5	9	0	0
565_sub1	0	1	1	0	0	0	1	0
565_sub2	0	1	1	0	0	0	1	0
565_sub3	0	1	0	1	0	0	0	1
5653_sub0	0	4	3	1	0	0	3	1
5653_sub1	0	1	0	1	0	0	0	1
5653_sub2	0	1	1	0	0	0	1	0
5654_sub0	1	6	4	2	4	2	0	0
5654_sub1	0	1	0	1	0	0	0	1
5660_sub0	1	8	3	5	3	5	0	0
5660_sub1	0	1	0	1	0	0	0	1
5660_sub2	0	1	0	1	0	0	0	1
5661_sub0	0	1	1	0	0	0	1	0
5661_sub1	0	1	0	1	0	0	0	1
5661_sub2	0	1	0	1	0	0	0	1
5661_sub3	0	1	1	0	0	0	1	0
5661_sub4	0	1	0	1	0	0	0	1
5661_sub5	0	1	1	0	0	0	1	0
5663_sub0	1	9	6	3	6	3	0	0
5663_sub1	0	1	1	0	0	0	1	0
5670_sub0	0	1	1	0	0	0	1	0
5670_sub1	0	1	0	1	0	0	0	1
5670_sub2	0	5	4	1	0	0	4	1
5670_sub3	0	1	1	0	0	0	1	0
5670_sub4	0	1	0	1	0	0	0	1
5678_sub0	0	1	1	0	0	0	1	0
5678_sub1	0	1	1	0	0	0	1	0
5678_sub2	0	3	2	1	0	0	2	1
5678_sub3	0	1	0	1	0	0	0	1
5689_sub0	0	4	3	1	0	0	3	1
5689_sub1	0	1	1	0	0	0	1	0
5689_sub2	0	1	0	1	0	0	0	1
5694_sub0	0	4	2	2	0	0	2	2
5694_sub1	0	1	1	0	0	0	1	0
5694_sub2	0	1	0	1	0	0	0	1
5705_sub0	0	1	0	1	0	0	0	1
5705_sub1	0	1	0	1	0	0	0	1
5705_sub2	0	1	0	1	0	0	0	1
5705_sub3	0	1	1	0	0	0	1	0
5705_sub4	0	1	0	1	0	0	0	1
5705_sub5	0	1	1	0	0	0	1	0
5705_sub6	0	1	0	1	0	0	0	1
5707_sub0	1	7	3	4	3	4	0	0
5713_sub0	1	10	7	3	7	3	0	0
5713_sub1	0	1	1	0	0	0	1	0
5714_sub0	0	1	0	1	0	0	0	1
5714_sub1	1	8	2	6	2	6	0	0
5714_sub2	0	1	1	0	0	0	1	0
5729_sub0	1	6	2	4	2	4	0	0
5731_sub0	0	4	1	3	0	0	1	3
5731_sub1	0	1	0	1	0	0	0	1
5731_sub2	0	1	1	0	0	0	1	0
5731_sub3	0	1	0	1	0	0	0	1
5739_sub0	0	1	1	0	0	0	1	0
5739_sub1	1	14	9	5	9	5	0	0
5739_sub2	0	1	1	0	0	0	1	0
5742_sub0	1	6	4	2	4	2	0	0
5742_sub1	0	1	1	0	0	0	1	0
5742_sub2	0	1	0	1	0	0	0	1
5756_sub0	1	8	4	4	4	4	0	0
5756_sub1	0	1	1	0	0	0	1	0
5756_sub2	0	1	0	1	0	0	0	1
5756_sub3	0	1	0	1	0	0	0	1
577_sub0	0	1	0	1	0	0	0	1
577_sub1	1	6	3	3	3	3	0	0
577_sub2	0	1	0	1	0	0	0	1
5770_sub0	0	5	1	4	0	0	1	4
5770_sub1	0	1	0	1	0	0	0	1
5770_sub2	0	1	0	1	0	0	0	1
5772_sub0	0	5	4	1	0	0	4	1
5772_sub1	0	1	1	0	0	0	1	0
5772_sub2	0	1	1	0	0	0	1	0
5772_sub3	0	1	0	1	0	0	0	1
5772_sub4	0	1	1	0	0	0	1	0
5772_sub5	0	1	1	0	0	0	1	0
5782_sub0	0	5	3	2	0	0	3	2
5782_sub1	0	1	0	1	0	0	0	1
5782_sub2	0	1	0	1	0	0	0	1
5782_sub3	0	1	1	0	0	0	1	0
5789_sub0	1	7	5	2	5	2	0	0
5789_sub1	0	1	0	1	0	0	0	1
58_sub0	0	1	0	1	0	0	0	1
58_sub1	1	11	3	8	3	8	0	0
58_sub2	0	1	0	1	0	0	0	1
58_sub3	0	1	1	0	0	0	1	0
58_sub4	0	1	1	0	0	0	1	0
58_sub5	0	1	1	0	0	0	1	0
580_sub0	1	8	5	3	5	3	0	0
580_sub1	0	1	1	0	0	0	1	0
5802_sub0	0	1	1	0	0	0	1	0
5802_sub1	1	8	4	4	4	4	0	0
5802_sub2	0	1	0	1	0	0	0	1
5814_sub0	0	4	3	1	0	0	3	1
5814_sub1	0	1	0	1	0	0	0	1
5814_sub2	0	1	0	1	0	0	0	1
5816_sub0	0	5	2	3	0	0	2	3
5816_sub1	0	1	0	1	0	0	0	1
5816_sub2	0	1	0	1	0	0	0	1
5816_sub3	0	1	0	1	0	0	0	1
5816_sub4	0	1	0	1	0	0	0	1
582_sub0	0	1	0	1	0	0	0	1
582_sub1	1	9	6	3	6	3	0	0
5832_sub0	0	3	3	0	0	0	3	0
5832_sub1	0	1	1	0	0	0	1	0
5832_sub2	0	1	1	0	0	0	1	0
5832_sub3	0	1	0	1	0	0	0	1
5835_sub0	0	1	1	0	0	0	1	0
5835_sub1	1	10	3	7	3	7	0	0
5835_sub2	0	1	0	1	0	0	0	1
5839_sub0	1	8	3	5	3	5	0	0
5839_sub1	0	1	0	1	0	0	0	1
584_sub0	0	5	3	2	0	0	3	2
584_sub1	0	1	1	0	0	0	1	0
584_sub2	0	1	0	1	0	0	0	1
584_sub3	0	1	0	1	0	0	0	1
584_sub4	0	1	1	0	0	0	1	0
5852_sub0	1	9	4	5	4	5	0	0
5852_sub1	0	1	0	1	0	0	0	1
5852_sub2	0	1	1	0	0	0	1	0
5853_sub0	0	5	2	3	0	0	2	3
5853_sub1	0	1	1	0	0	0	1	0
5853_sub2	0	1	1	0	0	0	1	0
5858_sub0	1	9	4	5	4	5	0	0
5860_sub0	0	1	1	0	0	0	1	0
5860_sub1	0	1	0	1	0	0	0	1
5860_sub2	0	3	2	1	0	0	2	1
5860_sub3	0	1	0	1	0	0	0	1
5863_sub0	1	9	4	5	4	5	0	0
5863_sub1	0	1	0	1	0	0	0	1
5863_sub2	0	1	0	1	0	0	0	1
5863_sub3	0	1	1	0	0	0	1	0
5866_sub0	1	9	7	2	7	2	0	0
5869_sub0	1	8	4	4	4	4	0	0
5869_sub1	0	1	0	1	0	0	0	1
5869_sub2	0	1	0	1	0	0	0	1
587_sub0	1	9	4	5	4	5	0	0
587_sub1	0	1	1	0	0	0	1	0
587_sub2	0	1	0	1	0	0	0	1
587_sub3	0	1	0	1	0	0	0	1
5870_sub0	0	3	2	1	0	0	2	1
5870_sub1	0	1	1	0	0	0	1	0
5870_sub2	0	1	0	1	0	0	0	1
5870_sub3	0	1	1	0	0	0	1	0
5870_sub4	0	1	0	1	0	0	0	1
5885_sub0	0	1	0	1	0	0	0	1
5885_sub1	1	9	6	3	6	3	0	0
5885_sub2	0	1	1	0	0	0	1	0
5885_sub3	0	1	1	0	0	0	1	0
5885_sub4	0	1	1	0	0	0	1	0
5904_sub0	0	1	0	1	0	0	0	1
5904_sub1	0	1	0	1	0	0	0	1
5904_sub2	0	1	0	1	0	0	0	1
5904_sub3	1	6	5	1	5	1	0	0
5904_sub4	0	1	0	1	0	0	0	1
5904_sub5	0	1	0	1	0	0	0	1
5904_sub6	0	1	1	0	0	0	1	0
5905_sub0	0	3	2	1	0	0	2	1
5905_sub1	0	1	1	0	0	0	1	0
5905_sub2	0	1	1	0	0	0	1	0
5905_sub3	0	1	0	1	0	0	0	1
5905_sub4	0	1	1	0	0	0	1	0
5907_sub0	1	6	3	3	3	3	0	0
5907_sub1	0	1	0	1	0	0	0	1
5921_sub0	1	12	5	7	5	7	0	0
5921_sub1	0	1	1	0	0	0	1	0
5921_sub2	0	1	0	1	0	0	0	1
5921_sub3	0	1	0	1	0	0	0	1
5922_sub0	1	6	3	3	3	3	0	0
5922_sub1	0	1	1	0	0	0	1	0
5926_sub0	1	7	4	3	4	3	0	0
5926_sub1	0	1	0	1	0	0	0	1
5926_sub2	0	1	0	1	0	0	0	1
5926_sub3	0	1	0	1	0	0	0	1
5926_sub4	0	1	0	1	0	0	0	1
5926_sub5	0	1	1	0	0	0	1	0
5926_sub6	0	1	0	1	0	0	0	1
5926_sub7	0	1	1	0	0	0	1	0
5930_sub0	1	13	10	3	10	3	0	0
5930_sub1	0	1	0	1	0	0	0	1
5930_sub2	0	1	0	1	0	0	0	1
5930_sub3	0	1	0	1	0	0	0	1
5930_sub4	0	1	1	0	0	0	1	0
5932_sub0	0	1	1	0	0	0	1	0
5932_sub1	0	1	1	0	0	0	1	0
5932_sub2	0	1	1	0	0	0	1	0
5932_sub3	0	1	0	1	0	0	0	1
5932_sub4	0	1	1	0	0	0	1	0
5932_sub5	0	1	1	0	0	0	1	0
5933_sub0	1	8	4	4	4	4	0	0
5933_sub1	0	1	1	0	0	0	1	0
5933_sub2	0	1	0	1	0	0	0	1
5951_sub0	0	1	1	0	0	0	1	0
5951_sub1	0	1	0	1	0	0	0	1
5951_sub2	0	1	1	0	0	0	1	0
5951_sub3	0	1	1	0	0	0	1	0
5951_sub4	0	1	0	1	0	0	0	1
5951_sub5	0	1	0	1	0	0	0	1
5951_sub6	0	1	1	0	0	0	1	0
597_sub0	0	1	0	1	0	0	0	1
597_sub1	0	1	0	1	0	0	0	1
597_sub2	0	2	1	1	0	0	1	1
597_sub3	0	1	1	0	0	0	1	0
597_sub4	0	1	1	0	0	0	1	0
597_sub5	0	1	1	0	0	0	1	0
597_sub6	0	1	0	1	0	0	0	1
597_sub7	0	1	0	1	0	0	0	1
5978_sub0	0	1	1	0	0	0	1	0
5978_sub1	0	1	0	1	0	0	0	1
5978_sub2	0	1	0	1	0	0	0	1
5978_sub3	0	1	1	0	0	0	1	0
5978_sub4	0	1	1	0	0	0	1	0
5978_sub5	0	1	1	0	0	0	1	0
5981_sub0	1	12	6	6	6	6	0	0
5981_sub1	0	1	0	1	0	0	0	1
5981_sub2	0	1	1	0	0	0	1	0
5981_sub3	0	1	1	0	0	0	1	0
5985_sub0	0	5	3	2	0	0	3	2
5985_sub1	0	1	0	1	0	0	0	1
5985_sub2	0	1	1	0	0	0	1	0
5990_sub0	0	1	0	1	0	0	0	1
5990_sub1	1	9	5	4	5	4	0	0
5990_sub2	0	2	0	2	0	0	0	2
5992_sub0	1	11	6	5	6	5	0	0
5992_sub1	0	1	1	0	0	0	1	0
5992_sub2	0	1	1	0	0	0	1	0
5995_sub0	0	1	1	0	0	0	1	0
5995_sub1	0	1	1	0	0	0	1	0
5995_sub2	0	1	1	0	0	0	1	0
5995_sub3	0	1	1	0	0	0	1	0
5995_sub4	0	1	0	1	0	0	0	1
5995_sub5	0	1	0	1	0	0	0	1
6007_sub0	1	7	4	3	4	3	0	0
6007_sub1	0	1	1	0	0	0	1	0
6011_sub0	1	9	5	4	5	4	0	0
6011_sub1	0	1	0	1	0	0	0	1
6011_sub2	0	1	0	1	0	0	0	1
6027_sub0	1	6	3	3	3	3	0	0
6027_sub1	0	1	1	0	0	0	1	0
6027_sub2	0	1	0	1	0	0	0	1
6027_sub3	0	1	1	0	0	0	1	0
6029_sub0	1	7	2	5	2	5	0	0
6029_sub1	0	1	0	1	0	0	0	1
604_sub0	0	5	5	0	0	0	5	0
604_sub1	0	3	0	3	0	0	0	3
6051_sub0	1	6	3	3	3	3	0	0
6051_sub1	0	1	0	1	0	0	0	1
6059_sub0	1	7	3	4	3	4	0	0
606_sub0	1	6	1	5	1	5	0	0
6060_sub0	0	1	0	1	0	0	0	1
6060_sub1	0	3	1	2	0	0	1	2
6060_sub2	0	1	1	0	0	0	1	0
6060_sub3	0	1	1	0	0	0	1	0
6060_sub4	0	1	1	0	0	0	1	0
6060_sub5	0	1	0	1	0	0	0	1
6060_sub6	0	1	0	1	0	0	0	1
6060_sub7	0	1	1	0	0	0	1	0
6060_sub8	0	1	0	1	0	0	0	1
6061_sub0	0	1	0	1	0	0	0	1
6061_sub1	0	1	0	1	0	0	0	1
6061_sub2	0	1	0	1	0	0	0	1
6061_sub3	0	3	1	2	0	0	1	2
6061_sub4	0	1	1	0	0	0	1	0
6074_sub0	1	8	5	3	5	3	0	0
6074_sub1	0	1	0	1	0	0	0	1
6074_sub2	0	1	0	1	0	0	0	1
6074_sub3	0	1	0	1	0	0	0	1
6074_sub4	0	1	0	1	0	0	0	1
6078_sub0	1	8	4	4	4	4	0	0
6081_sub0	1	6	2	4	2	4	0	0
6081_sub1	0	1	1	0	0	0	1	0
6085_sub0	0	1	0	1	0	0	0	1
6085_sub1	1	6	3	3	3	3	0	0
6085_sub2	0	1	0	1	0	0	0	1
609_sub0	0	1	0	1	0	0	0	1
609_sub1	0	1	0	1	0	0	0	1
609_sub2	0	1	1	0	0	0	1	0
609_sub3	0	1	1	0	0	0	1	0
609_sub4	0	1	0	1	0	0	0	1
609_sub5	0	1	0	1	0	0	0	1
61_sub0	0	1	0	1	0	0	0	1
61_sub1	1	13	7	6	7	6	0	0
61_sub2	0	1	1	0	0	0	1	0
610_sub0	1	11	4	7	4	7	0	0
610_sub1	0	1	0	1	0	0	0	1
610_sub2	0	1	0	1	0	0	0	1
6102_sub0	0	1	0	1	0	0	0	1
6102_sub1	0	5	5	0	0	0	5	0
6102_sub2	0	1	0	1	0	0	0	1
6106_sub0	0	5	2	3	0	0	2	3
6106_sub1	0	1	1	0	0	0	1	0
6110_sub0	0	4	3	1	0	0	3	1
6110_sub1	0	1	1	0	0	0	1	0
6110_sub2	0	1	1	0	0	0	1	0
6116_sub0	1	10	5	5	5	5	0	0
6116_sub1	0	1	0	1	0	0	0	1
6124_sub0	0	1	1	0	0	0	1	0
6124_sub1	0	1	0	1	0	0	0	1
6124_sub2	0	1	1	0	0	0	1	0
6124_sub3	0	1	1	0	0	0	1	0
6124_sub4	0	1	1	0	0	0	1	0
6124_sub5	0	1	1	0	0	0	1	0
6125_sub0	0	1	0	1	0	0	0	1
6125_sub1	1	6	3	3	3	3	0	0
6133_sub0	1	6	3	3	3	3	0	0
6133_sub1	0	1	1	0	0	0	1	0
6133_sub2	0	1	1	0	0	0	1	0
6135_sub0	0	4	3	1	0	0	3	1
6135_sub1	0	1	1	0	0	0	1	0
6135_sub2	0	1	0	1	0	0	0	1
6136_sub0	1	8	7	1	7	1	0	0
6136_sub1	0	1	0	1	0	0	0	1
614_sub0	1	7	4	3	4	3	0	0
615_sub0	0	1	0	1	0	0	0	1
615_sub1	0	1	0	1	0	0	0	1
615_sub2	1	6	1	5	1	5	0	0
615_sub3	0	1	0	1	0	0	0	1
615_sub4	0	1	1	0	0	0	1	0
615_sub5	0	1	1	0	0	0	1	0
615_sub6	0	1	0	1	0	0	0	1
615_sub7	0	1	1	0	0	0	1	0
6152_sub0	1	6	2	4	2	4	0	0
6152_sub1	0	1	0	1	0	0	0	1
6152_sub2	0	1	1	0	0	0	1	0
6152_sub3	0	1	1	0	0	0	1	0
616_sub0	0	5	3	2	0	0	3	2
616_sub1	0	1	1	0	0	0	1	0
6161_sub0	1	6	3	3	3	3	0	0
6161_sub1	0	1	0	1	0	0	0	1
6161_sub2	0	1	0	1	0	0	0	1
6161_sub3	0	1	1	0	0	0	1	0
6181_sub0	0	1	1	0	0	0	1	0
6181_sub1	0	3	2	1	0	0	2	1
6181_sub2	0	1	1	0	0	0	1	0
6181_sub3	0	1	0	1	0	0	0	1
6185_sub0	0	1	1	0	0	0	1	0
6185_sub1	0	1	0	1	0	0	0	1
6185_sub2	0	1	0	1	0	0	0	1
6185_sub3	0	1	0	1	0	0	0	1
6185_sub4	0	1	1	0	0	0	1	0
6185_sub5	0	1	1	0	0	0	1	0
6188_sub0	0	1	1	0	0	0	1	0
6188_sub1	1	8	3	5	3	5	0	0
6188_sub2	0	1	1	0	0	0	1	0
6188_sub3	0	1	0	1	0	0	0	1
6198_sub0	1	7	5	2	5	2	0	0
6199_sub0	1	6	3	3	3	3	0	0
6199_sub1	0	1	0	1	0	0	0	1
6199_sub2	0	1	1	0	0	0	1	0
6199_sub3	0	1	1	0	0	0	1	0
62_sub0	0	1	0	1	0	0	0	1
62_sub1	0	1	1	0	0	0	1	0
62_sub2	0	3	3	0	0	0	3	0
62_sub3	0	1	1	0	0	0	1	0
62_sub4	0	1	0	1	0	0	0	1
62_sub5	0	1	1	0	0	0	1	0
6200_sub0	0	5	3	2	0	0	3	2
6200_sub1	0	1	0	1	0	0	0	1
6209_sub0	0	3	2	1	0	0	2	1
6209_sub1	0	1	0	1	0	0	0	1
6209_sub2	0	1	1	0	0	0	1	0
6209_sub3	0	1	0	1	0	0	0	1
6209_sub4	0	1	1	0	0	0	1	0
6217_sub0	1	7	5	2	5	2	0	0
6217_sub1	0	1	0	1	0	0	0	1
6217_sub2	0	1	0	1	0	0	0	1
6219_sub0	0	4	3	1	0	0	3	1
6219_sub1	0	1	0	1	0	0	0	1
6219_sub2	0	1	1	0	0	0	1	0
6219_sub3	0	1	0	1	0	0	0	1
6219_sub4	0	1	0	1	0	0	0	1
6224_sub0	0	1	1	0	0	0	1	0
6224_sub1	1	6	3	3	3	3	0	0
6224_sub2	0	1	0	1	0	0	0	1
6224_sub3	0	1	1	0	0	0	1	0
6228_sub0	1	6	0	6	0	6	0	0
6231_sub0	0	4	4	0	0	0	4	0
6231_sub1	0	1	0	1	0	0	0	1
6231_sub2	0	1	0	1	0	0	0	1
6237_sub0	0	4	3	1	0	0	3	1
6237_sub1	0	1	1	0	0	0	1	0
6237_sub2	0	1	1	0	0	0	1	0
624_sub0	0	1	0	1	0	0	0	1
624_sub1	1	8	4	4	4	4	0	0
6240_sub0	0	1	0	1	0	0	0	1
6240_sub1	0	1	1	0	0	0	1	0
6240_sub2	0	1	1	0	0	0	1	0
6240_sub3	0	1	1	0	0	0	1	0
6240_sub4	0	1	0	1	0	0	0	1
6240_sub5	0	1	1	0	0	0	1	0
6246_sub0	1	7	3	4	3	4	0	0
625_sub0	1	8	2	6	2	6	0	0
625_sub1	0	1	1	0	0	0	1	0
625_sub2	0	1	0	1	0	0	0	1
625_sub3	0	1	0	1	0	0	0	1
6259_sub0	0	1	1	0	0	0	1	0
6259_sub1	0	5	2	3	0	0	2	3
628_sub0	1	9	5	4	5	4	0	0
628_sub1	0	1	1	0	0	0	1	0
6280_sub0	1	9	5	4	5	4	0	0
6284_sub0	1	7	5	2	5	2	0	0
6285_sub0	0	1	1	0	0	0	1	0
6285_sub1	0	1	1	0	0	0	1	0
6285_sub2	1	6	4	2	4	2	0	0
6296_sub0	1	9	5	4	5	4	0	0
6296_sub1	0	1	1	0	0	0	1	0
6296_sub2	0	1	0	1	0	0	0	1
6296_sub3	0	1	0	1	0	0	0	1
6296_sub4	0	1	1	0	0	0	1	0
63_sub0	0	1	1	0	0	0	1	0
63_sub1	1	9	6	3	6	3	0	0
63_sub2	0	1	1	0	0	0	1	0
63_sub3	0	1	1	0	0	0	1	0
6301_sub0	0	1	0	1	0	0	0	1
6301_sub1	0	2	2	0	0	0	2	0
6301_sub2	0	1	1	0	0	0	1	0
6301_sub3	0	1	1	0	0	0	1	0
6301_sub4	0	1	1	0	0	0	1	0
6301_sub5	0	1	1	0	0	0	1	0
6301_sub6	0	1	1	0	0	0	1	0
6302_sub0	0	2	1	1	0	0	1	1
6302_sub1	1	8	2	6	2	6	0	0
631_sub0	1	7	4	3	4	3	0	0
631_sub1	0	1	0	1	0	0	0	1
631_sub2	0	1	0	1	0	0	0	1
631_sub3	0	1	0	1	0	0	0	1
631_sub4	0	1	0	1	0	0	0	1
6312_sub0	1	6	3	3	3	3	0	0
6312_sub1	0	1	1	0	0	0	1	0
6318_sub0	0	3	2	1	0	0	2	1
6318_sub1	0	1	0	1	0	0	0	1
6318_sub2	0	1	1	0	0	0	1	0
6318_sub3	0	1	0	1	0	0	0	1
6330_sub0	1	9	2	7	2	7	0	0
6330_sub1	0	1	1	0	0	0	1	0
6330_sub2	0	1	0	1	0	0	0	1
6334_sub0	0	1	1	0	0	0	1	0
6334_sub1	1	6	4	2	4	2	0	0
6334_sub2	0	1	0	1	0	0	0	1
634_sub0	1	8	2	6	2	6	0	0
634_sub1	0	1	0	1	0	0	0	1
634_sub2	0	1	1	0	0	0	1	0
634_sub3	0	1	1	0	0	0	1	0
634_sub4	0	1	1	0	0	0	1	0
6349_sub0	0	1	1	0	0	0	1	0
6349_sub1	0	1	1	0	0	0	1	0
6349_sub2	0	1	1	0	0	0	1	0
6349_sub3	0	5	3	2	0	0	3	2
6349_sub4	0	1	1	0	0	0	1	0
6349_sub5	0	1	0	1	0	0	0	1
636_sub0	0	1	0	1	0	0	0	1
636_sub1	0	5	4	1	0	0	4	1
6363_sub0	0	5	2	3	0	0	2	3
6363_sub1	0	1	1	0	0	0	1	0
6363_sub2	0	1	0	1	0	0	0	1
6363_sub3	0	1	1	0	0	0	1	0
6363_sub4	0	1	1	0	0	0	1	0
6363_sub5	0	1	1	0	0	0	1	0
6369_sub0	1	8	1	7	1	7	0	0
6369_sub1	0	1	1	0	0	0	1	0
6370_sub0	0	5	4	1	0	0	4	1
6370_sub1	0	1	1	0	0	0	1	0
6370_sub2	0	1	0	1	0	0	0	1
6394_sub0	0	4	2	2	0	0	2	2
6394_sub1	0	1	1	0	0	0	1	0
6394_sub2	0	1	0	1	0	0	0	1
6398_sub0	1	10	5	5	5	5	0	0
6398_sub1	0	1	0	1	0	0	0	1
6398_sub2	0	1	0	1	0	0	0	1
6399_sub0	0	1	0	1	0	0	0	1
6399_sub1	0	4	2	2	0	0	2	2
6399_sub2	0	1	0	1	0	0	0	1
64_sub0	0	1	0	1	0	0	0	1
64_sub1	0	1	1	0	0	0	1	0
64_sub2	1	6	3	3	3	3	0	0
64_sub3	0	1	0	1	0	0	0	1
6402_sub0	0	1	1	0	0	0	1	0
6402_sub1	0	1	0	1	0	0	0	1
6402_sub2	0	1	1	0	0	0	1	0
6402_sub3	0	1	0	1	0	0	0	1
6402_sub4	0	1	1	0	0	0	1	0
6402_sub5	0	1	0	1	0	0	0	1
6407_sub0	0	1	1	0	0	0	1	0
6407_sub1	0	4	3	1	0	0	3	1
6407_sub2	0	1	0	1	0	0	0	1
641_sub0	1	11	6	5	6	5	0	0
641_sub1	0	1	0	1	0	0	0	1
6411_sub0	0	1	0	1	0	0	0	1
6411_sub1	1	13	7	6	7	6	0	0
6415_sub0	0	1	0	1	0	0	0	1
6415_sub1	0	1	0	1	0	0	0	1
6415_sub2	0	1	0	1	0	0	0	1
6415_sub3	0	2	2	0	0	0	2	0
6415_sub4	0	1	0	1	0	0	0	1
6417_sub0	0	1	0	1	0	0	0	1
6417_sub1	1	9	3	6	3	6	0	0
643_sub0	0	1	1	0	0	0	1	0
643_sub1	0	1	0	1	0	0	0	1
643_sub2	0	1	1	0	0	0	1	0
643_sub3	0	1	1	0	0	0	1	0
643_sub4	0	1	0	1	0	0	0	1
643_sub5	0	1	1	0	0	0	1	0
6431_sub0	1	7	5	2	5	2	0	0
6431_sub1	0	1	0	1	0	0	0	1
6431_sub2	0	1	1	0	0	0	1	0
6441_sub0	1	6	4	2	4	2	0	0
6441_sub1	0	1	1	0	0	0	1	0
6441_sub2	0	1	0	1	0	0	0	1
645_sub0	1	8	4	4	4	4	0	0
645_sub1	0	1	1	0	0	0	1	0
645_sub2	0	1	0	1	0	0	0	1
645_sub3	0	1	1	0	0	0	1	0
6465_sub0	0	1	1	0	0	0	1	0
6465_sub1	0	1	1	0	0	0	1	0
6465_sub2	0	1	1	0	0	0	1	0
6465_sub3	0	1	0	1	0	0	0	1
6465_sub4	0	1	0	1	0	0	0	1
6465_sub5	0	1	0	1	0	0	0	1
6478_sub0	0	1	0	1	0	0	0	1
6478_sub1	0	3	1	2	0	0	1	2
6478_sub2	0	1	0	1	0	0	0	1
6478_sub3	0	1	0	1	0	0	0	1
6481_sub0	0	1	1	0	0	0	1	0
6481_sub1	0	1	0	1	0	0	0	1
6481_sub2	0	1	0	1	0	0	0	1
6481_sub3	0	1	0	1	0	0	0	1
6481_sub4	0	1	0	1	0	0	0	1
6481_sub5	0	1	0	1	0	0	0	1
6486_sub0	0	4	3	1	0	0	3	1
6486_sub1	0	1	1	0	0	0	1	0
6486_sub2	0	1	1	0	0	0	1	0
649_sub0	0	1	1	0	0	0	1	0
649_sub1	0	1	0	1	0	0	0	1
649_sub2	1	7	5	2	5	2	0	0
6498_sub0	0	1	0	1	0	0	0	1
6498_sub1	0	1	0	1	0	0	0	1
6498_sub2	0	1	0	1	0	0	0	1
6498_sub3	0	1	0	1	0	0	0	1
6498_sub4	0	1	0	1	0	0	0	1
6498_sub5	0	1	1	0	0	0	1	0
650_sub0	1	6	1	5	1	5	0	0
650_sub1	0	1	0	1	0	0	0	1
6509_sub0	0	1	0	1	0	0	0	1
6509_sub1	0	1	1	0	0	0	1	0
6509_sub2	0	1	0	1	0	0	0	1
6509_sub3	0	1	1	0	0	0	1	0
6509_sub4	0	2	0	2	0	0	0	2
6531_sub0	0	2	1	1	0	0	1	1
6531_sub1	0	1	1	0	0	0	1	0
6531_sub2	0	1	0	1	0	0	0	1
6531_sub3	0	1	1	0	0	0	1	0
6531_sub4	0	1	0	1	0	0	0	1
6536_sub0	0	1	1	0	0	0	1	0
6536_sub1	0	1	0	1	0	0	0	1
6536_sub2	0	1	1	0	0	0	1	0
6536_sub3	0	4	2	2	0	0	2	2
6546_sub0	0	1	1	0	0	0	1	0
6546_sub1	0	5	3	2	0	0	3	2
6546_sub2	0	1	0	1	0	0	0	1
6561_sub0	1	6	3	3	3	3	0	0
6561_sub1	0	1	0	1	0	0	0	1
6561_sub2	0	1	1	0	0	0	1	0
6561_sub3	0	1	1	0	0	0	1	0
657_sub0	0	3	2	1	0	0	2	1
657_sub1	0	1	1	0	0	0	1	0
657_sub2	0	1	1	0	0	0	1	0
657_sub3	0	1	0	1	0	0	0	1
6599_sub0	1	13	8	5	8	5	0	0
6599_sub1	0	1	0	1	0	0	0	1
6599_sub2	0	1	0	1	0	0	0	1
6599_sub3	0	1	1	0	0	0	1	0
6599_sub4	0	1	0	1	0	0	0	1
660_sub0	1	6	4	2	4	2	0	0
660_sub1	0	1	0	1	0	0	0	1
660_sub2	0	1	0	1	0	0	0	1
660_sub3	0	1	1	0	0	0	1	0
6604_sub0	0	5	4	1	0	0	4	1
6604_sub1	0	1	1	0	0	0	1	0
6607_sub0	0	1	1	0	0	0	1	0
6607_sub1	0	1	1	0	0	0	1	0
6607_sub2	0	1	0	1	0	0	0	1
6607_sub3	0	1	0	1	0	0	0	1
6607_sub4	0	1	1	0	0	0	1	0
6607_sub5	0	1	1	0	0	0	1	0
661_sub0	0	3	0	3	0	0	0	3
661_sub1	0	1	1	0	0	0	1	0
661_sub2	0	1	0	1	0	0	0	1
661_sub3	0	1	0	1	0	0	0	1
661_sub4	0	1	0	1	0	0	0	1
661_sub5	0	1	0	1	0	0	0	1
6611_sub0	1	6	1	5	1	5	0	0
6611_sub1	0	1	0	1	0	0	0	1
6611_sub2	0	1	0	1	0	0	0	1
6611_sub3	0	1	1	0	0	0	1	0
6611_sub4	0	1	0	1	0	0	0	1
6611_sub5	0	1	1	0	0	0	1	0
6613_sub0	0	1	0	1	0	0	0	1
6613_sub1	0	4	4	0	0	0	4	0
6613_sub2	0	1	0	1	0	0	0	1
6613_sub3	0	1	1	0	0	0	1	0
6613_sub4	0	1	0	1	0	0	0	1
6625_sub0	0	1	1	0	0	0	1	0
6625_sub1	0	1	0	1	0	0	0	1
6625_sub2	0	1	1	0	0	0	1	0
6625_sub3	0	1	1	0	0	0	1	0
6625_sub4	0	1	0	1	0	0	0	1
6625_sub5	0	1	1	0	0	0	1	0
6628_sub0	0	1	1	0	0	0	1	0
6628_sub1	0	1	1	0	0	0	1	0
6628_sub2	0	1	1	0	0	0	1	0
6628_sub3	0	1	1	0	0	0	1	0
6628_sub4	0	1	1	0	0	0	1	0
6628_sub5	0	1	0	1	0	0	0	1
6629_sub0	1	8	2	6	2	6	0	0
6629_sub1	0	1	1	0	0	0	1	0
6629_sub2	0	1	0	1	0	0	0	1
6629_sub3	0	1	0	1	0	0	0	1
664_sub0	0	1	1	0	0	0	1	0
664_sub1	0	4	3	1	0	0	3	1
664_sub2	0	1	1	0	0	0	1	0
664_sub3	0	1	0	1	0	0	0	1
6648_sub0	1	8	5	3	5	3	0	0
6648_sub1	0	1	1	0	0	0	1	0
6660_sub0	0	1	1	0	0	0	1	0
6660_sub1	0	4	1	3	0	0	1	3
6660_sub2	0	1	0	1	0	0	0	1
6660_sub3	0	1	0	1	0	0	0	1
6670_sub0	0	1	1	0	0	0	1	0
6670_sub1	0	1	1	0	0	0	1	0
6670_sub2	0	4	3	1	0	0	3	1
6673_sub0	1	8	2	6	2	6	0	0
6673_sub1	0	1	0	1	0	0	0	1
6673_sub2	0	1	0	1	0	0	0	1
6673_sub3	0	1	0	1	0	0	0	1
6674_sub0	0	1	0	1	0	0	0	1
6674_sub1	1	10	7	3	7	3	0	0
6674_sub2	0	1	0	1	0	0	0	1
6678_sub0	0	1	0	1	0	0	0	1
6678_sub1	0	5	2	3	0	0	2	3
6680_sub0	0	1	0	1	0	0	0	1
6680_sub1	0	1	0	1	0	0	0	1
6680_sub2	1	8	3	5	3	5	0	0
6686_sub0	0	1	1	0	0	0	1	0
6686_sub1	0	5	3	2	0	0	3	2
6689_sub0	0	1	1	0	0	0	1	0
6689_sub1	0	1	1	0	0	0	1	0
6689_sub2	0	4	2	2	0	0	2	2
6690_sub0	0	3	0	3	0	0	0	3
6690_sub1	0	1	0	1	0	0	0	1
6690_sub2	0	1	1	0	0	0	1	0
6690_sub3	0	1	0	1	0	0	0	1
6690_sub4	0	1	0	1	0	0	0	1
6690_sub5	0	1	1	0	0	0	1	0
6690_sub6	0	1	0	1	0	0	0	1
67_sub0	0	1	1	0	0	0	1	0
67_sub1	1	11	7	4	7	4	0	0
67_sub2	0	1	0	1	0	0	0	1
6713_sub0	0	5	2	3	0	0	2	3
6713_sub1	0	1	1	0	0	0	1	0
6713_sub2	0	1	1	0	0	0	1	0
672_sub0	0	1	1	0	0	0	1	0
672_sub1	1	10	9	1	9	1	0	0
672_sub2	0	1	1	0	0	0	1	0
6728_sub0	0	1	1	0	0	0	1	0
6728_sub1	0	3	2	1	0	0	2	1
6728_sub2	0	1	0	1	0	0	0	1
6728_sub3	0	1	1	0	0	0	1	0
6728_sub4	0	1	1	0	0	0	1	0
6737_sub0	0	1	0	1	0	0	0	1
6737_sub1	1	6	3	3	3	3	0	0
6737_sub2	0	1	0	1	0	0	0	1
6746_sub0	0	1	1	0	0	0	1	0
6746_sub1	0	1	0	1	0	0	0	1
6746_sub2	0	2	1	1	0	0	1	1
6746_sub3	0	1	1	0	0	0	1	0
6746_sub4	0	1	0	1	0	0	0	1
6746_sub5	0	1	0	1	0	0	0	1
6753_sub0	1	9	5	4	5	4	0	0
6753_sub1	0	1	0	1	0	0	0	1
6753_sub2	0	1	1	0	0	0	1	0
6753_sub3	0	1	1	0	0	0	1	0
6759_sub0	0	1	1	0	0	0	1	0
6759_sub1	0	1	1	0	0	0	1	0
6759_sub2	0	2	1	1	0	0	1	1
6759_sub3	0	1	0	1	0	0	0	1
6759_sub4	0	1	0	1	0	0	0	1
676_sub0	1	18	12	6	12	6	0	0
676_sub1	0	1	0	1	0	0	0	1
676_sub2	0	1	1	0	0	0	1	0
6769_sub0	0	1	1	0	0	0	1	0
6769_sub1	0	1	0	1	0	0	0	1
6769_sub2	0	1	0	1	0	0	0	1
6769_sub3	0	1	0	1	0	0	0	1
6769_sub4	0	1	1	0	0	0	1	0
6769_sub5	0	1	0	1	0	0	0	1
6769_sub6	0	1	0	1	0	0	0	1
6777_sub0	0	1	0	1	0	0	0	1
6777_sub1	0	1	0	1	0	0	0	1
6777_sub2	0	2	0	2	0	0	0	2
6777_sub3	0	1	0	1	0	0	0	1
6777_sub4	0	1	0	1	0	0	0	1
6788_sub0	1	7	3	4	3	4	0	0
6788_sub1	0	1	1	0	0	0	1	0
6802_sub0	0	5	2	3	0	0	2	3
6802_sub1	0	1	0	1	0	0	0	1
6802_sub2	0	1	0	1	0	0	0	1
6803_sub0	1	11	7	4	7	4	0	0
6803_sub1	0	1	0	1	0	0	0	1
6803_sub2	0	1	0	1	0	0	0	1
6803_sub3	0	1	0	1	0	0	0	1
6803_sub4	0	1	0	1	0	0	0	1
6803_sub5	0	1	0	1	0	0	0	1
6806_sub0	0	1	0	1	0	0	0	1
6806_sub1	0	1	0	1	0	0	0	1
6806_sub2	0	1	0	1	0	0	0	1
6806_sub3	0	1	0	1	0	0	0	1
6806_sub4	0	1	1	0	0	0	1	0
6806_sub5	0	1	0	1	0	0	0	1
6806_sub6	0	1	1	0	0	0	1	0
6812_sub0	0	5	4	1	0	0	4	1
6812_sub1	0	1	1	0	0	0	1	0
6819_sub0	0	1	1	0	0	0	1	0
6819_sub1	0	1	1	0	0	0	1	0
6819_sub2	0	1	0	1	0	0	0	1
6819_sub3	0	1	1	0	0	0	1	0
6819_sub4	0	1	0	1	0	0	0	1
6819_sub5	0	1	1	0	0	0	1	0
6821_sub0	1	7	1	6	1	6	0	0
6821_sub1	0	1	0	1	0	0	0	1
6821_sub2	0	1	0	1	0	0	0	1
6849_sub0	1	9	4	5	4	5	0	0
6849_sub1	0	1	1	0	0	0	1	0
6855_sub0	1	15	9	6	9	6	0	0
686_sub0	1	6	2	4	2	4	0	0
686_sub1	0	1	1	0	0	0	1	0
686_sub2	0	1	0	1	0	0	0	1
686_sub3	0	1	0	1	0	0	0	1
686_sub4	0	1	0	1	0	0	0	1
686_sub5	0	1	0	1	0	0	0	1
6865_sub0	1	6	2	4	2	4	0	0
6865_sub1	0	1	1	0	0	0	1	0
6870_sub0	1	8	5	3	5	3	0	0
6873_sub0	1	7	6	1	6	1	0	0
6873_sub1	0	1	1	0	0	0	1	0
6873_sub2	0	1	0	1	0	0	0	1
689_sub0	0	1	1	0	0	0	1	0
689_sub1	1	8	3	5	3	5	0	0
6896_sub0	0	1	1	0	0	0	1	0
6896_sub1	0	2	1	1	0	0	1	1
6896_sub2	0	1	0	1	0	0	0	1
6896_sub3	0	1	1	0	0	0	1	0
6896_sub4	0	1	0	1	0	0	0	1
69_sub0	0	1	1	0	0	0	1	0
69_sub1	0	1	1	0	0	0	1	0
69_sub2	0	2	2	0	0	0	2	0
69_sub3	0	1	1	0	0	0	1	0
69_sub4	0	1	1	0	0	0	1	0
69_sub5	0	1	1	0	0	0	1	0
691_sub0	0	1	0	1	0	0	0	1
691_sub1	0	5	2	3	0	0	2	3
6912_sub0	1	11	5	6	5	6	0	0
6912_sub1	0	1	0	1	0	0	0	1
6919_sub0	0	1	1	0	0	0	1	0
6919_sub1	1	6	3	3	3	3	0	0
6919_sub2	0	1	1	0	0	0	1	0
6919_sub3	0	1	0	1	0	0	0	1
6924_sub0	0	5	2	3	0	0	2	3
6924_sub1	0	1	1	0	0	0	1	0
6924_sub2	0	1	0	1	0	0	0	1
6924_sub3	0	1	0	1	0	0	0	1
693_sub0	0	1	1	0	0	0	1	0
693_sub1	1	6	5	1	5	1	0	0
693_sub2	0	1	0	1	0	0	0	1
6931_sub0	0	4	2	2	0	0	2	2
6931_sub1	0	1	1	0	0	0	1	0
6931_sub2	0	1	1	0	0	0	1	0
6931_sub3	0	1	0	1	0	0	0	1
6931_sub4	0	1	1	0	0	0	1	0
6931_sub5	0	1	0	1	0	0	0	1
6931_sub6	0	1	1	0	0	0	1	0
694_sub0	0	5	2	3	0	0	2	3
694_sub1	0	1	0	1	0	0	0	1
694_sub2	0	1	1	0	0	0	1	0
6957_sub0	1	8	3	5	3	5	0	0
6960_sub0	1	7	4	3	4	3	0	0
6960_sub1	0	1	1	0	0	0	1	0
6983_sub0	1	8	2	6	2	6	0	0
6983_sub1	0	1	1	0	0	0	1	0
6983_sub2	0	1	1	0	0	0	1	0
6983_sub3	0	1	1	0	0	0	1	0
6996_sub0	0	2	1	1	0	0	1	1
6996_sub1	0	4	2	2	0	0	2	2
6997_sub0	0	1	1	0	0	0	1	0
6997_sub1	0	1	1	0	0	0	1	0
6997_sub2	0	1	1	0	0	0	1	0
6997_sub3	0	1	0	1	0	0	0	1
6997_sub4	0	1	1	0	0	0	1	0
6997_sub5	0	1	0	1	0	0	0	1
7_sub0	0	1	0	1	0	0	0	1
7_sub1	0	1	0	1	0	0	0	1
7_sub2	1	8	3	5	3	5	0	0
7024_sub0	1	6	4	2	4	2	0	0
7024_sub1	0	1	0	1	0	0	0	1
7035_sub0	1	6	3	3	3	3	0	0
7035_sub1	0	1	1	0	0	0	1	0
7041_sub0	0	1	1	0	0	0	1	0
7041_sub1	0	1	0	1	0	0	0	1
7041_sub2	0	1	0	1	0	0	0	1
7041_sub3	0	1	0	1	0	0	0	1
7041_sub4	0	1	1	0	0	0	1	0
7041_sub5	0	1	1	0	0	0	1	0
706_sub0	0	1	1	0	0	0	1	0
706_sub1	1	7	4	3	4	3	0	0
7086_sub0	0	1	1	0	0	0	1	0
7086_sub1	1	8	7	1	7	1	0	0
7086_sub2	0	1	1	0	0	0	1	0
7088_sub0	0	1	1	0	0	0	1	0
7088_sub1	0	1	1	0	0	0	1	0
7088_sub2	0	1	0	1	0	0	0	1
7088_sub3	0	1	0	1	0	0	0	1
7088_sub4	0	1	1	0	0	0	1	0
7088_sub5	0	1	0	1	0	0	0	1
7096_sub0	1	9	5	4	5	4	0	0
7096_sub1	0	1	0	1	0	0	0	1
7097_sub0	1	6	1	5	1	5	0	0
7097_sub1	0	1	1	0	0	0	1	0
7097_sub2	0	1	0	1	0	0	0	1
71_sub0	0	1	0	1	0	0	0	1
71_sub1	0	1	0	1	0	0	0	1
71_sub2	0	1	1	0	0	0	1	0
71_sub3	1	7	3	4	3	4	0	0
71_sub4	0	1	1	0	0	0	1	0
71_sub5	0	1	0	1	0	0	0	1
7105_sub0	1	6	4	2	4	2	0	0
7112_sub0	1	8	4	4	4	4	0	0
7112_sub1	0	1	0	1	0	0	0	1
7112_sub2	0	1	1	0	0	0	1	0
7123_sub0	1	9	4	5	4	5	0	0
7123_sub1	0	1	1	0	0	0	1	0
7123_sub2	0	1	1	0	0	0	1	0
7124_sub0	0	1	1	0	0	0	1	0
7124_sub1	0	5	4	1	0	0	4	1
7130_sub0	1	9	5	4	5	4	0	0
7130_sub1	0	1	1	0	0	0	1	0
7130_sub2	0	1	0	1	0	0	0	1
7147_sub0	0	4	2	2	0	0	2	2
7147_sub1	0	1	1	0	0	0	1	0
7147_sub2	0	1	0	1	0	0	0	1
7153_sub0	1	13	8	5	8	5	0	0
7153_sub1	0	1	1	0	0	0	1	0
716_sub0	0	5	1	4	0	0	1	4
716_sub1	0	1	0	1	0	0	0	1
716_sub2	0	1	0	1	0	0	0	1
717_sub0	1	9	5	4	5	4	0	0
717_sub1	0	1	0	1	0	0	0	1
717_sub2	0	1	1	0	0	0	1	0
7190_sub0	0	1	0	1	0	0	0	1
7190_sub1	0	1	0	1	0	0	0	1
7190_sub2	0	1	0	1	0	0	0	1
7190_sub3	0	1	0	1	0	0	0	1
7190_sub4	0	1	0	1	0	0	0	1
7190_sub5	0	1	1	0	0	0	1	0
7193_sub0	0	5	2	3	0	0	2	3
7193_sub1	0	1	0	1	0	0	0	1
7196_sub0	0	4	2	2	0	0	2	2
7196_sub1	0	2	0	2	0	0	0	2
7214_sub0	0	1	1	0	0	0	1	0
7214_sub1	0	1	1	0	0	0	1	0
7214_sub2	0	1	1	0	0	0	1	0
7214_sub3	0	1	1	0	0	0	1	0
7214_sub4	0	1	1	0	0	0	1	0
7214_sub5	0	1	0	1	0	0	0	1
723_sub0	1	8	3	5	3	5	0	0
7231_sub0	1	6	4	2	4	2	0	0
7231_sub1	0	1	0	1	0	0	0	1
7231_sub2	0	1	0	1	0	0	0	1
724_sub0	1	7	2	5	2	5	0	0
7243_sub0	0	1	0	1	0	0	0	1
7243_sub1	0	4	2	2	0	0	2	2
7243_sub2	0	1	0	1	0	0	0	1
7248_sub0	1	10	2	8	2	8	0	0
7248_sub1	0	1	1	0	0	0	1	0
7248_sub2	0	1	0	1	0	0	0	1
7248_sub3	0	1	1	0	0	0	1	0
7269_sub0	0	1	0	1	0	0	0	1
7269_sub1	1	7	3	4	3	4	0	0
7286_sub0	0	1	0	1	0	0	0	1
7286_sub1	0	1	1	0	0	0	1	0
7286_sub2	0	3	0	3	0	0	0	3
7286_sub3	0	1	0	1	0	0	0	1
729_sub0	1	7	2	5	2	5	0	0
729_sub1	0	1	1	0	0	0	1	0
729_sub2	0	1	1	0	0	0	1	0
7300_sub0	0	4	1	3	0	0	1	3
7300_sub1	0	1	0	1	0	0	0	1
7300_sub2	0	1	1	0	0	0	1	0
731_sub0	0	1	0	1	0	0	0	1
731_sub1	0	3	1	2	0	0	1	2
731_sub2	0	1	1	0	0	0	1	0
731_sub3	0	1	0	1	0	0	0	1
732_sub0	0	1	0	1	0	0	0	1
732_sub1	0	2	1	1	0	0	1	1
732_sub2	0	1	1	0	0	0	1	0
732_sub3	0	1	0	1	0	0	0	1
732_sub4	0	1	0	1	0	0	0	1
7320_sub0	1	10	5	5	5	5	0	0
7320_sub1	0	1	0	1	0	0	0	1
7324_sub0	0	5	3	2	0	0	3	2
7324_sub1	0	1	0	1	0	0	0	1
7324_sub2	0	1	1	0	0	0	1	0
7324_sub3	0	1	0	1	0	0	0	1
7324_sub4	0	1	1	0	0	0	1	0
7324_sub5	0	1	0	1	0	0	0	1
7326_sub0	0	1	1	0	0	0	1	0
7326_sub1	0	1	0	1	0	0	0	1
7326_sub2	0	1	1	0	0	0	1	0
7326_sub3	0	1	0	1	0	0	0	1
7326_sub4	0	1	1	0	0	0	1	0
7326_sub5	0	1	0	1	0	0	0	1
733_sub0	1	9	6	3	6	3	0	0
733_sub1	0	1	1	0	0	0	1	0
733_sub2	0	1	0	1	0	0	0	1
733_sub3	0	1	0	1	0	0	0	1
733_sub4	0	1	1	0	0	0	1	0
733_sub5	0	1	0	1	0	0	0	1
7338_sub0	0	1	1	0	0	0	1	0
7338_sub1	0	5	2	3	0	0	2	3
7338_sub2	0	1	1	0	0	0	1	0
7338_sub3	0	1	0	1	0	0	0	1
7346_sub0	0	1	0	1	0	0	0	1
7346_sub1	0	3	2	1	0	0	2	1
7346_sub2	0	1	1	0	0	0	1	0
7346_sub3	0	1	0	1	0	0	0	1
7346_sub4	0	1	0	1	0	0	0	1
735_sub0	1	6	3	3	3	3	0	0
735_sub1	0	1	1	0	0	0	1	0
7368_sub0	1	8	1	7	1	7	0	0
7369_sub0	0	5	2	3	0	0	2	3
7369_sub1	0	1	1	0	0	0	1	0
7369_sub2	0	1	1	0	0	0	1	0
737_sub0	1	8	5	3	5	3	0	0
737_sub1	0	1	1	0	0	0	1	0
737_sub2	0	1	0	1	0	0	0	1
737_sub3	0	1	0	1	0	0	0	1
737_sub4	0	1	1	0	0	0	1	0
7371_sub0	1	7	2	5	2	5	0	0
7372_sub0	1	8	3	5	3	5	0	0
7375_sub0	0	5	3	2	0	0	3	2
7375_sub1	0	1	0	1	0	0	0	1
7375_sub2	0	1	1	0	0	0	1	0
7387_sub0	1	9	5	4	5	4	0	0
7387_sub1	0	1	1	0	0	0	1	0
739_sub0	0	1	1	0	0	0	1	0
739_sub1	1	9	2	7	2	7	0	0
739_sub2	0	1	1	0	0	0	1	0
739_sub3	0	1	1	0	0	0	1	0
74_sub0	0	1	0	1	0	0	0	1
74_sub1	0	4	2	2	0	0	2	2
74_sub2	0	1	1	0	0	0	1	0
7403_sub0	1	9	5	4	5	4	0	0
7403_sub1	0	1	1	0	0	0	1	0
7403_sub2	0	1	0	1	0	0	0	1
7403_sub3	0	1	0	1	0	0	0	1
7403_sub4	0	1	0	1	0	0	0	1
7421_sub0	0	5	3	2	0	0	3	2
7421_sub1	0	1	0	1	0	0	0	1
7431_sub0	1	7	2	5	2	5	0	0
7431_sub1	0	1	1	0	0	0	1	0
744_sub0	0	1	0	1	0	0	0	1
744_sub1	1	9	4	5	4	5	0	0
744_sub2	0	1	0	1	0	0	0	1
744_sub3	0	1	0	1	0	0	0	1
7450_sub0	0	1	1	0	0	0	1	0
7450_sub1	0	1	1	0	0	0	1	0
7450_sub2	0	1	1	0	0	0	1	0
7450_sub3	0	1	0	1	0	0	0	1
7450_sub4	0	1	1	0	0	0	1	0
7450_sub5	0	1	1	0	0	0	1	0
7450_sub6	0	1	1	0	0	0	1	0
7457_sub0	0	1	0	1	0	0	0	1
7457_sub1	1	6	4	2	4	2	0	0
7457_sub2	0	1	0	1	0	0	0	1
7477_sub0	0	1	1	0	0	0	1	0
7477_sub1	1	7	3	4	3	4	0	0
748_sub0	1	10	3	7	3	7	0	0
748_sub1	0	1	1	0	0	0	1	0
748_sub2	0	1	0	1	0	0	0	1
7487_sub0	0	1	0	1	0	0	0	1
7487_sub1	1	8	4	4	4	4	0	0
7487_sub2	0	1	0	1	0	0	0	1
751_sub0	1	6	2	4	2	4	0	0
752_sub0	1	6	2	4	2	4	0	0
752_sub1	0	1	1	0	0	0	1	0
7522_sub0	0	5	2	3	0	0	2	3
7522_sub1	0	1	0	1	0	0	0	1
7522_sub2	0	1	1	0	0	0	1	0
7522_sub3	0	1	0	1	0	0	0	1
7522_sub4	0	1	0	1	0	0	0	1
756_sub0	1	6	5	1	5	1	0	0
756_sub1	0	1	0	1	0	0	0	1
756_sub2	0	1	1	0	0	0	1	0
757_sub0	1	10	3	7	3	7	0	0
757_sub1	0	1	0	1	0	0	0	1
757_sub2	0	2	1	1	0	0	1	1
7578_sub0	0	4	1	3	0	0	1	3
7578_sub1	0	1	0	1	0	0	0	1
7578_sub2	0	1	0	1	0	0	0	1
7588_sub0	0	5	4	1	0	0	4	1
7588_sub1	0	1	0	1	0	0	0	1
76_sub0	0	1	0	1	0	0	0	1
76_sub1	1	15	8	7	8	7	0	0
76_sub2	0	1	1	0	0	0	1	0
76_sub3	0	1	0	1	0	0	0	1
76_sub4	0	1	0	1	0	0	0	1
760_sub0	1	10	4	6	4	6	0	0
760_sub1	0	1	0	1	0	0	0	1
760_sub2	0	1	1	0	0	0	1	0
760_sub3	0	1	1	0	0	0	1	0
760_sub4	0	1	0	1	0	0	0	1
762_sub0	0	1	1	0	0	0	1	0
762_sub1	1	8	5	3	5	3	0	0
7620_sub0	0	4	2	2	0	0	2	2
7620_sub1	0	1	1	0	0	0	1	0
7620_sub2	0	1	0	1	0	0	0	1
7620_sub3	0	1	1	0	0	0	1	0
7647_sub0	1	7	3	4	3	4	0	0
7647_sub1	0	1	1	0	0	0	1	0
7647_sub2	0	1	0	1	0	0	0	1
765_sub0	0	1	1	0	0	0	1	0
765_sub1	0	1	0	1	0	0	0	1
765_sub2	0	3	3	0	0	0	3	0
765_sub3	0	1	1	0	0	0	1	0
765_sub4	0	1	0	1	0	0	0	1
765_sub5	0	1	0	1	0	0	0	1
7675_sub0	1	10	5	5	5	5	0	0
7675_sub1	0	1	1	0	0	0	1	0
7675_sub2	0	1	0	1	0	0	0	1
7679_sub0	1	7	5	2	5	2	0	0
7679_sub1	0	1	0	1	0	0	0	1
7682_sub0	0	1	0	1	0	0	0	1
7682_sub1	0	1	1	0	0	0	1	0
7682_sub2	0	1	1	0	0	0	1	0
7682_sub3	0	1	0	1	0	0	0	1
7682_sub4	0	1	1	0	0	0	1	0
7682_sub5	0	1	1	0	0	0	1	0
7682_sub6	0	1	0	1	0	0	0	1
7688_sub0	0	1	0	1	0	0	0	1
7688_sub1	0	3	2	1	0	0	2	1
7688_sub2	0	1	1	0	0	0	1	0
7688_sub3	0	1	0	1	0	0	0	1
77_sub0	0	1	0	1	0	0	0	1
77_sub1	0	1	1	0	0	0	1	0
77_sub2	0	1	1	0	0	0	1	0
77_sub3	0	1	1	0	0	0	1	0
77_sub4	0	1	0	1	0	0	0	1
77_sub5	0	1	1	0	0	0	1	0
77_sub6	0	1	0	1	0	0	0	1
77_sub7	0	1	1	0	0	0	1	0
770_sub0	1	6	1	5	1	5	0	0
770_sub1	0	1	1	0	0	0	1	0
770_sub2	0	1	0	1	0	0	0	1
7703_sub0	0	1	0	1	0	0	0	1
7703_sub1	0	1	0	1	0	0	0	1
7703_sub2	0	1	0	1	0	0	0	1
7703_sub3	0	1	0	1	0	0	0	1
7703_sub4	0	1	1	0	0	0	1	0
7703_sub5	0	1	1	0	0	0	1	0
7703_sub6	0	1	0	1	0	0	0	1
7708_sub0	1	9	2	7	2	7	0	0
7716_sub0	0	1	1	0	0	0	1	0
7716_sub1	0	1	0	1	0	0	0	1
7716_sub2	0	5	1	4	0	0	1	4
7733_sub0	0	5	4	1	0	0	4	1
7733_sub1	0	1	0	1	0	0	0	1
7744_sub0	0	1	1	0	0	0	1	0
7744_sub1	0	1	1	0	0	0	1	0
7744_sub2	0	1	1	0	0	0	1	0
7744_sub3	0	1	0	1	0	0	0	1
7744_sub4	0	1	0	1	0	0	0	1
7744_sub5	0	1	0	1	0	0	0	1
7769_sub0	0	4	1	3	0	0	1	3
7769_sub1	0	1	0	1	0	0	0	1
7769_sub2	0	1	0	1	0	0	0	1
7769_sub3	0	1	1	0	0	0	1	0
7771_sub0	0	1	0	1	0	0	0	1
7771_sub1	0	5	1	4	0	0	1	4
7773_sub0	0	1	0	1	0	0	0	1
7773_sub1	0	1	0	1	0	0	0	1
7773_sub2	0	1	0	1	0	0	0	1
7773_sub3	0	1	0	1	0	0	0	1
7773_sub4	0	1	0	1	0	0	0	1
7773_sub5	0	1	0	1	0	0	0	1
7773_sub6	0	1	1	0	0	0	1	0
7795_sub0	1	8	4	4	4	4	0	0
78_sub0	0	1	0	1	0	0	0	1
78_sub1	1	8	4	4	4	4	0	0
78_sub2	0	1	1	0	0	0	1	0
78_sub3	0	1	0	1	0	0	0	1
7804_sub0	0	4	2	2	0	0	2	2
7804_sub1	0	1	0	1	0	0	0	1
7804_sub2	0	1	0	1	0	0	0	1
781_sub0	1	6	2	4	2	4	0	0
7810_sub0	0	1	0	1	0	0	0	1
7810_sub1	1	6	1	5	1	5	0	0
7826_sub0	1	6	3	3	3	3	0	0
7826_sub1	0	1	1	0	0	0	1	0
7828_sub0	0	1	0	1	0	0	0	1
7828_sub1	0	1	1	0	0	0	1	0
7828_sub2	1	9	8	1	8	1	0	0
7828_sub3	0	1	0	1	0	0	0	1
783_sub0	1	7	3	4	3	4	0	0
7853_sub0	0	1	1	0	0	0	1	0
7853_sub1	1	7	3	4	3	4	0	0
7853_sub2	0	1	0	1	0	0	0	1
7853_sub3	0	1	0	1	0	0	0	1
7853_sub4	0	1	0	1	0	0	0	1
786_sub0	0	1	0	1	0	0	0	1
786_sub1	0	1	0	1	0	0	0	1
786_sub2	0	4	3	1	0	0	3	1
7874_sub0	0	1	1	0	0	0	1	0
7874_sub1	0	1	0	1	0	0	0	1
7874_sub2	0	1	1	0	0	0	1	0
7874_sub3	0	1	1	0	0	0	1	0
7874_sub4	0	1	1	0	0	0	1	0
7874_sub5	0	1	1	0	0	0	1	0
7877_sub0	0	3	2	1	0	0	2	1
7877_sub1	0	1	1	0	0	0	1	0
7877_sub2	0	1	1	0	0	0	1	0
7877_sub3	0	1	1	0	0	0	1	0
7914_sub0	0	5	2	3	0	0	2	3
7914_sub1	0	1	0	1	0	0	0	1
7914_sub2	0	1	0	1	0	0	0	1
7915_sub0	0	5	2	3	0	0	2	3
7915_sub1	0	1	0	1	0	0	0	1
7915_sub2	0	1	1	0	0	0	1	0
7915_sub3	0	1	1	0	0	0	1	0
7915_sub4	0	1	0	1	0	0	0	1
7925_sub0	1	6	2	4	2	4	0	0
7927_sub0	0	1	1	0	0	0	1	0
7927_sub1	1	7	3	4	3	4	0	0
7927_sub2	0	1	1	0	0	0	1	0
7927_sub3	0	1	1	0	0	0	1	0
7935_sub0	1	6	2	4	2	4	0	0
7946_sub0	0	1	0	1	0	0	0	1
7946_sub1	0	1	0	1	0	0	0	1
7946_sub2	0	1	0	1	0	0	0	1
7946_sub3	0	1	0	1	0	0	0	1
7946_sub4	0	1	1	0	0	0	1	0
7946_sub5	0	1	1	0	0	0	1	0
7950_sub0	1	6	3	3	3	3	0	0
7950_sub1	0	1	1	0	0	0	1	0
7972_sub0	0	1	1	0	0	0	1	0
7972_sub1	0	3	1	2	0	0	1	2
7972_sub2	0	1	0	1	0	0	0	1
7972_sub3	0	1	0	1	0	0	0	1
801_sub0	1	9	5	4	5	4	0	0
801_sub1	0	1	0	1	0	0	0	1
801_sub2	0	1	1	0	0	0	1	0
801_sub3	0	1	1	0	0	0	1	0
801_sub4	0	1	1	0	0	0	1	0
8031_sub0	1	7	4	3	4	3	0	0
8031_sub1	0	1	1	0	0	0	1	0
8031_sub2	0	1	1	0	0	0	1	0
8031_sub3	0	1	1	0	0	0	1	0
8031_sub4	0	1	0	1	0	0	0	1
804_sub0	0	1	0	1	0	0	0	1
804_sub1	1	16	5	11	5	11	0	0
804_sub2	0	1	1	0	0	0	1	0
804_sub3	0	1	1	0	0	0	1	0
804_sub4	0	1	0	1	0	0	0	1
804_sub5	0	1	1	0	0	0	1	0
8045_sub0	0	1	1	0	0	0	1	0
8045_sub1	0	1	1	0	0	0	1	0
8045_sub2	1	7	4	3	4	3	0	0
8045_sub3	0	1	1	0	0	0	1	0
805_sub0	1	6	4	2	4	2	0	0
8051_sub0	0	3	3	0	0	0	3	0
8051_sub1	0	1	1	0	0	0	1	0
8051_sub2	0	1	1	0	0	0	1	0
8051_sub3	0	1	0	1	0	0	0	1
8054_sub0	1	7	3	4	3	4	0	0
8054_sub1	0	1	0	1	0	0	0	1
8054_sub2	0	1	0	1	0	0	0	1
8058_sub0	1	7	4	3	4	3	0	0
8058_sub1	0	1	1	0	0	0	1	0
8058_sub2	0	1	0	1	0	0	0	1
8061_sub0	0	2	1	1	0	0	1	1
8061_sub1	0	3	1	2	0	0	1	2
8061_sub2	0	1	1	0	0	0	1	0
8061_sub3	0	1	1	0	0	0	1	0
8075_sub0	1	6	3	3	3	3	0	0
8075_sub1	0	1	0	1	0	0	0	1
809_sub0	0	1	0	1	0	0	0	1
809_sub1	1	11	4	7	4	7	0	0
809_sub2	0	1	0	1	0	0	0	1
809_sub3	0	1	0	1	0	0	0	1
809_sub4	0	1	0	1	0	0	0	1
809_sub5	0	1	1	0	0	0	1	0
809_sub6	0	1	1	0	0	0	1	0
809_sub7	0	1	0	1	0	0	0	1
810_sub0	0	4	2	2	0	0	2	2
810_sub1	0	1	1	0	0	0	1	0
810_sub2	0	1	0	1	0	0	0	1
810_sub3	0	1	0	1	0	0	0	1
8104_sub0	1	7	3	4	3	4	0	0
8104_sub1	0	1	0	1	0	0	0	1
8104_sub2	0	1	1	0	0	0	1	0
812_sub0	1	8	3	5	3	5	0	0
812_sub1	0	1	1	0	0	0	1	0
812_sub2	0	1	0	1	0	0	0	1
812_sub3	0	1	0	1	0	0	0	1
8154_sub0	1	6	2	4	2	4	0	0
8154_sub1	0	1	1	0	0	0	1	0
817_sub0	1	7	4	3	4	3	0	0
817_sub1	0	1	1	0	0	0	1	0
817_sub2	0	1	1	0	0	0	1	0
8175_sub0	1	6	2	4	2	4	0	0
8175_sub1	0	1	0	1	0	0	0	1
8208_sub0	0	5	3	2	0	0	3	2
8208_sub1	0	1	0	1	0	0	0	1
8208_sub2	0	1	0	1	0	0	0	1
821_sub0	1	7	4	3	4	3	0	0
821_sub1	0	1	1	0	0	0	1	0
821_sub2	0	1	0	1	0	0	0	1
823_sub0	1	6	4	2	4	2	0	0
823_sub1	0	1	1	0	0	0	1	0
823_sub2	0	1	1	0	0	0	1	0
823_sub3	0	1	1	0	0	0	1	0
8230_sub0	0	1	0	1	0	0	0	1
8230_sub1	1	8	6	2	6	2	0	0
8230_sub2	0	1	1	0	0	0	1	0
8232_sub0	0	1	1	0	0	0	1	0
8232_sub1	0	1	1	0	0	0	1	0
8232_sub2	0	1	1	0	0	0	1	0
8232_sub3	0	1	1	0	0	0	1	0
8232_sub4	0	1	0	1	0	0	0	1
8232_sub5	0	1	0	1	0	0	0	1
8267_sub0	0	4	2	2	0	0	2	2
8267_sub1	0	1	1	0	0	0	1	0
8267_sub2	0	1	1	0	0	0	1	0
8273_sub0	0	1	0	1	0	0	0	1
8273_sub1	0	1	1	0	0	0	1	0
8273_sub2	0	1	0	1	0	0	0	1
8273_sub3	0	1	0	1	0	0	0	1
8273_sub4	0	1	1	0	0	0	1	0
8273_sub5	0	1	1	0	0	0	1	0
8276_sub0	0	1	1	0	0	0	1	0
8276_sub1	0	1	1	0	0	0	1	0
8276_sub2	0	1	0	1	0	0	0	1
8276_sub3	0	1	1	0	0	0	1	0
8276_sub4	0	1	1	0	0	0	1	0
8276_sub5	0	1	0	1	0	0	0	1
8276_sub6	0	1	1	0	0	0	1	0
8276_sub7	0	1	0	1	0	0	0	1
830_sub0	1	8	5	3	5	3	0	0
830_sub1	0	1	1	0	0	0	1	0
830_sub2	0	1	0	1	0	0	0	1
831_sub0	0	1	1	0	0	0	1	0
831_sub1	0	1	0	1	0	0	0	1
831_sub2	0	4	0	4	0	0	0	4
831_sub3	0	1	0	1	0	0	0	1
831_sub4	0	1	0	1	0	0	0	1
831_sub5	0	1	0	1	0	0	0	1
831_sub6	0	1	1	0	0	0	1	0
831_sub7	0	1	0	1	0	0	0	1
8315_sub0	1	9	6	3	6	3	0	0
8315_sub1	0	1	1	0	0	0	1	0
8315_sub2	0	1	1	0	0	0	1	0
8315_sub3	0	1	0	1	0	0	0	1
833_sub0	0	4	3	1	0	0	3	1
833_sub1	0	1	1	0	0	0	1	0
833_sub2	0	1	1	0	0	0	1	0
8343_sub0	0	1	0	1	0	0	0	1
8343_sub1	0	1	1	0	0	0	1	0
8343_sub2	1	8	1	7	1	7	0	0
8343_sub3	0	1	1	0	0	0	1	0
8348_sub0	0	5	4	1	0	0	4	1
8348_sub1	0	1	1	0	0	0	1	0
8366_sub0	1	8	3	5	3	5	0	0
8366_sub1	0	1	1	0	0	0	1	0
8366_sub2	0	1	0	1	0	0	0	1
8366_sub3	0	1	0	1	0	0	0	1
8375_sub0	0	1	0	1	0	0	0	1
8375_sub1	1	11	6	5	6	5	0	0
8375_sub2	0	1	0	1	0	0	0	1
8375_sub3	0	1	1	0	0	0	1	0
8394_sub0	1	6	4	2	4	2	0	0
8403_sub0	0	1	0	1	0	0	0	1
8403_sub1	1	7	2	5	2	5	0	0
8403_sub2	0	1	1	0	0	0	1	0
8421_sub0	1	6	2	4	2	4	0	0
8421_sub1	0	1	0	1	0	0	0	1
8422_sub0	1	6	4	2	4	2	0	0
8422_sub1	0	1	0	1	0	0	0	1
8433_sub0	0	1	1	0	0	0	1	0
8433_sub1	1	6	3	3	3	3	0	0
8447_sub0	1	6	4	2	4	2	0	0
8447_sub1	0	1	1	0	0	0	1	0
8451_sub0	0	1	1	0	0	0	1	0
8451_sub1	0	5	3	2	0	0	3	2
8467_sub0	1	9	5	4	5	4	0	0
8467_sub1	0	1	1	0	0	0	1	0
8467_sub2	0	1	0	1	0	0	0	1
8469_sub0	1	6	2	4	2	4	0	0
8469_sub1	0	1	1	0	0	0	1	0
8469_sub2	0	1	0	1	0	0	0	1
8469_sub3	0	1	1	0	0	0	1	0
8469_sub4	0	1	0	1	0	0	0	1
847_sub0	1	10	6	4	6	4	0	0
847_sub1	0	1	0	1	0	0	0	1
847_sub2	0	1	0	1	0	0	0	1
847_sub3	0	1	1	0	0	0	1	0
847_sub4	0	1	0	1	0	0	0	1
8485_sub0	0	3	2	1	0	0	2	1
8485_sub1	0	1	0	1	0	0	0	1
8485_sub2	0	1	0	1	0	0	0	1
8485_sub3	0	1	0	1	0	0	0	1
8485_sub4	0	1	1	0	0	0	1	0
849_sub0	1	6	1	5	1	5	0	0
849_sub1	0	1	0	1	0	0	0	1
849_sub2	0	1	1	0	0	0	1	0
849_sub3	0	1	1	0	0	0	1	0
854_sub0	0	1	0	1	0	0	0	1
854_sub1	1	8	3	5	3	5	0	0
8549_sub0	1	7	1	6	1	6	0	0
8549_sub1	0	1	1	0	0	0	1	0
8549_sub2	0	1	0	1	0	0	0	1
8549_sub3	0	1	0	1	0	0	0	1
855_sub0	1	7	3	4	3	4	0	0
855_sub1	0	1	0	1	0	0	0	1
855_sub2	0	1	0	1	0	0	0	1
855_sub3	0	1	0	1	0	0	0	1
8567_sub0	0	1	0	1	0	0	0	1
8567_sub1	1	6	2	4	2	4	0	0
857_sub0	0	3	1	2	0	0	1	2
857_sub1	0	1	1	0	0	0	1	0
857_sub2	0	1	1	0	0	0	1	0
857_sub3	0	1	1	0	0	0	1	0
857_sub4	0	1	1	0	0	0	1	0
8579_sub0	0	1	1	0	0	0	1	0
8579_sub1	0	1	1	0	0	0	1	0
8579_sub2	0	5	1	4	0	0	1	4
8584_sub0	0	1	0	1	0	0	0	1
8584_sub1	0	1	1	0	0	0	1	0
8584_sub2	0	1	1	0	0	0	1	0
8584_sub3	0	1	1	0	0	0	1	0
8584_sub4	0	1	0	1	0	0	0	1
8584_sub5	0	1	1	0	0	0	1	0
8589_sub0	0	1	1	0	0	0	1	0
8589_sub1	0	1	1	0	0	0	1	0
8589_sub2	0	1	1	0	0	0	1	0
8589_sub3	0	1	0	1	0	0	0	1
8589_sub4	0	1	1	0	0	0	1	0
8589_sub5	0	1	0	1	0	0	0	1
861_sub0	0	1	0	1	0	0	0	1
861_sub1	1	6	4	2	4	2	0	0
861_sub2	0	1	0	1	0	0	0	1
861_sub3	0	1	1	0	0	0	1	0
861_sub4	0	1	0	1	0	0	0	1
862_sub0	0	4	1	3	0	0	1	3
862_sub1	0	1	1	0	0	0	1	0
862_sub2	0	1	0	1	0	0	0	1
862_sub3	0	1	1	0	0	0	1	0
8633_sub0	0	1	0	1	0	0	0	1
8633_sub1	0	1	0	1	0	0	0	1
8633_sub2	0	1	0	1	0	0	0	1
8633_sub3	0	1	1	0	0	0	1	0
8633_sub4	0	1	1	0	0	0	1	0
8633_sub5	0	1	1	0	0	0	1	0
8633_sub6	0	1	1	0	0	0	1	0
8633_sub7	0	1	0	1	0	0	0	1
864_sub0	0	5	3	2	0	0	3	2
864_sub1	0	1	1	0	0	0	1	0
864_sub2	0	1	0	1	0	0	0	1
865_sub0	0	1	1	0	0	0	1	0
865_sub1	0	1	1	0	0	0	1	0
865_sub2	0	1	0	1	0	0	0	1
865_sub3	0	1	1	0	0	0	1	0
865_sub4	0	3	1	2	0	0	1	2
866_sub0	1	7	4	3	4	3	0	0
866_sub1	0	1	1	0	0	0	1	0
8660_sub0	0	5	3	2	0	0	3	2
8660_sub1	0	1	0	1	0	0	0	1
8666_sub0	1	7	4	3	4	3	0	0
8666_sub1	0	1	0	1	0	0	0	1
8666_sub2	0	1	1	0	0	0	1	0
8690_sub0	1	6	3	3	3	3	0	0
8690_sub1	0	1	0	1	0	0	0	1
8690_sub2	0	1	0	1	0	0	0	1
8690_sub3	0	1	0	1	0	0	0	1
8691_sub0	0	1	1	0	0	0	1	0
8691_sub1	0	4	3	1	0	0	3	1
8691_sub2	0	1	1	0	0	0	1	0
8691_sub3	0	1	0	1	0	0	0	1
8708_sub0	0	1	1	0	0	0	1	0
8708_sub1	0	1	1	0	0	0	1	0
8708_sub2	0	1	1	0	0	0	1	0
8708_sub3	0	1	1	0	0	0	1	0
8708_sub4	0	1	1	0	0	0	1	0
8708_sub5	0	1	0	1	0	0	0	1
8732_sub0	0	1	0	1	0	0	0	1
8732_sub1	0	1	1	0	0	0	1	0
8732_sub2	0	1	1	0	0	0	1	0
8732_sub3	0	1	1	0	0	0	1	0
8732_sub4	0	1	1	0	0	0	1	0
8732_sub5	0	1	0	1	0	0	0	1
8748_sub0	0	1	0	1	0	0	0	1
8748_sub1	0	5	5	0	0	0	5	0
8748_sub2	0	1	1	0	0	0	1	0
875_sub0	0	1	1	0	0	0	1	0
875_sub1	0	4	2	2	0	0	2	2
875_sub2	0	1	1	0	0	0	1	0
875_sub3	0	1	0	1	0	0	0	1
877_sub0	0	5	2	3	0	0	2	3
877_sub1	0	1	0	1	0	0	0	1
877_sub2	0	1	1	0	0	0	1	0
8794_sub0	0	5	3	2	0	0	3	2
8794_sub1	0	1	0	1	0	0	0	1
8794_sub2	0	1	0	1	0	0	0	1
8794_sub3	0	1	0	1	0	0	0	1
8813_sub0	0	1	0	1	0	0	0	1
8813_sub1	0	1	1	0	0	0	1	0
8813_sub2	1	6	3	3	3	3	0	0
8813_sub3	0	1	0	1	0	0	0	1
882_sub0	1	7	2	5	2	5	0	0
882_sub1	0	1	1	0	0	0	1	0
882_sub2	0	1	1	0	0	0	1	0
882_sub3	0	1	0	1	0	0	0	1
8827_sub0	0	4	0	4	0	0	0	4
8827_sub1	0	1	1	0	0	0	1	0
8827_sub2	0	1	0	1	0	0	0	1
8827_sub3	0	1	0	1	0	0	0	1
883_sub0	0	1	0	1	0	0	0	1
883_sub1	0	1	0	1	0	0	0	1
883_sub2	1	14	9	5	9	5	0	0
8832_sub0	1	8	4	4	4	4	0	0
8832_sub1	0	1	0	1	0	0	0	1
8899_sub0	1	13	6	7	6	7	0	0
891_sub0	1	7	2	5	2	5	0	0
891_sub1	0	1	0	1	0	0	0	1
891_sub2	0	1	0	1	0	0	0	1
8926_sub0	0	1	1	0	0	0	1	0
8926_sub1	1	7	1	6	1	6	0	0
8928_sub0	0	4	2	2	0	0	2	2
8928_sub1	0	1	0	1	0	0	0	1
8928_sub2	0	1	1	0	0	0	1	0
8928_sub3	0	1	0	1	0	0	0	1
8931_sub0	1	7	1	6	1	6	0	0
8937_sub0	0	1	0	1	0	0	0	1
8937_sub1	0	1	0	1	0	0	0	1
8937_sub2	0	1	1	0	0	0	1	0
8937_sub3	0	2	0	2	0	0	0	2
8937_sub4	0	1	1	0	0	0	1	0
8945_sub0	0	5	5	0	0	0	5	0
8945_sub1	0	1	1	0	0	0	1	0
8945_sub2	0	1	1	0	0	0	1	0
8952_sub0	1	7	0	7	0	7	0	0
8952_sub1	0	1	0	1	0	0	0	1
8952_sub2	0	1	0	1	0	0	0	1
8952_sub3	0	1	1	0	0	0	1	0
8952_sub4	0	1	0	1	0	0	0	1
899_sub0	0	1	0	1	0	0	0	1
899_sub1	1	7	4	3	4	3	0	0
899_sub2	0	1	0	1	0	0	0	1
8999_sub0	0	1	0	1	0	0	0	1
8999_sub1	0	5	3	2	0	0	3	2
8999_sub2	0	1	0	1	0	0	0	1
9011_sub0	0	4	2	2	0	0	2	2
9011_sub1	0	1	1	0	0	0	1	0
9011_sub2	0	1	0	1	0	0	0	1
9011_sub3	0	1	0	1	0	0	0	1
9011_sub4	0	1	1	0	0	0	1	0
9011_sub5	0	1	0	1	0	0	0	1
9029_sub0	1	7	3	4	3	4	0	0
9029_sub1	0	1	1	0	0	0	1	0
9029_sub2	0	1	1	0	0	0	1	0
9029_sub3	0	1	1	0	0	0	1	0
9029_sub4	0	1	1	0	0	0	1	0
904_sub0	1	11	5	6	5	6	0	0
904_sub1	0	1	0	1	0	0	0	1
9058_sub0	0	4	3	1	0	0	3	1
9058_sub1	0	1	0	1	0	0	0	1
9058_sub2	0	1	0	1	0	0	0	1
9059_sub0	0	4	4	0	0	0	4	0
9059_sub1	0	1	1	0	0	0	1	0
9059_sub2	0	1	0	1	0	0	0	1
9066_sub0	0	4	1	3	0	0	1	3
9066_sub1	0	1	1	0	0	0	1	0
9066_sub2	0	1	1	0	0	0	1	0
9066_sub3	0	1	1	0	0	0	1	0
908_sub0	1	10	3	7	3	7	0	0
9095_sub0	0	5	3	2	0	0	3	2
9095_sub1	0	1	1	0	0	0	1	0
910_sub0	1	7	5	2	5	2	0	0
910_sub1	0	1	1	0	0	0	1	0
910_sub2	0	1	0	1	0	0	0	1
914_sub0	1	7	5	2	5	2	0	0
914_sub1	0	1	1	0	0	0	1	0
914_sub2	0	1	1	0	0	0	1	0
9142_sub0	1	8	3	5	3	5	0	0
9142_sub1	0	1	0	1	0	0	0	1
9142_sub2	0	1	1	0	0	0	1	0
915_sub0	1	9	2	7	2	7	0	0
915_sub1	0	1	1	0	0	0	1	0
917_sub0	1	7	1	6	1	6	0	0
919_sub0	0	1	0	1	0	0	0	1
919_sub1	0	1	1	0	0	0	1	0
919_sub2	0	1	1	0	0	0	1	0
919_sub3	0	5	2	3	0	0	2	3
922_sub0	1	10	4	6	4	6	0	0
922_sub1	0	1	0	1	0	0	0	1
922_sub2	0	1	0	1	0	0	0	1
9240_sub0	1	6	3	3	3	3	0	0
9240_sub1	0	1	1	0	0	0	1	0
9240_sub2	0	1	1	0	0	0	1	0
9268_sub0	0	1	0	1	0	0	0	1
9268_sub1	0	1	0	1	0	0	0	1
9268_sub2	0	1	1	0	0	0	1	0
9268_sub3	0	1	1	0	0	0	1	0
9268_sub4	0	1	0	1	0	0	0	1
9268_sub5	0	1	0	1	0	0	0	1
9280_sub0	1	8	4	4	4	4	0	0
9280_sub1	0	1	1	0	0	0	1	0
9287_sub0	0	1	1	0	0	0	1	0
9287_sub1	0	2	2	0	0	0	2	0
9287_sub2	0	1	0	1	0	0	0	1
9287_sub3	0	1	1	0	0	0	1	0
9287_sub4	0	1	1	0	0	0	1	0
93_sub0	1	12	2	10	2	10	0	0
93_sub1	0	1	0	1	0	0	0	1
93_sub2	0	1	0	1	0	0	0	1
930_sub0	0	3	0	3	0	0	0	3
930_sub1	0	1	1	0	0	0	1	0
930_sub2	0	1	1	0	0	0	1	0
930_sub3	0	1	1	0	0	0	1	0
930_sub4	0	1	1	0	0	0	1	0
930_sub5	0	1	0	1	0	0	0	1
930_sub6	0	1	1	0	0	0	1	0
931_sub0	1	6	1	5	1	5	0	0
9313_sub0	1	8	2	6	2	6	0	0
9313_sub1	0	1	1	0	0	0	1	0
933_sub0	1	8	3	5	3	5	0	0
933_sub1	0	1	0	1	0	0	0	1
933_sub2	0	1	0	1	0	0	0	1
933_sub3	0	1	0	1	0	0	0	1
9337_sub0	0	1	0	1	0	0	0	1
9337_sub1	0	5	2	3	0	0	2	3
934_sub0	1	7	2	5	2	5	0	0
934_sub1	0	1	0	1	0	0	0	1
934_sub2	0	1	0	1	0	0	0	1
934_sub3	0	1	1	0	0	0	1	0
934_sub4	0	1	1	0	0	0	1	0
934_sub5	0	1	1	0	0	0	1	0
934_sub6	0	1	1	0	0	0	1	0
934_sub7	0	1	0	1	0	0	0	1
934_sub8	0	1	1	0	0	0	1	0
934_sub9	0	1	0	1	0	0	0	1
940_sub0	1	14	9	5	9	5	0	0
941_sub0	1	7	3	4	3	4	0	0
941_sub1	0	1	0	1	0	0	0	1
9422_sub0	1	6	3	3	3	3	0	0
9422_sub1	0	1	0	1	0	0	0	1
9448_sub0	0	1	0	1	0	0	0	1
9448_sub1	0	5	4	1	0	0	4	1
947_sub0	1	11	3	8	3	8	0	0
947_sub1	0	1	1	0	0	0	1	0
947_sub2	0	1	0	1	0	0	0	1
949_sub0	0	1	0	1	0	0	0	1
949_sub1	1	6	2	4	2	4	0	0
9498_sub0	1	13	9	4	9	4	0	0
9498_sub1	0	1	0	1	0	0	0	1
951_sub0	1	12	3	9	3	9	0	0
951_sub1	0	1	1	0	0	0	1	0
951_sub2	0	1	1	0	0	0	1	0
951_sub3	0	1	0	1	0	0	0	1
951_sub4	0	1	0	1	0	0	0	1
955_sub0	1	8	4	4	4	4	0	0
955_sub1	0	1	0	1	0	0	0	1
955_sub2	0	1	0	1	0	0	0	1
955_sub3	0	1	0	1	0	0	0	1
955_sub4	0	1	0	1	0	0	0	1
955_sub5	0	1	0	1	0	0	0	1
955_sub6	0	1	0	1	0	0	0	1
955_sub7	0	1	0	1	0	0	0	1
96_sub0	0	1	1	0	0	0	1	0
96_sub1	0	1	1	0	0	0	1	0
96_sub2	0	5	2	3	0	0	2	3
96_sub3	0	1	0	1	0	0	0	1
9606_sub0	1	6	5	1	5	1	0	0
9606_sub1	0	1	1	0	0	0	1	0
9606_sub2	0	1	0	1	0	0	0	1
9606_sub3	0	1	0	1	0	0	0	1
9609_sub0	0	1	1	0	0	0	1	0
9609_sub1	0	4	1	3	0	0	1	3
9609_sub2	0	1	0	1	0	0	0	1
9609_sub3	0	1	1	0	0	0	1	0
9614_sub0	0	1	0	1	0	0	0	1
9614_sub1	0	4	3	1	0	0	3	1
9614_sub2	0	1	0	1	0	0	0	1
9627_sub0	0	1	0	1	0	0	0	1
9627_sub1	0	1	1	0	0	0	1	0
9627_sub2	0	1	1	0	0	0	1	0
9627_sub3	0	1	1	0	0	0	1	0
9627_sub4	0	1	0	1	0	0	0	1
9627_sub5	0	1	0	1	0	0	0	1
9627_sub6	0	1	1	0	0	0	1	0
9630_sub0	1	7	5	2	5	2	0	0
9630_sub1	0	1	0	1	0	0	0	1
9630_sub2	0	1	1	0	0	0	1	0
9630_sub3	0	1	1	0	0	0	1	0
9648_sub0	1	7	3	4	3	4	0	0
9652_sub0	0	1	0	1	0	0	0	1
9652_sub1	0	5	4	1	0	0	4	1
9672_sub0	0	5	4	1	0	0	4	1
9672_sub1	0	1	1	0	0	0	1	0
9672_sub2	0	1	0	1	0	0	0	1
969_sub0	1	7	4	3	4	3	0	0
969_sub1	0	1	1	0	0	0	1	0
969_sub2	0	1	1	0	0	0	1	0
969_sub3	0	1	1	0	0	0	1	0
969_sub4	0	1	1	0	0	0	1	0
971_sub0	1	9	1	8	1	8	0	0
972_sub0	0	1	1	0	0	0	1	0
972_sub1	0	1	1	0	0	0	1	0
972_sub2	1	12	8	4	8	4	0	0
972_sub3	0	1	1	0	0	0	1	0
972_sub4	0	1	1	0	0	0	1	0
972_sub5	0	1	0	1	0	0	0	1
972_sub6	0	1	0	1	0	0	0	1
9730_sub0	0	5	2	3	0	0	2	3
9730_sub1	0	1	0	1	0	0	0	1
9730_sub2	0	1	0	1	0	0	0	1
9730_sub3	0	1	0	1	0	0	0	1
9730_sub4	0	1	0	1	0	0	0	1
9730_sub5	0	1	0	1	0	0	0	1
974_sub0	0	1	0	1	0	0	0	1
974_sub1	0	5	2	3	0	0	2	3
974_sub2	0	1	1	0	0	0	1	0
974_sub3	0	1	0	1	0	0	0	1
975_sub0	1	9	2	7	2	7	0	0
975_sub1	0	1	1	0	0	0	1	0
975_sub2	0	1	1	0	0	0	1	0
975_sub3	0	1	0	1	0	0	0	1
975_sub4	0	1	0	1	0	0	0	1
975_sub5	0	1	0	1	0	0	0	1
975_sub6	0	1	0	1	0	0	0	1
978_sub0	1	10	7	3	7	3	0	0
978_sub1	0	1	0	1	0	0	0	1
978_sub2	0	1	0	1	0	0	0	1
978_sub3	0	1	0	1	0	0	0	1
978_sub4	0	1	1	0	0	0	1	0
979_sub0	1	9	6	3	6	3	0	0
979_sub1	0	1	0	1	0	0	0	1
98_sub0	0	1	1	0	0	0	1	0
98_sub1	0	4	2	2	0	0	2	2
98_sub2	0	1	1	0	0	0	1	0
98_sub3	0	1	0	1	0	0	0	1
98_sub4	0	1	1	0	0	0	1	0
9804_sub0	0	1	1	0	0	0	1	0
9804_sub1	0	3	0	3	0	0	0	3
9804_sub2	0	1	1	0	0	0	1	0
9804_sub3	0	1	0	1	0	0	0	1
9817_sub0	0	4	4	0	0	0	4	0
9817_sub1	0	1	1	0	0	0	1	0
9817_sub2	0	1	1	0	0	0	1	0
982_sub0	0	5	3	2	0	0	3	2
982_sub1	0	1	1	0	0	0	1	0
982_sub2	0	1	0	1	0	0	0	1
9838_sub0	1	9	7	2	7	2	0	0
9838_sub1	0	1	1	0	0	0	1	0
9858_sub0	1	9	5	4	5	4	0	0
9858_sub1	0	1	1	0	0	0	1	0
9891_sub0	0	4	3	1	0	0	3	1
9891_sub1	0	1	1	0	0	0	1	0
9891_sub2	0	1	1	0	0	0	1	0
9910_sub0	0	1	1	0	0	0	1	0
9910_sub1	0	1	0	1	0	0	0	1
9910_sub2	0	1	0	1	0	0	0	1
9910_sub3	0	1	1	0	0	0	1	0
9910_sub4	0	1	1	0	0	0	1	0
9910_sub5	0	1	1	0	0	0	1	0
9910_sub6	0	1	1	0	0	0	1	0
9918_sub0	0	4	3	1	0	0	3	1
9918_sub1	0	1	0	1	0	0	0	1
9918_sub2	0	1	1	0	0	0	1	0
9919_sub0	1	6	2	4	2	4	0	0
9919_sub1	0	1	1	0	0	0	1	0
9919_sub2	0	1	0	1	0	0	0	1
992_sub0	1	14	5	9	5	9	0	0
992_sub1	0	1	0	1	0	0	0	1
992_sub2	0	1	1	0	0	0	1	0
992_sub3	0	1	1	0	0	0	1	0
992_sub4	0	1	1	0	0	0	1	0
9940_sub0	0	1	1	0	0	0	1	0
9940_sub1	1	13	5	8	5	8	0	0
9940_sub2	0	1	1	0	0	0	1	0
