cluster_id	cluster_written	reads_found	reads_found_fwd	reads_found_rev	reads_written_fwd	reads_written_rev	reads_skipped_fwd	reads_skipped_rev
10_sub0	0	1	1	0	0	0	1	0
10_sub1	0	4	2	2	0	0	2	2
10_sub2	0	1	0	1	0	0	0	1
10_sub3	0	1	0	1	0	0	0	1
100_sub0	0	1	0	1	0	0	0	1
100_sub1	1	6	2	4	2	4	0	0
100_sub2	0	1	1	0	0	0	1	0
100_sub3	0	1	0	1	0	0	0	1
100_sub4	0	1	1	0	0	0	1	0
100_sub5	0	1	1	0	0	0	1	0
1004_sub0	0	4	2	2	0	0	2	2
1004_sub1	0	1	1	0	0	0	1	0
1004_sub2	0	1	0	1	0	0	0	1
1004_sub3	0	1	1	0	0	0	1	0
1004_sub4	0	1	1	0	0	0	1	0
10045_sub0	0	3	0	3	0	0	0	3
10045_sub1	0	1	0	1	0	0	0	1
10045_sub2	0	1	0	1	0	0	0	1
10045_sub3	0	1	1	0	0	0	1	0
10045_sub4	0	1	1	0	0	0	1	0
10064_sub0	1	6	4	2	4	2	0	0
10064_sub1	0	1	0	1	0	0	0	1
10112_sub0	1	8	7	1	7	1	0	0
10112_sub1	0	1	0	1	0	0	0	1
10112_sub2	0	1	1	0	0	0	1	0
10152_sub0	1	6	3	3	3	3	0	0
10152_sub1	0	1	1	0	0	0	1	0
1018_sub0	1	12	2	10	2	10	0	0
1018_sub1	0	1	1	0	0	0	1	0
1018_sub2	0	1	0	1	0	0	0	1
1022_sub0	0	1	0	1	0	0	0	1
1022_sub1	0	4	2	2	0	0	2	2
1022_sub2	0	1	1	0	0	0	1	0
1024_sub0	1	12	7	5	7	5	0	0
1024_sub1	0	1	1	0	0	0	1	0
1029_sub0	0	1	1	0	0	0	1	0
1029_sub1	0	1	1	0	0	0	1	0
1029_sub2	1	7	4	3	4	3	0	0
10298_sub0	0	1	1	0	0	0	1	0
10298_sub1	0	5	0	5	0	0	0	5
10306_sub0	1	7	1	6	1	6	0	0
10306_sub1	0	1	0	1	0	0	0	1
10306_sub2	0	1	0	1	0	0	0	1
10306_sub3	0	1	0	1	0	0	0	1
10306_sub4	0	1	1	0	0	0	1	0
10311_sub0	0	5	3	2	0	0	3	2
10311_sub1	0	1	0	1	0	0	0	1
10317_sub0	0	3	2	1	0	0	2	1
10317_sub1	0	1	0	1	0	0	0	1
10317_sub2	0	1	1	0	0	0	1	0
10317_sub3	0	1	1	0	0	0	1	0
1034_sub0	1	8	5	3	5	3	0	0
1034_sub1	0	1	0	1	0	0	0	1
1036_sub0	0	5	3	2	0	0	3	2
1036_sub1	0	1	1	0	0	0	1	0
1036_sub2	0	1	0	1	0	0	0	1
1036_sub3	0	1	0	1	0	0	0	1
1037_sub0	0	4	2	2	0	0	2	2
1037_sub1	0	1	1	0	0	0	1	0
1037_sub2	0	1	1	0	0	0	1	0
10373_sub0	0	1	0	1	0	0	0	1
10373_sub1	1	6	0	6	0	6	0	0
10373_sub2	0	1	1	0	0	0	1	0
1040_sub0	1	8	5	3	5	3	0	0
1040_sub1	0	1	1	0	0	0	1	0
1040_sub2	0	1	1	0	0	0	1	0
1040_sub3	0	1	0	1	0	0	0	1
1040_sub4	0	1	0	1	0	0	0	1
10421_sub0	0	1	1	0	0	0	1	0
10421_sub1	0	5	1	4	0	0	1	4
10451_sub0	0	5	3	2	0	0	3	2
10451_sub1	0	1	0	1	0	0	0	1
10478_sub0	0	1	0	1	0	0	0	1
10478_sub1	0	1	0	1	0	0	0	1
10478_sub2	0	1	0	1	0	0	0	1
10478_sub3	0	1	1	0	0	0	1	0
10478_sub4	0	1	1	0	0	0	1	0
10478_sub5	0	1	0	1	0	0	0	1
1049_sub0	0	1	0	1	0	0	0	1
1049_sub1	1	6	2	4	2	4	0	0
10502_sub0	1	6	3	3	3	3	0	0
10502_sub1	0	1	1	0	0	0	1	0
10502_sub2	0	1	0	1	0	0	0	1
10502_sub3	0	1	1	0	0	0	1	0
10502_sub4	0	1	1	0	0	0	1	0
10504_sub0	0	1	1	0	0	0	1	0
10504_sub1	1	6	2	4	2	4	0	0
1053_sub0	0	1	0	1	0	0	0	1
1053_sub1	0	5	4	1	0	0	4	1
1053_sub2	0	1	1	0	0	0	1	0
1053_sub3	0	1	0	1	0	0	0	1
1053_sub4	0	1	1	0	0	0	1	0
1053_sub5	0	1	0	1	0	0	0	1
10550_sub0	1	6	3	3	3	3	0	0
10550_sub1	0	1	1	0	0	0	1	0
10550_sub2	0	1	1	0	0	0	1	0
10550_sub3	0	1	1	0	0	0	1	0
10550_sub4	0	1	0	1	0	0	0	1
10550_sub5	0	1	0	1	0	0	0	1
10550_sub6	0	1	0	1	0	0	0	1
10551_sub0	0	1	0	1	0	0	0	1
10551_sub1	1	7	3	4	3	4	0	0
10654_sub0	0	1	1	0	0	0	1	0
10654_sub1	0	1	1	0	0	0	1	0
10654_sub2	0	1	0	1	0	0	0	1
10654_sub3	0	1	0	1	0	0	0	1
10654_sub4	0	1	1	0	0	0	1	0
10654_sub5	0	1	1	0	0	0	1	0
10683_sub0	0	1	0	1	0	0	0	1
10683_sub1	0	4	4	0	0	0	4	0
10683_sub2	0	1	0	1	0	0	0	1
1072_sub0	1	11	7	4	7	4	0	0
1072_sub1	0	1	1	0	0	0	1	0
10724_sub0	1	6	4	2	4	2	0	0
10767_sub0	1	6	2	4	2	4	0	0
1077_sub0	0	1	1	0	0	0	1	0
1077_sub1	1	8	6	2	6	2	0	0
1078_sub0	0	5	2	3	0	0	2	3
1078_sub1	0	1	1	0	0	0	1	0
1078_sub2	0	1	1	0	0	0	1	0
1078_sub3	0	1	1	0	0	0	1	0
1079_sub0	0	1	0	1	0	0	0	1
1079_sub1	0	4	2	2	0	0	2	2
1079_sub2	0	1	0	1	0	0	0	1
108_sub0	0	1	1	0	0	0	1	0
108_sub1	0	5	1	4	0	0	1	4
108_sub2	0	1	1	0	0	0	1	0
1080_sub0	0	1	0	1	0	0	0	1
1080_sub1	1	10	5	5	5	5	0	0
1080_sub2	0	1	1	0	0	0	1	0
1080_sub3	0	1	0	1	0	0	0	1
1080_sub4	0	1	0	1	0	0	0	1
1081_sub0	0	1	0	1	0	0	0	1
1081_sub1	1	8	5	3	5	3	0	0
1081_sub2	0	1	1	0	0	0	1	0
1083_sub0	1	11	7	4	7	4	0	0
10837_sub0	0	3	2	1	0	0	2	1
10837_sub1	0	1	1	0	0	0	1	0
10837_sub2	0	1	1	0	0	0	1	0
10837_sub3	0	1	1	0	0	0	1	0
1087_sub0	1	6	2	4	2	4	0	0
1087_sub1	0	1	0	1	0	0	0	1
1087_sub2	0	1	0	1	0	0	0	1
1089_sub0	0	2	0	2	0	0	0	2
1089_sub1	0	1	1	0	0	0	1	0
1089_sub2	0	1	1	0	0	0	1	0
1089_sub3	0	1	1	0	0	0	1	0
1089_sub4	0	1	1	0	0	0	1	0
1093_sub0	0	1	0	1	0	0	0	1
1093_sub1	1	8	4	4	4	4	0	0
1094_sub0	0	1	0	1	0	0	0	1
1094_sub1	0	1	0	1	0	0	0	1
1094_sub2	0	1	1	0	0	0	1	0
1094_sub3	0	1	1	0	0	0	1	0
1094_sub4	0	1	1	0	0	0	1	0
1094_sub5	0	1	0	1	0	0	0	1
1095_sub0	0	1	0	1	0	0	0	1
1095_sub1	0	1	0	1	0	0	0	1
1095_sub2	0	1	1	0	0	0	1	0
1095_sub3	0	1	1	0	0	0	1	0
1095_sub4	0	1	0	1	0	0	0	1
1095_sub5	0	1	1	0	0	0	1	0
1095_sub6	0	1	0	1	0	0	0	1
10987_sub0	1	6	3	3	3	3	0	0
10987_sub1	0	1	1	0	0	0	1	0
10987_sub2	0	1	0	1	0	0	0	1
110_sub0	0	1	1	0	0	0	1	0
110_sub1	0	5	2	3	0	0	2	3
110_sub2	0	1	0	1	0	0	0	1
1100_sub0	0	5	2	3	0	0	2	3
1100_sub1	0	1	0	1	0	0	0	1
1102_sub0	0	1	0	1	0	0	0	1
1102_sub1	1	6	3	3	3	3	0	0
1102_sub2	0	1	0	1	0	0	0	1
1102_sub3	0	1	0	1	0	0	0	1
11021_sub0	1	7	1	6	1	6	0	0
11021_sub1	0	1	1	0	0	0	1	0
11021_sub2	0	1	0	1	0	0	0	1
11021_sub3	0	1	1	0	0	0	1	0
1105_sub0	0	1	1	0	0	0	1	0
1105_sub1	0	1	1	0	0	0	1	0
1105_sub2	1	8	5	3	5	3	0	0
1107_sub0	1	9	4	5	4	5	0	0
1107_sub1	0	1	1	0	0	0	1	0
1107_sub2	0	1	1	0	0	0	1	0
1107_sub3	0	1	0	1	0	0	0	1
1107_sub4	0	1	1	0	0	0	1	0
11081_sub0	0	1	0	1	0	0	0	1
11081_sub1	1	7	3	4	3	4	0	0
11081_sub2	0	1	1	0	0	0	1	0
11139_sub0	0	1	0	1	0	0	0	1
11139_sub1	1	8	4	4	4	4	0	0
11157_sub0	0	1	0	1	0	0	0	1
11157_sub1	0	1	1	0	0	0	1	0
11157_sub2	0	1	1	0	0	0	1	0
11157_sub3	0	1	1	0	0	0	1	0
11157_sub4	0	1	0	1	0	0	0	1
11157_sub5	0	3	2	1	0	0	2	1
11182_sub0	0	1	1	0	0	0	1	0
11182_sub1	0	5	5	0	0	0	5	0
11182_sub2	0	1	1	0	0	0	1	0
11182_sub3	0	1	1	0	0	0	1	0
1119_sub0	0	1	1	0	0	0	1	0
1119_sub1	1	11	7	4	7	4	0	0
1119_sub2	0	1	0	1	0	0	0	1
1121_sub0	0	1	1	0	0	0	1	0
1121_sub1	0	1	0	1	0	0	0	1
1121_sub2	0	1	1	0	0	0	1	0
1121_sub3	0	1	0	1	0	0	0	1
1121_sub4	0	1	1	0	0	0	1	0
1121_sub5	0	1	1	0	0	0	1	0
1123_sub0	0	1	0	1	0	0	0	1
1123_sub1	0	1	1	0	0	0	1	0
1123_sub2	0	1	1	0	0	0	1	0
1123_sub3	0	1	0	1	0	0	0	1
1123_sub4	0	4	0	4	0	0	0	4
1123_sub5	0	1	0	1	0	0	0	1
11250_sub0	0	1	1	0	0	0	1	0
11250_sub1	0	1	1	0	0	0	1	0
11250_sub2	0	1	0	1	0	0	0	1
11250_sub3	0	1	1	0	0	0	1	0
11250_sub4	0	1	1	0	0	0	1	0
11250_sub5	0	1	0	1	0	0	0	1
1126_sub0	1	8	3	5	3	5	0	0
1126_sub1	0	1	0	1	0	0	0	1
1128_sub0	1	6	1	5	1	5	0	0
1128_sub1	0	1	1	0	0	0	1	0
1128_sub2	0	1	0	1	0	0	0	1
1128_sub3	0	1	0	1	0	0	0	1
113_sub0	0	1	0	1	0	0	0	1
113_sub1	0	1	0	1	0	0	0	1
113_sub2	0	1	0	1	0	0	0	1
113_sub3	0	1	0	1	0	0	0	1
113_sub4	0	1	0	1	0	0	0	1
113_sub5	0	1	0	1	0	0	0	1
113_sub6	0	1	1	0	0	0	1	0
113_sub7	0	1	1	0	0	0	1	0
113_sub8	0	1	0	1	0	0	0	1
113_sub9	0	1	0	1	0	0	0	1
1131_sub0	0	5	3	2	0	0	3	2
1131_sub1	0	1	1	0	0	0	1	0
1131_sub2	0	1	1	0	0	0	1	0
1131_sub3	0	1	1	0	0	0	1	0
1131_sub4	0	1	0	1	0	0	0	1
11312_sub0	1	8	6	2	6	2	0	0
1132_sub0	1	7	2	5	2	5	0	0
1133_sub0	0	1	0	1	0	0	0	1
1133_sub1	0	4	1	3	0	0	1	3
1133_sub2	0	1	0	1	0	0	0	1
1141_sub0	0	1	0	1	0	0	0	1
1141_sub1	0	1	0	1	0	0	0	1
1141_sub2	0	1	1	0	0	0	1	0
1141_sub3	1	10	4	6	4	6	0	0
1141_sub4	0	1	0	1	0	0	0	1
1141_sub5	0	1	0	1	0	0	0	1
1141_sub6	0	1	0	1	0	0	0	1
11414_sub0	0	2	2	0	0	0	2	0
11414_sub1	0	1	0	1	0	0	0	1
11414_sub2	0	1	1	0	0	0	1	0
11414_sub3	0	1	0	1	0	0	0	1
11414_sub4	0	1	0	1	0	0	0	1
11414_sub5	0	1	0	1	0	0	0	1
11414_sub6	0	1	1	0	0	0	1	0
11414_sub7	0	1	1	0	0	0	1	0
1143_sub0	1	8	4	4	4	4	0	0
1143_sub1	0	1	0	1	0	0	0	1
1143_sub2	0	1	1	0	0	0	1	0
1143_sub3	0	1	0	1	0	0	0	1
11442_sub0	0	5	2	3	0	0	2	3
11442_sub1	0	1	1	0	0	0	1	0
1147_sub0	1	9	6	3	6	3	0	0
1147_sub1	0	1	0	1	0	0	0	1
1147_sub2	0	1	1	0	0	0	1	0
1147_sub3	0	1	1	0	0	0	1	0
1147_sub4	0	1	0	1	0	0	0	1
1147_sub5	0	1	0	1	0	0	0	1
1148_sub0	1	9	5	4	5	4	0	0
1148_sub1	0	1	1	0	0	0	1	0
1148_sub2	0	1	0	1	0	0	0	1
1148_sub3	0	1	0	1	0	0	0	1
1148_sub4	0	1	1	0	0	0	1	0
1148_sub5	0	1	0	1	0	0	0	1
1148_sub6	0	1	0	1	0	0	0	1
11481_sub0	0	4	0	4	0	0	0	4
11481_sub1	0	1	1	0	0	0	1	0
11481_sub2	0	1	1	0	0	0	1	0
11481_sub3	0	1	0	1	0	0	0	1
11512_sub0	0	4	2	2	0	0	2	2
11512_sub1	0	1	0	1	0	0	0	1
11512_sub2	0	1	0	1	0	0	0	1
11523_sub0	0	1	1	0	0	0	1	0
11523_sub1	0	5	2	3	0	0	2	3
11523_sub2	0	1	1	0	0	0	1	0
1153_sub0	1	12	6	6	6	6	0	0
1153_sub1	0	1	0	1	0	0	0	1
1153_sub2	0	1	0	1	0	0	0	1
1153_sub3	0	1	1	0	0	0	1	0
1155_sub0	0	1	0	1	0	0	0	1
1155_sub1	1	7	3	4	3	4	0	0
1155_sub2	0	1	0	1	0	0	0	1
1155_sub3	0	1	0	1	0	0	0	1
1156_sub0	0	1	1	0	0	0	1	0
1156_sub1	0	1	1	0	0	0	1	0
1156_sub2	0	1	0	1	0	0	0	1
1156_sub3	0	1	0	1	0	0	0	1
1156_sub4	0	1	1	0	0	0	1	0
1156_sub5	0	1	0	1	0	0	0	1
1156_sub6	0	1	0	1	0	0	0	1
1162_sub0	1	6	4	2	4	2	0	0
1162_sub1	0	1	0	1	0	0	0	1
1162_sub2	0	1	0	1	0	0	0	1
1167_sub0	1	6	2	4	2	4	0	0
1167_sub1	0	1	0	1	0	0	0	1
1167_sub2	0	1	0	1	0	0	0	1
11673_sub0	0	5	2	3	0	0	2	3
11673_sub1	0	1	0	1	0	0	0	1
11679_sub0	0	1	0	1	0	0	0	1
11679_sub1	0	4	3	1	0	0	3	1
11679_sub2	0	1	1	0	0	0	1	0
11679_sub3	0	1	0	1	0	0	0	1
11685_sub0	1	6	3	3	3	3	0	0
11685_sub1	0	1	0	1	0	0	0	1
11704_sub0	0	4	2	2	0	0	2	2
11704_sub1	0	1	0	1	0	0	0	1
11704_sub2	0	1	0	1	0	0	0	1
11704_sub3	0	1	0	1	0	0	0	1
1173_sub0	0	1	0	1	0	0	0	1
1173_sub1	1	11	4	7	4	7	0	0
1173_sub2	0	1	1	0	0	0	1	0
1173_sub3	0	1	1	0	0	0	1	0
1173_sub4	0	1	0	1	0	0	0	1
11760_sub0	0	5	0	5	0	0	0	5
11760_sub1	0	1	0	1	0	0	0	1
1180_sub0	0	1	0	1	0	0	0	1
1180_sub1	1	10	8	2	8	2	0	0
11813_sub0	0	4	1	3	0	0	1	3
11813_sub1	0	1	0	1	0	0	0	1
11813_sub2	0	1	0	1	0	0	0	1
1191_sub0	0	1	1	0	0	0	1	0
1191_sub1	1	9	7	2	7	2	0	0
12_sub0	0	1	1	0	0	0	1	0
12_sub1	0	1	1	0	0	0	1	0
12_sub2	0	2	1	1	0	0	1	1
12_sub3	0	1	1	0	0	0	1	0
12_sub4	0	1	1	0	0	0	1	0
1200_sub0	0	1	0	1	0	0	0	1
1200_sub1	0	2	1	1	0	0	1	1
1200_sub2	0	2	2	0	0	0	2	0
1200_sub3	0	1	0	1	0	0	0	1
1200_sub4	0	1	0	1	0	0	0	1
1200_sub5	0	1	1	0	0	0	1	0
1200_sub6	0	1	1	0	0	0	1	0
1200_sub7	0	1	0	1	0	0	0	1
1200_sub8	0	1	0	1	0	0	0	1
1202_sub0	1	9	3	6	3	6	0	0
1202_sub1	0	1	1	0	0	0	1	0
1204_sub0	0	5	2	3	0	0	2	3
1204_sub1	0	1	1	0	0	0	1	0
1204_sub2	0	1	0	1	0	0	0	1
12055_sub0	0	1	1	0	0	0	1	0
12055_sub1	0	1	0	1	0	0	0	1
12055_sub2	0	1	1	0	0	0	1	0
12055_sub3	0	1	0	1	0	0	0	1
12055_sub4	0	1	0	1	0	0	0	1
12055_sub5	0	1	0	1	0	0	0	1
1206_sub0	1	18	9	9	9	9	0	0
1206_sub1	0	1	0	1	0	0	0	1
1206_sub2	0	1	1	0	0	0	1	0
1208_sub0	0	1	0	1	0	0	0	1
1208_sub1	1	11	7	4	7	4	0	0
1208_sub2	0	1	1	0	0	0	1	0
12092_sub0	0	1	1	0	0	0	1	0
12092_sub1	0	1	0	1	0	0	0	1
12092_sub2	0	1	0	1	0	0	0	1
12092_sub3	0	1	0	1	0	0	0	1
12092_sub4	0	1	1	0	0	0	1	0
12092_sub5	0	1	0	1	0	0	0	1
121_sub0	0	1	0	1	0	0	0	1
121_sub1	0	1	1	0	0	0	1	0
121_sub2	0	1	1	0	0	0	1	0
121_sub3	1	10	3	7	3	7	0	0
1213_sub0	0	1	1	0	0	0	1	0
1213_sub1	0	5	3	2	0	0	3	2
1214_sub0	0	1	0	1	0	0	0	1
1214_sub1	0	3	2	1	0	0	2	1
1214_sub2	0	1	0	1	0	0	0	1
1214_sub3	0	1	1	0	0	0	1	0
12166_sub0	1	7	4	3	4	3	0	0
12166_sub1	0	1	0	1	0	0	0	1
12166_sub2	0	1	1	0	0	0	1	0
1217_sub0	1	13	8	5	8	5	0	0
1217_sub1	0	1	0	1	0	0	0	1
1217_sub2	0	1	1	0	0	0	1	0
1217_sub3	0	1	0	1	0	0	0	1
1217_sub4	0	1	1	0	0	0	1	0
1217_sub5	0	1	0	1	0	0	0	1
1219_sub0	0	1	1	0	0	0	1	0
1219_sub1	1	9	3	6	3	6	0	0
1223_sub0	1	8	6	2	6	2	0	0
1223_sub1	0	1	1	0	0	0	1	0
1223_sub2	0	1	0	1	0	0	0	1
1223_sub3	0	1	0	1	0	0	0	1
1225_sub0	1	7	4	3	4	3	0	0
1226_sub0	0	4	0	4	0	0	0	4
1226_sub1	0	1	0	1	0	0	0	1
1226_sub2	0	1	0	1	0	0	0	1
1226_sub3	0	1	1	0	0	0	1	0
1228_sub0	1	8	2	6	2	6	0	0
1228_sub1	0	1	1	0	0	0	1	0
1228_sub2	0	1	0	1	0	0	0	1
1232_sub0	1	9	5	4	5	4	0	0
1232_sub1	0	1	0	1	0	0	0	1
1232_sub2	0	1	0	1	0	0	0	1
1232_sub3	0	1	1	0	0	0	1	0
1234_sub0	1	14	7	7	7	7	0	0
1234_sub1	0	1	1	0	0	0	1	0
1234_sub2	0	1	0	1	0	0	0	1
1234_sub3	0	1	1	0	0	0	1	0
1234_sub4	0	1	0	1	0	0	0	1
1234_sub5	0	1	0	1	0	0	0	1
1234_sub6	0	1	0	1	0	0	0	1
1234_sub7	0	1	1	0	0	0	1	0
1235_sub0	1	11	7	4	7	4	0	0
1235_sub1	0	1	1	0	0	0	1	0
1235_sub2	0	1	1	0	0	0	1	0
1235_sub3	0	1	0	1	0	0	0	1
1238_sub0	1	9	3	6	3	6	0	0
1238_sub1	0	1	0	1	0	0	0	1
1238_sub2	0	1	0	1	0	0	0	1
1238_sub3	0	1	0	1	0	0	0	1
1238_sub4	0	1	1	0	0	0	1	0
12385_sub0	1	6	1	5	1	5	0	0
12385_sub1	0	1	1	0	0	0	1	0
1239_sub0	0	1	0	1	0	0	0	1
1239_sub1	0	1	0	1	0	0	0	1
1239_sub2	0	1	0	1	0	0	0	1
1239_sub3	1	9	3	6	3	6	0	0
1239_sub4	0	1	1	0	0	0	1	0
1239_sub5	0	1	0	1	0	0	0	1
1239_sub6	0	1	1	0	0	0	1	0
1240_sub0	1	10	5	5	5	5	0	0
1240_sub1	0	1	0	1	0	0	0	1
1240_sub2	0	1	1	0	0	0	1	0
12421_sub0	0	1	0	1	0	0	0	1
12421_sub1	1	7	3	4	3	4	0	0
12437_sub0	0	1	0	1	0	0	0	1
12437_sub1	0	1	1	0	0	0	1	0
12437_sub2	0	4	1	3	0	0	1	3
12437_sub3	0	1	0	1	0	0	0	1
1244_sub0	0	1	0	1	0	0	0	1
1244_sub1	0	2	0	2	0	0	0	2
1244_sub2	0	4	2	2	0	0	2	2
1247_sub0	1	12	7	5	7	5	0	0
1247_sub1	0	1	1	0	0	0	1	0
1247_sub2	0	1	1	0	0	0	1	0
12481_sub0	1	6	3	3	3	3	0	0
1251_sub0	0	1	1	0	0	0	1	0
1251_sub1	1	10	7	3	7	3	0	0
1251_sub2	0	1	0	1	0	0	0	1
1260_sub0	0	1	0	1	0	0	0	1
1260_sub1	1	7	2	5	2	5	0	0
1264_sub0	0	1	1	0	0	0	1	0
1264_sub1	1	11	7	4	7	4	0	0
1264_sub2	0	1	0	1	0	0	0	1
1264_sub3	0	1	1	0	0	0	1	0
1266_sub0	1	9	3	6	3	6	0	0
1266_sub1	0	1	0	1	0	0	0	1
1266_sub2	0	1	1	0	0	0	1	0
1266_sub3	0	1	0	1	0	0	0	1
1268_sub0	0	1	0	1	0	0	0	1
1268_sub1	1	14	5	9	5	9	0	0
1268_sub2	0	1	1	0	0	0	1	0
1268_sub3	0	1	0	1	0	0	0	1
127_sub0	0	1	0	1	0	0	0	1
127_sub1	0	5	2	3	0	0	2	3
127_sub2	0	1	0	1	0	0	0	1
1270_sub0	0	4	1	3	0	0	1	3
1270_sub1	0	1	0	1	0	0	0	1
1270_sub2	0	1	0	1	0	0	0	1
1270_sub3	0	1	0	1	0	0	0	1
1270_sub4	0	1	0	1	0	0	0	1
1272_sub0	0	1	0	1	0	0	0	1
1272_sub1	1	9	5	4	5	4	0	0
1272_sub2	0	1	1	0	0	0	1	0
1279_sub0	1	7	3	4	3	4	0	0
1279_sub1	0	1	0	1	0	0	0	1
1279_sub2	0	1	0	1	0	0	0	1
128_sub0	0	1	1	0	0	0	1	0
128_sub1	0	1	0	1	0	0	0	1
128_sub2	0	1	0	1	0	0	0	1
128_sub3	0	1	0	1	0	0	0	1
128_sub4	0	1	1	0	0	0	1	0
128_sub5	0	1	0	1	0	0	0	1
1283_sub0	1	6	3	3	3	3	0	0
1283_sub1	0	1	1	0	0	0	1	0
1283_sub2	0	1	0	1	0	0	0	1
1283_sub3	0	1	0	1	0	0	0	1
1283_sub4	0	1	0	1	0	0	0	1
1284_sub0	0	3	0	3	0	0	0	3
1284_sub1	0	1	0	1	0	0	0	1
1284_sub2	0	1	1	0	0	0	1	0
1284_sub3	0	1	1	0	0	0	1	0
1287_sub0	0	3	0	3	0	0	0	3
1287_sub1	0	1	0	1	0	0	0	1
1287_sub2	0	1	0	1	0	0	0	1
1287_sub3	0	1	1	0	0	0	1	0
1289_sub0	1	8	2	6	2	6	0	0
1289_sub1	0	1	0	1	0	0	0	1
1289_sub2	0	1	0	1	0	0	0	1
1289_sub3	0	1	0	1	0	0	0	1
1289_sub4	0	1	0	1	0	0	0	1
129_sub0	0	1	0	1	0	0	0	1
129_sub1	1	9	5	4	5	4	0	0
129_sub2	0	1	0	1	0	0	0	1
1293_sub0	0	1	0	1	0	0	0	1
1293_sub1	1	8	4	4	4	4	0	0
1293_sub2	0	1	1	0	0	0	1	0
1296_sub0	1	7	4	3	4	3	0	0
1296_sub1	0	1	1	0	0	0	1	0
1296_sub2	0	1	0	1	0	0	0	1
1296_sub3	0	1	1	0	0	0	1	0
1297_sub0	0	1	1	0	0	0	1	0
1297_sub1	0	1	1	0	0	0	1	0
1297_sub2	0	1	1	0	0	0	1	0
1297_sub3	0	1	0	1	0	0	0	1
1297_sub4	0	1	1	0	0	0	1	0
1297_sub5	0	1	1	0	0	0	1	0
1297_sub6	0	1	1	0	0	0	1	0
1297_sub7	0	1	1	0	0	0	1	0
1299_sub0	1	8	4	4	4	4	0	0
1299_sub1	0	1	1	0	0	0	1	0
1299_sub2	0	1	1	0	0	0	1	0
13_sub0	0	1	0	1	0	0	0	1
13_sub1	0	1	1	0	0	0	1	0
13_sub2	0	1	1	0	0	0	1	0
13_sub3	1	8	4	4	4	4	0	0
13_sub4	0	1	0	1	0	0	0	1
13_sub5	0	1	1	0	0	0	1	0
13_sub6	0	1	1	0	0	0	1	0
1301_sub0	0	1	0	1	0	0	0	1
1301_sub1	0	1	1	0	0	0	1	0
1301_sub2	1	10	7	3	7	3	0	0
1301_sub3	0	1	0	1	0	0	0	1
1301_sub4	0	1	0	1	0	0	0	1
1301_sub5	0	1	1	0	0	0	1	0
1302_sub0	1	7	1	6	1	6	0	0
1302_sub1	0	1	1	0	0	0	1	0
1304_sub0	0	5	3	2	0	0	3	2
1304_sub1	0	1	0	1	0	0	0	1
1305_sub0	0	5	1	4	0	0	1	4
1305_sub1	0	1	1	0	0	0	1	0
1305_sub2	0	1	0	1	0	0	0	1
1305_sub3	0	1	1	0	0	0	1	0
1305_sub4	0	1	1	0	0	0	1	0
1305_sub5	0	1	1	0	0	0	1	0
1305_sub6	0	1	0	1	0	0	0	1
1305_sub7	0	1	0	1	0	0	0	1
1306_sub0	0	1	0	1	0	0	0	1
1306_sub1	1	6	2	4	2	4	0	0
1306_sub2	0	1	0	1	0	0	0	1
1307_sub0	1	16	5	11	5	11	0	0
1307_sub1	0	1	0	1	0	0	0	1
1307_sub2	0	1	0	1	0	0	0	1
1307_sub3	0	1	1	0	0	0	1	0
1307_sub4	0	1	0	1	0	0	0	1
1307_sub5	0	1	0	1	0	0	0	1
1307_sub6	0	1	0	1	0	0	0	1
1307_sub7	0	1	0	1	0	0	0	1
131_sub0	0	1	1	0	0	0	1	0
131_sub1	1	13	6	7	6	7	0	0
131_sub2	0	1	0	1	0	0	0	1
131_sub3	0	1	0	1	0	0	0	1
131_sub4	0	1	0	1	0	0	0	1
131_sub5	0	1	1	0	0	0	1	0
131_sub6	0	1	1	0	0	0	1	0
131_sub7	0	1	1	0	0	0	1	0
1310_sub0	0	5	2	3	0	0	2	3
1310_sub1	0	1	1	0	0	0	1	0
1310_sub2	0	1	0	1	0	0	0	1
1310_sub3	0	1	0	1	0	0	0	1
1310_sub4	0	1	0	1	0	0	0	1
1310_sub5	0	1	1	0	0	0	1	0
1311_sub0	0	1	0	1	0	0	0	1
1311_sub1	0	1	1	0	0	0	1	0
1311_sub2	0	1	1	0	0	0	1	0
1311_sub3	1	9	4	5	4	5	0	0
1311_sub4	0	1	1	0	0	0	1	0
1311_sub5	0	1	1	0	0	0	1	0
1311_sub6	0	1	1	0	0	0	1	0
1311_sub7	0	1	0	1	0	0	0	1
1311_sub8	0	1	1	0	0	0	1	0
1311_sub9	0	1	1	0	0	0	1	0
1312_sub0	0	1	0	1	0	0	0	1
1312_sub1	1	9	6	3	6	3	0	0
1312_sub2	0	1	0	1	0	0	0	1
1312_sub3	0	1	1	0	0	0	1	0
1312_sub4	0	1	1	0	0	0	1	0
1315_sub0	0	4	0	4	0	0	0	4
1315_sub1	0	1	0	1	0	0	0	1
1315_sub2	0	5	5	0	0	0	5	0
1315_sub3	0	1	1	0	0	0	1	0
1315_sub4	0	1	1	0	0	0	1	0
1315_sub5	0	1	1	0	0	0	1	0
1317_sub0	1	10	4	6	4	6	0	0
1317_sub1	0	1	0	1	0	0	0	1
13175_sub0	0	1	1	0	0	0	1	0
13175_sub1	0	4	3	1	0	0	3	1
13175_sub2	0	1	0	1	0	0	0	1
13175_sub3	0	1	0	1	0	0	0	1
1323_sub0	0	4	0	4	0	0	0	4
1323_sub1	0	1	0	1	0	0	0	1
1323_sub2	0	4	4	0	0	0	4	0
1323_sub3	0	1	1	0	0	0	1	0
1323_sub4	0	1	1	0	0	0	1	0
1325_sub0	1	6	0	6	0	6	0	0
1325_sub1	0	1	1	0	0	0	1	0
1327_sub0	0	1	0	1	0	0	0	1
1327_sub1	1	8	4	4	4	4	0	0
1327_sub2	0	1	1	0	0	0	1	0
1328_sub0	0	1	0	1	0	0	0	1
1328_sub1	1	6	4	2	4	2	0	0
1328_sub2	0	1	0	1	0	0	0	1
1328_sub3	0	1	1	0	0	0	1	0
1329_sub0	0	1	0	1	0	0	0	1
1329_sub1	0	5	3	2	0	0	3	2
1329_sub2	0	1	0	1	0	0	0	1
13335_sub0	0	1	1	0	0	0	1	0
13335_sub1	0	5	3	2	0	0	3	2
13335_sub2	0	1	1	0	0	0	1	0
1335_sub0	0	1	0	1	0	0	0	1
1335_sub1	1	7	3	4	3	4	0	0
1335_sub2	0	1	0	1	0	0	0	1
1338_sub0	1	8	4	4	4	4	0	0
1338_sub1	0	1	1	0	0	0	1	0
1338_sub2	0	1	0	1	0	0	0	1
1338_sub3	0	1	1	0	0	0	1	0
135_sub0	0	1	0	1	0	0	0	1
135_sub1	1	10	4	6	4	6	0	0
135_sub2	0	1	0	1	0	0	0	1
135_sub3	0	1	1	0	0	0	1	0
135_sub4	0	1	1	0	0	0	1	0
135_sub5	0	1	1	0	0	0	1	0
135_sub6	0	1	0	1	0	0	0	1
135_sub7	0	1	0	1	0	0	0	1
135_sub8	0	1	0	1	0	0	0	1
135_sub9	0	1	0	1	0	0	0	1
135_sub10	0	1	0	1	0	0	0	1
135_sub11	0	1	1	0	0	0	1	0
1351_sub0	1	7	3	4	3	4	0	0
1351_sub1	0	1	1	0	0	0	1	0
1351_sub2	0	1	1	0	0	0	1	0
1351_sub3	0	1	0	1	0	0	0	1
1351_sub4	0	1	1	0	0	0	1	0
13511_sub0	1	10	3	7	3	7	0	0
1355_sub0	0	1	0	1	0	0	0	1
1355_sub1	1	7	2	5	2	5	0	0
1355_sub2	0	1	0	1	0	0	0	1
1359_sub0	0	5	3	2	0	0	3	2
1359_sub1	0	1	1	0	0	0	1	0
1375_sub0	1	6	3	3	3	3	0	0
1375_sub1	0	1	1	0	0	0	1	0
1375_sub2	0	1	0	1	0	0	0	1
138_sub0	0	1	1	0	0	0	1	0
138_sub1	0	1	0	1	0	0	0	1
138_sub2	1	8	2	6	2	6	0	0
138_sub3	0	1	1	0	0	0	1	0
138_sub4	0	1	1	0	0	0	1	0
13832_sub0	0	1	0	1	0	0	0	1
13832_sub1	1	6	3	3	3	3	0	0
1384_sub0	0	1	0	1	0	0	0	1
1384_sub1	1	6	1	5	1	5	0	0
1385_sub0	0	1	0	1	0	0	0	1
1385_sub1	1	9	5	4	5	4	0	0
139_sub0	0	1	0	1	0	0	0	1
139_sub1	0	1	1	0	0	0	1	0
139_sub2	1	7	4	3	4	3	0	0
139_sub3	0	1	1	0	0	0	1	0
1391_sub0	0	1	0	1	0	0	0	1
1391_sub1	0	5	3	2	0	0	3	2
1394_sub0	0	1	0	1	0	0	0	1
1394_sub1	1	12	6	6	6	6	0	0
1394_sub2	0	1	0	1	0	0	0	1
1394_sub3	0	1	0	1	0	0	0	1
14012_sub0	0	1	1	0	0	0	1	0
14012_sub1	1	6	3	3	3	3	0	0
14012_sub2	0	1	0	1	0	0	0	1
14012_sub3	0	1	0	1	0	0	0	1
1405_sub0	0	1	0	1	0	0	0	1
1405_sub1	1	7	4	3	4	3	0	0
142_sub0	0	1	0	1	0	0	0	1
142_sub1	1	7	4	3	4	3	0	0
142_sub2	0	1	1	0	0	0	1	0
144_sub0	0	1	0	1	0	0	0	1
144_sub1	0	4	1	3	0	0	1	3
144_sub2	0	1	0	1	0	0	0	1
1440_sub0	1	10	6	4	6	4	0	0
1440_sub1	0	1	1	0	0	0	1	0
1440_sub2	0	1	1	0	0	0	1	0
1447_sub0	1	6	1	5	1	5	0	0
1447_sub1	0	1	0	1	0	0	0	1
1447_sub2	0	1	0	1	0	0	0	1
1452_sub0	1	8	5	3	5	3	0	0
1452_sub1	0	1	1	0	0	0	1	0
1452_sub2	0	1	0	1	0	0	0	1
1454_sub0	0	3	2	1	0	0	2	1
1454_sub1	0	1	1	0	0	0	1	0
1454_sub2	0	1	0	1	0	0	0	1
1454_sub3	0	1	1	0	0	0	1	0
1454_sub4	0	1	0	1	0	0	0	1
1454_sub5	0	1	0	1	0	0	0	1
1462_sub0	1	6	3	3	3	3	0	0
1466_sub0	0	1	1	0	0	0	1	0
1466_sub1	0	3	2	1	0	0	2	1
1466_sub2	0	1	0	1	0	0	0	1
1466_sub3	0	1	1	0	0	0	1	0
1466_sub4	0	1	1	0	0	0	1	0
1466_sub5	0	1	1	0	0	0	1	0
1466_sub6	0	1	0	1	0	0	0	1
1470_sub0	1	7	3	4	3	4	0	0
1470_sub1	0	1	0	1	0	0	0	1
1470_sub2	0	1	0	1	0	0	0	1
1470_sub3	0	1	0	1	0	0	0	1
14715_sub0	1	12	6	6	6	6	0	0
14715_sub1	0	1	1	0	0	0	1	0
14715_sub2	0	1	0	1	0	0	0	1
14726_sub0	0	1	0	1	0	0	0	1
14726_sub1	0	1	1	0	0	0	1	0
14726_sub2	0	1	0	1	0	0	0	1
14726_sub3	0	1	1	0	0	0	1	0
14726_sub4	0	1	0	1	0	0	0	1
14726_sub5	0	1	0	1	0	0	0	1
1473_sub0	0	1	0	1	0	0	0	1
1473_sub1	1	7	3	4	3	4	0	0
1473_sub2	0	1	1	0	0	0	1	0
1477_sub0	0	1	0	1	0	0	0	1
1477_sub1	0	4	1	3	0	0	1	3
1477_sub2	0	1	0	1	0	0	0	1
1477_sub3	0	1	1	0	0	0	1	0
1477_sub4	0	1	0	1	0	0	0	1
1480_sub0	1	9	3	6	3	6	0	0
1480_sub1	0	1	0	1	0	0	0	1
1480_sub2	0	1	0	1	0	0	0	1
1480_sub3	0	1	1	0	0	0	1	0
1480_sub4	0	1	0	1	0	0	0	1
1480_sub5	0	1	1	0	0	0	1	0
1480_sub6	0	1	0	1	0	0	0	1
1480_sub7	0	1	1	0	0	0	1	0
1480_sub8	0	1	1	0	0	0	1	0
1483_sub0	0	1	1	0	0	0	1	0
1483_sub1	1	9	2	7	2	7	0	0
1483_sub2	0	1	1	0	0	0	1	0
1483_sub3	0	1	0	1	0	0	0	1
1483_sub4	0	1	0	1	0	0	0	1
1483_sub5	0	1	0	1	0	0	0	1
1485_sub0	0	4	1	3	0	0	1	3
1485_sub1	0	1	0	1	0	0	0	1
1485_sub2	0	1	0	1	0	0	0	1
1485_sub3	0	1	1	0	0	0	1	0
1486_sub0	1	7	3	4	3	4	0	0
1494_sub0	0	1	1	0	0	0	1	0
1494_sub1	1	6	2	4	2	4	0	0
1495_sub0	1	12	5	7	5	7	0	0
1495_sub1	0	1	0	1	0	0	0	1
1495_sub2	0	1	0	1	0	0	0	1
1495_sub3	0	1	1	0	0	0	1	0
1498_sub0	0	1	0	1	0	0	0	1
1498_sub1	1	6	1	5	1	5	0	0
1498_sub2	0	1	1	0	0	0	1	0
1502_sub0	0	1	0	1	0	0	0	1
1502_sub1	0	4	2	2	0	0	2	2
1502_sub2	0	1	1	0	0	0	1	0
1508_sub0	1	9	3	6	3	6	0	0
1508_sub1	0	1	0	1	0	0	0	1
1509_sub0	0	1	0	1	0	0	0	1
1509_sub1	0	1	0	1	0	0	0	1
1509_sub2	1	7	6	1	6	1	0	0
1515_sub0	0	1	1	0	0	0	1	0
1515_sub1	0	1	0	1	0	0	0	1
1515_sub2	0	1	1	0	0	0	1	0
1515_sub3	0	1	0	1	0	0	0	1
1515_sub4	0	1	0	1	0	0	0	1
1515_sub5	0	1	0	1	0	0	0	1
152_sub0	0	1	0	1	0	0	0	1
152_sub1	1	8	4	4	4	4	0	0
152_sub2	0	1	0	1	0	0	0	1
1520_sub0	0	1	1	0	0	0	1	0
1520_sub1	0	1	1	0	0	0	1	0
1520_sub2	0	4	2	2	0	0	2	2
1521_sub0	0	1	0	1	0	0	0	1
1521_sub1	1	6	4	2	4	2	0	0
1521_sub2	0	1	0	1	0	0	0	1
1522_sub0	0	5	0	5	0	0	0	5
1522_sub1	0	1	1	0	0	0	1	0
1522_sub2	0	1	0	1	0	0	0	1
1522_sub3	0	1	0	1	0	0	0	1
1522_sub4	0	1	0	1	0	0	0	1
1529_sub0	1	10	6	4	6	4	0	0
1533_sub0	0	1	0	1	0	0	0	1
1533_sub1	0	1	1	0	0	0	1	0
1533_sub2	0	1	0	1	0	0	0	1
1533_sub3	0	1	0	1	0	0	0	1
1533_sub4	0	1	1	0	0	0	1	0
1533_sub5	0	1	1	0	0	0	1	0
1537_sub0	0	1	1	0	0	0	1	0
1537_sub1	1	9	6	3	6	3	0	0
1538_sub0	1	8	2	6	2	6	0	0
1538_sub1	0	1	1	0	0	0	1	0
1538_sub2	0	1	1	0	0	0	1	0
1538_sub3	0	1	0	1	0	0	0	1
1538_sub4	0	1	0	1	0	0	0	1
1546_sub0	1	12	3	9	3	9	0	0
1546_sub1	0	1	1	0	0	0	1	0
1546_sub2	0	1	1	0	0	0	1	0
1548_sub0	1	7	2	5	2	5	0	0
1548_sub1	0	1	1	0	0	0	1	0
1548_sub2	0	1	1	0	0	0	1	0
1548_sub3	0	1	0	1	0	0	0	1
155_sub0	0	1	0	1	0	0	0	1
155_sub1	0	5	1	4	0	0	1	4
155_sub2	0	1	0	1	0	0	0	1
155_sub3	0	1	1	0	0	0	1	0
155_sub4	0	1	0	1	0	0	0	1
1553_sub0	0	1	0	1	0	0	0	1
1553_sub1	0	1	1	0	0	0	1	0
1553_sub2	0	4	2	2	0	0	2	2
1553_sub3	0	1	0	1	0	0	0	1
1554_sub0	0	4	1	3	0	0	1	3
1554_sub1	0	1	1	0	0	0	1	0
1554_sub2	0	1	1	0	0	0	1	0
1554_sub3	0	1	1	0	0	0	1	0
1554_sub4	0	1	0	1	0	0	0	1
156_sub0	0	1	0	1	0	0	0	1
156_sub1	1	7	1	6	1	6	0	0
156_sub2	0	1	1	0	0	0	1	0
157_sub0	0	1	1	0	0	0	1	0
157_sub1	0	5	2	3	0	0	2	3
157_sub2	0	1	0	1	0	0	0	1
157_sub3	0	1	0	1	0	0	0	1
1571_sub0	0	1	0	1	0	0	0	1
1571_sub1	0	1	0	1	0	0	0	1
1571_sub2	1	7	3	4	3	4	0	0
1571_sub3	0	1	0	1	0	0	0	1
1571_sub4	0	1	1	0	0	0	1	0
1571_sub5	0	1	0	1	0	0	0	1
1571_sub6	0	1	0	1	0	0	0	1
1571_sub7	0	1	1	0	0	0	1	0
1575_sub0	0	1	0	1	0	0	0	1
1575_sub1	0	1	0	1	0	0	0	1
1575_sub2	1	7	4	3	4	3	0	0
1575_sub3	0	1	0	1	0	0	0	1
1575_sub4	0	1	0	1	0	0	0	1
15765_sub0	0	1	1	0	0	0	1	0
15765_sub1	1	6	2	4	2	4	0	0
15765_sub2	0	1	1	0	0	0	1	0
15765_sub3	0	1	1	0	0	0	1	0
1578_sub0	0	1	0	1	0	0	0	1
1578_sub1	0	1	0	1	0	0	0	1
1578_sub2	0	1	0	1	0	0	0	1
1578_sub3	0	1	1	0	0	0	1	0
1578_sub4	0	1	1	0	0	0	1	0
1578_sub5	0	1	0	1	0	0	0	1
158_sub0	0	1	1	0	0	0	1	0
158_sub1	0	1	0	1	0	0	0	1
158_sub2	0	1	0	1	0	0	0	1
158_sub3	0	1	1	0	0	0	1	0
158_sub4	0	1	1	0	0	0	1	0
158_sub5	0	1	1	0	0	0	1	0
1587_sub0	0	1	0	1	0	0	0	1
1587_sub1	0	1	0	1	0	0	0	1
1587_sub2	0	1	0	1	0	0	0	1
1587_sub3	0	1	1	0	0	0	1	0
1587_sub4	0	1	1	0	0	0	1	0
1587_sub5	0	1	0	1	0	0	0	1
1591_sub0	1	9	5	4	5	4	0	0
1598_sub0	0	1	0	1	0	0	0	1
1598_sub1	1	8	1	7	1	7	0	0
1598_sub2	0	1	0	1	0	0	0	1
1598_sub3	0	1	1	0	0	0	1	0
16048_sub0	0	1	0	1	0	0	0	1
16048_sub1	0	4	1	3	0	0	1	3
16048_sub2	0	1	1	0	0	0	1	0
1605_sub0	1	8	2	6	2	6	0	0
1605_sub1	0	1	0	1	0	0	0	1
1605_sub2	0	1	0	1	0	0	0	1
1608_sub0	0	1	0	1	0	0	0	1
1608_sub1	0	1	0	1	0	0	0	1
1608_sub2	0	1	1	0	0	0	1	0
1608_sub3	0	1	0	1	0	0	0	1
1608_sub4	0	1	1	0	0	0	1	0
1608_sub5	0	1	1	0	0	0	1	0
161_sub0	0	5	3	2	0	0	3	2
161_sub1	0	1	0	1	0	0	0	1
161_sub2	0	1	1	0	0	0	1	0
161_sub3	0	1	0	1	0	0	0	1
1612_sub0	0	1	1	0	0	0	1	0
1612_sub1	0	5	2	3	0	0	2	3
1612_sub2	0	1	0	1	0	0	0	1
1615_sub0	1	9	5	4	5	4	0	0
1615_sub1	0	1	1	0	0	0	1	0
1615_sub2	0	1	1	0	0	0	1	0
1615_sub3	0	1	0	1	0	0	0	1
1615_sub4	0	1	0	1	0	0	0	1
1617_sub0	0	1	0	1	0	0	0	1
1617_sub1	0	5	3	2	0	0	3	2
1617_sub2	0	1	0	1	0	0	0	1
1617_sub3	0	1	1	0	0	0	1	0
1617_sub4	0	1	0	1	0	0	0	1
1617_sub5	0	1	1	0	0	0	1	0
1617_sub6	0	1	0	1	0	0	0	1
162_sub0	0	1	1	0	0	0	1	0
162_sub1	1	7	4	3	4	3	0	0
162_sub2	0	1	1	0	0	0	1	0
1623_sub0	0	1	1	0	0	0	1	0
1623_sub1	0	4	1	3	0	0	1	3
1623_sub2	0	1	1	0	0	0	1	0
1623_sub3	0	1	0	1	0	0	0	1
1623_sub4	0	1	0	1	0	0	0	1
1623_sub5	0	1	0	1	0	0	0	1
1628_sub0	1	10	6	4	6	4	0	0
1628_sub1	0	1	0	1	0	0	0	1
1628_sub2	0	1	1	0	0	0	1	0
1630_sub0	0	1	0	1	0	0	0	1
1630_sub1	1	8	2	6	2	6	0	0
1630_sub2	0	1	1	0	0	0	1	0
1630_sub3	0	1	1	0	0	0	1	0
1632_sub0	0	4	3	1	0	0	3	1
1632_sub1	0	1	1	0	0	0	1	0
1632_sub2	0	1	1	0	0	0	1	0
1634_sub0	1	8	4	4	4	4	0	0
1634_sub1	0	1	1	0	0	0	1	0
1634_sub2	0	1	0	1	0	0	0	1
1634_sub3	0	1	0	1	0	0	0	1
1634_sub4	0	1	1	0	0	0	1	0
1634_sub5	0	1	0	1	0	0	0	1
1634_sub6	0	1	1	0	0	0	1	0
1634_sub7	0	1	1	0	0	0	1	0
1634_sub8	0	1	0	1	0	0	0	1
1635_sub0	0	1	0	1	0	0	0	1
1635_sub1	0	1	0	1	0	0	0	1
1635_sub2	0	1	1	0	0	0	1	0
1635_sub3	0	1	0	1	0	0	0	1
1635_sub4	0	1	1	0	0	0	1	0
1635_sub5	0	1	0	1	0	0	0	1
1636_sub0	1	11	7	4	7	4	0	0
1639_sub0	0	5	1	4	0	0	1	4
1639_sub1	0	1	0	1	0	0	0	1
1639_sub2	0	1	1	0	0	0	1	0
1640_sub0	0	1	0	1	0	0	0	1
1640_sub1	1	6	3	3	3	3	0	0
1642_sub0	0	1	0	1	0	0	0	1
1642_sub1	1	14	5	9	5	9	0	0
1642_sub2	0	1	1	0	0	0	1	0
1643_sub0	1	6	2	4	2	4	0	0
1643_sub1	0	1	1	0	0	0	1	0
1643_sub2	0	1	0	1	0	0	0	1
1643_sub3	0	1	0	1	0	0	0	1
1648_sub0	1	8	4	4	4	4	0	0
1648_sub1	0	1	0	1	0	0	0	1
1650_sub0	1	6	3	3	3	3	0	0
1650_sub1	0	1	0	1	0	0	0	1
1650_sub2	0	1	0	1	0	0	0	1
1650_sub3	0	1	0	1	0	0	0	1
1650_sub4	0	1	0	1	0	0	0	1
1650_sub5	0	1	1	0	0	0	1	0
1650_sub6	0	1	1	0	0	0	1	0
1650_sub7	0	1	1	0	0	0	1	0
1650_sub8	0	1	0	1	0	0	0	1
16503_sub0	0	1	1	0	0	0	1	0
16503_sub1	0	1	0	1	0	0	0	1
16503_sub2	1	9	8	1	8	1	0	0
1651_sub0	0	2	1	1	0	0	1	1
1651_sub1	0	1	0	1	0	0	0	1
1651_sub2	0	5	2	3	0	0	2	3
1660_sub0	0	1	1	0	0	0	1	0
1660_sub1	1	9	4	5	4	5	0	0
1660_sub2	0	1	1	0	0	0	1	0
1660_sub3	0	1	0	1	0	0	0	1
1661_sub0	0	5	2	3	0	0	2	3
1661_sub1	0	1	0	1	0	0	0	1
1661_sub2	0	1	1	0	0	0	1	0
1663_sub0	1	8	2	6	2	6	0	0
1665_sub0	1	6	1	5	1	5	0	0
1665_sub1	0	1	1	0	0	0	1	0
1665_sub2	0	1	1	0	0	0	1	0
1665_sub3	0	1	1	0	0	0	1	0
1665_sub4	0	1	1	0	0	0	1	0
1668_sub0	0	1	1	0	0	0	1	0
1668_sub1	0	5	3	2	0	0	3	2
1668_sub2	0	1	0	1	0	0	0	1
1668_sub3	0	1	0	1	0	0	0	1
1669_sub0	0	1	0	1	0	0	0	1
1669_sub1	1	8	2	6	2	6	0	0
1669_sub2	0	1	1	0	0	0	1	0
1669_sub3	0	1	0	1	0	0	0	1
1670_sub0	0	1	1	0	0	0	1	0
1670_sub1	1	14	9	5	9	5	0	0
1670_sub2	0	1	1	0	0	0	1	0
1675_sub0	0	1	1	0	0	0	1	0
1675_sub1	0	5	1	4	0	0	1	4
1675_sub2	0	1	1	0	0	0	1	0
1676_sub0	0	1	0	1	0	0	0	1
1676_sub1	0	2	0	2	0	0	0	2
1676_sub2	0	1	1	0	0	0	1	0
1676_sub3	0	1	0	1	0	0	0	1
1676_sub4	0	1	0	1	0	0	0	1
1684_sub0	0	1	0	1	0	0	0	1
1684_sub1	1	7	1	6	1	6	0	0
1684_sub2	0	1	1	0	0	0	1	0
1684_sub3	0	1	0	1	0	0	0	1
1685_sub0	0	1	1	0	0	0	1	0
1685_sub1	0	5	2	3	0	0	2	3
1685_sub2	0	1	0	1	0	0	0	1
1686_sub0	0	1	1	0	0	0	1	0
1686_sub1	0	1	1	0	0	0	1	0
1686_sub2	0	1	0	1	0	0	0	1
1686_sub3	0	1	0	1	0	0	0	1
1686_sub4	0	1	1	0	0	0	1	0
1686_sub5	0	1	0	1	0	0	0	1
169_sub0	0	1	0	1	0	0	0	1
169_sub1	0	5	1	4	0	0	1	4
16913_sub0	1	7	3	4	3	4	0	0
16913_sub1	0	1	1	0	0	0	1	0
16913_sub2	0	1	0	1	0	0	0	1
16913_sub3	0	1	0	1	0	0	0	1
16933_sub0	0	1	0	1	0	0	0	1
16933_sub1	1	10	4	6	4	6	0	0
16933_sub2	0	1	0	1	0	0	0	1
16933_sub3	0	1	0	1	0	0	0	1
16965_sub0	1	7	3	4	3	4	0	0
16965_sub1	0	1	1	0	0	0	1	0
1699_sub0	0	1	0	1	0	0	0	1
1699_sub1	0	1	0	1	0	0	0	1
1699_sub2	0	1	0	1	0	0	0	1
1699_sub3	0	1	1	0	0	0	1	0
1699_sub4	0	1	1	0	0	0	1	0
1699_sub5	0	1	0	1	0	0	0	1
1699_sub6	0	1	0	1	0	0	0	1
1702_sub0	0	1	0	1	0	0	0	1
1702_sub1	1	12	7	5	7	5	0	0
1702_sub2	0	1	1	0	0	0	1	0
17023_sub0	1	8	2	6	2	6	0	0
17023_sub1	0	1	0	1	0	0	0	1
17023_sub2	0	1	1	0	0	0	1	0
1708_sub0	0	1	0	1	0	0	0	1
1708_sub1	0	5	2	3	0	0	2	3
1708_sub2	0	1	1	0	0	0	1	0
17081_sub0	0	1	1	0	0	0	1	0
17081_sub1	0	5	2	3	0	0	2	3
17081_sub2	0	1	0	1	0	0	0	1
17081_sub3	0	1	1	0	0	0	1	0
171_sub0	0	1	1	0	0	0	1	0
171_sub1	0	1	0	1	0	0	0	1
171_sub2	1	9	4	5	4	5	0	0
171_sub3	0	1	0	1	0	0	0	1
171_sub4	0	1	1	0	0	0	1	0
17128_sub0	1	6	1	5	1	5	0	0
17128_sub1	0	1	0	1	0	0	0	1
1717_sub0	1	6	4	2	4	2	0	0
1717_sub1	0	1	0	1	0	0	0	1
1717_sub2	0	1	1	0	0	0	1	0
1717_sub3	0	1	0	1	0	0	0	1
1717_sub4	0	1	0	1	0	0	0	1
1719_sub0	0	1	0	1	0	0	0	1
1719_sub1	0	3	1	2	0	0	1	2
1719_sub2	0	1	0	1	0	0	0	1
1719_sub3	0	1	1	0	0	0	1	0
17194_sub0	1	6	2	4	2	4	0	0
17194_sub1	0	1	1	0	0	0	1	0
17201_sub0	0	1	0	1	0	0	0	1
17201_sub1	0	4	2	2	0	0	2	2
17201_sub2	0	1	1	0	0	0	1	0
1724_sub0	1	7	2	5	2	5	0	0
1724_sub1	0	1	1	0	0	0	1	0
1724_sub2	0	1	1	0	0	0	1	0
1724_sub3	0	1	1	0	0	0	1	0
173_sub0	0	1	1	0	0	0	1	0
173_sub1	1	9	2	7	2	7	0	0
173_sub2	0	1	1	0	0	0	1	0
173_sub3	0	1	0	1	0	0	0	1
1733_sub0	1	9	5	4	5	4	0	0
1733_sub1	0	1	0	1	0	0	0	1
1734_sub0	0	1	1	0	0	0	1	0
1734_sub1	0	1	1	0	0	0	1	0
1734_sub2	0	1	0	1	0	0	0	1
1734_sub3	0	1	0	1	0	0	0	1
1734_sub4	0	1	1	0	0	0	1	0
1734_sub5	0	1	0	1	0	0	0	1
1734_sub6	0	1	0	1	0	0	0	1
174_sub0	0	1	0	1	0	0	0	1
174_sub1	1	6	1	5	1	5	0	0
174_sub2	0	1	1	0	0	0	1	0
174_sub3	0	1	1	0	0	0	1	0
174_sub4	0	1	0	1	0	0	0	1
1750_sub0	1	11	3	8	3	8	0	0
1750_sub1	0	1	0	1	0	0	0	1
1750_sub2	0	1	1	0	0	0	1	0
1750_sub3	0	1	1	0	0	0	1	0
1750_sub4	0	1	1	0	0	0	1	0
1753_sub0	0	1	1	0	0	0	1	0
1753_sub1	1	7	2	5	2	5	0	0
1753_sub2	0	1	0	1	0	0	0	1
1754_sub0	0	1	1	0	0	0	1	0
1754_sub1	1	6	5	1	5	1	0	0
17545_sub0	0	1	0	1	0	0	0	1
17545_sub1	1	7	6	1	6	1	0	0
1762_sub0	0	5	2	3	0	0	2	3
1762_sub1	0	1	1	0	0	0	1	0
1764_sub0	0	1	1	0	0	0	1	0
1764_sub1	1	9	4	5	4	5	0	0
1764_sub2	0	1	1	0	0	0	1	0
1764_sub3	0	1	1	0	0	0	1	0
1764_sub4	0	1	0	1	0	0	0	1
1766_sub0	1	11	3	8	3	8	0	0
1766_sub1	0	1	0	1	0	0	0	1
1768_sub0	0	1	0	1	0	0	0	1
1768_sub1	0	1	1	0	0	0	1	0
1768_sub2	0	1	1	0	0	0	1	0
1768_sub3	0	1	0	1	0	0	0	1
1768_sub4	0	1	0	1	0	0	0	1
1768_sub5	0	1	1	0	0	0	1	0
1777_sub0	1	6	2	4	2	4	0	0
1777_sub1	0	1	0	1	0	0	0	1
1777_sub2	0	1	1	0	0	0	1	0
1777_sub3	0	1	1	0	0	0	1	0
1777_sub4	0	1	1	0	0	0	1	0
1777_sub5	0	1	1	0	0	0	1	0
1777_sub6	0	1	1	0	0	0	1	0
1777_sub7	0	1	0	1	0	0	0	1
1781_sub0	1	12	6	6	6	6	0	0
1781_sub1	0	1	1	0	0	0	1	0
1781_sub2	0	1	1	0	0	0	1	0
1782_sub0	0	1	0	1	0	0	0	1
1782_sub1	1	6	3	3	3	3	0	0
1782_sub2	0	1	0	1	0	0	0	1
1783_sub0	0	1	0	1	0	0	0	1
1783_sub1	1	6	1	5	1	5	0	0
1783_sub2	0	1	0	1	0	0	0	1
1797_sub0	0	1	0	1	0	0	0	1
1797_sub1	0	5	2	3	0	0	2	3
1808_sub0	0	1	0	1	0	0	0	1
1808_sub1	0	1	1	0	0	0	1	0
1808_sub2	0	1	1	0	0	0	1	0
1808_sub3	0	1	1	0	0	0	1	0
1808_sub4	0	1	0	1	0	0	0	1
1808_sub5	0	1	0	1	0	0	0	1
1808_sub6	0	1	0	1	0	0	0	1
1808_sub7	0	1	0	1	0	0	0	1
1808_sub8	1	15	6	9	6	9	0	0
1810_sub0	0	1	0	1	0	0	0	1
1810_sub1	0	1	1	0	0	0	1	0
1810_sub2	0	5	4	1	0	0	4	1
1810_sub3	0	1	0	1	0	0	0	1
1810_sub4	0	1	0	1	0	0	0	1
1817_sub0	1	9	1	8	1	8	0	0
1817_sub1	0	1	0	1	0	0	0	1
1817_sub2	0	1	0	1	0	0	0	1
1817_sub3	0	1	0	1	0	0	0	1
1817_sub4	0	1	0	1	0	0	0	1
1817_sub5	0	1	0	1	0	0	0	1
1817_sub6	0	1	0	1	0	0	0	1
1818_sub0	0	1	0	1	0	0	0	1
1818_sub1	1	7	2	5	2	5	0	0
182_sub0	0	1	1	0	0	0	1	0
182_sub1	0	5	2	3	0	0	2	3
1830_sub0	0	1	1	0	0	0	1	0
1830_sub1	1	6	1	5	1	5	0	0
1830_sub2	0	1	0	1	0	0	0	1
1832_sub0	1	7	3	4	3	4	0	0
1832_sub1	0	1	1	0	0	0	1	0
1832_sub2	0	1	0	1	0	0	0	1
1832_sub3	0	1	1	0	0	0	1	0
1832_sub4	0	1	1	0	0	0	1	0
1836_sub0	1	10	5	5	5	5	0	0
1836_sub1	0	1	0	1	0	0	0	1
1841_sub0	0	1	0	1	0	0	0	1
1841_sub1	0	1	1	0	0	0	1	0
1841_sub2	0	1	1	0	0	0	1	0
1841_sub3	0	5	2	3	0	0	2	3
1841_sub4	0	1	1	0	0	0	1	0
1843_sub0	0	1	1	0	0	0	1	0
1843_sub1	1	6	3	3	3	3	0	0
1847_sub0	0	1	0	1	0	0	0	1
1847_sub1	0	1	0	1	0	0	0	1
1847_sub2	1	6	3	3	3	3	0	0
1847_sub3	0	1	0	1	0	0	0	1
1853_sub0	0	1	0	1	0	0	0	1
1853_sub1	1	11	6	5	6	5	0	0
1853_sub2	0	1	0	1	0	0	0	1
1853_sub3	0	1	1	0	0	0	1	0
1853_sub4	0	1	1	0	0	0	1	0
1864_sub0	0	1	1	0	0	0	1	0
1864_sub1	1	12	6	6	6	6	0	0
1864_sub2	0	1	1	0	0	0	1	0
1869_sub0	0	1	0	1	0	0	0	1
1869_sub1	0	4	2	2	0	0	2	2
1869_sub2	0	1	1	0	0	0	1	0
1869_sub3	0	1	1	0	0	0	1	0
1874_sub0	0	1	0	1	0	0	0	1
1874_sub1	0	1	0	1	0	0	0	1
1874_sub2	0	4	2	2	0	0	2	2
1874_sub3	0	1	1	0	0	0	1	0
1877_sub0	1	13	5	8	5	8	0	0
1877_sub1	0	1	1	0	0	0	1	0
1877_sub2	0	1	0	1	0	0	0	1
1879_sub0	1	12	5	7	5	7	0	0
1879_sub1	0	1	1	0	0	0	1	0
1879_sub2	0	1	0	1	0	0	0	1
1881_sub0	1	9	3	6	3	6	0	0
1881_sub1	0	1	0	1	0	0	0	1
1881_sub2	0	1	1	0	0	0	1	0
1881_sub3	0	1	1	0	0	0	1	0
1889_sub0	1	9	1	8	1	8	0	0
1889_sub1	0	1	0	1	0	0	0	1
189_sub0	0	1	0	1	0	0	0	1
189_sub1	0	2	1	1	0	0	1	1
189_sub2	0	1	1	0	0	0	1	0
189_sub3	0	1	0	1	0	0	0	1
189_sub4	0	1	0	1	0	0	0	1
189_sub5	0	1	1	0	0	0	1	0
189_sub6	0	1	0	1	0	0	0	1
189_sub7	0	1	0	1	0	0	0	1
1890_sub0	0	4	2	2	0	0	2	2
1890_sub1	0	1	0	1	0	0	0	1
1890_sub2	0	1	1	0	0	0	1	0
1890_sub3	0	1	0	1	0	0	0	1
1892_sub0	0	1	0	1	0	0	0	1
1892_sub1	1	8	3	5	3	5	0	0
1892_sub2	0	1	0	1	0	0	0	1
1899_sub0	1	8	3	5	3	5	0	0
1899_sub1	0	1	0	1	0	0	0	1
1901_sub0	0	1	0	1	0	0	0	1
1901_sub1	0	1	1	0	0	0	1	0
1901_sub2	0	4	0	4	0	0	0	4
1901_sub3	0	1	1	0	0	0	1	0
1902_sub0	0	1	0	1	0	0	0	1
1902_sub1	0	5	4	1	0	0	4	1
1902_sub2	0	1	1	0	0	0	1	0
1907_sub0	1	18	10	8	10	8	0	0
1907_sub1	0	1	1	0	0	0	1	0
1907_sub2	0	1	0	1	0	0	0	1
1909_sub0	0	1	1	0	0	0	1	0
1909_sub1	1	6	0	6	0	6	0	0
1911_sub0	1	9	5	4	5	4	0	0
1911_sub1	0	1	1	0	0	0	1	0
1911_sub2	0	1	0	1	0	0	0	1
1911_sub3	0	1	0	1	0	0	0	1
192_sub0	0	1	0	1	0	0	0	1
192_sub1	0	4	2	2	0	0	2	2
192_sub2	0	1	0	1	0	0	0	1
192_sub3	0	1	1	0	0	0	1	0
192_sub4	0	1	1	0	0	0	1	0
1922_sub0	1	11	4	7	4	7	0	0
1922_sub1	0	1	0	1	0	0	0	1
1922_sub2	0	1	1	0	0	0	1	0
1922_sub3	0	1	1	0	0	0	1	0
1923_sub0	0	1	1	0	0	0	1	0
1923_sub1	0	1	0	1	0	0	0	1
1923_sub2	0	1	1	0	0	0	1	0
1923_sub3	0	1	0	1	0	0	0	1
1923_sub4	0	1	1	0	0	0	1	0
1923_sub5	0	1	0	1	0	0	0	1
1923_sub6	0	1	0	1	0	0	0	1
1925_sub0	0	1	0	1	0	0	0	1
1925_sub1	1	8	4	4	4	4	0	0
1925_sub2	0	1	1	0	0	0	1	0
1925_sub3	0	1	0	1	0	0	0	1
1925_sub4	0	1	1	0	0	0	1	0
1928_sub0	0	1	0	1	0	0	0	1
1928_sub1	0	1	1	0	0	0	1	0
1928_sub2	0	1	1	0	0	0	1	0
1928_sub3	1	8	4	4	4	4	0	0
1928_sub4	0	1	1	0	0	0	1	0
1928_sub5	0	1	0	1	0	0	0	1
1931_sub0	0	5	3	2	0	0	3	2
1931_sub1	0	1	0	1	0	0	0	1
1931_sub2	0	1	1	0	0	0	1	0
1931_sub3	0	1	0	1	0	0	0	1
1931_sub4	0	1	0	1	0	0	0	1
1933_sub0	0	1	1	0	0	0	1	0
1933_sub1	1	9	2	7	2	7	0	0
1934_sub0	0	1	0	1	0	0	0	1
1934_sub1	1	7	3	4	3	4	0	0
1945_sub0	0	1	1	0	0	0	1	0
1945_sub1	0	5	2	3	0	0	2	3
1954_sub0	1	8	4	4	4	4	0	0
1954_sub1	0	1	1	0	0	0	1	0
1954_sub2	0	1	1	0	0	0	1	0
1954_sub3	0	1	1	0	0	0	1	0
1954_sub4	0	1	0	1	0	0	0	1
1955_sub0	0	1	1	0	0	0	1	0
1955_sub1	1	9	4	5	4	5	0	0
1955_sub2	0	1	1	0	0	0	1	0
1957_sub0	0	1	0	1	0	0	0	1
1957_sub1	0	1	0	1	0	0	0	1
1957_sub2	1	7	1	6	1	6	0	0
1957_sub3	0	1	1	0	0	0	1	0
1957_sub4	0	1	0	1	0	0	0	1
1958_sub0	0	1	0	1	0	0	0	1
1958_sub1	1	8	4	4	4	4	0	0
1958_sub2	0	1	0	1	0	0	0	1
1959_sub0	1	8	4	4	4	4	0	0
1959_sub1	0	1	0	1	0	0	0	1
1959_sub2	0	1	0	1	0	0	0	1
1959_sub3	0	1	0	1	0	0	0	1
1962_sub0	0	1	0	1	0	0	0	1
1962_sub1	0	4	3	1	0	0	3	1
1962_sub2	0	1	0	1	0	0	0	1
1969_sub0	0	1	0	1	0	0	0	1
1969_sub1	1	11	8	3	8	3	0	0
198_sub0	1	12	6	6	6	6	0	0
198_sub1	0	1	0	1	0	0	0	1
198_sub2	0	1	1	0	0	0	1	0
1986_sub0	0	1	1	0	0	0	1	0
1986_sub1	1	6	3	3	3	3	0	0
1986_sub2	0	1	0	1	0	0	0	1
1986_sub3	0	1	1	0	0	0	1	0
1991_sub0	0	1	0	1	0	0	0	1
1991_sub1	0	1	0	1	0	0	0	1
1991_sub2	0	1	0	1	0	0	0	1
1991_sub3	0	1	1	0	0	0	1	0
1991_sub4	0	1	1	0	0	0	1	0
1991_sub5	0	1	1	0	0	0	1	0
1991_sub6	0	1	1	0	0	0	1	0
1995_sub0	0	5	3	2	0	0	3	2
1995_sub1	0	1	1	0	0	0	1	0
1996_sub0	0	1	0	1	0	0	0	1
1996_sub1	0	5	3	2	0	0	3	2
1997_sub0	1	6	5	1	5	1	0	0
1997_sub1	0	1	1	0	0	0	1	0
1997_sub2	0	1	1	0	0	0	1	0
200_sub0	0	1	1	0	0	0	1	0
200_sub1	1	6	2	4	2	4	0	0
200_sub2	0	1	1	0	0	0	1	0
200_sub3	0	1	1	0	0	0	1	0
200_sub4	0	1	0	1	0	0	0	1
200_sub5	0	1	1	0	0	0	1	0
200_sub6	0	1	0	1	0	0	0	1
200_sub7	0	1	0	1	0	0	0	1
2008_sub0	0	1	0	1	0	0	0	1
2008_sub1	1	6	3	3	3	3	0	0
201_sub0	0	1	1	0	0	0	1	0
201_sub1	0	1	1	0	0	0	1	0
201_sub2	0	3	2	1	0	0	2	1
201_sub3	0	1	1	0	0	0	1	0
2014_sub0	1	8	2	6	2	6	0	0
2014_sub1	0	1	1	0	0	0	1	0
2014_sub2	0	1	0	1	0	0	0	1
2014_sub3	0	1	1	0	0	0	1	0
2014_sub4	0	1	0	1	0	0	0	1
2019_sub0	0	1	0	1	0	0	0	1
2019_sub1	1	7	3	4	3	4	0	0
2026_sub0	0	1	0	1	0	0	0	1
2026_sub1	0	1	1	0	0	0	1	0
2026_sub2	0	4	2	2	0	0	2	2
2026_sub3	0	1	1	0	0	0	1	0
2026_sub4	0	1	0	1	0	0	0	1
2028_sub0	1	9	6	3	6	3	0	0
2028_sub1	0	1	0	1	0	0	0	1
2034_sub0	0	4	2	2	0	0	2	2
2034_sub1	0	1	1	0	0	0	1	0
2034_sub2	0	1	1	0	0	0	1	0
2034_sub3	0	1	0	1	0	0	0	1
2040_sub0	0	1	0	1	0	0	0	1
2040_sub1	1	12	3	9	3	9	0	0
2040_sub2	0	1	0	1	0	0	0	1
2043_sub0	1	7	2	5	2	5	0	0
2043_sub1	0	1	0	1	0	0	0	1
2043_sub2	0	1	0	1	0	0	0	1
2043_sub3	0	1	0	1	0	0	0	1
2045_sub0	1	6	3	3	3	3	0	0
2045_sub1	0	1	1	0	0	0	1	0
2045_sub2	0	1	1	0	0	0	1	0
2047_sub0	0	1	0	1	0	0	0	1
2047_sub1	1	7	4	3	4	3	0	0
2047_sub2	0	1	1	0	0	0	1	0
205_sub0	0	1	0	1	0	0	0	1
205_sub1	1	8	4	4	4	4	0	0
2057_sub0	0	1	0	1	0	0	0	1
2057_sub1	0	5	4	1	0	0	4	1
2057_sub2	0	1	0	1	0	0	0	1
2061_sub0	0	1	0	1	0	0	0	1
2061_sub1	0	2	1	1	0	0	1	1
2061_sub2	0	3	1	2	0	0	1	2
2061_sub3	0	1	1	0	0	0	1	0
2061_sub4	0	1	1	0	0	0	1	0
2064_sub0	0	1	0	1	0	0	0	1
2064_sub1	0	4	0	4	0	0	0	4
2064_sub2	0	1	1	0	0	0	1	0
2069_sub0	1	6	5	1	5	1	0	0
2069_sub1	0	1	0	1	0	0	0	1
2069_sub2	0	1	1	0	0	0	1	0
207_sub0	0	1	0	1	0	0	0	1
207_sub1	1	6	3	3	3	3	0	0
207_sub2	0	1	1	0	0	0	1	0
2076_sub0	1	10	4	6	4	6	0	0
2076_sub1	0	1	0	1	0	0	0	1
2076_sub2	0	1	0	1	0	0	0	1
2085_sub0	0	5	3	2	0	0	3	2
2085_sub1	0	1	1	0	0	0	1	0
2086_sub0	1	8	5	3	5	3	0	0
2086_sub1	0	1	0	1	0	0	0	1
2086_sub2	0	1	0	1	0	0	0	1
2089_sub0	1	7	2	5	2	5	0	0
2089_sub1	0	1	0	1	0	0	0	1
209_sub0	0	1	0	1	0	0	0	1
209_sub1	1	9	4	5	4	5	0	0
209_sub2	0	1	0	1	0	0	0	1
209_sub3	0	1	1	0	0	0	1	0
2095_sub0	0	1	0	1	0	0	0	1
2095_sub1	0	1	1	0	0	0	1	0
2095_sub2	0	1	0	1	0	0	0	1
2095_sub3	0	1	1	0	0	0	1	0
2095_sub4	0	1	0	1	0	0	0	1
2095_sub5	0	1	1	0	0	0	1	0
2096_sub0	1	12	4	8	4	8	0	0
2096_sub1	0	1	0	1	0	0	0	1
21_sub0	0	1	0	1	0	0	0	1
21_sub1	0	1	1	0	0	0	1	0
21_sub2	0	1	0	1	0	0	0	1
21_sub3	1	10	1	9	1	9	0	0
21_sub4	0	1	0	1	0	0	0	1
21_sub5	0	1	1	0	0	0	1	0
21_sub6	0	1	0	1	0	0	0	1
21_sub7	0	1	0	1	0	0	0	1
2102_sub0	0	1	0	1	0	0	0	1
2102_sub1	0	4	3	1	0	0	3	1
2102_sub2	0	1	1	0	0	0	1	0
2102_sub3	0	1	1	0	0	0	1	0
2104_sub0	0	1	0	1	0	0	0	1
2104_sub1	0	1	0	1	0	0	0	1
2104_sub2	0	1	1	0	0	0	1	0
2104_sub3	0	1	1	0	0	0	1	0
2104_sub4	0	1	0	1	0	0	0	1
2104_sub5	0	1	1	0	0	0	1	0
2107_sub0	1	10	7	3	7	3	0	0
2107_sub1	0	1	0	1	0	0	0	1
2109_sub0	0	1	0	1	0	0	0	1
2109_sub1	1	12	5	7	5	7	0	0
2109_sub2	0	1	1	0	0	0	1	0
2109_sub3	0	1	0	1	0	0	0	1
2109_sub4	0	1	1	0	0	0	1	0
2109_sub5	0	1	1	0	0	0	1	0
2109_sub6	0	1	1	0	0	0	1	0
2116_sub0	0	1	1	0	0	0	1	0
2116_sub1	0	1	0	1	0	0	0	1
2116_sub2	1	11	3	8	3	8	0	0
2116_sub3	0	1	1	0	0	0	1	0
2116_sub4	0	1	1	0	0	0	1	0
212_sub0	0	1	1	0	0	0	1	0
212_sub1	0	5	3	2	0	0	3	2
2125_sub0	1	7	0	7	0	7	0	0
2125_sub1	0	1	1	0	0	0	1	0
2125_sub2	0	1	0	1	0	0	0	1
2125_sub3	0	1	0	1	0	0	0	1
2125_sub4	0	1	1	0	0	0	1	0
2125_sub5	0	1	1	0	0	0	1	0
2125_sub6	0	1	0	1	0	0	0	1
2125_sub7	0	1	0	1	0	0	0	1
2129_sub0	1	9	5	4	5	4	0	0
2129_sub1	0	1	1	0	0	0	1	0
2129_sub2	0	1	1	0	0	0	1	0
214_sub0	0	1	0	1	0	0	0	1
214_sub1	0	1	0	1	0	0	0	1
214_sub2	0	1	1	0	0	0	1	0
214_sub3	0	1	0	1	0	0	0	1
214_sub4	1	7	3	4	3	4	0	0
214_sub5	0	1	1	0	0	0	1	0
214_sub6	0	1	1	0	0	0	1	0
214_sub7	0	1	1	0	0	0	1	0
214_sub8	0	1	1	0	0	0	1	0
214_sub9	0	1	1	0	0	0	1	0
214_sub10	0	1	1	0	0	0	1	0
214_sub11	0	1	0	1	0	0	0	1
2144_sub0	0	1	0	1	0	0	0	1
2144_sub1	0	1	0	1	0	0	0	1
2144_sub2	0	5	4	1	0	0	4	1
2144_sub3	0	1	1	0	0	0	1	0
2144_sub4	0	1	1	0	0	0	1	0
2149_sub0	1	7	4	3	4	3	0	0
2149_sub1	0	1	0	1	0	0	0	1
2149_sub2	0	1	0	1	0	0	0	1
2151_sub0	0	1	1	0	0	0	1	0
2151_sub1	0	5	3	2	0	0	3	2
2151_sub2	0	1	0	1	0	0	0	1
2153_sub0	0	1	0	1	0	0	0	1
2153_sub1	1	6	5	1	5	1	0	0
2153_sub2	0	1	1	0	0	0	1	0
2153_sub3	0	1	1	0	0	0	1	0
216_sub0	0	1	0	1	0	0	0	1
216_sub1	1	9	5	4	5	4	0	0
216_sub2	0	1	0	1	0	0	0	1
216_sub3	0	1	0	1	0	0	0	1
2161_sub0	0	1	0	1	0	0	0	1
2161_sub1	0	3	2	1	0	0	2	1
2161_sub2	0	1	0	1	0	0	0	1
2161_sub3	0	1	0	1	0	0	0	1
2172_sub0	1	7	2	5	2	5	0	0
2172_sub1	0	1	1	0	0	0	1	0
2172_sub2	0	1	0	1	0	0	0	1
2172_sub3	0	1	0	1	0	0	0	1
2176_sub0	1	7	1	6	1	6	0	0
2184_sub0	0	1	0	1	0	0	0	1
2184_sub1	0	1	1	0	0	0	1	0
2184_sub2	0	1	0	1	0	0	0	1
2184_sub3	0	4	1	3	0	0	1	3
2185_sub0	0	1	0	1	0	0	0	1
2185_sub1	1	12	9	3	9	3	0	0
2185_sub2	0	1	0	1	0	0	0	1
2185_sub3	0	1	0	1	0	0	0	1
2192_sub0	0	1	1	0	0	0	1	0
2192_sub1	1	7	2	5	2	5	0	0
2194_sub0	0	3	1	2	0	0	1	2
2194_sub1	0	1	0	1	0	0	0	1
2194_sub2	0	1	0	1	0	0	0	1
2194_sub3	0	1	1	0	0	0	1	0
2194_sub4	0	1	0	1	0	0	0	1
22_sub0	0	1	1	0	0	0	1	0
22_sub1	0	5	3	2	0	0	3	2
22_sub2	0	1	0	1	0	0	0	1
2200_sub0	1	10	2	8	2	8	0	0
2200_sub1	0	1	0	1	0	0	0	1
2206_sub0	0	1	0	1	0	0	0	1
2206_sub1	0	1	1	0	0	0	1	0
2206_sub2	0	1	0	1	0	0	0	1
2206_sub3	0	1	1	0	0	0	1	0
2206_sub4	1	6	5	1	5	1	0	0
2206_sub5	0	1	0	1	0	0	0	1
2206_sub6	0	1	1	0	0	0	1	0
221_sub0	0	1	0	1	0	0	0	1
221_sub1	1	7	3	4	3	4	0	0
2212_sub0	0	1	1	0	0	0	1	0
2212_sub1	0	5	1	4	0	0	1	4
2212_sub2	0	1	0	1	0	0	0	1
2219_sub0	0	5	3	2	0	0	3	2
2219_sub1	0	1	0	1	0	0	0	1
2219_sub2	0	1	1	0	0	0	1	0
222_sub0	0	1	1	0	0	0	1	0
222_sub1	1	6	3	3	3	3	0	0
222_sub2	0	1	1	0	0	0	1	0
222_sub3	0	1	0	1	0	0	0	1
222_sub4	0	1	0	1	0	0	0	1
222_sub5	0	1	1	0	0	0	1	0
2223_sub0	0	5	1	4	0	0	1	4
2223_sub1	0	1	0	1	0	0	0	1
2227_sub0	1	6	4	2	4	2	0	0
2227_sub1	0	1	1	0	0	0	1	0
2230_sub0	0	1	0	1	0	0	0	1
2230_sub1	1	11	4	7	4	7	0	0
2230_sub2	0	1	0	1	0	0	0	1
2232_sub0	1	7	5	2	5	2	0	0
2232_sub1	0	1	1	0	0	0	1	0
2232_sub2	0	1	0	1	0	0	0	1
2232_sub3	0	1	0	1	0	0	0	1
2234_sub0	1	6	4	2	4	2	0	0
2234_sub1	0	1	0	1	0	0	0	1
2234_sub2	0	1	0	1	0	0	0	1
2234_sub3	0	1	1	0	0	0	1	0
2235_sub0	1	8	4	4	4	4	0	0
2235_sub1	0	1	0	1	0	0	0	1
2235_sub2	0	1	1	0	0	0	1	0
2235_sub3	0	1	1	0	0	0	1	0
2235_sub4	0	1	1	0	0	0	1	0
2235_sub5	0	1	0	1	0	0	0	1
2235_sub6	0	1	1	0	0	0	1	0
2236_sub0	0	1	0	1	0	0	0	1
2236_sub1	0	2	1	1	0	0	1	1
2236_sub2	0	1	0	1	0	0	0	1
2236_sub3	0	1	0	1	0	0	0	1
2236_sub4	0	1	0	1	0	0	0	1
2236_sub5	0	1	0	1	0	0	0	1
224_sub0	0	1	1	0	0	0	1	0
224_sub1	0	1	1	0	0	0	1	0
224_sub2	0	1	0	1	0	0	0	1
224_sub3	0	3	1	2	0	0	1	2
224_sub4	0	2	0	2	0	0	0	2
224_sub5	0	1	0	1	0	0	0	1
224_sub6	0	1	0	1	0	0	0	1
2245_sub0	0	1	0	1	0	0	0	1
2245_sub1	1	6	2	4	2	4	0	0
2245_sub2	0	1	0	1	0	0	0	1
2250_sub0	0	3	0	3	0	0	0	3
2250_sub1	0	1	0	1	0	0	0	1
2250_sub2	0	1	1	0	0	0	1	0
2250_sub3	0	1	1	0	0	0	1	0
2250_sub4	0	1	1	0	0	0	1	0
2252_sub0	1	6	3	3	3	3	0	0
2252_sub1	0	1	1	0	0	0	1	0
2252_sub2	0	1	0	1	0	0	0	1
2255_sub0	0	1	0	1	0	0	0	1
2255_sub1	1	6	3	3	3	3	0	0
2255_sub2	0	1	1	0	0	0	1	0
2255_sub3	0	1	1	0	0	0	1	0
226_sub0	0	1	0	1	0	0	0	1
226_sub1	1	6	4	2	4	2	0	0
226_sub2	0	1	0	1	0	0	0	1
226_sub3	0	1	0	1	0	0	0	1
226_sub4	0	1	0	1	0	0	0	1
2262_sub0	1	13	8	5	8	5	0	0
2262_sub1	0	1	0	1	0	0	0	1
2271_sub0	0	1	1	0	0	0	1	0
2271_sub1	1	6	2	4	2	4	0	0
2273_sub0	1	12	6	6	6	6	0	0
2273_sub1	0	1	0	1	0	0	0	1
2273_sub2	0	1	1	0	0	0	1	0
2273_sub3	0	1	1	0	0	0	1	0
2273_sub4	0	1	0	1	0	0	0	1
2273_sub5	0	1	0	1	0	0	0	1
2273_sub6	0	1	0	1	0	0	0	1
2280_sub0	0	1	0	1	0	0	0	1
2280_sub1	0	5	1	4	0	0	1	4
2280_sub2	0	1	1	0	0	0	1	0
2280_sub3	0	1	1	0	0	0	1	0
2281_sub0	1	15	5	10	5	10	0	0
2281_sub1	0	1	1	0	0	0	1	0
2289_sub0	0	5	2	3	0	0	2	3
2289_sub1	0	1	0	1	0	0	0	1
2289_sub2	0	1	1	0	0	0	1	0
2291_sub0	0	1	0	1	0	0	0	1
2291_sub1	0	4	2	2	0	0	2	2
2291_sub2	0	1	0	1	0	0	0	1
2295_sub0	1	6	3	3	3	3	0	0
2295_sub1	0	1	1	0	0	0	1	0
2296_sub0	0	1	0	1	0	0	0	1
2296_sub1	0	1	1	0	0	0	1	0
2296_sub2	0	1	0	1	0	0	0	1
2296_sub3	0	4	3	1	0	0	3	1
2296_sub4	0	1	1	0	0	0	1	0
2296_sub5	0	1	0	1	0	0	0	1
2296_sub6	0	1	0	1	0	0	0	1
2297_sub0	0	1	0	1	0	0	0	1
2297_sub1	0	2	1	1	0	0	1	1
2297_sub2	0	1	1	0	0	0	1	0
2297_sub3	0	1	1	0	0	0	1	0
2297_sub4	0	1	1	0	0	0	1	0
2298_sub0	1	8	5	3	5	3	0	0
2298_sub1	0	1	0	1	0	0	0	1
23_sub0	0	1	1	0	0	0	1	0
23_sub1	1	11	3	8	3	8	0	0
2302_sub0	0	1	1	0	0	0	1	0
2302_sub1	1	9	2	7	2	7	0	0
2303_sub0	0	1	1	0	0	0	1	0
2303_sub1	1	9	3	6	3	6	0	0
2303_sub2	0	1	0	1	0	0	0	1
2303_sub3	0	1	1	0	0	0	1	0
2303_sub4	0	1	1	0	0	0	1	0
2307_sub0	0	5	3	2	0	0	3	2
2307_sub1	0	1	1	0	0	0	1	0
2307_sub2	0	1	0	1	0	0	0	1
2307_sub3	0	1	0	1	0	0	0	1
2309_sub0	1	6	2	4	2	4	0	0
2322_sub0	0	1	1	0	0	0	1	0
2322_sub1	1	8	3	5	3	5	0	0
2324_sub0	1	9	5	4	5	4	0	0
2324_sub1	0	1	1	0	0	0	1	0
2324_sub2	0	1	1	0	0	0	1	0
2324_sub3	0	1	1	0	0	0	1	0
2326_sub0	1	9	4	5	4	5	0	0
2326_sub1	0	1	0	1	0	0	0	1
2326_sub2	0	1	1	0	0	0	1	0
2326_sub3	0	1	1	0	0	0	1	0
233_sub0	0	1	0	1	0	0	0	1
233_sub1	0	1	0	1	0	0	0	1
233_sub2	0	1	1	0	0	0	1	0
233_sub3	0	1	0	1	0	0	0	1
233_sub4	0	1	0	1	0	0	0	1
233_sub5	0	1	1	0	0	0	1	0
233_sub6	0	1	0	1	0	0	0	1
2335_sub0	1	10	3	7	3	7	0	0
2339_sub0	1	8	6	2	6	2	0	0
2339_sub1	0	1	1	0	0	0	1	0
2342_sub0	0	1	1	0	0	0	1	0
2342_sub1	1	11	3	8	3	8	0	0
2342_sub2	0	1	1	0	0	0	1	0
2347_sub0	1	8	4	4	4	4	0	0
2347_sub1	0	1	1	0	0	0	1	0
2347_sub2	0	1	0	1	0	0	0	1
2348_sub0	1	6	4	2	4	2	0	0
2348_sub1	0	1	1	0	0	0	1	0
2348_sub2	0	1	0	1	0	0	0	1
2349_sub0	0	1	1	0	0	0	1	0
2349_sub1	0	5	2	3	0	0	2	3
2349_sub2	0	1	1	0	0	0	1	0
2349_sub3	0	1	0	1	0	0	0	1
2353_sub0	1	9	1	8	1	8	0	0
2353_sub1	0	1	0	1	0	0	0	1
2353_sub2	0	1	0	1	0	0	0	1
2353_sub3	0	1	0	1	0	0	0	1
2366_sub0	0	1	0	1	0	0	0	1
2366_sub1	0	4	3	1	0	0	3	1
2366_sub2	0	1	1	0	0	0	1	0
2366_sub3	0	1	0	1	0	0	0	1
2366_sub4	0	1	1	0	0	0	1	0
2366_sub5	0	1	1	0	0	0	1	0
2366_sub6	0	1	0	1	0	0	0	1
2366_sub7	0	1	0	1	0	0	0	1
2368_sub0	0	1	0	1	0	0	0	1
2368_sub1	1	6	3	3	3	3	0	0
237_sub0	0	1	0	1	0	0	0	1
237_sub1	1	9	4	5	4	5	0	0
237_sub2	0	1	0	1	0	0	0	1
237_sub3	0	1	1	0	0	0	1	0
237_sub4	0	1	1	0	0	0	1	0
2370_sub0	0	1	1	0	0	0	1	0
2370_sub1	1	21	9	12	9	11	0	1
2370_sub2	0	1	1	0	0	0	1	0
2372_sub0	0	1	0	1	0	0	0	1
2372_sub1	0	5	4	1	0	0	4	1
2372_sub2	0	1	0	1	0	0	0	1
2373_sub0	0	1	0	1	0	0	0	1
2373_sub1	0	1	0	1	0	0	0	1
2373_sub2	0	1	0	1	0	0	0	1
2373_sub3	0	2	2	0	0	0	2	0
2373_sub4	0	1	1	0	0	0	1	0
2373_sub5	0	1	0	1	0	0	0	1
2373_sub6	0	1	0	1	0	0	0	1
2379_sub0	1	12	5	7	5	7	0	0
2379_sub1	0	1	0	1	0	0	0	1
2379_sub2	0	1	1	0	0	0	1	0
2379_sub3	0	1	1	0	0	0	1	0
2379_sub4	0	1	0	1	0	0	0	1
2379_sub5	0	1	0	1	0	0	0	1
2379_sub6	0	1	0	1	0	0	0	1
2379_sub7	0	1	0	1	0	0	0	1
2399_sub0	1	8	4	4	4	4	0	0
2399_sub1	0	1	1	0	0	0	1	0
240_sub0	0	1	0	1	0	0	0	1
240_sub1	0	1	0	1	0	0	0	1
240_sub2	0	1	0	1	0	0	0	1
240_sub3	1	11	5	6	5	6	0	0
240_sub4	0	1	1	0	0	0	1	0
240_sub5	0	1	0	1	0	0	0	1
240_sub6	0	1	0	1	0	0	0	1
2400_sub0	0	5	3	2	0	0	3	2
2400_sub1	0	1	1	0	0	0	1	0
2400_sub2	0	1	1	0	0	0	1	0
2403_sub0	0	1	0	1	0	0	0	1
2403_sub1	0	5	1	4	0	0	1	4
241_sub0	0	1	0	1	0	0	0	1
241_sub1	0	4	0	4	0	0	0	4
241_sub2	0	1	1	0	0	0	1	0
241_sub3	0	1	1	0	0	0	1	0
241_sub4	0	1	1	0	0	0	1	0
2410_sub0	0	1	0	1	0	0	0	1
2410_sub1	1	13	3	10	3	10	0	0
2410_sub2	0	1	0	1	0	0	0	1
2410_sub3	0	1	1	0	0	0	1	0
2417_sub0	1	8	5	3	5	3	0	0
2417_sub1	0	1	1	0	0	0	1	0
2417_sub2	0	1	0	1	0	0	0	1
2420_sub0	0	1	0	1	0	0	0	1
2420_sub1	1	16	5	11	5	11	0	0
2420_sub2	0	1	1	0	0	0	1	0
2420_sub3	0	1	0	1	0	0	0	1
2422_sub0	0	1	0	1	0	0	0	1
2422_sub1	0	1	0	1	0	0	0	1
2422_sub2	0	1	1	0	0	0	1	0
2422_sub3	0	1	1	0	0	0	1	0
2422_sub4	0	1	0	1	0	0	0	1
2422_sub5	0	1	0	1	0	0	0	1
2422_sub6	0	1	1	0	0	0	1	0
2422_sub7	0	1	0	1	0	0	0	1
2422_sub8	0	1	1	0	0	0	1	0
2426_sub0	0	1	1	0	0	0	1	0
2426_sub1	0	1	0	1	0	0	0	1
2426_sub2	1	8	3	5	3	5	0	0
2426_sub3	0	1	1	0	0	0	1	0
2426_sub4	0	1	0	1	0	0	0	1
2433_sub0	0	1	0	1	0	0	0	1
2433_sub1	1	11	2	9	2	9	0	0
2443_sub0	1	13	8	5	8	5	0	0
2443_sub1	0	1	1	0	0	0	1	0
2443_sub2	0	1	0	1	0	0	0	1
2443_sub3	0	1	0	1	0	0	0	1
2444_sub0	1	8	3	5	3	5	0	0
245_sub0	0	1	0	1	0	0	0	1
245_sub1	1	11	5	6	5	6	0	0
2451_sub0	1	10	1	9	1	9	0	0
2451_sub1	0	1	0	1	0	0	0	1
2451_sub2	0	1	0	1	0	0	0	1
2451_sub3	0	1	0	1	0	0	0	1
2451_sub4	0	1	0	1	0	0	0	1
2452_sub0	1	8	4	4	4	4	0	0
2452_sub1	0	1	1	0	0	0	1	0
2452_sub2	0	1	0	1	0	0	0	1
2452_sub3	0	1	1	0	0	0	1	0
2452_sub4	0	1	0	1	0	0	0	1
2457_sub0	1	6	1	5	1	5	0	0
2457_sub1	0	1	1	0	0	0	1	0
2457_sub2	0	1	0	1	0	0	0	1
2457_sub3	0	1	1	0	0	0	1	0
246_sub0	0	1	1	0	0	0	1	0
246_sub1	0	1	0	1	0	0	0	1
246_sub2	0	1	0	1	0	0	0	1
246_sub3	0	4	2	2	0	0	2	2
246_sub4	0	1	0	1	0	0	0	1
2461_sub0	0	1	0	1	0	0	0	1
2461_sub1	0	5	2	3	0	0	2	3
2467_sub0	0	1	1	0	0	0	1	0
2467_sub1	0	1	0	1	0	0	0	1
2467_sub2	0	3	1	2	0	0	1	2
2467_sub3	0	1	0	1	0	0	0	1
2467_sub4	0	1	0	1	0	0	0	1
2467_sub5	0	1	0	1	0	0	0	1
2478_sub0	1	11	5	6	5	6	0	0
2478_sub1	0	1	0	1	0	0	0	1
2483_sub0	0	1	0	1	0	0	0	1
2483_sub1	1	9	4	5	4	5	0	0
2483_sub2	0	1	0	1	0	0	0	1
2489_sub0	1	13	7	6	7	6	0	0
2489_sub1	0	1	0	1	0	0	0	1
2489_sub2	0	1	0	1	0	0	0	1
2489_sub3	0	1	1	0	0	0	1	0
2489_sub4	0	1	0	1	0	0	0	1
249_sub0	0	1	0	1	0	0	0	1
249_sub1	0	1	0	1	0	0	0	1
249_sub2	1	12	5	7	5	7	0	0
249_sub3	0	1	1	0	0	0	1	0
249_sub4	0	1	1	0	0	0	1	0
249_sub5	0	1	0	1	0	0	0	1
249_sub6	0	1	0	1	0	0	0	1
249_sub7	0	1	0	1	0	0	0	1
2491_sub0	1	8	1	7	1	7	0	0
2491_sub1	0	1	1	0	0	0	1	0
2491_sub2	0	1	0	1	0	0	0	1
2493_sub0	0	1	0	1	0	0	0	1
2493_sub1	0	4	3	1	0	0	3	1
2493_sub2	0	1	1	0	0	0	1	0
2494_sub0	1	9	5	4	5	4	0	0
2494_sub1	0	1	0	1	0	0	0	1
2494_sub2	0	1	1	0	0	0	1	0
2494_sub3	0	1	1	0	0	0	1	0
2498_sub0	0	1	1	0	0	0	1	0
2498_sub1	0	4	1	3	0	0	1	3
2498_sub2	0	1	0	1	0	0	0	1
25_sub0	0	1	0	1	0	0	0	1
25_sub1	1	9	4	5	4	5	0	0
2501_sub0	1	13	2	11	2	11	0	0
2501_sub1	0	1	1	0	0	0	1	0
2501_sub2	0	1	0	1	0	0	0	1
2501_sub3	0	1	0	1	0	0	0	1
2503_sub0	1	6	4	2	4	2	0	0
2503_sub1	0	1	0	1	0	0	0	1
2503_sub2	0	1	0	1	0	0	0	1
2503_sub3	0	1	0	1	0	0	0	1
2507_sub0	0	1	1	0	0	0	1	0
2507_sub1	0	1	0	1	0	0	0	1
2507_sub2	0	1	0	1	0	0	0	1
2507_sub3	0	3	2	1	0	0	2	1
251_sub0	0	1	0	1	0	0	0	1
251_sub1	1	9	1	8	1	8	0	0
251_sub2	0	1	0	1	0	0	0	1
2522_sub0	0	5	3	2	0	0	3	2
2522_sub1	0	1	1	0	0	0	1	0
2522_sub2	0	1	1	0	0	0	1	0
2525_sub0	0	5	2	3	0	0	2	3
2525_sub1	0	1	0	1	0	0	0	1
2525_sub2	0	1	0	1	0	0	0	1
2525_sub3	0	1	0	1	0	0	0	1
2525_sub4	0	1	1	0	0	0	1	0
2525_sub5	0	1	0	1	0	0	0	1
2526_sub0	0	1	1	0	0	0	1	0
2526_sub1	1	14	4	10	4	10	0	0
2526_sub2	0	1	0	1	0	0	0	1
2530_sub0	0	1	0	1	0	0	0	1
2530_sub1	1	8	6	2	6	2	0	0
2532_sub0	0	1	1	0	0	0	1	0
2532_sub1	1	14	4	10	4	10	0	0
2538_sub0	1	8	4	4	4	4	0	0
2538_sub1	0	1	0	1	0	0	0	1
2538_sub2	0	1	0	1	0	0	0	1
2538_sub3	0	1	1	0	0	0	1	0
2538_sub4	0	1	0	1	0	0	0	1
2538_sub5	0	1	1	0	0	0	1	0
254_sub0	0	1	0	1	0	0	0	1
254_sub1	0	1	0	1	0	0	0	1
254_sub2	1	11	6	5	6	5	0	0
254_sub3	0	1	0	1	0	0	0	1
254_sub4	0	1	1	0	0	0	1	0
2542_sub0	1	9	6	3	6	3	0	0
2546_sub0	0	1	0	1	0	0	0	1
2546_sub1	1	6	3	3	3	3	0	0
2546_sub2	0	1	1	0	0	0	1	0
2546_sub3	0	1	0	1	0	0	0	1
2546_sub4	0	1	0	1	0	0	0	1
2546_sub5	0	2	2	0	0	0	2	0
2546_sub6	0	1	1	0	0	0	1	0
2547_sub0	1	9	5	4	5	4	0	0
2547_sub1	0	1	0	1	0	0	0	1
2547_sub2	0	1	1	0	0	0	1	0
2547_sub3	0	1	0	1	0	0	0	1
2547_sub4	0	1	0	1	0	0	0	1
255_sub0	0	1	1	0	0	0	1	0
255_sub1	1	8	5	3	5	3	0	0
255_sub2	0	1	1	0	0	0	1	0
2552_sub0	1	8	2	6	2	6	0	0
2555_sub0	0	5	4	1	0	0	4	1
2555_sub1	0	1	1	0	0	0	1	0
2555_sub2	0	1	1	0	0	0	1	0
2555_sub3	0	1	0	1	0	0	0	1
2555_sub4	0	1	1	0	0	0	1	0
2557_sub0	0	4	0	4	0	0	0	4
2557_sub1	0	1	1	0	0	0	1	0
2557_sub2	0	1	0	1	0	0	0	1
2557_sub3	0	1	0	1	0	0	0	1
2557_sub4	0	1	1	0	0	0	1	0
2561_sub0	1	6	2	4	2	4	0	0
2561_sub1	0	1	0	1	0	0	0	1
2565_sub0	0	1	0	1	0	0	0	1
2565_sub1	0	1	1	0	0	0	1	0
2565_sub2	0	1	1	0	0	0	1	0
2565_sub3	0	1	1	0	0	0	1	0
2565_sub4	0	1	0	1	0	0	0	1
2565_sub5	0	1	0	1	0	0	0	1
2565_sub6	0	1	1	0	0	0	1	0
2576_sub0	1	7	2	5	2	5	0	0
2576_sub1	0	1	0	1	0	0	0	1
2579_sub0	0	1	0	1	0	0	0	1
2579_sub1	0	1	1	0	0	0	1	0
2579_sub2	0	1	0	1	0	0	0	1
2579_sub3	0	1	0	1	0	0	0	1
2579_sub4	0	1	1	0	0	0	1	0
2579_sub5	0	1	0	1	0	0	0	1
258_sub0	0	1	0	1	0	0	0	1
258_sub1	0	1	1	0	0	0	1	0
258_sub2	0	4	2	2	0	0	2	2
2587_sub0	1	6	2	4	2	4	0	0
2591_sub0	0	1	0	1	0	0	0	1
2591_sub1	0	4	1	3	0	0	1	3
2591_sub2	0	1	0	1	0	0	0	1
2595_sub0	1	6	1	5	1	5	0	0
2595_sub1	0	1	0	1	0	0	0	1
2595_sub2	0	1	0	1	0	0	0	1
2595_sub3	0	1	0	1	0	0	0	1
2595_sub4	0	1	1	0	0	0	1	0
2595_sub5	0	1	1	0	0	0	1	0
2604_sub0	1	8	4	4	4	4	0	0
2604_sub1	0	1	0	1	0	0	0	1
2604_sub2	0	1	1	0	0	0	1	0
2609_sub0	0	1	0	1	0	0	0	1
2609_sub1	1	7	3	4	3	4	0	0
2609_sub2	0	1	1	0	0	0	1	0
2609_sub3	0	1	1	0	0	0	1	0
2609_sub4	0	1	0	1	0	0	0	1
2609_sub5	0	1	0	1	0	0	0	1
261_sub0	0	1	0	1	0	0	0	1
261_sub1	0	4	2	2	0	0	2	2
261_sub2	0	1	0	1	0	0	0	1
261_sub3	0	1	0	1	0	0	0	1
2616_sub0	0	1	0	1	0	0	0	1
2616_sub1	1	9	5	4	5	4	0	0
2625_sub0	0	1	1	0	0	0	1	0
2625_sub1	1	6	3	3	3	3	0	0
2628_sub0	1	16	8	8	8	8	0	0
2628_sub1	0	1	0	1	0	0	0	1
2628_sub2	0	1	0	1	0	0	0	1
2628_sub3	0	1	1	0	0	0	1	0
2633_sub0	0	1	0	1	0	0	0	1
2633_sub1	0	5	3	2	0	0	3	2
2638_sub0	0	1	1	0	0	0	1	0
2638_sub1	1	8	5	3	5	3	0	0
2638_sub2	0	1	1	0	0	0	1	0
2638_sub3	0	1	1	0	0	0	1	0
264_sub0	0	1	1	0	0	0	1	0
264_sub1	1	6	3	3	3	3	0	0
264_sub2	0	1	1	0	0	0	1	0
2642_sub0	0	1	0	1	0	0	0	1
2642_sub1	0	5	3	2	0	0	3	2
2649_sub0	1	10	8	2	8	2	0	0
2649_sub1	0	1	1	0	0	0	1	0
2649_sub2	0	1	1	0	0	0	1	0
2649_sub3	0	1	0	1	0	0	0	1
2649_sub4	0	1	0	1	0	0	0	1
2649_sub5	0	1	0	1	0	0	0	1
2650_sub0	1	12	5	7	5	7	0	0
2653_sub0	0	1	1	0	0	0	1	0
2653_sub1	0	5	1	4	0	0	1	4
2653_sub2	0	1	0	1	0	0	0	1
266_sub0	0	1	0	1	0	0	0	1
266_sub1	1	11	6	5	6	5	0	0
266_sub2	0	1	0	1	0	0	0	1
266_sub3	0	1	1	0	0	0	1	0
266_sub4	0	1	0	1	0	0	0	1
2664_sub0	0	1	1	0	0	0	1	0
2664_sub1	1	6	4	2	4	2	0	0
2665_sub0	1	6	1	5	1	5	0	0
2665_sub1	0	1	1	0	0	0	1	0
2665_sub2	0	1	0	1	0	0	0	1
2665_sub3	0	1	0	1	0	0	0	1
2668_sub0	1	12	6	6	6	6	0	0
2669_sub0	0	1	0	1	0	0	0	1
2669_sub1	0	1	0	1	0	0	0	1
2669_sub2	0	1	0	1	0	0	0	1
2669_sub3	0	1	1	0	0	0	1	0
2669_sub4	0	1	0	1	0	0	0	1
2669_sub5	0	1	0	1	0	0	0	1
2669_sub6	0	1	1	0	0	0	1	0
2669_sub7	0	1	1	0	0	0	1	0
2675_sub0	1	15	6	9	6	9	0	0
2675_sub1	0	1	1	0	0	0	1	0
2675_sub2	0	1	1	0	0	0	1	0
2675_sub3	0	1	0	1	0	0	0	1
2675_sub4	0	1	0	1	0	0	0	1
2675_sub5	0	1	1	0	0	0	1	0
2675_sub6	0	1	1	0	0	0	1	0
2688_sub0	0	1	1	0	0	0	1	0
2688_sub1	0	1	0	1	0	0	0	1
2688_sub2	0	2	0	2	0	0	0	2
2688_sub3	0	1	1	0	0	0	1	0
2688_sub4	0	1	0	1	0	0	0	1
2691_sub0	0	3	1	2	0	0	1	2
2691_sub1	0	1	0	1	0	0	0	1
2691_sub2	0	1	1	0	0	0	1	0
2691_sub3	0	1	0	1	0	0	0	1
2695_sub0	0	1	1	0	0	0	1	0
2695_sub1	1	8	2	6	2	6	0	0
27_sub0	0	1	0	1	0	0	0	1
27_sub1	0	1	1	0	0	0	1	0
27_sub2	1	6	3	3	3	3	0	0
27_sub3	0	1	1	0	0	0	1	0
27_sub4	0	1	1	0	0	0	1	0
27_sub5	0	1	0	1	0	0	0	1
27_sub6	0	1	0	1	0	0	0	1
2705_sub0	0	1	0	1	0	0	0	1
2705_sub1	1	10	3	7	3	7	0	0
2705_sub2	0	1	0	1	0	0	0	1
2705_sub3	0	1	0	1	0	0	0	1
2721_sub0	1	10	5	5	5	5	0	0
2721_sub1	0	1	1	0	0	0	1	0
2721_sub2	0	1	1	0	0	0	1	0
2721_sub3	0	1	1	0	0	0	1	0
2721_sub4	0	1	1	0	0	0	1	0
2721_sub5	0	1	0	1	0	0	0	1
2737_sub0	0	5	3	2	0	0	3	2
2737_sub1	0	1	0	1	0	0	0	1
2737_sub2	0	1	0	1	0	0	0	1
2737_sub3	0	1	0	1	0	0	0	1
2742_sub0	0	1	0	1	0	0	0	1
2742_sub1	1	13	5	8	5	8	0	0
2742_sub2	0	1	1	0	0	0	1	0
2743_sub0	1	15	8	7	8	7	0	0
2743_sub1	0	1	0	1	0	0	0	1
2743_sub2	0	1	0	1	0	0	0	1
2743_sub3	0	1	1	0	0	0	1	0
2743_sub4	0	1	0	1	0	0	0	1
2751_sub0	1	6	2	4	2	4	0	0
2751_sub1	0	1	1	0	0	0	1	0
2751_sub2	0	1	1	0	0	0	1	0
2754_sub0	0	1	0	1	0	0	0	1
2754_sub1	0	4	1	3	0	0	1	3
2754_sub2	0	1	0	1	0	0	0	1
276_sub0	0	1	0	1	0	0	0	1
276_sub1	1	6	4	2	4	2	0	0
276_sub2	0	1	0	1	0	0	0	1
276_sub3	0	1	1	0	0	0	1	0
276_sub4	0	1	0	1	0	0	0	1
276_sub5	0	1	1	0	0	0	1	0
276_sub6	0	1	1	0	0	0	1	0
2762_sub0	0	1	0	1	0	0	0	1
2762_sub1	0	5	1	4	0	0	1	4
2762_sub2	0	1	1	0	0	0	1	0
2762_sub3	0	1	0	1	0	0	0	1
2763_sub0	1	10	6	4	6	4	0	0
2763_sub1	0	1	1	0	0	0	1	0
2767_sub0	0	1	1	0	0	0	1	0
2767_sub1	1	13	6	7	6	7	0	0
2767_sub2	0	1	1	0	0	0	1	0
2774_sub0	1	15	9	6	9	6	0	0
2775_sub0	1	6	2	4	2	4	0	0
2775_sub1	0	1	0	1	0	0	0	1
2775_sub2	0	1	1	0	0	0	1	0
2775_sub3	0	1	1	0	0	0	1	0
2775_sub4	0	1	0	1	0	0	0	1
2775_sub5	0	1	0	1	0	0	0	1
2775_sub6	0	1	0	1	0	0	0	1
2775_sub7	0	1	0	1	0	0	0	1
2782_sub0	0	1	1	0	0	0	1	0
2782_sub1	1	10	5	5	5	5	0	0
2786_sub0	0	1	0	1	0	0	0	1
2786_sub1	0	5	3	2	0	0	3	2
2786_sub2	0	1	1	0	0	0	1	0
2790_sub0	0	5	3	2	0	0	3	2
2790_sub1	0	1	1	0	0	0	1	0
2790_sub2	0	1	1	0	0	0	1	0
2790_sub3	0	1	0	1	0	0	0	1
2790_sub4	0	1	1	0	0	0	1	0
2790_sub5	0	1	0	1	0	0	0	1
2797_sub0	0	1	1	0	0	0	1	0
2797_sub1	0	1	0	1	0	0	0	1
2797_sub2	0	5	1	4	0	0	1	4
2799_sub0	0	1	1	0	0	0	1	0
2799_sub1	1	15	11	4	11	4	0	0
2799_sub2	0	1	0	1	0	0	0	1
2799_sub3	0	1	0	1	0	0	0	1
2799_sub4	0	1	0	1	0	0	0	1
2806_sub0	0	1	1	0	0	0	1	0
2806_sub1	0	2	0	2	0	0	0	2
2806_sub2	0	1	1	0	0	0	1	0
2806_sub3	0	1	1	0	0	0	1	0
2806_sub4	0	1	0	1	0	0	0	1
2806_sub5	0	1	1	0	0	0	1	0
2806_sub6	0	1	1	0	0	0	1	0
281_sub0	0	1	0	1	0	0	0	1
281_sub1	1	7	4	3	4	3	0	0
281_sub2	0	1	1	0	0	0	1	0
281_sub3	0	1	1	0	0	0	1	0
2812_sub0	1	7	4	3	4	3	0	0
2812_sub1	0	1	1	0	0	0	1	0
2812_sub2	0	1	0	1	0	0	0	1
2812_sub3	0	1	1	0	0	0	1	0
2816_sub0	0	1	1	0	0	0	1	0
2816_sub1	0	1	0	1	0	0	0	1
2816_sub2	0	1	0	1	0	0	0	1
2816_sub3	0	3	0	3	0	0	0	3
2816_sub4	0	1	1	0	0	0	1	0
2816_sub5	0	1	0	1	0	0	0	1
2816_sub6	0	1	1	0	0	0	1	0
2816_sub7	0	1	0	1	0	0	0	1
2816_sub8	0	1	0	1	0	0	0	1
2816_sub9	0	1	1	0	0	0	1	0
282_sub0	0	1	0	1	0	0	0	1
282_sub1	1	9	5	4	5	4	0	0
282_sub2	0	1	1	0	0	0	1	0
282_sub3	0	1	0	1	0	0	0	1
282_sub4	0	1	0	1	0	0	0	1
2820_sub0	0	1	0	1	0	0	0	1
2820_sub1	1	6	3	3	3	3	0	0
2820_sub2	0	1	1	0	0	0	1	0
2821_sub0	0	1	0	1	0	0	0	1
2821_sub1	0	5	3	2	0	0	3	2
2821_sub2	0	1	1	0	0	0	1	0
2822_sub0	1	6	3	3	3	3	0	0
2822_sub1	0	1	1	0	0	0	1	0
2822_sub2	0	1	0	1	0	0	0	1
2822_sub3	0	1	0	1	0	0	0	1
2822_sub4	0	1	0	1	0	0	0	1
2833_sub0	0	1	0	1	0	0	0	1
2833_sub1	1	7	4	3	4	3	0	0
2833_sub2	0	1	1	0	0	0	1	0
2833_sub3	0	1	0	1	0	0	0	1
2835_sub0	1	9	3	6	3	6	0	0
2837_sub0	0	1	1	0	0	0	1	0
2837_sub1	0	1	1	0	0	0	1	0
2837_sub2	0	1	0	1	0	0	0	1
2837_sub3	0	1	0	1	0	0	0	1
2837_sub4	0	1	1	0	0	0	1	0
2837_sub5	0	1	0	1	0	0	0	1
2839_sub0	1	9	6	3	6	3	0	0
2839_sub1	0	1	0	1	0	0	0	1
2839_sub2	0	1	0	1	0	0	0	1
2839_sub3	0	1	0	1	0	0	0	1
2839_sub4	0	1	1	0	0	0	1	0
2839_sub5	0	1	0	1	0	0	0	1
2842_sub0	0	1	0	1	0	0	0	1
2842_sub1	0	1	1	0	0	0	1	0
2842_sub2	0	1	1	0	0	0	1	0
2842_sub3	0	1	0	1	0	0	0	1
2842_sub4	0	1	0	1	0	0	0	1
2842_sub5	0	1	0	1	0	0	0	1
2845_sub0	0	1	1	0	0	0	1	0
2845_sub1	0	1	0	1	0	0	0	1
2845_sub2	0	5	5	0	0	0	5	0
2846_sub0	0	1	0	1	0	0	0	1
2846_sub1	0	1	0	1	0	0	0	1
2846_sub2	0	5	2	3	0	0	2	3
2846_sub3	0	1	0	1	0	0	0	1
2846_sub4	0	1	1	0	0	0	1	0
2849_sub0	0	1	0	1	0	0	0	1
2849_sub1	0	5	2	3	0	0	2	3
2849_sub2	0	1	1	0	0	0	1	0
2854_sub0	1	10	3	7	3	7	0	0
2854_sub1	0	1	1	0	0	0	1	0
2854_sub2	0	1	0	1	0	0	0	1
2854_sub3	0	1	0	1	0	0	0	1
2854_sub4	0	1	1	0	0	0	1	0
2855_sub0	1	7	4	3	4	3	0	0
2855_sub1	0	1	0	1	0	0	0	1
2855_sub2	0	1	0	1	0	0	0	1
2855_sub3	0	1	0	1	0	0	0	1
2861_sub0	1	12	3	9	3	9	0	0
2861_sub1	0	1	0	1	0	0	0	1
2861_sub2	0	1	0	1	0	0	0	1
2861_sub3	0	1	0	1	0	0	0	1
2861_sub4	0	1	0	1	0	0	0	1
2861_sub5	0	1	1	0	0	0	1	0
2865_sub0	1	11	3	8	3	8	0	0
2865_sub1	0	1	0	1	0	0	0	1
2865_sub2	0	1	1	0	0	0	1	0
2866_sub0	0	5	3	2	0	0	3	2
2866_sub1	0	1	1	0	0	0	1	0
2866_sub2	0	1	1	0	0	0	1	0
2866_sub3	0	1	1	0	0	0	1	0
2867_sub0	0	2	2	0	0	0	2	0
2867_sub1	0	1	1	0	0	0	1	0
2867_sub2	0	1	1	0	0	0	1	0
2867_sub3	0	1	0	1	0	0	0	1
2867_sub4	0	1	1	0	0	0	1	0
2868_sub0	1	16	10	6	10	6	0	0
2868_sub1	0	1	0	1	0	0	0	1
2868_sub2	0	1	1	0	0	0	1	0
287_sub0	0	1	1	0	0	0	1	0
287_sub1	0	1	0	1	0	0	0	1
287_sub2	0	1	0	1	0	0	0	1
287_sub3	0	1	1	0	0	0	1	0
287_sub4	0	1	0	1	0	0	0	1
287_sub5	0	1	1	0	0	0	1	0
287_sub6	0	1	0	1	0	0	0	1
2873_sub0	0	1	1	0	0	0	1	0
2873_sub1	0	1	1	0	0	0	1	0
2873_sub2	0	1	0	1	0	0	0	1
2873_sub3	0	1	0	1	0	0	0	1
2873_sub4	0	1	0	1	0	0	0	1
2873_sub5	0	1	0	1	0	0	0	1
2881_sub0	1	8	5	3	5	3	0	0
2881_sub1	0	1	0	1	0	0	0	1
2881_sub2	0	1	0	1	0	0	0	1
2883_sub0	0	5	3	2	0	0	3	2
2883_sub1	0	1	1	0	0	0	1	0
2883_sub2	0	1	1	0	0	0	1	0
2883_sub3	0	1	1	0	0	0	1	0
2885_sub0	1	6	3	3	3	3	0	0
2885_sub1	0	1	0	1	0	0	0	1
2885_sub2	0	1	0	1	0	0	0	1
2885_sub3	0	1	0	1	0	0	0	1
2885_sub4	0	1	0	1	0	0	0	1
2885_sub5	0	1	0	1	0	0	0	1
2885_sub6	0	1	0	1	0	0	0	1
2888_sub0	0	1	0	1	0	0	0	1
2888_sub1	0	1	1	0	0	0	1	0
2888_sub2	0	1	0	1	0	0	0	1
2888_sub3	0	1	0	1	0	0	0	1
2888_sub4	0	1	0	1	0	0	0	1
2888_sub5	0	1	1	0	0	0	1	0
2895_sub0	1	8	5	3	5	3	0	0
2895_sub1	0	1	0	1	0	0	0	1
2895_sub2	0	1	0	1	0	0	0	1
2895_sub3	0	1	1	0	0	0	1	0
2895_sub4	0	1	1	0	0	0	1	0
2895_sub5	0	1	0	1	0	0	0	1
2906_sub0	0	1	1	0	0	0	1	0
2906_sub1	0	1	1	0	0	0	1	0
2906_sub2	0	1	0	1	0	0	0	1
2906_sub3	0	1	0	1	0	0	0	1
2906_sub4	0	1	1	0	0	0	1	0
2906_sub5	0	1	1	0	0	0	1	0
2907_sub0	1	9	7	2	7	2	0	0
2907_sub1	0	1	1	0	0	0	1	0
2907_sub2	0	1	0	1	0	0	0	1
2907_sub3	0	1	1	0	0	0	1	0
2907_sub4	0	1	0	1	0	0	0	1
2909_sub0	1	9	2	7	2	7	0	0
2909_sub1	0	1	1	0	0	0	1	0
2909_sub2	0	1	0	1	0	0	0	1
2909_sub3	0	1	1	0	0	0	1	0
2913_sub0	0	1	0	1	0	0	0	1
2913_sub1	0	4	2	2	0	0	2	2
2913_sub2	0	1	1	0	0	0	1	0
2915_sub0	0	5	3	2	0	0	3	2
2915_sub1	0	1	1	0	0	0	1	0
2915_sub2	0	1	0	1	0	0	0	1
2921_sub0	1	9	4	5	4	5	0	0
2922_sub0	0	1	1	0	0	0	1	0
2922_sub1	0	4	2	2	0	0	2	2
2922_sub2	0	1	1	0	0	0	1	0
2926_sub0	1	7	6	1	6	1	0	0
2926_sub1	0	1	1	0	0	0	1	0
2929_sub0	0	4	2	2	0	0	2	2
2929_sub1	0	1	1	0	0	0	1	0
2929_sub2	0	1	1	0	0	0	1	0
2930_sub0	0	1	0	1	0	0	0	1
2930_sub1	1	6	1	5	1	5	0	0
2930_sub2	0	1	0	1	0	0	0	1
2930_sub3	0	1	1	0	0	0	1	0
2932_sub0	1	11	4	7	4	7	0	0
2932_sub1	0	1	0	1	0	0	0	1
2932_sub2	0	1	0	1	0	0	0	1
2934_sub0	0	3	1	2	0	0	1	2
2934_sub1	0	1	1	0	0	0	1	0
2934_sub2	0	1	0	1	0	0	0	1
2934_sub3	0	1	1	0	0	0	1	0
2938_sub0	0	1	0	1	0	0	0	1
2938_sub1	0	1	0	1	0	0	0	1
2938_sub2	0	1	1	0	0	0	1	0
2938_sub3	0	1	1	0	0	0	1	0
2938_sub4	0	1	0	1	0	0	0	1
2938_sub5	0	1	1	0	0	0	1	0
2938_sub6	0	1	1	0	0	0	1	0
2939_sub0	0	5	1	4	0	0	1	4
2939_sub1	0	1	1	0	0	0	1	0
2939_sub2	0	1	0	1	0	0	0	1
2939_sub3	0	1	1	0	0	0	1	0
2942_sub0	1	9	5	4	5	4	0	0
2942_sub1	0	1	0	1	0	0	0	1
2942_sub2	0	1	0	1	0	0	0	1
2943_sub0	0	1	1	0	0	0	1	0
2943_sub1	0	5	3	2	0	0	3	2
2946_sub0	0	1	1	0	0	0	1	0
2946_sub1	1	6	2	4	2	4	0	0
2946_sub2	0	1	0	1	0	0	0	1
2946_sub3	0	1	0	1	0	0	0	1
2947_sub0	1	6	3	3	3	3	0	0
2947_sub1	0	1	0	1	0	0	0	1
2947_sub2	0	1	1	0	0	0	1	0
2947_sub3	0	1	0	1	0	0	0	1
2947_sub4	0	1	0	1	0	0	0	1
2947_sub5	0	1	0	1	0	0	0	1
295_sub0	0	1	1	0	0	0	1	0
295_sub1	0	1	0	1	0	0	0	1
295_sub2	0	5	3	2	0	0	3	2
2961_sub0	1	6	3	3	3	3	0	0
2961_sub1	0	1	1	0	0	0	1	0
2961_sub2	0	1	0	1	0	0	0	1
2961_sub3	0	1	1	0	0	0	1	0
2961_sub4	0	1	0	1	0	0	0	1
2963_sub0	0	1	0	1	0	0	0	1
2963_sub1	0	1	1	0	0	0	1	0
2963_sub2	0	1	1	0	0	0	1	0
2963_sub3	0	1	1	0	0	0	1	0
2963_sub4	0	1	0	1	0	0	0	1
2963_sub5	0	1	0	1	0	0	0	1
2964_sub0	1	13	5	8	5	8	0	0
2964_sub1	0	1	1	0	0	0	1	0
2964_sub2	0	1	0	1	0	0	0	1
2964_sub3	0	1	0	1	0	0	0	1
2967_sub0	1	6	2	4	2	4	0	0
297_sub0	0	1	0	1	0	0	0	1
297_sub1	1	7	4	3	4	3	0	0
297_sub2	0	1	0	1	0	0	0	1
2971_sub0	0	5	1	4	0	0	1	4
2971_sub1	0	1	0	1	0	0	0	1
2971_sub2	0	1	1	0	0	0	1	0
2971_sub3	0	1	0	1	0	0	0	1
2971_sub4	0	1	0	1	0	0	0	1
2971_sub5	0	1	1	0	0	0	1	0
2971_sub6	0	1	0	1	0	0	0	1
2973_sub0	0	1	1	0	0	0	1	0
2973_sub1	0	1	0	1	0	0	0	1
2973_sub2	0	1	0	1	0	0	0	1
2973_sub3	0	1	1	0	0	0	1	0
2973_sub4	0	1	1	0	0	0	1	0
2973_sub5	0	1	0	1	0	0	0	1
2974_sub0	1	13	7	6	7	6	0	0
2974_sub1	0	1	0	1	0	0	0	1
2974_sub2	0	1	0	1	0	0	0	1
2974_sub3	0	1	1	0	0	0	1	0
2974_sub4	0	1	0	1	0	0	0	1
2974_sub5	0	1	0	1	0	0	0	1
2974_sub6	0	1	1	0	0	0	1	0
2982_sub0	0	1	0	1	0	0	0	1
2982_sub1	1	7	3	4	3	4	0	0
2982_sub2	0	1	1	0	0	0	1	0
2983_sub0	1	10	8	2	8	2	0	0
2983_sub1	0	1	0	1	0	0	0	1
2985_sub0	1	17	11	6	11	6	0	0
2985_sub1	0	1	0	1	0	0	0	1
2985_sub2	0	1	1	0	0	0	1	0
2985_sub3	0	1	0	1	0	0	0	1
2991_sub0	1	8	3	5	3	5	0	0
2991_sub1	0	1	0	1	0	0	0	1
2991_sub2	0	1	1	0	0	0	1	0
2991_sub3	0	1	1	0	0	0	1	0
2998_sub0	1	8	4	4	4	4	0	0
2998_sub1	0	1	0	1	0	0	0	1
2998_sub2	0	1	1	0	0	0	1	0
2998_sub3	0	1	1	0	0	0	1	0
2998_sub4	0	1	0	1	0	0	0	1
2998_sub5	0	1	1	0	0	0	1	0
3005_sub0	1	9	3	6	3	6	0	0
3005_sub1	0	1	1	0	0	0	1	0
3005_sub2	0	1	1	0	0	0	1	0
3006_sub0	1	9	7	2	7	2	0	0
3006_sub1	0	1	0	1	0	0	0	1
3006_sub2	0	1	1	0	0	0	1	0
3006_sub3	0	1	1	0	0	0	1	0
3007_sub0	0	4	2	2	0	0	2	2
3007_sub1	0	1	0	1	0	0	0	1
3007_sub2	0	1	0	1	0	0	0	1
3013_sub0	0	4	2	2	0	0	2	2
3013_sub1	0	1	0	1	0	0	0	1
3013_sub2	0	1	0	1	0	0	0	1
3015_sub0	0	1	0	1	0	0	0	1
3015_sub1	0	5	2	3	0	0	2	3
3015_sub2	0	1	1	0	0	0	1	0
303_sub0	0	1	0	1	0	0	0	1
303_sub1	1	7	4	3	4	3	0	0
3030_sub0	1	6	4	2	4	2	0	0
3030_sub1	0	1	1	0	0	0	1	0
3030_sub2	0	1	1	0	0	0	1	0
3030_sub3	0	1	0	1	0	0	0	1
3030_sub4	0	1	0	1	0	0	0	1
3030_sub5	0	1	0	1	0	0	0	1
3030_sub6	0	1	1	0	0	0	1	0
3035_sub0	1	8	3	5	3	5	0	0
3035_sub1	0	1	1	0	0	0	1	0
3037_sub0	1	6	3	3	3	3	0	0
3037_sub1	0	1	0	1	0	0	0	1
3039_sub0	1	7	2	5	2	5	0	0
3039_sub1	0	1	1	0	0	0	1	0
3039_sub2	0	1	1	0	0	0	1	0
3039_sub3	0	1	1	0	0	0	1	0
3041_sub0	0	1	0	1	0	0	0	1
3041_sub1	0	1	1	0	0	0	1	0
3041_sub2	0	1	0	1	0	0	0	1
3041_sub3	0	1	0	1	0	0	0	1
3041_sub4	0	1	0	1	0	0	0	1
3041_sub5	0	1	0	1	0	0	0	1
3043_sub0	0	1	1	0	0	0	1	0
3043_sub1	0	1	0	1	0	0	0	1
3043_sub2	0	1	1	0	0	0	1	0
3043_sub3	0	1	1	0	0	0	1	0
3043_sub4	0	1	0	1	0	0	0	1
3043_sub5	0	1	0	1	0	0	0	1
3050_sub0	1	6	3	3	3	3	0	0
3050_sub1	0	1	1	0	0	0	1	0
3050_sub2	0	1	0	1	0	0	0	1
3051_sub0	1	7	1	6	1	6	0	0
3051_sub1	0	1	0	1	0	0	0	1
3056_sub0	1	6	3	3	3	3	0	0
3056_sub1	0	1	1	0	0	0	1	0
3056_sub2	0	1	1	0	0	0	1	0
3056_sub3	0	1	0	1	0	0	0	1
3056_sub4	0	1	0	1	0	0	0	1
3059_sub0	1	8	4	4	4	4	0	0
3059_sub1	0	1	0	1	0	0	0	1
3059_sub2	0	1	1	0	0	0	1	0
3059_sub3	0	1	1	0	0	0	1	0
3063_sub0	0	1	0	1	0	0	0	1
3063_sub1	0	1	1	0	0	0	1	0
3063_sub2	0	1	0	1	0	0	0	1
3063_sub3	1	6	4	2	4	2	0	0
3063_sub4	0	1	1	0	0	0	1	0
3064_sub0	1	16	9	7	9	7	0	0
3064_sub1	0	1	1	0	0	0	1	0
3064_sub2	0	1	1	0	0	0	1	0
3067_sub0	1	10	6	4	6	4	0	0
3067_sub1	0	1	0	1	0	0	0	1
3067_sub2	0	1	0	1	0	0	0	1
3072_sub0	1	6	3	3	3	3	0	0
3072_sub1	0	1	0	1	0	0	0	1
3072_sub2	0	1	0	1	0	0	0	1
3074_sub0	0	5	3	2	0	0	3	2
3074_sub1	0	1	0	1	0	0	0	1
3074_sub2	0	1	0	1	0	0	0	1
3074_sub3	0	1	0	1	0	0	0	1
3074_sub4	0	1	1	0	0	0	1	0
3074_sub5	0	1	0	1	0	0	0	1
3074_sub6	0	1	1	0	0	0	1	0
3075_sub0	0	1	0	1	0	0	0	1
3075_sub1	0	1	1	0	0	0	1	0
3075_sub2	0	1	1	0	0	0	1	0
3075_sub3	0	1	0	1	0	0	0	1
3075_sub4	0	1	0	1	0	0	0	1
3075_sub5	0	1	0	1	0	0	0	1
3075_sub6	0	1	1	0	0	0	1	0
3075_sub7	0	1	0	1	0	0	0	1
3077_sub0	1	9	5	4	5	4	0	0
3077_sub1	0	1	0	1	0	0	0	1
3079_sub0	0	1	0	1	0	0	0	1
3079_sub1	0	1	0	1	0	0	0	1
3079_sub2	0	1	1	0	0	0	1	0
3079_sub3	0	1	0	1	0	0	0	1
3079_sub4	0	1	0	1	0	0	0	1
3079_sub5	0	1	1	0	0	0	1	0
3088_sub0	1	13	10	3	10	3	0	0
3088_sub1	0	1	0	1	0	0	0	1
3088_sub2	0	1	1	0	0	0	1	0
3088_sub3	0	1	1	0	0	0	1	0
3089_sub0	0	4	1	3	0	0	1	3
3089_sub1	0	1	0	1	0	0	0	1
3089_sub2	0	1	0	1	0	0	0	1
3090_sub0	0	1	0	1	0	0	0	1
3090_sub1	1	8	2	6	2	6	0	0
3090_sub2	0	1	1	0	0	0	1	0
3090_sub3	0	1	0	1	0	0	0	1
3090_sub4	0	1	0	1	0	0	0	1
3095_sub0	1	12	9	3	9	3	0	0
3095_sub1	0	1	0	1	0	0	0	1
3095_sub2	0	1	0	1	0	0	0	1
3095_sub3	0	1	0	1	0	0	0	1
3095_sub4	0	1	0	1	0	0	0	1
3095_sub5	0	1	0	1	0	0	0	1
3097_sub0	1	6	2	4	2	4	0	0
3097_sub1	0	1	1	0	0	0	1	0
3097_sub2	0	1	0	1	0	0	0	1
3097_sub3	0	1	1	0	0	0	1	0
3097_sub4	0	1	1	0	0	0	1	0
3097_sub5	0	1	1	0	0	0	1	0
3097_sub6	0	1	1	0	0	0	1	0
3100_sub0	0	4	3	1	0	0	3	1
3100_sub1	0	2	0	2	0	0	0	2
3108_sub0	1	9	4	5	4	5	0	0
3108_sub1	0	1	1	0	0	0	1	0
3114_sub0	0	1	1	0	0	0	1	0
3114_sub1	0	4	1	3	0	0	1	3
3114_sub2	0	1	1	0	0	0	1	0
3119_sub0	1	9	3	6	3	6	0	0
3119_sub1	0	1	0	1	0	0	0	1
312_sub0	0	1	1	0	0	0	1	0
312_sub1	1	7	4	3	4	3	0	0
312_sub2	0	1	0	1	0	0	0	1
3122_sub0	0	1	0	1	0	0	0	1
3122_sub1	1	6	3	3	3	3	0	0
3122_sub2	0	1	1	0	0	0	1	0
3123_sub0	1	11	5	6	5	6	0	0
3124_sub0	0	1	1	0	0	0	1	0
3124_sub1	0	1	0	1	0	0	0	1
3124_sub2	0	1	1	0	0	0	1	0
3124_sub3	0	1	0	1	0	0	0	1
3124_sub4	0	1	0	1	0	0	0	1
3124_sub5	0	1	1	0	0	0	1	0
3131_sub0	0	1	0	1	0	0	0	1
3131_sub1	0	1	0	1	0	0	0	1
3131_sub2	0	1	1	0	0	0	1	0
3131_sub3	0	1	0	1	0	0	0	1
3131_sub4	0	1	0	1	0	0	0	1
3131_sub5	0	1	1	0	0	0	1	0
3136_sub0	0	5	3	2	0	0	3	2
3136_sub1	0	1	1	0	0	0	1	0
3138_sub0	1	7	3	4	3	4	0	0
3138_sub1	0	1	0	1	0	0	0	1
3138_sub2	0	1	1	0	0	0	1	0
3138_sub3	0	1	1	0	0	0	1	0
314_sub0	0	1	0	1	0	0	0	1
314_sub1	0	1	0	1	0	0	0	1
314_sub2	0	1	1	0	0	0	1	0
314_sub3	0	4	2	2	0	0	2	2
314_sub4	0	1	1	0	0	0	1	0
3149_sub0	1	6	2	4	2	4	0	0
3149_sub1	0	1	0	1	0	0	0	1
3149_sub2	0	1	0	1	0	0	0	1
3149_sub3	0	1	0	1	0	0	0	1
315_sub0	0	1	1	0	0	0	1	0
315_sub1	0	1	1	0	0	0	1	0
315_sub2	0	1	0	1	0	0	0	1
315_sub3	0	5	4	1	0	0	4	1
315_sub4	0	1	1	0	0	0	1	0
315_sub5	0	1	0	1	0	0	0	1
3152_sub0	0	5	2	3	0	0	2	3
3152_sub1	0	1	1	0	0	0	1	0
3152_sub2	0	1	1	0	0	0	1	0
3152_sub3	0	1	0	1	0	0	0	1
3152_sub4	0	1	0	1	0	0	0	1
3152_sub5	0	1	0	1	0	0	0	1
3154_sub0	1	7	2	5	2	5	0	0
3154_sub1	0	1	0	1	0	0	0	1
3154_sub2	0	1	1	0	0	0	1	0
3154_sub3	0	1	0	1	0	0	0	1
3158_sub0	0	5	2	3	0	0	2	3
3158_sub1	0	1	0	1	0	0	0	1
3158_sub2	0	1	1	0	0	0	1	0
3158_sub3	0	1	1	0	0	0	1	0
3158_sub4	0	1	0	1	0	0	0	1
3160_sub0	1	7	0	7	0	7	0	0
3166_sub0	0	5	2	3	0	0	2	3
3166_sub1	0	1	0	1	0	0	0	1
3168_sub0	0	1	1	0	0	0	1	0
3168_sub1	0	2	1	1	0	0	1	1
3168_sub2	0	1	1	0	0	0	1	0
3168_sub3	0	1	0	1	0	0	0	1
3168_sub4	0	1	0	1	0	0	0	1
3168_sub5	0	1	0	1	0	0	0	1
3168_sub6	0	1	1	0	0	0	1	0
3168_sub7	0	1	1	0	0	0	1	0
3168_sub8	0	1	1	0	0	0	1	0
3169_sub0	0	1	1	0	0	0	1	0
3169_sub1	0	1	0	1	0	0	0	1
3169_sub2	0	1	1	0	0	0	1	0
3169_sub3	0	1	1	0	0	0	1	0
3169_sub4	0	1	1	0	0	0	1	0
3169_sub5	0	1	1	0	0	0	1	0
317_sub0	0	1	1	0	0	0	1	0
317_sub1	0	4	3	1	0	0	3	1
317_sub2	0	1	1	0	0	0	1	0
317_sub3	0	1	0	1	0	0	0	1
3171_sub0	1	13	4	9	4	9	0	0
3172_sub0	1	8	5	3	5	3	0	0
3172_sub1	0	1	0	1	0	0	0	1
3172_sub2	0	1	1	0	0	0	1	0
3172_sub3	0	1	0	1	0	0	0	1
3172_sub4	0	1	1	0	0	0	1	0
3172_sub5	0	1	1	0	0	0	1	0
3177_sub0	0	1	1	0	0	0	1	0
3177_sub1	0	1	1	0	0	0	1	0
3177_sub2	0	1	1	0	0	0	1	0
3177_sub3	0	1	0	1	0	0	0	1
3177_sub4	0	1	0	1	0	0	0	1
3177_sub5	0	1	1	0	0	0	1	0
3177_sub6	0	1	0	1	0	0	0	1
3178_sub0	0	5	5	0	0	0	5	0
3178_sub1	0	1	0	1	0	0	0	1
3178_sub2	0	1	1	0	0	0	1	0
3179_sub0	0	1	0	1	0	0	0	1
3179_sub1	0	1	1	0	0	0	1	0
3179_sub2	0	1	0	1	0	0	0	1
3179_sub3	0	2	1	1	0	0	1	1
3179_sub4	0	1	0	1	0	0	0	1
3179_sub5	0	1	1	0	0	0	1	0
3179_sub6	0	1	0	1	0	0	0	1
318_sub0	0	1	0	1	0	0	0	1
318_sub1	0	4	2	2	0	0	2	2
318_sub2	0	1	0	1	0	0	0	1
3181_sub0	0	1	0	1	0	0	0	1
3181_sub1	1	7	3	4	3	4	0	0
3183_sub0	1	7	5	2	5	2	0	0
3183_sub1	0	1	0	1	0	0	0	1
3183_sub2	0	1	1	0	0	0	1	0
3185_sub0	1	11	8	3	8	3	0	0
3185_sub1	0	1	1	0	0	0	1	0
3185_sub2	0	1	0	1	0	0	0	1
3185_sub3	0	1	1	0	0	0	1	0
3185_sub4	0	1	0	1	0	0	0	1
3186_sub0	1	7	3	4	3	4	0	0
3186_sub1	0	1	0	1	0	0	0	1
3186_sub2	0	1	1	0	0	0	1	0
3186_sub3	0	1	1	0	0	0	1	0
3188_sub0	0	1	1	0	0	0	1	0
3188_sub1	0	1	1	0	0	0	1	0
3188_sub2	0	1	1	0	0	0	1	0
3188_sub3	0	1	0	1	0	0	0	1
3188_sub4	0	1	0	1	0	0	0	1
3188_sub5	0	1	1	0	0	0	1	0
3193_sub0	0	1	1	0	0	0	1	0
3193_sub1	0	1	0	1	0	0	0	1
3193_sub2	1	6	6	0	6	0	0	0
3193_sub3	0	1	0	1	0	0	0	1
320_sub0	0	1	0	1	0	0	0	1
320_sub1	1	10	4	6	4	6	0	0
3200_sub0	1	10	7	3	7	3	0	0
3200_sub1	0	1	1	0	0	0	1	0
3200_sub2	0	1	1	0	0	0	1	0
3200_sub3	0	1	0	1	0	0	0	1
3200_sub4	0	1	0	1	0	0	0	1
3201_sub0	1	7	4	3	4	3	0	0
3214_sub0	0	4	3	1	0	0	3	1
3214_sub1	0	1	1	0	0	0	1	0
3214_sub2	0	1	1	0	0	0	1	0
3218_sub0	0	3	2	1	0	0	2	1
3218_sub1	0	1	0	1	0	0	0	1
3218_sub2	0	1	0	1	0	0	0	1
3218_sub3	0	1	0	1	0	0	0	1
3218_sub4	0	1	0	1	0	0	0	1
3218_sub5	0	1	1	0	0	0	1	0
3218_sub6	0	1	1	0	0	0	1	0
3223_sub0	1	6	4	2	4	2	0	0
3223_sub1	0	1	0	1	0	0	0	1
3223_sub2	0	1	1	0	0	0	1	0
3223_sub3	0	1	1	0	0	0	1	0
3223_sub4	0	1	0	1	0	0	0	1
3223_sub5	0	1	0	1	0	0	0	1
3223_sub6	0	1	0	1	0	0	0	1
3223_sub7	0	1	0	1	0	0	0	1
3223_sub8	0	1	0	1	0	0	0	1
3225_sub0	1	13	6	7	6	7	0	0
3225_sub1	0	1	1	0	0	0	1	0
3225_sub2	0	1	0	1	0	0	0	1
3225_sub3	0	1	1	0	0	0	1	0
3225_sub4	0	1	1	0	0	0	1	0
3225_sub5	0	1	1	0	0	0	1	0
3226_sub0	1	7	4	3	4	3	0	0
3226_sub1	0	1	1	0	0	0	1	0
3226_sub2	0	1	0	1	0	0	0	1
3236_sub0	0	1	1	0	0	0	1	0
3236_sub1	1	7	3	4	3	4	0	0
3236_sub2	0	1	0	1	0	0	0	1
324_sub0	1	7	5	2	5	2	0	0
324_sub1	0	1	0	1	0	0	0	1
3243_sub0	0	5	3	2	0	0	3	2
3243_sub1	0	1	0	1	0	0	0	1
3243_sub2	0	1	0	1	0	0	0	1
3254_sub0	1	8	4	4	4	4	0	0
3254_sub1	0	1	0	1	0	0	0	1
3254_sub2	0	1	0	1	0	0	0	1
3254_sub3	0	1	0	1	0	0	0	1
3254_sub4	0	1	0	1	0	0	0	1
3254_sub5	0	1	0	1	0	0	0	1
3255_sub0	1	10	5	5	5	5	0	0
3255_sub1	0	1	1	0	0	0	1	0
3255_sub2	0	1	1	0	0	0	1	0
3259_sub0	0	4	1	3	0	0	1	3
3259_sub1	0	1	0	1	0	0	0	1
3259_sub2	0	1	0	1	0	0	0	1
3260_sub0	0	1	0	1	0	0	0	1
3260_sub1	0	1	0	1	0	0	0	1
3260_sub2	0	1	0	1	0	0	0	1
3260_sub3	0	1	1	0	0	0	1	0
3260_sub4	0	1	1	0	0	0	1	0
3260_sub5	0	1	0	1	0	0	0	1
3261_sub0	0	1	1	0	0	0	1	0
3261_sub1	1	8	5	3	5	3	0	0
3261_sub2	0	1	1	0	0	0	1	0
3261_sub3	0	1	1	0	0	0	1	0
3264_sub0	0	4	3	1	0	0	3	1
3264_sub1	0	1	1	0	0	0	1	0
3264_sub2	0	1	1	0	0	0	1	0
3264_sub3	0	1	0	1	0	0	0	1
3264_sub4	0	1	1	0	0	0	1	0
3264_sub5	0	1	1	0	0	0	1	0
3264_sub6	0	1	1	0	0	0	1	0
3264_sub7	0	1	0	1	0	0	0	1
3264_sub8	0	1	0	1	0	0	0	1
3265_sub0	0	5	2	3	0	0	2	3
3265_sub1	0	1	0	1	0	0	0	1
3265_sub2	0	1	1	0	0	0	1	0
3268_sub0	0	1	1	0	0	0	1	0
3268_sub1	0	1	1	0	0	0	1	0
3268_sub2	0	5	0	5	0	0	0	5
3268_sub3	0	1	0	1	0	0	0	1
3281_sub0	0	1	0	1	0	0	0	1
3281_sub1	0	1	0	1	0	0	0	1
3281_sub2	0	4	2	2	0	0	2	2
3281_sub3	0	1	1	0	0	0	1	0
3282_sub0	0	1	0	1	0	0	0	1
3282_sub1	0	4	2	2	0	0	2	2
3282_sub2	0	1	1	0	0	0	1	0
3282_sub3	0	1	0	1	0	0	0	1
3282_sub4	0	1	1	0	0	0	1	0
3289_sub0	0	3	2	1	0	0	2	1
3289_sub1	0	1	0	1	0	0	0	1
3289_sub2	0	1	1	0	0	0	1	0
3289_sub3	0	1	0	1	0	0	0	1
3291_sub0	1	7	3	4	3	4	0	0
3291_sub1	0	1	1	0	0	0	1	0
3299_sub0	0	5	3	2	0	0	3	2
3299_sub1	0	1	1	0	0	0	1	0
3299_sub2	0	1	0	1	0	0	0	1
3301_sub0	0	1	0	1	0	0	0	1
3301_sub1	0	1	0	1	0	0	0	1
3301_sub2	0	1	0	1	0	0	0	1
3301_sub3	0	1	0	1	0	0	0	1
3301_sub4	0	1	0	1	0	0	0	1
3301_sub5	0	1	1	0	0	0	1	0
3301_sub6	0	1	0	1	0	0	0	1
3305_sub0	0	1	0	1	0	0	0	1
3305_sub1	1	6	1	5	1	5	0	0
3312_sub0	1	8	3	5	3	5	0	0
3312_sub1	0	1	0	1	0	0	0	1
3312_sub2	0	1	0	1	0	0	0	1
3312_sub3	0	1	0	1	0	0	0	1
3312_sub4	0	1	0	1	0	0	0	1
3312_sub5	0	1	1	0	0	0	1	0
3312_sub6	0	1	0	1	0	0	0	1
3314_sub0	1	6	2	4	2	4	0	0
3314_sub1	0	1	1	0	0	0	1	0
3319_sub0	0	1	0	1	0	0	0	1
3319_sub1	0	1	0	1	0	0	0	1
3319_sub2	0	1	1	0	0	0	1	0
3319_sub3	0	1	1	0	0	0	1	0
3319_sub4	0	1	0	1	0	0	0	1
3319_sub5	0	1	1	0	0	0	1	0
3319_sub6	0	1	0	1	0	0	0	1
3324_sub0	0	1	1	0	0	0	1	0
3324_sub1	0	1	1	0	0	0	1	0
3324_sub2	0	5	2	3	0	0	2	3
3324_sub3	0	1	0	1	0	0	0	1
3324_sub4	0	1	1	0	0	0	1	0
333_sub0	1	10	6	4	6	4	0	0
333_sub1	0	1	1	0	0	0	1	0
333_sub2	0	1	0	1	0	0	0	1
333_sub3	0	1	1	0	0	0	1	0
333_sub4	0	1	0	1	0	0	0	1
333_sub5	0	1	1	0	0	0	1	0
3332_sub0	1	7	2	5	2	5	0	0
3332_sub1	0	1	0	1	0	0	0	1
3333_sub0	0	1	0	1	0	0	0	1
3333_sub1	0	1	0	1	0	0	0	1
3333_sub2	0	1	1	0	0	0	1	0
3333_sub3	0	1	1	0	0	0	1	0
3333_sub4	0	1	1	0	0	0	1	0
3333_sub5	0	1	1	0	0	0	1	0
3333_sub6	0	1	1	0	0	0	1	0
3333_sub7	0	1	0	1	0	0	0	1
3333_sub8	0	1	0	1	0	0	0	1
3334_sub0	1	7	5	2	5	2	0	0
3334_sub1	0	1	1	0	0	0	1	0
3334_sub2	0	1	1	0	0	0	1	0
3334_sub3	0	1	1	0	0	0	1	0
3334_sub4	0	1	0	1	0	0	0	1
3338_sub0	0	1	1	0	0	0	1	0
3338_sub1	0	1	0	1	0	0	0	1
3338_sub2	0	1	0	1	0	0	0	1
3338_sub3	0	1	0	1	0	0	0	1
3338_sub4	0	1	1	0	0	0	1	0
3338_sub5	0	1	1	0	0	0	1	0
3338_sub6	0	1	1	0	0	0	1	0
334_sub0	0	1	0	1	0	0	0	1
334_sub1	1	12	7	5	7	5	0	0
334_sub2	0	1	1	0	0	0	1	0
334_sub3	0	1	0	1	0	0	0	1
334_sub4	0	1	1	0	0	0	1	0
3349_sub0	1	8	6	2	6	2	0	0
3349_sub1	0	1	1	0	0	0	1	0
3349_sub2	0	1	0	1	0	0	0	1
3349_sub3	0	1	0	1	0	0	0	1
3349_sub4	0	1	1	0	0	0	1	0
3351_sub0	1	13	6	7	6	7	0	0
3351_sub1	0	1	1	0	0	0	1	0
3351_sub2	0	1	1	0	0	0	1	0
3351_sub3	0	1	0	1	0	0	0	1
3352_sub0	0	1	0	1	0	0	0	1
3352_sub1	1	7	3	4	3	4	0	0
3353_sub0	0	4	2	2	0	0	2	2
3353_sub1	0	1	1	0	0	0	1	0
3353_sub2	0	1	0	1	0	0	0	1
3358_sub0	0	1	0	1	0	0	0	1
3358_sub1	1	11	6	5	6	5	0	0
3364_sub0	0	1	1	0	0	0	1	0
3364_sub1	1	9	6	3	6	3	0	0
3368_sub0	0	5	2	3	0	0	2	3
3368_sub1	0	1	0	1	0	0	0	1
3368_sub2	0	1	0	1	0	0	0	1
3375_sub0	1	10	7	3	7	3	0	0
3375_sub1	0	1	1	0	0	0	1	0
3375_sub2	0	1	0	1	0	0	0	1
3375_sub3	0	1	1	0	0	0	1	0
3375_sub4	0	1	0	1	0	0	0	1
3376_sub0	0	1	0	1	0	0	0	1
3376_sub1	0	1	0	1	0	0	0	1
3376_sub2	0	1	0	1	0	0	0	1
3376_sub3	0	1	1	0	0	0	1	0
3376_sub4	0	1	0	1	0	0	0	1
3376_sub5	0	1	1	0	0	0	1	0
3376_sub6	0	1	1	0	0	0	1	0
3376_sub7	0	1	0	1	0	0	0	1
3376_sub8	0	1	0	1	0	0	0	1
338_sub0	0	1	1	0	0	0	1	0
338_sub1	0	1	0	1	0	0	0	1
338_sub2	0	5	5	0	0	0	5	0
338_sub3	0	1	0	1	0	0	0	1
3383_sub0	0	1	1	0	0	0	1	0
3383_sub1	0	5	3	2	0	0	3	2
3383_sub2	0	1	1	0	0	0	1	0
3383_sub3	0	1	0	1	0	0	0	1
3386_sub0	0	3	2	1	0	0	2	1
3386_sub1	0	1	1	0	0	0	1	0
3386_sub2	0	1	1	0	0	0	1	0
3386_sub3	0	1	0	1	0	0	0	1
339_sub0	0	1	1	0	0	0	1	0
339_sub1	0	1	0	1	0	0	0	1
339_sub2	1	9	5	4	5	4	0	0
339_sub3	0	1	0	1	0	0	0	1
339_sub4	0	1	0	1	0	0	0	1
3394_sub0	1	11	1	10	1	10	0	0
3394_sub1	0	1	1	0	0	0	1	0
3394_sub2	0	1	0	1	0	0	0	1
3394_sub3	0	1	0	1	0	0	0	1
34_sub0	0	1	0	1	0	0	0	1
34_sub1	0	5	2	3	0	0	2	3
34_sub2	0	1	0	1	0	0	0	1
34_sub3	0	1	0	1	0	0	0	1
3407_sub0	0	1	0	1	0	0	0	1
3407_sub1	0	1	0	1	0	0	0	1
3407_sub2	0	1	0	1	0	0	0	1
3407_sub3	0	1	0	1	0	0	0	1
3407_sub4	0	1	0	1	0	0	0	1
3407_sub5	0	1	1	0	0	0	1	0
3407_sub6	0	1	0	1	0	0	0	1
3407_sub7	0	1	1	0	0	0	1	0
3429_sub0	1	7	4	3	4	3	0	0
3429_sub1	0	1	1	0	0	0	1	0
3429_sub2	0	1	1	0	0	0	1	0
3432_sub0	0	1	0	1	0	0	0	1
3432_sub1	0	1	0	1	0	0	0	1
3432_sub2	1	6	4	2	4	2	0	0
3432_sub3	0	1	1	0	0	0	1	0
3432_sub4	0	1	0	1	0	0	0	1
3432_sub5	0	1	1	0	0	0	1	0
3437_sub0	1	6	4	2	4	2	0	0
3440_sub0	1	6	1	5	1	5	0	0
3440_sub1	0	1	0	1	0	0	0	1
3440_sub2	0	1	1	0	0	0	1	0
3440_sub3	0	1	1	0	0	0	1	0
3447_sub0	0	1	1	0	0	0	1	0
3447_sub1	0	1	1	0	0	0	1	0
3447_sub2	0	4	2	2	0	0	2	2
3447_sub3	0	1	1	0	0	0	1	0
3447_sub4	0	1	1	0	0	0	1	0
3447_sub5	0	1	0	1	0	0	0	1
3447_sub6	0	1	0	1	0	0	0	1
345_sub0	0	1	0	1	0	0	0	1
345_sub1	0	1	0	1	0	0	0	1
345_sub2	1	9	5	4	5	4	0	0
345_sub3	0	1	0	1	0	0	0	1
3454_sub0	0	1	1	0	0	0	1	0
3454_sub1	0	1	1	0	0	0	1	0
3454_sub2	1	7	3	4	3	4	0	0
3454_sub3	0	1	1	0	0	0	1	0
3459_sub0	1	10	5	5	5	5	0	0
3459_sub1	0	1	0	1	0	0	0	1
3459_sub2	0	1	1	0	0	0	1	0
3459_sub3	0	1	1	0	0	0	1	0
3467_sub0	1	10	4	6	4	6	0	0
3468_sub0	1	7	4	3	4	3	0	0
3468_sub1	0	1	0	1	0	0	0	1
3468_sub2	0	1	0	1	0	0	0	1
3472_sub0	0	1	0	1	0	0	0	1
3472_sub1	0	1	1	0	0	0	1	0
3472_sub2	0	1	1	0	0	0	1	0
3472_sub3	0	1	0	1	0	0	0	1
3472_sub4	0	1	1	0	0	0	1	0
3472_sub5	0	1	0	1	0	0	0	1
3477_sub0	0	1	1	0	0	0	1	0
3477_sub1	0	1	0	1	0	0	0	1
3477_sub2	0	1	1	0	0	0	1	0
3477_sub3	0	1	1	0	0	0	1	0
3477_sub4	0	1	0	1	0	0	0	1
3477_sub5	0	1	0	1	0	0	0	1
3477_sub6	0	1	0	1	0	0	0	1
3481_sub0	0	1	0	1	0	0	0	1
3481_sub1	0	1	0	1	0	0	0	1
3481_sub2	0	5	4	1	0	0	4	1
3481_sub3	0	1	1	0	0	0	1	0
3481_sub4	0	1	1	0	0	0	1	0
3481_sub5	0	1	1	0	0	0	1	0
3481_sub6	0	1	1	0	0	0	1	0
3486_sub0	0	2	1	1	0	0	1	1
3486_sub1	0	1	1	0	0	0	1	0
3486_sub2	0	1	1	0	0	0	1	0
3486_sub3	0	1	1	0	0	0	1	0
3486_sub4	0	1	0	1	0	0	0	1
3486_sub5	0	1	0	1	0	0	0	1
3486_sub6	0	1	0	1	0	0	0	1
3486_sub7	0	1	1	0	0	0	1	0
3487_sub0	0	1	1	0	0	0	1	0
3487_sub1	0	5	3	2	0	0	3	2
3487_sub2	0	1	1	0	0	0	1	0
3487_sub3	0	1	0	1	0	0	0	1
3491_sub0	1	7	3	4	3	4	0	0
3491_sub1	0	1	1	0	0	0	1	0
3494_sub0	0	1	1	0	0	0	1	0
3494_sub1	0	1	0	1	0	0	0	1
3494_sub2	0	1	1	0	0	0	1	0
3494_sub3	0	3	0	3	0	0	0	3
3495_sub0	1	7	5	2	5	2	0	0
3495_sub1	0	1	0	1	0	0	0	1
3495_sub2	0	1	1	0	0	0	1	0
3495_sub3	0	1	0	1	0	0	0	1
3495_sub4	0	1	0	1	0	0	0	1
3495_sub5	0	1	0	1	0	0	0	1
35_sub0	0	1	0	1	0	0	0	1
35_sub1	0	5	1	4	0	0	1	4
35_sub2	0	1	0	1	0	0	0	1
35_sub3	0	1	1	0	0	0	1	0
3501_sub0	1	8	3	5	3	5	0	0
3501_sub1	0	1	1	0	0	0	1	0
3501_sub2	0	1	0	1	0	0	0	1
3501_sub3	0	1	0	1	0	0	0	1
3505_sub0	1	8	4	4	4	4	0	0
3505_sub1	0	1	0	1	0	0	0	1
3505_sub2	0	1	0	1	0	0	0	1
3507_sub0	1	8	4	4	4	4	0	0
3507_sub1	0	1	1	0	0	0	1	0
3507_sub2	0	1	0	1	0	0	0	1
3507_sub3	0	1	0	1	0	0	0	1
3507_sub4	0	1	0	1	0	0	0	1
3513_sub0	1	8	5	3	5	3	0	0
3513_sub1	0	1	1	0	0	0	1	0
3517_sub0	0	1	1	0	0	0	1	0
3517_sub1	0	5	3	2	0	0	3	2
352_sub0	0	1	1	0	0	0	1	0
352_sub1	1	10	5	5	5	5	0	0
352_sub2	0	1	0	1	0	0	0	1
352_sub3	0	1	1	0	0	0	1	0
3520_sub0	1	10	4	6	4	6	0	0
3520_sub1	0	1	0	1	0	0	0	1
3520_sub2	0	1	1	0	0	0	1	0
3522_sub0	1	10	7	3	7	3	0	0
3522_sub1	0	1	1	0	0	0	1	0
3522_sub2	0	1	0	1	0	0	0	1
3522_sub3	0	1	0	1	0	0	0	1
3530_sub0	1	14	9	5	9	5	0	0
3530_sub1	0	1	0	1	0	0	0	1
3530_sub2	0	1	1	0	0	0	1	0
3530_sub3	0	1	0	1	0	0	0	1
3531_sub0	0	1	0	1	0	0	0	1
3531_sub1	0	5	2	3	0	0	2	3
3531_sub2	0	4	3	1	0	0	3	1
3531_sub3	0	1	1	0	0	0	1	0
3531_sub4	0	1	0	1	0	0	0	1
3532_sub0	0	1	0	1	0	0	0	1
3532_sub1	0	1	0	1	0	0	0	1
3532_sub2	0	1	0	1	0	0	0	1
3532_sub3	0	1	0	1	0	0	0	1
3532_sub4	0	1	1	0	0	0	1	0
3532_sub5	0	1	0	1	0	0	0	1
3535_sub0	0	1	1	0	0	0	1	0
3535_sub1	1	11	8	3	8	3	0	0
3538_sub0	0	5	2	3	0	0	2	3
3538_sub1	0	1	1	0	0	0	1	0
3538_sub2	0	1	0	1	0	0	0	1
3542_sub0	1	13	7	6	7	6	0	0
3542_sub1	0	1	0	1	0	0	0	1
3542_sub2	0	1	1	0	0	0	1	0
3542_sub3	0	1	0	1	0	0	0	1
3542_sub4	0	1	0	1	0	0	0	1
3543_sub0	1	9	6	3	6	3	0	0
3543_sub1	0	1	0	1	0	0	0	1
3543_sub2	0	1	0	1	0	0	0	1
3543_sub3	0	1	0	1	0	0	0	1
3543_sub4	0	1	0	1	0	0	0	1
3543_sub5	0	1	0	1	0	0	0	1
3543_sub6	0	1	1	0	0	0	1	0
3543_sub7	0	1	0	1	0	0	0	1
3548_sub0	1	7	5	2	5	2	0	0
3548_sub1	0	1	0	1	0	0	0	1
3548_sub2	0	1	1	0	0	0	1	0
3548_sub3	0	1	0	1	0	0	0	1
3553_sub0	1	6	1	5	1	5	0	0
3553_sub1	0	1	1	0	0	0	1	0
3553_sub2	0	1	0	1	0	0	0	1
3553_sub3	0	1	0	1	0	0	0	1
3557_sub0	1	13	5	8	5	8	0	0
3557_sub1	0	1	1	0	0	0	1	0
3557_sub2	0	1	0	1	0	0	0	1
3557_sub3	0	1	1	0	0	0	1	0
3557_sub4	0	1	1	0	0	0	1	0
356_sub0	0	1	0	1	0	0	0	1
356_sub1	1	7	3	4	3	4	0	0
356_sub2	0	1	1	0	0	0	1	0
3560_sub0	1	10	7	3	7	3	0	0
3560_sub1	0	1	1	0	0	0	1	0
3560_sub2	0	1	1	0	0	0	1	0
3566_sub0	1	12	8	4	8	4	0	0
3566_sub1	0	1	0	1	0	0	0	1
3566_sub2	0	1	0	1	0	0	0	1
3568_sub0	1	8	4	4	4	4	0	0
3568_sub1	0	1	1	0	0	0	1	0
3568_sub2	0	1	1	0	0	0	1	0
357_sub0	0	1	0	1	0	0	0	1
357_sub1	1	7	2	5	2	5	0	0
357_sub2	0	1	0	1	0	0	0	1
357_sub3	0	1	0	1	0	0	0	1
3576_sub0	0	1	1	0	0	0	1	0
3576_sub1	0	1	0	1	0	0	0	1
3576_sub2	0	1	1	0	0	0	1	0
3576_sub3	0	1	0	1	0	0	0	1
3576_sub4	0	1	0	1	0	0	0	1
3576_sub5	0	1	0	1	0	0	0	1
3580_sub0	1	14	7	7	7	7	0	0
3580_sub1	0	1	0	1	0	0	0	1
3580_sub2	0	1	1	0	0	0	1	0
3580_sub3	0	1	0	1	0	0	0	1
3580_sub4	0	1	0	1	0	0	0	1
3584_sub0	0	1	1	0	0	0	1	0
3584_sub1	0	3	2	1	0	0	2	1
3584_sub2	0	1	0	1	0	0	0	1
3584_sub3	0	1	1	0	0	0	1	0
3588_sub0	0	1	0	1	0	0	0	1
3588_sub1	0	1	1	0	0	0	1	0
3588_sub2	0	1	0	1	0	0	0	1
3588_sub3	0	1	1	0	0	0	1	0
3588_sub4	0	1	1	0	0	0	1	0
3588_sub5	0	1	0	1	0	0	0	1
359_sub0	0	1	0	1	0	0	0	1
359_sub1	0	1	1	0	0	0	1	0
359_sub2	0	2	1	1	0	0	1	1
359_sub3	0	1	1	0	0	0	1	0
359_sub4	0	1	0	1	0	0	0	1
359_sub5	0	1	0	1	0	0	0	1
3594_sub0	0	1	0	1	0	0	0	1
3594_sub1	0	1	0	1	0	0	0	1
3594_sub2	0	1	0	1	0	0	0	1
3594_sub3	0	1	0	1	0	0	0	1
3594_sub4	0	1	1	0	0	0	1	0
3594_sub5	0	1	0	1	0	0	0	1
3597_sub0	0	1	0	1	0	0	0	1
3597_sub1	0	1	0	1	0	0	0	1
3597_sub2	0	1	1	0	0	0	1	0
3597_sub3	0	1	1	0	0	0	1	0
3597_sub4	0	1	1	0	0	0	1	0
3597_sub5	0	1	1	0	0	0	1	0
36_sub0	0	1	1	0	0	0	1	0
36_sub1	1	6	1	5	1	5	0	0
36_sub2	0	1	1	0	0	0	1	0
36_sub3	0	1	1	0	0	0	1	0
36_sub4	0	1	1	0	0	0	1	0
36_sub5	0	1	1	0	0	0	1	0
3602_sub0	1	12	8	4	8	4	0	0
3602_sub1	0	1	1	0	0	0	1	0
3602_sub2	0	1	0	1	0	0	0	1
3602_sub3	0	1	0	1	0	0	0	1
3603_sub0	0	1	0	1	0	0	0	1
3603_sub1	0	1	0	1	0	0	0	1
3603_sub2	0	1	0	1	0	0	0	1
3603_sub3	0	1	1	0	0	0	1	0
3603_sub4	0	1	0	1	0	0	0	1
3603_sub5	0	1	0	1	0	0	0	1
3604_sub0	0	4	3	1	0	0	3	1
3604_sub1	0	1	0	1	0	0	0	1
3604_sub2	0	1	0	1	0	0	0	1
3604_sub3	0	1	0	1	0	0	0	1
3604_sub4	0	1	0	1	0	0	0	1
3608_sub0	0	1	0	1	0	0	0	1
3608_sub1	1	12	5	7	5	7	0	0
3609_sub0	0	1	0	1	0	0	0	1
3609_sub1	0	1	1	0	0	0	1	0
3609_sub2	0	1	0	1	0	0	0	1
3609_sub3	0	1	0	1	0	0	0	1
3609_sub4	0	1	0	1	0	0	0	1
3609_sub5	0	1	0	1	0	0	0	1
3614_sub0	0	1	1	0	0	0	1	0
3614_sub1	1	11	5	6	5	6	0	0
3614_sub2	0	1	0	1	0	0	0	1
3614_sub3	0	1	0	1	0	0	0	1
3616_sub0	1	9	5	4	5	4	0	0
3616_sub1	0	1	1	0	0	0	1	0
3616_sub2	0	1	0	1	0	0	0	1
3616_sub3	0	1	1	0	0	0	1	0
3616_sub4	0	1	1	0	0	0	1	0
3624_sub0	0	1	1	0	0	0	1	0
3624_sub1	1	6	3	3	3	3	0	0
3624_sub2	0	1	1	0	0	0	1	0
3628_sub0	0	1	0	1	0	0	0	1
3628_sub1	0	4	1	3	0	0	1	3
3628_sub2	0	1	1	0	0	0	1	0
3628_sub3	0	1	0	1	0	0	0	1
3628_sub4	0	1	1	0	0	0	1	0
3629_sub0	0	1	0	1	0	0	0	1
3629_sub1	0	1	1	0	0	0	1	0
3629_sub2	0	1	0	1	0	0	0	1
3629_sub3	0	1	0	1	0	0	0	1
3629_sub4	0	1	0	1	0	0	0	1
3629_sub5	0	1	1	0	0	0	1	0
3631_sub0	0	1	0	1	0	0	0	1
3631_sub1	1	10	6	4	6	4	0	0
3631_sub2	0	1	1	0	0	0	1	0
3631_sub3	0	1	0	1	0	0	0	1
3631_sub4	0	1	0	1	0	0	0	1
3632_sub0	0	1	1	0	0	0	1	0
3632_sub1	0	1	1	0	0	0	1	0
3632_sub2	0	1	0	1	0	0	0	1
3632_sub3	0	1	0	1	0	0	0	1
3632_sub4	0	1	0	1	0	0	0	1
3632_sub5	0	1	1	0	0	0	1	0
3632_sub6	0	1	1	0	0	0	1	0
3632_sub7	0	1	1	0	0	0	1	0
3635_sub0	0	4	2	2	0	0	2	2
3635_sub1	0	1	0	1	0	0	0	1
3635_sub2	0	1	0	1	0	0	0	1
3639_sub0	0	1	0	1	0	0	0	1
3639_sub1	1	8	5	3	5	3	0	0
3643_sub0	0	1	1	0	0	0	1	0
3643_sub1	0	1	0	1	0	0	0	1
3643_sub2	0	1	0	1	0	0	0	1
3643_sub3	0	1	0	1	0	0	0	1
3643_sub4	0	1	0	1	0	0	0	1
3643_sub5	0	1	1	0	0	0	1	0
3644_sub0	0	1	0	1	0	0	0	1
3644_sub1	0	1	0	1	0	0	0	1
3644_sub2	0	1	1	0	0	0	1	0
3644_sub3	0	1	0	1	0	0	0	1
3644_sub4	0	1	1	0	0	0	1	0
3644_sub5	0	1	1	0	0	0	1	0
3646_sub0	0	4	2	2	0	0	2	2
3646_sub1	0	1	1	0	0	0	1	0
3646_sub2	0	1	1	0	0	0	1	0
3646_sub3	0	1	1	0	0	0	1	0
365_sub0	0	1	0	1	0	0	0	1
365_sub1	1	14	6	8	6	8	0	0
365_sub2	0	1	0	1	0	0	0	1
365_sub3	0	1	0	1	0	0	0	1
365_sub4	0	1	0	1	0	0	0	1
365_sub5	0	1	1	0	0	0	1	0
3650_sub0	1	9	4	5	4	5	0	0
3650_sub1	0	1	0	1	0	0	0	1
3650_sub2	0	1	1	0	0	0	1	0
3650_sub3	0	1	0	1	0	0	0	1
3653_sub0	1	12	3	9	3	9	0	0
3653_sub1	0	1	0	1	0	0	0	1
3653_sub2	0	1	0	1	0	0	0	1
3653_sub3	0	1	1	0	0	0	1	0
366_sub0	0	1	0	1	0	0	0	1
366_sub1	0	1	0	1	0	0	0	1
366_sub2	0	1	1	0	0	0	1	0
366_sub3	0	1	0	1	0	0	0	1
366_sub4	0	1	0	1	0	0	0	1
366_sub5	0	1	0	1	0	0	0	1
3661_sub0	0	1	1	0	0	0	1	0
3661_sub1	0	1	1	0	0	0	1	0
3661_sub2	0	1	1	0	0	0	1	0
3661_sub3	0	1	0	1	0	0	0	1
3661_sub4	0	1	0	1	0	0	0	1
3661_sub5	0	1	0	1	0	0	0	1
3661_sub6	0	1	0	1	0	0	0	1
3661_sub7	0	1	0	1	0	0	0	1
3661_sub8	0	1	0	1	0	0	0	1
3663_sub0	1	14	6	8	6	8	0	0
3663_sub1	0	1	0	1	0	0	0	1
3663_sub2	0	1	0	1	0	0	0	1
3663_sub3	0	1	0	1	0	0	0	1
3663_sub4	0	1	0	1	0	0	0	1
3663_sub5	0	1	1	0	0	0	1	0
3663_sub6	0	1	0	1	0	0	0	1
3663_sub7	0	1	1	0	0	0	1	0
3663_sub8	0	1	0	1	0	0	0	1
3663_sub9	0	1	0	1	0	0	0	1
3663_sub10	0	1	0	1	0	0	0	1
3664_sub0	0	5	2	3	0	0	2	3
3664_sub1	0	1	0	1	0	0	0	1
3664_sub2	0	1	1	0	0	0	1	0
3675_sub0	0	1	1	0	0	0	1	0
3675_sub1	0	1	0	1	0	0	0	1
3675_sub2	0	1	1	0	0	0	1	0
3675_sub3	0	1	0	1	0	0	0	1
3675_sub4	0	1	1	0	0	0	1	0
3675_sub5	0	1	1	0	0	0	1	0
3675_sub6	0	1	0	1	0	0	0	1
368_sub0	0	1	1	0	0	0	1	0
368_sub1	0	1	1	0	0	0	1	0
368_sub2	0	1	0	1	0	0	0	1
368_sub3	1	6	3	3	3	3	0	0
368_sub4	0	1	0	1	0	0	0	1
368_sub5	0	1	0	1	0	0	0	1
3681_sub0	0	1	0	1	0	0	0	1
3681_sub1	0	1	1	0	0	0	1	0
3681_sub2	0	1	1	0	0	0	1	0
3681_sub3	0	1	0	1	0	0	0	1
3681_sub4	0	1	1	0	0	0	1	0
3681_sub5	0	1	1	0	0	0	1	0
3681_sub6	0	1	0	1	0	0	0	1
3684_sub0	0	1	0	1	0	0	0	1
3684_sub1	0	1	1	0	0	0	1	0
3684_sub2	0	1	1	0	0	0	1	0
3684_sub3	0	1	1	0	0	0	1	0
3684_sub4	0	1	1	0	0	0	1	0
3684_sub5	0	1	1	0	0	0	1	0
3685_sub0	0	1	0	1	0	0	0	1
3685_sub1	0	1	0	1	0	0	0	1
3685_sub2	0	3	0	3	0	0	0	3
3685_sub3	0	1	1	0	0	0	1	0
3685_sub4	0	1	1	0	0	0	1	0
3685_sub5	0	1	0	1	0	0	0	1
3685_sub6	0	1	0	1	0	0	0	1
3685_sub7	0	1	0	1	0	0	0	1
3691_sub0	0	1	1	0	0	0	1	0
3691_sub1	1	9	3	6	3	6	0	0
3691_sub2	0	1	0	1	0	0	0	1
3693_sub0	1	7	3	4	3	4	0	0
3693_sub1	0	1	1	0	0	0	1	0
3693_sub2	0	1	0	1	0	0	0	1
3693_sub3	0	1	1	0	0	0	1	0
3694_sub0	1	12	6	6	6	6	0	0
3694_sub1	0	1	1	0	0	0	1	0
3694_sub2	0	1	0	1	0	0	0	1
3694_sub3	0	1	0	1	0	0	0	1
3694_sub4	0	1	1	0	0	0	1	0
3702_sub0	0	5	2	3	0	0	2	3
3702_sub1	0	1	1	0	0	0	1	0
3702_sub2	0	1	1	0	0	0	1	0
3702_sub3	0	1	0	1	0	0	0	1
3705_sub0	0	1	0	1	0	0	0	1
3705_sub1	0	1	1	0	0	0	1	0
3705_sub2	0	1	0	1	0	0	0	1
3705_sub3	0	1	0	1	0	0	0	1
3705_sub4	0	1	1	0	0	0	1	0
3705_sub5	0	1	1	0	0	0	1	0
3705_sub6	0	1	1	0	0	0	1	0
3706_sub0	1	7	2	5	2	5	0	0
3706_sub1	0	1	0	1	0	0	0	1
3706_sub2	0	1	0	1	0	0	0	1
371_sub0	0	1	0	1	0	0	0	1
371_sub1	1	7	3	4	3	4	0	0
371_sub2	0	1	1	0	0	0	1	0
371_sub3	0	1	0	1	0	0	0	1
3721_sub0	0	4	0	4	0	0	0	4
3721_sub1	0	1	0	1	0	0	0	1
3721_sub2	0	1	0	1	0	0	0	1
3721_sub3	0	1	0	1	0	0	0	1
3724_sub0	0	1	0	1	0	0	0	1
3724_sub1	0	1	1	0	0	0	1	0
3724_sub2	0	1	1	0	0	0	1	0
3724_sub3	0	1	0	1	0	0	0	1
3724_sub4	0	1	1	0	0	0	1	0
3724_sub5	0	1	0	1	0	0	0	1
3726_sub0	1	11	4	7	4	7	0	0
3726_sub1	0	1	1	0	0	0	1	0
3726_sub2	0	1	0	1	0	0	0	1
3726_sub3	0	1	1	0	0	0	1	0
3726_sub4	0	1	1	0	0	0	1	0
3726_sub5	0	1	0	1	0	0	0	1
3728_sub0	1	10	3	7	3	7	0	0
3728_sub1	0	1	0	1	0	0	0	1
3735_sub0	1	10	5	5	5	5	0	0
3735_sub1	0	1	0	1	0	0	0	1
3735_sub2	0	1	1	0	0	0	1	0
3744_sub0	0	2	1	1	0	0	1	1
3744_sub1	0	1	1	0	0	0	1	0
3744_sub2	0	1	0	1	0	0	0	1
3744_sub3	0	1	0	1	0	0	0	1
3744_sub4	0	1	1	0	0	0	1	0
3744_sub5	0	1	0	1	0	0	0	1
3749_sub0	1	10	7	3	7	3	0	0
3749_sub1	0	1	1	0	0	0	1	0
3749_sub2	0	1	1	0	0	0	1	0
3749_sub3	0	1	1	0	0	0	1	0
3750_sub0	0	5	3	2	0	0	3	2
3750_sub1	0	1	0	1	0	0	0	1
3751_sub0	0	1	0	1	0	0	0	1
3751_sub1	0	1	0	1	0	0	0	1
3751_sub2	0	1	1	0	0	0	1	0
3751_sub3	0	1	1	0	0	0	1	0
3751_sub4	0	1	1	0	0	0	1	0
3751_sub5	0	1	0	1	0	0	0	1
3751_sub6	0	1	0	1	0	0	0	1
3755_sub0	1	6	5	1	5	1	0	0
3755_sub1	0	1	0	1	0	0	0	1
3755_sub2	0	1	0	1	0	0	0	1
3755_sub3	0	1	1	0	0	0	1	0
3755_sub4	0	1	1	0	0	0	1	0
3756_sub0	0	1	1	0	0	0	1	0
3756_sub1	0	1	0	1	0	0	0	1
3756_sub2	0	1	0	1	0	0	0	1
3756_sub3	0	1	0	1	0	0	0	1
3756_sub4	0	1	1	0	0	0	1	0
3756_sub5	0	1	1	0	0	0	1	0
3757_sub0	1	7	4	3	4	3	0	0
3757_sub1	0	1	0	1	0	0	0	1
3757_sub2	0	1	1	0	0	0	1	0
3757_sub3	0	1	0	1	0	0	0	1
3767_sub0	1	6	1	5	1	5	0	0
3767_sub1	0	1	0	1	0	0	0	1
3775_sub0	0	1	0	1	0	0	0	1
3775_sub1	0	4	1	3	0	0	1	3
3775_sub2	0	1	0	1	0	0	0	1
3775_sub3	0	1	1	0	0	0	1	0
3782_sub0	1	10	6	4	6	4	0	0
3782_sub1	0	1	1	0	0	0	1	0
3782_sub2	0	1	0	1	0	0	0	1
3783_sub0	1	9	2	7	2	7	0	0
3793_sub0	1	9	5	4	5	4	0	0
3793_sub1	0	1	0	1	0	0	0	1
3793_sub2	0	1	0	1	0	0	0	1
3793_sub3	0	1	0	1	0	0	0	1
3793_sub4	0	1	0	1	0	0	0	1
3793_sub5	0	1	1	0	0	0	1	0
3793_sub6	0	2	0	2	0	0	0	2
3796_sub0	0	1	1	0	0	0	1	0
3796_sub1	0	1	1	0	0	0	1	0
3796_sub2	0	1	1	0	0	0	1	0
3796_sub3	0	1	0	1	0	0	0	1
3796_sub4	0	1	0	1	0	0	0	1
3796_sub5	0	1	0	1	0	0	0	1
3802_sub0	0	5	4	1	0	0	4	1
3802_sub1	0	1	0	1	0	0	0	1
3804_sub0	0	1	0	1	0	0	0	1
3804_sub1	0	1	0	1	0	0	0	1
3804_sub2	0	1	0	1	0	0	0	1
3804_sub3	0	1	0	1	0	0	0	1
3804_sub4	0	1	1	0	0	0	1	0
3804_sub5	0	1	1	0	0	0	1	0
3804_sub6	0	1	1	0	0	0	1	0
3806_sub0	1	8	2	6	2	6	0	0
3806_sub1	0	1	0	1	0	0	0	1
3806_sub2	0	1	0	1	0	0	0	1
3816_sub0	0	5	0	5	0	0	0	5
3816_sub1	0	1	0	1	0	0	0	1
3816_sub2	0	1	1	0	0	0	1	0
3827_sub0	0	1	1	0	0	0	1	0
3827_sub1	0	1	1	0	0	0	1	0
3827_sub2	0	1	1	0	0	0	1	0
3827_sub3	0	1	0	1	0	0	0	1
3827_sub4	0	1	1	0	0	0	1	0
3827_sub5	0	1	1	0	0	0	1	0
3827_sub6	0	1	1	0	0	0	1	0
3829_sub0	0	1	1	0	0	0	1	0
3829_sub1	0	1	0	1	0	0	0	1
3829_sub2	0	1	0	1	0	0	0	1
3829_sub3	0	1	1	0	0	0	1	0
3829_sub4	0	4	2	2	0	0	2	2
383_sub0	0	1	1	0	0	0	1	0
383_sub1	0	4	4	0	0	0	4	0
383_sub2	0	1	0	1	0	0	0	1
383_sub3	0	1	0	1	0	0	0	1
383_sub4	0	1	0	1	0	0	0	1
3830_sub0	0	1	0	1	0	0	0	1
3830_sub1	0	1	0	1	0	0	0	1
3830_sub2	0	1	1	0	0	0	1	0
3830_sub3	0	1	0	1	0	0	0	1
3830_sub4	0	1	1	0	0	0	1	0
3830_sub5	0	1	0	1	0	0	0	1
3831_sub0	1	6	4	2	4	2	0	0
3837_sub0	1	8	6	2	6	2	0	0
3837_sub1	0	1	0	1	0	0	0	1
3838_sub0	0	4	0	4	0	0	0	4
3838_sub1	0	1	1	0	0	0	1	0
3838_sub2	0	1	1	0	0	0	1	0
3852_sub0	0	1	1	0	0	0	1	0
3852_sub1	0	3	2	1	0	0	2	1
3852_sub2	0	1	0	1	0	0	0	1
3852_sub3	0	1	1	0	0	0	1	0
3852_sub4	0	1	1	0	0	0	1	0
3852_sub5	0	1	0	1	0	0	0	1
3854_sub0	1	8	6	2	6	2	0	0
3854_sub1	0	1	0	1	0	0	0	1
3861_sub0	0	4	3	1	0	0	3	1
3861_sub1	0	1	1	0	0	0	1	0
3861_sub2	0	1	1	0	0	0	1	0
3871_sub0	0	3	1	2	0	0	1	2
3871_sub1	0	1	1	0	0	0	1	0
3871_sub2	0	1	0	1	0	0	0	1
3871_sub3	0	1	0	1	0	0	0	1
3876_sub0	0	4	1	3	0	0	1	3
3876_sub1	0	1	1	0	0	0	1	0
3876_sub2	0	1	1	0	0	0	1	0
3876_sub3	0	1	1	0	0	0	1	0
3877_sub0	1	6	3	3	3	3	0	0
3877_sub1	0	1	1	0	0	0	1	0
3877_sub2	0	1	1	0	0	0	1	0
3878_sub0	1	9	4	5	4	5	0	0
3878_sub1	0	1	1	0	0	0	1	0
3878_sub2	0	1	0	1	0	0	0	1
3894_sub0	1	11	6	5	6	5	0	0
3894_sub1	0	1	1	0	0	0	1	0
3897_sub0	0	4	3	1	0	0	3	1
3897_sub1	0	1	0	1	0	0	0	1
3897_sub2	0	1	0	1	0	0	0	1
3897_sub3	0	1	0	1	0	0	0	1
390_sub0	0	1	0	1	0	0	0	1
390_sub1	0	1	0	1	0	0	0	1
390_sub2	0	1	0	1	0	0	0	1
390_sub3	0	1	1	0	0	0	1	0
390_sub4	1	20	8	12	8	12	0	0
390_sub5	0	1	0	1	0	0	0	1
390_sub6	0	1	0	1	0	0	0	1
3904_sub0	1	6	3	3	3	3	0	0
3904_sub1	0	1	1	0	0	0	1	0
3904_sub2	0	1	0	1	0	0	0	1
3906_sub0	1	12	8	4	8	4	0	0
3906_sub1	0	1	1	0	0	0	1	0
3906_sub2	0	1	0	1	0	0	0	1
3906_sub3	0	1	0	1	0	0	0	1
3906_sub4	0	1	0	1	0	0	0	1
3906_sub5	0	1	1	0	0	0	1	0
3907_sub0	1	8	4	4	4	4	0	0
3907_sub1	0	1	1	0	0	0	1	0
3907_sub2	0	1	0	1	0	0	0	1
3908_sub0	0	1	1	0	0	0	1	0
3908_sub1	1	7	5	2	5	2	0	0
3908_sub2	0	1	1	0	0	0	1	0
3908_sub3	0	1	0	1	0	0	0	1
3911_sub0	1	7	2	5	2	5	0	0
3911_sub1	0	1	0	1	0	0	0	1
3911_sub2	0	1	1	0	0	0	1	0
3918_sub0	0	1	0	1	0	0	0	1
3918_sub1	0	1	1	0	0	0	1	0
3918_sub2	0	1	1	0	0	0	1	0
3918_sub3	0	1	1	0	0	0	1	0
3918_sub4	0	1	0	1	0	0	0	1
3918_sub5	0	2	2	0	0	0	2	0
3918_sub6	0	1	1	0	0	0	1	0
3925_sub0	0	1	0	1	0	0	0	1
3925_sub1	0	1	1	0	0	0	1	0
3925_sub2	0	1	0	1	0	0	0	1
3925_sub3	0	1	0	1	0	0	0	1
3925_sub4	0	1	0	1	0	0	0	1
3925_sub5	0	1	1	0	0	0	1	0
3925_sub6	0	1	1	0	0	0	1	0
3925_sub7	0	1	1	0	0	0	1	0
3936_sub0	0	1	1	0	0	0	1	0
3936_sub1	0	1	1	0	0	0	1	0
3936_sub2	0	1	0	1	0	0	0	1
3936_sub3	0	1	0	1	0	0	0	1
3936_sub4	0	1	0	1	0	0	0	1
3936_sub5	0	1	0	1	0	0	0	1
3942_sub0	0	5	2	3	0	0	2	3
3942_sub1	0	1	1	0	0	0	1	0
3943_sub0	1	12	10	2	10	2	0	0
3943_sub1	0	1	1	0	0	0	1	0
3943_sub2	0	1	0	1	0	0	0	1
3943_sub3	0	1	0	1	0	0	0	1
3943_sub4	0	1	0	1	0	0	0	1
3943_sub5	0	1	0	1	0	0	0	1
3943_sub6	0	1	0	1	0	0	0	1
3943_sub7	0	1	0	1	0	0	0	1
3947_sub0	0	1	0	1	0	0	0	1
3947_sub1	0	1	0	1	0	0	0	1
3947_sub2	0	1	1	0	0	0	1	0
3947_sub3	1	6	1	5	1	5	0	0
3947_sub4	0	1	0	1	0	0	0	1
3955_sub0	1	9	4	5	4	5	0	0
3955_sub1	0	1	0	1	0	0	0	1
3958_sub0	0	1	1	0	0	0	1	0
3958_sub1	1	8	3	5	3	5	0	0
396_sub0	0	1	0	1	0	0	0	1
396_sub1	1	6	3	3	3	3	0	0
396_sub2	0	1	0	1	0	0	0	1
3961_sub0	1	9	4	5	4	5	0	0
3961_sub1	0	1	1	0	0	0	1	0
3961_sub2	0	1	0	1	0	0	0	1
3968_sub0	0	1	1	0	0	0	1	0
3968_sub1	0	1	0	1	0	0	0	1
3968_sub2	0	1	0	1	0	0	0	1
3968_sub3	0	1	1	0	0	0	1	0
3968_sub4	0	1	0	1	0	0	0	1
3968_sub5	0	1	0	1	0	0	0	1
3974_sub0	1	7	3	4	3	4	0	0
3974_sub1	0	1	0	1	0	0	0	1
398_sub0	0	1	0	1	0	0	0	1
398_sub1	0	2	0	2	0	0	0	2
398_sub2	0	3	0	3	0	0	0	3
3982_sub0	1	7	3	4	3	4	0	0
3993_sub0	1	9	6	3	6	3	0	0
3993_sub1	0	1	1	0	0	0	1	0
3996_sub0	1	7	7	0	7	0	0	0
4_sub0	0	1	0	1	0	0	0	1
4_sub1	0	1	1	0	0	0	1	0
4_sub2	1	11	6	5	6	5	0	0
4_sub3	0	1	1	0	0	0	1	0
4_sub4	0	1	1	0	0	0	1	0
4_sub5	0	1	0	1	0	0	0	1
400_sub0	0	1	1	0	0	0	1	0
400_sub1	0	5	3	2	0	0	3	2
400_sub2	0	1	0	1	0	0	0	1
4007_sub0	0	1	1	0	0	0	1	0
4007_sub1	0	3	0	3	0	0	0	3
4007_sub2	0	1	0	1	0	0	0	1
4007_sub3	0	1	0	1	0	0	0	1
4008_sub0	1	14	5	9	5	9	0	0
4008_sub1	0	1	0	1	0	0	0	1
4008_sub2	0	1	1	0	0	0	1	0
4008_sub3	0	1	0	1	0	0	0	1
4009_sub0	1	8	4	4	4	4	0	0
4014_sub0	1	6	3	3	3	3	0	0
4027_sub0	1	10	8	2	8	2	0	0
4027_sub1	0	1	1	0	0	0	1	0
4027_sub2	0	1	1	0	0	0	1	0
4027_sub3	0	1	1	0	0	0	1	0
4027_sub4	0	1	1	0	0	0	1	0
4031_sub0	0	1	0	1	0	0	0	1
4031_sub1	0	3	2	1	0	0	2	1
4031_sub2	0	1	1	0	0	0	1	0
4031_sub3	0	1	0	1	0	0	0	1
4035_sub0	0	1	0	1	0	0	0	1
4035_sub1	1	12	5	7	5	7	0	0
4035_sub2	0	1	0	1	0	0	0	1
4039_sub0	0	1	1	0	0	0	1	0
4039_sub1	0	1	0	1	0	0	0	1
4039_sub2	0	1	0	1	0	0	0	1
4039_sub3	0	1	0	1	0	0	0	1
4039_sub4	0	1	0	1	0	0	0	1
4039_sub5	0	1	1	0	0	0	1	0
4040_sub0	0	5	3	2	0	0	3	2
4040_sub1	0	1	0	1	0	0	0	1
4040_sub2	0	1	1	0	0	0	1	0
4040_sub3	0	1	1	0	0	0	1	0
4042_sub0	0	1	0	1	0	0	0	1
4042_sub1	0	5	2	3	0	0	2	3
4044_sub0	0	5	3	2	0	0	3	2
4044_sub1	0	1	1	0	0	0	1	0
4049_sub0	0	1	0	1	0	0	0	1
4049_sub1	0	1	0	1	0	0	0	1
4049_sub2	0	1	1	0	0	0	1	0
4049_sub3	0	1	0	1	0	0	0	1
4049_sub4	0	1	0	1	0	0	0	1
4049_sub5	0	1	1	0	0	0	1	0
4049_sub6	0	1	0	1	0	0	0	1
4049_sub7	0	1	0	1	0	0	0	1
4051_sub0	1	9	6	3	6	3	0	0
4056_sub0	0	5	1	4	0	0	1	4
4056_sub1	0	1	0	1	0	0	0	1
4056_sub2	0	1	0	1	0	0	0	1
4056_sub3	0	1	1	0	0	0	1	0
4056_sub4	0	1	0	1	0	0	0	1
4057_sub0	0	1	0	1	0	0	0	1
4057_sub1	0	3	2	1	0	0	2	1
4057_sub2	0	1	0	1	0	0	0	1
4057_sub3	0	1	1	0	0	0	1	0
4057_sub4	0	1	1	0	0	0	1	0
4067_sub0	0	3	2	1	0	0	2	1
4067_sub1	0	1	1	0	0	0	1	0
4067_sub2	0	1	1	0	0	0	1	0
4067_sub3	0	1	0	1	0	0	0	1
4067_sub4	0	1	0	1	0	0	0	1
4069_sub0	0	1	0	1	0	0	0	1
4069_sub1	0	1	1	0	0	0	1	0
4069_sub2	0	1	1	0	0	0	1	0
4069_sub3	0	1	1	0	0	0	1	0
4069_sub4	0	1	1	0	0	0	1	0
4069_sub5	0	1	1	0	0	0	1	0
407_sub0	0	1	1	0	0	0	1	0
407_sub1	1	12	8	4	8	4	0	0
407_sub2	0	1	1	0	0	0	1	0
407_sub3	0	1	0	1	0	0	0	1
407_sub4	0	1	0	1	0	0	0	1
4071_sub0	1	11	4	7	4	7	0	0
4074_sub0	0	1	0	1	0	0	0	1
4074_sub1	0	1	0	1	0	0	0	1
4074_sub2	0	1	1	0	0	0	1	0
4074_sub3	0	1	0	1	0	0	0	1
4074_sub4	0	1	1	0	0	0	1	0
4074_sub5	0	1	0	1	0	0	0	1
4074_sub6	0	2	1	1	0	0	1	1
4078_sub0	0	5	4	1	0	0	4	1
4078_sub1	0	1	1	0	0	0	1	0
408_sub0	0	1	1	0	0	0	1	0
408_sub1	0	1	0	1	0	0	0	1
408_sub2	0	5	4	1	0	0	4	1
408_sub3	0	1	1	0	0	0	1	0
408_sub4	0	1	1	0	0	0	1	0
408_sub5	0	1	0	1	0	0	0	1
408_sub6	0	1	1	0	0	0	1	0
4081_sub0	0	1	1	0	0	0	1	0
4081_sub1	0	1	1	0	0	0	1	0
4081_sub2	0	5	3	2	0	0	3	2
4081_sub3	0	1	1	0	0	0	1	0
4081_sub4	0	1	0	1	0	0	0	1
4087_sub0	0	5	3	2	0	0	3	2
4087_sub1	0	1	1	0	0	0	1	0
4087_sub2	0	1	1	0	0	0	1	0
4088_sub0	1	7	3	4	3	4	0	0
4093_sub0	0	5	2	3	0	0	2	3
4093_sub1	0	1	1	0	0	0	1	0
4104_sub0	0	4	3	1	0	0	3	1
4104_sub1	0	1	0	1	0	0	0	1
4104_sub2	0	1	0	1	0	0	0	1
4104_sub3	0	1	0	1	0	0	0	1
4110_sub0	0	2	1	1	0	0	1	1
4110_sub1	0	1	1	0	0	0	1	0
4110_sub2	0	1	1	0	0	0	1	0
4110_sub3	0	1	1	0	0	0	1	0
4110_sub4	0	1	1	0	0	0	1	0
4113_sub0	0	5	2	3	0	0	2	3
4113_sub1	0	1	1	0	0	0	1	0
4113_sub2	0	1	0	1	0	0	0	1
4114_sub0	0	5	3	2	0	0	3	2
4114_sub1	0	1	0	1	0	0	0	1
4114_sub2	0	1	1	0	0	0	1	0
4114_sub3	0	1	1	0	0	0	1	0
4114_sub4	0	1	1	0	0	0	1	0
4120_sub0	1	8	3	5	3	5	0	0
4120_sub1	0	1	1	0	0	0	1	0
4120_sub2	0	1	0	1	0	0	0	1
4120_sub3	0	1	0	1	0	0	0	1
4120_sub4	0	1	1	0	0	0	1	0
4123_sub0	1	8	3	5	3	5	0	0
4123_sub1	0	1	0	1	0	0	0	1
4123_sub2	0	1	0	1	0	0	0	1
4123_sub3	0	1	1	0	0	0	1	0
4128_sub0	0	1	0	1	0	0	0	1
4128_sub1	0	1	1	0	0	0	1	0
4128_sub2	0	1	1	0	0	0	1	0
4128_sub3	0	1	0	1	0	0	0	1
4128_sub4	0	1	0	1	0	0	0	1
4128_sub5	0	1	0	1	0	0	0	1
4128_sub6	0	1	0	1	0	0	0	1
4144_sub0	0	5	2	3	0	0	2	3
4144_sub1	0	1	1	0	0	0	1	0
4144_sub2	0	1	1	0	0	0	1	0
4147_sub0	0	3	1	2	0	0	1	2
4147_sub1	0	1	0	1	0	0	0	1
4147_sub2	0	1	0	1	0	0	0	1
4147_sub3	0	1	1	0	0	0	1	0
4151_sub0	1	6	4	2	4	2	0	0
4151_sub1	0	1	0	1	0	0	0	1
4151_sub2	0	1	1	0	0	0	1	0
4154_sub0	1	10	3	7	3	7	0	0
4154_sub1	0	1	1	0	0	0	1	0
4154_sub2	0	1	0	1	0	0	0	1
4154_sub3	0	1	1	0	0	0	1	0
4154_sub4	0	1	1	0	0	0	1	0
4154_sub5	0	1	0	1	0	0	0	1
4154_sub6	0	1	1	0	0	0	1	0
4157_sub0	1	12	6	6	6	6	0	0
4157_sub1	0	1	1	0	0	0	1	0
4157_sub2	0	1	1	0	0	0	1	0
4157_sub3	0	1	1	0	0	0	1	0
4159_sub0	0	2	1	1	0	0	1	1
4159_sub1	0	1	0	1	0	0	0	1
4159_sub2	0	1	1	0	0	0	1	0
4159_sub3	0	1	0	1	0	0	0	1
4159_sub4	0	1	0	1	0	0	0	1
416_sub0	0	1	1	0	0	0	1	0
416_sub1	0	5	3	2	0	0	3	2
416_sub2	0	1	0	1	0	0	0	1
416_sub3	0	1	1	0	0	0	1	0
416_sub4	0	1	1	0	0	0	1	0
416_sub5	0	1	1	0	0	0	1	0
4160_sub0	0	1	0	1	0	0	0	1
4160_sub1	0	1	1	0	0	0	1	0
4160_sub2	0	1	0	1	0	0	0	1
4160_sub3	0	1	0	1	0	0	0	1
4160_sub4	0	1	0	1	0	0	0	1
4160_sub5	0	1	0	1	0	0	0	1
4160_sub6	0	1	1	0	0	0	1	0
4168_sub0	1	10	6	4	6	4	0	0
4169_sub0	0	1	0	1	0	0	0	1
4169_sub1	0	1	0	1	0	0	0	1
4169_sub2	0	1	0	1	0	0	0	1
4169_sub3	0	1	1	0	0	0	1	0
4169_sub4	0	1	1	0	0	0	1	0
4169_sub5	0	1	1	0	0	0	1	0
4169_sub6	0	1	1	0	0	0	1	0
4170_sub0	0	4	1	3	0	0	1	3
4170_sub1	0	1	1	0	0	0	1	0
4170_sub2	0	1	1	0	0	0	1	0
4170_sub3	0	1	0	1	0	0	0	1
4170_sub4	0	1	1	0	0	0	1	0
4170_sub5	0	1	1	0	0	0	1	0
4170_sub6	0	1	0	1	0	0	0	1
4172_sub0	0	1	1	0	0	0	1	0
4172_sub1	0	1	0	1	0	0	0	1
4172_sub2	0	1	1	0	0	0	1	0
4172_sub3	0	1	1	0	0	0	1	0
4172_sub4	0	1	1	0	0	0	1	0
4172_sub5	0	1	1	0	0	0	1	0
4175_sub0	0	1	1	0	0	0	1	0
4175_sub1	0	1	0	1	0	0	0	1
4175_sub2	0	1	0	1	0	0	0	1
4175_sub3	0	1	0	1	0	0	0	1
4175_sub4	0	1	1	0	0	0	1	0
4175_sub5	0	1	0	1	0	0	0	1
4175_sub6	0	1	1	0	0	0	1	0
4179_sub0	0	1	1	0	0	0	1	0
4179_sub1	1	7	4	3	4	3	0	0
4179_sub2	0	1	0	1	0	0	0	1
4179_sub3	0	1	0	1	0	0	0	1
4179_sub4	0	1	0	1	0	0	0	1
4179_sub5	0	1	0	1	0	0	0	1
418_sub0	0	1	1	0	0	0	1	0
418_sub1	1	7	3	4	3	4	0	0
418_sub2	0	1	1	0	0	0	1	0
4182_sub0	0	1	0	1	0	0	0	1
4182_sub1	0	1	1	0	0	0	1	0
4182_sub2	0	1	1	0	0	0	1	0
4182_sub3	0	1	1	0	0	0	1	0
4182_sub4	0	1	1	0	0	0	1	0
4182_sub5	0	1	0	1	0	0	0	1
4186_sub0	1	6	4	2	4	2	0	0
4186_sub1	0	1	1	0	0	0	1	0
4186_sub2	0	1	0	1	0	0	0	1
4187_sub0	0	1	1	0	0	0	1	0
4187_sub1	0	1	0	1	0	0	0	1
4187_sub2	0	1	0	1	0	0	0	1
4187_sub3	0	1	0	1	0	0	0	1
4187_sub4	0	5	2	3	0	0	2	3
4187_sub5	0	1	1	0	0	0	1	0
4189_sub0	1	7	4	3	4	3	0	0
4189_sub1	0	1	0	1	0	0	0	1
4189_sub2	0	1	0	1	0	0	0	1
4192_sub0	1	12	4	8	4	8	0	0
4192_sub1	0	1	0	1	0	0	0	1
4192_sub2	0	1	0	1	0	0	0	1
4196_sub0	1	9	3	6	3	6	0	0
4196_sub1	0	1	1	0	0	0	1	0
4196_sub2	0	1	0	1	0	0	0	1
4196_sub3	0	1	0	1	0	0	0	1
4196_sub4	0	1	1	0	0	0	1	0
4196_sub5	0	1	0	1	0	0	0	1
4196_sub6	0	1	1	0	0	0	1	0
42_sub0	0	1	1	0	0	0	1	0
42_sub1	0	1	0	1	0	0	0	1
42_sub2	1	6	4	2	4	2	0	0
42_sub3	0	1	0	1	0	0	0	1
42_sub4	0	1	1	0	0	0	1	0
42_sub5	0	1	0	1	0	0	0	1
42_sub6	0	1	0	1	0	0	0	1
42_sub7	0	1	0	1	0	0	0	1
42_sub8	0	1	1	0	0	0	1	0
4200_sub0	1	8	3	5	3	5	0	0
4200_sub1	0	1	0	1	0	0	0	1
4200_sub2	0	1	0	1	0	0	0	1
4200_sub3	0	1	1	0	0	0	1	0
4204_sub0	0	1	1	0	0	0	1	0
4204_sub1	0	1	0	1	0	0	0	1
4204_sub2	0	1	1	0	0	0	1	0
4204_sub3	0	1	1	0	0	0	1	0
4204_sub4	0	1	1	0	0	0	1	0
4204_sub5	0	1	1	0	0	0	1	0
4206_sub0	0	1	1	0	0	0	1	0
4206_sub1	1	13	5	8	5	8	0	0
4206_sub2	0	1	0	1	0	0	0	1
4206_sub3	0	1	0	1	0	0	0	1
4208_sub0	0	1	1	0	0	0	1	0
4208_sub1	0	1	1	0	0	0	1	0
4208_sub2	0	1	1	0	0	0	1	0
4208_sub3	0	1	0	1	0	0	0	1
4208_sub4	0	1	1	0	0	0	1	0
4208_sub5	0	1	0	1	0	0	0	1
4228_sub0	0	1	1	0	0	0	1	0
4228_sub1	0	1	1	0	0	0	1	0
4228_sub2	0	1	0	1	0	0	0	1
4228_sub3	0	1	1	0	0	0	1	0
4228_sub4	0	1	1	0	0	0	1	0
4228_sub5	0	1	0	1	0	0	0	1
423_sub0	0	1	0	1	0	0	0	1
423_sub1	1	6	3	3	3	3	0	0
423_sub2	0	1	0	1	0	0	0	1
423_sub3	0	1	1	0	0	0	1	0
4233_sub0	1	10	6	4	6	4	0	0
4233_sub1	0	1	1	0	0	0	1	0
4236_sub0	1	10	6	4	6	4	0	0
4237_sub0	0	1	1	0	0	0	1	0
4237_sub1	1	6	1	5	1	5	0	0
4237_sub2	0	1	1	0	0	0	1	0
4237_sub3	0	1	0	1	0	0	0	1
4237_sub4	0	1	0	1	0	0	0	1
4238_sub0	1	11	2	9	2	9	0	0
4238_sub1	0	1	1	0	0	0	1	0
4238_sub2	0	1	0	1	0	0	0	1
4238_sub3	0	1	1	0	0	0	1	0
4238_sub4	0	1	0	1	0	0	0	1
4238_sub5	0	1	0	1	0	0	0	1
4238_sub6	0	1	0	1	0	0	0	1
4238_sub7	0	1	1	0	0	0	1	0
4238_sub8	0	1	0	1	0	0	0	1
424_sub0	0	1	0	1	0	0	0	1
424_sub1	0	2	1	1	0	0	1	1
424_sub2	0	1	0	1	0	0	0	1
424_sub3	0	1	0	1	0	0	0	1
424_sub4	0	1	0	1	0	0	0	1
4242_sub0	1	7	2	5	2	5	0	0
4242_sub1	0	1	1	0	0	0	1	0
4242_sub2	0	1	0	1	0	0	0	1
4243_sub0	0	1	0	1	0	0	0	1
4243_sub1	0	1	0	1	0	0	0	1
4243_sub2	0	1	0	1	0	0	0	1
4243_sub3	0	1	0	1	0	0	0	1
4243_sub4	0	1	0	1	0	0	0	1
4243_sub5	0	1	0	1	0	0	0	1
4249_sub0	1	8	7	1	7	1	0	0
425_sub0	0	1	0	1	0	0	0	1
425_sub1	0	1	0	1	0	0	0	1
425_sub2	1	11	8	3	8	3	0	0
4263_sub0	1	9	7	2	7	2	0	0
4263_sub1	0	1	0	1	0	0	0	1
4263_sub2	0	1	1	0	0	0	1	0
4264_sub0	0	1	1	0	0	0	1	0
4264_sub1	0	1	0	1	0	0	0	1
4264_sub2	0	1	0	1	0	0	0	1
4264_sub3	0	1	1	0	0	0	1	0
4264_sub4	0	1	0	1	0	0	0	1
4264_sub5	0	1	0	1	0	0	0	1
4265_sub0	0	1	0	1	0	0	0	1
4265_sub1	1	12	6	6	6	6	0	0
4267_sub0	0	1	1	0	0	0	1	0
4267_sub1	1	6	4	2	4	2	0	0
4267_sub2	0	1	0	1	0	0	0	1
4285_sub0	1	8	5	3	5	3	0	0
4285_sub1	0	1	1	0	0	0	1	0
4285_sub2	0	1	0	1	0	0	0	1
4285_sub3	0	1	0	1	0	0	0	1
429_sub0	0	1	0	1	0	0	0	1
429_sub1	0	2	1	1	0	0	1	1
429_sub2	0	2	1	1	0	0	1	1
429_sub3	0	1	1	0	0	0	1	0
429_sub4	0	1	0	1	0	0	0	1
4291_sub0	1	6	4	2	4	2	0	0
4291_sub1	0	1	0	1	0	0	0	1
4291_sub2	0	1	0	1	0	0	0	1
4291_sub3	0	1	0	1	0	0	0	1
4291_sub4	0	1	1	0	0	0	1	0
4295_sub0	0	5	3	2	0	0	3	2
4295_sub1	0	1	0	1	0	0	0	1
4295_sub2	0	1	1	0	0	0	1	0
4299_sub0	0	5	3	2	0	0	3	2
4299_sub1	0	1	0	1	0	0	0	1
4305_sub0	1	16	6	10	6	10	0	0
4305_sub1	0	1	1	0	0	0	1	0
4308_sub0	1	7	6	1	6	1	0	0
4308_sub1	0	1	0	1	0	0	0	1
4308_sub2	0	1	0	1	0	0	0	1
4308_sub3	0	1	1	0	0	0	1	0
4308_sub4	0	1	0	1	0	0	0	1
4308_sub5	0	1	1	0	0	0	1	0
431_sub0	0	1	1	0	0	0	1	0
431_sub1	1	11	5	6	5	6	0	0
4311_sub0	0	1	0	1	0	0	0	1
4311_sub1	0	4	3	1	0	0	3	1
4311_sub2	0	1	1	0	0	0	1	0
4317_sub0	0	1	1	0	0	0	1	0
4317_sub1	0	1	0	1	0	0	0	1
4317_sub2	0	1	0	1	0	0	0	1
4317_sub3	0	1	0	1	0	0	0	1
4317_sub4	0	1	0	1	0	0	0	1
4317_sub5	0	1	0	1	0	0	0	1
4319_sub0	0	1	0	1	0	0	0	1
4319_sub1	0	1	0	1	0	0	0	1
4319_sub2	0	1	0	1	0	0	0	1
4319_sub3	0	1	1	0	0	0	1	0
4319_sub4	0	1	0	1	0	0	0	1
4319_sub5	0	1	1	0	0	0	1	0
4329_sub0	1	8	3	5	3	5	0	0
4329_sub1	0	1	0	1	0	0	0	1
4329_sub2	0	1	1	0	0	0	1	0
4329_sub3	0	1	1	0	0	0	1	0
4329_sub4	0	1	0	1	0	0	0	1
4331_sub0	1	7	3	4	3	4	0	0
4331_sub1	0	1	0	1	0	0	0	1
4333_sub0	0	1	0	1	0	0	0	1
4333_sub1	0	1	0	1	0	0	0	1
4333_sub2	0	5	4	1	0	0	4	1
4339_sub0	0	1	1	0	0	0	1	0
4339_sub1	1	8	3	5	3	5	0	0
4339_sub2	0	1	0	1	0	0	0	1
4339_sub3	0	1	1	0	0	0	1	0
4340_sub0	0	3	3	0	0	0	3	0
4340_sub1	0	1	0	1	0	0	0	1
4340_sub2	0	1	1	0	0	0	1	0
4340_sub3	0	1	1	0	0	0	1	0
4340_sub4	0	1	1	0	0	0	1	0
4341_sub0	1	7	5	2	5	2	0	0
4341_sub1	0	2	1	1	0	0	1	1
4341_sub2	0	1	1	0	0	0	1	0
4341_sub3	0	1	0	1	0	0	0	1
4341_sub4	0	1	1	0	0	0	1	0
4353_sub0	1	6	0	6	0	6	0	0
4353_sub1	0	1	1	0	0	0	1	0
4353_sub2	0	1	0	1	0	0	0	1
4358_sub0	1	6	3	3	3	3	0	0
4359_sub0	0	1	0	1	0	0	0	1
4359_sub1	1	6	2	4	2	4	0	0
4359_sub2	0	1	1	0	0	0	1	0
4359_sub3	0	1	0	1	0	0	0	1
4359_sub4	0	1	0	1	0	0	0	1
437_sub0	0	1	1	0	0	0	1	0
437_sub1	1	10	3	7	3	7	0	0
437_sub2	0	1	0	1	0	0	0	1
4371_sub0	1	9	4	5	4	5	0	0
4371_sub1	0	1	1	0	0	0	1	0
4371_sub2	0	1	0	1	0	0	0	1
4381_sub0	1	9	3	6	3	6	0	0
4381_sub1	0	1	0	1	0	0	0	1
4388_sub0	1	7	4	3	4	3	0	0
4388_sub1	0	1	1	0	0	0	1	0
4388_sub2	0	1	1	0	0	0	1	0
4392_sub0	1	9	4	5	4	5	0	0
4392_sub1	0	1	1	0	0	0	1	0
4392_sub2	0	1	1	0	0	0	1	0
4392_sub3	0	1	1	0	0	0	1	0
4392_sub4	0	1	0	1	0	0	0	1
44_sub0	0	1	0	1	0	0	0	1
44_sub1	0	1	1	0	0	0	1	0
44_sub2	0	1	1	0	0	0	1	0
44_sub3	1	10	4	6	4	6	0	0
44_sub4	0	1	1	0	0	0	1	0
4401_sub0	1	14	7	7	7	7	0	0
4401_sub1	0	1	0	1	0	0	0	1
4401_sub2	0	1	0	1	0	0	0	1
4407_sub0	0	1	0	1	0	0	0	1
4407_sub1	0	1	1	0	0	0	1	0
4407_sub2	0	1	0	1	0	0	0	1
4407_sub3	0	1	1	0	0	0	1	0
4407_sub4	0	1	1	0	0	0	1	0
4407_sub5	0	1	0	1	0	0	0	1
441_sub0	0	1	1	0	0	0	1	0
441_sub1	1	10	4	6	4	6	0	0
441_sub2	0	1	1	0	0	0	1	0
441_sub3	0	1	1	0	0	0	1	0
4412_sub0	1	8	5	3	5	3	0	0
4412_sub1	0	1	0	1	0	0	0	1
4412_sub2	0	1	1	0	0	0	1	0
4412_sub3	0	1	1	0	0	0	1	0
4412_sub4	0	1	0	1	0	0	0	1
4413_sub0	0	5	2	3	0	0	2	3
4413_sub1	0	1	0	1	0	0	0	1
442_sub0	0	1	0	1	0	0	0	1
442_sub1	1	6	5	1	5	1	0	0
442_sub2	0	1	0	1	0	0	0	1
4420_sub0	0	5	3	2	0	0	3	2
4420_sub1	0	1	0	1	0	0	0	1
4420_sub2	0	1	1	0	0	0	1	0
4433_sub0	0	1	0	1	0	0	0	1
4433_sub1	0	4	4	0	0	0	4	0
4433_sub2	0	1	1	0	0	0	1	0
4433_sub3	0	5	2	3	0	0	2	3
4433_sub4	0	1	0	1	0	0	0	1
4433_sub5	0	1	1	0	0	0	1	0
4433_sub6	0	1	1	0	0	0	1	0
4439_sub0	1	7	3	4	3	4	0	0
4439_sub1	0	1	1	0	0	0	1	0
4439_sub2	0	1	1	0	0	0	1	0
4439_sub3	0	1	1	0	0	0	1	0
4439_sub4	0	1	0	1	0	0	0	1
4439_sub5	0	1	1	0	0	0	1	0
4439_sub6	0	1	0	1	0	0	0	1
4442_sub0	0	1	1	0	0	0	1	0
4442_sub1	0	1	1	0	0	0	1	0
4442_sub2	0	1	0	1	0	0	0	1
4442_sub3	0	1	1	0	0	0	1	0
4442_sub4	0	1	0	1	0	0	0	1
4442_sub5	1	6	2	4	2	4	0	0
4442_sub6	0	1	0	1	0	0	0	1
4454_sub0	0	5	2	3	0	0	2	3
4454_sub1	0	1	0	1	0	0	0	1
4454_sub2	0	1	1	0	0	0	1	0
4454_sub3	0	1	1	0	0	0	1	0
4454_sub4	0	1	0	1	0	0	0	1
4465_sub0	0	1	1	0	0	0	1	0
4465_sub1	0	1	0	1	0	0	0	1
4465_sub2	0	1	0	1	0	0	0	1
4465_sub3	0	1	1	0	0	0	1	0
4465_sub4	0	1	1	0	0	0	1	0
4465_sub5	0	1	0	1	0	0	0	1
4465_sub6	0	1	1	0	0	0	1	0
4465_sub7	0	1	1	0	0	0	1	0
4465_sub8	0	1	1	0	0	0	1	0
4465_sub9	0	1	0	1	0	0	0	1
4465_sub10	0	1	0	1	0	0	0	1
447_sub0	0	1	1	0	0	0	1	0
447_sub1	1	9	5	4	5	4	0	0
447_sub2	0	1	0	1	0	0	0	1
447_sub3	0	1	0	1	0	0	0	1
4473_sub0	0	1	0	1	0	0	0	1
4473_sub1	0	1	1	0	0	0	1	0
4473_sub2	0	1	1	0	0	0	1	0
4473_sub3	0	1	0	1	0	0	0	1
4473_sub4	0	1	0	1	0	0	0	1
4473_sub5	0	1	1	0	0	0	1	0
448_sub0	0	1	0	1	0	0	0	1
448_sub1	1	10	4	6	4	6	0	0
448_sub2	0	2	2	0	0	0	2	0
448_sub3	0	1	0	1	0	0	0	1
4486_sub0	0	1	0	1	0	0	0	1
4486_sub1	0	1	1	0	0	0	1	0
4486_sub2	0	1	1	0	0	0	1	0
4486_sub3	0	2	2	0	0	0	2	0
4486_sub4	0	1	1	0	0	0	1	0
4488_sub0	0	1	1	0	0	0	1	0
4488_sub1	0	4	0	4	0	0	0	4
4488_sub2	0	1	0	1	0	0	0	1
4491_sub0	1	9	4	5	4	5	0	0
4491_sub1	0	1	0	1	0	0	0	1
4491_sub2	0	1	1	0	0	0	1	0
4491_sub3	0	1	1	0	0	0	1	0
4501_sub0	0	1	0	1	0	0	0	1
4501_sub1	0	1	0	1	0	0	0	1
4501_sub2	0	1	0	1	0	0	0	1
4501_sub3	0	1	1	0	0	0	1	0
4501_sub4	0	1	0	1	0	0	0	1
4501_sub5	0	1	1	0	0	0	1	0
4507_sub0	0	1	0	1	0	0	0	1
4507_sub1	1	9	4	5	4	5	0	0
4507_sub2	0	1	1	0	0	0	1	0
4507_sub3	0	1	1	0	0	0	1	0
4508_sub0	1	10	4	6	4	6	0	0
4508_sub1	0	1	0	1	0	0	0	1
451_sub0	1	7	3	4	3	4	0	0
451_sub1	0	1	1	0	0	0	1	0
451_sub2	0	1	1	0	0	0	1	0
4510_sub0	0	5	1	4	0	0	1	4
4510_sub1	0	1	1	0	0	0	1	0
4510_sub2	0	1	1	0	0	0	1	0
4522_sub0	1	7	6	1	6	1	0	0
4522_sub1	0	1	1	0	0	0	1	0
4526_sub0	1	12	9	3	9	3	0	0
4526_sub1	0	1	1	0	0	0	1	0
4526_sub2	0	1	1	0	0	0	1	0
4526_sub3	0	1	0	1	0	0	0	1
4526_sub4	0	1	0	1	0	0	0	1
4528_sub0	1	8	7	1	7	1	0	0
4528_sub1	0	1	0	1	0	0	0	1
4528_sub2	0	1	0	1	0	0	0	1
4532_sub0	0	1	1	0	0	0	1	0
4532_sub1	0	1	0	1	0	0	0	1
4532_sub2	0	1	0	1	0	0	0	1
4532_sub3	0	1	1	0	0	0	1	0
4532_sub4	0	1	0	1	0	0	0	1
4532_sub5	0	1	0	1	0	0	0	1
4532_sub6	0	1	1	0	0	0	1	0
4558_sub0	0	1	0	1	0	0	0	1
4558_sub1	0	1	0	1	0	0	0	1
4558_sub2	0	3	1	2	0	0	1	2
4558_sub3	0	1	0	1	0	0	0	1
4558_sub4	0	1	0	1	0	0	0	1
4561_sub0	0	1	1	0	0	0	1	0
4561_sub1	0	1	0	1	0	0	0	1
4561_sub2	0	1	1	0	0	0	1	0
4561_sub3	0	1	0	1	0	0	0	1
4561_sub4	0	1	1	0	0	0	1	0
4561_sub5	0	1	1	0	0	0	1	0
4561_sub6	0	1	1	0	0	0	1	0
4561_sub7	0	1	1	0	0	0	1	0
457_sub0	1	9	4	5	4	5	0	0
457_sub1	0	1	0	1	0	0	0	1
457_sub2	0	1	0	1	0	0	0	1
4581_sub0	1	9	4	5	4	5	0	0
4581_sub1	0	1	0	1	0	0	0	1
4581_sub2	0	1	0	1	0	0	0	1
4581_sub3	0	1	0	1	0	0	0	1
4588_sub0	0	5	2	3	0	0	2	3
4588_sub1	0	1	0	1	0	0	0	1
4588_sub2	0	1	0	1	0	0	0	1
4588_sub3	0	1	0	1	0	0	0	1
4588_sub4	0	1	0	1	0	0	0	1
459_sub0	0	1	1	0	0	0	1	0
459_sub1	0	5	1	4	0	0	1	4
4593_sub0	1	8	3	5	3	5	0	0
460_sub0	1	10	2	8	2	8	0	0
460_sub1	0	1	0	1	0	0	0	1
460_sub2	0	1	1	0	0	0	1	0
460_sub3	0	1	1	0	0	0	1	0
4601_sub0	1	9	6	3	6	3	0	0
4601_sub1	0	1	0	1	0	0	0	1
4601_sub2	0	1	0	1	0	0	0	1
4601_sub3	0	1	1	0	0	0	1	0
461_sub0	1	11	3	8	3	8	0	0
461_sub1	0	1	1	0	0	0	1	0
4610_sub0	0	1	1	0	0	0	1	0
4610_sub1	0	1	1	0	0	0	1	0
4610_sub2	0	1	0	1	0	0	0	1
4610_sub3	0	1	0	1	0	0	0	1
4610_sub4	0	1	1	0	0	0	1	0
4610_sub5	0	1	0	1	0	0	0	1
4611_sub0	0	1	1	0	0	0	1	0
4611_sub1	0	1	0	1	0	0	0	1
4611_sub2	0	1	1	0	0	0	1	0
4611_sub3	0	1	1	0	0	0	1	0
4611_sub4	0	1	0	1	0	0	0	1
4611_sub5	0	1	1	0	0	0	1	0
4615_sub0	1	9	5	4	5	4	0	0
4615_sub1	0	1	0	1	0	0	0	1
4615_sub2	0	1	1	0	0	0	1	0
4615_sub3	0	1	0	1	0	0	0	1
4615_sub4	0	1	0	1	0	0	0	1
4615_sub5	0	1	1	0	0	0	1	0
4615_sub6	0	1	1	0	0	0	1	0
4624_sub0	0	4	0	4	0	0	0	4
4624_sub1	0	1	1	0	0	0	1	0
4624_sub2	0	1	1	0	0	0	1	0
4624_sub3	0	1	1	0	0	0	1	0
4624_sub4	0	1	1	0	0	0	1	0
4629_sub0	0	1	1	0	0	0	1	0
4629_sub1	0	1	0	1	0	0	0	1
4629_sub2	0	1	1	0	0	0	1	0
4629_sub3	0	1	0	1	0	0	0	1
4629_sub4	0	1	1	0	0	0	1	0
4629_sub5	0	1	0	1	0	0	0	1
463_sub0	0	1	0	1	0	0	0	1
463_sub1	0	1	1	0	0	0	1	0
463_sub2	0	4	1	3	0	0	1	3
4634_sub0	0	1	0	1	0	0	0	1
4634_sub1	0	1	1	0	0	0	1	0
4634_sub2	0	1	1	0	0	0	1	0
4634_sub3	0	3	1	2	0	0	1	2
4634_sub4	0	1	1	0	0	0	1	0
4634_sub5	0	1	0	1	0	0	0	1
4634_sub6	0	1	0	1	0	0	0	1
4662_sub0	0	1	0	1	0	0	0	1
4662_sub1	0	1	1	0	0	0	1	0
4662_sub2	0	1	0	1	0	0	0	1
4662_sub3	0	1	1	0	0	0	1	0
4662_sub4	0	1	1	0	0	0	1	0
4662_sub5	0	1	0	1	0	0	0	1
4663_sub0	1	6	5	1	5	1	0	0
4663_sub1	0	1	0	1	0	0	0	1
4663_sub2	0	1	1	0	0	0	1	0
468_sub0	0	1	0	1	0	0	0	1
468_sub1	0	2	0	2	0	0	0	2
468_sub2	0	1	0	1	0	0	0	1
468_sub3	0	1	1	0	0	0	1	0
468_sub4	0	1	0	1	0	0	0	1
468_sub5	0	1	1	0	0	0	1	0
469_sub0	0	1	0	1	0	0	0	1
469_sub1	0	1	0	1	0	0	0	1
469_sub2	0	1	0	1	0	0	0	1
469_sub3	0	1	1	0	0	0	1	0
469_sub4	0	1	0	1	0	0	0	1
469_sub5	0	1	0	1	0	0	0	1
4700_sub0	0	1	0	1	0	0	0	1
4700_sub1	1	6	4	2	4	2	0	0
4700_sub2	0	1	0	1	0	0	0	1
4700_sub3	0	1	1	0	0	0	1	0
4705_sub0	1	8	5	3	5	3	0	0
4705_sub1	0	1	1	0	0	0	1	0
4705_sub2	0	1	1	0	0	0	1	0
4730_sub0	0	1	0	1	0	0	0	1
4730_sub1	1	10	5	5	5	5	0	0
4730_sub2	0	1	1	0	0	0	1	0
4730_sub3	0	1	1	0	0	0	1	0
4730_sub4	0	1	1	0	0	0	1	0
4730_sub5	0	1	1	0	0	0	1	0
4737_sub0	1	11	6	5	6	5	0	0
4737_sub1	0	1	1	0	0	0	1	0
4737_sub2	0	1	1	0	0	0	1	0
4737_sub3	0	1	1	0	0	0	1	0
4737_sub4	0	1	1	0	0	0	1	0
4744_sub0	0	1	0	1	0	0	0	1
4744_sub1	1	14	10	4	10	4	0	0
4744_sub2	0	1	1	0	0	0	1	0
4744_sub3	0	1	1	0	0	0	1	0
4744_sub4	0	1	1	0	0	0	1	0
4744_sub5	0	1	0	1	0	0	0	1
4748_sub0	0	1	1	0	0	0	1	0
4748_sub1	1	6	1	5	1	5	0	0
4756_sub0	1	7	5	2	5	2	0	0
4756_sub1	0	1	0	1	0	0	0	1
4756_sub2	0	1	0	1	0	0	0	1
4756_sub3	0	1	1	0	0	0	1	0
4756_sub4	0	1	1	0	0	0	1	0
4756_sub5	0	1	0	1	0	0	0	1
4756_sub6	0	1	1	0	0	0	1	0
4756_sub7	0	1	0	1	0	0	0	1
4759_sub0	0	1	1	0	0	0	1	0
4759_sub1	0	4	3	1	0	0	3	1
4759_sub2	0	1	0	1	0	0	0	1
4759_sub3	0	1	0	1	0	0	0	1
4762_sub0	0	1	0	1	0	0	0	1
4762_sub1	0	1	1	0	0	0	1	0
4762_sub2	0	1	1	0	0	0	1	0
4762_sub3	0	1	0	1	0	0	0	1
4762_sub4	0	1	0	1	0	0	0	1
4762_sub5	0	1	1	0	0	0	1	0
4767_sub0	1	8	3	5	3	5	0	0
4767_sub1	0	1	0	1	0	0	0	1
4767_sub2	0	1	1	0	0	0	1	0
4767_sub3	0	1	1	0	0	0	1	0
4770_sub0	0	5	1	4	0	0	1	4
4770_sub1	0	1	0	1	0	0	0	1
4770_sub2	0	1	0	1	0	0	0	1
4771_sub0	1	7	3	4	3	4	0	0
4771_sub1	0	1	1	0	0	0	1	0
4774_sub0	1	6	2	4	2	4	0	0
4774_sub1	0	1	0	1	0	0	0	1
4774_sub2	0	1	1	0	0	0	1	0
4774_sub3	0	1	0	1	0	0	0	1
4774_sub4	0	1	1	0	0	0	1	0
4792_sub0	1	9	6	3	6	3	0	0
4792_sub1	0	1	1	0	0	0	1	0
4792_sub2	0	1	0	1	0	0	0	1
4792_sub3	0	1	1	0	0	0	1	0
4798_sub0	0	1	0	1	0	0	0	1
4798_sub1	1	7	6	1	6	1	0	0
4798_sub2	0	1	1	0	0	0	1	0
48_sub0	0	1	0	1	0	0	0	1
48_sub1	0	3	1	2	0	0	1	2
48_sub2	0	1	0	1	0	0	0	1
48_sub3	0	1	0	1	0	0	0	1
480_sub0	0	1	0	1	0	0	0	1
480_sub1	1	6	5	1	5	1	0	0
4802_sub0	0	5	4	1	0	0	4	1
4802_sub1	0	1	0	1	0	0	0	1
4802_sub2	0	1	1	0	0	0	1	0
4802_sub3	0	1	1	0	0	0	1	0
4802_sub4	0	1	1	0	0	0	1	0
4802_sub5	0	1	0	1	0	0	0	1
4802_sub6	0	1	0	1	0	0	0	1
4802_sub7	0	1	1	0	0	0	1	0
4802_sub8	0	1	0	1	0	0	0	1
4802_sub9	0	1	1	0	0	0	1	0
4803_sub0	0	4	2	2	0	0	2	2
4803_sub1	0	1	1	0	0	0	1	0
4803_sub2	0	1	1	0	0	0	1	0
4803_sub3	0	1	0	1	0	0	0	1
4803_sub4	0	1	0	1	0	0	0	1
482_sub0	0	1	1	0	0	0	1	0
482_sub1	0	1	0	1	0	0	0	1
482_sub2	1	13	8	5	8	5	0	0
4823_sub0	0	2	0	2	0	0	0	2
4823_sub1	0	1	0	1	0	0	0	1
4823_sub2	0	1	1	0	0	0	1	0
4823_sub3	0	1	1	0	0	0	1	0
4823_sub4	0	1	0	1	0	0	0	1
4823_sub5	0	1	0	1	0	0	0	1
4829_sub0	0	1	1	0	0	0	1	0
4829_sub1	1	6	1	5	1	5	0	0
4829_sub2	0	1	0	1	0	0	0	1
4829_sub3	0	1	1	0	0	0	1	0
4835_sub0	0	5	1	4	0	0	1	4
4835_sub1	0	1	0	1	0	0	0	1
4835_sub2	0	1	1	0	0	0	1	0
4835_sub3	0	1	1	0	0	0	1	0
4840_sub0	1	6	3	3	3	3	0	0
4840_sub1	0	1	1	0	0	0	1	0
4841_sub0	0	1	1	0	0	0	1	0
4841_sub1	1	6	3	3	3	3	0	0
4848_sub0	0	5	3	2	0	0	3	2
4848_sub1	0	1	0	1	0	0	0	1
4848_sub2	0	1	1	0	0	0	1	0
4848_sub3	0	1	0	1	0	0	0	1
4848_sub4	0	1	0	1	0	0	0	1
4856_sub0	0	1	0	1	0	0	0	1
4856_sub1	1	11	6	5	6	5	0	0
4856_sub2	0	1	0	1	0	0	0	1
4856_sub3	0	1	0	1	0	0	0	1
4856_sub4	0	1	0	1	0	0	0	1
4859_sub0	0	1	0	1	0	0	0	1
4859_sub1	1	7	4	3	4	3	0	0
4861_sub0	0	1	1	0	0	0	1	0
4861_sub1	0	1	1	0	0	0	1	0
4861_sub2	0	1	1	0	0	0	1	0
4861_sub3	0	1	1	0	0	0	1	0
4861_sub4	0	4	2	2	0	0	2	2
4863_sub0	1	6	4	2	4	2	0	0
4863_sub1	0	1	1	0	0	0	1	0
4868_sub0	1	11	4	7	4	7	0	0
4875_sub0	1	8	0	8	0	8	0	0
4875_sub1	0	1	0	1	0	0	0	1
4875_sub2	0	1	1	0	0	0	1	0
4884_sub0	0	1	1	0	0	0	1	0
4884_sub1	0	1	0	1	0	0	0	1
4884_sub2	0	1	0	1	0	0	0	1
4884_sub3	0	1	1	0	0	0	1	0
4884_sub4	0	1	0	1	0	0	0	1
4884_sub5	0	1	0	1	0	0	0	1
4893_sub0	0	5	3	2	0	0	3	2
4893_sub1	0	1	1	0	0	0	1	0
4893_sub2	0	1	1	0	0	0	1	0
4893_sub3	0	1	0	1	0	0	0	1
49_sub0	0	1	0	1	0	0	0	1
49_sub1	0	4	3	1	0	0	3	1
49_sub2	0	1	1	0	0	0	1	0
4901_sub0	0	3	1	2	0	0	1	2
4901_sub1	0	1	0	1	0	0	0	1
4901_sub2	0	1	0	1	0	0	0	1
4901_sub3	0	1	1	0	0	0	1	0
4902_sub0	0	1	0	1	0	0	0	1
4902_sub1	0	1	1	0	0	0	1	0
4902_sub2	0	1	0	1	0	0	0	1
4902_sub3	0	1	0	1	0	0	0	1
4902_sub4	0	1	0	1	0	0	0	1
4902_sub5	0	1	0	1	0	0	0	1
4911_sub0	0	1	1	0	0	0	1	0
4911_sub1	1	9	3	6	3	6	0	0
4911_sub2	0	1	0	1	0	0	0	1
4911_sub3	0	1	1	0	0	0	1	0
4911_sub4	0	1	0	1	0	0	0	1
4911_sub5	0	1	1	0	0	0	1	0
4911_sub6	0	1	1	0	0	0	1	0
4913_sub0	1	8	4	4	4	4	0	0
4913_sub1	0	1	1	0	0	0	1	0
4913_sub2	0	1	1	0	0	0	1	0
4915_sub0	0	1	1	0	0	0	1	0
4915_sub1	0	1	1	0	0	0	1	0
4915_sub2	0	1	1	0	0	0	1	0
4915_sub3	0	2	1	1	0	0	1	1
4915_sub4	0	1	1	0	0	0	1	0
4915_sub5	0	1	0	1	0	0	0	1
4915_sub6	0	1	1	0	0	0	1	0
4915_sub7	0	1	1	0	0	0	1	0
4915_sub8	0	1	0	1	0	0	0	1
492_sub0	0	1	0	1	0	0	0	1
492_sub1	0	1	0	1	0	0	0	1
492_sub2	0	3	2	1	0	0	2	1
492_sub3	0	1	0	1	0	0	0	1
4926_sub0	1	7	4	3	4	3	0	0
4926_sub1	0	1	1	0	0	0	1	0
4926_sub2	0	1	0	1	0	0	0	1
4926_sub3	0	1	0	1	0	0	0	1
4932_sub0	0	4	3	1	0	0	3	1
4932_sub1	0	1	0	1	0	0	0	1
4932_sub2	0	1	1	0	0	0	1	0
494_sub0	1	7	1	6	1	6	0	0
494_sub1	0	1	0	1	0	0	0	1
4944_sub0	0	1	1	0	0	0	1	0
4944_sub1	1	6	3	3	3	3	0	0
4944_sub2	0	1	0	1	0	0	0	1
4944_sub3	0	1	0	1	0	0	0	1
4944_sub4	0	1	1	0	0	0	1	0
4946_sub0	0	1	1	0	0	0	1	0
4946_sub1	0	4	1	3	0	0	1	3
4946_sub2	0	1	1	0	0	0	1	0
4955_sub0	0	1	1	0	0	0	1	0
4955_sub1	0	1	0	1	0	0	0	1
4955_sub2	0	1	0	1	0	0	0	1
4955_sub3	0	1	1	0	0	0	1	0
4955_sub4	0	1	0	1	0	0	0	1
4955_sub5	0	1	1	0	0	0	1	0
4955_sub6	0	1	0	1	0	0	0	1
4963_sub0	0	4	2	2	0	0	2	2
4963_sub1	0	1	0	1	0	0	0	1
4963_sub2	0	1	1	0	0	0	1	0
4963_sub3	0	1	1	0	0	0	1	0
4976_sub0	0	1	0	1	0	0	0	1
4976_sub1	1	7	3	4	3	4	0	0
4976_sub2	0	1	0	1	0	0	0	1
4983_sub0	1	7	1	6	1	6	0	0
4983_sub1	0	1	0	1	0	0	0	1
4986_sub0	0	1	0	1	0	0	0	1
4986_sub1	0	1	0	1	0	0	0	1
4986_sub2	0	1	0	1	0	0	0	1
4986_sub3	0	1	0	1	0	0	0	1
4986_sub4	0	1	0	1	0	0	0	1
4986_sub5	0	1	0	1	0	0	0	1
4988_sub0	0	1	1	0	0	0	1	0
4988_sub1	1	6	2	4	2	4	0	0
4991_sub0	0	5	4	1	0	0	4	1
4991_sub1	0	1	1	0	0	0	1	0
4991_sub2	0	1	0	1	0	0	0	1
4991_sub3	0	1	0	1	0	0	0	1
4995_sub0	0	5	3	2	0	0	3	2
4995_sub1	0	1	1	0	0	0	1	0
4995_sub2	0	1	0	1	0	0	0	1
4998_sub0	1	6	1	5	1	5	0	0
4998_sub1	0	1	1	0	0	0	1	0
4998_sub2	0	1	0	1	0	0	0	1
4998_sub3	0	1	1	0	0	0	1	0
5_sub0	0	1	1	0	0	0	1	0
5_sub1	1	10	6	4	6	4	0	0
5_sub2	0	1	0	1	0	0	0	1
5_sub3	0	1	0	1	0	0	0	1
5_sub4	0	1	0	1	0	0	0	1
5_sub5	0	1	1	0	0	0	1	0
50_sub0	0	1	0	1	0	0	0	1
50_sub1	0	3	0	3	0	0	0	3
50_sub2	0	1	0	1	0	0	0	1
50_sub3	0	1	0	1	0	0	0	1
5004_sub0	1	9	2	7	2	7	0	0
5004_sub1	0	1	1	0	0	0	1	0
5004_sub2	0	1	0	1	0	0	0	1
5004_sub3	0	1	1	0	0	0	1	0
5005_sub0	1	6	4	2	4	2	0	0
5005_sub1	0	1	1	0	0	0	1	0
5005_sub2	0	1	0	1	0	0	0	1
5005_sub3	0	1	0	1	0	0	0	1
5005_sub4	0	1	1	0	0	0	1	0
5017_sub0	0	1	0	1	0	0	0	1
5017_sub1	0	1	1	0	0	0	1	0
5017_sub2	0	1	0	1	0	0	0	1
5017_sub3	0	1	1	0	0	0	1	0
5017_sub4	0	1	1	0	0	0	1	0
5017_sub5	0	1	0	1	0	0	0	1
502_sub0	1	7	3	4	3	4	0	0
502_sub1	0	1	1	0	0	0	1	0
502_sub2	0	1	1	0	0	0	1	0
5024_sub0	0	1	1	0	0	0	1	0
5024_sub1	1	9	4	5	4	5	0	0
5024_sub2	0	1	1	0	0	0	1	0
5026_sub0	1	9	4	5	4	5	0	0
5026_sub1	0	1	0	1	0	0	0	1
5026_sub2	0	1	1	0	0	0	1	0
5029_sub0	0	1	0	1	0	0	0	1
5029_sub1	0	5	3	2	0	0	3	2
5029_sub2	0	1	0	1	0	0	0	1
5034_sub0	0	5	2	3	0	0	2	3
5034_sub1	0	1	1	0	0	0	1	0
5042_sub0	0	1	1	0	0	0	1	0
5042_sub1	0	1	1	0	0	0	1	0
5042_sub2	0	1	0	1	0	0	0	1
5042_sub3	0	1	1	0	0	0	1	0
5042_sub4	0	1	0	1	0	0	0	1
5042_sub5	0	1	0	1	0	0	0	1
5043_sub0	0	4	3	1	0	0	3	1
5043_sub1	0	1	0	1	0	0	0	1
5043_sub2	0	1	0	1	0	0	0	1
5048_sub0	1	7	4	3	4	3	0	0
5048_sub1	0	1	0	1	0	0	0	1
5048_sub2	0	1	0	1	0	0	0	1
5048_sub3	0	1	1	0	0	0	1	0
5048_sub4	0	1	0	1	0	0	0	1
5057_sub0	0	1	1	0	0	0	1	0
5057_sub1	1	7	7	0	7	0	0	0
5061_sub0	0	5	3	2	0	0	3	2
5061_sub1	0	1	0	1	0	0	0	1
5061_sub2	0	1	1	0	0	0	1	0
5061_sub3	0	1	1	0	0	0	1	0
5061_sub4	0	1	0	1	0	0	0	1
507_sub0	0	1	0	1	0	0	0	1
507_sub1	0	1	0	1	0	0	0	1
507_sub2	1	11	7	4	7	4	0	0
507_sub3	0	1	0	1	0	0	0	1
507_sub4	0	1	1	0	0	0	1	0
5071_sub0	0	5	4	1	0	0	4	1
5071_sub1	0	1	0	1	0	0	0	1
5072_sub0	0	1	1	0	0	0	1	0
5072_sub1	0	1	0	1	0	0	0	1
5072_sub2	0	1	0	1	0	0	0	1
5072_sub3	0	1	1	0	0	0	1	0
5072_sub4	0	1	1	0	0	0	1	0
5072_sub5	0	1	0	1	0	0	0	1
5072_sub6	0	1	0	1	0	0	0	1
5073_sub0	1	9	4	5	4	5	0	0
5073_sub1	0	1	0	1	0	0	0	1
5073_sub2	0	1	1	0	0	0	1	0
5074_sub0	0	1	1	0	0	0	1	0
5074_sub1	0	1	1	0	0	0	1	0
5074_sub2	0	1	0	1	0	0	0	1
5074_sub3	0	1	1	0	0	0	1	0
5074_sub4	0	1	0	1	0	0	0	1
5074_sub5	0	1	0	1	0	0	0	1
5074_sub6	0	1	0	1	0	0	0	1
5074_sub7	0	1	0	1	0	0	0	1
5082_sub0	1	8	4	4	4	4	0	0
5084_sub0	0	1	0	1	0	0	0	1
5084_sub1	0	1	0	1	0	0	0	1
5084_sub2	0	1	1	0	0	0	1	0
5084_sub3	0	1	0	1	0	0	0	1
5084_sub4	0	1	1	0	0	0	1	0
5084_sub5	0	1	0	1	0	0	0	1
5089_sub0	1	10	4	6	4	6	0	0
5089_sub1	0	1	1	0	0	0	1	0
5089_sub2	0	1	0	1	0	0	0	1
5089_sub3	0	1	1	0	0	0	1	0
5089_sub4	0	1	1	0	0	0	1	0
5089_sub5	0	1	0	1	0	0	0	1
5089_sub6	0	1	0	1	0	0	0	1
5110_sub0	0	1	0	1	0	0	0	1
5110_sub1	0	1	0	1	0	0	0	1
5110_sub2	0	1	0	1	0	0	0	1
5110_sub3	0	1	1	0	0	0	1	0
5110_sub4	0	1	0	1	0	0	0	1
5110_sub5	0	1	1	0	0	0	1	0
5111_sub0	0	1	0	1	0	0	0	1
5111_sub1	0	1	0	1	0	0	0	1
5111_sub2	0	1	1	0	0	0	1	0
5111_sub3	0	1	0	1	0	0	0	1
5111_sub4	0	1	1	0	0	0	1	0
5111_sub5	0	1	1	0	0	0	1	0
5113_sub0	1	6	3	3	3	3	0	0
5113_sub1	0	1	1	0	0	0	1	0
513_sub0	1	7	2	5	2	5	0	0
513_sub1	0	1	1	0	0	0	1	0
513_sub2	0	1	0	1	0	0	0	1
513_sub3	0	1	1	0	0	0	1	0
513_sub4	0	1	0	1	0	0	0	1
513_sub5	0	1	0	1	0	0	0	1
5140_sub0	0	4	2	2	0	0	2	2
5140_sub1	0	1	0	1	0	0	0	1
5140_sub2	0	1	0	1	0	0	0	1
5144_sub0	1	8	4	4	4	4	0	0
5144_sub1	0	1	0	1	0	0	0	1
5146_sub0	0	5	2	3	0	0	2	3
5146_sub1	0	1	1	0	0	0	1	0
5146_sub2	0	1	1	0	0	0	1	0
5146_sub3	0	1	0	1	0	0	0	1
5147_sub0	0	1	0	1	0	0	0	1
5147_sub1	0	5	3	2	0	0	3	2
5147_sub2	0	1	0	1	0	0	0	1
5147_sub3	0	1	0	1	0	0	0	1
5147_sub4	0	1	0	1	0	0	0	1
5147_sub5	0	1	1	0	0	0	1	0
5147_sub6	0	1	1	0	0	0	1	0
5147_sub7	0	1	0	1	0	0	0	1
5150_sub0	1	9	6	3	6	3	0	0
5165_sub0	0	1	1	0	0	0	1	0
5165_sub1	0	4	2	2	0	0	2	2
5165_sub2	0	1	1	0	0	0	1	0
5165_sub3	0	1	1	0	0	0	1	0
5177_sub0	1	6	4	2	4	2	0	0
5177_sub1	0	1	1	0	0	0	1	0
518_sub0	1	18	7	11	7	11	0	0
518_sub1	0	1	0	1	0	0	0	1
518_sub2	0	1	1	0	0	0	1	0
518_sub3	0	1	0	1	0	0	0	1
518_sub4	0	1	1	0	0	0	1	0
518_sub5	0	1	0	1	0	0	0	1
519_sub0	0	1	0	1	0	0	0	1
519_sub1	1	7	4	3	4	3	0	0
5196_sub0	1	6	3	3	3	3	0	0
5196_sub1	0	1	1	0	0	0	1	0
52_sub0	0	1	1	0	0	0	1	0
52_sub1	0	1	1	0	0	0	1	0
52_sub2	0	1	0	1	0	0	0	1
52_sub3	0	2	1	1	0	0	1	1
52_sub4	0	1	0	1	0	0	0	1
52_sub5	0	1	0	1	0	0	0	1
52_sub6	0	1	0	1	0	0	0	1
5205_sub0	0	4	1	3	0	0	1	3
5205_sub1	0	1	0	1	0	0	0	1
5205_sub2	0	1	1	0	0	0	1	0
5209_sub0	0	1	0	1	0	0	0	1
5209_sub1	0	1	1	0	0	0	1	0
5209_sub2	0	1	1	0	0	0	1	0
5209_sub3	0	1	0	1	0	0	0	1
5209_sub4	0	1	0	1	0	0	0	1
5209_sub5	0	1	0	1	0	0	0	1
5218_sub0	1	11	7	4	7	4	0	0
5218_sub1	0	1	1	0	0	0	1	0
5218_sub2	0	1	0	1	0	0	0	1
5218_sub3	0	1	0	1	0	0	0	1
5218_sub4	0	1	0	1	0	0	0	1
5218_sub5	0	1	1	0	0	0	1	0
5218_sub6	0	1	0	1	0	0	0	1
5218_sub7	0	1	1	0	0	0	1	0
5226_sub0	0	1	0	1	0	0	0	1
5226_sub1	0	1	1	0	0	0	1	0
5226_sub2	0	1	0	1	0	0	0	1
5226_sub3	0	1	0	1	0	0	0	1
5226_sub4	0	1	1	0	0	0	1	0
5226_sub5	0	1	0	1	0	0	0	1
5237_sub0	0	1	1	0	0	0	1	0
5237_sub1	0	4	3	1	0	0	3	1
5237_sub2	0	1	0	1	0	0	0	1
5237_sub3	0	1	0	1	0	0	0	1
5239_sub0	1	8	4	4	4	4	0	0
5239_sub1	0	1	1	0	0	0	1	0
5239_sub2	0	1	0	1	0	0	0	1
5248_sub0	1	6	2	4	2	4	0	0
5248_sub1	0	1	0	1	0	0	0	1
5248_sub2	0	1	0	1	0	0	0	1
5249_sub0	1	6	2	4	2	4	0	0
5249_sub1	0	1	0	1	0	0	0	1
526_sub0	1	6	1	5	1	5	0	0
526_sub1	0	1	0	1	0	0	0	1
526_sub2	0	1	1	0	0	0	1	0
526_sub3	0	1	0	1	0	0	0	1
526_sub4	0	1	1	0	0	0	1	0
526_sub5	0	1	0	1	0	0	0	1
526_sub6	0	1	1	0	0	0	1	0
5263_sub0	0	1	0	1	0	0	0	1
5263_sub1	0	1	0	1	0	0	0	1
5263_sub2	0	1	0	1	0	0	0	1
5263_sub3	0	1	0	1	0	0	0	1
5263_sub4	0	1	1	0	0	0	1	0
5263_sub5	0	1	0	1	0	0	0	1
5279_sub0	0	1	0	1	0	0	0	1
5279_sub1	1	11	7	4	7	4	0	0
5279_sub2	0	1	0	1	0	0	0	1
5279_sub3	0	1	0	1	0	0	0	1
5279_sub4	0	1	1	0	0	0	1	0
5283_sub0	0	4	3	1	0	0	3	1
5283_sub1	0	1	1	0	0	0	1	0
5283_sub2	0	1	1	0	0	0	1	0
5288_sub0	0	1	0	1	0	0	0	1
5288_sub1	1	6	3	3	3	3	0	0
5288_sub2	0	1	0	1	0	0	0	1
529_sub0	0	1	1	0	0	0	1	0
529_sub1	1	8	4	4	4	4	0	0
529_sub2	0	1	0	1	0	0	0	1
529_sub3	0	1	0	1	0	0	0	1
5292_sub0	1	8	5	3	5	3	0	0
5292_sub1	0	1	1	0	0	0	1	0
5296_sub0	0	1	0	1	0	0	0	1
5296_sub1	0	1	1	0	0	0	1	0
5296_sub2	0	1	0	1	0	0	0	1
5296_sub3	0	1	0	1	0	0	0	1
5296_sub4	0	1	0	1	0	0	0	1
5296_sub5	0	1	1	0	0	0	1	0
5296_sub6	0	1	0	1	0	0	0	1
5299_sub0	0	5	2	3	0	0	2	3
5299_sub1	0	1	1	0	0	0	1	0
5299_sub2	0	1	1	0	0	0	1	0
5299_sub3	0	1	0	1	0	0	0	1
53_sub0	0	1	0	1	0	0	0	1
53_sub1	0	5	3	2	0	0	3	2
530_sub0	0	1	0	1	0	0	0	1
530_sub1	0	1	1	0	0	0	1	0
530_sub2	0	1	1	0	0	0	1	0
530_sub3	0	1	1	0	0	0	1	0
530_sub4	0	1	1	0	0	0	1	0
530_sub5	0	1	0	1	0	0	0	1
5315_sub0	0	4	2	2	0	0	2	2
5315_sub1	0	1	1	0	0	0	1	0
5315_sub2	0	1	0	1	0	0	0	1
5315_sub3	0	1	0	1	0	0	0	1
532_sub0	1	7	3	4	3	4	0	0
533_sub0	0	1	1	0	0	0	1	0
533_sub1	1	10	3	7	3	7	0	0
5346_sub0	0	1	0	1	0	0	0	1
5346_sub1	0	4	3	1	0	0	3	1
5346_sub2	0	1	1	0	0	0	1	0
5358_sub0	0	4	2	2	0	0	2	2
5358_sub1	0	1	0	1	0	0	0	1
5358_sub2	0	1	1	0	0	0	1	0
5358_sub3	0	1	1	0	0	0	1	0
5358_sub4	0	1	0	1	0	0	0	1
5360_sub0	0	1	1	0	0	0	1	0
5360_sub1	0	1	1	0	0	0	1	0
5360_sub2	0	2	1	1	0	0	1	1
5360_sub3	0	1	1	0	0	0	1	0
5360_sub4	0	1	1	0	0	0	1	0
5371_sub0	0	1	1	0	0	0	1	0
5371_sub1	0	5	2	3	0	0	2	3
5372_sub0	1	6	1	5	1	5	0	0
5372_sub1	0	1	0	1	0	0	0	1
5372_sub2	0	1	0	1	0	0	0	1
5378_sub0	1	6	5	1	5	1	0	0
5378_sub1	0	1	0	1	0	0	0	1
5378_sub2	0	1	0	1	0	0	0	1
5383_sub0	0	5	1	4	0	0	1	4
5383_sub1	0	1	1	0	0	0	1	0
5383_sub2	0	1	0	1	0	0	0	1
5383_sub3	0	1	0	1	0	0	0	1
539_sub0	0	1	0	1	0	0	0	1
539_sub1	0	1	1	0	0	0	1	0
539_sub2	1	9	6	3	6	3	0	0
539_sub3	0	1	1	0	0	0	1	0
54_sub0	0	1	0	1	0	0	0	1
54_sub1	0	1	0	1	0	0	0	1
54_sub2	0	1	0	1	0	0	0	1
54_sub3	0	1	1	0	0	0	1	0
54_sub4	0	3	3	0	0	0	3	0
54_sub5	0	1	1	0	0	0	1	0
5402_sub0	0	1	1	0	0	0	1	0
5402_sub1	0	1	0	1	0	0	0	1
5402_sub2	0	1	1	0	0	0	1	0
5402_sub3	0	1	0	1	0	0	0	1
5402_sub4	0	1	1	0	0	0	1	0
5402_sub5	0	1	1	0	0	0	1	0
5403_sub0	0	1	1	0	0	0	1	0
5403_sub1	0	4	0	4	0	0	0	4
5403_sub2	0	1	1	0	0	0	1	0
5412_sub0	0	5	1	4	0	0	1	4
5412_sub1	0	1	0	1	0	0	0	1
5412_sub2	0	1	0	1	0	0	0	1
5423_sub0	0	5	3	2	0	0	3	2
5423_sub1	0	1	0	1	0	0	0	1
5423_sub2	0	1	0	1	0	0	0	1
5423_sub3	0	1	0	1	0	0	0	1
5429_sub0	1	7	3	4	3	4	0	0
5429_sub1	0	1	1	0	0	0	1	0
5429_sub2	0	1	1	0	0	0	1	0
5429_sub3	0	1	0	1	0	0	0	1
5429_sub4	0	1	0	1	0	0	0	1
5436_sub0	0	1	0	1	0	0	0	1
5436_sub1	0	1	1	0	0	0	1	0
5436_sub2	0	1	0	1	0	0	0	1
5436_sub3	0	1	0	1	0	0	0	1
5436_sub4	0	1	0	1	0	0	0	1
5436_sub5	0	1	1	0	0	0	1	0
5438_sub0	0	1	1	0	0	0	1	0
5438_sub1	0	4	2	2	0	0	2	2
5438_sub2	0	1	1	0	0	0	1	0
5448_sub0	0	1	1	0	0	0	1	0
5448_sub1	1	9	6	3	6	3	0	0
545_sub0	0	2	1	1	0	0	1	1
545_sub1	0	1	1	0	0	0	1	0
545_sub2	0	1	0	1	0	0	0	1
545_sub3	0	1	0	1	0	0	0	1
545_sub4	0	1	0	1	0	0	0	1
5454_sub0	0	1	1	0	0	0	1	0
5454_sub1	0	1	1	0	0	0	1	0
5454_sub2	0	1	0	1	0	0	0	1
5454_sub3	0	1	1	0	0	0	1	0
5454_sub4	0	1	1	0	0	0	1	0
5454_sub5	0	1	1	0	0	0	1	0
5455_sub0	0	5	4	1	0	0	4	1
5455_sub1	0	1	1	0	0	0	1	0
5455_sub2	0	1	0	1	0	0	0	1
546_sub0	0	1	0	1	0	0	0	1
546_sub1	1	6	3	3	3	3	0	0
5463_sub0	0	3	1	2	0	0	1	2
5463_sub1	0	1	0	1	0	0	0	1
5463_sub2	0	1	0	1	0	0	0	1
5463_sub3	0	1	0	1	0	0	0	1
5463_sub4	0	1	0	1	0	0	0	1
5466_sub0	0	1	0	1	0	0	0	1
5466_sub1	0	1	0	1	0	0	0	1
5466_sub2	0	1	0	1	0	0	0	1
5466_sub3	0	1	0	1	0	0	0	1
5466_sub4	0	1	1	0	0	0	1	0
5466_sub5	0	1	1	0	0	0	1	0
5471_sub0	0	1	0	1	0	0	0	1
5471_sub1	1	7	4	3	4	3	0	0
5471_sub2	0	1	0	1	0	0	0	1
5477_sub0	0	1	1	0	0	0	1	0
5477_sub1	0	1	1	0	0	0	1	0
5477_sub2	0	1	0	1	0	0	0	1
5477_sub3	0	1	1	0	0	0	1	0
5477_sub4	0	1	1	0	0	0	1	0
5477_sub5	0	1	0	1	0	0	0	1
5477_sub6	0	1	1	0	0	0	1	0
548_sub0	0	4	3	1	0	0	3	1
548_sub1	0	1	0	1	0	0	0	1
548_sub2	0	1	1	0	0	0	1	0
548_sub3	0	1	1	0	0	0	1	0
548_sub4	0	1	1	0	0	0	1	0
548_sub5	0	1	1	0	0	0	1	0
5483_sub0	1	8	5	3	5	3	0	0
5483_sub1	0	1	1	0	0	0	1	0
5485_sub0	0	5	2	3	0	0	2	3
5485_sub1	0	1	1	0	0	0	1	0
5485_sub2	0	1	1	0	0	0	1	0
5485_sub3	0	1	0	1	0	0	0	1
5485_sub4	0	1	1	0	0	0	1	0
5495_sub0	0	4	4	0	0	0	4	0
5495_sub1	0	1	1	0	0	0	1	0
5495_sub2	0	1	1	0	0	0	1	0
5495_sub3	0	1	0	1	0	0	0	1
5496_sub0	0	1	0	1	0	0	0	1
5496_sub1	0	1	1	0	0	0	1	0
5496_sub2	0	1	1	0	0	0	1	0
5496_sub3	0	1	1	0	0	0	1	0
5496_sub4	0	1	0	1	0	0	0	1
5496_sub5	0	1	1	0	0	0	1	0
5497_sub0	1	8	2	6	2	6	0	0
5497_sub1	0	1	1	0	0	0	1	0
5501_sub0	1	7	4	3	4	3	0	0
5501_sub1	0	1	0	1	0	0	0	1
5501_sub2	0	1	0	1	0	0	0	1
5501_sub3	0	1	0	1	0	0	0	1
5501_sub4	0	1	1	0	0	0	1	0
5501_sub5	0	1	1	0	0	0	1	0
551_sub0	0	1	0	1	0	0	0	1
551_sub1	1	13	6	7	6	7	0	0
551_sub2	0	1	1	0	0	0	1	0
5517_sub0	0	1	0	1	0	0	0	1
5517_sub1	0	1	0	1	0	0	0	1
5517_sub2	0	3	2	1	0	0	2	1
5517_sub3	0	1	0	1	0	0	0	1
5517_sub4	0	1	1	0	0	0	1	0
5519_sub0	0	1	0	1	0	0	0	1
5519_sub1	0	1	1	0	0	0	1	0
5519_sub2	0	1	1	0	0	0	1	0
5519_sub3	0	1	0	1	0	0	0	1
5519_sub4	0	1	1	0	0	0	1	0
5519_sub5	0	1	1	0	0	0	1	0
552_sub0	0	1	0	1	0	0	0	1
552_sub1	1	9	4	5	4	5	0	0
552_sub2	0	1	0	1	0	0	0	1
5526_sub0	0	1	1	0	0	0	1	0
5526_sub1	0	1	1	0	0	0	1	0
5526_sub2	0	1	1	0	0	0	1	0
5526_sub3	0	1	0	1	0	0	0	1
5526_sub4	0	1	0	1	0	0	0	1
5526_sub5	0	1	1	0	0	0	1	0
5528_sub0	1	9	1	8	1	8	0	0
5528_sub1	0	1	0	1	0	0	0	1
5530_sub0	0	1	1	0	0	0	1	0
5530_sub1	1	6	3	3	3	3	0	0
5530_sub2	0	1	0	1	0	0	0	1
556_sub0	1	8	4	4	4	4	0	0
556_sub1	0	1	0	1	0	0	0	1
556_sub2	0	1	1	0	0	0	1	0
5562_sub0	0	1	1	0	0	0	1	0
5562_sub1	1	7	4	3	4	3	0	0
5562_sub2	0	1	0	1	0	0	0	1
5562_sub3	0	1	0	1	0	0	0	1
5562_sub4	0	1	1	0	0	0	1	0
5562_sub5	0	1	0	1	0	0	0	1
5570_sub0	0	1	1	0	0	0	1	0
5570_sub1	0	1	1	0	0	0	1	0
5570_sub2	0	1	1	0	0	0	1	0
5570_sub3	0	1	0	1	0	0	0	1
5570_sub4	0	1	1	0	0	0	1	0
5570_sub5	0	1	0	1	0	0	0	1
5571_sub0	0	3	2	1	0	0	2	1
5571_sub1	0	1	1	0	0	0	1	0
5571_sub2	0	1	1	0	0	0	1	0
5571_sub3	0	1	0	1	0	0	0	1
5582_sub0	1	8	5	3	5	3	0	0
5582_sub1	0	1	0	1	0	0	0	1
5588_sub0	1	9	7	2	7	2	0	0
5588_sub1	0	1	1	0	0	0	1	0
5588_sub2	0	1	0	1	0	0	0	1
5588_sub3	0	1	0	1	0	0	0	1
56_sub0	0	1	0	1	0	0	0	1
56_sub1	0	4	2	2	0	0	2	2
56_sub2	0	1	1	0	0	0	1	0
56_sub3	0	1	1	0	0	0	1	0
5611_sub0	0	5	2	3	0	0	2	3
5611_sub1	0	1	1	0	0	0	1	0
5611_sub2	0	1	1	0	0	0	1	0
5611_sub3	0	1	1	0	0	0	1	0
5614_sub0	0	1	0	1	0	0	0	1
5614_sub1	0	1	0	1	0	0	0	1
5614_sub2	0	1	0	1	0	0	0	1
5614_sub3	0	1	0	1	0	0	0	1
5614_sub4	0	1	0	1	0	0	0	1
5614_sub5	0	1	0	1	0	0	0	1
5614_sub6	0	1	0	1	0	0	0	1
5614_sub7	0	1	0	1	0	0	0	1
5618_sub0	1	7	1	6	1	6	0	0
5618_sub1	0	1	0	1	0	0	0	1
5618_sub2	0	1	1	0	0	0	1	0
5618_sub3	0	1	0	1	0	0	0	1
5618_sub4	0	1	0	1	0	0	0	1
5618_sub5	0	1	1	0	0	0	1	0
5618_sub6	0	1	0	1	0	0	0	1
5622_sub0	0	1	1	0	0	0	1	0
5622_sub1	0	1	1	0	0	0	1	0
5622_sub2	0	1	1	0	0	0	1	0
5622_sub3	0	1	1	0	0	0	1	0
5622_sub4	0	1	1	0	0	0	1	0
5622_sub5	0	1	1	0	0	0	1	0
5622_sub6	0	1	1	0	0	0	1	0
5622_sub7	0	1	1	0	0	0	1	0
5630_sub0	1	6	2	4	2	4	0	0
5632_sub0	0	4	3	1	0	0	3	1
5632_sub1	0	1	0	1	0	0	0	1
5632_sub2	0	1	1	0	0	0	1	0
5632_sub3	0	1	1	0	0	0	1	0
5632_sub4	0	1	0	1	0	0	0	1
5632_sub5	0	1	1	0	0	0	1	0
5649_sub0	0	1	1	0	0	0	1	0
5649_sub1	0	1	0	1	0	0	0	1
5649_sub2	1	6	3	3	3	3	0	0
5649_sub3	0	1	0	1	0	0	0	1
5651_sub0	0	1	1	0	0	0	1	0
5651_sub1	1	11	9	2	9	2	0	0
5658_sub0	1	11	5	6	5	6	0	0
5658_sub1	0	1	1	0	0	0	1	0
566_sub0	0	4	2	2	0	0	2	2
566_sub1	0	1	1	0	0	0	1	0
566_sub2	0	1	0	1	0	0	0	1
5660_sub0	0	1	0	1	0	0	0	1
5660_sub1	0	1	0	1	0	0	0	1
5660_sub2	0	1	1	0	0	0	1	0
5660_sub3	0	1	1	0	0	0	1	0
5660_sub4	0	1	1	0	0	0	1	0
5660_sub5	0	1	0	1	0	0	0	1
5665_sub0	1	10	4	6	4	6	0	0
5670_sub0	1	8	3	5	3	5	0	0
5671_sub0	0	5	3	2	0	0	3	2
5671_sub1	0	1	1	0	0	0	1	0
5671_sub2	0	1	1	0	0	0	1	0
5683_sub0	0	1	1	0	0	0	1	0
5683_sub1	1	8	5	3	5	3	0	0
5691_sub0	1	7	4	3	4	3	0	0
5691_sub1	0	1	1	0	0	0	1	0
5691_sub2	0	1	1	0	0	0	1	0
5691_sub3	0	1	1	0	0	0	1	0
5691_sub4	0	1	0	1	0	0	0	1
5691_sub5	0	1	1	0	0	0	1	0
5693_sub0	0	5	4	1	0	0	4	1
5693_sub1	0	1	1	0	0	0	1	0
5693_sub2	0	1	0	1	0	0	0	1
5694_sub0	0	4	3	1	0	0	3	1
5694_sub1	0	1	0	1	0	0	0	1
5694_sub2	0	1	0	1	0	0	0	1
5694_sub3	0	1	1	0	0	0	1	0
57_sub0	0	1	0	1	0	0	0	1
57_sub1	1	7	3	4	3	4	0	0
5704_sub0	1	6	2	4	2	4	0	0
5704_sub1	0	1	0	1	0	0	0	1
5704_sub2	0	1	1	0	0	0	1	0
5712_sub0	0	5	3	2	0	0	3	2
5712_sub1	0	1	1	0	0	0	1	0
5712_sub2	0	1	1	0	0	0	1	0
5712_sub3	0	1	1	0	0	0	1	0
5712_sub4	0	1	0	1	0	0	0	1
5721_sub0	0	5	2	3	0	0	2	3
5721_sub1	0	1	1	0	0	0	1	0
5721_sub2	0	1	1	0	0	0	1	0
5721_sub3	0	1	0	1	0	0	0	1
5728_sub0	0	4	1	3	0	0	1	3
5728_sub1	0	1	1	0	0	0	1	0
5728_sub2	0	1	0	1	0	0	0	1
5732_sub0	1	9	2	7	2	7	0	0
5732_sub1	0	1	1	0	0	0	1	0
5735_sub0	0	4	2	2	0	0	2	2
5735_sub1	0	1	1	0	0	0	1	0
5735_sub2	0	1	0	1	0	0	0	1
5735_sub3	0	1	0	1	0	0	0	1
5735_sub4	0	1	0	1	0	0	0	1
5741_sub0	0	4	2	2	0	0	2	2
5741_sub1	0	1	1	0	0	0	1	0
5741_sub2	0	1	1	0	0	0	1	0
5742_sub0	1	7	4	3	4	3	0	0
5742_sub1	0	1	0	1	0	0	0	1
5742_sub2	0	1	0	1	0	0	0	1
5747_sub0	0	4	2	2	0	0	2	2
5747_sub1	0	1	1	0	0	0	1	0
5747_sub2	0	1	0	1	0	0	0	1
575_sub0	1	7	3	4	3	4	0	0
575_sub1	0	1	0	1	0	0	0	1
575_sub2	0	1	1	0	0	0	1	0
5755_sub0	1	6	3	3	3	3	0	0
5755_sub1	0	1	1	0	0	0	1	0
5755_sub2	0	1	0	1	0	0	0	1
5758_sub0	0	1	1	0	0	0	1	0
5758_sub1	0	1	1	0	0	0	1	0
5758_sub2	0	1	1	0	0	0	1	0
5758_sub3	0	1	0	1	0	0	0	1
5758_sub4	0	1	0	1	0	0	0	1
5758_sub5	0	1	1	0	0	0	1	0
576_sub0	0	1	0	1	0	0	0	1
576_sub1	0	1	1	0	0	0	1	0
576_sub2	0	1	0	1	0	0	0	1
576_sub3	0	1	1	0	0	0	1	0
576_sub4	0	1	0	1	0	0	0	1
576_sub5	0	1	1	0	0	0	1	0
576_sub6	0	1	1	0	0	0	1	0
5772_sub0	0	1	1	0	0	0	1	0
5772_sub1	0	1	1	0	0	0	1	0
5772_sub2	0	1	0	1	0	0	0	1
5772_sub3	0	1	1	0	0	0	1	0
5772_sub4	0	1	0	1	0	0	0	1
5772_sub5	0	1	0	1	0	0	0	1
5772_sub6	0	1	1	0	0	0	1	0
5773_sub0	1	7	3	4	3	4	0	0
5773_sub1	0	1	1	0	0	0	1	0
5787_sub0	0	1	1	0	0	0	1	0
5787_sub1	0	2	2	0	0	0	2	0
5787_sub2	0	1	1	0	0	0	1	0
5787_sub3	0	1	1	0	0	0	1	0
5787_sub4	0	1	0	1	0	0	0	1
5790_sub0	0	1	1	0	0	0	1	0
5790_sub1	0	5	2	3	0	0	2	3
5790_sub2	0	1	1	0	0	0	1	0
5790_sub3	0	1	1	0	0	0	1	0
58_sub0	0	1	1	0	0	0	1	0
58_sub1	0	1	1	0	0	0	1	0
58_sub2	0	1	1	0	0	0	1	0
58_sub3	1	14	8	6	8	6	0	0
58_sub4	0	1	0	1	0	0	0	1
58_sub5	0	1	0	1	0	0	0	1
58_sub6	0	1	1	0	0	0	1	0
58_sub7	0	2	0	2	0	0	0	2
58_sub8	0	1	0	1	0	0	0	1
58_sub9	0	1	0	1	0	0	0	1
5803_sub0	0	1	1	0	0	0	1	0
5803_sub1	0	1	0	1	0	0	0	1
5803_sub2	0	1	0	1	0	0	0	1
5803_sub3	0	1	1	0	0	0	1	0
5803_sub4	0	1	1	0	0	0	1	0
5803_sub5	0	1	0	1	0	0	0	1
5806_sub0	0	4	3	1	0	0	3	1
5806_sub1	0	1	1	0	0	0	1	0
5806_sub2	0	1	0	1	0	0	0	1
5806_sub3	0	1	1	0	0	0	1	0
5807_sub0	1	6	2	4	2	4	0	0
5807_sub1	0	1	0	1	0	0	0	1
5818_sub0	1	7	4	3	4	3	0	0
5818_sub1	0	1	1	0	0	0	1	0
5818_sub2	0	1	1	0	0	0	1	0
5818_sub3	0	1	0	1	0	0	0	1
582_sub0	1	12	4	8	4	8	0	0
582_sub1	0	1	0	1	0	0	0	1
582_sub2	0	1	1	0	0	0	1	0
5822_sub0	0	1	1	0	0	0	1	0
5822_sub1	0	1	0	1	0	0	0	1
5822_sub2	0	1	0	1	0	0	0	1
5822_sub3	0	1	0	1	0	0	0	1
5822_sub4	0	1	0	1	0	0	0	1
5822_sub5	0	1	1	0	0	0	1	0
5824_sub0	0	1	1	0	0	0	1	0
5824_sub1	0	5	4	1	0	0	4	1
5824_sub2	0	1	1	0	0	0	1	0
5824_sub3	0	1	0	1	0	0	0	1
5835_sub0	0	4	3	1	0	0	3	1
5835_sub1	0	1	1	0	0	0	1	0
5835_sub2	0	1	1	0	0	0	1	0
5856_sub0	0	5	0	5	0	0	0	5
5856_sub1	0	1	1	0	0	0	1	0
5856_sub2	0	1	1	0	0	0	1	0
5856_sub3	0	1	0	1	0	0	0	1
586_sub0	1	10	5	5	5	5	0	0
5863_sub0	1	8	2	6	2	6	0	0
5863_sub1	0	1	0	1	0	0	0	1
5869_sub0	1	7	4	3	4	3	0	0
587_sub0	0	1	0	1	0	0	0	1
587_sub1	1	9	5	4	5	4	0	0
587_sub2	0	1	0	1	0	0	0	1
587_sub3	0	1	0	1	0	0	0	1
587_sub4	0	1	0	1	0	0	0	1
5874_sub0	0	1	1	0	0	0	1	0
5874_sub1	0	1	0	1	0	0	0	1
5874_sub2	1	8	5	3	5	3	0	0
5874_sub3	0	1	0	1	0	0	0	1
5874_sub4	0	1	1	0	0	0	1	0
5874_sub5	0	1	1	0	0	0	1	0
589_sub0	1	11	2	9	2	9	0	0
589_sub1	0	1	0	1	0	0	0	1
59_sub0	0	1	0	1	0	0	0	1
59_sub1	0	1	1	0	0	0	1	0
59_sub2	0	1	0	1	0	0	0	1
59_sub3	0	1	1	0	0	0	1	0
59_sub4	0	1	1	0	0	0	1	0
59_sub5	0	1	1	0	0	0	1	0
5917_sub0	0	1	1	0	0	0	1	0
5917_sub1	0	1	1	0	0	0	1	0
5917_sub2	0	1	1	0	0	0	1	0
5917_sub3	0	1	0	1	0	0	0	1
5917_sub4	0	1	1	0	0	0	1	0
5917_sub5	0	1	0	1	0	0	0	1
5917_sub6	0	1	1	0	0	0	1	0
5917_sub7	0	1	0	1	0	0	0	1
5917_sub8	0	1	1	0	0	0	1	0
5917_sub9	0	1	1	0	0	0	1	0
5928_sub0	0	5	2	3	0	0	2	3
5928_sub1	0	1	1	0	0	0	1	0
5928_sub2	0	1	1	0	0	0	1	0
5942_sub0	0	5	3	2	0	0	3	2
5942_sub1	0	1	0	1	0	0	0	1
596_sub0	0	1	0	1	0	0	0	1
596_sub1	1	10	3	7	3	7	0	0
596_sub2	0	1	1	0	0	0	1	0
5976_sub0	1	7	3	4	3	4	0	0
5976_sub1	0	1	1	0	0	0	1	0
5976_sub2	0	1	1	0	0	0	1	0
5983_sub0	0	1	0	1	0	0	0	1
5983_sub1	1	7	6	1	6	1	0	0
5983_sub2	0	1	1	0	0	0	1	0
5983_sub3	0	1	0	1	0	0	0	1
5994_sub0	0	1	0	1	0	0	0	1
5994_sub1	1	7	4	3	4	3	0	0
60_sub0	0	1	0	1	0	0	0	1
60_sub1	0	1	0	1	0	0	0	1
60_sub2	0	1	0	1	0	0	0	1
60_sub3	0	1	1	0	0	0	1	0
60_sub4	0	1	0	1	0	0	0	1
60_sub5	0	1	0	1	0	0	0	1
60_sub6	0	1	1	0	0	0	1	0
6000_sub0	0	1	1	0	0	0	1	0
6000_sub1	0	1	0	1	0	0	0	1
6000_sub2	0	1	0	1	0	0	0	1
6000_sub3	0	4	1	3	0	0	1	3
6000_sub4	0	1	0	1	0	0	0	1
6002_sub0	1	6	5	1	5	1	0	0
6005_sub0	0	5	2	3	0	0	2	3
6005_sub1	0	1	0	1	0	0	0	1
6005_sub2	0	1	0	1	0	0	0	1
6007_sub0	0	5	3	2	0	0	3	2
6007_sub1	0	1	0	1	0	0	0	1
6007_sub2	0	1	1	0	0	0	1	0
6007_sub3	0	1	0	1	0	0	0	1
6007_sub4	0	1	1	0	0	0	1	0
6007_sub5	0	1	0	1	0	0	0	1
6013_sub0	1	6	0	6	0	6	0	0
6013_sub1	0	1	1	0	0	0	1	0
6013_sub2	0	1	1	0	0	0	1	0
6014_sub0	1	7	2	5	2	5	0	0
6014_sub1	0	1	0	1	0	0	0	1
6014_sub2	0	1	1	0	0	0	1	0
6015_sub0	0	4	2	2	0	0	2	2
6015_sub1	0	1	0	1	0	0	0	1
6015_sub2	0	1	0	1	0	0	0	1
6015_sub3	0	1	0	1	0	0	0	1
6015_sub4	0	1	0	1	0	0	0	1
602_sub0	0	1	0	1	0	0	0	1
602_sub1	0	1	0	1	0	0	0	1
602_sub2	0	1	0	1	0	0	0	1
602_sub3	0	1	1	0	0	0	1	0
602_sub4	0	1	1	0	0	0	1	0
602_sub5	0	1	0	1	0	0	0	1
604_sub0	0	1	1	0	0	0	1	0
604_sub1	0	1	0	1	0	0	0	1
604_sub2	0	1	0	1	0	0	0	1
604_sub3	0	1	0	1	0	0	0	1
604_sub4	0	1	0	1	0	0	0	1
604_sub5	0	1	1	0	0	0	1	0
6045_sub0	0	1	1	0	0	0	1	0
6045_sub1	0	1	1	0	0	0	1	0
6045_sub2	0	1	0	1	0	0	0	1
6045_sub3	0	1	1	0	0	0	1	0
6045_sub4	0	1	1	0	0	0	1	0
6045_sub5	0	1	0	1	0	0	0	1
6051_sub0	0	1	0	1	0	0	0	1
6051_sub1	0	1	0	1	0	0	0	1
6051_sub2	0	1	0	1	0	0	0	1
6051_sub3	0	1	1	0	0	0	1	0
6051_sub4	0	1	0	1	0	0	0	1
6051_sub5	0	1	0	1	0	0	0	1
6054_sub0	1	9	6	3	6	3	0	0
6054_sub1	0	1	1	0	0	0	1	0
6057_sub0	0	1	0	1	0	0	0	1
6057_sub1	0	1	0	1	0	0	0	1
6057_sub2	0	1	1	0	0	0	1	0
6057_sub3	0	1	0	1	0	0	0	1
6057_sub4	0	1	1	0	0	0	1	0
6057_sub5	0	1	0	1	0	0	0	1
6058_sub0	0	1	0	1	0	0	0	1
6058_sub1	0	1	0	1	0	0	0	1
6058_sub2	0	1	1	0	0	0	1	0
6058_sub3	0	1	1	0	0	0	1	0
6058_sub4	0	1	1	0	0	0	1	0
6058_sub5	0	1	1	0	0	0	1	0
6063_sub0	1	7	3	4	3	4	0	0
6066_sub0	0	5	3	2	0	0	3	2
6066_sub1	0	1	0	1	0	0	0	1
6067_sub0	0	1	1	0	0	0	1	0
6067_sub1	0	3	2	1	0	0	2	1
6067_sub2	0	1	0	1	0	0	0	1
6067_sub3	0	1	0	1	0	0	0	1
6076_sub0	1	6	2	4	2	4	0	0
6077_sub0	1	9	6	3	6	3	0	0
6077_sub1	0	1	0	1	0	0	0	1
6077_sub2	0	1	1	0	0	0	1	0
6077_sub3	0	1	0	1	0	0	0	1
6077_sub4	0	1	0	1	0	0	0	1
6077_sub5	0	1	1	0	0	0	1	0
608_sub0	0	1	0	1	0	0	0	1
608_sub1	0	3	1	2	0	0	1	2
608_sub2	0	1	0	1	0	0	0	1
608_sub3	0	1	1	0	0	0	1	0
6082_sub0	1	10	8	2	8	2	0	0
6082_sub1	0	1	1	0	0	0	1	0
6082_sub2	0	1	1	0	0	0	1	0
6082_sub3	0	1	0	1	0	0	0	1
6082_sub4	0	1	0	1	0	0	0	1
6082_sub5	0	1	0	1	0	0	0	1
6082_sub6	0	1	0	1	0	0	0	1
6082_sub7	0	1	0	1	0	0	0	1
6083_sub0	1	6	4	2	4	2	0	0
6083_sub1	0	1	1	0	0	0	1	0
6083_sub2	0	1	1	0	0	0	1	0
6084_sub0	0	1	0	1	0	0	0	1
6084_sub1	1	8	4	4	4	4	0	0
6084_sub2	0	1	0	1	0	0	0	1
6084_sub3	0	1	0	1	0	0	0	1
6113_sub0	1	6	3	3	3	3	0	0
6113_sub1	0	1	0	1	0	0	0	1
6113_sub2	0	1	0	1	0	0	0	1
6115_sub0	1	9	3	6	3	6	0	0
6115_sub1	0	1	0	1	0	0	0	1
6115_sub2	0	1	0	1	0	0	0	1
6115_sub3	0	1	1	0	0	0	1	0
6119_sub0	1	8	4	4	4	4	0	0
6119_sub1	0	1	1	0	0	0	1	0
6119_sub2	0	1	0	1	0	0	0	1
6131_sub0	1	7	5	2	5	2	0	0
6131_sub1	0	1	0	1	0	0	0	1
6139_sub0	0	1	0	1	0	0	0	1
6139_sub1	0	4	3	1	0	0	3	1
6139_sub2	0	1	0	1	0	0	0	1
6139_sub3	0	1	1	0	0	0	1	0
6143_sub0	0	1	0	1	0	0	0	1
6143_sub1	0	4	3	1	0	0	3	1
6143_sub2	0	1	0	1	0	0	0	1
6146_sub0	1	6	1	5	1	5	0	0
6146_sub1	0	1	1	0	0	0	1	0
6158_sub0	1	6	3	3	3	3	0	0
6158_sub1	0	1	1	0	0	0	1	0
6166_sub0	0	1	1	0	0	0	1	0
6166_sub1	0	1	1	0	0	0	1	0
6166_sub2	0	1	1	0	0	0	1	0
6166_sub3	0	5	3	2	0	0	3	2
6198_sub0	0	1	0	1	0	0	0	1
6198_sub1	0	1	1	0	0	0	1	0
6198_sub2	0	1	0	1	0	0	0	1
6198_sub3	0	1	1	0	0	0	1	0
6198_sub4	0	1	1	0	0	0	1	0
6198_sub5	0	1	0	1	0	0	0	1
6204_sub0	1	7	4	3	4	3	0	0
6204_sub1	0	1	0	1	0	0	0	1
6204_sub2	0	1	1	0	0	0	1	0
6204_sub3	0	1	1	0	0	0	1	0
6204_sub4	0	1	1	0	0	0	1	0
6204_sub5	0	1	0	1	0	0	0	1
6204_sub6	0	1	0	1	0	0	0	1
6219_sub0	0	5	2	3	0	0	2	3
6219_sub1	0	1	0	1	0	0	0	1
6222_sub0	0	5	1	4	0	0	1	4
6222_sub1	0	1	0	1	0	0	0	1
6222_sub2	0	1	0	1	0	0	0	1
623_sub0	0	1	1	0	0	0	1	0
623_sub1	0	5	1	4	0	0	1	4
623_sub2	0	1	0	1	0	0	0	1
6234_sub0	0	1	1	0	0	0	1	0
6234_sub1	1	9	3	6	3	6	0	0
6234_sub2	0	1	1	0	0	0	1	0
6234_sub3	0	1	0	1	0	0	0	1
6239_sub0	1	7	3	4	3	4	0	0
6239_sub1	0	1	0	1	0	0	0	1
6249_sub0	0	1	0	1	0	0	0	1
6249_sub1	0	1	0	1	0	0	0	1
6249_sub2	0	1	1	0	0	0	1	0
6249_sub3	0	1	0	1	0	0	0	1
6249_sub4	0	1	0	1	0	0	0	1
6249_sub5	0	1	0	1	0	0	0	1
6249_sub6	0	1	1	0	0	0	1	0
6249_sub7	0	1	0	1	0	0	0	1
6250_sub0	1	6	3	3	3	3	0	0
6268_sub0	0	1	0	1	0	0	0	1
6268_sub1	0	1	1	0	0	0	1	0
6268_sub2	0	1	0	1	0	0	0	1
6268_sub3	0	1	1	0	0	0	1	0
6268_sub4	0	1	1	0	0	0	1	0
6268_sub5	0	1	0	1	0	0	0	1
628_sub0	0	1	0	1	0	0	0	1
628_sub1	0	5	5	0	0	0	5	0
6312_sub0	1	6	4	2	4	2	0	0
6312_sub1	0	1	0	1	0	0	0	1
6312_sub2	0	1	0	1	0	0	0	1
6317_sub0	1	7	3	4	3	4	0	0
6317_sub1	0	1	1	0	0	0	1	0
6317_sub2	0	1	1	0	0	0	1	0
6317_sub3	0	1	1	0	0	0	1	0
6317_sub4	0	1	0	1	0	0	0	1
6343_sub0	1	7	2	5	2	5	0	0
6343_sub1	0	1	0	1	0	0	0	1
6345_sub0	1	7	5	2	5	2	0	0
6345_sub1	0	1	1	0	0	0	1	0
6345_sub2	0	1	1	0	0	0	1	0
6345_sub3	0	1	0	1	0	0	0	1
6350_sub0	0	5	4	1	0	0	4	1
6350_sub1	0	1	0	1	0	0	0	1
6356_sub0	0	4	3	1	0	0	3	1
6356_sub1	0	1	1	0	0	0	1	0
6356_sub2	0	1	0	1	0	0	0	1
6356_sub3	0	1	1	0	0	0	1	0
636_sub0	0	1	0	1	0	0	0	1
636_sub1	0	4	2	2	0	0	2	2
636_sub2	0	1	0	1	0	0	0	1
6374_sub0	0	1	0	1	0	0	0	1
6374_sub1	0	1	0	1	0	0	0	1
6374_sub2	0	1	0	1	0	0	0	1
6374_sub3	0	1	1	0	0	0	1	0
6374_sub4	0	1	1	0	0	0	1	0
6374_sub5	0	1	1	0	0	0	1	0
6379_sub0	0	1	0	1	0	0	0	1
6379_sub1	1	6	4	2	4	2	0	0
6397_sub0	0	1	1	0	0	0	1	0
6397_sub1	0	1	0	1	0	0	0	1
6397_sub2	0	2	2	0	0	0	2	0
6397_sub3	0	1	1	0	0	0	1	0
6397_sub4	0	1	1	0	0	0	1	0
640_sub0	0	5	4	1	0	0	4	1
640_sub1	0	1	1	0	0	0	1	0
640_sub2	0	1	0	1	0	0	0	1
640_sub3	0	1	1	0	0	0	1	0
640_sub4	0	1	1	0	0	0	1	0
640_sub5	0	1	1	0	0	0	1	0
640_sub6	0	1	1	0	0	0	1	0
642_sub0	0	1	0	1	0	0	0	1
642_sub1	1	11	6	5	6	5	0	0
642_sub2	0	1	1	0	0	0	1	0
642_sub3	0	1	0	1	0	0	0	1
6426_sub0	0	1	0	1	0	0	0	1
6426_sub1	0	1	1	0	0	0	1	0
6426_sub2	0	1	1	0	0	0	1	0
6426_sub3	0	1	0	1	0	0	0	1
6426_sub4	0	1	1	0	0	0	1	0
6426_sub5	0	1	1	0	0	0	1	0
6427_sub0	0	5	0	5	0	0	0	5
6427_sub1	0	1	0	1	0	0	0	1
6469_sub0	0	1	1	0	0	0	1	0
6469_sub1	0	1	0	1	0	0	0	1
6469_sub2	0	1	1	0	0	0	1	0
6469_sub3	0	1	1	0	0	0	1	0
6469_sub4	0	1	0	1	0	0	0	1
6469_sub5	0	1	0	1	0	0	0	1
6478_sub0	0	5	1	4	0	0	1	4
6478_sub1	0	1	1	0	0	0	1	0
6493_sub0	1	10	6	4	6	4	0	0
6493_sub1	0	1	1	0	0	0	1	0
65_sub0	0	1	0	1	0	0	0	1
65_sub1	0	1	1	0	0	0	1	0
65_sub2	1	9	3	6	3	6	0	0
65_sub3	0	1	0	1	0	0	0	1
6500_sub0	0	1	1	0	0	0	1	0
6500_sub1	0	1	1	0	0	0	1	0
6500_sub2	0	4	3	1	0	0	3	1
6500_sub3	0	1	1	0	0	0	1	0
6500_sub4	0	1	0	1	0	0	0	1
6510_sub0	1	6	4	2	4	2	0	0
6510_sub1	0	1	1	0	0	0	1	0
6510_sub2	0	1	0	1	0	0	0	1
6510_sub3	0	1	0	1	0	0	0	1
6515_sub0	0	1	1	0	0	0	1	0
6515_sub1	0	1	0	1	0	0	0	1
6515_sub2	0	1	0	1	0	0	0	1
6515_sub3	0	1	0	1	0	0	0	1
6515_sub4	0	1	0	1	0	0	0	1
6515_sub5	0	1	1	0	0	0	1	0
6519_sub0	0	1	0	1	0	0	0	1
6519_sub1	0	1	0	1	0	0	0	1
6519_sub2	0	1	1	0	0	0	1	0
6519_sub3	0	1	1	0	0	0	1	0
6519_sub4	0	1	1	0	0	0	1	0
6519_sub5	0	1	0	1	0	0	0	1
6519_sub6	0	1	1	0	0	0	1	0
6519_sub7	0	1	1	0	0	0	1	0
6519_sub8	0	1	1	0	0	0	1	0
6519_sub9	0	1	1	0	0	0	1	0
6519_sub10	0	1	1	0	0	0	1	0
6529_sub0	1	13	7	6	7	6	0	0
6529_sub1	0	1	1	0	0	0	1	0
653_sub0	0	1	1	0	0	0	1	0
653_sub1	1	9	5	4	5	4	0	0
653_sub2	0	1	0	1	0	0	0	1
6531_sub0	1	8	4	4	4	4	0	0
6531_sub1	0	1	1	0	0	0	1	0
6531_sub2	0	1	0	1	0	0	0	1
6550_sub0	1	7	4	3	4	3	0	0
6550_sub1	0	1	0	1	0	0	0	1
6550_sub2	0	1	0	1	0	0	0	1
6560_sub0	0	1	1	0	0	0	1	0
6560_sub1	0	1	0	1	0	0	0	1
6560_sub2	0	1	0	1	0	0	0	1
6560_sub3	0	1	0	1	0	0	0	1
6560_sub4	0	1	0	1	0	0	0	1
6560_sub5	0	1	0	1	0	0	0	1
6560_sub6	0	1	0	1	0	0	0	1
6560_sub7	0	1	1	0	0	0	1	0
6581_sub0	0	4	2	2	0	0	2	2
6581_sub1	0	1	0	1	0	0	0	1
6581_sub2	0	1	1	0	0	0	1	0
6581_sub3	0	1	1	0	0	0	1	0
6581_sub4	0	1	0	1	0	0	0	1
6588_sub0	1	6	3	3	3	3	0	0
6588_sub1	0	1	1	0	0	0	1	0
6589_sub0	1	9	7	2	7	2	0	0
6589_sub1	0	1	1	0	0	0	1	0
6589_sub2	0	1	0	1	0	0	0	1
659_sub0	1	6	3	3	3	3	0	0
659_sub1	0	1	0	1	0	0	0	1
659_sub2	0	1	1	0	0	0	1	0
659_sub3	0	1	0	1	0	0	0	1
659_sub4	0	1	1	0	0	0	1	0
6592_sub0	1	6	4	2	4	2	0	0
6592_sub1	0	1	1	0	0	0	1	0
6592_sub2	0	1	1	0	0	0	1	0
6592_sub3	0	1	0	1	0	0	0	1
6592_sub4	0	1	0	1	0	0	0	1
6604_sub0	0	4	3	1	0	0	3	1
6604_sub1	0	1	0	1	0	0	0	1
6604_sub2	0	1	0	1	0	0	0	1
6612_sub0	1	7	3	4	3	4	0	0
6612_sub1	0	1	1	0	0	0	1	0
662_sub0	0	1	0	1	0	0	0	1
662_sub1	0	4	3	1	0	0	3	1
662_sub2	0	1	1	0	0	0	1	0
663_sub0	0	1	0	1	0	0	0	1
663_sub1	1	8	2	6	2	6	0	0
6637_sub0	1	11	3	8	3	8	0	0
6637_sub1	0	1	0	1	0	0	0	1
6637_sub2	0	1	0	1	0	0	0	1
6637_sub3	0	1	1	0	0	0	1	0
6678_sub0	0	4	4	0	0	0	4	0
6678_sub1	0	1	1	0	0	0	1	0
6678_sub2	0	1	0	1	0	0	0	1
6678_sub3	0	1	1	0	0	0	1	0
669_sub0	0	5	3	2	0	0	3	2
669_sub1	0	1	0	1	0	0	0	1
669_sub2	0	1	0	1	0	0	0	1
669_sub3	0	1	1	0	0	0	1	0
669_sub4	0	1	1	0	0	0	1	0
669_sub5	0	1	0	1	0	0	0	1
6698_sub0	1	7	3	4	3	4	0	0
6698_sub1	0	1	0	1	0	0	0	1
6698_sub2	0	1	0	1	0	0	0	1
6698_sub3	0	1	1	0	0	0	1	0
670_sub0	0	5	5	0	0	0	5	0
670_sub1	0	1	0	1	0	0	0	1
670_sub2	0	1	1	0	0	0	1	0
6703_sub0	0	4	1	3	0	0	1	3
6703_sub1	0	1	0	1	0	0	0	1
6703_sub2	0	1	1	0	0	0	1	0
6703_sub3	0	1	0	1	0	0	0	1
671_sub0	1	9	5	4	5	4	0	0
671_sub1	0	1	1	0	0	0	1	0
672_sub0	0	1	0	1	0	0	0	1
672_sub1	0	1	0	1	0	0	0	1
672_sub2	1	6	3	3	3	3	0	0
672_sub3	0	1	0	1	0	0	0	1
6728_sub0	1	10	4	6	4	6	0	0
6728_sub1	0	1	0	1	0	0	0	1
6732_sub0	1	7	5	2	5	2	0	0
6732_sub1	0	1	1	0	0	0	1	0
6732_sub2	0	1	0	1	0	0	0	1
6740_sub0	1	9	4	5	4	5	0	0
6740_sub1	0	1	1	0	0	0	1	0
6740_sub2	0	1	0	1	0	0	0	1
6742_sub0	1	9	5	4	5	4	0	0
6742_sub1	0	1	0	1	0	0	0	1
6742_sub2	0	1	0	1	0	0	0	1
6742_sub3	0	1	1	0	0	0	1	0
6742_sub4	0	1	1	0	0	0	1	0
6742_sub5	0	1	0	1	0	0	0	1
6742_sub6	0	1	0	1	0	0	0	1
6742_sub7	0	1	0	1	0	0	0	1
6747_sub0	1	8	4	4	4	4	0	0
6747_sub1	0	1	0	1	0	0	0	1
6747_sub2	0	1	0	1	0	0	0	1
6747_sub3	0	1	0	1	0	0	0	1
6747_sub4	0	1	0	1	0	0	0	1
676_sub0	1	16	6	10	6	10	0	0
676_sub1	0	1	0	1	0	0	0	1
676_sub2	0	1	0	1	0	0	0	1
676_sub3	0	1	1	0	0	0	1	0
676_sub4	0	1	1	0	0	0	1	0
676_sub5	0	1	1	0	0	0	1	0
6765_sub0	0	1	1	0	0	0	1	0
6765_sub1	0	1	1	0	0	0	1	0
6765_sub2	0	3	1	2	0	0	1	2
6765_sub3	0	1	0	1	0	0	0	1
6765_sub4	0	1	0	1	0	0	0	1
6765_sub5	0	1	1	0	0	0	1	0
6765_sub6	0	1	0	1	0	0	0	1
6765_sub7	0	1	1	0	0	0	1	0
6765_sub8	0	1	0	1	0	0	0	1
677_sub0	0	1	0	1	0	0	0	1
677_sub1	0	1	0	1	0	0	0	1
677_sub2	1	17	10	7	10	7	0	0
6784_sub0	0	4	1	3	0	0	1	3
6784_sub1	0	1	1	0	0	0	1	0
6784_sub2	0	1	0	1	0	0	0	1
6787_sub0	0	1	0	1	0	0	0	1
6787_sub1	0	1	0	1	0	0	0	1
6787_sub2	0	1	0	1	0	0	0	1
6787_sub3	0	1	1	0	0	0	1	0
6787_sub4	0	1	1	0	0	0	1	0
6787_sub5	0	1	0	1	0	0	0	1
6790_sub0	0	1	0	1	0	0	0	1
6790_sub1	0	5	3	2	0	0	3	2
6790_sub2	0	1	1	0	0	0	1	0
6790_sub3	0	1	0	1	0	0	0	1
680_sub0	1	7	1	6	1	6	0	0
680_sub1	0	1	0	1	0	0	0	1
680_sub2	0	1	1	0	0	0	1	0
6831_sub0	0	1	1	0	0	0	1	0
6831_sub1	0	1	0	1	0	0	0	1
6831_sub2	1	8	4	4	4	4	0	0
6831_sub3	0	1	0	1	0	0	0	1
686_sub0	1	9	1	8	1	8	0	0
686_sub1	0	1	1	0	0	0	1	0
686_sub2	0	1	1	0	0	0	1	0
686_sub3	0	1	1	0	0	0	1	0
686_sub4	0	1	1	0	0	0	1	0
686_sub5	0	1	1	0	0	0	1	0
6860_sub0	0	1	1	0	0	0	1	0
6860_sub1	0	1	1	0	0	0	1	0
6860_sub2	1	6	4	2	4	2	0	0
6860_sub3	0	1	1	0	0	0	1	0
6860_sub4	0	1	0	1	0	0	0	1
6862_sub0	1	6	5	1	5	1	0	0
6862_sub1	0	1	1	0	0	0	1	0
6862_sub2	0	1	0	1	0	0	0	1
6862_sub3	0	1	1	0	0	0	1	0
6862_sub4	0	1	1	0	0	0	1	0
6864_sub0	0	1	1	0	0	0	1	0
6864_sub1	0	1	0	1	0	0	0	1
6864_sub2	0	1	0	1	0	0	0	1
6864_sub3	0	1	1	0	0	0	1	0
6864_sub4	0	1	0	1	0	0	0	1
6864_sub5	0	1	0	1	0	0	0	1
6864_sub6	0	1	0	1	0	0	0	1
687_sub0	0	1	0	1	0	0	0	1
687_sub1	1	6	3	3	3	3	0	0
687_sub2	0	1	0	1	0	0	0	1
687_sub3	0	1	0	1	0	0	0	1
687_sub4	0	1	1	0	0	0	1	0
6873_sub0	1	6	2	4	2	4	0	0
6873_sub1	0	1	1	0	0	0	1	0
6873_sub2	0	1	0	1	0	0	0	1
6875_sub0	0	1	1	0	0	0	1	0
6875_sub1	0	4	1	3	0	0	1	3
6875_sub2	0	1	1	0	0	0	1	0
6875_sub3	0	1	1	0	0	0	1	0
6875_sub4	0	1	1	0	0	0	1	0
688_sub0	1	12	4	8	4	8	0	0
688_sub1	0	1	0	1	0	0	0	1
688_sub2	0	1	0	1	0	0	0	1
688_sub3	0	1	1	0	0	0	1	0
6885_sub0	1	11	5	6	5	6	0	0
6885_sub1	0	1	0	1	0	0	0	1
6885_sub2	0	1	1	0	0	0	1	0
6900_sub0	1	6	3	3	3	3	0	0
6900_sub1	0	1	1	0	0	0	1	0
6901_sub0	1	8	2	6	2	6	0	0
6901_sub1	0	1	0	1	0	0	0	1
6901_sub2	0	1	0	1	0	0	0	1
6901_sub3	0	1	1	0	0	0	1	0
6904_sub0	0	1	0	1	0	0	0	1
6904_sub1	0	1	0	1	0	0	0	1
6904_sub2	0	5	3	2	0	0	3	2
6904_sub3	0	1	1	0	0	0	1	0
6904_sub4	0	1	0	1	0	0	0	1
6905_sub0	0	1	0	1	0	0	0	1
6905_sub1	0	1	1	0	0	0	1	0
6905_sub2	0	1	1	0	0	0	1	0
6905_sub3	1	7	3	4	3	4	0	0
6905_sub4	0	1	1	0	0	0	1	0
6905_sub5	0	1	0	1	0	0	0	1
6905_sub6	0	1	1	0	0	0	1	0
6920_sub0	1	6	2	4	2	4	0	0
6937_sub0	0	1	1	0	0	0	1	0
6937_sub1	0	2	1	1	0	0	1	1
6937_sub2	0	1	0	1	0	0	0	1
6937_sub3	0	1	1	0	0	0	1	0
6937_sub4	0	1	0	1	0	0	0	1
6937_sub5	0	1	1	0	0	0	1	0
6937_sub6	0	1	0	1	0	0	0	1
6937_sub7	0	1	0	1	0	0	0	1
6937_sub8	0	1	0	1	0	0	0	1
695_sub0	0	1	0	1	0	0	0	1
695_sub1	0	1	0	1	0	0	0	1
695_sub2	0	1	1	0	0	0	1	0
695_sub3	0	1	1	0	0	0	1	0
695_sub4	0	1	1	0	0	0	1	0
695_sub5	0	1	0	1	0	0	0	1
697_sub0	0	1	0	1	0	0	0	1
697_sub1	1	6	5	1	5	1	0	0
697_sub2	0	1	1	0	0	0	1	0
698_sub0	1	13	3	10	3	10	0	0
698_sub1	0	1	0	1	0	0	0	1
698_sub2	0	1	1	0	0	0	1	0
698_sub3	0	1	0	1	0	0	0	1
698_sub4	0	1	0	1	0	0	0	1
698_sub5	0	1	1	0	0	0	1	0
698_sub6	0	1	1	0	0	0	1	0
698_sub7	0	1	1	0	0	0	1	0
698_sub8	0	1	1	0	0	0	1	0
698_sub9	0	1	0	1	0	0	0	1
698_sub10	0	1	0	1	0	0	0	1
698_sub11	0	1	0	1	0	0	0	1
6986_sub0	0	1	0	1	0	0	0	1
6986_sub1	0	1	1	0	0	0	1	0
6986_sub2	0	1	1	0	0	0	1	0
6986_sub3	0	1	0	1	0	0	0	1
6986_sub4	0	1	0	1	0	0	0	1
6986_sub5	0	1	0	1	0	0	0	1
6986_sub6	0	1	0	1	0	0	0	1
6986_sub7	0	1	1	0	0	0	1	0
6986_sub8	0	1	1	0	0	0	1	0
6988_sub0	0	5	3	2	0	0	3	2
6988_sub1	0	1	1	0	0	0	1	0
699_sub0	0	1	0	1	0	0	0	1
699_sub1	1	6	3	3	3	3	0	0
699_sub2	0	1	1	0	0	0	1	0
6992_sub0	1	6	3	3	3	3	0	0
6992_sub1	0	1	0	1	0	0	0	1
7_sub0	0	1	0	1	0	0	0	1
7_sub1	0	1	1	0	0	0	1	0
7_sub2	0	1	0	1	0	0	0	1
7_sub3	0	5	1	4	0	0	1	4
7_sub4	0	1	1	0	0	0	1	0
7002_sub0	0	1	0	1	0	0	0	1
7002_sub1	0	2	1	1	0	0	1	1
7002_sub2	0	1	0	1	0	0	0	1
7002_sub3	0	1	0	1	0	0	0	1
7002_sub4	0	1	0	1	0	0	0	1
7002_sub5	0	1	1	0	0	0	1	0
701_sub0	1	12	4	8	4	8	0	0
701_sub1	0	1	1	0	0	0	1	0
701_sub2	0	1	0	1	0	0	0	1
701_sub3	0	1	1	0	0	0	1	0
701_sub4	0	1	1	0	0	0	1	0
701_sub5	0	1	0	1	0	0	0	1
701_sub6	0	1	1	0	0	0	1	0
7018_sub0	1	10	10	0	10	0	0	0
7018_sub1	0	1	0	1	0	0	0	1
7018_sub2	0	1	0	1	0	0	0	1
7030_sub0	0	5	2	3	0	0	2	3
7030_sub1	0	1	1	0	0	0	1	0
7030_sub2	0	1	0	1	0	0	0	1
7032_sub0	0	1	0	1	0	0	0	1
7032_sub1	0	1	1	0	0	0	1	0
7032_sub2	0	1	0	1	0	0	0	1
7032_sub3	0	1	1	0	0	0	1	0
7032_sub4	0	1	1	0	0	0	1	0
7032_sub5	0	1	0	1	0	0	0	1
7032_sub6	0	1	1	0	0	0	1	0
7045_sub0	1	6	2	4	2	4	0	0
7045_sub1	0	1	0	1	0	0	0	1
7068_sub0	0	3	1	2	0	0	1	2
7068_sub1	0	1	0	1	0	0	0	1
7068_sub2	0	1	0	1	0	0	0	1
7068_sub3	0	1	0	1	0	0	0	1
7068_sub4	0	1	0	1	0	0	0	1
707_sub0	0	1	0	1	0	0	0	1
707_sub1	0	1	1	0	0	0	1	0
707_sub2	0	1	1	0	0	0	1	0
707_sub3	0	1	0	1	0	0	0	1
707_sub4	0	1	0	1	0	0	0	1
707_sub5	0	1	1	0	0	0	1	0
707_sub6	0	1	0	1	0	0	0	1
707_sub7	0	1	1	0	0	0	1	0
707_sub8	0	1	1	0	0	0	1	0
7081_sub0	0	1	1	0	0	0	1	0
7081_sub1	1	6	1	5	1	5	0	0
7115_sub0	0	1	0	1	0	0	0	1
7115_sub1	0	1	0	1	0	0	0	1
7115_sub2	0	1	1	0	0	0	1	0
7115_sub3	0	1	1	0	0	0	1	0
7115_sub4	0	1	0	1	0	0	0	1
7115_sub5	0	1	0	1	0	0	0	1
7162_sub0	0	1	0	1	0	0	0	1
7162_sub1	0	5	3	2	0	0	3	2
7162_sub2	0	1	0	1	0	0	0	1
7187_sub0	0	1	1	0	0	0	1	0
7187_sub1	0	5	4	1	0	0	4	1
72_sub0	0	1	0	1	0	0	0	1
72_sub1	1	8	5	3	5	3	0	0
720_sub0	0	2	0	2	0	0	0	2
720_sub1	0	1	1	0	0	0	1	0
720_sub2	0	1	1	0	0	0	1	0
720_sub3	1	9	9	0	9	0	0	0
720_sub4	0	1	1	0	0	0	1	0
7200_sub0	0	3	2	1	0	0	2	1
7200_sub1	0	1	0	1	0	0	0	1
7200_sub2	0	1	1	0	0	0	1	0
7200_sub3	0	1	0	1	0	0	0	1
7208_sub0	1	6	3	3	3	3	0	0
7208_sub1	0	1	0	1	0	0	0	1
7208_sub2	0	1	1	0	0	0	1	0
7208_sub3	0	1	1	0	0	0	1	0
721_sub0	1	7	2	5	2	5	0	0
721_sub1	0	1	0	1	0	0	0	1
721_sub2	0	1	1	0	0	0	1	0
723_sub0	1	9	2	7	2	7	0	0
723_sub1	0	1	1	0	0	0	1	0
723_sub2	0	1	1	0	0	0	1	0
723_sub3	0	1	0	1	0	0	0	1
7238_sub0	1	8	2	6	2	6	0	0
725_sub0	1	12	5	7	5	7	0	0
725_sub1	0	1	1	0	0	0	1	0
725_sub2	0	1	1	0	0	0	1	0
725_sub3	0	1	0	1	0	0	0	1
7250_sub0	0	1	1	0	0	0	1	0
7250_sub1	1	6	3	3	3	3	0	0
7250_sub2	0	1	1	0	0	0	1	0
7250_sub3	0	1	0	1	0	0	0	1
7254_sub0	0	5	2	3	0	0	2	3
7254_sub1	0	1	1	0	0	0	1	0
7265_sub0	0	2	1	1	0	0	1	1
7265_sub1	0	1	1	0	0	0	1	0
7265_sub2	0	1	0	1	0	0	0	1
7265_sub3	0	1	0	1	0	0	0	1
7265_sub4	0	1	1	0	0	0	1	0
7269_sub0	0	1	0	1	0	0	0	1
7269_sub1	0	1	1	0	0	0	1	0
7269_sub2	0	3	2	1	0	0	2	1
7269_sub3	0	1	1	0	0	0	1	0
7269_sub4	0	1	0	1	0	0	0	1
7286_sub0	1	8	3	5	3	5	0	0
7288_sub0	1	8	7	1	7	1	0	0
7288_sub1	0	1	1	0	0	0	1	0
7293_sub0	0	1	0	1	0	0	0	1
7293_sub1	0	5	2	3	0	0	2	3
7293_sub2	0	1	0	1	0	0	0	1
7307_sub0	0	1	0	1	0	0	0	1
7307_sub1	0	4	2	2	0	0	2	2
7307_sub2	0	1	0	1	0	0	0	1
7307_sub3	0	1	1	0	0	0	1	0
731_sub0	1	9	4	5	4	5	0	0
731_sub1	0	1	0	1	0	0	0	1
731_sub2	0	1	0	1	0	0	0	1
731_sub3	0	1	0	1	0	0	0	1
731_sub4	0	1	1	0	0	0	1	0
731_sub5	0	1	1	0	0	0	1	0
731_sub6	0	1	0	1	0	0	0	1
7310_sub0	0	3	2	1	0	0	2	1
7310_sub1	0	1	1	0	0	0	1	0
7310_sub2	0	1	1	0	0	0	1	0
7310_sub3	0	1	0	1	0	0	0	1
7310_sub4	0	1	0	1	0	0	0	1
7319_sub0	1	6	1	5	1	5	0	0
7319_sub1	0	1	1	0	0	0	1	0
7319_sub2	0	1	0	1	0	0	0	1
7319_sub3	0	1	1	0	0	0	1	0
7319_sub4	0	1	1	0	0	0	1	0
733_sub0	1	8	2	6	2	6	0	0
733_sub1	0	1	0	1	0	0	0	1
7352_sub0	0	4	1	3	0	0	1	3
7352_sub1	0	1	0	1	0	0	0	1
7352_sub2	0	1	1	0	0	0	1	0
7352_sub3	0	1	1	0	0	0	1	0
7358_sub0	1	7	2	5	2	5	0	0
7360_sub0	0	1	0	1	0	0	0	1
7360_sub1	0	3	2	1	0	0	2	1
7360_sub2	0	1	0	1	0	0	0	1
7360_sub3	0	1	1	0	0	0	1	0
7364_sub0	0	1	1	0	0	0	1	0
7364_sub1	0	1	1	0	0	0	1	0
7364_sub2	0	3	2	1	0	0	2	1
7364_sub3	0	1	0	1	0	0	0	1
7371_sub0	1	9	7	2	7	2	0	0
7371_sub1	0	1	1	0	0	0	1	0
7399_sub0	1	6	6	0	6	0	0	0
7399_sub1	0	1	1	0	0	0	1	0
7399_sub2	0	1	1	0	0	0	1	0
7399_sub3	1	6	0	6	0	6	0	0
740_sub0	0	1	1	0	0	0	1	0
740_sub1	1	6	4	2	4	2	0	0
740_sub2	0	1	1	0	0	0	1	0
7406_sub0	1	6	3	3	3	3	0	0
7406_sub1	0	1	0	1	0	0	0	1
7415_sub0	0	5	3	2	0	0	3	2
7415_sub1	0	1	1	0	0	0	1	0
7415_sub2	0	1	1	0	0	0	1	0
7415_sub3	0	1	1	0	0	0	1	0
7423_sub0	1	6	4	2	4	2	0	0
7432_sub0	0	5	3	2	0	0	3	2
7432_sub1	0	1	0	1	0	0	0	1
7471_sub0	1	7	3	4	3	4	0	0
7471_sub1	0	1	0	1	0	0	0	1
7471_sub2	0	1	1	0	0	0	1	0
7471_sub3	0	1	1	0	0	0	1	0
749_sub0	0	2	1	1	0	0	1	1
749_sub1	0	1	1	0	0	0	1	0
749_sub2	0	2	2	0	0	0	2	0
749_sub3	0	1	1	0	0	0	1	0
749_sub4	0	1	1	0	0	0	1	0
749_sub5	0	1	1	0	0	0	1	0
7497_sub0	1	7	4	3	4	3	0	0
7498_sub0	1	8	1	7	1	7	0	0
750_sub0	0	1	1	0	0	0	1	0
750_sub1	0	4	1	3	0	0	1	3
750_sub2	0	1	1	0	0	0	1	0
750_sub3	0	1	0	1	0	0	0	1
750_sub4	0	1	0	1	0	0	0	1
754_sub0	0	1	0	1	0	0	0	1
754_sub1	1	11	5	6	5	6	0	0
754_sub2	0	1	1	0	0	0	1	0
7577_sub0	1	9	2	7	2	7	0	0
759_sub0	0	1	1	0	0	0	1	0
759_sub1	1	11	8	3	8	3	0	0
759_sub2	0	1	1	0	0	0	1	0
759_sub3	0	1	0	1	0	0	0	1
759_sub4	0	1	0	1	0	0	0	1
76_sub0	0	1	0	1	0	0	0	1
76_sub1	0	4	1	3	0	0	1	3
76_sub2	0	1	1	0	0	0	1	0
7603_sub0	0	4	0	4	0	0	0	4
7603_sub1	0	1	0	1	0	0	0	1
7603_sub2	0	1	0	1	0	0	0	1
7603_sub3	0	1	0	1	0	0	0	1
7603_sub4	0	1	0	1	0	0	0	1
7603_sub5	0	1	0	1	0	0	0	1
7606_sub0	0	1	0	1	0	0	0	1
7606_sub1	1	7	5	2	5	2	0	0
7606_sub2	0	1	0	1	0	0	0	1
7623_sub0	1	6	0	6	0	6	0	0
7624_sub0	0	1	1	0	0	0	1	0
7624_sub1	0	1	1	0	0	0	1	0
7624_sub2	0	1	1	0	0	0	1	0
7624_sub3	0	1	1	0	0	0	1	0
7624_sub4	0	1	0	1	0	0	0	1
7624_sub5	0	1	0	1	0	0	0	1
7624_sub6	0	1	0	1	0	0	0	1
763_sub0	1	11	3	8	3	8	0	0
763_sub1	0	1	1	0	0	0	1	0
763_sub2	0	1	0	1	0	0	0	1
763_sub3	0	1	0	1	0	0	0	1
763_sub4	0	1	1	0	0	0	1	0
763_sub5	0	1	1	0	0	0	1	0
763_sub6	0	1	1	0	0	0	1	0
763_sub7	0	1	1	0	0	0	1	0
7635_sub0	1	6	2	4	2	4	0	0
7635_sub1	0	1	0	1	0	0	0	1
7639_sub0	1	6	3	3	3	3	0	0
7639_sub1	0	1	1	0	0	0	1	0
7647_sub0	1	7	4	3	4	3	0	0
7647_sub1	0	1	1	0	0	0	1	0
7647_sub2	0	1	1	0	0	0	1	0
765_sub0	1	12	7	5	7	5	0	0
765_sub1	0	1	0	1	0	0	0	1
765_sub2	0	1	1	0	0	0	1	0
765_sub3	0	1	1	0	0	0	1	0
7651_sub0	1	10	7	3	7	3	0	0
7651_sub1	0	1	1	0	0	0	1	0
7664_sub0	1	8	1	7	1	7	0	0
7664_sub1	0	1	0	1	0	0	0	1
7664_sub2	0	1	1	0	0	0	1	0
7664_sub3	0	1	1	0	0	0	1	0
7664_sub4	0	1	0	1	0	0	0	1
7668_sub0	1	6	2	4	2	4	0	0
767_sub0	0	1	0	1	0	0	0	1
767_sub1	0	5	2	3	0	0	2	3
767_sub2	0	1	0	1	0	0	0	1
7672_sub0	0	5	0	5	0	0	0	5
7672_sub1	0	1	0	1	0	0	0	1
7672_sub2	0	1	0	1	0	0	0	1
768_sub0	1	10	5	5	5	5	0	0
768_sub1	0	1	1	0	0	0	1	0
768_sub2	0	1	1	0	0	0	1	0
768_sub3	0	1	1	0	0	0	1	0
7689_sub0	1	7	5	2	5	2	0	0
7689_sub1	0	1	1	0	0	0	1	0
7689_sub2	0	1	0	1	0	0	0	1
7689_sub3	0	1	1	0	0	0	1	0
7693_sub0	0	1	0	1	0	0	0	1
7693_sub1	0	5	4	1	0	0	4	1
7693_sub2	0	1	1	0	0	0	1	0
7693_sub3	0	1	0	1	0	0	0	1
7695_sub0	0	1	1	0	0	0	1	0
7695_sub1	0	4	2	2	0	0	2	2
7695_sub2	0	1	1	0	0	0	1	0
7718_sub0	0	5	4	1	0	0	4	1
7718_sub1	0	1	0	1	0	0	0	1
772_sub0	1	13	6	7	6	7	0	0
772_sub1	0	1	1	0	0	0	1	0
772_sub2	0	1	0	1	0	0	0	1
773_sub0	1	12	7	5	7	5	0	0
773_sub1	0	1	0	1	0	0	0	1
773_sub2	0	1	1	0	0	0	1	0
7745_sub0	1	7	4	3	4	3	0	0
7766_sub0	1	9	4	5	4	5	0	0
7766_sub1	0	1	0	1	0	0	0	1
7766_sub2	0	1	0	1	0	0	0	1
777_sub0	0	1	0	1	0	0	0	1
777_sub1	0	1	0	1	0	0	0	1
777_sub2	0	1	1	0	0	0	1	0
777_sub3	1	10	7	3	7	3	0	0
777_sub4	0	3	1	2	0	0	1	2
777_sub5	0	1	0	1	0	0	0	1
777_sub6	0	1	0	1	0	0	0	1
777_sub7	0	1	0	1	0	0	0	1
778_sub0	1	9	4	5	4	5	0	0
778_sub1	0	1	1	0	0	0	1	0
7882_sub0	1	6	3	3	3	3	0	0
7882_sub1	0	1	0	1	0	0	0	1
7882_sub2	0	1	0	1	0	0	0	1
79_sub0	0	1	1	0	0	0	1	0
79_sub1	0	1	1	0	0	0	1	0
79_sub2	1	8	3	5	3	5	0	0
79_sub3	0	1	1	0	0	0	1	0
790_sub0	1	9	4	5	4	5	0	0
790_sub1	0	1	0	1	0	0	0	1
7901_sub0	1	6	4	2	4	2	0	0
7901_sub1	0	1	1	0	0	0	1	0
7901_sub2	0	1	1	0	0	0	1	0
7901_sub3	0	1	0	1	0	0	0	1
7901_sub4	0	1	0	1	0	0	0	1
7922_sub0	0	2	1	1	0	0	1	1
7922_sub1	0	1	0	1	0	0	0	1
7922_sub2	0	1	1	0	0	0	1	0
7922_sub3	0	1	0	1	0	0	0	1
7922_sub4	0	1	1	0	0	0	1	0
7923_sub0	0	1	1	0	0	0	1	0
7923_sub1	0	5	2	3	0	0	2	3
7966_sub0	1	9	5	4	5	4	0	0
7966_sub1	0	1	0	1	0	0	0	1
7966_sub2	0	1	1	0	0	0	1	0
7966_sub3	0	1	0	1	0	0	0	1
7966_sub4	0	1	1	0	0	0	1	0
7966_sub5	0	1	1	0	0	0	1	0
7966_sub6	0	1	0	1	0	0	0	1
797_sub0	0	5	4	1	0	0	4	1
797_sub1	0	1	0	1	0	0	0	1
797_sub2	0	1	1	0	0	0	1	0
797_sub3	0	1	0	1	0	0	0	1
797_sub4	0	1	0	1	0	0	0	1
797_sub5	0	1	1	0	0	0	1	0
7971_sub0	0	1	1	0	0	0	1	0
7971_sub1	0	4	4	0	0	0	4	0
7971_sub2	0	1	0	1	0	0	0	1
798_sub0	0	5	2	3	0	0	2	3
798_sub1	0	1	1	0	0	0	1	0
798_sub2	0	1	0	1	0	0	0	1
7985_sub0	0	1	0	1	0	0	0	1
7985_sub1	0	1	1	0	0	0	1	0
7985_sub2	0	1	0	1	0	0	0	1
7985_sub3	0	1	1	0	0	0	1	0
7985_sub4	0	1	1	0	0	0	1	0
7985_sub5	0	1	0	1	0	0	0	1
7989_sub0	0	1	1	0	0	0	1	0
7989_sub1	1	10	5	5	5	5	0	0
7989_sub2	0	1	1	0	0	0	1	0
7989_sub3	0	1	1	0	0	0	1	0
8020_sub0	0	1	1	0	0	0	1	0
8020_sub1	0	1	1	0	0	0	1	0
8020_sub2	0	1	0	1	0	0	0	1
8020_sub3	0	1	0	1	0	0	0	1
8020_sub4	0	1	0	1	0	0	0	1
8020_sub5	0	1	1	0	0	0	1	0
8038_sub0	0	1	0	1	0	0	0	1
8038_sub1	0	3	1	2	0	0	1	2
8038_sub2	0	1	0	1	0	0	0	1
8038_sub3	0	1	1	0	0	0	1	0
804_sub0	0	1	1	0	0	0	1	0
804_sub1	0	4	1	3	0	0	1	3
804_sub2	0	1	1	0	0	0	1	0
805_sub0	1	6	3	3	3	3	0	0
805_sub1	0	1	1	0	0	0	1	0
805_sub2	0	1	0	1	0	0	0	1
805_sub3	0	1	1	0	0	0	1	0
805_sub4	0	1	1	0	0	0	1	0
805_sub5	0	1	1	0	0	0	1	0
805_sub6	0	1	1	0	0	0	1	0
805_sub7	0	1	0	1	0	0	0	1
805_sub8	0	1	0	1	0	0	0	1
805_sub9	0	1	1	0	0	0	1	0
8054_sub0	0	1	1	0	0	0	1	0
8054_sub1	1	7	3	4	3	4	0	0
8058_sub0	1	7	4	3	4	3	0	0
8058_sub1	0	1	0	1	0	0	0	1
8058_sub2	0	1	0	1	0	0	0	1
806_sub0	0	1	0	1	0	0	0	1
806_sub1	1	8	3	5	3	5	0	0
806_sub2	0	1	1	0	0	0	1	0
8071_sub0	0	1	0	1	0	0	0	1
8071_sub1	1	8	6	2	6	2	0	0
8071_sub2	0	1	1	0	0	0	1	0
8082_sub0	0	1	0	1	0	0	0	1
8082_sub1	0	1	1	0	0	0	1	0
8082_sub2	0	1	1	0	0	0	1	0
8082_sub3	1	6	4	2	4	2	0	0
8082_sub4	0	1	0	1	0	0	0	1
8082_sub5	0	1	0	1	0	0	0	1
8095_sub0	1	8	5	3	5	3	0	0
8095_sub1	0	1	0	1	0	0	0	1
811_sub0	1	11	5	6	5	6	0	0
811_sub1	0	1	0	1	0	0	0	1
8124_sub0	1	8	3	5	3	5	0	0
814_sub0	0	4	2	2	0	0	2	2
814_sub1	0	1	0	1	0	0	0	1
814_sub2	0	1	1	0	0	0	1	0
815_sub0	0	1	0	1	0	0	0	1
815_sub1	0	2	0	2	0	0	0	2
815_sub2	0	1	1	0	0	0	1	0
815_sub3	0	1	0	1	0	0	0	1
815_sub4	0	1	0	1	0	0	0	1
8168_sub0	0	1	0	1	0	0	0	1
8168_sub1	0	1	0	1	0	0	0	1
8168_sub2	0	1	0	1	0	0	0	1
8168_sub3	0	1	0	1	0	0	0	1
8168_sub4	0	1	0	1	0	0	0	1
8168_sub5	0	1	0	1	0	0	0	1
8169_sub0	1	7	2	5	2	5	0	0
8169_sub1	0	1	0	1	0	0	0	1
8169_sub2	0	1	1	0	0	0	1	0
8174_sub0	0	1	1	0	0	0	1	0
8174_sub1	0	1	1	0	0	0	1	0
8174_sub2	0	1	1	0	0	0	1	0
8174_sub3	0	1	0	1	0	0	0	1
8174_sub4	0	1	1	0	0	0	1	0
8174_sub5	0	1	1	0	0	0	1	0
8174_sub6	0	1	1	0	0	0	1	0
8182_sub0	0	4	3	1	0	0	3	1
8182_sub1	0	1	1	0	0	0	1	0
8182_sub2	0	1	0	1	0	0	0	1
8188_sub0	0	1	0	1	0	0	0	1
8188_sub1	0	5	2	3	0	0	2	3
8188_sub2	0	1	1	0	0	0	1	0
820_sub0	0	1	0	1	0	0	0	1
820_sub1	1	6	3	3	3	3	0	0
820_sub2	0	1	1	0	0	0	1	0
820_sub3	0	1	0	1	0	0	0	1
8229_sub0	0	1	0	1	0	0	0	1
8229_sub1	1	7	2	5	2	5	0	0
8229_sub2	0	1	0	1	0	0	0	1
8229_sub3	0	1	0	1	0	0	0	1
8239_sub0	1	6	3	3	3	3	0	0
8239_sub1	0	1	1	0	0	0	1	0
8239_sub2	0	1	0	1	0	0	0	1
8239_sub3	0	1	0	1	0	0	0	1
8239_sub4	0	1	1	0	0	0	1	0
824_sub0	0	1	1	0	0	0	1	0
824_sub1	0	1	1	0	0	0	1	0
824_sub2	0	1	1	0	0	0	1	0
824_sub3	0	1	0	1	0	0	0	1
824_sub4	0	1	0	1	0	0	0	1
824_sub5	0	1	0	1	0	0	0	1
8244_sub0	0	3	1	2	0	0	1	2
8244_sub1	0	1	1	0	0	0	1	0
8244_sub2	0	1	0	1	0	0	0	1
8244_sub3	0	1	0	1	0	0	0	1
8244_sub4	0	1	1	0	0	0	1	0
8244_sub5	0	1	0	1	0	0	0	1
826_sub0	1	10	5	5	5	5	0	0
826_sub1	0	1	1	0	0	0	1	0
826_sub2	0	1	0	1	0	0	0	1
826_sub3	0	1	0	1	0	0	0	1
826_sub4	0	1	1	0	0	0	1	0
826_sub5	0	1	0	1	0	0	0	1
826_sub6	0	1	0	1	0	0	0	1
826_sub7	0	1	0	1	0	0	0	1
827_sub0	0	1	1	0	0	0	1	0
827_sub1	1	11	5	6	5	6	0	0
827_sub2	0	1	0	1	0	0	0	1
828_sub0	0	1	0	1	0	0	0	1
828_sub1	1	6	4	2	4	2	0	0
828_sub2	0	1	1	0	0	0	1	0
8282_sub0	0	4	2	2	0	0	2	2
8282_sub1	0	1	1	0	0	0	1	0
8282_sub2	0	1	0	1	0	0	0	1
8282_sub3	0	1	0	1	0	0	0	1
83_sub0	0	1	1	0	0	0	1	0
83_sub1	1	7	4	3	4	3	0	0
83_sub2	0	1	1	0	0	0	1	0
83_sub3	0	1	1	0	0	0	1	0
83_sub4	0	1	0	1	0	0	0	1
83_sub5	0	1	1	0	0	0	1	0
8308_sub0	0	5	3	2	0	0	3	2
8308_sub1	0	1	0	1	0	0	0	1
833_sub0	1	8	2	6	2	6	0	0
833_sub1	0	1	1	0	0	0	1	0
833_sub2	0	1	1	0	0	0	1	0
833_sub3	0	1	1	0	0	0	1	0
833_sub4	0	1	0	1	0	0	0	1
834_sub0	0	1	1	0	0	0	1	0
834_sub1	0	1	0	1	0	0	0	1
834_sub2	0	3	3	0	0	0	3	0
834_sub3	0	1	1	0	0	0	1	0
834_sub4	0	1	1	0	0	0	1	0
8353_sub0	0	5	1	4	0	0	1	4
8353_sub1	0	1	0	1	0	0	0	1
836_sub0	0	1	0	1	0	0	0	1
836_sub1	0	1	0	1	0	0	0	1
836_sub2	1	7	2	5	2	5	0	0
8379_sub0	0	4	1	3	0	0	1	3
8379_sub1	0	1	1	0	0	0	1	0
8379_sub2	0	1	0	1	0	0	0	1
8398_sub0	1	10	4	6	4	6	0	0
8398_sub1	0	1	1	0	0	0	1	0
84_sub0	0	1	1	0	0	0	1	0
84_sub1	1	6	3	3	3	3	0	0
841_sub0	1	10	6	4	6	4	0	0
841_sub1	0	1	0	1	0	0	0	1
841_sub2	0	1	1	0	0	0	1	0
8419_sub0	0	4	2	2	0	0	2	2
8419_sub1	0	1	0	1	0	0	0	1
8419_sub2	0	1	1	0	0	0	1	0
8422_sub0	0	1	0	1	0	0	0	1
8422_sub1	1	8	4	4	4	4	0	0
845_sub0	0	1	1	0	0	0	1	0
845_sub1	0	5	3	2	0	0	3	2
845_sub2	0	1	0	1	0	0	0	1
8455_sub0	0	1	1	0	0	0	1	0
8455_sub1	0	1	0	1	0	0	0	1
8455_sub2	0	1	1	0	0	0	1	0
8455_sub3	0	1	1	0	0	0	1	0
8455_sub4	0	1	1	0	0	0	1	0
8455_sub5	0	1	1	0	0	0	1	0
846_sub0	1	13	10	3	10	3	0	0
846_sub1	0	1	1	0	0	0	1	0
846_sub2	0	1	1	0	0	0	1	0
846_sub3	0	1	0	1	0	0	0	1
850_sub0	1	7	6	1	6	1	0	0
8502_sub0	0	1	1	0	0	0	1	0
8502_sub1	0	1	0	1	0	0	0	1
8502_sub2	0	1	0	1	0	0	0	1
8502_sub3	0	1	0	1	0	0	0	1
8502_sub4	0	1	0	1	0	0	0	1
8502_sub5	0	1	1	0	0	0	1	0
851_sub0	0	1	1	0	0	0	1	0
851_sub1	1	6	1	5	1	5	0	0
851_sub2	0	1	0	1	0	0	0	1
851_sub3	0	1	1	0	0	0	1	0
8523_sub0	1	6	1	5	1	5	0	0
8523_sub1	0	1	1	0	0	0	1	0
8523_sub2	0	1	0	1	0	0	0	1
8527_sub0	0	1	1	0	0	0	1	0
8527_sub1	0	1	0	1	0	0	0	1
8527_sub2	0	1	0	1	0	0	0	1
8527_sub3	0	2	1	1	0	0	1	1
8527_sub4	0	1	0	1	0	0	0	1
8534_sub0	1	6	4	2	4	2	0	0
8539_sub0	1	7	3	4	3	4	0	0
8539_sub1	0	1	0	1	0	0	0	1
8539_sub2	0	1	0	1	0	0	0	1
8539_sub3	0	1	1	0	0	0	1	0
855_sub0	1	7	5	2	5	2	0	0
855_sub1	0	1	1	0	0	0	1	0
855_sub2	0	1	0	1	0	0	0	1
855_sub3	0	1	0	1	0	0	0	1
855_sub4	0	1	0	1	0	0	0	1
855_sub5	0	1	0	1	0	0	0	1
855_sub6	0	1	1	0	0	0	1	0
855_sub7	0	1	0	1	0	0	0	1
855_sub8	0	1	1	0	0	0	1	0
855_sub9	0	1	1	0	0	0	1	0
8641_sub0	1	7	2	5	2	5	0	0
8641_sub1	0	1	1	0	0	0	1	0
8641_sub2	0	1	0	1	0	0	0	1
868_sub0	1	8	5	3	5	3	0	0
868_sub1	0	1	0	1	0	0	0	1
871_sub0	1	13	4	9	4	9	0	0
871_sub1	0	1	1	0	0	0	1	0
871_sub2	0	1	1	0	0	0	1	0
8729_sub0	0	1	1	0	0	0	1	0
8729_sub1	0	1	0	1	0	0	0	1
8729_sub2	0	1	1	0	0	0	1	0
8729_sub3	0	1	0	1	0	0	0	1
8729_sub4	0	1	1	0	0	0	1	0
8729_sub5	0	1	0	1	0	0	0	1
8732_sub0	0	1	0	1	0	0	0	1
8732_sub1	0	2	0	2	0	0	0	2
8732_sub2	0	4	3	1	0	0	3	1
875_sub0	0	5	2	3	0	0	2	3
875_sub1	0	1	0	1	0	0	0	1
875_sub2	0	1	0	1	0	0	0	1
877_sub0	0	1	0	1	0	0	0	1
877_sub1	1	9	6	3	6	3	0	0
877_sub2	0	1	1	0	0	0	1	0
878_sub0	1	10	4	6	4	6	0	0
878_sub1	0	1	1	0	0	0	1	0
878_sub2	0	1	1	0	0	0	1	0
8803_sub0	1	11	5	6	5	6	0	0
8803_sub1	0	1	0	1	0	0	0	1
883_sub0	1	6	4	2	4	2	0	0
883_sub1	0	1	0	1	0	0	0	1
883_sub2	0	1	1	0	0	0	1	0
8846_sub0	0	1	1	0	0	0	1	0
8846_sub1	1	12	8	4	8	4	0	0
8847_sub0	0	1	0	1	0	0	0	1
8847_sub1	0	1	1	0	0	0	1	0
8847_sub2	1	11	4	7	4	7	0	0
8847_sub3	0	1	0	1	0	0	0	1
8847_sub4	0	1	1	0	0	0	1	0
885_sub0	0	1	0	1	0	0	0	1
885_sub1	0	4	2	2	0	0	2	2
885_sub2	0	1	1	0	0	0	1	0
8881_sub0	1	6	4	2	4	2	0	0
8881_sub1	0	1	1	0	0	0	1	0
8881_sub2	0	1	0	1	0	0	0	1
8881_sub3	0	1	0	1	0	0	0	1
8896_sub0	1	7	2	5	2	5	0	0
8896_sub1	0	1	0	1	0	0	0	1
8896_sub2	0	1	0	1	0	0	0	1
890_sub0	0	1	0	1	0	0	0	1
890_sub1	0	1	1	0	0	0	1	0
890_sub2	1	8	3	5	3	5	0	0
8906_sub0	0	1	0	1	0	0	0	1
8906_sub1	0	1	1	0	0	0	1	0
8906_sub2	0	1	0	1	0	0	0	1
8906_sub3	0	1	0	1	0	0	0	1
8906_sub4	0	1	1	0	0	0	1	0
8906_sub5	0	1	1	0	0	0	1	0
8914_sub0	0	1	1	0	0	0	1	0
8914_sub1	0	1	0	1	0	0	0	1
8914_sub2	1	6	3	3	3	3	0	0
8946_sub0	1	8	5	3	5	3	0	0
897_sub0	0	1	0	1	0	0	0	1
897_sub1	1	7	4	3	4	3	0	0
8974_sub0	0	1	1	0	0	0	1	0
8974_sub1	1	8	4	4	4	4	0	0
899_sub0	0	3	2	1	0	0	2	1
899_sub1	0	1	0	1	0	0	0	1
899_sub2	0	1	1	0	0	0	1	0
899_sub3	0	1	0	1	0	0	0	1
9018_sub0	0	5	1	4	0	0	1	4
9018_sub1	0	1	0	1	0	0	0	1
9018_sub2	0	1	1	0	0	0	1	0
9018_sub3	0	1	0	1	0	0	0	1
902_sub0	1	6	3	3	3	3	0	0
902_sub1	0	1	1	0	0	0	1	0
902_sub2	0	1	0	1	0	0	0	1
9049_sub0	0	5	2	3	0	0	2	3
9049_sub1	0	1	0	1	0	0	0	1
905_sub0	0	4	0	4	0	0	0	4
905_sub1	0	1	1	0	0	0	1	0
905_sub2	0	1	1	0	0	0	1	0
905_sub3	0	1	0	1	0	0	0	1
9072_sub0	0	1	1	0	0	0	1	0
9072_sub1	1	9	3	6	3	6	0	0
908_sub0	1	10	3	7	3	7	0	0
9107_sub0	0	2	1	1	0	0	1	1
9107_sub1	0	1	1	0	0	0	1	0
9107_sub2	0	1	0	1	0	0	0	1
9107_sub3	0	1	1	0	0	0	1	0
9107_sub4	0	1	1	0	0	0	1	0
916_sub0	1	11	6	5	6	5	0	0
9174_sub0	0	1	0	1	0	0	0	1
9174_sub1	0	1	0	1	0	0	0	1
9174_sub2	0	1	1	0	0	0	1	0
9174_sub3	0	1	1	0	0	0	1	0
9174_sub4	0	1	0	1	0	0	0	1
9174_sub5	0	1	0	1	0	0	0	1
9174_sub6	0	1	1	0	0	0	1	0
9198_sub0	1	6	3	3	3	3	0	0
9198_sub1	0	1	1	0	0	0	1	0
9198_sub2	0	1	0	1	0	0	0	1
9203_sub0	0	5	3	2	0	0	3	2
9203_sub1	0	1	1	0	0	0	1	0
9203_sub2	0	1	0	1	0	0	0	1
9203_sub3	0	1	0	1	0	0	0	1
921_sub0	1	6	3	3	3	3	0	0
921_sub1	0	1	0	1	0	0	0	1
9227_sub0	0	5	1	4	0	0	1	4
9227_sub1	0	1	0	1	0	0	0	1
9227_sub2	0	1	0	1	0	0	0	1
923_sub0	1	8	4	4	4	4	0	0
923_sub1	0	1	0	1	0	0	0	1
923_sub2	0	1	0	1	0	0	0	1
929_sub0	0	1	1	0	0	0	1	0
929_sub1	1	6	2	4	2	4	0	0
9319_sub0	0	1	0	1	0	0	0	1
9319_sub1	0	4	1	3	0	0	1	3
9319_sub2	0	1	1	0	0	0	1	0
933_sub0	1	8	5	3	5	3	0	0
933_sub1	0	1	0	1	0	0	0	1
934_sub0	0	1	1	0	0	0	1	0
934_sub1	0	1	1	0	0	0	1	0
934_sub2	0	1	0	1	0	0	0	1
934_sub3	0	1	1	0	0	0	1	0
934_sub4	0	1	1	0	0	0	1	0
934_sub5	0	1	0	1	0	0	0	1
934_sub6	0	1	0	1	0	0	0	1
934_sub7	0	1	1	0	0	0	1	0
9360_sub0	0	1	0	1	0	0	0	1
9360_sub1	1	9	5	4	5	4	0	0
9360_sub2	0	1	0	1	0	0	0	1
9360_sub3	0	1	0	1	0	0	0	1
937_sub0	0	5	3	2	0	0	3	2
937_sub1	0	1	1	0	0	0	1	0
9376_sub0	1	6	4	2	4	2	0	0
9395_sub0	1	7	2	5	2	5	0	0
94_sub0	0	1	0	1	0	0	0	1
94_sub1	0	1	1	0	0	0	1	0
94_sub2	1	7	2	5	2	5	0	0
94_sub3	0	1	0	1	0	0	0	1
94_sub4	0	1	1	0	0	0	1	0
94_sub5	0	1	0	1	0	0	0	1
9416_sub0	0	1	1	0	0	0	1	0
9416_sub1	0	1	0	1	0	0	0	1
9416_sub2	0	2	0	2	0	0	0	2
9416_sub3	0	1	0	1	0	0	0	1
9416_sub4	0	1	0	1	0	0	0	1
942_sub0	0	1	0	1	0	0	0	1
942_sub1	0	1	0	1	0	0	0	1
942_sub2	0	1	0	1	0	0	0	1
942_sub3	0	1	1	0	0	0	1	0
942_sub4	0	1	0	1	0	0	0	1
942_sub5	0	1	0	1	0	0	0	1
9424_sub0	0	5	4	1	0	0	4	1
9424_sub1	0	1	1	0	0	0	1	0
9424_sub2	0	1	0	1	0	0	0	1
9424_sub3	0	1	1	0	0	0	1	0
9424_sub4	0	1	1	0	0	0	1	0
9424_sub5	0	1	0	1	0	0	0	1
9444_sub0	0	3	1	2	0	0	1	2
9444_sub1	0	1	0	1	0	0	0	1
9444_sub2	0	1	1	0	0	0	1	0
9444_sub3	0	1	0	1	0	0	0	1
9460_sub0	1	6	2	4	2	4	0	0
9460_sub1	0	1	1	0	0	0	1	0
9460_sub2	0	1	0	1	0	0	0	1
9489_sub0	0	5	3	2	0	0	3	2
9489_sub1	0	1	0	1	0	0	0	1
95_sub0	0	1	1	0	0	0	1	0
95_sub1	0	1	1	0	0	0	1	0
95_sub2	1	7	4	3	4	3	0	0
95_sub3	0	1	0	1	0	0	0	1
95_sub4	0	1	1	0	0	0	1	0
95_sub5	0	1	0	1	0	0	0	1
950_sub0	0	1	0	1	0	0	0	1
950_sub1	1	7	4	3	4	3	0	0
950_sub2	0	1	0	1	0	0	0	1
950_sub3	0	1	1	0	0	0	1	0
955_sub0	0	2	0	2	0	0	0	2
955_sub1	0	1	0	1	0	0	0	1
955_sub2	0	1	0	1	0	0	0	1
955_sub3	0	1	0	1	0	0	0	1
955_sub4	0	1	1	0	0	0	1	0
955_sub5	1	6	3	3	3	3	0	0
9558_sub0	1	6	3	3	3	3	0	0
9558_sub1	0	1	1	0	0	0	1	0
956_sub0	1	7	1	6	1	6	0	0
956_sub1	0	1	0	1	0	0	0	1
956_sub2	0	1	1	0	0	0	1	0
956_sub3	0	1	0	1	0	0	0	1
956_sub4	0	1	1	0	0	0	1	0
956_sub5	0	1	1	0	0	0	1	0
959_sub0	0	1	1	0	0	0	1	0
959_sub1	1	7	3	4	3	4	0	0
96_sub0	0	1	1	0	0	0	1	0
96_sub1	1	13	6	7	6	7	0	0
96_sub2	0	1	1	0	0	0	1	0
96_sub3	0	1	0	1	0	0	0	1
961_sub0	0	5	1	4	0	0	1	4
961_sub1	0	1	1	0	0	0	1	0
961_sub2	0	1	1	0	0	0	1	0
9610_sub0	0	4	3	1	0	0	3	1
9610_sub1	0	1	1	0	0	0	1	0
9610_sub2	0	1	1	0	0	0	1	0
9636_sub0	0	1	0	1	0	0	0	1
9636_sub1	0	5	4	1	0	0	4	1
9636_sub2	0	1	0	1	0	0	0	1
9667_sub0	0	1	1	0	0	0	1	0
9667_sub1	1	10	5	5	5	5	0	0
9671_sub0	1	6	4	2	4	2	0	0
9671_sub1	0	1	0	1	0	0	0	1
9681_sub0	0	1	0	1	0	0	0	1
9681_sub1	0	1	1	0	0	0	1	0
9681_sub2	1	7	3	4	3	4	0	0
9681_sub3	0	1	0	1	0	0	0	1
970_sub0	1	9	2	7	2	7	0	0
970_sub1	0	1	0	1	0	0	0	1
970_sub2	0	1	1	0	0	0	1	0
9706_sub0	1	6	5	1	5	1	0	0
971_sub0	1	13	5	8	5	8	0	0
971_sub1	0	1	1	0	0	0	1	0
971_sub2	0	1	1	0	0	0	1	0
971_sub3	0	1	1	0	0	0	1	0
971_sub4	0	1	1	0	0	0	1	0
971_sub5	0	1	1	0	0	0	1	0
9717_sub0	0	4	1	3	0	0	1	3
9717_sub1	0	1	1	0	0	0	1	0
9717_sub2	0	1	1	0	0	0	1	0
972_sub0	0	5	2	3	0	0	2	3
972_sub1	0	1	0	1	0	0	0	1
972_sub2	0	1	1	0	0	0	1	0
972_sub3	0	1	0	1	0	0	0	1
976_sub0	1	8	3	5	3	5	0	0
976_sub1	0	1	0	1	0	0	0	1
976_sub2	0	1	0	1	0	0	0	1
983_sub0	0	1	0	1	0	0	0	1
983_sub1	1	11	6	5	6	5	0	0
983_sub2	0	1	0	1	0	0	0	1
9837_sub0	0	1	0	1	0	0	0	1
9837_sub1	0	1	0	1	0	0	0	1
9837_sub2	0	2	0	2	0	0	0	2
9837_sub3	0	1	1	0	0	0	1	0
9837_sub4	0	1	1	0	0	0	1	0
9837_sub5	0	1	1	0	0	0	1	0
9865_sub0	0	1	0	1	0	0	0	1
9865_sub1	0	1	0	1	0	0	0	1
9865_sub2	0	1	0	1	0	0	0	1
9865_sub3	0	1	1	0	0	0	1	0
9865_sub4	0	1	0	1	0	0	0	1
9865_sub5	0	1	0	1	0	0	0	1
990_sub0	1	9	5	4	5	4	0	0
990_sub1	0	1	1	0	0	0	1	0
990_sub2	0	1	0	1	0	0	0	1
9907_sub0	1	11	7	4	7	4	0	0
9907_sub1	0	1	0	1	0	0	0	1
9907_sub2	0	1	0	1	0	0	0	1
9907_sub3	0	1	0	1	0	0	0	1
9911_sub0	1	6	2	4	2	4	0	0
9911_sub1	0	1	1	0	0	0	1	0
9911_sub2	0	1	0	1	0	0	0	1
993_sub0	1	7	3	4	3	4	0	0
993_sub1	0	1	1	0	0	0	1	0
993_sub2	0	1	1	0	0	0	1	0
993_sub3	0	1	0	1	0	0	0	1
995_sub0	0	1	0	1	0	0	0	1
995_sub1	0	1	0	1	0	0	0	1
995_sub2	0	1	1	0	0	0	1	0
995_sub3	0	1	0	1	0	0	0	1
995_sub4	0	1	0	1	0	0	0	1
995_sub5	0	1	0	1	0	0	0	1
995_sub6	0	1	0	1	0	0	0	1
9981_sub0	1	8	5	3	5	3	0	0
9981_sub1	0	1	1	0	0	0	1	0
9981_sub2	0	1	1	0	0	0	1	0
