cluster_id	cluster_written	reads_found	reads_found_fwd	reads_found_rev	reads_written_fwd	reads_written_rev	reads_skipped_fwd	reads_skipped_rev
100_sub0	0	1	1	0	0	0	1	0
100_sub1	0	3	3	0	0	0	3	0
100_sub2	0	1	0	1	0	0	0	1
100_sub3	0	1	1	0	0	0	1	0
100_sub4	0	1	0	1	0	0	0	1
100_sub5	0	1	1	0	0	0	1	0
1002_sub0	0	1	0	1	0	0	0	1
1002_sub1	0	1	0	1	0	0	0	1
1002_sub2	1	7	3	4	3	4	0	0
1002_sub3	0	1	0	1	0	0	0	1
1003_sub0	0	4	1	3	0	0	1	3
1003_sub1	0	1	0	1	0	0	0	1
1003_sub2	0	1	0	1	0	0	0	1
1003_sub3	0	1	0	1	0	0	0	1
1003_sub4	0	1	1	0	0	0	1	0
1003_sub5	0	1	1	0	0	0	1	0
1003_sub6	0	1	0	1	0	0	0	1
10035_sub0	0	1	0	1	0	0	0	1
10035_sub1	0	1	0	1	0	0	0	1
10035_sub2	0	1	1	0	0	0	1	0
10035_sub3	0	1	0	1	0	0	0	1
10035_sub4	0	1	0	1	0	0	0	1
10035_sub5	0	1	1	0	0	0	1	0
10041_sub0	0	1	0	1	0	0	0	1
10041_sub1	0	1	1	0	0	0	1	0
10041_sub2	0	4	1	3	0	0	1	3
10059_sub0	1	7	6	1	6	1	0	0
10059_sub1	0	1	1	0	0	0	1	0
10065_sub0	0	1	1	0	0	0	1	0
10065_sub1	0	1	0	1	0	0	0	1
10065_sub2	0	1	1	0	0	0	1	0
10065_sub3	0	1	1	0	0	0	1	0
10065_sub4	0	2	2	0	0	0	2	0
10065_sub5	0	1	1	0	0	0	1	0
1010_sub0	1	6	2	4	2	4	0	0
1014_sub0	1	14	7	7	7	7	0	0
1014_sub1	0	1	0	1	0	0	0	1
1014_sub2	0	1	1	0	0	0	1	0
102_sub0	1	7	4	3	4	3	0	0
102_sub1	0	1	1	0	0	0	1	0
102_sub2	0	1	0	1	0	0	0	1
102_sub3	0	1	1	0	0	0	1	0
10248_sub0	0	4	3	1	0	0	3	1
10248_sub1	0	1	1	0	0	0	1	0
10248_sub2	0	1	1	0	0	0	1	0
10248_sub3	0	1	1	0	0	0	1	0
10248_sub4	0	1	0	1	0	0	0	1
1025_sub0	1	9	5	4	5	4	0	0
1025_sub1	0	1	0	1	0	0	0	1
1025_sub2	0	1	0	1	0	0	0	1
1025_sub3	0	1	0	1	0	0	0	1
10270_sub0	0	1	0	1	0	0	0	1
10270_sub1	0	1	0	1	0	0	0	1
10270_sub2	0	5	5	0	0	0	5	0
10294_sub0	0	5	0	5	0	0	0	5
10294_sub1	0	1	1	0	0	0	1	0
10294_sub2	0	1	1	0	0	0	1	0
10295_sub0	1	6	5	1	5	1	0	0
10317_sub0	0	1	1	0	0	0	1	0
10317_sub1	0	1	1	0	0	0	1	0
10317_sub2	0	1	1	0	0	0	1	0
10317_sub3	0	1	1	0	0	0	1	0
10317_sub4	0	1	0	1	0	0	0	1
10317_sub5	0	1	0	1	0	0	0	1
10326_sub0	1	6	2	4	2	4	0	0
1034_sub0	0	1	0	1	0	0	0	1
1034_sub1	1	6	5	1	5	1	0	0
1034_sub2	0	1	0	1	0	0	0	1
1036_sub0	0	1	0	1	0	0	0	1
1036_sub1	0	1	0	1	0	0	0	1
1036_sub2	0	4	2	2	0	0	2	2
1036_sub3	0	1	0	1	0	0	0	1
10372_sub0	0	2	0	2	0	0	0	2
10372_sub1	0	1	1	0	0	0	1	0
10372_sub2	0	1	1	0	0	0	1	0
10372_sub3	0	1	0	1	0	0	0	1
10372_sub4	0	1	0	1	0	0	0	1
10397_sub0	1	10	3	7	3	7	0	0
10397_sub1	0	1	1	0	0	0	1	0
10423_sub0	0	1	1	0	0	0	1	0
10423_sub1	0	5	3	2	0	0	3	2
10447_sub0	0	4	2	2	0	0	2	2
10447_sub1	0	1	1	0	0	0	1	0
10447_sub2	0	1	0	1	0	0	0	1
10566_sub0	0	1	0	1	0	0	0	1
10566_sub1	0	1	1	0	0	0	1	0
10566_sub2	0	1	0	1	0	0	0	1
10566_sub3	0	4	1	3	0	0	1	3
10576_sub0	0	5	2	3	0	0	2	3
10576_sub1	0	1	0	1	0	0	0	1
1060_sub0	0	1	0	1	0	0	0	1
1060_sub1	0	5	2	3	0	0	2	3
1060_sub2	0	1	0	1	0	0	0	1
10632_sub0	0	1	0	1	0	0	0	1
10632_sub1	0	4	0	4	0	0	0	4
10632_sub2	0	1	0	1	0	0	0	1
10632_sub3	0	1	0	1	0	0	0	1
10638_sub0	1	8	3	5	3	5	0	0
10638_sub1	0	1	0	1	0	0	0	1
10638_sub2	0	1	0	1	0	0	0	1
1071_sub0	1	7	4	3	4	3	0	0
1071_sub1	0	1	0	1	0	0	0	1
1071_sub2	0	1	0	1	0	0	0	1
10726_sub0	1	6	5	1	5	1	0	0
10726_sub1	0	1	1	0	0	0	1	0
10742_sub0	0	1	0	1	0	0	0	1
10742_sub1	0	5	2	3	0	0	2	3
1075_sub0	0	4	0	4	0	0	0	4
1075_sub1	0	1	1	0	0	0	1	0
1075_sub2	0	1	1	0	0	0	1	0
1079_sub0	0	1	1	0	0	0	1	0
1079_sub1	0	4	0	4	0	0	0	4
1079_sub2	0	1	1	0	0	0	1	0
1079_sub3	0	1	0	1	0	0	0	1
1079_sub4	0	1	0	1	0	0	0	1
10820_sub0	0	4	1	3	0	0	1	3
10820_sub1	0	1	1	0	0	0	1	0
10820_sub2	0	1	0	1	0	0	0	1
1084_sub0	0	1	0	1	0	0	0	1
1084_sub1	0	5	3	2	0	0	3	2
1084_sub2	0	1	0	1	0	0	0	1
10894_sub0	0	1	1	0	0	0	1	0
10894_sub1	0	2	2	0	0	0	2	0
10894_sub2	0	1	0	1	0	0	0	1
10894_sub3	0	1	1	0	0	0	1	0
10894_sub4	0	1	1	0	0	0	1	0
10894_sub5	0	1	0	1	0	0	0	1
11_sub0	0	1	0	1	0	0	0	1
11_sub1	1	6	4	2	4	2	0	0
1101_sub0	0	5	0	5	0	0	0	5
1101_sub1	0	1	1	0	0	0	1	0
1106_sub0	0	1	0	1	0	0	0	1
1106_sub1	0	5	1	4	0	0	1	4
1106_sub2	0	1	0	1	0	0	0	1
1106_sub3	0	1	1	0	0	0	1	0
1106_sub4	0	1	1	0	0	0	1	0
1107_sub0	0	4	0	4	0	0	0	4
1107_sub1	0	1	0	1	0	0	0	1
1107_sub2	0	1	1	0	0	0	1	0
112_sub0	0	1	1	0	0	0	1	0
112_sub1	0	1	0	1	0	0	0	1
112_sub2	0	4	3	1	0	0	3	1
1123_sub0	1	6	3	3	3	3	0	0
1123_sub1	0	1	0	1	0	0	0	1
1123_sub2	0	1	0	1	0	0	0	1
1123_sub3	0	1	1	0	0	0	1	0
1123_sub4	0	1	0	1	0	0	0	1
1123_sub5	0	1	0	1	0	0	0	1
11256_sub0	0	5	2	3	0	0	2	3
11256_sub1	0	1	1	0	0	0	1	0
1128_sub0	0	5	3	2	0	0	3	2
1128_sub1	0	1	0	1	0	0	0	1
1128_sub2	0	1	0	1	0	0	0	1
1128_sub3	0	1	1	0	0	0	1	0
1128_sub4	0	1	1	0	0	0	1	0
1128_sub5	0	1	0	1	0	0	0	1
1128_sub6	0	1	1	0	0	0	1	0
11291_sub0	1	6	4	2	4	2	0	0
11291_sub1	0	1	0	1	0	0	0	1
1135_sub0	0	1	1	0	0	0	1	0
1135_sub1	1	7	5	2	5	2	0	0
11371_sub0	0	4	1	3	0	0	1	3
11371_sub1	0	2	2	0	0	0	2	0
11371_sub2	0	1	0	1	0	0	0	1
11382_sub0	1	6	1	5	1	5	0	0
11382_sub1	0	1	1	0	0	0	1	0
1143_sub0	0	5	4	1	0	0	4	1
1143_sub1	0	1	0	1	0	0	0	1
1144_sub0	0	1	0	1	0	0	0	1
1144_sub1	0	4	2	2	0	0	2	2
1144_sub2	0	1	1	0	0	0	1	0
1144_sub3	0	1	0	1	0	0	0	1
1146_sub0	0	5	3	2	0	0	3	2
1146_sub1	0	1	1	0	0	0	1	0
1146_sub2	0	1	0	1	0	0	0	1
11507_sub0	0	1	1	0	0	0	1	0
11507_sub1	0	4	3	1	0	0	3	1
11507_sub2	0	1	0	1	0	0	0	1
1151_sub0	0	5	1	4	0	0	1	4
1151_sub1	0	1	1	0	0	0	1	0
1151_sub2	0	1	1	0	0	0	1	0
1151_sub3	0	1	0	1	0	0	0	1
116_sub0	0	1	1	0	0	0	1	0
116_sub1	0	1	1	0	0	0	1	0
116_sub2	0	4	3	1	0	0	3	1
116_sub3	0	1	1	0	0	0	1	0
116_sub4	0	1	0	1	0	0	0	1
1170_sub0	1	6	2	4	2	4	0	0
1170_sub1	0	1	0	1	0	0	0	1
11733_sub0	1	6	3	3	3	3	0	0
1177_sub0	1	6	4	2	4	2	0	0
1177_sub1	0	1	1	0	0	0	1	0
1177_sub2	0	1	0	1	0	0	0	1
11780_sub0	0	4	1	3	0	0	1	3
11780_sub1	0	1	0	1	0	0	0	1
11780_sub2	0	1	1	0	0	0	1	0
11780_sub3	0	1	0	1	0	0	0	1
11790_sub0	0	1	0	1	0	0	0	1
11790_sub1	0	4	1	3	0	0	1	3
11790_sub2	0	1	0	1	0	0	0	1
1180_sub0	1	6	4	2	4	2	0	0
1180_sub1	0	1	1	0	0	0	1	0
1180_sub2	0	1	1	0	0	0	1	0
1180_sub3	0	1	0	1	0	0	0	1
1186_sub0	1	9	5	4	5	4	0	0
1186_sub1	0	1	0	1	0	0	0	1
11897_sub0	1	7	2	5	2	5	0	0
11897_sub1	0	1	0	1	0	0	0	1
11974_sub0	0	1	0	1	0	0	0	1
11974_sub1	0	1	0	1	0	0	0	1
11974_sub2	0	4	1	3	0	0	1	3
11982_sub0	0	4	2	2	0	0	2	2
11982_sub1	0	1	1	0	0	0	1	0
11982_sub2	0	1	0	1	0	0	0	1
11982_sub3	0	1	0	1	0	0	0	1
12044_sub0	0	1	0	1	0	0	0	1
12044_sub1	0	1	0	1	0	0	0	1
12044_sub2	1	11	6	5	6	5	0	0
12044_sub3	0	1	0	1	0	0	0	1
1211_sub0	0	5	2	3	0	0	2	3
1211_sub1	0	1	1	0	0	0	1	0
1211_sub2	0	1	0	1	0	0	0	1
1211_sub3	0	1	0	1	0	0	0	1
1215_sub0	1	8	4	4	4	4	0	0
1215_sub1	0	1	0	1	0	0	0	1
12178_sub0	0	5	4	1	0	0	4	1
12178_sub1	0	1	1	0	0	0	1	0
1218_sub0	0	1	1	0	0	0	1	0
1218_sub1	0	5	2	3	0	0	2	3
1218_sub2	0	1	0	1	0	0	0	1
1226_sub0	0	1	1	0	0	0	1	0
1226_sub1	0	4	1	3	0	0	1	3
1226_sub2	0	1	1	0	0	0	1	0
1230_sub0	0	1	0	1	0	0	0	1
1230_sub1	1	10	4	6	4	6	0	0
1230_sub2	0	1	0	1	0	0	0	1
1230_sub3	0	1	0	1	0	0	0	1
1231_sub0	0	1	0	1	0	0	0	1
1231_sub1	1	7	1	6	1	6	0	0
1231_sub2	0	1	0	1	0	0	0	1
12320_sub0	0	5	3	2	0	0	3	2
12320_sub1	0	1	0	1	0	0	0	1
12320_sub2	0	1	1	0	0	0	1	0
1237_sub0	0	2	0	2	0	0	0	2
1237_sub1	0	1	0	1	0	0	0	1
1237_sub2	0	1	1	0	0	0	1	0
1237_sub3	0	1	0	1	0	0	0	1
1237_sub4	0	1	1	0	0	0	1	0
1241_sub0	1	7	2	5	2	5	0	0
1241_sub1	0	1	1	0	0	0	1	0
1242_sub0	0	1	1	0	0	0	1	0
1242_sub1	0	4	2	2	0	0	2	2
1242_sub2	0	1	1	0	0	0	1	0
1242_sub3	0	1	0	1	0	0	0	1
1252_sub0	1	7	5	2	5	2	0	0
1252_sub1	0	1	1	0	0	0	1	0
1252_sub2	0	1	0	1	0	0	0	1
1252_sub3	0	1	0	1	0	0	0	1
1252_sub4	0	1	0	1	0	0	0	1
1252_sub5	0	1	1	0	0	0	1	0
1253_sub0	0	5	1	4	0	0	1	4
1253_sub1	0	1	0	1	0	0	0	1
1253_sub2	0	1	1	0	0	0	1	0
1253_sub3	0	1	0	1	0	0	0	1
1259_sub0	0	1	1	0	0	0	1	0
1259_sub1	0	5	2	3	0	0	2	3
1259_sub2	0	1	1	0	0	0	1	0
126_sub0	0	1	1	0	0	0	1	0
126_sub1	0	4	1	3	0	0	1	3
126_sub2	0	1	0	1	0	0	0	1
12609_sub0	0	4	3	1	0	0	3	1
12609_sub1	0	1	0	1	0	0	0	1
12609_sub2	0	1	1	0	0	0	1	0
12609_sub3	0	1	0	1	0	0	0	1
12630_sub0	0	1	0	1	0	0	0	1
12630_sub1	0	3	2	1	0	0	2	1
12630_sub2	0	1	1	0	0	0	1	0
12630_sub3	0	1	1	0	0	0	1	0
12642_sub0	0	4	2	2	0	0	2	2
12642_sub1	0	1	0	1	0	0	0	1
12642_sub2	0	1	1	0	0	0	1	0
1265_sub0	0	4	2	2	0	0	2	2
1265_sub1	0	1	0	1	0	0	0	1
1265_sub2	0	1	0	1	0	0	0	1
1265_sub3	0	1	0	1	0	0	0	1
1273_sub0	0	5	1	4	0	0	1	4
1273_sub1	0	1	1	0	0	0	1	0
1279_sub0	1	7	3	4	3	4	0	0
1279_sub1	0	1	1	0	0	0	1	0
1279_sub2	0	1	1	0	0	0	1	0
1279_sub3	0	1	0	1	0	0	0	1
1279_sub4	0	1	0	1	0	0	0	1
1283_sub0	1	7	3	4	3	4	0	0
1284_sub0	0	4	1	3	0	0	1	3
1284_sub1	0	1	0	1	0	0	0	1
1284_sub2	0	1	0	1	0	0	0	1
1284_sub3	0	1	1	0	0	0	1	0
12840_sub0	0	1	1	0	0	0	1	0
12840_sub1	1	6	5	1	5	1	0	0
12869_sub0	0	5	3	2	0	0	3	2
12869_sub1	0	1	1	0	0	0	1	0
12869_sub2	0	1	1	0	0	0	1	0
12869_sub3	0	1	0	1	0	0	0	1
1288_sub0	1	13	3	10	3	10	0	0
1288_sub1	0	1	0	1	0	0	0	1
1288_sub2	0	1	1	0	0	0	1	0
1288_sub3	0	1	1	0	0	0	1	0
1288_sub4	0	1	1	0	0	0	1	0
1288_sub5	0	1	0	1	0	0	0	1
1288_sub6	0	1	0	1	0	0	0	1
1288_sub7	0	2	1	1	0	0	1	1
1289_sub0	1	11	7	4	7	4	0	0
1289_sub1	0	1	0	1	0	0	0	1
1289_sub2	0	1	0	1	0	0	0	1
1289_sub3	0	1	1	0	0	0	1	0
1289_sub4	0	1	0	1	0	0	0	1
1291_sub0	0	1	1	0	0	0	1	0
1291_sub1	1	6	4	2	4	2	0	0
1291_sub2	0	1	0	1	0	0	0	1
12994_sub0	1	6	3	3	3	3	0	0
130_sub0	0	1	0	1	0	0	0	1
130_sub1	0	5	2	3	0	0	2	3
130_sub2	0	1	1	0	0	0	1	0
1309_sub0	1	7	3	4	3	4	0	0
1320_sub0	0	1	0	1	0	0	0	1
1320_sub1	0	2	0	2	0	0	0	2
1320_sub2	0	1	0	1	0	0	0	1
1320_sub3	0	1	1	0	0	0	1	0
1320_sub4	0	1	1	0	0	0	1	0
1324_sub0	0	1	0	1	0	0	0	1
1324_sub1	1	8	3	5	3	5	0	0
1329_sub0	0	1	1	0	0	0	1	0
1329_sub1	0	5	3	2	0	0	3	2
133_sub0	0	1	0	1	0	0	0	1
133_sub1	1	8	3	5	3	5	0	0
133_sub2	0	1	1	0	0	0	1	0
133_sub3	0	1	1	0	0	0	1	0
1331_sub0	1	6	0	6	0	6	0	0
1331_sub1	0	1	0	1	0	0	0	1
1331_sub2	0	1	0	1	0	0	0	1
1331_sub3	0	1	1	0	0	0	1	0
13396_sub0	0	5	3	2	0	0	3	2
13396_sub1	0	1	0	1	0	0	0	1
134_sub0	0	1	0	1	0	0	0	1
134_sub1	0	1	1	0	0	0	1	0
134_sub2	1	6	4	2	4	2	0	0
1344_sub0	0	1	0	1	0	0	0	1
1344_sub1	0	4	3	1	0	0	3	1
1344_sub2	0	1	0	1	0	0	0	1
1347_sub0	1	7	2	5	2	5	0	0
1347_sub1	0	1	1	0	0	0	1	0
1347_sub2	0	1	0	1	0	0	0	1
1347_sub3	0	1	1	0	0	0	1	0
1349_sub0	0	1	1	0	0	0	1	0
1349_sub1	0	1	0	1	0	0	0	1
1349_sub2	0	1	0	1	0	0	0	1
1349_sub3	0	1	1	0	0	0	1	0
1349_sub4	0	3	0	3	0	0	0	3
1352_sub0	1	7	3	4	3	4	0	0
1352_sub1	0	1	0	1	0	0	0	1
1352_sub2	0	1	0	1	0	0	0	1
13533_sub0	0	1	1	0	0	0	1	0
13533_sub1	0	4	1	3	0	0	1	3
13533_sub2	0	1	1	0	0	0	1	0
1354_sub0	1	9	5	4	5	4	0	0
1354_sub1	0	1	1	0	0	0	1	0
13590_sub0	0	5	1	4	0	0	1	4
13590_sub1	0	1	0	1	0	0	0	1
13659_sub0	0	5	4	1	0	0	4	1
13659_sub1	0	1	0	1	0	0	0	1
137_sub0	1	9	2	7	2	7	0	0
137_sub1	0	1	0	1	0	0	0	1
1376_sub0	0	5	1	4	0	0	1	4
1376_sub1	0	1	0	1	0	0	0	1
1377_sub0	0	1	0	1	0	0	0	1
1377_sub1	0	4	2	2	0	0	2	2
1377_sub2	0	1	0	1	0	0	0	1
1381_sub0	0	1	0	1	0	0	0	1
1381_sub1	0	3	1	2	0	0	1	2
1381_sub2	0	1	0	1	0	0	0	1
1381_sub3	0	1	0	1	0	0	0	1
1383_sub0	0	1	0	1	0	0	0	1
1383_sub1	0	3	2	1	0	0	2	1
1383_sub2	0	1	0	1	0	0	0	1
1383_sub3	0	1	1	0	0	0	1	0
1384_sub0	0	1	1	0	0	0	1	0
1384_sub1	0	4	0	4	0	0	0	4
1384_sub2	0	1	1	0	0	0	1	0
1386_sub0	1	8	2	6	2	6	0	0
1392_sub0	1	7	3	4	3	4	0	0
1392_sub1	0	1	0	1	0	0	0	1
13952_sub0	0	1	1	0	0	0	1	0
13952_sub1	1	6	3	3	3	3	0	0
14_sub0	0	1	1	0	0	0	1	0
14_sub1	0	4	2	2	0	0	2	2
14_sub2	0	1	0	1	0	0	0	1
14_sub3	0	1	1	0	0	0	1	0
14_sub4	0	1	0	1	0	0	0	1
14_sub5	0	1	1	0	0	0	1	0
14_sub6	0	1	0	1	0	0	0	1
14_sub7	0	1	1	0	0	0	1	0
1406_sub0	1	6	4	2	4	2	0	0
1406_sub1	0	1	1	0	0	0	1	0
1409_sub0	0	5	3	2	0	0	3	2
1409_sub1	0	1	0	1	0	0	0	1
1409_sub2	0	1	0	1	0	0	0	1
1417_sub0	0	4	2	2	0	0	2	2
1417_sub1	0	1	0	1	0	0	0	1
1417_sub2	0	1	1	0	0	0	1	0
1420_sub0	0	1	0	1	0	0	0	1
1420_sub1	0	5	4	1	0	0	4	1
1428_sub0	0	5	2	3	0	0	2	3
1428_sub1	0	1	0	1	0	0	0	1
1434_sub0	1	6	3	3	3	3	0	0
1434_sub1	0	1	1	0	0	0	1	0
1434_sub2	0	1	1	0	0	0	1	0
1434_sub3	0	1	1	0	0	0	1	0
1434_sub4	0	1	0	1	0	0	0	1
1439_sub0	1	12	6	6	6	6	0	0
1439_sub1	0	1	0	1	0	0	0	1
1439_sub2	0	1	0	1	0	0	0	1
145_sub0	0	1	0	1	0	0	0	1
145_sub1	0	1	0	1	0	0	0	1
145_sub2	0	1	0	1	0	0	0	1
145_sub3	0	1	1	0	0	0	1	0
145_sub4	0	1	1	0	0	0	1	0
145_sub5	0	1	0	1	0	0	0	1
1454_sub0	0	1	0	1	0	0	0	1
1454_sub1	1	6	3	3	3	3	0	0
1455_sub0	1	6	3	3	3	3	0	0
1455_sub1	0	1	0	1	0	0	0	1
1467_sub0	0	5	1	4	0	0	1	4
1467_sub1	0	1	0	1	0	0	0	1
1471_sub0	0	1	1	0	0	0	1	0
1471_sub1	0	4	3	1	0	0	3	1
1471_sub2	0	3	2	1	0	0	2	1
1471_sub3	0	1	0	1	0	0	0	1
1478_sub0	1	8	7	1	7	1	0	0
1478_sub1	0	1	1	0	0	0	1	0
1478_sub2	0	1	0	1	0	0	0	1
1478_sub3	0	1	0	1	0	0	0	1
1478_sub4	0	1	0	1	0	0	0	1
1478_sub5	0	1	1	0	0	0	1	0
148_sub0	0	1	0	1	0	0	0	1
148_sub1	1	6	2	4	2	4	0	0
148_sub2	0	1	1	0	0	0	1	0
1492_sub0	1	7	5	2	5	2	0	0
1492_sub1	0	1	1	0	0	0	1	0
1492_sub2	0	1	0	1	0	0	0	1
1493_sub0	0	1	1	0	0	0	1	0
1493_sub1	1	6	1	5	1	5	0	0
1500_sub0	1	6	1	5	1	5	0	0
1500_sub1	0	1	0	1	0	0	0	1
1500_sub2	0	1	0	1	0	0	0	1
1500_sub3	0	1	1	0	0	0	1	0
1523_sub0	1	6	2	4	2	4	0	0
1523_sub1	0	1	1	0	0	0	1	0
1523_sub2	0	1	0	1	0	0	0	1
1523_sub3	0	1	0	1	0	0	0	1
1523_sub4	0	1	0	1	0	0	0	1
1525_sub0	0	1	0	1	0	0	0	1
1525_sub1	0	4	1	3	0	0	1	3
1525_sub2	0	1	1	0	0	0	1	0
15260_sub0	0	5	2	3	0	0	2	3
15260_sub1	0	1	1	0	0	0	1	0
15273_sub0	1	6	1	5	1	5	0	0
1531_sub0	1	8	2	6	2	6	0	0
1531_sub1	0	1	1	0	0	0	1	0
1531_sub2	0	1	1	0	0	0	1	0
1532_sub0	0	1	0	1	0	0	0	1
1532_sub1	0	1	1	0	0	0	1	0
1532_sub2	1	7	4	3	4	3	0	0
15386_sub0	0	5	1	4	0	0	1	4
15386_sub1	0	1	1	0	0	0	1	0
1539_sub0	1	7	4	3	4	3	0	0
1539_sub1	0	1	0	1	0	0	0	1
1539_sub2	0	1	0	1	0	0	0	1
1554_sub0	1	6	1	5	1	5	0	0
1554_sub1	0	1	0	1	0	0	0	1
1554_sub2	0	1	1	0	0	0	1	0
1554_sub3	0	1	0	1	0	0	0	1
1555_sub0	0	5	3	2	0	0	3	2
1555_sub1	0	1	0	1	0	0	0	1
1558_sub0	0	1	0	1	0	0	0	1
1558_sub1	0	5	4	1	0	0	4	1
1561_sub0	0	1	0	1	0	0	0	1
1561_sub1	0	4	1	3	0	0	1	3
1561_sub2	0	1	0	1	0	0	0	1
1561_sub3	0	1	1	0	0	0	1	0
1561_sub4	0	1	0	1	0	0	0	1
1565_sub0	1	8	1	7	1	7	0	0
1565_sub1	0	1	1	0	0	0	1	0
1565_sub2	0	1	1	0	0	0	1	0
1565_sub3	0	1	0	1	0	0	0	1
157_sub0	0	1	0	1	0	0	0	1
157_sub1	1	6	4	2	4	2	0	0
1571_sub0	0	1	1	0	0	0	1	0
1571_sub1	0	1	0	1	0	0	0	1
1571_sub2	1	8	6	2	6	2	0	0
1571_sub3	0	1	1	0	0	0	1	0
1576_sub0	1	6	1	5	1	5	0	0
1576_sub1	0	1	0	1	0	0	0	1
1576_sub2	0	1	0	1	0	0	0	1
1576_sub3	0	1	1	0	0	0	1	0
1576_sub4	0	1	1	0	0	0	1	0
1577_sub0	0	1	0	1	0	0	0	1
1577_sub1	0	5	4	1	0	0	4	1
1582_sub0	0	1	1	0	0	0	1	0
1582_sub1	0	4	0	4	0	0	0	4
1582_sub2	0	1	0	1	0	0	0	1
1582_sub3	0	1	0	1	0	0	0	1
1585_sub0	0	4	3	1	0	0	3	1
1585_sub1	0	1	0	1	0	0	0	1
1585_sub2	0	1	0	1	0	0	0	1
15874_sub0	0	1	0	1	0	0	0	1
15874_sub1	0	1	1	0	0	0	1	0
15874_sub2	1	7	1	6	1	6	0	0
1595_sub0	0	1	0	1	0	0	0	1
1595_sub1	0	1	1	0	0	0	1	0
1595_sub2	0	1	0	1	0	0	0	1
1595_sub3	0	3	1	2	0	0	1	2
1598_sub0	0	1	1	0	0	0	1	0
1598_sub1	1	7	1	6	1	6	0	0
1598_sub2	0	1	1	0	0	0	1	0
1598_sub3	0	1	0	1	0	0	0	1
16_sub0	0	1	1	0	0	0	1	0
16_sub1	1	7	2	5	2	5	0	0
16_sub2	0	1	0	1	0	0	0	1
1606_sub0	0	1	1	0	0	0	1	0
1606_sub1	0	1	0	1	0	0	0	1
1606_sub2	0	3	2	1	0	0	2	1
1606_sub3	0	1	0	1	0	0	0	1
1609_sub0	0	1	0	1	0	0	0	1
1609_sub1	0	1	0	1	0	0	0	1
1609_sub2	0	3	3	0	0	0	3	0
1609_sub3	0	1	0	1	0	0	0	1
1609_sub4	0	2	2	0	0	0	2	0
162_sub0	0	1	0	1	0	0	0	1
162_sub1	0	3	1	2	0	0	1	2
162_sub2	0	1	1	0	0	0	1	0
162_sub3	0	1	1	0	0	0	1	0
162_sub4	0	1	0	1	0	0	0	1
162_sub5	0	1	0	1	0	0	0	1
162_sub6	0	1	0	1	0	0	0	1
1624_sub0	0	1	0	1	0	0	0	1
1624_sub1	0	4	3	1	0	0	3	1
1624_sub2	0	1	1	0	0	0	1	0
1624_sub3	0	1	1	0	0	0	1	0
163_sub0	0	1	1	0	0	0	1	0
163_sub1	0	5	4	1	0	0	4	1
1637_sub0	0	4	3	1	0	0	3	1
1637_sub1	0	1	0	1	0	0	0	1
1637_sub2	0	1	1	0	0	0	1	0
1637_sub3	0	1	1	0	0	0	1	0
1637_sub4	0	1	1	0	0	0	1	0
1637_sub5	0	1	1	0	0	0	1	0
1637_sub6	0	1	0	1	0	0	0	1
1637_sub7	0	1	1	0	0	0	1	0
1637_sub8	0	1	1	0	0	0	1	0
1637_sub9	0	1	1	0	0	0	1	0
1659_sub0	0	2	0	2	0	0	0	2
1659_sub1	0	1	0	1	0	0	0	1
1659_sub2	0	1	1	0	0	0	1	0
1659_sub3	0	1	1	0	0	0	1	0
1659_sub4	0	1	0	1	0	0	0	1
1659_sub5	0	1	0	1	0	0	0	1
1663_sub0	1	7	3	4	3	4	0	0
1663_sub1	0	1	1	0	0	0	1	0
1666_sub0	0	5	0	5	0	0	0	5
1666_sub1	0	1	1	0	0	0	1	0
1666_sub2	0	1	1	0	0	0	1	0
1669_sub0	0	1	0	1	0	0	0	1
1669_sub1	0	5	4	1	0	0	4	1
1669_sub2	0	1	0	1	0	0	0	1
167_sub0	0	1	0	1	0	0	0	1
167_sub1	0	4	3	1	0	0	3	1
167_sub2	0	1	1	0	0	0	1	0
168_sub0	0	1	0	1	0	0	0	1
168_sub1	0	5	4	1	0	0	4	1
168_sub2	0	1	0	1	0	0	0	1
1703_sub0	1	7	1	6	1	6	0	0
1710_sub0	0	4	0	4	0	0	0	4
1710_sub1	0	1	1	0	0	0	1	0
1710_sub2	0	1	0	1	0	0	0	1
1726_sub0	0	1	1	0	0	0	1	0
1726_sub1	0	1	1	0	0	0	1	0
1726_sub2	0	3	2	1	0	0	2	1
1726_sub3	0	1	0	1	0	0	0	1
1726_sub4	0	1	1	0	0	0	1	0
1727_sub0	1	7	3	4	3	4	0	0
1727_sub1	0	1	1	0	0	0	1	0
1730_sub0	0	1	1	0	0	0	1	0
1730_sub1	1	7	4	3	4	3	0	0
1730_sub2	0	1	0	1	0	0	0	1
1730_sub3	0	1	0	1	0	0	0	1
1736_sub0	0	4	2	2	0	0	2	2
1736_sub1	0	1	1	0	0	0	1	0
1736_sub2	0	1	0	1	0	0	0	1
1743_sub0	1	10	6	4	6	4	0	0
1743_sub1	0	1	0	1	0	0	0	1
1743_sub2	0	1	0	1	0	0	0	1
1746_sub0	0	1	0	1	0	0	0	1
1746_sub1	0	4	1	3	0	0	1	3
1746_sub2	0	1	0	1	0	0	0	1
1762_sub0	0	1	0	1	0	0	0	1
1762_sub1	0	1	0	1	0	0	0	1
1762_sub2	1	7	4	3	4	3	0	0
1768_sub0	1	7	5	2	5	2	0	0
1776_sub0	1	8	4	4	4	4	0	0
1776_sub1	0	1	0	1	0	0	0	1
1776_sub2	0	1	1	0	0	0	1	0
1776_sub3	0	1	1	0	0	0	1	0
178_sub0	0	1	0	1	0	0	0	1
178_sub1	1	7	2	5	2	5	0	0
178_sub2	0	1	1	0	0	0	1	0
178_sub3	0	1	1	0	0	0	1	0
1788_sub0	0	1	0	1	0	0	0	1
1788_sub1	0	5	4	1	0	0	4	1
1788_sub2	0	1	0	1	0	0	0	1
1790_sub0	0	1	0	1	0	0	0	1
1790_sub1	0	2	2	0	0	0	2	0
1790_sub2	0	1	1	0	0	0	1	0
1790_sub3	0	1	0	1	0	0	0	1
1790_sub4	0	1	1	0	0	0	1	0
1792_sub0	1	7	2	5	2	5	0	0
1792_sub1	0	1	0	1	0	0	0	1
1794_sub0	0	5	3	2	0	0	3	2
1794_sub1	0	1	0	1	0	0	0	1
1795_sub0	0	1	0	1	0	0	0	1
1795_sub1	0	1	1	0	0	0	1	0
1795_sub2	0	1	0	1	0	0	0	1
1795_sub3	0	1	0	1	0	0	0	1
1795_sub4	0	1	1	0	0	0	1	0
1795_sub5	0	1	0	1	0	0	0	1
1795_sub6	0	1	1	0	0	0	1	0
18_sub0	0	1	1	0	0	0	1	0
18_sub1	1	6	2	4	2	4	0	0
18_sub2	0	1	1	0	0	0	1	0
1819_sub0	0	1	1	0	0	0	1	0
1819_sub1	0	4	2	2	0	0	2	2
1819_sub2	0	1	0	1	0	0	0	1
1827_sub0	0	5	3	2	0	0	3	2
1827_sub1	0	1	0	1	0	0	0	1
1827_sub2	0	1	1	0	0	0	1	0
1827_sub3	0	1	1	0	0	0	1	0
1832_sub0	0	1	0	1	0	0	0	1
1832_sub1	1	8	6	2	6	2	0	0
1833_sub0	0	4	2	2	0	0	2	2
1833_sub1	0	1	0	1	0	0	0	1
1833_sub2	0	1	0	1	0	0	0	1
1839_sub0	0	1	0	1	0	0	0	1
1839_sub1	0	1	1	0	0	0	1	0
1839_sub2	0	4	3	1	0	0	3	1
1841_sub0	0	5	4	1	0	0	4	1
1841_sub1	0	1	0	1	0	0	0	1
1841_sub2	0	1	1	0	0	0	1	0
1845_sub0	0	2	0	2	0	0	0	2
1845_sub1	0	1	0	1	0	0	0	1
1845_sub2	0	1	0	1	0	0	0	1
1845_sub3	0	1	1	0	0	0	1	0
1845_sub4	0	1	0	1	0	0	0	1
1852_sub0	0	1	0	1	0	0	0	1
1852_sub1	0	1	1	0	0	0	1	0
1852_sub2	1	7	5	2	5	2	0	0
1852_sub3	0	1	0	1	0	0	0	1
1852_sub4	0	1	1	0	0	0	1	0
1857_sub0	1	12	6	6	6	6	0	0
1865_sub0	1	7	4	3	4	3	0	0
1865_sub1	0	1	1	0	0	0	1	0
1865_sub2	0	1	0	1	0	0	0	1
1865_sub3	0	1	1	0	0	0	1	0
1865_sub4	0	1	0	1	0	0	0	1
18656_sub0	0	1	0	1	0	0	0	1
18656_sub1	1	8	4	4	4	4	0	0
18683_sub0	1	9	4	5	4	5	0	0
18683_sub1	0	1	0	1	0	0	0	1
1873_sub0	0	1	1	0	0	0	1	0
1873_sub1	1	7	3	4	3	4	0	0
1878_sub0	1	6	4	2	4	2	0	0
1878_sub1	0	1	1	0	0	0	1	0
1878_sub2	0	1	1	0	0	0	1	0
1878_sub3	0	1	0	1	0	0	0	1
1880_sub0	0	5	4	1	0	0	4	1
1880_sub1	0	1	0	1	0	0	0	1
1880_sub2	0	1	0	1	0	0	0	1
1880_sub3	0	1	1	0	0	0	1	0
1880_sub4	0	1	0	1	0	0	0	1
1881_sub0	1	7	3	4	3	4	0	0
1881_sub1	0	1	1	0	0	0	1	0
1888_sub0	0	1	0	1	0	0	0	1
1888_sub1	0	1	1	0	0	0	1	0
1888_sub2	0	1	0	1	0	0	0	1
1888_sub3	0	1	0	1	0	0	0	1
1888_sub4	0	1	0	1	0	0	0	1
1888_sub5	0	1	0	1	0	0	0	1
1891_sub0	0	4	0	4	0	0	0	4
1891_sub1	0	1	0	1	0	0	0	1
1891_sub2	0	1	0	1	0	0	0	1
19_sub0	0	1	1	0	0	0	1	0
19_sub1	1	7	1	6	1	6	0	0
19_sub2	0	1	1	0	0	0	1	0
19_sub3	0	1	0	1	0	0	0	1
19_sub4	0	1	1	0	0	0	1	0
19_sub5	0	1	1	0	0	0	1	0
19_sub6	0	1	0	1	0	0	0	1
1902_sub0	1	6	1	5	1	5	0	0
1902_sub1	0	1	1	0	0	0	1	0
1902_sub2	0	1	0	1	0	0	0	1
1902_sub3	0	1	0	1	0	0	0	1
1906_sub0	1	7	6	1	6	1	0	0
1906_sub1	0	1	0	1	0	0	0	1
1907_sub0	0	1	0	1	0	0	0	1
1907_sub1	1	7	4	3	4	3	0	0
191_sub0	0	1	0	1	0	0	0	1
191_sub1	0	4	1	3	0	0	1	3
191_sub2	0	1	1	0	0	0	1	0
191_sub3	0	1	0	1	0	0	0	1
1934_sub0	1	6	4	2	4	2	0	0
1942_sub0	0	1	0	1	0	0	0	1
1942_sub1	0	1	1	0	0	0	1	0
1942_sub2	0	1	0	1	0	0	0	1
1942_sub3	0	1	0	1	0	0	0	1
1942_sub4	0	2	1	1	0	0	1	1
1945_sub0	1	7	2	5	2	5	0	0
1945_sub1	0	1	0	1	0	0	0	1
1945_sub2	0	1	1	0	0	0	1	0
1952_sub0	1	9	0	9	0	9	0	0
1952_sub1	0	1	0	1	0	0	0	1
1963_sub0	0	1	1	0	0	0	1	0
1963_sub1	1	7	3	4	3	4	0	0
19648_sub0	1	6	2	4	2	4	0	0
1970_sub0	0	1	1	0	0	0	1	0
1970_sub1	0	1	1	0	0	0	1	0
1970_sub2	0	1	1	0	0	0	1	0
1970_sub3	0	5	1	4	0	0	1	4
1970_sub4	0	1	1	0	0	0	1	0
1970_sub5	0	1	1	0	0	0	1	0
1973_sub0	1	6	5	1	5	1	0	0
1973_sub1	0	1	0	1	0	0	0	1
1976_sub0	0	1	0	1	0	0	0	1
1976_sub1	0	2	1	1	0	0	1	1
1976_sub2	0	1	0	1	0	0	0	1
1976_sub3	0	1	0	1	0	0	0	1
1976_sub4	0	1	0	1	0	0	0	1
1982_sub0	1	7	2	5	2	5	0	0
1982_sub1	0	1	0	1	0	0	0	1
1982_sub2	0	1	1	0	0	0	1	0
1982_sub3	0	1	1	0	0	0	1	0
1982_sub4	0	1	1	0	0	0	1	0
1986_sub0	0	3	0	3	0	0	0	3
1986_sub1	0	1	0	1	0	0	0	1
1986_sub2	0	1	1	0	0	0	1	0
1986_sub3	0	1	1	0	0	0	1	0
1986_sub4	0	1	0	1	0	0	0	1
1986_sub5	0	1	0	1	0	0	0	1
1995_sub0	0	3	2	1	0	0	2	1
1995_sub1	0	1	1	0	0	0	1	0
1995_sub2	0	1	1	0	0	0	1	0
1995_sub3	0	1	0	1	0	0	0	1
2_sub0	0	1	1	0	0	0	1	0
2_sub1	0	4	2	2	0	0	2	2
2_sub2	0	1	0	1	0	0	0	1
2005_sub0	1	8	2	6	2	6	0	0
2005_sub1	0	1	0	1	0	0	0	1
2006_sub0	0	4	2	2	0	0	2	2
2006_sub1	0	1	1	0	0	0	1	0
2006_sub2	0	1	1	0	0	0	1	0
2008_sub0	0	1	0	1	0	0	0	1
2008_sub1	0	4	3	1	0	0	3	1
2008_sub2	0	1	0	1	0	0	0	1
2008_sub3	0	1	0	1	0	0	0	1
2012_sub0	0	1	0	1	0	0	0	1
2012_sub1	0	2	0	2	0	0	0	2
2012_sub2	0	1	1	0	0	0	1	0
2012_sub3	0	1	0	1	0	0	0	1
2012_sub4	0	1	1	0	0	0	1	0
2018_sub0	0	1	1	0	0	0	1	0
2018_sub1	0	3	1	2	0	0	1	2
2018_sub2	0	1	1	0	0	0	1	0
2018_sub3	0	1	1	0	0	0	1	0
2027_sub0	1	7	5	2	5	2	0	0
2027_sub1	0	1	1	0	0	0	1	0
2028_sub0	0	3	2	1	0	0	2	1
2028_sub1	0	1	1	0	0	0	1	0
2028_sub2	0	1	1	0	0	0	1	0
2028_sub3	0	1	0	1	0	0	0	1
2034_sub0	1	8	3	5	3	5	0	0
2034_sub1	0	1	0	1	0	0	0	1
2034_sub2	0	1	0	1	0	0	0	1
2039_sub0	0	1	0	1	0	0	0	1
2039_sub1	0	1	0	1	0	0	0	1
2039_sub2	0	1	0	1	0	0	0	1
2039_sub3	0	1	1	0	0	0	1	0
2039_sub4	0	1	0	1	0	0	0	1
2039_sub5	0	1	1	0	0	0	1	0
206_sub0	0	1	0	1	0	0	0	1
206_sub1	0	1	1	0	0	0	1	0
206_sub2	0	4	1	3	0	0	1	3
2062_sub0	0	3	1	2	0	0	1	2
2062_sub1	0	1	0	1	0	0	0	1
2062_sub2	0	1	1	0	0	0	1	0
2062_sub3	0	1	0	1	0	0	0	1
2065_sub0	0	1	0	1	0	0	0	1
2065_sub1	0	1	1	0	0	0	1	0
2065_sub2	0	1	1	0	0	0	1	0
2065_sub3	0	1	1	0	0	0	1	0
2065_sub4	0	1	1	0	0	0	1	0
2065_sub5	0	1	1	0	0	0	1	0
2069_sub0	0	1	1	0	0	0	1	0
2069_sub1	0	5	3	2	0	0	3	2
208_sub0	0	1	0	1	0	0	0	1
208_sub1	0	1	1	0	0	0	1	0
208_sub2	0	4	1	3	0	0	1	3
2080_sub0	0	4	1	3	0	0	1	3
2080_sub1	0	1	1	0	0	0	1	0
2080_sub2	0	1	0	1	0	0	0	1
2081_sub0	1	9	4	5	4	5	0	0
2081_sub1	0	1	1	0	0	0	1	0
2085_sub0	0	1	0	1	0	0	0	1
2085_sub1	0	5	4	1	0	0	4	1
2085_sub2	0	1	0	1	0	0	0	1
2086_sub0	0	5	2	3	0	0	2	3
2086_sub1	0	1	0	1	0	0	0	1
2086_sub2	0	1	1	0	0	0	1	0
2086_sub3	0	1	0	1	0	0	0	1
2088_sub0	1	6	1	5	1	5	0	0
2088_sub1	0	1	1	0	0	0	1	0
2088_sub2	0	1	1	0	0	0	1	0
209_sub0	0	1	1	0	0	0	1	0
209_sub1	1	7	2	5	2	5	0	0
2098_sub0	0	1	0	1	0	0	0	1
2098_sub1	0	1	0	1	0	0	0	1
2098_sub2	0	2	1	1	0	0	1	1
2098_sub3	0	1	1	0	0	0	1	0
2098_sub4	0	1	1	0	0	0	1	0
2098_sub5	0	1	0	1	0	0	0	1
2100_sub0	0	1	0	1	0	0	0	1
2100_sub1	0	5	3	2	0	0	3	2
2101_sub0	0	1	1	0	0	0	1	0
2101_sub1	0	3	2	1	0	0	2	1
2101_sub2	0	1	1	0	0	0	1	0
2101_sub3	0	1	1	0	0	0	1	0
2118_sub0	1	6	2	4	2	4	0	0
2118_sub1	0	1	0	1	0	0	0	1
2118_sub2	0	1	1	0	0	0	1	0
2127_sub0	0	1	0	1	0	0	0	1
2127_sub1	1	6	5	1	5	1	0	0
2145_sub0	0	1	0	1	0	0	0	1
2145_sub1	0	1	1	0	0	0	1	0
2145_sub2	0	1	1	0	0	0	1	0
2145_sub3	0	1	0	1	0	0	0	1
2145_sub4	0	1	0	1	0	0	0	1
2145_sub5	0	1	1	0	0	0	1	0
2150_sub0	0	1	0	1	0	0	0	1
2150_sub1	1	6	5	1	5	1	0	0
2178_sub0	1	6	2	4	2	4	0	0
2178_sub1	0	1	0	1	0	0	0	1
2178_sub2	0	1	1	0	0	0	1	0
2178_sub3	0	1	1	0	0	0	1	0
2178_sub4	0	1	0	1	0	0	0	1
2188_sub0	1	6	5	1	5	1	0	0
2191_sub0	0	5	1	4	0	0	1	4
2191_sub1	0	1	1	0	0	0	1	0
2191_sub2	0	1	1	0	0	0	1	0
2197_sub0	0	3	1	2	0	0	1	2
2197_sub1	0	1	0	1	0	0	0	1
2197_sub2	0	1	1	0	0	0	1	0
2197_sub3	0	1	1	0	0	0	1	0
2199_sub0	0	4	1	3	0	0	1	3
2199_sub1	0	1	0	1	0	0	0	1
2199_sub2	0	1	0	1	0	0	0	1
221_sub0	0	1	0	1	0	0	0	1
221_sub1	0	4	3	1	0	0	3	1
221_sub2	0	1	0	1	0	0	0	1
2212_sub0	0	1	0	1	0	0	0	1
2212_sub1	0	5	1	4	0	0	1	4
2215_sub0	1	7	3	4	3	4	0	0
2222_sub0	0	1	0	1	0	0	0	1
2222_sub1	1	8	4	4	4	4	0	0
2224_sub0	0	1	0	1	0	0	0	1
2224_sub1	1	8	4	4	4	4	0	0
2233_sub0	0	1	0	1	0	0	0	1
2233_sub1	0	1	0	1	0	0	0	1
2233_sub2	0	1	1	0	0	0	1	0
2233_sub3	1	8	3	5	3	5	0	0
2233_sub4	0	1	0	1	0	0	0	1
2233_sub5	0	1	0	1	0	0	0	1
2239_sub0	1	6	4	2	4	2	0	0
2239_sub1	0	1	0	1	0	0	0	1
2239_sub2	0	1	0	1	0	0	0	1
2240_sub0	0	5	1	4	0	0	1	4
2240_sub1	0	1	1	0	0	0	1	0
2243_sub0	1	6	4	2	4	2	0	0
2243_sub1	0	1	0	1	0	0	0	1
2243_sub2	0	1	1	0	0	0	1	0
225_sub0	0	1	1	0	0	0	1	0
225_sub1	1	6	2	4	2	4	0	0
225_sub2	0	1	0	1	0	0	0	1
225_sub3	0	1	1	0	0	0	1	0
225_sub4	0	1	0	1	0	0	0	1
225_sub5	0	1	0	1	0	0	0	1
2252_sub0	1	6	2	4	2	4	0	0
2252_sub1	0	1	0	1	0	0	0	1
2252_sub2	0	1	0	1	0	0	0	1
2253_sub0	0	1	0	1	0	0	0	1
2253_sub1	1	6	5	1	5	1	0	0
2253_sub2	0	1	0	1	0	0	0	1
2267_sub0	0	1	1	0	0	0	1	0
2267_sub1	0	5	5	0	0	0	5	0
2267_sub2	0	1	0	1	0	0	0	1
2267_sub3	0	1	0	1	0	0	0	1
2275_sub0	0	5	2	3	0	0	2	3
2275_sub1	0	1	1	0	0	0	1	0
2275_sub2	0	1	0	1	0	0	0	1
2279_sub0	0	1	0	1	0	0	0	1
2279_sub1	0	5	2	3	0	0	2	3
2279_sub2	0	1	1	0	0	0	1	0
2279_sub3	0	1	1	0	0	0	1	0
2282_sub0	0	5	2	3	0	0	2	3
2282_sub1	0	1	1	0	0	0	1	0
2283_sub0	0	1	1	0	0	0	1	0
2283_sub1	1	8	2	6	2	6	0	0
2286_sub0	0	1	0	1	0	0	0	1
2286_sub1	1	6	4	2	4	2	0	0
2286_sub2	0	1	0	1	0	0	0	1
2293_sub0	0	1	1	0	0	0	1	0
2293_sub1	1	6	2	4	2	4	0	0
2293_sub2	0	1	1	0	0	0	1	0
2301_sub0	0	5	0	5	0	0	0	5
2301_sub1	0	1	1	0	0	0	1	0
2311_sub0	0	1	0	1	0	0	0	1
2311_sub1	0	5	3	2	0	0	3	2
2315_sub0	0	5	2	3	0	0	2	3
2315_sub1	0	1	0	1	0	0	0	1
2318_sub0	0	1	1	0	0	0	1	0
2318_sub1	1	6	3	3	3	3	0	0
232_sub0	0	1	0	1	0	0	0	1
232_sub1	1	6	3	3	3	3	0	0
2321_sub0	0	1	1	0	0	0	1	0
2321_sub1	0	1	1	0	0	0	1	0
2321_sub2	0	4	3	1	0	0	3	1
2340_sub0	0	5	2	3	0	0	2	3
2340_sub1	0	1	1	0	0	0	1	0
2341_sub0	0	1	0	1	0	0	0	1
2341_sub1	1	10	7	3	7	3	0	0
2348_sub0	0	5	2	3	0	0	2	3
2348_sub1	0	1	1	0	0	0	1	0
2348_sub2	0	1	0	1	0	0	0	1
2350_sub0	0	5	2	3	0	0	2	3
2350_sub1	0	1	1	0	0	0	1	0
2351_sub0	1	6	3	3	3	3	0	0
2351_sub1	0	1	1	0	0	0	1	0
2354_sub0	1	7	4	3	4	3	0	0
2354_sub1	0	1	1	0	0	0	1	0
236_sub0	0	1	1	0	0	0	1	0
236_sub1	0	5	2	3	0	0	2	3
2360_sub0	0	1	0	1	0	0	0	1
2360_sub1	0	1	0	1	0	0	0	1
2360_sub2	0	1	1	0	0	0	1	0
2360_sub3	1	6	3	3	3	3	0	0
2362_sub0	0	4	2	2	0	0	2	2
2362_sub1	0	1	0	1	0	0	0	1
2362_sub2	0	1	1	0	0	0	1	0
2362_sub3	0	1	0	1	0	0	0	1
2364_sub0	0	1	0	1	0	0	0	1
2364_sub1	0	5	2	3	0	0	2	3
2365_sub0	1	6	2	4	2	4	0	0
2383_sub0	1	7	3	4	3	4	0	0
2386_sub0	0	4	2	2	0	0	2	2
2386_sub1	0	1	1	0	0	0	1	0
2386_sub2	0	1	0	1	0	0	0	1
2386_sub3	0	1	0	1	0	0	0	1
2388_sub0	0	1	0	1	0	0	0	1
2388_sub1	1	7	3	4	3	4	0	0
2388_sub2	0	1	0	1	0	0	0	1
2398_sub0	0	1	1	0	0	0	1	0
2398_sub1	0	1	1	0	0	0	1	0
2398_sub2	0	4	1	3	0	0	1	3
2398_sub3	0	1	1	0	0	0	1	0
2399_sub0	0	1	0	1	0	0	0	1
2399_sub1	1	6	2	4	2	4	0	0
2399_sub2	0	1	1	0	0	0	1	0
2399_sub3	0	1	1	0	0	0	1	0
2406_sub0	1	6	4	2	4	2	0	0
2406_sub1	0	1	1	0	0	0	1	0
2417_sub0	0	3	2	1	0	0	2	1
2417_sub1	0	1	0	1	0	0	0	1
2417_sub2	0	1	0	1	0	0	0	1
2417_sub3	0	1	1	0	0	0	1	0
2423_sub0	1	6	2	4	2	4	0	0
2428_sub0	1	9	4	5	4	5	0	0
2428_sub1	0	1	0	1	0	0	0	1
2430_sub0	0	4	2	2	0	0	2	2
2430_sub1	0	1	0	1	0	0	0	1
2430_sub2	0	1	1	0	0	0	1	0
2434_sub0	0	1	0	1	0	0	0	1
2434_sub1	1	7	1	6	1	6	0	0
2461_sub0	1	9	4	5	4	5	0	0
247_sub0	0	1	1	0	0	0	1	0
247_sub1	0	5	2	3	0	0	2	3
247_sub2	0	1	0	1	0	0	0	1
2472_sub0	0	1	0	1	0	0	0	1
2472_sub1	0	5	4	1	0	0	4	1
2478_sub0	1	6	4	2	4	2	0	0
248_sub0	0	1	0	1	0	0	0	1
248_sub1	0	4	1	3	0	0	1	3
248_sub2	0	1	0	1	0	0	0	1
2482_sub0	0	1	1	0	0	0	1	0
2482_sub1	0	3	2	1	0	0	2	1
2482_sub2	0	1	0	1	0	0	0	1
2482_sub3	0	1	0	1	0	0	0	1
2493_sub0	0	5	4	1	0	0	4	1
2493_sub1	0	1	1	0	0	0	1	0
2493_sub2	0	1	1	0	0	0	1	0
2495_sub0	1	7	2	5	2	5	0	0
25_sub0	0	1	1	0	0	0	1	0
25_sub1	0	4	1	3	0	0	1	3
25_sub2	0	1	0	1	0	0	0	1
2509_sub0	1	8	3	5	3	5	0	0
2509_sub1	0	1	0	1	0	0	0	1
2509_sub2	0	1	0	1	0	0	0	1
2509_sub3	0	1	0	1	0	0	0	1
2512_sub0	1	6	1	5	1	5	0	0
2512_sub1	0	1	1	0	0	0	1	0
2521_sub0	0	1	1	0	0	0	1	0
2521_sub1	1	7	5	2	5	2	0	0
2521_sub2	0	1	0	1	0	0	0	1
2521_sub3	0	1	0	1	0	0	0	1
2521_sub4	0	1	1	0	0	0	1	0
2525_sub0	0	3	1	2	0	0	1	2
2525_sub1	0	1	1	0	0	0	1	0
2525_sub2	0	1	0	1	0	0	0	1
2525_sub3	0	1	1	0	0	0	1	0
2533_sub0	0	1	1	0	0	0	1	0
2533_sub1	0	5	2	3	0	0	2	3
2536_sub0	1	8	1	7	1	7	0	0
2536_sub1	0	1	0	1	0	0	0	1
2536_sub2	0	1	1	0	0	0	1	0
2536_sub3	0	1	1	0	0	0	1	0
2536_sub4	0	2	1	1	0	0	1	1
2545_sub0	1	11	5	6	5	6	0	0
255_sub0	0	1	1	0	0	0	1	0
255_sub1	0	4	2	2	0	0	2	2
255_sub2	0	1	0	1	0	0	0	1
2550_sub0	0	4	3	1	0	0	3	1
2550_sub1	0	1	1	0	0	0	1	0
2550_sub2	0	1	1	0	0	0	1	0
2563_sub0	1	8	5	3	5	3	0	0
2563_sub1	0	1	0	1	0	0	0	1
2563_sub2	0	1	0	1	0	0	0	1
2563_sub3	0	1	1	0	0	0	1	0
2563_sub4	0	1	0	1	0	0	0	1
2571_sub0	1	7	1	6	1	6	0	0
2571_sub1	0	1	1	0	0	0	1	0
2573_sub0	0	1	0	1	0	0	0	1
2573_sub1	0	5	2	3	0	0	2	3
2573_sub2	0	2	2	0	0	0	2	0
2580_sub0	0	5	3	2	0	0	3	2
2580_sub1	0	1	0	1	0	0	0	1
2595_sub0	0	5	2	3	0	0	2	3
2595_sub1	0	1	1	0	0	0	1	0
2595_sub2	0	1	0	1	0	0	0	1
2598_sub0	0	1	1	0	0	0	1	0
2598_sub1	0	5	3	2	0	0	3	2
2614_sub0	0	1	0	1	0	0	0	1
2614_sub1	0	5	0	5	0	0	0	5
2623_sub0	1	6	3	3	3	3	0	0
2623_sub1	0	1	1	0	0	0	1	0
2623_sub2	0	1	1	0	0	0	1	0
2636_sub0	1	8	4	4	4	4	0	0
2636_sub1	0	1	0	1	0	0	0	1
2636_sub2	0	1	1	0	0	0	1	0
2637_sub0	0	1	0	1	0	0	0	1
2637_sub1	1	8	4	4	4	4	0	0
2637_sub2	0	1	0	1	0	0	0	1
264_sub0	0	1	1	0	0	0	1	0
264_sub1	1	7	2	5	2	5	0	0
2643_sub0	1	7	3	4	3	4	0	0
2643_sub1	0	1	0	1	0	0	0	1
2651_sub0	0	1	0	1	0	0	0	1
2651_sub1	0	5	3	2	0	0	3	2
2657_sub0	1	6	2	4	2	4	0	0
2657_sub1	0	1	1	0	0	0	1	0
2657_sub2	0	1	0	1	0	0	0	1
266_sub0	0	1	1	0	0	0	1	0
266_sub1	0	4	0	4	0	0	0	4
266_sub2	0	1	1	0	0	0	1	0
266_sub3	0	1	0	1	0	0	0	1
266_sub4	0	1	1	0	0	0	1	0
2661_sub0	0	5	3	2	0	0	3	2
2661_sub1	0	1	1	0	0	0	1	0
2661_sub2	0	1	0	1	0	0	0	1
2672_sub0	1	7	3	4	3	4	0	0
2672_sub1	0	1	1	0	0	0	1	0
27_sub0	0	1	1	0	0	0	1	0
27_sub1	0	4	3	1	0	0	3	1
27_sub2	0	1	1	0	0	0	1	0
27_sub3	0	1	0	1	0	0	0	1
2700_sub0	0	1	1	0	0	0	1	0
2700_sub1	0	1	0	1	0	0	0	1
2700_sub2	0	1	1	0	0	0	1	0
2700_sub3	0	5	3	2	0	0	3	2
2700_sub4	0	1	1	0	0	0	1	0
2703_sub0	1	7	2	5	2	5	0	0
2703_sub1	0	1	1	0	0	0	1	0
2703_sub2	0	1	1	0	0	0	1	0
2703_sub3	0	1	0	1	0	0	0	1
2704_sub0	0	1	1	0	0	0	1	0
2704_sub1	0	5	2	3	0	0	2	3
2704_sub2	0	1	0	1	0	0	0	1
2705_sub0	0	1	0	1	0	0	0	1
2705_sub1	0	1	1	0	0	0	1	0
2705_sub2	0	1	1	0	0	0	1	0
2705_sub3	0	3	2	1	0	0	2	1
2712_sub0	0	1	0	1	0	0	0	1
2712_sub1	0	5	2	3	0	0	2	3
2712_sub2	0	1	0	1	0	0	0	1
2723_sub0	1	6	2	4	2	4	0	0
2723_sub1	0	1	1	0	0	0	1	0
2723_sub2	0	1	0	1	0	0	0	1
2727_sub0	0	5	1	4	0	0	1	4
2727_sub1	0	1	0	1	0	0	0	1
2727_sub2	0	1	1	0	0	0	1	0
2727_sub3	0	1	0	1	0	0	0	1
2739_sub0	0	4	1	3	0	0	1	3
2739_sub1	0	1	0	1	0	0	0	1
2739_sub2	0	1	1	0	0	0	1	0
2745_sub0	0	4	1	3	0	0	1	3
2745_sub1	0	1	0	1	0	0	0	1
2745_sub2	0	1	1	0	0	0	1	0
2762_sub0	1	7	3	4	3	4	0	0
2762_sub1	0	1	0	1	0	0	0	1
2762_sub2	0	1	1	0	0	0	1	0
2766_sub0	1	11	5	6	5	6	0	0
2766_sub1	0	1	1	0	0	0	1	0
2766_sub2	0	1	0	1	0	0	0	1
2766_sub3	0	1	1	0	0	0	1	0
2768_sub0	0	5	2	3	0	0	2	3
2768_sub1	0	1	1	0	0	0	1	0
2768_sub2	0	1	1	0	0	0	1	0
2768_sub3	0	1	1	0	0	0	1	0
2771_sub0	1	7	5	2	5	2	0	0
2771_sub1	0	1	1	0	0	0	1	0
2771_sub2	0	1	0	1	0	0	0	1
2771_sub3	0	1	1	0	0	0	1	0
2782_sub0	0	3	1	2	0	0	1	2
2782_sub1	0	1	0	1	0	0	0	1
2782_sub2	0	1	1	0	0	0	1	0
2782_sub3	0	1	1	0	0	0	1	0
2784_sub0	0	4	3	1	0	0	3	1
2784_sub1	0	1	0	1	0	0	0	1
2784_sub2	0	1	1	0	0	0	1	0
2784_sub3	0	1	1	0	0	0	1	0
2784_sub4	0	1	0	1	0	0	0	1
2787_sub0	1	9	4	5	4	5	0	0
2787_sub1	0	1	0	1	0	0	0	1
2787_sub2	0	1	0	1	0	0	0	1
2787_sub3	0	1	0	1	0	0	0	1
2791_sub0	1	6	3	3	3	3	0	0
2791_sub1	0	1	1	0	0	0	1	0
2791_sub2	0	1	1	0	0	0	1	0
2791_sub3	0	1	1	0	0	0	1	0
2793_sub0	0	1	1	0	0	0	1	0
2793_sub1	1	8	5	3	5	3	0	0
2797_sub0	0	1	0	1	0	0	0	1
2797_sub1	0	1	0	1	0	0	0	1
2797_sub2	0	1	0	1	0	0	0	1
2797_sub3	0	1	1	0	0	0	1	0
2797_sub4	0	1	1	0	0	0	1	0
2797_sub5	0	1	1	0	0	0	1	0
2797_sub6	0	1	1	0	0	0	1	0
2797_sub7	0	1	0	1	0	0	0	1
28_sub0	0	1	1	0	0	0	1	0
28_sub1	0	5	3	2	0	0	3	2
28_sub2	0	1	1	0	0	0	1	0
28_sub3	0	1	1	0	0	0	1	0
2801_sub0	0	5	1	4	0	0	1	4
2801_sub1	0	1	0	1	0	0	0	1
2801_sub2	0	1	1	0	0	0	1	0
2801_sub3	0	1	0	1	0	0	0	1
2803_sub0	0	4	3	1	0	0	3	1
2803_sub1	0	1	1	0	0	0	1	0
2803_sub2	0	1	0	1	0	0	0	1
2814_sub0	1	9	3	6	3	6	0	0
2814_sub1	0	1	1	0	0	0	1	0
2814_sub2	0	1	0	1	0	0	0	1
2814_sub3	0	1	1	0	0	0	1	0
282_sub0	0	1	1	0	0	0	1	0
282_sub1	1	7	3	4	3	4	0	0
282_sub2	0	1	1	0	0	0	1	0
282_sub3	0	1	0	1	0	0	0	1
2820_sub0	1	9	6	3	6	3	0	0
2820_sub1	0	1	1	0	0	0	1	0
2820_sub2	0	1	0	1	0	0	0	1
2829_sub0	0	5	2	3	0	0	2	3
2829_sub1	0	1	0	1	0	0	0	1
2829_sub2	0	1	0	1	0	0	0	1
2829_sub3	0	1	1	0	0	0	1	0
2829_sub4	0	1	0	1	0	0	0	1
2829_sub5	0	1	1	0	0	0	1	0
2829_sub6	0	1	0	1	0	0	0	1
2836_sub0	0	1	1	0	0	0	1	0
2836_sub1	0	1	0	1	0	0	0	1
2836_sub2	0	4	1	3	0	0	1	3
2836_sub3	0	1	1	0	0	0	1	0
2836_sub4	1	6	3	3	3	3	0	0
2839_sub0	0	1	1	0	0	0	1	0
2839_sub1	0	1	0	1	0	0	0	1
2839_sub2	0	1	0	1	0	0	0	1
2839_sub3	0	1	0	1	0	0	0	1
2839_sub4	0	1	1	0	0	0	1	0
2839_sub5	0	1	1	0	0	0	1	0
2841_sub0	0	1	0	1	0	0	0	1
2841_sub1	1	6	1	5	1	5	0	0
2841_sub2	0	1	0	1	0	0	0	1
2841_sub3	0	1	0	1	0	0	0	1
2842_sub0	0	1	1	0	0	0	1	0
2842_sub1	0	4	3	1	0	0	3	1
2842_sub2	0	1	1	0	0	0	1	0
2843_sub0	0	1	0	1	0	0	0	1
2843_sub1	1	6	4	2	4	2	0	0
2843_sub2	0	1	1	0	0	0	1	0
2847_sub0	1	6	4	2	4	2	0	0
2847_sub1	0	1	0	1	0	0	0	1
2847_sub2	0	1	1	0	0	0	1	0
2847_sub3	0	1	1	0	0	0	1	0
2847_sub4	0	1	0	1	0	0	0	1
2851_sub0	1	6	2	4	2	4	0	0
2851_sub1	0	1	0	1	0	0	0	1
2866_sub0	0	1	0	1	0	0	0	1
2866_sub1	1	6	1	5	1	5	0	0
2866_sub2	0	1	0	1	0	0	0	1
2866_sub3	0	1	0	1	0	0	0	1
2868_sub0	1	6	5	1	5	1	0	0
287_sub0	0	1	0	1	0	0	0	1
287_sub1	1	6	5	1	5	1	0	0
287_sub2	0	1	0	1	0	0	0	1
287_sub3	0	1	0	1	0	0	0	1
287_sub4	0	1	1	0	0	0	1	0
287_sub5	0	1	0	1	0	0	0	1
2886_sub0	0	1	1	0	0	0	1	0
2886_sub1	0	1	1	0	0	0	1	0
2886_sub2	0	1	0	1	0	0	0	1
2886_sub3	0	1	1	0	0	0	1	0
2886_sub4	0	1	1	0	0	0	1	0
2886_sub5	0	1	1	0	0	0	1	0
2886_sub6	0	1	1	0	0	0	1	0
2886_sub7	0	1	0	1	0	0	0	1
2889_sub0	0	1	1	0	0	0	1	0
2889_sub1	0	4	3	1	0	0	3	1
2889_sub2	0	1	0	1	0	0	0	1
2889_sub3	0	1	0	1	0	0	0	1
2890_sub0	0	4	1	3	0	0	1	3
2890_sub1	0	1	1	0	0	0	1	0
2890_sub2	0	1	1	0	0	0	1	0
2890_sub3	0	1	1	0	0	0	1	0
2899_sub0	0	5	2	3	0	0	2	3
2899_sub1	0	1	0	1	0	0	0	1
2901_sub0	0	5	2	3	0	0	2	3
2901_sub1	0	1	0	1	0	0	0	1
2906_sub0	0	1	0	1	0	0	0	1
2906_sub1	0	4	4	0	0	0	4	0
2906_sub2	0	1	1	0	0	0	1	0
2906_sub3	0	1	0	1	0	0	0	1
2906_sub4	0	1	0	1	0	0	0	1
2906_sub5	0	1	1	0	0	0	1	0
2906_sub6	0	1	0	1	0	0	0	1
2915_sub0	0	2	1	1	0	0	1	1
2915_sub1	0	1	0	1	0	0	0	1
2915_sub2	0	1	1	0	0	0	1	0
2915_sub3	0	1	0	1	0	0	0	1
2915_sub4	0	1	1	0	0	0	1	0
2915_sub5	0	1	1	0	0	0	1	0
2929_sub0	0	1	0	1	0	0	0	1
2929_sub1	0	4	2	2	0	0	2	2
2929_sub2	0	1	1	0	0	0	1	0
2929_sub3	0	1	1	0	0	0	1	0
2929_sub4	0	1	0	1	0	0	0	1
2929_sub5	0	1	0	1	0	0	0	1
2930_sub0	1	7	4	3	4	3	0	0
2934_sub0	0	4	1	3	0	0	1	3
2934_sub1	0	1	0	1	0	0	0	1
2934_sub2	0	1	0	1	0	0	0	1
2944_sub0	1	10	5	5	5	5	0	0
2944_sub1	0	1	0	1	0	0	0	1
2944_sub2	0	1	0	1	0	0	0	1
2945_sub0	0	4	2	2	0	0	2	2
2945_sub1	0	1	0	1	0	0	0	1
2945_sub2	0	1	0	1	0	0	0	1
2945_sub3	0	1	0	1	0	0	0	1
295_sub0	0	1	1	0	0	0	1	0
295_sub1	1	7	2	5	2	5	0	0
295_sub2	0	1	1	0	0	0	1	0
2950_sub0	0	1	0	1	0	0	0	1
2950_sub1	0	1	0	1	0	0	0	1
2950_sub2	0	2	0	2	0	0	0	2
2950_sub3	0	1	1	0	0	0	1	0
2950_sub4	0	1	1	0	0	0	1	0
2950_sub5	0	1	0	1	0	0	0	1
2950_sub6	0	1	1	0	0	0	1	0
2950_sub7	0	1	0	1	0	0	0	1
2959_sub0	0	1	0	1	0	0	0	1
2959_sub1	1	9	1	8	1	8	0	0
2974_sub0	1	7	2	5	2	5	0	0
2974_sub1	0	1	1	0	0	0	1	0
2987_sub0	1	7	6	1	6	1	0	0
2987_sub1	0	1	0	1	0	0	0	1
2987_sub2	0	1	1	0	0	0	1	0
2987_sub3	0	1	0	1	0	0	0	1
2988_sub0	1	6	4	2	4	2	0	0
2988_sub1	0	1	1	0	0	0	1	0
2991_sub0	1	8	5	3	5	3	0	0
2991_sub1	0	1	0	1	0	0	0	1
2991_sub2	0	1	0	1	0	0	0	1
2991_sub3	0	1	0	1	0	0	0	1
2994_sub0	1	8	1	7	1	7	0	0
2994_sub1	0	1	1	0	0	0	1	0
2995_sub0	0	5	2	3	0	0	2	3
2995_sub1	0	1	1	0	0	0	1	0
30_sub0	0	1	1	0	0	0	1	0
30_sub1	0	1	1	0	0	0	1	0
30_sub2	0	5	5	0	0	0	5	0
3003_sub0	1	10	6	4	6	4	0	0
3003_sub1	0	1	1	0	0	0	1	0
3003_sub2	0	1	0	1	0	0	0	1
3008_sub0	1	6	2	4	2	4	0	0
3008_sub1	0	1	0	1	0	0	0	1
3008_sub2	0	1	0	1	0	0	0	1
3008_sub3	0	1	1	0	0	0	1	0
3011_sub0	0	5	3	2	0	0	3	2
3011_sub1	0	1	0	1	0	0	0	1
3020_sub0	1	6	1	5	1	5	0	0
3020_sub1	0	1	1	0	0	0	1	0
3021_sub0	0	1	1	0	0	0	1	0
3021_sub1	0	1	1	0	0	0	1	0
3021_sub2	0	4	2	2	0	0	2	2
3028_sub0	1	12	6	6	6	6	0	0
3028_sub1	0	1	0	1	0	0	0	1
303_sub0	0	1	0	1	0	0	0	1
303_sub1	0	1	0	1	0	0	0	1
303_sub2	1	6	4	2	4	2	0	0
303_sub3	0	1	1	0	0	0	1	0
303_sub4	0	1	0	1	0	0	0	1
303_sub5	0	1	0	1	0	0	0	1
3032_sub0	0	5	2	3	0	0	2	3
3032_sub1	0	1	1	0	0	0	1	0
3034_sub0	1	8	6	2	6	2	0	0
3042_sub0	1	7	4	3	4	3	0	0
3042_sub1	0	1	0	1	0	0	0	1
3042_sub2	0	1	1	0	0	0	1	0
3042_sub3	0	1	1	0	0	0	1	0
3048_sub0	1	6	4	2	4	2	0	0
3048_sub1	0	1	1	0	0	0	1	0
3051_sub0	0	3	1	2	0	0	1	2
3051_sub1	0	2	2	0	0	0	2	0
3051_sub2	0	1	0	1	0	0	0	1
3057_sub0	0	5	3	2	0	0	3	2
3057_sub1	0	1	0	1	0	0	0	1
3057_sub2	0	1	0	1	0	0	0	1
3057_sub3	0	1	0	1	0	0	0	1
3057_sub4	0	1	0	1	0	0	0	1
3060_sub0	0	5	3	2	0	0	3	2
3060_sub1	0	1	1	0	0	0	1	0
3060_sub2	0	1	0	1	0	0	0	1
307_sub0	0	1	0	1	0	0	0	1
307_sub1	1	10	4	6	4	6	0	0
307_sub2	0	1	0	1	0	0	0	1
3071_sub0	1	6	0	6	0	6	0	0
3071_sub1	0	1	0	1	0	0	0	1
3071_sub2	0	1	1	0	0	0	1	0
3071_sub3	0	1	1	0	0	0	1	0
3082_sub0	1	9	4	5	4	5	0	0
3082_sub1	0	1	1	0	0	0	1	0
3082_sub2	0	1	0	1	0	0	0	1
3084_sub0	0	5	2	3	0	0	2	3
3084_sub1	0	1	0	1	0	0	0	1
3084_sub2	0	1	1	0	0	0	1	0
3084_sub3	0	1	0	1	0	0	0	1
3094_sub0	0	3	3	0	0	0	3	0
3094_sub1	0	1	0	1	0	0	0	1
3094_sub2	0	1	0	1	0	0	0	1
3094_sub3	0	1	1	0	0	0	1	0
3097_sub0	1	6	2	4	2	4	0	0
3097_sub1	0	1	0	1	0	0	0	1
3097_sub2	0	1	0	1	0	0	0	1
3097_sub3	0	1	1	0	0	0	1	0
3097_sub4	0	1	1	0	0	0	1	0
3101_sub0	1	7	2	5	2	5	0	0
3101_sub1	0	1	0	1	0	0	0	1
3101_sub2	0	1	0	1	0	0	0	1
3101_sub3	0	1	1	0	0	0	1	0
3112_sub0	0	1	0	1	0	0	0	1
3112_sub1	0	2	0	2	0	0	0	2
3112_sub2	0	1	1	0	0	0	1	0
3112_sub3	0	1	1	0	0	0	1	0
3112_sub4	0	1	0	1	0	0	0	1
3116_sub0	1	7	5	2	5	2	0	0
3116_sub1	0	1	0	1	0	0	0	1
3116_sub2	0	1	0	1	0	0	0	1
3124_sub0	0	3	1	2	0	0	1	2
3124_sub1	0	1	0	1	0	0	0	1
3124_sub2	0	1	0	1	0	0	0	1
3124_sub3	0	1	0	1	0	0	0	1
3129_sub0	0	5	3	2	0	0	3	2
3129_sub1	0	1	1	0	0	0	1	0
3133_sub0	0	5	5	0	0	0	5	0
3133_sub1	0	1	1	0	0	0	1	0
3133_sub2	0	1	0	1	0	0	0	1
3133_sub3	0	1	1	0	0	0	1	0
3135_sub0	0	1	1	0	0	0	1	0
3135_sub1	1	8	4	4	4	4	0	0
3135_sub2	0	1	1	0	0	0	1	0
3135_sub3	0	1	1	0	0	0	1	0
3135_sub4	0	1	1	0	0	0	1	0
3135_sub5	0	1	0	1	0	0	0	1
3145_sub0	0	1	0	1	0	0	0	1
3145_sub1	0	1	0	1	0	0	0	1
3145_sub2	0	1	1	0	0	0	1	0
3145_sub3	0	1	1	0	0	0	1	0
3145_sub4	0	1	1	0	0	0	1	0
3145_sub5	0	1	1	0	0	0	1	0
3145_sub6	0	1	0	1	0	0	0	1
3146_sub0	1	7	4	3	4	3	0	0
3147_sub0	0	1	1	0	0	0	1	0
3147_sub1	0	1	1	0	0	0	1	0
3147_sub2	0	4	2	2	0	0	2	2
3153_sub0	1	11	4	7	4	7	0	0
3153_sub1	0	1	0	1	0	0	0	1
3153_sub2	0	1	0	1	0	0	0	1
3153_sub3	0	1	0	1	0	0	0	1
3155_sub0	1	10	5	5	5	5	0	0
3155_sub1	0	1	0	1	0	0	0	1
3159_sub0	1	6	1	5	1	5	0	0
3159_sub1	0	1	1	0	0	0	1	0
3159_sub2	0	1	1	0	0	0	1	0
3159_sub3	0	1	0	1	0	0	0	1
3159_sub4	0	1	0	1	0	0	0	1
3160_sub0	0	5	0	5	0	0	0	5
3160_sub1	0	1	1	0	0	0	1	0
3161_sub0	0	4	0	4	0	0	0	4
3161_sub1	0	1	1	0	0	0	1	0
3161_sub2	0	1	1	0	0	0	1	0
3165_sub0	1	7	3	4	3	4	0	0
3169_sub0	1	10	2	8	2	8	0	0
3169_sub1	0	1	0	1	0	0	0	1
3169_sub2	0	1	1	0	0	0	1	0
3170_sub0	1	6	1	5	1	5	0	0
3170_sub1	0	1	1	0	0	0	1	0
3170_sub2	0	1	0	1	0	0	0	1
3176_sub0	1	6	4	2	4	2	0	0
3176_sub1	0	1	1	0	0	0	1	0
3176_sub2	0	1	1	0	0	0	1	0
3176_sub3	0	1	0	1	0	0	0	1
3181_sub0	1	8	5	3	5	3	0	0
3181_sub1	0	1	1	0	0	0	1	0
3181_sub2	0	1	0	1	0	0	0	1
3195_sub0	0	4	1	3	0	0	1	3
3195_sub1	0	1	1	0	0	0	1	0
3195_sub2	0	1	1	0	0	0	1	0
3195_sub3	0	1	1	0	0	0	1	0
3199_sub0	1	7	4	3	4	3	0	0
3199_sub1	0	1	0	1	0	0	0	1
3200_sub0	1	6	2	4	2	4	0	0
3200_sub1	0	1	1	0	0	0	1	0
3200_sub2	0	1	0	1	0	0	0	1
3200_sub3	0	1	0	1	0	0	0	1
3208_sub0	0	1	0	1	0	0	0	1
3208_sub1	0	1	1	0	0	0	1	0
3208_sub2	0	4	4	0	0	0	4	0
321_sub0	0	1	1	0	0	0	1	0
321_sub1	0	1	0	1	0	0	0	1
321_sub2	0	3	1	2	0	0	1	2
321_sub3	0	1	0	1	0	0	0	1
3217_sub0	0	3	2	1	0	0	2	1
3217_sub1	0	1	0	1	0	0	0	1
3217_sub2	0	1	0	1	0	0	0	1
3217_sub3	0	1	0	1	0	0	0	1
3219_sub0	1	6	1	5	1	5	0	0
3219_sub1	0	1	0	1	0	0	0	1
3219_sub2	0	1	1	0	0	0	1	0
3219_sub3	0	1	1	0	0	0	1	0
3221_sub0	1	6	3	3	3	3	0	0
3221_sub1	0	1	0	1	0	0	0	1
3221_sub2	0	1	0	1	0	0	0	1
3224_sub0	0	1	0	1	0	0	0	1
3224_sub1	0	1	0	1	0	0	0	1
3224_sub2	0	1	1	0	0	0	1	0
3224_sub3	0	1	0	1	0	0	0	1
3224_sub4	0	1	1	0	0	0	1	0
3224_sub5	0	1	1	0	0	0	1	0
3229_sub0	0	1	0	1	0	0	0	1
3229_sub1	0	1	0	1	0	0	0	1
3229_sub2	0	4	2	2	0	0	2	2
3229_sub3	0	1	1	0	0	0	1	0
3229_sub4	0	1	1	0	0	0	1	0
3244_sub0	1	6	3	3	3	3	0	0
3252_sub0	0	5	3	2	0	0	3	2
3252_sub1	0	1	0	1	0	0	0	1
3252_sub2	0	1	1	0	0	0	1	0
3262_sub0	1	6	5	1	5	1	0	0
3262_sub1	0	1	0	1	0	0	0	1
3265_sub0	1	6	3	3	3	3	0	0
3265_sub1	0	1	1	0	0	0	1	0
3265_sub2	0	1	0	1	0	0	0	1
327_sub0	0	1	0	1	0	0	0	1
327_sub1	1	8	1	7	1	7	0	0
3270_sub0	1	8	7	1	7	1	0	0
3270_sub1	0	1	0	1	0	0	0	1
3270_sub2	0	1	0	1	0	0	0	1
3270_sub3	0	1	0	1	0	0	0	1
3275_sub0	0	1	0	1	0	0	0	1
3275_sub1	0	3	2	1	0	0	2	1
3275_sub2	0	1	0	1	0	0	0	1
3275_sub3	0	1	1	0	0	0	1	0
3275_sub4	0	1	1	0	0	0	1	0
3275_sub5	0	1	1	0	0	0	1	0
3275_sub6	0	1	1	0	0	0	1	0
3276_sub0	0	4	2	2	0	0	2	2
3276_sub1	0	1	0	1	0	0	0	1
3276_sub2	0	1	1	0	0	0	1	0
3277_sub0	1	7	1	6	1	6	0	0
3284_sub0	1	8	5	3	5	3	0	0
3284_sub1	0	1	1	0	0	0	1	0
3284_sub2	0	1	1	0	0	0	1	0
3284_sub3	0	1	1	0	0	0	1	0
3284_sub4	0	1	0	1	0	0	0	1
3298_sub0	1	6	2	4	2	4	0	0
3298_sub1	0	1	0	1	0	0	0	1
3298_sub2	0	1	0	1	0	0	0	1
3302_sub0	0	1	1	0	0	0	1	0
3302_sub1	1	7	5	2	5	2	0	0
3306_sub0	1	6	2	4	2	4	0	0
3306_sub1	0	1	0	1	0	0	0	1
3311_sub0	0	4	1	3	0	0	1	3
3311_sub1	0	1	0	1	0	0	0	1
3311_sub2	0	1	1	0	0	0	1	0
3315_sub0	0	1	1	0	0	0	1	0
3315_sub1	0	5	5	0	0	0	5	0
3315_sub2	0	1	1	0	0	0	1	0
3315_sub3	0	1	1	0	0	0	1	0
3315_sub4	0	1	1	0	0	0	1	0
3320_sub0	1	6	1	5	1	5	0	0
3320_sub1	0	1	1	0	0	0	1	0
3324_sub0	1	6	5	1	5	1	0	0
3324_sub1	0	1	1	0	0	0	1	0
3354_sub0	1	9	2	7	2	7	0	0
3354_sub1	0	1	1	0	0	0	1	0
3354_sub2	0	1	0	1	0	0	0	1
3354_sub3	0	1	1	0	0	0	1	0
3354_sub4	0	1	0	1	0	0	0	1
3354_sub5	0	1	1	0	0	0	1	0
3357_sub0	0	5	2	3	0	0	2	3
3357_sub1	0	1	0	1	0	0	0	1
3360_sub0	0	3	3	0	0	0	3	0
3360_sub1	0	1	0	1	0	0	0	1
3360_sub2	0	1	0	1	0	0	0	1
3360_sub3	0	1	0	1	0	0	0	1
3360_sub4	0	1	1	0	0	0	1	0
3360_sub5	0	1	1	0	0	0	1	0
3360_sub6	0	1	0	1	0	0	0	1
3374_sub0	0	1	0	1	0	0	0	1
3374_sub1	0	1	0	1	0	0	0	1
3374_sub2	0	1	1	0	0	0	1	0
3374_sub3	0	1	0	1	0	0	0	1
3374_sub4	0	1	0	1	0	0	0	1
3374_sub5	0	1	1	0	0	0	1	0
3374_sub6	0	1	1	0	0	0	1	0
3374_sub7	0	1	0	1	0	0	0	1
3379_sub0	0	4	3	1	0	0	3	1
3379_sub1	0	1	1	0	0	0	1	0
3379_sub2	0	1	0	1	0	0	0	1
3379_sub3	0	1	1	0	0	0	1	0
3379_sub4	0	1	0	1	0	0	0	1
3379_sub5	0	1	0	1	0	0	0	1
3382_sub0	0	1	0	1	0	0	0	1
3382_sub1	0	1	1	0	0	0	1	0
3382_sub2	0	5	2	3	0	0	2	3
3390_sub0	0	1	0	1	0	0	0	1
3390_sub1	0	1	1	0	0	0	1	0
3390_sub2	0	1	0	1	0	0	0	1
3390_sub3	0	1	1	0	0	0	1	0
3390_sub4	0	1	1	0	0	0	1	0
3390_sub5	0	1	1	0	0	0	1	0
3399_sub0	0	3	2	1	0	0	2	1
3399_sub1	0	1	1	0	0	0	1	0
3399_sub2	0	1	0	1	0	0	0	1
3399_sub3	0	1	1	0	0	0	1	0
3411_sub0	1	8	1	7	1	7	0	0
3411_sub1	0	1	1	0	0	0	1	0
342_sub0	0	1	1	0	0	0	1	0
342_sub1	0	1	1	0	0	0	1	0
342_sub2	1	7	5	2	5	2	0	0
342_sub3	0	1	1	0	0	0	1	0
3435_sub0	0	4	2	2	0	0	2	2
3435_sub1	0	1	1	0	0	0	1	0
3435_sub2	0	1	0	1	0	0	0	1
3435_sub3	0	1	1	0	0	0	1	0
3436_sub0	0	4	1	3	0	0	1	3
3436_sub1	0	1	0	1	0	0	0	1
3436_sub2	0	1	1	0	0	0	1	0
3448_sub0	1	7	4	3	4	3	0	0
3448_sub1	0	1	0	1	0	0	0	1
3452_sub0	0	1	1	0	0	0	1	0
3452_sub1	0	1	0	1	0	0	0	1
3452_sub2	0	3	0	3	0	0	0	3
3452_sub3	0	2	2	0	0	0	2	0
3452_sub4	0	1	0	1	0	0	0	1
3452_sub5	0	1	1	0	0	0	1	0
3457_sub0	0	5	2	3	0	0	2	3
3457_sub1	0	1	0	1	0	0	0	1
3466_sub0	0	3	2	1	0	0	2	1
3466_sub1	0	1	0	1	0	0	0	1
3466_sub2	0	1	1	0	0	0	1	0
3466_sub3	0	1	0	1	0	0	0	1
3466_sub4	0	1	1	0	0	0	1	0
347_sub0	0	1	1	0	0	0	1	0
347_sub1	0	4	2	2	0	0	2	2
347_sub2	0	1	0	1	0	0	0	1
3471_sub0	0	5	2	3	0	0	2	3
3471_sub1	0	1	0	1	0	0	0	1
3471_sub2	0	1	0	1	0	0	0	1
3471_sub3	0	1	1	0	0	0	1	0
3471_sub4	0	1	0	1	0	0	0	1
3474_sub0	0	5	3	2	0	0	3	2
3474_sub1	0	1	0	1	0	0	0	1
3488_sub0	0	1	0	1	0	0	0	1
3488_sub1	0	4	2	2	0	0	2	2
3488_sub2	0	1	0	1	0	0	0	1
3490_sub0	1	6	3	3	3	3	0	0
3490_sub1	0	1	1	0	0	0	1	0
3501_sub0	0	5	3	2	0	0	3	2
3501_sub1	0	1	0	1	0	0	0	1
3507_sub0	0	5	4	1	0	0	4	1
3507_sub1	0	1	0	1	0	0	0	1
3507_sub2	0	1	1	0	0	0	1	0
3507_sub3	0	1	0	1	0	0	0	1
3508_sub0	1	6	3	3	3	3	0	0
3508_sub1	0	1	1	0	0	0	1	0
3508_sub2	0	1	1	0	0	0	1	0
3508_sub3	0	1	0	1	0	0	0	1
3511_sub0	0	4	1	3	0	0	1	3
3511_sub1	0	1	1	0	0	0	1	0
3511_sub2	0	1	1	0	0	0	1	0
3511_sub3	0	1	1	0	0	0	1	0
3521_sub0	1	7	2	5	2	5	0	0
3521_sub1	0	1	1	0	0	0	1	0
3531_sub0	0	1	0	1	0	0	0	1
3531_sub1	1	8	6	2	6	2	0	0
3531_sub2	0	1	0	1	0	0	0	1
3531_sub3	0	1	0	1	0	0	0	1
3531_sub4	0	1	1	0	0	0	1	0
3531_sub5	0	1	1	0	0	0	1	0
3537_sub0	0	5	3	2	0	0	3	2
3537_sub1	0	1	1	0	0	0	1	0
3537_sub2	0	1	0	1	0	0	0	1
3537_sub3	0	1	0	1	0	0	0	1
3542_sub0	0	3	0	3	0	0	0	3
3542_sub1	0	1	1	0	0	0	1	0
3542_sub2	0	1	0	1	0	0	0	1
3542_sub3	0	1	1	0	0	0	1	0
3546_sub0	1	7	2	5	2	5	0	0
3546_sub1	0	1	0	1	0	0	0	1
3554_sub0	0	4	0	4	0	0	0	4
3554_sub1	0	1	0	1	0	0	0	1
3554_sub2	0	1	0	1	0	0	0	1
3555_sub0	0	1	0	1	0	0	0	1
3555_sub1	0	4	1	3	0	0	1	3
3555_sub2	0	1	1	0	0	0	1	0
3555_sub3	0	1	1	0	0	0	1	0
3559_sub0	1	6	2	4	2	4	0	0
3559_sub1	0	1	1	0	0	0	1	0
3559_sub2	0	1	0	1	0	0	0	1
3561_sub0	1	6	5	1	5	1	0	0
3561_sub1	0	1	0	1	0	0	0	1
3561_sub2	0	1	0	1	0	0	0	1
3565_sub0	0	1	1	0	0	0	1	0
3565_sub1	0	1	0	1	0	0	0	1
3565_sub2	0	1	1	0	0	0	1	0
3565_sub3	0	1	0	1	0	0	0	1
3565_sub4	0	1	0	1	0	0	0	1
3565_sub5	0	1	1	0	0	0	1	0
3565_sub6	0	1	1	0	0	0	1	0
3565_sub7	0	1	0	1	0	0	0	1
3565_sub8	0	1	1	0	0	0	1	0
3578_sub0	1	6	1	5	1	5	0	0
3578_sub1	0	1	0	1	0	0	0	1
3578_sub2	0	2	1	1	0	0	1	1
358_sub0	1	9	4	5	4	5	0	0
358_sub1	0	1	1	0	0	0	1	0
3588_sub0	1	9	5	4	5	4	0	0
3588_sub1	0	1	0	1	0	0	0	1
3588_sub2	0	1	0	1	0	0	0	1
3588_sub3	0	1	1	0	0	0	1	0
3588_sub4	0	1	1	0	0	0	1	0
3588_sub5	0	1	0	1	0	0	0	1
3588_sub6	0	1	0	1	0	0	0	1
3588_sub7	0	1	0	1	0	0	0	1
3590_sub0	0	1	0	1	0	0	0	1
3590_sub1	0	5	4	1	0	0	4	1
3590_sub2	0	1	1	0	0	0	1	0
3592_sub0	0	1	1	0	0	0	1	0
3592_sub1	0	5	4	1	0	0	4	1
3592_sub2	0	1	0	1	0	0	0	1
3592_sub3	0	1	1	0	0	0	1	0
3592_sub4	0	1	0	1	0	0	0	1
3600_sub0	1	8	5	3	5	3	0	0
3600_sub1	0	1	0	1	0	0	0	1
3603_sub0	1	7	3	4	3	4	0	0
3603_sub1	0	1	0	1	0	0	0	1
3603_sub2	0	1	0	1	0	0	0	1
3603_sub3	0	1	0	1	0	0	0	1
3607_sub0	1	8	3	5	3	5	0	0
3607_sub1	0	1	0	1	0	0	0	1
3619_sub0	0	4	2	2	0	0	2	2
3619_sub1	0	1	0	1	0	0	0	1
3619_sub2	0	1	1	0	0	0	1	0
3619_sub3	0	1	0	1	0	0	0	1
3629_sub0	1	7	3	4	3	4	0	0
363_sub0	0	1	0	1	0	0	0	1
363_sub1	1	6	2	4	2	4	0	0
3635_sub0	0	3	1	2	0	0	1	2
3635_sub1	0	1	1	0	0	0	1	0
3635_sub2	0	1	0	1	0	0	0	1
3635_sub3	0	1	0	1	0	0	0	1
3637_sub0	0	3	1	2	0	0	1	2
3637_sub1	0	1	1	0	0	0	1	0
3637_sub2	0	1	0	1	0	0	0	1
3637_sub3	0	1	1	0	0	0	1	0
3637_sub4	0	1	1	0	0	0	1	0
3640_sub0	0	1	1	0	0	0	1	0
3640_sub1	0	5	3	2	0	0	3	2
3640_sub2	0	1	0	1	0	0	0	1
3643_sub0	1	7	6	1	6	1	0	0
3643_sub1	0	1	0	1	0	0	0	1
3643_sub2	0	1	1	0	0	0	1	0
3644_sub0	1	8	3	5	3	5	0	0
3644_sub1	0	1	1	0	0	0	1	0
3645_sub0	1	8	3	5	3	5	0	0
3645_sub1	0	1	1	0	0	0	1	0
3645_sub2	0	1	1	0	0	0	1	0
3645_sub3	0	1	0	1	0	0	0	1
3645_sub4	0	1	1	0	0	0	1	0
3645_sub5	0	1	1	0	0	0	1	0
3647_sub0	0	5	4	1	0	0	4	1
3647_sub1	0	1	0	1	0	0	0	1
3647_sub2	0	1	0	1	0	0	0	1
3666_sub0	0	1	0	1	0	0	0	1
3666_sub1	0	1	1	0	0	0	1	0
3666_sub2	0	1	1	0	0	0	1	0
3666_sub3	0	2	1	1	0	0	1	1
3666_sub4	0	1	1	0	0	0	1	0
3670_sub0	1	6	4	2	4	2	0	0
3670_sub1	0	1	1	0	0	0	1	0
3670_sub2	0	1	1	0	0	0	1	0
3670_sub3	0	1	0	1	0	0	0	1
3685_sub0	0	4	3	1	0	0	3	1
3685_sub1	0	1	0	1	0	0	0	1
3685_sub2	0	1	0	1	0	0	0	1
3685_sub3	0	1	0	1	0	0	0	1
3685_sub4	0	1	0	1	0	0	0	1
3685_sub5	0	1	1	0	0	0	1	0
3687_sub0	0	5	3	2	0	0	3	2
3687_sub1	0	1	1	0	0	0	1	0
3687_sub2	0	1	0	1	0	0	0	1
3687_sub3	0	1	0	1	0	0	0	1
3687_sub4	0	1	1	0	0	0	1	0
3687_sub5	0	1	0	1	0	0	0	1
3689_sub0	0	1	1	0	0	0	1	0
3689_sub1	0	1	1	0	0	0	1	0
3689_sub2	0	4	3	1	0	0	3	1
3689_sub3	0	1	0	1	0	0	0	1
369_sub0	0	1	1	0	0	0	1	0
369_sub1	1	8	2	6	2	6	0	0
3694_sub0	0	1	0	1	0	0	0	1
3694_sub1	0	1	0	1	0	0	0	1
3694_sub2	0	4	3	1	0	0	3	1
3694_sub3	0	1	1	0	0	0	1	0
3695_sub0	1	8	5	3	5	3	0	0
3695_sub1	0	1	0	1	0	0	0	1
3695_sub2	0	1	1	0	0	0	1	0
3695_sub3	0	1	1	0	0	0	1	0
3697_sub0	1	8	7	1	7	1	0	0
3697_sub1	0	1	0	1	0	0	0	1
3697_sub2	0	1	1	0	0	0	1	0
3697_sub3	0	1	1	0	0	0	1	0
3697_sub4	0	1	1	0	0	0	1	0
3697_sub5	0	1	1	0	0	0	1	0
3697_sub6	0	1	1	0	0	0	1	0
371_sub0	0	1	1	0	0	0	1	0
371_sub1	0	1	0	1	0	0	0	1
371_sub2	0	1	1	0	0	0	1	0
371_sub3	0	1	0	1	0	0	0	1
371_sub4	0	1	1	0	0	0	1	0
371_sub5	0	1	1	0	0	0	1	0
3725_sub0	1	8	4	4	4	4	0	0
3725_sub1	0	1	0	1	0	0	0	1
3738_sub0	0	1	1	0	0	0	1	0
3738_sub1	0	5	3	2	0	0	3	2
3738_sub2	0	1	1	0	0	0	1	0
3743_sub0	0	5	5	0	0	0	5	0
3743_sub1	0	1	0	1	0	0	0	1
3743_sub2	0	1	1	0	0	0	1	0
3750_sub0	0	4	2	2	0	0	2	2
3750_sub1	0	1	1	0	0	0	1	0
3750_sub2	0	1	0	1	0	0	0	1
3750_sub3	0	1	0	1	0	0	0	1
3763_sub0	0	2	0	2	0	0	0	2
3763_sub1	0	1	0	1	0	0	0	1
3763_sub2	0	1	0	1	0	0	0	1
3763_sub3	0	1	1	0	0	0	1	0
3763_sub4	0	1	1	0	0	0	1	0
3764_sub0	0	4	2	2	0	0	2	2
3764_sub1	0	1	1	0	0	0	1	0
3764_sub2	0	1	0	1	0	0	0	1
3764_sub3	0	1	1	0	0	0	1	0
3772_sub0	1	10	4	6	4	6	0	0
3772_sub1	0	1	1	0	0	0	1	0
3772_sub2	0	1	1	0	0	0	1	0
3772_sub3	0	1	1	0	0	0	1	0
3776_sub0	1	10	2	8	2	8	0	0
3776_sub1	0	1	1	0	0	0	1	0
3776_sub2	0	1	0	1	0	0	0	1
3821_sub0	0	5	2	3	0	0	2	3
3821_sub1	0	1	0	1	0	0	0	1
3821_sub2	0	1	1	0	0	0	1	0
3822_sub0	0	1	1	0	0	0	1	0
3822_sub1	0	1	0	1	0	0	0	1
3822_sub2	1	6	3	3	3	3	0	0
3826_sub0	1	7	4	3	4	3	0	0
3826_sub1	0	1	1	0	0	0	1	0
3829_sub0	1	8	2	6	2	6	0	0
3829_sub1	0	1	0	1	0	0	0	1
3832_sub0	1	7	2	5	2	5	0	0
3832_sub1	0	1	0	1	0	0	0	1
3832_sub2	0	1	1	0	0	0	1	0
3832_sub3	0	1	1	0	0	0	1	0
3832_sub4	0	1	0	1	0	0	0	1
3834_sub0	1	8	4	4	4	4	0	0
3834_sub1	0	1	0	1	0	0	0	1
3834_sub2	0	1	1	0	0	0	1	0
3834_sub3	0	1	0	1	0	0	0	1
3837_sub0	1	6	4	2	4	2	0	0
3837_sub1	0	1	1	0	0	0	1	0
3847_sub0	1	8	2	6	2	6	0	0
3847_sub1	0	1	0	1	0	0	0	1
3847_sub2	0	1	1	0	0	0	1	0
3850_sub0	1	6	4	2	4	2	0	0
3850_sub1	0	1	1	0	0	0	1	0
3861_sub0	0	3	1	2	0	0	1	2
3861_sub1	0	1	1	0	0	0	1	0
3861_sub2	0	1	0	1	0	0	0	1
3861_sub3	0	1	0	1	0	0	0	1
3861_sub4	0	1	0	1	0	0	0	1
3861_sub5	0	1	1	0	0	0	1	0
3861_sub6	0	1	0	1	0	0	0	1
3866_sub0	0	1	1	0	0	0	1	0
3866_sub1	1	9	3	6	3	6	0	0
3866_sub2	0	1	0	1	0	0	0	1
3866_sub3	0	1	0	1	0	0	0	1
3866_sub4	0	1	0	1	0	0	0	1
3872_sub0	0	1	0	1	0	0	0	1
3872_sub1	1	7	4	3	4	3	0	0
3872_sub2	0	1	0	1	0	0	0	1
3872_sub3	0	1	1	0	0	0	1	0
3874_sub0	1	7	1	6	1	6	0	0
3874_sub1	0	1	0	1	0	0	0	1
3874_sub2	0	1	1	0	0	0	1	0
3877_sub0	1	6	4	2	4	2	0	0
3877_sub1	0	1	1	0	0	0	1	0
3883_sub0	0	1	1	0	0	0	1	0
3883_sub1	0	4	0	4	0	0	0	4
3883_sub2	0	1	1	0	0	0	1	0
3883_sub3	0	1	0	1	0	0	0	1
3883_sub4	0	1	1	0	0	0	1	0
3883_sub5	0	1	1	0	0	0	1	0
3886_sub0	1	6	3	3	3	3	0	0
3886_sub1	0	1	0	1	0	0	0	1
3886_sub2	0	1	0	1	0	0	0	1
3886_sub3	0	1	1	0	0	0	1	0
3886_sub4	0	1	0	1	0	0	0	1
3888_sub0	1	6	6	0	6	0	0	0
3888_sub1	0	1	0	1	0	0	0	1
3888_sub2	0	1	1	0	0	0	1	0
3892_sub0	0	1	0	1	0	0	0	1
3892_sub1	1	6	3	3	3	3	0	0
3892_sub2	0	1	0	1	0	0	0	1
3892_sub3	0	1	0	1	0	0	0	1
3892_sub4	0	1	0	1	0	0	0	1
3895_sub0	0	1	1	0	0	0	1	0
3895_sub1	1	8	4	4	4	4	0	0
3899_sub0	0	5	3	2	0	0	3	2
3899_sub1	0	1	1	0	0	0	1	0
3899_sub2	0	2	1	1	0	0	1	1
3899_sub3	0	1	0	1	0	0	0	1
3899_sub4	0	1	1	0	0	0	1	0
3899_sub5	0	1	1	0	0	0	1	0
3899_sub6	0	1	0	1	0	0	0	1
39_sub0	0	1	1	0	0	0	1	0
39_sub1	0	5	4	1	0	0	4	1
3905_sub0	0	4	3	1	0	0	3	1
3905_sub1	0	1	0	1	0	0	0	1
3905_sub2	0	1	1	0	0	0	1	0
3906_sub0	0	1	0	1	0	0	0	1
3906_sub1	0	4	2	2	0	0	2	2
3906_sub2	0	1	0	1	0	0	0	1
3906_sub3	0	1	0	1	0	0	0	1
3912_sub0	0	3	0	3	0	0	0	3
3912_sub1	0	1	0	1	0	0	0	1
3912_sub2	0	1	0	1	0	0	0	1
3912_sub3	0	1	0	1	0	0	0	1
3915_sub0	1	7	4	3	4	3	0	0
3915_sub1	0	1	0	1	0	0	0	1
3915_sub2	0	1	1	0	0	0	1	0
3915_sub3	0	1	0	1	0	0	0	1
3917_sub0	1	6	2	4	2	4	0	0
3917_sub1	0	1	1	0	0	0	1	0
3922_sub0	1	6	1	5	1	5	0	0
3922_sub1	0	1	1	0	0	0	1	0
3922_sub2	0	1	1	0	0	0	1	0
3926_sub0	0	4	2	2	0	0	2	2
3926_sub1	0	1	1	0	0	0	1	0
3926_sub2	0	1	1	0	0	0	1	0
3927_sub0	1	7	4	3	4	3	0	0
3927_sub1	0	1	1	0	0	0	1	0
3927_sub2	0	1	0	1	0	0	0	1
3946_sub0	0	5	4	1	0	0	4	1
3946_sub1	0	1	0	1	0	0	0	1
3947_sub0	1	7	2	5	2	5	0	0
3947_sub1	0	1	1	0	0	0	1	0
3947_sub2	0	1	1	0	0	0	1	0
3947_sub3	0	1	0	1	0	0	0	1
3947_sub4	0	1	0	1	0	0	0	1
3947_sub5	0	1	0	1	0	0	0	1
3953_sub0	1	9	3	6	3	6	0	0
3954_sub0	0	4	2	2	0	0	2	2
3954_sub1	0	1	0	1	0	0	0	1
3954_sub2	0	1	0	1	0	0	0	1
397_sub0	0	4	2	2	0	0	2	2
397_sub1	0	1	0	1	0	0	0	1
397_sub2	0	1	1	0	0	0	1	0
397_sub3	0	1	1	0	0	0	1	0
397_sub4	0	1	0	1	0	0	0	1
397_sub5	0	1	0	1	0	0	0	1
397_sub6	0	1	1	0	0	0	1	0
3972_sub0	0	1	1	0	0	0	1	0
3972_sub1	0	3	2	1	0	0	2	1
3972_sub2	0	1	1	0	0	0	1	0
3972_sub3	0	1	0	1	0	0	0	1
3974_sub0	0	1	1	0	0	0	1	0
3974_sub1	0	1	0	1	0	0	0	1
3974_sub2	1	7	4	3	4	3	0	0
3977_sub0	0	1	0	1	0	0	0	1
3977_sub1	1	7	0	7	0	7	0	0
3977_sub2	0	1	1	0	0	0	1	0
3980_sub0	1	7	1	6	1	6	0	0
3980_sub1	0	1	1	0	0	0	1	0
3985_sub0	0	4	2	2	0	0	2	2
3985_sub1	0	1	0	1	0	0	0	1
3985_sub2	0	1	0	1	0	0	0	1
3992_sub0	0	4	1	3	0	0	1	3
3992_sub1	0	1	1	0	0	0	1	0
3992_sub2	0	1	1	0	0	0	1	0
3995_sub0	1	6	3	3	3	3	0	0
3995_sub1	0	1	0	1	0	0	0	1
3995_sub2	0	1	0	1	0	0	0	1
3995_sub3	0	1	0	1	0	0	0	1
3995_sub4	0	1	0	1	0	0	0	1
40_sub0	0	1	0	1	0	0	0	1
40_sub1	1	6	3	3	3	3	0	0
4001_sub0	0	1	0	1	0	0	0	1
4001_sub1	0	4	3	1	0	0	3	1
4001_sub2	0	1	0	1	0	0	0	1
4002_sub0	0	5	2	3	0	0	2	3
4002_sub1	0	1	0	1	0	0	0	1
402_sub0	0	1	0	1	0	0	0	1
402_sub1	0	1	1	0	0	0	1	0
402_sub2	0	1	0	1	0	0	0	1
402_sub3	0	1	0	1	0	0	0	1
402_sub4	0	1	0	1	0	0	0	1
402_sub5	0	1	1	0	0	0	1	0
402_sub6	0	3	2	1	0	0	2	1
4021_sub0	0	3	2	1	0	0	2	1
4021_sub1	0	1	0	1	0	0	0	1
4021_sub2	0	1	1	0	0	0	1	0
4021_sub3	0	1	1	0	0	0	1	0
4021_sub4	0	1	1	0	0	0	1	0
4034_sub0	1	6	3	3	3	3	0	0
4034_sub1	0	1	1	0	0	0	1	0
4034_sub2	0	1	0	1	0	0	0	1
4034_sub3	0	1	1	0	0	0	1	0
4034_sub4	0	1	0	1	0	0	0	1
4035_sub0	0	4	3	1	0	0	3	1
4035_sub1	0	1	0	1	0	0	0	1
4035_sub2	0	1	0	1	0	0	0	1
4040_sub0	0	5	3	2	0	0	3	2
4040_sub1	0	1	1	0	0	0	1	0
4042_sub0	1	7	2	5	2	5	0	0
4042_sub1	0	1	1	0	0	0	1	0
4042_sub2	0	1	1	0	0	0	1	0
4063_sub0	1	7	2	5	2	5	0	0
4063_sub1	0	1	0	1	0	0	0	1
4063_sub2	0	1	0	1	0	0	0	1
4067_sub0	0	5	4	1	0	0	4	1
4067_sub1	0	1	1	0	0	0	1	0
407_sub0	0	1	0	1	0	0	0	1
407_sub1	0	4	2	2	0	0	2	2
407_sub2	0	1	1	0	0	0	1	0
407_sub3	0	1	0	1	0	0	0	1
407_sub4	0	1	1	0	0	0	1	0
4075_sub0	0	1	0	1	0	0	0	1
4075_sub1	1	6	2	4	2	4	0	0
4075_sub2	0	1	0	1	0	0	0	1
4075_sub3	0	1	0	1	0	0	0	1
4077_sub0	1	8	4	4	4	4	0	0
408_sub0	0	3	2	1	0	0	2	1
408_sub1	0	1	1	0	0	0	1	0
408_sub2	0	1	1	0	0	0	1	0
408_sub3	0	1	1	0	0	0	1	0
4085_sub0	0	1	1	0	0	0	1	0
4085_sub1	0	5	3	2	0	0	3	2
4090_sub0	0	1	1	0	0	0	1	0
4090_sub1	1	8	2	6	2	6	0	0
4090_sub2	0	1	1	0	0	0	1	0
4090_sub3	0	1	0	1	0	0	0	1
4090_sub4	0	1	0	1	0	0	0	1
4090_sub5	0	1	0	1	0	0	0	1
4090_sub6	0	1	1	0	0	0	1	0
4090_sub7	0	1	0	1	0	0	0	1
41_sub0	0	1	1	0	0	0	1	0
41_sub1	0	1	1	0	0	0	1	0
41_sub2	0	5	4	1	0	0	4	1
41_sub3	0	1	1	0	0	0	1	0
41_sub4	0	1	1	0	0	0	1	0
4106_sub0	1	11	4	7	4	7	0	0
4106_sub1	0	1	1	0	0	0	1	0
4119_sub0	0	5	2	3	0	0	2	3
4119_sub1	0	1	1	0	0	0	1	0
4119_sub2	0	1	0	1	0	0	0	1
4119_sub3	0	1	0	1	0	0	0	1
412_sub0	0	1	0	1	0	0	0	1
412_sub1	0	4	3	1	0	0	3	1
412_sub2	0	1	1	0	0	0	1	0
4130_sub0	1	9	8	1	8	1	0	0
4130_sub1	0	1	0	1	0	0	0	1
4130_sub2	0	1	0	1	0	0	0	1
4130_sub3	0	1	1	0	0	0	1	0
4130_sub4	0	1	0	1	0	0	0	1
4142_sub0	1	6	0	6	0	6	0	0
4163_sub0	1	7	6	1	6	1	0	0
4163_sub1	0	1	1	0	0	0	1	0
4167_sub0	0	1	1	0	0	0	1	0
4167_sub1	1	8	5	3	5	3	0	0
4167_sub2	0	1	1	0	0	0	1	0
4170_sub0	0	5	4	1	0	0	4	1
4170_sub1	0	1	0	1	0	0	0	1
4170_sub2	0	1	0	1	0	0	0	1
4170_sub3	0	1	0	1	0	0	0	1
4178_sub0	0	3	2	1	0	0	2	1
4178_sub1	0	1	1	0	0	0	1	0
4178_sub2	0	1	1	0	0	0	1	0
4178_sub3	0	1	1	0	0	0	1	0
4182_sub0	0	1	1	0	0	0	1	0
4182_sub1	0	3	2	1	0	0	2	1
4182_sub2	0	1	0	1	0	0	0	1
4182_sub3	0	1	0	1	0	0	0	1
4182_sub4	0	1	1	0	0	0	1	0
4184_sub0	1	6	4	2	4	2	0	0
4184_sub1	0	1	0	1	0	0	0	1
4184_sub2	0	1	0	1	0	0	0	1
419_sub0	0	5	4	1	0	0	4	1
419_sub1	0	1	1	0	0	0	1	0
419_sub2	0	1	0	1	0	0	0	1
419_sub3	0	2	2	0	0	0	2	0
4196_sub0	1	7	3	4	3	4	0	0
4196_sub1	0	1	0	1	0	0	0	1
4200_sub0	0	1	1	0	0	0	1	0
4200_sub1	0	1	0	1	0	0	0	1
4200_sub2	0	1	0	1	0	0	0	1
4200_sub3	0	4	1	3	0	0	1	3
4201_sub0	1	8	1	7	1	7	0	0
4201_sub1	0	1	0	1	0	0	0	1
4201_sub2	0	1	1	0	0	0	1	0
4201_sub3	0	1	0	1	0	0	0	1
4203_sub0	0	3	2	1	0	0	2	1
4203_sub1	0	1	1	0	0	0	1	0
4203_sub2	0	1	1	0	0	0	1	0
4203_sub3	0	1	0	1	0	0	0	1
4203_sub4	0	1	0	1	0	0	0	1
4203_sub5	0	1	0	1	0	0	0	1
4203_sub6	0	1	0	1	0	0	0	1
4209_sub0	1	8	4	4	4	4	0	0
4209_sub1	0	1	1	0	0	0	1	0
4211_sub0	1	9	7	2	7	2	0	0
4211_sub1	0	1	0	1	0	0	0	1
4222_sub0	1	8	3	5	3	5	0	0
4222_sub1	0	1	0	1	0	0	0	1
4223_sub0	0	1	0	1	0	0	0	1
4223_sub1	0	1	0	1	0	0	0	1
4223_sub2	0	4	2	2	0	0	2	2
4249_sub0	0	1	0	1	0	0	0	1
4249_sub1	0	1	1	0	0	0	1	0
4249_sub2	0	1	0	1	0	0	0	1
4249_sub3	0	1	0	1	0	0	0	1
4249_sub4	0	1	1	0	0	0	1	0
4249_sub5	0	1	1	0	0	0	1	0
425_sub0	0	3	2	1	0	0	2	1
425_sub1	0	1	1	0	0	0	1	0
425_sub2	0	1	0	1	0	0	0	1
425_sub3	0	1	0	1	0	0	0	1
4250_sub0	0	5	5	0	0	0	5	0
4250_sub1	0	1	0	1	0	0	0	1
4255_sub0	0	1	1	0	0	0	1	0
4255_sub1	0	5	2	3	0	0	2	3
4255_sub2	0	1	1	0	0	0	1	0
4263_sub0	0	1	0	1	0	0	0	1
4263_sub1	0	1	0	1	0	0	0	1
4263_sub2	0	1	1	0	0	0	1	0
4263_sub3	0	1	0	1	0	0	0	1
4263_sub4	0	1	1	0	0	0	1	0
4263_sub5	0	1	0	1	0	0	0	1
4264_sub0	0	4	2	2	0	0	2	2
4264_sub1	0	1	0	1	0	0	0	1
4264_sub2	0	1	1	0	0	0	1	0
4265_sub0	1	6	2	4	2	4	0	0
4274_sub0	0	1	0	1	0	0	0	1
4274_sub1	0	1	0	1	0	0	0	1
4274_sub2	0	4	2	2	0	0	2	2
4274_sub3	0	1	0	1	0	0	0	1
4286_sub0	1	7	5	2	5	2	0	0
4286_sub1	0	1	1	0	0	0	1	0
4291_sub0	0	1	1	0	0	0	1	0
4291_sub1	0	4	1	3	0	0	1	3
4291_sub2	0	1	1	0	0	0	1	0
4291_sub3	0	1	1	0	0	0	1	0
4293_sub0	1	6	3	3	3	3	0	0
4293_sub1	0	1	0	1	0	0	0	1
4293_sub2	0	1	0	1	0	0	0	1
4301_sub0	0	1	1	0	0	0	1	0
4301_sub1	0	5	2	3	0	0	2	3
4301_sub2	0	1	0	1	0	0	0	1
4310_sub0	0	1	0	1	0	0	0	1
4310_sub1	0	1	0	1	0	0	0	1
4310_sub2	0	5	2	3	0	0	2	3
4310_sub3	0	1	1	0	0	0	1	0
4316_sub0	1	6	4	2	4	2	0	0
4316_sub1	0	1	0	1	0	0	0	1
4316_sub2	0	1	1	0	0	0	1	0
4317_sub0	1	10	5	5	5	5	0	0
4317_sub1	0	1	0	1	0	0	0	1
432_sub0	1	6	3	3	3	3	0	0
4325_sub0	0	5	3	2	0	0	3	2
4325_sub1	0	1	1	0	0	0	1	0
4328_sub0	0	5	3	2	0	0	3	2
4328_sub1	0	1	0	1	0	0	0	1
4328_sub2	0	1	1	0	0	0	1	0
4328_sub3	0	1	0	1	0	0	0	1
4331_sub0	1	6	4	2	4	2	0	0
4331_sub1	0	1	0	1	0	0	0	1
4332_sub0	0	1	1	0	0	0	1	0
4332_sub1	0	1	0	1	0	0	0	1
4332_sub2	1	8	5	3	5	3	0	0
4332_sub3	0	1	1	0	0	0	1	0
4357_sub0	1	9	5	4	5	4	0	0
4357_sub1	0	1	0	1	0	0	0	1
4358_sub0	0	4	1	3	0	0	1	3
4358_sub1	0	1	0	1	0	0	0	1
4358_sub2	0	1	1	0	0	0	1	0
4358_sub3	0	1	0	1	0	0	0	1
4363_sub0	1	7	4	3	4	3	0	0
4363_sub1	0	1	1	0	0	0	1	0
4363_sub2	0	1	1	0	0	0	1	0
4363_sub3	0	1	0	1	0	0	0	1
4374_sub0	1	7	2	5	2	5	0	0
4382_sub0	0	1	0	1	0	0	0	1
4382_sub1	0	3	1	2	0	0	1	2
4382_sub2	0	3	2	1	0	0	2	1
4385_sub0	0	1	0	1	0	0	0	1
4385_sub1	0	1	1	0	0	0	1	0
4385_sub2	0	1	0	1	0	0	0	1
4385_sub3	0	1	1	0	0	0	1	0
4385_sub4	0	1	0	1	0	0	0	1
4385_sub5	0	1	0	1	0	0	0	1
4386_sub0	0	4	2	2	0	0	2	2
4386_sub1	0	1	0	1	0	0	0	1
4386_sub2	0	1	1	0	0	0	1	0
4398_sub0	0	3	3	0	0	0	3	0
4398_sub1	0	1	1	0	0	0	1	0
4398_sub2	0	1	1	0	0	0	1	0
4398_sub3	0	1	0	1	0	0	0	1
4398_sub4	0	1	1	0	0	0	1	0
4401_sub0	0	5	3	2	0	0	3	2
4401_sub1	0	1	0	1	0	0	0	1
4401_sub2	0	1	0	1	0	0	0	1
4401_sub3	0	1	1	0	0	0	1	0
4405_sub0	1	12	7	5	7	5	0	0
4405_sub1	0	1	0	1	0	0	0	1
4427_sub0	0	1	0	1	0	0	0	1
4427_sub1	0	3	2	1	0	0	2	1
4427_sub2	0	1	1	0	0	0	1	0
4427_sub3	0	1	0	1	0	0	0	1
4445_sub0	1	6	2	4	2	4	0	0
4445_sub1	0	1	1	0	0	0	1	0
4445_sub2	0	1	0	1	0	0	0	1
4445_sub3	0	1	0	1	0	0	0	1
4451_sub0	0	1	1	0	0	0	1	0
4451_sub1	0	1	0	1	0	0	0	1
4451_sub2	1	6	2	4	2	4	0	0
4452_sub0	0	1	0	1	0	0	0	1
4452_sub1	0	1	0	1	0	0	0	1
4452_sub2	1	8	2	6	2	6	0	0
4458_sub0	1	6	4	2	4	2	0	0
4458_sub1	0	1	1	0	0	0	1	0
4458_sub2	0	1	0	1	0	0	0	1
4459_sub0	1	8	5	3	5	3	0	0
4459_sub1	0	1	1	0	0	0	1	0
4459_sub2	0	1	1	0	0	0	1	0
4459_sub3	0	1	0	1	0	0	0	1
4474_sub0	0	1	0	1	0	0	0	1
4474_sub1	0	5	5	0	0	0	5	0
4474_sub2	0	2	1	1	0	0	1	1
4474_sub3	0	1	0	1	0	0	0	1
4474_sub4	0	1	1	0	0	0	1	0
448_sub0	0	1	1	0	0	0	1	0
448_sub1	1	8	5	3	5	3	0	0
448_sub2	0	1	1	0	0	0	1	0
448_sub3	0	1	1	0	0	0	1	0
4483_sub0	0	1	0	1	0	0	0	1
4483_sub1	0	1	1	0	0	0	1	0
4483_sub2	0	2	2	0	0	0	2	0
4483_sub3	0	1	0	1	0	0	0	1
4483_sub4	0	1	1	0	0	0	1	0
4484_sub0	0	5	1	4	0	0	1	4
4484_sub1	0	1	1	0	0	0	1	0
4484_sub2	0	1	1	0	0	0	1	0
4488_sub0	0	5	5	0	0	0	5	0
4488_sub1	0	1	1	0	0	0	1	0
4490_sub0	0	2	1	1	0	0	1	1
4490_sub1	0	1	1	0	0	0	1	0
4490_sub2	0	1	0	1	0	0	0	1
4490_sub3	0	1	0	1	0	0	0	1
4490_sub4	0	1	0	1	0	0	0	1
4498_sub0	1	8	4	4	4	4	0	0
4498_sub1	0	1	1	0	0	0	1	0
4498_sub2	0	1	0	1	0	0	0	1
4498_sub3	0	1	1	0	0	0	1	0
4498_sub4	0	1	0	1	0	0	0	1
451_sub0	0	4	2	2	0	0	2	2
451_sub1	0	1	1	0	0	0	1	0
451_sub2	0	1	0	1	0	0	0	1
451_sub3	0	1	1	0	0	0	1	0
454_sub0	1	9	6	3	6	3	0	0
454_sub1	0	1	1	0	0	0	1	0
454_sub2	0	1	0	1	0	0	0	1
454_sub3	0	1	1	0	0	0	1	0
4547_sub0	0	1	1	0	0	0	1	0
4547_sub1	0	5	2	3	0	0	2	3
4547_sub2	0	1	0	1	0	0	0	1
4551_sub0	0	5	1	4	0	0	1	4
4551_sub1	0	1	0	1	0	0	0	1
458_sub0	0	1	1	0	0	0	1	0
458_sub1	1	7	4	3	4	3	0	0
4580_sub0	0	1	0	1	0	0	0	1
4580_sub1	0	1	1	0	0	0	1	0
4580_sub2	0	1	1	0	0	0	1	0
4580_sub3	0	1	1	0	0	0	1	0
4580_sub4	0	1	1	0	0	0	1	0
4580_sub5	0	1	0	1	0	0	0	1
4588_sub0	1	6	3	3	3	3	0	0
4588_sub1	0	1	0	1	0	0	0	1
4596_sub0	1	6	2	4	2	4	0	0
4596_sub1	0	1	0	1	0	0	0	1
4596_sub2	0	1	1	0	0	0	1	0
4596_sub3	0	1	0	1	0	0	0	1
4596_sub4	0	1	1	0	0	0	1	0
4596_sub5	0	1	1	0	0	0	1	0
4596_sub6	0	1	1	0	0	0	1	0
46_sub0	0	1	0	1	0	0	0	1
46_sub1	0	5	2	3	0	0	2	3
46_sub2	0	1	0	1	0	0	0	1
4604_sub0	1	12	4	8	4	8	0	0
4604_sub1	0	1	0	1	0	0	0	1
4604_sub2	0	1	1	0	0	0	1	0
4608_sub0	0	4	3	1	0	0	3	1
4608_sub1	0	1	1	0	0	0	1	0
4608_sub2	0	1	0	1	0	0	0	1
4608_sub3	0	1	1	0	0	0	1	0
4608_sub4	0	1	1	0	0	0	1	0
4612_sub0	1	7	3	4	3	4	0	0
4612_sub1	0	1	0	1	0	0	0	1
4612_sub2	0	1	1	0	0	0	1	0
4612_sub3	0	1	0	1	0	0	0	1
4612_sub4	0	1	1	0	0	0	1	0
4612_sub5	0	1	0	1	0	0	0	1
4618_sub0	0	5	3	2	0	0	3	2
4618_sub1	0	1	1	0	0	0	1	0
4620_sub0	1	7	1	6	1	6	0	0
4620_sub1	0	1	0	1	0	0	0	1
4627_sub0	1	7	5	2	5	2	0	0
4634_sub0	1	7	5	2	5	2	0	0
4643_sub0	0	5	2	3	0	0	2	3
4643_sub1	0	1	1	0	0	0	1	0
4645_sub0	0	1	1	0	0	0	1	0
4645_sub1	0	1	0	1	0	0	0	1
4645_sub2	0	1	1	0	0	0	1	0
4645_sub3	0	1	1	0	0	0	1	0
4645_sub4	0	1	1	0	0	0	1	0
4645_sub5	0	1	0	1	0	0	0	1
4653_sub0	1	9	6	3	6	3	0	0
4653_sub1	0	1	1	0	0	0	1	0
4653_sub2	0	1	0	1	0	0	0	1
467_sub0	0	1	0	1	0	0	0	1
467_sub1	1	10	8	2	8	2	0	0
467_sub2	0	1	1	0	0	0	1	0
4678_sub0	0	5	4	1	0	0	4	1
4678_sub1	0	1	0	1	0	0	0	1
4678_sub2	0	1	1	0	0	0	1	0
4678_sub3	0	1	0	1	0	0	0	1
4690_sub0	1	7	4	3	4	3	0	0
4690_sub1	0	1	1	0	0	0	1	0
4690_sub2	0	1	0	1	0	0	0	1
4728_sub0	1	6	4	2	4	2	0	0
4728_sub1	0	1	0	1	0	0	0	1
473_sub0	0	5	2	3	0	0	2	3
473_sub1	0	1	1	0	0	0	1	0
4730_sub0	0	2	0	2	0	0	0	2
4730_sub1	0	1	0	1	0	0	0	1
4730_sub2	0	1	1	0	0	0	1	0
4730_sub3	0	1	1	0	0	0	1	0
4730_sub4	0	1	0	1	0	0	0	1
4737_sub0	1	6	3	3	3	3	0	0
4751_sub0	1	8	3	5	3	5	0	0
4772_sub0	0	1	1	0	0	0	1	0
4772_sub1	0	5	1	4	0	0	1	4
4773_sub0	0	5	4	1	0	0	4	1
4773_sub1	0	1	0	1	0	0	0	1
4779_sub0	1	6	4	2	4	2	0	0
4779_sub1	0	1	1	0	0	0	1	0
4779_sub2	0	1	0	1	0	0	0	1
4790_sub0	1	6	3	3	3	3	0	0
4790_sub1	0	1	1	0	0	0	1	0
4790_sub2	0	1	1	0	0	0	1	0
4793_sub0	0	5	2	3	0	0	2	3
4793_sub1	0	1	0	1	0	0	0	1
4793_sub2	0	1	0	1	0	0	0	1
4793_sub3	0	1	1	0	0	0	1	0
4799_sub0	0	4	2	2	0	0	2	2
4799_sub1	0	1	1	0	0	0	1	0
4799_sub2	0	1	1	0	0	0	1	0
48_sub0	0	1	0	1	0	0	0	1
48_sub1	0	5	2	3	0	0	2	3
48_sub2	0	1	1	0	0	0	1	0
4804_sub0	0	1	1	0	0	0	1	0
4804_sub1	0	1	1	0	0	0	1	0
4804_sub2	0	4	2	2	0	0	2	2
4804_sub3	0	1	1	0	0	0	1	0
4809_sub0	1	7	5	2	5	2	0	0
4809_sub1	0	1	1	0	0	0	1	0
4809_sub2	0	1	0	1	0	0	0	1
4809_sub3	0	1	0	1	0	0	0	1
4809_sub4	0	1	1	0	0	0	1	0
4809_sub5	0	1	0	1	0	0	0	1
481_sub0	0	1	1	0	0	0	1	0
481_sub1	0	5	3	2	0	0	3	2
481_sub2	0	1	1	0	0	0	1	0
481_sub3	0	1	0	1	0	0	0	1
481_sub4	0	1	0	1	0	0	0	1
4811_sub0	0	5	3	2	0	0	3	2
4811_sub1	0	1	1	0	0	0	1	0
4811_sub2	0	1	1	0	0	0	1	0
4811_sub3	0	1	1	0	0	0	1	0
4821_sub0	0	1	0	1	0	0	0	1
4821_sub1	0	4	3	1	0	0	3	1
4821_sub2	0	1	1	0	0	0	1	0
4826_sub0	0	1	0	1	0	0	0	1
4826_sub1	0	5	3	2	0	0	3	2
4826_sub2	0	1	0	1	0	0	0	1
4826_sub3	0	1	1	0	0	0	1	0
4826_sub4	0	1	0	1	0	0	0	1
4826_sub5	0	1	0	1	0	0	0	1
4826_sub6	0	1	1	0	0	0	1	0
483_sub0	0	1	1	0	0	0	1	0
483_sub1	0	3	3	0	0	0	3	0
483_sub2	0	1	0	1	0	0	0	1
483_sub3	0	1	0	1	0	0	0	1
4831_sub0	1	6	0	6	0	6	0	0
4831_sub1	0	1	0	1	0	0	0	1
4831_sub2	0	1	1	0	0	0	1	0
4831_sub3	0	1	0	1	0	0	0	1
4831_sub4	0	1	0	1	0	0	0	1
4831_sub5	0	1	1	0	0	0	1	0
4832_sub0	0	1	1	0	0	0	1	0
4832_sub1	1	7	4	3	4	3	0	0
4832_sub2	0	1	1	0	0	0	1	0
4835_sub0	1	6	2	4	2	4	0	0
4835_sub1	0	1	1	0	0	0	1	0
4835_sub2	0	1	1	0	0	0	1	0
4845_sub0	1	6	2	4	2	4	0	0
4849_sub0	1	6	4	2	4	2	0	0
485_sub0	0	3	1	2	0	0	1	2
485_sub1	0	1	0	1	0	0	0	1
485_sub2	0	1	1	0	0	0	1	0
485_sub3	0	1	1	0	0	0	1	0
485_sub4	0	1	1	0	0	0	1	0
4853_sub0	0	5	3	2	0	0	3	2
4853_sub1	0	1	0	1	0	0	0	1
4857_sub0	0	1	1	0	0	0	1	0
4857_sub1	0	3	1	2	0	0	1	2
4857_sub2	0	1	1	0	0	0	1	0
4857_sub3	0	1	1	0	0	0	1	0
4873_sub0	0	1	1	0	0	0	1	0
4873_sub1	0	3	3	0	0	0	3	0
4873_sub2	0	1	0	1	0	0	0	1
4873_sub3	0	1	1	0	0	0	1	0
4873_sub4	0	1	0	1	0	0	0	1
4878_sub0	1	6	2	4	2	4	0	0
4878_sub1	0	1	0	1	0	0	0	1
4878_sub2	0	1	1	0	0	0	1	0
4880_sub0	1	7	5	2	5	2	0	0
4880_sub1	0	1	0	1	0	0	0	1
4880_sub2	0	1	1	0	0	0	1	0
4880_sub3	0	1	0	1	0	0	0	1
4886_sub0	0	4	1	3	0	0	1	3
4886_sub1	0	1	1	0	0	0	1	0
4886_sub2	0	1	0	1	0	0	0	1
4894_sub0	0	4	3	1	0	0	3	1
4894_sub1	0	1	0	1	0	0	0	1
4894_sub2	0	1	0	1	0	0	0	1
4894_sub3	0	1	0	1	0	0	0	1
4897_sub0	0	5	3	2	0	0	3	2
4897_sub1	0	2	2	0	0	0	2	0
4902_sub0	1	7	3	4	3	4	0	0
4902_sub1	0	1	0	1	0	0	0	1
4902_sub2	0	1	0	1	0	0	0	1
4902_sub3	0	1	0	1	0	0	0	1
4908_sub0	1	6	3	3	3	3	0	0
4908_sub1	0	1	0	1	0	0	0	1
4908_sub2	0	1	1	0	0	0	1	0
4908_sub3	0	1	0	1	0	0	0	1
491_sub0	1	9	3	6	3	6	0	0
491_sub1	0	1	0	1	0	0	0	1
4921_sub0	1	9	4	5	4	5	0	0
4921_sub1	0	1	0	1	0	0	0	1
4921_sub2	0	1	0	1	0	0	0	1
4921_sub3	0	1	0	1	0	0	0	1
4922_sub0	0	4	3	1	0	0	3	1
4922_sub1	0	1	0	1	0	0	0	1
4922_sub2	0	1	0	1	0	0	0	1
4922_sub3	0	1	0	1	0	0	0	1
4922_sub4	0	1	1	0	0	0	1	0
4923_sub0	0	3	2	1	0	0	2	1
4923_sub1	0	1	1	0	0	0	1	0
4923_sub2	0	1	0	1	0	0	0	1
4923_sub3	0	1	0	1	0	0	0	1
4931_sub0	0	1	0	1	0	0	0	1
4931_sub1	1	8	5	3	5	3	0	0
4931_sub2	0	1	0	1	0	0	0	1
4931_sub3	0	1	1	0	0	0	1	0
4938_sub0	0	5	1	4	0	0	1	4
4938_sub1	0	1	0	1	0	0	0	1
4938_sub2	0	1	0	1	0	0	0	1
4944_sub0	1	7	5	2	5	2	0	0
4944_sub1	0	1	1	0	0	0	1	0
4944_sub2	0	1	0	1	0	0	0	1
4944_sub3	0	1	0	1	0	0	0	1
4974_sub0	0	3	2	1	0	0	2	1
4974_sub1	0	1	1	0	0	0	1	0
4974_sub2	0	1	1	0	0	0	1	0
4974_sub3	0	1	1	0	0	0	1	0
4976_sub0	0	4	2	2	0	0	2	2
4976_sub1	0	1	0	1	0	0	0	1
4976_sub2	0	1	1	0	0	0	1	0
4996_sub0	0	1	1	0	0	0	1	0
4996_sub1	0	2	2	0	0	0	2	0
4996_sub2	0	1	0	1	0	0	0	1
4996_sub3	0	2	1	1	0	0	1	1
4996_sub4	0	1	1	0	0	0	1	0
4996_sub5	0	1	0	1	0	0	0	1
4996_sub6	0	1	0	1	0	0	0	1
5016_sub0	0	4	3	1	0	0	3	1
5016_sub1	0	1	1	0	0	0	1	0
5016_sub2	0	1	1	0	0	0	1	0
5020_sub0	0	1	0	1	0	0	0	1
5020_sub1	0	3	1	2	0	0	1	2
5020_sub2	0	1	0	1	0	0	0	1
5020_sub3	0	1	1	0	0	0	1	0
5034_sub0	0	5	1	4	0	0	1	4
5034_sub1	0	1	1	0	0	0	1	0
5034_sub2	0	1	1	0	0	0	1	0
5034_sub3	0	1	1	0	0	0	1	0
5034_sub4	0	1	1	0	0	0	1	0
5039_sub0	0	5	2	3	0	0	2	3
5039_sub1	0	1	0	1	0	0	0	1
5039_sub2	0	1	1	0	0	0	1	0
5039_sub3	0	1	1	0	0	0	1	0
5039_sub4	0	1	1	0	0	0	1	0
5049_sub0	1	10	4	6	4	6	0	0
5049_sub1	0	2	1	1	0	0	1	1
5049_sub2	0	1	0	1	0	0	0	1
5049_sub3	0	1	1	0	0	0	1	0
5052_sub0	0	1	1	0	0	0	1	0
5052_sub1	0	1	0	1	0	0	0	1
5052_sub2	0	1	0	1	0	0	0	1
5052_sub3	0	1	1	0	0	0	1	0
5052_sub4	0	1	0	1	0	0	0	1
5052_sub5	0	1	1	0	0	0	1	0
5054_sub0	0	5	2	3	0	0	2	3
5054_sub1	0	1	0	1	0	0	0	1
5068_sub0	1	6	3	3	3	3	0	0
5068_sub1	0	1	0	1	0	0	0	1
5068_sub2	0	1	0	1	0	0	0	1
5068_sub3	0	1	0	1	0	0	0	1
5095_sub0	0	1	0	1	0	0	0	1
5095_sub1	0	4	1	3	0	0	1	3
5095_sub2	0	1	0	1	0	0	0	1
5097_sub0	0	3	2	1	0	0	2	1
5097_sub1	0	1	0	1	0	0	0	1
5097_sub2	0	1	1	0	0	0	1	0
5097_sub3	0	1	1	0	0	0	1	0
510_sub0	0	4	1	3	0	0	1	3
510_sub1	0	1	1	0	0	0	1	0
510_sub2	0	1	0	1	0	0	0	1
510_sub3	0	1	1	0	0	0	1	0
5114_sub0	1	7	5	2	5	2	0	0
5114_sub1	0	1	1	0	0	0	1	0
5114_sub2	0	1	1	0	0	0	1	0
5127_sub0	0	1	0	1	0	0	0	1
5127_sub1	0	1	1	0	0	0	1	0
5127_sub2	0	1	0	1	0	0	0	1
5127_sub3	0	2	2	0	0	0	2	0
5127_sub4	0	1	1	0	0	0	1	0
5127_sub5	0	1	0	1	0	0	0	1
5136_sub0	1	6	5	1	5	1	0	0
5136_sub1	0	1	0	1	0	0	0	1
5141_sub0	0	4	0	4	0	0	0	4
5141_sub1	0	1	1	0	0	0	1	0
5141_sub2	0	1	1	0	0	0	1	0
5145_sub0	0	3	1	2	0	0	1	2
5145_sub1	0	1	0	1	0	0	0	1
5145_sub2	0	1	0	1	0	0	0	1
5145_sub3	0	1	1	0	0	0	1	0
5148_sub0	0	5	2	3	0	0	2	3
5148_sub1	0	1	0	1	0	0	0	1
5148_sub2	0	1	1	0	0	0	1	0
5148_sub3	0	1	1	0	0	0	1	0
5150_sub0	0	1	1	0	0	0	1	0
5150_sub1	0	1	1	0	0	0	1	0
5150_sub2	0	1	1	0	0	0	1	0
5150_sub3	0	5	4	1	0	0	4	1
5150_sub4	0	1	1	0	0	0	1	0
5150_sub5	0	1	0	1	0	0	0	1
5150_sub6	0	1	0	1	0	0	0	1
5156_sub0	1	10	4	6	4	6	0	0
5156_sub1	0	1	1	0	0	0	1	0
5158_sub0	0	2	1	1	0	0	1	1
5158_sub1	0	1	1	0	0	0	1	0
5158_sub2	0	1	0	1	0	0	0	1
5158_sub3	0	1	1	0	0	0	1	0
5158_sub4	0	1	1	0	0	0	1	0
5164_sub0	0	4	3	1	0	0	3	1
5164_sub1	0	1	0	1	0	0	0	1
5164_sub2	0	1	0	1	0	0	0	1
5165_sub0	0	1	1	0	0	0	1	0
5165_sub1	0	4	3	1	0	0	3	1
5165_sub2	0	1	0	1	0	0	0	1
5165_sub3	0	1	1	0	0	0	1	0
5168_sub0	1	8	2	6	2	6	0	0
5168_sub1	0	1	1	0	0	0	1	0
5168_sub2	0	1	1	0	0	0	1	0
5168_sub3	0	1	0	1	0	0	0	1
5168_sub4	0	1	0	1	0	0	0	1
5176_sub0	0	1	1	0	0	0	1	0
5176_sub1	1	7	3	4	3	4	0	0
5176_sub2	0	1	0	1	0	0	0	1
5176_sub3	0	1	0	1	0	0	0	1
5185_sub0	0	1	1	0	0	0	1	0
5185_sub1	0	1	1	0	0	0	1	0
5185_sub2	0	1	1	0	0	0	1	0
5185_sub3	0	1	0	1	0	0	0	1
5185_sub4	0	1	0	1	0	0	0	1
5185_sub5	0	1	1	0	0	0	1	0
5185_sub6	0	1	0	1	0	0	0	1
5186_sub0	1	6	4	2	4	2	0	0
5186_sub1	0	1	0	1	0	0	0	1
5186_sub2	0	1	0	1	0	0	0	1
5186_sub3	0	1	0	1	0	0	0	1
5199_sub0	0	1	0	1	0	0	0	1
5199_sub1	0	1	1	0	0	0	1	0
5199_sub2	0	3	2	1	0	0	2	1
5199_sub3	0	1	1	0	0	0	1	0
5211_sub0	0	1	0	1	0	0	0	1
5211_sub1	0	1	1	0	0	0	1	0
5211_sub2	0	5	3	2	0	0	3	2
5211_sub3	0	1	1	0	0	0	1	0
5211_sub4	0	1	0	1	0	0	0	1
5220_sub0	1	7	4	3	4	3	0	0
5220_sub1	0	1	0	1	0	0	0	1
5220_sub2	0	1	0	1	0	0	0	1
5220_sub3	0	1	0	1	0	0	0	1
5221_sub0	1	6	2	4	2	4	0	0
5221_sub1	0	1	0	1	0	0	0	1
5221_sub2	0	1	1	0	0	0	1	0
5225_sub0	0	5	2	3	0	0	2	3
5225_sub1	0	1	0	1	0	0	0	1
5225_sub2	0	1	0	1	0	0	0	1
5240_sub0	0	5	1	4	0	0	1	4
5240_sub1	0	1	0	1	0	0	0	1
5240_sub2	0	1	0	1	0	0	0	1
5240_sub3	0	1	0	1	0	0	0	1
5240_sub4	0	1	1	0	0	0	1	0
5247_sub0	0	1	0	1	0	0	0	1
5247_sub1	0	5	3	2	0	0	3	2
5247_sub2	0	1	0	1	0	0	0	1
5247_sub3	0	1	1	0	0	0	1	0
5247_sub4	0	1	0	1	0	0	0	1
525_sub0	1	6	0	6	0	6	0	0
525_sub1	0	1	0	1	0	0	0	1
525_sub2	0	1	0	1	0	0	0	1
525_sub3	0	1	1	0	0	0	1	0
5276_sub0	0	1	1	0	0	0	1	0
5276_sub1	0	1	1	0	0	0	1	0
5276_sub2	0	2	1	1	0	0	1	1
5276_sub3	0	1	0	1	0	0	0	1
5276_sub4	0	1	1	0	0	0	1	0
5279_sub0	0	4	0	4	0	0	0	4
5279_sub1	0	1	0	1	0	0	0	1
5279_sub2	0	1	0	1	0	0	0	1
5288_sub0	0	4	1	3	0	0	1	3
5288_sub1	0	1	1	0	0	0	1	0
5288_sub2	0	1	0	1	0	0	0	1
5288_sub3	0	1	1	0	0	0	1	0
5288_sub4	0	1	1	0	0	0	1	0
5313_sub0	1	9	6	3	6	3	0	0
5313_sub1	0	1	0	1	0	0	0	1
5330_sub0	1	9	7	2	7	2	0	0
5334_sub0	0	1	1	0	0	0	1	0
5334_sub1	1	8	4	4	4	4	0	0
5338_sub0	1	10	6	4	6	4	0	0
534_sub0	1	8	4	4	4	4	0	0
5342_sub0	0	1	1	0	0	0	1	0
5342_sub1	0	1	0	1	0	0	0	1
5342_sub2	0	1	0	1	0	0	0	1
5342_sub3	0	1	1	0	0	0	1	0
5342_sub4	0	1	1	0	0	0	1	0
5342_sub5	0	1	0	1	0	0	0	1
5347_sub0	0	2	1	1	0	0	1	1
5347_sub1	0	1	0	1	0	0	0	1
5347_sub2	0	1	0	1	0	0	0	1
5347_sub3	0	1	0	1	0	0	0	1
5347_sub4	0	1	1	0	0	0	1	0
5356_sub0	0	1	1	0	0	0	1	0
5356_sub1	0	1	1	0	0	0	1	0
5356_sub2	1	6	1	5	1	5	0	0
5356_sub3	0	1	0	1	0	0	0	1
5360_sub0	0	1	0	1	0	0	0	1
5360_sub1	0	2	1	1	0	0	1	1
5360_sub2	0	1	0	1	0	0	0	1
5360_sub3	0	1	1	0	0	0	1	0
5360_sub4	0	1	0	1	0	0	0	1
5360_sub5	0	1	0	1	0	0	0	1
5370_sub0	1	6	4	2	4	2	0	0
5370_sub1	0	1	1	0	0	0	1	0
5379_sub0	0	1	1	0	0	0	1	0
5379_sub1	0	1	0	1	0	0	0	1
5379_sub2	0	1	0	1	0	0	0	1
5379_sub3	0	1	0	1	0	0	0	1
5379_sub4	0	1	0	1	0	0	0	1
5379_sub5	0	1	0	1	0	0	0	1
538_sub0	0	1	0	1	0	0	0	1
538_sub1	0	1	1	0	0	0	1	0
538_sub2	0	1	0	1	0	0	0	1
538_sub3	0	1	1	0	0	0	1	0
538_sub4	0	3	0	3	0	0	0	3
5389_sub0	0	1	0	1	0	0	0	1
5389_sub1	0	4	1	3	0	0	1	3
5389_sub2	0	1	1	0	0	0	1	0
5391_sub0	0	1	0	1	0	0	0	1
5391_sub1	0	4	3	1	0	0	3	1
5391_sub2	0	1	0	1	0	0	0	1
5394_sub0	1	7	5	2	5	2	0	0
5394_sub1	0	1	1	0	0	0	1	0
5394_sub2	0	1	1	0	0	0	1	0
54_sub0	0	1	1	0	0	0	1	0
54_sub1	0	5	3	2	0	0	3	2
54_sub2	0	1	0	1	0	0	0	1
54_sub3	0	1	0	1	0	0	0	1
54_sub4	0	1	1	0	0	0	1	0
5402_sub0	0	5	3	2	0	0	3	2
5402_sub1	0	1	1	0	0	0	1	0
5402_sub2	0	1	1	0	0	0	1	0
5410_sub0	1	6	2	4	2	4	0	0
5410_sub1	0	1	0	1	0	0	0	1
5410_sub2	0	1	0	1	0	0	0	1
5419_sub0	1	9	4	5	4	5	0	0
5458_sub0	1	6	4	2	4	2	0	0
548_sub0	0	1	1	0	0	0	1	0
548_sub1	1	10	6	4	6	4	0	0
5491_sub0	0	1	1	0	0	0	1	0
5491_sub1	0	5	3	2	0	0	3	2
5491_sub2	0	1	1	0	0	0	1	0
5491_sub3	0	1	0	1	0	0	0	1
5504_sub0	1	6	2	4	2	4	0	0
5504_sub1	0	1	0	1	0	0	0	1
5504_sub2	0	1	0	1	0	0	0	1
5515_sub0	1	6	3	3	3	3	0	0
5515_sub1	0	1	0	1	0	0	0	1
5515_sub2	0	1	1	0	0	0	1	0
5515_sub3	0	1	0	1	0	0	0	1
5515_sub4	0	2	0	2	0	0	0	2
5515_sub5	0	1	0	1	0	0	0	1
5515_sub6	0	1	0	1	0	0	0	1
5516_sub0	0	1	1	0	0	0	1	0
5516_sub1	0	1	1	0	0	0	1	0
5516_sub2	0	1	0	1	0	0	0	1
5516_sub3	0	1	1	0	0	0	1	0
5516_sub4	0	1	0	1	0	0	0	1
5516_sub5	0	1	0	1	0	0	0	1
5516_sub6	0	1	0	1	0	0	0	1
552_sub0	1	10	4	6	4	6	0	0
552_sub1	0	1	0	1	0	0	0	1
5524_sub0	1	6	4	2	4	2	0	0
5524_sub1	0	1	0	1	0	0	0	1
5524_sub2	0	1	0	1	0	0	0	1
5524_sub3	0	1	1	0	0	0	1	0
5524_sub4	0	1	0	1	0	0	0	1
5530_sub0	1	9	5	4	5	4	0	0
5530_sub1	0	2	1	1	0	0	1	1
5530_sub2	0	1	0	1	0	0	0	1
5530_sub3	0	1	0	1	0	0	0	1
5536_sub0	0	1	1	0	0	0	1	0
5536_sub1	0	1	0	1	0	0	0	1
5536_sub2	0	1	0	1	0	0	0	1
5536_sub3	0	1	1	0	0	0	1	0
5536_sub4	0	1	1	0	0	0	1	0
5536_sub5	0	1	0	1	0	0	0	1
5536_sub6	0	1	1	0	0	0	1	0
5541_sub0	0	4	1	3	0	0	1	3
5541_sub1	0	1	1	0	0	0	1	0
5541_sub2	0	1	0	1	0	0	0	1
5541_sub3	0	1	1	0	0	0	1	0
5541_sub4	0	1	1	0	0	0	1	0
555_sub0	1	12	7	5	7	5	0	0
555_sub1	0	1	0	1	0	0	0	1
555_sub2	0	1	0	1	0	0	0	1
5550_sub0	0	4	4	0	0	0	4	0
5550_sub1	0	1	1	0	0	0	1	0
5550_sub2	0	1	1	0	0	0	1	0
5559_sub0	0	5	3	2	0	0	3	2
5559_sub1	0	1	1	0	0	0	1	0
5559_sub2	0	1	0	1	0	0	0	1
5559_sub3	0	1	1	0	0	0	1	0
5568_sub0	1	8	6	2	6	2	0	0
5568_sub1	0	1	1	0	0	0	1	0
5568_sub2	0	1	0	1	0	0	0	1
5570_sub0	0	4	3	1	0	0	3	1
5570_sub1	0	1	0	1	0	0	0	1
5570_sub2	0	1	1	0	0	0	1	0
5573_sub0	0	3	2	1	0	0	2	1
5573_sub1	0	1	0	1	0	0	0	1
5573_sub2	0	1	1	0	0	0	1	0
5573_sub3	0	1	1	0	0	0	1	0
5573_sub4	0	1	0	1	0	0	0	1
558_sub0	0	3	1	2	0	0	1	2
558_sub1	0	1	1	0	0	0	1	0
558_sub2	0	1	0	1	0	0	0	1
558_sub3	0	1	0	1	0	0	0	1
558_sub4	0	1	1	0	0	0	1	0
558_sub5	0	1	0	1	0	0	0	1
5582_sub0	1	9	3	6	3	6	0	0
5588_sub0	1	6	2	4	2	4	0	0
5588_sub1	0	1	1	0	0	0	1	0
5588_sub2	0	1	0	1	0	0	0	1
5595_sub0	1	10	8	2	8	2	0	0
5595_sub1	0	1	0	1	0	0	0	1
5595_sub2	0	1	0	1	0	0	0	1
56_sub0	0	1	0	1	0	0	0	1
56_sub1	1	6	4	2	4	2	0	0
56_sub2	0	1	1	0	0	0	1	0
56_sub3	0	1	0	1	0	0	0	1
56_sub4	0	1	1	0	0	0	1	0
5607_sub0	0	1	0	1	0	0	0	1
5607_sub1	0	1	1	0	0	0	1	0
5607_sub2	1	6	4	2	4	2	0	0
5608_sub0	0	5	3	2	0	0	3	2
5608_sub1	0	1	1	0	0	0	1	0
5618_sub0	1	6	1	5	1	5	0	0
5618_sub1	0	1	1	0	0	0	1	0
5618_sub2	0	1	0	1	0	0	0	1
5618_sub3	0	1	1	0	0	0	1	0
5618_sub4	0	1	0	1	0	0	0	1
5618_sub5	0	1	0	1	0	0	0	1
5621_sub0	0	1	1	0	0	0	1	0
5621_sub1	0	1	1	0	0	0	1	0
5621_sub2	0	1	0	1	0	0	0	1
5621_sub3	0	1	0	1	0	0	0	1
5621_sub4	0	1	0	1	0	0	0	1
5621_sub5	0	1	1	0	0	0	1	0
5622_sub0	0	4	1	3	0	0	1	3
5622_sub1	0	1	1	0	0	0	1	0
5622_sub2	0	1	1	0	0	0	1	0
5635_sub0	0	1	0	1	0	0	0	1
5635_sub1	0	1	0	1	0	0	0	1
5635_sub2	0	1	1	0	0	0	1	0
5635_sub3	0	2	1	1	0	0	1	1
5635_sub4	0	1	0	1	0	0	0	1
5635_sub5	0	1	0	1	0	0	0	1
5646_sub0	0	4	3	1	0	0	3	1
5646_sub1	0	1	1	0	0	0	1	0
5646_sub2	0	1	0	1	0	0	0	1
565_sub0	0	1	1	0	0	0	1	0
565_sub1	1	7	2	5	2	5	0	0
565_sub2	0	1	0	1	0	0	0	1
5653_sub0	0	1	1	0	0	0	1	0
5653_sub1	1	7	4	3	4	3	0	0
5674_sub0	1	6	4	2	4	2	0	0
5674_sub1	0	1	0	1	0	0	0	1
5674_sub2	0	1	1	0	0	0	1	0
5674_sub3	0	1	0	1	0	0	0	1
5674_sub4	0	1	0	1	0	0	0	1
5674_sub5	0	1	0	1	0	0	0	1
5674_sub6	0	1	0	1	0	0	0	1
5674_sub7	0	1	0	1	0	0	0	1
5677_sub0	0	1	0	1	0	0	0	1
5677_sub1	0	4	4	0	0	0	4	0
5677_sub2	0	2	0	2	0	0	0	2
5677_sub3	0	1	0	1	0	0	0	1
5677_sub4	0	1	1	0	0	0	1	0
5680_sub0	1	13	8	5	8	5	0	0
5694_sub0	0	5	1	4	0	0	1	4
5694_sub1	0	1	1	0	0	0	1	0
5694_sub2	0	1	0	1	0	0	0	1
5707_sub0	1	6	3	3	3	3	0	0
5707_sub1	0	1	0	1	0	0	0	1
571_sub0	1	7	4	3	4	3	0	0
571_sub1	0	1	1	0	0	0	1	0
5717_sub0	0	3	2	1	0	0	2	1
5717_sub1	0	1	0	1	0	0	0	1
5717_sub2	0	1	1	0	0	0	1	0
5717_sub3	0	1	0	1	0	0	0	1
5717_sub4	0	1	1	0	0	0	1	0
5717_sub5	0	1	0	1	0	0	0	1
5727_sub0	0	5	1	4	0	0	1	4
5727_sub1	0	1	0	1	0	0	0	1
5727_sub2	0	1	1	0	0	0	1	0
573_sub0	0	1	0	1	0	0	0	1
573_sub1	0	5	1	4	0	0	1	4
5730_sub0	0	1	1	0	0	0	1	0
5730_sub1	0	5	2	3	0	0	2	3
5737_sub0	0	4	2	2	0	0	2	2
5737_sub1	0	1	1	0	0	0	1	0
5737_sub2	0	1	1	0	0	0	1	0
5765_sub0	0	1	0	1	0	0	0	1
5765_sub1	0	5	2	3	0	0	2	3
5770_sub0	0	1	1	0	0	0	1	0
5770_sub1	1	10	2	8	2	8	0	0
5771_sub0	0	5	1	4	0	0	1	4
5771_sub1	0	1	1	0	0	0	1	0
5801_sub0	1	6	3	3	3	3	0	0
5801_sub1	0	1	1	0	0	0	1	0
5801_sub2	0	1	1	0	0	0	1	0
5801_sub3	0	1	0	1	0	0	0	1
5807_sub0	0	5	3	2	0	0	3	2
5807_sub1	0	1	1	0	0	0	1	0
5807_sub2	0	1	0	1	0	0	0	1
5807_sub3	0	1	1	0	0	0	1	0
5811_sub0	0	1	1	0	0	0	1	0
5811_sub1	0	1	0	1	0	0	0	1
5811_sub2	0	4	2	2	0	0	2	2
5811_sub3	0	1	1	0	0	0	1	0
5811_sub4	0	1	0	1	0	0	0	1
5826_sub0	0	1	1	0	0	0	1	0
5826_sub1	0	2	2	0	0	0	2	0
5826_sub2	0	1	1	0	0	0	1	0
5826_sub3	0	1	0	1	0	0	0	1
5826_sub4	0	1	0	1	0	0	0	1
5836_sub0	1	8	3	5	3	5	0	0
5836_sub1	0	1	0	1	0	0	0	1
5836_sub2	0	1	0	1	0	0	0	1
5836_sub3	0	1	1	0	0	0	1	0
5836_sub4	0	1	0	1	0	0	0	1
5851_sub0	0	1	1	0	0	0	1	0
5851_sub1	1	6	4	2	4	2	0	0
5851_sub2	0	1	0	1	0	0	0	1
5881_sub0	1	6	6	0	6	0	0	0
590_sub0	1	8	4	4	4	4	0	0
590_sub1	0	1	0	1	0	0	0	1
590_sub2	0	1	1	0	0	0	1	0
590_sub3	0	1	0	1	0	0	0	1
590_sub4	0	1	1	0	0	0	1	0
590_sub5	0	1	0	1	0	0	0	1
5901_sub0	0	5	4	1	0	0	4	1
5901_sub1	0	1	1	0	0	0	1	0
5910_sub0	0	4	3	1	0	0	3	1
5910_sub1	0	1	1	0	0	0	1	0
5910_sub2	0	1	0	1	0	0	0	1
5943_sub0	1	6	3	3	3	3	0	0
5943_sub1	0	1	1	0	0	0	1	0
5943_sub2	0	1	1	0	0	0	1	0
5943_sub3	0	1	0	1	0	0	0	1
5947_sub0	0	1	0	1	0	0	0	1
5947_sub1	0	5	3	2	0	0	3	2
595_sub0	0	5	2	3	0	0	2	3
595_sub1	0	1	1	0	0	0	1	0
5958_sub0	0	3	2	1	0	0	2	1
5958_sub1	0	1	1	0	0	0	1	0
5958_sub2	0	1	1	0	0	0	1	0
5958_sub3	0	1	1	0	0	0	1	0
596_sub0	0	5	1	4	0	0	1	4
596_sub1	0	1	0	1	0	0	0	1
5960_sub0	0	5	1	4	0	0	1	4
5960_sub1	0	1	1	0	0	0	1	0
5960_sub2	0	1	0	1	0	0	0	1
5973_sub0	0	2	0	2	0	0	0	2
5973_sub1	0	1	0	1	0	0	0	1
5973_sub2	0	1	0	1	0	0	0	1
5973_sub3	0	1	0	1	0	0	0	1
5973_sub4	0	1	1	0	0	0	1	0
5979_sub0	1	7	3	4	3	4	0	0
5979_sub1	0	1	1	0	0	0	1	0
5979_sub2	0	1	0	1	0	0	0	1
5980_sub0	0	3	2	1	0	0	2	1
5980_sub1	0	1	0	1	0	0	0	1
5980_sub2	0	1	1	0	0	0	1	0
5980_sub3	0	1	0	1	0	0	0	1
5980_sub4	0	1	1	0	0	0	1	0
5986_sub0	1	6	3	3	3	3	0	0
5986_sub1	0	1	1	0	0	0	1	0
5986_sub2	0	1	1	0	0	0	1	0
5995_sub0	0	5	2	3	0	0	2	3
5995_sub1	0	1	0	1	0	0	0	1
5995_sub2	0	1	0	1	0	0	0	1
5995_sub3	0	1	1	0	0	0	1	0
5998_sub0	0	1	0	1	0	0	0	1
5998_sub1	1	6	4	2	4	2	0	0
6011_sub0	1	6	3	3	3	3	0	0
6011_sub1	0	1	1	0	0	0	1	0
6011_sub2	0	1	0	1	0	0	0	1
6012_sub0	0	5	1	4	0	0	1	4
6012_sub1	0	1	0	1	0	0	0	1
604_sub0	1	9	4	5	4	5	0	0
604_sub1	0	1	1	0	0	0	1	0
6057_sub0	1	6	3	3	3	3	0	0
6057_sub1	0	1	0	1	0	0	0	1
6057_sub2	0	1	0	1	0	0	0	1
6061_sub0	0	1	0	1	0	0	0	1
6061_sub1	1	6	4	2	4	2	0	0
6066_sub0	1	6	3	3	3	3	0	0
6066_sub1	0	1	1	0	0	0	1	0
6066_sub2	0	2	1	1	0	0	1	1
609_sub0	0	1	1	0	0	0	1	0
609_sub1	0	1	1	0	0	0	1	0
609_sub2	0	3	0	3	0	0	0	3
609_sub3	0	1	0	1	0	0	0	1
609_sub4	0	1	1	0	0	0	1	0
6098_sub0	1	7	5	2	5	2	0	0
6106_sub0	0	2	2	0	0	0	2	0
6106_sub1	0	1	1	0	0	0	1	0
6106_sub2	0	1	1	0	0	0	1	0
6106_sub3	0	1	1	0	0	0	1	0
6106_sub4	0	1	0	1	0	0	0	1
6106_sub5	0	1	1	0	0	0	1	0
6107_sub0	1	7	2	5	2	5	0	0
6107_sub1	0	1	0	1	0	0	0	1
6107_sub2	0	1	1	0	0	0	1	0
612_sub0	0	5	3	2	0	0	3	2
612_sub1	0	1	1	0	0	0	1	0
612_sub2	0	1	0	1	0	0	0	1
6139_sub0	0	4	3	1	0	0	3	1
6139_sub1	0	1	0	1	0	0	0	1
6139_sub2	0	1	0	1	0	0	0	1
614_sub0	0	5	2	3	0	0	2	3
614_sub1	0	1	0	1	0	0	0	1
614_sub2	0	1	1	0	0	0	1	0
6140_sub0	1	7	4	3	4	3	0	0
615_sub0	1	6	5	1	5	1	0	0
6154_sub0	1	8	6	2	6	2	0	0
6157_sub0	0	1	0	1	0	0	0	1
6157_sub1	0	5	2	3	0	0	2	3
6157_sub2	0	1	1	0	0	0	1	0
6157_sub3	0	1	0	1	0	0	0	1
6157_sub4	0	1	0	1	0	0	0	1
6157_sub5	0	1	0	1	0	0	0	1
6157_sub6	0	1	0	1	0	0	0	1
616_sub0	0	1	1	0	0	0	1	0
616_sub1	0	1	0	1	0	0	0	1
616_sub2	0	4	1	3	0	0	1	3
616_sub3	0	1	1	0	0	0	1	0
6167_sub0	1	6	4	2	4	2	0	0
6167_sub1	0	1	1	0	0	0	1	0
6171_sub0	1	11	8	3	8	3	0	0
6183_sub0	0	4	1	3	0	0	1	3
6183_sub1	0	1	0	1	0	0	0	1
6183_sub2	0	1	1	0	0	0	1	0
6184_sub0	0	4	2	2	0	0	2	2
6184_sub1	0	1	1	0	0	0	1	0
6184_sub2	0	1	0	1	0	0	0	1
62_sub0	0	1	0	1	0	0	0	1
62_sub1	0	1	1	0	0	0	1	0
62_sub2	1	14	7	7	7	7	0	0
62_sub3	0	1	0	1	0	0	0	1
6220_sub0	0	4	2	2	0	0	2	2
6220_sub1	0	1	1	0	0	0	1	0
6220_sub2	0	1	1	0	0	0	1	0
6253_sub0	1	8	4	4	4	4	0	0
6253_sub1	0	1	0	1	0	0	0	1
6253_sub2	0	1	0	1	0	0	0	1
6253_sub3	0	1	0	1	0	0	0	1
6258_sub0	0	3	0	3	0	0	0	3
6258_sub1	0	1	1	0	0	0	1	0
6258_sub2	0	1	0	1	0	0	0	1
6258_sub3	0	1	0	1	0	0	0	1
6268_sub0	0	1	0	1	0	0	0	1
6268_sub1	0	1	1	0	0	0	1	0
6268_sub2	1	6	2	4	2	4	0	0
6269_sub0	0	4	3	1	0	0	3	1
6269_sub1	0	1	1	0	0	0	1	0
6269_sub2	0	1	0	1	0	0	0	1
6284_sub0	0	5	4	1	0	0	4	1
6284_sub1	0	1	1	0	0	0	1	0
629_sub0	1	9	3	6	3	6	0	0
629_sub1	0	1	0	1	0	0	0	1
6295_sub0	1	7	3	4	3	4	0	0
63_sub0	0	1	0	1	0	0	0	1
63_sub1	0	1	0	1	0	0	0	1
63_sub2	0	1	0	1	0	0	0	1
63_sub3	0	1	1	0	0	0	1	0
63_sub4	1	10	4	6	4	6	0	0
63_sub5	0	1	0	1	0	0	0	1
6301_sub0	0	4	3	1	0	0	3	1
6301_sub1	0	1	1	0	0	0	1	0
6301_sub2	0	1	0	1	0	0	0	1
6306_sub0	0	1	1	0	0	0	1	0
6306_sub1	0	1	0	1	0	0	0	1
6306_sub2	0	1	1	0	0	0	1	0
6306_sub3	0	1	1	0	0	0	1	0
6306_sub4	0	1	0	1	0	0	0	1
6306_sub5	0	1	0	1	0	0	0	1
6316_sub0	0	4	2	2	0	0	2	2
6316_sub1	0	1	0	1	0	0	0	1
6316_sub2	0	1	0	1	0	0	0	1
632_sub0	1	6	3	3	3	3	0	0
632_sub1	0	1	0	1	0	0	0	1
633_sub0	0	1	1	0	0	0	1	0
633_sub1	1	8	6	2	6	2	0	0
6360_sub0	0	1	0	1	0	0	0	1
6360_sub1	0	5	3	2	0	0	3	2
6360_sub2	0	1	0	1	0	0	0	1
6360_sub3	0	1	1	0	0	0	1	0
6360_sub4	0	1	0	1	0	0	0	1
637_sub0	0	1	0	1	0	0	0	1
637_sub1	0	1	0	1	0	0	0	1
637_sub2	0	3	2	1	0	0	2	1
637_sub3	0	1	0	1	0	0	0	1
6371_sub0	0	1	1	0	0	0	1	0
6371_sub1	0	1	1	0	0	0	1	0
6371_sub2	0	1	1	0	0	0	1	0
6371_sub3	0	1	1	0	0	0	1	0
6371_sub4	0	1	0	1	0	0	0	1
6371_sub5	0	1	0	1	0	0	0	1
6371_sub6	0	1	1	0	0	0	1	0
6374_sub0	1	8	1	7	1	7	0	0
6374_sub1	0	1	1	0	0	0	1	0
6374_sub2	0	1	1	0	0	0	1	0
6375_sub0	0	4	2	2	0	0	2	2
6375_sub1	0	1	1	0	0	0	1	0
6375_sub2	0	1	0	1	0	0	0	1
6442_sub0	0	1	0	1	0	0	0	1
6442_sub1	0	1	0	1	0	0	0	1
6442_sub2	0	3	1	2	0	0	1	2
6442_sub3	0	1	1	0	0	0	1	0
6442_sub4	0	1	0	1	0	0	0	1
6450_sub0	0	2	2	0	0	0	2	0
6450_sub1	0	2	1	1	0	0	1	1
6450_sub2	0	1	1	0	0	0	1	0
6450_sub3	0	1	0	1	0	0	0	1
6472_sub0	0	4	0	4	0	0	0	4
6472_sub1	0	1	0	1	0	0	0	1
6472_sub2	0	1	1	0	0	0	1	0
6472_sub3	0	1	1	0	0	0	1	0
6474_sub0	1	8	4	4	4	4	0	0
6474_sub1	0	1	1	0	0	0	1	0
6476_sub0	1	6	2	4	2	4	0	0
6476_sub1	0	1	1	0	0	0	1	0
6476_sub2	0	1	1	0	0	0	1	0
6476_sub3	0	1	1	0	0	0	1	0
6476_sub4	0	1	0	1	0	0	0	1
6490_sub0	0	4	2	2	0	0	2	2
6490_sub1	0	1	0	1	0	0	0	1
6490_sub2	0	1	1	0	0	0	1	0
6490_sub3	0	1	0	1	0	0	0	1
6497_sub0	0	3	2	1	0	0	2	1
6497_sub1	0	1	1	0	0	0	1	0
6497_sub2	0	1	1	0	0	0	1	0
6497_sub3	0	1	0	1	0	0	0	1
6497_sub4	0	1	0	1	0	0	0	1
65_sub0	0	1	0	1	0	0	0	1
65_sub1	1	8	4	4	4	4	0	0
65_sub2	0	1	0	1	0	0	0	1
65_sub3	0	1	1	0	0	0	1	0
6517_sub0	1	6	5	1	5	1	0	0
6517_sub1	0	1	1	0	0	0	1	0
6517_sub2	0	1	1	0	0	0	1	0
6526_sub0	0	1	1	0	0	0	1	0
6526_sub1	0	1	1	0	0	0	1	0
6526_sub2	0	1	0	1	0	0	0	1
6526_sub3	0	1	1	0	0	0	1	0
6526_sub4	0	1	1	0	0	0	1	0
6526_sub5	0	1	0	1	0	0	0	1
6531_sub0	1	8	1	7	1	7	0	0
654_sub0	0	5	2	3	0	0	2	3
654_sub1	0	1	1	0	0	0	1	0
654_sub2	0	1	1	0	0	0	1	0
654_sub3	0	1	1	0	0	0	1	0
654_sub4	0	1	0	1	0	0	0	1
654_sub5	0	1	1	0	0	0	1	0
654_sub6	0	1	0	1	0	0	0	1
654_sub7	0	1	1	0	0	0	1	0
654_sub8	0	1	0	1	0	0	0	1
6553_sub0	0	1	0	1	0	0	0	1
6553_sub1	0	4	2	2	0	0	2	2
6553_sub2	0	1	0	1	0	0	0	1
6553_sub3	0	1	1	0	0	0	1	0
6553_sub4	0	1	1	0	0	0	1	0
6553_sub5	0	1	1	0	0	0	1	0
656_sub0	1	10	4	6	4	6	0	0
656_sub1	0	1	1	0	0	0	1	0
6566_sub0	0	4	3	1	0	0	3	1
6566_sub1	0	1	1	0	0	0	1	0
6566_sub2	0	1	1	0	0	0	1	0
6577_sub0	0	1	0	1	0	0	0	1
6577_sub1	1	6	3	3	3	3	0	0
6577_sub2	0	1	1	0	0	0	1	0
6586_sub0	1	8	5	3	5	3	0	0
6586_sub1	0	1	0	1	0	0	0	1
6589_sub0	0	5	3	2	0	0	3	2
6589_sub1	0	1	0	1	0	0	0	1
6590_sub0	1	9	4	5	4	5	0	0
6590_sub1	0	1	0	1	0	0	0	1
6600_sub0	0	5	2	3	0	0	2	3
6600_sub1	0	1	0	1	0	0	0	1
6605_sub0	0	1	0	1	0	0	0	1
6605_sub1	0	5	2	3	0	0	2	3
6679_sub0	0	5	2	3	0	0	2	3
6679_sub1	0	1	0	1	0	0	0	1
6680_sub0	0	1	0	1	0	0	0	1
6680_sub1	0	3	2	1	0	0	2	1
6680_sub2	0	1	1	0	0	0	1	0
6680_sub3	0	1	0	1	0	0	0	1
6680_sub4	0	1	1	0	0	0	1	0
6683_sub0	0	5	1	4	0	0	1	4
6683_sub1	0	1	0	1	0	0	0	1
6683_sub2	0	1	0	1	0	0	0	1
6683_sub3	0	1	0	1	0	0	0	1
6684_sub0	0	5	2	3	0	0	2	3
6684_sub1	0	1	1	0	0	0	1	0
6692_sub0	0	5	4	1	0	0	4	1
6692_sub1	0	1	1	0	0	0	1	0
6692_sub2	0	1	0	1	0	0	0	1
6695_sub0	0	2	1	1	0	0	1	1
6695_sub1	0	1	1	0	0	0	1	0
6695_sub2	0	1	1	0	0	0	1	0
6695_sub3	0	1	1	0	0	0	1	0
6695_sub4	0	1	0	1	0	0	0	1
6699_sub0	0	1	0	1	0	0	0	1
6699_sub1	0	5	3	2	0	0	3	2
6699_sub2	0	1	1	0	0	0	1	0
670_sub0	1	6	1	5	1	5	0	0
670_sub1	0	1	0	1	0	0	0	1
6730_sub0	1	6	2	4	2	4	0	0
6735_sub0	0	1	0	1	0	0	0	1
6735_sub1	0	1	1	0	0	0	1	0
6735_sub2	0	1	1	0	0	0	1	0
6735_sub3	0	1	0	1	0	0	0	1
6735_sub4	0	1	1	0	0	0	1	0
6735_sub5	0	1	0	1	0	0	0	1
6741_sub0	1	9	2	7	2	7	0	0
6741_sub1	0	1	1	0	0	0	1	0
6741_sub2	0	1	1	0	0	0	1	0
6747_sub0	0	5	3	2	0	0	3	2
6747_sub1	0	1	1	0	0	0	1	0
6747_sub2	0	1	0	1	0	0	0	1
6749_sub0	0	4	2	2	0	0	2	2
6749_sub1	0	1	1	0	0	0	1	0
6749_sub2	0	1	1	0	0	0	1	0
6754_sub0	0	5	1	4	0	0	1	4
6754_sub1	0	1	0	1	0	0	0	1
6756_sub0	0	1	0	1	0	0	0	1
6756_sub1	0	3	1	2	0	0	1	2
6756_sub2	0	1	0	1	0	0	0	1
6756_sub3	0	1	1	0	0	0	1	0
6756_sub4	0	1	0	1	0	0	0	1
6763_sub0	0	4	3	1	0	0	3	1
6763_sub1	0	1	0	1	0	0	0	1
6763_sub2	0	1	1	0	0	0	1	0
6766_sub0	0	5	4	1	0	0	4	1
6766_sub1	0	1	0	1	0	0	0	1
6766_sub2	0	1	0	1	0	0	0	1
6766_sub3	0	1	0	1	0	0	0	1
6769_sub0	1	7	3	4	3	4	0	0
6769_sub1	0	1	0	1	0	0	0	1
6769_sub2	0	1	1	0	0	0	1	0
6776_sub0	1	6	2	4	2	4	0	0
6776_sub1	0	1	0	1	0	0	0	1
6776_sub2	0	1	0	1	0	0	0	1
6787_sub0	0	5	2	3	0	0	2	3
6787_sub1	0	1	1	0	0	0	1	0
6796_sub0	0	5	3	2	0	0	3	2
6796_sub1	0	1	0	1	0	0	0	1
6796_sub2	0	1	1	0	0	0	1	0
6814_sub0	0	1	0	1	0	0	0	1
6814_sub1	0	2	1	1	0	0	1	1
6814_sub2	0	1	0	1	0	0	0	1
6814_sub3	0	1	1	0	0	0	1	0
6814_sub4	0	1	0	1	0	0	0	1
682_sub0	0	1	1	0	0	0	1	0
682_sub1	0	4	2	2	0	0	2	2
682_sub2	0	1	1	0	0	0	1	0
6847_sub0	0	1	1	0	0	0	1	0
6847_sub1	1	7	6	1	6	1	0	0
6878_sub0	1	6	4	2	4	2	0	0
6878_sub1	0	1	1	0	0	0	1	0
6878_sub2	0	1	0	1	0	0	0	1
6889_sub0	0	4	3	1	0	0	3	1
6889_sub1	0	1	1	0	0	0	1	0
6889_sub2	0	1	0	1	0	0	0	1
689_sub0	0	1	0	1	0	0	0	1
689_sub1	1	6	4	2	4	2	0	0
6898_sub0	0	4	3	1	0	0	3	1
6898_sub1	0	1	0	1	0	0	0	1
6898_sub2	0	1	1	0	0	0	1	0
6905_sub0	1	7	3	4	3	4	0	0
6905_sub1	0	1	1	0	0	0	1	0
6905_sub2	0	1	0	1	0	0	0	1
6911_sub0	1	6	3	3	3	3	0	0
6916_sub0	0	1	0	1	0	0	0	1
6916_sub1	0	4	3	1	0	0	3	1
6916_sub2	0	1	0	1	0	0	0	1
6918_sub0	0	1	1	0	0	0	1	0
6918_sub1	1	9	6	3	6	3	0	0
6918_sub2	0	1	1	0	0	0	1	0
6920_sub0	0	1	1	0	0	0	1	0
6920_sub1	0	5	3	2	0	0	3	2
694_sub0	0	1	0	1	0	0	0	1
694_sub1	1	9	4	5	4	5	0	0
694_sub2	0	1	1	0	0	0	1	0
694_sub3	0	1	0	1	0	0	0	1
696_sub0	0	1	0	1	0	0	0	1
696_sub1	0	1	1	0	0	0	1	0
696_sub2	1	8	4	4	4	4	0	0
70_sub0	0	1	0	1	0	0	0	1
70_sub1	0	1	1	0	0	0	1	0
70_sub2	0	1	1	0	0	0	1	0
70_sub3	0	1	1	0	0	0	1	0
70_sub4	0	1	0	1	0	0	0	1
70_sub5	0	1	0	1	0	0	0	1
7014_sub0	1	7	5	2	5	2	0	0
7046_sub0	1	6	5	1	5	1	0	0
7049_sub0	1	6	5	1	5	1	0	0
7049_sub1	0	1	0	1	0	0	0	1
7049_sub2	0	1	0	1	0	0	0	1
706_sub0	0	1	0	1	0	0	0	1
706_sub1	1	8	4	4	4	4	0	0
707_sub0	1	8	5	3	5	3	0	0
707_sub1	0	1	0	1	0	0	0	1
707_sub2	0	1	1	0	0	0	1	0
707_sub3	0	1	0	1	0	0	0	1
7076_sub0	0	4	2	2	0	0	2	2
7076_sub1	0	1	1	0	0	0	1	0
7076_sub2	0	1	1	0	0	0	1	0
7076_sub3	0	1	1	0	0	0	1	0
7084_sub0	0	5	2	3	0	0	2	3
7084_sub1	0	1	1	0	0	0	1	0
7094_sub0	0	1	1	0	0	0	1	0
7094_sub1	0	1	0	1	0	0	0	1
7094_sub2	0	4	3	1	0	0	3	1
7099_sub0	0	1	1	0	0	0	1	0
7099_sub1	0	1	1	0	0	0	1	0
7099_sub2	0	1	0	1	0	0	0	1
7099_sub3	0	3	2	1	0	0	2	1
7099_sub4	0	1	0	1	0	0	0	1
7113_sub0	0	1	0	1	0	0	0	1
7113_sub1	1	6	3	3	3	3	0	0
7113_sub2	0	1	0	1	0	0	0	1
7138_sub0	0	1	0	1	0	0	0	1
7138_sub1	0	5	2	3	0	0	2	3
7139_sub0	1	7	4	3	4	3	0	0
7139_sub1	0	1	0	1	0	0	0	1
7144_sub0	0	1	1	0	0	0	1	0
7144_sub1	0	1	0	1	0	0	0	1
7144_sub2	0	5	3	2	0	0	3	2
7144_sub3	0	1	1	0	0	0	1	0
7155_sub0	1	7	4	3	4	3	0	0
7155_sub1	0	1	0	1	0	0	0	1
716_sub0	0	1	1	0	0	0	1	0
716_sub1	0	1	0	1	0	0	0	1
716_sub2	0	1	0	1	0	0	0	1
716_sub3	0	1	1	0	0	0	1	0
716_sub4	0	1	0	1	0	0	0	1
716_sub5	0	1	1	0	0	0	1	0
717_sub0	0	5	2	3	0	0	2	3
717_sub1	0	1	0	1	0	0	0	1
717_sub2	0	1	0	1	0	0	0	1
719_sub0	0	1	0	1	0	0	0	1
719_sub1	1	12	6	6	6	6	0	0
7196_sub0	0	5	2	3	0	0	2	3
7196_sub1	0	1	1	0	0	0	1	0
7211_sub0	0	3	1	2	0	0	1	2
7211_sub1	0	1	1	0	0	0	1	0
7211_sub2	0	1	0	1	0	0	0	1
7211_sub3	0	1	0	1	0	0	0	1
7239_sub0	0	1	1	0	0	0	1	0
7239_sub1	1	6	3	3	3	3	0	0
7239_sub2	0	1	1	0	0	0	1	0
7239_sub3	0	1	1	0	0	0	1	0
7252_sub0	1	6	2	4	2	4	0	0
7256_sub0	1	7	5	2	5	2	0	0
7256_sub1	0	1	1	0	0	0	1	0
7256_sub2	0	1	1	0	0	0	1	0
7256_sub3	0	1	0	1	0	0	0	1
7257_sub0	0	1	1	0	0	0	1	0
7257_sub1	1	7	5	2	5	2	0	0
7257_sub2	0	1	0	1	0	0	0	1
7257_sub3	0	1	0	1	0	0	0	1
7265_sub0	0	3	2	1	0	0	2	1
7265_sub1	0	1	1	0	0	0	1	0
7265_sub2	0	1	0	1	0	0	0	1
7265_sub3	0	1	0	1	0	0	0	1
7273_sub0	0	4	3	1	0	0	3	1
7273_sub1	0	1	1	0	0	0	1	0
7273_sub2	0	1	1	0	0	0	1	0
7295_sub0	1	6	4	2	4	2	0	0
7295_sub1	0	1	1	0	0	0	1	0
7295_sub2	0	1	1	0	0	0	1	0
7313_sub0	0	1	1	0	0	0	1	0
7313_sub1	0	4	1	3	0	0	1	3
7313_sub2	0	1	1	0	0	0	1	0
7320_sub0	0	1	0	1	0	0	0	1
7320_sub1	0	1	1	0	0	0	1	0
7320_sub2	0	5	1	4	0	0	1	4
7320_sub3	0	1	1	0	0	0	1	0
7329_sub0	0	5	1	4	0	0	1	4
7329_sub1	0	1	1	0	0	0	1	0
7329_sub2	0	1	1	0	0	0	1	0
7330_sub0	0	1	1	0	0	0	1	0
7330_sub1	1	7	2	5	2	5	0	0
7337_sub0	0	4	2	2	0	0	2	2
7337_sub1	0	1	1	0	0	0	1	0
7337_sub2	0	1	0	1	0	0	0	1
7347_sub0	1	6	2	4	2	4	0	0
7347_sub1	0	1	0	1	0	0	0	1
7347_sub2	0	1	0	1	0	0	0	1
736_sub0	1	6	2	4	2	4	0	0
736_sub1	0	1	1	0	0	0	1	0
736_sub2	0	1	1	0	0	0	1	0
736_sub3	0	1	1	0	0	0	1	0
7361_sub0	1	6	4	2	4	2	0	0
7362_sub0	0	4	3	1	0	0	3	1
7362_sub1	0	1	1	0	0	0	1	0
7362_sub2	0	1	1	0	0	0	1	0
7378_sub0	0	5	4	1	0	0	4	1
7378_sub1	0	1	0	1	0	0	0	1
7378_sub2	0	1	0	1	0	0	0	1
7378_sub3	0	1	1	0	0	0	1	0
7378_sub4	0	1	1	0	0	0	1	0
7389_sub0	0	4	3	1	0	0	3	1
7389_sub1	0	1	0	1	0	0	0	1
7389_sub2	0	1	0	1	0	0	0	1
74_sub0	0	1	1	0	0	0	1	0
74_sub1	1	7	2	5	2	5	0	0
74_sub2	0	1	1	0	0	0	1	0
74_sub3	0	1	0	1	0	0	0	1
74_sub4	0	1	1	0	0	0	1	0
74_sub5	0	1	1	0	0	0	1	0
740_sub0	0	1	0	1	0	0	0	1
740_sub1	0	4	1	3	0	0	1	3
740_sub2	0	1	1	0	0	0	1	0
740_sub3	0	1	0	1	0	0	0	1
7411_sub0	1	6	2	4	2	4	0	0
7420_sub0	0	4	1	3	0	0	1	3
7420_sub1	0	1	0	1	0	0	0	1
7420_sub2	0	1	1	0	0	0	1	0
7420_sub3	0	1	1	0	0	0	1	0
7421_sub0	1	13	5	8	5	8	0	0
7421_sub1	0	1	1	0	0	0	1	0
7428_sub0	0	5	1	4	0	0	1	4
7428_sub1	0	1	0	1	0	0	0	1
7428_sub2	0	1	0	1	0	0	0	1
7429_sub0	0	1	0	1	0	0	0	1
7429_sub1	1	6	1	5	1	5	0	0
7429_sub2	0	1	0	1	0	0	0	1
7445_sub0	1	6	5	1	5	1	0	0
7447_sub0	0	1	1	0	0	0	1	0
7447_sub1	0	1	1	0	0	0	1	0
7447_sub2	0	4	1	3	0	0	1	3
7447_sub3	0	1	0	1	0	0	0	1
7447_sub4	0	1	0	1	0	0	0	1
7466_sub0	0	1	1	0	0	0	1	0
7466_sub1	0	1	0	1	0	0	0	1
7466_sub2	0	1	1	0	0	0	1	0
7466_sub3	0	3	2	1	0	0	2	1
7466_sub4	0	1	1	0	0	0	1	0
7467_sub0	1	11	7	4	7	4	0	0
7467_sub1	0	1	1	0	0	0	1	0
7467_sub2	0	1	0	1	0	0	0	1
7467_sub3	0	1	0	1	0	0	0	1
7476_sub0	1	10	7	3	7	3	0	0
7523_sub0	1	7	5	2	5	2	0	0
7523_sub1	0	1	1	0	0	0	1	0
7555_sub0	1	6	3	3	3	3	0	0
7555_sub1	0	1	0	1	0	0	0	1
7555_sub2	0	1	0	1	0	0	0	1
7555_sub3	0	1	0	1	0	0	0	1
7555_sub4	0	1	1	0	0	0	1	0
7555_sub5	0	1	0	1	0	0	0	1
7555_sub6	0	1	0	1	0	0	0	1
7556_sub0	1	6	3	3	3	3	0	0
7556_sub1	0	1	0	1	0	0	0	1
7556_sub2	0	1	0	1	0	0	0	1
7556_sub3	0	1	1	0	0	0	1	0
7556_sub4	0	1	0	1	0	0	0	1
7564_sub0	0	1	1	0	0	0	1	0
7564_sub1	0	1	1	0	0	0	1	0
7564_sub2	0	1	1	0	0	0	1	0
7564_sub3	0	1	1	0	0	0	1	0
7564_sub4	0	1	1	0	0	0	1	0
7564_sub5	0	1	0	1	0	0	0	1
7578_sub0	1	7	2	5	2	5	0	0
7617_sub0	0	3	2	1	0	0	2	1
7617_sub1	0	1	1	0	0	0	1	0
7617_sub2	0	1	0	1	0	0	0	1
7617_sub3	0	1	0	1	0	0	0	1
762_sub0	0	1	1	0	0	0	1	0
762_sub1	0	1	0	1	0	0	0	1
762_sub2	0	5	1	4	0	0	1	4
763_sub0	0	1	1	0	0	0	1	0
763_sub1	1	8	2	6	2	6	0	0
7638_sub0	0	1	1	0	0	0	1	0
7638_sub1	0	1	1	0	0	0	1	0
7638_sub2	0	1	1	0	0	0	1	0
7638_sub3	0	1	1	0	0	0	1	0
7638_sub4	0	1	0	1	0	0	0	1
7638_sub5	0	1	1	0	0	0	1	0
7638_sub6	0	1	1	0	0	0	1	0
7649_sub0	0	1	0	1	0	0	0	1
7649_sub1	0	1	0	1	0	0	0	1
7649_sub2	0	1	0	1	0	0	0	1
7649_sub3	0	5	4	1	0	0	4	1
766_sub0	0	1	1	0	0	0	1	0
766_sub1	1	9	6	3	6	3	0	0
766_sub2	0	1	1	0	0	0	1	0
7674_sub0	0	5	2	3	0	0	2	3
7674_sub1	0	1	0	1	0	0	0	1
7688_sub0	0	1	1	0	0	0	1	0
7688_sub1	0	5	3	2	0	0	3	2
7688_sub2	0	1	0	1	0	0	0	1
7689_sub0	0	1	0	1	0	0	0	1
7689_sub1	0	5	2	3	0	0	2	3
7689_sub2	0	1	0	1	0	0	0	1
7691_sub0	0	5	0	5	0	0	0	5
7691_sub1	0	1	1	0	0	0	1	0
7691_sub2	0	1	0	1	0	0	0	1
7697_sub0	0	1	1	0	0	0	1	0
7697_sub1	0	1	0	1	0	0	0	1
7697_sub2	0	5	4	1	0	0	4	1
770_sub0	0	1	0	1	0	0	0	1
770_sub1	1	16	7	9	7	9	0	0
770_sub2	0	1	1	0	0	0	1	0
770_sub3	0	1	0	1	0	0	0	1
7756_sub0	0	5	3	2	0	0	3	2
7756_sub1	0	1	1	0	0	0	1	0
7782_sub0	1	6	3	3	3	3	0	0
7782_sub1	0	1	1	0	0	0	1	0
7798_sub0	0	5	4	1	0	0	4	1
7798_sub1	0	1	1	0	0	0	1	0
7799_sub0	0	4	2	2	0	0	2	2
7799_sub1	0	1	0	1	0	0	0	1
7799_sub2	0	1	1	0	0	0	1	0
7824_sub0	1	7	1	6	1	6	0	0
7824_sub1	0	1	1	0	0	0	1	0
7824_sub2	0	1	0	1	0	0	0	1
7824_sub3	0	1	0	1	0	0	0	1
7824_sub4	0	1	1	0	0	0	1	0
7824_sub5	0	1	1	0	0	0	1	0
783_sub0	0	1	0	1	0	0	0	1
783_sub1	0	4	3	1	0	0	3	1
783_sub2	0	1	1	0	0	0	1	0
783_sub3	0	1	1	0	0	0	1	0
7831_sub0	0	1	1	0	0	0	1	0
7831_sub1	0	1	1	0	0	0	1	0
7831_sub2	0	1	0	1	0	0	0	1
7831_sub3	0	1	0	1	0	0	0	1
7831_sub4	0	1	0	1	0	0	0	1
7831_sub5	0	1	0	1	0	0	0	1
7839_sub0	1	6	2	4	2	4	0	0
7839_sub1	0	1	1	0	0	0	1	0
7840_sub0	0	1	0	1	0	0	0	1
7840_sub1	0	1	0	1	0	0	0	1
7840_sub2	0	4	1	3	0	0	1	3
7857_sub0	0	1	0	1	0	0	0	1
7857_sub1	0	4	2	2	0	0	2	2
7857_sub2	0	1	0	1	0	0	0	1
7868_sub0	0	4	4	0	0	0	4	0
7868_sub1	0	1	1	0	0	0	1	0
7868_sub2	0	1	0	1	0	0	0	1
7873_sub0	1	6	6	0	6	0	0	0
7876_sub0	1	6	4	2	4	2	0	0
7876_sub1	0	1	0	1	0	0	0	1
7882_sub0	0	5	4	1	0	0	4	1
7882_sub1	0	1	0	1	0	0	0	1
7882_sub2	0	1	1	0	0	0	1	0
7913_sub0	0	4	4	0	0	0	4	0
7913_sub1	0	1	0	1	0	0	0	1
7913_sub2	0	1	0	1	0	0	0	1
795_sub0	1	13	6	7	6	7	0	0
795_sub1	0	1	1	0	0	0	1	0
7956_sub0	1	8	3	5	3	5	0	0
7958_sub0	0	1	1	0	0	0	1	0
7958_sub1	0	5	3	2	0	0	3	2
7958_sub2	0	1	0	1	0	0	0	1
7983_sub0	1	9	5	4	5	4	0	0
7983_sub1	0	1	0	1	0	0	0	1
7983_sub2	0	1	0	1	0	0	0	1
799_sub0	0	1	0	1	0	0	0	1
799_sub1	0	1	0	1	0	0	0	1
799_sub2	0	1	0	1	0	0	0	1
799_sub3	0	3	1	2	0	0	1	2
8029_sub0	0	5	1	4	0	0	1	4
8029_sub1	0	1	0	1	0	0	0	1
8029_sub2	0	1	0	1	0	0	0	1
8037_sub0	1	7	6	1	6	1	0	0
8037_sub1	0	1	0	1	0	0	0	1
8037_sub2	0	1	1	0	0	0	1	0
8037_sub3	0	1	0	1	0	0	0	1
8037_sub4	0	1	1	0	0	0	1	0
8037_sub5	0	1	1	0	0	0	1	0
8045_sub0	0	4	1	3	0	0	1	3
8045_sub1	0	1	0	1	0	0	0	1
8045_sub2	0	1	1	0	0	0	1	0
8048_sub0	0	5	2	3	0	0	2	3
8048_sub1	0	1	0	1	0	0	0	1
8052_sub0	1	8	3	5	3	5	0	0
8052_sub1	0	1	0	1	0	0	0	1
8057_sub0	0	5	4	1	0	0	4	1
8057_sub1	0	1	1	0	0	0	1	0
8064_sub0	0	4	2	2	0	0	2	2
8064_sub1	0	1	0	1	0	0	0	1
8064_sub2	0	1	0	1	0	0	0	1
8064_sub3	0	1	0	1	0	0	0	1
809_sub0	0	1	0	1	0	0	0	1
809_sub1	1	8	4	4	4	4	0	0
809_sub2	0	1	1	0	0	0	1	0
809_sub3	0	1	0	1	0	0	0	1
809_sub4	0	1	0	1	0	0	0	1
8100_sub0	0	1	0	1	0	0	0	1
8100_sub1	0	4	4	0	0	0	4	0
8100_sub2	0	1	1	0	0	0	1	0
8102_sub0	0	1	0	1	0	0	0	1
8102_sub1	0	1	0	1	0	0	0	1
8102_sub2	0	2	0	2	0	0	0	2
8102_sub3	0	1	0	1	0	0	0	1
8102_sub4	0	1	0	1	0	0	0	1
8119_sub0	1	7	5	2	5	2	0	0
814_sub0	0	1	0	1	0	0	0	1
814_sub1	1	6	3	3	3	3	0	0
814_sub2	0	1	1	0	0	0	1	0
8141_sub0	0	4	3	1	0	0	3	1
8141_sub1	0	1	0	1	0	0	0	1
8141_sub2	0	1	0	1	0	0	0	1
8168_sub0	1	6	4	2	4	2	0	0
8168_sub1	0	1	0	1	0	0	0	1
8168_sub2	0	1	1	0	0	0	1	0
8169_sub0	1	7	5	2	5	2	0	0
8169_sub1	0	1	0	1	0	0	0	1
8169_sub2	0	1	1	0	0	0	1	0
817_sub0	0	1	0	1	0	0	0	1
817_sub1	1	7	2	5	2	5	0	0
817_sub2	0	1	1	0	0	0	1	0
8176_sub0	0	1	0	1	0	0	0	1
8176_sub1	0	3	2	1	0	0	2	1
8176_sub2	0	1	0	1	0	0	0	1
8176_sub3	0	1	1	0	0	0	1	0
8180_sub0	0	5	1	4	0	0	1	4
8180_sub1	0	1	1	0	0	0	1	0
82_sub0	0	1	1	0	0	0	1	0
82_sub1	0	1	1	0	0	0	1	0
82_sub2	0	4	3	1	0	0	3	1
82_sub3	0	1	1	0	0	0	1	0
820_sub0	1	6	3	3	3	3	0	0
820_sub1	0	1	1	0	0	0	1	0
820_sub2	0	1	0	1	0	0	0	1
8233_sub0	0	1	1	0	0	0	1	0
8233_sub1	0	3	1	2	0	0	1	2
8233_sub2	0	1	1	0	0	0	1	0
8233_sub3	0	1	1	0	0	0	1	0
8237_sub0	1	6	5	1	5	1	0	0
8237_sub1	0	1	0	1	0	0	0	1
8242_sub0	1	6	4	2	4	2	0	0
8264_sub0	0	5	5	0	0	0	5	0
8264_sub1	0	1	0	1	0	0	0	1
8299_sub0	0	5	2	3	0	0	2	3
8299_sub1	0	1	1	0	0	0	1	0
83_sub0	0	1	1	0	0	0	1	0
83_sub1	0	1	0	1	0	0	0	1
83_sub2	0	1	1	0	0	0	1	0
83_sub3	0	1	0	1	0	0	0	1
83_sub4	0	1	1	0	0	0	1	0
83_sub5	0	1	0	1	0	0	0	1
8304_sub0	1	6	5	1	5	1	0	0
8304_sub1	0	1	0	1	0	0	0	1
836_sub0	1	8	5	3	5	3	0	0
836_sub1	0	1	0	1	0	0	0	1
836_sub2	0	1	0	1	0	0	0	1
836_sub3	0	1	0	1	0	0	0	1
836_sub4	0	1	1	0	0	0	1	0
838_sub0	1	6	2	4	2	4	0	0
838_sub1	0	1	0	1	0	0	0	1
838_sub2	0	1	0	1	0	0	0	1
8400_sub0	0	5	1	4	0	0	1	4
8400_sub1	0	1	1	0	0	0	1	0
8400_sub2	0	1	0	1	0	0	0	1
8407_sub0	0	5	2	3	0	0	2	3
8407_sub1	0	1	1	0	0	0	1	0
8447_sub0	0	5	3	2	0	0	3	2
8447_sub1	0	1	0	1	0	0	0	1
8466_sub0	0	3	3	0	0	0	3	0
8466_sub1	0	1	1	0	0	0	1	0
8466_sub2	0	1	1	0	0	0	1	0
8466_sub3	0	1	0	1	0	0	0	1
847_sub0	1	6	4	2	4	2	0	0
849_sub0	0	5	2	3	0	0	2	3
849_sub1	0	1	1	0	0	0	1	0
849_sub2	0	1	1	0	0	0	1	0
8498_sub0	0	3	2	1	0	0	2	1
8498_sub1	0	1	0	1	0	0	0	1
8498_sub2	0	1	0	1	0	0	0	1
8498_sub3	0	1	0	1	0	0	0	1
8498_sub4	0	1	0	1	0	0	0	1
850_sub0	1	8	4	4	4	4	0	0
850_sub1	0	1	0	1	0	0	0	1
8539_sub0	1	7	5	2	5	2	0	0
8539_sub1	0	1	0	1	0	0	0	1
8539_sub2	0	1	1	0	0	0	1	0
8562_sub0	0	3	2	1	0	0	2	1
8562_sub1	0	1	1	0	0	0	1	0
8562_sub2	0	1	0	1	0	0	0	1
8562_sub3	0	1	1	0	0	0	1	0
860_sub0	1	6	4	2	4	2	0	0
860_sub1	0	1	1	0	0	0	1	0
860_sub2	0	1	0	1	0	0	0	1
8620_sub0	0	5	4	1	0	0	4	1
8620_sub1	0	1	0	1	0	0	0	1
8664_sub0	0	5	0	5	0	0	0	5
8664_sub1	0	1	0	1	0	0	0	1
8664_sub2	0	1	1	0	0	0	1	0
8664_sub3	0	1	0	1	0	0	0	1
869_sub0	0	4	2	2	0	0	2	2
869_sub1	0	1	0	1	0	0	0	1
869_sub2	0	1	1	0	0	0	1	0
8705_sub0	1	6	4	2	4	2	0	0
8705_sub1	0	1	1	0	0	0	1	0
8705_sub2	0	1	0	1	0	0	0	1
8705_sub3	0	1	0	1	0	0	0	1
8708_sub0	0	5	2	3	0	0	2	3
8708_sub1	0	1	0	1	0	0	0	1
8708_sub2	0	1	0	1	0	0	0	1
871_sub0	0	1	1	0	0	0	1	0
871_sub1	0	1	0	1	0	0	0	1
871_sub2	0	1	0	1	0	0	0	1
871_sub3	0	3	2	1	0	0	2	1
8734_sub0	1	7	3	4	3	4	0	0
8734_sub1	0	1	1	0	0	0	1	0
8734_sub2	0	1	1	0	0	0	1	0
8734_sub3	0	1	0	1	0	0	0	1
874_sub0	0	5	1	4	0	0	1	4
874_sub1	0	1	0	1	0	0	0	1
8740_sub0	0	5	1	4	0	0	1	4
8740_sub1	0	1	0	1	0	0	0	1
877_sub0	1	11	5	6	5	6	0	0
877_sub1	0	1	0	1	0	0	0	1
877_sub2	0	1	0	1	0	0	0	1
8783_sub0	0	4	2	2	0	0	2	2
8783_sub1	0	1	0	1	0	0	0	1
8783_sub2	0	1	0	1	0	0	0	1
8800_sub0	1	6	1	5	1	5	0	0
8800_sub1	0	1	1	0	0	0	1	0
8822_sub0	1	7	4	3	4	3	0	0
8841_sub0	1	11	3	8	3	8	0	0
8841_sub1	0	1	0	1	0	0	0	1
8843_sub0	0	3	2	1	0	0	2	1
8843_sub1	0	1	0	1	0	0	0	1
8843_sub2	0	1	0	1	0	0	0	1
8843_sub3	0	1	0	1	0	0	0	1
8852_sub0	0	1	1	0	0	0	1	0
8852_sub1	0	3	1	2	0	0	1	2
8852_sub2	0	1	0	1	0	0	0	1
8852_sub3	0	1	1	0	0	0	1	0
8871_sub0	0	4	3	1	0	0	3	1
8871_sub1	0	1	1	0	0	0	1	0
8871_sub2	0	1	1	0	0	0	1	0
8871_sub3	0	1	0	1	0	0	0	1
8871_sub4	0	1	0	1	0	0	0	1
89_sub0	0	1	0	1	0	0	0	1
89_sub1	0	4	2	2	0	0	2	2
89_sub2	0	1	0	1	0	0	0	1
8904_sub0	1	6	1	5	1	5	0	0
8904_sub1	0	1	1	0	0	0	1	0
891_sub0	0	5	2	3	0	0	2	3
891_sub1	0	1	1	0	0	0	1	0
891_sub2	0	1	1	0	0	0	1	0
892_sub0	0	5	3	2	0	0	3	2
892_sub1	0	1	0	1	0	0	0	1
8930_sub0	0	4	3	1	0	0	3	1
8930_sub1	0	1	0	1	0	0	0	1
8930_sub2	0	1	1	0	0	0	1	0
8941_sub0	1	7	6	1	6	1	0	0
8941_sub1	0	1	1	0	0	0	1	0
8974_sub0	0	5	2	3	0	0	2	3
8974_sub1	0	1	1	0	0	0	1	0
8974_sub2	0	1	0	1	0	0	0	1
8984_sub0	0	1	0	1	0	0	0	1
8984_sub1	0	4	1	3	0	0	1	3
8984_sub2	0	1	1	0	0	0	1	0
8985_sub0	0	4	2	2	0	0	2	2
8985_sub1	0	1	0	1	0	0	0	1
8985_sub2	0	1	0	1	0	0	0	1
8985_sub3	0	1	1	0	0	0	1	0
90_sub0	0	1	0	1	0	0	0	1
90_sub1	1	6	2	4	2	4	0	0
900_sub0	0	1	0	1	0	0	0	1
900_sub1	1	6	4	2	4	2	0	0
900_sub2	0	1	0	1	0	0	0	1
9024_sub0	0	5	1	4	0	0	1	4
9024_sub1	0	1	1	0	0	0	1	0
9024_sub2	0	1	0	1	0	0	0	1
9082_sub0	1	8	5	3	5	3	0	0
9082_sub1	0	1	1	0	0	0	1	0
9082_sub2	0	1	0	1	0	0	0	1
9093_sub0	0	5	4	1	0	0	4	1
9093_sub1	0	1	0	1	0	0	0	1
9093_sub2	0	1	1	0	0	0	1	0
9123_sub0	1	6	2	4	2	4	0	0
9123_sub1	0	1	0	1	0	0	0	1
915_sub0	0	4	2	2	0	0	2	2
915_sub1	0	1	0	1	0	0	0	1
915_sub2	0	1	0	1	0	0	0	1
9176_sub0	0	5	1	4	0	0	1	4
9176_sub1	0	1	0	1	0	0	0	1
9176_sub2	0	1	0	1	0	0	0	1
918_sub0	1	6	1	5	1	5	0	0
918_sub1	0	1	0	1	0	0	0	1
9180_sub0	1	8	7	1	7	1	0	0
919_sub0	0	4	2	2	0	0	2	2
919_sub1	0	1	0	1	0	0	0	1
919_sub2	0	1	1	0	0	0	1	0
925_sub0	1	8	3	5	3	5	0	0
925_sub1	0	1	1	0	0	0	1	0
925_sub2	0	1	0	1	0	0	0	1
925_sub3	0	1	0	1	0	0	0	1
9261_sub0	1	6	2	4	2	4	0	0
9261_sub1	0	1	1	0	0	0	1	0
9263_sub0	1	11	5	6	5	6	0	0
9263_sub1	0	1	1	0	0	0	1	0
9263_sub2	0	1	1	0	0	0	1	0
9268_sub0	0	3	1	2	0	0	1	2
9268_sub1	0	1	0	1	0	0	0	1
9268_sub2	0	1	0	1	0	0	0	1
9268_sub3	0	1	0	1	0	0	0	1
9270_sub0	1	8	6	2	6	2	0	0
9270_sub1	0	1	0	1	0	0	0	1
9270_sub2	0	1	1	0	0	0	1	0
9343_sub0	0	1	1	0	0	0	1	0
9343_sub1	1	6	3	3	3	3	0	0
9343_sub2	0	1	1	0	0	0	1	0
935_sub0	0	1	0	1	0	0	0	1
935_sub1	0	1	0	1	0	0	0	1
935_sub2	0	1	1	0	0	0	1	0
935_sub3	0	1	0	1	0	0	0	1
935_sub4	0	1	1	0	0	0	1	0
935_sub5	0	1	1	0	0	0	1	0
935_sub6	0	1	0	1	0	0	0	1
937_sub0	0	1	1	0	0	0	1	0
937_sub1	1	7	4	3	4	3	0	0
937_sub2	0	1	0	1	0	0	0	1
937_sub3	0	1	1	0	0	0	1	0
937_sub4	0	1	0	1	0	0	0	1
9398_sub0	0	5	2	3	0	0	2	3
9398_sub1	0	1	1	0	0	0	1	0
9398_sub2	0	1	1	0	0	0	1	0
940_sub0	0	3	3	0	0	0	3	0
940_sub1	0	1	0	1	0	0	0	1
940_sub2	0	1	1	0	0	0	1	0
940_sub3	0	1	1	0	0	0	1	0
940_sub4	0	1	1	0	0	0	1	0
941_sub0	0	5	3	2	0	0	3	2
941_sub1	0	1	1	0	0	0	1	0
941_sub2	0	1	0	1	0	0	0	1
941_sub3	0	1	1	0	0	0	1	0
9467_sub0	0	1	1	0	0	0	1	0
9467_sub1	0	4	1	3	0	0	1	3
9467_sub2	0	1	1	0	0	0	1	0
952_sub0	1	6	3	3	3	3	0	0
952_sub1	0	1	1	0	0	0	1	0
952_sub2	0	1	0	1	0	0	0	1
952_sub3	0	1	0	1	0	0	0	1
955_sub0	0	1	0	1	0	0	0	1
955_sub1	1	7	5	2	5	2	0	0
9565_sub0	0	1	0	1	0	0	0	1
9565_sub1	0	1	1	0	0	0	1	0
9565_sub2	0	1	1	0	0	0	1	0
9565_sub3	0	1	0	1	0	0	0	1
9565_sub4	1	7	2	5	2	5	0	0
9639_sub0	0	1	0	1	0	0	0	1
9639_sub1	0	4	2	2	0	0	2	2
9639_sub2	0	1	1	0	0	0	1	0
9665_sub0	1	6	2	4	2	4	0	0
9672_sub0	0	1	0	1	0	0	0	1
9672_sub1	0	1	0	1	0	0	0	1
9672_sub2	0	1	0	1	0	0	0	1
9672_sub3	0	2	0	2	0	0	0	2
9672_sub4	0	1	1	0	0	0	1	0
9737_sub0	0	5	1	4	0	0	1	4
9737_sub1	0	1	1	0	0	0	1	0
975_sub0	0	5	2	3	0	0	2	3
975_sub1	0	1	1	0	0	0	1	0
975_sub2	0	1	0	1	0	0	0	1
9759_sub0	0	1	1	0	0	0	1	0
9759_sub1	1	6	4	2	4	2	0	0
9781_sub0	0	1	1	0	0	0	1	0
9781_sub1	1	6	3	3	3	3	0	0
98_sub0	0	1	0	1	0	0	0	1
98_sub1	0	1	0	1	0	0	0	1
98_sub2	0	1	1	0	0	0	1	0
98_sub3	0	1	1	0	0	0	1	0
98_sub4	0	1	0	1	0	0	0	1
98_sub5	0	1	1	0	0	0	1	0
981_sub0	0	5	2	3	0	0	2	3
981_sub1	0	1	0	1	0	0	0	1
981_sub2	0	1	1	0	0	0	1	0
981_sub3	0	1	0	1	0	0	0	1
981_sub4	0	1	1	0	0	0	1	0
981_sub5	0	1	1	0	0	0	1	0
982_sub0	0	4	2	2	0	0	2	2
982_sub1	0	1	0	1	0	0	0	1
982_sub2	0	1	0	1	0	0	0	1
983_sub0	0	3	2	1	0	0	2	1
983_sub1	0	1	1	0	0	0	1	0
983_sub2	0	1	0	1	0	0	0	1
983_sub3	0	1	0	1	0	0	0	1
988_sub0	0	5	1	4	0	0	1	4
988_sub1	0	1	0	1	0	0	0	1
988_sub2	0	1	0	1	0	0	0	1
988_sub3	0	1	1	0	0	0	1	0
9882_sub0	0	5	5	0	0	0	5	0
9882_sub1	0	1	0	1	0	0	0	1
9882_sub2	0	1	0	1	0	0	0	1
9882_sub3	0	1	0	1	0	0	0	1
9918_sub0	0	1	1	0	0	0	1	0
9918_sub1	0	1	0	1	0	0	0	1
9918_sub2	0	3	1	2	0	0	1	2
9918_sub3	0	1	1	0	0	0	1	0
9918_sub4	0	1	1	0	0	0	1	0
