cluster_id	cluster_written	reads_found	reads_found_fwd	reads_found_rev	reads_written_fwd	reads_written_rev	reads_skipped_fwd	reads_skipped_rev
100_sub0	0	1	0	1	0	0	0	1
100_sub1	1	7	3	4	3	4	0	0
1004_sub0	0	1	1	0	0	0	1	0
1004_sub1	0	1	0	1	0	0	0	1
1004_sub2	0	1	0	1	0	0	0	1
1004_sub3	0	1	1	0	0	0	1	0
1004_sub4	0	1	0	1	0	0	0	1
1004_sub5	0	1	1	0	0	0	1	0
1011_sub0	0	1	0	1	0	0	0	1
1011_sub1	0	2	1	1	0	0	1	1
1011_sub2	0	3	2	1	0	0	2	1
10133_sub0	1	6	3	3	3	3	0	0
1014_sub0	0	1	0	1	0	0	0	1
1014_sub1	0	1	1	0	0	0	1	0
1014_sub2	0	1	0	1	0	0	0	1
1014_sub3	0	3	2	1	0	0	2	1
1014_sub4	0	1	1	0	0	0	1	0
1014_sub5	0	1	1	0	0	0	1	0
10144_sub0	0	1	0	1	0	0	0	1
10144_sub1	0	5	3	2	0	0	3	2
1015_sub0	0	1	0	1	0	0	0	1
1015_sub1	0	1	1	0	0	0	1	0
1015_sub2	0	1	0	1	0	0	0	1
1015_sub3	0	1	1	0	0	0	1	0
1015_sub4	0	1	1	0	0	0	1	0
1015_sub5	0	1	1	0	0	0	1	0
1016_sub0	0	1	1	0	0	0	1	0
1016_sub1	0	1	0	1	0	0	0	1
1016_sub2	0	1	0	1	0	0	0	1
1016_sub3	0	1	1	0	0	0	1	0
1016_sub4	0	1	1	0	0	0	1	0
1016_sub5	0	1	0	1	0	0	0	1
1016_sub6	0	1	1	0	0	0	1	0
10163_sub0	1	12	4	8	4	8	0	0
10163_sub1	0	1	1	0	0	0	1	0
10176_sub0	0	4	3	1	0	0	3	1
10176_sub1	0	1	0	1	0	0	0	1
10176_sub2	0	1	1	0	0	0	1	0
1018_sub0	0	1	1	0	0	0	1	0
1018_sub1	0	1	0	1	0	0	0	1
1018_sub2	1	16	11	5	11	5	0	0
1019_sub0	0	1	1	0	0	0	1	0
1019_sub1	0	1	0	1	0	0	0	1
1019_sub2	0	2	1	1	0	0	1	1
1019_sub3	0	1	0	1	0	0	0	1
1019_sub4	0	1	0	1	0	0	0	1
1020_sub0	1	13	5	8	5	8	0	0
1029_sub0	0	1	1	0	0	0	1	0
1029_sub1	1	10	4	6	4	6	0	0
1029_sub2	0	1	0	1	0	0	0	1
1029_sub3	0	1	1	0	0	0	1	0
1029_sub4	0	1	0	1	0	0	0	1
1029_sub5	0	1	0	1	0	0	0	1
1029_sub6	0	1	1	0	0	0	1	0
1029_sub7	0	1	1	0	0	0	1	0
1029_sub8	0	1	1	0	0	0	1	0
103_sub0	0	1	0	1	0	0	0	1
103_sub1	0	1	1	0	0	0	1	0
103_sub2	0	1	0	1	0	0	0	1
103_sub3	0	1	1	0	0	0	1	0
103_sub4	0	1	0	1	0	0	0	1
103_sub5	0	1	0	1	0	0	0	1
103_sub6	0	1	0	1	0	0	0	1
1033_sub0	1	6	2	4	2	4	0	0
1033_sub1	0	1	1	0	0	0	1	0
1033_sub2	0	2	1	1	0	0	1	1
1033_sub3	0	1	1	0	0	0	1	0
1033_sub4	0	1	0	1	0	0	0	1
10331_sub0	1	7	3	4	3	4	0	0
10331_sub1	0	1	0	1	0	0	0	1
10331_sub2	0	1	0	1	0	0	0	1
1036_sub0	0	1	1	0	0	0	1	0
1036_sub1	1	8	5	3	5	3	0	0
1036_sub2	0	1	0	1	0	0	0	1
10375_sub0	0	1	1	0	0	0	1	0
10375_sub1	0	3	2	1	0	0	2	1
10375_sub2	0	1	0	1	0	0	0	1
10375_sub3	0	1	1	0	0	0	1	0
10375_sub4	0	1	1	0	0	0	1	0
10375_sub5	0	1	0	1	0	0	0	1
1040_sub0	0	1	1	0	0	0	1	0
1040_sub1	0	1	0	1	0	0	0	1
1040_sub2	1	6	4	2	4	2	0	0
1040_sub3	0	1	1	0	0	0	1	0
10401_sub0	0	1	0	1	0	0	0	1
10401_sub1	0	1	1	0	0	0	1	0
10401_sub2	0	3	2	1	0	0	2	1
10401_sub3	0	1	1	0	0	0	1	0
10401_sub4	0	1	1	0	0	0	1	0
1042_sub0	0	1	1	0	0	0	1	0
1042_sub1	0	4	3	1	0	0	3	1
1042_sub2	0	1	1	0	0	0	1	0
1052_sub0	0	1	0	1	0	0	0	1
1052_sub1	0	1	1	0	0	0	1	0
1052_sub2	0	1	0	1	0	0	0	1
1052_sub3	0	1	1	0	0	0	1	0
1052_sub4	0	1	0	1	0	0	0	1
1052_sub5	0	1	0	1	0	0	0	1
1052_sub6	0	1	1	0	0	0	1	0
1054_sub0	0	1	0	1	0	0	0	1
1054_sub1	1	12	4	8	4	8	0	0
1054_sub2	0	1	0	1	0	0	0	1
10547_sub0	0	1	1	0	0	0	1	0
10547_sub1	0	3	0	3	0	0	0	3
10547_sub2	0	1	0	1	0	0	0	1
10547_sub3	0	1	1	0	0	0	1	0
10552_sub0	0	5	2	3	0	0	2	3
10552_sub1	0	1	0	1	0	0	0	1
10552_sub2	0	1	0	1	0	0	0	1
1060_sub0	1	8	7	1	7	1	0	0
1060_sub1	0	1	1	0	0	0	1	0
1063_sub0	1	9	6	3	6	3	0	0
1063_sub1	0	1	1	0	0	0	1	0
1063_sub2	0	1	1	0	0	0	1	0
1063_sub3	0	1	0	1	0	0	0	1
1063_sub4	0	1	1	0	0	0	1	0
1063_sub5	0	1	0	1	0	0	0	1
10636_sub0	0	3	0	3	0	0	0	3
10636_sub1	0	1	1	0	0	0	1	0
10636_sub2	0	1	0	1	0	0	0	1
10636_sub3	0	1	0	1	0	0	0	1
1064_sub0	1	6	1	5	1	5	0	0
1064_sub1	0	1	1	0	0	0	1	0
1064_sub2	0	1	1	0	0	0	1	0
1064_sub3	0	1	0	1	0	0	0	1
1064_sub4	0	1	1	0	0	0	1	0
10715_sub0	1	8	4	4	4	4	0	0
10715_sub1	0	1	0	1	0	0	0	1
1073_sub0	1	7	3	4	3	4	0	0
10742_sub0	1	7	4	3	4	3	0	0
10762_sub0	0	1	1	0	0	0	1	0
10762_sub1	1	6	2	4	2	4	0	0
10762_sub2	0	1	1	0	0	0	1	0
10771_sub0	0	5	1	4	0	0	1	4
10771_sub1	0	1	1	0	0	0	1	0
10771_sub2	0	1	1	0	0	0	1	0
10771_sub3	0	1	1	0	0	0	1	0
1080_sub0	0	1	0	1	0	0	0	1
1080_sub1	1	15	9	6	9	6	0	0
1080_sub2	0	1	1	0	0	0	1	0
1080_sub3	0	1	0	1	0	0	0	1
1080_sub4	0	1	1	0	0	0	1	0
1080_sub5	0	1	0	1	0	0	0	1
1085_sub0	0	1	0	1	0	0	0	1
1085_sub1	1	6	3	3	3	3	0	0
1085_sub2	0	1	1	0	0	0	1	0
109_sub0	0	1	0	1	0	0	0	1
109_sub1	0	1	0	1	0	0	0	1
109_sub2	1	7	2	5	2	5	0	0
109_sub3	0	1	1	0	0	0	1	0
109_sub4	0	1	1	0	0	0	1	0
109_sub5	0	1	0	1	0	0	0	1
109_sub6	0	1	1	0	0	0	1	0
1094_sub0	0	5	2	3	0	0	2	3
1094_sub1	0	1	0	1	0	0	0	1
1094_sub2	0	1	0	1	0	0	0	1
1100_sub0	1	6	2	4	2	4	0	0
1100_sub1	0	1	0	1	0	0	0	1
1104_sub0	0	5	1	4	0	0	1	4
1104_sub1	0	1	1	0	0	0	1	0
1106_sub0	1	14	5	9	5	9	0	0
1106_sub1	0	1	1	0	0	0	1	0
1106_sub2	0	1	0	1	0	0	0	1
1107_sub0	0	1	1	0	0	0	1	0
1107_sub1	1	11	5	6	5	6	0	0
1107_sub2	0	1	1	0	0	0	1	0
1107_sub3	0	1	0	1	0	0	0	1
1108_sub0	1	12	4	8	4	8	0	0
1108_sub1	0	1	1	0	0	0	1	0
1108_sub2	0	1	0	1	0	0	0	1
1108_sub3	0	1	0	1	0	0	0	1
1108_sub4	0	1	0	1	0	0	0	1
1108_sub5	0	1	1	0	0	0	1	0
1108_sub6	0	1	0	1	0	0	0	1
1111_sub0	0	1	0	1	0	0	0	1
1111_sub1	0	1	0	1	0	0	0	1
1111_sub2	1	6	2	4	2	4	0	0
1111_sub3	0	1	1	0	0	0	1	0
1111_sub4	0	1	1	0	0	0	1	0
11117_sub0	0	5	1	4	0	0	1	4
11117_sub1	0	1	0	1	0	0	0	1
11117_sub2	0	1	0	1	0	0	0	1
11117_sub3	0	1	0	1	0	0	0	1
11117_sub4	0	1	0	1	0	0	0	1
11149_sub0	0	1	0	1	0	0	0	1
11149_sub1	0	1	1	0	0	0	1	0
11149_sub2	0	1	0	1	0	0	0	1
11149_sub3	0	1	0	1	0	0	0	1
11149_sub4	0	1	1	0	0	0	1	0
11149_sub5	0	1	0	1	0	0	0	1
1116_sub0	1	14	4	10	4	10	0	0
1116_sub1	0	1	1	0	0	0	1	0
1117_sub0	0	1	1	0	0	0	1	0
1117_sub1	1	10	3	7	3	7	0	0
1117_sub2	0	1	0	1	0	0	0	1
1118_sub0	1	7	4	3	4	3	0	0
1118_sub1	0	1	1	0	0	0	1	0
1119_sub0	0	1	0	1	0	0	0	1
1119_sub1	0	1	0	1	0	0	0	1
1119_sub2	0	1	1	0	0	0	1	0
1119_sub3	0	1	1	0	0	0	1	0
1119_sub4	0	1	0	1	0	0	0	1
1119_sub5	0	1	0	1	0	0	0	1
1121_sub0	0	1	0	1	0	0	0	1
1121_sub1	0	1	1	0	0	0	1	0
1121_sub2	1	6	3	3	3	3	0	0
1121_sub3	0	1	0	1	0	0	0	1
1121_sub4	0	1	0	1	0	0	0	1
1121_sub5	0	1	0	1	0	0	0	1
1124_sub0	0	1	0	1	0	0	0	1
1124_sub1	0	1	0	1	0	0	0	1
1124_sub2	0	1	0	1	0	0	0	1
1124_sub3	0	1	1	0	0	0	1	0
1124_sub4	0	1	0	1	0	0	0	1
1124_sub5	0	1	1	0	0	0	1	0
1124_sub6	0	1	0	1	0	0	0	1
1124_sub7	0	1	1	0	0	0	1	0
1125_sub0	0	1	0	1	0	0	0	1
1125_sub1	0	1	0	1	0	0	0	1
1125_sub2	0	5	3	2	0	0	3	2
11265_sub0	0	1	0	1	0	0	0	1
11265_sub1	0	4	1	3	0	0	1	3
11265_sub2	0	1	0	1	0	0	0	1
11265_sub3	0	1	1	0	0	0	1	0
1129_sub0	0	5	2	3	0	0	2	3
1129_sub1	0	1	0	1	0	0	0	1
1129_sub2	0	1	1	0	0	0	1	0
1129_sub3	0	1	0	1	0	0	0	1
1129_sub4	0	1	0	1	0	0	0	1
1130_sub0	0	5	1	4	0	0	1	4
1130_sub1	0	1	1	0	0	0	1	0
1130_sub2	0	1	1	0	0	0	1	0
1130_sub3	0	1	0	1	0	0	0	1
11329_sub0	0	1	1	0	0	0	1	0
11329_sub1	0	4	3	1	0	0	3	1
11329_sub2	0	1	0	1	0	0	0	1
1135_sub0	0	1	0	1	0	0	0	1
1135_sub1	0	1	0	1	0	0	0	1
1135_sub2	0	1	1	0	0	0	1	0
1135_sub3	0	2	1	1	0	0	1	1
1135_sub4	0	1	1	0	0	0	1	0
1140_sub0	0	1	0	1	0	0	0	1
1140_sub1	1	6	2	4	2	4	0	0
1142_sub0	0	1	1	0	0	0	1	0
1142_sub1	0	4	0	4	0	0	0	4
1142_sub2	0	1	0	1	0	0	0	1
1142_sub3	0	1	1	0	0	0	1	0
1143_sub0	0	1	0	1	0	0	0	1
1143_sub1	0	1	1	0	0	0	1	0
1143_sub2	1	7	3	4	3	4	0	0
1146_sub0	0	1	0	1	0	0	0	1
1146_sub1	0	5	2	3	0	0	2	3
1146_sub2	0	1	1	0	0	0	1	0
1148_sub0	0	5	2	3	0	0	2	3
1148_sub1	0	1	1	0	0	0	1	0
1148_sub2	0	1	1	0	0	0	1	0
1148_sub3	0	1	0	1	0	0	0	1
1148_sub4	0	1	1	0	0	0	1	0
11498_sub0	0	4	1	3	0	0	1	3
11498_sub1	0	1	0	1	0	0	0	1
11498_sub2	0	1	1	0	0	0	1	0
11498_sub3	0	1	1	0	0	0	1	0
115_sub0	0	1	0	1	0	0	0	1
115_sub1	1	8	3	5	3	5	0	0
1153_sub0	0	5	3	2	0	0	3	2
1153_sub1	0	1	0	1	0	0	0	1
1153_sub2	0	1	0	1	0	0	0	1
1153_sub3	0	1	1	0	0	0	1	0
1153_sub4	0	1	1	0	0	0	1	0
1155_sub0	1	14	4	10	4	10	0	0
1155_sub1	0	1	0	1	0	0	0	1
1155_sub2	0	1	1	0	0	0	1	0
1155_sub3	0	1	0	1	0	0	0	1
11553_sub0	0	1	1	0	0	0	1	0
11553_sub1	0	1	1	0	0	0	1	0
11553_sub2	0	1	0	1	0	0	0	1
11553_sub3	0	1	0	1	0	0	0	1
11553_sub4	0	1	1	0	0	0	1	0
11553_sub5	0	1	1	0	0	0	1	0
1156_sub0	0	1	0	1	0	0	0	1
1156_sub1	1	10	7	3	7	3	0	0
1156_sub2	0	1	1	0	0	0	1	0
1156_sub3	0	1	0	1	0	0	0	1
1164_sub0	1	7	3	4	3	4	0	0
1164_sub1	0	1	1	0	0	0	1	0
1164_sub2	0	1	0	1	0	0	0	1
11658_sub0	0	5	3	2	0	0	3	2
11658_sub1	0	1	0	1	0	0	0	1
1168_sub0	1	7	3	4	3	4	0	0
1168_sub1	0	1	1	0	0	0	1	0
1168_sub2	0	1	1	0	0	0	1	0
1168_sub3	0	1	0	1	0	0	0	1
1168_sub4	0	1	1	0	0	0	1	0
1168_sub5	0	1	0	1	0	0	0	1
117_sub0	0	1	0	1	0	0	0	1
117_sub1	1	8	3	5	3	5	0	0
117_sub2	0	1	1	0	0	0	1	0
117_sub3	0	1	1	0	0	0	1	0
117_sub4	0	1	1	0	0	0	1	0
117_sub5	0	1	1	0	0	0	1	0
1170_sub0	1	6	5	1	5	1	0	0
1170_sub1	0	1	0	1	0	0	0	1
1173_sub0	1	8	3	5	3	5	0	0
1173_sub1	0	1	0	1	0	0	0	1
1173_sub2	0	1	1	0	0	0	1	0
11750_sub0	1	9	4	5	4	5	0	0
1177_sub0	0	1	0	1	0	0	0	1
1177_sub1	0	1	0	1	0	0	0	1
1177_sub2	1	16	10	6	10	6	0	0
1177_sub3	0	1	1	0	0	0	1	0
1177_sub4	0	1	0	1	0	0	0	1
1177_sub5	0	2	0	2	0	0	0	2
1180_sub0	0	1	0	1	0	0	0	1
1180_sub1	1	11	7	4	7	4	0	0
1188_sub0	0	1	0	1	0	0	0	1
1188_sub1	1	7	4	3	4	3	0	0
1189_sub0	0	1	0	1	0	0	0	1
1189_sub1	1	6	4	2	4	2	0	0
1193_sub0	1	11	7	4	7	4	0	0
1193_sub1	0	1	1	0	0	0	1	0
1193_sub2	0	1	1	0	0	0	1	0
1193_sub3	0	1	0	1	0	0	0	1
1193_sub4	0	1	1	0	0	0	1	0
1193_sub5	0	1	0	1	0	0	0	1
1193_sub6	0	1	1	0	0	0	1	0
1193_sub7	0	1	1	0	0	0	1	0
1195_sub0	0	1	1	0	0	0	1	0
1195_sub1	0	1	0	1	0	0	0	1
1195_sub2	1	12	6	6	6	6	0	0
1195_sub3	0	1	1	0	0	0	1	0
1196_sub0	0	1	0	1	0	0	0	1
1196_sub1	1	16	6	10	6	10	0	0
11971_sub0	1	7	1	6	1	6	0	0
1199_sub0	1	14	8	6	8	6	0	0
1199_sub1	0	1	0	1	0	0	0	1
1199_sub2	0	1	1	0	0	0	1	0
1199_sub3	0	1	1	0	0	0	1	0
1199_sub4	0	1	0	1	0	0	0	1
12058_sub0	0	1	1	0	0	0	1	0
12058_sub1	0	1	1	0	0	0	1	0
12058_sub2	0	1	0	1	0	0	0	1
12058_sub3	0	1	0	1	0	0	0	1
12058_sub4	0	1	1	0	0	0	1	0
12058_sub5	0	1	0	1	0	0	0	1
121_sub0	0	1	1	0	0	0	1	0
121_sub1	1	12	6	6	6	6	0	0
1216_sub0	1	12	7	5	7	5	0	0
1217_sub0	1	10	4	6	4	6	0	0
1217_sub1	0	1	1	0	0	0	1	0
1219_sub0	0	1	0	1	0	0	0	1
1219_sub1	0	1	1	0	0	0	1	0
1219_sub2	0	1	1	0	0	0	1	0
1219_sub3	0	1	1	0	0	0	1	0
1219_sub4	0	1	1	0	0	0	1	0
1219_sub5	0	1	1	0	0	0	1	0
1219_sub6	0	1	0	1	0	0	0	1
12198_sub0	0	3	1	2	0	0	1	2
12198_sub1	0	1	1	0	0	0	1	0
12198_sub2	0	1	0	1	0	0	0	1
12198_sub3	0	1	1	0	0	0	1	0
1223_sub0	0	1	1	0	0	0	1	0
1223_sub1	1	6	2	4	2	4	0	0
1223_sub2	0	1	0	1	0	0	0	1
1223_sub3	0	1	1	0	0	0	1	0
1225_sub0	0	1	1	0	0	0	1	0
1225_sub1	1	12	9	3	9	3	0	0
1230_sub0	0	4	2	2	0	0	2	2
1230_sub1	0	1	1	0	0	0	1	0
1230_sub2	0	1	1	0	0	0	1	0
1230_sub3	0	1	1	0	0	0	1	0
12318_sub0	1	10	5	5	5	5	0	0
1233_sub0	0	1	0	1	0	0	0	1
1233_sub1	1	9	1	8	1	8	0	0
1233_sub2	0	1	0	1	0	0	0	1
1233_sub3	0	1	1	0	0	0	1	0
1236_sub0	1	9	5	4	5	4	0	0
1236_sub1	0	1	1	0	0	0	1	0
1236_sub2	0	1	0	1	0	0	0	1
12373_sub0	0	3	2	1	0	0	2	1
12373_sub1	0	1	1	0	0	0	1	0
12373_sub2	0	2	2	0	0	0	2	0
1240_sub0	1	18	15	3	15	3	0	0
1240_sub1	0	1	0	1	0	0	0	1
1242_sub0	0	1	0	1	0	0	0	1
1242_sub1	0	1	1	0	0	0	1	0
1242_sub2	0	1	1	0	0	0	1	0
1242_sub3	0	1	0	1	0	0	0	1
1242_sub4	0	1	0	1	0	0	0	1
1242_sub5	0	1	1	0	0	0	1	0
1246_sub0	0	1	0	1	0	0	0	1
1246_sub1	0	1	0	1	0	0	0	1
1246_sub2	0	1	0	1	0	0	0	1
1246_sub3	0	1	1	0	0	0	1	0
1246_sub4	0	1	1	0	0	0	1	0
1246_sub5	0	1	0	1	0	0	0	1
1246_sub6	0	1	1	0	0	0	1	0
1246_sub7	0	1	0	1	0	0	0	1
1246_sub8	0	2	1	1	0	0	1	1
1246_sub9	0	1	0	1	0	0	0	1
1246_sub10	0	1	0	1	0	0	0	1
1250_sub0	1	11	5	6	5	6	0	0
1250_sub1	0	1	1	0	0	0	1	0
1250_sub2	0	1	1	0	0	0	1	0
1250_sub3	0	1	0	1	0	0	0	1
1259_sub0	1	10	3	7	3	7	0	0
1259_sub1	0	1	1	0	0	0	1	0
1259_sub2	0	1	1	0	0	0	1	0
1259_sub3	0	1	1	0	0	0	1	0
1259_sub4	0	1	0	1	0	0	0	1
1263_sub0	1	11	4	7	4	7	0	0
1263_sub1	0	1	0	1	0	0	0	1
1265_sub0	1	11	5	6	5	6	0	0
1265_sub1	0	1	1	0	0	0	1	0
1265_sub2	0	1	1	0	0	0	1	0
1265_sub3	0	1	0	1	0	0	0	1
1265_sub4	0	1	1	0	0	0	1	0
1270_sub0	0	1	0	1	0	0	0	1
1270_sub1	0	1	0	1	0	0	0	1
1270_sub2	0	1	1	0	0	0	1	0
1270_sub3	0	2	0	2	0	0	0	2
1270_sub4	0	1	1	0	0	0	1	0
1271_sub0	0	1	0	1	0	0	0	1
1271_sub1	1	10	5	5	5	5	0	0
1274_sub0	0	1	0	1	0	0	0	1
1274_sub1	0	1	0	1	0	0	0	1
1274_sub2	0	5	0	5	0	0	0	5
1274_sub3	0	1	0	1	0	0	0	1
1276_sub0	1	12	3	9	3	9	0	0
1276_sub1	0	1	0	1	0	0	0	1
1276_sub2	0	1	0	1	0	0	0	1
1276_sub3	0	1	1	0	0	0	1	0
1278_sub0	1	7	4	3	4	3	0	0
1278_sub1	0	1	1	0	0	0	1	0
1278_sub2	0	1	0	1	0	0	0	1
1278_sub3	0	1	1	0	0	0	1	0
1278_sub4	0	1	0	1	0	0	0	1
1279_sub0	0	1	0	1	0	0	0	1
1279_sub1	0	1	1	0	0	0	1	0
1279_sub2	0	1	1	0	0	0	1	0
1279_sub3	0	1	0	1	0	0	0	1
1279_sub4	0	1	1	0	0	0	1	0
1279_sub5	0	1	1	0	0	0	1	0
128_sub0	0	1	0	1	0	0	0	1
128_sub1	1	7	4	3	4	3	0	0
128_sub2	0	1	0	1	0	0	0	1
1282_sub0	0	1	0	1	0	0	0	1
1282_sub1	1	7	3	4	3	4	0	0
1282_sub2	0	1	1	0	0	0	1	0
1297_sub0	1	7	5	2	5	2	0	0
1297_sub1	0	1	0	1	0	0	0	1
13_sub0	0	1	1	0	0	0	1	0
13_sub1	0	1	1	0	0	0	1	0
13_sub2	1	8	3	5	3	5	0	0
13_sub3	0	1	0	1	0	0	0	1
13_sub4	0	1	1	0	0	0	1	0
13_sub5	0	1	1	0	0	0	1	0
1300_sub0	1	6	0	6	0	6	0	0
1300_sub1	0	1	1	0	0	0	1	0
1300_sub2	0	1	0	1	0	0	0	1
1304_sub0	0	1	0	1	0	0	0	1
1304_sub1	0	1	1	0	0	0	1	0
1304_sub2	0	1	1	0	0	0	1	0
1304_sub3	0	1	0	1	0	0	0	1
1304_sub4	0	1	0	1	0	0	0	1
1304_sub5	0	1	0	1	0	0	0	1
1304_sub6	0	1	0	1	0	0	0	1
13045_sub0	0	1	0	1	0	0	0	1
13045_sub1	0	1	1	0	0	0	1	0
13045_sub2	0	1	1	0	0	0	1	0
13045_sub3	0	1	0	1	0	0	0	1
13045_sub4	0	1	1	0	0	0	1	0
13045_sub5	0	1	0	1	0	0	0	1
1308_sub0	0	5	2	3	0	0	2	3
1308_sub1	0	1	1	0	0	0	1	0
1308_sub2	0	1	0	1	0	0	0	1
1308_sub3	0	1	1	0	0	0	1	0
1308_sub4	0	1	0	1	0	0	0	1
1309_sub0	1	13	3	10	3	10	0	0
1309_sub1	0	1	0	1	0	0	0	1
131_sub0	0	1	0	1	0	0	0	1
131_sub1	1	10	0	10	0	10	0	0
131_sub2	0	1	0	1	0	0	0	1
1315_sub0	0	1	0	1	0	0	0	1
1315_sub1	1	10	5	5	5	5	0	0
1318_sub0	0	1	0	1	0	0	0	1
1318_sub1	1	7	2	5	2	5	0	0
1318_sub2	0	1	1	0	0	0	1	0
1319_sub0	1	8	3	5	3	5	0	0
1319_sub1	0	1	0	1	0	0	0	1
1319_sub2	0	1	1	0	0	0	1	0
1319_sub3	0	1	0	1	0	0	0	1
1319_sub4	0	1	1	0	0	0	1	0
1319_sub5	0	1	1	0	0	0	1	0
1319_sub6	0	1	1	0	0	0	1	0
1319_sub7	0	1	0	1	0	0	0	1
1319_sub8	0	1	0	1	0	0	0	1
13202_sub0	0	1	0	1	0	0	0	1
13202_sub1	0	5	1	4	0	0	1	4
13211_sub0	0	1	1	0	0	0	1	0
13211_sub1	0	5	2	3	0	0	2	3
13211_sub2	0	1	1	0	0	0	1	0
13211_sub3	0	1	0	1	0	0	0	1
1326_sub0	1	6	2	4	2	4	0	0
1326_sub1	0	1	1	0	0	0	1	0
1326_sub2	0	1	1	0	0	0	1	0
1326_sub3	0	1	1	0	0	0	1	0
1326_sub4	0	1	0	1	0	0	0	1
1327_sub0	1	7	2	5	2	5	0	0
1327_sub1	0	1	1	0	0	0	1	0
1327_sub2	0	1	1	0	0	0	1	0
1327_sub3	0	1	0	1	0	0	0	1
1334_sub0	0	3	2	1	0	0	2	1
1334_sub1	0	2	0	2	0	0	0	2
1334_sub2	0	1	0	1	0	0	0	1
13374_sub0	0	1	0	1	0	0	0	1
13374_sub1	0	1	1	0	0	0	1	0
13374_sub2	0	4	2	2	0	0	2	2
13374_sub3	0	1	1	0	0	0	1	0
13374_sub4	0	1	0	1	0	0	0	1
1338_sub0	1	7	4	3	4	3	0	0
1340_sub0	0	1	0	1	0	0	0	1
1340_sub1	1	9	3	6	3	6	0	0
1340_sub2	0	1	0	1	0	0	0	1
1340_sub3	0	1	1	0	0	0	1	0
1343_sub0	1	12	7	5	7	5	0	0
1343_sub1	0	1	0	1	0	0	0	1
1344_sub0	0	4	1	3	0	0	1	3
1344_sub1	0	1	0	1	0	0	0	1
1344_sub2	0	1	1	0	0	0	1	0
135_sub0	0	1	0	1	0	0	0	1
135_sub1	1	17	10	7	10	7	0	0
135_sub2	0	1	1	0	0	0	1	0
135_sub3	0	1	0	1	0	0	0	1
135_sub4	0	1	1	0	0	0	1	0
1351_sub0	0	1	0	1	0	0	0	1
1351_sub1	1	14	6	8	6	8	0	0
1351_sub2	0	1	0	1	0	0	0	1
1351_sub3	0	1	1	0	0	0	1	0
1351_sub4	0	1	1	0	0	0	1	0
1354_sub0	0	1	1	0	0	0	1	0
1354_sub1	1	8	5	3	5	3	0	0
1354_sub2	0	1	1	0	0	0	1	0
1356_sub0	0	1	1	0	0	0	1	0
1356_sub1	1	9	8	1	8	1	0	0
1356_sub2	0	1	0	1	0	0	0	1
1356_sub3	0	1	1	0	0	0	1	0
1357_sub0	1	10	5	5	5	5	0	0
1357_sub1	0	1	0	1	0	0	0	1
1357_sub2	0	1	1	0	0	0	1	0
136_sub0	0	1	1	0	0	0	1	0
136_sub1	1	12	4	8	4	8	0	0
136_sub2	0	1	0	1	0	0	0	1
136_sub3	0	1	0	1	0	0	0	1
1364_sub0	0	1	0	1	0	0	0	1
1364_sub1	1	12	8	4	8	4	0	0
1366_sub0	1	18	8	10	8	10	0	0
1366_sub1	0	1	1	0	0	0	1	0
1366_sub2	0	1	0	1	0	0	0	1
1366_sub3	0	1	1	0	0	0	1	0
137_sub0	0	1	0	1	0	0	0	1
137_sub1	0	1	0	1	0	0	0	1
137_sub2	0	1	0	1	0	0	0	1
137_sub3	0	1	1	0	0	0	1	0
137_sub4	0	1	1	0	0	0	1	0
137_sub5	0	1	0	1	0	0	0	1
1370_sub0	0	1	1	0	0	0	1	0
1370_sub1	1	7	6	1	6	1	0	0
1370_sub2	0	1	0	1	0	0	0	1
1372_sub0	0	1	1	0	0	0	1	0
1372_sub1	1	9	4	5	4	5	0	0
1381_sub0	1	7	3	4	3	4	0	0
1381_sub1	0	1	0	1	0	0	0	1
1385_sub0	0	1	0	1	0	0	0	1
1385_sub1	1	12	7	5	7	5	0	0
1385_sub2	0	1	1	0	0	0	1	0
1386_sub0	0	1	1	0	0	0	1	0
1386_sub1	1	6	1	5	1	5	0	0
1386_sub2	0	1	1	0	0	0	1	0
139_sub0	0	1	0	1	0	0	0	1
139_sub1	1	11	4	7	4	7	0	0
139_sub2	0	1	1	0	0	0	1	0
1392_sub0	0	1	0	1	0	0	0	1
1392_sub1	1	7	3	4	3	4	0	0
13927_sub0	0	1	0	1	0	0	0	1
13927_sub1	0	4	3	1	0	0	3	1
13927_sub2	0	1	0	1	0	0	0	1
140_sub0	0	1	0	1	0	0	0	1
140_sub1	1	7	2	5	2	5	0	0
140_sub2	0	1	1	0	0	0	1	0
140_sub3	0	1	1	0	0	0	1	0
1410_sub0	1	10	6	4	6	4	0	0
1410_sub1	0	1	1	0	0	0	1	0
1410_sub2	0	1	1	0	0	0	1	0
1410_sub3	0	1	1	0	0	0	1	0
1410_sub4	0	1	0	1	0	0	0	1
1410_sub5	0	1	1	0	0	0	1	0
1410_sub6	0	1	0	1	0	0	0	1
1411_sub0	1	14	5	9	5	9	0	0
1411_sub1	0	1	1	0	0	0	1	0
1414_sub0	1	9	4	5	4	5	0	0
1414_sub1	0	1	0	1	0	0	0	1
1414_sub2	0	1	0	1	0	0	0	1
1414_sub3	0	1	0	1	0	0	0	1
1414_sub4	0	1	0	1	0	0	0	1
1414_sub5	0	1	0	1	0	0	0	1
1414_sub6	0	1	0	1	0	0	0	1
1414_sub7	0	1	0	1	0	0	0	1
1414_sub8	0	1	0	1	0	0	0	1
1421_sub0	1	6	1	5	1	5	0	0
1421_sub1	0	1	0	1	0	0	0	1
1422_sub0	1	8	3	5	3	5	0	0
1424_sub0	0	1	1	0	0	0	1	0
1424_sub1	0	1	0	1	0	0	0	1
1424_sub2	1	7	6	1	6	1	0	0
1427_sub0	1	8	4	4	4	4	0	0
1427_sub1	0	1	1	0	0	0	1	0
143_sub0	0	1	0	1	0	0	0	1
143_sub1	1	6	3	3	3	3	0	0
143_sub2	0	1	1	0	0	0	1	0
1432_sub0	0	1	0	1	0	0	0	1
1432_sub1	0	2	1	1	0	0	1	1
1432_sub2	0	3	2	1	0	0	2	1
1432_sub3	0	1	1	0	0	0	1	0
1432_sub4	0	1	1	0	0	0	1	0
1432_sub5	0	1	0	1	0	0	0	1
1432_sub6	0	1	1	0	0	0	1	0
1432_sub7	0	1	1	0	0	0	1	0
1436_sub0	1	7	2	5	2	5	0	0
1436_sub1	0	1	1	0	0	0	1	0
1436_sub2	0	1	0	1	0	0	0	1
1436_sub3	0	1	1	0	0	0	1	0
144_sub0	0	1	0	1	0	0	0	1
144_sub1	0	1	0	1	0	0	0	1
144_sub2	1	6	2	4	2	4	0	0
1443_sub0	1	12	5	7	5	7	0	0
1443_sub1	0	1	0	1	0	0	0	1
1443_sub2	0	1	1	0	0	0	1	0
1443_sub3	0	1	1	0	0	0	1	0
1444_sub0	0	5	4	1	0	0	4	1
1444_sub1	0	1	0	1	0	0	0	1
1445_sub0	0	1	0	1	0	0	0	1
1445_sub1	1	9	5	4	5	4	0	0
1445_sub2	0	1	1	0	0	0	1	0
1445_sub3	0	1	0	1	0	0	0	1
1451_sub0	1	16	7	9	7	9	0	0
1451_sub1	0	1	1	0	0	0	1	0
1451_sub2	0	1	1	0	0	0	1	0
1451_sub3	0	1	0	1	0	0	0	1
1457_sub0	0	1	0	1	0	0	0	1
1457_sub1	1	7	5	2	5	2	0	0
1457_sub2	0	1	0	1	0	0	0	1
1457_sub3	0	1	1	0	0	0	1	0
1457_sub4	0	1	1	0	0	0	1	0
1465_sub0	0	1	0	1	0	0	0	1
1465_sub1	0	1	0	1	0	0	0	1
1465_sub2	0	4	4	0	0	0	4	0
1465_sub3	0	1	1	0	0	0	1	0
1465_sub4	0	1	1	0	0	0	1	0
1473_sub0	1	7	4	3	4	3	0	0
1473_sub1	0	1	1	0	0	0	1	0
1473_sub2	0	1	0	1	0	0	0	1
1475_sub0	0	1	0	1	0	0	0	1
1475_sub1	0	1	1	0	0	0	1	0
1475_sub2	0	1	1	0	0	0	1	0
1475_sub3	0	1	1	0	0	0	1	0
1475_sub4	0	1	1	0	0	0	1	0
1475_sub5	0	1	1	0	0	0	1	0
1475_sub6	0	1	0	1	0	0	0	1
1477_sub0	1	10	5	5	5	5	0	0
1477_sub1	0	1	0	1	0	0	0	1
1477_sub2	0	1	0	1	0	0	0	1
1477_sub3	0	1	1	0	0	0	1	0
1477_sub4	0	1	0	1	0	0	0	1
1479_sub0	1	9	2	7	2	7	0	0
1479_sub1	0	1	1	0	0	0	1	0
1479_sub2	0	1	0	1	0	0	0	1
1479_sub3	0	1	1	0	0	0	1	0
1486_sub0	0	1	0	1	0	0	0	1
1486_sub1	0	4	1	3	0	0	1	3
1486_sub2	0	1	0	1	0	0	0	1
1486_sub3	0	1	0	1	0	0	0	1
1486_sub4	0	1	1	0	0	0	1	0
1489_sub0	0	1	0	1	0	0	0	1
1489_sub1	0	5	4	1	0	0	4	1
149_sub0	0	1	1	0	0	0	1	0
149_sub1	1	14	5	9	5	9	0	0
149_sub2	0	1	1	0	0	0	1	0
149_sub3	0	1	0	1	0	0	0	1
149_sub4	0	1	1	0	0	0	1	0
1490_sub0	1	6	5	1	5	1	0	0
1490_sub1	0	1	0	1	0	0	0	1
1490_sub2	0	1	0	1	0	0	0	1
1497_sub0	0	1	0	1	0	0	0	1
1497_sub1	1	10	6	4	6	4	0	0
1497_sub2	0	1	0	1	0	0	0	1
1504_sub0	1	6	1	5	1	5	0	0
1504_sub1	0	1	0	1	0	0	0	1
1504_sub2	0	1	0	1	0	0	0	1
1504_sub3	0	1	1	0	0	0	1	0
1508_sub0	0	1	0	1	0	0	0	1
1508_sub1	1	6	2	4	2	4	0	0
1508_sub2	0	1	1	0	0	0	1	0
1510_sub0	1	12	4	8	4	8	0	0
1510_sub1	0	1	0	1	0	0	0	1
1510_sub2	0	1	0	1	0	0	0	1
1510_sub3	0	1	1	0	0	0	1	0
1510_sub4	0	1	1	0	0	0	1	0
1514_sub0	0	1	0	1	0	0	0	1
1514_sub1	1	12	6	6	6	6	0	0
1514_sub2	0	1	1	0	0	0	1	0
1514_sub3	0	1	1	0	0	0	1	0
1516_sub0	0	1	0	1	0	0	0	1
1516_sub1	1	8	5	3	5	3	0	0
1516_sub2	0	1	1	0	0	0	1	0
1516_sub3	0	1	1	0	0	0	1	0
152_sub0	0	1	1	0	0	0	1	0
152_sub1	0	1	1	0	0	0	1	0
152_sub2	0	1	1	0	0	0	1	0
152_sub3	0	1	0	1	0	0	0	1
152_sub4	0	1	1	0	0	0	1	0
152_sub5	0	1	1	0	0	0	1	0
152_sub6	0	1	1	0	0	0	1	0
1521_sub0	1	14	7	7	7	7	0	0
1521_sub1	0	1	1	0	0	0	1	0
1521_sub2	0	1	1	0	0	0	1	0
1521_sub3	0	1	0	1	0	0	0	1
1521_sub4	0	1	1	0	0	0	1	0
1521_sub5	0	1	1	0	0	0	1	0
1523_sub0	0	1	1	0	0	0	1	0
1523_sub1	0	1	1	0	0	0	1	0
1523_sub2	1	7	4	3	4	3	0	0
1523_sub3	0	1	1	0	0	0	1	0
1523_sub4	0	1	0	1	0	0	0	1
1523_sub5	0	1	0	1	0	0	0	1
1532_sub0	1	7	2	5	2	5	0	0
1532_sub1	0	1	1	0	0	0	1	0
1532_sub2	0	1	0	1	0	0	0	1
1533_sub0	1	7	5	2	5	2	0	0
1533_sub1	0	1	0	1	0	0	0	1
1534_sub0	1	11	4	7	4	7	0	0
1534_sub1	0	1	0	1	0	0	0	1
1534_sub2	0	1	0	1	0	0	0	1
1536_sub0	0	1	1	0	0	0	1	0
1536_sub1	1	10	3	7	3	7	0	0
1536_sub2	0	1	0	1	0	0	0	1
1537_sub0	1	8	2	6	2	6	0	0
1537_sub1	0	1	1	0	0	0	1	0
1537_sub2	0	1	1	0	0	0	1	0
1544_sub0	1	9	5	4	5	4	0	0
1544_sub1	0	1	1	0	0	0	1	0
1548_sub0	0	1	0	1	0	0	0	1
1548_sub1	0	5	1	4	0	0	1	4
1548_sub2	0	1	0	1	0	0	0	1
1548_sub3	0	1	1	0	0	0	1	0
1553_sub0	1	7	3	4	3	4	0	0
1553_sub1	0	1	1	0	0	0	1	0
1553_sub2	0	1	0	1	0	0	0	1
1559_sub0	0	1	0	1	0	0	0	1
1559_sub1	0	1	1	0	0	0	1	0
1559_sub2	1	6	3	3	3	3	0	0
1569_sub0	0	1	0	1	0	0	0	1
1569_sub1	0	4	1	3	0	0	1	3
1569_sub2	0	1	1	0	0	0	1	0
1569_sub3	0	1	0	1	0	0	0	1
1572_sub0	1	7	4	3	4	3	0	0
1572_sub1	0	1	1	0	0	0	1	0
1573_sub0	1	9	5	4	5	4	0	0
1573_sub1	0	1	1	0	0	0	1	0
1573_sub2	0	1	0	1	0	0	0	1
1577_sub0	0	1	0	1	0	0	0	1
1577_sub1	0	5	3	2	0	0	3	2
1577_sub2	0	1	0	1	0	0	0	1
1579_sub0	0	1	1	0	0	0	1	0
1579_sub1	1	13	5	8	5	8	0	0
1579_sub2	0	1	1	0	0	0	1	0
15828_sub0	0	1	1	0	0	0	1	0
15828_sub1	1	9	5	4	5	4	0	0
15828_sub2	0	1	0	1	0	0	0	1
1583_sub0	0	1	0	1	0	0	0	1
1583_sub1	1	13	7	6	7	6	0	0
1583_sub2	0	1	1	0	0	0	1	0
1585_sub0	0	1	0	1	0	0	0	1
1585_sub1	0	1	1	0	0	0	1	0
1585_sub2	0	5	4	1	0	0	4	1
1587_sub0	1	13	5	8	5	8	0	0
1587_sub1	0	1	1	0	0	0	1	0
1587_sub2	0	1	0	1	0	0	0	1
1587_sub3	0	1	0	1	0	0	0	1
1595_sub0	1	8	4	4	4	4	0	0
1595_sub1	0	1	0	1	0	0	0	1
1595_sub2	0	1	0	1	0	0	0	1
1595_sub3	0	1	0	1	0	0	0	1
1595_sub4	0	1	0	1	0	0	0	1
1595_sub5	0	1	0	1	0	0	0	1
15968_sub0	0	1	0	1	0	0	0	1
15968_sub1	1	6	3	3	3	3	0	0
15988_sub0	0	1	0	1	0	0	0	1
15988_sub1	1	12	8	4	8	4	0	0
15988_sub2	0	1	0	1	0	0	0	1
15988_sub3	0	1	0	1	0	0	0	1
16_sub0	0	1	0	1	0	0	0	1
16_sub1	0	1	1	0	0	0	1	0
16_sub2	1	6	4	2	4	2	0	0
16_sub3	0	1	1	0	0	0	1	0
1600_sub0	1	6	3	3	3	3	0	0
1600_sub1	0	1	0	1	0	0	0	1
1600_sub2	0	1	1	0	0	0	1	0
1600_sub3	0	1	1	0	0	0	1	0
1602_sub0	1	10	5	5	5	5	0	0
1602_sub1	0	1	1	0	0	0	1	0
1602_sub2	0	1	1	0	0	0	1	0
1602_sub3	0	1	0	1	0	0	0	1
1602_sub4	0	1	0	1	0	0	0	1
1602_sub5	0	1	0	1	0	0	0	1
1602_sub6	0	1	1	0	0	0	1	0
1602_sub7	0	1	0	1	0	0	0	1
1602_sub8	0	1	0	1	0	0	0	1
1603_sub0	0	1	1	0	0	0	1	0
1603_sub1	0	1	0	1	0	0	0	1
1603_sub2	1	10	5	5	5	5	0	0
1603_sub3	0	1	0	1	0	0	0	1
1603_sub4	0	1	1	0	0	0	1	0
1603_sub5	0	1	1	0	0	0	1	0
1603_sub6	0	1	1	0	0	0	1	0
1603_sub7	0	1	0	1	0	0	0	1
1609_sub0	1	9	6	3	6	3	0	0
1609_sub1	0	1	0	1	0	0	0	1
1611_sub0	1	6	3	3	3	3	0	0
1611_sub1	0	1	0	1	0	0	0	1
1611_sub2	0	1	0	1	0	0	0	1
1612_sub0	0	1	1	0	0	0	1	0
1612_sub1	1	7	6	1	6	1	0	0
1612_sub2	0	1	0	1	0	0	0	1
1613_sub0	0	5	3	2	0	0	3	2
1613_sub1	0	1	0	1	0	0	0	1
1613_sub2	0	1	1	0	0	0	1	0
1626_sub0	1	12	6	6	6	6	0	0
1626_sub1	0	1	0	1	0	0	0	1
1628_sub0	1	11	3	8	3	8	0	0
1628_sub1	0	1	0	1	0	0	0	1
1628_sub2	0	1	0	1	0	0	0	1
1628_sub3	0	1	1	0	0	0	1	0
1629_sub0	0	1	0	1	0	0	0	1
1629_sub1	0	1	1	0	0	0	1	0
1629_sub2	0	1	1	0	0	0	1	0
1629_sub3	0	1	0	1	0	0	0	1
1629_sub4	0	1	0	1	0	0	0	1
1629_sub5	0	1	1	0	0	0	1	0
163_sub0	0	1	0	1	0	0	0	1
163_sub1	0	1	1	0	0	0	1	0
163_sub2	1	8	0	8	0	8	0	0
163_sub3	0	1	1	0	0	0	1	0
163_sub4	0	1	1	0	0	0	1	0
163_sub5	0	1	0	1	0	0	0	1
1630_sub0	0	1	0	1	0	0	0	1
1630_sub1	0	1	1	0	0	0	1	0
1630_sub2	0	1	0	1	0	0	0	1
1630_sub3	0	1	0	1	0	0	0	1
1630_sub4	0	1	1	0	0	0	1	0
1630_sub5	0	1	1	0	0	0	1	0
1630_sub6	0	1	0	1	0	0	0	1
1630_sub7	0	1	1	0	0	0	1	0
1654_sub0	1	11	8	3	8	3	0	0
1654_sub1	0	1	1	0	0	0	1	0
1654_sub2	0	1	1	0	0	0	1	0
1654_sub3	0	1	0	1	0	0	0	1
1658_sub0	1	6	3	3	3	3	0	0
1658_sub1	0	1	0	1	0	0	0	1
1666_sub0	0	1	0	1	0	0	0	1
1666_sub1	0	5	3	2	0	0	3	2
1667_sub0	0	1	0	1	0	0	0	1
1667_sub1	0	4	2	2	0	0	2	2
1667_sub2	0	1	0	1	0	0	0	1
1667_sub3	0	1	0	1	0	0	0	1
1667_sub4	0	1	1	0	0	0	1	0
1668_sub0	0	1	0	1	0	0	0	1
1668_sub1	1	7	4	3	4	3	0	0
1668_sub2	0	1	0	1	0	0	0	1
1668_sub3	0	1	0	1	0	0	0	1
1676_sub0	0	4	2	2	0	0	2	2
1676_sub1	0	1	0	1	0	0	0	1
1676_sub2	0	1	0	1	0	0	0	1
1676_sub3	0	1	0	1	0	0	0	1
1676_sub4	0	1	1	0	0	0	1	0
1680_sub0	1	9	6	3	6	3	0	0
1680_sub1	0	1	1	0	0	0	1	0
1680_sub2	0	1	0	1	0	0	0	1
1682_sub0	0	1	1	0	0	0	1	0
1682_sub1	1	9	4	5	4	5	0	0
1682_sub2	0	1	1	0	0	0	1	0
1685_sub0	0	1	0	1	0	0	0	1
1685_sub1	1	21	9	12	9	11	0	1
1685_sub2	0	2	0	2	0	0	0	2
1685_sub3	0	1	1	0	0	0	1	0
1685_sub4	0	1	0	1	0	0	0	1
1686_sub0	0	5	1	4	0	0	1	4
1686_sub1	0	1	1	0	0	0	1	0
1686_sub2	0	1	0	1	0	0	0	1
1689_sub0	1	10	5	5	5	5	0	0
1689_sub1	0	1	0	1	0	0	0	1
1689_sub2	0	1	1	0	0	0	1	0
1689_sub3	0	1	0	1	0	0	0	1
1689_sub4	0	1	0	1	0	0	0	1
169_sub0	0	1	0	1	0	0	0	1
169_sub1	1	6	2	4	2	4	0	0
169_sub2	0	1	1	0	0	0	1	0
170_sub0	0	1	1	0	0	0	1	0
170_sub1	0	1	1	0	0	0	1	0
170_sub2	1	13	5	8	5	8	0	0
1703_sub0	0	1	0	1	0	0	0	1
1703_sub1	1	7	2	5	2	5	0	0
1704_sub0	0	1	0	1	0	0	0	1
1704_sub1	0	4	2	2	0	0	2	2
1704_sub2	0	1	1	0	0	0	1	0
1704_sub3	0	1	0	1	0	0	0	1
1705_sub0	0	1	0	1	0	0	0	1
1705_sub1	0	1	1	0	0	0	1	0
1705_sub2	0	5	3	2	0	0	3	2
1705_sub3	0	1	1	0	0	0	1	0
1707_sub0	0	1	1	0	0	0	1	0
1707_sub1	1	7	1	6	1	6	0	0
1707_sub2	0	1	0	1	0	0	0	1
1710_sub0	1	11	4	7	4	7	0	0
1710_sub1	0	1	1	0	0	0	1	0
1710_sub2	0	1	0	1	0	0	0	1
1713_sub0	1	7	3	4	3	4	0	0
1713_sub1	0	1	1	0	0	0	1	0
1713_sub2	0	1	0	1	0	0	0	1
1716_sub0	1	7	1	6	1	6	0	0
1716_sub1	0	1	0	1	0	0	0	1
1723_sub0	0	3	2	1	0	0	2	1
1723_sub1	0	1	1	0	0	0	1	0
1723_sub2	0	1	0	1	0	0	0	1
1723_sub3	0	1	1	0	0	0	1	0
1723_sub4	0	1	0	1	0	0	0	1
1725_sub0	0	1	0	1	0	0	0	1
1725_sub1	1	6	3	3	3	3	0	0
173_sub0	0	1	1	0	0	0	1	0
173_sub1	0	1	1	0	0	0	1	0
173_sub2	1	16	5	11	5	11	0	0
173_sub3	0	1	1	0	0	0	1	0
1732_sub0	0	1	0	1	0	0	0	1
1732_sub1	0	1	1	0	0	0	1	0
1732_sub2	0	1	1	0	0	0	1	0
1732_sub3	0	1	0	1	0	0	0	1
1732_sub4	0	1	0	1	0	0	0	1
1732_sub5	0	1	0	1	0	0	0	1
1739_sub0	0	4	2	2	0	0	2	2
1739_sub1	0	1	0	1	0	0	0	1
1739_sub2	0	1	0	1	0	0	0	1
1745_sub0	1	6	2	4	2	4	0	0
1745_sub1	0	1	0	1	0	0	0	1
1745_sub2	0	1	0	1	0	0	0	1
1745_sub3	0	1	0	1	0	0	0	1
1752_sub0	0	1	0	1	0	0	0	1
1752_sub1	1	6	2	4	2	4	0	0
1752_sub2	0	1	1	0	0	0	1	0
1752_sub3	0	1	1	0	0	0	1	0
1752_sub4	0	1	0	1	0	0	0	1
1757_sub0	0	1	1	0	0	0	1	0
1757_sub1	1	7	2	5	2	5	0	0
1757_sub2	0	1	1	0	0	0	1	0
1759_sub0	1	6	2	4	2	4	0	0
1759_sub1	0	1	1	0	0	0	1	0
1759_sub2	0	1	0	1	0	0	0	1
176_sub0	0	1	1	0	0	0	1	0
176_sub1	1	10	4	6	4	6	0	0
176_sub2	0	1	0	1	0	0	0	1
176_sub3	0	1	1	0	0	0	1	0
1770_sub0	0	1	0	1	0	0	0	1
1770_sub1	1	8	5	3	5	3	0	0
1770_sub2	0	1	1	0	0	0	1	0
1770_sub3	0	1	0	1	0	0	0	1
1787_sub0	1	8	3	5	3	5	0	0
1787_sub1	0	1	1	0	0	0	1	0
1787_sub2	0	1	1	0	0	0	1	0
1790_sub0	1	14	6	8	6	8	0	0
1790_sub1	0	1	0	1	0	0	0	1
1792_sub0	1	8	3	5	3	5	0	0
1792_sub1	0	1	0	1	0	0	0	1
1792_sub2	0	1	0	1	0	0	0	1
1792_sub3	0	1	0	1	0	0	0	1
1792_sub4	0	1	1	0	0	0	1	0
1796_sub0	0	1	0	1	0	0	0	1
1796_sub1	1	10	7	3	7	3	0	0
1796_sub2	0	1	1	0	0	0	1	0
1797_sub0	1	8	2	6	2	6	0	0
1797_sub1	0	1	0	1	0	0	0	1
1807_sub0	0	1	0	1	0	0	0	1
1807_sub1	0	1	1	0	0	0	1	0
1807_sub2	0	5	3	2	0	0	3	2
181_sub0	0	1	0	1	0	0	0	1
181_sub1	1	12	7	5	7	5	0	0
181_sub2	0	1	0	1	0	0	0	1
181_sub3	0	1	1	0	0	0	1	0
1810_sub0	1	10	4	6	4	6	0	0
1816_sub0	0	1	1	0	0	0	1	0
1816_sub1	0	1	0	1	0	0	0	1
1816_sub2	0	1	0	1	0	0	0	1
1816_sub3	0	1	0	1	0	0	0	1
1816_sub4	0	1	1	0	0	0	1	0
1816_sub5	0	1	0	1	0	0	0	1
1823_sub0	1	9	5	4	5	4	0	0
1823_sub1	0	1	0	1	0	0	0	1
1823_sub2	0	1	1	0	0	0	1	0
1824_sub0	1	7	5	2	5	2	0	0
1824_sub1	0	1	0	1	0	0	0	1
1827_sub0	1	15	8	7	8	7	0	0
1827_sub1	0	1	1	0	0	0	1	0
1829_sub0	0	1	0	1	0	0	0	1
1829_sub1	1	6	4	2	4	2	0	0
183_sub0	0	1	1	0	0	0	1	0
183_sub1	1	7	3	4	3	4	0	0
1838_sub0	1	6	2	4	2	4	0	0
1838_sub1	0	1	0	1	0	0	0	1
1838_sub2	0	1	0	1	0	0	0	1
1838_sub3	0	1	1	0	0	0	1	0
1840_sub0	0	1	1	0	0	0	1	0
1840_sub1	1	9	4	5	4	5	0	0
1840_sub2	0	1	1	0	0	0	1	0
1841_sub0	0	1	1	0	0	0	1	0
1841_sub1	0	1	1	0	0	0	1	0
1841_sub2	0	1	0	1	0	0	0	1
1841_sub3	0	1	1	0	0	0	1	0
1841_sub4	0	1	1	0	0	0	1	0
1841_sub5	0	1	1	0	0	0	1	0
1841_sub6	0	1	0	1	0	0	0	1
1843_sub0	1	8	2	6	2	6	0	0
1843_sub1	0	1	0	1	0	0	0	1
1843_sub2	0	1	0	1	0	0	0	1
1843_sub3	0	1	1	0	0	0	1	0
1843_sub4	0	1	0	1	0	0	0	1
1845_sub0	1	8	6	2	6	2	0	0
1845_sub1	0	1	0	1	0	0	0	1
1857_sub0	0	1	0	1	0	0	0	1
1857_sub1	0	1	0	1	0	0	0	1
1857_sub2	0	1	1	0	0	0	1	0
1857_sub3	0	1	0	1	0	0	0	1
1857_sub4	0	1	0	1	0	0	0	1
1857_sub5	0	1	0	1	0	0	0	1
1857_sub6	0	1	1	0	0	0	1	0
1862_sub0	1	8	2	6	2	6	0	0
1862_sub1	0	1	1	0	0	0	1	0
1862_sub2	0	1	1	0	0	0	1	0
1862_sub3	0	1	0	1	0	0	0	1
1862_sub4	0	1	1	0	0	0	1	0
1869_sub0	0	1	0	1	0	0	0	1
1869_sub1	1	11	3	8	3	8	0	0
1869_sub2	0	1	1	0	0	0	1	0
1869_sub3	0	1	0	1	0	0	0	1
1869_sub4	0	1	0	1	0	0	0	1
1869_sub5	0	1	1	0	0	0	1	0
187_sub0	0	1	0	1	0	0	0	1
187_sub1	1	8	4	4	4	4	0	0
187_sub2	0	1	1	0	0	0	1	0
1879_sub0	1	13	5	8	5	8	0	0
1879_sub1	0	1	1	0	0	0	1	0
1879_sub2	0	1	1	0	0	0	1	0
1879_sub3	0	1	1	0	0	0	1	0
1883_sub0	0	1	1	0	0	0	1	0
1883_sub1	1	6	3	3	3	3	0	0
1883_sub2	0	1	1	0	0	0	1	0
1883_sub3	0	1	0	1	0	0	0	1
1883_sub4	0	1	0	1	0	0	0	1
1883_sub5	0	1	0	1	0	0	0	1
1885_sub0	1	10	1	9	1	9	0	0
1885_sub1	0	1	0	1	0	0	0	1
1889_sub0	0	1	0	1	0	0	0	1
1889_sub1	1	7	5	2	5	2	0	0
1889_sub2	0	1	1	0	0	0	1	0
1890_sub0	1	8	4	4	4	4	0	0
1890_sub1	0	1	0	1	0	0	0	1
1890_sub2	0	1	1	0	0	0	1	0
1892_sub0	1	8	3	5	3	5	0	0
1896_sub0	0	1	0	1	0	0	0	1
1896_sub1	0	1	0	1	0	0	0	1
1896_sub2	0	5	4	1	0	0	4	1
1896_sub3	0	1	0	1	0	0	0	1
1906_sub0	1	7	3	4	3	4	0	0
1906_sub1	0	1	1	0	0	0	1	0
1906_sub2	0	1	0	1	0	0	0	1
1906_sub3	0	1	1	0	0	0	1	0
1906_sub4	0	1	1	0	0	0	1	0
1909_sub0	1	7	2	5	2	5	0	0
1909_sub1	0	1	0	1	0	0	0	1
1912_sub0	0	1	0	1	0	0	0	1
1912_sub1	0	1	0	1	0	0	0	1
1912_sub2	0	1	1	0	0	0	1	0
1912_sub3	0	1	1	0	0	0	1	0
1912_sub4	0	1	0	1	0	0	0	1
1912_sub5	0	1	1	0	0	0	1	0
1912_sub6	0	1	0	1	0	0	0	1
1918_sub0	1	7	1	6	1	6	0	0
1918_sub1	0	1	1	0	0	0	1	0
1918_sub2	0	1	1	0	0	0	1	0
1924_sub0	1	6	3	3	3	3	0	0
1924_sub1	0	1	1	0	0	0	1	0
1924_sub2	0	1	0	1	0	0	0	1
1924_sub3	0	1	1	0	0	0	1	0
1927_sub0	1	14	5	9	5	9	0	0
1927_sub1	0	1	1	0	0	0	1	0
1927_sub2	0	1	0	1	0	0	0	1
1927_sub3	0	1	0	1	0	0	0	1
1929_sub0	1	13	6	7	6	7	0	0
1929_sub1	0	1	0	1	0	0	0	1
1929_sub2	0	1	0	1	0	0	0	1
1934_sub0	0	1	1	0	0	0	1	0
1934_sub1	1	19	11	8	11	8	0	0
1934_sub2	0	1	0	1	0	0	0	1
1934_sub3	0	1	0	1	0	0	0	1
1934_sub4	0	1	1	0	0	0	1	0
1936_sub0	1	9	2	7	2	7	0	0
1936_sub1	0	1	1	0	0	0	1	0
1943_sub0	1	14	3	11	3	11	0	0
1943_sub1	0	1	1	0	0	0	1	0
1943_sub2	0	1	0	1	0	0	0	1
1944_sub0	0	1	0	1	0	0	0	1
1944_sub1	1	14	7	7	7	7	0	0
1944_sub2	0	1	0	1	0	0	0	1
1944_sub3	0	1	1	0	0	0	1	0
1953_sub0	0	1	0	1	0	0	0	1
1953_sub1	1	6	2	4	2	4	0	0
1953_sub2	0	1	1	0	0	0	1	0
196_sub0	0	1	0	1	0	0	0	1
196_sub1	0	1	0	1	0	0	0	1
196_sub2	0	5	2	3	0	0	2	3
196_sub3	0	1	1	0	0	0	1	0
196_sub4	0	1	0	1	0	0	0	1
1963_sub0	1	14	4	10	4	10	0	0
1963_sub1	0	1	1	0	0	0	1	0
1967_sub0	1	7	2	5	2	5	0	0
1967_sub1	0	1	0	1	0	0	0	1
1968_sub0	0	5	1	4	0	0	1	4
1968_sub1	0	1	0	1	0	0	0	1
1968_sub2	0	1	1	0	0	0	1	0
1968_sub3	0	1	1	0	0	0	1	0
1970_sub0	1	9	6	3	6	3	0	0
1970_sub1	0	1	1	0	0	0	1	0
1970_sub2	0	1	1	0	0	0	1	0
1970_sub3	0	1	1	0	0	0	1	0
1979_sub0	1	12	8	4	8	4	0	0
1979_sub1	0	1	1	0	0	0	1	0
1979_sub2	0	1	1	0	0	0	1	0
1982_sub0	1	9	5	4	5	4	0	0
1982_sub1	0	1	0	1	0	0	0	1
1982_sub2	0	1	1	0	0	0	1	0
1986_sub0	1	15	6	9	6	9	0	0
1986_sub1	0	1	1	0	0	0	1	0
1986_sub2	0	1	0	1	0	0	0	1
1986_sub3	0	1	1	0	0	0	1	0
1986_sub4	0	1	1	0	0	0	1	0
1986_sub5	0	1	0	1	0	0	0	1
1986_sub6	0	2	0	2	0	0	0	2
1993_sub0	1	10	7	3	7	3	0	0
1993_sub1	0	1	1	0	0	0	1	0
1993_sub2	0	1	1	0	0	0	1	0
1993_sub3	0	1	1	0	0	0	1	0
1993_sub4	0	1	0	1	0	0	0	1
1993_sub5	0	1	0	1	0	0	0	1
1995_sub0	0	1	1	0	0	0	1	0
1995_sub1	1	13	5	8	5	8	0	0
1995_sub2	0	1	1	0	0	0	1	0
1995_sub3	0	1	1	0	0	0	1	0
1999_sub0	1	7	1	6	1	6	0	0
1999_sub1	0	1	1	0	0	0	1	0
1999_sub2	0	1	0	1	0	0	0	1
1999_sub3	0	1	0	1	0	0	0	1
1999_sub4	0	1	1	0	0	0	1	0
1999_sub5	0	1	0	1	0	0	0	1
1999_sub6	0	1	1	0	0	0	1	0
2000_sub0	1	7	4	3	4	3	0	0
2000_sub1	0	1	1	0	0	0	1	0
2000_sub2	0	1	1	0	0	0	1	0
2000_sub3	0	1	1	0	0	0	1	0
2002_sub0	0	1	0	1	0	0	0	1
2002_sub1	0	1	0	1	0	0	0	1
2002_sub2	0	1	1	0	0	0	1	0
2002_sub3	0	1	1	0	0	0	1	0
2002_sub4	0	1	1	0	0	0	1	0
2002_sub5	0	5	3	2	0	0	3	2
2011_sub0	1	6	0	6	0	6	0	0
2011_sub1	0	1	0	1	0	0	0	1
2011_sub2	0	1	0	1	0	0	0	1
2011_sub3	0	1	0	1	0	0	0	1
2011_sub4	0	1	0	1	0	0	0	1
2011_sub5	0	1	1	0	0	0	1	0
2011_sub6	0	1	1	0	0	0	1	0
203_sub0	0	1	0	1	0	0	0	1
203_sub1	1	15	10	5	10	5	0	0
2035_sub0	0	1	0	1	0	0	0	1
2035_sub1	1	9	5	4	5	4	0	0
2035_sub2	0	1	1	0	0	0	1	0
2035_sub3	0	1	0	1	0	0	0	1
2035_sub4	0	1	1	0	0	0	1	0
2037_sub0	0	1	1	0	0	0	1	0
2037_sub1	0	1	0	1	0	0	0	1
2037_sub2	0	1	0	1	0	0	0	1
2037_sub3	0	3	0	3	0	0	0	3
2037_sub4	0	1	1	0	0	0	1	0
2038_sub0	0	1	1	0	0	0	1	0
2038_sub1	1	13	6	7	6	7	0	0
2048_sub0	1	11	4	7	4	7	0	0
2048_sub1	0	1	1	0	0	0	1	0
2048_sub2	0	1	1	0	0	0	1	0
2049_sub0	0	1	0	1	0	0	0	1
2049_sub1	0	1	0	1	0	0	0	1
2049_sub2	0	4	2	2	0	0	2	2
2055_sub0	1	9	4	5	4	5	0	0
2055_sub1	0	1	0	1	0	0	0	1
2055_sub2	0	1	0	1	0	0	0	1
2056_sub0	1	12	4	8	4	8	0	0
2056_sub1	0	1	0	1	0	0	0	1
2056_sub2	0	1	0	1	0	0	0	1
2069_sub0	0	1	0	1	0	0	0	1
2069_sub1	0	5	3	2	0	0	3	2
2069_sub2	0	1	1	0	0	0	1	0
207_sub0	0	1	0	1	0	0	0	1
207_sub1	1	9	3	6	3	6	0	0
2073_sub0	0	1	1	0	0	0	1	0
2073_sub1	0	4	1	3	0	0	1	3
2073_sub2	0	1	0	1	0	0	0	1
2077_sub0	0	1	0	1	0	0	0	1
2077_sub1	1	8	5	3	5	3	0	0
2077_sub2	0	1	0	1	0	0	0	1
2077_sub3	0	1	0	1	0	0	0	1
2077_sub4	0	1	1	0	0	0	1	0
2077_sub5	0	1	0	1	0	0	0	1
2084_sub0	0	1	0	1	0	0	0	1
2084_sub1	0	5	3	2	0	0	3	2
2084_sub2	0	1	0	1	0	0	0	1
2084_sub3	0	1	0	1	0	0	0	1
2084_sub4	0	1	0	1	0	0	0	1
2085_sub0	1	8	5	3	5	3	0	0
2087_sub0	1	9	3	6	3	6	0	0
2087_sub1	0	1	0	1	0	0	0	1
2087_sub2	0	1	1	0	0	0	1	0
2087_sub3	0	1	1	0	0	0	1	0
2102_sub0	0	1	1	0	0	0	1	0
2102_sub1	0	1	1	0	0	0	1	0
2102_sub2	0	1	1	0	0	0	1	0
2102_sub3	0	1	1	0	0	0	1	0
2102_sub4	0	1	1	0	0	0	1	0
2102_sub5	0	1	1	0	0	0	1	0
2107_sub0	1	9	5	4	5	4	0	0
2107_sub1	0	1	1	0	0	0	1	0
211_sub0	0	1	0	1	0	0	0	1
211_sub1	1	6	2	4	2	4	0	0
211_sub2	0	1	1	0	0	0	1	0
211_sub3	0	1	0	1	0	0	0	1
2112_sub0	1	9	4	5	4	5	0	0
2112_sub1	0	1	1	0	0	0	1	0
2112_sub2	0	1	0	1	0	0	0	1
2114_sub0	0	1	1	0	0	0	1	0
2114_sub1	0	3	2	1	0	0	2	1
2114_sub2	0	1	1	0	0	0	1	0
2114_sub3	0	1	0	1	0	0	0	1
2114_sub4	0	1	0	1	0	0	0	1
212_sub0	0	1	0	1	0	0	0	1
212_sub1	0	1	0	1	0	0	0	1
212_sub2	1	9	5	4	5	4	0	0
212_sub3	0	1	1	0	0	0	1	0
212_sub4	0	1	1	0	0	0	1	0
2121_sub0	0	1	0	1	0	0	0	1
2121_sub1	0	1	0	1	0	0	0	1
2121_sub2	1	6	0	6	0	6	0	0
2121_sub3	0	1	1	0	0	0	1	0
2121_sub4	0	1	0	1	0	0	0	1
2125_sub0	0	5	4	1	0	0	4	1
2125_sub1	0	1	0	1	0	0	0	1
2125_sub2	0	1	0	1	0	0	0	1
2126_sub0	1	7	3	4	3	4	0	0
2126_sub1	0	1	1	0	0	0	1	0
2126_sub2	0	1	1	0	0	0	1	0
2126_sub3	0	1	0	1	0	0	0	1
2126_sub4	0	1	0	1	0	0	0	1
2126_sub5	0	1	0	1	0	0	0	1
213_sub0	0	1	1	0	0	0	1	0
213_sub1	1	12	6	6	6	6	0	0
213_sub2	0	1	1	0	0	0	1	0
2134_sub0	0	1	0	1	0	0	0	1
2134_sub1	0	1	1	0	0	0	1	0
2134_sub2	0	1	0	1	0	0	0	1
2134_sub3	0	1	0	1	0	0	0	1
2134_sub4	0	1	0	1	0	0	0	1
2134_sub5	0	1	0	1	0	0	0	1
2134_sub6	0	1	0	1	0	0	0	1
2146_sub0	0	4	2	2	0	0	2	2
2146_sub1	0	1	0	1	0	0	0	1
2146_sub2	0	1	1	0	0	0	1	0
2147_sub0	0	1	0	1	0	0	0	1
2147_sub1	0	3	1	2	0	0	1	2
2147_sub2	0	1	0	1	0	0	0	1
2147_sub3	0	1	1	0	0	0	1	0
2150_sub0	1	10	7	3	7	3	0	0
2155_sub0	0	1	1	0	0	0	1	0
2155_sub1	1	8	5	3	5	3	0	0
2158_sub0	0	5	2	3	0	0	2	3
2158_sub1	0	1	0	1	0	0	0	1
2158_sub2	0	1	0	1	0	0	0	1
216_sub0	0	1	1	0	0	0	1	0
216_sub1	1	10	6	4	6	4	0	0
216_sub2	0	1	1	0	0	0	1	0
2162_sub0	0	1	0	1	0	0	0	1
2162_sub1	0	4	1	3	0	0	1	3
2162_sub2	0	1	1	0	0	0	1	0
2163_sub0	1	16	10	6	10	6	0	0
2163_sub1	0	1	1	0	0	0	1	0
2163_sub2	0	1	1	0	0	0	1	0
2163_sub3	0	1	1	0	0	0	1	0
2164_sub0	1	11	6	5	6	5	0	0
2164_sub1	0	1	0	1	0	0	0	1
2164_sub2	0	1	1	0	0	0	1	0
2171_sub0	1	6	0	6	0	6	0	0
2171_sub1	0	1	1	0	0	0	1	0
2171_sub2	0	1	0	1	0	0	0	1
2192_sub0	1	8	5	3	5	3	0	0
2192_sub1	0	1	0	1	0	0	0	1
2192_sub2	0	1	1	0	0	0	1	0
2205_sub0	1	13	8	5	8	5	0	0
2205_sub1	0	1	0	1	0	0	0	1
2206_sub0	0	4	3	1	0	0	3	1
2206_sub1	0	1	0	1	0	0	0	1
2206_sub2	0	1	0	1	0	0	0	1
2206_sub3	0	1	0	1	0	0	0	1
221_sub0	0	1	1	0	0	0	1	0
221_sub1	0	5	3	2	0	0	3	2
2218_sub0	1	8	2	6	2	6	0	0
2218_sub1	0	1	0	1	0	0	0	1
2218_sub2	0	1	0	1	0	0	0	1
2219_sub0	0	1	1	0	0	0	1	0
2219_sub1	1	6	3	3	3	3	0	0
2219_sub2	0	1	0	1	0	0	0	1
2219_sub3	0	1	1	0	0	0	1	0
222_sub0	0	1	1	0	0	0	1	0
222_sub1	0	4	2	2	0	0	2	2
222_sub2	0	1	0	1	0	0	0	1
2220_sub0	1	14	8	6	8	6	0	0
2220_sub1	0	1	1	0	0	0	1	0
2220_sub2	0	1	0	1	0	0	0	1
2220_sub3	0	1	1	0	0	0	1	0
2220_sub4	0	1	1	0	0	0	1	0
2220_sub5	0	1	1	0	0	0	1	0
2222_sub0	0	1	1	0	0	0	1	0
2222_sub1	1	6	3	3	3	3	0	0
2222_sub2	0	1	0	1	0	0	0	1
2234_sub0	0	1	0	1	0	0	0	1
2234_sub1	0	1	0	1	0	0	0	1
2234_sub2	0	1	0	1	0	0	0	1
2234_sub3	1	13	8	5	8	5	0	0
2235_sub0	0	1	0	1	0	0	0	1
2235_sub1	1	8	4	4	4	4	0	0
224_sub0	0	1	1	0	0	0	1	0
224_sub1	0	1	0	1	0	0	0	1
224_sub2	0	1	0	1	0	0	0	1
224_sub3	1	6	3	3	3	3	0	0
224_sub4	0	2	0	2	0	0	0	2
2254_sub0	0	1	0	1	0	0	0	1
2254_sub1	0	5	3	2	0	0	3	2
2254_sub2	0	1	1	0	0	0	1	0
2254_sub3	0	1	0	1	0	0	0	1
2273_sub0	0	1	1	0	0	0	1	0
2273_sub1	0	1	0	1	0	0	0	1
2273_sub2	1	7	3	4	3	4	0	0
2273_sub3	0	1	0	1	0	0	0	1
2278_sub0	0	1	0	1	0	0	0	1
2278_sub1	1	8	3	5	3	5	0	0
2278_sub2	0	1	1	0	0	0	1	0
2280_sub0	0	1	0	1	0	0	0	1
2280_sub1	0	2	2	0	0	0	2	0
2280_sub2	0	1	1	0	0	0	1	0
2280_sub3	0	1	0	1	0	0	0	1
2280_sub4	0	1	1	0	0	0	1	0
2284_sub0	1	6	3	3	3	3	0	0
2284_sub1	0	1	1	0	0	0	1	0
2284_sub2	0	1	0	1	0	0	0	1
2284_sub3	0	1	0	1	0	0	0	1
2284_sub4	0	1	1	0	0	0	1	0
2290_sub0	0	1	1	0	0	0	1	0
2290_sub1	1	8	4	4	4	4	0	0
2293_sub0	1	6	3	3	3	3	0	0
2293_sub1	0	1	0	1	0	0	0	1
2296_sub0	0	1	0	1	0	0	0	1
2296_sub1	0	1	0	1	0	0	0	1
2296_sub2	1	8	2	6	2	6	0	0
2296_sub3	0	1	0	1	0	0	0	1
2296_sub4	0	1	1	0	0	0	1	0
2299_sub0	0	3	0	3	0	0	0	3
2299_sub1	0	1	0	1	0	0	0	1
2299_sub2	0	1	1	0	0	0	1	0
2299_sub3	0	1	1	0	0	0	1	0
23_sub0	0	1	1	0	0	0	1	0
23_sub1	0	1	1	0	0	0	1	0
23_sub2	0	2	0	2	0	0	0	2
23_sub3	0	1	0	1	0	0	0	1
23_sub4	0	1	1	0	0	0	1	0
23_sub5	0	1	1	0	0	0	1	0
23_sub6	0	1	0	1	0	0	0	1
230_sub0	0	1	1	0	0	0	1	0
230_sub1	0	3	1	2	0	0	1	2
230_sub2	0	1	1	0	0	0	1	0
230_sub3	0	1	1	0	0	0	1	0
230_sub4	0	1	0	1	0	0	0	1
2305_sub0	1	12	9	3	9	3	0	0
2305_sub1	0	1	0	1	0	0	0	1
2305_sub2	0	1	1	0	0	0	1	0
2305_sub3	0	1	0	1	0	0	0	1
231_sub0	0	1	0	1	0	0	0	1
231_sub1	1	6	2	4	2	4	0	0
231_sub2	0	1	1	0	0	0	1	0
231_sub3	0	1	0	1	0	0	0	1
2310_sub0	1	7	2	5	2	5	0	0
2310_sub1	0	1	0	1	0	0	0	1
2310_sub2	0	1	1	0	0	0	1	0
2311_sub0	0	1	1	0	0	0	1	0
2311_sub1	1	6	3	3	3	3	0	0
2318_sub0	1	9	6	3	6	3	0	0
2318_sub1	0	1	0	1	0	0	0	1
2318_sub2	0	1	1	0	0	0	1	0
2318_sub3	0	1	0	1	0	0	0	1
2320_sub0	1	12	6	6	6	6	0	0
2320_sub1	0	1	1	0	0	0	1	0
2320_sub2	0	1	0	1	0	0	0	1
2320_sub3	0	1	1	0	0	0	1	0
2324_sub0	1	12	5	7	5	7	0	0
2324_sub1	0	1	0	1	0	0	0	1
2324_sub2	0	1	0	1	0	0	0	1
2324_sub3	0	1	1	0	0	0	1	0
2324_sub4	0	1	0	1	0	0	0	1
2326_sub0	0	1	0	1	0	0	0	1
2326_sub1	0	5	1	4	0	0	1	4
2326_sub2	0	1	0	1	0	0	0	1
2326_sub3	0	1	0	1	0	0	0	1
2337_sub0	0	1	0	1	0	0	0	1
2337_sub1	0	4	3	1	0	0	3	1
2337_sub2	0	1	1	0	0	0	1	0
2337_sub3	0	1	0	1	0	0	0	1
234_sub0	0	1	1	0	0	0	1	0
234_sub1	1	9	2	7	2	7	0	0
234_sub2	0	1	1	0	0	0	1	0
234_sub3	0	1	0	1	0	0	0	1
234_sub4	0	1	1	0	0	0	1	0
2352_sub0	0	4	0	4	0	0	0	4
2352_sub1	0	1	1	0	0	0	1	0
2352_sub2	0	1	1	0	0	0	1	0
2352_sub3	0	1	0	1	0	0	0	1
2352_sub4	0	1	0	1	0	0	0	1
2352_sub5	0	1	0	1	0	0	0	1
2361_sub0	1	9	5	4	5	4	0	0
2361_sub1	0	1	0	1	0	0	0	1
2361_sub2	0	1	1	0	0	0	1	0
2361_sub3	0	1	0	1	0	0	0	1
2361_sub4	0	1	1	0	0	0	1	0
2366_sub0	0	1	0	1	0	0	0	1
2366_sub1	1	8	4	4	4	4	0	0
2366_sub2	0	1	1	0	0	0	1	0
2366_sub3	0	1	1	0	0	0	1	0
2366_sub4	0	1	0	1	0	0	0	1
2371_sub0	1	10	3	7	3	7	0	0
2371_sub1	0	1	0	1	0	0	0	1
2371_sub2	0	1	1	0	0	0	1	0
2371_sub3	0	1	0	1	0	0	0	1
2371_sub4	0	1	0	1	0	0	0	1
2377_sub0	0	1	1	0	0	0	1	0
2377_sub1	1	6	4	2	4	2	0	0
2377_sub2	0	1	1	0	0	0	1	0
2377_sub3	0	1	0	1	0	0	0	1
2378_sub0	1	7	4	3	4	3	0	0
238_sub0	0	1	0	1	0	0	0	1
238_sub1	0	1	1	0	0	0	1	0
238_sub2	0	1	0	1	0	0	0	1
238_sub3	0	1	1	0	0	0	1	0
238_sub4	0	1	1	0	0	0	1	0
238_sub5	0	4	3	1	0	0	3	1
238_sub6	0	1	1	0	0	0	1	0
238_sub7	0	1	0	1	0	0	0	1
2401_sub0	1	20	4	16	4	16	0	0
2401_sub1	0	1	1	0	0	0	1	0
2401_sub2	0	1	1	0	0	0	1	0
2403_sub0	0	1	0	1	0	0	0	1
2403_sub1	1	16	10	6	10	6	0	0
2406_sub0	1	10	5	5	5	5	0	0
2406_sub1	0	1	0	1	0	0	0	1
2406_sub2	0	1	0	1	0	0	0	1
2412_sub0	1	14	6	8	6	8	0	0
2412_sub1	0	1	0	1	0	0	0	1
2412_sub2	0	1	0	1	0	0	0	1
2414_sub0	1	10	7	3	7	3	0	0
2414_sub1	0	1	0	1	0	0	0	1
242_sub0	0	1	1	0	0	0	1	0
242_sub1	0	4	3	1	0	0	3	1
242_sub2	0	1	1	0	0	0	1	0
242_sub3	0	1	1	0	0	0	1	0
242_sub4	0	1	1	0	0	0	1	0
2422_sub0	0	1	0	1	0	0	0	1
2422_sub1	1	9	4	5	4	5	0	0
2422_sub2	0	1	0	1	0	0	0	1
2422_sub3	0	1	0	1	0	0	0	1
2422_sub4	0	1	0	1	0	0	0	1
2425_sub0	0	1	0	1	0	0	0	1
2425_sub1	1	15	7	8	7	8	0	0
2425_sub2	0	1	1	0	0	0	1	0
243_sub0	0	1	1	0	0	0	1	0
243_sub1	0	1	0	1	0	0	0	1
243_sub2	0	2	1	1	0	0	1	1
243_sub3	0	1	1	0	0	0	1	0
243_sub4	0	1	1	0	0	0	1	0
2435_sub0	1	13	6	7	6	7	0	0
2435_sub1	0	1	0	1	0	0	0	1
2435_sub2	0	1	1	0	0	0	1	0
2435_sub3	0	1	1	0	0	0	1	0
2435_sub4	0	1	1	0	0	0	1	0
2438_sub0	0	1	0	1	0	0	0	1
2438_sub1	1	9	5	4	5	4	0	0
2438_sub2	0	1	1	0	0	0	1	0
2438_sub3	0	1	0	1	0	0	0	1
2439_sub0	0	1	1	0	0	0	1	0
2439_sub1	0	5	2	3	0	0	2	3
244_sub0	0	1	0	1	0	0	0	1
244_sub1	0	1	0	1	0	0	0	1
244_sub2	0	5	5	0	0	0	5	0
244_sub3	0	1	0	1	0	0	0	1
2449_sub0	0	1	1	0	0	0	1	0
2449_sub1	0	1	0	1	0	0	0	1
2449_sub2	0	3	3	0	0	0	3	0
2449_sub3	0	1	0	1	0	0	0	1
245_sub0	0	1	0	1	0	0	0	1
245_sub1	0	5	2	3	0	0	2	3
245_sub2	0	1	1	0	0	0	1	0
245_sub3	0	1	0	1	0	0	0	1
2451_sub0	0	1	0	1	0	0	0	1
2451_sub1	1	12	6	6	6	6	0	0
2451_sub2	0	1	0	1	0	0	0	1
2452_sub0	0	1	1	0	0	0	1	0
2452_sub1	1	13	8	5	8	5	0	0
2452_sub2	0	1	0	1	0	0	0	1
2452_sub3	0	1	0	1	0	0	0	1
2452_sub4	0	1	0	1	0	0	0	1
2455_sub0	1	8	4	4	4	4	0	0
2455_sub1	0	1	1	0	0	0	1	0
2466_sub0	0	1	1	0	0	0	1	0
2466_sub1	0	1	0	1	0	0	0	1
2466_sub2	0	5	4	1	0	0	4	1
2473_sub0	1	8	4	4	4	4	0	0
2473_sub1	0	1	1	0	0	0	1	0
2473_sub2	0	1	0	1	0	0	0	1
2473_sub3	0	1	1	0	0	0	1	0
2473_sub4	0	1	0	1	0	0	0	1
2473_sub5	0	1	1	0	0	0	1	0
2473_sub6	0	1	0	1	0	0	0	1
248_sub0	0	1	0	1	0	0	0	1
248_sub1	0	1	0	1	0	0	0	1
248_sub2	1	8	2	6	2	6	0	0
248_sub3	0	1	1	0	0	0	1	0
2484_sub0	0	1	0	1	0	0	0	1
2484_sub1	0	1	1	0	0	0	1	0
2484_sub2	1	7	4	3	4	3	0	0
2484_sub3	0	1	0	1	0	0	0	1
2484_sub4	0	1	0	1	0	0	0	1
2484_sub5	0	1	1	0	0	0	1	0
2487_sub0	1	7	4	3	4	3	0	0
2487_sub1	0	1	0	1	0	0	0	1
2487_sub2	0	1	0	1	0	0	0	1
2487_sub3	0	1	1	0	0	0	1	0
2487_sub4	0	1	1	0	0	0	1	0
2489_sub0	1	6	2	4	2	4	0	0
2489_sub1	0	1	0	1	0	0	0	1
2489_sub2	0	1	0	1	0	0	0	1
2496_sub0	1	10	6	4	6	4	0	0
2496_sub1	0	1	1	0	0	0	1	0
2497_sub0	0	1	0	1	0	0	0	1
2497_sub1	0	1	1	0	0	0	1	0
2497_sub2	0	1	1	0	0	0	1	0
2497_sub3	0	1	0	1	0	0	0	1
2497_sub4	0	1	1	0	0	0	1	0
2497_sub5	0	1	1	0	0	0	1	0
2500_sub0	1	7	5	2	5	2	0	0
2500_sub1	0	1	1	0	0	0	1	0
2501_sub0	0	1	0	1	0	0	0	1
2501_sub1	0	1	1	0	0	0	1	0
2501_sub2	0	1	0	1	0	0	0	1
2501_sub3	0	1	1	0	0	0	1	0
2501_sub4	0	2	1	1	0	0	1	1
2501_sub5	0	1	1	0	0	0	1	0
251_sub0	0	1	0	1	0	0	0	1
251_sub1	1	7	1	6	1	6	0	0
2511_sub0	1	10	5	5	5	5	0	0
2511_sub1	0	1	0	1	0	0	0	1
2511_sub2	0	1	0	1	0	0	0	1
2511_sub3	0	1	0	1	0	0	0	1
2513_sub0	0	1	1	0	0	0	1	0
2513_sub1	1	8	1	7	1	7	0	0
2513_sub2	0	1	0	1	0	0	0	1
2513_sub3	0	1	1	0	0	0	1	0
2535_sub0	1	8	4	4	4	4	0	0
2538_sub0	0	1	0	1	0	0	0	1
2538_sub1	1	12	6	6	6	6	0	0
2538_sub2	0	1	0	1	0	0	0	1
2538_sub3	0	1	0	1	0	0	0	1
2538_sub4	0	1	1	0	0	0	1	0
2539_sub0	1	13	8	5	8	5	0	0
2539_sub1	0	1	0	1	0	0	0	1
2539_sub2	0	1	0	1	0	0	0	1
2539_sub3	0	1	0	1	0	0	0	1
2539_sub4	0	1	0	1	0	0	0	1
2542_sub0	0	3	2	1	0	0	2	1
2542_sub1	0	1	1	0	0	0	1	0
2542_sub2	0	1	1	0	0	0	1	0
2542_sub3	0	1	1	0	0	0	1	0
2543_sub0	0	1	1	0	0	0	1	0
2543_sub1	0	2	1	1	0	0	1	1
2543_sub2	0	2	1	1	0	0	1	1
2543_sub3	0	1	0	1	0	0	0	1
2543_sub4	0	1	0	1	0	0	0	1
2543_sub5	0	1	0	1	0	0	0	1
2545_sub0	1	12	8	4	8	4	0	0
2545_sub1	0	1	0	1	0	0	0	1
2551_sub0	1	8	5	3	5	3	0	0
2557_sub0	1	10	6	4	6	4	0	0
2557_sub1	0	1	1	0	0	0	1	0
2557_sub2	0	1	1	0	0	0	1	0
2557_sub3	0	1	0	1	0	0	0	1
2557_sub4	0	1	1	0	0	0	1	0
2558_sub0	0	2	0	2	0	0	0	2
2558_sub1	0	1	1	0	0	0	1	0
2558_sub2	0	1	1	0	0	0	1	0
2558_sub3	0	1	1	0	0	0	1	0
2558_sub4	0	1	1	0	0	0	1	0
256_sub0	0	1	0	1	0	0	0	1
256_sub1	0	1	1	0	0	0	1	0
256_sub2	0	1	0	1	0	0	0	1
256_sub3	0	1	0	1	0	0	0	1
256_sub4	0	1	1	0	0	0	1	0
256_sub5	0	1	0	1	0	0	0	1
2561_sub0	0	1	0	1	0	0	0	1
2561_sub1	0	4	0	4	0	0	0	4
2561_sub2	0	1	1	0	0	0	1	0
2565_sub0	1	15	8	7	8	7	0	0
2565_sub1	0	1	1	0	0	0	1	0
257_sub0	0	1	0	1	0	0	0	1
257_sub1	1	11	4	7	4	7	0	0
257_sub2	0	1	1	0	0	0	1	0
2578_sub0	0	1	1	0	0	0	1	0
2578_sub1	1	6	3	3	3	3	0	0
2578_sub2	0	1	1	0	0	0	1	0
2578_sub3	0	1	0	1	0	0	0	1
2580_sub0	1	8	3	5	3	5	0	0
2580_sub1	0	1	0	1	0	0	0	1
2580_sub2	0	1	1	0	0	0	1	0
2580_sub3	0	1	0	1	0	0	0	1
2582_sub0	0	1	0	1	0	0	0	1
2582_sub1	1	7	4	3	4	3	0	0
2585_sub0	1	9	2	7	2	7	0	0
2585_sub1	0	1	0	1	0	0	0	1
2585_sub2	0	1	0	1	0	0	0	1
2585_sub3	0	1	1	0	0	0	1	0
2585_sub4	0	1	1	0	0	0	1	0
2587_sub0	1	13	3	10	3	10	0	0
2587_sub1	0	1	1	0	0	0	1	0
2587_sub2	0	1	1	0	0	0	1	0
2587_sub3	0	1	0	1	0	0	0	1
2587_sub4	0	1	1	0	0	0	1	0
2587_sub5	0	1	0	1	0	0	0	1
2588_sub0	0	1	1	0	0	0	1	0
2588_sub1	0	1	1	0	0	0	1	0
2588_sub2	0	1	0	1	0	0	0	1
2588_sub3	0	1	1	0	0	0	1	0
2588_sub4	0	1	0	1	0	0	0	1
2588_sub5	0	1	1	0	0	0	1	0
2589_sub0	1	8	4	4	4	4	0	0
2589_sub1	0	1	1	0	0	0	1	0
2589_sub2	0	1	1	0	0	0	1	0
2589_sub3	0	1	0	1	0	0	0	1
2589_sub4	0	1	1	0	0	0	1	0
2592_sub0	0	5	3	2	0	0	3	2
2592_sub1	0	1	1	0	0	0	1	0
2592_sub2	0	1	0	1	0	0	0	1
2593_sub0	1	13	6	7	6	7	0	0
2593_sub1	0	1	1	0	0	0	1	0
2593_sub2	0	1	0	1	0	0	0	1
2594_sub0	0	5	3	2	0	0	3	2
2594_sub1	0	1	1	0	0	0	1	0
2594_sub2	0	1	1	0	0	0	1	0
2594_sub3	0	1	0	1	0	0	0	1
2594_sub4	0	1	0	1	0	0	0	1
2594_sub5	0	1	0	1	0	0	0	1
2598_sub0	1	13	7	6	7	6	0	0
2598_sub1	0	1	1	0	0	0	1	0
2598_sub2	0	1	0	1	0	0	0	1
260_sub0	0	1	0	1	0	0	0	1
260_sub1	0	1	1	0	0	0	1	0
260_sub2	0	5	1	4	0	0	1	4
260_sub3	0	1	0	1	0	0	0	1
260_sub4	0	1	0	1	0	0	0	1
2600_sub0	0	1	1	0	0	0	1	0
2600_sub1	0	1	1	0	0	0	1	0
2600_sub2	0	1	0	1	0	0	0	1
2600_sub3	0	1	1	0	0	0	1	0
2600_sub4	0	1	1	0	0	0	1	0
2600_sub5	0	1	1	0	0	0	1	0
2600_sub6	0	1	0	1	0	0	0	1
2603_sub0	1	19	12	7	12	7	0	0
2603_sub1	0	1	0	1	0	0	0	1
2603_sub2	0	1	0	1	0	0	0	1
2603_sub3	0	1	0	1	0	0	0	1
2603_sub4	0	1	1	0	0	0	1	0
2603_sub5	0	1	0	1	0	0	0	1
2605_sub0	0	4	1	3	0	0	1	3
2605_sub1	0	1	0	1	0	0	0	1
2605_sub2	0	1	0	1	0	0	0	1
2605_sub3	0	1	1	0	0	0	1	0
2605_sub4	0	1	0	1	0	0	0	1
2608_sub0	1	6	0	6	0	6	0	0
2608_sub1	0	1	1	0	0	0	1	0
2608_sub2	0	1	0	1	0	0	0	1
2608_sub3	0	1	1	0	0	0	1	0
2609_sub0	1	8	4	4	4	4	0	0
2609_sub1	0	1	1	0	0	0	1	0
2609_sub2	0	1	0	1	0	0	0	1
2609_sub3	0	1	1	0	0	0	1	0
261_sub0	0	1	1	0	0	0	1	0
261_sub1	0	1	0	1	0	0	0	1
261_sub2	0	4	1	3	0	0	1	3
261_sub3	0	1	0	1	0	0	0	1
2613_sub0	1	6	2	4	2	4	0	0
2613_sub1	0	1	0	1	0	0	0	1
2613_sub2	0	1	0	1	0	0	0	1
2615_sub0	0	1	1	0	0	0	1	0
2615_sub1	0	1	0	1	0	0	0	1
2615_sub2	0	1	1	0	0	0	1	0
2615_sub3	0	1	1	0	0	0	1	0
2615_sub4	0	1	0	1	0	0	0	1
2615_sub5	0	1	1	0	0	0	1	0
2615_sub6	0	1	0	1	0	0	0	1
2617_sub0	0	1	0	1	0	0	0	1
2617_sub1	0	1	0	1	0	0	0	1
2617_sub2	0	1	0	1	0	0	0	1
2617_sub3	0	1	1	0	0	0	1	0
2617_sub4	0	1	0	1	0	0	0	1
2617_sub5	0	1	0	1	0	0	0	1
2619_sub0	1	9	3	6	3	6	0	0
2619_sub1	0	1	1	0	0	0	1	0
2619_sub2	0	1	0	1	0	0	0	1
2619_sub3	0	1	0	1	0	0	0	1
2620_sub0	1	13	7	6	7	6	0	0
2620_sub1	0	1	1	0	0	0	1	0
2620_sub2	0	1	1	0	0	0	1	0
2620_sub3	0	1	0	1	0	0	0	1
2620_sub4	0	1	1	0	0	0	1	0
2620_sub5	0	1	1	0	0	0	1	0
2620_sub6	0	1	1	0	0	0	1	0
2621_sub0	0	1	0	1	0	0	0	1
2621_sub1	0	4	3	1	0	0	3	1
2621_sub2	0	1	1	0	0	0	1	0
2621_sub3	0	1	1	0	0	0	1	0
2636_sub0	0	1	1	0	0	0	1	0
2636_sub1	0	1	1	0	0	0	1	0
2636_sub2	0	1	1	0	0	0	1	0
2636_sub3	0	1	1	0	0	0	1	0
2636_sub4	0	1	0	1	0	0	0	1
2636_sub5	0	1	1	0	0	0	1	0
264_sub0	0	1	0	1	0	0	0	1
264_sub1	0	1	0	1	0	0	0	1
264_sub2	0	5	3	2	0	0	3	2
2640_sub0	1	6	3	3	3	3	0	0
2640_sub1	0	1	1	0	0	0	1	0
2645_sub0	0	1	1	0	0	0	1	0
2645_sub1	0	1	0	1	0	0	0	1
2645_sub2	0	1	1	0	0	0	1	0
2645_sub3	0	1	0	1	0	0	0	1
2645_sub4	0	1	0	1	0	0	0	1
2645_sub5	0	1	1	0	0	0	1	0
2652_sub0	1	13	8	5	8	5	0	0
2652_sub1	0	1	0	1	0	0	0	1
2652_sub2	0	1	1	0	0	0	1	0
2653_sub0	0	5	5	0	0	0	5	0
2653_sub1	0	1	1	0	0	0	1	0
2655_sub0	0	5	2	3	0	0	2	3
2655_sub1	0	1	1	0	0	0	1	0
2655_sub2	0	1	1	0	0	0	1	0
2658_sub0	0	1	1	0	0	0	1	0
2658_sub1	0	1	0	1	0	0	0	1
2658_sub2	0	1	1	0	0	0	1	0
2658_sub3	0	1	0	1	0	0	0	1
2658_sub4	0	3	1	2	0	0	1	2
2658_sub5	0	1	0	1	0	0	0	1
2658_sub6	0	1	0	1	0	0	0	1
2664_sub0	1	11	6	5	6	5	0	0
2664_sub1	0	1	0	1	0	0	0	1
2664_sub2	0	1	0	1	0	0	0	1
2664_sub3	0	1	1	0	0	0	1	0
2664_sub4	0	1	1	0	0	0	1	0
2664_sub5	0	1	0	1	0	0	0	1
2664_sub6	0	1	1	0	0	0	1	0
2664_sub7	0	1	0	1	0	0	0	1
2664_sub8	0	1	1	0	0	0	1	0
2665_sub0	1	13	5	8	5	8	0	0
2665_sub1	0	1	1	0	0	0	1	0
2665_sub2	0	1	0	1	0	0	0	1
2667_sub0	1	6	0	6	0	6	0	0
2667_sub1	0	1	0	1	0	0	0	1
2668_sub0	1	10	5	5	5	5	0	0
2668_sub1	0	1	1	0	0	0	1	0
2668_sub2	0	1	0	1	0	0	0	1
2668_sub3	0	1	0	1	0	0	0	1
2671_sub0	0	1	0	1	0	0	0	1
2671_sub1	1	7	6	1	6	1	0	0
2671_sub2	0	1	0	1	0	0	0	1
2674_sub0	1	16	7	9	7	9	0	0
2674_sub1	0	1	1	0	0	0	1	0
2674_sub2	0	1	1	0	0	0	1	0
2674_sub3	0	1	0	1	0	0	0	1
2679_sub0	1	13	5	8	5	8	0	0
2679_sub1	0	1	0	1	0	0	0	1
2679_sub2	0	1	0	1	0	0	0	1
2679_sub3	0	1	0	1	0	0	0	1
268_sub0	0	1	0	1	0	0	0	1
268_sub1	1	15	2	13	2	13	0	0
268_sub2	0	1	1	0	0	0	1	0
268_sub3	0	1	1	0	0	0	1	0
2683_sub0	0	1	1	0	0	0	1	0
2683_sub1	1	11	7	4	7	4	0	0
2683_sub2	0	1	0	1	0	0	0	1
2683_sub3	0	1	0	1	0	0	0	1
2683_sub4	0	1	1	0	0	0	1	0
2683_sub5	0	1	0	1	0	0	0	1
2683_sub6	0	1	0	1	0	0	0	1
2684_sub0	1	23	11	12	10	10	1	2
2684_sub1	0	1	1	0	0	0	1	0
2684_sub2	0	1	1	0	0	0	1	0
2684_sub3	0	1	0	1	0	0	0	1
2689_sub0	1	8	7	1	7	1	0	0
2689_sub1	0	1	0	1	0	0	0	1
2690_sub0	0	1	1	0	0	0	1	0
2690_sub1	0	1	1	0	0	0	1	0
2690_sub2	0	1	0	1	0	0	0	1
2690_sub3	0	1	1	0	0	0	1	0
2690_sub4	0	1	0	1	0	0	0	1
2690_sub5	0	1	1	0	0	0	1	0
2690_sub6	0	1	1	0	0	0	1	0
2695_sub0	0	1	0	1	0	0	0	1
2695_sub1	0	2	1	1	0	0	1	1
2695_sub2	0	1	1	0	0	0	1	0
2695_sub3	0	1	1	0	0	0	1	0
2695_sub4	0	1	0	1	0	0	0	1
2696_sub0	0	1	1	0	0	0	1	0
2696_sub1	0	4	1	3	0	0	1	3
2696_sub2	0	1	1	0	0	0	1	0
2696_sub3	0	1	1	0	0	0	1	0
27_sub0	0	1	1	0	0	0	1	0
27_sub1	0	1	0	1	0	0	0	1
27_sub2	0	5	2	3	0	0	2	3
27_sub3	0	1	1	0	0	0	1	0
27_sub4	0	1	1	0	0	0	1	0
27_sub5	0	1	1	0	0	0	1	0
27_sub6	0	1	0	1	0	0	0	1
2702_sub0	1	6	2	4	2	4	0	0
2702_sub1	0	1	1	0	0	0	1	0
2702_sub2	0	1	1	0	0	0	1	0
2702_sub3	0	1	1	0	0	0	1	0
2702_sub4	0	1	0	1	0	0	0	1
2707_sub0	0	1	1	0	0	0	1	0
2707_sub1	0	1	1	0	0	0	1	0
2707_sub2	0	1	0	1	0	0	0	1
2707_sub3	0	1	1	0	0	0	1	0
2707_sub4	0	1	1	0	0	0	1	0
2707_sub5	0	2	0	2	0	0	0	2
2707_sub6	0	1	0	1	0	0	0	1
2712_sub0	1	7	2	5	2	5	0	0
2712_sub1	0	1	1	0	0	0	1	0
2712_sub2	0	1	0	1	0	0	0	1
2712_sub3	0	1	0	1	0	0	0	1
2712_sub4	0	1	0	1	0	0	0	1
2712_sub5	0	1	0	1	0	0	0	1
2718_sub0	1	10	4	6	4	6	0	0
2718_sub1	0	1	1	0	0	0	1	0
2718_sub2	0	1	1	0	0	0	1	0
2718_sub3	0	1	1	0	0	0	1	0
2718_sub4	0	1	1	0	0	0	1	0
2718_sub5	0	1	0	1	0	0	0	1
2718_sub6	0	1	0	1	0	0	0	1
2718_sub7	0	1	0	1	0	0	0	1
2719_sub0	0	1	1	0	0	0	1	0
2719_sub1	0	1	1	0	0	0	1	0
2719_sub2	0	1	0	1	0	0	0	1
2719_sub3	0	1	1	0	0	0	1	0
2719_sub4	0	1	1	0	0	0	1	0
2719_sub5	0	1	0	1	0	0	0	1
2719_sub6	0	1	0	1	0	0	0	1
2719_sub7	0	1	0	1	0	0	0	1
2727_sub0	0	5	4	1	0	0	4	1
2727_sub1	0	1	1	0	0	0	1	0
2727_sub2	0	1	1	0	0	0	1	0
2731_sub0	1	15	7	8	7	8	0	0
2731_sub1	0	1	0	1	0	0	0	1
2731_sub2	0	1	1	0	0	0	1	0
2731_sub3	0	1	0	1	0	0	0	1
2731_sub4	0	1	0	1	0	0	0	1
2735_sub0	0	1	0	1	0	0	0	1
2735_sub1	0	1	1	0	0	0	1	0
2735_sub2	0	1	0	1	0	0	0	1
2735_sub3	0	1	1	0	0	0	1	0
2735_sub4	0	1	0	1	0	0	0	1
2735_sub5	0	1	0	1	0	0	0	1
2738_sub0	0	1	1	0	0	0	1	0
2738_sub1	1	8	2	6	2	6	0	0
274_sub0	0	1	0	1	0	0	0	1
274_sub1	0	1	1	0	0	0	1	0
274_sub2	1	11	5	6	5	6	0	0
274_sub3	0	1	0	1	0	0	0	1
2742_sub0	0	5	2	3	0	0	2	3
2742_sub1	0	1	0	1	0	0	0	1
2743_sub0	1	10	5	5	5	5	0	0
2743_sub1	0	1	1	0	0	0	1	0
2743_sub2	0	1	1	0	0	0	1	0
2743_sub3	0	1	0	1	0	0	0	1
2743_sub4	0	1	0	1	0	0	0	1
2745_sub0	0	1	0	1	0	0	0	1
2745_sub1	1	6	4	2	4	2	0	0
2745_sub2	0	1	0	1	0	0	0	1
2745_sub3	0	1	0	1	0	0	0	1
2745_sub4	0	1	0	1	0	0	0	1
2745_sub5	0	1	0	1	0	0	0	1
2745_sub6	0	1	0	1	0	0	0	1
2745_sub7	0	1	0	1	0	0	0	1
2747_sub0	0	1	1	0	0	0	1	0
2747_sub1	1	6	3	3	3	3	0	0
2747_sub2	0	1	1	0	0	0	1	0
2747_sub3	0	1	1	0	0	0	1	0
2747_sub4	0	1	0	1	0	0	0	1
2751_sub0	1	6	2	4	2	4	0	0
2751_sub1	0	1	1	0	0	0	1	0
2758_sub0	1	6	3	3	3	3	0	0
2758_sub1	0	1	0	1	0	0	0	1
2761_sub0	0	4	3	1	0	0	3	1
2761_sub1	0	1	0	1	0	0	0	1
2761_sub2	0	1	0	1	0	0	0	1
2761_sub3	0	1	0	1	0	0	0	1
2761_sub4	0	1	1	0	0	0	1	0
2769_sub0	1	11	4	7	4	7	0	0
2769_sub1	0	1	1	0	0	0	1	0
2769_sub2	0	1	1	0	0	0	1	0
2770_sub0	0	3	2	1	0	0	2	1
2770_sub1	0	1	0	1	0	0	0	1
2770_sub2	0	1	1	0	0	0	1	0
2770_sub3	0	1	0	1	0	0	0	1
2771_sub0	0	1	1	0	0	0	1	0
2771_sub1	0	1	1	0	0	0	1	0
2771_sub2	0	1	1	0	0	0	1	0
2771_sub3	0	4	2	2	0	0	2	2
2771_sub4	0	1	0	1	0	0	0	1
2771_sub5	0	1	1	0	0	0	1	0
2772_sub0	0	1	1	0	0	0	1	0
2772_sub1	0	1	0	1	0	0	0	1
2772_sub2	0	2	1	1	0	0	1	1
2772_sub3	0	1	0	1	0	0	0	1
2772_sub4	0	1	1	0	0	0	1	0
2772_sub5	0	1	1	0	0	0	1	0
2772_sub6	0	1	1	0	0	0	1	0
2772_sub7	0	1	1	0	0	0	1	0
2773_sub0	1	6	3	3	3	3	0	0
2773_sub1	0	1	1	0	0	0	1	0
2773_sub2	0	1	1	0	0	0	1	0
2775_sub0	0	1	0	1	0	0	0	1
2775_sub1	0	1	1	0	0	0	1	0
2775_sub2	0	1	0	1	0	0	0	1
2775_sub3	0	1	1	0	0	0	1	0
2775_sub4	0	1	1	0	0	0	1	0
2775_sub5	0	1	1	0	0	0	1	0
2775_sub6	0	1	0	1	0	0	0	1
2775_sub7	0	1	1	0	0	0	1	0
2775_sub8	0	1	1	0	0	0	1	0
2777_sub0	1	7	6	1	6	1	0	0
2777_sub1	0	1	1	0	0	0	1	0
2777_sub2	0	1	0	1	0	0	0	1
2781_sub0	1	9	5	4	5	4	0	0
2781_sub1	0	1	1	0	0	0	1	0
2783_sub0	0	2	2	0	0	0	2	0
2783_sub1	0	1	0	1	0	0	0	1
2783_sub2	0	1	0	1	0	0	0	1
2783_sub3	0	1	0	1	0	0	0	1
2783_sub4	0	1	0	1	0	0	0	1
2788_sub0	0	1	1	0	0	0	1	0
2788_sub1	1	8	5	3	5	3	0	0
2791_sub0	0	1	0	1	0	0	0	1
2791_sub1	0	1	0	1	0	0	0	1
2791_sub2	0	1	1	0	0	0	1	0
2791_sub3	0	1	0	1	0	0	0	1
2791_sub4	0	1	1	0	0	0	1	0
2791_sub5	0	1	1	0	0	0	1	0
2791_sub6	0	1	0	1	0	0	0	1
2793_sub0	1	11	7	4	7	4	0	0
2793_sub1	0	1	1	0	0	0	1	0
2794_sub0	0	1	0	1	0	0	0	1
2794_sub1	1	7	3	4	3	4	0	0
2794_sub2	0	1	0	1	0	0	0	1
2794_sub3	0	1	0	1	0	0	0	1
2794_sub4	0	1	0	1	0	0	0	1
2794_sub5	0	1	1	0	0	0	1	0
2794_sub6	0	1	1	0	0	0	1	0
2794_sub7	0	1	1	0	0	0	1	0
2794_sub8	0	1	1	0	0	0	1	0
2795_sub0	0	1	0	1	0	0	0	1
2795_sub1	0	3	1	2	0	0	1	2
2795_sub2	0	1	1	0	0	0	1	0
2795_sub3	0	1	0	1	0	0	0	1
2795_sub4	0	1	0	1	0	0	0	1
2803_sub0	0	1	1	0	0	0	1	0
2803_sub1	0	1	0	1	0	0	0	1
2803_sub2	0	1	0	1	0	0	0	1
2803_sub3	0	1	1	0	0	0	1	0
2803_sub4	0	1	0	1	0	0	0	1
2803_sub5	0	1	0	1	0	0	0	1
2803_sub6	0	1	0	1	0	0	0	1
2809_sub0	0	1	0	1	0	0	0	1
2809_sub1	1	9	4	5	4	5	0	0
2809_sub2	0	1	1	0	0	0	1	0
2809_sub3	0	1	0	1	0	0	0	1
2809_sub4	0	1	1	0	0	0	1	0
2809_sub5	0	1	0	1	0	0	0	1
2811_sub0	0	1	0	1	0	0	0	1
2811_sub1	0	2	1	1	0	0	1	1
2811_sub2	0	2	0	2	0	0	0	2
2811_sub3	0	1	0	1	0	0	0	1
2811_sub4	0	1	0	1	0	0	0	1
2818_sub0	1	10	5	5	5	5	0	0
2818_sub1	0	1	0	1	0	0	0	1
2818_sub2	0	1	0	1	0	0	0	1
282_sub0	0	1	1	0	0	0	1	0
282_sub1	1	7	6	1	6	1	0	0
282_sub2	0	1	1	0	0	0	1	0
2823_sub0	0	1	1	0	0	0	1	0
2823_sub1	0	1	0	1	0	0	0	1
2823_sub2	0	1	1	0	0	0	1	0
2823_sub3	0	1	1	0	0	0	1	0
2823_sub4	0	1	1	0	0	0	1	0
2823_sub5	0	1	1	0	0	0	1	0
2823_sub6	0	1	1	0	0	0	1	0
283_sub0	0	1	1	0	0	0	1	0
283_sub1	0	1	0	1	0	0	0	1
283_sub2	0	5	1	4	0	0	1	4
283_sub3	0	1	1	0	0	0	1	0
283_sub4	0	1	1	0	0	0	1	0
2830_sub0	0	2	1	1	0	0	1	1
2830_sub1	0	1	1	0	0	0	1	0
2830_sub2	0	1	0	1	0	0	0	1
2830_sub3	0	1	0	1	0	0	0	1
2830_sub4	0	1	1	0	0	0	1	0
2831_sub0	1	6	4	2	4	2	0	0
2831_sub1	0	1	1	0	0	0	1	0
2831_sub2	0	1	0	1	0	0	0	1
2833_sub0	0	5	1	4	0	0	1	4
2833_sub1	0	1	1	0	0	0	1	0
2834_sub0	0	1	1	0	0	0	1	0
2834_sub1	0	1	1	0	0	0	1	0
2834_sub2	0	1	0	1	0	0	0	1
2834_sub3	0	1	0	1	0	0	0	1
2834_sub4	0	1	1	0	0	0	1	0
2834_sub5	0	1	1	0	0	0	1	0
2834_sub6	0	1	1	0	0	0	1	0
2834_sub7	0	1	1	0	0	0	1	0
2843_sub0	0	5	2	3	0	0	2	3
2843_sub1	0	1	0	1	0	0	0	1
2843_sub2	0	1	0	1	0	0	0	1
2843_sub3	0	1	0	1	0	0	0	1
2843_sub4	0	1	1	0	0	0	1	0
2843_sub5	0	1	1	0	0	0	1	0
2843_sub6	0	1	1	0	0	0	1	0
2854_sub0	1	10	5	5	5	5	0	0
2854_sub1	0	1	0	1	0	0	0	1
2854_sub2	0	1	0	1	0	0	0	1
2854_sub3	0	1	0	1	0	0	0	1
2854_sub4	0	1	0	1	0	0	0	1
286_sub0	0	1	0	1	0	0	0	1
286_sub1	0	1	1	0	0	0	1	0
286_sub2	0	1	0	1	0	0	0	1
286_sub3	0	1	0	1	0	0	0	1
286_sub4	0	1	0	1	0	0	0	1
286_sub5	1	9	6	3	6	3	0	0
286_sub6	0	1	0	1	0	0	0	1
286_sub7	0	1	1	0	0	0	1	0
286_sub8	0	1	0	1	0	0	0	1
286_sub9	0	1	1	0	0	0	1	0
286_sub10	0	1	0	1	0	0	0	1
2862_sub0	0	1	1	0	0	0	1	0
2862_sub1	0	1	0	1	0	0	0	1
2862_sub2	0	1	0	1	0	0	0	1
2862_sub3	0	1	0	1	0	0	0	1
2862_sub4	0	1	1	0	0	0	1	0
2862_sub5	0	1	1	0	0	0	1	0
2865_sub0	0	1	1	0	0	0	1	0
2865_sub1	1	7	3	4	3	4	0	0
2865_sub2	0	1	0	1	0	0	0	1
2865_sub3	0	1	1	0	0	0	1	0
2865_sub4	0	1	1	0	0	0	1	0
2868_sub0	0	1	1	0	0	0	1	0
2868_sub1	0	1	1	0	0	0	1	0
2868_sub2	0	1	0	1	0	0	0	1
2868_sub3	0	2	1	1	0	0	1	1
2868_sub4	0	1	0	1	0	0	0	1
2868_sub5	0	1	1	0	0	0	1	0
2872_sub0	0	5	1	4	0	0	1	4
2872_sub1	0	1	0	1	0	0	0	1
2872_sub2	0	1	0	1	0	0	0	1
2874_sub0	0	1	0	1	0	0	0	1
2874_sub1	0	1	1	0	0	0	1	0
2874_sub2	0	1	0	1	0	0	0	1
2874_sub3	0	1	0	1	0	0	0	1
2874_sub4	0	1	0	1	0	0	0	1
2874_sub5	0	1	1	0	0	0	1	0
2874_sub6	0	1	1	0	0	0	1	0
2880_sub0	0	1	1	0	0	0	1	0
2880_sub1	0	1	1	0	0	0	1	0
2880_sub2	0	1	1	0	0	0	1	0
2880_sub3	0	1	0	1	0	0	0	1
2880_sub4	0	1	0	1	0	0	0	1
2880_sub5	0	1	1	0	0	0	1	0
2880_sub6	0	1	1	0	0	0	1	0
2881_sub0	0	5	2	3	0	0	2	3
2881_sub1	0	1	1	0	0	0	1	0
2881_sub2	0	1	1	0	0	0	1	0
2888_sub0	0	3	2	1	0	0	2	1
2888_sub1	0	1	1	0	0	0	1	0
2888_sub2	0	1	1	0	0	0	1	0
2888_sub3	0	1	0	1	0	0	0	1
2888_sub4	0	1	0	1	0	0	0	1
289_sub0	0	1	0	1	0	0	0	1
289_sub1	1	13	9	4	9	4	0	0
289_sub2	0	1	1	0	0	0	1	0
289_sub3	0	1	0	1	0	0	0	1
289_sub4	0	1	1	0	0	0	1	0
2896_sub0	0	1	1	0	0	0	1	0
2896_sub1	0	1	1	0	0	0	1	0
2896_sub2	0	1	0	1	0	0	0	1
2896_sub3	0	1	0	1	0	0	0	1
2896_sub4	0	1	0	1	0	0	0	1
2896_sub5	0	1	0	1	0	0	0	1
2897_sub0	1	8	6	2	6	2	0	0
2897_sub1	0	1	1	0	0	0	1	0
2897_sub2	0	1	0	1	0	0	0	1
2897_sub3	0	1	0	1	0	0	0	1
2897_sub4	0	1	1	0	0	0	1	0
2897_sub5	0	1	1	0	0	0	1	0
2897_sub6	0	1	1	0	0	0	1	0
2897_sub7	0	1	1	0	0	0	1	0
290_sub0	0	1	0	1	0	0	0	1
290_sub1	0	1	1	0	0	0	1	0
290_sub2	1	7	2	5	2	5	0	0
290_sub3	0	1	0	1	0	0	0	1
2903_sub0	0	5	3	2	0	0	3	2
2903_sub1	0	1	0	1	0	0	0	1
2903_sub2	0	1	0	1	0	0	0	1
2903_sub3	0	1	0	1	0	0	0	1
2903_sub4	0	1	1	0	0	0	1	0
291_sub0	0	1	0	1	0	0	0	1
291_sub1	0	1	1	0	0	0	1	0
291_sub2	0	1	1	0	0	0	1	0
291_sub3	0	3	1	2	0	0	1	2
291_sub4	0	1	1	0	0	0	1	0
2912_sub0	1	8	4	4	4	4	0	0
2912_sub1	0	1	1	0	0	0	1	0
2912_sub2	0	1	1	0	0	0	1	0
2914_sub0	0	1	0	1	0	0	0	1
2914_sub1	0	1	0	1	0	0	0	1
2914_sub2	0	1	1	0	0	0	1	0
2914_sub3	0	1	0	1	0	0	0	1
2914_sub4	0	2	1	1	0	0	1	1
2914_sub5	0	1	0	1	0	0	0	1
2914_sub6	0	1	1	0	0	0	1	0
2914_sub7	0	1	0	1	0	0	0	1
2916_sub0	0	3	1	2	0	0	1	2
2916_sub1	0	1	1	0	0	0	1	0
2916_sub2	0	1	0	1	0	0	0	1
2916_sub3	0	1	1	0	0	0	1	0
2920_sub0	1	10	5	5	5	5	0	0
2920_sub1	0	1	1	0	0	0	1	0
2920_sub2	0	1	1	0	0	0	1	0
2920_sub3	0	1	0	1	0	0	0	1
2920_sub4	0	1	0	1	0	0	0	1
2926_sub0	0	5	3	2	0	0	3	2
2926_sub1	0	1	0	1	0	0	0	1
2926_sub2	0	1	1	0	0	0	1	0
2926_sub3	0	1	0	1	0	0	0	1
2926_sub4	0	1	1	0	0	0	1	0
2926_sub5	0	1	1	0	0	0	1	0
2928_sub0	1	6	6	0	6	0	0	0
2928_sub1	0	1	1	0	0	0	1	0
2928_sub2	0	1	0	1	0	0	0	1
2928_sub3	0	1	1	0	0	0	1	0
2928_sub4	0	1	0	1	0	0	0	1
2929_sub0	1	14	3	11	3	11	0	0
2929_sub1	0	1	1	0	0	0	1	0
2929_sub2	0	1	0	1	0	0	0	1
2929_sub3	0	1	0	1	0	0	0	1
2929_sub4	0	1	0	1	0	0	0	1
2929_sub5	0	1	0	1	0	0	0	1
294_sub0	0	1	1	0	0	0	1	0
294_sub1	1	9	5	4	5	4	0	0
294_sub2	0	1	0	1	0	0	0	1
294_sub3	0	1	1	0	0	0	1	0
2942_sub0	0	1	0	1	0	0	0	1
2942_sub1	0	5	3	2	0	0	3	2
2942_sub2	0	1	0	1	0	0	0	1
2942_sub3	0	1	1	0	0	0	1	0
2942_sub4	0	1	0	1	0	0	0	1
2942_sub5	0	1	0	1	0	0	0	1
2944_sub0	0	1	1	0	0	0	1	0
2944_sub1	0	1	0	1	0	0	0	1
2944_sub2	0	1	0	1	0	0	0	1
2944_sub3	0	1	1	0	0	0	1	0
2944_sub4	0	1	1	0	0	0	1	0
2944_sub5	0	1	1	0	0	0	1	0
2948_sub0	1	15	8	7	8	7	0	0
2948_sub1	0	1	1	0	0	0	1	0
2948_sub2	0	1	1	0	0	0	1	0
2948_sub3	0	1	1	0	0	0	1	0
2948_sub4	0	1	0	1	0	0	0	1
2955_sub0	0	5	2	3	0	0	2	3
2955_sub1	0	1	0	1	0	0	0	1
2955_sub2	0	1	1	0	0	0	1	0
2956_sub0	0	4	4	0	0	0	4	0
2956_sub1	0	1	1	0	0	0	1	0
2956_sub2	0	1	1	0	0	0	1	0
2956_sub3	0	1	0	1	0	0	0	1
2956_sub4	0	1	1	0	0	0	1	0
2960_sub0	1	6	3	3	3	3	0	0
2960_sub1	0	1	1	0	0	0	1	0
2960_sub2	0	1	1	0	0	0	1	0
2962_sub0	1	8	4	4	4	4	0	0
2962_sub1	0	1	1	0	0	0	1	0
2962_sub2	0	1	0	1	0	0	0	1
2962_sub3	0	1	1	0	0	0	1	0
2962_sub4	0	1	0	1	0	0	0	1
2962_sub5	0	1	0	1	0	0	0	1
2962_sub6	0	1	0	1	0	0	0	1
2965_sub0	0	1	0	1	0	0	0	1
2965_sub1	0	1	0	1	0	0	0	1
2965_sub2	0	1	1	0	0	0	1	0
2965_sub3	0	1	1	0	0	0	1	0
2965_sub4	0	1	1	0	0	0	1	0
2965_sub5	0	1	0	1	0	0	0	1
2966_sub0	1	8	3	5	3	5	0	0
2966_sub1	0	1	0	1	0	0	0	1
2966_sub2	0	1	0	1	0	0	0	1
2966_sub3	0	1	1	0	0	0	1	0
2966_sub4	0	1	0	1	0	0	0	1
2966_sub5	0	1	1	0	0	0	1	0
2968_sub0	1	6	3	3	3	3	0	0
2968_sub1	0	1	1	0	0	0	1	0
2968_sub2	0	1	0	1	0	0	0	1
297_sub0	0	1	1	0	0	0	1	0
297_sub1	0	5	4	1	0	0	4	1
2973_sub0	0	1	0	1	0	0	0	1
2973_sub1	1	6	4	2	4	2	0	0
2975_sub0	0	1	1	0	0	0	1	0
2975_sub1	0	1	0	1	0	0	0	1
2975_sub2	0	1	1	0	0	0	1	0
2975_sub3	0	1	1	0	0	0	1	0
2975_sub4	0	1	1	0	0	0	1	0
2975_sub5	0	1	1	0	0	0	1	0
2975_sub6	0	1	1	0	0	0	1	0
2975_sub7	0	1	1	0	0	0	1	0
2977_sub0	0	1	1	0	0	0	1	0
2977_sub1	0	1	1	0	0	0	1	0
2977_sub2	0	1	0	1	0	0	0	1
2977_sub3	0	1	0	1	0	0	0	1
2977_sub4	0	1	1	0	0	0	1	0
2977_sub5	0	1	0	1	0	0	0	1
2977_sub6	0	1	1	0	0	0	1	0
2978_sub0	0	1	1	0	0	0	1	0
2978_sub1	0	1	1	0	0	0	1	0
2978_sub2	0	4	3	1	0	0	3	1
299_sub0	0	1	1	0	0	0	1	0
299_sub1	1	8	4	4	4	4	0	0
299_sub2	0	1	0	1	0	0	0	1
299_sub3	0	1	1	0	0	0	1	0
2993_sub0	1	8	6	2	6	2	0	0
2993_sub1	0	1	0	1	0	0	0	1
2997_sub0	0	1	1	0	0	0	1	0
2997_sub1	0	1	1	0	0	0	1	0
2997_sub2	0	1	0	1	0	0	0	1
2997_sub3	0	1	1	0	0	0	1	0
2997_sub4	0	1	1	0	0	0	1	0
2997_sub5	0	1	1	0	0	0	1	0
3003_sub0	1	16	6	10	6	10	0	0
3003_sub1	0	1	1	0	0	0	1	0
3003_sub2	0	1	1	0	0	0	1	0
3008_sub0	1	8	4	4	4	4	0	0
3008_sub1	0	1	0	1	0	0	0	1
3008_sub2	0	1	0	1	0	0	0	1
3008_sub3	0	1	1	0	0	0	1	0
3008_sub4	0	1	0	1	0	0	0	1
301_sub0	0	1	0	1	0	0	0	1
301_sub1	1	11	6	5	6	5	0	0
3014_sub0	0	1	1	0	0	0	1	0
3014_sub1	0	4	2	2	0	0	2	2
3014_sub2	0	1	1	0	0	0	1	0
3014_sub3	0	1	1	0	0	0	1	0
3014_sub4	0	1	0	1	0	0	0	1
3014_sub5	0	1	0	1	0	0	0	1
3014_sub6	0	1	0	1	0	0	0	1
3015_sub0	1	6	4	2	4	2	0	0
3015_sub1	0	1	0	1	0	0	0	1
3015_sub2	0	1	1	0	0	0	1	0
3015_sub3	0	1	0	1	0	0	0	1
3018_sub0	1	8	3	5	3	5	0	0
3018_sub1	0	1	1	0	0	0	1	0
3022_sub0	0	4	1	3	0	0	1	3
3022_sub1	0	1	0	1	0	0	0	1
3022_sub2	0	1	1	0	0	0	1	0
3024_sub0	0	1	1	0	0	0	1	0
3024_sub1	0	1	1	0	0	0	1	0
3024_sub2	0	1	0	1	0	0	0	1
3024_sub3	0	1	0	1	0	0	0	1
3024_sub4	0	1	1	0	0	0	1	0
3024_sub5	0	1	0	1	0	0	0	1
3027_sub0	0	2	1	1	0	0	1	1
3027_sub1	0	1	1	0	0	0	1	0
3027_sub2	0	1	1	0	0	0	1	0
3027_sub3	0	1	0	1	0	0	0	1
3027_sub4	0	1	0	1	0	0	0	1
3027_sub5	0	1	1	0	0	0	1	0
3027_sub6	0	1	0	1	0	0	0	1
3032_sub0	1	7	3	4	3	4	0	0
3032_sub1	0	1	1	0	0	0	1	0
3032_sub2	0	1	1	0	0	0	1	0
3032_sub3	0	1	0	1	0	0	0	1
3032_sub4	0	1	0	1	0	0	0	1
3034_sub0	1	11	6	5	6	5	0	0
3034_sub1	0	1	1	0	0	0	1	0
3034_sub2	0	1	1	0	0	0	1	0
3034_sub3	0	1	1	0	0	0	1	0
3035_sub0	1	13	4	9	4	9	0	0
3035_sub1	0	1	0	1	0	0	0	1
3036_sub0	1	17	8	9	8	9	0	0
3036_sub1	0	1	1	0	0	0	1	0
3039_sub0	1	9	4	5	4	5	0	0
3039_sub1	0	1	1	0	0	0	1	0
3042_sub0	1	7	2	5	2	5	0	0
3042_sub1	0	1	0	1	0	0	0	1
3042_sub2	0	1	1	0	0	0	1	0
3042_sub3	0	1	0	1	0	0	0	1
3042_sub4	0	1	0	1	0	0	0	1
3042_sub5	0	1	1	0	0	0	1	0
3043_sub0	1	6	3	3	3	3	0	0
3043_sub1	0	1	0	1	0	0	0	1
3043_sub2	0	1	0	1	0	0	0	1
3044_sub0	0	1	0	1	0	0	0	1
3044_sub1	0	1	0	1	0	0	0	1
3044_sub2	0	1	0	1	0	0	0	1
3044_sub3	0	2	1	1	0	0	1	1
3044_sub4	0	1	0	1	0	0	0	1
3048_sub0	0	1	0	1	0	0	0	1
3048_sub1	1	8	3	5	3	5	0	0
3048_sub2	0	1	0	1	0	0	0	1
3058_sub0	1	10	7	3	7	3	0	0
3058_sub1	0	1	1	0	0	0	1	0
3058_sub2	0	1	0	1	0	0	0	1
3058_sub3	0	1	0	1	0	0	0	1
306_sub0	0	1	1	0	0	0	1	0
306_sub1	0	1	1	0	0	0	1	0
306_sub2	1	12	8	4	8	4	0	0
306_sub3	0	1	1	0	0	0	1	0
306_sub4	0	1	0	1	0	0	0	1
3060_sub0	1	11	10	1	10	1	0	0
3060_sub1	0	1	0	1	0	0	0	1
3060_sub2	0	1	0	1	0	0	0	1
3060_sub3	0	1	0	1	0	0	0	1
3060_sub4	0	1	1	0	0	0	1	0
3060_sub5	0	1	0	1	0	0	0	1
3060_sub6	0	1	0	1	0	0	0	1
3060_sub7	0	1	0	1	0	0	0	1
3062_sub0	0	1	1	0	0	0	1	0
3062_sub1	0	1	0	1	0	0	0	1
3062_sub2	0	1	0	1	0	0	0	1
3062_sub3	0	1	1	0	0	0	1	0
3062_sub4	0	1	0	1	0	0	0	1
3062_sub5	0	1	1	0	0	0	1	0
3063_sub0	0	1	1	0	0	0	1	0
3063_sub1	0	1	0	1	0	0	0	1
3063_sub2	0	1	0	1	0	0	0	1
3063_sub3	0	1	1	0	0	0	1	0
3063_sub4	0	1	1	0	0	0	1	0
3063_sub5	0	1	1	0	0	0	1	0
3063_sub6	0	1	0	1	0	0	0	1
3065_sub0	1	11	7	4	7	4	0	0
3065_sub1	0	2	1	1	0	0	1	1
3065_sub2	0	1	0	1	0	0	0	1
3065_sub3	0	1	1	0	0	0	1	0
3071_sub0	0	1	0	1	0	0	0	1
3071_sub1	0	1	0	1	0	0	0	1
3071_sub2	0	1	1	0	0	0	1	0
3071_sub3	0	1	1	0	0	0	1	0
3071_sub4	0	1	1	0	0	0	1	0
3071_sub5	0	1	0	1	0	0	0	1
3076_sub0	0	1	0	1	0	0	0	1
3076_sub1	0	1	0	1	0	0	0	1
3076_sub2	0	1	1	0	0	0	1	0
3076_sub3	0	1	0	1	0	0	0	1
3076_sub4	0	1	0	1	0	0	0	1
3076_sub5	0	1	0	1	0	0	0	1
3076_sub6	0	1	0	1	0	0	0	1
3077_sub0	1	10	4	6	4	6	0	0
3077_sub1	0	1	0	1	0	0	0	1
3077_sub2	0	1	1	0	0	0	1	0
3077_sub3	0	1	0	1	0	0	0	1
3077_sub4	0	1	1	0	0	0	1	0
3092_sub0	1	7	3	4	3	4	0	0
3092_sub1	0	1	1	0	0	0	1	0
3092_sub2	0	1	0	1	0	0	0	1
3095_sub0	1	7	6	1	6	1	0	0
3095_sub1	0	1	0	1	0	0	0	1
3095_sub2	0	1	0	1	0	0	0	1
3100_sub0	0	1	1	0	0	0	1	0
3100_sub1	0	1	1	0	0	0	1	0
3100_sub2	0	1	1	0	0	0	1	0
3100_sub3	0	1	1	0	0	0	1	0
3100_sub4	0	1	0	1	0	0	0	1
3100_sub5	0	1	1	0	0	0	1	0
3100_sub6	0	1	1	0	0	0	1	0
3103_sub0	0	1	0	1	0	0	0	1
3103_sub1	0	1	1	0	0	0	1	0
3103_sub2	0	1	1	0	0	0	1	0
3103_sub3	0	1	0	1	0	0	0	1
3103_sub4	0	1	0	1	0	0	0	1
3103_sub5	0	1	0	1	0	0	0	1
3106_sub0	1	9	7	2	7	2	0	0
3106_sub1	0	1	0	1	0	0	0	1
3106_sub2	0	1	0	1	0	0	0	1
3123_sub0	0	1	1	0	0	0	1	0
3123_sub1	1	11	7	4	7	4	0	0
3123_sub2	0	1	0	1	0	0	0	1
3123_sub3	0	1	0	1	0	0	0	1
3129_sub0	1	11	4	7	4	7	0	0
3129_sub1	0	1	1	0	0	0	1	0
3129_sub2	0	1	0	1	0	0	0	1
3129_sub3	0	1	0	1	0	0	0	1
3129_sub4	0	1	0	1	0	0	0	1
3129_sub5	0	1	1	0	0	0	1	0
313_sub0	0	1	1	0	0	0	1	0
313_sub1	0	2	2	0	0	0	2	0
313_sub2	0	1	1	0	0	0	1	0
313_sub3	0	1	1	0	0	0	1	0
313_sub4	0	1	0	1	0	0	0	1
313_sub5	0	1	0	1	0	0	0	1
313_sub6	0	1	0	1	0	0	0	1
313_sub7	0	1	0	1	0	0	0	1
3130_sub0	1	11	9	2	9	2	0	0
3130_sub1	0	1	1	0	0	0	1	0
3130_sub2	0	2	1	1	0	0	1	1
3130_sub3	0	1	0	1	0	0	0	1
3130_sub4	0	1	1	0	0	0	1	0
3130_sub5	0	1	1	0	0	0	1	0
3130_sub6	0	1	0	1	0	0	0	1
3133_sub0	1	8	5	3	5	3	0	0
3139_sub0	0	1	0	1	0	0	0	1
3139_sub1	0	4	2	2	0	0	2	2
3139_sub2	0	1	0	1	0	0	0	1
3139_sub3	0	1	1	0	0	0	1	0
3139_sub4	0	1	1	0	0	0	1	0
3139_sub5	0	1	1	0	0	0	1	0
314_sub0	0	1	0	1	0	0	0	1
314_sub1	0	1	1	0	0	0	1	0
314_sub2	0	1	1	0	0	0	1	0
314_sub3	0	2	1	1	0	0	1	1
314_sub4	0	1	1	0	0	0	1	0
314_sub5	0	1	1	0	0	0	1	0
3140_sub0	0	1	0	1	0	0	0	1
3140_sub1	1	6	2	4	2	4	0	0
3140_sub2	0	1	0	1	0	0	0	1
3140_sub3	0	1	1	0	0	0	1	0
3140_sub4	0	1	1	0	0	0	1	0
3141_sub0	0	1	0	1	0	0	0	1
3141_sub1	0	4	2	2	0	0	2	2
3141_sub2	0	1	1	0	0	0	1	0
3141_sub3	0	1	1	0	0	0	1	0
3141_sub4	0	1	0	1	0	0	0	1
3146_sub0	0	1	1	0	0	0	1	0
3146_sub1	1	6	2	4	2	4	0	0
3146_sub2	0	1	1	0	0	0	1	0
3146_sub3	0	1	1	0	0	0	1	0
3147_sub0	1	7	5	2	5	2	0	0
3147_sub1	0	1	1	0	0	0	1	0
3147_sub2	0	1	0	1	0	0	0	1
3148_sub0	0	1	1	0	0	0	1	0
3148_sub1	0	1	0	1	0	0	0	1
3148_sub2	0	4	2	2	0	0	2	2
3148_sub3	0	1	0	1	0	0	0	1
3148_sub4	0	1	0	1	0	0	0	1
315_sub0	0	1	1	0	0	0	1	0
315_sub1	0	1	1	0	0	0	1	0
315_sub2	0	1	1	0	0	0	1	0
315_sub3	0	5	3	2	0	0	3	2
315_sub4	0	1	1	0	0	0	1	0
3163_sub0	1	8	3	5	3	5	0	0
3163_sub1	0	1	0	1	0	0	0	1
3163_sub2	0	1	1	0	0	0	1	0
3163_sub3	0	1	0	1	0	0	0	1
3163_sub4	0	1	0	1	0	0	0	1
3163_sub5	0	1	0	1	0	0	0	1
3163_sub6	0	1	1	0	0	0	1	0
3164_sub0	1	12	6	6	6	6	0	0
3164_sub1	0	1	1	0	0	0	1	0
3164_sub2	0	1	1	0	0	0	1	0
3164_sub3	0	1	1	0	0	0	1	0
3166_sub0	1	8	5	3	5	3	0	0
3166_sub1	0	1	0	1	0	0	0	1
3171_sub0	1	14	10	4	10	4	0	0
3171_sub1	0	1	0	1	0	0	0	1
3171_sub2	0	1	0	1	0	0	0	1
3175_sub0	0	5	4	1	0	0	4	1
3175_sub1	0	1	0	1	0	0	0	1
3175_sub2	0	1	1	0	0	0	1	0
3175_sub3	0	1	0	1	0	0	0	1
3177_sub0	0	1	1	0	0	0	1	0
3177_sub1	0	1	0	1	0	0	0	1
3177_sub2	0	1	0	1	0	0	0	1
3177_sub3	0	1	0	1	0	0	0	1
3177_sub4	0	1	0	1	0	0	0	1
3177_sub5	0	1	0	1	0	0	0	1
3178_sub0	1	14	8	6	8	6	0	0
3178_sub1	0	1	1	0	0	0	1	0
3178_sub2	0	1	0	1	0	0	0	1
3178_sub3	0	1	0	1	0	0	0	1
3178_sub4	0	1	1	0	0	0	1	0
3180_sub0	1	9	1	8	1	8	0	0
3180_sub1	0	1	1	0	0	0	1	0
3180_sub2	0	1	0	1	0	0	0	1
3180_sub3	0	1	0	1	0	0	0	1
3181_sub0	0	1	0	1	0	0	0	1
3181_sub1	0	1	0	1	0	0	0	1
3181_sub2	0	1	0	1	0	0	0	1
3181_sub3	0	1	1	0	0	0	1	0
3181_sub4	0	1	1	0	0	0	1	0
3181_sub5	0	1	1	0	0	0	1	0
3181_sub6	0	1	1	0	0	0	1	0
3183_sub0	1	6	4	2	4	2	0	0
3183_sub1	0	1	0	1	0	0	0	1
3184_sub0	0	1	1	0	0	0	1	0
3184_sub1	0	1	0	1	0	0	0	1
3184_sub2	0	1	0	1	0	0	0	1
3184_sub3	0	1	1	0	0	0	1	0
3184_sub4	0	1	0	1	0	0	0	1
3184_sub5	0	2	1	1	0	0	1	1
3184_sub6	0	1	1	0	0	0	1	0
3186_sub0	1	8	4	4	4	4	0	0
3186_sub1	0	1	1	0	0	0	1	0
3186_sub2	0	1	0	1	0	0	0	1
319_sub0	0	1	1	0	0	0	1	0
319_sub1	1	7	3	4	3	4	0	0
319_sub2	0	1	0	1	0	0	0	1
319_sub3	0	1	1	0	0	0	1	0
319_sub4	0	1	1	0	0	0	1	0
3193_sub0	0	1	0	1	0	0	0	1
3193_sub1	0	1	0	1	0	0	0	1
3193_sub2	0	1	0	1	0	0	0	1
3193_sub3	0	1	0	1	0	0	0	1
3193_sub4	0	1	0	1	0	0	0	1
3193_sub5	0	1	0	1	0	0	0	1
3195_sub0	0	1	0	1	0	0	0	1
3195_sub1	0	1	0	1	0	0	0	1
3195_sub2	0	1	1	0	0	0	1	0
3195_sub3	0	1	0	1	0	0	0	1
3195_sub4	0	1	0	1	0	0	0	1
3195_sub5	0	1	1	0	0	0	1	0
3198_sub0	0	1	0	1	0	0	0	1
3198_sub1	0	1	0	1	0	0	0	1
3198_sub2	0	1	0	1	0	0	0	1
3198_sub3	0	1	0	1	0	0	0	1
3198_sub4	0	1	1	0	0	0	1	0
3198_sub5	0	1	0	1	0	0	0	1
3198_sub6	0	1	1	0	0	0	1	0
3198_sub7	0	1	0	1	0	0	0	1
3206_sub0	0	1	1	0	0	0	1	0
3206_sub1	0	1	1	0	0	0	1	0
3206_sub2	0	1	0	1	0	0	0	1
3206_sub3	0	1	1	0	0	0	1	0
3206_sub4	0	1	0	1	0	0	0	1
3206_sub5	0	1	1	0	0	0	1	0
3206_sub6	0	1	0	1	0	0	0	1
3210_sub0	0	3	1	2	0	0	1	2
3210_sub1	0	1	0	1	0	0	0	1
3210_sub2	0	1	0	1	0	0	0	1
3210_sub3	0	1	1	0	0	0	1	0
3210_sub4	0	1	0	1	0	0	0	1
3212_sub0	1	6	2	4	2	4	0	0
3212_sub1	0	1	0	1	0	0	0	1
3212_sub2	0	1	0	1	0	0	0	1
3219_sub0	1	9	4	5	4	5	0	0
3219_sub1	0	1	0	1	0	0	0	1
3219_sub2	0	1	0	1	0	0	0	1
3219_sub3	0	1	0	1	0	0	0	1
3219_sub4	0	1	0	1	0	0	0	1
3219_sub5	0	1	0	1	0	0	0	1
3223_sub0	0	1	0	1	0	0	0	1
3223_sub1	0	1	0	1	0	0	0	1
3223_sub2	0	1	0	1	0	0	0	1
3223_sub3	0	1	0	1	0	0	0	1
3223_sub4	0	1	0	1	0	0	0	1
3223_sub5	0	1	0	1	0	0	0	1
3227_sub0	0	1	0	1	0	0	0	1
3227_sub1	1	6	2	4	2	4	0	0
323_sub0	0	1	0	1	0	0	0	1
323_sub1	1	10	7	3	7	3	0	0
323_sub2	0	1	0	1	0	0	0	1
323_sub3	0	1	0	1	0	0	0	1
3231_sub0	1	10	5	5	5	5	0	0
3233_sub0	0	1	0	1	0	0	0	1
3233_sub1	0	1	0	1	0	0	0	1
3233_sub2	0	1	0	1	0	0	0	1
3233_sub3	0	1	0	1	0	0	0	1
3233_sub4	0	1	0	1	0	0	0	1
3233_sub5	0	1	1	0	0	0	1	0
3237_sub0	0	1	1	0	0	0	1	0
3237_sub1	1	6	3	3	3	3	0	0
3237_sub2	0	1	0	1	0	0	0	1
3241_sub0	1	8	4	4	4	4	0	0
3242_sub0	1	9	5	4	5	4	0	0
3242_sub1	0	1	0	1	0	0	0	1
3242_sub2	0	1	1	0	0	0	1	0
3255_sub0	0	1	0	1	0	0	0	1
3255_sub1	0	1	1	0	0	0	1	0
3255_sub2	1	6	3	3	3	3	0	0
3256_sub0	1	8	2	6	2	6	0	0
3260_sub0	0	1	1	0	0	0	1	0
3260_sub1	0	1	1	0	0	0	1	0
3260_sub2	0	1	1	0	0	0	1	0
3260_sub3	1	7	3	4	3	4	0	0
3261_sub0	0	5	2	3	0	0	2	3
3261_sub1	0	1	0	1	0	0	0	1
3263_sub0	1	11	7	4	7	4	0	0
3263_sub1	0	1	0	1	0	0	0	1
3264_sub0	1	9	5	4	5	4	0	0
3264_sub1	0	1	0	1	0	0	0	1
3264_sub2	0	1	0	1	0	0	0	1
3269_sub0	0	4	3	1	0	0	3	1
3269_sub1	0	1	1	0	0	0	1	0
3269_sub2	0	1	1	0	0	0	1	0
3271_sub0	0	1	1	0	0	0	1	0
3271_sub1	0	1	0	1	0	0	0	1
3271_sub2	0	1	0	1	0	0	0	1
3271_sub3	0	1	0	1	0	0	0	1
3271_sub4	0	1	1	0	0	0	1	0
3271_sub5	0	1	0	1	0	0	0	1
3278_sub0	1	9	5	4	5	4	0	0
3279_sub0	0	1	0	1	0	0	0	1
3279_sub1	1	6	2	4	2	4	0	0
3280_sub0	1	10	4	6	4	6	0	0
3280_sub1	0	1	0	1	0	0	0	1
3280_sub2	0	1	1	0	0	0	1	0
3281_sub0	0	1	1	0	0	0	1	0
3281_sub1	0	1	0	1	0	0	0	1
3281_sub2	0	1	1	0	0	0	1	0
3281_sub3	0	4	2	2	0	0	2	2
3281_sub4	0	1	1	0	0	0	1	0
3281_sub5	0	1	0	1	0	0	0	1
3281_sub6	0	1	0	1	0	0	0	1
3286_sub0	0	1	0	1	0	0	0	1
3286_sub1	1	9	6	3	6	3	0	0
3286_sub2	0	1	0	1	0	0	0	1
3290_sub0	0	1	0	1	0	0	0	1
3290_sub1	0	3	2	1	0	0	2	1
3290_sub2	0	1	0	1	0	0	0	1
3290_sub3	0	1	0	1	0	0	0	1
3290_sub4	0	2	1	1	0	0	1	1
3292_sub0	1	6	2	4	2	4	0	0
3293_sub0	1	11	7	4	7	4	0	0
3293_sub1	0	1	0	1	0	0	0	1
3293_sub2	0	1	1	0	0	0	1	0
3293_sub3	0	1	0	1	0	0	0	1
3293_sub4	0	1	0	1	0	0	0	1
3297_sub0	1	8	4	4	4	4	0	0
3297_sub1	0	1	0	1	0	0	0	1
3297_sub2	0	1	1	0	0	0	1	0
3297_sub3	0	1	1	0	0	0	1	0
3297_sub4	0	1	0	1	0	0	0	1
3297_sub5	0	1	0	1	0	0	0	1
3299_sub0	1	19	11	8	11	8	0	0
3299_sub1	0	1	1	0	0	0	1	0
3299_sub2	0	1	1	0	0	0	1	0
3306_sub0	1	10	3	7	3	7	0	0
3306_sub1	0	1	0	1	0	0	0	1
3306_sub2	0	1	1	0	0	0	1	0
3309_sub0	0	1	0	1	0	0	0	1
3309_sub1	1	9	6	3	6	3	0	0
3309_sub2	0	1	1	0	0	0	1	0
3309_sub3	0	1	0	1	0	0	0	1
3312_sub0	1	7	3	4	3	4	0	0
3312_sub1	0	1	0	1	0	0	0	1
3312_sub2	0	1	0	1	0	0	0	1
3315_sub0	1	8	6	2	6	2	0	0
3315_sub1	0	1	1	0	0	0	1	0
3320_sub0	0	1	1	0	0	0	1	0
3320_sub1	1	13	5	8	5	8	0	0
3320_sub2	0	1	1	0	0	0	1	0
3320_sub3	0	1	1	0	0	0	1	0
3327_sub0	1	11	7	4	7	4	0	0
3327_sub1	0	1	0	1	0	0	0	1
3327_sub2	0	1	0	1	0	0	0	1
3327_sub3	0	1	0	1	0	0	0	1
3327_sub4	0	1	0	1	0	0	0	1
3327_sub5	0	1	1	0	0	0	1	0
333_sub0	0	1	0	1	0	0	0	1
333_sub1	0	1	0	1	0	0	0	1
333_sub2	1	6	4	2	4	2	0	0
3330_sub0	0	1	1	0	0	0	1	0
3330_sub1	0	1	1	0	0	0	1	0
3330_sub2	0	1	1	0	0	0	1	0
3330_sub3	0	1	1	0	0	0	1	0
3330_sub4	0	1	0	1	0	0	0	1
3330_sub5	0	1	0	1	0	0	0	1
3330_sub6	0	1	0	1	0	0	0	1
3330_sub7	0	1	1	0	0	0	1	0
3330_sub8	0	1	0	1	0	0	0	1
3344_sub0	0	1	0	1	0	0	0	1
3344_sub1	1	10	2	8	2	8	0	0
3344_sub2	0	1	1	0	0	0	1	0
3344_sub3	0	1	1	0	0	0	1	0
3344_sub4	0	1	0	1	0	0	0	1
3345_sub0	1	16	7	9	7	9	0	0
3345_sub1	0	1	0	1	0	0	0	1
3345_sub2	0	1	0	1	0	0	0	1
3345_sub3	0	1	0	1	0	0	0	1
3345_sub4	0	1	1	0	0	0	1	0
3345_sub5	0	1	1	0	0	0	1	0
3345_sub6	0	1	1	0	0	0	1	0
3345_sub7	0	1	0	1	0	0	0	1
3345_sub8	0	1	1	0	0	0	1	0
3349_sub0	0	1	0	1	0	0	0	1
3349_sub1	0	1	1	0	0	0	1	0
3349_sub2	0	3	2	1	0	0	2	1
3349_sub3	0	1	1	0	0	0	1	0
335_sub0	0	1	0	1	0	0	0	1
335_sub1	0	1	0	1	0	0	0	1
335_sub2	1	9	5	4	5	4	0	0
335_sub3	0	1	0	1	0	0	0	1
335_sub4	0	1	0	1	0	0	0	1
3352_sub0	0	1	1	0	0	0	1	0
3352_sub1	0	1	0	1	0	0	0	1
3352_sub2	0	1	0	1	0	0	0	1
3352_sub3	0	1	1	0	0	0	1	0
3352_sub4	0	1	1	0	0	0	1	0
3352_sub5	0	1	0	1	0	0	0	1
3352_sub6	0	1	1	0	0	0	1	0
3354_sub0	0	1	0	1	0	0	0	1
3354_sub1	0	5	4	1	0	0	4	1
3354_sub2	0	1	1	0	0	0	1	0
3355_sub0	0	1	1	0	0	0	1	0
3355_sub1	0	3	1	2	0	0	1	2
3355_sub2	0	1	1	0	0	0	1	0
3355_sub3	0	1	0	1	0	0	0	1
3356_sub0	0	1	0	1	0	0	0	1
3356_sub1	0	1	0	1	0	0	0	1
3356_sub2	0	1	1	0	0	0	1	0
3356_sub3	0	1	0	1	0	0	0	1
3356_sub4	0	1	1	0	0	0	1	0
3356_sub5	0	1	0	1	0	0	0	1
3356_sub6	0	1	0	1	0	0	0	1
3356_sub7	0	1	0	1	0	0	0	1
3363_sub0	0	1	0	1	0	0	0	1
3363_sub1	0	1	0	1	0	0	0	1
3363_sub2	0	1	0	1	0	0	0	1
3363_sub3	0	1	1	0	0	0	1	0
3363_sub4	0	1	1	0	0	0	1	0
3363_sub5	0	1	1	0	0	0	1	0
3371_sub0	1	7	5	2	5	2	0	0
3371_sub1	0	1	1	0	0	0	1	0
3371_sub2	0	1	1	0	0	0	1	0
3380_sub0	1	17	5	12	5	12	0	0
3380_sub1	0	1	0	1	0	0	0	1
3380_sub2	0	1	1	0	0	0	1	0
3380_sub3	0	1	0	1	0	0	0	1
3380_sub4	0	1	1	0	0	0	1	0
3381_sub0	0	1	0	1	0	0	0	1
3381_sub1	0	1	1	0	0	0	1	0
3381_sub2	0	2	2	0	0	0	2	0
3381_sub3	0	1	0	1	0	0	0	1
3381_sub4	0	1	0	1	0	0	0	1
339_sub0	0	1	1	0	0	0	1	0
339_sub1	1	10	5	5	5	5	0	0
339_sub2	0	1	0	1	0	0	0	1
339_sub3	0	1	0	1	0	0	0	1
339_sub4	0	1	1	0	0	0	1	0
339_sub5	0	1	0	1	0	0	0	1
339_sub6	0	1	1	0	0	0	1	0
3390_sub0	0	1	1	0	0	0	1	0
3390_sub1	0	2	0	2	0	0	0	2
3390_sub2	0	1	0	1	0	0	0	1
3390_sub3	0	1	1	0	0	0	1	0
3390_sub4	0	1	0	1	0	0	0	1
3390_sub5	0	1	1	0	0	0	1	0
3390_sub6	0	1	0	1	0	0	0	1
3390_sub7	0	1	1	0	0	0	1	0
3391_sub0	1	9	3	6	3	6	0	0
3391_sub1	0	1	1	0	0	0	1	0
3391_sub2	0	1	0	1	0	0	0	1
3393_sub0	0	1	1	0	0	0	1	0
3393_sub1	0	1	0	1	0	0	0	1
3393_sub2	0	1	1	0	0	0	1	0
3393_sub3	0	1	0	1	0	0	0	1
3393_sub4	0	1	1	0	0	0	1	0
3393_sub5	0	1	0	1	0	0	0	1
3393_sub6	0	1	0	1	0	0	0	1
3397_sub0	1	6	3	3	3	3	0	0
3397_sub1	0	1	1	0	0	0	1	0
3397_sub2	0	1	1	0	0	0	1	0
3397_sub3	0	1	1	0	0	0	1	0
3397_sub4	0	1	0	1	0	0	0	1
3397_sub5	0	1	1	0	0	0	1	0
3404_sub0	1	9	3	6	3	6	0	0
3404_sub1	0	1	0	1	0	0	0	1
3404_sub2	0	1	1	0	0	0	1	0
3406_sub0	1	11	4	7	4	7	0	0
3406_sub1	0	1	0	1	0	0	0	1
3406_sub2	0	1	0	1	0	0	0	1
3408_sub0	0	1	0	1	0	0	0	1
3408_sub1	0	1	0	1	0	0	0	1
3408_sub2	0	1	1	0	0	0	1	0
3408_sub3	0	1	1	0	0	0	1	0
3408_sub4	0	1	1	0	0	0	1	0
3408_sub5	0	1	0	1	0	0	0	1
3408_sub6	0	1	0	1	0	0	0	1
3410_sub0	0	5	3	2	0	0	3	2
3410_sub1	0	1	0	1	0	0	0	1
3410_sub2	0	1	0	1	0	0	0	1
3424_sub0	0	5	2	3	0	0	2	3
3424_sub1	0	1	1	0	0	0	1	0
3424_sub2	0	1	0	1	0	0	0	1
3425_sub0	0	1	0	1	0	0	0	1
3425_sub1	0	5	3	2	0	0	3	2
3425_sub2	0	1	0	1	0	0	0	1
3428_sub0	1	16	5	11	5	11	0	0
3428_sub1	0	1	1	0	0	0	1	0
3428_sub2	0	1	0	1	0	0	0	1
3428_sub3	0	1	0	1	0	0	0	1
3428_sub4	0	1	0	1	0	0	0	1
3428_sub5	0	1	0	1	0	0	0	1
3428_sub6	0	1	0	1	0	0	0	1
3429_sub0	0	1	0	1	0	0	0	1
3429_sub1	1	6	3	3	3	3	0	0
3430_sub0	0	1	0	1	0	0	0	1
3430_sub1	0	1	1	0	0	0	1	0
3430_sub2	0	1	0	1	0	0	0	1
3430_sub3	0	1	0	1	0	0	0	1
3430_sub4	0	1	1	0	0	0	1	0
3430_sub5	0	1	0	1	0	0	0	1
3434_sub0	1	6	4	2	4	2	0	0
3434_sub1	0	1	0	1	0	0	0	1
3434_sub2	0	1	0	1	0	0	0	1
3434_sub3	0	1	0	1	0	0	0	1
3434_sub4	0	1	1	0	0	0	1	0
3434_sub5	0	1	0	1	0	0	0	1
344_sub0	0	1	1	0	0	0	1	0
344_sub1	0	1	0	1	0	0	0	1
344_sub2	1	8	1	7	1	7	0	0
344_sub3	0	1	0	1	0	0	0	1
344_sub4	0	1	0	1	0	0	0	1
345_sub0	0	1	0	1	0	0	0	1
345_sub1	0	2	2	0	0	0	2	0
345_sub2	0	1	1	0	0	0	1	0
345_sub3	0	1	1	0	0	0	1	0
345_sub4	0	1	1	0	0	0	1	0
3451_sub0	0	1	1	0	0	0	1	0
3451_sub1	0	1	1	0	0	0	1	0
3451_sub2	0	1	1	0	0	0	1	0
3451_sub3	0	1	0	1	0	0	0	1
3451_sub4	0	1	1	0	0	0	1	0
3451_sub5	0	1	1	0	0	0	1	0
3453_sub0	0	1	0	1	0	0	0	1
3453_sub1	0	1	1	0	0	0	1	0
3453_sub2	0	1	0	1	0	0	0	1
3453_sub3	0	1	0	1	0	0	0	1
3453_sub4	0	1	1	0	0	0	1	0
3453_sub5	0	1	1	0	0	0	1	0
3453_sub6	0	1	0	1	0	0	0	1
3454_sub0	1	15	9	6	9	6	0	0
3454_sub1	0	1	0	1	0	0	0	1
3454_sub2	0	1	1	0	0	0	1	0
3461_sub0	0	1	0	1	0	0	0	1
3461_sub1	0	5	3	2	0	0	3	2
3461_sub2	0	1	1	0	0	0	1	0
3461_sub3	0	1	0	1	0	0	0	1
3462_sub0	0	1	0	1	0	0	0	1
3462_sub1	0	4	2	2	0	0	2	2
3462_sub2	0	1	0	1	0	0	0	1
3462_sub3	0	1	0	1	0	0	0	1
3465_sub0	0	4	1	3	0	0	1	3
3465_sub1	0	1	0	1	0	0	0	1
3465_sub2	0	1	1	0	0	0	1	0
3467_sub0	0	1	1	0	0	0	1	0
3467_sub1	0	5	2	3	0	0	2	3
3467_sub2	0	1	1	0	0	0	1	0
3467_sub3	0	1	0	1	0	0	0	1
3467_sub4	0	1	1	0	0	0	1	0
3467_sub5	0	1	0	1	0	0	0	1
3475_sub0	1	6	4	2	4	2	0	0
3475_sub1	0	1	0	1	0	0	0	1
3476_sub0	0	4	2	2	0	0	2	2
3476_sub1	0	1	0	1	0	0	0	1
3476_sub2	0	1	0	1	0	0	0	1
3478_sub0	0	1	1	0	0	0	1	0
3478_sub1	0	1	0	1	0	0	0	1
3478_sub2	0	1	0	1	0	0	0	1
3478_sub3	0	1	1	0	0	0	1	0
3478_sub4	0	1	0	1	0	0	0	1
3478_sub5	0	1	0	1	0	0	0	1
3479_sub0	1	7	3	4	3	4	0	0
3479_sub1	0	1	1	0	0	0	1	0
348_sub0	0	1	1	0	0	0	1	0
348_sub1	0	1	1	0	0	0	1	0
348_sub2	1	13	9	4	9	4	0	0
348_sub3	0	1	0	1	0	0	0	1
348_sub4	0	1	0	1	0	0	0	1
3481_sub0	0	1	0	1	0	0	0	1
3481_sub1	0	1	0	1	0	0	0	1
3481_sub2	0	1	1	0	0	0	1	0
3481_sub3	0	1	1	0	0	0	1	0
3481_sub4	0	1	0	1	0	0	0	1
3481_sub5	0	1	0	1	0	0	0	1
3481_sub6	0	1	1	0	0	0	1	0
3487_sub0	1	9	5	4	5	4	0	0
3487_sub1	0	1	0	1	0	0	0	1
3488_sub0	0	1	1	0	0	0	1	0
3488_sub1	0	1	0	1	0	0	0	1
3488_sub2	0	1	0	1	0	0	0	1
3488_sub3	0	1	0	1	0	0	0	1
3488_sub4	0	1	1	0	0	0	1	0
3488_sub5	0	1	1	0	0	0	1	0
349_sub0	0	1	1	0	0	0	1	0
349_sub1	0	1	0	1	0	0	0	1
349_sub2	1	12	8	4	8	4	0	0
3492_sub0	0	1	0	1	0	0	0	1
3492_sub1	0	1	0	1	0	0	0	1
3492_sub2	0	1	0	1	0	0	0	1
3492_sub3	0	1	1	0	0	0	1	0
3492_sub4	0	2	0	2	0	0	0	2
3493_sub0	0	2	1	1	0	0	1	1
3493_sub1	0	1	0	1	0	0	0	1
3493_sub2	0	1	1	0	0	0	1	0
3493_sub3	0	3	1	2	0	0	1	2
3493_sub4	0	1	0	1	0	0	0	1
3493_sub5	0	1	0	1	0	0	0	1
3493_sub6	0	1	0	1	0	0	0	1
3498_sub0	0	5	3	2	0	0	3	2
3498_sub1	0	1	0	1	0	0	0	1
3500_sub0	0	2	1	1	0	0	1	1
3500_sub1	0	1	0	1	0	0	0	1
3500_sub2	0	1	0	1	0	0	0	1
3500_sub3	0	1	1	0	0	0	1	0
3500_sub4	0	1	1	0	0	0	1	0
3512_sub0	1	12	3	9	3	9	0	0
3512_sub1	0	1	0	1	0	0	0	1
3512_sub2	0	1	1	0	0	0	1	0
3512_sub3	0	1	0	1	0	0	0	1
3512_sub4	0	1	0	1	0	0	0	1
3516_sub0	1	6	4	2	4	2	0	0
3516_sub1	0	1	0	1	0	0	0	1
3516_sub2	0	1	0	1	0	0	0	1
352_sub0	0	1	0	1	0	0	0	1
352_sub1	0	5	2	3	0	0	2	3
352_sub2	0	1	1	0	0	0	1	0
3529_sub0	1	8	5	3	5	3	0	0
3529_sub1	0	1	1	0	0	0	1	0
3529_sub2	0	1	1	0	0	0	1	0
3529_sub3	0	1	1	0	0	0	1	0
3529_sub4	0	1	0	1	0	0	0	1
3529_sub5	0	1	1	0	0	0	1	0
3529_sub6	0	1	0	1	0	0	0	1
353_sub0	0	1	1	0	0	0	1	0
353_sub1	0	3	3	0	0	0	3	0
353_sub2	0	1	0	1	0	0	0	1
353_sub3	0	1	0	1	0	0	0	1
3537_sub0	0	1	0	1	0	0	0	1
3537_sub1	0	1	1	0	0	0	1	0
3537_sub2	0	1	0	1	0	0	0	1
3537_sub3	0	1	1	0	0	0	1	0
3537_sub4	0	1	0	1	0	0	0	1
3537_sub5	0	1	1	0	0	0	1	0
3553_sub0	1	12	5	7	5	7	0	0
3553_sub1	0	1	0	1	0	0	0	1
3553_sub2	0	1	0	1	0	0	0	1
3563_sub0	0	4	1	3	0	0	1	3
3563_sub1	0	1	1	0	0	0	1	0
3563_sub2	0	1	1	0	0	0	1	0
3563_sub3	0	1	0	1	0	0	0	1
3563_sub4	0	1	0	1	0	0	0	1
3563_sub5	0	1	0	1	0	0	0	1
3564_sub0	0	1	0	1	0	0	0	1
3564_sub1	0	1	1	0	0	0	1	0
3564_sub2	0	1	1	0	0	0	1	0
3564_sub3	0	1	0	1	0	0	0	1
3564_sub4	0	1	0	1	0	0	0	1
3564_sub5	0	1	1	0	0	0	1	0
3565_sub0	1	6	4	2	4	2	0	0
3565_sub1	0	1	0	1	0	0	0	1
3566_sub0	1	7	3	4	3	4	0	0
3566_sub1	0	1	0	1	0	0	0	1
3568_sub0	1	13	6	7	6	7	0	0
3568_sub1	0	1	1	0	0	0	1	0
3568_sub2	0	1	1	0	0	0	1	0
3573_sub0	0	1	0	1	0	0	0	1
3573_sub1	0	1	1	0	0	0	1	0
3573_sub2	0	1	1	0	0	0	1	0
3573_sub3	0	1	0	1	0	0	0	1
3573_sub4	0	1	0	1	0	0	0	1
3573_sub5	0	1	1	0	0	0	1	0
3573_sub6	0	1	0	1	0	0	0	1
3573_sub7	0	1	0	1	0	0	0	1
3576_sub0	0	2	1	1	0	0	1	1
3576_sub1	0	3	3	0	0	0	3	0
3576_sub2	0	1	0	1	0	0	0	1
3576_sub3	0	1	1	0	0	0	1	0
3576_sub4	0	1	1	0	0	0	1	0
3583_sub0	1	6	3	3	3	3	0	0
3583_sub1	0	1	0	1	0	0	0	1
3586_sub0	1	7	1	6	1	6	0	0
3586_sub1	0	1	0	1	0	0	0	1
3586_sub2	0	1	1	0	0	0	1	0
3586_sub3	0	1	1	0	0	0	1	0
3586_sub4	0	1	1	0	0	0	1	0
3595_sub0	0	1	1	0	0	0	1	0
3595_sub1	0	1	1	0	0	0	1	0
3595_sub2	0	1	0	1	0	0	0	1
3595_sub3	0	1	1	0	0	0	1	0
3595_sub4	0	1	0	1	0	0	0	1
3595_sub5	0	1	0	1	0	0	0	1
3600_sub0	1	10	6	4	6	4	0	0
3600_sub1	0	1	0	1	0	0	0	1
3600_sub2	0	1	1	0	0	0	1	0
3600_sub3	0	1	1	0	0	0	1	0
3604_sub0	1	12	8	4	8	4	0	0
3604_sub1	0	1	1	0	0	0	1	0
3604_sub2	0	1	1	0	0	0	1	0
3604_sub3	0	1	0	1	0	0	0	1
3616_sub0	0	1	0	1	0	0	0	1
3616_sub1	1	7	2	5	2	5	0	0
3616_sub2	0	1	1	0	0	0	1	0
3616_sub3	0	1	1	0	0	0	1	0
3616_sub4	0	1	0	1	0	0	0	1
3616_sub5	0	1	1	0	0	0	1	0
3617_sub0	0	1	0	1	0	0	0	1
3617_sub1	0	1	1	0	0	0	1	0
3617_sub2	0	4	2	2	0	0	2	2
3617_sub3	0	1	0	1	0	0	0	1
3621_sub0	0	1	1	0	0	0	1	0
3621_sub1	0	2	2	0	0	0	2	0
3621_sub2	0	1	0	1	0	0	0	1
3621_sub3	0	1	0	1	0	0	0	1
3621_sub4	0	1	1	0	0	0	1	0
3623_sub0	1	7	5	2	5	2	0	0
3623_sub1	0	1	1	0	0	0	1	0
3625_sub0	1	11	4	7	4	7	0	0
3625_sub1	0	1	1	0	0	0	1	0
363_sub0	0	1	1	0	0	0	1	0
363_sub1	1	9	3	6	3	6	0	0
3632_sub0	1	6	3	3	3	3	0	0
3634_sub0	0	1	0	1	0	0	0	1
3634_sub1	0	2	1	1	0	0	1	1
3634_sub2	0	1	1	0	0	0	1	0
3634_sub3	0	1	1	0	0	0	1	0
3634_sub4	0	1	0	1	0	0	0	1
3634_sub5	0	1	0	1	0	0	0	1
3634_sub6	0	1	1	0	0	0	1	0
3634_sub7	0	1	0	1	0	0	0	1
3642_sub0	1	6	3	3	3	3	0	0
3642_sub1	0	1	0	1	0	0	0	1
3647_sub0	1	6	3	3	3	3	0	0
3647_sub1	0	1	0	1	0	0	0	1
3653_sub0	1	11	3	8	3	8	0	0
3653_sub1	0	1	0	1	0	0	0	1
366_sub0	0	1	0	1	0	0	0	1
366_sub1	0	1	0	1	0	0	0	1
366_sub2	1	10	6	4	6	4	0	0
367_sub0	0	1	1	0	0	0	1	0
367_sub1	1	10	5	5	5	5	0	0
367_sub2	0	1	0	1	0	0	0	1
367_sub3	0	1	0	1	0	0	0	1
367_sub4	0	1	1	0	0	0	1	0
367_sub5	0	1	0	1	0	0	0	1
3675_sub0	1	8	1	7	1	7	0	0
3675_sub1	0	1	0	1	0	0	0	1
3675_sub2	0	1	0	1	0	0	0	1
3675_sub3	0	1	1	0	0	0	1	0
3675_sub4	0	1	1	0	0	0	1	0
3676_sub0	1	7	3	4	3	4	0	0
3676_sub1	0	1	0	1	0	0	0	1
3676_sub2	0	1	0	1	0	0	0	1
3676_sub3	0	1	1	0	0	0	1	0
3676_sub4	0	1	0	1	0	0	0	1
3676_sub5	0	1	0	1	0	0	0	1
3676_sub6	0	1	0	1	0	0	0	1
3676_sub7	0	1	0	1	0	0	0	1
3676_sub8	0	1	0	1	0	0	0	1
3676_sub9	0	1	0	1	0	0	0	1
3676_sub10	0	1	1	0	0	0	1	0
368_sub0	0	1	1	0	0	0	1	0
368_sub1	0	1	0	1	0	0	0	1
368_sub2	1	9	4	5	4	5	0	0
368_sub3	0	1	1	0	0	0	1	0
368_sub4	0	1	0	1	0	0	0	1
3688_sub0	0	1	0	1	0	0	0	1
3688_sub1	1	10	5	5	5	5	0	0
3688_sub2	0	1	1	0	0	0	1	0
3691_sub0	1	7	5	2	5	2	0	0
3691_sub1	0	1	1	0	0	0	1	0
3691_sub2	0	1	1	0	0	0	1	0
3691_sub3	0	1	0	1	0	0	0	1
3691_sub4	0	1	1	0	0	0	1	0
3691_sub5	0	1	1	0	0	0	1	0
37_sub0	0	1	0	1	0	0	0	1
37_sub1	1	10	7	3	7	3	0	0
37_sub2	0	1	1	0	0	0	1	0
37_sub3	0	1	0	1	0	0	0	1
370_sub0	0	1	1	0	0	0	1	0
370_sub1	0	3	1	2	0	0	1	2
370_sub2	0	1	1	0	0	0	1	0
370_sub3	0	1	1	0	0	0	1	0
3700_sub0	0	1	1	0	0	0	1	0
3700_sub1	0	1	1	0	0	0	1	0
3700_sub2	0	1	0	1	0	0	0	1
3700_sub3	0	1	0	1	0	0	0	1
3700_sub4	0	1	1	0	0	0	1	0
3700_sub5	0	1	1	0	0	0	1	0
3700_sub6	0	1	0	1	0	0	0	1
3701_sub0	0	3	2	1	0	0	2	1
3701_sub1	0	1	1	0	0	0	1	0
3701_sub2	0	1	1	0	0	0	1	0
3701_sub3	0	1	0	1	0	0	0	1
3701_sub4	0	1	1	0	0	0	1	0
3701_sub5	0	1	0	1	0	0	0	1
3701_sub6	0	1	1	0	0	0	1	0
3701_sub7	0	1	0	1	0	0	0	1
3704_sub0	1	8	5	3	5	3	0	0
3704_sub1	0	1	0	1	0	0	0	1
3704_sub2	0	1	1	0	0	0	1	0
3706_sub0	0	4	1	3	0	0	1	3
3706_sub1	0	1	1	0	0	0	1	0
3706_sub2	0	1	1	0	0	0	1	0
3708_sub0	0	1	1	0	0	0	1	0
3708_sub1	0	1	0	1	0	0	0	1
3708_sub2	0	1	0	1	0	0	0	1
3708_sub3	0	1	0	1	0	0	0	1
3708_sub4	0	1	1	0	0	0	1	0
3708_sub5	0	1	0	1	0	0	0	1
3708_sub6	0	1	0	1	0	0	0	1
3709_sub0	1	8	4	4	4	4	0	0
3709_sub1	0	1	1	0	0	0	1	0
3709_sub2	0	1	0	1	0	0	0	1
3709_sub3	0	1	1	0	0	0	1	0
3709_sub4	0	1	0	1	0	0	0	1
3709_sub5	0	1	0	1	0	0	0	1
371_sub0	0	1	1	0	0	0	1	0
371_sub1	0	1	0	1	0	0	0	1
371_sub2	0	1	1	0	0	0	1	0
371_sub3	1	14	4	10	4	10	0	0
371_sub4	0	1	0	1	0	0	0	1
371_sub5	0	1	1	0	0	0	1	0
371_sub6	0	1	1	0	0	0	1	0
3711_sub0	1	10	6	4	6	4	0	0
3711_sub1	0	1	0	1	0	0	0	1
3722_sub0	0	1	0	1	0	0	0	1
3722_sub1	0	1	1	0	0	0	1	0
3722_sub2	0	1	0	1	0	0	0	1
3722_sub3	0	1	1	0	0	0	1	0
3722_sub4	0	1	0	1	0	0	0	1
3722_sub5	0	1	1	0	0	0	1	0
3722_sub6	0	1	1	0	0	0	1	0
3723_sub0	1	8	4	4	4	4	0	0
3723_sub1	0	1	1	0	0	0	1	0
3725_sub0	0	1	0	1	0	0	0	1
3725_sub1	0	1	1	0	0	0	1	0
3725_sub2	0	1	1	0	0	0	1	0
3725_sub3	0	1	1	0	0	0	1	0
3725_sub4	0	1	1	0	0	0	1	0
3725_sub5	0	1	0	1	0	0	0	1
3728_sub0	0	1	1	0	0	0	1	0
3728_sub1	1	16	9	7	9	7	0	0
3728_sub2	0	1	1	0	0	0	1	0
3728_sub3	0	1	1	0	0	0	1	0
3729_sub0	1	9	5	4	5	4	0	0
3729_sub1	0	1	0	1	0	0	0	1
3729_sub2	0	1	0	1	0	0	0	1
3729_sub3	0	1	0	1	0	0	0	1
3729_sub4	0	1	0	1	0	0	0	1
3729_sub5	0	1	1	0	0	0	1	0
3729_sub6	0	1	1	0	0	0	1	0
3735_sub0	1	12	6	6	6	6	0	0
3735_sub1	0	1	1	0	0	0	1	0
3735_sub2	0	1	0	1	0	0	0	1
3740_sub0	0	1	0	1	0	0	0	1
3740_sub1	0	1	0	1	0	0	0	1
3740_sub2	0	1	1	0	0	0	1	0
3740_sub3	0	1	1	0	0	0	1	0
3740_sub4	0	1	0	1	0	0	0	1
3740_sub5	0	1	1	0	0	0	1	0
3744_sub0	0	4	1	3	0	0	1	3
3744_sub1	0	1	0	1	0	0	0	1
3744_sub2	0	1	1	0	0	0	1	0
3745_sub0	1	15	5	10	5	10	0	0
3745_sub1	0	1	0	1	0	0	0	1
3745_sub2	0	1	1	0	0	0	1	0
3745_sub3	0	1	1	0	0	0	1	0
3745_sub4	0	1	0	1	0	0	0	1
3751_sub0	0	5	2	3	0	0	2	3
3751_sub1	0	1	0	1	0	0	0	1
3751_sub2	0	1	1	0	0	0	1	0
3751_sub3	0	1	1	0	0	0	1	0
3751_sub4	0	1	1	0	0	0	1	0
3751_sub5	0	1	1	0	0	0	1	0
3751_sub6	0	1	1	0	0	0	1	0
3751_sub7	0	1	0	1	0	0	0	1
3751_sub8	0	1	1	0	0	0	1	0
3753_sub0	0	1	0	1	0	0	0	1
3753_sub1	1	6	4	2	4	2	0	0
3753_sub2	0	1	1	0	0	0	1	0
3753_sub3	0	1	0	1	0	0	0	1
3753_sub4	0	1	1	0	0	0	1	0
3753_sub5	0	1	0	1	0	0	0	1
3757_sub0	1	8	4	4	4	4	0	0
3759_sub0	1	8	3	5	3	5	0	0
3759_sub1	0	1	1	0	0	0	1	0
3759_sub2	0	1	0	1	0	0	0	1
3762_sub0	1	8	5	3	5	3	0	0
3762_sub1	0	1	0	1	0	0	0	1
3762_sub2	0	1	1	0	0	0	1	0
3762_sub3	0	1	0	1	0	0	0	1
3763_sub0	1	7	5	2	5	2	0	0
3763_sub1	0	1	0	1	0	0	0	1
3763_sub2	0	1	1	0	0	0	1	0
3763_sub3	0	1	0	1	0	0	0	1
3763_sub4	0	1	1	0	0	0	1	0
3764_sub0	0	1	1	0	0	0	1	0
3764_sub1	0	1	0	1	0	0	0	1
3764_sub2	0	1	1	0	0	0	1	0
3764_sub3	0	1	0	1	0	0	0	1
3764_sub4	0	1	0	1	0	0	0	1
3764_sub5	0	1	1	0	0	0	1	0
3764_sub6	0	1	1	0	0	0	1	0
3765_sub0	1	10	5	5	5	5	0	0
3765_sub1	0	1	1	0	0	0	1	0
3765_sub2	0	1	1	0	0	0	1	0
3771_sub0	0	1	0	1	0	0	0	1
3771_sub1	1	13	8	5	8	5	0	0
3771_sub2	0	2	0	2	0	0	0	2
3771_sub3	0	1	0	1	0	0	0	1
3771_sub4	0	1	1	0	0	0	1	0
3775_sub0	0	1	0	1	0	0	0	1
3775_sub1	1	10	6	4	6	4	0	0
3775_sub2	0	1	1	0	0	0	1	0
3782_sub0	1	10	4	6	4	6	0	0
3782_sub1	0	1	0	1	0	0	0	1
3782_sub2	0	1	0	1	0	0	0	1
3782_sub3	0	1	1	0	0	0	1	0
3782_sub4	0	1	0	1	0	0	0	1
3782_sub5	0	1	0	1	0	0	0	1
3783_sub0	0	1	1	0	0	0	1	0
3783_sub1	0	1	0	1	0	0	0	1
3783_sub2	0	1	1	0	0	0	1	0
3783_sub3	0	1	1	0	0	0	1	0
3783_sub4	0	1	1	0	0	0	1	0
3783_sub5	0	1	1	0	0	0	1	0
3783_sub6	0	1	0	1	0	0	0	1
3783_sub7	0	1	1	0	0	0	1	0
3785_sub0	1	6	5	1	5	1	0	0
3785_sub1	0	1	0	1	0	0	0	1
3785_sub2	0	1	1	0	0	0	1	0
3792_sub0	0	1	0	1	0	0	0	1
3792_sub1	0	1	0	1	0	0	0	1
3792_sub2	0	4	3	1	0	0	3	1
3792_sub3	0	1	0	1	0	0	0	1
38_sub0	0	1	0	1	0	0	0	1
38_sub1	0	1	1	0	0	0	1	0
38_sub2	1	6	2	4	2	4	0	0
38_sub3	0	1	1	0	0	0	1	0
380_sub0	0	1	1	0	0	0	1	0
380_sub1	1	13	8	5	8	5	0	0
380_sub2	0	1	0	1	0	0	0	1
380_sub3	0	1	0	1	0	0	0	1
380_sub4	0	1	1	0	0	0	1	0
380_sub5	0	1	1	0	0	0	1	0
380_sub6	0	1	1	0	0	0	1	0
380_sub7	0	1	1	0	0	0	1	0
380_sub8	0	1	0	1	0	0	0	1
3800_sub0	0	1	1	0	0	0	1	0
3800_sub1	0	1	1	0	0	0	1	0
3800_sub2	0	1	0	1	0	0	0	1
3800_sub3	0	1	1	0	0	0	1	0
3800_sub4	0	1	1	0	0	0	1	0
3800_sub5	0	1	0	1	0	0	0	1
3801_sub0	1	7	2	5	2	5	0	0
3801_sub1	0	1	0	1	0	0	0	1
3808_sub0	1	9	3	6	3	6	0	0
3808_sub1	0	1	0	1	0	0	0	1
3808_sub2	0	1	1	0	0	0	1	0
3808_sub3	0	1	0	1	0	0	0	1
3808_sub4	0	1	0	1	0	0	0	1
3808_sub5	0	1	0	1	0	0	0	1
3811_sub0	0	1	1	0	0	0	1	0
3811_sub1	0	1	0	1	0	0	0	1
3811_sub2	0	1	0	1	0	0	0	1
3811_sub3	0	1	1	0	0	0	1	0
3811_sub4	0	1	1	0	0	0	1	0
3811_sub5	0	1	0	1	0	0	0	1
3819_sub0	0	1	1	0	0	0	1	0
3819_sub1	0	1	1	0	0	0	1	0
3819_sub2	0	1	1	0	0	0	1	0
3819_sub3	0	1	0	1	0	0	0	1
3819_sub4	0	1	0	1	0	0	0	1
3819_sub5	0	1	1	0	0	0	1	0
382_sub0	0	1	0	1	0	0	0	1
382_sub1	1	10	6	4	6	4	0	0
382_sub2	0	1	0	1	0	0	0	1
382_sub3	0	1	0	1	0	0	0	1
3824_sub0	0	1	0	1	0	0	0	1
3824_sub1	0	1	1	0	0	0	1	0
3824_sub2	0	1	0	1	0	0	0	1
3824_sub3	0	3	2	1	0	0	2	1
3824_sub4	0	1	1	0	0	0	1	0
3825_sub0	0	5	3	2	0	0	3	2
3825_sub1	0	1	0	1	0	0	0	1
3825_sub2	0	1	1	0	0	0	1	0
3830_sub0	0	1	0	1	0	0	0	1
3830_sub1	0	1	0	1	0	0	0	1
3830_sub2	0	1	0	1	0	0	0	1
3830_sub3	0	1	0	1	0	0	0	1
3830_sub4	0	1	1	0	0	0	1	0
3830_sub5	0	1	0	1	0	0	0	1
3830_sub6	0	1	1	0	0	0	1	0
3836_sub0	0	1	0	1	0	0	0	1
3836_sub1	0	1	0	1	0	0	0	1
3836_sub2	0	1	0	1	0	0	0	1
3836_sub3	0	1	0	1	0	0	0	1
3836_sub4	0	1	0	1	0	0	0	1
3836_sub5	0	1	1	0	0	0	1	0
3836_sub6	0	1	0	1	0	0	0	1
3836_sub7	0	1	0	1	0	0	0	1
3836_sub8	0	1	0	1	0	0	0	1
3839_sub0	0	1	1	0	0	0	1	0
3839_sub1	1	6	6	0	6	0	0	0
3839_sub2	0	1	0	1	0	0	0	1
3840_sub0	0	4	2	2	0	0	2	2
3840_sub1	0	1	1	0	0	0	1	0
3840_sub2	0	1	1	0	0	0	1	0
3844_sub0	0	4	2	2	0	0	2	2
3844_sub1	0	1	0	1	0	0	0	1
3844_sub2	0	1	0	1	0	0	0	1
3844_sub3	0	1	1	0	0	0	1	0
385_sub0	0	1	0	1	0	0	0	1
385_sub1	1	7	5	2	5	2	0	0
385_sub2	0	1	1	0	0	0	1	0
3850_sub0	1	8	5	3	5	3	0	0
3852_sub0	0	1	0	1	0	0	0	1
3852_sub1	0	5	1	4	0	0	1	4
3852_sub2	0	1	0	1	0	0	0	1
3852_sub3	0	1	1	0	0	0	1	0
3852_sub4	0	1	0	1	0	0	0	1
3854_sub0	1	11	6	5	6	5	0	0
3855_sub0	0	1	1	0	0	0	1	0
3855_sub1	0	4	1	3	0	0	1	3
3855_sub2	0	1	0	1	0	0	0	1
3859_sub0	0	1	0	1	0	0	0	1
3859_sub1	0	1	0	1	0	0	0	1
3859_sub2	0	1	0	1	0	0	0	1
3859_sub3	0	1	1	0	0	0	1	0
3859_sub4	0	1	1	0	0	0	1	0
3859_sub5	0	1	1	0	0	0	1	0
3864_sub0	0	1	0	1	0	0	0	1
3864_sub1	0	3	1	2	0	0	1	2
3864_sub2	0	1	0	1	0	0	0	1
3864_sub3	0	1	0	1	0	0	0	1
3864_sub4	0	1	0	1	0	0	0	1
3869_sub0	0	1	0	1	0	0	0	1
3869_sub1	1	10	3	7	3	7	0	0
3869_sub2	0	1	0	1	0	0	0	1
3869_sub3	0	1	1	0	0	0	1	0
387_sub0	0	1	1	0	0	0	1	0
387_sub1	1	10	6	4	6	4	0	0
387_sub2	0	1	1	0	0	0	1	0
3872_sub0	1	8	4	4	4	4	0	0
3872_sub1	0	1	0	1	0	0	0	1
3872_sub2	0	1	0	1	0	0	0	1
3875_sub0	0	1	1	0	0	0	1	0
3875_sub1	0	5	3	2	0	0	3	2
3875_sub2	0	1	1	0	0	0	1	0
3875_sub3	0	1	0	1	0	0	0	1
3880_sub0	1	10	5	5	5	5	0	0
3880_sub1	0	1	1	0	0	0	1	0
3880_sub2	0	1	0	1	0	0	0	1
3882_sub0	1	10	2	8	2	8	0	0
3882_sub1	0	1	1	0	0	0	1	0
3884_sub0	1	9	4	5	4	5	0	0
3884_sub1	0	1	0	1	0	0	0	1
3884_sub2	0	1	1	0	0	0	1	0
3884_sub3	0	1	0	1	0	0	0	1
3884_sub4	0	1	1	0	0	0	1	0
3884_sub5	0	1	0	1	0	0	0	1
3884_sub6	0	1	1	0	0	0	1	0
3895_sub0	0	1	1	0	0	0	1	0
3895_sub1	1	10	4	6	4	6	0	0
390_sub0	0	1	0	1	0	0	0	1
390_sub1	0	1	1	0	0	0	1	0
390_sub2	1	7	6	1	6	1	0	0
3901_sub0	1	6	1	5	1	5	0	0
3901_sub1	0	1	1	0	0	0	1	0
3901_sub2	0	1	0	1	0	0	0	1
3901_sub3	0	1	0	1	0	0	0	1
3905_sub0	1	10	6	4	6	4	0	0
3905_sub1	0	1	1	0	0	0	1	0
3905_sub2	0	1	0	1	0	0	0	1
3905_sub3	0	1	0	1	0	0	0	1
3905_sub4	0	1	0	1	0	0	0	1
3908_sub0	1	7	3	4	3	4	0	0
3908_sub1	0	1	1	0	0	0	1	0
3908_sub2	0	1	0	1	0	0	0	1
3908_sub3	0	1	0	1	0	0	0	1
3913_sub0	1	11	7	4	7	4	0	0
3913_sub1	0	1	0	1	0	0	0	1
3913_sub2	0	1	1	0	0	0	1	0
3916_sub0	0	4	2	2	0	0	2	2
3916_sub1	0	1	0	1	0	0	0	1
3916_sub2	0	1	0	1	0	0	0	1
3920_sub0	0	1	1	0	0	0	1	0
3920_sub1	0	1	1	0	0	0	1	0
3920_sub2	0	1	0	1	0	0	0	1
3920_sub3	0	1	0	1	0	0	0	1
3920_sub4	0	1	1	0	0	0	1	0
3920_sub5	0	1	1	0	0	0	1	0
3920_sub6	0	1	0	1	0	0	0	1
3921_sub0	1	8	5	3	5	3	0	0
3924_sub0	0	1	0	1	0	0	0	1
3924_sub1	0	1	0	1	0	0	0	1
3924_sub2	0	1	1	0	0	0	1	0
3924_sub3	0	1	0	1	0	0	0	1
3924_sub4	0	1	0	1	0	0	0	1
3924_sub5	0	1	0	1	0	0	0	1
3925_sub0	0	1	1	0	0	0	1	0
3925_sub1	1	8	4	4	4	4	0	0
3927_sub0	0	1	0	1	0	0	0	1
3927_sub1	0	1	1	0	0	0	1	0
3927_sub2	0	1	0	1	0	0	0	1
3927_sub3	0	1	0	1	0	0	0	1
3927_sub4	0	2	1	1	0	0	1	1
3927_sub5	0	1	1	0	0	0	1	0
3927_sub6	0	1	1	0	0	0	1	0
3928_sub0	0	1	1	0	0	0	1	0
3928_sub1	0	2	0	2	0	0	0	2
3928_sub2	0	1	0	1	0	0	0	1
3928_sub3	0	1	1	0	0	0	1	0
3928_sub4	0	1	0	1	0	0	0	1
3929_sub0	0	1	0	1	0	0	0	1
3929_sub1	0	1	0	1	0	0	0	1
3929_sub2	0	1	1	0	0	0	1	0
3929_sub3	0	1	1	0	0	0	1	0
3929_sub4	0	1	0	1	0	0	0	1
3929_sub5	0	1	1	0	0	0	1	0
3929_sub6	0	1	0	1	0	0	0	1
3935_sub0	1	13	5	8	5	8	0	0
3944_sub0	1	9	3	6	3	6	0	0
3944_sub1	0	1	0	1	0	0	0	1
3944_sub2	0	1	0	1	0	0	0	1
3944_sub3	0	1	1	0	0	0	1	0
3945_sub0	1	6	3	3	3	3	0	0
3945_sub1	0	1	0	1	0	0	0	1
3945_sub2	0	1	0	1	0	0	0	1
3945_sub3	0	1	0	1	0	0	0	1
3946_sub0	0	1	0	1	0	0	0	1
3946_sub1	0	5	3	2	0	0	3	2
3946_sub2	0	1	1	0	0	0	1	0
3946_sub3	0	1	0	1	0	0	0	1
3946_sub4	0	1	1	0	0	0	1	0
3949_sub0	0	1	1	0	0	0	1	0
3949_sub1	0	5	2	3	0	0	2	3
3949_sub2	0	1	1	0	0	0	1	0
3949_sub3	0	1	1	0	0	0	1	0
3949_sub4	0	1	1	0	0	0	1	0
3949_sub5	0	1	0	1	0	0	0	1
395_sub0	0	1	0	1	0	0	0	1
395_sub1	0	5	1	4	0	0	1	4
395_sub2	0	1	0	1	0	0	0	1
395_sub3	0	1	0	1	0	0	0	1
3964_sub0	0	1	1	0	0	0	1	0
3964_sub1	1	6	5	1	5	1	0	0
3964_sub2	0	1	1	0	0	0	1	0
3964_sub3	0	1	1	0	0	0	1	0
3965_sub0	0	5	2	3	0	0	2	3
3965_sub1	0	1	1	0	0	0	1	0
397_sub0	0	1	0	1	0	0	0	1
397_sub1	0	1	0	1	0	0	0	1
397_sub2	0	1	1	0	0	0	1	0
397_sub3	0	1	1	0	0	0	1	0
397_sub4	1	9	6	3	6	3	0	0
397_sub5	0	2	0	2	0	0	0	2
397_sub6	0	1	0	1	0	0	0	1
3974_sub0	0	2	1	1	0	0	1	1
3974_sub1	0	1	1	0	0	0	1	0
3974_sub2	0	1	0	1	0	0	0	1
3974_sub3	0	1	1	0	0	0	1	0
3974_sub4	0	1	1	0	0	0	1	0
3974_sub5	0	1	1	0	0	0	1	0
3979_sub0	1	12	3	9	3	9	0	0
3979_sub1	0	1	0	1	0	0	0	1
3979_sub2	0	1	0	1	0	0	0	1
3979_sub3	0	1	0	1	0	0	0	1
3979_sub4	0	1	1	0	0	0	1	0
3979_sub5	0	1	0	1	0	0	0	1
3986_sub0	1	7	4	3	4	3	0	0
3986_sub1	0	1	0	1	0	0	0	1
3986_sub2	0	1	1	0	0	0	1	0
399_sub0	0	1	1	0	0	0	1	0
399_sub1	0	1	0	1	0	0	0	1
399_sub2	0	1	0	1	0	0	0	1
399_sub3	0	4	3	1	0	0	3	1
3990_sub0	0	1	0	1	0	0	0	1
3990_sub1	1	6	1	5	1	5	0	0
3990_sub2	0	1	0	1	0	0	0	1
3990_sub3	0	1	0	1	0	0	0	1
3990_sub4	0	1	0	1	0	0	0	1
3992_sub0	1	7	5	2	5	2	0	0
3992_sub1	0	1	0	1	0	0	0	1
3995_sub0	0	1	1	0	0	0	1	0
3995_sub1	0	3	2	1	0	0	2	1
3995_sub2	0	1	1	0	0	0	1	0
3995_sub3	0	1	0	1	0	0	0	1
3999_sub0	1	6	3	3	3	3	0	0
3999_sub1	0	1	1	0	0	0	1	0
3999_sub2	0	1	0	1	0	0	0	1
3999_sub3	0	1	0	1	0	0	0	1
4002_sub0	0	1	0	1	0	0	0	1
4002_sub1	0	4	3	1	0	0	3	1
4002_sub2	0	1	1	0	0	0	1	0
4003_sub0	0	4	4	0	0	0	4	0
4003_sub1	0	1	1	0	0	0	1	0
4003_sub2	0	1	0	1	0	0	0	1
401_sub0	0	1	0	1	0	0	0	1
401_sub1	1	9	3	6	3	6	0	0
401_sub2	0	1	0	1	0	0	0	1
401_sub3	0	1	0	1	0	0	0	1
4018_sub0	0	1	1	0	0	0	1	0
4018_sub1	1	6	1	5	1	5	0	0
402_sub0	0	1	0	1	0	0	0	1
402_sub1	1	7	3	4	3	4	0	0
402_sub2	0	1	0	1	0	0	0	1
402_sub3	0	1	0	1	0	0	0	1
4021_sub0	1	9	5	4	5	4	0	0
4021_sub1	0	1	0	1	0	0	0	1
4021_sub2	0	1	0	1	0	0	0	1
4028_sub0	1	14	5	9	5	9	0	0
4028_sub1	0	1	1	0	0	0	1	0
4030_sub0	0	1	1	0	0	0	1	0
4030_sub1	0	1	1	0	0	0	1	0
4030_sub2	0	1	1	0	0	0	1	0
4030_sub3	0	1	0	1	0	0	0	1
4030_sub4	0	1	1	0	0	0	1	0
4030_sub5	0	1	0	1	0	0	0	1
4030_sub6	0	1	1	0	0	0	1	0
4030_sub7	0	1	0	1	0	0	0	1
4036_sub0	0	1	1	0	0	0	1	0
4036_sub1	1	7	5	2	5	2	0	0
4036_sub2	0	1	1	0	0	0	1	0
4044_sub0	0	4	0	4	0	0	0	4
4044_sub1	0	1	0	1	0	0	0	1
4044_sub2	0	1	0	1	0	0	0	1
405_sub0	0	1	1	0	0	0	1	0
405_sub1	0	1	0	1	0	0	0	1
405_sub2	1	6	4	2	4	2	0	0
405_sub3	0	1	0	1	0	0	0	1
405_sub4	0	1	0	1	0	0	0	1
4051_sub0	1	6	2	4	2	4	0	0
4051_sub1	0	1	0	1	0	0	0	1
4051_sub2	0	1	1	0	0	0	1	0
4051_sub3	0	1	0	1	0	0	0	1
4053_sub0	1	12	7	5	7	5	0	0
4053_sub1	0	1	0	1	0	0	0	1
4053_sub2	0	1	1	0	0	0	1	0
4053_sub3	0	1	0	1	0	0	0	1
4053_sub4	0	1	1	0	0	0	1	0
4070_sub0	0	1	0	1	0	0	0	1
4070_sub1	0	1	0	1	0	0	0	1
4070_sub2	1	7	5	2	5	2	0	0
4070_sub3	0	1	1	0	0	0	1	0
4070_sub4	0	1	1	0	0	0	1	0
4072_sub0	1	10	5	5	5	5	0	0
4072_sub1	0	1	0	1	0	0	0	1
4072_sub2	0	1	1	0	0	0	1	0
4072_sub3	0	1	0	1	0	0	0	1
4075_sub0	0	1	1	0	0	0	1	0
4075_sub1	0	3	2	1	0	0	2	1
4075_sub2	0	1	0	1	0	0	0	1
4075_sub3	0	1	1	0	0	0	1	0
4075_sub4	0	1	0	1	0	0	0	1
4075_sub5	0	1	0	1	0	0	0	1
4075_sub6	0	1	0	1	0	0	0	1
4076_sub0	1	12	7	5	7	5	0	0
4076_sub1	0	1	1	0	0	0	1	0
408_sub0	0	1	0	1	0	0	0	1
408_sub1	1	7	4	3	4	3	0	0
408_sub2	0	1	0	1	0	0	0	1
408_sub3	0	1	1	0	0	0	1	0
408_sub4	0	1	0	1	0	0	0	1
4081_sub0	0	1	1	0	0	0	1	0
4081_sub1	0	5	3	2	0	0	3	2
4081_sub2	0	1	0	1	0	0	0	1
4086_sub0	0	2	1	1	0	0	1	1
4086_sub1	0	4	2	2	0	0	2	2
4086_sub2	0	1	0	1	0	0	0	1
4087_sub0	0	1	1	0	0	0	1	0
4087_sub1	0	1	1	0	0	0	1	0
4087_sub2	0	1	1	0	0	0	1	0
4087_sub3	0	1	1	0	0	0	1	0
4087_sub4	0	1	0	1	0	0	0	1
4087_sub5	0	1	1	0	0	0	1	0
4087_sub6	0	1	0	1	0	0	0	1
4089_sub0	0	4	2	2	0	0	2	2
4089_sub1	0	1	0	1	0	0	0	1
4089_sub2	0	1	1	0	0	0	1	0
4091_sub0	1	9	4	5	4	5	0	0
4091_sub1	0	1	0	1	0	0	0	1
4091_sub2	0	1	1	0	0	0	1	0
4093_sub0	0	4	1	3	0	0	1	3
4093_sub1	0	1	1	0	0	0	1	0
4093_sub2	0	1	0	1	0	0	0	1
4093_sub3	0	1	1	0	0	0	1	0
41_sub0	0	1	1	0	0	0	1	0
41_sub1	0	5	2	3	0	0	2	3
413_sub0	0	1	0	1	0	0	0	1
413_sub1	0	4	1	3	0	0	1	3
413_sub2	0	1	1	0	0	0	1	0
413_sub3	0	1	0	1	0	0	0	1
4132_sub0	0	1	1	0	0	0	1	0
4132_sub1	0	1	0	1	0	0	0	1
4132_sub2	0	1	1	0	0	0	1	0
4132_sub3	0	1	0	1	0	0	0	1
4132_sub4	0	1	0	1	0	0	0	1
4132_sub5	0	1	1	0	0	0	1	0
4132_sub6	0	1	0	1	0	0	0	1
4138_sub0	0	1	1	0	0	0	1	0
4138_sub1	0	1	0	1	0	0	0	1
4138_sub2	0	1	0	1	0	0	0	1
4138_sub3	0	1	1	0	0	0	1	0
4138_sub4	0	1	0	1	0	0	0	1
4138_sub5	0	1	1	0	0	0	1	0
4138_sub6	0	1	0	1	0	0	0	1
4146_sub0	1	12	7	5	7	5	0	0
4146_sub1	0	1	0	1	0	0	0	1
4147_sub0	0	1	0	1	0	0	0	1
4147_sub1	0	1	1	0	0	0	1	0
4147_sub2	0	1	0	1	0	0	0	1
4147_sub3	0	1	0	1	0	0	0	1
4147_sub4	0	1	0	1	0	0	0	1
4147_sub5	0	1	0	1	0	0	0	1
4147_sub6	0	1	0	1	0	0	0	1
4147_sub7	0	1	0	1	0	0	0	1
415_sub0	0	1	0	1	0	0	0	1
415_sub1	1	6	4	2	4	2	0	0
415_sub2	0	1	0	1	0	0	0	1
4153_sub0	0	1	1	0	0	0	1	0
4153_sub1	0	1	0	1	0	0	0	1
4153_sub2	0	1	1	0	0	0	1	0
4153_sub3	0	2	2	0	0	0	2	0
4153_sub4	0	1	0	1	0	0	0	1
4158_sub0	1	7	4	3	4	3	0	0
4158_sub1	0	1	1	0	0	0	1	0
4158_sub2	0	1	1	0	0	0	1	0
4158_sub3	0	1	1	0	0	0	1	0
4164_sub0	0	5	2	3	0	0	2	3
4164_sub1	0	1	0	1	0	0	0	1
4166_sub0	1	6	4	2	4	2	0	0
4166_sub1	0	1	1	0	0	0	1	0
4166_sub2	0	1	1	0	0	0	1	0
4166_sub3	0	1	0	1	0	0	0	1
4166_sub4	0	1	0	1	0	0	0	1
4166_sub5	0	1	1	0	0	0	1	0
4166_sub6	0	1	1	0	0	0	1	0
4169_sub0	1	9	5	4	5	4	0	0
4169_sub1	0	1	1	0	0	0	1	0
4169_sub2	0	1	1	0	0	0	1	0
4169_sub3	0	1	1	0	0	0	1	0
4169_sub4	0	1	0	1	0	0	0	1
4169_sub5	0	1	0	1	0	0	0	1
4171_sub0	0	1	1	0	0	0	1	0
4171_sub1	0	2	2	0	0	0	2	0
4171_sub2	0	1	1	0	0	0	1	0
4171_sub3	0	1	1	0	0	0	1	0
4171_sub4	0	1	0	1	0	0	0	1
4171_sub5	0	1	1	0	0	0	1	0
4171_sub6	0	1	0	1	0	0	0	1
4171_sub7	0	1	0	1	0	0	0	1
4171_sub8	0	1	0	1	0	0	0	1
4171_sub9	0	1	0	1	0	0	0	1
4179_sub0	1	8	5	3	5	3	0	0
4179_sub1	0	1	1	0	0	0	1	0
4179_sub2	0	1	0	1	0	0	0	1
4179_sub3	0	1	0	1	0	0	0	1
4181_sub0	0	1	1	0	0	0	1	0
4181_sub1	0	1	1	0	0	0	1	0
4181_sub2	0	1	1	0	0	0	1	0
4181_sub3	0	1	0	1	0	0	0	1
4181_sub4	0	1	1	0	0	0	1	0
4181_sub5	0	1	1	0	0	0	1	0
4182_sub0	0	1	0	1	0	0	0	1
4182_sub1	0	1	1	0	0	0	1	0
4182_sub2	0	1	1	0	0	0	1	0
4182_sub3	0	1	0	1	0	0	0	1
4182_sub4	0	1	0	1	0	0	0	1
4182_sub5	0	1	1	0	0	0	1	0
4185_sub0	1	8	5	3	5	3	0	0
4185_sub1	0	1	0	1	0	0	0	1
4185_sub2	0	1	1	0	0	0	1	0
4185_sub3	0	1	1	0	0	0	1	0
4185_sub4	0	1	1	0	0	0	1	0
4185_sub5	0	1	1	0	0	0	1	0
4189_sub0	1	8	3	5	3	5	0	0
4197_sub0	1	6	4	2	4	2	0	0
420_sub0	0	1	0	1	0	0	0	1
420_sub1	0	1	0	1	0	0	0	1
420_sub2	0	1	0	1	0	0	0	1
420_sub3	0	1	1	0	0	0	1	0
420_sub4	0	3	2	1	0	0	2	1
420_sub5	0	1	0	1	0	0	0	1
420_sub6	0	1	0	1	0	0	0	1
420_sub7	0	1	0	1	0	0	0	1
4201_sub0	0	3	2	1	0	0	2	1
4201_sub1	0	1	0	1	0	0	0	1
4201_sub2	0	1	1	0	0	0	1	0
4201_sub3	0	1	0	1	0	0	0	1
4201_sub4	0	1	0	1	0	0	0	1
4209_sub0	1	9	7	2	7	2	0	0
4209_sub1	0	1	0	1	0	0	0	1
4209_sub2	0	1	1	0	0	0	1	0
4210_sub0	1	7	5	2	5	2	0	0
4210_sub1	0	1	0	1	0	0	0	1
4210_sub2	0	1	1	0	0	0	1	0
4210_sub3	0	1	1	0	0	0	1	0
4210_sub4	0	1	0	1	0	0	0	1
4218_sub0	0	1	1	0	0	0	1	0
4218_sub1	1	8	3	5	3	5	0	0
4218_sub2	0	1	0	1	0	0	0	1
4218_sub3	0	1	1	0	0	0	1	0
4218_sub4	0	1	0	1	0	0	0	1
4218_sub5	0	1	0	1	0	0	0	1
4218_sub6	0	1	1	0	0	0	1	0
4222_sub0	1	7	4	3	4	3	0	0
4222_sub1	0	1	0	1	0	0	0	1
4222_sub2	0	1	1	0	0	0	1	0
4228_sub0	1	9	2	7	2	7	0	0
4228_sub1	0	1	1	0	0	0	1	0
4228_sub2	0	1	1	0	0	0	1	0
4228_sub3	0	1	1	0	0	0	1	0
4230_sub0	1	6	1	5	1	5	0	0
4230_sub1	0	1	1	0	0	0	1	0
4232_sub0	0	1	1	0	0	0	1	0
4232_sub1	1	6	3	3	3	3	0	0
4232_sub2	0	1	0	1	0	0	0	1
4232_sub3	0	1	0	1	0	0	0	1
424_sub0	0	2	1	1	0	0	1	1
424_sub1	1	9	4	5	4	5	0	0
424_sub2	0	1	1	0	0	0	1	0
4243_sub0	0	1	1	0	0	0	1	0
4243_sub1	0	4	1	3	0	0	1	3
4243_sub2	0	1	1	0	0	0	1	0
4243_sub3	0	1	1	0	0	0	1	0
4246_sub0	1	17	11	6	11	6	0	0
4246_sub1	0	1	1	0	0	0	1	0
4246_sub2	0	1	1	0	0	0	1	0
4246_sub3	0	1	0	1	0	0	0	1
4246_sub4	0	1	0	1	0	0	0	1
425_sub0	1	10	6	4	6	4	0	0
4250_sub0	1	9	6	3	6	3	0	0
4255_sub0	0	1	1	0	0	0	1	0
4255_sub1	0	1	1	0	0	0	1	0
4255_sub2	0	1	1	0	0	0	1	0
4255_sub3	0	1	1	0	0	0	1	0
4255_sub4	0	1	0	1	0	0	0	1
4255_sub5	0	1	1	0	0	0	1	0
4264_sub0	0	5	2	3	0	0	2	3
4264_sub1	0	1	1	0	0	0	1	0
4264_sub2	0	1	0	1	0	0	0	1
4264_sub3	0	1	0	1	0	0	0	1
4264_sub4	0	1	0	1	0	0	0	1
4271_sub0	1	6	3	3	3	3	0	0
4274_sub0	1	10	7	3	7	3	0	0
4274_sub1	0	1	0	1	0	0	0	1
428_sub0	0	1	0	1	0	0	0	1
428_sub1	1	7	5	2	5	2	0	0
4286_sub0	0	5	3	2	0	0	3	2
4286_sub1	0	1	1	0	0	0	1	0
4289_sub0	0	4	0	4	0	0	0	4
4289_sub1	0	1	1	0	0	0	1	0
4289_sub2	0	1	1	0	0	0	1	0
4289_sub3	0	1	1	0	0	0	1	0
4293_sub0	0	1	1	0	0	0	1	0
4293_sub1	1	11	4	7	4	7	0	0
4293_sub2	0	1	0	1	0	0	0	1
4293_sub3	0	1	1	0	0	0	1	0
4293_sub4	0	1	0	1	0	0	0	1
4294_sub0	1	7	3	4	3	4	0	0
4294_sub1	0	1	0	1	0	0	0	1
4294_sub2	0	1	0	1	0	0	0	1
43_sub0	0	1	0	1	0	0	0	1
43_sub1	1	11	8	3	8	3	0	0
43_sub2	0	1	1	0	0	0	1	0
43_sub3	0	1	0	1	0	0	0	1
43_sub4	0	1	1	0	0	0	1	0
4308_sub0	0	1	1	0	0	0	1	0
4308_sub1	0	1	0	1	0	0	0	1
4308_sub2	0	1	1	0	0	0	1	0
4308_sub3	0	1	0	1	0	0	0	1
4308_sub4	0	1	1	0	0	0	1	0
4308_sub5	0	1	1	0	0	0	1	0
4312_sub0	0	1	0	1	0	0	0	1
4312_sub1	0	5	2	3	0	0	2	3
4312_sub2	0	1	0	1	0	0	0	1
4326_sub0	0	1	1	0	0	0	1	0
4326_sub1	0	1	1	0	0	0	1	0
4326_sub2	0	1	1	0	0	0	1	0
4326_sub3	0	1	1	0	0	0	1	0
4326_sub4	0	1	0	1	0	0	0	1
4326_sub5	0	1	1	0	0	0	1	0
4326_sub6	0	1	1	0	0	0	1	0
4328_sub0	1	8	3	5	3	5	0	0
4328_sub1	0	1	1	0	0	0	1	0
4330_sub0	1	6	2	4	2	4	0	0
4330_sub1	0	1	1	0	0	0	1	0
4330_sub2	0	1	0	1	0	0	0	1
4330_sub3	0	1	0	1	0	0	0	1
4336_sub0	0	1	0	1	0	0	0	1
4336_sub1	0	1	0	1	0	0	0	1
4336_sub2	0	1	1	0	0	0	1	0
4336_sub3	0	1	1	0	0	0	1	0
4336_sub4	0	1	1	0	0	0	1	0
4336_sub5	0	1	0	1	0	0	0	1
4342_sub0	0	1	0	1	0	0	0	1
4342_sub1	0	1	0	1	0	0	0	1
4342_sub2	0	1	1	0	0	0	1	0
4342_sub3	0	1	1	0	0	0	1	0
4342_sub4	0	1	1	0	0	0	1	0
4342_sub5	0	1	0	1	0	0	0	1
4345_sub0	1	6	4	2	4	2	0	0
4345_sub1	0	1	0	1	0	0	0	1
4345_sub2	0	1	1	0	0	0	1	0
4345_sub3	0	1	0	1	0	0	0	1
4345_sub4	0	1	1	0	0	0	1	0
4345_sub5	0	1	1	0	0	0	1	0
4345_sub6	0	1	0	1	0	0	0	1
4345_sub7	0	1	1	0	0	0	1	0
4347_sub0	0	1	1	0	0	0	1	0
4347_sub1	0	1	1	0	0	0	1	0
4347_sub2	1	7	4	3	4	3	0	0
4347_sub3	0	1	1	0	0	0	1	0
4357_sub0	1	7	5	2	5	2	0	0
4357_sub1	0	1	0	1	0	0	0	1
4357_sub2	0	1	0	1	0	0	0	1
4357_sub3	0	1	0	1	0	0	0	1
4357_sub4	0	1	0	1	0	0	0	1
4357_sub5	0	1	1	0	0	0	1	0
4357_sub6	0	1	0	1	0	0	0	1
4357_sub7	0	1	1	0	0	0	1	0
4357_sub8	0	1	1	0	0	0	1	0
4357_sub9	0	1	1	0	0	0	1	0
4357_sub10	0	1	1	0	0	0	1	0
4357_sub11	0	1	1	0	0	0	1	0
4357_sub12	0	1	0	1	0	0	0	1
4362_sub0	0	1	1	0	0	0	1	0
4362_sub1	1	6	4	2	4	2	0	0
4362_sub2	0	1	0	1	0	0	0	1
4362_sub3	0	1	1	0	0	0	1	0
4362_sub4	0	1	1	0	0	0	1	0
4365_sub0	0	1	1	0	0	0	1	0
4365_sub1	0	2	1	1	0	0	1	1
4365_sub2	0	1	1	0	0	0	1	0
4365_sub3	0	1	0	1	0	0	0	1
4365_sub4	0	1	0	1	0	0	0	1
4365_sub5	0	1	0	1	0	0	0	1
4366_sub0	0	1	1	0	0	0	1	0
4366_sub1	0	1	0	1	0	0	0	1
4366_sub2	0	4	1	3	0	0	1	3
4373_sub0	0	1	0	1	0	0	0	1
4373_sub1	0	1	0	1	0	0	0	1
4373_sub2	0	5	2	3	0	0	2	3
4373_sub3	0	1	1	0	0	0	1	0
4373_sub4	0	1	1	0	0	0	1	0
4373_sub5	0	1	0	1	0	0	0	1
4377_sub0	0	1	1	0	0	0	1	0
4377_sub1	0	1	1	0	0	0	1	0
4377_sub2	0	1	1	0	0	0	1	0
4377_sub3	0	1	1	0	0	0	1	0
4377_sub4	0	1	1	0	0	0	1	0
4377_sub5	0	1	0	1	0	0	0	1
4378_sub0	1	9	5	4	5	4	0	0
4378_sub1	0	1	0	1	0	0	0	1
4378_sub2	0	1	0	1	0	0	0	1
4380_sub0	1	7	2	5	2	5	0	0
4380_sub1	0	1	0	1	0	0	0	1
4380_sub2	0	1	1	0	0	0	1	0
4394_sub0	0	1	0	1	0	0	0	1
4394_sub1	1	6	2	4	2	4	0	0
4394_sub2	0	1	0	1	0	0	0	1
4394_sub3	0	1	0	1	0	0	0	1
4435_sub0	0	1	1	0	0	0	1	0
4435_sub1	0	1	0	1	0	0	0	1
4435_sub2	0	1	1	0	0	0	1	0
4435_sub3	0	1	0	1	0	0	0	1
4435_sub4	0	1	1	0	0	0	1	0
4435_sub5	0	1	0	1	0	0	0	1
4442_sub0	1	14	8	6	8	6	0	0
4442_sub1	0	2	1	1	0	0	1	1
4442_sub2	0	1	0	1	0	0	0	1
445_sub0	1	8	3	5	3	5	0	0
445_sub1	0	1	1	0	0	0	1	0
445_sub2	0	1	0	1	0	0	0	1
4451_sub0	1	11	9	2	9	2	0	0
4451_sub1	0	1	0	1	0	0	0	1
4453_sub0	1	6	3	3	3	3	0	0
4453_sub1	0	1	0	1	0	0	0	1
4453_sub2	0	1	0	1	0	0	0	1
4453_sub3	0	1	1	0	0	0	1	0
4454_sub0	0	1	0	1	0	0	0	1
4454_sub1	0	5	4	1	0	0	4	1
4454_sub2	0	1	1	0	0	0	1	0
4454_sub3	0	1	0	1	0	0	0	1
4456_sub0	1	11	4	7	4	7	0	0
4456_sub1	0	1	0	1	0	0	0	1
446_sub0	1	10	8	2	8	2	0	0
446_sub1	0	1	0	1	0	0	0	1
446_sub2	0	1	0	1	0	0	0	1
446_sub3	0	1	0	1	0	0	0	1
4472_sub0	0	1	1	0	0	0	1	0
4472_sub1	0	5	1	4	0	0	1	4
4472_sub2	0	1	0	1	0	0	0	1
4474_sub0	1	9	5	4	5	4	0	0
4474_sub1	0	1	1	0	0	0	1	0
4474_sub2	0	1	0	1	0	0	0	1
4474_sub3	0	1	1	0	0	0	1	0
4474_sub4	0	1	0	1	0	0	0	1
4476_sub0	1	18	6	12	6	12	0	0
4476_sub1	0	1	1	0	0	0	1	0
4476_sub2	0	1	0	1	0	0	0	1
4478_sub0	0	1	1	0	0	0	1	0
4478_sub1	0	1	1	0	0	0	1	0
4478_sub2	0	1	0	1	0	0	0	1
4478_sub3	0	1	1	0	0	0	1	0
4478_sub4	0	1	0	1	0	0	0	1
4478_sub5	0	1	0	1	0	0	0	1
4486_sub0	0	1	1	0	0	0	1	0
4486_sub1	0	1	0	1	0	0	0	1
4486_sub2	1	7	5	2	5	2	0	0
4486_sub3	0	1	0	1	0	0	0	1
4486_sub4	0	1	1	0	0	0	1	0
4487_sub0	1	8	4	4	4	4	0	0
4487_sub1	0	1	1	0	0	0	1	0
4487_sub2	0	1	1	0	0	0	1	0
449_sub0	0	1	1	0	0	0	1	0
449_sub1	0	1	1	0	0	0	1	0
449_sub2	1	9	4	5	4	5	0	0
449_sub3	0	1	1	0	0	0	1	0
449_sub4	0	1	0	1	0	0	0	1
449_sub5	0	1	1	0	0	0	1	0
449_sub6	0	1	0	1	0	0	0	1
449_sub7	0	1	0	1	0	0	0	1
45_sub0	0	1	0	1	0	0	0	1
45_sub1	0	1	0	1	0	0	0	1
45_sub2	1	6	4	2	4	2	0	0
4500_sub0	1	6	5	1	5	1	0	0
4500_sub1	0	1	0	1	0	0	0	1
4506_sub0	1	9	5	4	5	4	0	0
4506_sub1	0	1	0	1	0	0	0	1
4510_sub0	0	1	0	1	0	0	0	1
4510_sub1	0	1	1	0	0	0	1	0
4510_sub2	0	1	0	1	0	0	0	1
4510_sub3	0	1	0	1	0	0	0	1
4510_sub4	0	1	1	0	0	0	1	0
4510_sub5	0	1	0	1	0	0	0	1
4511_sub0	1	7	2	5	2	5	0	0
4511_sub1	0	1	0	1	0	0	0	1
4511_sub2	0	1	1	0	0	0	1	0
4512_sub0	0	5	0	5	0	0	0	5
4512_sub1	0	1	0	1	0	0	0	1
4516_sub0	0	1	1	0	0	0	1	0
4516_sub1	0	1	1	0	0	0	1	0
4516_sub2	0	1	0	1	0	0	0	1
4516_sub3	0	1	1	0	0	0	1	0
4516_sub4	0	1	1	0	0	0	1	0
4516_sub5	0	1	0	1	0	0	0	1
4516_sub6	0	1	1	0	0	0	1	0
4518_sub0	1	12	8	4	8	4	0	0
4518_sub1	0	1	0	1	0	0	0	1
4519_sub0	1	9	5	4	5	4	0	0
4519_sub1	0	1	1	0	0	0	1	0
4519_sub2	0	1	1	0	0	0	1	0
4519_sub3	0	1	1	0	0	0	1	0
4522_sub0	1	10	5	5	5	5	0	0
4522_sub1	0	1	0	1	0	0	0	1
4525_sub0	1	6	4	2	4	2	0	0
4525_sub1	0	1	1	0	0	0	1	0
4525_sub2	0	1	1	0	0	0	1	0
4534_sub0	1	6	6	0	6	0	0	0
4534_sub1	0	1	0	1	0	0	0	1
4553_sub0	1	12	6	6	6	6	0	0
4553_sub1	0	1	0	1	0	0	0	1
4553_sub2	0	1	0	1	0	0	0	1
4561_sub0	1	8	6	2	6	2	0	0
4561_sub1	0	1	0	1	0	0	0	1
4561_sub2	0	1	1	0	0	0	1	0
4561_sub3	0	1	1	0	0	0	1	0
4562_sub0	0	1	1	0	0	0	1	0
4562_sub1	0	1	0	1	0	0	0	1
4562_sub2	0	1	0	1	0	0	0	1
4562_sub3	0	1	0	1	0	0	0	1
4562_sub4	0	1	1	0	0	0	1	0
4562_sub5	0	1	1	0	0	0	1	0
4581_sub0	1	7	4	3	4	3	0	0
4581_sub1	0	1	1	0	0	0	1	0
4581_sub2	0	1	1	0	0	0	1	0
4581_sub3	0	1	0	1	0	0	0	1
4598_sub0	0	1	1	0	0	0	1	0
4598_sub1	0	1	0	1	0	0	0	1
4598_sub2	0	1	1	0	0	0	1	0
4598_sub3	0	1	0	1	0	0	0	1
4598_sub4	0	1	1	0	0	0	1	0
4598_sub5	0	1	0	1	0	0	0	1
4599_sub0	0	5	3	2	0	0	3	2
4599_sub1	0	1	1	0	0	0	1	0
4599_sub2	0	1	1	0	0	0	1	0
4599_sub3	0	1	1	0	0	0	1	0
4599_sub4	0	1	0	1	0	0	0	1
4599_sub5	0	1	1	0	0	0	1	0
4601_sub0	0	1	1	0	0	0	1	0
4601_sub1	0	1	1	0	0	0	1	0
4601_sub2	1	9	4	5	4	5	0	0
4601_sub3	0	1	1	0	0	0	1	0
4601_sub4	0	1	1	0	0	0	1	0
4601_sub5	0	1	1	0	0	0	1	0
4601_sub6	0	1	1	0	0	0	1	0
4605_sub0	0	1	1	0	0	0	1	0
4605_sub1	0	5	2	3	0	0	2	3
4605_sub2	0	1	1	0	0	0	1	0
461_sub0	0	1	0	1	0	0	0	1
461_sub1	1	6	5	1	5	1	0	0
4612_sub0	0	2	0	2	0	0	0	2
4612_sub1	0	1	1	0	0	0	1	0
4612_sub2	0	1	1	0	0	0	1	0
4612_sub3	0	1	0	1	0	0	0	1
4612_sub4	0	1	1	0	0	0	1	0
4613_sub0	0	5	3	2	0	0	3	2
4613_sub1	0	1	1	0	0	0	1	0
4613_sub2	0	1	1	0	0	0	1	0
4615_sub0	0	2	1	1	0	0	1	1
4615_sub1	0	5	3	2	0	0	3	2
4615_sub2	0	2	1	1	0	0	1	1
4615_sub3	0	1	0	1	0	0	0	1
4615_sub4	0	1	0	1	0	0	0	1
4615_sub5	0	1	1	0	0	0	1	0
4615_sub6	0	1	0	1	0	0	0	1
4616_sub0	0	1	0	1	0	0	0	1
4616_sub1	0	1	1	0	0	0	1	0
4616_sub2	0	1	1	0	0	0	1	0
4616_sub3	0	1	0	1	0	0	0	1
4616_sub4	0	1	0	1	0	0	0	1
4616_sub5	0	1	0	1	0	0	0	1
4624_sub0	1	9	4	5	4	5	0	0
4624_sub1	0	1	0	1	0	0	0	1
4624_sub2	0	1	0	1	0	0	0	1
4624_sub3	0	1	1	0	0	0	1	0
4624_sub4	0	1	1	0	0	0	1	0
4624_sub5	0	1	0	1	0	0	0	1
4624_sub6	0	1	1	0	0	0	1	0
4624_sub7	0	1	0	1	0	0	0	1
4624_sub8	0	1	0	1	0	0	0	1
4630_sub0	0	1	1	0	0	0	1	0
4630_sub1	0	1	1	0	0	0	1	0
4630_sub2	0	4	1	3	0	0	1	3
4630_sub3	0	1	0	1	0	0	0	1
4630_sub4	0	1	0	1	0	0	0	1
4630_sub5	0	1	0	1	0	0	0	1
4635_sub0	1	9	5	4	5	4	0	0
4635_sub1	0	1	0	1	0	0	0	1
4635_sub2	0	1	0	1	0	0	0	1
4635_sub3	0	1	0	1	0	0	0	1
4636_sub0	1	8	6	2	6	2	0	0
4636_sub1	0	1	0	1	0	0	0	1
4637_sub0	1	11	7	4	7	4	0	0
4644_sub0	0	1	0	1	0	0	0	1
4644_sub1	0	5	1	4	0	0	1	4
465_sub0	0	5	2	3	0	0	2	3
465_sub1	0	1	0	1	0	0	0	1
4650_sub0	0	1	0	1	0	0	0	1
4650_sub1	0	1	1	0	0	0	1	0
4650_sub2	0	2	1	1	0	0	1	1
4650_sub3	0	1	1	0	0	0	1	0
4650_sub4	0	1	0	1	0	0	0	1
4650_sub5	0	1	0	1	0	0	0	1
4654_sub0	1	9	6	3	6	3	0	0
4654_sub1	0	1	1	0	0	0	1	0
4654_sub2	0	1	1	0	0	0	1	0
4657_sub0	0	1	1	0	0	0	1	0
4657_sub1	0	5	2	3	0	0	2	3
4657_sub2	0	1	1	0	0	0	1	0
4657_sub3	0	1	0	1	0	0	0	1
4666_sub0	1	8	7	1	7	1	0	0
4668_sub0	1	9	7	2	7	2	0	0
4668_sub1	0	1	1	0	0	0	1	0
4669_sub0	1	9	7	2	7	2	0	0
4669_sub1	0	1	1	0	0	0	1	0
4669_sub2	0	1	0	1	0	0	0	1
4669_sub3	0	1	0	1	0	0	0	1
4669_sub4	0	1	0	1	0	0	0	1
4669_sub5	0	1	0	1	0	0	0	1
467_sub0	1	6	2	4	2	4	0	0
467_sub1	0	1	0	1	0	0	0	1
467_sub2	0	1	1	0	0	0	1	0
467_sub3	0	1	1	0	0	0	1	0
467_sub4	0	1	0	1	0	0	0	1
467_sub5	0	1	0	1	0	0	0	1
4675_sub0	1	6	2	4	2	4	0	0
4675_sub1	0	1	0	1	0	0	0	1
4685_sub0	0	4	2	2	0	0	2	2
4685_sub1	0	1	1	0	0	0	1	0
4685_sub2	0	1	1	0	0	0	1	0
4685_sub3	0	1	0	1	0	0	0	1
4692_sub0	1	12	4	8	4	8	0	0
4692_sub1	0	1	1	0	0	0	1	0
4692_sub2	0	1	0	1	0	0	0	1
4692_sub3	0	1	0	1	0	0	0	1
470_sub0	0	1	1	0	0	0	1	0
470_sub1	0	1	1	0	0	0	1	0
470_sub2	0	1	0	1	0	0	0	1
470_sub3	1	12	8	4	8	4	0	0
470_sub4	0	1	1	0	0	0	1	0
470_sub5	0	1	1	0	0	0	1	0
4701_sub0	0	4	2	2	0	0	2	2
4701_sub1	0	1	1	0	0	0	1	0
4701_sub2	0	1	0	1	0	0	0	1
4701_sub3	0	1	1	0	0	0	1	0
4716_sub0	0	1	1	0	0	0	1	0
4716_sub1	0	5	3	2	0	0	3	2
4716_sub2	0	1	1	0	0	0	1	0
4716_sub3	0	1	0	1	0	0	0	1
4716_sub4	0	1	0	1	0	0	0	1
4716_sub5	0	1	0	1	0	0	0	1
4722_sub0	0	1	1	0	0	0	1	0
4722_sub1	0	1	1	0	0	0	1	0
4722_sub2	0	1	0	1	0	0	0	1
4722_sub3	0	1	1	0	0	0	1	0
4722_sub4	0	1	0	1	0	0	0	1
4722_sub5	0	1	0	1	0	0	0	1
4724_sub0	0	1	1	0	0	0	1	0
4724_sub1	0	3	2	1	0	0	2	1
4724_sub2	0	1	0	1	0	0	0	1
4724_sub3	1	9	3	6	3	6	0	0
4724_sub4	0	1	0	1	0	0	0	1
4724_sub5	0	1	1	0	0	0	1	0
4724_sub6	0	1	0	1	0	0	0	1
4732_sub0	1	8	5	3	5	3	0	0
4735_sub0	0	1	1	0	0	0	1	0
4735_sub1	0	1	1	0	0	0	1	0
4735_sub2	0	1	1	0	0	0	1	0
4735_sub3	0	1	1	0	0	0	1	0
4735_sub4	0	1	0	1	0	0	0	1
4735_sub5	0	1	0	1	0	0	0	1
4735_sub6	0	1	0	1	0	0	0	1
4735_sub7	0	1	0	1	0	0	0	1
4741_sub0	0	1	0	1	0	0	0	1
4741_sub1	0	5	3	2	0	0	3	2
4741_sub2	0	1	1	0	0	0	1	0
4741_sub3	0	1	0	1	0	0	0	1
4760_sub0	1	8	4	4	4	4	0	0
4760_sub1	0	1	0	1	0	0	0	1
4760_sub2	0	1	1	0	0	0	1	0
4760_sub3	0	1	1	0	0	0	1	0
4760_sub4	0	1	0	1	0	0	0	1
4760_sub5	0	1	0	1	0	0	0	1
4762_sub0	0	1	1	0	0	0	1	0
4762_sub1	0	1	0	1	0	0	0	1
4762_sub2	1	7	5	2	5	2	0	0
4766_sub0	0	1	1	0	0	0	1	0
4766_sub1	1	9	6	3	6	3	0	0
4766_sub2	0	1	0	1	0	0	0	1
4766_sub3	0	1	0	1	0	0	0	1
4766_sub4	0	1	0	1	0	0	0	1
4778_sub0	0	1	0	1	0	0	0	1
4778_sub1	0	1	1	0	0	0	1	0
4778_sub2	0	1	0	1	0	0	0	1
4778_sub3	0	1	0	1	0	0	0	1
4778_sub4	0	1	1	0	0	0	1	0
4778_sub5	0	1	0	1	0	0	0	1
478_sub0	0	1	0	1	0	0	0	1
478_sub1	1	9	4	5	4	5	0	0
4788_sub0	1	8	3	5	3	5	0	0
4788_sub1	0	1	1	0	0	0	1	0
4788_sub2	0	1	0	1	0	0	0	1
4788_sub3	0	1	0	1	0	0	0	1
4791_sub0	0	4	1	3	0	0	1	3
4791_sub1	0	1	1	0	0	0	1	0
4791_sub2	0	1	1	0	0	0	1	0
4791_sub3	0	1	1	0	0	0	1	0
4791_sub4	0	1	1	0	0	0	1	0
4791_sub5	0	1	1	0	0	0	1	0
4791_sub6	0	1	1	0	0	0	1	0
48_sub0	0	1	1	0	0	0	1	0
48_sub1	1	12	5	7	5	7	0	0
48_sub2	0	1	1	0	0	0	1	0
48_sub3	0	1	1	0	0	0	1	0
48_sub4	0	1	0	1	0	0	0	1
4804_sub0	1	11	3	8	3	8	0	0
4804_sub1	0	1	1	0	0	0	1	0
4804_sub2	0	1	1	0	0	0	1	0
4807_sub0	0	5	2	3	0	0	2	3
4807_sub1	0	1	0	1	0	0	0	1
4807_sub2	0	1	0	1	0	0	0	1
4807_sub3	0	1	0	1	0	0	0	1
4823_sub0	1	9	5	4	5	4	0	0
4828_sub0	0	1	0	1	0	0	0	1
4828_sub1	1	8	6	2	6	2	0	0
4828_sub2	0	1	1	0	0	0	1	0
4828_sub3	0	1	1	0	0	0	1	0
4828_sub4	0	1	1	0	0	0	1	0
483_sub0	0	1	0	1	0	0	0	1
483_sub1	0	1	1	0	0	0	1	0
483_sub2	1	16	10	6	10	6	0	0
4833_sub0	0	5	2	3	0	0	2	3
4833_sub1	0	1	0	1	0	0	0	1
4833_sub2	0	1	1	0	0	0	1	0
4833_sub3	0	1	1	0	0	0	1	0
484_sub0	1	9	4	5	4	5	0	0
484_sub1	0	2	0	2	0	0	0	2
484_sub2	0	1	0	1	0	0	0	1
484_sub3	0	1	0	1	0	0	0	1
4846_sub0	0	1	0	1	0	0	0	1
4846_sub1	0	1	1	0	0	0	1	0
4846_sub2	0	1	1	0	0	0	1	0
4846_sub3	0	2	2	0	0	0	2	0
4846_sub4	0	1	0	1	0	0	0	1
4846_sub5	0	1	0	1	0	0	0	1
4846_sub6	0	1	1	0	0	0	1	0
4847_sub0	0	2	2	0	0	0	2	0
4847_sub1	0	1	1	0	0	0	1	0
4847_sub2	0	1	1	0	0	0	1	0
4847_sub3	0	1	1	0	0	0	1	0
4847_sub4	0	1	1	0	0	0	1	0
485_sub0	1	10	6	4	6	4	0	0
4854_sub0	1	9	2	7	2	7	0	0
4854_sub1	0	1	0	1	0	0	0	1
4854_sub2	0	1	1	0	0	0	1	0
4854_sub3	0	1	1	0	0	0	1	0
4854_sub4	0	1	0	1	0	0	0	1
4856_sub0	0	4	1	3	0	0	1	3
4856_sub1	0	1	1	0	0	0	1	0
4856_sub2	0	1	1	0	0	0	1	0
4856_sub3	0	1	1	0	0	0	1	0
486_sub0	1	11	2	9	2	9	0	0
486_sub1	0	1	0	1	0	0	0	1
486_sub2	0	1	1	0	0	0	1	0
486_sub3	0	1	0	1	0	0	0	1
486_sub4	0	1	1	0	0	0	1	0
4861_sub0	0	1	1	0	0	0	1	0
4861_sub1	0	1	1	0	0	0	1	0
4861_sub2	0	1	0	1	0	0	0	1
4861_sub3	0	1	1	0	0	0	1	0
4861_sub4	0	1	0	1	0	0	0	1
4861_sub5	0	1	1	0	0	0	1	0
4867_sub0	0	1	0	1	0	0	0	1
4867_sub1	0	1	1	0	0	0	1	0
4867_sub2	0	1	1	0	0	0	1	0
4867_sub3	0	1	0	1	0	0	0	1
4867_sub4	0	1	1	0	0	0	1	0
4867_sub5	0	1	0	1	0	0	0	1
4867_sub6	0	1	0	1	0	0	0	1
4867_sub7	0	1	1	0	0	0	1	0
487_sub0	1	6	3	3	3	3	0	0
487_sub1	0	1	1	0	0	0	1	0
487_sub2	0	1	0	1	0	0	0	1
487_sub3	0	1	1	0	0	0	1	0
487_sub4	0	1	0	1	0	0	0	1
4877_sub0	1	6	0	6	0	6	0	0
4877_sub1	0	1	0	1	0	0	0	1
4877_sub2	0	1	0	1	0	0	0	1
4877_sub3	0	1	1	0	0	0	1	0
4882_sub0	0	1	0	1	0	0	0	1
4882_sub1	0	1	0	1	0	0	0	1
4882_sub2	1	10	7	3	7	3	0	0
4882_sub3	0	1	1	0	0	0	1	0
4882_sub4	0	1	1	0	0	0	1	0
49_sub0	0	1	0	1	0	0	0	1
49_sub1	0	1	1	0	0	0	1	0
49_sub2	0	5	1	4	0	0	1	4
490_sub0	1	16	8	8	8	8	0	0
490_sub1	0	1	0	1	0	0	0	1
490_sub2	0	1	0	1	0	0	0	1
490_sub3	0	1	1	0	0	0	1	0
490_sub4	0	1	0	1	0	0	0	1
490_sub5	0	1	0	1	0	0	0	1
490_sub6	0	1	0	1	0	0	0	1
490_sub7	0	1	0	1	0	0	0	1
4900_sub0	0	1	1	0	0	0	1	0
4900_sub1	1	10	3	7	3	7	0	0
4900_sub2	0	1	1	0	0	0	1	0
4900_sub3	0	1	1	0	0	0	1	0
4902_sub0	0	1	0	1	0	0	0	1
4902_sub1	0	1	1	0	0	0	1	0
4902_sub2	0	1	0	1	0	0	0	1
4902_sub3	0	1	1	0	0	0	1	0
4902_sub4	0	1	1	0	0	0	1	0
4902_sub5	0	1	0	1	0	0	0	1
4902_sub6	0	1	0	1	0	0	0	1
491_sub0	1	13	4	9	4	9	0	0
491_sub1	0	1	0	1	0	0	0	1
491_sub2	0	1	0	1	0	0	0	1
491_sub3	0	1	1	0	0	0	1	0
491_sub4	0	1	1	0	0	0	1	0
491_sub5	0	1	0	1	0	0	0	1
491_sub6	0	1	1	0	0	0	1	0
4913_sub0	1	10	6	4	6	4	0	0
4913_sub1	0	1	0	1	0	0	0	1
4913_sub2	0	1	0	1	0	0	0	1
4914_sub0	1	8	5	3	5	3	0	0
4914_sub1	0	1	1	0	0	0	1	0
4914_sub2	0	1	1	0	0	0	1	0
4919_sub0	1	14	7	7	7	7	0	0
4919_sub1	0	1	1	0	0	0	1	0
4919_sub2	0	1	0	1	0	0	0	1
4919_sub3	0	1	0	1	0	0	0	1
492_sub0	1	14	8	6	8	6	0	0
492_sub1	0	1	1	0	0	0	1	0
492_sub2	0	1	0	1	0	0	0	1
493_sub0	1	9	6	3	6	3	0	0
4933_sub0	0	1	1	0	0	0	1	0
4933_sub1	0	1	1	0	0	0	1	0
4933_sub2	0	1	0	1	0	0	0	1
4933_sub3	0	1	1	0	0	0	1	0
4933_sub4	0	1	0	1	0	0	0	1
4933_sub5	0	1	1	0	0	0	1	0
4936_sub0	0	1	0	1	0	0	0	1
4936_sub1	0	1	0	1	0	0	0	1
4936_sub2	0	2	2	0	0	0	2	0
4936_sub3	0	1	0	1	0	0	0	1
4936_sub4	0	1	0	1	0	0	0	1
4936_sub5	0	1	1	0	0	0	1	0
4937_sub0	0	1	1	0	0	0	1	0
4937_sub1	0	5	1	4	0	0	1	4
4941_sub0	1	6	2	4	2	4	0	0
4941_sub1	0	1	0	1	0	0	0	1
4941_sub2	0	1	0	1	0	0	0	1
4941_sub3	0	1	0	1	0	0	0	1
4946_sub0	0	2	0	2	0	0	0	2
4946_sub1	1	8	4	4	4	4	0	0
4946_sub2	0	1	0	1	0	0	0	1
4950_sub0	1	9	4	5	4	5	0	0
4950_sub1	0	1	0	1	0	0	0	1
4950_sub2	0	1	1	0	0	0	1	0
4950_sub3	0	1	1	0	0	0	1	0
4950_sub4	0	1	1	0	0	0	1	0
4954_sub0	1	7	4	3	4	3	0	0
4954_sub1	0	1	0	1	0	0	0	1
4958_sub0	0	1	1	0	0	0	1	0
4958_sub1	0	2	0	2	0	0	0	2
4958_sub2	0	1	0	1	0	0	0	1
4958_sub3	0	1	0	1	0	0	0	1
4958_sub4	0	1	0	1	0	0	0	1
4960_sub0	1	9	6	3	6	3	0	0
4960_sub1	0	1	0	1	0	0	0	1
4961_sub0	1	11	6	5	6	5	0	0
4961_sub1	0	1	1	0	0	0	1	0
4961_sub2	0	2	1	1	0	0	1	1
4965_sub0	1	9	3	6	3	6	0	0
4965_sub1	0	1	0	1	0	0	0	1
4966_sub0	0	5	3	2	0	0	3	2
4966_sub1	0	1	0	1	0	0	0	1
497_sub0	1	7	4	3	4	3	0	0
497_sub1	0	1	0	1	0	0	0	1
4973_sub0	1	6	3	3	3	3	0	0
4973_sub1	0	1	0	1	0	0	0	1
4974_sub0	0	1	0	1	0	0	0	1
4974_sub1	0	4	1	3	0	0	1	3
4974_sub2	0	1	1	0	0	0	1	0
4974_sub3	0	1	1	0	0	0	1	0
4977_sub0	0	1	0	1	0	0	0	1
4977_sub1	0	1	1	0	0	0	1	0
4977_sub2	0	1	1	0	0	0	1	0
4977_sub3	0	1	1	0	0	0	1	0
4977_sub4	0	1	1	0	0	0	1	0
4977_sub5	0	1	0	1	0	0	0	1
4977_sub6	0	1	0	1	0	0	0	1
498_sub0	0	4	0	4	0	0	0	4
498_sub1	0	1	1	0	0	0	1	0
498_sub2	0	1	0	1	0	0	0	1
4980_sub0	0	1	1	0	0	0	1	0
4980_sub1	0	1	0	1	0	0	0	1
4980_sub2	0	1	0	1	0	0	0	1
4980_sub3	0	1	1	0	0	0	1	0
4980_sub4	0	1	1	0	0	0	1	0
4980_sub5	0	1	0	1	0	0	0	1
4983_sub0	1	9	6	3	6	3	0	0
4983_sub1	0	1	1	0	0	0	1	0
4983_sub2	0	1	1	0	0	0	1	0
4985_sub0	1	7	4	3	4	3	0	0
4985_sub1	0	1	0	1	0	0	0	1
4985_sub2	0	1	1	0	0	0	1	0
500_sub0	1	8	5	3	5	3	0	0
500_sub1	0	1	0	1	0	0	0	1
500_sub2	0	1	0	1	0	0	0	1
500_sub3	0	1	0	1	0	0	0	1
500_sub4	0	1	0	1	0	0	0	1
500_sub5	0	1	1	0	0	0	1	0
5000_sub0	0	1	1	0	0	0	1	0
5000_sub1	1	6	2	4	2	4	0	0
5003_sub0	0	1	0	1	0	0	0	1
5003_sub1	0	5	2	3	0	0	2	3
5003_sub2	0	1	1	0	0	0	1	0
5003_sub3	0	1	1	0	0	0	1	0
5013_sub0	1	6	4	2	4	2	0	0
5013_sub1	0	1	1	0	0	0	1	0
502_sub0	1	10	2	8	2	8	0	0
502_sub1	0	1	0	1	0	0	0	1
502_sub2	0	1	0	1	0	0	0	1
502_sub3	0	1	0	1	0	0	0	1
502_sub4	0	1	1	0	0	0	1	0
5032_sub0	1	7	4	3	4	3	0	0
5032_sub1	0	1	1	0	0	0	1	0
5032_sub2	0	1	1	0	0	0	1	0
5032_sub3	0	1	0	1	0	0	0	1
5032_sub4	0	1	1	0	0	0	1	0
5036_sub0	1	10	6	4	6	4	0	0
5038_sub0	0	1	0	1	0	0	0	1
5038_sub1	0	5	1	4	0	0	1	4
5038_sub2	0	1	0	1	0	0	0	1
5038_sub3	0	1	0	1	0	0	0	1
5038_sub4	0	1	0	1	0	0	0	1
5040_sub0	1	6	3	3	3	3	0	0
5040_sub1	0	1	0	1	0	0	0	1
5040_sub2	0	1	1	0	0	0	1	0
5041_sub0	1	6	4	2	4	2	0	0
5041_sub1	0	1	1	0	0	0	1	0
5041_sub2	0	1	0	1	0	0	0	1
5041_sub3	0	1	1	0	0	0	1	0
5041_sub4	0	1	0	1	0	0	0	1
5044_sub0	1	11	7	4	7	4	0	0
5044_sub1	0	1	1	0	0	0	1	0
5044_sub2	0	1	1	0	0	0	1	0
5044_sub3	0	1	1	0	0	0	1	0
505_sub0	1	6	5	1	5	1	0	0
505_sub1	0	1	1	0	0	0	1	0
505_sub2	0	1	0	1	0	0	0	1
505_sub3	0	1	1	0	0	0	1	0
5052_sub0	1	9	5	4	5	4	0	0
5052_sub1	0	1	1	0	0	0	1	0
5059_sub0	1	6	4	2	4	2	0	0
5059_sub1	0	1	1	0	0	0	1	0
506_sub0	1	6	2	4	2	4	0	0
506_sub1	0	1	1	0	0	0	1	0
506_sub2	0	1	0	1	0	0	0	1
5069_sub0	1	7	3	4	3	4	0	0
5069_sub1	0	1	1	0	0	0	1	0
5069_sub2	0	1	1	0	0	0	1	0
5073_sub0	1	6	2	4	2	4	0	0
5078_sub0	1	6	2	4	2	4	0	0
5078_sub1	0	1	1	0	0	0	1	0
5078_sub2	0	1	1	0	0	0	1	0
5078_sub3	0	1	1	0	0	0	1	0
5078_sub4	0	1	0	1	0	0	0	1
5087_sub0	0	1	1	0	0	0	1	0
5087_sub1	0	1	0	1	0	0	0	1
5087_sub2	0	1	0	1	0	0	0	1
5087_sub3	1	7	5	2	5	2	0	0
5088_sub0	0	1	1	0	0	0	1	0
5088_sub1	0	1	0	1	0	0	0	1
5088_sub2	0	1	1	0	0	0	1	0
5088_sub3	0	1	0	1	0	0	0	1
5088_sub4	0	1	1	0	0	0	1	0
5088_sub5	0	1	1	0	0	0	1	0
5088_sub6	0	1	0	1	0	0	0	1
51_sub0	0	1	1	0	0	0	1	0
51_sub1	1	6	2	4	2	4	0	0
51_sub2	0	1	0	1	0	0	0	1
51_sub3	0	1	0	1	0	0	0	1
51_sub4	0	1	0	1	0	0	0	1
5105_sub0	1	10	5	5	5	5	0	0
5105_sub1	0	1	0	1	0	0	0	1
5105_sub2	0	1	1	0	0	0	1	0
5111_sub0	1	11	5	6	5	6	0	0
5111_sub1	0	1	1	0	0	0	1	0
5111_sub2	0	1	0	1	0	0	0	1
5111_sub3	0	1	1	0	0	0	1	0
5111_sub4	0	1	1	0	0	0	1	0
5114_sub0	0	1	1	0	0	0	1	0
5114_sub1	0	3	2	1	0	0	2	1
5114_sub2	0	1	0	1	0	0	0	1
5114_sub3	0	1	1	0	0	0	1	0
5114_sub4	0	1	0	1	0	0	0	1
5120_sub0	0	5	3	2	0	0	3	2
5120_sub1	0	1	0	1	0	0	0	1
5120_sub2	0	1	0	1	0	0	0	1
5120_sub3	0	1	1	0	0	0	1	0
5120_sub4	0	1	1	0	0	0	1	0
5125_sub0	1	6	6	0	6	0	0	0
5125_sub1	0	1	0	1	0	0	0	1
5125_sub2	0	1	1	0	0	0	1	0
5125_sub3	0	1	0	1	0	0	0	1
5131_sub0	0	5	2	3	0	0	2	3
5131_sub1	0	1	1	0	0	0	1	0
5131_sub2	0	1	0	1	0	0	0	1
5131_sub3	0	1	1	0	0	0	1	0
5136_sub0	1	7	2	5	2	5	0	0
5136_sub1	0	1	0	1	0	0	0	1
5136_sub2	0	1	1	0	0	0	1	0
5136_sub3	0	1	0	1	0	0	0	1
5136_sub4	0	1	1	0	0	0	1	0
5137_sub0	1	6	3	3	3	3	0	0
5137_sub1	0	1	1	0	0	0	1	0
5143_sub0	0	1	0	1	0	0	0	1
5143_sub1	0	5	2	3	0	0	2	3
5143_sub2	0	1	1	0	0	0	1	0
5146_sub0	0	1	0	1	0	0	0	1
5146_sub1	0	1	1	0	0	0	1	0
5146_sub2	0	1	0	1	0	0	0	1
5146_sub3	0	1	1	0	0	0	1	0
5146_sub4	0	1	1	0	0	0	1	0
5146_sub5	0	1	1	0	0	0	1	0
515_sub0	0	1	0	1	0	0	0	1
515_sub1	0	1	0	1	0	0	0	1
515_sub2	0	1	1	0	0	0	1	0
515_sub3	1	10	5	5	5	5	0	0
515_sub4	0	1	0	1	0	0	0	1
515_sub5	0	1	0	1	0	0	0	1
515_sub6	0	1	0	1	0	0	0	1
5151_sub0	0	1	1	0	0	0	1	0
5151_sub1	0	1	1	0	0	0	1	0
5151_sub2	0	1	0	1	0	0	0	1
5151_sub3	0	1	0	1	0	0	0	1
5151_sub4	0	1	1	0	0	0	1	0
5151_sub5	0	1	1	0	0	0	1	0
5165_sub0	1	6	1	5	1	5	0	0
5165_sub1	0	1	1	0	0	0	1	0
5165_sub2	0	1	1	0	0	0	1	0
5170_sub0	1	12	9	3	9	3	0	0
5170_sub1	0	1	0	1	0	0	0	1
5170_sub2	0	1	1	0	0	0	1	0
5170_sub3	0	1	1	0	0	0	1	0
5170_sub4	0	1	1	0	0	0	1	0
5172_sub0	0	1	0	1	0	0	0	1
5172_sub1	0	1	1	0	0	0	1	0
5172_sub2	0	1	1	0	0	0	1	0
5172_sub3	0	1	0	1	0	0	0	1
5172_sub4	0	1	0	1	0	0	0	1
5172_sub5	0	1	0	1	0	0	0	1
5172_sub6	0	1	1	0	0	0	1	0
5175_sub0	0	1	0	1	0	0	0	1
5175_sub1	0	1	0	1	0	0	0	1
5175_sub2	0	1	0	1	0	0	0	1
5175_sub3	0	1	0	1	0	0	0	1
5175_sub4	0	1	0	1	0	0	0	1
5175_sub5	0	1	1	0	0	0	1	0
5175_sub6	0	1	0	1	0	0	0	1
5175_sub7	0	1	0	1	0	0	0	1
5176_sub0	1	12	6	6	6	6	0	0
5180_sub0	1	10	5	5	5	5	0	0
5180_sub1	0	1	1	0	0	0	1	0
5180_sub2	0	1	1	0	0	0	1	0
5182_sub0	0	4	2	2	0	0	2	2
5182_sub1	0	1	0	1	0	0	0	1
5182_sub2	0	1	0	1	0	0	0	1
5191_sub0	1	6	2	4	2	4	0	0
5191_sub1	0	1	0	1	0	0	0	1
5191_sub2	0	1	0	1	0	0	0	1
5194_sub0	1	9	4	5	4	5	0	0
5194_sub1	0	1	0	1	0	0	0	1
5194_sub2	0	1	0	1	0	0	0	1
5199_sub0	1	8	4	4	4	4	0	0
5199_sub1	0	1	0	1	0	0	0	1
5199_sub2	0	1	0	1	0	0	0	1
5199_sub3	0	1	1	0	0	0	1	0
521_sub0	1	15	6	9	6	9	0	0
521_sub1	0	1	0	1	0	0	0	1
521_sub2	0	1	1	0	0	0	1	0
521_sub3	0	1	1	0	0	0	1	0
5220_sub0	0	4	3	1	0	0	3	1
5220_sub1	0	1	1	0	0	0	1	0
5220_sub2	0	1	0	1	0	0	0	1
5226_sub0	0	2	1	1	0	0	1	1
5226_sub1	0	1	1	0	0	0	1	0
5226_sub2	0	1	0	1	0	0	0	1
5226_sub3	0	1	1	0	0	0	1	0
5226_sub4	0	1	0	1	0	0	0	1
5226_sub5	0	1	1	0	0	0	1	0
5230_sub0	0	1	0	1	0	0	0	1
5230_sub1	0	1	0	1	0	0	0	1
5230_sub2	0	1	0	1	0	0	0	1
5230_sub3	0	1	0	1	0	0	0	1
5230_sub4	0	1	0	1	0	0	0	1
5230_sub5	0	1	0	1	0	0	0	1
5237_sub0	1	7	2	5	2	5	0	0
5237_sub1	0	1	0	1	0	0	0	1
5239_sub0	0	1	0	1	0	0	0	1
5239_sub1	0	1	0	1	0	0	0	1
5239_sub2	0	3	1	2	0	0	1	2
5239_sub3	0	1	0	1	0	0	0	1
5240_sub0	1	8	7	1	7	1	0	0
5240_sub1	0	1	0	1	0	0	0	1
5243_sub0	0	1	1	0	0	0	1	0
5243_sub1	0	5	1	4	0	0	1	4
5243_sub2	0	1	1	0	0	0	1	0
5243_sub3	0	2	1	1	0	0	1	1
5248_sub0	0	1	0	1	0	0	0	1
5248_sub1	0	1	0	1	0	0	0	1
5248_sub2	0	1	1	0	0	0	1	0
5248_sub3	0	1	0	1	0	0	0	1
5248_sub4	0	1	0	1	0	0	0	1
5248_sub5	0	1	1	0	0	0	1	0
5259_sub0	0	5	1	4	0	0	1	4
5259_sub1	0	1	0	1	0	0	0	1
5259_sub2	0	1	1	0	0	0	1	0
5259_sub3	0	1	0	1	0	0	0	1
5259_sub4	0	1	1	0	0	0	1	0
5259_sub5	0	1	0	1	0	0	0	1
5259_sub6	0	1	1	0	0	0	1	0
5263_sub0	0	1	0	1	0	0	0	1
5263_sub1	1	7	6	1	6	1	0	0
5264_sub0	0	2	1	1	0	0	1	1
5264_sub1	0	1	1	0	0	0	1	0
5264_sub2	0	1	0	1	0	0	0	1
5264_sub3	0	1	1	0	0	0	1	0
5264_sub4	0	1	1	0	0	0	1	0
5264_sub5	0	1	0	1	0	0	0	1
5299_sub0	0	1	0	1	0	0	0	1
5299_sub1	0	1	0	1	0	0	0	1
5299_sub2	0	2	1	1	0	0	1	1
5299_sub3	0	1	0	1	0	0	0	1
5299_sub4	0	1	0	1	0	0	0	1
530_sub0	0	1	1	0	0	0	1	0
530_sub1	1	11	5	6	5	6	0	0
530_sub2	0	1	0	1	0	0	0	1
530_sub3	0	1	1	0	0	0	1	0
530_sub4	0	1	0	1	0	0	0	1
530_sub5	0	1	0	1	0	0	0	1
530_sub6	0	1	1	0	0	0	1	0
5300_sub0	1	6	3	3	3	3	0	0
5300_sub1	0	1	1	0	0	0	1	0
5300_sub2	0	1	1	0	0	0	1	0
5310_sub0	0	1	0	1	0	0	0	1
5310_sub1	0	2	1	1	0	0	1	1
5310_sub2	0	1	1	0	0	0	1	0
5310_sub3	0	1	0	1	0	0	0	1
5310_sub4	0	1	0	1	0	0	0	1
5311_sub0	0	2	1	1	0	0	1	1
5311_sub1	0	1	1	0	0	0	1	0
5311_sub2	0	1	0	1	0	0	0	1
5311_sub3	0	1	0	1	0	0	0	1
5311_sub4	0	1	1	0	0	0	1	0
532_sub0	0	5	4	1	0	0	4	1
532_sub1	0	1	1	0	0	0	1	0
532_sub2	0	1	0	1	0	0	0	1
5322_sub0	1	6	3	3	3	3	0	0
5322_sub1	0	1	1	0	0	0	1	0
533_sub0	0	1	1	0	0	0	1	0
533_sub1	1	8	3	5	3	5	0	0
5334_sub0	1	7	4	3	4	3	0	0
5334_sub1	0	1	1	0	0	0	1	0
5334_sub2	0	1	0	1	0	0	0	1
5334_sub3	0	1	0	1	0	0	0	1
5338_sub0	1	6	1	5	1	5	0	0
5338_sub1	0	1	1	0	0	0	1	0
5338_sub2	0	1	1	0	0	0	1	0
5338_sub3	0	1	1	0	0	0	1	0
5339_sub0	0	1	1	0	0	0	1	0
5339_sub1	1	7	4	3	4	3	0	0
5339_sub2	0	3	2	1	0	0	2	1
5339_sub3	0	1	1	0	0	0	1	0
5348_sub0	0	1	1	0	0	0	1	0
5348_sub1	0	1	0	1	0	0	0	1
5348_sub2	0	1	1	0	0	0	1	0
5348_sub3	0	1	0	1	0	0	0	1
5348_sub4	0	1	0	1	0	0	0	1
5348_sub5	0	1	1	0	0	0	1	0
5348_sub6	0	1	1	0	0	0	1	0
5351_sub0	1	11	2	9	2	9	0	0
536_sub0	0	1	0	1	0	0	0	1
536_sub1	0	1	1	0	0	0	1	0
536_sub2	0	1	0	1	0	0	0	1
536_sub3	0	1	1	0	0	0	1	0
536_sub4	0	1	0	1	0	0	0	1
536_sub5	0	1	1	0	0	0	1	0
536_sub6	0	1	0	1	0	0	0	1
536_sub7	0	1	0	1	0	0	0	1
537_sub0	0	1	0	1	0	0	0	1
537_sub1	0	1	1	0	0	0	1	0
537_sub2	0	1	0	1	0	0	0	1
537_sub3	0	1	1	0	0	0	1	0
537_sub4	0	1	1	0	0	0	1	0
537_sub5	0	1	0	1	0	0	0	1
537_sub6	0	1	0	1	0	0	0	1
5370_sub0	1	6	2	4	2	4	0	0
5370_sub1	0	1	1	0	0	0	1	0
5370_sub2	0	1	1	0	0	0	1	0
5370_sub3	0	1	1	0	0	0	1	0
5379_sub0	1	10	6	4	6	4	0	0
5379_sub1	0	1	0	1	0	0	0	1
5379_sub2	0	1	0	1	0	0	0	1
5380_sub0	0	1	0	1	0	0	0	1
5380_sub1	0	1	1	0	0	0	1	0
5380_sub2	0	1	0	1	0	0	0	1
5380_sub3	0	1	1	0	0	0	1	0
5380_sub4	0	1	0	1	0	0	0	1
5380_sub5	0	1	1	0	0	0	1	0
5382_sub0	0	4	2	2	0	0	2	2
5382_sub1	0	1	0	1	0	0	0	1
5382_sub2	0	1	0	1	0	0	0	1
5382_sub3	0	1	1	0	0	0	1	0
5382_sub4	0	1	0	1	0	0	0	1
539_sub0	0	1	1	0	0	0	1	0
539_sub1	1	8	3	5	3	5	0	0
539_sub2	0	1	0	1	0	0	0	1
539_sub3	0	1	0	1	0	0	0	1
5393_sub0	1	8	2	6	2	6	0	0
5393_sub1	0	1	0	1	0	0	0	1
5393_sub2	0	1	1	0	0	0	1	0
5393_sub3	0	1	0	1	0	0	0	1
5399_sub0	1	8	4	4	4	4	0	0
5399_sub1	0	1	0	1	0	0	0	1
5399_sub2	0	1	1	0	0	0	1	0
5399_sub3	0	1	0	1	0	0	0	1
5399_sub4	0	1	1	0	0	0	1	0
5399_sub5	0	1	0	1	0	0	0	1
5401_sub0	1	8	3	5	3	5	0	0
5401_sub1	0	1	0	1	0	0	0	1
5401_sub2	0	1	0	1	0	0	0	1
5401_sub3	0	1	1	0	0	0	1	0
5412_sub0	1	11	7	4	7	4	0	0
5412_sub1	0	1	1	0	0	0	1	0
5412_sub2	0	1	1	0	0	0	1	0
542_sub0	0	1	0	1	0	0	0	1
542_sub1	0	1	1	0	0	0	1	0
542_sub2	0	1	1	0	0	0	1	0
542_sub3	0	1	0	1	0	0	0	1
542_sub4	0	1	0	1	0	0	0	1
542_sub5	0	1	0	1	0	0	0	1
5420_sub0	0	1	1	0	0	0	1	0
5420_sub1	0	1	0	1	0	0	0	1
5420_sub2	0	1	1	0	0	0	1	0
5420_sub3	0	1	0	1	0	0	0	1
5420_sub4	0	1	1	0	0	0	1	0
5420_sub5	0	1	0	1	0	0	0	1
5420_sub6	0	1	1	0	0	0	1	0
5420_sub7	0	1	1	0	0	0	1	0
5423_sub0	0	4	1	3	0	0	1	3
5423_sub1	0	1	0	1	0	0	0	1
5423_sub2	0	1	0	1	0	0	0	1
5423_sub3	0	1	0	1	0	0	0	1
5423_sub4	0	1	0	1	0	0	0	1
5427_sub0	0	5	3	2	0	0	3	2
5427_sub1	0	1	1	0	0	0	1	0
5429_sub0	1	8	3	5	3	5	0	0
5429_sub1	0	1	0	1	0	0	0	1
5429_sub2	0	1	1	0	0	0	1	0
5433_sub0	0	1	0	1	0	0	0	1
5433_sub1	1	8	5	3	5	3	0	0
5433_sub2	0	1	1	0	0	0	1	0
5433_sub3	0	1	1	0	0	0	1	0
5433_sub4	0	1	1	0	0	0	1	0
5433_sub5	0	1	1	0	0	0	1	0
5436_sub0	0	1	0	1	0	0	0	1
5436_sub1	0	1	1	0	0	0	1	0
5436_sub2	0	1	1	0	0	0	1	0
5436_sub3	0	5	0	5	0	0	0	5
5454_sub0	0	1	1	0	0	0	1	0
5454_sub1	0	1	1	0	0	0	1	0
5454_sub2	0	1	1	0	0	0	1	0
5454_sub3	0	1	0	1	0	0	0	1
5454_sub4	0	1	1	0	0	0	1	0
5454_sub5	0	1	0	1	0	0	0	1
5461_sub0	0	5	2	3	0	0	2	3
5461_sub1	0	1	1	0	0	0	1	0
5461_sub2	0	1	0	1	0	0	0	1
5465_sub0	0	1	1	0	0	0	1	0
5465_sub1	0	5	1	4	0	0	1	4
5468_sub0	0	4	3	1	0	0	3	1
5468_sub1	0	1	1	0	0	0	1	0
5468_sub2	0	1	0	1	0	0	0	1
5468_sub3	0	1	0	1	0	0	0	1
5472_sub0	1	6	4	2	4	2	0	0
5472_sub1	0	1	1	0	0	0	1	0
5472_sub2	0	1	1	0	0	0	1	0
5472_sub3	0	1	0	1	0	0	0	1
5472_sub4	0	1	1	0	0	0	1	0
549_sub0	0	1	1	0	0	0	1	0
549_sub1	1	9	4	5	4	5	0	0
549_sub2	0	1	1	0	0	0	1	0
549_sub3	0	1	0	1	0	0	0	1
5517_sub0	1	6	4	2	4	2	0	0
5527_sub0	1	9	4	5	4	5	0	0
5527_sub1	0	1	0	1	0	0	0	1
5527_sub2	0	1	1	0	0	0	1	0
5531_sub0	0	1	0	1	0	0	0	1
5531_sub1	0	4	1	3	0	0	1	3
5531_sub2	0	1	1	0	0	0	1	0
5538_sub0	0	1	0	1	0	0	0	1
5538_sub1	1	8	3	5	3	5	0	0
5538_sub2	0	1	0	1	0	0	0	1
5538_sub3	0	1	1	0	0	0	1	0
5538_sub4	0	1	1	0	0	0	1	0
5538_sub5	0	1	1	0	0	0	1	0
5538_sub6	0	1	0	1	0	0	0	1
5545_sub0	1	6	3	3	3	3	0	0
5545_sub1	0	1	0	1	0	0	0	1
5545_sub2	0	1	1	0	0	0	1	0
5545_sub3	0	1	1	0	0	0	1	0
5558_sub0	1	8	2	6	2	6	0	0
5558_sub1	0	1	1	0	0	0	1	0
5558_sub2	0	1	1	0	0	0	1	0
5558_sub3	0	1	1	0	0	0	1	0
5572_sub0	0	1	1	0	0	0	1	0
5572_sub1	0	1	0	1	0	0	0	1
5572_sub2	0	1	0	1	0	0	0	1
5572_sub3	0	1	0	1	0	0	0	1
5572_sub4	0	1	0	1	0	0	0	1
5572_sub5	0	1	1	0	0	0	1	0
56_sub0	0	1	0	1	0	0	0	1
56_sub1	1	6	2	4	2	4	0	0
56_sub2	0	1	1	0	0	0	1	0
56_sub3	0	1	0	1	0	0	0	1
560_sub0	1	7	4	3	4	3	0	0
560_sub1	0	1	0	1	0	0	0	1
5601_sub0	1	8	3	5	3	5	0	0
5601_sub1	0	1	1	0	0	0	1	0
5601_sub2	0	1	0	1	0	0	0	1
5601_sub3	0	1	0	1	0	0	0	1
5604_sub0	1	6	2	4	2	4	0	0
5604_sub1	0	1	0	1	0	0	0	1
561_sub0	1	10	2	8	2	8	0	0
561_sub1	0	1	1	0	0	0	1	0
561_sub2	0	1	0	1	0	0	0	1
561_sub3	0	1	1	0	0	0	1	0
561_sub4	0	1	1	0	0	0	1	0
5621_sub0	0	1	0	1	0	0	0	1
5621_sub1	1	9	5	4	5	4	0	0
5621_sub2	0	1	0	1	0	0	0	1
5626_sub0	0	3	3	0	0	0	3	0
5626_sub1	0	1	1	0	0	0	1	0
5626_sub2	0	1	1	0	0	0	1	0
5626_sub3	0	1	1	0	0	0	1	0
5626_sub4	0	1	1	0	0	0	1	0
5626_sub5	0	1	0	1	0	0	0	1
566_sub0	0	5	3	2	0	0	3	2
566_sub1	0	1	0	1	0	0	0	1
5667_sub0	0	5	0	5	0	0	0	5
5667_sub1	0	2	1	1	0	0	1	1
5667_sub2	0	1	1	0	0	0	1	0
5667_sub3	0	1	0	1	0	0	0	1
5667_sub4	0	1	0	1	0	0	0	1
5667_sub5	0	1	1	0	0	0	1	0
567_sub0	1	14	6	8	6	8	0	0
567_sub1	0	1	0	1	0	0	0	1
567_sub2	0	1	0	1	0	0	0	1
567_sub3	0	1	0	1	0	0	0	1
5670_sub0	0	1	0	1	0	0	0	1
5670_sub1	0	1	1	0	0	0	1	0
5670_sub2	0	1	1	0	0	0	1	0
5670_sub3	0	1	0	1	0	0	0	1
5670_sub4	0	1	1	0	0	0	1	0
5670_sub5	0	1	0	1	0	0	0	1
5670_sub6	0	1	0	1	0	0	0	1
5670_sub7	0	1	0	1	0	0	0	1
5670_sub8	0	1	1	0	0	0	1	0
5670_sub9	0	1	1	0	0	0	1	0
5671_sub0	0	1	1	0	0	0	1	0
5671_sub1	0	1	0	1	0	0	0	1
5671_sub2	0	4	3	1	0	0	3	1
5671_sub3	0	1	0	1	0	0	0	1
5671_sub4	0	1	0	1	0	0	0	1
5677_sub0	1	6	4	2	4	2	0	0
5677_sub1	0	1	1	0	0	0	1	0
5677_sub2	0	1	0	1	0	0	0	1
5682_sub0	0	1	0	1	0	0	0	1
5682_sub1	0	1	1	0	0	0	1	0
5682_sub2	0	1	1	0	0	0	1	0
5682_sub3	0	1	1	0	0	0	1	0
5682_sub4	0	1	1	0	0	0	1	0
5682_sub5	0	1	0	1	0	0	0	1
5689_sub0	0	1	1	0	0	0	1	0
5689_sub1	0	1	0	1	0	0	0	1
5689_sub2	0	1	0	1	0	0	0	1
5689_sub3	0	1	0	1	0	0	0	1
5689_sub4	0	1	1	0	0	0	1	0
5689_sub5	0	1	1	0	0	0	1	0
5697_sub0	0	3	2	1	0	0	2	1
5697_sub1	0	1	1	0	0	0	1	0
5697_sub2	0	1	0	1	0	0	0	1
5697_sub3	0	1	0	1	0	0	0	1
5697_sub4	0	1	0	1	0	0	0	1
5701_sub0	0	1	0	1	0	0	0	1
5701_sub1	1	9	1	8	1	8	0	0
5707_sub0	0	1	0	1	0	0	0	1
5707_sub1	1	6	4	2	4	2	0	0
5707_sub2	0	1	1	0	0	0	1	0
5707_sub3	0	1	1	0	0	0	1	0
5727_sub0	0	1	1	0	0	0	1	0
5727_sub1	1	9	4	5	4	5	0	0
5733_sub0	0	5	4	1	0	0	4	1
5733_sub1	0	1	1	0	0	0	1	0
5733_sub2	0	1	0	1	0	0	0	1
5734_sub0	0	1	0	1	0	0	0	1
5734_sub1	0	1	0	1	0	0	0	1
5734_sub2	0	1	1	0	0	0	1	0
5734_sub3	0	1	0	1	0	0	0	1
5734_sub4	0	1	1	0	0	0	1	0
5734_sub5	0	1	1	0	0	0	1	0
5734_sub6	0	1	1	0	0	0	1	0
5738_sub0	0	1	1	0	0	0	1	0
5738_sub1	0	4	4	0	0	0	4	0
5738_sub2	0	1	1	0	0	0	1	0
5738_sub3	0	1	0	1	0	0	0	1
5738_sub4	0	1	1	0	0	0	1	0
5738_sub5	0	1	1	0	0	0	1	0
5741_sub0	0	1	0	1	0	0	0	1
5741_sub1	1	8	6	2	6	2	0	0
5741_sub2	0	1	1	0	0	0	1	0
5744_sub0	1	8	3	5	3	5	0	0
5744_sub1	0	1	0	1	0	0	0	1
5744_sub2	0	1	1	0	0	0	1	0
5746_sub0	0	1	1	0	0	0	1	0
5746_sub1	0	4	2	2	0	0	2	2
5746_sub2	0	1	0	1	0	0	0	1
5746_sub3	0	1	0	1	0	0	0	1
5746_sub4	0	1	0	1	0	0	0	1
5746_sub5	0	1	1	0	0	0	1	0
576_sub0	1	8	5	3	5	3	0	0
576_sub1	0	1	0	1	0	0	0	1
576_sub2	0	1	0	1	0	0	0	1
5770_sub0	0	1	0	1	0	0	0	1
5770_sub1	0	1	0	1	0	0	0	1
5770_sub2	0	1	0	1	0	0	0	1
5770_sub3	0	1	0	1	0	0	0	1
5770_sub4	0	1	1	0	0	0	1	0
5770_sub5	0	1	0	1	0	0	0	1
578_sub0	1	11	7	4	7	4	0	0
578_sub1	0	1	1	0	0	0	1	0
578_sub2	0	1	1	0	0	0	1	0
578_sub3	0	1	1	0	0	0	1	0
5784_sub0	1	10	3	7	3	7	0	0
5784_sub1	0	1	0	1	0	0	0	1
5808_sub0	1	10	4	6	4	6	0	0
5817_sub0	1	7	4	3	4	3	0	0
5817_sub1	0	1	1	0	0	0	1	0
582_sub0	0	1	1	0	0	0	1	0
582_sub1	0	3	1	2	0	0	1	2
582_sub2	0	1	0	1	0	0	0	1
582_sub3	0	1	0	1	0	0	0	1
5823_sub0	0	1	0	1	0	0	0	1
5823_sub1	0	1	0	1	0	0	0	1
5823_sub2	0	1	1	0	0	0	1	0
5823_sub3	0	3	1	2	0	0	1	2
5823_sub4	0	1	1	0	0	0	1	0
5823_sub5	0	1	0	1	0	0	0	1
583_sub0	0	1	1	0	0	0	1	0
583_sub1	0	5	3	2	0	0	3	2
5832_sub0	0	5	2	3	0	0	2	3
5832_sub1	0	1	0	1	0	0	0	1
5855_sub0	0	1	1	0	0	0	1	0
5855_sub1	1	11	5	6	5	6	0	0
5855_sub2	0	1	1	0	0	0	1	0
5855_sub3	0	1	1	0	0	0	1	0
5855_sub4	0	1	1	0	0	0	1	0
5855_sub5	0	1	1	0	0	0	1	0
586_sub0	1	15	9	6	9	6	0	0
586_sub1	0	1	1	0	0	0	1	0
586_sub2	0	1	1	0	0	0	1	0
5864_sub0	0	1	1	0	0	0	1	0
5864_sub1	0	1	0	1	0	0	0	1
5864_sub2	0	1	0	1	0	0	0	1
5864_sub3	0	1	1	0	0	0	1	0
5864_sub4	0	1	0	1	0	0	0	1
5864_sub5	0	1	1	0	0	0	1	0
5864_sub6	0	1	1	0	0	0	1	0
5866_sub0	1	15	7	8	7	8	0	0
5866_sub1	0	1	1	0	0	0	1	0
5881_sub0	1	8	2	6	2	6	0	0
5881_sub1	0	1	1	0	0	0	1	0
5887_sub0	0	1	1	0	0	0	1	0
5887_sub1	0	1	0	1	0	0	0	1
5887_sub2	0	1	0	1	0	0	0	1
5887_sub3	0	1	1	0	0	0	1	0
5887_sub4	0	1	0	1	0	0	0	1
5887_sub5	0	1	0	1	0	0	0	1
5889_sub0	0	1	1	0	0	0	1	0
5889_sub1	0	1	0	1	0	0	0	1
5889_sub2	0	4	2	2	0	0	2	2
5889_sub3	0	1	1	0	0	0	1	0
5890_sub0	0	1	0	1	0	0	0	1
5890_sub1	1	6	3	3	3	3	0	0
5890_sub2	0	1	1	0	0	0	1	0
5894_sub0	0	5	3	2	0	0	3	2
5894_sub1	0	1	1	0	0	0	1	0
5896_sub0	0	5	0	5	0	0	0	5
5896_sub1	0	1	1	0	0	0	1	0
5900_sub0	1	7	4	3	4	3	0	0
5905_sub0	0	1	1	0	0	0	1	0
5905_sub1	1	6	2	4	2	4	0	0
5906_sub0	0	5	4	1	0	0	4	1
5906_sub1	0	1	0	1	0	0	0	1
5906_sub2	0	1	1	0	0	0	1	0
5906_sub3	0	1	0	1	0	0	0	1
5906_sub4	0	1	1	0	0	0	1	0
5906_sub5	0	1	1	0	0	0	1	0
5906_sub6	0	1	0	1	0	0	0	1
5909_sub0	1	7	4	3	4	3	0	0
5909_sub1	0	1	1	0	0	0	1	0
5909_sub2	0	1	1	0	0	0	1	0
5909_sub3	0	1	1	0	0	0	1	0
5909_sub4	0	1	0	1	0	0	0	1
5909_sub5	0	1	1	0	0	0	1	0
5913_sub0	0	1	1	0	0	0	1	0
5913_sub1	0	1	1	0	0	0	1	0
5913_sub2	0	1	1	0	0	0	1	0
5913_sub3	0	3	1	2	0	0	1	2
5918_sub0	1	6	3	3	3	3	0	0
5918_sub1	0	1	1	0	0	0	1	0
5918_sub2	0	1	1	0	0	0	1	0
5918_sub3	0	1	1	0	0	0	1	0
5918_sub4	0	1	1	0	0	0	1	0
5924_sub0	0	1	0	1	0	0	0	1
5924_sub1	1	7	4	3	4	3	0	0
5924_sub2	0	1	1	0	0	0	1	0
5924_sub3	0	1	0	1	0	0	0	1
5925_sub0	0	4	2	2	0	0	2	2
5925_sub1	0	1	1	0	0	0	1	0
5925_sub2	0	1	1	0	0	0	1	0
5925_sub3	0	1	1	0	0	0	1	0
5925_sub4	0	1	0	1	0	0	0	1
593_sub0	1	8	4	4	4	4	0	0
593_sub1	0	1	1	0	0	0	1	0
593_sub2	0	1	1	0	0	0	1	0
5939_sub0	1	8	7	1	7	1	0	0
5939_sub1	0	1	1	0	0	0	1	0
5939_sub2	0	1	0	1	0	0	0	1
5939_sub3	0	1	1	0	0	0	1	0
594_sub0	0	4	1	3	0	0	1	3
594_sub1	0	1	1	0	0	0	1	0
594_sub2	0	1	1	0	0	0	1	0
5940_sub0	1	6	2	4	2	4	0	0
5945_sub0	0	1	1	0	0	0	1	0
5945_sub1	0	1	1	0	0	0	1	0
5945_sub2	0	3	1	2	0	0	1	2
5945_sub3	0	1	1	0	0	0	1	0
5945_sub4	0	1	0	1	0	0	0	1
5948_sub0	0	1	0	1	0	0	0	1
5948_sub1	0	1	1	0	0	0	1	0
5948_sub2	0	1	0	1	0	0	0	1
5948_sub3	0	1	1	0	0	0	1	0
5948_sub4	0	1	0	1	0	0	0	1
5948_sub5	0	1	0	1	0	0	0	1
596_sub0	1	10	1	9	1	9	0	0
596_sub1	0	1	1	0	0	0	1	0
596_sub2	0	1	1	0	0	0	1	0
596_sub3	0	1	0	1	0	0	0	1
596_sub4	0	1	0	1	0	0	0	1
596_sub5	0	1	0	1	0	0	0	1
596_sub6	0	1	1	0	0	0	1	0
5997_sub0	0	1	0	1	0	0	0	1
5997_sub1	0	1	0	1	0	0	0	1
5997_sub2	0	2	1	1	0	0	1	1
5997_sub3	0	1	1	0	0	0	1	0
5997_sub4	0	1	0	1	0	0	0	1
5997_sub5	0	1	0	1	0	0	0	1
5997_sub6	0	1	0	1	0	0	0	1
5997_sub7	0	1	1	0	0	0	1	0
600_sub0	0	5	3	2	0	0	3	2
600_sub1	0	1	0	1	0	0	0	1
601_sub0	0	1	0	1	0	0	0	1
601_sub1	1	7	3	4	3	4	0	0
601_sub2	0	1	1	0	0	0	1	0
602_sub0	1	14	8	6	8	6	0	0
602_sub1	0	1	0	1	0	0	0	1
602_sub2	0	1	1	0	0	0	1	0
6020_sub0	1	7	5	2	5	2	0	0
6020_sub1	0	1	0	1	0	0	0	1
6020_sub2	0	1	0	1	0	0	0	1
6020_sub3	0	1	0	1	0	0	0	1
6024_sub0	1	9	2	7	2	7	0	0
6024_sub1	0	1	0	1	0	0	0	1
6024_sub2	0	1	0	1	0	0	0	1
6024_sub3	0	1	1	0	0	0	1	0
6024_sub4	0	1	0	1	0	0	0	1
604_sub0	0	1	0	1	0	0	0	1
604_sub1	0	1	0	1	0	0	0	1
604_sub2	0	1	0	1	0	0	0	1
604_sub3	0	5	3	2	0	0	3	2
6041_sub0	0	1	0	1	0	0	0	1
6041_sub1	1	13	7	6	7	6	0	0
6041_sub2	0	1	1	0	0	0	1	0
6043_sub0	0	1	0	1	0	0	0	1
6043_sub1	0	1	0	1	0	0	0	1
6043_sub2	0	1	1	0	0	0	1	0
6043_sub3	0	1	0	1	0	0	0	1
6043_sub4	0	1	0	1	0	0	0	1
6043_sub5	0	1	0	1	0	0	0	1
6049_sub0	0	1	0	1	0	0	0	1
6049_sub1	1	11	5	6	5	6	0	0
6049_sub2	0	1	0	1	0	0	0	1
6049_sub3	0	1	1	0	0	0	1	0
6049_sub4	0	1	1	0	0	0	1	0
6049_sub5	0	1	1	0	0	0	1	0
6059_sub0	0	1	0	1	0	0	0	1
6059_sub1	0	5	1	4	0	0	1	4
6059_sub2	0	1	0	1	0	0	0	1
6062_sub0	0	5	1	4	0	0	1	4
6062_sub1	0	1	0	1	0	0	0	1
6075_sub0	0	4	4	0	0	0	4	0
6075_sub1	0	1	1	0	0	0	1	0
6075_sub2	0	1	1	0	0	0	1	0
6077_sub0	0	1	1	0	0	0	1	0
6077_sub1	1	6	1	5	1	5	0	0
608_sub0	1	14	10	4	10	4	0	0
608_sub1	0	1	0	1	0	0	0	1
608_sub2	0	1	1	0	0	0	1	0
608_sub3	0	1	1	0	0	0	1	0
608_sub4	0	1	0	1	0	0	0	1
6082_sub0	1	9	6	3	6	3	0	0
6082_sub1	0	1	0	1	0	0	0	1
6091_sub0	1	7	3	4	3	4	0	0
6091_sub1	0	1	0	1	0	0	0	1
6091_sub2	0	1	1	0	0	0	1	0
6091_sub3	0	1	0	1	0	0	0	1
6094_sub0	0	1	0	1	0	0	0	1
6094_sub1	0	1	1	0	0	0	1	0
6094_sub2	0	1	0	1	0	0	0	1
6094_sub3	0	1	0	1	0	0	0	1
6094_sub4	0	1	1	0	0	0	1	0
6094_sub5	0	1	1	0	0	0	1	0
6100_sub0	0	1	0	1	0	0	0	1
6100_sub1	0	1	0	1	0	0	0	1
6100_sub2	0	1	1	0	0	0	1	0
6100_sub3	0	1	0	1	0	0	0	1
6100_sub4	0	1	1	0	0	0	1	0
6100_sub5	0	1	0	1	0	0	0	1
6103_sub0	1	6	2	4	2	4	0	0
6103_sub1	0	1	0	1	0	0	0	1
611_sub0	0	1	1	0	0	0	1	0
611_sub1	1	7	3	4	3	4	0	0
6112_sub0	0	4	3	1	0	0	3	1
6112_sub1	0	1	0	1	0	0	0	1
6112_sub2	0	1	0	1	0	0	0	1
6113_sub0	0	3	0	3	0	0	0	3
6113_sub1	0	1	0	1	0	0	0	1
6113_sub2	0	1	1	0	0	0	1	0
6113_sub3	0	1	1	0	0	0	1	0
6115_sub0	1	7	4	3	4	3	0	0
6115_sub1	0	1	0	1	0	0	0	1
6115_sub2	0	1	0	1	0	0	0	1
613_sub0	0	4	3	1	0	0	3	1
613_sub1	0	2	0	2	0	0	0	2
613_sub2	0	1	0	1	0	0	0	1
613_sub3	0	1	0	1	0	0	0	1
6139_sub0	1	10	4	6	4	6	0	0
6139_sub1	0	1	1	0	0	0	1	0
6139_sub2	0	1	0	1	0	0	0	1
6139_sub3	0	1	0	1	0	0	0	1
6139_sub4	0	1	0	1	0	0	0	1
6149_sub0	0	1	0	1	0	0	0	1
6149_sub1	0	1	1	0	0	0	1	0
6149_sub2	0	1	0	1	0	0	0	1
6149_sub3	0	1	0	1	0	0	0	1
6149_sub4	0	1	1	0	0	0	1	0
6149_sub5	0	1	0	1	0	0	0	1
6149_sub6	0	1	0	1	0	0	0	1
615_sub0	0	5	3	2	0	0	3	2
615_sub1	0	1	0	1	0	0	0	1
616_sub0	1	7	3	4	3	4	0	0
616_sub1	0	1	1	0	0	0	1	0
616_sub2	0	1	1	0	0	0	1	0
6164_sub0	1	6	4	2	4	2	0	0
6164_sub1	0	1	0	1	0	0	0	1
6164_sub2	0	1	0	1	0	0	0	1
6173_sub0	0	1	1	0	0	0	1	0
6173_sub1	0	1	0	1	0	0	0	1
6173_sub2	0	1	0	1	0	0	0	1
6173_sub3	0	1	0	1	0	0	0	1
6173_sub4	0	1	0	1	0	0	0	1
6173_sub5	0	1	1	0	0	0	1	0
6173_sub6	0	1	0	1	0	0	0	1
6176_sub0	0	1	1	0	0	0	1	0
6176_sub1	0	1	0	1	0	0	0	1
6176_sub2	0	1	1	0	0	0	1	0
6176_sub3	0	1	0	1	0	0	0	1
6176_sub4	0	1	1	0	0	0	1	0
6176_sub5	0	1	0	1	0	0	0	1
6176_sub6	0	1	0	1	0	0	0	1
6199_sub0	0	1	1	0	0	0	1	0
6199_sub1	0	1	1	0	0	0	1	0
6199_sub2	0	1	0	1	0	0	0	1
6199_sub3	0	1	1	0	0	0	1	0
6199_sub4	0	1	1	0	0	0	1	0
6199_sub5	0	1	1	0	0	0	1	0
6208_sub0	0	5	1	4	0	0	1	4
6208_sub1	0	1	0	1	0	0	0	1
621_sub0	0	1	0	1	0	0	0	1
621_sub1	1	10	4	6	4	6	0	0
6216_sub0	0	5	1	4	0	0	1	4
6216_sub1	0	1	1	0	0	0	1	0
6216_sub2	0	1	0	1	0	0	0	1
6216_sub3	0	1	0	1	0	0	0	1
6216_sub4	0	1	1	0	0	0	1	0
6216_sub5	0	1	0	1	0	0	0	1
6217_sub0	0	1	0	1	0	0	0	1
6217_sub1	1	6	3	3	3	3	0	0
6217_sub2	0	1	1	0	0	0	1	0
6217_sub3	0	1	1	0	0	0	1	0
6223_sub0	0	1	1	0	0	0	1	0
6223_sub1	0	1	0	1	0	0	0	1
6223_sub2	0	1	1	0	0	0	1	0
6223_sub3	0	1	0	1	0	0	0	1
6223_sub4	0	1	0	1	0	0	0	1
6223_sub5	0	1	0	1	0	0	0	1
6225_sub0	0	1	1	0	0	0	1	0
6225_sub1	0	1	1	0	0	0	1	0
6225_sub2	0	1	0	1	0	0	0	1
6225_sub3	0	2	2	0	0	0	2	0
6225_sub4	0	1	1	0	0	0	1	0
6225_sub5	0	1	1	0	0	0	1	0
6226_sub0	1	6	5	1	5	1	0	0
6226_sub1	0	1	0	1	0	0	0	1
6227_sub0	0	1	1	0	0	0	1	0
6227_sub1	0	1	0	1	0	0	0	1
6227_sub2	0	1	1	0	0	0	1	0
6227_sub3	0	1	1	0	0	0	1	0
6227_sub4	0	1	0	1	0	0	0	1
6227_sub5	0	1	0	1	0	0	0	1
6227_sub6	0	1	1	0	0	0	1	0
6231_sub0	1	12	5	7	5	7	0	0
6231_sub1	0	1	1	0	0	0	1	0
6231_sub2	0	1	1	0	0	0	1	0
6231_sub3	0	1	0	1	0	0	0	1
6231_sub4	0	1	0	1	0	0	0	1
624_sub0	0	1	0	1	0	0	0	1
624_sub1	0	1	0	1	0	0	0	1
624_sub2	0	1	0	1	0	0	0	1
624_sub3	1	11	3	8	3	8	0	0
624_sub4	0	1	1	0	0	0	1	0
624_sub5	0	1	0	1	0	0	0	1
6244_sub0	0	3	1	2	0	0	1	2
6244_sub1	0	1	0	1	0	0	0	1
6244_sub2	0	1	1	0	0	0	1	0
6244_sub3	0	1	0	1	0	0	0	1
6244_sub4	0	1	1	0	0	0	1	0
6258_sub0	1	7	0	7	0	7	0	0
6258_sub1	0	1	1	0	0	0	1	0
6258_sub2	0	1	0	1	0	0	0	1
6258_sub3	0	1	0	1	0	0	0	1
6259_sub0	0	1	1	0	0	0	1	0
6259_sub1	0	1	0	1	0	0	0	1
6259_sub2	0	1	1	0	0	0	1	0
6259_sub3	0	1	1	0	0	0	1	0
6259_sub4	0	1	1	0	0	0	1	0
6259_sub5	0	1	0	1	0	0	0	1
6259_sub6	0	1	0	1	0	0	0	1
626_sub0	0	1	1	0	0	0	1	0
626_sub1	1	6	1	5	1	5	0	0
6276_sub0	0	1	1	0	0	0	1	0
6276_sub1	1	8	5	3	5	3	0	0
6281_sub0	0	1	1	0	0	0	1	0
6281_sub1	1	6	2	4	2	4	0	0
6284_sub0	0	1	0	1	0	0	0	1
6284_sub1	0	5	3	2	0	0	3	2
6284_sub2	0	1	0	1	0	0	0	1
6284_sub3	0	1	1	0	0	0	1	0
6284_sub4	0	1	0	1	0	0	0	1
6294_sub0	1	6	3	3	3	3	0	0
6294_sub1	0	1	0	1	0	0	0	1
6294_sub2	0	1	1	0	0	0	1	0
6294_sub3	0	1	0	1	0	0	0	1
6294_sub4	0	1	1	0	0	0	1	0
6302_sub0	1	8	1	7	1	7	0	0
6309_sub0	0	1	0	1	0	0	0	1
6309_sub1	0	1	1	0	0	0	1	0
6309_sub2	0	1	1	0	0	0	1	0
6309_sub3	0	1	1	0	0	0	1	0
6309_sub4	0	4	2	2	0	0	2	2
6315_sub0	0	5	4	1	0	0	4	1
6315_sub1	0	1	1	0	0	0	1	0
6315_sub2	0	1	1	0	0	0	1	0
6315_sub3	0	1	1	0	0	0	1	0
6315_sub4	0	1	0	1	0	0	0	1
632_sub0	1	9	4	5	4	5	0	0
632_sub1	0	1	0	1	0	0	0	1
632_sub2	0	1	1	0	0	0	1	0
632_sub3	0	1	1	0	0	0	1	0
6333_sub0	0	1	0	1	0	0	0	1
6333_sub1	1	6	3	3	3	3	0	0
6350_sub0	1	14	7	7	7	7	0	0
6350_sub1	0	1	1	0	0	0	1	0
6350_sub2	0	1	1	0	0	0	1	0
6350_sub3	0	1	1	0	0	0	1	0
6350_sub4	0	1	1	0	0	0	1	0
6350_sub5	0	1	0	1	0	0	0	1
6390_sub0	1	7	4	3	4	3	0	0
6390_sub1	0	1	0	1	0	0	0	1
6396_sub0	0	1	0	1	0	0	0	1
6396_sub1	0	1	0	1	0	0	0	1
6396_sub2	0	1	0	1	0	0	0	1
6396_sub3	0	5	2	3	0	0	2	3
6396_sub4	0	1	1	0	0	0	1	0
6396_sub5	0	1	1	0	0	0	1	0
64_sub0	0	1	0	1	0	0	0	1
64_sub1	1	8	5	3	5	3	0	0
64_sub2	0	1	0	1	0	0	0	1
64_sub3	0	1	1	0	0	0	1	0
64_sub4	0	1	0	1	0	0	0	1
64_sub5	0	1	1	0	0	0	1	0
64_sub6	0	1	0	1	0	0	0	1
640_sub0	0	1	0	1	0	0	0	1
640_sub1	0	4	1	3	0	0	1	3
640_sub2	0	1	1	0	0	0	1	0
641_sub0	0	1	0	1	0	0	0	1
641_sub1	0	4	3	1	0	0	3	1
641_sub2	0	1	0	1	0	0	0	1
641_sub3	0	1	0	1	0	0	0	1
641_sub4	0	1	1	0	0	0	1	0
6414_sub0	0	5	3	2	0	0	3	2
6414_sub1	0	1	1	0	0	0	1	0
6415_sub0	0	1	1	0	0	0	1	0
6415_sub1	0	1	1	0	0	0	1	0
6415_sub2	0	1	0	1	0	0	0	1
6415_sub3	0	1	1	0	0	0	1	0
6415_sub4	0	1	1	0	0	0	1	0
6415_sub5	0	1	1	0	0	0	1	0
642_sub0	1	10	3	7	3	7	0	0
642_sub1	0	1	1	0	0	0	1	0
642_sub2	0	1	1	0	0	0	1	0
642_sub3	0	1	0	1	0	0	0	1
642_sub4	0	1	1	0	0	0	1	0
642_sub5	0	1	0	1	0	0	0	1
6421_sub0	0	1	1	0	0	0	1	0
6421_sub1	0	4	2	2	0	0	2	2
6421_sub2	0	1	1	0	0	0	1	0
6421_sub3	0	1	1	0	0	0	1	0
6421_sub4	0	1	0	1	0	0	0	1
6421_sub5	0	1	0	1	0	0	0	1
6452_sub0	0	5	1	4	0	0	1	4
6452_sub1	0	1	1	0	0	0	1	0
6458_sub0	1	8	5	3	5	3	0	0
6458_sub1	0	1	0	1	0	0	0	1
6463_sub0	1	6	4	2	4	2	0	0
6463_sub1	0	1	0	1	0	0	0	1
6479_sub0	0	1	0	1	0	0	0	1
6479_sub1	1	10	4	6	4	6	0	0
6479_sub2	0	1	0	1	0	0	0	1
6479_sub3	0	1	1	0	0	0	1	0
6485_sub0	0	5	1	4	0	0	1	4
6485_sub1	0	1	0	1	0	0	0	1
6492_sub0	1	6	2	4	2	4	0	0
6492_sub1	0	1	1	0	0	0	1	0
6492_sub2	0	1	1	0	0	0	1	0
6495_sub0	1	10	5	5	5	5	0	0
6495_sub1	0	1	0	1	0	0	0	1
6495_sub2	0	1	1	0	0	0	1	0
6497_sub0	0	1	1	0	0	0	1	0
6497_sub1	0	1	1	0	0	0	1	0
6497_sub2	0	1	1	0	0	0	1	0
6497_sub3	0	1	1	0	0	0	1	0
6497_sub4	0	1	0	1	0	0	0	1
6497_sub5	0	1	1	0	0	0	1	0
6504_sub0	0	5	1	4	0	0	1	4
6504_sub1	0	1	1	0	0	0	1	0
6504_sub2	0	1	0	1	0	0	0	1
6505_sub0	1	7	3	4	3	4	0	0
6505_sub1	0	1	1	0	0	0	1	0
651_sub0	1	14	3	11	3	11	0	0
651_sub1	0	1	1	0	0	0	1	0
651_sub2	0	1	0	1	0	0	0	1
6514_sub0	0	1	1	0	0	0	1	0
6514_sub1	0	1	1	0	0	0	1	0
6514_sub2	0	1	1	0	0	0	1	0
6514_sub3	0	1	1	0	0	0	1	0
6514_sub4	0	1	1	0	0	0	1	0
6514_sub5	0	1	1	0	0	0	1	0
6515_sub0	0	1	0	1	0	0	0	1
6515_sub1	0	1	0	1	0	0	0	1
6515_sub2	1	6	2	4	2	4	0	0
6515_sub3	0	1	0	1	0	0	0	1
6519_sub0	1	8	2	6	2	6	0	0
6519_sub1	0	1	1	0	0	0	1	0
6519_sub2	0	1	0	1	0	0	0	1
6519_sub3	0	1	0	1	0	0	0	1
652_sub0	0	1	0	1	0	0	0	1
652_sub1	1	6	3	3	3	3	0	0
652_sub2	0	1	1	0	0	0	1	0
652_sub3	0	1	1	0	0	0	1	0
6523_sub0	0	1	1	0	0	0	1	0
6523_sub1	1	12	6	6	6	6	0	0
6523_sub2	0	1	1	0	0	0	1	0
6523_sub3	0	1	1	0	0	0	1	0
6531_sub0	0	1	0	1	0	0	0	1
6531_sub1	0	1	1	0	0	0	1	0
6531_sub2	0	1	1	0	0	0	1	0
6531_sub3	0	1	0	1	0	0	0	1
6531_sub4	0	1	1	0	0	0	1	0
6531_sub5	0	1	0	1	0	0	0	1
655_sub0	0	1	0	1	0	0	0	1
655_sub1	1	7	0	7	0	7	0	0
655_sub2	0	1	0	1	0	0	0	1
6558_sub0	1	7	2	5	2	5	0	0
6558_sub1	0	1	0	1	0	0	0	1
6565_sub0	0	1	0	1	0	0	0	1
6565_sub1	0	1	1	0	0	0	1	0
6565_sub2	0	1	0	1	0	0	0	1
6565_sub3	0	1	0	1	0	0	0	1
6565_sub4	0	1	1	0	0	0	1	0
6565_sub5	0	1	1	0	0	0	1	0
6565_sub6	0	1	0	1	0	0	0	1
6568_sub0	0	5	5	0	0	0	5	0
6568_sub1	0	1	0	1	0	0	0	1
6568_sub2	0	1	1	0	0	0	1	0
6568_sub3	0	1	1	0	0	0	1	0
6568_sub4	0	1	0	1	0	0	0	1
6568_sub5	0	1	0	1	0	0	0	1
657_sub0	1	7	2	5	2	5	0	0
657_sub1	0	1	0	1	0	0	0	1
657_sub2	0	1	0	1	0	0	0	1
6570_sub0	1	6	3	3	3	3	0	0
6570_sub1	0	1	1	0	0	0	1	0
6570_sub2	0	1	0	1	0	0	0	1
6570_sub3	0	1	1	0	0	0	1	0
6575_sub0	1	6	4	2	4	2	0	0
6575_sub1	0	1	0	1	0	0	0	1
6576_sub0	0	1	1	0	0	0	1	0
6576_sub1	0	1	0	1	0	0	0	1
6576_sub2	0	1	1	0	0	0	1	0
6576_sub3	0	1	1	0	0	0	1	0
6576_sub4	0	1	0	1	0	0	0	1
6576_sub5	0	1	0	1	0	0	0	1
6582_sub0	0	1	0	1	0	0	0	1
6582_sub1	0	1	0	1	0	0	0	1
6582_sub2	0	2	0	2	0	0	0	2
6582_sub3	0	1	1	0	0	0	1	0
6582_sub4	0	1	0	1	0	0	0	1
6582_sub5	0	1	1	0	0	0	1	0
6620_sub0	0	1	0	1	0	0	0	1
6620_sub1	0	1	0	1	0	0	0	1
6620_sub2	0	1	0	1	0	0	0	1
6620_sub3	0	1	1	0	0	0	1	0
6620_sub4	0	1	0	1	0	0	0	1
6620_sub5	0	1	0	1	0	0	0	1
6623_sub0	1	7	5	2	5	2	0	0
6624_sub0	1	9	5	4	5	4	0	0
6624_sub1	0	1	1	0	0	0	1	0
6624_sub2	0	1	0	1	0	0	0	1
6624_sub3	0	1	0	1	0	0	0	1
6624_sub4	0	1	0	1	0	0	0	1
6647_sub0	0	1	0	1	0	0	0	1
6647_sub1	0	1	1	0	0	0	1	0
6647_sub2	1	6	3	3	3	3	0	0
6647_sub3	0	1	1	0	0	0	1	0
6647_sub4	0	1	1	0	0	0	1	0
6652_sub0	1	6	3	3	3	3	0	0
6652_sub1	0	1	1	0	0	0	1	0
6653_sub0	1	8	3	5	3	5	0	0
6653_sub1	0	1	1	0	0	0	1	0
6653_sub2	0	1	1	0	0	0	1	0
6657_sub0	0	4	3	1	0	0	3	1
6657_sub1	0	1	0	1	0	0	0	1
6657_sub2	0	1	1	0	0	0	1	0
6657_sub3	0	1	0	1	0	0	0	1
666_sub0	1	6	5	1	5	1	0	0
6667_sub0	1	11	5	6	5	6	0	0
6667_sub1	0	1	1	0	0	0	1	0
6694_sub0	0	1	1	0	0	0	1	0
6694_sub1	0	5	0	5	0	0	0	5
6694_sub2	0	1	1	0	0	0	1	0
6694_sub3	0	1	0	1	0	0	0	1
6697_sub0	0	5	1	4	0	0	1	4
6697_sub1	0	1	0	1	0	0	0	1
6697_sub2	0	1	0	1	0	0	0	1
6718_sub0	0	3	1	2	0	0	1	2
6718_sub1	0	1	0	1	0	0	0	1
6718_sub2	0	1	0	1	0	0	0	1
6718_sub3	0	1	0	1	0	0	0	1
6737_sub0	0	5	2	3	0	0	2	3
6737_sub1	0	1	0	1	0	0	0	1
6737_sub2	0	1	0	1	0	0	0	1
6742_sub0	0	1	0	1	0	0	0	1
6742_sub1	0	1	0	1	0	0	0	1
6742_sub2	0	1	1	0	0	0	1	0
6742_sub3	0	1	0	1	0	0	0	1
6742_sub4	0	1	0	1	0	0	0	1
6742_sub5	0	1	0	1	0	0	0	1
675_sub0	1	13	5	8	5	8	0	0
675_sub1	0	1	1	0	0	0	1	0
675_sub2	0	1	0	1	0	0	0	1
6752_sub0	0	1	1	0	0	0	1	0
6752_sub1	0	1	0	1	0	0	0	1
6752_sub2	0	1	1	0	0	0	1	0
6752_sub3	0	1	1	0	0	0	1	0
6752_sub4	0	1	1	0	0	0	1	0
6752_sub5	0	1	0	1	0	0	0	1
6777_sub0	0	1	1	0	0	0	1	0
6777_sub1	1	13	10	3	10	3	0	0
6779_sub0	0	5	2	3	0	0	2	3
6779_sub1	0	1	1	0	0	0	1	0
6779_sub2	0	2	1	1	0	0	1	1
6781_sub0	0	1	1	0	0	0	1	0
6781_sub1	0	1	1	0	0	0	1	0
6781_sub2	0	1	1	0	0	0	1	0
6781_sub3	0	1	1	0	0	0	1	0
6781_sub4	0	1	1	0	0	0	1	0
6781_sub5	0	1	0	1	0	0	0	1
6787_sub0	1	7	3	4	3	4	0	0
6787_sub1	0	1	0	1	0	0	0	1
6791_sub0	0	4	2	2	0	0	2	2
6791_sub1	0	1	0	1	0	0	0	1
6791_sub2	0	1	0	1	0	0	0	1
6793_sub0	0	3	1	2	0	0	1	2
6793_sub1	0	1	0	1	0	0	0	1
6793_sub2	0	1	0	1	0	0	0	1
6793_sub3	0	1	0	1	0	0	0	1
6793_sub4	0	1	0	1	0	0	0	1
6796_sub0	0	5	4	1	0	0	4	1
6796_sub1	0	1	0	1	0	0	0	1
6796_sub2	0	1	1	0	0	0	1	0
681_sub0	1	6	4	2	4	2	0	0
681_sub1	0	1	1	0	0	0	1	0
681_sub2	0	1	1	0	0	0	1	0
681_sub3	0	1	0	1	0	0	0	1
6830_sub0	0	1	1	0	0	0	1	0
6830_sub1	0	1	1	0	0	0	1	0
6830_sub2	0	1	1	0	0	0	1	0
6830_sub3	0	3	1	2	0	0	1	2
6830_sub4	0	1	1	0	0	0	1	0
6830_sub5	0	1	0	1	0	0	0	1
6830_sub6	0	1	1	0	0	0	1	0
6830_sub7	0	1	0	1	0	0	0	1
6830_sub8	0	1	1	0	0	0	1	0
6830_sub9	0	1	1	0	0	0	1	0
6850_sub0	0	1	0	1	0	0	0	1
6850_sub1	0	2	2	0	0	0	2	0
6850_sub2	0	1	0	1	0	0	0	1
6850_sub3	0	1	1	0	0	0	1	0
6850_sub4	0	1	1	0	0	0	1	0
6850_sub5	0	1	0	1	0	0	0	1
6857_sub0	0	1	0	1	0	0	0	1
6857_sub1	0	1	1	0	0	0	1	0
6857_sub2	0	3	2	1	0	0	2	1
6857_sub3	0	1	1	0	0	0	1	0
6857_sub4	0	1	1	0	0	0	1	0
6869_sub0	0	5	3	2	0	0	3	2
6869_sub1	0	1	1	0	0	0	1	0
6869_sub2	0	1	1	0	0	0	1	0
688_sub0	0	5	3	2	0	0	3	2
688_sub1	0	1	0	1	0	0	0	1
689_sub0	0	4	2	2	0	0	2	2
689_sub1	0	1	0	1	0	0	0	1
689_sub2	0	1	1	0	0	0	1	0
689_sub3	0	1	1	0	0	0	1	0
6898_sub0	0	3	3	0	0	0	3	0
6898_sub1	0	1	1	0	0	0	1	0
6898_sub2	0	1	0	1	0	0	0	1
6898_sub3	0	1	0	1	0	0	0	1
690_sub0	0	1	1	0	0	0	1	0
690_sub1	0	3	1	2	0	0	1	2
690_sub2	0	1	1	0	0	0	1	0
690_sub3	0	1	0	1	0	0	0	1
691_sub0	0	1	0	1	0	0	0	1
691_sub1	1	10	5	5	5	5	0	0
691_sub2	0	1	0	1	0	0	0	1
694_sub0	1	7	4	3	4	3	0	0
694_sub1	0	1	0	1	0	0	0	1
694_sub2	0	1	0	1	0	0	0	1
694_sub3	0	1	1	0	0	0	1	0
694_sub4	0	1	0	1	0	0	0	1
694_sub5	0	1	1	0	0	0	1	0
694_sub6	0	1	0	1	0	0	0	1
694_sub7	0	1	1	0	0	0	1	0
694_sub8	0	1	0	1	0	0	0	1
6941_sub0	0	1	0	1	0	0	0	1
6941_sub1	0	1	1	0	0	0	1	0
6941_sub2	0	1	0	1	0	0	0	1
6941_sub3	0	1	0	1	0	0	0	1
6941_sub4	0	1	1	0	0	0	1	0
6941_sub5	0	1	1	0	0	0	1	0
6956_sub0	0	5	3	2	0	0	3	2
6956_sub1	0	1	0	1	0	0	0	1
696_sub0	1	13	7	6	7	6	0	0
696_sub1	0	1	1	0	0	0	1	0
696_sub2	0	1	0	1	0	0	0	1
697_sub0	0	2	1	1	0	0	1	1
697_sub1	0	3	1	2	0	0	1	2
697_sub2	0	1	1	0	0	0	1	0
6984_sub0	1	7	4	3	4	3	0	0
6984_sub1	0	1	0	1	0	0	0	1
6984_sub2	0	1	0	1	0	0	0	1
6989_sub0	0	1	0	1	0	0	0	1
6989_sub1	0	1	1	0	0	0	1	0
6989_sub2	0	1	1	0	0	0	1	0
6989_sub3	0	1	0	1	0	0	0	1
6989_sub4	0	1	0	1	0	0	0	1
6989_sub5	0	1	1	0	0	0	1	0
6989_sub6	0	1	1	0	0	0	1	0
7031_sub0	0	1	1	0	0	0	1	0
7031_sub1	0	1	0	1	0	0	0	1
7031_sub2	0	1	0	1	0	0	0	1
7031_sub3	0	1	1	0	0	0	1	0
7031_sub4	0	1	0	1	0	0	0	1
7031_sub5	0	1	0	1	0	0	0	1
704_sub0	0	1	0	1	0	0	0	1
704_sub1	0	1	0	1	0	0	0	1
704_sub2	1	9	5	4	5	4	0	0
704_sub3	0	1	0	1	0	0	0	1
7050_sub0	0	1	1	0	0	0	1	0
7050_sub1	0	1	1	0	0	0	1	0
7050_sub2	0	1	1	0	0	0	1	0
7050_sub3	0	1	1	0	0	0	1	0
7050_sub4	0	1	1	0	0	0	1	0
7050_sub5	0	1	0	1	0	0	0	1
706_sub0	1	17	7	10	7	10	0	0
706_sub1	0	1	1	0	0	0	1	0
706_sub2	0	1	0	1	0	0	0	1
706_sub3	0	1	1	0	0	0	1	0
706_sub4	0	1	0	1	0	0	0	1
7060_sub0	0	1	0	1	0	0	0	1
7060_sub1	0	1	0	1	0	0	0	1
7060_sub2	0	1	1	0	0	0	1	0
7060_sub3	0	5	1	4	0	0	1	4
7060_sub4	0	2	1	1	0	0	1	1
7060_sub5	0	1	0	1	0	0	0	1
7061_sub0	1	6	4	2	4	2	0	0
7061_sub1	0	1	0	1	0	0	0	1
7061_sub2	0	1	1	0	0	0	1	0
7066_sub0	1	8	5	3	5	3	0	0
7069_sub0	1	9	6	3	6	3	0	0
7069_sub1	0	1	1	0	0	0	1	0
708_sub0	1	11	7	4	7	4	0	0
708_sub1	0	1	0	1	0	0	0	1
708_sub2	0	1	0	1	0	0	0	1
708_sub3	0	1	0	1	0	0	0	1
708_sub4	0	1	0	1	0	0	0	1
708_sub5	0	1	0	1	0	0	0	1
7087_sub0	1	7	3	4	3	4	0	0
7087_sub1	0	1	1	0	0	0	1	0
7087_sub2	0	1	1	0	0	0	1	0
7088_sub0	1	7	4	3	4	3	0	0
7088_sub1	0	1	0	1	0	0	0	1
7088_sub2	0	1	1	0	0	0	1	0
7088_sub3	0	1	0	1	0	0	0	1
709_sub0	0	1	0	1	0	0	0	1
709_sub1	0	1	1	0	0	0	1	0
709_sub2	0	1	0	1	0	0	0	1
709_sub3	0	1	1	0	0	0	1	0
709_sub4	0	1	0	1	0	0	0	1
709_sub5	0	1	0	1	0	0	0	1
7103_sub0	1	6	3	3	3	3	0	0
7103_sub1	0	1	0	1	0	0	0	1
7103_sub2	0	1	0	1	0	0	0	1
711_sub0	1	16	7	9	7	9	0	0
711_sub1	0	1	1	0	0	0	1	0
711_sub2	0	1	1	0	0	0	1	0
7114_sub0	0	1	1	0	0	0	1	0
7114_sub1	0	1	0	1	0	0	0	1
7114_sub2	0	2	1	1	0	0	1	1
7114_sub3	0	1	1	0	0	0	1	0
7114_sub4	0	1	0	1	0	0	0	1
712_sub0	1	9	7	2	7	2	0	0
712_sub1	0	1	1	0	0	0	1	0
712_sub2	0	1	1	0	0	0	1	0
712_sub3	0	1	0	1	0	0	0	1
7122_sub0	0	1	0	1	0	0	0	1
7122_sub1	0	1	0	1	0	0	0	1
7122_sub2	0	1	0	1	0	0	0	1
7122_sub3	0	1	0	1	0	0	0	1
7122_sub4	0	1	1	0	0	0	1	0
7122_sub5	0	1	0	1	0	0	0	1
7122_sub6	0	1	1	0	0	0	1	0
7132_sub0	0	4	1	3	0	0	1	3
7132_sub1	0	1	0	1	0	0	0	1
7132_sub2	0	1	1	0	0	0	1	0
7132_sub3	0	1	0	1	0	0	0	1
7132_sub4	0	1	1	0	0	0	1	0
714_sub0	1	11	4	7	4	7	0	0
714_sub1	0	1	1	0	0	0	1	0
714_sub2	0	1	0	1	0	0	0	1
714_sub3	0	1	1	0	0	0	1	0
7146_sub0	0	1	0	1	0	0	0	1
7146_sub1	0	4	2	2	0	0	2	2
7146_sub2	0	1	1	0	0	0	1	0
7152_sub0	0	1	1	0	0	0	1	0
7152_sub1	0	1	0	1	0	0	0	1
7152_sub2	0	1	1	0	0	0	1	0
7152_sub3	0	1	0	1	0	0	0	1
7152_sub4	0	1	1	0	0	0	1	0
7152_sub5	0	1	1	0	0	0	1	0
718_sub0	0	1	1	0	0	0	1	0
718_sub1	1	11	4	7	4	7	0	0
7181_sub0	0	4	2	2	0	0	2	2
7181_sub1	0	1	0	1	0	0	0	1
7181_sub2	0	1	0	1	0	0	0	1
7193_sub0	1	7	1	6	1	6	0	0
7193_sub1	0	1	0	1	0	0	0	1
7193_sub2	0	1	0	1	0	0	0	1
7193_sub3	0	1	1	0	0	0	1	0
7193_sub4	0	1	0	1	0	0	0	1
7206_sub0	0	1	1	0	0	0	1	0
7206_sub1	0	1	0	1	0	0	0	1
7206_sub2	0	1	0	1	0	0	0	1
7206_sub3	0	1	0	1	0	0	0	1
7206_sub4	0	1	1	0	0	0	1	0
7206_sub5	0	1	0	1	0	0	0	1
7206_sub6	0	1	0	1	0	0	0	1
7210_sub0	0	1	0	1	0	0	0	1
7210_sub1	0	1	0	1	0	0	0	1
7210_sub2	0	1	0	1	0	0	0	1
7210_sub3	0	1	1	0	0	0	1	0
7210_sub4	0	1	1	0	0	0	1	0
7210_sub5	0	1	0	1	0	0	0	1
7218_sub0	0	1	1	0	0	0	1	0
7218_sub1	1	11	8	3	8	3	0	0
7218_sub2	0	1	0	1	0	0	0	1
7218_sub3	0	1	1	0	0	0	1	0
7222_sub0	0	1	1	0	0	0	1	0
7222_sub1	0	1	1	0	0	0	1	0
7222_sub2	0	1	1	0	0	0	1	0
7222_sub3	0	1	1	0	0	0	1	0
7222_sub4	0	1	1	0	0	0	1	0
7222_sub5	0	1	0	1	0	0	0	1
723_sub0	0	1	1	0	0	0	1	0
723_sub1	0	1	1	0	0	0	1	0
723_sub2	0	1	1	0	0	0	1	0
723_sub3	0	4	1	3	0	0	1	3
724_sub0	0	1	0	1	0	0	0	1
724_sub1	0	1	0	1	0	0	0	1
724_sub2	1	6	4	2	4	2	0	0
724_sub3	0	1	1	0	0	0	1	0
724_sub4	0	1	1	0	0	0	1	0
724_sub5	0	1	1	0	0	0	1	0
7248_sub0	1	8	6	2	6	2	0	0
7248_sub1	0	1	0	1	0	0	0	1
7255_sub0	0	1	1	0	0	0	1	0
7255_sub1	1	6	3	3	3	3	0	0
7255_sub2	0	1	1	0	0	0	1	0
7269_sub0	1	7	4	3	4	3	0	0
7269_sub1	0	1	1	0	0	0	1	0
7275_sub0	0	1	0	1	0	0	0	1
7275_sub1	0	1	0	1	0	0	0	1
7275_sub2	0	4	3	1	0	0	3	1
7275_sub3	0	1	1	0	0	0	1	0
7275_sub4	0	1	1	0	0	0	1	0
7275_sub5	0	1	0	1	0	0	0	1
7275_sub6	0	1	0	1	0	0	0	1
7292_sub0	1	8	1	7	1	7	0	0
7300_sub0	1	6	1	5	1	5	0	0
7300_sub1	0	1	1	0	0	0	1	0
7300_sub2	0	1	1	0	0	0	1	0
7300_sub3	0	1	1	0	0	0	1	0
7316_sub0	1	7	6	1	6	1	0	0
733_sub0	1	6	1	5	1	5	0	0
7333_sub0	0	1	1	0	0	0	1	0
7333_sub1	0	1	1	0	0	0	1	0
7333_sub2	0	1	1	0	0	0	1	0
7333_sub3	0	1	0	1	0	0	0	1
7333_sub4	0	1	1	0	0	0	1	0
7333_sub5	0	1	1	0	0	0	1	0
7333_sub6	0	1	1	0	0	0	1	0
734_sub0	0	1	1	0	0	0	1	0
734_sub1	0	5	1	4	0	0	1	4
7342_sub0	1	10	5	5	5	5	0	0
7342_sub1	0	1	0	1	0	0	0	1
7354_sub0	0	4	0	4	0	0	0	4
7354_sub1	0	1	0	1	0	0	0	1
7354_sub2	0	1	0	1	0	0	0	1
737_sub0	0	1	0	1	0	0	0	1
737_sub1	0	1	1	0	0	0	1	0
737_sub2	0	1	1	0	0	0	1	0
737_sub3	0	1	0	1	0	0	0	1
737_sub4	0	1	1	0	0	0	1	0
737_sub5	0	1	0	1	0	0	0	1
738_sub0	0	5	2	3	0	0	2	3
738_sub1	0	1	0	1	0	0	0	1
738_sub2	0	2	0	2	0	0	0	2
738_sub3	0	1	0	1	0	0	0	1
7383_sub0	0	4	2	2	0	0	2	2
7383_sub1	0	1	0	1	0	0	0	1
7383_sub2	0	1	1	0	0	0	1	0
7383_sub3	0	1	0	1	0	0	0	1
7383_sub4	0	1	0	1	0	0	0	1
7386_sub0	0	1	0	1	0	0	0	1
7386_sub1	0	2	1	1	0	0	1	1
7386_sub2	0	1	0	1	0	0	0	1
7386_sub3	0	1	0	1	0	0	0	1
7386_sub4	0	1	0	1	0	0	0	1
7386_sub5	0	1	0	1	0	0	0	1
7416_sub0	1	7	3	4	3	4	0	0
7416_sub1	0	1	0	1	0	0	0	1
7418_sub0	0	1	0	1	0	0	0	1
7418_sub1	0	1	1	0	0	0	1	0
7418_sub2	0	1	0	1	0	0	0	1
7418_sub3	0	1	0	1	0	0	0	1
7418_sub4	0	1	0	1	0	0	0	1
7418_sub5	0	1	1	0	0	0	1	0
7435_sub0	0	1	0	1	0	0	0	1
7435_sub1	0	1	1	0	0	0	1	0
7435_sub2	0	1	1	0	0	0	1	0
7435_sub3	0	1	1	0	0	0	1	0
7435_sub4	0	1	0	1	0	0	0	1
7435_sub5	0	1	0	1	0	0	0	1
744_sub0	1	9	4	5	4	5	0	0
744_sub1	0	1	0	1	0	0	0	1
744_sub2	0	1	0	1	0	0	0	1
7454_sub0	0	1	0	1	0	0	0	1
7454_sub1	0	3	1	2	0	0	1	2
7454_sub2	0	1	1	0	0	0	1	0
7454_sub3	0	1	0	1	0	0	0	1
7456_sub0	0	4	2	2	0	0	2	2
7456_sub1	0	1	0	1	0	0	0	1
7456_sub2	0	1	0	1	0	0	0	1
7456_sub3	0	1	1	0	0	0	1	0
7472_sub0	0	1	0	1	0	0	0	1
7472_sub1	0	4	1	3	0	0	1	3
7472_sub2	0	1	0	1	0	0	0	1
7479_sub0	0	1	0	1	0	0	0	1
7479_sub1	0	1	1	0	0	0	1	0
7479_sub2	0	1	0	1	0	0	0	1
7479_sub3	0	1	1	0	0	0	1	0
7479_sub4	0	1	0	1	0	0	0	1
7479_sub5	0	1	0	1	0	0	0	1
749_sub0	1	17	8	9	8	9	0	0
749_sub1	0	1	1	0	0	0	1	0
749_sub2	0	1	0	1	0	0	0	1
749_sub3	0	1	1	0	0	0	1	0
7497_sub0	0	1	1	0	0	0	1	0
7497_sub1	0	1	0	1	0	0	0	1
7497_sub2	0	1	1	0	0	0	1	0
7497_sub3	0	1	1	0	0	0	1	0
7497_sub4	0	1	1	0	0	0	1	0
7497_sub5	0	1	1	0	0	0	1	0
75_sub0	0	1	1	0	0	0	1	0
75_sub1	1	13	4	9	4	9	0	0
75_sub2	0	1	1	0	0	0	1	0
75_sub3	0	1	1	0	0	0	1	0
751_sub0	1	9	3	6	3	6	0	0
751_sub1	0	1	0	1	0	0	0	1
751_sub2	0	1	1	0	0	0	1	0
7516_sub0	1	8	5	3	5	3	0	0
7530_sub0	1	11	7	4	7	4	0	0
7530_sub1	0	1	0	1	0	0	0	1
7533_sub0	0	5	3	2	0	0	3	2
7533_sub1	0	1	0	1	0	0	0	1
7533_sub2	0	1	1	0	0	0	1	0
754_sub0	1	10	3	7	3	7	0	0
754_sub1	0	1	1	0	0	0	1	0
754_sub2	0	1	1	0	0	0	1	0
754_sub3	0	1	0	1	0	0	0	1
754_sub4	0	1	0	1	0	0	0	1
7560_sub0	0	5	2	3	0	0	2	3
7560_sub1	0	1	1	0	0	0	1	0
7560_sub2	0	1	0	1	0	0	0	1
758_sub0	0	1	0	1	0	0	0	1
758_sub1	1	9	4	5	4	5	0	0
7580_sub0	0	5	3	2	0	0	3	2
7580_sub1	0	1	0	1	0	0	0	1
7580_sub2	0	1	0	1	0	0	0	1
7580_sub3	0	1	1	0	0	0	1	0
7580_sub4	0	1	1	0	0	0	1	0
7580_sub5	0	1	1	0	0	0	1	0
7580_sub6	0	1	0	1	0	0	0	1
7587_sub0	1	9	3	6	3	6	0	0
7587_sub1	0	1	0	1	0	0	0	1
7588_sub0	0	5	1	4	0	0	1	4
7588_sub1	0	1	0	1	0	0	0	1
7588_sub2	0	1	0	1	0	0	0	1
7593_sub0	1	6	2	4	2	4	0	0
7593_sub1	0	1	1	0	0	0	1	0
7595_sub0	0	5	3	2	0	0	3	2
7595_sub1	0	1	0	1	0	0	0	1
7595_sub2	0	1	1	0	0	0	1	0
7595_sub3	0	1	0	1	0	0	0	1
7595_sub4	0	1	0	1	0	0	0	1
76_sub0	0	1	0	1	0	0	0	1
76_sub1	0	1	0	1	0	0	0	1
76_sub2	1	7	3	4	3	4	0	0
76_sub3	0	1	0	1	0	0	0	1
7608_sub0	0	1	1	0	0	0	1	0
7608_sub1	0	1	1	0	0	0	1	0
7608_sub2	0	2	1	1	0	0	1	1
7608_sub3	0	1	1	0	0	0	1	0
7608_sub4	0	1	1	0	0	0	1	0
7652_sub0	0	1	1	0	0	0	1	0
7652_sub1	0	1	1	0	0	0	1	0
7652_sub2	0	1	0	1	0	0	0	1
7652_sub3	0	1	1	0	0	0	1	0
7652_sub4	0	1	0	1	0	0	0	1
7652_sub5	0	1	0	1	0	0	0	1
7654_sub0	0	1	0	1	0	0	0	1
7654_sub1	0	2	1	1	0	0	1	1
7654_sub2	0	1	0	1	0	0	0	1
7654_sub3	0	1	1	0	0	0	1	0
7654_sub4	0	1	1	0	0	0	1	0
7658_sub0	0	1	0	1	0	0	0	1
7658_sub1	0	1	0	1	0	0	0	1
7658_sub2	0	1	0	1	0	0	0	1
7658_sub3	0	1	1	0	0	0	1	0
7658_sub4	0	1	0	1	0	0	0	1
7658_sub5	0	1	0	1	0	0	0	1
7680_sub0	0	1	0	1	0	0	0	1
7680_sub1	0	1	0	1	0	0	0	1
7680_sub2	0	1	0	1	0	0	0	1
7680_sub3	0	1	0	1	0	0	0	1
7680_sub4	0	1	0	1	0	0	0	1
7680_sub5	0	1	1	0	0	0	1	0
7680_sub6	0	1	0	1	0	0	0	1
770_sub0	1	7	4	3	4	3	0	0
7721_sub0	1	6	3	3	3	3	0	0
7721_sub1	0	1	1	0	0	0	1	0
7721_sub2	0	1	1	0	0	0	1	0
7721_sub3	0	1	1	0	0	0	1	0
7721_sub4	0	1	1	0	0	0	1	0
7721_sub5	0	1	0	1	0	0	0	1
774_sub0	0	1	1	0	0	0	1	0
774_sub1	0	1	0	1	0	0	0	1
774_sub2	0	1	1	0	0	0	1	0
774_sub3	0	1	0	1	0	0	0	1
774_sub4	0	1	0	1	0	0	0	1
774_sub5	0	1	0	1	0	0	0	1
774_sub6	0	1	1	0	0	0	1	0
7743_sub0	1	8	4	4	4	4	0	0
7743_sub1	0	1	0	1	0	0	0	1
775_sub0	0	1	0	1	0	0	0	1
775_sub1	1	12	4	8	4	8	0	0
775_sub2	0	1	0	1	0	0	0	1
7763_sub0	0	1	0	1	0	0	0	1
7763_sub1	0	5	5	0	0	0	5	0
7763_sub2	0	1	0	1	0	0	0	1
7763_sub3	0	1	0	1	0	0	0	1
7771_sub0	0	1	0	1	0	0	0	1
7771_sub1	0	1	1	0	0	0	1	0
7771_sub2	0	1	1	0	0	0	1	0
7771_sub3	0	1	0	1	0	0	0	1
7771_sub4	0	2	0	2	0	0	0	2
7780_sub0	1	9	2	7	2	7	0	0
7780_sub1	0	1	1	0	0	0	1	0
7780_sub2	0	1	1	0	0	0	1	0
780_sub0	0	1	1	0	0	0	1	0
780_sub1	1	9	2	7	2	7	0	0
780_sub2	0	1	0	1	0	0	0	1
780_sub3	0	1	1	0	0	0	1	0
7805_sub0	0	1	0	1	0	0	0	1
7805_sub1	0	1	0	1	0	0	0	1
7805_sub2	0	1	0	1	0	0	0	1
7805_sub3	0	1	0	1	0	0	0	1
7805_sub4	0	1	0	1	0	0	0	1
7805_sub5	0	1	1	0	0	0	1	0
7813_sub0	0	1	0	1	0	0	0	1
7813_sub1	0	1	1	0	0	0	1	0
7813_sub2	0	1	1	0	0	0	1	0
7813_sub3	0	1	0	1	0	0	0	1
7813_sub4	0	1	0	1	0	0	0	1
7813_sub5	0	1	0	1	0	0	0	1
782_sub0	1	12	6	6	6	6	0	0
782_sub1	0	1	0	1	0	0	0	1
782_sub2	0	1	1	0	0	0	1	0
782_sub3	0	1	1	0	0	0	1	0
782_sub4	0	1	0	1	0	0	0	1
782_sub5	0	1	1	0	0	0	1	0
782_sub6	0	1	1	0	0	0	1	0
782_sub7	0	1	1	0	0	0	1	0
782_sub8	0	1	1	0	0	0	1	0
782_sub9	0	1	1	0	0	0	1	0
7824_sub0	0	1	0	1	0	0	0	1
7824_sub1	0	1	0	1	0	0	0	1
7824_sub2	0	1	1	0	0	0	1	0
7824_sub3	0	2	1	1	0	0	1	1
7824_sub4	0	1	1	0	0	0	1	0
783_sub0	1	6	2	4	2	4	0	0
787_sub0	1	7	4	3	4	3	0	0
7870_sub0	0	1	0	1	0	0	0	1
7870_sub1	0	1	1	0	0	0	1	0
7870_sub2	0	1	0	1	0	0	0	1
7870_sub3	0	1	0	1	0	0	0	1
7870_sub4	0	1	1	0	0	0	1	0
7870_sub5	0	1	1	0	0	0	1	0
7874_sub0	0	5	1	4	0	0	1	4
7874_sub1	0	1	0	1	0	0	0	1
7874_sub2	0	1	1	0	0	0	1	0
7877_sub0	0	4	2	2	0	0	2	2
7877_sub1	0	1	0	1	0	0	0	1
7877_sub2	0	1	1	0	0	0	1	0
79_sub0	0	1	0	1	0	0	0	1
79_sub1	0	1	0	1	0	0	0	1
79_sub2	1	7	5	2	5	2	0	0
79_sub3	0	1	0	1	0	0	0	1
79_sub4	0	1	1	0	0	0	1	0
79_sub5	0	1	0	1	0	0	0	1
79_sub6	0	1	0	1	0	0	0	1
790_sub0	1	9	3	6	3	6	0	0
790_sub1	0	1	0	1	0	0	0	1
790_sub2	0	1	0	1	0	0	0	1
7933_sub0	0	1	1	0	0	0	1	0
7933_sub1	1	7	5	2	5	2	0	0
7956_sub0	1	6	3	3	3	3	0	0
7956_sub1	0	1	0	1	0	0	0	1
7956_sub2	0	1	0	1	0	0	0	1
7978_sub0	1	13	9	4	9	4	0	0
7978_sub1	0	1	1	0	0	0	1	0
7978_sub2	0	1	1	0	0	0	1	0
7978_sub3	0	1	1	0	0	0	1	0
7978_sub4	0	1	1	0	0	0	1	0
8011_sub0	0	1	1	0	0	0	1	0
8011_sub1	0	1	1	0	0	0	1	0
8011_sub2	0	1	0	1	0	0	0	1
8011_sub3	0	1	1	0	0	0	1	0
8011_sub4	0	1	0	1	0	0	0	1
8011_sub5	0	1	0	1	0	0	0	1
806_sub0	1	13	6	7	6	7	0	0
806_sub1	0	1	0	1	0	0	0	1
806_sub2	0	1	1	0	0	0	1	0
806_sub3	0	1	0	1	0	0	0	1
806_sub4	0	1	0	1	0	0	0	1
8071_sub0	0	1	0	1	0	0	0	1
8071_sub1	0	1	0	1	0	0	0	1
8071_sub2	0	1	1	0	0	0	1	0
8071_sub3	0	1	0	1	0	0	0	1
8071_sub4	0	1	0	1	0	0	0	1
8071_sub5	0	1	1	0	0	0	1	0
8095_sub0	0	1	1	0	0	0	1	0
8095_sub1	1	6	0	6	0	6	0	0
812_sub0	1	10	5	5	5	5	0	0
812_sub1	0	1	1	0	0	0	1	0
812_sub2	0	1	0	1	0	0	0	1
812_sub3	0	1	0	1	0	0	0	1
812_sub4	0	1	0	1	0	0	0	1
812_sub5	0	1	1	0	0	0	1	0
8144_sub0	1	6	1	5	1	5	0	0
8144_sub1	0	1	1	0	0	0	1	0
8146_sub0	0	4	1	3	0	0	1	3
8146_sub1	0	1	1	0	0	0	1	0
8146_sub2	0	1	0	1	0	0	0	1
8149_sub0	1	7	4	3	4	3	0	0
8149_sub1	0	1	1	0	0	0	1	0
8149_sub2	0	1	0	1	0	0	0	1
8166_sub0	1	6	2	4	2	4	0	0
8166_sub1	0	1	0	1	0	0	0	1
8192_sub0	1	9	4	5	4	5	0	0
820_sub0	1	8	3	5	3	5	0	0
820_sub1	0	1	1	0	0	0	1	0
820_sub2	0	1	0	1	0	0	0	1
8207_sub0	0	1	0	1	0	0	0	1
8207_sub1	1	6	4	2	4	2	0	0
8213_sub0	0	1	0	1	0	0	0	1
8213_sub1	0	1	0	1	0	0	0	1
8213_sub2	0	5	1	4	0	0	1	4
8225_sub0	1	7	4	3	4	3	0	0
8225_sub1	0	1	0	1	0	0	0	1
824_sub0	0	1	0	1	0	0	0	1
824_sub1	1	13	4	9	4	9	0	0
824_sub2	0	1	0	1	0	0	0	1
824_sub3	0	1	1	0	0	0	1	0
8274_sub0	0	1	1	0	0	0	1	0
8274_sub1	0	3	1	2	0	0	1	2
8274_sub2	0	1	0	1	0	0	0	1
8274_sub3	0	1	0	1	0	0	0	1
8274_sub4	0	1	0	1	0	0	0	1
8274_sub5	0	1	0	1	0	0	0	1
8305_sub0	1	7	4	3	4	3	0	0
8305_sub1	0	1	1	0	0	0	1	0
8305_sub2	0	1	0	1	0	0	0	1
8330_sub0	1	7	2	5	2	5	0	0
8352_sub0	0	2	0	2	0	0	0	2
8352_sub1	0	1	1	0	0	0	1	0
8352_sub2	0	1	1	0	0	0	1	0
8352_sub3	0	1	0	1	0	0	0	1
8352_sub4	0	1	1	0	0	0	1	0
84_sub0	0	1	0	1	0	0	0	1
84_sub1	1	12	7	5	7	5	0	0
84_sub2	0	1	0	1	0	0	0	1
8418_sub0	0	1	1	0	0	0	1	0
8418_sub1	1	6	2	4	2	4	0	0
8426_sub0	0	1	1	0	0	0	1	0
8426_sub1	1	6	4	2	4	2	0	0
8426_sub2	0	1	0	1	0	0	0	1
8426_sub3	0	1	1	0	0	0	1	0
8426_sub4	0	1	0	1	0	0	0	1
8439_sub0	0	1	1	0	0	0	1	0
8439_sub1	0	1	1	0	0	0	1	0
8439_sub2	0	1	1	0	0	0	1	0
8439_sub3	0	1	1	0	0	0	1	0
8439_sub4	0	1	1	0	0	0	1	0
8439_sub5	0	1	1	0	0	0	1	0
8441_sub0	0	1	0	1	0	0	0	1
8441_sub1	0	1	1	0	0	0	1	0
8441_sub2	0	3	2	1	0	0	2	1
8441_sub3	0	1	1	0	0	0	1	0
85_sub0	0	1	1	0	0	0	1	0
85_sub1	1	8	1	7	1	7	0	0
85_sub2	0	1	0	1	0	0	0	1
85_sub3	0	1	1	0	0	0	1	0
8525_sub0	0	5	1	4	0	0	1	4
8525_sub1	0	1	0	1	0	0	0	1
8525_sub2	0	1	1	0	0	0	1	0
854_sub0	0	1	0	1	0	0	0	1
854_sub1	1	14	5	9	5	9	0	0
854_sub2	0	1	1	0	0	0	1	0
854_sub3	0	1	1	0	0	0	1	0
858_sub0	0	3	1	2	0	0	1	2
858_sub1	0	1	0	1	0	0	0	1
858_sub2	0	1	1	0	0	0	1	0
858_sub3	0	1	1	0	0	0	1	0
858_sub4	0	1	1	0	0	0	1	0
86_sub0	0	1	0	1	0	0	0	1
86_sub1	0	1	1	0	0	0	1	0
86_sub2	1	10	6	4	6	4	0	0
86_sub3	0	1	0	1	0	0	0	1
860_sub0	1	8	2	6	2	6	0	0
860_sub1	0	1	1	0	0	0	1	0
860_sub2	0	1	1	0	0	0	1	0
8633_sub0	0	5	2	3	0	0	2	3
8633_sub1	0	1	1	0	0	0	1	0
867_sub0	1	6	2	4	2	4	0	0
867_sub1	0	1	0	1	0	0	0	1
867_sub2	0	1	1	0	0	0	1	0
867_sub3	0	1	0	1	0	0	0	1
868_sub0	0	1	1	0	0	0	1	0
868_sub1	1	8	2	6	2	6	0	0
868_sub2	0	1	1	0	0	0	1	0
868_sub3	0	1	1	0	0	0	1	0
8701_sub0	1	7	5	2	5	2	0	0
8701_sub1	0	1	0	1	0	0	0	1
8701_sub2	0	1	1	0	0	0	1	0
8754_sub0	0	3	2	1	0	0	2	1
8754_sub1	0	1	1	0	0	0	1	0
8754_sub2	0	1	0	1	0	0	0	1
8754_sub3	0	1	1	0	0	0	1	0
8754_sub4	0	1	1	0	0	0	1	0
8762_sub0	1	8	4	4	4	4	0	0
8762_sub1	0	1	0	1	0	0	0	1
8762_sub2	0	1	0	1	0	0	0	1
8775_sub0	1	8	4	4	4	4	0	0
8775_sub1	0	1	1	0	0	0	1	0
8775_sub2	0	1	1	0	0	0	1	0
879_sub0	1	8	6	2	6	2	0	0
879_sub1	0	1	0	1	0	0	0	1
8813_sub0	0	5	1	4	0	0	1	4
8813_sub1	0	1	1	0	0	0	1	0
8813_sub2	0	1	1	0	0	0	1	0
8813_sub3	0	1	1	0	0	0	1	0
89_sub0	0	1	0	1	0	0	0	1
89_sub1	0	1	1	0	0	0	1	0
89_sub2	0	1	1	0	0	0	1	0
89_sub3	1	6	3	3	3	3	0	0
891_sub0	1	10	7	3	7	3	0	0
891_sub1	0	1	1	0	0	0	1	0
898_sub0	1	9	3	6	3	6	0	0
898_sub1	0	1	0	1	0	0	0	1
8984_sub0	0	1	0	1	0	0	0	1
8984_sub1	0	4	3	1	0	0	3	1
8984_sub2	0	1	1	0	0	0	1	0
8990_sub0	1	14	3	11	3	11	0	0
8990_sub1	0	1	0	1	0	0	0	1
8990_sub2	0	1	1	0	0	0	1	0
8990_sub3	0	1	0	1	0	0	0	1
8990_sub4	0	1	0	1	0	0	0	1
8998_sub0	0	1	0	1	0	0	0	1
8998_sub1	0	1	1	0	0	0	1	0
8998_sub2	0	1	0	1	0	0	0	1
8998_sub3	0	1	0	1	0	0	0	1
8998_sub4	0	1	0	1	0	0	0	1
8998_sub5	0	1	1	0	0	0	1	0
8998_sub6	0	1	0	1	0	0	0	1
9027_sub0	0	1	0	1	0	0	0	1
9027_sub1	0	1	1	0	0	0	1	0
9027_sub2	0	1	1	0	0	0	1	0
9027_sub3	0	1	1	0	0	0	1	0
9027_sub4	0	1	0	1	0	0	0	1
9027_sub5	0	1	1	0	0	0	1	0
9032_sub0	0	1	1	0	0	0	1	0
9032_sub1	0	1	0	1	0	0	0	1
9032_sub2	0	1	1	0	0	0	1	0
9032_sub3	0	1	1	0	0	0	1	0
9032_sub4	0	1	0	1	0	0	0	1
9032_sub5	0	1	0	1	0	0	0	1
9032_sub6	0	1	1	0	0	0	1	0
9042_sub0	0	1	0	1	0	0	0	1
9042_sub1	1	7	4	3	4	3	0	0
9042_sub2	0	1	1	0	0	0	1	0
9042_sub3	0	1	1	0	0	0	1	0
9042_sub4	0	1	0	1	0	0	0	1
9089_sub0	0	4	4	0	0	0	4	0
9089_sub1	0	1	0	1	0	0	0	1
9089_sub2	0	1	0	1	0	0	0	1
909_sub0	0	5	1	4	0	0	1	4
909_sub1	0	1	0	1	0	0	0	1
909_sub2	0	1	0	1	0	0	0	1
909_sub3	0	1	1	0	0	0	1	0
9110_sub0	0	5	2	3	0	0	2	3
9110_sub1	0	1	1	0	0	0	1	0
9131_sub0	0	1	0	1	0	0	0	1
9131_sub1	0	5	3	2	0	0	3	2
9134_sub0	0	1	1	0	0	0	1	0
9134_sub1	0	5	2	3	0	0	2	3
9134_sub2	0	1	1	0	0	0	1	0
917_sub0	1	9	3	6	3	6	0	0
917_sub1	0	1	1	0	0	0	1	0
917_sub2	0	1	0	1	0	0	0	1
917_sub3	0	1	1	0	0	0	1	0
917_sub4	0	1	0	1	0	0	0	1
917_sub5	0	1	0	1	0	0	0	1
917_sub6	0	1	1	0	0	0	1	0
9171_sub0	1	7	3	4	3	4	0	0
9171_sub1	0	1	1	0	0	0	1	0
9171_sub2	0	1	1	0	0	0	1	0
918_sub0	1	7	4	3	4	3	0	0
918_sub1	0	1	1	0	0	0	1	0
918_sub2	0	1	1	0	0	0	1	0
9189_sub0	0	5	3	2	0	0	3	2
9189_sub1	0	1	1	0	0	0	1	0
9189_sub2	0	1	0	1	0	0	0	1
9189_sub3	0	1	1	0	0	0	1	0
922_sub0	0	4	1	3	0	0	1	3
922_sub1	0	1	1	0	0	0	1	0
922_sub2	0	1	1	0	0	0	1	0
922_sub3	0	1	1	0	0	0	1	0
9239_sub0	1	6	2	4	2	4	0	0
9239_sub1	0	1	0	1	0	0	0	1
929_sub0	1	9	4	5	4	5	0	0
929_sub1	0	1	0	1	0	0	0	1
929_sub2	0	1	0	1	0	0	0	1
9291_sub0	0	4	2	2	0	0	2	2
9291_sub1	0	1	1	0	0	0	1	0
9291_sub2	0	1	0	1	0	0	0	1
9295_sub0	0	1	0	1	0	0	0	1
9295_sub1	0	1	1	0	0	0	1	0
9295_sub2	0	1	0	1	0	0	0	1
9295_sub3	0	1	1	0	0	0	1	0
9295_sub4	0	1	1	0	0	0	1	0
9295_sub5	0	1	0	1	0	0	0	1
93_sub0	0	1	1	0	0	0	1	0
93_sub1	0	4	2	2	0	0	2	2
93_sub2	0	1	1	0	0	0	1	0
934_sub0	0	1	0	1	0	0	0	1
934_sub1	0	1	1	0	0	0	1	0
934_sub2	1	15	6	9	6	9	0	0
934_sub3	0	1	0	1	0	0	0	1
934_sub4	0	1	0	1	0	0	0	1
934_sub5	0	1	1	0	0	0	1	0
934_sub6	0	1	1	0	0	0	1	0
936_sub0	1	10	8	2	8	2	0	0
936_sub1	0	1	0	1	0	0	0	1
936_sub2	0	1	0	1	0	0	0	1
9375_sub0	0	1	0	1	0	0	0	1
9375_sub1	0	5	0	5	0	0	0	5
9417_sub0	0	4	2	2	0	0	2	2
9417_sub1	0	1	0	1	0	0	0	1
9417_sub2	0	1	0	1	0	0	0	1
9433_sub0	0	1	1	0	0	0	1	0
9433_sub1	1	7	2	5	2	5	0	0
9433_sub2	0	1	1	0	0	0	1	0
9433_sub3	0	1	1	0	0	0	1	0
9433_sub4	0	1	0	1	0	0	0	1
9433_sub5	0	1	0	1	0	0	0	1
9433_sub6	0	1	0	1	0	0	0	1
9440_sub0	0	1	0	1	0	0	0	1
9440_sub1	0	1	1	0	0	0	1	0
9440_sub2	0	4	2	2	0	0	2	2
945_sub0	1	6	3	3	3	3	0	0
945_sub1	0	1	1	0	0	0	1	0
945_sub2	0	1	0	1	0	0	0	1
945_sub3	0	1	1	0	0	0	1	0
945_sub4	0	1	1	0	0	0	1	0
9461_sub0	0	1	1	0	0	0	1	0
9461_sub1	0	1	0	1	0	0	0	1
9461_sub2	0	1	1	0	0	0	1	0
9461_sub3	0	1	0	1	0	0	0	1
9461_sub4	0	1	0	1	0	0	0	1
9461_sub5	0	1	0	1	0	0	0	1
9471_sub0	0	1	1	0	0	0	1	0
9471_sub1	1	6	2	4	2	4	0	0
9471_sub2	0	1	0	1	0	0	0	1
948_sub0	0	2	0	2	0	0	0	2
948_sub1	0	1	0	1	0	0	0	1
948_sub2	1	17	6	11	6	11	0	0
948_sub3	0	1	1	0	0	0	1	0
949_sub0	0	1	0	1	0	0	0	1
949_sub1	0	1	0	1	0	0	0	1
949_sub2	0	1	0	1	0	0	0	1
949_sub3	0	1	0	1	0	0	0	1
949_sub4	0	1	0	1	0	0	0	1
949_sub5	0	1	1	0	0	0	1	0
949_sub6	0	1	0	1	0	0	0	1
9527_sub0	0	5	3	2	0	0	3	2
9527_sub1	0	1	0	1	0	0	0	1
9527_sub2	0	1	0	1	0	0	0	1
953_sub0	0	1	0	1	0	0	0	1
953_sub1	1	7	4	3	4	3	0	0
953_sub2	0	1	1	0	0	0	1	0
953_sub3	0	1	0	1	0	0	0	1
9536_sub0	0	1	0	1	0	0	0	1
9536_sub1	0	5	4	1	0	0	4	1
9567_sub0	0	1	1	0	0	0	1	0
9567_sub1	0	5	4	1	0	0	4	1
9567_sub2	0	1	1	0	0	0	1	0
9567_sub3	0	1	0	1	0	0	0	1
960_sub0	1	7	2	5	2	5	0	0
960_sub1	0	1	1	0	0	0	1	0
964_sub0	0	1	0	1	0	0	0	1
964_sub1	0	2	1	1	0	0	1	1
964_sub2	1	9	5	4	5	4	0	0
964_sub3	0	1	1	0	0	0	1	0
9670_sub0	1	6	3	3	3	3	0	0
971_sub0	1	6	2	4	2	4	0	0
971_sub1	0	1	1	0	0	0	1	0
971_sub2	0	1	1	0	0	0	1	0
9712_sub0	1	6	3	3	3	3	0	0
9712_sub1	0	1	1	0	0	0	1	0
9712_sub2	0	1	0	1	0	0	0	1
979_sub0	0	1	0	1	0	0	0	1
979_sub1	0	5	2	3	0	0	2	3
979_sub2	0	1	1	0	0	0	1	0
979_sub3	0	1	1	0	0	0	1	0
979_sub4	0	1	1	0	0	0	1	0
98_sub0	1	13	6	7	6	7	0	0
98_sub1	0	1	1	0	0	0	1	0
98_sub2	0	1	1	0	0	0	1	0
980_sub0	0	1	0	1	0	0	0	1
980_sub1	1	10	2	8	2	8	0	0
982_sub0	0	1	1	0	0	0	1	0
982_sub1	0	1	1	0	0	0	1	0
982_sub2	0	3	3	0	0	0	3	0
982_sub3	0	1	0	1	0	0	0	1
982_sub4	0	1	0	1	0	0	0	1
9904_sub0	1	7	5	2	5	2	0	0
9910_sub0	0	5	4	1	0	0	4	1
9910_sub1	0	1	1	0	0	0	1	0
9910_sub2	0	1	0	1	0	0	0	1
993_sub0	1	12	6	6	6	6	0	0
993_sub1	0	1	1	0	0	0	1	0
994_sub0	1	11	5	6	5	6	0	0
994_sub1	0	1	1	0	0	0	1	0
994_sub2	0	1	1	0	0	0	1	0
994_sub3	0	1	0	1	0	0	0	1
994_sub4	0	1	1	0	0	0	1	0
995_sub0	0	1	0	1	0	0	0	1
995_sub1	1	9	4	5	4	5	0	0
995_sub2	0	1	0	1	0	0	0	1
995_sub3	0	1	0	1	0	0	0	1
996_sub0	0	1	0	1	0	0	0	1
996_sub1	0	1	0	1	0	0	0	1
996_sub2	1	9	3	6	3	6	0	0
996_sub3	0	1	1	0	0	0	1	0
996_sub4	0	2	1	1	0	0	1	1
996_sub5	0	1	0	1	0	0	0	1
9970_sub0	0	1	1	0	0	0	1	0
9970_sub1	0	1	1	0	0	0	1	0
9970_sub2	0	1	0	1	0	0	0	1
9970_sub3	0	1	0	1	0	0	0	1
9970_sub4	0	1	1	0	0	0	1	0
9970_sub5	0	1	1	0	0	0	1	0
999_sub0	1	6	2	4	2	4	0	0
999_sub1	0	1	0	1	0	0	0	1
