cluster_id	cluster_written	reads_found	reads_found_fwd	reads_found_rev	reads_written_fwd	reads_written_rev	reads_skipped_fwd	reads_skipped_rev
10_sub0	0	1	0	1	0	0	0	1
10_sub1	0	5	4	1	0	0	4	1
1001_sub0	0	1	1	0	0	0	1	0
1001_sub1	0	1	0	1	0	0	0	1
1001_sub2	0	1	0	1	0	0	0	1
1001_sub3	0	4	2	2	0	0	2	2
10020_sub0	0	1	1	0	0	0	1	0
10020_sub1	0	4	1	3	0	0	1	3
10020_sub2	0	1	1	0	0	0	1	0
10020_sub3	0	1	0	1	0	0	0	1
1005_sub0	1	6	2	4	2	4	0	0
1005_sub1	0	1	0	1	0	0	0	1
1005_sub2	0	1	1	0	0	0	1	0
10067_sub0	1	8	2	6	2	6	0	0
10067_sub1	0	1	1	0	0	0	1	0
10069_sub0	1	11	5	6	5	6	0	0
10069_sub1	0	1	1	0	0	0	1	0
10069_sub2	0	1	1	0	0	0	1	0
10069_sub3	0	1	1	0	0	0	1	0
10069_sub4	0	1	1	0	0	0	1	0
10074_sub0	0	3	1	2	0	0	1	2
10074_sub1	0	1	0	1	0	0	0	1
10074_sub2	0	1	0	1	0	0	0	1
10074_sub3	0	1	0	1	0	0	0	1
10076_sub0	1	11	8	3	8	3	0	0
10076_sub1	0	1	0	1	0	0	0	1
10076_sub2	0	1	1	0	0	0	1	0
1008_sub0	1	12	6	6	6	6	0	0
1008_sub1	0	1	1	0	0	0	1	0
1008_sub2	0	1	0	1	0	0	0	1
1008_sub3	0	1	0	1	0	0	0	1
10135_sub0	0	1	0	1	0	0	0	1
10135_sub1	0	5	1	4	0	0	1	4
10155_sub0	0	1	1	0	0	0	1	0
10155_sub1	1	7	4	3	4	3	0	0
10155_sub2	0	1	1	0	0	0	1	0
102_sub0	0	1	1	0	0	0	1	0
102_sub1	0	1	0	1	0	0	0	1
102_sub2	0	1	0	1	0	0	0	1
102_sub3	1	6	2	4	2	4	0	0
10218_sub0	1	6	4	2	4	2	0	0
10218_sub1	0	1	0	1	0	0	0	1
10218_sub2	0	1	1	0	0	0	1	0
10222_sub0	1	6	3	3	3	3	0	0
10222_sub1	0	1	1	0	0	0	1	0
10222_sub2	0	1	1	0	0	0	1	0
10226_sub0	0	4	4	0	0	0	4	0
10226_sub1	0	1	1	0	0	0	1	0
10226_sub2	0	1	1	0	0	0	1	0
1024_sub0	0	5	2	3	0	0	2	3
1024_sub1	0	1	1	0	0	0	1	0
1024_sub2	0	1	1	0	0	0	1	0
1025_sub0	0	5	3	2	0	0	3	2
1025_sub1	0	1	0	1	0	0	0	1
1033_sub0	0	1	0	1	0	0	0	1
1033_sub1	1	7	5	2	5	2	0	0
1033_sub2	0	1	0	1	0	0	0	1
10400_sub0	0	1	0	1	0	0	0	1
10400_sub1	0	1	1	0	0	0	1	0
10400_sub2	0	1	1	0	0	0	1	0
10400_sub3	1	7	2	5	2	5	0	0
10400_sub4	0	1	1	0	0	0	1	0
10474_sub0	0	1	0	1	0	0	0	1
10474_sub1	1	6	4	2	4	2	0	0
10474_sub2	0	1	1	0	0	0	1	0
1049_sub0	0	4	2	2	0	0	2	2
1049_sub1	0	1	0	1	0	0	0	1
1049_sub2	0	1	0	1	0	0	0	1
105_sub0	0	1	0	1	0	0	0	1
105_sub1	0	5	3	2	0	0	3	2
105_sub2	0	1	0	1	0	0	0	1
10503_sub0	1	6	2	4	2	4	0	0
10510_sub0	0	1	0	1	0	0	0	1
10510_sub1	0	1	0	1	0	0	0	1
10510_sub2	0	1	0	1	0	0	0	1
10510_sub3	0	2	0	2	0	0	0	2
10510_sub4	0	1	1	0	0	0	1	0
1052_sub0	1	6	1	5	1	5	0	0
1052_sub1	0	1	0	1	0	0	0	1
1053_sub0	0	5	3	2	0	0	3	2
1053_sub1	0	1	0	1	0	0	0	1
1053_sub2	0	1	1	0	0	0	1	0
10554_sub0	0	3	1	2	0	0	1	2
10554_sub1	0	1	0	1	0	0	0	1
10554_sub2	0	1	1	0	0	0	1	0
10554_sub3	0	1	1	0	0	0	1	0
1056_sub0	0	5	2	3	0	0	2	3
1056_sub1	0	1	0	1	0	0	0	1
1056_sub2	0	1	0	1	0	0	0	1
106_sub0	0	1	0	1	0	0	0	1
106_sub1	1	6	2	4	2	4	0	0
10608_sub0	0	1	1	0	0	0	1	0
10608_sub1	1	6	4	2	4	2	0	0
1062_sub0	1	8	3	5	3	5	0	0
1062_sub1	0	1	1	0	0	0	1	0
1062_sub2	0	1	1	0	0	0	1	0
1062_sub3	0	1	0	1	0	0	0	1
1062_sub4	0	1	0	1	0	0	0	1
10629_sub0	0	1	1	0	0	0	1	0
10629_sub1	1	7	4	3	4	3	0	0
10629_sub2	0	1	0	1	0	0	0	1
10717_sub0	0	4	1	3	0	0	1	3
10717_sub1	0	1	0	1	0	0	0	1
10717_sub2	0	1	0	1	0	0	0	1
10717_sub3	0	1	0	1	0	0	0	1
1073_sub0	0	1	0	1	0	0	0	1
1073_sub1	0	1	0	1	0	0	0	1
1073_sub2	0	1	1	0	0	0	1	0
1073_sub3	0	1	0	1	0	0	0	1
1073_sub4	0	1	1	0	0	0	1	0
1073_sub5	0	1	1	0	0	0	1	0
1073_sub6	0	1	0	1	0	0	0	1
10741_sub0	1	6	5	1	5	1	0	0
10741_sub1	0	1	0	1	0	0	0	1
10741_sub2	0	1	0	1	0	0	0	1
10741_sub3	0	1	0	1	0	0	0	1
1075_sub0	0	1	1	0	0	0	1	0
1075_sub1	1	7	4	3	4	3	0	0
1075_sub2	0	1	0	1	0	0	0	1
1075_sub3	0	1	1	0	0	0	1	0
1075_sub4	0	1	0	1	0	0	0	1
1078_sub0	0	3	3	0	0	0	3	0
1078_sub1	0	1	0	1	0	0	0	1
1078_sub2	0	1	1	0	0	0	1	0
1078_sub3	0	1	1	0	0	0	1	0
1078_sub4	0	1	1	0	0	0	1	0
10781_sub0	0	1	1	0	0	0	1	0
10781_sub1	0	1	0	1	0	0	0	1
10781_sub2	0	3	1	2	0	0	1	2
10781_sub3	0	1	1	0	0	0	1	0
10781_sub4	0	1	1	0	0	0	1	0
1079_sub0	0	5	3	2	0	0	3	2
1079_sub1	0	1	1	0	0	0	1	0
1079_sub2	0	1	0	1	0	0	0	1
1079_sub3	0	1	1	0	0	0	1	0
10805_sub0	1	6	4	2	4	2	0	0
10805_sub1	0	1	0	1	0	0	0	1
10805_sub2	0	1	1	0	0	0	1	0
10831_sub0	0	4	2	2	0	0	2	2
10831_sub1	0	1	1	0	0	0	1	0
10831_sub2	0	1	0	1	0	0	0	1
10902_sub0	0	1	0	1	0	0	0	1
10902_sub1	0	1	1	0	0	0	1	0
10902_sub2	0	1	0	1	0	0	0	1
10902_sub3	0	1	1	0	0	0	1	0
10902_sub4	0	1	0	1	0	0	0	1
10902_sub5	0	1	0	1	0	0	0	1
1093_sub0	1	7	3	4	3	4	0	0
1093_sub1	0	1	1	0	0	0	1	0
1093_sub2	0	1	1	0	0	0	1	0
1093_sub3	0	1	0	1	0	0	0	1
10934_sub0	1	8	7	1	7	1	0	0
10934_sub1	0	1	1	0	0	0	1	0
10940_sub0	0	1	1	0	0	0	1	0
10940_sub1	0	1	0	1	0	0	0	1
10940_sub2	0	1	1	0	0	0	1	0
10940_sub3	0	1	1	0	0	0	1	0
10940_sub4	0	2	2	0	0	0	2	0
10940_sub5	0	1	1	0	0	0	1	0
1096_sub0	0	1	0	1	0	0	0	1
1096_sub1	1	8	3	5	3	5	0	0
1096_sub2	0	1	0	1	0	0	0	1
1096_sub3	0	1	0	1	0	0	0	1
1098_sub0	0	1	0	1	0	0	0	1
1098_sub1	1	7	5	2	5	2	0	0
10980_sub0	0	1	1	0	0	0	1	0
10980_sub1	0	1	0	1	0	0	0	1
10980_sub2	0	4	2	2	0	0	2	2
10980_sub3	0	1	0	1	0	0	0	1
1100_sub0	0	4	0	4	0	0	0	4
1100_sub1	0	1	0	1	0	0	0	1
1100_sub2	0	1	0	1	0	0	0	1
1100_sub3	0	1	0	1	0	0	0	1
11006_sub0	0	5	3	2	0	0	3	2
11006_sub1	0	1	0	1	0	0	0	1
1108_sub0	0	5	3	2	0	0	3	2
1108_sub1	0	1	0	1	0	0	0	1
11098_sub0	0	1	0	1	0	0	0	1
11098_sub1	0	4	2	2	0	0	2	2
11098_sub2	0	1	1	0	0	0	1	0
11129_sub0	0	5	4	1	0	0	4	1
11129_sub1	0	1	1	0	0	0	1	0
11129_sub2	0	1	1	0	0	0	1	0
11129_sub3	0	1	1	0	0	0	1	0
11129_sub4	0	1	0	1	0	0	0	1
11153_sub0	0	1	0	1	0	0	0	1
11153_sub1	0	1	0	1	0	0	0	1
11153_sub2	1	6	6	0	6	0	0	0
11178_sub0	1	6	5	1	5	1	0	0
11178_sub1	0	1	0	1	0	0	0	1
11201_sub0	0	1	1	0	0	0	1	0
11201_sub1	0	1	1	0	0	0	1	0
11201_sub2	0	1	1	0	0	0	1	0
11201_sub3	0	1	1	0	0	0	1	0
11201_sub4	0	1	0	1	0	0	0	1
11201_sub5	0	1	0	1	0	0	0	1
11212_sub0	1	6	2	4	2	4	0	0
1122_sub0	0	5	2	3	0	0	2	3
1122_sub1	0	1	1	0	0	0	1	0
1122_sub2	0	1	0	1	0	0	0	1
11232_sub0	0	5	3	2	0	0	3	2
11232_sub1	0	1	1	0	0	0	1	0
11264_sub0	0	2	0	2	0	0	0	2
11264_sub1	0	1	1	0	0	0	1	0
11264_sub2	0	1	1	0	0	0	1	0
11264_sub3	0	1	0	1	0	0	0	1
11264_sub4	0	1	0	1	0	0	0	1
11273_sub0	0	4	3	1	0	0	3	1
11273_sub1	0	1	1	0	0	0	1	0
11273_sub2	0	1	1	0	0	0	1	0
11288_sub0	1	10	3	7	3	7	0	0
11288_sub1	0	1	1	0	0	0	1	0
11290_sub0	0	1	0	1	0	0	0	1
11290_sub1	0	1	0	1	0	0	0	1
11290_sub2	0	1	1	0	0	0	1	0
11290_sub3	0	1	0	1	0	0	0	1
11290_sub4	0	1	0	1	0	0	0	1
11290_sub5	0	1	0	1	0	0	0	1
1130_sub0	1	6	2	4	2	4	0	0
1130_sub1	0	1	0	1	0	0	0	1
1130_sub2	0	1	1	0	0	0	1	0
1130_sub3	0	1	0	1	0	0	0	1
1130_sub4	0	1	1	0	0	0	1	0
1130_sub5	0	1	1	0	0	0	1	0
1131_sub0	0	3	2	1	0	0	2	1
1131_sub1	0	1	1	0	0	0	1	0
1131_sub2	0	1	0	1	0	0	0	1
1131_sub3	0	1	0	1	0	0	0	1
11316_sub0	0	1	1	0	0	0	1	0
11316_sub1	0	5	3	2	0	0	3	2
1138_sub0	1	6	1	5	1	5	0	0
1138_sub1	0	1	0	1	0	0	0	1
1138_sub2	0	1	0	1	0	0	0	1
1138_sub3	0	1	1	0	0	0	1	0
11459_sub0	0	1	0	1	0	0	0	1
11459_sub1	0	1	1	0	0	0	1	0
11459_sub2	0	1	0	1	0	0	0	1
11459_sub3	0	4	1	3	0	0	1	3
11471_sub0	0	5	2	3	0	0	2	3
11471_sub1	0	1	0	1	0	0	0	1
1154_sub0	0	1	0	1	0	0	0	1
1154_sub1	0	1	0	1	0	0	0	1
1154_sub2	1	9	4	5	4	5	0	0
1154_sub3	0	1	0	1	0	0	0	1
1155_sub0	0	5	2	3	0	0	2	3
1155_sub1	0	1	0	1	0	0	0	1
1155_sub2	0	1	0	1	0	0	0	1
1155_sub3	0	1	0	1	0	0	0	1
1155_sub4	0	1	1	0	0	0	1	0
1155_sub5	0	1	1	0	0	0	1	0
1155_sub6	0	1	0	1	0	0	0	1
116_sub0	0	1	1	0	0	0	1	0
116_sub1	0	3	3	0	0	0	3	0
116_sub2	0	1	0	1	0	0	0	1
116_sub3	0	1	1	0	0	0	1	0
116_sub4	0	1	0	1	0	0	0	1
1163_sub0	1	6	2	4	2	4	0	0
11630_sub0	1	7	5	2	5	2	0	0
11630_sub1	0	1	1	0	0	0	1	0
11648_sub0	0	1	0	1	0	0	0	1
11648_sub1	0	5	2	3	0	0	2	3
1167_sub0	1	16	8	8	8	8	0	0
1167_sub1	0	1	0	1	0	0	0	1
1167_sub2	0	1	1	0	0	0	1	0
11714_sub0	1	6	2	4	2	4	0	0
11722_sub0	1	6	4	2	4	2	0	0
11722_sub1	0	1	0	1	0	0	0	1
11722_sub2	0	1	0	1	0	0	0	1
11731_sub0	0	4	1	3	0	0	1	3
11731_sub1	0	1	0	1	0	0	0	1
11731_sub2	0	1	0	1	0	0	0	1
1174_sub0	0	1	1	0	0	0	1	0
1174_sub1	0	3	1	2	0	0	1	2
1174_sub2	0	1	0	1	0	0	0	1
1174_sub3	0	2	1	1	0	0	1	1
11768_sub0	0	5	3	2	0	0	3	2
11768_sub1	0	1	1	0	0	0	1	0
11768_sub2	0	1	0	1	0	0	0	1
1178_sub0	1	10	5	5	5	5	0	0
1178_sub1	0	1	0	1	0	0	0	1
1178_sub2	0	1	0	1	0	0	0	1
1178_sub3	0	1	0	1	0	0	0	1
11825_sub0	1	6	5	1	5	1	0	0
1188_sub0	0	1	0	1	0	0	0	1
1188_sub1	1	6	5	1	5	1	0	0
1188_sub2	0	1	0	1	0	0	0	1
119_sub0	1	7	4	3	4	3	0	0
119_sub1	0	1	1	0	0	0	1	0
119_sub2	0	1	0	1	0	0	0	1
1190_sub0	0	1	0	1	0	0	0	1
1190_sub1	0	1	0	1	0	0	0	1
1190_sub2	0	4	2	2	0	0	2	2
1190_sub3	0	1	0	1	0	0	0	1
12129_sub0	0	4	1	3	0	0	1	3
12129_sub1	0	1	1	0	0	0	1	0
12129_sub2	0	1	1	0	0	0	1	0
1215_sub0	0	1	0	1	0	0	0	1
1215_sub1	0	3	2	1	0	0	2	1
1215_sub2	0	1	1	0	0	0	1	0
1215_sub3	0	1	1	0	0	0	1	0
1215_sub4	0	1	0	1	0	0	0	1
12178_sub0	0	5	2	3	0	0	2	3
12178_sub1	0	1	1	0	0	0	1	0
1218_sub0	0	1	0	1	0	0	0	1
1218_sub1	1	6	3	3	3	3	0	0
1218_sub2	0	1	0	1	0	0	0	1
12216_sub0	1	6	4	2	4	2	0	0
12216_sub1	0	1	1	0	0	0	1	0
12216_sub2	0	1	0	1	0	0	0	1
12302_sub0	0	4	1	3	0	0	1	3
12302_sub1	0	2	2	0	0	0	2	0
12302_sub2	0	1	0	1	0	0	0	1
1232_sub0	1	9	4	5	4	5	0	0
1232_sub1	0	1	0	1	0	0	0	1
1232_sub2	0	1	0	1	0	0	0	1
1236_sub0	0	4	0	4	0	0	0	4
1236_sub1	0	1	1	0	0	0	1	0
1236_sub2	0	1	1	0	0	0	1	0
12409_sub0	0	5	4	1	0	0	4	1
12409_sub1	0	1	1	0	0	0	1	0
12409_sub2	0	1	1	0	0	0	1	0
1241_sub0	0	1	1	0	0	0	1	0
1241_sub1	0	5	0	5	0	0	0	5
1241_sub2	0	1	1	0	0	0	1	0
1241_sub3	0	1	0	1	0	0	0	1
1241_sub4	0	1	0	1	0	0	0	1
12452_sub0	0	5	5	0	0	0	5	0
12452_sub1	0	1	0	1	0	0	0	1
12454_sub0	0	1	1	0	0	0	1	0
12454_sub1	0	5	3	2	0	0	3	2
12454_sub2	0	1	0	1	0	0	0	1
1246_sub0	0	1	0	1	0	0	0	1
1246_sub1	0	5	3	2	0	0	3	2
1246_sub2	0	1	0	1	0	0	0	1
12493_sub0	1	6	4	2	4	2	0	0
12542_sub0	1	8	4	4	4	4	0	0
12542_sub1	0	1	0	1	0	0	0	1
12542_sub2	0	1	0	1	0	0	0	1
1258_sub0	0	5	5	0	0	0	5	0
1258_sub1	0	1	1	0	0	0	1	0
1258_sub2	0	1	0	1	0	0	0	1
1258_sub3	0	1	1	0	0	0	1	0
1266_sub0	0	5	0	5	0	0	0	5
1266_sub1	0	1	1	0	0	0	1	0
1266_sub2	0	1	1	0	0	0	1	0
1271_sub0	0	1	0	1	0	0	0	1
1271_sub1	0	5	1	4	0	0	1	4
1271_sub2	0	1	0	1	0	0	0	1
1271_sub3	0	1	1	0	0	0	1	0
1271_sub4	0	1	1	0	0	0	1	0
1272_sub0	0	4	0	4	0	0	0	4
1272_sub1	0	1	0	1	0	0	0	1
1272_sub2	0	1	1	0	0	0	1	0
1274_sub0	1	6	3	3	3	3	0	0
12745_sub0	0	4	1	3	0	0	1	3
12745_sub1	0	1	0	1	0	0	0	1
12745_sub2	0	1	1	0	0	0	1	0
12745_sub3	0	1	0	1	0	0	0	1
12758_sub0	0	1	0	1	0	0	0	1
12758_sub1	0	4	1	3	0	0	1	3
12758_sub2	0	1	0	1	0	0	0	1
12877_sub0	1	7	2	5	2	5	0	0
12877_sub1	0	1	0	1	0	0	0	1
1288_sub0	1	6	3	3	3	3	0	0
1288_sub1	0	1	0	1	0	0	0	1
1288_sub2	0	1	0	1	0	0	0	1
1288_sub3	0	1	1	0	0	0	1	0
1288_sub4	0	1	1	0	0	0	1	0
1288_sub5	0	1	0	1	0	0	0	1
1293_sub0	0	1	0	1	0	0	0	1
1293_sub1	0	4	0	4	0	0	0	4
1293_sub2	0	1	0	1	0	0	0	1
12950_sub0	0	1	0	1	0	0	0	1
12950_sub1	0	1	0	1	0	0	0	1
12950_sub2	0	1	0	1	0	0	0	1
12950_sub3	0	4	1	3	0	0	1	3
12958_sub0	0	4	2	2	0	0	2	2
12958_sub1	0	1	1	0	0	0	1	0
12958_sub2	0	1	0	1	0	0	0	1
12958_sub3	0	1	0	1	0	0	0	1
1299_sub0	0	1	1	0	0	0	1	0
1299_sub1	1	8	5	3	5	3	0	0
13030_sub0	0	1	0	1	0	0	0	1
13030_sub1	0	1	0	1	0	0	0	1
13030_sub2	1	12	7	5	7	5	0	0
13030_sub3	0	1	0	1	0	0	0	1
13059_sub0	0	5	2	3	0	0	2	3
13059_sub1	0	1	0	1	0	0	0	1
131_sub0	0	1	1	0	0	0	1	0
131_sub1	0	1	0	1	0	0	0	1
131_sub2	0	4	3	1	0	0	3	1
1311_sub0	0	5	4	1	0	0	4	1
1311_sub1	0	1	0	1	0	0	0	1
1312_sub0	0	1	0	1	0	0	0	1
1312_sub1	0	5	3	2	0	0	3	2
1312_sub2	0	1	1	0	0	0	1	0
1312_sub3	0	1	0	1	0	0	0	1
1314_sub0	0	5	3	2	0	0	3	2
1314_sub1	0	1	1	0	0	0	1	0
1314_sub2	0	1	0	1	0	0	0	1
13177_sub0	0	5	4	1	0	0	4	1
13177_sub1	0	1	1	0	0	0	1	0
13185_sub0	1	6	3	3	3	3	0	0
1321_sub0	0	5	1	4	0	0	1	4
1321_sub1	0	1	1	0	0	0	1	0
1321_sub2	0	1	1	0	0	0	1	0
1321_sub3	0	1	0	1	0	0	0	1
1329_sub0	0	1	0	1	0	0	0	1
1329_sub1	0	5	0	5	0	0	0	5
1329_sub2	0	1	1	0	0	0	1	0
1338_sub0	1	6	4	2	4	2	0	0
1342_sub0	1	7	2	5	2	5	0	0
1342_sub1	0	1	0	1	0	0	0	1
1349_sub0	1	6	4	2	4	2	0	0
1349_sub1	0	1	1	0	0	0	1	0
1349_sub2	0	1	0	1	0	0	0	1
135_sub0	0	1	1	0	0	0	1	0
135_sub1	0	4	3	1	0	0	3	1
135_sub2	0	1	1	0	0	0	1	0
135_sub3	0	1	0	1	0	0	0	1
13514_sub0	0	5	3	2	0	0	3	2
13514_sub1	0	1	1	0	0	0	1	0
13514_sub2	0	1	1	0	0	0	1	0
13514_sub3	0	1	1	0	0	0	1	0
1352_sub0	1	6	4	2	4	2	0	0
1352_sub1	0	1	1	0	0	0	1	0
1352_sub2	0	1	1	0	0	0	1	0
1352_sub3	0	1	0	1	0	0	0	1
1360_sub0	1	9	5	4	5	4	0	0
1360_sub1	0	1	0	1	0	0	0	1
13668_sub0	0	4	3	1	0	0	3	1
13668_sub1	0	1	0	1	0	0	0	1
13668_sub2	0	1	1	0	0	0	1	0
13668_sub3	0	1	0	1	0	0	0	1
13704_sub0	0	4	2	2	0	0	2	2
13704_sub1	0	1	0	1	0	0	0	1
13704_sub2	0	1	1	0	0	0	1	0
1379_sub0	1	6	5	1	5	1	0	0
1386_sub0	0	5	2	3	0	0	2	3
1386_sub1	0	1	0	1	0	0	0	1
1390_sub0	1	9	4	5	4	5	0	0
1390_sub1	0	1	0	1	0	0	0	1
13920_sub0	0	1	1	0	0	0	1	0
13920_sub1	1	6	5	1	5	1	0	0
1393_sub0	0	1	1	0	0	0	1	0
1393_sub1	0	5	2	3	0	0	2	3
1393_sub2	0	1	0	1	0	0	0	1
13951_sub0	0	5	3	2	0	0	3	2
13951_sub1	0	1	1	0	0	0	1	0
13951_sub2	0	1	1	0	0	0	1	0
13951_sub3	0	1	1	0	0	0	1	0
13951_sub4	0	1	0	1	0	0	0	1
1397_sub0	0	1	1	0	0	0	1	0
1397_sub1	0	5	1	4	0	0	1	4
1397_sub2	0	1	1	0	0	0	1	0
1403_sub0	0	1	1	0	0	0	1	0
1403_sub1	0	1	0	1	0	0	0	1
1403_sub2	1	6	3	3	3	3	0	0
1403_sub3	0	1	1	0	0	0	1	0
1407_sub0	0	1	0	1	0	0	0	1
1407_sub1	1	11	4	7	4	7	0	0
1407_sub2	0	1	0	1	0	0	0	1
1407_sub3	0	1	0	1	0	0	0	1
1408_sub0	0	1	0	1	0	0	0	1
1408_sub1	1	8	1	7	1	7	0	0
14086_sub0	1	6	3	3	3	3	0	0
141_sub0	0	1	1	0	0	0	1	0
141_sub1	0	1	1	0	0	0	1	0
141_sub2	0	1	0	1	0	0	0	1
141_sub3	0	2	0	2	0	0	0	2
141_sub4	0	1	0	1	0	0	0	1
1412_sub0	1	7	4	3	4	3	0	0
1412_sub1	0	1	1	0	0	0	1	0
1412_sub2	0	1	1	0	0	0	1	0
14145_sub0	0	1	0	1	0	0	0	1
14145_sub1	0	1	1	0	0	0	1	0
14145_sub2	0	1	1	0	0	0	1	0
14145_sub3	0	1	1	0	0	0	1	0
14145_sub4	0	1	1	0	0	0	1	0
14145_sub5	0	1	1	0	0	0	1	0
1417_sub0	0	2	0	2	0	0	0	2
1417_sub1	0	1	0	1	0	0	0	1
1417_sub2	0	1	1	0	0	0	1	0
1417_sub3	0	1	0	1	0	0	0	1
1417_sub4	0	1	1	0	0	0	1	0
1421_sub0	1	7	2	5	2	5	0	0
1421_sub1	0	1	1	0	0	0	1	0
1422_sub0	1	6	4	2	4	2	0	0
1422_sub1	0	1	1	0	0	0	1	0
1432_sub0	0	5	1	4	0	0	1	4
1432_sub1	0	1	0	1	0	0	0	1
1433_sub0	1	7	5	2	5	2	0	0
1433_sub1	0	1	1	0	0	0	1	0
1433_sub2	0	1	0	1	0	0	0	1
1433_sub3	0	1	0	1	0	0	0	1
1433_sub4	0	1	0	1	0	0	0	1
1433_sub5	0	1	1	0	0	0	1	0
1434_sub0	1	6	2	4	2	4	0	0
1434_sub1	0	1	0	1	0	0	0	1
1434_sub2	0	1	0	1	0	0	0	1
1434_sub3	0	1	1	0	0	0	1	0
1434_sub4	0	1	0	1	0	0	0	1
1440_sub0	0	1	1	0	0	0	1	0
1440_sub1	0	5	2	3	0	0	2	3
1440_sub2	0	1	1	0	0	0	1	0
1446_sub0	0	4	2	2	0	0	2	2
1446_sub1	0	1	0	1	0	0	0	1
1446_sub2	0	1	0	1	0	0	0	1
1446_sub3	0	1	0	1	0	0	0	1
1446_sub4	0	1	0	1	0	0	0	1
1452_sub0	0	5	2	3	0	0	2	3
1452_sub1	0	1	0	1	0	0	0	1
1452_sub2	0	1	1	0	0	0	1	0
1455_sub0	0	5	1	4	0	0	1	4
1455_sub1	0	1	1	0	0	0	1	0
14551_sub0	0	4	2	2	0	0	2	2
14551_sub1	0	1	0	1	0	0	0	1
14551_sub2	0	1	0	1	0	0	0	1
1462_sub0	1	7	3	4	3	4	0	0
1462_sub1	0	1	1	0	0	0	1	0
1462_sub2	0	1	1	0	0	0	1	0
1462_sub3	0	1	0	1	0	0	0	1
1462_sub4	0	1	0	1	0	0	0	1
1465_sub0	1	7	3	4	3	4	0	0
1467_sub0	0	4	1	3	0	0	1	3
1467_sub1	0	1	0	1	0	0	0	1
1467_sub2	0	1	0	1	0	0	0	1
1467_sub3	0	1	1	0	0	0	1	0
14677_sub0	0	1	1	0	0	0	1	0
14677_sub1	0	5	1	4	0	0	1	4
14677_sub2	0	1	1	0	0	0	1	0
14677_sub3	0	1	1	0	0	0	1	0
1469_sub0	0	1	0	1	0	0	0	1
1469_sub1	1	6	4	2	4	2	0	0
1469_sub2	0	1	1	0	0	0	1	0
147_sub0	0	1	1	0	0	0	1	0
147_sub1	0	4	1	3	0	0	1	3
147_sub2	0	1	0	1	0	0	0	1
1472_sub0	1	14	3	11	3	11	0	0
1472_sub1	0	1	0	1	0	0	0	1
1472_sub2	0	1	1	0	0	0	1	0
1472_sub3	0	1	1	0	0	0	1	0
1472_sub4	0	1	0	1	0	0	0	1
1472_sub5	0	1	0	1	0	0	0	1
1472_sub6	0	2	1	1	0	0	1	1
1473_sub0	1	11	7	4	7	4	0	0
1473_sub1	0	1	0	1	0	0	0	1
1473_sub2	0	1	0	1	0	0	0	1
1473_sub3	0	1	0	1	0	0	0	1
1475_sub0	0	1	1	0	0	0	1	0
1475_sub1	1	6	4	2	4	2	0	0
1475_sub2	0	1	0	1	0	0	0	1
1481_sub0	0	5	2	3	0	0	2	3
1481_sub1	0	1	0	1	0	0	0	1
14812_sub0	0	5	4	1	0	0	4	1
14812_sub1	0	1	0	1	0	0	0	1
1494_sub0	0	1	1	0	0	0	1	0
1494_sub1	1	8	3	5	3	5	0	0
1495_sub0	1	7	3	4	3	4	0	0
1508_sub0	0	1	0	1	0	0	0	1
1508_sub1	0	2	0	2	0	0	0	2
1508_sub2	0	1	0	1	0	0	0	1
1508_sub3	0	1	0	1	0	0	0	1
1508_sub4	0	1	1	0	0	0	1	0
1512_sub0	0	1	0	1	0	0	0	1
1512_sub1	1	9	4	5	4	5	0	0
1517_sub0	0	1	1	0	0	0	1	0
1517_sub1	0	5	3	2	0	0	3	2
152_sub0	0	1	0	1	0	0	0	1
152_sub1	0	5	2	3	0	0	2	3
152_sub2	0	1	1	0	0	0	1	0
1520_sub0	1	8	0	8	0	8	0	0
1520_sub1	0	1	0	1	0	0	0	1
1520_sub2	0	1	0	1	0	0	0	1
1520_sub3	0	1	0	1	0	0	0	1
1520_sub4	0	1	1	0	0	0	1	0
15231_sub0	1	6	1	5	1	5	0	0
153_sub0	0	1	0	1	0	0	0	1
153_sub1	0	1	0	1	0	0	0	1
153_sub2	0	1	0	1	0	0	0	1
153_sub3	0	3	1	2	0	0	1	2
1534_sub0	0	1	0	1	0	0	0	1
1534_sub1	0	4	3	1	0	0	3	1
1534_sub2	0	1	0	1	0	0	0	1
1537_sub0	1	7	2	5	2	5	0	0
1537_sub1	0	1	1	0	0	0	1	0
1537_sub2	0	1	0	1	0	0	0	1
1537_sub3	0	1	1	0	0	0	1	0
1537_sub4	0	1	1	0	0	0	1	0
1539_sub0	0	1	1	0	0	0	1	0
1539_sub1	0	1	0	1	0	0	0	1
1539_sub2	0	1	0	1	0	0	0	1
1539_sub3	0	1	1	0	0	0	1	0
1539_sub4	0	3	0	3	0	0	0	3
1542_sub0	1	7	3	4	3	4	0	0
1542_sub1	0	1	0	1	0	0	0	1
1542_sub2	0	1	0	1	0	0	0	1
1544_sub0	1	11	6	5	6	5	0	0
1544_sub1	0	1	1	0	0	0	1	0
1544_sub2	0	1	0	1	0	0	0	1
155_sub0	0	1	0	1	0	0	0	1
155_sub1	1	8	3	5	3	5	0	0
155_sub2	0	1	1	0	0	0	1	0
1553_sub0	0	1	0	1	0	0	0	1
1553_sub1	0	4	2	2	0	0	2	2
1553_sub2	0	1	1	0	0	0	1	0
1569_sub0	0	4	0	4	0	0	0	4
1569_sub1	0	1	0	1	0	0	0	1
1569_sub2	0	1	0	1	0	0	0	1
1572_sub0	0	5	1	4	0	0	1	4
1572_sub1	0	1	1	0	0	0	1	0
1573_sub0	0	1	0	1	0	0	0	1
1573_sub1	0	4	2	2	0	0	2	2
1573_sub2	0	1	0	1	0	0	0	1
1577_sub0	0	1	0	1	0	0	0	1
1577_sub1	0	3	1	2	0	0	1	2
1577_sub2	0	1	0	1	0	0	0	1
1577_sub3	0	1	0	1	0	0	0	1
1579_sub0	0	1	0	1	0	0	0	1
1579_sub1	0	4	2	2	0	0	2	2
1579_sub2	0	1	1	0	0	0	1	0
1579_sub3	0	1	0	1	0	0	0	1
1579_sub4	0	1	1	0	0	0	1	0
158_sub0	0	1	0	1	0	0	0	1
158_sub1	0	1	1	0	0	0	1	0
158_sub2	1	6	4	2	4	2	0	0
1580_sub0	0	1	1	0	0	0	1	0
1580_sub1	0	4	0	4	0	0	0	4
1580_sub2	0	1	1	0	0	0	1	0
1582_sub0	1	8	2	6	2	6	0	0
1586_sub0	0	1	1	0	0	0	1	0
1586_sub1	0	4	3	1	0	0	3	1
1586_sub2	0	1	0	1	0	0	0	1
1586_sub3	0	1	0	1	0	0	0	1
1588_sub0	1	7	3	4	3	4	0	0
1588_sub1	0	1	0	1	0	0	0	1
1591_sub0	0	1	0	1	0	0	0	1
1591_sub1	0	3	1	2	0	0	1	2
1591_sub2	0	1	0	1	0	0	0	1
1591_sub3	0	1	1	0	0	0	1	0
1591_sub4	0	1	1	0	0	0	1	0
1592_sub0	0	5	2	3	0	0	2	3
1592_sub1	0	1	1	0	0	0	1	0
16_sub0	0	1	0	1	0	0	0	1
16_sub1	1	7	5	2	5	2	0	0
16_sub2	0	1	0	1	0	0	0	1
1604_sub0	0	1	0	1	0	0	0	1
1604_sub1	1	6	4	2	4	2	0	0
1605_sub0	1	7	4	3	4	3	0	0
1605_sub1	0	1	1	0	0	0	1	0
1609_sub0	0	5	3	2	0	0	3	2
1609_sub1	0	1	0	1	0	0	0	1
1609_sub2	0	1	0	1	0	0	0	1
1612_sub0	0	1	0	1	0	0	0	1
1612_sub1	1	8	5	3	5	3	0	0
162_sub0	1	9	2	7	2	7	0	0
162_sub1	0	1	0	1	0	0	0	1
1620_sub0	0	4	2	2	0	0	2	2
1620_sub1	0	1	0	1	0	0	0	1
1620_sub2	0	1	1	0	0	0	1	0
1632_sub0	0	5	2	3	0	0	2	3
1632_sub1	0	1	0	1	0	0	0	1
1632_sub2	0	1	1	0	0	0	1	0
1638_sub0	1	6	3	3	3	3	0	0
1638_sub1	0	1	1	0	0	0	1	0
1638_sub2	0	1	1	0	0	0	1	0
1638_sub3	0	1	1	0	0	0	1	0
1638_sub4	0	1	0	1	0	0	0	1
1643_sub0	1	12	6	6	6	6	0	0
1643_sub1	0	1	0	1	0	0	0	1
1643_sub2	0	1	0	1	0	0	0	1
1643_sub3	0	1	0	1	0	0	0	1
1656_sub0	1	6	2	4	2	4	0	0
1656_sub1	0	1	0	1	0	0	0	1
16566_sub0	0	5	2	3	0	0	2	3
16566_sub1	0	1	1	0	0	0	1	0
16579_sub0	1	8	3	5	3	5	0	0
16579_sub1	0	1	0	1	0	0	0	1
1659_sub0	0	1	0	1	0	0	0	1
1659_sub1	1	6	3	3	3	3	0	0
1660_sub0	1	6	3	3	3	3	0	0
1660_sub1	0	1	0	1	0	0	0	1
1660_sub2	0	1	0	1	0	0	0	1
16690_sub0	0	5	1	4	0	0	1	4
16690_sub1	0	1	1	0	0	0	1	0
1672_sub0	0	5	1	4	0	0	1	4
1672_sub1	0	1	0	1	0	0	0	1
1676_sub0	0	1	1	0	0	0	1	0
1676_sub1	0	4	3	1	0	0	3	1
1676_sub2	0	1	1	0	0	0	1	0
1676_sub3	0	1	0	1	0	0	0	1
1684_sub0	1	9	8	1	8	1	0	0
1684_sub1	0	1	1	0	0	0	1	0
1684_sub2	0	1	0	1	0	0	0	1
1684_sub3	0	1	0	1	0	0	0	1
1684_sub4	0	1	0	1	0	0	0	1
1684_sub5	0	1	1	0	0	0	1	0
169_sub0	0	1	0	1	0	0	0	1
169_sub1	1	8	4	4	4	4	0	0
169_sub2	0	1	0	1	0	0	0	1
169_sub3	0	1	0	1	0	0	0	1
169_sub4	0	1	0	1	0	0	0	1
1699_sub0	1	7	5	2	5	2	0	0
1699_sub1	0	1	1	0	0	0	1	0
1699_sub2	0	1	0	1	0	0	0	1
1700_sub0	0	1	1	0	0	0	1	0
1700_sub1	1	7	2	5	2	5	0	0
1708_sub0	1	6	1	5	1	5	0	0
1708_sub1	0	1	0	1	0	0	0	1
1708_sub2	0	1	0	1	0	0	0	1
1708_sub3	0	1	1	0	0	0	1	0
171_sub0	0	1	0	1	0	0	0	1
171_sub1	0	1	0	1	0	0	0	1
171_sub2	0	1	0	1	0	0	0	1
171_sub3	0	1	1	0	0	0	1	0
171_sub4	0	1	1	0	0	0	1	0
171_sub5	0	1	0	1	0	0	0	1
17220_sub0	0	1	0	1	0	0	0	1
17220_sub1	0	1	1	0	0	0	1	0
17220_sub2	1	7	1	6	1	6	0	0
17220_sub3	0	1	0	1	0	0	0	1
1730_sub0	1	8	3	5	3	5	0	0
1730_sub1	0	1	1	0	0	0	1	0
1730_sub2	0	1	0	1	0	0	0	1
1730_sub3	0	1	0	1	0	0	0	1
1730_sub4	0	1	0	1	0	0	0	1
1735_sub0	0	4	1	3	0	0	1	3
1735_sub1	0	1	1	0	0	0	1	0
1735_sub2	0	1	0	1	0	0	0	1
1735_sub3	0	1	0	1	0	0	0	1
1735_sub4	0	1	0	1	0	0	0	1
1735_sub5	0	1	1	0	0	0	1	0
17358_sub0	0	5	3	2	0	0	3	2
17358_sub1	0	1	1	0	0	0	1	0
1737_sub0	0	1	1	0	0	0	1	0
1737_sub1	0	4	1	3	0	0	1	3
1737_sub2	0	1	1	0	0	0	1	0
1741_sub0	1	8	2	6	2	6	0	0
1741_sub1	0	1	1	0	0	0	1	0
1741_sub2	0	1	1	0	0	0	1	0
1743_sub0	0	1	0	1	0	0	0	1
1743_sub1	0	1	1	0	0	0	1	0
1743_sub2	1	7	4	3	4	3	0	0
1748_sub0	0	1	0	1	0	0	0	1
1748_sub1	0	5	2	3	0	0	2	3
1752_sub0	1	7	4	3	4	3	0	0
1752_sub1	0	1	0	1	0	0	0	1
1752_sub2	0	1	0	1	0	0	0	1
1752_sub3	0	1	0	1	0	0	0	1
1758_sub0	0	5	2	3	0	0	2	3
1758_sub1	0	1	1	0	0	0	1	0
176_sub0	0	1	0	1	0	0	0	1
176_sub1	1	6	2	4	2	4	0	0
176_sub2	0	1	1	0	0	0	1	0
1768_sub0	1	6	1	5	1	5	0	0
1768_sub1	0	1	0	1	0	0	0	1
1768_sub2	0	1	1	0	0	0	1	0
1768_sub3	0	1	0	1	0	0	0	1
1769_sub0	0	5	3	2	0	0	3	2
1769_sub1	0	1	0	1	0	0	0	1
1773_sub0	0	1	0	1	0	0	0	1
1773_sub1	1	6	5	1	5	1	0	0
1774_sub0	0	1	0	1	0	0	0	1
1774_sub1	1	9	6	3	6	3	0	0
1774_sub2	0	1	1	0	0	0	1	0
1777_sub0	0	1	0	1	0	0	0	1
1777_sub1	1	6	3	3	3	3	0	0
1778_sub0	0	1	0	1	0	0	0	1
1778_sub1	0	4	1	3	0	0	1	3
1778_sub2	0	1	0	1	0	0	0	1
1778_sub3	0	1	1	0	0	0	1	0
1778_sub4	0	1	0	1	0	0	0	1
1783_sub0	1	10	1	9	1	9	0	0
1783_sub1	0	1	1	0	0	0	1	0
1783_sub2	0	1	1	0	0	0	1	0
1783_sub3	0	1	0	1	0	0	0	1
1789_sub0	0	4	2	2	0	0	2	2
1789_sub1	0	1	0	1	0	0	0	1
1789_sub2	0	1	0	1	0	0	0	1
1789_sub3	0	1	0	1	0	0	0	1
1790_sub0	0	1	1	0	0	0	1	0
1790_sub1	0	1	0	1	0	0	0	1
1790_sub2	1	9	6	3	6	3	0	0
1790_sub3	0	1	1	0	0	0	1	0
1796_sub0	1	10	4	6	4	6	0	0
1796_sub1	0	1	0	1	0	0	0	1
1796_sub2	0	1	0	1	0	0	0	1
1796_sub3	0	1	1	0	0	0	1	0
1796_sub4	0	1	1	0	0	0	1	0
1797_sub0	0	1	0	1	0	0	0	1
1797_sub1	1	7	5	2	5	2	0	0
1802_sub0	0	1	1	0	0	0	1	0
1802_sub1	0	4	0	4	0	0	0	4
1802_sub2	0	1	0	1	0	0	0	1
1802_sub3	0	1	0	1	0	0	0	1
1805_sub0	0	5	4	1	0	0	4	1
1805_sub1	0	1	0	1	0	0	0	1
1806_sub0	1	9	5	4	5	4	0	0
1817_sub0	0	1	0	1	0	0	0	1
1817_sub1	0	1	1	0	0	0	1	0
1817_sub2	0	1	0	1	0	0	0	1
1817_sub3	0	4	2	2	0	0	2	2
1817_sub4	0	1	0	1	0	0	0	1
18198_sub0	0	1	0	1	0	0	0	1
18198_sub1	1	8	2	6	2	6	0	0
1820_sub0	0	1	1	0	0	0	1	0
1820_sub1	1	8	2	6	2	6	0	0
1820_sub2	0	1	1	0	0	0	1	0
1820_sub3	0	1	0	1	0	0	0	1
1828_sub0	0	1	1	0	0	0	1	0
1828_sub1	0	1	0	1	0	0	0	1
1828_sub2	0	4	3	1	0	0	3	1
1828_sub3	0	1	0	1	0	0	0	1
1831_sub0	0	1	0	1	0	0	0	1
1831_sub1	0	1	0	1	0	0	0	1
1831_sub2	0	3	3	0	0	0	3	0
1831_sub3	0	2	2	0	0	0	2	0
184_sub0	0	1	1	0	0	0	1	0
184_sub1	1	6	3	3	3	3	0	0
184_sub2	0	1	0	1	0	0	0	1
184_sub3	0	1	0	1	0	0	0	1
184_sub4	0	1	1	0	0	0	1	0
1848_sub0	0	1	0	1	0	0	0	1
1848_sub1	0	5	4	1	0	0	4	1
1848_sub2	0	1	1	0	0	0	1	0
1848_sub3	0	1	1	0	0	0	1	0
186_sub0	0	1	0	1	0	0	0	1
186_sub1	1	6	4	2	4	2	0	0
1864_sub0	0	4	3	1	0	0	3	1
1864_sub1	0	1	0	1	0	0	0	1
1864_sub2	0	1	1	0	0	0	1	0
1864_sub3	0	1	1	0	0	0	1	0
1864_sub4	0	1	1	0	0	0	1	0
1864_sub5	0	1	0	1	0	0	0	1
1864_sub6	0	1	1	0	0	0	1	0
1864_sub7	0	1	1	0	0	0	1	0
1886_sub0	0	2	0	2	0	0	0	2
1886_sub1	0	1	0	1	0	0	0	1
1886_sub2	0	1	1	0	0	0	1	0
1886_sub3	0	1	1	0	0	0	1	0
1886_sub4	0	1	0	1	0	0	0	1
1886_sub5	0	1	0	1	0	0	0	1
189_sub0	0	1	1	0	0	0	1	0
189_sub1	1	7	4	3	4	3	0	0
189_sub2	0	1	1	0	0	0	1	0
1892_sub0	1	7	3	4	3	4	0	0
1892_sub1	0	1	1	0	0	0	1	0
1895_sub0	0	5	0	5	0	0	0	5
1895_sub1	0	1	1	0	0	0	1	0
1895_sub2	0	1	1	0	0	0	1	0
1898_sub0	0	1	0	1	0	0	0	1
1898_sub1	0	5	4	1	0	0	4	1
1898_sub2	0	1	0	1	0	0	0	1
19_sub0	0	1	1	0	0	0	1	0
19_sub1	0	4	2	2	0	0	2	2
19_sub2	0	1	0	1	0	0	0	1
19_sub3	0	1	1	0	0	0	1	0
19_sub4	0	1	0	1	0	0	0	1
19_sub5	0	1	1	0	0	0	1	0
19_sub6	0	1	1	0	0	0	1	0
19_sub7	0	1	0	1	0	0	0	1
19_sub8	0	1	1	0	0	0	1	0
191_sub0	0	1	0	1	0	0	0	1
191_sub1	0	5	2	3	0	0	2	3
193_sub0	0	1	0	1	0	0	0	1
193_sub1	0	2	0	2	0	0	0	2
193_sub2	0	1	1	0	0	0	1	0
193_sub3	0	1	1	0	0	0	1	0
193_sub4	0	1	1	0	0	0	1	0
193_sub5	0	1	0	1	0	0	0	1
193_sub6	0	1	0	1	0	0	0	1
193_sub7	0	1	0	1	0	0	0	1
1934_sub0	1	7	1	6	1	6	0	0
194_sub0	0	1	1	0	0	0	1	0
194_sub1	1	7	5	2	5	2	0	0
1944_sub0	0	1	1	0	0	0	1	0
1944_sub1	1	8	7	1	7	1	0	0
1944_sub2	0	1	0	1	0	0	0	1
1944_sub3	0	1	1	0	0	0	1	0
1944_sub4	0	1	1	0	0	0	1	0
1953_sub0	1	7	4	3	4	3	0	0
1960_sub0	0	1	1	0	0	0	1	0
1960_sub1	0	1	1	0	0	0	1	0
1960_sub2	0	3	2	1	0	0	2	1
1960_sub3	0	1	0	1	0	0	0	1
1960_sub4	0	1	1	0	0	0	1	0
1962_sub0	1	7	3	4	3	4	0	0
1962_sub1	0	1	1	0	0	0	1	0
1965_sub0	0	1	1	0	0	0	1	0
1965_sub1	1	7	4	3	4	3	0	0
1965_sub2	0	1	0	1	0	0	0	1
1965_sub3	0	1	0	1	0	0	0	1
1971_sub0	0	4	2	2	0	0	2	2
1971_sub1	0	1	0	1	0	0	0	1
1971_sub2	0	1	1	0	0	0	1	0
1971_sub3	0	1	0	1	0	0	0	1
1979_sub0	1	10	6	4	6	4	0	0
1979_sub1	0	1	0	1	0	0	0	1
1979_sub2	0	1	0	1	0	0	0	1
198_sub0	0	1	0	1	0	0	0	1
198_sub1	0	4	3	1	0	0	3	1
198_sub2	0	1	1	0	0	0	1	0
198_sub3	0	1	0	1	0	0	0	1
1982_sub0	0	1	0	1	0	0	0	1
1982_sub1	0	5	2	3	0	0	2	3
1982_sub2	0	1	0	1	0	0	0	1
1982_sub3	0	1	1	0	0	0	1	0
1986_sub0	0	1	0	1	0	0	0	1
1986_sub1	1	6	2	4	2	4	0	0
199_sub0	0	1	0	1	0	0	0	1
199_sub1	0	5	4	1	0	0	4	1
199_sub2	0	1	0	1	0	0	0	1
1998_sub0	0	1	0	1	0	0	0	1
1998_sub1	0	1	0	1	0	0	0	1
1998_sub2	1	7	4	3	4	3	0	0
2004_sub0	1	7	5	2	5	2	0	0
2013_sub0	1	8	4	4	4	4	0	0
2013_sub1	0	1	0	1	0	0	0	1
2013_sub2	0	1	1	0	0	0	1	0
2013_sub3	0	1	1	0	0	0	1	0
20170_sub0	1	11	5	6	5	6	0	0
20170_sub1	0	1	0	1	0	0	0	1
20199_sub0	0	1	0	1	0	0	0	1
20199_sub1	1	8	4	4	4	4	0	0
2021_sub0	0	1	1	0	0	0	1	0
2021_sub1	1	9	4	5	4	5	0	0
2021_sub2	0	1	1	0	0	0	1	0
2026_sub0	0	1	0	1	0	0	0	1
2026_sub1	0	5	4	1	0	0	4	1
2026_sub2	0	1	0	1	0	0	0	1
2028_sub0	0	1	0	1	0	0	0	1
2028_sub1	0	2	2	0	0	0	2	0
2028_sub2	0	1	1	0	0	0	1	0
2028_sub3	0	1	1	0	0	0	1	0
2028_sub4	0	1	1	0	0	0	1	0
2030_sub0	1	8	2	6	2	6	0	0
2031_sub0	1	8	3	5	3	5	0	0
2031_sub1	0	1	0	1	0	0	0	1
2033_sub0	0	5	3	2	0	0	3	2
2033_sub1	0	1	0	1	0	0	0	1
2034_sub0	0	1	0	1	0	0	0	1
2034_sub1	0	1	1	0	0	0	1	0
2034_sub2	0	1	0	1	0	0	0	1
2034_sub3	0	1	1	0	0	0	1	0
2034_sub4	0	1	0	1	0	0	0	1
2034_sub5	0	1	1	0	0	0	1	0
2034_sub6	0	1	0	1	0	0	0	1
2034_sub7	0	1	1	0	0	0	1	0
2053_sub0	1	6	3	3	3	3	0	0
2053_sub1	0	1	1	0	0	0	1	0
2053_sub2	0	1	1	0	0	0	1	0
2061_sub0	0	1	1	0	0	0	1	0
2061_sub1	0	5	3	2	0	0	3	2
2061_sub2	0	1	0	1	0	0	0	1
2069_sub0	0	5	3	2	0	0	3	2
2069_sub1	0	1	0	1	0	0	0	1
2069_sub2	0	1	1	0	0	0	1	0
2069_sub3	0	1	1	0	0	0	1	0
2072_sub0	0	1	0	1	0	0	0	1
2072_sub1	0	5	2	3	0	0	2	3
2072_sub2	0	1	0	1	0	0	0	1
2074_sub0	0	1	0	1	0	0	0	1
2074_sub1	1	9	7	2	7	2	0	0
2075_sub0	0	5	2	3	0	0	2	3
2075_sub1	0	1	0	1	0	0	0	1
2075_sub2	0	1	1	0	0	0	1	0
2075_sub3	0	1	0	1	0	0	0	1
2081_sub0	0	1	0	1	0	0	0	1
2081_sub1	0	1	1	0	0	0	1	0
2081_sub2	0	4	3	1	0	0	3	1
2083_sub0	0	5	4	1	0	0	4	1
2083_sub1	0	1	0	1	0	0	0	1
2083_sub2	0	1	1	0	0	0	1	0
2089_sub0	0	2	0	2	0	0	0	2
2089_sub1	0	1	0	1	0	0	0	1
2089_sub2	0	1	0	1	0	0	0	1
2089_sub3	0	1	1	0	0	0	1	0
2089_sub4	0	1	0	1	0	0	0	1
2096_sub0	0	1	0	1	0	0	0	1
2096_sub1	0	1	1	0	0	0	1	0
2096_sub2	1	7	5	2	5	2	0	0
2096_sub3	0	1	0	1	0	0	0	1
2096_sub4	0	1	1	0	0	0	1	0
21_sub0	0	1	1	0	0	0	1	0
21_sub1	1	8	3	5	3	5	0	0
21_sub2	0	1	0	1	0	0	0	1
21_sub3	0	1	1	0	0	0	1	0
2100_sub0	1	9	3	6	3	6	0	0
2100_sub1	0	1	1	0	0	0	1	0
2103_sub0	1	12	6	6	6	6	0	0
2105_sub0	1	7	6	1	6	1	0	0
2105_sub1	0	1	1	0	0	0	1	0
2112_sub0	1	7	4	3	4	3	0	0
2112_sub1	0	1	1	0	0	0	1	0
2112_sub2	0	1	0	1	0	0	0	1
2112_sub3	0	1	1	0	0	0	1	0
2112_sub4	0	1	0	1	0	0	0	1
212_sub0	0	1	0	1	0	0	0	1
212_sub1	1	7	2	5	2	5	0	0
212_sub2	0	1	1	0	0	0	1	0
212_sub3	0	1	1	0	0	0	1	0
2122_sub0	0	1	1	0	0	0	1	0
2122_sub1	1	8	3	5	3	5	0	0
2122_sub2	0	1	1	0	0	0	1	0
21267_sub0	1	6	2	4	2	4	0	0
2127_sub0	0	4	2	2	0	0	2	2
2127_sub1	0	2	2	0	0	0	2	0
2127_sub2	0	1	0	1	0	0	0	1
2130_sub0	1	7	5	2	5	2	0	0
2130_sub1	0	1	1	0	0	0	1	0
2130_sub2	0	1	1	0	0	0	1	0
2130_sub3	0	1	0	1	0	0	0	1
2132_sub0	1	6	5	1	5	1	0	0
2132_sub1	0	1	0	1	0	0	0	1
2132_sub2	0	1	0	1	0	0	0	1
2132_sub3	0	1	1	0	0	0	1	0
2132_sub4	0	1	0	1	0	0	0	1
2133_sub0	1	8	3	5	3	5	0	0
2133_sub1	0	1	1	0	0	0	1	0
2133_sub2	0	1	1	0	0	0	1	0
2133_sub3	0	1	1	0	0	0	1	0
2144_sub0	0	4	0	4	0	0	0	4
2144_sub1	0	1	0	1	0	0	0	1
2144_sub2	0	1	0	1	0	0	0	1
2156_sub0	1	7	1	6	1	6	0	0
2156_sub1	0	1	1	0	0	0	1	0
2156_sub2	0	1	0	1	0	0	0	1
2156_sub3	0	1	0	1	0	0	0	1
2160_sub0	1	8	7	1	7	1	0	0
2160_sub1	0	1	0	1	0	0	0	1
2169_sub0	1	6	3	3	3	3	0	0
2169_sub1	0	1	1	0	0	0	1	0
2182_sub0	0	5	2	3	0	0	2	3
2182_sub1	0	1	1	0	0	0	1	0
2182_sub2	0	1	0	1	0	0	0	1
2193_sub0	0	3	0	3	0	0	0	3
2193_sub1	0	1	1	0	0	0	1	0
2193_sub2	0	1	1	0	0	0	1	0
2193_sub3	0	1	1	0	0	0	1	0
2194_sub0	1	7	5	2	5	2	0	0
2194_sub1	0	1	1	0	0	0	1	0
2197_sub0	0	1	1	0	0	0	1	0
2197_sub1	0	4	2	2	0	0	2	2
2197_sub2	0	1	1	0	0	0	1	0
2207_sub0	0	1	0	1	0	0	0	1
2207_sub1	0	1	1	0	0	0	1	0
2207_sub2	0	1	0	1	0	0	0	1
2207_sub3	0	1	0	1	0	0	0	1
2207_sub4	0	2	1	1	0	0	1	1
2210_sub0	1	8	3	5	3	5	0	0
2210_sub1	0	1	0	1	0	0	0	1
2210_sub2	0	1	1	0	0	0	1	0
2217_sub0	1	9	0	9	0	9	0	0
2222_sub0	0	1	0	1	0	0	0	1
2222_sub1	0	1	1	0	0	0	1	0
2222_sub2	0	1	0	1	0	0	0	1
2222_sub3	0	1	0	1	0	0	0	1
2222_sub4	0	1	1	0	0	0	1	0
2222_sub5	0	1	0	1	0	0	0	1
2228_sub0	0	1	1	0	0	0	1	0
2228_sub1	1	8	4	4	4	4	0	0
2239_sub0	1	6	5	1	5	1	0	0
2239_sub1	0	1	0	1	0	0	0	1
2239_sub2	0	1	0	1	0	0	0	1
2241_sub0	0	1	1	0	0	0	1	0
2241_sub1	0	1	1	0	0	0	1	0
2241_sub2	0	1	1	0	0	0	1	0
2241_sub3	1	6	3	3	3	3	0	0
2243_sub0	0	1	0	1	0	0	0	1
2243_sub1	0	2	1	1	0	0	1	1
2243_sub2	0	1	0	1	0	0	0	1
2243_sub3	0	1	0	1	0	0	0	1
2243_sub4	0	1	0	1	0	0	0	1
2245_sub0	0	1	1	0	0	0	1	0
2245_sub1	0	1	1	0	0	0	1	0
2245_sub2	0	1	1	0	0	0	1	0
2245_sub3	0	1	0	1	0	0	0	1
2245_sub4	0	1	1	0	0	0	1	0
2245_sub5	0	1	1	0	0	0	1	0
2251_sub0	0	1	1	0	0	0	1	0
2251_sub1	0	5	3	2	0	0	3	2
2251_sub2	0	1	0	1	0	0	0	1
2253_sub0	1	8	2	6	2	6	0	0
2253_sub1	0	1	0	1	0	0	0	1
2253_sub2	0	1	1	0	0	0	1	0
2253_sub3	0	1	1	0	0	0	1	0
2253_sub4	0	1	1	0	0	0	1	0
226_sub0	0	1	0	1	0	0	0	1
226_sub1	0	4	1	3	0	0	1	3
226_sub2	0	1	1	0	0	0	1	0
226_sub3	0	1	0	1	0	0	0	1
2261_sub0	0	3	0	3	0	0	0	3
2261_sub1	0	1	0	1	0	0	0	1
2261_sub2	0	1	1	0	0	0	1	0
2261_sub3	0	1	1	0	0	0	1	0
2261_sub4	0	1	0	1	0	0	0	1
2261_sub5	0	1	1	0	0	0	1	0
2261_sub6	0	1	0	1	0	0	0	1
2271_sub0	0	3	2	1	0	0	2	1
2271_sub1	0	1	1	0	0	0	1	0
2271_sub2	0	1	1	0	0	0	1	0
2271_sub3	0	1	0	1	0	0	0	1
2278_sub0	0	5	2	3	0	0	2	3
2278_sub1	0	1	0	1	0	0	0	1
2283_sub0	1	8	2	6	2	6	0	0
2283_sub1	0	1	0	1	0	0	0	1
2284_sub0	1	6	3	3	3	3	0	0
2284_sub1	0	1	1	0	0	0	1	0
2284_sub2	0	1	1	0	0	0	1	0
2298_sub0	0	1	1	0	0	0	1	0
2298_sub1	0	1	0	1	0	0	0	1
2298_sub2	0	3	1	2	0	0	1	2
2298_sub3	0	1	1	0	0	0	1	0
2298_sub4	0	1	1	0	0	0	1	0
23_sub0	0	1	1	0	0	0	1	0
23_sub1	1	6	2	4	2	4	0	0
23_sub2	0	1	1	0	0	0	1	0
2308_sub0	1	7	5	2	5	2	0	0
2308_sub1	0	1	1	0	0	0	1	0
2309_sub0	1	8	4	4	4	4	0	0
2309_sub1	0	1	1	0	0	0	1	0
2309_sub2	0	1	1	0	0	0	1	0
2309_sub3	0	1	0	1	0	0	0	1
2311_sub0	0	3	2	1	0	0	2	1
2311_sub1	0	1	1	0	0	0	1	0
2311_sub2	0	1	1	0	0	0	1	0
2311_sub3	0	1	0	1	0	0	0	1
2317_sub0	1	9	4	5	4	5	0	0
2317_sub1	0	1	0	1	0	0	0	1
2317_sub2	0	1	0	1	0	0	0	1
2322_sub0	0	1	0	1	0	0	0	1
2322_sub1	0	1	0	1	0	0	0	1
2322_sub2	0	1	0	1	0	0	0	1
2322_sub3	0	1	1	0	0	0	1	0
2322_sub4	0	1	0	1	0	0	0	1
2322_sub5	0	1	1	0	0	0	1	0
2345_sub0	0	3	1	2	0	0	1	2
2345_sub1	0	1	0	1	0	0	0	1
2345_sub2	0	1	1	0	0	0	1	0
2345_sub3	0	1	0	1	0	0	0	1
2348_sub0	0	1	0	1	0	0	0	1
2348_sub1	0	1	1	0	0	0	1	0
2348_sub2	0	1	1	0	0	0	1	0
2348_sub3	0	1	1	0	0	0	1	0
2348_sub4	0	1	1	0	0	0	1	0
2348_sub5	0	1	1	0	0	0	1	0
2353_sub0	0	1	1	0	0	0	1	0
2353_sub1	0	1	0	1	0	0	0	1
2353_sub2	0	5	3	2	0	0	3	2
2365_sub0	0	4	1	3	0	0	1	3
2365_sub1	0	1	1	0	0	0	1	0
2365_sub2	0	1	0	1	0	0	0	1
2366_sub0	1	9	4	5	4	5	0	0
2366_sub1	0	1	1	0	0	0	1	0
2370_sub0	0	1	0	1	0	0	0	1
2370_sub1	0	5	4	1	0	0	4	1
2370_sub2	0	1	0	1	0	0	0	1
2371_sub0	0	5	3	2	0	0	3	2
2371_sub1	0	1	0	1	0	0	0	1
2372_sub0	1	7	2	5	2	5	0	0
2372_sub1	0	1	0	1	0	0	0	1
2372_sub2	0	1	1	0	0	0	1	0
2372_sub3	0	1	0	1	0	0	0	1
2374_sub0	1	8	3	5	3	5	0	0
2374_sub1	0	1	1	0	0	0	1	0
2374_sub2	0	1	1	0	0	0	1	0
2384_sub0	0	1	0	1	0	0	0	1
2384_sub1	0	1	0	1	0	0	0	1
2384_sub2	0	2	1	1	0	0	1	1
2384_sub3	0	1	1	0	0	0	1	0
2384_sub4	0	1	1	0	0	0	1	0
2384_sub5	0	1	0	1	0	0	0	1
2386_sub0	0	1	0	1	0	0	0	1
2386_sub1	0	5	3	2	0	0	3	2
2387_sub0	0	1	1	0	0	0	1	0
2387_sub1	0	3	2	1	0	0	2	1
2387_sub2	0	1	1	0	0	0	1	0
2387_sub3	0	1	1	0	0	0	1	0
2399_sub0	0	5	3	2	0	0	3	2
2399_sub1	0	1	1	0	0	0	1	0
24_sub0	0	1	1	0	0	0	1	0
24_sub1	1	7	1	6	1	6	0	0
24_sub2	0	1	1	0	0	0	1	0
24_sub3	0	1	1	0	0	0	1	0
24_sub4	0	1	0	1	0	0	0	1
24_sub5	0	1	1	0	0	0	1	0
24_sub6	0	1	1	0	0	0	1	0
2405_sub0	1	8	4	4	4	4	0	0
2405_sub1	0	1	0	1	0	0	0	1
2405_sub2	0	1	1	0	0	0	1	0
2414_sub0	0	1	0	1	0	0	0	1
2414_sub1	1	6	5	1	5	1	0	0
2416_sub0	0	1	0	1	0	0	0	1
2416_sub1	0	4	2	2	0	0	2	2
2416_sub2	0	1	0	1	0	0	0	1
2416_sub3	0	1	1	0	0	0	1	0
242_sub0	0	1	0	1	0	0	0	1
242_sub1	0	1	1	0	0	0	1	0
242_sub2	0	4	1	3	0	0	1	3
2425_sub0	1	6	3	3	3	3	0	0
2425_sub1	0	1	1	0	0	0	1	0
2425_sub2	0	1	0	1	0	0	0	1
2425_sub3	0	1	1	0	0	0	1	0
2428_sub0	1	8	3	5	3	5	0	0
243_sub0	0	1	0	1	0	0	0	1
243_sub1	0	1	0	1	0	0	0	1
243_sub2	0	1	1	0	0	0	1	0
243_sub3	0	2	2	0	0	0	2	0
243_sub4	0	1	1	0	0	0	1	0
2434_sub0	0	1	0	1	0	0	0	1
2434_sub1	0	1	1	0	0	0	1	0
2434_sub2	0	1	1	0	0	0	1	0
2434_sub3	0	1	0	1	0	0	0	1
2434_sub4	0	1	0	1	0	0	0	1
2434_sub5	0	1	1	0	0	0	1	0
2439_sub0	0	1	0	1	0	0	0	1
2439_sub1	1	6	5	1	5	1	0	0
244_sub0	0	1	0	1	0	0	0	1
244_sub1	0	1	1	0	0	0	1	0
244_sub2	0	4	1	3	0	0	1	3
245_sub0	0	1	1	0	0	0	1	0
245_sub1	1	7	2	5	2	5	0	0
2452_sub0	0	1	1	0	0	0	1	0
2452_sub1	0	5	3	2	0	0	3	2
2456_sub0	0	5	3	2	0	0	3	2
2456_sub1	0	1	1	0	0	0	1	0
2467_sub0	1	6	2	4	2	4	0	0
2467_sub1	0	1	0	1	0	0	0	1
2467_sub2	0	1	1	0	0	0	1	0
2467_sub3	0	1	1	0	0	0	1	0
2467_sub4	0	1	0	1	0	0	0	1
2469_sub0	1	8	2	6	2	6	0	0
2469_sub1	0	1	1	0	0	0	1	0
2469_sub2	0	1	1	0	0	0	1	0
2469_sub3	0	1	1	0	0	0	1	0
2469_sub4	0	1	1	0	0	0	1	0
2479_sub0	1	6	5	1	5	1	0	0
2482_sub0	1	6	1	5	1	5	0	0
2482_sub1	0	1	1	0	0	0	1	0
2482_sub2	0	1	1	0	0	0	1	0
2488_sub0	1	6	2	4	2	4	0	0
2488_sub1	0	1	0	1	0	0	0	1
2488_sub2	0	1	1	0	0	0	1	0
2488_sub3	0	1	1	0	0	0	1	0
2491_sub0	0	4	1	3	0	0	1	3
2491_sub1	0	1	0	1	0	0	0	1
2491_sub2	0	1	0	1	0	0	0	1
2503_sub0	1	6	1	5	1	5	0	0
2503_sub1	0	1	1	0	0	0	1	0
2503_sub2	0	1	0	1	0	0	0	1
2503_sub3	0	1	0	1	0	0	0	1
2503_sub4	0	1	1	0	0	0	1	0
2503_sub5	0	1	0	1	0	0	0	1
2503_sub6	0	1	1	0	0	0	1	0
2505_sub0	0	1	0	1	0	0	0	1
2505_sub1	0	5	1	4	0	0	1	4
2509_sub0	1	7	3	4	3	4	0	0
2516_sub0	0	1	0	1	0	0	0	1
2516_sub1	1	8	4	4	4	4	0	0
2518_sub0	0	1	0	1	0	0	0	1
2518_sub1	1	8	4	4	4	4	0	0
2527_sub0	0	1	0	1	0	0	0	1
2527_sub1	0	1	0	1	0	0	0	1
2527_sub2	0	1	0	1	0	0	0	1
2527_sub3	0	1	1	0	0	0	1	0
2527_sub4	1	8	3	5	3	5	0	0
2527_sub5	0	1	0	1	0	0	0	1
2527_sub6	0	1	0	1	0	0	0	1
2533_sub0	1	7	5	2	5	2	0	0
2533_sub1	0	1	0	1	0	0	0	1
2533_sub2	0	1	0	1	0	0	0	1
2534_sub0	0	5	1	4	0	0	1	4
2534_sub1	0	1	1	0	0	0	1	0
2534_sub2	0	1	0	1	0	0	0	1
2537_sub0	1	6	4	2	4	2	0	0
2537_sub1	0	1	0	1	0	0	0	1
2537_sub2	0	1	1	0	0	0	1	0
2550_sub0	1	6	2	4	2	4	0	0
2550_sub1	0	1	0	1	0	0	0	1
2550_sub2	0	1	0	1	0	0	0	1
2550_sub3	0	1	1	0	0	0	1	0
2550_sub4	0	1	1	0	0	0	1	0
2551_sub0	0	1	0	1	0	0	0	1
2551_sub1	1	6	5	1	5	1	0	0
2551_sub2	0	1	0	1	0	0	0	1
2572_sub0	0	5	2	3	0	0	2	3
2572_sub1	0	1	1	0	0	0	1	0
2572_sub2	0	1	0	1	0	0	0	1
2577_sub0	0	1	0	1	0	0	0	1
2577_sub1	1	6	3	3	3	3	0	0
2577_sub2	0	1	1	0	0	0	1	0
2577_sub3	0	1	1	0	0	0	1	0
258_sub0	0	1	0	1	0	0	0	1
258_sub1	0	4	3	1	0	0	3	1
258_sub2	0	1	0	1	0	0	0	1
2581_sub0	0	5	2	3	0	0	2	3
2581_sub1	0	1	1	0	0	0	1	0
2582_sub0	0	1	1	0	0	0	1	0
2582_sub1	1	10	4	6	4	6	0	0
2585_sub0	0	1	0	1	0	0	0	1
2585_sub1	1	7	4	3	4	3	0	0
2585_sub2	0	1	0	1	0	0	0	1
2590_sub0	1	7	2	5	2	5	0	0
2590_sub1	0	1	0	1	0	0	0	1
2590_sub2	0	1	1	0	0	0	1	0
2590_sub3	0	1	0	1	0	0	0	1
2595_sub0	0	1	1	0	0	0	1	0
2595_sub1	1	7	2	5	2	5	0	0
2595_sub2	0	1	1	0	0	0	1	0
2605_sub0	1	6	0	6	0	6	0	0
2605_sub1	0	1	1	0	0	0	1	0
2615_sub0	0	1	0	1	0	0	0	1
2615_sub1	0	5	3	2	0	0	3	2
2619_sub0	1	6	3	3	3	3	0	0
2619_sub1	0	1	0	1	0	0	0	1
2619_sub2	0	1	0	1	0	0	0	1
262_sub0	0	1	1	0	0	0	1	0
262_sub1	1	6	2	4	2	4	0	0
262_sub2	0	1	0	1	0	0	0	1
262_sub3	0	1	1	0	0	0	1	0
262_sub4	0	1	0	1	0	0	0	1
262_sub5	0	1	1	0	0	0	1	0
262_sub6	0	1	0	1	0	0	0	1
2622_sub0	0	1	1	0	0	0	1	0
2622_sub1	1	6	3	3	3	3	0	0
2625_sub0	0	1	1	0	0	0	1	0
2625_sub1	0	1	1	0	0	0	1	0
2625_sub2	0	4	3	1	0	0	3	1
2625_sub3	0	1	0	1	0	0	0	1
2625_sub4	0	1	0	1	0	0	0	1
2628_sub0	0	4	2	2	0	0	2	2
2628_sub1	0	1	0	1	0	0	0	1
2628_sub2	0	1	1	0	0	0	1	0
264_sub0	0	1	1	0	0	0	1	0
264_sub1	0	4	3	1	0	0	3	1
264_sub2	0	1	0	1	0	0	0	1
2644_sub0	0	5	2	3	0	0	2	3
2644_sub1	0	1	1	0	0	0	1	0
2645_sub0	0	1	0	1	0	0	0	1
2645_sub1	1	10	7	3	7	3	0	0
2648_sub0	1	7	3	4	3	4	0	0
2649_sub0	1	7	3	4	3	4	0	0
2649_sub1	0	1	1	0	0	0	1	0
2655_sub0	0	5	2	3	0	0	2	3
2655_sub1	0	1	1	0	0	0	1	0
2655_sub2	0	1	0	1	0	0	0	1
2657_sub0	1	6	3	3	3	3	0	0
2657_sub1	0	1	1	0	0	0	1	0
2658_sub0	1	6	3	3	3	3	0	0
2658_sub1	0	1	1	0	0	0	1	0
2658_sub2	0	1	1	0	0	0	1	0
2661_sub0	1	7	4	3	4	3	0	0
2661_sub1	0	1	1	0	0	0	1	0
2667_sub0	0	1	0	1	0	0	0	1
2667_sub1	0	1	0	1	0	0	0	1
2667_sub2	0	1	1	0	0	0	1	0
2667_sub3	1	7	3	4	3	4	0	0
2669_sub0	0	4	2	2	0	0	2	2
2669_sub1	0	1	0	1	0	0	0	1
2669_sub2	0	1	1	0	0	0	1	0
2669_sub3	0	1	0	1	0	0	0	1
2672_sub0	0	1	0	1	0	0	0	1
2672_sub1	0	5	2	3	0	0	2	3
2673_sub0	1	6	2	4	2	4	0	0
2693_sub0	1	8	3	5	3	5	0	0
2693_sub1	0	1	0	1	0	0	0	1
2696_sub0	0	4	2	2	0	0	2	2
2696_sub1	0	1	1	0	0	0	1	0
2696_sub2	0	1	0	1	0	0	0	1
2696_sub3	0	1	0	1	0	0	0	1
2698_sub0	0	1	0	1	0	0	0	1
2698_sub1	1	7	3	4	3	4	0	0
2698_sub2	0	1	0	1	0	0	0	1
270_sub0	0	1	0	1	0	0	0	1
270_sub1	1	7	3	4	3	4	0	0
2710_sub0	0	1	1	0	0	0	1	0
2710_sub1	0	1	1	0	0	0	1	0
2710_sub2	1	6	1	5	1	5	0	0
2710_sub3	0	1	1	0	0	0	1	0
2711_sub0	0	1	0	1	0	0	0	1
2711_sub1	1	6	2	4	2	4	0	0
2711_sub2	0	1	1	0	0	0	1	0
2711_sub3	0	1	1	0	0	0	1	0
2719_sub0	1	6	4	2	4	2	0	0
2719_sub1	0	1	1	0	0	0	1	0
2733_sub0	0	1	0	1	0	0	0	1
2733_sub1	0	4	0	4	0	0	0	4
2733_sub2	0	1	1	0	0	0	1	0
2733_sub3	0	1	1	0	0	0	1	0
2737_sub0	1	7	2	5	2	5	0	0
2744_sub0	1	9	4	5	4	5	0	0
2744_sub1	0	1	0	1	0	0	0	1
2746_sub0	0	5	2	3	0	0	2	3
2746_sub1	0	1	0	1	0	0	0	1
2746_sub2	0	1	1	0	0	0	1	0
2746_sub3	0	1	1	0	0	0	1	0
2746_sub4	0	1	1	0	0	0	1	0
2749_sub0	0	1	0	1	0	0	0	1
2749_sub1	1	7	1	6	1	6	0	0
275_sub0	0	1	1	0	0	0	1	0
275_sub1	0	5	2	3	0	0	2	3
2777_sub0	0	1	0	1	0	0	0	1
2777_sub1	0	5	3	2	0	0	3	2
2777_sub2	0	1	0	1	0	0	0	1
2782_sub0	1	9	4	5	4	5	0	0
2793_sub0	0	1	0	1	0	0	0	1
2793_sub1	0	5	4	1	0	0	4	1
2799_sub0	1	6	4	2	4	2	0	0
2804_sub0	0	1	1	0	0	0	1	0
2804_sub1	0	3	2	1	0	0	2	1
2804_sub2	0	1	0	1	0	0	0	1
2804_sub3	0	1	0	1	0	0	0	1
2817_sub0	1	7	2	5	2	5	0	0
282_sub0	0	1	1	0	0	0	1	0
282_sub1	0	1	1	0	0	0	1	0
282_sub2	0	1	0	1	0	0	0	1
282_sub3	1	6	1	5	1	5	0	0
2831_sub0	0	5	4	1	0	0	4	1
2831_sub1	0	1	0	1	0	0	0	1
2833_sub0	1	10	4	6	4	6	0	0
2833_sub1	0	1	0	1	0	0	0	1
2833_sub2	0	1	0	1	0	0	0	1
2833_sub3	0	1	0	1	0	0	0	1
2833_sub4	0	1	0	1	0	0	0	1
2838_sub0	1	7	1	6	1	6	0	0
2838_sub1	0	1	1	0	0	0	1	0
2849_sub0	0	1	1	0	0	0	1	0
2849_sub1	1	7	5	2	5	2	0	0
2849_sub2	0	1	1	0	0	0	1	0
2849_sub3	0	1	0	1	0	0	0	1
2849_sub4	0	1	0	1	0	0	0	1
2849_sub5	0	1	1	0	0	0	1	0
2853_sub0	0	3	1	2	0	0	1	2
2853_sub1	0	1	1	0	0	0	1	0
2853_sub2	0	1	0	1	0	0	0	1
2853_sub3	0	1	1	0	0	0	1	0
2858_sub0	0	1	0	1	0	0	0	1
2858_sub1	0	4	4	0	0	0	4	0
2858_sub2	0	1	0	1	0	0	0	1
2861_sub0	0	1	1	0	0	0	1	0
2861_sub1	1	6	3	3	3	3	0	0
2864_sub0	1	9	2	7	2	7	0	0
2864_sub1	0	1	0	1	0	0	0	1
2864_sub2	0	1	1	0	0	0	1	0
2864_sub3	0	1	1	0	0	0	1	0
2864_sub4	0	2	1	1	0	0	1	1
2874_sub0	1	11	5	6	5	6	0	0
2879_sub0	0	4	3	1	0	0	3	1
2879_sub1	0	1	0	1	0	0	0	1
2879_sub2	0	1	1	0	0	0	1	0
2879_sub3	0	1	1	0	0	0	1	0
289_sub0	0	1	1	0	0	0	1	0
289_sub1	1	7	3	4	3	4	0	0
289_sub2	0	1	0	1	0	0	0	1
2894_sub0	1	9	5	4	5	4	0	0
2894_sub1	0	1	0	1	0	0	0	1
2894_sub2	0	1	0	1	0	0	0	1
2894_sub3	0	1	1	0	0	0	1	0
2894_sub4	0	1	0	1	0	0	0	1
2905_sub0	0	1	0	1	0	0	0	1
2905_sub1	0	5	2	3	0	0	2	3
2905_sub2	0	2	2	0	0	0	2	0
291_sub0	0	1	0	1	0	0	0	1
291_sub1	1	6	1	5	1	5	0	0
2913_sub0	0	5	3	2	0	0	3	2
2913_sub1	0	1	0	1	0	0	0	1
2922_sub0	0	1	1	0	0	0	1	0
2922_sub1	0	1	0	1	0	0	0	1
2922_sub2	0	1	0	1	0	0	0	1
2922_sub3	0	1	1	0	0	0	1	0
2922_sub4	0	1	1	0	0	0	1	0
2922_sub5	0	1	1	0	0	0	1	0
2929_sub0	1	7	3	4	3	4	0	0
2929_sub1	0	1	1	0	0	0	1	0
2929_sub2	0	1	0	1	0	0	0	1
2932_sub0	0	1	1	0	0	0	1	0
2932_sub1	0	5	3	2	0	0	3	2
2938_sub0	0	1	0	1	0	0	0	1
2938_sub1	1	7	3	4	3	4	0	0
2951_sub0	0	1	0	1	0	0	0	1
2951_sub1	0	5	0	5	0	0	0	5
2962_sub0	1	6	3	3	3	3	0	0
2962_sub1	0	1	1	0	0	0	1	0
2962_sub2	0	1	1	0	0	0	1	0
2966_sub0	1	6	2	4	2	4	0	0
2966_sub1	0	1	0	1	0	0	0	1
2966_sub2	0	1	0	1	0	0	0	1
2972_sub0	0	1	0	1	0	0	0	1
2972_sub1	0	5	2	3	0	0	2	3
2977_sub0	1	11	7	4	7	4	0	0
2977_sub1	0	1	0	1	0	0	0	1
2977_sub2	0	1	1	0	0	0	1	0
2978_sub0	0	1	0	1	0	0	0	1
2978_sub1	1	8	4	4	4	4	0	0
2978_sub2	0	1	0	1	0	0	0	1
299_sub0	0	1	1	0	0	0	1	0
299_sub1	0	4	2	2	0	0	2	2
299_sub2	0	1	0	1	0	0	0	1
2992_sub0	0	1	0	1	0	0	0	1
2992_sub1	1	7	5	2	5	2	0	0
2999_sub0	1	6	2	4	2	4	0	0
2999_sub1	0	1	1	0	0	0	1	0
2999_sub2	0	1	0	1	0	0	0	1
3003_sub0	1	6	4	2	4	2	0	0
3003_sub1	0	1	1	0	0	0	1	0
3003_sub2	0	1	0	1	0	0	0	1
3015_sub0	1	9	4	5	4	5	0	0
3015_sub1	0	1	1	0	0	0	1	0
3026_sub0	0	5	2	3	0	0	2	3
3026_sub1	0	1	0	1	0	0	0	1
303_sub0	1	6	2	4	2	4	0	0
303_sub1	0	1	0	1	0	0	0	1
303_sub2	0	1	0	1	0	0	0	1
3038_sub0	0	1	1	0	0	0	1	0
3038_sub1	0	5	3	2	0	0	3	2
3038_sub2	0	1	1	0	0	0	1	0
3038_sub3	0	1	1	0	0	0	1	0
3045_sub0	0	1	1	0	0	0	1	0
3045_sub1	0	1	0	1	0	0	0	1
3045_sub2	0	1	1	0	0	0	1	0
3045_sub3	0	5	3	2	0	0	3	2
3045_sub4	0	1	1	0	0	0	1	0
3048_sub0	0	1	1	0	0	0	1	0
3048_sub1	0	5	2	3	0	0	2	3
3048_sub2	0	1	0	1	0	0	0	1
3049_sub0	0	1	0	1	0	0	0	1
3049_sub1	0	1	1	0	0	0	1	0
3049_sub2	0	1	1	0	0	0	1	0
3049_sub3	0	3	2	1	0	0	2	1
3050_sub0	0	5	3	2	0	0	3	2
3050_sub1	0	1	0	1	0	0	0	1
3057_sub0	0	1	0	1	0	0	0	1
3057_sub1	1	6	3	3	3	3	0	0
3057_sub2	0	1	0	1	0	0	0	1
3068_sub0	1	6	2	4	2	4	0	0
3068_sub1	0	1	1	0	0	0	1	0
3068_sub2	0	1	0	1	0	0	0	1
307_sub0	0	1	1	0	0	0	1	0
307_sub1	0	3	0	3	0	0	0	3
307_sub2	0	1	0	1	0	0	0	1
307_sub3	0	1	1	0	0	0	1	0
3072_sub0	0	5	1	4	0	0	1	4
3072_sub1	0	1	0	1	0	0	0	1
3072_sub2	0	1	1	0	0	0	1	0
3072_sub3	0	1	0	1	0	0	0	1
3085_sub0	0	5	1	4	0	0	1	4
3085_sub1	0	1	0	1	0	0	0	1
3085_sub2	0	1	1	0	0	0	1	0
309_sub0	0	1	0	1	0	0	0	1
309_sub1	0	1	1	0	0	0	1	0
309_sub2	0	1	1	0	0	0	1	0
309_sub3	0	3	1	2	0	0	1	2
3092_sub0	0	5	2	3	0	0	2	3
3092_sub1	0	1	0	1	0	0	0	1
3092_sub2	0	1	1	0	0	0	1	0
3107_sub0	1	7	5	2	5	2	0	0
3107_sub1	0	1	0	1	0	0	0	1
311_sub0	0	1	1	0	0	0	1	0
311_sub1	1	7	2	5	2	5	0	0
3111_sub0	1	7	3	4	3	4	0	0
3111_sub1	0	1	0	1	0	0	0	1
3111_sub2	0	1	1	0	0	0	1	0
3115_sub0	1	13	5	8	5	8	0	0
3115_sub1	0	1	0	1	0	0	0	1
3115_sub2	0	1	1	0	0	0	1	0
3115_sub3	0	1	0	1	0	0	0	1
3115_sub4	0	1	0	1	0	0	0	1
3117_sub0	0	5	2	3	0	0	2	3
3117_sub1	0	1	1	0	0	0	1	0
3117_sub2	0	1	1	0	0	0	1	0
3117_sub3	0	1	1	0	0	0	1	0
3119_sub0	0	1	0	1	0	0	0	1
3119_sub1	0	1	1	0	0	0	1	0
3119_sub2	0	1	0	1	0	0	0	1
3119_sub3	0	1	0	1	0	0	0	1
3119_sub4	0	1	1	0	0	0	1	0
3119_sub5	0	1	1	0	0	0	1	0
3120_sub0	1	7	5	2	5	2	0	0
3120_sub1	0	1	1	0	0	0	1	0
3120_sub2	0	1	0	1	0	0	0	1
3120_sub3	0	1	1	0	0	0	1	0
313_sub0	0	1	1	0	0	0	1	0
313_sub1	0	4	0	4	0	0	0	4
313_sub2	0	1	1	0	0	0	1	0
313_sub3	0	1	0	1	0	0	0	1
313_sub4	0	1	1	0	0	0	1	0
3132_sub0	0	4	2	2	0	0	2	2
3132_sub1	0	1	0	1	0	0	0	1
3132_sub2	0	1	1	0	0	0	1	0
3132_sub3	0	1	1	0	0	0	1	0
3134_sub0	0	5	3	2	0	0	3	2
3134_sub1	0	1	0	1	0	0	0	1
3134_sub2	0	1	1	0	0	0	1	0
3134_sub3	0	1	1	0	0	0	1	0
3134_sub4	0	1	0	1	0	0	0	1
3138_sub0	1	9	4	5	4	5	0	0
3138_sub1	0	1	0	1	0	0	0	1
3138_sub2	0	1	0	1	0	0	0	1
3138_sub3	0	1	0	1	0	0	0	1
3142_sub0	1	6	3	3	3	3	0	0
3142_sub1	0	1	1	0	0	0	1	0
3142_sub2	0	1	1	0	0	0	1	0
3144_sub0	0	1	1	0	0	0	1	0
3144_sub1	1	8	5	3	5	3	0	0
3144_sub2	0	1	1	0	0	0	1	0
3148_sub0	0	1	0	1	0	0	0	1
3148_sub1	0	1	0	1	0	0	0	1
3148_sub2	0	1	0	1	0	0	0	1
3148_sub3	0	1	1	0	0	0	1	0
3148_sub4	0	1	1	0	0	0	1	0
3148_sub5	0	1	1	0	0	0	1	0
3148_sub6	0	1	1	0	0	0	1	0
3148_sub7	0	1	1	0	0	0	1	0
3148_sub8	0	1	0	1	0	0	0	1
3153_sub0	1	6	2	4	2	4	0	0
3153_sub1	0	1	0	1	0	0	0	1
3153_sub2	0	1	1	0	0	0	1	0
3153_sub3	0	1	0	1	0	0	0	1
3155_sub0	0	4	3	1	0	0	3	1
3155_sub1	0	1	1	0	0	0	1	0
3155_sub2	0	1	0	1	0	0	0	1
3172_sub0	1	9	6	3	6	3	0	0
3172_sub1	0	1	1	0	0	0	1	0
3182_sub0	0	5	2	3	0	0	2	3
3182_sub1	0	1	0	1	0	0	0	1
3182_sub2	0	1	0	1	0	0	0	1
3182_sub3	0	1	0	1	0	0	0	1
3182_sub4	0	1	1	0	0	0	1	0
3182_sub5	0	1	0	1	0	0	0	1
3195_sub0	0	1	0	1	0	0	0	1
3195_sub1	1	7	2	5	2	5	0	0
3195_sub2	0	1	0	1	0	0	0	1
3195_sub3	0	1	0	1	0	0	0	1
3196_sub0	0	1	1	0	0	0	1	0
3196_sub1	0	5	4	1	0	0	4	1
3196_sub2	0	1	1	0	0	0	1	0
3197_sub0	0	1	0	1	0	0	0	1
3197_sub1	0	1	0	1	0	0	0	1
3197_sub2	1	6	4	2	4	2	0	0
3197_sub3	0	1	1	0	0	0	1	0
3201_sub0	1	6	4	2	4	2	0	0
3201_sub1	0	1	0	1	0	0	0	1
3201_sub2	0	1	1	0	0	0	1	0
3201_sub3	0	1	1	0	0	0	1	0
3201_sub4	0	1	0	1	0	0	0	1
3205_sub0	1	6	2	4	2	4	0	0
3205_sub1	0	1	0	1	0	0	0	1
3219_sub0	0	1	0	1	0	0	0	1
3219_sub1	1	7	1	6	1	6	0	0
3219_sub2	0	1	0	1	0	0	0	1
3219_sub3	0	1	0	1	0	0	0	1
3221_sub0	1	6	5	1	5	1	0	0
3221_sub1	0	1	0	1	0	0	0	1
3240_sub0	0	1	1	0	0	0	1	0
3240_sub1	0	1	1	0	0	0	1	0
3240_sub2	0	1	0	1	0	0	0	1
3240_sub3	0	1	1	0	0	0	1	0
3240_sub4	0	1	1	0	0	0	1	0
3240_sub5	0	1	1	0	0	0	1	0
3240_sub6	0	1	1	0	0	0	1	0
3243_sub0	0	1	1	0	0	0	1	0
3243_sub1	0	4	3	1	0	0	3	1
3243_sub2	0	1	0	1	0	0	0	1
3243_sub3	0	1	0	1	0	0	0	1
3244_sub0	0	4	1	3	0	0	1	3
3244_sub1	0	1	1	0	0	0	1	0
3244_sub2	0	1	1	0	0	0	1	0
3244_sub3	0	1	1	0	0	0	1	0
3255_sub0	0	5	2	3	0	0	2	3
3255_sub1	0	1	0	1	0	0	0	1
3258_sub0	1	6	2	4	2	4	0	0
3258_sub1	0	1	0	1	0	0	0	1
3259_sub0	1	6	4	2	4	2	0	0
3259_sub1	0	1	0	1	0	0	0	1
3262_sub0	1	6	2	4	2	4	0	0
3262_sub1	0	1	0	1	0	0	0	1
3264_sub0	1	8	5	3	5	3	0	0
3264_sub1	0	1	0	1	0	0	0	1
3269_sub0	0	2	1	1	0	0	1	1
3269_sub1	0	1	0	1	0	0	0	1
3269_sub2	0	1	1	0	0	0	1	0
3269_sub3	0	1	0	1	0	0	0	1
3269_sub4	0	1	1	0	0	0	1	0
3269_sub5	0	1	1	0	0	0	1	0
3283_sub0	0	1	0	1	0	0	0	1
3283_sub1	0	4	2	2	0	0	2	2
3283_sub2	0	1	1	0	0	0	1	0
3283_sub3	0	1	1	0	0	0	1	0
3283_sub4	0	1	0	1	0	0	0	1
3283_sub5	0	1	0	1	0	0	0	1
3284_sub0	1	7	4	3	4	3	0	0
3289_sub0	0	4	1	3	0	0	1	3
3289_sub1	0	1	0	1	0	0	0	1
3289_sub2	0	1	1	0	0	0	1	0
3289_sub3	0	1	0	1	0	0	0	1
3293_sub0	0	4	3	1	0	0	3	1
3293_sub1	0	1	1	0	0	0	1	0
3293_sub2	0	1	1	0	0	0	1	0
33_sub0	0	1	1	0	0	0	1	0
33_sub1	0	5	2	3	0	0	2	3
33_sub2	0	1	0	1	0	0	0	1
33_sub3	0	1	1	0	0	0	1	0
3303_sub0	1	11	6	5	6	5	0	0
3303_sub1	0	1	0	1	0	0	0	1
3303_sub2	0	1	0	1	0	0	0	1
3305_sub0	0	4	2	2	0	0	2	2
3305_sub1	0	1	0	1	0	0	0	1
3305_sub2	0	1	0	1	0	0	0	1
3305_sub3	0	1	0	1	0	0	0	1
331_sub0	0	1	1	0	0	0	1	0
331_sub1	1	7	3	4	3	4	0	0
331_sub2	0	1	1	0	0	0	1	0
331_sub3	0	1	0	1	0	0	0	1
3310_sub0	0	1	0	1	0	0	0	1
3310_sub1	0	1	0	1	0	0	0	1
3310_sub2	0	2	0	2	0	0	0	2
3310_sub3	0	1	1	0	0	0	1	0
3310_sub4	0	2	2	0	0	0	2	0
3310_sub5	0	1	0	1	0	0	0	1
3310_sub6	0	1	1	0	0	0	1	0
3310_sub7	0	1	0	1	0	0	0	1
3316_sub0	0	1	0	1	0	0	0	1
3316_sub1	0	1	1	0	0	0	1	0
3316_sub2	0	1	1	0	0	0	1	0
3316_sub3	0	1	0	1	0	0	0	1
3316_sub4	0	1	1	0	0	0	1	0
3316_sub5	0	1	1	0	0	0	1	0
3319_sub0	0	1	0	1	0	0	0	1
3319_sub1	1	9	1	8	1	8	0	0
3321_sub0	0	1	1	0	0	0	1	0
3321_sub1	0	1	1	0	0	0	1	0
3321_sub2	0	1	1	0	0	0	1	0
3321_sub3	0	1	1	0	0	0	1	0
3321_sub4	0	1	1	0	0	0	1	0
3321_sub5	0	1	0	1	0	0	0	1
3326_sub0	0	3	3	0	0	0	3	0
3326_sub1	0	1	1	0	0	0	1	0
3326_sub2	0	1	0	1	0	0	0	1
3326_sub3	0	1	1	0	0	0	1	0
3336_sub0	1	7	2	5	2	5	0	0
3336_sub1	0	1	1	0	0	0	1	0
3346_sub0	0	1	0	1	0	0	0	1
3346_sub1	0	1	1	0	0	0	1	0
3346_sub2	0	1	0	1	0	0	0	1
3346_sub3	0	3	1	2	0	0	1	2
3350_sub0	1	8	6	2	6	2	0	0
3350_sub1	0	1	0	1	0	0	0	1
3350_sub2	0	1	1	0	0	0	1	0
3350_sub3	0	1	0	1	0	0	0	1
3351_sub0	1	7	5	2	5	2	0	0
3351_sub1	0	1	1	0	0	0	1	0
3354_sub0	1	8	5	3	5	3	0	0
3354_sub1	0	1	0	1	0	0	0	1
3354_sub2	0	1	0	1	0	0	0	1
3354_sub3	0	1	0	1	0	0	0	1
3354_sub4	0	1	1	0	0	0	1	0
3357_sub0	1	8	1	7	1	7	0	0
3357_sub1	0	1	1	0	0	0	1	0
3358_sub0	1	6	3	3	3	3	0	0
3358_sub1	0	1	1	0	0	0	1	0
336_sub0	0	1	0	1	0	0	0	1
336_sub1	1	7	6	1	6	1	0	0
336_sub2	0	1	0	1	0	0	0	1
336_sub3	0	1	0	1	0	0	0	1
336_sub4	0	1	1	0	0	0	1	0
336_sub5	0	1	0	1	0	0	0	1
336_sub6	0	1	0	1	0	0	0	1
3367_sub0	1	10	6	4	6	4	0	0
3367_sub1	0	1	1	0	0	0	1	0
3367_sub2	0	1	0	1	0	0	0	1
3369_sub0	0	5	1	4	0	0	1	4
3369_sub1	0	1	0	1	0	0	0	1
3372_sub0	1	6	2	4	2	4	0	0
3372_sub1	0	1	0	1	0	0	0	1
3372_sub2	0	1	0	1	0	0	0	1
3372_sub3	0	1	1	0	0	0	1	0
3375_sub0	1	6	4	2	4	2	0	0
3375_sub1	0	1	0	1	0	0	0	1
3386_sub0	1	7	2	5	2	5	0	0
3386_sub1	0	1	1	0	0	0	1	0
3387_sub0	0	1	1	0	0	0	1	0
3387_sub1	0	1	1	0	0	0	1	0
3387_sub2	0	4	2	2	0	0	2	2
3395_sub0	1	12	6	6	6	6	0	0
3395_sub1	0	1	0	1	0	0	0	1
3399_sub0	0	5	2	3	0	0	2	3
3399_sub1	0	1	1	0	0	0	1	0
3401_sub0	1	8	6	2	6	2	0	0
3404_sub0	1	7	4	3	4	3	0	0
3404_sub1	0	1	1	0	0	0	1	0
3408_sub0	1	7	4	3	4	3	0	0
3408_sub1	0	1	0	1	0	0	0	1
3408_sub2	0	1	1	0	0	0	1	0
3408_sub3	0	1	1	0	0	0	1	0
3413_sub0	0	1	0	1	0	0	0	1
3413_sub1	1	7	4	3	4	3	0	0
3413_sub2	0	1	0	1	0	0	0	1
3415_sub0	1	7	5	2	5	2	0	0
3415_sub1	0	1	1	0	0	0	1	0
342_sub0	0	1	1	0	0	0	1	0
342_sub1	0	4	2	2	0	0	2	2
342_sub2	0	1	0	1	0	0	0	1
3423_sub0	1	6	3	3	3	3	0	0
3423_sub1	0	1	0	1	0	0	0	1
3423_sub2	0	1	0	1	0	0	0	1
3423_sub3	0	1	0	1	0	0	0	1
3423_sub4	0	1	0	1	0	0	0	1
3426_sub0	1	6	3	3	3	3	0	0
3426_sub1	0	1	1	0	0	0	1	0
3426_sub2	0	1	0	1	0	0	0	1
3426_sub3	0	1	0	1	0	0	0	1
3437_sub0	1	7	0	7	0	7	0	0
3437_sub1	0	1	0	1	0	0	0	1
3437_sub2	0	1	1	0	0	0	1	0
3437_sub3	0	1	1	0	0	0	1	0
3448_sub0	1	9	4	5	4	5	0	0
3448_sub1	0	1	1	0	0	0	1	0
3448_sub2	0	1	0	1	0	0	0	1
3450_sub0	1	6	2	4	2	4	0	0
3450_sub1	0	1	0	1	0	0	0	1
3450_sub2	0	1	1	0	0	0	1	0
3450_sub3	0	1	0	1	0	0	0	1
3450_sub4	0	1	1	0	0	0	1	0
346_sub0	0	1	0	1	0	0	0	1
346_sub1	0	4	3	1	0	0	3	1
346_sub2	0	1	0	1	0	0	0	1
3460_sub0	0	5	5	0	0	0	5	0
3460_sub1	0	1	0	1	0	0	0	1
3460_sub2	0	1	0	1	0	0	0	1
3460_sub3	0	1	1	0	0	0	1	0
3463_sub0	1	6	2	4	2	4	0	0
3463_sub1	0	1	0	1	0	0	0	1
3463_sub2	0	1	0	1	0	0	0	1
3463_sub3	0	1	1	0	0	0	1	0
3463_sub4	0	1	1	0	0	0	1	0
3468_sub0	1	7	2	5	2	5	0	0
3468_sub1	0	1	0	1	0	0	0	1
3468_sub2	0	1	0	1	0	0	0	1
3468_sub3	0	1	1	0	0	0	1	0
3468_sub4	0	1	1	0	0	0	1	0
347_sub0	0	1	1	0	0	0	1	0
347_sub1	1	9	4	5	4	5	0	0
347_sub2	0	1	1	0	0	0	1	0
3481_sub0	0	1	0	1	0	0	0	1
3481_sub1	0	2	0	2	0	0	0	2
3481_sub2	0	1	1	0	0	0	1	0
3481_sub3	0	1	1	0	0	0	1	0
3481_sub4	0	1	0	1	0	0	0	1
3483_sub0	0	5	3	2	0	0	3	2
3483_sub1	0	1	1	0	0	0	1	0
3485_sub0	1	8	6	2	6	2	0	0
3485_sub1	0	1	0	1	0	0	0	1
3485_sub2	0	1	0	1	0	0	0	1
3488_sub0	0	5	3	2	0	0	3	2
3488_sub1	0	1	0	1	0	0	0	1
3488_sub2	0	1	1	0	0	0	1	0
3488_sub3	0	1	1	0	0	0	1	0
3493_sub0	0	3	1	2	0	0	1	2
3493_sub1	0	1	0	1	0	0	0	1
3493_sub2	0	1	0	1	0	0	0	1
3493_sub3	0	1	0	1	0	0	0	1
3499_sub0	0	5	3	2	0	0	3	2
3499_sub1	0	1	1	0	0	0	1	0
35_sub0	0	1	1	0	0	0	1	0
35_sub1	0	4	3	1	0	0	3	1
35_sub2	0	1	1	0	0	0	1	0
35_sub3	0	1	0	1	0	0	0	1
3503_sub0	0	5	5	0	0	0	5	0
3503_sub1	0	1	1	0	0	0	1	0
3503_sub2	0	1	1	0	0	0	1	0
3503_sub3	0	1	0	1	0	0	0	1
3503_sub4	0	1	1	0	0	0	1	0
3505_sub0	0	1	1	0	0	0	1	0
3505_sub1	1	6	3	3	3	3	0	0
3505_sub2	0	1	1	0	0	0	1	0
3505_sub3	0	1	1	0	0	0	1	0
3505_sub4	0	1	1	0	0	0	1	0
3505_sub5	0	1	0	1	0	0	0	1
3514_sub0	0	1	0	1	0	0	0	1
3514_sub1	0	1	0	1	0	0	0	1
3514_sub2	0	1	1	0	0	0	1	0
3514_sub3	0	1	1	0	0	0	1	0
3514_sub4	0	1	1	0	0	0	1	0
3514_sub5	0	1	1	0	0	0	1	0
3514_sub6	0	1	0	1	0	0	0	1
3515_sub0	1	7	4	3	4	3	0	0
3515_sub1	0	1	1	0	0	0	1	0
3516_sub0	0	1	1	0	0	0	1	0
3516_sub1	0	1	1	0	0	0	1	0
3516_sub2	0	4	2	2	0	0	2	2
3523_sub0	1	12	5	7	5	7	0	0
3523_sub1	0	1	0	1	0	0	0	1
3523_sub2	0	1	0	1	0	0	0	1
3523_sub3	0	1	0	1	0	0	0	1
3525_sub0	1	9	4	5	4	5	0	0
3525_sub1	0	1	1	0	0	0	1	0
3526_sub0	1	11	5	6	5	6	0	0
3526_sub1	0	1	0	1	0	0	0	1
3526_sub2	0	1	0	1	0	0	0	1
3531_sub0	1	7	2	5	2	5	0	0
3531_sub1	0	1	1	0	0	0	1	0
3531_sub2	0	1	1	0	0	0	1	0
3531_sub3	0	1	0	1	0	0	0	1
3531_sub4	0	1	0	1	0	0	0	1
3532_sub0	1	7	0	7	0	7	0	0
3532_sub1	0	1	1	0	0	0	1	0
3533_sub0	0	5	0	5	0	0	0	5
3533_sub1	0	1	1	0	0	0	1	0
3533_sub2	0	1	1	0	0	0	1	0
3533_sub3	0	1	1	0	0	0	1	0
3537_sub0	1	7	3	4	3	4	0	0
3537_sub1	0	1	0	1	0	0	0	1
3542_sub0	1	10	2	8	2	8	0	0
3542_sub1	0	1	0	1	0	0	0	1
3542_sub2	0	1	1	0	0	0	1	0
3543_sub0	1	6	1	5	1	5	0	0
3543_sub1	0	1	1	0	0	0	1	0
3543_sub2	0	1	0	1	0	0	0	1
3549_sub0	1	6	4	2	4	2	0	0
3549_sub1	0	1	1	0	0	0	1	0
3549_sub2	0	1	1	0	0	0	1	0
3549_sub3	0	1	0	1	0	0	0	1
3553_sub0	1	7	1	6	1	6	0	0
3555_sub0	1	9	5	4	5	4	0	0
3555_sub1	0	1	1	0	0	0	1	0
3555_sub2	0	1	0	1	0	0	0	1
357_sub0	0	1	0	1	0	0	0	1
357_sub1	0	1	0	1	0	0	0	1
357_sub2	1	6	4	2	4	2	0	0
357_sub3	0	1	1	0	0	0	1	0
357_sub4	0	1	1	0	0	0	1	0
357_sub5	0	1	0	1	0	0	0	1
357_sub6	0	1	0	1	0	0	0	1
3574_sub0	1	7	3	4	3	4	0	0
3574_sub1	0	1	1	0	0	0	1	0
3574_sub2	0	1	0	1	0	0	0	1
3574_sub3	0	1	0	1	0	0	0	1
3574_sub4	0	1	0	1	0	0	0	1
358_sub0	0	1	0	1	0	0	0	1
358_sub1	0	5	1	4	0	0	1	4
3581_sub0	1	6	2	4	2	4	0	0
3584_sub0	0	1	0	1	0	0	0	1
3584_sub1	0	1	1	0	0	0	1	0
3584_sub2	0	4	4	0	0	0	4	0
3593_sub0	0	4	3	1	0	0	3	1
3593_sub1	0	1	0	1	0	0	0	1
3593_sub2	0	1	0	1	0	0	0	1
3593_sub3	0	1	0	1	0	0	0	1
3595_sub0	1	7	2	5	2	5	0	0
3595_sub1	0	1	0	1	0	0	0	1
3595_sub2	0	1	1	0	0	0	1	0
3595_sub3	0	1	1	0	0	0	1	0
3595_sub4	0	1	0	1	0	0	0	1
3597_sub0	1	8	5	3	5	3	0	0
3597_sub1	0	1	0	1	0	0	0	1
3597_sub2	0	1	0	1	0	0	0	1
3598_sub0	0	4	2	2	0	0	2	2
3598_sub1	0	1	0	1	0	0	0	1
3598_sub2	0	1	0	1	0	0	0	1
3598_sub3	0	1	0	1	0	0	0	1
36_sub0	0	1	1	0	0	0	1	0
36_sub1	1	6	3	3	3	3	0	0
36_sub2	0	1	1	0	0	0	1	0
36_sub3	0	1	1	0	0	0	1	0
3600_sub0	0	1	0	1	0	0	0	1
3600_sub1	0	1	0	1	0	0	0	1
3600_sub2	0	1	0	1	0	0	0	1
3600_sub3	0	1	1	0	0	0	1	0
3600_sub4	0	1	1	0	0	0	1	0
3600_sub5	0	1	1	0	0	0	1	0
3605_sub0	0	1	0	1	0	0	0	1
3605_sub1	0	1	0	1	0	0	0	1
3605_sub2	0	4	2	2	0	0	2	2
3605_sub3	0	1	1	0	0	0	1	0
3605_sub4	0	1	1	0	0	0	1	0
361_sub0	0	1	0	1	0	0	0	1
361_sub1	1	10	4	6	4	6	0	0
361_sub2	0	1	0	1	0	0	0	1
3622_sub0	1	6	3	3	3	3	0	0
3631_sub0	0	5	3	2	0	0	3	2
3631_sub1	0	1	0	1	0	0	0	1
3631_sub2	0	1	0	1	0	0	0	1
3631_sub3	0	1	1	0	0	0	1	0
3631_sub4	0	1	1	0	0	0	1	0
3633_sub0	1	10	5	5	5	5	0	0
3633_sub1	0	1	0	1	0	0	0	1
3633_sub2	0	1	0	1	0	0	0	1
3642_sub0	1	6	5	1	5	1	0	0
3642_sub1	0	1	0	1	0	0	0	1
3645_sub0	1	7	3	4	3	4	0	0
3645_sub1	0	1	1	0	0	0	1	0
3645_sub2	0	1	0	1	0	0	0	1
365_sub0	0	1	0	1	0	0	0	1
365_sub1	0	1	0	1	0	0	0	1
365_sub2	0	1	0	1	0	0	0	1
365_sub3	0	1	0	1	0	0	0	1
365_sub4	0	1	0	1	0	0	0	1
365_sub5	0	1	1	0	0	0	1	0
3650_sub0	1	8	7	1	7	1	0	0
3650_sub1	0	1	0	1	0	0	0	1
3650_sub2	0	1	0	1	0	0	0	1
3650_sub3	0	1	0	1	0	0	0	1
3650_sub4	0	1	0	1	0	0	0	1
3655_sub0	0	1	0	1	0	0	0	1
3655_sub1	0	3	2	1	0	0	2	1
3655_sub2	0	1	0	1	0	0	0	1
3655_sub3	0	1	1	0	0	0	1	0
3655_sub4	0	1	1	0	0	0	1	0
3655_sub5	0	1	0	1	0	0	0	1
3655_sub6	0	1	1	0	0	0	1	0
3655_sub7	0	1	1	0	0	0	1	0
3656_sub0	1	7	4	3	4	3	0	0
3656_sub1	0	1	0	1	0	0	0	1
3656_sub2	0	1	1	0	0	0	1	0
3658_sub0	1	7	1	6	1	6	0	0
3658_sub1	0	1	0	1	0	0	0	1
3666_sub0	1	9	5	4	5	4	0	0
3666_sub1	0	1	1	0	0	0	1	0
3666_sub2	0	1	1	0	0	0	1	0
3666_sub3	0	1	1	0	0	0	1	0
3666_sub4	0	1	0	1	0	0	0	1
3681_sub0	1	6	2	4	2	4	0	0
3681_sub1	0	1	0	1	0	0	0	1
3681_sub2	0	1	0	1	0	0	0	1
3685_sub0	0	1	1	0	0	0	1	0
3685_sub1	1	7	5	2	5	2	0	0
3686_sub0	0	5	3	2	0	0	3	2
3686_sub1	0	1	1	0	0	0	1	0
3689_sub0	1	6	2	4	2	4	0	0
3689_sub1	0	1	0	1	0	0	0	1
3695_sub0	0	4	1	3	0	0	1	3
3695_sub1	0	1	0	1	0	0	0	1
3695_sub2	0	1	1	0	0	0	1	0
3699_sub0	0	1	1	0	0	0	1	0
3699_sub1	0	5	5	0	0	0	5	0
3699_sub2	0	1	1	0	0	0	1	0
3699_sub3	0	1	1	0	0	0	1	0
3699_sub4	0	1	1	0	0	0	1	0
3704_sub0	1	7	2	5	2	5	0	0
3704_sub1	0	1	1	0	0	0	1	0
3708_sub0	1	6	5	1	5	1	0	0
3708_sub1	0	1	1	0	0	0	1	0
3720_sub0	0	3	1	2	0	0	1	2
3720_sub1	0	1	1	0	0	0	1	0
3720_sub2	0	1	0	1	0	0	0	1
3720_sub3	0	1	1	0	0	0	1	0
373_sub0	0	1	0	1	0	0	0	1
373_sub1	0	5	2	3	0	0	2	3
373_sub2	0	1	0	1	0	0	0	1
3733_sub0	1	10	4	6	4	6	0	0
3733_sub1	0	1	0	1	0	0	0	1
3733_sub2	0	1	0	1	0	0	0	1
3733_sub3	0	1	0	1	0	0	0	1
3743_sub0	1	9	2	7	2	7	0	0
3743_sub1	0	1	1	0	0	0	1	0
3743_sub2	0	1	0	1	0	0	0	1
3743_sub3	0	1	1	0	0	0	1	0
3743_sub4	0	1	1	0	0	0	1	0
3743_sub5	0	1	1	0	0	0	1	0
3747_sub0	0	5	2	3	0	0	2	3
3747_sub1	0	1	0	1	0	0	0	1
3750_sub0	0	4	4	0	0	0	4	0
3750_sub1	0	1	0	1	0	0	0	1
3750_sub2	0	1	0	1	0	0	0	1
3750_sub3	0	1	0	1	0	0	0	1
3750_sub4	0	1	1	0	0	0	1	0
3750_sub5	0	1	1	0	0	0	1	0
3750_sub6	0	1	0	1	0	0	0	1
376_sub0	0	1	1	0	0	0	1	0
376_sub1	0	1	0	1	0	0	0	1
376_sub2	0	3	1	2	0	0	1	2
376_sub3	0	1	0	1	0	0	0	1
3764_sub0	0	1	0	1	0	0	0	1
3764_sub1	0	1	0	1	0	0	0	1
3764_sub2	0	1	1	0	0	0	1	0
3764_sub3	0	1	0	1	0	0	0	1
3764_sub4	0	1	0	1	0	0	0	1
3764_sub5	0	1	1	0	0	0	1	0
3764_sub6	0	1	1	0	0	0	1	0
3764_sub7	0	1	0	1	0	0	0	1
3767_sub0	1	7	5	2	5	2	0	0
3767_sub1	0	1	0	1	0	0	0	1
3767_sub2	0	1	0	1	0	0	0	1
3767_sub3	0	1	0	1	0	0	0	1
3767_sub4	0	1	0	1	0	0	0	1
3772_sub0	0	4	3	1	0	0	3	1
3772_sub1	0	1	0	1	0	0	0	1
3772_sub2	0	1	1	0	0	0	1	0
3772_sub3	0	1	0	1	0	0	0	1
3772_sub4	0	1	0	1	0	0	0	1
3775_sub0	0	1	0	1	0	0	0	1
3775_sub1	0	1	1	0	0	0	1	0
3775_sub2	1	6	2	4	2	4	0	0
3775_sub3	0	1	1	0	0	0	1	0
3784_sub0	0	1	0	1	0	0	0	1
3784_sub1	0	1	1	0	0	0	1	0
3784_sub2	0	1	0	1	0	0	0	1
3784_sub3	0	1	1	0	0	0	1	0
3784_sub4	0	1	1	0	0	0	1	0
3784_sub5	0	1	1	0	0	0	1	0
3795_sub0	0	3	2	1	0	0	2	1
3795_sub1	0	1	1	0	0	0	1	0
3795_sub2	0	1	0	1	0	0	0	1
3795_sub3	0	1	0	1	0	0	0	1
3795_sub4	0	1	1	0	0	0	1	0
38_sub0	0	1	1	0	0	0	1	0
38_sub1	0	1	1	0	0	0	1	0
38_sub2	1	6	5	1	5	1	0	0
380_sub0	0	1	1	0	0	0	1	0
380_sub1	0	1	1	0	0	0	1	0
380_sub2	0	4	3	1	0	0	3	1
3803_sub0	0	1	1	0	0	0	1	0
3803_sub1	0	2	2	0	0	0	2	0
3803_sub2	0	1	0	1	0	0	0	1
3803_sub3	0	1	0	1	0	0	0	1
3803_sub4	0	1	0	1	0	0	0	1
3803_sub5	0	1	0	1	0	0	0	1
3808_sub0	0	5	2	3	0	0	2	3
3808_sub1	0	1	0	1	0	0	0	1
3808_sub2	0	1	1	0	0	0	1	0
3810_sub0	1	9	2	7	2	7	0	0
3810_sub1	0	1	1	0	0	0	1	0
382_sub0	0	1	0	1	0	0	0	1
382_sub1	1	9	2	7	2	7	0	0
3829_sub0	0	4	3	1	0	0	3	1
3829_sub1	0	1	1	0	0	0	1	0
3829_sub2	0	1	0	1	0	0	0	1
3835_sub0	0	4	2	2	0	0	2	2
3835_sub1	0	1	1	0	0	0	1	0
3835_sub2	0	1	0	1	0	0	0	1
3835_sub3	0	1	1	0	0	0	1	0
3836_sub0	0	4	1	3	0	0	1	3
3836_sub1	0	1	0	1	0	0	0	1
3836_sub2	0	1	1	0	0	0	1	0
3850_sub0	1	8	5	3	5	3	0	0
3850_sub1	0	1	0	1	0	0	0	1
3854_sub0	0	1	1	0	0	0	1	0
3854_sub1	0	1	0	1	0	0	0	1
3854_sub2	0	3	0	3	0	0	0	3
3854_sub3	0	2	2	0	0	0	2	0
3854_sub4	0	1	0	1	0	0	0	1
3854_sub5	0	1	1	0	0	0	1	0
3860_sub0	1	6	2	4	2	4	0	0
3860_sub1	0	1	0	1	0	0	0	1
3869_sub0	0	3	2	1	0	0	2	1
3869_sub1	0	1	0	1	0	0	0	1
3869_sub2	0	1	1	0	0	0	1	0
3869_sub3	0	1	0	1	0	0	0	1
3869_sub4	0	1	1	0	0	0	1	0
3875_sub0	1	6	2	4	2	4	0	0
3875_sub1	0	1	0	1	0	0	0	1
3875_sub2	0	1	0	1	0	0	0	1
3875_sub3	0	1	1	0	0	0	1	0
3875_sub4	0	1	0	1	0	0	0	1
3878_sub0	1	6	4	2	4	2	0	0
3878_sub1	0	1	0	1	0	0	0	1
389_sub0	0	1	0	1	0	0	0	1
389_sub1	0	1	1	0	0	0	1	0
389_sub2	0	4	1	3	0	0	1	3
389_sub3	0	1	0	1	0	0	0	1
3893_sub0	1	7	5	2	5	2	0	0
3893_sub1	0	1	1	0	0	0	1	0
3893_sub2	0	1	0	1	0	0	0	1
3894_sub0	0	1	0	1	0	0	0	1
3894_sub1	0	1	1	0	0	0	1	0
3894_sub2	0	4	2	2	0	0	2	2
3894_sub3	0	1	1	0	0	0	1	0
3895_sub0	0	1	0	1	0	0	0	1
3895_sub1	0	4	2	2	0	0	2	2
3895_sub2	0	1	0	1	0	0	0	1
3898_sub0	1	6	3	3	3	3	0	0
3898_sub1	0	1	1	0	0	0	1	0
3911_sub0	0	5	3	2	0	0	3	2
3911_sub1	0	1	0	1	0	0	0	1
3918_sub0	0	5	4	1	0	0	4	1
3918_sub1	0	1	0	1	0	0	0	1
3918_sub2	0	1	1	0	0	0	1	0
3918_sub3	0	1	0	1	0	0	0	1
3919_sub0	1	7	3	4	3	4	0	0
3919_sub1	0	1	1	0	0	0	1	0
3919_sub2	0	1	1	0	0	0	1	0
3919_sub3	0	1	0	1	0	0	0	1
3922_sub0	0	4	1	3	0	0	1	3
3922_sub1	0	1	1	0	0	0	1	0
3922_sub2	0	1	1	0	0	0	1	0
3922_sub3	0	1	1	0	0	0	1	0
3922_sub4	0	1	0	1	0	0	0	1
3932_sub0	1	8	3	5	3	5	0	0
3932_sub1	0	1	1	0	0	0	1	0
3932_sub2	0	1	1	0	0	0	1	0
394_sub0	0	1	1	0	0	0	1	0
394_sub1	0	1	1	0	0	0	1	0
394_sub2	0	1	1	0	0	0	1	0
394_sub3	0	2	2	0	0	0	2	0
394_sub4	0	1	0	1	0	0	0	1
3944_sub0	0	1	0	1	0	0	0	1
3944_sub1	1	10	8	2	8	2	0	0
3944_sub2	0	1	0	1	0	0	0	1
3944_sub3	0	1	0	1	0	0	0	1
3944_sub4	0	1	1	0	0	0	1	0
3944_sub5	0	1	1	0	0	0	1	0
3950_sub0	0	5	3	2	0	0	3	2
3950_sub1	0	1	1	0	0	0	1	0
3950_sub2	0	1	0	1	0	0	0	1
3950_sub3	0	1	0	1	0	0	0	1
3951_sub0	0	1	0	1	0	0	0	1
3951_sub1	0	1	1	0	0	0	1	0
3951_sub2	0	1	1	0	0	0	1	0
3951_sub3	0	1	0	1	0	0	0	1
3951_sub4	0	1	1	0	0	0	1	0
3951_sub5	0	1	1	0	0	0	1	0
3957_sub0	0	3	0	3	0	0	0	3
3957_sub1	0	1	1	0	0	0	1	0
3957_sub2	0	1	0	1	0	0	0	1
3957_sub3	0	1	1	0	0	0	1	0
3961_sub0	1	7	2	5	2	5	0	0
3961_sub1	0	1	0	1	0	0	0	1
3969_sub0	0	5	0	5	0	0	0	5
3969_sub1	0	1	0	1	0	0	0	1
3969_sub2	0	1	0	1	0	0	0	1
3974_sub0	1	7	2	5	2	5	0	0
3974_sub1	0	1	0	1	0	0	0	1
3974_sub2	0	1	1	0	0	0	1	0
3974_sub3	0	1	0	1	0	0	0	1
3976_sub0	1	6	5	1	5	1	0	0
3976_sub1	0	1	0	1	0	0	0	1
3976_sub2	0	1	0	1	0	0	0	1
3980_sub0	0	1	1	0	0	0	1	0
3980_sub1	0	1	0	1	0	0	0	1
3980_sub2	0	1	1	0	0	0	1	0
3980_sub3	0	1	0	1	0	0	0	1
3980_sub4	0	1	0	1	0	0	0	1
3980_sub5	0	1	1	0	0	0	1	0
3980_sub6	0	1	1	0	0	0	1	0
3980_sub7	0	1	0	1	0	0	0	1
3980_sub8	0	1	1	0	0	0	1	0
399_sub0	0	1	1	0	0	0	1	0
399_sub1	0	1	1	0	0	0	1	0
399_sub2	1	8	6	2	6	2	0	0
399_sub3	0	1	1	0	0	0	1	0
3996_sub0	1	6	1	5	1	5	0	0
3996_sub1	0	1	0	1	0	0	0	1
3996_sub2	0	2	1	1	0	0	1	1
3997_sub0	0	1	1	0	0	0	1	0
3997_sub1	1	8	5	3	5	3	0	0
4_sub0	0	1	1	0	0	0	1	0
4_sub1	0	4	2	2	0	0	2	2
4_sub2	0	1	0	1	0	0	0	1
4000_sub0	0	1	1	0	0	0	1	0
4000_sub1	0	1	1	0	0	0	1	0
4000_sub2	0	1	1	0	0	0	1	0
4000_sub3	0	1	1	0	0	0	1	0
4000_sub4	0	1	0	1	0	0	0	1
4000_sub5	0	1	0	1	0	0	0	1
4008_sub0	1	10	5	5	5	5	0	0
4008_sub1	0	1	0	1	0	0	0	1
4008_sub2	0	1	0	1	0	0	0	1
4008_sub3	0	1	0	1	0	0	0	1
4008_sub4	0	1	1	0	0	0	1	0
4008_sub5	0	1	0	1	0	0	0	1
4008_sub6	0	1	0	1	0	0	0	1
4008_sub7	0	1	0	1	0	0	0	1
4010_sub0	0	1	0	1	0	0	0	1
4010_sub1	0	5	4	1	0	0	4	1
4010_sub2	0	1	0	1	0	0	0	1
4010_sub3	0	1	1	0	0	0	1	0
4012_sub0	0	1	1	0	0	0	1	0
4012_sub1	0	5	4	1	0	0	4	1
4012_sub2	0	1	0	1	0	0	0	1
4012_sub3	0	1	0	1	0	0	0	1
4012_sub4	0	1	1	0	0	0	1	0
4012_sub5	0	1	0	1	0	0	0	1
4020_sub0	1	8	5	3	5	3	0	0
4020_sub1	0	1	0	1	0	0	0	1
4021_sub0	0	5	3	2	0	0	3	2
4021_sub1	0	1	1	0	0	0	1	0
4021_sub2	0	1	0	1	0	0	0	1
4021_sub3	0	1	1	0	0	0	1	0
4024_sub0	1	8	4	4	4	4	0	0
4024_sub1	0	1	0	1	0	0	0	1
4024_sub2	0	1	0	1	0	0	0	1
4024_sub3	0	1	0	1	0	0	0	1
4028_sub0	1	9	4	5	4	5	0	0
4028_sub1	0	1	0	1	0	0	0	1
4030_sub0	0	1	1	0	0	0	1	0
4030_sub1	0	3	2	1	0	0	2	1
4030_sub2	0	1	0	1	0	0	0	1
4030_sub3	0	1	0	1	0	0	0	1
4038_sub0	0	4	3	1	0	0	3	1
4038_sub1	0	1	1	0	0	0	1	0
4038_sub2	0	1	0	1	0	0	0	1
404_sub0	0	1	1	0	0	0	1	0
404_sub1	0	1	0	1	0	0	0	1
404_sub2	0	4	2	2	0	0	2	2
404_sub3	0	1	0	1	0	0	0	1
4040_sub0	0	4	2	2	0	0	2	2
4040_sub1	0	1	0	1	0	0	0	1
4040_sub2	0	1	1	0	0	0	1	0
4040_sub3	0	1	0	1	0	0	0	1
4049_sub0	1	7	3	4	3	4	0	0
4056_sub0	0	3	1	2	0	0	1	2
4056_sub1	0	1	1	0	0	0	1	0
4056_sub2	0	1	0	1	0	0	0	1
4056_sub3	0	1	0	1	0	0	0	1
4058_sub0	0	3	1	2	0	0	1	2
4058_sub1	0	1	1	0	0	0	1	0
4058_sub2	0	1	0	1	0	0	0	1
4058_sub3	0	1	1	0	0	0	1	0
4058_sub4	0	1	1	0	0	0	1	0
4061_sub0	0	1	1	0	0	0	1	0
4061_sub1	0	5	3	2	0	0	3	2
4061_sub2	0	1	0	1	0	0	0	1
4064_sub0	1	7	6	1	6	1	0	0
4064_sub1	0	1	0	1	0	0	0	1
4064_sub2	0	1	1	0	0	0	1	0
4065_sub0	1	10	4	6	4	6	0	0
4065_sub1	0	1	0	1	0	0	0	1
4065_sub2	0	1	1	0	0	0	1	0
4065_sub3	0	1	1	0	0	0	1	0
4066_sub0	1	9	3	6	3	6	0	0
4066_sub1	0	1	1	0	0	0	1	0
4066_sub2	0	1	1	0	0	0	1	0
4066_sub3	0	1	1	0	0	0	1	0
4066_sub4	0	1	1	0	0	0	1	0
4069_sub0	0	5	4	1	0	0	4	1
4069_sub1	0	1	0	1	0	0	0	1
4069_sub2	0	1	0	1	0	0	0	1
408_sub0	0	1	1	0	0	0	1	0
408_sub1	1	6	2	4	2	4	0	0
408_sub2	0	1	0	1	0	0	0	1
408_sub3	0	1	1	0	0	0	1	0
408_sub4	0	1	1	0	0	0	1	0
4080_sub0	0	1	1	0	0	0	1	0
4080_sub1	0	5	1	4	0	0	1	4
4080_sub2	0	1	1	0	0	0	1	0
4090_sub0	0	1	0	1	0	0	0	1
4090_sub1	0	1	1	0	0	0	1	0
4090_sub2	0	1	1	0	0	0	1	0
4090_sub3	0	2	1	1	0	0	1	1
4090_sub4	0	1	1	0	0	0	1	0
4094_sub0	1	6	4	2	4	2	0	0
4094_sub1	0	1	1	0	0	0	1	0
4094_sub2	0	1	1	0	0	0	1	0
4094_sub3	0	1	0	1	0	0	0	1
4108_sub0	0	4	3	1	0	0	3	1
4108_sub1	0	1	0	1	0	0	0	1
4108_sub2	0	1	0	1	0	0	0	1
4108_sub3	0	1	0	1	0	0	0	1
4108_sub4	0	1	0	1	0	0	0	1
4108_sub5	0	1	1	0	0	0	1	0
4110_sub0	1	6	4	2	4	2	0	0
4110_sub1	0	1	1	0	0	0	1	0
4110_sub2	0	1	0	1	0	0	0	1
4110_sub3	0	1	0	1	0	0	0	1
4110_sub4	0	1	1	0	0	0	1	0
4110_sub5	0	1	0	1	0	0	0	1
4111_sub0	0	1	0	1	0	0	0	1
4111_sub1	0	5	0	5	0	0	0	5
4111_sub2	0	1	0	1	0	0	0	1
4113_sub0	0	1	1	0	0	0	1	0
4113_sub1	0	5	3	2	0	0	3	2
4113_sub2	0	1	1	0	0	0	1	0
4113_sub3	0	1	0	1	0	0	0	1
4118_sub0	0	1	0	1	0	0	0	1
4118_sub1	0	1	0	1	0	0	0	1
4118_sub2	0	4	3	1	0	0	3	1
4118_sub3	0	1	1	0	0	0	1	0
4119_sub0	1	8	5	3	5	3	0	0
4119_sub1	0	1	0	1	0	0	0	1
4119_sub2	0	1	1	0	0	0	1	0
4119_sub3	0	1	1	0	0	0	1	0
4121_sub0	1	8	7	1	7	1	0	0
4121_sub1	0	1	0	1	0	0	0	1
4121_sub2	0	1	1	0	0	0	1	0
4121_sub3	0	1	1	0	0	0	1	0
4121_sub4	0	1	1	0	0	0	1	0
4121_sub5	0	1	1	0	0	0	1	0
4126_sub0	1	6	0	6	0	6	0	0
4126_sub1	0	1	0	1	0	0	0	1
4126_sub2	0	1	1	0	0	0	1	0
4126_sub3	0	1	0	1	0	0	0	1
4149_sub0	1	8	4	4	4	4	0	0
4149_sub1	0	1	0	1	0	0	0	1
415_sub0	0	1	0	1	0	0	0	1
415_sub1	0	4	1	3	0	0	1	3
415_sub2	0	1	1	0	0	0	1	0
4165_sub0	0	1	1	0	0	0	1	0
4165_sub1	0	5	3	2	0	0	3	2
4165_sub2	0	1	1	0	0	0	1	0
417_sub0	1	9	4	5	4	5	0	0
417_sub1	0	1	1	0	0	0	1	0
4170_sub0	0	5	5	0	0	0	5	0
4170_sub1	0	1	0	1	0	0	0	1
4170_sub2	0	1	1	0	0	0	1	0
4170_sub3	0	1	1	0	0	0	1	0
4178_sub0	0	4	2	2	0	0	2	2
4178_sub1	0	1	1	0	0	0	1	0
4178_sub2	0	1	0	1	0	0	0	1
4178_sub3	0	1	0	1	0	0	0	1
4192_sub0	0	2	0	2	0	0	0	2
4192_sub1	0	1	0	1	0	0	0	1
4192_sub2	0	1	0	1	0	0	0	1
4192_sub3	0	1	1	0	0	0	1	0
4192_sub4	0	1	1	0	0	0	1	0
4201_sub0	1	10	4	6	4	6	0	0
4201_sub1	0	1	1	0	0	0	1	0
4201_sub2	0	1	1	0	0	0	1	0
4201_sub3	0	1	1	0	0	0	1	0
4205_sub0	1	10	2	8	2	8	0	0
4205_sub1	0	1	1	0	0	0	1	0
4205_sub2	0	1	0	1	0	0	0	1
4207_sub0	0	3	3	0	0	0	3	0
4207_sub1	0	1	0	1	0	0	0	1
4207_sub2	0	1	1	0	0	0	1	0
4207_sub3	0	1	1	0	0	0	1	0
422_sub0	0	1	0	1	0	0	0	1
422_sub1	1	8	3	5	3	5	0	0
4222_sub0	0	1	0	1	0	0	0	1
4222_sub1	0	3	3	0	0	0	3	0
4222_sub2	0	1	1	0	0	0	1	0
4222_sub3	0	1	1	0	0	0	1	0
4222_sub4	0	1	1	0	0	0	1	0
4251_sub0	0	5	2	3	0	0	2	3
4251_sub1	0	1	0	1	0	0	0	1
4251_sub2	0	1	1	0	0	0	1	0
4252_sub0	0	1	1	0	0	0	1	0
4252_sub1	0	1	0	1	0	0	0	1
4252_sub2	1	6	3	3	3	3	0	0
4258_sub0	1	10	3	7	3	7	0	0
4258_sub1	0	1	1	0	0	0	1	0
4258_sub2	0	1	0	1	0	0	0	1
4261_sub0	1	7	2	5	2	5	0	0
4261_sub1	0	1	0	1	0	0	0	1
4261_sub2	0	1	1	0	0	0	1	0
4261_sub3	0	1	1	0	0	0	1	0
4261_sub4	0	1	0	1	0	0	0	1
4263_sub0	1	8	4	4	4	4	0	0
4263_sub1	0	1	0	1	0	0	0	1
4263_sub2	0	1	1	0	0	0	1	0
4263_sub3	0	1	0	1	0	0	0	1
4263_sub4	0	1	1	0	0	0	1	0
4266_sub0	1	7	4	3	4	3	0	0
4266_sub1	0	1	1	0	0	0	1	0
4271_sub0	0	4	3	1	0	0	3	1
4271_sub1	0	1	0	1	0	0	0	1
4271_sub2	0	1	0	1	0	0	0	1
4277_sub0	1	6	4	2	4	2	0	0
4277_sub1	0	1	1	0	0	0	1	0
429_sub0	0	1	1	0	0	0	1	0
429_sub1	1	10	4	6	4	6	0	0
4294_sub0	0	1	1	0	0	0	1	0
4294_sub1	1	10	4	6	4	6	0	0
4294_sub2	0	1	0	1	0	0	0	1
4294_sub3	0	1	0	1	0	0	0	1
4294_sub4	0	1	0	1	0	0	0	1
4301_sub0	0	1	0	1	0	0	0	1
4301_sub1	1	7	4	3	4	3	0	0
4301_sub2	0	1	0	1	0	0	0	1
4301_sub3	0	1	1	0	0	0	1	0
4303_sub0	1	7	1	6	1	6	0	0
4303_sub1	0	1	0	1	0	0	0	1
4303_sub2	0	1	1	0	0	0	1	0
4308_sub0	1	6	4	2	4	2	0	0
4308_sub1	0	1	1	0	0	0	1	0
4314_sub0	1	6	6	0	6	0	0	0
4314_sub1	0	1	0	1	0	0	0	1
4314_sub2	0	1	1	0	0	0	1	0
4318_sub0	0	1	0	1	0	0	0	1
4318_sub1	1	7	4	3	4	3	0	0
4318_sub2	0	1	1	0	0	0	1	0
4318_sub3	0	1	0	1	0	0	0	1
4318_sub4	0	1	0	1	0	0	0	1
4318_sub5	0	1	0	1	0	0	0	1
432_sub0	0	1	1	0	0	0	1	0
432_sub1	0	1	0	1	0	0	0	1
432_sub2	0	1	1	0	0	0	1	0
432_sub3	0	1	0	1	0	0	0	1
432_sub4	0	1	1	0	0	0	1	0
432_sub5	0	1	1	0	0	0	1	0
4321_sub0	0	1	1	0	0	0	1	0
4321_sub1	1	8	4	4	4	4	0	0
4325_sub0	0	5	3	2	0	0	3	2
4325_sub1	0	1	1	0	0	0	1	0
4325_sub2	0	2	1	1	0	0	1	1
4325_sub3	0	1	0	1	0	0	0	1
4325_sub4	0	1	1	0	0	0	1	0
4325_sub5	0	1	1	0	0	0	1	0
4325_sub6	0	1	0	1	0	0	0	1
4326_sub0	1	6	2	4	2	4	0	0
4326_sub1	0	1	1	0	0	0	1	0
4326_sub2	0	1	1	0	0	0	1	0
4334_sub0	0	4	3	1	0	0	3	1
4334_sub1	0	1	0	1	0	0	0	1
4334_sub2	0	1	1	0	0	0	1	0
4335_sub0	0	1	0	1	0	0	0	1
4335_sub1	0	4	2	2	0	0	2	2
4335_sub2	0	1	0	1	0	0	0	1
4335_sub3	0	1	0	1	0	0	0	1
434_sub0	0	1	1	0	0	0	1	0
434_sub1	0	1	1	0	0	0	1	0
434_sub2	0	1	1	0	0	0	1	0
434_sub3	0	1	0	1	0	0	0	1
434_sub4	0	1	0	1	0	0	0	1
434_sub5	0	1	1	0	0	0	1	0
4344_sub0	1	7	4	3	4	3	0	0
4344_sub1	0	1	0	1	0	0	0	1
4344_sub2	0	1	1	0	0	0	1	0
4344_sub3	0	1	0	1	0	0	0	1
4346_sub0	1	7	2	5	2	5	0	0
4346_sub1	0	1	1	0	0	0	1	0
4351_sub0	1	6	1	5	1	5	0	0
4351_sub1	0	1	1	0	0	0	1	0
4351_sub2	0	1	1	0	0	0	1	0
4356_sub0	0	4	2	2	0	0	2	2
4356_sub1	0	1	1	0	0	0	1	0
4356_sub2	0	1	1	0	0	0	1	0
4357_sub0	1	7	4	3	4	3	0	0
4357_sub1	0	1	1	0	0	0	1	0
4357_sub2	0	1	0	1	0	0	0	1
4378_sub0	0	5	4	1	0	0	4	1
4378_sub1	0	1	0	1	0	0	0	1
4378_sub2	0	1	0	1	0	0	0	1
4379_sub0	1	8	3	5	3	5	0	0
4379_sub1	0	1	1	0	0	0	1	0
4379_sub2	0	1	1	0	0	0	1	0
4379_sub3	0	1	0	1	0	0	0	1
4379_sub4	0	1	0	1	0	0	0	1
4379_sub5	0	1	0	1	0	0	0	1
4384_sub0	1	9	3	6	3	6	0	0
4385_sub0	0	4	2	2	0	0	2	2
4385_sub1	0	1	0	1	0	0	0	1
4385_sub2	0	1	0	1	0	0	0	1
4402_sub0	1	7	4	3	4	3	0	0
4402_sub1	0	1	1	0	0	0	1	0
4406_sub0	0	1	1	0	0	0	1	0
4406_sub1	0	3	2	1	0	0	2	1
4406_sub2	0	1	1	0	0	0	1	0
4406_sub3	0	1	0	1	0	0	0	1
4408_sub0	0	1	1	0	0	0	1	0
4408_sub1	0	1	0	1	0	0	0	1
4408_sub2	1	7	4	3	4	3	0	0
4411_sub0	0	1	0	1	0	0	0	1
4411_sub1	1	7	0	7	0	7	0	0
4411_sub2	0	1	1	0	0	0	1	0
4414_sub0	1	7	1	6	1	6	0	0
4414_sub1	0	1	1	0	0	0	1	0
4419_sub0	0	4	2	2	0	0	2	2
4419_sub1	0	1	0	1	0	0	0	1
4419_sub2	0	1	0	1	0	0	0	1
4426_sub0	0	4	1	3	0	0	1	3
4426_sub1	0	1	1	0	0	0	1	0
4426_sub2	0	1	1	0	0	0	1	0
4429_sub0	1	6	3	3	3	3	0	0
4429_sub1	0	1	0	1	0	0	0	1
4429_sub2	0	1	0	1	0	0	0	1
4429_sub3	0	1	0	1	0	0	0	1
4429_sub4	0	1	0	1	0	0	0	1
4435_sub0	0	1	0	1	0	0	0	1
4435_sub1	0	4	3	1	0	0	3	1
4435_sub2	0	1	0	1	0	0	0	1
4435_sub3	0	1	0	1	0	0	0	1
4437_sub0	0	5	2	3	0	0	2	3
4437_sub1	0	1	0	1	0	0	0	1
4441_sub0	0	1	1	0	0	0	1	0
4441_sub1	0	1	1	0	0	0	1	0
4441_sub2	0	1	1	0	0	0	1	0
4441_sub3	0	1	0	1	0	0	0	1
4441_sub4	0	1	0	1	0	0	0	1
4441_sub5	0	1	0	1	0	0	0	1
4458_sub0	0	4	2	2	0	0	2	2
4458_sub1	0	1	0	1	0	0	0	1
4458_sub2	0	1	1	0	0	0	1	0
4458_sub3	0	1	1	0	0	0	1	0
4458_sub4	0	1	1	0	0	0	1	0
4466_sub0	0	1	1	0	0	0	1	0
4466_sub1	0	2	0	2	0	0	0	2
4466_sub2	0	1	0	1	0	0	0	1
4466_sub3	0	1	1	0	0	0	1	0
4466_sub4	0	1	0	1	0	0	0	1
4473_sub0	1	8	3	5	3	5	0	0
4473_sub1	0	1	0	1	0	0	0	1
4473_sub2	0	1	1	0	0	0	1	0
4473_sub3	0	1	0	1	0	0	0	1
4474_sub0	0	4	3	1	0	0	3	1
4474_sub1	0	1	0	1	0	0	0	1
4474_sub2	0	1	0	1	0	0	0	1
448_sub0	0	1	1	0	0	0	1	0
448_sub1	0	1	1	0	0	0	1	0
448_sub2	0	1	1	0	0	0	1	0
448_sub3	0	3	1	2	0	0	1	2
4480_sub0	0	5	3	2	0	0	3	2
4480_sub1	0	1	1	0	0	0	1	0
4482_sub0	1	7	2	5	2	5	0	0
4482_sub1	0	1	1	0	0	0	1	0
4482_sub2	0	1	1	0	0	0	1	0
4490_sub0	0	4	1	3	0	0	1	3
4490_sub1	0	1	0	1	0	0	0	1
4490_sub2	0	1	1	0	0	0	1	0
4490_sub3	0	1	1	0	0	0	1	0
4490_sub4	0	1	0	1	0	0	0	1
4502_sub0	0	1	1	0	0	0	1	0
4502_sub1	0	1	0	1	0	0	0	1
4502_sub2	0	2	2	0	0	0	2	0
4502_sub3	0	1	0	1	0	0	0	1
4502_sub4	0	1	1	0	0	0	1	0
4502_sub5	0	1	1	0	0	0	1	0
4506_sub0	1	7	2	5	2	5	0	0
4506_sub1	0	1	0	1	0	0	0	1
4506_sub2	0	1	0	1	0	0	0	1
4506_sub3	0	1	0	1	0	0	0	1
4510_sub0	0	5	4	1	0	0	4	1
4510_sub1	0	1	1	0	0	0	1	0
4518_sub0	0	1	0	1	0	0	0	1
4518_sub1	1	6	2	4	2	4	0	0
4518_sub2	0	1	0	1	0	0	0	1
4518_sub3	0	1	0	1	0	0	0	1
4527_sub0	0	1	1	0	0	0	1	0
4527_sub1	0	5	3	2	0	0	3	2
4536_sub0	0	1	1	0	0	0	1	0
4536_sub1	1	8	2	6	2	6	0	0
4536_sub2	0	1	1	0	0	0	1	0
4536_sub3	0	1	0	1	0	0	0	1
4536_sub4	0	1	0	1	0	0	0	1
4536_sub5	0	1	1	0	0	0	1	0
4536_sub6	0	1	0	1	0	0	0	1
4544_sub0	0	5	4	1	0	0	4	1
4544_sub1	0	1	0	1	0	0	0	1
4544_sub2	0	1	0	1	0	0	0	1
4544_sub3	0	1	0	1	0	0	0	1
4552_sub0	0	4	2	2	0	0	2	2
4552_sub1	0	1	0	1	0	0	0	1
4552_sub2	0	1	0	1	0	0	0	1
4552_sub3	0	1	0	1	0	0	0	1
4553_sub0	1	12	4	8	4	8	0	0
4553_sub1	0	1	1	0	0	0	1	0
4561_sub0	0	1	1	0	0	0	1	0
4561_sub1	0	5	4	1	0	0	4	1
4563_sub0	0	2	1	1	0	0	1	1
4563_sub1	0	1	1	0	0	0	1	0
4563_sub2	0	1	0	1	0	0	0	1
4563_sub3	0	1	0	1	0	0	0	1
4563_sub4	0	1	1	0	0	0	1	0
4567_sub0	0	5	2	3	0	0	2	3
4567_sub1	0	1	1	0	0	0	1	0
4567_sub2	0	1	0	1	0	0	0	1
4567_sub3	0	1	0	1	0	0	0	1
4579_sub0	1	10	8	2	8	2	0	0
4579_sub1	0	1	0	1	0	0	0	1
4579_sub2	0	1	0	1	0	0	0	1
4579_sub3	0	1	1	0	0	0	1	0
4579_sub4	0	1	0	1	0	0	0	1
4601_sub0	0	3	1	2	0	0	1	2
4601_sub1	0	1	0	1	0	0	0	1
4601_sub2	0	1	0	1	0	0	0	1
4601_sub3	0	1	1	0	0	0	1	0
4601_sub4	0	1	1	0	0	0	1	0
461_sub0	0	1	1	0	0	0	1	0
461_sub1	0	5	4	1	0	0	4	1
4611_sub0	1	7	6	1	6	1	0	0
4611_sub1	0	1	1	0	0	0	1	0
4617_sub0	0	1	1	0	0	0	1	0
4617_sub1	1	9	5	4	5	4	0	0
4617_sub2	0	1	1	0	0	0	1	0
462_sub0	0	5	3	2	0	0	3	2
462_sub1	0	1	0	1	0	0	0	1
462_sub2	0	1	1	0	0	0	1	0
462_sub3	0	1	1	0	0	0	1	0
462_sub4	0	1	0	1	0	0	0	1
462_sub5	0	1	0	1	0	0	0	1
462_sub6	0	1	1	0	0	0	1	0
4620_sub0	0	5	3	2	0	0	3	2
4620_sub1	0	1	1	0	0	0	1	0
4620_sub2	0	1	1	0	0	0	1	0
4630_sub0	0	1	1	0	0	0	1	0
4630_sub1	0	2	1	1	0	0	1	1
4630_sub2	0	1	0	1	0	0	0	1
4630_sub3	0	1	0	1	0	0	0	1
4630_sub4	0	1	1	0	0	0	1	0
4632_sub0	1	7	4	3	4	3	0	0
4632_sub1	0	1	0	1	0	0	0	1
4632_sub2	0	1	0	1	0	0	0	1
4642_sub0	1	6	4	2	4	2	0	0
4645_sub0	1	7	3	4	3	4	0	0
4645_sub1	0	1	0	1	0	0	0	1
4650_sub0	0	1	1	0	0	0	1	0
4650_sub1	0	1	0	1	0	0	0	1
4650_sub2	0	1	0	1	0	0	0	1
4650_sub3	1	6	1	5	1	5	0	0
4650_sub4	0	1	0	1	0	0	0	1
4652_sub0	1	9	1	8	1	8	0	0
4652_sub1	0	1	0	1	0	0	0	1
4652_sub2	0	1	1	0	0	0	1	0
4652_sub3	0	1	0	1	0	0	0	1
4654_sub0	0	4	3	1	0	0	3	1
4654_sub1	0	1	1	0	0	0	1	0
4654_sub2	0	1	1	0	0	0	1	0
4654_sub3	0	1	0	1	0	0	0	1
4654_sub4	0	1	0	1	0	0	0	1
4654_sub5	0	1	0	1	0	0	0	1
4654_sub6	0	1	0	1	0	0	0	1
4659_sub0	0	3	2	1	0	0	2	1
4659_sub1	0	1	0	1	0	0	0	1
4659_sub2	0	1	0	1	0	0	0	1
4659_sub3	0	1	0	1	0	0	0	1
4660_sub0	1	8	4	4	4	4	0	0
4660_sub1	0	1	1	0	0	0	1	0
4662_sub0	1	11	9	2	9	2	0	0
4662_sub1	0	1	0	1	0	0	0	1
4675_sub0	1	8	3	5	3	5	0	0
4675_sub1	0	1	0	1	0	0	0	1
4676_sub0	0	1	0	1	0	0	0	1
4676_sub1	0	1	0	1	0	0	0	1
4676_sub2	0	5	3	2	0	0	3	2
468_sub0	0	1	0	1	0	0	0	1
468_sub1	0	1	1	0	0	0	1	0
468_sub2	0	1	0	1	0	0	0	1
468_sub3	0	1	0	1	0	0	0	1
468_sub4	0	4	3	1	0	0	3	1
468_sub5	0	1	0	1	0	0	0	1
468_sub6	0	1	1	0	0	0	1	0
468_sub7	0	1	1	0	0	0	1	0
4680_sub0	0	2	0	2	0	0	0	2
4680_sub1	0	1	0	1	0	0	0	1
4680_sub2	0	1	1	0	0	0	1	0
4680_sub3	0	1	0	1	0	0	0	1
4680_sub4	0	1	0	1	0	0	0	1
4684_sub0	1	10	3	7	3	7	0	0
4684_sub1	0	1	1	0	0	0	1	0
4684_sub2	0	1	1	0	0	0	1	0
4709_sub0	0	1	0	1	0	0	0	1
4709_sub1	0	1	1	0	0	0	1	0
4709_sub2	0	1	0	1	0	0	0	1
4709_sub3	0	1	0	1	0	0	0	1
4709_sub4	0	1	1	0	0	0	1	0
4709_sub5	0	1	0	1	0	0	0	1
4709_sub6	0	1	1	0	0	0	1	0
4710_sub0	1	7	7	0	7	0	0	0
4710_sub1	0	1	0	1	0	0	0	1
4715_sub0	0	1	1	0	0	0	1	0
4715_sub1	0	5	2	3	0	0	2	3
4715_sub2	0	1	1	0	0	0	1	0
4724_sub0	0	1	0	1	0	0	0	1
4724_sub1	0	1	0	1	0	0	0	1
4724_sub2	0	1	1	0	0	0	1	0
4724_sub3	0	1	0	1	0	0	0	1
4724_sub4	0	1	1	0	0	0	1	0
4724_sub5	0	1	0	1	0	0	0	1
4725_sub0	1	6	2	4	2	4	0	0
473_sub0	0	1	0	1	0	0	0	1
473_sub1	0	5	3	2	0	0	3	2
473_sub2	0	1	1	0	0	0	1	0
473_sub3	0	1	0	1	0	0	0	1
473_sub4	0	1	1	0	0	0	1	0
4734_sub0	0	1	0	1	0	0	0	1
4734_sub1	0	1	0	1	0	0	0	1
4734_sub2	0	4	2	2	0	0	2	2
4734_sub3	0	1	0	1	0	0	0	1
4734_sub4	0	1	0	1	0	0	0	1
474_sub0	0	4	2	2	0	0	2	2
474_sub1	0	1	1	0	0	0	1	0
474_sub2	0	1	1	0	0	0	1	0
474_sub3	0	1	1	0	0	0	1	0
4746_sub0	1	7	5	2	5	2	0	0
4746_sub1	0	1	1	0	0	0	1	0
4752_sub0	0	1	1	0	0	0	1	0
4752_sub1	0	4	1	3	0	0	1	3
4752_sub2	0	1	1	0	0	0	1	0
4752_sub3	0	1	1	0	0	0	1	0
4754_sub0	1	6	3	3	3	3	0	0
4754_sub1	0	1	0	1	0	0	0	1
4754_sub2	0	1	0	1	0	0	0	1
4772_sub0	0	1	0	1	0	0	0	1
4772_sub1	0	1	0	1	0	0	0	1
4772_sub2	1	6	2	4	2	4	0	0
4772_sub3	0	1	1	0	0	0	1	0
4779_sub0	1	7	5	2	5	2	0	0
4779_sub1	0	1	0	1	0	0	0	1
4779_sub2	0	1	1	0	0	0	1	0
478_sub0	0	1	0	1	0	0	0	1
478_sub1	0	4	3	1	0	0	3	1
478_sub2	0	1	1	0	0	0	1	0
4780_sub0	1	10	5	5	5	5	0	0
4780_sub1	0	1	0	1	0	0	0	1
4788_sub0	0	5	3	2	0	0	3	2
4788_sub1	0	1	1	0	0	0	1	0
4791_sub0	0	5	3	2	0	0	3	2
4791_sub1	0	1	0	1	0	0	0	1
4791_sub2	0	1	1	0	0	0	1	0
4791_sub3	0	1	0	1	0	0	0	1
4794_sub0	1	6	4	2	4	2	0	0
4794_sub1	0	1	0	1	0	0	0	1
4795_sub0	0	1	1	0	0	0	1	0
4795_sub1	0	1	0	1	0	0	0	1
4795_sub2	0	3	3	0	0	0	3	0
4795_sub3	0	1	1	0	0	0	1	0
4795_sub4	0	1	1	0	0	0	1	0
48_sub0	0	1	1	0	0	0	1	0
48_sub1	1	8	5	3	5	3	0	0
4822_sub0	1	9	5	4	5	4	0	0
4822_sub1	0	1	0	1	0	0	0	1
4824_sub0	0	4	1	3	0	0	1	3
4824_sub1	0	1	0	1	0	0	0	1
4824_sub2	0	1	1	0	0	0	1	0
4824_sub3	0	1	0	1	0	0	0	1
4830_sub0	1	8	5	3	5	3	0	0
4830_sub1	0	1	1	0	0	0	1	0
4830_sub2	0	1	1	0	0	0	1	0
4830_sub3	0	1	0	1	0	0	0	1
4842_sub0	1	7	2	5	2	5	0	0
4842_sub1	0	1	1	0	0	0	1	0
485_sub0	0	5	4	1	0	0	4	1
485_sub1	0	1	1	0	0	0	1	0
485_sub2	0	1	1	0	0	0	1	0
485_sub3	0	2	2	0	0	0	2	0
4854_sub0	0	1	0	1	0	0	0	1
4854_sub1	0	1	1	0	0	0	1	0
4854_sub2	0	1	0	1	0	0	0	1
4854_sub3	0	1	1	0	0	0	1	0
4854_sub4	0	1	0	1	0	0	0	1
4854_sub5	0	1	0	1	0	0	0	1
4855_sub0	0	4	2	2	0	0	2	2
4855_sub1	0	1	0	1	0	0	0	1
4855_sub2	0	1	1	0	0	0	1	0
4867_sub0	0	3	3	0	0	0	3	0
4867_sub1	0	1	1	0	0	0	1	0
4867_sub2	0	1	1	0	0	0	1	0
4867_sub3	0	1	0	1	0	0	0	1
4867_sub4	0	1	1	0	0	0	1	0
4870_sub0	1	9	5	4	5	4	0	0
4870_sub1	0	1	0	1	0	0	0	1
4870_sub2	0	1	1	0	0	0	1	0
4870_sub3	0	1	0	1	0	0	0	1
4870_sub4	0	1	1	0	0	0	1	0
4870_sub5	0	1	0	1	0	0	0	1
4871_sub0	1	6	4	2	4	2	0	0
4871_sub1	0	1	0	1	0	0	0	1
4871_sub2	0	1	0	1	0	0	0	1
4871_sub3	0	1	0	1	0	0	0	1
4871_sub4	0	1	1	0	0	0	1	0
4875_sub0	1	14	9	5	9	5	0	0
4875_sub1	0	1	0	1	0	0	0	1
4897_sub0	0	4	2	2	0	0	2	2
4897_sub1	0	1	1	0	0	0	1	0
4897_sub2	0	1	1	0	0	0	1	0
49_sub0	0	1	0	1	0	0	0	1
49_sub1	1	7	3	4	3	4	0	0
4901_sub0	0	1	0	1	0	0	0	1
4901_sub1	0	4	3	1	0	0	3	1
4901_sub2	0	1	1	0	0	0	1	0
4901_sub3	0	1	0	1	0	0	0	1
491_sub0	0	3	2	1	0	0	2	1
491_sub1	0	1	1	0	0	0	1	0
491_sub2	0	1	0	1	0	0	0	1
491_sub3	0	1	0	1	0	0	0	1
4912_sub0	0	1	0	1	0	0	0	1
4912_sub1	1	6	5	1	5	1	0	0
4912_sub2	0	1	0	1	0	0	0	1
4912_sub3	0	1	1	0	0	0	1	0
4923_sub0	1	7	3	4	3	4	0	0
4923_sub1	0	1	1	0	0	0	1	0
4923_sub2	0	1	0	1	0	0	0	1
4923_sub3	0	1	0	1	0	0	0	1
4930_sub0	0	1	1	0	0	0	1	0
4930_sub1	0	1	0	1	0	0	0	1
4930_sub2	0	5	2	3	0	0	2	3
4938_sub0	1	6	4	2	4	2	0	0
4938_sub1	0	1	1	0	0	0	1	0
4938_sub2	0	1	0	1	0	0	0	1
4939_sub0	1	9	5	4	5	4	0	0
4939_sub1	0	1	1	0	0	0	1	0
4939_sub2	0	1	1	0	0	0	1	0
4939_sub3	0	1	0	1	0	0	0	1
4939_sub4	0	1	0	1	0	0	0	1
4968_sub0	0	1	0	1	0	0	0	1
4968_sub1	0	1	1	0	0	0	1	0
4968_sub2	0	2	2	0	0	0	2	0
4968_sub3	0	1	0	1	0	0	0	1
4968_sub4	0	1	1	0	0	0	1	0
4969_sub0	0	5	1	4	0	0	1	4
4969_sub1	0	1	0	1	0	0	0	1
4969_sub2	0	1	1	0	0	0	1	0
4970_sub0	0	1	1	0	0	0	1	0
4970_sub1	0	1	1	0	0	0	1	0
4970_sub2	0	1	0	1	0	0	0	1
4970_sub3	0	1	1	0	0	0	1	0
4970_sub4	0	1	0	1	0	0	0	1
4970_sub5	0	1	0	1	0	0	0	1
4982_sub0	1	10	6	4	6	4	0	0
4982_sub1	0	1	1	0	0	0	1	0
4982_sub2	0	1	0	1	0	0	0	1
4982_sub3	0	1	1	0	0	0	1	0
4982_sub4	0	1	0	1	0	0	0	1
50_sub0	0	1	1	0	0	0	1	0
50_sub1	0	1	1	0	0	0	1	0
50_sub2	0	5	4	1	0	0	4	1
50_sub3	0	1	1	0	0	0	1	0
50_sub4	0	1	1	0	0	0	1	0
500_sub0	1	6	3	3	3	3	0	0
500_sub1	0	1	1	0	0	0	1	0
5031_sub0	0	1	1	0	0	0	1	0
5031_sub1	0	5	2	3	0	0	2	3
5031_sub2	0	1	0	1	0	0	0	1
5035_sub0	0	5	1	4	0	0	1	4
5035_sub1	0	1	0	1	0	0	0	1
5064_sub0	0	1	0	1	0	0	0	1
5064_sub1	0	1	1	0	0	0	1	0
5064_sub2	0	1	0	1	0	0	0	1
5064_sub3	0	1	1	0	0	0	1	0
5064_sub4	0	1	1	0	0	0	1	0
5064_sub5	0	1	1	0	0	0	1	0
5064_sub6	0	1	0	1	0	0	0	1
5075_sub0	1	6	3	3	3	3	0	0
5075_sub1	0	1	0	1	0	0	0	1
5075_sub2	0	1	0	1	0	0	0	1
5082_sub0	0	5	2	3	0	0	2	3
5082_sub1	0	1	0	1	0	0	0	1
5083_sub0	1	6	2	4	2	4	0	0
5083_sub1	0	1	0	1	0	0	0	1
5083_sub2	0	1	1	0	0	0	1	0
5083_sub3	0	1	0	1	0	0	0	1
5083_sub4	0	1	1	0	0	0	1	0
5083_sub5	0	1	1	0	0	0	1	0
5083_sub6	0	1	1	0	0	0	1	0
5086_sub0	0	1	1	0	0	0	1	0
5086_sub1	0	1	1	0	0	0	1	0
5086_sub2	0	1	1	0	0	0	1	0
5086_sub3	0	1	1	0	0	0	1	0
5086_sub4	0	1	1	0	0	0	1	0
5086_sub5	0	1	0	1	0	0	0	1
5089_sub0	0	1	1	0	0	0	1	0
5089_sub1	0	1	1	0	0	0	1	0
5089_sub2	0	1	1	0	0	0	1	0
5089_sub3	0	1	1	0	0	0	1	0
5089_sub4	0	1	0	1	0	0	0	1
5089_sub5	0	1	0	1	0	0	0	1
5091_sub0	1	12	4	8	4	8	0	0
5091_sub1	0	1	0	1	0	0	0	1
5091_sub2	0	1	1	0	0	0	1	0
5091_sub3	0	1	1	0	0	0	1	0
5092_sub0	0	1	0	1	0	0	0	1
5092_sub1	0	4	0	4	0	0	0	4
5092_sub2	0	1	1	0	0	0	1	0
5098_sub0	0	5	3	2	0	0	3	2
5098_sub1	0	1	1	0	0	0	1	0
5098_sub2	0	1	1	0	0	0	1	0
5098_sub3	0	1	0	1	0	0	0	1
5098_sub4	0	1	1	0	0	0	1	0
5098_sub5	0	1	1	0	0	0	1	0
5109_sub0	1	8	2	6	2	6	0	0
5109_sub1	0	1	0	1	0	0	0	1
512_sub0	0	1	0	1	0	0	0	1
512_sub1	0	1	0	1	0	0	0	1
512_sub2	0	1	0	1	0	0	0	1
512_sub3	0	1	1	0	0	0	1	0
512_sub4	0	1	1	0	0	0	1	0
512_sub5	0	1	1	0	0	0	1	0
5124_sub0	1	7	5	2	5	2	0	0
5135_sub0	0	1	1	0	0	0	1	0
5135_sub1	0	1	0	1	0	0	0	1
5135_sub2	0	1	1	0	0	0	1	0
5135_sub3	0	1	1	0	0	0	1	0
5135_sub4	0	1	1	0	0	0	1	0
5135_sub5	0	1	0	1	0	0	0	1
5145_sub0	1	10	7	3	7	3	0	0
5145_sub1	0	1	1	0	0	0	1	0
5145_sub2	0	1	0	1	0	0	0	1
5147_sub0	1	6	4	2	4	2	0	0
5147_sub1	0	1	1	0	0	0	1	0
5147_sub2	0	1	0	1	0	0	0	1
516_sub0	0	1	1	0	0	0	1	0
516_sub1	1	9	5	4	5	4	0	0
516_sub2	0	1	1	0	0	0	1	0
516_sub3	0	1	1	0	0	0	1	0
5163_sub0	0	4	3	1	0	0	3	1
5163_sub1	0	1	0	1	0	0	0	1
5163_sub2	0	1	1	0	0	0	1	0
5174_sub0	0	5	4	1	0	0	4	1
5174_sub1	0	1	0	1	0	0	0	1
5174_sub2	0	1	0	1	0	0	0	1
5174_sub3	0	1	1	0	0	0	1	0
5174_sub4	0	1	0	1	0	0	0	1
5189_sub0	1	7	4	3	4	3	0	0
5189_sub1	0	1	1	0	0	0	1	0
5189_sub2	0	1	0	1	0	0	0	1
519_sub0	0	4	2	2	0	0	2	2
519_sub1	0	1	1	0	0	0	1	0
519_sub2	0	1	0	1	0	0	0	1
519_sub3	0	1	1	0	0	0	1	0
519_sub4	0	1	0	1	0	0	0	1
5209_sub0	0	4	3	1	0	0	3	1
5209_sub1	0	1	1	0	0	0	1	0
5209_sub2	0	1	0	1	0	0	0	1
521_sub0	1	7	3	4	3	4	0	0
521_sub1	0	1	0	1	0	0	0	1
521_sub2	0	1	1	0	0	0	1	0
523_sub0	1	9	6	3	6	3	0	0
523_sub1	0	1	1	0	0	0	1	0
523_sub2	0	1	0	1	0	0	0	1
523_sub3	0	1	1	0	0	0	1	0
5230_sub0	1	6	4	2	4	2	0	0
5230_sub1	0	1	0	1	0	0	0	1
5232_sub0	0	2	0	2	0	0	0	2
5232_sub1	0	1	0	1	0	0	0	1
5232_sub2	0	1	1	0	0	0	1	0
5232_sub3	0	1	1	0	0	0	1	0
5232_sub4	0	1	0	1	0	0	0	1
5239_sub0	1	6	3	3	3	3	0	0
5241_sub0	1	6	2	4	2	4	0	0
5267_sub0	0	1	0	1	0	0	0	1
5267_sub1	0	1	1	0	0	0	1	0
5267_sub2	0	1	0	1	0	0	0	1
5267_sub3	0	1	0	1	0	0	0	1
5267_sub4	0	1	1	0	0	0	1	0
5267_sub5	0	1	1	0	0	0	1	0
527_sub0	0	1	1	0	0	0	1	0
527_sub1	1	8	5	3	5	3	0	0
5278_sub0	0	1	1	0	0	0	1	0
5278_sub1	1	6	2	4	2	4	0	0
5280_sub0	1	6	4	2	4	2	0	0
5280_sub1	0	1	0	1	0	0	0	1
5285_sub0	1	6	4	2	4	2	0	0
5285_sub1	0	1	1	0	0	0	1	0
5285_sub2	0	1	0	1	0	0	0	1
5295_sub0	0	1	0	1	0	0	0	1
5295_sub1	0	1	0	1	0	0	0	1
5295_sub2	0	1	1	0	0	0	1	0
5295_sub3	0	1	1	0	0	0	1	0
5295_sub4	0	1	1	0	0	0	1	0
5295_sub5	0	1	0	1	0	0	0	1
5297_sub0	1	7	4	3	4	3	0	0
5297_sub1	0	1	1	0	0	0	1	0
5297_sub2	0	1	1	0	0	0	1	0
5300_sub0	0	5	2	3	0	0	2	3
5300_sub1	0	1	0	1	0	0	0	1
5300_sub2	0	1	1	0	0	0	1	0
5300_sub3	0	1	0	1	0	0	0	1
5300_sub4	0	1	1	0	0	0	1	0
5306_sub0	0	5	2	3	0	0	2	3
5306_sub1	0	1	1	0	0	0	1	0
5306_sub2	0	1	1	0	0	0	1	0
5311_sub0	0	1	1	0	0	0	1	0
5311_sub1	0	1	1	0	0	0	1	0
5311_sub2	0	5	3	2	0	0	3	2
5311_sub3	0	1	1	0	0	0	1	0
5317_sub0	1	7	5	2	5	2	0	0
5317_sub1	0	1	1	0	0	0	1	0
5317_sub2	0	1	1	0	0	0	1	0
5317_sub3	0	1	0	1	0	0	0	1
5317_sub4	0	1	0	1	0	0	0	1
5317_sub5	0	1	1	0	0	0	1	0
5317_sub6	0	1	0	1	0	0	0	1
5329_sub0	0	1	0	1	0	0	0	1
5329_sub1	0	4	3	1	0	0	3	1
5329_sub2	0	1	1	0	0	0	1	0
5336_sub0	0	1	0	1	0	0	0	1
5336_sub1	0	5	3	2	0	0	3	2
5336_sub2	0	1	0	1	0	0	0	1
5336_sub3	0	1	1	0	0	0	1	0
5336_sub4	0	1	0	1	0	0	0	1
5336_sub5	0	1	0	1	0	0	0	1
5336_sub6	0	1	1	0	0	0	1	0
5340_sub0	1	7	1	6	1	6	0	0
5340_sub1	0	1	0	1	0	0	0	1
5340_sub2	0	1	1	0	0	0	1	0
5340_sub3	0	1	0	1	0	0	0	1
5340_sub4	0	1	0	1	0	0	0	1
5340_sub5	0	1	1	0	0	0	1	0
5340_sub6	0	1	0	1	0	0	0	1
5342_sub0	0	1	1	0	0	0	1	0
5342_sub1	1	7	4	3	4	3	0	0
5342_sub2	0	1	1	0	0	0	1	0
5345_sub0	1	6	2	4	2	4	0	0
5345_sub1	0	1	1	0	0	0	1	0
5345_sub2	0	1	1	0	0	0	1	0
5356_sub0	1	6	2	4	2	4	0	0
536_sub0	0	1	0	1	0	0	0	1
536_sub1	1	8	7	1	7	1	0	0
5361_sub0	1	6	4	2	4	2	0	0
5365_sub0	1	6	3	3	3	3	0	0
5365_sub1	0	1	0	1	0	0	0	1
5369_sub0	0	1	1	0	0	0	1	0
5369_sub1	0	3	1	2	0	0	1	2
5369_sub2	0	1	1	0	0	0	1	0
5369_sub3	0	1	1	0	0	0	1	0
5378_sub0	0	2	1	1	0	0	1	1
5378_sub1	0	1	1	0	0	0	1	0
5378_sub2	0	1	0	1	0	0	0	1
5378_sub3	0	1	0	1	0	0	0	1
5378_sub4	0	1	1	0	0	0	1	0
5385_sub0	0	1	1	0	0	0	1	0
5385_sub1	0	3	3	0	0	0	3	0
5385_sub2	0	1	0	1	0	0	0	1
5385_sub3	0	1	1	0	0	0	1	0
5385_sub4	0	1	0	1	0	0	0	1
5390_sub0	0	2	1	1	0	0	1	1
5390_sub1	0	1	1	0	0	0	1	0
5390_sub2	0	1	0	1	0	0	0	1
5390_sub3	0	1	1	0	0	0	1	0
5390_sub4	0	1	1	0	0	0	1	0
5394_sub0	1	7	3	4	3	4	0	0
5394_sub1	0	1	0	1	0	0	0	1
5394_sub2	0	1	1	0	0	0	1	0
5397_sub0	1	7	5	2	5	2	0	0
5397_sub1	0	1	0	1	0	0	0	1
5397_sub2	0	1	1	0	0	0	1	0
5397_sub3	0	1	0	1	0	0	0	1
5397_sub4	0	1	0	1	0	0	0	1
5397_sub5	0	1	1	0	0	0	1	0
5403_sub0	0	5	2	3	0	0	2	3
5403_sub1	0	1	1	0	0	0	1	0
5403_sub2	0	1	0	1	0	0	0	1
5405_sub0	0	1	1	0	0	0	1	0
5405_sub1	0	1	0	1	0	0	0	1
5405_sub2	0	1	0	1	0	0	0	1
5405_sub3	0	1	0	1	0	0	0	1
5405_sub4	0	1	0	1	0	0	0	1
5405_sub5	0	1	0	1	0	0	0	1
5414_sub0	0	5	3	2	0	0	3	2
5414_sub1	0	2	2	0	0	0	2	0
5424_sub0	1	7	3	4	3	4	0	0
5424_sub1	0	1	0	1	0	0	0	1
5424_sub2	0	1	1	0	0	0	1	0
5424_sub3	0	1	0	1	0	0	0	1
543_sub0	1	8	4	4	4	4	0	0
543_sub1	0	1	1	0	0	0	1	0
5439_sub0	1	11	4	7	4	7	0	0
5439_sub1	0	1	1	0	0	0	1	0
5439_sub2	0	1	0	1	0	0	0	1
5439_sub3	0	1	0	1	0	0	0	1
5439_sub4	0	1	0	1	0	0	0	1
5440_sub0	0	4	3	1	0	0	3	1
5440_sub1	0	1	0	1	0	0	0	1
5440_sub2	0	1	0	1	0	0	0	1
5440_sub3	0	1	0	1	0	0	0	1
5440_sub4	0	1	1	0	0	0	1	0
5441_sub0	0	4	2	2	0	0	2	2
5441_sub1	0	1	1	0	0	0	1	0
5441_sub2	0	1	1	0	0	0	1	0
5441_sub3	0	1	0	1	0	0	0	1
5441_sub4	0	1	0	1	0	0	0	1
5449_sub0	0	1	0	1	0	0	0	1
5449_sub1	1	9	6	3	6	3	0	0
5449_sub2	0	1	0	1	0	0	0	1
5449_sub3	0	1	1	0	0	0	1	0
5458_sub0	0	5	1	4	0	0	1	4
5458_sub1	0	1	0	1	0	0	0	1
5458_sub2	0	1	0	1	0	0	0	1
5464_sub0	1	7	5	2	5	2	0	0
5464_sub1	0	1	1	0	0	0	1	0
5464_sub2	0	1	0	1	0	0	0	1
5464_sub3	0	1	0	1	0	0	0	1
5467_sub0	0	3	2	1	0	0	2	1
5467_sub1	0	1	1	0	0	0	1	0
5467_sub2	0	1	0	1	0	0	0	1
5467_sub3	0	1	0	1	0	0	0	1
5477_sub0	0	1	0	1	0	0	0	1
5477_sub1	0	1	0	1	0	0	0	1
5477_sub2	0	1	1	0	0	0	1	0
5477_sub3	0	1	1	0	0	0	1	0
5477_sub4	0	1	0	1	0	0	0	1
5477_sub5	0	1	0	1	0	0	0	1
5481_sub0	0	3	2	1	0	0	2	1
5481_sub1	0	1	1	0	0	0	1	0
5481_sub2	0	1	0	1	0	0	0	1
5481_sub3	0	1	1	0	0	0	1	0
5481_sub4	0	1	0	1	0	0	0	1
551_sub0	0	1	1	0	0	0	1	0
551_sub1	0	5	3	2	0	0	3	2
551_sub2	0	1	1	0	0	0	1	0
551_sub3	0	1	0	1	0	0	0	1
551_sub4	0	1	0	1	0	0	0	1
5514_sub0	1	6	1	5	1	5	0	0
5514_sub1	0	1	0	1	0	0	0	1
5514_sub2	0	1	0	1	0	0	0	1
5517_sub0	0	1	1	0	0	0	1	0
5517_sub1	0	2	1	1	0	0	1	1
5517_sub2	0	1	1	0	0	0	1	0
5517_sub3	0	1	1	0	0	0	1	0
5517_sub4	0	1	1	0	0	0	1	0
5521_sub0	0	1	1	0	0	0	1	0
5521_sub1	0	2	2	0	0	0	2	0
5521_sub2	0	1	0	1	0	0	0	1
5521_sub3	0	2	1	1	0	0	1	1
5521_sub4	0	1	1	0	0	0	1	0
5521_sub5	0	1	0	1	0	0	0	1
5521_sub6	0	1	0	1	0	0	0	1
5525_sub0	1	7	1	6	1	6	0	0
5525_sub1	0	1	0	1	0	0	0	1
5525_sub2	0	1	0	1	0	0	0	1
553_sub0	0	1	1	0	0	0	1	0
553_sub1	0	4	4	0	0	0	4	0
553_sub2	0	1	0	1	0	0	0	1
553_sub3	0	1	0	1	0	0	0	1
5533_sub0	1	7	4	3	4	3	0	0
5533_sub1	0	1	0	1	0	0	0	1
5545_sub0	0	4	3	1	0	0	3	1
5545_sub1	0	1	1	0	0	0	1	0
5545_sub2	0	1	1	0	0	0	1	0
5549_sub0	0	1	0	1	0	0	0	1
5549_sub1	0	4	2	2	0	0	2	2
5549_sub2	0	1	0	1	0	0	0	1
5549_sub3	0	1	1	0	0	0	1	0
555_sub0	0	3	1	2	0	0	1	2
555_sub1	0	1	0	1	0	0	0	1
555_sub2	0	1	1	0	0	0	1	0
555_sub3	0	1	1	0	0	0	1	0
555_sub4	0	1	1	0	0	0	1	0
555_sub5	0	1	1	0	0	0	1	0
5576_sub0	0	5	3	2	0	0	3	2
5576_sub1	0	1	1	0	0	0	1	0
5576_sub2	0	1	0	1	0	0	0	1
5578_sub0	1	10	4	6	4	6	0	0
5578_sub1	0	2	1	1	0	0	1	1
5578_sub2	0	1	0	1	0	0	0	1
5578_sub3	0	1	1	0	0	0	1	0
5581_sub0	0	1	1	0	0	0	1	0
5581_sub1	0	1	0	1	0	0	0	1
5581_sub2	0	1	0	1	0	0	0	1
5581_sub3	0	1	1	0	0	0	1	0
5581_sub4	0	1	0	1	0	0	0	1
5581_sub5	0	1	1	0	0	0	1	0
5583_sub0	1	6	2	4	2	4	0	0
5583_sub1	0	1	0	1	0	0	0	1
5583_sub2	0	1	0	1	0	0	0	1
5584_sub0	0	1	1	0	0	0	1	0
5584_sub1	0	1	1	0	0	0	1	0
5584_sub2	0	2	1	1	0	0	1	1
5584_sub3	0	1	1	0	0	0	1	0
5584_sub4	0	1	1	0	0	0	1	0
5597_sub0	1	6	3	3	3	3	0	0
5597_sub1	0	1	0	1	0	0	0	1
5597_sub2	0	1	0	1	0	0	0	1
5597_sub3	0	1	0	1	0	0	0	1
56_sub0	0	1	0	1	0	0	0	1
56_sub1	1	6	2	4	2	4	0	0
56_sub2	0	1	1	0	0	0	1	0
56_sub3	0	1	0	1	0	0	0	1
561_sub0	1	9	3	6	3	6	0	0
561_sub1	0	1	0	1	0	0	0	1
5622_sub0	0	1	1	0	0	0	1	0
5622_sub1	0	1	0	1	0	0	0	1
5622_sub2	0	3	1	2	0	0	1	2
5622_sub3	0	1	0	1	0	0	0	1
5624_sub0	0	1	0	1	0	0	0	1
5624_sub1	0	4	1	3	0	0	1	3
5624_sub2	0	1	0	1	0	0	0	1
5626_sub0	0	4	3	1	0	0	3	1
5626_sub1	0	1	0	1	0	0	0	1
5626_sub2	0	1	1	0	0	0	1	0
5626_sub3	0	1	1	0	0	0	1	0
5642_sub0	1	7	5	2	5	2	0	0
5642_sub1	0	1	1	0	0	0	1	0
5642_sub2	0	1	1	0	0	0	1	0
5650_sub0	0	1	0	1	0	0	0	1
5650_sub1	0	1	1	0	0	0	1	0
5650_sub2	0	1	1	0	0	0	1	0
5650_sub3	0	1	0	1	0	0	0	1
5650_sub4	0	1	0	1	0	0	0	1
5650_sub5	0	1	1	0	0	0	1	0
5667_sub0	0	5	1	4	0	0	1	4
5667_sub1	0	1	1	0	0	0	1	0
5667_sub2	0	1	1	0	0	0	1	0
5672_sub0	0	3	1	2	0	0	1	2
5672_sub1	0	1	0	1	0	0	0	1
5672_sub2	0	1	0	1	0	0	0	1
5672_sub3	0	1	1	0	0	0	1	0
5675_sub0	0	5	2	3	0	0	2	3
5675_sub1	0	1	0	1	0	0	0	1
5675_sub2	0	1	1	0	0	0	1	0
5675_sub3	0	1	1	0	0	0	1	0
5677_sub0	0	1	1	0	0	0	1	0
5677_sub1	0	1	1	0	0	0	1	0
5677_sub2	0	1	1	0	0	0	1	0
5677_sub3	1	6	5	1	5	1	0	0
5677_sub4	0	1	1	0	0	0	1	0
5677_sub5	0	1	0	1	0	0	0	1
5677_sub6	0	1	0	1	0	0	0	1
5683_sub0	1	10	4	6	4	6	0	0
5683_sub1	0	1	1	0	0	0	1	0
5685_sub0	0	2	1	1	0	0	1	1
5685_sub1	0	1	1	0	0	0	1	0
5685_sub2	0	1	0	1	0	0	0	1
5685_sub3	0	1	1	0	0	0	1	0
5685_sub4	0	1	1	0	0	0	1	0
5687_sub0	0	4	3	1	0	0	3	1
5687_sub1	0	1	0	1	0	0	0	1
5687_sub2	0	1	0	1	0	0	0	1
5691_sub0	0	4	3	1	0	0	3	1
5691_sub1	0	1	0	1	0	0	0	1
5691_sub2	0	1	0	1	0	0	0	1
5692_sub0	0	1	1	0	0	0	1	0
5692_sub1	0	5	4	1	0	0	4	1
5692_sub2	0	1	0	1	0	0	0	1
5692_sub3	0	1	0	1	0	0	0	1
5692_sub4	0	1	1	0	0	0	1	0
5695_sub0	1	8	2	6	2	6	0	0
5695_sub1	0	1	1	0	0	0	1	0
5695_sub2	0	1	1	0	0	0	1	0
5695_sub3	0	1	0	1	0	0	0	1
5695_sub4	0	1	0	1	0	0	0	1
5699_sub0	0	1	1	0	0	0	1	0
5699_sub1	0	4	3	1	0	0	3	1
5699_sub2	0	1	1	0	0	0	1	0
57_sub0	0	1	1	0	0	0	1	0
57_sub1	0	1	0	1	0	0	0	1
57_sub2	0	1	0	1	0	0	0	1
57_sub3	0	1	0	1	0	0	0	1
57_sub4	0	1	1	0	0	0	1	0
57_sub5	0	1	1	0	0	0	1	0
5704_sub0	0	1	1	0	0	0	1	0
5704_sub1	1	7	3	4	3	4	0	0
5704_sub2	0	1	0	1	0	0	0	1
5704_sub3	0	1	0	1	0	0	0	1
5715_sub0	0	1	1	0	0	0	1	0
5715_sub1	0	1	1	0	0	0	1	0
5715_sub2	0	1	1	0	0	0	1	0
5715_sub3	0	1	0	1	0	0	0	1
5715_sub4	0	1	0	1	0	0	0	1
5715_sub5	0	1	1	0	0	0	1	0
5715_sub6	0	1	0	1	0	0	0	1
5716_sub0	1	6	4	2	4	2	0	0
5716_sub1	0	1	0	1	0	0	0	1
5716_sub2	0	1	1	0	0	0	1	0
5716_sub3	0	1	0	1	0	0	0	1
5716_sub4	0	1	0	1	0	0	0	1
5716_sub5	0	1	0	1	0	0	0	1
5730_sub0	0	1	0	1	0	0	0	1
5730_sub1	0	1	1	0	0	0	1	0
5730_sub2	0	3	2	1	0	0	2	1
5730_sub3	0	1	1	0	0	0	1	0
574_sub0	0	4	2	2	0	0	2	2
574_sub1	0	1	0	1	0	0	0	1
574_sub2	0	1	0	1	0	0	0	1
5742_sub0	0	1	0	1	0	0	0	1
5742_sub1	0	1	0	1	0	0	0	1
5742_sub2	0	1	1	0	0	0	1	0
5742_sub3	1	6	3	3	3	3	0	0
5742_sub4	0	1	1	0	0	0	1	0
5742_sub5	0	1	0	1	0	0	0	1
5752_sub0	1	8	4	4	4	4	0	0
5752_sub1	0	1	1	0	0	0	1	0
5752_sub2	0	1	0	1	0	0	0	1
5752_sub3	0	1	0	1	0	0	0	1
5752_sub4	0	1	0	1	0	0	0	1
5753_sub0	1	7	2	5	2	5	0	0
5753_sub1	0	1	0	1	0	0	0	1
5753_sub2	0	1	1	0	0	0	1	0
5757_sub0	0	5	2	3	0	0	2	3
5757_sub1	0	1	0	1	0	0	0	1
5757_sub2	0	1	0	1	0	0	0	1
5757_sub3	0	1	1	0	0	0	1	0
5757_sub4	0	1	1	0	0	0	1	0
5761_sub0	0	5	1	4	0	0	1	4
5761_sub1	0	1	1	0	0	0	1	0
5770_sub0	0	5	1	4	0	0	1	4
5770_sub1	0	1	0	1	0	0	0	1
5770_sub2	0	1	0	1	0	0	0	1
5770_sub3	0	1	0	1	0	0	0	1
5770_sub4	0	1	1	0	0	0	1	0
5777_sub0	0	1	0	1	0	0	0	1
5777_sub1	1	6	3	3	3	3	0	0
5777_sub2	0	1	0	1	0	0	0	1
5777_sub3	0	1	1	0	0	0	1	0
5777_sub4	0	1	0	1	0	0	0	1
5805_sub0	0	1	1	0	0	0	1	0
5805_sub1	0	1	0	1	0	0	0	1
5805_sub2	0	1	1	0	0	0	1	0
5805_sub3	0	1	1	0	0	0	1	0
5805_sub4	0	1	0	1	0	0	0	1
5805_sub5	0	1	1	0	0	0	1	0
581_sub0	0	5	2	3	0	0	2	3
581_sub1	0	1	1	0	0	0	1	0
581_sub2	0	1	0	1	0	0	0	1
5812_sub0	0	1	1	0	0	0	1	0
5812_sub1	0	1	1	0	0	0	1	0
5812_sub2	0	2	1	1	0	0	1	1
5812_sub3	0	1	1	0	0	0	1	0
5812_sub4	0	1	0	1	0	0	0	1
5812_sub5	0	1	1	0	0	0	1	0
5815_sub0	0	4	0	4	0	0	0	4
5815_sub1	0	1	0	1	0	0	0	1
5815_sub2	0	1	0	1	0	0	0	1
5824_sub0	0	4	1	3	0	0	1	3
5824_sub1	0	1	1	0	0	0	1	0
5824_sub2	0	1	0	1	0	0	0	1
5824_sub3	0	1	1	0	0	0	1	0
5824_sub4	0	1	1	0	0	0	1	0
5849_sub0	1	9	6	3	6	3	0	0
5849_sub1	0	1	0	1	0	0	0	1
5868_sub0	1	10	8	2	8	2	0	0
5872_sub0	0	1	1	0	0	0	1	0
5872_sub1	1	8	4	4	4	4	0	0
5876_sub0	1	10	6	4	6	4	0	0
5880_sub0	0	1	1	0	0	0	1	0
5880_sub1	0	1	0	1	0	0	0	1
5880_sub2	0	1	0	1	0	0	0	1
5880_sub3	0	1	1	0	0	0	1	0
5880_sub4	0	1	1	0	0	0	1	0
5880_sub5	0	1	0	1	0	0	0	1
5884_sub0	0	2	1	1	0	0	1	1
5884_sub1	0	1	0	1	0	0	0	1
5884_sub2	0	1	0	1	0	0	0	1
5884_sub3	0	1	0	1	0	0	0	1
5884_sub4	0	1	1	0	0	0	1	0
5894_sub0	0	1	1	0	0	0	1	0
5894_sub1	0	1	1	0	0	0	1	0
5894_sub2	1	6	1	5	1	5	0	0
5894_sub3	0	1	0	1	0	0	0	1
5899_sub0	0	1	0	1	0	0	0	1
5899_sub1	0	2	1	1	0	0	1	1
5899_sub2	0	1	0	1	0	0	0	1
5899_sub3	0	1	0	1	0	0	0	1
5899_sub4	0	1	1	0	0	0	1	0
5899_sub5	0	1	0	1	0	0	0	1
5899_sub6	0	1	0	1	0	0	0	1
59_sub0	0	1	0	1	0	0	0	1
59_sub1	0	5	2	3	0	0	2	3
59_sub2	0	1	1	0	0	0	1	0
5910_sub0	1	6	4	2	4	2	0	0
5910_sub1	0	1	1	0	0	0	1	0
5921_sub0	0	1	1	0	0	0	1	0
5921_sub1	0	1	0	1	0	0	0	1
5921_sub2	0	1	0	1	0	0	0	1
5921_sub3	0	1	0	1	0	0	0	1
5921_sub4	0	1	0	1	0	0	0	1
5921_sub5	0	1	0	1	0	0	0	1
5932_sub0	0	1	0	1	0	0	0	1
5932_sub1	0	4	1	3	0	0	1	3
5932_sub2	0	1	1	0	0	0	1	0
5934_sub0	0	1	0	1	0	0	0	1
5934_sub1	0	4	3	1	0	0	3	1
5934_sub2	0	1	0	1	0	0	0	1
5937_sub0	1	8	6	2	6	2	0	0
5937_sub1	0	1	1	0	0	0	1	0
5937_sub2	0	1	1	0	0	0	1	0
594_sub0	1	6	3	3	3	3	0	0
594_sub1	0	1	1	0	0	0	1	0
594_sub2	0	1	1	0	0	0	1	0
594_sub3	0	1	0	1	0	0	0	1
5944_sub0	0	5	3	2	0	0	3	2
5944_sub1	0	1	1	0	0	0	1	0
5944_sub2	0	1	1	0	0	0	1	0
5953_sub0	1	8	2	6	2	6	0	0
5953_sub1	0	1	0	1	0	0	0	1
5953_sub2	0	1	0	1	0	0	0	1
5954_sub0	0	1	0	1	0	0	0	1
5954_sub1	0	1	1	0	0	0	1	0
5954_sub2	0	1	0	1	0	0	0	1
5954_sub3	0	1	0	1	0	0	0	1
5954_sub4	0	1	1	0	0	0	1	0
5954_sub5	0	1	1	0	0	0	1	0
5962_sub0	1	9	4	5	4	5	0	0
5972_sub0	0	1	1	0	0	0	1	0
5972_sub1	0	5	3	2	0	0	3	2
5972_sub2	0	1	1	0	0	0	1	0
5977_sub0	0	5	2	3	0	0	2	3
5977_sub1	0	1	0	1	0	0	0	1
5985_sub0	0	4	3	1	0	0	3	1
5985_sub1	0	1	1	0	0	0	1	0
5985_sub2	0	1	0	1	0	0	0	1
599_sub0	1	6	0	6	0	6	0	0
599_sub1	0	1	0	1	0	0	0	1
599_sub2	0	1	0	1	0	0	0	1
599_sub3	0	1	1	0	0	0	1	0
6005_sub0	1	7	4	3	4	3	0	0
6018_sub0	1	6	3	3	3	3	0	0
6042_sub0	0	1	1	0	0	0	1	0
6042_sub1	1	6	3	3	3	3	0	0
6042_sub2	0	1	1	0	0	0	1	0
6042_sub3	0	1	0	1	0	0	0	1
6057_sub0	1	7	3	4	3	4	0	0
6057_sub1	0	1	1	0	0	0	1	0
6057_sub2	0	1	0	1	0	0	0	1
6057_sub3	0	1	0	1	0	0	0	1
6070_sub0	1	6	3	3	3	3	0	0
6070_sub1	0	1	0	1	0	0	0	1
6070_sub2	0	1	1	0	0	0	1	0
6070_sub3	0	1	0	1	0	0	0	1
6070_sub4	0	2	0	2	0	0	0	2
6070_sub5	0	1	0	1	0	0	0	1
6070_sub6	0	1	0	1	0	0	0	1
6071_sub0	0	1	1	0	0	0	1	0
6071_sub1	0	1	1	0	0	0	1	0
6071_sub2	0	1	0	1	0	0	0	1
6071_sub3	0	1	1	0	0	0	1	0
6071_sub4	0	1	1	0	0	0	1	0
6071_sub5	0	1	0	1	0	0	0	1
6071_sub6	0	1	0	1	0	0	0	1
6071_sub7	0	1	0	1	0	0	0	1
6078_sub0	1	6	4	2	4	2	0	0
6078_sub1	0	1	0	1	0	0	0	1
6078_sub2	0	1	0	1	0	0	0	1
6078_sub3	0	1	1	0	0	0	1	0
6078_sub4	0	1	0	1	0	0	0	1
6085_sub0	1	9	5	4	5	4	0	0
6085_sub1	0	2	1	1	0	0	1	1
6085_sub2	0	1	0	1	0	0	0	1
6085_sub3	0	1	0	1	0	0	0	1
609_sub0	1	10	4	6	4	6	0	0
6092_sub0	0	1	1	0	0	0	1	0
6092_sub1	0	1	0	1	0	0	0	1
6092_sub2	0	1	0	1	0	0	0	1
6092_sub3	0	1	1	0	0	0	1	0
6092_sub4	0	1	1	0	0	0	1	0
6092_sub5	0	1	1	0	0	0	1	0
6098_sub0	0	5	1	4	0	0	1	4
6098_sub1	0	1	1	0	0	0	1	0
6098_sub2	0	1	0	1	0	0	0	1
6098_sub3	0	1	1	0	0	0	1	0
6098_sub4	0	1	1	0	0	0	1	0
6107_sub0	1	6	5	1	5	1	0	0
6107_sub1	0	1	0	1	0	0	0	1
6107_sub2	0	1	1	0	0	0	1	0
6107_sub3	0	1	1	0	0	0	1	0
6107_sub4	0	1	0	1	0	0	0	1
6117_sub0	1	6	4	2	4	2	0	0
6117_sub1	0	1	1	0	0	0	1	0
6117_sub2	0	1	0	1	0	0	0	1
6117_sub3	0	1	0	1	0	0	0	1
6117_sub4	0	1	1	0	0	0	1	0
6126_sub0	1	8	6	2	6	2	0	0
6126_sub1	0	1	1	0	0	0	1	0
6128_sub0	1	7	5	2	5	2	0	0
6128_sub1	0	1	1	0	0	0	1	0
6129_sub0	0	4	3	1	0	0	3	1
6129_sub1	0	1	0	1	0	0	0	1
6129_sub2	0	1	1	0	0	0	1	0
6129_sub3	0	1	1	0	0	0	1	0
6132_sub0	0	3	2	1	0	0	2	1
6132_sub1	0	1	0	1	0	0	0	1
6132_sub2	0	1	1	0	0	0	1	0
6132_sub3	0	1	1	0	0	0	1	0
6132_sub4	0	1	0	1	0	0	0	1
6133_sub0	0	5	4	1	0	0	4	1
6133_sub1	0	1	0	1	0	0	0	1
6133_sub2	0	1	1	0	0	0	1	0
6133_sub3	0	1	1	0	0	0	1	0
614_sub0	0	1	0	1	0	0	0	1
614_sub1	0	1	1	0	0	0	1	0
614_sub2	0	1	0	1	0	0	0	1
614_sub3	0	1	1	0	0	0	1	0
614_sub4	0	3	0	3	0	0	0	3
6143_sub0	1	9	3	6	3	6	0	0
6147_sub0	1	8	2	6	2	6	0	0
6147_sub1	0	1	0	1	0	0	0	1
6157_sub0	1	11	9	2	9	2	0	0
6157_sub1	0	1	0	1	0	0	0	1
6157_sub2	0	1	0	1	0	0	0	1
6170_sub0	0	1	0	1	0	0	0	1
6170_sub1	0	1	1	0	0	0	1	0
6170_sub2	1	6	4	2	4	2	0	0
6171_sub0	1	6	4	2	4	2	0	0
6171_sub1	0	1	1	0	0	0	1	0
6181_sub0	1	7	1	6	1	6	0	0
6181_sub1	0	1	1	0	0	0	1	0
6181_sub2	0	1	0	1	0	0	0	1
6181_sub3	0	1	1	0	0	0	1	0
6181_sub4	0	1	0	1	0	0	0	1
6183_sub0	0	1	1	0	0	0	1	0
6183_sub1	0	1	1	0	0	0	1	0
6183_sub2	0	1	0	1	0	0	0	1
6183_sub3	0	1	0	1	0	0	0	1
6183_sub4	0	1	0	1	0	0	0	1
6183_sub5	0	1	1	0	0	0	1	0
6184_sub0	0	4	1	3	0	0	1	3
6184_sub1	0	1	1	0	0	0	1	0
6184_sub2	0	1	0	1	0	0	0	1
6184_sub3	0	1	1	0	0	0	1	0
6189_sub0	0	5	3	2	0	0	3	2
6189_sub1	0	1	1	0	0	0	1	0
6196_sub0	0	1	0	1	0	0	0	1
6196_sub1	0	1	0	1	0	0	0	1
6196_sub2	0	1	1	0	0	0	1	0
6196_sub3	0	2	1	1	0	0	1	1
6196_sub4	0	1	0	1	0	0	0	1
6196_sub5	0	1	0	1	0	0	0	1
6207_sub0	0	4	2	2	0	0	2	2
6207_sub1	0	1	0	1	0	0	0	1
6207_sub2	0	1	1	0	0	0	1	0
6215_sub0	0	1	1	0	0	0	1	0
6215_sub1	1	7	4	3	4	3	0	0
6239_sub0	1	6	4	2	4	2	0	0
6239_sub1	0	1	0	1	0	0	0	1
6239_sub2	0	1	1	0	0	0	1	0
6239_sub3	0	1	0	1	0	0	0	1
6239_sub4	0	1	0	1	0	0	0	1
6239_sub5	0	1	0	1	0	0	0	1
6239_sub6	0	1	0	1	0	0	0	1
6239_sub7	0	1	0	1	0	0	0	1
624_sub0	0	1	1	0	0	0	1	0
624_sub1	1	10	6	4	6	4	0	0
6242_sub0	0	1	0	1	0	0	0	1
6242_sub1	0	5	4	1	0	0	4	1
6242_sub2	0	2	0	2	0	0	0	2
6242_sub3	0	1	0	1	0	0	0	1
6242_sub4	0	1	1	0	0	0	1	0
6245_sub0	1	13	8	5	8	5	0	0
6260_sub0	1	7	2	5	2	5	0	0
6260_sub1	0	1	1	0	0	0	1	0
6260_sub2	0	1	0	1	0	0	0	1
6272_sub0	1	7	3	4	3	4	0	0
6272_sub1	0	1	0	1	0	0	0	1
6272_sub2	0	1	0	1	0	0	0	1
6274_sub0	0	3	2	1	0	0	2	1
6274_sub1	0	1	1	0	0	0	1	0
6274_sub2	0	1	0	1	0	0	0	1
6274_sub3	0	1	1	0	0	0	1	0
6274_sub4	0	1	1	0	0	0	1	0
628_sub0	1	11	5	6	5	6	0	0
628_sub1	0	1	0	1	0	0	0	1
6284_sub0	0	3	2	1	0	0	2	1
6284_sub1	0	1	0	1	0	0	0	1
6284_sub2	0	1	1	0	0	0	1	0
6284_sub3	0	1	0	1	0	0	0	1
629_sub0	1	6	1	5	1	5	0	0
629_sub1	0	1	1	0	0	0	1	0
6295_sub0	0	5	1	4	0	0	1	4
6295_sub1	0	1	0	1	0	0	0	1
6295_sub2	0	1	1	0	0	0	1	0
6298_sub0	0	1	1	0	0	0	1	0
6298_sub1	0	5	2	3	0	0	2	3
6314_sub0	0	4	2	2	0	0	2	2
6314_sub1	0	1	1	0	0	0	1	0
6314_sub2	0	1	1	0	0	0	1	0
6314_sub3	0	1	0	1	0	0	0	1
632_sub0	1	12	7	5	7	5	0	0
632_sub1	0	1	0	1	0	0	0	1
6329_sub0	1	7	2	5	2	5	0	0
6329_sub1	0	1	1	0	0	0	1	0
6329_sub2	0	1	0	1	0	0	0	1
6338_sub0	0	1	0	1	0	0	0	1
6338_sub1	0	5	2	3	0	0	2	3
634_sub0	0	5	3	2	0	0	3	2
634_sub1	0	1	1	0	0	0	1	0
6343_sub0	0	1	1	0	0	0	1	0
6343_sub1	1	10	2	8	2	8	0	0
6344_sub0	0	5	1	4	0	0	1	4
6344_sub1	0	1	1	0	0	0	1	0
6344_sub2	0	1	0	1	0	0	0	1
635_sub0	0	3	1	2	0	0	1	2
635_sub1	0	1	1	0	0	0	1	0
635_sub2	0	1	0	1	0	0	0	1
635_sub3	0	1	0	1	0	0	0	1
635_sub4	0	1	0	1	0	0	0	1
6355_sub0	0	1	1	0	0	0	1	0
6355_sub1	0	1	1	0	0	0	1	0
6355_sub2	0	1	0	1	0	0	0	1
6355_sub3	0	1	0	1	0	0	0	1
6355_sub4	0	1	0	1	0	0	0	1
6355_sub5	0	1	0	1	0	0	0	1
6378_sub0	1	6	3	3	3	3	0	0
6378_sub1	0	1	1	0	0	0	1	0
6378_sub2	0	1	1	0	0	0	1	0
6378_sub3	0	1	0	1	0	0	0	1
6385_sub0	0	5	3	2	0	0	3	2
6385_sub1	0	1	1	0	0	0	1	0
6385_sub2	0	1	0	1	0	0	0	1
6385_sub3	0	1	1	0	0	0	1	0
6388_sub0	0	1	1	0	0	0	1	0
6388_sub1	0	1	0	1	0	0	0	1
6388_sub2	1	7	4	3	4	3	0	0
6388_sub3	0	1	1	0	0	0	1	0
6388_sub4	0	1	0	1	0	0	0	1
6396_sub0	1	8	3	5	3	5	0	0
6396_sub1	0	1	1	0	0	0	1	0
640_sub0	0	1	0	1	0	0	0	1
640_sub1	1	6	2	4	2	4	0	0
640_sub2	0	1	0	1	0	0	0	1
640_sub3	0	1	1	0	0	0	1	0
640_sub4	0	1	0	1	0	0	0	1
640_sub5	0	1	1	0	0	0	1	0
6408_sub0	0	1	1	0	0	0	1	0
6408_sub1	0	3	2	1	0	0	2	1
6408_sub2	0	1	1	0	0	0	1	0
6408_sub3	0	1	0	1	0	0	0	1
6408_sub4	0	1	0	1	0	0	0	1
6419_sub0	1	8	3	5	3	5	0	0
6419_sub1	0	1	0	1	0	0	0	1
6419_sub2	0	1	0	1	0	0	0	1
6419_sub3	0	1	1	0	0	0	1	0
6419_sub4	0	1	0	1	0	0	0	1
6434_sub0	0	1	1	0	0	0	1	0
6434_sub1	1	6	4	2	4	2	0	0
6434_sub2	0	1	0	1	0	0	0	1
6435_sub0	0	3	1	2	0	0	1	2
6435_sub1	0	1	1	0	0	0	1	0
6435_sub2	0	1	1	0	0	0	1	0
6435_sub3	0	1	1	0	0	0	1	0
6435_sub4	0	1	0	1	0	0	0	1
6455_sub0	0	1	1	0	0	0	1	0
6455_sub1	1	7	5	2	5	2	0	0
6455_sub2	0	1	1	0	0	0	1	0
6455_sub3	0	1	0	1	0	0	0	1
6466_sub0	1	7	7	0	7	0	0	0
648_sub0	0	1	1	0	0	0	1	0
648_sub1	1	7	2	5	2	5	0	0
648_sub2	0	1	0	1	0	0	0	1
6488_sub0	0	5	4	1	0	0	4	1
6488_sub1	0	1	1	0	0	0	1	0
649_sub0	1	7	2	5	2	5	0	0
6499_sub0	0	4	3	1	0	0	3	1
6499_sub1	0	1	1	0	0	0	1	0
6499_sub2	0	1	0	1	0	0	0	1
65_sub0	0	1	1	0	0	0	1	0
65_sub1	1	6	3	3	3	3	0	0
65_sub2	0	1	0	1	0	0	0	1
65_sub3	0	1	0	1	0	0	0	1
65_sub4	0	1	0	1	0	0	0	1
65_sub5	0	1	1	0	0	0	1	0
6511_sub0	0	1	0	1	0	0	0	1
6511_sub1	0	1	1	0	0	0	1	0
6511_sub2	0	1	1	0	0	0	1	0
6511_sub3	0	1	0	1	0	0	0	1
6511_sub4	0	1	0	1	0	0	0	1
6511_sub5	0	1	0	1	0	0	0	1
6524_sub0	0	1	0	1	0	0	0	1
6524_sub1	0	5	4	1	0	0	4	1
6524_sub2	0	1	0	1	0	0	0	1
6524_sub3	0	1	1	0	0	0	1	0
6533_sub0	1	7	4	3	4	3	0	0
6533_sub1	0	1	1	0	0	0	1	0
6533_sub2	0	1	1	0	0	0	1	0
6533_sub3	0	1	0	1	0	0	0	1
6537_sub0	0	1	0	1	0	0	0	1
6537_sub1	0	5	3	2	0	0	3	2
6545_sub0	0	1	1	0	0	0	1	0
6545_sub1	0	4	3	1	0	0	3	1
6545_sub2	0	1	0	1	0	0	0	1
6545_sub3	0	1	0	1	0	0	0	1
6545_sub4	0	1	0	1	0	0	0	1
6549_sub0	1	6	1	5	1	5	0	0
6549_sub1	0	1	1	0	0	0	1	0
6549_sub2	0	1	1	0	0	0	1	0
6549_sub3	0	1	0	1	0	0	0	1
655_sub0	1	8	5	3	5	3	0	0
655_sub1	0	1	1	0	0	0	1	0
6550_sub0	0	3	3	0	0	0	3	0
6550_sub1	0	1	1	0	0	0	1	0
6550_sub2	0	1	0	1	0	0	0	1
6550_sub3	0	1	0	1	0	0	0	1
6564_sub0	0	2	0	2	0	0	0	2
6564_sub1	0	1	0	1	0	0	0	1
6564_sub2	0	1	0	1	0	0	0	1
6564_sub3	0	1	0	1	0	0	0	1
6564_sub4	0	1	1	0	0	0	1	0
6569_sub0	0	1	1	0	0	0	1	0
6569_sub1	0	1	1	0	0	0	1	0
6569_sub2	0	1	0	1	0	0	0	1
6569_sub3	0	1	1	0	0	0	1	0
6569_sub4	0	1	0	1	0	0	0	1
6569_sub5	0	1	1	0	0	0	1	0
657_sub0	0	1	0	1	0	0	0	1
657_sub1	1	8	2	6	2	6	0	0
6570_sub0	1	7	3	4	3	4	0	0
6570_sub1	0	1	1	0	0	0	1	0
6571_sub0	0	3	2	1	0	0	2	1
6571_sub1	0	1	0	1	0	0	0	1
6571_sub2	0	1	1	0	0	0	1	0
6571_sub3	0	1	0	1	0	0	0	1
6571_sub4	0	1	1	0	0	0	1	0
6571_sub5	0	1	1	0	0	0	1	0
6580_sub0	1	6	3	3	3	3	0	0
6580_sub1	0	1	1	0	0	0	1	0
6580_sub2	0	1	1	0	0	0	1	0
6581_sub0	1	6	2	4	2	4	0	0
6589_sub0	0	5	2	3	0	0	2	3
6589_sub1	0	1	0	1	0	0	0	1
6589_sub2	0	1	0	1	0	0	0	1
6589_sub3	0	1	1	0	0	0	1	0
6594_sub0	0	1	0	1	0	0	0	1
6594_sub1	1	6	4	2	4	2	0	0
6607_sub0	1	7	3	4	3	4	0	0
6607_sub1	0	1	1	0	0	0	1	0
6607_sub2	0	1	0	1	0	0	0	1
6608_sub0	0	5	1	4	0	0	1	4
6608_sub1	0	1	0	1	0	0	0	1
6608_sub2	0	1	0	1	0	0	0	1
6611_sub0	1	6	3	3	3	3	0	0
6658_sub0	1	7	3	4	3	4	0	0
6658_sub1	0	1	0	1	0	0	0	1
6658_sub2	0	1	0	1	0	0	0	1
6659_sub0	0	1	0	1	0	0	0	1
6659_sub1	1	6	4	2	4	2	0	0
6663_sub0	1	7	3	4	3	4	0	0
6663_sub1	0	1	1	0	0	0	1	0
6663_sub2	0	2	1	1	0	0	1	1
667_sub0	0	4	1	3	0	0	1	3
667_sub1	0	1	0	1	0	0	0	1
667_sub2	0	1	0	1	0	0	0	1
6673_sub0	0	1	1	0	0	0	1	0
6673_sub1	0	1	1	0	0	0	1	0
6673_sub2	0	1	0	1	0	0	0	1
6673_sub3	0	1	1	0	0	0	1	0
6673_sub4	0	1	0	1	0	0	0	1
6673_sub5	0	1	1	0	0	0	1	0
6684_sub0	0	5	4	1	0	0	4	1
6684_sub1	0	1	1	0	0	0	1	0
6699_sub0	1	8	5	3	5	3	0	0
67_sub0	0	1	0	1	0	0	0	1
67_sub1	1	7	4	3	4	3	0	0
67_sub2	0	1	1	0	0	0	1	0
67_sub3	0	1	0	1	0	0	0	1
67_sub4	0	1	1	0	0	0	1	0
6709_sub0	0	3	2	1	0	0	2	1
6709_sub1	0	1	1	0	0	0	1	0
6709_sub2	0	1	1	0	0	0	1	0
6709_sub3	0	1	1	0	0	0	1	0
6709_sub4	0	1	0	1	0	0	0	1
6709_sub5	0	1	1	0	0	0	1	0
6710_sub0	1	8	2	6	2	6	0	0
6710_sub1	0	1	0	1	0	0	0	1
6710_sub2	0	1	1	0	0	0	1	0
6726_sub0	0	1	0	1	0	0	0	1
6726_sub1	0	1	1	0	0	0	1	0
6726_sub2	0	1	0	1	0	0	0	1
6726_sub3	0	1	0	1	0	0	0	1
6726_sub4	0	1	1	0	0	0	1	0
6726_sub5	0	1	0	1	0	0	0	1
6741_sub0	0	5	3	2	0	0	3	2
6741_sub1	0	1	0	1	0	0	0	1
6741_sub2	0	1	0	1	0	0	0	1
675_sub0	1	8	4	4	4	4	0	0
675_sub1	0	1	0	1	0	0	0	1
675_sub2	0	1	1	0	0	0	1	0
675_sub3	0	1	0	1	0	0	0	1
675_sub4	0	1	0	1	0	0	0	1
675_sub5	0	1	1	0	0	0	1	0
675_sub6	0	1	0	1	0	0	0	1
6750_sub0	0	1	1	0	0	0	1	0
6750_sub1	0	5	4	1	0	0	4	1
6757_sub0	1	9	7	2	7	2	0	0
6759_sub0	1	8	3	5	3	5	0	0
6759_sub1	0	1	0	1	0	0	0	1
6759_sub2	0	1	1	0	0	0	1	0
6761_sub0	0	1	0	1	0	0	0	1
6761_sub1	0	5	2	3	0	0	2	3
6761_sub2	0	1	1	0	0	0	1	0
6761_sub3	0	1	0	1	0	0	0	1
6761_sub4	0	1	0	1	0	0	0	1
6761_sub5	0	1	0	1	0	0	0	1
6761_sub6	0	1	0	1	0	0	0	1
6774_sub0	1	12	9	3	9	3	0	0
6777_sub0	0	1	0	1	0	0	0	1
6777_sub1	0	1	1	0	0	0	1	0
6777_sub2	0	1	1	0	0	0	1	0
6777_sub3	0	1	0	1	0	0	0	1
6777_sub4	0	1	0	1	0	0	0	1
6777_sub5	0	1	0	1	0	0	0	1
6787_sub0	0	4	1	3	0	0	1	3
6787_sub1	0	1	0	1	0	0	0	1
6787_sub2	0	1	1	0	0	0	1	0
6788_sub0	0	4	2	2	0	0	2	2
6788_sub1	0	1	1	0	0	0	1	0
6788_sub2	0	1	0	1	0	0	0	1
681_sub0	1	7	5	2	5	2	0	0
681_sub1	0	1	1	0	0	0	1	0
6823_sub0	0	1	0	1	0	0	0	1
6823_sub1	0	1	0	1	0	0	0	1
6823_sub2	0	1	1	0	0	0	1	0
6823_sub3	0	1	1	0	0	0	1	0
6823_sub4	0	1	1	0	0	0	1	0
6823_sub5	0	1	0	1	0	0	0	1
6824_sub0	0	5	2	3	0	0	2	3
6824_sub1	0	1	1	0	0	0	1	0
6824_sub2	0	1	1	0	0	0	1	0
683_sub0	0	5	2	3	0	0	2	3
683_sub1	0	1	1	0	0	0	1	0
684_sub0	0	5	1	4	0	0	1	4
684_sub1	0	1	0	1	0	0	0	1
6860_sub0	0	3	0	3	0	0	0	3
6860_sub1	0	1	1	0	0	0	1	0
6860_sub2	0	1	0	1	0	0	0	1
6860_sub3	0	1	0	1	0	0	0	1
6867_sub0	0	3	1	2	0	0	1	2
6867_sub1	0	1	1	0	0	0	1	0
6867_sub2	0	1	1	0	0	0	1	0
6867_sub3	0	1	0	1	0	0	0	1
6870_sub0	0	1	0	1	0	0	0	1
6870_sub1	0	1	1	0	0	0	1	0
6870_sub2	1	6	2	4	2	4	0	0
6870_sub3	0	1	0	1	0	0	0	1
6871_sub0	0	4	3	1	0	0	3	1
6871_sub1	0	1	1	0	0	0	1	0
6871_sub2	0	1	0	1	0	0	0	1
6872_sub0	1	9	3	6	3	6	0	0
6872_sub1	0	1	0	1	0	0	0	1
6875_sub0	0	1	1	0	0	0	1	0
6875_sub1	0	1	0	1	0	0	0	1
6875_sub2	0	1	0	1	0	0	0	1
6875_sub3	0	1	1	0	0	0	1	0
6875_sub4	0	1	0	1	0	0	0	1
6875_sub5	0	1	1	0	0	0	1	0
6897_sub0	0	5	1	4	0	0	1	4
6897_sub1	0	1	1	0	0	0	1	0
6904_sub0	1	7	3	4	3	4	0	0
6905_sub0	0	4	4	0	0	0	4	0
6905_sub1	0	1	1	0	0	0	1	0
6905_sub2	0	1	0	1	0	0	0	1
6905_sub3	0	1	1	0	0	0	1	0
6905_sub4	0	1	1	0	0	0	1	0
6914_sub0	0	5	4	1	0	0	4	1
6914_sub1	0	1	0	1	0	0	0	1
6915_sub0	0	1	1	0	0	0	1	0
6915_sub1	0	1	0	1	0	0	0	1
6915_sub2	0	1	1	0	0	0	1	0
6915_sub3	0	1	1	0	0	0	1	0
6915_sub4	0	1	0	1	0	0	0	1
6915_sub5	0	1	0	1	0	0	0	1
6916_sub0	0	1	1	0	0	0	1	0
6916_sub1	0	5	3	2	0	0	3	2
692_sub0	1	9	4	5	4	5	0	0
692_sub1	0	1	1	0	0	0	1	0
6928_sub0	0	4	2	2	0	0	2	2
6928_sub1	0	1	0	1	0	0	0	1
6928_sub2	0	1	0	1	0	0	0	1
6939_sub0	0	4	3	1	0	0	3	1
6939_sub1	0	1	0	1	0	0	0	1
6939_sub2	0	1	0	1	0	0	0	1
6939_sub3	0	1	1	0	0	0	1	0
6939_sub4	0	1	1	0	0	0	1	0
697_sub0	0	1	1	0	0	0	1	0
697_sub1	0	1	1	0	0	0	1	0
697_sub2	0	3	0	3	0	0	0	3
697_sub3	0	1	0	1	0	0	0	1
697_sub4	0	1	1	0	0	0	1	0
6974_sub0	0	1	0	1	0	0	0	1
6974_sub1	0	5	3	2	0	0	3	2
6974_sub2	0	1	0	1	0	0	0	1
6974_sub3	0	1	1	0	0	0	1	0
6974_sub4	0	1	0	1	0	0	0	1
6985_sub0	0	1	1	0	0	0	1	0
6985_sub1	0	1	1	0	0	0	1	0
6985_sub2	0	1	1	0	0	0	1	0
6985_sub3	0	1	1	0	0	0	1	0
6985_sub4	0	1	0	1	0	0	0	1
6985_sub5	0	1	0	1	0	0	0	1
6985_sub6	0	1	1	0	0	0	1	0
6987_sub0	0	4	1	3	0	0	1	3
6987_sub1	0	1	0	1	0	0	0	1
6987_sub2	0	1	1	0	0	0	1	0
6987_sub3	0	1	0	1	0	0	0	1
6989_sub0	0	5	3	2	0	0	3	2
6989_sub1	0	1	1	0	0	0	1	0
6989_sub2	0	1	0	1	0	0	0	1
700_sub0	1	10	3	7	3	7	0	0
700_sub1	0	1	1	0	0	0	1	0
700_sub2	0	1	0	1	0	0	0	1
700_sub3	0	1	1	0	0	0	1	0
7005_sub0	0	3	2	1	0	0	2	1
7005_sub1	0	1	1	0	0	0	1	0
7005_sub2	0	1	1	0	0	0	1	0
7005_sub3	0	1	1	0	0	0	1	0
701_sub0	0	5	3	2	0	0	3	2
701_sub1	0	1	1	0	0	0	1	0
701_sub2	0	1	0	1	0	0	0	1
7029_sub0	0	5	5	0	0	0	5	0
7029_sub1	0	1	0	1	0	0	0	1
7029_sub2	0	1	0	1	0	0	0	1
703_sub0	0	5	2	3	0	0	2	3
703_sub1	0	1	0	1	0	0	0	1
703_sub2	0	1	1	0	0	0	1	0
704_sub0	1	6	5	1	5	1	0	0
705_sub0	0	1	1	0	0	0	1	0
705_sub1	0	1	0	1	0	0	0	1
705_sub2	0	4	1	3	0	0	1	3
705_sub3	0	1	1	0	0	0	1	0
7063_sub0	0	1	0	1	0	0	0	1
7063_sub1	0	1	0	1	0	0	0	1
7063_sub2	0	3	1	2	0	0	1	2
7063_sub3	0	1	1	0	0	0	1	0
7063_sub4	0	1	0	1	0	0	0	1
7071_sub0	0	2	2	0	0	0	2	0
7071_sub1	0	1	1	0	0	0	1	0
7071_sub2	0	2	1	1	0	0	1	1
7071_sub3	0	1	1	0	0	0	1	0
7071_sub4	0	1	0	1	0	0	0	1
7094_sub0	0	4	0	4	0	0	0	4
7094_sub1	0	1	0	1	0	0	0	1
7094_sub2	0	1	1	0	0	0	1	0
7094_sub3	0	1	1	0	0	0	1	0
7096_sub0	1	11	6	5	6	5	0	0
7096_sub1	0	1	1	0	0	0	1	0
7098_sub0	1	6	2	4	2	4	0	0
7098_sub1	0	1	1	0	0	0	1	0
7098_sub2	0	1	1	0	0	0	1	0
7098_sub3	0	1	1	0	0	0	1	0
7098_sub4	0	1	0	1	0	0	0	1
7113_sub0	0	4	2	2	0	0	2	2
7113_sub1	0	1	0	1	0	0	0	1
7113_sub2	0	1	0	1	0	0	0	1
7113_sub3	0	1	1	0	0	0	1	0
7113_sub4	0	1	0	1	0	0	0	1
7121_sub0	0	3	2	1	0	0	2	1
7121_sub1	0	1	0	1	0	0	0	1
7121_sub2	0	1	1	0	0	0	1	0
7121_sub3	0	1	1	0	0	0	1	0
7121_sub4	0	1	0	1	0	0	0	1
7121_sub5	0	1	0	1	0	0	0	1
7143_sub0	1	6	3	3	3	3	0	0
7143_sub1	0	1	1	0	0	0	1	0
7145_sub0	1	7	5	2	5	2	0	0
7145_sub1	0	1	1	0	0	0	1	0
7145_sub2	0	1	1	0	0	0	1	0
7152_sub0	0	1	1	0	0	0	1	0
7152_sub1	0	1	1	0	0	0	1	0
7152_sub2	0	1	0	1	0	0	0	1
7152_sub3	0	1	1	0	0	0	1	0
7152_sub4	0	1	1	0	0	0	1	0
7152_sub5	0	1	0	1	0	0	0	1
7157_sub0	1	8	1	7	1	7	0	0
7180_sub0	0	1	0	1	0	0	0	1
7180_sub1	0	4	2	2	0	0	2	2
7180_sub2	0	1	0	1	0	0	0	1
7180_sub3	0	1	1	0	0	0	1	0
7180_sub4	0	1	1	0	0	0	1	0
7180_sub5	0	1	1	0	0	0	1	0
719_sub0	0	1	0	1	0	0	0	1
719_sub1	0	4	2	2	0	0	2	2
719_sub2	0	1	1	0	0	0	1	0
719_sub3	0	1	0	1	0	0	0	1
719_sub4	0	1	1	0	0	0	1	0
719_sub5	0	1	0	1	0	0	0	1
7194_sub0	0	4	3	1	0	0	3	1
7194_sub1	0	1	1	0	0	0	1	0
7194_sub2	0	1	1	0	0	0	1	0
7197_sub0	1	6	2	4	2	4	0	0
7206_sub0	0	1	0	1	0	0	0	1
7206_sub1	1	7	4	3	4	3	0	0
7206_sub2	0	1	1	0	0	0	1	0
7215_sub0	1	9	5	4	5	4	0	0
7215_sub1	0	1	0	1	0	0	0	1
7218_sub0	1	7	6	1	6	1	0	0
7218_sub1	0	1	1	0	0	0	1	0
7218_sub2	0	1	0	1	0	0	0	1
722_sub0	1	9	3	6	3	6	0	0
722_sub1	0	1	0	1	0	0	0	1
7220_sub0	1	6	3	3	3	3	0	0
7220_sub1	0	1	0	1	0	0	0	1
723_sub0	1	6	2	4	2	4	0	0
7230_sub0	1	6	3	3	3	3	0	0
7230_sub1	0	1	0	1	0	0	0	1
7230_sub2	0	1	0	1	0	0	0	1
7236_sub0	0	1	0	1	0	0	0	1
7236_sub1	0	5	2	3	0	0	2	3
726_sub0	1	9	4	5	4	5	0	0
726_sub1	0	1	0	1	0	0	0	1
727_sub0	0	1	1	0	0	0	1	0
727_sub1	1	9	6	3	6	3	0	0
7275_sub0	0	4	2	2	0	0	2	2
7275_sub1	0	1	0	1	0	0	0	1
7275_sub2	0	1	1	0	0	0	1	0
729_sub0	0	1	1	0	0	0	1	0
729_sub1	1	7	4	3	4	3	0	0
729_sub2	0	1	0	1	0	0	0	1
73_sub0	0	1	0	1	0	0	0	1
73_sub1	0	1	1	0	0	0	1	0
73_sub2	1	14	7	7	7	7	0	0
73_sub3	0	1	0	1	0	0	0	1
73_sub4	0	1	0	1	0	0	0	1
7311_sub0	0	1	0	1	0	0	0	1
7311_sub1	0	3	2	1	0	0	2	1
7311_sub2	0	1	1	0	0	0	1	0
7311_sub3	0	1	0	1	0	0	0	1
7311_sub4	0	1	1	0	0	0	1	0
7314_sub0	0	5	1	4	0	0	1	4
7314_sub1	0	1	0	1	0	0	0	1
7314_sub2	0	1	0	1	0	0	0	1
7314_sub3	0	1	0	1	0	0	0	1
7315_sub0	1	8	4	4	4	4	0	0
7315_sub1	0	1	1	0	0	0	1	0
7325_sub0	0	5	4	1	0	0	4	1
7325_sub1	0	1	1	0	0	0	1	0
7325_sub2	0	1	0	1	0	0	0	1
733_sub0	0	2	2	0	0	0	2	0
733_sub1	0	4	1	3	0	0	1	3
7335_sub0	0	1	0	1	0	0	0	1
7335_sub1	0	5	3	2	0	0	3	2
7335_sub2	0	1	1	0	0	0	1	0
7364_sub0	0	3	1	2	0	0	1	2
7364_sub1	0	1	0	1	0	0	0	1
7364_sub2	0	1	0	1	0	0	0	1
7364_sub3	0	1	0	1	0	0	0	1
7364_sub4	0	1	1	0	0	0	1	0
7369_sub0	1	7	3	4	3	4	0	0
7374_sub0	0	1	0	1	0	0	0	1
7374_sub1	0	1	1	0	0	0	1	0
7374_sub2	0	1	1	0	0	0	1	0
7374_sub3	0	1	0	1	0	0	0	1
7374_sub4	0	1	1	0	0	0	1	0
7374_sub5	0	1	0	1	0	0	0	1
738_sub0	0	1	1	0	0	0	1	0
738_sub1	0	5	2	3	0	0	2	3
7382_sub0	1	10	3	7	3	7	0	0
7382_sub1	0	1	1	0	0	0	1	0
7382_sub2	0	1	1	0	0	0	1	0
7382_sub3	0	1	0	1	0	0	0	1
7389_sub0	0	4	2	2	0	0	2	2
7389_sub1	0	1	1	0	0	0	1	0
7389_sub2	0	1	1	0	0	0	1	0
7394_sub0	0	5	1	4	0	0	1	4
7394_sub1	0	1	1	0	0	0	1	0
7394_sub2	0	1	0	1	0	0	0	1
7405_sub0	0	4	3	1	0	0	3	1
7405_sub1	0	1	0	1	0	0	0	1
7405_sub2	0	1	1	0	0	0	1	0
7408_sub0	0	5	4	1	0	0	4	1
7408_sub1	0	1	0	1	0	0	0	1
7408_sub2	0	1	0	1	0	0	0	1
7408_sub3	0	1	0	1	0	0	0	1
7408_sub4	0	1	0	1	0	0	0	1
7418_sub0	1	7	3	4	3	4	0	0
7418_sub1	0	1	0	1	0	0	0	1
7418_sub2	0	1	0	1	0	0	0	1
7430_sub0	1	6	3	3	3	3	0	0
7430_sub1	0	1	1	0	0	0	1	0
7439_sub0	0	5	3	2	0	0	3	2
7439_sub1	0	1	0	1	0	0	0	1
7439_sub2	0	1	1	0	0	0	1	0
7460_sub0	0	1	0	1	0	0	0	1
7460_sub1	0	2	1	1	0	0	1	1
7460_sub2	0	1	0	1	0	0	0	1
7460_sub3	0	1	1	0	0	0	1	0
7460_sub4	0	1	0	1	0	0	0	1
7495_sub0	0	1	1	0	0	0	1	0
7495_sub1	1	7	6	1	6	1	0	0
7497_sub0	0	4	1	3	0	0	1	3
7497_sub1	0	1	0	1	0	0	0	1
7497_sub2	0	1	0	1	0	0	0	1
75_sub0	0	1	0	1	0	0	0	1
75_sub1	0	1	0	1	0	0	0	1
75_sub2	0	1	1	0	0	0	1	0
75_sub3	1	10	4	6	4	6	0	0
75_sub4	0	1	0	1	0	0	0	1
75_sub5	0	1	0	1	0	0	0	1
750_sub0	1	6	3	3	3	3	0	0
750_sub1	0	1	1	0	0	0	1	0
750_sub2	0	1	1	0	0	0	1	0
750_sub3	0	1	1	0	0	0	1	0
750_sub4	0	1	0	1	0	0	0	1
750_sub5	0	1	1	0	0	0	1	0
750_sub6	0	1	0	1	0	0	0	1
750_sub7	0	1	1	0	0	0	1	0
750_sub8	0	1	0	1	0	0	0	1
7506_sub0	0	1	0	1	0	0	0	1
7506_sub1	0	4	3	1	0	0	3	1
7506_sub2	0	1	1	0	0	0	1	0
752_sub0	1	10	4	6	4	6	0	0
752_sub1	0	1	1	0	0	0	1	0
7530_sub0	1	6	4	2	4	2	0	0
7530_sub1	0	1	1	0	0	0	1	0
7530_sub2	0	1	0	1	0	0	0	1
7542_sub0	0	4	3	1	0	0	3	1
7542_sub1	0	1	1	0	0	0	1	0
7542_sub2	0	1	0	1	0	0	0	1
7548_sub0	0	1	1	0	0	0	1	0
7548_sub1	0	4	2	2	0	0	2	2
7548_sub2	0	1	1	0	0	0	1	0
7559_sub0	1	7	3	4	3	4	0	0
7559_sub1	0	1	0	1	0	0	0	1
7566_sub0	1	6	3	3	3	3	0	0
7576_sub0	0	1	1	0	0	0	1	0
7576_sub1	0	5	3	2	0	0	3	2
760_sub0	1	9	3	6	3	6	0	0
760_sub1	0	1	1	0	0	0	1	0
760_sub2	0	1	0	1	0	0	0	1
7622_sub0	0	4	2	2	0	0	2	2
7622_sub1	0	1	0	1	0	0	0	1
7622_sub2	0	1	0	1	0	0	0	1
7668_sub0	1	7	5	2	5	2	0	0
768_sub0	1	7	2	5	2	5	0	0
768_sub1	0	1	0	1	0	0	0	1
7683_sub0	1	7	4	3	4	3	0	0
77_sub0	0	1	0	1	0	0	0	1
77_sub1	1	9	5	4	5	4	0	0
77_sub2	0	1	0	1	0	0	0	1
77_sub3	0	1	1	0	0	0	1	0
7701_sub0	1	6	5	1	5	1	0	0
7701_sub1	0	1	1	0	0	0	1	0
7705_sub0	1	6	5	1	5	1	0	0
7705_sub1	0	1	0	1	0	0	0	1
7705_sub2	0	1	0	1	0	0	0	1
7737_sub0	0	4	2	2	0	0	2	2
7737_sub1	0	1	1	0	0	0	1	0
7737_sub2	0	1	1	0	0	0	1	0
7737_sub3	0	1	1	0	0	0	1	0
7761_sub0	0	1	1	0	0	0	1	0
7761_sub1	0	1	1	0	0	0	1	0
7761_sub2	0	1	0	1	0	0	0	1
7761_sub3	0	4	2	2	0	0	2	2
7761_sub4	0	1	0	1	0	0	0	1
7775_sub0	0	1	0	1	0	0	0	1
7775_sub1	1	6	3	3	3	3	0	0
7775_sub2	0	1	0	1	0	0	0	1
78_sub0	0	1	0	1	0	0	0	1
78_sub1	0	4	1	3	0	0	1	3
78_sub2	0	1	0	1	0	0	0	1
78_sub3	0	1	0	1	0	0	0	1
780_sub0	0	1	1	0	0	0	1	0
780_sub1	0	5	2	3	0	0	2	3
780_sub2	0	1	1	0	0	0	1	0
7801_sub0	0	1	0	1	0	0	0	1
7801_sub1	0	5	2	3	0	0	2	3
7802_sub0	1	8	5	3	5	3	0	0
7802_sub1	0	1	0	1	0	0	0	1
7806_sub0	0	1	1	0	0	0	1	0
7806_sub1	0	1	0	1	0	0	0	1
7806_sub2	0	2	1	1	0	0	1	1
7806_sub3	0	1	1	0	0	0	1	0
7806_sub4	0	1	0	1	0	0	0	1
7807_sub0	0	1	1	0	0	0	1	0
7807_sub1	0	1	0	1	0	0	0	1
7807_sub2	1	7	4	3	4	3	0	0
7807_sub3	0	1	1	0	0	0	1	0
7816_sub0	1	8	4	4	4	4	0	0
7816_sub1	0	1	0	1	0	0	0	1
785_sub0	0	1	0	1	0	0	0	1
785_sub1	0	3	2	1	0	0	2	1
785_sub2	0	2	0	2	0	0	0	2
7858_sub0	0	5	2	3	0	0	2	3
7858_sub1	0	1	1	0	0	0	1	0
7875_sub0	0	1	0	1	0	0	0	1
7875_sub1	0	1	0	1	0	0	0	1
7875_sub2	0	5	1	4	0	0	1	4
7876_sub0	0	3	1	2	0	0	1	2
7876_sub1	0	1	1	0	0	0	1	0
7876_sub2	0	1	0	1	0	0	0	1
7876_sub3	0	1	0	1	0	0	0	1
7878_sub0	0	3	2	1	0	0	2	1
7878_sub1	0	1	1	0	0	0	1	0
7878_sub2	0	1	0	1	0	0	0	1
7878_sub3	0	1	0	1	0	0	0	1
789_sub0	0	1	0	1	0	0	0	1
789_sub1	1	8	5	3	5	3	0	0
7904_sub0	0	1	1	0	0	0	1	0
7904_sub1	1	8	5	3	5	3	0	0
7904_sub2	0	1	1	0	0	0	1	0
7904_sub3	0	1	1	0	0	0	1	0
791_sub0	0	4	3	1	0	0	3	1
791_sub1	0	1	0	1	0	0	0	1
791_sub2	0	1	1	0	0	0	1	0
7917_sub0	1	6	2	4	2	4	0	0
7927_sub0	1	6	3	3	3	3	0	0
7928_sub0	0	3	2	1	0	0	2	1
7928_sub1	0	1	1	0	0	0	1	0
7928_sub2	0	1	0	1	0	0	0	1
7928_sub3	0	1	0	1	0	0	0	1
7928_sub4	0	1	0	1	0	0	0	1
7935_sub0	0	4	3	1	0	0	3	1
7935_sub1	0	1	1	0	0	0	1	0
7935_sub2	0	1	1	0	0	0	1	0
794_sub0	0	1	0	1	0	0	0	1
794_sub1	1	10	4	6	4	6	0	0
794_sub2	0	1	1	0	0	0	1	0
794_sub3	0	1	0	1	0	0	0	1
7950_sub0	1	6	3	3	3	3	0	0
7956_sub0	1	6	4	2	4	2	0	0
7956_sub1	0	1	1	0	0	0	1	0
7956_sub2	0	1	1	0	0	0	1	0
796_sub0	0	1	0	1	0	0	0	1
796_sub1	0	1	1	0	0	0	1	0
796_sub2	1	8	4	4	4	4	0	0
7975_sub0	0	1	1	0	0	0	1	0
7975_sub1	0	4	1	3	0	0	1	3
7975_sub2	0	1	1	0	0	0	1	0
7997_sub0	0	5	2	3	0	0	2	3
7997_sub1	0	1	1	0	0	0	1	0
7997_sub2	0	1	0	1	0	0	0	1
8003_sub0	1	6	5	1	5	1	0	0
8007_sub0	1	6	3	3	3	3	0	0
8007_sub1	0	1	1	0	0	0	1	0
8007_sub2	0	1	0	1	0	0	0	1
8022_sub0	1	6	4	2	4	2	0	0
8023_sub0	1	6	4	2	4	2	0	0
8023_sub1	0	1	1	0	0	0	1	0
8023_sub2	0	1	0	1	0	0	0	1
8023_sub3	0	1	1	0	0	0	1	0
8040_sub0	1	7	4	3	4	3	0	0
8040_sub1	0	1	0	1	0	0	0	1
8040_sub2	0	1	0	1	0	0	0	1
8040_sub3	0	1	1	0	0	0	1	0
8040_sub4	0	1	1	0	0	0	1	0
8045_sub0	1	6	1	5	1	5	0	0
8045_sub1	0	1	1	0	0	0	1	0
8045_sub2	0	1	0	1	0	0	0	1
8052_sub0	0	5	4	1	0	0	4	1
8052_sub1	0	1	0	1	0	0	0	1
8052_sub2	0	1	0	1	0	0	0	1
806_sub0	0	1	1	0	0	0	1	0
806_sub1	0	1	1	0	0	0	1	0
806_sub2	0	4	2	2	0	0	2	2
8068_sub0	0	5	1	4	0	0	1	4
8068_sub1	0	1	1	0	0	0	1	0
8068_sub2	0	1	1	0	0	0	1	0
807_sub0	0	1	0	1	0	0	0	1
807_sub1	1	8	4	4	4	4	0	0
807_sub2	0	1	0	1	0	0	0	1
8077_sub0	1	6	2	4	2	4	0	0
8077_sub1	0	1	1	0	0	0	1	0
808_sub0	1	8	5	3	5	3	0	0
808_sub1	0	1	0	1	0	0	0	1
808_sub2	0	1	1	0	0	0	1	0
808_sub3	0	1	0	1	0	0	0	1
8087_sub0	0	4	1	3	0	0	1	3
8087_sub1	0	1	0	1	0	0	0	1
8087_sub2	0	1	1	0	0	0	1	0
8087_sub3	0	1	1	0	0	0	1	0
8088_sub0	1	13	5	8	5	8	0	0
8088_sub1	0	1	1	0	0	0	1	0
8095_sub0	0	1	1	0	0	0	1	0
8095_sub1	0	5	2	3	0	0	2	3
8097_sub0	0	5	1	4	0	0	1	4
8097_sub1	0	1	0	1	0	0	0	1
8097_sub2	0	1	1	0	0	0	1	0
8097_sub3	0	1	0	1	0	0	0	1
8098_sub0	0	1	0	1	0	0	0	1
8098_sub1	1	7	2	5	2	5	0	0
8098_sub2	0	1	0	1	0	0	0	1
8110_sub0	1	6	3	3	3	3	0	0
8116_sub0	1	7	6	1	6	1	0	0
8118_sub0	0	1	1	0	0	0	1	0
8118_sub1	0	1	1	0	0	0	1	0
8118_sub2	0	5	2	3	0	0	2	3
8118_sub3	0	1	1	0	0	0	1	0
8118_sub4	0	1	0	1	0	0	0	1
8118_sub5	0	1	1	0	0	0	1	0
8118_sub6	0	1	0	1	0	0	0	1
8139_sub0	0	1	1	0	0	0	1	0
8139_sub1	0	1	0	1	0	0	0	1
8139_sub2	0	1	1	0	0	0	1	0
8139_sub3	0	4	2	2	0	0	2	2
8139_sub4	0	1	1	0	0	0	1	0
8140_sub0	1	11	7	4	7	4	0	0
8140_sub1	0	1	1	0	0	0	1	0
8140_sub2	0	1	0	1	0	0	0	1
8150_sub0	1	10	7	3	7	3	0	0
8169_sub0	0	4	1	3	0	0	1	3
8169_sub1	0	1	1	0	0	0	1	0
8169_sub2	0	1	1	0	0	0	1	0
819_sub0	0	1	1	0	0	0	1	0
819_sub1	0	1	0	1	0	0	0	1
819_sub2	0	1	0	1	0	0	0	1
819_sub3	0	1	1	0	0	0	1	0
819_sub4	0	1	0	1	0	0	0	1
819_sub5	0	1	1	0	0	0	1	0
819_sub6	0	1	1	0	0	0	1	0
82_sub0	0	1	0	1	0	0	0	1
82_sub1	0	1	1	0	0	0	1	0
82_sub2	0	1	1	0	0	0	1	0
82_sub3	0	1	1	0	0	0	1	0
82_sub4	0	1	0	1	0	0	0	1
82_sub5	0	1	0	1	0	0	0	1
8200_sub0	1	7	5	2	5	2	0	0
8200_sub1	0	1	1	0	0	0	1	0
822_sub0	0	5	2	3	0	0	2	3
822_sub1	0	1	0	1	0	0	0	1
822_sub2	0	1	0	1	0	0	0	1
823_sub0	0	5	3	2	0	0	3	2
823_sub1	0	1	0	1	0	0	0	1
8237_sub0	1	6	3	3	3	3	0	0
8237_sub1	0	1	0	1	0	0	0	1
8237_sub2	0	1	0	1	0	0	0	1
8237_sub3	0	1	0	1	0	0	0	1
8237_sub4	0	1	1	0	0	0	1	0
8237_sub5	0	1	0	1	0	0	0	1
8237_sub6	0	1	0	1	0	0	0	1
8238_sub0	1	6	3	3	3	3	0	0
8238_sub1	0	1	0	1	0	0	0	1
8238_sub2	0	1	0	1	0	0	0	1
8238_sub3	0	1	1	0	0	0	1	0
8238_sub4	0	1	0	1	0	0	0	1
8249_sub0	0	1	1	0	0	0	1	0
8249_sub1	0	1	1	0	0	0	1	0
8249_sub2	0	1	0	1	0	0	0	1
8249_sub3	0	1	1	0	0	0	1	0
8249_sub4	0	1	1	0	0	0	1	0
8249_sub5	0	1	1	0	0	0	1	0
8249_sub6	0	1	0	1	0	0	0	1
825_sub0	0	1	0	1	0	0	0	1
825_sub1	1	16	9	7	9	7	0	0
8262_sub0	1	7	2	5	2	5	0	0
8312_sub0	0	3	2	1	0	0	2	1
8312_sub1	0	1	1	0	0	0	1	0
8312_sub2	0	1	0	1	0	0	0	1
8312_sub3	0	1	0	1	0	0	0	1
8328_sub0	0	1	1	0	0	0	1	0
8328_sub1	0	1	1	0	0	0	1	0
8328_sub2	0	1	1	0	0	0	1	0
8328_sub3	0	1	1	0	0	0	1	0
8328_sub4	0	1	1	0	0	0	1	0
8328_sub5	0	1	0	1	0	0	0	1
8328_sub6	0	1	1	0	0	0	1	0
8328_sub7	0	1	1	0	0	0	1	0
8338_sub0	1	6	3	3	3	3	0	0
8342_sub0	0	1	0	1	0	0	0	1
8342_sub1	0	1	0	1	0	0	0	1
8342_sub2	0	1	0	1	0	0	0	1
8342_sub3	1	6	5	1	5	1	0	0
8342_sub4	0	1	0	1	0	0	0	1
8357_sub0	0	1	1	0	0	0	1	0
8357_sub1	0	1	0	1	0	0	0	1
8357_sub2	0	3	2	1	0	0	2	1
8357_sub3	0	1	1	0	0	0	1	0
8367_sub0	0	5	2	3	0	0	2	3
8367_sub1	0	1	0	1	0	0	0	1
8385_sub0	0	1	1	0	0	0	1	0
8385_sub1	0	5	3	2	0	0	3	2
8385_sub2	0	1	0	1	0	0	0	1
8386_sub0	0	1	0	1	0	0	0	1
8386_sub1	1	6	2	4	2	4	0	0
8386_sub2	0	1	0	1	0	0	0	1
8395_sub0	0	1	0	1	0	0	0	1
8395_sub1	0	1	1	0	0	0	1	0
8395_sub2	0	1	1	0	0	0	1	0
8395_sub3	0	1	0	1	0	0	0	1
8395_sub4	0	1	0	1	0	0	0	1
8395_sub5	0	1	0	1	0	0	0	1
8404_sub0	1	7	1	6	1	6	0	0
8404_sub1	0	1	1	0	0	0	1	0
8404_sub2	0	1	1	0	0	0	1	0
843_sub0	1	6	2	4	2	4	0	0
843_sub1	0	1	1	0	0	0	1	0
843_sub2	0	1	1	0	0	0	1	0
843_sub3	0	1	1	0	0	0	1	0
843_sub4	0	1	1	0	0	0	1	0
8456_sub0	1	6	3	3	3	3	0	0
8456_sub1	0	1	1	0	0	0	1	0
847_sub0	0	1	0	1	0	0	0	1
847_sub1	0	4	1	3	0	0	1	3
847_sub2	0	1	1	0	0	0	1	0
847_sub3	0	1	0	1	0	0	0	1
8483_sub0	1	6	3	3	3	3	0	0
8483_sub1	0	1	1	0	0	0	1	0
8502_sub0	0	4	2	2	0	0	2	2
8502_sub1	0	1	0	1	0	0	0	1
8502_sub2	0	1	1	0	0	0	1	0
853_sub0	0	3	2	1	0	0	2	1
853_sub1	0	1	1	0	0	0	1	0
853_sub2	0	1	0	1	0	0	0	1
853_sub3	0	1	0	1	0	0	0	1
8531_sub0	1	7	1	6	1	6	0	0
8531_sub1	0	1	1	0	0	0	1	0
8531_sub2	0	1	0	1	0	0	0	1
8531_sub3	0	1	0	1	0	0	0	1
8531_sub4	0	1	1	0	0	0	1	0
8531_sub5	0	1	1	0	0	0	1	0
8531_sub6	0	1	0	1	0	0	0	1
8548_sub0	1	7	3	4	3	4	0	0
8548_sub1	0	1	1	0	0	0	1	0
8549_sub0	0	1	0	1	0	0	0	1
8549_sub1	0	1	0	1	0	0	0	1
8549_sub2	0	5	2	3	0	0	2	3
856_sub0	1	6	4	2	4	2	0	0
856_sub1	0	1	0	1	0	0	0	1
8565_sub0	0	1	0	1	0	0	0	1
8565_sub1	0	4	2	2	0	0	2	2
8565_sub2	0	1	0	1	0	0	0	1
8579_sub0	0	4	4	0	0	0	4	0
8579_sub1	0	1	1	0	0	0	1	0
8579_sub2	0	1	0	1	0	0	0	1
8584_sub0	1	11	9	2	9	2	0	0
8587_sub0	1	6	4	2	4	2	0	0
8587_sub1	0	1	0	1	0	0	0	1
8593_sub0	0	5	4	1	0	0	4	1
8593_sub1	0	1	0	1	0	0	0	1
8593_sub2	0	1	0	1	0	0	0	1
8593_sub3	0	1	1	0	0	0	1	0
8625_sub0	0	4	4	0	0	0	4	0
8625_sub1	0	1	0	1	0	0	0	1
8625_sub2	0	1	0	1	0	0	0	1
8642_sub0	0	4	2	2	0	0	2	2
8642_sub1	0	2	2	0	0	0	2	0
8672_sub0	0	5	2	3	0	0	2	3
8672_sub1	0	1	0	1	0	0	0	1
8695_sub0	1	9	5	4	5	4	0	0
8695_sub1	0	1	0	1	0	0	0	1
8695_sub2	0	1	0	1	0	0	0	1
87_sub0	0	1	1	0	0	0	1	0
87_sub1	1	7	2	5	2	5	0	0
87_sub2	0	1	1	0	0	0	1	0
87_sub3	0	1	0	1	0	0	0	1
87_sub4	0	1	1	0	0	0	1	0
87_sub5	0	1	1	0	0	0	1	0
87_sub6	0	1	0	1	0	0	0	1
871_sub0	0	1	1	0	0	0	1	0
871_sub1	1	6	5	1	5	1	0	0
8711_sub0	0	4	3	1	0	0	3	1
8711_sub1	0	1	1	0	0	0	1	0
8711_sub2	0	1	1	0	0	0	1	0
8711_sub3	0	1	1	0	0	0	1	0
872_sub0	0	1	1	0	0	0	1	0
872_sub1	1	8	2	6	2	6	0	0
8735_sub0	0	4	2	2	0	0	2	2
8735_sub1	0	1	1	0	0	0	1	0
8735_sub2	0	1	1	0	0	0	1	0
875_sub0	0	1	1	0	0	0	1	0
875_sub1	1	10	7	3	7	3	0	0
8758_sub0	1	7	6	1	6	1	0	0
8758_sub1	0	1	0	1	0	0	0	1
8758_sub2	0	1	1	0	0	0	1	0
8758_sub3	0	1	0	1	0	0	0	1
8758_sub4	0	1	1	0	0	0	1	0
8758_sub5	0	1	1	0	0	0	1	0
8766_sub0	0	4	1	3	0	0	1	3
8766_sub1	0	1	0	1	0	0	0	1
8766_sub2	0	1	1	0	0	0	1	0
8769_sub0	0	5	2	3	0	0	2	3
8769_sub1	0	1	0	1	0	0	0	1
8779_sub0	0	5	4	1	0	0	4	1
8779_sub1	0	1	1	0	0	0	1	0
8784_sub0	0	5	2	3	0	0	2	3
8784_sub1	0	1	0	1	0	0	0	1
8784_sub2	0	1	0	1	0	0	0	1
8784_sub3	0	1	0	1	0	0	0	1
8789_sub0	1	6	5	1	5	1	0	0
879_sub0	0	1	0	1	0	0	0	1
879_sub1	1	16	7	9	7	9	0	0
879_sub2	0	1	1	0	0	0	1	0
879_sub3	0	1	0	1	0	0	0	1
8820_sub0	0	3	3	0	0	0	3	0
8820_sub1	0	1	0	1	0	0	0	1
8820_sub2	0	1	1	0	0	0	1	0
8820_sub3	0	1	0	1	0	0	0	1
8823_sub0	0	1	0	1	0	0	0	1
8823_sub1	0	4	4	0	0	0	4	0
8823_sub2	0	1	1	0	0	0	1	0
8827_sub0	0	1	0	1	0	0	0	1
8827_sub1	0	1	0	1	0	0	0	1
8827_sub2	0	2	0	2	0	0	0	2
8827_sub3	0	1	0	1	0	0	0	1
8827_sub4	0	1	0	1	0	0	0	1
8832_sub0	0	5	4	1	0	0	4	1
8832_sub1	0	1	1	0	0	0	1	0
8832_sub2	0	1	1	0	0	0	1	0
8846_sub0	1	7	5	2	5	2	0	0
8863_sub0	0	4	3	1	0	0	3	1
8863_sub1	0	1	1	0	0	0	1	0
8863_sub2	0	1	1	0	0	0	1	0
8863_sub3	0	1	1	0	0	0	1	0
8863_sub4	0	1	1	0	0	0	1	0
8875_sub0	0	5	4	1	0	0	4	1
8875_sub1	0	1	0	1	0	0	0	1
8875_sub2	0	1	0	1	0	0	0	1
8901_sub0	1	6	4	2	4	2	0	0
8901_sub1	0	1	1	0	0	0	1	0
8901_sub2	0	1	0	1	0	0	0	1
8901_sub3	0	1	1	0	0	0	1	0
8902_sub0	1	7	5	2	5	2	0	0
8902_sub1	0	1	1	0	0	0	1	0
8909_sub0	0	1	0	1	0	0	0	1
8909_sub1	0	3	2	1	0	0	2	1
8909_sub2	0	1	0	1	0	0	0	1
8909_sub3	0	1	1	0	0	0	1	0
8913_sub0	1	6	2	4	2	4	0	0
8913_sub1	0	1	0	1	0	0	0	1
8913_sub2	0	1	1	0	0	0	1	0
8929_sub0	0	5	3	2	0	0	3	2
8929_sub1	0	1	0	1	0	0	0	1
893_sub0	0	1	0	1	0	0	0	1
893_sub1	0	5	3	2	0	0	3	2
893_sub2	0	1	1	0	0	0	1	0
893_sub3	0	1	1	0	0	0	1	0
8936_sub0	0	1	0	1	0	0	0	1
8936_sub1	1	9	5	4	5	4	0	0
8936_sub2	0	1	0	1	0	0	0	1
8936_sub3	0	1	0	1	0	0	0	1
8982_sub0	0	1	1	0	0	0	1	0
8982_sub1	0	4	1	3	0	0	1	3
8982_sub2	0	1	1	0	0	0	1	0
8982_sub3	0	1	1	0	0	0	1	0
8986_sub0	1	7	6	1	6	1	0	0
8986_sub1	0	1	0	1	0	0	0	1
8993_sub0	1	7	4	3	4	3	0	0
9002_sub0	0	3	3	0	0	0	3	0
9002_sub1	0	1	1	0	0	0	1	0
9002_sub2	0	1	0	1	0	0	0	1
9002_sub3	0	1	1	0	0	0	1	0
9015_sub0	1	7	6	1	6	1	0	0
9015_sub1	0	1	0	1	0	0	0	1
904_sub0	0	1	0	1	0	0	0	1
904_sub1	0	1	1	0	0	0	1	0
904_sub2	0	5	2	3	0	0	2	3
9051_sub0	1	6	2	4	2	4	0	0
9051_sub1	0	1	1	0	0	0	1	0
907_sub0	1	6	3	3	3	3	0	0
907_sub1	0	1	1	0	0	0	1	0
907_sub2	0	1	0	1	0	0	0	1
907_sub3	0	1	0	1	0	0	0	1
907_sub4	0	1	0	1	0	0	0	1
908_sub0	1	14	6	8	6	8	0	0
908_sub1	0	1	1	0	0	0	1	0
912_sub0	0	1	0	1	0	0	0	1
912_sub1	0	1	0	1	0	0	0	1
912_sub2	0	1	0	1	0	0	0	1
912_sub3	0	3	1	2	0	0	1	2
9158_sub0	0	5	1	4	0	0	1	4
9158_sub1	0	1	1	0	0	0	1	0
9158_sub2	0	1	0	1	0	0	0	1
9202_sub0	0	5	2	3	0	0	2	3
9202_sub1	0	1	1	0	0	0	1	0
9210_sub0	1	6	3	3	3	3	0	0
9210_sub1	0	1	0	1	0	0	0	1
9226_sub0	0	1	1	0	0	0	1	0
9226_sub1	0	4	4	0	0	0	4	0
9226_sub2	0	1	0	1	0	0	0	1
9228_sub0	0	3	3	0	0	0	3	0
9228_sub1	0	1	1	0	0	0	1	0
9228_sub2	0	1	1	0	0	0	1	0
9228_sub3	0	1	1	0	0	0	1	0
9228_sub4	0	1	0	1	0	0	0	1
924_sub0	0	1	0	1	0	0	0	1
924_sub1	1	8	4	4	4	4	0	0
924_sub2	0	1	1	0	0	0	1	0
924_sub3	0	1	0	1	0	0	0	1
9258_sub0	0	3	2	1	0	0	2	1
9258_sub1	0	1	0	1	0	0	0	1
9258_sub2	0	1	0	1	0	0	0	1
9258_sub3	0	1	0	1	0	0	0	1
9258_sub4	0	1	0	1	0	0	0	1
929_sub0	0	1	0	1	0	0	0	1
929_sub1	0	2	0	2	0	0	0	2
929_sub2	0	2	1	1	0	0	1	1
929_sub3	0	1	1	0	0	0	1	0
930_sub0	0	1	0	1	0	0	0	1
930_sub1	1	7	3	4	3	4	0	0
930_sub2	0	1	1	0	0	0	1	0
9303_sub0	1	8	6	2	6	2	0	0
9303_sub1	0	1	0	1	0	0	0	1
9303_sub2	0	1	0	1	0	0	0	1
9303_sub3	0	1	1	0	0	0	1	0
9323_sub0	0	1	1	0	0	0	1	0
9323_sub1	0	4	2	2	0	0	2	2
9323_sub2	0	1	0	1	0	0	0	1
9323_sub3	0	1	0	1	0	0	0	1
9327_sub0	0	3	2	1	0	0	2	1
9327_sub1	0	1	1	0	0	0	1	0
9327_sub2	0	1	0	1	0	0	0	1
9327_sub3	0	1	1	0	0	0	1	0
933_sub0	0	1	0	1	0	0	0	1
933_sub1	1	7	2	5	2	5	0	0
933_sub2	0	1	1	0	0	0	1	0
937_sub0	1	7	3	4	3	4	0	0
937_sub1	0	1	1	0	0	0	1	0
937_sub2	0	1	0	1	0	0	0	1
939_sub0	1	8	3	5	3	5	0	0
939_sub1	0	1	1	0	0	0	1	0
939_sub2	0	1	1	0	0	0	1	0
939_sub3	0	1	0	1	0	0	0	1
9392_sub0	0	5	4	1	0	0	4	1
9392_sub1	0	1	0	1	0	0	0	1
9437_sub0	1	6	0	6	0	6	0	0
9437_sub1	0	1	0	1	0	0	0	1
9437_sub2	0	1	1	0	0	0	1	0
9437_sub3	0	1	0	1	0	0	0	1
9450_sub0	0	1	0	1	0	0	0	1
9450_sub1	0	1	0	1	0	0	0	1
9450_sub2	0	2	2	0	0	0	2	0
9450_sub3	0	1	0	1	0	0	0	1
9450_sub4	0	1	0	1	0	0	0	1
9479_sub0	1	8	5	3	5	3	0	0
9479_sub1	0	1	1	0	0	0	1	0
9479_sub2	0	1	0	1	0	0	0	1
9479_sub3	0	1	0	1	0	0	0	1
9515_sub0	0	5	1	4	0	0	1	4
9515_sub1	0	1	0	1	0	0	0	1
9529_sub0	0	5	3	2	0	0	3	2
9529_sub1	0	1	0	1	0	0	0	1
9529_sub2	0	1	0	1	0	0	0	1
9563_sub0	0	4	2	2	0	0	2	2
9563_sub1	0	1	0	1	0	0	0	1
9563_sub2	0	1	0	1	0	0	0	1
9579_sub0	1	6	1	5	1	5	0	0
9579_sub1	0	1	1	0	0	0	1	0
958_sub0	1	10	6	4	6	4	0	0
958_sub1	0	1	0	1	0	0	0	1
958_sub2	0	1	0	1	0	0	0	1
958_sub3	0	1	0	1	0	0	0	1
958_sub4	0	1	1	0	0	0	1	0
959_sub0	0	1	1	0	0	0	1	0
959_sub1	0	5	3	2	0	0	3	2
96_sub0	0	1	1	0	0	0	1	0
96_sub1	0	5	4	1	0	0	4	1
96_sub2	0	1	1	0	0	0	1	0
96_sub3	0	1	1	0	0	0	1	0
96_sub4	0	1	0	1	0	0	0	1
960_sub0	1	6	2	4	2	4	0	0
960_sub1	0	1	0	1	0	0	0	1
960_sub2	0	1	0	1	0	0	0	1
9603_sub0	1	7	4	3	4	3	0	0
9619_sub0	1	11	3	8	3	8	0	0
9619_sub1	0	1	0	1	0	0	0	1
9619_sub2	0	1	1	0	0	0	1	0
9622_sub0	0	3	2	1	0	0	2	1
9622_sub1	0	1	0	1	0	0	0	1
9622_sub2	0	1	0	1	0	0	0	1
9622_sub3	0	1	0	1	0	0	0	1
9632_sub0	0	1	1	0	0	0	1	0
9632_sub1	0	3	1	2	0	0	1	2
9632_sub2	0	1	0	1	0	0	0	1
9632_sub3	0	1	1	0	0	0	1	0
9653_sub0	0	4	3	1	0	0	3	1
9653_sub1	0	1	1	0	0	0	1	0
9653_sub2	0	1	1	0	0	0	1	0
9653_sub3	0	1	0	1	0	0	0	1
9653_sub4	0	1	0	1	0	0	0	1
9662_sub0	0	4	1	3	0	0	1	3
9662_sub1	0	1	0	1	0	0	0	1
9662_sub2	0	1	0	1	0	0	0	1
9691_sub0	1	7	1	6	1	6	0	0
9691_sub1	0	1	1	0	0	0	1	0
9691_sub2	0	1	0	1	0	0	0	1
97_sub0	0	1	1	0	0	0	1	0
97_sub1	0	1	0	1	0	0	0	1
97_sub2	0	1	1	0	0	0	1	0
97_sub3	0	1	0	1	0	0	0	1
97_sub4	0	1	1	0	0	0	1	0
97_sub5	0	1	0	1	0	0	0	1
971_sub0	1	6	4	2	4	2	0	0
9714_sub0	0	5	2	3	0	0	2	3
9714_sub1	0	1	1	0	0	0	1	0
9717_sub0	0	4	3	1	0	0	3	1
9717_sub1	0	1	0	1	0	0	0	1
9717_sub2	0	1	1	0	0	0	1	0
973_sub0	0	5	2	3	0	0	2	3
973_sub1	0	1	1	0	0	0	1	0
973_sub2	0	1	1	0	0	0	1	0
9730_sub0	1	7	6	1	6	1	0	0
9730_sub1	0	1	1	0	0	0	1	0
974_sub0	1	8	4	4	4	4	0	0
974_sub1	0	1	0	1	0	0	0	1
974_sub2	0	1	1	0	0	0	1	0
9763_sub0	1	6	3	3	3	3	0	0
9763_sub1	0	1	1	0	0	0	1	0
9763_sub2	0	1	0	1	0	0	0	1
9774_sub0	0	1	0	1	0	0	0	1
9774_sub1	0	4	1	3	0	0	1	3
9774_sub2	0	1	1	0	0	0	1	0
9775_sub0	0	4	2	2	0	0	2	2
9775_sub1	0	1	0	1	0	0	0	1
9775_sub2	0	1	0	1	0	0	0	1
9775_sub3	0	1	1	0	0	0	1	0
9824_sub0	0	5	1	4	0	0	1	4
9824_sub1	0	1	1	0	0	0	1	0
9824_sub2	0	1	0	1	0	0	0	1
9857_sub0	0	5	4	1	0	0	4	1
9857_sub1	0	1	1	0	0	0	1	0
986_sub0	1	7	5	2	5	2	0	0
986_sub1	0	1	1	0	0	0	1	0
986_sub2	0	1	0	1	0	0	0	1
9896_sub0	1	6	4	2	4	2	0	0
9896_sub1	0	1	0	1	0	0	0	1
9896_sub2	0	1	1	0	0	0	1	0
99_sub0	0	1	0	1	0	0	0	1
99_sub1	0	1	0	1	0	0	0	1
99_sub2	0	1	0	1	0	0	0	1
99_sub3	0	1	0	1	0	0	0	1
99_sub4	0	1	0	1	0	0	0	1
99_sub5	0	1	0	1	0	0	0	1
9903_sub0	0	1	1	0	0	0	1	0
9903_sub1	0	1	1	0	0	0	1	0
9903_sub2	0	3	2	1	0	0	2	1
9903_sub3	0	1	0	1	0	0	0	1
991_sub0	0	1	0	1	0	0	0	1
991_sub1	0	5	5	0	0	0	5	0
9920_sub0	0	5	1	4	0	0	1	4
9920_sub1	0	1	1	0	0	0	1	0
9926_sub0	1	6	2	4	2	4	0	0
9926_sub1	0	1	0	1	0	0	0	1
9979_sub0	0	5	1	4	0	0	1	4
9979_sub1	0	1	0	1	0	0	0	1
9979_sub2	0	1	0	1	0	0	0	1
9984_sub0	1	8	7	1	7	1	0	0
999_sub0	0	4	2	2	0	0	2	2
999_sub1	0	1	0	1	0	0	0	1
999_sub2	0	1	0	1	0	0	0	1
999_sub3	0	1	1	0	0	0	1	0
