cluster_id	cluster_written	reads_found	reads_found_fwd	reads_found_rev	reads_written_fwd	reads_written_rev	reads_skipped_fwd	reads_skipped_rev
10_sub0	0	1	0	1	0	0	0	1
10_sub1	0	1	1	0	0	0	1	0
10_sub2	1	17	7	10	7	10	0	0
10000_sub0	0	1	0	1	0	0	0	1
10000_sub1	0	1	1	0	0	0	1	0
10000_sub2	0	1	1	0	0	0	1	0
10000_sub3	0	1	1	0	0	0	1	0
10000_sub4	0	1	0	1	0	0	0	1
10000_sub5	0	1	0	1	0	0	0	1
10000_sub6	0	1	1	0	0	0	1	0
10000_sub7	0	1	1	0	0	0	1	0
10005_sub0	0	1	0	1	0	0	0	1
10005_sub1	0	1	0	1	0	0	0	1
10005_sub2	0	1	0	1	0	0	0	1
10005_sub3	0	1	0	1	0	0	0	1
10005_sub4	0	1	0	1	0	0	0	1
10005_sub5	0	1	0	1	0	0	0	1
10005_sub6	0	1	0	1	0	0	0	1
10007_sub0	0	1	1	0	0	0	1	0
10007_sub1	0	1	0	1	0	0	0	1
10007_sub2	0	1	1	0	0	0	1	0
10007_sub3	0	1	1	0	0	0	1	0
10007_sub4	0	1	1	0	0	0	1	0
10007_sub5	0	1	0	1	0	0	0	1
10007_sub6	0	1	0	1	0	0	0	1
10007_sub7	0	1	0	1	0	0	0	1
10013_sub0	0	1	1	0	0	0	1	0
10013_sub1	0	1	1	0	0	0	1	0
10013_sub2	0	1	0	1	0	0	0	1
10013_sub3	0	1	1	0	0	0	1	0
10013_sub4	0	1	0	1	0	0	0	1
10013_sub5	0	1	1	0	0	0	1	0
10013_sub6	0	1	1	0	0	0	1	0
10013_sub7	0	1	0	1	0	0	0	1
10014_sub0	0	1	1	0	0	0	1	0
10014_sub1	0	1	0	1	0	0	0	1
10014_sub2	0	1	1	0	0	0	1	0
10014_sub3	0	1	1	0	0	0	1	0
10014_sub4	0	1	0	1	0	0	0	1
10014_sub5	0	1	0	1	0	0	0	1
10014_sub6	0	1	1	0	0	0	1	0
10014_sub7	0	1	0	1	0	0	0	1
10021_sub0	0	1	0	1	0	0	0	1
10021_sub1	0	1	0	1	0	0	0	1
10021_sub2	0	1	0	1	0	0	0	1
10021_sub3	0	1	1	0	0	0	1	0
10021_sub4	0	1	0	1	0	0	0	1
10021_sub5	0	1	1	0	0	0	1	0
10024_sub0	0	1	1	0	0	0	1	0
10024_sub1	0	1	0	1	0	0	0	1
10024_sub2	0	1	1	0	0	0	1	0
10024_sub3	0	1	1	0	0	0	1	0
10024_sub4	0	1	1	0	0	0	1	0
10024_sub5	0	1	1	0	0	0	1	0
10024_sub6	0	1	1	0	0	0	1	0
10028_sub0	0	1	0	1	0	0	0	1
10028_sub1	0	1	1	0	0	0	1	0
10028_sub2	0	1	0	1	0	0	0	1
10028_sub3	0	1	0	1	0	0	0	1
10028_sub4	0	1	0	1	0	0	0	1
10028_sub5	0	2	1	1	0	0	1	1
10029_sub0	0	1	1	0	0	0	1	0
10029_sub1	0	1	0	1	0	0	0	1
10029_sub2	0	1	1	0	0	0	1	0
10029_sub3	0	1	0	1	0	0	0	1
10029_sub4	0	1	1	0	0	0	1	0
10029_sub5	0	1	0	1	0	0	0	1
10029_sub6	0	1	1	0	0	0	1	0
10029_sub7	0	1	1	0	0	0	1	0
10035_sub0	0	1	1	0	0	0	1	0
10035_sub1	0	1	1	0	0	0	1	0
10035_sub2	0	1	1	0	0	0	1	0
10035_sub3	0	1	0	1	0	0	0	1
10035_sub4	0	1	0	1	0	0	0	1
10035_sub5	0	1	0	1	0	0	0	1
10043_sub0	0	1	0	1	0	0	0	1
10043_sub1	0	1	1	0	0	0	1	0
10043_sub2	0	1	1	0	0	0	1	0
10043_sub3	0	1	1	0	0	0	1	0
10043_sub4	0	1	1	0	0	0	1	0
10043_sub5	0	1	1	0	0	0	1	0
10043_sub6	0	1	0	1	0	0	0	1
10046_sub0	1	6	5	1	5	1	0	0
10046_sub1	0	1	0	1	0	0	0	1
10046_sub2	0	1	1	0	0	0	1	0
10046_sub3	0	1	1	0	0	0	1	0
10046_sub4	0	1	0	1	0	0	0	1
10046_sub5	0	1	0	1	0	0	0	1
10048_sub0	1	17	6	11	6	11	0	0
10048_sub1	0	1	1	0	0	0	1	0
10048_sub2	0	1	1	0	0	0	1	0
10053_sub0	0	1	1	0	0	0	1	0
10053_sub1	0	1	1	0	0	0	1	0
10053_sub2	0	1	0	1	0	0	0	1
10053_sub3	0	1	1	0	0	0	1	0
10053_sub4	0	1	1	0	0	0	1	0
10053_sub5	0	1	0	1	0	0	0	1
10060_sub0	1	10	4	6	4	6	0	0
10060_sub1	0	1	1	0	0	0	1	0
10060_sub2	0	1	0	1	0	0	0	1
10070_sub0	1	18	9	9	9	9	0	0
10070_sub1	0	1	0	1	0	0	0	1
10071_sub0	0	1	0	1	0	0	0	1
10071_sub1	0	1	1	0	0	0	1	0
10071_sub2	0	1	1	0	0	0	1	0
10071_sub3	0	1	1	0	0	0	1	0
10071_sub4	0	1	0	1	0	0	0	1
10071_sub5	0	1	0	1	0	0	0	1
10073_sub0	1	14	7	7	7	7	0	0
10073_sub1	0	1	0	1	0	0	0	1
10073_sub2	0	1	1	0	0	0	1	0
10073_sub3	0	1	0	1	0	0	0	1
10073_sub4	0	1	0	1	0	0	0	1
10075_sub0	0	1	1	0	0	0	1	0
10075_sub1	1	12	7	5	7	5	0	0
10077_sub0	0	1	0	1	0	0	0	1
10077_sub1	0	1	0	1	0	0	0	1
10077_sub2	0	1	1	0	0	0	1	0
10077_sub3	0	1	0	1	0	0	0	1
10077_sub4	0	1	1	0	0	0	1	0
10077_sub5	0	1	0	1	0	0	0	1
10077_sub6	0	1	1	0	0	0	1	0
10077_sub7	0	1	1	0	0	0	1	0
10077_sub8	0	1	0	1	0	0	0	1
10077_sub9	0	1	1	0	0	0	1	0
10077_sub10	0	1	0	1	0	0	0	1
10077_sub11	0	1	0	1	0	0	0	1
10079_sub0	0	1	0	1	0	0	0	1
10079_sub1	0	1	1	0	0	0	1	0
10079_sub2	0	1	1	0	0	0	1	0
10079_sub3	0	1	0	1	0	0	0	1
10079_sub4	0	1	0	1	0	0	0	1
10079_sub5	0	1	1	0	0	0	1	0
10080_sub0	0	1	1	0	0	0	1	0
10080_sub1	0	1	1	0	0	0	1	0
10080_sub2	0	1	0	1	0	0	0	1
10080_sub3	0	1	0	1	0	0	0	1
10080_sub4	0	1	1	0	0	0	1	0
10080_sub5	0	1	0	1	0	0	0	1
10080_sub6	0	1	1	0	0	0	1	0
10081_sub0	1	20	14	6	14	6	0	0
10081_sub1	0	1	1	0	0	0	1	0
10081_sub2	0	1	0	1	0	0	0	1
10081_sub3	0	1	0	1	0	0	0	1
10081_sub4	0	1	1	0	0	0	1	0
10084_sub0	1	15	5	10	5	10	0	0
10084_sub1	0	1	0	1	0	0	0	1
10084_sub2	0	1	1	0	0	0	1	0
10085_sub0	0	1	0	1	0	0	0	1
10085_sub1	0	1	1	0	0	0	1	0
10085_sub2	0	1	1	0	0	0	1	0
10085_sub3	0	1	1	0	0	0	1	0
10085_sub4	0	1	0	1	0	0	0	1
10085_sub5	0	1	0	1	0	0	0	1
10089_sub0	1	12	4	8	4	8	0	0
10089_sub1	0	1	1	0	0	0	1	0
10089_sub2	0	1	0	1	0	0	0	1
10089_sub3	0	1	1	0	0	0	1	0
10089_sub4	0	1	0	1	0	0	0	1
10097_sub0	0	1	1	0	0	0	1	0
10097_sub1	0	1	1	0	0	0	1	0
10097_sub2	0	1	0	1	0	0	0	1
10097_sub3	0	1	0	1	0	0	0	1
10097_sub4	0	1	0	1	0	0	0	1
10097_sub5	0	1	1	0	0	0	1	0
10097_sub6	0	1	0	1	0	0	0	1
10100_sub0	0	5	3	2	0	0	3	2
10100_sub1	0	1	0	1	0	0	0	1
10100_sub2	0	1	1	0	0	0	1	0
10102_sub0	1	10	4	6	4	6	0	0
10102_sub1	0	1	0	1	0	0	0	1
10103_sub0	0	1	0	1	0	0	0	1
10103_sub1	0	1	0	1	0	0	0	1
10103_sub2	0	1	1	0	0	0	1	0
10103_sub3	0	1	0	1	0	0	0	1
10103_sub4	0	1	0	1	0	0	0	1
10103_sub5	0	1	1	0	0	0	1	0
10103_sub6	0	1	1	0	0	0	1	0
10103_sub7	0	1	1	0	0	0	1	0
10103_sub8	0	1	1	0	0	0	1	0
10103_sub9	0	1	0	1	0	0	0	1
10105_sub0	0	1	0	1	0	0	0	1
10105_sub1	0	1	1	0	0	0	1	0
10105_sub2	0	1	1	0	0	0	1	0
10105_sub3	0	1	1	0	0	0	1	0
10105_sub4	0	1	0	1	0	0	0	1
10105_sub5	0	1	0	1	0	0	0	1
10105_sub6	0	1	0	1	0	0	0	1
10105_sub7	0	1	0	1	0	0	0	1
10107_sub0	0	1	0	1	0	0	0	1
10107_sub1	0	1	0	1	0	0	0	1
10107_sub2	0	1	1	0	0	0	1	0
10107_sub3	0	1	1	0	0	0	1	0
10107_sub4	0	1	0	1	0	0	0	1
10107_sub5	0	1	0	1	0	0	0	1
10108_sub0	0	1	1	0	0	0	1	0
10108_sub1	0	1	0	1	0	0	0	1
10108_sub2	0	1	1	0	0	0	1	0
10108_sub3	0	1	1	0	0	0	1	0
10108_sub4	0	1	0	1	0	0	0	1
10108_sub5	0	1	0	1	0	0	0	1
10108_sub6	0	1	1	0	0	0	1	0
10108_sub7	0	1	1	0	0	0	1	0
10110_sub0	0	1	1	0	0	0	1	0
10110_sub1	0	1	1	0	0	0	1	0
10110_sub2	0	1	0	1	0	0	0	1
10110_sub3	0	1	0	1	0	0	0	1
10110_sub4	0	1	1	0	0	0	1	0
10110_sub5	0	1	1	0	0	0	1	0
10113_sub0	0	1	1	0	0	0	1	0
10113_sub1	0	1	1	0	0	0	1	0
10113_sub2	0	1	1	0	0	0	1	0
10113_sub3	0	1	0	1	0	0	0	1
10113_sub4	0	1	1	0	0	0	1	0
10113_sub5	0	1	1	0	0	0	1	0
10113_sub6	0	1	1	0	0	0	1	0
10113_sub7	0	1	1	0	0	0	1	0
10113_sub8	0	1	0	1	0	0	0	1
10113_sub9	0	1	0	1	0	0	0	1
10113_sub10	0	1	0	1	0	0	0	1
10117_sub0	1	7	3	4	3	4	0	0
10117_sub1	0	1	0	1	0	0	0	1
10117_sub2	0	1	1	0	0	0	1	0
10117_sub3	0	1	1	0	0	0	1	0
10117_sub4	0	1	1	0	0	0	1	0
10119_sub0	0	5	3	2	0	0	3	2
10119_sub1	0	1	0	1	0	0	0	1
10119_sub2	0	1	1	0	0	0	1	0
10126_sub0	0	1	0	1	0	0	0	1
10126_sub1	0	1	1	0	0	0	1	0
10126_sub2	0	1	0	1	0	0	0	1
10126_sub3	0	1	1	0	0	0	1	0
10126_sub4	0	1	1	0	0	0	1	0
10126_sub5	0	1	1	0	0	0	1	0
10126_sub6	0	1	1	0	0	0	1	0
10127_sub0	0	1	0	1	0	0	0	1
10127_sub1	0	1	1	0	0	0	1	0
10127_sub2	0	1	0	1	0	0	0	1
10127_sub3	0	1	1	0	0	0	1	0
10127_sub4	0	1	1	0	0	0	1	0
10127_sub5	0	1	1	0	0	0	1	0
10127_sub6	0	1	0	1	0	0	0	1
10129_sub0	0	1	1	0	0	0	1	0
10129_sub1	0	1	1	0	0	0	1	0
10129_sub2	0	1	1	0	0	0	1	0
10129_sub3	0	1	1	0	0	0	1	0
10129_sub4	0	1	1	0	0	0	1	0
10129_sub5	0	1	0	1	0	0	0	1
1013_sub0	0	1	1	0	0	0	1	0
1013_sub1	1	23	10	13	10	10	0	3
1013_sub2	0	1	1	0	0	0	1	0
1013_sub3	0	1	0	1	0	0	0	1
1013_sub4	0	1	0	1	0	0	0	1
1013_sub5	0	1	0	1	0	0	0	1
1013_sub6	0	1	1	0	0	0	1	0
10130_sub0	0	1	0	1	0	0	0	1
10130_sub1	0	1	0	1	0	0	0	1
10130_sub2	0	1	1	0	0	0	1	0
10130_sub3	0	1	0	1	0	0	0	1
10130_sub4	0	1	0	1	0	0	0	1
10130_sub5	0	1	0	1	0	0	0	1
10131_sub0	0	1	0	1	0	0	0	1
10131_sub1	0	1	0	1	0	0	0	1
10131_sub2	0	1	0	1	0	0	0	1
10131_sub3	0	1	1	0	0	0	1	0
10131_sub4	0	1	1	0	0	0	1	0
10131_sub5	0	1	0	1	0	0	0	1
10131_sub6	0	1	0	1	0	0	0	1
10133_sub0	0	1	0	1	0	0	0	1
10133_sub1	0	1	0	1	0	0	0	1
10133_sub2	0	1	1	0	0	0	1	0
10133_sub3	0	1	0	1	0	0	0	1
10133_sub4	0	1	1	0	0	0	1	0
10133_sub5	0	1	0	1	0	0	0	1
10133_sub6	0	1	0	1	0	0	0	1
10137_sub0	1	19	6	13	6	13	0	0
10137_sub1	0	1	0	1	0	0	0	1
10137_sub2	0	1	1	0	0	0	1	0
10137_sub3	0	1	1	0	0	0	1	0
10138_sub0	1	11	5	6	5	6	0	0
10138_sub1	0	1	0	1	0	0	0	1
10138_sub2	0	1	1	0	0	0	1	0
10138_sub3	0	1	0	1	0	0	0	1
10139_sub0	1	8	4	4	4	4	0	0
10139_sub1	0	1	1	0	0	0	1	0
10139_sub2	0	1	1	0	0	0	1	0
10139_sub3	0	1	1	0	0	0	1	0
10139_sub4	0	1	1	0	0	0	1	0
10140_sub0	0	1	1	0	0	0	1	0
10140_sub1	0	1	0	1	0	0	0	1
10140_sub2	0	1	0	1	0	0	0	1
10140_sub3	0	1	0	1	0	0	0	1
10140_sub4	0	1	0	1	0	0	0	1
10140_sub5	0	1	0	1	0	0	0	1
10146_sub0	1	10	5	5	5	5	0	0
10147_sub0	0	1	0	1	0	0	0	1
10147_sub1	0	1	1	0	0	0	1	0
10147_sub2	0	1	1	0	0	0	1	0
10147_sub3	0	1	0	1	0	0	0	1
10147_sub4	0	1	0	1	0	0	0	1
10147_sub5	0	1	0	1	0	0	0	1
10147_sub6	0	1	1	0	0	0	1	0
10147_sub7	0	1	1	0	0	0	1	0
10147_sub8	0	1	0	1	0	0	0	1
10148_sub0	0	2	1	1	0	0	1	1
10148_sub1	0	1	1	0	0	0	1	0
10148_sub2	0	1	1	0	0	0	1	0
10148_sub3	0	1	0	1	0	0	0	1
10148_sub4	0	1	1	0	0	0	1	0
10148_sub5	0	1	0	1	0	0	0	1
10148_sub6	0	1	0	1	0	0	0	1
10148_sub7	0	1	1	0	0	0	1	0
10157_sub0	0	1	0	1	0	0	0	1
10157_sub1	0	1	0	1	0	0	0	1
10157_sub2	0	1	1	0	0	0	1	0
10157_sub3	0	1	0	1	0	0	0	1
10157_sub4	0	1	0	1	0	0	0	1
10157_sub5	0	1	0	1	0	0	0	1
10158_sub0	0	1	0	1	0	0	0	1
10158_sub1	0	1	0	1	0	0	0	1
10158_sub2	0	1	0	1	0	0	0	1
10158_sub3	0	1	1	0	0	0	1	0
10158_sub4	0	1	1	0	0	0	1	0
10158_sub5	0	1	1	0	0	0	1	0
10158_sub6	0	1	0	1	0	0	0	1
1016_sub0	0	1	0	1	0	0	0	1
1016_sub1	0	1	0	1	0	0	0	1
1016_sub2	0	1	0	1	0	0	0	1
1016_sub3	1	14	4	10	4	10	0	0
1016_sub4	0	1	0	1	0	0	0	1
1016_sub5	0	1	1	0	0	0	1	0
1016_sub6	0	1	0	1	0	0	0	1
1016_sub7	0	1	0	1	0	0	0	1
1016_sub8	0	1	1	0	0	0	1	0
1016_sub9	0	1	0	1	0	0	0	1
1016_sub10	0	1	1	0	0	0	1	0
10165_sub0	0	1	0	1	0	0	0	1
10165_sub1	0	1	0	1	0	0	0	1
10165_sub2	0	1	1	0	0	0	1	0
10165_sub3	0	1	1	0	0	0	1	0
10165_sub4	0	1	1	0	0	0	1	0
10165_sub5	0	1	1	0	0	0	1	0
10165_sub6	0	1	1	0	0	0	1	0
10165_sub7	0	1	0	1	0	0	0	1
10165_sub8	0	1	1	0	0	0	1	0
10165_sub9	0	1	0	1	0	0	0	1
10167_sub0	0	1	0	1	0	0	0	1
10167_sub1	0	1	1	0	0	0	1	0
10167_sub2	0	1	0	1	0	0	0	1
10167_sub3	0	1	1	0	0	0	1	0
10167_sub4	0	1	0	1	0	0	0	1
10167_sub5	0	1	0	1	0	0	0	1
1017_sub0	0	1	0	1	0	0	0	1
1017_sub1	0	1	0	1	0	0	0	1
1017_sub2	0	5	4	1	0	0	4	1
1017_sub3	0	1	1	0	0	0	1	0
10170_sub0	0	1	0	1	0	0	0	1
10170_sub1	1	18	10	8	10	8	0	0
10170_sub2	0	1	1	0	0	0	1	0
10170_sub3	0	1	0	1	0	0	0	1
10170_sub4	0	1	1	0	0	0	1	0
10170_sub5	0	1	0	1	0	0	0	1
10170_sub6	0	1	1	0	0	0	1	0
10176_sub0	0	1	0	1	0	0	0	1
10176_sub1	0	1	1	0	0	0	1	0
10176_sub2	0	1	0	1	0	0	0	1
10176_sub3	0	1	0	1	0	0	0	1
10176_sub4	0	1	0	1	0	0	0	1
10176_sub5	0	1	0	1	0	0	0	1
10176_sub6	0	1	1	0	0	0	1	0
10176_sub7	0	1	0	1	0	0	0	1
10176_sub8	0	1	0	1	0	0	0	1
10176_sub9	0	1	1	0	0	0	1	0
10176_sub10	0	1	0	1	0	0	0	1
10176_sub11	0	1	1	0	0	0	1	0
10176_sub12	0	1	0	1	0	0	0	1
10176_sub13	0	1	1	0	0	0	1	0
10176_sub14	0	1	1	0	0	0	1	0
1018_sub0	0	1	1	0	0	0	1	0
1018_sub1	1	11	8	3	8	3	0	0
1018_sub2	0	1	0	1	0	0	0	1
10180_sub0	1	17	11	6	11	6	0	0
10180_sub1	0	1	1	0	0	0	1	0
10180_sub2	0	1	0	1	0	0	0	1
10180_sub3	0	1	1	0	0	0	1	0
10180_sub4	0	1	0	1	0	0	0	1
10180_sub5	0	1	0	1	0	0	0	1
10186_sub0	0	1	0	1	0	0	0	1
10186_sub1	0	1	1	0	0	0	1	0
10186_sub2	0	1	1	0	0	0	1	0
10186_sub3	0	1	1	0	0	0	1	0
10186_sub4	0	1	1	0	0	0	1	0
10186_sub5	0	1	0	1	0	0	0	1
10187_sub0	0	1	1	0	0	0	1	0
10187_sub1	0	1	1	0	0	0	1	0
10187_sub2	0	1	1	0	0	0	1	0
10187_sub3	0	1	1	0	0	0	1	0
10187_sub4	0	1	1	0	0	0	1	0
10187_sub5	0	1	0	1	0	0	0	1
10188_sub0	1	20	12	8	12	8	0	0
10188_sub1	0	1	1	0	0	0	1	0
10188_sub2	0	1	0	1	0	0	0	1
10188_sub3	0	1	1	0	0	0	1	0
10188_sub4	0	1	1	0	0	0	1	0
10194_sub0	0	1	0	1	0	0	0	1
10194_sub1	0	1	0	1	0	0	0	1
10194_sub2	0	1	0	1	0	0	0	1
10194_sub3	0	1	0	1	0	0	0	1
10194_sub4	0	1	1	0	0	0	1	0
10194_sub5	0	1	1	0	0	0	1	0
102_sub0	0	1	0	1	0	0	0	1
102_sub1	1	17	11	6	11	6	0	0
102_sub2	0	1	1	0	0	0	1	0
1020_sub0	0	1	1	0	0	0	1	0
1020_sub1	1	23	12	11	10	10	2	1
1020_sub2	0	1	0	1	0	0	0	1
1020_sub3	0	1	1	0	0	0	1	0
10200_sub0	0	1	1	0	0	0	1	0
10200_sub1	0	1	1	0	0	0	1	0
10200_sub2	0	1	1	0	0	0	1	0
10200_sub3	0	1	1	0	0	0	1	0
10200_sub4	0	1	1	0	0	0	1	0
10200_sub5	0	1	1	0	0	0	1	0
10205_sub0	1	6	3	3	3	3	0	0
10205_sub1	0	1	1	0	0	0	1	0
10205_sub2	0	1	1	0	0	0	1	0
10205_sub3	0	1	1	0	0	0	1	0
10206_sub0	0	1	1	0	0	0	1	0
10206_sub1	0	1	1	0	0	0	1	0
10206_sub2	0	1	1	0	0	0	1	0
10206_sub3	0	1	1	0	0	0	1	0
10206_sub4	0	1	1	0	0	0	1	0
10206_sub5	0	1	1	0	0	0	1	0
10212_sub0	1	10	5	5	5	5	0	0
10212_sub1	0	1	0	1	0	0	0	1
10212_sub2	0	1	0	1	0	0	0	1
10212_sub3	0	1	0	1	0	0	0	1
10212_sub4	0	1	0	1	0	0	0	1
10213_sub0	0	1	1	0	0	0	1	0
10213_sub1	0	1	1	0	0	0	1	0
10213_sub2	0	1	0	1	0	0	0	1
10213_sub3	0	1	0	1	0	0	0	1
10213_sub4	0	2	1	1	0	0	1	1
10213_sub5	0	1	1	0	0	0	1	0
10216_sub0	1	6	5	1	5	1	0	0
10216_sub1	0	1	1	0	0	0	1	0
10216_sub2	0	1	0	1	0	0	0	1
10216_sub3	0	1	1	0	0	0	1	0
10217_sub0	0	1	0	1	0	0	0	1
10217_sub1	0	1	0	1	0	0	0	1
10217_sub2	0	1	0	1	0	0	0	1
10217_sub3	0	1	1	0	0	0	1	0
10217_sub4	0	1	1	0	0	0	1	0
10217_sub5	0	1	1	0	0	0	1	0
10217_sub6	0	1	1	0	0	0	1	0
10218_sub0	1	9	7	2	7	2	0	0
10218_sub1	0	1	0	1	0	0	0	1
10219_sub0	0	2	1	1	0	0	1	1
10219_sub1	0	1	0	1	0	0	0	1
10219_sub2	0	1	1	0	0	0	1	0
10219_sub3	0	1	1	0	0	0	1	0
10219_sub4	0	1	1	0	0	0	1	0
1022_sub0	0	1	0	1	0	0	0	1
1022_sub1	0	1	0	1	0	0	0	1
1022_sub2	0	1	1	0	0	0	1	0
1022_sub3	0	1	1	0	0	0	1	0
1022_sub4	0	1	1	0	0	0	1	0
1022_sub5	0	1	1	0	0	0	1	0
10221_sub0	0	1	1	0	0	0	1	0
10221_sub1	0	1	1	0	0	0	1	0
10221_sub2	0	1	0	1	0	0	0	1
10221_sub3	0	1	0	1	0	0	0	1
10221_sub4	0	1	1	0	0	0	1	0
10221_sub5	0	1	0	1	0	0	0	1
10223_sub0	0	1	0	1	0	0	0	1
10223_sub1	0	1	0	1	0	0	0	1
10223_sub2	0	1	1	0	0	0	1	0
10223_sub3	0	1	0	1	0	0	0	1
10223_sub4	0	1	0	1	0	0	0	1
10223_sub5	0	1	0	1	0	0	0	1
10223_sub6	0	1	0	1	0	0	0	1
10223_sub7	0	1	0	1	0	0	0	1
10224_sub0	0	1	1	0	0	0	1	0
10224_sub1	0	1	0	1	0	0	0	1
10224_sub2	0	1	1	0	0	0	1	0
10224_sub3	0	1	0	1	0	0	0	1
10224_sub4	0	1	1	0	0	0	1	0
10224_sub5	0	1	0	1	0	0	0	1
10224_sub6	0	1	1	0	0	0	1	0
10224_sub7	0	1	1	0	0	0	1	0
10225_sub0	0	1	1	0	0	0	1	0
10225_sub1	0	1	1	0	0	0	1	0
10225_sub2	0	1	0	1	0	0	0	1
10225_sub3	0	1	0	1	0	0	0	1
10225_sub4	0	1	0	1	0	0	0	1
10225_sub5	0	1	1	0	0	0	1	0
10225_sub6	0	1	0	1	0	0	0	1
10225_sub7	0	1	0	1	0	0	0	1
10225_sub8	0	1	1	0	0	0	1	0
10227_sub0	0	1	1	0	0	0	1	0
10227_sub1	0	1	1	0	0	0	1	0
10227_sub2	0	1	0	1	0	0	0	1
10227_sub3	0	1	1	0	0	0	1	0
10227_sub4	0	1	0	1	0	0	0	1
10227_sub5	0	1	0	1	0	0	0	1
10235_sub0	0	1	1	0	0	0	1	0
10235_sub1	0	1	0	1	0	0	0	1
10235_sub2	0	1	0	1	0	0	0	1
10235_sub3	0	1	1	0	0	0	1	0
10235_sub4	0	1	1	0	0	0	1	0
10235_sub5	0	1	0	1	0	0	0	1
10235_sub6	0	1	0	1	0	0	0	1
10238_sub0	0	1	0	1	0	0	0	1
10238_sub1	0	4	3	1	0	0	3	1
10238_sub2	0	1	0	1	0	0	0	1
10238_sub3	0	1	1	0	0	0	1	0
10238_sub4	0	1	0	1	0	0	0	1
10239_sub0	0	1	1	0	0	0	1	0
10239_sub1	0	1	0	1	0	0	0	1
10239_sub2	0	1	0	1	0	0	0	1
10239_sub3	0	1	1	0	0	0	1	0
10239_sub4	0	1	1	0	0	0	1	0
10239_sub5	0	1	0	1	0	0	0	1
10239_sub6	0	1	1	0	0	0	1	0
10246_sub0	0	1	0	1	0	0	0	1
10246_sub1	0	1	1	0	0	0	1	0
10246_sub2	0	1	0	1	0	0	0	1
10246_sub3	0	1	1	0	0	0	1	0
10246_sub4	0	1	1	0	0	0	1	0
10246_sub5	0	1	0	1	0	0	0	1
10246_sub6	0	1	0	1	0	0	0	1
10246_sub7	0	1	0	1	0	0	0	1
10246_sub8	0	1	0	1	0	0	0	1
10246_sub9	0	1	0	1	0	0	0	1
10246_sub10	0	1	0	1	0	0	0	1
10246_sub11	0	1	0	1	0	0	0	1
10252_sub0	1	10	5	5	5	5	0	0
10252_sub1	0	1	1	0	0	0	1	0
10252_sub2	0	1	1	0	0	0	1	0
10255_sub0	0	1	1	0	0	0	1	0
10255_sub1	0	2	2	0	0	0	2	0
10255_sub2	0	1	1	0	0	0	1	0
10255_sub3	0	1	0	1	0	0	0	1
10255_sub4	0	1	1	0	0	0	1	0
10255_sub5	0	1	1	0	0	0	1	0
10255_sub6	0	1	0	1	0	0	0	1
10255_sub7	0	1	0	1	0	0	0	1
1026_sub0	0	1	1	0	0	0	1	0
1026_sub1	1	11	7	4	7	4	0	0
1026_sub2	0	1	0	1	0	0	0	1
10265_sub0	0	1	0	1	0	0	0	1
10265_sub1	0	1	1	0	0	0	1	0
10265_sub2	0	1	0	1	0	0	0	1
10265_sub3	0	1	0	1	0	0	0	1
10265_sub4	0	1	1	0	0	0	1	0
10265_sub5	0	1	1	0	0	0	1	0
10265_sub6	0	1	0	1	0	0	0	1
1027_sub0	0	1	0	1	0	0	0	1
1027_sub1	0	1	0	1	0	0	0	1
1027_sub2	1	12	7	5	7	5	0	0
10272_sub0	0	1	0	1	0	0	0	1
10272_sub1	0	1	1	0	0	0	1	0
10272_sub2	0	1	0	1	0	0	0	1
10272_sub3	0	2	1	1	0	0	1	1
10272_sub4	0	1	0	1	0	0	0	1
10273_sub0	0	1	0	1	0	0	0	1
10273_sub1	0	1	0	1	0	0	0	1
10273_sub2	0	1	1	0	0	0	1	0
10273_sub3	0	1	1	0	0	0	1	0
10273_sub4	0	1	1	0	0	0	1	0
10273_sub5	0	1	1	0	0	0	1	0
10273_sub6	0	1	0	1	0	0	0	1
10273_sub7	0	1	0	1	0	0	0	1
10274_sub0	1	10	5	5	5	5	0	0
10274_sub1	0	1	1	0	0	0	1	0
10274_sub2	0	1	1	0	0	0	1	0
10274_sub3	0	1	1	0	0	0	1	0
10274_sub4	0	1	1	0	0	0	1	0
10274_sub5	0	1	0	1	0	0	0	1
10274_sub6	0	1	1	0	0	0	1	0
10274_sub7	0	1	0	1	0	0	0	1
10279_sub0	0	1	0	1	0	0	0	1
10279_sub1	0	1	1	0	0	0	1	0
10279_sub2	0	1	1	0	0	0	1	0
10279_sub3	0	1	1	0	0	0	1	0
10279_sub4	0	1	0	1	0	0	0	1
10279_sub5	0	1	1	0	0	0	1	0
10279_sub6	0	1	0	1	0	0	0	1
10279_sub7	0	1	0	1	0	0	0	1
1029_sub0	0	1	0	1	0	0	0	1
1029_sub1	0	1	0	1	0	0	0	1
1029_sub2	0	1	0	1	0	0	0	1
1029_sub3	1	7	5	2	5	2	0	0
1029_sub4	0	1	1	0	0	0	1	0
10292_sub0	1	8	2	6	2	6	0	0
10292_sub1	0	1	1	0	0	0	1	0
10292_sub2	0	1	0	1	0	0	0	1
10292_sub3	0	1	1	0	0	0	1	0
10292_sub4	0	1	1	0	0	0	1	0
10294_sub0	1	15	5	10	5	10	0	0
10294_sub1	0	1	0	1	0	0	0	1
10294_sub2	0	1	1	0	0	0	1	0
10294_sub3	0	1	1	0	0	0	1	0
10294_sub4	0	1	0	1	0	0	0	1
10296_sub0	0	1	1	0	0	0	1	0
10296_sub1	0	1	0	1	0	0	0	1
10296_sub2	0	1	1	0	0	0	1	0
10296_sub3	0	1	0	1	0	0	0	1
10296_sub4	0	1	1	0	0	0	1	0
10296_sub5	0	1	1	0	0	0	1	0
10298_sub0	1	11	4	7	4	7	0	0
10298_sub1	0	1	1	0	0	0	1	0
10305_sub0	0	1	0	1	0	0	0	1
10305_sub1	0	1	0	1	0	0	0	1
10305_sub2	0	1	0	1	0	0	0	1
10305_sub3	0	1	1	0	0	0	1	0
10305_sub4	0	1	0	1	0	0	0	1
10305_sub5	0	1	0	1	0	0	0	1
10306_sub0	0	1	0	1	0	0	0	1
10306_sub1	0	1	0	1	0	0	0	1
10306_sub2	0	1	0	1	0	0	0	1
10306_sub3	0	1	1	0	0	0	1	0
10306_sub4	0	2	2	0	0	0	2	0
10306_sub5	0	1	1	0	0	0	1	0
10306_sub6	0	1	1	0	0	0	1	0
10306_sub7	0	1	0	1	0	0	0	1
10306_sub8	0	1	0	1	0	0	0	1
10309_sub0	0	1	0	1	0	0	0	1
10309_sub1	0	1	1	0	0	0	1	0
10309_sub2	0	1	0	1	0	0	0	1
10309_sub3	0	1	0	1	0	0	0	1
10309_sub4	0	1	0	1	0	0	0	1
10309_sub5	0	1	1	0	0	0	1	0
10316_sub0	0	1	0	1	0	0	0	1
10316_sub1	0	1	1	0	0	0	1	0
10316_sub2	0	1	1	0	0	0	1	0
10316_sub3	0	1	1	0	0	0	1	0
10316_sub4	0	1	1	0	0	0	1	0
10316_sub5	0	1	0	1	0	0	0	1
10316_sub6	0	1	1	0	0	0	1	0
10316_sub7	0	1	1	0	0	0	1	0
10316_sub8	0	1	0	1	0	0	0	1
10320_sub0	0	5	2	3	0	0	2	3
10320_sub1	0	1	1	0	0	0	1	0
10320_sub2	0	1	1	0	0	0	1	0
10320_sub3	0	1	0	1	0	0	0	1
10320_sub4	0	1	0	1	0	0	0	1
10321_sub0	1	9	4	5	4	5	0	0
10321_sub1	0	1	0	1	0	0	0	1
10321_sub2	0	1	1	0	0	0	1	0
10321_sub3	0	1	1	0	0	0	1	0
10326_sub0	0	1	1	0	0	0	1	0
10326_sub1	0	1	1	0	0	0	1	0
10326_sub2	0	1	1	0	0	0	1	0
10326_sub3	0	1	1	0	0	0	1	0
10326_sub4	0	1	1	0	0	0	1	0
10326_sub5	0	1	1	0	0	0	1	0
10332_sub0	1	12	5	7	5	7	0	0
10332_sub1	0	1	0	1	0	0	0	1
10332_sub2	0	1	1	0	0	0	1	0
10332_sub3	0	1	0	1	0	0	0	1
10336_sub0	0	1	1	0	0	0	1	0
10336_sub1	0	1	1	0	0	0	1	0
10336_sub2	0	3	1	2	0	0	1	2
10336_sub3	0	1	1	0	0	0	1	0
10336_sub4	0	1	1	0	0	0	1	0
10338_sub0	0	1	0	1	0	0	0	1
10338_sub1	0	1	0	1	0	0	0	1
10338_sub2	1	13	7	6	7	6	0	0
10338_sub3	0	1	0	1	0	0	0	1
10338_sub4	0	1	0	1	0	0	0	1
10342_sub0	1	22	7	15	7	13	0	2
10342_sub1	0	1	1	0	0	0	1	0
10342_sub2	0	1	1	0	0	0	1	0
10342_sub3	0	1	0	1	0	0	0	1
10342_sub4	0	1	0	1	0	0	0	1
10344_sub0	0	1	0	1	0	0	0	1
10344_sub1	0	1	1	0	0	0	1	0
10344_sub2	0	1	1	0	0	0	1	0
10344_sub3	0	1	1	0	0	0	1	0
10344_sub4	0	1	1	0	0	0	1	0
10344_sub5	0	1	1	0	0	0	1	0
10344_sub6	0	1	1	0	0	0	1	0
1035_sub0	0	1	1	0	0	0	1	0
1035_sub1	0	1	1	0	0	0	1	0
1035_sub2	0	1	1	0	0	0	1	0
1035_sub3	0	1	1	0	0	0	1	0
1035_sub4	0	1	0	1	0	0	0	1
1035_sub5	0	1	0	1	0	0	0	1
10353_sub0	0	1	0	1	0	0	0	1
10353_sub1	0	1	1	0	0	0	1	0
10353_sub2	0	2	2	0	0	0	2	0
10353_sub3	0	1	1	0	0	0	1	0
10353_sub4	0	1	0	1	0	0	0	1
10353_sub5	0	1	0	1	0	0	0	1
10353_sub6	0	1	0	1	0	0	0	1
10353_sub7	0	1	0	1	0	0	0	1
10354_sub0	0	1	1	0	0	0	1	0
10354_sub1	0	1	0	1	0	0	0	1
10354_sub2	0	1	1	0	0	0	1	0
10354_sub3	0	1	0	1	0	0	0	1
10354_sub4	0	1	0	1	0	0	0	1
10354_sub5	0	1	0	1	0	0	0	1
10354_sub6	0	1	1	0	0	0	1	0
10354_sub7	0	1	1	0	0	0	1	0
10354_sub8	0	1	0	1	0	0	0	1
10357_sub0	0	1	0	1	0	0	0	1
10357_sub1	0	1	1	0	0	0	1	0
10357_sub2	0	1	1	0	0	0	1	0
10357_sub3	0	1	0	1	0	0	0	1
10357_sub4	0	1	1	0	0	0	1	0
10357_sub5	0	1	0	1	0	0	0	1
10360_sub0	0	1	1	0	0	0	1	0
10360_sub1	0	1	1	0	0	0	1	0
10360_sub2	0	1	0	1	0	0	0	1
10360_sub3	0	1	0	1	0	0	0	1
10360_sub4	0	1	0	1	0	0	0	1
10360_sub5	0	1	0	1	0	0	0	1
10360_sub6	0	1	0	1	0	0	0	1
10361_sub0	1	6	4	2	4	2	0	0
10361_sub1	0	1	0	1	0	0	0	1
10361_sub2	0	1	0	1	0	0	0	1
10361_sub3	0	1	0	1	0	0	0	1
10361_sub4	0	1	1	0	0	0	1	0
10369_sub0	0	1	1	0	0	0	1	0
10369_sub1	0	1	0	1	0	0	0	1
10369_sub2	0	1	1	0	0	0	1	0
10369_sub3	0	1	1	0	0	0	1	0
10369_sub4	0	1	0	1	0	0	0	1
10369_sub5	0	1	1	0	0	0	1	0
10369_sub6	0	1	0	1	0	0	0	1
10369_sub7	0	1	0	1	0	0	0	1
10369_sub8	0	1	1	0	0	0	1	0
10369_sub9	0	1	1	0	0	0	1	0
10369_sub10	0	1	0	1	0	0	0	1
10369_sub11	0	1	1	0	0	0	1	0
10370_sub0	1	9	5	4	5	4	0	0
10370_sub1	0	1	1	0	0	0	1	0
10377_sub0	1	25	12	13	10	10	2	3
10377_sub1	0	1	1	0	0	0	1	0
10377_sub2	0	1	0	1	0	0	0	1
10377_sub3	0	1	0	1	0	0	0	1
10377_sub4	0	1	0	1	0	0	0	1
10378_sub0	0	1	0	1	0	0	0	1
10378_sub1	0	1	0	1	0	0	0	1
10378_sub2	0	1	0	1	0	0	0	1
10378_sub3	0	1	1	0	0	0	1	0
10378_sub4	0	1	0	1	0	0	0	1
10378_sub5	0	1	0	1	0	0	0	1
10379_sub0	1	21	14	7	13	7	1	0
10379_sub1	0	1	0	1	0	0	0	1
10379_sub2	0	1	0	1	0	0	0	1
10380_sub0	0	1	1	0	0	0	1	0
10380_sub1	1	9	3	6	3	6	0	0
10380_sub2	0	1	0	1	0	0	0	1
10383_sub0	0	1	1	0	0	0	1	0
10383_sub1	0	1	1	0	0	0	1	0
10383_sub2	0	1	1	0	0	0	1	0
10383_sub3	0	1	0	1	0	0	0	1
10383_sub4	0	1	1	0	0	0	1	0
10383_sub5	0	1	1	0	0	0	1	0
10383_sub6	0	1	1	0	0	0	1	0
10386_sub0	0	1	0	1	0	0	0	1
10386_sub1	0	1	1	0	0	0	1	0
10386_sub2	0	1	1	0	0	0	1	0
10386_sub3	0	1	1	0	0	0	1	0
10386_sub4	0	1	1	0	0	0	1	0
10386_sub5	0	1	1	0	0	0	1	0
10386_sub6	0	1	0	1	0	0	0	1
10386_sub7	0	1	1	0	0	0	1	0
10386_sub8	0	1	0	1	0	0	0	1
10387_sub0	0	1	1	0	0	0	1	0
10387_sub1	0	1	1	0	0	0	1	0
10387_sub2	0	1	0	1	0	0	0	1
10387_sub3	0	1	0	1	0	0	0	1
10387_sub4	0	3	1	2	0	0	1	2
10387_sub5	0	1	1	0	0	0	1	0
10389_sub0	0	1	1	0	0	0	1	0
10389_sub1	1	7	4	3	4	3	0	0
10389_sub2	0	1	1	0	0	0	1	0
10389_sub3	0	1	0	1	0	0	0	1
10390_sub0	0	1	0	1	0	0	0	1
10390_sub1	0	1	1	0	0	0	1	0
10390_sub2	0	1	0	1	0	0	0	1
10390_sub3	0	1	0	1	0	0	0	1
10390_sub4	0	1	0	1	0	0	0	1
10390_sub5	0	1	1	0	0	0	1	0
10397_sub0	0	1	0	1	0	0	0	1
10397_sub1	0	1	0	1	0	0	0	1
10397_sub2	0	1	0	1	0	0	0	1
10397_sub3	0	1	0	1	0	0	0	1
10397_sub4	0	1	0	1	0	0	0	1
10397_sub5	0	1	1	0	0	0	1	0
10399_sub0	1	16	6	10	6	10	0	0
10399_sub1	0	1	1	0	0	0	1	0
10399_sub2	0	1	1	0	0	0	1	0
10399_sub3	0	1	0	1	0	0	0	1
104_sub0	0	1	0	1	0	0	0	1
104_sub1	1	11	6	5	6	5	0	0
104_sub2	0	1	0	1	0	0	0	1
1040_sub0	0	1	1	0	0	0	1	0
1040_sub1	0	1	1	0	0	0	1	0
1040_sub2	1	14	9	5	9	5	0	0
1040_sub3	0	1	1	0	0	0	1	0
1040_sub4	0	1	0	1	0	0	0	1
1040_sub5	0	1	0	1	0	0	0	1
10404_sub0	0	1	1	0	0	0	1	0
10404_sub1	0	1	0	1	0	0	0	1
10404_sub2	0	1	0	1	0	0	0	1
10404_sub3	0	1	1	0	0	0	1	0
10404_sub4	0	1	0	1	0	0	0	1
10404_sub5	0	1	0	1	0	0	0	1
10406_sub0	0	1	1	0	0	0	1	0
10406_sub1	0	1	1	0	0	0	1	0
10406_sub2	0	1	1	0	0	0	1	0
10406_sub3	0	1	1	0	0	0	1	0
10406_sub4	0	1	0	1	0	0	0	1
10406_sub5	0	1	1	0	0	0	1	0
1041_sub0	0	1	1	0	0	0	1	0
1041_sub1	1	6	4	2	4	2	0	0
10414_sub0	1	14	4	10	4	10	0	0
10414_sub1	0	1	1	0	0	0	1	0
10417_sub0	0	1	0	1	0	0	0	1
10417_sub1	0	1	1	0	0	0	1	0
10417_sub2	0	1	0	1	0	0	0	1
10417_sub3	0	1	1	0	0	0	1	0
10417_sub4	0	1	0	1	0	0	0	1
10417_sub5	0	1	0	1	0	0	0	1
10417_sub6	0	1	0	1	0	0	0	1
10417_sub7	0	1	1	0	0	0	1	0
10417_sub8	0	1	1	0	0	0	1	0
10417_sub9	0	1	0	1	0	0	0	1
10417_sub10	0	1	1	0	0	0	1	0
10418_sub0	0	1	0	1	0	0	0	1
10418_sub1	0	1	0	1	0	0	0	1
10418_sub2	0	1	1	0	0	0	1	0
10418_sub3	0	1	1	0	0	0	1	0
10418_sub4	0	1	0	1	0	0	0	1
10418_sub5	0	1	0	1	0	0	0	1
1042_sub0	0	1	0	1	0	0	0	1
1042_sub1	0	1	1	0	0	0	1	0
1042_sub2	1	18	11	7	11	7	0	0
1042_sub3	0	1	0	1	0	0	0	1
1042_sub4	0	1	1	0	0	0	1	0
1042_sub5	0	1	1	0	0	0	1	0
1042_sub6	0	1	1	0	0	0	1	0
1042_sub7	0	1	1	0	0	0	1	0
10421_sub0	0	1	1	0	0	0	1	0
10421_sub1	0	1	0	1	0	0	0	1
10421_sub2	0	1	0	1	0	0	0	1
10421_sub3	0	1	0	1	0	0	0	1
10421_sub4	0	1	0	1	0	0	0	1
10421_sub5	0	1	1	0	0	0	1	0
10422_sub0	1	11	7	4	7	4	0	0
10422_sub1	0	1	0	1	0	0	0	1
10425_sub0	0	1	1	0	0	0	1	0
10425_sub1	0	1	1	0	0	0	1	0
10425_sub2	0	1	0	1	0	0	0	1
10425_sub3	0	1	0	1	0	0	0	1
10425_sub4	0	1	1	0	0	0	1	0
10425_sub5	0	1	1	0	0	0	1	0
10426_sub0	0	1	0	1	0	0	0	1
10426_sub1	0	1	0	1	0	0	0	1
10426_sub2	0	1	0	1	0	0	0	1
10426_sub3	0	1	0	1	0	0	0	1
10426_sub4	0	1	1	0	0	0	1	0
10426_sub5	0	1	0	1	0	0	0	1
10427_sub0	0	1	1	0	0	0	1	0
10427_sub1	0	1	1	0	0	0	1	0
10427_sub2	0	1	0	1	0	0	0	1
10427_sub3	0	1	1	0	0	0	1	0
10427_sub4	0	1	1	0	0	0	1	0
10427_sub5	0	1	1	0	0	0	1	0
1043_sub0	0	1	0	1	0	0	0	1
1043_sub1	1	9	2	7	2	7	0	0
1043_sub2	0	1	1	0	0	0	1	0
1043_sub3	0	1	0	1	0	0	0	1
1043_sub4	0	1	1	0	0	0	1	0
1043_sub5	0	1	1	0	0	0	1	0
1043_sub6	0	1	1	0	0	0	1	0
10430_sub0	0	1	0	1	0	0	0	1
10430_sub1	0	1	1	0	0	0	1	0
10430_sub2	0	1	0	1	0	0	0	1
10430_sub3	0	1	1	0	0	0	1	0
10430_sub4	0	1	1	0	0	0	1	0
10430_sub5	0	1	0	1	0	0	0	1
10430_sub6	0	1	1	0	0	0	1	0
10430_sub7	0	1	0	1	0	0	0	1
10430_sub8	0	1	0	1	0	0	0	1
10431_sub0	0	1	0	1	0	0	0	1
10431_sub1	0	1	1	0	0	0	1	0
10431_sub2	0	1	0	1	0	0	0	1
10431_sub3	0	1	1	0	0	0	1	0
10431_sub4	0	1	1	0	0	0	1	0
10431_sub5	0	1	0	1	0	0	0	1
10432_sub0	0	1	0	1	0	0	0	1
10432_sub1	0	1	0	1	0	0	0	1
10432_sub2	0	1	0	1	0	0	0	1
10432_sub3	1	13	5	8	5	8	0	0
10432_sub4	0	1	1	0	0	0	1	0
10432_sub5	0	1	0	1	0	0	0	1
10434_sub0	0	1	1	0	0	0	1	0
10434_sub1	0	1	0	1	0	0	0	1
10434_sub2	0	1	1	0	0	0	1	0
10434_sub3	0	1	1	0	0	0	1	0
10434_sub4	0	1	1	0	0	0	1	0
10434_sub5	0	1	0	1	0	0	0	1
10437_sub0	0	2	0	2	0	0	0	2
10437_sub1	0	1	1	0	0	0	1	0
10437_sub2	0	1	1	0	0	0	1	0
10437_sub3	0	1	1	0	0	0	1	0
10437_sub4	0	1	0	1	0	0	0	1
10437_sub5	0	1	1	0	0	0	1	0
10439_sub0	0	1	0	1	0	0	0	1
10439_sub1	0	1	1	0	0	0	1	0
10439_sub2	0	2	0	2	0	0	0	2
10439_sub3	0	1	0	1	0	0	0	1
10439_sub4	0	1	1	0	0	0	1	0
10439_sub5	0	1	1	0	0	0	1	0
10439_sub6	0	1	0	1	0	0	0	1
1044_sub0	0	1	1	0	0	0	1	0
1044_sub1	1	26	13	13	10	10	3	3
1044_sub2	0	1	1	0	0	0	1	0
1044_sub3	0	1	1	0	0	0	1	0
1044_sub4	0	1	1	0	0	0	1	0
1044_sub5	0	1	0	1	0	0	0	1
10443_sub0	0	1	1	0	0	0	1	0
10443_sub1	0	1	0	1	0	0	0	1
10443_sub2	0	1	0	1	0	0	0	1
10443_sub3	0	1	0	1	0	0	0	1
10443_sub4	0	1	0	1	0	0	0	1
10443_sub5	0	1	0	1	0	0	0	1
10443_sub6	0	1	0	1	0	0	0	1
10443_sub7	0	1	0	1	0	0	0	1
10443_sub8	0	1	0	1	0	0	0	1
10443_sub9	0	1	0	1	0	0	0	1
10446_sub0	0	1	1	0	0	0	1	0
10446_sub1	0	1	0	1	0	0	0	1
10446_sub2	0	1	1	0	0	0	1	0
10446_sub3	0	1	0	1	0	0	0	1
10446_sub4	0	1	1	0	0	0	1	0
10446_sub5	0	1	1	0	0	0	1	0
10448_sub0	0	1	1	0	0	0	1	0
10448_sub1	0	1	1	0	0	0	1	0
10448_sub2	0	1	0	1	0	0	0	1
10448_sub3	0	1	1	0	0	0	1	0
10448_sub4	0	1	1	0	0	0	1	0
10448_sub5	0	1	0	1	0	0	0	1
10449_sub0	1	10	5	5	5	5	0	0
10449_sub1	0	1	1	0	0	0	1	0
10449_sub2	0	1	1	0	0	0	1	0
10450_sub0	0	1	0	1	0	0	0	1
10450_sub1	0	1	0	1	0	0	0	1
10450_sub2	0	1	0	1	0	0	0	1
10450_sub3	0	1	0	1	0	0	0	1
10450_sub4	0	1	0	1	0	0	0	1
10450_sub5	0	1	1	0	0	0	1	0
10450_sub6	0	1	0	1	0	0	0	1
10450_sub7	0	1	0	1	0	0	0	1
10450_sub8	0	1	1	0	0	0	1	0
10450_sub9	0	1	0	1	0	0	0	1
10451_sub0	0	1	0	1	0	0	0	1
10451_sub1	0	1	1	0	0	0	1	0
10451_sub2	0	1	1	0	0	0	1	0
10451_sub3	0	1	1	0	0	0	1	0
10451_sub4	0	1	1	0	0	0	1	0
10451_sub5	0	1	1	0	0	0	1	0
10454_sub0	0	1	1	0	0	0	1	0
10454_sub1	0	1	0	1	0	0	0	1
10454_sub2	0	1	1	0	0	0	1	0
10454_sub3	0	1	1	0	0	0	1	0
10454_sub4	0	1	0	1	0	0	0	1
10454_sub5	0	1	1	0	0	0	1	0
10454_sub6	0	1	1	0	0	0	1	0
10454_sub7	0	1	1	0	0	0	1	0
10456_sub0	1	6	4	2	4	2	0	0
10456_sub1	0	1	0	1	0	0	0	1
10459_sub0	1	14	5	9	5	9	0	0
10459_sub1	0	1	0	1	0	0	0	1
10459_sub2	0	1	0	1	0	0	0	1
10459_sub3	0	1	0	1	0	0	0	1
1046_sub0	0	1	0	1	0	0	0	1
1046_sub1	0	1	0	1	0	0	0	1
1046_sub2	0	1	0	1	0	0	0	1
1046_sub3	0	1	1	0	0	0	1	0
1046_sub4	0	1	1	0	0	0	1	0
1046_sub5	0	1	1	0	0	0	1	0
1046_sub6	0	1	0	1	0	0	0	1
10463_sub0	0	1	0	1	0	0	0	1
10463_sub1	0	1	0	1	0	0	0	1
10463_sub2	0	1	0	1	0	0	0	1
10463_sub3	0	1	0	1	0	0	0	1
10463_sub4	0	1	0	1	0	0	0	1
10463_sub5	0	1	0	1	0	0	0	1
10464_sub0	1	10	6	4	6	4	0	0
10468_sub0	1	10	5	5	5	5	0	0
10468_sub1	0	1	0	1	0	0	0	1
10468_sub2	0	1	1	0	0	0	1	0
10468_sub3	0	1	1	0	0	0	1	0
10468_sub4	0	1	1	0	0	0	1	0
10468_sub5	0	1	0	1	0	0	0	1
10468_sub6	0	1	1	0	0	0	1	0
10469_sub0	0	1	1	0	0	0	1	0
10469_sub1	0	1	0	1	0	0	0	1
10469_sub2	0	1	0	1	0	0	0	1
10469_sub3	0	1	1	0	0	0	1	0
10469_sub4	0	1	0	1	0	0	0	1
10469_sub5	0	1	1	0	0	0	1	0
1047_sub0	0	1	0	1	0	0	0	1
1047_sub1	1	7	5	2	5	2	0	0
1047_sub2	0	1	1	0	0	0	1	0
1047_sub3	0	1	0	1	0	0	0	1
1047_sub4	0	1	0	1	0	0	0	1
1047_sub5	0	1	1	0	0	0	1	0
1047_sub6	0	1	1	0	0	0	1	0
10470_sub0	1	9	5	4	5	4	0	0
10470_sub1	0	1	0	1	0	0	0	1
10470_sub2	0	1	0	1	0	0	0	1
10477_sub0	0	1	0	1	0	0	0	1
10477_sub1	0	1	0	1	0	0	0	1
10477_sub2	0	1	1	0	0	0	1	0
10477_sub3	0	1	0	1	0	0	0	1
10477_sub4	0	2	1	1	0	0	1	1
10477_sub5	0	1	1	0	0	0	1	0
10478_sub0	1	13	9	4	9	4	0	0
10478_sub1	0	1	1	0	0	0	1	0
10478_sub2	0	1	1	0	0	0	1	0
10478_sub3	0	1	1	0	0	0	1	0
10478_sub4	0	1	0	1	0	0	0	1
10478_sub5	0	1	1	0	0	0	1	0
10478_sub6	0	1	0	1	0	0	0	1
10486_sub0	0	1	1	0	0	0	1	0
10486_sub1	0	1	1	0	0	0	1	0
10486_sub2	0	1	0	1	0	0	0	1
10486_sub3	0	1	0	1	0	0	0	1
10486_sub4	0	1	1	0	0	0	1	0
10486_sub5	0	1	1	0	0	0	1	0
10486_sub6	0	1	1	0	0	0	1	0
10486_sub7	0	1	1	0	0	0	1	0
10490_sub0	1	13	8	5	8	5	0	0
10490_sub1	0	1	1	0	0	0	1	0
10490_sub2	0	1	0	1	0	0	0	1
10490_sub3	0	1	0	1	0	0	0	1
10490_sub4	0	1	1	0	0	0	1	0
10490_sub5	0	1	1	0	0	0	1	0
10492_sub0	0	1	0	1	0	0	0	1
10492_sub1	0	1	0	1	0	0	0	1
10492_sub2	0	1	1	0	0	0	1	0
10492_sub3	0	1	1	0	0	0	1	0
10492_sub4	0	1	1	0	0	0	1	0
10492_sub5	0	1	0	1	0	0	0	1
105_sub0	0	1	0	1	0	0	0	1
105_sub1	1	15	10	5	10	5	0	0
105_sub2	0	1	0	1	0	0	0	1
105_sub3	0	1	1	0	0	0	1	0
105_sub4	0	1	0	1	0	0	0	1
105_sub5	0	1	0	1	0	0	0	1
10500_sub0	0	1	1	0	0	0	1	0
10500_sub1	0	1	0	1	0	0	0	1
10500_sub2	0	1	1	0	0	0	1	0
10500_sub3	0	1	1	0	0	0	1	0
10500_sub4	0	1	0	1	0	0	0	1
10500_sub5	0	1	1	0	0	0	1	0
10506_sub0	1	9	3	6	3	6	0	0
10506_sub1	0	1	1	0	0	0	1	0
10506_sub2	0	1	1	0	0	0	1	0
10506_sub3	0	1	0	1	0	0	0	1
10506_sub4	0	1	0	1	0	0	0	1
10506_sub5	0	1	1	0	0	0	1	0
10506_sub6	0	1	1	0	0	0	1	0
1051_sub0	0	1	0	1	0	0	0	1
1051_sub1	0	1	1	0	0	0	1	0
1051_sub2	1	11	5	6	5	6	0	0
1051_sub3	0	1	1	0	0	0	1	0
1051_sub4	0	1	1	0	0	0	1	0
1051_sub5	0	1	1	0	0	0	1	0
10511_sub0	0	1	0	1	0	0	0	1
10511_sub1	0	1	0	1	0	0	0	1
10511_sub2	0	1	0	1	0	0	0	1
10511_sub3	0	1	0	1	0	0	0	1
10511_sub4	0	1	1	0	0	0	1	0
10511_sub5	0	1	1	0	0	0	1	0
10513_sub0	0	1	1	0	0	0	1	0
10513_sub1	0	1	0	1	0	0	0	1
10513_sub2	0	1	1	0	0	0	1	0
10513_sub3	0	1	1	0	0	0	1	0
10513_sub4	0	1	1	0	0	0	1	0
10513_sub5	0	1	1	0	0	0	1	0
10513_sub6	0	1	0	1	0	0	0	1
10514_sub0	0	1	0	1	0	0	0	1
10514_sub1	0	1	1	0	0	0	1	0
10514_sub2	0	1	1	0	0	0	1	0
10514_sub3	0	1	1	0	0	0	1	0
10514_sub4	0	1	0	1	0	0	0	1
10514_sub5	0	1	1	0	0	0	1	0
10514_sub6	0	1	1	0	0	0	1	0
10515_sub0	0	1	1	0	0	0	1	0
10515_sub1	0	1	0	1	0	0	0	1
10515_sub2	0	1	1	0	0	0	1	0
10515_sub3	0	1	0	1	0	0	0	1
10515_sub4	0	1	0	1	0	0	0	1
10515_sub5	0	1	1	0	0	0	1	0
1052_sub0	0	1	1	0	0	0	1	0
1052_sub1	1	14	7	7	7	7	0	0
1052_sub2	0	1	0	1	0	0	0	1
1052_sub3	0	1	0	1	0	0	0	1
1052_sub4	0	1	0	1	0	0	0	1
1052_sub5	0	1	0	1	0	0	0	1
1052_sub6	0	1	1	0	0	0	1	0
10521_sub0	0	1	0	1	0	0	0	1
10521_sub1	0	1	1	0	0	0	1	0
10521_sub2	0	1	0	1	0	0	0	1
10521_sub3	0	1	0	1	0	0	0	1
10521_sub4	0	1	0	1	0	0	0	1
10521_sub5	0	1	1	0	0	0	1	0
10521_sub6	0	1	0	1	0	0	0	1
10523_sub0	0	1	1	0	0	0	1	0
10523_sub1	0	1	1	0	0	0	1	0
10523_sub2	0	1	1	0	0	0	1	0
10523_sub3	0	1	1	0	0	0	1	0
10523_sub4	0	1	1	0	0	0	1	0
10523_sub5	0	1	1	0	0	0	1	0
10524_sub0	1	18	9	9	9	9	0	0
10524_sub1	0	1	1	0	0	0	1	0
10524_sub2	0	1	0	1	0	0	0	1
10524_sub3	0	1	1	0	0	0	1	0
10526_sub0	1	7	4	3	4	3	0	0
10528_sub0	0	1	0	1	0	0	0	1
10528_sub1	0	1	1	0	0	0	1	0
10528_sub2	0	1	1	0	0	0	1	0
10528_sub3	0	1	0	1	0	0	0	1
10528_sub4	0	1	0	1	0	0	0	1
10528_sub5	0	1	1	0	0	0	1	0
10528_sub6	0	1	0	1	0	0	0	1
10529_sub0	0	1	1	0	0	0	1	0
10529_sub1	0	1	0	1	0	0	0	1
10529_sub2	0	1	0	1	0	0	0	1
10529_sub3	0	1	0	1	0	0	0	1
10529_sub4	0	1	1	0	0	0	1	0
10529_sub5	0	1	1	0	0	0	1	0
10529_sub6	0	1	1	0	0	0	1	0
10533_sub0	0	1	1	0	0	0	1	0
10533_sub1	0	1	0	1	0	0	0	1
10533_sub2	0	1	1	0	0	0	1	0
10533_sub3	0	1	1	0	0	0	1	0
10533_sub4	0	1	1	0	0	0	1	0
10533_sub5	0	1	1	0	0	0	1	0
10535_sub0	0	1	0	1	0	0	0	1
10535_sub1	0	1	0	1	0	0	0	1
10535_sub2	0	1	1	0	0	0	1	0
10535_sub3	0	1	0	1	0	0	0	1
10535_sub4	0	1	1	0	0	0	1	0
10535_sub5	0	1	0	1	0	0	0	1
10535_sub6	0	1	0	1	0	0	0	1
10535_sub7	0	1	1	0	0	0	1	0
10536_sub0	0	1	1	0	0	0	1	0
10536_sub1	0	1	1	0	0	0	1	0
10536_sub2	0	2	1	1	0	0	1	1
10536_sub3	0	1	1	0	0	0	1	0
10536_sub4	0	1	0	1	0	0	0	1
10536_sub5	0	1	0	1	0	0	0	1
10536_sub6	0	1	1	0	0	0	1	0
10536_sub7	0	1	0	1	0	0	0	1
10539_sub0	1	17	6	11	6	11	0	0
10539_sub1	0	1	0	1	0	0	0	1
10539_sub2	0	1	1	0	0	0	1	0
10539_sub3	0	1	1	0	0	0	1	0
10539_sub4	0	1	0	1	0	0	0	1
10540_sub0	0	1	0	1	0	0	0	1
10540_sub1	0	1	0	1	0	0	0	1
10540_sub2	0	1	0	1	0	0	0	1
10540_sub3	0	1	0	1	0	0	0	1
10540_sub4	0	1	1	0	0	0	1	0
10540_sub5	0	1	0	1	0	0	0	1
10542_sub0	0	1	0	1	0	0	0	1
10542_sub1	0	1	1	0	0	0	1	0
10542_sub2	0	1	1	0	0	0	1	0
10542_sub3	0	1	0	1	0	0	0	1
10542_sub4	0	1	1	0	0	0	1	0
10542_sub5	0	1	1	0	0	0	1	0
10542_sub6	0	1	1	0	0	0	1	0
10542_sub7	0	1	0	1	0	0	0	1
10542_sub8	0	1	0	1	0	0	0	1
10542_sub9	0	1	0	1	0	0	0	1
10542_sub10	0	1	0	1	0	0	0	1
10542_sub11	0	1	1	0	0	0	1	0
10542_sub12	0	1	1	0	0	0	1	0
10545_sub0	0	1	0	1	0	0	0	1
10545_sub1	0	1	1	0	0	0	1	0
10545_sub2	0	1	1	0	0	0	1	0
10545_sub3	0	1	1	0	0	0	1	0
10545_sub4	0	1	0	1	0	0	0	1
10545_sub5	0	1	0	1	0	0	0	1
10545_sub6	0	1	0	1	0	0	0	1
10549_sub0	1	20	11	9	11	9	0	0
10549_sub1	0	1	1	0	0	0	1	0
10549_sub2	0	1	0	1	0	0	0	1
10549_sub3	0	1	0	1	0	0	0	1
10549_sub4	0	1	0	1	0	0	0	1
10549_sub5	0	1	0	1	0	0	0	1
10551_sub0	1	11	6	5	6	5	0	0
10551_sub1	0	1	0	1	0	0	0	1
10551_sub2	0	1	1	0	0	0	1	0
10551_sub3	0	1	1	0	0	0	1	0
10551_sub4	0	1	1	0	0	0	1	0
10551_sub5	0	1	1	0	0	0	1	0
10551_sub6	0	1	0	1	0	0	0	1
10554_sub0	0	1	0	1	0	0	0	1
10554_sub1	0	1	1	0	0	0	1	0
10554_sub2	0	1	1	0	0	0	1	0
10554_sub3	0	1	0	1	0	0	0	1
10554_sub4	0	1	1	0	0	0	1	0
10554_sub5	0	1	1	0	0	0	1	0
10554_sub6	0	1	1	0	0	0	1	0
1056_sub0	0	1	0	1	0	0	0	1
1056_sub1	1	20	8	12	8	12	0	0
1056_sub2	0	1	0	1	0	0	0	1
1056_sub3	0	1	1	0	0	0	1	0
10560_sub0	0	2	1	1	0	0	1	1
10560_sub1	0	1	0	1	0	0	0	1
10560_sub2	0	1	1	0	0	0	1	0
10560_sub3	0	1	1	0	0	0	1	0
10560_sub4	0	1	0	1	0	0	0	1
10560_sub5	0	1	0	1	0	0	0	1
10566_sub0	0	1	0	1	0	0	0	1
10566_sub1	0	1	1	0	0	0	1	0
10566_sub2	0	1	0	1	0	0	0	1
10566_sub3	0	1	0	1	0	0	0	1
10566_sub4	0	1	1	0	0	0	1	0
10566_sub5	0	1	1	0	0	0	1	0
10566_sub6	0	1	1	0	0	0	1	0
10569_sub0	1	17	9	8	9	8	0	0
10569_sub1	0	1	1	0	0	0	1	0
10569_sub2	0	1	1	0	0	0	1	0
10569_sub3	0	1	1	0	0	0	1	0
10569_sub4	0	1	1	0	0	0	1	0
10569_sub5	0	1	0	1	0	0	0	1
10570_sub0	0	1	0	1	0	0	0	1
10570_sub1	0	1	0	1	0	0	0	1
10570_sub2	0	1	0	1	0	0	0	1
10570_sub3	0	1	0	1	0	0	0	1
10570_sub4	0	1	0	1	0	0	0	1
10570_sub5	0	1	1	0	0	0	1	0
10571_sub0	0	4	2	2	0	0	2	2
10571_sub1	0	1	1	0	0	0	1	0
10571_sub2	0	1	0	1	0	0	0	1
10571_sub3	0	1	1	0	0	0	1	0
10571_sub4	0	1	1	0	0	0	1	0
10571_sub5	0	1	1	0	0	0	1	0
10571_sub6	0	1	1	0	0	0	1	0
10571_sub7	0	1	1	0	0	0	1	0
10571_sub8	0	1	1	0	0	0	1	0
10571_sub9	0	1	1	0	0	0	1	0
10581_sub0	1	11	4	7	4	7	0	0
10581_sub1	0	1	1	0	0	0	1	0
10581_sub2	0	1	1	0	0	0	1	0
10581_sub3	0	1	0	1	0	0	0	1
10586_sub0	0	1	1	0	0	0	1	0
10586_sub1	0	1	0	1	0	0	0	1
10586_sub2	0	1	1	0	0	0	1	0
10586_sub3	0	1	0	1	0	0	0	1
10586_sub4	0	1	1	0	0	0	1	0
10586_sub5	0	1	1	0	0	0	1	0
10586_sub6	0	1	1	0	0	0	1	0
10589_sub0	0	1	0	1	0	0	0	1
10589_sub1	0	5	4	1	0	0	4	1
10589_sub2	0	1	1	0	0	0	1	0
10591_sub0	1	10	5	5	5	5	0	0
10591_sub1	0	1	1	0	0	0	1	0
10594_sub0	1	8	4	4	4	4	0	0
10594_sub1	0	1	0	1	0	0	0	1
10594_sub2	0	1	0	1	0	0	0	1
10594_sub3	0	1	0	1	0	0	0	1
10594_sub4	0	1	1	0	0	0	1	0
10594_sub5	0	1	1	0	0	0	1	0
10594_sub6	0	1	0	1	0	0	0	1
10599_sub0	0	1	1	0	0	0	1	0
10599_sub1	0	1	1	0	0	0	1	0
10599_sub2	0	1	1	0	0	0	1	0
10599_sub3	0	1	1	0	0	0	1	0
10599_sub4	0	1	0	1	0	0	0	1
10599_sub5	0	1	1	0	0	0	1	0
10599_sub6	0	1	0	1	0	0	0	1
106_sub0	0	1	1	0	0	0	1	0
106_sub1	0	2	2	0	0	0	2	0
106_sub2	1	17	9	8	9	8	0	0
106_sub3	0	1	0	1	0	0	0	1
106_sub4	0	1	0	1	0	0	0	1
106_sub5	0	1	1	0	0	0	1	0
106_sub6	0	1	1	0	0	0	1	0
106_sub7	0	1	0	1	0	0	0	1
10601_sub0	0	1	1	0	0	0	1	0
10601_sub1	0	1	0	1	0	0	0	1
10601_sub2	0	1	0	1	0	0	0	1
10601_sub3	0	1	0	1	0	0	0	1
10601_sub4	0	1	1	0	0	0	1	0
10601_sub5	0	1	0	1	0	0	0	1
10601_sub6	0	1	0	1	0	0	0	1
10603_sub0	0	1	1	0	0	0	1	0
10603_sub1	0	1	1	0	0	0	1	0
10603_sub2	0	1	0	1	0	0	0	1
10603_sub3	0	1	1	0	0	0	1	0
10603_sub4	0	1	1	0	0	0	1	0
10603_sub5	0	1	0	1	0	0	0	1
10603_sub6	0	1	1	0	0	0	1	0
10603_sub7	0	1	0	1	0	0	0	1
10603_sub8	0	1	1	0	0	0	1	0
10606_sub0	0	1	0	1	0	0	0	1
10606_sub1	0	1	0	1	0	0	0	1
10606_sub2	0	1	0	1	0	0	0	1
10606_sub3	0	1	1	0	0	0	1	0
10606_sub4	0	1	1	0	0	0	1	0
10606_sub5	0	1	1	0	0	0	1	0
10606_sub6	0	1	1	0	0	0	1	0
10607_sub0	0	1	0	1	0	0	0	1
10607_sub1	0	1	1	0	0	0	1	0
10607_sub2	0	1	0	1	0	0	0	1
10607_sub3	0	1	0	1	0	0	0	1
10607_sub4	0	1	0	1	0	0	0	1
10607_sub5	0	1	1	0	0	0	1	0
10612_sub0	0	1	0	1	0	0	0	1
10612_sub1	0	1	1	0	0	0	1	0
10612_sub2	0	1	0	1	0	0	0	1
10612_sub3	0	1	1	0	0	0	1	0
10612_sub4	0	1	0	1	0	0	0	1
10612_sub5	0	1	1	0	0	0	1	0
10614_sub0	0	5	1	4	0	0	1	4
10614_sub1	0	1	0	1	0	0	0	1
10614_sub2	0	1	1	0	0	0	1	0
10616_sub0	1	8	3	5	3	5	0	0
10616_sub1	0	1	0	1	0	0	0	1
10616_sub2	0	1	1	0	0	0	1	0
10617_sub0	1	13	13	0	13	0	0	0
10617_sub1	1	11	0	11	0	11	0	0
10617_sub2	0	1	1	0	0	0	1	0
10617_sub3	0	1	0	1	0	0	0	1
10617_sub4	0	1	1	0	0	0	1	0
10632_sub0	0	1	1	0	0	0	1	0
10632_sub1	0	1	1	0	0	0	1	0
10632_sub2	0	1	0	1	0	0	0	1
10632_sub3	0	1	0	1	0	0	0	1
10632_sub4	0	1	0	1	0	0	0	1
10632_sub5	0	1	1	0	0	0	1	0
10636_sub0	0	1	0	1	0	0	0	1
10636_sub1	0	1	0	1	0	0	0	1
10636_sub2	0	1	0	1	0	0	0	1
10636_sub3	0	1	0	1	0	0	0	1
10636_sub4	0	1	1	0	0	0	1	0
10636_sub5	0	1	0	1	0	0	0	1
10637_sub0	0	1	1	0	0	0	1	0
10637_sub1	0	1	1	0	0	0	1	0
10637_sub2	0	1	1	0	0	0	1	0
10637_sub3	0	3	3	0	0	0	3	0
10638_sub0	1	12	8	4	8	4	0	0
10638_sub1	0	1	1	0	0	0	1	0
10639_sub0	0	1	1	0	0	0	1	0
10639_sub1	1	9	5	4	5	4	0	0
10639_sub2	0	1	1	0	0	0	1	0
10639_sub3	0	1	1	0	0	0	1	0
10639_sub4	0	1	0	1	0	0	0	1
10639_sub5	0	1	1	0	0	0	1	0
10642_sub0	0	1	1	0	0	0	1	0
10642_sub1	0	1	1	0	0	0	1	0
10642_sub2	0	1	1	0	0	0	1	0
10642_sub3	0	1	1	0	0	0	1	0
10642_sub4	0	1	0	1	0	0	0	1
10642_sub5	0	1	1	0	0	0	1	0
10642_sub6	0	1	0	1	0	0	0	1
10642_sub7	0	1	1	0	0	0	1	0
10642_sub8	0	1	1	0	0	0	1	0
10646_sub0	0	1	0	1	0	0	0	1
10646_sub1	0	1	0	1	0	0	0	1
10646_sub2	0	1	0	1	0	0	0	1
10646_sub3	0	1	1	0	0	0	1	0
10646_sub4	0	1	0	1	0	0	0	1
10646_sub5	0	1	1	0	0	0	1	0
10650_sub0	0	1	0	1	0	0	0	1
10650_sub1	0	1	1	0	0	0	1	0
10650_sub2	0	1	1	0	0	0	1	0
10650_sub3	0	1	0	1	0	0	0	1
10650_sub4	0	1	0	1	0	0	0	1
10650_sub5	0	1	1	0	0	0	1	0
10650_sub6	0	1	1	0	0	0	1	0
10650_sub7	0	1	0	1	0	0	0	1
10653_sub0	1	6	4	2	4	2	0	0
10653_sub1	0	1	0	1	0	0	0	1
10653_sub2	0	1	1	0	0	0	1	0
10653_sub3	0	1	0	1	0	0	0	1
10653_sub4	0	1	1	0	0	0	1	0
10656_sub0	1	9	6	3	6	3	0	0
10662_sub0	0	1	1	0	0	0	1	0
10662_sub1	0	1	1	0	0	0	1	0
10662_sub2	0	1	1	0	0	0	1	0
10662_sub3	0	1	0	1	0	0	0	1
10662_sub4	0	1	0	1	0	0	0	1
10662_sub5	0	1	0	1	0	0	0	1
10663_sub0	1	16	9	7	9	7	0	0
10663_sub1	0	1	1	0	0	0	1	0
10663_sub2	0	1	1	0	0	0	1	0
10663_sub3	0	1	1	0	0	0	1	0
10663_sub4	0	1	1	0	0	0	1	0
10663_sub5	0	1	0	1	0	0	0	1
10666_sub0	1	13	8	5	8	5	0	0
10666_sub1	0	1	0	1	0	0	0	1
10666_sub2	0	1	1	0	0	0	1	0
10669_sub0	0	4	2	2	0	0	2	2
10669_sub1	0	1	1	0	0	0	1	0
10669_sub2	0	1	0	1	0	0	0	1
1067_sub0	0	1	1	0	0	0	1	0
1067_sub1	1	13	6	7	6	7	0	0
1067_sub2	0	1	1	0	0	0	1	0
1067_sub3	0	1	1	0	0	0	1	0
1067_sub4	0	1	1	0	0	0	1	0
1067_sub5	0	1	1	0	0	0	1	0
1067_sub6	0	1	0	1	0	0	0	1
10676_sub0	0	1	0	1	0	0	0	1
10676_sub1	0	1	1	0	0	0	1	0
10676_sub2	0	1	1	0	0	0	1	0
10676_sub3	0	1	0	1	0	0	0	1
10676_sub4	0	1	1	0	0	0	1	0
10676_sub5	0	1	0	1	0	0	0	1
10676_sub6	0	1	0	1	0	0	0	1
10676_sub7	0	1	1	0	0	0	1	0
10676_sub8	0	1	0	1	0	0	0	1
10679_sub0	0	1	1	0	0	0	1	0
10679_sub1	0	1	0	1	0	0	0	1
10679_sub2	0	1	1	0	0	0	1	0
10679_sub3	0	1	0	1	0	0	0	1
10679_sub4	0	1	1	0	0	0	1	0
10679_sub5	0	1	1	0	0	0	1	0
1068_sub0	0	1	0	1	0	0	0	1
1068_sub1	1	17	10	7	10	7	0	0
1068_sub2	0	1	1	0	0	0	1	0
1068_sub3	0	1	0	1	0	0	0	1
1068_sub4	0	1	1	0	0	0	1	0
1068_sub5	0	1	1	0	0	0	1	0
1068_sub6	0	1	0	1	0	0	0	1
1068_sub7	0	1	0	1	0	0	0	1
1068_sub8	0	1	0	1	0	0	0	1
1068_sub9	0	1	1	0	0	0	1	0
1068_sub10	0	1	1	0	0	0	1	0
1068_sub11	0	1	0	1	0	0	0	1
10680_sub0	0	1	0	1	0	0	0	1
10680_sub1	0	1	0	1	0	0	0	1
10680_sub2	0	1	1	0	0	0	1	0
10680_sub3	0	1	1	0	0	0	1	0
10680_sub4	0	1	0	1	0	0	0	1
10680_sub5	0	1	1	0	0	0	1	0
10689_sub0	0	1	0	1	0	0	0	1
10689_sub1	1	13	7	6	7	6	0	0
10689_sub2	0	1	1	0	0	0	1	0
10689_sub3	0	1	0	1	0	0	0	1
10689_sub4	0	1	1	0	0	0	1	0
1069_sub0	0	1	0	1	0	0	0	1
1069_sub1	1	8	3	5	3	5	0	0
1069_sub2	0	1	1	0	0	0	1	0
1069_sub3	0	1	1	0	0	0	1	0
107_sub0	0	1	0	1	0	0	0	1
107_sub1	0	1	0	1	0	0	0	1
107_sub2	1	14	8	6	8	6	0	0
107_sub3	0	1	0	1	0	0	0	1
107_sub4	0	1	0	1	0	0	0	1
107_sub5	0	1	0	1	0	0	0	1
107_sub6	0	1	1	0	0	0	1	0
1070_sub0	0	1	0	1	0	0	0	1
1070_sub1	1	8	4	4	4	4	0	0
1070_sub2	0	1	0	1	0	0	0	1
10702_sub0	0	1	1	0	0	0	1	0
10702_sub1	1	11	5	6	5	6	0	0
10702_sub2	0	1	0	1	0	0	0	1
10702_sub3	0	1	1	0	0	0	1	0
10702_sub4	0	1	1	0	0	0	1	0
10702_sub5	0	1	0	1	0	0	0	1
10707_sub0	1	15	5	10	5	10	0	0
10707_sub1	0	1	0	1	0	0	0	1
10707_sub2	0	1	0	1	0	0	0	1
10712_sub0	0	1	1	0	0	0	1	0
10712_sub1	0	1	0	1	0	0	0	1
10712_sub2	0	1	1	0	0	0	1	0
10712_sub3	0	1	1	0	0	0	1	0
10712_sub4	0	1	1	0	0	0	1	0
10712_sub5	0	1	1	0	0	0	1	0
10712_sub6	0	1	1	0	0	0	1	0
10722_sub0	0	1	1	0	0	0	1	0
10722_sub1	0	1	0	1	0	0	0	1
10722_sub2	0	1	0	1	0	0	0	1
10722_sub3	0	1	1	0	0	0	1	0
10722_sub4	0	1	0	1	0	0	0	1
10722_sub5	0	1	0	1	0	0	0	1
10725_sub0	0	1	0	1	0	0	0	1
10725_sub1	0	1	1	0	0	0	1	0
10725_sub2	0	1	0	1	0	0	0	1
10725_sub3	0	1	0	1	0	0	0	1
10725_sub4	0	1	1	0	0	0	1	0
10725_sub5	0	1	1	0	0	0	1	0
10725_sub6	0	1	0	1	0	0	0	1
10728_sub0	0	1	0	1	0	0	0	1
10728_sub1	0	1	0	1	0	0	0	1
10728_sub2	0	1	1	0	0	0	1	0
10728_sub3	0	1	0	1	0	0	0	1
10728_sub4	0	1	1	0	0	0	1	0
10728_sub5	0	1	1	0	0	0	1	0
10728_sub6	0	1	0	1	0	0	0	1
1073_sub0	0	1	1	0	0	0	1	0
1073_sub1	1	9	4	5	4	5	0	0
1073_sub2	0	1	1	0	0	0	1	0
1073_sub3	0	1	1	0	0	0	1	0
10734_sub0	0	1	0	1	0	0	0	1
10734_sub1	0	1	1	0	0	0	1	0
10734_sub2	0	1	0	1	0	0	0	1
10734_sub3	0	1	1	0	0	0	1	0
10734_sub4	0	1	1	0	0	0	1	0
10734_sub5	0	1	0	1	0	0	0	1
10734_sub6	0	1	1	0	0	0	1	0
10734_sub7	0	1	0	1	0	0	0	1
10734_sub8	0	1	1	0	0	0	1	0
10734_sub9	0	1	0	1	0	0	0	1
10735_sub0	0	1	0	1	0	0	0	1
10735_sub1	0	1	0	1	0	0	0	1
10735_sub2	0	1	0	1	0	0	0	1
10735_sub3	0	1	1	0	0	0	1	0
10735_sub4	0	4	1	3	0	0	1	3
10736_sub0	1	16	9	7	9	7	0	0
10736_sub1	0	1	1	0	0	0	1	0
10736_sub2	0	1	1	0	0	0	1	0
10736_sub3	0	1	0	1	0	0	0	1
10736_sub4	0	1	0	1	0	0	0	1
10736_sub5	0	1	0	1	0	0	0	1
10736_sub6	0	1	0	1	0	0	0	1
10736_sub7	0	1	1	0	0	0	1	0
10736_sub8	0	1	1	0	0	0	1	0
10736_sub9	0	1	1	0	0	0	1	0
10737_sub0	0	1	0	1	0	0	0	1
10737_sub1	1	11	6	5	6	5	0	0
10737_sub2	0	1	1	0	0	0	1	0
10739_sub0	0	2	1	1	0	0	1	1
10739_sub1	0	1	0	1	0	0	0	1
10739_sub2	1	17	9	8	9	8	0	0
10741_sub0	1	15	6	9	6	9	0	0
10741_sub1	0	1	1	0	0	0	1	0
10743_sub0	0	2	0	2	0	0	0	2
10743_sub1	0	1	1	0	0	0	1	0
10743_sub2	0	1	1	0	0	0	1	0
10743_sub3	0	1	0	1	0	0	0	1
10743_sub4	0	1	1	0	0	0	1	0
10743_sub5	0	1	0	1	0	0	0	1
10743_sub6	0	1	0	1	0	0	0	1
10743_sub7	0	1	0	1	0	0	0	1
10746_sub0	0	1	0	1	0	0	0	1
10746_sub1	0	1	1	0	0	0	1	0
10746_sub2	0	1	1	0	0	0	1	0
10746_sub3	0	1	0	1	0	0	0	1
10746_sub4	0	1	0	1	0	0	0	1
10746_sub5	0	1	1	0	0	0	1	0
10746_sub6	0	1	0	1	0	0	0	1
10752_sub0	0	1	1	0	0	0	1	0
10752_sub1	0	1	1	0	0	0	1	0
10752_sub2	0	1	1	0	0	0	1	0
10752_sub3	0	1	0	1	0	0	0	1
10752_sub4	0	1	0	1	0	0	0	1
10752_sub5	0	1	1	0	0	0	1	0
10753_sub0	1	20	7	13	7	13	0	0
10753_sub1	0	1	0	1	0	0	0	1
10753_sub2	0	1	0	1	0	0	0	1
10753_sub3	0	1	0	1	0	0	0	1
10753_sub4	0	1	1	0	0	0	1	0
10756_sub0	0	1	0	1	0	0	0	1
10756_sub1	0	1	0	1	0	0	0	1
10756_sub2	0	1	1	0	0	0	1	0
10756_sub3	0	1	1	0	0	0	1	0
10756_sub4	0	1	1	0	0	0	1	0
10756_sub5	0	1	0	1	0	0	0	1
10766_sub0	1	23	8	15	8	12	0	3
10766_sub1	0	1	0	1	0	0	0	1
10766_sub2	0	1	0	1	0	0	0	1
10766_sub3	0	1	0	1	0	0	0	1
10766_sub4	0	1	1	0	0	0	1	0
10766_sub5	0	1	1	0	0	0	1	0
10766_sub6	0	1	1	0	0	0	1	0
10766_sub7	0	1	1	0	0	0	1	0
10766_sub8	0	1	1	0	0	0	1	0
10766_sub9	0	1	0	1	0	0	0	1
10766_sub10	0	1	1	0	0	0	1	0
10766_sub11	0	1	1	0	0	0	1	0
10766_sub12	0	1	0	1	0	0	0	1
10766_sub13	0	1	0	1	0	0	0	1
10768_sub0	0	1	1	0	0	0	1	0
10768_sub1	0	1	0	1	0	0	0	1
10768_sub2	0	1	1	0	0	0	1	0
10768_sub3	0	1	0	1	0	0	0	1
10768_sub4	0	1	1	0	0	0	1	0
10768_sub5	0	1	1	0	0	0	1	0
10769_sub0	0	1	1	0	0	0	1	0
10769_sub1	0	1	1	0	0	0	1	0
10769_sub2	0	1	1	0	0	0	1	0
10769_sub3	0	1	0	1	0	0	0	1
10769_sub4	0	1	1	0	0	0	1	0
10769_sub5	0	1	1	0	0	0	1	0
1077_sub0	0	1	1	0	0	0	1	0
1077_sub1	0	1	1	0	0	0	1	0
1077_sub2	1	8	3	5	3	5	0	0
1077_sub3	0	1	0	1	0	0	0	1
1077_sub4	0	1	1	0	0	0	1	0
10772_sub0	0	1	0	1	0	0	0	1
10772_sub1	0	1	1	0	0	0	1	0
10772_sub2	0	1	0	1	0	0	0	1
10772_sub3	0	1	1	0	0	0	1	0
10772_sub4	0	1	0	1	0	0	0	1
10772_sub5	0	1	1	0	0	0	1	0
10772_sub6	0	1	1	0	0	0	1	0
10772_sub7	0	1	0	1	0	0	0	1
10774_sub0	0	1	0	1	0	0	0	1
10774_sub1	0	1	0	1	0	0	0	1
10774_sub2	0	1	1	0	0	0	1	0
10774_sub3	0	1	0	1	0	0	0	1
10774_sub4	0	1	1	0	0	0	1	0
10774_sub5	0	1	0	1	0	0	0	1
10774_sub6	0	1	0	1	0	0	0	1
10774_sub7	0	1	1	0	0	0	1	0
10774_sub8	0	1	0	1	0	0	0	1
10776_sub0	1	8	2	6	2	6	0	0
10776_sub1	0	1	0	1	0	0	0	1
10776_sub2	0	1	1	0	0	0	1	0
10776_sub3	0	1	1	0	0	0	1	0
10776_sub4	0	1	1	0	0	0	1	0
10782_sub0	0	1	0	1	0	0	0	1
10782_sub1	1	6	4	2	4	2	0	0
10782_sub2	0	1	0	1	0	0	0	1
10782_sub3	0	1	1	0	0	0	1	0
10786_sub0	1	9	6	3	6	3	0	0
10786_sub1	0	1	0	1	0	0	0	1
10789_sub0	0	1	1	0	0	0	1	0
10789_sub1	0	5	3	2	0	0	3	2
10789_sub2	0	1	0	1	0	0	0	1
10789_sub3	0	1	0	1	0	0	0	1
10789_sub4	0	1	0	1	0	0	0	1
10789_sub5	0	1	1	0	0	0	1	0
10789_sub6	0	1	1	0	0	0	1	0
10789_sub7	0	1	0	1	0	0	0	1
1079_sub0	0	1	1	0	0	0	1	0
1079_sub1	0	1	1	0	0	0	1	0
1079_sub2	1	14	8	6	8	6	0	0
1079_sub3	0	1	1	0	0	0	1	0
1079_sub4	0	1	0	1	0	0	0	1
10791_sub0	1	9	4	5	4	5	0	0
10791_sub1	0	1	1	0	0	0	1	0
10792_sub0	1	7	4	3	4	3	0	0
10792_sub1	0	1	0	1	0	0	0	1
10797_sub0	1	21	13	8	12	8	1	0
10797_sub1	0	1	0	1	0	0	0	1
10797_sub2	0	1	0	1	0	0	0	1
10803_sub0	0	1	0	1	0	0	0	1
10803_sub1	0	1	0	1	0	0	0	1
10803_sub2	0	1	1	0	0	0	1	0
10803_sub3	0	1	1	0	0	0	1	0
10803_sub4	0	1	1	0	0	0	1	0
10803_sub5	0	1	1	0	0	0	1	0
10803_sub6	0	1	1	0	0	0	1	0
10803_sub7	0	1	0	1	0	0	0	1
1081_sub0	0	1	1	0	0	0	1	0
1081_sub1	0	1	0	1	0	0	0	1
1081_sub2	0	1	1	0	0	0	1	0
1081_sub3	0	1	1	0	0	0	1	0
1081_sub4	0	1	1	0	0	0	1	0
1081_sub5	0	1	0	1	0	0	0	1
1081_sub6	0	1	1	0	0	0	1	0
10816_sub0	0	1	1	0	0	0	1	0
10816_sub1	0	1	1	0	0	0	1	0
10816_sub2	0	1	0	1	0	0	0	1
10816_sub3	0	1	1	0	0	0	1	0
10816_sub4	0	1	1	0	0	0	1	0
10816_sub5	0	1	0	1	0	0	0	1
10817_sub0	0	1	1	0	0	0	1	0
10817_sub1	0	1	1	0	0	0	1	0
10817_sub2	0	1	0	1	0	0	0	1
10817_sub3	0	1	0	1	0	0	0	1
10817_sub4	0	1	1	0	0	0	1	0
10817_sub5	0	1	1	0	0	0	1	0
10819_sub0	0	1	1	0	0	0	1	0
10819_sub1	0	1	1	0	0	0	1	0
10819_sub2	0	1	1	0	0	0	1	0
10819_sub3	0	1	1	0	0	0	1	0
10819_sub4	0	1	0	1	0	0	0	1
10819_sub5	0	1	0	1	0	0	0	1
10819_sub6	0	1	0	1	0	0	0	1
10819_sub7	0	1	1	0	0	0	1	0
10819_sub8	0	1	1	0	0	0	1	0
10819_sub9	0	1	0	1	0	0	0	1
10819_sub10	0	1	0	1	0	0	0	1
10821_sub0	0	1	0	1	0	0	0	1
10821_sub1	0	1	0	1	0	0	0	1
10821_sub2	0	1	1	0	0	0	1	0
10821_sub3	0	1	1	0	0	0	1	0
10821_sub4	0	1	1	0	0	0	1	0
10821_sub5	0	1	1	0	0	0	1	0
10824_sub0	1	7	3	4	3	4	0	0
10824_sub1	0	1	1	0	0	0	1	0
10824_sub2	0	1	0	1	0	0	0	1
10828_sub0	0	1	1	0	0	0	1	0
10828_sub1	0	1	1	0	0	0	1	0
10828_sub2	0	2	1	1	0	0	1	1
10828_sub3	0	1	0	1	0	0	0	1
10828_sub4	0	1	1	0	0	0	1	0
10828_sub5	0	1	0	1	0	0	0	1
10828_sub6	0	1	1	0	0	0	1	0
10829_sub0	1	8	4	4	4	4	0	0
10829_sub1	0	1	1	0	0	0	1	0
10829_sub2	0	1	1	0	0	0	1	0
10829_sub3	0	1	1	0	0	0	1	0
10829_sub4	0	1	1	0	0	0	1	0
1083_sub0	0	1	0	1	0	0	0	1
1083_sub1	0	5	0	5	0	0	0	5
1083_sub2	0	1	0	1	0	0	0	1
1083_sub3	0	1	0	1	0	0	0	1
1083_sub4	0	1	0	1	0	0	0	1
1083_sub5	0	1	1	0	0	0	1	0
10830_sub0	0	1	1	0	0	0	1	0
10830_sub1	0	1	0	1	0	0	0	1
10830_sub2	0	1	0	1	0	0	0	1
10830_sub3	0	2	1	1	0	0	1	1
10830_sub4	0	1	0	1	0	0	0	1
10830_sub5	0	1	0	1	0	0	0	1
10831_sub0	0	1	1	0	0	0	1	0
10831_sub1	0	1	0	1	0	0	0	1
10831_sub2	0	1	0	1	0	0	0	1
10831_sub3	0	1	1	0	0	0	1	0
10831_sub4	0	1	1	0	0	0	1	0
10831_sub5	0	1	0	1	0	0	0	1
10834_sub0	0	1	0	1	0	0	0	1
10834_sub1	0	1	1	0	0	0	1	0
10834_sub2	0	1	1	0	0	0	1	0
10834_sub3	0	1	1	0	0	0	1	0
10834_sub4	0	1	0	1	0	0	0	1
10834_sub5	0	1	1	0	0	0	1	0
10834_sub6	0	1	0	1	0	0	0	1
10837_sub0	0	1	1	0	0	0	1	0
10837_sub1	1	17	10	7	10	7	0	0
10837_sub2	0	1	0	1	0	0	0	1
10838_sub0	0	1	1	0	0	0	1	0
10838_sub1	0	1	1	0	0	0	1	0
10838_sub2	0	1	0	1	0	0	0	1
10838_sub3	0	1	0	1	0	0	0	1
10838_sub4	0	2	0	2	0	0	0	2
10838_sub5	0	1	0	1	0	0	0	1
10838_sub6	0	1	0	1	0	0	0	1
10838_sub7	0	1	0	1	0	0	0	1
10838_sub8	0	1	1	0	0	0	1	0
10844_sub0	0	1	1	0	0	0	1	0
10844_sub1	0	1	0	1	0	0	0	1
10844_sub2	0	1	1	0	0	0	1	0
10844_sub3	0	1	0	1	0	0	0	1
10844_sub4	0	1	1	0	0	0	1	0
10844_sub5	0	1	1	0	0	0	1	0
10844_sub6	0	1	1	0	0	0	1	0
10844_sub7	0	1	1	0	0	0	1	0
1085_sub0	0	1	0	1	0	0	0	1
1085_sub1	1	9	5	4	5	4	0	0
1085_sub2	0	2	0	2	0	0	0	2
10850_sub0	0	1	1	0	0	0	1	0
10850_sub1	0	1	0	1	0	0	0	1
10850_sub2	0	1	1	0	0	0	1	0
10850_sub3	0	1	0	1	0	0	0	1
10850_sub4	0	1	0	1	0	0	0	1
10850_sub5	0	1	1	0	0	0	1	0
10871_sub0	0	1	1	0	0	0	1	0
10871_sub1	0	1	0	1	0	0	0	1
10871_sub2	0	1	0	1	0	0	0	1
10871_sub3	0	1	0	1	0	0	0	1
10871_sub4	0	1	1	0	0	0	1	0
10871_sub5	0	1	0	1	0	0	0	1
10875_sub0	0	1	1	0	0	0	1	0
10875_sub1	0	1	1	0	0	0	1	0
10875_sub2	0	1	0	1	0	0	0	1
10875_sub3	0	1	0	1	0	0	0	1
10875_sub4	0	1	0	1	0	0	0	1
10875_sub5	0	1	0	1	0	0	0	1
10875_sub6	0	1	1	0	0	0	1	0
10875_sub7	0	1	1	0	0	0	1	0
10875_sub8	0	1	0	1	0	0	0	1
10876_sub0	0	1	1	0	0	0	1	0
10876_sub1	0	1	0	1	0	0	0	1
10876_sub2	0	1	0	1	0	0	0	1
10876_sub3	0	1	1	0	0	0	1	0
10876_sub4	0	1	1	0	0	0	1	0
10876_sub5	0	1	0	1	0	0	0	1
10878_sub0	0	1	1	0	0	0	1	0
10878_sub1	0	1	1	0	0	0	1	0
10878_sub2	0	1	0	1	0	0	0	1
10878_sub3	0	1	1	0	0	0	1	0
10878_sub4	0	1	1	0	0	0	1	0
10878_sub5	0	1	1	0	0	0	1	0
10881_sub0	1	10	2	8	2	8	0	0
10881_sub1	0	1	1	0	0	0	1	0
10885_sub0	0	1	0	1	0	0	0	1
10885_sub1	0	1	0	1	0	0	0	1
10885_sub2	0	1	1	0	0	0	1	0
10885_sub3	0	1	1	0	0	0	1	0
10885_sub4	0	1	0	1	0	0	0	1
10885_sub5	0	1	0	1	0	0	0	1
10887_sub0	1	9	4	5	4	5	0	0
10887_sub1	0	1	0	1	0	0	0	1
10887_sub2	0	1	0	1	0	0	0	1
10887_sub3	0	1	1	0	0	0	1	0
109_sub0	0	1	0	1	0	0	0	1
109_sub1	1	24	12	12	10	10	2	2
109_sub2	0	1	0	1	0	0	0	1
109_sub3	0	1	0	1	0	0	0	1
109_sub4	0	1	0	1	0	0	0	1
109_sub5	0	1	0	1	0	0	0	1
10900_sub0	0	1	1	0	0	0	1	0
10900_sub1	0	1	1	0	0	0	1	0
10900_sub2	0	1	0	1	0	0	0	1
10900_sub3	0	1	1	0	0	0	1	0
10900_sub4	0	1	0	1	0	0	0	1
10900_sub5	0	1	1	0	0	0	1	0
10901_sub0	0	1	0	1	0	0	0	1
10901_sub1	0	1	1	0	0	0	1	0
10901_sub2	0	1	1	0	0	0	1	0
10901_sub3	0	1	0	1	0	0	0	1
10901_sub4	0	1	0	1	0	0	0	1
10901_sub5	0	1	1	0	0	0	1	0
10901_sub6	0	1	0	1	0	0	0	1
10901_sub7	0	1	1	0	0	0	1	0
10906_sub0	1	18	9	9	9	9	0	0
10906_sub1	0	1	0	1	0	0	0	1
10909_sub0	1	12	5	7	5	7	0	0
10909_sub1	0	1	0	1	0	0	0	1
10909_sub2	0	1	0	1	0	0	0	1
10909_sub3	0	1	1	0	0	0	1	0
10909_sub4	0	1	0	1	0	0	0	1
1091_sub0	0	1	0	1	0	0	0	1
1091_sub1	0	1	0	1	0	0	0	1
1091_sub2	0	1	0	1	0	0	0	1
1091_sub3	0	1	1	0	0	0	1	0
1091_sub4	0	1	1	0	0	0	1	0
1091_sub5	0	1	0	1	0	0	0	1
1091_sub6	0	1	0	1	0	0	0	1
1091_sub7	0	1	0	1	0	0	0	1
10910_sub0	1	13	7	6	7	6	0	0
10910_sub1	0	1	0	1	0	0	0	1
10910_sub2	0	1	1	0	0	0	1	0
10911_sub0	0	1	0	1	0	0	0	1
10911_sub1	0	1	0	1	0	0	0	1
10911_sub2	0	1	0	1	0	0	0	1
10911_sub3	0	1	1	0	0	0	1	0
10911_sub4	0	1	0	1	0	0	0	1
10911_sub5	0	1	0	1	0	0	0	1
10911_sub6	0	1	0	1	0	0	0	1
10911_sub7	0	1	0	1	0	0	0	1
10911_sub8	0	1	0	1	0	0	0	1
10911_sub9	0	1	0	1	0	0	0	1
10911_sub10	0	1	1	0	0	0	1	0
10911_sub11	0	1	0	1	0	0	0	1
10919_sub0	0	1	0	1	0	0	0	1
10919_sub1	0	1	0	1	0	0	0	1
10919_sub2	0	2	1	1	0	0	1	1
10919_sub3	0	1	0	1	0	0	0	1
10919_sub4	0	1	0	1	0	0	0	1
10919_sub5	0	1	1	0	0	0	1	0
10919_sub6	0	1	1	0	0	0	1	0
1092_sub0	0	1	0	1	0	0	0	1
1092_sub1	0	2	1	1	0	0	1	1
1092_sub2	0	1	1	0	0	0	1	0
1092_sub3	0	1	0	1	0	0	0	1
1092_sub4	0	1	0	1	0	0	0	1
1092_sub5	0	1	0	1	0	0	0	1
10925_sub0	0	1	0	1	0	0	0	1
10925_sub1	0	2	0	2	0	0	0	2
10925_sub2	0	1	0	1	0	0	0	1
10925_sub3	0	1	0	1	0	0	0	1
10925_sub4	0	1	0	1	0	0	0	1
10929_sub0	0	1	0	1	0	0	0	1
10929_sub1	0	1	0	1	0	0	0	1
10929_sub2	0	1	0	1	0	0	0	1
10929_sub3	0	1	1	0	0	0	1	0
10929_sub4	0	1	0	1	0	0	0	1
10929_sub5	0	1	0	1	0	0	0	1
10929_sub6	0	1	0	1	0	0	0	1
10929_sub7	0	1	1	0	0	0	1	0
10929_sub8	0	1	1	0	0	0	1	0
10930_sub0	1	12	3	9	3	9	0	0
10930_sub1	0	1	1	0	0	0	1	0
10930_sub2	0	1	0	1	0	0	0	1
10930_sub3	0	1	1	0	0	0	1	0
10932_sub0	0	1	1	0	0	0	1	0
10932_sub1	0	1	0	1	0	0	0	1
10932_sub2	0	1	1	0	0	0	1	0
10932_sub3	0	1	0	1	0	0	0	1
10932_sub4	0	1	1	0	0	0	1	0
10932_sub5	0	1	0	1	0	0	0	1
10934_sub0	0	1	0	1	0	0	0	1
10934_sub1	0	1	0	1	0	0	0	1
10934_sub2	0	1	0	1	0	0	0	1
10934_sub3	0	1	0	1	0	0	0	1
10934_sub4	0	1	0	1	0	0	0	1
10934_sub5	0	1	1	0	0	0	1	0
10934_sub6	0	1	0	1	0	0	0	1
10935_sub0	1	18	9	9	9	9	0	0
10935_sub1	0	1	1	0	0	0	1	0
10944_sub0	0	1	0	1	0	0	0	1
10944_sub1	0	1	1	0	0	0	1	0
10944_sub2	0	1	1	0	0	0	1	0
10944_sub3	0	1	1	0	0	0	1	0
10944_sub4	0	1	0	1	0	0	0	1
10944_sub5	0	1	1	0	0	0	1	0
10944_sub6	0	1	0	1	0	0	0	1
1095_sub0	0	1	0	1	0	0	0	1
1095_sub1	0	1	1	0	0	0	1	0
1095_sub2	0	1	1	0	0	0	1	0
1095_sub3	0	1	1	0	0	0	1	0
1095_sub4	0	1	0	1	0	0	0	1
1095_sub5	0	1	0	1	0	0	0	1
10950_sub0	0	1	0	1	0	0	0	1
10950_sub1	0	1	1	0	0	0	1	0
10950_sub2	0	1	1	0	0	0	1	0
10950_sub3	0	1	1	0	0	0	1	0
10950_sub4	0	1	0	1	0	0	0	1
10950_sub5	0	1	1	0	0	0	1	0
10957_sub0	0	1	1	0	0	0	1	0
10957_sub1	0	1	1	0	0	0	1	0
10957_sub2	0	1	0	1	0	0	0	1
10957_sub3	0	1	0	1	0	0	0	1
10957_sub4	0	1	1	0	0	0	1	0
10957_sub5	0	1	0	1	0	0	0	1
10957_sub6	0	1	0	1	0	0	0	1
10957_sub7	0	1	0	1	0	0	0	1
10957_sub8	0	1	1	0	0	0	1	0
10957_sub9	0	1	0	1	0	0	0	1
10957_sub10	0	1	1	0	0	0	1	0
10959_sub0	0	1	1	0	0	0	1	0
10959_sub1	0	1	0	1	0	0	0	1
10959_sub2	0	1	1	0	0	0	1	0
10959_sub3	0	1	1	0	0	0	1	0
10959_sub4	0	1	1	0	0	0	1	0
10959_sub5	0	1	1	0	0	0	1	0
10961_sub0	0	1	1	0	0	0	1	0
10961_sub1	0	1	0	1	0	0	0	1
10961_sub2	0	1	0	1	0	0	0	1
10961_sub3	0	1	0	1	0	0	0	1
10961_sub4	0	1	1	0	0	0	1	0
10961_sub5	0	1	1	0	0	0	1	0
10961_sub6	0	1	0	1	0	0	0	1
10962_sub0	0	5	3	2	0	0	3	2
10962_sub1	0	1	1	0	0	0	1	0
10962_sub2	0	1	1	0	0	0	1	0
10962_sub3	0	1	0	1	0	0	0	1
10962_sub4	0	1	0	1	0	0	0	1
10970_sub0	1	17	8	9	8	9	0	0
10970_sub1	0	1	0	1	0	0	0	1
10970_sub2	0	1	0	1	0	0	0	1
10970_sub3	0	1	0	1	0	0	0	1
10970_sub4	0	1	1	0	0	0	1	0
10970_sub5	0	1	1	0	0	0	1	0
10970_sub6	0	1	0	1	0	0	0	1
10970_sub7	0	1	1	0	0	0	1	0
10970_sub8	0	1	0	1	0	0	0	1
10970_sub9	0	1	0	1	0	0	0	1
10970_sub10	0	1	1	0	0	0	1	0
10973_sub0	0	1	0	1	0	0	0	1
10973_sub1	0	3	0	3	0	0	0	3
10973_sub2	0	1	1	0	0	0	1	0
10973_sub3	0	1	0	1	0	0	0	1
10977_sub0	0	1	0	1	0	0	0	1
10977_sub1	0	1	1	0	0	0	1	0
10977_sub2	0	1	1	0	0	0	1	0
10977_sub3	0	1	0	1	0	0	0	1
10977_sub4	0	1	1	0	0	0	1	0
10977_sub5	0	1	1	0	0	0	1	0
10978_sub0	0	1	1	0	0	0	1	0
10978_sub1	0	1	0	1	0	0	0	1
10978_sub2	0	1	1	0	0	0	1	0
10978_sub3	0	1	1	0	0	0	1	0
10978_sub4	0	1	1	0	0	0	1	0
10978_sub5	0	1	0	1	0	0	0	1
10978_sub6	0	1	1	0	0	0	1	0
10978_sub7	0	1	0	1	0	0	0	1
10978_sub8	0	1	0	1	0	0	0	1
10978_sub9	0	1	1	0	0	0	1	0
10981_sub0	0	1	1	0	0	0	1	0
10981_sub1	0	1	1	0	0	0	1	0
10981_sub2	0	1	1	0	0	0	1	0
10981_sub3	0	1	0	1	0	0	0	1
10981_sub4	0	1	1	0	0	0	1	0
10981_sub5	0	1	1	0	0	0	1	0
10985_sub0	0	1	1	0	0	0	1	0
10985_sub1	0	1	1	0	0	0	1	0
10985_sub2	0	1	0	1	0	0	0	1
10985_sub3	0	1	1	0	0	0	1	0
10985_sub4	0	1	0	1	0	0	0	1
10985_sub5	0	1	1	0	0	0	1	0
10985_sub6	0	1	1	0	0	0	1	0
10987_sub0	0	1	0	1	0	0	0	1
10987_sub1	0	1	0	1	0	0	0	1
10987_sub2	0	1	1	0	0	0	1	0
10987_sub3	0	1	0	1	0	0	0	1
10987_sub4	0	1	0	1	0	0	0	1
10987_sub5	0	1	0	1	0	0	0	1
10987_sub6	0	1	1	0	0	0	1	0
10988_sub0	0	1	0	1	0	0	0	1
10988_sub1	0	1	1	0	0	0	1	0
10988_sub2	0	1	0	1	0	0	0	1
10988_sub3	0	1	0	1	0	0	0	1
10988_sub4	0	1	1	0	0	0	1	0
10988_sub5	0	1	0	1	0	0	0	1
10988_sub6	0	1	1	0	0	0	1	0
10990_sub0	1	22	13	9	11	9	2	0
10992_sub0	1	8	4	4	4	4	0	0
10992_sub1	0	1	0	1	0	0	0	1
10992_sub2	0	1	1	0	0	0	1	0
10992_sub3	0	1	1	0	0	0	1	0
10992_sub4	0	1	0	1	0	0	0	1
10995_sub0	0	1	1	0	0	0	1	0
10995_sub1	0	3	2	1	0	0	2	1
10995_sub2	0	1	0	1	0	0	0	1
10995_sub3	0	1	0	1	0	0	0	1
10995_sub4	0	1	0	1	0	0	0	1
1100_sub0	0	1	0	1	0	0	0	1
1100_sub1	0	1	1	0	0	0	1	0
1100_sub2	0	1	1	0	0	0	1	0
1100_sub3	1	11	6	5	6	5	0	0
11010_sub0	0	1	1	0	0	0	1	0
11010_sub1	0	1	0	1	0	0	0	1
11010_sub2	0	1	1	0	0	0	1	0
11010_sub3	0	1	1	0	0	0	1	0
11010_sub4	0	1	1	0	0	0	1	0
11010_sub5	0	1	1	0	0	0	1	0
11010_sub6	0	1	0	1	0	0	0	1
11010_sub7	0	1	1	0	0	0	1	0
11010_sub8	0	1	0	1	0	0	0	1
11013_sub0	1	23	12	11	10	10	2	1
11013_sub1	0	1	1	0	0	0	1	0
11013_sub2	0	1	0	1	0	0	0	1
11013_sub3	0	1	0	1	0	0	0	1
11018_sub0	0	2	0	2	0	0	0	2
11018_sub1	0	1	0	1	0	0	0	1
11018_sub2	0	1	1	0	0	0	1	0
11018_sub3	0	1	1	0	0	0	1	0
11018_sub4	0	1	0	1	0	0	0	1
11018_sub5	0	1	0	1	0	0	0	1
11018_sub6	0	1	0	1	0	0	0	1
11027_sub0	0	1	1	0	0	0	1	0
11027_sub1	0	1	1	0	0	0	1	0
11027_sub2	0	1	1	0	0	0	1	0
11027_sub3	0	1	0	1	0	0	0	1
11027_sub4	0	1	1	0	0	0	1	0
11027_sub5	0	1	1	0	0	0	1	0
11028_sub0	1	23	14	9	11	9	3	0
11028_sub1	0	1	0	1	0	0	0	1
11028_sub2	0	1	0	1	0	0	0	1
11028_sub3	0	1	0	1	0	0	0	1
11028_sub4	0	2	0	2	0	0	0	2
11028_sub5	0	1	0	1	0	0	0	1
11028_sub6	0	1	0	1	0	0	0	1
11028_sub7	0	1	0	1	0	0	0	1
11028_sub8	0	1	0	1	0	0	0	1
11040_sub0	1	15	7	8	7	8	0	0
11040_sub1	0	1	0	1	0	0	0	1
11040_sub2	0	1	0	1	0	0	0	1
11040_sub3	0	1	1	0	0	0	1	0
11040_sub4	0	1	0	1	0	0	0	1
11040_sub5	0	1	1	0	0	0	1	0
11040_sub6	0	1	0	1	0	0	0	1
11040_sub7	0	1	1	0	0	0	1	0
11040_sub8	0	1	1	0	0	0	1	0
11043_sub0	1	12	7	5	7	5	0	0
11043_sub1	0	1	1	0	0	0	1	0
11044_sub0	0	1	0	1	0	0	0	1
11044_sub1	0	5	5	0	0	0	5	0
11044_sub2	0	1	0	1	0	0	0	1
11046_sub0	0	1	1	0	0	0	1	0
11046_sub1	0	5	3	2	0	0	3	2
11046_sub2	0	1	1	0	0	0	1	0
11046_sub3	0	1	0	1	0	0	0	1
11049_sub0	0	1	0	1	0	0	0	1
11049_sub1	0	1	1	0	0	0	1	0
11049_sub2	0	1	0	1	0	0	0	1
11049_sub3	0	1	1	0	0	0	1	0
11049_sub4	0	1	1	0	0	0	1	0
11049_sub5	0	1	0	1	0	0	0	1
1105_sub0	0	1	0	1	0	0	0	1
1105_sub1	1	12	8	4	8	4	0	0
1105_sub2	0	1	1	0	0	0	1	0
1105_sub3	0	1	1	0	0	0	1	0
1105_sub4	0	1	0	1	0	0	0	1
11053_sub0	0	1	0	1	0	0	0	1
11053_sub1	1	6	4	2	4	2	0	0
11053_sub2	0	1	0	1	0	0	0	1
11053_sub3	0	1	0	1	0	0	0	1
11053_sub4	0	1	0	1	0	0	0	1
11053_sub5	0	1	0	1	0	0	0	1
11056_sub0	0	1	0	1	0	0	0	1
11056_sub1	0	1	0	1	0	0	0	1
11056_sub2	0	1	1	0	0	0	1	0
11056_sub3	0	1	1	0	0	0	1	0
11056_sub4	0	1	1	0	0	0	1	0
11056_sub5	0	1	1	0	0	0	1	0
11059_sub0	0	1	1	0	0	0	1	0
11059_sub1	0	1	0	1	0	0	0	1
11059_sub2	0	1	0	1	0	0	0	1
11059_sub3	0	1	1	0	0	0	1	0
11059_sub4	0	1	0	1	0	0	0	1
11059_sub5	0	1	0	1	0	0	0	1
11059_sub6	0	1	0	1	0	0	0	1
11059_sub7	0	1	0	1	0	0	0	1
1106_sub0	0	1	1	0	0	0	1	0
1106_sub1	0	1	0	1	0	0	0	1
1106_sub2	0	1	1	0	0	0	1	0
1106_sub3	0	1	0	1	0	0	0	1
1106_sub4	0	1	1	0	0	0	1	0
1106_sub5	0	1	0	1	0	0	0	1
11067_sub0	0	1	1	0	0	0	1	0
11067_sub1	0	1	1	0	0	0	1	0
11067_sub2	0	1	1	0	0	0	1	0
11067_sub3	0	1	1	0	0	0	1	0
11067_sub4	0	1	1	0	0	0	1	0
11067_sub5	0	1	0	1	0	0	0	1
11067_sub6	0	1	0	1	0	0	0	1
11070_sub0	0	1	0	1	0	0	0	1
11070_sub1	0	1	0	1	0	0	0	1
11070_sub2	0	1	0	1	0	0	0	1
11070_sub3	0	1	0	1	0	0	0	1
11070_sub4	0	1	1	0	0	0	1	0
11070_sub5	0	1	0	1	0	0	0	1
11070_sub6	0	1	0	1	0	0	0	1
11083_sub0	0	1	1	0	0	0	1	0
11083_sub1	0	1	0	1	0	0	0	1
11083_sub2	0	1	1	0	0	0	1	0
11083_sub3	0	1	0	1	0	0	0	1
11083_sub4	0	1	0	1	0	0	0	1
11083_sub5	0	1	1	0	0	0	1	0
11083_sub6	0	1	0	1	0	0	0	1
11085_sub0	1	23	15	8	12	8	3	0
11085_sub1	0	1	0	1	0	0	0	1
11085_sub2	0	1	0	1	0	0	0	1
11085_sub3	0	1	1	0	0	0	1	0
11090_sub0	0	1	1	0	0	0	1	0
11090_sub1	0	1	0	1	0	0	0	1
11090_sub2	0	1	0	1	0	0	0	1
11090_sub3	0	1	1	0	0	0	1	0
11090_sub4	0	1	0	1	0	0	0	1
11090_sub5	0	1	1	0	0	0	1	0
11102_sub0	1	18	6	12	6	12	0	0
11102_sub1	0	1	0	1	0	0	0	1
11103_sub0	0	1	0	1	0	0	0	1
11103_sub1	0	1	0	1	0	0	0	1
11103_sub2	0	1	0	1	0	0	0	1
11103_sub3	0	1	0	1	0	0	0	1
11103_sub4	0	1	0	1	0	0	0	1
11103_sub5	0	1	1	0	0	0	1	0
11103_sub6	0	1	1	0	0	0	1	0
11111_sub0	0	1	0	1	0	0	0	1
11111_sub1	0	1	1	0	0	0	1	0
11111_sub2	0	1	1	0	0	0	1	0
11111_sub3	0	1	0	1	0	0	0	1
11111_sub4	0	1	1	0	0	0	1	0
11111_sub5	0	1	0	1	0	0	0	1
11115_sub0	0	1	1	0	0	0	1	0
11115_sub1	1	11	8	3	8	3	0	0
11115_sub2	0	1	1	0	0	0	1	0
11115_sub3	0	1	1	0	0	0	1	0
11115_sub4	0	1	1	0	0	0	1	0
11115_sub5	0	1	1	0	0	0	1	0
11126_sub0	0	1	0	1	0	0	0	1
11126_sub1	0	1	1	0	0	0	1	0
11126_sub2	0	1	1	0	0	0	1	0
11126_sub3	0	1	0	1	0	0	0	1
11126_sub4	0	1	0	1	0	0	0	1
11126_sub5	0	1	0	1	0	0	0	1
11126_sub6	0	1	0	1	0	0	0	1
11128_sub0	0	1	0	1	0	0	0	1
11128_sub1	0	1	0	1	0	0	0	1
11128_sub2	0	1	1	0	0	0	1	0
11128_sub3	0	1	1	0	0	0	1	0
11128_sub4	0	1	0	1	0	0	0	1
11128_sub5	0	1	1	0	0	0	1	0
11142_sub0	0	1	1	0	0	0	1	0
11142_sub1	0	1	1	0	0	0	1	0
11142_sub2	0	1	1	0	0	0	1	0
11142_sub3	0	1	0	1	0	0	0	1
11142_sub4	0	1	1	0	0	0	1	0
11142_sub5	0	1	0	1	0	0	0	1
11142_sub6	0	1	0	1	0	0	0	1
1115_sub0	0	1	0	1	0	0	0	1
1115_sub1	0	1	1	0	0	0	1	0
1115_sub2	0	1	1	0	0	0	1	0
1115_sub3	0	1	1	0	0	0	1	0
1115_sub4	0	1	1	0	0	0	1	0
1115_sub5	0	1	0	1	0	0	0	1
11153_sub0	1	12	8	4	8	4	0	0
11153_sub1	0	1	0	1	0	0	0	1
11153_sub2	0	1	0	1	0	0	0	1
11153_sub3	0	1	1	0	0	0	1	0
11153_sub4	0	1	1	0	0	0	1	0
11153_sub5	0	1	0	1	0	0	0	1
11157_sub0	0	1	0	1	0	0	0	1
11157_sub1	0	1	1	0	0	0	1	0
11157_sub2	0	1	0	1	0	0	0	1
11157_sub3	0	1	1	0	0	0	1	0
11157_sub4	0	1	1	0	0	0	1	0
11157_sub5	0	1	1	0	0	0	1	0
11158_sub0	0	1	0	1	0	0	0	1
11158_sub1	0	1	0	1	0	0	0	1
11158_sub2	0	1	0	1	0	0	0	1
11158_sub3	0	1	0	1	0	0	0	1
11158_sub4	0	1	1	0	0	0	1	0
11158_sub5	0	1	1	0	0	0	1	0
11158_sub6	0	1	0	1	0	0	0	1
11158_sub7	0	1	1	0	0	0	1	0
11159_sub0	1	22	10	12	10	10	0	2
11159_sub1	0	1	1	0	0	0	1	0
11159_sub2	0	1	1	0	0	0	1	0
11159_sub3	0	1	0	1	0	0	0	1
1116_sub0	0	1	1	0	0	0	1	0
1116_sub1	1	6	3	3	3	3	0	0
1116_sub2	0	1	0	1	0	0	0	1
1116_sub3	0	1	0	1	0	0	0	1
1116_sub4	0	1	1	0	0	0	1	0
1116_sub5	0	1	0	1	0	0	0	1
11164_sub0	0	1	0	1	0	0	0	1
11164_sub1	0	1	1	0	0	0	1	0
11164_sub2	0	1	1	0	0	0	1	0
11164_sub3	0	1	0	1	0	0	0	1
11164_sub4	0	1	0	1	0	0	0	1
11164_sub5	0	1	0	1	0	0	0	1
11164_sub6	0	1	0	1	0	0	0	1
11167_sub0	1	9	7	2	7	2	0	0
11167_sub1	0	1	0	1	0	0	0	1
11167_sub2	0	1	0	1	0	0	0	1
11170_sub0	1	10	7	3	7	3	0	0
11170_sub1	0	1	1	0	0	0	1	0
11170_sub2	0	1	0	1	0	0	0	1
11170_sub3	0	1	1	0	0	0	1	0
11170_sub4	0	1	1	0	0	0	1	0
11170_sub5	0	1	0	1	0	0	0	1
11170_sub6	0	1	0	1	0	0	0	1
11170_sub7	0	1	1	0	0	0	1	0
11170_sub8	0	1	1	0	0	0	1	0
11170_sub9	0	1	1	0	0	0	1	0
11170_sub10	0	1	1	0	0	0	1	0
11170_sub11	0	1	0	1	0	0	0	1
11170_sub12	0	1	0	1	0	0	0	1
11170_sub13	0	1	0	1	0	0	0	1
11170_sub14	0	1	0	1	0	0	0	1
11170_sub15	0	1	1	0	0	0	1	0
1118_sub0	0	1	0	1	0	0	0	1
1118_sub1	0	1	1	0	0	0	1	0
1118_sub2	1	24	11	13	10	10	1	3
1118_sub3	0	1	0	1	0	0	0	1
1118_sub4	0	1	1	0	0	0	1	0
1118_sub5	0	1	1	0	0	0	1	0
11180_sub0	0	1	0	1	0	0	0	1
11180_sub1	0	1	1	0	0	0	1	0
11180_sub2	0	1	0	1	0	0	0	1
11180_sub3	0	1	0	1	0	0	0	1
11180_sub4	0	1	1	0	0	0	1	0
11180_sub5	0	1	1	0	0	0	1	0
11189_sub0	1	9	6	3	6	3	0	0
11189_sub1	0	1	1	0	0	0	1	0
11189_sub2	0	1	1	0	0	0	1	0
11189_sub3	0	1	0	1	0	0	0	1
1119_sub0	0	1	0	1	0	0	0	1
1119_sub1	1	16	10	6	10	6	0	0
1119_sub2	0	1	0	1	0	0	0	1
1119_sub3	0	1	0	1	0	0	0	1
11190_sub0	0	1	1	0	0	0	1	0
11190_sub1	0	1	1	0	0	0	1	0
11190_sub2	0	1	0	1	0	0	0	1
11190_sub3	0	1	1	0	0	0	1	0
11190_sub4	0	1	0	1	0	0	0	1
11190_sub5	0	1	0	1	0	0	0	1
11193_sub0	0	1	1	0	0	0	1	0
11193_sub1	1	6	1	5	1	5	0	0
11193_sub2	0	1	0	1	0	0	0	1
11193_sub3	0	1	0	1	0	0	0	1
11195_sub0	0	1	1	0	0	0	1	0
11195_sub1	0	1	1	0	0	0	1	0
11195_sub2	0	1	0	1	0	0	0	1
11195_sub3	0	1	0	1	0	0	0	1
11195_sub4	0	1	0	1	0	0	0	1
11195_sub5	0	1	1	0	0	0	1	0
11195_sub6	0	1	0	1	0	0	0	1
11195_sub7	0	1	0	1	0	0	0	1
1120_sub0	0	1	0	1	0	0	0	1
1120_sub1	0	1	0	1	0	0	0	1
1120_sub2	1	15	5	10	5	10	0	0
1120_sub3	0	1	1	0	0	0	1	0
1120_sub4	0	1	0	1	0	0	0	1
1120_sub5	0	1	0	1	0	0	0	1
11202_sub0	0	1	0	1	0	0	0	1
11202_sub1	0	1	0	1	0	0	0	1
11202_sub2	0	1	0	1	0	0	0	1
11202_sub3	0	1	0	1	0	0	0	1
11202_sub4	0	1	1	0	0	0	1	0
11202_sub5	0	1	1	0	0	0	1	0
11202_sub6	0	1	1	0	0	0	1	0
11204_sub0	1	20	11	9	11	9	0	0
11204_sub1	0	1	0	1	0	0	0	1
11204_sub2	0	1	0	1	0	0	0	1
11204_sub3	0	1	0	1	0	0	0	1
11204_sub4	0	1	0	1	0	0	0	1
11204_sub5	0	1	1	0	0	0	1	0
11204_sub6	0	1	1	0	0	0	1	0
11207_sub0	1	9	2	7	2	7	0	0
11209_sub0	0	1	1	0	0	0	1	0
11209_sub1	0	1	0	1	0	0	0	1
11209_sub2	0	1	1	0	0	0	1	0
11209_sub3	0	1	0	1	0	0	0	1
11209_sub4	0	1	1	0	0	0	1	0
11209_sub5	0	1	1	0	0	0	1	0
1121_sub0	0	1	0	1	0	0	0	1
1121_sub1	1	16	10	6	10	6	0	0
1121_sub2	0	1	1	0	0	0	1	0
1121_sub3	0	1	1	0	0	0	1	0
1121_sub4	0	1	0	1	0	0	0	1
1121_sub5	0	1	1	0	0	0	1	0
11217_sub0	0	1	1	0	0	0	1	0
11217_sub1	0	1	1	0	0	0	1	0
11217_sub2	0	1	0	1	0	0	0	1
11217_sub3	0	1	0	1	0	0	0	1
11217_sub4	0	1	0	1	0	0	0	1
11217_sub5	0	1	1	0	0	0	1	0
11217_sub6	0	1	1	0	0	0	1	0
11223_sub0	0	1	1	0	0	0	1	0
11223_sub1	0	1	1	0	0	0	1	0
11223_sub2	0	1	1	0	0	0	1	0
11223_sub3	0	1	0	1	0	0	0	1
11223_sub4	0	1	1	0	0	0	1	0
11223_sub5	0	1	1	0	0	0	1	0
11223_sub6	0	1	1	0	0	0	1	0
11225_sub0	0	1	0	1	0	0	0	1
11225_sub1	0	1	0	1	0	0	0	1
11225_sub2	0	1	1	0	0	0	1	0
11225_sub3	0	1	1	0	0	0	1	0
11225_sub4	0	1	1	0	0	0	1	0
11225_sub5	0	1	1	0	0	0	1	0
11225_sub6	0	1	0	1	0	0	0	1
11228_sub0	0	1	1	0	0	0	1	0
11228_sub1	0	1	0	1	0	0	0	1
11228_sub2	0	1	0	1	0	0	0	1
11228_sub3	0	1	0	1	0	0	0	1
11228_sub4	0	1	0	1	0	0	0	1
11228_sub5	0	1	1	0	0	0	1	0
11231_sub0	0	1	1	0	0	0	1	0
11231_sub1	0	1	0	1	0	0	0	1
11231_sub2	0	1	0	1	0	0	0	1
11231_sub3	0	1	0	1	0	0	0	1
11231_sub4	0	1	0	1	0	0	0	1
11231_sub5	0	1	1	0	0	0	1	0
11231_sub6	0	1	1	0	0	0	1	0
11235_sub0	1	14	7	7	7	7	0	0
11235_sub1	0	1	1	0	0	0	1	0
11235_sub2	0	1	1	0	0	0	1	0
11235_sub3	0	1	0	1	0	0	0	1
11235_sub4	0	1	1	0	0	0	1	0
11238_sub0	0	1	1	0	0	0	1	0
11238_sub1	0	2	1	1	0	0	1	1
11238_sub2	0	1	1	0	0	0	1	0
11238_sub3	0	1	1	0	0	0	1	0
11238_sub4	0	1	0	1	0	0	0	1
11238_sub5	0	1	1	0	0	0	1	0
11238_sub6	0	1	0	1	0	0	0	1
11238_sub7	0	1	0	1	0	0	0	1
11238_sub8	0	1	1	0	0	0	1	0
11240_sub0	0	1	0	1	0	0	0	1
11240_sub1	0	1	1	0	0	0	1	0
11240_sub2	0	1	1	0	0	0	1	0
11240_sub3	0	1	0	1	0	0	0	1
11240_sub4	0	1	0	1	0	0	0	1
11240_sub5	0	2	1	1	0	0	1	1
11240_sub6	0	1	0	1	0	0	0	1
11240_sub7	0	1	1	0	0	0	1	0
11242_sub0	0	1	0	1	0	0	0	1
11242_sub1	0	1	0	1	0	0	0	1
11242_sub2	0	1	0	1	0	0	0	1
11242_sub3	0	1	0	1	0	0	0	1
11242_sub4	0	1	0	1	0	0	0	1
11242_sub5	0	1	1	0	0	0	1	0
11245_sub0	0	1	0	1	0	0	0	1
11245_sub1	1	18	8	10	8	10	0	0
11245_sub2	0	1	1	0	0	0	1	0
11245_sub3	0	1	0	1	0	0	0	1
11252_sub0	0	1	0	1	0	0	0	1
11252_sub1	0	1	1	0	0	0	1	0
11252_sub2	0	1	0	1	0	0	0	1
11252_sub3	0	1	1	0	0	0	1	0
11252_sub4	0	1	1	0	0	0	1	0
11252_sub5	0	1	0	1	0	0	0	1
11253_sub0	0	1	1	0	0	0	1	0
11253_sub1	0	1	1	0	0	0	1	0
11253_sub2	0	1	1	0	0	0	1	0
11253_sub3	0	1	1	0	0	0	1	0
11253_sub4	0	1	1	0	0	0	1	0
11253_sub5	0	1	1	0	0	0	1	0
11253_sub6	0	1	1	0	0	0	1	0
11255_sub0	1	10	2	8	2	8	0	0
11255_sub1	0	1	1	0	0	0	1	0
11255_sub2	0	1	0	1	0	0	0	1
11256_sub0	0	1	0	1	0	0	0	1
11256_sub1	0	1	1	0	0	0	1	0
11256_sub2	0	1	1	0	0	0	1	0
11256_sub3	0	1	0	1	0	0	0	1
11256_sub4	0	1	0	1	0	0	0	1
11256_sub5	0	1	0	1	0	0	0	1
11256_sub6	0	1	0	1	0	0	0	1
11258_sub0	1	12	7	5	7	5	0	0
11258_sub1	0	1	1	0	0	0	1	0
11258_sub2	0	1	0	1	0	0	0	1
11258_sub3	0	1	0	1	0	0	0	1
11258_sub4	0	1	0	1	0	0	0	1
11263_sub0	0	1	1	0	0	0	1	0
11263_sub1	0	1	1	0	0	0	1	0
11263_sub2	0	1	0	1	0	0	0	1
11263_sub3	0	1	1	0	0	0	1	0
11263_sub4	0	1	0	1	0	0	0	1
11263_sub5	0	1	1	0	0	0	1	0
11263_sub6	0	1	1	0	0	0	1	0
11263_sub7	0	1	1	0	0	0	1	0
11265_sub0	0	1	0	1	0	0	0	1
11265_sub1	0	1	0	1	0	0	0	1
11265_sub2	0	1	0	1	0	0	0	1
11265_sub3	0	1	0	1	0	0	0	1
11265_sub4	0	1	1	0	0	0	1	0
11265_sub5	0	1	1	0	0	0	1	0
11273_sub0	0	1	1	0	0	0	1	0
11273_sub1	0	1	0	1	0	0	0	1
11273_sub2	0	1	0	1	0	0	0	1
11273_sub3	0	1	0	1	0	0	0	1
11273_sub4	0	1	1	0	0	0	1	0
11273_sub5	0	1	1	0	0	0	1	0
11273_sub6	0	1	0	1	0	0	0	1
11277_sub0	1	14	5	9	5	9	0	0
11277_sub1	0	1	1	0	0	0	1	0
11277_sub2	0	1	0	1	0	0	0	1
11277_sub3	0	1	1	0	0	0	1	0
11277_sub4	0	1	0	1	0	0	0	1
11279_sub0	0	1	1	0	0	0	1	0
11279_sub1	0	1	0	1	0	0	0	1
11279_sub2	0	1	1	0	0	0	1	0
11279_sub3	0	1	1	0	0	0	1	0
11279_sub4	0	1	0	1	0	0	0	1
11279_sub5	0	1	1	0	0	0	1	0
11283_sub0	0	1	0	1	0	0	0	1
11283_sub1	0	1	1	0	0	0	1	0
11283_sub2	0	1	0	1	0	0	0	1
11283_sub3	0	1	1	0	0	0	1	0
11283_sub4	1	9	5	4	5	4	0	0
11289_sub0	0	1	1	0	0	0	1	0
11289_sub1	0	1	1	0	0	0	1	0
11289_sub2	0	1	1	0	0	0	1	0
11289_sub3	0	1	1	0	0	0	1	0
11289_sub4	0	1	1	0	0	0	1	0
11289_sub5	0	1	1	0	0	0	1	0
11289_sub6	0	1	0	1	0	0	0	1
1129_sub0	0	1	0	1	0	0	0	1
1129_sub1	1	10	5	5	5	5	0	0
1129_sub2	0	1	1	0	0	0	1	0
1129_sub3	0	1	1	0	0	0	1	0
1129_sub4	0	1	0	1	0	0	0	1
11290_sub0	0	1	1	0	0	0	1	0
11290_sub1	0	1	0	1	0	0	0	1
11290_sub2	0	1	1	0	0	0	1	0
11290_sub3	0	1	0	1	0	0	0	1
11290_sub4	0	1	1	0	0	0	1	0
11290_sub5	0	1	0	1	0	0	0	1
113_sub0	0	1	0	1	0	0	0	1
113_sub1	1	6	4	2	4	2	0	0
1130_sub0	0	1	1	0	0	0	1	0
1130_sub1	0	1	1	0	0	0	1	0
1130_sub2	1	17	9	8	9	8	0	0
1130_sub3	0	1	0	1	0	0	0	1
1130_sub4	0	1	0	1	0	0	0	1
1130_sub5	0	1	1	0	0	0	1	0
1130_sub6	0	1	0	1	0	0	0	1
1130_sub7	0	1	0	1	0	0	0	1
11300_sub0	0	1	1	0	0	0	1	0
11300_sub1	0	1	1	0	0	0	1	0
11300_sub2	0	1	1	0	0	0	1	0
11300_sub3	0	1	1	0	0	0	1	0
11300_sub4	0	1	0	1	0	0	0	1
11300_sub5	0	1	1	0	0	0	1	0
11302_sub0	0	1	0	1	0	0	0	1
11302_sub1	0	1	1	0	0	0	1	0
11302_sub2	0	1	0	1	0	0	0	1
11302_sub3	0	1	1	0	0	0	1	0
11302_sub4	0	1	1	0	0	0	1	0
11302_sub5	0	1	1	0	0	0	1	0
11302_sub6	0	1	1	0	0	0	1	0
11303_sub0	0	1	1	0	0	0	1	0
11303_sub1	0	1	0	1	0	0	0	1
11303_sub2	0	1	1	0	0	0	1	0
11303_sub3	0	1	0	1	0	0	0	1
11303_sub4	0	1	1	0	0	0	1	0
11303_sub5	0	1	0	1	0	0	0	1
11303_sub6	0	1	0	1	0	0	0	1
11303_sub7	0	1	0	1	0	0	0	1
11306_sub0	0	1	0	1	0	0	0	1
11306_sub1	0	1	1	0	0	0	1	0
11306_sub2	0	1	0	1	0	0	0	1
11306_sub3	0	1	0	1	0	0	0	1
11306_sub4	0	1	1	0	0	0	1	0
11306_sub5	0	1	1	0	0	0	1	0
11307_sub0	1	22	8	14	8	12	0	2
11307_sub1	0	1	0	1	0	0	0	1
11307_sub2	0	1	0	1	0	0	0	1
11307_sub3	0	1	0	1	0	0	0	1
11307_sub4	0	2	0	2	0	0	0	2
11307_sub5	0	1	1	0	0	0	1	0
11308_sub0	1	7	4	3	4	3	0	0
11308_sub1	0	1	1	0	0	0	1	0
11308_sub2	0	1	0	1	0	0	0	1
1131_sub0	0	1	0	1	0	0	0	1
1131_sub1	1	9	6	3	6	3	0	0
1131_sub2	0	1	0	1	0	0	0	1
11310_sub0	0	1	0	1	0	0	0	1
11310_sub1	0	3	2	1	0	0	2	1
11310_sub2	0	1	1	0	0	0	1	0
11310_sub3	0	1	0	1	0	0	0	1
11310_sub4	0	1	1	0	0	0	1	0
11310_sub5	0	1	1	0	0	0	1	0
11318_sub0	0	1	1	0	0	0	1	0
11318_sub1	0	1	0	1	0	0	0	1
11318_sub2	0	1	1	0	0	0	1	0
11318_sub3	0	1	0	1	0	0	0	1
11318_sub4	0	1	1	0	0	0	1	0
11318_sub5	0	1	0	1	0	0	0	1
11319_sub0	0	1	1	0	0	0	1	0
11319_sub1	0	1	0	1	0	0	0	1
11319_sub2	0	1	0	1	0	0	0	1
11319_sub3	0	1	0	1	0	0	0	1
11319_sub4	0	1	0	1	0	0	0	1
11319_sub5	0	1	0	1	0	0	0	1
11322_sub0	0	1	1	0	0	0	1	0
11322_sub1	0	1	0	1	0	0	0	1
11322_sub2	0	1	0	1	0	0	0	1
11322_sub3	0	1	1	0	0	0	1	0
11322_sub4	0	1	1	0	0	0	1	0
11322_sub5	0	1	1	0	0	0	1	0
11323_sub0	0	1	1	0	0	0	1	0
11323_sub1	0	1	1	0	0	0	1	0
11323_sub2	0	1	1	0	0	0	1	0
11323_sub3	0	1	0	1	0	0	0	1
11323_sub4	0	1	1	0	0	0	1	0
11323_sub5	0	1	1	0	0	0	1	0
11333_sub0	0	1	0	1	0	0	0	1
11333_sub1	0	1	1	0	0	0	1	0
11333_sub2	0	1	1	0	0	0	1	0
11333_sub3	0	1	1	0	0	0	1	0
11333_sub4	0	1	0	1	0	0	0	1
11333_sub5	0	1	1	0	0	0	1	0
11333_sub6	0	1	0	1	0	0	0	1
11333_sub7	0	1	1	0	0	0	1	0
11333_sub8	0	1	0	1	0	0	0	1
11338_sub0	0	1	1	0	0	0	1	0
11338_sub1	0	1	1	0	0	0	1	0
11338_sub2	0	1	0	1	0	0	0	1
11338_sub3	0	1	0	1	0	0	0	1
11338_sub4	0	1	1	0	0	0	1	0
11338_sub5	0	1	0	1	0	0	0	1
1134_sub0	0	1	0	1	0	0	0	1
1134_sub1	0	1	1	0	0	0	1	0
1134_sub2	1	10	6	4	6	4	0	0
1134_sub3	0	1	0	1	0	0	0	1
11340_sub0	0	1	0	1	0	0	0	1
11340_sub1	0	1	1	0	0	0	1	0
11340_sub2	1	15	5	10	5	10	0	0
11340_sub3	0	1	1	0	0	0	1	0
11340_sub4	0	1	1	0	0	0	1	0
11352_sub0	1	19	13	6	13	6	0	0
11352_sub1	0	1	1	0	0	0	1	0
11352_sub2	0	1	0	1	0	0	0	1
11352_sub3	0	1	0	1	0	0	0	1
11356_sub0	0	2	1	1	0	0	1	1
11356_sub1	0	1	1	0	0	0	1	0
11356_sub2	0	1	0	1	0	0	0	1
11356_sub3	0	1	1	0	0	0	1	0
11356_sub4	0	1	0	1	0	0	0	1
11356_sub5	0	1	1	0	0	0	1	0
11356_sub6	0	1	0	1	0	0	0	1
11356_sub7	0	1	1	0	0	0	1	0
11359_sub0	0	1	0	1	0	0	0	1
11359_sub1	1	6	3	3	3	3	0	0
11359_sub2	0	1	1	0	0	0	1	0
1136_sub0	0	1	1	0	0	0	1	0
1136_sub1	1	18	7	11	7	11	0	0
1136_sub2	0	1	0	1	0	0	0	1
11360_sub0	0	1	1	0	0	0	1	0
11360_sub1	0	1	1	0	0	0	1	0
11360_sub2	0	1	0	1	0	0	0	1
11360_sub3	0	1	0	1	0	0	0	1
11360_sub4	0	1	1	0	0	0	1	0
11360_sub5	0	1	0	1	0	0	0	1
11360_sub6	0	1	1	0	0	0	1	0
11360_sub7	0	1	1	0	0	0	1	0
11360_sub8	0	1	1	0	0	0	1	0
11367_sub0	1	11	7	4	7	4	0	0
11367_sub1	0	1	0	1	0	0	0	1
11367_sub2	0	1	0	1	0	0	0	1
11367_sub3	0	1	0	1	0	0	0	1
11367_sub4	0	1	1	0	0	0	1	0
11368_sub0	0	1	1	0	0	0	1	0
11368_sub1	0	1	0	1	0	0	0	1
11368_sub2	0	1	1	0	0	0	1	0
11368_sub3	0	1	1	0	0	0	1	0
11368_sub4	0	1	1	0	0	0	1	0
11368_sub5	0	1	0	1	0	0	0	1
11368_sub6	0	1	1	0	0	0	1	0
11368_sub7	0	1	1	0	0	0	1	0
11375_sub0	0	1	0	1	0	0	0	1
11375_sub1	0	1	1	0	0	0	1	0
11375_sub2	0	1	1	0	0	0	1	0
11375_sub3	0	1	1	0	0	0	1	0
11375_sub4	0	1	1	0	0	0	1	0
11375_sub5	0	1	0	1	0	0	0	1
11376_sub0	0	1	0	1	0	0	0	1
11376_sub1	0	1	1	0	0	0	1	0
11376_sub2	0	1	1	0	0	0	1	0
11376_sub3	0	1	1	0	0	0	1	0
11376_sub4	0	1	1	0	0	0	1	0
11376_sub5	0	1	0	1	0	0	0	1
11376_sub6	0	1	0	1	0	0	0	1
11376_sub7	0	1	0	1	0	0	0	1
11376_sub8	0	1	1	0	0	0	1	0
11376_sub9	0	1	0	1	0	0	0	1
1138_sub0	0	1	0	1	0	0	0	1
1138_sub1	0	2	1	1	0	0	1	1
1138_sub2	0	1	0	1	0	0	0	1
1138_sub3	0	1	1	0	0	0	1	0
1138_sub4	0	1	0	1	0	0	0	1
1138_sub5	0	1	1	0	0	0	1	0
1138_sub6	0	1	0	1	0	0	0	1
11381_sub0	1	10	6	4	6	4	0	0
11381_sub1	0	1	0	1	0	0	0	1
11381_sub2	0	1	1	0	0	0	1	0
11381_sub3	0	1	0	1	0	0	0	1
11381_sub4	0	1	1	0	0	0	1	0
11382_sub0	0	1	1	0	0	0	1	0
11382_sub1	0	1	1	0	0	0	1	0
11382_sub2	0	1	0	1	0	0	0	1
11382_sub3	0	1	1	0	0	0	1	0
11382_sub4	0	1	0	1	0	0	0	1
11382_sub5	0	1	0	1	0	0	0	1
11383_sub0	0	1	0	1	0	0	0	1
11383_sub1	0	1	0	1	0	0	0	1
11383_sub2	0	1	0	1	0	0	0	1
11383_sub3	0	1	1	0	0	0	1	0
11383_sub4	0	1	0	1	0	0	0	1
11383_sub5	0	1	0	1	0	0	0	1
11390_sub0	0	1	0	1	0	0	0	1
11390_sub1	0	1	1	0	0	0	1	0
11390_sub2	0	1	0	1	0	0	0	1
11390_sub3	0	1	0	1	0	0	0	1
11390_sub4	0	1	0	1	0	0	0	1
11390_sub5	0	1	1	0	0	0	1	0
11391_sub0	1	7	5	2	5	2	0	0
11391_sub1	0	1	0	1	0	0	0	1
11391_sub2	0	1	1	0	0	0	1	0
11395_sub0	0	1	1	0	0	0	1	0
11395_sub1	0	5	1	4	0	0	1	4
11395_sub2	0	1	0	1	0	0	0	1
11397_sub0	0	5	2	3	0	0	2	3
11397_sub1	0	1	1	0	0	0	1	0
11400_sub0	0	1	0	1	0	0	0	1
11400_sub1	0	1	1	0	0	0	1	0
11400_sub2	0	1	1	0	0	0	1	0
11400_sub3	0	1	1	0	0	0	1	0
11400_sub4	0	1	0	1	0	0	0	1
11400_sub5	0	1	0	1	0	0	0	1
11400_sub6	0	1	1	0	0	0	1	0
11401_sub0	0	1	1	0	0	0	1	0
11401_sub1	0	1	0	1	0	0	0	1
11401_sub2	0	1	1	0	0	0	1	0
11401_sub3	0	1	0	1	0	0	0	1
11401_sub4	0	1	0	1	0	0	0	1
11401_sub5	0	1	0	1	0	0	0	1
11402_sub0	0	2	1	1	0	0	1	1
11402_sub1	0	1	1	0	0	0	1	0
11402_sub2	0	1	0	1	0	0	0	1
11402_sub3	0	1	1	0	0	0	1	0
11402_sub4	0	1	0	1	0	0	0	1
11402_sub5	0	1	1	0	0	0	1	0
11402_sub6	0	1	1	0	0	0	1	0
11406_sub0	0	1	1	0	0	0	1	0
11406_sub1	0	1	1	0	0	0	1	0
11406_sub2	0	1	1	0	0	0	1	0
11406_sub3	0	1	1	0	0	0	1	0
11406_sub4	0	1	1	0	0	0	1	0
11406_sub5	0	1	1	0	0	0	1	0
11406_sub6	0	1	1	0	0	0	1	0
11406_sub7	0	1	0	1	0	0	0	1
11407_sub0	0	1	1	0	0	0	1	0
11407_sub1	1	11	6	5	6	5	0	0
11407_sub2	0	1	1	0	0	0	1	0
11407_sub3	0	1	0	1	0	0	0	1
11407_sub4	0	1	1	0	0	0	1	0
11407_sub5	0	1	0	1	0	0	0	1
11408_sub0	1	20	13	7	13	7	0	0
11408_sub1	0	1	0	1	0	0	0	1
11408_sub2	0	1	0	1	0	0	0	1
11408_sub3	0	1	1	0	0	0	1	0
11408_sub4	0	1	0	1	0	0	0	1
11408_sub5	0	1	0	1	0	0	0	1
11408_sub6	0	1	0	1	0	0	0	1
11410_sub0	0	1	0	1	0	0	0	1
11410_sub1	0	1	1	0	0	0	1	0
11410_sub2	0	1	0	1	0	0	0	1
11410_sub3	0	1	0	1	0	0	0	1
11410_sub4	0	1	0	1	0	0	0	1
11410_sub5	0	1	1	0	0	0	1	0
11410_sub6	0	1	0	1	0	0	0	1
11414_sub0	0	1	0	1	0	0	0	1
11414_sub1	0	1	1	0	0	0	1	0
11414_sub2	0	1	0	1	0	0	0	1
11414_sub3	0	1	0	1	0	0	0	1
11414_sub4	0	1	1	0	0	0	1	0
11414_sub5	0	1	1	0	0	0	1	0
11414_sub6	0	1	1	0	0	0	1	0
11414_sub7	0	1	1	0	0	0	1	0
11414_sub8	0	1	1	0	0	0	1	0
11417_sub0	0	1	1	0	0	0	1	0
11417_sub1	0	1	0	1	0	0	0	1
11417_sub2	0	1	0	1	0	0	0	1
11417_sub3	0	1	0	1	0	0	0	1
11417_sub4	0	1	1	0	0	0	1	0
11417_sub5	0	1	1	0	0	0	1	0
11417_sub6	0	1	0	1	0	0	0	1
11424_sub0	0	1	0	1	0	0	0	1
11424_sub1	0	1	1	0	0	0	1	0
11424_sub2	0	1	0	1	0	0	0	1
11424_sub3	0	1	0	1	0	0	0	1
11424_sub4	0	1	0	1	0	0	0	1
11424_sub5	0	1	1	0	0	0	1	0
11424_sub6	0	1	0	1	0	0	0	1
11424_sub7	0	1	1	0	0	0	1	0
11424_sub8	0	1	0	1	0	0	0	1
11424_sub9	0	1	1	0	0	0	1	0
11424_sub10	0	1	1	0	0	0	1	0
11424_sub11	0	1	0	1	0	0	0	1
11428_sub0	1	6	4	2	4	2	0	0
11428_sub1	0	1	1	0	0	0	1	0
11430_sub0	1	12	7	5	7	5	0	0
11430_sub1	0	1	0	1	0	0	0	1
11434_sub0	0	1	1	0	0	0	1	0
11434_sub1	0	1	0	1	0	0	0	1
11434_sub2	0	1	0	1	0	0	0	1
11434_sub3	0	1	0	1	0	0	0	1
11434_sub4	0	1	0	1	0	0	0	1
11434_sub5	0	1	0	1	0	0	0	1
11439_sub0	0	1	0	1	0	0	0	1
11439_sub1	0	1	1	0	0	0	1	0
11439_sub2	0	1	1	0	0	0	1	0
11439_sub3	0	1	0	1	0	0	0	1
11439_sub4	0	1	1	0	0	0	1	0
11439_sub5	0	1	0	1	0	0	0	1
11439_sub6	0	1	1	0	0	0	1	0
11439_sub7	0	1	1	0	0	0	1	0
11439_sub8	0	1	0	1	0	0	0	1
11443_sub0	0	1	0	1	0	0	0	1
11443_sub1	0	1	0	1	0	0	0	1
11443_sub2	0	1	0	1	0	0	0	1
11443_sub3	0	1	0	1	0	0	0	1
11443_sub4	0	1	0	1	0	0	0	1
11443_sub5	0	1	1	0	0	0	1	0
11443_sub6	0	1	1	0	0	0	1	0
11443_sub7	0	1	1	0	0	0	1	0
11448_sub0	1	9	2	7	2	7	0	0
11451_sub0	0	1	0	1	0	0	0	1
11451_sub1	0	1	0	1	0	0	0	1
11451_sub2	0	1	0	1	0	0	0	1
11451_sub3	0	1	1	0	0	0	1	0
11451_sub4	0	1	0	1	0	0	0	1
11451_sub5	0	1	1	0	0	0	1	0
11456_sub0	0	1	0	1	0	0	0	1
11456_sub1	0	5	3	2	0	0	3	2
11456_sub2	0	1	0	1	0	0	0	1
11456_sub3	0	1	0	1	0	0	0	1
11461_sub0	1	19	11	8	11	8	0	0
11461_sub1	0	1	0	1	0	0	0	1
11461_sub2	0	1	0	1	0	0	0	1
11475_sub0	1	12	4	8	4	8	0	0
11475_sub1	0	1	1	0	0	0	1	0
11475_sub2	0	1	1	0	0	0	1	0
11475_sub3	0	1	0	1	0	0	0	1
11483_sub0	1	16	9	7	9	7	0	0
11483_sub1	0	1	0	1	0	0	0	1
11483_sub2	0	1	1	0	0	0	1	0
11483_sub3	0	1	1	0	0	0	1	0
11485_sub0	1	7	5	2	5	2	0	0
11485_sub1	0	1	0	1	0	0	0	1
11485_sub2	0	1	0	1	0	0	0	1
11488_sub0	0	1	0	1	0	0	0	1
11488_sub1	0	1	1	0	0	0	1	0
11488_sub2	0	1	0	1	0	0	0	1
11488_sub3	0	1	1	0	0	0	1	0
11488_sub4	0	1	0	1	0	0	0	1
11488_sub5	0	1	0	1	0	0	0	1
11488_sub6	0	1	1	0	0	0	1	0
1149_sub0	0	1	0	1	0	0	0	1
1149_sub1	0	1	1	0	0	0	1	0
1149_sub2	1	7	4	3	4	3	0	0
1149_sub3	0	1	1	0	0	0	1	0
1149_sub4	0	1	0	1	0	0	0	1
1149_sub5	0	1	1	0	0	0	1	0
11496_sub0	1	14	6	8	6	8	0	0
11496_sub1	0	1	0	1	0	0	0	1
11496_sub2	0	1	1	0	0	0	1	0
11496_sub3	0	1	0	1	0	0	0	1
11497_sub0	0	1	0	1	0	0	0	1
11497_sub1	0	1	0	1	0	0	0	1
11497_sub2	0	1	1	0	0	0	1	0
11497_sub3	0	1	0	1	0	0	0	1
11497_sub4	0	1	1	0	0	0	1	0
11497_sub5	0	1	1	0	0	0	1	0
11497_sub6	0	1	1	0	0	0	1	0
11497_sub7	0	1	1	0	0	0	1	0
11497_sub8	0	1	0	1	0	0	0	1
1150_sub0	1	11	3	8	3	8	0	0
1150_sub1	0	1	0	1	0	0	0	1
1150_sub2	0	1	0	1	0	0	0	1
1150_sub3	0	1	1	0	0	0	1	0
1150_sub4	0	1	1	0	0	0	1	0
1150_sub5	0	1	1	0	0	0	1	0
1150_sub6	0	1	1	0	0	0	1	0
1150_sub7	0	1	0	1	0	0	0	1
1150_sub8	0	1	1	0	0	0	1	0
11501_sub0	0	1	1	0	0	0	1	0
11501_sub1	0	1	1	0	0	0	1	0
11501_sub2	0	1	0	1	0	0	0	1
11501_sub3	0	1	1	0	0	0	1	0
11501_sub4	0	1	1	0	0	0	1	0
11501_sub5	0	1	1	0	0	0	1	0
11501_sub6	0	1	0	1	0	0	0	1
11501_sub7	0	1	1	0	0	0	1	0
11505_sub0	0	1	0	1	0	0	0	1
11505_sub1	0	1	0	1	0	0	0	1
11505_sub2	0	1	0	1	0	0	0	1
11505_sub3	0	1	1	0	0	0	1	0
11505_sub4	0	1	0	1	0	0	0	1
11505_sub5	0	1	1	0	0	0	1	0
11505_sub6	0	1	1	0	0	0	1	0
11505_sub7	0	1	0	1	0	0	0	1
11505_sub8	0	1	1	0	0	0	1	0
11505_sub9	0	1	1	0	0	0	1	0
11505_sub10	0	1	1	0	0	0	1	0
11508_sub0	0	1	1	0	0	0	1	0
11508_sub1	0	1	0	1	0	0	0	1
11508_sub2	0	1	0	1	0	0	0	1
11508_sub3	0	1	1	0	0	0	1	0
11508_sub4	0	1	0	1	0	0	0	1
11508_sub5	0	1	0	1	0	0	0	1
1151_sub0	0	1	1	0	0	0	1	0
1151_sub1	0	5	3	2	0	0	3	2
1151_sub2	0	1	0	1	0	0	0	1
1151_sub3	0	1	0	1	0	0	0	1
1151_sub4	0	1	0	1	0	0	0	1
11514_sub0	0	1	1	0	0	0	1	0
11514_sub1	0	1	1	0	0	0	1	0
11514_sub2	0	1	1	0	0	0	1	0
11514_sub3	0	1	1	0	0	0	1	0
11514_sub4	0	1	0	1	0	0	0	1
11514_sub5	0	1	0	1	0	0	0	1
11515_sub0	0	1	0	1	0	0	0	1
11515_sub1	0	1	0	1	0	0	0	1
11515_sub2	0	1	0	1	0	0	0	1
11515_sub3	0	1	1	0	0	0	1	0
11515_sub4	0	2	1	1	0	0	1	1
11516_sub0	0	1	0	1	0	0	0	1
11516_sub1	0	1	1	0	0	0	1	0
11516_sub2	0	1	1	0	0	0	1	0
11516_sub3	0	1	1	0	0	0	1	0
11516_sub4	0	1	0	1	0	0	0	1
11516_sub5	0	1	1	0	0	0	1	0
11517_sub0	0	1	0	1	0	0	0	1
11517_sub1	0	1	1	0	0	0	1	0
11517_sub2	0	1	1	0	0	0	1	0
11517_sub3	0	1	1	0	0	0	1	0
11517_sub4	0	1	1	0	0	0	1	0
11517_sub5	0	1	0	1	0	0	0	1
11517_sub6	0	1	1	0	0	0	1	0
11518_sub0	0	1	0	1	0	0	0	1
11518_sub1	1	6	2	4	2	4	0	0
11518_sub2	0	1	0	1	0	0	0	1
11518_sub3	0	1	0	1	0	0	0	1
11523_sub0	0	1	0	1	0	0	0	1
11523_sub1	1	24	14	10	10	10	4	0
11523_sub2	0	1	1	0	0	0	1	0
11523_sub3	0	1	1	0	0	0	1	0
11529_sub0	1	6	5	1	5	1	0	0
11529_sub1	0	1	0	1	0	0	0	1
11529_sub2	0	1	1	0	0	0	1	0
11529_sub3	0	1	0	1	0	0	0	1
11529_sub4	0	1	1	0	0	0	1	0
11537_sub0	0	1	0	1	0	0	0	1
11537_sub1	1	9	7	2	7	2	0	0
11537_sub2	0	1	0	1	0	0	0	1
11539_sub0	0	1	0	1	0	0	0	1
11539_sub1	0	1	1	0	0	0	1	0
11539_sub2	0	1	1	0	0	0	1	0
11539_sub3	0	1	0	1	0	0	0	1
11539_sub4	0	1	1	0	0	0	1	0
11539_sub5	0	1	0	1	0	0	0	1
11539_sub6	0	1	0	1	0	0	0	1
11540_sub0	0	1	1	0	0	0	1	0
11540_sub1	0	1	0	1	0	0	0	1
11540_sub2	0	1	1	0	0	0	1	0
11540_sub3	0	1	0	1	0	0	0	1
11540_sub4	0	1	0	1	0	0	0	1
11540_sub5	0	1	1	0	0	0	1	0
11543_sub0	1	10	8	2	8	2	0	0
11543_sub1	0	1	1	0	0	0	1	0
11543_sub2	0	1	0	1	0	0	0	1
11543_sub3	0	1	0	1	0	0	0	1
11548_sub0	0	1	1	0	0	0	1	0
11548_sub1	0	1	1	0	0	0	1	0
11548_sub2	0	1	0	1	0	0	0	1
11548_sub3	0	1	0	1	0	0	0	1
11548_sub4	0	1	0	1	0	0	0	1
11548_sub5	0	1	1	0	0	0	1	0
11548_sub6	0	1	1	0	0	0	1	0
11549_sub0	0	1	0	1	0	0	0	1
11549_sub1	0	1	1	0	0	0	1	0
11549_sub2	0	1	1	0	0	0	1	0
11549_sub3	0	1	1	0	0	0	1	0
11549_sub4	0	1	0	1	0	0	0	1
11549_sub5	0	1	0	1	0	0	0	1
11549_sub6	0	1	0	1	0	0	0	1
11549_sub7	0	1	1	0	0	0	1	0
11549_sub8	0	1	0	1	0	0	0	1
11550_sub0	0	1	0	1	0	0	0	1
11550_sub1	0	1	1	0	0	0	1	0
11550_sub2	0	1	1	0	0	0	1	0
11550_sub3	0	1	0	1	0	0	0	1
11550_sub4	0	1	1	0	0	0	1	0
11550_sub5	0	1	0	1	0	0	0	1
11550_sub6	0	1	1	0	0	0	1	0
11550_sub7	0	1	0	1	0	0	0	1
11550_sub8	0	1	1	0	0	0	1	0
11550_sub9	0	1	1	0	0	0	1	0
11556_sub0	0	1	1	0	0	0	1	0
11556_sub1	0	1	0	1	0	0	0	1
11556_sub2	0	1	0	1	0	0	0	1
11556_sub3	0	2	1	1	0	0	1	1
11556_sub4	0	1	1	0	0	0	1	0
11558_sub0	0	1	1	0	0	0	1	0
11558_sub1	0	1	0	1	0	0	0	1
11558_sub2	0	1	1	0	0	0	1	0
11558_sub3	0	1	0	1	0	0	0	1
11558_sub4	0	1	1	0	0	0	1	0
11558_sub5	0	1	0	1	0	0	0	1
11563_sub0	1	6	4	2	4	2	0	0
11563_sub1	0	1	0	1	0	0	0	1
11563_sub2	0	1	0	1	0	0	0	1
11563_sub3	0	1	0	1	0	0	0	1
11563_sub4	0	1	1	0	0	0	1	0
11564_sub0	0	1	0	1	0	0	0	1
11564_sub1	0	1	0	1	0	0	0	1
11564_sub2	0	1	0	1	0	0	0	1
11564_sub3	0	1	1	0	0	0	1	0
11564_sub4	0	1	1	0	0	0	1	0
11564_sub5	0	1	1	0	0	0	1	0
11565_sub0	0	1	1	0	0	0	1	0
11565_sub1	0	1	0	1	0	0	0	1
11565_sub2	0	1	1	0	0	0	1	0
11565_sub3	0	1	1	0	0	0	1	0
11565_sub4	0	1	0	1	0	0	0	1
11565_sub5	0	1	0	1	0	0	0	1
11565_sub6	0	1	1	0	0	0	1	0
11569_sub0	0	1	0	1	0	0	0	1
11569_sub1	0	1	1	0	0	0	1	0
11569_sub2	0	1	0	1	0	0	0	1
11569_sub3	0	1	1	0	0	0	1	0
11569_sub4	0	1	0	1	0	0	0	1
11569_sub5	0	1	0	1	0	0	0	1
11569_sub6	0	1	0	1	0	0	0	1
11569_sub7	0	1	1	0	0	0	1	0
11569_sub8	0	1	1	0	0	0	1	0
11569_sub9	0	1	1	0	0	0	1	0
1157_sub0	0	1	0	1	0	0	0	1
1157_sub1	0	1	1	0	0	0	1	0
1157_sub2	0	1	0	1	0	0	0	1
1157_sub3	0	1	0	1	0	0	0	1
1157_sub4	0	1	1	0	0	0	1	0
1157_sub5	0	1	1	0	0	0	1	0
11576_sub0	1	7	4	3	4	3	0	0
11579_sub0	1	9	7	2	7	2	0	0
11586_sub0	0	1	0	1	0	0	0	1
11586_sub1	0	1	0	1	0	0	0	1
11586_sub2	0	1	0	1	0	0	0	1
11586_sub3	0	1	1	0	0	0	1	0
11586_sub4	0	1	0	1	0	0	0	1
11586_sub5	0	1	1	0	0	0	1	0
11586_sub6	0	1	1	0	0	0	1	0
11586_sub7	0	1	1	0	0	0	1	0
11586_sub8	0	1	0	1	0	0	0	1
11587_sub0	0	1	0	1	0	0	0	1
11587_sub1	0	1	0	1	0	0	0	1
11587_sub2	0	1	1	0	0	0	1	0
11587_sub3	0	1	0	1	0	0	0	1
11587_sub4	0	1	0	1	0	0	0	1
11587_sub5	0	1	1	0	0	0	1	0
1159_sub0	0	1	0	1	0	0	0	1
1159_sub1	0	1	0	1	0	0	0	1
1159_sub2	0	1	0	1	0	0	0	1
1159_sub3	0	1	1	0	0	0	1	0
1159_sub4	0	1	1	0	0	0	1	0
1159_sub5	0	1	0	1	0	0	0	1
11590_sub0	0	1	1	0	0	0	1	0
11590_sub1	0	1	1	0	0	0	1	0
11590_sub2	0	1	0	1	0	0	0	1
11590_sub3	0	1	0	1	0	0	0	1
11590_sub4	0	1	1	0	0	0	1	0
11590_sub5	0	1	1	0	0	0	1	0
11590_sub6	0	1	1	0	0	0	1	0
11592_sub0	0	1	1	0	0	0	1	0
11592_sub1	0	1	0	1	0	0	0	1
11592_sub2	0	1	1	0	0	0	1	0
11592_sub3	0	1	1	0	0	0	1	0
11592_sub4	0	1	1	0	0	0	1	0
11592_sub5	0	1	1	0	0	0	1	0
11592_sub6	0	1	0	1	0	0	0	1
11599_sub0	0	1	0	1	0	0	0	1
11599_sub1	0	1	0	1	0	0	0	1
11599_sub2	0	1	1	0	0	0	1	0
11599_sub3	0	1	0	1	0	0	0	1
11599_sub4	0	1	0	1	0	0	0	1
11599_sub5	0	1	1	0	0	0	1	0
11599_sub6	0	1	0	1	0	0	0	1
11599_sub7	0	1	1	0	0	0	1	0
11599_sub8	0	1	0	1	0	0	0	1
11600_sub0	0	1	0	1	0	0	0	1
11600_sub1	0	1	1	0	0	0	1	0
11600_sub2	0	1	1	0	0	0	1	0
11600_sub3	0	1	0	1	0	0	0	1
11600_sub4	0	1	1	0	0	0	1	0
11600_sub5	0	1	1	0	0	0	1	0
11600_sub6	0	1	0	1	0	0	0	1
11600_sub7	0	1	0	1	0	0	0	1
11600_sub8	0	1	1	0	0	0	1	0
11600_sub9	0	1	1	0	0	0	1	0
11600_sub10	0	1	1	0	0	0	1	0
11606_sub0	0	1	0	1	0	0	0	1
11606_sub1	0	1	1	0	0	0	1	0
11606_sub2	0	1	1	0	0	0	1	0
11606_sub3	0	1	1	0	0	0	1	0
11606_sub4	0	1	0	1	0	0	0	1
11606_sub5	0	1	1	0	0	0	1	0
11606_sub6	0	1	1	0	0	0	1	0
11609_sub0	1	15	10	5	10	5	0	0
11609_sub1	0	1	0	1	0	0	0	1
11609_sub2	0	1	1	0	0	0	1	0
11609_sub3	0	1	1	0	0	0	1	0
11609_sub4	0	1	0	1	0	0	0	1
11609_sub5	0	1	1	0	0	0	1	0
11613_sub0	0	1	1	0	0	0	1	0
11613_sub1	0	1	1	0	0	0	1	0
11613_sub2	0	1	1	0	0	0	1	0
11613_sub3	0	1	0	1	0	0	0	1
11613_sub4	0	1	1	0	0	0	1	0
11613_sub5	0	1	1	0	0	0	1	0
11613_sub6	0	1	1	0	0	0	1	0
11613_sub7	0	1	0	1	0	0	0	1
1162_sub0	0	1	1	0	0	0	1	0
1162_sub1	0	1	1	0	0	0	1	0
1162_sub2	0	5	3	2	0	0	3	2
11620_sub0	1	28	11	17	10	10	1	7
11620_sub1	0	1	1	0	0	0	1	0
11620_sub2	0	1	1	0	0	0	1	0
11620_sub3	0	1	0	1	0	0	0	1
11620_sub4	0	1	1	0	0	0	1	0
11620_sub5	0	1	0	1	0	0	0	1
11624_sub0	0	1	0	1	0	0	0	1
11624_sub1	0	1	0	1	0	0	0	1
11624_sub2	0	1	1	0	0	0	1	0
11624_sub3	0	1	0	1	0	0	0	1
11624_sub4	0	1	0	1	0	0	0	1
11624_sub5	0	1	0	1	0	0	0	1
11627_sub0	0	1	1	0	0	0	1	0
11627_sub1	0	1	1	0	0	0	1	0
11627_sub2	0	1	0	1	0	0	0	1
11627_sub3	0	2	1	1	0	0	1	1
11627_sub4	0	1	1	0	0	0	1	0
11631_sub0	1	17	13	4	13	4	0	0
11631_sub1	0	1	1	0	0	0	1	0
11631_sub2	0	1	0	1	0	0	0	1
11631_sub3	0	1	0	1	0	0	0	1
11634_sub0	0	5	3	2	0	0	3	2
11634_sub1	0	1	1	0	0	0	1	0
11634_sub2	0	1	1	0	0	0	1	0
11634_sub3	0	1	1	0	0	0	1	0
11639_sub0	0	1	1	0	0	0	1	0
11639_sub1	0	1	1	0	0	0	1	0
11639_sub2	0	1	0	1	0	0	0	1
11639_sub3	0	1	0	1	0	0	0	1
11639_sub4	0	1	0	1	0	0	0	1
11639_sub5	0	1	0	1	0	0	0	1
11639_sub6	0	1	0	1	0	0	0	1
11643_sub0	1	8	3	5	3	5	0	0
11643_sub1	0	1	1	0	0	0	1	0
11646_sub0	0	1	0	1	0	0	0	1
11646_sub1	0	1	1	0	0	0	1	0
11646_sub2	0	1	0	1	0	0	0	1
11646_sub3	0	1	1	0	0	0	1	0
11646_sub4	0	1	0	1	0	0	0	1
11646_sub5	0	1	1	0	0	0	1	0
11647_sub0	0	1	0	1	0	0	0	1
11647_sub1	0	2	0	2	0	0	0	2
11647_sub2	0	1	1	0	0	0	1	0
11647_sub3	0	1	0	1	0	0	0	1
11647_sub4	0	1	1	0	0	0	1	0
11647_sub5	0	1	1	0	0	0	1	0
1165_sub0	0	1	0	1	0	0	0	1
1165_sub1	0	1	0	1	0	0	0	1
1165_sub2	1	16	9	7	9	7	0	0
1165_sub3	0	1	1	0	0	0	1	0
1165_sub4	0	1	0	1	0	0	0	1
1165_sub5	0	1	1	0	0	0	1	0
1165_sub6	0	1	0	1	0	0	0	1
11656_sub0	0	1	0	1	0	0	0	1
11656_sub1	0	1	1	0	0	0	1	0
11656_sub2	0	1	1	0	0	0	1	0
11656_sub3	0	1	0	1	0	0	0	1
11656_sub4	0	1	1	0	0	0	1	0
11656_sub5	0	1	1	0	0	0	1	0
11656_sub6	0	1	0	1	0	0	0	1
11656_sub7	0	1	0	1	0	0	0	1
11656_sub8	0	1	0	1	0	0	0	1
11657_sub0	0	1	0	1	0	0	0	1
11657_sub1	0	1	0	1	0	0	0	1
11657_sub2	0	1	1	0	0	0	1	0
11657_sub3	0	1	1	0	0	0	1	0
11657_sub4	0	1	0	1	0	0	0	1
11657_sub5	0	1	0	1	0	0	0	1
1166_sub0	0	1	1	0	0	0	1	0
1166_sub1	0	1	0	1	0	0	0	1
1166_sub2	0	1	0	1	0	0	0	1
1166_sub3	1	15	11	4	11	4	0	0
1166_sub4	0	1	0	1	0	0	0	1
1166_sub5	0	1	0	1	0	0	0	1
11662_sub0	0	1	1	0	0	0	1	0
11662_sub1	0	2	2	0	0	0	2	0
11662_sub2	0	1	1	0	0	0	1	0
11662_sub3	0	1	0	1	0	0	0	1
11662_sub4	0	1	0	1	0	0	0	1
11664_sub0	0	1	1	0	0	0	1	0
11664_sub1	0	1	0	1	0	0	0	1
11664_sub2	0	1	1	0	0	0	1	0
11664_sub3	0	1	1	0	0	0	1	0
11664_sub4	0	1	0	1	0	0	0	1
11664_sub5	0	1	0	1	0	0	0	1
11665_sub0	0	1	1	0	0	0	1	0
11665_sub1	0	1	0	1	0	0	0	1
11665_sub2	0	1	1	0	0	0	1	0
11665_sub3	0	1	1	0	0	0	1	0
11665_sub4	0	1	0	1	0	0	0	1
11665_sub5	0	1	1	0	0	0	1	0
11672_sub0	0	1	0	1	0	0	0	1
11672_sub1	0	1	0	1	0	0	0	1
11672_sub2	0	1	1	0	0	0	1	0
11672_sub3	0	1	0	1	0	0	0	1
11672_sub4	0	1	0	1	0	0	0	1
11672_sub5	0	1	0	1	0	0	0	1
11672_sub6	0	1	1	0	0	0	1	0
11674_sub0	0	1	0	1	0	0	0	1
11674_sub1	0	1	1	0	0	0	1	0
11674_sub2	0	1	1	0	0	0	1	0
11674_sub3	0	1	1	0	0	0	1	0
11674_sub4	0	1	1	0	0	0	1	0
11674_sub5	0	1	1	0	0	0	1	0
11676_sub0	0	1	0	1	0	0	0	1
11676_sub1	0	3	3	0	0	0	3	0
11676_sub2	0	1	0	1	0	0	0	1
11676_sub3	0	1	0	1	0	0	0	1
11676_sub4	0	1	0	1	0	0	0	1
11687_sub0	0	1	1	0	0	0	1	0
11687_sub1	0	1	1	0	0	0	1	0
11687_sub2	0	1	0	1	0	0	0	1
11687_sub3	0	1	0	1	0	0	0	1
11687_sub4	0	1	1	0	0	0	1	0
11687_sub5	0	1	0	1	0	0	0	1
11689_sub0	0	1	1	0	0	0	1	0
11689_sub1	0	1	1	0	0	0	1	0
11689_sub2	0	1	0	1	0	0	0	1
11689_sub3	0	1	0	1	0	0	0	1
11689_sub4	0	1	0	1	0	0	0	1
11689_sub5	0	1	1	0	0	0	1	0
11689_sub6	0	1	0	1	0	0	0	1
11689_sub7	0	1	0	1	0	0	0	1
1169_sub0	0	1	1	0	0	0	1	0
1169_sub1	1	13	3	10	3	10	0	0
1169_sub2	0	1	1	0	0	0	1	0
1169_sub3	0	1	0	1	0	0	0	1
1169_sub4	0	1	0	1	0	0	0	1
11695_sub0	0	1	1	0	0	0	1	0
11695_sub1	0	1	1	0	0	0	1	0
11695_sub2	0	1	0	1	0	0	0	1
11695_sub3	0	1	1	0	0	0	1	0
11695_sub4	0	1	0	1	0	0	0	1
11695_sub5	0	1	0	1	0	0	0	1
11695_sub6	0	1	1	0	0	0	1	0
11696_sub0	1	16	8	8	8	8	0	0
11696_sub1	0	1	1	0	0	0	1	0
11696_sub2	0	1	0	1	0	0	0	1
11696_sub3	0	1	0	1	0	0	0	1
11696_sub4	0	1	1	0	0	0	1	0
11696_sub5	0	1	0	1	0	0	0	1
11696_sub6	0	1	0	1	0	0	0	1
11699_sub0	0	1	0	1	0	0	0	1
11699_sub1	0	1	0	1	0	0	0	1
11699_sub2	0	1	0	1	0	0	0	1
11699_sub3	0	1	1	0	0	0	1	0
11699_sub4	0	1	0	1	0	0	0	1
11699_sub5	0	1	1	0	0	0	1	0
11699_sub6	0	1	1	0	0	0	1	0
11701_sub0	0	1	0	1	0	0	0	1
11701_sub1	0	1	1	0	0	0	1	0
11701_sub2	0	1	0	1	0	0	0	1
11701_sub3	0	1	1	0	0	0	1	0
11701_sub4	0	1	0	1	0	0	0	1
11701_sub5	0	1	1	0	0	0	1	0
11701_sub6	0	1	1	0	0	0	1	0
11701_sub7	0	1	0	1	0	0	0	1
11705_sub0	0	1	1	0	0	0	1	0
11705_sub1	0	1	0	1	0	0	0	1
11705_sub2	0	1	1	0	0	0	1	0
11705_sub3	0	1	0	1	0	0	0	1
11705_sub4	0	1	0	1	0	0	0	1
11705_sub5	0	1	0	1	0	0	0	1
11708_sub0	1	10	0	10	0	10	0	0
11708_sub1	0	1	0	1	0	0	0	1
11708_sub2	0	1	1	0	0	0	1	0
1172_sub0	0	1	1	0	0	0	1	0
1172_sub1	0	1	1	0	0	0	1	0
1172_sub2	1	32	18	14	10	10	8	4
1172_sub3	0	1	1	0	0	0	1	0
1172_sub4	0	1	0	1	0	0	0	1
1172_sub5	0	1	0	1	0	0	0	1
1172_sub6	0	1	0	1	0	0	0	1
11731_sub0	0	1	1	0	0	0	1	0
11731_sub1	0	1	1	0	0	0	1	0
11731_sub2	0	1	1	0	0	0	1	0
11731_sub3	0	1	1	0	0	0	1	0
11731_sub4	0	1	0	1	0	0	0	1
11731_sub5	0	1	0	1	0	0	0	1
11731_sub6	0	1	1	0	0	0	1	0
11731_sub7	0	1	0	1	0	0	0	1
11731_sub8	0	1	0	1	0	0	0	1
11731_sub9	0	1	1	0	0	0	1	0
11737_sub0	0	1	0	1	0	0	0	1
11737_sub1	0	1	1	0	0	0	1	0
11737_sub2	0	1	0	1	0	0	0	1
11737_sub3	0	1	0	1	0	0	0	1
11737_sub4	0	1	0	1	0	0	0	1
11737_sub5	0	1	1	0	0	0	1	0
11737_sub6	0	1	1	0	0	0	1	0
11737_sub7	0	1	1	0	0	0	1	0
11738_sub0	0	1	1	0	0	0	1	0
11738_sub1	0	1	0	1	0	0	0	1
11738_sub2	1	11	5	6	5	6	0	0
11741_sub0	0	1	1	0	0	0	1	0
11741_sub1	0	1	0	1	0	0	0	1
11741_sub2	0	1	1	0	0	0	1	0
11741_sub3	0	1	0	1	0	0	0	1
11741_sub4	0	1	0	1	0	0	0	1
11741_sub5	0	1	1	0	0	0	1	0
11741_sub6	0	1	1	0	0	0	1	0
11741_sub7	0	1	1	0	0	0	1	0
11741_sub8	0	1	0	1	0	0	0	1
11741_sub9	0	1	0	1	0	0	0	1
11741_sub10	0	1	0	1	0	0	0	1
11742_sub0	0	1	0	1	0	0	0	1
11742_sub1	0	1	0	1	0	0	0	1
11742_sub2	1	7	6	1	6	1	0	0
11742_sub3	0	1	0	1	0	0	0	1
11742_sub4	0	1	0	1	0	0	0	1
11742_sub5	0	1	0	1	0	0	0	1
11742_sub6	0	1	0	1	0	0	0	1
11742_sub7	0	1	1	0	0	0	1	0
11743_sub0	0	1	0	1	0	0	0	1
11743_sub1	0	1	1	0	0	0	1	0
11743_sub2	0	1	0	1	0	0	0	1
11743_sub3	0	1	1	0	0	0	1	0
11743_sub4	0	1	1	0	0	0	1	0
11743_sub5	0	1	1	0	0	0	1	0
11745_sub0	0	1	1	0	0	0	1	0
11745_sub1	0	1	0	1	0	0	0	1
11745_sub2	0	1	0	1	0	0	0	1
11745_sub3	0	1	1	0	0	0	1	0
11745_sub4	0	1	0	1	0	0	0	1
11745_sub5	0	1	1	0	0	0	1	0
11745_sub6	0	1	0	1	0	0	0	1
11746_sub0	0	1	0	1	0	0	0	1
11746_sub1	0	1	0	1	0	0	0	1
11746_sub2	0	1	0	1	0	0	0	1
11746_sub3	0	1	1	0	0	0	1	0
11746_sub4	0	1	1	0	0	0	1	0
11746_sub5	0	1	1	0	0	0	1	0
11750_sub0	0	1	1	0	0	0	1	0
11750_sub1	0	1	0	1	0	0	0	1
11750_sub2	0	1	0	1	0	0	0	1
11750_sub3	0	1	1	0	0	0	1	0
11750_sub4	0	1	0	1	0	0	0	1
11750_sub5	0	1	0	1	0	0	0	1
11752_sub0	0	1	0	1	0	0	0	1
11752_sub1	0	1	0	1	0	0	0	1
11752_sub2	0	1	0	1	0	0	0	1
11752_sub3	0	1	1	0	0	0	1	0
11752_sub4	0	1	0	1	0	0	0	1
11752_sub5	0	1	1	0	0	0	1	0
11752_sub6	0	1	1	0	0	0	1	0
11755_sub0	0	1	1	0	0	0	1	0
11755_sub1	0	1	1	0	0	0	1	0
11755_sub2	0	1	1	0	0	0	1	0
11755_sub3	0	1	1	0	0	0	1	0
11755_sub4	0	1	1	0	0	0	1	0
11755_sub5	0	1	1	0	0	0	1	0
11756_sub0	1	11	6	5	6	5	0	0
11756_sub1	0	1	1	0	0	0	1	0
11756_sub2	0	1	1	0	0	0	1	0
11756_sub3	0	1	1	0	0	0	1	0
11756_sub4	0	1	0	1	0	0	0	1
11764_sub0	0	1	1	0	0	0	1	0
11764_sub1	0	1	0	1	0	0	0	1
11764_sub2	0	1	1	0	0	0	1	0
11764_sub3	0	1	0	1	0	0	0	1
11764_sub4	0	1	1	0	0	0	1	0
11764_sub5	0	1	0	1	0	0	0	1
11771_sub0	1	6	2	4	2	4	0	0
11771_sub1	0	1	0	1	0	0	0	1
11771_sub2	0	1	1	0	0	0	1	0
11777_sub0	1	18	10	8	10	8	0	0
11777_sub1	0	1	0	1	0	0	0	1
11777_sub2	0	1	1	0	0	0	1	0
11777_sub3	0	1	1	0	0	0	1	0
11779_sub0	0	1	0	1	0	0	0	1
11779_sub1	0	1	1	0	0	0	1	0
11779_sub2	0	1	0	1	0	0	0	1
11779_sub3	0	1	1	0	0	0	1	0
11779_sub4	0	1	1	0	0	0	1	0
11779_sub5	0	1	0	1	0	0	0	1
1178_sub0	0	1	0	1	0	0	0	1
1178_sub1	0	1	1	0	0	0	1	0
1178_sub2	0	3	2	1	0	0	2	1
1178_sub3	0	1	0	1	0	0	0	1
11783_sub0	0	1	0	1	0	0	0	1
11783_sub1	0	1	0	1	0	0	0	1
11783_sub2	0	1	0	1	0	0	0	1
11783_sub3	0	1	0	1	0	0	0	1
11783_sub4	0	1	0	1	0	0	0	1
11783_sub5	0	1	0	1	0	0	0	1
11787_sub0	0	1	1	0	0	0	1	0
11787_sub1	0	1	1	0	0	0	1	0
11787_sub2	0	1	1	0	0	0	1	0
11787_sub3	0	1	1	0	0	0	1	0
11787_sub4	0	1	1	0	0	0	1	0
11787_sub5	0	1	0	1	0	0	0	1
11787_sub6	0	1	0	1	0	0	0	1
1179_sub0	0	1	1	0	0	0	1	0
1179_sub1	0	1	1	0	0	0	1	0
1179_sub2	0	1	1	0	0	0	1	0
1179_sub3	1	15	6	9	6	9	0	0
1179_sub4	0	1	1	0	0	0	1	0
118_sub0	0	1	1	0	0	0	1	0
118_sub1	0	1	1	0	0	0	1	0
118_sub2	0	1	1	0	0	0	1	0
118_sub3	0	1	1	0	0	0	1	0
118_sub4	0	1	0	1	0	0	0	1
118_sub5	0	1	1	0	0	0	1	0
118_sub6	0	1	0	1	0	0	0	1
1180_sub0	0	1	0	1	0	0	0	1
1180_sub1	0	1	1	0	0	0	1	0
1180_sub2	1	20	12	8	12	8	0	0
1180_sub3	0	1	0	1	0	0	0	1
1180_sub4	0	1	0	1	0	0	0	1
11802_sub0	0	4	2	2	0	0	2	2
11802_sub1	0	1	1	0	0	0	1	0
11802_sub2	0	1	0	1	0	0	0	1
1181_sub0	0	1	1	0	0	0	1	0
1181_sub1	0	1	1	0	0	0	1	0
1181_sub2	0	1	1	0	0	0	1	0
1181_sub3	0	1	0	1	0	0	0	1
1181_sub4	0	3	0	3	0	0	0	3
1181_sub5	0	1	0	1	0	0	0	1
1181_sub6	0	1	1	0	0	0	1	0
1181_sub7	0	2	0	2	0	0	0	2
1181_sub8	0	1	1	0	0	0	1	0
1181_sub9	0	1	0	1	0	0	0	1
1181_sub10	0	1	1	0	0	0	1	0
11810_sub0	0	2	1	1	0	0	1	1
11810_sub1	0	1	1	0	0	0	1	0
11810_sub2	0	1	0	1	0	0	0	1
11810_sub3	0	1	1	0	0	0	1	0
11810_sub4	0	1	0	1	0	0	0	1
11810_sub5	0	1	1	0	0	0	1	0
11811_sub0	0	1	0	1	0	0	0	1
11811_sub1	0	1	0	1	0	0	0	1
11811_sub2	0	1	0	1	0	0	0	1
11811_sub3	0	1	0	1	0	0	0	1
11811_sub4	0	1	0	1	0	0	0	1
11811_sub5	0	1	0	1	0	0	0	1
11811_sub6	0	1	1	0	0	0	1	0
11811_sub7	0	1	1	0	0	0	1	0
11822_sub0	0	1	1	0	0	0	1	0
11822_sub1	0	1	1	0	0	0	1	0
11822_sub2	0	1	0	1	0	0	0	1
11822_sub3	0	1	1	0	0	0	1	0
11822_sub4	0	1	1	0	0	0	1	0
11822_sub5	0	1	1	0	0	0	1	0
11822_sub6	0	1	0	1	0	0	0	1
11822_sub7	0	1	1	0	0	0	1	0
11822_sub8	0	1	0	1	0	0	0	1
1183_sub0	0	1	1	0	0	0	1	0
1183_sub1	1	8	3	5	3	5	0	0
1183_sub2	0	1	1	0	0	0	1	0
11831_sub0	0	1	1	0	0	0	1	0
11831_sub1	0	1	0	1	0	0	0	1
11831_sub2	0	1	0	1	0	0	0	1
11831_sub3	0	1	0	1	0	0	0	1
11831_sub4	0	1	0	1	0	0	0	1
11831_sub5	0	1	0	1	0	0	0	1
11831_sub6	0	1	1	0	0	0	1	0
11831_sub7	0	1	0	1	0	0	0	1
11831_sub8	0	1	1	0	0	0	1	0
1184_sub0	0	1	0	1	0	0	0	1
1184_sub1	0	1	1	0	0	0	1	0
1184_sub2	1	22	12	10	10	10	2	0
1184_sub3	0	1	1	0	0	0	1	0
1184_sub4	0	1	0	1	0	0	0	1
1184_sub5	0	1	1	0	0	0	1	0
11842_sub0	0	1	1	0	0	0	1	0
11842_sub1	0	1	0	1	0	0	0	1
11842_sub2	0	1	0	1	0	0	0	1
11842_sub3	0	1	0	1	0	0	0	1
11842_sub4	0	1	1	0	0	0	1	0
11842_sub5	0	1	1	0	0	0	1	0
11842_sub6	0	1	0	1	0	0	0	1
11842_sub7	0	1	1	0	0	0	1	0
11844_sub0	0	1	0	1	0	0	0	1
11844_sub1	0	1	0	1	0	0	0	1
11844_sub2	0	1	1	0	0	0	1	0
11844_sub3	0	1	1	0	0	0	1	0
11844_sub4	0	1	1	0	0	0	1	0
11844_sub5	0	1	1	0	0	0	1	0
11856_sub0	0	2	1	1	0	0	1	1
11856_sub1	0	1	1	0	0	0	1	0
11856_sub2	0	1	0	1	0	0	0	1
11856_sub3	0	1	1	0	0	0	1	0
11856_sub4	0	1	0	1	0	0	0	1
11856_sub5	0	1	0	1	0	0	0	1
11856_sub6	0	1	1	0	0	0	1	0
11856_sub7	0	1	1	0	0	0	1	0
11861_sub0	0	1	0	1	0	0	0	1
11861_sub1	1	8	5	3	5	3	0	0
11863_sub0	1	20	9	11	9	11	0	0
11863_sub1	0	1	1	0	0	0	1	0
11863_sub2	0	1	0	1	0	0	0	1
11863_sub3	0	1	1	0	0	0	1	0
11863_sub4	0	1	0	1	0	0	0	1
11863_sub5	0	1	1	0	0	0	1	0
11863_sub6	0	1	1	0	0	0	1	0
11864_sub0	0	1	1	0	0	0	1	0
11864_sub1	0	1	0	1	0	0	0	1
11864_sub2	0	1	1	0	0	0	1	0
11864_sub3	0	1	0	1	0	0	0	1
11864_sub4	0	1	0	1	0	0	0	1
11864_sub5	0	1	1	0	0	0	1	0
11864_sub6	0	1	1	0	0	0	1	0
11864_sub7	0	1	0	1	0	0	0	1
11864_sub8	0	1	0	1	0	0	0	1
11865_sub0	1	17	6	11	6	11	0	0
11865_sub1	0	1	0	1	0	0	0	1
11865_sub2	0	1	1	0	0	0	1	0
11865_sub3	0	1	1	0	0	0	1	0
11865_sub4	0	1	1	0	0	0	1	0
11865_sub5	0	1	0	1	0	0	0	1
11869_sub0	0	1	1	0	0	0	1	0
11869_sub1	0	1	0	1	0	0	0	1
11869_sub2	0	1	0	1	0	0	0	1
11869_sub3	0	1	0	1	0	0	0	1
11869_sub4	0	1	1	0	0	0	1	0
11869_sub5	0	1	0	1	0	0	0	1
11869_sub6	0	1	1	0	0	0	1	0
11869_sub7	0	1	0	1	0	0	0	1
11871_sub0	1	8	2	6	2	6	0	0
11871_sub1	0	1	0	1	0	0	0	1
11871_sub2	0	1	1	0	0	0	1	0
11871_sub3	0	1	1	0	0	0	1	0
11871_sub4	0	1	1	0	0	0	1	0
11871_sub5	0	1	0	1	0	0	0	1
11872_sub0	1	26	13	13	10	10	3	3
11872_sub1	0	1	0	1	0	0	0	1
11872_sub2	0	1	1	0	0	0	1	0
11872_sub3	0	1	0	1	0	0	0	1
11872_sub4	0	1	1	0	0	0	1	0
11872_sub5	0	1	0	1	0	0	0	1
11872_sub6	0	1	0	1	0	0	0	1
11872_sub7	0	1	0	1	0	0	0	1
11872_sub8	0	1	1	0	0	0	1	0
11872_sub9	0	1	0	1	0	0	0	1
11882_sub0	1	9	5	4	5	4	0	0
11882_sub1	0	1	1	0	0	0	1	0
11882_sub2	0	1	0	1	0	0	0	1
11884_sub0	0	1	1	0	0	0	1	0
11884_sub1	0	1	0	1	0	0	0	1
11884_sub2	0	1	1	0	0	0	1	0
11884_sub3	0	1	1	0	0	0	1	0
11884_sub4	0	1	1	0	0	0	1	0
11884_sub5	0	1	1	0	0	0	1	0
1189_sub0	0	1	1	0	0	0	1	0
1189_sub1	1	16	5	11	5	11	0	0
11890_sub0	0	1	1	0	0	0	1	0
11890_sub1	0	1	0	1	0	0	0	1
11890_sub2	0	1	1	0	0	0	1	0
11890_sub3	0	1	1	0	0	0	1	0
11890_sub4	0	1	0	1	0	0	0	1
11890_sub5	0	1	1	0	0	0	1	0
11892_sub0	0	1	0	1	0	0	0	1
11892_sub1	0	1	0	1	0	0	0	1
11892_sub2	0	1	1	0	0	0	1	0
11892_sub3	0	1	0	1	0	0	0	1
11892_sub4	0	1	0	1	0	0	0	1
11892_sub5	0	1	0	1	0	0	0	1
11892_sub6	0	1	0	1	0	0	0	1
11894_sub0	0	1	0	1	0	0	0	1
11894_sub1	0	1	1	0	0	0	1	0
11894_sub2	0	1	0	1	0	0	0	1
11894_sub3	0	1	0	1	0	0	0	1
11894_sub4	0	1	1	0	0	0	1	0
11894_sub5	0	1	0	1	0	0	0	1
11901_sub0	0	1	1	0	0	0	1	0
11901_sub1	0	1	0	1	0	0	0	1
11901_sub2	0	1	0	1	0	0	0	1
11901_sub3	0	1	0	1	0	0	0	1
11901_sub4	0	1	1	0	0	0	1	0
11901_sub5	0	1	0	1	0	0	0	1
11903_sub0	0	1	1	0	0	0	1	0
11903_sub1	0	1	0	1	0	0	0	1
11903_sub2	0	1	0	1	0	0	0	1
11903_sub3	0	1	1	0	0	0	1	0
11903_sub4	0	1	1	0	0	0	1	0
11903_sub5	0	1	1	0	0	0	1	0
11904_sub0	0	1	0	1	0	0	0	1
11904_sub1	0	1	0	1	0	0	0	1
11904_sub2	0	1	1	0	0	0	1	0
11904_sub3	0	1	1	0	0	0	1	0
11904_sub4	0	1	0	1	0	0	0	1
11904_sub5	0	1	0	1	0	0	0	1
11904_sub6	0	1	1	0	0	0	1	0
11905_sub0	0	1	1	0	0	0	1	0
11905_sub1	0	1	0	1	0	0	0	1
11905_sub2	0	1	1	0	0	0	1	0
11905_sub3	0	1	1	0	0	0	1	0
11905_sub4	0	1	0	1	0	0	0	1
11905_sub5	0	1	1	0	0	0	1	0
11905_sub6	0	1	1	0	0	0	1	0
11907_sub0	0	1	0	1	0	0	0	1
11907_sub1	0	1	1	0	0	0	1	0
11907_sub2	0	1	0	1	0	0	0	1
11907_sub3	0	1	0	1	0	0	0	1
11907_sub4	0	1	1	0	0	0	1	0
11907_sub5	0	1	0	1	0	0	0	1
11907_sub6	0	1	0	1	0	0	0	1
11907_sub7	0	1	1	0	0	0	1	0
11908_sub0	1	20	10	10	10	10	0	0
11908_sub1	0	1	0	1	0	0	0	1
11908_sub2	0	1	1	0	0	0	1	0
11908_sub3	0	1	0	1	0	0	0	1
1191_sub0	0	1	0	1	0	0	0	1
1191_sub1	1	14	7	7	7	7	0	0
1191_sub2	0	1	1	0	0	0	1	0
1191_sub3	0	1	1	0	0	0	1	0
11912_sub0	1	9	3	6	3	6	0	0
11912_sub1	0	1	0	1	0	0	0	1
11912_sub2	0	1	0	1	0	0	0	1
11912_sub3	0	1	1	0	0	0	1	0
11914_sub0	0	1	0	1	0	0	0	1
11914_sub1	0	1	1	0	0	0	1	0
11914_sub2	0	1	0	1	0	0	0	1
11914_sub3	0	1	1	0	0	0	1	0
11914_sub4	0	1	1	0	0	0	1	0
11914_sub5	0	1	1	0	0	0	1	0
11914_sub6	0	1	0	1	0	0	0	1
11914_sub7	0	1	1	0	0	0	1	0
11914_sub8	0	1	1	0	0	0	1	0
11914_sub9	0	1	1	0	0	0	1	0
11914_sub10	0	1	0	1	0	0	0	1
11914_sub11	0	1	1	0	0	0	1	0
11916_sub0	0	1	1	0	0	0	1	0
11916_sub1	0	1	1	0	0	0	1	0
11916_sub2	0	1	1	0	0	0	1	0
11916_sub3	0	1	0	1	0	0	0	1
11916_sub4	0	1	0	1	0	0	0	1
11916_sub5	0	1	1	0	0	0	1	0
11916_sub6	0	1	1	0	0	0	1	0
11917_sub0	1	22	12	10	10	10	2	0
11917_sub1	0	1	1	0	0	0	1	0
11917_sub2	0	1	0	1	0	0	0	1
11917_sub3	0	1	0	1	0	0	0	1
11917_sub4	0	1	1	0	0	0	1	0
11917_sub5	0	1	0	1	0	0	0	1
11917_sub6	0	1	0	1	0	0	0	1
11917_sub7	0	1	0	1	0	0	0	1
11919_sub0	0	1	1	0	0	0	1	0
11919_sub1	0	1	0	1	0	0	0	1
11919_sub2	0	1	0	1	0	0	0	1
11919_sub3	0	1	1	0	0	0	1	0
11919_sub4	0	1	0	1	0	0	0	1
11919_sub5	0	1	0	1	0	0	0	1
11922_sub0	0	1	1	0	0	0	1	0
11922_sub1	0	1	0	1	0	0	0	1
11922_sub2	0	1	1	0	0	0	1	0
11922_sub3	0	1	1	0	0	0	1	0
11922_sub4	0	1	1	0	0	0	1	0
11922_sub5	0	1	0	1	0	0	0	1
11922_sub6	0	1	0	1	0	0	0	1
11925_sub0	0	1	0	1	0	0	0	1
11925_sub1	0	1	1	0	0	0	1	0
11925_sub2	0	1	1	0	0	0	1	0
11925_sub3	0	1	0	1	0	0	0	1
11925_sub4	0	1	0	1	0	0	0	1
11925_sub5	0	1	0	1	0	0	0	1
11925_sub6	0	1	1	0	0	0	1	0
11925_sub7	0	1	1	0	0	0	1	0
11926_sub0	0	1	0	1	0	0	0	1
11926_sub1	0	1	0	1	0	0	0	1
11926_sub2	0	1	1	0	0	0	1	0
11926_sub3	0	1	0	1	0	0	0	1
11926_sub4	0	1	0	1	0	0	0	1
11926_sub5	0	1	0	1	0	0	0	1
11926_sub6	0	1	0	1	0	0	0	1
11934_sub0	0	1	1	0	0	0	1	0
11934_sub1	0	1	0	1	0	0	0	1
11934_sub2	0	1	1	0	0	0	1	0
11934_sub3	0	1	0	1	0	0	0	1
11934_sub4	0	1	0	1	0	0	0	1
11934_sub5	0	1	0	1	0	0	0	1
11937_sub0	0	1	1	0	0	0	1	0
11937_sub1	0	1	1	0	0	0	1	0
11937_sub2	0	1	0	1	0	0	0	1
11937_sub3	0	2	1	1	0	0	1	1
11937_sub4	0	1	1	0	0	0	1	0
11937_sub5	0	1	0	1	0	0	0	1
11937_sub6	0	1	1	0	0	0	1	0
11944_sub0	1	21	9	12	9	11	0	1
11944_sub1	0	1	1	0	0	0	1	0
11944_sub2	0	1	0	1	0	0	0	1
11949_sub0	0	1	1	0	0	0	1	0
11949_sub1	1	9	3	6	3	6	0	0
11949_sub2	0	1	0	1	0	0	0	1
11949_sub3	0	1	1	0	0	0	1	0
11950_sub0	1	9	5	4	5	4	0	0
11950_sub1	0	1	1	0	0	0	1	0
11950_sub2	0	1	1	0	0	0	1	0
11956_sub0	1	17	9	8	9	8	0	0
11956_sub1	0	1	1	0	0	0	1	0
11956_sub2	0	1	0	1	0	0	0	1
11956_sub3	0	1	1	0	0	0	1	0
11956_sub4	0	1	0	1	0	0	0	1
11956_sub5	0	1	1	0	0	0	1	0
11956_sub6	0	1	1	0	0	0	1	0
11956_sub7	0	1	0	1	0	0	0	1
11956_sub8	0	1	1	0	0	0	1	0
11956_sub9	0	1	1	0	0	0	1	0
11958_sub0	0	1	1	0	0	0	1	0
11958_sub1	0	1	1	0	0	0	1	0
11958_sub2	0	1	0	1	0	0	0	1
11958_sub3	0	1	0	1	0	0	0	1
11958_sub4	0	1	0	1	0	0	0	1
11958_sub5	0	1	0	1	0	0	0	1
11958_sub6	0	1	0	1	0	0	0	1
11958_sub7	0	1	0	1	0	0	0	1
11958_sub8	0	1	1	0	0	0	1	0
11958_sub9	0	1	0	1	0	0	0	1
11960_sub0	0	1	0	1	0	0	0	1
11960_sub1	0	1	0	1	0	0	0	1
11960_sub2	0	1	0	1	0	0	0	1
11960_sub3	0	1	1	0	0	0	1	0
11960_sub4	0	1	1	0	0	0	1	0
11960_sub5	0	1	0	1	0	0	0	1
11960_sub6	0	1	1	0	0	0	1	0
11961_sub0	0	1	0	1	0	0	0	1
11961_sub1	0	1	1	0	0	0	1	0
11961_sub2	0	1	0	1	0	0	0	1
11961_sub3	0	1	0	1	0	0	0	1
11961_sub4	0	1	1	0	0	0	1	0
11961_sub5	0	1	0	1	0	0	0	1
11962_sub0	0	1	0	1	0	0	0	1
11962_sub1	0	1	1	0	0	0	1	0
11962_sub2	0	1	0	1	0	0	0	1
11962_sub3	0	1	0	1	0	0	0	1
11962_sub4	0	1	0	1	0	0	0	1
11962_sub5	0	1	0	1	0	0	0	1
11962_sub6	0	1	0	1	0	0	0	1
11964_sub0	0	1	0	1	0	0	0	1
11964_sub1	0	3	1	2	0	0	1	2
11964_sub2	0	1	1	0	0	0	1	0
11964_sub3	0	1	1	0	0	0	1	0
11968_sub0	0	1	0	1	0	0	0	1
11968_sub1	0	1	0	1	0	0	0	1
11968_sub2	0	1	1	0	0	0	1	0
11968_sub3	0	1	0	1	0	0	0	1
11968_sub4	0	1	1	0	0	0	1	0
11968_sub5	0	1	1	0	0	0	1	0
11974_sub0	1	15	5	10	5	10	0	0
11982_sub0	0	1	1	0	0	0	1	0
11982_sub1	0	1	1	0	0	0	1	0
11982_sub2	0	1	0	1	0	0	0	1
11982_sub3	0	1	0	1	0	0	0	1
11982_sub4	0	1	1	0	0	0	1	0
11982_sub5	0	1	0	1	0	0	0	1
11983_sub0	0	1	1	0	0	0	1	0
11983_sub1	0	1	1	0	0	0	1	0
11983_sub2	0	1	1	0	0	0	1	0
11983_sub3	0	1	1	0	0	0	1	0
11983_sub4	0	1	0	1	0	0	0	1
11983_sub5	0	1	1	0	0	0	1	0
11983_sub6	0	1	1	0	0	0	1	0
11986_sub0	0	1	0	1	0	0	0	1
11986_sub1	0	1	1	0	0	0	1	0
11986_sub2	0	1	1	0	0	0	1	0
11986_sub3	0	1	0	1	0	0	0	1
11986_sub4	0	1	1	0	0	0	1	0
11986_sub5	0	1	0	1	0	0	0	1
11986_sub6	0	1	0	1	0	0	0	1
11986_sub7	0	1	1	0	0	0	1	0
1199_sub0	0	1	0	1	0	0	0	1
1199_sub1	0	1	0	1	0	0	0	1
1199_sub2	0	1	1	0	0	0	1	0
1199_sub3	1	11	7	4	7	4	0	0
1199_sub4	0	1	0	1	0	0	0	1
11995_sub0	1	10	3	7	3	7	0	0
11995_sub1	0	1	0	1	0	0	0	1
11996_sub0	0	1	1	0	0	0	1	0
11996_sub1	1	6	4	2	4	2	0	0
11996_sub2	0	1	1	0	0	0	1	0
11996_sub3	0	1	0	1	0	0	0	1
11997_sub0	0	1	0	1	0	0	0	1
11997_sub1	0	1	1	0	0	0	1	0
11997_sub2	0	1	0	1	0	0	0	1
11997_sub3	0	1	0	1	0	0	0	1
11997_sub4	0	1	1	0	0	0	1	0
11997_sub5	0	1	0	1	0	0	0	1
11997_sub6	0	1	1	0	0	0	1	0
12_sub0	0	1	0	1	0	0	0	1
12_sub1	1	33	18	15	10	10	8	5
12_sub2	0	1	0	1	0	0	0	1
12_sub3	0	1	0	1	0	0	0	1
12_sub4	0	1	1	0	0	0	1	0
12_sub5	0	1	0	1	0	0	0	1
12_sub6	0	1	0	1	0	0	0	1
12_sub7	0	1	1	0	0	0	1	0
12_sub8	0	1	1	0	0	0	1	0
12_sub9	0	1	0	1	0	0	0	1
12_sub10	0	1	0	1	0	0	0	1
12_sub11	0	1	0	1	0	0	0	1
12_sub12	0	1	1	0	0	0	1	0
12003_sub0	0	1	1	0	0	0	1	0
12003_sub1	0	1	1	0	0	0	1	0
12003_sub2	0	1	0	1	0	0	0	1
12003_sub3	0	1	0	1	0	0	0	1
12003_sub4	0	1	0	1	0	0	0	1
12003_sub5	0	1	0	1	0	0	0	1
12004_sub0	1	14	3	11	3	11	0	0
12004_sub1	0	1	0	1	0	0	0	1
12004_sub2	0	1	1	0	0	0	1	0
12004_sub3	0	1	0	1	0	0	0	1
12004_sub4	0	1	1	0	0	0	1	0
12005_sub0	1	9	6	3	6	3	0	0
12005_sub1	0	1	0	1	0	0	0	1
12005_sub2	0	1	0	1	0	0	0	1
12005_sub3	0	1	1	0	0	0	1	0
12006_sub0	0	1	1	0	0	0	1	0
12006_sub1	0	1	0	1	0	0	0	1
12006_sub2	0	1	1	0	0	0	1	0
12006_sub3	0	1	1	0	0	0	1	0
12006_sub4	0	1	0	1	0	0	0	1
12006_sub5	0	1	0	1	0	0	0	1
12006_sub6	0	1	1	0	0	0	1	0
12006_sub7	0	1	1	0	0	0	1	0
12006_sub8	0	1	1	0	0	0	1	0
12006_sub9	0	1	0	1	0	0	0	1
12006_sub10	0	1	0	1	0	0	0	1
12011_sub0	0	1	0	1	0	0	0	1
12011_sub1	0	1	0	1	0	0	0	1
12011_sub2	0	1	0	1	0	0	0	1
12011_sub3	0	1	1	0	0	0	1	0
12011_sub4	0	1	1	0	0	0	1	0
12011_sub5	0	1	0	1	0	0	0	1
12017_sub0	1	14	8	6	8	6	0	0
12017_sub1	0	1	0	1	0	0	0	1
12018_sub0	0	1	0	1	0	0	0	1
12018_sub1	0	1	0	1	0	0	0	1
12018_sub2	0	1	0	1	0	0	0	1
12018_sub3	0	1	0	1	0	0	0	1
12018_sub4	0	1	1	0	0	0	1	0
12018_sub5	0	1	1	0	0	0	1	0
12018_sub6	0	1	1	0	0	0	1	0
12022_sub0	1	12	7	5	7	5	0	0
12022_sub1	0	1	1	0	0	0	1	0
12022_sub2	0	1	1	0	0	0	1	0
12022_sub3	0	1	0	1	0	0	0	1
12022_sub4	0	1	1	0	0	0	1	0
12032_sub0	0	1	1	0	0	0	1	0
12032_sub1	0	1	0	1	0	0	0	1
12032_sub2	0	1	1	0	0	0	1	0
12032_sub3	0	1	1	0	0	0	1	0
12032_sub4	0	1	1	0	0	0	1	0
12032_sub5	0	1	1	0	0	0	1	0
12038_sub0	0	1	1	0	0	0	1	0
12038_sub1	0	1	0	1	0	0	0	1
12038_sub2	0	1	0	1	0	0	0	1
12038_sub3	0	1	0	1	0	0	0	1
12038_sub4	0	1	1	0	0	0	1	0
12038_sub5	0	1	1	0	0	0	1	0
12039_sub0	0	1	0	1	0	0	0	1
12039_sub1	0	1	1	0	0	0	1	0
12039_sub2	0	1	1	0	0	0	1	0
12039_sub3	0	1	1	0	0	0	1	0
12039_sub4	0	1	1	0	0	0	1	0
12039_sub5	0	1	0	1	0	0	0	1
1204_sub0	0	1	1	0	0	0	1	0
1204_sub1	0	1	0	1	0	0	0	1
1204_sub2	0	1	0	1	0	0	0	1
1204_sub3	0	1	1	0	0	0	1	0
1204_sub4	0	1	0	1	0	0	0	1
1204_sub5	0	1	1	0	0	0	1	0
12042_sub0	1	12	8	4	8	4	0	0
12057_sub0	0	1	1	0	0	0	1	0
12057_sub1	0	1	0	1	0	0	0	1
12057_sub2	0	1	1	0	0	0	1	0
12057_sub3	0	1	1	0	0	0	1	0
12057_sub4	0	1	1	0	0	0	1	0
12057_sub5	0	1	0	1	0	0	0	1
1206_sub0	0	1	0	1	0	0	0	1
1206_sub1	1	12	4	8	4	8	0	0
1206_sub2	0	1	0	1	0	0	0	1
1206_sub3	0	1	1	0	0	0	1	0
12060_sub0	0	1	0	1	0	0	0	1
12060_sub1	0	1	0	1	0	0	0	1
12060_sub2	0	1	0	1	0	0	0	1
12060_sub3	0	1	1	0	0	0	1	0
12060_sub4	0	1	1	0	0	0	1	0
12060_sub5	0	1	1	0	0	0	1	0
12062_sub0	0	1	1	0	0	0	1	0
12062_sub1	0	1	0	1	0	0	0	1
12062_sub2	0	1	1	0	0	0	1	0
12062_sub3	0	1	1	0	0	0	1	0
12062_sub4	0	1	0	1	0	0	0	1
12062_sub5	0	1	1	0	0	0	1	0
12062_sub6	0	1	0	1	0	0	0	1
12064_sub0	0	1	0	1	0	0	0	1
12064_sub1	0	1	1	0	0	0	1	0
12064_sub2	0	1	1	0	0	0	1	0
12064_sub3	0	1	1	0	0	0	1	0
12064_sub4	0	1	0	1	0	0	0	1
12064_sub5	0	1	1	0	0	0	1	0
12064_sub6	0	1	1	0	0	0	1	0
12064_sub7	0	1	0	1	0	0	0	1
12069_sub0	0	1	1	0	0	0	1	0
12069_sub1	0	1	1	0	0	0	1	0
12069_sub2	0	1	0	1	0	0	0	1
12069_sub3	0	1	0	1	0	0	0	1
12069_sub4	0	1	1	0	0	0	1	0
12069_sub5	0	1	1	0	0	0	1	0
12073_sub0	0	1	1	0	0	0	1	0
12073_sub1	0	1	0	1	0	0	0	1
12073_sub2	0	1	0	1	0	0	0	1
12073_sub3	0	1	0	1	0	0	0	1
12073_sub4	0	1	0	1	0	0	0	1
12073_sub5	0	1	0	1	0	0	0	1
12073_sub6	0	1	0	1	0	0	0	1
12073_sub7	0	1	0	1	0	0	0	1
12079_sub0	0	1	0	1	0	0	0	1
12079_sub1	0	1	0	1	0	0	0	1
12079_sub2	0	1	0	1	0	0	0	1
12079_sub3	0	1	1	0	0	0	1	0
12079_sub4	0	1	0	1	0	0	0	1
12079_sub5	0	1	0	1	0	0	0	1
12080_sub0	1	9	1	8	1	8	0	0
12080_sub1	0	1	0	1	0	0	0	1
12080_sub2	0	1	0	1	0	0	0	1
12080_sub3	0	1	1	0	0	0	1	0
12081_sub0	0	1	1	0	0	0	1	0
12081_sub1	0	1	0	1	0	0	0	1
12081_sub2	0	1	0	1	0	0	0	1
12081_sub3	0	1	1	0	0	0	1	0
12081_sub4	0	1	1	0	0	0	1	0
12081_sub5	0	1	1	0	0	0	1	0
12087_sub0	0	1	1	0	0	0	1	0
12087_sub1	0	5	2	3	0	0	2	3
12087_sub2	0	1	0	1	0	0	0	1
12090_sub0	0	1	1	0	0	0	1	0
12090_sub1	0	1	0	1	0	0	0	1
12090_sub2	0	1	1	0	0	0	1	0
12090_sub3	0	1	0	1	0	0	0	1
12090_sub4	0	1	1	0	0	0	1	0
12090_sub5	0	1	1	0	0	0	1	0
12096_sub0	0	1	1	0	0	0	1	0
12096_sub1	0	1	1	0	0	0	1	0
12096_sub2	0	1	1	0	0	0	1	0
12096_sub3	0	1	0	1	0	0	0	1
12096_sub4	0	1	1	0	0	0	1	0
12096_sub5	0	1	1	0	0	0	1	0
12096_sub6	0	1	0	1	0	0	0	1
12096_sub7	0	1	1	0	0	0	1	0
12096_sub8	0	1	1	0	0	0	1	0
12096_sub9	0	1	1	0	0	0	1	0
12097_sub0	0	1	1	0	0	0	1	0
12097_sub1	0	1	1	0	0	0	1	0
12097_sub2	0	1	0	1	0	0	0	1
12097_sub3	0	1	1	0	0	0	1	0
12097_sub4	0	1	1	0	0	0	1	0
12097_sub5	0	1	1	0	0	0	1	0
12097_sub6	0	1	0	1	0	0	0	1
12099_sub0	0	1	1	0	0	0	1	0
12099_sub1	0	1	0	1	0	0	0	1
12099_sub2	0	1	1	0	0	0	1	0
12099_sub3	0	1	1	0	0	0	1	0
12099_sub4	0	1	1	0	0	0	1	0
12099_sub5	0	1	1	0	0	0	1	0
12099_sub6	0	1	1	0	0	0	1	0
12101_sub0	0	1	1	0	0	0	1	0
12101_sub1	0	1	1	0	0	0	1	0
12101_sub2	0	1	0	1	0	0	0	1
12101_sub3	0	1	1	0	0	0	1	0
12101_sub4	0	1	1	0	0	0	1	0
12101_sub5	0	1	1	0	0	0	1	0
12101_sub6	0	1	1	0	0	0	1	0
12101_sub7	0	1	0	1	0	0	0	1
12110_sub0	0	1	0	1	0	0	0	1
12110_sub1	0	1	0	1	0	0	0	1
12110_sub2	0	1	1	0	0	0	1	0
12110_sub3	0	1	0	1	0	0	0	1
12110_sub4	0	1	0	1	0	0	0	1
12110_sub5	0	1	1	0	0	0	1	0
12110_sub6	0	1	0	1	0	0	0	1
12110_sub7	0	1	0	1	0	0	0	1
12115_sub0	0	1	1	0	0	0	1	0
12115_sub1	0	1	1	0	0	0	1	0
12115_sub2	0	1	1	0	0	0	1	0
12115_sub3	0	1	0	1	0	0	0	1
12115_sub4	0	1	0	1	0	0	0	1
12115_sub5	0	1	1	0	0	0	1	0
12117_sub0	1	9	4	5	4	5	0	0
12117_sub1	0	1	1	0	0	0	1	0
12118_sub0	0	1	0	1	0	0	0	1
12118_sub1	0	1	1	0	0	0	1	0
12118_sub2	0	1	1	0	0	0	1	0
12118_sub3	0	1	1	0	0	0	1	0
12118_sub4	0	1	0	1	0	0	0	1
12118_sub5	0	1	0	1	0	0	0	1
12124_sub0	0	1	1	0	0	0	1	0
12124_sub1	0	1	0	1	0	0	0	1
12124_sub2	0	1	1	0	0	0	1	0
12124_sub3	0	1	1	0	0	0	1	0
12124_sub4	0	1	1	0	0	0	1	0
12124_sub5	0	1	1	0	0	0	1	0
12127_sub0	1	6	3	3	3	3	0	0
12127_sub1	0	1	0	1	0	0	0	1
12127_sub2	0	1	1	0	0	0	1	0
12127_sub3	0	1	0	1	0	0	0	1
12127_sub4	0	1	0	1	0	0	0	1
12128_sub0	0	1	0	1	0	0	0	1
12128_sub1	0	1	0	1	0	0	0	1
12128_sub2	0	1	0	1	0	0	0	1
12128_sub3	0	1	0	1	0	0	0	1
12128_sub4	0	1	1	0	0	0	1	0
12128_sub5	0	1	0	1	0	0	0	1
12128_sub6	0	1	0	1	0	0	0	1
12128_sub7	0	1	0	1	0	0	0	1
12130_sub0	0	1	0	1	0	0	0	1
12130_sub1	1	9	5	4	5	4	0	0
12130_sub2	0	1	1	0	0	0	1	0
12130_sub3	0	1	1	0	0	0	1	0
12130_sub4	0	1	0	1	0	0	0	1
12131_sub0	0	1	0	1	0	0	0	1
12131_sub1	0	1	0	1	0	0	0	1
12131_sub2	0	1	1	0	0	0	1	0
12131_sub3	0	1	1	0	0	0	1	0
12131_sub4	0	1	1	0	0	0	1	0
12131_sub5	0	1	0	1	0	0	0	1
12134_sub0	0	1	1	0	0	0	1	0
12134_sub1	0	1	0	1	0	0	0	1
12134_sub2	0	1	1	0	0	0	1	0
12134_sub3	0	1	1	0	0	0	1	0
12134_sub4	0	1	0	1	0	0	0	1
12134_sub5	0	1	0	1	0	0	0	1
12134_sub6	0	1	0	1	0	0	0	1
12136_sub0	0	1	0	1	0	0	0	1
12136_sub1	0	1	1	0	0	0	1	0
12136_sub2	0	1	0	1	0	0	0	1
12136_sub3	0	1	1	0	0	0	1	0
12136_sub4	0	1	0	1	0	0	0	1
12136_sub5	0	1	0	1	0	0	0	1
12136_sub6	0	1	0	1	0	0	0	1
12144_sub0	1	11	5	6	5	6	0	0
12144_sub1	0	1	0	1	0	0	0	1
12144_sub2	0	1	0	1	0	0	0	1
12152_sub0	1	14	7	7	7	7	0	0
12154_sub0	0	1	1	0	0	0	1	0
12154_sub1	0	1	1	0	0	0	1	0
12154_sub2	0	1	0	1	0	0	0	1
12154_sub3	0	1	1	0	0	0	1	0
12154_sub4	0	1	1	0	0	0	1	0
12154_sub5	0	1	0	1	0	0	0	1
12154_sub6	0	1	1	0	0	0	1	0
12156_sub0	0	1	0	1	0	0	0	1
12156_sub1	0	1	1	0	0	0	1	0
12156_sub2	0	1	0	1	0	0	0	1
12156_sub3	0	1	1	0	0	0	1	0
12156_sub4	0	1	1	0	0	0	1	0
12156_sub5	0	1	1	0	0	0	1	0
12156_sub6	0	1	1	0	0	0	1	0
12156_sub7	0	1	0	1	0	0	0	1
12156_sub8	0	1	0	1	0	0	0	1
12156_sub9	0	1	1	0	0	0	1	0
12157_sub0	1	9	5	4	5	4	0	0
12158_sub0	1	8	1	7	1	7	0	0
12158_sub1	0	1	1	0	0	0	1	0
12158_sub2	0	1	0	1	0	0	0	1
12158_sub3	0	1	1	0	0	0	1	0
12158_sub4	0	1	0	1	0	0	0	1
12158_sub5	0	1	1	0	0	0	1	0
12158_sub6	0	1	0	1	0	0	0	1
1216_sub0	0	1	0	1	0	0	0	1
1216_sub1	1	11	6	5	6	5	0	0
1216_sub2	0	1	0	1	0	0	0	1
1216_sub3	0	1	0	1	0	0	0	1
12163_sub0	0	1	0	1	0	0	0	1
12163_sub1	0	1	0	1	0	0	0	1
12163_sub2	0	1	1	0	0	0	1	0
12163_sub3	0	1	0	1	0	0	0	1
12163_sub4	0	1	1	0	0	0	1	0
12163_sub5	0	1	1	0	0	0	1	0
12165_sub0	0	1	0	1	0	0	0	1
12165_sub1	0	1	1	0	0	0	1	0
12165_sub2	0	2	2	0	0	0	2	0
12165_sub3	0	1	0	1	0	0	0	1
12165_sub4	0	1	0	1	0	0	0	1
12165_sub5	0	1	1	0	0	0	1	0
12165_sub6	0	1	1	0	0	0	1	0
12165_sub7	0	1	1	0	0	0	1	0
12167_sub0	0	1	0	1	0	0	0	1
12167_sub1	0	1	1	0	0	0	1	0
12167_sub2	0	1	0	1	0	0	0	1
12167_sub3	0	1	1	0	0	0	1	0
12167_sub4	0	1	0	1	0	0	0	1
12167_sub5	0	1	0	1	0	0	0	1
12170_sub0	0	1	0	1	0	0	0	1
12170_sub1	0	1	0	1	0	0	0	1
12170_sub2	0	1	0	1	0	0	0	1
12170_sub3	0	1	0	1	0	0	0	1
12170_sub4	0	1	1	0	0	0	1	0
12170_sub5	0	1	0	1	0	0	0	1
12171_sub0	0	1	1	0	0	0	1	0
12171_sub1	0	1	0	1	0	0	0	1
12171_sub2	0	1	0	1	0	0	0	1
12171_sub3	0	1	0	1	0	0	0	1
12171_sub4	0	1	1	0	0	0	1	0
12171_sub5	0	1	0	1	0	0	0	1
12174_sub0	0	1	0	1	0	0	0	1
12174_sub1	1	13	6	7	6	7	0	0
12174_sub2	0	1	0	1	0	0	0	1
12174_sub3	0	1	0	1	0	0	0	1
12174_sub4	0	1	1	0	0	0	1	0
12174_sub5	0	1	1	0	0	0	1	0
12174_sub6	0	1	0	1	0	0	0	1
12174_sub7	0	1	1	0	0	0	1	0
12176_sub0	0	1	1	0	0	0	1	0
12176_sub1	0	1	1	0	0	0	1	0
12176_sub2	0	1	0	1	0	0	0	1
12176_sub3	1	17	13	4	13	4	0	0
12180_sub0	0	1	0	1	0	0	0	1
12180_sub1	0	1	0	1	0	0	0	1
12180_sub2	0	1	1	0	0	0	1	0
12180_sub3	0	1	0	1	0	0	0	1
12180_sub4	0	1	0	1	0	0	0	1
12180_sub5	0	1	0	1	0	0	0	1
12180_sub6	0	1	1	0	0	0	1	0
12180_sub7	0	1	0	1	0	0	0	1
12185_sub0	1	16	6	10	6	10	0	0
12185_sub1	0	1	0	1	0	0	0	1
12185_sub2	0	1	0	1	0	0	0	1
1219_sub0	0	1	0	1	0	0	0	1
1219_sub1	0	1	0	1	0	0	0	1
1219_sub2	0	1	0	1	0	0	0	1
1219_sub3	0	1	0	1	0	0	0	1
1219_sub4	1	20	9	11	9	11	0	0
1219_sub5	0	1	0	1	0	0	0	1
12198_sub0	0	1	0	1	0	0	0	1
12198_sub1	1	14	9	5	9	5	0	0
12198_sub2	0	1	0	1	0	0	0	1
12198_sub3	0	1	1	0	0	0	1	0
12198_sub4	0	1	1	0	0	0	1	0
12198_sub5	1	10	2	8	2	8	0	0
12198_sub6	0	1	1	0	0	0	1	0
122_sub0	0	1	1	0	0	0	1	0
122_sub1	1	27	13	14	10	10	3	4
122_sub2	0	1	0	1	0	0	0	1
122_sub3	0	1	0	1	0	0	0	1
122_sub4	0	1	1	0	0	0	1	0
122_sub5	0	1	0	1	0	0	0	1
12207_sub0	0	1	0	1	0	0	0	1
12207_sub1	0	1	1	0	0	0	1	0
12207_sub2	0	1	0	1	0	0	0	1
12207_sub3	0	1	1	0	0	0	1	0
12207_sub4	0	1	1	0	0	0	1	0
12207_sub5	0	1	0	1	0	0	0	1
12207_sub6	0	1	1	0	0	0	1	0
12207_sub7	0	1	1	0	0	0	1	0
12207_sub8	0	1	1	0	0	0	1	0
1222_sub0	0	1	1	0	0	0	1	0
1222_sub1	1	18	12	6	12	6	0	0
1222_sub2	0	1	1	0	0	0	1	0
1222_sub3	0	1	0	1	0	0	0	1
12226_sub0	0	1	0	1	0	0	0	1
12226_sub1	0	1	1	0	0	0	1	0
12226_sub2	0	1	0	1	0	0	0	1
12226_sub3	0	2	1	1	0	0	1	1
12226_sub4	0	1	0	1	0	0	0	1
12228_sub0	0	1	1	0	0	0	1	0
12228_sub1	0	1	1	0	0	0	1	0
12228_sub2	0	1	1	0	0	0	1	0
12228_sub3	0	1	1	0	0	0	1	0
12228_sub4	0	1	1	0	0	0	1	0
12228_sub5	0	1	1	0	0	0	1	0
12229_sub0	0	1	0	1	0	0	0	1
12229_sub1	0	2	1	1	0	0	1	1
12229_sub2	0	1	0	1	0	0	0	1
12229_sub3	0	1	1	0	0	0	1	0
12229_sub4	0	1	1	0	0	0	1	0
12231_sub0	0	1	0	1	0	0	0	1
12231_sub1	0	1	1	0	0	0	1	0
12231_sub2	0	1	1	0	0	0	1	0
12231_sub3	0	1	1	0	0	0	1	0
12231_sub4	0	1	0	1	0	0	0	1
12231_sub5	0	1	0	1	0	0	0	1
1225_sub0	0	1	1	0	0	0	1	0
1225_sub1	0	1	0	1	0	0	0	1
1225_sub2	1	16	9	7	9	7	0	0
1225_sub3	0	1	0	1	0	0	0	1
1225_sub4	0	1	1	0	0	0	1	0
1226_sub0	0	1	1	0	0	0	1	0
1226_sub1	1	22	7	15	7	13	0	2
1226_sub2	0	1	0	1	0	0	0	1
12270_sub0	0	1	0	1	0	0	0	1
12270_sub1	0	1	1	0	0	0	1	0
12270_sub2	0	1	1	0	0	0	1	0
12270_sub3	0	1	1	0	0	0	1	0
12270_sub4	0	1	1	0	0	0	1	0
12270_sub5	0	1	1	0	0	0	1	0
12270_sub6	0	1	1	0	0	0	1	0
12270_sub7	0	1	1	0	0	0	1	0
12272_sub0	0	1	0	1	0	0	0	1
12272_sub1	0	1	0	1	0	0	0	1
12272_sub2	0	1	0	1	0	0	0	1
12272_sub3	0	1	1	0	0	0	1	0
12272_sub4	0	1	1	0	0	0	1	0
12272_sub5	0	1	1	0	0	0	1	0
12272_sub6	0	1	1	0	0	0	1	0
12272_sub7	0	1	1	0	0	0	1	0
12282_sub0	1	17	11	6	11	6	0	0
12282_sub1	0	1	0	1	0	0	0	1
12282_sub2	0	1	1	0	0	0	1	0
12290_sub0	0	4	1	3	0	0	1	3
12290_sub1	0	1	0	1	0	0	0	1
12290_sub2	0	1	0	1	0	0	0	1
12293_sub0	0	1	1	0	0	0	1	0
12293_sub1	0	1	0	1	0	0	0	1
12293_sub2	0	1	1	0	0	0	1	0
12293_sub3	0	1	0	1	0	0	0	1
12293_sub4	0	1	1	0	0	0	1	0
12293_sub5	0	1	1	0	0	0	1	0
12293_sub6	0	1	1	0	0	0	1	0
12293_sub7	0	1	0	1	0	0	0	1
12295_sub0	1	7	2	5	2	5	0	0
12295_sub1	0	1	0	1	0	0	0	1
123_sub0	0	1	1	0	0	0	1	0
123_sub1	0	1	1	0	0	0	1	0
123_sub2	0	1	0	1	0	0	0	1
123_sub3	0	1	1	0	0	0	1	0
123_sub4	0	1	1	0	0	0	1	0
123_sub5	0	1	0	1	0	0	0	1
123_sub6	0	1	0	1	0	0	0	1
1230_sub0	0	1	1	0	0	0	1	0
1230_sub1	0	1	0	1	0	0	0	1
1230_sub2	1	22	8	14	8	12	0	2
1230_sub3	0	1	1	0	0	0	1	0
1230_sub4	0	1	1	0	0	0	1	0
1230_sub5	0	1	1	0	0	0	1	0
1230_sub6	0	1	0	1	0	0	0	1
12302_sub0	0	2	1	1	0	0	1	1
12302_sub1	0	1	0	1	0	0	0	1
12302_sub2	0	1	1	0	0	0	1	0
12302_sub3	0	1	1	0	0	0	1	0
12302_sub4	0	1	0	1	0	0	0	1
12304_sub0	0	1	1	0	0	0	1	0
12304_sub1	0	1	0	1	0	0	0	1
12304_sub2	0	1	0	1	0	0	0	1
12304_sub3	0	1	1	0	0	0	1	0
12304_sub4	0	1	0	1	0	0	0	1
12304_sub5	0	1	0	1	0	0	0	1
12304_sub6	0	1	0	1	0	0	0	1
12309_sub0	1	14	9	5	9	5	0	0
12309_sub1	0	1	0	1	0	0	0	1
12309_sub2	0	1	0	1	0	0	0	1
12310_sub0	0	4	3	1	0	0	3	1
12310_sub1	0	1	0	1	0	0	0	1
12310_sub2	0	1	1	0	0	0	1	0
12314_sub0	0	1	0	1	0	0	0	1
12314_sub1	0	1	0	1	0	0	0	1
12314_sub2	0	1	1	0	0	0	1	0
12314_sub3	0	1	0	1	0	0	0	1
12314_sub4	0	1	1	0	0	0	1	0
12314_sub5	0	1	0	1	0	0	0	1
12314_sub6	0	1	1	0	0	0	1	0
12321_sub0	0	1	0	1	0	0	0	1
12321_sub1	0	1	1	0	0	0	1	0
12321_sub2	0	1	1	0	0	0	1	0
12321_sub3	0	1	0	1	0	0	0	1
12321_sub4	0	1	1	0	0	0	1	0
12321_sub5	0	1	1	0	0	0	1	0
12323_sub0	0	1	0	1	0	0	0	1
12323_sub1	0	1	0	1	0	0	0	1
12323_sub2	0	1	0	1	0	0	0	1
12323_sub3	0	1	1	0	0	0	1	0
12323_sub4	0	1	0	1	0	0	0	1
12323_sub5	0	1	1	0	0	0	1	0
12323_sub6	0	1	0	1	0	0	0	1
12323_sub7	0	1	1	0	0	0	1	0
12325_sub0	1	10	5	5	5	5	0	0
12325_sub1	0	1	1	0	0	0	1	0
12325_sub2	0	1	0	1	0	0	0	1
12335_sub0	0	1	0	1	0	0	0	1
12335_sub1	0	1	1	0	0	0	1	0
12335_sub2	0	1	1	0	0	0	1	0
12335_sub3	0	1	0	1	0	0	0	1
12335_sub4	0	1	0	1	0	0	0	1
12335_sub5	0	1	1	0	0	0	1	0
12335_sub6	0	1	0	1	0	0	0	1
12336_sub0	0	1	1	0	0	0	1	0
12336_sub1	1	13	6	7	6	7	0	0
12336_sub2	0	1	1	0	0	0	1	0
12336_sub3	0	1	1	0	0	0	1	0
12336_sub4	0	1	0	1	0	0	0	1
12336_sub5	0	1	0	1	0	0	0	1
12352_sub0	0	1	0	1	0	0	0	1
12352_sub1	0	1	1	0	0	0	1	0
12352_sub2	0	1	0	1	0	0	0	1
12352_sub3	0	1	0	1	0	0	0	1
12352_sub4	0	1	0	1	0	0	0	1
12352_sub5	0	1	1	0	0	0	1	0
12352_sub6	0	1	0	1	0	0	0	1
12352_sub7	0	1	0	1	0	0	0	1
12354_sub0	0	1	1	0	0	0	1	0
12354_sub1	0	5	3	2	0	0	3	2
12354_sub2	0	1	0	1	0	0	0	1
12354_sub3	0	1	0	1	0	0	0	1
12354_sub4	0	1	1	0	0	0	1	0
12354_sub5	0	1	1	0	0	0	1	0
12354_sub6	0	1	0	1	0	0	0	1
12354_sub7	0	1	0	1	0	0	0	1
12354_sub8	0	1	1	0	0	0	1	0
12354_sub9	0	1	1	0	0	0	1	0
12354_sub10	0	1	0	1	0	0	0	1
12354_sub11	0	1	0	1	0	0	0	1
12364_sub0	0	2	1	1	0	0	1	1
12364_sub1	0	1	0	1	0	0	0	1
12364_sub2	0	1	1	0	0	0	1	0
12364_sub3	0	1	0	1	0	0	0	1
12364_sub4	0	1	1	0	0	0	1	0
12364_sub5	0	1	1	0	0	0	1	0
12365_sub0	0	1	0	1	0	0	0	1
12365_sub1	0	1	1	0	0	0	1	0
12365_sub2	0	1	1	0	0	0	1	0
12365_sub3	0	1	1	0	0	0	1	0
12365_sub4	0	1	1	0	0	0	1	0
12365_sub5	0	1	1	0	0	0	1	0
12370_sub0	0	1	1	0	0	0	1	0
12370_sub1	0	1	0	1	0	0	0	1
12370_sub2	0	1	0	1	0	0	0	1
12370_sub3	0	1	1	0	0	0	1	0
12370_sub4	0	1	1	0	0	0	1	0
12370_sub5	0	1	1	0	0	0	1	0
12370_sub6	0	1	0	1	0	0	0	1
12376_sub0	0	1	0	1	0	0	0	1
12376_sub1	0	1	1	0	0	0	1	0
12376_sub2	0	1	0	1	0	0	0	1
12376_sub3	0	1	0	1	0	0	0	1
12376_sub4	0	1	1	0	0	0	1	0
12376_sub5	0	1	0	1	0	0	0	1
12376_sub6	0	1	1	0	0	0	1	0
12380_sub0	0	2	1	1	0	0	1	1
12380_sub1	0	1	1	0	0	0	1	0
12380_sub2	0	1	0	1	0	0	0	1
12380_sub3	0	1	0	1	0	0	0	1
12380_sub4	0	1	1	0	0	0	1	0
12380_sub5	0	1	0	1	0	0	0	1
12380_sub6	0	1	0	1	0	0	0	1
12384_sub0	0	1	0	1	0	0	0	1
12384_sub1	0	1	1	0	0	0	1	0
12384_sub2	0	1	1	0	0	0	1	0
12384_sub3	0	1	0	1	0	0	0	1
12384_sub4	0	1	0	1	0	0	0	1
12384_sub5	0	1	1	0	0	0	1	0
12385_sub0	0	1	1	0	0	0	1	0
12385_sub1	0	1	1	0	0	0	1	0
12385_sub2	0	1	1	0	0	0	1	0
12385_sub3	0	1	1	0	0	0	1	0
12385_sub4	0	1	0	1	0	0	0	1
12385_sub5	0	1	1	0	0	0	1	0
12385_sub6	0	1	1	0	0	0	1	0
12385_sub7	0	1	1	0	0	0	1	0
12385_sub8	0	1	0	1	0	0	0	1
12386_sub0	1	16	9	7	9	7	0	0
12388_sub0	0	1	0	1	0	0	0	1
12388_sub1	0	1	1	0	0	0	1	0
12388_sub2	0	1	1	0	0	0	1	0
12388_sub3	0	1	0	1	0	0	0	1
12388_sub4	0	1	1	0	0	0	1	0
12388_sub5	0	1	1	0	0	0	1	0
12388_sub6	0	1	0	1	0	0	0	1
12388_sub7	0	1	0	1	0	0	0	1
12388_sub8	0	1	0	1	0	0	0	1
12389_sub0	0	1	0	1	0	0	0	1
12389_sub1	0	1	0	1	0	0	0	1
12389_sub2	0	1	1	0	0	0	1	0
12389_sub3	0	1	0	1	0	0	0	1
12389_sub4	0	1	0	1	0	0	0	1
12389_sub5	0	1	0	1	0	0	0	1
12393_sub0	0	1	1	0	0	0	1	0
12393_sub1	0	1	0	1	0	0	0	1
12393_sub2	0	1	0	1	0	0	0	1
12393_sub3	0	1	0	1	0	0	0	1
12393_sub4	0	1	1	0	0	0	1	0
12393_sub5	0	1	1	0	0	0	1	0
12394_sub0	0	1	1	0	0	0	1	0
12394_sub1	0	5	1	4	0	0	1	4
12395_sub0	0	1	0	1	0	0	0	1
12395_sub1	1	16	7	9	7	9	0	0
12395_sub2	0	1	0	1	0	0	0	1
12395_sub3	0	1	0	1	0	0	0	1
12395_sub4	0	1	1	0	0	0	1	0
12395_sub5	0	1	1	0	0	0	1	0
12398_sub0	1	17	7	10	7	10	0	0
12398_sub1	0	1	0	1	0	0	0	1
124_sub0	0	1	1	0	0	0	1	0
124_sub1	0	4	4	0	0	0	4	0
124_sub2	0	1	0	1	0	0	0	1
124_sub3	0	1	0	1	0	0	0	1
124_sub4	0	1	0	1	0	0	0	1
124_sub5	0	1	1	0	0	0	1	0
124_sub6	0	1	0	1	0	0	0	1
124_sub7	0	1	1	0	0	0	1	0
1240_sub0	1	8	4	4	4	4	0	0
1240_sub1	0	1	0	1	0	0	0	1
1240_sub2	0	1	1	0	0	0	1	0
1240_sub3	0	1	1	0	0	0	1	0
12401_sub0	0	2	1	1	0	0	1	1
12401_sub1	0	1	1	0	0	0	1	0
12401_sub2	0	1	0	1	0	0	0	1
12401_sub3	0	1	0	1	0	0	0	1
12401_sub4	0	1	1	0	0	0	1	0
12412_sub0	0	1	1	0	0	0	1	0
12412_sub1	0	1	1	0	0	0	1	0
12412_sub2	0	1	1	0	0	0	1	0
12412_sub3	0	1	0	1	0	0	0	1
12412_sub4	0	1	1	0	0	0	1	0
12412_sub5	0	1	1	0	0	0	1	0
12414_sub0	0	1	0	1	0	0	0	1
12414_sub1	0	1	1	0	0	0	1	0
12414_sub2	0	1	0	1	0	0	0	1
12414_sub3	0	1	0	1	0	0	0	1
12414_sub4	0	1	0	1	0	0	0	1
12414_sub5	0	1	0	1	0	0	0	1
12414_sub6	0	1	0	1	0	0	0	1
12421_sub0	0	1	1	0	0	0	1	0
12421_sub1	0	1	0	1	0	0	0	1
12421_sub2	0	1	0	1	0	0	0	1
12421_sub3	0	1	1	0	0	0	1	0
12421_sub4	0	1	0	1	0	0	0	1
12421_sub5	0	1	0	1	0	0	0	1
12421_sub6	0	1	1	0	0	0	1	0
12421_sub7	0	1	1	0	0	0	1	0
12421_sub8	0	1	1	0	0	0	1	0
12421_sub9	0	1	1	0	0	0	1	0
12421_sub10	0	1	1	0	0	0	1	0
12434_sub0	0	1	1	0	0	0	1	0
12434_sub1	0	1	0	1	0	0	0	1
12434_sub2	0	1	1	0	0	0	1	0
12434_sub3	0	1	0	1	0	0	0	1
12434_sub4	0	1	1	0	0	0	1	0
12434_sub5	0	1	0	1	0	0	0	1
12441_sub0	0	1	1	0	0	0	1	0
12441_sub1	0	1	1	0	0	0	1	0
12441_sub2	0	1	0	1	0	0	0	1
12441_sub3	0	1	1	0	0	0	1	0
12441_sub4	0	1	1	0	0	0	1	0
12441_sub5	0	1	1	0	0	0	1	0
12443_sub0	0	1	1	0	0	0	1	0
12443_sub1	0	1	1	0	0	0	1	0
12443_sub2	0	1	0	1	0	0	0	1
12443_sub3	0	1	1	0	0	0	1	0
12443_sub4	0	1	1	0	0	0	1	0
12443_sub5	0	1	1	0	0	0	1	0
12443_sub6	0	1	1	0	0	0	1	0
12445_sub0	0	1	1	0	0	0	1	0
12445_sub1	0	1	1	0	0	0	1	0
12445_sub2	0	1	0	1	0	0	0	1
12445_sub3	0	1	1	0	0	0	1	0
12445_sub4	0	1	1	0	0	0	1	0
12445_sub5	0	1	0	1	0	0	0	1
12445_sub6	0	1	0	1	0	0	0	1
1245_sub0	0	1	0	1	0	0	0	1
1245_sub1	0	1	1	0	0	0	1	0
1245_sub2	0	1	0	1	0	0	0	1
1245_sub3	1	22	4	18	4	16	0	2
1245_sub4	0	1	0	1	0	0	0	1
1245_sub5	0	1	1	0	0	0	1	0
12450_sub0	0	1	1	0	0	0	1	0
12450_sub1	0	1	1	0	0	0	1	0
12450_sub2	0	1	1	0	0	0	1	0
12450_sub3	0	1	1	0	0	0	1	0
12450_sub4	0	1	1	0	0	0	1	0
12450_sub5	0	1	0	1	0	0	0	1
12450_sub6	0	1	0	1	0	0	0	1
12453_sub0	0	1	1	0	0	0	1	0
12453_sub1	0	1	0	1	0	0	0	1
12453_sub2	0	1	1	0	0	0	1	0
12453_sub3	0	1	0	1	0	0	0	1
12453_sub4	0	1	0	1	0	0	0	1
12453_sub5	0	1	1	0	0	0	1	0
1246_sub0	0	1	1	0	0	0	1	0
1246_sub1	1	11	5	6	5	6	0	0
1246_sub2	0	1	0	1	0	0	0	1
1246_sub3	0	1	0	1	0	0	0	1
1246_sub4	0	1	0	1	0	0	0	1
12463_sub0	0	1	1	0	0	0	1	0
12463_sub1	0	1	1	0	0	0	1	0
12463_sub2	0	1	0	1	0	0	0	1
12463_sub3	0	4	2	2	0	0	2	2
12463_sub4	0	1	1	0	0	0	1	0
12465_sub0	1	13	6	7	6	7	0	0
12465_sub1	0	1	0	1	0	0	0	1
12465_sub2	0	1	1	0	0	0	1	0
12465_sub3	0	1	1	0	0	0	1	0
12467_sub0	1	16	6	10	6	10	0	0
12467_sub1	0	1	1	0	0	0	1	0
12467_sub2	0	1	1	0	0	0	1	0
12467_sub3	0	1	1	0	0	0	1	0
12467_sub4	0	1	1	0	0	0	1	0
12467_sub5	0	1	1	0	0	0	1	0
12467_sub6	0	1	1	0	0	0	1	0
12467_sub7	0	1	1	0	0	0	1	0
1247_sub0	0	1	1	0	0	0	1	0
1247_sub1	0	1	1	0	0	0	1	0
1247_sub2	0	1	0	1	0	0	0	1
1247_sub3	0	1	1	0	0	0	1	0
1247_sub4	0	1	1	0	0	0	1	0
1247_sub5	0	1	1	0	0	0	1	0
12472_sub0	0	1	0	1	0	0	0	1
12472_sub1	0	1	0	1	0	0	0	1
12472_sub2	0	1	1	0	0	0	1	0
12472_sub3	0	1	1	0	0	0	1	0
12472_sub4	0	1	1	0	0	0	1	0
12472_sub5	0	1	1	0	0	0	1	0
12472_sub6	0	1	1	0	0	0	1	0
12473_sub0	0	1	1	0	0	0	1	0
12473_sub1	0	1	1	0	0	0	1	0
12473_sub2	0	1	0	1	0	0	0	1
12473_sub3	0	1	1	0	0	0	1	0
12473_sub4	0	1	1	0	0	0	1	0
12473_sub5	0	1	1	0	0	0	1	0
12473_sub6	0	1	1	0	0	0	1	0
12476_sub0	0	1	1	0	0	0	1	0
12476_sub1	0	1	1	0	0	0	1	0
12476_sub2	0	1	1	0	0	0	1	0
12476_sub3	0	1	0	1	0	0	0	1
12476_sub4	0	1	1	0	0	0	1	0
12476_sub5	0	1	0	1	0	0	0	1
12476_sub6	0	1	0	1	0	0	0	1
12477_sub0	0	1	0	1	0	0	0	1
12477_sub1	0	1	0	1	0	0	0	1
12477_sub2	0	1	1	0	0	0	1	0
12477_sub3	0	1	1	0	0	0	1	0
12477_sub4	0	1	0	1	0	0	0	1
12477_sub5	0	1	0	1	0	0	0	1
12477_sub6	0	1	0	1	0	0	0	1
12482_sub0	0	1	0	1	0	0	0	1
12482_sub1	0	1	0	1	0	0	0	1
12482_sub2	0	1	1	0	0	0	1	0
12482_sub3	0	1	1	0	0	0	1	0
12482_sub4	0	1	0	1	0	0	0	1
12482_sub5	0	1	1	0	0	0	1	0
1249_sub0	0	1	0	1	0	0	0	1
1249_sub1	1	6	3	3	3	3	0	0
1249_sub2	0	1	0	1	0	0	0	1
1249_sub3	0	1	0	1	0	0	0	1
1249_sub4	0	1	0	1	0	0	0	1
1249_sub5	0	1	0	1	0	0	0	1
1249_sub6	0	1	1	0	0	0	1	0
12491_sub0	0	1	1	0	0	0	1	0
12491_sub1	0	1	1	0	0	0	1	0
12491_sub2	0	1	1	0	0	0	1	0
12491_sub3	0	1	1	0	0	0	1	0
12491_sub4	0	1	0	1	0	0	0	1
12491_sub5	0	1	1	0	0	0	1	0
12491_sub6	0	1	0	1	0	0	0	1
12498_sub0	0	1	0	1	0	0	0	1
12498_sub1	0	1	1	0	0	0	1	0
12498_sub2	0	1	1	0	0	0	1	0
12498_sub3	0	1	0	1	0	0	0	1
12498_sub4	0	1	1	0	0	0	1	0
12498_sub5	0	1	0	1	0	0	0	1
12498_sub6	0	1	1	0	0	0	1	0
12498_sub7	0	1	1	0	0	0	1	0
12498_sub8	0	1	0	1	0	0	0	1
12498_sub9	0	1	0	1	0	0	0	1
12498_sub10	0	1	0	1	0	0	0	1
12500_sub0	1	11	5	6	5	6	0	0
12500_sub1	0	1	1	0	0	0	1	0
12500_sub2	0	1	1	0	0	0	1	0
12500_sub3	0	1	1	0	0	0	1	0
1251_sub0	0	1	0	1	0	0	0	1
1251_sub1	0	1	0	1	0	0	0	1
1251_sub2	0	1	0	1	0	0	0	1
1251_sub3	0	1	1	0	0	0	1	0
1251_sub4	0	1	0	1	0	0	0	1
1251_sub5	0	1	1	0	0	0	1	0
1251_sub6	0	1	0	1	0	0	0	1
1251_sub7	0	1	1	0	0	0	1	0
12513_sub0	0	1	1	0	0	0	1	0
12513_sub1	0	1	1	0	0	0	1	0
12513_sub2	0	1	0	1	0	0	0	1
12513_sub3	0	1	0	1	0	0	0	1
12513_sub4	0	1	0	1	0	0	0	1
12513_sub5	0	1	0	1	0	0	0	1
12513_sub6	0	1	0	1	0	0	0	1
12515_sub0	1	13	4	9	4	9	0	0
12515_sub1	0	1	1	0	0	0	1	0
12515_sub2	0	1	1	0	0	0	1	0
12517_sub0	1	8	4	4	4	4	0	0
12517_sub1	0	1	1	0	0	0	1	0
12517_sub2	0	1	1	0	0	0	1	0
12517_sub3	0	1	0	1	0	0	0	1
12517_sub4	0	1	1	0	0	0	1	0
12520_sub0	0	1	0	1	0	0	0	1
12520_sub1	0	1	0	1	0	0	0	1
12520_sub2	0	1	0	1	0	0	0	1
12520_sub3	0	1	1	0	0	0	1	0
12520_sub4	0	1	1	0	0	0	1	0
12520_sub5	0	1	0	1	0	0	0	1
12520_sub6	0	1	0	1	0	0	0	1
12520_sub7	0	1	0	1	0	0	0	1
12522_sub0	0	1	0	1	0	0	0	1
12522_sub1	1	6	2	4	2	4	0	0
12522_sub2	0	1	1	0	0	0	1	0
12522_sub3	0	1	0	1	0	0	0	1
12522_sub4	0	1	0	1	0	0	0	1
12522_sub5	0	1	1	0	0	0	1	0
12522_sub6	0	1	0	1	0	0	0	1
12523_sub0	0	1	1	0	0	0	1	0
12523_sub1	0	5	2	3	0	0	2	3
12523_sub2	0	1	1	0	0	0	1	0
12523_sub3	0	1	0	1	0	0	0	1
12523_sub4	0	1	0	1	0	0	0	1
12529_sub0	0	1	1	0	0	0	1	0
12529_sub1	0	1	0	1	0	0	0	1
12529_sub2	0	1	0	1	0	0	0	1
12529_sub3	0	1	0	1	0	0	0	1
12529_sub4	0	1	0	1	0	0	0	1
12529_sub5	0	1	0	1	0	0	0	1
12529_sub6	0	1	1	0	0	0	1	0
12534_sub0	0	1	0	1	0	0	0	1
12534_sub1	0	1	0	1	0	0	0	1
12534_sub2	0	1	1	0	0	0	1	0
12534_sub3	0	1	1	0	0	0	1	0
12534_sub4	0	1	1	0	0	0	1	0
12534_sub5	0	1	0	1	0	0	0	1
12534_sub6	0	1	1	0	0	0	1	0
12534_sub7	0	1	0	1	0	0	0	1
12535_sub0	1	7	4	3	4	3	0	0
12535_sub1	0	1	1	0	0	0	1	0
12535_sub2	0	1	0	1	0	0	0	1
12535_sub3	0	1	0	1	0	0	0	1
12535_sub4	0	1	0	1	0	0	0	1
12539_sub0	0	1	1	0	0	0	1	0
12539_sub1	0	1	0	1	0	0	0	1
12539_sub2	0	1	1	0	0	0	1	0
12539_sub3	0	1	0	1	0	0	0	1
12539_sub4	0	1	1	0	0	0	1	0
12539_sub5	0	1	1	0	0	0	1	0
1254_sub0	0	1	0	1	0	0	0	1
1254_sub1	1	13	9	4	9	4	0	0
1254_sub2	0	1	0	1	0	0	0	1
1254_sub3	0	1	0	1	0	0	0	1
1254_sub4	0	1	1	0	0	0	1	0
1254_sub5	0	1	0	1	0	0	0	1
1254_sub6	0	1	0	1	0	0	0	1
12544_sub0	0	1	0	1	0	0	0	1
12544_sub1	0	1	0	1	0	0	0	1
12544_sub2	0	1	0	1	0	0	0	1
12544_sub3	0	1	0	1	0	0	0	1
12544_sub4	0	1	0	1	0	0	0	1
12544_sub5	0	2	1	1	0	0	1	1
12544_sub6	0	1	1	0	0	0	1	0
12547_sub0	0	1	1	0	0	0	1	0
12547_sub1	0	1	1	0	0	0	1	0
12547_sub2	0	1	0	1	0	0	0	1
12547_sub3	0	1	0	1	0	0	0	1
12547_sub4	0	1	1	0	0	0	1	0
12547_sub5	0	1	0	1	0	0	0	1
12547_sub6	0	1	0	1	0	0	0	1
12552_sub0	0	1	0	1	0	0	0	1
12552_sub1	1	15	4	11	4	11	0	0
12553_sub0	0	1	0	1	0	0	0	1
12553_sub1	0	1	1	0	0	0	1	0
12553_sub2	0	1	1	0	0	0	1	0
12553_sub3	0	1	0	1	0	0	0	1
12553_sub4	0	1	1	0	0	0	1	0
12553_sub5	0	1	0	1	0	0	0	1
12557_sub0	1	8	3	5	3	5	0	0
12557_sub1	0	1	0	1	0	0	0	1
12557_sub2	0	1	1	0	0	0	1	0
12559_sub0	0	1	0	1	0	0	0	1
12559_sub1	0	1	0	1	0	0	0	1
12559_sub2	0	1	1	0	0	0	1	0
12559_sub3	0	1	0	1	0	0	0	1
12559_sub4	0	1	0	1	0	0	0	1
12559_sub5	0	1	1	0	0	0	1	0
12561_sub0	0	1	0	1	0	0	0	1
12561_sub1	0	2	2	0	0	0	2	0
12561_sub2	0	1	0	1	0	0	0	1
12561_sub3	0	1	0	1	0	0	0	1
12561_sub4	0	1	1	0	0	0	1	0
12561_sub5	0	1	0	1	0	0	0	1
12561_sub6	0	1	0	1	0	0	0	1
12569_sub0	1	10	7	3	7	3	0	0
12569_sub1	0	1	0	1	0	0	0	1
12569_sub2	0	1	0	1	0	0	0	1
12569_sub3	0	1	0	1	0	0	0	1
12569_sub4	0	1	1	0	0	0	1	0
1257_sub0	0	1	0	1	0	0	0	1
1257_sub1	0	1	0	1	0	0	0	1
1257_sub2	1	18	7	11	7	11	0	0
1257_sub3	0	1	0	1	0	0	0	1
1257_sub4	0	1	1	0	0	0	1	0
1257_sub5	0	1	0	1	0	0	0	1
12579_sub0	0	1	0	1	0	0	0	1
12579_sub1	0	1	1	0	0	0	1	0
12579_sub2	0	1	0	1	0	0	0	1
12579_sub3	0	1	0	1	0	0	0	1
12579_sub4	0	1	1	0	0	0	1	0
12579_sub5	0	1	0	1	0	0	0	1
12585_sub0	0	1	0	1	0	0	0	1
12585_sub1	0	1	1	0	0	0	1	0
12585_sub2	0	1	0	1	0	0	0	1
12585_sub3	0	1	0	1	0	0	0	1
12585_sub4	0	1	0	1	0	0	0	1
12585_sub5	0	1	1	0	0	0	1	0
12587_sub0	0	1	0	1	0	0	0	1
12587_sub1	0	1	1	0	0	0	1	0
12587_sub2	0	1	1	0	0	0	1	0
12587_sub3	0	1	1	0	0	0	1	0
12587_sub4	0	2	1	1	0	0	1	1
12593_sub0	0	1	0	1	0	0	0	1
12593_sub1	0	1	1	0	0	0	1	0
12593_sub2	0	1	0	1	0	0	0	1
12593_sub3	0	1	1	0	0	0	1	0
12593_sub4	0	1	0	1	0	0	0	1
12593_sub5	0	1	1	0	0	0	1	0
12593_sub6	0	1	1	0	0	0	1	0
12593_sub7	0	1	0	1	0	0	0	1
12595_sub0	0	1	1	0	0	0	1	0
12595_sub1	0	1	1	0	0	0	1	0
12595_sub2	0	1	1	0	0	0	1	0
12595_sub3	0	1	1	0	0	0	1	0
12595_sub4	0	1	0	1	0	0	0	1
12595_sub5	0	1	0	1	0	0	0	1
12595_sub6	0	1	1	0	0	0	1	0
12595_sub7	0	1	0	1	0	0	0	1
1260_sub0	0	1	1	0	0	0	1	0
1260_sub1	1	15	11	4	11	4	0	0
1260_sub2	0	1	1	0	0	0	1	0
1260_sub3	0	1	1	0	0	0	1	0
12602_sub0	0	2	1	1	0	0	1	1
12602_sub1	0	1	0	1	0	0	0	1
12602_sub2	0	1	0	1	0	0	0	1
12602_sub3	0	1	0	1	0	0	0	1
12602_sub4	0	1	1	0	0	0	1	0
12614_sub0	0	1	0	1	0	0	0	1
12614_sub1	0	1	1	0	0	0	1	0
12614_sub2	0	1	0	1	0	0	0	1
12614_sub3	0	1	0	1	0	0	0	1
12614_sub4	0	1	0	1	0	0	0	1
12614_sub5	0	1	0	1	0	0	0	1
12622_sub0	0	1	1	0	0	0	1	0
12622_sub1	0	1	1	0	0	0	1	0
12622_sub2	0	1	0	1	0	0	0	1
12622_sub3	0	1	0	1	0	0	0	1
12622_sub4	0	1	1	0	0	0	1	0
12622_sub5	0	1	1	0	0	0	1	0
12622_sub6	0	1	0	1	0	0	0	1
12622_sub7	0	1	0	1	0	0	0	1
12627_sub0	0	1	0	1	0	0	0	1
12627_sub1	0	1	0	1	0	0	0	1
12627_sub2	0	1	1	0	0	0	1	0
12627_sub3	0	1	0	1	0	0	0	1
12627_sub4	0	1	1	0	0	0	1	0
12627_sub5	0	1	0	1	0	0	0	1
12627_sub6	0	1	0	1	0	0	0	1
12629_sub0	0	1	0	1	0	0	0	1
12629_sub1	0	1	1	0	0	0	1	0
12629_sub2	0	1	1	0	0	0	1	0
12629_sub3	0	1	0	1	0	0	0	1
12629_sub4	0	1	0	1	0	0	0	1
12629_sub5	0	1	1	0	0	0	1	0
12637_sub0	0	4	4	0	0	0	4	0
12637_sub1	0	1	1	0	0	0	1	0
12637_sub2	0	1	1	0	0	0	1	0
12637_sub3	0	1	0	1	0	0	0	1
12637_sub4	0	1	0	1	0	0	0	1
1264_sub0	0	1	1	0	0	0	1	0
1264_sub1	1	23	14	9	11	9	3	0
1264_sub2	0	1	1	0	0	0	1	0
1264_sub3	0	1	1	0	0	0	1	0
1264_sub4	0	1	0	1	0	0	0	1
1264_sub5	0	1	0	1	0	0	0	1
1264_sub6	0	1	0	1	0	0	0	1
1264_sub7	0	1	0	1	0	0	0	1
1264_sub8	0	1	1	0	0	0	1	0
1264_sub9	0	1	1	0	0	0	1	0
1264_sub10	0	1	1	0	0	0	1	0
1264_sub11	0	1	1	0	0	0	1	0
1264_sub12	0	1	1	0	0	0	1	0
1264_sub13	0	1	0	1	0	0	0	1
1264_sub14	0	1	0	1	0	0	0	1
12647_sub0	0	1	0	1	0	0	0	1
12647_sub1	0	1	0	1	0	0	0	1
12647_sub2	0	2	1	1	0	0	1	1
12647_sub3	0	1	1	0	0	0	1	0
12647_sub4	0	1	0	1	0	0	0	1
12648_sub0	1	8	5	3	5	3	0	0
12648_sub1	0	1	1	0	0	0	1	0
1265_sub0	0	1	1	0	0	0	1	0
1265_sub1	1	18	7	11	7	11	0	0
1265_sub2	0	1	0	1	0	0	0	1
1265_sub3	0	1	1	0	0	0	1	0
1265_sub4	0	1	1	0	0	0	1	0
1265_sub5	0	1	0	1	0	0	0	1
12655_sub0	1	11	4	7	4	7	0	0
12655_sub1	0	1	1	0	0	0	1	0
1266_sub0	0	1	0	1	0	0	0	1
1266_sub1	0	3	1	2	0	0	1	2
1266_sub2	0	1	1	0	0	0	1	0
1266_sub3	0	1	0	1	0	0	0	1
1266_sub4	0	1	1	0	0	0	1	0
1266_sub5	0	1	1	0	0	0	1	0
12660_sub0	0	1	1	0	0	0	1	0
12660_sub1	0	1	1	0	0	0	1	0
12660_sub2	0	1	1	0	0	0	1	0
12660_sub3	0	1	0	1	0	0	0	1
12660_sub4	0	1	1	0	0	0	1	0
12660_sub5	0	1	0	1	0	0	0	1
12660_sub6	0	1	1	0	0	0	1	0
12675_sub0	0	1	1	0	0	0	1	0
12675_sub1	0	1	0	1	0	0	0	1
12675_sub2	0	1	1	0	0	0	1	0
12675_sub3	0	1	0	1	0	0	0	1
12675_sub4	0	1	0	1	0	0	0	1
12675_sub5	0	1	0	1	0	0	0	1
12677_sub0	0	1	1	0	0	0	1	0
12677_sub1	1	14	7	7	7	7	0	0
12681_sub0	0	1	1	0	0	0	1	0
12681_sub1	0	1	1	0	0	0	1	0
12681_sub2	0	1	0	1	0	0	0	1
12681_sub3	0	1	1	0	0	0	1	0
12681_sub4	0	1	0	1	0	0	0	1
12681_sub5	0	1	0	1	0	0	0	1
12681_sub6	0	1	1	0	0	0	1	0
12683_sub0	0	1	1	0	0	0	1	0
12683_sub1	0	1	0	1	0	0	0	1
12683_sub2	0	1	1	0	0	0	1	0
12683_sub3	0	1	0	1	0	0	0	1
12683_sub4	0	1	1	0	0	0	1	0
12683_sub5	0	1	1	0	0	0	1	0
12683_sub6	0	1	1	0	0	0	1	0
12687_sub0	0	1	1	0	0	0	1	0
12687_sub1	0	1	1	0	0	0	1	0
12687_sub2	0	1	0	1	0	0	0	1
12687_sub3	0	1	1	0	0	0	1	0
12687_sub4	0	1	0	1	0	0	0	1
12687_sub5	0	1	1	0	0	0	1	0
12687_sub6	0	1	1	0	0	0	1	0
12692_sub0	1	8	5	3	5	3	0	0
12692_sub1	0	1	0	1	0	0	0	1
12692_sub2	0	1	1	0	0	0	1	0
12692_sub3	0	1	1	0	0	0	1	0
1270_sub0	0	1	0	1	0	0	0	1
1270_sub1	1	11	3	8	3	8	0	0
1270_sub2	0	1	1	0	0	0	1	0
12702_sub0	0	1	0	1	0	0	0	1
12702_sub1	0	1	0	1	0	0	0	1
12702_sub2	0	1	0	1	0	0	0	1
12702_sub3	0	3	3	0	0	0	3	0
12702_sub4	0	1	1	0	0	0	1	0
12702_sub5	0	1	0	1	0	0	0	1
12702_sub6	0	1	1	0	0	0	1	0
12702_sub7	0	1	1	0	0	0	1	0
12702_sub8	0	1	0	1	0	0	0	1
12703_sub0	0	1	1	0	0	0	1	0
12703_sub1	0	5	3	2	0	0	3	2
12703_sub2	0	1	1	0	0	0	1	0
12703_sub3	0	1	0	1	0	0	0	1
12703_sub4	0	1	1	0	0	0	1	0
1271_sub0	0	1	1	0	0	0	1	0
1271_sub1	1	13	5	8	5	8	0	0
1271_sub2	0	2	0	2	0	0	0	2
1271_sub3	0	1	1	0	0	0	1	0
1271_sub4	0	1	0	1	0	0	0	1
1271_sub5	0	1	0	1	0	0	0	1
12711_sub0	0	1	1	0	0	0	1	0
12711_sub1	0	1	1	0	0	0	1	0
12711_sub2	0	1	1	0	0	0	1	0
12711_sub3	0	1	1	0	0	0	1	0
12711_sub4	0	1	1	0	0	0	1	0
12711_sub5	0	1	1	0	0	0	1	0
12717_sub0	0	1	1	0	0	0	1	0
12717_sub1	0	1	1	0	0	0	1	0
12717_sub2	0	1	1	0	0	0	1	0
12717_sub3	0	1	1	0	0	0	1	0
12717_sub4	0	1	1	0	0	0	1	0
12717_sub5	0	1	0	1	0	0	0	1
12717_sub6	0	1	1	0	0	0	1	0
12717_sub7	0	1	0	1	0	0	0	1
12719_sub0	0	1	0	1	0	0	0	1
12719_sub1	0	1	1	0	0	0	1	0
12719_sub2	0	1	1	0	0	0	1	0
12719_sub3	0	1	0	1	0	0	0	1
12719_sub4	0	1	1	0	0	0	1	0
12719_sub5	0	1	1	0	0	0	1	0
12725_sub0	0	1	0	1	0	0	0	1
12725_sub1	0	1	0	1	0	0	0	1
12725_sub2	0	1	0	1	0	0	0	1
12725_sub3	0	1	0	1	0	0	0	1
12725_sub4	0	2	1	1	0	0	1	1
12725_sub5	0	1	0	1	0	0	0	1
12727_sub0	0	1	0	1	0	0	0	1
12727_sub1	0	1	0	1	0	0	0	1
12727_sub2	0	1	1	0	0	0	1	0
12727_sub3	0	1	0	1	0	0	0	1
12727_sub4	0	1	1	0	0	0	1	0
12727_sub5	0	1	0	1	0	0	0	1
1273_sub0	0	1	0	1	0	0	0	1
1273_sub1	1	12	5	7	5	7	0	0
1273_sub2	0	1	1	0	0	0	1	0
1273_sub3	0	1	0	1	0	0	0	1
12736_sub0	0	1	1	0	0	0	1	0
12736_sub1	0	1	1	0	0	0	1	0
12736_sub2	0	1	1	0	0	0	1	0
12736_sub3	0	1	1	0	0	0	1	0
12736_sub4	0	1	1	0	0	0	1	0
12736_sub5	0	1	0	1	0	0	0	1
12736_sub6	0	1	1	0	0	0	1	0
12736_sub7	0	1	0	1	0	0	0	1
12736_sub8	0	1	0	1	0	0	0	1
12736_sub9	0	1	0	1	0	0	0	1
12739_sub0	0	1	1	0	0	0	1	0
12739_sub1	0	3	0	3	0	0	0	3
12739_sub2	0	1	1	0	0	0	1	0
12739_sub3	0	1	0	1	0	0	0	1
1274_sub0	0	1	0	1	0	0	0	1
1274_sub1	1	13	9	4	9	4	0	0
1274_sub2	0	1	0	1	0	0	0	1
1274_sub3	0	1	1	0	0	0	1	0
1274_sub4	0	1	0	1	0	0	0	1
1274_sub5	0	1	0	1	0	0	0	1
1274_sub6	0	1	0	1	0	0	0	1
1274_sub7	0	1	0	1	0	0	0	1
12741_sub0	0	1	1	0	0	0	1	0
12741_sub1	0	1	0	1	0	0	0	1
12741_sub2	0	1	1	0	0	0	1	0
12741_sub3	0	1	1	0	0	0	1	0
12741_sub4	0	1	0	1	0	0	0	1
12741_sub5	0	1	1	0	0	0	1	0
12741_sub6	0	1	1	0	0	0	1	0
12741_sub7	0	1	0	1	0	0	0	1
12741_sub8	0	1	0	1	0	0	0	1
12744_sub0	0	1	0	1	0	0	0	1
12744_sub1	0	1	1	0	0	0	1	0
12744_sub2	0	1	1	0	0	0	1	0
12744_sub3	0	1	0	1	0	0	0	1
12744_sub4	0	1	0	1	0	0	0	1
12744_sub5	0	1	1	0	0	0	1	0
12760_sub0	0	1	0	1	0	0	0	1
12760_sub1	0	1	0	1	0	0	0	1
12760_sub2	0	1	0	1	0	0	0	1
12760_sub3	0	1	1	0	0	0	1	0
12760_sub4	0	1	1	0	0	0	1	0
12760_sub5	0	1	0	1	0	0	0	1
12760_sub6	0	1	0	1	0	0	0	1
12762_sub0	0	1	0	1	0	0	0	1
12762_sub1	0	1	0	1	0	0	0	1
12762_sub2	0	1	0	1	0	0	0	1
12762_sub3	0	1	0	1	0	0	0	1
12762_sub4	0	1	0	1	0	0	0	1
12762_sub5	0	1	1	0	0	0	1	0
12762_sub6	0	1	0	1	0	0	0	1
12774_sub0	0	1	1	0	0	0	1	0
12774_sub1	0	1	0	1	0	0	0	1
12774_sub2	0	1	1	0	0	0	1	0
12774_sub3	0	1	1	0	0	0	1	0
12774_sub4	0	1	1	0	0	0	1	0
12774_sub5	0	1	1	0	0	0	1	0
12782_sub0	0	1	0	1	0	0	0	1
12782_sub1	0	1	0	1	0	0	0	1
12782_sub2	0	1	1	0	0	0	1	0
12782_sub3	0	1	1	0	0	0	1	0
12782_sub4	0	1	0	1	0	0	0	1
12782_sub5	0	1	0	1	0	0	0	1
12786_sub0	0	1	1	0	0	0	1	0
12786_sub1	1	16	8	8	8	8	0	0
12786_sub2	0	1	0	1	0	0	0	1
12786_sub3	0	1	1	0	0	0	1	0
12786_sub4	0	1	0	1	0	0	0	1
12786_sub5	0	1	1	0	0	0	1	0
12786_sub6	0	1	1	0	0	0	1	0
1279_sub0	0	1	0	1	0	0	0	1
1279_sub1	0	1	1	0	0	0	1	0
1279_sub2	0	1	1	0	0	0	1	0
1279_sub3	0	1	0	1	0	0	0	1
1279_sub4	0	1	0	1	0	0	0	1
1279_sub5	0	1	1	0	0	0	1	0
12796_sub0	0	1	0	1	0	0	0	1
12796_sub1	0	1	0	1	0	0	0	1
12796_sub2	0	1	1	0	0	0	1	0
12796_sub3	0	1	0	1	0	0	0	1
12796_sub4	0	1	1	0	0	0	1	0
12796_sub5	0	1	1	0	0	0	1	0
12796_sub6	0	1	1	0	0	0	1	0
12796_sub7	0	1	0	1	0	0	0	1
12801_sub0	0	1	1	0	0	0	1	0
12801_sub1	0	1	1	0	0	0	1	0
12801_sub2	0	1	0	1	0	0	0	1
12801_sub3	0	1	0	1	0	0	0	1
12801_sub4	0	1	0	1	0	0	0	1
12801_sub5	0	1	1	0	0	0	1	0
12801_sub6	0	1	0	1	0	0	0	1
12801_sub7	0	1	0	1	0	0	0	1
12801_sub8	0	1	0	1	0	0	0	1
12803_sub0	0	1	1	0	0	0	1	0
12803_sub1	0	1	0	1	0	0	0	1
12803_sub2	0	1	0	1	0	0	0	1
12803_sub3	0	1	0	1	0	0	0	1
12803_sub4	0	1	1	0	0	0	1	0
12803_sub5	0	1	1	0	0	0	1	0
12808_sub0	0	1	0	1	0	0	0	1
12808_sub1	0	1	1	0	0	0	1	0
12808_sub2	0	1	0	1	0	0	0	1
12808_sub3	0	1	0	1	0	0	0	1
12808_sub4	0	1	1	0	0	0	1	0
12808_sub5	0	1	1	0	0	0	1	0
12808_sub6	0	1	1	0	0	0	1	0
12808_sub7	0	1	1	0	0	0	1	0
12809_sub0	1	20	9	11	9	11	0	0
12809_sub1	0	2	0	2	0	0	0	2
12809_sub2	0	1	0	1	0	0	0	1
12809_sub3	0	1	1	0	0	0	1	0
12809_sub4	0	1	0	1	0	0	0	1
12809_sub5	0	1	1	0	0	0	1	0
1281_sub0	0	1	0	1	0	0	0	1
1281_sub1	1	23	14	9	11	9	3	0
1281_sub2	0	1	0	1	0	0	0	1
1281_sub3	0	1	1	0	0	0	1	0
1281_sub4	0	1	0	1	0	0	0	1
12811_sub0	0	1	0	1	0	0	0	1
12811_sub1	0	3	2	1	0	0	2	1
12811_sub2	0	1	0	1	0	0	0	1
12811_sub3	0	1	0	1	0	0	0	1
12818_sub0	1	12	8	4	8	4	0	0
12818_sub1	0	1	1	0	0	0	1	0
12818_sub2	0	1	1	0	0	0	1	0
12818_sub3	0	1	0	1	0	0	0	1
12826_sub0	0	1	0	1	0	0	0	1
12826_sub1	0	1	1	0	0	0	1	0
12826_sub2	0	1	0	1	0	0	0	1
12826_sub3	0	1	0	1	0	0	0	1
12826_sub4	0	1	1	0	0	0	1	0
12826_sub5	0	1	1	0	0	0	1	0
12826_sub6	0	1	1	0	0	0	1	0
12826_sub7	0	1	1	0	0	0	1	0
12831_sub0	0	1	0	1	0	0	0	1
12831_sub1	0	1	1	0	0	0	1	0
12831_sub2	0	1	0	1	0	0	0	1
12831_sub3	0	1	1	0	0	0	1	0
12831_sub4	0	1	1	0	0	0	1	0
12831_sub5	0	1	1	0	0	0	1	0
12832_sub0	0	1	0	1	0	0	0	1
12832_sub1	0	1	1	0	0	0	1	0
12832_sub2	0	1	1	0	0	0	1	0
12832_sub3	0	1	0	1	0	0	0	1
12832_sub4	0	1	0	1	0	0	0	1
12832_sub5	0	1	1	0	0	0	1	0
12834_sub0	0	1	1	0	0	0	1	0
12834_sub1	0	1	0	1	0	0	0	1
12834_sub2	0	1	1	0	0	0	1	0
12834_sub3	0	1	0	1	0	0	0	1
12834_sub4	0	1	1	0	0	0	1	0
12834_sub5	0	1	0	1	0	0	0	1
12834_sub6	0	1	0	1	0	0	0	1
12834_sub7	0	1	1	0	0	0	1	0
12834_sub8	0	1	1	0	0	0	1	0
12844_sub0	0	1	0	1	0	0	0	1
12844_sub1	0	1	0	1	0	0	0	1
12844_sub2	0	1	1	0	0	0	1	0
12844_sub3	0	1	1	0	0	0	1	0
12844_sub4	0	1	1	0	0	0	1	0
12844_sub5	0	1	1	0	0	0	1	0
12844_sub6	0	1	0	1	0	0	0	1
12848_sub0	0	1	0	1	0	0	0	1
12848_sub1	1	6	3	3	3	3	0	0
12848_sub2	0	1	0	1	0	0	0	1
12849_sub0	0	4	1	3	0	0	1	3
12849_sub1	0	1	1	0	0	0	1	0
12849_sub2	0	1	1	0	0	0	1	0
12849_sub3	0	1	0	1	0	0	0	1
12849_sub4	0	1	0	1	0	0	0	1
1285_sub0	0	1	1	0	0	0	1	0
1285_sub1	1	28	18	10	10	10	8	0
1285_sub2	0	1	1	0	0	0	1	0
1285_sub3	0	1	1	0	0	0	1	0
12850_sub0	1	15	10	5	10	5	0	0
12850_sub1	0	1	1	0	0	0	1	0
12850_sub2	0	1	0	1	0	0	0	1
12850_sub3	0	1	1	0	0	0	1	0
12852_sub0	1	9	5	4	5	4	0	0
12852_sub1	0	1	0	1	0	0	0	1
12852_sub2	0	1	0	1	0	0	0	1
12853_sub0	1	7	2	5	2	5	0	0
12853_sub1	0	1	0	1	0	0	0	1
12853_sub2	0	1	0	1	0	0	0	1
12856_sub0	0	1	1	0	0	0	1	0
12856_sub1	0	1	0	1	0	0	0	1
12856_sub2	0	1	0	1	0	0	0	1
12856_sub3	0	1	1	0	0	0	1	0
12856_sub4	0	1	0	1	0	0	0	1
12856_sub5	0	1	1	0	0	0	1	0
12857_sub0	0	1	1	0	0	0	1	0
12857_sub1	0	1	1	0	0	0	1	0
12857_sub2	0	1	1	0	0	0	1	0
12857_sub3	0	1	0	1	0	0	0	1
12857_sub4	0	1	1	0	0	0	1	0
12857_sub5	0	1	0	1	0	0	0	1
12857_sub6	0	1	1	0	0	0	1	0
12857_sub7	0	1	0	1	0	0	0	1
12857_sub8	0	1	0	1	0	0	0	1
12857_sub9	0	1	0	1	0	0	0	1
12862_sub0	0	1	0	1	0	0	0	1
12862_sub1	0	1	0	1	0	0	0	1
12862_sub2	0	1	1	0	0	0	1	0
12862_sub3	0	1	1	0	0	0	1	0
12862_sub4	0	1	0	1	0	0	0	1
12862_sub5	0	1	1	0	0	0	1	0
12862_sub6	0	1	0	1	0	0	0	1
12862_sub7	0	1	1	0	0	0	1	0
12862_sub8	0	1	0	1	0	0	0	1
12865_sub0	0	1	0	1	0	0	0	1
12865_sub1	1	15	7	8	7	8	0	0
12865_sub2	0	1	1	0	0	0	1	0
12865_sub3	0	1	0	1	0	0	0	1
12865_sub4	0	1	0	1	0	0	0	1
12865_sub5	0	1	1	0	0	0	1	0
12865_sub6	0	1	0	1	0	0	0	1
12865_sub7	0	1	1	0	0	0	1	0
12865_sub8	0	1	0	1	0	0	0	1
12866_sub0	0	1	0	1	0	0	0	1
12866_sub1	0	1	0	1	0	0	0	1
12866_sub2	0	1	0	1	0	0	0	1
12866_sub3	0	1	0	1	0	0	0	1
12866_sub4	0	1	1	0	0	0	1	0
12866_sub5	0	1	0	1	0	0	0	1
12866_sub6	0	1	1	0	0	0	1	0
12876_sub0	0	1	0	1	0	0	0	1
12876_sub1	0	1	0	1	0	0	0	1
12876_sub2	0	1	1	0	0	0	1	0
12876_sub3	0	1	1	0	0	0	1	0
12876_sub4	0	1	1	0	0	0	1	0
12876_sub5	0	1	0	1	0	0	0	1
12878_sub0	0	1	0	1	0	0	0	1
12878_sub1	0	1	0	1	0	0	0	1
12878_sub2	0	1	0	1	0	0	0	1
12878_sub3	0	1	1	0	0	0	1	0
12878_sub4	0	1	1	0	0	0	1	0
12878_sub5	0	1	1	0	0	0	1	0
12878_sub6	0	1	1	0	0	0	1	0
12878_sub7	0	1	0	1	0	0	0	1
12878_sub8	0	1	0	1	0	0	0	1
12878_sub9	0	1	0	1	0	0	0	1
12878_sub10	0	1	1	0	0	0	1	0
1288_sub0	0	1	0	1	0	0	0	1
1288_sub1	0	1	1	0	0	0	1	0
1288_sub2	0	1	1	0	0	0	1	0
1288_sub3	0	1	0	1	0	0	0	1
1288_sub4	0	1	0	1	0	0	0	1
1288_sub5	0	1	1	0	0	0	1	0
12882_sub0	0	1	0	1	0	0	0	1
12882_sub1	0	1	1	0	0	0	1	0
12882_sub2	0	1	0	1	0	0	0	1
12882_sub3	0	1	0	1	0	0	0	1
12882_sub4	0	1	0	1	0	0	0	1
12882_sub5	0	1	0	1	0	0	0	1
12882_sub6	0	1	0	1	0	0	0	1
12882_sub7	0	1	1	0	0	0	1	0
12882_sub8	0	1	1	0	0	0	1	0
12886_sub0	1	8	3	5	3	5	0	0
12886_sub1	0	1	0	1	0	0	0	1
12886_sub2	0	1	1	0	0	0	1	0
12886_sub3	0	1	1	0	0	0	1	0
12890_sub0	0	1	0	1	0	0	0	1
12890_sub1	0	1	1	0	0	0	1	0
12890_sub2	0	1	1	0	0	0	1	0
12890_sub3	0	1	1	0	0	0	1	0
12890_sub4	0	1	0	1	0	0	0	1
12890_sub5	0	1	1	0	0	0	1	0
12891_sub0	1	24	16	8	12	8	4	0
12891_sub1	0	1	0	1	0	0	0	1
12891_sub2	0	1	0	1	0	0	0	1
12891_sub3	0	1	0	1	0	0	0	1
12892_sub0	1	7	7	0	7	0	0	0
12892_sub1	0	1	1	0	0	0	1	0
12892_sub2	0	1	0	1	0	0	0	1
12892_sub3	0	1	1	0	0	0	1	0
12895_sub0	0	2	1	1	0	0	1	1
12895_sub1	1	22	11	11	10	10	1	1
12895_sub2	0	1	0	1	0	0	0	1
12895_sub3	0	1	1	0	0	0	1	0
12895_sub4	0	1	0	1	0	0	0	1
12895_sub5	0	1	1	0	0	0	1	0
12897_sub0	0	1	1	0	0	0	1	0
12897_sub1	1	7	4	3	4	3	0	0
12898_sub0	0	1	1	0	0	0	1	0
12898_sub1	0	1	1	0	0	0	1	0
12898_sub2	0	1	0	1	0	0	0	1
12898_sub3	0	1	0	1	0	0	0	1
12898_sub4	0	1	0	1	0	0	0	1
12898_sub5	0	1	1	0	0	0	1	0
12898_sub6	0	1	1	0	0	0	1	0
12898_sub7	0	1	0	1	0	0	0	1
12898_sub8	0	1	0	1	0	0	0	1
12898_sub9	0	1	0	1	0	0	0	1
1290_sub0	0	1	1	0	0	0	1	0
1290_sub1	0	1	0	1	0	0	0	1
1290_sub2	1	17	9	8	9	8	0	0
1290_sub3	0	1	1	0	0	0	1	0
1290_sub4	0	1	0	1	0	0	0	1
12902_sub0	0	1	0	1	0	0	0	1
12902_sub1	0	1	0	1	0	0	0	1
12902_sub2	0	1	1	0	0	0	1	0
12902_sub3	0	1	1	0	0	0	1	0
12902_sub4	0	1	0	1	0	0	0	1
12902_sub5	0	1	0	1	0	0	0	1
12904_sub0	0	1	0	1	0	0	0	1
12904_sub1	0	1	0	1	0	0	0	1
12904_sub2	0	1	0	1	0	0	0	1
12904_sub3	0	1	1	0	0	0	1	0
12904_sub4	0	1	1	0	0	0	1	0
12904_sub5	0	1	0	1	0	0	0	1
1291_sub0	0	1	1	0	0	0	1	0
1291_sub1	0	1	0	1	0	0	0	1
1291_sub2	0	1	1	0	0	0	1	0
1291_sub3	0	1	1	0	0	0	1	0
1291_sub4	0	1	0	1	0	0	0	1
1291_sub5	0	1	0	1	0	0	0	1
12914_sub0	0	1	0	1	0	0	0	1
12914_sub1	0	1	0	1	0	0	0	1
12914_sub2	0	1	0	1	0	0	0	1
12914_sub3	0	1	1	0	0	0	1	0
12914_sub4	0	1	1	0	0	0	1	0
12914_sub5	0	1	1	0	0	0	1	0
12918_sub0	1	12	6	6	6	6	0	0
12918_sub1	0	1	1	0	0	0	1	0
12918_sub2	0	1	1	0	0	0	1	0
12920_sub0	0	1	0	1	0	0	0	1
12920_sub1	0	1	0	1	0	0	0	1
12920_sub2	0	1	0	1	0	0	0	1
12920_sub3	0	1	0	1	0	0	0	1
12920_sub4	0	1	1	0	0	0	1	0
12920_sub5	0	1	1	0	0	0	1	0
12923_sub0	0	1	1	0	0	0	1	0
12923_sub1	0	1	0	1	0	0	0	1
12923_sub2	0	1	1	0	0	0	1	0
12923_sub3	0	1	0	1	0	0	0	1
12923_sub4	0	1	1	0	0	0	1	0
12923_sub5	0	1	1	0	0	0	1	0
12923_sub6	0	1	0	1	0	0	0	1
12923_sub7	0	1	0	1	0	0	0	1
12923_sub8	0	1	0	1	0	0	0	1
12924_sub0	0	1	0	1	0	0	0	1
12924_sub1	0	1	0	1	0	0	0	1
12924_sub2	0	1	0	1	0	0	0	1
12924_sub3	0	1	0	1	0	0	0	1
12924_sub4	0	1	0	1	0	0	0	1
12924_sub5	0	1	1	0	0	0	1	0
1293_sub0	0	1	0	1	0	0	0	1
1293_sub1	1	13	8	5	8	5	0	0
1293_sub2	0	1	0	1	0	0	0	1
1293_sub3	0	1	0	1	0	0	0	1
1293_sub4	0	1	0	1	0	0	0	1
1293_sub5	0	1	0	1	0	0	0	1
1293_sub6	0	1	1	0	0	0	1	0
1293_sub7	0	1	0	1	0	0	0	1
1293_sub8	0	1	0	1	0	0	0	1
1293_sub9	0	1	0	1	0	0	0	1
1293_sub10	0	1	1	0	0	0	1	0
1293_sub11	0	1	1	0	0	0	1	0
1295_sub0	0	1	1	0	0	0	1	0
1295_sub1	0	1	1	0	0	0	1	0
1295_sub2	0	1	1	0	0	0	1	0
1295_sub3	1	10	4	6	4	6	0	0
12966_sub0	0	1	0	1	0	0	0	1
12966_sub1	0	1	0	1	0	0	0	1
12966_sub2	0	1	0	1	0	0	0	1
12966_sub3	0	1	1	0	0	0	1	0
12966_sub4	0	2	2	0	0	0	2	0
12967_sub0	1	9	4	5	4	5	0	0
12967_sub1	0	1	1	0	0	0	1	0
12967_sub2	0	1	0	1	0	0	0	1
12967_sub3	0	1	0	1	0	0	0	1
12967_sub4	0	1	1	0	0	0	1	0
12970_sub0	0	2	1	1	0	0	1	1
12970_sub1	0	1	0	1	0	0	0	1
12970_sub2	0	1	0	1	0	0	0	1
12970_sub3	0	1	0	1	0	0	0	1
12970_sub4	0	1	1	0	0	0	1	0
12970_sub5	0	1	1	0	0	0	1	0
12974_sub0	1	16	7	9	7	9	0	0
12974_sub1	0	1	1	0	0	0	1	0
12974_sub2	0	1	0	1	0	0	0	1
12976_sub0	0	1	1	0	0	0	1	0
12976_sub1	0	1	1	0	0	0	1	0
12976_sub2	0	1	1	0	0	0	1	0
12976_sub3	0	2	1	1	0	0	1	1
12976_sub4	0	1	1	0	0	0	1	0
12976_sub5	0	1	1	0	0	0	1	0
12976_sub6	0	1	1	0	0	0	1	0
12976_sub7	0	1	0	1	0	0	0	1
12976_sub8	0	1	0	1	0	0	0	1
12976_sub9	0	1	1	0	0	0	1	0
1298_sub0	0	1	0	1	0	0	0	1
1298_sub1	0	1	1	0	0	0	1	0
1298_sub2	0	1	0	1	0	0	0	1
1298_sub3	0	1	1	0	0	0	1	0
1298_sub4	0	1	1	0	0	0	1	0
1298_sub5	0	1	1	0	0	0	1	0
12983_sub0	0	1	1	0	0	0	1	0
12983_sub1	0	1	1	0	0	0	1	0
12983_sub2	0	1	0	1	0	0	0	1
12983_sub3	0	1	1	0	0	0	1	0
12983_sub4	0	1	1	0	0	0	1	0
12983_sub5	0	1	0	1	0	0	0	1
12987_sub0	0	1	0	1	0	0	0	1
12987_sub1	0	1	1	0	0	0	1	0
12987_sub2	0	1	0	1	0	0	0	1
12987_sub3	0	1	1	0	0	0	1	0
12987_sub4	0	1	1	0	0	0	1	0
12987_sub5	0	1	0	1	0	0	0	1
12987_sub6	0	1	1	0	0	0	1	0
12987_sub7	0	1	1	0	0	0	1	0
12987_sub8	0	1	1	0	0	0	1	0
12987_sub9	0	1	0	1	0	0	0	1
12987_sub10	0	1	0	1	0	0	0	1
12987_sub11	0	1	0	1	0	0	0	1
12995_sub0	1	17	12	5	12	5	0	0
12995_sub1	0	1	0	1	0	0	0	1
12999_sub0	0	1	1	0	0	0	1	0
12999_sub1	0	1	1	0	0	0	1	0
12999_sub2	0	1	0	1	0	0	0	1
12999_sub3	0	1	0	1	0	0	0	1
12999_sub4	0	1	0	1	0	0	0	1
12999_sub5	0	1	1	0	0	0	1	0
13000_sub0	1	9	7	2	7	2	0	0
13000_sub1	0	1	0	1	0	0	0	1
13001_sub0	0	1	1	0	0	0	1	0
13001_sub1	0	1	1	0	0	0	1	0
13001_sub2	0	1	0	1	0	0	0	1
13001_sub3	0	1	0	1	0	0	0	1
13001_sub4	0	1	0	1	0	0	0	1
13001_sub5	0	1	1	0	0	0	1	0
13001_sub6	0	1	0	1	0	0	0	1
13001_sub7	0	1	0	1	0	0	0	1
13005_sub0	1	20	11	9	11	9	0	0
13005_sub1	0	1	0	1	0	0	0	1
13005_sub2	0	1	0	1	0	0	0	1
13005_sub3	0	1	1	0	0	0	1	0
1301_sub0	0	1	0	1	0	0	0	1
1301_sub1	1	13	3	10	3	10	0	0
1301_sub2	0	1	1	0	0	0	1	0
1301_sub3	0	1	1	0	0	0	1	0
1301_sub4	0	1	1	0	0	0	1	0
13016_sub0	0	1	1	0	0	0	1	0
13016_sub1	0	1	1	0	0	0	1	0
13016_sub2	0	1	0	1	0	0	0	1
13016_sub3	0	1	0	1	0	0	0	1
13016_sub4	0	1	0	1	0	0	0	1
13016_sub5	0	1	1	0	0	0	1	0
13016_sub6	0	1	0	1	0	0	0	1
13016_sub7	0	1	0	1	0	0	0	1
13017_sub0	0	1	0	1	0	0	0	1
13017_sub1	0	1	1	0	0	0	1	0
13017_sub2	0	1	0	1	0	0	0	1
13017_sub3	0	1	1	0	0	0	1	0
13017_sub4	0	1	1	0	0	0	1	0
13017_sub5	0	1	1	0	0	0	1	0
13027_sub0	0	1	1	0	0	0	1	0
13027_sub1	0	1	1	0	0	0	1	0
13027_sub2	0	1	1	0	0	0	1	0
13027_sub3	0	1	0	1	0	0	0	1
13027_sub4	0	1	0	1	0	0	0	1
13027_sub5	0	1	1	0	0	0	1	0
13027_sub6	0	1	1	0	0	0	1	0
13034_sub0	0	1	0	1	0	0	0	1
13034_sub1	1	8	5	3	5	3	0	0
13037_sub0	0	1	1	0	0	0	1	0
13037_sub1	0	1	0	1	0	0	0	1
13037_sub2	0	1	1	0	0	0	1	0
13037_sub3	0	1	1	0	0	0	1	0
13037_sub4	0	1	1	0	0	0	1	0
13037_sub5	0	1	0	1	0	0	0	1
13038_sub0	0	1	1	0	0	0	1	0
13038_sub1	0	1	1	0	0	0	1	0
13038_sub2	0	1	1	0	0	0	1	0
13038_sub3	0	1	1	0	0	0	1	0
13038_sub4	0	1	1	0	0	0	1	0
13038_sub5	0	1	1	0	0	0	1	0
13038_sub6	0	1	0	1	0	0	0	1
13038_sub7	0	1	1	0	0	0	1	0
1304_sub0	0	1	0	1	0	0	0	1
1304_sub1	1	18	10	8	10	8	0	0
1304_sub2	0	1	1	0	0	0	1	0
1304_sub3	0	1	1	0	0	0	1	0
1304_sub4	0	1	1	0	0	0	1	0
13045_sub0	0	1	1	0	0	0	1	0
13045_sub1	0	1	1	0	0	0	1	0
13045_sub2	0	1	1	0	0	0	1	0
13045_sub3	0	1	0	1	0	0	0	1
13045_sub4	0	1	1	0	0	0	1	0
13045_sub5	0	1	0	1	0	0	0	1
13054_sub0	0	1	1	0	0	0	1	0
13054_sub1	0	1	0	1	0	0	0	1
13054_sub2	0	1	0	1	0	0	0	1
13054_sub3	0	1	1	0	0	0	1	0
13054_sub4	0	1	0	1	0	0	0	1
13054_sub5	0	1	0	1	0	0	0	1
13054_sub6	0	1	0	1	0	0	0	1
13058_sub0	0	1	1	0	0	0	1	0
13058_sub1	0	1	0	1	0	0	0	1
13058_sub2	0	1	1	0	0	0	1	0
13058_sub3	0	1	0	1	0	0	0	1
13058_sub4	0	1	1	0	0	0	1	0
13058_sub5	0	1	0	1	0	0	0	1
13058_sub6	0	1	0	1	0	0	0	1
1307_sub0	0	1	0	1	0	0	0	1
1307_sub1	1	9	2	7	2	7	0	0
1307_sub2	0	1	0	1	0	0	0	1
1307_sub3	0	1	1	0	0	0	1	0
13071_sub0	1	6	4	2	4	2	0	0
13071_sub1	0	1	1	0	0	0	1	0
13077_sub0	1	7	5	2	5	2	0	0
13077_sub1	0	1	1	0	0	0	1	0
13077_sub2	0	1	0	1	0	0	0	1
13084_sub0	0	1	0	1	0	0	0	1
13084_sub1	1	9	3	6	3	6	0	0
13086_sub0	0	1	0	1	0	0	0	1
13086_sub1	0	1	0	1	0	0	0	1
13086_sub2	0	1	0	1	0	0	0	1
13086_sub3	0	1	1	0	0	0	1	0
13086_sub4	0	1	1	0	0	0	1	0
13086_sub5	0	1	1	0	0	0	1	0
13094_sub0	0	1	1	0	0	0	1	0
13094_sub1	0	1	0	1	0	0	0	1
13094_sub2	0	1	0	1	0	0	0	1
13094_sub3	0	1	1	0	0	0	1	0
13094_sub4	0	1	1	0	0	0	1	0
13094_sub5	0	1	0	1	0	0	0	1
13094_sub6	0	1	1	0	0	0	1	0
13094_sub7	0	1	1	0	0	0	1	0
13094_sub8	0	1	0	1	0	0	0	1
13095_sub0	0	1	0	1	0	0	0	1
13095_sub1	0	1	1	0	0	0	1	0
13095_sub2	0	1	1	0	0	0	1	0
13095_sub3	0	1	1	0	0	0	1	0
13095_sub4	0	1	1	0	0	0	1	0
13095_sub5	0	1	1	0	0	0	1	0
13096_sub0	0	1	0	1	0	0	0	1
13096_sub1	0	2	1	1	0	0	1	1
13096_sub2	0	1	1	0	0	0	1	0
13096_sub3	0	1	1	0	0	0	1	0
13096_sub4	0	1	1	0	0	0	1	0
13097_sub0	1	11	7	4	7	4	0	0
13097_sub1	0	1	1	0	0	0	1	0
13097_sub2	0	1	1	0	0	0	1	0
13097_sub3	0	1	0	1	0	0	0	1
13097_sub4	0	1	0	1	0	0	0	1
1312_sub0	0	1	1	0	0	0	1	0
1312_sub1	1	11	7	4	7	4	0	0
1312_sub2	0	1	1	0	0	0	1	0
13121_sub0	0	1	0	1	0	0	0	1
13121_sub1	0	1	1	0	0	0	1	0
13121_sub2	0	1	1	0	0	0	1	0
13121_sub3	0	1	1	0	0	0	1	0
13121_sub4	0	1	0	1	0	0	0	1
13121_sub5	0	1	1	0	0	0	1	0
13121_sub6	0	1	0	1	0	0	0	1
13133_sub0	0	1	1	0	0	0	1	0
13133_sub1	0	1	0	1	0	0	0	1
13133_sub2	0	1	0	1	0	0	0	1
13133_sub3	0	1	1	0	0	0	1	0
13133_sub4	0	1	1	0	0	0	1	0
13133_sub5	0	1	1	0	0	0	1	0
13133_sub6	0	1	1	0	0	0	1	0
13137_sub0	0	1	0	1	0	0	0	1
13137_sub1	0	1	0	1	0	0	0	1
13137_sub2	0	1	1	0	0	0	1	0
13137_sub3	0	1	1	0	0	0	1	0
13137_sub4	0	1	1	0	0	0	1	0
13137_sub5	0	1	0	1	0	0	0	1
1314_sub0	0	1	0	1	0	0	0	1
1314_sub1	1	6	2	4	2	4	0	0
1314_sub2	0	1	1	0	0	0	1	0
1314_sub3	0	1	1	0	0	0	1	0
1314_sub4	0	1	0	1	0	0	0	1
13142_sub0	0	2	1	1	0	0	1	1
13142_sub1	0	1	0	1	0	0	0	1
13142_sub2	0	1	0	1	0	0	0	1
13142_sub3	0	1	1	0	0	0	1	0
13142_sub4	0	1	1	0	0	0	1	0
13142_sub5	0	1	0	1	0	0	0	1
13142_sub6	0	1	0	1	0	0	0	1
13142_sub7	0	1	1	0	0	0	1	0
13143_sub0	1	10	5	5	5	5	0	0
13143_sub1	0	1	1	0	0	0	1	0
1315_sub0	0	1	0	1	0	0	0	1
1315_sub1	1	19	9	10	9	10	0	0
1315_sub2	0	1	1	0	0	0	1	0
1315_sub3	0	1	0	1	0	0	0	1
13157_sub0	0	1	0	1	0	0	0	1
13157_sub1	0	1	1	0	0	0	1	0
13157_sub2	0	1	1	0	0	0	1	0
13157_sub3	0	1	0	1	0	0	0	1
13157_sub4	0	1	1	0	0	0	1	0
13157_sub5	0	1	1	0	0	0	1	0
13157_sub6	0	1	0	1	0	0	0	1
13163_sub0	0	1	0	1	0	0	0	1
13163_sub1	0	1	1	0	0	0	1	0
13163_sub2	0	1	0	1	0	0	0	1
13163_sub3	0	1	0	1	0	0	0	1
13163_sub4	0	1	1	0	0	0	1	0
13163_sub5	0	1	0	1	0	0	0	1
13163_sub6	0	1	0	1	0	0	0	1
13163_sub7	0	1	1	0	0	0	1	0
1317_sub0	0	1	0	1	0	0	0	1
1317_sub1	0	1	0	1	0	0	0	1
1317_sub2	0	1	0	1	0	0	0	1
1317_sub3	1	19	9	10	9	10	0	0
1317_sub4	0	1	0	1	0	0	0	1
1317_sub5	0	1	1	0	0	0	1	0
1317_sub6	0	1	0	1	0	0	0	1
13173_sub0	0	4	3	1	0	0	3	1
13173_sub1	0	1	0	1	0	0	0	1
13173_sub2	0	1	1	0	0	0	1	0
13174_sub0	1	13	7	6	7	6	0	0
13174_sub1	0	1	1	0	0	0	1	0
13174_sub2	0	1	1	0	0	0	1	0
13174_sub3	0	1	1	0	0	0	1	0
13174_sub4	0	1	0	1	0	0	0	1
13174_sub5	0	1	0	1	0	0	0	1
13174_sub6	0	1	1	0	0	0	1	0
13174_sub7	0	1	1	0	0	0	1	0
13174_sub8	0	1	0	1	0	0	0	1
13174_sub9	0	1	0	1	0	0	0	1
13174_sub10	0	1	0	1	0	0	0	1
13174_sub11	0	1	0	1	0	0	0	1
13177_sub0	0	1	0	1	0	0	0	1
13177_sub1	0	1	1	0	0	0	1	0
13177_sub2	0	1	0	1	0	0	0	1
13177_sub3	0	1	0	1	0	0	0	1
13177_sub4	0	1	0	1	0	0	0	1
13177_sub5	0	1	1	0	0	0	1	0
1318_sub0	0	1	1	0	0	0	1	0
1318_sub1	0	1	0	1	0	0	0	1
1318_sub2	1	17	10	7	10	7	0	0
1318_sub3	0	1	1	0	0	0	1	0
1318_sub4	0	1	0	1	0	0	0	1
1318_sub5	0	1	1	0	0	0	1	0
13183_sub0	0	1	1	0	0	0	1	0
13183_sub1	0	1	1	0	0	0	1	0
13183_sub2	0	2	2	0	0	0	2	0
13183_sub3	0	1	1	0	0	0	1	0
13183_sub4	0	1	0	1	0	0	0	1
13184_sub0	1	10	2	8	2	8	0	0
13184_sub1	0	1	0	1	0	0	0	1
1320_sub0	0	1	1	0	0	0	1	0
1320_sub1	0	1	0	1	0	0	0	1
1320_sub2	0	1	0	1	0	0	0	1
1320_sub3	0	1	1	0	0	0	1	0
1320_sub4	0	1	1	0	0	0	1	0
1320_sub5	0	1	0	1	0	0	0	1
1320_sub6	0	1	1	0	0	0	1	0
1320_sub7	0	1	1	0	0	0	1	0
1320_sub8	0	1	1	0	0	0	1	0
13204_sub0	0	1	0	1	0	0	0	1
13204_sub1	0	1	0	1	0	0	0	1
13204_sub2	0	2	2	0	0	0	2	0
13204_sub3	0	1	1	0	0	0	1	0
13204_sub4	0	1	0	1	0	0	0	1
13214_sub0	1	10	6	4	6	4	0	0
13216_sub0	0	1	0	1	0	0	0	1
13216_sub1	0	1	1	0	0	0	1	0
13216_sub2	0	1	0	1	0	0	0	1
13216_sub3	0	1	1	0	0	0	1	0
13216_sub4	0	1	0	1	0	0	0	1
13216_sub5	0	1	0	1	0	0	0	1
1322_sub0	0	1	1	0	0	0	1	0
1322_sub1	1	15	7	8	7	8	0	0
1322_sub2	0	1	0	1	0	0	0	1
1322_sub3	0	1	0	1	0	0	0	1
13220_sub0	0	1	1	0	0	0	1	0
13220_sub1	0	1	1	0	0	0	1	0
13220_sub2	0	1	0	1	0	0	0	1
13220_sub3	0	1	1	0	0	0	1	0
13220_sub4	0	1	0	1	0	0	0	1
13220_sub5	0	1	0	1	0	0	0	1
13220_sub6	0	1	1	0	0	0	1	0
13220_sub7	0	1	1	0	0	0	1	0
13230_sub0	1	16	5	11	5	11	0	0
13230_sub1	0	1	1	0	0	0	1	0
13230_sub2	0	1	1	0	0	0	1	0
13241_sub0	0	1	1	0	0	0	1	0
13241_sub1	0	1	1	0	0	0	1	0
13241_sub2	0	1	0	1	0	0	0	1
13241_sub3	0	1	0	1	0	0	0	1
13241_sub4	0	1	0	1	0	0	0	1
13241_sub5	0	1	1	0	0	0	1	0
13241_sub6	0	1	0	1	0	0	0	1
13242_sub0	0	1	1	0	0	0	1	0
13242_sub1	0	1	1	0	0	0	1	0
13242_sub2	0	1	1	0	0	0	1	0
13242_sub3	0	1	1	0	0	0	1	0
13242_sub4	0	1	0	1	0	0	0	1
13242_sub5	0	1	1	0	0	0	1	0
13243_sub0	0	1	1	0	0	0	1	0
13243_sub1	0	1	1	0	0	0	1	0
13243_sub2	0	1	0	1	0	0	0	1
13243_sub3	0	1	1	0	0	0	1	0
13243_sub4	0	1	0	1	0	0	0	1
13243_sub5	0	1	1	0	0	0	1	0
13243_sub6	0	1	1	0	0	0	1	0
13245_sub0	1	8	6	2	6	2	0	0
13245_sub1	0	1	1	0	0	0	1	0
13245_sub2	0	1	1	0	0	0	1	0
13245_sub3	0	1	1	0	0	0	1	0
13245_sub4	0	1	0	1	0	0	0	1
13250_sub0	0	1	0	1	0	0	0	1
13250_sub1	0	1	1	0	0	0	1	0
13250_sub2	0	1	1	0	0	0	1	0
13250_sub3	0	1	1	0	0	0	1	0
13250_sub4	0	1	0	1	0	0	0	1
13250_sub5	0	1	0	1	0	0	0	1
13257_sub0	0	1	1	0	0	0	1	0
13257_sub1	0	1	0	1	0	0	0	1
13257_sub2	0	1	1	0	0	0	1	0
13257_sub3	0	1	1	0	0	0	1	0
13257_sub4	0	1	0	1	0	0	0	1
13257_sub5	0	1	0	1	0	0	0	1
1326_sub0	0	1	1	0	0	0	1	0
1326_sub1	0	1	1	0	0	0	1	0
1326_sub2	1	11	8	3	8	3	0	0
1326_sub3	0	1	0	1	0	0	0	1
13260_sub0	1	6	1	5	1	5	0	0
13260_sub1	0	1	1	0	0	0	1	0
13260_sub2	0	1	1	0	0	0	1	0
13262_sub0	0	1	1	0	0	0	1	0
13262_sub1	0	1	0	1	0	0	0	1
13262_sub2	0	1	0	1	0	0	0	1
13262_sub3	0	1	1	0	0	0	1	0
13262_sub4	0	1	0	1	0	0	0	1
13262_sub5	0	1	0	1	0	0	0	1
13264_sub0	0	1	1	0	0	0	1	0
13264_sub1	0	1	1	0	0	0	1	0
13264_sub2	0	1	1	0	0	0	1	0
13264_sub3	0	1	0	1	0	0	0	1
13264_sub4	0	1	0	1	0	0	0	1
13264_sub5	0	1	0	1	0	0	0	1
13264_sub6	0	1	1	0	0	0	1	0
13268_sub0	0	1	0	1	0	0	0	1
13268_sub1	0	1	0	1	0	0	0	1
13268_sub2	0	1	0	1	0	0	0	1
13268_sub3	0	1	0	1	0	0	0	1
13268_sub4	0	1	0	1	0	0	0	1
13268_sub5	0	1	1	0	0	0	1	0
1327_sub0	0	1	0	1	0	0	0	1
1327_sub1	1	12	3	9	3	9	0	0
1327_sub2	0	1	0	1	0	0	0	1
1327_sub3	0	1	1	0	0	0	1	0
1327_sub4	0	1	0	1	0	0	0	1
1327_sub5	0	1	0	1	0	0	0	1
13282_sub0	1	17	8	9	8	9	0	0
13282_sub1	0	1	0	1	0	0	0	1
13282_sub2	0	1	0	1	0	0	0	1
13282_sub3	0	1	0	1	0	0	0	1
13282_sub4	0	1	1	0	0	0	1	0
13282_sub5	0	1	0	1	0	0	0	1
13282_sub6	0	1	0	1	0	0	0	1
13283_sub0	0	1	1	0	0	0	1	0
13283_sub1	1	6	4	2	4	2	0	0
13283_sub2	0	1	0	1	0	0	0	1
13283_sub3	0	1	1	0	0	0	1	0
13284_sub0	1	16	11	5	11	5	0	0
13284_sub1	0	1	1	0	0	0	1	0
13284_sub2	0	1	0	1	0	0	0	1
13284_sub3	0	1	1	0	0	0	1	0
13284_sub4	0	1	1	0	0	0	1	0
13284_sub5	0	1	0	1	0	0	0	1
13284_sub6	0	1	1	0	0	0	1	0
13291_sub0	0	1	0	1	0	0	0	1
13291_sub1	1	21	13	8	12	8	1	0
13291_sub2	0	1	0	1	0	0	0	1
13291_sub3	0	1	0	1	0	0	0	1
13291_sub4	0	1	1	0	0	0	1	0
13291_sub5	0	1	0	1	0	0	0	1
13298_sub0	0	1	1	0	0	0	1	0
13298_sub1	0	1	0	1	0	0	0	1
13298_sub2	0	1	0	1	0	0	0	1
13298_sub3	0	1	1	0	0	0	1	0
13298_sub4	0	1	0	1	0	0	0	1
13298_sub5	0	1	1	0	0	0	1	0
133_sub0	0	1	0	1	0	0	0	1
133_sub1	0	1	0	1	0	0	0	1
133_sub2	0	1	0	1	0	0	0	1
133_sub3	0	2	1	1	0	0	1	1
133_sub4	0	1	0	1	0	0	0	1
1330_sub0	0	1	1	0	0	0	1	0
1330_sub1	0	1	1	0	0	0	1	0
1330_sub2	0	3	1	2	0	0	1	2
1330_sub3	0	1	1	0	0	0	1	0
1330_sub4	0	1	0	1	0	0	0	1
1330_sub5	0	1	0	1	0	0	0	1
13300_sub0	0	1	1	0	0	0	1	0
13300_sub1	1	6	5	1	5	1	0	0
13300_sub2	0	1	0	1	0	0	0	1
13300_sub3	0	1	1	0	0	0	1	0
13304_sub0	0	1	1	0	0	0	1	0
13304_sub1	0	1	1	0	0	0	1	0
13304_sub2	0	1	1	0	0	0	1	0
13304_sub3	0	1	0	1	0	0	0	1
13304_sub4	0	1	1	0	0	0	1	0
13304_sub5	0	1	1	0	0	0	1	0
1331_sub0	1	16	7	9	7	9	0	0
1331_sub1	0	1	1	0	0	0	1	0
13312_sub0	1	13	6	7	6	7	0	0
13312_sub1	0	1	0	1	0	0	0	1
13312_sub2	0	1	1	0	0	0	1	0
13313_sub0	0	1	0	1	0	0	0	1
13313_sub1	1	9	5	4	5	4	0	0
13313_sub2	0	1	0	1	0	0	0	1
13313_sub3	0	1	0	1	0	0	0	1
13320_sub0	1	7	4	3	4	3	0	0
13320_sub1	0	1	1	0	0	0	1	0
13320_sub2	0	1	1	0	0	0	1	0
13320_sub3	0	1	1	0	0	0	1	0
13320_sub4	0	1	1	0	0	0	1	0
13320_sub5	0	1	1	0	0	0	1	0
13320_sub6	0	1	1	0	0	0	1	0
13323_sub0	0	1	1	0	0	0	1	0
13323_sub1	0	1	0	1	0	0	0	1
13323_sub2	0	1	1	0	0	0	1	0
13323_sub3	0	1	0	1	0	0	0	1
13323_sub4	0	1	0	1	0	0	0	1
13323_sub5	0	1	0	1	0	0	0	1
13326_sub0	0	1	1	0	0	0	1	0
13326_sub1	0	1	1	0	0	0	1	0
13326_sub2	0	1	0	1	0	0	0	1
13326_sub3	0	1	1	0	0	0	1	0
13326_sub4	0	1	0	1	0	0	0	1
13326_sub5	0	1	1	0	0	0	1	0
13326_sub6	0	1	0	1	0	0	0	1
13326_sub7	0	1	0	1	0	0	0	1
13327_sub0	0	1	0	1	0	0	0	1
13327_sub1	0	1	0	1	0	0	0	1
13327_sub2	0	1	1	0	0	0	1	0
13327_sub3	0	1	1	0	0	0	1	0
13327_sub4	0	1	0	1	0	0	0	1
13327_sub5	0	1	0	1	0	0	0	1
13334_sub0	0	1	0	1	0	0	0	1
13334_sub1	1	15	10	5	10	5	0	0
13334_sub2	0	1	1	0	0	0	1	0
13341_sub0	1	8	7	1	7	1	0	0
13341_sub1	0	1	0	1	0	0	0	1
13341_sub2	0	1	1	0	0	0	1	0
13341_sub3	0	1	1	0	0	0	1	0
13343_sub0	0	1	1	0	0	0	1	0
13343_sub1	0	1	1	0	0	0	1	0
13343_sub2	0	1	1	0	0	0	1	0
13343_sub3	0	1	0	1	0	0	0	1
13343_sub4	0	1	0	1	0	0	0	1
13343_sub5	0	1	1	0	0	0	1	0
13344_sub0	1	23	9	14	9	11	0	3
13344_sub1	0	1	0	1	0	0	0	1
13344_sub2	0	1	1	0	0	0	1	0
13344_sub3	0	1	1	0	0	0	1	0
13355_sub0	0	4	2	2	0	0	2	2
13355_sub1	0	1	0	1	0	0	0	1
13355_sub2	0	1	0	1	0	0	0	1
13355_sub3	0	1	0	1	0	0	0	1
13356_sub0	0	1	1	0	0	0	1	0
13356_sub1	0	1	1	0	0	0	1	0
13356_sub2	0	1	1	0	0	0	1	0
13356_sub3	0	1	1	0	0	0	1	0
13356_sub4	0	1	1	0	0	0	1	0
13356_sub5	0	1	0	1	0	0	0	1
13359_sub0	1	6	2	4	2	4	0	0
13359_sub1	0	1	0	1	0	0	0	1
13365_sub0	0	1	0	1	0	0	0	1
13365_sub1	0	1	0	1	0	0	0	1
13365_sub2	0	1	1	0	0	0	1	0
13365_sub3	0	1	1	0	0	0	1	0
13365_sub4	0	1	1	0	0	0	1	0
13365_sub5	0	1	1	0	0	0	1	0
13365_sub6	0	1	0	1	0	0	0	1
13365_sub7	0	1	0	1	0	0	0	1
13365_sub8	0	1	0	1	0	0	0	1
13366_sub0	0	1	1	0	0	0	1	0
13366_sub1	0	1	0	1	0	0	0	1
13366_sub2	0	1	0	1	0	0	0	1
13366_sub3	0	1	0	1	0	0	0	1
13366_sub4	0	1	0	1	0	0	0	1
13366_sub5	0	1	0	1	0	0	0	1
13366_sub6	0	1	1	0	0	0	1	0
13368_sub0	1	14	9	5	9	5	0	0
13368_sub1	0	1	0	1	0	0	0	1
13368_sub2	0	1	0	1	0	0	0	1
13376_sub0	0	1	1	0	0	0	1	0
13376_sub1	1	8	5	3	5	3	0	0
13379_sub0	0	1	0	1	0	0	0	1
13379_sub1	0	1	1	0	0	0	1	0
13379_sub2	0	1	1	0	0	0	1	0
13379_sub3	0	1	1	0	0	0	1	0
13379_sub4	0	1	0	1	0	0	0	1
13379_sub5	0	1	1	0	0	0	1	0
13379_sub6	0	1	1	0	0	0	1	0
13381_sub0	0	1	0	1	0	0	0	1
13381_sub1	0	1	0	1	0	0	0	1
13381_sub2	0	1	1	0	0	0	1	0
13381_sub3	0	1	0	1	0	0	0	1
13381_sub4	0	1	1	0	0	0	1	0
13381_sub5	0	1	1	0	0	0	1	0
13381_sub6	0	1	1	0	0	0	1	0
13385_sub0	0	1	1	0	0	0	1	0
13385_sub1	0	1	1	0	0	0	1	0
13385_sub2	1	15	4	11	4	11	0	0
13385_sub3	0	1	0	1	0	0	0	1
13392_sub0	0	1	1	0	0	0	1	0
13392_sub1	0	1	1	0	0	0	1	0
13392_sub2	0	1	1	0	0	0	1	0
13392_sub3	0	1	0	1	0	0	0	1
13392_sub4	0	1	1	0	0	0	1	0
13392_sub5	0	1	0	1	0	0	0	1
13398_sub0	0	1	0	1	0	0	0	1
13398_sub1	0	1	0	1	0	0	0	1
13398_sub2	1	11	2	9	2	9	0	0
13398_sub3	0	1	0	1	0	0	0	1
13404_sub0	1	18	8	10	8	10	0	0
13404_sub1	0	1	1	0	0	0	1	0
13404_sub2	0	1	1	0	0	0	1	0
13404_sub3	0	1	0	1	0	0	0	1
13404_sub4	0	1	1	0	0	0	1	0
13411_sub0	0	1	1	0	0	0	1	0
13411_sub1	0	1	0	1	0	0	0	1
13411_sub2	0	1	0	1	0	0	0	1
13411_sub3	0	2	2	0	0	0	2	0
13411_sub4	0	1	0	1	0	0	0	1
13411_sub5	0	1	0	1	0	0	0	1
13419_sub0	1	17	9	8	9	8	0	0
13419_sub1	0	1	1	0	0	0	1	0
13419_sub2	0	1	1	0	0	0	1	0
13419_sub3	0	1	0	1	0	0	0	1
1342_sub0	1	8	4	4	4	4	0	0
1342_sub1	0	1	1	0	0	0	1	0
1342_sub2	0	1	1	0	0	0	1	0
1342_sub3	0	1	0	1	0	0	0	1
13426_sub0	1	6	3	3	3	3	0	0
13426_sub1	0	1	1	0	0	0	1	0
1343_sub0	1	18	8	10	8	10	0	0
1343_sub1	0	1	0	1	0	0	0	1
1343_sub2	0	1	0	1	0	0	0	1
1343_sub3	0	1	0	1	0	0	0	1
13433_sub0	0	1	0	1	0	0	0	1
13433_sub1	0	1	0	1	0	0	0	1
13433_sub2	0	1	0	1	0	0	0	1
13433_sub3	0	1	1	0	0	0	1	0
13433_sub4	0	1	1	0	0	0	1	0
13433_sub5	0	1	0	1	0	0	0	1
13435_sub0	0	1	1	0	0	0	1	0
13435_sub1	0	1	1	0	0	0	1	0
13435_sub2	0	1	1	0	0	0	1	0
13435_sub3	0	1	0	1	0	0	0	1
13435_sub4	0	1	1	0	0	0	1	0
13435_sub5	0	1	1	0	0	0	1	0
13438_sub0	0	1	1	0	0	0	1	0
13438_sub1	0	2	1	1	0	0	1	1
13438_sub2	0	1	0	1	0	0	0	1
13438_sub3	0	1	0	1	0	0	0	1
13438_sub4	0	1	1	0	0	0	1	0
13438_sub5	0	1	1	0	0	0	1	0
1344_sub0	1	18	6	12	6	12	0	0
1344_sub1	0	1	0	1	0	0	0	1
1344_sub2	0	1	1	0	0	0	1	0
1344_sub3	0	1	1	0	0	0	1	0
1344_sub4	0	2	0	2	0	0	0	2
13442_sub0	0	1	1	0	0	0	1	0
13442_sub1	0	1	0	1	0	0	0	1
13442_sub2	0	1	1	0	0	0	1	0
13442_sub3	0	1	0	1	0	0	0	1
13442_sub4	0	1	0	1	0	0	0	1
13442_sub5	0	1	0	1	0	0	0	1
13444_sub0	0	1	0	1	0	0	0	1
13444_sub1	0	1	0	1	0	0	0	1
13444_sub2	0	1	1	0	0	0	1	0
13444_sub3	0	1	1	0	0	0	1	0
13444_sub4	0	1	0	1	0	0	0	1
13444_sub5	0	1	0	1	0	0	0	1
13444_sub6	0	1	1	0	0	0	1	0
13449_sub0	0	1	0	1	0	0	0	1
13449_sub1	0	1	0	1	0	0	0	1
13449_sub2	0	1	0	1	0	0	0	1
13449_sub3	0	1	1	0	0	0	1	0
13449_sub4	0	2	1	1	0	0	1	1
13451_sub0	0	1	0	1	0	0	0	1
13451_sub1	1	10	4	6	4	6	0	0
13451_sub2	0	1	1	0	0	0	1	0
13451_sub3	0	1	1	0	0	0	1	0
13452_sub0	0	1	0	1	0	0	0	1
13452_sub1	0	1	0	1	0	0	0	1
13452_sub2	0	1	0	1	0	0	0	1
13452_sub3	0	1	0	1	0	0	0	1
13452_sub4	0	1	0	1	0	0	0	1
13452_sub5	0	1	1	0	0	0	1	0
13457_sub0	1	18	6	12	6	12	0	0
13457_sub1	0	1	1	0	0	0	1	0
13457_sub2	0	1	1	0	0	0	1	0
13457_sub3	0	1	0	1	0	0	0	1
13457_sub4	0	1	1	0	0	0	1	0
13457_sub5	0	1	0	1	0	0	0	1
13457_sub6	0	1	1	0	0	0	1	0
13460_sub0	0	1	0	1	0	0	0	1
13460_sub1	1	7	5	2	5	2	0	0
1348_sub0	0	1	0	1	0	0	0	1
1348_sub1	0	1	0	1	0	0	0	1
1348_sub2	0	1	1	0	0	0	1	0
1348_sub3	0	1	1	0	0	0	1	0
1348_sub4	0	1	1	0	0	0	1	0
1348_sub5	0	1	1	0	0	0	1	0
13480_sub0	0	1	0	1	0	0	0	1
13480_sub1	1	15	6	9	6	9	0	0
13480_sub2	0	1	0	1	0	0	0	1
13480_sub3	0	1	1	0	0	0	1	0
13480_sub4	0	1	1	0	0	0	1	0
13480_sub5	0	1	1	0	0	0	1	0
13487_sub0	1	13	4	9	4	9	0	0
13487_sub1	0	1	1	0	0	0	1	0
13487_sub2	0	1	1	0	0	0	1	0
13487_sub3	0	1	0	1	0	0	0	1
13487_sub4	0	1	0	1	0	0	0	1
13487_sub5	0	1	0	1	0	0	0	1
13487_sub6	0	1	1	0	0	0	1	0
13487_sub7	0	1	0	1	0	0	0	1
13491_sub0	0	1	1	0	0	0	1	0
13491_sub1	0	1	0	1	0	0	0	1
13491_sub2	0	1	1	0	0	0	1	0
13491_sub3	0	1	0	1	0	0	0	1
13491_sub4	0	1	0	1	0	0	0	1
13491_sub5	0	1	1	0	0	0	1	0
13499_sub0	0	1	1	0	0	0	1	0
13499_sub1	0	1	1	0	0	0	1	0
13499_sub2	0	1	1	0	0	0	1	0
13499_sub3	0	1	1	0	0	0	1	0
13499_sub4	0	1	0	1	0	0	0	1
13499_sub5	0	1	0	1	0	0	0	1
13505_sub0	0	1	0	1	0	0	0	1
13505_sub1	0	1	1	0	0	0	1	0
13505_sub2	0	1	1	0	0	0	1	0
13505_sub3	0	1	0	1	0	0	0	1
13505_sub4	0	1	1	0	0	0	1	0
13505_sub5	0	1	1	0	0	0	1	0
13505_sub6	0	1	1	0	0	0	1	0
13506_sub0	0	1	1	0	0	0	1	0
13506_sub1	0	1	0	1	0	0	0	1
13506_sub2	0	1	1	0	0	0	1	0
13506_sub3	0	1	0	1	0	0	0	1
13506_sub4	0	1	1	0	0	0	1	0
13506_sub5	0	1	0	1	0	0	0	1
13516_sub0	0	1	0	1	0	0	0	1
13516_sub1	1	21	8	13	8	12	0	1
13519_sub0	0	1	1	0	0	0	1	0
13519_sub1	0	1	1	0	0	0	1	0
13519_sub2	0	1	0	1	0	0	0	1
13519_sub3	0	1	1	0	0	0	1	0
13519_sub4	0	1	1	0	0	0	1	0
13519_sub5	0	1	0	1	0	0	0	1
13527_sub0	0	1	0	1	0	0	0	1
13527_sub1	0	1	1	0	0	0	1	0
13527_sub2	0	1	1	0	0	0	1	0
13527_sub3	0	1	1	0	0	0	1	0
13527_sub4	0	1	1	0	0	0	1	0
13527_sub5	0	1	0	1	0	0	0	1
1353_sub0	1	22	8	14	8	12	0	2
1353_sub1	0	1	1	0	0	0	1	0
1353_sub2	0	1	0	1	0	0	0	1
1353_sub3	0	1	0	1	0	0	0	1
1353_sub4	0	1	0	1	0	0	0	1
1353_sub5	0	1	0	1	0	0	0	1
13537_sub0	0	1	0	1	0	0	0	1
13537_sub1	0	1	0	1	0	0	0	1
13537_sub2	0	1	0	1	0	0	0	1
13537_sub3	0	1	1	0	0	0	1	0
13537_sub4	0	1	1	0	0	0	1	0
13537_sub5	0	1	1	0	0	0	1	0
13538_sub0	0	1	0	1	0	0	0	1
13538_sub1	0	1	0	1	0	0	0	1
13538_sub2	0	1	1	0	0	0	1	0
13538_sub3	0	1	1	0	0	0	1	0
13538_sub4	0	1	1	0	0	0	1	0
13538_sub5	0	1	1	0	0	0	1	0
13539_sub0	0	1	1	0	0	0	1	0
13539_sub1	0	1	0	1	0	0	0	1
13539_sub2	0	1	0	1	0	0	0	1
13539_sub3	0	1	1	0	0	0	1	0
13539_sub4	0	1	1	0	0	0	1	0
13539_sub5	0	1	1	0	0	0	1	0
13539_sub6	0	1	0	1	0	0	0	1
13539_sub7	0	1	1	0	0	0	1	0
13544_sub0	0	1	1	0	0	0	1	0
13544_sub1	0	1	0	1	0	0	0	1
13544_sub2	0	1	1	0	0	0	1	0
13544_sub3	0	1	0	1	0	0	0	1
13544_sub4	0	1	1	0	0	0	1	0
13544_sub5	0	1	1	0	0	0	1	0
13555_sub0	0	1	0	1	0	0	0	1
13555_sub1	0	1	0	1	0	0	0	1
13555_sub2	0	1	0	1	0	0	0	1
13555_sub3	0	1	0	1	0	0	0	1
13555_sub4	0	1	0	1	0	0	0	1
13555_sub5	0	1	0	1	0	0	0	1
13555_sub6	0	1	1	0	0	0	1	0
13555_sub7	0	1	0	1	0	0	0	1
13555_sub8	0	1	0	1	0	0	0	1
13557_sub0	0	1	1	0	0	0	1	0
13557_sub1	0	1	0	1	0	0	0	1
13557_sub2	0	1	0	1	0	0	0	1
13557_sub3	0	1	1	0	0	0	1	0
13557_sub4	0	1	0	1	0	0	0	1
13557_sub5	0	1	0	1	0	0	0	1
13557_sub6	0	1	0	1	0	0	0	1
13561_sub0	0	1	1	0	0	0	1	0
13561_sub1	1	9	5	4	5	4	0	0
13561_sub2	0	1	1	0	0	0	1	0
13568_sub0	1	16	5	11	5	11	0	0
13568_sub1	0	1	0	1	0	0	0	1
13568_sub2	0	1	1	0	0	0	1	0
13568_sub3	0	1	0	1	0	0	0	1
13568_sub4	0	1	0	1	0	0	0	1
1357_sub0	0	1	0	1	0	0	0	1
1357_sub1	1	22	7	15	7	13	0	2
1357_sub2	0	1	0	1	0	0	0	1
1357_sub3	0	1	1	0	0	0	1	0
1357_sub4	0	1	1	0	0	0	1	0
13585_sub0	0	1	1	0	0	0	1	0
13585_sub1	0	5	3	2	0	0	3	2
13597_sub0	0	2	1	1	0	0	1	1
13597_sub1	0	1	0	1	0	0	0	1
13597_sub2	0	1	0	1	0	0	0	1
13597_sub3	0	1	1	0	0	0	1	0
13597_sub4	0	1	1	0	0	0	1	0
13604_sub0	0	1	0	1	0	0	0	1
13604_sub1	0	1	1	0	0	0	1	0
13604_sub2	0	1	0	1	0	0	0	1
13604_sub3	0	1	0	1	0	0	0	1
13604_sub4	0	1	1	0	0	0	1	0
13604_sub5	0	1	1	0	0	0	1	0
13606_sub0	1	7	5	2	5	2	0	0
13606_sub1	0	1	0	1	0	0	0	1
13606_sub2	0	1	1	0	0	0	1	0
13606_sub3	0	1	0	1	0	0	0	1
13606_sub4	0	1	0	1	0	0	0	1
13606_sub5	0	1	0	1	0	0	0	1
1361_sub0	0	1	0	1	0	0	0	1
1361_sub1	0	1	1	0	0	0	1	0
1361_sub2	0	1	0	1	0	0	0	1
1361_sub3	0	1	0	1	0	0	0	1
1361_sub4	0	1	1	0	0	0	1	0
1361_sub5	0	1	0	1	0	0	0	1
13610_sub0	1	6	4	2	4	2	0	0
13610_sub1	0	1	1	0	0	0	1	0
13611_sub0	1	12	5	7	5	7	0	0
13613_sub0	1	9	6	3	6	3	0	0
13613_sub1	0	1	0	1	0	0	0	1
13617_sub0	0	1	1	0	0	0	1	0
13617_sub1	0	1	1	0	0	0	1	0
13617_sub2	0	1	0	1	0	0	0	1
13617_sub3	0	1	1	0	0	0	1	0
13617_sub4	0	1	1	0	0	0	1	0
13617_sub5	0	1	0	1	0	0	0	1
13617_sub6	0	1	1	0	0	0	1	0
13617_sub7	0	1	0	1	0	0	0	1
13624_sub0	0	1	0	1	0	0	0	1
13624_sub1	0	1	1	0	0	0	1	0
13624_sub2	0	1	0	1	0	0	0	1
13624_sub3	0	1	1	0	0	0	1	0
13624_sub4	0	1	0	1	0	0	0	1
13624_sub5	0	1	0	1	0	0	0	1
13629_sub0	0	1	0	1	0	0	0	1
13629_sub1	0	1	1	0	0	0	1	0
13629_sub2	0	1	0	1	0	0	0	1
13629_sub3	0	1	0	1	0	0	0	1
13629_sub4	0	1	0	1	0	0	0	1
13629_sub5	0	1	1	0	0	0	1	0
13629_sub6	0	1	1	0	0	0	1	0
13629_sub7	0	1	0	1	0	0	0	1
13645_sub0	1	18	9	9	9	9	0	0
13645_sub1	0	1	1	0	0	0	1	0
13645_sub2	0	1	0	1	0	0	0	1
13645_sub3	0	1	1	0	0	0	1	0
13645_sub4	0	1	0	1	0	0	0	1
13645_sub5	0	1	0	1	0	0	0	1
13646_sub0	0	1	0	1	0	0	0	1
13646_sub1	0	1	1	0	0	0	1	0
13646_sub2	0	1	1	0	0	0	1	0
13646_sub3	0	1	0	1	0	0	0	1
13646_sub4	0	1	1	0	0	0	1	0
13646_sub5	0	1	1	0	0	0	1	0
13646_sub6	0	1	0	1	0	0	0	1
13650_sub0	0	1	0	1	0	0	0	1
13650_sub1	0	1	0	1	0	0	0	1
13650_sub2	0	1	1	0	0	0	1	0
13650_sub3	0	1	0	1	0	0	0	1
13650_sub4	0	1	1	0	0	0	1	0
13650_sub5	0	1	0	1	0	0	0	1
13651_sub0	0	1	0	1	0	0	0	1
13651_sub1	0	1	0	1	0	0	0	1
13651_sub2	0	1	0	1	0	0	0	1
13651_sub3	0	1	1	0	0	0	1	0
13651_sub4	0	1	0	1	0	0	0	1
13651_sub5	0	1	1	0	0	0	1	0
13656_sub0	1	19	8	11	8	11	0	0
13656_sub1	0	1	1	0	0	0	1	0
13656_sub2	0	1	1	0	0	0	1	0
13656_sub3	0	1	1	0	0	0	1	0
13656_sub4	0	1	1	0	0	0	1	0
13658_sub0	0	1	0	1	0	0	0	1
13658_sub1	0	1	1	0	0	0	1	0
13658_sub2	0	1	0	1	0	0	0	1
13658_sub3	0	1	0	1	0	0	0	1
13658_sub4	0	1	1	0	0	0	1	0
13658_sub5	0	1	0	1	0	0	0	1
13658_sub6	0	1	1	0	0	0	1	0
1367_sub0	1	13	2	11	2	11	0	0
1367_sub1	0	1	0	1	0	0	0	1
1367_sub2	0	1	1	0	0	0	1	0
1367_sub3	0	1	1	0	0	0	1	0
1367_sub4	0	1	1	0	0	0	1	0
1367_sub5	0	1	1	0	0	0	1	0
1367_sub6	0	1	1	0	0	0	1	0
13673_sub0	1	18	11	7	11	7	0	0
13673_sub1	0	1	0	1	0	0	0	1
13673_sub2	0	1	1	0	0	0	1	0
13673_sub3	0	1	0	1	0	0	0	1
13673_sub4	0	1	1	0	0	0	1	0
13673_sub5	0	1	0	1	0	0	0	1
13676_sub0	0	1	0	1	0	0	0	1
13676_sub1	0	1	0	1	0	0	0	1
13676_sub2	0	1	0	1	0	0	0	1
13676_sub3	0	1	1	0	0	0	1	0
13676_sub4	0	1	1	0	0	0	1	0
13676_sub5	0	1	0	1	0	0	0	1
13687_sub0	0	1	0	1	0	0	0	1
13687_sub1	0	1	1	0	0	0	1	0
13687_sub2	0	1	1	0	0	0	1	0
13687_sub3	0	1	0	1	0	0	0	1
13687_sub4	0	1	1	0	0	0	1	0
13687_sub5	0	1	1	0	0	0	1	0
13692_sub0	0	1	1	0	0	0	1	0
13692_sub1	0	1	1	0	0	0	1	0
13692_sub2	0	2	0	2	0	0	0	2
13692_sub3	0	1	0	1	0	0	0	1
13692_sub4	0	1	1	0	0	0	1	0
13692_sub5	0	1	1	0	0	0	1	0
13692_sub6	0	1	0	1	0	0	0	1
13692_sub7	0	1	0	1	0	0	0	1
13699_sub0	1	14	4	10	4	10	0	0
13699_sub1	0	1	0	1	0	0	0	1
13699_sub2	0	1	1	0	0	0	1	0
13699_sub3	0	1	1	0	0	0	1	0
13699_sub4	0	1	0	1	0	0	0	1
13699_sub5	0	1	0	1	0	0	0	1
1370_sub0	1	7	3	4	3	4	0	0
1370_sub1	0	1	0	1	0	0	0	1
1370_sub2	0	1	0	1	0	0	0	1
1370_sub3	0	1	1	0	0	0	1	0
1370_sub4	0	1	1	0	0	0	1	0
13705_sub0	0	1	0	1	0	0	0	1
13705_sub1	0	1	1	0	0	0	1	0
13705_sub2	0	1	1	0	0	0	1	0
13705_sub3	0	1	0	1	0	0	0	1
13705_sub4	0	1	0	1	0	0	0	1
13705_sub5	0	1	0	1	0	0	0	1
13706_sub0	0	1	0	1	0	0	0	1
13706_sub1	0	1	0	1	0	0	0	1
13706_sub2	0	2	1	1	0	0	1	1
13706_sub3	0	1	0	1	0	0	0	1
13706_sub4	0	1	0	1	0	0	0	1
13709_sub0	0	1	0	1	0	0	0	1
13709_sub1	0	1	1	0	0	0	1	0
13709_sub2	0	1	0	1	0	0	0	1
13709_sub3	0	1	0	1	0	0	0	1
13709_sub4	0	1	1	0	0	0	1	0
13709_sub5	0	1	1	0	0	0	1	0
1371_sub0	0	1	0	1	0	0	0	1
1371_sub1	1	7	3	4	3	4	0	0
1371_sub2	0	1	1	0	0	0	1	0
1371_sub3	0	1	0	1	0	0	0	1
13710_sub0	1	13	11	2	11	2	0	0
13710_sub1	0	1	1	0	0	0	1	0
13717_sub0	1	7	2	5	2	5	0	0
13717_sub1	0	1	1	0	0	0	1	0
13717_sub2	0	1	0	1	0	0	0	1
13726_sub0	0	1	0	1	0	0	0	1
13726_sub1	0	5	2	3	0	0	2	3
13726_sub2	0	1	1	0	0	0	1	0
13726_sub3	0	1	1	0	0	0	1	0
13726_sub4	0	1	1	0	0	0	1	0
13726_sub5	0	1	0	1	0	0	0	1
13726_sub6	0	1	0	1	0	0	0	1
13726_sub7	0	1	1	0	0	0	1	0
13726_sub8	0	1	0	1	0	0	0	1
13732_sub0	0	1	1	0	0	0	1	0
13732_sub1	0	1	1	0	0	0	1	0
13732_sub2	0	1	1	0	0	0	1	0
13732_sub3	0	1	1	0	0	0	1	0
13732_sub4	0	2	1	1	0	0	1	1
13732_sub5	0	1	1	0	0	0	1	0
13732_sub6	0	1	0	1	0	0	0	1
1374_sub0	0	2	1	1	0	0	1	1
1374_sub1	0	1	1	0	0	0	1	0
1374_sub2	0	1	0	1	0	0	0	1
1374_sub3	0	1	0	1	0	0	0	1
1374_sub4	0	1	0	1	0	0	0	1
13743_sub0	0	1	1	0	0	0	1	0
13743_sub1	0	2	2	0	0	0	2	0
13743_sub2	0	1	1	0	0	0	1	0
13743_sub3	0	1	1	0	0	0	1	0
13743_sub4	0	1	0	1	0	0	0	1
13743_sub5	0	1	0	1	0	0	0	1
13754_sub0	0	1	1	0	0	0	1	0
13754_sub1	0	1	0	1	0	0	0	1
13754_sub2	0	1	1	0	0	0	1	0
13754_sub3	0	1	0	1	0	0	0	1
13754_sub4	0	1	0	1	0	0	0	1
13754_sub5	0	1	0	1	0	0	0	1
1376_sub0	0	1	1	0	0	0	1	0
1376_sub1	0	1	1	0	0	0	1	0
1376_sub2	1	10	3	7	3	7	0	0
13775_sub0	1	29	11	18	10	10	1	8
13775_sub1	0	1	1	0	0	0	1	0
13775_sub2	0	1	1	0	0	0	1	0
13775_sub3	0	1	1	0	0	0	1	0
13775_sub4	0	1	1	0	0	0	1	0
13778_sub0	0	1	1	0	0	0	1	0
13778_sub1	0	1	0	1	0	0	0	1
13778_sub2	0	1	0	1	0	0	0	1
13778_sub3	0	1	0	1	0	0	0	1
13778_sub4	0	1	1	0	0	0	1	0
13778_sub5	0	1	1	0	0	0	1	0
13778_sub6	0	1	0	1	0	0	0	1
13781_sub0	0	1	1	0	0	0	1	0
13781_sub1	0	1	0	1	0	0	0	1
13781_sub2	0	1	1	0	0	0	1	0
13781_sub3	0	1	1	0	0	0	1	0
13781_sub4	0	1	0	1	0	0	0	1
13781_sub5	0	1	1	0	0	0	1	0
13785_sub0	1	7	5	2	5	2	0	0
13785_sub1	0	1	0	1	0	0	0	1
13785_sub2	0	1	0	1	0	0	0	1
13785_sub3	0	1	0	1	0	0	0	1
13786_sub0	0	1	1	0	0	0	1	0
13786_sub1	0	1	1	0	0	0	1	0
13786_sub2	0	1	0	1	0	0	0	1
13786_sub3	0	1	1	0	0	0	1	0
13786_sub4	0	1	1	0	0	0	1	0
13786_sub5	0	1	0	1	0	0	0	1
13786_sub6	0	1	1	0	0	0	1	0
13786_sub7	0	1	1	0	0	0	1	0
13787_sub0	0	1	1	0	0	0	1	0
13787_sub1	0	4	0	4	0	0	0	4
13787_sub2	0	1	1	0	0	0	1	0
13787_sub3	0	1	1	0	0	0	1	0
13787_sub4	0	1	1	0	0	0	1	0
13787_sub5	0	1	0	1	0	0	0	1
13787_sub6	0	1	0	1	0	0	0	1
13787_sub7	0	1	0	1	0	0	0	1
1379_sub0	1	14	8	6	8	6	0	0
1379_sub1	0	1	0	1	0	0	0	1
1379_sub2	0	1	0	1	0	0	0	1
1379_sub3	0	1	1	0	0	0	1	0
13797_sub0	0	1	0	1	0	0	0	1
13797_sub1	0	1	1	0	0	0	1	0
13797_sub2	0	1	0	1	0	0	0	1
13797_sub3	0	1	0	1	0	0	0	1
13797_sub4	0	1	0	1	0	0	0	1
13797_sub5	0	1	0	1	0	0	0	1
13797_sub6	0	1	1	0	0	0	1	0
13797_sub7	0	1	0	1	0	0	0	1
13799_sub0	1	11	2	9	2	9	0	0
13799_sub1	0	1	0	1	0	0	0	1
13799_sub2	0	1	1	0	0	0	1	0
13799_sub3	0	1	0	1	0	0	0	1
138_sub0	0	1	1	0	0	0	1	0
138_sub1	0	1	1	0	0	0	1	0
138_sub2	0	1	1	0	0	0	1	0
138_sub3	1	7	4	3	4	3	0	0
138_sub4	0	1	1	0	0	0	1	0
13810_sub0	0	1	0	1	0	0	0	1
13810_sub1	0	1	0	1	0	0	0	1
13810_sub2	0	1	1	0	0	0	1	0
13810_sub3	0	1	1	0	0	0	1	0
13810_sub4	0	1	1	0	0	0	1	0
13810_sub5	0	1	1	0	0	0	1	0
13810_sub6	0	1	0	1	0	0	0	1
13810_sub7	0	1	1	0	0	0	1	0
13810_sub8	0	1	1	0	0	0	1	0
13811_sub0	0	1	0	1	0	0	0	1
13811_sub1	0	1	1	0	0	0	1	0
13811_sub2	0	1	1	0	0	0	1	0
13811_sub3	0	1	0	1	0	0	0	1
13811_sub4	0	1	1	0	0	0	1	0
13811_sub5	0	1	1	0	0	0	1	0
13812_sub0	0	1	1	0	0	0	1	0
13812_sub1	0	1	0	1	0	0	0	1
13812_sub2	0	1	0	1	0	0	0	1
13812_sub3	0	1	1	0	0	0	1	0
13812_sub4	0	1	0	1	0	0	0	1
13812_sub5	0	1	1	0	0	0	1	0
13815_sub0	1	7	1	6	1	6	0	0
13815_sub1	0	1	0	1	0	0	0	1
13815_sub2	0	1	0	1	0	0	0	1
13815_sub3	0	1	0	1	0	0	0	1
13819_sub0	0	1	0	1	0	0	0	1
13819_sub1	0	1	0	1	0	0	0	1
13819_sub2	0	1	1	0	0	0	1	0
13819_sub3	0	1	1	0	0	0	1	0
13819_sub4	0	1	0	1	0	0	0	1
13819_sub5	0	1	0	1	0	0	0	1
13819_sub6	0	1	1	0	0	0	1	0
13820_sub0	0	1	0	1	0	0	0	1
13820_sub1	0	1	0	1	0	0	0	1
13820_sub2	0	1	1	0	0	0	1	0
13820_sub3	0	1	0	1	0	0	0	1
13820_sub4	0	1	0	1	0	0	0	1
13820_sub5	0	1	0	1	0	0	0	1
13821_sub0	0	1	1	0	0	0	1	0
13821_sub1	0	1	0	1	0	0	0	1
13821_sub2	0	1	0	1	0	0	0	1
13821_sub3	0	1	0	1	0	0	0	1
13821_sub4	0	2	1	1	0	0	1	1
13821_sub5	0	1	1	0	0	0	1	0
1383_sub0	0	1	0	1	0	0	0	1
1383_sub1	0	1	0	1	0	0	0	1
1383_sub2	1	21	12	9	11	9	1	0
13831_sub0	0	1	0	1	0	0	0	1
13831_sub1	0	1	1	0	0	0	1	0
13831_sub2	0	1	1	0	0	0	1	0
13831_sub3	0	1	0	1	0	0	0	1
13831_sub4	0	1	1	0	0	0	1	0
13831_sub5	0	1	1	0	0	0	1	0
13833_sub0	0	1	1	0	0	0	1	0
13833_sub1	0	4	3	1	0	0	3	1
13833_sub2	0	1	0	1	0	0	0	1
1384_sub0	1	11	4	7	4	7	0	0
1384_sub1	0	1	0	1	0	0	0	1
1384_sub2	0	1	1	0	0	0	1	0
1384_sub3	0	1	1	0	0	0	1	0
1384_sub4	0	1	1	0	0	0	1	0
1384_sub5	0	1	1	0	0	0	1	0
13840_sub0	0	1	0	1	0	0	0	1
13840_sub1	0	1	0	1	0	0	0	1
13840_sub2	0	1	1	0	0	0	1	0
13840_sub3	0	1	1	0	0	0	1	0
13840_sub4	0	1	1	0	0	0	1	0
13840_sub5	0	1	0	1	0	0	0	1
13840_sub6	0	1	0	1	0	0	0	1
13840_sub7	0	1	0	1	0	0	0	1
13842_sub0	0	1	1	0	0	0	1	0
13842_sub1	0	1	0	1	0	0	0	1
13842_sub2	0	1	1	0	0	0	1	0
13842_sub3	0	1	0	1	0	0	0	1
13842_sub4	0	1	0	1	0	0	0	1
13842_sub5	0	1	0	1	0	0	0	1
13844_sub0	0	1	1	0	0	0	1	0
13844_sub1	0	1	1	0	0	0	1	0
13844_sub2	0	1	1	0	0	0	1	0
13844_sub3	0	1	1	0	0	0	1	0
13844_sub4	0	1	0	1	0	0	0	1
13844_sub5	0	1	1	0	0	0	1	0
13844_sub6	0	1	0	1	0	0	0	1
13844_sub7	0	1	1	0	0	0	1	0
13844_sub8	0	1	1	0	0	0	1	0
13855_sub0	0	1	1	0	0	0	1	0
13855_sub1	0	1	0	1	0	0	0	1
13855_sub2	0	1	0	1	0	0	0	1
13855_sub3	0	1	1	0	0	0	1	0
13855_sub4	0	1	0	1	0	0	0	1
13855_sub5	0	1	1	0	0	0	1	0
13855_sub6	0	1	1	0	0	0	1	0
13855_sub7	0	1	0	1	0	0	0	1
13856_sub0	0	2	1	1	0	0	1	1
13856_sub1	0	1	1	0	0	0	1	0
13856_sub2	0	1	1	0	0	0	1	0
13856_sub3	0	1	0	1	0	0	0	1
13856_sub4	0	1	0	1	0	0	0	1
13865_sub0	1	9	6	3	6	3	0	0
13867_sub0	0	1	0	1	0	0	0	1
13867_sub1	0	1	1	0	0	0	1	0
13867_sub2	0	1	0	1	0	0	0	1
13867_sub3	0	1	0	1	0	0	0	1
13867_sub4	0	1	1	0	0	0	1	0
13867_sub5	0	1	1	0	0	0	1	0
13867_sub6	0	1	1	0	0	0	1	0
13871_sub0	0	1	1	0	0	0	1	0
13871_sub1	0	1	0	1	0	0	0	1
13871_sub2	0	1	1	0	0	0	1	0
13871_sub3	0	1	1	0	0	0	1	0
13871_sub4	0	1	0	1	0	0	0	1
13871_sub5	0	1	0	1	0	0	0	1
13878_sub0	0	1	0	1	0	0	0	1
13878_sub1	0	1	1	0	0	0	1	0
13878_sub2	0	1	1	0	0	0	1	0
13878_sub3	0	1	0	1	0	0	0	1
13878_sub4	0	1	0	1	0	0	0	1
13878_sub5	0	1	1	0	0	0	1	0
13891_sub0	0	1	0	1	0	0	0	1
13891_sub1	0	1	0	1	0	0	0	1
13891_sub2	0	1	0	1	0	0	0	1
13891_sub3	0	1	1	0	0	0	1	0
13891_sub4	0	1	0	1	0	0	0	1
13891_sub5	0	1	1	0	0	0	1	0
139_sub0	0	1	0	1	0	0	0	1
139_sub1	0	1	1	0	0	0	1	0
139_sub2	1	13	3	10	3	10	0	0
139_sub3	0	1	1	0	0	0	1	0
139_sub4	0	1	0	1	0	0	0	1
139_sub5	0	1	1	0	0	0	1	0
139_sub6	0	1	1	0	0	0	1	0
139_sub7	0	1	0	1	0	0	0	1
139_sub8	0	1	0	1	0	0	0	1
139_sub9	0	1	1	0	0	0	1	0
139_sub10	0	1	0	1	0	0	0	1
139_sub11	0	1	0	1	0	0	0	1
139_sub12	0	1	0	1	0	0	0	1
139_sub13	0	1	0	1	0	0	0	1
139_sub14	0	1	0	1	0	0	0	1
1390_sub0	1	19	11	8	11	8	0	0
1390_sub1	0	1	0	1	0	0	0	1
1390_sub2	0	1	1	0	0	0	1	0
1390_sub3	0	1	1	0	0	0	1	0
1390_sub4	0	1	0	1	0	0	0	1
1390_sub5	0	1	1	0	0	0	1	0
13901_sub0	0	1	1	0	0	0	1	0
13901_sub1	0	1	1	0	0	0	1	0
13901_sub2	0	1	0	1	0	0	0	1
13901_sub3	0	1	0	1	0	0	0	1
13901_sub4	0	1	1	0	0	0	1	0
13901_sub5	0	1	1	0	0	0	1	0
13901_sub6	0	1	1	0	0	0	1	0
13901_sub7	0	1	0	1	0	0	0	1
13901_sub8	0	1	1	0	0	0	1	0
1391_sub0	0	1	0	1	0	0	0	1
1391_sub1	1	19	13	6	13	6	0	0
1391_sub2	0	1	1	0	0	0	1	0
1391_sub3	0	1	1	0	0	0	1	0
1391_sub4	0	1	1	0	0	0	1	0
1391_sub5	0	1	0	1	0	0	0	1
13911_sub0	1	8	5	3	5	3	0	0
13911_sub1	0	1	1	0	0	0	1	0
13914_sub0	0	1	0	1	0	0	0	1
13914_sub1	0	1	0	1	0	0	0	1
13914_sub2	0	1	0	1	0	0	0	1
13914_sub3	0	1	1	0	0	0	1	0
13914_sub4	0	1	0	1	0	0	0	1
13914_sub5	0	1	0	1	0	0	0	1
13922_sub0	0	1	1	0	0	0	1	0
13922_sub1	0	1	1	0	0	0	1	0
13922_sub2	0	1	1	0	0	0	1	0
13922_sub3	0	1	1	0	0	0	1	0
13922_sub4	0	1	0	1	0	0	0	1
13922_sub5	0	1	0	1	0	0	0	1
13922_sub6	0	1	0	1	0	0	0	1
13922_sub7	0	1	1	0	0	0	1	0
13923_sub0	0	1	1	0	0	0	1	0
13923_sub1	0	1	0	1	0	0	0	1
13923_sub2	0	1	1	0	0	0	1	0
13923_sub3	0	1	0	1	0	0	0	1
13923_sub4	0	1	0	1	0	0	0	1
13923_sub5	0	1	0	1	0	0	0	1
13928_sub0	0	1	1	0	0	0	1	0
13928_sub1	0	1	1	0	0	0	1	0
13928_sub2	0	1	0	1	0	0	0	1
13928_sub3	0	1	1	0	0	0	1	0
13928_sub4	0	1	0	1	0	0	0	1
13928_sub5	0	1	1	0	0	0	1	0
13928_sub6	0	1	1	0	0	0	1	0
1393_sub0	1	17	11	6	11	6	0	0
1393_sub1	0	1	0	1	0	0	0	1
1393_sub2	0	1	0	1	0	0	0	1
1393_sub3	0	1	0	1	0	0	0	1
13933_sub0	0	1	0	1	0	0	0	1
13933_sub1	0	1	1	0	0	0	1	0
13933_sub2	0	1	1	0	0	0	1	0
13933_sub3	0	1	0	1	0	0	0	1
13933_sub4	0	1	0	1	0	0	0	1
13933_sub5	0	1	0	1	0	0	0	1
13933_sub6	0	1	0	1	0	0	0	1
13933_sub7	0	1	1	0	0	0	1	0
13933_sub8	0	1	0	1	0	0	0	1
1394_sub0	1	9	5	4	5	4	0	0
1394_sub1	0	1	0	1	0	0	0	1
1394_sub2	0	1	0	1	0	0	0	1
13941_sub0	0	1	1	0	0	0	1	0
13941_sub1	0	1	1	0	0	0	1	0
13941_sub2	0	1	1	0	0	0	1	0
13941_sub3	0	1	1	0	0	0	1	0
13941_sub4	0	1	1	0	0	0	1	0
13941_sub5	0	1	1	0	0	0	1	0
13947_sub0	0	1	0	1	0	0	0	1
13947_sub1	0	1	1	0	0	0	1	0
13947_sub2	0	1	0	1	0	0	0	1
13947_sub3	0	1	1	0	0	0	1	0
13947_sub4	0	1	0	1	0	0	0	1
13947_sub5	0	1	1	0	0	0	1	0
1395_sub0	1	9	5	4	5	4	0	0
1395_sub1	0	1	0	1	0	0	0	1
1395_sub2	0	1	1	0	0	0	1	0
1395_sub3	0	1	1	0	0	0	1	0
1395_sub4	0	1	1	0	0	0	1	0
13952_sub0	1	11	4	7	4	7	0	0
13952_sub1	0	1	0	1	0	0	0	1
13952_sub2	0	1	1	0	0	0	1	0
13952_sub3	0	1	1	0	0	0	1	0
13952_sub4	0	1	1	0	0	0	1	0
13952_sub5	0	1	1	0	0	0	1	0
13952_sub6	0	1	0	1	0	0	0	1
13963_sub0	0	1	1	0	0	0	1	0
13963_sub1	0	1	0	1	0	0	0	1
13963_sub2	0	1	1	0	0	0	1	0
13963_sub3	0	1	1	0	0	0	1	0
13963_sub4	0	1	1	0	0	0	1	0
13963_sub5	0	1	1	0	0	0	1	0
13963_sub6	0	1	1	0	0	0	1	0
13965_sub0	1	7	4	3	4	3	0	0
13966_sub0	1	11	8	3	8	3	0	0
13966_sub1	0	1	1	0	0	0	1	0
13966_sub2	0	1	1	0	0	0	1	0
13966_sub3	0	1	0	1	0	0	0	1
13966_sub4	0	1	1	0	0	0	1	0
13980_sub0	0	1	0	1	0	0	0	1
13980_sub1	1	11	8	3	8	3	0	0
13980_sub2	0	1	0	1	0	0	0	1
13980_sub3	0	1	1	0	0	0	1	0
13980_sub4	0	1	1	0	0	0	1	0
13989_sub0	0	1	0	1	0	0	0	1
13989_sub1	0	1	1	0	0	0	1	0
13989_sub2	0	1	1	0	0	0	1	0
13989_sub3	0	1	1	0	0	0	1	0
13989_sub4	0	1	1	0	0	0	1	0
13989_sub5	0	1	0	1	0	0	0	1
1399_sub0	1	15	11	4	11	4	0	0
1399_sub1	0	1	1	0	0	0	1	0
1399_sub2	0	1	1	0	0	0	1	0
1400_sub0	0	1	1	0	0	0	1	0
1400_sub1	0	1	1	0	0	0	1	0
1400_sub2	0	1	0	1	0	0	0	1
1400_sub3	0	1	1	0	0	0	1	0
1400_sub4	0	1	1	0	0	0	1	0
1400_sub5	0	1	1	0	0	0	1	0
1400_sub6	0	1	1	0	0	0	1	0
14003_sub0	1	6	4	2	4	2	0	0
14003_sub1	0	1	0	1	0	0	0	1
14003_sub2	0	1	1	0	0	0	1	0
14003_sub3	0	1	0	1	0	0	0	1
14022_sub0	0	1	1	0	0	0	1	0
14022_sub1	0	1	0	1	0	0	0	1
14022_sub2	0	1	1	0	0	0	1	0
14022_sub3	0	1	1	0	0	0	1	0
14022_sub4	0	1	0	1	0	0	0	1
14022_sub5	0	1	0	1	0	0	0	1
14023_sub0	1	6	3	3	3	3	0	0
14023_sub1	0	1	1	0	0	0	1	0
14023_sub2	0	1	0	1	0	0	0	1
14028_sub0	0	1	0	1	0	0	0	1
14028_sub1	0	1	0	1	0	0	0	1
14028_sub2	0	1	0	1	0	0	0	1
14028_sub3	0	1	1	0	0	0	1	0
14028_sub4	0	1	1	0	0	0	1	0
14028_sub5	0	1	1	0	0	0	1	0
1403_sub0	0	1	1	0	0	0	1	0
1403_sub1	1	20	9	11	9	11	0	0
1403_sub2	0	1	0	1	0	0	0	1
14031_sub0	0	1	1	0	0	0	1	0
14031_sub1	1	10	10	0	10	0	0	0
14031_sub2	1	12	0	12	0	12	0	0
14042_sub0	0	1	0	1	0	0	0	1
14042_sub1	0	1	1	0	0	0	1	0
14042_sub2	0	1	1	0	0	0	1	0
14042_sub3	0	1	1	0	0	0	1	0
14042_sub4	0	1	1	0	0	0	1	0
14042_sub5	0	1	0	1	0	0	0	1
14044_sub0	0	1	1	0	0	0	1	0
14044_sub1	0	1	0	1	0	0	0	1
14044_sub2	0	1	0	1	0	0	0	1
14044_sub3	0	1	1	0	0	0	1	0
14044_sub4	0	1	1	0	0	0	1	0
14044_sub5	0	1	1	0	0	0	1	0
14049_sub0	0	1	0	1	0	0	0	1
14049_sub1	0	1	1	0	0	0	1	0
14049_sub2	0	1	0	1	0	0	0	1
14049_sub3	0	2	1	1	0	0	1	1
14049_sub4	0	1	1	0	0	0	1	0
14049_sub5	0	1	1	0	0	0	1	0
14049_sub6	0	1	1	0	0	0	1	0
14049_sub7	0	1	0	1	0	0	0	1
14058_sub0	0	1	0	1	0	0	0	1
14058_sub1	0	1	0	1	0	0	0	1
14058_sub2	1	9	5	4	5	4	0	0
14058_sub3	0	1	1	0	0	0	1	0
14058_sub4	0	1	1	0	0	0	1	0
1406_sub0	0	1	0	1	0	0	0	1
1406_sub1	1	10	7	3	7	3	0	0
1406_sub2	0	1	0	1	0	0	0	1
1406_sub3	0	1	0	1	0	0	0	1
1406_sub4	0	1	0	1	0	0	0	1
14064_sub0	0	1	0	1	0	0	0	1
14064_sub1	0	2	1	1	0	0	1	1
14064_sub2	0	1	0	1	0	0	0	1
14064_sub3	0	1	1	0	0	0	1	0
14064_sub4	0	1	0	1	0	0	0	1
14064_sub5	0	1	0	1	0	0	0	1
14064_sub6	0	1	1	0	0	0	1	0
14073_sub0	0	1	0	1	0	0	0	1
14073_sub1	0	1	0	1	0	0	0	1
14073_sub2	0	1	0	1	0	0	0	1
14073_sub3	0	1	1	0	0	0	1	0
14073_sub4	0	1	1	0	0	0	1	0
14073_sub5	0	1	1	0	0	0	1	0
14073_sub6	0	1	0	1	0	0	0	1
14073_sub7	0	1	1	0	0	0	1	0
14073_sub8	0	1	1	0	0	0	1	0
14082_sub0	0	1	0	1	0	0	0	1
14082_sub1	0	1	1	0	0	0	1	0
14082_sub2	0	1	0	1	0	0	0	1
14082_sub3	0	1	0	1	0	0	0	1
14082_sub4	0	1	0	1	0	0	0	1
14082_sub5	0	1	0	1	0	0	0	1
1409_sub0	0	1	0	1	0	0	0	1
1409_sub1	0	1	0	1	0	0	0	1
1409_sub2	0	1	1	0	0	0	1	0
1409_sub3	0	1	1	0	0	0	1	0
1409_sub4	0	1	0	1	0	0	0	1
1409_sub5	0	1	0	1	0	0	0	1
14094_sub0	0	1	0	1	0	0	0	1
14094_sub1	0	1	0	1	0	0	0	1
14094_sub2	0	1	1	0	0	0	1	0
14094_sub3	0	1	1	0	0	0	1	0
14094_sub4	0	1	0	1	0	0	0	1
14094_sub5	0	1	0	1	0	0	0	1
14094_sub6	0	1	0	1	0	0	0	1
14096_sub0	0	2	1	1	0	0	1	1
14096_sub1	0	1	1	0	0	0	1	0
14096_sub2	0	1	0	1	0	0	0	1
14096_sub3	0	1	1	0	0	0	1	0
14096_sub4	0	1	1	0	0	0	1	0
14097_sub0	0	1	0	1	0	0	0	1
14097_sub1	0	1	1	0	0	0	1	0
14097_sub2	0	1	0	1	0	0	0	1
14097_sub3	0	1	1	0	0	0	1	0
14097_sub4	0	1	0	1	0	0	0	1
14097_sub5	0	1	0	1	0	0	0	1
141_sub0	0	1	1	0	0	0	1	0
141_sub1	1	13	5	8	5	8	0	0
141_sub2	0	1	0	1	0	0	0	1
1410_sub0	0	1	0	1	0	0	0	1
1410_sub1	0	1	0	1	0	0	0	1
1410_sub2	0	1	0	1	0	0	0	1
1410_sub3	0	1	1	0	0	0	1	0
1410_sub4	0	1	1	0	0	0	1	0
1410_sub5	0	1	0	1	0	0	0	1
14104_sub0	0	1	1	0	0	0	1	0
14104_sub1	0	1	0	1	0	0	0	1
14104_sub2	0	1	1	0	0	0	1	0
14104_sub3	0	1	1	0	0	0	1	0
14104_sub4	0	1	0	1	0	0	0	1
14104_sub5	0	1	1	0	0	0	1	0
14104_sub6	0	1	1	0	0	0	1	0
14104_sub7	0	1	0	1	0	0	0	1
1411_sub0	1	10	5	5	5	5	0	0
1411_sub1	0	1	0	1	0	0	0	1
1411_sub2	0	1	1	0	0	0	1	0
1411_sub3	0	1	0	1	0	0	0	1
14111_sub0	1	7	2	5	2	5	0	0
14111_sub1	0	1	1	0	0	0	1	0
14111_sub2	0	1	1	0	0	0	1	0
14115_sub0	0	1	1	0	0	0	1	0
14115_sub1	0	1	1	0	0	0	1	0
14115_sub2	0	1	0	1	0	0	0	1
14115_sub3	0	1	0	1	0	0	0	1
14115_sub4	0	1	0	1	0	0	0	1
14115_sub5	0	1	1	0	0	0	1	0
14118_sub0	0	1	1	0	0	0	1	0
14118_sub1	0	1	1	0	0	0	1	0
14118_sub2	0	1	0	1	0	0	0	1
14118_sub3	0	1	1	0	0	0	1	0
14118_sub4	0	1	1	0	0	0	1	0
14118_sub5	0	1	1	0	0	0	1	0
14118_sub6	0	1	1	0	0	0	1	0
1412_sub0	1	18	10	8	10	8	0	0
1412_sub1	0	1	1	0	0	0	1	0
1412_sub2	0	1	1	0	0	0	1	0
1412_sub3	0	1	0	1	0	0	0	1
14124_sub0	0	1	0	1	0	0	0	1
14124_sub1	0	1	0	1	0	0	0	1
14124_sub2	0	1	0	1	0	0	0	1
14124_sub3	0	1	0	1	0	0	0	1
14124_sub4	0	1	0	1	0	0	0	1
14124_sub5	0	1	0	1	0	0	0	1
14124_sub6	0	1	1	0	0	0	1	0
14125_sub0	0	1	1	0	0	0	1	0
14125_sub1	0	1	0	1	0	0	0	1
14125_sub2	0	1	0	1	0	0	0	1
14125_sub3	0	1	1	0	0	0	1	0
14125_sub4	0	1	0	1	0	0	0	1
14125_sub5	0	1	1	0	0	0	1	0
14125_sub6	0	1	1	0	0	0	1	0
14140_sub0	0	1	0	1	0	0	0	1
14140_sub1	0	1	0	1	0	0	0	1
14140_sub2	0	1	0	1	0	0	0	1
14140_sub3	0	1	1	0	0	0	1	0
14140_sub4	0	1	0	1	0	0	0	1
14140_sub5	0	1	1	0	0	0	1	0
14140_sub6	0	1	0	1	0	0	0	1
14140_sub7	0	1	1	0	0	0	1	0
14140_sub8	0	1	1	0	0	0	1	0
14140_sub9	0	1	1	0	0	0	1	0
14151_sub0	0	1	1	0	0	0	1	0
14151_sub1	0	1	1	0	0	0	1	0
14151_sub2	0	1	0	1	0	0	0	1
14151_sub3	0	1	1	0	0	0	1	0
14151_sub4	0	1	1	0	0	0	1	0
14151_sub5	0	1	0	1	0	0	0	1
14155_sub0	0	1	0	1	0	0	0	1
14155_sub1	0	1	0	1	0	0	0	1
14155_sub2	0	1	1	0	0	0	1	0
14155_sub3	0	1	1	0	0	0	1	0
14155_sub4	0	1	0	1	0	0	0	1
14155_sub5	0	1	0	1	0	0	0	1
14155_sub6	0	1	1	0	0	0	1	0
14155_sub7	0	1	1	0	0	0	1	0
14155_sub8	0	1	0	1	0	0	0	1
14155_sub9	0	1	0	1	0	0	0	1
14170_sub0	0	1	1	0	0	0	1	0
14170_sub1	0	1	1	0	0	0	1	0
14170_sub2	0	1	1	0	0	0	1	0
14170_sub3	0	1	1	0	0	0	1	0
14170_sub4	0	1	0	1	0	0	0	1
14170_sub5	0	1	1	0	0	0	1	0
14178_sub0	0	1	1	0	0	0	1	0
14178_sub1	0	1	0	1	0	0	0	1
14178_sub2	0	1	0	1	0	0	0	1
14178_sub3	0	1	1	0	0	0	1	0
14178_sub4	0	1	0	1	0	0	0	1
14178_sub5	0	1	0	1	0	0	0	1
14178_sub6	0	1	0	1	0	0	0	1
14178_sub7	0	1	0	1	0	0	0	1
14182_sub0	1	15	9	6	9	6	0	0
14182_sub1	0	1	0	1	0	0	0	1
14182_sub2	0	1	0	1	0	0	0	1
14185_sub0	0	1	0	1	0	0	0	1
14185_sub1	1	6	4	2	4	2	0	0
14185_sub2	0	1	1	0	0	0	1	0
1420_sub0	1	19	11	8	11	8	0	0
1420_sub1	0	1	1	0	0	0	1	0
1420_sub2	0	1	0	1	0	0	0	1
1420_sub3	0	1	0	1	0	0	0	1
1420_sub4	0	1	1	0	0	0	1	0
1420_sub5	0	1	0	1	0	0	0	1
14205_sub0	0	1	0	1	0	0	0	1
14205_sub1	0	4	2	2	0	0	2	2
14205_sub2	0	1	1	0	0	0	1	0
14205_sub3	0	1	1	0	0	0	1	0
14205_sub4	0	1	0	1	0	0	0	1
1421_sub0	1	19	6	13	6	13	0	0
1421_sub1	0	1	1	0	0	0	1	0
1421_sub2	0	1	1	0	0	0	1	0
1421_sub3	0	1	1	0	0	0	1	0
14211_sub0	1	9	3	6	3	6	0	0
14211_sub1	0	1	1	0	0	0	1	0
14211_sub2	0	1	1	0	0	0	1	0
14211_sub3	0	1	1	0	0	0	1	0
14211_sub4	0	1	1	0	0	0	1	0
14211_sub5	0	1	0	1	0	0	0	1
14211_sub6	0	1	1	0	0	0	1	0
14211_sub7	0	1	0	1	0	0	0	1
14213_sub0	0	1	1	0	0	0	1	0
14213_sub1	0	1	0	1	0	0	0	1
14213_sub2	0	1	1	0	0	0	1	0
14213_sub3	0	1	0	1	0	0	0	1
14213_sub4	0	1	0	1	0	0	0	1
14213_sub5	0	1	0	1	0	0	0	1
14213_sub6	0	1	0	1	0	0	0	1
14213_sub7	0	1	0	1	0	0	0	1
14217_sub0	0	2	1	1	0	0	1	1
14217_sub1	0	1	0	1	0	0	0	1
14217_sub2	0	1	1	0	0	0	1	0
14217_sub3	0	1	0	1	0	0	0	1
14217_sub4	0	1	1	0	0	0	1	0
14219_sub0	0	1	1	0	0	0	1	0
14219_sub1	0	1	1	0	0	0	1	0
14219_sub2	1	6	1	5	1	5	0	0
14224_sub0	0	1	1	0	0	0	1	0
14224_sub1	0	1	1	0	0	0	1	0
14224_sub2	0	1	1	0	0	0	1	0
14224_sub3	0	1	1	0	0	0	1	0
14224_sub4	0	1	1	0	0	0	1	0
14224_sub5	0	1	1	0	0	0	1	0
14226_sub0	1	17	7	10	7	10	0	0
14230_sub0	0	1	0	1	0	0	0	1
14230_sub1	0	1	0	1	0	0	0	1
14230_sub2	0	1	0	1	0	0	0	1
14230_sub3	0	1	1	0	0	0	1	0
14230_sub4	0	1	1	0	0	0	1	0
14230_sub5	0	1	1	0	0	0	1	0
14230_sub6	0	1	0	1	0	0	0	1
14237_sub0	0	1	0	1	0	0	0	1
14237_sub1	1	15	6	9	6	9	0	0
14237_sub2	0	1	0	1	0	0	0	1
14237_sub3	0	1	0	1	0	0	0	1
14237_sub4	0	1	1	0	0	0	1	0
14237_sub5	0	1	1	0	0	0	1	0
14245_sub0	0	1	0	1	0	0	0	1
14245_sub1	0	1	0	1	0	0	0	1
14245_sub2	0	1	1	0	0	0	1	0
14245_sub3	0	1	1	0	0	0	1	0
14245_sub4	0	1	0	1	0	0	0	1
14245_sub5	0	1	0	1	0	0	0	1
14245_sub6	0	1	1	0	0	0	1	0
14246_sub0	0	2	1	1	0	0	1	1
14246_sub1	0	1	0	1	0	0	0	1
14246_sub2	0	1	1	0	0	0	1	0
14246_sub3	0	1	1	0	0	0	1	0
14246_sub4	0	1	1	0	0	0	1	0
1425_sub0	0	1	1	0	0	0	1	0
1425_sub1	1	16	5	11	5	11	0	0
1425_sub2	0	1	0	1	0	0	0	1
1425_sub3	0	1	0	1	0	0	0	1
1425_sub4	0	1	1	0	0	0	1	0
1425_sub5	0	1	1	0	0	0	1	0
14257_sub0	0	1	0	1	0	0	0	1
14257_sub1	0	1	1	0	0	0	1	0
14257_sub2	0	1	1	0	0	0	1	0
14257_sub3	0	1	1	0	0	0	1	0
14257_sub4	0	1	1	0	0	0	1	0
14257_sub5	0	1	1	0	0	0	1	0
14257_sub6	0	1	0	1	0	0	0	1
14259_sub0	0	1	0	1	0	0	0	1
14259_sub1	1	15	6	9	6	9	0	0
14259_sub2	0	1	1	0	0	0	1	0
14259_sub3	0	1	1	0	0	0	1	0
14259_sub4	0	1	0	1	0	0	0	1
14259_sub5	0	1	1	0	0	0	1	0
14271_sub0	0	1	1	0	0	0	1	0
14271_sub1	0	1	1	0	0	0	1	0
14271_sub2	0	2	0	2	0	0	0	2
14271_sub3	0	1	1	0	0	0	1	0
14271_sub4	0	1	0	1	0	0	0	1
14271_sub5	0	1	1	0	0	0	1	0
14271_sub6	0	1	1	0	0	0	1	0
14271_sub7	0	1	1	0	0	0	1	0
14271_sub8	0	1	1	0	0	0	1	0
14274_sub0	0	1	1	0	0	0	1	0
14274_sub1	0	1	0	1	0	0	0	1
14274_sub2	1	20	11	9	11	9	0	0
14274_sub3	0	1	1	0	0	0	1	0
14274_sub4	0	1	0	1	0	0	0	1
14279_sub0	0	1	0	1	0	0	0	1
14279_sub1	0	1	1	0	0	0	1	0
14279_sub2	0	1	1	0	0	0	1	0
14279_sub3	0	1	1	0	0	0	1	0
14279_sub4	0	1	1	0	0	0	1	0
14279_sub5	0	1	0	1	0	0	0	1
1428_sub0	0	1	0	1	0	0	0	1
1428_sub1	1	11	6	5	6	5	0	0
143_sub0	0	1	0	1	0	0	0	1
143_sub1	1	23	13	10	10	10	3	0
143_sub2	0	1	1	0	0	0	1	0
143_sub3	0	1	1	0	0	0	1	0
143_sub4	0	1	0	1	0	0	0	1
1430_sub0	0	1	1	0	0	0	1	0
1430_sub1	0	1	0	1	0	0	0	1
1430_sub2	1	13	4	9	4	9	0	0
1430_sub3	0	1	1	0	0	0	1	0
1430_sub4	0	1	1	0	0	0	1	0
1430_sub5	0	1	1	0	0	0	1	0
14328_sub0	0	1	0	1	0	0	0	1
14328_sub1	0	1	0	1	0	0	0	1
14328_sub2	0	1	1	0	0	0	1	0
14328_sub3	0	1	0	1	0	0	0	1
14328_sub4	0	1	1	0	0	0	1	0
14328_sub5	0	1	0	1	0	0	0	1
14340_sub0	1	16	7	9	7	9	0	0
14340_sub1	0	1	0	1	0	0	0	1
14340_sub2	0	1	0	1	0	0	0	1
14340_sub3	0	1	1	0	0	0	1	0
14340_sub4	0	1	0	1	0	0	0	1
14340_sub5	0	1	0	1	0	0	0	1
14341_sub0	0	1	0	1	0	0	0	1
14341_sub1	0	1	1	0	0	0	1	0
14341_sub2	0	1	1	0	0	0	1	0
14341_sub3	0	1	0	1	0	0	0	1
14341_sub4	0	1	1	0	0	0	1	0
14341_sub5	0	1	1	0	0	0	1	0
14342_sub0	0	1	0	1	0	0	0	1
14342_sub1	0	1	1	0	0	0	1	0
14342_sub2	0	1	1	0	0	0	1	0
14342_sub3	0	1	0	1	0	0	0	1
14342_sub4	0	1	0	1	0	0	0	1
14342_sub5	0	1	0	1	0	0	0	1
14345_sub0	0	1	0	1	0	0	0	1
14345_sub1	0	1	0	1	0	0	0	1
14345_sub2	0	1	1	0	0	0	1	0
14345_sub3	0	1	1	0	0	0	1	0
14345_sub4	0	1	1	0	0	0	1	0
14345_sub5	0	1	1	0	0	0	1	0
14345_sub6	0	1	0	1	0	0	0	1
14349_sub0	0	2	1	1	0	0	1	1
14349_sub1	0	1	0	1	0	0	0	1
14349_sub2	0	1	1	0	0	0	1	0
14349_sub3	0	1	1	0	0	0	1	0
14349_sub4	0	1	1	0	0	0	1	0
14360_sub0	0	1	0	1	0	0	0	1
14360_sub1	0	3	2	1	0	0	2	1
14360_sub2	0	1	1	0	0	0	1	0
14360_sub3	0	1	0	1	0	0	0	1
14360_sub4	0	1	1	0	0	0	1	0
14364_sub0	0	1	1	0	0	0	1	0
14364_sub1	0	1	0	1	0	0	0	1
14364_sub2	0	1	1	0	0	0	1	0
14364_sub3	0	1	0	1	0	0	0	1
14364_sub4	0	1	0	1	0	0	0	1
14364_sub5	0	1	1	0	0	0	1	0
14364_sub6	0	1	1	0	0	0	1	0
14365_sub0	0	1	1	0	0	0	1	0
14365_sub1	0	1	0	1	0	0	0	1
14365_sub2	0	1	0	1	0	0	0	1
14365_sub3	0	1	0	1	0	0	0	1
14365_sub4	0	1	0	1	0	0	0	1
14365_sub5	0	1	1	0	0	0	1	0
14365_sub6	0	1	0	1	0	0	0	1
14370_sub0	0	1	0	1	0	0	0	1
14370_sub1	0	1	1	0	0	0	1	0
14370_sub2	0	2	1	1	0	0	1	1
14370_sub3	0	1	0	1	0	0	0	1
14370_sub4	0	1	0	1	0	0	0	1
14378_sub0	0	1	1	0	0	0	1	0
14378_sub1	0	1	1	0	0	0	1	0
14378_sub2	0	2	0	2	0	0	0	2
14378_sub3	0	1	0	1	0	0	0	1
14378_sub4	0	1	1	0	0	0	1	0
14381_sub0	1	10	4	6	4	6	0	0
14381_sub1	0	1	1	0	0	0	1	0
14381_sub2	0	1	0	1	0	0	0	1
14381_sub3	0	1	0	1	0	0	0	1
14382_sub0	0	1	1	0	0	0	1	0
14382_sub1	0	1	0	1	0	0	0	1
14382_sub2	0	1	1	0	0	0	1	0
14382_sub3	0	1	1	0	0	0	1	0
14382_sub4	0	1	1	0	0	0	1	0
14382_sub5	0	1	1	0	0	0	1	0
14389_sub0	0	1	0	1	0	0	0	1
14389_sub1	0	1	0	1	0	0	0	1
14389_sub2	0	1	0	1	0	0	0	1
14389_sub3	0	1	1	0	0	0	1	0
14389_sub4	0	1	0	1	0	0	0	1
14389_sub5	0	1	0	1	0	0	0	1
1439_sub0	1	17	9	8	9	8	0	0
1439_sub1	0	1	0	1	0	0	0	1
1439_sub2	0	1	0	1	0	0	0	1
1439_sub3	0	1	0	1	0	0	0	1
1439_sub4	0	1	0	1	0	0	0	1
14391_sub0	0	1	1	0	0	0	1	0
14391_sub1	0	1	0	1	0	0	0	1
14391_sub2	0	1	0	1	0	0	0	1
14391_sub3	0	1	0	1	0	0	0	1
14391_sub4	0	1	1	0	0	0	1	0
14391_sub5	0	1	0	1	0	0	0	1
14391_sub6	0	1	0	1	0	0	0	1
14399_sub0	0	1	1	0	0	0	1	0
14399_sub1	0	2	2	0	0	0	2	0
14399_sub2	0	1	0	1	0	0	0	1
14399_sub3	0	1	0	1	0	0	0	1
14399_sub4	0	1	0	1	0	0	0	1
14399_sub5	0	1	1	0	0	0	1	0
14399_sub6	0	1	0	1	0	0	0	1
14403_sub0	0	1	0	1	0	0	0	1
14403_sub1	1	9	2	7	2	7	0	0
14403_sub2	0	1	1	0	0	0	1	0
14403_sub3	0	1	1	0	0	0	1	0
14405_sub0	0	1	1	0	0	0	1	0
14405_sub1	0	1	1	0	0	0	1	0
14405_sub2	0	2	1	1	0	0	1	1
14405_sub3	0	1	0	1	0	0	0	1
14405_sub4	0	1	1	0	0	0	1	0
14405_sub5	0	1	0	1	0	0	0	1
14408_sub0	0	1	0	1	0	0	0	1
14408_sub1	0	1	0	1	0	0	0	1
14408_sub2	0	1	1	0	0	0	1	0
14408_sub3	0	1	0	1	0	0	0	1
14408_sub4	0	1	0	1	0	0	0	1
14408_sub5	0	1	1	0	0	0	1	0
14408_sub6	0	1	1	0	0	0	1	0
14410_sub0	0	1	1	0	0	0	1	0
14410_sub1	0	1	0	1	0	0	0	1
14410_sub2	0	1	1	0	0	0	1	0
14410_sub3	0	1	0	1	0	0	0	1
14410_sub4	0	1	1	0	0	0	1	0
14410_sub5	0	1	0	1	0	0	0	1
14411_sub0	0	1	1	0	0	0	1	0
14411_sub1	0	1	0	1	0	0	0	1
14411_sub2	1	10	6	4	6	4	0	0
14411_sub3	0	1	0	1	0	0	0	1
14419_sub0	1	16	7	9	7	9	0	0
14419_sub1	0	1	1	0	0	0	1	0
14419_sub2	0	1	1	0	0	0	1	0
14419_sub3	0	1	1	0	0	0	1	0
14419_sub4	0	1	1	0	0	0	1	0
14419_sub5	0	1	1	0	0	0	1	0
1442_sub0	1	31	13	18	10	10	3	8
14427_sub0	0	1	0	1	0	0	0	1
14427_sub1	0	1	0	1	0	0	0	1
14427_sub2	0	1	1	0	0	0	1	0
14427_sub3	0	1	1	0	0	0	1	0
14427_sub4	0	1	1	0	0	0	1	0
14427_sub5	0	1	0	1	0	0	0	1
1443_sub0	1	15	10	5	10	5	0	0
1443_sub1	0	1	1	0	0	0	1	0
1443_sub2	0	1	0	1	0	0	0	1
1443_sub3	0	2	1	1	0	0	1	1
1443_sub4	0	1	0	1	0	0	0	1
1443_sub5	0	1	1	0	0	0	1	0
1443_sub6	0	1	0	1	0	0	0	1
1443_sub7	0	1	0	1	0	0	0	1
14430_sub0	0	1	1	0	0	0	1	0
14430_sub1	0	1	0	1	0	0	0	1
14430_sub2	0	1	1	0	0	0	1	0
14430_sub3	0	1	0	1	0	0	0	1
14430_sub4	1	14	5	9	5	9	0	0
14441_sub0	0	1	1	0	0	0	1	0
14441_sub1	0	1	0	1	0	0	0	1
14441_sub2	0	1	0	1	0	0	0	1
14441_sub3	0	1	0	1	0	0	0	1
14441_sub4	0	1	0	1	0	0	0	1
14441_sub5	0	1	1	0	0	0	1	0
14441_sub6	0	1	0	1	0	0	0	1
14441_sub7	0	1	0	1	0	0	0	1
14441_sub8	0	1	1	0	0	0	1	0
14448_sub0	0	2	1	1	0	0	1	1
14448_sub1	0	1	1	0	0	0	1	0
14448_sub2	0	1	0	1	0	0	0	1
14448_sub3	0	1	1	0	0	0	1	0
14448_sub4	0	1	0	1	0	0	0	1
14457_sub0	0	1	0	1	0	0	0	1
14457_sub1	0	1	1	0	0	0	1	0
14457_sub2	0	1	1	0	0	0	1	0
14457_sub3	0	1	0	1	0	0	0	1
14457_sub4	0	1	0	1	0	0	0	1
14457_sub5	0	1	1	0	0	0	1	0
14457_sub6	0	1	1	0	0	0	1	0
14457_sub7	0	1	0	1	0	0	0	1
14459_sub0	0	1	0	1	0	0	0	1
14459_sub1	0	1	1	0	0	0	1	0
14459_sub2	0	1	1	0	0	0	1	0
14459_sub3	0	1	1	0	0	0	1	0
14459_sub4	0	1	0	1	0	0	0	1
14459_sub5	0	1	1	0	0	0	1	0
14459_sub6	0	1	0	1	0	0	0	1
14459_sub7	0	1	1	0	0	0	1	0
14459_sub8	0	1	1	0	0	0	1	0
1446_sub0	0	1	0	1	0	0	0	1
1446_sub1	1	16	6	10	6	10	0	0
1446_sub2	0	1	1	0	0	0	1	0
14460_sub0	1	14	8	6	8	6	0	0
14460_sub1	0	1	0	1	0	0	0	1
14460_sub2	0	1	0	1	0	0	0	1
14460_sub3	0	1	0	1	0	0	0	1
14460_sub4	0	1	0	1	0	0	0	1
14461_sub0	0	1	0	1	0	0	0	1
14461_sub1	0	1	1	0	0	0	1	0
14461_sub2	0	1	1	0	0	0	1	0
14461_sub3	0	1	1	0	0	0	1	0
14461_sub4	0	1	1	0	0	0	1	0
14461_sub5	0	1	1	0	0	0	1	0
14461_sub6	0	1	0	1	0	0	0	1
14461_sub7	0	1	1	0	0	0	1	0
14461_sub8	0	1	1	0	0	0	1	0
14461_sub9	0	1	1	0	0	0	1	0
14461_sub10	0	1	0	1	0	0	0	1
14461_sub11	0	1	0	1	0	0	0	1
1448_sub0	0	1	0	1	0	0	0	1
1448_sub1	1	9	3	6	3	6	0	0
1448_sub2	0	1	0	1	0	0	0	1
14483_sub0	1	17	9	8	9	8	0	0
14483_sub1	0	1	0	1	0	0	0	1
14483_sub2	0	1	0	1	0	0	0	1
14483_sub3	0	1	0	1	0	0	0	1
14483_sub4	0	1	1	0	0	0	1	0
14483_sub5	0	1	1	0	0	0	1	0
14484_sub0	0	1	1	0	0	0	1	0
14484_sub1	0	1	1	0	0	0	1	0
14484_sub2	0	1	0	1	0	0	0	1
14484_sub3	0	1	1	0	0	0	1	0
14484_sub4	0	1	0	1	0	0	0	1
14484_sub5	0	1	0	1	0	0	0	1
14484_sub6	0	1	0	1	0	0	0	1
14484_sub7	0	1	0	1	0	0	0	1
14485_sub0	0	1	1	0	0	0	1	0
14485_sub1	0	1	1	0	0	0	1	0
14485_sub2	0	1	0	1	0	0	0	1
14485_sub3	0	1	0	1	0	0	0	1
14485_sub4	0	1	0	1	0	0	0	1
14485_sub5	0	1	1	0	0	0	1	0
14486_sub0	0	1	1	0	0	0	1	0
14486_sub1	0	1	0	1	0	0	0	1
14486_sub2	0	1	0	1	0	0	0	1
14486_sub3	0	1	1	0	0	0	1	0
14486_sub4	0	1	1	0	0	0	1	0
14486_sub5	0	1	0	1	0	0	0	1
14486_sub6	0	1	1	0	0	0	1	0
14486_sub7	0	1	0	1	0	0	0	1
14489_sub0	0	1	1	0	0	0	1	0
14489_sub1	0	1	0	1	0	0	0	1
14489_sub2	0	1	1	0	0	0	1	0
14489_sub3	0	1	0	1	0	0	0	1
14489_sub4	0	1	0	1	0	0	0	1
14489_sub5	0	1	0	1	0	0	0	1
14489_sub6	0	1	1	0	0	0	1	0
14491_sub0	0	2	1	1	0	0	1	1
14491_sub1	0	1	0	1	0	0	0	1
14491_sub2	0	1	1	0	0	0	1	0
14491_sub3	0	1	1	0	0	0	1	0
14491_sub4	0	1	0	1	0	0	0	1
14499_sub0	1	7	5	2	5	2	0	0
14506_sub0	1	18	9	9	9	9	0	0
14507_sub0	0	1	1	0	0	0	1	0
14507_sub1	0	1	0	1	0	0	0	1
14507_sub2	0	1	1	0	0	0	1	0
14507_sub3	0	1	0	1	0	0	0	1
14507_sub4	0	1	1	0	0	0	1	0
14507_sub5	0	1	0	1	0	0	0	1
14508_sub0	0	1	0	1	0	0	0	1
14508_sub1	0	1	1	0	0	0	1	0
14508_sub2	0	1	1	0	0	0	1	0
14508_sub3	0	1	1	0	0	0	1	0
14508_sub4	0	1	1	0	0	0	1	0
14508_sub5	0	1	0	1	0	0	0	1
14508_sub6	0	1	0	1	0	0	0	1
14508_sub7	0	1	1	0	0	0	1	0
14508_sub8	0	1	1	0	0	0	1	0
14508_sub9	0	1	1	0	0	0	1	0
14510_sub0	0	1	1	0	0	0	1	0
14510_sub1	0	1	0	1	0	0	0	1
14510_sub2	0	1	1	0	0	0	1	0
14510_sub3	0	1	1	0	0	0	1	0
14510_sub4	0	1	1	0	0	0	1	0
14510_sub5	0	1	1	0	0	0	1	0
14516_sub0	1	16	9	7	9	7	0	0
14516_sub1	0	1	0	1	0	0	0	1
14519_sub0	0	1	1	0	0	0	1	0
14519_sub1	0	1	1	0	0	0	1	0
14519_sub2	0	1	0	1	0	0	0	1
14519_sub3	0	1	0	1	0	0	0	1
14519_sub4	0	1	1	0	0	0	1	0
14519_sub5	0	1	1	0	0	0	1	0
14519_sub6	0	1	0	1	0	0	0	1
14519_sub7	0	1	0	1	0	0	0	1
14519_sub8	0	1	0	1	0	0	0	1
14519_sub9	0	1	0	1	0	0	0	1
14519_sub10	0	1	1	0	0	0	1	0
14534_sub0	0	1	0	1	0	0	0	1
14534_sub1	0	4	4	0	0	0	4	0
14534_sub2	0	1	1	0	0	0	1	0
14539_sub0	0	1	1	0	0	0	1	0
14539_sub1	0	1	0	1	0	0	0	1
14539_sub2	0	1	0	1	0	0	0	1
14539_sub3	0	1	1	0	0	0	1	0
14539_sub4	0	1	1	0	0	0	1	0
14539_sub5	0	1	0	1	0	0	0	1
14539_sub6	0	1	1	0	0	0	1	0
1454_sub0	1	20	9	11	9	11	0	0
1454_sub1	0	1	0	1	0	0	0	1
1454_sub2	0	1	0	1	0	0	0	1
1454_sub3	0	1	1	0	0	0	1	0
14540_sub0	0	1	0	1	0	0	0	1
14540_sub1	0	1	0	1	0	0	0	1
14540_sub2	0	1	1	0	0	0	1	0
14540_sub3	0	1	0	1	0	0	0	1
14540_sub4	0	1	1	0	0	0	1	0
14540_sub5	0	1	1	0	0	0	1	0
14540_sub6	0	1	0	1	0	0	0	1
14540_sub7	0	1	1	0	0	0	1	0
14540_sub8	0	1	1	0	0	0	1	0
14540_sub9	0	1	1	0	0	0	1	0
14546_sub0	0	2	1	1	0	0	1	1
14546_sub1	0	1	0	1	0	0	0	1
14546_sub2	0	1	1	0	0	0	1	0
14546_sub3	0	1	1	0	0	0	1	0
14546_sub4	0	1	0	1	0	0	0	1
14546_sub5	0	1	0	1	0	0	0	1
1455_sub0	0	1	0	1	0	0	0	1
1455_sub1	0	1	0	1	0	0	0	1
1455_sub2	0	1	1	0	0	0	1	0
1455_sub3	1	8	4	4	4	4	0	0
14553_sub0	0	1	1	0	0	0	1	0
14553_sub1	0	1	1	0	0	0	1	0
14553_sub2	1	7	2	5	2	5	0	0
14560_sub0	0	1	1	0	0	0	1	0
14560_sub1	0	1	0	1	0	0	0	1
14560_sub2	0	1	0	1	0	0	0	1
14560_sub3	0	1	0	1	0	0	0	1
14560_sub4	0	1	1	0	0	0	1	0
14560_sub5	0	1	1	0	0	0	1	0
14561_sub0	0	1	1	0	0	0	1	0
14561_sub1	0	1	1	0	0	0	1	0
14561_sub2	0	1	1	0	0	0	1	0
14561_sub3	0	1	1	0	0	0	1	0
14561_sub4	0	1	1	0	0	0	1	0
14561_sub5	0	1	1	0	0	0	1	0
14563_sub0	0	1	0	1	0	0	0	1
14563_sub1	0	2	0	2	0	0	0	2
14563_sub2	0	1	0	1	0	0	0	1
14563_sub3	0	1	0	1	0	0	0	1
14563_sub4	0	1	0	1	0	0	0	1
14564_sub0	0	1	1	0	0	0	1	0
14564_sub1	0	2	1	1	0	0	1	1
14564_sub2	0	1	1	0	0	0	1	0
14564_sub3	0	1	0	1	0	0	0	1
14564_sub4	0	1	0	1	0	0	0	1
14564_sub5	0	1	0	1	0	0	0	1
14564_sub6	0	1	0	1	0	0	0	1
14572_sub0	0	1	1	0	0	0	1	0
14572_sub1	0	1	1	0	0	0	1	0
14572_sub2	0	1	1	0	0	0	1	0
14572_sub3	0	1	1	0	0	0	1	0
14572_sub4	0	1	0	1	0	0	0	1
14572_sub5	0	1	0	1	0	0	0	1
14574_sub0	0	1	1	0	0	0	1	0
14574_sub1	0	1	1	0	0	0	1	0
14574_sub2	0	1	1	0	0	0	1	0
14574_sub3	0	1	1	0	0	0	1	0
14574_sub4	0	1	0	1	0	0	0	1
14574_sub5	0	1	0	1	0	0	0	1
14574_sub6	0	1	0	1	0	0	0	1
14574_sub7	0	1	0	1	0	0	0	1
14589_sub0	0	1	0	1	0	0	0	1
14589_sub1	0	1	1	0	0	0	1	0
14589_sub2	0	2	1	1	0	0	1	1
14589_sub3	0	1	0	1	0	0	0	1
14589_sub4	0	1	1	0	0	0	1	0
14591_sub0	1	16	12	4	12	4	0	0
14591_sub1	0	1	1	0	0	0	1	0
14591_sub2	0	1	1	0	0	0	1	0
14591_sub3	0	1	0	1	0	0	0	1
14591_sub4	0	1	1	0	0	0	1	0
14591_sub5	0	1	0	1	0	0	0	1
14591_sub6	0	1	0	1	0	0	0	1
14593_sub0	0	1	0	1	0	0	0	1
14593_sub1	0	1	1	0	0	0	1	0
14593_sub2	0	1	1	0	0	0	1	0
14593_sub3	0	1	1	0	0	0	1	0
14593_sub4	0	1	0	1	0	0	0	1
14593_sub5	0	1	1	0	0	0	1	0
14593_sub6	0	1	1	0	0	0	1	0
14593_sub7	0	1	0	1	0	0	0	1
14593_sub8	0	1	1	0	0	0	1	0
14594_sub0	0	1	0	1	0	0	0	1
14594_sub1	1	13	8	5	8	5	0	0
14594_sub2	0	1	0	1	0	0	0	1
1460_sub0	1	26	11	15	10	10	1	5
1460_sub1	0	1	0	1	0	0	0	1
1460_sub2	0	1	1	0	0	0	1	0
1460_sub3	0	1	0	1	0	0	0	1
1460_sub4	0	1	1	0	0	0	1	0
14601_sub0	0	1	1	0	0	0	1	0
14601_sub1	0	1	1	0	0	0	1	0
14601_sub2	0	1	1	0	0	0	1	0
14601_sub3	0	1	1	0	0	0	1	0
14601_sub4	0	1	0	1	0	0	0	1
14601_sub5	0	1	0	1	0	0	0	1
14621_sub0	1	11	5	6	5	6	0	0
14621_sub1	0	1	0	1	0	0	0	1
14621_sub2	0	1	0	1	0	0	0	1
14627_sub0	0	1	0	1	0	0	0	1
14627_sub1	0	1	0	1	0	0	0	1
14627_sub2	1	6	3	3	3	3	0	0
14627_sub3	0	1	1	0	0	0	1	0
14627_sub4	0	1	1	0	0	0	1	0
14627_sub5	0	1	0	1	0	0	0	1
14627_sub6	0	1	0	1	0	0	0	1
14631_sub0	0	1	0	1	0	0	0	1
14631_sub1	0	1	1	0	0	0	1	0
14631_sub2	0	1	0	1	0	0	0	1
14631_sub3	0	1	0	1	0	0	0	1
14631_sub4	0	1	0	1	0	0	0	1
14631_sub5	0	1	1	0	0	0	1	0
14631_sub6	0	1	1	0	0	0	1	0
14633_sub0	0	1	0	1	0	0	0	1
14633_sub1	0	1	1	0	0	0	1	0
14633_sub2	0	1	1	0	0	0	1	0
14633_sub3	0	1	1	0	0	0	1	0
14633_sub4	0	1	0	1	0	0	0	1
14633_sub5	0	1	1	0	0	0	1	0
14637_sub0	1	11	7	4	7	4	0	0
14637_sub1	0	1	0	1	0	0	0	1
14637_sub2	0	1	0	1	0	0	0	1
14637_sub3	0	1	0	1	0	0	0	1
14644_sub0	0	1	0	1	0	0	0	1
14644_sub1	0	1	0	1	0	0	0	1
14644_sub2	0	1	1	0	0	0	1	0
14644_sub3	0	1	1	0	0	0	1	0
14644_sub4	0	1	1	0	0	0	1	0
14644_sub5	0	1	1	0	0	0	1	0
14644_sub6	0	1	0	1	0	0	0	1
14644_sub7	0	1	1	0	0	0	1	0
14688_sub0	0	1	0	1	0	0	0	1
14688_sub1	0	1	1	0	0	0	1	0
14688_sub2	0	1	1	0	0	0	1	0
14688_sub3	0	1	1	0	0	0	1	0
14688_sub4	0	1	1	0	0	0	1	0
14688_sub5	0	1	1	0	0	0	1	0
1469_sub0	1	22	9	13	9	11	0	2
1469_sub1	0	1	0	1	0	0	0	1
1469_sub2	0	1	1	0	0	0	1	0
1469_sub3	0	1	0	1	0	0	0	1
14693_sub0	0	1	0	1	0	0	0	1
14693_sub1	1	6	4	2	4	2	0	0
14693_sub2	0	1	1	0	0	0	1	0
14693_sub3	0	1	0	1	0	0	0	1
14695_sub0	0	1	0	1	0	0	0	1
14695_sub1	0	1	1	0	0	0	1	0
14695_sub2	0	1	0	1	0	0	0	1
14695_sub3	0	1	0	1	0	0	0	1
14695_sub4	0	1	0	1	0	0	0	1
14695_sub5	0	1	1	0	0	0	1	0
14698_sub0	0	1	0	1	0	0	0	1
14698_sub1	0	1	0	1	0	0	0	1
14698_sub2	0	1	1	0	0	0	1	0
14698_sub3	0	1	1	0	0	0	1	0
14698_sub4	0	1	0	1	0	0	0	1
14698_sub5	0	1	1	0	0	0	1	0
147_sub0	0	1	1	0	0	0	1	0
147_sub1	1	18	9	9	9	9	0	0
147_sub2	0	1	0	1	0	0	0	1
147_sub3	0	1	0	1	0	0	0	1
147_sub4	0	1	1	0	0	0	1	0
147_sub5	0	1	0	1	0	0	0	1
147_sub6	0	1	0	1	0	0	0	1
1470_sub0	0	1	1	0	0	0	1	0
1470_sub1	1	32	20	12	10	10	10	2
1470_sub2	0	1	0	1	0	0	0	1
1470_sub3	0	1	1	0	0	0	1	0
14703_sub0	0	1	1	0	0	0	1	0
14703_sub1	0	1	1	0	0	0	1	0
14703_sub2	0	1	1	0	0	0	1	0
14703_sub3	0	1	0	1	0	0	0	1
14703_sub4	0	1	0	1	0	0	0	1
14703_sub5	0	1	1	0	0	0	1	0
14703_sub6	0	1	1	0	0	0	1	0
1471_sub0	1	15	9	6	9	6	0	0
1471_sub1	0	1	0	1	0	0	0	1
1471_sub2	0	1	1	0	0	0	1	0
1471_sub3	0	1	0	1	0	0	0	1
1471_sub4	0	1	1	0	0	0	1	0
1471_sub5	0	1	0	1	0	0	0	1
1471_sub6	0	1	0	1	0	0	0	1
1471_sub7	0	1	1	0	0	0	1	0
1471_sub8	0	3	0	3	0	0	0	3
1471_sub9	0	1	0	1	0	0	0	1
14714_sub0	0	1	1	0	0	0	1	0
14714_sub1	0	1	1	0	0	0	1	0
14714_sub2	0	1	0	1	0	0	0	1
14714_sub3	0	1	0	1	0	0	0	1
14714_sub4	0	1	0	1	0	0	0	1
14714_sub5	0	1	0	1	0	0	0	1
14715_sub0	0	1	1	0	0	0	1	0
14715_sub1	0	1	0	1	0	0	0	1
14715_sub2	0	1	0	1	0	0	0	1
14715_sub3	0	1	1	0	0	0	1	0
14715_sub4	0	1	1	0	0	0	1	0
14715_sub5	0	1	1	0	0	0	1	0
14720_sub0	0	1	0	1	0	0	0	1
14720_sub1	0	2	1	1	0	0	1	1
14720_sub2	0	1	0	1	0	0	0	1
14720_sub3	0	1	1	0	0	0	1	0
14720_sub4	0	1	1	0	0	0	1	0
14720_sub5	0	1	1	0	0	0	1	0
14720_sub6	0	1	1	0	0	0	1	0
14726_sub0	0	1	1	0	0	0	1	0
14726_sub1	0	1	0	1	0	0	0	1
14726_sub2	0	1	0	1	0	0	0	1
14726_sub3	0	1	0	1	0	0	0	1
14726_sub4	0	1	1	0	0	0	1	0
14726_sub5	0	1	1	0	0	0	1	0
14726_sub6	0	1	0	1	0	0	0	1
14728_sub0	0	1	1	0	0	0	1	0
14728_sub1	0	1	1	0	0	0	1	0
14728_sub2	0	1	0	1	0	0	0	1
14728_sub3	0	1	0	1	0	0	0	1
14728_sub4	0	1	0	1	0	0	0	1
14728_sub5	0	1	1	0	0	0	1	0
14728_sub6	0	1	0	1	0	0	0	1
14732_sub0	0	1	0	1	0	0	0	1
14732_sub1	0	1	1	0	0	0	1	0
14732_sub2	0	1	0	1	0	0	0	1
14732_sub3	0	1	0	1	0	0	0	1
14732_sub4	0	1	1	0	0	0	1	0
14732_sub5	0	1	1	0	0	0	1	0
14732_sub6	0	1	1	0	0	0	1	0
14742_sub0	0	1	0	1	0	0	0	1
14742_sub1	0	1	1	0	0	0	1	0
14742_sub2	0	1	1	0	0	0	1	0
14742_sub3	0	1	1	0	0	0	1	0
14742_sub4	0	1	1	0	0	0	1	0
14742_sub5	0	1	1	0	0	0	1	0
14743_sub0	0	1	0	1	0	0	0	1
14743_sub1	0	1	0	1	0	0	0	1
14743_sub2	0	1	1	0	0	0	1	0
14743_sub3	0	1	1	0	0	0	1	0
14743_sub4	0	1	1	0	0	0	1	0
14743_sub5	0	1	0	1	0	0	0	1
1475_sub0	0	1	0	1	0	0	0	1
1475_sub1	0	1	1	0	0	0	1	0
1475_sub2	0	1	0	1	0	0	0	1
1475_sub3	0	1	0	1	0	0	0	1
1475_sub4	0	1	0	1	0	0	0	1
1475_sub5	0	1	1	0	0	0	1	0
1475_sub6	0	1	0	1	0	0	0	1
14752_sub0	0	1	1	0	0	0	1	0
14752_sub1	0	1	1	0	0	0	1	0
14752_sub2	0	1	0	1	0	0	0	1
14752_sub3	0	1	0	1	0	0	0	1
14752_sub4	0	1	1	0	0	0	1	0
14752_sub5	0	1	0	1	0	0	0	1
14754_sub0	0	1	0	1	0	0	0	1
14754_sub1	0	1	0	1	0	0	0	1
14754_sub2	0	1	1	0	0	0	1	0
14754_sub3	0	1	0	1	0	0	0	1
14754_sub4	0	1	1	0	0	0	1	0
14754_sub5	0	1	0	1	0	0	0	1
14754_sub6	0	1	0	1	0	0	0	1
14758_sub0	0	1	0	1	0	0	0	1
14758_sub1	0	1	0	1	0	0	0	1
14758_sub2	0	1	0	1	0	0	0	1
14758_sub3	0	1	0	1	0	0	0	1
14758_sub4	0	1	0	1	0	0	0	1
14758_sub5	0	1	1	0	0	0	1	0
14758_sub6	0	1	1	0	0	0	1	0
1476_sub0	0	1	1	0	0	0	1	0
1476_sub1	0	1	0	1	0	0	0	1
1476_sub2	1	25	15	10	10	10	5	0
1476_sub3	0	1	1	0	0	0	1	0
1476_sub4	0	1	1	0	0	0	1	0
1476_sub5	0	1	1	0	0	0	1	0
1476_sub6	0	1	1	0	0	0	1	0
14766_sub0	0	1	1	0	0	0	1	0
14766_sub1	0	1	0	1	0	0	0	1
14766_sub2	0	1	0	1	0	0	0	1
14766_sub3	0	1	0	1	0	0	0	1
14766_sub4	0	1	1	0	0	0	1	0
14766_sub5	0	1	1	0	0	0	1	0
14766_sub6	0	1	0	1	0	0	0	1
14766_sub7	0	1	0	1	0	0	0	1
14770_sub0	1	6	5	1	5	1	0	0
14770_sub1	0	1	1	0	0	0	1	0
14770_sub2	0	2	1	1	0	0	1	1
14773_sub0	0	1	1	0	0	0	1	0
14773_sub1	0	1	0	1	0	0	0	1
14773_sub2	0	1	0	1	0	0	0	1
14773_sub3	0	1	0	1	0	0	0	1
14773_sub4	0	1	0	1	0	0	0	1
14773_sub5	0	1	0	1	0	0	0	1
14773_sub6	0	1	0	1	0	0	0	1
14774_sub0	0	1	1	0	0	0	1	0
14774_sub1	1	6	2	4	2	4	0	0
14774_sub2	0	1	0	1	0	0	0	1
1478_sub0	1	16	7	9	7	9	0	0
1478_sub1	0	1	1	0	0	0	1	0
1478_sub2	0	1	0	1	0	0	0	1
14784_sub0	0	1	0	1	0	0	0	1
14784_sub1	0	1	1	0	0	0	1	0
14784_sub2	0	1	0	1	0	0	0	1
14784_sub3	0	1	1	0	0	0	1	0
14784_sub4	0	1	1	0	0	0	1	0
14784_sub5	0	1	1	0	0	0	1	0
14784_sub6	0	1	0	1	0	0	0	1
14784_sub7	0	1	1	0	0	0	1	0
14787_sub0	0	1	0	1	0	0	0	1
14787_sub1	0	1	0	1	0	0	0	1
14787_sub2	0	1	1	0	0	0	1	0
14787_sub3	0	1	1	0	0	0	1	0
14787_sub4	0	1	1	0	0	0	1	0
14787_sub5	0	1	0	1	0	0	0	1
14787_sub6	0	1	0	1	0	0	0	1
14787_sub7	0	1	0	1	0	0	0	1
14793_sub0	0	1	0	1	0	0	0	1
14793_sub1	0	1	1	0	0	0	1	0
14793_sub2	0	1	0	1	0	0	0	1
14793_sub3	0	1	1	0	0	0	1	0
14793_sub4	0	1	1	0	0	0	1	0
14793_sub5	0	1	1	0	0	0	1	0
14793_sub6	0	1	1	0	0	0	1	0
14793_sub7	0	1	0	1	0	0	0	1
14795_sub0	0	1	1	0	0	0	1	0
14795_sub1	0	1	0	1	0	0	0	1
14795_sub2	0	1	1	0	0	0	1	0
14795_sub3	0	1	0	1	0	0	0	1
14795_sub4	0	1	1	0	0	0	1	0
14795_sub5	0	1	1	0	0	0	1	0
14795_sub6	0	1	0	1	0	0	0	1
14795_sub7	0	1	0	1	0	0	0	1
14796_sub0	0	1	0	1	0	0	0	1
14796_sub1	0	1	0	1	0	0	0	1
14796_sub2	0	1	0	1	0	0	0	1
14796_sub3	0	1	1	0	0	0	1	0
14796_sub4	0	1	1	0	0	0	1	0
14796_sub5	0	1	0	1	0	0	0	1
14796_sub6	0	1	1	0	0	0	1	0
14796_sub7	0	1	0	1	0	0	0	1
1480_sub0	1	17	7	10	7	10	0	0
1480_sub1	0	1	0	1	0	0	0	1
1480_sub2	0	1	1	0	0	0	1	0
1480_sub3	0	1	1	0	0	0	1	0
14803_sub0	0	1	0	1	0	0	0	1
14803_sub1	0	1	1	0	0	0	1	0
14803_sub2	0	1	1	0	0	0	1	0
14803_sub3	0	1	1	0	0	0	1	0
14803_sub4	0	1	1	0	0	0	1	0
14803_sub5	0	1	1	0	0	0	1	0
14806_sub0	0	1	0	1	0	0	0	1
14806_sub1	0	1	1	0	0	0	1	0
14806_sub2	0	1	1	0	0	0	1	0
14806_sub3	0	1	1	0	0	0	1	0
14806_sub4	0	1	0	1	0	0	0	1
14806_sub5	0	1	1	0	0	0	1	0
1484_sub0	1	14	11	3	11	3	0	0
1484_sub1	0	1	1	0	0	0	1	0
1484_sub2	0	1	1	0	0	0	1	0
1484_sub3	0	1	0	1	0	0	0	1
1484_sub4	0	1	0	1	0	0	0	1
14841_sub0	0	1	1	0	0	0	1	0
14841_sub1	0	1	0	1	0	0	0	1
14841_sub2	0	1	0	1	0	0	0	1
14841_sub3	0	1	1	0	0	0	1	0
14841_sub4	0	1	0	1	0	0	0	1
14841_sub5	0	1	0	1	0	0	0	1
14841_sub6	0	1	0	1	0	0	0	1
14842_sub0	1	11	6	5	6	5	0	0
14842_sub1	0	1	0	1	0	0	0	1
14846_sub0	0	1	1	0	0	0	1	0
14846_sub1	0	1	0	1	0	0	0	1
14846_sub2	0	1	1	0	0	0	1	0
14846_sub3	0	1	1	0	0	0	1	0
14846_sub4	0	1	0	1	0	0	0	1
14846_sub5	0	1	1	0	0	0	1	0
14859_sub0	0	1	0	1	0	0	0	1
14859_sub1	0	1	1	0	0	0	1	0
14859_sub2	0	1	1	0	0	0	1	0
14859_sub3	0	1	1	0	0	0	1	0
14859_sub4	0	1	1	0	0	0	1	0
14859_sub5	0	1	0	1	0	0	0	1
14859_sub6	0	1	0	1	0	0	0	1
14859_sub7	0	1	1	0	0	0	1	0
14859_sub8	0	1	1	0	0	0	1	0
14859_sub9	0	1	1	0	0	0	1	0
14861_sub0	0	1	0	1	0	0	0	1
14861_sub1	0	1	0	1	0	0	0	1
14861_sub2	0	1	0	1	0	0	0	1
14861_sub3	0	1	1	0	0	0	1	0
14861_sub4	0	1	1	0	0	0	1	0
14861_sub5	0	1	0	1	0	0	0	1
14861_sub6	0	1	0	1	0	0	0	1
14861_sub7	0	1	0	1	0	0	0	1
14869_sub0	0	1	0	1	0	0	0	1
14869_sub1	1	8	4	4	4	4	0	0
14869_sub2	0	1	1	0	0	0	1	0
14869_sub3	0	1	0	1	0	0	0	1
14869_sub4	0	1	0	1	0	0	0	1
14892_sub0	1	6	3	3	3	3	0	0
14892_sub1	0	1	0	1	0	0	0	1
14892_sub2	0	1	1	0	0	0	1	0
1490_sub0	0	1	0	1	0	0	0	1
1490_sub1	0	1	0	1	0	0	0	1
1490_sub2	0	1	0	1	0	0	0	1
1490_sub3	0	2	0	2	0	0	0	2
1490_sub4	0	5	5	0	0	0	5	0
1490_sub5	0	1	0	1	0	0	0	1
14907_sub0	1	8	4	4	4	4	0	0
14907_sub1	0	1	1	0	0	0	1	0
14912_sub0	0	1	1	0	0	0	1	0
14912_sub1	0	1	0	1	0	0	0	1
14912_sub2	0	1	1	0	0	0	1	0
14912_sub3	0	1	0	1	0	0	0	1
14912_sub4	0	1	1	0	0	0	1	0
14912_sub5	0	1	1	0	0	0	1	0
14916_sub0	0	1	0	1	0	0	0	1
14916_sub1	0	1	0	1	0	0	0	1
14916_sub2	0	1	0	1	0	0	0	1
14916_sub3	0	1	0	1	0	0	0	1
14916_sub4	0	1	1	0	0	0	1	0
14916_sub5	0	1	0	1	0	0	0	1
14916_sub6	0	1	1	0	0	0	1	0
14916_sub7	0	1	0	1	0	0	0	1
14916_sub8	0	1	1	0	0	0	1	0
14916_sub9	0	1	0	1	0	0	0	1
14918_sub0	0	2	1	1	0	0	1	1
14918_sub1	0	1	1	0	0	0	1	0
14918_sub2	0	1	1	0	0	0	1	0
14918_sub3	0	1	0	1	0	0	0	1
14918_sub4	0	1	1	0	0	0	1	0
1492_sub0	1	9	4	5	4	5	0	0
1492_sub1	0	1	1	0	0	0	1	0
14926_sub0	0	1	1	0	0	0	1	0
14926_sub1	0	1	0	1	0	0	0	1
14926_sub2	0	1	0	1	0	0	0	1
14926_sub3	0	1	1	0	0	0	1	0
14926_sub4	0	1	0	1	0	0	0	1
14926_sub5	0	1	1	0	0	0	1	0
14930_sub0	0	1	1	0	0	0	1	0
14930_sub1	0	1	1	0	0	0	1	0
14930_sub2	0	1	1	0	0	0	1	0
14930_sub3	0	1	0	1	0	0	0	1
14930_sub4	0	1	0	1	0	0	0	1
14930_sub5	0	1	0	1	0	0	0	1
14930_sub6	0	1	1	0	0	0	1	0
14930_sub7	0	1	1	0	0	0	1	0
14939_sub0	0	2	2	0	0	0	2	0
14939_sub1	0	1	0	1	0	0	0	1
14939_sub2	0	1	0	1	0	0	0	1
14939_sub3	0	1	0	1	0	0	0	1
14939_sub4	0	1	0	1	0	0	0	1
14939_sub5	0	1	0	1	0	0	0	1
1494_sub0	1	12	4	8	4	8	0	0
1494_sub1	0	1	0	1	0	0	0	1
1494_sub2	0	1	0	1	0	0	0	1
1494_sub3	0	1	1	0	0	0	1	0
14948_sub0	1	7	0	7	0	7	0	0
14952_sub0	0	1	1	0	0	0	1	0
14952_sub1	0	1	0	1	0	0	0	1
14952_sub2	0	1	1	0	0	0	1	0
14952_sub3	0	1	1	0	0	0	1	0
14952_sub4	0	1	1	0	0	0	1	0
14952_sub5	0	1	0	1	0	0	0	1
14955_sub0	0	1	1	0	0	0	1	0
14955_sub1	0	1	0	1	0	0	0	1
14955_sub2	0	1	1	0	0	0	1	0
14955_sub3	0	1	1	0	0	0	1	0
14955_sub4	0	1	1	0	0	0	1	0
14955_sub5	0	1	0	1	0	0	0	1
14957_sub0	0	1	1	0	0	0	1	0
14957_sub1	0	1	1	0	0	0	1	0
14957_sub2	0	1	1	0	0	0	1	0
14957_sub3	0	1	0	1	0	0	0	1
14957_sub4	0	1	1	0	0	0	1	0
14957_sub5	0	1	0	1	0	0	0	1
14958_sub0	0	1	1	0	0	0	1	0
14958_sub1	0	1	0	1	0	0	0	1
14958_sub2	0	1	0	1	0	0	0	1
14958_sub3	0	1	1	0	0	0	1	0
14958_sub4	0	1	1	0	0	0	1	0
14958_sub5	0	1	0	1	0	0	0	1
14958_sub6	0	1	0	1	0	0	0	1
1496_sub0	0	1	0	1	0	0	0	1
1496_sub1	1	14	7	7	7	7	0	0
1496_sub2	0	2	0	2	0	0	0	2
1496_sub3	0	1	1	0	0	0	1	0
1496_sub4	0	1	1	0	0	0	1	0
1496_sub5	0	1	0	1	0	0	0	1
1496_sub6	0	1	0	1	0	0	0	1
1497_sub0	0	1	0	1	0	0	0	1
1497_sub1	0	1	1	0	0	0	1	0
1497_sub2	0	1	1	0	0	0	1	0
1497_sub3	1	17	9	8	9	8	0	0
1497_sub4	0	1	1	0	0	0	1	0
14975_sub0	0	1	1	0	0	0	1	0
14975_sub1	0	1	1	0	0	0	1	0
14975_sub2	0	1	0	1	0	0	0	1
14975_sub3	0	1	0	1	0	0	0	1
14975_sub4	0	1	0	1	0	0	0	1
14975_sub5	0	1	0	1	0	0	0	1
14975_sub6	0	1	0	1	0	0	0	1
14975_sub7	0	1	1	0	0	0	1	0
14975_sub8	0	1	0	1	0	0	0	1
1498_sub0	0	1	0	1	0	0	0	1
1498_sub1	0	1	0	1	0	0	0	1
1498_sub2	0	1	0	1	0	0	0	1
1498_sub3	0	1	0	1	0	0	0	1
1498_sub4	0	1	1	0	0	0	1	0
1498_sub5	0	1	0	1	0	0	0	1
14982_sub0	0	1	0	1	0	0	0	1
14982_sub1	0	1	0	1	0	0	0	1
14982_sub2	0	1	0	1	0	0	0	1
14982_sub3	0	1	1	0	0	0	1	0
14982_sub4	0	1	1	0	0	0	1	0
14982_sub5	0	1	0	1	0	0	0	1
14986_sub0	1	9	5	4	5	4	0	0
1499_sub0	0	1	1	0	0	0	1	0
1499_sub1	0	1	1	0	0	0	1	0
1499_sub2	1	15	10	5	10	5	0	0
1499_sub3	0	1	1	0	0	0	1	0
1499_sub4	0	1	1	0	0	0	1	0
14994_sub0	0	1	1	0	0	0	1	0
14994_sub1	0	1	1	0	0	0	1	0
14994_sub2	0	1	1	0	0	0	1	0
14994_sub3	0	1	0	1	0	0	0	1
14994_sub4	0	1	0	1	0	0	0	1
14994_sub5	0	1	0	1	0	0	0	1
14994_sub6	0	1	0	1	0	0	0	1
14994_sub7	0	1	0	1	0	0	0	1
1500_sub0	0	1	0	1	0	0	0	1
1500_sub1	0	1	0	1	0	0	0	1
1500_sub2	0	1	0	1	0	0	0	1
1500_sub3	0	1	1	0	0	0	1	0
1500_sub4	0	1	1	0	0	0	1	0
1500_sub5	0	1	0	1	0	0	0	1
1500_sub6	0	1	0	1	0	0	0	1
15005_sub0	0	1	0	1	0	0	0	1
15005_sub1	0	1	1	0	0	0	1	0
15005_sub2	0	1	1	0	0	0	1	0
15005_sub3	0	1	0	1	0	0	0	1
15005_sub4	0	1	0	1	0	0	0	1
15005_sub5	0	1	0	1	0	0	0	1
15005_sub6	0	1	0	1	0	0	0	1
15005_sub7	0	1	1	0	0	0	1	0
15008_sub0	0	1	0	1	0	0	0	1
15008_sub1	0	1	1	0	0	0	1	0
15008_sub2	0	1	1	0	0	0	1	0
15008_sub3	0	1	0	1	0	0	0	1
15008_sub4	0	1	0	1	0	0	0	1
15008_sub5	0	1	0	1	0	0	0	1
15013_sub0	0	1	0	1	0	0	0	1
15013_sub1	0	1	0	1	0	0	0	1
15013_sub2	0	1	0	1	0	0	0	1
15013_sub3	0	1	0	1	0	0	0	1
15013_sub4	0	1	1	0	0	0	1	0
15013_sub5	0	1	1	0	0	0	1	0
15013_sub6	0	1	1	0	0	0	1	0
15013_sub7	0	1	0	1	0	0	0	1
15013_sub8	0	1	0	1	0	0	0	1
15013_sub9	0	1	0	1	0	0	0	1
15014_sub0	0	1	0	1	0	0	0	1
15014_sub1	0	1	0	1	0	0	0	1
15014_sub2	0	1	0	1	0	0	0	1
15014_sub3	0	1	1	0	0	0	1	0
15014_sub4	0	1	1	0	0	0	1	0
15014_sub5	0	1	1	0	0	0	1	0
15014_sub6	0	1	1	0	0	0	1	0
15014_sub7	0	1	1	0	0	0	1	0
15031_sub0	0	1	1	0	0	0	1	0
15031_sub1	0	1	1	0	0	0	1	0
15031_sub2	0	1	0	1	0	0	0	1
15031_sub3	0	1	1	0	0	0	1	0
15031_sub4	0	1	0	1	0	0	0	1
15031_sub5	0	1	1	0	0	0	1	0
15031_sub6	0	1	1	0	0	0	1	0
1504_sub0	0	1	0	1	0	0	0	1
1504_sub1	0	4	2	2	0	0	2	2
1504_sub2	0	1	0	1	0	0	0	1
15050_sub0	0	1	0	1	0	0	0	1
15050_sub1	1	18	10	8	10	8	0	0
15050_sub2	0	1	0	1	0	0	0	1
15050_sub3	0	1	0	1	0	0	0	1
15052_sub0	1	10	7	3	7	3	0	0
15057_sub0	0	1	1	0	0	0	1	0
15057_sub1	0	1	1	0	0	0	1	0
15057_sub2	0	1	1	0	0	0	1	0
15057_sub3	0	1	1	0	0	0	1	0
15057_sub4	0	1	0	1	0	0	0	1
15057_sub5	0	1	0	1	0	0	0	1
15057_sub6	0	1	1	0	0	0	1	0
15060_sub0	1	11	5	6	5	6	0	0
15060_sub1	0	1	0	1	0	0	0	1
15061_sub0	0	1	1	0	0	0	1	0
15061_sub1	0	1	1	0	0	0	1	0
15061_sub2	0	1	0	1	0	0	0	1
15061_sub3	0	1	0	1	0	0	0	1
15061_sub4	0	1	0	1	0	0	0	1
15061_sub5	0	1	1	0	0	0	1	0
15061_sub6	0	1	1	0	0	0	1	0
15061_sub7	0	1	1	0	0	0	1	0
15061_sub8	0	1	0	1	0	0	0	1
15061_sub9	0	1	1	0	0	0	1	0
15061_sub10	0	1	1	0	0	0	1	0
15062_sub0	0	1	1	0	0	0	1	0
15062_sub1	0	1	1	0	0	0	1	0
15062_sub2	0	1	0	1	0	0	0	1
15062_sub3	0	1	1	0	0	0	1	0
15062_sub4	0	1	1	0	0	0	1	0
15062_sub5	0	1	0	1	0	0	0	1
15063_sub0	0	5	2	3	0	0	2	3
15063_sub1	0	1	0	1	0	0	0	1
15063_sub2	0	1	0	1	0	0	0	1
1508_sub0	0	1	0	1	0	0	0	1
1508_sub1	1	26	13	13	10	10	3	3
1508_sub2	0	1	0	1	0	0	0	1
1508_sub3	0	1	0	1	0	0	0	1
1508_sub4	0	1	0	1	0	0	0	1
15089_sub0	0	1	1	0	0	0	1	0
15089_sub1	0	1	0	1	0	0	0	1
15089_sub2	0	1	1	0	0	0	1	0
15089_sub3	0	1	1	0	0	0	1	0
15089_sub4	0	1	1	0	0	0	1	0
15089_sub5	0	1	1	0	0	0	1	0
1509_sub0	0	1	1	0	0	0	1	0
1509_sub1	1	18	12	6	12	6	0	0
1509_sub2	0	1	0	1	0	0	0	1
1509_sub3	0	1	1	0	0	0	1	0
1509_sub4	0	1	1	0	0	0	1	0
1509_sub5	0	1	0	1	0	0	0	1
15098_sub0	0	1	1	0	0	0	1	0
15098_sub1	0	1	1	0	0	0	1	0
15098_sub2	0	1	1	0	0	0	1	0
15098_sub3	0	1	1	0	0	0	1	0
15098_sub4	0	1	0	1	0	0	0	1
15098_sub5	0	1	1	0	0	0	1	0
15098_sub6	0	1	1	0	0	0	1	0
15102_sub0	0	1	1	0	0	0	1	0
15102_sub1	0	1	1	0	0	0	1	0
15102_sub2	1	6	2	4	2	4	0	0
15102_sub3	0	1	1	0	0	0	1	0
15102_sub4	0	1	1	0	0	0	1	0
15102_sub5	0	1	1	0	0	0	1	0
15119_sub0	0	2	1	1	0	0	1	1
15119_sub1	0	1	1	0	0	0	1	0
15119_sub2	0	1	1	0	0	0	1	0
15119_sub3	0	1	1	0	0	0	1	0
15119_sub4	0	1	1	0	0	0	1	0
15122_sub0	0	1	1	0	0	0	1	0
15122_sub1	1	9	4	5	4	5	0	0
15122_sub2	0	1	1	0	0	0	1	0
15122_sub3	0	1	0	1	0	0	0	1
15138_sub0	0	1	0	1	0	0	0	1
15138_sub1	1	19	13	6	13	6	0	0
15138_sub2	0	1	0	1	0	0	0	1
15138_sub3	0	1	1	0	0	0	1	0
15143_sub0	0	1	0	1	0	0	0	1
15143_sub1	0	1	0	1	0	0	0	1
15143_sub2	0	1	0	1	0	0	0	1
15143_sub3	0	1	0	1	0	0	0	1
15143_sub4	0	1	1	0	0	0	1	0
15143_sub5	0	1	0	1	0	0	0	1
15143_sub6	0	1	0	1	0	0	0	1
1515_sub0	1	19	12	7	12	7	0	0
1515_sub1	0	1	1	0	0	0	1	0
1515_sub2	0	1	0	1	0	0	0	1
1515_sub3	0	1	0	1	0	0	0	1
15150_sub0	0	1	1	0	0	0	1	0
15150_sub1	0	1	0	1	0	0	0	1
15150_sub2	0	1	0	1	0	0	0	1
15150_sub3	0	1	0	1	0	0	0	1
15150_sub4	0	1	1	0	0	0	1	0
15150_sub5	0	1	0	1	0	0	0	1
15150_sub6	0	1	0	1	0	0	0	1
1516_sub0	0	1	1	0	0	0	1	0
1516_sub1	1	16	10	6	10	6	0	0
1516_sub2	0	1	0	1	0	0	0	1
15160_sub0	0	1	1	0	0	0	1	0
15160_sub1	0	1	1	0	0	0	1	0
15160_sub2	0	1	1	0	0	0	1	0
15160_sub3	0	1	1	0	0	0	1	0
15160_sub4	0	1	1	0	0	0	1	0
15160_sub5	0	1	1	0	0	0	1	0
15160_sub6	0	1	0	1	0	0	0	1
1517_sub0	0	1	1	0	0	0	1	0
1517_sub1	0	1	1	0	0	0	1	0
1517_sub2	0	1	1	0	0	0	1	0
1517_sub3	0	1	1	0	0	0	1	0
1517_sub4	0	1	0	1	0	0	0	1
1517_sub5	0	1	1	0	0	0	1	0
1517_sub6	0	1	1	0	0	0	1	0
1517_sub7	0	1	1	0	0	0	1	0
1517_sub8	0	1	1	0	0	0	1	0
15176_sub0	1	11	10	1	10	1	0	0
15176_sub1	0	1	0	1	0	0	0	1
15176_sub2	0	1	0	1	0	0	0	1
15176_sub3	0	1	0	1	0	0	0	1
15176_sub4	0	1	0	1	0	0	0	1
1518_sub0	0	1	1	0	0	0	1	0
1518_sub1	0	1	0	1	0	0	0	1
1518_sub2	1	20	13	7	13	7	0	0
1518_sub3	0	1	0	1	0	0	0	1
1518_sub4	0	1	0	1	0	0	0	1
15183_sub0	0	1	1	0	0	0	1	0
15183_sub1	0	1	1	0	0	0	1	0
15183_sub2	0	1	0	1	0	0	0	1
15183_sub3	0	1	1	0	0	0	1	0
15183_sub4	0	1	0	1	0	0	0	1
15183_sub5	0	1	0	1	0	0	0	1
15183_sub6	0	1	1	0	0	0	1	0
15186_sub0	0	1	1	0	0	0	1	0
15186_sub1	1	20	5	15	5	15	0	0
15186_sub2	0	1	0	1	0	0	0	1
15186_sub3	0	2	1	1	0	0	1	1
15186_sub4	0	1	0	1	0	0	0	1
1519_sub0	0	1	1	0	0	0	1	0
1519_sub1	1	7	3	4	3	4	0	0
1519_sub2	0	1	1	0	0	0	1	0
15214_sub0	0	1	1	0	0	0	1	0
15214_sub1	1	9	6	3	6	3	0	0
15214_sub2	0	1	1	0	0	0	1	0
15214_sub3	0	1	1	0	0	0	1	0
1522_sub0	0	1	1	0	0	0	1	0
1522_sub1	1	10	6	4	6	4	0	0
15221_sub0	0	1	0	1	0	0	0	1
15221_sub1	0	1	1	0	0	0	1	0
15221_sub2	0	1	0	1	0	0	0	1
15221_sub3	0	1	1	0	0	0	1	0
15221_sub4	0	1	1	0	0	0	1	0
15221_sub5	0	1	0	1	0	0	0	1
15221_sub6	0	1	0	1	0	0	0	1
15221_sub7	0	1	1	0	0	0	1	0
15225_sub0	0	1	1	0	0	0	1	0
15225_sub1	0	1	0	1	0	0	0	1
15225_sub2	0	1	1	0	0	0	1	0
15225_sub3	0	1	0	1	0	0	0	1
15225_sub4	0	1	1	0	0	0	1	0
15225_sub5	0	1	0	1	0	0	0	1
15237_sub0	0	1	1	0	0	0	1	0
15237_sub1	0	1	1	0	0	0	1	0
15237_sub2	0	1	0	1	0	0	0	1
15237_sub3	0	1	1	0	0	0	1	0
15237_sub4	0	1	0	1	0	0	0	1
15237_sub5	0	1	1	0	0	0	1	0
15239_sub0	0	1	0	1	0	0	0	1
15239_sub1	0	1	0	1	0	0	0	1
15239_sub2	0	1	1	0	0	0	1	0
15239_sub3	0	1	0	1	0	0	0	1
15239_sub4	0	1	0	1	0	0	0	1
15239_sub5	0	1	0	1	0	0	0	1
15242_sub0	0	1	1	0	0	0	1	0
15242_sub1	0	1	0	1	0	0	0	1
15242_sub2	0	1	0	1	0	0	0	1
15242_sub3	0	1	1	0	0	0	1	0
15242_sub4	0	1	0	1	0	0	0	1
15242_sub5	0	1	0	1	0	0	0	1
15242_sub6	0	1	1	0	0	0	1	0
15243_sub0	0	1	1	0	0	0	1	0
15243_sub1	0	1	1	0	0	0	1	0
15243_sub2	0	1	0	1	0	0	0	1
15243_sub3	0	1	0	1	0	0	0	1
15243_sub4	0	1	0	1	0	0	0	1
15243_sub5	0	1	0	1	0	0	0	1
1525_sub0	0	1	1	0	0	0	1	0
1525_sub1	0	1	0	1	0	0	0	1
1525_sub2	1	33	21	12	10	10	11	2
1525_sub3	0	1	0	1	0	0	0	1
1525_sub4	0	1	1	0	0	0	1	0
1525_sub5	0	1	1	0	0	0	1	0
1525_sub6	0	1	1	0	0	0	1	0
15250_sub0	0	1	1	0	0	0	1	0
15250_sub1	0	1	1	0	0	0	1	0
15250_sub2	0	1	0	1	0	0	0	1
15250_sub3	0	1	1	0	0	0	1	0
15250_sub4	0	1	1	0	0	0	1	0
15250_sub5	0	1	1	0	0	0	1	0
15253_sub0	0	1	0	1	0	0	0	1
15253_sub1	0	1	0	1	0	0	0	1
15253_sub2	0	1	0	1	0	0	0	1
15253_sub3	0	1	0	1	0	0	0	1
15253_sub4	0	1	0	1	0	0	0	1
15253_sub5	0	1	1	0	0	0	1	0
15263_sub0	1	7	1	6	1	6	0	0
15263_sub1	0	1	0	1	0	0	0	1
15268_sub0	0	4	2	2	0	0	2	2
15268_sub1	0	1	1	0	0	0	1	0
15268_sub2	0	1	1	0	0	0	1	0
15275_sub0	0	1	1	0	0	0	1	0
15275_sub1	0	1	1	0	0	0	1	0
15275_sub2	0	1	1	0	0	0	1	0
15275_sub3	0	1	0	1	0	0	0	1
15275_sub4	0	1	1	0	0	0	1	0
15275_sub5	0	1	1	0	0	0	1	0
15275_sub6	0	1	1	0	0	0	1	0
1528_sub0	1	16	10	6	10	6	0	0
1528_sub1	0	1	1	0	0	0	1	0
1528_sub2	0	1	1	0	0	0	1	0
15283_sub0	0	1	0	1	0	0	0	1
15283_sub1	0	1	1	0	0	0	1	0
15283_sub2	0	1	0	1	0	0	0	1
15283_sub3	0	1	0	1	0	0	0	1
15283_sub4	0	1	1	0	0	0	1	0
15283_sub5	0	1	1	0	0	0	1	0
15283_sub6	0	1	0	1	0	0	0	1
15285_sub0	0	1	1	0	0	0	1	0
15285_sub1	0	1	1	0	0	0	1	0
15285_sub2	0	1	1	0	0	0	1	0
15285_sub3	0	1	0	1	0	0	0	1
15285_sub4	0	1	1	0	0	0	1	0
15285_sub5	0	1	1	0	0	0	1	0
15285_sub6	0	1	1	0	0	0	1	0
15285_sub7	0	1	1	0	0	0	1	0
15285_sub8	0	1	0	1	0	0	0	1
153_sub0	0	1	0	1	0	0	0	1
153_sub1	0	1	1	0	0	0	1	0
153_sub2	1	18	9	9	9	9	0	0
153_sub3	0	1	0	1	0	0	0	1
15319_sub0	1	9	1	8	1	8	0	0
1532_sub0	1	15	5	10	5	10	0	0
1532_sub1	0	1	0	1	0	0	0	1
1532_sub2	0	1	0	1	0	0	0	1
15322_sub0	0	1	1	0	0	0	1	0
15322_sub1	0	1	1	0	0	0	1	0
15322_sub2	0	1	0	1	0	0	0	1
15322_sub3	0	1	0	1	0	0	0	1
15322_sub4	0	1	0	1	0	0	0	1
15322_sub5	0	1	0	1	0	0	0	1
15322_sub6	0	1	0	1	0	0	0	1
15322_sub7	0	1	0	1	0	0	0	1
15323_sub0	0	1	1	0	0	0	1	0
15323_sub1	0	1	0	1	0	0	0	1
15323_sub2	0	1	1	0	0	0	1	0
15323_sub3	0	1	1	0	0	0	1	0
15323_sub4	0	1	1	0	0	0	1	0
15323_sub5	0	1	0	1	0	0	0	1
15324_sub0	0	5	1	4	0	0	1	4
15324_sub1	0	1	0	1	0	0	0	1
15333_sub0	0	1	0	1	0	0	0	1
15333_sub1	0	1	1	0	0	0	1	0
15333_sub2	0	1	1	0	0	0	1	0
15333_sub3	0	1	0	1	0	0	0	1
15333_sub4	0	1	1	0	0	0	1	0
15333_sub5	0	1	1	0	0	0	1	0
15333_sub6	0	1	1	0	0	0	1	0
15333_sub7	0	1	1	0	0	0	1	0
1535_sub0	0	1	0	1	0	0	0	1
1535_sub1	0	1	0	1	0	0	0	1
1535_sub2	0	1	0	1	0	0	0	1
1535_sub3	0	2	1	1	0	0	1	1
1535_sub4	0	1	0	1	0	0	0	1
1535_sub5	0	1	1	0	0	0	1	0
1535_sub6	0	1	1	0	0	0	1	0
15354_sub0	0	1	1	0	0	0	1	0
15354_sub1	0	1	0	1	0	0	0	1
15354_sub2	0	4	1	3	0	0	1	3
15354_sub3	0	1	0	1	0	0	0	1
15358_sub0	1	14	10	4	10	4	0	0
15358_sub1	0	1	1	0	0	0	1	0
15358_sub2	0	1	0	1	0	0	0	1
15358_sub3	0	1	0	1	0	0	0	1
15358_sub4	0	1	1	0	0	0	1	0
15358_sub5	0	1	0	1	0	0	0	1
15358_sub6	0	1	1	0	0	0	1	0
1536_sub0	1	23	14	9	11	9	3	0
1536_sub1	0	1	1	0	0	0	1	0
1536_sub2	0	1	0	1	0	0	0	1
1536_sub3	0	1	0	1	0	0	0	1
1536_sub4	0	1	1	0	0	0	1	0
1536_sub5	0	1	0	1	0	0	0	1
1536_sub6	0	1	0	1	0	0	0	1
15361_sub0	0	1	0	1	0	0	0	1
15361_sub1	1	20	12	8	12	8	0	0
15371_sub0	0	1	0	1	0	0	0	1
15371_sub1	0	1	0	1	0	0	0	1
15371_sub2	0	1	0	1	0	0	0	1
15371_sub3	0	1	1	0	0	0	1	0
15371_sub4	0	1	0	1	0	0	0	1
15371_sub5	0	1	0	1	0	0	0	1
15376_sub0	0	1	1	0	0	0	1	0
15376_sub1	0	1	0	1	0	0	0	1
15376_sub2	0	1	0	1	0	0	0	1
15376_sub3	0	1	0	1	0	0	0	1
15376_sub4	0	1	0	1	0	0	0	1
15376_sub5	0	1	0	1	0	0	0	1
15377_sub0	1	13	7	6	7	6	0	0
15377_sub1	0	1	1	0	0	0	1	0
15377_sub2	0	1	1	0	0	0	1	0
15377_sub3	0	1	1	0	0	0	1	0
15377_sub4	0	1	0	1	0	0	0	1
15377_sub5	0	1	1	0	0	0	1	0
1538_sub0	0	1	0	1	0	0	0	1
1538_sub1	1	16	8	8	8	8	0	0
1538_sub2	0	1	1	0	0	0	1	0
15390_sub0	0	1	1	0	0	0	1	0
15390_sub1	0	1	1	0	0	0	1	0
15390_sub2	0	1	1	0	0	0	1	0
15390_sub3	0	1	0	1	0	0	0	1
15390_sub4	0	1	0	1	0	0	0	1
15390_sub5	0	1	1	0	0	0	1	0
15396_sub0	1	14	5	9	5	9	0	0
15396_sub1	0	1	1	0	0	0	1	0
15396_sub2	0	1	0	1	0	0	0	1
15396_sub3	0	1	0	1	0	0	0	1
15396_sub4	0	1	0	1	0	0	0	1
154_sub0	0	1	1	0	0	0	1	0
154_sub1	1	13	7	6	7	6	0	0
154_sub2	0	1	1	0	0	0	1	0
154_sub3	0	1	0	1	0	0	0	1
15401_sub0	0	1	1	0	0	0	1	0
15401_sub1	0	1	0	1	0	0	0	1
15401_sub2	0	1	0	1	0	0	0	1
15401_sub3	0	1	1	0	0	0	1	0
15401_sub4	0	1	1	0	0	0	1	0
15401_sub5	0	1	0	1	0	0	0	1
15401_sub6	0	1	1	0	0	0	1	0
15403_sub0	0	1	1	0	0	0	1	0
15403_sub1	0	1	1	0	0	0	1	0
15403_sub2	0	1	0	1	0	0	0	1
15403_sub3	0	1	0	1	0	0	0	1
15403_sub4	0	2	1	1	0	0	1	1
15403_sub5	0	1	0	1	0	0	0	1
15405_sub0	1	12	3	9	3	9	0	0
15405_sub1	0	1	0	1	0	0	0	1
15405_sub2	0	1	1	0	0	0	1	0
15405_sub3	0	1	1	0	0	0	1	0
1541_sub0	1	24	13	11	10	10	3	1
1541_sub1	0	1	1	0	0	0	1	0
1541_sub2	0	1	0	1	0	0	0	1
1541_sub3	0	1	0	1	0	0	0	1
1541_sub4	0	1	1	0	0	0	1	0
1541_sub5	0	1	0	1	0	0	0	1
1541_sub6	0	1	0	1	0	0	0	1
1541_sub7	0	1	1	0	0	0	1	0
1541_sub8	0	1	0	1	0	0	0	1
1541_sub9	0	1	1	0	0	0	1	0
1541_sub10	0	1	1	0	0	0	1	0
1541_sub11	0	1	1	0	0	0	1	0
15414_sub0	0	1	0	1	0	0	0	1
15414_sub1	0	1	1	0	0	0	1	0
15414_sub2	0	1	0	1	0	0	0	1
15414_sub3	0	1	0	1	0	0	0	1
15414_sub4	0	1	1	0	0	0	1	0
15414_sub5	0	1	0	1	0	0	0	1
15421_sub0	1	15	7	8	7	8	0	0
15421_sub1	0	1	1	0	0	0	1	0
15421_sub2	0	1	0	1	0	0	0	1
15426_sub0	0	1	0	1	0	0	0	1
15426_sub1	0	1	1	0	0	0	1	0
15426_sub2	0	1	1	0	0	0	1	0
15426_sub3	0	1	1	0	0	0	1	0
15426_sub4	0	1	0	1	0	0	0	1
15426_sub5	0	1	1	0	0	0	1	0
15432_sub0	0	1	0	1	0	0	0	1
15432_sub1	0	2	1	1	0	0	1	1
15432_sub2	0	1	0	1	0	0	0	1
15432_sub3	0	1	0	1	0	0	0	1
15432_sub4	0	1	1	0	0	0	1	0
15441_sub0	0	1	0	1	0	0	0	1
15441_sub1	0	1	1	0	0	0	1	0
15441_sub2	0	1	1	0	0	0	1	0
15441_sub3	0	1	0	1	0	0	0	1
15441_sub4	0	1	1	0	0	0	1	0
15441_sub5	0	1	0	1	0	0	0	1
15442_sub0	0	1	1	0	0	0	1	0
15442_sub1	0	1	0	1	0	0	0	1
15442_sub2	0	1	1	0	0	0	1	0
15442_sub3	0	1	1	0	0	0	1	0
15442_sub4	0	1	1	0	0	0	1	0
15442_sub5	0	1	0	1	0	0	0	1
15448_sub0	0	1	1	0	0	0	1	0
15448_sub1	0	1	0	1	0	0	0	1
15448_sub2	0	1	0	1	0	0	0	1
15448_sub3	0	1	1	0	0	0	1	0
15448_sub4	0	1	0	1	0	0	0	1
15448_sub5	0	1	1	0	0	0	1	0
15449_sub0	1	6	3	3	3	3	0	0
1546_sub0	1	11	3	8	3	8	0	0
1546_sub1	0	1	1	0	0	0	1	0
1546_sub2	0	1	0	1	0	0	0	1
1546_sub3	0	1	1	0	0	0	1	0
1546_sub4	0	1	1	0	0	0	1	0
15460_sub0	0	1	0	1	0	0	0	1
15460_sub1	0	1	1	0	0	0	1	0
15460_sub2	0	1	0	1	0	0	0	1
15460_sub3	0	1	0	1	0	0	0	1
15460_sub4	0	1	0	1	0	0	0	1
15460_sub5	0	1	0	1	0	0	0	1
15464_sub0	1	12	6	6	6	6	0	0
15464_sub1	0	1	1	0	0	0	1	0
15464_sub2	0	1	0	1	0	0	0	1
15468_sub0	0	1	0	1	0	0	0	1
15468_sub1	0	1	1	0	0	0	1	0
15468_sub2	0	1	0	1	0	0	0	1
15468_sub3	0	1	0	1	0	0	0	1
15468_sub4	0	1	0	1	0	0	0	1
15468_sub5	0	1	1	0	0	0	1	0
1547_sub0	1	39	16	23	10	10	6	13
1547_sub1	0	1	1	0	0	0	1	0
1547_sub2	0	1	0	1	0	0	0	1
1547_sub3	0	1	1	0	0	0	1	0
15475_sub0	0	1	0	1	0	0	0	1
15475_sub1	0	1	1	0	0	0	1	0
15475_sub2	0	1	1	0	0	0	1	0
15475_sub3	0	1	1	0	0	0	1	0
15475_sub4	0	1	1	0	0	0	1	0
15475_sub5	0	1	1	0	0	0	1	0
15475_sub6	0	1	0	1	0	0	0	1
15475_sub7	0	1	1	0	0	0	1	0
15478_sub0	0	1	1	0	0	0	1	0
15478_sub1	1	11	3	8	3	8	0	0
15478_sub2	0	1	0	1	0	0	0	1
15478_sub3	0	1	0	1	0	0	0	1
15478_sub4	0	1	0	1	0	0	0	1
15478_sub5	0	1	0	1	0	0	0	1
15481_sub0	0	1	0	1	0	0	0	1
15481_sub1	0	1	1	0	0	0	1	0
15481_sub2	0	1	0	1	0	0	0	1
15481_sub3	0	1	1	0	0	0	1	0
15481_sub4	0	1	1	0	0	0	1	0
15481_sub5	0	1	1	0	0	0	1	0
15482_sub0	1	12	4	8	4	8	0	0
15482_sub1	0	1	0	1	0	0	0	1
15482_sub2	0	1	0	1	0	0	0	1
15482_sub3	0	1	0	1	0	0	0	1
15482_sub4	0	1	0	1	0	0	0	1
15482_sub5	0	1	1	0	0	0	1	0
15482_sub6	0	1	1	0	0	0	1	0
15482_sub7	0	1	0	1	0	0	0	1
15487_sub0	1	17	8	9	8	9	0	0
15487_sub1	0	1	1	0	0	0	1	0
15487_sub2	0	1	0	1	0	0	0	1
15487_sub3	0	1	1	0	0	0	1	0
15496_sub0	0	1	1	0	0	0	1	0
15496_sub1	0	1	1	0	0	0	1	0
15496_sub2	0	1	1	0	0	0	1	0
15496_sub3	0	1	1	0	0	0	1	0
15496_sub4	0	1	1	0	0	0	1	0
15496_sub5	0	1	1	0	0	0	1	0
15496_sub6	0	1	0	1	0	0	0	1
15496_sub7	0	1	1	0	0	0	1	0
15496_sub8	0	1	0	1	0	0	0	1
15498_sub0	0	1	0	1	0	0	0	1
15498_sub1	0	1	0	1	0	0	0	1
15498_sub2	0	1	1	0	0	0	1	0
15498_sub3	0	1	0	1	0	0	0	1
15498_sub4	0	1	0	1	0	0	0	1
15498_sub5	0	1	0	1	0	0	0	1
155_sub0	0	1	1	0	0	0	1	0
155_sub1	0	5	2	3	0	0	2	3
15501_sub0	0	1	0	1	0	0	0	1
15501_sub1	1	10	3	7	3	7	0	0
15501_sub2	0	1	1	0	0	0	1	0
15501_sub3	0	1	0	1	0	0	0	1
15508_sub0	0	1	0	1	0	0	0	1
15508_sub1	0	1	0	1	0	0	0	1
15508_sub2	0	1	0	1	0	0	0	1
15508_sub3	0	1	0	1	0	0	0	1
15508_sub4	0	1	1	0	0	0	1	0
15508_sub5	0	1	1	0	0	0	1	0
15508_sub6	0	1	0	1	0	0	0	1
15522_sub0	0	1	1	0	0	0	1	0
15522_sub1	0	1	0	1	0	0	0	1
15522_sub2	0	2	1	1	0	0	1	1
15522_sub3	0	1	1	0	0	0	1	0
15522_sub4	0	1	0	1	0	0	0	1
1554_sub0	1	20	7	13	7	13	0	0
1554_sub1	0	1	1	0	0	0	1	0
1554_sub2	0	1	1	0	0	0	1	0
1555_sub0	1	28	10	18	10	10	0	8
1555_sub1	0	1	0	1	0	0	0	1
1555_sub2	0	1	0	1	0	0	0	1
1555_sub3	0	1	0	1	0	0	0	1
15568_sub0	0	1	1	0	0	0	1	0
15568_sub1	0	1	1	0	0	0	1	0
15568_sub2	0	1	1	0	0	0	1	0
15568_sub3	0	1	1	0	0	0	1	0
15568_sub4	0	1	0	1	0	0	0	1
15568_sub5	0	1	1	0	0	0	1	0
15568_sub6	0	2	1	1	0	0	1	1
15568_sub7	0	1	1	0	0	0	1	0
15571_sub0	0	1	1	0	0	0	1	0
15571_sub1	0	1	1	0	0	0	1	0
15571_sub2	0	1	0	1	0	0	0	1
15571_sub3	0	1	0	1	0	0	0	1
15571_sub4	0	1	1	0	0	0	1	0
15571_sub5	0	1	1	0	0	0	1	0
15576_sub0	0	1	0	1	0	0	0	1
15576_sub1	1	11	5	6	5	6	0	0
15582_sub0	0	1	1	0	0	0	1	0
15582_sub1	0	1	0	1	0	0	0	1
15582_sub2	0	1	1	0	0	0	1	0
15582_sub3	0	1	1	0	0	0	1	0
15582_sub4	0	1	0	1	0	0	0	1
15582_sub5	0	1	1	0	0	0	1	0
15582_sub6	0	1	0	1	0	0	0	1
15593_sub0	0	1	1	0	0	0	1	0
15593_sub1	0	1	1	0	0	0	1	0
15593_sub2	0	1	1	0	0	0	1	0
15593_sub3	0	1	1	0	0	0	1	0
15593_sub4	0	1	0	1	0	0	0	1
15593_sub5	0	1	0	1	0	0	0	1
156_sub0	0	1	0	1	0	0	0	1
156_sub1	0	1	0	1	0	0	0	1
156_sub2	0	1	0	1	0	0	0	1
156_sub3	0	1	0	1	0	0	0	1
156_sub4	0	1	0	1	0	0	0	1
156_sub5	0	1	0	1	0	0	0	1
1561_sub0	0	1	0	1	0	0	0	1
1561_sub1	0	1	0	1	0	0	0	1
1561_sub2	0	1	0	1	0	0	0	1
1561_sub3	0	1	1	0	0	0	1	0
1561_sub4	0	1	1	0	0	0	1	0
1561_sub5	0	1	0	1	0	0	0	1
1562_sub0	0	1	0	1	0	0	0	1
1562_sub1	0	1	1	0	0	0	1	0
1562_sub2	0	1	0	1	0	0	0	1
1562_sub3	0	1	1	0	0	0	1	0
1562_sub4	0	1	0	1	0	0	0	1
1562_sub5	0	1	1	0	0	0	1	0
15627_sub0	0	1	0	1	0	0	0	1
15627_sub1	0	1	1	0	0	0	1	0
15627_sub2	0	1	0	1	0	0	0	1
15627_sub3	0	1	0	1	0	0	0	1
15627_sub4	0	1	1	0	0	0	1	0
15627_sub5	0	2	1	1	0	0	1	1
1563_sub0	0	1	1	0	0	0	1	0
1563_sub1	0	1	0	1	0	0	0	1
1563_sub2	1	20	10	10	10	10	0	0
1563_sub3	0	1	0	1	0	0	0	1
15636_sub0	0	1	0	1	0	0	0	1
15636_sub1	0	1	1	0	0	0	1	0
15636_sub2	0	1	0	1	0	0	0	1
15636_sub3	0	1	0	1	0	0	0	1
15636_sub4	0	1	1	0	0	0	1	0
15636_sub5	0	1	0	1	0	0	0	1
1564_sub0	0	1	0	1	0	0	0	1
1564_sub1	0	1	1	0	0	0	1	0
1564_sub2	0	1	0	1	0	0	0	1
1564_sub3	0	1	0	1	0	0	0	1
1564_sub4	0	1	0	1	0	0	0	1
1564_sub5	0	1	0	1	0	0	0	1
15640_sub0	0	1	1	0	0	0	1	0
15640_sub1	0	1	0	1	0	0	0	1
15640_sub2	0	1	0	1	0	0	0	1
15640_sub3	0	1	0	1	0	0	0	1
15640_sub4	0	1	0	1	0	0	0	1
15640_sub5	0	1	0	1	0	0	0	1
15641_sub0	0	1	0	1	0	0	0	1
15641_sub1	0	2	1	1	0	0	1	1
15641_sub2	0	1	1	0	0	0	1	0
15641_sub3	0	1	0	1	0	0	0	1
15641_sub4	0	1	1	0	0	0	1	0
15641_sub5	0	1	0	1	0	0	0	1
15641_sub6	0	1	1	0	0	0	1	0
15641_sub7	0	1	1	0	0	0	1	0
15664_sub0	0	1	0	1	0	0	0	1
15664_sub1	0	1	0	1	0	0	0	1
15664_sub2	0	1	0	1	0	0	0	1
15664_sub3	0	1	0	1	0	0	0	1
15664_sub4	0	1	0	1	0	0	0	1
15664_sub5	0	1	1	0	0	0	1	0
15664_sub6	0	1	0	1	0	0	0	1
15666_sub0	1	9	4	5	4	5	0	0
15666_sub1	0	1	0	1	0	0	0	1
15666_sub2	0	1	0	1	0	0	0	1
15669_sub0	0	1	0	1	0	0	0	1
15669_sub1	0	1	1	0	0	0	1	0
15669_sub2	0	1	0	1	0	0	0	1
15669_sub3	0	1	1	0	0	0	1	0
15669_sub4	0	1	1	0	0	0	1	0
15669_sub5	0	1	1	0	0	0	1	0
15669_sub6	0	1	1	0	0	0	1	0
15679_sub0	0	1	0	1	0	0	0	1
15679_sub1	0	2	2	0	0	0	2	0
15679_sub2	0	1	0	1	0	0	0	1
15679_sub3	0	1	0	1	0	0	0	1
15679_sub4	0	1	0	1	0	0	0	1
15679_sub5	0	1	0	1	0	0	0	1
1568_sub0	0	1	0	1	0	0	0	1
1568_sub1	1	16	10	6	10	6	0	0
1568_sub2	0	1	0	1	0	0	0	1
1568_sub3	0	1	1	0	0	0	1	0
1568_sub4	0	1	0	1	0	0	0	1
1568_sub5	0	1	0	1	0	0	0	1
1568_sub6	0	1	0	1	0	0	0	1
1568_sub7	0	1	0	1	0	0	0	1
1568_sub8	0	1	0	1	0	0	0	1
15685_sub0	0	1	1	0	0	0	1	0
15685_sub1	0	1	0	1	0	0	0	1
15685_sub2	1	6	4	2	4	2	0	0
15685_sub3	0	1	0	1	0	0	0	1
15685_sub4	0	1	1	0	0	0	1	0
15685_sub5	0	1	1	0	0	0	1	0
15699_sub0	0	1	0	1	0	0	0	1
15699_sub1	1	13	7	6	7	6	0	0
15699_sub2	0	1	1	0	0	0	1	0
15699_sub3	0	1	0	1	0	0	0	1
15699_sub4	0	1	1	0	0	0	1	0
1570_sub0	0	3	0	3	0	0	0	3
1570_sub1	0	1	1	0	0	0	1	0
1570_sub2	0	1	0	1	0	0	0	1
1570_sub3	0	3	3	0	0	0	3	0
1570_sub4	0	1	1	0	0	0	1	0
1570_sub5	0	1	1	0	0	0	1	0
15700_sub0	0	1	0	1	0	0	0	1
15700_sub1	0	1	1	0	0	0	1	0
15700_sub2	0	1	0	1	0	0	0	1
15700_sub3	0	1	0	1	0	0	0	1
15700_sub4	0	1	1	0	0	0	1	0
15700_sub5	0	1	0	1	0	0	0	1
15706_sub0	0	1	1	0	0	0	1	0
15706_sub1	0	1	1	0	0	0	1	0
15706_sub2	0	1	1	0	0	0	1	0
15706_sub3	0	1	1	0	0	0	1	0
15706_sub4	0	1	0	1	0	0	0	1
15706_sub5	0	1	1	0	0	0	1	0
15708_sub0	0	1	1	0	0	0	1	0
15708_sub1	0	1	1	0	0	0	1	0
15708_sub2	0	1	0	1	0	0	0	1
15708_sub3	0	1	0	1	0	0	0	1
15708_sub4	0	1	0	1	0	0	0	1
15708_sub5	0	1	0	1	0	0	0	1
15714_sub0	0	1	1	0	0	0	1	0
15714_sub1	1	7	6	1	6	1	0	0
15714_sub2	0	1	0	1	0	0	0	1
15714_sub3	0	1	0	1	0	0	0	1
15714_sub4	0	1	1	0	0	0	1	0
15714_sub5	0	1	0	1	0	0	0	1
15714_sub6	0	1	1	0	0	0	1	0
15714_sub7	0	1	0	1	0	0	0	1
15716_sub0	0	1	0	1	0	0	0	1
15716_sub1	0	1	1	0	0	0	1	0
15716_sub2	0	1	0	1	0	0	0	1
15716_sub3	0	1	1	0	0	0	1	0
15716_sub4	0	1	0	1	0	0	0	1
15716_sub5	0	1	0	1	0	0	0	1
15716_sub6	0	1	1	0	0	0	1	0
15716_sub7	0	1	1	0	0	0	1	0
15716_sub8	0	1	1	0	0	0	1	0
15719_sub0	0	1	0	1	0	0	0	1
15719_sub1	0	1	1	0	0	0	1	0
15719_sub2	0	1	1	0	0	0	1	0
15719_sub3	0	1	1	0	0	0	1	0
15719_sub4	0	1	1	0	0	0	1	0
15719_sub5	0	1	0	1	0	0	0	1
15719_sub6	0	1	1	0	0	0	1	0
15719_sub7	0	1	1	0	0	0	1	0
15724_sub0	0	1	0	1	0	0	0	1
15724_sub1	0	1	0	1	0	0	0	1
15724_sub2	0	1	0	1	0	0	0	1
15724_sub3	0	1	1	0	0	0	1	0
15724_sub4	0	1	1	0	0	0	1	0
15724_sub5	0	1	1	0	0	0	1	0
15731_sub0	0	1	1	0	0	0	1	0
15731_sub1	0	1	0	1	0	0	0	1
15731_sub2	0	1	1	0	0	0	1	0
15731_sub3	0	1	1	0	0	0	1	0
15731_sub4	0	1	1	0	0	0	1	0
15731_sub5	0	1	1	0	0	0	1	0
15738_sub0	1	19	9	10	9	10	0	0
15738_sub1	0	1	0	1	0	0	0	1
15738_sub2	0	1	0	1	0	0	0	1
15741_sub0	0	1	0	1	0	0	0	1
15741_sub1	0	4	2	2	0	0	2	2
15741_sub2	0	1	0	1	0	0	0	1
15741_sub3	0	1	0	1	0	0	0	1
15741_sub4	0	1	1	0	0	0	1	0
15741_sub5	0	1	0	1	0	0	0	1
15746_sub0	0	1	1	0	0	0	1	0
15746_sub1	0	1	0	1	0	0	0	1
15746_sub2	0	1	1	0	0	0	1	0
15746_sub3	0	1	0	1	0	0	0	1
15746_sub4	0	1	0	1	0	0	0	1
15746_sub5	0	1	0	1	0	0	0	1
15746_sub6	0	1	1	0	0	0	1	0
15746_sub7	0	1	1	0	0	0	1	0
15746_sub8	0	1	1	0	0	0	1	0
15748_sub0	1	17	6	11	6	11	0	0
15748_sub1	0	1	1	0	0	0	1	0
15748_sub2	0	1	0	1	0	0	0	1
1575_sub0	1	33	14	19	10	10	4	9
1575_sub1	0	1	0	1	0	0	0	1
1575_sub2	0	1	1	0	0	0	1	0
15766_sub0	0	1	1	0	0	0	1	0
15766_sub1	0	1	1	0	0	0	1	0
15766_sub2	0	1	0	1	0	0	0	1
15766_sub3	0	1	0	1	0	0	0	1
15766_sub4	0	1	1	0	0	0	1	0
15766_sub5	0	1	0	1	0	0	0	1
15766_sub6	0	1	1	0	0	0	1	0
15766_sub7	0	1	1	0	0	0	1	0
15767_sub0	0	1	1	0	0	0	1	0
15767_sub1	0	1	0	1	0	0	0	1
15767_sub2	0	1	1	0	0	0	1	0
15767_sub3	0	1	0	1	0	0	0	1
15767_sub4	0	1	1	0	0	0	1	0
15767_sub5	0	1	1	0	0	0	1	0
15769_sub0	1	7	4	3	4	3	0	0
15773_sub0	0	1	1	0	0	0	1	0
15773_sub1	1	10	3	7	3	7	0	0
15773_sub2	0	1	0	1	0	0	0	1
15773_sub3	0	2	0	2	0	0	0	2
15773_sub4	0	1	1	0	0	0	1	0
15773_sub5	0	1	0	1	0	0	0	1
15773_sub6	0	1	1	0	0	0	1	0
15773_sub7	0	1	0	1	0	0	0	1
15776_sub0	0	1	1	0	0	0	1	0
15776_sub1	0	1	1	0	0	0	1	0
15776_sub2	0	1	0	1	0	0	0	1
15776_sub3	0	1	0	1	0	0	0	1
15776_sub4	0	1	0	1	0	0	0	1
15776_sub5	0	1	1	0	0	0	1	0
15776_sub6	0	1	0	1	0	0	0	1
15779_sub0	0	1	0	1	0	0	0	1
15779_sub1	1	6	3	3	3	3	0	0
1578_sub0	0	1	1	0	0	0	1	0
1578_sub1	0	1	0	1	0	0	0	1
1578_sub2	1	28	14	14	10	10	4	4
15781_sub0	0	1	0	1	0	0	0	1
15781_sub1	0	1	1	0	0	0	1	0
15781_sub2	0	1	0	1	0	0	0	1
15781_sub3	0	1	1	0	0	0	1	0
15781_sub4	0	1	1	0	0	0	1	0
15781_sub5	0	1	1	0	0	0	1	0
15781_sub6	0	1	1	0	0	0	1	0
15781_sub7	0	1	0	1	0	0	0	1
15786_sub0	1	21	11	10	10	10	1	0
15786_sub1	0	1	0	1	0	0	0	1
15786_sub2	0	1	1	0	0	0	1	0
15786_sub3	0	1	0	1	0	0	0	1
15786_sub4	0	1	0	1	0	0	0	1
15786_sub5	0	1	0	1	0	0	0	1
15786_sub6	0	1	0	1	0	0	0	1
15786_sub7	0	1	0	1	0	0	0	1
15788_sub0	0	1	0	1	0	0	0	1
15788_sub1	0	1	0	1	0	0	0	1
15788_sub2	0	1	1	0	0	0	1	0
15788_sub3	0	1	1	0	0	0	1	0
15788_sub4	0	1	0	1	0	0	0	1
15788_sub5	0	1	0	1	0	0	0	1
15788_sub6	0	1	0	1	0	0	0	1
15790_sub0	0	1	1	0	0	0	1	0
15790_sub1	1	10	7	3	7	3	0	0
15790_sub2	0	1	0	1	0	0	0	1
15791_sub0	0	1	1	0	0	0	1	0
15791_sub1	0	1	0	1	0	0	0	1
15791_sub2	0	1	0	1	0	0	0	1
15791_sub3	0	1	0	1	0	0	0	1
15791_sub4	0	1	0	1	0	0	0	1
15791_sub5	0	1	0	1	0	0	0	1
15791_sub6	0	1	0	1	0	0	0	1
15797_sub0	0	1	0	1	0	0	0	1
15797_sub1	0	1	0	1	0	0	0	1
15797_sub2	0	2	2	0	0	0	2	0
15797_sub3	0	1	0	1	0	0	0	1
15797_sub4	0	1	1	0	0	0	1	0
1582_sub0	1	14	6	8	6	8	0	0
1582_sub1	0	1	0	1	0	0	0	1
15820_sub0	0	2	1	1	0	0	1	1
15820_sub1	0	1	0	1	0	0	0	1
15820_sub2	0	1	0	1	0	0	0	1
15820_sub3	0	1	0	1	0	0	0	1
15820_sub4	0	1	0	1	0	0	0	1
1583_sub0	1	17	9	8	9	8	0	0
1583_sub1	0	1	0	1	0	0	0	1
1583_sub2	0	1	0	1	0	0	0	1
1583_sub3	0	1	1	0	0	0	1	0
1583_sub4	0	1	0	1	0	0	0	1
1583_sub5	0	1	1	0	0	0	1	0
1583_sub6	0	1	1	0	0	0	1	0
15830_sub0	1	9	7	2	7	2	0	0
15830_sub1	0	1	0	1	0	0	0	1
15830_sub2	0	1	0	1	0	0	0	1
15830_sub3	0	1	0	1	0	0	0	1
15830_sub4	0	1	0	1	0	0	0	1
1584_sub0	1	17	10	7	10	7	0	0
1584_sub1	0	1	0	1	0	0	0	1
15842_sub0	1	7	4	3	4	3	0	0
15843_sub0	1	6	6	0	6	0	0	0
15843_sub1	0	1	0	1	0	0	0	1
15843_sub2	0	1	0	1	0	0	0	1
15848_sub0	0	1	0	1	0	0	0	1
15848_sub1	0	1	0	1	0	0	0	1
15848_sub2	0	1	0	1	0	0	0	1
15848_sub3	0	1	1	0	0	0	1	0
15848_sub4	0	1	0	1	0	0	0	1
15848_sub5	0	1	0	1	0	0	0	1
1585_sub0	0	1	0	1	0	0	0	1
1585_sub1	0	3	1	2	0	0	1	2
1585_sub2	0	1	0	1	0	0	0	1
1585_sub3	0	1	0	1	0	0	0	1
15855_sub0	1	18	8	10	8	10	0	0
15855_sub1	0	1	1	0	0	0	1	0
15855_sub2	0	1	0	1	0	0	0	1
15859_sub0	0	1	0	1	0	0	0	1
15859_sub1	0	1	1	0	0	0	1	0
15859_sub2	0	1	1	0	0	0	1	0
15859_sub3	0	1	1	0	0	0	1	0
15859_sub4	0	1	1	0	0	0	1	0
15859_sub5	0	1	1	0	0	0	1	0
15859_sub6	0	1	1	0	0	0	1	0
15859_sub7	0	1	1	0	0	0	1	0
15859_sub8	0	1	1	0	0	0	1	0
1586_sub0	1	23	10	13	10	10	0	3
1586_sub1	0	1	0	1	0	0	0	1
1586_sub2	0	1	1	0	0	0	1	0
15874_sub0	0	1	0	1	0	0	0	1
15874_sub1	0	1	0	1	0	0	0	1
15874_sub2	0	1	1	0	0	0	1	0
15874_sub3	0	1	1	0	0	0	1	0
15874_sub4	0	1	0	1	0	0	0	1
15874_sub5	0	1	0	1	0	0	0	1
15895_sub0	0	1	0	1	0	0	0	1
15895_sub1	0	1	1	0	0	0	1	0
15895_sub2	0	1	1	0	0	0	1	0
15895_sub3	0	1	1	0	0	0	1	0
15895_sub4	0	1	0	1	0	0	0	1
15895_sub5	0	1	0	1	0	0	0	1
15895_sub6	0	1	0	1	0	0	0	1
15897_sub0	0	1	0	1	0	0	0	1
15897_sub1	0	1	0	1	0	0	0	1
15897_sub2	0	1	1	0	0	0	1	0
15897_sub3	0	1	0	1	0	0	0	1
15897_sub4	0	1	1	0	0	0	1	0
15897_sub5	0	1	0	1	0	0	0	1
15897_sub6	0	1	1	0	0	0	1	0
15897_sub7	0	1	0	1	0	0	0	1
15897_sub8	0	1	0	1	0	0	0	1
15897_sub9	0	1	1	0	0	0	1	0
15902_sub0	0	1	1	0	0	0	1	0
15902_sub1	0	1	1	0	0	0	1	0
15902_sub2	0	1	1	0	0	0	1	0
15902_sub3	0	1	0	1	0	0	0	1
15902_sub4	0	1	1	0	0	0	1	0
15902_sub5	0	1	0	1	0	0	0	1
15902_sub6	0	1	0	1	0	0	0	1
15902_sub7	0	1	0	1	0	0	0	1
15902_sub8	0	1	1	0	0	0	1	0
15903_sub0	0	1	0	1	0	0	0	1
15903_sub1	0	1	1	0	0	0	1	0
15903_sub2	0	1	0	1	0	0	0	1
15903_sub3	0	1	1	0	0	0	1	0
15903_sub4	0	1	0	1	0	0	0	1
15903_sub5	0	1	0	1	0	0	0	1
15903_sub6	0	1	1	0	0	0	1	0
15907_sub0	1	17	10	7	10	7	0	0
15907_sub1	0	1	1	0	0	0	1	0
15907_sub2	0	1	0	1	0	0	0	1
15907_sub3	0	1	1	0	0	0	1	0
15907_sub4	0	1	0	1	0	0	0	1
15907_sub5	0	1	1	0	0	0	1	0
15907_sub6	0	1	0	1	0	0	0	1
1591_sub0	0	2	2	0	0	0	2	0
1591_sub1	0	1	0	1	0	0	0	1
1591_sub2	0	1	0	1	0	0	0	1
1591_sub3	0	1	1	0	0	0	1	0
1591_sub4	0	1	1	0	0	0	1	0
15911_sub0	1	16	10	6	10	6	0	0
15911_sub1	0	1	0	1	0	0	0	1
15919_sub0	0	1	0	1	0	0	0	1
15919_sub1	0	1	0	1	0	0	0	1
15919_sub2	0	1	1	0	0	0	1	0
15919_sub3	0	1	1	0	0	0	1	0
15919_sub4	0	1	1	0	0	0	1	0
15919_sub5	0	1	0	1	0	0	0	1
15919_sub6	0	1	1	0	0	0	1	0
15927_sub0	0	1	1	0	0	0	1	0
15927_sub1	0	1	1	0	0	0	1	0
15927_sub2	0	1	1	0	0	0	1	0
15927_sub3	0	1	1	0	0	0	1	0
15927_sub4	0	1	1	0	0	0	1	0
15927_sub5	0	1	0	1	0	0	0	1
15927_sub6	0	1	0	1	0	0	0	1
15931_sub0	0	1	0	1	0	0	0	1
15931_sub1	0	1	0	1	0	0	0	1
15931_sub2	0	1	1	0	0	0	1	0
15931_sub3	0	1	1	0	0	0	1	0
15931_sub4	0	1	0	1	0	0	0	1
15931_sub5	0	1	0	1	0	0	0	1
15935_sub0	1	6	3	3	3	3	0	0
15935_sub1	0	1	0	1	0	0	0	1
1594_sub0	1	15	7	8	7	8	0	0
1594_sub1	0	1	0	1	0	0	0	1
1594_sub2	0	1	1	0	0	0	1	0
1594_sub3	0	1	1	0	0	0	1	0
1594_sub4	0	1	1	0	0	0	1	0
1594_sub5	0	1	1	0	0	0	1	0
15942_sub0	0	1	0	1	0	0	0	1
15942_sub1	1	8	2	6	2	6	0	0
15942_sub2	0	1	1	0	0	0	1	0
15952_sub0	0	1	0	1	0	0	0	1
15952_sub1	0	1	1	0	0	0	1	0
15952_sub2	0	1	1	0	0	0	1	0
15952_sub3	0	1	0	1	0	0	0	1
15952_sub4	0	1	0	1	0	0	0	1
15952_sub5	0	1	0	1	0	0	0	1
15952_sub6	0	1	0	1	0	0	0	1
15952_sub7	0	1	1	0	0	0	1	0
15956_sub0	0	2	1	1	0	0	1	1
15956_sub1	0	1	0	1	0	0	0	1
15956_sub2	0	1	1	0	0	0	1	0
15956_sub3	0	1	0	1	0	0	0	1
15956_sub4	0	1	0	1	0	0	0	1
15956_sub5	0	1	0	1	0	0	0	1
15956_sub6	0	1	0	1	0	0	0	1
15972_sub0	1	17	6	11	6	11	0	0
15972_sub1	0	1	1	0	0	0	1	0
15972_sub2	0	1	0	1	0	0	0	1
15972_sub3	0	1	0	1	0	0	0	1
15972_sub4	0	1	1	0	0	0	1	0
15974_sub0	0	1	0	1	0	0	0	1
15974_sub1	0	1	1	0	0	0	1	0
15974_sub2	1	17	9	8	9	8	0	0
15978_sub0	0	1	1	0	0	0	1	0
15978_sub1	0	1	0	1	0	0	0	1
15978_sub2	0	1	0	1	0	0	0	1
15978_sub3	0	1	0	1	0	0	0	1
15978_sub4	0	1	0	1	0	0	0	1
15978_sub5	0	1	1	0	0	0	1	0
15985_sub0	0	1	1	0	0	0	1	0
15985_sub1	0	1	0	1	0	0	0	1
15985_sub2	0	1	0	1	0	0	0	1
15985_sub3	0	1	0	1	0	0	0	1
15985_sub4	0	1	0	1	0	0	0	1
15985_sub5	0	1	0	1	0	0	0	1
15995_sub0	0	1	1	0	0	0	1	0
15995_sub1	0	1	1	0	0	0	1	0
15995_sub2	0	1	0	1	0	0	0	1
15995_sub3	0	1	0	1	0	0	0	1
15995_sub4	0	1	1	0	0	0	1	0
15995_sub5	0	1	1	0	0	0	1	0
15995_sub6	0	1	1	0	0	0	1	0
160_sub0	0	1	1	0	0	0	1	0
160_sub1	1	20	9	11	9	11	0	0
160_sub2	0	1	1	0	0	0	1	0
160_sub3	0	1	1	0	0	0	1	0
1600_sub0	0	1	0	1	0	0	0	1
1600_sub1	0	1	0	1	0	0	0	1
1600_sub2	1	30	16	14	10	10	6	4
1600_sub3	0	1	1	0	0	0	1	0
1600_sub4	0	1	1	0	0	0	1	0
1600_sub5	0	1	1	0	0	0	1	0
16000_sub0	1	11	5	6	5	6	0	0
16000_sub1	0	1	1	0	0	0	1	0
16000_sub2	0	1	1	0	0	0	1	0
16000_sub3	0	1	1	0	0	0	1	0
16000_sub4	0	1	1	0	0	0	1	0
16012_sub0	0	3	3	0	0	0	3	0
16012_sub1	0	1	1	0	0	0	1	0
16012_sub2	0	1	0	1	0	0	0	1
16012_sub3	0	1	0	1	0	0	0	1
16015_sub0	0	1	0	1	0	0	0	1
16015_sub1	0	2	1	1	0	0	1	1
16015_sub2	0	1	0	1	0	0	0	1
16015_sub3	0	1	1	0	0	0	1	0
16015_sub4	0	1	1	0	0	0	1	0
16019_sub0	0	1	1	0	0	0	1	0
16019_sub1	0	1	1	0	0	0	1	0
16019_sub2	0	1	1	0	0	0	1	0
16019_sub3	0	1	1	0	0	0	1	0
16019_sub4	0	1	1	0	0	0	1	0
16019_sub5	0	1	0	1	0	0	0	1
16024_sub0	0	1	0	1	0	0	0	1
16024_sub1	0	1	1	0	0	0	1	0
16024_sub2	0	1	0	1	0	0	0	1
16024_sub3	0	1	1	0	0	0	1	0
16024_sub4	0	1	0	1	0	0	0	1
16024_sub5	0	1	0	1	0	0	0	1
16024_sub6	0	1	0	1	0	0	0	1
16024_sub7	0	1	0	1	0	0	0	1
16033_sub0	0	1	1	0	0	0	1	0
16033_sub1	0	1	1	0	0	0	1	0
16033_sub2	0	1	0	1	0	0	0	1
16033_sub3	0	1	0	1	0	0	0	1
16033_sub4	0	1	1	0	0	0	1	0
16033_sub5	0	1	1	0	0	0	1	0
16037_sub0	0	1	1	0	0	0	1	0
16037_sub1	0	1	1	0	0	0	1	0
16037_sub2	0	1	0	1	0	0	0	1
16037_sub3	0	1	1	0	0	0	1	0
16037_sub4	0	1	0	1	0	0	0	1
16037_sub5	0	1	0	1	0	0	0	1
16054_sub0	0	1	0	1	0	0	0	1
16054_sub1	0	1	0	1	0	0	0	1
16054_sub2	0	1	0	1	0	0	0	1
16054_sub3	0	1	1	0	0	0	1	0
16054_sub4	0	1	1	0	0	0	1	0
16054_sub5	0	1	0	1	0	0	0	1
16054_sub6	0	1	1	0	0	0	1	0
16054_sub7	0	1	1	0	0	0	1	0
16054_sub8	0	1	0	1	0	0	0	1
16056_sub0	0	1	1	0	0	0	1	0
16056_sub1	0	1	0	1	0	0	0	1
16056_sub2	0	1	0	1	0	0	0	1
16056_sub3	0	1	0	1	0	0	0	1
16056_sub4	0	1	1	0	0	0	1	0
16056_sub5	0	1	0	1	0	0	0	1
16056_sub6	0	1	1	0	0	0	1	0
16062_sub0	0	1	1	0	0	0	1	0
16062_sub1	1	8	3	5	3	5	0	0
16062_sub2	0	1	0	1	0	0	0	1
16062_sub3	0	1	1	0	0	0	1	0
16062_sub4	0	1	1	0	0	0	1	0
16062_sub5	0	1	1	0	0	0	1	0
16062_sub6	0	1	1	0	0	0	1	0
16068_sub0	0	1	1	0	0	0	1	0
16068_sub1	0	1	1	0	0	0	1	0
16068_sub2	0	1	0	1	0	0	0	1
16068_sub3	0	1	1	0	0	0	1	0
16068_sub4	0	1	0	1	0	0	0	1
16068_sub5	0	1	1	0	0	0	1	0
16078_sub0	1	13	4	9	4	9	0	0
16078_sub1	0	1	1	0	0	0	1	0
16078_sub2	0	1	1	0	0	0	1	0
16084_sub0	0	1	0	1	0	0	0	1
16084_sub1	0	1	1	0	0	0	1	0
16084_sub2	0	1	1	0	0	0	1	0
16084_sub3	0	1	1	0	0	0	1	0
16084_sub4	0	1	0	1	0	0	0	1
16084_sub5	0	1	1	0	0	0	1	0
16084_sub6	0	1	0	1	0	0	0	1
16084_sub7	0	1	1	0	0	0	1	0
16088_sub0	0	1	1	0	0	0	1	0
16088_sub1	0	1	0	1	0	0	0	1
16088_sub2	0	1	1	0	0	0	1	0
16088_sub3	0	1	0	1	0	0	0	1
16088_sub4	0	1	1	0	0	0	1	0
16088_sub5	0	1	0	1	0	0	0	1
16088_sub6	0	1	0	1	0	0	0	1
16088_sub7	0	1	0	1	0	0	0	1
16088_sub8	0	1	0	1	0	0	0	1
1610_sub0	0	1	0	1	0	0	0	1
1610_sub1	1	7	5	2	5	2	0	0
16112_sub0	0	1	1	0	0	0	1	0
16112_sub1	0	1	1	0	0	0	1	0
16112_sub2	0	1	0	1	0	0	0	1
16112_sub3	0	1	0	1	0	0	0	1
16112_sub4	0	1	0	1	0	0	0	1
16112_sub5	0	1	0	1	0	0	0	1
16112_sub6	0	1	1	0	0	0	1	0
16125_sub0	0	1	0	1	0	0	0	1
16125_sub1	0	1	1	0	0	0	1	0
16125_sub2	0	1	0	1	0	0	0	1
16125_sub3	0	1	1	0	0	0	1	0
16125_sub4	0	1	0	1	0	0	0	1
16125_sub5	0	1	0	1	0	0	0	1
16128_sub0	0	1	1	0	0	0	1	0
16128_sub1	0	1	1	0	0	0	1	0
16128_sub2	0	1	1	0	0	0	1	0
16128_sub3	0	1	0	1	0	0	0	1
16128_sub4	0	1	1	0	0	0	1	0
16128_sub5	0	1	0	1	0	0	0	1
16135_sub0	1	8	4	4	4	4	0	0
16135_sub1	0	1	0	1	0	0	0	1
16135_sub2	0	1	0	1	0	0	0	1
16135_sub3	0	1	1	0	0	0	1	0
1614_sub0	0	1	0	1	0	0	0	1
1614_sub1	1	25	7	18	7	13	0	5
1614_sub2	0	1	1	0	0	0	1	0
1615_sub0	0	1	0	1	0	0	0	1
1615_sub1	0	1	0	1	0	0	0	1
1615_sub2	0	1	0	1	0	0	0	1
1615_sub3	0	1	1	0	0	0	1	0
1615_sub4	0	1	1	0	0	0	1	0
1615_sub5	0	1	0	1	0	0	0	1
1615_sub6	0	1	0	1	0	0	0	1
1615_sub7	0	1	1	0	0	0	1	0
16168_sub0	0	1	0	1	0	0	0	1
16168_sub1	0	1	0	1	0	0	0	1
16168_sub2	0	1	0	1	0	0	0	1
16168_sub3	0	1	0	1	0	0	0	1
16168_sub4	0	1	1	0	0	0	1	0
16168_sub5	0	1	1	0	0	0	1	0
16168_sub6	0	1	1	0	0	0	1	0
16173_sub0	0	1	0	1	0	0	0	1
16173_sub1	0	2	0	2	0	0	0	2
16173_sub2	0	1	0	1	0	0	0	1
16173_sub3	0	1	0	1	0	0	0	1
16173_sub4	0	1	1	0	0	0	1	0
16173_sub5	0	1	0	1	0	0	0	1
16176_sub0	0	1	1	0	0	0	1	0
16176_sub1	0	1	0	1	0	0	0	1
16176_sub2	0	1	1	0	0	0	1	0
16176_sub3	0	1	0	1	0	0	0	1
16176_sub4	0	1	1	0	0	0	1	0
16176_sub5	0	1	1	0	0	0	1	0
16184_sub0	0	1	1	0	0	0	1	0
16184_sub1	0	1	0	1	0	0	0	1
16184_sub2	0	1	1	0	0	0	1	0
16184_sub3	0	1	0	1	0	0	0	1
16184_sub4	0	1	1	0	0	0	1	0
16184_sub5	0	1	0	1	0	0	0	1
16186_sub0	0	1	0	1	0	0	0	1
16186_sub1	0	1	1	0	0	0	1	0
16186_sub2	0	1	0	1	0	0	0	1
16186_sub3	0	1	1	0	0	0	1	0
16186_sub4	0	1	1	0	0	0	1	0
16186_sub5	0	1	1	0	0	0	1	0
16186_sub6	0	1	0	1	0	0	0	1
16197_sub0	0	1	1	0	0	0	1	0
16197_sub1	0	1	1	0	0	0	1	0
16197_sub2	0	1	0	1	0	0	0	1
16197_sub3	0	1	1	0	0	0	1	0
16197_sub4	0	1	0	1	0	0	0	1
16197_sub5	0	1	0	1	0	0	0	1
16198_sub0	0	1	1	0	0	0	1	0
16198_sub1	0	1	1	0	0	0	1	0
16198_sub2	0	1	0	1	0	0	0	1
16198_sub3	0	1	1	0	0	0	1	0
16198_sub4	0	1	0	1	0	0	0	1
16198_sub5	0	1	0	1	0	0	0	1
162_sub0	0	1	0	1	0	0	0	1
162_sub1	0	1	0	1	0	0	0	1
162_sub2	0	1	0	1	0	0	0	1
162_sub3	0	1	0	1	0	0	0	1
162_sub4	1	20	12	8	12	8	0	0
162_sub5	0	1	1	0	0	0	1	0
162_sub6	0	1	1	0	0	0	1	0
162_sub7	0	1	0	1	0	0	0	1
162_sub8	0	1	1	0	0	0	1	0
162_sub9	0	1	0	1	0	0	0	1
162_sub10	0	2	1	1	0	0	1	1
16201_sub0	0	1	1	0	0	0	1	0
16201_sub1	0	1	1	0	0	0	1	0
16201_sub2	0	1	1	0	0	0	1	0
16201_sub3	0	1	0	1	0	0	0	1
16201_sub4	0	1	1	0	0	0	1	0
16201_sub5	0	1	1	0	0	0	1	0
16201_sub6	0	1	1	0	0	0	1	0
16201_sub7	0	1	1	0	0	0	1	0
16201_sub8	0	1	1	0	0	0	1	0
16201_sub9	0	1	0	1	0	0	0	1
16201_sub10	0	1	1	0	0	0	1	0
16204_sub0	0	1	1	0	0	0	1	0
16204_sub1	0	1	1	0	0	0	1	0
16204_sub2	0	1	0	1	0	0	0	1
16204_sub3	0	1	0	1	0	0	0	1
16204_sub4	0	1	1	0	0	0	1	0
16204_sub5	0	2	1	1	0	0	1	1
16204_sub6	0	1	1	0	0	0	1	0
16204_sub7	0	1	1	0	0	0	1	0
16209_sub0	0	1	1	0	0	0	1	0
16209_sub1	0	1	1	0	0	0	1	0
16209_sub2	0	1	1	0	0	0	1	0
16209_sub3	0	1	0	1	0	0	0	1
16209_sub4	0	1	1	0	0	0	1	0
16209_sub5	0	1	0	1	0	0	0	1
16212_sub0	0	1	1	0	0	0	1	0
16212_sub1	0	1	1	0	0	0	1	0
16212_sub2	0	1	1	0	0	0	1	0
16212_sub3	0	1	1	0	0	0	1	0
16212_sub4	0	1	1	0	0	0	1	0
16212_sub5	0	1	1	0	0	0	1	0
16212_sub6	0	1	0	1	0	0	0	1
16212_sub7	0	1	1	0	0	0	1	0
16213_sub0	0	1	1	0	0	0	1	0
16213_sub1	0	2	1	1	0	0	1	1
16213_sub2	0	1	0	1	0	0	0	1
16213_sub3	0	1	1	0	0	0	1	0
16213_sub4	0	1	1	0	0	0	1	0
16216_sub0	0	1	1	0	0	0	1	0
16216_sub1	0	1	0	1	0	0	0	1
16216_sub2	0	1	1	0	0	0	1	0
16216_sub3	0	1	1	0	0	0	1	0
16216_sub4	0	1	1	0	0	0	1	0
16216_sub5	0	1	1	0	0	0	1	0
16231_sub0	0	1	1	0	0	0	1	0
16231_sub1	0	1	1	0	0	0	1	0
16231_sub2	0	1	0	1	0	0	0	1
16231_sub3	0	1	0	1	0	0	0	1
16231_sub4	0	1	1	0	0	0	1	0
16231_sub5	0	1	1	0	0	0	1	0
16231_sub6	0	1	0	1	0	0	0	1
16231_sub7	0	1	0	1	0	0	0	1
16236_sub0	0	1	0	1	0	0	0	1
16236_sub1	0	1	1	0	0	0	1	0
16236_sub2	0	1	1	0	0	0	1	0
16236_sub3	0	1	0	1	0	0	0	1
16236_sub4	0	1	1	0	0	0	1	0
16236_sub5	0	1	0	1	0	0	0	1
16236_sub6	0	1	1	0	0	0	1	0
1624_sub0	0	1	0	1	0	0	0	1
1624_sub1	1	12	7	5	7	5	0	0
16242_sub0	1	6	2	4	2	4	0	0
16242_sub1	0	1	0	1	0	0	0	1
16248_sub0	1	11	5	6	5	6	0	0
16248_sub1	0	1	0	1	0	0	0	1
16250_sub0	0	1	0	1	0	0	0	1
16250_sub1	0	1	0	1	0	0	0	1
16250_sub2	0	1	0	1	0	0	0	1
16250_sub3	0	2	0	2	0	0	0	2
16250_sub4	0	1	1	0	0	0	1	0
1626_sub0	0	1	1	0	0	0	1	0
1626_sub1	1	19	9	10	9	10	0	0
1626_sub2	0	1	1	0	0	0	1	0
1626_sub3	0	1	1	0	0	0	1	0
1627_sub0	0	1	1	0	0	0	1	0
1627_sub1	0	1	1	0	0	0	1	0
1627_sub2	0	1	1	0	0	0	1	0
1627_sub3	1	19	11	8	11	8	0	0
1627_sub4	0	1	1	0	0	0	1	0
16278_sub0	1	16	10	6	10	6	0	0
16278_sub1	0	1	0	1	0	0	0	1
16278_sub2	0	1	0	1	0	0	0	1
16281_sub0	0	1	0	1	0	0	0	1
16281_sub1	0	1	1	0	0	0	1	0
16281_sub2	0	1	0	1	0	0	0	1
16281_sub3	0	1	0	1	0	0	0	1
16281_sub4	0	1	0	1	0	0	0	1
16281_sub5	0	1	0	1	0	0	0	1
16281_sub6	0	1	1	0	0	0	1	0
16281_sub7	0	1	1	0	0	0	1	0
16281_sub8	0	1	0	1	0	0	0	1
16283_sub0	0	1	1	0	0	0	1	0
16283_sub1	0	1	0	1	0	0	0	1
16283_sub2	0	1	0	1	0	0	0	1
16283_sub3	0	1	0	1	0	0	0	1
16283_sub4	0	1	1	0	0	0	1	0
16283_sub5	0	1	0	1	0	0	0	1
16283_sub6	0	1	1	0	0	0	1	0
16290_sub0	0	1	1	0	0	0	1	0
16290_sub1	0	1	0	1	0	0	0	1
16290_sub2	0	2	1	1	0	0	1	1
16290_sub3	0	1	0	1	0	0	0	1
16290_sub4	0	1	1	0	0	0	1	0
16290_sub5	0	1	0	1	0	0	0	1
16295_sub0	0	1	1	0	0	0	1	0
16295_sub1	0	1	1	0	0	0	1	0
16295_sub2	0	1	1	0	0	0	1	0
16295_sub3	0	1	0	1	0	0	0	1
16295_sub4	0	1	1	0	0	0	1	0
16295_sub5	0	1	1	0	0	0	1	0
1631_sub0	0	1	0	1	0	0	0	1
1631_sub1	0	2	1	1	0	0	1	1
1631_sub2	0	1	1	0	0	0	1	0
1631_sub3	0	1	1	0	0	0	1	0
1631_sub4	0	1	1	0	0	0	1	0
1631_sub5	0	1	0	1	0	0	0	1
16311_sub0	1	11	6	5	6	5	0	0
16316_sub0	1	9	8	1	8	1	0	0
16316_sub1	0	1	1	0	0	0	1	0
16316_sub2	0	1	0	1	0	0	0	1
16359_sub0	0	1	0	1	0	0	0	1
16359_sub1	0	1	1	0	0	0	1	0
16359_sub2	0	1	1	0	0	0	1	0
16359_sub3	0	1	1	0	0	0	1	0
16359_sub4	0	1	0	1	0	0	0	1
16359_sub5	0	1	1	0	0	0	1	0
16361_sub0	0	1	0	1	0	0	0	1
16361_sub1	0	1	1	0	0	0	1	0
16361_sub2	0	1	0	1	0	0	0	1
16361_sub3	0	1	1	0	0	0	1	0
16361_sub4	0	1	1	0	0	0	1	0
16361_sub5	0	1	1	0	0	0	1	0
16361_sub6	0	1	1	0	0	0	1	0
16380_sub0	1	8	4	4	4	4	0	0
16394_sub0	0	1	0	1	0	0	0	1
16394_sub1	0	1	1	0	0	0	1	0
16394_sub2	0	1	0	1	0	0	0	1
16394_sub3	0	1	0	1	0	0	0	1
16394_sub4	0	1	0	1	0	0	0	1
16394_sub5	0	1	0	1	0	0	0	1
16397_sub0	0	1	0	1	0	0	0	1
16397_sub1	0	1	1	0	0	0	1	0
16397_sub2	0	1	1	0	0	0	1	0
16397_sub3	0	1	1	0	0	0	1	0
16397_sub4	0	1	1	0	0	0	1	0
16397_sub5	0	1	1	0	0	0	1	0
164_sub0	0	1	1	0	0	0	1	0
164_sub1	1	16	10	6	10	6	0	0
164_sub2	0	1	0	1	0	0	0	1
164_sub3	0	1	1	0	0	0	1	0
1640_sub0	0	1	0	1	0	0	0	1
1640_sub1	0	1	0	1	0	0	0	1
1640_sub2	0	1	0	1	0	0	0	1
1640_sub3	0	1	0	1	0	0	0	1
1640_sub4	0	1	1	0	0	0	1	0
1640_sub5	0	1	0	1	0	0	0	1
1640_sub6	0	1	1	0	0	0	1	0
16404_sub0	1	8	1	7	1	7	0	0
16404_sub1	0	1	1	0	0	0	1	0
16408_sub0	1	14	7	7	7	7	0	0
16408_sub1	0	1	0	1	0	0	0	1
16408_sub2	0	1	1	0	0	0	1	0
16413_sub0	0	1	0	1	0	0	0	1
16413_sub1	0	1	0	1	0	0	0	1
16413_sub2	0	1	0	1	0	0	0	1
16413_sub3	0	1	1	0	0	0	1	0
16413_sub4	0	1	0	1	0	0	0	1
16413_sub5	0	1	0	1	0	0	0	1
16413_sub6	0	1	0	1	0	0	0	1
16413_sub7	0	1	1	0	0	0	1	0
16428_sub0	0	1	0	1	0	0	0	1
16428_sub1	0	1	0	1	0	0	0	1
16428_sub2	0	1	0	1	0	0	0	1
16428_sub3	0	1	0	1	0	0	0	1
16428_sub4	0	1	0	1	0	0	0	1
16428_sub5	0	1	0	1	0	0	0	1
16435_sub0	1	14	7	7	7	7	0	0
16435_sub1	0	2	2	0	0	0	2	0
16435_sub2	0	1	0	1	0	0	0	1
1645_sub0	0	2	1	1	0	0	1	1
1645_sub1	0	1	0	1	0	0	0	1
1645_sub2	0	1	0	1	0	0	0	1
1645_sub3	0	1	1	0	0	0	1	0
1645_sub4	0	1	1	0	0	0	1	0
16457_sub0	0	1	1	0	0	0	1	0
16457_sub1	0	1	0	1	0	0	0	1
16457_sub2	0	1	0	1	0	0	0	1
16457_sub3	0	1	0	1	0	0	0	1
16457_sub4	0	1	1	0	0	0	1	0
16457_sub5	0	1	1	0	0	0	1	0
1647_sub0	0	1	0	1	0	0	0	1
1647_sub1	0	1	0	1	0	0	0	1
1647_sub2	0	1	0	1	0	0	0	1
1647_sub3	0	1	0	1	0	0	0	1
1647_sub4	0	1	0	1	0	0	0	1
1647_sub5	0	1	1	0	0	0	1	0
1647_sub6	0	1	1	0	0	0	1	0
1647_sub7	0	1	0	1	0	0	0	1
1647_sub8	0	1	1	0	0	0	1	0
16479_sub0	1	10	5	5	5	5	0	0
16479_sub1	0	1	0	1	0	0	0	1
16479_sub2	0	1	0	1	0	0	0	1
16481_sub0	0	1	1	0	0	0	1	0
16481_sub1	0	4	1	3	0	0	1	3
16481_sub2	0	1	1	0	0	0	1	0
16481_sub3	0	1	0	1	0	0	0	1
16485_sub0	0	1	0	1	0	0	0	1
16485_sub1	0	2	2	0	0	0	2	0
16485_sub2	0	1	1	0	0	0	1	0
16485_sub3	0	1	0	1	0	0	0	1
16485_sub4	0	1	1	0	0	0	1	0
16489_sub0	0	1	1	0	0	0	1	0
16489_sub1	0	1	1	0	0	0	1	0
16489_sub2	0	1	1	0	0	0	1	0
16489_sub3	0	1	1	0	0	0	1	0
16489_sub4	0	1	1	0	0	0	1	0
16489_sub5	0	1	1	0	0	0	1	0
16489_sub6	0	1	0	1	0	0	0	1
16489_sub7	0	1	0	1	0	0	0	1
16489_sub8	0	1	0	1	0	0	0	1
16491_sub0	0	1	1	0	0	0	1	0
16491_sub1	0	1	0	1	0	0	0	1
16491_sub2	0	1	0	1	0	0	0	1
16491_sub3	0	1	1	0	0	0	1	0
16491_sub4	0	1	0	1	0	0	0	1
16491_sub5	0	1	1	0	0	0	1	0
16493_sub0	1	11	6	5	6	5	0	0
16493_sub1	0	1	1	0	0	0	1	0
16493_sub2	0	1	0	1	0	0	0	1
16493_sub3	0	1	1	0	0	0	1	0
16493_sub4	0	1	0	1	0	0	0	1
16497_sub0	0	1	1	0	0	0	1	0
16497_sub1	0	1	0	1	0	0	0	1
16497_sub2	0	1	1	0	0	0	1	0
16497_sub3	0	1	1	0	0	0	1	0
16497_sub4	0	1	1	0	0	0	1	0
16497_sub5	0	1	0	1	0	0	0	1
16497_sub6	0	1	0	1	0	0	0	1
16497_sub7	0	1	0	1	0	0	0	1
16498_sub0	0	1	0	1	0	0	0	1
16498_sub1	0	1	0	1	0	0	0	1
16498_sub2	0	1	0	1	0	0	0	1
16498_sub3	0	1	0	1	0	0	0	1
16498_sub4	0	1	1	0	0	0	1	0
16498_sub5	0	1	0	1	0	0	0	1
16498_sub6	0	1	0	1	0	0	0	1
16498_sub7	0	1	0	1	0	0	0	1
16499_sub0	0	1	0	1	0	0	0	1
16499_sub1	0	1	1	0	0	0	1	0
16499_sub2	0	1	1	0	0	0	1	0
16499_sub3	0	1	1	0	0	0	1	0
16499_sub4	0	1	0	1	0	0	0	1
16499_sub5	0	1	1	0	0	0	1	0
16503_sub0	0	5	3	2	0	0	3	2
16503_sub1	0	1	1	0	0	0	1	0
16503_sub2	0	1	0	1	0	0	0	1
16503_sub3	0	1	1	0	0	0	1	0
16504_sub0	1	10	5	5	5	5	0	0
16504_sub1	0	1	0	1	0	0	0	1
16504_sub2	0	1	0	1	0	0	0	1
16523_sub0	0	1	1	0	0	0	1	0
16523_sub1	0	1	1	0	0	0	1	0
16523_sub2	0	1	1	0	0	0	1	0
16523_sub3	0	1	0	1	0	0	0	1
16523_sub4	0	1	1	0	0	0	1	0
16523_sub5	0	1	1	0	0	0	1	0
16523_sub6	0	1	0	1	0	0	0	1
16523_sub7	0	1	1	0	0	0	1	0
16534_sub0	1	7	3	4	3	4	0	0
16537_sub0	0	1	0	1	0	0	0	1
16537_sub1	0	1	1	0	0	0	1	0
16537_sub2	0	1	1	0	0	0	1	0
16537_sub3	0	1	1	0	0	0	1	0
16537_sub4	0	1	1	0	0	0	1	0
16537_sub5	0	1	1	0	0	0	1	0
16553_sub0	0	2	2	0	0	0	2	0
16553_sub1	1	10	6	4	6	4	0	0
16553_sub2	0	1	0	1	0	0	0	1
16556_sub0	1	7	2	5	2	5	0	0
16556_sub1	0	1	0	1	0	0	0	1
16556_sub2	0	1	1	0	0	0	1	0
16556_sub3	0	1	0	1	0	0	0	1
16556_sub4	0	1	0	1	0	0	0	1
1656_sub0	0	1	0	1	0	0	0	1
1656_sub1	0	1	1	0	0	0	1	0
1656_sub2	0	1	1	0	0	0	1	0
1656_sub3	0	1	1	0	0	0	1	0
1656_sub4	0	1	0	1	0	0	0	1
1656_sub5	0	1	1	0	0	0	1	0
1656_sub6	0	1	0	1	0	0	0	1
16564_sub0	0	1	0	1	0	0	0	1
16564_sub1	0	1	0	1	0	0	0	1
16564_sub2	0	1	0	1	0	0	0	1
16564_sub3	0	1	0	1	0	0	0	1
16564_sub4	0	1	0	1	0	0	0	1
16564_sub5	0	1	0	1	0	0	0	1
16568_sub0	0	1	1	0	0	0	1	0
16568_sub1	0	1	0	1	0	0	0	1
16568_sub2	0	1	0	1	0	0	0	1
16568_sub3	0	1	1	0	0	0	1	0
16568_sub4	0	1	0	1	0	0	0	1
16568_sub5	0	1	0	1	0	0	0	1
1657_sub0	1	15	8	7	8	7	0	0
1657_sub1	0	1	1	0	0	0	1	0
1657_sub2	0	1	1	0	0	0	1	0
1657_sub3	0	1	1	0	0	0	1	0
1657_sub4	0	1	1	0	0	0	1	0
1657_sub5	0	1	0	1	0	0	0	1
1657_sub6	0	1	0	1	0	0	0	1
16578_sub0	0	1	1	0	0	0	1	0
16578_sub1	0	1	1	0	0	0	1	0
16578_sub2	0	1	1	0	0	0	1	0
16578_sub3	0	1	1	0	0	0	1	0
16578_sub4	0	1	0	1	0	0	0	1
16578_sub5	0	1	0	1	0	0	0	1
1658_sub0	0	1	0	1	0	0	0	1
1658_sub1	0	1	0	1	0	0	0	1
1658_sub2	0	1	0	1	0	0	0	1
1658_sub3	0	1	0	1	0	0	0	1
1658_sub4	0	1	1	0	0	0	1	0
1658_sub5	0	1	1	0	0	0	1	0
1658_sub6	0	1	1	0	0	0	1	0
16588_sub0	0	1	0	1	0	0	0	1
16588_sub1	0	1	1	0	0	0	1	0
16588_sub2	0	1	1	0	0	0	1	0
16588_sub3	0	1	1	0	0	0	1	0
16588_sub4	0	1	0	1	0	0	0	1
16588_sub5	0	1	1	0	0	0	1	0
16588_sub6	0	1	0	1	0	0	0	1
16591_sub0	0	1	0	1	0	0	0	1
16591_sub1	0	1	1	0	0	0	1	0
16591_sub2	0	1	0	1	0	0	0	1
16591_sub3	0	1	0	1	0	0	0	1
16591_sub4	0	1	1	0	0	0	1	0
16591_sub5	0	1	1	0	0	0	1	0
16594_sub0	1	11	5	6	5	6	0	0
16597_sub0	1	9	3	6	3	6	0	0
16597_sub1	0	1	1	0	0	0	1	0
16597_sub2	0	1	1	0	0	0	1	0
16597_sub3	0	1	1	0	0	0	1	0
16598_sub0	1	21	11	10	10	10	1	0
16598_sub1	0	1	0	1	0	0	0	1
16598_sub2	0	1	0	1	0	0	0	1
16598_sub3	0	1	0	1	0	0	0	1
16598_sub4	0	1	1	0	0	0	1	0
16598_sub5	0	1	0	1	0	0	0	1
16602_sub0	0	1	0	1	0	0	0	1
16602_sub1	0	1	1	0	0	0	1	0
16602_sub2	0	1	1	0	0	0	1	0
16602_sub3	0	1	0	1	0	0	0	1
16602_sub4	0	1	1	0	0	0	1	0
16602_sub5	0	1	0	1	0	0	0	1
16602_sub6	0	1	1	0	0	0	1	0
16602_sub7	0	1	0	1	0	0	0	1
16602_sub8	0	1	0	1	0	0	0	1
16602_sub9	0	1	0	1	0	0	0	1
16611_sub0	0	1	1	0	0	0	1	0
16611_sub1	0	5	2	3	0	0	2	3
16615_sub0	0	1	1	0	0	0	1	0
16615_sub1	0	1	1	0	0	0	1	0
16615_sub2	0	1	1	0	0	0	1	0
16615_sub3	0	1	1	0	0	0	1	0
16615_sub4	0	1	0	1	0	0	0	1
16615_sub5	0	1	1	0	0	0	1	0
16615_sub6	0	1	1	0	0	0	1	0
16615_sub7	0	1	0	1	0	0	0	1
16615_sub8	0	1	0	1	0	0	0	1
1662_sub0	0	1	1	0	0	0	1	0
1662_sub1	1	8	3	5	3	5	0	0
1662_sub2	0	1	0	1	0	0	0	1
1662_sub3	0	1	0	1	0	0	0	1
1662_sub4	0	1	1	0	0	0	1	0
16621_sub0	1	12	4	8	4	8	0	0
16621_sub1	0	1	1	0	0	0	1	0
16621_sub2	0	1	1	0	0	0	1	0
16629_sub0	0	1	0	1	0	0	0	1
16629_sub1	0	1	0	1	0	0	0	1
16629_sub2	0	1	1	0	0	0	1	0
16629_sub3	1	11	7	4	7	4	0	0
16632_sub0	0	1	0	1	0	0	0	1
16632_sub1	0	1	0	1	0	0	0	1
16632_sub2	0	1	1	0	0	0	1	0
16632_sub3	0	1	1	0	0	0	1	0
16632_sub4	0	1	0	1	0	0	0	1
16632_sub5	0	1	0	1	0	0	0	1
16643_sub0	0	1	1	0	0	0	1	0
16643_sub1	0	1	1	0	0	0	1	0
16643_sub2	0	1	1	0	0	0	1	0
16643_sub3	0	1	0	1	0	0	0	1
16643_sub4	0	1	0	1	0	0	0	1
16643_sub5	0	1	1	0	0	0	1	0
16657_sub0	0	1	0	1	0	0	0	1
16657_sub1	0	1	1	0	0	0	1	0
16657_sub2	0	1	0	1	0	0	0	1
16657_sub3	0	1	1	0	0	0	1	0
16657_sub4	0	1	1	0	0	0	1	0
16657_sub5	0	1	0	1	0	0	0	1
16665_sub0	0	2	1	1	0	0	1	1
16665_sub1	0	1	0	1	0	0	0	1
16665_sub2	0	2	2	0	0	0	2	0
16665_sub3	0	1	0	1	0	0	0	1
16666_sub0	0	1	1	0	0	0	1	0
16666_sub1	0	1	0	1	0	0	0	1
16666_sub2	0	1	1	0	0	0	1	0
16666_sub3	0	1	1	0	0	0	1	0
16666_sub4	0	1	0	1	0	0	0	1
16666_sub5	0	1	1	0	0	0	1	0
16666_sub6	0	1	1	0	0	0	1	0
16692_sub0	0	1	0	1	0	0	0	1
16692_sub1	0	1	0	1	0	0	0	1
16692_sub2	1	12	8	4	8	4	0	0
16692_sub3	0	1	0	1	0	0	0	1
16692_sub4	0	1	1	0	0	0	1	0
16694_sub0	0	1	0	1	0	0	0	1
16694_sub1	0	1	1	0	0	0	1	0
16694_sub2	0	1	0	1	0	0	0	1
16694_sub3	0	1	0	1	0	0	0	1
16694_sub4	0	1	0	1	0	0	0	1
16694_sub5	0	1	0	1	0	0	0	1
16708_sub0	0	1	1	0	0	0	1	0
16708_sub1	0	1	1	0	0	0	1	0
16708_sub2	0	1	1	0	0	0	1	0
16708_sub3	0	1	0	1	0	0	0	1
16708_sub4	0	1	0	1	0	0	0	1
16708_sub5	0	1	0	1	0	0	0	1
16708_sub6	0	1	1	0	0	0	1	0
16713_sub0	0	1	1	0	0	0	1	0
16713_sub1	0	1	0	1	0	0	0	1
16713_sub2	0	1	0	1	0	0	0	1
16713_sub3	0	1	1	0	0	0	1	0
16713_sub4	0	1	0	1	0	0	0	1
16713_sub5	0	1	0	1	0	0	0	1
16717_sub0	0	1	1	0	0	0	1	0
16717_sub1	0	1	1	0	0	0	1	0
16717_sub2	0	1	1	0	0	0	1	0
16717_sub3	0	1	0	1	0	0	0	1
16717_sub4	0	1	0	1	0	0	0	1
16717_sub5	0	1	0	1	0	0	0	1
16718_sub0	0	1	0	1	0	0	0	1
16718_sub1	0	1	1	0	0	0	1	0
16718_sub2	0	2	1	1	0	0	1	1
16718_sub3	0	1	1	0	0	0	1	0
16718_sub4	0	1	0	1	0	0	0	1
16723_sub0	0	1	1	0	0	0	1	0
16723_sub1	0	1	1	0	0	0	1	0
16723_sub2	0	1	1	0	0	0	1	0
16723_sub3	0	1	1	0	0	0	1	0
16723_sub4	0	1	1	0	0	0	1	0
16723_sub5	0	1	1	0	0	0	1	0
16725_sub0	0	1	0	1	0	0	0	1
16725_sub1	0	1	0	1	0	0	0	1
16725_sub2	0	1	1	0	0	0	1	0
16725_sub3	0	1	1	0	0	0	1	0
16725_sub4	0	1	1	0	0	0	1	0
16725_sub5	0	1	0	1	0	0	0	1
16725_sub6	0	1	1	0	0	0	1	0
16725_sub7	0	1	1	0	0	0	1	0
1673_sub0	1	12	5	7	5	7	0	0
1673_sub1	0	1	0	1	0	0	0	1
1673_sub2	0	1	1	0	0	0	1	0
1673_sub3	0	1	1	0	0	0	1	0
1673_sub4	0	1	1	0	0	0	1	0
1673_sub5	0	1	0	1	0	0	0	1
16736_sub0	0	1	1	0	0	0	1	0
16736_sub1	0	1	1	0	0	0	1	0
16736_sub2	0	1	0	1	0	0	0	1
16736_sub3	0	1	0	1	0	0	0	1
16736_sub4	0	1	0	1	0	0	0	1
16736_sub5	0	1	0	1	0	0	0	1
16736_sub6	0	1	0	1	0	0	0	1
16736_sub7	0	1	1	0	0	0	1	0
16739_sub0	0	1	0	1	0	0	0	1
16739_sub1	0	1	1	0	0	0	1	0
16739_sub2	0	1	0	1	0	0	0	1
16739_sub3	0	1	0	1	0	0	0	1
16739_sub4	0	1	0	1	0	0	0	1
16739_sub5	0	1	0	1	0	0	0	1
1674_sub0	0	1	0	1	0	0	0	1
1674_sub1	0	1	0	1	0	0	0	1
1674_sub2	0	1	0	1	0	0	0	1
1674_sub3	0	1	1	0	0	0	1	0
1674_sub4	0	1	0	1	0	0	0	1
1674_sub5	0	1	0	1	0	0	0	1
1674_sub6	0	1	1	0	0	0	1	0
16743_sub0	0	1	1	0	0	0	1	0
16743_sub1	0	1	1	0	0	0	1	0
16743_sub2	0	2	2	0	0	0	2	0
16743_sub3	0	1	1	0	0	0	1	0
16743_sub4	0	1	1	0	0	0	1	0
16743_sub5	0	1	0	1	0	0	0	1
16743_sub6	0	1	0	1	0	0	0	1
16750_sub0	1	11	5	6	5	6	0	0
16750_sub1	0	1	0	1	0	0	0	1
16750_sub2	0	1	0	1	0	0	0	1
16752_sub0	0	1	1	0	0	0	1	0
16752_sub1	0	1	1	0	0	0	1	0
16752_sub2	0	3	1	2	0	0	1	2
16752_sub3	0	1	1	0	0	0	1	0
16752_sub4	0	1	1	0	0	0	1	0
16752_sub5	0	1	0	1	0	0	0	1
16752_sub6	0	1	0	1	0	0	0	1
16752_sub7	0	1	0	1	0	0	0	1
16765_sub0	0	1	1	0	0	0	1	0
16765_sub1	1	6	5	1	5	1	0	0
16765_sub2	0	1	1	0	0	0	1	0
16765_sub3	0	1	1	0	0	0	1	0
16768_sub0	0	1	0	1	0	0	0	1
16768_sub1	0	1	0	1	0	0	0	1
16768_sub2	0	1	1	0	0	0	1	0
16768_sub3	0	1	1	0	0	0	1	0
16768_sub4	0	1	0	1	0	0	0	1
16768_sub5	0	1	0	1	0	0	0	1
1677_sub0	0	1	0	1	0	0	0	1
1677_sub1	0	1	1	0	0	0	1	0
1677_sub2	0	1	0	1	0	0	0	1
1677_sub3	0	1	0	1	0	0	0	1
1677_sub4	1	6	4	2	4	2	0	0
1677_sub5	0	1	0	1	0	0	0	1
16785_sub0	0	1	1	0	0	0	1	0
16785_sub1	0	1	0	1	0	0	0	1
16785_sub2	0	1	0	1	0	0	0	1
16785_sub3	0	1	1	0	0	0	1	0
16785_sub4	0	1	1	0	0	0	1	0
16785_sub5	0	1	0	1	0	0	0	1
16785_sub6	0	1	0	1	0	0	0	1
16788_sub0	1	10	3	7	3	7	0	0
16788_sub1	0	1	1	0	0	0	1	0
16788_sub2	0	1	0	1	0	0	0	1
16790_sub0	0	1	1	0	0	0	1	0
16790_sub1	0	1	0	1	0	0	0	1
16790_sub2	0	1	0	1	0	0	0	1
16790_sub3	0	1	1	0	0	0	1	0
16790_sub4	0	1	0	1	0	0	0	1
16790_sub5	0	1	0	1	0	0	0	1
16801_sub0	0	1	1	0	0	0	1	0
16801_sub1	0	1	0	1	0	0	0	1
16801_sub2	0	1	1	0	0	0	1	0
16801_sub3	0	1	1	0	0	0	1	0
16801_sub4	0	1	1	0	0	0	1	0
16801_sub5	0	1	0	1	0	0	0	1
1681_sub0	1	22	10	12	10	10	0	2
1681_sub1	0	1	0	1	0	0	0	1
1681_sub2	0	1	1	0	0	0	1	0
1681_sub3	0	1	0	1	0	0	0	1
1681_sub4	0	1	0	1	0	0	0	1
1681_sub5	0	1	0	1	0	0	0	1
1681_sub6	0	1	0	1	0	0	0	1
16814_sub0	0	1	1	0	0	0	1	0
16814_sub1	0	1	1	0	0	0	1	0
16814_sub2	0	1	0	1	0	0	0	1
16814_sub3	0	1	0	1	0	0	0	1
16814_sub4	0	1	1	0	0	0	1	0
16814_sub5	0	1	1	0	0	0	1	0
16814_sub6	0	1	0	1	0	0	0	1
16817_sub0	0	1	0	1	0	0	0	1
16817_sub1	0	1	1	0	0	0	1	0
16817_sub2	0	1	0	1	0	0	0	1
16817_sub3	0	1	1	0	0	0	1	0
16817_sub4	0	1	1	0	0	0	1	0
16817_sub5	0	1	1	0	0	0	1	0
16817_sub6	0	1	0	1	0	0	0	1
16823_sub0	1	8	5	3	5	3	0	0
16823_sub1	0	1	1	0	0	0	1	0
16823_sub2	0	1	1	0	0	0	1	0
16823_sub3	0	1	0	1	0	0	0	1
16823_sub4	0	1	0	1	0	0	0	1
16825_sub0	0	1	0	1	0	0	0	1
16825_sub1	0	1	0	1	0	0	0	1
16825_sub2	0	1	0	1	0	0	0	1
16825_sub3	0	1	0	1	0	0	0	1
16825_sub4	0	1	0	1	0	0	0	1
16825_sub5	0	1	1	0	0	0	1	0
16826_sub0	0	4	1	3	0	0	1	3
16826_sub1	0	1	1	0	0	0	1	0
16826_sub2	0	1	0	1	0	0	0	1
16829_sub0	1	11	4	7	4	7	0	0
16829_sub1	0	1	1	0	0	0	1	0
16829_sub2	0	1	1	0	0	0	1	0
16829_sub3	0	1	1	0	0	0	1	0
16829_sub4	0	1	0	1	0	0	0	1
1683_sub0	0	1	1	0	0	0	1	0
1683_sub1	0	1	1	0	0	0	1	0
1683_sub2	0	1	0	1	0	0	0	1
1683_sub3	0	1	0	1	0	0	0	1
1683_sub4	0	1	0	1	0	0	0	1
1683_sub5	0	1	0	1	0	0	0	1
1683_sub6	0	1	1	0	0	0	1	0
1685_sub0	1	11	5	6	5	6	0	0
1685_sub1	0	1	1	0	0	0	1	0
1685_sub2	0	1	1	0	0	0	1	0
1685_sub3	0	1	1	0	0	0	1	0
1685_sub4	0	1	1	0	0	0	1	0
1685_sub5	0	1	0	1	0	0	0	1
1685_sub6	0	1	1	0	0	0	1	0
1685_sub7	0	1	0	1	0	0	0	1
16856_sub0	0	1	1	0	0	0	1	0
16856_sub1	0	1	0	1	0	0	0	1
16856_sub2	0	1	0	1	0	0	0	1
16856_sub3	0	1	1	0	0	0	1	0
16856_sub4	0	1	0	1	0	0	0	1
16856_sub5	0	1	1	0	0	0	1	0
16857_sub0	0	1	0	1	0	0	0	1
16857_sub1	0	1	0	1	0	0	0	1
16857_sub2	0	1	1	0	0	0	1	0
16857_sub3	0	1	0	1	0	0	0	1
16857_sub4	0	1	0	1	0	0	0	1
16857_sub5	0	1	1	0	0	0	1	0
16864_sub0	0	1	0	1	0	0	0	1
16864_sub1	0	1	1	0	0	0	1	0
16864_sub2	0	1	1	0	0	0	1	0
16864_sub3	0	1	1	0	0	0	1	0
16864_sub4	0	1	0	1	0	0	0	1
16864_sub5	0	1	1	0	0	0	1	0
16864_sub6	0	1	1	0	0	0	1	0
16869_sub0	0	1	1	0	0	0	1	0
16869_sub1	0	1	0	1	0	0	0	1
16869_sub2	0	1	0	1	0	0	0	1
16869_sub3	0	1	0	1	0	0	0	1
16869_sub4	0	1	1	0	0	0	1	0
16869_sub5	0	1	0	1	0	0	0	1
16869_sub6	0	1	0	1	0	0	0	1
1687_sub0	0	1	0	1	0	0	0	1
1687_sub1	0	1	1	0	0	0	1	0
1687_sub2	0	1	0	1	0	0	0	1
1687_sub3	0	1	1	0	0	0	1	0
1687_sub4	0	1	0	1	0	0	0	1
1687_sub5	0	1	1	0	0	0	1	0
1687_sub6	0	1	0	1	0	0	0	1
1687_sub7	0	1	0	1	0	0	0	1
1687_sub8	0	2	1	1	0	0	1	1
16875_sub0	0	1	0	1	0	0	0	1
16875_sub1	0	1	1	0	0	0	1	0
16875_sub2	0	1	0	1	0	0	0	1
16875_sub3	0	1	0	1	0	0	0	1
16875_sub4	0	1	1	0	0	0	1	0
16875_sub5	0	1	1	0	0	0	1	0
16875_sub6	0	1	0	1	0	0	0	1
16878_sub0	0	1	0	1	0	0	0	1
16878_sub1	1	13	6	7	6	7	0	0
16878_sub2	0	1	1	0	0	0	1	0
16878_sub3	0	1	0	1	0	0	0	1
1688_sub0	0	1	0	1	0	0	0	1
1688_sub1	0	1	0	1	0	0	0	1
1688_sub2	1	10	6	4	6	4	0	0
1688_sub3	0	1	1	0	0	0	1	0
16884_sub0	0	1	1	0	0	0	1	0
16884_sub1	0	1	1	0	0	0	1	0
16884_sub2	0	1	1	0	0	0	1	0
16884_sub3	0	1	0	1	0	0	0	1
16884_sub4	0	1	1	0	0	0	1	0
16884_sub5	0	1	0	1	0	0	0	1
16885_sub0	0	1	1	0	0	0	1	0
16885_sub1	0	1	0	1	0	0	0	1
16885_sub2	0	1	0	1	0	0	0	1
16885_sub3	0	1	1	0	0	0	1	0
16885_sub4	0	1	1	0	0	0	1	0
16885_sub5	0	1	0	1	0	0	0	1
16885_sub6	0	1	1	0	0	0	1	0
1689_sub0	0	1	0	1	0	0	0	1
1689_sub1	1	23	10	13	10	10	0	3
1689_sub2	0	1	1	0	0	0	1	0
16890_sub0	1	10	6	4	6	4	0	0
16890_sub1	0	1	0	1	0	0	0	1
16901_sub0	0	1	1	0	0	0	1	0
16901_sub1	0	1	0	1	0	0	0	1
16901_sub2	0	1	0	1	0	0	0	1
16901_sub3	0	1	1	0	0	0	1	0
16901_sub4	0	1	1	0	0	0	1	0
16901_sub5	0	1	1	0	0	0	1	0
16907_sub0	1	13	5	8	5	8	0	0
16907_sub1	0	1	0	1	0	0	0	1
16907_sub2	0	1	1	0	0	0	1	0
16907_sub3	0	1	1	0	0	0	1	0
16907_sub4	0	1	1	0	0	0	1	0
16907_sub5	0	1	0	1	0	0	0	1
16907_sub6	0	1	1	0	0	0	1	0
16907_sub7	0	1	0	1	0	0	0	1
16908_sub0	0	1	0	1	0	0	0	1
16908_sub1	0	1	1	0	0	0	1	0
16908_sub2	0	1	0	1	0	0	0	1
16908_sub3	0	1	0	1	0	0	0	1
16908_sub4	0	1	0	1	0	0	0	1
16908_sub5	0	1	1	0	0	0	1	0
1691_sub0	0	1	0	1	0	0	0	1
1691_sub1	0	1	1	0	0	0	1	0
1691_sub2	0	1	1	0	0	0	1	0
1691_sub3	0	1	1	0	0	0	1	0
1691_sub4	0	1	1	0	0	0	1	0
1691_sub5	0	1	1	0	0	0	1	0
16912_sub0	0	1	1	0	0	0	1	0
16912_sub1	0	1	1	0	0	0	1	0
16912_sub2	0	1	1	0	0	0	1	0
16912_sub3	0	1	0	1	0	0	0	1
16912_sub4	0	1	1	0	0	0	1	0
16912_sub5	0	1	1	0	0	0	1	0
16912_sub6	0	1	1	0	0	0	1	0
16913_sub0	1	7	2	5	2	5	0	0
16913_sub1	0	1	0	1	0	0	0	1
16913_sub2	0	1	1	0	0	0	1	0
16913_sub3	0	1	1	0	0	0	1	0
16913_sub4	0	1	1	0	0	0	1	0
16913_sub5	0	1	1	0	0	0	1	0
16913_sub6	0	1	1	0	0	0	1	0
16925_sub0	0	1	1	0	0	0	1	0
16925_sub1	0	1	1	0	0	0	1	0
16925_sub2	0	1	1	0	0	0	1	0
16925_sub3	0	1	0	1	0	0	0	1
16925_sub4	0	1	0	1	0	0	0	1
16925_sub5	0	1	1	0	0	0	1	0
16925_sub6	0	1	1	0	0	0	1	0
16926_sub0	0	1	1	0	0	0	1	0
16926_sub1	0	2	0	2	0	0	0	2
16926_sub2	0	1	1	0	0	0	1	0
16926_sub3	0	1	1	0	0	0	1	0
16926_sub4	0	1	1	0	0	0	1	0
1693_sub0	0	1	0	1	0	0	0	1
1693_sub1	0	1	1	0	0	0	1	0
1693_sub2	0	1	0	1	0	0	0	1
1693_sub3	0	1	1	0	0	0	1	0
1693_sub4	0	1	1	0	0	0	1	0
1693_sub5	0	1	0	1	0	0	0	1
1693_sub6	0	1	1	0	0	0	1	0
1693_sub7	0	1	0	1	0	0	0	1
16931_sub0	1	11	6	5	6	5	0	0
16931_sub1	0	1	0	1	0	0	0	1
16931_sub2	0	1	1	0	0	0	1	0
16931_sub3	0	1	1	0	0	0	1	0
16931_sub4	0	1	0	1	0	0	0	1
16931_sub5	0	1	0	1	0	0	0	1
16931_sub6	0	1	1	0	0	0	1	0
16931_sub7	0	1	0	1	0	0	0	1
16936_sub0	0	1	1	0	0	0	1	0
16936_sub1	0	1	1	0	0	0	1	0
16936_sub2	0	1	0	1	0	0	0	1
16936_sub3	0	1	0	1	0	0	0	1
16936_sub4	0	1	0	1	0	0	0	1
16936_sub5	0	1	0	1	0	0	0	1
16936_sub6	0	1	1	0	0	0	1	0
16936_sub7	0	1	0	1	0	0	0	1
16936_sub8	0	1	0	1	0	0	0	1
1694_sub0	1	8	2	6	2	6	0	0
16942_sub0	1	17	7	10	7	10	0	0
16942_sub1	0	1	1	0	0	0	1	0
16942_sub2	0	1	0	1	0	0	0	1
16955_sub0	0	1	0	1	0	0	0	1
16955_sub1	0	1	1	0	0	0	1	0
16955_sub2	0	1	1	0	0	0	1	0
16955_sub3	0	1	1	0	0	0	1	0
16955_sub4	0	1	0	1	0	0	0	1
16955_sub5	0	1	1	0	0	0	1	0
16955_sub6	0	1	1	0	0	0	1	0
16957_sub0	0	1	0	1	0	0	0	1
16957_sub1	0	1	1	0	0	0	1	0
16957_sub2	0	1	0	1	0	0	0	1
16957_sub3	0	1	1	0	0	0	1	0
16957_sub4	0	1	1	0	0	0	1	0
16957_sub5	0	1	0	1	0	0	0	1
1696_sub0	1	19	4	15	4	15	0	0
1696_sub1	0	1	0	1	0	0	0	1
1696_sub2	0	1	1	0	0	0	1	0
1696_sub3	0	1	1	0	0	0	1	0
16963_sub0	1	6	2	4	2	4	0	0
16963_sub1	0	1	1	0	0	0	1	0
16963_sub2	0	1	1	0	0	0	1	0
16972_sub0	0	1	1	0	0	0	1	0
16972_sub1	1	15	10	5	10	5	0	0
16976_sub0	0	2	1	1	0	0	1	1
16976_sub1	0	1	1	0	0	0	1	0
16976_sub2	0	1	1	0	0	0	1	0
16976_sub3	0	1	0	1	0	0	0	1
16976_sub4	0	1	1	0	0	0	1	0
16976_sub5	0	1	1	0	0	0	1	0
16976_sub6	0	1	1	0	0	0	1	0
16976_sub7	0	1	0	1	0	0	0	1
16997_sub0	0	1	1	0	0	0	1	0
16997_sub1	0	1	1	0	0	0	1	0
16997_sub2	0	1	1	0	0	0	1	0
16997_sub3	0	1	1	0	0	0	1	0
16997_sub4	0	1	1	0	0	0	1	0
16997_sub5	0	1	1	0	0	0	1	0
1700_sub0	0	1	0	1	0	0	0	1
1700_sub1	0	1	0	1	0	0	0	1
1700_sub2	0	1	0	1	0	0	0	1
1700_sub3	0	1	1	0	0	0	1	0
1700_sub4	0	1	1	0	0	0	1	0
1700_sub5	0	1	1	0	0	0	1	0
1702_sub0	0	1	1	0	0	0	1	0
1702_sub1	0	1	1	0	0	0	1	0
1702_sub2	0	1	0	1	0	0	0	1
1702_sub3	0	1	1	0	0	0	1	0
1702_sub4	0	1	1	0	0	0	1	0
1702_sub5	0	1	1	0	0	0	1	0
1702_sub6	0	1	0	1	0	0	0	1
1702_sub7	0	1	1	0	0	0	1	0
1702_sub8	0	1	1	0	0	0	1	0
1702_sub9	0	1	1	0	0	0	1	0
1702_sub10	0	1	1	0	0	0	1	0
1702_sub11	0	1	0	1	0	0	0	1
17027_sub0	0	1	0	1	0	0	0	1
17027_sub1	0	1	0	1	0	0	0	1
17027_sub2	0	1	0	1	0	0	0	1
17027_sub3	0	1	0	1	0	0	0	1
17027_sub4	0	1	1	0	0	0	1	0
17027_sub5	0	1	1	0	0	0	1	0
1703_sub0	0	1	1	0	0	0	1	0
1703_sub1	1	26	15	11	10	10	5	1
1703_sub2	0	1	0	1	0	0	0	1
1703_sub3	0	1	1	0	0	0	1	0
1703_sub4	0	1	0	1	0	0	0	1
1703_sub5	0	1	1	0	0	0	1	0
1703_sub6	0	1	1	0	0	0	1	0
1703_sub7	0	1	1	0	0	0	1	0
1703_sub8	0	1	1	0	0	0	1	0
17036_sub0	0	1	0	1	0	0	0	1
17036_sub1	0	1	0	1	0	0	0	1
17036_sub2	0	1	0	1	0	0	0	1
17036_sub3	0	1	1	0	0	0	1	0
17036_sub4	0	1	1	0	0	0	1	0
17036_sub5	0	1	0	1	0	0	0	1
17036_sub6	0	1	0	1	0	0	0	1
17036_sub7	0	1	0	1	0	0	0	1
17039_sub0	0	1	1	0	0	0	1	0
17039_sub1	0	1	1	0	0	0	1	0
17039_sub2	0	1	0	1	0	0	0	1
17039_sub3	0	1	1	0	0	0	1	0
17039_sub4	0	1	1	0	0	0	1	0
17039_sub5	0	1	0	1	0	0	0	1
17039_sub6	0	1	1	0	0	0	1	0
17057_sub0	0	1	0	1	0	0	0	1
17057_sub1	0	1	1	0	0	0	1	0
17057_sub2	0	1	1	0	0	0	1	0
17057_sub3	0	1	0	1	0	0	0	1
17057_sub4	0	1	0	1	0	0	0	1
17057_sub5	0	1	0	1	0	0	0	1
17057_sub6	0	1	1	0	0	0	1	0
1706_sub0	0	1	1	0	0	0	1	0
1706_sub1	0	1	1	0	0	0	1	0
1706_sub2	1	23	9	14	9	11	0	3
1706_sub3	0	1	0	1	0	0	0	1
1706_sub4	0	1	0	1	0	0	0	1
17065_sub0	0	1	0	1	0	0	0	1
17065_sub1	0	1	0	1	0	0	0	1
17065_sub2	0	1	0	1	0	0	0	1
17065_sub3	0	1	1	0	0	0	1	0
17065_sub4	0	1	1	0	0	0	1	0
17065_sub5	0	1	1	0	0	0	1	0
17065_sub6	0	1	0	1	0	0	0	1
1707_sub0	1	15	7	8	7	8	0	0
1707_sub1	0	1	1	0	0	0	1	0
1707_sub2	0	1	0	1	0	0	0	1
1707_sub3	0	1	0	1	0	0	0	1
17105_sub0	0	1	0	1	0	0	0	1
17105_sub1	0	1	1	0	0	0	1	0
17105_sub2	0	1	0	1	0	0	0	1
17105_sub3	0	1	1	0	0	0	1	0
17105_sub4	0	1	0	1	0	0	0	1
17105_sub5	0	1	0	1	0	0	0	1
17105_sub6	0	1	0	1	0	0	0	1
17105_sub7	0	1	1	0	0	0	1	0
17128_sub0	1	12	8	4	8	4	0	0
17128_sub1	0	1	0	1	0	0	0	1
1713_sub0	0	1	0	1	0	0	0	1
1713_sub1	0	1	1	0	0	0	1	0
1713_sub2	0	1	0	1	0	0	0	1
1713_sub3	0	1	1	0	0	0	1	0
1713_sub4	0	1	1	0	0	0	1	0
1713_sub5	0	1	1	0	0	0	1	0
17132_sub0	0	1	0	1	0	0	0	1
17132_sub1	0	1	1	0	0	0	1	0
17132_sub2	0	1	1	0	0	0	1	0
17132_sub3	0	1	0	1	0	0	0	1
17132_sub4	0	1	0	1	0	0	0	1
17132_sub5	0	1	0	1	0	0	0	1
17134_sub0	0	2	1	1	0	0	1	1
17134_sub1	0	1	0	1	0	0	0	1
17134_sub2	0	1	1	0	0	0	1	0
17134_sub3	0	1	0	1	0	0	0	1
17134_sub4	0	1	1	0	0	0	1	0
17139_sub0	0	2	1	1	0	0	1	1
17139_sub1	0	1	1	0	0	0	1	0
17139_sub2	0	1	1	0	0	0	1	0
17139_sub3	0	1	1	0	0	0	1	0
17139_sub4	0	1	0	1	0	0	0	1
17139_sub5	0	1	0	1	0	0	0	1
17139_sub6	0	1	0	1	0	0	0	1
17139_sub7	0	1	0	1	0	0	0	1
17139_sub8	0	1	0	1	0	0	0	1
17153_sub0	0	1	1	0	0	0	1	0
17153_sub1	0	1	1	0	0	0	1	0
17153_sub2	0	1	1	0	0	0	1	0
17153_sub3	0	1	0	1	0	0	0	1
17153_sub4	0	1	1	0	0	0	1	0
17153_sub5	0	1	0	1	0	0	0	1
17153_sub6	0	1	0	1	0	0	0	1
17153_sub7	0	1	1	0	0	0	1	0
17153_sub8	0	1	1	0	0	0	1	0
17158_sub0	0	1	1	0	0	0	1	0
17158_sub1	1	15	5	10	5	10	0	0
17167_sub0	0	1	1	0	0	0	1	0
17167_sub1	0	1	1	0	0	0	1	0
17167_sub2	0	1	1	0	0	0	1	0
17167_sub3	0	1	1	0	0	0	1	0
17167_sub4	0	1	1	0	0	0	1	0
17167_sub5	0	1	1	0	0	0	1	0
17173_sub0	0	1	1	0	0	0	1	0
17173_sub1	0	1	1	0	0	0	1	0
17173_sub2	0	1	0	1	0	0	0	1
17173_sub3	0	1	0	1	0	0	0	1
17173_sub4	0	1	1	0	0	0	1	0
17173_sub5	0	1	0	1	0	0	0	1
17173_sub6	0	1	0	1	0	0	0	1
17173_sub7	0	1	0	1	0	0	0	1
17173_sub8	0	1	0	1	0	0	0	1
17173_sub9	0	1	1	0	0	0	1	0
1718_sub0	1	10	4	6	4	6	0	0
1718_sub1	0	1	0	1	0	0	0	1
1718_sub2	0	1	0	1	0	0	0	1
1718_sub3	0	1	1	0	0	0	1	0
1718_sub4	0	1	0	1	0	0	0	1
1718_sub5	0	1	1	0	0	0	1	0
1718_sub6	0	1	1	0	0	0	1	0
1718_sub7	0	1	1	0	0	0	1	0
17198_sub0	0	1	1	0	0	0	1	0
17198_sub1	0	1	0	1	0	0	0	1
17198_sub2	0	1	0	1	0	0	0	1
17198_sub3	0	1	0	1	0	0	0	1
17198_sub4	0	1	0	1	0	0	0	1
17198_sub5	0	1	0	1	0	0	0	1
172_sub0	0	1	0	1	0	0	0	1
172_sub1	0	1	1	0	0	0	1	0
172_sub2	0	1	0	1	0	0	0	1
172_sub3	1	18	10	8	10	8	0	0
172_sub4	0	1	1	0	0	0	1	0
172_sub5	0	1	0	1	0	0	0	1
172_sub6	0	1	1	0	0	0	1	0
172_sub7	0	1	0	1	0	0	0	1
172_sub8	0	1	1	0	0	0	1	0
172_sub9	0	1	0	1	0	0	0	1
172_sub10	0	1	1	0	0	0	1	0
172_sub11	0	1	0	1	0	0	0	1
17223_sub0	0	1	1	0	0	0	1	0
17223_sub1	0	1	0	1	0	0	0	1
17223_sub2	0	1	1	0	0	0	1	0
17223_sub3	0	1	1	0	0	0	1	0
17223_sub4	0	1	1	0	0	0	1	0
17223_sub5	0	1	1	0	0	0	1	0
17223_sub6	0	1	0	1	0	0	0	1
1723_sub0	0	1	0	1	0	0	0	1
1723_sub1	0	1	0	1	0	0	0	1
1723_sub2	0	1	1	0	0	0	1	0
1723_sub3	0	1	1	0	0	0	1	0
1723_sub4	0	1	0	1	0	0	0	1
1723_sub5	0	1	1	0	0	0	1	0
1723_sub6	0	1	1	0	0	0	1	0
17230_sub0	0	1	1	0	0	0	1	0
17230_sub1	0	1	0	1	0	0	0	1
17230_sub2	0	1	1	0	0	0	1	0
17230_sub3	0	1	0	1	0	0	0	1
17230_sub4	0	1	0	1	0	0	0	1
17230_sub5	0	1	0	1	0	0	0	1
17231_sub0	0	5	3	2	0	0	3	2
17231_sub1	0	1	0	1	0	0	0	1
17231_sub2	0	1	1	0	0	0	1	0
17244_sub0	0	1	0	1	0	0	0	1
17244_sub1	0	1	1	0	0	0	1	0
17244_sub2	0	2	1	1	0	0	1	1
17244_sub3	0	1	0	1	0	0	0	1
17244_sub4	0	1	1	0	0	0	1	0
17244_sub5	0	1	1	0	0	0	1	0
17245_sub0	0	1	0	1	0	0	0	1
17245_sub1	0	1	0	1	0	0	0	1
17245_sub2	0	1	0	1	0	0	0	1
17245_sub3	0	1	0	1	0	0	0	1
17245_sub4	0	1	0	1	0	0	0	1
17245_sub5	0	1	0	1	0	0	0	1
17248_sub0	0	1	1	0	0	0	1	0
17248_sub1	0	1	0	1	0	0	0	1
17248_sub2	0	1	0	1	0	0	0	1
17248_sub3	0	1	0	1	0	0	0	1
17248_sub4	0	1	0	1	0	0	0	1
17248_sub5	0	1	0	1	0	0	0	1
17248_sub6	0	1	1	0	0	0	1	0
17248_sub7	0	1	1	0	0	0	1	0
1725_sub0	1	16	9	7	9	7	0	0
1725_sub1	0	1	0	1	0	0	0	1
1726_sub0	0	1	0	1	0	0	0	1
1726_sub1	0	1	0	1	0	0	0	1
1726_sub2	0	1	0	1	0	0	0	1
1726_sub3	0	1	1	0	0	0	1	0
1726_sub4	0	1	0	1	0	0	0	1
1726_sub5	0	1	0	1	0	0	0	1
17277_sub0	0	1	0	1	0	0	0	1
17277_sub1	0	1	1	0	0	0	1	0
17277_sub2	0	1	1	0	0	0	1	0
17277_sub3	0	1	0	1	0	0	0	1
17277_sub4	0	1	1	0	0	0	1	0
17277_sub5	0	1	1	0	0	0	1	0
17289_sub0	0	1	1	0	0	0	1	0
17289_sub1	1	10	6	4	6	4	0	0
17289_sub2	0	1	0	1	0	0	0	1
17289_sub3	0	1	0	1	0	0	0	1
17289_sub4	0	1	1	0	0	0	1	0
17289_sub5	0	1	0	1	0	0	0	1
17291_sub0	0	1	0	1	0	0	0	1
17291_sub1	1	9	4	5	4	5	0	0
17291_sub2	0	1	1	0	0	0	1	0
17309_sub0	0	1	1	0	0	0	1	0
17309_sub1	0	1	1	0	0	0	1	0
17309_sub2	0	1	0	1	0	0	0	1
17309_sub3	0	1	0	1	0	0	0	1
17309_sub4	0	1	1	0	0	0	1	0
17309_sub5	0	1	1	0	0	0	1	0
17309_sub6	0	1	0	1	0	0	0	1
17328_sub0	0	1	0	1	0	0	0	1
17328_sub1	0	1	1	0	0	0	1	0
17328_sub2	0	1	1	0	0	0	1	0
17328_sub3	0	1	1	0	0	0	1	0
17328_sub4	0	1	1	0	0	0	1	0
17328_sub5	0	1	1	0	0	0	1	0
1733_sub0	0	1	0	1	0	0	0	1
1733_sub1	0	1	1	0	0	0	1	0
1733_sub2	0	1	0	1	0	0	0	1
1733_sub3	0	1	1	0	0	0	1	0
1733_sub4	0	1	1	0	0	0	1	0
1733_sub5	0	1	1	0	0	0	1	0
17333_sub0	0	1	0	1	0	0	0	1
17333_sub1	0	1	0	1	0	0	0	1
17333_sub2	0	1	0	1	0	0	0	1
17333_sub3	0	1	1	0	0	0	1	0
17333_sub4	0	1	0	1	0	0	0	1
17333_sub5	0	1	1	0	0	0	1	0
17336_sub0	0	1	0	1	0	0	0	1
17336_sub1	0	1	0	1	0	0	0	1
17336_sub2	0	1	1	0	0	0	1	0
17336_sub3	0	1	0	1	0	0	0	1
17336_sub4	0	1	1	0	0	0	1	0
17336_sub5	0	1	0	1	0	0	0	1
17336_sub6	0	1	0	1	0	0	0	1
17343_sub0	0	1	1	0	0	0	1	0
17343_sub1	1	8	4	4	4	4	0	0
17343_sub2	0	1	1	0	0	0	1	0
1735_sub0	0	1	1	0	0	0	1	0
1735_sub1	0	1	0	1	0	0	0	1
1735_sub2	0	1	0	1	0	0	0	1
1735_sub3	0	1	1	0	0	0	1	0
1735_sub4	0	1	1	0	0	0	1	0
1735_sub5	0	1	0	1	0	0	0	1
1735_sub6	0	1	1	0	0	0	1	0
17350_sub0	0	1	1	0	0	0	1	0
17350_sub1	0	1	0	1	0	0	0	1
17350_sub2	0	1	1	0	0	0	1	0
17350_sub3	0	1	1	0	0	0	1	0
17350_sub4	0	1	1	0	0	0	1	0
17350_sub5	0	1	0	1	0	0	0	1
17350_sub6	0	1	1	0	0	0	1	0
17358_sub0	0	1	1	0	0	0	1	0
17358_sub1	0	1	1	0	0	0	1	0
17358_sub2	0	1	1	0	0	0	1	0
17358_sub3	0	1	0	1	0	0	0	1
17358_sub4	0	1	0	1	0	0	0	1
17358_sub5	0	1	0	1	0	0	0	1
1736_sub0	1	19	10	9	10	9	0	0
1736_sub1	0	1	0	1	0	0	0	1
17360_sub0	0	3	1	2	0	0	1	2
17360_sub1	0	1	1	0	0	0	1	0
17360_sub2	0	1	1	0	0	0	1	0
17360_sub3	0	1	0	1	0	0	0	1
17372_sub0	1	7	4	3	4	3	0	0
17372_sub1	0	1	1	0	0	0	1	0
17372_sub2	0	1	0	1	0	0	0	1
17372_sub3	0	1	1	0	0	0	1	0
1738_sub0	0	1	0	1	0	0	0	1
1738_sub1	1	7	0	7	0	7	0	0
1738_sub2	0	1	0	1	0	0	0	1
1738_sub3	0	1	0	1	0	0	0	1
1738_sub4	0	1	0	1	0	0	0	1
1738_sub5	1	10	10	0	10	0	0	0
17381_sub0	0	5	4	1	0	0	4	1
17381_sub1	0	1	1	0	0	0	1	0
17404_sub0	1	10	4	6	4	6	0	0
17404_sub1	0	1	1	0	0	0	1	0
17408_sub0	1	6	0	6	0	6	0	0
17408_sub1	0	1	1	0	0	0	1	0
17408_sub2	0	1	1	0	0	0	1	0
17408_sub3	0	1	1	0	0	0	1	0
1741_sub0	1	12	6	6	6	6	0	0
1741_sub1	0	1	0	1	0	0	0	1
1741_sub2	0	1	1	0	0	0	1	0
1741_sub3	0	1	0	1	0	0	0	1
1741_sub4	0	1	0	1	0	0	0	1
17413_sub0	1	9	3	6	3	6	0	0
17413_sub1	0	1	1	0	0	0	1	0
17413_sub2	0	1	1	0	0	0	1	0
17418_sub0	1	11	6	5	6	5	0	0
17418_sub1	0	1	1	0	0	0	1	0
17418_sub2	0	1	0	1	0	0	0	1
17418_sub3	0	1	0	1	0	0	0	1
17418_sub4	0	1	0	1	0	0	0	1
17418_sub5	0	1	1	0	0	0	1	0
17418_sub6	0	1	0	1	0	0	0	1
1742_sub0	0	1	0	1	0	0	0	1
1742_sub1	1	22	15	7	13	7	2	0
1742_sub2	0	1	0	1	0	0	0	1
17428_sub0	0	1	1	0	0	0	1	0
17428_sub1	0	1	1	0	0	0	1	0
17428_sub2	0	1	0	1	0	0	0	1
17428_sub3	0	1	1	0	0	0	1	0
17428_sub4	0	1	1	0	0	0	1	0
17428_sub5	0	1	1	0	0	0	1	0
1743_sub0	1	27	13	14	10	10	3	4
1743_sub1	0	1	0	1	0	0	0	1
1743_sub2	0	1	1	0	0	0	1	0
1743_sub3	0	1	1	0	0	0	1	0
1743_sub4	0	1	1	0	0	0	1	0
1745_sub0	1	23	8	15	8	12	0	3
1745_sub1	0	1	1	0	0	0	1	0
1745_sub2	0	1	1	0	0	0	1	0
1745_sub3	0	1	1	0	0	0	1	0
1745_sub4	0	1	0	1	0	0	0	1
1745_sub5	0	1	0	1	0	0	0	1
1745_sub6	0	1	0	1	0	0	0	1
17456_sub0	1	11	9	2	9	2	0	0
17456_sub1	0	1	1	0	0	0	1	0
17456_sub2	0	1	0	1	0	0	0	1
17456_sub3	0	1	1	0	0	0	1	0
17456_sub4	0	1	1	0	0	0	1	0
17456_sub5	0	1	0	1	0	0	0	1
17456_sub6	0	1	0	1	0	0	0	1
17456_sub7	0	1	0	1	0	0	0	1
1747_sub0	0	1	0	1	0	0	0	1
1747_sub1	1	23	12	11	10	10	2	1
1747_sub2	0	1	0	1	0	0	0	1
1747_sub3	0	1	1	0	0	0	1	0
1747_sub4	0	1	1	0	0	0	1	0
17471_sub0	0	1	1	0	0	0	1	0
17471_sub1	0	1	1	0	0	0	1	0
17471_sub2	0	1	1	0	0	0	1	0
17471_sub3	0	1	0	1	0	0	0	1
17471_sub4	1	10	4	6	4	6	0	0
17471_sub5	0	1	0	1	0	0	0	1
17471_sub6	0	1	1	0	0	0	1	0
17473_sub0	1	13	5	8	5	8	0	0
17473_sub1	0	1	0	1	0	0	0	1
17473_sub2	0	1	0	1	0	0	0	1
17473_sub3	0	1	0	1	0	0	0	1
17473_sub4	0	1	0	1	0	0	0	1
17477_sub0	0	5	2	3	0	0	2	3
17477_sub1	0	1	1	0	0	0	1	0
17477_sub2	0	1	0	1	0	0	0	1
17477_sub3	0	1	0	1	0	0	0	1
17477_sub4	0	1	1	0	0	0	1	0
17477_sub5	0	1	0	1	0	0	0	1
17477_sub6	0	1	1	0	0	0	1	0
17495_sub0	0	1	0	1	0	0	0	1
17495_sub1	0	1	1	0	0	0	1	0
17495_sub2	0	1	0	1	0	0	0	1
17495_sub3	0	1	0	1	0	0	0	1
17495_sub4	0	1	0	1	0	0	0	1
17495_sub5	0	1	1	0	0	0	1	0
17497_sub0	1	17	6	11	6	11	0	0
17497_sub1	0	1	1	0	0	0	1	0
17497_sub2	0	1	0	1	0	0	0	1
1750_sub0	0	1	1	0	0	0	1	0
1750_sub1	1	21	13	8	12	8	1	0
1750_sub2	0	1	0	1	0	0	0	1
1750_sub3	0	1	0	1	0	0	0	1
17504_sub0	1	19	6	13	6	13	0	0
17504_sub1	0	1	0	1	0	0	0	1
17504_sub2	0	1	1	0	0	0	1	0
17504_sub3	0	1	0	1	0	0	0	1
17504_sub4	0	1	1	0	0	0	1	0
17504_sub5	0	1	1	0	0	0	1	0
17516_sub0	0	1	1	0	0	0	1	0
17516_sub1	0	1	1	0	0	0	1	0
17516_sub2	0	1	1	0	0	0	1	0
17516_sub3	0	1	0	1	0	0	0	1
17516_sub4	0	1	0	1	0	0	0	1
17516_sub5	0	1	0	1	0	0	0	1
17517_sub0	0	2	0	2	0	0	0	2
17517_sub1	0	1	0	1	0	0	0	1
17517_sub2	0	1	0	1	0	0	0	1
17517_sub3	0	1	1	0	0	0	1	0
17517_sub4	0	1	0	1	0	0	0	1
17517_sub5	0	1	1	0	0	0	1	0
17519_sub0	0	1	0	1	0	0	0	1
17519_sub1	1	9	6	3	6	3	0	0
17519_sub2	0	1	1	0	0	0	1	0
17523_sub0	0	1	1	0	0	0	1	0
17523_sub1	0	1	0	1	0	0	0	1
17523_sub2	0	1	1	0	0	0	1	0
17523_sub3	0	1	0	1	0	0	0	1
17523_sub4	0	1	1	0	0	0	1	0
17523_sub5	0	1	0	1	0	0	0	1
17536_sub0	0	1	0	1	0	0	0	1
17536_sub1	0	1	1	0	0	0	1	0
17536_sub2	0	1	1	0	0	0	1	0
17536_sub3	0	1	1	0	0	0	1	0
17536_sub4	0	1	0	1	0	0	0	1
17536_sub5	0	1	1	0	0	0	1	0
17536_sub6	0	1	1	0	0	0	1	0
17536_sub7	0	1	1	0	0	0	1	0
17541_sub0	0	1	0	1	0	0	0	1
17541_sub1	0	1	0	1	0	0	0	1
17541_sub2	0	1	1	0	0	0	1	0
17541_sub3	0	1	1	0	0	0	1	0
17541_sub4	0	1	0	1	0	0	0	1
17541_sub5	0	1	1	0	0	0	1	0
17541_sub6	0	1	0	1	0	0	0	1
17545_sub0	1	8	6	2	6	2	0	0
17545_sub1	0	1	0	1	0	0	0	1
17545_sub2	0	1	1	0	0	0	1	0
17545_sub3	0	1	1	0	0	0	1	0
1755_sub0	1	32	15	17	10	10	5	7
1755_sub1	0	1	0	1	0	0	0	1
1755_sub2	0	1	0	1	0	0	0	1
1755_sub3	0	1	1	0	0	0	1	0
1755_sub4	0	1	1	0	0	0	1	0
17551_sub0	0	1	1	0	0	0	1	0
17551_sub1	0	1	0	1	0	0	0	1
17551_sub2	0	1	1	0	0	0	1	0
17551_sub3	0	1	0	1	0	0	0	1
17551_sub4	0	1	1	0	0	0	1	0
17551_sub5	0	1	0	1	0	0	0	1
17551_sub6	0	1	0	1	0	0	0	1
17551_sub7	0	1	1	0	0	0	1	0
17552_sub0	0	1	1	0	0	0	1	0
17552_sub1	0	1	1	0	0	0	1	0
17552_sub2	0	1	0	1	0	0	0	1
17552_sub3	0	1	1	0	0	0	1	0
17552_sub4	0	1	1	0	0	0	1	0
17552_sub5	0	1	0	1	0	0	0	1
1757_sub0	1	24	12	12	10	10	2	2
1757_sub1	0	1	1	0	0	0	1	0
1757_sub2	0	1	0	1	0	0	0	1
17573_sub0	0	1	1	0	0	0	1	0
17573_sub1	1	18	7	11	7	11	0	0
17573_sub2	0	1	0	1	0	0	0	1
17576_sub0	0	1	1	0	0	0	1	0
17576_sub1	0	1	1	0	0	0	1	0
17576_sub2	0	1	1	0	0	0	1	0
17576_sub3	0	1	1	0	0	0	1	0
17576_sub4	0	1	1	0	0	0	1	0
17576_sub5	0	1	0	1	0	0	0	1
17580_sub0	0	1	0	1	0	0	0	1
17580_sub1	0	1	0	1	0	0	0	1
17580_sub2	0	1	0	1	0	0	0	1
17580_sub3	0	1	1	0	0	0	1	0
17580_sub4	0	1	0	1	0	0	0	1
17580_sub5	0	1	0	1	0	0	0	1
17586_sub0	0	1	1	0	0	0	1	0
17586_sub1	0	1	0	1	0	0	0	1
17586_sub2	0	1	0	1	0	0	0	1
17586_sub3	0	1	1	0	0	0	1	0
17586_sub4	0	1	0	1	0	0	0	1
17586_sub5	0	1	0	1	0	0	0	1
17588_sub0	0	1	1	0	0	0	1	0
17588_sub1	0	1	0	1	0	0	0	1
17588_sub2	0	1	1	0	0	0	1	0
17588_sub3	0	1	0	1	0	0	0	1
17588_sub4	0	1	1	0	0	0	1	0
17588_sub5	0	1	0	1	0	0	0	1
17588_sub6	0	1	0	1	0	0	0	1
176_sub0	0	1	0	1	0	0	0	1
176_sub1	0	1	0	1	0	0	0	1
176_sub2	0	1	1	0	0	0	1	0
176_sub3	1	23	9	14	9	11	0	3
176_sub4	0	1	0	1	0	0	0	1
176_sub5	0	1	1	0	0	0	1	0
176_sub6	0	1	1	0	0	0	1	0
1760_sub0	1	17	9	8	9	8	0	0
1760_sub1	0	1	1	0	0	0	1	0
1760_sub2	0	1	1	0	0	0	1	0
17616_sub0	0	1	1	0	0	0	1	0
17616_sub1	0	1	1	0	0	0	1	0
17616_sub2	0	1	0	1	0	0	0	1
17616_sub3	0	1	0	1	0	0	0	1
17616_sub4	0	1	1	0	0	0	1	0
17616_sub5	0	1	1	0	0	0	1	0
17616_sub6	0	1	0	1	0	0	0	1
17616_sub7	0	1	1	0	0	0	1	0
17616_sub8	0	1	0	1	0	0	0	1
17617_sub0	0	1	0	1	0	0	0	1
17617_sub1	0	1	1	0	0	0	1	0
17617_sub2	0	1	0	1	0	0	0	1
17617_sub3	0	1	1	0	0	0	1	0
17617_sub4	0	1	0	1	0	0	0	1
17617_sub5	0	1	1	0	0	0	1	0
17617_sub6	0	1	1	0	0	0	1	0
17617_sub7	0	1	0	1	0	0	0	1
17617_sub8	0	1	0	1	0	0	0	1
1763_sub0	1	14	6	8	6	8	0	0
1763_sub1	0	1	0	1	0	0	0	1
1763_sub2	0	1	1	0	0	0	1	0
1763_sub3	0	1	0	1	0	0	0	1
17630_sub0	0	3	2	1	0	0	2	1
17630_sub1	0	1	0	1	0	0	0	1
17630_sub2	0	1	0	1	0	0	0	1
17630_sub3	0	1	0	1	0	0	0	1
17630_sub4	0	1	1	0	0	0	1	0
17634_sub0	0	1	0	1	0	0	0	1
17634_sub1	0	1	0	1	0	0	0	1
17634_sub2	0	1	0	1	0	0	0	1
17634_sub3	0	1	1	0	0	0	1	0
17634_sub4	0	1	1	0	0	0	1	0
17634_sub5	0	1	0	1	0	0	0	1
17646_sub0	1	6	0	6	0	6	0	0
17651_sub0	0	1	0	1	0	0	0	1
17651_sub1	0	1	0	1	0	0	0	1
17651_sub2	0	1	0	1	0	0	0	1
17651_sub3	0	1	0	1	0	0	0	1
17651_sub4	0	1	0	1	0	0	0	1
17651_sub5	0	1	0	1	0	0	0	1
17655_sub0	0	1	0	1	0	0	0	1
17655_sub1	0	1	0	1	0	0	0	1
17655_sub2	0	2	1	1	0	0	1	1
17655_sub3	0	1	0	1	0	0	0	1
17655_sub4	0	1	1	0	0	0	1	0
17655_sub5	0	1	0	1	0	0	0	1
17657_sub0	0	1	0	1	0	0	0	1
17657_sub1	0	4	1	3	0	0	1	3
17657_sub2	0	1	0	1	0	0	0	1
17666_sub0	0	1	1	0	0	0	1	0
17666_sub1	0	1	1	0	0	0	1	0
17666_sub2	0	1	0	1	0	0	0	1
17666_sub3	0	1	1	0	0	0	1	0
17666_sub4	0	1	0	1	0	0	0	1
17666_sub5	0	1	0	1	0	0	0	1
1767_sub0	1	19	13	6	13	6	0	0
1767_sub1	0	1	0	1	0	0	0	1
1767_sub2	0	1	1	0	0	0	1	0
1767_sub3	0	2	0	2	0	0	0	2
1767_sub4	0	1	1	0	0	0	1	0
1767_sub5	0	1	1	0	0	0	1	0
1767_sub6	0	1	0	1	0	0	0	1
1767_sub7	0	1	1	0	0	0	1	0
1767_sub8	0	1	1	0	0	0	1	0
17670_sub0	0	1	0	1	0	0	0	1
17670_sub1	0	1	1	0	0	0	1	0
17670_sub2	0	1	1	0	0	0	1	0
17670_sub3	0	1	0	1	0	0	0	1
17670_sub4	0	1	1	0	0	0	1	0
17670_sub5	0	1	1	0	0	0	1	0
17678_sub0	0	1	0	1	0	0	0	1
17678_sub1	0	1	0	1	0	0	0	1
17678_sub2	0	1	1	0	0	0	1	0
17678_sub3	0	1	1	0	0	0	1	0
17678_sub4	0	1	0	1	0	0	0	1
17678_sub5	0	1	1	0	0	0	1	0
17678_sub6	0	1	0	1	0	0	0	1
1768_sub0	1	9	3	6	3	6	0	0
17682_sub0	0	1	0	1	0	0	0	1
17682_sub1	1	16	6	10	6	10	0	0
17682_sub2	0	1	1	0	0	0	1	0
17682_sub3	0	1	0	1	0	0	0	1
17682_sub4	0	1	1	0	0	0	1	0
17682_sub5	0	1	0	1	0	0	0	1
17682_sub6	0	1	0	1	0	0	0	1
17684_sub0	0	1	1	0	0	0	1	0
17684_sub1	0	1	1	0	0	0	1	0
17684_sub2	0	1	1	0	0	0	1	0
17684_sub3	0	1	0	1	0	0	0	1
17684_sub4	0	1	1	0	0	0	1	0
17684_sub5	0	1	1	0	0	0	1	0
17697_sub0	1	6	3	3	3	3	0	0
17697_sub1	0	1	1	0	0	0	1	0
17699_sub0	0	1	1	0	0	0	1	0
17699_sub1	0	3	2	1	0	0	2	1
17699_sub2	0	1	1	0	0	0	1	0
17699_sub3	0	1	0	1	0	0	0	1
17699_sub4	0	1	0	1	0	0	0	1
17699_sub5	0	1	0	1	0	0	0	1
17699_sub6	0	1	0	1	0	0	0	1
17699_sub7	0	1	1	0	0	0	1	0
177_sub0	0	1	0	1	0	0	0	1
177_sub1	0	1	0	1	0	0	0	1
177_sub2	1	25	12	13	10	10	2	3
177_sub3	0	1	0	1	0	0	0	1
177_sub4	0	1	0	1	0	0	0	1
177_sub5	0	1	1	0	0	0	1	0
1770_sub0	0	1	1	0	0	0	1	0
1770_sub1	0	1	1	0	0	0	1	0
1770_sub2	1	21	9	12	9	11	0	1
1770_sub3	0	1	0	1	0	0	0	1
17704_sub0	0	1	0	1	0	0	0	1
17704_sub1	0	1	0	1	0	0	0	1
17704_sub2	0	1	0	1	0	0	0	1
17704_sub3	0	1	1	0	0	0	1	0
17704_sub4	0	1	1	0	0	0	1	0
17704_sub5	0	1	1	0	0	0	1	0
1771_sub0	1	12	5	7	5	7	0	0
1771_sub1	0	1	0	1	0	0	0	1
1771_sub2	0	1	1	0	0	0	1	0
1771_sub3	0	1	1	0	0	0	1	0
1771_sub4	0	1	1	0	0	0	1	0
1771_sub5	0	1	0	1	0	0	0	1
1771_sub6	0	1	0	1	0	0	0	1
1771_sub7	0	1	0	1	0	0	0	1
17717_sub0	0	1	0	1	0	0	0	1
17717_sub1	0	1	1	0	0	0	1	0
17717_sub2	0	1	0	1	0	0	0	1
17717_sub3	0	1	1	0	0	0	1	0
17717_sub4	0	1	0	1	0	0	0	1
17717_sub5	0	1	1	0	0	0	1	0
17717_sub6	0	1	1	0	0	0	1	0
17719_sub0	0	1	1	0	0	0	1	0
17719_sub1	0	1	1	0	0	0	1	0
17719_sub2	0	1	1	0	0	0	1	0
17719_sub3	0	1	0	1	0	0	0	1
17719_sub4	0	1	1	0	0	0	1	0
17719_sub5	0	1	0	1	0	0	0	1
17719_sub6	0	1	1	0	0	0	1	0
17719_sub7	0	1	1	0	0	0	1	0
1772_sub0	0	2	0	2	0	0	0	2
1772_sub1	1	6	2	4	2	4	0	0
1772_sub2	0	1	0	1	0	0	0	1
1772_sub3	0	1	1	0	0	0	1	0
1772_sub4	0	1	0	1	0	0	0	1
1772_sub5	0	1	1	0	0	0	1	0
1772_sub6	0	1	0	1	0	0	0	1
1772_sub7	0	1	0	1	0	0	0	1
17720_sub0	0	1	0	1	0	0	0	1
17720_sub1	0	1	0	1	0	0	0	1
17720_sub2	0	1	0	1	0	0	0	1
17720_sub3	0	1	0	1	0	0	0	1
17720_sub4	0	1	0	1	0	0	0	1
17720_sub5	0	1	1	0	0	0	1	0
17730_sub0	0	1	0	1	0	0	0	1
17730_sub1	0	1	0	1	0	0	0	1
17730_sub2	0	2	1	1	0	0	1	1
17730_sub3	0	1	1	0	0	0	1	0
17730_sub4	0	1	0	1	0	0	0	1
17730_sub5	0	1	0	1	0	0	0	1
17744_sub0	0	1	0	1	0	0	0	1
17744_sub1	0	1	0	1	0	0	0	1
17744_sub2	0	1	0	1	0	0	0	1
17744_sub3	0	1	0	1	0	0	0	1
17744_sub4	0	1	0	1	0	0	0	1
17744_sub5	0	1	1	0	0	0	1	0
17744_sub6	0	1	0	1	0	0	0	1
17744_sub7	0	1	0	1	0	0	0	1
17752_sub0	0	1	0	1	0	0	0	1
17752_sub1	0	1	0	1	0	0	0	1
17752_sub2	0	1	0	1	0	0	0	1
17752_sub3	0	1	1	0	0	0	1	0
17752_sub4	0	1	1	0	0	0	1	0
17752_sub5	0	1	1	0	0	0	1	0
1776_sub0	1	22	11	11	10	10	1	1
1776_sub1	0	1	0	1	0	0	0	1
1776_sub2	0	1	1	0	0	0	1	0
1776_sub3	0	1	1	0	0	0	1	0
1776_sub4	0	1	0	1	0	0	0	1
17775_sub0	0	1	0	1	0	0	0	1
17775_sub1	0	1	1	0	0	0	1	0
17775_sub2	0	1	0	1	0	0	0	1
17775_sub3	0	1	0	1	0	0	0	1
17775_sub4	0	1	0	1	0	0	0	1
17775_sub5	0	1	0	1	0	0	0	1
17788_sub0	0	1	1	0	0	0	1	0
17788_sub1	0	1	0	1	0	0	0	1
17788_sub2	0	1	1	0	0	0	1	0
17788_sub3	0	1	0	1	0	0	0	1
17788_sub4	0	1	1	0	0	0	1	0
17788_sub5	0	1	1	0	0	0	1	0
1779_sub0	1	16	8	8	8	8	0	0
1779_sub1	0	1	1	0	0	0	1	0
1779_sub2	0	1	0	1	0	0	0	1
1779_sub3	0	1	0	1	0	0	0	1
1779_sub4	0	1	0	1	0	0	0	1
1780_sub0	1	17	6	11	6	11	0	0
1780_sub1	0	1	1	0	0	0	1	0
1780_sub2	0	1	0	1	0	0	0	1
1780_sub3	0	1	0	1	0	0	0	1
1780_sub4	0	1	1	0	0	0	1	0
17803_sub0	0	1	0	1	0	0	0	1
17803_sub1	0	1	0	1	0	0	0	1
17803_sub2	0	1	1	0	0	0	1	0
17803_sub3	0	1	0	1	0	0	0	1
17803_sub4	0	1	1	0	0	0	1	0
17803_sub5	0	1	0	1	0	0	0	1
17804_sub0	0	1	1	0	0	0	1	0
17804_sub1	0	1	1	0	0	0	1	0
17804_sub2	0	1	0	1	0	0	0	1
17804_sub3	0	1	0	1	0	0	0	1
17804_sub4	0	1	1	0	0	0	1	0
17804_sub5	0	1	1	0	0	0	1	0
17823_sub0	0	1	0	1	0	0	0	1
17823_sub1	0	1	1	0	0	0	1	0
17823_sub2	0	1	1	0	0	0	1	0
17823_sub3	0	1	1	0	0	0	1	0
17823_sub4	0	1	1	0	0	0	1	0
17823_sub5	0	1	0	1	0	0	0	1
17823_sub6	0	1	1	0	0	0	1	0
17826_sub0	0	1	1	0	0	0	1	0
17826_sub1	1	8	2	6	2	6	0	0
17826_sub2	0	1	1	0	0	0	1	0
17826_sub3	0	1	1	0	0	0	1	0
17826_sub4	0	1	0	1	0	0	0	1
17836_sub0	0	1	0	1	0	0	0	1
17836_sub1	1	8	6	2	6	2	0	0
17848_sub0	0	1	0	1	0	0	0	1
17848_sub1	0	1	0	1	0	0	0	1
17848_sub2	0	1	0	1	0	0	0	1
17848_sub3	0	1	1	0	0	0	1	0
17848_sub4	0	1	0	1	0	0	0	1
17848_sub5	0	1	0	1	0	0	0	1
17848_sub6	0	1	1	0	0	0	1	0
1785_sub0	1	11	6	5	6	5	0	0
1785_sub1	0	1	1	0	0	0	1	0
17865_sub0	0	1	0	1	0	0	0	1
17865_sub1	0	1	1	0	0	0	1	0
17865_sub2	0	1	1	0	0	0	1	0
17865_sub3	0	1	1	0	0	0	1	0
17865_sub4	0	1	0	1	0	0	0	1
17865_sub5	0	1	0	1	0	0	0	1
17882_sub0	0	1	1	0	0	0	1	0
17882_sub1	1	14	5	9	5	9	0	0
17882_sub2	0	1	1	0	0	0	1	0
17882_sub3	0	1	1	0	0	0	1	0
17882_sub4	0	1	0	1	0	0	0	1
17882_sub5	0	1	1	0	0	0	1	0
1789_sub0	1	14	9	5	9	5	0	0
1789_sub1	0	1	0	1	0	0	0	1
17891_sub0	0	1	1	0	0	0	1	0
17891_sub1	1	7	4	3	4	3	0	0
17891_sub2	0	1	0	1	0	0	0	1
17891_sub3	0	1	0	1	0	0	0	1
17891_sub4	0	1	1	0	0	0	1	0
17891_sub5	0	1	1	0	0	0	1	0
17900_sub0	0	1	0	1	0	0	0	1
17900_sub1	0	1	1	0	0	0	1	0
17900_sub2	0	1	1	0	0	0	1	0
17900_sub3	0	1	1	0	0	0	1	0
17900_sub4	0	1	1	0	0	0	1	0
17900_sub5	0	1	1	0	0	0	1	0
17904_sub0	0	1	1	0	0	0	1	0
17904_sub1	0	1	1	0	0	0	1	0
17904_sub2	0	1	0	1	0	0	0	1
17904_sub3	0	1	0	1	0	0	0	1
17904_sub4	0	1	0	1	0	0	0	1
17904_sub5	0	1	0	1	0	0	0	1
17906_sub0	0	1	1	0	0	0	1	0
17906_sub1	0	1	0	1	0	0	0	1
17906_sub2	0	1	0	1	0	0	0	1
17906_sub3	0	1	0	1	0	0	0	1
17906_sub4	0	1	1	0	0	0	1	0
17906_sub5	0	1	1	0	0	0	1	0
1791_sub0	0	1	0	1	0	0	0	1
1791_sub1	1	10	3	7	3	7	0	0
1791_sub2	0	1	1	0	0	0	1	0
1792_sub0	0	1	0	1	0	0	0	1
1792_sub1	0	1	0	1	0	0	0	1
1792_sub2	0	1	0	1	0	0	0	1
1792_sub3	0	1	0	1	0	0	0	1
1792_sub4	0	1	0	1	0	0	0	1
1792_sub5	0	1	0	1	0	0	0	1
1792_sub6	0	1	0	1	0	0	0	1
17926_sub0	1	12	7	5	7	5	0	0
17926_sub1	0	1	1	0	0	0	1	0
17934_sub0	0	1	1	0	0	0	1	0
17934_sub1	0	1	1	0	0	0	1	0
17934_sub2	0	1	0	1	0	0	0	1
17934_sub3	0	1	0	1	0	0	0	1
17934_sub4	0	1	1	0	0	0	1	0
17934_sub5	0	1	1	0	0	0	1	0
17934_sub6	0	1	0	1	0	0	0	1
1794_sub0	0	1	0	1	0	0	0	1
1794_sub1	0	1	0	1	0	0	0	1
1794_sub2	0	1	1	0	0	0	1	0
1794_sub3	0	1	0	1	0	0	0	1
1794_sub4	0	1	0	1	0	0	0	1
1794_sub5	0	1	0	1	0	0	0	1
17940_sub0	1	11	6	5	6	5	0	0
17940_sub1	0	1	1	0	0	0	1	0
17940_sub2	0	1	1	0	0	0	1	0
17940_sub3	0	1	0	1	0	0	0	1
17940_sub4	0	1	0	1	0	0	0	1
17940_sub5	0	1	1	0	0	0	1	0
17940_sub6	0	1	1	0	0	0	1	0
1795_sub0	0	1	0	1	0	0	0	1
1795_sub1	0	1	0	1	0	0	0	1
1795_sub2	0	1	0	1	0	0	0	1
1795_sub3	0	1	1	0	0	0	1	0
1795_sub4	1	11	7	4	7	4	0	0
1795_sub5	0	1	0	1	0	0	0	1
1795_sub6	0	1	0	1	0	0	0	1
1795_sub7	0	1	1	0	0	0	1	0
1795_sub8	0	1	0	1	0	0	0	1
17952_sub0	0	1	1	0	0	0	1	0
17952_sub1	0	1	1	0	0	0	1	0
17952_sub2	0	1	1	0	0	0	1	0
17952_sub3	0	1	0	1	0	0	0	1
17952_sub4	0	1	0	1	0	0	0	1
17952_sub5	0	1	1	0	0	0	1	0
17959_sub0	0	1	1	0	0	0	1	0
17959_sub1	0	1	1	0	0	0	1	0
17959_sub2	0	1	1	0	0	0	1	0
17959_sub3	0	1	1	0	0	0	1	0
17959_sub4	0	1	1	0	0	0	1	0
17959_sub5	0	1	1	0	0	0	1	0
17959_sub6	0	1	1	0	0	0	1	0
17959_sub7	0	1	0	1	0	0	0	1
1796_sub0	0	1	0	1	0	0	0	1
1796_sub1	0	1	0	1	0	0	0	1
1796_sub2	1	13	6	7	6	7	0	0
1796_sub3	0	1	1	0	0	0	1	0
1796_sub4	0	1	0	1	0	0	0	1
1796_sub5	0	1	1	0	0	0	1	0
17971_sub0	0	1	1	0	0	0	1	0
17971_sub1	0	1	0	1	0	0	0	1
17971_sub2	0	1	1	0	0	0	1	0
17971_sub3	0	1	1	0	0	0	1	0
17971_sub4	0	1	0	1	0	0	0	1
17971_sub5	0	1	0	1	0	0	0	1
17981_sub0	0	1	1	0	0	0	1	0
17981_sub1	1	11	7	4	7	4	0	0
1799_sub0	1	23	14	9	11	9	3	0
1799_sub1	0	1	1	0	0	0	1	0
1799_sub2	0	1	1	0	0	0	1	0
1799_sub3	0	1	1	0	0	0	1	0
1799_sub4	0	1	1	0	0	0	1	0
1799_sub5	0	1	1	0	0	0	1	0
18_sub0	0	1	0	1	0	0	0	1
18_sub1	1	11	4	7	4	7	0	0
180_sub0	0	1	0	1	0	0	0	1
180_sub1	1	15	5	10	5	10	0	0
180_sub2	0	1	1	0	0	0	1	0
180_sub3	0	1	0	1	0	0	0	1
1800_sub0	0	1	0	1	0	0	0	1
1800_sub1	0	1	1	0	0	0	1	0
1800_sub2	1	8	5	3	5	3	0	0
1800_sub3	0	1	1	0	0	0	1	0
18006_sub0	0	1	1	0	0	0	1	0
18006_sub1	0	1	0	1	0	0	0	1
18006_sub2	0	1	1	0	0	0	1	0
18006_sub3	0	1	1	0	0	0	1	0
18006_sub4	0	1	1	0	0	0	1	0
18006_sub5	0	1	1	0	0	0	1	0
18006_sub6	0	1	1	0	0	0	1	0
18006_sub7	0	1	1	0	0	0	1	0
18015_sub0	0	1	1	0	0	0	1	0
18015_sub1	0	1	1	0	0	0	1	0
18015_sub2	0	1	0	1	0	0	0	1
18015_sub3	0	1	1	0	0	0	1	0
18015_sub4	0	1	0	1	0	0	0	1
18015_sub5	0	1	1	0	0	0	1	0
18015_sub6	0	1	0	1	0	0	0	1
18032_sub0	1	6	2	4	2	4	0	0
18032_sub1	0	1	1	0	0	0	1	0
18032_sub2	0	1	1	0	0	0	1	0
1804_sub0	0	1	1	0	0	0	1	0
1804_sub1	0	1	0	1	0	0	0	1
1804_sub2	0	1	1	0	0	0	1	0
1804_sub3	0	1	1	0	0	0	1	0
1804_sub4	0	1	0	1	0	0	0	1
1804_sub5	0	1	0	1	0	0	0	1
18050_sub0	0	1	1	0	0	0	1	0
18050_sub1	0	1	1	0	0	0	1	0
18050_sub2	0	1	0	1	0	0	0	1
18050_sub3	0	1	0	1	0	0	0	1
18050_sub4	0	1	1	0	0	0	1	0
18050_sub5	0	1	1	0	0	0	1	0
18050_sub6	0	1	0	1	0	0	0	1
18053_sub0	0	1	0	1	0	0	0	1
18053_sub1	0	1	0	1	0	0	0	1
18053_sub2	0	1	1	0	0	0	1	0
18053_sub3	0	1	1	0	0	0	1	0
18053_sub4	0	1	1	0	0	0	1	0
18053_sub5	0	1	0	1	0	0	0	1
18059_sub0	0	1	0	1	0	0	0	1
18059_sub1	0	1	0	1	0	0	0	1
18059_sub2	0	1	1	0	0	0	1	0
18059_sub3	0	1	0	1	0	0	0	1
18059_sub4	0	1	0	1	0	0	0	1
18059_sub5	0	1	1	0	0	0	1	0
18059_sub6	0	1	1	0	0	0	1	0
18059_sub7	0	1	0	1	0	0	0	1
1806_sub0	1	12	5	7	5	7	0	0
1806_sub1	0	1	0	1	0	0	0	1
1806_sub2	0	1	0	1	0	0	0	1
1806_sub3	0	1	0	1	0	0	0	1
1806_sub4	0	1	0	1	0	0	0	1
1806_sub5	0	1	0	1	0	0	0	1
18067_sub0	0	1	1	0	0	0	1	0
18067_sub1	0	1	1	0	0	0	1	0
18067_sub2	0	1	0	1	0	0	0	1
18067_sub3	0	1	0	1	0	0	0	1
18067_sub4	0	1	1	0	0	0	1	0
18067_sub5	0	1	0	1	0	0	0	1
1807_sub0	0	1	0	1	0	0	0	1
1807_sub1	0	1	1	0	0	0	1	0
1807_sub2	0	1	1	0	0	0	1	0
1807_sub3	0	1	1	0	0	0	1	0
1807_sub4	0	1	1	0	0	0	1	0
1807_sub5	0	1	1	0	0	0	1	0
1807_sub6	0	1	0	1	0	0	0	1
18071_sub0	0	2	1	1	0	0	1	1
18071_sub1	0	1	1	0	0	0	1	0
18071_sub2	0	1	1	0	0	0	1	0
18071_sub3	0	1	0	1	0	0	0	1
18071_sub4	0	1	1	0	0	0	1	0
18079_sub0	0	1	0	1	0	0	0	1
18079_sub1	0	1	1	0	0	0	1	0
18079_sub2	0	1	0	1	0	0	0	1
18079_sub3	0	1	1	0	0	0	1	0
18079_sub4	0	1	1	0	0	0	1	0
18079_sub5	0	1	0	1	0	0	0	1
181_sub0	0	1	0	1	0	0	0	1
181_sub1	1	15	9	6	9	6	0	0
181_sub2	0	1	1	0	0	0	1	0
181_sub3	0	1	1	0	0	0	1	0
181_sub4	0	1	1	0	0	0	1	0
1810_sub0	0	1	1	0	0	0	1	0
1810_sub1	0	1	1	0	0	0	1	0
1810_sub2	0	1	0	1	0	0	0	1
1810_sub3	0	1	1	0	0	0	1	0
1810_sub4	0	1	0	1	0	0	0	1
1810_sub5	0	1	1	0	0	0	1	0
18105_sub0	1	12	6	6	6	6	0	0
18105_sub1	0	1	0	1	0	0	0	1
18128_sub0	0	1	0	1	0	0	0	1
18128_sub1	0	1	0	1	0	0	0	1
18128_sub2	0	1	0	1	0	0	0	1
18128_sub3	0	1	0	1	0	0	0	1
18128_sub4	0	1	0	1	0	0	0	1
18128_sub5	0	1	1	0	0	0	1	0
18140_sub0	0	1	1	0	0	0	1	0
18140_sub1	0	1	1	0	0	0	1	0
18140_sub2	0	1	0	1	0	0	0	1
18140_sub3	0	1	1	0	0	0	1	0
18140_sub4	0	1	0	1	0	0	0	1
18140_sub5	0	1	1	0	0	0	1	0
18149_sub0	1	15	8	7	8	7	0	0
18149_sub1	0	1	1	0	0	0	1	0
18149_sub2	0	1	1	0	0	0	1	0
1816_sub0	0	1	0	1	0	0	0	1
1816_sub1	0	1	0	1	0	0	0	1
1816_sub2	1	22	11	11	10	10	1	1
1816_sub3	0	1	0	1	0	0	0	1
1816_sub4	0	1	1	0	0	0	1	0
1816_sub5	0	1	0	1	0	0	0	1
1816_sub6	0	1	0	1	0	0	0	1
1816_sub7	0	1	0	1	0	0	0	1
1816_sub8	0	1	0	1	0	0	0	1
1816_sub9	0	1	0	1	0	0	0	1
1816_sub10	0	1	1	0	0	0	1	0
18164_sub0	0	1	0	1	0	0	0	1
18164_sub1	0	1	1	0	0	0	1	0
18164_sub2	0	1	0	1	0	0	0	1
18164_sub3	0	1	0	1	0	0	0	1
18164_sub4	0	1	1	0	0	0	1	0
18164_sub5	0	1	1	0	0	0	1	0
18170_sub0	0	1	1	0	0	0	1	0
18170_sub1	0	1	1	0	0	0	1	0
18170_sub2	0	1	1	0	0	0	1	0
18170_sub3	0	1	1	0	0	0	1	0
18170_sub4	0	1	0	1	0	0	0	1
18170_sub5	0	1	0	1	0	0	0	1
182_sub0	0	1	0	1	0	0	0	1
182_sub1	1	18	10	8	10	8	0	0
182_sub2	0	1	0	1	0	0	0	1
18201_sub0	0	1	1	0	0	0	1	0
18201_sub1	0	1	0	1	0	0	0	1
18201_sub2	0	1	0	1	0	0	0	1
18201_sub3	0	1	1	0	0	0	1	0
18201_sub4	0	1	0	1	0	0	0	1
18201_sub5	0	1	0	1	0	0	0	1
18201_sub6	0	1	0	1	0	0	0	1
18204_sub0	0	1	1	0	0	0	1	0
18204_sub1	1	8	5	3	5	3	0	0
1821_sub0	1	26	13	13	10	10	3	3
1821_sub1	0	1	1	0	0	0	1	0
1821_sub2	0	1	1	0	0	0	1	0
1821_sub3	0	1	0	1	0	0	0	1
1821_sub4	0	1	0	1	0	0	0	1
18215_sub0	0	1	0	1	0	0	0	1
18215_sub1	0	1	1	0	0	0	1	0
18215_sub2	0	1	1	0	0	0	1	0
18215_sub3	0	1	0	1	0	0	0	1
18215_sub4	0	1	0	1	0	0	0	1
18215_sub5	0	1	0	1	0	0	0	1
18217_sub0	0	1	1	0	0	0	1	0
18217_sub1	0	1	0	1	0	0	0	1
18217_sub2	0	1	1	0	0	0	1	0
18217_sub3	0	1	1	0	0	0	1	0
18217_sub4	0	1	0	1	0	0	0	1
18217_sub5	0	1	1	0	0	0	1	0
18228_sub0	0	1	0	1	0	0	0	1
18228_sub1	0	1	1	0	0	0	1	0
18228_sub2	0	1	0	1	0	0	0	1
18228_sub3	0	1	0	1	0	0	0	1
18228_sub4	0	1	0	1	0	0	0	1
18228_sub5	0	1	1	0	0	0	1	0
18228_sub6	0	1	1	0	0	0	1	0
18228_sub7	0	1	1	0	0	0	1	0
18228_sub8	0	1	0	1	0	0	0	1
18231_sub0	0	1	1	0	0	0	1	0
18231_sub1	0	1	0	1	0	0	0	1
18231_sub2	0	1	1	0	0	0	1	0
18231_sub3	0	1	1	0	0	0	1	0
18231_sub4	0	1	1	0	0	0	1	0
18231_sub5	0	1	0	1	0	0	0	1
18231_sub6	0	1	0	1	0	0	0	1
18231_sub7	0	1	0	1	0	0	0	1
18238_sub0	0	1	0	1	0	0	0	1
18238_sub1	1	8	4	4	4	4	0	0
18261_sub0	0	1	1	0	0	0	1	0
18261_sub1	0	1	0	1	0	0	0	1
18261_sub2	0	1	0	1	0	0	0	1
18261_sub3	0	1	0	1	0	0	0	1
18261_sub4	0	1	0	1	0	0	0	1
18261_sub5	0	1	0	1	0	0	0	1
18272_sub0	0	1	0	1	0	0	0	1
18272_sub1	0	1	1	0	0	0	1	0
18272_sub2	0	1	0	1	0	0	0	1
18272_sub3	0	1	0	1	0	0	0	1
18272_sub4	0	1	1	0	0	0	1	0
18272_sub5	0	1	1	0	0	0	1	0
18272_sub6	0	1	0	1	0	0	0	1
18272_sub7	0	1	0	1	0	0	0	1
18279_sub0	0	1	1	0	0	0	1	0
18279_sub1	0	1	1	0	0	0	1	0
18279_sub2	0	1	0	1	0	0	0	1
18279_sub3	0	1	1	0	0	0	1	0
18279_sub4	0	1	0	1	0	0	0	1
18279_sub5	0	1	1	0	0	0	1	0
18299_sub0	0	1	0	1	0	0	0	1
18299_sub1	0	1	1	0	0	0	1	0
18299_sub2	0	1	1	0	0	0	1	0
18299_sub3	0	1	0	1	0	0	0	1
18299_sub4	0	1	1	0	0	0	1	0
18299_sub5	0	1	0	1	0	0	0	1
183_sub0	0	1	1	0	0	0	1	0
183_sub1	0	1	0	1	0	0	0	1
183_sub2	0	1	1	0	0	0	1	0
183_sub3	0	1	1	0	0	0	1	0
183_sub4	0	1	0	1	0	0	0	1
183_sub5	0	1	0	1	0	0	0	1
18305_sub0	1	8	4	4	4	4	0	0
18305_sub1	0	1	0	1	0	0	0	1
18305_sub2	0	1	1	0	0	0	1	0
18305_sub3	0	1	1	0	0	0	1	0
18323_sub0	0	1	0	1	0	0	0	1
18323_sub1	0	1	1	0	0	0	1	0
18323_sub2	0	1	1	0	0	0	1	0
18323_sub3	0	1	0	1	0	0	0	1
18323_sub4	0	1	1	0	0	0	1	0
18323_sub5	0	1	1	0	0	0	1	0
1833_sub0	0	5	0	5	0	0	0	5
1833_sub1	0	1	1	0	0	0	1	0
1833_sub2	0	1	0	1	0	0	0	1
1833_sub3	0	1	0	1	0	0	0	1
18330_sub0	0	1	1	0	0	0	1	0
18330_sub1	0	1	0	1	0	0	0	1
18330_sub2	0	1	1	0	0	0	1	0
18330_sub3	0	1	0	1	0	0	0	1
18330_sub4	0	1	1	0	0	0	1	0
18330_sub5	0	1	0	1	0	0	0	1
1834_sub0	1	7	3	4	3	4	0	0
1834_sub1	0	1	1	0	0	0	1	0
1834_sub2	0	1	0	1	0	0	0	1
18350_sub0	1	15	8	7	8	7	0	0
18350_sub1	0	1	0	1	0	0	0	1
18350_sub2	0	1	0	1	0	0	0	1
18358_sub0	0	1	0	1	0	0	0	1
18358_sub1	0	1	0	1	0	0	0	1
18358_sub2	0	1	1	0	0	0	1	0
18358_sub3	0	1	0	1	0	0	0	1
18358_sub4	0	1	1	0	0	0	1	0
18358_sub5	0	1	0	1	0	0	0	1
18358_sub6	0	1	1	0	0	0	1	0
18358_sub7	0	1	1	0	0	0	1	0
1836_sub0	1	26	10	16	10	10	0	6
1836_sub1	0	1	0	1	0	0	0	1
1836_sub2	0	1	0	1	0	0	0	1
1836_sub3	0	1	0	1	0	0	0	1
1836_sub4	0	1	0	1	0	0	0	1
18362_sub0	0	1	0	1	0	0	0	1
18362_sub1	0	1	1	0	0	0	1	0
18362_sub2	0	1	1	0	0	0	1	0
18362_sub3	0	1	0	1	0	0	0	1
18362_sub4	0	1	1	0	0	0	1	0
18362_sub5	0	1	0	1	0	0	0	1
18368_sub0	0	1	0	1	0	0	0	1
18368_sub1	0	1	0	1	0	0	0	1
18368_sub2	0	1	0	1	0	0	0	1
18368_sub3	0	1	1	0	0	0	1	0
18368_sub4	0	1	0	1	0	0	0	1
18368_sub5	0	1	0	1	0	0	0	1
18368_sub6	0	1	1	0	0	0	1	0
18368_sub7	0	1	0	1	0	0	0	1
18368_sub8	0	1	1	0	0	0	1	0
1837_sub0	0	1	0	1	0	0	0	1
1837_sub1	0	1	0	1	0	0	0	1
1837_sub2	0	1	0	1	0	0	0	1
1837_sub3	0	1	1	0	0	0	1	0
1837_sub4	0	1	1	0	0	0	1	0
1837_sub5	0	1	1	0	0	0	1	0
18374_sub0	0	1	1	0	0	0	1	0
18374_sub1	0	1	1	0	0	0	1	0
18374_sub2	0	1	0	1	0	0	0	1
18374_sub3	0	1	1	0	0	0	1	0
18374_sub4	0	1	0	1	0	0	0	1
18374_sub5	0	1	1	0	0	0	1	0
18375_sub0	0	1	1	0	0	0	1	0
18375_sub1	0	1	0	1	0	0	0	1
18375_sub2	0	1	1	0	0	0	1	0
18375_sub3	0	1	1	0	0	0	1	0
18375_sub4	0	1	1	0	0	0	1	0
18375_sub5	0	1	1	0	0	0	1	0
18379_sub0	0	1	0	1	0	0	0	1
18379_sub1	1	14	8	6	8	6	0	0
1838_sub0	1	13	6	7	6	7	0	0
1838_sub1	0	1	1	0	0	0	1	0
1839_sub0	1	12	7	5	7	5	0	0
1839_sub1	0	1	0	1	0	0	0	1
1839_sub2	0	1	1	0	0	0	1	0
1839_sub3	0	1	0	1	0	0	0	1
184_sub0	0	1	1	0	0	0	1	0
184_sub1	1	12	4	8	4	8	0	0
184_sub2	0	1	0	1	0	0	0	1
18429_sub0	0	1	1	0	0	0	1	0
18429_sub1	0	1	0	1	0	0	0	1
18429_sub2	0	1	1	0	0	0	1	0
18429_sub3	0	1	1	0	0	0	1	0
18429_sub4	0	1	0	1	0	0	0	1
18429_sub5	0	1	1	0	0	0	1	0
18438_sub0	0	1	0	1	0	0	0	1
18438_sub1	0	1	1	0	0	0	1	0
18438_sub2	0	1	1	0	0	0	1	0
18438_sub3	0	1	1	0	0	0	1	0
18438_sub4	0	1	1	0	0	0	1	0
18438_sub5	0	1	1	0	0	0	1	0
18438_sub6	0	1	0	1	0	0	0	1
18438_sub7	0	1	0	1	0	0	0	1
18438_sub8	0	1	0	1	0	0	0	1
18452_sub0	0	1	1	0	0	0	1	0
18452_sub1	0	1	1	0	0	0	1	0
18452_sub2	0	1	0	1	0	0	0	1
18452_sub3	0	1	0	1	0	0	0	1
18452_sub4	0	1	1	0	0	0	1	0
18452_sub5	0	1	1	0	0	0	1	0
1846_sub0	1	24	12	12	10	10	2	2
1846_sub1	0	1	0	1	0	0	0	1
1846_sub2	0	1	1	0	0	0	1	0
1846_sub3	0	1	1	0	0	0	1	0
1846_sub4	0	1	0	1	0	0	0	1
1846_sub5	0	1	1	0	0	0	1	0
1846_sub6	0	1	0	1	0	0	0	1
1846_sub7	0	1	1	0	0	0	1	0
1846_sub8	0	1	0	1	0	0	0	1
1846_sub9	0	1	0	1	0	0	0	1
1846_sub10	0	1	0	1	0	0	0	1
18460_sub0	1	12	5	7	5	7	0	0
18460_sub1	0	1	1	0	0	0	1	0
1847_sub0	1	10	3	7	3	7	0	0
1847_sub1	0	1	0	1	0	0	0	1
1847_sub2	0	1	0	1	0	0	0	1
1847_sub3	0	1	0	1	0	0	0	1
1847_sub4	0	1	1	0	0	0	1	0
1847_sub5	0	1	1	0	0	0	1	0
1847_sub6	0	1	1	0	0	0	1	0
18483_sub0	0	1	0	1	0	0	0	1
18483_sub1	0	4	2	2	0	0	2	2
18483_sub2	0	1	1	0	0	0	1	0
18483_sub3	0	1	0	1	0	0	0	1
18488_sub0	0	1	1	0	0	0	1	0
18488_sub1	0	5	4	1	0	0	4	1
18488_sub2	0	1	0	1	0	0	0	1
18488_sub3	0	1	1	0	0	0	1	0
18488_sub4	0	1	1	0	0	0	1	0
18488_sub5	0	1	0	1	0	0	0	1
185_sub0	0	1	0	1	0	0	0	1
185_sub1	0	1	0	1	0	0	0	1
185_sub2	0	1	0	1	0	0	0	1
185_sub3	0	1	1	0	0	0	1	0
185_sub4	0	1	0	1	0	0	0	1
185_sub5	0	1	1	0	0	0	1	0
18503_sub0	0	1	1	0	0	0	1	0
18503_sub1	0	1	1	0	0	0	1	0
18503_sub2	0	1	0	1	0	0	0	1
18503_sub3	0	1	1	0	0	0	1	0
18503_sub4	0	1	1	0	0	0	1	0
18503_sub5	0	1	1	0	0	0	1	0
18503_sub6	0	1	0	1	0	0	0	1
1851_sub0	0	1	0	1	0	0	0	1
1851_sub1	0	1	1	0	0	0	1	0
1851_sub2	0	1	1	0	0	0	1	0
1851_sub3	0	1	0	1	0	0	0	1
1851_sub4	0	1	1	0	0	0	1	0
1851_sub5	0	1	0	1	0	0	0	1
1851_sub6	0	1	0	1	0	0	0	1
18512_sub0	0	1	1	0	0	0	1	0
18512_sub1	0	1	1	0	0	0	1	0
18512_sub2	0	1	0	1	0	0	0	1
18512_sub3	0	1	1	0	0	0	1	0
18512_sub4	0	1	0	1	0	0	0	1
18512_sub5	0	1	0	1	0	0	0	1
18512_sub6	0	1	0	1	0	0	0	1
18515_sub0	0	1	0	1	0	0	0	1
18515_sub1	0	1	0	1	0	0	0	1
18515_sub2	0	1	1	0	0	0	1	0
18515_sub3	0	1	1	0	0	0	1	0
18515_sub4	0	1	0	1	0	0	0	1
18515_sub5	0	1	1	0	0	0	1	0
1852_sub0	0	1	0	1	0	0	0	1
1852_sub1	1	29	17	12	10	10	7	2
1852_sub2	0	1	0	1	0	0	0	1
1852_sub3	0	1	1	0	0	0	1	0
1852_sub4	0	1	0	1	0	0	0	1
1852_sub5	0	1	0	1	0	0	0	1
18526_sub0	0	1	0	1	0	0	0	1
18526_sub1	0	1	1	0	0	0	1	0
18526_sub2	0	1	1	0	0	0	1	0
18526_sub3	0	1	0	1	0	0	0	1
18526_sub4	0	1	1	0	0	0	1	0
18526_sub5	0	1	1	0	0	0	1	0
18526_sub6	0	1	1	0	0	0	1	0
1853_sub0	0	1	1	0	0	0	1	0
1853_sub1	1	21	8	13	8	12	0	1
1853_sub2	0	1	1	0	0	0	1	0
1854_sub0	1	26	10	16	10	10	0	6
1854_sub1	0	1	0	1	0	0	0	1
1854_sub2	0	1	0	1	0	0	0	1
1854_sub3	0	1	1	0	0	0	1	0
1854_sub4	0	1	0	1	0	0	0	1
18543_sub0	0	1	0	1	0	0	0	1
18543_sub1	0	1	1	0	0	0	1	0
18543_sub2	0	1	0	1	0	0	0	1
18543_sub3	0	1	1	0	0	0	1	0
18543_sub4	0	1	1	0	0	0	1	0
18543_sub5	0	1	0	1	0	0	0	1
18543_sub6	0	1	0	1	0	0	0	1
18547_sub0	0	1	0	1	0	0	0	1
18547_sub1	0	1	1	0	0	0	1	0
18547_sub2	0	1	1	0	0	0	1	0
18547_sub3	0	1	0	1	0	0	0	1
18547_sub4	0	1	1	0	0	0	1	0
18547_sub5	0	1	1	0	0	0	1	0
18549_sub0	0	1	1	0	0	0	1	0
18549_sub1	0	1	1	0	0	0	1	0
18549_sub2	0	1	1	0	0	0	1	0
18549_sub3	0	1	0	1	0	0	0	1
18549_sub4	0	1	1	0	0	0	1	0
18549_sub5	0	1	1	0	0	0	1	0
18549_sub6	0	1	0	1	0	0	0	1
18555_sub0	0	5	3	2	0	0	3	2
18555_sub1	0	1	0	1	0	0	0	1
18556_sub0	0	1	1	0	0	0	1	0
18556_sub1	0	1	0	1	0	0	0	1
18556_sub2	0	1	0	1	0	0	0	1
18556_sub3	0	1	0	1	0	0	0	1
18556_sub4	0	1	1	0	0	0	1	0
18556_sub5	0	1	1	0	0	0	1	0
1857_sub0	0	1	0	1	0	0	0	1
1857_sub1	0	4	3	1	0	0	3	1
1857_sub2	0	1	0	1	0	0	0	1
1857_sub3	0	1	0	1	0	0	0	1
1857_sub4	0	1	0	1	0	0	0	1
1857_sub5	0	1	0	1	0	0	0	1
18579_sub0	0	1	0	1	0	0	0	1
18579_sub1	1	20	10	10	10	10	0	0
18579_sub2	0	1	0	1	0	0	0	1
1858_sub0	0	1	0	1	0	0	0	1
1858_sub1	0	1	0	1	0	0	0	1
1858_sub2	0	2	2	0	0	0	2	0
1858_sub3	0	1	1	0	0	0	1	0
1858_sub4	0	1	1	0	0	0	1	0
1858_sub5	0	1	1	0	0	0	1	0
18583_sub0	0	1	1	0	0	0	1	0
18583_sub1	0	1	0	1	0	0	0	1
18583_sub2	0	1	1	0	0	0	1	0
18583_sub3	0	1	1	0	0	0	1	0
18583_sub4	0	1	0	1	0	0	0	1
18583_sub5	0	1	0	1	0	0	0	1
18586_sub0	0	1	1	0	0	0	1	0
18586_sub1	0	1	0	1	0	0	0	1
18586_sub2	0	1	0	1	0	0	0	1
18586_sub3	0	1	1	0	0	0	1	0
18586_sub4	0	1	0	1	0	0	0	1
18586_sub5	0	1	1	0	0	0	1	0
18591_sub0	1	7	5	2	5	2	0	0
18591_sub1	0	1	0	1	0	0	0	1
18591_sub2	0	1	0	1	0	0	0	1
18591_sub3	0	1	0	1	0	0	0	1
18592_sub0	1	10	6	4	6	4	0	0
18592_sub1	0	1	0	1	0	0	0	1
18594_sub0	0	1	1	0	0	0	1	0
18594_sub1	0	1	0	1	0	0	0	1
18594_sub2	0	1	1	0	0	0	1	0
18594_sub3	0	1	1	0	0	0	1	0
18594_sub4	0	1	0	1	0	0	0	1
18594_sub5	0	1	0	1	0	0	0	1
18594_sub6	0	1	1	0	0	0	1	0
18594_sub7	0	1	1	0	0	0	1	0
18594_sub8	0	1	0	1	0	0	0	1
18596_sub0	0	1	0	1	0	0	0	1
18596_sub1	0	1	0	1	0	0	0	1
18596_sub2	0	1	1	0	0	0	1	0
18596_sub3	0	1	1	0	0	0	1	0
18596_sub4	0	1	0	1	0	0	0	1
18596_sub5	0	1	1	0	0	0	1	0
1860_sub0	1	17	7	10	7	10	0	0
1860_sub1	0	1	0	1	0	0	0	1
1860_sub2	0	1	0	1	0	0	0	1
1860_sub3	0	1	1	0	0	0	1	0
1860_sub4	0	1	0	1	0	0	0	1
18607_sub0	0	1	0	1	0	0	0	1
18607_sub1	0	1	1	0	0	0	1	0
18607_sub2	0	1	0	1	0	0	0	1
18607_sub3	0	1	0	1	0	0	0	1
18607_sub4	0	1	1	0	0	0	1	0
18607_sub5	0	1	0	1	0	0	0	1
18615_sub0	0	1	1	0	0	0	1	0
18615_sub1	0	1	1	0	0	0	1	0
18615_sub2	0	1	1	0	0	0	1	0
18615_sub3	0	1	1	0	0	0	1	0
18615_sub4	0	1	1	0	0	0	1	0
18615_sub5	0	1	1	0	0	0	1	0
18615_sub6	0	1	1	0	0	0	1	0
18615_sub7	0	1	0	1	0	0	0	1
18618_sub0	0	1	0	1	0	0	0	1
18618_sub1	1	9	1	8	1	8	0	0
18618_sub2	0	1	0	1	0	0	0	1
1862_sub0	0	1	0	1	0	0	0	1
1862_sub1	0	1	1	0	0	0	1	0
1862_sub2	1	9	6	3	6	3	0	0
1862_sub3	0	1	0	1	0	0	0	1
1862_sub4	0	1	0	1	0	0	0	1
1862_sub5	0	1	1	0	0	0	1	0
18625_sub0	0	1	1	0	0	0	1	0
18625_sub1	0	1	1	0	0	0	1	0
18625_sub2	0	1	1	0	0	0	1	0
18625_sub3	0	1	1	0	0	0	1	0
18625_sub4	0	1	1	0	0	0	1	0
18625_sub5	0	1	1	0	0	0	1	0
18625_sub6	0	1	1	0	0	0	1	0
18627_sub0	0	1	0	1	0	0	0	1
18627_sub1	0	1	0	1	0	0	0	1
18627_sub2	0	1	0	1	0	0	0	1
18627_sub3	0	1	0	1	0	0	0	1
18627_sub4	0	1	1	0	0	0	1	0
18627_sub5	0	1	0	1	0	0	0	1
18627_sub6	0	1	1	0	0	0	1	0
18627_sub7	0	1	1	0	0	0	1	0
18627_sub8	0	1	0	1	0	0	0	1
1863_sub0	0	1	1	0	0	0	1	0
1863_sub1	1	10	3	7	3	7	0	0
1863_sub2	0	1	1	0	0	0	1	0
18639_sub0	1	20	9	11	9	11	0	0
18639_sub1	0	1	0	1	0	0	0	1
18645_sub0	0	1	1	0	0	0	1	0
18645_sub1	0	1	0	1	0	0	0	1
18645_sub2	0	1	0	1	0	0	0	1
18645_sub3	0	1	1	0	0	0	1	0
18645_sub4	0	1	0	1	0	0	0	1
18645_sub5	0	1	0	1	0	0	0	1
18645_sub6	0	1	0	1	0	0	0	1
18648_sub0	0	1	0	1	0	0	0	1
18648_sub1	0	1	0	1	0	0	0	1
18648_sub2	0	1	0	1	0	0	0	1
18648_sub3	0	1	0	1	0	0	0	1
18648_sub4	0	1	0	1	0	0	0	1
18648_sub5	0	1	1	0	0	0	1	0
1865_sub0	1	22	13	9	11	9	2	0
1865_sub1	0	1	0	1	0	0	0	1
1865_sub2	0	1	1	0	0	0	1	0
1865_sub3	0	1	0	1	0	0	0	1
1865_sub4	0	1	0	1	0	0	0	1
1865_sub5	0	1	0	1	0	0	0	1
18664_sub0	1	6	4	2	4	2	0	0
18664_sub1	0	1	0	1	0	0	0	1
18664_sub2	0	1	0	1	0	0	0	1
1867_sub0	0	1	1	0	0	0	1	0
1867_sub1	1	7	3	4	3	4	0	0
18697_sub0	0	1	1	0	0	0	1	0
18697_sub1	0	1	0	1	0	0	0	1
18697_sub2	0	1	1	0	0	0	1	0
18697_sub3	0	1	1	0	0	0	1	0
18697_sub4	0	1	1	0	0	0	1	0
18697_sub5	0	1	1	0	0	0	1	0
18699_sub0	0	1	1	0	0	0	1	0
18699_sub1	0	1	1	0	0	0	1	0
18699_sub2	0	1	1	0	0	0	1	0
18699_sub3	0	1	0	1	0	0	0	1
18699_sub4	0	1	1	0	0	0	1	0
18699_sub5	0	1	0	1	0	0	0	1
18700_sub0	0	1	0	1	0	0	0	1
18700_sub1	0	1	1	0	0	0	1	0
18700_sub2	0	1	1	0	0	0	1	0
18700_sub3	0	1	1	0	0	0	1	0
18700_sub4	0	1	1	0	0	0	1	0
18700_sub5	0	1	1	0	0	0	1	0
18704_sub0	0	1	0	1	0	0	0	1
18704_sub1	0	1	1	0	0	0	1	0
18704_sub2	0	2	0	2	0	0	0	2
18704_sub3	0	1	1	0	0	0	1	0
18704_sub4	0	1	1	0	0	0	1	0
18704_sub5	0	1	0	1	0	0	0	1
18709_sub0	0	1	0	1	0	0	0	1
18709_sub1	0	1	1	0	0	0	1	0
18709_sub2	0	1	0	1	0	0	0	1
18709_sub3	0	1	1	0	0	0	1	0
18709_sub4	0	1	1	0	0	0	1	0
18709_sub5	0	1	0	1	0	0	0	1
18718_sub0	0	1	0	1	0	0	0	1
18718_sub1	0	1	0	1	0	0	0	1
18718_sub2	0	1	1	0	0	0	1	0
18718_sub3	0	1	1	0	0	0	1	0
18718_sub4	0	1	1	0	0	0	1	0
18718_sub5	0	1	0	1	0	0	0	1
18718_sub6	0	1	0	1	0	0	0	1
1872_sub0	1	30	15	15	10	10	5	5
1872_sub1	0	1	1	0	0	0	1	0
1872_sub2	0	1	1	0	0	0	1	0
1872_sub3	0	1	1	0	0	0	1	0
18726_sub0	0	1	1	0	0	0	1	0
18726_sub1	0	1	1	0	0	0	1	0
18726_sub2	0	1	1	0	0	0	1	0
18726_sub3	0	1	1	0	0	0	1	0
18726_sub4	0	1	1	0	0	0	1	0
18726_sub5	0	1	0	1	0	0	0	1
1873_sub0	1	17	7	10	7	10	0	0
1873_sub1	0	1	0	1	0	0	0	1
1875_sub0	0	1	0	1	0	0	0	1
1875_sub1	0	1	0	1	0	0	0	1
1875_sub2	0	1	1	0	0	0	1	0
1875_sub3	0	1	1	0	0	0	1	0
1875_sub4	0	1	0	1	0	0	0	1
1875_sub5	0	1	0	1	0	0	0	1
18761_sub0	0	1	0	1	0	0	0	1
18761_sub1	1	9	5	4	5	4	0	0
18761_sub2	0	1	1	0	0	0	1	0
18761_sub3	0	1	1	0	0	0	1	0
18776_sub0	0	1	0	1	0	0	0	1
18776_sub1	0	1	0	1	0	0	0	1
18776_sub2	1	7	3	4	3	4	0	0
18776_sub3	0	2	0	2	0	0	0	2
18776_sub4	0	1	0	1	0	0	0	1
18776_sub5	0	1	0	1	0	0	0	1
18783_sub0	0	1	1	0	0	0	1	0
18783_sub1	0	1	1	0	0	0	1	0
18783_sub2	0	1	0	1	0	0	0	1
18783_sub3	0	1	0	1	0	0	0	1
18783_sub4	0	1	1	0	0	0	1	0
18783_sub5	0	1	1	0	0	0	1	0
1879_sub0	1	21	10	11	10	10	0	1
1879_sub1	0	1	0	1	0	0	0	1
1879_sub2	0	1	0	1	0	0	0	1
1879_sub3	0	1	0	1	0	0	0	1
1879_sub4	0	1	0	1	0	0	0	1
1880_sub0	0	1	0	1	0	0	0	1
1880_sub1	0	1	1	0	0	0	1	0
1880_sub2	0	1	0	1	0	0	0	1
1880_sub3	0	1	1	0	0	0	1	0
1880_sub4	0	1	0	1	0	0	0	1
1880_sub5	0	1	0	1	0	0	0	1
1880_sub6	0	1	1	0	0	0	1	0
18816_sub0	0	1	0	1	0	0	0	1
18816_sub1	0	1	0	1	0	0	0	1
18816_sub2	0	3	2	1	0	0	2	1
18816_sub3	0	1	0	1	0	0	0	1
18816_sub4	0	1	0	1	0	0	0	1
1882_sub0	1	11	7	4	7	4	0	0
1882_sub1	0	1	1	0	0	0	1	0
1882_sub2	0	1	0	1	0	0	0	1
1882_sub3	0	1	0	1	0	0	0	1
1882_sub4	0	1	0	1	0	0	0	1
18827_sub0	0	1	1	0	0	0	1	0
18827_sub1	1	9	5	4	5	4	0	0
18827_sub2	0	1	0	1	0	0	0	1
18831_sub0	0	1	0	1	0	0	0	1
18831_sub1	1	8	2	6	2	6	0	0
18831_sub2	0	1	0	1	0	0	0	1
18831_sub3	0	1	1	0	0	0	1	0
18831_sub4	0	1	1	0	0	0	1	0
18832_sub0	0	1	1	0	0	0	1	0
18832_sub1	0	1	1	0	0	0	1	0
18832_sub2	0	1	0	1	0	0	0	1
18832_sub3	0	1	0	1	0	0	0	1
18832_sub4	0	1	0	1	0	0	0	1
18832_sub5	0	1	0	1	0	0	0	1
18841_sub0	0	1	0	1	0	0	0	1
18841_sub1	0	1	1	0	0	0	1	0
18841_sub2	0	1	1	0	0	0	1	0
18841_sub3	0	1	1	0	0	0	1	0
18841_sub4	0	1	0	1	0	0	0	1
18841_sub5	0	1	1	0	0	0	1	0
18842_sub0	0	1	0	1	0	0	0	1
18842_sub1	0	1	1	0	0	0	1	0
18842_sub2	0	1	1	0	0	0	1	0
18842_sub3	0	1	0	1	0	0	0	1
18842_sub4	0	1	0	1	0	0	0	1
18842_sub5	0	1	0	1	0	0	0	1
18846_sub0	0	1	1	0	0	0	1	0
18846_sub1	0	1	0	1	0	0	0	1
18846_sub2	0	1	1	0	0	0	1	0
18846_sub3	0	1	1	0	0	0	1	0
18846_sub4	0	1	0	1	0	0	0	1
18846_sub5	0	1	0	1	0	0	0	1
18847_sub0	0	1	0	1	0	0	0	1
18847_sub1	0	1	1	0	0	0	1	0
18847_sub2	0	1	0	1	0	0	0	1
18847_sub3	0	1	1	0	0	0	1	0
18847_sub4	0	1	0	1	0	0	0	1
18847_sub5	0	1	1	0	0	0	1	0
18847_sub6	0	1	0	1	0	0	0	1
1885_sub0	1	13	5	8	5	8	0	0
1885_sub1	0	1	0	1	0	0	0	1
1885_sub2	0	1	0	1	0	0	0	1
1885_sub3	0	1	0	1	0	0	0	1
1885_sub4	0	1	1	0	0	0	1	0
18853_sub0	1	8	4	4	4	4	0	0
18861_sub0	0	1	0	1	0	0	0	1
18861_sub1	0	1	0	1	0	0	0	1
18861_sub2	0	1	0	1	0	0	0	1
18861_sub3	0	1	1	0	0	0	1	0
18861_sub4	0	1	0	1	0	0	0	1
18861_sub5	0	1	0	1	0	0	0	1
18861_sub6	0	1	1	0	0	0	1	0
18863_sub0	0	1	0	1	0	0	0	1
18863_sub1	1	13	8	5	8	5	0	0
18864_sub0	0	1	1	0	0	0	1	0
18864_sub1	0	1	1	0	0	0	1	0
18864_sub2	0	1	1	0	0	0	1	0
18864_sub3	0	1	0	1	0	0	0	1
18864_sub4	0	1	1	0	0	0	1	0
18864_sub5	0	1	1	0	0	0	1	0
18864_sub6	0	1	0	1	0	0	0	1
1887_sub0	0	1	0	1	0	0	0	1
1887_sub1	0	1	1	0	0	0	1	0
1887_sub2	0	1	1	0	0	0	1	0
1887_sub3	0	1	0	1	0	0	0	1
1887_sub4	0	1	0	1	0	0	0	1
1887_sub5	0	1	1	0	0	0	1	0
1887_sub6	0	1	0	1	0	0	0	1
18870_sub0	0	1	1	0	0	0	1	0
18870_sub1	0	1	0	1	0	0	0	1
18870_sub2	0	1	0	1	0	0	0	1
18870_sub3	0	1	0	1	0	0	0	1
18870_sub4	0	1	0	1	0	0	0	1
18870_sub5	0	1	0	1	0	0	0	1
18870_sub6	0	1	0	1	0	0	0	1
18870_sub7	0	1	1	0	0	0	1	0
18870_sub8	0	1	0	1	0	0	0	1
18877_sub0	0	1	1	0	0	0	1	0
18877_sub1	1	13	7	6	7	6	0	0
18884_sub0	0	1	0	1	0	0	0	1
18884_sub1	1	11	5	6	5	6	0	0
18884_sub2	0	1	1	0	0	0	1	0
189_sub0	0	1	1	0	0	0	1	0
189_sub1	1	26	8	18	8	12	0	6
189_sub2	0	1	0	1	0	0	0	1
189_sub3	0	1	1	0	0	0	1	0
18905_sub0	1	10	4	6	4	6	0	0
18905_sub1	0	1	1	0	0	0	1	0
1891_sub0	1	34	16	18	10	10	6	8
1891_sub1	0	1	0	1	0	0	0	1
1891_sub2	0	1	0	1	0	0	0	1
1891_sub3	0	1	1	0	0	0	1	0
1891_sub4	0	1	1	0	0	0	1	0
1891_sub5	0	1	0	1	0	0	0	1
1891_sub6	0	1	1	0	0	0	1	0
1891_sub7	0	1	0	1	0	0	0	1
18928_sub0	0	1	1	0	0	0	1	0
18928_sub1	0	1	0	1	0	0	0	1
18928_sub2	0	1	0	1	0	0	0	1
18928_sub3	0	1	1	0	0	0	1	0
18928_sub4	0	1	0	1	0	0	0	1
18928_sub5	0	1	0	1	0	0	0	1
18928_sub6	0	1	0	1	0	0	0	1
18928_sub7	0	1	0	1	0	0	0	1
18928_sub8	0	1	0	1	0	0	0	1
1893_sub0	0	1	1	0	0	0	1	0
1893_sub1	1	16	8	8	8	8	0	0
1893_sub2	0	1	1	0	0	0	1	0
1893_sub3	0	1	1	0	0	0	1	0
1893_sub4	0	1	0	1	0	0	0	1
1893_sub5	0	1	1	0	0	0	1	0
18938_sub0	0	1	1	0	0	0	1	0
18938_sub1	0	1	0	1	0	0	0	1
18938_sub2	0	1	0	1	0	0	0	1
18938_sub3	0	1	1	0	0	0	1	0
18938_sub4	0	1	1	0	0	0	1	0
18938_sub5	0	1	1	0	0	0	1	0
18938_sub6	0	1	0	1	0	0	0	1
18938_sub7	0	1	0	1	0	0	0	1
18938_sub8	0	1	0	1	0	0	0	1
18942_sub0	0	5	2	3	0	0	2	3
18942_sub1	0	1	0	1	0	0	0	1
18942_sub2	0	1	0	1	0	0	0	1
1896_sub0	0	2	0	2	0	0	0	2
1896_sub1	1	19	9	10	9	10	0	0
1896_sub2	0	1	0	1	0	0	0	1
1896_sub3	0	1	1	0	0	0	1	0
18960_sub0	0	4	2	2	0	0	2	2
18960_sub1	0	1	0	1	0	0	0	1
18960_sub2	0	1	0	1	0	0	0	1
18960_sub3	0	1	0	1	0	0	0	1
18963_sub0	0	1	0	1	0	0	0	1
18963_sub1	0	1	0	1	0	0	0	1
18963_sub2	1	9	6	3	6	3	0	0
18963_sub3	0	1	1	0	0	0	1	0
18963_sub4	0	1	1	0	0	0	1	0
18963_sub5	0	1	1	0	0	0	1	0
18963_sub6	0	1	1	0	0	0	1	0
18963_sub7	0	1	1	0	0	0	1	0
18963_sub8	0	1	0	1	0	0	0	1
18963_sub9	0	1	1	0	0	0	1	0
18964_sub0	0	1	0	1	0	0	0	1
18964_sub1	1	9	3	6	3	6	0	0
18966_sub0	0	1	1	0	0	0	1	0
18966_sub1	0	1	1	0	0	0	1	0
18966_sub2	0	1	1	0	0	0	1	0
18966_sub3	0	2	0	2	0	0	0	2
18966_sub4	0	1	0	1	0	0	0	1
19_sub0	0	1	0	1	0	0	0	1
19_sub1	0	1	0	1	0	0	0	1
19_sub2	1	12	6	6	6	6	0	0
19_sub3	0	1	1	0	0	0	1	0
19_sub4	0	1	1	0	0	0	1	0
19_sub5	0	1	0	1	0	0	0	1
19_sub6	0	1	0	1	0	0	0	1
19_sub7	0	1	1	0	0	0	1	0
19_sub8	0	1	1	0	0	0	1	0
190_sub0	0	1	0	1	0	0	0	1
190_sub1	1	20	7	13	7	13	0	0
190_sub2	0	1	1	0	0	0	1	0
190_sub3	0	1	0	1	0	0	0	1
190_sub4	0	1	0	1	0	0	0	1
190_sub5	0	1	0	1	0	0	0	1
190_sub6	0	1	1	0	0	0	1	0
190_sub7	0	1	0	1	0	0	0	1
190_sub8	0	1	0	1	0	0	0	1
190_sub9	0	1	0	1	0	0	0	1
19010_sub0	0	1	1	0	0	0	1	0
19010_sub1	0	1	1	0	0	0	1	0
19010_sub2	0	1	1	0	0	0	1	0
19010_sub3	0	1	1	0	0	0	1	0
19010_sub4	0	1	1	0	0	0	1	0
19010_sub5	0	1	0	1	0	0	0	1
19011_sub0	0	1	0	1	0	0	0	1
19011_sub1	0	1	0	1	0	0	0	1
19011_sub2	0	1	1	0	0	0	1	0
19011_sub3	0	1	1	0	0	0	1	0
19011_sub4	0	1	0	1	0	0	0	1
19011_sub5	0	1	1	0	0	0	1	0
19019_sub0	1	18	10	8	10	8	0	0
19019_sub1	0	1	0	1	0	0	0	1
19019_sub2	0	1	1	0	0	0	1	0
19020_sub0	1	7	1	6	1	6	0	0
19020_sub1	0	1	0	1	0	0	0	1
19023_sub0	0	1	0	1	0	0	0	1
19023_sub1	0	5	4	1	0	0	4	1
19023_sub2	0	1	0	1	0	0	0	1
19025_sub0	0	1	1	0	0	0	1	0
19025_sub1	0	1	1	0	0	0	1	0
19025_sub2	0	1	1	0	0	0	1	0
19025_sub3	0	1	0	1	0	0	0	1
19025_sub4	0	1	0	1	0	0	0	1
19025_sub5	0	1	0	1	0	0	0	1
19026_sub0	1	10	4	6	4	6	0	0
19026_sub1	0	1	1	0	0	0	1	0
19026_sub2	0	1	0	1	0	0	0	1
19032_sub0	0	1	0	1	0	0	0	1
19032_sub1	0	1	1	0	0	0	1	0
19032_sub2	0	1	1	0	0	0	1	0
19032_sub3	0	1	0	1	0	0	0	1
19032_sub4	0	1	1	0	0	0	1	0
19032_sub5	0	1	0	1	0	0	0	1
19044_sub0	0	1	0	1	0	0	0	1
19044_sub1	0	1	0	1	0	0	0	1
19044_sub2	0	1	0	1	0	0	0	1
19044_sub3	0	1	0	1	0	0	0	1
19044_sub4	0	1	0	1	0	0	0	1
19044_sub5	0	1	0	1	0	0	0	1
19057_sub0	0	1	0	1	0	0	0	1
19057_sub1	0	5	2	3	0	0	2	3
19057_sub2	0	1	0	1	0	0	0	1
19057_sub3	0	1	0	1	0	0	0	1
19057_sub4	0	1	1	0	0	0	1	0
19057_sub5	0	1	0	1	0	0	0	1
19057_sub6	0	1	0	1	0	0	0	1
19063_sub0	0	1	0	1	0	0	0	1
19063_sub1	0	1	0	1	0	0	0	1
19063_sub2	0	1	0	1	0	0	0	1
19063_sub3	0	1	1	0	0	0	1	0
19063_sub4	0	1	0	1	0	0	0	1
19063_sub5	0	1	0	1	0	0	0	1
19068_sub0	0	2	1	1	0	0	1	1
19068_sub1	0	1	0	1	0	0	0	1
19068_sub2	0	1	1	0	0	0	1	0
19068_sub3	0	1	0	1	0	0	0	1
19068_sub4	0	1	0	1	0	0	0	1
19068_sub5	0	1	1	0	0	0	1	0
19079_sub0	0	1	0	1	0	0	0	1
19079_sub1	1	13	9	4	9	4	0	0
19079_sub2	0	1	0	1	0	0	0	1
19079_sub3	0	1	0	1	0	0	0	1
19079_sub4	0	1	1	0	0	0	1	0
19081_sub0	1	8	5	3	5	3	0	0
19086_sub0	0	1	1	0	0	0	1	0
19086_sub1	0	1	1	0	0	0	1	0
19086_sub2	0	1	1	0	0	0	1	0
19086_sub3	0	1	1	0	0	0	1	0
19086_sub4	0	1	1	0	0	0	1	0
19086_sub5	0	1	1	0	0	0	1	0
1909_sub0	1	19	7	12	7	12	0	0
1909_sub1	0	1	1	0	0	0	1	0
1909_sub2	0	1	1	0	0	0	1	0
1909_sub3	0	1	0	1	0	0	0	1
1909_sub4	0	1	0	1	0	0	0	1
1909_sub5	0	1	0	1	0	0	0	1
1909_sub6	0	1	0	1	0	0	0	1
1909_sub7	0	1	1	0	0	0	1	0
1909_sub8	0	1	1	0	0	0	1	0
19098_sub0	0	1	1	0	0	0	1	0
19098_sub1	1	9	6	3	6	3	0	0
19098_sub2	0	1	1	0	0	0	1	0
19098_sub3	0	1	0	1	0	0	0	1
19098_sub4	0	1	1	0	0	0	1	0
19098_sub5	0	1	1	0	0	0	1	0
19098_sub6	0	1	0	1	0	0	0	1
19098_sub7	0	1	0	1	0	0	0	1
19098_sub8	0	1	1	0	0	0	1	0
19098_sub9	0	1	0	1	0	0	0	1
191_sub0	0	1	1	0	0	0	1	0
191_sub1	1	13	8	5	8	5	0	0
191_sub2	0	1	0	1	0	0	0	1
191_sub3	0	1	1	0	0	0	1	0
191_sub4	0	1	0	1	0	0	0	1
191_sub5	0	1	0	1	0	0	0	1
191_sub6	0	1	1	0	0	0	1	0
191_sub7	0	1	0	1	0	0	0	1
1910_sub0	1	23	10	13	10	10	0	3
1910_sub1	0	1	1	0	0	0	1	0
1910_sub2	0	1	0	1	0	0	0	1
19106_sub0	0	1	1	0	0	0	1	0
19106_sub1	0	1	1	0	0	0	1	0
19106_sub2	0	1	1	0	0	0	1	0
19106_sub3	0	1	0	1	0	0	0	1
19106_sub4	0	1	0	1	0	0	0	1
19106_sub5	0	1	1	0	0	0	1	0
19106_sub6	0	1	1	0	0	0	1	0
19106_sub7	0	1	0	1	0	0	0	1
19107_sub0	0	1	1	0	0	0	1	0
19107_sub1	0	1	0	1	0	0	0	1
19107_sub2	0	1	1	0	0	0	1	0
19107_sub3	0	1	0	1	0	0	0	1
19107_sub4	0	1	1	0	0	0	1	0
19107_sub5	0	1	0	1	0	0	0	1
19112_sub0	0	1	0	1	0	0	0	1
19112_sub1	0	1	0	1	0	0	0	1
19112_sub2	0	1	0	1	0	0	0	1
19112_sub3	0	1	0	1	0	0	0	1
19112_sub4	0	1	0	1	0	0	0	1
19112_sub5	0	1	0	1	0	0	0	1
19124_sub0	0	1	1	0	0	0	1	0
19124_sub1	0	1	1	0	0	0	1	0
19124_sub2	0	1	1	0	0	0	1	0
19124_sub3	0	1	1	0	0	0	1	0
19124_sub4	0	2	1	1	0	0	1	1
19124_sub5	0	1	0	1	0	0	0	1
19137_sub0	0	4	3	1	0	0	3	1
19137_sub1	0	1	1	0	0	0	1	0
19137_sub2	0	1	0	1	0	0	0	1
19137_sub3	0	1	1	0	0	0	1	0
19137_sub4	0	1	1	0	0	0	1	0
19149_sub0	0	1	0	1	0	0	0	1
19149_sub1	0	1	0	1	0	0	0	1
19149_sub2	0	1	0	1	0	0	0	1
19149_sub3	0	1	0	1	0	0	0	1
19149_sub4	0	1	1	0	0	0	1	0
19149_sub5	0	1	0	1	0	0	0	1
19149_sub6	0	1	1	0	0	0	1	0
1917_sub0	1	18	5	13	5	13	0	0
1917_sub1	0	1	0	1	0	0	0	1
1918_sub0	0	1	1	0	0	0	1	0
1918_sub1	1	13	6	7	6	7	0	0
19181_sub0	1	6	3	3	3	3	0	0
19185_sub0	0	1	0	1	0	0	0	1
19185_sub1	0	1	0	1	0	0	0	1
19185_sub2	0	1	1	0	0	0	1	0
19185_sub3	0	1	0	1	0	0	0	1
19185_sub4	0	1	1	0	0	0	1	0
19185_sub5	0	1	1	0	0	0	1	0
19185_sub6	0	1	0	1	0	0	0	1
1920_sub0	0	1	1	0	0	0	1	0
1920_sub1	1	20	10	10	10	10	0	0
1920_sub2	0	1	0	1	0	0	0	1
1920_sub3	0	1	1	0	0	0	1	0
1920_sub4	0	1	1	0	0	0	1	0
1920_sub5	0	1	0	1	0	0	0	1
19204_sub0	0	1	0	1	0	0	0	1
19204_sub1	0	1	1	0	0	0	1	0
19204_sub2	0	1	0	1	0	0	0	1
19204_sub3	0	1	1	0	0	0	1	0
19204_sub4	0	1	0	1	0	0	0	1
19204_sub5	0	1	0	1	0	0	0	1
19204_sub6	0	1	1	0	0	0	1	0
19205_sub0	0	1	1	0	0	0	1	0
19205_sub1	0	1	1	0	0	0	1	0
19205_sub2	0	1	0	1	0	0	0	1
19205_sub3	0	1	0	1	0	0	0	1
19205_sub4	0	1	1	0	0	0	1	0
19205_sub5	0	1	0	1	0	0	0	1
19209_sub0	0	1	1	0	0	0	1	0
19209_sub1	0	1	0	1	0	0	0	1
19209_sub2	0	1	1	0	0	0	1	0
19209_sub3	0	1	1	0	0	0	1	0
19209_sub4	0	1	1	0	0	0	1	0
19209_sub5	0	1	0	1	0	0	0	1
1921_sub0	0	1	0	1	0	0	0	1
1921_sub1	0	1	0	1	0	0	0	1
1921_sub2	0	1	0	1	0	0	0	1
1921_sub3	0	1	0	1	0	0	0	1
1921_sub4	0	1	1	0	0	0	1	0
1921_sub5	0	1	0	1	0	0	0	1
19212_sub0	0	4	3	1	0	0	3	1
19212_sub1	0	1	1	0	0	0	1	0
19212_sub2	0	1	1	0	0	0	1	0
19212_sub3	0	1	0	1	0	0	0	1
19235_sub0	0	2	0	2	0	0	0	2
19235_sub1	0	1	1	0	0	0	1	0
19235_sub2	0	1	1	0	0	0	1	0
19235_sub3	0	1	0	1	0	0	0	1
19235_sub4	0	1	0	1	0	0	0	1
19237_sub0	0	1	1	0	0	0	1	0
19237_sub1	0	1	0	1	0	0	0	1
19237_sub2	0	1	0	1	0	0	0	1
19237_sub3	0	1	0	1	0	0	0	1
19237_sub4	0	1	1	0	0	0	1	0
19237_sub5	0	1	0	1	0	0	0	1
1926_sub0	1	11	5	6	5	6	0	0
1926_sub1	0	1	0	1	0	0	0	1
1926_sub2	0	1	0	1	0	0	0	1
1926_sub3	0	1	0	1	0	0	0	1
1926_sub4	0	1	0	1	0	0	0	1
1926_sub5	0	1	1	0	0	0	1	0
1926_sub6	0	1	0	1	0	0	0	1
1926_sub7	0	1	1	0	0	0	1	0
1927_sub0	1	28	9	19	9	11	0	8
1927_sub1	0	1	1	0	0	0	1	0
1927_sub2	0	1	0	1	0	0	0	1
1927_sub3	0	1	0	1	0	0	0	1
1927_sub4	0	1	1	0	0	0	1	0
19272_sub0	0	3	2	1	0	0	2	1
19272_sub1	0	1	1	0	0	0	1	0
19272_sub2	0	1	1	0	0	0	1	0
19272_sub3	0	1	0	1	0	0	0	1
19278_sub0	0	1	1	0	0	0	1	0
19278_sub1	0	1	1	0	0	0	1	0
19278_sub2	0	1	1	0	0	0	1	0
19278_sub3	0	1	0	1	0	0	0	1
19278_sub4	0	1	0	1	0	0	0	1
19278_sub5	0	1	0	1	0	0	0	1
19282_sub0	0	1	1	0	0	0	1	0
19282_sub1	0	1	0	1	0	0	0	1
19282_sub2	0	1	1	0	0	0	1	0
19282_sub3	0	1	1	0	0	0	1	0
19282_sub4	0	1	1	0	0	0	1	0
19282_sub5	0	1	0	1	0	0	0	1
19282_sub6	0	1	1	0	0	0	1	0
19289_sub0	0	1	1	0	0	0	1	0
19289_sub1	0	1	0	1	0	0	0	1
19289_sub2	0	1	1	0	0	0	1	0
19289_sub3	0	1	0	1	0	0	0	1
19289_sub4	0	1	0	1	0	0	0	1
19289_sub5	0	1	0	1	0	0	0	1
19295_sub0	0	1	1	0	0	0	1	0
19295_sub1	0	1	1	0	0	0	1	0
19295_sub2	0	1	0	1	0	0	0	1
19295_sub3	0	1	1	0	0	0	1	0
19295_sub4	0	1	1	0	0	0	1	0
19295_sub5	0	1	0	1	0	0	0	1
19300_sub0	0	1	0	1	0	0	0	1
19300_sub1	0	1	1	0	0	0	1	0
19300_sub2	0	1	0	1	0	0	0	1
19300_sub3	0	1	0	1	0	0	0	1
19300_sub4	0	1	1	0	0	0	1	0
19300_sub5	0	1	0	1	0	0	0	1
19322_sub0	1	15	8	7	8	7	0	0
19322_sub1	0	1	1	0	0	0	1	0
19322_sub2	0	1	0	1	0	0	0	1
19322_sub3	0	1	0	1	0	0	0	1
19322_sub4	0	1	0	1	0	0	0	1
19322_sub5	0	1	0	1	0	0	0	1
19322_sub6	0	1	0	1	0	0	0	1
19322_sub7	0	1	1	0	0	0	1	0
19334_sub0	0	3	1	2	0	0	1	2
19334_sub1	0	1	0	1	0	0	0	1
19334_sub2	0	1	1	0	0	0	1	0
19334_sub3	0	1	0	1	0	0	0	1
19334_sub4	0	1	1	0	0	0	1	0
19334_sub5	0	1	0	1	0	0	0	1
19336_sub0	1	17	9	8	9	8	0	0
19336_sub1	0	1	1	0	0	0	1	0
19336_sub2	0	1	0	1	0	0	0	1
1934_sub0	0	1	0	1	0	0	0	1
1934_sub1	0	1	0	1	0	0	0	1
1934_sub2	0	1	0	1	0	0	0	1
1934_sub3	1	19	9	10	9	10	0	0
1934_sub4	0	1	0	1	0	0	0	1
1934_sub5	0	1	1	0	0	0	1	0
1934_sub6	0	1	0	1	0	0	0	1
1934_sub7	0	1	0	1	0	0	0	1
19343_sub0	0	1	1	0	0	0	1	0
19343_sub1	1	8	4	4	4	4	0	0
19343_sub2	0	1	1	0	0	0	1	0
19353_sub0	0	1	1	0	0	0	1	0
19353_sub1	0	1	0	1	0	0	0	1
19353_sub2	1	9	5	4	5	4	0	0
19353_sub3	0	1	1	0	0	0	1	0
19353_sub4	0	1	1	0	0	0	1	0
1937_sub0	0	1	0	1	0	0	0	1
1937_sub1	1	20	12	8	12	8	0	0
1937_sub2	0	1	0	1	0	0	0	1
1937_sub3	0	1	0	1	0	0	0	1
1937_sub4	0	1	1	0	0	0	1	0
19374_sub0	0	1	1	0	0	0	1	0
19374_sub1	0	1	0	1	0	0	0	1
19374_sub2	0	1	1	0	0	0	1	0
19374_sub3	0	1	1	0	0	0	1	0
19374_sub4	0	1	0	1	0	0	0	1
19374_sub5	0	1	1	0	0	0	1	0
19374_sub6	0	1	1	0	0	0	1	0
19374_sub7	0	1	0	1	0	0	0	1
19383_sub0	1	6	2	4	2	4	0	0
19388_sub0	0	1	1	0	0	0	1	0
19388_sub1	1	14	5	9	5	9	0	0
19388_sub2	0	1	0	1	0	0	0	1
19388_sub3	0	1	0	1	0	0	0	1
194_sub0	0	1	1	0	0	0	1	0
194_sub1	0	1	0	1	0	0	0	1
194_sub2	1	16	9	7	9	7	0	0
194_sub3	0	1	1	0	0	0	1	0
194_sub4	0	1	0	1	0	0	0	1
194_sub5	0	1	0	1	0	0	0	1
194_sub6	0	1	1	0	0	0	1	0
194_sub7	0	1	1	0	0	0	1	0
194_sub8	0	1	1	0	0	0	1	0
1941_sub0	1	20	10	10	10	10	0	0
1941_sub1	0	1	0	1	0	0	0	1
1941_sub2	0	1	1	0	0	0	1	0
1941_sub3	0	1	0	1	0	0	0	1
1941_sub4	0	1	1	0	0	0	1	0
1941_sub5	0	1	0	1	0	0	0	1
1941_sub6	0	1	0	1	0	0	0	1
1941_sub7	0	1	0	1	0	0	0	1
19414_sub0	0	1	1	0	0	0	1	0
19414_sub1	0	1	1	0	0	0	1	0
19414_sub2	0	1	1	0	0	0	1	0
19414_sub3	0	1	0	1	0	0	0	1
19414_sub4	0	1	1	0	0	0	1	0
19414_sub5	0	1	1	0	0	0	1	0
19414_sub6	0	1	0	1	0	0	0	1
1946_sub0	0	1	0	1	0	0	0	1
1946_sub1	1	20	12	8	12	8	0	0
1946_sub2	0	1	0	1	0	0	0	1
1946_sub3	0	1	1	0	0	0	1	0
1946_sub4	0	1	1	0	0	0	1	0
1946_sub5	0	1	1	0	0	0	1	0
1946_sub6	0	1	1	0	0	0	1	0
1946_sub7	0	1	0	1	0	0	0	1
1948_sub0	1	9	4	5	4	5	0	0
19481_sub0	0	1	0	1	0	0	0	1
19481_sub1	0	1	1	0	0	0	1	0
19481_sub2	0	1	0	1	0	0	0	1
19481_sub3	0	1	0	1	0	0	0	1
19481_sub4	0	1	1	0	0	0	1	0
19481_sub5	0	1	0	1	0	0	0	1
19481_sub6	0	1	1	0	0	0	1	0
19492_sub0	0	1	0	1	0	0	0	1
19492_sub1	0	1	1	0	0	0	1	0
19492_sub2	0	1	0	1	0	0	0	1
19492_sub3	0	1	0	1	0	0	0	1
19492_sub4	0	1	1	0	0	0	1	0
19492_sub5	0	1	0	1	0	0	0	1
19499_sub0	0	1	1	0	0	0	1	0
19499_sub1	0	1	1	0	0	0	1	0
19499_sub2	0	1	1	0	0	0	1	0
19499_sub3	0	1	0	1	0	0	0	1
19499_sub4	0	1	1	0	0	0	1	0
19499_sub5	0	1	0	1	0	0	0	1
19499_sub6	0	1	0	1	0	0	0	1
1952_sub0	0	1	1	0	0	0	1	0
1952_sub1	0	5	3	2	0	0	3	2
19527_sub0	0	1	0	1	0	0	0	1
19527_sub1	0	1	1	0	0	0	1	0
19527_sub2	0	1	0	1	0	0	0	1
19527_sub3	0	1	1	0	0	0	1	0
19527_sub4	0	1	0	1	0	0	0	1
19527_sub5	0	1	0	1	0	0	0	1
19527_sub6	0	1	1	0	0	0	1	0
19527_sub7	0	1	1	0	0	0	1	0
1953_sub0	1	17	7	10	7	10	0	0
1953_sub1	0	1	0	1	0	0	0	1
19532_sub0	0	1	0	1	0	0	0	1
19532_sub1	0	1	1	0	0	0	1	0
19532_sub2	0	1	0	1	0	0	0	1
19532_sub3	0	1	0	1	0	0	0	1
19532_sub4	0	1	1	0	0	0	1	0
19532_sub5	0	1	1	0	0	0	1	0
19532_sub6	0	1	1	0	0	0	1	0
19532_sub7	0	1	0	1	0	0	0	1
19535_sub0	1	7	3	4	3	4	0	0
19535_sub1	0	1	1	0	0	0	1	0
19535_sub2	0	1	1	0	0	0	1	0
19535_sub3	0	1	0	1	0	0	0	1
19535_sub4	0	1	1	0	0	0	1	0
19541_sub0	0	1	0	1	0	0	0	1
19541_sub1	0	1	0	1	0	0	0	1
19541_sub2	0	1	0	1	0	0	0	1
19541_sub3	0	1	1	0	0	0	1	0
19541_sub4	0	1	0	1	0	0	0	1
19541_sub5	0	1	0	1	0	0	0	1
19541_sub6	0	1	0	1	0	0	0	1
19541_sub7	0	1	0	1	0	0	0	1
19559_sub0	0	1	0	1	0	0	0	1
19559_sub1	0	1	1	0	0	0	1	0
19559_sub2	0	1	0	1	0	0	0	1
19559_sub3	0	1	0	1	0	0	0	1
19559_sub4	0	1	1	0	0	0	1	0
19559_sub5	0	1	1	0	0	0	1	0
1956_sub0	0	1	0	1	0	0	0	1
1956_sub1	0	1	1	0	0	0	1	0
1956_sub2	0	1	1	0	0	0	1	0
1956_sub3	0	1	0	1	0	0	0	1
1956_sub4	0	1	0	1	0	0	0	1
1956_sub5	0	1	1	0	0	0	1	0
1958_sub0	1	8	3	5	3	5	0	0
1958_sub1	0	1	1	0	0	0	1	0
1959_sub0	0	1	1	0	0	0	1	0
1959_sub1	1	35	18	17	10	10	8	7
1959_sub2	0	1	1	0	0	0	1	0
19624_sub0	1	16	7	9	7	9	0	0
19624_sub1	0	1	1	0	0	0	1	0
19629_sub0	0	1	1	0	0	0	1	0
19629_sub1	0	1	0	1	0	0	0	1
19629_sub2	0	1	1	0	0	0	1	0
19629_sub3	0	1	1	0	0	0	1	0
19629_sub4	0	1	1	0	0	0	1	0
19629_sub5	0	1	1	0	0	0	1	0
19629_sub6	0	1	1	0	0	0	1	0
19629_sub7	0	1	0	1	0	0	0	1
19655_sub0	1	6	5	1	5	1	0	0
19655_sub1	0	1	0	1	0	0	0	1
19655_sub2	0	1	1	0	0	0	1	0
19655_sub3	0	1	0	1	0	0	0	1
19657_sub0	0	1	0	1	0	0	0	1
19657_sub1	0	1	1	0	0	0	1	0
19657_sub2	0	1	1	0	0	0	1	0
19657_sub3	0	1	1	0	0	0	1	0
19657_sub4	0	1	1	0	0	0	1	0
19657_sub5	0	1	0	1	0	0	0	1
19657_sub6	0	1	0	1	0	0	0	1
19657_sub7	0	1	0	1	0	0	0	1
19667_sub0	0	1	1	0	0	0	1	0
19667_sub1	0	1	0	1	0	0	0	1
19667_sub2	0	2	1	1	0	0	1	1
19667_sub3	0	1	0	1	0	0	0	1
19667_sub4	0	1	1	0	0	0	1	0
19667_sub5	0	1	1	0	0	0	1	0
19667_sub6	0	1	1	0	0	0	1	0
19667_sub7	0	1	1	0	0	0	1	0
19667_sub8	0	1	1	0	0	0	1	0
19667_sub9	0	1	0	1	0	0	0	1
19668_sub0	1	7	4	3	4	3	0	0
19668_sub1	0	1	1	0	0	0	1	0
19668_sub2	0	1	0	1	0	0	0	1
19675_sub0	0	1	1	0	0	0	1	0
19675_sub1	0	1	1	0	0	0	1	0
19675_sub2	0	1	1	0	0	0	1	0
19675_sub3	0	1	0	1	0	0	0	1
19675_sub4	0	1	0	1	0	0	0	1
19675_sub5	0	1	0	1	0	0	0	1
19675_sub6	0	1	0	1	0	0	0	1
1968_sub0	0	1	1	0	0	0	1	0
1968_sub1	1	21	11	10	10	10	1	0
1968_sub2	0	1	1	0	0	0	1	0
1968_sub3	0	1	1	0	0	0	1	0
1968_sub4	0	1	0	1	0	0	0	1
1968_sub5	0	1	0	1	0	0	0	1
19690_sub0	0	1	0	1	0	0	0	1
19690_sub1	1	11	3	8	3	8	0	0
19690_sub2	0	1	0	1	0	0	0	1
19690_sub3	0	1	0	1	0	0	0	1
19690_sub4	0	1	0	1	0	0	0	1
19696_sub0	0	1	1	0	0	0	1	0
19696_sub1	0	1	1	0	0	0	1	0
19696_sub2	0	1	1	0	0	0	1	0
19696_sub3	0	1	1	0	0	0	1	0
19696_sub4	0	1	1	0	0	0	1	0
19696_sub5	0	1	0	1	0	0	0	1
19696_sub6	0	1	0	1	0	0	0	1
1970_sub0	0	1	0	1	0	0	0	1
1970_sub1	0	1	0	1	0	0	0	1
1970_sub2	1	20	9	11	9	11	0	0
1970_sub3	0	1	1	0	0	0	1	0
1970_sub4	0	1	0	1	0	0	0	1
19705_sub0	1	20	9	11	9	11	0	0
19706_sub0	0	1	0	1	0	0	0	1
19706_sub1	1	6	1	5	1	5	0	0
1972_sub0	1	27	14	13	10	10	4	3
1972_sub1	0	1	1	0	0	0	1	0
1972_sub2	0	2	0	2	0	0	0	2
1972_sub3	0	1	0	1	0	0	0	1
19721_sub0	0	1	0	1	0	0	0	1
19721_sub1	0	1	0	1	0	0	0	1
19721_sub2	0	1	1	0	0	0	1	0
19721_sub3	0	1	0	1	0	0	0	1
19721_sub4	0	1	1	0	0	0	1	0
19721_sub5	0	1	1	0	0	0	1	0
19721_sub6	0	1	0	1	0	0	0	1
19721_sub7	0	1	1	0	0	0	1	0
19721_sub8	0	1	0	1	0	0	0	1
19741_sub0	1	9	3	6	3	6	0	0
19741_sub1	0	1	0	1	0	0	0	1
19743_sub0	0	1	1	0	0	0	1	0
19743_sub1	0	1	0	1	0	0	0	1
19743_sub2	0	1	1	0	0	0	1	0
19743_sub3	0	1	0	1	0	0	0	1
19743_sub4	0	1	0	1	0	0	0	1
19743_sub5	0	1	0	1	0	0	0	1
19751_sub0	0	1	1	0	0	0	1	0
19751_sub1	1	20	9	11	9	11	0	0
19751_sub2	0	1	0	1	0	0	0	1
19751_sub3	0	1	1	0	0	0	1	0
19763_sub0	0	1	1	0	0	0	1	0
19763_sub1	0	1	0	1	0	0	0	1
19763_sub2	0	1	1	0	0	0	1	0
19763_sub3	0	1	0	1	0	0	0	1
19763_sub4	0	1	1	0	0	0	1	0
19763_sub5	0	1	1	0	0	0	1	0
19763_sub6	0	1	0	1	0	0	0	1
19763_sub7	0	1	1	0	0	0	1	0
19763_sub8	0	1	0	1	0	0	0	1
19773_sub0	0	1	1	0	0	0	1	0
19773_sub1	0	3	2	1	0	0	2	1
19773_sub2	0	1	0	1	0	0	0	1
19773_sub3	0	1	0	1	0	0	0	1
19773_sub4	0	1	0	1	0	0	0	1
19773_sub5	0	1	1	0	0	0	1	0
19773_sub6	0	1	1	0	0	0	1	0
19774_sub0	0	1	0	1	0	0	0	1
19774_sub1	0	1	1	0	0	0	1	0
19774_sub2	0	1	0	1	0	0	0	1
19774_sub3	0	1	0	1	0	0	0	1
19774_sub4	0	1	0	1	0	0	0	1
19774_sub5	0	1	0	1	0	0	0	1
19778_sub0	0	1	0	1	0	0	0	1
19778_sub1	1	11	7	4	7	4	0	0
19778_sub2	0	1	1	0	0	0	1	0
19778_sub3	0	1	1	0	0	0	1	0
19778_sub4	0	1	1	0	0	0	1	0
19778_sub5	0	1	1	0	0	0	1	0
19779_sub0	0	1	0	1	0	0	0	1
19779_sub1	0	1	0	1	0	0	0	1
19779_sub2	0	1	0	1	0	0	0	1
19779_sub3	0	1	1	0	0	0	1	0
19779_sub4	0	1	1	0	0	0	1	0
19779_sub5	0	1	0	1	0	0	0	1
1979_sub0	1	7	4	3	4	3	0	0
1979_sub1	0	1	0	1	0	0	0	1
1979_sub2	0	1	1	0	0	0	1	0
19791_sub0	0	1	0	1	0	0	0	1
19791_sub1	0	1	1	0	0	0	1	0
19791_sub2	0	1	1	0	0	0	1	0
19791_sub3	0	1	0	1	0	0	0	1
19791_sub4	0	1	1	0	0	0	1	0
19791_sub5	0	1	0	1	0	0	0	1
1981_sub0	1	23	11	12	10	10	1	2
1981_sub1	0	1	0	1	0	0	0	1
1981_sub2	0	1	1	0	0	0	1	0
1981_sub3	0	1	0	1	0	0	0	1
1981_sub4	0	1	0	1	0	0	0	1
1981_sub5	0	1	1	0	0	0	1	0
1981_sub6	0	1	0	1	0	0	0	1
1981_sub7	0	1	0	1	0	0	0	1
1981_sub8	0	1	0	1	0	0	0	1
19828_sub0	0	1	1	0	0	0	1	0
19828_sub1	0	1	1	0	0	0	1	0
19828_sub2	0	1	1	0	0	0	1	0
19828_sub3	0	2	1	1	0	0	1	1
19828_sub4	0	1	0	1	0	0	0	1
19828_sub5	0	1	1	0	0	0	1	0
19840_sub0	0	1	1	0	0	0	1	0
19840_sub1	0	1	1	0	0	0	1	0
19840_sub2	0	1	0	1	0	0	0	1
19840_sub3	0	1	0	1	0	0	0	1
19840_sub4	0	1	1	0	0	0	1	0
19840_sub5	0	1	0	1	0	0	0	1
19840_sub6	0	1	1	0	0	0	1	0
1985_sub0	1	17	9	8	9	8	0	0
1985_sub1	0	1	0	1	0	0	0	1
1985_sub2	0	1	0	1	0	0	0	1
19850_sub0	0	1	1	0	0	0	1	0
19850_sub1	0	2	2	0	0	0	2	0
19850_sub2	0	1	0	1	0	0	0	1
19850_sub3	0	1	1	0	0	0	1	0
19850_sub4	0	1	0	1	0	0	0	1
1986_sub0	1	14	8	6	8	6	0	0
1986_sub1	0	1	0	1	0	0	0	1
1986_sub2	0	1	0	1	0	0	0	1
1986_sub3	0	1	1	0	0	0	1	0
1986_sub4	0	1	1	0	0	0	1	0
1986_sub5	0	1	0	1	0	0	0	1
1986_sub6	0	1	0	1	0	0	0	1
1987_sub0	0	1	0	1	0	0	0	1
1987_sub1	0	1	0	1	0	0	0	1
1987_sub2	0	1	1	0	0	0	1	0
1987_sub3	0	1	0	1	0	0	0	1
1987_sub4	0	1	1	0	0	0	1	0
1987_sub5	0	1	1	0	0	0	1	0
1987_sub6	0	1	1	0	0	0	1	0
19877_sub0	0	1	0	1	0	0	0	1
19877_sub1	0	1	0	1	0	0	0	1
19877_sub2	0	1	0	1	0	0	0	1
19877_sub3	0	1	1	0	0	0	1	0
19877_sub4	0	1	1	0	0	0	1	0
19877_sub5	0	1	0	1	0	0	0	1
19877_sub6	0	1	1	0	0	0	1	0
19877_sub7	0	1	0	1	0	0	0	1
1988_sub0	1	11	8	3	8	3	0	0
1988_sub1	0	1	0	1	0	0	0	1
19884_sub0	0	1	0	1	0	0	0	1
19884_sub1	0	1	0	1	0	0	0	1
19884_sub2	0	1	1	0	0	0	1	0
19884_sub3	0	1	1	0	0	0	1	0
19884_sub4	0	1	1	0	0	0	1	0
19884_sub5	0	1	1	0	0	0	1	0
19892_sub0	0	1	0	1	0	0	0	1
19892_sub1	0	1	0	1	0	0	0	1
19892_sub2	0	1	0	1	0	0	0	1
19892_sub3	0	1	1	0	0	0	1	0
19892_sub4	0	1	0	1	0	0	0	1
19892_sub5	0	1	0	1	0	0	0	1
19896_sub0	0	1	0	1	0	0	0	1
19896_sub1	0	1	1	0	0	0	1	0
19896_sub2	0	1	1	0	0	0	1	0
19896_sub3	0	1	1	0	0	0	1	0
19896_sub4	0	1	0	1	0	0	0	1
19896_sub5	0	1	0	1	0	0	0	1
19896_sub6	0	1	1	0	0	0	1	0
19896_sub7	0	1	0	1	0	0	0	1
19898_sub0	0	4	3	1	0	0	3	1
19898_sub1	0	1	0	1	0	0	0	1
19898_sub2	0	1	0	1	0	0	0	1
19898_sub3	0	1	0	1	0	0	0	1
1990_sub0	0	1	0	1	0	0	0	1
1990_sub1	0	1	0	1	0	0	0	1
1990_sub2	1	9	5	4	5	4	0	0
19904_sub0	0	1	1	0	0	0	1	0
19904_sub1	0	1	1	0	0	0	1	0
19904_sub2	0	1	0	1	0	0	0	1
19904_sub3	0	1	0	1	0	0	0	1
19904_sub4	0	1	0	1	0	0	0	1
19904_sub5	0	1	1	0	0	0	1	0
19904_sub6	0	1	1	0	0	0	1	0
1991_sub0	1	24	15	9	11	9	4	0
1991_sub1	0	1	1	0	0	0	1	0
1991_sub2	0	1	1	0	0	0	1	0
1991_sub3	0	1	1	0	0	0	1	0
1991_sub4	0	1	1	0	0	0	1	0
19914_sub0	0	1	1	0	0	0	1	0
19914_sub1	0	1	0	1	0	0	0	1
19914_sub2	0	1	1	0	0	0	1	0
19914_sub3	0	1	0	1	0	0	0	1
19914_sub4	0	1	1	0	0	0	1	0
19914_sub5	0	1	0	1	0	0	0	1
19914_sub6	0	1	0	1	0	0	0	1
19914_sub7	0	1	1	0	0	0	1	0
19916_sub0	0	1	1	0	0	0	1	0
19916_sub1	0	1	0	1	0	0	0	1
19916_sub2	0	1	1	0	0	0	1	0
19916_sub3	0	1	1	0	0	0	1	0
19916_sub4	0	1	1	0	0	0	1	0
19916_sub5	0	1	1	0	0	0	1	0
19926_sub0	0	1	1	0	0	0	1	0
19926_sub1	0	1	1	0	0	0	1	0
19926_sub2	0	1	1	0	0	0	1	0
19926_sub3	0	1	0	1	0	0	0	1
19926_sub4	0	1	0	1	0	0	0	1
19926_sub5	0	1	1	0	0	0	1	0
19927_sub0	0	1	1	0	0	0	1	0
19927_sub1	0	1	1	0	0	0	1	0
19927_sub2	0	1	1	0	0	0	1	0
19927_sub3	0	1	1	0	0	0	1	0
19927_sub4	0	1	0	1	0	0	0	1
19927_sub5	0	1	0	1	0	0	0	1
19945_sub0	0	1	1	0	0	0	1	0
19945_sub1	0	1	1	0	0	0	1	0
19945_sub2	0	1	0	1	0	0	0	1
19945_sub3	0	1	0	1	0	0	0	1
19945_sub4	0	1	1	0	0	0	1	0
19945_sub5	0	1	1	0	0	0	1	0
19950_sub0	0	1	0	1	0	0	0	1
19950_sub1	0	1	1	0	0	0	1	0
19950_sub2	0	1	1	0	0	0	1	0
19950_sub3	0	1	1	0	0	0	1	0
19950_sub4	0	1	0	1	0	0	0	1
19950_sub5	0	1	1	0	0	0	1	0
19950_sub6	0	1	0	1	0	0	0	1
19951_sub0	0	1	1	0	0	0	1	0
19951_sub1	1	13	8	5	8	5	0	0
19951_sub2	0	1	0	1	0	0	0	1
19951_sub3	0	1	0	1	0	0	0	1
1996_sub0	1	13	5	8	5	8	0	0
1996_sub1	0	1	1	0	0	0	1	0
1996_sub2	0	1	0	1	0	0	0	1
1996_sub3	0	1	0	1	0	0	0	1
1996_sub4	0	1	1	0	0	0	1	0
1996_sub5	0	1	0	1	0	0	0	1
19968_sub0	0	2	0	2	0	0	0	2
19968_sub1	0	2	1	1	0	0	1	1
19968_sub2	0	1	0	1	0	0	0	1
19968_sub3	0	1	1	0	0	0	1	0
19968_sub4	0	1	1	0	0	0	1	0
1997_sub0	0	1	1	0	0	0	1	0
1997_sub1	0	1	1	0	0	0	1	0
1997_sub2	0	1	0	1	0	0	0	1
1997_sub3	0	1	0	1	0	0	0	1
1997_sub4	0	1	0	1	0	0	0	1
1997_sub5	0	1	0	1	0	0	0	1
19992_sub0	1	18	9	9	9	9	0	0
19994_sub0	0	1	0	1	0	0	0	1
19994_sub1	0	1	1	0	0	0	1	0
19994_sub2	0	2	1	1	0	0	1	1
19994_sub3	0	1	1	0	0	0	1	0
19994_sub4	0	1	0	1	0	0	0	1
20007_sub0	1	26	11	15	10	10	1	5
20007_sub1	0	1	1	0	0	0	1	0
20007_sub2	0	1	0	1	0	0	0	1
20007_sub3	0	1	0	1	0	0	0	1
20023_sub0	0	1	0	1	0	0	0	1
20023_sub1	1	8	3	5	3	5	0	0
20023_sub2	0	1	0	1	0	0	0	1
20023_sub3	0	1	0	1	0	0	0	1
2004_sub0	1	8	4	4	4	4	0	0
2004_sub1	0	1	0	1	0	0	0	1
2004_sub2	0	1	0	1	0	0	0	1
20048_sub0	0	1	1	0	0	0	1	0
20048_sub1	0	1	0	1	0	0	0	1
20048_sub2	0	1	1	0	0	0	1	0
20048_sub3	0	1	1	0	0	0	1	0
20048_sub4	0	1	0	1	0	0	0	1
20048_sub5	0	1	1	0	0	0	1	0
20048_sub6	0	1	1	0	0	0	1	0
2005_sub0	1	28	11	17	10	10	1	7
2005_sub1	0	1	1	0	0	0	1	0
2005_sub2	0	1	0	1	0	0	0	1
2005_sub3	0	1	0	1	0	0	0	1
2005_sub4	0	1	1	0	0	0	1	0
2005_sub5	0	1	0	1	0	0	0	1
20060_sub0	1	11	7	4	7	4	0	0
20060_sub1	0	1	1	0	0	0	1	0
20060_sub2	0	1	0	1	0	0	0	1
20066_sub0	0	1	0	1	0	0	0	1
20066_sub1	1	8	6	2	6	2	0	0
20067_sub0	0	1	1	0	0	0	1	0
20067_sub1	0	1	1	0	0	0	1	0
20067_sub2	0	1	1	0	0	0	1	0
20067_sub3	0	1	0	1	0	0	0	1
20067_sub4	0	1	1	0	0	0	1	0
20067_sub5	0	1	1	0	0	0	1	0
20090_sub0	0	1	0	1	0	0	0	1
20090_sub1	0	1	1	0	0	0	1	0
20090_sub2	0	1	0	1	0	0	0	1
20090_sub3	0	1	0	1	0	0	0	1
20090_sub4	0	1	0	1	0	0	0	1
20090_sub5	0	1	1	0	0	0	1	0
20091_sub0	0	1	1	0	0	0	1	0
20091_sub1	0	1	0	1	0	0	0	1
20091_sub2	0	1	0	1	0	0	0	1
20091_sub3	0	1	1	0	0	0	1	0
20091_sub4	0	1	1	0	0	0	1	0
20091_sub5	0	1	0	1	0	0	0	1
20091_sub6	0	1	1	0	0	0	1	0
20091_sub7	0	1	0	1	0	0	0	1
201_sub0	0	1	0	1	0	0	0	1
201_sub1	0	1	0	1	0	0	0	1
201_sub2	0	1	1	0	0	0	1	0
201_sub3	1	20	9	11	9	11	0	0
201_sub4	0	1	1	0	0	0	1	0
201_sub5	0	1	0	1	0	0	0	1
201_sub6	0	1	0	1	0	0	0	1
201_sub7	0	1	0	1	0	0	0	1
201_sub8	0	1	1	0	0	0	1	0
201_sub9	0	1	1	0	0	0	1	0
201_sub10	0	1	0	1	0	0	0	1
2010_sub0	0	1	0	1	0	0	0	1
2010_sub1	0	1	1	0	0	0	1	0
2010_sub2	0	1	1	0	0	0	1	0
2010_sub3	1	14	8	6	8	6	0	0
2010_sub4	0	1	1	0	0	0	1	0
2010_sub5	0	1	1	0	0	0	1	0
2011_sub0	1	23	7	16	7	13	0	3
2011_sub1	0	1	0	1	0	0	0	1
2011_sub2	0	1	1	0	0	0	1	0
2011_sub3	0	1	1	0	0	0	1	0
20116_sub0	0	1	0	1	0	0	0	1
20116_sub1	0	1	1	0	0	0	1	0
20116_sub2	0	1	0	1	0	0	0	1
20116_sub3	0	2	1	1	0	0	1	1
20116_sub4	0	1	1	0	0	0	1	0
20121_sub0	0	1	0	1	0	0	0	1
20121_sub1	0	1	0	1	0	0	0	1
20121_sub2	0	1	1	0	0	0	1	0
20121_sub3	0	1	1	0	0	0	1	0
20121_sub4	0	1	0	1	0	0	0	1
20121_sub5	0	1	1	0	0	0	1	0
2013_sub0	0	1	1	0	0	0	1	0
2013_sub1	0	1	1	0	0	0	1	0
2013_sub2	0	1	1	0	0	0	1	0
2013_sub3	1	23	13	10	10	10	3	0
2013_sub4	0	1	1	0	0	0	1	0
2013_sub5	0	1	1	0	0	0	1	0
2013_sub6	0	1	1	0	0	0	1	0
2013_sub7	0	1	0	1	0	0	0	1
2013_sub8	0	1	1	0	0	0	1	0
2013_sub9	0	1	0	1	0	0	0	1
2014_sub0	0	1	1	0	0	0	1	0
2014_sub1	0	1	1	0	0	0	1	0
2014_sub2	1	12	6	6	6	6	0	0
2014_sub3	0	1	0	1	0	0	0	1
2014_sub4	0	1	0	1	0	0	0	1
2014_sub5	0	1	0	1	0	0	0	1
20151_sub0	0	1	0	1	0	0	0	1
20151_sub1	0	1	0	1	0	0	0	1
20151_sub2	0	1	1	0	0	0	1	0
20151_sub3	0	1	1	0	0	0	1	0
20151_sub4	0	1	0	1	0	0	0	1
20151_sub5	0	1	0	1	0	0	0	1
20151_sub6	0	1	0	1	0	0	0	1
20155_sub0	0	1	1	0	0	0	1	0
20155_sub1	0	1	1	0	0	0	1	0
20155_sub2	0	1	1	0	0	0	1	0
20155_sub3	0	1	0	1	0	0	0	1
20155_sub4	0	1	1	0	0	0	1	0
20155_sub5	0	1	0	1	0	0	0	1
20155_sub6	0	1	0	1	0	0	0	1
20187_sub0	0	1	0	1	0	0	0	1
20187_sub1	1	12	7	5	7	5	0	0
20189_sub0	0	1	0	1	0	0	0	1
20189_sub1	0	1	0	1	0	0	0	1
20189_sub2	0	1	0	1	0	0	0	1
20189_sub3	0	1	0	1	0	0	0	1
20189_sub4	0	1	1	0	0	0	1	0
20189_sub5	0	1	1	0	0	0	1	0
20189_sub6	0	1	1	0	0	0	1	0
20189_sub7	0	1	1	0	0	0	1	0
2019_sub0	1	9	6	3	6	3	0	0
2019_sub1	0	1	0	1	0	0	0	1
2019_sub2	0	1	0	1	0	0	0	1
202_sub0	0	1	0	1	0	0	0	1
202_sub1	1	16	7	9	7	9	0	0
202_sub2	0	1	0	1	0	0	0	1
202_sub3	0	1	0	1	0	0	0	1
202_sub4	0	1	0	1	0	0	0	1
202_sub5	0	1	1	0	0	0	1	0
20207_sub0	0	1	1	0	0	0	1	0
20207_sub1	1	8	4	4	4	4	0	0
20207_sub2	0	1	1	0	0	0	1	0
20207_sub3	0	1	0	1	0	0	0	1
20229_sub0	0	1	0	1	0	0	0	1
20229_sub1	0	1	0	1	0	0	0	1
20229_sub2	0	1	0	1	0	0	0	1
20229_sub3	0	1	0	1	0	0	0	1
20229_sub4	0	1	0	1	0	0	0	1
20229_sub5	0	1	1	0	0	0	1	0
20229_sub6	0	1	0	1	0	0	0	1
2023_sub0	0	1	1	0	0	0	1	0
2023_sub1	1	9	4	5	4	5	0	0
20230_sub0	0	5	2	3	0	0	2	3
20230_sub1	0	1	0	1	0	0	0	1
20248_sub0	0	1	0	1	0	0	0	1
20248_sub1	0	1	0	1	0	0	0	1
20248_sub2	0	1	0	1	0	0	0	1
20248_sub3	0	1	0	1	0	0	0	1
20248_sub4	0	1	0	1	0	0	0	1
20248_sub5	0	1	0	1	0	0	0	1
2025_sub0	1	19	6	13	6	13	0	0
2025_sub1	0	1	0	1	0	0	0	1
2025_sub2	0	1	1	0	0	0	1	0
2025_sub3	0	1	1	0	0	0	1	0
2025_sub4	0	1	1	0	0	0	1	0
20262_sub0	0	1	0	1	0	0	0	1
20262_sub1	1	18	8	10	8	10	0	0
20262_sub2	0	1	0	1	0	0	0	1
20262_sub3	0	1	0	1	0	0	0	1
20262_sub4	0	1	0	1	0	0	0	1
20262_sub5	0	1	0	1	0	0	0	1
20267_sub0	0	1	0	1	0	0	0	1
20267_sub1	0	1	1	0	0	0	1	0
20267_sub2	0	2	1	1	0	0	1	1
20267_sub3	0	1	0	1	0	0	0	1
20267_sub4	0	1	0	1	0	0	0	1
2028_sub0	0	2	2	0	0	0	2	0
2028_sub1	1	16	6	10	6	10	0	0
2028_sub2	0	1	0	1	0	0	0	1
2028_sub3	0	2	2	0	0	0	2	0
2028_sub4	0	1	0	1	0	0	0	1
2028_sub5	0	1	0	1	0	0	0	1
20280_sub0	0	2	1	1	0	0	1	1
20280_sub1	0	1	1	0	0	0	1	0
20280_sub2	0	1	1	0	0	0	1	0
20280_sub3	0	1	1	0	0	0	1	0
20280_sub4	0	1	0	1	0	0	0	1
20280_sub5	0	1	0	1	0	0	0	1
20280_sub6	0	1	1	0	0	0	1	0
20280_sub7	0	1	1	0	0	0	1	0
20280_sub8	0	1	1	0	0	0	1	0
20287_sub0	0	1	1	0	0	0	1	0
20287_sub1	0	1	0	1	0	0	0	1
20287_sub2	0	1	1	0	0	0	1	0
20287_sub3	0	1	0	1	0	0	0	1
20287_sub4	0	1	1	0	0	0	1	0
20287_sub5	0	1	1	0	0	0	1	0
2029_sub0	0	1	1	0	0	0	1	0
2029_sub1	0	5	2	3	0	0	2	3
2029_sub2	0	1	0	1	0	0	0	1
203_sub0	0	1	0	1	0	0	0	1
203_sub1	0	1	0	1	0	0	0	1
203_sub2	1	7	3	4	3	4	0	0
2030_sub0	0	1	0	1	0	0	0	1
2030_sub1	0	1	0	1	0	0	0	1
2030_sub2	0	1	0	1	0	0	0	1
2030_sub3	0	1	1	0	0	0	1	0
2030_sub4	0	1	0	1	0	0	0	1
2030_sub5	0	1	0	1	0	0	0	1
2030_sub6	0	1	1	0	0	0	1	0
2030_sub7	0	1	0	1	0	0	0	1
2031_sub0	1	27	18	9	11	9	7	0
2031_sub1	0	1	0	1	0	0	0	1
2031_sub2	0	1	1	0	0	0	1	0
2031_sub3	0	1	0	1	0	0	0	1
2031_sub4	0	1	1	0	0	0	1	0
2031_sub5	0	1	1	0	0	0	1	0
2031_sub6	0	1	1	0	0	0	1	0
2032_sub0	0	1	1	0	0	0	1	0
2032_sub1	1	6	4	2	4	2	0	0
2032_sub2	0	1	0	1	0	0	0	1
20334_sub0	0	4	1	3	0	0	1	3
20334_sub1	0	1	0	1	0	0	0	1
20334_sub2	0	1	0	1	0	0	0	1
20345_sub0	1	13	4	9	4	9	0	0
20345_sub1	0	1	1	0	0	0	1	0
20345_sub2	0	1	1	0	0	0	1	0
20345_sub3	0	1	0	1	0	0	0	1
20345_sub4	0	1	0	1	0	0	0	1
20345_sub5	0	1	1	0	0	0	1	0
20345_sub6	0	1	0	1	0	0	0	1
20345_sub7	0	1	1	0	0	0	1	0
20345_sub8	0	1	0	1	0	0	0	1
20345_sub9	0	1	0	1	0	0	0	1
20354_sub0	0	1	1	0	0	0	1	0
20354_sub1	1	7	3	4	3	4	0	0
20354_sub2	0	1	1	0	0	0	1	0
20368_sub0	0	1	1	0	0	0	1	0
20368_sub1	1	18	5	13	5	13	0	0
20379_sub0	0	1	0	1	0	0	0	1
20379_sub1	0	1	1	0	0	0	1	0
20379_sub2	0	1	0	1	0	0	0	1
20379_sub3	0	1	1	0	0	0	1	0
20379_sub4	0	1	1	0	0	0	1	0
20379_sub5	0	1	1	0	0	0	1	0
2039_sub0	0	1	0	1	0	0	0	1
2039_sub1	1	20	12	8	12	8	0	0
2039_sub2	0	1	0	1	0	0	0	1
2039_sub3	0	1	1	0	0	0	1	0
2039_sub4	0	1	1	0	0	0	1	0
20392_sub0	1	16	7	9	7	9	0	0
20412_sub0	1	15	6	9	6	9	0	0
20412_sub1	0	1	1	0	0	0	1	0
20412_sub2	0	1	0	1	0	0	0	1
20412_sub3	0	1	1	0	0	0	1	0
20416_sub0	0	2	1	1	0	0	1	1
20416_sub1	0	1	0	1	0	0	0	1
20416_sub2	0	1	0	1	0	0	0	1
20416_sub3	0	1	1	0	0	0	1	0
20416_sub4	0	1	1	0	0	0	1	0
2042_sub0	1	7	1	6	1	6	0	0
2042_sub1	0	1	1	0	0	0	1	0
2042_sub2	0	1	1	0	0	0	1	0
2042_sub3	0	1	0	1	0	0	0	1
2042_sub4	0	1	1	0	0	0	1	0
2042_sub5	0	1	1	0	0	0	1	0
2042_sub6	0	1	0	1	0	0	0	1
20457_sub0	0	1	0	1	0	0	0	1
20457_sub1	0	1	0	1	0	0	0	1
20457_sub2	0	1	1	0	0	0	1	0
20457_sub3	0	1	0	1	0	0	0	1
20457_sub4	0	1	0	1	0	0	0	1
20457_sub5	0	1	0	1	0	0	0	1
20492_sub0	0	1	1	0	0	0	1	0
20492_sub1	1	7	4	3	4	3	0	0
20521_sub0	0	1	1	0	0	0	1	0
20521_sub1	0	2	1	1	0	0	1	1
20521_sub2	0	1	1	0	0	0	1	0
20521_sub3	0	1	1	0	0	0	1	0
20521_sub4	0	1	1	0	0	0	1	0
20532_sub0	0	1	1	0	0	0	1	0
20532_sub1	0	1	0	1	0	0	0	1
20532_sub2	0	1	1	0	0	0	1	0
20532_sub3	0	1	1	0	0	0	1	0
20532_sub4	0	1	1	0	0	0	1	0
20532_sub5	0	1	0	1	0	0	0	1
20532_sub6	0	1	1	0	0	0	1	0
20532_sub7	0	1	1	0	0	0	1	0
2054_sub0	1	30	16	14	10	10	6	4
2054_sub1	0	1	0	1	0	0	0	1
2054_sub2	0	1	1	0	0	0	1	0
20550_sub0	0	1	1	0	0	0	1	0
20550_sub1	0	1	0	1	0	0	0	1
20550_sub2	0	1	1	0	0	0	1	0
20550_sub3	0	1	1	0	0	0	1	0
20550_sub4	0	1	1	0	0	0	1	0
20550_sub5	0	1	0	1	0	0	0	1
20557_sub0	1	23	8	15	8	12	0	3
20557_sub1	0	1	0	1	0	0	0	1
20563_sub0	1	15	6	9	6	9	0	0
20563_sub1	0	1	1	0	0	0	1	0
20563_sub2	0	1	0	1	0	0	0	1
20563_sub3	0	1	1	0	0	0	1	0
20563_sub4	0	1	0	1	0	0	0	1
20567_sub0	0	1	1	0	0	0	1	0
20567_sub1	0	1	0	1	0	0	0	1
20567_sub2	0	1	0	1	0	0	0	1
20567_sub3	0	1	1	0	0	0	1	0
20567_sub4	0	1	1	0	0	0	1	0
20567_sub5	0	1	1	0	0	0	1	0
20567_sub6	0	1	1	0	0	0	1	0
2057_sub0	0	1	0	1	0	0	0	1
2057_sub1	0	1	0	1	0	0	0	1
2057_sub2	0	1	0	1	0	0	0	1
2057_sub3	0	1	1	0	0	0	1	0
2057_sub4	0	1	0	1	0	0	0	1
2057_sub5	0	1	0	1	0	0	0	1
20571_sub0	1	6	2	4	2	4	0	0
20571_sub1	0	1	0	1	0	0	0	1
20572_sub0	0	1	0	1	0	0	0	1
20572_sub1	0	1	1	0	0	0	1	0
20572_sub2	0	2	1	1	0	0	1	1
20572_sub3	0	1	0	1	0	0	0	1
20572_sub4	0	1	1	0	0	0	1	0
20572_sub5	0	1	0	1	0	0	0	1
20574_sub0	0	1	1	0	0	0	1	0
20574_sub1	1	17	10	7	10	7	0	0
20574_sub2	0	1	0	1	0	0	0	1
20578_sub0	0	1	1	0	0	0	1	0
20578_sub1	0	1	1	0	0	0	1	0
20578_sub2	0	1	1	0	0	0	1	0
20578_sub3	0	1	0	1	0	0	0	1
20578_sub4	0	1	1	0	0	0	1	0
20578_sub5	0	1	0	1	0	0	0	1
20578_sub6	0	1	0	1	0	0	0	1
2058_sub0	1	20	11	9	11	9	0	0
2058_sub1	0	1	1	0	0	0	1	0
2058_sub2	0	1	0	1	0	0	0	1
2058_sub3	0	1	1	0	0	0	1	0
2058_sub4	0	1	1	0	0	0	1	0
2058_sub5	0	1	1	0	0	0	1	0
2058_sub6	0	1	0	1	0	0	0	1
20590_sub0	0	1	1	0	0	0	1	0
20590_sub1	0	1	0	1	0	0	0	1
20590_sub2	0	1	1	0	0	0	1	0
20590_sub3	0	1	0	1	0	0	0	1
20590_sub4	0	1	1	0	0	0	1	0
20590_sub5	0	1	1	0	0	0	1	0
20590_sub6	0	1	1	0	0	0	1	0
206_sub0	0	1	0	1	0	0	0	1
206_sub1	0	1	0	1	0	0	0	1
206_sub2	1	21	11	10	10	10	1	0
20600_sub0	0	1	0	1	0	0	0	1
20600_sub1	0	1	0	1	0	0	0	1
20600_sub2	0	1	0	1	0	0	0	1
20600_sub3	0	1	1	0	0	0	1	0
20600_sub4	0	1	1	0	0	0	1	0
20600_sub5	0	1	1	0	0	0	1	0
20613_sub0	1	12	8	4	8	4	0	0
20613_sub1	0	1	0	1	0	0	0	1
20613_sub2	0	1	0	1	0	0	0	1
20613_sub3	0	1	0	1	0	0	0	1
20613_sub4	0	1	1	0	0	0	1	0
20613_sub5	0	1	1	0	0	0	1	0
2062_sub0	1	21	7	14	7	13	0	1
2062_sub1	0	1	1	0	0	0	1	0
2062_sub2	0	1	0	1	0	0	0	1
2062_sub3	0	1	1	0	0	0	1	0
2062_sub4	0	1	0	1	0	0	0	1
20673_sub0	1	10	2	8	2	8	0	0
20673_sub1	0	1	1	0	0	0	1	0
20673_sub2	0	1	0	1	0	0	0	1
20673_sub3	0	1	0	1	0	0	0	1
207_sub0	0	1	0	1	0	0	0	1
207_sub1	0	1	1	0	0	0	1	0
207_sub2	1	32	12	20	10	10	2	10
207_sub3	0	1	0	1	0	0	0	1
207_sub4	0	1	0	1	0	0	0	1
207_sub5	0	1	1	0	0	0	1	0
207_sub6	0	1	1	0	0	0	1	0
207_sub7	0	1	0	1	0	0	0	1
20708_sub0	0	1	0	1	0	0	0	1
20708_sub1	0	1	0	1	0	0	0	1
20708_sub2	0	1	1	0	0	0	1	0
20708_sub3	0	1	0	1	0	0	0	1
20708_sub4	0	1	1	0	0	0	1	0
20708_sub5	0	1	0	1	0	0	0	1
20708_sub6	0	1	0	1	0	0	0	1
2071_sub0	0	1	0	1	0	0	0	1
2071_sub1	1	8	4	4	4	4	0	0
2071_sub2	0	1	1	0	0	0	1	0
2071_sub3	0	1	0	1	0	0	0	1
2071_sub4	0	1	1	0	0	0	1	0
20717_sub0	0	1	0	1	0	0	0	1
20717_sub1	0	1	0	1	0	0	0	1
20717_sub2	0	1	1	0	0	0	1	0
20717_sub3	0	1	1	0	0	0	1	0
20717_sub4	0	1	0	1	0	0	0	1
20717_sub5	0	1	1	0	0	0	1	0
20717_sub6	0	1	0	1	0	0	0	1
2072_sub0	0	1	0	1	0	0	0	1
2072_sub1	0	1	0	1	0	0	0	1
2072_sub2	0	1	1	0	0	0	1	0
2072_sub3	0	1	0	1	0	0	0	1
2072_sub4	0	1	1	0	0	0	1	0
2072_sub5	0	1	0	1	0	0	0	1
2072_sub6	0	1	1	0	0	0	1	0
20722_sub0	0	1	1	0	0	0	1	0
20722_sub1	0	1	0	1	0	0	0	1
20722_sub2	0	1	0	1	0	0	0	1
20722_sub3	0	1	0	1	0	0	0	1
20722_sub4	0	1	0	1	0	0	0	1
20722_sub5	0	1	0	1	0	0	0	1
20722_sub6	0	1	1	0	0	0	1	0
20756_sub0	0	1	1	0	0	0	1	0
20756_sub1	0	1	0	1	0	0	0	1
20756_sub2	0	1	1	0	0	0	1	0
20756_sub3	0	1	0	1	0	0	0	1
20756_sub4	0	1	1	0	0	0	1	0
20756_sub5	0	1	0	1	0	0	0	1
20757_sub0	0	1	0	1	0	0	0	1
20757_sub1	0	1	1	0	0	0	1	0
20757_sub2	0	1	1	0	0	0	1	0
20757_sub3	0	1	1	0	0	0	1	0
20757_sub4	0	1	1	0	0	0	1	0
20757_sub5	0	1	0	1	0	0	0	1
2076_sub0	0	1	1	0	0	0	1	0
2076_sub1	0	1	1	0	0	0	1	0
2076_sub2	0	1	1	0	0	0	1	0
2076_sub3	1	13	6	7	6	7	0	0
2076_sub4	0	1	1	0	0	0	1	0
20761_sub0	1	16	10	6	10	6	0	0
20761_sub1	0	1	0	1	0	0	0	1
20761_sub2	0	1	1	0	0	0	1	0
20761_sub3	0	1	0	1	0	0	0	1
20761_sub4	0	1	0	1	0	0	0	1
20763_sub0	1	7	3	4	3	4	0	0
20763_sub1	0	1	0	1	0	0	0	1
20763_sub2	0	1	1	0	0	0	1	0
20763_sub3	0	1	0	1	0	0	0	1
20772_sub0	0	1	1	0	0	0	1	0
20772_sub1	0	1	0	1	0	0	0	1
20772_sub2	0	1	1	0	0	0	1	0
20772_sub3	0	1	1	0	0	0	1	0
20772_sub4	0	2	1	1	0	0	1	1
20772_sub5	0	1	1	0	0	0	1	0
20772_sub6	0	1	1	0	0	0	1	0
20772_sub7	0	1	1	0	0	0	1	0
2078_sub0	1	10	5	5	5	5	0	0
2078_sub1	0	1	1	0	0	0	1	0
2078_sub2	0	1	1	0	0	0	1	0
2078_sub3	0	1	0	1	0	0	0	1
2078_sub4	0	1	0	1	0	0	0	1
2078_sub5	0	1	1	0	0	0	1	0
2078_sub6	0	1	1	0	0	0	1	0
20788_sub0	1	11	3	8	3	8	0	0
20788_sub1	0	1	0	1	0	0	0	1
20794_sub0	0	1	0	1	0	0	0	1
20794_sub1	0	1	0	1	0	0	0	1
20794_sub2	0	1	1	0	0	0	1	0
20794_sub3	0	1	1	0	0	0	1	0
20794_sub4	0	1	1	0	0	0	1	0
20794_sub5	0	1	0	1	0	0	0	1
2081_sub0	1	9	4	5	4	5	0	0
2081_sub1	0	1	1	0	0	0	1	0
2081_sub2	0	1	1	0	0	0	1	0
2081_sub3	0	1	1	0	0	0	1	0
2081_sub4	0	1	1	0	0	0	1	0
2082_sub0	0	1	1	0	0	0	1	0
2082_sub1	1	22	12	10	10	10	2	0
2082_sub2	0	1	0	1	0	0	0	1
20822_sub0	0	1	1	0	0	0	1	0
20822_sub1	0	1	1	0	0	0	1	0
20822_sub2	0	2	2	0	0	0	2	0
20822_sub3	0	1	1	0	0	0	1	0
20822_sub4	0	1	0	1	0	0	0	1
20826_sub0	0	1	0	1	0	0	0	1
20826_sub1	0	1	1	0	0	0	1	0
20826_sub2	0	2	0	2	0	0	0	2
20826_sub3	0	1	0	1	0	0	0	1
20826_sub4	0	1	0	1	0	0	0	1
20826_sub5	0	1	0	1	0	0	0	1
20829_sub0	0	1	1	0	0	0	1	0
20829_sub1	0	1	0	1	0	0	0	1
20829_sub2	0	1	1	0	0	0	1	0
20829_sub3	0	1	1	0	0	0	1	0
20829_sub4	0	1	0	1	0	0	0	1
20829_sub5	0	1	1	0	0	0	1	0
20862_sub0	0	1	1	0	0	0	1	0
20862_sub1	0	1	0	1	0	0	0	1
20862_sub2	0	1	0	1	0	0	0	1
20862_sub3	0	1	1	0	0	0	1	0
20862_sub4	0	1	0	1	0	0	0	1
20862_sub5	0	1	1	0	0	0	1	0
2088_sub0	0	1	0	1	0	0	0	1
2088_sub1	0	1	1	0	0	0	1	0
2088_sub2	0	1	0	1	0	0	0	1
2088_sub3	0	1	1	0	0	0	1	0
2088_sub4	0	1	0	1	0	0	0	1
2088_sub5	0	1	0	1	0	0	0	1
2088_sub6	0	1	0	1	0	0	0	1
20880_sub0	0	1	0	1	0	0	0	1
20880_sub1	0	1	1	0	0	0	1	0
20880_sub2	0	1	1	0	0	0	1	0
20880_sub3	0	1	0	1	0	0	0	1
20880_sub4	0	1	1	0	0	0	1	0
20880_sub5	0	1	0	1	0	0	0	1
20880_sub6	0	1	1	0	0	0	1	0
2089_sub0	1	19	10	9	10	9	0	0
2089_sub1	0	1	0	1	0	0	0	1
2089_sub2	0	1	1	0	0	0	1	0
20890_sub0	0	1	0	1	0	0	0	1
20890_sub1	1	7	3	4	3	4	0	0
2091_sub0	1	25	12	13	10	10	2	3
2091_sub1	0	1	0	1	0	0	0	1
2091_sub2	0	1	1	0	0	0	1	0
2091_sub3	0	1	1	0	0	0	1	0
2091_sub4	0	1	0	1	0	0	0	1
2091_sub5	0	1	1	0	0	0	1	0
20919_sub0	0	1	1	0	0	0	1	0
20919_sub1	0	1	0	1	0	0	0	1
20919_sub2	0	1	1	0	0	0	1	0
20919_sub3	0	1	0	1	0	0	0	1
20919_sub4	0	1	1	0	0	0	1	0
20919_sub5	0	1	0	1	0	0	0	1
20919_sub6	0	1	0	1	0	0	0	1
2093_sub0	0	2	1	1	0	0	1	1
2093_sub1	1	7	3	4	3	4	0	0
2093_sub2	0	1	1	0	0	0	1	0
2093_sub3	0	1	0	1	0	0	0	1
20963_sub0	0	1	0	1	0	0	0	1
20963_sub1	0	1	0	1	0	0	0	1
20963_sub2	0	1	0	1	0	0	0	1
20963_sub3	0	1	0	1	0	0	0	1
20963_sub4	0	1	0	1	0	0	0	1
20963_sub5	0	1	1	0	0	0	1	0
20963_sub6	0	1	1	0	0	0	1	0
20963_sub7	0	1	1	0	0	0	1	0
20974_sub0	0	2	0	2	0	0	0	2
20974_sub1	1	19	9	10	9	10	0	0
20977_sub0	0	1	1	0	0	0	1	0
20977_sub1	0	1	0	1	0	0	0	1
20977_sub2	0	1	1	0	0	0	1	0
20977_sub3	0	1	1	0	0	0	1	0
20977_sub4	0	1	0	1	0	0	0	1
20977_sub5	0	1	0	1	0	0	0	1
20977_sub6	0	1	1	0	0	0	1	0
20980_sub0	0	1	1	0	0	0	1	0
20980_sub1	0	1	1	0	0	0	1	0
20980_sub2	0	2	1	1	0	0	1	1
20980_sub3	0	1	0	1	0	0	0	1
20980_sub4	0	1	1	0	0	0	1	0
2099_sub0	0	1	1	0	0	0	1	0
2099_sub1	1	26	11	15	10	10	1	5
2099_sub2	0	1	1	0	0	0	1	0
2099_sub3	0	1	1	0	0	0	1	0
2099_sub4	0	1	0	1	0	0	0	1
2099_sub5	0	1	0	1	0	0	0	1
21_sub0	0	1	0	1	0	0	0	1
21_sub1	1	22	9	13	9	11	0	2
21_sub2	0	1	1	0	0	0	1	0
21_sub3	0	1	1	0	0	0	1	0
21_sub4	0	1	1	0	0	0	1	0
2101_sub0	0	1	0	1	0	0	0	1
2101_sub1	0	1	1	0	0	0	1	0
2101_sub2	0	1	1	0	0	0	1	0
2101_sub3	0	1	0	1	0	0	0	1
2101_sub4	0	1	1	0	0	0	1	0
2101_sub5	0	1	1	0	0	0	1	0
2102_sub0	0	1	1	0	0	0	1	0
2102_sub1	0	1	1	0	0	0	1	0
2102_sub2	1	19	6	13	6	13	0	0
2102_sub3	0	1	1	0	0	0	1	0
2102_sub4	0	1	0	1	0	0	0	1
21022_sub0	0	1	1	0	0	0	1	0
21022_sub1	0	1	1	0	0	0	1	0
21022_sub2	1	7	3	4	3	4	0	0
21022_sub3	0	1	0	1	0	0	0	1
21029_sub0	1	10	6	4	6	4	0	0
21029_sub1	0	1	0	1	0	0	0	1
21029_sub2	0	1	1	0	0	0	1	0
21029_sub3	0	1	0	1	0	0	0	1
21031_sub0	0	1	1	0	0	0	1	0
21031_sub1	0	1	1	0	0	0	1	0
21031_sub2	0	1	0	1	0	0	0	1
21031_sub3	0	1	1	0	0	0	1	0
21031_sub4	0	1	1	0	0	0	1	0
21031_sub5	0	1	1	0	0	0	1	0
21031_sub6	0	1	1	0	0	0	1	0
21046_sub0	0	1	0	1	0	0	0	1
21046_sub1	0	1	1	0	0	0	1	0
21046_sub2	0	1	0	1	0	0	0	1
21046_sub3	0	1	1	0	0	0	1	0
21046_sub4	0	1	0	1	0	0	0	1
21046_sub5	0	1	1	0	0	0	1	0
2105_sub0	0	1	0	1	0	0	0	1
2105_sub1	1	12	5	7	5	7	0	0
2106_sub0	1	15	8	7	8	7	0	0
2106_sub1	0	1	0	1	0	0	0	1
2106_sub2	0	1	1	0	0	0	1	0
2106_sub3	0	1	1	0	0	0	1	0
21071_sub0	0	1	0	1	0	0	0	1
21071_sub1	0	1	1	0	0	0	1	0
21071_sub2	0	1	0	1	0	0	0	1
21071_sub3	0	1	0	1	0	0	0	1
21071_sub4	0	1	0	1	0	0	0	1
21071_sub5	0	1	1	0	0	0	1	0
21075_sub0	0	1	0	1	0	0	0	1
21075_sub1	0	1	1	0	0	0	1	0
21075_sub2	0	1	1	0	0	0	1	0
21075_sub3	0	1	1	0	0	0	1	0
21075_sub4	0	1	0	1	0	0	0	1
21075_sub5	0	1	1	0	0	0	1	0
21075_sub6	0	1	1	0	0	0	1	0
21091_sub0	0	1	0	1	0	0	0	1
21091_sub1	0	1	0	1	0	0	0	1
21091_sub2	0	1	0	1	0	0	0	1
21091_sub3	0	1	0	1	0	0	0	1
21091_sub4	0	1	0	1	0	0	0	1
21091_sub5	0	1	1	0	0	0	1	0
21095_sub0	0	1	0	1	0	0	0	1
21095_sub1	0	2	0	2	0	0	0	2
21095_sub2	0	1	1	0	0	0	1	0
21095_sub3	0	1	1	0	0	0	1	0
21095_sub4	0	1	1	0	0	0	1	0
21151_sub0	0	1	1	0	0	0	1	0
21151_sub1	0	3	1	2	0	0	1	2
21151_sub2	0	1	0	1	0	0	0	1
21151_sub3	0	1	0	1	0	0	0	1
21151_sub4	0	1	0	1	0	0	0	1
21151_sub5	0	1	1	0	0	0	1	0
2119_sub0	1	11	7	4	7	4	0	0
2119_sub1	0	1	0	1	0	0	0	1
2119_sub2	0	1	1	0	0	0	1	0
2121_sub0	1	28	19	9	11	9	8	0
2121_sub1	0	1	1	0	0	0	1	0
2121_sub2	0	1	1	0	0	0	1	0
2121_sub3	0	1	1	0	0	0	1	0
2121_sub4	0	1	1	0	0	0	1	0
2121_sub5	0	1	0	1	0	0	0	1
2121_sub6	0	1	0	1	0	0	0	1
2121_sub7	0	1	1	0	0	0	1	0
2121_sub8	0	1	0	1	0	0	0	1
2121_sub9	0	1	1	0	0	0	1	0
2121_sub10	0	1	0	1	0	0	0	1
2121_sub11	0	1	0	1	0	0	0	1
2124_sub0	0	1	0	1	0	0	0	1
2124_sub1	0	2	1	1	0	0	1	1
2124_sub2	0	1	0	1	0	0	0	1
2124_sub3	0	1	0	1	0	0	0	1
2124_sub4	0	1	1	0	0	0	1	0
2124_sub5	0	1	0	1	0	0	0	1
2124_sub6	0	1	1	0	0	0	1	0
2124_sub7	0	1	1	0	0	0	1	0
21258_sub0	0	1	1	0	0	0	1	0
21258_sub1	1	12	4	8	4	8	0	0
21258_sub2	0	1	1	0	0	0	1	0
2126_sub0	0	1	0	1	0	0	0	1
2126_sub1	1	7	2	5	2	5	0	0
2126_sub2	0	1	0	1	0	0	0	1
21277_sub0	0	1	1	0	0	0	1	0
21277_sub1	0	1	0	1	0	0	0	1
21277_sub2	0	1	0	1	0	0	0	1
21277_sub3	0	1	1	0	0	0	1	0
21277_sub4	0	1	1	0	0	0	1	0
21277_sub5	0	1	1	0	0	0	1	0
21277_sub6	0	1	1	0	0	0	1	0
21287_sub0	0	1	0	1	0	0	0	1
21287_sub1	1	6	2	4	2	4	0	0
21287_sub2	0	1	0	1	0	0	0	1
21287_sub3	0	1	0	1	0	0	0	1
213_sub0	0	1	0	1	0	0	0	1
213_sub1	1	7	4	3	4	3	0	0
21308_sub0	1	18	6	12	6	12	0	0
21308_sub1	0	1	1	0	0	0	1	0
2131_sub0	1	14	5	9	5	9	0	0
2131_sub1	0	1	0	1	0	0	0	1
2131_sub2	0	1	0	1	0	0	0	1
2131_sub3	0	1	1	0	0	0	1	0
21323_sub0	0	1	0	1	0	0	0	1
21323_sub1	0	1	1	0	0	0	1	0
21323_sub2	0	1	0	1	0	0	0	1
21323_sub3	0	1	0	1	0	0	0	1
21323_sub4	0	1	1	0	0	0	1	0
21323_sub5	0	1	0	1	0	0	0	1
2133_sub0	0	1	0	1	0	0	0	1
2133_sub1	1	12	4	8	4	8	0	0
2133_sub2	0	1	0	1	0	0	0	1
2133_sub3	0	1	1	0	0	0	1	0
2133_sub4	0	1	0	1	0	0	0	1
21337_sub0	1	9	4	5	4	5	0	0
21337_sub1	0	1	0	1	0	0	0	1
21337_sub2	0	1	0	1	0	0	0	1
21337_sub3	0	1	1	0	0	0	1	0
21348_sub0	0	1	0	1	0	0	0	1
21348_sub1	0	1	1	0	0	0	1	0
21348_sub2	0	1	0	1	0	0	0	1
21348_sub3	0	1	1	0	0	0	1	0
21348_sub4	0	1	1	0	0	0	1	0
21348_sub5	0	1	1	0	0	0	1	0
21348_sub6	0	1	1	0	0	0	1	0
2135_sub0	1	7	3	4	3	4	0	0
2135_sub1	0	2	2	0	0	0	2	0
2135_sub2	0	1	1	0	0	0	1	0
21355_sub0	0	1	1	0	0	0	1	0
21355_sub1	0	1	0	1	0	0	0	1
21355_sub2	0	1	1	0	0	0	1	0
21355_sub3	0	1	0	1	0	0	0	1
21355_sub4	0	1	1	0	0	0	1	0
21355_sub5	0	1	1	0	0	0	1	0
21355_sub6	0	1	0	1	0	0	0	1
21355_sub7	0	1	1	0	0	0	1	0
21355_sub8	0	1	0	1	0	0	0	1
21355_sub9	0	1	1	0	0	0	1	0
21355_sub10	0	1	0	1	0	0	0	1
21355_sub11	0	1	0	1	0	0	0	1
2136_sub0	0	1	0	1	0	0	0	1
2136_sub1	1	15	6	9	6	9	0	0
2136_sub2	0	1	1	0	0	0	1	0
21362_sub0	0	1	0	1	0	0	0	1
21362_sub1	0	1	0	1	0	0	0	1
21362_sub2	0	1	1	0	0	0	1	0
21362_sub3	0	1	1	0	0	0	1	0
21362_sub4	0	1	0	1	0	0	0	1
21362_sub5	0	1	0	1	0	0	0	1
21363_sub0	0	1	1	0	0	0	1	0
21363_sub1	0	1	1	0	0	0	1	0
21363_sub2	0	1	1	0	0	0	1	0
21363_sub3	0	1	1	0	0	0	1	0
21363_sub4	0	1	1	0	0	0	1	0
21363_sub5	0	1	0	1	0	0	0	1
21382_sub0	0	1	1	0	0	0	1	0
21382_sub1	0	1	0	1	0	0	0	1
21382_sub2	0	1	1	0	0	0	1	0
21382_sub3	0	1	0	1	0	0	0	1
21382_sub4	0	1	1	0	0	0	1	0
21382_sub5	0	1	0	1	0	0	0	1
2139_sub0	0	1	1	0	0	0	1	0
2139_sub1	1	12	6	6	6	6	0	0
2139_sub2	0	1	1	0	0	0	1	0
2139_sub3	0	1	1	0	0	0	1	0
21415_sub0	0	1	0	1	0	0	0	1
21415_sub1	0	1	0	1	0	0	0	1
21415_sub2	0	1	0	1	0	0	0	1
21415_sub3	0	1	0	1	0	0	0	1
21415_sub4	0	1	1	0	0	0	1	0
21415_sub5	0	1	1	0	0	0	1	0
21434_sub0	0	1	0	1	0	0	0	1
21434_sub1	0	1	0	1	0	0	0	1
21434_sub2	0	1	1	0	0	0	1	0
21434_sub3	0	1	0	1	0	0	0	1
21434_sub4	0	1	1	0	0	0	1	0
21434_sub5	0	1	1	0	0	0	1	0
21434_sub6	0	1	1	0	0	0	1	0
2144_sub0	0	1	0	1	0	0	0	1
2144_sub1	0	1	1	0	0	0	1	0
2144_sub2	0	1	0	1	0	0	0	1
2144_sub3	0	1	1	0	0	0	1	0
2144_sub4	0	1	0	1	0	0	0	1
2144_sub5	0	1	1	0	0	0	1	0
21450_sub0	0	1	1	0	0	0	1	0
21450_sub1	1	15	11	4	11	4	0	0
21450_sub2	0	1	0	1	0	0	0	1
21468_sub0	0	1	0	1	0	0	0	1
21468_sub1	0	1	1	0	0	0	1	0
21468_sub2	0	1	1	0	0	0	1	0
21468_sub3	0	1	0	1	0	0	0	1
21468_sub4	0	1	1	0	0	0	1	0
21468_sub5	0	1	0	1	0	0	0	1
2149_sub0	0	1	0	1	0	0	0	1
2149_sub1	0	1	0	1	0	0	0	1
2149_sub2	0	1	0	1	0	0	0	1
2149_sub3	0	1	1	0	0	0	1	0
2149_sub4	0	1	0	1	0	0	0	1
2149_sub5	0	1	0	1	0	0	0	1
21491_sub0	0	1	1	0	0	0	1	0
21491_sub1	0	1	1	0	0	0	1	0
21491_sub2	0	1	0	1	0	0	0	1
21491_sub3	0	1	0	1	0	0	0	1
21491_sub4	0	1	1	0	0	0	1	0
21491_sub5	0	1	0	1	0	0	0	1
21491_sub6	0	1	0	1	0	0	0	1
2150_sub0	0	1	0	1	0	0	0	1
2150_sub1	1	18	10	8	10	8	0	0
2150_sub2	0	1	1	0	0	0	1	0
2150_sub3	0	1	0	1	0	0	0	1
21510_sub0	0	1	1	0	0	0	1	0
21510_sub1	0	1	1	0	0	0	1	0
21510_sub2	0	1	1	0	0	0	1	0
21510_sub3	0	1	0	1	0	0	0	1
21510_sub4	0	1	1	0	0	0	1	0
21510_sub5	0	1	0	1	0	0	0	1
21515_sub0	0	1	0	1	0	0	0	1
21515_sub1	1	6	2	4	2	4	0	0
21515_sub2	0	1	0	1	0	0	0	1
21515_sub3	0	1	1	0	0	0	1	0
21541_sub0	0	1	1	0	0	0	1	0
21541_sub1	0	1	0	1	0	0	0	1
21541_sub2	0	1	1	0	0	0	1	0
21541_sub3	0	1	0	1	0	0	0	1
21541_sub4	0	1	1	0	0	0	1	0
21541_sub5	0	1	0	1	0	0	0	1
21541_sub6	0	1	0	1	0	0	0	1
21541_sub7	0	1	0	1	0	0	0	1
2155_sub0	1	12	8	4	8	4	0	0
2155_sub1	0	1	0	1	0	0	0	1
2155_sub2	0	1	1	0	0	0	1	0
2155_sub3	0	1	1	0	0	0	1	0
2155_sub4	0	1	0	1	0	0	0	1
2155_sub5	0	1	1	0	0	0	1	0
2155_sub6	0	1	1	0	0	0	1	0
2156_sub0	1	10	6	4	6	4	0	0
2156_sub1	0	1	0	1	0	0	0	1
2156_sub2	0	1	0	1	0	0	0	1
21562_sub0	0	1	0	1	0	0	0	1
21562_sub1	0	1	0	1	0	0	0	1
21562_sub2	0	1	0	1	0	0	0	1
21562_sub3	0	1	1	0	0	0	1	0
21562_sub4	0	1	0	1	0	0	0	1
21562_sub5	0	1	1	0	0	0	1	0
2158_sub0	1	11	4	7	4	7	0	0
2158_sub1	0	1	1	0	0	0	1	0
2158_sub2	0	1	1	0	0	0	1	0
2158_sub3	0	1	1	0	0	0	1	0
2158_sub4	0	1	1	0	0	0	1	0
2159_sub0	1	22	11	11	10	10	1	1
2159_sub1	0	1	0	1	0	0	0	1
2159_sub2	0	1	0	1	0	0	0	1
2159_sub3	0	1	1	0	0	0	1	0
2159_sub4	0	1	1	0	0	0	1	0
2159_sub5	0	1	1	0	0	0	1	0
2159_sub6	0	1	0	1	0	0	0	1
21594_sub0	1	10	7	3	7	3	0	0
21594_sub1	0	1	0	1	0	0	0	1
21594_sub2	0	1	1	0	0	0	1	0
21594_sub3	0	1	1	0	0	0	1	0
21606_sub0	0	1	0	1	0	0	0	1
21606_sub1	0	1	0	1	0	0	0	1
21606_sub2	0	1	1	0	0	0	1	0
21606_sub3	0	1	1	0	0	0	1	0
21606_sub4	0	1	1	0	0	0	1	0
21606_sub5	0	1	0	1	0	0	0	1
21614_sub0	0	1	1	0	0	0	1	0
21614_sub1	0	1	0	1	0	0	0	1
21614_sub2	0	1	1	0	0	0	1	0
21614_sub3	0	1	1	0	0	0	1	0
21614_sub4	0	1	0	1	0	0	0	1
21614_sub5	0	1	1	0	0	0	1	0
21699_sub0	0	1	0	1	0	0	0	1
21699_sub1	0	1	1	0	0	0	1	0
21699_sub2	0	1	0	1	0	0	0	1
21699_sub3	0	1	1	0	0	0	1	0
21699_sub4	0	1	0	1	0	0	0	1
21699_sub5	0	1	1	0	0	0	1	0
217_sub0	0	1	0	1	0	0	0	1
217_sub1	1	15	5	10	5	10	0	0
21700_sub0	0	1	1	0	0	0	1	0
21700_sub1	0	1	0	1	0	0	0	1
21700_sub2	0	1	0	1	0	0	0	1
21700_sub3	0	1	1	0	0	0	1	0
21700_sub4	0	1	1	0	0	0	1	0
21700_sub5	0	1	0	1	0	0	0	1
21703_sub0	1	15	5	10	5	10	0	0
21703_sub1	0	1	0	1	0	0	0	1
2171_sub0	1	11	5	6	5	6	0	0
2171_sub1	0	1	0	1	0	0	0	1
2171_sub2	0	1	1	0	0	0	1	0
2173_sub0	0	1	0	1	0	0	0	1
2173_sub1	0	1	1	0	0	0	1	0
2173_sub2	0	1	0	1	0	0	0	1
2173_sub3	0	1	1	0	0	0	1	0
2173_sub4	0	1	0	1	0	0	0	1
2173_sub5	0	1	0	1	0	0	0	1
2173_sub6	0	1	0	1	0	0	0	1
21748_sub0	0	1	0	1	0	0	0	1
21748_sub1	0	1	0	1	0	0	0	1
21748_sub2	0	1	1	0	0	0	1	0
21748_sub3	0	1	1	0	0	0	1	0
21748_sub4	0	1	0	1	0	0	0	1
21748_sub5	0	1	1	0	0	0	1	0
21757_sub0	0	1	1	0	0	0	1	0
21757_sub1	0	1	0	1	0	0	0	1
21757_sub2	0	1	1	0	0	0	1	0
21757_sub3	0	1	1	0	0	0	1	0
21757_sub4	0	1	1	0	0	0	1	0
21757_sub5	0	1	1	0	0	0	1	0
2176_sub0	0	1	0	1	0	0	0	1
2176_sub1	0	1	0	1	0	0	0	1
2176_sub2	0	5	2	3	0	0	2	3
2176_sub3	0	1	1	0	0	0	1	0
2176_sub4	0	1	1	0	0	0	1	0
2176_sub5	0	1	0	1	0	0	0	1
2176_sub6	0	1	1	0	0	0	1	0
21764_sub0	0	1	0	1	0	0	0	1
21764_sub1	0	1	0	1	0	0	0	1
21764_sub2	0	1	1	0	0	0	1	0
21764_sub3	0	1	1	0	0	0	1	0
21764_sub4	0	1	1	0	0	0	1	0
21764_sub5	0	1	1	0	0	0	1	0
21764_sub6	0	1	1	0	0	0	1	0
21779_sub0	0	1	1	0	0	0	1	0
21779_sub1	0	1	0	1	0	0	0	1
21779_sub2	0	1	1	0	0	0	1	0
21779_sub3	0	1	0	1	0	0	0	1
21779_sub4	0	1	1	0	0	0	1	0
21779_sub5	0	1	0	1	0	0	0	1
2179_sub0	0	1	1	0	0	0	1	0
2179_sub1	0	1	1	0	0	0	1	0
2179_sub2	0	1	0	1	0	0	0	1
2179_sub3	0	1	0	1	0	0	0	1
2179_sub4	0	1	0	1	0	0	0	1
2179_sub5	0	1	0	1	0	0	0	1
2179_sub6	0	1	0	1	0	0	0	1
2179_sub7	0	1	0	1	0	0	0	1
2179_sub8	0	1	0	1	0	0	0	1
218_sub0	0	1	1	0	0	0	1	0
218_sub1	0	1	0	1	0	0	0	1
218_sub2	1	12	8	4	8	4	0	0
218_sub3	0	1	0	1	0	0	0	1
218_sub4	0	1	0	1	0	0	0	1
218_sub5	0	1	0	1	0	0	0	1
218_sub6	0	1	0	1	0	0	0	1
218_sub7	0	1	0	1	0	0	0	1
2180_sub0	1	33	21	12	10	10	11	2
2180_sub1	0	1	1	0	0	0	1	0
2180_sub2	0	1	1	0	0	0	1	0
2180_sub3	0	1	1	0	0	0	1	0
2180_sub4	0	1	1	0	0	0	1	0
2180_sub5	0	1	0	1	0	0	0	1
2180_sub6	0	1	0	1	0	0	0	1
2180_sub7	0	1	0	1	0	0	0	1
21814_sub0	0	1	0	1	0	0	0	1
21814_sub1	0	1	1	0	0	0	1	0
21814_sub2	0	1	1	0	0	0	1	0
21814_sub3	0	1	1	0	0	0	1	0
21814_sub4	0	1	1	0	0	0	1	0
21814_sub5	0	1	1	0	0	0	1	0
21814_sub6	0	1	0	1	0	0	0	1
21817_sub0	0	1	1	0	0	0	1	0
21817_sub1	0	1	0	1	0	0	0	1
21817_sub2	0	1	0	1	0	0	0	1
21817_sub3	0	1	0	1	0	0	0	1
21817_sub4	0	1	0	1	0	0	0	1
21817_sub5	0	1	1	0	0	0	1	0
2182_sub0	1	20	11	9	11	9	0	0
2182_sub1	0	1	0	1	0	0	0	1
2182_sub2	0	1	0	1	0	0	0	1
2182_sub3	0	1	0	1	0	0	0	1
2182_sub4	0	1	1	0	0	0	1	0
2182_sub5	0	1	0	1	0	0	0	1
2182_sub6	0	1	0	1	0	0	0	1
2182_sub7	0	1	1	0	0	0	1	0
2182_sub8	0	2	0	2	0	0	0	2
21831_sub0	0	1	1	0	0	0	1	0
21831_sub1	0	1	1	0	0	0	1	0
21831_sub2	0	1	1	0	0	0	1	0
21831_sub3	0	1	1	0	0	0	1	0
21831_sub4	0	1	1	0	0	0	1	0
21831_sub5	0	1	1	0	0	0	1	0
2185_sub0	0	1	0	1	0	0	0	1
2185_sub1	0	4	3	1	0	0	3	1
2185_sub2	0	1	1	0	0	0	1	0
2185_sub3	0	1	0	1	0	0	0	1
2185_sub4	0	1	1	0	0	0	1	0
2185_sub5	0	1	0	1	0	0	0	1
2185_sub6	0	1	0	1	0	0	0	1
21855_sub0	0	1	1	0	0	0	1	0
21855_sub1	0	1	0	1	0	0	0	1
21855_sub2	0	1	1	0	0	0	1	0
21855_sub3	0	1	1	0	0	0	1	0
21855_sub4	0	1	0	1	0	0	0	1
21855_sub5	0	1	0	1	0	0	0	1
21874_sub0	0	1	0	1	0	0	0	1
21874_sub1	0	1	1	0	0	0	1	0
21874_sub2	0	1	0	1	0	0	0	1
21874_sub3	0	1	0	1	0	0	0	1
21874_sub4	0	1	0	1	0	0	0	1
21874_sub5	0	1	0	1	0	0	0	1
21877_sub0	0	1	1	0	0	0	1	0
21877_sub1	0	3	2	1	0	0	2	1
21877_sub2	0	1	1	0	0	0	1	0
21877_sub3	0	1	1	0	0	0	1	0
21877_sub4	0	1	0	1	0	0	0	1
21880_sub0	0	1	1	0	0	0	1	0
21880_sub1	0	1	0	1	0	0	0	1
21880_sub2	0	5	2	3	0	0	2	3
21880_sub3	0	1	1	0	0	0	1	0
21880_sub4	0	1	1	0	0	0	1	0
2189_sub0	0	1	0	1	0	0	0	1
2189_sub1	0	1	1	0	0	0	1	0
2189_sub2	1	27	15	12	10	10	5	2
2189_sub3	0	1	0	1	0	0	0	1
2189_sub4	0	1	0	1	0	0	0	1
2189_sub5	0	1	1	0	0	0	1	0
21899_sub0	1	14	6	8	6	8	0	0
21899_sub1	0	1	1	0	0	0	1	0
21899_sub2	0	1	1	0	0	0	1	0
21899_sub3	0	1	0	1	0	0	0	1
21899_sub4	0	1	1	0	0	0	1	0
21899_sub5	0	1	0	1	0	0	0	1
21899_sub6	0	1	0	1	0	0	0	1
21899_sub7	0	1	0	1	0	0	0	1
21899_sub8	0	1	1	0	0	0	1	0
21911_sub0	1	9	6	3	6	3	0	0
21911_sub1	0	1	0	1	0	0	0	1
21914_sub0	0	1	1	0	0	0	1	0
21914_sub1	0	1	1	0	0	0	1	0
21914_sub2	0	1	1	0	0	0	1	0
21914_sub3	0	1	1	0	0	0	1	0
21914_sub4	0	1	0	1	0	0	0	1
21914_sub5	0	1	0	1	0	0	0	1
2192_sub0	0	5	2	3	0	0	2	3
2192_sub1	0	1	0	1	0	0	0	1
2192_sub2	0	1	1	0	0	0	1	0
2192_sub3	0	1	1	0	0	0	1	0
2193_sub0	0	1	1	0	0	0	1	0
2193_sub1	1	12	3	9	3	9	0	0
21952_sub0	1	13	3	10	3	10	0	0
21952_sub1	0	1	1	0	0	0	1	0
21952_sub2	0	1	1	0	0	0	1	0
21974_sub0	0	1	1	0	0	0	1	0
21974_sub1	0	1	1	0	0	0	1	0
21974_sub2	0	1	1	0	0	0	1	0
21974_sub3	0	1	1	0	0	0	1	0
21974_sub4	0	1	1	0	0	0	1	0
21974_sub5	0	1	1	0	0	0	1	0
21979_sub0	0	1	0	1	0	0	0	1
21979_sub1	0	4	1	3	0	0	1	3
21979_sub2	0	1	1	0	0	0	1	0
2198_sub0	1	17	6	11	6	11	0	0
2198_sub1	0	1	0	1	0	0	0	1
2198_sub2	0	1	0	1	0	0	0	1
2198_sub3	0	1	0	1	0	0	0	1
2198_sub4	0	1	0	1	0	0	0	1
21991_sub0	0	1	0	1	0	0	0	1
21991_sub1	0	1	0	1	0	0	0	1
21991_sub2	0	1	0	1	0	0	0	1
21991_sub3	0	1	1	0	0	0	1	0
21991_sub4	0	1	0	1	0	0	0	1
21991_sub5	0	1	0	1	0	0	0	1
21991_sub6	0	1	0	1	0	0	0	1
21991_sub7	0	1	1	0	0	0	1	0
21991_sub8	0	1	0	1	0	0	0	1
2203_sub0	1	17	2	15	2	15	0	0
2203_sub1	0	1	0	1	0	0	0	1
2203_sub2	0	1	0	1	0	0	0	1
2203_sub3	0	1	0	1	0	0	0	1
22039_sub0	0	1	1	0	0	0	1	0
22039_sub1	0	1	1	0	0	0	1	0
22039_sub2	0	1	1	0	0	0	1	0
22039_sub3	0	1	1	0	0	0	1	0
22039_sub4	0	1	1	0	0	0	1	0
22039_sub5	0	1	1	0	0	0	1	0
2206_sub0	0	1	0	1	0	0	0	1
2206_sub1	0	1	0	1	0	0	0	1
2206_sub2	0	1	0	1	0	0	0	1
2206_sub3	0	1	1	0	0	0	1	0
2206_sub4	0	1	1	0	0	0	1	0
2206_sub5	0	2	1	1	0	0	1	1
2206_sub6	0	2	0	2	0	0	0	2
22064_sub0	0	4	2	2	0	0	2	2
22064_sub1	0	1	1	0	0	0	1	0
22064_sub2	0	1	1	0	0	0	1	0
22064_sub3	0	1	0	1	0	0	0	1
22064_sub4	0	1	1	0	0	0	1	0
2207_sub0	1	15	6	9	6	9	0	0
2207_sub1	0	1	0	1	0	0	0	1
22075_sub0	0	1	0	1	0	0	0	1
22075_sub1	0	1	0	1	0	0	0	1
22075_sub2	0	1	0	1	0	0	0	1
22075_sub3	0	1	0	1	0	0	0	1
22075_sub4	0	1	0	1	0	0	0	1
22075_sub5	0	1	0	1	0	0	0	1
22086_sub0	0	1	0	1	0	0	0	1
22086_sub1	0	1	0	1	0	0	0	1
22086_sub2	0	1	1	0	0	0	1	0
22086_sub3	0	1	1	0	0	0	1	0
22086_sub4	0	1	0	1	0	0	0	1
22086_sub5	0	1	0	1	0	0	0	1
2209_sub0	1	20	9	11	9	11	0	0
2209_sub1	0	1	0	1	0	0	0	1
2209_sub2	0	1	0	1	0	0	0	1
2209_sub3	0	1	1	0	0	0	1	0
2209_sub4	0	1	0	1	0	0	0	1
2209_sub5	0	1	0	1	0	0	0	1
2209_sub6	0	1	0	1	0	0	0	1
2209_sub7	0	1	0	1	0	0	0	1
2209_sub8	0	1	0	1	0	0	0	1
22098_sub0	1	14	9	5	9	5	0	0
22098_sub1	0	1	1	0	0	0	1	0
22098_sub2	0	1	0	1	0	0	0	1
2210_sub0	1	18	8	10	8	10	0	0
2210_sub1	0	1	0	1	0	0	0	1
2210_sub2	0	1	1	0	0	0	1	0
2210_sub3	0	1	1	0	0	0	1	0
22114_sub0	0	1	0	1	0	0	0	1
22114_sub1	0	1	1	0	0	0	1	0
22114_sub2	0	1	0	1	0	0	0	1
22114_sub3	0	1	1	0	0	0	1	0
22114_sub4	0	1	1	0	0	0	1	0
22114_sub5	0	1	0	1	0	0	0	1
22114_sub6	0	1	1	0	0	0	1	0
22114_sub7	0	1	1	0	0	0	1	0
22114_sub8	0	1	0	1	0	0	0	1
22114_sub9	0	1	0	1	0	0	0	1
22149_sub0	0	1	0	1	0	0	0	1
22149_sub1	0	1	0	1	0	0	0	1
22149_sub2	0	2	1	1	0	0	1	1
22149_sub3	0	1	0	1	0	0	0	1
22149_sub4	0	1	1	0	0	0	1	0
22165_sub0	1	7	4	3	4	3	0	0
22165_sub1	0	1	0	1	0	0	0	1
22165_sub2	0	1	0	1	0	0	0	1
22174_sub0	0	1	0	1	0	0	0	1
22174_sub1	0	1	1	0	0	0	1	0
22174_sub2	0	1	1	0	0	0	1	0
22174_sub3	0	1	0	1	0	0	0	1
22174_sub4	0	1	1	0	0	0	1	0
22174_sub5	0	1	0	1	0	0	0	1
22180_sub0	0	1	0	1	0	0	0	1
22180_sub1	0	1	1	0	0	0	1	0
22180_sub2	0	1	1	0	0	0	1	0
22180_sub3	0	1	0	1	0	0	0	1
22180_sub4	0	1	0	1	0	0	0	1
22180_sub5	0	1	0	1	0	0	0	1
22184_sub0	1	11	6	5	6	5	0	0
22184_sub1	0	1	0	1	0	0	0	1
22184_sub2	0	1	0	1	0	0	0	1
22184_sub3	0	1	0	1	0	0	0	1
2220_sub0	0	1	0	1	0	0	0	1
2220_sub1	0	1	1	0	0	0	1	0
2220_sub2	0	1	0	1	0	0	0	1
2220_sub3	0	1	0	1	0	0	0	1
2220_sub4	0	1	1	0	0	0	1	0
2220_sub5	0	1	1	0	0	0	1	0
22201_sub0	0	1	1	0	0	0	1	0
22201_sub1	0	1	0	1	0	0	0	1
22201_sub2	0	1	1	0	0	0	1	0
22201_sub3	0	1	1	0	0	0	1	0
22201_sub4	0	1	0	1	0	0	0	1
22201_sub5	0	1	0	1	0	0	0	1
22204_sub0	0	1	0	1	0	0	0	1
22204_sub1	1	10	5	5	5	5	0	0
2221_sub0	1	21	7	14	7	13	0	1
2221_sub1	0	1	1	0	0	0	1	0
2221_sub2	0	1	0	1	0	0	0	1
2226_sub0	1	15	8	7	8	7	0	0
2228_sub0	0	1	1	0	0	0	1	0
2228_sub1	1	27	15	12	10	10	5	2
22286_sub0	0	1	0	1	0	0	0	1
22286_sub1	0	1	0	1	0	0	0	1
22286_sub2	0	1	0	1	0	0	0	1
22286_sub3	0	1	1	0	0	0	1	0
22286_sub4	0	1	0	1	0	0	0	1
22286_sub5	0	1	0	1	0	0	0	1
22286_sub6	0	1	1	0	0	0	1	0
22286_sub7	0	1	0	1	0	0	0	1
22286_sub8	0	1	1	0	0	0	1	0
22287_sub0	0	1	1	0	0	0	1	0
22287_sub1	0	1	0	1	0	0	0	1
22287_sub2	0	1	1	0	0	0	1	0
22287_sub3	0	1	0	1	0	0	0	1
22287_sub4	0	1	1	0	0	0	1	0
22287_sub5	0	1	1	0	0	0	1	0
2229_sub0	0	1	0	1	0	0	0	1
2229_sub1	1	18	3	15	3	15	0	0
2229_sub2	0	1	0	1	0	0	0	1
2229_sub3	0	1	1	0	0	0	1	0
22296_sub0	1	17	9	8	9	8	0	0
22296_sub1	0	1	1	0	0	0	1	0
22296_sub2	0	1	1	0	0	0	1	0
223_sub0	0	1	0	1	0	0	0	1
223_sub1	0	3	1	2	0	0	1	2
223_sub2	0	1	0	1	0	0	0	1
223_sub3	0	1	0	1	0	0	0	1
223_sub4	0	1	0	1	0	0	0	1
223_sub5	0	1	1	0	0	0	1	0
22308_sub0	0	1	0	1	0	0	0	1
22308_sub1	0	1	0	1	0	0	0	1
22308_sub2	0	1	0	1	0	0	0	1
22308_sub3	0	1	0	1	0	0	0	1
22308_sub4	0	1	0	1	0	0	0	1
22308_sub5	0	1	1	0	0	0	1	0
22320_sub0	1	11	4	7	4	7	0	0
2234_sub0	1	15	4	11	4	11	0	0
2234_sub1	0	1	0	1	0	0	0	1
22362_sub0	0	1	1	0	0	0	1	0
22362_sub1	0	1	1	0	0	0	1	0
22362_sub2	0	1	1	0	0	0	1	0
22362_sub3	0	1	0	1	0	0	0	1
22362_sub4	0	1	0	1	0	0	0	1
22362_sub5	0	1	0	1	0	0	0	1
22370_sub0	1	8	4	4	4	4	0	0
22370_sub1	0	1	0	1	0	0	0	1
22370_sub2	0	1	0	1	0	0	0	1
22370_sub3	0	1	0	1	0	0	0	1
22371_sub0	0	1	0	1	0	0	0	1
22371_sub1	0	1	1	0	0	0	1	0
22371_sub2	0	1	1	0	0	0	1	0
22371_sub3	0	1	1	0	0	0	1	0
22371_sub4	0	1	0	1	0	0	0	1
22371_sub5	0	1	1	0	0	0	1	0
22371_sub6	0	1	1	0	0	0	1	0
22371_sub7	0	1	0	1	0	0	0	1
22371_sub8	0	1	0	1	0	0	0	1
22377_sub0	1	8	2	6	2	6	0	0
22380_sub0	0	1	1	0	0	0	1	0
22380_sub1	0	1	0	1	0	0	0	1
22380_sub2	0	1	0	1	0	0	0	1
22380_sub3	0	1	1	0	0	0	1	0
22380_sub4	0	1	0	1	0	0	0	1
22380_sub5	0	1	1	0	0	0	1	0
22394_sub0	0	1	0	1	0	0	0	1
22394_sub1	1	8	4	4	4	4	0	0
224_sub0	0	1	0	1	0	0	0	1
224_sub1	0	1	0	1	0	0	0	1
224_sub2	1	22	9	13	9	11	0	2
22412_sub0	0	1	1	0	0	0	1	0
22412_sub1	0	1	1	0	0	0	1	0
22412_sub2	0	1	1	0	0	0	1	0
22412_sub3	0	1	1	0	0	0	1	0
22412_sub4	0	1	0	1	0	0	0	1
22412_sub5	0	1	1	0	0	0	1	0
22412_sub6	0	1	1	0	0	0	1	0
2243_sub0	0	1	1	0	0	0	1	0
2243_sub1	0	1	1	0	0	0	1	0
2243_sub2	0	1	1	0	0	0	1	0
2243_sub3	0	1	0	1	0	0	0	1
2243_sub4	0	1	1	0	0	0	1	0
2243_sub5	0	1	0	1	0	0	0	1
22446_sub0	1	6	5	1	5	1	0	0
22446_sub1	0	1	1	0	0	0	1	0
2248_sub0	1	19	11	8	11	8	0	0
2248_sub1	0	1	0	1	0	0	0	1
2248_sub2	0	1	0	1	0	0	0	1
2248_sub3	0	1	1	0	0	0	1	0
22484_sub0	0	1	0	1	0	0	0	1
22484_sub1	0	1	0	1	0	0	0	1
22484_sub2	0	1	0	1	0	0	0	1
22484_sub3	0	1	0	1	0	0	0	1
22484_sub4	0	1	0	1	0	0	0	1
22484_sub5	0	1	0	1	0	0	0	1
22502_sub0	0	1	0	1	0	0	0	1
22502_sub1	0	1	0	1	0	0	0	1
22502_sub2	0	1	0	1	0	0	0	1
22502_sub3	1	19	13	6	13	6	0	0
22502_sub4	0	1	0	1	0	0	0	1
22502_sub5	0	1	1	0	0	0	1	0
22504_sub0	0	1	0	1	0	0	0	1
22504_sub1	0	1	1	0	0	0	1	0
22504_sub2	0	1	0	1	0	0	0	1
22504_sub3	0	1	0	1	0	0	0	1
22504_sub4	0	1	1	0	0	0	1	0
22504_sub5	0	1	1	0	0	0	1	0
22504_sub6	0	1	1	0	0	0	1	0
22505_sub0	0	1	1	0	0	0	1	0
22505_sub1	1	13	6	7	6	7	0	0
22505_sub2	0	1	1	0	0	0	1	0
22505_sub3	0	1	0	1	0	0	0	1
22509_sub0	1	7	5	2	5	2	0	0
22509_sub1	0	1	0	1	0	0	0	1
22520_sub0	0	1	1	0	0	0	1	0
22520_sub1	0	1	0	1	0	0	0	1
22520_sub2	0	1	1	0	0	0	1	0
22520_sub3	0	1	1	0	0	0	1	0
22520_sub4	0	1	0	1	0	0	0	1
22520_sub5	0	1	1	0	0	0	1	0
22523_sub0	0	1	0	1	0	0	0	1
22523_sub1	1	12	6	6	6	6	0	0
2253_sub0	1	34	22	12	10	10	12	2
2253_sub1	0	1	0	1	0	0	0	1
22532_sub0	1	8	4	4	4	4	0	0
22532_sub1	0	1	1	0	0	0	1	0
22538_sub0	0	1	1	0	0	0	1	0
22538_sub1	0	1	0	1	0	0	0	1
22538_sub2	0	1	0	1	0	0	0	1
22538_sub3	0	1	0	1	0	0	0	1
22538_sub4	0	1	1	0	0	0	1	0
22538_sub5	0	1	0	1	0	0	0	1
22548_sub0	0	1	1	0	0	0	1	0
22548_sub1	0	1	1	0	0	0	1	0
22548_sub2	0	1	0	1	0	0	0	1
22548_sub3	0	1	0	1	0	0	0	1
22548_sub4	0	1	0	1	0	0	0	1
22548_sub5	0	1	0	1	0	0	0	1
22548_sub6	0	1	0	1	0	0	0	1
22548_sub7	0	1	0	1	0	0	0	1
22548_sub8	0	1	1	0	0	0	1	0
22557_sub0	0	1	0	1	0	0	0	1
22557_sub1	0	1	0	1	0	0	0	1
22557_sub2	0	1	1	0	0	0	1	0
22557_sub3	0	1	1	0	0	0	1	0
22557_sub4	0	1	1	0	0	0	1	0
22557_sub5	0	1	1	0	0	0	1	0
22559_sub0	0	1	0	1	0	0	0	1
22559_sub1	0	1	0	1	0	0	0	1
22559_sub2	0	1	0	1	0	0	0	1
22559_sub3	0	1	0	1	0	0	0	1
22559_sub4	0	1	0	1	0	0	0	1
22559_sub5	0	1	0	1	0	0	0	1
22559_sub6	0	1	1	0	0	0	1	0
22566_sub0	0	5	3	2	0	0	3	2
22566_sub1	0	1	0	1	0	0	0	1
22566_sub2	0	1	1	0	0	0	1	0
22566_sub3	0	1	1	0	0	0	1	0
22566_sub4	0	1	0	1	0	0	0	1
2258_sub0	0	1	0	1	0	0	0	1
2258_sub1	1	17	13	4	13	4	0	0
2258_sub2	0	1	0	1	0	0	0	1
2258_sub3	0	1	1	0	0	0	1	0
2258_sub4	0	1	1	0	0	0	1	0
2258_sub5	0	1	0	1	0	0	0	1
2258_sub6	0	1	0	1	0	0	0	1
2258_sub7	0	1	1	0	0	0	1	0
22588_sub0	1	8	4	4	4	4	0	0
22588_sub1	0	1	0	1	0	0	0	1
22588_sub2	0	1	0	1	0	0	0	1
22588_sub3	0	1	0	1	0	0	0	1
22592_sub0	0	1	1	0	0	0	1	0
22592_sub1	1	10	7	3	7	3	0	0
22592_sub2	0	1	0	1	0	0	0	1
22592_sub3	0	1	1	0	0	0	1	0
22592_sub4	0	1	0	1	0	0	0	1
22592_sub5	0	1	1	0	0	0	1	0
22592_sub6	0	1	1	0	0	0	1	0
226_sub0	0	1	1	0	0	0	1	0
226_sub1	1	23	11	12	10	10	1	2
226_sub2	0	2	0	2	0	0	0	2
226_sub3	0	1	1	0	0	0	1	0
226_sub4	0	1	1	0	0	0	1	0
226_sub5	0	1	1	0	0	0	1	0
226_sub6	0	1	1	0	0	0	1	0
226_sub7	0	1	1	0	0	0	1	0
22607_sub0	0	1	1	0	0	0	1	0
22607_sub1	0	1	0	1	0	0	0	1
22607_sub2	0	1	0	1	0	0	0	1
22607_sub3	0	1	1	0	0	0	1	0
22607_sub4	0	1	0	1	0	0	0	1
22607_sub5	0	1	1	0	0	0	1	0
22607_sub6	0	1	0	1	0	0	0	1
2261_sub0	1	19	13	6	13	6	0	0
22615_sub0	0	1	1	0	0	0	1	0
22615_sub1	0	1	0	1	0	0	0	1
22615_sub2	0	1	1	0	0	0	1	0
22615_sub3	0	1	0	1	0	0	0	1
22615_sub4	0	1	0	1	0	0	0	1
22615_sub5	0	1	1	0	0	0	1	0
22615_sub6	0	1	1	0	0	0	1	0
22631_sub0	0	1	0	1	0	0	0	1
22631_sub1	0	1	1	0	0	0	1	0
22631_sub2	0	1	0	1	0	0	0	1
22631_sub3	0	1	0	1	0	0	0	1
22631_sub4	0	1	0	1	0	0	0	1
22631_sub5	0	1	1	0	0	0	1	0
22631_sub6	0	1	0	1	0	0	0	1
22642_sub0	0	1	0	1	0	0	0	1
22642_sub1	0	1	1	0	0	0	1	0
22642_sub2	0	1	0	1	0	0	0	1
22642_sub3	0	1	0	1	0	0	0	1
22642_sub4	0	1	0	1	0	0	0	1
22642_sub5	0	1	1	0	0	0	1	0
22647_sub0	0	1	0	1	0	0	0	1
22647_sub1	0	1	1	0	0	0	1	0
22647_sub2	0	1	1	0	0	0	1	0
22647_sub3	0	1	0	1	0	0	0	1
22647_sub4	0	1	0	1	0	0	0	1
22647_sub5	0	1	1	0	0	0	1	0
22678_sub0	0	1	0	1	0	0	0	1
22678_sub1	0	1	0	1	0	0	0	1
22678_sub2	0	1	1	0	0	0	1	0
22678_sub3	0	1	1	0	0	0	1	0
22678_sub4	0	1	1	0	0	0	1	0
22678_sub5	0	1	0	1	0	0	0	1
2268_sub0	1	15	7	8	7	8	0	0
2268_sub1	0	1	0	1	0	0	0	1
2268_sub2	0	2	1	1	0	0	1	1
2268_sub3	0	1	1	0	0	0	1	0
2268_sub4	0	1	0	1	0	0	0	1
2268_sub5	0	1	1	0	0	0	1	0
2268_sub6	0	1	0	1	0	0	0	1
2268_sub7	0	1	0	1	0	0	0	1
227_sub0	0	1	0	1	0	0	0	1
227_sub1	1	8	5	3	5	3	0	0
22709_sub0	0	1	0	1	0	0	0	1
22709_sub1	0	1	0	1	0	0	0	1
22709_sub2	0	1	0	1	0	0	0	1
22709_sub3	0	1	1	0	0	0	1	0
22709_sub4	0	1	0	1	0	0	0	1
22709_sub5	0	1	0	1	0	0	0	1
2271_sub0	1	19	9	10	9	10	0	0
2271_sub1	0	1	1	0	0	0	1	0
2271_sub2	0	1	1	0	0	0	1	0
2272_sub0	0	1	0	1	0	0	0	1
2272_sub1	0	1	1	0	0	0	1	0
2272_sub2	0	1	1	0	0	0	1	0
2272_sub3	0	1	0	1	0	0	0	1
2272_sub4	0	1	1	0	0	0	1	0
2272_sub5	0	1	1	0	0	0	1	0
22721_sub0	1	8	5	3	5	3	0	0
22721_sub1	0	1	0	1	0	0	0	1
2273_sub0	1	9	5	4	5	4	0	0
2273_sub1	0	1	1	0	0	0	1	0
2273_sub2	0	1	0	1	0	0	0	1
2273_sub3	0	1	1	0	0	0	1	0
2273_sub4	0	1	1	0	0	0	1	0
2274_sub0	0	1	0	1	0	0	0	1
2274_sub1	0	1	0	1	0	0	0	1
2274_sub2	1	14	8	6	8	6	0	0
2274_sub3	0	1	0	1	0	0	0	1
2274_sub4	0	1	1	0	0	0	1	0
2274_sub5	0	1	1	0	0	0	1	0
2274_sub6	0	1	0	1	0	0	0	1
2274_sub7	0	1	1	0	0	0	1	0
22740_sub0	0	1	1	0	0	0	1	0
22740_sub1	0	1	1	0	0	0	1	0
22740_sub2	0	1	0	1	0	0	0	1
22740_sub3	0	1	0	1	0	0	0	1
22740_sub4	0	1	0	1	0	0	0	1
22740_sub5	0	1	0	1	0	0	0	1
2275_sub0	0	1	1	0	0	0	1	0
2275_sub1	1	15	7	8	7	8	0	0
22750_sub0	0	1	1	0	0	0	1	0
22750_sub1	0	1	0	1	0	0	0	1
22750_sub2	0	1	1	0	0	0	1	0
22750_sub3	0	1	1	0	0	0	1	0
22750_sub4	0	1	0	1	0	0	0	1
22750_sub5	0	1	1	0	0	0	1	0
22750_sub6	0	1	1	0	0	0	1	0
22773_sub0	0	1	1	0	0	0	1	0
22773_sub1	0	1	0	1	0	0	0	1
22773_sub2	0	1	0	1	0	0	0	1
22773_sub3	0	1	1	0	0	0	1	0
22773_sub4	0	1	1	0	0	0	1	0
22773_sub5	0	1	0	1	0	0	0	1
22773_sub6	0	1	0	1	0	0	0	1
22779_sub0	0	1	0	1	0	0	0	1
22779_sub1	0	1	1	0	0	0	1	0
22779_sub2	0	1	0	1	0	0	0	1
22779_sub3	0	1	1	0	0	0	1	0
22779_sub4	0	1	1	0	0	0	1	0
22779_sub5	0	1	0	1	0	0	0	1
22779_sub6	0	1	0	1	0	0	0	1
22779_sub7	0	1	1	0	0	0	1	0
2278_sub0	1	24	9	15	9	11	0	4
2278_sub1	0	1	0	1	0	0	0	1
2278_sub2	0	1	1	0	0	0	1	0
2278_sub3	0	1	1	0	0	0	1	0
22792_sub0	0	1	1	0	0	0	1	0
22792_sub1	0	1	1	0	0	0	1	0
22792_sub2	0	1	1	0	0	0	1	0
22792_sub3	0	1	0	1	0	0	0	1
22792_sub4	0	1	1	0	0	0	1	0
22792_sub5	0	1	0	1	0	0	0	1
22830_sub0	0	1	0	1	0	0	0	1
22830_sub1	0	4	4	0	0	0	4	0
22830_sub2	0	1	0	1	0	0	0	1
22857_sub0	0	1	1	0	0	0	1	0
22857_sub1	0	1	1	0	0	0	1	0
22857_sub2	0	1	1	0	0	0	1	0
22857_sub3	0	1	1	0	0	0	1	0
22857_sub4	0	1	0	1	0	0	0	1
22857_sub5	0	1	0	1	0	0	0	1
22857_sub6	0	1	0	1	0	0	0	1
22857_sub7	0	1	1	0	0	0	1	0
2286_sub0	0	1	1	0	0	0	1	0
2286_sub1	0	1	0	1	0	0	0	1
2286_sub2	0	1	0	1	0	0	0	1
2286_sub3	0	1	0	1	0	0	0	1
2286_sub4	0	1	1	0	0	0	1	0
2286_sub5	0	1	1	0	0	0	1	0
2286_sub6	1	18	9	9	9	9	0	0
2286_sub7	0	1	0	1	0	0	0	1
2286_sub8	0	1	1	0	0	0	1	0
2286_sub9	0	1	1	0	0	0	1	0
22862_sub0	0	1	0	1	0	0	0	1
22862_sub1	0	1	0	1	0	0	0	1
22862_sub2	0	1	0	1	0	0	0	1
22862_sub3	0	1	0	1	0	0	0	1
22862_sub4	0	1	1	0	0	0	1	0
22862_sub5	0	1	1	0	0	0	1	0
22868_sub0	0	1	0	1	0	0	0	1
22868_sub1	0	1	0	1	0	0	0	1
22868_sub2	0	1	0	1	0	0	0	1
22868_sub3	0	1	0	1	0	0	0	1
22868_sub4	0	1	0	1	0	0	0	1
22868_sub5	0	1	1	0	0	0	1	0
2287_sub0	1	13	6	7	6	7	0	0
22870_sub0	0	1	0	1	0	0	0	1
22870_sub1	0	1	0	1	0	0	0	1
22870_sub2	1	6	3	3	3	3	0	0
22870_sub3	0	1	0	1	0	0	0	1
22882_sub0	0	1	1	0	0	0	1	0
22882_sub1	1	10	5	5	5	5	0	0
22882_sub2	0	1	1	0	0	0	1	0
2289_sub0	0	1	0	1	0	0	0	1
2289_sub1	1	14	6	8	6	8	0	0
2289_sub2	0	1	1	0	0	0	1	0
2292_sub0	1	30	13	17	10	10	3	7
2292_sub1	0	1	0	1	0	0	0	1
2292_sub2	0	1	1	0	0	0	1	0
2292_sub3	0	1	1	0	0	0	1	0
2292_sub4	0	1	0	1	0	0	0	1
2292_sub5	0	1	0	1	0	0	0	1
2292_sub6	0	1	0	1	0	0	0	1
2296_sub0	0	1	0	1	0	0	0	1
2296_sub1	0	3	2	1	0	0	2	1
2296_sub2	0	2	1	1	0	0	1	1
2296_sub3	0	1	1	0	0	0	1	0
2296_sub4	0	1	1	0	0	0	1	0
2296_sub5	0	1	0	1	0	0	0	1
2298_sub0	0	1	1	0	0	0	1	0
2298_sub1	0	5	3	2	0	0	3	2
2298_sub2	0	1	1	0	0	0	1	0
2298_sub3	0	1	0	1	0	0	0	1
2299_sub0	1	10	3	7	3	7	0	0
2299_sub1	0	1	0	1	0	0	0	1
2299_sub2	0	1	0	1	0	0	0	1
2299_sub3	0	1	0	1	0	0	0	1
2299_sub4	0	1	1	0	0	0	1	0
2299_sub5	0	1	0	1	0	0	0	1
22995_sub0	0	1	0	1	0	0	0	1
22995_sub1	0	1	1	0	0	0	1	0
22995_sub2	0	1	1	0	0	0	1	0
22995_sub3	0	1	0	1	0	0	0	1
22995_sub4	0	1	0	1	0	0	0	1
22995_sub5	0	1	1	0	0	0	1	0
22995_sub6	0	1	0	1	0	0	0	1
22997_sub0	0	1	0	1	0	0	0	1
22997_sub1	0	1	1	0	0	0	1	0
22997_sub2	0	1	1	0	0	0	1	0
22997_sub3	0	1	1	0	0	0	1	0
22997_sub4	0	1	1	0	0	0	1	0
22997_sub5	0	1	1	0	0	0	1	0
23_sub0	0	1	1	0	0	0	1	0
23_sub1	0	1	1	0	0	0	1	0
23_sub2	0	1	1	0	0	0	1	0
23_sub3	1	14	7	7	7	7	0	0
23_sub4	0	1	1	0	0	0	1	0
23_sub5	0	1	1	0	0	0	1	0
23_sub6	0	1	0	1	0	0	0	1
23_sub7	0	1	1	0	0	0	1	0
23_sub8	0	1	0	1	0	0	0	1
23000_sub0	0	1	1	0	0	0	1	0
23000_sub1	0	1	0	1	0	0	0	1
23000_sub2	0	1	1	0	0	0	1	0
23000_sub3	0	1	1	0	0	0	1	0
23000_sub4	0	1	1	0	0	0	1	0
23000_sub5	0	1	1	0	0	0	1	0
23012_sub0	0	1	1	0	0	0	1	0
23012_sub1	0	1	1	0	0	0	1	0
23012_sub2	0	1	0	1	0	0	0	1
23012_sub3	0	1	1	0	0	0	1	0
23012_sub4	0	1	1	0	0	0	1	0
23012_sub5	0	1	0	1	0	0	0	1
2303_sub0	0	1	0	1	0	0	0	1
2303_sub1	0	1	0	1	0	0	0	1
2303_sub2	1	32	14	18	10	10	4	8
2303_sub3	0	1	0	1	0	0	0	1
2303_sub4	0	1	1	0	0	0	1	0
23030_sub0	1	8	5	3	5	3	0	0
23030_sub1	0	1	0	1	0	0	0	1
23037_sub0	0	1	1	0	0	0	1	0
23037_sub1	1	7	7	0	7	0	0	0
23038_sub0	0	1	1	0	0	0	1	0
23038_sub1	0	1	0	1	0	0	0	1
23038_sub2	0	1	0	1	0	0	0	1
23038_sub3	0	1	1	0	0	0	1	0
23038_sub4	0	1	1	0	0	0	1	0
23038_sub5	0	1	0	1	0	0	0	1
2304_sub0	0	1	0	1	0	0	0	1
2304_sub1	1	6	2	4	2	4	0	0
2304_sub2	0	1	0	1	0	0	0	1
2304_sub3	0	1	1	0	0	0	1	0
2304_sub4	0	1	1	0	0	0	1	0
23043_sub0	0	1	1	0	0	0	1	0
23043_sub1	0	1	0	1	0	0	0	1
23043_sub2	0	1	0	1	0	0	0	1
23043_sub3	0	1	1	0	0	0	1	0
23043_sub4	0	1	1	0	0	0	1	0
23043_sub5	0	1	1	0	0	0	1	0
23064_sub0	0	1	0	1	0	0	0	1
23064_sub1	0	1	1	0	0	0	1	0
23064_sub2	0	2	1	1	0	0	1	1
23064_sub3	0	1	0	1	0	0	0	1
23064_sub4	0	1	0	1	0	0	0	1
23064_sub5	0	1	0	1	0	0	0	1
23087_sub0	0	1	0	1	0	0	0	1
23087_sub1	0	1	0	1	0	0	0	1
23087_sub2	0	1	0	1	0	0	0	1
23087_sub3	0	1	1	0	0	0	1	0
23087_sub4	0	1	0	1	0	0	0	1
23087_sub5	0	1	1	0	0	0	1	0
231_sub0	0	1	1	0	0	0	1	0
231_sub1	1	9	6	3	6	3	0	0
23103_sub0	0	1	0	1	0	0	0	1
23103_sub1	0	1	0	1	0	0	0	1
23103_sub2	0	1	1	0	0	0	1	0
23103_sub3	0	1	1	0	0	0	1	0
23103_sub4	0	1	0	1	0	0	0	1
23103_sub5	0	1	1	0	0	0	1	0
23108_sub0	0	1	0	1	0	0	0	1
23108_sub1	0	1	1	0	0	0	1	0
23108_sub2	0	1	1	0	0	0	1	0
23108_sub3	0	1	0	1	0	0	0	1
23108_sub4	0	1	0	1	0	0	0	1
23108_sub5	0	1	0	1	0	0	0	1
23110_sub0	0	1	1	0	0	0	1	0
23110_sub1	1	9	4	5	4	5	0	0
23110_sub2	0	1	1	0	0	0	1	0
23125_sub0	0	1	1	0	0	0	1	0
23125_sub1	0	5	4	1	0	0	4	1
2315_sub0	1	8	1	7	1	7	0	0
2315_sub1	0	1	0	1	0	0	0	1
2315_sub2	0	1	0	1	0	0	0	1
2315_sub3	0	1	0	1	0	0	0	1
2315_sub4	0	1	1	0	0	0	1	0
2315_sub5	0	1	0	1	0	0	0	1
23151_sub0	0	1	1	0	0	0	1	0
23151_sub1	1	17	10	7	10	7	0	0
23172_sub0	1	19	6	13	6	13	0	0
23172_sub1	0	1	0	1	0	0	0	1
23172_sub2	0	1	1	0	0	0	1	0
23172_sub3	0	1	1	0	0	0	1	0
2319_sub0	0	1	1	0	0	0	1	0
2319_sub1	1	14	5	9	5	9	0	0
2319_sub2	0	1	0	1	0	0	0	1
2320_sub0	1	30	15	15	10	10	5	5
2320_sub1	0	1	0	1	0	0	0	1
2320_sub2	0	1	0	1	0	0	0	1
2320_sub3	0	1	1	0	0	0	1	0
2320_sub4	0	1	0	1	0	0	0	1
2320_sub5	0	1	0	1	0	0	0	1
2320_sub6	0	1	0	1	0	0	0	1
2320_sub7	0	1	1	0	0	0	1	0
2320_sub8	0	1	0	1	0	0	0	1
2320_sub9	0	1	1	0	0	0	1	0
2321_sub0	0	1	1	0	0	0	1	0
2321_sub1	1	37	15	22	10	10	5	12
2321_sub2	0	1	0	1	0	0	0	1
23215_sub0	0	1	1	0	0	0	1	0
23215_sub1	0	1	0	1	0	0	0	1
23215_sub2	0	1	0	1	0	0	0	1
23215_sub3	0	1	1	0	0	0	1	0
23215_sub4	0	1	1	0	0	0	1	0
23215_sub5	0	1	0	1	0	0	0	1
23215_sub6	0	1	1	0	0	0	1	0
23215_sub7	0	1	0	1	0	0	0	1
23216_sub0	0	1	1	0	0	0	1	0
23216_sub1	0	1	0	1	0	0	0	1
23216_sub2	0	1	0	1	0	0	0	1
23216_sub3	0	1	1	0	0	0	1	0
23216_sub4	0	1	0	1	0	0	0	1
23216_sub5	0	1	0	1	0	0	0	1
2322_sub0	1	20	9	11	9	11	0	0
2322_sub1	0	1	1	0	0	0	1	0
2322_sub2	0	1	1	0	0	0	1	0
2322_sub3	0	1	0	1	0	0	0	1
2322_sub4	0	1	0	1	0	0	0	1
23222_sub0	0	2	1	1	0	0	1	1
23222_sub1	0	1	0	1	0	0	0	1
23222_sub2	0	1	1	0	0	0	1	0
23222_sub3	0	1	1	0	0	0	1	0
23222_sub4	0	1	1	0	0	0	1	0
23228_sub0	0	1	1	0	0	0	1	0
23228_sub1	1	9	5	4	5	4	0	0
2324_sub0	1	13	5	8	5	8	0	0
2324_sub1	0	1	0	1	0	0	0	1
2325_sub0	1	27	12	15	10	10	2	5
2325_sub1	0	1	0	1	0	0	0	1
2325_sub2	0	1	1	0	0	0	1	0
2325_sub3	0	1	1	0	0	0	1	0
2325_sub4	0	1	0	1	0	0	0	1
2325_sub5	0	1	0	1	0	0	0	1
23257_sub0	0	1	1	0	0	0	1	0
23257_sub1	1	8	5	3	5	3	0	0
23257_sub2	0	1	0	1	0	0	0	1
23257_sub3	0	1	1	0	0	0	1	0
23257_sub4	0	1	0	1	0	0	0	1
2326_sub0	1	15	8	7	8	7	0	0
2326_sub1	0	1	0	1	0	0	0	1
2326_sub2	0	1	1	0	0	0	1	0
2328_sub0	0	1	0	1	0	0	0	1
2328_sub1	1	20	12	8	12	8	0	0
23283_sub0	1	7	4	3	4	3	0	0
23283_sub1	0	1	0	1	0	0	0	1
23283_sub2	0	1	0	1	0	0	0	1
23340_sub0	0	1	1	0	0	0	1	0
23340_sub1	0	1	1	0	0	0	1	0
23340_sub2	0	1	0	1	0	0	0	1
23340_sub3	0	1	0	1	0	0	0	1
23340_sub4	0	1	1	0	0	0	1	0
23340_sub5	0	1	0	1	0	0	0	1
2335_sub0	0	1	1	0	0	0	1	0
2335_sub1	1	21	9	12	9	11	0	1
2335_sub2	0	1	1	0	0	0	1	0
2335_sub3	0	1	1	0	0	0	1	0
2335_sub4	0	1	0	1	0	0	0	1
2335_sub5	0	1	0	1	0	0	0	1
2337_sub0	0	1	0	1	0	0	0	1
2337_sub1	0	1	1	0	0	0	1	0
2337_sub2	0	1	1	0	0	0	1	0
2337_sub3	0	1	0	1	0	0	0	1
2337_sub4	0	1	1	0	0	0	1	0
2337_sub5	0	1	1	0	0	0	1	0
2338_sub0	0	1	0	1	0	0	0	1
2338_sub1	0	1	1	0	0	0	1	0
2338_sub2	0	1	0	1	0	0	0	1
2338_sub3	0	1	1	0	0	0	1	0
2338_sub4	0	1	0	1	0	0	0	1
2338_sub5	0	1	1	0	0	0	1	0
2338_sub6	0	1	1	0	0	0	1	0
234_sub0	0	1	1	0	0	0	1	0
234_sub1	0	1	1	0	0	0	1	0
234_sub2	0	1	0	1	0	0	0	1
234_sub3	0	1	1	0	0	0	1	0
234_sub4	1	19	10	9	10	9	0	0
234_sub5	0	1	0	1	0	0	0	1
2341_sub0	0	1	0	1	0	0	0	1
2341_sub1	1	17	6	11	6	11	0	0
2342_sub0	0	1	0	1	0	0	0	1
2342_sub1	0	2	0	2	0	0	0	2
2342_sub2	0	1	1	0	0	0	1	0
2342_sub3	0	1	0	1	0	0	0	1
2342_sub4	0	1	1	0	0	0	1	0
2344_sub0	0	5	4	1	0	0	4	1
2344_sub1	0	1	1	0	0	0	1	0
2345_sub0	1	34	17	17	10	10	7	7
2345_sub1	0	1	1	0	0	0	1	0
2345_sub2	0	1	0	1	0	0	0	1
2345_sub3	0	1	1	0	0	0	1	0
2345_sub4	0	1	1	0	0	0	1	0
2345_sub5	0	1	1	0	0	0	1	0
2345_sub6	0	1	1	0	0	0	1	0
2345_sub7	0	1	1	0	0	0	1	0
2345_sub8	0	1	1	0	0	0	1	0
23470_sub0	1	6	2	4	2	4	0	0
23470_sub1	0	1	1	0	0	0	1	0
23470_sub2	0	1	1	0	0	0	1	0
2348_sub0	1	19	13	6	13	6	0	0
2348_sub1	0	1	0	1	0	0	0	1
2348_sub2	0	1	1	0	0	0	1	0
2348_sub3	0	1	1	0	0	0	1	0
2348_sub4	0	2	0	2	0	0	0	2
2348_sub5	0	1	0	1	0	0	0	1
2349_sub0	0	1	0	1	0	0	0	1
2349_sub1	0	1	0	1	0	0	0	1
2349_sub2	0	1	0	1	0	0	0	1
2349_sub3	0	1	0	1	0	0	0	1
2349_sub4	0	1	0	1	0	0	0	1
2349_sub5	0	1	1	0	0	0	1	0
2349_sub6	0	1	1	0	0	0	1	0
23498_sub0	0	1	1	0	0	0	1	0
23498_sub1	0	1	1	0	0	0	1	0
23498_sub2	0	1	0	1	0	0	0	1
23498_sub3	0	1	1	0	0	0	1	0
23498_sub4	0	1	0	1	0	0	0	1
23498_sub5	0	1	0	1	0	0	0	1
2350_sub0	1	25	11	14	10	10	1	4
2350_sub1	0	1	1	0	0	0	1	0
2350_sub2	0	1	0	1	0	0	0	1
2350_sub3	0	1	1	0	0	0	1	0
23519_sub0	0	1	1	0	0	0	1	0
23519_sub1	0	1	0	1	0	0	0	1
23519_sub2	0	1	1	0	0	0	1	0
23519_sub3	0	1	0	1	0	0	0	1
23519_sub4	0	1	0	1	0	0	0	1
23519_sub5	0	1	1	0	0	0	1	0
23532_sub0	0	1	0	1	0	0	0	1
23532_sub1	0	1	1	0	0	0	1	0
23532_sub2	0	1	0	1	0	0	0	1
23532_sub3	0	2	1	1	0	0	1	1
23532_sub4	0	1	1	0	0	0	1	0
23532_sub5	0	1	1	0	0	0	1	0
23556_sub0	0	2	1	1	0	0	1	1
23556_sub1	0	1	1	0	0	0	1	0
23556_sub2	0	1	1	0	0	0	1	0
23556_sub3	0	1	1	0	0	0	1	0
23556_sub4	0	1	0	1	0	0	0	1
23556_sub5	0	1	1	0	0	0	1	0
2356_sub0	1	15	6	9	6	9	0	0
2356_sub1	0	1	0	1	0	0	0	1
2356_sub2	0	1	1	0	0	0	1	0
2356_sub3	0	1	0	1	0	0	0	1
23569_sub0	0	1	0	1	0	0	0	1
23569_sub1	1	6	4	2	4	2	0	0
23569_sub2	0	1	1	0	0	0	1	0
23569_sub3	0	1	0	1	0	0	0	1
2357_sub0	0	1	1	0	0	0	1	0
2357_sub1	1	11	3	8	3	8	0	0
2358_sub0	0	1	1	0	0	0	1	0
2358_sub1	1	19	12	7	12	7	0	0
2359_sub0	1	11	6	5	6	5	0	0
2359_sub1	0	1	0	1	0	0	0	1
23597_sub0	0	1	1	0	0	0	1	0
23597_sub1	0	1	0	1	0	0	0	1
23597_sub2	0	1	0	1	0	0	0	1
23597_sub3	0	1	1	0	0	0	1	0
23597_sub4	0	1	1	0	0	0	1	0
23597_sub5	0	1	1	0	0	0	1	0
236_sub0	0	1	0	1	0	0	0	1
236_sub1	0	1	1	0	0	0	1	0
236_sub2	1	21	8	13	8	12	0	1
236_sub3	0	1	0	1	0	0	0	1
236_sub4	0	1	1	0	0	0	1	0
2361_sub0	0	1	1	0	0	0	1	0
2361_sub1	1	35	20	15	10	10	10	5
2361_sub2	0	1	1	0	0	0	1	0
2361_sub3	0	1	1	0	0	0	1	0
2361_sub4	0	1	1	0	0	0	1	0
2361_sub5	0	1	0	1	0	0	0	1
2361_sub6	0	1	1	0	0	0	1	0
23616_sub0	0	1	1	0	0	0	1	0
23616_sub1	0	1	1	0	0	0	1	0
23616_sub2	0	1	0	1	0	0	0	1
23616_sub3	0	1	1	0	0	0	1	0
23616_sub4	0	1	1	0	0	0	1	0
23616_sub5	0	1	0	1	0	0	0	1
23616_sub6	0	1	0	1	0	0	0	1
23619_sub0	0	1	1	0	0	0	1	0
23619_sub1	1	12	5	7	5	7	0	0
2362_sub0	0	1	0	1	0	0	0	1
2362_sub1	1	16	10	6	10	6	0	0
2362_sub2	0	1	0	1	0	0	0	1
2362_sub3	0	1	1	0	0	0	1	0
2362_sub4	0	1	0	1	0	0	0	1
2366_sub0	1	13	4	9	4	9	0	0
2366_sub1	0	1	1	0	0	0	1	0
2366_sub2	0	1	1	0	0	0	1	0
2366_sub3	0	1	0	1	0	0	0	1
23694_sub0	0	1	1	0	0	0	1	0
23694_sub1	1	14	8	6	8	6	0	0
23694_sub2	0	1	0	1	0	0	0	1
2372_sub0	0	1	0	1	0	0	0	1
2372_sub1	1	20	8	12	8	12	0	0
2372_sub2	0	1	1	0	0	0	1	0
2372_sub3	0	1	0	1	0	0	0	1
2372_sub4	0	1	0	1	0	0	0	1
23728_sub0	1	12	6	6	6	6	0	0
23728_sub1	0	1	1	0	0	0	1	0
2373_sub0	1	16	8	8	8	8	0	0
2373_sub1	0	1	0	1	0	0	0	1
2373_sub2	0	1	0	1	0	0	0	1
2373_sub3	0	1	1	0	0	0	1	0
2373_sub4	0	1	1	0	0	0	1	0
2373_sub5	0	1	1	0	0	0	1	0
2373_sub6	0	1	0	1	0	0	0	1
23738_sub0	0	1	1	0	0	0	1	0
23738_sub1	0	1	0	1	0	0	0	1
23738_sub2	0	1	0	1	0	0	0	1
23738_sub3	0	1	0	1	0	0	0	1
23738_sub4	0	1	1	0	0	0	1	0
23738_sub5	0	1	1	0	0	0	1	0
2374_sub0	1	10	6	4	6	4	0	0
2374_sub1	0	1	1	0	0	0	1	0
2375_sub0	1	9	4	5	4	5	0	0
2375_sub1	0	1	0	1	0	0	0	1
2375_sub2	0	1	0	1	0	0	0	1
2375_sub3	0	1	1	0	0	0	1	0
2376_sub0	0	1	0	1	0	0	0	1
2376_sub1	0	1	0	1	0	0	0	1
2376_sub2	1	7	5	2	5	2	0	0
2376_sub3	0	1	0	1	0	0	0	1
23767_sub0	0	3	1	2	0	0	1	2
23767_sub1	0	1	0	1	0	0	0	1
23767_sub2	0	1	0	1	0	0	0	1
23767_sub3	0	1	1	0	0	0	1	0
23770_sub0	1	9	4	5	4	5	0	0
23770_sub1	0	1	1	0	0	0	1	0
23789_sub0	1	6	2	4	2	4	0	0
23818_sub0	0	1	1	0	0	0	1	0
23818_sub1	1	8	3	5	3	5	0	0
23818_sub2	0	1	1	0	0	0	1	0
23818_sub3	0	1	1	0	0	0	1	0
23818_sub4	0	1	1	0	0	0	1	0
23818_sub5	0	1	1	0	0	0	1	0
23818_sub6	0	1	1	0	0	0	1	0
2382_sub0	0	1	1	0	0	0	1	0
2382_sub1	1	7	4	3	4	3	0	0
2382_sub2	0	1	0	1	0	0	0	1
23820_sub0	0	1	1	0	0	0	1	0
23820_sub1	0	1	0	1	0	0	0	1
23820_sub2	0	1	1	0	0	0	1	0
23820_sub3	0	1	0	1	0	0	0	1
23820_sub4	0	1	1	0	0	0	1	0
23820_sub5	0	1	1	0	0	0	1	0
23826_sub0	0	1	1	0	0	0	1	0
23826_sub1	0	1	1	0	0	0	1	0
23826_sub2	0	1	1	0	0	0	1	0
23826_sub3	0	1	1	0	0	0	1	0
23826_sub4	0	1	1	0	0	0	1	0
23826_sub5	0	1	0	1	0	0	0	1
2383_sub0	1	20	9	11	9	11	0	0
2383_sub1	0	1	1	0	0	0	1	0
2383_sub2	0	1	0	1	0	0	0	1
2383_sub3	0	1	0	1	0	0	0	1
2383_sub4	0	1	1	0	0	0	1	0
2383_sub5	0	1	0	1	0	0	0	1
2383_sub6	0	1	0	1	0	0	0	1
2383_sub7	0	1	1	0	0	0	1	0
2383_sub8	0	1	1	0	0	0	1	0
23833_sub0	0	1	0	1	0	0	0	1
23833_sub1	0	1	1	0	0	0	1	0
23833_sub2	0	1	0	1	0	0	0	1
23833_sub3	0	1	1	0	0	0	1	0
23833_sub4	0	1	0	1	0	0	0	1
23833_sub5	0	1	0	1	0	0	0	1
23833_sub6	0	1	1	0	0	0	1	0
23833_sub7	0	1	0	1	0	0	0	1
23856_sub0	0	1	1	0	0	0	1	0
23856_sub1	0	1	1	0	0	0	1	0
23856_sub2	0	1	0	1	0	0	0	1
23856_sub3	0	1	0	1	0	0	0	1
23856_sub4	0	1	1	0	0	0	1	0
23856_sub5	0	1	0	1	0	0	0	1
23857_sub0	0	1	0	1	0	0	0	1
23857_sub1	1	8	3	5	3	5	0	0
23895_sub0	0	1	1	0	0	0	1	0
23895_sub1	0	1	1	0	0	0	1	0
23895_sub2	0	1	1	0	0	0	1	0
23895_sub3	0	1	0	1	0	0	0	1
23895_sub4	0	1	0	1	0	0	0	1
23895_sub5	0	1	0	1	0	0	0	1
23895_sub6	0	1	1	0	0	0	1	0
23895_sub7	0	1	0	1	0	0	0	1
23895_sub8	0	1	1	0	0	0	1	0
23908_sub0	0	1	1	0	0	0	1	0
23908_sub1	0	1	1	0	0	0	1	0
23908_sub2	0	1	1	0	0	0	1	0
23908_sub3	0	1	0	1	0	0	0	1
23908_sub4	0	1	1	0	0	0	1	0
23908_sub5	0	1	1	0	0	0	1	0
23908_sub6	0	1	0	1	0	0	0	1
23908_sub7	0	1	1	0	0	0	1	0
23911_sub0	0	1	0	1	0	0	0	1
23911_sub1	0	1	1	0	0	0	1	0
23911_sub2	0	1	0	1	0	0	0	1
23911_sub3	0	1	1	0	0	0	1	0
23911_sub4	0	1	0	1	0	0	0	1
23911_sub5	0	1	0	1	0	0	0	1
23911_sub6	0	1	0	1	0	0	0	1
23919_sub0	0	1	0	1	0	0	0	1
23919_sub1	0	1	0	1	0	0	0	1
23919_sub2	0	1	0	1	0	0	0	1
23919_sub3	0	1	1	0	0	0	1	0
23919_sub4	0	1	1	0	0	0	1	0
23919_sub5	0	1	0	1	0	0	0	1
23919_sub6	0	1	0	1	0	0	0	1
23919_sub7	0	1	1	0	0	0	1	0
23921_sub0	0	1	0	1	0	0	0	1
23921_sub1	0	1	1	0	0	0	1	0
23921_sub2	0	3	1	2	0	0	1	2
23921_sub3	0	1	0	1	0	0	0	1
23944_sub0	0	1	0	1	0	0	0	1
23944_sub1	0	1	1	0	0	0	1	0
23944_sub2	0	1	0	1	0	0	0	1
23944_sub3	0	1	1	0	0	0	1	0
23944_sub4	0	1	0	1	0	0	0	1
23944_sub5	0	1	1	0	0	0	1	0
23949_sub0	0	1	1	0	0	0	1	0
23949_sub1	0	1	1	0	0	0	1	0
23949_sub2	0	1	0	1	0	0	0	1
23949_sub3	0	1	0	1	0	0	0	1
23949_sub4	0	1	1	0	0	0	1	0
23949_sub5	0	1	1	0	0	0	1	0
23960_sub0	0	1	0	1	0	0	0	1
23960_sub1	0	1	0	1	0	0	0	1
23960_sub2	0	1	0	1	0	0	0	1
23960_sub3	0	1	1	0	0	0	1	0
23960_sub4	0	1	1	0	0	0	1	0
23960_sub5	0	1	1	0	0	0	1	0
23966_sub0	0	1	1	0	0	0	1	0
23966_sub1	0	1	0	1	0	0	0	1
23966_sub2	0	1	1	0	0	0	1	0
23966_sub3	0	1	1	0	0	0	1	0
23966_sub4	0	1	0	1	0	0	0	1
23966_sub5	0	1	1	0	0	0	1	0
23966_sub6	0	1	1	0	0	0	1	0
23967_sub0	0	5	2	3	0	0	2	3
23967_sub1	0	1	0	1	0	0	0	1
23973_sub0	0	1	0	1	0	0	0	1
23973_sub1	0	1	1	0	0	0	1	0
23973_sub2	0	1	1	0	0	0	1	0
23973_sub3	0	1	1	0	0	0	1	0
23973_sub4	0	1	1	0	0	0	1	0
23973_sub5	0	1	0	1	0	0	0	1
24038_sub0	0	1	1	0	0	0	1	0
24038_sub1	0	1	0	1	0	0	0	1
24038_sub2	0	1	0	1	0	0	0	1
24038_sub3	0	1	0	1	0	0	0	1
24038_sub4	0	2	1	1	0	0	1	1
24051_sub0	0	1	0	1	0	0	0	1
24051_sub1	0	1	1	0	0	0	1	0
24051_sub2	0	1	1	0	0	0	1	0
24051_sub3	0	1	0	1	0	0	0	1
24051_sub4	0	1	0	1	0	0	0	1
24051_sub5	0	1	1	0	0	0	1	0
24051_sub6	0	1	0	1	0	0	0	1
2407_sub0	1	14	6	8	6	8	0	0
2407_sub1	0	1	1	0	0	0	1	0
2407_sub2	0	1	1	0	0	0	1	0
2407_sub3	0	1	0	1	0	0	0	1
2407_sub4	0	1	0	1	0	0	0	1
2407_sub5	0	1	0	1	0	0	0	1
2407_sub6	0	1	0	1	0	0	0	1
2407_sub7	0	1	1	0	0	0	1	0
24073_sub0	0	1	1	0	0	0	1	0
24073_sub1	0	1	0	1	0	0	0	1
24073_sub2	0	1	1	0	0	0	1	0
24073_sub3	0	1	0	1	0	0	0	1
24073_sub4	0	1	1	0	0	0	1	0
24073_sub5	0	1	0	1	0	0	0	1
24087_sub0	0	1	0	1	0	0	0	1
24087_sub1	1	7	4	3	4	3	0	0
2409_sub0	0	1	0	1	0	0	0	1
2409_sub1	1	17	8	9	8	9	0	0
2409_sub2	0	1	0	1	0	0	0	1
2409_sub3	0	1	0	1	0	0	0	1
2409_sub4	0	1	0	1	0	0	0	1
2409_sub5	0	1	1	0	0	0	1	0
2409_sub6	0	1	1	0	0	0	1	0
2409_sub7	0	1	1	0	0	0	1	0
2409_sub8	0	1	0	1	0	0	0	1
2409_sub9	0	1	1	0	0	0	1	0
2409_sub10	0	1	1	0	0	0	1	0
2412_sub0	1	7	3	4	3	4	0	0
2412_sub1	0	1	1	0	0	0	1	0
2412_sub2	0	1	1	0	0	0	1	0
2412_sub3	0	1	1	0	0	0	1	0
2412_sub4	0	1	0	1	0	0	0	1
24123_sub0	0	1	1	0	0	0	1	0
24123_sub1	0	1	0	1	0	0	0	1
24123_sub2	0	2	1	1	0	0	1	1
24123_sub3	0	1	0	1	0	0	0	1
24123_sub4	0	1	0	1	0	0	0	1
24123_sub5	0	1	1	0	0	0	1	0
2413_sub0	1	17	7	10	7	10	0	0
2413_sub1	0	1	0	1	0	0	0	1
2413_sub2	0	1	0	1	0	0	0	1
2413_sub3	0	1	0	1	0	0	0	1
24134_sub0	1	12	10	2	10	2	0	0
24134_sub1	0	1	1	0	0	0	1	0
24134_sub2	0	1	0	1	0	0	0	1
2414_sub0	0	1	0	1	0	0	0	1
2414_sub1	0	1	0	1	0	0	0	1
2414_sub2	0	1	0	1	0	0	0	1
2414_sub3	0	1	1	0	0	0	1	0
2414_sub4	0	1	0	1	0	0	0	1
2414_sub5	0	1	0	1	0	0	0	1
2419_sub0	1	9	5	4	5	4	0	0
2419_sub1	0	1	0	1	0	0	0	1
2419_sub2	0	1	0	1	0	0	0	1
2419_sub3	0	1	0	1	0	0	0	1
242_sub0	0	1	1	0	0	0	1	0
242_sub1	0	1	1	0	0	0	1	0
242_sub2	1	28	16	12	10	10	6	2
242_sub3	0	1	1	0	0	0	1	0
242_sub4	0	1	1	0	0	0	1	0
242_sub5	0	1	1	0	0	0	1	0
242_sub6	0	1	0	1	0	0	0	1
24217_sub0	1	7	3	4	3	4	0	0
24217_sub1	0	1	0	1	0	0	0	1
24217_sub2	0	1	1	0	0	0	1	0
24217_sub3	0	1	0	1	0	0	0	1
24231_sub0	0	1	0	1	0	0	0	1
24231_sub1	0	1	0	1	0	0	0	1
24231_sub2	0	3	0	3	0	0	0	3
24231_sub3	0	1	0	1	0	0	0	1
24236_sub0	1	9	4	5	4	5	0	0
24236_sub1	0	1	1	0	0	0	1	0
24236_sub2	0	1	0	1	0	0	0	1
24236_sub3	0	1	0	1	0	0	0	1
2424_sub0	1	17	13	4	13	4	0	0
2424_sub1	0	1	1	0	0	0	1	0
2424_sub2	0	1	0	1	0	0	0	1
2424_sub3	0	1	0	1	0	0	0	1
2424_sub4	0	1	1	0	0	0	1	0
2424_sub5	0	1	1	0	0	0	1	0
2424_sub6	0	1	0	1	0	0	0	1
2424_sub7	0	1	1	0	0	0	1	0
2424_sub8	0	1	0	1	0	0	0	1
2424_sub9	0	1	1	0	0	0	1	0
2424_sub10	0	1	0	1	0	0	0	1
2424_sub11	0	1	1	0	0	0	1	0
2424_sub12	0	1	1	0	0	0	1	0
2424_sub13	0	1	0	1	0	0	0	1
24246_sub0	0	1	0	1	0	0	0	1
24246_sub1	0	1	1	0	0	0	1	0
24246_sub2	0	1	1	0	0	0	1	0
24246_sub3	0	1	0	1	0	0	0	1
24246_sub4	0	1	0	1	0	0	0	1
24246_sub5	0	1	0	1	0	0	0	1
24246_sub6	0	1	0	1	0	0	0	1
24246_sub7	0	1	1	0	0	0	1	0
24246_sub8	0	1	1	0	0	0	1	0
2425_sub0	0	1	1	0	0	0	1	0
2425_sub1	0	1	1	0	0	0	1	0
2425_sub2	1	16	8	8	8	8	0	0
2425_sub3	0	1	1	0	0	0	1	0
2425_sub4	0	1	1	0	0	0	1	0
2425_sub5	0	1	1	0	0	0	1	0
2425_sub6	0	1	1	0	0	0	1	0
24270_sub0	0	1	0	1	0	0	0	1
24270_sub1	0	4	1	3	0	0	1	3
24270_sub2	0	1	0	1	0	0	0	1
24270_sub3	0	1	0	1	0	0	0	1
24271_sub0	1	9	4	5	4	5	0	0
24271_sub1	0	1	1	0	0	0	1	0
24271_sub2	0	2	1	1	0	0	1	1
24271_sub3	0	1	1	0	0	0	1	0
24273_sub0	0	1	1	0	0	0	1	0
24273_sub1	1	9	4	5	4	5	0	0
24277_sub0	0	1	1	0	0	0	1	0
24277_sub1	0	1	0	1	0	0	0	1
24277_sub2	0	1	0	1	0	0	0	1
24277_sub3	0	1	1	0	0	0	1	0
24277_sub4	0	1	0	1	0	0	0	1
24277_sub5	0	1	0	1	0	0	0	1
24277_sub6	0	2	0	2	0	0	0	2
24277_sub7	0	1	1	0	0	0	1	0
24285_sub0	0	1	1	0	0	0	1	0
24285_sub1	0	1	0	1	0	0	0	1
24285_sub2	0	1	1	0	0	0	1	0
24285_sub3	0	1	0	1	0	0	0	1
24285_sub4	0	1	0	1	0	0	0	1
24285_sub5	0	1	1	0	0	0	1	0
24285_sub6	0	1	0	1	0	0	0	1
24297_sub0	0	1	0	1	0	0	0	1
24297_sub1	0	1	1	0	0	0	1	0
24297_sub2	0	1	0	1	0	0	0	1
24297_sub3	0	1	1	0	0	0	1	0
24297_sub4	0	4	2	2	0	0	2	2
24297_sub5	0	1	1	0	0	0	1	0
24328_sub0	0	1	1	0	0	0	1	0
24328_sub1	1	10	2	8	2	8	0	0
24328_sub2	0	1	0	1	0	0	0	1
24334_sub0	0	1	1	0	0	0	1	0
24334_sub1	1	6	1	5	1	5	0	0
24334_sub2	0	1	0	1	0	0	0	1
2434_sub0	0	1	0	1	0	0	0	1
2434_sub1	0	1	1	0	0	0	1	0
2434_sub2	0	1	0	1	0	0	0	1
2434_sub3	0	1	1	0	0	0	1	0
2434_sub4	0	1	0	1	0	0	0	1
2434_sub5	0	1	0	1	0	0	0	1
2435_sub0	1	16	7	9	7	9	0	0
2435_sub1	0	1	1	0	0	0	1	0
2435_sub2	0	1	1	0	0	0	1	0
24358_sub0	1	6	2	4	2	4	0	0
24358_sub1	0	1	1	0	0	0	1	0
24374_sub0	0	1	1	0	0	0	1	0
24374_sub1	0	1	0	1	0	0	0	1
24374_sub2	0	1	0	1	0	0	0	1
24374_sub3	0	1	1	0	0	0	1	0
24374_sub4	0	1	1	0	0	0	1	0
24374_sub5	0	1	1	0	0	0	1	0
24374_sub6	0	1	1	0	0	0	1	0
24374_sub7	0	1	0	1	0	0	0	1
2438_sub0	1	15	7	8	7	8	0	0
2438_sub1	0	1	1	0	0	0	1	0
24398_sub0	1	9	5	4	5	4	0	0
24427_sub0	0	1	1	0	0	0	1	0
24427_sub1	0	4	1	3	0	0	1	3
24427_sub2	0	1	1	0	0	0	1	0
2443_sub0	1	12	5	7	5	7	0	0
2443_sub1	0	1	1	0	0	0	1	0
2443_sub2	0	1	0	1	0	0	0	1
2443_sub3	0	1	1	0	0	0	1	0
24437_sub0	0	1	0	1	0	0	0	1
24437_sub1	0	1	1	0	0	0	1	0
24437_sub2	1	7	3	4	3	4	0	0
2446_sub0	0	1	0	1	0	0	0	1
2446_sub1	0	1	1	0	0	0	1	0
2446_sub2	0	1	1	0	0	0	1	0
2446_sub3	0	1	0	1	0	0	0	1
2446_sub4	0	1	0	1	0	0	0	1
2446_sub5	0	1	0	1	0	0	0	1
24465_sub0	0	2	1	1	0	0	1	1
24465_sub1	0	1	0	1	0	0	0	1
24465_sub2	0	1	0	1	0	0	0	1
24465_sub3	0	1	1	0	0	0	1	0
24465_sub4	0	1	1	0	0	0	1	0
24465_sub5	0	1	0	1	0	0	0	1
24465_sub6	0	1	1	0	0	0	1	0
24465_sub7	0	1	0	1	0	0	0	1
24468_sub0	0	1	1	0	0	0	1	0
24468_sub1	0	1	1	0	0	0	1	0
24468_sub2	0	1	0	1	0	0	0	1
24468_sub3	0	1	1	0	0	0	1	0
24468_sub4	0	1	1	0	0	0	1	0
24468_sub5	0	1	1	0	0	0	1	0
24468_sub6	0	1	0	1	0	0	0	1
24480_sub0	0	1	0	1	0	0	0	1
24480_sub1	0	1	1	0	0	0	1	0
24480_sub2	0	1	0	1	0	0	0	1
24480_sub3	0	1	1	0	0	0	1	0
24480_sub4	0	1	0	1	0	0	0	1
24480_sub5	0	1	1	0	0	0	1	0
24485_sub0	0	1	1	0	0	0	1	0
24485_sub1	0	1	1	0	0	0	1	0
24485_sub2	0	1	0	1	0	0	0	1
24485_sub3	0	1	1	0	0	0	1	0
24485_sub4	0	1	0	1	0	0	0	1
24485_sub5	0	1	1	0	0	0	1	0
2449_sub0	1	20	9	11	9	11	0	0
2449_sub1	0	1	0	1	0	0	0	1
2449_sub2	0	1	1	0	0	0	1	0
245_sub0	0	1	0	1	0	0	0	1
245_sub1	1	8	7	1	7	1	0	0
2451_sub0	0	1	0	1	0	0	0	1
2451_sub1	0	1	1	0	0	0	1	0
2451_sub2	0	1	1	0	0	0	1	0
2451_sub3	0	1	1	0	0	0	1	0
2451_sub4	0	1	1	0	0	0	1	0
2451_sub5	0	1	0	1	0	0	0	1
2451_sub6	0	1	0	1	0	0	0	1
2451_sub7	0	1	0	1	0	0	0	1
2451_sub8	0	1	1	0	0	0	1	0
2452_sub0	1	25	14	11	10	10	4	1
2452_sub1	0	1	0	1	0	0	0	1
2452_sub2	0	1	1	0	0	0	1	0
2452_sub3	0	1	0	1	0	0	0	1
2452_sub4	0	1	1	0	0	0	1	0
2452_sub5	0	1	0	1	0	0	0	1
2452_sub6	0	1	1	0	0	0	1	0
2452_sub7	0	1	0	1	0	0	0	1
2452_sub8	0	1	0	1	0	0	0	1
2452_sub9	0	1	0	1	0	0	0	1
2453_sub0	0	1	0	1	0	0	0	1
2453_sub1	0	1	0	1	0	0	0	1
2453_sub2	1	13	7	6	7	6	0	0
2453_sub3	0	1	1	0	0	0	1	0
2453_sub4	0	1	1	0	0	0	1	0
2453_sub5	0	1	1	0	0	0	1	0
2453_sub6	0	1	0	1	0	0	0	1
2453_sub7	0	1	1	0	0	0	1	0
2453_sub8	0	1	0	1	0	0	0	1
2454_sub0	1	14	8	6	8	6	0	0
2454_sub1	0	1	0	1	0	0	0	1
2454_sub2	0	1	1	0	0	0	1	0
2454_sub3	0	1	0	1	0	0	0	1
24576_sub0	0	1	1	0	0	0	1	0
24576_sub1	0	1	0	1	0	0	0	1
24576_sub2	0	1	0	1	0	0	0	1
24576_sub3	0	1	1	0	0	0	1	0
24576_sub4	0	1	0	1	0	0	0	1
24576_sub5	0	1	0	1	0	0	0	1
24576_sub6	0	1	1	0	0	0	1	0
24576_sub7	0	1	0	1	0	0	0	1
24576_sub8	0	1	0	1	0	0	0	1
24576_sub9	0	1	0	1	0	0	0	1
24585_sub0	0	1	0	1	0	0	0	1
24585_sub1	0	1	0	1	0	0	0	1
24585_sub2	0	1	1	0	0	0	1	0
24585_sub3	0	1	1	0	0	0	1	0
24585_sub4	0	1	0	1	0	0	0	1
24585_sub5	0	1	0	1	0	0	0	1
246_sub0	0	1	1	0	0	0	1	0
246_sub1	1	11	8	3	8	3	0	0
246_sub2	0	1	1	0	0	0	1	0
246_sub3	0	1	0	1	0	0	0	1
246_sub4	0	1	1	0	0	0	1	0
246_sub5	0	1	0	1	0	0	0	1
24612_sub0	0	1	1	0	0	0	1	0
24612_sub1	1	16	11	5	11	5	0	0
24612_sub2	0	1	0	1	0	0	0	1
2462_sub0	1	16	7	9	7	9	0	0
2462_sub1	0	1	0	1	0	0	0	1
2462_sub2	0	1	1	0	0	0	1	0
2462_sub3	0	1	0	1	0	0	0	1
2462_sub4	0	1	0	1	0	0	0	1
2462_sub5	0	1	0	1	0	0	0	1
2462_sub6	0	1	0	1	0	0	0	1
24654_sub0	0	1	1	0	0	0	1	0
24654_sub1	1	12	9	3	9	3	0	0
24654_sub2	0	1	0	1	0	0	0	1
24677_sub0	0	5	3	2	0	0	3	2
24677_sub1	0	1	0	1	0	0	0	1
24677_sub2	0	1	1	0	0	0	1	0
24700_sub0	0	1	0	1	0	0	0	1
24700_sub1	0	1	1	0	0	0	1	0
24700_sub2	0	1	1	0	0	0	1	0
24700_sub3	0	1	0	1	0	0	0	1
24700_sub4	0	1	1	0	0	0	1	0
24700_sub5	0	1	1	0	0	0	1	0
2471_sub0	1	14	7	7	7	7	0	0
2471_sub1	0	1	1	0	0	0	1	0
2471_sub2	0	1	1	0	0	0	1	0
2471_sub3	0	1	0	1	0	0	0	1
2471_sub4	0	1	1	0	0	0	1	0
2471_sub5	0	1	0	1	0	0	0	1
2471_sub6	0	1	0	1	0	0	0	1
2471_sub7	0	1	1	0	0	0	1	0
2471_sub8	0	1	1	0	0	0	1	0
2471_sub9	0	1	0	1	0	0	0	1
2471_sub10	0	1	0	1	0	0	0	1
24715_sub0	0	5	2	3	0	0	2	3
24715_sub1	0	1	1	0	0	0	1	0
24716_sub0	0	1	0	1	0	0	0	1
24716_sub1	0	1	0	1	0	0	0	1
24716_sub2	0	1	0	1	0	0	0	1
24716_sub3	0	1	0	1	0	0	0	1
24716_sub4	0	1	0	1	0	0	0	1
24716_sub5	0	1	0	1	0	0	0	1
24738_sub0	0	1	1	0	0	0	1	0
24738_sub1	0	1	1	0	0	0	1	0
24738_sub2	0	1	1	0	0	0	1	0
24738_sub3	0	1	0	1	0	0	0	1
24738_sub4	0	1	0	1	0	0	0	1
24738_sub5	0	1	1	0	0	0	1	0
24757_sub0	0	1	0	1	0	0	0	1
24757_sub1	1	15	6	9	6	9	0	0
24757_sub2	0	1	1	0	0	0	1	0
24757_sub3	0	1	0	1	0	0	0	1
24757_sub4	0	1	0	1	0	0	0	1
2476_sub0	0	1	1	0	0	0	1	0
2476_sub1	1	14	6	8	6	8	0	0
2476_sub2	0	1	0	1	0	0	0	1
2476_sub3	0	1	0	1	0	0	0	1
24765_sub0	0	1	0	1	0	0	0	1
24765_sub1	0	5	3	2	0	0	3	2
24765_sub2	0	1	0	1	0	0	0	1
2478_sub0	0	1	0	1	0	0	0	1
2478_sub1	0	1	0	1	0	0	0	1
2478_sub2	0	1	0	1	0	0	0	1
2478_sub3	0	1	0	1	0	0	0	1
2478_sub4	0	1	1	0	0	0	1	0
2478_sub5	0	1	0	1	0	0	0	1
2478_sub6	0	1	0	1	0	0	0	1
24784_sub0	1	10	4	6	4	6	0	0
24784_sub1	0	1	1	0	0	0	1	0
24786_sub0	0	1	0	1	0	0	0	1
24786_sub1	1	7	5	2	5	2	0	0
2479_sub0	0	1	1	0	0	0	1	0
2479_sub1	1	10	5	5	5	5	0	0
2479_sub2	0	1	1	0	0	0	1	0
2480_sub0	1	8	4	4	4	4	0	0
2480_sub1	0	1	0	1	0	0	0	1
2480_sub2	0	1	1	0	0	0	1	0
2480_sub3	0	1	0	1	0	0	0	1
2480_sub4	0	1	1	0	0	0	1	0
2480_sub5	0	1	0	1	0	0	0	1
2480_sub6	0	1	0	1	0	0	0	1
2480_sub7	0	1	0	1	0	0	0	1
2484_sub0	1	14	7	7	7	7	0	0
2484_sub1	0	1	0	1	0	0	0	1
2484_sub2	0	1	0	1	0	0	0	1
2484_sub3	0	1	1	0	0	0	1	0
2484_sub4	0	1	1	0	0	0	1	0
24847_sub0	0	1	0	1	0	0	0	1
24847_sub1	0	1	0	1	0	0	0	1
24847_sub2	0	1	1	0	0	0	1	0
24847_sub3	0	1	1	0	0	0	1	0
24847_sub4	0	1	1	0	0	0	1	0
24847_sub5	0	1	1	0	0	0	1	0
24847_sub6	0	1	1	0	0	0	1	0
2486_sub0	0	1	1	0	0	0	1	0
2486_sub1	1	7	3	4	3	4	0	0
2486_sub2	0	1	1	0	0	0	1	0
24865_sub0	1	10	7	3	7	3	0	0
24915_sub0	0	2	0	2	0	0	0	2
24915_sub1	0	1	1	0	0	0	1	0
24915_sub2	0	1	1	0	0	0	1	0
24915_sub3	0	1	1	0	0	0	1	0
24915_sub4	0	1	1	0	0	0	1	0
24915_sub5	0	1	0	1	0	0	0	1
2495_sub0	1	28	15	13	10	10	5	3
2495_sub1	0	1	0	1	0	0	0	1
2495_sub2	0	1	1	0	0	0	1	0
2495_sub3	0	1	1	0	0	0	1	0
2495_sub4	0	1	0	1	0	0	0	1
2495_sub5	0	1	1	0	0	0	1	0
2495_sub6	0	1	0	1	0	0	0	1
2495_sub7	0	1	1	0	0	0	1	0
2495_sub8	0	1	1	0	0	0	1	0
2495_sub9	0	1	0	1	0	0	0	1
24982_sub0	1	8	3	5	3	5	0	0
24982_sub1	0	1	1	0	0	0	1	0
24991_sub0	0	1	0	1	0	0	0	1
24991_sub1	0	1	0	1	0	0	0	1
24991_sub2	0	1	0	1	0	0	0	1
24991_sub3	0	1	0	1	0	0	0	1
24991_sub4	0	1	0	1	0	0	0	1
24991_sub5	0	1	0	1	0	0	0	1
24997_sub0	0	1	1	0	0	0	1	0
24997_sub1	0	1	0	1	0	0	0	1
24997_sub2	0	1	1	0	0	0	1	0
24997_sub3	0	1	1	0	0	0	1	0
24997_sub4	0	1	1	0	0	0	1	0
24997_sub5	0	1	1	0	0	0	1	0
25005_sub0	0	2	0	2	0	0	0	2
25005_sub1	0	1	1	0	0	0	1	0
25005_sub2	0	1	1	0	0	0	1	0
25005_sub3	0	1	1	0	0	0	1	0
25005_sub4	0	1	0	1	0	0	0	1
25005_sub5	0	1	1	0	0	0	1	0
25005_sub6	0	1	1	0	0	0	1	0
25033_sub0	0	1	0	1	0	0	0	1
25033_sub1	0	1	0	1	0	0	0	1
25033_sub2	0	1	1	0	0	0	1	0
25033_sub3	0	1	0	1	0	0	0	1
25033_sub4	0	1	1	0	0	0	1	0
25033_sub5	0	1	1	0	0	0	1	0
25033_sub6	0	1	1	0	0	0	1	0
25037_sub0	0	1	1	0	0	0	1	0
25037_sub1	0	1	1	0	0	0	1	0
25037_sub2	0	1	0	1	0	0	0	1
25037_sub3	0	1	1	0	0	0	1	0
25037_sub4	0	1	1	0	0	0	1	0
25037_sub5	0	1	0	1	0	0	0	1
25041_sub0	0	1	1	0	0	0	1	0
25041_sub1	0	1	1	0	0	0	1	0
25041_sub2	0	1	0	1	0	0	0	1
25041_sub3	0	1	1	0	0	0	1	0
25041_sub4	0	1	1	0	0	0	1	0
25041_sub5	0	1	1	0	0	0	1	0
25041_sub6	0	1	0	1	0	0	0	1
25072_sub0	0	1	0	1	0	0	0	1
25072_sub1	0	1	1	0	0	0	1	0
25072_sub2	0	1	0	1	0	0	0	1
25072_sub3	0	1	0	1	0	0	0	1
25072_sub4	0	1	0	1	0	0	0	1
25072_sub5	0	1	1	0	0	0	1	0
25104_sub0	0	1	1	0	0	0	1	0
25104_sub1	0	1	0	1	0	0	0	1
25104_sub2	0	1	0	1	0	0	0	1
25104_sub3	0	3	0	3	0	0	0	3
25107_sub0	0	1	1	0	0	0	1	0
25107_sub1	0	1	1	0	0	0	1	0
25107_sub2	0	1	1	0	0	0	1	0
25107_sub3	0	1	0	1	0	0	0	1
25107_sub4	0	1	1	0	0	0	1	0
25107_sub5	0	1	0	1	0	0	0	1
25107_sub6	0	1	1	0	0	0	1	0
25107_sub7	0	1	0	1	0	0	0	1
2511_sub0	1	24	14	10	10	10	4	0
2511_sub1	0	1	1	0	0	0	1	0
2511_sub2	0	1	1	0	0	0	1	0
2511_sub3	0	1	0	1	0	0	0	1
2511_sub4	0	1	1	0	0	0	1	0
2511_sub5	0	1	0	1	0	0	0	1
2512_sub0	0	1	1	0	0	0	1	0
2512_sub1	0	1	1	0	0	0	1	0
2512_sub2	1	8	3	5	3	5	0	0
25139_sub0	1	17	7	10	7	10	0	0
25139_sub1	0	1	0	1	0	0	0	1
25139_sub2	0	1	1	0	0	0	1	0
2514_sub0	1	12	7	5	7	5	0	0
2514_sub1	0	1	0	1	0	0	0	1
2514_sub2	0	1	0	1	0	0	0	1
2516_sub0	0	1	0	1	0	0	0	1
2516_sub1	0	1	0	1	0	0	0	1
2516_sub2	0	1	1	0	0	0	1	0
2516_sub3	0	1	0	1	0	0	0	1
2516_sub4	0	1	0	1	0	0	0	1
2516_sub5	0	1	0	1	0	0	0	1
25176_sub0	0	1	1	0	0	0	1	0
25176_sub1	0	1	1	0	0	0	1	0
25176_sub2	0	2	1	1	0	0	1	1
25176_sub3	0	1	0	1	0	0	0	1
25176_sub4	0	1	0	1	0	0	0	1
25176_sub5	0	1	0	1	0	0	0	1
2520_sub0	0	1	0	1	0	0	0	1
2520_sub1	0	5	2	3	0	0	2	3
2521_sub0	0	1	0	1	0	0	0	1
2521_sub1	0	1	1	0	0	0	1	0
2521_sub2	0	1	1	0	0	0	1	0
2521_sub3	0	1	1	0	0	0	1	0
2521_sub4	1	14	6	8	6	8	0	0
2521_sub5	0	1	1	0	0	0	1	0
2521_sub6	0	1	1	0	0	0	1	0
2521_sub7	0	2	0	2	0	0	0	2
2521_sub8	0	1	1	0	0	0	1	0
2521_sub9	0	1	0	1	0	0	0	1
25210_sub0	0	1	1	0	0	0	1	0
25210_sub1	1	19	6	13	6	13	0	0
25210_sub2	0	1	1	0	0	0	1	0
25224_sub0	0	1	1	0	0	0	1	0
25224_sub1	0	1	0	1	0	0	0	1
25224_sub2	0	1	1	0	0	0	1	0
25224_sub3	0	1	1	0	0	0	1	0
25224_sub4	0	1	1	0	0	0	1	0
25224_sub5	0	1	0	1	0	0	0	1
25224_sub6	0	1	0	1	0	0	0	1
25239_sub0	0	1	1	0	0	0	1	0
25239_sub1	0	1	1	0	0	0	1	0
25239_sub2	0	1	1	0	0	0	1	0
25239_sub3	0	1	0	1	0	0	0	1
25239_sub4	0	1	0	1	0	0	0	1
25239_sub5	0	1	0	1	0	0	0	1
2526_sub0	0	1	0	1	0	0	0	1
2526_sub1	0	1	0	1	0	0	0	1
2526_sub2	0	1	0	1	0	0	0	1
2526_sub3	0	1	1	0	0	0	1	0
2526_sub4	0	1	0	1	0	0	0	1
2526_sub5	0	1	1	0	0	0	1	0
25284_sub0	1	10	4	6	4	6	0	0
25284_sub1	0	1	1	0	0	0	1	0
25284_sub2	0	1	0	1	0	0	0	1
25284_sub3	0	1	0	1	0	0	0	1
2529_sub0	0	1	0	1	0	0	0	1
2529_sub1	0	1	0	1	0	0	0	1
2529_sub2	0	1	0	1	0	0	0	1
2529_sub3	0	1	0	1	0	0	0	1
2529_sub4	0	1	0	1	0	0	0	1
2529_sub5	0	1	1	0	0	0	1	0
2529_sub6	0	1	1	0	0	0	1	0
2529_sub7	0	1	1	0	0	0	1	0
2529_sub8	0	1	0	1	0	0	0	1
2530_sub0	0	2	1	1	0	0	1	1
2530_sub1	0	1	0	1	0	0	0	1
2530_sub2	0	1	1	0	0	0	1	0
2530_sub3	0	1	1	0	0	0	1	0
2530_sub4	0	1	1	0	0	0	1	0
2530_sub5	0	1	0	1	0	0	0	1
2531_sub0	0	1	0	1	0	0	0	1
2531_sub1	0	1	1	0	0	0	1	0
2531_sub2	0	1	0	1	0	0	0	1
2531_sub3	0	1	1	0	0	0	1	0
2531_sub4	0	1	0	1	0	0	0	1
2531_sub5	0	1	0	1	0	0	0	1
2531_sub6	0	1	0	1	0	0	0	1
2533_sub0	1	23	13	10	10	10	3	0
2533_sub1	0	1	0	1	0	0	0	1
2533_sub2	0	1	1	0	0	0	1	0
2534_sub0	0	1	1	0	0	0	1	0
2534_sub1	1	9	4	5	4	5	0	0
2534_sub2	0	1	1	0	0	0	1	0
2534_sub3	0	1	1	0	0	0	1	0
2534_sub4	0	1	0	1	0	0	0	1
25351_sub0	0	1	0	1	0	0	0	1
25351_sub1	0	1	1	0	0	0	1	0
25351_sub2	0	1	0	1	0	0	0	1
25351_sub3	0	1	1	0	0	0	1	0
25351_sub4	0	1	0	1	0	0	0	1
25351_sub5	0	1	0	1	0	0	0	1
2536_sub0	0	1	1	0	0	0	1	0
2536_sub1	0	1	1	0	0	0	1	0
2536_sub2	0	1	0	1	0	0	0	1
2536_sub3	1	21	13	8	12	8	1	0
2536_sub4	0	1	0	1	0	0	0	1
25360_sub0	0	1	0	1	0	0	0	1
25360_sub1	1	10	5	5	5	5	0	0
2538_sub0	1	28	16	12	10	10	6	2
2538_sub1	0	1	0	1	0	0	0	1
2538_sub2	0	1	1	0	0	0	1	0
2538_sub3	0	1	1	0	0	0	1	0
2538_sub4	0	1	1	0	0	0	1	0
2538_sub5	0	1	1	0	0	0	1	0
2540_sub0	1	12	7	5	7	5	0	0
2540_sub1	0	1	1	0	0	0	1	0
2540_sub2	0	1	1	0	0	0	1	0
2540_sub3	0	1	0	1	0	0	0	1
2540_sub4	0	1	0	1	0	0	0	1
2540_sub5	0	1	0	1	0	0	0	1
25403_sub0	0	1	1	0	0	0	1	0
25403_sub1	0	1	1	0	0	0	1	0
25403_sub2	0	1	0	1	0	0	0	1
25403_sub3	0	1	0	1	0	0	0	1
25403_sub4	0	1	1	0	0	0	1	0
25403_sub5	0	1	1	0	0	0	1	0
25403_sub6	0	1	0	1	0	0	0	1
25427_sub0	0	1	0	1	0	0	0	1
25427_sub1	1	7	3	4	3	4	0	0
25435_sub0	0	1	0	1	0	0	0	1
25435_sub1	1	7	2	5	2	5	0	0
25474_sub0	0	1	0	1	0	0	0	1
25474_sub1	0	1	1	0	0	0	1	0
25474_sub2	0	1	1	0	0	0	1	0
25474_sub3	0	1	1	0	0	0	1	0
25474_sub4	0	1	1	0	0	0	1	0
25474_sub5	0	1	1	0	0	0	1	0
25476_sub0	0	1	1	0	0	0	1	0
25476_sub1	0	2	0	2	0	0	0	2
25476_sub2	0	1	0	1	0	0	0	1
25476_sub3	0	1	0	1	0	0	0	1
25476_sub4	0	1	1	0	0	0	1	0
25476_sub5	0	1	1	0	0	0	1	0
2551_sub0	1	12	5	7	5	7	0	0
2551_sub1	0	1	0	1	0	0	0	1
2551_sub2	0	1	0	1	0	0	0	1
2551_sub3	0	1	1	0	0	0	1	0
2551_sub4	0	1	1	0	0	0	1	0
2551_sub5	0	1	1	0	0	0	1	0
25556_sub0	1	18	9	9	9	9	0	0
25556_sub1	0	1	1	0	0	0	1	0
25556_sub2	0	1	1	0	0	0	1	0
25556_sub3	0	1	1	0	0	0	1	0
25556_sub4	0	1	1	0	0	0	1	0
25566_sub0	0	1	0	1	0	0	0	1
25566_sub1	0	5	3	2	0	0	3	2
25566_sub2	0	1	0	1	0	0	0	1
25566_sub3	0	1	0	1	0	0	0	1
25566_sub4	0	1	0	1	0	0	0	1
2557_sub0	0	1	0	1	0	0	0	1
2557_sub1	0	1	0	1	0	0	0	1
2557_sub2	0	1	0	1	0	0	0	1
2557_sub3	0	2	0	2	0	0	0	2
2557_sub4	0	1	0	1	0	0	0	1
2557_sub5	0	1	1	0	0	0	1	0
2559_sub0	1	13	5	8	5	8	0	0
2559_sub1	0	1	0	1	0	0	0	1
2566_sub0	0	1	0	1	0	0	0	1
2566_sub1	0	1	0	1	0	0	0	1
2566_sub2	0	1	1	0	0	0	1	0
2566_sub3	0	1	0	1	0	0	0	1
2566_sub4	0	1	1	0	0	0	1	0
2566_sub5	0	1	1	0	0	0	1	0
257_sub0	0	1	0	1	0	0	0	1
257_sub1	0	5	3	2	0	0	3	2
257_sub2	0	1	1	0	0	0	1	0
25712_sub0	0	1	0	1	0	0	0	1
25712_sub1	0	1	0	1	0	0	0	1
25712_sub2	0	1	0	1	0	0	0	1
25712_sub3	0	1	0	1	0	0	0	1
25712_sub4	0	1	0	1	0	0	0	1
25712_sub5	0	1	0	1	0	0	0	1
2575_sub0	1	11	7	4	7	4	0	0
2575_sub1	0	1	0	1	0	0	0	1
2575_sub2	0	1	1	0	0	0	1	0
2575_sub3	0	1	1	0	0	0	1	0
2575_sub4	0	1	0	1	0	0	0	1
2575_sub5	0	1	0	1	0	0	0	1
2575_sub6	0	1	0	1	0	0	0	1
2575_sub7	0	1	1	0	0	0	1	0
25756_sub0	0	1	1	0	0	0	1	0
25756_sub1	0	5	1	4	0	0	1	4
2576_sub0	1	22	7	15	7	13	0	2
2576_sub1	0	1	1	0	0	0	1	0
2576_sub2	0	1	1	0	0	0	1	0
25776_sub0	0	1	0	1	0	0	0	1
25776_sub1	0	1	0	1	0	0	0	1
25776_sub2	0	1	0	1	0	0	0	1
25776_sub3	0	1	1	0	0	0	1	0
25776_sub4	0	1	0	1	0	0	0	1
25776_sub5	0	1	1	0	0	0	1	0
25776_sub6	0	1	1	0	0	0	1	0
25776_sub7	0	1	1	0	0	0	1	0
25776_sub8	0	1	0	1	0	0	0	1
25809_sub0	1	9	4	5	4	5	0	0
25809_sub1	0	1	0	1	0	0	0	1
25809_sub2	0	1	0	1	0	0	0	1
25837_sub0	1	21	9	12	9	11	0	1
25837_sub1	0	1	1	0	0	0	1	0
25837_sub2	0	1	0	1	0	0	0	1
25837_sub3	0	1	1	0	0	0	1	0
2586_sub0	1	13	5	8	5	8	0	0
2586_sub1	0	1	0	1	0	0	0	1
2586_sub2	0	1	1	0	0	0	1	0
2589_sub0	1	11	8	3	8	3	0	0
2589_sub1	0	1	0	1	0	0	0	1
25913_sub0	0	1	1	0	0	0	1	0
25913_sub1	1	8	5	3	5	3	0	0
25913_sub2	0	1	0	1	0	0	0	1
2592_sub0	0	1	0	1	0	0	0	1
2592_sub1	0	1	0	1	0	0	0	1
2592_sub2	1	18	11	7	11	7	0	0
2592_sub3	0	1	1	0	0	0	1	0
2592_sub4	0	1	0	1	0	0	0	1
2592_sub5	0	1	1	0	0	0	1	0
25927_sub0	0	1	1	0	0	0	1	0
25927_sub1	0	1	0	1	0	0	0	1
25927_sub2	0	1	1	0	0	0	1	0
25927_sub3	0	1	1	0	0	0	1	0
25927_sub4	0	1	1	0	0	0	1	0
25927_sub5	0	1	1	0	0	0	1	0
25927_sub6	0	1	0	1	0	0	0	1
2594_sub0	0	1	1	0	0	0	1	0
2594_sub1	0	1	1	0	0	0	1	0
2594_sub2	1	11	5	6	5	6	0	0
2594_sub3	0	1	1	0	0	0	1	0
2594_sub4	0	1	0	1	0	0	0	1
25955_sub0	1	7	6	1	6	1	0	0
25955_sub1	0	1	0	1	0	0	0	1
25955_sub2	0	1	0	1	0	0	0	1
25955_sub3	0	1	1	0	0	0	1	0
25955_sub4	0	1	1	0	0	0	1	0
2597_sub0	1	20	7	13	7	13	0	0
2597_sub1	0	1	0	1	0	0	0	1
2597_sub2	0	1	1	0	0	0	1	0
25986_sub0	0	1	1	0	0	0	1	0
25986_sub1	0	2	2	0	0	0	2	0
25986_sub2	0	1	0	1	0	0	0	1
25986_sub3	0	1	0	1	0	0	0	1
25986_sub4	0	1	1	0	0	0	1	0
26_sub0	0	1	1	0	0	0	1	0
26_sub1	1	22	15	7	13	7	2	0
26_sub2	0	1	0	1	0	0	0	1
2600_sub0	1	20	8	12	8	12	0	0
2600_sub1	0	1	0	1	0	0	0	1
2600_sub2	0	1	0	1	0	0	0	1
26006_sub0	0	1	0	1	0	0	0	1
26006_sub1	0	1	0	1	0	0	0	1
26006_sub2	0	1	1	0	0	0	1	0
26006_sub3	0	1	0	1	0	0	0	1
26006_sub4	0	1	1	0	0	0	1	0
26006_sub5	0	1	1	0	0	0	1	0
26006_sub6	0	1	1	0	0	0	1	0
2601_sub0	1	15	6	9	6	9	0	0
2601_sub1	0	1	1	0	0	0	1	0
2601_sub2	0	1	0	1	0	0	0	1
2601_sub3	0	1	0	1	0	0	0	1
2601_sub4	0	1	0	1	0	0	0	1
26038_sub0	0	2	1	1	0	0	1	1
26038_sub1	0	1	0	1	0	0	0	1
26038_sub2	0	1	1	0	0	0	1	0
26038_sub3	0	1	0	1	0	0	0	1
26038_sub4	0	1	1	0	0	0	1	0
26038_sub5	0	1	0	1	0	0	0	1
26039_sub0	1	6	2	4	2	4	0	0
26039_sub1	0	1	0	1	0	0	0	1
26039_sub2	0	1	0	1	0	0	0	1
2604_sub0	1	22	12	10	10	10	2	0
2604_sub1	0	1	0	1	0	0	0	1
2604_sub2	0	1	0	1	0	0	0	1
2604_sub3	0	1	0	1	0	0	0	1
2604_sub4	0	1	1	0	0	0	1	0
2605_sub0	0	1	1	0	0	0	1	0
2605_sub1	0	1	0	1	0	0	0	1
2605_sub2	0	1	1	0	0	0	1	0
2605_sub3	0	1	1	0	0	0	1	0
2605_sub4	0	1	0	1	0	0	0	1
2605_sub5	0	1	0	1	0	0	0	1
2605_sub6	0	1	0	1	0	0	0	1
2607_sub0	0	1	1	0	0	0	1	0
2607_sub1	1	22	12	10	10	10	2	0
2607_sub2	0	1	0	1	0	0	0	1
26120_sub0	0	1	0	1	0	0	0	1
26120_sub1	1	12	4	8	4	8	0	0
26120_sub2	0	1	1	0	0	0	1	0
26120_sub3	0	1	0	1	0	0	0	1
26127_sub0	0	5	1	4	0	0	1	4
26127_sub1	0	1	0	1	0	0	0	1
2615_sub0	1	12	5	7	5	7	0	0
2615_sub1	0	1	0	1	0	0	0	1
2615_sub2	0	1	0	1	0	0	0	1
2618_sub0	0	1	0	1	0	0	0	1
2618_sub1	0	3	2	1	0	0	2	1
2618_sub2	0	1	0	1	0	0	0	1
2618_sub3	0	1	0	1	0	0	0	1
2618_sub4	0	1	0	1	0	0	0	1
26192_sub0	0	1	0	1	0	0	0	1
26192_sub1	0	1	1	0	0	0	1	0
26192_sub2	0	1	0	1	0	0	0	1
26192_sub3	0	1	1	0	0	0	1	0
26192_sub4	0	1	0	1	0	0	0	1
26192_sub5	0	1	0	1	0	0	0	1
26194_sub0	1	8	4	4	4	4	0	0
26194_sub1	0	1	0	1	0	0	0	1
26194_sub2	0	1	1	0	0	0	1	0
2620_sub0	1	29	13	16	10	10	3	6
2620_sub1	0	1	0	1	0	0	0	1
2620_sub2	0	1	0	1	0	0	0	1
2620_sub3	0	1	1	0	0	0	1	0
2620_sub4	0	1	1	0	0	0	1	0
2620_sub5	0	1	0	1	0	0	0	1
2620_sub6	0	1	0	1	0	0	0	1
2622_sub0	0	1	0	1	0	0	0	1
2622_sub1	0	1	0	1	0	0	0	1
2622_sub2	0	1	0	1	0	0	0	1
2622_sub3	0	1	0	1	0	0	0	1
2622_sub4	0	1	0	1	0	0	0	1
2622_sub5	0	1	0	1	0	0	0	1
2622_sub6	0	1	0	1	0	0	0	1
2622_sub7	0	1	1	0	0	0	1	0
26243_sub0	0	2	1	1	0	0	1	1
26243_sub1	0	1	1	0	0	0	1	0
26243_sub2	0	1	0	1	0	0	0	1
26243_sub3	0	1	0	1	0	0	0	1
26243_sub4	0	1	1	0	0	0	1	0
26243_sub5	0	1	0	1	0	0	0	1
2625_sub0	1	25	12	13	10	10	2	3
2625_sub1	0	1	0	1	0	0	0	1
2625_sub2	0	1	0	1	0	0	0	1
2626_sub0	1	17	8	9	8	9	0	0
2626_sub1	0	1	0	1	0	0	0	1
2626_sub2	0	1	0	1	0	0	0	1
2626_sub3	0	1	1	0	0	0	1	0
2628_sub0	1	20	8	12	8	12	0	0
2628_sub1	0	1	0	1	0	0	0	1
2628_sub2	0	1	1	0	0	0	1	0
2628_sub3	0	1	1	0	0	0	1	0
2629_sub0	1	25	12	13	10	10	2	3
2629_sub1	0	1	1	0	0	0	1	0
2629_sub2	0	1	0	1	0	0	0	1
2630_sub0	0	1	0	1	0	0	0	1
2630_sub1	1	17	12	5	12	5	0	0
2630_sub2	0	1	0	1	0	0	0	1
2630_sub3	0	1	0	1	0	0	0	1
2630_sub4	0	1	1	0	0	0	1	0
2630_sub5	0	1	0	1	0	0	0	1
2630_sub6	0	1	0	1	0	0	0	1
26330_sub0	1	8	3	5	3	5	0	0
2634_sub0	1	11	6	5	6	5	0	0
2634_sub1	0	1	0	1	0	0	0	1
2634_sub2	0	1	1	0	0	0	1	0
2636_sub0	0	1	0	1	0	0	0	1
2636_sub1	0	1	0	1	0	0	0	1
2636_sub2	1	18	7	11	7	11	0	0
2636_sub3	0	1	1	0	0	0	1	0
2636_sub4	0	1	0	1	0	0	0	1
2636_sub5	0	1	0	1	0	0	0	1
2637_sub0	0	1	0	1	0	0	0	1
2637_sub1	0	1	0	1	0	0	0	1
2637_sub2	0	1	0	1	0	0	0	1
2637_sub3	0	1	0	1	0	0	0	1
2637_sub4	0	1	1	0	0	0	1	0
2637_sub5	0	1	0	1	0	0	0	1
2639_sub0	1	12	6	6	6	6	0	0
2639_sub1	0	1	1	0	0	0	1	0
2639_sub2	0	1	1	0	0	0	1	0
2639_sub3	0	1	0	1	0	0	0	1
2639_sub4	0	1	1	0	0	0	1	0
2639_sub5	0	1	1	0	0	0	1	0
2639_sub6	0	1	1	0	0	0	1	0
2642_sub0	1	24	12	12	10	10	2	2
2642_sub1	0	1	1	0	0	0	1	0
2642_sub2	0	1	1	0	0	0	1	0
2642_sub3	0	1	1	0	0	0	1	0
2642_sub4	0	1	1	0	0	0	1	0
2642_sub5	0	1	0	1	0	0	0	1
2642_sub6	0	1	1	0	0	0	1	0
26424_sub0	0	1	1	0	0	0	1	0
26424_sub1	0	1	0	1	0	0	0	1
26424_sub2	0	1	1	0	0	0	1	0
26424_sub3	0	1	0	1	0	0	0	1
26424_sub4	0	1	1	0	0	0	1	0
26424_sub5	0	1	1	0	0	0	1	0
2643_sub0	1	19	5	14	5	14	0	0
2643_sub1	0	1	1	0	0	0	1	0
2643_sub2	0	1	1	0	0	0	1	0
2643_sub3	0	1	0	1	0	0	0	1
2643_sub4	0	1	1	0	0	0	1	0
2643_sub5	0	1	1	0	0	0	1	0
2644_sub0	1	9	4	5	4	5	0	0
2644_sub1	0	1	1	0	0	0	1	0
2644_sub2	0	1	0	1	0	0	0	1
2644_sub3	0	1	1	0	0	0	1	0
26517_sub0	0	1	1	0	0	0	1	0
26517_sub1	0	1	0	1	0	0	0	1
26517_sub2	0	1	0	1	0	0	0	1
26517_sub3	0	1	1	0	0	0	1	0
26517_sub4	0	1	1	0	0	0	1	0
26517_sub5	0	1	0	1	0	0	0	1
26517_sub6	1	14	8	6	8	6	0	0
26517_sub7	0	1	0	1	0	0	0	1
26566_sub0	0	1	1	0	0	0	1	0
26566_sub1	0	1	0	1	0	0	0	1
26566_sub2	0	1	0	1	0	0	0	1
26566_sub3	0	1	0	1	0	0	0	1
26566_sub4	0	1	0	1	0	0	0	1
26566_sub5	0	1	0	1	0	0	0	1
2659_sub0	0	1	0	1	0	0	0	1
2659_sub1	1	6	5	1	5	1	0	0
2660_sub0	0	1	0	1	0	0	0	1
2660_sub1	0	1	0	1	0	0	0	1
2660_sub2	1	23	13	10	10	10	3	0
2660_sub3	0	1	1	0	0	0	1	0
2660_sub4	0	1	1	0	0	0	1	0
2663_sub0	0	1	0	1	0	0	0	1
2663_sub1	1	21	12	9	11	9	1	0
2663_sub2	0	1	1	0	0	0	1	0
2663_sub3	0	1	1	0	0	0	1	0
2664_sub0	0	5	2	3	0	0	2	3
2664_sub1	0	1	0	1	0	0	0	1
2664_sub2	0	1	1	0	0	0	1	0
2664_sub3	0	1	1	0	0	0	1	0
2664_sub4	0	1	0	1	0	0	0	1
2664_sub5	0	1	0	1	0	0	0	1
2666_sub0	0	1	0	1	0	0	0	1
2666_sub1	1	14	4	10	4	10	0	0
2667_sub0	0	1	0	1	0	0	0	1
2667_sub1	0	1	0	1	0	0	0	1
2667_sub2	0	1	0	1	0	0	0	1
2667_sub3	0	1	0	1	0	0	0	1
2667_sub4	0	1	1	0	0	0	1	0
2667_sub5	0	1	1	0	0	0	1	0
26672_sub0	1	15	6	9	6	9	0	0
26672_sub1	0	1	0	1	0	0	0	1
26672_sub2	0	1	1	0	0	0	1	0
26672_sub3	0	1	0	1	0	0	0	1
2669_sub0	1	17	7	10	7	10	0	0
2669_sub1	0	1	0	1	0	0	0	1
2669_sub2	0	1	1	0	0	0	1	0
2669_sub3	0	1	1	0	0	0	1	0
2670_sub0	0	1	1	0	0	0	1	0
2670_sub1	1	25	12	13	10	10	2	3
2670_sub2	0	1	1	0	0	0	1	0
2671_sub0	1	6	2	4	2	4	0	0
2671_sub1	0	1	1	0	0	0	1	0
2671_sub2	0	1	0	1	0	0	0	1
2671_sub3	0	1	1	0	0	0	1	0
2671_sub4	0	1	0	1	0	0	0	1
26722_sub0	0	1	1	0	0	0	1	0
26722_sub1	0	5	3	2	0	0	3	2
26722_sub2	0	1	0	1	0	0	0	1
26722_sub3	0	1	1	0	0	0	1	0
26730_sub0	0	5	2	3	0	0	2	3
26730_sub1	0	1	0	1	0	0	0	1
26730_sub2	0	1	1	0	0	0	1	0
2675_sub0	1	30	12	18	10	10	2	8
2675_sub1	0	1	0	1	0	0	0	1
2675_sub2	0	1	1	0	0	0	1	0
2675_sub3	0	1	1	0	0	0	1	0
2675_sub4	0	1	1	0	0	0	1	0
2675_sub5	0	1	0	1	0	0	0	1
2675_sub6	0	1	0	1	0	0	0	1
2675_sub7	0	1	1	0	0	0	1	0
26750_sub0	0	1	1	0	0	0	1	0
26750_sub1	0	1	0	1	0	0	0	1
26750_sub2	0	1	0	1	0	0	0	1
26750_sub3	0	1	0	1	0	0	0	1
26750_sub4	0	1	0	1	0	0	0	1
26750_sub5	0	1	0	1	0	0	0	1
2676_sub0	1	12	5	7	5	7	0	0
2676_sub1	0	1	0	1	0	0	0	1
2677_sub0	1	9	5	4	5	4	0	0
2677_sub1	0	1	0	1	0	0	0	1
2677_sub2	0	1	0	1	0	0	0	1
2679_sub0	1	9	4	5	4	5	0	0
2679_sub1	0	1	0	1	0	0	0	1
2679_sub2	0	1	0	1	0	0	0	1
26794_sub0	0	1	1	0	0	0	1	0
26794_sub1	0	1	0	1	0	0	0	1
26794_sub2	0	1	1	0	0	0	1	0
26794_sub3	0	1	0	1	0	0	0	1
26794_sub4	0	1	1	0	0	0	1	0
26794_sub5	0	1	0	1	0	0	0	1
26794_sub6	0	1	1	0	0	0	1	0
268_sub0	0	1	0	1	0	0	0	1
268_sub1	0	1	1	0	0	0	1	0
268_sub2	0	1	1	0	0	0	1	0
268_sub3	0	1	0	1	0	0	0	1
268_sub4	0	1	0	1	0	0	0	1
268_sub5	0	1	0	1	0	0	0	1
2680_sub0	0	1	0	1	0	0	0	1
2680_sub1	1	10	1	9	1	9	0	0
2680_sub2	0	1	1	0	0	0	1	0
2680_sub3	0	1	0	1	0	0	0	1
26800_sub0	1	13	4	9	4	9	0	0
26800_sub1	0	1	1	0	0	0	1	0
26833_sub0	0	1	0	1	0	0	0	1
26833_sub1	1	13	8	5	8	5	0	0
2684_sub0	1	29	13	16	10	10	3	6
2684_sub1	0	1	1	0	0	0	1	0
2684_sub2	0	1	1	0	0	0	1	0
2684_sub3	0	1	0	1	0	0	0	1
2684_sub4	0	1	1	0	0	0	1	0
2684_sub5	0	1	0	1	0	0	0	1
2684_sub6	0	1	1	0	0	0	1	0
2684_sub7	0	1	0	1	0	0	0	1
26850_sub0	0	1	0	1	0	0	0	1
26850_sub1	1	10	3	7	3	7	0	0
26850_sub2	0	1	1	0	0	0	1	0
2686_sub0	1	9	3	6	3	6	0	0
2686_sub1	0	1	0	1	0	0	0	1
2686_sub2	0	1	0	1	0	0	0	1
2686_sub3	0	1	1	0	0	0	1	0
269_sub0	0	1	0	1	0	0	0	1
269_sub1	1	15	5	10	5	10	0	0
2691_sub0	0	1	0	1	0	0	0	1
2691_sub1	0	2	1	1	0	0	1	1
2691_sub2	0	1	1	0	0	0	1	0
2691_sub3	0	1	0	1	0	0	0	1
2691_sub4	0	1	1	0	0	0	1	0
2691_sub5	0	1	0	1	0	0	0	1
2691_sub6	0	1	0	1	0	0	0	1
26913_sub0	0	1	0	1	0	0	0	1
26913_sub1	0	1	1	0	0	0	1	0
26913_sub2	0	1	0	1	0	0	0	1
26913_sub3	0	1	0	1	0	0	0	1
26913_sub4	0	1	1	0	0	0	1	0
26913_sub5	0	1	0	1	0	0	0	1
26914_sub0	0	1	1	0	0	0	1	0
26914_sub1	1	10	6	4	6	4	0	0
2694_sub0	0	1	1	0	0	0	1	0
2694_sub1	1	10	5	5	5	5	0	0
2694_sub2	0	1	0	1	0	0	0	1
2694_sub3	0	1	1	0	0	0	1	0
2694_sub4	0	1	0	1	0	0	0	1
26982_sub0	0	5	4	1	0	0	4	1
26982_sub1	0	1	0	1	0	0	0	1
27_sub0	0	1	0	1	0	0	0	1
27_sub1	0	1	1	0	0	0	1	0
27_sub2	1	24	7	17	7	13	0	4
27_sub3	0	1	1	0	0	0	1	0
27_sub4	0	1	1	0	0	0	1	0
27_sub5	0	1	0	1	0	0	0	1
27_sub6	0	1	1	0	0	0	1	0
27_sub7	0	1	0	1	0	0	0	1
2700_sub0	0	1	0	1	0	0	0	1
2700_sub1	0	1	0	1	0	0	0	1
2700_sub2	0	1	1	0	0	0	1	0
2700_sub3	0	1	1	0	0	0	1	0
2700_sub4	0	1	0	1	0	0	0	1
2700_sub5	0	1	0	1	0	0	0	1
2703_sub0	0	1	1	0	0	0	1	0
2703_sub1	1	21	12	9	11	9	1	0
2704_sub0	0	1	0	1	0	0	0	1
2704_sub1	0	1	0	1	0	0	0	1
2704_sub2	0	1	1	0	0	0	1	0
2704_sub3	0	2	1	1	0	0	1	1
2704_sub4	0	1	1	0	0	0	1	0
2704_sub5	0	1	1	0	0	0	1	0
27079_sub0	1	6	2	4	2	4	0	0
27079_sub1	0	1	0	1	0	0	0	1
27079_sub2	0	1	0	1	0	0	0	1
27079_sub3	0	1	0	1	0	0	0	1
27088_sub0	0	1	0	1	0	0	0	1
27088_sub1	0	1	0	1	0	0	0	1
27088_sub2	0	1	0	1	0	0	0	1
27088_sub3	0	1	0	1	0	0	0	1
27088_sub4	0	1	1	0	0	0	1	0
27088_sub5	0	1	0	1	0	0	0	1
27098_sub0	0	1	1	0	0	0	1	0
27098_sub1	1	14	9	5	9	5	0	0
2710_sub0	1	25	13	12	10	10	3	2
2710_sub1	0	1	0	1	0	0	0	1
2710_sub2	0	1	0	1	0	0	0	1
2710_sub3	0	1	0	1	0	0	0	1
2712_sub0	1	21	8	13	8	12	0	1
2712_sub1	0	1	0	1	0	0	0	1
2712_sub2	0	1	1	0	0	0	1	0
2712_sub3	0	1	0	1	0	0	0	1
2712_sub4	0	1	1	0	0	0	1	0
2712_sub5	0	1	1	0	0	0	1	0
2712_sub6	0	1	1	0	0	0	1	0
2714_sub0	0	2	2	0	0	0	2	0
2714_sub1	0	1	1	0	0	0	1	0
2714_sub2	0	1	0	1	0	0	0	1
2714_sub3	0	1	1	0	0	0	1	0
2714_sub4	0	1	1	0	0	0	1	0
2714_sub5	0	1	1	0	0	0	1	0
2714_sub6	0	1	1	0	0	0	1	0
2714_sub7	0	1	1	0	0	0	1	0
27213_sub0	0	1	0	1	0	0	0	1
27213_sub1	1	11	4	7	4	7	0	0
27213_sub2	0	1	0	1	0	0	0	1
2723_sub0	1	19	5	14	5	14	0	0
2723_sub1	0	1	0	1	0	0	0	1
2723_sub2	0	1	0	1	0	0	0	1
2723_sub3	0	1	1	0	0	0	1	0
2723_sub4	0	1	0	1	0	0	0	1
2723_sub5	0	1	1	0	0	0	1	0
2723_sub6	0	1	0	1	0	0	0	1
27249_sub0	0	1	0	1	0	0	0	1
27249_sub1	0	1	0	1	0	0	0	1
27249_sub2	0	1	1	0	0	0	1	0
27249_sub3	0	1	1	0	0	0	1	0
27249_sub4	0	1	0	1	0	0	0	1
27249_sub5	0	1	1	0	0	0	1	0
27288_sub0	0	1	1	0	0	0	1	0
27288_sub1	0	1	0	1	0	0	0	1
27288_sub2	0	1	1	0	0	0	1	0
27288_sub3	0	1	1	0	0	0	1	0
27288_sub4	0	1	1	0	0	0	1	0
27288_sub5	0	1	1	0	0	0	1	0
27288_sub6	1	18	11	7	11	7	0	0
27288_sub7	0	1	1	0	0	0	1	0
2730_sub0	0	1	0	1	0	0	0	1
2730_sub1	0	5	3	2	0	0	3	2
2730_sub2	0	1	1	0	0	0	1	0
2730_sub3	0	1	0	1	0	0	0	1
2731_sub0	0	2	1	1	0	0	1	1
2731_sub1	0	1	0	1	0	0	0	1
2731_sub2	0	1	1	0	0	0	1	0
2731_sub3	0	1	1	0	0	0	1	0
2731_sub4	0	1	1	0	0	0	1	0
27314_sub0	0	1	1	0	0	0	1	0
27314_sub1	0	1	0	1	0	0	0	1
27314_sub2	1	9	4	5	4	5	0	0
27314_sub3	0	1	0	1	0	0	0	1
27314_sub4	0	1	0	1	0	0	0	1
27314_sub5	0	1	0	1	0	0	0	1
2732_sub0	1	17	9	8	9	8	0	0
2732_sub1	0	1	0	1	0	0	0	1
2732_sub2	0	1	0	1	0	0	0	1
2733_sub0	1	16	5	11	5	11	0	0
2733_sub1	0	1	0	1	0	0	0	1
2733_sub2	0	1	0	1	0	0	0	1
2735_sub0	1	26	14	12	10	10	4	2
2735_sub1	0	1	0	1	0	0	0	1
2735_sub2	0	1	1	0	0	0	1	0
2735_sub3	0	1	0	1	0	0	0	1
2736_sub0	1	15	6	9	6	9	0	0
2736_sub1	0	1	0	1	0	0	0	1
2736_sub2	0	1	1	0	0	0	1	0
27363_sub0	0	1	0	1	0	0	0	1
27363_sub1	0	2	1	1	0	0	1	1
27363_sub2	0	1	0	1	0	0	0	1
27363_sub3	0	1	1	0	0	0	1	0
27363_sub4	0	1	1	0	0	0	1	0
27363_sub5	0	1	0	1	0	0	0	1
2739_sub0	1	12	7	5	7	5	0	0
2739_sub1	0	1	0	1	0	0	0	1
2739_sub2	0	1	1	0	0	0	1	0
2739_sub3	0	1	1	0	0	0	1	0
2739_sub4	0	1	0	1	0	0	0	1
27409_sub0	0	1	0	1	0	0	0	1
27409_sub1	0	1	0	1	0	0	0	1
27409_sub2	0	1	1	0	0	0	1	0
27409_sub3	0	1	1	0	0	0	1	0
27409_sub4	0	1	1	0	0	0	1	0
27409_sub5	0	1	1	0	0	0	1	0
27410_sub0	1	18	15	3	15	3	0	0
27410_sub1	0	1	1	0	0	0	1	0
27410_sub2	0	1	1	0	0	0	1	0
2743_sub0	1	24	10	14	10	10	0	4
2743_sub1	0	1	1	0	0	0	1	0
2743_sub2	0	1	0	1	0	0	0	1
2743_sub3	0	1	1	0	0	0	1	0
2743_sub4	0	1	1	0	0	0	1	0
2743_sub5	0	1	0	1	0	0	0	1
27440_sub0	0	1	0	1	0	0	0	1
27440_sub1	0	1	1	0	0	0	1	0
27440_sub2	0	1	0	1	0	0	0	1
27440_sub3	0	1	1	0	0	0	1	0
27440_sub4	0	1	1	0	0	0	1	0
27440_sub5	0	1	0	1	0	0	0	1
27444_sub0	1	6	3	3	3	3	0	0
27444_sub1	0	1	0	1	0	0	0	1
27444_sub2	0	1	0	1	0	0	0	1
27444_sub3	0	1	0	1	0	0	0	1
2745_sub0	0	1	1	0	0	0	1	0
2745_sub1	0	3	1	2	0	0	1	2
2745_sub2	0	1	0	1	0	0	0	1
2745_sub3	0	1	1	0	0	0	1	0
2745_sub4	0	1	0	1	0	0	0	1
2748_sub0	1	15	8	7	8	7	0	0
2748_sub1	0	1	1	0	0	0	1	0
2748_sub2	0	1	0	1	0	0	0	1
2748_sub3	0	1	0	1	0	0	0	1
2748_sub4	0	1	0	1	0	0	0	1
2749_sub0	0	1	0	1	0	0	0	1
2749_sub1	0	1	0	1	0	0	0	1
2749_sub2	1	18	7	11	7	11	0	0
2749_sub3	0	1	0	1	0	0	0	1
2749_sub4	0	1	1	0	0	0	1	0
2749_sub5	0	1	0	1	0	0	0	1
2749_sub6	0	1	1	0	0	0	1	0
2749_sub7	0	1	1	0	0	0	1	0
275_sub0	0	1	0	1	0	0	0	1
275_sub1	0	1	1	0	0	0	1	0
275_sub2	1	6	2	4	2	4	0	0
275_sub3	0	1	0	1	0	0	0	1
2750_sub0	0	1	1	0	0	0	1	0
2750_sub1	1	21	8	13	8	12	0	1
2750_sub2	0	1	0	1	0	0	0	1
2750_sub3	0	1	1	0	0	0	1	0
2751_sub0	1	22	8	14	8	12	0	2
2751_sub1	0	1	0	1	0	0	0	1
2751_sub2	0	1	0	1	0	0	0	1
2751_sub3	0	1	1	0	0	0	1	0
27625_sub0	1	17	12	5	12	5	0	0
27625_sub1	0	1	0	1	0	0	0	1
2764_sub0	1	13	6	7	6	7	0	0
2764_sub1	0	1	0	1	0	0	0	1
2764_sub2	0	1	0	1	0	0	0	1
2764_sub3	0	1	1	0	0	0	1	0
2766_sub0	1	22	11	11	10	10	1	1
2766_sub1	0	1	1	0	0	0	1	0
2766_sub2	0	1	1	0	0	0	1	0
2766_sub3	0	1	1	0	0	0	1	0
2766_sub4	0	1	1	0	0	0	1	0
2766_sub5	0	1	0	1	0	0	0	1
2766_sub6	0	1	0	1	0	0	0	1
2766_sub7	0	1	0	1	0	0	0	1
2766_sub8	0	1	0	1	0	0	0	1
2767_sub0	1	15	7	8	7	8	0	0
2768_sub0	1	9	3	6	3	6	0	0
2768_sub1	0	1	1	0	0	0	1	0
2768_sub2	0	1	0	1	0	0	0	1
2768_sub3	0	1	1	0	0	0	1	0
2768_sub4	0	1	0	1	0	0	0	1
2769_sub0	0	1	0	1	0	0	0	1
2769_sub1	1	9	4	5	4	5	0	0
2769_sub2	0	1	0	1	0	0	0	1
2769_sub3	0	1	1	0	0	0	1	0
2770_sub0	0	1	0	1	0	0	0	1
2770_sub1	1	16	7	9	7	9	0	0
27708_sub0	0	1	1	0	0	0	1	0
27708_sub1	0	5	4	1	0	0	4	1
2771_sub0	1	11	6	5	6	5	0	0
2771_sub1	0	1	0	1	0	0	0	1
2771_sub2	0	1	0	1	0	0	0	1
2771_sub3	0	1	1	0	0	0	1	0
2771_sub4	0	1	0	1	0	0	0	1
27712_sub0	0	1	1	0	0	0	1	0
27712_sub1	0	3	1	2	0	0	1	2
27712_sub2	0	1	1	0	0	0	1	0
27712_sub3	0	1	1	0	0	0	1	0
27712_sub4	0	1	0	1	0	0	0	1
27712_sub5	0	1	0	1	0	0	0	1
2772_sub0	0	1	0	1	0	0	0	1
2772_sub1	0	1	1	0	0	0	1	0
2772_sub2	0	1	1	0	0	0	1	0
2772_sub3	0	1	0	1	0	0	0	1
2772_sub4	0	1	0	1	0	0	0	1
2772_sub5	0	1	0	1	0	0	0	1
2772_sub6	0	1	0	1	0	0	0	1
2772_sub7	0	1	1	0	0	0	1	0
27727_sub0	0	1	1	0	0	0	1	0
27727_sub1	0	1	0	1	0	0	0	1
27727_sub2	0	1	1	0	0	0	1	0
27727_sub3	0	1	1	0	0	0	1	0
27727_sub4	0	1	0	1	0	0	0	1
27727_sub5	0	1	0	1	0	0	0	1
27727_sub6	0	1	1	0	0	0	1	0
27727_sub7	0	1	0	1	0	0	0	1
27727_sub8	0	1	0	1	0	0	0	1
2773_sub0	1	8	5	3	5	3	0	0
2773_sub1	0	1	1	0	0	0	1	0
2773_sub2	0	1	1	0	0	0	1	0
2773_sub3	0	1	1	0	0	0	1	0
2779_sub0	1	9	6	3	6	3	0	0
2779_sub1	0	1	0	1	0	0	0	1
2779_sub2	0	1	1	0	0	0	1	0
2779_sub3	0	1	0	1	0	0	0	1
2779_sub4	0	1	0	1	0	0	0	1
278_sub0	0	1	0	1	0	0	0	1
278_sub1	0	1	0	1	0	0	0	1
278_sub2	1	9	5	4	5	4	0	0
278_sub3	0	1	0	1	0	0	0	1
2781_sub0	1	22	10	12	10	10	0	2
2781_sub1	0	1	0	1	0	0	0	1
2781_sub2	0	1	0	1	0	0	0	1
2781_sub3	0	1	0	1	0	0	0	1
2782_sub0	1	17	10	7	10	7	0	0
2782_sub1	0	1	0	1	0	0	0	1
2782_sub2	0	1	1	0	0	0	1	0
2782_sub3	0	1	1	0	0	0	1	0
2782_sub4	0	1	0	1	0	0	0	1
2782_sub5	0	1	0	1	0	0	0	1
2785_sub0	0	1	1	0	0	0	1	0
2785_sub1	1	21	9	12	9	11	0	1
27859_sub0	0	1	1	0	0	0	1	0
27859_sub1	1	8	4	4	4	4	0	0
27859_sub2	0	1	1	0	0	0	1	0
27859_sub3	0	1	0	1	0	0	0	1
27859_sub4	0	1	0	1	0	0	0	1
27859_sub5	0	1	0	1	0	0	0	1
2787_sub0	0	1	1	0	0	0	1	0
2787_sub1	1	19	9	10	9	10	0	0
2787_sub2	0	1	1	0	0	0	1	0
2787_sub3	0	1	0	1	0	0	0	1
2787_sub4	0	1	0	1	0	0	0	1
2787_sub5	0	1	1	0	0	0	1	0
279_sub0	0	1	0	1	0	0	0	1
279_sub1	1	31	17	14	10	10	7	4
279_sub2	0	1	0	1	0	0	0	1
279_sub3	0	1	0	1	0	0	0	1
279_sub4	0	1	0	1	0	0	0	1
279_sub5	0	1	0	1	0	0	0	1
279_sub6	0	1	0	1	0	0	0	1
279_sub7	0	1	1	0	0	0	1	0
279_sub8	0	1	1	0	0	0	1	0
279_sub9	0	1	0	1	0	0	0	1
2791_sub0	1	28	14	14	10	10	4	4
2791_sub1	0	1	1	0	0	0	1	0
2791_sub2	0	1	1	0	0	0	1	0
2791_sub3	0	1	1	0	0	0	1	0
2791_sub4	0	1	0	1	0	0	0	1
2791_sub5	0	1	0	1	0	0	0	1
2791_sub6	0	1	1	0	0	0	1	0
2791_sub7	0	1	0	1	0	0	0	1
2791_sub8	0	1	0	1	0	0	0	1
2793_sub0	0	1	0	1	0	0	0	1
2793_sub1	1	10	6	4	6	4	0	0
2793_sub2	0	1	0	1	0	0	0	1
2793_sub3	0	1	0	1	0	0	0	1
2793_sub4	0	1	1	0	0	0	1	0
2794_sub0	1	21	12	9	11	9	1	0
2794_sub1	0	1	0	1	0	0	0	1
2794_sub2	0	1	1	0	0	0	1	0
27945_sub0	1	7	3	4	3	4	0	0
27945_sub1	0	1	1	0	0	0	1	0
2796_sub0	0	1	0	1	0	0	0	1
2796_sub1	0	1	1	0	0	0	1	0
2796_sub2	0	1	1	0	0	0	1	0
2796_sub3	0	1	0	1	0	0	0	1
2796_sub4	0	1	1	0	0	0	1	0
2796_sub5	0	1	0	1	0	0	0	1
2796_sub6	0	1	0	1	0	0	0	1
2797_sub0	1	13	5	8	5	8	0	0
2797_sub1	0	1	1	0	0	0	1	0
2797_sub2	0	1	1	0	0	0	1	0
2797_sub3	0	1	0	1	0	0	0	1
2801_sub0	0	1	0	1	0	0	0	1
2801_sub1	0	1	0	1	0	0	0	1
2801_sub2	0	1	0	1	0	0	0	1
2801_sub3	0	1	0	1	0	0	0	1
2801_sub4	0	1	0	1	0	0	0	1
2801_sub5	0	1	0	1	0	0	0	1
2803_sub0	1	39	22	17	10	10	12	7
2803_sub1	0	1	0	1	0	0	0	1
2803_sub2	0	1	0	1	0	0	0	1
2803_sub3	0	1	0	1	0	0	0	1
2803_sub4	0	1	0	1	0	0	0	1
2803_sub5	0	1	1	0	0	0	1	0
2804_sub0	0	1	0	1	0	0	0	1
2804_sub1	1	13	9	4	9	4	0	0
2804_sub2	0	1	1	0	0	0	1	0
2804_sub3	0	1	0	1	0	0	0	1
2804_sub4	0	1	1	0	0	0	1	0
2804_sub5	0	1	0	1	0	0	0	1
2804_sub6	0	1	1	0	0	0	1	0
2804_sub7	0	1	0	1	0	0	0	1
2806_sub0	1	15	6	9	6	9	0	0
2806_sub1	0	1	1	0	0	0	1	0
2806_sub2	0	1	1	0	0	0	1	0
2806_sub3	0	1	1	0	0	0	1	0
2806_sub4	0	1	1	0	0	0	1	0
2806_sub5	0	1	1	0	0	0	1	0
2806_sub6	0	1	0	1	0	0	0	1
2807_sub0	1	11	4	7	4	7	0	0
2807_sub1	0	1	0	1	0	0	0	1
2807_sub2	0	1	0	1	0	0	0	1
2807_sub3	0	1	0	1	0	0	0	1
2807_sub4	0	1	1	0	0	0	1	0
2807_sub5	0	1	0	1	0	0	0	1
2807_sub6	0	1	1	0	0	0	1	0
28081_sub0	0	1	1	0	0	0	1	0
28081_sub1	0	1	1	0	0	0	1	0
28081_sub2	0	1	0	1	0	0	0	1
28081_sub3	0	1	1	0	0	0	1	0
28081_sub4	0	1	0	1	0	0	0	1
28081_sub5	0	1	0	1	0	0	0	1
28081_sub6	0	1	1	0	0	0	1	0
281_sub0	0	1	0	1	0	0	0	1
281_sub1	1	12	3	9	3	9	0	0
281_sub2	0	1	0	1	0	0	0	1
28120_sub0	0	1	1	0	0	0	1	0
28120_sub1	0	1	1	0	0	0	1	0
28120_sub2	0	1	1	0	0	0	1	0
28120_sub3	0	1	1	0	0	0	1	0
28120_sub4	0	1	0	1	0	0	0	1
28120_sub5	0	1	0	1	0	0	0	1
2813_sub0	0	1	1	0	0	0	1	0
2813_sub1	1	11	5	6	5	6	0	0
2813_sub2	0	1	0	1	0	0	0	1
2813_sub3	0	1	0	1	0	0	0	1
28171_sub0	0	2	1	1	0	0	1	1
28171_sub1	0	1	1	0	0	0	1	0
28171_sub2	0	1	0	1	0	0	0	1
28171_sub3	0	1	0	1	0	0	0	1
28171_sub4	0	1	1	0	0	0	1	0
28171_sub5	0	1	1	0	0	0	1	0
28179_sub0	0	2	0	2	0	0	0	2
28179_sub1	0	5	2	3	0	0	2	3
28179_sub2	0	1	1	0	0	0	1	0
2818_sub0	0	1	0	1	0	0	0	1
2818_sub1	1	20	9	11	9	11	0	0
28201_sub0	1	12	6	6	6	6	0	0
28201_sub1	0	1	0	1	0	0	0	1
28201_sub2	0	1	0	1	0	0	0	1
28201_sub3	0	1	1	0	0	0	1	0
28201_sub4	0	1	0	1	0	0	0	1
28201_sub5	0	1	0	1	0	0	0	1
2821_sub0	1	11	5	6	5	6	0	0
2822_sub0	0	1	1	0	0	0	1	0
2822_sub1	1	18	10	8	10	8	0	0
2822_sub2	0	1	1	0	0	0	1	0
2822_sub3	0	1	1	0	0	0	1	0
2822_sub4	0	1	1	0	0	0	1	0
28254_sub0	0	1	0	1	0	0	0	1
28254_sub1	0	1	0	1	0	0	0	1
28254_sub2	0	1	0	1	0	0	0	1
28254_sub3	0	1	0	1	0	0	0	1
28254_sub4	0	1	1	0	0	0	1	0
28254_sub5	0	1	0	1	0	0	0	1
28254_sub6	0	1	0	1	0	0	0	1
28294_sub0	0	1	1	0	0	0	1	0
28294_sub1	1	12	7	5	7	5	0	0
28294_sub2	0	1	0	1	0	0	0	1
28294_sub3	0	1	1	0	0	0	1	0
283_sub0	0	1	1	0	0	0	1	0
283_sub1	0	1	1	0	0	0	1	0
283_sub2	0	2	0	2	0	0	0	2
283_sub3	0	1	1	0	0	0	1	0
283_sub4	0	1	1	0	0	0	1	0
283_sub5	0	1	0	1	0	0	0	1
283_sub6	0	1	0	1	0	0	0	1
28317_sub0	0	2	0	2	0	0	0	2
28317_sub1	0	1	0	1	0	0	0	1
28317_sub2	0	1	1	0	0	0	1	0
28317_sub3	0	1	0	1	0	0	0	1
28317_sub4	0	1	0	1	0	0	0	1
2832_sub0	0	1	0	1	0	0	0	1
2832_sub1	0	1	0	1	0	0	0	1
2832_sub2	0	1	1	0	0	0	1	0
2832_sub3	0	1	0	1	0	0	0	1
2832_sub4	0	1	1	0	0	0	1	0
2832_sub5	0	1	0	1	0	0	0	1
28342_sub0	1	12	4	8	4	8	0	0
28342_sub1	0	1	1	0	0	0	1	0
28342_sub2	0	1	0	1	0	0	0	1
28342_sub3	0	1	0	1	0	0	0	1
284_sub0	0	1	1	0	0	0	1	0
284_sub1	1	16	8	8	8	8	0	0
284_sub2	0	1	0	1	0	0	0	1
284_sub3	0	1	0	1	0	0	0	1
2842_sub0	0	2	0	2	0	0	0	2
2842_sub1	0	1	1	0	0	0	1	0
2842_sub2	1	6	4	2	4	2	0	0
2842_sub3	0	1	1	0	0	0	1	0
2842_sub4	0	1	1	0	0	0	1	0
2842_sub5	0	1	1	0	0	0	1	0
2842_sub6	0	1	1	0	0	0	1	0
28436_sub0	0	1	1	0	0	0	1	0
28436_sub1	0	1	0	1	0	0	0	1
28436_sub2	0	1	1	0	0	0	1	0
28436_sub3	0	1	0	1	0	0	0	1
28436_sub4	0	1	0	1	0	0	0	1
28436_sub5	0	1	0	1	0	0	0	1
2844_sub0	0	1	0	1	0	0	0	1
2844_sub1	1	16	9	7	9	7	0	0
28440_sub0	0	1	0	1	0	0	0	1
28440_sub1	0	1	1	0	0	0	1	0
28440_sub2	0	1	0	1	0	0	0	1
28440_sub3	0	1	0	1	0	0	0	1
28440_sub4	0	1	1	0	0	0	1	0
28440_sub5	0	1	1	0	0	0	1	0
28453_sub0	0	1	0	1	0	0	0	1
28453_sub1	1	10	4	6	4	6	0	0
28453_sub2	0	1	1	0	0	0	1	0
28453_sub3	0	1	1	0	0	0	1	0
28453_sub4	0	1	0	1	0	0	0	1
28453_sub5	0	1	0	1	0	0	0	1
2848_sub0	1	20	14	6	14	6	0	0
2848_sub1	0	1	1	0	0	0	1	0
2848_sub2	0	1	0	1	0	0	0	1
2848_sub3	0	1	0	1	0	0	0	1
2848_sub4	0	2	2	0	0	0	2	0
2851_sub0	1	15	7	8	7	8	0	0
2851_sub1	0	1	1	0	0	0	1	0
2851_sub2	0	1	1	0	0	0	1	0
2851_sub3	0	1	1	0	0	0	1	0
2851_sub4	0	1	0	1	0	0	0	1
28510_sub0	0	1	0	1	0	0	0	1
28510_sub1	1	10	6	4	6	4	0	0
28510_sub2	0	1	0	1	0	0	0	1
28510_sub3	0	1	0	1	0	0	0	1
28529_sub0	0	1	1	0	0	0	1	0
28529_sub1	0	1	0	1	0	0	0	1
28529_sub2	0	1	0	1	0	0	0	1
28529_sub3	0	1	0	1	0	0	0	1
28529_sub4	0	1	0	1	0	0	0	1
28529_sub5	0	1	0	1	0	0	0	1
28529_sub6	0	1	0	1	0	0	0	1
2854_sub0	1	13	5	8	5	8	0	0
2854_sub1	0	1	1	0	0	0	1	0
2854_sub2	0	1	0	1	0	0	0	1
2854_sub3	0	1	0	1	0	0	0	1
2855_sub0	0	1	0	1	0	0	0	1
2855_sub1	1	9	6	3	6	3	0	0
2855_sub2	0	1	1	0	0	0	1	0
2855_sub3	0	1	0	1	0	0	0	1
2855_sub4	0	1	0	1	0	0	0	1
2855_sub5	0	1	0	1	0	0	0	1
2856_sub0	0	1	0	1	0	0	0	1
2856_sub1	1	14	6	8	6	8	0	0
2861_sub0	0	1	0	1	0	0	0	1
2861_sub1	0	1	0	1	0	0	0	1
2861_sub2	0	1	0	1	0	0	0	1
2861_sub3	0	1	0	1	0	0	0	1
2861_sub4	0	1	0	1	0	0	0	1
2861_sub5	0	1	0	1	0	0	0	1
2861_sub6	0	1	0	1	0	0	0	1
28619_sub0	0	1	1	0	0	0	1	0
28619_sub1	0	1	0	1	0	0	0	1
28619_sub2	0	1	0	1	0	0	0	1
28619_sub3	0	1	0	1	0	0	0	1
28619_sub4	0	1	1	0	0	0	1	0
28619_sub5	0	1	0	1	0	0	0	1
2863_sub0	0	1	0	1	0	0	0	1
2863_sub1	0	1	1	0	0	0	1	0
2863_sub2	0	1	0	1	0	0	0	1
2863_sub3	0	1	1	0	0	0	1	0
2863_sub4	0	1	1	0	0	0	1	0
2863_sub5	0	1	0	1	0	0	0	1
2863_sub6	0	1	0	1	0	0	0	1
2863_sub7	0	1	0	1	0	0	0	1
2863_sub8	0	1	0	1	0	0	0	1
28654_sub0	1	13	6	7	6	7	0	0
28654_sub1	0	1	0	1	0	0	0	1
28654_sub2	0	1	1	0	0	0	1	0
28654_sub3	0	1	1	0	0	0	1	0
28654_sub4	0	1	1	0	0	0	1	0
28663_sub0	0	1	0	1	0	0	0	1
28663_sub1	0	1	1	0	0	0	1	0
28663_sub2	0	1	1	0	0	0	1	0
28663_sub3	0	1	1	0	0	0	1	0
28663_sub4	0	1	1	0	0	0	1	0
28663_sub5	0	1	0	1	0	0	0	1
2867_sub0	0	1	1	0	0	0	1	0
2867_sub1	0	4	1	3	0	0	1	3
2867_sub2	0	1	0	1	0	0	0	1
2867_sub3	0	1	0	1	0	0	0	1
2867_sub4	0	1	1	0	0	0	1	0
2867_sub5	0	1	0	1	0	0	0	1
28675_sub0	1	6	2	4	2	4	0	0
2871_sub0	1	22	17	5	15	5	2	0
2871_sub1	0	1	0	1	0	0	0	1
2871_sub2	0	1	1	0	0	0	1	0
2871_sub3	0	1	0	1	0	0	0	1
2872_sub0	1	14	3	11	3	11	0	0
2872_sub1	0	1	1	0	0	0	1	0
2873_sub0	0	1	0	1	0	0	0	1
2873_sub1	0	1	0	1	0	0	0	1
2873_sub2	0	1	1	0	0	0	1	0
2873_sub3	0	1	0	1	0	0	0	1
2873_sub4	0	1	1	0	0	0	1	0
2873_sub5	0	1	0	1	0	0	0	1
2881_sub0	1	9	3	6	3	6	0	0
2881_sub1	0	1	0	1	0	0	0	1
2881_sub2	0	1	0	1	0	0	0	1
2881_sub3	0	1	0	1	0	0	0	1
2881_sub4	0	1	0	1	0	0	0	1
2882_sub0	0	1	0	1	0	0	0	1
2882_sub1	0	1	1	0	0	0	1	0
2882_sub2	0	1	0	1	0	0	0	1
2882_sub3	0	1	0	1	0	0	0	1
2882_sub4	0	1	1	0	0	0	1	0
2882_sub5	0	1	0	1	0	0	0	1
2882_sub6	0	1	0	1	0	0	0	1
2882_sub7	0	1	0	1	0	0	0	1
2882_sub8	0	1	1	0	0	0	1	0
28845_sub0	1	7	4	3	4	3	0	0
28845_sub1	0	1	0	1	0	0	0	1
28845_sub2	0	1	0	1	0	0	0	1
28845_sub3	0	1	0	1	0	0	0	1
28845_sub4	0	1	0	1	0	0	0	1
2887_sub0	0	1	0	1	0	0	0	1
2887_sub1	0	1	1	0	0	0	1	0
2887_sub2	0	1	0	1	0	0	0	1
2887_sub3	0	1	1	0	0	0	1	0
2887_sub4	0	1	1	0	0	0	1	0
2887_sub5	0	1	1	0	0	0	1	0
2888_sub0	0	1	0	1	0	0	0	1
2888_sub1	0	1	0	1	0	0	0	1
2888_sub2	1	12	7	5	7	5	0	0
2888_sub3	0	1	0	1	0	0	0	1
2888_sub4	0	1	1	0	0	0	1	0
2889_sub0	1	17	5	12	5	12	0	0
2889_sub1	0	1	0	1	0	0	0	1
2889_sub2	0	1	0	1	0	0	0	1
2889_sub3	0	1	0	1	0	0	0	1
2889_sub4	0	1	1	0	0	0	1	0
2889_sub5	0	1	0	1	0	0	0	1
2889_sub6	0	2	1	1	0	0	1	1
2889_sub7	0	1	1	0	0	0	1	0
289_sub0	0	1	0	1	0	0	0	1
289_sub1	0	1	0	1	0	0	0	1
289_sub2	1	12	5	7	5	7	0	0
289_sub3	0	1	0	1	0	0	0	1
289_sub4	0	1	0	1	0	0	0	1
289_sub5	0	2	2	0	0	0	2	0
289_sub6	0	1	1	0	0	0	1	0
289_sub7	0	1	1	0	0	0	1	0
2890_sub0	0	1	0	1	0	0	0	1
2890_sub1	0	1	1	0	0	0	1	0
2890_sub2	1	12	4	8	4	8	0	0
2892_sub0	0	1	0	1	0	0	0	1
2892_sub1	0	1	0	1	0	0	0	1
2892_sub2	0	1	0	1	0	0	0	1
2892_sub3	0	1	0	1	0	0	0	1
2892_sub4	0	1	0	1	0	0	0	1
2892_sub5	0	1	0	1	0	0	0	1
2892_sub6	0	1	0	1	0	0	0	1
2892_sub7	0	1	0	1	0	0	0	1
2892_sub8	0	1	0	1	0	0	0	1
2893_sub0	0	1	1	0	0	0	1	0
2893_sub1	0	1	1	0	0	0	1	0
2893_sub2	0	1	1	0	0	0	1	0
2893_sub3	0	1	0	1	0	0	0	1
2893_sub4	0	1	0	1	0	0	0	1
2893_sub5	0	1	1	0	0	0	1	0
2894_sub0	1	8	4	4	4	4	0	0
2894_sub1	0	1	1	0	0	0	1	0
2894_sub2	0	1	0	1	0	0	0	1
2894_sub3	0	1	0	1	0	0	0	1
2894_sub4	0	1	0	1	0	0	0	1
2894_sub5	0	1	0	1	0	0	0	1
2898_sub0	1	12	7	5	7	5	0	0
2898_sub1	0	1	0	1	0	0	0	1
2898_sub2	0	1	1	0	0	0	1	0
2898_sub3	0	1	1	0	0	0	1	0
29_sub0	0	1	0	1	0	0	0	1
29_sub1	0	1	1	0	0	0	1	0
29_sub2	1	18	10	8	10	8	0	0
29_sub3	0	1	0	1	0	0	0	1
29_sub4	0	1	1	0	0	0	1	0
29_sub5	0	1	0	1	0	0	0	1
29_sub6	0	1	1	0	0	0	1	0
29_sub7	0	1	1	0	0	0	1	0
2902_sub0	0	1	0	1	0	0	0	1
2902_sub1	0	1	1	0	0	0	1	0
2902_sub2	1	9	6	3	6	3	0	0
2902_sub3	0	1	0	1	0	0	0	1
2902_sub4	0	1	1	0	0	0	1	0
2906_sub0	1	28	18	10	10	10	8	0
2906_sub1	0	1	1	0	0	0	1	0
2906_sub2	0	1	1	0	0	0	1	0
2906_sub3	0	1	0	1	0	0	0	1
2906_sub4	0	1	1	0	0	0	1	0
2906_sub5	0	1	1	0	0	0	1	0
2906_sub6	0	1	1	0	0	0	1	0
2908_sub0	1	22	13	9	11	9	2	0
2908_sub1	0	1	0	1	0	0	0	1
2908_sub2	0	1	0	1	0	0	0	1
2908_sub3	0	1	1	0	0	0	1	0
2908_sub4	0	1	1	0	0	0	1	0
2908_sub5	0	1	0	1	0	0	0	1
2908_sub6	0	1	1	0	0	0	1	0
29107_sub0	1	19	9	10	9	10	0	0
29107_sub1	0	1	0	1	0	0	0	1
29107_sub2	0	1	1	0	0	0	1	0
29107_sub3	0	1	0	1	0	0	0	1
2914_sub0	0	1	0	1	0	0	0	1
2914_sub1	0	1	1	0	0	0	1	0
2914_sub2	0	1	0	1	0	0	0	1
2914_sub3	0	1	0	1	0	0	0	1
2914_sub4	0	1	1	0	0	0	1	0
2914_sub5	0	1	0	1	0	0	0	1
2927_sub0	1	17	12	5	12	5	0	0
2927_sub1	0	1	0	1	0	0	0	1
2927_sub2	0	1	1	0	0	0	1	0
2927_sub3	0	1	0	1	0	0	0	1
2927_sub4	0	1	1	0	0	0	1	0
2930_sub0	1	19	9	10	9	10	0	0
2930_sub1	0	1	0	1	0	0	0	1
2930_sub2	0	1	0	1	0	0	0	1
2930_sub3	0	1	1	0	0	0	1	0
2930_sub4	0	1	0	1	0	0	0	1
2930_sub5	0	1	1	0	0	0	1	0
2933_sub0	0	1	0	1	0	0	0	1
2933_sub1	0	1	0	1	0	0	0	1
2933_sub2	1	26	13	13	10	10	3	3
2933_sub3	0	1	0	1	0	0	0	1
2933_sub4	0	1	1	0	0	0	1	0
2933_sub5	0	1	1	0	0	0	1	0
2933_sub6	0	1	0	1	0	0	0	1
2933_sub7	0	1	0	1	0	0	0	1
2933_sub8	0	1	1	0	0	0	1	0
2933_sub9	0	1	1	0	0	0	1	0
2933_sub10	0	1	0	1	0	0	0	1
29370_sub0	0	2	1	1	0	0	1	1
29370_sub1	0	1	0	1	0	0	0	1
29370_sub2	0	1	1	0	0	0	1	0
29370_sub3	0	1	0	1	0	0	0	1
29370_sub4	0	1	1	0	0	0	1	0
2938_sub0	0	1	0	1	0	0	0	1
2938_sub1	0	1	0	1	0	0	0	1
2938_sub2	1	12	6	6	6	6	0	0
2938_sub3	0	1	1	0	0	0	1	0
294_sub0	0	1	0	1	0	0	0	1
294_sub1	0	1	0	1	0	0	0	1
294_sub2	1	15	10	5	10	5	0	0
294_sub3	0	1	1	0	0	0	1	0
294_sub4	0	1	1	0	0	0	1	0
294_sub5	0	1	1	0	0	0	1	0
294_sub6	0	1	0	1	0	0	0	1
294_sub7	0	1	0	1	0	0	0	1
2940_sub0	0	1	1	0	0	0	1	0
2940_sub1	1	20	13	7	13	7	0	0
2940_sub2	0	1	1	0	0	0	1	0
2940_sub3	0	1	1	0	0	0	1	0
2940_sub4	0	2	0	2	0	0	0	2
2948_sub0	1	14	6	8	6	8	0	0
2948_sub1	0	1	0	1	0	0	0	1
2948_sub2	0	1	1	0	0	0	1	0
2948_sub3	0	1	1	0	0	0	1	0
2948_sub4	0	1	1	0	0	0	1	0
2948_sub5	0	1	1	0	0	0	1	0
2952_sub0	0	1	0	1	0	0	0	1
2952_sub1	1	15	6	9	6	9	0	0
2952_sub2	0	1	0	1	0	0	0	1
2952_sub3	0	1	0	1	0	0	0	1
29522_sub0	1	12	9	3	9	3	0	0
29522_sub1	0	1	1	0	0	0	1	0
29540_sub0	0	1	0	1	0	0	0	1
29540_sub1	1	6	4	2	4	2	0	0
29541_sub0	0	1	1	0	0	0	1	0
29541_sub1	1	6	6	0	6	0	0	0
2958_sub0	1	19	8	11	8	11	0	0
2958_sub1	0	1	1	0	0	0	1	0
2958_sub2	0	1	0	1	0	0	0	1
2958_sub3	0	1	0	1	0	0	0	1
2961_sub0	0	1	1	0	0	0	1	0
2961_sub1	0	1	0	1	0	0	0	1
2961_sub2	0	1	1	0	0	0	1	0
2961_sub3	0	1	1	0	0	0	1	0
2961_sub4	0	1	0	1	0	0	0	1
2961_sub5	0	1	0	1	0	0	0	1
29620_sub0	0	3	1	2	0	0	1	2
29620_sub1	0	1	0	1	0	0	0	1
29620_sub2	0	1	0	1	0	0	0	1
29620_sub3	0	1	0	1	0	0	0	1
2964_sub0	1	23	11	12	10	10	1	2
2964_sub1	0	1	0	1	0	0	0	1
2964_sub2	0	1	1	0	0	0	1	0
29665_sub0	0	1	0	1	0	0	0	1
29665_sub1	0	1	1	0	0	0	1	0
29665_sub2	0	1	0	1	0	0	0	1
29665_sub3	0	1	1	0	0	0	1	0
29665_sub4	0	1	1	0	0	0	1	0
29665_sub5	0	1	0	1	0	0	0	1
29668_sub0	1	14	8	6	8	6	0	0
29668_sub1	0	1	1	0	0	0	1	0
29668_sub2	0	1	0	1	0	0	0	1
2972_sub0	0	1	0	1	0	0	0	1
2972_sub1	1	20	8	12	8	12	0	0
2972_sub2	0	1	0	1	0	0	0	1
2972_sub3	0	1	0	1	0	0	0	1
2972_sub4	0	1	1	0	0	0	1	0
2972_sub5	0	1	1	0	0	0	1	0
2972_sub6	0	1	1	0	0	0	1	0
2974_sub0	0	1	1	0	0	0	1	0
2974_sub1	1	12	3	9	3	9	0	0
2974_sub2	0	1	0	1	0	0	0	1
2974_sub3	0	1	1	0	0	0	1	0
2974_sub4	0	1	0	1	0	0	0	1
2974_sub5	0	1	1	0	0	0	1	0
2977_sub0	1	21	13	8	12	8	1	0
2977_sub1	0	1	1	0	0	0	1	0
2977_sub2	0	1	0	1	0	0	0	1
2977_sub3	0	1	1	0	0	0	1	0
2977_sub4	0	1	1	0	0	0	1	0
2977_sub5	0	1	0	1	0	0	0	1
2977_sub6	0	1	0	1	0	0	0	1
2978_sub0	0	1	1	0	0	0	1	0
2978_sub1	0	1	1	0	0	0	1	0
2978_sub2	0	1	0	1	0	0	0	1
2978_sub3	0	1	1	0	0	0	1	0
2978_sub4	0	1	1	0	0	0	1	0
2978_sub5	0	1	1	0	0	0	1	0
2979_sub0	0	1	0	1	0	0	0	1
2979_sub1	0	1	1	0	0	0	1	0
2979_sub2	0	1	0	1	0	0	0	1
2979_sub3	0	1	0	1	0	0	0	1
2979_sub4	0	1	1	0	0	0	1	0
2979_sub5	0	1	1	0	0	0	1	0
2980_sub0	1	7	3	4	3	4	0	0
2980_sub1	0	1	1	0	0	0	1	0
2980_sub2	0	1	0	1	0	0	0	1
2980_sub3	0	1	1	0	0	0	1	0
2980_sub4	0	1	1	0	0	0	1	0
2980_sub5	0	1	0	1	0	0	0	1
2980_sub6	0	1	1	0	0	0	1	0
2980_sub7	0	1	1	0	0	0	1	0
2980_sub8	0	1	0	1	0	0	0	1
2982_sub0	0	1	0	1	0	0	0	1
2982_sub1	1	7	2	5	2	5	0	0
2982_sub2	0	1	0	1	0	0	0	1
2983_sub0	0	1	1	0	0	0	1	0
2983_sub1	0	4	2	2	0	0	2	2
2983_sub2	0	1	0	1	0	0	0	1
2983_sub3	0	1	1	0	0	0	1	0
2985_sub0	1	14	6	8	6	8	0	0
2985_sub1	0	2	0	2	0	0	0	2
2986_sub0	1	8	3	5	3	5	0	0
2986_sub1	0	1	0	1	0	0	0	1
2987_sub0	1	10	9	1	9	1	0	0
2987_sub1	0	1	1	0	0	0	1	0
2987_sub2	0	1	0	1	0	0	0	1
2988_sub0	0	1	0	1	0	0	0	1
2988_sub1	1	15	8	7	8	7	0	0
2990_sub0	1	10	6	4	6	4	0	0
2990_sub1	0	1	0	1	0	0	0	1
2990_sub2	0	1	0	1	0	0	0	1
2992_sub0	0	1	0	1	0	0	0	1
2992_sub1	0	1	1	0	0	0	1	0
2992_sub2	0	1	1	0	0	0	1	0
2992_sub3	0	1	1	0	0	0	1	0
2992_sub4	0	1	0	1	0	0	0	1
2992_sub5	0	1	0	1	0	0	0	1
2992_sub6	0	1	1	0	0	0	1	0
2992_sub7	0	1	0	1	0	0	0	1
2992_sub8	0	1	1	0	0	0	1	0
2993_sub0	1	6	3	3	3	3	0	0
2993_sub1	0	1	1	0	0	0	1	0
2994_sub0	0	1	0	1	0	0	0	1
2994_sub1	0	1	1	0	0	0	1	0
2994_sub2	0	1	1	0	0	0	1	0
2994_sub3	0	1	1	0	0	0	1	0
2994_sub4	0	1	0	1	0	0	0	1
2994_sub5	0	1	0	1	0	0	0	1
2994_sub6	0	1	0	1	0	0	0	1
2995_sub0	1	24	13	11	10	10	3	1
2995_sub1	0	1	1	0	0	0	1	0
2995_sub2	0	1	0	1	0	0	0	1
2995_sub3	0	2	0	2	0	0	0	2
2996_sub0	0	1	1	0	0	0	1	0
2996_sub1	0	1	0	1	0	0	0	1
2996_sub2	0	1	0	1	0	0	0	1
2996_sub3	0	1	1	0	0	0	1	0
2996_sub4	0	1	1	0	0	0	1	0
2996_sub5	0	1	1	0	0	0	1	0
2999_sub0	1	23	13	10	10	10	3	0
2999_sub1	0	1	0	1	0	0	0	1
2999_sub2	0	1	0	1	0	0	0	1
29995_sub0	0	1	0	1	0	0	0	1
29995_sub1	0	1	1	0	0	0	1	0
29995_sub2	0	1	0	1	0	0	0	1
29995_sub3	0	1	1	0	0	0	1	0
29995_sub4	0	1	0	1	0	0	0	1
29995_sub5	0	1	1	0	0	0	1	0
29995_sub6	0	1	0	1	0	0	0	1
3_sub0	0	1	0	1	0	0	0	1
3_sub1	1	18	11	7	11	7	0	0
3_sub2	0	1	1	0	0	0	1	0
3005_sub0	1	25	13	12	10	10	3	2
3005_sub1	0	1	1	0	0	0	1	0
3005_sub2	0	1	1	0	0	0	1	0
3005_sub3	0	1	0	1	0	0	0	1
3005_sub4	0	1	1	0	0	0	1	0
3005_sub5	0	1	0	1	0	0	0	1
3006_sub0	1	22	13	9	11	9	2	0
3006_sub1	0	1	1	0	0	0	1	0
3006_sub2	0	1	1	0	0	0	1	0
3006_sub3	0	1	0	1	0	0	0	1
3006_sub4	0	1	0	1	0	0	0	1
3006_sub5	0	1	1	0	0	0	1	0
3006_sub6	0	1	1	0	0	0	1	0
3006_sub7	0	1	0	1	0	0	0	1
3006_sub8	0	1	0	1	0	0	0	1
3006_sub9	0	1	0	1	0	0	0	1
3006_sub10	0	1	1	0	0	0	1	0
3008_sub0	1	24	13	11	10	10	3	1
3008_sub1	0	1	0	1	0	0	0	1
3008_sub2	0	1	1	0	0	0	1	0
3008_sub3	0	1	0	1	0	0	0	1
3008_sub4	0	1	0	1	0	0	0	1
3012_sub0	1	13	6	7	6	7	0	0
3012_sub1	0	1	0	1	0	0	0	1
3012_sub2	0	1	1	0	0	0	1	0
3012_sub3	0	1	1	0	0	0	1	0
3012_sub4	0	1	1	0	0	0	1	0
3014_sub0	0	1	0	1	0	0	0	1
3014_sub1	0	1	0	1	0	0	0	1
3014_sub2	0	1	1	0	0	0	1	0
3014_sub3	0	1	1	0	0	0	1	0
3014_sub4	0	1	1	0	0	0	1	0
3014_sub5	0	1	0	1	0	0	0	1
3014_sub6	0	1	1	0	0	0	1	0
3014_sub7	0	1	0	1	0	0	0	1
3014_sub8	0	1	1	0	0	0	1	0
3014_sub9	0	1	1	0	0	0	1	0
3017_sub0	0	1	1	0	0	0	1	0
3017_sub1	0	4	1	3	0	0	1	3
3017_sub2	0	1	1	0	0	0	1	0
3027_sub0	0	1	1	0	0	0	1	0
3027_sub1	0	4	2	2	0	0	2	2
3027_sub2	0	1	0	1	0	0	0	1
30298_sub0	0	1	1	0	0	0	1	0
30298_sub1	1	6	3	3	3	3	0	0
30329_sub0	0	1	0	1	0	0	0	1
30329_sub1	0	1	0	1	0	0	0	1
30329_sub2	0	1	0	1	0	0	0	1
30329_sub3	0	1	1	0	0	0	1	0
30329_sub4	0	1	1	0	0	0	1	0
30329_sub5	0	1	0	1	0	0	0	1
3038_sub0	1	25	14	11	10	10	4	1
3038_sub1	0	1	0	1	0	0	0	1
3038_sub2	0	1	1	0	0	0	1	0
3038_sub3	0	1	1	0	0	0	1	0
3038_sub4	0	1	1	0	0	0	1	0
3038_sub5	0	1	1	0	0	0	1	0
3038_sub6	0	1	0	1	0	0	0	1
3038_sub7	0	1	1	0	0	0	1	0
3038_sub8	0	1	1	0	0	0	1	0
3039_sub0	0	1	1	0	0	0	1	0
3039_sub1	1	8	2	6	2	6	0	0
3043_sub0	0	1	0	1	0	0	0	1
3043_sub1	0	1	0	1	0	0	0	1
3043_sub2	1	13	7	6	7	6	0	0
3044_sub0	1	27	11	16	10	10	1	6
3044_sub1	0	1	0	1	0	0	0	1
3044_sub2	0	1	0	1	0	0	0	1
3044_sub3	0	1	0	1	0	0	0	1
3047_sub0	1	15	8	7	8	7	0	0
3047_sub1	0	1	0	1	0	0	0	1
3047_sub2	0	1	0	1	0	0	0	1
3047_sub3	0	1	1	0	0	0	1	0
3047_sub4	0	1	0	1	0	0	0	1
30492_sub0	0	1	1	0	0	0	1	0
30492_sub1	1	8	5	3	5	3	0	0
30492_sub2	0	1	1	0	0	0	1	0
30493_sub0	0	1	1	0	0	0	1	0
30493_sub1	1	8	4	4	4	4	0	0
30493_sub2	0	1	0	1	0	0	0	1
305_sub0	0	1	0	1	0	0	0	1
305_sub1	1	14	5	9	5	9	0	0
3050_sub0	1	22	13	9	11	9	2	0
3050_sub1	0	1	0	1	0	0	0	1
3050_sub2	0	1	0	1	0	0	0	1
3050_sub3	0	1	1	0	0	0	1	0
3050_sub4	0	1	1	0	0	0	1	0
3050_sub5	0	1	1	0	0	0	1	0
3050_sub6	0	1	1	0	0	0	1	0
3050_sub7	0	1	0	1	0	0	0	1
3050_sub8	0	1	1	0	0	0	1	0
3050_sub9	0	1	0	1	0	0	0	1
3050_sub10	0	1	0	1	0	0	0	1
3060_sub0	1	19	9	10	9	10	0	0
3060_sub1	0	1	0	1	0	0	0	1
3060_sub2	0	1	0	1	0	0	0	1
3060_sub3	0	1	0	1	0	0	0	1
3060_sub4	0	1	1	0	0	0	1	0
3060_sub5	0	1	1	0	0	0	1	0
3060_sub6	0	1	0	1	0	0	0	1
3060_sub7	0	1	0	1	0	0	0	1
3063_sub0	1	25	5	20	5	15	0	5
3063_sub1	0	1	1	0	0	0	1	0
3063_sub2	0	1	0	1	0	0	0	1
3063_sub3	0	1	1	0	0	0	1	0
3063_sub4	0	1	1	0	0	0	1	0
3063_sub5	0	1	1	0	0	0	1	0
3063_sub6	0	1	0	1	0	0	0	1
3063_sub7	0	1	0	1	0	0	0	1
3069_sub0	0	1	0	1	0	0	0	1
3069_sub1	1	9	6	3	6	3	0	0
3069_sub2	0	1	1	0	0	0	1	0
3071_sub0	0	1	0	1	0	0	0	1
3071_sub1	0	1	0	1	0	0	0	1
3071_sub2	0	1	1	0	0	0	1	0
3071_sub3	0	1	0	1	0	0	0	1
3071_sub4	0	1	1	0	0	0	1	0
3071_sub5	0	1	0	1	0	0	0	1
3072_sub0	0	1	0	1	0	0	0	1
3072_sub1	1	23	9	14	9	11	0	3
3072_sub2	0	1	1	0	0	0	1	0
3072_sub3	0	1	1	0	0	0	1	0
3072_sub4	0	1	1	0	0	0	1	0
3072_sub5	0	1	0	1	0	0	0	1
3075_sub0	0	1	0	1	0	0	0	1
3075_sub1	0	1	1	0	0	0	1	0
3075_sub2	0	1	1	0	0	0	1	0
3075_sub3	0	1	1	0	0	0	1	0
3075_sub4	0	1	0	1	0	0	0	1
3075_sub5	0	1	1	0	0	0	1	0
30758_sub0	0	1	0	1	0	0	0	1
30758_sub1	1	7	4	3	4	3	0	0
30784_sub0	0	1	0	1	0	0	0	1
30784_sub1	0	1	1	0	0	0	1	0
30784_sub2	0	1	1	0	0	0	1	0
30784_sub3	0	5	3	2	0	0	3	2
308_sub0	0	1	0	1	0	0	0	1
308_sub1	1	11	5	6	5	6	0	0
308_sub2	0	1	0	1	0	0	0	1
308_sub3	0	1	1	0	0	0	1	0
3085_sub0	0	1	1	0	0	0	1	0
3085_sub1	1	16	8	8	8	8	0	0
30865_sub0	0	1	1	0	0	0	1	0
30865_sub1	0	1	1	0	0	0	1	0
30865_sub2	0	1	1	0	0	0	1	0
30865_sub3	0	1	0	1	0	0	0	1
30865_sub4	0	1	0	1	0	0	0	1
30865_sub5	0	1	0	1	0	0	0	1
30867_sub0	0	1	1	0	0	0	1	0
30867_sub1	1	8	5	3	5	3	0	0
30867_sub2	0	1	0	1	0	0	0	1
30867_sub3	0	1	1	0	0	0	1	0
30867_sub4	0	1	1	0	0	0	1	0
30875_sub0	0	2	1	1	0	0	1	1
30875_sub1	0	1	0	1	0	0	0	1
30875_sub2	0	1	1	0	0	0	1	0
30875_sub3	0	1	0	1	0	0	0	1
30875_sub4	0	1	0	1	0	0	0	1
30893_sub0	1	12	7	5	7	5	0	0
30893_sub1	0	1	1	0	0	0	1	0
30893_sub2	0	1	1	0	0	0	1	0
30893_sub3	0	1	1	0	0	0	1	0
3091_sub0	1	14	5	9	5	9	0	0
3091_sub1	0	1	1	0	0	0	1	0
3091_sub2	0	2	1	1	0	0	1	1
3095_sub0	0	1	0	1	0	0	0	1
3095_sub1	1	13	7	6	7	6	0	0
310_sub0	0	1	1	0	0	0	1	0
310_sub1	1	27	12	15	10	10	2	5
3100_sub0	1	14	8	6	8	6	0	0
3100_sub1	0	1	0	1	0	0	0	1
3100_sub2	0	1	1	0	0	0	1	0
3100_sub3	0	1	1	0	0	0	1	0
3100_sub4	0	1	0	1	0	0	0	1
3100_sub5	0	1	1	0	0	0	1	0
3105_sub0	1	21	7	14	7	13	0	1
3105_sub1	0	1	1	0	0	0	1	0
3105_sub2	0	1	0	1	0	0	0	1
3105_sub3	0	1	0	1	0	0	0	1
3106_sub0	1	13	9	4	9	4	0	0
3106_sub1	0	1	1	0	0	0	1	0
3106_sub2	0	1	0	1	0	0	0	1
3106_sub3	0	1	0	1	0	0	0	1
3106_sub4	0	1	1	0	0	0	1	0
3106_sub5	0	1	1	0	0	0	1	0
3106_sub6	0	1	1	0	0	0	1	0
3107_sub0	1	9	6	3	6	3	0	0
3107_sub1	0	1	1	0	0	0	1	0
3108_sub0	0	1	0	1	0	0	0	1
3108_sub1	0	1	1	0	0	0	1	0
3108_sub2	0	1	1	0	0	0	1	0
3108_sub3	0	1	0	1	0	0	0	1
3108_sub4	0	1	1	0	0	0	1	0
3108_sub5	0	1	1	0	0	0	1	0
31110_sub0	0	1	0	1	0	0	0	1
31110_sub1	0	1	0	1	0	0	0	1
31110_sub2	0	1	1	0	0	0	1	0
31110_sub3	0	1	0	1	0	0	0	1
31110_sub4	0	1	0	1	0	0	0	1
31110_sub5	0	1	1	0	0	0	1	0
3114_sub0	0	1	1	0	0	0	1	0
3114_sub1	1	19	10	9	10	9	0	0
3114_sub2	0	1	1	0	0	0	1	0
3114_sub3	0	1	1	0	0	0	1	0
3114_sub4	0	1	0	1	0	0	0	1
3116_sub0	1	7	2	5	2	5	0	0
3116_sub1	0	1	1	0	0	0	1	0
3116_sub2	0	1	1	0	0	0	1	0
3116_sub3	0	1	0	1	0	0	0	1
3116_sub4	0	1	0	1	0	0	0	1
3119_sub0	1	13	11	2	11	2	0	0
3119_sub1	0	1	1	0	0	0	1	0
3119_sub2	0	1	0	1	0	0	0	1
3119_sub3	0	1	1	0	0	0	1	0
3119_sub4	0	1	0	1	0	0	0	1
312_sub0	0	1	1	0	0	0	1	0
312_sub1	1	20	10	10	10	10	0	0
3120_sub0	1	20	9	11	9	11	0	0
3120_sub1	0	1	0	1	0	0	0	1
3120_sub2	0	1	0	1	0	0	0	1
3122_sub0	0	1	0	1	0	0	0	1
3122_sub1	0	1	0	1	0	0	0	1
3122_sub2	0	1	0	1	0	0	0	1
3122_sub3	0	1	1	0	0	0	1	0
3122_sub4	0	1	0	1	0	0	0	1
3122_sub5	0	1	0	1	0	0	0	1
3124_sub0	0	1	1	0	0	0	1	0
3124_sub1	1	20	7	13	7	13	0	0
3124_sub2	0	1	0	1	0	0	0	1
3124_sub3	0	1	0	1	0	0	0	1
3126_sub0	1	15	7	8	7	8	0	0
3126_sub1	0	1	0	1	0	0	0	1
3126_sub2	0	1	0	1	0	0	0	1
3126_sub3	0	1	1	0	0	0	1	0
3135_sub0	1	15	7	8	7	8	0	0
3137_sub0	1	8	6	2	6	2	0	0
3137_sub1	0	1	1	0	0	0	1	0
3138_sub0	0	1	0	1	0	0	0	1
3138_sub1	0	1	0	1	0	0	0	1
3138_sub2	0	1	1	0	0	0	1	0
3138_sub3	0	5	3	2	0	0	3	2
3138_sub4	0	1	0	1	0	0	0	1
3138_sub5	0	1	0	1	0	0	0	1
3138_sub6	0	1	0	1	0	0	0	1
3139_sub0	0	1	0	1	0	0	0	1
3139_sub1	1	15	8	7	8	7	0	0
3139_sub2	0	1	1	0	0	0	1	0
3139_sub3	0	1	1	0	0	0	1	0
3139_sub4	0	1	0	1	0	0	0	1
31432_sub0	0	1	0	1	0	0	0	1
31432_sub1	1	6	5	1	5	1	0	0
31432_sub2	0	1	0	1	0	0	0	1
31432_sub3	0	1	0	1	0	0	0	1
31481_sub0	0	1	1	0	0	0	1	0
31481_sub1	0	5	4	1	0	0	4	1
31481_sub2	0	1	1	0	0	0	1	0
31481_sub3	0	1	1	0	0	0	1	0
3150_sub0	0	1	0	1	0	0	0	1
3150_sub1	0	1	0	1	0	0	0	1
3150_sub2	0	1	0	1	0	0	0	1
3150_sub3	0	1	1	0	0	0	1	0
3150_sub4	0	1	1	0	0	0	1	0
3150_sub5	0	1	0	1	0	0	0	1
3150_sub6	0	1	1	0	0	0	1	0
3151_sub0	1	15	8	7	8	7	0	0
3151_sub1	0	1	1	0	0	0	1	0
3151_sub2	0	1	0	1	0	0	0	1
3151_sub3	0	1	1	0	0	0	1	0
3154_sub0	1	15	10	5	10	5	0	0
3156_sub0	1	13	8	5	8	5	0	0
3158_sub0	1	11	4	7	4	7	0	0
3158_sub1	0	1	1	0	0	0	1	0
316_sub0	0	1	0	1	0	0	0	1
316_sub1	1	10	7	3	7	3	0	0
316_sub2	0	1	1	0	0	0	1	0
316_sub3	0	1	1	0	0	0	1	0
3160_sub0	0	1	0	1	0	0	0	1
3160_sub1	0	1	1	0	0	0	1	0
3160_sub2	0	1	0	1	0	0	0	1
3160_sub3	0	1	0	1	0	0	0	1
3160_sub4	0	1	0	1	0	0	0	1
3160_sub5	0	1	0	1	0	0	0	1
3162_sub0	1	20	7	13	7	13	0	0
3162_sub1	0	1	0	1	0	0	0	1
3162_sub2	0	1	0	1	0	0	0	1
3162_sub3	0	1	1	0	0	0	1	0
3162_sub4	0	1	1	0	0	0	1	0
3162_sub5	0	1	0	1	0	0	0	1
3162_sub6	0	1	0	1	0	0	0	1
3162_sub7	0	1	0	1	0	0	0	1
3167_sub0	0	1	0	1	0	0	0	1
3167_sub1	0	3	2	1	0	0	2	1
3167_sub2	0	1	0	1	0	0	0	1
3167_sub3	0	1	1	0	0	0	1	0
3167_sub4	0	1	1	0	0	0	1	0
3169_sub0	0	1	0	1	0	0	0	1
3169_sub1	0	1	1	0	0	0	1	0
3169_sub2	0	3	1	2	0	0	1	2
3169_sub3	0	1	0	1	0	0	0	1
3169_sub4	0	1	0	1	0	0	0	1
31749_sub0	0	5	2	3	0	0	2	3
31749_sub1	0	1	0	1	0	0	0	1
31749_sub2	0	1	0	1	0	0	0	1
31749_sub3	0	1	0	1	0	0	0	1
3178_sub0	0	1	1	0	0	0	1	0
3178_sub1	0	1	0	1	0	0	0	1
3178_sub2	0	2	1	1	0	0	1	1
3178_sub3	0	1	0	1	0	0	0	1
3178_sub4	0	1	1	0	0	0	1	0
3178_sub5	0	1	1	0	0	0	1	0
3181_sub0	1	19	7	12	7	12	0	0
3181_sub1	0	1	1	0	0	0	1	0
3181_sub2	0	1	1	0	0	0	1	0
31811_sub0	0	1	1	0	0	0	1	0
31811_sub1	0	1	0	1	0	0	0	1
31811_sub2	0	1	0	1	0	0	0	1
31811_sub3	0	1	1	0	0	0	1	0
31811_sub4	0	2	0	2	0	0	0	2
3194_sub0	0	1	0	1	0	0	0	1
3194_sub1	0	1	1	0	0	0	1	0
3194_sub2	1	29	12	17	10	10	2	7
3194_sub3	0	1	1	0	0	0	1	0
3194_sub4	0	1	1	0	0	0	1	0
3194_sub5	0	1	0	1	0	0	0	1
31968_sub0	0	1	0	1	0	0	0	1
31968_sub1	1	8	6	2	6	2	0	0
3198_sub0	1	17	10	7	10	7	0	0
3198_sub1	0	1	1	0	0	0	1	0
3200_sub0	1	13	6	7	6	7	0	0
3200_sub1	0	1	1	0	0	0	1	0
3200_sub2	0	1	0	1	0	0	0	1
3201_sub0	0	1	0	1	0	0	0	1
3201_sub1	0	1	1	0	0	0	1	0
3201_sub2	0	1	0	1	0	0	0	1
3201_sub3	0	1	1	0	0	0	1	0
3201_sub4	0	1	1	0	0	0	1	0
3201_sub5	0	1	0	1	0	0	0	1
3201_sub6	0	1	1	0	0	0	1	0
3201_sub7	0	1	1	0	0	0	1	0
3202_sub0	1	12	6	6	6	6	0	0
3202_sub1	0	1	1	0	0	0	1	0
32040_sub0	1	11	8	3	8	3	0	0
3208_sub0	0	1	0	1	0	0	0	1
3208_sub1	0	1	1	0	0	0	1	0
3208_sub2	0	1	1	0	0	0	1	0
3208_sub3	0	1	1	0	0	0	1	0
3208_sub4	0	1	0	1	0	0	0	1
3208_sub5	0	1	0	1	0	0	0	1
3210_sub0	0	1	0	1	0	0	0	1
3210_sub1	0	1	0	1	0	0	0	1
3210_sub2	0	1	0	1	0	0	0	1
3210_sub3	0	1	1	0	0	0	1	0
3210_sub4	0	1	0	1	0	0	0	1
3210_sub5	0	1	0	1	0	0	0	1
32125_sub0	0	1	1	0	0	0	1	0
32125_sub1	0	1	0	1	0	0	0	1
32125_sub2	0	1	1	0	0	0	1	0
32125_sub3	1	23	11	12	10	10	1	2
3214_sub0	0	1	0	1	0	0	0	1
3214_sub1	0	2	1	1	0	0	1	1
3214_sub2	0	1	1	0	0	0	1	0
3214_sub3	0	1	0	1	0	0	0	1
3214_sub4	0	1	0	1	0	0	0	1
3214_sub5	0	1	1	0	0	0	1	0
3214_sub6	0	1	1	0	0	0	1	0
3215_sub0	1	24	12	12	10	10	2	2
3215_sub1	0	1	0	1	0	0	0	1
3215_sub2	0	1	1	0	0	0	1	0
3215_sub3	0	1	1	0	0	0	1	0
3215_sub4	0	1	0	1	0	0	0	1
3215_sub5	0	1	0	1	0	0	0	1
3215_sub6	0	1	1	0	0	0	1	0
3215_sub7	0	2	2	0	0	0	2	0
3215_sub8	0	1	0	1	0	0	0	1
3215_sub9	0	1	1	0	0	0	1	0
32152_sub0	0	1	0	1	0	0	0	1
32152_sub1	0	5	5	0	0	0	5	0
3219_sub0	1	16	8	8	8	8	0	0
3219_sub1	0	1	1	0	0	0	1	0
3219_sub2	0	1	1	0	0	0	1	0
3219_sub3	0	1	1	0	0	0	1	0
3219_sub4	0	1	1	0	0	0	1	0
3219_sub5	0	1	1	0	0	0	1	0
3219_sub6	0	1	1	0	0	0	1	0
3219_sub7	0	1	0	1	0	0	0	1
3219_sub8	0	1	1	0	0	0	1	0
3219_sub9	0	1	1	0	0	0	1	0
3219_sub10	0	1	1	0	0	0	1	0
322_sub0	0	1	0	1	0	0	0	1
322_sub1	1	16	11	5	11	5	0	0
322_sub2	0	1	0	1	0	0	0	1
322_sub3	0	1	0	1	0	0	0	1
322_sub4	0	1	0	1	0	0	0	1
3221_sub0	1	16	9	7	9	7	0	0
3221_sub1	0	1	0	1	0	0	0	1
3221_sub2	0	1	1	0	0	0	1	0
3221_sub3	0	1	0	1	0	0	0	1
32235_sub0	0	1	0	1	0	0	0	1
32235_sub1	0	1	0	1	0	0	0	1
32235_sub2	0	1	0	1	0	0	0	1
32235_sub3	0	1	0	1	0	0	0	1
32235_sub4	0	1	1	0	0	0	1	0
32235_sub5	0	1	1	0	0	0	1	0
3227_sub0	1	19	9	10	9	10	0	0
3227_sub1	0	1	1	0	0	0	1	0
3227_sub2	0	1	1	0	0	0	1	0
3230_sub0	1	9	4	5	4	5	0	0
3230_sub1	0	1	1	0	0	0	1	0
3232_sub0	1	36	23	13	10	10	13	3
3232_sub1	0	1	1	0	0	0	1	0
3232_sub2	0	1	1	0	0	0	1	0
3232_sub3	0	1	0	1	0	0	0	1
3232_sub4	0	1	0	1	0	0	0	1
3232_sub5	0	1	0	1	0	0	0	1
3232_sub6	0	1	1	0	0	0	1	0
3232_sub7	0	1	0	1	0	0	0	1
3232_sub8	0	1	0	1	0	0	0	1
3232_sub9	0	1	0	1	0	0	0	1
3236_sub0	0	1	1	0	0	0	1	0
3236_sub1	1	10	5	5	5	5	0	0
3237_sub0	1	11	5	6	5	6	0	0
3237_sub1	0	1	1	0	0	0	1	0
3238_sub0	0	1	1	0	0	0	1	0
3238_sub1	1	7	6	1	6	1	0	0
3238_sub2	0	1	0	1	0	0	0	1
3241_sub0	0	1	0	1	0	0	0	1
3241_sub1	0	1	0	1	0	0	0	1
3241_sub2	0	1	1	0	0	0	1	0
3241_sub3	0	1	0	1	0	0	0	1
3241_sub4	0	1	0	1	0	0	0	1
3241_sub5	0	1	0	1	0	0	0	1
3242_sub0	1	9	3	6	3	6	0	0
3242_sub1	0	1	0	1	0	0	0	1
3242_sub2	0	1	0	1	0	0	0	1
3242_sub3	0	1	0	1	0	0	0	1
3242_sub4	0	1	0	1	0	0	0	1
3244_sub0	0	1	1	0	0	0	1	0
3244_sub1	1	19	9	10	9	10	0	0
3245_sub0	1	13	6	7	6	7	0	0
3245_sub1	0	1	0	1	0	0	0	1
3245_sub2	0	1	1	0	0	0	1	0
3245_sub3	0	1	0	1	0	0	0	1
3245_sub4	0	1	0	1	0	0	0	1
3245_sub5	0	1	1	0	0	0	1	0
3245_sub6	0	1	0	1	0	0	0	1
3245_sub7	0	1	1	0	0	0	1	0
3245_sub8	0	1	0	1	0	0	0	1
3246_sub0	0	1	0	1	0	0	0	1
3246_sub1	0	1	1	0	0	0	1	0
3246_sub2	0	1	0	1	0	0	0	1
3246_sub3	0	1	1	0	0	0	1	0
3246_sub4	0	1	1	0	0	0	1	0
3246_sub5	0	1	1	0	0	0	1	0
3247_sub0	1	12	4	8	4	8	0	0
3247_sub1	0	1	0	1	0	0	0	1
3247_sub2	0	1	0	1	0	0	0	1
3249_sub0	1	20	11	9	11	9	0	0
3249_sub1	0	1	0	1	0	0	0	1
3249_sub2	0	1	1	0	0	0	1	0
3249_sub3	0	1	1	0	0	0	1	0
3249_sub4	0	1	0	1	0	0	0	1
3249_sub5	0	1	1	0	0	0	1	0
3249_sub6	0	1	1	0	0	0	1	0
3249_sub7	0	1	0	1	0	0	0	1
3249_sub8	0	1	0	1	0	0	0	1
3250_sub0	0	1	1	0	0	0	1	0
3250_sub1	0	1	1	0	0	0	1	0
3250_sub2	1	19	10	9	10	9	0	0
3250_sub3	0	1	1	0	0	0	1	0
3250_sub4	0	1	1	0	0	0	1	0
3254_sub0	1	12	4	8	4	8	0	0
3254_sub1	0	1	0	1	0	0	0	1
3254_sub2	0	1	0	1	0	0	0	1
3255_sub0	0	1	0	1	0	0	0	1
3255_sub1	1	15	11	4	11	4	0	0
3255_sub2	0	1	0	1	0	0	0	1
3256_sub0	0	1	0	1	0	0	0	1
3256_sub1	1	14	8	6	8	6	0	0
32629_sub0	0	1	1	0	0	0	1	0
32629_sub1	0	1	0	1	0	0	0	1
32629_sub2	0	1	0	1	0	0	0	1
32629_sub3	0	1	0	1	0	0	0	1
32629_sub4	0	1	0	1	0	0	0	1
32629_sub5	0	1	1	0	0	0	1	0
3269_sub0	0	1	1	0	0	0	1	0
3269_sub1	1	13	6	7	6	7	0	0
3269_sub2	0	1	0	1	0	0	0	1
3275_sub0	1	10	3	7	3	7	0	0
3275_sub1	0	1	0	1	0	0	0	1
3275_sub2	0	1	0	1	0	0	0	1
328_sub0	0	1	0	1	0	0	0	1
328_sub1	0	1	1	0	0	0	1	0
328_sub2	0	1	0	1	0	0	0	1
328_sub3	1	16	8	8	8	8	0	0
328_sub4	0	1	0	1	0	0	0	1
328_sub5	0	1	1	0	0	0	1	0
328_sub6	0	1	0	1	0	0	0	1
328_sub7	0	1	0	1	0	0	0	1
328_sub8	0	1	1	0	0	0	1	0
328_sub9	0	1	1	0	0	0	1	0
328_sub10	0	1	0	1	0	0	0	1
3283_sub0	1	23	11	12	10	10	1	2
3283_sub1	0	1	1	0	0	0	1	0
3283_sub2	0	1	1	0	0	0	1	0
3286_sub0	0	1	0	1	0	0	0	1
3286_sub1	0	4	2	2	0	0	2	2
3286_sub2	0	1	1	0	0	0	1	0
3286_sub3	0	1	0	1	0	0	0	1
3286_sub4	0	1	1	0	0	0	1	0
3286_sub5	0	1	1	0	0	0	1	0
3287_sub0	0	1	0	1	0	0	0	1
3287_sub1	0	5	3	2	0	0	3	2
3287_sub2	0	1	0	1	0	0	0	1
3287_sub3	0	1	1	0	0	0	1	0
32999_sub0	0	1	0	1	0	0	0	1
32999_sub1	0	5	5	0	0	0	5	0
33_sub0	0	1	1	0	0	0	1	0
33_sub1	1	8	2	6	2	6	0	0
33_sub2	0	1	0	1	0	0	0	1
33_sub3	0	1	0	1	0	0	0	1
33_sub4	0	1	1	0	0	0	1	0
33_sub5	0	1	1	0	0	0	1	0
3300_sub0	0	1	0	1	0	0	0	1
3300_sub1	0	1	0	1	0	0	0	1
3300_sub2	0	1	1	0	0	0	1	0
3300_sub3	0	1	1	0	0	0	1	0
3300_sub4	0	1	0	1	0	0	0	1
3300_sub5	0	1	1	0	0	0	1	0
3301_sub0	1	6	5	1	5	1	0	0
3302_sub0	0	1	0	1	0	0	0	1
3302_sub1	0	1	0	1	0	0	0	1
3302_sub2	1	12	8	4	8	4	0	0
3303_sub0	0	1	0	1	0	0	0	1
3303_sub1	0	1	0	1	0	0	0	1
3303_sub2	0	1	1	0	0	0	1	0
3303_sub3	0	1	1	0	0	0	1	0
3303_sub4	0	1	0	1	0	0	0	1
3303_sub5	0	1	1	0	0	0	1	0
3304_sub0	1	10	6	4	6	4	0	0
3304_sub1	0	1	1	0	0	0	1	0
3304_sub2	0	1	1	0	0	0	1	0
3304_sub3	0	1	1	0	0	0	1	0
3304_sub4	0	1	1	0	0	0	1	0
3304_sub5	0	1	0	1	0	0	0	1
3309_sub0	1	9	7	2	7	2	0	0
3309_sub1	0	1	0	1	0	0	0	1
3309_sub2	0	2	1	1	0	0	1	1
3309_sub3	0	1	1	0	0	0	1	0
3309_sub4	0	1	0	1	0	0	0	1
331_sub0	0	1	1	0	0	0	1	0
331_sub1	1	24	10	14	10	10	0	4
331_sub2	0	2	2	0	0	0	2	0
331_sub3	0	1	1	0	0	0	1	0
3310_sub0	1	15	5	10	5	10	0	0
3310_sub1	0	1	0	1	0	0	0	1
3310_sub2	0	1	1	0	0	0	1	0
3318_sub0	0	1	0	1	0	0	0	1
3318_sub1	0	1	0	1	0	0	0	1
3318_sub2	1	24	12	12	10	10	2	2
3318_sub3	0	1	0	1	0	0	0	1
3318_sub4	0	1	0	1	0	0	0	1
3321_sub0	0	1	0	1	0	0	0	1
3321_sub1	1	7	1	6	1	6	0	0
3321_sub2	0	1	0	1	0	0	0	1
33219_sub0	0	1	1	0	0	0	1	0
33219_sub1	0	5	3	2	0	0	3	2
33219_sub2	0	1	0	1	0	0	0	1
3322_sub0	1	13	8	5	8	5	0	0
3322_sub1	0	1	1	0	0	0	1	0
3322_sub2	0	1	0	1	0	0	0	1
3322_sub3	0	1	0	1	0	0	0	1
3323_sub0	1	13	6	7	6	7	0	0
3323_sub1	0	1	1	0	0	0	1	0
3323_sub2	0	1	0	1	0	0	0	1
3323_sub3	0	1	1	0	0	0	1	0
3323_sub4	0	1	1	0	0	0	1	0
333_sub0	0	1	0	1	0	0	0	1
333_sub1	0	1	0	1	0	0	0	1
333_sub2	0	1	1	0	0	0	1	0
333_sub3	1	14	8	6	8	6	0	0
333_sub4	0	1	0	1	0	0	0	1
333_sub5	0	1	0	1	0	0	0	1
333_sub6	0	1	0	1	0	0	0	1
333_sub7	0	1	0	1	0	0	0	1
333_sub8	0	1	0	1	0	0	0	1
3333_sub0	0	1	0	1	0	0	0	1
3333_sub1	0	1	0	1	0	0	0	1
3333_sub2	0	4	4	0	0	0	4	0
3333_sub3	0	1	0	1	0	0	0	1
3338_sub0	0	1	0	1	0	0	0	1
3338_sub1	1	12	6	6	6	6	0	0
3338_sub2	0	1	0	1	0	0	0	1
3338_sub3	0	1	1	0	0	0	1	0
3338_sub4	0	1	0	1	0	0	0	1
334_sub0	0	1	1	0	0	0	1	0
334_sub1	0	1	0	1	0	0	0	1
334_sub2	0	1	1	0	0	0	1	0
334_sub3	1	23	9	14	9	11	0	3
334_sub4	0	1	0	1	0	0	0	1
334_sub5	0	1	0	1	0	0	0	1
334_sub6	0	1	0	1	0	0	0	1
334_sub7	0	1	1	0	0	0	1	0
3340_sub0	1	20	13	7	13	7	0	0
3340_sub1	0	1	1	0	0	0	1	0
3340_sub2	0	1	1	0	0	0	1	0
3341_sub0	0	1	0	1	0	0	0	1
3341_sub1	0	2	1	1	0	0	1	1
3341_sub2	0	1	1	0	0	0	1	0
3341_sub3	0	1	0	1	0	0	0	1
3341_sub4	0	1	1	0	0	0	1	0
3341_sub5	0	1	1	0	0	0	1	0
3342_sub0	0	1	0	1	0	0	0	1
3342_sub1	1	17	10	7	10	7	0	0
3342_sub2	0	1	0	1	0	0	0	1
3342_sub3	0	1	1	0	0	0	1	0
3342_sub4	0	1	1	0	0	0	1	0
3342_sub5	0	1	0	1	0	0	0	1
335_sub0	0	1	0	1	0	0	0	1
335_sub1	0	1	0	1	0	0	0	1
335_sub2	1	34	21	13	10	10	11	3
335_sub3	0	1	0	1	0	0	0	1
335_sub4	0	1	1	0	0	0	1	0
3350_sub0	0	1	0	1	0	0	0	1
3350_sub1	1	13	7	6	7	6	0	0
3350_sub2	0	1	1	0	0	0	1	0
3350_sub3	0	1	1	0	0	0	1	0
3352_sub0	1	11	6	5	6	5	0	0
3352_sub1	0	1	0	1	0	0	0	1
3355_sub0	0	1	0	1	0	0	0	1
3355_sub1	0	1	1	0	0	0	1	0
3355_sub2	0	1	0	1	0	0	0	1
3355_sub3	0	1	0	1	0	0	0	1
3355_sub4	0	1	0	1	0	0	0	1
3355_sub5	0	1	1	0	0	0	1	0
3358_sub0	1	15	6	9	6	9	0	0
3358_sub1	0	1	0	1	0	0	0	1
3358_sub2	0	1	0	1	0	0	0	1
3358_sub3	0	1	0	1	0	0	0	1
3358_sub4	0	1	0	1	0	0	0	1
3358_sub5	0	1	0	1	0	0	0	1
3359_sub0	0	4	4	0	0	0	4	0
3359_sub1	0	2	0	2	0	0	0	2
33595_sub0	0	1	0	1	0	0	0	1
33595_sub1	1	7	2	5	2	5	0	0
336_sub0	0	1	1	0	0	0	1	0
336_sub1	0	1	1	0	0	0	1	0
336_sub2	0	1	0	1	0	0	0	1
336_sub3	1	18	11	7	11	7	0	0
336_sub4	0	1	0	1	0	0	0	1
336_sub5	0	1	1	0	0	0	1	0
336_sub6	0	1	0	1	0	0	0	1
336_sub7	0	1	0	1	0	0	0	1
3363_sub0	1	17	6	11	6	11	0	0
3363_sub1	0	1	1	0	0	0	1	0
3363_sub2	0	1	0	1	0	0	0	1
3363_sub3	0	1	0	1	0	0	0	1
33657_sub0	0	5	0	5	0	0	0	5
33657_sub1	0	1	1	0	0	0	1	0
33657_sub2	0	1	0	1	0	0	0	1
33657_sub3	0	1	0	1	0	0	0	1
3366_sub0	0	1	0	1	0	0	0	1
3366_sub1	0	1	1	0	0	0	1	0
3366_sub2	0	1	1	0	0	0	1	0
3366_sub3	0	1	1	0	0	0	1	0
3366_sub4	0	1	0	1	0	0	0	1
3366_sub5	0	1	0	1	0	0	0	1
3366_sub6	0	1	1	0	0	0	1	0
3367_sub0	1	19	6	13	6	13	0	0
3367_sub1	0	1	0	1	0	0	0	1
3367_sub2	0	1	0	1	0	0	0	1
3367_sub3	0	1	0	1	0	0	0	1
3367_sub4	0	1	1	0	0	0	1	0
3367_sub5	0	1	1	0	0	0	1	0
3367_sub6	0	1	1	0	0	0	1	0
33698_sub0	0	1	0	1	0	0	0	1
33698_sub1	0	5	3	2	0	0	3	2
337_sub0	0	1	0	1	0	0	0	1
337_sub1	0	1	0	1	0	0	0	1
337_sub2	1	6	1	5	1	5	0	0
337_sub3	0	1	1	0	0	0	1	0
337_sub4	0	1	0	1	0	0	0	1
337_sub5	0	1	0	1	0	0	0	1
337_sub6	0	1	1	0	0	0	1	0
337_sub7	0	1	1	0	0	0	1	0
337_sub8	0	1	0	1	0	0	0	1
33731_sub0	0	1	1	0	0	0	1	0
33731_sub1	1	8	5	3	5	3	0	0
3376_sub0	1	21	6	15	6	14	0	1
3376_sub1	0	1	1	0	0	0	1	0
3376_sub2	0	1	1	0	0	0	1	0
3376_sub3	0	1	0	1	0	0	0	1
3376_sub4	0	1	0	1	0	0	0	1
3376_sub5	0	1	1	0	0	0	1	0
3376_sub6	0	1	0	1	0	0	0	1
3378_sub0	0	1	0	1	0	0	0	1
3378_sub1	0	1	1	0	0	0	1	0
3378_sub2	0	1	0	1	0	0	0	1
3378_sub3	0	1	1	0	0	0	1	0
3378_sub4	0	1	0	1	0	0	0	1
3378_sub5	0	1	0	1	0	0	0	1
3378_sub6	0	1	1	0	0	0	1	0
3379_sub0	0	1	0	1	0	0	0	1
3379_sub1	0	1	0	1	0	0	0	1
3379_sub2	0	1	0	1	0	0	0	1
3379_sub3	0	1	1	0	0	0	1	0
3379_sub4	0	2	2	0	0	0	2	0
3379_sub5	0	1	1	0	0	0	1	0
3379_sub6	0	1	1	0	0	0	1	0
3379_sub7	0	1	1	0	0	0	1	0
338_sub0	0	1	0	1	0	0	0	1
338_sub1	0	1	1	0	0	0	1	0
338_sub2	0	1	0	1	0	0	0	1
338_sub3	0	1	0	1	0	0	0	1
338_sub4	0	1	1	0	0	0	1	0
338_sub5	0	1	1	0	0	0	1	0
3382_sub0	0	1	0	1	0	0	0	1
3382_sub1	1	13	7	6	7	6	0	0
3382_sub2	0	1	0	1	0	0	0	1
3382_sub3	0	1	1	0	0	0	1	0
3388_sub0	0	1	0	1	0	0	0	1
3388_sub1	1	22	8	14	8	12	0	2
339_sub0	0	1	1	0	0	0	1	0
339_sub1	1	22	9	13	9	11	0	2
339_sub2	0	1	1	0	0	0	1	0
339_sub3	0	1	0	1	0	0	0	1
339_sub4	0	1	0	1	0	0	0	1
3395_sub0	1	22	9	13	9	11	0	2
3395_sub1	0	1	1	0	0	0	1	0
3395_sub2	0	1	0	1	0	0	0	1
3395_sub3	0	1	1	0	0	0	1	0
3395_sub4	0	1	1	0	0	0	1	0
3397_sub0	0	1	0	1	0	0	0	1
3397_sub1	0	1	1	0	0	0	1	0
3397_sub2	0	1	1	0	0	0	1	0
3397_sub3	0	1	1	0	0	0	1	0
3397_sub4	0	1	0	1	0	0	0	1
3397_sub5	0	1	0	1	0	0	0	1
3397_sub6	0	1	0	1	0	0	0	1
3397_sub7	0	1	1	0	0	0	1	0
34_sub0	0	1	0	1	0	0	0	1
34_sub1	0	1	0	1	0	0	0	1
34_sub2	1	21	12	9	11	9	1	0
34_sub3	0	1	0	1	0	0	0	1
340_sub0	0	1	1	0	0	0	1	0
340_sub1	0	1	1	0	0	0	1	0
340_sub2	1	30	14	16	10	10	4	6
340_sub3	0	1	0	1	0	0	0	1
340_sub4	0	1	1	0	0	0	1	0
340_sub5	0	1	1	0	0	0	1	0
340_sub6	0	1	1	0	0	0	1	0
340_sub7	0	1	1	0	0	0	1	0
340_sub8	0	1	1	0	0	0	1	0
340_sub9	0	1	1	0	0	0	1	0
3400_sub0	0	1	1	0	0	0	1	0
3400_sub1	1	21	11	10	10	10	1	0
3400_sub2	0	1	1	0	0	0	1	0
3400_sub3	0	1	0	1	0	0	0	1
3400_sub4	0	1	0	1	0	0	0	1
3400_sub5	0	1	0	1	0	0	0	1
34039_sub0	0	5	2	3	0	0	2	3
34039_sub1	0	1	1	0	0	0	1	0
3404_sub0	1	7	3	4	3	4	0	0
3404_sub1	0	1	1	0	0	0	1	0
3404_sub2	0	1	0	1	0	0	0	1
3406_sub0	1	8	3	5	3	5	0	0
3408_sub0	1	30	14	16	10	10	4	6
3408_sub1	0	1	0	1	0	0	0	1
3408_sub2	0	1	1	0	0	0	1	0
3408_sub3	0	2	1	1	0	0	1	1
3408_sub4	0	1	0	1	0	0	0	1
3408_sub5	0	1	1	0	0	0	1	0
342_sub0	0	1	1	0	0	0	1	0
342_sub1	1	24	13	11	10	10	3	1
342_sub2	0	1	0	1	0	0	0	1
342_sub3	0	1	1	0	0	0	1	0
3424_sub0	1	10	5	5	5	5	0	0
3424_sub1	0	1	1	0	0	0	1	0
3424_sub2	0	1	0	1	0	0	0	1
3426_sub0	0	1	1	0	0	0	1	0
3426_sub1	0	1	0	1	0	0	0	1
3426_sub2	0	1	0	1	0	0	0	1
3426_sub3	0	1	1	0	0	0	1	0
3426_sub4	0	1	0	1	0	0	0	1
3426_sub5	0	1	0	1	0	0	0	1
34267_sub0	0	1	1	0	0	0	1	0
34267_sub1	1	7	2	5	2	5	0	0
34267_sub2	0	1	1	0	0	0	1	0
3428_sub0	0	1	0	1	0	0	0	1
3428_sub1	0	1	0	1	0	0	0	1
3428_sub2	0	1	0	1	0	0	0	1
3428_sub3	0	1	1	0	0	0	1	0
3428_sub4	0	1	1	0	0	0	1	0
3428_sub5	0	1	1	0	0	0	1	0
3428_sub6	0	1	0	1	0	0	0	1
3428_sub7	0	1	1	0	0	0	1	0
3428_sub8	0	1	0	1	0	0	0	1
3429_sub0	1	19	9	10	9	10	0	0
3429_sub1	0	1	1	0	0	0	1	0
3429_sub2	0	1	0	1	0	0	0	1
3429_sub3	0	1	1	0	0	0	1	0
3432_sub0	1	23	13	10	10	10	3	0
3432_sub1	0	1	1	0	0	0	1	0
3432_sub2	0	1	0	1	0	0	0	1
3432_sub3	0	1	1	0	0	0	1	0
3432_sub4	0	1	1	0	0	0	1	0
3432_sub5	0	1	0	1	0	0	0	1
3432_sub6	0	1	0	1	0	0	0	1
3432_sub7	0	1	1	0	0	0	1	0
3434_sub0	0	1	0	1	0	0	0	1
3434_sub1	1	6	1	5	1	5	0	0
3435_sub0	0	1	1	0	0	0	1	0
3435_sub1	1	19	13	6	13	6	0	0
3435_sub2	0	1	1	0	0	0	1	0
3435_sub3	0	1	0	1	0	0	0	1
3435_sub4	0	1	0	1	0	0	0	1
3438_sub0	1	19	8	11	8	11	0	0
3438_sub1	0	1	1	0	0	0	1	0
3438_sub2	0	1	0	1	0	0	0	1
3439_sub0	1	17	11	6	11	6	0	0
3439_sub1	0	1	1	0	0	0	1	0
3439_sub2	0	1	0	1	0	0	0	1
3439_sub3	0	1	1	0	0	0	1	0
3445_sub0	1	11	5	6	5	6	0	0
3445_sub1	0	1	0	1	0	0	0	1
3445_sub2	0	1	1	0	0	0	1	0
3445_sub3	0	1	1	0	0	0	1	0
3445_sub4	0	1	1	0	0	0	1	0
3445_sub5	0	1	0	1	0	0	0	1
3449_sub0	0	1	1	0	0	0	1	0
3449_sub1	0	1	1	0	0	0	1	0
3449_sub2	0	1	1	0	0	0	1	0
3449_sub3	0	1	1	0	0	0	1	0
3449_sub4	0	1	0	1	0	0	0	1
3449_sub5	0	1	0	1	0	0	0	1
3452_sub0	0	1	1	0	0	0	1	0
3452_sub1	0	1	0	1	0	0	0	1
3452_sub2	0	1	1	0	0	0	1	0
3452_sub3	0	1	0	1	0	0	0	1
3452_sub4	0	1	1	0	0	0	1	0
3452_sub5	0	1	1	0	0	0	1	0
3452_sub6	0	1	0	1	0	0	0	1
3454_sub0	0	1	0	1	0	0	0	1
3454_sub1	0	5	2	3	0	0	2	3
3454_sub2	0	1	1	0	0	0	1	0
3454_sub3	0	1	1	0	0	0	1	0
3454_sub4	0	1	0	1	0	0	0	1
3454_sub5	0	1	0	1	0	0	0	1
3455_sub0	1	13	5	8	5	8	0	0
3455_sub1	0	1	1	0	0	0	1	0
3455_sub2	0	1	0	1	0	0	0	1
3455_sub3	0	1	1	0	0	0	1	0
3455_sub4	0	1	0	1	0	0	0	1
3455_sub5	0	1	1	0	0	0	1	0
3455_sub6	0	1	0	1	0	0	0	1
3455_sub7	0	1	1	0	0	0	1	0
3458_sub0	0	1	0	1	0	0	0	1
3458_sub1	1	14	10	4	10	4	0	0
3458_sub2	0	1	1	0	0	0	1	0
3458_sub3	0	1	1	0	0	0	1	0
3458_sub4	0	1	0	1	0	0	0	1
3458_sub5	0	1	1	0	0	0	1	0
3458_sub6	0	1	1	0	0	0	1	0
3458_sub7	0	2	0	2	0	0	0	2
3458_sub8	0	1	0	1	0	0	0	1
3462_sub0	0	1	0	1	0	0	0	1
3462_sub1	1	15	6	9	6	9	0	0
3467_sub0	0	1	0	1	0	0	0	1
3467_sub1	1	7	3	4	3	4	0	0
3467_sub2	0	1	0	1	0	0	0	1
3469_sub0	1	6	5	1	5	1	0	0
3469_sub1	0	1	0	1	0	0	0	1
347_sub0	0	1	0	1	0	0	0	1
347_sub1	1	25	10	15	10	10	0	5
347_sub2	0	1	1	0	0	0	1	0
347_sub3	0	1	0	1	0	0	0	1
347_sub4	0	1	0	1	0	0	0	1
3470_sub0	0	1	1	0	0	0	1	0
3470_sub1	1	10	6	4	6	4	0	0
3474_sub0	0	1	1	0	0	0	1	0
3474_sub1	1	9	4	5	4	5	0	0
3474_sub2	0	1	1	0	0	0	1	0
3485_sub0	0	1	1	0	0	0	1	0
3485_sub1	1	13	9	4	9	4	0	0
3485_sub2	0	1	0	1	0	0	0	1
3485_sub3	0	1	1	0	0	0	1	0
3488_sub0	0	1	0	1	0	0	0	1
3488_sub1	1	8	3	5	3	5	0	0
349_sub0	0	1	1	0	0	0	1	0
349_sub1	0	1	0	1	0	0	0	1
349_sub2	1	23	13	10	10	10	3	0
349_sub3	0	1	0	1	0	0	0	1
349_sub4	0	1	1	0	0	0	1	0
349_sub5	0	1	1	0	0	0	1	0
349_sub6	0	1	1	0	0	0	1	0
349_sub7	0	1	0	1	0	0	0	1
3492_sub0	0	1	0	1	0	0	0	1
3492_sub1	1	12	6	6	6	6	0	0
3492_sub2	0	1	1	0	0	0	1	0
3492_sub3	0	1	1	0	0	0	1	0
3492_sub4	0	1	0	1	0	0	0	1
35_sub0	0	1	1	0	0	0	1	0
35_sub1	1	17	12	5	12	5	0	0
35_sub2	0	1	1	0	0	0	1	0
35_sub3	0	1	1	0	0	0	1	0
3501_sub0	1	19	11	8	11	8	0	0
3501_sub1	0	1	1	0	0	0	1	0
3501_sub2	0	1	1	0	0	0	1	0
3501_sub3	0	1	1	0	0	0	1	0
3501_sub4	0	1	1	0	0	0	1	0
3501_sub5	0	1	1	0	0	0	1	0
3501_sub6	0	1	0	1	0	0	0	1
3507_sub0	1	11	4	7	4	7	0	0
3507_sub1	0	1	1	0	0	0	1	0
3507_sub2	0	1	0	1	0	0	0	1
3507_sub3	0	1	1	0	0	0	1	0
3509_sub0	0	1	0	1	0	0	0	1
3509_sub1	0	1	1	0	0	0	1	0
3509_sub2	0	1	0	1	0	0	0	1
3509_sub3	0	1	1	0	0	0	1	0
3509_sub4	0	1	1	0	0	0	1	0
3509_sub5	0	1	0	1	0	0	0	1
3511_sub0	1	18	8	10	8	10	0	0
3511_sub1	0	1	1	0	0	0	1	0
3511_sub2	0	1	1	0	0	0	1	0
3517_sub0	1	18	8	10	8	10	0	0
3517_sub1	0	1	1	0	0	0	1	0
3517_sub2	0	1	1	0	0	0	1	0
3517_sub3	0	1	1	0	0	0	1	0
3517_sub4	0	1	0	1	0	0	0	1
3517_sub5	0	1	1	0	0	0	1	0
3517_sub6	0	1	1	0	0	0	1	0
3517_sub7	0	1	0	1	0	0	0	1
3517_sub8	0	1	0	1	0	0	0	1
3518_sub0	0	1	1	0	0	0	1	0
3518_sub1	1	14	5	9	5	9	0	0
3527_sub0	1	19	10	9	10	9	0	0
3527_sub1	0	1	0	1	0	0	0	1
3527_sub2	0	1	1	0	0	0	1	0
3528_sub0	0	1	0	1	0	0	0	1
3528_sub1	0	1	1	0	0	0	1	0
3528_sub2	0	1	0	1	0	0	0	1
3528_sub3	0	1	0	1	0	0	0	1
3528_sub4	0	1	0	1	0	0	0	1
3528_sub5	0	1	0	1	0	0	0	1
3532_sub0	1	21	5	16	5	15	0	1
3532_sub1	0	1	1	0	0	0	1	0
354_sub0	0	1	1	0	0	0	1	0
354_sub1	0	1	1	0	0	0	1	0
354_sub2	1	26	13	13	10	10	3	3
354_sub3	0	1	0	1	0	0	0	1
354_sub4	0	1	0	1	0	0	0	1
354_sub5	0	1	1	0	0	0	1	0
354_sub6	0	1	0	1	0	0	0	1
3544_sub0	0	1	0	1	0	0	0	1
3544_sub1	1	8	6	2	6	2	0	0
3544_sub2	0	1	0	1	0	0	0	1
3544_sub3	0	1	0	1	0	0	0	1
3550_sub0	1	7	3	4	3	4	0	0
3550_sub1	0	1	1	0	0	0	1	0
3550_sub2	0	1	0	1	0	0	0	1
356_sub0	0	1	0	1	0	0	0	1
356_sub1	0	1	0	1	0	0	0	1
356_sub2	0	1	0	1	0	0	0	1
356_sub3	0	1	0	1	0	0	0	1
356_sub4	0	1	1	0	0	0	1	0
356_sub5	0	1	0	1	0	0	0	1
35646_sub0	1	10	3	7	3	7	0	0
35646_sub1	0	1	1	0	0	0	1	0
3565_sub0	1	16	7	9	7	9	0	0
3565_sub1	0	1	1	0	0	0	1	0
3565_sub2	0	1	0	1	0	0	0	1
3565_sub3	0	1	0	1	0	0	0	1
3565_sub4	0	1	1	0	0	0	1	0
3565_sub5	0	1	0	1	0	0	0	1
3565_sub6	0	1	0	1	0	0	0	1
3566_sub0	0	1	0	1	0	0	0	1
3566_sub1	1	10	6	4	6	4	0	0
3566_sub2	0	1	1	0	0	0	1	0
3566_sub3	0	1	0	1	0	0	0	1
35698_sub0	0	1	1	0	0	0	1	0
35698_sub1	0	4	2	2	0	0	2	2
35698_sub2	0	1	1	0	0	0	1	0
3573_sub0	0	1	1	0	0	0	1	0
3573_sub1	1	15	5	10	5	10	0	0
3574_sub0	1	8	2	6	2	6	0	0
3574_sub1	0	1	1	0	0	0	1	0
3574_sub2	0	1	1	0	0	0	1	0
3574_sub3	0	1	1	0	0	0	1	0
3574_sub4	0	1	1	0	0	0	1	0
3574_sub5	0	1	1	0	0	0	1	0
3574_sub6	0	1	1	0	0	0	1	0
3576_sub0	0	1	0	1	0	0	0	1
3576_sub1	0	1	0	1	0	0	0	1
3576_sub2	0	1	1	0	0	0	1	0
3576_sub3	0	1	0	1	0	0	0	1
3576_sub4	0	1	1	0	0	0	1	0
3576_sub5	0	1	0	1	0	0	0	1
3576_sub6	0	1	0	1	0	0	0	1
3578_sub0	0	1	1	0	0	0	1	0
3578_sub1	0	1	0	1	0	0	0	1
3578_sub2	0	1	0	1	0	0	0	1
3578_sub3	0	1	0	1	0	0	0	1
3578_sub4	0	1	1	0	0	0	1	0
3578_sub5	0	1	0	1	0	0	0	1
3579_sub0	0	1	0	1	0	0	0	1
3579_sub1	0	1	1	0	0	0	1	0
3579_sub2	1	10	4	6	4	6	0	0
3580_sub0	1	30	15	15	10	10	5	5
3580_sub1	0	1	0	1	0	0	0	1
3580_sub2	0	1	0	1	0	0	0	1
3580_sub3	0	1	1	0	0	0	1	0
3580_sub4	0	1	0	1	0	0	0	1
3580_sub5	0	1	1	0	0	0	1	0
3580_sub6	0	1	0	1	0	0	0	1
3580_sub7	0	1	1	0	0	0	1	0
3580_sub8	0	1	1	0	0	0	1	0
3580_sub9	0	1	1	0	0	0	1	0
3580_sub10	0	1	1	0	0	0	1	0
3584_sub0	1	10	4	6	4	6	0	0
3584_sub1	0	1	1	0	0	0	1	0
3584_sub2	0	1	1	0	0	0	1	0
3584_sub3	0	1	0	1	0	0	0	1
3584_sub4	0	1	0	1	0	0	0	1
3584_sub5	0	1	0	1	0	0	0	1
3584_sub6	0	1	1	0	0	0	1	0
3584_sub7	0	1	0	1	0	0	0	1
3584_sub8	0	1	0	1	0	0	0	1
3586_sub0	0	1	0	1	0	0	0	1
3586_sub1	1	18	10	8	10	8	0	0
3586_sub2	0	1	0	1	0	0	0	1
3586_sub3	0	1	0	1	0	0	0	1
359_sub0	1	19	10	9	10	9	0	0
359_sub1	0	1	0	1	0	0	0	1
359_sub2	0	1	1	0	0	0	1	0
359_sub3	0	1	1	0	0	0	1	0
359_sub4	0	1	1	0	0	0	1	0
359_sub5	0	1	0	1	0	0	0	1
3590_sub0	1	18	7	11	7	11	0	0
3590_sub1	0	1	0	1	0	0	0	1
3590_sub2	0	1	0	1	0	0	0	1
3590_sub3	0	1	1	0	0	0	1	0
3590_sub4	0	1	0	1	0	0	0	1
3590_sub5	0	1	0	1	0	0	0	1
3590_sub6	0	1	0	1	0	0	0	1
3590_sub7	0	1	1	0	0	0	1	0
3590_sub8	0	1	0	1	0	0	0	1
3591_sub0	0	1	0	1	0	0	0	1
3591_sub1	0	1	0	1	0	0	0	1
3591_sub2	0	1	0	1	0	0	0	1
3591_sub3	1	28	17	11	10	10	7	1
3592_sub0	0	1	0	1	0	0	0	1
3592_sub1	0	1	0	1	0	0	0	1
3592_sub2	0	1	0	1	0	0	0	1
3592_sub3	0	1	1	0	0	0	1	0
3592_sub4	0	1	0	1	0	0	0	1
3592_sub5	0	1	1	0	0	0	1	0
3594_sub0	0	1	1	0	0	0	1	0
3594_sub1	0	1	0	1	0	0	0	1
3594_sub2	0	1	1	0	0	0	1	0
3594_sub3	1	11	6	5	6	5	0	0
3594_sub4	0	1	1	0	0	0	1	0
3595_sub0	0	1	0	1	0	0	0	1
3595_sub1	0	1	1	0	0	0	1	0
3595_sub2	0	1	1	0	0	0	1	0
3595_sub3	0	1	1	0	0	0	1	0
3595_sub4	0	1	1	0	0	0	1	0
3595_sub5	0	1	1	0	0	0	1	0
3595_sub6	0	1	1	0	0	0	1	0
36_sub0	0	1	0	1	0	0	0	1
36_sub1	0	1	0	1	0	0	0	1
36_sub2	1	16	8	8	8	8	0	0
36_sub3	0	1	0	1	0	0	0	1
36_sub4	0	1	0	1	0	0	0	1
360_sub0	0	1	0	1	0	0	0	1
360_sub1	1	12	4	8	4	8	0	0
360_sub2	0	1	0	1	0	0	0	1
360_sub3	0	1	0	1	0	0	0	1
3603_sub0	0	1	0	1	0	0	0	1
3603_sub1	1	13	6	7	6	7	0	0
3603_sub2	0	1	0	1	0	0	0	1
3609_sub0	1	29	9	20	9	11	0	9
3609_sub1	0	1	0	1	0	0	0	1
3609_sub2	0	1	1	0	0	0	1	0
3609_sub3	0	1	0	1	0	0	0	1
3609_sub4	0	1	1	0	0	0	1	0
36095_sub0	0	1	0	1	0	0	0	1
36095_sub1	0	5	2	3	0	0	2	3
36095_sub2	0	1	0	1	0	0	0	1
361_sub0	0	1	0	1	0	0	0	1
361_sub1	1	12	7	5	7	5	0	0
3613_sub0	0	1	0	1	0	0	0	1
3613_sub1	0	1	1	0	0	0	1	0
3613_sub2	0	1	0	1	0	0	0	1
3613_sub3	0	1	1	0	0	0	1	0
3613_sub4	0	1	1	0	0	0	1	0
3613_sub5	0	1	1	0	0	0	1	0
3616_sub0	0	1	0	1	0	0	0	1
3616_sub1	1	19	6	13	6	13	0	0
3618_sub0	0	1	1	0	0	0	1	0
3618_sub1	1	29	15	14	10	10	5	4
3618_sub2	0	1	1	0	0	0	1	0
3618_sub3	0	1	0	1	0	0	0	1
3618_sub4	0	2	2	0	0	0	2	0
3620_sub0	1	7	1	6	1	6	0	0
3620_sub1	0	1	0	1	0	0	0	1
3620_sub2	0	1	0	1	0	0	0	1
3620_sub3	0	1	1	0	0	0	1	0
3625_sub0	0	1	1	0	0	0	1	0
3625_sub1	1	18	9	9	9	9	0	0
3625_sub2	0	1	1	0	0	0	1	0
3632_sub0	1	17	8	9	8	9	0	0
3632_sub1	0	1	0	1	0	0	0	1
3632_sub2	0	1	1	0	0	0	1	0
3632_sub3	0	1	1	0	0	0	1	0
3632_sub4	0	1	1	0	0	0	1	0
3632_sub5	0	1	0	1	0	0	0	1
3632_sub6	0	1	0	1	0	0	0	1
3632_sub7	0	1	1	0	0	0	1	0
36338_sub0	0	1	0	1	0	0	0	1
36338_sub1	0	5	3	2	0	0	3	2
3635_sub0	0	1	0	1	0	0	0	1
3635_sub1	0	5	2	3	0	0	2	3
3635_sub2	0	1	0	1	0	0	0	1
3635_sub3	0	1	1	0	0	0	1	0
3638_sub0	0	1	0	1	0	0	0	1
3638_sub1	0	5	3	2	0	0	3	2
3638_sub2	0	1	1	0	0	0	1	0
3648_sub0	0	1	1	0	0	0	1	0
3648_sub1	1	22	12	10	10	10	2	0
3648_sub2	0	1	0	1	0	0	0	1
3652_sub0	1	10	6	4	6	4	0	0
3652_sub1	0	1	1	0	0	0	1	0
3652_sub2	0	1	0	1	0	0	0	1
3653_sub0	0	1	1	0	0	0	1	0
3653_sub1	0	1	1	0	0	0	1	0
3653_sub2	1	9	6	3	6	3	0	0
3653_sub3	0	1	1	0	0	0	1	0
3653_sub4	0	1	0	1	0	0	0	1
3656_sub0	1	6	1	5	1	5	0	0
3656_sub1	0	1	0	1	0	0	0	1
3656_sub2	0	1	0	1	0	0	0	1
3656_sub3	0	1	1	0	0	0	1	0
3659_sub0	1	21	8	13	8	12	0	1
3659_sub1	0	1	1	0	0	0	1	0
3659_sub2	0	1	0	1	0	0	0	1
3659_sub3	0	1	0	1	0	0	0	1
3659_sub4	0	1	0	1	0	0	0	1
3659_sub5	0	1	1	0	0	0	1	0
3659_sub6	0	1	1	0	0	0	1	0
3659_sub7	0	1	1	0	0	0	1	0
3661_sub0	1	38	16	22	10	10	6	12
3661_sub1	0	1	1	0	0	0	1	0
3661_sub2	0	1	0	1	0	0	0	1
3661_sub3	0	1	0	1	0	0	0	1
3661_sub4	0	1	1	0	0	0	1	0
3661_sub5	0	1	0	1	0	0	0	1
3666_sub0	0	1	0	1	0	0	0	1
3666_sub1	0	2	1	1	0	0	1	1
3666_sub2	0	1	0	1	0	0	0	1
3666_sub3	0	1	0	1	0	0	0	1
3666_sub4	0	1	1	0	0	0	1	0
3666_sub5	0	1	1	0	0	0	1	0
3666_sub6	0	1	1	0	0	0	1	0
3666_sub7	0	1	1	0	0	0	1	0
3669_sub0	0	1	1	0	0	0	1	0
3669_sub1	0	1	0	1	0	0	0	1
3669_sub2	0	1	0	1	0	0	0	1
3669_sub3	0	1	1	0	0	0	1	0
3669_sub4	0	1	0	1	0	0	0	1
3669_sub5	0	1	1	0	0	0	1	0
36709_sub0	0	1	0	1	0	0	0	1
36709_sub1	0	3	2	1	0	0	2	1
36709_sub2	0	1	1	0	0	0	1	0
36709_sub3	0	1	1	0	0	0	1	0
3672_sub0	0	1	0	1	0	0	0	1
3672_sub1	0	1	1	0	0	0	1	0
3672_sub2	1	12	5	7	5	7	0	0
3672_sub3	0	1	0	1	0	0	0	1
3674_sub0	1	6	3	3	3	3	0	0
3674_sub1	0	1	1	0	0	0	1	0
3674_sub2	0	1	0	1	0	0	0	1
3674_sub3	0	1	0	1	0	0	0	1
3677_sub0	1	14	8	6	8	6	0	0
3677_sub1	0	1	0	1	0	0	0	1
3677_sub2	0	1	0	1	0	0	0	1
3677_sub3	0	1	1	0	0	0	1	0
3677_sub4	0	1	0	1	0	0	0	1
3677_sub5	0	1	0	1	0	0	0	1
3679_sub0	1	14	7	7	7	7	0	0
3679_sub1	0	1	0	1	0	0	0	1
3679_sub2	0	1	1	0	0	0	1	0
3679_sub3	0	1	0	1	0	0	0	1
3679_sub4	0	1	0	1	0	0	0	1
3681_sub0	0	1	0	1	0	0	0	1
3681_sub1	1	12	8	4	8	4	0	0
3681_sub2	0	1	1	0	0	0	1	0
3681_sub3	0	1	0	1	0	0	0	1
3686_sub0	0	1	1	0	0	0	1	0
3686_sub1	1	15	9	6	9	6	0	0
3686_sub2	0	1	1	0	0	0	1	0
3686_sub3	0	1	1	0	0	0	1	0
369_sub0	0	2	0	2	0	0	0	2
369_sub1	1	20	9	11	9	11	0	0
369_sub2	0	1	0	1	0	0	0	1
369_sub3	0	1	1	0	0	0	1	0
369_sub4	0	1	1	0	0	0	1	0
3695_sub0	1	30	16	14	10	10	6	4
3695_sub1	0	1	0	1	0	0	0	1
3695_sub2	0	1	0	1	0	0	0	1
3695_sub3	0	1	1	0	0	0	1	0
3695_sub4	0	1	0	1	0	0	0	1
3695_sub5	0	1	0	1	0	0	0	1
3695_sub6	0	1	0	1	0	0	0	1
370_sub0	0	1	0	1	0	0	0	1
370_sub1	0	1	1	0	0	0	1	0
370_sub2	0	1	0	1	0	0	0	1
370_sub3	0	1	1	0	0	0	1	0
370_sub4	1	16	5	11	5	11	0	0
370_sub5	0	1	1	0	0	0	1	0
370_sub6	0	1	0	1	0	0	0	1
3700_sub0	0	1	1	0	0	0	1	0
3700_sub1	1	13	6	7	6	7	0	0
3700_sub2	0	1	1	0	0	0	1	0
3700_sub3	0	1	1	0	0	0	1	0
3700_sub4	0	1	0	1	0	0	0	1
3704_sub0	0	1	1	0	0	0	1	0
3704_sub1	1	14	8	6	8	6	0	0
3704_sub2	0	1	1	0	0	0	1	0
3704_sub3	0	1	0	1	0	0	0	1
3704_sub4	0	1	0	1	0	0	0	1
3707_sub0	1	27	11	16	10	10	1	6
3707_sub1	0	1	0	1	0	0	0	1
3707_sub2	0	1	0	1	0	0	0	1
3707_sub3	0	1	1	0	0	0	1	0
3707_sub4	0	1	0	1	0	0	0	1
3707_sub5	0	1	0	1	0	0	0	1
3707_sub6	0	1	0	1	0	0	0	1
3708_sub0	1	11	8	3	8	3	0	0
3708_sub1	0	1	0	1	0	0	0	1
3708_sub2	0	1	0	1	0	0	0	1
3708_sub3	0	1	0	1	0	0	0	1
3708_sub4	0	1	1	0	0	0	1	0
3710_sub0	1	19	9	10	9	10	0	0
3710_sub1	0	1	1	0	0	0	1	0
3710_sub2	0	1	0	1	0	0	0	1
3710_sub3	0	1	0	1	0	0	0	1
3716_sub0	0	1	1	0	0	0	1	0
3716_sub1	0	1	0	1	0	0	0	1
3716_sub2	0	1	1	0	0	0	1	0
3716_sub3	0	1	1	0	0	0	1	0
3716_sub4	0	1	0	1	0	0	0	1
3716_sub5	0	1	1	0	0	0	1	0
3717_sub0	1	13	6	7	6	7	0	0
3717_sub1	0	1	1	0	0	0	1	0
3717_sub2	0	1	0	1	0	0	0	1
37197_sub0	1	31	14	17	10	10	4	7
37197_sub1	0	1	0	1	0	0	0	1
37197_sub2	0	1	0	1	0	0	0	1
37197_sub3	0	1	0	1	0	0	0	1
37197_sub4	0	1	0	1	0	0	0	1
37197_sub5	0	1	0	1	0	0	0	1
372_sub0	0	1	0	1	0	0	0	1
372_sub1	0	1	0	1	0	0	0	1
372_sub2	0	1	0	1	0	0	0	1
372_sub3	1	25	14	11	10	10	4	1
372_sub4	0	1	1	0	0	0	1	0
372_sub5	0	1	0	1	0	0	0	1
372_sub6	0	1	0	1	0	0	0	1
372_sub7	0	1	0	1	0	0	0	1
3725_sub0	1	8	5	3	5	3	0	0
3725_sub1	0	1	1	0	0	0	1	0
3727_sub0	0	1	1	0	0	0	1	0
3727_sub1	0	1	0	1	0	0	0	1
3727_sub2	0	1	1	0	0	0	1	0
3727_sub3	0	2	1	1	0	0	1	1
3727_sub4	0	1	1	0	0	0	1	0
3727_sub5	0	1	0	1	0	0	0	1
3727_sub6	0	1	0	1	0	0	0	1
3727_sub7	0	1	0	1	0	0	0	1
3727_sub8	0	1	0	1	0	0	0	1
3733_sub0	0	1	0	1	0	0	0	1
3733_sub1	0	2	1	1	0	0	1	1
3733_sub2	0	1	0	1	0	0	0	1
3733_sub3	0	1	1	0	0	0	1	0
3733_sub4	0	1	0	1	0	0	0	1
3733_sub5	0	1	1	0	0	0	1	0
3736_sub0	1	15	9	6	9	6	0	0
3736_sub1	0	1	1	0	0	0	1	0
3736_sub2	0	1	0	1	0	0	0	1
3736_sub3	0	1	1	0	0	0	1	0
3736_sub4	0	1	0	1	0	0	0	1
3737_sub0	1	14	7	7	7	7	0	0
3737_sub1	0	1	1	0	0	0	1	0
3737_sub2	0	1	1	0	0	0	1	0
3740_sub0	0	1	0	1	0	0	0	1
3740_sub1	1	6	2	4	2	4	0	0
3743_sub0	0	1	0	1	0	0	0	1
3743_sub1	0	1	1	0	0	0	1	0
3743_sub2	0	1	0	1	0	0	0	1
3743_sub3	0	1	1	0	0	0	1	0
3743_sub4	0	1	0	1	0	0	0	1
3743_sub5	0	1	0	1	0	0	0	1
3743_sub6	0	1	1	0	0	0	1	0
3743_sub7	0	1	0	1	0	0	0	1
3745_sub0	1	29	18	11	10	10	8	1
3745_sub1	0	1	0	1	0	0	0	1
3745_sub2	0	1	0	1	0	0	0	1
3745_sub3	0	1	0	1	0	0	0	1
3745_sub4	0	1	1	0	0	0	1	0
3745_sub5	0	1	1	0	0	0	1	0
3747_sub0	0	1	0	1	0	0	0	1
3747_sub1	1	10	3	7	3	7	0	0
3747_sub2	0	1	1	0	0	0	1	0
3748_sub0	0	1	1	0	0	0	1	0
3748_sub1	1	9	4	5	4	5	0	0
3748_sub2	0	1	0	1	0	0	0	1
3748_sub3	0	1	1	0	0	0	1	0
3752_sub0	0	1	0	1	0	0	0	1
3752_sub1	0	1	1	0	0	0	1	0
3752_sub2	0	1	1	0	0	0	1	0
3752_sub3	0	1	0	1	0	0	0	1
3752_sub4	0	1	1	0	0	0	1	0
3752_sub5	0	1	1	0	0	0	1	0
3752_sub6	0	1	0	1	0	0	0	1
3755_sub0	0	1	0	1	0	0	0	1
3755_sub1	0	1	1	0	0	0	1	0
3755_sub2	0	1	0	1	0	0	0	1
3755_sub3	0	1	0	1	0	0	0	1
3755_sub4	0	1	1	0	0	0	1	0
3755_sub5	0	1	0	1	0	0	0	1
3757_sub0	0	1	1	0	0	0	1	0
3757_sub1	0	3	0	3	0	0	0	3
3757_sub2	0	1	1	0	0	0	1	0
3757_sub3	0	1	0	1	0	0	0	1
3757_sub4	0	1	0	1	0	0	0	1
3760_sub0	0	1	0	1	0	0	0	1
3760_sub1	0	1	1	0	0	0	1	0
3760_sub2	0	2	0	2	0	0	0	2
3760_sub3	0	1	1	0	0	0	1	0
3760_sub4	0	1	0	1	0	0	0	1
3760_sub5	0	1	0	1	0	0	0	1
3761_sub0	1	20	10	10	10	10	0	0
3761_sub1	0	1	0	1	0	0	0	1
3761_sub2	0	1	0	1	0	0	0	1
3761_sub3	0	1	1	0	0	0	1	0
3761_sub4	0	1	0	1	0	0	0	1
3768_sub0	1	10	5	5	5	5	0	0
3768_sub1	0	1	0	1	0	0	0	1
3768_sub2	0	1	1	0	0	0	1	0
3768_sub3	0	1	1	0	0	0	1	0
3768_sub4	0	1	1	0	0	0	1	0
3768_sub5	0	1	0	1	0	0	0	1
3768_sub6	0	1	1	0	0	0	1	0
3768_sub7	0	1	1	0	0	0	1	0
3769_sub0	0	1	0	1	0	0	0	1
3769_sub1	0	1	0	1	0	0	0	1
3769_sub2	0	1	1	0	0	0	1	0
3769_sub3	0	1	1	0	0	0	1	0
3769_sub4	0	1	1	0	0	0	1	0
3769_sub5	0	1	1	0	0	0	1	0
3769_sub6	0	1	1	0	0	0	1	0
3769_sub7	0	1	1	0	0	0	1	0
3769_sub8	0	1	1	0	0	0	1	0
3769_sub9	0	1	1	0	0	0	1	0
3777_sub0	0	1	0	1	0	0	0	1
3777_sub1	0	1	0	1	0	0	0	1
3777_sub2	1	9	6	3	6	3	0	0
3777_sub3	0	1	0	1	0	0	0	1
3777_sub4	0	1	1	0	0	0	1	0
3777_sub5	0	1	0	1	0	0	0	1
3779_sub0	0	1	1	0	0	0	1	0
3779_sub1	0	1	0	1	0	0	0	1
3779_sub2	0	1	0	1	0	0	0	1
3779_sub3	0	1	0	1	0	0	0	1
3779_sub4	0	1	1	0	0	0	1	0
3779_sub5	0	1	0	1	0	0	0	1
378_sub0	0	1	1	0	0	0	1	0
378_sub1	1	20	7	13	7	13	0	0
3782_sub0	1	17	6	11	6	11	0	0
3782_sub1	0	1	0	1	0	0	0	1
3783_sub0	1	17	8	9	8	9	0	0
3783_sub1	0	1	0	1	0	0	0	1
3783_sub2	0	1	0	1	0	0	0	1
3783_sub3	0	1	0	1	0	0	0	1
3783_sub4	0	1	0	1	0	0	0	1
3786_sub0	0	1	0	1	0	0	0	1
3786_sub1	0	1	0	1	0	0	0	1
3786_sub2	0	1	0	1	0	0	0	1
3786_sub3	0	1	0	1	0	0	0	1
3786_sub4	0	1	0	1	0	0	0	1
3786_sub5	0	1	1	0	0	0	1	0
3787_sub0	0	2	1	1	0	0	1	1
3787_sub1	0	1	1	0	0	0	1	0
3787_sub2	0	1	0	1	0	0	0	1
3787_sub3	0	1	1	0	0	0	1	0
3787_sub4	0	1	1	0	0	0	1	0
3790_sub0	0	1	0	1	0	0	0	1
3790_sub1	0	5	1	4	0	0	1	4
3792_sub0	1	14	7	7	7	7	0	0
3792_sub1	0	2	0	2	0	0	0	2
3792_sub2	0	1	1	0	0	0	1	0
3792_sub3	0	1	0	1	0	0	0	1
3792_sub4	0	1	1	0	0	0	1	0
3792_sub5	0	1	1	0	0	0	1	0
37946_sub0	0	1	0	1	0	0	0	1
37946_sub1	0	1	1	0	0	0	1	0
37946_sub2	0	3	1	2	0	0	1	2
37946_sub3	0	1	0	1	0	0	0	1
37946_sub4	0	1	0	1	0	0	0	1
3802_sub0	0	1	0	1	0	0	0	1
3802_sub1	1	24	11	13	10	10	1	3
3802_sub2	0	1	1	0	0	0	1	0
3802_sub3	0	1	0	1	0	0	0	1
3803_sub0	1	23	14	9	11	9	3	0
3803_sub1	0	1	0	1	0	0	0	1
3803_sub2	0	1	0	1	0	0	0	1
3803_sub3	0	1	0	1	0	0	0	1
3803_sub4	0	1	0	1	0	0	0	1
3803_sub5	0	1	0	1	0	0	0	1
3807_sub0	0	1	0	1	0	0	0	1
3807_sub1	1	12	4	8	4	8	0	0
3807_sub2	0	1	1	0	0	0	1	0
3807_sub3	0	1	0	1	0	0	0	1
381_sub0	0	1	1	0	0	0	1	0
381_sub1	1	11	4	7	4	7	0	0
381_sub2	0	1	0	1	0	0	0	1
381_sub3	0	1	0	1	0	0	0	1
381_sub4	0	1	0	1	0	0	0	1
381_sub5	0	1	0	1	0	0	0	1
381_sub6	0	1	1	0	0	0	1	0
3813_sub0	0	1	0	1	0	0	0	1
3813_sub1	0	4	1	3	0	0	1	3
3813_sub2	0	1	1	0	0	0	1	0
3813_sub3	0	1	1	0	0	0	1	0
3813_sub4	0	5	2	3	0	0	2	3
3813_sub5	0	1	1	0	0	0	1	0
3813_sub6	0	1	0	1	0	0	0	1
3813_sub7	0	1	1	0	0	0	1	0
3813_sub8	0	1	1	0	0	0	1	0
3813_sub9	0	1	0	1	0	0	0	1
38139_sub0	0	1	0	1	0	0	0	1
38139_sub1	1	22	9	13	9	11	0	2
38139_sub2	0	1	1	0	0	0	1	0
3817_sub0	1	13	5	8	5	8	0	0
3818_sub0	0	1	1	0	0	0	1	0
3818_sub1	1	15	10	5	10	5	0	0
382_sub0	0	1	1	0	0	0	1	0
382_sub1	1	18	11	7	11	7	0	0
382_sub2	0	1	1	0	0	0	1	0
382_sub3	0	1	1	0	0	0	1	0
382_sub4	0	1	1	0	0	0	1	0
382_sub5	0	1	1	0	0	0	1	0
382_sub6	0	1	1	0	0	0	1	0
3821_sub0	1	17	7	10	7	10	0	0
3821_sub1	0	1	1	0	0	0	1	0
3821_sub2	0	1	0	1	0	0	0	1
3821_sub3	0	1	0	1	0	0	0	1
3821_sub4	0	1	0	1	0	0	0	1
3822_sub0	0	1	0	1	0	0	0	1
3822_sub1	0	1	1	0	0	0	1	0
3822_sub2	0	1	0	1	0	0	0	1
3822_sub3	0	1	1	0	0	0	1	0
3822_sub4	0	1	0	1	0	0	0	1
3822_sub5	0	1	0	1	0	0	0	1
3822_sub6	0	1	1	0	0	0	1	0
38290_sub0	1	6	1	5	1	5	0	0
38290_sub1	0	1	1	0	0	0	1	0
38290_sub2	0	1	1	0	0	0	1	0
38290_sub3	0	1	0	1	0	0	0	1
38290_sub4	0	1	1	0	0	0	1	0
3830_sub0	1	17	10	7	10	7	0	0
3830_sub1	0	1	0	1	0	0	0	1
3830_sub2	0	1	0	1	0	0	0	1
3830_sub3	0	1	1	0	0	0	1	0
3830_sub4	0	1	0	1	0	0	0	1
3832_sub0	0	1	0	1	0	0	0	1
3832_sub1	1	24	14	10	10	10	4	0
3832_sub2	0	1	1	0	0	0	1	0
3832_sub3	0	1	0	1	0	0	0	1
3832_sub4	0	1	1	0	0	0	1	0
3838_sub0	1	12	4	8	4	8	0	0
3838_sub1	0	1	1	0	0	0	1	0
3838_sub2	0	1	1	0	0	0	1	0
3838_sub3	0	1	1	0	0	0	1	0
3838_sub4	0	1	1	0	0	0	1	0
3838_sub5	0	1	0	1	0	0	0	1
3838_sub6	0	1	1	0	0	0	1	0
3840_sub0	0	1	0	1	0	0	0	1
3840_sub1	1	24	9	15	9	11	0	4
3842_sub0	0	1	0	1	0	0	0	1
3842_sub1	0	1	0	1	0	0	0	1
3842_sub2	0	1	1	0	0	0	1	0
3842_sub3	0	1	1	0	0	0	1	0
3842_sub4	0	1	0	1	0	0	0	1
3842_sub5	0	1	1	0	0	0	1	0
3842_sub6	0	1	0	1	0	0	0	1
38422_sub0	0	1	1	0	0	0	1	0
38422_sub1	1	12	8	4	8	4	0	0
3848_sub0	0	1	0	1	0	0	0	1
3848_sub1	0	1	0	1	0	0	0	1
3848_sub2	0	1	0	1	0	0	0	1
3848_sub3	1	21	6	15	6	14	0	1
3848_sub4	0	1	0	1	0	0	0	1
3848_sub5	0	1	1	0	0	0	1	0
3851_sub0	0	1	1	0	0	0	1	0
3851_sub1	1	25	12	13	10	10	2	3
3851_sub2	0	1	0	1	0	0	0	1
3856_sub0	1	13	4	9	4	9	0	0
3856_sub1	0	1	1	0	0	0	1	0
3856_sub2	0	1	1	0	0	0	1	0
3856_sub3	0	1	0	1	0	0	0	1
3856_sub4	0	1	1	0	0	0	1	0
3856_sub5	0	1	0	1	0	0	0	1
3859_sub0	0	1	0	1	0	0	0	1
3859_sub1	0	1	0	1	0	0	0	1
3859_sub2	0	1	1	0	0	0	1	0
3859_sub3	0	1	1	0	0	0	1	0
3859_sub4	0	1	1	0	0	0	1	0
3859_sub5	0	1	1	0	0	0	1	0
3859_sub6	0	1	0	1	0	0	0	1
3861_sub0	0	1	1	0	0	0	1	0
3861_sub1	1	21	13	8	12	8	1	0
3861_sub2	0	1	1	0	0	0	1	0
3861_sub3	0	1	1	0	0	0	1	0
3861_sub4	0	1	0	1	0	0	0	1
3861_sub5	0	1	0	1	0	0	0	1
3863_sub0	1	13	7	6	7	6	0	0
3863_sub1	0	1	1	0	0	0	1	0
3863_sub2	0	1	0	1	0	0	0	1
3863_sub3	0	1	0	1	0	0	0	1
3863_sub4	0	1	0	1	0	0	0	1
3863_sub5	0	1	1	0	0	0	1	0
3863_sub6	0	1	0	1	0	0	0	1
3864_sub0	0	1	1	0	0	0	1	0
3864_sub1	1	17	8	9	8	9	0	0
3864_sub2	0	1	1	0	0	0	1	0
3864_sub3	0	1	0	1	0	0	0	1
3864_sub4	0	1	1	0	0	0	1	0
3865_sub0	1	22	12	10	10	10	2	0
3865_sub1	0	1	1	0	0	0	1	0
3865_sub2	0	1	1	0	0	0	1	0
3865_sub3	0	1	0	1	0	0	0	1
3865_sub4	0	1	1	0	0	0	1	0
3865_sub5	0	1	0	1	0	0	0	1
3869_sub0	1	7	3	4	3	4	0	0
3869_sub1	0	1	0	1	0	0	0	1
3869_sub2	0	1	0	1	0	0	0	1
3870_sub0	1	19	8	11	8	11	0	0
3870_sub1	0	1	1	0	0	0	1	0
3870_sub2	0	1	0	1	0	0	0	1
3870_sub3	0	1	1	0	0	0	1	0
3870_sub4	0	1	0	1	0	0	0	1
3870_sub5	0	1	0	1	0	0	0	1
3870_sub6	0	1	1	0	0	0	1	0
3870_sub7	0	1	1	0	0	0	1	0
3870_sub8	0	1	1	0	0	0	1	0
3871_sub0	1	18	12	6	12	6	0	0
3872_sub0	0	1	0	1	0	0	0	1
3872_sub1	0	1	1	0	0	0	1	0
3872_sub2	0	1	1	0	0	0	1	0
3872_sub3	0	1	1	0	0	0	1	0
3872_sub4	0	1	1	0	0	0	1	0
3872_sub5	0	1	0	1	0	0	0	1
3874_sub0	0	1	0	1	0	0	0	1
3874_sub1	0	1	1	0	0	0	1	0
3874_sub2	0	2	1	1	0	0	1	1
3874_sub3	0	1	0	1	0	0	0	1
3874_sub4	0	1	0	1	0	0	0	1
3875_sub0	0	1	0	1	0	0	0	1
3875_sub1	0	1	1	0	0	0	1	0
3875_sub2	0	1	0	1	0	0	0	1
3875_sub3	0	1	0	1	0	0	0	1
3875_sub4	0	1	1	0	0	0	1	0
3875_sub5	0	1	0	1	0	0	0	1
3875_sub6	0	1	0	1	0	0	0	1
3876_sub0	1	21	9	12	9	11	0	1
3876_sub1	0	1	0	1	0	0	0	1
3876_sub2	0	1	0	1	0	0	0	1
3884_sub0	0	1	0	1	0	0	0	1
3884_sub1	0	1	0	1	0	0	0	1
3884_sub2	0	1	0	1	0	0	0	1
3884_sub3	0	1	0	1	0	0	0	1
3884_sub4	0	1	0	1	0	0	0	1
3884_sub5	0	1	0	1	0	0	0	1
3884_sub6	0	1	0	1	0	0	0	1
3884_sub7	0	1	0	1	0	0	0	1
3884_sub8	0	1	0	1	0	0	0	1
3884_sub9	0	1	1	0	0	0	1	0
3890_sub0	0	1	1	0	0	0	1	0
3890_sub1	0	1	0	1	0	0	0	1
3890_sub2	0	1	1	0	0	0	1	0
3890_sub3	0	1	1	0	0	0	1	0
3890_sub4	0	1	1	0	0	0	1	0
3890_sub5	0	1	0	1	0	0	0	1
3892_sub0	1	11	7	4	7	4	0	0
3892_sub1	0	1	0	1	0	0	0	1
3892_sub2	0	1	0	1	0	0	0	1
3893_sub0	0	1	0	1	0	0	0	1
3893_sub1	1	22	14	8	12	8	2	0
3893_sub2	0	1	0	1	0	0	0	1
3893_sub3	0	1	0	1	0	0	0	1
3893_sub4	0	1	0	1	0	0	0	1
3893_sub5	0	1	0	1	0	0	0	1
3893_sub6	0	1	0	1	0	0	0	1
3893_sub7	0	1	0	1	0	0	0	1
3893_sub8	0	1	0	1	0	0	0	1
3894_sub0	1	15	9	6	9	6	0	0
3895_sub0	0	1	1	0	0	0	1	0
3895_sub1	1	15	5	10	5	10	0	0
3897_sub0	0	1	1	0	0	0	1	0
3897_sub1	0	1	1	0	0	0	1	0
3897_sub2	1	17	10	7	10	7	0	0
3897_sub3	0	1	1	0	0	0	1	0
39_sub0	0	1	0	1	0	0	0	1
39_sub1	1	22	9	13	9	11	0	2
39_sub2	0	1	0	1	0	0	0	1
3901_sub0	1	21	10	11	10	10	0	1
3901_sub1	0	1	1	0	0	0	1	0
3901_sub2	0	1	1	0	0	0	1	0
3901_sub3	0	1	1	0	0	0	1	0
3901_sub4	0	1	1	0	0	0	1	0
3901_sub5	0	1	0	1	0	0	0	1
3901_sub6	0	1	1	0	0	0	1	0
3903_sub0	0	1	0	1	0	0	0	1
3903_sub1	0	1	0	1	0	0	0	1
3903_sub2	0	1	0	1	0	0	0	1
3903_sub3	0	1	0	1	0	0	0	1
3903_sub4	0	1	0	1	0	0	0	1
3903_sub5	0	1	0	1	0	0	0	1
3903_sub6	0	1	1	0	0	0	1	0
3910_sub0	0	2	2	0	0	0	2	0
3910_sub1	1	32	15	17	10	10	5	7
3910_sub2	0	1	0	1	0	0	0	1
3910_sub3	0	1	0	1	0	0	0	1
3912_sub0	0	1	0	1	0	0	0	1
3912_sub1	0	1	0	1	0	0	0	1
3912_sub2	0	1	1	0	0	0	1	0
3912_sub3	0	1	1	0	0	0	1	0
3912_sub4	0	1	0	1	0	0	0	1
3912_sub5	0	1	1	0	0	0	1	0
3918_sub0	1	20	10	10	10	10	0	0
3918_sub1	0	1	0	1	0	0	0	1
3918_sub2	0	1	1	0	0	0	1	0
3918_sub3	0	1	0	1	0	0	0	1
3918_sub4	0	1	0	1	0	0	0	1
3918_sub5	0	1	1	0	0	0	1	0
3918_sub6	0	1	1	0	0	0	1	0
3919_sub0	1	24	8	16	8	12	0	4
3919_sub1	0	1	1	0	0	0	1	0
3921_sub0	1	12	5	7	5	7	0	0
3921_sub1	0	1	1	0	0	0	1	0
3921_sub2	0	1	1	0	0	0	1	0
3928_sub0	0	1	0	1	0	0	0	1
3928_sub1	0	1	1	0	0	0	1	0
3928_sub2	0	1	1	0	0	0	1	0
3928_sub3	0	1	1	0	0	0	1	0
3928_sub4	0	1	0	1	0	0	0	1
3928_sub5	0	1	0	1	0	0	0	1
393_sub0	1	20	11	9	11	9	0	0
393_sub1	0	1	1	0	0	0	1	0
393_sub2	0	1	1	0	0	0	1	0
393_sub3	0	1	0	1	0	0	0	1
3932_sub0	0	1	0	1	0	0	0	1
3932_sub1	1	22	10	12	10	10	0	2
3932_sub2	0	1	0	1	0	0	0	1
3932_sub3	0	1	1	0	0	0	1	0
3932_sub4	0	1	1	0	0	0	1	0
3932_sub5	0	1	1	0	0	0	1	0
3932_sub6	0	1	0	1	0	0	0	1
3932_sub7	0	1	0	1	0	0	0	1
3932_sub8	0	1	0	1	0	0	0	1
3938_sub0	0	1	0	1	0	0	0	1
3938_sub1	1	14	7	7	7	7	0	0
394_sub0	0	1	0	1	0	0	0	1
394_sub1	0	1	1	0	0	0	1	0
394_sub2	1	21	7	14	7	13	0	1
394_sub3	0	1	0	1	0	0	0	1
3941_sub0	1	10	5	5	5	5	0	0
3941_sub1	0	1	1	0	0	0	1	0
3941_sub2	0	1	1	0	0	0	1	0
3941_sub3	0	1	1	0	0	0	1	0
3941_sub4	0	1	1	0	0	0	1	0
3941_sub5	0	1	0	1	0	0	0	1
3941_sub6	0	1	0	1	0	0	0	1
3941_sub7	0	1	1	0	0	0	1	0
3941_sub8	0	1	1	0	0	0	1	0
3941_sub9	0	1	1	0	0	0	1	0
3941_sub10	0	1	0	1	0	0	0	1
3941_sub11	0	1	0	1	0	0	0	1
3941_sub12	0	1	0	1	0	0	0	1
3942_sub0	1	21	12	9	11	9	1	0
3942_sub1	0	1	0	1	0	0	0	1
3942_sub2	0	1	1	0	0	0	1	0
3942_sub3	0	1	1	0	0	0	1	0
3942_sub4	0	1	0	1	0	0	0	1
3942_sub5	0	1	0	1	0	0	0	1
3946_sub0	0	1	0	1	0	0	0	1
3946_sub1	1	17	11	6	11	6	0	0
3946_sub2	0	1	1	0	0	0	1	0
3946_sub3	0	1	1	0	0	0	1	0
395_sub0	0	1	1	0	0	0	1	0
395_sub1	0	1	0	1	0	0	0	1
395_sub2	0	1	0	1	0	0	0	1
395_sub3	1	17	12	5	12	5	0	0
395_sub4	0	1	0	1	0	0	0	1
395_sub5	0	1	0	1	0	0	0	1
395_sub6	0	1	1	0	0	0	1	0
3953_sub0	0	1	1	0	0	0	1	0
3953_sub1	1	16	8	8	8	8	0	0
3953_sub2	0	1	0	1	0	0	0	1
3953_sub3	0	1	0	1	0	0	0	1
3958_sub0	0	2	0	2	0	0	0	2
3958_sub1	1	11	4	7	4	7	0	0
3958_sub2	0	1	1	0	0	0	1	0
3958_sub3	0	1	1	0	0	0	1	0
3958_sub4	0	1	0	1	0	0	0	1
3958_sub5	0	1	0	1	0	0	0	1
3962_sub0	0	1	0	1	0	0	0	1
3962_sub1	0	1	1	0	0	0	1	0
3962_sub2	0	1	0	1	0	0	0	1
3962_sub3	0	1	1	0	0	0	1	0
3962_sub4	0	2	1	1	0	0	1	1
3962_sub5	0	1	0	1	0	0	0	1
3962_sub6	0	1	1	0	0	0	1	0
3964_sub0	1	12	5	7	5	7	0	0
3964_sub1	0	1	0	1	0	0	0	1
3964_sub2	0	1	0	1	0	0	0	1
3964_sub3	0	1	1	0	0	0	1	0
3964_sub4	0	1	0	1	0	0	0	1
3964_sub5	0	1	0	1	0	0	0	1
3964_sub6	0	1	1	0	0	0	1	0
3964_sub7	0	1	1	0	0	0	1	0
3966_sub0	1	20	6	14	6	14	0	0
3966_sub1	0	1	0	1	0	0	0	1
3966_sub2	0	1	0	1	0	0	0	1
3966_sub3	0	1	1	0	0	0	1	0
3966_sub4	0	1	1	0	0	0	1	0
3968_sub0	0	1	0	1	0	0	0	1
3968_sub1	1	9	1	8	1	8	0	0
3968_sub2	0	1	0	1	0	0	0	1
39689_sub0	0	1	1	0	0	0	1	0
39689_sub1	1	9	6	3	6	3	0	0
3969_sub0	0	1	1	0	0	0	1	0
3969_sub1	1	13	10	3	10	3	0	0
397_sub0	0	1	0	1	0	0	0	1
397_sub1	0	1	1	0	0	0	1	0
397_sub2	0	1	1	0	0	0	1	0
397_sub3	0	1	1	0	0	0	1	0
397_sub4	0	1	1	0	0	0	1	0
397_sub5	0	1	0	1	0	0	0	1
3974_sub0	0	1	1	0	0	0	1	0
3974_sub1	1	22	9	13	9	11	0	2
3974_sub2	0	1	0	1	0	0	0	1
3978_sub0	0	1	1	0	0	0	1	0
3978_sub1	0	1	1	0	0	0	1	0
3978_sub2	0	1	1	0	0	0	1	0
3978_sub3	1	24	14	10	10	10	4	0
3978_sub4	0	1	1	0	0	0	1	0
3979_sub0	1	19	8	11	8	11	0	0
3979_sub1	0	1	0	1	0	0	0	1
3979_sub2	0	1	1	0	0	0	1	0
3979_sub3	0	1	1	0	0	0	1	0
3979_sub4	0	1	1	0	0	0	1	0
3979_sub5	0	1	1	0	0	0	1	0
3985_sub0	0	1	1	0	0	0	1	0
3985_sub1	0	1	0	1	0	0	0	1
3985_sub2	0	1	1	0	0	0	1	0
3985_sub3	0	1	0	1	0	0	0	1
3985_sub4	0	1	0	1	0	0	0	1
3985_sub5	0	1	1	0	0	0	1	0
3987_sub0	0	1	0	1	0	0	0	1
3987_sub1	0	1	0	1	0	0	0	1
3987_sub2	0	1	0	1	0	0	0	1
3987_sub3	0	1	0	1	0	0	0	1
3987_sub4	0	1	1	0	0	0	1	0
3987_sub5	0	1	1	0	0	0	1	0
3988_sub0	1	13	5	8	5	8	0	0
3988_sub1	0	1	0	1	0	0	0	1
3988_sub2	0	1	1	0	0	0	1	0
3988_sub3	0	1	1	0	0	0	1	0
3990_sub0	1	14	7	7	7	7	0	0
3990_sub1	0	1	0	1	0	0	0	1
3990_sub2	0	1	0	1	0	0	0	1
3990_sub3	0	1	0	1	0	0	0	1
3990_sub4	0	1	0	1	0	0	0	1
3990_sub5	0	1	0	1	0	0	0	1
3990_sub6	0	1	0	1	0	0	0	1
3991_sub0	0	1	0	1	0	0	0	1
3991_sub1	0	2	0	2	0	0	0	2
3991_sub2	0	1	0	1	0	0	0	1
3991_sub3	0	1	0	1	0	0	0	1
3991_sub4	0	1	0	1	0	0	0	1
3992_sub0	1	12	5	7	5	7	0	0
3992_sub1	0	1	0	1	0	0	0	1
3992_sub2	0	1	1	0	0	0	1	0
3992_sub3	0	1	1	0	0	0	1	0
39978_sub0	0	1	0	1	0	0	0	1
39978_sub1	1	14	7	7	7	7	0	0
39978_sub2	0	1	1	0	0	0	1	0
4000_sub0	0	1	0	1	0	0	0	1
4000_sub1	0	1	0	1	0	0	0	1
4000_sub2	0	1	0	1	0	0	0	1
4000_sub3	0	1	1	0	0	0	1	0
4000_sub4	0	1	0	1	0	0	0	1
4000_sub5	0	1	1	0	0	0	1	0
4000_sub6	0	1	0	1	0	0	0	1
4001_sub0	0	1	0	1	0	0	0	1
4001_sub1	0	1	0	1	0	0	0	1
4001_sub2	0	3	2	1	0	0	2	1
4001_sub3	0	1	1	0	0	0	1	0
4001_sub4	0	1	1	0	0	0	1	0
4001_sub5	0	1	0	1	0	0	0	1
4001_sub6	0	1	1	0	0	0	1	0
4001_sub7	0	1	0	1	0	0	0	1
4001_sub8	0	1	1	0	0	0	1	0
4007_sub0	0	1	0	1	0	0	0	1
4007_sub1	0	1	0	1	0	0	0	1
4007_sub2	0	1	1	0	0	0	1	0
4007_sub3	0	1	1	0	0	0	1	0
4007_sub4	0	1	0	1	0	0	0	1
4007_sub5	0	1	1	0	0	0	1	0
4010_sub0	0	1	0	1	0	0	0	1
4010_sub1	1	7	4	3	4	3	0	0
4010_sub2	0	1	1	0	0	0	1	0
4010_sub3	0	1	1	0	0	0	1	0
4016_sub0	0	1	1	0	0	0	1	0
4016_sub1	1	14	3	11	3	11	0	0
4016_sub2	0	1	1	0	0	0	1	0
4016_sub3	0	1	0	1	0	0	0	1
4019_sub0	1	11	2	9	2	9	0	0
4019_sub1	0	1	0	1	0	0	0	1
402_sub0	0	1	0	1	0	0	0	1
402_sub1	0	1	0	1	0	0	0	1
402_sub2	0	1	0	1	0	0	0	1
402_sub3	1	25	14	11	10	10	4	1
402_sub4	0	1	1	0	0	0	1	0
402_sub5	0	1	1	0	0	0	1	0
402_sub6	0	1	1	0	0	0	1	0
4022_sub0	0	1	0	1	0	0	0	1
4022_sub1	0	1	0	1	0	0	0	1
4022_sub2	0	1	1	0	0	0	1	0
4022_sub3	0	1	0	1	0	0	0	1
4022_sub4	0	1	1	0	0	0	1	0
4022_sub5	0	1	0	1	0	0	0	1
4023_sub0	0	1	0	1	0	0	0	1
4023_sub1	0	1	0	1	0	0	0	1
4023_sub2	1	18	8	10	8	10	0	0
4023_sub3	0	1	1	0	0	0	1	0
4023_sub4	0	1	0	1	0	0	0	1
40260_sub0	1	22	12	10	10	10	2	0
40260_sub1	0	1	0	1	0	0	0	1
40260_sub2	0	1	0	1	0	0	0	1
40260_sub3	0	1	0	1	0	0	0	1
40260_sub4	0	1	0	1	0	0	0	1
40260_sub5	0	1	0	1	0	0	0	1
40260_sub6	0	1	0	1	0	0	0	1
4028_sub0	1	20	9	11	9	11	0	0
4028_sub1	0	1	1	0	0	0	1	0
4028_sub2	0	1	0	1	0	0	0	1
4028_sub3	0	1	1	0	0	0	1	0
4028_sub4	0	1	1	0	0	0	1	0
4028_sub5	0	1	0	1	0	0	0	1
403_sub0	0	1	0	1	0	0	0	1
403_sub1	1	7	6	1	6	1	0	0
403_sub2	0	2	1	1	0	0	1	1
4030_sub0	0	1	0	1	0	0	0	1
4030_sub1	0	1	0	1	0	0	0	1
4030_sub2	0	1	0	1	0	0	0	1
4030_sub3	0	1	1	0	0	0	1	0
4030_sub4	0	1	0	1	0	0	0	1
4030_sub5	0	1	0	1	0	0	0	1
4030_sub6	0	1	1	0	0	0	1	0
4030_sub7	0	1	0	1	0	0	0	1
4032_sub0	0	1	0	1	0	0	0	1
4032_sub1	0	5	2	3	0	0	2	3
4032_sub2	0	1	0	1	0	0	0	1
4032_sub3	0	1	1	0	0	0	1	0
4035_sub0	1	19	7	12	7	12	0	0
4035_sub1	0	1	1	0	0	0	1	0
4035_sub2	0	1	0	1	0	0	0	1
4035_sub3	0	1	1	0	0	0	1	0
4035_sub4	0	1	0	1	0	0	0	1
4035_sub5	0	1	0	1	0	0	0	1
4035_sub6	0	1	1	0	0	0	1	0
4035_sub7	0	1	1	0	0	0	1	0
4037_sub0	1	11	4	7	4	7	0	0
4037_sub1	0	1	0	1	0	0	0	1
4037_sub2	0	1	0	1	0	0	0	1
4037_sub3	0	1	1	0	0	0	1	0
4037_sub4	0	1	0	1	0	0	0	1
4037_sub5	0	1	0	1	0	0	0	1
4038_sub0	1	23	8	15	8	12	0	3
4038_sub1	0	1	0	1	0	0	0	1
4038_sub2	0	1	0	1	0	0	0	1
4038_sub3	0	1	0	1	0	0	0	1
4038_sub4	0	1	0	1	0	0	0	1
4038_sub5	0	1	0	1	0	0	0	1
4038_sub6	0	1	1	0	0	0	1	0
4041_sub0	0	1	0	1	0	0	0	1
4041_sub1	1	18	9	9	9	9	0	0
4041_sub2	0	1	0	1	0	0	0	1
4041_sub3	0	1	1	0	0	0	1	0
4046_sub0	1	17	8	9	8	9	0	0
4046_sub1	0	1	1	0	0	0	1	0
4046_sub2	0	1	1	0	0	0	1	0
4053_sub0	0	1	0	1	0	0	0	1
4053_sub1	0	1	0	1	0	0	0	1
4053_sub2	1	15	8	7	8	7	0	0
4053_sub3	0	1	1	0	0	0	1	0
4053_sub4	0	1	1	0	0	0	1	0
4053_sub5	0	1	0	1	0	0	0	1
4053_sub6	0	1	1	0	0	0	1	0
4053_sub7	0	1	1	0	0	0	1	0
4053_sub8	0	1	0	1	0	0	0	1
4058_sub0	1	28	12	16	10	10	2	6
4058_sub1	0	1	0	1	0	0	0	1
4058_sub2	0	1	1	0	0	0	1	0
4058_sub3	0	1	1	0	0	0	1	0
4058_sub4	0	1	0	1	0	0	0	1
4058_sub5	0	1	1	0	0	0	1	0
4058_sub6	0	1	1	0	0	0	1	0
4058_sub7	0	1	1	0	0	0	1	0
4058_sub8	0	1	1	0	0	0	1	0
4058_sub9	0	1	0	1	0	0	0	1
4060_sub0	0	1	0	1	0	0	0	1
4060_sub1	0	1	0	1	0	0	0	1
4060_sub2	0	1	1	0	0	0	1	0
4060_sub3	0	1	0	1	0	0	0	1
4060_sub4	0	1	1	0	0	0	1	0
4060_sub5	0	1	0	1	0	0	0	1
4060_sub6	0	1	1	0	0	0	1	0
4064_sub0	0	1	0	1	0	0	0	1
4064_sub1	1	23	8	15	8	12	0	3
4066_sub0	1	15	6	9	6	9	0	0
4066_sub1	0	1	0	1	0	0	0	1
4066_sub2	0	1	0	1	0	0	0	1
4071_sub0	0	1	0	1	0	0	0	1
4071_sub1	0	1	0	1	0	0	0	1
4071_sub2	0	1	1	0	0	0	1	0
4071_sub3	0	1	0	1	0	0	0	1
4071_sub4	0	1	1	0	0	0	1	0
4071_sub5	0	1	0	1	0	0	0	1
4071_sub6	0	1	1	0	0	0	1	0
4071_sub7	0	1	1	0	0	0	1	0
4073_sub0	0	1	0	1	0	0	0	1
4073_sub1	0	1	1	0	0	0	1	0
4073_sub2	1	13	6	7	6	7	0	0
4073_sub3	0	1	0	1	0	0	0	1
4076_sub0	0	1	0	1	0	0	0	1
4076_sub1	1	10	7	3	7	3	0	0
40779_sub0	0	1	1	0	0	0	1	0
40779_sub1	0	1	1	0	0	0	1	0
40779_sub2	0	1	1	0	0	0	1	0
40779_sub3	0	1	1	0	0	0	1	0
40779_sub4	0	1	1	0	0	0	1	0
40779_sub5	0	1	1	0	0	0	1	0
40779_sub6	0	1	1	0	0	0	1	0
40779_sub7	0	1	1	0	0	0	1	0
4078_sub0	1	11	5	6	5	6	0	0
4078_sub1	0	1	1	0	0	0	1	0
4078_sub2	0	1	1	0	0	0	1	0
4078_sub3	0	1	1	0	0	0	1	0
4078_sub4	0	1	0	1	0	0	0	1
4080_sub0	0	1	0	1	0	0	0	1
4080_sub1	0	1	1	0	0	0	1	0
4080_sub2	0	1	1	0	0	0	1	0
4080_sub3	0	1	1	0	0	0	1	0
4080_sub4	0	1	1	0	0	0	1	0
4080_sub5	0	1	0	1	0	0	0	1
4085_sub0	0	1	0	1	0	0	0	1
4085_sub1	0	1	1	0	0	0	1	0
4085_sub2	1	10	6	4	6	4	0	0
4085_sub3	0	1	1	0	0	0	1	0
4085_sub4	0	1	1	0	0	0	1	0
4089_sub0	0	1	1	0	0	0	1	0
4089_sub1	0	1	0	1	0	0	0	1
4089_sub2	1	10	5	5	5	5	0	0
4089_sub3	0	1	1	0	0	0	1	0
4089_sub4	0	1	0	1	0	0	0	1
409_sub0	0	1	0	1	0	0	0	1
409_sub1	1	25	12	13	10	10	2	3
409_sub2	0	1	0	1	0	0	0	1
409_sub3	0	1	0	1	0	0	0	1
40906_sub0	1	13	8	5	8	5	0	0
40925_sub0	1	22	9	13	9	11	0	2
40928_sub0	0	1	1	0	0	0	1	0
40928_sub1	1	19	10	9	10	9	0	0
40962_sub0	1	16	8	8	8	8	0	0
40962_sub1	0	1	1	0	0	0	1	0
40962_sub2	0	1	1	0	0	0	1	0
40962_sub3	0	1	1	0	0	0	1	0
4100_sub0	1	11	4	7	4	7	0	0
4100_sub1	0	1	1	0	0	0	1	0
4100_sub2	0	1	1	0	0	0	1	0
41018_sub0	1	13	7	6	7	6	0	0
4102_sub0	1	12	8	4	8	4	0	0
4102_sub1	0	1	0	1	0	0	0	1
4102_sub2	0	1	0	1	0	0	0	1
4102_sub3	0	1	1	0	0	0	1	0
4102_sub4	0	1	0	1	0	0	0	1
41027_sub0	1	11	3	8	3	8	0	0
41029_sub0	0	1	0	1	0	0	0	1
41029_sub1	1	15	9	6	9	6	0	0
41029_sub2	0	2	1	1	0	0	1	1
41055_sub0	0	1	0	1	0	0	0	1
41055_sub1	0	1	0	1	0	0	0	1
41055_sub2	0	1	0	1	0	0	0	1
41055_sub3	0	1	0	1	0	0	0	1
41055_sub4	0	1	0	1	0	0	0	1
41055_sub5	0	1	0	1	0	0	0	1
4106_sub0	0	1	0	1	0	0	0	1
4106_sub1	0	1	0	1	0	0	0	1
4106_sub2	0	1	0	1	0	0	0	1
4106_sub3	0	1	0	1	0	0	0	1
4106_sub4	0	1	1	0	0	0	1	0
4106_sub5	0	1	0	1	0	0	0	1
4106_sub6	0	1	0	1	0	0	0	1
4107_sub0	0	1	1	0	0	0	1	0
4107_sub1	1	18	6	12	6	12	0	0
4107_sub2	0	1	1	0	0	0	1	0
4107_sub3	0	1	1	0	0	0	1	0
4110_sub0	0	1	1	0	0	0	1	0
4110_sub1	0	1	0	1	0	0	0	1
4110_sub2	1	27	12	15	10	10	2	5
4110_sub3	0	1	1	0	0	0	1	0
4110_sub4	0	1	0	1	0	0	0	1
4110_sub5	0	1	1	0	0	0	1	0
4110_sub6	0	1	1	0	0	0	1	0
41119_sub0	1	26	13	13	10	10	3	3
41119_sub1	0	1	0	1	0	0	0	1
41119_sub2	0	1	0	1	0	0	0	1
41119_sub3	0	1	1	0	0	0	1	0
41119_sub4	0	1	1	0	0	0	1	0
41119_sub5	0	1	0	1	0	0	0	1
41131_sub0	0	5	2	3	0	0	2	3
41131_sub1	0	1	0	1	0	0	0	1
4114_sub0	0	1	0	1	0	0	0	1
4114_sub1	0	1	1	0	0	0	1	0
4114_sub2	1	12	3	9	3	9	0	0
4114_sub3	0	1	0	1	0	0	0	1
412_sub0	0	1	0	1	0	0	0	1
412_sub1	0	1	1	0	0	0	1	0
412_sub2	0	1	0	1	0	0	0	1
412_sub3	1	26	16	10	10	10	6	0
412_sub4	0	1	0	1	0	0	0	1
412_sub5	0	1	1	0	0	0	1	0
412_sub6	0	1	1	0	0	0	1	0
412_sub7	0	1	1	0	0	0	1	0
41207_sub0	0	1	1	0	0	0	1	0
41207_sub1	1	13	9	4	9	4	0	0
41207_sub2	0	1	0	1	0	0	0	1
41262_sub0	1	9	3	6	3	6	0	0
41262_sub1	0	1	1	0	0	0	1	0
41262_sub2	0	1	1	0	0	0	1	0
41262_sub3	0	1	1	0	0	0	1	0
4131_sub0	1	8	4	4	4	4	0	0
4131_sub1	0	1	0	1	0	0	0	1
4131_sub2	0	1	1	0	0	0	1	0
4133_sub0	0	1	0	1	0	0	0	1
4133_sub1	0	1	0	1	0	0	0	1
4133_sub2	0	1	0	1	0	0	0	1
4133_sub3	0	1	1	0	0	0	1	0
4133_sub4	0	1	1	0	0	0	1	0
4133_sub5	0	1	1	0	0	0	1	0
41330_sub0	0	1	0	1	0	0	0	1
41330_sub1	1	20	15	5	15	5	0	0
41330_sub2	0	1	0	1	0	0	0	1
41330_sub3	0	1	1	0	0	0	1	0
41333_sub0	0	1	0	1	0	0	0	1
41333_sub1	1	11	5	6	5	6	0	0
41333_sub2	0	1	0	1	0	0	0	1
4139_sub0	1	11	3	8	3	8	0	0
4139_sub1	0	1	0	1	0	0	0	1
4139_sub2	0	1	1	0	0	0	1	0
414_sub0	0	1	0	1	0	0	0	1
414_sub1	1	15	5	10	5	10	0	0
414_sub2	0	1	0	1	0	0	0	1
414_sub3	0	1	0	1	0	0	0	1
414_sub4	0	1	0	1	0	0	0	1
414_sub5	0	1	0	1	0	0	0	1
414_sub6	0	1	0	1	0	0	0	1
4146_sub0	0	1	1	0	0	0	1	0
4146_sub1	0	1	1	0	0	0	1	0
4146_sub2	1	12	5	7	5	7	0	0
4146_sub3	0	1	1	0	0	0	1	0
4147_sub0	0	1	1	0	0	0	1	0
4147_sub1	1	15	11	4	11	4	0	0
4147_sub2	0	1	0	1	0	0	0	1
4147_sub3	0	1	1	0	0	0	1	0
4147_sub4	0	1	0	1	0	0	0	1
4147_sub5	0	1	0	1	0	0	0	1
4147_sub6	0	1	0	1	0	0	0	1
4147_sub7	0	1	0	1	0	0	0	1
4148_sub0	0	1	0	1	0	0	0	1
4148_sub1	1	16	9	7	9	7	0	0
4148_sub2	0	1	0	1	0	0	0	1
4148_sub3	0	1	0	1	0	0	0	1
41486_sub0	0	1	0	1	0	0	0	1
41486_sub1	0	1	0	1	0	0	0	1
41486_sub2	0	1	1	0	0	0	1	0
41486_sub3	0	1	1	0	0	0	1	0
41486_sub4	0	1	1	0	0	0	1	0
41486_sub5	0	1	1	0	0	0	1	0
41486_sub6	0	1	1	0	0	0	1	0
415_sub0	0	1	1	0	0	0	1	0
415_sub1	1	7	3	4	3	4	0	0
415_sub2	0	1	1	0	0	0	1	0
4151_sub0	0	1	0	1	0	0	0	1
4151_sub1	0	1	1	0	0	0	1	0
4151_sub2	0	1	1	0	0	0	1	0
4151_sub3	0	1	1	0	0	0	1	0
4151_sub4	0	1	0	1	0	0	0	1
4151_sub5	0	1	1	0	0	0	1	0
4151_sub6	0	1	1	0	0	0	1	0
4151_sub7	0	1	0	1	0	0	0	1
4153_sub0	0	1	0	1	0	0	0	1
4153_sub1	0	1	0	1	0	0	0	1
4153_sub2	0	1	1	0	0	0	1	0
4153_sub3	0	2	1	1	0	0	1	1
4153_sub4	0	1	1	0	0	0	1	0
4153_sub5	0	1	0	1	0	0	0	1
4154_sub0	0	1	1	0	0	0	1	0
4154_sub1	1	16	12	4	12	4	0	0
4154_sub2	0	1	0	1	0	0	0	1
4154_sub3	0	1	0	1	0	0	0	1
4154_sub4	0	1	0	1	0	0	0	1
4167_sub0	1	13	6	7	6	7	0	0
4167_sub1	0	1	1	0	0	0	1	0
4167_sub2	0	1	1	0	0	0	1	0
4167_sub3	0	1	1	0	0	0	1	0
4167_sub4	0	1	0	1	0	0	0	1
4167_sub5	0	1	0	1	0	0	0	1
4167_sub6	0	1	0	1	0	0	0	1
4167_sub7	0	1	0	1	0	0	0	1
41677_sub0	0	1	1	0	0	0	1	0
41677_sub1	0	2	1	1	0	0	1	1
41677_sub2	0	1	1	0	0	0	1	0
41677_sub3	0	1	0	1	0	0	0	1
41677_sub4	0	1	0	1	0	0	0	1
4168_sub0	1	15	7	8	7	8	0	0
4168_sub1	0	1	0	1	0	0	0	1
4168_sub2	0	1	1	0	0	0	1	0
4168_sub3	0	1	1	0	0	0	1	0
4168_sub4	0	1	1	0	0	0	1	0
4168_sub5	0	1	0	1	0	0	0	1
4169_sub0	1	16	8	8	8	8	0	0
4169_sub1	0	1	1	0	0	0	1	0
4169_sub2	0	1	1	0	0	0	1	0
4170_sub0	0	1	0	1	0	0	0	1
4170_sub1	1	7	3	4	3	4	0	0
4170_sub2	0	1	0	1	0	0	0	1
4170_sub3	0	1	0	1	0	0	0	1
4173_sub0	0	1	1	0	0	0	1	0
4173_sub1	1	16	9	7	9	7	0	0
4173_sub2	0	1	1	0	0	0	1	0
4174_sub0	1	7	2	5	2	5	0	0
4174_sub1	0	1	0	1	0	0	0	1
4174_sub2	0	1	0	1	0	0	0	1
4174_sub3	0	1	1	0	0	0	1	0
41743_sub0	1	8	5	3	5	3	0	0
41749_sub0	0	1	0	1	0	0	0	1
41749_sub1	0	1	0	1	0	0	0	1
41749_sub2	0	1	0	1	0	0	0	1
41749_sub3	0	1	0	1	0	0	0	1
41749_sub4	0	1	1	0	0	0	1	0
41749_sub5	0	1	0	1	0	0	0	1
41819_sub0	0	5	3	2	0	0	3	2
41819_sub1	0	1	1	0	0	0	1	0
4186_sub0	1	16	5	11	5	11	0	0
4186_sub1	0	1	0	1	0	0	0	1
4186_sub2	0	1	1	0	0	0	1	0
4186_sub3	0	1	1	0	0	0	1	0
4186_sub4	0	1	0	1	0	0	0	1
41868_sub0	0	1	1	0	0	0	1	0
41868_sub1	1	6	6	0	6	0	0	0
41933_sub0	0	1	1	0	0	0	1	0
41933_sub1	0	1	1	0	0	0	1	0
41933_sub2	0	1	0	1	0	0	0	1
41933_sub3	0	1	1	0	0	0	1	0
41933_sub4	1	10	5	5	5	5	0	0
41933_sub5	0	1	1	0	0	0	1	0
41933_sub6	0	1	1	0	0	0	1	0
4195_sub0	1	25	12	13	10	10	2	3
4195_sub1	0	1	1	0	0	0	1	0
4195_sub2	0	1	0	1	0	0	0	1
4195_sub3	0	1	0	1	0	0	0	1
4195_sub4	0	1	0	1	0	0	0	1
4195_sub5	0	1	1	0	0	0	1	0
4195_sub6	0	1	1	0	0	0	1	0
4195_sub7	0	1	0	1	0	0	0	1
4195_sub8	0	1	0	1	0	0	0	1
4198_sub0	1	9	3	6	3	6	0	0
4198_sub1	0	1	1	0	0	0	1	0
4198_sub2	0	1	1	0	0	0	1	0
4198_sub3	0	1	1	0	0	0	1	0
4198_sub4	0	1	0	1	0	0	0	1
4199_sub0	1	15	7	8	7	8	0	0
4199_sub1	0	1	1	0	0	0	1	0
4199_sub2	0	1	0	1	0	0	0	1
4199_sub3	0	1	1	0	0	0	1	0
4199_sub4	0	1	0	1	0	0	0	1
4199_sub5	0	1	0	1	0	0	0	1
4199_sub6	0	1	1	0	0	0	1	0
4199_sub7	0	1	0	1	0	0	0	1
4204_sub0	0	1	0	1	0	0	0	1
4204_sub1	0	1	0	1	0	0	0	1
4204_sub2	0	1	0	1	0	0	0	1
4204_sub3	0	1	1	0	0	0	1	0
4204_sub4	0	2	0	2	0	0	0	2
4211_sub0	1	20	6	14	6	14	0	0
4211_sub1	0	1	0	1	0	0	0	1
4211_sub2	0	1	1	0	0	0	1	0
4211_sub3	0	1	0	1	0	0	0	1
4211_sub4	0	1	1	0	0	0	1	0
4218_sub0	0	1	0	1	0	0	0	1
4218_sub1	1	10	5	5	5	5	0	0
4219_sub0	0	2	0	2	0	0	0	2
4219_sub1	1	28	12	16	10	10	2	6
4219_sub2	0	1	0	1	0	0	0	1
4219_sub3	0	1	0	1	0	0	0	1
422_sub0	0	1	1	0	0	0	1	0
422_sub1	1	16	9	7	9	7	0	0
422_sub2	0	1	1	0	0	0	1	0
422_sub3	0	1	0	1	0	0	0	1
422_sub4	0	1	0	1	0	0	0	1
4221_sub0	1	22	15	7	13	7	2	0
4221_sub1	0	1	0	1	0	0	0	1
42213_sub0	1	8	6	2	6	2	0	0
42213_sub1	0	1	1	0	0	0	1	0
42213_sub2	0	1	1	0	0	0	1	0
42213_sub3	0	1	1	0	0	0	1	0
42213_sub4	0	1	1	0	0	0	1	0
4223_sub0	0	1	0	1	0	0	0	1
4223_sub1	0	5	3	2	0	0	3	2
4223_sub2	0	1	1	0	0	0	1	0
4223_sub3	0	1	1	0	0	0	1	0
4223_sub4	0	1	1	0	0	0	1	0
4223_sub5	0	1	0	1	0	0	0	1
4227_sub0	1	28	15	13	10	10	5	3
4227_sub1	0	1	0	1	0	0	0	1
4227_sub2	0	1	1	0	0	0	1	0
4227_sub3	0	1	1	0	0	0	1	0
4227_sub4	0	1	0	1	0	0	0	1
4227_sub5	0	1	1	0	0	0	1	0
4227_sub6	0	1	0	1	0	0	0	1
4229_sub0	1	17	6	11	6	11	0	0
4229_sub1	0	1	0	1	0	0	0	1
4231_sub0	1	30	17	13	10	10	7	3
4231_sub1	0	1	0	1	0	0	0	1
4231_sub2	0	1	0	1	0	0	0	1
4231_sub3	0	1	0	1	0	0	0	1
4231_sub4	0	1	1	0	0	0	1	0
4231_sub5	0	1	1	0	0	0	1	0
4231_sub6	0	1	0	1	0	0	0	1
4231_sub7	0	1	0	1	0	0	0	1
4231_sub8	0	1	1	0	0	0	1	0
4238_sub0	1	8	4	4	4	4	0	0
4238_sub1	0	1	1	0	0	0	1	0
4239_sub0	0	1	0	1	0	0	0	1
4239_sub1	0	1	1	0	0	0	1	0
4239_sub2	0	1	0	1	0	0	0	1
4239_sub3	1	22	10	12	10	10	0	2
4239_sub4	0	1	0	1	0	0	0	1
4239_sub5	0	1	1	0	0	0	1	0
4239_sub6	0	1	1	0	0	0	1	0
424_sub0	0	1	1	0	0	0	1	0
424_sub1	0	3	3	0	0	0	3	0
424_sub2	0	1	0	1	0	0	0	1
424_sub3	0	1	1	0	0	0	1	0
4241_sub0	0	1	0	1	0	0	0	1
4241_sub1	1	32	17	15	10	10	7	5
4241_sub2	0	1	0	1	0	0	0	1
4241_sub3	0	1	0	1	0	0	0	1
4241_sub4	0	1	1	0	0	0	1	0
4243_sub0	1	21	14	7	13	7	1	0
4243_sub1	0	1	0	1	0	0	0	1
4244_sub0	1	6	3	3	3	3	0	0
4245_sub0	1	16	7	9	7	9	0	0
4245_sub1	0	1	0	1	0	0	0	1
4245_sub2	0	1	1	0	0	0	1	0
4245_sub3	0	1	1	0	0	0	1	0
4245_sub4	0	1	0	1	0	0	0	1
4250_sub0	1	8	3	5	3	5	0	0
4250_sub1	0	1	0	1	0	0	0	1
4250_sub2	0	1	0	1	0	0	0	1
4252_sub0	1	12	5	7	5	7	0	0
4252_sub1	0	1	0	1	0	0	0	1
4259_sub0	1	20	10	10	10	10	0	0
4259_sub1	0	1	0	1	0	0	0	1
4259_sub2	0	1	1	0	0	0	1	0
4259_sub3	0	1	0	1	0	0	0	1
426_sub0	0	1	0	1	0	0	0	1
426_sub1	0	1	1	0	0	0	1	0
426_sub2	0	1	0	1	0	0	0	1
426_sub3	1	8	3	5	3	5	0	0
4260_sub0	1	14	6	8	6	8	0	0
4260_sub1	0	1	0	1	0	0	0	1
4260_sub2	0	1	1	0	0	0	1	0
4260_sub3	0	1	0	1	0	0	0	1
4261_sub0	0	1	1	0	0	0	1	0
4261_sub1	1	18	11	7	11	7	0	0
4261_sub2	0	1	0	1	0	0	0	1
4261_sub3	0	1	0	1	0	0	0	1
4263_sub0	1	8	4	4	4	4	0	0
4263_sub1	0	1	0	1	0	0	0	1
4263_sub2	0	1	1	0	0	0	1	0
4263_sub3	0	1	1	0	0	0	1	0
4264_sub0	1	18	9	9	9	9	0	0
4264_sub1	0	1	0	1	0	0	0	1
4264_sub2	0	1	1	0	0	0	1	0
4264_sub3	0	1	0	1	0	0	0	1
4264_sub4	0	1	1	0	0	0	1	0
4265_sub0	0	1	1	0	0	0	1	0
4265_sub1	1	10	4	6	4	6	0	0
4265_sub2	0	1	0	1	0	0	0	1
4268_sub0	1	17	8	9	8	9	0	0
4268_sub1	0	1	0	1	0	0	0	1
4268_sub2	0	1	0	1	0	0	0	1
4268_sub3	0	1	0	1	0	0	0	1
4269_sub0	0	1	1	0	0	0	1	0
4269_sub1	1	11	9	2	9	2	0	0
427_sub0	0	1	0	1	0	0	0	1
427_sub1	0	1	0	1	0	0	0	1
427_sub2	0	1	0	1	0	0	0	1
427_sub3	1	7	3	4	3	4	0	0
427_sub4	0	1	0	1	0	0	0	1
427_sub5	0	1	0	1	0	0	0	1
427_sub6	0	1	0	1	0	0	0	1
4271_sub0	1	13	8	5	8	5	0	0
4271_sub1	0	1	0	1	0	0	0	1
4271_sub2	0	1	1	0	0	0	1	0
4271_sub3	0	1	0	1	0	0	0	1
4271_sub4	0	1	1	0	0	0	1	0
4271_sub5	0	1	0	1	0	0	0	1
4274_sub0	1	28	15	13	10	10	5	3
4274_sub1	0	1	0	1	0	0	0	1
4274_sub2	0	1	0	1	0	0	0	1
4276_sub0	1	28	18	10	10	10	8	0
4276_sub1	0	1	0	1	0	0	0	1
4276_sub2	0	1	0	1	0	0	0	1
4279_sub0	0	1	0	1	0	0	0	1
4279_sub1	1	14	7	7	7	7	0	0
4279_sub2	0	1	1	0	0	0	1	0
4279_sub3	0	1	1	0	0	0	1	0
4281_sub0	0	1	0	1	0	0	0	1
4281_sub1	0	1	0	1	0	0	0	1
4281_sub2	0	2	0	2	0	0	0	2
4281_sub3	0	1	0	1	0	0	0	1
4281_sub4	0	1	1	0	0	0	1	0
4281_sub5	0	1	1	0	0	0	1	0
4282_sub0	1	9	6	3	6	3	0	0
4282_sub1	0	1	1	0	0	0	1	0
4282_sub2	0	1	1	0	0	0	1	0
4283_sub0	1	15	6	9	6	9	0	0
42847_sub0	0	1	0	1	0	0	0	1
42847_sub1	0	5	3	2	0	0	3	2
42848_sub0	1	17	10	7	10	7	0	0
42848_sub1	0	1	0	1	0	0	0	1
42848_sub2	0	1	1	0	0	0	1	0
4289_sub0	0	1	0	1	0	0	0	1
4289_sub1	0	1	0	1	0	0	0	1
4289_sub2	0	1	0	1	0	0	0	1
4289_sub3	0	1	0	1	0	0	0	1
4289_sub4	0	1	1	0	0	0	1	0
4289_sub5	0	1	1	0	0	0	1	0
429_sub0	0	1	0	1	0	0	0	1
429_sub1	1	20	12	8	12	8	0	0
429_sub2	0	1	0	1	0	0	0	1
42922_sub0	0	1	1	0	0	0	1	0
42922_sub1	0	2	2	0	0	0	2	0
42922_sub2	0	5	0	5	0	0	0	5
4293_sub0	0	1	0	1	0	0	0	1
4293_sub1	0	1	1	0	0	0	1	0
4293_sub2	1	25	14	11	10	10	4	1
4293_sub3	0	1	1	0	0	0	1	0
4295_sub0	0	1	0	1	0	0	0	1
4295_sub1	0	1	1	0	0	0	1	0
4295_sub2	1	20	9	11	9	11	0	0
4295_sub3	0	1	0	1	0	0	0	1
4295_sub4	0	1	0	1	0	0	0	1
4295_sub5	0	1	1	0	0	0	1	0
4298_sub0	0	1	0	1	0	0	0	1
4298_sub1	1	20	11	9	11	9	0	0
4298_sub2	0	1	1	0	0	0	1	0
43_sub0	0	1	0	1	0	0	0	1
43_sub1	0	1	0	1	0	0	0	1
43_sub2	0	1	0	1	0	0	0	1
43_sub3	0	1	1	0	0	0	1	0
43_sub4	0	1	1	0	0	0	1	0
43_sub5	0	1	1	0	0	0	1	0
430_sub0	0	1	1	0	0	0	1	0
430_sub1	0	1	0	1	0	0	0	1
430_sub2	0	1	0	1	0	0	0	1
430_sub3	0	1	1	0	0	0	1	0
430_sub4	0	1	0	1	0	0	0	1
430_sub5	0	1	1	0	0	0	1	0
4302_sub0	1	16	5	11	5	11	0	0
4302_sub1	0	1	0	1	0	0	0	1
4302_sub2	0	1	0	1	0	0	0	1
4302_sub3	0	1	1	0	0	0	1	0
4302_sub4	0	1	1	0	0	0	1	0
4302_sub5	0	1	0	1	0	0	0	1
4302_sub6	0	1	0	1	0	0	0	1
4302_sub7	0	1	1	0	0	0	1	0
4302_sub8	0	1	0	1	0	0	0	1
4309_sub0	0	1	0	1	0	0	0	1
4309_sub1	0	1	0	1	0	0	0	1
4309_sub2	0	1	0	1	0	0	0	1
4309_sub3	0	1	1	0	0	0	1	0
4309_sub4	0	1	0	1	0	0	0	1
4309_sub5	0	1	0	1	0	0	0	1
4310_sub0	0	1	1	0	0	0	1	0
4310_sub1	0	1	1	0	0	0	1	0
4310_sub2	0	1	0	1	0	0	0	1
4310_sub3	0	1	0	1	0	0	0	1
4310_sub4	0	1	1	0	0	0	1	0
4310_sub5	0	1	1	0	0	0	1	0
4312_sub0	1	30	16	14	10	10	6	4
4312_sub1	0	1	1	0	0	0	1	0
4312_sub2	0	1	1	0	0	0	1	0
4312_sub3	0	1	1	0	0	0	1	0
4312_sub4	0	1	0	1	0	0	0	1
4312_sub5	0	1	0	1	0	0	0	1
4312_sub6	0	1	1	0	0	0	1	0
4313_sub0	0	1	1	0	0	0	1	0
4313_sub1	0	1	0	1	0	0	0	1
4313_sub2	0	1	0	1	0	0	0	1
4313_sub3	0	1	0	1	0	0	0	1
4313_sub4	0	1	1	0	0	0	1	0
4313_sub5	0	1	0	1	0	0	0	1
4313_sub6	0	1	1	0	0	0	1	0
4314_sub0	0	1	0	1	0	0	0	1
4314_sub1	1	15	6	9	6	9	0	0
4314_sub2	0	1	0	1	0	0	0	1
4314_sub3	0	1	0	1	0	0	0	1
4314_sub4	0	1	0	1	0	0	0	1
4316_sub0	0	1	0	1	0	0	0	1
4316_sub1	0	1	1	0	0	0	1	0
4316_sub2	1	14	8	6	8	6	0	0
4318_sub0	0	1	1	0	0	0	1	0
4318_sub1	0	1	1	0	0	0	1	0
4318_sub2	1	23	14	9	11	9	3	0
4330_sub0	1	22	14	8	12	8	2	0
4330_sub1	0	1	0	1	0	0	0	1
4330_sub2	0	1	1	0	0	0	1	0
4330_sub3	0	1	0	1	0	0	0	1
4330_sub4	0	1	0	1	0	0	0	1
4331_sub0	1	15	7	8	7	8	0	0
4331_sub1	0	1	0	1	0	0	0	1
4331_sub2	0	1	0	1	0	0	0	1
4331_sub3	0	1	0	1	0	0	0	1
4331_sub4	0	1	1	0	0	0	1	0
4331_sub5	0	1	0	1	0	0	0	1
4331_sub6	0	1	0	1	0	0	0	1
4331_sub7	0	1	0	1	0	0	0	1
4332_sub0	1	12	8	4	8	4	0	0
4332_sub1	0	1	0	1	0	0	0	1
4332_sub2	0	1	0	1	0	0	0	1
4332_sub3	0	1	0	1	0	0	0	1
4332_sub4	0	1	1	0	0	0	1	0
43321_sub0	1	9	7	2	7	2	0	0
43321_sub1	0	1	0	1	0	0	0	1
43321_sub2	0	1	1	0	0	0	1	0
4337_sub0	1	11	6	5	6	5	0	0
4337_sub1	0	1	1	0	0	0	1	0
4337_sub2	0	1	0	1	0	0	0	1
4337_sub3	0	1	1	0	0	0	1	0
4337_sub4	0	1	0	1	0	0	0	1
4337_sub5	0	1	0	1	0	0	0	1
4346_sub0	1	27	15	12	10	10	5	2
4346_sub1	0	1	1	0	0	0	1	0
4346_sub2	0	1	0	1	0	0	0	1
4346_sub3	0	1	0	1	0	0	0	1
4346_sub4	0	1	1	0	0	0	1	0
4348_sub0	1	14	9	5	9	5	0	0
4348_sub1	0	1	1	0	0	0	1	0
4348_sub2	0	1	1	0	0	0	1	0
435_sub0	0	1	1	0	0	0	1	0
435_sub1	0	1	0	1	0	0	0	1
435_sub2	1	16	5	11	5	11	0	0
4350_sub0	1	23	5	18	5	15	0	3
4350_sub1	0	1	1	0	0	0	1	0
4350_sub2	0	1	1	0	0	0	1	0
4350_sub3	0	1	1	0	0	0	1	0
4350_sub4	0	1	0	1	0	0	0	1
4353_sub0	1	23	14	9	11	9	3	0
4353_sub1	0	1	0	1	0	0	0	1
4353_sub2	0	1	1	0	0	0	1	0
4353_sub3	0	1	0	1	0	0	0	1
4353_sub4	0	1	0	1	0	0	0	1
4359_sub0	0	1	1	0	0	0	1	0
4359_sub1	1	6	2	4	2	4	0	0
4366_sub0	0	1	0	1	0	0	0	1
4366_sub1	0	1	0	1	0	0	0	1
4366_sub2	0	1	1	0	0	0	1	0
4366_sub3	0	1	1	0	0	0	1	0
4366_sub4	0	1	0	1	0	0	0	1
4366_sub5	0	1	0	1	0	0	0	1
4369_sub0	0	1	1	0	0	0	1	0
4369_sub1	1	8	5	3	5	3	0	0
4372_sub0	0	1	0	1	0	0	0	1
4372_sub1	0	1	1	0	0	0	1	0
4372_sub2	0	1	0	1	0	0	0	1
4372_sub3	0	1	0	1	0	0	0	1
4372_sub4	0	1	1	0	0	0	1	0
4372_sub5	0	1	0	1	0	0	0	1
4374_sub0	1	20	8	12	8	12	0	0
4374_sub1	0	1	0	1	0	0	0	1
4374_sub2	0	1	0	1	0	0	0	1
4381_sub0	0	1	1	0	0	0	1	0
4381_sub1	1	14	7	7	7	7	0	0
4383_sub0	1	15	8	7	8	7	0	0
4383_sub1	0	1	1	0	0	0	1	0
4383_sub2	0	1	0	1	0	0	0	1
4383_sub3	0	1	1	0	0	0	1	0
4383_sub4	0	1	1	0	0	0	1	0
4383_sub5	0	1	1	0	0	0	1	0
4383_sub6	0	1	1	0	0	0	1	0
4383_sub7	0	1	0	1	0	0	0	1
4388_sub0	0	1	0	1	0	0	0	1
4388_sub1	0	1	0	1	0	0	0	1
4388_sub2	0	1	1	0	0	0	1	0
4388_sub3	0	1	0	1	0	0	0	1
4388_sub4	0	1	1	0	0	0	1	0
4388_sub5	0	1	0	1	0	0	0	1
4388_sub6	0	1	1	0	0	0	1	0
4388_sub7	0	1	0	1	0	0	0	1
4388_sub8	0	1	0	1	0	0	0	1
4392_sub0	0	1	1	0	0	0	1	0
4392_sub1	1	12	5	7	5	7	0	0
4393_sub0	0	1	0	1	0	0	0	1
4393_sub1	0	5	4	1	0	0	4	1
4393_sub2	0	1	1	0	0	0	1	0
4393_sub3	0	1	1	0	0	0	1	0
4393_sub4	0	1	0	1	0	0	0	1
4405_sub0	1	14	7	7	7	7	0	0
4405_sub1	0	1	1	0	0	0	1	0
4405_sub2	0	1	0	1	0	0	0	1
4405_sub3	0	1	0	1	0	0	0	1
4405_sub4	0	1	0	1	0	0	0	1
4405_sub5	0	1	1	0	0	0	1	0
4413_sub0	0	1	0	1	0	0	0	1
4413_sub1	0	1	0	1	0	0	0	1
4413_sub2	0	1	1	0	0	0	1	0
4413_sub3	0	1	0	1	0	0	0	1
4413_sub4	0	1	0	1	0	0	0	1
4413_sub5	0	1	1	0	0	0	1	0
4413_sub6	0	1	0	1	0	0	0	1
4427_sub0	1	6	4	2	4	2	0	0
4429_sub0	1	15	5	10	5	10	0	0
4429_sub1	0	1	0	1	0	0	0	1
4429_sub2	0	1	1	0	0	0	1	0
4429_sub3	0	1	1	0	0	0	1	0
4429_sub4	0	1	0	1	0	0	0	1
4429_sub5	0	1	1	0	0	0	1	0
4429_sub6	0	1	1	0	0	0	1	0
4429_sub7	0	1	0	1	0	0	0	1
4429_sub8	0	1	1	0	0	0	1	0
4433_sub0	0	1	0	1	0	0	0	1
4433_sub1	0	4	2	2	0	0	2	2
4433_sub2	0	1	1	0	0	0	1	0
4434_sub0	0	1	0	1	0	0	0	1
4434_sub1	0	1	1	0	0	0	1	0
4434_sub2	1	7	5	2	5	2	0	0
4434_sub3	0	1	0	1	0	0	0	1
4435_sub0	1	7	2	5	2	5	0	0
4438_sub0	0	1	0	1	0	0	0	1
4438_sub1	1	16	10	6	10	6	0	0
4438_sub2	0	1	0	1	0	0	0	1
4438_sub3	0	1	0	1	0	0	0	1
4448_sub0	0	1	0	1	0	0	0	1
4448_sub1	0	1	1	0	0	0	1	0
4448_sub2	0	1	1	0	0	0	1	0
4448_sub3	0	1	0	1	0	0	0	1
4448_sub4	0	1	1	0	0	0	1	0
4448_sub5	0	1	1	0	0	0	1	0
4449_sub0	0	1	0	1	0	0	0	1
4449_sub1	0	1	1	0	0	0	1	0
4449_sub2	0	1	1	0	0	0	1	0
4449_sub3	0	1	0	1	0	0	0	1
4449_sub4	0	1	0	1	0	0	0	1
4449_sub5	0	1	0	1	0	0	0	1
4449_sub6	0	1	0	1	0	0	0	1
445_sub0	0	1	1	0	0	0	1	0
445_sub1	0	1	0	1	0	0	0	1
445_sub2	1	10	6	4	6	4	0	0
445_sub3	0	1	0	1	0	0	0	1
445_sub4	0	1	0	1	0	0	0	1
445_sub5	0	1	0	1	0	0	0	1
4453_sub0	1	25	17	8	12	8	5	0
4453_sub1	0	1	1	0	0	0	1	0
4453_sub2	0	1	0	1	0	0	0	1
4453_sub3	0	1	0	1	0	0	0	1
4453_sub4	0	1	1	0	0	0	1	0
4453_sub5	0	1	1	0	0	0	1	0
4453_sub6	0	1	1	0	0	0	1	0
4453_sub7	0	1	1	0	0	0	1	0
4453_sub8	0	1	1	0	0	0	1	0
4453_sub9	0	1	0	1	0	0	0	1
4454_sub0	0	2	1	1	0	0	1	1
4454_sub1	0	2	1	1	0	0	1	1
4454_sub2	0	1	1	0	0	0	1	0
4454_sub3	0	1	1	0	0	0	1	0
446_sub0	0	1	0	1	0	0	0	1
446_sub1	1	11	8	3	8	3	0	0
446_sub2	0	1	0	1	0	0	0	1
446_sub3	0	1	0	1	0	0	0	1
446_sub4	0	1	1	0	0	0	1	0
446_sub5	0	1	0	1	0	0	0	1
446_sub6	0	1	0	1	0	0	0	1
4463_sub0	0	1	0	1	0	0	0	1
4463_sub1	0	1	0	1	0	0	0	1
4463_sub2	0	1	0	1	0	0	0	1
4463_sub3	0	1	1	0	0	0	1	0
4463_sub4	0	1	1	0	0	0	1	0
4463_sub5	0	1	1	0	0	0	1	0
4463_sub6	0	1	1	0	0	0	1	0
4463_sub7	0	1	0	1	0	0	0	1
4474_sub0	0	1	1	0	0	0	1	0
4474_sub1	1	8	3	5	3	5	0	0
4474_sub2	0	1	0	1	0	0	0	1
4474_sub3	0	1	1	0	0	0	1	0
4474_sub4	0	1	0	1	0	0	0	1
4474_sub5	0	1	1	0	0	0	1	0
4475_sub0	1	7	3	4	3	4	0	0
4475_sub1	0	1	0	1	0	0	0	1
4475_sub2	0	1	0	1	0	0	0	1
4475_sub3	0	1	0	1	0	0	0	1
4478_sub0	1	19	6	13	6	13	0	0
4478_sub1	0	1	1	0	0	0	1	0
4483_sub0	0	1	0	1	0	0	0	1
4483_sub1	1	27	15	12	10	10	5	2
4486_sub0	0	1	1	0	0	0	1	0
4486_sub1	1	9	5	4	5	4	0	0
4486_sub2	0	1	1	0	0	0	1	0
4486_sub3	0	1	0	1	0	0	0	1
4493_sub0	0	1	1	0	0	0	1	0
4493_sub1	1	17	5	12	5	12	0	0
4493_sub2	0	1	1	0	0	0	1	0
4494_sub0	1	23	15	8	12	8	3	0
4494_sub1	0	1	1	0	0	0	1	0
4495_sub0	0	1	0	1	0	0	0	1
4495_sub1	1	23	16	7	13	7	3	0
4495_sub2	0	1	0	1	0	0	0	1
4495_sub3	0	1	0	1	0	0	0	1
4495_sub4	0	1	0	1	0	0	0	1
4495_sub5	0	1	0	1	0	0	0	1
4495_sub6	0	1	0	1	0	0	0	1
4496_sub0	0	1	0	1	0	0	0	1
4496_sub1	1	22	9	13	9	11	0	2
4497_sub0	0	1	0	1	0	0	0	1
4497_sub1	1	20	9	11	9	11	0	0
4497_sub2	0	1	0	1	0	0	0	1
4497_sub3	0	1	0	1	0	0	0	1
4498_sub0	0	1	1	0	0	0	1	0
4498_sub1	0	1	0	1	0	0	0	1
4498_sub2	0	1	1	0	0	0	1	0
4498_sub3	0	1	1	0	0	0	1	0
4498_sub4	0	1	0	1	0	0	0	1
4498_sub5	0	1	1	0	0	0	1	0
4498_sub6	0	1	0	1	0	0	0	1
4513_sub0	0	1	0	1	0	0	0	1
4513_sub1	0	1	0	1	0	0	0	1
4513_sub2	0	1	0	1	0	0	0	1
4513_sub3	0	1	0	1	0	0	0	1
4513_sub4	0	1	1	0	0	0	1	0
4513_sub5	0	1	0	1	0	0	0	1
4519_sub0	0	1	0	1	0	0	0	1
4519_sub1	1	10	6	4	6	4	0	0
4519_sub2	0	1	0	1	0	0	0	1
4528_sub0	0	1	0	1	0	0	0	1
4528_sub1	0	1	1	0	0	0	1	0
4528_sub2	0	1	0	1	0	0	0	1
4528_sub3	0	1	1	0	0	0	1	0
4528_sub4	0	1	1	0	0	0	1	0
4528_sub5	0	1	0	1	0	0	0	1
4529_sub0	1	8	4	4	4	4	0	0
4529_sub1	0	1	1	0	0	0	1	0
4529_sub2	0	1	0	1	0	0	0	1
4529_sub3	0	1	1	0	0	0	1	0
4536_sub0	0	1	0	1	0	0	0	1
4536_sub1	0	5	3	2	0	0	3	2
4536_sub2	0	1	1	0	0	0	1	0
4537_sub0	1	24	9	15	9	11	0	4
4537_sub1	0	1	0	1	0	0	0	1
4537_sub2	0	1	1	0	0	0	1	0
4537_sub3	0	1	1	0	0	0	1	0
4537_sub4	0	1	1	0	0	0	1	0
4538_sub0	1	13	6	7	6	7	0	0
4538_sub1	0	1	0	1	0	0	0	1
4538_sub2	0	1	1	0	0	0	1	0
4539_sub0	0	1	1	0	0	0	1	0
4539_sub1	1	16	7	9	7	9	0	0
4539_sub2	0	1	0	1	0	0	0	1
4539_sub3	0	1	0	1	0	0	0	1
4539_sub4	0	1	0	1	0	0	0	1
4541_sub0	0	1	0	1	0	0	0	1
4541_sub1	1	21	8	13	8	12	0	1
455_sub0	0	1	0	1	0	0	0	1
455_sub1	1	15	5	10	5	10	0	0
455_sub2	0	1	1	0	0	0	1	0
455_sub3	0	1	0	1	0	0	0	1
4551_sub0	0	2	1	1	0	0	1	1
4551_sub1	0	1	0	1	0	0	0	1
4551_sub2	0	1	1	0	0	0	1	0
4551_sub3	0	1	1	0	0	0	1	0
4551_sub4	0	1	0	1	0	0	0	1
4560_sub0	1	9	3	6	3	6	0	0
4560_sub1	0	1	0	1	0	0	0	1
4560_sub2	0	1	1	0	0	0	1	0
4561_sub0	1	33	13	20	10	10	3	10
4561_sub1	0	3	1	2	0	0	1	2
4561_sub2	0	1	1	0	0	0	1	0
4561_sub3	0	1	1	0	0	0	1	0
4561_sub4	0	1	0	1	0	0	0	1
4561_sub5	0	1	1	0	0	0	1	0
4561_sub6	0	1	1	0	0	0	1	0
4561_sub7	0	1	1	0	0	0	1	0
4562_sub0	1	8	3	5	3	5	0	0
4562_sub1	0	1	0	1	0	0	0	1
4562_sub2	0	1	0	1	0	0	0	1
4562_sub3	0	1	0	1	0	0	0	1
4562_sub4	0	1	0	1	0	0	0	1
4562_sub5	0	1	1	0	0	0	1	0
4562_sub6	0	1	1	0	0	0	1	0
4563_sub0	0	1	0	1	0	0	0	1
4563_sub1	0	1	1	0	0	0	1	0
4563_sub2	0	1	1	0	0	0	1	0
4563_sub3	0	1	0	1	0	0	0	1
4563_sub4	0	1	0	1	0	0	0	1
4563_sub5	0	1	1	0	0	0	1	0
4563_sub6	0	1	1	0	0	0	1	0
4563_sub7	0	1	1	0	0	0	1	0
4568_sub0	0	1	1	0	0	0	1	0
4568_sub1	1	6	2	4	2	4	0	0
4568_sub2	0	1	0	1	0	0	0	1
4568_sub3	0	1	0	1	0	0	0	1
4573_sub0	1	20	10	10	10	10	0	0
4573_sub1	0	1	0	1	0	0	0	1
4573_sub2	0	1	1	0	0	0	1	0
4573_sub3	0	1	0	1	0	0	0	1
4573_sub4	0	1	0	1	0	0	0	1
4573_sub5	0	1	1	0	0	0	1	0
4573_sub6	0	1	0	1	0	0	0	1
4575_sub0	0	1	0	1	0	0	0	1
4575_sub1	0	1	1	0	0	0	1	0
4575_sub2	0	1	1	0	0	0	1	0
4575_sub3	0	1	1	0	0	0	1	0
4575_sub4	0	1	1	0	0	0	1	0
4575_sub5	0	1	0	1	0	0	0	1
4579_sub0	0	1	1	0	0	0	1	0
4579_sub1	1	14	6	8	6	8	0	0
4584_sub0	1	26	14	12	10	10	4	2
4584_sub1	0	1	1	0	0	0	1	0
4584_sub2	0	1	0	1	0	0	0	1
4584_sub3	0	1	0	1	0	0	0	1
4584_sub4	0	1	1	0	0	0	1	0
4584_sub5	0	1	1	0	0	0	1	0
4587_sub0	0	1	1	0	0	0	1	0
4587_sub1	1	23	11	12	10	10	1	2
4587_sub2	0	1	0	1	0	0	0	1
4587_sub3	0	1	1	0	0	0	1	0
4592_sub0	0	1	0	1	0	0	0	1
4592_sub1	1	21	12	9	11	9	1	0
4592_sub2	0	1	0	1	0	0	0	1
4592_sub3	0	1	1	0	0	0	1	0
4599_sub0	1	23	7	16	7	13	0	3
4599_sub1	0	1	1	0	0	0	1	0
46_sub0	0	1	0	1	0	0	0	1
46_sub1	0	1	0	1	0	0	0	1
46_sub2	1	25	16	9	11	9	5	0
46_sub3	0	1	0	1	0	0	0	1
46_sub4	0	1	0	1	0	0	0	1
46_sub5	0	1	0	1	0	0	0	1
460_sub0	0	1	0	1	0	0	0	1
460_sub1	0	1	0	1	0	0	0	1
460_sub2	1	13	6	7	6	7	0	0
460_sub3	0	1	1	0	0	0	1	0
460_sub4	0	1	1	0	0	0	1	0
460_sub5	0	1	1	0	0	0	1	0
460_sub6	0	1	1	0	0	0	1	0
4601_sub0	0	1	0	1	0	0	0	1
4601_sub1	0	1	1	0	0	0	1	0
4601_sub2	0	1	1	0	0	0	1	0
4601_sub3	0	1	0	1	0	0	0	1
4601_sub4	0	1	1	0	0	0	1	0
4601_sub5	0	1	1	0	0	0	1	0
4601_sub6	0	1	0	1	0	0	0	1
4605_sub0	1	18	8	10	8	10	0	0
4605_sub1	0	1	1	0	0	0	1	0
4605_sub2	0	1	1	0	0	0	1	0
4605_sub3	0	1	0	1	0	0	0	1
4605_sub4	0	1	0	1	0	0	0	1
461_sub0	0	1	0	1	0	0	0	1
461_sub1	0	1	1	0	0	0	1	0
461_sub2	0	1	1	0	0	0	1	0
461_sub3	0	1	1	0	0	0	1	0
461_sub4	0	1	1	0	0	0	1	0
461_sub5	0	1	1	0	0	0	1	0
4610_sub0	0	1	0	1	0	0	0	1
4610_sub1	0	1	0	1	0	0	0	1
4610_sub2	1	11	7	4	7	4	0	0
4610_sub3	0	1	1	0	0	0	1	0
4610_sub4	0	1	1	0	0	0	1	0
4615_sub0	1	16	10	6	10	6	0	0
4615_sub1	0	1	0	1	0	0	0	1
4615_sub2	0	1	1	0	0	0	1	0
4615_sub3	0	1	0	1	0	0	0	1
4617_sub0	0	1	0	1	0	0	0	1
4617_sub1	0	1	0	1	0	0	0	1
4617_sub2	1	13	4	9	4	9	0	0
4617_sub3	0	1	1	0	0	0	1	0
4619_sub0	0	1	0	1	0	0	0	1
4619_sub1	0	1	1	0	0	0	1	0
4619_sub2	0	1	0	1	0	0	0	1
4619_sub3	0	1	0	1	0	0	0	1
4619_sub4	0	1	1	0	0	0	1	0
4619_sub5	0	1	1	0	0	0	1	0
4627_sub0	0	1	1	0	0	0	1	0
4627_sub1	0	1	1	0	0	0	1	0
4627_sub2	0	1	1	0	0	0	1	0
4627_sub3	0	1	0	1	0	0	0	1
4627_sub4	0	1	1	0	0	0	1	0
4627_sub5	0	1	1	0	0	0	1	0
4627_sub6	0	1	1	0	0	0	1	0
4630_sub0	1	8	4	4	4	4	0	0
4632_sub0	1	18	9	9	9	9	0	0
4632_sub1	0	1	0	1	0	0	0	1
4632_sub2	0	1	0	1	0	0	0	1
4634_sub0	0	1	0	1	0	0	0	1
4634_sub1	0	2	0	2	0	0	0	2
4634_sub2	0	1	1	0	0	0	1	0
4634_sub3	0	1	1	0	0	0	1	0
4634_sub4	0	1	1	0	0	0	1	0
4634_sub5	0	1	0	1	0	0	0	1
4634_sub6	0	1	1	0	0	0	1	0
4634_sub7	0	1	0	1	0	0	0	1
4635_sub0	1	7	0	7	0	7	0	0
4635_sub1	0	1	0	1	0	0	0	1
4635_sub2	0	1	0	1	0	0	0	1
4641_sub0	0	1	0	1	0	0	0	1
4641_sub1	1	8	7	1	7	1	0	0
4641_sub2	0	1	0	1	0	0	0	1
4641_sub3	0	1	0	1	0	0	0	1
4641_sub4	0	1	0	1	0	0	0	1
4641_sub5	0	1	1	0	0	0	1	0
4641_sub6	0	1	1	0	0	0	1	0
4647_sub0	1	11	7	4	7	4	0	0
4647_sub1	0	1	0	1	0	0	0	1
4647_sub2	0	1	1	0	0	0	1	0
4647_sub3	0	1	0	1	0	0	0	1
4648_sub0	0	1	0	1	0	0	0	1
4648_sub1	0	1	1	0	0	0	1	0
4648_sub2	0	1	1	0	0	0	1	0
4648_sub3	0	1	1	0	0	0	1	0
4648_sub4	0	1	1	0	0	0	1	0
4648_sub5	0	1	0	1	0	0	0	1
4649_sub0	0	1	0	1	0	0	0	1
4649_sub1	1	22	13	9	11	9	2	0
4649_sub2	0	1	1	0	0	0	1	0
4649_sub3	0	1	0	1	0	0	0	1
4651_sub0	0	1	0	1	0	0	0	1
4651_sub1	0	1	1	0	0	0	1	0
4651_sub2	0	1	1	0	0	0	1	0
4651_sub3	0	1	1	0	0	0	1	0
4651_sub4	0	1	0	1	0	0	0	1
4651_sub5	0	1	1	0	0	0	1	0
4653_sub0	0	1	0	1	0	0	0	1
4653_sub1	0	1	0	1	0	0	0	1
4653_sub2	0	1	1	0	0	0	1	0
4653_sub3	0	1	1	0	0	0	1	0
4653_sub4	0	1	0	1	0	0	0	1
4653_sub5	0	1	1	0	0	0	1	0
4653_sub6	0	1	1	0	0	0	1	0
4653_sub7	0	1	1	0	0	0	1	0
4658_sub0	0	1	0	1	0	0	0	1
4658_sub1	1	23	13	10	10	10	3	0
4658_sub2	0	1	0	1	0	0	0	1
4658_sub3	0	1	1	0	0	0	1	0
4658_sub4	0	1	1	0	0	0	1	0
4658_sub5	0	1	0	1	0	0	0	1
4659_sub0	1	8	4	4	4	4	0	0
4659_sub1	0	1	1	0	0	0	1	0
4659_sub2	0	1	0	1	0	0	0	1
4670_sub0	0	1	0	1	0	0	0	1
4670_sub1	0	3	1	2	0	0	1	2
4670_sub2	0	1	1	0	0	0	1	0
4670_sub3	0	1	1	0	0	0	1	0
4671_sub0	1	23	8	15	8	12	0	3
4671_sub1	0	1	0	1	0	0	0	1
4671_sub2	0	1	1	0	0	0	1	0
4671_sub3	0	1	1	0	0	0	1	0
4671_sub4	0	1	0	1	0	0	0	1
4671_sub5	0	1	1	0	0	0	1	0
4671_sub6	0	1	0	1	0	0	0	1
4672_sub0	0	1	1	0	0	0	1	0
4672_sub1	1	13	9	4	9	4	0	0
4672_sub2	0	1	0	1	0	0	0	1
4672_sub3	0	1	1	0	0	0	1	0
4672_sub4	0	1	1	0	0	0	1	0
4674_sub0	1	15	7	8	7	8	0	0
4674_sub1	0	1	0	1	0	0	0	1
4674_sub2	0	1	1	0	0	0	1	0
4674_sub3	0	1	0	1	0	0	0	1
4674_sub4	0	1	0	1	0	0	0	1
4675_sub0	1	23	13	10	10	10	3	0
4675_sub1	0	1	0	1	0	0	0	1
4675_sub2	0	1	1	0	0	0	1	0
4675_sub3	0	1	1	0	0	0	1	0
4675_sub4	0	1	1	0	0	0	1	0
4675_sub5	0	1	0	1	0	0	0	1
4675_sub6	0	1	0	1	0	0	0	1
4675_sub7	0	1	1	0	0	0	1	0
4679_sub0	0	1	1	0	0	0	1	0
4679_sub1	1	6	2	4	2	4	0	0
4682_sub0	0	1	1	0	0	0	1	0
4682_sub1	1	9	3	6	3	6	0	0
4682_sub2	0	1	0	1	0	0	0	1
4683_sub0	0	1	1	0	0	0	1	0
4683_sub1	1	20	5	15	5	15	0	0
4683_sub2	0	1	1	0	0	0	1	0
4684_sub0	1	9	6	3	6	3	0	0
4684_sub1	0	1	0	1	0	0	0	1
4685_sub0	0	1	0	1	0	0	0	1
4685_sub1	0	1	0	1	0	0	0	1
4685_sub2	1	8	5	3	5	3	0	0
4685_sub3	0	1	0	1	0	0	0	1
4685_sub4	0	1	0	1	0	0	0	1
4685_sub5	0	1	0	1	0	0	0	1
4685_sub6	0	1	0	1	0	0	0	1
469_sub0	0	1	1	0	0	0	1	0
469_sub1	1	12	8	4	8	4	0	0
4691_sub0	1	18	6	12	6	12	0	0
4691_sub1	0	1	0	1	0	0	0	1
4691_sub2	0	1	1	0	0	0	1	0
4691_sub3	0	1	0	1	0	0	0	1
4691_sub4	0	1	0	1	0	0	0	1
4691_sub5	0	1	0	1	0	0	0	1
4691_sub6	0	1	0	1	0	0	0	1
4693_sub0	1	8	2	6	2	6	0	0
4693_sub1	0	1	1	0	0	0	1	0
4693_sub2	0	1	0	1	0	0	0	1
47_sub0	0	1	1	0	0	0	1	0
47_sub1	0	1	0	1	0	0	0	1
47_sub2	1	13	9	4	9	4	0	0
47_sub3	0	1	1	0	0	0	1	0
470_sub0	0	1	0	1	0	0	0	1
470_sub1	1	7	1	6	1	6	0	0
4700_sub0	0	1	1	0	0	0	1	0
4700_sub1	0	1	0	1	0	0	0	1
4700_sub2	0	1	0	1	0	0	0	1
4700_sub3	0	1	0	1	0	0	0	1
4700_sub4	0	1	1	0	0	0	1	0
4700_sub5	0	1	1	0	0	0	1	0
4700_sub6	0	1	1	0	0	0	1	0
4703_sub0	0	1	0	1	0	0	0	1
4703_sub1	0	1	0	1	0	0	0	1
4703_sub2	0	1	0	1	0	0	0	1
4703_sub3	0	1	1	0	0	0	1	0
4703_sub4	0	1	1	0	0	0	1	0
4703_sub5	0	1	0	1	0	0	0	1
4708_sub0	0	1	0	1	0	0	0	1
4708_sub1	0	1	0	1	0	0	0	1
4708_sub2	0	1	1	0	0	0	1	0
4708_sub3	0	1	1	0	0	0	1	0
4708_sub4	0	1	1	0	0	0	1	0
4708_sub5	0	1	0	1	0	0	0	1
471_sub0	0	1	0	1	0	0	0	1
471_sub1	0	1	1	0	0	0	1	0
471_sub2	1	20	7	13	7	13	0	0
471_sub3	0	1	0	1	0	0	0	1
471_sub4	0	1	0	1	0	0	0	1
471_sub5	0	1	1	0	0	0	1	0
4710_sub0	1	17	9	8	9	8	0	0
4710_sub1	0	1	1	0	0	0	1	0
4713_sub0	0	1	0	1	0	0	0	1
4713_sub1	0	1	1	0	0	0	1	0
4713_sub2	0	1	0	1	0	0	0	1
4713_sub3	0	1	1	0	0	0	1	0
4713_sub4	0	1	1	0	0	0	1	0
4713_sub5	0	1	1	0	0	0	1	0
4713_sub6	0	1	1	0	0	0	1	0
4713_sub7	0	1	0	1	0	0	0	1
4714_sub0	1	32	20	12	10	10	10	2
4714_sub1	0	1	0	1	0	0	0	1
4715_sub0	1	25	10	15	10	10	0	5
4715_sub1	0	1	0	1	0	0	0	1
4715_sub2	0	1	1	0	0	0	1	0
4715_sub3	0	1	1	0	0	0	1	0
4723_sub0	1	18	9	9	9	9	0	0
4723_sub1	0	1	0	1	0	0	0	1
4728_sub0	1	8	5	3	5	3	0	0
4728_sub1	0	1	0	1	0	0	0	1
473_sub0	0	1	0	1	0	0	0	1
473_sub1	0	1	0	1	0	0	0	1
473_sub2	1	8	5	3	5	3	0	0
473_sub3	0	1	1	0	0	0	1	0
473_sub4	0	1	0	1	0	0	0	1
473_sub5	0	1	0	1	0	0	0	1
473_sub6	0	1	1	0	0	0	1	0
4731_sub0	0	1	0	1	0	0	0	1
4731_sub1	1	12	5	7	5	7	0	0
4731_sub2	0	1	0	1	0	0	0	1
4731_sub3	0	1	0	1	0	0	0	1
4732_sub0	0	1	1	0	0	0	1	0
4732_sub1	0	4	3	1	0	0	3	1
4732_sub2	0	1	0	1	0	0	0	1
4732_sub3	0	1	0	1	0	0	0	1
4737_sub0	0	1	1	0	0	0	1	0
4737_sub1	0	1	1	0	0	0	1	0
4737_sub2	1	9	4	5	4	5	0	0
4742_sub0	1	29	18	11	10	10	8	1
4742_sub1	0	1	0	1	0	0	0	1
4742_sub2	0	1	0	1	0	0	0	1
4742_sub3	0	1	0	1	0	0	0	1
4743_sub0	0	1	1	0	0	0	1	0
4743_sub1	0	1	0	1	0	0	0	1
4743_sub2	0	1	1	0	0	0	1	0
4743_sub3	0	1	0	1	0	0	0	1
4743_sub4	0	1	0	1	0	0	0	1
4743_sub5	0	1	1	0	0	0	1	0
4747_sub0	0	1	0	1	0	0	0	1
4747_sub1	0	1	1	0	0	0	1	0
4747_sub2	1	18	6	12	6	12	0	0
4747_sub3	0	1	1	0	0	0	1	0
475_sub0	0	1	0	1	0	0	0	1
475_sub1	0	1	1	0	0	0	1	0
475_sub2	0	1	1	0	0	0	1	0
475_sub3	0	1	0	1	0	0	0	1
475_sub4	0	1	0	1	0	0	0	1
475_sub5	0	1	0	1	0	0	0	1
4750_sub0	0	1	0	1	0	0	0	1
4750_sub1	0	1	1	0	0	0	1	0
4750_sub2	0	5	2	3	0	0	2	3
4750_sub3	0	1	1	0	0	0	1	0
4750_sub4	0	1	0	1	0	0	0	1
4758_sub0	0	1	0	1	0	0	0	1
4758_sub1	0	1	1	0	0	0	1	0
4758_sub2	0	1	1	0	0	0	1	0
4758_sub3	0	1	1	0	0	0	1	0
4758_sub4	0	1	0	1	0	0	0	1
4758_sub5	0	1	0	1	0	0	0	1
476_sub0	0	1	0	1	0	0	0	1
476_sub1	0	1	1	0	0	0	1	0
476_sub2	1	25	11	14	10	10	1	4
476_sub3	0	1	0	1	0	0	0	1
4760_sub0	0	1	0	1	0	0	0	1
4760_sub1	0	1	0	1	0	0	0	1
4760_sub2	0	1	1	0	0	0	1	0
4760_sub3	0	1	1	0	0	0	1	0
4760_sub4	0	2	1	1	0	0	1	1
4760_sub5	0	1	0	1	0	0	0	1
4760_sub6	0	1	0	1	0	0	0	1
4760_sub7	0	1	0	1	0	0	0	1
4767_sub0	0	1	0	1	0	0	0	1
4767_sub1	1	26	10	16	10	10	0	6
4767_sub2	0	1	0	1	0	0	0	1
4767_sub3	0	1	1	0	0	0	1	0
4767_sub4	0	1	0	1	0	0	0	1
4767_sub5	0	1	1	0	0	0	1	0
4767_sub6	0	1	0	1	0	0	0	1
4768_sub0	0	1	0	1	0	0	0	1
4768_sub1	0	1	1	0	0	0	1	0
4768_sub2	0	1	0	1	0	0	0	1
4768_sub3	0	1	0	1	0	0	0	1
4768_sub4	0	1	1	0	0	0	1	0
4768_sub5	0	1	1	0	0	0	1	0
477_sub0	0	1	1	0	0	0	1	0
477_sub1	1	12	6	6	6	6	0	0
477_sub2	0	1	0	1	0	0	0	1
477_sub3	0	1	0	1	0	0	0	1
4772_sub0	0	1	0	1	0	0	0	1
4772_sub1	0	1	1	0	0	0	1	0
4772_sub2	0	1	0	1	0	0	0	1
4772_sub3	0	1	1	0	0	0	1	0
4772_sub4	0	1	1	0	0	0	1	0
4772_sub5	1	14	9	5	9	5	0	0
4772_sub6	0	1	1	0	0	0	1	0
4772_sub7	0	1	1	0	0	0	1	0
4772_sub8	0	1	1	0	0	0	1	0
4772_sub9	0	1	1	0	0	0	1	0
4772_sub10	0	1	0	1	0	0	0	1
4772_sub11	0	1	0	1	0	0	0	1
4774_sub0	0	1	0	1	0	0	0	1
4774_sub1	1	21	15	6	14	6	1	0
4774_sub2	0	1	0	1	0	0	0	1
4774_sub3	0	1	1	0	0	0	1	0
4774_sub4	0	1	0	1	0	0	0	1
4775_sub0	1	12	7	5	7	5	0	0
4775_sub1	0	1	1	0	0	0	1	0
4775_sub2	0	1	1	0	0	0	1	0
4775_sub3	0	1	1	0	0	0	1	0
4775_sub4	0	1	0	1	0	0	0	1
4775_sub5	0	1	1	0	0	0	1	0
4775_sub6	0	1	0	1	0	0	0	1
4775_sub7	0	1	1	0	0	0	1	0
4775_sub8	0	1	0	1	0	0	0	1
4779_sub0	1	22	7	15	7	13	0	2
4779_sub1	0	1	1	0	0	0	1	0
4779_sub2	0	1	1	0	0	0	1	0
4781_sub0	0	1	1	0	0	0	1	0
4781_sub1	0	1	0	1	0	0	0	1
4781_sub2	1	8	6	2	6	2	0	0
4781_sub3	0	1	0	1	0	0	0	1
4781_sub4	0	1	0	1	0	0	0	1
4781_sub5	0	1	0	1	0	0	0	1
4789_sub0	0	1	0	1	0	0	0	1
4789_sub1	1	15	8	7	8	7	0	0
4789_sub2	0	1	1	0	0	0	1	0
4817_sub0	1	13	6	7	6	7	0	0
4817_sub1	0	1	0	1	0	0	0	1
4817_sub2	0	1	0	1	0	0	0	1
4817_sub3	0	1	0	1	0	0	0	1
482_sub0	0	1	1	0	0	0	1	0
482_sub1	0	1	1	0	0	0	1	0
482_sub2	1	18	9	9	9	9	0	0
482_sub3	0	1	1	0	0	0	1	0
482_sub4	0	1	0	1	0	0	0	1
4823_sub0	0	1	0	1	0	0	0	1
4823_sub1	0	1	0	1	0	0	0	1
4823_sub2	0	1	1	0	0	0	1	0
4823_sub3	0	1	1	0	0	0	1	0
4823_sub4	0	1	0	1	0	0	0	1
4823_sub5	0	1	1	0	0	0	1	0
4823_sub6	0	1	1	0	0	0	1	0
4823_sub7	0	1	1	0	0	0	1	0
4824_sub0	0	1	1	0	0	0	1	0
4824_sub1	1	25	12	13	10	10	2	3
4824_sub2	0	1	0	1	0	0	0	1
4825_sub0	1	13	8	5	8	5	0	0
4825_sub1	0	1	1	0	0	0	1	0
4825_sub2	0	1	1	0	0	0	1	0
4825_sub3	0	1	1	0	0	0	1	0
4825_sub4	0	1	1	0	0	0	1	0
4825_sub5	0	1	1	0	0	0	1	0
4825_sub6	0	1	0	1	0	0	0	1
4826_sub0	1	18	12	6	12	6	0	0
4826_sub1	0	1	1	0	0	0	1	0
4826_sub2	0	1	0	1	0	0	0	1
4826_sub3	0	1	1	0	0	0	1	0
4826_sub4	0	1	1	0	0	0	1	0
4826_sub5	0	1	0	1	0	0	0	1
4829_sub0	0	1	0	1	0	0	0	1
4829_sub1	1	14	9	5	9	5	0	0
4829_sub2	0	1	1	0	0	0	1	0
4829_sub3	0	1	0	1	0	0	0	1
4829_sub4	0	1	0	1	0	0	0	1
4829_sub5	0	1	0	1	0	0	0	1
4829_sub6	0	1	1	0	0	0	1	0
4830_sub0	0	1	0	1	0	0	0	1
4830_sub1	0	1	0	1	0	0	0	1
4830_sub2	0	1	1	0	0	0	1	0
4830_sub3	0	1	1	0	0	0	1	0
4830_sub4	0	2	1	1	0	0	1	1
4830_sub5	0	1	0	1	0	0	0	1
4830_sub6	0	1	1	0	0	0	1	0
4830_sub7	0	1	0	1	0	0	0	1
4830_sub8	0	1	0	1	0	0	0	1
4836_sub0	0	1	0	1	0	0	0	1
4836_sub1	0	1	0	1	0	0	0	1
4836_sub2	1	6	3	3	3	3	0	0
4836_sub3	0	1	1	0	0	0	1	0
4836_sub4	0	1	1	0	0	0	1	0
4837_sub0	0	1	0	1	0	0	0	1
4837_sub1	0	1	1	0	0	0	1	0
4837_sub2	0	1	0	1	0	0	0	1
4837_sub3	0	1	1	0	0	0	1	0
4837_sub4	0	1	1	0	0	0	1	0
4837_sub5	0	1	0	1	0	0	0	1
4837_sub6	0	1	0	1	0	0	0	1
484_sub0	0	1	1	0	0	0	1	0
484_sub1	0	1	1	0	0	0	1	0
484_sub2	0	1	0	1	0	0	0	1
484_sub3	1	11	5	6	5	6	0	0
484_sub4	0	1	1	0	0	0	1	0
484_sub5	0	1	0	1	0	0	0	1
484_sub6	0	1	0	1	0	0	0	1
4847_sub0	1	17	11	6	11	6	0	0
4847_sub1	0	1	1	0	0	0	1	0
4855_sub0	1	19	7	12	7	12	0	0
4855_sub1	0	1	0	1	0	0	0	1
4855_sub2	0	1	0	1	0	0	0	1
4855_sub3	0	1	0	1	0	0	0	1
4858_sub0	1	30	16	14	10	10	6	4
4858_sub1	0	1	1	0	0	0	1	0
4858_sub2	0	1	1	0	0	0	1	0
4858_sub3	0	1	0	1	0	0	0	1
4858_sub4	0	1	1	0	0	0	1	0
4858_sub5	0	1	1	0	0	0	1	0
4863_sub0	1	20	10	10	10	10	0	0
4863_sub1	0	1	0	1	0	0	0	1
4863_sub2	0	1	1	0	0	0	1	0
4864_sub0	1	13	4	9	4	9	0	0
4864_sub1	0	1	1	0	0	0	1	0
4866_sub0	0	1	0	1	0	0	0	1
4866_sub1	0	1	1	0	0	0	1	0
4866_sub2	0	1	0	1	0	0	0	1
4866_sub3	0	1	0	1	0	0	0	1
4866_sub4	0	1	0	1	0	0	0	1
4866_sub5	0	1	0	1	0	0	0	1
4869_sub0	0	1	0	1	0	0	0	1
4869_sub1	0	1	1	0	0	0	1	0
4869_sub2	0	1	0	1	0	0	0	1
4869_sub3	0	1	0	1	0	0	0	1
4869_sub4	0	1	1	0	0	0	1	0
4869_sub5	0	1	1	0	0	0	1	0
4869_sub6	0	1	1	0	0	0	1	0
4878_sub0	0	1	0	1	0	0	0	1
4878_sub1	0	1	1	0	0	0	1	0
4878_sub2	0	2	0	2	0	0	0	2
4878_sub3	0	1	1	0	0	0	1	0
4878_sub4	0	1	0	1	0	0	0	1
4881_sub0	0	1	0	1	0	0	0	1
4881_sub1	0	1	1	0	0	0	1	0
4881_sub2	0	1	1	0	0	0	1	0
4881_sub3	0	1	1	0	0	0	1	0
4881_sub4	0	1	0	1	0	0	0	1
4881_sub5	0	1	1	0	0	0	1	0
4881_sub6	0	1	0	1	0	0	0	1
4881_sub7	0	1	1	0	0	0	1	0
4881_sub8	0	1	1	0	0	0	1	0
4883_sub0	1	15	10	5	10	5	0	0
4883_sub1	0	1	1	0	0	0	1	0
4884_sub0	0	1	1	0	0	0	1	0
4884_sub1	0	1	0	1	0	0	0	1
4884_sub2	0	1	0	1	0	0	0	1
4884_sub3	0	1	1	0	0	0	1	0
4884_sub4	0	1	0	1	0	0	0	1
4884_sub5	0	1	0	1	0	0	0	1
4884_sub6	0	1	0	1	0	0	0	1
4884_sub7	0	1	0	1	0	0	0	1
4892_sub0	1	13	7	6	7	6	0	0
4892_sub1	0	1	0	1	0	0	0	1
4892_sub2	0	2	1	1	0	0	1	1
4896_sub0	0	1	0	1	0	0	0	1
4896_sub1	0	1	1	0	0	0	1	0
4896_sub2	0	1	1	0	0	0	1	0
4896_sub3	1	8	4	4	4	4	0	0
4896_sub4	0	1	1	0	0	0	1	0
4896_sub5	0	1	0	1	0	0	0	1
4896_sub6	0	1	0	1	0	0	0	1
4896_sub7	0	1	1	0	0	0	1	0
4897_sub0	0	1	0	1	0	0	0	1
4897_sub1	1	7	4	3	4	3	0	0
4897_sub2	0	1	0	1	0	0	0	1
49_sub0	0	1	1	0	0	0	1	0
49_sub1	1	14	7	7	7	7	0	0
49_sub2	0	1	0	1	0	0	0	1
4904_sub0	1	16	5	11	5	11	0	0
4904_sub1	0	1	1	0	0	0	1	0
4904_sub2	0	1	1	0	0	0	1	0
4904_sub3	0	1	1	0	0	0	1	0
4904_sub4	0	1	0	1	0	0	0	1
4905_sub0	0	1	0	1	0	0	0	1
4905_sub1	0	1	1	0	0	0	1	0
4905_sub2	0	1	0	1	0	0	0	1
4905_sub3	1	23	10	13	10	10	0	3
4905_sub4	0	1	1	0	0	0	1	0
4905_sub5	0	1	1	0	0	0	1	0
4909_sub0	1	12	4	8	4	8	0	0
4909_sub1	0	1	1	0	0	0	1	0
4909_sub2	0	1	1	0	0	0	1	0
4909_sub3	0	1	1	0	0	0	1	0
4917_sub0	0	1	0	1	0	0	0	1
4917_sub1	0	1	0	1	0	0	0	1
4917_sub2	0	1	1	0	0	0	1	0
4917_sub3	0	1	0	1	0	0	0	1
4917_sub4	0	1	0	1	0	0	0	1
4917_sub5	0	1	1	0	0	0	1	0
4917_sub6	0	1	1	0	0	0	1	0
4917_sub7	0	1	0	1	0	0	0	1
4917_sub8	0	1	0	1	0	0	0	1
4917_sub9	0	1	0	1	0	0	0	1
4917_sub10	0	1	1	0	0	0	1	0
4934_sub0	0	1	0	1	0	0	0	1
4934_sub1	0	1	1	0	0	0	1	0
4934_sub2	1	13	5	8	5	8	0	0
4934_sub3	0	1	0	1	0	0	0	1
4934_sub4	0	1	1	0	0	0	1	0
4934_sub5	0	1	1	0	0	0	1	0
4934_sub6	0	1	1	0	0	0	1	0
4934_sub7	0	1	0	1	0	0	0	1
4946_sub0	1	21	12	9	11	9	1	0
4946_sub1	0	1	0	1	0	0	0	1
4946_sub2	0	1	1	0	0	0	1	0
4946_sub3	0	1	1	0	0	0	1	0
4946_sub4	0	1	0	1	0	0	0	1
4946_sub5	0	1	1	0	0	0	1	0
4946_sub6	0	1	0	1	0	0	0	1
4946_sub7	0	1	0	1	0	0	0	1
4946_sub8	0	1	1	0	0	0	1	0
4946_sub9	0	1	1	0	0	0	1	0
4946_sub10	0	1	1	0	0	0	1	0
4946_sub11	0	1	0	1	0	0	0	1
4947_sub0	0	1	0	1	0	0	0	1
4947_sub1	1	23	16	7	13	7	3	0
4947_sub2	0	1	1	0	0	0	1	0
4947_sub3	0	1	1	0	0	0	1	0
4947_sub4	0	1	1	0	0	0	1	0
4947_sub5	0	1	1	0	0	0	1	0
4947_sub6	0	1	1	0	0	0	1	0
4952_sub0	1	24	10	14	10	10	0	4
4952_sub1	0	1	0	1	0	0	0	1
4952_sub2	0	1	0	1	0	0	0	1
4952_sub3	0	1	1	0	0	0	1	0
4952_sub4	0	1	0	1	0	0	0	1
4952_sub5	0	1	0	1	0	0	0	1
4953_sub0	0	1	0	1	0	0	0	1
4953_sub1	1	14	8	6	8	6	0	0
4953_sub2	0	1	1	0	0	0	1	0
4953_sub3	0	1	1	0	0	0	1	0
4954_sub0	1	8	6	2	6	2	0	0
4954_sub1	0	1	1	0	0	0	1	0
4954_sub2	0	1	0	1	0	0	0	1
4954_sub3	0	1	1	0	0	0	1	0
496_sub0	0	1	0	1	0	0	0	1
496_sub1	0	1	0	1	0	0	0	1
496_sub2	1	8	7	1	7	1	0	0
496_sub3	0	1	1	0	0	0	1	0
496_sub4	0	1	0	1	0	0	0	1
4960_sub0	0	1	0	1	0	0	0	1
4960_sub1	1	16	7	9	7	9	0	0
4960_sub2	0	1	0	1	0	0	0	1
4960_sub3	0	1	0	1	0	0	0	1
4960_sub4	0	1	0	1	0	0	0	1
4960_sub5	0	1	0	1	0	0	0	1
4960_sub6	0	1	1	0	0	0	1	0
4960_sub7	0	1	1	0	0	0	1	0
4963_sub0	0	1	0	1	0	0	0	1
4963_sub1	0	1	0	1	0	0	0	1
4963_sub2	0	1	0	1	0	0	0	1
4963_sub3	0	1	1	0	0	0	1	0
4963_sub4	0	1	1	0	0	0	1	0
4963_sub5	0	1	1	0	0	0	1	0
4963_sub6	0	1	1	0	0	0	1	0
4967_sub0	0	2	0	2	0	0	0	2
4967_sub1	0	1	0	1	0	0	0	1
4967_sub2	0	1	0	1	0	0	0	1
4967_sub3	0	1	1	0	0	0	1	0
4967_sub4	0	1	1	0	0	0	1	0
4967_sub5	0	1	0	1	0	0	0	1
4967_sub6	0	1	0	1	0	0	0	1
4967_sub7	0	1	0	1	0	0	0	1
4967_sub8	0	1	1	0	0	0	1	0
497_sub0	0	1	1	0	0	0	1	0
497_sub1	1	11	7	4	7	4	0	0
497_sub2	0	1	0	1	0	0	0	1
497_sub3	0	1	0	1	0	0	0	1
497_sub4	0	1	1	0	0	0	1	0
4970_sub0	1	23	6	17	6	14	0	3
4970_sub1	0	1	0	1	0	0	0	1
4970_sub2	0	1	0	1	0	0	0	1
4973_sub0	0	1	0	1	0	0	0	1
4973_sub1	0	5	4	1	0	0	4	1
4973_sub2	0	1	0	1	0	0	0	1
4973_sub3	0	1	0	1	0	0	0	1
4975_sub0	1	16	9	7	9	7	0	0
4975_sub1	0	1	1	0	0	0	1	0
498_sub0	0	1	1	0	0	0	1	0
498_sub1	1	12	5	7	5	7	0	0
498_sub2	0	1	1	0	0	0	1	0
4980_sub0	0	1	0	1	0	0	0	1
4980_sub1	1	29	16	13	10	10	6	3
4981_sub0	0	1	1	0	0	0	1	0
4981_sub1	1	7	5	2	5	2	0	0
4984_sub0	1	19	9	10	9	10	0	0
4984_sub1	0	1	1	0	0	0	1	0
4984_sub2	0	1	1	0	0	0	1	0
4984_sub3	0	1	0	1	0	0	0	1
4984_sub4	0	1	1	0	0	0	1	0
4985_sub0	1	11	4	7	4	7	0	0
4985_sub1	0	1	0	1	0	0	0	1
4985_sub2	0	1	0	1	0	0	0	1
4994_sub0	1	11	7	4	7	4	0	0
4994_sub1	0	1	1	0	0	0	1	0
4994_sub2	0	1	1	0	0	0	1	0
4995_sub0	0	1	0	1	0	0	0	1
4995_sub1	0	1	0	1	0	0	0	1
4995_sub2	0	1	0	1	0	0	0	1
4995_sub3	0	1	1	0	0	0	1	0
4995_sub4	0	1	0	1	0	0	0	1
4995_sub5	0	1	0	1	0	0	0	1
5_sub0	0	1	0	1	0	0	0	1
5_sub1	0	4	0	4	0	0	0	4
5_sub2	0	1	0	1	0	0	0	1
5_sub3	0	1	0	1	0	0	0	1
5_sub4	0	1	0	1	0	0	0	1
5_sub5	0	1	0	1	0	0	0	1
5_sub6	0	1	0	1	0	0	0	1
5_sub7	0	1	1	0	0	0	1	0
5_sub8	1	6	6	0	6	0	0	0
50_sub0	0	1	1	0	0	0	1	0
50_sub1	0	1	1	0	0	0	1	0
50_sub2	1	20	12	8	12	8	0	0
50_sub3	0	1	1	0	0	0	1	0
50_sub4	0	1	1	0	0	0	1	0
50_sub5	0	1	1	0	0	0	1	0
50_sub6	0	1	1	0	0	0	1	0
50_sub7	0	1	0	1	0	0	0	1
50_sub8	0	1	0	1	0	0	0	1
50_sub9	0	1	0	1	0	0	0	1
5002_sub0	1	15	6	9	6	9	0	0
5002_sub1	0	1	0	1	0	0	0	1
5002_sub2	0	1	0	1	0	0	0	1
5002_sub3	0	1	1	0	0	0	1	0
5002_sub4	0	1	1	0	0	0	1	0
5002_sub5	0	1	0	1	0	0	0	1
5002_sub6	0	1	1	0	0	0	1	0
5002_sub7	0	1	1	0	0	0	1	0
5006_sub0	0	1	1	0	0	0	1	0
5006_sub1	1	25	13	12	10	10	3	2
5006_sub2	0	1	0	1	0	0	0	1
5006_sub3	0	1	1	0	0	0	1	0
5006_sub4	0	1	0	1	0	0	0	1
5011_sub0	0	1	0	1	0	0	0	1
5011_sub1	0	3	0	3	0	0	0	3
5011_sub2	0	1	1	0	0	0	1	0
5011_sub3	0	1	1	0	0	0	1	0
5011_sub4	0	1	1	0	0	0	1	0
5012_sub0	0	1	0	1	0	0	0	1
5012_sub1	0	1	0	1	0	0	0	1
5012_sub2	0	1	0	1	0	0	0	1
5012_sub3	0	1	1	0	0	0	1	0
5012_sub4	0	1	1	0	0	0	1	0
5012_sub5	0	1	1	0	0	0	1	0
5012_sub6	0	1	1	0	0	0	1	0
5017_sub0	1	24	13	11	10	10	3	1
5017_sub1	0	1	1	0	0	0	1	0
5017_sub2	0	1	1	0	0	0	1	0
5017_sub3	0	1	0	1	0	0	0	1
5017_sub4	0	1	1	0	0	0	1	0
5033_sub0	0	1	0	1	0	0	0	1
5033_sub1	0	1	1	0	0	0	1	0
5033_sub2	0	1	1	0	0	0	1	0
5033_sub3	0	1	0	1	0	0	0	1
5033_sub4	0	1	1	0	0	0	1	0
5033_sub5	0	1	0	1	0	0	0	1
5033_sub6	0	1	0	1	0	0	0	1
5038_sub0	0	1	0	1	0	0	0	1
5038_sub1	1	13	5	8	5	8	0	0
5038_sub2	0	1	1	0	0	0	1	0
5038_sub3	0	1	1	0	0	0	1	0
5040_sub0	0	1	1	0	0	0	1	0
5040_sub1	0	1	1	0	0	0	1	0
5040_sub2	0	1	0	1	0	0	0	1
5040_sub3	0	1	0	1	0	0	0	1
5040_sub4	0	1	1	0	0	0	1	0
5040_sub5	0	1	1	0	0	0	1	0
5040_sub6	0	1	1	0	0	0	1	0
5040_sub7	0	1	0	1	0	0	0	1
5043_sub0	0	1	0	1	0	0	0	1
5043_sub1	0	1	1	0	0	0	1	0
5043_sub2	0	2	1	1	0	0	1	1
5043_sub3	0	1	1	0	0	0	1	0
5043_sub4	0	1	0	1	0	0	0	1
5043_sub5	0	1	1	0	0	0	1	0
5043_sub6	0	1	1	0	0	0	1	0
5044_sub0	1	10	6	4	6	4	0	0
5044_sub1	0	1	0	1	0	0	0	1
5044_sub2	0	1	1	0	0	0	1	0
5044_sub3	0	1	1	0	0	0	1	0
5044_sub4	0	1	1	0	0	0	1	0
5044_sub5	0	1	1	0	0	0	1	0
5046_sub0	0	1	0	1	0	0	0	1
5046_sub1	0	1	0	1	0	0	0	1
5046_sub2	0	1	1	0	0	0	1	0
5046_sub3	0	1	1	0	0	0	1	0
5046_sub4	0	1	1	0	0	0	1	0
5046_sub5	0	1	0	1	0	0	0	1
5046_sub6	0	1	1	0	0	0	1	0
5046_sub7	0	1	0	1	0	0	0	1
5047_sub0	0	1	0	1	0	0	0	1
5047_sub1	0	1	0	1	0	0	0	1
5047_sub2	0	1	1	0	0	0	1	0
5047_sub3	0	1	0	1	0	0	0	1
5047_sub4	0	1	0	1	0	0	0	1
5047_sub5	0	1	1	0	0	0	1	0
5047_sub6	0	1	0	1	0	0	0	1
5047_sub7	0	1	0	1	0	0	0	1
5047_sub8	0	1	1	0	0	0	1	0
5047_sub9	0	1	1	0	0	0	1	0
5050_sub0	1	9	4	5	4	5	0	0
5050_sub1	0	1	1	0	0	0	1	0
5050_sub2	0	1	1	0	0	0	1	0
5052_sub0	0	1	0	1	0	0	0	1
5052_sub1	1	12	6	6	6	6	0	0
5052_sub2	0	1	1	0	0	0	1	0
5054_sub0	0	1	0	1	0	0	0	1
5054_sub1	1	20	8	12	8	12	0	0
5061_sub0	0	1	0	1	0	0	0	1
5061_sub1	0	1	0	1	0	0	0	1
5061_sub2	0	1	1	0	0	0	1	0
5061_sub3	0	1	1	0	0	0	1	0
5061_sub4	0	1	0	1	0	0	0	1
5061_sub5	0	1	1	0	0	0	1	0
5061_sub6	0	1	1	0	0	0	1	0
5062_sub0	1	10	5	5	5	5	0	0
5062_sub1	0	1	1	0	0	0	1	0
5062_sub2	0	1	0	1	0	0	0	1
5062_sub3	0	1	0	1	0	0	0	1
5065_sub0	1	8	4	4	4	4	0	0
5065_sub1	0	1	1	0	0	0	1	0
5065_sub2	0	1	1	0	0	0	1	0
507_sub0	0	1	0	1	0	0	0	1
507_sub1	0	1	1	0	0	0	1	0
507_sub2	0	2	0	2	0	0	0	2
507_sub3	0	2	0	2	0	0	0	2
507_sub4	0	1	1	0	0	0	1	0
5071_sub0	1	18	7	11	7	11	0	0
5071_sub1	0	1	1	0	0	0	1	0
5071_sub2	0	1	0	1	0	0	0	1
5079_sub0	1	21	8	13	8	12	0	1
5079_sub1	0	1	1	0	0	0	1	0
5079_sub2	0	1	0	1	0	0	0	1
5079_sub3	0	1	0	1	0	0	0	1
5090_sub0	1	13	8	5	8	5	0	0
5090_sub1	0	1	0	1	0	0	0	1
5090_sub2	0	1	1	0	0	0	1	0
5090_sub3	0	1	0	1	0	0	0	1
5090_sub4	0	1	1	0	0	0	1	0
5090_sub5	0	1	1	0	0	0	1	0
5093_sub0	1	23	11	12	10	10	1	2
5093_sub1	0	1	0	1	0	0	0	1
5093_sub2	0	1	1	0	0	0	1	0
5093_sub3	0	1	1	0	0	0	1	0
5093_sub4	0	1	0	1	0	0	0	1
5093_sub5	0	1	1	0	0	0	1	0
5093_sub6	0	1	1	0	0	0	1	0
5094_sub0	0	1	1	0	0	0	1	0
5094_sub1	1	17	10	7	10	7	0	0
5094_sub2	0	1	0	1	0	0	0	1
5094_sub3	0	1	1	0	0	0	1	0
5097_sub0	1	14	3	11	3	11	0	0
5097_sub1	0	1	0	1	0	0	0	1
5097_sub2	0	1	0	1	0	0	0	1
5105_sub0	0	1	0	1	0	0	0	1
5105_sub1	1	10	6	4	6	4	0	0
5105_sub2	0	1	1	0	0	0	1	0
5106_sub0	1	30	12	18	10	10	2	8
5106_sub1	0	1	0	1	0	0	0	1
5106_sub2	0	1	1	0	0	0	1	0
5106_sub3	0	1	1	0	0	0	1	0
5106_sub4	0	1	1	0	0	0	1	0
5106_sub5	0	1	0	1	0	0	0	1
512_sub0	0	1	1	0	0	0	1	0
512_sub1	0	1	0	1	0	0	0	1
512_sub2	1	12	4	8	4	8	0	0
512_sub3	0	1	0	1	0	0	0	1
512_sub4	0	1	1	0	0	0	1	0
512_sub5	0	1	1	0	0	0	1	0
512_sub6	0	1	1	0	0	0	1	0
5123_sub0	0	1	0	1	0	0	0	1
5123_sub1	1	24	10	14	10	10	0	4
5123_sub2	0	1	0	1	0	0	0	1
5123_sub3	0	1	0	1	0	0	0	1
5125_sub0	0	1	0	1	0	0	0	1
5125_sub1	0	1	0	1	0	0	0	1
5125_sub2	0	1	1	0	0	0	1	0
5125_sub3	0	1	1	0	0	0	1	0
5125_sub4	0	1	0	1	0	0	0	1
5125_sub5	0	1	1	0	0	0	1	0
5125_sub6	0	1	0	1	0	0	0	1
5125_sub7	0	1	0	1	0	0	0	1
513_sub0	0	1	0	1	0	0	0	1
513_sub1	0	1	0	1	0	0	0	1
513_sub2	1	17	7	10	7	10	0	0
513_sub3	0	1	1	0	0	0	1	0
513_sub4	0	1	1	0	0	0	1	0
513_sub5	0	1	0	1	0	0	0	1
513_sub6	0	1	0	1	0	0	0	1
513_sub7	0	1	0	1	0	0	0	1
513_sub8	0	1	0	1	0	0	0	1
5130_sub0	0	1	0	1	0	0	0	1
5130_sub1	1	10	4	6	4	6	0	0
5130_sub2	0	1	0	1	0	0	0	1
5130_sub3	0	1	1	0	0	0	1	0
5130_sub4	0	1	0	1	0	0	0	1
5130_sub5	0	1	1	0	0	0	1	0
5130_sub6	0	1	0	1	0	0	0	1
5130_sub7	0	1	1	0	0	0	1	0
5133_sub0	1	26	10	16	10	10	0	6
5133_sub1	0	1	0	1	0	0	0	1
5133_sub2	0	1	1	0	0	0	1	0
5133_sub3	0	1	1	0	0	0	1	0
5133_sub4	0	1	0	1	0	0	0	1
5133_sub5	0	1	1	0	0	0	1	0
5138_sub0	0	1	0	1	0	0	0	1
5138_sub1	1	18	9	9	9	9	0	0
5138_sub2	0	1	0	1	0	0	0	1
5138_sub3	0	1	1	0	0	0	1	0
5138_sub4	0	1	0	1	0	0	0	1
5138_sub5	0	1	0	1	0	0	0	1
5142_sub0	1	17	7	10	7	10	0	0
5142_sub1	0	1	1	0	0	0	1	0
5144_sub0	0	1	0	1	0	0	0	1
5144_sub1	1	7	2	5	2	5	0	0
5144_sub2	0	1	0	1	0	0	0	1
5144_sub3	0	1	0	1	0	0	0	1
5144_sub4	0	1	0	1	0	0	0	1
5154_sub0	0	1	1	0	0	0	1	0
5154_sub1	0	5	2	3	0	0	2	3
5154_sub2	0	1	0	1	0	0	0	1
5154_sub3	0	1	1	0	0	0	1	0
5167_sub0	0	1	0	1	0	0	0	1
5167_sub1	1	12	3	9	3	9	0	0
5167_sub2	0	1	1	0	0	0	1	0
5167_sub3	0	1	0	1	0	0	0	1
5167_sub4	0	1	0	1	0	0	0	1
517_sub0	0	1	0	1	0	0	0	1
517_sub1	1	12	6	6	6	6	0	0
517_sub2	0	1	1	0	0	0	1	0
5170_sub0	0	1	0	1	0	0	0	1
5170_sub1	1	20	10	10	10	10	0	0
5170_sub2	0	1	0	1	0	0	0	1
5172_sub0	1	11	6	5	6	5	0	0
5172_sub1	0	1	0	1	0	0	0	1
5174_sub0	0	1	1	0	0	0	1	0
5174_sub1	1	15	5	10	5	10	0	0
5174_sub2	0	1	0	1	0	0	0	1
5174_sub3	0	1	1	0	0	0	1	0
5179_sub0	1	17	12	5	12	5	0	0
5181_sub0	0	1	0	1	0	0	0	1
5181_sub1	0	1	0	1	0	0	0	1
5181_sub2	0	1	1	0	0	0	1	0
5181_sub3	0	1	1	0	0	0	1	0
5181_sub4	0	1	1	0	0	0	1	0
5181_sub5	0	1	1	0	0	0	1	0
5182_sub0	1	14	6	8	6	8	0	0
5182_sub1	0	1	1	0	0	0	1	0
5182_sub2	0	1	0	1	0	0	0	1
5187_sub0	1	16	5	11	5	11	0	0
5187_sub1	0	1	0	1	0	0	0	1
5187_sub2	0	1	0	1	0	0	0	1
5187_sub3	0	1	1	0	0	0	1	0
5187_sub4	0	1	1	0	0	0	1	0
5187_sub5	0	1	0	1	0	0	0	1
519_sub0	0	1	0	1	0	0	0	1
519_sub1	0	1	1	0	0	0	1	0
519_sub2	1	14	9	5	9	5	0	0
519_sub3	0	1	0	1	0	0	0	1
519_sub4	0	1	1	0	0	0	1	0
519_sub5	0	1	0	1	0	0	0	1
519_sub6	0	1	0	1	0	0	0	1
519_sub7	0	1	0	1	0	0	0	1
5192_sub0	1	10	3	7	3	7	0	0
5192_sub1	0	1	0	1	0	0	0	1
5192_sub2	0	1	0	1	0	0	0	1
5192_sub3	0	1	0	1	0	0	0	1
5192_sub4	0	1	1	0	0	0	1	0
5192_sub5	0	1	0	1	0	0	0	1
5192_sub6	0	1	1	0	0	0	1	0
5192_sub7	0	1	1	0	0	0	1	0
5192_sub8	0	1	1	0	0	0	1	0
5196_sub0	1	14	7	7	7	7	0	0
5196_sub1	0	1	1	0	0	0	1	0
52_sub0	0	1	1	0	0	0	1	0
52_sub1	1	44	18	26	10	10	8	16
52_sub2	0	1	1	0	0	0	1	0
52_sub3	0	1	1	0	0	0	1	0
52_sub4	0	1	0	1	0	0	0	1
52_sub5	0	1	0	1	0	0	0	1
520_sub0	0	1	1	0	0	0	1	0
520_sub1	0	1	1	0	0	0	1	0
520_sub2	1	20	8	12	8	12	0	0
520_sub3	0	1	1	0	0	0	1	0
520_sub4	0	1	0	1	0	0	0	1
520_sub5	0	1	1	0	0	0	1	0
520_sub6	0	1	1	0	0	0	1	0
520_sub7	0	1	0	1	0	0	0	1
520_sub8	0	1	1	0	0	0	1	0
5200_sub0	1	31	17	14	10	10	7	4
5200_sub1	0	1	0	1	0	0	0	1
5200_sub2	0	1	1	0	0	0	1	0
5200_sub3	0	1	0	1	0	0	0	1
5200_sub4	0	1	1	0	0	0	1	0
5200_sub5	0	1	0	1	0	0	0	1
5200_sub6	0	1	1	0	0	0	1	0
5200_sub7	0	1	1	0	0	0	1	0
5200_sub8	0	1	1	0	0	0	1	0
5204_sub0	1	25	12	13	10	10	2	3
5204_sub1	0	1	0	1	0	0	0	1
5204_sub2	0	1	0	1	0	0	0	1
5204_sub3	0	1	1	0	0	0	1	0
5204_sub4	0	1	0	1	0	0	0	1
5204_sub5	0	1	0	1	0	0	0	1
5204_sub6	0	1	0	1	0	0	0	1
5207_sub0	0	1	0	1	0	0	0	1
5207_sub1	0	1	0	1	0	0	0	1
5207_sub2	0	1	0	1	0	0	0	1
5207_sub3	0	1	1	0	0	0	1	0
5207_sub4	0	1	1	0	0	0	1	0
5207_sub5	0	1	1	0	0	0	1	0
5207_sub6	0	1	1	0	0	0	1	0
521_sub0	0	1	0	1	0	0	0	1
521_sub1	0	1	0	1	0	0	0	1
521_sub2	1	24	14	10	10	10	4	0
521_sub3	0	1	1	0	0	0	1	0
521_sub4	0	1	1	0	0	0	1	0
521_sub5	0	1	1	0	0	0	1	0
521_sub6	0	1	0	1	0	0	0	1
521_sub7	0	1	1	0	0	0	1	0
521_sub8	0	1	1	0	0	0	1	0
5213_sub0	0	1	0	1	0	0	0	1
5213_sub1	0	1	1	0	0	0	1	0
5213_sub2	1	21	11	10	10	10	1	0
5213_sub3	0	1	1	0	0	0	1	0
5213_sub4	0	1	0	1	0	0	0	1
5213_sub5	0	1	1	0	0	0	1	0
5216_sub0	0	1	0	1	0	0	0	1
5216_sub1	0	5	3	2	0	0	3	2
5216_sub2	0	1	0	1	0	0	0	1
5216_sub3	0	1	1	0	0	0	1	0
5216_sub4	0	1	0	1	0	0	0	1
5216_sub5	0	1	0	1	0	0	0	1
5218_sub0	1	11	7	4	7	4	0	0
5218_sub1	0	1	1	0	0	0	1	0
5218_sub2	0	1	0	1	0	0	0	1
5232_sub0	1	18	10	8	10	8	0	0
5232_sub1	0	1	1	0	0	0	1	0
5232_sub2	0	1	0	1	0	0	0	1
5232_sub3	0	1	1	0	0	0	1	0
5232_sub4	0	1	0	1	0	0	0	1
5232_sub5	0	1	1	0	0	0	1	0
5237_sub0	0	1	1	0	0	0	1	0
5237_sub1	1	8	4	4	4	4	0	0
5237_sub2	0	1	1	0	0	0	1	0
5237_sub3	0	1	0	1	0	0	0	1
524_sub0	0	1	0	1	0	0	0	1
524_sub1	0	4	3	1	0	0	3	1
524_sub2	0	1	1	0	0	0	1	0
5241_sub0	0	5	3	2	0	0	3	2
5241_sub1	0	1	1	0	0	0	1	0
525_sub0	0	1	1	0	0	0	1	0
525_sub1	1	14	11	3	11	3	0	0
525_sub2	0	1	1	0	0	0	1	0
525_sub3	0	1	0	1	0	0	0	1
525_sub4	0	1	0	1	0	0	0	1
5252_sub0	0	1	0	1	0	0	0	1
5252_sub1	1	13	8	5	8	5	0	0
5252_sub2	0	1	1	0	0	0	1	0
5252_sub3	0	1	0	1	0	0	0	1
5252_sub4	0	1	1	0	0	0	1	0
5252_sub5	0	1	1	0	0	0	1	0
5252_sub6	0	1	0	1	0	0	0	1
5253_sub0	0	1	0	1	0	0	0	1
5253_sub1	0	1	0	1	0	0	0	1
5253_sub2	0	1	1	0	0	0	1	0
5253_sub3	0	1	1	0	0	0	1	0
5253_sub4	0	1	1	0	0	0	1	0
5253_sub5	0	1	0	1	0	0	0	1
5253_sub6	0	1	0	1	0	0	0	1
5253_sub7	0	1	1	0	0	0	1	0
5253_sub8	0	1	0	1	0	0	0	1
5259_sub0	1	14	10	4	10	4	0	0
5259_sub1	0	1	1	0	0	0	1	0
5259_sub2	0	2	1	1	0	0	1	1
5259_sub3	0	1	1	0	0	0	1	0
5259_sub4	0	1	0	1	0	0	0	1
5264_sub0	1	16	13	3	13	3	0	0
5264_sub1	0	1	1	0	0	0	1	0
5264_sub2	0	1	1	0	0	0	1	0
5266_sub0	0	5	1	4	0	0	1	4
5266_sub1	0	1	0	1	0	0	0	1
5266_sub2	0	1	0	1	0	0	0	1
5268_sub0	0	1	0	1	0	0	0	1
5268_sub1	0	1	0	1	0	0	0	1
5268_sub2	1	22	10	12	10	10	0	2
5269_sub0	1	15	7	8	7	8	0	0
5269_sub1	0	1	1	0	0	0	1	0
5269_sub2	0	1	0	1	0	0	0	1
5269_sub3	0	1	0	1	0	0	0	1
5269_sub4	0	1	0	1	0	0	0	1
5269_sub5	0	1	1	0	0	0	1	0
5269_sub6	0	1	0	1	0	0	0	1
5276_sub0	0	1	1	0	0	0	1	0
5276_sub1	0	1	1	0	0	0	1	0
5276_sub2	0	3	0	3	0	0	0	3
5276_sub3	0	1	1	0	0	0	1	0
5276_sub4	0	1	1	0	0	0	1	0
5276_sub5	0	1	1	0	0	0	1	0
5278_sub0	1	25	9	16	9	11	0	5
5278_sub1	0	1	1	0	0	0	1	0
5278_sub2	0	1	0	1	0	0	0	1
5278_sub3	0	1	0	1	0	0	0	1
528_sub0	0	1	1	0	0	0	1	0
528_sub1	1	15	4	11	4	11	0	0
528_sub2	0	1	1	0	0	0	1	0
528_sub3	0	1	1	0	0	0	1	0
5280_sub0	1	13	7	6	7	6	0	0
5280_sub1	0	1	1	0	0	0	1	0
5283_sub0	1	18	10	8	10	8	0	0
5283_sub1	0	1	1	0	0	0	1	0
5284_sub0	0	1	1	0	0	0	1	0
5284_sub1	1	13	10	3	10	3	0	0
5284_sub2	0	1	0	1	0	0	0	1
5284_sub3	0	1	0	1	0	0	0	1
5285_sub0	1	20	6	14	6	14	0	0
5285_sub1	0	1	0	1	0	0	0	1
5291_sub0	1	21	8	13	8	12	0	1
5291_sub1	0	1	0	1	0	0	0	1
5291_sub2	0	1	1	0	0	0	1	0
5291_sub3	0	1	1	0	0	0	1	0
5291_sub4	0	1	0	1	0	0	0	1
5291_sub5	0	1	1	0	0	0	1	0
5291_sub6	0	1	0	1	0	0	0	1
5291_sub7	0	1	1	0	0	0	1	0
5292_sub0	1	16	4	12	4	12	0	0
5292_sub1	0	1	0	1	0	0	0	1
5292_sub2	0	1	1	0	0	0	1	0
5292_sub3	0	1	1	0	0	0	1	0
5292_sub4	0	1	1	0	0	0	1	0
5292_sub5	0	1	0	1	0	0	0	1
5292_sub6	0	1	1	0	0	0	1	0
5296_sub0	1	19	12	7	12	7	0	0
5296_sub1	0	1	1	0	0	0	1	0
5296_sub2	0	1	1	0	0	0	1	0
5296_sub3	0	1	1	0	0	0	1	0
5296_sub4	0	1	0	1	0	0	0	1
5296_sub5	0	1	1	0	0	0	1	0
5303_sub0	1	27	10	17	10	10	0	7
5303_sub1	0	1	1	0	0	0	1	0
5303_sub2	0	1	0	1	0	0	0	1
5303_sub3	0	1	1	0	0	0	1	0
5303_sub4	0	1	0	1	0	0	0	1
5303_sub5	0	1	0	1	0	0	0	1
5303_sub6	0	1	1	0	0	0	1	0
5306_sub0	1	9	4	5	4	5	0	0
5312_sub0	1	18	5	13	5	13	0	0
5312_sub1	0	1	1	0	0	0	1	0
5312_sub2	0	1	0	1	0	0	0	1
5312_sub3	0	1	0	1	0	0	0	1
5312_sub4	0	1	0	1	0	0	0	1
5312_sub5	0	1	0	1	0	0	0	1
5312_sub6	0	1	1	0	0	0	1	0
5313_sub0	1	23	12	11	10	10	2	1
5313_sub1	0	1	0	1	0	0	0	1
5313_sub2	0	1	1	0	0	0	1	0
5313_sub3	0	2	0	2	0	0	0	2
5313_sub4	0	1	0	1	0	0	0	1
5313_sub5	0	1	1	0	0	0	1	0
5313_sub6	0	1	1	0	0	0	1	0
5313_sub7	0	1	0	1	0	0	0	1
5324_sub0	1	26	8	18	8	12	0	6
5324_sub1	0	1	0	1	0	0	0	1
5324_sub2	0	1	1	0	0	0	1	0
5324_sub3	0	1	0	1	0	0	0	1
5324_sub4	0	1	0	1	0	0	0	1
5324_sub5	0	1	0	1	0	0	0	1
533_sub0	0	1	0	1	0	0	0	1
533_sub1	1	13	6	7	6	7	0	0
533_sub2	0	1	1	0	0	0	1	0
533_sub3	0	1	0	1	0	0	0	1
533_sub4	0	1	1	0	0	0	1	0
533_sub5	0	1	1	0	0	0	1	0
533_sub6	0	1	0	1	0	0	0	1
5331_sub0	0	1	0	1	0	0	0	1
5331_sub1	0	1	1	0	0	0	1	0
5331_sub2	1	16	8	8	8	8	0	0
5331_sub3	0	1	0	1	0	0	0	1
5331_sub4	0	1	0	1	0	0	0	1
5333_sub0	0	1	1	0	0	0	1	0
5333_sub1	1	29	15	14	10	10	5	4
5337_sub0	0	1	0	1	0	0	0	1
5337_sub1	1	16	9	7	9	7	0	0
5337_sub2	0	1	1	0	0	0	1	0
5337_sub3	0	1	1	0	0	0	1	0
5337_sub4	0	1	0	1	0	0	0	1
5346_sub0	0	1	1	0	0	0	1	0
5346_sub1	1	19	9	10	9	10	0	0
5346_sub2	0	1	0	1	0	0	0	1
5346_sub3	0	1	0	1	0	0	0	1
5346_sub4	0	1	0	1	0	0	0	1
5347_sub0	0	1	1	0	0	0	1	0
5347_sub1	1	20	8	12	8	12	0	0
5347_sub2	0	1	1	0	0	0	1	0
535_sub0	0	1	0	1	0	0	0	1
535_sub1	1	9	5	4	5	4	0	0
535_sub2	0	1	1	0	0	0	1	0
535_sub3	0	1	1	0	0	0	1	0
5351_sub0	1	23	8	15	8	12	0	3
5351_sub1	0	1	0	1	0	0	0	1
5351_sub2	0	1	1	0	0	0	1	0
5351_sub3	0	1	0	1	0	0	0	1
5351_sub4	0	1	1	0	0	0	1	0
5357_sub0	1	13	9	4	9	4	0	0
5357_sub1	0	1	1	0	0	0	1	0
5357_sub2	0	1	1	0	0	0	1	0
5357_sub3	0	1	1	0	0	0	1	0
5357_sub4	0	1	1	0	0	0	1	0
5360_sub0	0	1	0	1	0	0	0	1
5360_sub1	1	7	6	1	6	1	0	0
5360_sub2	0	1	0	1	0	0	0	1
5367_sub0	0	1	0	1	0	0	0	1
5367_sub1	1	7	2	5	2	5	0	0
5367_sub2	0	1	1	0	0	0	1	0
5367_sub3	0	1	1	0	0	0	1	0
537_sub0	0	1	0	1	0	0	0	1
537_sub1	0	1	0	1	0	0	0	1
537_sub2	1	8	1	7	1	7	0	0
537_sub3	0	1	0	1	0	0	0	1
5370_sub0	1	13	8	5	8	5	0	0
5370_sub1	0	1	1	0	0	0	1	0
5370_sub2	0	1	1	0	0	0	1	0
5370_sub3	0	1	1	0	0	0	1	0
5370_sub4	0	1	1	0	0	0	1	0
5371_sub0	1	7	3	4	3	4	0	0
5371_sub1	0	1	0	1	0	0	0	1
5371_sub2	0	1	0	1	0	0	0	1
5371_sub3	0	1	1	0	0	0	1	0
5371_sub4	0	1	1	0	0	0	1	0
5373_sub0	1	8	3	5	3	5	0	0
5373_sub1	0	1	1	0	0	0	1	0
5374_sub0	1	19	9	10	9	10	0	0
5374_sub1	0	1	1	0	0	0	1	0
5374_sub2	0	1	0	1	0	0	0	1
5374_sub3	0	1	1	0	0	0	1	0
5374_sub4	0	1	0	1	0	0	0	1
5374_sub5	0	1	0	1	0	0	0	1
5374_sub6	0	1	1	0	0	0	1	0
5374_sub7	0	1	0	1	0	0	0	1
538_sub0	0	1	0	1	0	0	0	1
538_sub1	1	25	12	13	10	10	2	3
538_sub2	0	1	1	0	0	0	1	0
539_sub0	0	1	1	0	0	0	1	0
539_sub1	1	25	13	12	10	10	3	2
539_sub2	0	1	1	0	0	0	1	0
539_sub3	0	1	1	0	0	0	1	0
539_sub4	0	1	0	1	0	0	0	1
539_sub5	0	1	0	1	0	0	0	1
539_sub6	0	1	1	0	0	0	1	0
539_sub7	0	1	1	0	0	0	1	0
539_sub8	0	1	0	1	0	0	0	1
5391_sub0	1	27	13	14	10	10	3	4
5391_sub1	0	1	0	1	0	0	0	1
5391_sub2	0	1	0	1	0	0	0	1
5391_sub3	0	1	1	0	0	0	1	0
5391_sub4	0	1	0	1	0	0	0	1
5391_sub5	0	1	1	0	0	0	1	0
5393_sub0	0	1	1	0	0	0	1	0
5393_sub1	1	20	7	13	7	13	0	0
5393_sub2	0	1	0	1	0	0	0	1
5393_sub3	0	1	0	1	0	0	0	1
5393_sub4	0	1	1	0	0	0	1	0
5395_sub0	0	1	1	0	0	0	1	0
5395_sub1	0	1	1	0	0	0	1	0
5395_sub2	0	5	4	1	0	0	4	1
5395_sub3	0	1	1	0	0	0	1	0
5395_sub4	0	1	0	1	0	0	0	1
5398_sub0	0	1	1	0	0	0	1	0
5398_sub1	0	1	1	0	0	0	1	0
5398_sub2	1	27	12	15	10	10	2	5
5398_sub3	0	1	0	1	0	0	0	1
5398_sub4	0	1	0	1	0	0	0	1
54_sub0	0	1	1	0	0	0	1	0
54_sub1	1	8	3	5	3	5	0	0
54_sub2	0	1	0	1	0	0	0	1
5400_sub0	1	16	10	6	10	6	0	0
5400_sub1	0	1	1	0	0	0	1	0
5400_sub2	0	1	0	1	0	0	0	1
5400_sub3	0	1	0	1	0	0	0	1
5400_sub4	0	1	1	0	0	0	1	0
541_sub0	0	1	0	1	0	0	0	1
541_sub1	0	1	0	1	0	0	0	1
541_sub2	0	1	1	0	0	0	1	0
541_sub3	0	1	0	1	0	0	0	1
541_sub4	1	20	11	9	11	9	0	0
541_sub5	0	1	1	0	0	0	1	0
541_sub6	0	1	0	1	0	0	0	1
5410_sub0	0	1	0	1	0	0	0	1
5410_sub1	0	1	0	1	0	0	0	1
5410_sub2	1	24	14	10	10	10	4	0
5410_sub3	0	1	1	0	0	0	1	0
5410_sub4	0	1	1	0	0	0	1	0
5410_sub5	0	1	0	1	0	0	0	1
5410_sub6	0	1	0	1	0	0	0	1
5412_sub0	1	13	6	7	6	7	0	0
5412_sub1	0	1	1	0	0	0	1	0
5415_sub0	0	1	0	1	0	0	0	1
5415_sub1	0	1	1	0	0	0	1	0
5415_sub2	0	1	1	0	0	0	1	0
5415_sub3	0	1	0	1	0	0	0	1
5415_sub4	0	1	1	0	0	0	1	0
5415_sub5	0	1	1	0	0	0	1	0
5415_sub6	0	1	1	0	0	0	1	0
5415_sub7	0	1	0	1	0	0	0	1
5416_sub0	0	1	0	1	0	0	0	1
5416_sub1	1	11	5	6	5	6	0	0
5416_sub2	0	2	1	1	0	0	1	1
5416_sub3	0	1	1	0	0	0	1	0
5416_sub4	0	1	1	0	0	0	1	0
5416_sub5	0	1	0	1	0	0	0	1
5417_sub0	0	1	1	0	0	0	1	0
5417_sub1	1	8	2	6	2	6	0	0
5417_sub2	0	1	0	1	0	0	0	1
5417_sub3	0	1	0	1	0	0	0	1
5417_sub4	0	1	0	1	0	0	0	1
5417_sub5	0	1	0	1	0	0	0	1
542_sub0	0	1	0	1	0	0	0	1
542_sub1	0	1	0	1	0	0	0	1
542_sub2	1	14	10	4	10	4	0	0
542_sub3	0	1	0	1	0	0	0	1
542_sub4	0	1	0	1	0	0	0	1
5420_sub0	0	1	0	1	0	0	0	1
5420_sub1	0	1	0	1	0	0	0	1
5420_sub2	0	1	1	0	0	0	1	0
5420_sub3	0	1	0	1	0	0	0	1
5420_sub4	0	1	1	0	0	0	1	0
5420_sub5	0	1	0	1	0	0	0	1
5429_sub0	1	18	4	14	4	14	0	0
5429_sub1	0	1	0	1	0	0	0	1
5439_sub0	1	7	3	4	3	4	0	0
5439_sub1	0	1	0	1	0	0	0	1
5439_sub2	0	1	0	1	0	0	0	1
5439_sub3	0	1	1	0	0	0	1	0
544_sub0	0	1	1	0	0	0	1	0
544_sub1	0	1	0	1	0	0	0	1
544_sub2	0	1	0	1	0	0	0	1
544_sub3	1	12	6	6	6	6	0	0
544_sub4	0	1	0	1	0	0	0	1
544_sub5	0	1	0	1	0	0	0	1
544_sub6	0	1	1	0	0	0	1	0
544_sub7	0	1	1	0	0	0	1	0
544_sub8	0	1	1	0	0	0	1	0
5447_sub0	1	17	3	14	3	14	0	0
5447_sub1	0	1	1	0	0	0	1	0
5447_sub2	0	1	1	0	0	0	1	0
5447_sub3	0	1	1	0	0	0	1	0
5451_sub0	0	1	0	1	0	0	0	1
5451_sub1	0	1	1	0	0	0	1	0
5451_sub2	1	26	13	13	10	10	3	3
5458_sub0	1	13	2	11	2	11	0	0
5458_sub1	0	1	1	0	0	0	1	0
5458_sub2	0	1	0	1	0	0	0	1
5458_sub3	0	1	1	0	0	0	1	0
5458_sub4	0	1	0	1	0	0	0	1
5459_sub0	0	1	0	1	0	0	0	1
5459_sub1	1	19	7	12	7	12	0	0
5459_sub2	0	1	1	0	0	0	1	0
5459_sub3	0	1	0	1	0	0	0	1
5459_sub4	0	1	0	1	0	0	0	1
5461_sub0	1	16	6	10	6	10	0	0
5461_sub1	0	1	1	0	0	0	1	0
5461_sub2	0	1	1	0	0	0	1	0
5461_sub3	0	1	0	1	0	0	0	1
5464_sub0	0	1	0	1	0	0	0	1
5464_sub1	1	14	6	8	6	8	0	0
5464_sub2	0	1	1	0	0	0	1	0
5466_sub0	0	1	0	1	0	0	0	1
5466_sub1	0	1	0	1	0	0	0	1
5466_sub2	0	1	0	1	0	0	0	1
5466_sub3	0	1	0	1	0	0	0	1
5466_sub4	0	1	0	1	0	0	0	1
5466_sub5	0	1	0	1	0	0	0	1
5466_sub6	0	1	0	1	0	0	0	1
5466_sub7	0	1	0	1	0	0	0	1
5466_sub8	0	1	1	0	0	0	1	0
5466_sub9	0	1	1	0	0	0	1	0
5470_sub0	1	15	9	6	9	6	0	0
5470_sub1	0	1	1	0	0	0	1	0
5470_sub2	0	1	0	1	0	0	0	1
5470_sub3	0	1	0	1	0	0	0	1
5470_sub4	0	1	0	1	0	0	0	1
5470_sub5	0	1	1	0	0	0	1	0
5470_sub6	0	1	0	1	0	0	0	1
5470_sub7	0	1	0	1	0	0	0	1
5470_sub8	0	1	1	0	0	0	1	0
5470_sub9	0	1	1	0	0	0	1	0
5475_sub0	0	1	0	1	0	0	0	1
5475_sub1	1	12	7	5	7	5	0	0
5492_sub0	0	1	0	1	0	0	0	1
5492_sub1	1	25	11	14	10	10	1	4
5492_sub2	0	1	0	1	0	0	0	1
5494_sub0	0	1	0	1	0	0	0	1
5494_sub1	0	1	0	1	0	0	0	1
5494_sub2	0	1	0	1	0	0	0	1
5494_sub3	0	2	1	1	0	0	1	1
5494_sub4	0	1	0	1	0	0	0	1
5507_sub0	0	1	0	1	0	0	0	1
5507_sub1	0	1	0	1	0	0	0	1
5507_sub2	0	1	0	1	0	0	0	1
5507_sub3	0	1	1	0	0	0	1	0
5507_sub4	0	1	1	0	0	0	1	0
5507_sub5	0	1	1	0	0	0	1	0
551_sub0	0	1	0	1	0	0	0	1
551_sub1	1	10	6	4	6	4	0	0
551_sub2	0	1	0	1	0	0	0	1
5516_sub0	0	5	3	2	0	0	3	2
5516_sub1	0	1	0	1	0	0	0	1
5516_sub2	0	1	1	0	0	0	1	0
5517_sub0	0	1	1	0	0	0	1	0
5517_sub1	1	9	2	7	2	7	0	0
5517_sub2	0	1	1	0	0	0	1	0
5517_sub3	0	1	1	0	0	0	1	0
5523_sub0	1	25	15	10	10	10	5	0
5523_sub1	0	1	1	0	0	0	1	0
5523_sub2	0	1	1	0	0	0	1	0
5523_sub3	0	1	0	1	0	0	0	1
5523_sub4	0	1	1	0	0	0	1	0
5523_sub5	0	1	1	0	0	0	1	0
5523_sub6	0	1	0	1	0	0	0	1
5523_sub7	0	1	0	1	0	0	0	1
5523_sub8	0	1	1	0	0	0	1	0
5523_sub9	0	1	1	0	0	0	1	0
5524_sub0	0	1	0	1	0	0	0	1
5524_sub1	0	2	0	2	0	0	0	2
5524_sub2	0	1	0	1	0	0	0	1
5524_sub3	0	1	1	0	0	0	1	0
5524_sub4	0	1	1	0	0	0	1	0
5524_sub5	0	1	0	1	0	0	0	1
5524_sub6	0	1	1	0	0	0	1	0
5525_sub0	1	11	5	6	5	6	0	0
5525_sub1	0	1	0	1	0	0	0	1
5525_sub2	0	1	0	1	0	0	0	1
5525_sub3	0	1	1	0	0	0	1	0
5525_sub4	0	1	1	0	0	0	1	0
5525_sub5	0	1	0	1	0	0	0	1
5525_sub6	0	1	0	1	0	0	0	1
5525_sub7	0	1	1	0	0	0	1	0
5529_sub0	0	1	0	1	0	0	0	1
5529_sub1	0	1	0	1	0	0	0	1
5529_sub2	0	4	3	1	0	0	3	1
5529_sub3	0	1	1	0	0	0	1	0
553_sub0	0	1	0	1	0	0	0	1
553_sub1	1	7	4	3	4	3	0	0
553_sub2	0	1	0	1	0	0	0	1
553_sub3	0	1	0	1	0	0	0	1
5530_sub0	0	1	1	0	0	0	1	0
5530_sub1	1	8	4	4	4	4	0	0
5535_sub0	0	1	1	0	0	0	1	0
5535_sub1	0	1	0	1	0	0	0	1
5535_sub2	0	1	1	0	0	0	1	0
5535_sub3	0	1	0	1	0	0	0	1
5535_sub4	0	1	1	0	0	0	1	0
5535_sub5	0	1	1	0	0	0	1	0
5542_sub0	0	1	1	0	0	0	1	0
5542_sub1	0	1	0	1	0	0	0	1
5542_sub2	1	12	8	4	8	4	0	0
5547_sub0	0	1	0	1	0	0	0	1
5547_sub1	1	18	10	8	10	8	0	0
5547_sub2	0	1	0	1	0	0	0	1
555_sub0	0	1	1	0	0	0	1	0
555_sub1	1	7	3	4	3	4	0	0
555_sub2	0	1	1	0	0	0	1	0
555_sub3	0	1	1	0	0	0	1	0
555_sub4	0	1	0	1	0	0	0	1
555_sub5	0	1	1	0	0	0	1	0
555_sub6	0	1	1	0	0	0	1	0
5551_sub0	0	1	0	1	0	0	0	1
5551_sub1	0	1	0	1	0	0	0	1
5551_sub2	0	1	1	0	0	0	1	0
5551_sub3	1	12	5	7	5	7	0	0
5553_sub0	1	23	17	6	14	6	3	0
5553_sub1	0	1	0	1	0	0	0	1
5553_sub2	0	1	0	1	0	0	0	1
5553_sub3	0	1	0	1	0	0	0	1
5554_sub0	0	1	0	1	0	0	0	1
5554_sub1	1	11	6	5	6	5	0	0
5554_sub2	0	1	0	1	0	0	0	1
5554_sub3	0	1	0	1	0	0	0	1
5554_sub4	0	1	1	0	0	0	1	0
5554_sub5	0	1	0	1	0	0	0	1
5555_sub0	0	1	0	1	0	0	0	1
5555_sub1	0	1	1	0	0	0	1	0
5555_sub2	0	1	0	1	0	0	0	1
5555_sub3	0	1	0	1	0	0	0	1
5555_sub4	0	1	0	1	0	0	0	1
5555_sub5	0	1	1	0	0	0	1	0
5555_sub6	0	1	1	0	0	0	1	0
5556_sub0	0	1	0	1	0	0	0	1
5556_sub1	1	13	10	3	10	3	0	0
5557_sub0	1	17	10	7	10	7	0	0
5557_sub1	0	1	1	0	0	0	1	0
5557_sub2	0	1	0	1	0	0	0	1
556_sub0	0	1	0	1	0	0	0	1
556_sub1	1	6	2	4	2	4	0	0
556_sub2	0	1	1	0	0	0	1	0
556_sub3	0	1	0	1	0	0	0	1
556_sub4	0	1	1	0	0	0	1	0
5562_sub0	1	11	9	2	9	2	0	0
5562_sub1	0	1	1	0	0	0	1	0
5562_sub2	0	1	1	0	0	0	1	0
5562_sub3	0	1	0	1	0	0	0	1
5562_sub4	0	1	0	1	0	0	0	1
5562_sub5	0	1	0	1	0	0	0	1
5570_sub0	0	1	0	1	0	0	0	1
5570_sub1	0	1	0	1	0	0	0	1
5570_sub2	0	1	1	0	0	0	1	0
5570_sub3	0	1	1	0	0	0	1	0
5570_sub4	0	1	1	0	0	0	1	0
5570_sub5	0	1	0	1	0	0	0	1
5570_sub6	0	1	1	0	0	0	1	0
5571_sub0	0	1	0	1	0	0	0	1
5571_sub1	1	12	7	5	7	5	0	0
5571_sub2	0	1	1	0	0	0	1	0
5579_sub0	1	15	6	9	6	9	0	0
5579_sub1	0	1	0	1	0	0	0	1
5579_sub2	0	1	1	0	0	0	1	0
5579_sub3	0	1	1	0	0	0	1	0
558_sub0	0	1	0	1	0	0	0	1
558_sub1	0	1	0	1	0	0	0	1
558_sub2	0	1	0	1	0	0	0	1
558_sub3	0	1	0	1	0	0	0	1
558_sub4	0	1	0	1	0	0	0	1
558_sub5	0	1	0	1	0	0	0	1
558_sub6	0	1	0	1	0	0	0	1
5581_sub0	0	1	0	1	0	0	0	1
5581_sub1	0	1	1	0	0	0	1	0
5581_sub2	0	1	1	0	0	0	1	0
5581_sub3	0	1	1	0	0	0	1	0
5581_sub4	0	1	1	0	0	0	1	0
5581_sub5	0	1	1	0	0	0	1	0
5581_sub6	0	1	1	0	0	0	1	0
5582_sub0	0	1	1	0	0	0	1	0
5582_sub1	1	15	9	6	9	6	0	0
5582_sub2	0	1	1	0	0	0	1	0
5582_sub3	0	1	0	1	0	0	0	1
5582_sub4	0	1	0	1	0	0	0	1
5585_sub0	0	1	0	1	0	0	0	1
5585_sub1	0	1	0	1	0	0	0	1
5585_sub2	0	1	0	1	0	0	0	1
5585_sub3	0	1	0	1	0	0	0	1
5585_sub4	0	1	1	0	0	0	1	0
5585_sub5	0	1	1	0	0	0	1	0
5588_sub0	0	1	0	1	0	0	0	1
5588_sub1	1	13	4	9	4	9	0	0
5588_sub2	0	1	1	0	0	0	1	0
5588_sub3	0	1	0	1	0	0	0	1
5588_sub4	0	1	0	1	0	0	0	1
5588_sub5	0	1	1	0	0	0	1	0
5592_sub0	1	22	11	11	10	10	1	1
5592_sub1	0	1	0	1	0	0	0	1
5592_sub2	0	1	0	1	0	0	0	1
56_sub0	0	1	0	1	0	0	0	1
56_sub1	0	1	1	0	0	0	1	0
56_sub2	1	9	4	5	4	5	0	0
56_sub3	0	1	0	1	0	0	0	1
56_sub4	0	1	0	1	0	0	0	1
5603_sub0	1	25	14	11	10	10	4	1
5603_sub1	0	1	1	0	0	0	1	0
5603_sub2	0	2	1	1	0	0	1	1
5603_sub3	0	1	0	1	0	0	0	1
5603_sub4	0	1	1	0	0	0	1	0
5607_sub0	0	1	0	1	0	0	0	1
5607_sub1	1	9	3	6	3	6	0	0
5607_sub2	0	1	0	1	0	0	0	1
5619_sub0	0	1	0	1	0	0	0	1
5619_sub1	0	1	0	1	0	0	0	1
5619_sub2	0	1	0	1	0	0	0	1
5619_sub3	0	1	0	1	0	0	0	1
5619_sub4	0	1	0	1	0	0	0	1
5619_sub5	0	1	0	1	0	0	0	1
5626_sub0	1	23	15	8	12	8	3	0
5626_sub1	0	1	1	0	0	0	1	0
5626_sub2	0	1	1	0	0	0	1	0
5627_sub0	1	17	6	11	6	11	0	0
5627_sub1	0	1	0	1	0	0	0	1
5627_sub2	0	1	1	0	0	0	1	0
5627_sub3	0	1	0	1	0	0	0	1
5627_sub4	0	1	0	1	0	0	0	1
5629_sub0	0	1	0	1	0	0	0	1
5629_sub1	0	1	0	1	0	0	0	1
5629_sub2	0	1	0	1	0	0	0	1
5629_sub3	0	1	1	0	0	0	1	0
5629_sub4	0	1	1	0	0	0	1	0
5629_sub5	0	1	1	0	0	0	1	0
5629_sub6	0	1	1	0	0	0	1	0
5629_sub7	0	1	0	1	0	0	0	1
5630_sub0	0	1	0	1	0	0	0	1
5630_sub1	1	10	4	6	4	6	0	0
5630_sub2	0	1	0	1	0	0	0	1
5630_sub3	0	1	0	1	0	0	0	1
5630_sub4	0	1	0	1	0	0	0	1
5633_sub0	0	1	0	1	0	0	0	1
5633_sub1	1	6	3	3	3	3	0	0
5633_sub2	0	1	0	1	0	0	0	1
5634_sub0	0	1	0	1	0	0	0	1
5634_sub1	1	15	13	2	13	2	0	0
5635_sub0	1	10	6	4	6	4	0	0
5635_sub1	0	1	0	1	0	0	0	1
5635_sub2	0	1	1	0	0	0	1	0
5635_sub3	0	1	0	1	0	0	0	1
5635_sub4	0	1	1	0	0	0	1	0
5637_sub0	1	14	10	4	10	4	0	0
5637_sub1	0	1	1	0	0	0	1	0
5637_sub2	0	1	0	1	0	0	0	1
5637_sub3	0	1	1	0	0	0	1	0
5637_sub4	0	1	1	0	0	0	1	0
5637_sub5	0	1	1	0	0	0	1	0
5641_sub0	0	1	0	1	0	0	0	1
5641_sub1	0	1	1	0	0	0	1	0
5641_sub2	0	1	0	1	0	0	0	1
5641_sub3	1	18	8	10	8	10	0	0
5641_sub4	0	1	1	0	0	0	1	0
5641_sub5	0	1	1	0	0	0	1	0
5641_sub6	0	1	0	1	0	0	0	1
5641_sub7	0	1	0	1	0	0	0	1
5641_sub8	0	1	0	1	0	0	0	1
5641_sub9	0	1	0	1	0	0	0	1
5644_sub0	1	20	7	13	7	13	0	0
5644_sub1	0	1	1	0	0	0	1	0
5644_sub2	0	1	0	1	0	0	0	1
5647_sub0	0	1	0	1	0	0	0	1
5647_sub1	0	1	0	1	0	0	0	1
5647_sub2	0	1	0	1	0	0	0	1
5647_sub3	0	1	1	0	0	0	1	0
5647_sub4	0	1	0	1	0	0	0	1
5647_sub5	0	1	1	0	0	0	1	0
5647_sub6	0	1	0	1	0	0	0	1
5650_sub0	1	20	11	9	11	9	0	0
5650_sub1	0	1	0	1	0	0	0	1
5650_sub2	0	1	1	0	0	0	1	0
5650_sub3	0	1	1	0	0	0	1	0
5650_sub4	0	1	1	0	0	0	1	0
5650_sub5	0	1	0	1	0	0	0	1
5652_sub0	1	7	3	4	3	4	0	0
5653_sub0	0	1	1	0	0	0	1	0
5653_sub1	1	13	7	6	7	6	0	0
5654_sub0	1	11	2	9	2	9	0	0
5654_sub1	0	1	1	0	0	0	1	0
5654_sub2	0	1	1	0	0	0	1	0
5657_sub0	0	1	0	1	0	0	0	1
5657_sub1	0	1	1	0	0	0	1	0
5657_sub2	0	1	0	1	0	0	0	1
5657_sub3	0	1	0	1	0	0	0	1
5657_sub4	0	1	1	0	0	0	1	0
5657_sub5	0	1	1	0	0	0	1	0
5657_sub6	0	1	0	1	0	0	0	1
5664_sub0	1	6	6	0	6	0	0	0
5664_sub1	0	1	1	0	0	0	1	0
567_sub0	0	1	0	1	0	0	0	1
567_sub1	1	9	3	6	3	6	0	0
567_sub2	0	1	0	1	0	0	0	1
567_sub3	0	1	0	1	0	0	0	1
5670_sub0	0	1	1	0	0	0	1	0
5670_sub1	0	1	0	1	0	0	0	1
5670_sub2	0	1	1	0	0	0	1	0
5670_sub3	0	1	0	1	0	0	0	1
5670_sub4	0	1	1	0	0	0	1	0
5670_sub5	0	1	1	0	0	0	1	0
5679_sub0	1	20	10	10	10	10	0	0
5679_sub1	0	1	1	0	0	0	1	0
5679_sub2	0	1	0	1	0	0	0	1
5679_sub3	0	1	0	1	0	0	0	1
5679_sub4	0	1	0	1	0	0	0	1
5679_sub5	0	1	1	0	0	0	1	0
5679_sub6	0	1	0	1	0	0	0	1
5684_sub0	0	1	0	1	0	0	0	1
5684_sub1	1	14	8	6	8	6	0	0
5684_sub2	0	1	1	0	0	0	1	0
5684_sub3	0	2	0	2	0	0	0	2
5684_sub4	0	1	1	0	0	0	1	0
5692_sub0	0	1	0	1	0	0	0	1
5692_sub1	0	5	2	3	0	0	2	3
5692_sub2	0	1	0	1	0	0	0	1
5692_sub3	0	1	1	0	0	0	1	0
5698_sub0	0	1	1	0	0	0	1	0
5698_sub1	1	8	2	6	2	6	0	0
570_sub0	0	1	1	0	0	0	1	0
570_sub1	1	15	6	9	6	9	0	0
570_sub2	0	1	0	1	0	0	0	1
570_sub3	0	1	0	1	0	0	0	1
570_sub4	0	1	1	0	0	0	1	0
5700_sub0	0	1	0	1	0	0	0	1
5700_sub1	1	16	7	9	7	9	0	0
5700_sub2	0	1	1	0	0	0	1	0
5700_sub3	0	1	0	1	0	0	0	1
5700_sub4	0	1	0	1	0	0	0	1
5700_sub5	0	1	0	1	0	0	0	1
5700_sub6	0	1	1	0	0	0	1	0
5700_sub7	0	1	0	1	0	0	0	1
5700_sub8	0	1	1	0	0	0	1	0
5707_sub0	1	23	12	11	10	10	2	1
5707_sub1	0	1	1	0	0	0	1	0
5707_sub2	0	1	0	1	0	0	0	1
5707_sub3	0	1	1	0	0	0	1	0
5707_sub4	0	1	1	0	0	0	1	0
5707_sub5	0	1	1	0	0	0	1	0
5707_sub6	0	1	1	0	0	0	1	0
5707_sub7	0	1	1	0	0	0	1	0
571_sub0	0	1	0	1	0	0	0	1
571_sub1	0	1	0	1	0	0	0	1
571_sub2	1	8	6	2	6	2	0	0
571_sub3	0	1	1	0	0	0	1	0
5713_sub0	0	1	1	0	0	0	1	0
5713_sub1	1	7	4	3	4	3	0	0
572_sub0	0	1	1	0	0	0	1	0
572_sub1	0	1	1	0	0	0	1	0
572_sub2	0	1	1	0	0	0	1	0
572_sub3	0	1	1	0	0	0	1	0
572_sub4	0	1	1	0	0	0	1	0
572_sub5	0	1	0	1	0	0	0	1
5721_sub0	1	11	2	9	2	9	0	0
5721_sub1	0	1	0	1	0	0	0	1
5737_sub0	0	1	0	1	0	0	0	1
5737_sub1	0	1	1	0	0	0	1	0
5737_sub2	0	1	1	0	0	0	1	0
5737_sub3	0	1	0	1	0	0	0	1
5737_sub4	0	1	1	0	0	0	1	0
5737_sub5	0	1	0	1	0	0	0	1
5743_sub0	0	1	1	0	0	0	1	0
5743_sub1	0	5	4	1	0	0	4	1
5743_sub2	0	1	1	0	0	0	1	0
5743_sub3	0	1	0	1	0	0	0	1
5743_sub4	0	1	0	1	0	0	0	1
5747_sub0	0	1	1	0	0	0	1	0
5747_sub1	1	24	9	15	9	11	0	4
5747_sub2	0	1	0	1	0	0	0	1
5747_sub3	0	1	0	1	0	0	0	1
5747_sub4	0	1	0	1	0	0	0	1
575_sub0	0	1	1	0	0	0	1	0
575_sub1	0	1	0	1	0	0	0	1
575_sub2	0	1	0	1	0	0	0	1
575_sub3	0	1	0	1	0	0	0	1
575_sub4	0	1	0	1	0	0	0	1
575_sub5	0	1	0	1	0	0	0	1
575_sub6	0	1	1	0	0	0	1	0
575_sub7	0	1	0	1	0	0	0	1
575_sub8	0	1	0	1	0	0	0	1
5752_sub0	1	10	5	5	5	5	0	0
5752_sub1	0	1	0	1	0	0	0	1
5752_sub2	0	1	0	1	0	0	0	1
5752_sub3	0	1	0	1	0	0	0	1
5752_sub4	0	1	0	1	0	0	0	1
5752_sub5	0	1	0	1	0	0	0	1
5754_sub0	0	1	0	1	0	0	0	1
5754_sub1	0	1	1	0	0	0	1	0
5754_sub2	0	1	1	0	0	0	1	0
5754_sub3	0	1	1	0	0	0	1	0
5754_sub4	0	1	0	1	0	0	0	1
5754_sub5	0	1	1	0	0	0	1	0
5754_sub6	0	1	0	1	0	0	0	1
5754_sub7	0	1	1	0	0	0	1	0
5754_sub8	0	1	1	0	0	0	1	0
5757_sub0	1	12	3	9	3	9	0	0
5757_sub1	0	1	1	0	0	0	1	0
5757_sub2	0	1	0	1	0	0	0	1
5758_sub0	0	1	0	1	0	0	0	1
5758_sub1	1	8	4	4	4	4	0	0
5758_sub2	0	1	0	1	0	0	0	1
5758_sub3	0	1	1	0	0	0	1	0
5758_sub4	0	1	1	0	0	0	1	0
5758_sub5	0	1	0	1	0	0	0	1
5758_sub6	0	1	0	1	0	0	0	1
5758_sub7	0	1	1	0	0	0	1	0
576_sub0	0	1	0	1	0	0	0	1
576_sub1	0	1	0	1	0	0	0	1
576_sub2	1	23	12	11	10	10	2	1
576_sub3	0	1	1	0	0	0	1	0
576_sub4	0	1	0	1	0	0	0	1
576_sub5	0	1	1	0	0	0	1	0
5760_sub0	1	14	8	6	8	6	0	0
5760_sub1	0	1	0	1	0	0	0	1
5765_sub0	1	23	8	15	8	12	0	3
5765_sub1	0	1	1	0	0	0	1	0
5765_sub2	0	1	0	1	0	0	0	1
5765_sub3	0	1	1	0	0	0	1	0
5765_sub4	0	1	1	0	0	0	1	0
5765_sub5	0	1	1	0	0	0	1	0
5765_sub6	0	1	0	1	0	0	0	1
5765_sub7	0	1	0	1	0	0	0	1
5766_sub0	0	1	0	1	0	0	0	1
5766_sub1	0	1	0	1	0	0	0	1
5766_sub2	0	1	0	1	0	0	0	1
5766_sub3	0	1	1	0	0	0	1	0
5766_sub4	0	1	0	1	0	0	0	1
5766_sub5	0	1	0	1	0	0	0	1
5766_sub6	0	1	0	1	0	0	0	1
5770_sub0	1	12	7	5	7	5	0	0
5770_sub1	0	1	1	0	0	0	1	0
5770_sub2	0	1	1	0	0	0	1	0
5770_sub3	0	1	0	1	0	0	0	1
5778_sub0	1	18	8	10	8	10	0	0
5778_sub1	0	1	0	1	0	0	0	1
5778_sub2	0	1	0	1	0	0	0	1
5778_sub3	0	1	0	1	0	0	0	1
5778_sub4	0	1	0	1	0	0	0	1
5778_sub5	0	1	0	1	0	0	0	1
5780_sub0	0	1	0	1	0	0	0	1
5780_sub1	0	1	1	0	0	0	1	0
5780_sub2	0	1	1	0	0	0	1	0
5780_sub3	0	1	1	0	0	0	1	0
5780_sub4	0	1	1	0	0	0	1	0
5780_sub5	0	1	0	1	0	0	0	1
5780_sub6	0	1	1	0	0	0	1	0
5780_sub7	0	1	0	1	0	0	0	1
5785_sub0	0	1	0	1	0	0	0	1
5785_sub1	0	1	1	0	0	0	1	0
5785_sub2	0	1	0	1	0	0	0	1
5785_sub3	0	1	1	0	0	0	1	0
5785_sub4	0	1	1	0	0	0	1	0
5785_sub5	0	1	0	1	0	0	0	1
5785_sub6	0	1	0	1	0	0	0	1
5786_sub0	1	18	9	9	9	9	0	0
5786_sub1	0	1	0	1	0	0	0	1
5786_sub2	0	1	1	0	0	0	1	0
5786_sub3	0	1	0	1	0	0	0	1
5786_sub4	0	1	0	1	0	0	0	1
5786_sub5	0	1	1	0	0	0	1	0
5791_sub0	1	27	10	17	10	10	0	7
5791_sub1	0	1	1	0	0	0	1	0
5791_sub2	0	1	1	0	0	0	1	0
5791_sub3	0	1	1	0	0	0	1	0
5794_sub0	1	30	14	16	10	10	4	6
5794_sub1	0	1	1	0	0	0	1	0
5794_sub2	0	1	1	0	0	0	1	0
5794_sub3	0	1	1	0	0	0	1	0
5794_sub4	0	1	1	0	0	0	1	0
5794_sub5	0	1	1	0	0	0	1	0
5797_sub0	1	21	12	9	11	9	1	0
5797_sub1	0	1	0	1	0	0	0	1
5797_sub2	0	1	1	0	0	0	1	0
5797_sub3	0	1	0	1	0	0	0	1
5797_sub4	0	1	1	0	0	0	1	0
5799_sub0	1	13	6	7	6	7	0	0
5799_sub1	0	1	0	1	0	0	0	1
5802_sub0	1	11	7	4	7	4	0	0
5802_sub1	0	1	0	1	0	0	0	1
5808_sub0	0	1	0	1	0	0	0	1
5808_sub1	1	8	3	5	3	5	0	0
581_sub0	0	1	0	1	0	0	0	1
581_sub1	1	17	5	12	5	12	0	0
581_sub2	0	1	1	0	0	0	1	0
581_sub3	0	1	1	0	0	0	1	0
581_sub4	0	1	1	0	0	0	1	0
5817_sub0	0	1	0	1	0	0	0	1
5817_sub1	0	1	1	0	0	0	1	0
5817_sub2	0	1	1	0	0	0	1	0
5817_sub3	0	1	0	1	0	0	0	1
5817_sub4	0	1	1	0	0	0	1	0
5817_sub5	0	1	0	1	0	0	0	1
5818_sub0	0	1	1	0	0	0	1	0
5818_sub1	0	1	0	1	0	0	0	1
5818_sub2	1	28	10	18	10	10	0	8
5818_sub3	0	1	0	1	0	0	0	1
5820_sub0	0	1	0	1	0	0	0	1
5820_sub1	0	1	1	0	0	0	1	0
5820_sub2	0	1	0	1	0	0	0	1
5820_sub3	0	1	0	1	0	0	0	1
5820_sub4	0	1	0	1	0	0	0	1
5820_sub5	0	1	0	1	0	0	0	1
5820_sub6	0	1	1	0	0	0	1	0
5824_sub0	1	29	13	16	10	10	3	6
5824_sub1	0	1	0	1	0	0	0	1
5824_sub2	0	1	1	0	0	0	1	0
5824_sub3	0	1	1	0	0	0	1	0
5824_sub4	0	1	0	1	0	0	0	1
5824_sub5	0	1	1	0	0	0	1	0
5824_sub6	0	4	0	4	0	0	0	4
5824_sub7	0	1	0	1	0	0	0	1
5825_sub0	0	1	1	0	0	0	1	0
5825_sub1	1	16	9	7	9	7	0	0
5825_sub2	0	1	0	1	0	0	0	1
5825_sub3	0	1	0	1	0	0	0	1
5825_sub4	0	1	1	0	0	0	1	0
5825_sub5	0	1	0	1	0	0	0	1
5825_sub6	0	1	0	1	0	0	0	1
5826_sub0	1	7	1	6	1	6	0	0
5826_sub1	0	1	1	0	0	0	1	0
5828_sub0	1	18	11	7	11	7	0	0
5828_sub1	0	1	1	0	0	0	1	0
5828_sub2	0	1	1	0	0	0	1	0
5828_sub3	0	1	1	0	0	0	1	0
5828_sub4	0	1	0	1	0	0	0	1
5828_sub5	0	1	0	1	0	0	0	1
5831_sub0	0	1	0	1	0	0	0	1
5831_sub1	0	1	1	0	0	0	1	0
5831_sub2	0	1	0	1	0	0	0	1
5831_sub3	0	1	0	1	0	0	0	1
5831_sub4	0	1	1	0	0	0	1	0
5831_sub5	0	1	0	1	0	0	0	1
5831_sub6	0	1	1	0	0	0	1	0
5831_sub7	0	1	0	1	0	0	0	1
5833_sub0	0	1	0	1	0	0	0	1
5833_sub1	1	13	5	8	5	8	0	0
5833_sub2	0	1	0	1	0	0	0	1
5833_sub3	0	1	0	1	0	0	0	1
5838_sub0	0	1	0	1	0	0	0	1
5838_sub1	0	5	3	2	0	0	3	2
5838_sub2	0	1	0	1	0	0	0	1
584_sub0	0	1	1	0	0	0	1	0
584_sub1	1	7	2	5	2	5	0	0
5842_sub0	0	1	0	1	0	0	0	1
5842_sub1	1	34	22	12	10	10	12	2
5842_sub2	0	1	1	0	0	0	1	0
5842_sub3	0	1	1	0	0	0	1	0
5842_sub4	0	1	1	0	0	0	1	0
5842_sub5	0	1	0	1	0	0	0	1
5842_sub6	0	1	1	0	0	0	1	0
5844_sub0	0	1	1	0	0	0	1	0
5844_sub1	0	1	1	0	0	0	1	0
5844_sub2	1	26	13	13	10	10	3	3
5844_sub3	0	1	1	0	0	0	1	0
5844_sub4	0	1	0	1	0	0	0	1
5844_sub5	0	1	0	1	0	0	0	1
5844_sub6	0	1	0	1	0	0	0	1
586_sub0	0	2	0	2	0	0	0	2
586_sub1	0	1	1	0	0	0	1	0
586_sub2	1	7	3	4	3	4	0	0
586_sub3	0	1	1	0	0	0	1	0
586_sub4	0	1	1	0	0	0	1	0
5862_sub0	1	11	4	7	4	7	0	0
5862_sub1	0	1	0	1	0	0	0	1
5862_sub2	0	1	1	0	0	0	1	0
5862_sub3	0	1	0	1	0	0	0	1
5862_sub4	0	1	0	1	0	0	0	1
5875_sub0	0	1	1	0	0	0	1	0
5875_sub1	1	15	7	8	7	8	0	0
5875_sub2	0	1	0	1	0	0	0	1
5875_sub3	0	1	1	0	0	0	1	0
5875_sub4	0	1	1	0	0	0	1	0
5875_sub5	0	1	1	0	0	0	1	0
5877_sub0	0	1	1	0	0	0	1	0
5877_sub1	1	15	8	7	8	7	0	0
5887_sub0	0	1	1	0	0	0	1	0
5887_sub1	0	1	0	1	0	0	0	1
5887_sub2	0	1	1	0	0	0	1	0
5887_sub3	0	1	1	0	0	0	1	0
5887_sub4	0	1	1	0	0	0	1	0
5887_sub5	0	1	1	0	0	0	1	0
5887_sub6	0	1	1	0	0	0	1	0
5887_sub7	0	1	1	0	0	0	1	0
5887_sub8	0	1	0	1	0	0	0	1
5888_sub0	0	1	1	0	0	0	1	0
5888_sub1	1	15	8	7	8	7	0	0
5890_sub0	0	1	0	1	0	0	0	1
5890_sub1	1	29	8	21	8	12	0	9
5890_sub2	0	1	0	1	0	0	0	1
5890_sub3	0	1	0	1	0	0	0	1
5890_sub4	0	1	0	1	0	0	0	1
5895_sub0	0	1	0	1	0	0	0	1
5895_sub1	0	1	0	1	0	0	0	1
5895_sub2	0	1	0	1	0	0	0	1
5895_sub3	0	1	0	1	0	0	0	1
5895_sub4	0	1	0	1	0	0	0	1
5895_sub5	0	1	0	1	0	0	0	1
59_sub0	0	1	0	1	0	0	0	1
59_sub1	1	23	8	15	8	12	0	3
59_sub2	0	1	1	0	0	0	1	0
59_sub3	0	1	1	0	0	0	1	0
59_sub4	0	1	1	0	0	0	1	0
59_sub5	0	1	0	1	0	0	0	1
59_sub6	0	1	0	1	0	0	0	1
59_sub7	0	1	0	1	0	0	0	1
59_sub8	0	1	0	1	0	0	0	1
5900_sub0	0	1	0	1	0	0	0	1
5900_sub1	0	1	0	1	0	0	0	1
5900_sub2	0	1	1	0	0	0	1	0
5900_sub3	0	1	1	0	0	0	1	0
5900_sub4	0	1	0	1	0	0	0	1
5900_sub5	0	1	0	1	0	0	0	1
5900_sub6	0	1	1	0	0	0	1	0
591_sub0	0	1	1	0	0	0	1	0
591_sub1	0	1	1	0	0	0	1	0
591_sub2	1	16	5	11	5	11	0	0
591_sub3	0	1	0	1	0	0	0	1
591_sub4	0	1	0	1	0	0	0	1
591_sub5	0	1	1	0	0	0	1	0
591_sub6	0	1	1	0	0	0	1	0
591_sub7	0	1	0	1	0	0	0	1
591_sub8	0	1	0	1	0	0	0	1
591_sub9	0	1	0	1	0	0	0	1
5911_sub0	0	1	0	1	0	0	0	1
5911_sub1	0	1	1	0	0	0	1	0
5911_sub2	0	1	0	1	0	0	0	1
5911_sub3	0	1	1	0	0	0	1	0
5911_sub4	0	1	0	1	0	0	0	1
5911_sub5	0	1	1	0	0	0	1	0
5916_sub0	0	1	0	1	0	0	0	1
5916_sub1	0	1	0	1	0	0	0	1
5916_sub2	0	1	0	1	0	0	0	1
5916_sub3	0	1	1	0	0	0	1	0
5916_sub4	0	1	0	1	0	0	0	1
5916_sub5	0	1	0	1	0	0	0	1
5917_sub0	1	17	7	10	7	10	0	0
5917_sub1	0	1	0	1	0	0	0	1
5917_sub2	0	1	0	1	0	0	0	1
5924_sub0	0	1	1	0	0	0	1	0
5924_sub1	0	1	1	0	0	0	1	0
5924_sub2	1	11	8	3	8	3	0	0
5924_sub3	0	1	1	0	0	0	1	0
5924_sub4	0	1	0	1	0	0	0	1
593_sub0	0	1	0	1	0	0	0	1
593_sub1	1	14	9	5	9	5	0	0
593_sub2	0	1	1	0	0	0	1	0
593_sub3	0	1	0	1	0	0	0	1
5944_sub0	0	1	0	1	0	0	0	1
5944_sub1	0	1	0	1	0	0	0	1
5944_sub2	0	1	1	0	0	0	1	0
5944_sub3	0	1	0	1	0	0	0	1
5944_sub4	0	1	1	0	0	0	1	0
5944_sub5	0	1	0	1	0	0	0	1
5944_sub6	0	1	0	1	0	0	0	1
5945_sub0	0	2	0	2	0	0	0	2
5945_sub1	1	20	9	11	9	11	0	0
5945_sub2	0	1	1	0	0	0	1	0
5945_sub3	0	1	0	1	0	0	0	1
5945_sub4	0	1	1	0	0	0	1	0
5945_sub5	0	1	1	0	0	0	1	0
5947_sub0	1	13	9	4	9	4	0	0
5947_sub1	0	1	1	0	0	0	1	0
5948_sub0	0	1	1	0	0	0	1	0
5948_sub1	1	16	4	12	4	12	0	0
5955_sub0	0	1	0	1	0	0	0	1
5955_sub1	1	12	4	8	4	8	0	0
5955_sub2	0	1	1	0	0	0	1	0
5955_sub3	0	1	1	0	0	0	1	0
5955_sub4	0	1	0	1	0	0	0	1
5955_sub5	0	1	0	1	0	0	0	1
5963_sub0	0	1	0	1	0	0	0	1
5963_sub1	0	1	1	0	0	0	1	0
5963_sub2	0	1	0	1	0	0	0	1
5963_sub3	0	1	1	0	0	0	1	0
5963_sub4	0	1	1	0	0	0	1	0
5963_sub5	0	1	0	1	0	0	0	1
5963_sub6	0	1	1	0	0	0	1	0
5963_sub7	0	1	0	1	0	0	0	1
5963_sub8	0	1	1	0	0	0	1	0
5965_sub0	0	1	1	0	0	0	1	0
5965_sub1	0	1	0	1	0	0	0	1
5965_sub2	1	6	3	3	3	3	0	0
5965_sub3	0	1	0	1	0	0	0	1
5965_sub4	0	1	1	0	0	0	1	0
5967_sub0	0	1	0	1	0	0	0	1
5967_sub1	1	7	4	3	4	3	0	0
5967_sub2	0	1	0	1	0	0	0	1
5968_sub0	0	1	0	1	0	0	0	1
5968_sub1	1	11	8	3	8	3	0	0
5968_sub2	0	1	1	0	0	0	1	0
5968_sub3	0	1	1	0	0	0	1	0
5968_sub4	0	1	0	1	0	0	0	1
5968_sub5	0	1	1	0	0	0	1	0
5968_sub6	0	1	1	0	0	0	1	0
5969_sub0	0	1	0	1	0	0	0	1
5969_sub1	0	1	1	0	0	0	1	0
5969_sub2	0	1	1	0	0	0	1	0
5969_sub3	0	1	0	1	0	0	0	1
5969_sub4	0	1	0	1	0	0	0	1
5969_sub5	0	1	1	0	0	0	1	0
597_sub0	0	1	1	0	0	0	1	0
597_sub1	1	8	7	1	7	1	0	0
597_sub2	0	1	1	0	0	0	1	0
597_sub3	0	1	1	0	0	0	1	0
5978_sub0	1	25	13	12	10	10	3	2
5978_sub1	0	1	1	0	0	0	1	0
5978_sub2	0	1	0	1	0	0	0	1
5978_sub3	0	1	0	1	0	0	0	1
5978_sub4	0	1	1	0	0	0	1	0
5978_sub5	0	1	0	1	0	0	0	1
5978_sub6	0	1	0	1	0	0	0	1
5978_sub7	0	1	0	1	0	0	0	1
5978_sub8	0	1	0	1	0	0	0	1
5991_sub0	1	12	4	8	4	8	0	0
5991_sub1	0	1	1	0	0	0	1	0
5991_sub2	0	1	0	1	0	0	0	1
5991_sub3	0	1	0	1	0	0	0	1
5997_sub0	0	1	1	0	0	0	1	0
5997_sub1	1	12	5	7	5	7	0	0
5997_sub2	0	1	0	1	0	0	0	1
5999_sub0	0	1	0	1	0	0	0	1
5999_sub1	0	1	0	1	0	0	0	1
5999_sub2	0	1	0	1	0	0	0	1
5999_sub3	0	1	1	0	0	0	1	0
5999_sub4	0	1	0	1	0	0	0	1
5999_sub5	0	1	0	1	0	0	0	1
60_sub0	0	1	1	0	0	0	1	0
60_sub1	0	1	0	1	0	0	0	1
60_sub2	1	18	9	9	9	9	0	0
60_sub3	0	1	1	0	0	0	1	0
60_sub4	0	1	0	1	0	0	0	1
60_sub5	0	1	1	0	0	0	1	0
6004_sub0	1	13	9	4	9	4	0	0
6004_sub1	0	1	0	1	0	0	0	1
6004_sub2	0	1	0	1	0	0	0	1
6004_sub3	0	1	1	0	0	0	1	0
6004_sub4	0	1	1	0	0	0	1	0
6009_sub0	0	1	1	0	0	0	1	0
6009_sub1	1	18	7	11	7	11	0	0
6009_sub2	0	1	1	0	0	0	1	0
6009_sub3	0	1	0	1	0	0	0	1
6009_sub4	0	1	0	1	0	0	0	1
6009_sub5	0	1	0	1	0	0	0	1
6013_sub0	1	7	4	3	4	3	0	0
6013_sub1	0	3	0	3	0	0	0	3
6017_sub0	0	1	0	1	0	0	0	1
6017_sub1	0	1	0	1	0	0	0	1
6017_sub2	0	1	0	1	0	0	0	1
6017_sub3	0	1	0	1	0	0	0	1
6017_sub4	0	1	1	0	0	0	1	0
6017_sub5	0	1	0	1	0	0	0	1
6019_sub0	0	1	0	1	0	0	0	1
6019_sub1	0	1	0	1	0	0	0	1
6019_sub2	0	1	0	1	0	0	0	1
6019_sub3	0	1	1	0	0	0	1	0
6019_sub4	0	1	0	1	0	0	0	1
6019_sub5	0	1	0	1	0	0	0	1
6019_sub6	0	1	1	0	0	0	1	0
602_sub0	0	1	0	1	0	0	0	1
602_sub1	0	1	0	1	0	0	0	1
602_sub2	0	1	1	0	0	0	1	0
602_sub3	1	10	6	4	6	4	0	0
602_sub4	0	1	1	0	0	0	1	0
602_sub5	0	1	0	1	0	0	0	1
602_sub6	0	1	1	0	0	0	1	0
602_sub7	0	1	1	0	0	0	1	0
602_sub8	0	1	0	1	0	0	0	1
6022_sub0	1	22	10	12	10	10	0	2
6022_sub1	0	1	1	0	0	0	1	0
6022_sub2	0	1	1	0	0	0	1	0
6022_sub3	0	1	0	1	0	0	0	1
6022_sub4	0	1	1	0	0	0	1	0
6022_sub5	0	1	0	1	0	0	0	1
6022_sub6	0	1	0	1	0	0	0	1
6022_sub7	0	1	0	1	0	0	0	1
6022_sub8	0	1	0	1	0	0	0	1
6025_sub0	0	1	0	1	0	0	0	1
6025_sub1	0	1	1	0	0	0	1	0
6025_sub2	0	1	0	1	0	0	0	1
6025_sub3	0	1	0	1	0	0	0	1
6025_sub4	0	1	1	0	0	0	1	0
6025_sub5	0	1	0	1	0	0	0	1
6025_sub6	0	2	1	1	0	0	1	1
603_sub0	0	1	1	0	0	0	1	0
603_sub1	1	7	4	3	4	3	0	0
6031_sub0	1	12	6	6	6	6	0	0
6031_sub1	0	1	1	0	0	0	1	0
6031_sub2	0	1	0	1	0	0	0	1
6031_sub3	0	1	0	1	0	0	0	1
6031_sub4	0	1	0	1	0	0	0	1
604_sub0	0	1	1	0	0	0	1	0
604_sub1	0	1	0	1	0	0	0	1
604_sub2	0	1	0	1	0	0	0	1
604_sub3	0	1	1	0	0	0	1	0
604_sub4	0	1	1	0	0	0	1	0
604_sub5	0	1	1	0	0	0	1	0
604_sub6	0	1	1	0	0	0	1	0
604_sub7	0	1	1	0	0	0	1	0
604_sub8	0	1	1	0	0	0	1	0
6046_sub0	1	16	6	10	6	10	0	0
6046_sub1	0	1	1	0	0	0	1	0
6046_sub2	0	1	0	1	0	0	0	1
6046_sub3	0	1	1	0	0	0	1	0
6046_sub4	0	1	0	1	0	0	0	1
6046_sub5	0	1	0	1	0	0	0	1
6046_sub6	0	1	0	1	0	0	0	1
6049_sub0	0	1	1	0	0	0	1	0
6049_sub1	1	26	10	16	10	10	0	6
6049_sub2	0	1	1	0	0	0	1	0
6054_sub0	0	1	0	1	0	0	0	1
6054_sub1	0	1	0	1	0	0	0	1
6054_sub2	0	1	0	1	0	0	0	1
6054_sub3	0	1	0	1	0	0	0	1
6054_sub4	0	1	1	0	0	0	1	0
6054_sub5	0	1	0	1	0	0	0	1
6059_sub0	0	1	0	1	0	0	0	1
6059_sub1	1	11	9	2	9	2	0	0
606_sub0	0	1	1	0	0	0	1	0
606_sub1	0	1	0	1	0	0	0	1
606_sub2	1	31	16	15	10	10	6	5
606_sub3	0	1	0	1	0	0	0	1
606_sub4	0	1	0	1	0	0	0	1
606_sub5	0	1	1	0	0	0	1	0
606_sub6	0	1	1	0	0	0	1	0
6067_sub0	1	11	5	6	5	6	0	0
6067_sub1	0	1	1	0	0	0	1	0
6067_sub2	0	1	1	0	0	0	1	0
6067_sub3	0	1	1	0	0	0	1	0
6067_sub4	0	1	1	0	0	0	1	0
6067_sub5	0	1	1	0	0	0	1	0
6067_sub6	0	1	1	0	0	0	1	0
6068_sub0	0	1	0	1	0	0	0	1
6068_sub1	1	15	12	3	12	3	0	0
6069_sub0	0	1	1	0	0	0	1	0
6069_sub1	0	1	1	0	0	0	1	0
6069_sub2	0	1	0	1	0	0	0	1
6069_sub3	0	1	1	0	0	0	1	0
6069_sub4	0	1	1	0	0	0	1	0
6069_sub5	0	1	0	1	0	0	0	1
6074_sub0	1	21	11	10	10	10	1	0
6074_sub1	0	1	0	1	0	0	0	1
6074_sub2	0	1	0	1	0	0	0	1
6078_sub0	1	15	7	8	7	8	0	0
6078_sub1	0	1	1	0	0	0	1	0
6078_sub2	0	1	0	1	0	0	0	1
6078_sub3	0	1	0	1	0	0	0	1
6081_sub0	0	1	0	1	0	0	0	1
6081_sub1	0	1	0	1	0	0	0	1
6081_sub2	0	1	1	0	0	0	1	0
6081_sub3	0	1	1	0	0	0	1	0
6081_sub4	0	1	0	1	0	0	0	1
6081_sub5	0	1	1	0	0	0	1	0
6081_sub6	0	1	1	0	0	0	1	0
6081_sub7	0	1	1	0	0	0	1	0
6084_sub0	0	1	1	0	0	0	1	0
6084_sub1	1	15	6	9	6	9	0	0
6084_sub2	0	1	1	0	0	0	1	0
6084_sub3	0	1	1	0	0	0	1	0
6088_sub0	0	1	0	1	0	0	0	1
6088_sub1	0	1	0	1	0	0	0	1
6088_sub2	0	1	1	0	0	0	1	0
6088_sub3	0	1	1	0	0	0	1	0
6088_sub4	0	1	0	1	0	0	0	1
6088_sub5	0	1	0	1	0	0	0	1
6089_sub0	1	23	11	12	10	10	1	2
6089_sub1	0	1	0	1	0	0	0	1
6089_sub2	0	1	1	0	0	0	1	0
6089_sub3	0	1	0	1	0	0	0	1
6089_sub4	0	1	0	1	0	0	0	1
6093_sub0	1	13	6	7	6	7	0	0
6093_sub1	0	1	0	1	0	0	0	1
6098_sub0	0	1	0	1	0	0	0	1
6098_sub1	1	9	6	3	6	3	0	0
6098_sub2	0	1	1	0	0	0	1	0
6098_sub3	0	1	1	0	0	0	1	0
6098_sub4	0	1	1	0	0	0	1	0
6098_sub5	0	1	0	1	0	0	0	1
6108_sub0	0	1	1	0	0	0	1	0
6108_sub1	0	1	1	0	0	0	1	0
6108_sub2	0	1	0	1	0	0	0	1
6108_sub3	0	1	1	0	0	0	1	0
6108_sub4	0	1	0	1	0	0	0	1
6108_sub5	0	1	0	1	0	0	0	1
6108_sub6	0	1	0	1	0	0	0	1
6108_sub7	0	1	0	1	0	0	0	1
6108_sub8	0	1	1	0	0	0	1	0
6108_sub9	0	1	0	1	0	0	0	1
6113_sub0	1	26	13	13	10	10	3	3
6113_sub1	0	1	0	1	0	0	0	1
6113_sub2	0	1	0	1	0	0	0	1
6113_sub3	0	1	0	1	0	0	0	1
6113_sub4	0	1	1	0	0	0	1	0
612_sub0	0	1	1	0	0	0	1	0
612_sub1	1	13	8	5	8	5	0	0
612_sub2	0	1	0	1	0	0	0	1
612_sub3	0	1	0	1	0	0	0	1
612_sub4	0	1	0	1	0	0	0	1
6120_sub0	1	17	12	5	12	5	0	0
6120_sub1	0	1	0	1	0	0	0	1
6121_sub0	0	5	3	2	0	0	3	2
6121_sub1	0	1	0	1	0	0	0	1
6121_sub2	0	1	1	0	0	0	1	0
6122_sub0	0	1	1	0	0	0	1	0
6122_sub1	1	17	8	9	8	9	0	0
6123_sub0	0	1	1	0	0	0	1	0
6123_sub1	1	9	5	4	5	4	0	0
613_sub0	0	1	0	1	0	0	0	1
613_sub1	1	13	7	6	7	6	0	0
613_sub2	0	1	0	1	0	0	0	1
6134_sub0	0	1	0	1	0	0	0	1
6134_sub1	0	1	1	0	0	0	1	0
6134_sub2	0	1	0	1	0	0	0	1
6134_sub3	0	1	1	0	0	0	1	0
6134_sub4	0	1	1	0	0	0	1	0
6134_sub5	0	1	0	1	0	0	0	1
614_sub0	0	1	0	1	0	0	0	1
614_sub1	1	28	16	12	10	10	6	2
614_sub2	0	1	0	1	0	0	0	1
614_sub3	0	1	1	0	0	0	1	0
614_sub4	0	1	0	1	0	0	0	1
614_sub5	0	1	1	0	0	0	1	0
614_sub6	0	1	1	0	0	0	1	0
6142_sub0	0	1	0	1	0	0	0	1
6142_sub1	0	1	0	1	0	0	0	1
6142_sub2	0	1	1	0	0	0	1	0
6142_sub3	0	1	0	1	0	0	0	1
6142_sub4	0	1	1	0	0	0	1	0
6142_sub5	0	1	1	0	0	0	1	0
6142_sub6	0	1	1	0	0	0	1	0
6142_sub7	0	1	1	0	0	0	1	0
6147_sub0	0	1	0	1	0	0	0	1
6147_sub1	1	13	10	3	10	3	0	0
6147_sub2	0	1	0	1	0	0	0	1
615_sub0	0	1	1	0	0	0	1	0
615_sub1	1	32	13	19	10	10	3	9
615_sub2	0	1	1	0	0	0	1	0
615_sub3	0	1	0	1	0	0	0	1
615_sub4	0	1	1	0	0	0	1	0
615_sub5	0	1	0	1	0	0	0	1
615_sub6	0	1	1	0	0	0	1	0
615_sub7	0	1	1	0	0	0	1	0
615_sub8	0	1	1	0	0	0	1	0
6158_sub0	1	17	11	6	11	6	0	0
6158_sub1	0	1	1	0	0	0	1	0
6158_sub2	0	1	1	0	0	0	1	0
6158_sub3	0	1	0	1	0	0	0	1
6158_sub4	0	1	1	0	0	0	1	0
616_sub0	0	1	0	1	0	0	0	1
616_sub1	1	17	9	8	9	8	0	0
616_sub2	0	1	1	0	0	0	1	0
6162_sub0	1	17	9	8	9	8	0	0
6162_sub1	0	1	1	0	0	0	1	0
6162_sub2	0	1	1	0	0	0	1	0
6162_sub3	0	1	1	0	0	0	1	0
6162_sub4	0	1	1	0	0	0	1	0
6162_sub5	0	1	1	0	0	0	1	0
6162_sub6	0	1	1	0	0	0	1	0
6162_sub7	0	1	1	0	0	0	1	0
6162_sub8	0	1	0	1	0	0	0	1
6162_sub9	0	1	1	0	0	0	1	0
6172_sub0	1	21	10	11	10	10	0	1
6172_sub1	0	1	0	1	0	0	0	1
6172_sub2	0	1	1	0	0	0	1	0
6172_sub3	0	1	0	1	0	0	0	1
6172_sub4	0	1	0	1	0	0	0	1
6172_sub5	0	1	1	0	0	0	1	0
6172_sub6	0	1	0	1	0	0	0	1
6175_sub0	0	1	0	1	0	0	0	1
6175_sub1	0	5	3	2	0	0	3	2
6175_sub2	0	1	1	0	0	0	1	0
6175_sub3	0	1	1	0	0	0	1	0
6175_sub4	0	1	1	0	0	0	1	0
6175_sub5	0	1	1	0	0	0	1	0
6178_sub0	1	17	11	6	11	6	0	0
6178_sub1	0	1	0	1	0	0	0	1
6178_sub2	0	1	0	1	0	0	0	1
6178_sub3	0	1	1	0	0	0	1	0
6178_sub4	0	1	0	1	0	0	0	1
6178_sub5	0	1	0	1	0	0	0	1
6178_sub6	0	1	0	1	0	0	0	1
6178_sub7	0	1	0	1	0	0	0	1
6179_sub0	1	26	10	16	10	10	0	6
6179_sub1	0	1	0	1	0	0	0	1
6179_sub2	0	1	1	0	0	0	1	0
6179_sub3	0	1	1	0	0	0	1	0
618_sub0	0	1	1	0	0	0	1	0
618_sub1	0	1	0	1	0	0	0	1
618_sub2	0	1	0	1	0	0	0	1
618_sub3	0	1	1	0	0	0	1	0
618_sub4	0	1	1	0	0	0	1	0
618_sub5	0	1	0	1	0	0	0	1
618_sub6	0	1	1	0	0	0	1	0
6181_sub0	0	1	1	0	0	0	1	0
6181_sub1	1	12	5	7	5	7	0	0
619_sub0	0	1	1	0	0	0	1	0
619_sub1	0	1	1	0	0	0	1	0
619_sub2	1	34	19	15	10	10	9	5
619_sub3	0	1	1	0	0	0	1	0
619_sub4	0	1	0	1	0	0	0	1
619_sub5	0	1	1	0	0	0	1	0
619_sub6	0	1	1	0	0	0	1	0
619_sub7	0	1	0	1	0	0	0	1
619_sub8	0	1	0	1	0	0	0	1
6195_sub0	0	1	0	1	0	0	0	1
6195_sub1	0	1	1	0	0	0	1	0
6195_sub2	0	1	1	0	0	0	1	0
6195_sub3	0	1	1	0	0	0	1	0
6195_sub4	0	1	0	1	0	0	0	1
6195_sub5	0	1	1	0	0	0	1	0
6195_sub6	0	1	0	1	0	0	0	1
62_sub0	0	1	0	1	0	0	0	1
62_sub1	1	11	5	6	5	6	0	0
62_sub2	0	1	0	1	0	0	0	1
6201_sub0	1	18	6	12	6	12	0	0
6201_sub1	0	1	0	1	0	0	0	1
6201_sub2	0	1	0	1	0	0	0	1
6201_sub3	0	1	0	1	0	0	0	1
6201_sub4	0	1	0	1	0	0	0	1
6201_sub5	0	1	1	0	0	0	1	0
6201_sub6	0	1	0	1	0	0	0	1
6201_sub7	0	1	0	1	0	0	0	1
6201_sub8	0	1	0	1	0	0	0	1
6201_sub9	0	1	0	1	0	0	0	1
6205_sub0	0	1	0	1	0	0	0	1
6205_sub1	1	12	5	7	5	7	0	0
6207_sub0	1	15	8	7	8	7	0	0
6207_sub1	0	1	0	1	0	0	0	1
6207_sub2	0	1	1	0	0	0	1	0
6207_sub3	0	1	0	1	0	0	0	1
621_sub0	0	1	0	1	0	0	0	1
621_sub1	0	1	1	0	0	0	1	0
621_sub2	0	1	0	1	0	0	0	1
621_sub3	0	1	1	0	0	0	1	0
621_sub4	0	1	1	0	0	0	1	0
621_sub5	0	1	1	0	0	0	1	0
6217_sub0	1	11	4	7	4	7	0	0
6217_sub1	0	1	1	0	0	0	1	0
6221_sub0	0	1	0	1	0	0	0	1
6221_sub1	1	18	5	13	5	13	0	0
6221_sub2	0	1	0	1	0	0	0	1
6221_sub3	0	1	1	0	0	0	1	0
6221_sub4	0	1	0	1	0	0	0	1
6222_sub0	1	17	7	10	7	10	0	0
6222_sub1	0	1	1	0	0	0	1	0
6222_sub2	0	1	1	0	0	0	1	0
6222_sub3	0	1	1	0	0	0	1	0
6227_sub0	1	33	16	17	10	10	6	7
6227_sub1	0	1	1	0	0	0	1	0
6227_sub2	0	1	1	0	0	0	1	0
6227_sub3	0	1	0	1	0	0	0	1
6227_sub4	0	1	1	0	0	0	1	0
6237_sub0	1	15	5	10	5	10	0	0
6237_sub1	0	1	0	1	0	0	0	1
6247_sub0	1	13	4	9	4	9	0	0
6247_sub1	0	1	1	0	0	0	1	0
6247_sub2	0	1	0	1	0	0	0	1
6256_sub0	0	1	1	0	0	0	1	0
6256_sub1	1	22	9	13	9	11	0	2
6259_sub0	1	23	10	13	10	10	0	3
6259_sub1	0	1	0	1	0	0	0	1
6259_sub2	0	1	1	0	0	0	1	0
6259_sub3	0	1	1	0	0	0	1	0
626_sub0	0	1	0	1	0	0	0	1
626_sub1	0	1	1	0	0	0	1	0
626_sub2	1	21	8	13	8	12	0	1
626_sub3	0	1	1	0	0	0	1	0
626_sub4	0	1	0	1	0	0	0	1
626_sub5	0	1	0	1	0	0	0	1
626_sub6	0	1	1	0	0	0	1	0
6267_sub0	1	10	1	9	1	9	0	0
6267_sub1	0	1	0	1	0	0	0	1
6267_sub2	0	1	0	1	0	0	0	1
6270_sub0	1	15	7	8	7	8	0	0
6270_sub1	0	1	1	0	0	0	1	0
6270_sub2	0	1	0	1	0	0	0	1
6270_sub3	0	1	1	0	0	0	1	0
6270_sub4	0	1	0	1	0	0	0	1
6270_sub5	0	1	1	0	0	0	1	0
6272_sub0	0	1	1	0	0	0	1	0
6272_sub1	0	1	1	0	0	0	1	0
6272_sub2	1	9	4	5	4	5	0	0
6277_sub0	0	1	0	1	0	0	0	1
6277_sub1	0	1	0	1	0	0	0	1
6277_sub2	0	1	0	1	0	0	0	1
6277_sub3	0	1	0	1	0	0	0	1
6277_sub4	0	1	1	0	0	0	1	0
6277_sub5	0	1	0	1	0	0	0	1
6277_sub6	0	1	1	0	0	0	1	0
6277_sub7	0	1	0	1	0	0	0	1
6277_sub8	0	1	1	0	0	0	1	0
6286_sub0	0	1	0	1	0	0	0	1
6286_sub1	0	1	0	1	0	0	0	1
6286_sub2	1	15	8	7	8	7	0	0
6288_sub0	0	1	0	1	0	0	0	1
6288_sub1	0	1	0	1	0	0	0	1
6288_sub2	0	1	1	0	0	0	1	0
6288_sub3	0	1	0	1	0	0	0	1
6288_sub4	0	1	0	1	0	0	0	1
6288_sub5	0	1	0	1	0	0	0	1
6288_sub6	0	1	0	1	0	0	0	1
6288_sub7	0	1	0	1	0	0	0	1
629_sub0	0	1	0	1	0	0	0	1
629_sub1	1	14	6	8	6	8	0	0
629_sub2	0	1	0	1	0	0	0	1
629_sub3	0	1	0	1	0	0	0	1
6292_sub0	1	8	4	4	4	4	0	0
6296_sub0	0	1	0	1	0	0	0	1
6296_sub1	1	10	6	4	6	4	0	0
6296_sub2	0	1	1	0	0	0	1	0
63_sub0	0	1	0	1	0	0	0	1
63_sub1	1	6	5	1	5	1	0	0
6303_sub0	1	13	4	9	4	9	0	0
6303_sub1	0	1	0	1	0	0	0	1
6303_sub2	0	1	1	0	0	0	1	0
6303_sub3	0	1	1	0	0	0	1	0
6303_sub4	0	1	1	0	0	0	1	0
6303_sub5	0	1	1	0	0	0	1	0
6303_sub6	0	1	1	0	0	0	1	0
6303_sub7	0	1	1	0	0	0	1	0
6304_sub0	0	1	0	1	0	0	0	1
6304_sub1	0	1	0	1	0	0	0	1
6304_sub2	0	1	0	1	0	0	0	1
6304_sub3	0	1	1	0	0	0	1	0
6304_sub4	0	1	0	1	0	0	0	1
6304_sub5	0	1	1	0	0	0	1	0
6309_sub0	0	1	1	0	0	0	1	0
6309_sub1	1	10	2	8	2	8	0	0
6309_sub2	0	1	0	1	0	0	0	1
6309_sub3	0	1	1	0	0	0	1	0
6309_sub4	0	1	1	0	0	0	1	0
6309_sub5	0	1	1	0	0	0	1	0
6311_sub0	0	1	0	1	0	0	0	1
6311_sub1	0	1	0	1	0	0	0	1
6311_sub2	0	1	0	1	0	0	0	1
6311_sub3	0	1	1	0	0	0	1	0
6311_sub4	0	1	0	1	0	0	0	1
6311_sub5	0	1	1	0	0	0	1	0
632_sub0	0	1	1	0	0	0	1	0
632_sub1	0	1	1	0	0	0	1	0
632_sub2	1	21	7	14	7	13	0	1
632_sub3	0	1	1	0	0	0	1	0
632_sub4	0	1	0	1	0	0	0	1
6323_sub0	1	16	9	7	9	7	0	0
6323_sub1	0	1	1	0	0	0	1	0
6323_sub2	0	1	1	0	0	0	1	0
6326_sub0	0	1	0	1	0	0	0	1
6326_sub1	0	1	1	0	0	0	1	0
6326_sub2	1	10	4	6	4	6	0	0
6326_sub3	0	1	1	0	0	0	1	0
6328_sub0	1	43	25	18	10	10	15	8
6328_sub1	0	1	1	0	0	0	1	0
6328_sub2	0	1	1	0	0	0	1	0
6329_sub0	0	1	1	0	0	0	1	0
6329_sub1	0	1	0	1	0	0	0	1
6329_sub2	0	1	0	1	0	0	0	1
6329_sub3	1	11	4	7	4	7	0	0
6329_sub4	0	1	0	1	0	0	0	1
6329_sub5	0	1	1	0	0	0	1	0
6329_sub6	0	1	0	1	0	0	0	1
6338_sub0	0	1	0	1	0	0	0	1
6338_sub1	1	11	7	4	7	4	0	0
6343_sub0	1	6	4	2	4	2	0	0
6343_sub1	0	1	1	0	0	0	1	0
6345_sub0	0	1	0	1	0	0	0	1
6345_sub1	0	1	1	0	0	0	1	0
6345_sub2	0	1	1	0	0	0	1	0
6345_sub3	0	1	1	0	0	0	1	0
6345_sub4	0	1	1	0	0	0	1	0
6345_sub5	0	1	1	0	0	0	1	0
6347_sub0	0	1	0	1	0	0	0	1
6347_sub1	1	13	7	6	7	6	0	0
6349_sub0	0	1	0	1	0	0	0	1
6349_sub1	1	15	9	6	9	6	0	0
6349_sub2	0	1	1	0	0	0	1	0
6349_sub3	0	1	0	1	0	0	0	1
635_sub0	0	1	0	1	0	0	0	1
635_sub1	0	1	1	0	0	0	1	0
635_sub2	0	1	1	0	0	0	1	0
635_sub3	0	1	1	0	0	0	1	0
635_sub4	0	1	0	1	0	0	0	1
635_sub5	0	1	1	0	0	0	1	0
6350_sub0	0	1	0	1	0	0	0	1
6350_sub1	1	11	6	5	6	5	0	0
6350_sub2	0	1	1	0	0	0	1	0
6351_sub0	0	1	1	0	0	0	1	0
6351_sub1	0	3	2	1	0	0	2	1
6351_sub2	0	1	0	1	0	0	0	1
6351_sub3	0	1	1	0	0	0	1	0
6351_sub4	0	1	1	0	0	0	1	0
6352_sub0	1	21	11	10	10	10	1	0
6352_sub1	0	1	0	1	0	0	0	1
6355_sub0	0	1	0	1	0	0	0	1
6355_sub1	0	1	0	1	0	0	0	1
6355_sub2	0	1	0	1	0	0	0	1
6355_sub3	0	1	1	0	0	0	1	0
6355_sub4	0	1	0	1	0	0	0	1
6355_sub5	0	1	1	0	0	0	1	0
6359_sub0	0	1	0	1	0	0	0	1
6359_sub1	0	2	2	0	0	0	2	0
6359_sub2	0	1	0	1	0	0	0	1
6359_sub3	0	1	1	0	0	0	1	0
6359_sub4	0	1	0	1	0	0	0	1
6363_sub0	1	10	6	4	6	4	0	0
6363_sub1	0	1	1	0	0	0	1	0
6363_sub2	0	1	0	1	0	0	0	1
6363_sub3	0	1	1	0	0	0	1	0
6363_sub4	0	1	1	0	0	0	1	0
6364_sub0	1	22	13	9	11	9	2	0
6364_sub1	0	1	0	1	0	0	0	1
6364_sub2	0	1	0	1	0	0	0	1
637_sub0	0	1	0	1	0	0	0	1
637_sub1	0	4	1	3	0	0	1	3
637_sub2	0	1	1	0	0	0	1	0
6370_sub0	1	17	11	6	11	6	0	0
6370_sub1	0	1	0	1	0	0	0	1
6370_sub2	0	1	1	0	0	0	1	0
6370_sub3	0	1	0	1	0	0	0	1
6372_sub0	0	1	1	0	0	0	1	0
6372_sub1	0	1	1	0	0	0	1	0
6372_sub2	0	1	0	1	0	0	0	1
6372_sub3	0	1	0	1	0	0	0	1
6372_sub4	0	1	0	1	0	0	0	1
6372_sub5	0	1	0	1	0	0	0	1
6376_sub0	1	14	4	10	4	10	0	0
6376_sub1	0	1	1	0	0	0	1	0
6379_sub0	0	1	1	0	0	0	1	0
6379_sub1	1	7	5	2	5	2	0	0
638_sub0	0	1	1	0	0	0	1	0
638_sub1	0	1	0	1	0	0	0	1
638_sub2	1	7	3	4	3	4	0	0
638_sub3	0	1	1	0	0	0	1	0
6382_sub0	1	18	7	11	7	11	0	0
6382_sub1	0	1	1	0	0	0	1	0
6382_sub2	0	1	0	1	0	0	0	1
6382_sub3	0	1	1	0	0	0	1	0
6382_sub4	0	1	1	0	0	0	1	0
6382_sub5	0	1	1	0	0	0	1	0
6382_sub6	0	1	0	1	0	0	0	1
6382_sub7	0	1	0	1	0	0	0	1
6382_sub8	0	1	0	1	0	0	0	1
6388_sub0	1	14	5	9	5	9	0	0
6388_sub1	0	1	1	0	0	0	1	0
6388_sub2	0	1	1	0	0	0	1	0
6388_sub3	0	1	1	0	0	0	1	0
6390_sub0	1	18	10	8	10	8	0	0
6390_sub1	0	1	1	0	0	0	1	0
6390_sub2	0	1	0	1	0	0	0	1
6391_sub0	0	1	0	1	0	0	0	1
6391_sub1	0	1	1	0	0	0	1	0
6391_sub2	0	1	1	0	0	0	1	0
6391_sub3	0	1	0	1	0	0	0	1
6391_sub4	0	1	0	1	0	0	0	1
6391_sub5	0	1	0	1	0	0	0	1
6391_sub6	0	1	0	1	0	0	0	1
6391_sub7	0	1	0	1	0	0	0	1
6395_sub0	0	1	0	1	0	0	0	1
6395_sub1	0	1	0	1	0	0	0	1
6395_sub2	0	1	0	1	0	0	0	1
6395_sub3	0	1	1	0	0	0	1	0
6395_sub4	0	1	0	1	0	0	0	1
6395_sub5	0	1	1	0	0	0	1	0
640_sub0	0	1	0	1	0	0	0	1
640_sub1	0	1	0	1	0	0	0	1
640_sub2	1	15	7	8	7	8	0	0
640_sub3	0	1	0	1	0	0	0	1
640_sub4	0	1	1	0	0	0	1	0
6401_sub0	0	1	0	1	0	0	0	1
6401_sub1	0	1	1	0	0	0	1	0
6401_sub2	1	7	6	1	6	1	0	0
6401_sub3	0	1	1	0	0	0	1	0
6403_sub0	1	8	3	5	3	5	0	0
6403_sub1	0	1	0	1	0	0	0	1
6403_sub2	0	1	1	0	0	0	1	0
6403_sub3	0	1	1	0	0	0	1	0
6403_sub4	0	1	1	0	0	0	1	0
6407_sub0	0	1	0	1	0	0	0	1
6407_sub1	1	19	12	7	12	7	0	0
6407_sub2	0	1	0	1	0	0	0	1
6407_sub3	0	1	1	0	0	0	1	0
6410_sub0	0	1	0	1	0	0	0	1
6410_sub1	0	1	1	0	0	0	1	0
6410_sub2	0	1	0	1	0	0	0	1
6410_sub3	0	1	0	1	0	0	0	1
6410_sub4	0	1	1	0	0	0	1	0
6410_sub5	0	1	1	0	0	0	1	0
6410_sub6	0	1	1	0	0	0	1	0
642_sub0	0	1	1	0	0	0	1	0
642_sub1	1	13	5	8	5	8	0	0
642_sub2	0	1	1	0	0	0	1	0
642_sub3	0	1	0	1	0	0	0	1
6427_sub0	0	1	1	0	0	0	1	0
6427_sub1	1	11	4	7	4	7	0	0
6427_sub2	0	1	1	0	0	0	1	0
6428_sub0	0	1	0	1	0	0	0	1
6428_sub1	1	17	11	6	11	6	0	0
6428_sub2	0	1	1	0	0	0	1	0
6431_sub0	1	8	4	4	4	4	0	0
6432_sub0	1	10	6	4	6	4	0	0
6432_sub1	0	1	1	0	0	0	1	0
6436_sub0	0	1	0	1	0	0	0	1
6436_sub1	0	1	0	1	0	0	0	1
6436_sub2	0	1	0	1	0	0	0	1
6436_sub3	0	1	1	0	0	0	1	0
6436_sub4	0	1	0	1	0	0	0	1
6436_sub5	0	1	0	1	0	0	0	1
6436_sub6	0	1	0	1	0	0	0	1
6439_sub0	0	1	1	0	0	0	1	0
6439_sub1	0	1	0	1	0	0	0	1
6439_sub2	0	1	0	1	0	0	0	1
6439_sub3	0	1	1	0	0	0	1	0
6439_sub4	0	1	0	1	0	0	0	1
6439_sub5	0	1	0	1	0	0	0	1
644_sub0	0	1	1	0	0	0	1	0
644_sub1	0	2	0	2	0	0	0	2
644_sub2	0	1	0	1	0	0	0	1
644_sub3	0	1	1	0	0	0	1	0
644_sub4	0	1	1	0	0	0	1	0
6440_sub0	0	1	0	1	0	0	0	1
6440_sub1	1	13	7	6	7	6	0	0
6440_sub2	0	1	1	0	0	0	1	0
6454_sub0	1	21	10	11	10	10	0	1
6454_sub1	0	1	1	0	0	0	1	0
6454_sub2	0	1	0	1	0	0	0	1
6454_sub3	0	1	0	1	0	0	0	1
6454_sub4	0	1	0	1	0	0	0	1
6460_sub0	0	1	0	1	0	0	0	1
6460_sub1	0	1	1	0	0	0	1	0
6460_sub2	0	1	0	1	0	0	0	1
6460_sub3	0	1	0	1	0	0	0	1
6460_sub4	0	1	1	0	0	0	1	0
6460_sub5	0	1	1	0	0	0	1	0
6462_sub0	0	1	1	0	0	0	1	0
6462_sub1	1	28	17	11	10	10	7	1
6472_sub0	1	17	9	8	9	8	0	0
6472_sub1	0	1	0	1	0	0	0	1
6472_sub2	0	1	0	1	0	0	0	1
6472_sub3	0	1	0	1	0	0	0	1
6472_sub4	0	1	1	0	0	0	1	0
6472_sub5	0	1	1	0	0	0	1	0
6472_sub6	0	1	1	0	0	0	1	0
6480_sub0	0	1	0	1	0	0	0	1
6480_sub1	1	8	4	4	4	4	0	0
6480_sub2	0	1	1	0	0	0	1	0
6481_sub0	0	2	1	1	0	0	1	1
6481_sub1	0	1	0	1	0	0	0	1
6481_sub2	0	1	1	0	0	0	1	0
6481_sub3	0	1	0	1	0	0	0	1
6481_sub4	0	1	0	1	0	0	0	1
6486_sub0	1	24	13	11	10	10	3	1
6486_sub1	0	1	0	1	0	0	0	1
6486_sub2	0	1	0	1	0	0	0	1
6486_sub3	0	1	1	0	0	0	1	0
6486_sub4	0	1	0	1	0	0	0	1
6486_sub5	0	1	1	0	0	0	1	0
6486_sub6	0	1	1	0	0	0	1	0
6488_sub0	0	5	1	4	0	0	1	4
6488_sub1	0	1	0	1	0	0	0	1
6488_sub2	0	1	0	1	0	0	0	1
6488_sub3	0	1	0	1	0	0	0	1
6488_sub4	0	1	1	0	0	0	1	0
6488_sub5	0	1	0	1	0	0	0	1
6490_sub0	1	16	10	6	10	6	0	0
6490_sub1	0	1	1	0	0	0	1	0
6490_sub2	0	1	0	1	0	0	0	1
6490_sub3	0	1	0	1	0	0	0	1
6490_sub4	0	1	1	0	0	0	1	0
6490_sub5	0	1	0	1	0	0	0	1
6496_sub0	0	1	0	1	0	0	0	1
6496_sub1	1	6	3	3	3	3	0	0
6496_sub2	0	1	0	1	0	0	0	1
6496_sub3	0	1	1	0	0	0	1	0
6498_sub0	0	1	1	0	0	0	1	0
6498_sub1	0	1	0	1	0	0	0	1
6498_sub2	1	13	2	11	2	11	0	0
6498_sub3	0	1	1	0	0	0	1	0
6503_sub0	1	9	6	3	6	3	0	0
6503_sub1	0	1	1	0	0	0	1	0
6503_sub2	0	1	1	0	0	0	1	0
6503_sub3	0	1	0	1	0	0	0	1
6503_sub4	0	1	0	1	0	0	0	1
6503_sub5	0	1	1	0	0	0	1	0
651_sub0	0	1	0	1	0	0	0	1
651_sub1	0	4	3	1	0	0	3	1
651_sub2	0	1	0	1	0	0	0	1
651_sub3	0	1	0	1	0	0	0	1
6511_sub0	0	1	0	1	0	0	0	1
6511_sub1	1	7	3	4	3	4	0	0
6511_sub2	0	1	1	0	0	0	1	0
6511_sub3	0	1	1	0	0	0	1	0
6511_sub4	0	1	0	1	0	0	0	1
6511_sub5	0	1	1	0	0	0	1	0
6511_sub6	0	1	0	1	0	0	0	1
6512_sub0	0	1	1	0	0	0	1	0
6512_sub1	1	16	8	8	8	8	0	0
6512_sub2	0	1	1	0	0	0	1	0
6513_sub0	0	1	0	1	0	0	0	1
6513_sub1	0	1	1	0	0	0	1	0
6513_sub2	0	2	1	1	0	0	1	1
6513_sub3	0	1	0	1	0	0	0	1
6513_sub4	0	1	1	0	0	0	1	0
6513_sub5	0	1	0	1	0	0	0	1
6514_sub0	1	14	7	7	7	7	0	0
6514_sub1	0	1	0	1	0	0	0	1
6515_sub0	0	1	1	0	0	0	1	0
6515_sub1	0	1	1	0	0	0	1	0
6515_sub2	1	8	5	3	5	3	0	0
6515_sub3	0	1	0	1	0	0	0	1
6516_sub0	1	11	3	8	3	8	0	0
6516_sub1	0	1	1	0	0	0	1	0
6516_sub2	0	1	0	1	0	0	0	1
6518_sub0	0	1	1	0	0	0	1	0
6518_sub1	0	1	0	1	0	0	0	1
6518_sub2	0	1	1	0	0	0	1	0
6518_sub3	0	1	1	0	0	0	1	0
6518_sub4	0	1	0	1	0	0	0	1
6518_sub5	0	1	1	0	0	0	1	0
652_sub0	0	1	0	1	0	0	0	1
652_sub1	0	1	0	1	0	0	0	1
652_sub2	1	7	4	3	4	3	0	0
652_sub3	0	1	1	0	0	0	1	0
6522_sub0	1	25	8	17	8	12	0	5
6522_sub1	0	1	0	1	0	0	0	1
6522_sub2	0	1	1	0	0	0	1	0
6522_sub3	0	1	0	1	0	0	0	1
6522_sub4	0	1	1	0	0	0	1	0
6522_sub5	0	1	1	0	0	0	1	0
6522_sub6	0	1	0	1	0	0	0	1
6524_sub0	0	1	0	1	0	0	0	1
6524_sub1	1	16	9	7	9	7	0	0
6524_sub2	0	1	0	1	0	0	0	1
6528_sub0	0	1	0	1	0	0	0	1
6528_sub1	0	1	1	0	0	0	1	0
6528_sub2	0	1	0	1	0	0	0	1
6528_sub3	0	1	1	0	0	0	1	0
6528_sub4	0	1	1	0	0	0	1	0
6528_sub5	0	1	0	1	0	0	0	1
6530_sub0	0	1	0	1	0	0	0	1
6530_sub1	0	2	0	2	0	0	0	2
6530_sub2	0	1	1	0	0	0	1	0
6530_sub3	0	1	1	0	0	0	1	0
6530_sub4	0	1	0	1	0	0	0	1
6543_sub0	0	1	0	1	0	0	0	1
6543_sub1	0	3	1	2	0	0	1	2
6543_sub2	0	3	0	3	0	0	0	3
6543_sub3	0	1	1	0	0	0	1	0
6543_sub4	0	1	0	1	0	0	0	1
6565_sub0	0	1	1	0	0	0	1	0
6565_sub1	0	1	1	0	0	0	1	0
6565_sub2	1	7	1	6	1	6	0	0
6565_sub3	0	1	0	1	0	0	0	1
6568_sub0	1	16	9	7	9	7	0	0
6568_sub1	0	1	1	0	0	0	1	0
6568_sub2	0	1	1	0	0	0	1	0
6568_sub3	0	1	1	0	0	0	1	0
6582_sub0	1	12	7	5	7	5	0	0
6582_sub1	0	1	1	0	0	0	1	0
6582_sub2	0	1	1	0	0	0	1	0
6582_sub3	0	1	0	1	0	0	0	1
6583_sub0	1	24	12	12	10	10	2	2
6584_sub0	0	1	0	1	0	0	0	1
6584_sub1	0	1	0	1	0	0	0	1
6584_sub2	0	1	0	1	0	0	0	1
6584_sub3	0	1	0	1	0	0	0	1
6584_sub4	0	1	0	1	0	0	0	1
6584_sub5	0	1	0	1	0	0	0	1
6584_sub6	0	1	0	1	0	0	0	1
6584_sub7	0	1	0	1	0	0	0	1
6592_sub0	0	1	1	0	0	0	1	0
6592_sub1	1	7	2	5	2	5	0	0
6592_sub2	0	1	0	1	0	0	0	1
6592_sub3	0	1	1	0	0	0	1	0
6593_sub0	1	6	3	3	3	3	0	0
6593_sub1	0	1	0	1	0	0	0	1
6593_sub2	0	1	1	0	0	0	1	0
6593_sub3	0	1	1	0	0	0	1	0
6593_sub4	0	1	1	0	0	0	1	0
6593_sub5	0	1	0	1	0	0	0	1
6595_sub0	1	23	11	12	10	10	1	2
6595_sub1	0	1	1	0	0	0	1	0
6595_sub2	0	1	0	1	0	0	0	1
6595_sub3	0	1	1	0	0	0	1	0
6595_sub4	0	1	0	1	0	0	0	1
6595_sub5	0	1	0	1	0	0	0	1
6598_sub0	0	1	0	1	0	0	0	1
6598_sub1	0	1	0	1	0	0	0	1
6598_sub2	0	1	0	1	0	0	0	1
6598_sub3	0	1	1	0	0	0	1	0
6598_sub4	0	1	0	1	0	0	0	1
6598_sub5	0	1	1	0	0	0	1	0
6607_sub0	0	1	0	1	0	0	0	1
6607_sub1	1	19	11	8	11	8	0	0
6607_sub2	0	1	1	0	0	0	1	0
6608_sub0	0	1	0	1	0	0	0	1
6608_sub1	0	2	0	2	0	0	0	2
6608_sub2	0	1	1	0	0	0	1	0
6608_sub3	0	1	1	0	0	0	1	0
6608_sub4	0	1	1	0	0	0	1	0
6614_sub0	0	1	0	1	0	0	0	1
6614_sub1	1	13	8	5	8	5	0	0
6614_sub2	0	1	0	1	0	0	0	1
6614_sub3	0	1	0	1	0	0	0	1
6619_sub0	0	1	0	1	0	0	0	1
6619_sub1	1	15	5	10	5	10	0	0
6619_sub2	0	1	0	1	0	0	0	1
6619_sub3	0	1	0	1	0	0	0	1
6619_sub4	0	1	0	1	0	0	0	1
6626_sub0	1	16	6	10	6	10	0	0
6626_sub1	0	1	0	1	0	0	0	1
6626_sub2	0	1	1	0	0	0	1	0
6626_sub3	0	1	1	0	0	0	1	0
6626_sub4	0	1	0	1	0	0	0	1
6629_sub0	0	1	0	1	0	0	0	1
6629_sub1	1	6	2	4	2	4	0	0
663_sub0	0	1	0	1	0	0	0	1
663_sub1	0	1	1	0	0	0	1	0
663_sub2	0	1	0	1	0	0	0	1
663_sub3	0	1	1	0	0	0	1	0
663_sub4	0	1	0	1	0	0	0	1
663_sub5	0	1	1	0	0	0	1	0
663_sub6	0	1	1	0	0	0	1	0
6630_sub0	1	14	3	11	3	11	0	0
6630_sub1	0	1	1	0	0	0	1	0
6630_sub2	0	1	0	1	0	0	0	1
6631_sub0	1	17	8	9	8	9	0	0
6631_sub1	0	1	1	0	0	0	1	0
6631_sub2	0	1	0	1	0	0	0	1
6631_sub3	0	1	0	1	0	0	0	1
6639_sub0	1	22	14	8	12	8	2	0
6639_sub1	0	1	1	0	0	0	1	0
6639_sub2	0	1	1	0	0	0	1	0
6639_sub3	0	1	0	1	0	0	0	1
6639_sub4	0	1	1	0	0	0	1	0
664_sub0	0	1	0	1	0	0	0	1
664_sub1	0	1	1	0	0	0	1	0
664_sub2	1	8	4	4	4	4	0	0
664_sub3	0	1	1	0	0	0	1	0
6643_sub0	0	1	0	1	0	0	0	1
6643_sub1	1	15	11	4	11	4	0	0
6643_sub2	0	1	0	1	0	0	0	1
6643_sub3	0	1	1	0	0	0	1	0
6643_sub4	0	1	0	1	0	0	0	1
6643_sub5	0	1	1	0	0	0	1	0
6645_sub0	0	1	0	1	0	0	0	1
6645_sub1	1	11	5	6	5	6	0	0
6645_sub2	0	1	0	1	0	0	0	1
6645_sub3	0	1	1	0	0	0	1	0
6649_sub0	0	1	0	1	0	0	0	1
6649_sub1	1	11	4	7	4	7	0	0
6649_sub2	0	1	0	1	0	0	0	1
6649_sub3	0	1	0	1	0	0	0	1
6649_sub4	0	1	1	0	0	0	1	0
665_sub0	0	1	1	0	0	0	1	0
665_sub1	1	24	11	13	10	10	1	3
665_sub2	0	1	1	0	0	0	1	0
665_sub3	0	1	0	1	0	0	0	1
665_sub4	0	1	0	1	0	0	0	1
665_sub5	0	1	1	0	0	0	1	0
6650_sub0	1	16	6	10	6	10	0	0
6650_sub1	0	1	1	0	0	0	1	0
6650_sub2	0	1	0	1	0	0	0	1
6650_sub3	0	1	1	0	0	0	1	0
6650_sub4	0	1	1	0	0	0	1	0
6661_sub0	0	1	0	1	0	0	0	1
6661_sub1	0	1	1	0	0	0	1	0
6661_sub2	1	9	6	3	6	3	0	0
6661_sub3	0	1	1	0	0	0	1	0
6661_sub4	0	1	0	1	0	0	0	1
6661_sub5	0	1	1	0	0	0	1	0
6666_sub0	0	1	0	1	0	0	0	1
6666_sub1	1	23	12	11	10	10	2	1
6666_sub2	0	1	1	0	0	0	1	0
6666_sub3	0	1	1	0	0	0	1	0
6666_sub4	0	1	1	0	0	0	1	0
667_sub0	0	1	0	1	0	0	0	1
667_sub1	0	1	0	1	0	0	0	1
667_sub2	0	1	0	1	0	0	0	1
667_sub3	1	14	8	6	8	6	0	0
667_sub4	0	1	1	0	0	0	1	0
667_sub5	0	1	1	0	0	0	1	0
6672_sub0	0	1	0	1	0	0	0	1
6672_sub1	1	20	7	13	7	13	0	0
6672_sub2	0	1	1	0	0	0	1	0
6672_sub3	0	1	0	1	0	0	0	1
6672_sub4	0	1	1	0	0	0	1	0
6687_sub0	0	1	1	0	0	0	1	0
6687_sub1	1	13	6	7	6	7	0	0
669_sub0	0	1	0	1	0	0	0	1
669_sub1	0	1	0	1	0	0	0	1
669_sub2	0	3	3	0	0	0	3	0
669_sub3	0	1	0	1	0	0	0	1
6690_sub0	1	21	10	11	10	10	0	1
6690_sub1	0	1	0	1	0	0	0	1
6690_sub2	0	1	0	1	0	0	0	1
6690_sub3	0	1	0	1	0	0	0	1
6695_sub0	0	1	1	0	0	0	1	0
6695_sub1	1	19	9	10	9	10	0	0
6695_sub2	0	1	1	0	0	0	1	0
6696_sub0	0	1	1	0	0	0	1	0
6696_sub1	1	19	11	8	11	8	0	0
6696_sub2	0	1	0	1	0	0	0	1
6696_sub3	0	1	1	0	0	0	1	0
6696_sub4	0	1	0	1	0	0	0	1
6700_sub0	0	1	0	1	0	0	0	1
6700_sub1	0	1	0	1	0	0	0	1
6700_sub2	0	1	0	1	0	0	0	1
6700_sub3	0	1	0	1	0	0	0	1
6700_sub4	0	1	1	0	0	0	1	0
6700_sub5	0	1	1	0	0	0	1	0
6701_sub0	0	5	3	2	0	0	3	2
6701_sub1	0	1	1	0	0	0	1	0
6701_sub2	0	1	1	0	0	0	1	0
6703_sub0	0	1	0	1	0	0	0	1
6703_sub1	0	1	1	0	0	0	1	0
6703_sub2	1	18	10	8	10	8	0	0
6708_sub0	0	1	0	1	0	0	0	1
6708_sub1	1	13	4	9	4	9	0	0
6708_sub2	0	1	0	1	0	0	0	1
6708_sub3	0	1	0	1	0	0	0	1
6708_sub4	0	1	0	1	0	0	0	1
6709_sub0	0	1	0	1	0	0	0	1
6709_sub1	1	6	1	5	1	5	0	0
671_sub0	0	1	1	0	0	0	1	0
671_sub1	0	1	1	0	0	0	1	0
671_sub2	0	1	1	0	0	0	1	0
671_sub3	1	18	9	9	9	9	0	0
671_sub4	0	1	0	1	0	0	0	1
671_sub5	0	1	0	1	0	0	0	1
671_sub6	0	1	1	0	0	0	1	0
671_sub7	0	1	0	1	0	0	0	1
671_sub8	0	1	0	1	0	0	0	1
6716_sub0	1	13	6	7	6	7	0	0
6716_sub1	0	1	1	0	0	0	1	0
6718_sub0	1	8	5	3	5	3	0	0
6718_sub1	0	1	0	1	0	0	0	1
6718_sub2	0	1	1	0	0	0	1	0
6722_sub0	0	1	1	0	0	0	1	0
6722_sub1	0	1	0	1	0	0	0	1
6722_sub2	1	18	8	10	8	10	0	0
6722_sub3	0	1	0	1	0	0	0	1
6722_sub4	0	1	0	1	0	0	0	1
673_sub0	0	1	0	1	0	0	0	1
673_sub1	0	1	0	1	0	0	0	1
673_sub2	0	1	1	0	0	0	1	0
673_sub3	0	1	0	1	0	0	0	1
673_sub4	0	1	1	0	0	0	1	0
673_sub5	0	1	1	0	0	0	1	0
674_sub0	0	1	0	1	0	0	0	1
674_sub1	0	1	1	0	0	0	1	0
674_sub2	0	1	1	0	0	0	1	0
674_sub3	0	1	0	1	0	0	0	1
674_sub4	0	1	1	0	0	0	1	0
674_sub5	0	1	0	1	0	0	0	1
6741_sub0	1	22	12	10	10	10	2	0
6741_sub1	0	1	1	0	0	0	1	0
6741_sub2	0	1	0	1	0	0	0	1
6741_sub3	0	1	0	1	0	0	0	1
6741_sub4	0	1	1	0	0	0	1	0
6742_sub0	1	13	7	6	7	6	0	0
6742_sub1	0	1	1	0	0	0	1	0
6742_sub2	0	1	1	0	0	0	1	0
6742_sub3	0	1	1	0	0	0	1	0
6742_sub4	0	1	0	1	0	0	0	1
6749_sub0	0	1	0	1	0	0	0	1
6749_sub1	0	1	0	1	0	0	0	1
6749_sub2	0	5	3	2	0	0	3	2
6749_sub3	0	1	1	0	0	0	1	0
6749_sub4	0	1	0	1	0	0	0	1
6752_sub0	0	1	0	1	0	0	0	1
6752_sub1	1	22	11	11	10	10	1	1
6752_sub2	0	1	1	0	0	0	1	0
6754_sub0	1	9	5	4	5	4	0	0
6754_sub1	0	1	1	0	0	0	1	0
6754_sub2	0	2	0	2	0	0	0	2
6754_sub3	0	1	1	0	0	0	1	0
6765_sub0	0	1	1	0	0	0	1	0
6765_sub1	0	1	1	0	0	0	1	0
6765_sub2	0	1	0	1	0	0	0	1
6765_sub3	0	1	1	0	0	0	1	0
6765_sub4	0	1	0	1	0	0	0	1
6765_sub5	0	1	1	0	0	0	1	0
6768_sub0	1	19	12	7	12	7	0	0
6768_sub1	0	1	0	1	0	0	0	1
6768_sub2	0	1	1	0	0	0	1	0
6768_sub3	0	1	1	0	0	0	1	0
6768_sub4	0	1	1	0	0	0	1	0
6768_sub5	0	1	0	1	0	0	0	1
677_sub0	0	1	0	1	0	0	0	1
677_sub1	1	20	13	7	13	7	0	0
677_sub2	0	1	0	1	0	0	0	1
677_sub3	0	1	0	1	0	0	0	1
6776_sub0	1	21	12	9	11	9	1	0
6776_sub1	0	1	1	0	0	0	1	0
6776_sub2	0	1	0	1	0	0	0	1
6776_sub3	0	1	1	0	0	0	1	0
6776_sub4	0	1	0	1	0	0	0	1
6777_sub0	1	12	6	6	6	6	0	0
6777_sub1	0	1	1	0	0	0	1	0
6778_sub0	1	12	5	7	5	7	0	0
6778_sub1	0	1	0	1	0	0	0	1
6778_sub2	0	1	1	0	0	0	1	0
6778_sub3	0	1	0	1	0	0	0	1
678_sub0	0	1	1	0	0	0	1	0
678_sub1	0	1	1	0	0	0	1	0
678_sub2	0	1	1	0	0	0	1	0
678_sub3	1	15	8	7	8	7	0	0
678_sub4	0	1	1	0	0	0	1	0
678_sub5	0	1	1	0	0	0	1	0
678_sub6	0	1	0	1	0	0	0	1
678_sub7	0	1	0	1	0	0	0	1
6784_sub0	0	1	0	1	0	0	0	1
6784_sub1	0	1	1	0	0	0	1	0
6784_sub2	0	1	1	0	0	0	1	0
6784_sub3	0	1	1	0	0	0	1	0
6784_sub4	0	1	0	1	0	0	0	1
6784_sub5	0	1	0	1	0	0	0	1
6788_sub0	0	1	1	0	0	0	1	0
6788_sub1	0	1	0	1	0	0	0	1
6788_sub2	0	1	0	1	0	0	0	1
6788_sub3	0	1	0	1	0	0	0	1
6788_sub4	0	1	1	0	0	0	1	0
6788_sub5	0	1	0	1	0	0	0	1
679_sub0	0	1	0	1	0	0	0	1
679_sub1	0	1	1	0	0	0	1	0
679_sub2	1	17	10	7	10	7	0	0
679_sub3	0	1	1	0	0	0	1	0
6795_sub0	0	1	1	0	0	0	1	0
6795_sub1	1	15	3	12	3	12	0	0
6795_sub2	0	1	1	0	0	0	1	0
6795_sub3	0	1	1	0	0	0	1	0
6796_sub0	1	6	4	2	4	2	0	0
6796_sub1	0	1	1	0	0	0	1	0
6796_sub2	0	1	0	1	0	0	0	1
68_sub0	0	1	1	0	0	0	1	0
68_sub1	1	12	6	6	6	6	0	0
68_sub2	0	1	0	1	0	0	0	1
68_sub3	0	1	1	0	0	0	1	0
68_sub4	0	1	0	1	0	0	0	1
68_sub5	0	1	1	0	0	0	1	0
68_sub6	0	1	0	1	0	0	0	1
6800_sub0	1	18	9	9	9	9	0	0
6800_sub1	0	1	0	1	0	0	0	1
6800_sub2	0	1	0	1	0	0	0	1
6800_sub3	0	1	0	1	0	0	0	1
6800_sub4	0	1	0	1	0	0	0	1
6802_sub0	1	24	9	15	9	11	0	4
6802_sub1	0	1	0	1	0	0	0	1
6802_sub2	0	1	0	1	0	0	0	1
6802_sub3	0	1	0	1	0	0	0	1
6802_sub4	0	1	0	1	0	0	0	1
6802_sub5	0	1	1	0	0	0	1	0
6804_sub0	0	1	0	1	0	0	0	1
6804_sub1	1	15	11	4	11	4	0	0
6805_sub0	1	7	4	3	4	3	0	0
6805_sub1	0	1	0	1	0	0	0	1
6805_sub2	0	1	1	0	0	0	1	0
6805_sub3	0	1	0	1	0	0	0	1
6809_sub0	0	1	0	1	0	0	0	1
6809_sub1	0	1	0	1	0	0	0	1
6809_sub2	0	1	0	1	0	0	0	1
6809_sub3	0	1	0	1	0	0	0	1
6809_sub4	0	1	0	1	0	0	0	1
6809_sub5	0	1	1	0	0	0	1	0
6809_sub6	0	1	1	0	0	0	1	0
6809_sub7	0	1	0	1	0	0	0	1
6815_sub0	0	1	0	1	0	0	0	1
6815_sub1	0	1	0	1	0	0	0	1
6815_sub2	0	1	0	1	0	0	0	1
6815_sub3	0	1	1	0	0	0	1	0
6815_sub4	0	1	0	1	0	0	0	1
6815_sub5	0	1	0	1	0	0	0	1
6821_sub0	1	22	9	13	9	11	0	2
6821_sub1	0	1	1	0	0	0	1	0
6827_sub0	0	1	0	1	0	0	0	1
6827_sub1	0	1	0	1	0	0	0	1
6827_sub2	0	1	1	0	0	0	1	0
6827_sub3	0	1	0	1	0	0	0	1
6827_sub4	0	1	0	1	0	0	0	1
6827_sub5	0	1	0	1	0	0	0	1
683_sub0	0	1	1	0	0	0	1	0
683_sub1	0	2	2	0	0	0	2	0
683_sub2	1	17	8	9	8	9	0	0
683_sub3	0	1	0	1	0	0	0	1
683_sub4	0	1	1	0	0	0	1	0
6830_sub0	0	1	0	1	0	0	0	1
6830_sub1	0	1	1	0	0	0	1	0
6830_sub2	0	1	1	0	0	0	1	0
6830_sub3	0	1	1	0	0	0	1	0
6830_sub4	0	1	1	0	0	0	1	0
6830_sub5	0	1	0	1	0	0	0	1
6830_sub6	0	1	0	1	0	0	0	1
6831_sub0	0	1	0	1	0	0	0	1
6831_sub1	0	4	2	2	0	0	2	2
6831_sub2	0	2	0	2	0	0	0	2
6831_sub3	0	1	0	1	0	0	0	1
6831_sub4	0	1	0	1	0	0	0	1
6832_sub0	0	1	0	1	0	0	0	1
6832_sub1	1	12	8	4	8	4	0	0
685_sub0	0	1	1	0	0	0	1	0
685_sub1	0	1	1	0	0	0	1	0
685_sub2	0	1	0	1	0	0	0	1
685_sub3	0	1	0	1	0	0	0	1
685_sub4	0	4	3	1	0	0	3	1
685_sub5	0	1	0	1	0	0	0	1
685_sub6	0	1	1	0	0	0	1	0
6858_sub0	0	1	0	1	0	0	0	1
6858_sub1	1	11	5	6	5	6	0	0
6858_sub2	0	1	1	0	0	0	1	0
6858_sub3	0	1	0	1	0	0	0	1
6863_sub0	0	1	0	1	0	0	0	1
6863_sub1	0	1	0	1	0	0	0	1
6863_sub2	0	1	1	0	0	0	1	0
6863_sub3	0	1	0	1	0	0	0	1
6863_sub4	0	1	1	0	0	0	1	0
6863_sub5	0	1	0	1	0	0	0	1
6868_sub0	0	1	0	1	0	0	0	1
6868_sub1	0	1	1	0	0	0	1	0
6868_sub2	0	1	0	1	0	0	0	1
6868_sub3	0	1	1	0	0	0	1	0
6868_sub4	0	1	1	0	0	0	1	0
6868_sub5	0	1	1	0	0	0	1	0
6868_sub6	0	1	0	1	0	0	0	1
688_sub0	0	1	1	0	0	0	1	0
688_sub1	1	22	10	12	10	10	0	2
688_sub2	0	1	0	1	0	0	0	1
688_sub3	0	1	0	1	0	0	0	1
688_sub4	0	1	0	1	0	0	0	1
688_sub5	0	1	0	1	0	0	0	1
6884_sub0	0	1	0	1	0	0	0	1
6884_sub1	1	7	6	1	6	1	0	0
6884_sub2	0	1	1	0	0	0	1	0
6884_sub3	0	1	0	1	0	0	0	1
6884_sub4	0	1	1	0	0	0	1	0
6884_sub5	0	1	1	0	0	0	1	0
6884_sub6	0	1	1	0	0	0	1	0
6884_sub7	0	1	1	0	0	0	1	0
6884_sub8	0	1	1	0	0	0	1	0
689_sub0	0	1	0	1	0	0	0	1
689_sub1	1	20	7	13	7	13	0	0
689_sub2	0	1	1	0	0	0	1	0
689_sub3	0	1	0	1	0	0	0	1
689_sub4	0	1	0	1	0	0	0	1
689_sub5	0	1	0	1	0	0	0	1
689_sub6	0	1	1	0	0	0	1	0
6892_sub0	1	13	7	6	7	6	0	0
6892_sub1	0	1	1	0	0	0	1	0
6892_sub2	0	1	0	1	0	0	0	1
6892_sub3	0	1	0	1	0	0	0	1
6892_sub4	0	1	0	1	0	0	0	1
6893_sub0	1	8	4	4	4	4	0	0
6893_sub1	0	1	0	1	0	0	0	1
6893_sub2	0	1	0	1	0	0	0	1
6898_sub0	0	1	0	1	0	0	0	1
6898_sub1	1	22	8	14	8	12	0	2
6898_sub2	0	1	1	0	0	0	1	0
6898_sub3	0	1	0	1	0	0	0	1
6898_sub4	0	1	0	1	0	0	0	1
6898_sub5	0	1	0	1	0	0	0	1
69_sub0	0	1	0	1	0	0	0	1
69_sub1	1	27	17	10	10	10	7	0
69_sub2	0	1	0	1	0	0	0	1
69_sub3	0	1	1	0	0	0	1	0
69_sub4	0	1	0	1	0	0	0	1
69_sub5	0	1	1	0	0	0	1	0
690_sub0	0	1	0	1	0	0	0	1
690_sub1	1	19	10	9	10	9	0	0
690_sub2	0	1	0	1	0	0	0	1
690_sub3	0	1	0	1	0	0	0	1
690_sub4	0	1	0	1	0	0	0	1
690_sub5	0	1	0	1	0	0	0	1
690_sub6	0	1	1	0	0	0	1	0
6904_sub0	0	1	0	1	0	0	0	1
6904_sub1	0	1	0	1	0	0	0	1
6904_sub2	0	1	0	1	0	0	0	1
6904_sub3	0	1	0	1	0	0	0	1
6904_sub4	0	1	0	1	0	0	0	1
6904_sub5	0	1	0	1	0	0	0	1
6908_sub0	1	24	10	14	10	10	0	4
6908_sub1	0	1	1	0	0	0	1	0
6908_sub2	0	1	1	0	0	0	1	0
6908_sub3	0	1	0	1	0	0	0	1
6908_sub4	0	1	0	1	0	0	0	1
691_sub0	0	1	0	1	0	0	0	1
691_sub1	0	1	1	0	0	0	1	0
691_sub2	0	1	0	1	0	0	0	1
691_sub3	0	1	0	1	0	0	0	1
691_sub4	0	1	1	0	0	0	1	0
691_sub5	0	1	1	0	0	0	1	0
691_sub6	0	1	1	0	0	0	1	0
691_sub7	0	1	0	1	0	0	0	1
691_sub8	0	1	0	1	0	0	0	1
6917_sub0	0	1	0	1	0	0	0	1
6917_sub1	0	1	1	0	0	0	1	0
6917_sub2	0	1	0	1	0	0	0	1
6917_sub3	0	1	0	1	0	0	0	1
6917_sub4	0	1	0	1	0	0	0	1
6917_sub5	0	1	1	0	0	0	1	0
6917_sub6	0	1	0	1	0	0	0	1
6917_sub7	0	1	1	0	0	0	1	0
6926_sub0	0	1	0	1	0	0	0	1
6926_sub1	0	1	1	0	0	0	1	0
6926_sub2	0	1	0	1	0	0	0	1
6926_sub3	1	8	3	5	3	5	0	0
6928_sub0	1	8	6	2	6	2	0	0
6935_sub0	0	1	0	1	0	0	0	1
6935_sub1	0	4	3	1	0	0	3	1
6935_sub2	0	1	0	1	0	0	0	1
6935_sub3	0	1	0	1	0	0	0	1
6935_sub4	0	1	0	1	0	0	0	1
6935_sub5	0	1	0	1	0	0	0	1
6936_sub0	1	16	5	11	5	11	0	0
6936_sub1	0	1	0	1	0	0	0	1
6936_sub2	0	1	1	0	0	0	1	0
6936_sub3	0	1	0	1	0	0	0	1
6936_sub4	0	1	0	1	0	0	0	1
6936_sub5	0	1	1	0	0	0	1	0
6936_sub6	0	1	1	0	0	0	1	0
6936_sub7	0	1	1	0	0	0	1	0
6936_sub8	0	1	1	0	0	0	1	0
6936_sub9	0	1	0	1	0	0	0	1
6936_sub10	0	1	1	0	0	0	1	0
6936_sub11	0	1	1	0	0	0	1	0
6936_sub12	0	1	1	0	0	0	1	0
6936_sub13	0	1	0	1	0	0	0	1
6936_sub14	0	1	0	1	0	0	0	1
6936_sub15	0	1	0	1	0	0	0	1
6938_sub0	1	27	11	16	10	10	1	6
6938_sub1	0	1	1	0	0	0	1	0
6938_sub2	0	1	1	0	0	0	1	0
6938_sub3	0	1	1	0	0	0	1	0
6938_sub4	0	1	0	1	0	0	0	1
6938_sub5	0	1	0	1	0	0	0	1
6938_sub6	0	1	0	1	0	0	0	1
6938_sub7	0	1	1	0	0	0	1	0
6938_sub8	0	1	1	0	0	0	1	0
6938_sub9	0	1	1	0	0	0	1	0
6944_sub0	0	1	0	1	0	0	0	1
6944_sub1	0	1	1	0	0	0	1	0
6944_sub2	0	1	1	0	0	0	1	0
6944_sub3	0	1	0	1	0	0	0	1
6944_sub4	0	1	0	1	0	0	0	1
6944_sub5	0	1	0	1	0	0	0	1
6948_sub0	0	1	1	0	0	0	1	0
6948_sub1	1	7	5	2	5	2	0	0
6948_sub2	0	1	1	0	0	0	1	0
6948_sub3	0	1	1	0	0	0	1	0
6949_sub0	1	11	1	10	1	10	0	0
6949_sub1	0	1	0	1	0	0	0	1
6949_sub2	0	1	0	1	0	0	0	1
6949_sub3	0	1	0	1	0	0	0	1
6949_sub4	0	1	1	0	0	0	1	0
695_sub0	0	1	0	1	0	0	0	1
695_sub1	1	8	6	2	6	2	0	0
695_sub2	0	1	0	1	0	0	0	1
695_sub3	0	1	0	1	0	0	0	1
695_sub4	0	1	0	1	0	0	0	1
6956_sub0	0	1	0	1	0	0	0	1
6956_sub1	1	12	9	3	9	3	0	0
6956_sub2	0	1	0	1	0	0	0	1
6959_sub0	0	1	1	0	0	0	1	0
6959_sub1	1	18	11	7	11	7	0	0
696_sub0	0	1	1	0	0	0	1	0
696_sub1	0	1	1	0	0	0	1	0
696_sub2	0	2	1	1	0	0	1	1
696_sub3	0	1	1	0	0	0	1	0
696_sub4	0	1	0	1	0	0	0	1
6960_sub0	1	16	7	9	7	9	0	0
6960_sub1	0	1	1	0	0	0	1	0
6960_sub2	0	1	1	0	0	0	1	0
6960_sub3	0	1	1	0	0	0	1	0
6962_sub0	1	20	11	9	11	9	0	0
6962_sub1	0	1	0	1	0	0	0	1
6962_sub2	0	1	1	0	0	0	1	0
6962_sub3	0	1	1	0	0	0	1	0
6962_sub4	0	1	0	1	0	0	0	1
6962_sub5	0	1	1	0	0	0	1	0
6963_sub0	1	11	5	6	5	6	0	0
6963_sub1	0	1	1	0	0	0	1	0
6965_sub0	0	1	0	1	0	0	0	1
6965_sub1	0	1	0	1	0	0	0	1
6965_sub2	0	1	0	1	0	0	0	1
6965_sub3	0	1	1	0	0	0	1	0
6965_sub4	0	1	0	1	0	0	0	1
6965_sub5	0	1	1	0	0	0	1	0
6965_sub6	0	1	0	1	0	0	0	1
6985_sub0	1	17	8	9	8	9	0	0
6985_sub1	0	1	0	1	0	0	0	1
6985_sub2	0	1	1	0	0	0	1	0
6986_sub0	1	23	12	11	10	10	2	1
6986_sub1	0	1	1	0	0	0	1	0
6986_sub2	0	1	0	1	0	0	0	1
6986_sub3	0	1	0	1	0	0	0	1
6988_sub0	1	9	2	7	2	7	0	0
6988_sub1	0	1	1	0	0	0	1	0
6988_sub2	0	1	0	1	0	0	0	1
6990_sub0	0	1	0	1	0	0	0	1
6990_sub1	0	1	0	1	0	0	0	1
6990_sub2	0	1	1	0	0	0	1	0
6990_sub3	0	1	1	0	0	0	1	0
6990_sub4	0	1	1	0	0	0	1	0
6990_sub5	0	1	1	0	0	0	1	0
6990_sub6	0	1	1	0	0	0	1	0
6990_sub7	0	1	0	1	0	0	0	1
7001_sub0	1	14	5	9	5	9	0	0
7001_sub1	0	1	1	0	0	0	1	0
7001_sub2	0	1	1	0	0	0	1	0
7008_sub0	0	1	0	1	0	0	0	1
7008_sub1	1	20	14	6	14	6	0	0
7008_sub2	0	1	0	1	0	0	0	1
7008_sub3	0	1	0	1	0	0	0	1
7016_sub0	0	1	0	1	0	0	0	1
7016_sub1	0	1	1	0	0	0	1	0
7016_sub2	0	1	1	0	0	0	1	0
7016_sub3	0	1	0	1	0	0	0	1
7016_sub4	0	1	1	0	0	0	1	0
7016_sub5	0	1	0	1	0	0	0	1
7020_sub0	0	1	0	1	0	0	0	1
7020_sub1	1	14	6	8	6	8	0	0
7020_sub2	0	1	1	0	0	0	1	0
7020_sub3	0	1	1	0	0	0	1	0
7020_sub4	0	1	0	1	0	0	0	1
703_sub0	0	1	1	0	0	0	1	0
703_sub1	0	1	0	1	0	0	0	1
703_sub2	0	1	1	0	0	0	1	0
703_sub3	0	1	1	0	0	0	1	0
703_sub4	0	1	1	0	0	0	1	0
703_sub5	0	1	0	1	0	0	0	1
703_sub6	0	1	0	1	0	0	0	1
703_sub7	0	1	1	0	0	0	1	0
703_sub8	0	1	1	0	0	0	1	0
7033_sub0	1	10	4	6	4	6	0	0
7033_sub1	0	1	1	0	0	0	1	0
7033_sub2	0	1	1	0	0	0	1	0
7035_sub0	0	1	1	0	0	0	1	0
7035_sub1	0	1	1	0	0	0	1	0
7035_sub2	1	14	6	8	6	8	0	0
7035_sub3	0	1	1	0	0	0	1	0
7037_sub0	0	1	1	0	0	0	1	0
7037_sub1	1	10	5	5	5	5	0	0
7037_sub2	0	1	1	0	0	0	1	0
7037_sub3	0	1	0	1	0	0	0	1
7037_sub4	0	1	1	0	0	0	1	0
7037_sub5	0	1	0	1	0	0	0	1
7044_sub0	0	1	0	1	0	0	0	1
7044_sub1	0	2	2	0	0	0	2	0
7044_sub2	0	1	1	0	0	0	1	0
7044_sub3	0	1	1	0	0	0	1	0
7044_sub4	0	1	1	0	0	0	1	0
7044_sub5	0	1	0	1	0	0	0	1
7045_sub0	0	1	0	1	0	0	0	1
7045_sub1	0	1	0	1	0	0	0	1
7045_sub2	0	1	1	0	0	0	1	0
7045_sub3	0	1	1	0	0	0	1	0
7045_sub4	0	1	0	1	0	0	0	1
7045_sub5	0	1	1	0	0	0	1	0
7046_sub0	1	12	4	8	4	8	0	0
7046_sub1	0	1	1	0	0	0	1	0
7053_sub0	1	15	7	8	7	8	0	0
7053_sub1	0	1	1	0	0	0	1	0
7053_sub2	0	1	1	0	0	0	1	0
7053_sub3	0	1	0	1	0	0	0	1
7053_sub4	0	1	0	1	0	0	0	1
7054_sub0	0	1	0	1	0	0	0	1
7054_sub1	1	8	5	3	5	3	0	0
7054_sub2	0	1	1	0	0	0	1	0
7054_sub3	0	1	1	0	0	0	1	0
706_sub0	0	1	0	1	0	0	0	1
706_sub1	1	7	3	4	3	4	0	0
706_sub2	0	1	1	0	0	0	1	0
706_sub3	0	1	0	1	0	0	0	1
707_sub0	0	1	1	0	0	0	1	0
707_sub1	1	12	8	4	8	4	0	0
707_sub2	0	1	0	1	0	0	0	1
707_sub3	0	1	0	1	0	0	0	1
707_sub4	0	1	0	1	0	0	0	1
7071_sub0	1	21	11	10	10	10	1	0
7071_sub1	0	1	0	1	0	0	0	1
7071_sub2	0	1	1	0	0	0	1	0
7071_sub3	0	1	0	1	0	0	0	1
7071_sub4	0	1	1	0	0	0	1	0
7071_sub5	0	1	0	1	0	0	0	1
7076_sub0	0	1	0	1	0	0	0	1
7076_sub1	0	1	0	1	0	0	0	1
7076_sub2	0	1	0	1	0	0	0	1
7076_sub3	0	1	0	1	0	0	0	1
7076_sub4	0	1	1	0	0	0	1	0
7076_sub5	0	1	1	0	0	0	1	0
7076_sub6	0	1	0	1	0	0	0	1
7088_sub0	0	1	1	0	0	0	1	0
7088_sub1	1	12	10	2	10	2	0	0
709_sub0	0	1	0	1	0	0	0	1
709_sub1	0	1	0	1	0	0	0	1
709_sub2	1	26	7	19	7	13	0	6
709_sub3	0	1	0	1	0	0	0	1
709_sub4	0	1	1	0	0	0	1	0
7090_sub0	1	18	12	6	12	6	0	0
7090_sub1	0	1	0	1	0	0	0	1
7090_sub2	0	1	0	1	0	0	0	1
7090_sub3	0	1	1	0	0	0	1	0
7090_sub4	0	1	1	0	0	0	1	0
7090_sub5	0	1	0	1	0	0	0	1
7090_sub6	0	1	0	1	0	0	0	1
7092_sub0	0	1	0	1	0	0	0	1
7092_sub1	0	1	0	1	0	0	0	1
7092_sub2	0	1	0	1	0	0	0	1
7092_sub3	0	1	1	0	0	0	1	0
7092_sub4	0	1	1	0	0	0	1	0
7092_sub5	0	1	0	1	0	0	0	1
7097_sub0	0	1	0	1	0	0	0	1
7097_sub1	0	1	0	1	0	0	0	1
7097_sub2	0	1	1	0	0	0	1	0
7097_sub3	0	1	1	0	0	0	1	0
7097_sub4	0	1	1	0	0	0	1	0
7097_sub5	0	1	0	1	0	0	0	1
7098_sub0	0	1	1	0	0	0	1	0
7098_sub1	0	1	1	0	0	0	1	0
7098_sub2	0	1	0	1	0	0	0	1
7098_sub3	0	1	1	0	0	0	1	0
7098_sub4	0	1	1	0	0	0	1	0
7098_sub5	0	1	1	0	0	0	1	0
7099_sub0	0	1	0	1	0	0	0	1
7099_sub1	0	1	0	1	0	0	0	1
7099_sub2	0	1	1	0	0	0	1	0
7099_sub3	0	1	1	0	0	0	1	0
7099_sub4	0	1	1	0	0	0	1	0
7099_sub5	0	1	0	1	0	0	0	1
7099_sub6	0	1	1	0	0	0	1	0
7099_sub7	0	1	1	0	0	0	1	0
71_sub0	0	1	1	0	0	0	1	0
71_sub1	0	1	0	1	0	0	0	1
71_sub2	0	1	0	1	0	0	0	1
71_sub3	0	1	0	1	0	0	0	1
71_sub4	0	1	0	1	0	0	0	1
71_sub5	0	1	1	0	0	0	1	0
71_sub6	0	1	0	1	0	0	0	1
71_sub7	0	1	1	0	0	0	1	0
71_sub8	0	1	1	0	0	0	1	0
711_sub0	0	1	0	1	0	0	0	1
711_sub1	1	8	2	6	2	6	0	0
711_sub2	0	1	1	0	0	0	1	0
711_sub3	0	1	1	0	0	0	1	0
7115_sub0	0	1	0	1	0	0	0	1
7115_sub1	0	1	0	1	0	0	0	1
7115_sub2	0	1	0	1	0	0	0	1
7115_sub3	0	1	1	0	0	0	1	0
7115_sub4	0	1	1	0	0	0	1	0
7115_sub5	0	1	1	0	0	0	1	0
7115_sub6	0	1	0	1	0	0	0	1
7115_sub7	0	1	1	0	0	0	1	0
7116_sub0	1	11	9	2	9	2	0	0
7116_sub1	0	1	1	0	0	0	1	0
7116_sub2	0	1	0	1	0	0	0	1
7116_sub3	0	1	0	1	0	0	0	1
7116_sub4	0	1	0	1	0	0	0	1
7116_sub5	0	1	1	0	0	0	1	0
7118_sub0	0	1	0	1	0	0	0	1
7118_sub1	1	10	5	5	5	5	0	0
7118_sub2	0	1	0	1	0	0	0	1
7122_sub0	0	1	0	1	0	0	0	1
7122_sub1	0	1	1	0	0	0	1	0
7122_sub2	0	1	0	1	0	0	0	1
7122_sub3	0	1	1	0	0	0	1	0
7122_sub4	0	1	0	1	0	0	0	1
7122_sub5	0	1	1	0	0	0	1	0
7122_sub6	0	1	1	0	0	0	1	0
7134_sub0	0	1	1	0	0	0	1	0
7134_sub1	0	1	1	0	0	0	1	0
7134_sub2	1	15	7	8	7	8	0	0
7136_sub0	0	1	0	1	0	0	0	1
7136_sub1	1	21	13	8	12	8	1	0
7140_sub0	1	13	5	8	5	8	0	0
7140_sub1	0	1	0	1	0	0	0	1
7140_sub2	0	1	0	1	0	0	0	1
7141_sub0	0	1	1	0	0	0	1	0
7141_sub1	0	1	0	1	0	0	0	1
7141_sub2	1	9	7	2	7	2	0	0
7141_sub3	0	1	0	1	0	0	0	1
7141_sub4	0	1	0	1	0	0	0	1
7147_sub0	0	1	1	0	0	0	1	0
7147_sub1	0	1	1	0	0	0	1	0
7147_sub2	0	1	0	1	0	0	0	1
7147_sub3	0	1	1	0	0	0	1	0
7147_sub4	0	1	1	0	0	0	1	0
7147_sub5	0	1	1	0	0	0	1	0
7147_sub6	0	1	0	1	0	0	0	1
716_sub0	0	1	1	0	0	0	1	0
716_sub1	1	26	17	9	11	9	6	0
7163_sub0	0	1	0	1	0	0	0	1
7163_sub1	0	1	0	1	0	0	0	1
7163_sub2	0	1	0	1	0	0	0	1
7163_sub3	0	1	0	1	0	0	0	1
7163_sub4	0	1	0	1	0	0	0	1
7163_sub5	0	1	1	0	0	0	1	0
7172_sub0	1	19	8	11	8	11	0	0
7175_sub0	1	9	4	5	4	5	0	0
7175_sub1	0	1	0	1	0	0	0	1
7175_sub2	0	1	1	0	0	0	1	0
718_sub0	0	1	1	0	0	0	1	0
718_sub1	0	1	0	1	0	0	0	1
718_sub2	1	21	9	12	9	11	0	1
718_sub3	0	1	0	1	0	0	0	1
718_sub4	0	1	1	0	0	0	1	0
718_sub5	0	1	1	0	0	0	1	0
718_sub6	0	1	1	0	0	0	1	0
718_sub7	0	1	1	0	0	0	1	0
718_sub8	0	1	0	1	0	0	0	1
7184_sub0	1	26	11	15	10	10	1	5
7184_sub1	0	1	1	0	0	0	1	0
7184_sub2	0	1	0	1	0	0	0	1
7185_sub0	1	16	7	9	7	9	0	0
7185_sub1	0	1	1	0	0	0	1	0
7185_sub2	0	1	0	1	0	0	0	1
7185_sub3	0	1	1	0	0	0	1	0
7185_sub4	0	1	0	1	0	0	0	1
719_sub0	1	23	7	16	7	13	0	3
719_sub1	0	1	1	0	0	0	1	0
719_sub2	0	1	0	1	0	0	0	1
719_sub3	0	1	0	1	0	0	0	1
719_sub4	0	1	1	0	0	0	1	0
719_sub5	0	1	0	1	0	0	0	1
7198_sub0	0	1	0	1	0	0	0	1
7198_sub1	0	1	1	0	0	0	1	0
7198_sub2	0	1	0	1	0	0	0	1
7198_sub3	0	1	1	0	0	0	1	0
7198_sub4	0	1	1	0	0	0	1	0
7198_sub5	0	1	0	1	0	0	0	1
7198_sub6	0	1	0	1	0	0	0	1
7198_sub7	0	1	0	1	0	0	0	1
7198_sub8	0	1	0	1	0	0	0	1
7198_sub9	0	1	1	0	0	0	1	0
72_sub0	0	1	0	1	0	0	0	1
72_sub1	0	1	0	1	0	0	0	1
72_sub2	0	1	0	1	0	0	0	1
72_sub3	0	1	1	0	0	0	1	0
72_sub4	0	1	0	1	0	0	0	1
72_sub5	0	1	1	0	0	0	1	0
72_sub6	0	1	1	0	0	0	1	0
72_sub7	0	1	1	0	0	0	1	0
7210_sub0	1	20	12	8	12	8	0	0
7210_sub1	0	1	0	1	0	0	0	1
7210_sub2	0	1	1	0	0	0	1	0
7210_sub3	0	1	1	0	0	0	1	0
7210_sub4	0	1	1	0	0	0	1	0
7215_sub0	0	1	0	1	0	0	0	1
7215_sub1	0	1	0	1	0	0	0	1
7215_sub2	0	1	0	1	0	0	0	1
7215_sub3	0	1	1	0	0	0	1	0
7215_sub4	0	1	0	1	0	0	0	1
7215_sub5	0	1	0	1	0	0	0	1
7216_sub0	0	1	1	0	0	0	1	0
7216_sub1	0	1	0	1	0	0	0	1
7216_sub2	0	1	1	0	0	0	1	0
7216_sub3	0	2	1	1	0	0	1	1
7216_sub4	0	1	0	1	0	0	0	1
7217_sub0	1	18	10	8	10	8	0	0
7217_sub1	0	1	0	1	0	0	0	1
7217_sub2	0	1	1	0	0	0	1	0
7217_sub3	0	1	1	0	0	0	1	0
7217_sub4	0	1	1	0	0	0	1	0
7217_sub5	0	1	0	1	0	0	0	1
7217_sub6	0	1	0	1	0	0	0	1
722_sub0	0	1	1	0	0	0	1	0
722_sub1	1	24	14	10	10	10	4	0
722_sub2	0	1	0	1	0	0	0	1
722_sub3	0	1	0	1	0	0	0	1
722_sub4	0	1	0	1	0	0	0	1
7224_sub0	1	6	4	2	4	2	0	0
7224_sub1	0	1	1	0	0	0	1	0
7224_sub2	0	1	0	1	0	0	0	1
723_sub0	0	1	1	0	0	0	1	0
723_sub1	0	1	0	1	0	0	0	1
723_sub2	1	9	6	3	6	3	0	0
723_sub3	0	1	1	0	0	0	1	0
7230_sub0	0	1	0	1	0	0	0	1
7230_sub1	0	1	0	1	0	0	0	1
7230_sub2	0	1	0	1	0	0	0	1
7230_sub3	0	1	0	1	0	0	0	1
7230_sub4	0	1	0	1	0	0	0	1
7230_sub5	0	1	1	0	0	0	1	0
7230_sub6	0	1	1	0	0	0	1	0
7230_sub7	0	1	0	1	0	0	0	1
7233_sub0	1	12	2	10	2	10	0	0
7233_sub1	0	1	0	1	0	0	0	1
7233_sub2	0	1	1	0	0	0	1	0
7233_sub3	0	1	1	0	0	0	1	0
7234_sub0	0	2	0	2	0	0	0	2
7234_sub1	0	1	1	0	0	0	1	0
7234_sub2	0	1	0	1	0	0	0	1
7234_sub3	0	1	1	0	0	0	1	0
7234_sub4	0	1	0	1	0	0	0	1
7234_sub5	0	1	0	1	0	0	0	1
7237_sub0	0	1	0	1	0	0	0	1
7237_sub1	1	26	10	16	10	10	0	6
7237_sub2	0	1	0	1	0	0	0	1
7237_sub3	0	1	1	0	0	0	1	0
7237_sub4	0	1	1	0	0	0	1	0
7241_sub0	0	1	0	1	0	0	0	1
7241_sub1	1	8	3	5	3	5	0	0
7248_sub0	0	1	0	1	0	0	0	1
7248_sub1	0	1	1	0	0	0	1	0
7248_sub2	0	1	1	0	0	0	1	0
7248_sub3	0	1	0	1	0	0	0	1
7248_sub4	0	1	1	0	0	0	1	0
7248_sub5	0	1	1	0	0	0	1	0
7256_sub0	1	17	6	11	6	11	0	0
7256_sub1	0	1	1	0	0	0	1	0
7256_sub2	0	1	0	1	0	0	0	1
7256_sub3	0	1	0	1	0	0	0	1
7256_sub4	0	1	1	0	0	0	1	0
7259_sub0	0	1	0	1	0	0	0	1
7259_sub1	0	1	1	0	0	0	1	0
7259_sub2	0	1	0	1	0	0	0	1
7259_sub3	0	1	1	0	0	0	1	0
7259_sub4	0	1	0	1	0	0	0	1
7259_sub5	0	1	0	1	0	0	0	1
7259_sub6	0	1	0	1	0	0	0	1
726_sub0	0	1	0	1	0	0	0	1
726_sub1	1	7	4	3	4	3	0	0
726_sub2	0	1	0	1	0	0	0	1
726_sub3	0	1	0	1	0	0	0	1
726_sub4	0	1	0	1	0	0	0	1
7267_sub0	0	1	0	1	0	0	0	1
7267_sub1	0	1	0	1	0	0	0	1
7267_sub2	0	1	1	0	0	0	1	0
7267_sub3	0	1	0	1	0	0	0	1
7267_sub4	0	1	0	1	0	0	0	1
7267_sub5	0	1	1	0	0	0	1	0
727_sub0	0	1	1	0	0	0	1	0
727_sub1	1	19	7	12	7	12	0	0
727_sub2	0	1	0	1	0	0	0	1
7274_sub0	1	19	8	11	8	11	0	0
7274_sub1	0	1	1	0	0	0	1	0
7274_sub2	0	1	1	0	0	0	1	0
7276_sub0	1	30	13	17	10	10	3	7
7276_sub1	0	1	0	1	0	0	0	1
7276_sub2	0	1	1	0	0	0	1	0
7276_sub3	0	1	1	0	0	0	1	0
7276_sub4	0	1	1	0	0	0	1	0
7276_sub5	0	1	1	0	0	0	1	0
7276_sub6	0	1	0	1	0	0	0	1
7276_sub7	0	1	1	0	0	0	1	0
7276_sub8	0	1	1	0	0	0	1	0
7276_sub9	0	1	0	1	0	0	0	1
728_sub0	0	1	0	1	0	0	0	1
728_sub1	0	1	0	1	0	0	0	1
728_sub2	0	1	0	1	0	0	0	1
728_sub3	1	15	10	5	10	5	0	0
728_sub4	0	1	0	1	0	0	0	1
728_sub5	0	1	1	0	0	0	1	0
728_sub6	0	1	1	0	0	0	1	0
7280_sub0	1	17	8	9	8	9	0	0
7280_sub1	0	1	0	1	0	0	0	1
7280_sub2	0	1	1	0	0	0	1	0
7286_sub0	0	1	0	1	0	0	0	1
7286_sub1	0	1	1	0	0	0	1	0
7286_sub2	0	4	2	2	0	0	2	2
7286_sub3	0	1	0	1	0	0	0	1
7289_sub0	0	1	0	1	0	0	0	1
7289_sub1	1	6	2	4	2	4	0	0
7289_sub2	0	1	0	1	0	0	0	1
7290_sub0	0	1	1	0	0	0	1	0
7290_sub1	1	7	3	4	3	4	0	0
7295_sub0	0	1	0	1	0	0	0	1
7295_sub1	1	11	4	7	4	7	0	0
7300_sub0	0	1	0	1	0	0	0	1
7300_sub1	0	1	1	0	0	0	1	0
7300_sub2	0	1	1	0	0	0	1	0
7300_sub3	0	1	1	0	0	0	1	0
7300_sub4	0	1	0	1	0	0	0	1
7300_sub5	0	1	0	1	0	0	0	1
731_sub0	0	2	2	0	0	0	2	0
731_sub1	0	1	1	0	0	0	1	0
731_sub2	1	10	7	3	7	3	0	0
731_sub3	0	1	1	0	0	0	1	0
731_sub4	0	1	0	1	0	0	0	1
7312_sub0	0	1	0	1	0	0	0	1
7312_sub1	1	6	4	2	4	2	0	0
7315_sub0	0	1	0	1	0	0	0	1
7315_sub1	1	9	3	6	3	6	0	0
7315_sub2	0	1	1	0	0	0	1	0
7315_sub3	0	1	0	1	0	0	0	1
7315_sub4	0	1	0	1	0	0	0	1
7315_sub5	0	1	1	0	0	0	1	0
7333_sub0	0	1	1	0	0	0	1	0
7333_sub1	0	1	0	1	0	0	0	1
7333_sub2	0	1	0	1	0	0	0	1
7333_sub3	0	1	1	0	0	0	1	0
7333_sub4	0	1	0	1	0	0	0	1
7333_sub5	0	1	0	1	0	0	0	1
7333_sub6	0	1	0	1	0	0	0	1
7336_sub0	1	20	10	10	10	10	0	0
7336_sub1	0	2	0	2	0	0	0	2
7336_sub2	0	1	1	0	0	0	1	0
7336_sub3	0	1	0	1	0	0	0	1
7336_sub4	0	1	0	1	0	0	0	1
7337_sub0	1	11	4	7	4	7	0	0
7337_sub1	0	1	0	1	0	0	0	1
7337_sub2	0	1	0	1	0	0	0	1
7340_sub0	1	20	14	6	14	6	0	0
7340_sub1	0	1	1	0	0	0	1	0
7340_sub2	0	1	1	0	0	0	1	0
7340_sub3	0	1	0	1	0	0	0	1
7349_sub0	0	1	1	0	0	0	1	0
7349_sub1	0	1	0	1	0	0	0	1
7349_sub2	0	1	1	0	0	0	1	0
7349_sub3	0	1	1	0	0	0	1	0
7349_sub4	0	1	0	1	0	0	0	1
7349_sub5	0	1	0	1	0	0	0	1
7349_sub6	0	1	0	1	0	0	0	1
735_sub0	1	9	0	9	0	9	0	0
735_sub1	1	12	12	0	12	0	0	0
7358_sub0	0	1	1	0	0	0	1	0
7358_sub1	1	20	9	11	9	11	0	0
7358_sub2	0	1	0	1	0	0	0	1
7358_sub3	0	1	1	0	0	0	1	0
7358_sub4	0	1	0	1	0	0	0	1
736_sub0	0	1	1	0	0	0	1	0
736_sub1	0	1	0	1	0	0	0	1
736_sub2	1	23	16	7	13	7	3	0
736_sub3	0	2	1	1	0	0	1	1
736_sub4	0	1	0	1	0	0	0	1
736_sub5	0	2	2	0	0	0	2	0
736_sub6	0	1	1	0	0	0	1	0
7360_sub0	0	1	0	1	0	0	0	1
7360_sub1	1	16	7	9	7	9	0	0
7360_sub2	0	1	1	0	0	0	1	0
7360_sub3	0	1	1	0	0	0	1	0
7360_sub4	0	1	1	0	0	0	1	0
7360_sub5	0	1	0	1	0	0	0	1
7361_sub0	0	1	0	1	0	0	0	1
7361_sub1	1	20	7	13	7	13	0	0
7361_sub2	0	1	0	1	0	0	0	1
7363_sub0	0	1	1	0	0	0	1	0
7363_sub1	0	5	3	2	0	0	3	2
7366_sub0	0	1	1	0	0	0	1	0
7366_sub1	1	21	9	12	9	11	0	1
7366_sub2	0	1	1	0	0	0	1	0
7366_sub3	0	1	0	1	0	0	0	1
7366_sub4	0	1	1	0	0	0	1	0
7366_sub5	0	1	1	0	0	0	1	0
7366_sub6	0	1	0	1	0	0	0	1
7366_sub7	0	1	0	1	0	0	0	1
7366_sub8	0	1	0	1	0	0	0	1
7366_sub9	0	1	0	1	0	0	0	1
7366_sub10	0	1	0	1	0	0	0	1
7366_sub11	0	1	1	0	0	0	1	0
7368_sub0	1	9	6	3	6	3	0	0
7368_sub1	0	1	1	0	0	0	1	0
7368_sub2	0	1	1	0	0	0	1	0
7368_sub3	0	1	1	0	0	0	1	0
7384_sub0	0	1	1	0	0	0	1	0
7384_sub1	0	1	1	0	0	0	1	0
7384_sub2	0	1	0	1	0	0	0	1
7384_sub3	0	1	1	0	0	0	1	0
7384_sub4	0	1	0	1	0	0	0	1
7384_sub5	0	1	0	1	0	0	0	1
7384_sub6	0	1	0	1	0	0	0	1
7384_sub7	0	1	0	1	0	0	0	1
7385_sub0	0	2	0	2	0	0	0	2
7385_sub1	0	1	0	1	0	0	0	1
7385_sub2	0	1	0	1	0	0	0	1
7385_sub3	0	1	0	1	0	0	0	1
7385_sub4	0	1	0	1	0	0	0	1
7389_sub0	1	13	6	7	6	7	0	0
7389_sub1	0	1	1	0	0	0	1	0
739_sub0	0	1	1	0	0	0	1	0
739_sub1	0	1	1	0	0	0	1	0
739_sub2	1	12	6	6	6	6	0	0
739_sub3	0	1	0	1	0	0	0	1
739_sub4	0	1	0	1	0	0	0	1
7393_sub0	0	1	0	1	0	0	0	1
7393_sub1	0	1	0	1	0	0	0	1
7393_sub2	0	1	1	0	0	0	1	0
7393_sub3	0	1	0	1	0	0	0	1
7393_sub4	0	1	0	1	0	0	0	1
7393_sub5	0	1	1	0	0	0	1	0
7393_sub6	0	1	0	1	0	0	0	1
7393_sub7	0	1	0	1	0	0	0	1
7394_sub0	0	1	0	1	0	0	0	1
7394_sub1	0	1	0	1	0	0	0	1
7394_sub2	0	1	1	0	0	0	1	0
7394_sub3	0	1	0	1	0	0	0	1
7394_sub4	0	1	1	0	0	0	1	0
7394_sub5	0	1	1	0	0	0	1	0
7394_sub6	0	1	0	1	0	0	0	1
7398_sub0	0	1	1	0	0	0	1	0
7398_sub1	1	12	8	4	8	4	0	0
740_sub0	0	1	0	1	0	0	0	1
740_sub1	1	28	13	15	10	10	3	5
740_sub2	0	1	1	0	0	0	1	0
740_sub3	0	1	0	1	0	0	0	1
740_sub4	0	1	1	0	0	0	1	0
740_sub5	0	1	0	1	0	0	0	1
740_sub6	0	1	0	1	0	0	0	1
740_sub7	0	1	0	1	0	0	0	1
7405_sub0	1	17	8	9	8	9	0	0
7405_sub1	0	1	0	1	0	0	0	1
7405_sub2	0	2	2	0	0	0	2	0
7405_sub3	0	1	0	1	0	0	0	1
7405_sub4	0	1	1	0	0	0	1	0
7405_sub5	0	1	0	1	0	0	0	1
7406_sub0	0	1	1	0	0	0	1	0
7406_sub1	0	1	1	0	0	0	1	0
7406_sub2	0	5	1	4	0	0	1	4
7406_sub3	0	1	1	0	0	0	1	0
7409_sub0	1	18	10	8	10	8	0	0
7409_sub1	0	1	0	1	0	0	0	1
7409_sub2	0	1	0	1	0	0	0	1
7409_sub3	0	1	1	0	0	0	1	0
7409_sub4	0	1	0	1	0	0	0	1
7409_sub5	0	1	1	0	0	0	1	0
7409_sub6	0	1	1	0	0	0	1	0
7409_sub7	0	1	1	0	0	0	1	0
7409_sub8	0	1	1	0	0	0	1	0
7413_sub0	1	10	7	3	7	3	0	0
7413_sub1	0	1	1	0	0	0	1	0
7413_sub2	0	1	0	1	0	0	0	1
7413_sub3	0	1	0	1	0	0	0	1
7413_sub4	0	1	0	1	0	0	0	1
7414_sub0	0	1	1	0	0	0	1	0
7414_sub1	1	12	5	7	5	7	0	0
7414_sub2	0	1	0	1	0	0	0	1
7414_sub3	0	1	0	1	0	0	0	1
7414_sub4	0	1	1	0	0	0	1	0
7414_sub5	0	1	1	0	0	0	1	0
7414_sub6	0	1	0	1	0	0	0	1
7414_sub7	0	1	0	1	0	0	0	1
7414_sub8	0	1	0	1	0	0	0	1
7414_sub9	0	1	0	1	0	0	0	1
742_sub0	0	1	0	1	0	0	0	1
742_sub1	0	5	0	5	0	0	0	5
7427_sub0	1	21	10	11	10	10	0	1
7427_sub1	0	1	1	0	0	0	1	0
7427_sub2	0	1	0	1	0	0	0	1
7427_sub3	0	1	0	1	0	0	0	1
7427_sub4	0	1	1	0	0	0	1	0
7427_sub5	0	2	0	2	0	0	0	2
744_sub0	0	1	0	1	0	0	0	1
744_sub1	1	15	8	7	8	7	0	0
744_sub2	0	1	0	1	0	0	0	1
744_sub3	0	1	1	0	0	0	1	0
744_sub4	0	1	1	0	0	0	1	0
745_sub0	0	1	0	1	0	0	0	1
745_sub1	0	1	1	0	0	0	1	0
745_sub2	0	1	0	1	0	0	0	1
745_sub3	0	1	0	1	0	0	0	1
745_sub4	0	1	0	1	0	0	0	1
745_sub5	0	1	1	0	0	0	1	0
746_sub0	0	1	0	1	0	0	0	1
746_sub1	1	21	6	15	6	14	0	1
746_sub2	0	1	0	1	0	0	0	1
7467_sub0	1	10	4	6	4	6	0	0
7467_sub1	0	1	0	1	0	0	0	1
7467_sub2	0	1	1	0	0	0	1	0
7467_sub3	0	1	0	1	0	0	0	1
7467_sub4	0	1	1	0	0	0	1	0
7470_sub0	0	1	1	0	0	0	1	0
7470_sub1	0	1	0	1	0	0	0	1
7470_sub2	0	1	0	1	0	0	0	1
7470_sub3	0	1	0	1	0	0	0	1
7470_sub4	0	1	1	0	0	0	1	0
7470_sub5	0	1	0	1	0	0	0	1
7476_sub0	1	17	8	9	8	9	0	0
7476_sub1	0	1	1	0	0	0	1	0
7476_sub2	0	1	0	1	0	0	0	1
7476_sub3	0	1	0	1	0	0	0	1
7476_sub4	0	1	1	0	0	0	1	0
7478_sub0	0	1	0	1	0	0	0	1
7478_sub1	0	1	1	0	0	0	1	0
7478_sub2	1	23	9	14	9	11	0	3
7478_sub3	0	1	0	1	0	0	0	1
7479_sub0	0	1	1	0	0	0	1	0
7479_sub1	1	14	3	11	3	11	0	0
7479_sub2	0	1	0	1	0	0	0	1
7486_sub0	1	19	10	9	10	9	0	0
7486_sub1	0	1	1	0	0	0	1	0
7490_sub0	0	2	1	1	0	0	1	1
7490_sub1	0	1	1	0	0	0	1	0
7490_sub2	0	1	1	0	0	0	1	0
7490_sub3	0	1	0	1	0	0	0	1
7490_sub4	0	1	0	1	0	0	0	1
7490_sub5	0	1	1	0	0	0	1	0
7492_sub0	0	1	1	0	0	0	1	0
7492_sub1	0	1	0	1	0	0	0	1
7492_sub2	0	1	0	1	0	0	0	1
7492_sub3	0	1	1	0	0	0	1	0
7492_sub4	0	1	1	0	0	0	1	0
7492_sub5	0	1	1	0	0	0	1	0
7492_sub6	0	1	0	1	0	0	0	1
7492_sub7	0	1	0	1	0	0	0	1
7493_sub0	1	7	4	3	4	3	0	0
7493_sub1	0	1	0	1	0	0	0	1
7495_sub0	0	1	0	1	0	0	0	1
7495_sub1	0	1	1	0	0	0	1	0
7495_sub2	0	1	0	1	0	0	0	1
7495_sub3	0	1	0	1	0	0	0	1
7495_sub4	0	1	1	0	0	0	1	0
7495_sub5	0	1	1	0	0	0	1	0
7495_sub6	0	1	1	0	0	0	1	0
7496_sub0	0	1	0	1	0	0	0	1
7496_sub1	0	1	0	1	0	0	0	1
7496_sub2	0	1	1	0	0	0	1	0
7496_sub3	0	1	0	1	0	0	0	1
7496_sub4	0	1	0	1	0	0	0	1
7496_sub5	0	1	1	0	0	0	1	0
7496_sub6	0	1	0	1	0	0	0	1
7498_sub0	0	1	0	1	0	0	0	1
7498_sub1	0	1	0	1	0	0	0	1
7498_sub2	0	1	0	1	0	0	0	1
7498_sub3	0	1	1	0	0	0	1	0
7498_sub4	0	1	1	0	0	0	1	0
7498_sub5	0	1	1	0	0	0	1	0
7498_sub6	0	1	1	0	0	0	1	0
7498_sub7	0	1	1	0	0	0	1	0
7498_sub8	0	1	0	1	0	0	0	1
7502_sub0	1	15	7	8	7	8	0	0
7502_sub1	0	1	0	1	0	0	0	1
7502_sub2	0	1	0	1	0	0	0	1
7502_sub3	0	1	0	1	0	0	0	1
7502_sub4	0	1	1	0	0	0	1	0
7502_sub5	0	1	1	0	0	0	1	0
7502_sub6	0	1	0	1	0	0	0	1
7502_sub7	0	1	1	0	0	0	1	0
7505_sub0	0	1	1	0	0	0	1	0
7505_sub1	0	1	0	1	0	0	0	1
7505_sub2	0	1	0	1	0	0	0	1
7505_sub3	0	3	2	1	0	0	2	1
7506_sub0	1	27	13	14	10	10	3	4
7506_sub1	0	1	0	1	0	0	0	1
7506_sub2	0	1	0	1	0	0	0	1
7506_sub3	0	1	0	1	0	0	0	1
7506_sub4	0	1	1	0	0	0	1	0
7506_sub5	0	1	1	0	0	0	1	0
7506_sub6	0	1	0	1	0	0	0	1
7509_sub0	0	1	1	0	0	0	1	0
7509_sub1	0	1	0	1	0	0	0	1
7509_sub2	0	1	1	0	0	0	1	0
7509_sub3	0	1	0	1	0	0	0	1
7509_sub4	0	1	0	1	0	0	0	1
7509_sub5	0	1	0	1	0	0	0	1
7509_sub6	0	1	1	0	0	0	1	0
7509_sub7	0	1	0	1	0	0	0	1
7509_sub8	0	1	0	1	0	0	0	1
7510_sub0	0	1	1	0	0	0	1	0
7510_sub1	0	1	1	0	0	0	1	0
7510_sub2	0	1	1	0	0	0	1	0
7510_sub3	0	2	1	1	0	0	1	1
7510_sub4	0	1	1	0	0	0	1	0
7510_sub5	0	1	0	1	0	0	0	1
7510_sub6	0	1	0	1	0	0	0	1
7511_sub0	1	19	12	7	12	7	0	0
7511_sub1	0	1	0	1	0	0	0	1
7511_sub2	0	1	0	1	0	0	0	1
7511_sub3	0	1	1	0	0	0	1	0
7512_sub0	0	1	0	1	0	0	0	1
7512_sub1	1	17	12	5	12	5	0	0
7512_sub2	0	1	0	1	0	0	0	1
7512_sub3	0	1	1	0	0	0	1	0
7515_sub0	0	1	1	0	0	0	1	0
7515_sub1	0	1	0	1	0	0	0	1
7515_sub2	0	1	0	1	0	0	0	1
7515_sub3	0	1	0	1	0	0	0	1
7515_sub4	0	1	1	0	0	0	1	0
7515_sub5	0	1	0	1	0	0	0	1
7518_sub0	0	1	1	0	0	0	1	0
7518_sub1	0	1	1	0	0	0	1	0
7518_sub2	0	1	1	0	0	0	1	0
7518_sub3	0	1	1	0	0	0	1	0
7518_sub4	0	1	0	1	0	0	0	1
7518_sub5	0	1	1	0	0	0	1	0
7519_sub0	0	1	1	0	0	0	1	0
7519_sub1	0	1	0	1	0	0	0	1
7519_sub2	0	1	0	1	0	0	0	1
7519_sub3	0	1	1	0	0	0	1	0
7519_sub4	0	1	0	1	0	0	0	1
7519_sub5	0	1	0	1	0	0	0	1
7519_sub6	0	1	1	0	0	0	1	0
7519_sub7	0	1	0	1	0	0	0	1
752_sub0	0	1	1	0	0	0	1	0
752_sub1	1	20	11	9	11	9	0	0
752_sub2	0	1	0	1	0	0	0	1
752_sub3	0	1	1	0	0	0	1	0
7521_sub0	0	2	1	1	0	0	1	1
7521_sub1	0	1	0	1	0	0	0	1
7521_sub2	0	1	1	0	0	0	1	0
7521_sub3	0	1	1	0	0	0	1	0
7521_sub4	0	1	0	1	0	0	0	1
7521_sub5	0	1	1	0	0	0	1	0
7521_sub6	0	1	0	1	0	0	0	1
7523_sub0	0	1	1	0	0	0	1	0
7523_sub1	0	1	1	0	0	0	1	0
7523_sub2	0	2	1	1	0	0	1	1
7523_sub3	0	1	0	1	0	0	0	1
7523_sub4	0	1	1	0	0	0	1	0
7526_sub0	0	1	0	1	0	0	0	1
7526_sub1	0	1	1	0	0	0	1	0
7526_sub2	0	1	1	0	0	0	1	0
7526_sub3	0	1	0	1	0	0	0	1
7526_sub4	0	1	0	1	0	0	0	1
7526_sub5	0	1	1	0	0	0	1	0
7526_sub6	0	1	1	0	0	0	1	0
7526_sub7	0	1	1	0	0	0	1	0
7526_sub8	0	1	0	1	0	0	0	1
7529_sub0	1	19	7	12	7	12	0	0
7529_sub1	0	1	1	0	0	0	1	0
7529_sub2	0	1	1	0	0	0	1	0
7529_sub3	0	1	1	0	0	0	1	0
7529_sub4	0	1	0	1	0	0	0	1
7531_sub0	0	1	0	1	0	0	0	1
7531_sub1	0	1	0	1	0	0	0	1
7531_sub2	0	1	0	1	0	0	0	1
7531_sub3	0	1	1	0	0	0	1	0
7531_sub4	0	1	1	0	0	0	1	0
7531_sub5	0	1	1	0	0	0	1	0
7531_sub6	0	1	0	1	0	0	0	1
7531_sub7	0	1	0	1	0	0	0	1
7534_sub0	0	1	0	1	0	0	0	1
7534_sub1	0	1	1	0	0	0	1	0
7534_sub2	0	1	0	1	0	0	0	1
7534_sub3	0	1	0	1	0	0	0	1
7534_sub4	0	1	0	1	0	0	0	1
7534_sub5	0	1	1	0	0	0	1	0
7534_sub6	0	1	0	1	0	0	0	1
7534_sub7	0	1	1	0	0	0	1	0
754_sub0	0	1	0	1	0	0	0	1
754_sub1	0	1	0	1	0	0	0	1
754_sub2	1	30	16	14	10	10	6	4
754_sub3	0	1	1	0	0	0	1	0
754_sub4	0	1	1	0	0	0	1	0
754_sub5	0	1	0	1	0	0	0	1
754_sub6	0	1	0	1	0	0	0	1
754_sub7	0	1	0	1	0	0	0	1
754_sub8	0	1	1	0	0	0	1	0
7540_sub0	0	1	1	0	0	0	1	0
7540_sub1	0	1	1	0	0	0	1	0
7540_sub2	0	1	0	1	0	0	0	1
7540_sub3	0	1	1	0	0	0	1	0
7540_sub4	0	1	0	1	0	0	0	1
7540_sub5	0	1	0	1	0	0	0	1
7546_sub0	0	1	1	0	0	0	1	0
7546_sub1	0	1	0	1	0	0	0	1
7546_sub2	0	1	0	1	0	0	0	1
7546_sub3	0	1	1	0	0	0	1	0
7546_sub4	0	1	1	0	0	0	1	0
7546_sub5	0	1	1	0	0	0	1	0
7546_sub6	0	1	1	0	0	0	1	0
7546_sub7	0	1	1	0	0	0	1	0
7547_sub0	0	1	1	0	0	0	1	0
7547_sub1	0	1	0	1	0	0	0	1
7547_sub2	0	1	1	0	0	0	1	0
7547_sub3	0	1	0	1	0	0	0	1
7547_sub4	0	1	1	0	0	0	1	0
7547_sub5	0	1	1	0	0	0	1	0
7547_sub6	0	1	0	1	0	0	0	1
7547_sub7	0	1	0	1	0	0	0	1
7547_sub8	0	1	0	1	0	0	0	1
7548_sub0	1	9	5	4	5	4	0	0
7548_sub1	0	1	1	0	0	0	1	0
7549_sub0	1	7	3	4	3	4	0	0
7550_sub0	1	26	12	14	10	10	2	4
7550_sub1	0	1	1	0	0	0	1	0
7550_sub2	0	1	1	0	0	0	1	0
7550_sub3	0	1	1	0	0	0	1	0
7550_sub4	0	1	0	1	0	0	0	1
7552_sub0	1	20	10	10	10	10	0	0
7552_sub1	0	1	1	0	0	0	1	0
7552_sub2	0	1	0	1	0	0	0	1
7552_sub3	0	1	0	1	0	0	0	1
7552_sub4	0	1	1	0	0	0	1	0
7552_sub5	0	1	1	0	0	0	1	0
7552_sub6	0	1	0	1	0	0	0	1
7552_sub7	0	1	1	0	0	0	1	0
7552_sub8	0	1	0	1	0	0	0	1
7552_sub9	0	1	1	0	0	0	1	0
7552_sub10	0	1	1	0	0	0	1	0
7552_sub11	0	1	0	1	0	0	0	1
7554_sub0	0	1	1	0	0	0	1	0
7554_sub1	0	1	0	1	0	0	0	1
7554_sub2	0	1	0	1	0	0	0	1
7554_sub3	0	1	0	1	0	0	0	1
7554_sub4	0	1	1	0	0	0	1	0
7554_sub5	0	1	1	0	0	0	1	0
7557_sub0	0	1	1	0	0	0	1	0
7557_sub1	0	1	1	0	0	0	1	0
7557_sub2	0	1	0	1	0	0	0	1
7557_sub3	0	1	0	1	0	0	0	1
7557_sub4	0	1	1	0	0	0	1	0
7557_sub5	0	1	1	0	0	0	1	0
7557_sub6	0	1	0	1	0	0	0	1
7557_sub7	0	1	1	0	0	0	1	0
7557_sub8	0	1	1	0	0	0	1	0
7558_sub0	1	25	14	11	10	10	4	1
7558_sub1	0	1	0	1	0	0	0	1
7558_sub2	0	1	1	0	0	0	1	0
7558_sub3	0	1	0	1	0	0	0	1
7558_sub4	0	1	0	1	0	0	0	1
7558_sub5	0	1	0	1	0	0	0	1
7558_sub6	0	1	0	1	0	0	0	1
7558_sub7	0	1	0	1	0	0	0	1
7559_sub0	0	1	1	0	0	0	1	0
7559_sub1	0	1	0	1	0	0	0	1
7559_sub2	0	1	0	1	0	0	0	1
7559_sub3	0	1	0	1	0	0	0	1
7559_sub4	0	1	1	0	0	0	1	0
7559_sub5	0	1	1	0	0	0	1	0
7559_sub6	0	1	1	0	0	0	1	0
7559_sub7	0	1	0	1	0	0	0	1
7559_sub8	0	1	1	0	0	0	1	0
7561_sub0	0	2	1	1	0	0	1	1
7561_sub1	0	1	1	0	0	0	1	0
7561_sub2	0	1	0	1	0	0	0	1
7561_sub3	0	1	0	1	0	0	0	1
7561_sub4	0	1	0	1	0	0	0	1
7561_sub5	0	1	1	0	0	0	1	0
7562_sub0	0	1	1	0	0	0	1	0
7562_sub1	0	1	0	1	0	0	0	1
7562_sub2	0	1	1	0	0	0	1	0
7562_sub3	0	1	1	0	0	0	1	0
7562_sub4	0	1	0	1	0	0	0	1
7562_sub5	0	1	1	0	0	0	1	0
7562_sub6	0	1	1	0	0	0	1	0
7562_sub7	0	1	0	1	0	0	0	1
7565_sub0	0	1	1	0	0	0	1	0
7565_sub1	0	1	0	1	0	0	0	1
7565_sub2	0	1	1	0	0	0	1	0
7565_sub3	0	1	1	0	0	0	1	0
7565_sub4	0	1	0	1	0	0	0	1
7565_sub5	0	1	0	1	0	0	0	1
7565_sub6	0	1	1	0	0	0	1	0
7569_sub0	1	19	10	9	10	9	0	0
7569_sub1	0	1	1	0	0	0	1	0
7569_sub2	0	1	0	1	0	0	0	1
7569_sub3	0	1	0	1	0	0	0	1
7569_sub4	0	1	1	0	0	0	1	0
7569_sub5	0	1	1	0	0	0	1	0
7570_sub0	1	7	5	2	5	2	0	0
7570_sub1	0	1	0	1	0	0	0	1
7570_sub2	0	1	0	1	0	0	0	1
7574_sub0	0	1	0	1	0	0	0	1
7574_sub1	1	27	16	11	10	10	6	1
7574_sub2	0	1	1	0	0	0	1	0
7574_sub3	0	1	0	1	0	0	0	1
7574_sub4	0	1	0	1	0	0	0	1
7577_sub0	0	1	0	1	0	0	0	1
7577_sub1	0	1	1	0	0	0	1	0
7577_sub2	0	1	1	0	0	0	1	0
7577_sub3	0	1	1	0	0	0	1	0
7577_sub4	0	1	1	0	0	0	1	0
7577_sub5	0	1	1	0	0	0	1	0
7577_sub6	0	1	0	1	0	0	0	1
7583_sub0	0	1	0	1	0	0	0	1
7583_sub1	0	1	1	0	0	0	1	0
7583_sub2	0	1	0	1	0	0	0	1
7583_sub3	0	1	1	0	0	0	1	0
7583_sub4	0	1	0	1	0	0	0	1
7583_sub5	0	1	1	0	0	0	1	0
7583_sub6	0	1	0	1	0	0	0	1
7583_sub7	0	1	0	1	0	0	0	1
7584_sub0	1	23	12	11	10	10	2	1
7584_sub1	0	1	0	1	0	0	0	1
7584_sub2	0	1	1	0	0	0	1	0
7584_sub3	0	1	0	1	0	0	0	1
7584_sub4	0	1	0	1	0	0	0	1
7584_sub5	0	1	1	0	0	0	1	0
7584_sub6	0	1	1	0	0	0	1	0
7584_sub7	0	1	1	0	0	0	1	0
7584_sub8	0	1	1	0	0	0	1	0
7592_sub0	1	19	10	9	10	9	0	0
7592_sub1	0	1	0	1	0	0	0	1
7596_sub0	0	1	1	0	0	0	1	0
7596_sub1	0	1	0	1	0	0	0	1
7596_sub2	0	1	1	0	0	0	1	0
7596_sub3	0	1	1	0	0	0	1	0
7596_sub4	0	1	0	1	0	0	0	1
7596_sub5	0	1	1	0	0	0	1	0
7603_sub0	0	1	0	1	0	0	0	1
7603_sub1	0	1	0	1	0	0	0	1
7603_sub2	0	1	0	1	0	0	0	1
7603_sub3	0	2	1	1	0	0	1	1
7603_sub4	0	1	0	1	0	0	0	1
7604_sub0	0	1	1	0	0	0	1	0
7604_sub1	0	1	0	1	0	0	0	1
7604_sub2	0	1	0	1	0	0	0	1
7604_sub3	0	1	0	1	0	0	0	1
7604_sub4	0	1	1	0	0	0	1	0
7604_sub5	0	1	0	1	0	0	0	1
7608_sub0	1	13	8	5	8	5	0	0
7608_sub1	0	2	1	1	0	0	1	1
7608_sub2	0	1	1	0	0	0	1	0
7608_sub3	0	1	1	0	0	0	1	0
7608_sub4	0	1	0	1	0	0	0	1
7609_sub0	1	8	3	5	3	5	0	0
7609_sub1	0	1	1	0	0	0	1	0
7609_sub2	0	1	0	1	0	0	0	1
7609_sub3	0	1	1	0	0	0	1	0
7609_sub4	0	1	0	1	0	0	0	1
7613_sub0	1	8	5	3	5	3	0	0
7613_sub1	0	1	0	1	0	0	0	1
7613_sub2	0	1	1	0	0	0	1	0
7613_sub3	0	1	1	0	0	0	1	0
7613_sub4	0	1	0	1	0	0	0	1
7614_sub0	1	10	6	4	6	4	0	0
7614_sub1	0	1	0	1	0	0	0	1
7614_sub2	0	1	1	0	0	0	1	0
7617_sub0	0	1	0	1	0	0	0	1
7617_sub1	0	1	0	1	0	0	0	1
7617_sub2	0	1	1	0	0	0	1	0
7617_sub3	0	1	1	0	0	0	1	0
7617_sub4	0	1	0	1	0	0	0	1
7617_sub5	0	1	0	1	0	0	0	1
7618_sub0	0	1	1	0	0	0	1	0
7618_sub1	0	1	0	1	0	0	0	1
7618_sub2	0	1	1	0	0	0	1	0
7618_sub3	0	1	1	0	0	0	1	0
7618_sub4	0	1	1	0	0	0	1	0
7618_sub5	0	1	1	0	0	0	1	0
7618_sub6	0	1	0	1	0	0	0	1
7619_sub0	0	1	1	0	0	0	1	0
7619_sub1	0	1	0	1	0	0	0	1
7619_sub2	0	1	0	1	0	0	0	1
7619_sub3	0	1	0	1	0	0	0	1
7619_sub4	0	1	1	0	0	0	1	0
7619_sub5	0	1	1	0	0	0	1	0
7619_sub6	0	1	1	0	0	0	1	0
7619_sub7	0	1	0	1	0	0	0	1
762_sub0	0	1	0	1	0	0	0	1
762_sub1	0	1	0	1	0	0	0	1
762_sub2	0	1	0	1	0	0	0	1
762_sub3	0	1	0	1	0	0	0	1
762_sub4	0	1	0	1	0	0	0	1
762_sub5	0	1	0	1	0	0	0	1
7626_sub0	1	19	10	9	10	9	0	0
7626_sub1	0	1	0	1	0	0	0	1
7626_sub2	0	1	1	0	0	0	1	0
7626_sub3	0	1	0	1	0	0	0	1
7626_sub4	0	1	0	1	0	0	0	1
7626_sub5	0	1	0	1	0	0	0	1
7626_sub6	0	1	0	1	0	0	0	1
7626_sub7	0	1	1	0	0	0	1	0
7626_sub8	0	1	1	0	0	0	1	0
7626_sub9	0	1	0	1	0	0	0	1
7628_sub0	1	12	9	3	9	3	0	0
7628_sub1	0	1	1	0	0	0	1	0
7628_sub2	0	1	0	1	0	0	0	1
7628_sub3	0	1	1	0	0	0	1	0
7628_sub4	0	1	1	0	0	0	1	0
7628_sub5	0	1	0	1	0	0	0	1
7629_sub0	1	16	5	11	5	11	0	0
7629_sub1	0	1	0	1	0	0	0	1
7629_sub2	0	1	0	1	0	0	0	1
7629_sub3	0	1	1	0	0	0	1	0
7629_sub4	0	1	0	1	0	0	0	1
7629_sub5	0	1	1	0	0	0	1	0
7629_sub6	0	1	0	1	0	0	0	1
7629_sub7	0	1	1	0	0	0	1	0
7629_sub8	0	1	1	0	0	0	1	0
7633_sub0	0	1	1	0	0	0	1	0
7633_sub1	0	1	1	0	0	0	1	0
7633_sub2	0	1	1	0	0	0	1	0
7633_sub3	0	1	0	1	0	0	0	1
7633_sub4	0	1	0	1	0	0	0	1
7633_sub5	0	1	1	0	0	0	1	0
7633_sub6	0	1	0	1	0	0	0	1
7633_sub7	0	1	1	0	0	0	1	0
7638_sub0	1	27	16	11	10	10	6	1
7638_sub1	0	1	0	1	0	0	0	1
7638_sub2	0	1	1	0	0	0	1	0
7638_sub3	0	1	0	1	0	0	0	1
7638_sub4	0	1	1	0	0	0	1	0
7638_sub5	0	1	0	1	0	0	0	1
7638_sub6	0	1	0	1	0	0	0	1
7638_sub7	0	1	0	1	0	0	0	1
7638_sub8	0	1	0	1	0	0	0	1
7638_sub9	0	1	0	1	0	0	0	1
7638_sub10	0	1	0	1	0	0	0	1
7640_sub0	0	1	0	1	0	0	0	1
7640_sub1	0	1	0	1	0	0	0	1
7640_sub2	0	1	1	0	0	0	1	0
7640_sub3	0	1	1	0	0	0	1	0
7640_sub4	0	1	1	0	0	0	1	0
7640_sub5	0	1	0	1	0	0	0	1
7640_sub6	0	1	1	0	0	0	1	0
7640_sub7	0	1	0	1	0	0	0	1
7641_sub0	0	1	1	0	0	0	1	0
7641_sub1	1	13	2	11	2	11	0	0
7641_sub2	0	1	1	0	0	0	1	0
7642_sub0	0	1	0	1	0	0	0	1
7642_sub1	0	1	1	0	0	0	1	0
7642_sub2	0	1	0	1	0	0	0	1
7642_sub3	0	1	0	1	0	0	0	1
7642_sub4	0	1	0	1	0	0	0	1
7642_sub5	0	1	1	0	0	0	1	0
7644_sub0	0	1	1	0	0	0	1	0
7644_sub1	0	1	0	1	0	0	0	1
7644_sub2	0	1	1	0	0	0	1	0
7644_sub3	0	1	0	1	0	0	0	1
7644_sub4	0	1	1	0	0	0	1	0
7644_sub5	0	1	0	1	0	0	0	1
7646_sub0	0	1	1	0	0	0	1	0
7646_sub1	0	1	1	0	0	0	1	0
7646_sub2	1	27	10	17	10	10	0	7
7646_sub3	0	1	0	1	0	0	0	1
7646_sub4	0	1	0	1	0	0	0	1
7646_sub5	0	1	1	0	0	0	1	0
7646_sub6	0	1	0	1	0	0	0	1
7646_sub7	0	1	0	1	0	0	0	1
7647_sub0	1	15	7	8	7	8	0	0
7647_sub1	0	2	0	2	0	0	0	2
7647_sub2	0	1	0	1	0	0	0	1
7647_sub3	0	1	1	0	0	0	1	0
7647_sub4	0	1	0	1	0	0	0	1
7648_sub0	1	7	6	1	6	1	0	0
7648_sub1	0	1	1	0	0	0	1	0
7648_sub2	0	1	0	1	0	0	0	1
7648_sub3	0	1	0	1	0	0	0	1
7650_sub0	0	1	0	1	0	0	0	1
7650_sub1	0	1	1	0	0	0	1	0
7650_sub2	0	1	1	0	0	0	1	0
7650_sub3	0	1	0	1	0	0	0	1
7650_sub4	0	1	0	1	0	0	0	1
7650_sub5	0	1	1	0	0	0	1	0
7652_sub0	0	1	0	1	0	0	0	1
7652_sub1	0	1	1	0	0	0	1	0
7652_sub2	0	1	1	0	0	0	1	0
7652_sub3	0	1	0	1	0	0	0	1
7652_sub4	0	1	1	0	0	0	1	0
7652_sub5	0	1	1	0	0	0	1	0
7652_sub6	0	1	0	1	0	0	0	1
7652_sub7	0	1	0	1	0	0	0	1
7652_sub8	0	1	1	0	0	0	1	0
7652_sub9	0	1	1	0	0	0	1	0
7652_sub10	0	1	0	1	0	0	0	1
7652_sub11	0	1	1	0	0	0	1	0
7653_sub0	0	1	0	1	0	0	0	1
7653_sub1	1	12	5	7	5	7	0	0
7653_sub2	0	1	0	1	0	0	0	1
7653_sub3	0	1	1	0	0	0	1	0
7656_sub0	0	1	1	0	0	0	1	0
7656_sub1	0	1	1	0	0	0	1	0
7656_sub2	0	2	2	0	0	0	2	0
7656_sub3	0	1	1	0	0	0	1	0
7656_sub4	0	1	1	0	0	0	1	0
7656_sub5	0	1	1	0	0	0	1	0
7656_sub6	0	1	1	0	0	0	1	0
7656_sub7	0	1	0	1	0	0	0	1
7656_sub8	0	1	0	1	0	0	0	1
7656_sub9	0	1	1	0	0	0	1	0
7662_sub0	0	5	3	2	0	0	3	2
7662_sub1	0	1	0	1	0	0	0	1
7662_sub2	0	1	1	0	0	0	1	0
7662_sub3	0	1	1	0	0	0	1	0
7665_sub0	0	1	0	1	0	0	0	1
7665_sub1	0	1	1	0	0	0	1	0
7665_sub2	0	1	1	0	0	0	1	0
7665_sub3	0	1	1	0	0	0	1	0
7665_sub4	0	1	1	0	0	0	1	0
7665_sub5	0	1	0	1	0	0	0	1
7672_sub0	0	1	0	1	0	0	0	1
7672_sub1	0	1	0	1	0	0	0	1
7672_sub2	0	1	1	0	0	0	1	0
7672_sub3	0	1	1	0	0	0	1	0
7672_sub4	0	1	1	0	0	0	1	0
7672_sub5	0	1	0	1	0	0	0	1
7673_sub0	0	1	0	1	0	0	0	1
7673_sub1	0	1	0	1	0	0	0	1
7673_sub2	0	1	1	0	0	0	1	0
7673_sub3	0	1	1	0	0	0	1	0
7673_sub4	0	1	1	0	0	0	1	0
7673_sub5	0	1	0	1	0	0	0	1
7674_sub0	0	1	0	1	0	0	0	1
7674_sub1	0	1	1	0	0	0	1	0
7674_sub2	0	1	0	1	0	0	0	1
7674_sub3	0	1	0	1	0	0	0	1
7674_sub4	0	1	1	0	0	0	1	0
7674_sub5	0	1	0	1	0	0	0	1
7674_sub6	0	1	0	1	0	0	0	1
7676_sub0	1	13	5	8	5	8	0	0
7676_sub1	0	1	1	0	0	0	1	0
7676_sub2	0	1	1	0	0	0	1	0
7676_sub3	0	1	1	0	0	0	1	0
7676_sub4	0	1	0	1	0	0	0	1
7676_sub5	0	1	1	0	0	0	1	0
7677_sub0	1	15	8	7	8	7	0	0
7677_sub1	0	1	1	0	0	0	1	0
7677_sub2	0	1	0	1	0	0	0	1
7677_sub3	0	1	0	1	0	0	0	1
7677_sub4	0	1	0	1	0	0	0	1
7677_sub5	0	1	0	1	0	0	0	1
7678_sub0	0	1	0	1	0	0	0	1
7678_sub1	1	6	2	4	2	4	0	0
7678_sub2	0	1	1	0	0	0	1	0
7678_sub3	0	1	1	0	0	0	1	0
7678_sub4	0	1	1	0	0	0	1	0
7678_sub5	0	1	0	1	0	0	0	1
7678_sub6	0	1	1	0	0	0	1	0
7678_sub7	0	1	0	1	0	0	0	1
7678_sub8	0	1	1	0	0	0	1	0
7679_sub0	0	1	1	0	0	0	1	0
7679_sub1	1	20	11	9	11	9	0	0
7679_sub2	0	1	0	1	0	0	0	1
7679_sub3	0	1	0	1	0	0	0	1
7682_sub0	0	1	1	0	0	0	1	0
7682_sub1	0	1	1	0	0	0	1	0
7682_sub2	0	1	1	0	0	0	1	0
7682_sub3	0	1	1	0	0	0	1	0
7682_sub4	0	1	0	1	0	0	0	1
7682_sub5	0	1	0	1	0	0	0	1
7683_sub0	0	1	0	1	0	0	0	1
7683_sub1	0	1	0	1	0	0	0	1
7683_sub2	0	1	0	1	0	0	0	1
7683_sub3	0	1	0	1	0	0	0	1
7683_sub4	0	1	0	1	0	0	0	1
7683_sub5	0	1	0	1	0	0	0	1
7684_sub0	0	1	0	1	0	0	0	1
7684_sub1	0	1	1	0	0	0	1	0
7684_sub2	0	1	0	1	0	0	0	1
7684_sub3	0	1	1	0	0	0	1	0
7684_sub4	0	1	1	0	0	0	1	0
7684_sub5	0	1	0	1	0	0	0	1
7684_sub6	0	1	1	0	0	0	1	0
7684_sub7	0	1	0	1	0	0	0	1
7684_sub8	0	1	0	1	0	0	0	1
7684_sub9	0	1	0	1	0	0	0	1
7685_sub0	0	1	1	0	0	0	1	0
7685_sub1	0	1	0	1	0	0	0	1
7685_sub2	0	2	2	0	0	0	2	0
7685_sub3	0	1	0	1	0	0	0	1
7685_sub4	0	1	1	0	0	0	1	0
7685_sub5	0	1	0	1	0	0	0	1
7685_sub6	0	1	0	1	0	0	0	1
7685_sub7	0	1	1	0	0	0	1	0
7685_sub8	0	1	0	1	0	0	0	1
7686_sub0	0	1	0	1	0	0	0	1
7686_sub1	0	1	1	0	0	0	1	0
7686_sub2	0	1	1	0	0	0	1	0
7686_sub3	0	1	1	0	0	0	1	0
7686_sub4	0	1	1	0	0	0	1	0
7686_sub5	0	1	0	1	0	0	0	1
7686_sub6	0	1	1	0	0	0	1	0
7687_sub0	0	1	0	1	0	0	0	1
7687_sub1	0	1	0	1	0	0	0	1
7687_sub2	0	1	1	0	0	0	1	0
7687_sub3	0	1	0	1	0	0	0	1
7687_sub4	0	1	0	1	0	0	0	1
7687_sub5	0	1	1	0	0	0	1	0
7688_sub0	0	1	0	1	0	0	0	1
7688_sub1	0	1	0	1	0	0	0	1
7688_sub2	0	1	1	0	0	0	1	0
7688_sub3	0	1	1	0	0	0	1	0
7688_sub4	0	1	1	0	0	0	1	0
7688_sub5	0	1	1	0	0	0	1	0
7688_sub6	0	1	0	1	0	0	0	1
7692_sub0	0	1	1	0	0	0	1	0
7692_sub1	0	1	0	1	0	0	0	1
7692_sub2	0	2	2	0	0	0	2	0
7692_sub3	0	1	0	1	0	0	0	1
7692_sub4	0	1	0	1	0	0	0	1
7692_sub5	0	1	1	0	0	0	1	0
7692_sub6	0	1	1	0	0	0	1	0
7693_sub0	0	1	0	1	0	0	0	1
7693_sub1	0	1	0	1	0	0	0	1
7693_sub2	0	1	0	1	0	0	0	1
7693_sub3	0	1	1	0	0	0	1	0
7693_sub4	0	1	1	0	0	0	1	0
7693_sub5	0	1	1	0	0	0	1	0
7695_sub0	1	13	4	9	4	9	0	0
7698_sub0	1	11	4	7	4	7	0	0
7698_sub1	0	1	1	0	0	0	1	0
7698_sub2	0	1	1	0	0	0	1	0
7700_sub0	0	1	1	0	0	0	1	0
7700_sub1	0	1	0	1	0	0	0	1
7700_sub2	0	1	0	1	0	0	0	1
7700_sub3	0	1	0	1	0	0	0	1
7700_sub4	0	1	1	0	0	0	1	0
7700_sub5	0	1	1	0	0	0	1	0
7700_sub6	0	1	0	1	0	0	0	1
7703_sub0	0	1	0	1	0	0	0	1
7703_sub1	0	1	1	0	0	0	1	0
7703_sub2	0	1	1	0	0	0	1	0
7703_sub3	0	1	0	1	0	0	0	1
7703_sub4	0	1	0	1	0	0	0	1
7703_sub5	0	1	0	1	0	0	0	1
7703_sub6	0	1	0	1	0	0	0	1
7705_sub0	0	1	1	0	0	0	1	0
7705_sub1	0	1	0	1	0	0	0	1
7705_sub2	0	1	0	1	0	0	0	1
7705_sub3	0	1	1	0	0	0	1	0
7705_sub4	0	1	1	0	0	0	1	0
7705_sub5	0	1	1	0	0	0	1	0
7705_sub6	0	1	1	0	0	0	1	0
7707_sub0	1	26	12	14	10	10	2	4
7707_sub1	0	1	1	0	0	0	1	0
7710_sub0	0	1	1	0	0	0	1	0
7710_sub1	0	1	0	1	0	0	0	1
7710_sub2	0	1	1	0	0	0	1	0
7710_sub3	0	1	0	1	0	0	0	1
7710_sub4	0	1	0	1	0	0	0	1
7710_sub5	0	1	0	1	0	0	0	1
7710_sub6	0	1	0	1	0	0	0	1
7710_sub7	0	1	0	1	0	0	0	1
7710_sub8	0	1	0	1	0	0	0	1
7710_sub9	0	1	0	1	0	0	0	1
7711_sub0	0	1	1	0	0	0	1	0
7711_sub1	0	1	1	0	0	0	1	0
7711_sub2	0	1	0	1	0	0	0	1
7711_sub3	0	1	0	1	0	0	0	1
7711_sub4	0	1	0	1	0	0	0	1
7711_sub5	0	1	1	0	0	0	1	0
7718_sub0	0	1	1	0	0	0	1	0
7718_sub1	0	2	0	2	0	0	0	2
7718_sub2	0	1	1	0	0	0	1	0
7718_sub3	0	1	0	1	0	0	0	1
7718_sub4	0	1	1	0	0	0	1	0
7718_sub5	0	1	1	0	0	0	1	0
7718_sub6	0	1	1	0	0	0	1	0
772_sub0	0	1	0	1	0	0	0	1
772_sub1	0	1	1	0	0	0	1	0
772_sub2	0	2	1	1	0	0	1	1
772_sub3	1	8	3	5	3	5	0	0
772_sub4	0	1	1	0	0	0	1	0
772_sub5	0	1	0	1	0	0	0	1
772_sub6	0	1	1	0	0	0	1	0
772_sub7	0	1	0	1	0	0	0	1
772_sub8	0	1	1	0	0	0	1	0
772_sub9	0	1	0	1	0	0	0	1
7721_sub0	0	1	0	1	0	0	0	1
7721_sub1	0	1	1	0	0	0	1	0
7721_sub2	0	1	1	0	0	0	1	0
7721_sub3	0	1	1	0	0	0	1	0
7721_sub4	0	1	0	1	0	0	0	1
7721_sub5	0	1	0	1	0	0	0	1
7723_sub0	1	22	16	6	14	6	2	0
7723_sub1	0	1	0	1	0	0	0	1
7723_sub2	0	1	0	1	0	0	0	1
7723_sub3	0	1	1	0	0	0	1	0
7723_sub4	0	1	1	0	0	0	1	0
7723_sub5	0	1	0	1	0	0	0	1
7723_sub6	0	1	0	1	0	0	0	1
7724_sub0	0	1	0	1	0	0	0	1
7724_sub1	0	1	1	0	0	0	1	0
7724_sub2	0	1	0	1	0	0	0	1
7724_sub3	0	1	1	0	0	0	1	0
7724_sub4	0	1	1	0	0	0	1	0
7724_sub5	0	1	0	1	0	0	0	1
7724_sub6	0	1	0	1	0	0	0	1
773_sub0	0	1	1	0	0	0	1	0
773_sub1	1	15	8	7	8	7	0	0
773_sub2	0	1	0	1	0	0	0	1
773_sub3	0	1	0	1	0	0	0	1
7732_sub0	0	1	1	0	0	0	1	0
7732_sub1	0	2	1	1	0	0	1	1
7732_sub2	0	1	1	0	0	0	1	0
7732_sub3	0	1	1	0	0	0	1	0
7732_sub4	0	1	1	0	0	0	1	0
7732_sub5	0	1	1	0	0	0	1	0
7734_sub0	0	1	0	1	0	0	0	1
7734_sub1	0	1	1	0	0	0	1	0
7734_sub2	0	1	0	1	0	0	0	1
7734_sub3	0	1	0	1	0	0	0	1
7734_sub4	0	1	0	1	0	0	0	1
7734_sub5	0	1	1	0	0	0	1	0
7737_sub0	0	1	1	0	0	0	1	0
7737_sub1	0	1	0	1	0	0	0	1
7737_sub2	0	1	0	1	0	0	0	1
7737_sub3	0	1	1	0	0	0	1	0
7737_sub4	0	1	0	1	0	0	0	1
7737_sub5	0	1	1	0	0	0	1	0
7737_sub6	0	1	0	1	0	0	0	1
7739_sub0	0	1	0	1	0	0	0	1
7739_sub1	0	1	1	0	0	0	1	0
7739_sub2	0	1	0	1	0	0	0	1
7739_sub3	0	1	1	0	0	0	1	0
7739_sub4	0	1	0	1	0	0	0	1
7739_sub5	0	1	1	0	0	0	1	0
774_sub0	0	1	1	0	0	0	1	0
774_sub1	0	1	1	0	0	0	1	0
774_sub2	1	8	2	6	2	6	0	0
7746_sub0	0	1	0	1	0	0	0	1
7746_sub1	0	1	1	0	0	0	1	0
7746_sub2	0	1	1	0	0	0	1	0
7746_sub3	0	1	0	1	0	0	0	1
7746_sub4	0	1	1	0	0	0	1	0
7746_sub5	0	1	0	1	0	0	0	1
7746_sub6	0	1	1	0	0	0	1	0
7747_sub0	0	1	1	0	0	0	1	0
7747_sub1	0	1	1	0	0	0	1	0
7747_sub2	0	1	1	0	0	0	1	0
7747_sub3	0	1	1	0	0	0	1	0
7747_sub4	0	1	1	0	0	0	1	0
7747_sub5	0	1	0	1	0	0	0	1
7749_sub0	0	1	0	1	0	0	0	1
7749_sub1	0	1	1	0	0	0	1	0
7749_sub2	0	1	0	1	0	0	0	1
7749_sub3	0	1	1	0	0	0	1	0
7749_sub4	0	1	0	1	0	0	0	1
7749_sub5	0	1	0	1	0	0	0	1
7752_sub0	1	14	8	6	8	6	0	0
7752_sub1	0	1	0	1	0	0	0	1
7752_sub2	0	1	1	0	0	0	1	0
7757_sub0	0	1	0	1	0	0	0	1
7757_sub1	0	3	3	0	0	0	3	0
7757_sub2	0	1	0	1	0	0	0	1
7757_sub3	0	1	0	1	0	0	0	1
7757_sub4	0	1	0	1	0	0	0	1
7757_sub5	0	1	0	1	0	0	0	1
7757_sub6	0	1	0	1	0	0	0	1
7757_sub7	0	1	0	1	0	0	0	1
7757_sub8	0	1	0	1	0	0	0	1
7757_sub9	0	1	0	1	0	0	0	1
7757_sub10	0	1	1	0	0	0	1	0
7760_sub0	0	1	1	0	0	0	1	0
7760_sub1	1	15	9	6	9	6	0	0
7765_sub0	1	14	10	4	10	4	0	0
7765_sub1	0	1	0	1	0	0	0	1
7770_sub0	0	1	0	1	0	0	0	1
7770_sub1	0	1	0	1	0	0	0	1
7770_sub2	0	1	0	1	0	0	0	1
7770_sub3	0	1	0	1	0	0	0	1
7770_sub4	0	1	0	1	0	0	0	1
7770_sub5	0	1	1	0	0	0	1	0
7773_sub0	0	2	1	1	0	0	1	1
7773_sub1	0	1	0	1	0	0	0	1
7773_sub2	0	1	1	0	0	0	1	0
7773_sub3	0	1	0	1	0	0	0	1
7773_sub4	0	1	0	1	0	0	0	1
7777_sub0	0	1	0	1	0	0	0	1
7777_sub1	0	1	0	1	0	0	0	1
7777_sub2	0	1	1	0	0	0	1	0
7777_sub3	0	1	1	0	0	0	1	0
7777_sub4	0	1	1	0	0	0	1	0
7777_sub5	0	1	0	1	0	0	0	1
7777_sub6	0	1	0	1	0	0	0	1
7777_sub7	0	1	0	1	0	0	0	1
7780_sub0	0	5	2	3	0	0	2	3
7780_sub1	0	1	0	1	0	0	0	1
7780_sub2	0	1	0	1	0	0	0	1
7780_sub3	0	1	0	1	0	0	0	1
7784_sub0	0	1	0	1	0	0	0	1
7784_sub1	0	1	1	0	0	0	1	0
7784_sub2	0	1	1	0	0	0	1	0
7784_sub3	0	1	0	1	0	0	0	1
7784_sub4	0	1	1	0	0	0	1	0
7784_sub5	0	1	1	0	0	0	1	0
7790_sub0	1	13	7	6	7	6	0	0
7790_sub1	0	1	0	1	0	0	0	1
7790_sub2	0	1	1	0	0	0	1	0
7790_sub3	0	1	1	0	0	0	1	0
7790_sub4	0	1	0	1	0	0	0	1
7790_sub5	0	1	1	0	0	0	1	0
7795_sub0	0	1	1	0	0	0	1	0
7795_sub1	0	1	1	0	0	0	1	0
7795_sub2	0	1	1	0	0	0	1	0
7795_sub3	0	1	1	0	0	0	1	0
7795_sub4	0	1	1	0	0	0	1	0
7795_sub5	0	1	0	1	0	0	0	1
7795_sub6	0	1	0	1	0	0	0	1
7795_sub7	0	1	1	0	0	0	1	0
7795_sub8	0	1	0	1	0	0	0	1
7796_sub0	1	12	8	4	8	4	0	0
7796_sub1	0	1	1	0	0	0	1	0
7796_sub2	0	1	1	0	0	0	1	0
7796_sub3	0	1	0	1	0	0	0	1
7796_sub4	0	1	0	1	0	0	0	1
7796_sub5	0	1	1	0	0	0	1	0
7796_sub6	0	1	1	0	0	0	1	0
7796_sub7	0	1	1	0	0	0	1	0
7797_sub0	1	16	8	8	8	8	0	0
7797_sub1	0	1	0	1	0	0	0	1
7797_sub2	0	1	0	1	0	0	0	1
7797_sub3	0	1	0	1	0	0	0	1
7797_sub4	0	1	0	1	0	0	0	1
7797_sub5	0	1	1	0	0	0	1	0
7797_sub6	0	1	1	0	0	0	1	0
7797_sub7	0	1	1	0	0	0	1	0
7797_sub8	0	1	0	1	0	0	0	1
78_sub0	0	1	0	1	0	0	0	1
78_sub1	1	21	10	11	10	10	0	1
78_sub2	0	1	0	1	0	0	0	1
78_sub3	0	1	0	1	0	0	0	1
78_sub4	0	1	0	1	0	0	0	1
78_sub5	0	1	0	1	0	0	0	1
7807_sub0	0	1	0	1	0	0	0	1
7807_sub1	0	1	0	1	0	0	0	1
7807_sub2	0	1	1	0	0	0	1	0
7807_sub3	0	1	1	0	0	0	1	0
7807_sub4	0	1	0	1	0	0	0	1
7807_sub5	0	1	0	1	0	0	0	1
781_sub0	0	1	1	0	0	0	1	0
781_sub1	1	18	8	10	8	10	0	0
781_sub2	0	1	0	1	0	0	0	1
7810_sub0	0	1	1	0	0	0	1	0
7810_sub1	0	4	2	2	0	0	2	2
7810_sub2	0	1	0	1	0	0	0	1
7810_sub3	0	1	0	1	0	0	0	1
7810_sub4	0	1	1	0	0	0	1	0
7812_sub0	0	1	0	1	0	0	0	1
7812_sub1	0	1	1	0	0	0	1	0
7812_sub2	0	1	0	1	0	0	0	1
7812_sub3	0	1	1	0	0	0	1	0
7812_sub4	0	1	1	0	0	0	1	0
7812_sub5	0	1	1	0	0	0	1	0
7812_sub6	0	1	0	1	0	0	0	1
7815_sub0	1	22	12	10	10	10	2	0
7815_sub1	0	1	0	1	0	0	0	1
7815_sub2	0	1	0	1	0	0	0	1
7815_sub3	0	1	1	0	0	0	1	0
7815_sub4	0	1	0	1	0	0	0	1
7815_sub5	0	1	0	1	0	0	0	1
7815_sub6	0	1	1	0	0	0	1	0
7815_sub7	0	1	1	0	0	0	1	0
7815_sub8	0	1	1	0	0	0	1	0
7815_sub9	0	1	0	1	0	0	0	1
7815_sub10	0	1	0	1	0	0	0	1
7815_sub11	0	1	0	1	0	0	0	1
7815_sub12	0	1	0	1	0	0	0	1
7815_sub13	0	1	0	1	0	0	0	1
7815_sub14	0	1	1	0	0	0	1	0
7815_sub15	0	1	0	1	0	0	0	1
7815_sub16	0	1	0	1	0	0	0	1
7815_sub17	0	1	0	1	0	0	0	1
7817_sub0	0	1	1	0	0	0	1	0
7817_sub1	0	3	2	1	0	0	2	1
7817_sub2	0	1	1	0	0	0	1	0
7817_sub3	0	1	1	0	0	0	1	0
7817_sub4	0	1	0	1	0	0	0	1
7817_sub5	0	1	1	0	0	0	1	0
7817_sub6	0	1	0	1	0	0	0	1
7817_sub7	0	1	0	1	0	0	0	1
7821_sub0	0	1	1	0	0	0	1	0
7821_sub1	0	1	0	1	0	0	0	1
7821_sub2	0	1	1	0	0	0	1	0
7821_sub3	0	1	1	0	0	0	1	0
7821_sub4	0	1	1	0	0	0	1	0
7821_sub5	0	1	1	0	0	0	1	0
7826_sub0	1	25	10	15	10	10	0	5
7826_sub1	0	1	1	0	0	0	1	0
7826_sub2	0	1	0	1	0	0	0	1
7826_sub3	0	1	1	0	0	0	1	0
7826_sub4	0	2	0	2	0	0	0	2
7826_sub5	0	1	1	0	0	0	1	0
7826_sub6	0	1	1	0	0	0	1	0
7826_sub7	0	1	1	0	0	0	1	0
7826_sub8	0	1	1	0	0	0	1	0
7826_sub9	0	1	0	1	0	0	0	1
783_sub0	0	1	1	0	0	0	1	0
783_sub1	1	6	2	4	2	4	0	0
783_sub2	0	1	1	0	0	0	1	0
7834_sub0	0	1	0	1	0	0	0	1
7834_sub1	0	1	0	1	0	0	0	1
7834_sub2	0	1	0	1	0	0	0	1
7834_sub3	0	1	1	0	0	0	1	0
7834_sub4	0	1	1	0	0	0	1	0
7834_sub5	0	1	1	0	0	0	1	0
7835_sub0	0	1	0	1	0	0	0	1
7835_sub1	0	1	1	0	0	0	1	0
7835_sub2	0	1	1	0	0	0	1	0
7835_sub3	0	1	1	0	0	0	1	0
7835_sub4	0	1	0	1	0	0	0	1
7835_sub5	0	1	0	1	0	0	0	1
7839_sub0	0	1	0	1	0	0	0	1
7839_sub1	0	1	1	0	0	0	1	0
7839_sub2	0	1	0	1	0	0	0	1
7839_sub3	0	1	1	0	0	0	1	0
7839_sub4	0	1	0	1	0	0	0	1
7839_sub5	0	1	0	1	0	0	0	1
7839_sub6	0	1	0	1	0	0	0	1
7842_sub0	1	12	3	9	3	9	0	0
7842_sub1	0	1	1	0	0	0	1	0
7842_sub2	0	1	0	1	0	0	0	1
7842_sub3	0	1	0	1	0	0	0	1
7842_sub4	0	1	0	1	0	0	0	1
7842_sub5	0	1	0	1	0	0	0	1
7842_sub6	0	1	1	0	0	0	1	0
7842_sub7	0	1	0	1	0	0	0	1
7842_sub8	0	1	0	1	0	0	0	1
7844_sub0	1	12	5	7	5	7	0	0
7844_sub1	0	1	1	0	0	0	1	0
7844_sub2	0	1	1	0	0	0	1	0
7847_sub0	1	12	4	8	4	8	0	0
7849_sub0	0	1	1	0	0	0	1	0
7849_sub1	0	1	0	1	0	0	0	1
7849_sub2	0	1	1	0	0	0	1	0
7849_sub3	0	1	0	1	0	0	0	1
7849_sub4	0	1	0	1	0	0	0	1
7849_sub5	0	1	1	0	0	0	1	0
7850_sub0	0	1	0	1	0	0	0	1
7850_sub1	1	7	5	2	5	2	0	0
7851_sub0	0	1	0	1	0	0	0	1
7851_sub1	0	1	1	0	0	0	1	0
7851_sub2	0	1	0	1	0	0	0	1
7851_sub3	0	2	1	1	0	0	1	1
7851_sub4	0	1	1	0	0	0	1	0
7851_sub5	0	1	0	1	0	0	0	1
7851_sub6	0	1	0	1	0	0	0	1
7852_sub0	0	1	1	0	0	0	1	0
7852_sub1	0	1	1	0	0	0	1	0
7852_sub2	0	2	1	1	0	0	1	1
7852_sub3	0	1	1	0	0	0	1	0
7852_sub4	0	1	1	0	0	0	1	0
7852_sub5	0	1	0	1	0	0	0	1
7853_sub0	0	1	1	0	0	0	1	0
7853_sub1	0	1	1	0	0	0	1	0
7853_sub2	1	19	9	10	9	10	0	0
7853_sub3	0	1	0	1	0	0	0	1
7853_sub4	0	1	1	0	0	0	1	0
7854_sub0	1	20	15	5	15	5	0	0
7854_sub1	0	1	1	0	0	0	1	0
7854_sub2	0	1	0	1	0	0	0	1
7854_sub3	0	1	1	0	0	0	1	0
7854_sub4	0	1	0	1	0	0	0	1
7854_sub5	0	1	0	1	0	0	0	1
7855_sub0	0	1	1	0	0	0	1	0
7855_sub1	0	1	0	1	0	0	0	1
7855_sub2	0	2	0	2	0	0	0	2
7855_sub3	0	1	0	1	0	0	0	1
7855_sub4	0	1	0	1	0	0	0	1
7855_sub5	0	1	1	0	0	0	1	0
7855_sub6	0	1	0	1	0	0	0	1
7855_sub7	0	1	1	0	0	0	1	0
7855_sub8	0	1	1	0	0	0	1	0
7859_sub0	1	22	9	13	9	11	0	2
7859_sub1	0	1	0	1	0	0	0	1
7859_sub2	0	1	1	0	0	0	1	0
7859_sub3	0	1	0	1	0	0	0	1
7859_sub4	0	1	0	1	0	0	0	1
7859_sub5	0	1	1	0	0	0	1	0
7859_sub6	0	1	0	1	0	0	0	1
7859_sub7	0	1	1	0	0	0	1	0
7860_sub0	0	1	1	0	0	0	1	0
7860_sub1	0	1	1	0	0	0	1	0
7860_sub2	0	1	0	1	0	0	0	1
7860_sub3	0	1	1	0	0	0	1	0
7860_sub4	0	1	0	1	0	0	0	1
7860_sub5	0	1	1	0	0	0	1	0
7860_sub6	0	1	0	1	0	0	0	1
7860_sub7	0	1	1	0	0	0	1	0
7861_sub0	1	19	11	8	11	8	0	0
7861_sub1	0	1	0	1	0	0	0	1
7861_sub2	0	1	1	0	0	0	1	0
7861_sub3	0	1	0	1	0	0	0	1
7861_sub4	0	1	0	1	0	0	0	1
7866_sub0	1	11	4	7	4	7	0	0
7866_sub1	0	1	0	1	0	0	0	1
7866_sub2	0	1	1	0	0	0	1	0
7866_sub3	0	1	1	0	0	0	1	0
7867_sub0	0	1	0	1	0	0	0	1
7867_sub1	0	1	1	0	0	0	1	0
7867_sub2	1	18	7	11	7	11	0	0
7867_sub3	0	1	0	1	0	0	0	1
7867_sub4	0	1	1	0	0	0	1	0
7867_sub5	0	1	1	0	0	0	1	0
7867_sub6	0	1	0	1	0	0	0	1
7867_sub7	0	1	0	1	0	0	0	1
7867_sub8	0	1	0	1	0	0	0	1
7868_sub0	0	1	0	1	0	0	0	1
7868_sub1	0	1	1	0	0	0	1	0
7868_sub2	0	1	1	0	0	0	1	0
7868_sub3	0	1	0	1	0	0	0	1
7868_sub4	0	1	0	1	0	0	0	1
7868_sub5	0	1	0	1	0	0	0	1
787_sub0	0	1	0	1	0	0	0	1
787_sub1	0	1	0	1	0	0	0	1
787_sub2	0	1	0	1	0	0	0	1
787_sub3	0	1	0	1	0	0	0	1
787_sub4	1	19	11	8	11	8	0	0
787_sub5	0	1	1	0	0	0	1	0
787_sub6	0	1	0	1	0	0	0	1
787_sub7	0	1	0	1	0	0	0	1
7870_sub0	0	1	0	1	0	0	0	1
7870_sub1	0	1	0	1	0	0	0	1
7870_sub2	0	1	0	1	0	0	0	1
7870_sub3	0	1	0	1	0	0	0	1
7870_sub4	0	1	0	1	0	0	0	1
7870_sub5	0	1	0	1	0	0	0	1
7870_sub6	0	1	0	1	0	0	0	1
7873_sub0	0	1	1	0	0	0	1	0
7873_sub1	0	1	1	0	0	0	1	0
7873_sub2	0	1	1	0	0	0	1	0
7873_sub3	0	1	0	1	0	0	0	1
7873_sub4	0	1	0	1	0	0	0	1
7873_sub5	0	1	0	1	0	0	0	1
7873_sub6	0	1	0	1	0	0	0	1
7875_sub0	1	7	3	4	3	4	0	0
7876_sub0	0	1	1	0	0	0	1	0
7876_sub1	0	1	0	1	0	0	0	1
7876_sub2	0	1	1	0	0	0	1	0
7876_sub3	0	1	1	0	0	0	1	0
7876_sub4	0	1	0	1	0	0	0	1
7876_sub5	0	1	1	0	0	0	1	0
7879_sub0	0	1	1	0	0	0	1	0
7879_sub1	0	1	1	0	0	0	1	0
7879_sub2	0	1	1	0	0	0	1	0
7879_sub3	0	1	1	0	0	0	1	0
7879_sub4	0	1	1	0	0	0	1	0
7879_sub5	0	1	1	0	0	0	1	0
7879_sub6	0	1	1	0	0	0	1	0
7879_sub7	0	1	1	0	0	0	1	0
7879_sub8	0	1	1	0	0	0	1	0
7879_sub9	0	1	1	0	0	0	1	0
7881_sub0	1	23	10	13	10	10	0	3
7881_sub1	0	1	0	1	0	0	0	1
7881_sub2	0	1	0	1	0	0	0	1
7881_sub3	0	1	1	0	0	0	1	0
7881_sub4	0	1	0	1	0	0	0	1
7881_sub5	0	1	1	0	0	0	1	0
7881_sub6	0	1	0	1	0	0	0	1
7882_sub0	0	1	0	1	0	0	0	1
7882_sub1	0	1	1	0	0	0	1	0
7882_sub2	0	1	1	0	0	0	1	0
7882_sub3	0	1	1	0	0	0	1	0
7882_sub4	0	1	0	1	0	0	0	1
7882_sub5	0	1	0	1	0	0	0	1
7889_sub0	1	9	5	4	5	4	0	0
7889_sub1	0	1	1	0	0	0	1	0
7889_sub2	0	1	0	1	0	0	0	1
7889_sub3	0	1	1	0	0	0	1	0
7889_sub4	0	1	0	1	0	0	0	1
7889_sub5	0	1	1	0	0	0	1	0
7889_sub6	0	1	1	0	0	0	1	0
7889_sub7	0	1	0	1	0	0	0	1
789_sub0	0	1	0	1	0	0	0	1
789_sub1	0	1	0	1	0	0	0	1
789_sub2	1	26	16	10	10	10	6	0
789_sub3	0	1	1	0	0	0	1	0
789_sub4	0	1	0	1	0	0	0	1
7890_sub0	0	4	3	1	0	0	3	1
7890_sub1	0	1	1	0	0	0	1	0
7890_sub2	0	1	0	1	0	0	0	1
7890_sub3	0	1	0	1	0	0	0	1
7890_sub4	0	1	0	1	0	0	0	1
7893_sub0	0	1	0	1	0	0	0	1
7893_sub1	0	1	0	1	0	0	0	1
7893_sub2	0	1	1	0	0	0	1	0
7893_sub3	0	2	1	1	0	0	1	1
7893_sub4	0	1	1	0	0	0	1	0
7893_sub5	0	1	1	0	0	0	1	0
7893_sub6	0	1	0	1	0	0	0	1
7894_sub0	0	1	0	1	0	0	0	1
7894_sub1	0	1	1	0	0	0	1	0
7894_sub2	0	1	0	1	0	0	0	1
7894_sub3	0	1	1	0	0	0	1	0
7894_sub4	0	1	1	0	0	0	1	0
7894_sub5	0	1	1	0	0	0	1	0
7894_sub6	0	2	1	1	0	0	1	1
7894_sub7	0	1	0	1	0	0	0	1
7894_sub8	0	1	1	0	0	0	1	0
7894_sub9	0	1	1	0	0	0	1	0
7894_sub10	0	1	0	1	0	0	0	1
79_sub0	0	1	0	1	0	0	0	1
79_sub1	1	14	7	7	7	7	0	0
79_sub2	0	1	0	1	0	0	0	1
7909_sub0	1	16	10	6	10	6	0	0
7915_sub0	0	1	1	0	0	0	1	0
7915_sub1	0	1	1	0	0	0	1	0
7915_sub2	0	1	0	1	0	0	0	1
7915_sub3	0	1	0	1	0	0	0	1
7915_sub4	0	1	1	0	0	0	1	0
7915_sub5	0	1	1	0	0	0	1	0
7917_sub0	0	1	0	1	0	0	0	1
7917_sub1	0	1	0	1	0	0	0	1
7917_sub2	0	1	0	1	0	0	0	1
7917_sub3	0	1	0	1	0	0	0	1
7917_sub4	0	1	1	0	0	0	1	0
7917_sub5	0	1	1	0	0	0	1	0
7920_sub0	1	19	9	10	9	10	0	0
7920_sub1	0	1	0	1	0	0	0	1
7920_sub2	0	1	1	0	0	0	1	0
7920_sub3	0	1	0	1	0	0	0	1
7920_sub4	0	1	0	1	0	0	0	1
7920_sub5	0	1	0	1	0	0	0	1
7920_sub6	0	1	1	0	0	0	1	0
7920_sub7	0	1	1	0	0	0	1	0
7920_sub8	0	1	1	0	0	0	1	0
7925_sub0	0	1	1	0	0	0	1	0
7925_sub1	0	1	0	1	0	0	0	1
7925_sub2	0	1	1	0	0	0	1	0
7925_sub3	0	1	1	0	0	0	1	0
7925_sub4	0	1	0	1	0	0	0	1
7925_sub5	0	1	0	1	0	0	0	1
7926_sub0	0	1	1	0	0	0	1	0
7926_sub1	0	1	0	1	0	0	0	1
7926_sub2	0	1	0	1	0	0	0	1
7926_sub3	0	1	0	1	0	0	0	1
7926_sub4	0	1	0	1	0	0	0	1
7926_sub5	0	1	0	1	0	0	0	1
793_sub0	0	1	0	1	0	0	0	1
793_sub1	0	1	0	1	0	0	0	1
793_sub2	0	1	1	0	0	0	1	0
793_sub3	0	1	1	0	0	0	1	0
793_sub4	0	1	0	1	0	0	0	1
793_sub5	0	1	0	1	0	0	0	1
7930_sub0	0	1	0	1	0	0	0	1
7930_sub1	0	1	1	0	0	0	1	0
7930_sub2	0	1	1	0	0	0	1	0
7930_sub3	0	1	0	1	0	0	0	1
7930_sub4	0	1	0	1	0	0	0	1
7930_sub5	0	1	1	0	0	0	1	0
7936_sub0	1	11	4	7	4	7	0	0
7936_sub1	0	1	0	1	0	0	0	1
7936_sub2	0	1	0	1	0	0	0	1
7937_sub0	1	7	5	2	5	2	0	0
7938_sub0	0	1	1	0	0	0	1	0
7938_sub1	0	1	1	0	0	0	1	0
7938_sub2	0	1	1	0	0	0	1	0
7938_sub3	0	1	1	0	0	0	1	0
7938_sub4	0	1	0	1	0	0	0	1
7938_sub5	0	1	0	1	0	0	0	1
794_sub0	0	1	0	1	0	0	0	1
794_sub1	0	1	0	1	0	0	0	1
794_sub2	0	1	1	0	0	0	1	0
794_sub3	0	1	0	1	0	0	0	1
794_sub4	0	1	0	1	0	0	0	1
794_sub5	0	1	1	0	0	0	1	0
7941_sub0	1	12	5	7	5	7	0	0
7941_sub1	0	1	0	1	0	0	0	1
7941_sub2	0	1	1	0	0	0	1	0
7941_sub3	0	1	0	1	0	0	0	1
7941_sub4	0	1	0	1	0	0	0	1
7941_sub5	0	1	0	1	0	0	0	1
7945_sub0	1	13	11	2	11	2	0	0
7945_sub1	0	1	1	0	0	0	1	0
7945_sub2	0	1	1	0	0	0	1	0
7945_sub3	0	1	1	0	0	0	1	0
7945_sub4	0	1	0	1	0	0	0	1
7948_sub0	0	1	1	0	0	0	1	0
7948_sub1	0	1	1	0	0	0	1	0
7948_sub2	1	8	4	4	4	4	0	0
7948_sub3	0	1	1	0	0	0	1	0
7948_sub4	0	1	0	1	0	0	0	1
7948_sub5	0	1	0	1	0	0	0	1
7949_sub0	1	14	7	7	7	7	0	0
7949_sub1	0	1	0	1	0	0	0	1
7949_sub2	0	1	1	0	0	0	1	0
795_sub0	0	1	1	0	0	0	1	0
795_sub1	0	1	1	0	0	0	1	0
795_sub2	0	3	0	3	0	0	0	3
795_sub3	0	1	1	0	0	0	1	0
7950_sub0	0	1	0	1	0	0	0	1
7950_sub1	0	1	1	0	0	0	1	0
7950_sub2	0	1	0	1	0	0	0	1
7950_sub3	0	1	0	1	0	0	0	1
7950_sub4	0	1	1	0	0	0	1	0
7950_sub5	0	1	0	1	0	0	0	1
7953_sub0	1	6	2	4	2	4	0	0
7953_sub1	0	1	1	0	0	0	1	0
7953_sub2	0	1	1	0	0	0	1	0
7954_sub0	1	16	9	7	9	7	0	0
7954_sub1	0	1	1	0	0	0	1	0
7954_sub2	0	1	1	0	0	0	1	0
7954_sub3	0	1	1	0	0	0	1	0
7954_sub4	0	1	0	1	0	0	0	1
7954_sub5	0	1	0	1	0	0	0	1
7954_sub6	0	1	1	0	0	0	1	0
7954_sub7	0	1	0	1	0	0	0	1
7954_sub8	0	1	1	0	0	0	1	0
7954_sub9	0	1	0	1	0	0	0	1
7956_sub0	1	16	9	7	9	7	0	0
7956_sub1	0	1	1	0	0	0	1	0
7956_sub2	0	1	0	1	0	0	0	1
7956_sub3	0	1	0	1	0	0	0	1
7957_sub0	0	1	1	0	0	0	1	0
7957_sub1	1	6	4	2	4	2	0	0
7957_sub2	0	1	0	1	0	0	0	1
7957_sub3	0	1	0	1	0	0	0	1
7957_sub4	0	1	1	0	0	0	1	0
7957_sub5	0	1	0	1	0	0	0	1
7959_sub0	1	7	4	3	4	3	0	0
7961_sub0	1	8	2	6	2	6	0	0
7961_sub1	0	1	0	1	0	0	0	1
7961_sub2	0	1	1	0	0	0	1	0
7961_sub3	0	1	0	1	0	0	0	1
7961_sub4	0	1	0	1	0	0	0	1
7961_sub5	0	1	1	0	0	0	1	0
7962_sub0	0	1	0	1	0	0	0	1
7962_sub1	0	1	1	0	0	0	1	0
7962_sub2	0	1	0	1	0	0	0	1
7962_sub3	0	1	0	1	0	0	0	1
7962_sub4	0	1	1	0	0	0	1	0
7962_sub5	0	1	0	1	0	0	0	1
7964_sub0	0	1	1	0	0	0	1	0
7964_sub1	0	1	1	0	0	0	1	0
7964_sub2	0	1	0	1	0	0	0	1
7964_sub3	0	1	0	1	0	0	0	1
7964_sub4	0	1	0	1	0	0	0	1
7964_sub5	0	1	1	0	0	0	1	0
7972_sub0	1	14	9	5	9	5	0	0
7973_sub0	0	1	0	1	0	0	0	1
7973_sub1	0	1	0	1	0	0	0	1
7973_sub2	0	1	1	0	0	0	1	0
7973_sub3	0	1	1	0	0	0	1	0
7973_sub4	0	1	0	1	0	0	0	1
7973_sub5	0	1	1	0	0	0	1	0
7973_sub6	0	1	1	0	0	0	1	0
7973_sub7	0	1	0	1	0	0	0	1
7973_sub8	0	1	0	1	0	0	0	1
7973_sub9	0	1	1	0	0	0	1	0
7973_sub10	0	1	0	1	0	0	0	1
7973_sub11	0	1	0	1	0	0	0	1
7973_sub12	0	1	1	0	0	0	1	0
7973_sub13	0	1	0	1	0	0	0	1
7974_sub0	1	13	8	5	8	5	0	0
7974_sub1	0	1	0	1	0	0	0	1
7974_sub2	0	1	0	1	0	0	0	1
7974_sub3	0	1	1	0	0	0	1	0
7975_sub0	0	1	0	1	0	0	0	1
7975_sub1	0	1	0	1	0	0	0	1
7975_sub2	0	1	0	1	0	0	0	1
7975_sub3	0	1	1	0	0	0	1	0
7975_sub4	0	1	0	1	0	0	0	1
7975_sub5	0	1	0	1	0	0	0	1
7975_sub6	0	1	0	1	0	0	0	1
7978_sub0	1	12	7	5	7	5	0	0
7978_sub1	0	1	1	0	0	0	1	0
798_sub0	0	1	0	1	0	0	0	1
798_sub1	1	15	9	6	9	6	0	0
798_sub2	0	1	0	1	0	0	0	1
798_sub3	0	1	1	0	0	0	1	0
7980_sub0	1	12	2	10	2	10	0	0
7980_sub1	0	1	1	0	0	0	1	0
7981_sub0	1	23	11	12	10	10	1	2
7981_sub1	0	1	0	1	0	0	0	1
7981_sub2	0	1	0	1	0	0	0	1
7981_sub3	0	1	1	0	0	0	1	0
7981_sub4	0	1	1	0	0	0	1	0
7981_sub5	0	1	0	1	0	0	0	1
7987_sub0	1	9	7	2	7	2	0	0
7987_sub1	0	1	1	0	0	0	1	0
7987_sub2	0	1	1	0	0	0	1	0
7988_sub0	0	1	0	1	0	0	0	1
7988_sub1	0	1	1	0	0	0	1	0
7988_sub2	0	3	2	1	0	0	2	1
7988_sub3	0	1	1	0	0	0	1	0
7988_sub4	0	1	1	0	0	0	1	0
7989_sub0	0	1	0	1	0	0	0	1
7989_sub1	0	1	1	0	0	0	1	0
7989_sub2	0	1	1	0	0	0	1	0
7989_sub3	0	1	1	0	0	0	1	0
7989_sub4	0	1	0	1	0	0	0	1
7989_sub5	0	1	0	1	0	0	0	1
7991_sub0	0	4	2	2	0	0	2	2
7991_sub1	0	1	0	1	0	0	0	1
7991_sub2	0	1	0	1	0	0	0	1
7993_sub0	0	1	1	0	0	0	1	0
7993_sub1	0	1	0	1	0	0	0	1
7993_sub2	0	1	1	0	0	0	1	0
7993_sub3	0	1	0	1	0	0	0	1
7993_sub4	0	1	0	1	0	0	0	1
7993_sub5	0	1	0	1	0	0	0	1
7993_sub6	0	1	1	0	0	0	1	0
7993_sub7	0	1	0	1	0	0	0	1
7993_sub8	0	1	1	0	0	0	1	0
7994_sub0	0	1	1	0	0	0	1	0
7994_sub1	0	1	0	1	0	0	0	1
7994_sub2	0	1	1	0	0	0	1	0
7994_sub3	0	1	0	1	0	0	0	1
7994_sub4	0	1	0	1	0	0	0	1
7994_sub5	0	1	1	0	0	0	1	0
7994_sub6	0	1	1	0	0	0	1	0
7994_sub7	0	1	0	1	0	0	0	1
7994_sub8	0	1	0	1	0	0	0	1
7994_sub9	0	1	0	1	0	0	0	1
7995_sub0	0	1	1	0	0	0	1	0
7995_sub1	0	1	1	0	0	0	1	0
7995_sub2	0	1	1	0	0	0	1	0
7995_sub3	0	1	0	1	0	0	0	1
7995_sub4	0	1	1	0	0	0	1	0
7995_sub5	0	1	1	0	0	0	1	0
7995_sub6	0	1	0	1	0	0	0	1
7995_sub7	0	1	0	1	0	0	0	1
7996_sub0	0	1	0	1	0	0	0	1
7996_sub1	0	1	0	1	0	0	0	1
7996_sub2	0	2	1	1	0	0	1	1
7996_sub3	0	1	0	1	0	0	0	1
7996_sub4	0	1	0	1	0	0	0	1
7996_sub5	0	1	1	0	0	0	1	0
7996_sub6	0	1	1	0	0	0	1	0
7996_sub7	0	1	0	1	0	0	0	1
7997_sub0	0	1	0	1	0	0	0	1
7997_sub1	0	1	0	1	0	0	0	1
7997_sub2	0	1	1	0	0	0	1	0
7997_sub3	0	1	0	1	0	0	0	1
7997_sub4	0	1	0	1	0	0	0	1
7997_sub5	0	1	0	1	0	0	0	1
800_sub0	0	1	0	1	0	0	0	1
800_sub1	1	9	5	4	5	4	0	0
800_sub2	0	1	1	0	0	0	1	0
8000_sub0	0	2	0	2	0	0	0	2
8000_sub1	0	1	1	0	0	0	1	0
8000_sub2	0	1	0	1	0	0	0	1
8000_sub3	0	1	1	0	0	0	1	0
8000_sub4	0	1	1	0	0	0	1	0
8002_sub0	1	14	5	9	5	9	0	0
8002_sub1	0	2	0	2	0	0	0	2
8004_sub0	0	1	1	0	0	0	1	0
8004_sub1	0	1	1	0	0	0	1	0
8004_sub2	0	1	0	1	0	0	0	1
8004_sub3	0	1	0	1	0	0	0	1
8004_sub4	0	1	1	0	0	0	1	0
8004_sub5	0	1	1	0	0	0	1	0
8004_sub6	0	1	1	0	0	0	1	0
8005_sub0	0	1	1	0	0	0	1	0
8005_sub1	1	21	10	11	10	10	0	1
8005_sub2	0	1	1	0	0	0	1	0
8011_sub0	0	1	0	1	0	0	0	1
8011_sub1	1	19	11	8	11	8	0	0
8011_sub2	0	1	0	1	0	0	0	1
8011_sub3	0	1	0	1	0	0	0	1
8011_sub4	0	1	0	1	0	0	0	1
8011_sub5	0	1	0	1	0	0	0	1
8012_sub0	0	1	1	0	0	0	1	0
8012_sub1	0	1	0	1	0	0	0	1
8012_sub2	0	1	0	1	0	0	0	1
8012_sub3	0	1	0	1	0	0	0	1
8012_sub4	0	1	1	0	0	0	1	0
8012_sub5	0	1	0	1	0	0	0	1
8013_sub0	0	1	0	1	0	0	0	1
8013_sub1	0	1	0	1	0	0	0	1
8013_sub2	0	1	1	0	0	0	1	0
8013_sub3	0	1	0	1	0	0	0	1
8013_sub4	0	1	0	1	0	0	0	1
8013_sub5	0	1	1	0	0	0	1	0
8013_sub6	0	1	0	1	0	0	0	1
8013_sub7	0	1	0	1	0	0	0	1
8013_sub8	0	1	1	0	0	0	1	0
8015_sub0	0	1	1	0	0	0	1	0
8015_sub1	0	1	1	0	0	0	1	0
8015_sub2	0	1	0	1	0	0	0	1
8015_sub3	0	1	1	0	0	0	1	0
8015_sub4	0	1	1	0	0	0	1	0
8015_sub5	0	1	1	0	0	0	1	0
8015_sub6	0	1	1	0	0	0	1	0
8018_sub0	1	11	8	3	8	3	0	0
8018_sub1	0	1	1	0	0	0	1	0
8018_sub2	0	1	0	1	0	0	0	1
8018_sub3	0	1	1	0	0	0	1	0
8018_sub4	0	1	0	1	0	0	0	1
8021_sub0	0	1	0	1	0	0	0	1
8021_sub1	0	1	0	1	0	0	0	1
8021_sub2	0	1	1	0	0	0	1	0
8021_sub3	0	1	0	1	0	0	0	1
8021_sub4	0	1	0	1	0	0	0	1
8021_sub5	0	1	1	0	0	0	1	0
8022_sub0	1	7	4	3	4	3	0	0
8022_sub1	0	1	0	1	0	0	0	1
8022_sub2	0	1	0	1	0	0	0	1
8023_sub0	1	13	8	5	8	5	0	0
8023_sub1	0	1	0	1	0	0	0	1
8023_sub2	0	1	1	0	0	0	1	0
8023_sub3	0	1	0	1	0	0	0	1
8023_sub4	0	1	1	0	0	0	1	0
8029_sub0	0	1	0	1	0	0	0	1
8029_sub1	1	6	5	1	5	1	0	0
8029_sub2	0	1	1	0	0	0	1	0
8029_sub3	0	1	0	1	0	0	0	1
8029_sub4	0	1	1	0	0	0	1	0
8029_sub5	0	1	0	1	0	0	0	1
8031_sub0	1	21	8	13	8	12	0	1
8031_sub1	0	1	1	0	0	0	1	0
8031_sub2	0	1	1	0	0	0	1	0
8031_sub3	0	1	1	0	0	0	1	0
8031_sub4	0	1	1	0	0	0	1	0
8031_sub5	0	1	0	1	0	0	0	1
8031_sub6	0	1	1	0	0	0	1	0
8031_sub7	0	1	1	0	0	0	1	0
8032_sub0	1	9	6	3	6	3	0	0
8032_sub1	0	1	1	0	0	0	1	0
8032_sub2	0	1	0	1	0	0	0	1
8034_sub0	0	4	1	3	0	0	1	3
8034_sub1	0	1	1	0	0	0	1	0
8034_sub2	0	1	0	1	0	0	0	1
8034_sub3	0	1	0	1	0	0	0	1
8034_sub4	0	1	0	1	0	0	0	1
8036_sub0	0	1	0	1	0	0	0	1
8036_sub1	0	1	1	0	0	0	1	0
8036_sub2	0	1	1	0	0	0	1	0
8036_sub3	0	1	0	1	0	0	0	1
8036_sub4	0	1	1	0	0	0	1	0
8036_sub5	0	1	1	0	0	0	1	0
8037_sub0	0	1	1	0	0	0	1	0
8037_sub1	0	1	0	1	0	0	0	1
8037_sub2	0	1	0	1	0	0	0	1
8037_sub3	0	1	0	1	0	0	0	1
8037_sub4	0	1	0	1	0	0	0	1
8037_sub5	0	1	0	1	0	0	0	1
8037_sub6	0	1	1	0	0	0	1	0
8038_sub0	0	1	1	0	0	0	1	0
8038_sub1	0	1	1	0	0	0	1	0
8038_sub2	0	1	1	0	0	0	1	0
8038_sub3	0	1	0	1	0	0	0	1
8038_sub4	0	1	0	1	0	0	0	1
8038_sub5	0	1	1	0	0	0	1	0
8038_sub6	0	1	1	0	0	0	1	0
8044_sub0	1	22	14	8	12	8	2	0
8044_sub1	0	1	0	1	0	0	0	1
8044_sub2	0	1	0	1	0	0	0	1
8044_sub3	0	1	1	0	0	0	1	0
8047_sub0	1	19	8	11	8	11	0	0
8047_sub1	0	1	0	1	0	0	0	1
8047_sub2	0	1	1	0	0	0	1	0
8047_sub3	0	1	1	0	0	0	1	0
8047_sub4	0	1	1	0	0	0	1	0
8047_sub5	0	1	0	1	0	0	0	1
8049_sub0	1	12	2	10	2	10	0	0
8049_sub1	0	1	1	0	0	0	1	0
8049_sub2	0	1	1	0	0	0	1	0
8049_sub3	0	1	1	0	0	0	1	0
8049_sub4	0	1	0	1	0	0	0	1
805_sub0	0	1	0	1	0	0	0	1
805_sub1	1	22	15	7	13	7	2	0
805_sub2	0	1	0	1	0	0	0	1
805_sub3	0	1	1	0	0	0	1	0
805_sub4	0	1	0	1	0	0	0	1
805_sub5	0	1	1	0	0	0	1	0
805_sub6	0	1	0	1	0	0	0	1
805_sub7	0	1	1	0	0	0	1	0
805_sub8	0	1	0	1	0	0	0	1
8050_sub0	1	6	2	4	2	4	0	0
8050_sub1	0	1	0	1	0	0	0	1
8055_sub0	0	1	1	0	0	0	1	0
8055_sub1	0	1	0	1	0	0	0	1
8055_sub2	0	1	1	0	0	0	1	0
8055_sub3	0	1	0	1	0	0	0	1
8055_sub4	0	1	1	0	0	0	1	0
8055_sub5	0	1	0	1	0	0	0	1
8055_sub6	0	1	0	1	0	0	0	1
8057_sub0	1	20	12	8	12	8	0	0
8057_sub1	0	1	1	0	0	0	1	0
8057_sub2	0	1	1	0	0	0	1	0
8060_sub0	1	14	6	8	6	8	0	0
8060_sub1	0	1	1	0	0	0	1	0
8060_sub2	0	1	1	0	0	0	1	0
8060_sub3	0	1	0	1	0	0	0	1
8060_sub4	0	1	1	0	0	0	1	0
8060_sub5	0	1	1	0	0	0	1	0
8060_sub6	0	1	1	0	0	0	1	0
8060_sub7	0	1	0	1	0	0	0	1
8063_sub0	0	1	1	0	0	0	1	0
8063_sub1	0	2	2	0	0	0	2	0
8063_sub2	0	1	0	1	0	0	0	1
8063_sub3	0	1	0	1	0	0	0	1
8063_sub4	0	1	0	1	0	0	0	1
8066_sub0	0	1	1	0	0	0	1	0
8066_sub1	1	9	4	5	4	5	0	0
8066_sub2	0	1	1	0	0	0	1	0
8067_sub0	0	1	0	1	0	0	0	1
8067_sub1	0	1	1	0	0	0	1	0
8067_sub2	0	1	1	0	0	0	1	0
8067_sub3	0	1	0	1	0	0	0	1
8067_sub4	0	1	1	0	0	0	1	0
8067_sub5	0	1	1	0	0	0	1	0
8067_sub6	0	1	0	1	0	0	0	1
8067_sub7	0	1	0	1	0	0	0	1
8067_sub8	0	1	0	1	0	0	0	1
8067_sub9	0	1	1	0	0	0	1	0
8067_sub10	0	1	1	0	0	0	1	0
8067_sub11	0	1	1	0	0	0	1	0
8072_sub0	0	1	0	1	0	0	0	1
8072_sub1	0	1	1	0	0	0	1	0
8072_sub2	0	1	0	1	0	0	0	1
8072_sub3	0	1	1	0	0	0	1	0
8072_sub4	0	1	1	0	0	0	1	0
8072_sub5	0	1	0	1	0	0	0	1
8072_sub6	0	1	1	0	0	0	1	0
8072_sub7	0	1	0	1	0	0	0	1
8074_sub0	0	1	0	1	0	0	0	1
8074_sub1	0	1	0	1	0	0	0	1
8074_sub2	0	1	1	0	0	0	1	0
8074_sub3	0	1	0	1	0	0	0	1
8074_sub4	0	1	1	0	0	0	1	0
8074_sub5	0	1	1	0	0	0	1	0
8076_sub0	0	1	1	0	0	0	1	0
8076_sub1	0	3	2	1	0	0	2	1
8076_sub2	0	1	1	0	0	0	1	0
8076_sub3	0	1	1	0	0	0	1	0
8076_sub4	0	2	1	1	0	0	1	1
8080_sub0	1	18	6	12	6	12	0	0
8080_sub1	0	1	0	1	0	0	0	1
8080_sub2	0	1	0	1	0	0	0	1
8080_sub3	0	1	1	0	0	0	1	0
8080_sub4	0	1	1	0	0	0	1	0
8080_sub5	0	1	1	0	0	0	1	0
8080_sub6	0	1	1	0	0	0	1	0
8086_sub0	0	1	0	1	0	0	0	1
8086_sub1	0	1	1	0	0	0	1	0
8086_sub2	0	1	1	0	0	0	1	0
8086_sub3	0	1	0	1	0	0	0	1
8086_sub4	0	1	0	1	0	0	0	1
8086_sub5	0	1	1	0	0	0	1	0
8086_sub6	0	1	0	1	0	0	0	1
8087_sub0	1	12	6	6	6	6	0	0
8087_sub1	0	1	0	1	0	0	0	1
8087_sub2	0	1	0	1	0	0	0	1
8087_sub3	0	1	0	1	0	0	0	1
8087_sub4	0	1	1	0	0	0	1	0
8087_sub5	0	1	1	0	0	0	1	0
8087_sub6	0	1	1	0	0	0	1	0
8087_sub7	0	1	0	1	0	0	0	1
8087_sub8	0	1	1	0	0	0	1	0
8089_sub0	0	1	0	1	0	0	0	1
8089_sub1	0	1	0	1	0	0	0	1
8089_sub2	0	1	0	1	0	0	0	1
8089_sub3	0	1	1	0	0	0	1	0
8089_sub4	0	1	1	0	0	0	1	0
8089_sub5	0	1	1	0	0	0	1	0
8089_sub6	0	1	0	1	0	0	0	1
8089_sub7	0	1	1	0	0	0	1	0
809_sub0	0	1	0	1	0	0	0	1
809_sub1	0	1	0	1	0	0	0	1
809_sub2	0	1	0	1	0	0	0	1
809_sub3	0	1	0	1	0	0	0	1
809_sub4	0	1	1	0	0	0	1	0
809_sub5	0	1	1	0	0	0	1	0
809_sub6	0	1	1	0	0	0	1	0
8090_sub0	1	12	7	5	7	5	0	0
8090_sub1	0	1	1	0	0	0	1	0
8090_sub2	0	1	0	1	0	0	0	1
8090_sub3	0	1	0	1	0	0	0	1
8090_sub4	0	1	1	0	0	0	1	0
8091_sub0	0	1	1	0	0	0	1	0
8091_sub1	0	1	1	0	0	0	1	0
8091_sub2	1	10	4	6	4	6	0	0
8091_sub3	0	1	1	0	0	0	1	0
8091_sub4	0	1	1	0	0	0	1	0
8091_sub5	0	1	1	0	0	0	1	0
8091_sub6	0	1	0	1	0	0	0	1
8091_sub7	0	1	1	0	0	0	1	0
8091_sub8	0	1	0	1	0	0	0	1
8092_sub0	0	1	1	0	0	0	1	0
8092_sub1	0	1	0	1	0	0	0	1
8092_sub2	0	1	0	1	0	0	0	1
8092_sub3	0	1	1	0	0	0	1	0
8092_sub4	0	1	0	1	0	0	0	1
8092_sub5	0	1	1	0	0	0	1	0
8092_sub6	0	1	0	1	0	0	0	1
8092_sub7	0	1	0	1	0	0	0	1
8092_sub8	0	1	0	1	0	0	0	1
8094_sub0	0	1	1	0	0	0	1	0
8094_sub1	0	1	0	1	0	0	0	1
8094_sub2	0	1	1	0	0	0	1	0
8094_sub3	0	1	0	1	0	0	0	1
8094_sub4	0	1	1	0	0	0	1	0
8094_sub5	0	1	1	0	0	0	1	0
8094_sub6	0	1	0	1	0	0	0	1
8094_sub7	0	1	1	0	0	0	1	0
8094_sub8	0	1	0	1	0	0	0	1
8094_sub9	0	1	0	1	0	0	0	1
8096_sub0	0	1	0	1	0	0	0	1
8096_sub1	0	1	0	1	0	0	0	1
8096_sub2	0	1	1	0	0	0	1	0
8096_sub3	0	1	1	0	0	0	1	0
8096_sub4	0	1	0	1	0	0	0	1
8096_sub5	0	1	1	0	0	0	1	0
8096_sub6	0	1	0	1	0	0	0	1
8096_sub7	0	1	1	0	0	0	1	0
8097_sub0	1	13	9	4	9	4	0	0
8097_sub1	0	1	0	1	0	0	0	1
8097_sub2	0	1	0	1	0	0	0	1
8097_sub3	0	1	1	0	0	0	1	0
8097_sub4	0	1	0	1	0	0	0	1
81_sub0	0	1	0	1	0	0	0	1
81_sub1	0	1	1	0	0	0	1	0
81_sub2	0	1	1	0	0	0	1	0
81_sub3	0	1	1	0	0	0	1	0
81_sub4	0	1	1	0	0	0	1	0
81_sub5	0	1	0	1	0	0	0	1
81_sub6	0	1	1	0	0	0	1	0
81_sub7	0	1	1	0	0	0	1	0
810_sub0	0	1	0	1	0	0	0	1
810_sub1	0	1	0	1	0	0	0	1
810_sub2	1	20	14	6	14	6	0	0
810_sub3	0	1	1	0	0	0	1	0
810_sub4	0	1	1	0	0	0	1	0
810_sub5	0	1	1	0	0	0	1	0
810_sub6	0	1	0	1	0	0	0	1
8101_sub0	1	20	11	9	11	9	0	0
8101_sub1	0	1	0	1	0	0	0	1
8101_sub2	0	1	0	1	0	0	0	1
8101_sub3	0	1	1	0	0	0	1	0
8101_sub4	0	1	0	1	0	0	0	1
8101_sub5	0	1	1	0	0	0	1	0
8107_sub0	0	1	1	0	0	0	1	0
8107_sub1	0	1	0	1	0	0	0	1
8107_sub2	0	1	1	0	0	0	1	0
8107_sub3	0	1	1	0	0	0	1	0
8107_sub4	0	1	1	0	0	0	1	0
8107_sub5	0	1	0	1	0	0	0	1
8110_sub0	0	2	0	2	0	0	0	2
8110_sub1	0	1	0	1	0	0	0	1
8110_sub2	0	1	1	0	0	0	1	0
8110_sub3	0	1	0	1	0	0	0	1
8110_sub4	0	1	1	0	0	0	1	0
8110_sub5	0	1	1	0	0	0	1	0
8112_sub0	1	12	8	4	8	4	0	0
8112_sub1	0	1	0	1	0	0	0	1
8112_sub2	0	1	0	1	0	0	0	1
8112_sub3	0	1	1	0	0	0	1	0
8112_sub4	0	1	1	0	0	0	1	0
8112_sub5	0	1	1	0	0	0	1	0
8114_sub0	0	1	0	1	0	0	0	1
8114_sub1	0	1	1	0	0	0	1	0
8114_sub2	0	1	1	0	0	0	1	0
8114_sub3	0	1	1	0	0	0	1	0
8114_sub4	0	1	0	1	0	0	0	1
8114_sub5	0	1	0	1	0	0	0	1
8114_sub6	0	1	1	0	0	0	1	0
8114_sub7	0	1	1	0	0	0	1	0
8114_sub8	0	1	1	0	0	0	1	0
8114_sub9	0	1	1	0	0	0	1	0
8115_sub0	0	1	1	0	0	0	1	0
8115_sub1	0	1	1	0	0	0	1	0
8115_sub2	0	1	0	1	0	0	0	1
8115_sub3	0	1	0	1	0	0	0	1
8115_sub4	0	1	0	1	0	0	0	1
8115_sub5	0	1	0	1	0	0	0	1
8118_sub0	1	16	8	8	8	8	0	0
8118_sub1	0	1	0	1	0	0	0	1
8118_sub2	0	1	0	1	0	0	0	1
8118_sub3	0	1	0	1	0	0	0	1
8118_sub4	0	1	1	0	0	0	1	0
8118_sub5	0	1	0	1	0	0	0	1
8118_sub6	0	1	1	0	0	0	1	0
8118_sub7	0	1	1	0	0	0	1	0
8118_sub8	0	1	0	1	0	0	0	1
8118_sub9	0	1	1	0	0	0	1	0
8118_sub10	0	1	0	1	0	0	0	1
8118_sub11	0	1	1	0	0	0	1	0
8122_sub0	0	1	0	1	0	0	0	1
8122_sub1	0	1	1	0	0	0	1	0
8122_sub2	0	1	0	1	0	0	0	1
8122_sub3	0	1	0	1	0	0	0	1
8122_sub4	0	1	0	1	0	0	0	1
8122_sub5	0	1	0	1	0	0	0	1
8123_sub0	0	1	1	0	0	0	1	0
8123_sub1	0	1	1	0	0	0	1	0
8123_sub2	0	1	1	0	0	0	1	0
8123_sub3	0	1	0	1	0	0	0	1
8123_sub4	0	1	0	1	0	0	0	1
8123_sub5	0	1	0	1	0	0	0	1
8123_sub6	0	1	1	0	0	0	1	0
8123_sub7	0	1	1	0	0	0	1	0
8126_sub0	0	1	1	0	0	0	1	0
8126_sub1	0	1	0	1	0	0	0	1
8126_sub2	0	1	1	0	0	0	1	0
8126_sub3	0	1	0	1	0	0	0	1
8126_sub4	0	1	1	0	0	0	1	0
8126_sub5	0	1	0	1	0	0	0	1
8126_sub6	0	1	1	0	0	0	1	0
8127_sub0	0	1	0	1	0	0	0	1
8127_sub1	0	5	2	3	0	0	2	3
8127_sub2	0	1	0	1	0	0	0	1
813_sub0	0	1	1	0	0	0	1	0
813_sub1	0	1	0	1	0	0	0	1
813_sub2	1	22	8	14	8	12	0	2
813_sub3	0	1	0	1	0	0	0	1
813_sub4	0	1	0	1	0	0	0	1
813_sub5	0	1	1	0	0	0	1	0
813_sub6	0	1	0	1	0	0	0	1
813_sub7	0	1	1	0	0	0	1	0
813_sub8	0	1	1	0	0	0	1	0
813_sub9	0	1	1	0	0	0	1	0
813_sub10	0	1	0	1	0	0	0	1
8130_sub0	0	1	0	1	0	0	0	1
8130_sub1	0	1	1	0	0	0	1	0
8130_sub2	0	1	1	0	0	0	1	0
8130_sub3	0	1	0	1	0	0	0	1
8130_sub4	0	1	0	1	0	0	0	1
8130_sub5	0	1	0	1	0	0	0	1
8136_sub0	0	1	1	0	0	0	1	0
8136_sub1	0	1	1	0	0	0	1	0
8136_sub2	0	1	0	1	0	0	0	1
8136_sub3	0	1	0	1	0	0	0	1
8136_sub4	0	1	0	1	0	0	0	1
8136_sub5	0	1	0	1	0	0	0	1
8138_sub0	1	23	13	10	10	10	3	0
8138_sub1	0	1	1	0	0	0	1	0
8138_sub2	0	1	0	1	0	0	0	1
8138_sub3	0	1	0	1	0	0	0	1
8138_sub4	0	1	0	1	0	0	0	1
8138_sub5	0	2	0	2	0	0	0	2
8138_sub6	0	1	0	1	0	0	0	1
8138_sub7	0	1	1	0	0	0	1	0
8144_sub0	1	23	12	11	10	10	2	1
8144_sub1	0	1	0	1	0	0	0	1
8144_sub2	0	1	0	1	0	0	0	1
8144_sub3	0	1	1	0	0	0	1	0
8144_sub4	0	1	1	0	0	0	1	0
8144_sub5	0	1	1	0	0	0	1	0
8149_sub0	0	1	1	0	0	0	1	0
8149_sub1	0	2	1	1	0	0	1	1
8149_sub2	0	1	0	1	0	0	0	1
8149_sub3	0	1	1	0	0	0	1	0
8149_sub4	0	1	0	1	0	0	0	1
8149_sub5	0	1	1	0	0	0	1	0
8149_sub6	0	1	1	0	0	0	1	0
8150_sub0	0	1	0	1	0	0	0	1
8150_sub1	0	5	2	3	0	0	2	3
8150_sub2	0	1	1	0	0	0	1	0
8150_sub3	0	1	1	0	0	0	1	0
8150_sub4	0	1	0	1	0	0	0	1
8151_sub0	1	12	4	8	4	8	0	0
8151_sub1	0	1	1	0	0	0	1	0
8151_sub2	0	1	0	1	0	0	0	1
8151_sub3	0	1	0	1	0	0	0	1
8151_sub4	0	1	0	1	0	0	0	1
8152_sub0	0	1	0	1	0	0	0	1
8152_sub1	0	1	1	0	0	0	1	0
8152_sub2	0	1	1	0	0	0	1	0
8152_sub3	0	1	0	1	0	0	0	1
8152_sub4	0	1	0	1	0	0	0	1
8152_sub5	0	1	0	1	0	0	0	1
8152_sub6	0	1	1	0	0	0	1	0
8152_sub7	0	1	1	0	0	0	1	0
8152_sub8	0	1	1	0	0	0	1	0
8152_sub9	0	1	0	1	0	0	0	1
8153_sub0	0	1	0	1	0	0	0	1
8153_sub1	0	1	0	1	0	0	0	1
8153_sub2	0	1	0	1	0	0	0	1
8153_sub3	0	1	1	0	0	0	1	0
8153_sub4	0	1	1	0	0	0	1	0
8153_sub5	0	1	0	1	0	0	0	1
8153_sub6	0	1	1	0	0	0	1	0
8155_sub0	0	1	1	0	0	0	1	0
8155_sub1	0	1	0	1	0	0	0	1
8155_sub2	0	1	1	0	0	0	1	0
8155_sub3	0	1	1	0	0	0	1	0
8155_sub4	0	1	0	1	0	0	0	1
8155_sub5	0	1	0	1	0	0	0	1
8155_sub6	0	1	1	0	0	0	1	0
8155_sub7	0	1	1	0	0	0	1	0
8155_sub8	0	1	1	0	0	0	1	0
8155_sub9	0	1	1	0	0	0	1	0
8155_sub10	0	1	0	1	0	0	0	1
8155_sub11	0	1	0	1	0	0	0	1
8155_sub12	0	1	1	0	0	0	1	0
8156_sub0	0	1	1	0	0	0	1	0
8156_sub1	0	1	1	0	0	0	1	0
8156_sub2	0	1	0	1	0	0	0	1
8156_sub3	0	1	1	0	0	0	1	0
8156_sub4	0	1	0	1	0	0	0	1
8156_sub5	0	1	1	0	0	0	1	0
8161_sub0	0	1	1	0	0	0	1	0
8161_sub1	1	6	2	4	2	4	0	0
8161_sub2	0	1	1	0	0	0	1	0
8166_sub0	0	1	1	0	0	0	1	0
8166_sub1	0	1	0	1	0	0	0	1
8166_sub2	0	1	1	0	0	0	1	0
8166_sub3	0	1	0	1	0	0	0	1
8166_sub4	0	1	1	0	0	0	1	0
8166_sub5	0	1	1	0	0	0	1	0
8168_sub0	0	1	0	1	0	0	0	1
8168_sub1	0	3	3	0	0	0	3	0
8168_sub2	0	1	1	0	0	0	1	0
8168_sub3	0	1	1	0	0	0	1	0
8168_sub4	0	1	0	1	0	0	0	1
8168_sub5	0	1	0	1	0	0	0	1
8168_sub6	0	1	0	1	0	0	0	1
8168_sub7	0	1	1	0	0	0	1	0
8168_sub8	0	1	1	0	0	0	1	0
8168_sub9	0	1	1	0	0	0	1	0
8168_sub10	0	1	0	1	0	0	0	1
8168_sub11	0	1	1	0	0	0	1	0
8169_sub0	1	18	5	13	5	13	0	0
8169_sub1	0	1	1	0	0	0	1	0
8173_sub0	1	6	3	3	3	3	0	0
8173_sub1	0	1	0	1	0	0	0	1
8173_sub2	0	1	1	0	0	0	1	0
8173_sub3	0	1	0	1	0	0	0	1
8173_sub4	0	1	1	0	0	0	1	0
8173_sub5	0	1	0	1	0	0	0	1
8173_sub6	0	1	0	1	0	0	0	1
8174_sub0	0	1	0	1	0	0	0	1
8174_sub1	0	1	1	0	0	0	1	0
8174_sub2	0	1	0	1	0	0	0	1
8174_sub3	0	1	1	0	0	0	1	0
8174_sub4	0	1	0	1	0	0	0	1
8174_sub5	0	1	1	0	0	0	1	0
8175_sub0	0	1	0	1	0	0	0	1
8175_sub1	0	1	1	0	0	0	1	0
8175_sub2	0	1	1	0	0	0	1	0
8175_sub3	0	1	1	0	0	0	1	0
8175_sub4	0	1	1	0	0	0	1	0
8175_sub5	0	1	1	0	0	0	1	0
8177_sub0	0	1	0	1	0	0	0	1
8177_sub1	0	1	1	0	0	0	1	0
8177_sub2	0	1	0	1	0	0	0	1
8177_sub3	0	1	1	0	0	0	1	0
8177_sub4	0	1	1	0	0	0	1	0
8177_sub5	0	1	0	1	0	0	0	1
8178_sub0	0	1	1	0	0	0	1	0
8178_sub1	0	1	1	0	0	0	1	0
8178_sub2	1	12	6	6	6	6	0	0
8178_sub3	0	1	0	1	0	0	0	1
8178_sub4	0	1	0	1	0	0	0	1
8178_sub5	0	1	1	0	0	0	1	0
8178_sub6	0	1	0	1	0	0	0	1
8178_sub7	0	1	1	0	0	0	1	0
8178_sub8	0	1	1	0	0	0	1	0
8178_sub9	0	1	1	0	0	0	1	0
8178_sub10	0	1	1	0	0	0	1	0
8178_sub11	0	1	0	1	0	0	0	1
8178_sub12	0	1	1	0	0	0	1	0
8180_sub0	0	1	1	0	0	0	1	0
8180_sub1	0	1	1	0	0	0	1	0
8180_sub2	0	1	0	1	0	0	0	1
8180_sub3	0	1	1	0	0	0	1	0
8180_sub4	0	1	0	1	0	0	0	1
8180_sub5	0	1	0	1	0	0	0	1
8181_sub0	0	1	0	1	0	0	0	1
8181_sub1	0	1	0	1	0	0	0	1
8181_sub2	0	1	1	0	0	0	1	0
8181_sub3	0	1	0	1	0	0	0	1
8181_sub4	0	1	0	1	0	0	0	1
8181_sub5	0	1	0	1	0	0	0	1
8181_sub6	0	2	1	1	0	0	1	1
8181_sub7	0	1	0	1	0	0	0	1
8181_sub8	0	1	0	1	0	0	0	1
8181_sub9	0	1	1	0	0	0	1	0
8181_sub10	0	1	0	1	0	0	0	1
8181_sub11	0	1	1	0	0	0	1	0
8182_sub0	0	1	0	1	0	0	0	1
8182_sub1	0	1	1	0	0	0	1	0
8182_sub2	0	1	1	0	0	0	1	0
8182_sub3	0	1	1	0	0	0	1	0
8182_sub4	0	1	1	0	0	0	1	0
8182_sub5	0	1	1	0	0	0	1	0
8182_sub6	0	1	0	1	0	0	0	1
8182_sub7	0	1	0	1	0	0	0	1
8183_sub0	1	10	6	4	6	4	0	0
8184_sub0	0	1	1	0	0	0	1	0
8184_sub1	0	1	1	0	0	0	1	0
8184_sub2	1	13	5	8	5	8	0	0
8184_sub3	0	1	1	0	0	0	1	0
8185_sub0	0	2	1	1	0	0	1	1
8185_sub1	0	1	1	0	0	0	1	0
8185_sub2	0	1	0	1	0	0	0	1
8185_sub3	0	1	0	1	0	0	0	1
8185_sub4	0	1	1	0	0	0	1	0
8185_sub5	0	1	1	0	0	0	1	0
8185_sub6	0	1	1	0	0	0	1	0
8185_sub7	0	1	1	0	0	0	1	0
8185_sub8	0	1	1	0	0	0	1	0
8185_sub9	0	1	1	0	0	0	1	0
8187_sub0	0	1	1	0	0	0	1	0
8187_sub1	0	1	1	0	0	0	1	0
8187_sub2	0	1	1	0	0	0	1	0
8187_sub3	0	1	1	0	0	0	1	0
8187_sub4	0	1	1	0	0	0	1	0
8187_sub5	0	1	1	0	0	0	1	0
8187_sub6	0	1	1	0	0	0	1	0
8188_sub0	1	16	4	12	4	12	0	0
8188_sub1	0	1	1	0	0	0	1	0
8188_sub2	0	1	0	1	0	0	0	1
8188_sub3	0	1	1	0	0	0	1	0
8188_sub4	0	1	1	0	0	0	1	0
8189_sub0	0	1	1	0	0	0	1	0
8189_sub1	0	2	1	1	0	0	1	1
8189_sub2	0	1	0	1	0	0	0	1
8189_sub3	0	1	1	0	0	0	1	0
8189_sub4	0	1	1	0	0	0	1	0
8189_sub5	0	1	1	0	0	0	1	0
8189_sub6	0	1	0	1	0	0	0	1
8189_sub7	0	1	0	1	0	0	0	1
8190_sub0	0	1	1	0	0	0	1	0
8190_sub1	1	6	5	1	5	1	0	0
8190_sub2	0	1	0	1	0	0	0	1
8190_sub3	0	1	1	0	0	0	1	0
8191_sub0	1	12	5	7	5	7	0	0
8191_sub1	0	1	1	0	0	0	1	0
8191_sub2	0	1	0	1	0	0	0	1
8191_sub3	0	1	0	1	0	0	0	1
8193_sub0	0	1	1	0	0	0	1	0
8193_sub1	0	1	1	0	0	0	1	0
8193_sub2	0	1	1	0	0	0	1	0
8193_sub3	0	1	1	0	0	0	1	0
8193_sub4	0	1	1	0	0	0	1	0
8193_sub5	0	1	0	1	0	0	0	1
8194_sub0	1	31	20	11	10	10	10	1
8194_sub1	0	1	0	1	0	0	0	1
8194_sub2	0	1	1	0	0	0	1	0
8194_sub3	0	1	0	1	0	0	0	1
8194_sub4	0	1	0	1	0	0	0	1
820_sub0	0	1	1	0	0	0	1	0
820_sub1	0	1	1	0	0	0	1	0
820_sub2	1	24	13	11	10	10	3	1
820_sub3	0	1	0	1	0	0	0	1
820_sub4	0	1	1	0	0	0	1	0
820_sub5	0	1	1	0	0	0	1	0
8200_sub0	0	1	0	1	0	0	0	1
8200_sub1	0	1	1	0	0	0	1	0
8200_sub2	0	1	1	0	0	0	1	0
8200_sub3	0	1	0	1	0	0	0	1
8200_sub4	0	1	0	1	0	0	0	1
8200_sub5	0	1	1	0	0	0	1	0
8200_sub6	0	1	1	0	0	0	1	0
8200_sub7	0	1	0	1	0	0	0	1
8200_sub8	0	1	1	0	0	0	1	0
8207_sub0	1	24	11	13	10	10	1	3
8207_sub1	0	1	1	0	0	0	1	0
8207_sub2	0	1	1	0	0	0	1	0
8207_sub3	0	1	0	1	0	0	0	1
8207_sub4	0	1	0	1	0	0	0	1
8207_sub5	0	1	0	1	0	0	0	1
8207_sub6	0	1	1	0	0	0	1	0
8207_sub7	0	1	1	0	0	0	1	0
8208_sub0	0	1	0	1	0	0	0	1
8208_sub1	0	1	1	0	0	0	1	0
8208_sub2	0	1	0	1	0	0	0	1
8208_sub3	0	1	1	0	0	0	1	0
8208_sub4	0	1	1	0	0	0	1	0
8208_sub5	0	1	1	0	0	0	1	0
8208_sub6	0	1	1	0	0	0	1	0
8209_sub0	1	14	6	8	6	8	0	0
8209_sub1	0	1	0	1	0	0	0	1
8209_sub2	0	1	0	1	0	0	0	1
8209_sub3	0	1	0	1	0	0	0	1
8209_sub4	0	1	1	0	0	0	1	0
8213_sub0	1	22	11	11	10	10	1	1
8213_sub1	0	1	0	1	0	0	0	1
8213_sub2	0	1	0	1	0	0	0	1
8213_sub3	0	1	1	0	0	0	1	0
8213_sub4	0	1	0	1	0	0	0	1
8218_sub0	1	17	6	11	6	11	0	0
8218_sub1	0	1	0	1	0	0	0	1
8218_sub2	0	1	1	0	0	0	1	0
8218_sub3	0	1	0	1	0	0	0	1
8221_sub0	1	11	4	7	4	7	0	0
8221_sub1	0	1	1	0	0	0	1	0
8221_sub2	0	1	0	1	0	0	0	1
8222_sub0	0	1	0	1	0	0	0	1
8222_sub1	0	1	1	0	0	0	1	0
8222_sub2	0	1	1	0	0	0	1	0
8222_sub3	0	1	1	0	0	0	1	0
8222_sub4	0	1	1	0	0	0	1	0
8222_sub5	0	1	0	1	0	0	0	1
8222_sub6	0	1	0	1	0	0	0	1
8222_sub7	0	1	1	0	0	0	1	0
8222_sub8	0	1	0	1	0	0	0	1
8224_sub0	1	12	9	3	9	3	0	0
8224_sub1	0	1	0	1	0	0	0	1
8224_sub2	0	1	1	0	0	0	1	0
8224_sub3	0	1	0	1	0	0	0	1
8226_sub0	0	1	1	0	0	0	1	0
8226_sub1	0	1	1	0	0	0	1	0
8226_sub2	0	1	0	1	0	0	0	1
8226_sub3	0	1	1	0	0	0	1	0
8226_sub4	0	1	0	1	0	0	0	1
8226_sub5	0	1	1	0	0	0	1	0
8226_sub6	0	1	1	0	0	0	1	0
8227_sub0	1	12	6	6	6	6	0	0
8227_sub1	0	1	0	1	0	0	0	1
8227_sub2	0	1	0	1	0	0	0	1
8227_sub3	0	1	1	0	0	0	1	0
8228_sub0	0	1	0	1	0	0	0	1
8228_sub1	0	5	4	1	0	0	4	1
823_sub0	0	1	1	0	0	0	1	0
823_sub1	1	28	18	10	10	10	8	0
823_sub2	0	1	0	1	0	0	0	1
823_sub3	0	1	0	1	0	0	0	1
823_sub4	0	1	0	1	0	0	0	1
823_sub5	0	1	0	1	0	0	0	1
8235_sub0	1	19	14	5	14	5	0	0
8235_sub1	0	1	1	0	0	0	1	0
8235_sub2	0	1	1	0	0	0	1	0
8235_sub3	0	1	1	0	0	0	1	0
8235_sub4	0	1	0	1	0	0	0	1
8235_sub5	0	1	1	0	0	0	1	0
8236_sub0	1	19	11	8	11	8	0	0
8236_sub1	0	1	0	1	0	0	0	1
8236_sub2	0	1	0	1	0	0	0	1
8236_sub3	0	1	1	0	0	0	1	0
8236_sub4	0	1	1	0	0	0	1	0
8236_sub5	0	1	1	0	0	0	1	0
8236_sub6	0	1	0	1	0	0	0	1
8237_sub0	0	1	0	1	0	0	0	1
8237_sub1	1	13	8	5	8	5	0	0
8240_sub0	0	1	1	0	0	0	1	0
8240_sub1	0	1	1	0	0	0	1	0
8240_sub2	0	1	0	1	0	0	0	1
8240_sub3	0	1	1	0	0	0	1	0
8240_sub4	0	1	1	0	0	0	1	0
8240_sub5	0	1	1	0	0	0	1	0
8240_sub6	0	1	0	1	0	0	0	1
8241_sub0	1	13	8	5	8	5	0	0
8241_sub1	0	1	0	1	0	0	0	1
8241_sub2	0	1	1	0	0	0	1	0
8241_sub3	0	1	0	1	0	0	0	1
8242_sub0	1	7	2	5	2	5	0	0
8242_sub1	0	1	0	1	0	0	0	1
8242_sub2	0	1	0	1	0	0	0	1
8244_sub0	0	1	0	1	0	0	0	1
8244_sub1	0	1	1	0	0	0	1	0
8244_sub2	0	1	1	0	0	0	1	0
8244_sub3	0	1	1	0	0	0	1	0
8244_sub4	0	1	1	0	0	0	1	0
8244_sub5	0	1	1	0	0	0	1	0
8245_sub0	0	2	1	1	0	0	1	1
8245_sub1	0	1	0	1	0	0	0	1
8245_sub2	0	1	0	1	0	0	0	1
8245_sub3	0	1	0	1	0	0	0	1
8245_sub4	0	1	0	1	0	0	0	1
8245_sub5	0	1	1	0	0	0	1	0
8245_sub6	0	1	0	1	0	0	0	1
8248_sub0	1	13	6	7	6	7	0	0
8248_sub1	0	1	1	0	0	0	1	0
8248_sub2	0	1	1	0	0	0	1	0
8248_sub3	0	1	0	1	0	0	0	1
8248_sub4	0	1	0	1	0	0	0	1
8248_sub5	0	1	0	1	0	0	0	1
8251_sub0	0	1	1	0	0	0	1	0
8251_sub1	1	7	2	5	2	5	0	0
8251_sub2	0	1	1	0	0	0	1	0
8251_sub3	0	1	1	0	0	0	1	0
8253_sub0	0	1	1	0	0	0	1	0
8253_sub1	0	1	0	1	0	0	0	1
8253_sub2	0	1	0	1	0	0	0	1
8253_sub3	0	1	1	0	0	0	1	0
8253_sub4	0	1	1	0	0	0	1	0
8253_sub5	0	1	0	1	0	0	0	1
8253_sub6	0	1	0	1	0	0	0	1
8253_sub7	0	1	0	1	0	0	0	1
8253_sub8	0	1	1	0	0	0	1	0
8254_sub0	1	17	6	11	6	11	0	0
8254_sub1	0	1	0	1	0	0	0	1
8254_sub2	0	1	0	1	0	0	0	1
8254_sub3	0	1	0	1	0	0	0	1
8254_sub4	0	1	1	0	0	0	1	0
8254_sub5	0	1	1	0	0	0	1	0
8254_sub6	0	1	1	0	0	0	1	0
8254_sub7	0	1	1	0	0	0	1	0
8254_sub8	0	1	1	0	0	0	1	0
8254_sub9	0	1	0	1	0	0	0	1
8254_sub10	0	1	0	1	0	0	0	1
8256_sub0	1	17	9	8	9	8	0	0
8256_sub1	0	1	0	1	0	0	0	1
8256_sub2	0	1	1	0	0	0	1	0
8256_sub3	0	1	0	1	0	0	0	1
8256_sub4	0	1	0	1	0	0	0	1
8256_sub5	0	1	1	0	0	0	1	0
8258_sub0	1	6	4	2	4	2	0	0
8258_sub1	0	1	1	0	0	0	1	0
8262_sub0	0	1	0	1	0	0	0	1
8262_sub1	0	1	0	1	0	0	0	1
8262_sub2	0	1	0	1	0	0	0	1
8262_sub3	0	1	0	1	0	0	0	1
8262_sub4	0	1	0	1	0	0	0	1
8262_sub5	0	1	1	0	0	0	1	0
8262_sub6	0	1	1	0	0	0	1	0
8263_sub0	1	12	8	4	8	4	0	0
8263_sub1	0	1	1	0	0	0	1	0
8263_sub2	0	1	1	0	0	0	1	0
8263_sub3	0	1	0	1	0	0	0	1
8263_sub4	0	1	0	1	0	0	0	1
8266_sub0	0	1	0	1	0	0	0	1
8266_sub1	1	10	3	7	3	7	0	0
8266_sub2	0	1	0	1	0	0	0	1
8266_sub3	0	1	1	0	0	0	1	0
8266_sub4	0	1	1	0	0	0	1	0
8267_sub0	0	1	1	0	0	0	1	0
8267_sub1	0	1	1	0	0	0	1	0
8267_sub2	0	1	1	0	0	0	1	0
8267_sub3	0	1	1	0	0	0	1	0
8267_sub4	0	1	1	0	0	0	1	0
8267_sub5	0	1	1	0	0	0	1	0
8271_sub0	0	1	1	0	0	0	1	0
8271_sub1	0	1	0	1	0	0	0	1
8271_sub2	0	1	0	1	0	0	0	1
8271_sub3	0	1	0	1	0	0	0	1
8271_sub4	0	1	1	0	0	0	1	0
8271_sub5	0	1	0	1	0	0	0	1
8271_sub6	0	1	0	1	0	0	0	1
8271_sub7	0	1	1	0	0	0	1	0
8271_sub8	0	1	1	0	0	0	1	0
8271_sub9	0	1	0	1	0	0	0	1
8272_sub0	1	13	8	5	8	5	0	0
8272_sub1	0	1	1	0	0	0	1	0
8272_sub2	0	1	1	0	0	0	1	0
8272_sub3	0	1	0	1	0	0	0	1
8272_sub4	0	1	0	1	0	0	0	1
8274_sub0	1	15	6	9	6	9	0	0
8274_sub1	0	1	0	1	0	0	0	1
8274_sub2	0	1	0	1	0	0	0	1
8274_sub3	0	1	1	0	0	0	1	0
8274_sub4	0	1	1	0	0	0	1	0
8274_sub5	0	1	1	0	0	0	1	0
8274_sub6	0	1	1	0	0	0	1	0
8274_sub7	0	1	0	1	0	0	0	1
8274_sub8	0	1	1	0	0	0	1	0
8274_sub9	0	1	0	1	0	0	0	1
8277_sub0	1	11	7	4	7	4	0	0
8277_sub1	0	1	1	0	0	0	1	0
8277_sub2	0	1	1	0	0	0	1	0
8277_sub3	0	1	0	1	0	0	0	1
8277_sub4	0	1	0	1	0	0	0	1
8277_sub5	0	1	1	0	0	0	1	0
8277_sub6	0	1	0	1	0	0	0	1
8277_sub7	0	1	0	1	0	0	0	1
8278_sub0	1	16	5	11	5	11	0	0
8278_sub1	0	1	0	1	0	0	0	1
8278_sub2	0	1	1	0	0	0	1	0
8278_sub3	0	1	0	1	0	0	0	1
8278_sub4	0	1	1	0	0	0	1	0
8278_sub5	0	1	1	0	0	0	1	0
8278_sub6	0	1	1	0	0	0	1	0
8285_sub0	1	13	9	4	9	4	0	0
8286_sub0	1	13	8	5	8	5	0	0
8286_sub1	0	1	1	0	0	0	1	0
8286_sub2	0	1	0	1	0	0	0	1
8286_sub3	0	1	1	0	0	0	1	0
8286_sub4	0	1	0	1	0	0	0	1
8286_sub5	0	1	0	1	0	0	0	1
8286_sub6	0	1	0	1	0	0	0	1
8286_sub7	0	1	0	1	0	0	0	1
8289_sub0	0	1	1	0	0	0	1	0
8289_sub1	0	1	1	0	0	0	1	0
8289_sub2	0	1	1	0	0	0	1	0
8289_sub3	0	1	0	1	0	0	0	1
8289_sub4	0	1	1	0	0	0	1	0
8289_sub5	0	1	0	1	0	0	0	1
8289_sub6	0	1	1	0	0	0	1	0
8289_sub7	0	1	1	0	0	0	1	0
8291_sub0	0	1	1	0	0	0	1	0
8291_sub1	0	1	1	0	0	0	1	0
8291_sub2	0	1	1	0	0	0	1	0
8291_sub3	0	1	1	0	0	0	1	0
8291_sub4	0	1	1	0	0	0	1	0
8291_sub5	0	1	1	0	0	0	1	0
8292_sub0	1	17	5	12	5	12	0	0
8292_sub1	0	1	1	0	0	0	1	0
8293_sub0	0	1	1	0	0	0	1	0
8293_sub1	0	1	0	1	0	0	0	1
8293_sub2	0	1	0	1	0	0	0	1
8293_sub3	0	1	1	0	0	0	1	0
8293_sub4	0	1	0	1	0	0	0	1
8293_sub5	0	1	1	0	0	0	1	0
8293_sub6	0	1	1	0	0	0	1	0
8294_sub0	0	1	0	1	0	0	0	1
8294_sub1	1	10	7	3	7	3	0	0
8294_sub2	0	1	0	1	0	0	0	1
8294_sub3	0	1	1	0	0	0	1	0
8296_sub0	1	7	5	2	5	2	0	0
8296_sub1	0	1	1	0	0	0	1	0
8296_sub2	0	1	0	1	0	0	0	1
8297_sub0	0	1	0	1	0	0	0	1
8297_sub1	0	1	0	1	0	0	0	1
8297_sub2	0	1	0	1	0	0	0	1
8297_sub3	0	1	0	1	0	0	0	1
8297_sub4	0	1	0	1	0	0	0	1
8297_sub5	0	1	1	0	0	0	1	0
8297_sub6	0	1	0	1	0	0	0	1
8297_sub7	0	1	0	1	0	0	0	1
8298_sub0	0	1	1	0	0	0	1	0
8298_sub1	0	1	1	0	0	0	1	0
8298_sub2	0	1	1	0	0	0	1	0
8298_sub3	0	1	1	0	0	0	1	0
8298_sub4	0	1	1	0	0	0	1	0
8298_sub5	0	1	0	1	0	0	0	1
8298_sub6	0	1	1	0	0	0	1	0
83_sub0	0	1	1	0	0	0	1	0
83_sub1	0	1	0	1	0	0	0	1
83_sub2	1	22	12	10	10	10	2	0
83_sub3	0	1	0	1	0	0	0	1
83_sub4	0	1	1	0	0	0	1	0
83_sub5	0	2	1	1	0	0	1	1
83_sub6	0	1	0	1	0	0	0	1
83_sub7	0	1	1	0	0	0	1	0
83_sub8	0	1	0	1	0	0	0	1
8304_sub0	0	1	1	0	0	0	1	0
8304_sub1	0	1	0	1	0	0	0	1
8304_sub2	0	1	0	1	0	0	0	1
8304_sub3	0	1	1	0	0	0	1	0
8304_sub4	0	2	2	0	0	0	2	0
8307_sub0	1	12	10	2	10	2	0	0
8307_sub1	0	1	1	0	0	0	1	0
8307_sub2	0	1	1	0	0	0	1	0
8309_sub0	1	15	7	8	7	8	0	0
8309_sub1	0	1	0	1	0	0	0	1
8309_sub2	0	1	0	1	0	0	0	1
8309_sub3	0	1	1	0	0	0	1	0
8309_sub4	0	1	0	1	0	0	0	1
8309_sub5	0	1	1	0	0	0	1	0
8309_sub6	0	1	1	0	0	0	1	0
8309_sub7	0	1	1	0	0	0	1	0
8309_sub8	0	1	1	0	0	0	1	0
8312_sub0	0	1	0	1	0	0	0	1
8312_sub1	0	1	1	0	0	0	1	0
8312_sub2	0	1	0	1	0	0	0	1
8312_sub3	0	1	0	1	0	0	0	1
8312_sub4	0	1	1	0	0	0	1	0
8312_sub5	0	1	0	1	0	0	0	1
8312_sub6	0	1	0	1	0	0	0	1
8312_sub7	0	1	0	1	0	0	0	1
8316_sub0	0	1	0	1	0	0	0	1
8316_sub1	0	1	0	1	0	0	0	1
8316_sub2	0	1	1	0	0	0	1	0
8316_sub3	0	1	1	0	0	0	1	0
8316_sub4	0	1	0	1	0	0	0	1
8316_sub5	0	1	1	0	0	0	1	0
832_sub0	0	1	1	0	0	0	1	0
832_sub1	0	1	0	1	0	0	0	1
832_sub2	1	25	12	13	10	10	2	3
832_sub3	0	1	0	1	0	0	0	1
832_sub4	0	1	1	0	0	0	1	0
832_sub5	0	1	1	0	0	0	1	0
832_sub6	0	1	0	1	0	0	0	1
8322_sub0	0	1	1	0	0	0	1	0
8322_sub1	0	1	0	1	0	0	0	1
8322_sub2	0	1	0	1	0	0	0	1
8322_sub3	0	1	0	1	0	0	0	1
8322_sub4	0	1	1	0	0	0	1	0
8322_sub5	0	1	0	1	0	0	0	1
8322_sub6	0	1	0	1	0	0	0	1
8322_sub7	0	1	0	1	0	0	0	1
8323_sub0	0	1	0	1	0	0	0	1
8323_sub1	0	1	0	1	0	0	0	1
8323_sub2	0	1	0	1	0	0	0	1
8323_sub3	0	1	0	1	0	0	0	1
8323_sub4	0	1	0	1	0	0	0	1
8323_sub5	0	1	0	1	0	0	0	1
8327_sub0	1	19	14	5	14	5	0	0
8327_sub1	0	1	1	0	0	0	1	0
8327_sub2	0	1	1	0	0	0	1	0
8327_sub3	0	1	1	0	0	0	1	0
8327_sub4	0	1	1	0	0	0	1	0
8327_sub5	0	1	1	0	0	0	1	0
8327_sub6	0	1	1	0	0	0	1	0
8327_sub7	0	1	1	0	0	0	1	0
8327_sub8	0	1	1	0	0	0	1	0
8327_sub9	0	1	0	1	0	0	0	1
8327_sub10	0	1	1	0	0	0	1	0
8328_sub0	0	1	1	0	0	0	1	0
8328_sub1	0	1	1	0	0	0	1	0
8328_sub2	0	1	0	1	0	0	0	1
8328_sub3	0	1	0	1	0	0	0	1
8328_sub4	0	1	1	0	0	0	1	0
8328_sub5	0	1	0	1	0	0	0	1
8328_sub6	0	1	0	1	0	0	0	1
8328_sub7	0	1	0	1	0	0	0	1
8329_sub0	0	1	1	0	0	0	1	0
8329_sub1	0	1	0	1	0	0	0	1
8329_sub2	0	1	1	0	0	0	1	0
8329_sub3	0	2	1	1	0	0	1	1
8329_sub4	0	1	0	1	0	0	0	1
8329_sub5	0	1	0	1	0	0	0	1
8329_sub6	0	1	1	0	0	0	1	0
8329_sub7	0	1	0	1	0	0	0	1
8329_sub8	0	1	1	0	0	0	1	0
8337_sub0	1	14	11	3	11	3	0	0
8337_sub1	0	1	1	0	0	0	1	0
8338_sub0	1	17	9	8	9	8	0	0
8338_sub1	0	1	1	0	0	0	1	0
8338_sub2	0	1	0	1	0	0	0	1
8338_sub3	0	1	1	0	0	0	1	0
8338_sub4	0	1	0	1	0	0	0	1
8340_sub0	1	18	9	9	9	9	0	0
8340_sub1	0	1	0	1	0	0	0	1
8340_sub2	0	1	1	0	0	0	1	0
8340_sub3	0	1	0	1	0	0	0	1
8340_sub4	0	1	0	1	0	0	0	1
8340_sub5	0	1	1	0	0	0	1	0
8340_sub6	0	1	1	0	0	0	1	0
8343_sub0	0	1	0	1	0	0	0	1
8343_sub1	0	1	1	0	0	0	1	0
8343_sub2	0	1	0	1	0	0	0	1
8343_sub3	0	1	0	1	0	0	0	1
8343_sub4	0	1	1	0	0	0	1	0
8343_sub5	0	1	1	0	0	0	1	0
8343_sub6	0	1	0	1	0	0	0	1
8344_sub0	0	1	1	0	0	0	1	0
8344_sub1	0	1	0	1	0	0	0	1
8344_sub2	0	1	0	1	0	0	0	1
8344_sub3	0	1	0	1	0	0	0	1
8344_sub4	0	1	0	1	0	0	0	1
8344_sub5	0	1	0	1	0	0	0	1
8344_sub6	0	1	0	1	0	0	0	1
8344_sub7	0	1	0	1	0	0	0	1
8347_sub0	0	1	0	1	0	0	0	1
8347_sub1	0	1	1	0	0	0	1	0
8347_sub2	0	1	0	1	0	0	0	1
8347_sub3	0	1	0	1	0	0	0	1
8347_sub4	0	1	1	0	0	0	1	0
8347_sub5	0	1	1	0	0	0	1	0
8347_sub6	0	1	0	1	0	0	0	1
8347_sub7	0	1	1	0	0	0	1	0
835_sub0	0	1	0	1	0	0	0	1
835_sub1	1	6	3	3	3	3	0	0
8350_sub0	1	19	9	10	9	10	0	0
8350_sub1	0	1	0	1	0	0	0	1
8350_sub2	0	1	1	0	0	0	1	0
8350_sub3	0	1	1	0	0	0	1	0
8355_sub0	0	1	0	1	0	0	0	1
8355_sub1	0	1	1	0	0	0	1	0
8355_sub2	0	1	1	0	0	0	1	0
8355_sub3	0	1	0	1	0	0	0	1
8355_sub4	0	1	0	1	0	0	0	1
8355_sub5	0	1	0	1	0	0	0	1
8356_sub0	0	1	0	1	0	0	0	1
8356_sub1	0	1	0	1	0	0	0	1
8356_sub2	0	1	0	1	0	0	0	1
8356_sub3	0	1	1	0	0	0	1	0
8356_sub4	0	1	1	0	0	0	1	0
8356_sub5	0	1	0	1	0	0	0	1
8358_sub0	0	1	0	1	0	0	0	1
8358_sub1	0	1	1	0	0	0	1	0
8358_sub2	0	1	1	0	0	0	1	0
8358_sub3	0	2	1	1	0	0	1	1
8358_sub4	0	1	1	0	0	0	1	0
8359_sub0	0	1	1	0	0	0	1	0
8359_sub1	0	1	1	0	0	0	1	0
8359_sub2	0	1	0	1	0	0	0	1
8359_sub3	0	2	1	1	0	0	1	1
8359_sub4	0	1	0	1	0	0	0	1
8359_sub5	0	1	0	1	0	0	0	1
8360_sub0	0	1	1	0	0	0	1	0
8360_sub1	0	1	0	1	0	0	0	1
8360_sub2	0	1	0	1	0	0	0	1
8360_sub3	0	1	0	1	0	0	0	1
8360_sub4	0	1	1	0	0	0	1	0
8360_sub5	0	1	1	0	0	0	1	0
8363_sub0	1	14	4	10	4	10	0	0
8363_sub1	0	1	0	1	0	0	0	1
8363_sub2	0	1	1	0	0	0	1	0
8363_sub3	0	1	0	1	0	0	0	1
8363_sub4	0	1	1	0	0	0	1	0
8363_sub5	0	1	0	1	0	0	0	1
8365_sub0	1	18	11	7	11	7	0	0
8365_sub1	0	1	1	0	0	0	1	0
8365_sub2	0	1	0	1	0	0	0	1
8365_sub3	0	1	1	0	0	0	1	0
8368_sub0	1	7	4	3	4	3	0	0
8368_sub1	0	1	0	1	0	0	0	1
8368_sub2	0	1	0	1	0	0	0	1
8368_sub3	0	1	0	1	0	0	0	1
8368_sub4	0	1	1	0	0	0	1	0
8369_sub0	0	2	1	1	0	0	1	1
8369_sub1	0	1	1	0	0	0	1	0
8369_sub2	0	1	1	0	0	0	1	0
8369_sub3	0	1	0	1	0	0	0	1
8369_sub4	0	1	1	0	0	0	1	0
8369_sub5	0	1	1	0	0	0	1	0
8369_sub6	0	1	1	0	0	0	1	0
837_sub0	0	1	0	1	0	0	0	1
837_sub1	1	24	14	10	10	10	4	0
837_sub2	0	1	0	1	0	0	0	1
837_sub3	0	1	0	1	0	0	0	1
8370_sub0	0	5	3	2	0	0	3	2
8370_sub1	0	1	1	0	0	0	1	0
8370_sub2	0	1	1	0	0	0	1	0
8370_sub3	0	1	0	1	0	0	0	1
8380_sub0	0	1	1	0	0	0	1	0
8380_sub1	0	1	0	1	0	0	0	1
8380_sub2	0	1	0	1	0	0	0	1
8380_sub3	0	1	1	0	0	0	1	0
8380_sub4	0	1	0	1	0	0	0	1
8380_sub5	0	1	1	0	0	0	1	0
8380_sub6	0	1	0	1	0	0	0	1
8382_sub0	0	1	0	1	0	0	0	1
8382_sub1	0	1	0	1	0	0	0	1
8382_sub2	0	1	1	0	0	0	1	0
8382_sub3	0	1	0	1	0	0	0	1
8382_sub4	0	1	1	0	0	0	1	0
8382_sub5	0	1	0	1	0	0	0	1
8382_sub6	0	1	0	1	0	0	0	1
8385_sub0	1	12	4	8	4	8	0	0
8385_sub1	0	1	0	1	0	0	0	1
8385_sub2	0	1	0	1	0	0	0	1
8386_sub0	0	1	1	0	0	0	1	0
8386_sub1	0	1	0	1	0	0	0	1
8386_sub2	0	1	1	0	0	0	1	0
8386_sub3	0	1	0	1	0	0	0	1
8386_sub4	0	1	1	0	0	0	1	0
8386_sub5	0	1	1	0	0	0	1	0
8386_sub6	0	1	1	0	0	0	1	0
8386_sub7	0	1	1	0	0	0	1	0
8387_sub0	0	1	1	0	0	0	1	0
8387_sub1	0	1	1	0	0	0	1	0
8387_sub2	0	1	1	0	0	0	1	0
8387_sub3	0	1	0	1	0	0	0	1
8387_sub4	0	1	1	0	0	0	1	0
8387_sub5	0	1	1	0	0	0	1	0
8387_sub6	0	1	0	1	0	0	0	1
8387_sub7	0	1	1	0	0	0	1	0
8389_sub0	0	1	1	0	0	0	1	0
8389_sub1	0	1	1	0	0	0	1	0
8389_sub2	0	1	1	0	0	0	1	0
8389_sub3	0	1	0	1	0	0	0	1
8389_sub4	0	1	1	0	0	0	1	0
8389_sub5	0	1	1	0	0	0	1	0
8393_sub0	1	9	4	5	4	5	0	0
8393_sub1	0	1	1	0	0	0	1	0
84_sub0	0	1	1	0	0	0	1	0
84_sub1	0	1	1	0	0	0	1	0
84_sub2	1	20	10	10	10	10	0	0
84_sub3	0	1	0	1	0	0	0	1
84_sub4	0	1	1	0	0	0	1	0
84_sub5	0	1	0	1	0	0	0	1
84_sub6	0	1	0	1	0	0	0	1
8400_sub0	1	15	9	6	9	6	0	0
8400_sub1	0	1	0	1	0	0	0	1
8400_sub2	0	1	1	0	0	0	1	0
8400_sub3	0	1	0	1	0	0	0	1
8400_sub4	0	1	0	1	0	0	0	1
8400_sub5	0	1	1	0	0	0	1	0
8400_sub6	0	1	0	1	0	0	0	1
8400_sub7	0	1	0	1	0	0	0	1
8401_sub0	0	1	0	1	0	0	0	1
8401_sub1	1	12	6	6	6	6	0	0
8401_sub2	0	1	0	1	0	0	0	1
8401_sub3	0	1	0	1	0	0	0	1
8401_sub4	0	1	1	0	0	0	1	0
8403_sub0	0	2	1	1	0	0	1	1
8403_sub1	0	1	0	1	0	0	0	1
8403_sub2	0	2	1	1	0	0	1	1
8403_sub3	0	1	1	0	0	0	1	0
8403_sub4	0	1	0	1	0	0	0	1
8403_sub5	0	1	1	0	0	0	1	0
8403_sub6	0	1	1	0	0	0	1	0
8407_sub0	0	1	0	1	0	0	0	1
8407_sub1	0	1	0	1	0	0	0	1
8407_sub2	0	1	0	1	0	0	0	1
8407_sub3	0	1	0	1	0	0	0	1
8407_sub4	0	1	0	1	0	0	0	1
8407_sub5	0	1	1	0	0	0	1	0
8408_sub0	0	1	1	0	0	0	1	0
8408_sub1	0	1	1	0	0	0	1	0
8408_sub2	0	1	0	1	0	0	0	1
8408_sub3	0	1	1	0	0	0	1	0
8408_sub4	0	1	1	0	0	0	1	0
8408_sub5	0	1	0	1	0	0	0	1
8408_sub6	0	1	1	0	0	0	1	0
8408_sub7	0	1	0	1	0	0	0	1
8408_sub8	0	1	0	1	0	0	0	1
8409_sub0	0	2	2	0	0	0	2	0
8409_sub1	0	1	1	0	0	0	1	0
8409_sub2	0	1	1	0	0	0	1	0
8409_sub3	0	1	0	1	0	0	0	1
8409_sub4	0	1	0	1	0	0	0	1
8409_sub5	0	1	0	1	0	0	0	1
8409_sub6	0	1	0	1	0	0	0	1
8409_sub7	0	1	0	1	0	0	0	1
8409_sub8	0	1	1	0	0	0	1	0
8409_sub9	0	1	1	0	0	0	1	0
8410_sub0	0	1	0	1	0	0	0	1
8410_sub1	1	9	5	4	5	4	0	0
8411_sub0	0	1	0	1	0	0	0	1
8411_sub1	0	1	0	1	0	0	0	1
8411_sub2	0	1	0	1	0	0	0	1
8411_sub3	0	1	1	0	0	0	1	0
8411_sub4	0	1	1	0	0	0	1	0
8411_sub5	0	1	1	0	0	0	1	0
8411_sub6	0	1	1	0	0	0	1	0
8411_sub7	0	1	0	1	0	0	0	1
8415_sub0	0	1	1	0	0	0	1	0
8415_sub1	0	1	0	1	0	0	0	1
8415_sub2	0	1	0	1	0	0	0	1
8415_sub3	0	1	0	1	0	0	0	1
8415_sub4	0	1	1	0	0	0	1	0
8415_sub5	0	1	0	1	0	0	0	1
8415_sub6	0	1	0	1	0	0	0	1
8415_sub7	0	1	0	1	0	0	0	1
8415_sub8	0	1	1	0	0	0	1	0
8422_sub0	0	1	1	0	0	0	1	0
8422_sub1	0	1	0	1	0	0	0	1
8422_sub2	0	1	1	0	0	0	1	0
8422_sub3	0	1	0	1	0	0	0	1
8422_sub4	0	1	0	1	0	0	0	1
8422_sub5	0	1	0	1	0	0	0	1
8422_sub6	0	1	0	1	0	0	0	1
8422_sub7	0	1	0	1	0	0	0	1
8422_sub8	0	1	0	1	0	0	0	1
8422_sub9	0	1	1	0	0	0	1	0
8422_sub10	0	1	1	0	0	0	1	0
8427_sub0	0	1	0	1	0	0	0	1
8427_sub1	0	1	0	1	0	0	0	1
8427_sub2	0	1	1	0	0	0	1	0
8427_sub3	0	1	1	0	0	0	1	0
8427_sub4	1	16	5	11	5	11	0	0
8427_sub5	0	1	1	0	0	0	1	0
8429_sub0	0	1	0	1	0	0	0	1
8429_sub1	0	1	1	0	0	0	1	0
8429_sub2	0	1	1	0	0	0	1	0
8429_sub3	0	1	0	1	0	0	0	1
8429_sub4	0	1	0	1	0	0	0	1
8429_sub5	0	1	1	0	0	0	1	0
843_sub0	0	1	0	1	0	0	0	1
843_sub1	1	20	11	9	11	9	0	0
843_sub2	0	1	0	1	0	0	0	1
843_sub3	0	1	0	1	0	0	0	1
843_sub4	0	1	1	0	0	0	1	0
843_sub5	0	1	0	1	0	0	0	1
843_sub6	0	1	1	0	0	0	1	0
843_sub7	0	1	1	0	0	0	1	0
843_sub8	0	1	1	0	0	0	1	0
843_sub9	0	1	0	1	0	0	0	1
843_sub10	0	1	0	1	0	0	0	1
8430_sub0	0	1	1	0	0	0	1	0
8430_sub1	0	1	1	0	0	0	1	0
8430_sub2	0	1	1	0	0	0	1	0
8430_sub3	0	1	1	0	0	0	1	0
8430_sub4	0	1	1	0	0	0	1	0
8430_sub5	0	1	1	0	0	0	1	0
8430_sub6	0	1	0	1	0	0	0	1
8432_sub0	0	1	1	0	0	0	1	0
8432_sub1	0	1	0	1	0	0	0	1
8432_sub2	0	1	1	0	0	0	1	0
8432_sub3	0	1	1	0	0	0	1	0
8432_sub4	0	1	1	0	0	0	1	0
8432_sub5	0	1	1	0	0	0	1	0
8432_sub6	0	1	1	0	0	0	1	0
8434_sub0	0	1	0	1	0	0	0	1
8434_sub1	0	1	0	1	0	0	0	1
8434_sub2	0	1	0	1	0	0	0	1
8434_sub3	0	1	1	0	0	0	1	0
8434_sub4	0	1	0	1	0	0	0	1
8434_sub5	0	1	1	0	0	0	1	0
8434_sub6	0	1	1	0	0	0	1	0
8435_sub0	1	12	7	5	7	5	0	0
8435_sub1	0	1	0	1	0	0	0	1
8436_sub0	1	12	6	6	6	6	0	0
844_sub0	0	1	1	0	0	0	1	0
844_sub1	0	5	3	2	0	0	3	2
844_sub2	0	1	0	1	0	0	0	1
8440_sub0	0	1	1	0	0	0	1	0
8440_sub1	0	1	0	1	0	0	0	1
8440_sub2	0	1	1	0	0	0	1	0
8440_sub3	0	1	0	1	0	0	0	1
8440_sub4	0	1	1	0	0	0	1	0
8440_sub5	0	1	1	0	0	0	1	0
8440_sub6	0	1	1	0	0	0	1	0
8440_sub7	0	1	0	1	0	0	0	1
8447_sub0	1	11	5	6	5	6	0	0
8447_sub1	0	1	0	1	0	0	0	1
8447_sub2	0	1	0	1	0	0	0	1
8447_sub3	0	1	0	1	0	0	0	1
8447_sub4	0	1	1	0	0	0	1	0
8447_sub5	0	1	0	1	0	0	0	1
8447_sub6	0	1	0	1	0	0	0	1
8447_sub7	0	1	0	1	0	0	0	1
8447_sub8	0	1	0	1	0	0	0	1
845_sub0	0	1	0	1	0	0	0	1
845_sub1	1	25	12	13	10	10	2	3
845_sub2	0	1	0	1	0	0	0	1
845_sub3	0	1	0	1	0	0	0	1
845_sub4	0	1	1	0	0	0	1	0
845_sub5	0	1	1	0	0	0	1	0
8453_sub0	0	1	1	0	0	0	1	0
8453_sub1	0	2	0	2	0	0	0	2
8453_sub2	0	3	2	1	0	0	2	1
8453_sub3	0	1	0	1	0	0	0	1
8453_sub4	0	1	0	1	0	0	0	1
8453_sub5	0	1	0	1	0	0	0	1
8468_sub0	0	1	0	1	0	0	0	1
8468_sub1	0	1	1	0	0	0	1	0
8468_sub2	0	1	1	0	0	0	1	0
8468_sub3	0	1	0	1	0	0	0	1
8468_sub4	0	1	1	0	0	0	1	0
8468_sub5	0	1	1	0	0	0	1	0
8468_sub6	0	1	1	0	0	0	1	0
8469_sub0	0	1	0	1	0	0	0	1
8469_sub1	0	1	0	1	0	0	0	1
8469_sub2	0	1	1	0	0	0	1	0
8469_sub3	0	1	1	0	0	0	1	0
8469_sub4	0	1	0	1	0	0	0	1
8469_sub5	0	1	0	1	0	0	0	1
8469_sub6	0	1	1	0	0	0	1	0
8471_sub0	0	1	1	0	0	0	1	0
8471_sub1	0	1	1	0	0	0	1	0
8471_sub2	0	1	1	0	0	0	1	0
8471_sub3	0	1	0	1	0	0	0	1
8471_sub4	0	1	0	1	0	0	0	1
8471_sub5	0	1	0	1	0	0	0	1
8479_sub0	0	1	1	0	0	0	1	0
8479_sub1	1	10	8	2	8	2	0	0
8479_sub2	0	1	1	0	0	0	1	0
8479_sub3	0	1	0	1	0	0	0	1
848_sub0	0	1	0	1	0	0	0	1
848_sub1	0	1	0	1	0	0	0	1
848_sub2	1	9	7	2	7	2	0	0
848_sub3	0	1	1	0	0	0	1	0
848_sub4	0	1	0	1	0	0	0	1
8485_sub0	0	1	1	0	0	0	1	0
8485_sub1	0	1	0	1	0	0	0	1
8485_sub2	0	1	1	0	0	0	1	0
8485_sub3	0	1	0	1	0	0	0	1
8485_sub4	0	1	1	0	0	0	1	0
8485_sub5	0	1	1	0	0	0	1	0
8485_sub6	0	1	1	0	0	0	1	0
8487_sub0	0	1	0	1	0	0	0	1
8487_sub1	0	1	1	0	0	0	1	0
8487_sub2	0	1	0	1	0	0	0	1
8487_sub3	0	1	1	0	0	0	1	0
8487_sub4	0	1	1	0	0	0	1	0
8487_sub5	0	1	1	0	0	0	1	0
8494_sub0	1	9	5	4	5	4	0	0
8494_sub1	0	1	1	0	0	0	1	0
8495_sub0	1	16	10	6	10	6	0	0
8495_sub1	0	1	1	0	0	0	1	0
8495_sub2	0	1	1	0	0	0	1	0
8495_sub3	0	1	0	1	0	0	0	1
8495_sub4	0	1	0	1	0	0	0	1
8496_sub0	0	1	0	1	0	0	0	1
8496_sub1	0	1	1	0	0	0	1	0
8496_sub2	0	1	0	1	0	0	0	1
8496_sub3	0	1	1	0	0	0	1	0
8496_sub4	0	1	0	1	0	0	0	1
8496_sub5	0	1	1	0	0	0	1	0
8496_sub6	0	1	0	1	0	0	0	1
85_sub0	0	1	0	1	0	0	0	1
85_sub1	1	18	3	15	3	15	0	0
85_sub2	0	1	0	1	0	0	0	1
85_sub3	0	1	1	0	0	0	1	0
85_sub4	0	1	1	0	0	0	1	0
85_sub5	0	1	1	0	0	0	1	0
85_sub6	0	1	1	0	0	0	1	0
85_sub7	0	1	1	0	0	0	1	0
85_sub8	0	1	1	0	0	0	1	0
8500_sub0	0	1	0	1	0	0	0	1
8500_sub1	0	1	1	0	0	0	1	0
8500_sub2	0	1	1	0	0	0	1	0
8500_sub3	0	1	1	0	0	0	1	0
8500_sub4	0	1	1	0	0	0	1	0
8500_sub5	0	1	0	1	0	0	0	1
8503_sub0	1	11	3	8	3	8	0	0
8503_sub1	0	1	0	1	0	0	0	1
8503_sub2	0	1	1	0	0	0	1	0
8507_sub0	0	1	1	0	0	0	1	0
8507_sub1	0	3	2	1	0	0	2	1
8507_sub2	0	1	0	1	0	0	0	1
8507_sub3	0	1	1	0	0	0	1	0
8509_sub0	0	1	1	0	0	0	1	0
8509_sub1	0	1	0	1	0	0	0	1
8509_sub2	0	1	0	1	0	0	0	1
8509_sub3	0	1	1	0	0	0	1	0
8509_sub4	0	1	1	0	0	0	1	0
8509_sub5	0	1	0	1	0	0	0	1
8509_sub6	0	1	1	0	0	0	1	0
8509_sub7	0	1	0	1	0	0	0	1
851_sub0	0	1	0	1	0	0	0	1
851_sub1	1	13	10	3	10	3	0	0
851_sub2	0	1	0	1	0	0	0	1
851_sub3	0	1	0	1	0	0	0	1
8510_sub0	0	1	1	0	0	0	1	0
8510_sub1	0	1	1	0	0	0	1	0
8510_sub2	0	1	1	0	0	0	1	0
8510_sub3	0	1	1	0	0	0	1	0
8510_sub4	0	1	1	0	0	0	1	0
8510_sub5	0	1	1	0	0	0	1	0
8510_sub6	0	1	0	1	0	0	0	1
8512_sub0	0	1	1	0	0	0	1	0
8512_sub1	0	1	0	1	0	0	0	1
8512_sub2	0	1	0	1	0	0	0	1
8512_sub3	0	1	1	0	0	0	1	0
8512_sub4	0	1	0	1	0	0	0	1
8512_sub5	0	1	0	1	0	0	0	1
8512_sub6	0	1	0	1	0	0	0	1
8516_sub0	0	5	1	4	0	0	1	4
8516_sub1	0	1	1	0	0	0	1	0
8524_sub0	1	17	10	7	10	7	0	0
8524_sub1	0	1	1	0	0	0	1	0
8524_sub2	0	1	1	0	0	0	1	0
8524_sub3	0	1	0	1	0	0	0	1
8524_sub4	0	1	1	0	0	0	1	0
853_sub0	0	1	1	0	0	0	1	0
853_sub1	0	4	1	3	0	0	1	3
853_sub2	0	1	1	0	0	0	1	0
8531_sub0	1	21	9	12	9	11	0	1
8531_sub1	0	1	1	0	0	0	1	0
8531_sub2	0	1	0	1	0	0	0	1
8531_sub3	0	1	1	0	0	0	1	0
8531_sub4	0	1	0	1	0	0	0	1
8531_sub5	0	1	1	0	0	0	1	0
8531_sub6	0	1	1	0	0	0	1	0
8534_sub0	0	1	1	0	0	0	1	0
8534_sub1	0	2	0	2	0	0	0	2
8534_sub2	0	1	1	0	0	0	1	0
8534_sub3	0	1	1	0	0	0	1	0
8534_sub4	0	1	0	1	0	0	0	1
8536_sub0	0	1	0	1	0	0	0	1
8536_sub1	0	1	1	0	0	0	1	0
8536_sub2	0	2	1	1	0	0	1	1
8536_sub3	0	1	0	1	0	0	0	1
8536_sub4	0	1	1	0	0	0	1	0
8537_sub0	0	1	0	1	0	0	0	1
8537_sub1	0	1	1	0	0	0	1	0
8537_sub2	0	1	0	1	0	0	0	1
8537_sub3	0	1	0	1	0	0	0	1
8537_sub4	0	1	1	0	0	0	1	0
8537_sub5	0	1	1	0	0	0	1	0
8537_sub6	0	1	1	0	0	0	1	0
8538_sub0	0	1	1	0	0	0	1	0
8538_sub1	0	1	0	1	0	0	0	1
8538_sub2	0	1	1	0	0	0	1	0
8538_sub3	0	1	0	1	0	0	0	1
8538_sub4	0	1	0	1	0	0	0	1
8538_sub5	0	1	0	1	0	0	0	1
8539_sub0	0	1	0	1	0	0	0	1
8539_sub1	0	1	0	1	0	0	0	1
8539_sub2	0	1	1	0	0	0	1	0
8539_sub3	0	1	1	0	0	0	1	0
8539_sub4	0	1	1	0	0	0	1	0
8539_sub5	0	1	1	0	0	0	1	0
8539_sub6	0	1	1	0	0	0	1	0
8539_sub7	0	1	0	1	0	0	0	1
8539_sub8	0	1	1	0	0	0	1	0
8543_sub0	0	1	0	1	0	0	0	1
8543_sub1	0	1	1	0	0	0	1	0
8543_sub2	0	1	0	1	0	0	0	1
8543_sub3	0	1	1	0	0	0	1	0
8543_sub4	0	1	1	0	0	0	1	0
8543_sub5	0	1	1	0	0	0	1	0
8543_sub6	0	1	0	1	0	0	0	1
8543_sub7	0	1	0	1	0	0	0	1
8547_sub0	1	25	12	13	10	10	2	3
8547_sub1	0	1	0	1	0	0	0	1
8547_sub2	0	1	1	0	0	0	1	0
8547_sub3	0	1	0	1	0	0	0	1
8547_sub4	0	1	0	1	0	0	0	1
8547_sub5	0	1	1	0	0	0	1	0
8547_sub6	0	1	1	0	0	0	1	0
8547_sub7	0	1	0	1	0	0	0	1
8547_sub8	0	1	1	0	0	0	1	0
8547_sub9	0	1	1	0	0	0	1	0
8549_sub0	0	1	0	1	0	0	0	1
8549_sub1	0	1	1	0	0	0	1	0
8549_sub2	0	1	1	0	0	0	1	0
8549_sub3	0	1	1	0	0	0	1	0
8549_sub4	0	1	0	1	0	0	0	1
8549_sub5	0	1	0	1	0	0	0	1
8549_sub6	0	1	0	1	0	0	0	1
8550_sub0	0	1	1	0	0	0	1	0
8550_sub1	0	1	0	1	0	0	0	1
8550_sub2	0	1	0	1	0	0	0	1
8550_sub3	0	1	1	0	0	0	1	0
8550_sub4	0	1	1	0	0	0	1	0
8550_sub5	0	1	1	0	0	0	1	0
8550_sub6	0	1	1	0	0	0	1	0
8551_sub0	0	1	1	0	0	0	1	0
8551_sub1	1	13	3	10	3	10	0	0
8551_sub2	0	1	1	0	0	0	1	0
8551_sub3	0	1	1	0	0	0	1	0
8551_sub4	0	1	1	0	0	0	1	0
8551_sub5	0	1	0	1	0	0	0	1
8551_sub6	0	1	0	1	0	0	0	1
8551_sub7	0	1	0	1	0	0	0	1
8551_sub8	0	1	0	1	0	0	0	1
8552_sub0	0	1	0	1	0	0	0	1
8552_sub1	0	1	1	0	0	0	1	0
8552_sub2	0	1	0	1	0	0	0	1
8552_sub3	0	1	0	1	0	0	0	1
8552_sub4	0	1	1	0	0	0	1	0
8552_sub5	0	1	1	0	0	0	1	0
8555_sub0	0	1	0	1	0	0	0	1
8555_sub1	0	1	1	0	0	0	1	0
8555_sub2	0	1	0	1	0	0	0	1
8555_sub3	0	1	1	0	0	0	1	0
8555_sub4	0	1	0	1	0	0	0	1
8555_sub5	0	1	0	1	0	0	0	1
8555_sub6	0	1	1	0	0	0	1	0
8555_sub7	0	1	1	0	0	0	1	0
8556_sub0	0	1	0	1	0	0	0	1
8556_sub1	0	1	1	0	0	0	1	0
8556_sub2	0	1	1	0	0	0	1	0
8556_sub3	0	1	1	0	0	0	1	0
8556_sub4	0	1	0	1	0	0	0	1
8556_sub5	0	1	0	1	0	0	0	1
8556_sub6	0	1	1	0	0	0	1	0
8559_sub0	1	10	7	3	7	3	0	0
8559_sub1	0	1	0	1	0	0	0	1
8559_sub2	0	1	0	1	0	0	0	1
8563_sub0	0	1	0	1	0	0	0	1
8563_sub1	0	1	0	1	0	0	0	1
8563_sub2	0	1	0	1	0	0	0	1
8563_sub3	0	1	0	1	0	0	0	1
8563_sub4	0	1	1	0	0	0	1	0
8563_sub5	0	1	1	0	0	0	1	0
8565_sub0	0	1	1	0	0	0	1	0
8565_sub1	0	1	1	0	0	0	1	0
8565_sub2	0	1	1	0	0	0	1	0
8565_sub3	0	1	1	0	0	0	1	0
8565_sub4	0	1	1	0	0	0	1	0
8565_sub5	0	1	1	0	0	0	1	0
8565_sub6	0	1	0	1	0	0	0	1
8566_sub0	0	1	1	0	0	0	1	0
8566_sub1	0	1	0	1	0	0	0	1
8566_sub2	0	1	1	0	0	0	1	0
8566_sub3	0	1	1	0	0	0	1	0
8566_sub4	0	1	1	0	0	0	1	0
8566_sub5	0	1	1	0	0	0	1	0
8566_sub6	0	1	1	0	0	0	1	0
8569_sub0	0	1	1	0	0	0	1	0
8569_sub1	0	1	1	0	0	0	1	0
8569_sub2	0	1	0	1	0	0	0	1
8569_sub3	0	1	1	0	0	0	1	0
8569_sub4	0	1	1	0	0	0	1	0
8569_sub5	0	1	1	0	0	0	1	0
8572_sub0	0	1	0	1	0	0	0	1
8572_sub1	0	1	0	1	0	0	0	1
8572_sub2	0	1	1	0	0	0	1	0
8572_sub3	0	1	0	1	0	0	0	1
8572_sub4	0	1	0	1	0	0	0	1
8572_sub5	0	1	0	1	0	0	0	1
8573_sub0	0	1	1	0	0	0	1	0
8573_sub1	0	1	0	1	0	0	0	1
8573_sub2	0	1	1	0	0	0	1	0
8573_sub3	0	1	0	1	0	0	0	1
8573_sub4	0	1	1	0	0	0	1	0
8573_sub5	0	1	1	0	0	0	1	0
8573_sub6	0	1	1	0	0	0	1	0
8574_sub0	0	1	1	0	0	0	1	0
8574_sub1	0	1	0	1	0	0	0	1
8574_sub2	0	1	0	1	0	0	0	1
8574_sub3	0	1	0	1	0	0	0	1
8574_sub4	0	1	1	0	0	0	1	0
8574_sub5	0	1	1	0	0	0	1	0
8574_sub6	0	1	1	0	0	0	1	0
8574_sub7	0	1	1	0	0	0	1	0
8575_sub0	0	1	1	0	0	0	1	0
8575_sub1	1	6	3	3	3	3	0	0
8575_sub2	0	1	0	1	0	0	0	1
8577_sub0	0	1	1	0	0	0	1	0
8577_sub1	0	1	1	0	0	0	1	0
8577_sub2	0	2	1	1	0	0	1	1
8577_sub3	0	1	0	1	0	0	0	1
8577_sub4	0	1	1	0	0	0	1	0
8579_sub0	0	1	0	1	0	0	0	1
8579_sub1	0	1	1	0	0	0	1	0
8579_sub2	0	1	1	0	0	0	1	0
8579_sub3	0	1	0	1	0	0	0	1
8579_sub4	0	1	1	0	0	0	1	0
8579_sub5	0	1	1	0	0	0	1	0
858_sub0	0	1	0	1	0	0	0	1
858_sub1	0	1	1	0	0	0	1	0
858_sub2	1	22	8	14	8	12	0	2
858_sub3	0	1	0	1	0	0	0	1
858_sub4	0	1	0	1	0	0	0	1
858_sub5	0	1	1	0	0	0	1	0
858_sub6	0	1	0	1	0	0	0	1
858_sub7	0	1	0	1	0	0	0	1
8580_sub0	0	1	1	0	0	0	1	0
8580_sub1	1	7	3	4	3	4	0	0
8582_sub0	0	1	0	1	0	0	0	1
8582_sub1	1	14	7	7	7	7	0	0
8582_sub2	0	1	1	0	0	0	1	0
8582_sub3	0	1	0	1	0	0	0	1
8586_sub0	1	15	6	9	6	9	0	0
8586_sub1	0	1	1	0	0	0	1	0
8586_sub2	0	1	1	0	0	0	1	0
8586_sub3	0	1	1	0	0	0	1	0
8586_sub4	0	1	0	1	0	0	0	1
8586_sub5	0	1	0	1	0	0	0	1
8586_sub6	0	1	0	1	0	0	0	1
8586_sub7	0	1	1	0	0	0	1	0
8586_sub8	0	1	1	0	0	0	1	0
8586_sub9	0	1	0	1	0	0	0	1
8586_sub10	0	1	1	0	0	0	1	0
8586_sub11	0	1	0	1	0	0	0	1
8590_sub0	1	23	13	10	10	10	3	0
8590_sub1	0	1	0	1	0	0	0	1
8590_sub2	0	1	1	0	0	0	1	0
8590_sub3	0	1	1	0	0	0	1	0
8591_sub0	0	1	1	0	0	0	1	0
8591_sub1	1	8	5	3	5	3	0	0
8591_sub2	0	1	1	0	0	0	1	0
8591_sub3	0	1	1	0	0	0	1	0
8591_sub4	0	1	0	1	0	0	0	1
8594_sub0	1	23	12	11	10	10	2	1
8594_sub1	0	1	0	1	0	0	0	1
8594_sub2	0	1	0	1	0	0	0	1
8594_sub3	0	1	0	1	0	0	0	1
8598_sub0	1	10	2	8	2	8	0	0
8601_sub0	1	11	6	5	6	5	0	0
8601_sub1	0	1	0	1	0	0	0	1
8601_sub2	0	1	1	0	0	0	1	0
8602_sub0	0	1	1	0	0	0	1	0
8602_sub1	0	1	1	0	0	0	1	0
8602_sub2	0	1	1	0	0	0	1	0
8602_sub3	0	1	0	1	0	0	0	1
8602_sub4	0	1	1	0	0	0	1	0
8602_sub5	0	1	1	0	0	0	1	0
8605_sub0	0	1	0	1	0	0	0	1
8605_sub1	0	1	0	1	0	0	0	1
8605_sub2	0	1	0	1	0	0	0	1
8605_sub3	0	2	1	1	0	0	1	1
8605_sub4	0	1	0	1	0	0	0	1
8605_sub5	0	1	0	1	0	0	0	1
8605_sub6	0	1	1	0	0	0	1	0
8605_sub7	0	1	0	1	0	0	0	1
8605_sub8	0	1	0	1	0	0	0	1
861_sub0	0	1	0	1	0	0	0	1
861_sub1	0	1	1	0	0	0	1	0
861_sub2	0	1	0	1	0	0	0	1
861_sub3	0	1	0	1	0	0	0	1
861_sub4	0	1	0	1	0	0	0	1
861_sub5	0	1	0	1	0	0	0	1
861_sub6	0	1	1	0	0	0	1	0
8610_sub0	0	1	1	0	0	0	1	0
8610_sub1	0	1	1	0	0	0	1	0
8610_sub2	0	1	1	0	0	0	1	0
8610_sub3	0	1	1	0	0	0	1	0
8610_sub4	0	1	1	0	0	0	1	0
8610_sub5	0	1	0	1	0	0	0	1
8610_sub6	0	1	1	0	0	0	1	0
8612_sub0	1	12	7	5	7	5	0	0
8612_sub1	0	1	1	0	0	0	1	0
8612_sub2	0	1	0	1	0	0	0	1
8612_sub3	0	1	0	1	0	0	0	1
8613_sub0	1	17	5	12	5	12	0	0
8613_sub1	0	1	0	1	0	0	0	1
8613_sub2	0	1	1	0	0	0	1	0
8613_sub3	0	1	1	0	0	0	1	0
8613_sub4	0	1	0	1	0	0	0	1
8613_sub5	0	1	0	1	0	0	0	1
8616_sub0	0	1	1	0	0	0	1	0
8616_sub1	0	1	0	1	0	0	0	1
8616_sub2	0	1	1	0	0	0	1	0
8616_sub3	0	1	1	0	0	0	1	0
8616_sub4	0	1	1	0	0	0	1	0
8616_sub5	0	1	1	0	0	0	1	0
8616_sub6	0	1	1	0	0	0	1	0
8617_sub0	1	10	8	2	8	2	0	0
8617_sub1	0	1	0	1	0	0	0	1
8617_sub2	0	1	1	0	0	0	1	0
8617_sub3	0	1	1	0	0	0	1	0
8620_sub0	0	1	0	1	0	0	0	1
8620_sub1	0	1	0	1	0	0	0	1
8620_sub2	0	1	1	0	0	0	1	0
8620_sub3	0	1	1	0	0	0	1	0
8620_sub4	0	1	1	0	0	0	1	0
8620_sub5	0	1	1	0	0	0	1	0
8622_sub0	0	1	1	0	0	0	1	0
8622_sub1	0	1	0	1	0	0	0	1
8622_sub2	0	1	0	1	0	0	0	1
8622_sub3	0	1	1	0	0	0	1	0
8622_sub4	0	1	1	0	0	0	1	0
8622_sub5	0	1	0	1	0	0	0	1
8623_sub0	1	7	3	4	3	4	0	0
8623_sub1	0	1	1	0	0	0	1	0
8623_sub2	0	1	1	0	0	0	1	0
8623_sub3	0	1	1	0	0	0	1	0
8625_sub0	1	18	8	10	8	10	0	0
8626_sub0	0	1	1	0	0	0	1	0
8626_sub1	0	1	0	1	0	0	0	1
8626_sub2	0	1	1	0	0	0	1	0
8626_sub3	0	1	1	0	0	0	1	0
8626_sub4	0	1	1	0	0	0	1	0
8626_sub5	0	1	1	0	0	0	1	0
8626_sub6	0	1	0	1	0	0	0	1
8633_sub0	0	1	1	0	0	0	1	0
8633_sub1	0	1	1	0	0	0	1	0
8633_sub2	0	1	1	0	0	0	1	0
8633_sub3	0	1	0	1	0	0	0	1
8633_sub4	0	1	1	0	0	0	1	0
8633_sub5	0	1	0	1	0	0	0	1
8633_sub6	0	1	1	0	0	0	1	0
8635_sub0	0	1	1	0	0	0	1	0
8635_sub1	0	1	1	0	0	0	1	0
8635_sub2	0	1	1	0	0	0	1	0
8635_sub3	0	1	1	0	0	0	1	0
8635_sub4	0	1	1	0	0	0	1	0
8635_sub5	0	1	0	1	0	0	0	1
8635_sub6	0	1	1	0	0	0	1	0
8635_sub7	0	1	1	0	0	0	1	0
8636_sub0	1	22	9	13	9	11	0	2
8636_sub1	0	1	1	0	0	0	1	0
8636_sub2	0	1	0	1	0	0	0	1
8636_sub3	0	1	0	1	0	0	0	1
8636_sub4	0	1	0	1	0	0	0	1
8636_sub5	0	1	1	0	0	0	1	0
8639_sub0	1	9	6	3	6	3	0	0
8639_sub1	0	1	0	1	0	0	0	1
8639_sub2	0	1	1	0	0	0	1	0
8639_sub3	0	1	1	0	0	0	1	0
8640_sub0	1	24	11	13	10	10	1	3
8640_sub1	0	1	0	1	0	0	0	1
8640_sub2	0	1	0	1	0	0	0	1
8640_sub3	0	1	0	1	0	0	0	1
8640_sub4	0	1	0	1	0	0	0	1
8640_sub5	0	1	0	1	0	0	0	1
8641_sub0	1	8	4	4	4	4	0	0
8641_sub1	0	1	0	1	0	0	0	1
8641_sub2	0	1	1	0	0	0	1	0
8643_sub0	0	1	1	0	0	0	1	0
8643_sub1	1	8	5	3	5	3	0	0
8643_sub2	0	1	1	0	0	0	1	0
8643_sub3	0	1	0	1	0	0	0	1
8647_sub0	1	10	5	5	5	5	0	0
8647_sub1	0	1	1	0	0	0	1	0
8647_sub2	0	1	0	1	0	0	0	1
8647_sub3	0	1	1	0	0	0	1	0
8647_sub4	0	1	0	1	0	0	0	1
8648_sub0	0	1	1	0	0	0	1	0
8648_sub1	0	1	0	1	0	0	0	1
8648_sub2	0	1	1	0	0	0	1	0
8648_sub3	0	1	1	0	0	0	1	0
8648_sub4	0	1	0	1	0	0	0	1
8648_sub5	0	1	0	1	0	0	0	1
8648_sub6	0	1	0	1	0	0	0	1
8651_sub0	0	1	1	0	0	0	1	0
8651_sub1	1	10	6	4	6	4	0	0
8654_sub0	0	1	1	0	0	0	1	0
8654_sub1	0	1	1	0	0	0	1	0
8654_sub2	0	1	0	1	0	0	0	1
8654_sub3	0	1	1	0	0	0	1	0
8654_sub4	0	1	1	0	0	0	1	0
8654_sub5	0	1	1	0	0	0	1	0
8654_sub6	0	1	1	0	0	0	1	0
8654_sub7	0	1	0	1	0	0	0	1
8656_sub0	0	1	0	1	0	0	0	1
8656_sub1	0	1	1	0	0	0	1	0
8656_sub2	0	1	1	0	0	0	1	0
8656_sub3	0	1	0	1	0	0	0	1
8656_sub4	0	1	0	1	0	0	0	1
8656_sub5	0	1	0	1	0	0	0	1
8658_sub0	0	1	0	1	0	0	0	1
8658_sub1	1	6	3	3	3	3	0	0
8658_sub2	0	1	0	1	0	0	0	1
866_sub0	0	1	0	1	0	0	0	1
866_sub1	0	4	2	2	0	0	2	2
866_sub2	0	1	1	0	0	0	1	0
866_sub3	0	1	1	0	0	0	1	0
866_sub4	0	1	1	0	0	0	1	0
866_sub5	0	1	1	0	0	0	1	0
8661_sub0	1	13	5	8	5	8	0	0
8661_sub1	0	1	0	1	0	0	0	1
8661_sub2	0	1	0	1	0	0	0	1
8661_sub3	0	1	0	1	0	0	0	1
8663_sub0	1	10	2	8	2	8	0	0
8663_sub1	0	1	0	1	0	0	0	1
8664_sub0	0	1	1	0	0	0	1	0
8664_sub1	0	1	0	1	0	0	0	1
8664_sub2	0	1	1	0	0	0	1	0
8664_sub3	0	1	1	0	0	0	1	0
8664_sub4	0	1	1	0	0	0	1	0
8664_sub5	0	1	1	0	0	0	1	0
8664_sub6	0	1	0	1	0	0	0	1
8664_sub7	0	1	1	0	0	0	1	0
8665_sub0	0	1	0	1	0	0	0	1
8665_sub1	0	1	0	1	0	0	0	1
8665_sub2	0	2	1	1	0	0	1	1
8665_sub3	0	1	1	0	0	0	1	0
8665_sub4	0	1	0	1	0	0	0	1
8666_sub0	0	1	1	0	0	0	1	0
8666_sub1	0	1	1	0	0	0	1	0
8666_sub2	0	1	0	1	0	0	0	1
8666_sub3	0	1	0	1	0	0	0	1
8666_sub4	0	1	0	1	0	0	0	1
8666_sub5	0	1	0	1	0	0	0	1
8670_sub0	0	1	1	0	0	0	1	0
8670_sub1	0	1	1	0	0	0	1	0
8670_sub2	0	1	0	1	0	0	0	1
8670_sub3	0	1	0	1	0	0	0	1
8670_sub4	0	1	0	1	0	0	0	1
8670_sub5	0	1	1	0	0	0	1	0
8670_sub6	0	1	0	1	0	0	0	1
8670_sub7	0	1	1	0	0	0	1	0
8672_sub0	1	11	5	6	5	6	0	0
8672_sub1	0	1	1	0	0	0	1	0
8672_sub2	0	1	0	1	0	0	0	1
8672_sub3	0	1	1	0	0	0	1	0
8674_sub0	1	16	10	6	10	6	0	0
8674_sub1	0	1	0	1	0	0	0	1
8674_sub2	0	1	1	0	0	0	1	0
8674_sub3	0	1	1	0	0	0	1	0
8676_sub0	0	5	2	3	0	0	2	3
8676_sub1	0	1	1	0	0	0	1	0
8676_sub2	0	1	0	1	0	0	0	1
8676_sub3	0	1	0	1	0	0	0	1
8678_sub0	0	1	1	0	0	0	1	0
8678_sub1	0	1	1	0	0	0	1	0
8678_sub2	0	1	1	0	0	0	1	0
8678_sub3	0	1	1	0	0	0	1	0
8678_sub4	0	1	1	0	0	0	1	0
8678_sub5	0	1	0	1	0	0	0	1
8678_sub6	0	1	0	1	0	0	0	1
8678_sub7	0	1	1	0	0	0	1	0
8678_sub8	0	1	0	1	0	0	0	1
8679_sub0	1	10	5	5	5	5	0	0
8679_sub1	0	1	0	1	0	0	0	1
8679_sub2	0	1	1	0	0	0	1	0
8679_sub3	0	1	1	0	0	0	1	0
8679_sub4	0	1	1	0	0	0	1	0
8683_sub0	1	20	7	13	7	13	0	0
8683_sub1	0	1	0	1	0	0	0	1
8683_sub2	0	1	0	1	0	0	0	1
8683_sub3	0	1	0	1	0	0	0	1
8683_sub4	0	1	0	1	0	0	0	1
8683_sub5	0	1	0	1	0	0	0	1
8683_sub6	0	1	1	0	0	0	1	0
8683_sub7	0	1	1	0	0	0	1	0
8683_sub8	0	1	1	0	0	0	1	0
8683_sub9	0	1	0	1	0	0	0	1
8683_sub10	0	1	0	1	0	0	0	1
8684_sub0	1	7	4	3	4	3	0	0
8684_sub1	0	1	1	0	0	0	1	0
8684_sub2	0	1	0	1	0	0	0	1
8689_sub0	0	1	0	1	0	0	0	1
8689_sub1	0	1	1	0	0	0	1	0
8689_sub2	0	1	1	0	0	0	1	0
8689_sub3	0	1	0	1	0	0	0	1
8689_sub4	0	1	1	0	0	0	1	0
8689_sub5	0	1	0	1	0	0	0	1
8692_sub0	1	6	2	4	2	4	0	0
8692_sub1	0	1	0	1	0	0	0	1
8692_sub2	0	1	1	0	0	0	1	0
8701_sub0	0	1	1	0	0	0	1	0
8701_sub1	0	1	1	0	0	0	1	0
8701_sub2	0	2	0	2	0	0	0	2
8701_sub3	0	1	1	0	0	0	1	0
8701_sub4	0	1	0	1	0	0	0	1
8701_sub5	0	1	1	0	0	0	1	0
8701_sub6	0	1	0	1	0	0	0	1
8706_sub0	1	9	3	6	3	6	0	0
8706_sub1	0	1	1	0	0	0	1	0
8706_sub2	0	1	0	1	0	0	0	1
8706_sub3	0	1	1	0	0	0	1	0
8706_sub4	0	1	1	0	0	0	1	0
8706_sub5	0	1	0	1	0	0	0	1
8706_sub6	0	1	0	1	0	0	0	1
8706_sub7	0	1	0	1	0	0	0	1
8706_sub8	0	1	0	1	0	0	0	1
8707_sub0	1	12	4	8	4	8	0	0
8707_sub1	0	1	1	0	0	0	1	0
8707_sub2	0	1	0	1	0	0	0	1
8707_sub3	0	1	0	1	0	0	0	1
8707_sub4	0	1	0	1	0	0	0	1
8708_sub0	0	1	1	0	0	0	1	0
8708_sub1	0	1	1	0	0	0	1	0
8708_sub2	0	1	0	1	0	0	0	1
8708_sub3	0	1	1	0	0	0	1	0
8708_sub4	0	1	1	0	0	0	1	0
8708_sub5	0	1	0	1	0	0	0	1
8708_sub6	0	1	1	0	0	0	1	0
8708_sub7	0	1	0	1	0	0	0	1
8708_sub8	0	1	1	0	0	0	1	0
8708_sub9	0	1	1	0	0	0	1	0
8708_sub10	0	1	0	1	0	0	0	1
8709_sub0	0	1	1	0	0	0	1	0
8709_sub1	0	1	0	1	0	0	0	1
8709_sub2	0	1	1	0	0	0	1	0
8709_sub3	0	1	0	1	0	0	0	1
8709_sub4	0	1	0	1	0	0	0	1
8709_sub5	0	1	0	1	0	0	0	1
871_sub0	0	1	0	1	0	0	0	1
871_sub1	0	1	1	0	0	0	1	0
871_sub2	1	17	12	5	12	5	0	0
871_sub3	0	1	0	1	0	0	0	1
871_sub4	0	1	1	0	0	0	1	0
871_sub5	0	1	0	1	0	0	0	1
871_sub6	0	1	1	0	0	0	1	0
871_sub7	0	1	1	0	0	0	1	0
8711_sub0	0	1	0	1	0	0	0	1
8711_sub1	0	1	0	1	0	0	0	1
8711_sub2	0	1	0	1	0	0	0	1
8711_sub3	0	1	1	0	0	0	1	0
8711_sub4	0	1	1	0	0	0	1	0
8711_sub5	0	1	1	0	0	0	1	0
8711_sub6	0	1	0	1	0	0	0	1
8717_sub0	1	10	4	6	4	6	0	0
8717_sub1	0	1	0	1	0	0	0	1
8717_sub2	0	1	1	0	0	0	1	0
8719_sub0	1	9	4	5	4	5	0	0
8719_sub1	0	1	0	1	0	0	0	1
8719_sub2	0	1	1	0	0	0	1	0
8719_sub3	0	1	0	1	0	0	0	1
8720_sub0	0	1	0	1	0	0	0	1
8720_sub1	0	1	0	1	0	0	0	1
8720_sub2	0	1	1	0	0	0	1	0
8720_sub3	0	1	0	1	0	0	0	1
8720_sub4	0	1	1	0	0	0	1	0
8720_sub5	0	1	0	1	0	0	0	1
8720_sub6	0	1	0	1	0	0	0	1
8720_sub7	0	1	1	0	0	0	1	0
8726_sub0	1	15	4	11	4	11	0	0
8726_sub1	0	1	0	1	0	0	0	1
8726_sub2	0	1	1	0	0	0	1	0
8726_sub3	0	1	1	0	0	0	1	0
8726_sub4	0	1	0	1	0	0	0	1
8726_sub5	0	1	1	0	0	0	1	0
8728_sub0	0	2	1	1	0	0	1	1
8728_sub1	0	1	0	1	0	0	0	1
8728_sub2	0	1	1	0	0	0	1	0
8728_sub3	0	1	1	0	0	0	1	0
8728_sub4	0	1	0	1	0	0	0	1
8732_sub0	0	1	1	0	0	0	1	0
8732_sub1	0	1	0	1	0	0	0	1
8732_sub2	0	1	0	1	0	0	0	1
8732_sub3	0	1	0	1	0	0	0	1
8732_sub4	0	1	0	1	0	0	0	1
8732_sub5	0	1	1	0	0	0	1	0
8732_sub6	0	1	0	1	0	0	0	1
8732_sub7	0	1	1	0	0	0	1	0
8732_sub8	0	1	1	0	0	0	1	0
8732_sub9	0	1	1	0	0	0	1	0
8732_sub10	0	1	1	0	0	0	1	0
8732_sub11	0	1	0	1	0	0	0	1
8733_sub0	0	1	0	1	0	0	0	1
8733_sub1	0	1	0	1	0	0	0	1
8733_sub2	0	1	0	1	0	0	0	1
8733_sub3	0	1	0	1	0	0	0	1
8733_sub4	0	1	1	0	0	0	1	0
8733_sub5	0	1	0	1	0	0	0	1
8733_sub6	0	1	1	0	0	0	1	0
8733_sub7	0	1	1	0	0	0	1	0
8733_sub8	0	1	1	0	0	0	1	0
8736_sub0	0	1	0	1	0	0	0	1
8736_sub1	0	1	1	0	0	0	1	0
8736_sub2	0	1	0	1	0	0	0	1
8736_sub3	0	1	0	1	0	0	0	1
8736_sub4	0	1	0	1	0	0	0	1
8736_sub5	0	1	0	1	0	0	0	1
8736_sub6	0	1	0	1	0	0	0	1
8736_sub7	0	1	0	1	0	0	0	1
8736_sub8	0	1	1	0	0	0	1	0
8736_sub9	0	1	1	0	0	0	1	0
8736_sub10	0	1	1	0	0	0	1	0
8736_sub11	0	1	1	0	0	0	1	0
8739_sub0	1	7	5	2	5	2	0	0
8739_sub1	0	1	1	0	0	0	1	0
8739_sub2	0	1	1	0	0	0	1	0
8739_sub3	0	1	1	0	0	0	1	0
8739_sub4	0	1	0	1	0	0	0	1
8741_sub0	1	23	12	11	10	10	2	1
8741_sub1	0	1	1	0	0	0	1	0
8741_sub2	0	1	0	1	0	0	0	1
8741_sub3	0	1	1	0	0	0	1	0
8744_sub0	0	1	0	1	0	0	0	1
8744_sub1	0	1	1	0	0	0	1	0
8744_sub2	0	1	1	0	0	0	1	0
8744_sub3	0	1	1	0	0	0	1	0
8744_sub4	0	1	0	1	0	0	0	1
8744_sub5	0	1	0	1	0	0	0	1
8744_sub6	0	1	0	1	0	0	0	1
875_sub0	0	1	0	1	0	0	0	1
875_sub1	1	14	8	6	8	6	0	0
875_sub2	0	1	1	0	0	0	1	0
875_sub3	0	1	0	1	0	0	0	1
8752_sub0	0	1	0	1	0	0	0	1
8752_sub1	0	1	1	0	0	0	1	0
8752_sub2	0	1	0	1	0	0	0	1
8752_sub3	0	1	0	1	0	0	0	1
8752_sub4	0	1	1	0	0	0	1	0
8752_sub5	0	1	0	1	0	0	0	1
8755_sub0	1	10	4	6	4	6	0	0
8755_sub1	0	1	0	1	0	0	0	1
8755_sub2	0	1	1	0	0	0	1	0
8755_sub3	0	1	1	0	0	0	1	0
8755_sub4	0	1	1	0	0	0	1	0
8756_sub0	1	17	8	9	8	9	0	0
8756_sub1	0	1	1	0	0	0	1	0
8759_sub0	0	1	1	0	0	0	1	0
8759_sub1	0	1	0	1	0	0	0	1
8759_sub2	0	1	0	1	0	0	0	1
8759_sub3	0	1	1	0	0	0	1	0
8759_sub4	0	1	0	1	0	0	0	1
8759_sub5	0	1	1	0	0	0	1	0
8759_sub6	0	1	0	1	0	0	0	1
876_sub0	0	1	1	0	0	0	1	0
876_sub1	0	1	0	1	0	0	0	1
876_sub2	1	23	14	9	11	9	3	0
876_sub3	0	1	0	1	0	0	0	1
876_sub4	0	1	0	1	0	0	0	1
876_sub5	0	1	0	1	0	0	0	1
8764_sub0	0	1	0	1	0	0	0	1
8764_sub1	0	1	1	0	0	0	1	0
8764_sub2	0	1	1	0	0	0	1	0
8764_sub3	0	1	0	1	0	0	0	1
8764_sub4	0	1	0	1	0	0	0	1
8764_sub5	0	1	0	1	0	0	0	1
8764_sub6	0	1	1	0	0	0	1	0
8764_sub7	0	1	1	0	0	0	1	0
8764_sub8	0	1	1	0	0	0	1	0
877_sub0	0	1	1	0	0	0	1	0
877_sub1	1	7	3	4	3	4	0	0
877_sub2	0	1	1	0	0	0	1	0
877_sub3	0	1	0	1	0	0	0	1
8774_sub0	0	1	0	1	0	0	0	1
8774_sub1	0	1	0	1	0	0	0	1
8774_sub2	0	1	0	1	0	0	0	1
8774_sub3	0	1	0	1	0	0	0	1
8774_sub4	0	1	0	1	0	0	0	1
8774_sub5	0	1	0	1	0	0	0	1
8774_sub6	0	1	0	1	0	0	0	1
8774_sub7	0	1	0	1	0	0	0	1
8774_sub8	0	1	1	0	0	0	1	0
878_sub0	0	1	0	1	0	0	0	1
878_sub1	1	8	3	5	3	5	0	0
878_sub2	0	1	0	1	0	0	0	1
8789_sub0	0	1	0	1	0	0	0	1
8789_sub1	0	1	1	0	0	0	1	0
8789_sub2	0	1	1	0	0	0	1	0
8789_sub3	0	1	1	0	0	0	1	0
8789_sub4	0	1	1	0	0	0	1	0
8789_sub5	0	1	0	1	0	0	0	1
8789_sub6	0	1	1	0	0	0	1	0
8791_sub0	1	25	15	10	10	10	5	0
8791_sub1	0	2	1	1	0	0	1	1
8791_sub2	0	1	0	1	0	0	0	1
8791_sub3	0	1	1	0	0	0	1	0
8791_sub4	0	1	1	0	0	0	1	0
8791_sub5	0	1	1	0	0	0	1	0
8791_sub6	0	1	0	1	0	0	0	1
8793_sub0	0	1	1	0	0	0	1	0
8793_sub1	0	3	1	2	0	0	1	2
8793_sub2	0	1	0	1	0	0	0	1
8793_sub3	0	1	0	1	0	0	0	1
8796_sub0	0	1	0	1	0	0	0	1
8796_sub1	1	7	5	2	5	2	0	0
8796_sub2	0	1	1	0	0	0	1	0
8797_sub0	0	1	1	0	0	0	1	0
8797_sub1	0	1	0	1	0	0	0	1
8797_sub2	0	1	1	0	0	0	1	0
8797_sub3	0	1	1	0	0	0	1	0
8797_sub4	0	1	0	1	0	0	0	1
8797_sub5	0	1	0	1	0	0	0	1
8797_sub6	0	1	0	1	0	0	0	1
8798_sub0	0	1	0	1	0	0	0	1
8798_sub1	0	1	1	0	0	0	1	0
8798_sub2	0	1	0	1	0	0	0	1
8798_sub3	0	1	0	1	0	0	0	1
8798_sub4	0	1	0	1	0	0	0	1
8798_sub5	0	1	0	1	0	0	0	1
8798_sub6	0	1	1	0	0	0	1	0
8798_sub7	0	1	0	1	0	0	0	1
8799_sub0	1	13	8	5	8	5	0	0
8799_sub1	0	1	1	0	0	0	1	0
8799_sub2	0	1	0	1	0	0	0	1
8799_sub3	0	1	0	1	0	0	0	1
88_sub0	0	1	1	0	0	0	1	0
88_sub1	1	14	8	6	8	6	0	0
88_sub2	0	1	1	0	0	0	1	0
88_sub3	0	1	1	0	0	0	1	0
88_sub4	0	1	0	1	0	0	0	1
88_sub5	0	1	0	1	0	0	0	1
8806_sub0	1	10	5	5	5	5	0	0
8806_sub1	0	1	0	1	0	0	0	1
8806_sub2	0	1	0	1	0	0	0	1
8806_sub3	0	1	0	1	0	0	0	1
8811_sub0	0	2	1	1	0	0	1	1
8811_sub1	0	1	1	0	0	0	1	0
8811_sub2	0	1	1	0	0	0	1	0
8811_sub3	0	1	0	1	0	0	0	1
8811_sub4	0	1	1	0	0	0	1	0
8814_sub0	0	1	0	1	0	0	0	1
8814_sub1	0	1	1	0	0	0	1	0
8814_sub2	0	1	0	1	0	0	0	1
8814_sub3	0	1	1	0	0	0	1	0
8814_sub4	0	1	0	1	0	0	0	1
8814_sub5	0	1	0	1	0	0	0	1
8814_sub6	0	1	1	0	0	0	1	0
8814_sub7	0	1	0	1	0	0	0	1
8816_sub0	0	1	1	0	0	0	1	0
8816_sub1	0	1	0	1	0	0	0	1
8816_sub2	0	1	1	0	0	0	1	0
8816_sub3	0	1	1	0	0	0	1	0
8816_sub4	0	1	0	1	0	0	0	1
8816_sub5	0	1	1	0	0	0	1	0
8816_sub6	0	1	1	0	0	0	1	0
8816_sub7	0	1	0	1	0	0	0	1
8818_sub0	1	12	5	7	5	7	0	0
8818_sub1	0	1	1	0	0	0	1	0
8818_sub2	0	1	0	1	0	0	0	1
8818_sub3	0	1	0	1	0	0	0	1
8818_sub4	0	1	0	1	0	0	0	1
8818_sub5	0	1	1	0	0	0	1	0
882_sub0	0	1	1	0	0	0	1	0
882_sub1	0	1	1	0	0	0	1	0
882_sub2	1	15	7	8	7	8	0	0
8823_sub0	1	24	6	18	6	14	0	4
8823_sub1	0	1	0	1	0	0	0	1
8823_sub2	0	1	1	0	0	0	1	0
8823_sub3	0	1	1	0	0	0	1	0
8823_sub4	0	1	1	0	0	0	1	0
8824_sub0	0	1	1	0	0	0	1	0
8824_sub1	0	4	2	2	0	0	2	2
8824_sub2	0	1	1	0	0	0	1	0
8824_sub3	0	1	0	1	0	0	0	1
8824_sub4	0	1	1	0	0	0	1	0
8824_sub5	0	1	1	0	0	0	1	0
8824_sub6	0	1	0	1	0	0	0	1
8824_sub7	0	1	0	1	0	0	0	1
8824_sub8	0	1	1	0	0	0	1	0
8824_sub9	0	1	0	1	0	0	0	1
8824_sub10	0	1	1	0	0	0	1	0
8824_sub11	0	1	1	0	0	0	1	0
8824_sub12	0	1	1	0	0	0	1	0
8824_sub13	0	1	1	0	0	0	1	0
8824_sub14	0	1	1	0	0	0	1	0
8825_sub0	0	1	0	1	0	0	0	1
8825_sub1	0	1	1	0	0	0	1	0
8825_sub2	0	1	0	1	0	0	0	1
8825_sub3	0	1	1	0	0	0	1	0
8825_sub4	0	1	0	1	0	0	0	1
8825_sub5	0	1	0	1	0	0	0	1
8831_sub0	1	20	12	8	12	8	0	0
8831_sub1	0	1	0	1	0	0	0	1
8831_sub2	0	1	0	1	0	0	0	1
8831_sub3	0	1	0	1	0	0	0	1
8831_sub4	0	1	0	1	0	0	0	1
8831_sub5	0	1	0	1	0	0	0	1
8832_sub0	1	16	8	8	8	8	0	0
8832_sub1	0	1	0	1	0	0	0	1
8832_sub2	0	1	1	0	0	0	1	0
8832_sub3	0	1	0	1	0	0	0	1
8832_sub4	0	1	0	1	0	0	0	1
8832_sub5	0	1	0	1	0	0	0	1
8832_sub6	0	1	0	1	0	0	0	1
8832_sub7	0	1	1	0	0	0	1	0
8832_sub8	0	1	1	0	0	0	1	0
8832_sub9	0	1	0	1	0	0	0	1
8833_sub0	0	1	1	0	0	0	1	0
8833_sub1	0	1	1	0	0	0	1	0
8833_sub2	0	1	1	0	0	0	1	0
8833_sub3	0	1	1	0	0	0	1	0
8833_sub4	0	1	1	0	0	0	1	0
8833_sub5	0	1	0	1	0	0	0	1
8841_sub0	0	1	1	0	0	0	1	0
8841_sub1	0	1	0	1	0	0	0	1
8841_sub2	0	1	0	1	0	0	0	1
8841_sub3	0	1	1	0	0	0	1	0
8841_sub4	0	1	1	0	0	0	1	0
8841_sub5	0	1	0	1	0	0	0	1
8842_sub0	0	1	0	1	0	0	0	1
8842_sub1	0	1	0	1	0	0	0	1
8842_sub2	0	1	1	0	0	0	1	0
8842_sub3	0	1	0	1	0	0	0	1
8842_sub4	0	1	0	1	0	0	0	1
8842_sub5	0	1	1	0	0	0	1	0
8843_sub0	0	1	1	0	0	0	1	0
8843_sub1	0	2	2	0	0	0	2	0
8843_sub2	0	1	1	0	0	0	1	0
8843_sub3	0	1	0	1	0	0	0	1
8843_sub4	0	1	1	0	0	0	1	0
8844_sub0	0	1	0	1	0	0	0	1
8844_sub1	0	1	0	1	0	0	0	1
8844_sub2	0	1	1	0	0	0	1	0
8844_sub3	1	14	7	7	7	7	0	0
8844_sub4	0	1	1	0	0	0	1	0
8844_sub5	0	1	0	1	0	0	0	1
8844_sub6	0	1	1	0	0	0	1	0
8844_sub7	0	1	1	0	0	0	1	0
8844_sub8	0	1	0	1	0	0	0	1
8847_sub0	0	1	0	1	0	0	0	1
8847_sub1	0	1	0	1	0	0	0	1
8847_sub2	0	1	1	0	0	0	1	0
8847_sub3	0	1	1	0	0	0	1	0
8847_sub4	0	1	0	1	0	0	0	1
8847_sub5	0	1	1	0	0	0	1	0
8847_sub6	0	1	0	1	0	0	0	1
8850_sub0	0	1	0	1	0	0	0	1
8850_sub1	0	1	1	0	0	0	1	0
8850_sub2	0	2	0	2	0	0	0	2
8850_sub3	0	1	0	1	0	0	0	1
8850_sub4	0	1	1	0	0	0	1	0
8850_sub5	0	1	0	1	0	0	0	1
8850_sub6	0	1	1	0	0	0	1	0
8850_sub7	0	1	1	0	0	0	1	0
8850_sub8	0	1	0	1	0	0	0	1
8851_sub0	0	1	0	1	0	0	0	1
8851_sub1	0	1	0	1	0	0	0	1
8851_sub2	0	1	0	1	0	0	0	1
8851_sub3	0	1	0	1	0	0	0	1
8851_sub4	0	1	0	1	0	0	0	1
8851_sub5	0	1	1	0	0	0	1	0
8851_sub6	0	1	1	0	0	0	1	0
886_sub0	0	1	0	1	0	0	0	1
886_sub1	1	18	9	9	9	9	0	0
886_sub2	0	1	1	0	0	0	1	0
886_sub3	0	1	0	1	0	0	0	1
8860_sub0	0	1	0	1	0	0	0	1
8860_sub1	0	1	0	1	0	0	0	1
8860_sub2	0	1	0	1	0	0	0	1
8860_sub3	0	1	0	1	0	0	0	1
8860_sub4	0	1	1	0	0	0	1	0
8860_sub5	0	1	1	0	0	0	1	0
8861_sub0	0	1	1	0	0	0	1	0
8861_sub1	0	1	1	0	0	0	1	0
8861_sub2	0	1	0	1	0	0	0	1
8861_sub3	0	1	1	0	0	0	1	0
8861_sub4	0	1	1	0	0	0	1	0
8861_sub5	0	1	0	1	0	0	0	1
8861_sub6	0	1	0	1	0	0	0	1
8865_sub0	0	1	1	0	0	0	1	0
8865_sub1	0	1	1	0	0	0	1	0
8865_sub2	0	1	1	0	0	0	1	0
8865_sub3	0	1	1	0	0	0	1	0
8865_sub4	0	1	0	1	0	0	0	1
8865_sub5	0	1	0	1	0	0	0	1
8865_sub6	0	1	0	1	0	0	0	1
8868_sub0	0	1	0	1	0	0	0	1
8868_sub1	1	15	6	9	6	9	0	0
8868_sub2	0	1	1	0	0	0	1	0
8868_sub3	0	1	0	1	0	0	0	1
8868_sub4	0	1	0	1	0	0	0	1
8870_sub0	0	1	0	1	0	0	0	1
8870_sub1	1	10	6	4	6	4	0	0
8870_sub2	0	1	1	0	0	0	1	0
8871_sub0	0	1	1	0	0	0	1	0
8871_sub1	0	1	1	0	0	0	1	0
8871_sub2	0	1	0	1	0	0	0	1
8871_sub3	0	1	0	1	0	0	0	1
8871_sub4	0	1	1	0	0	0	1	0
8871_sub5	0	1	0	1	0	0	0	1
8871_sub6	0	1	1	0	0	0	1	0
8871_sub7	0	1	0	1	0	0	0	1
8871_sub8	0	1	0	1	0	0	0	1
8871_sub9	0	1	0	1	0	0	0	1
8871_sub10	0	1	1	0	0	0	1	0
8872_sub0	1	7	4	3	4	3	0	0
8872_sub1	0	1	0	1	0	0	0	1
8872_sub2	0	1	1	0	0	0	1	0
8872_sub3	0	1	0	1	0	0	0	1
8872_sub4	0	1	1	0	0	0	1	0
8874_sub0	0	1	1	0	0	0	1	0
8874_sub1	0	1	1	0	0	0	1	0
8874_sub2	0	1	1	0	0	0	1	0
8874_sub3	0	1	0	1	0	0	0	1
8874_sub4	0	1	0	1	0	0	0	1
8874_sub5	0	1	1	0	0	0	1	0
8877_sub0	1	24	7	17	7	13	0	4
8877_sub1	0	1	0	1	0	0	0	1
8877_sub2	0	1	1	0	0	0	1	0
8877_sub3	0	1	0	1	0	0	0	1
8877_sub4	0	1	0	1	0	0	0	1
8877_sub5	0	1	1	0	0	0	1	0
8877_sub6	0	1	0	1	0	0	0	1
8877_sub7	0	1	0	1	0	0	0	1
8877_sub8	0	1	1	0	0	0	1	0
8877_sub9	0	1	0	1	0	0	0	1
8877_sub10	0	1	1	0	0	0	1	0
8879_sub0	0	1	1	0	0	0	1	0
8879_sub1	0	1	1	0	0	0	1	0
8879_sub2	0	1	0	1	0	0	0	1
8879_sub3	0	1	0	1	0	0	0	1
8879_sub4	0	1	0	1	0	0	0	1
8879_sub5	0	1	1	0	0	0	1	0
8879_sub6	0	1	0	1	0	0	0	1
8879_sub7	0	1	1	0	0	0	1	0
888_sub0	0	1	1	0	0	0	1	0
888_sub1	0	1	1	0	0	0	1	0
888_sub2	0	1	1	0	0	0	1	0
888_sub3	0	1	1	0	0	0	1	0
888_sub4	0	1	1	0	0	0	1	0
888_sub5	0	1	0	1	0	0	0	1
888_sub6	0	1	0	1	0	0	0	1
8881_sub0	0	2	1	1	0	0	1	1
8881_sub1	0	1	0	1	0	0	0	1
8881_sub2	0	1	1	0	0	0	1	0
8881_sub3	0	1	0	1	0	0	0	1
8881_sub4	0	1	0	1	0	0	0	1
8881_sub5	0	1	0	1	0	0	0	1
8884_sub0	1	17	12	5	12	5	0	0
8884_sub1	0	1	1	0	0	0	1	0
8884_sub2	0	1	0	1	0	0	0	1
8884_sub3	0	1	0	1	0	0	0	1
8887_sub0	1	11	5	6	5	6	0	0
8887_sub1	0	1	1	0	0	0	1	0
8887_sub2	0	1	1	0	0	0	1	0
889_sub0	0	1	0	1	0	0	0	1
889_sub1	0	1	0	1	0	0	0	1
889_sub2	1	13	6	7	6	7	0	0
889_sub3	0	1	0	1	0	0	0	1
8890_sub0	0	1	0	1	0	0	0	1
8890_sub1	0	3	2	1	0	0	2	1
8890_sub2	0	1	0	1	0	0	0	1
8890_sub3	0	1	1	0	0	0	1	0
8890_sub4	0	1	0	1	0	0	0	1
8898_sub0	0	1	1	0	0	0	1	0
8898_sub1	0	1	0	1	0	0	0	1
8898_sub2	0	1	0	1	0	0	0	1
8898_sub3	0	1	1	0	0	0	1	0
8898_sub4	0	1	0	1	0	0	0	1
8898_sub5	0	1	1	0	0	0	1	0
8898_sub6	0	1	0	1	0	0	0	1
8898_sub7	0	1	0	1	0	0	0	1
8899_sub0	0	1	0	1	0	0	0	1
8899_sub1	0	1	0	1	0	0	0	1
8899_sub2	0	1	0	1	0	0	0	1
8899_sub3	0	1	1	0	0	0	1	0
8899_sub4	0	1	1	0	0	0	1	0
8899_sub5	0	1	0	1	0	0	0	1
8899_sub6	0	1	1	0	0	0	1	0
8899_sub7	0	1	0	1	0	0	0	1
89_sub0	0	1	1	0	0	0	1	0
89_sub1	0	1	1	0	0	0	1	0
89_sub2	1	11	9	2	9	2	0	0
8905_sub0	1	12	9	3	9	3	0	0
8905_sub1	0	1	0	1	0	0	0	1
8906_sub0	1	20	11	9	11	9	0	0
8906_sub1	0	1	1	0	0	0	1	0
8906_sub2	0	1	0	1	0	0	0	1
8906_sub3	0	1	1	0	0	0	1	0
8906_sub4	0	1	0	1	0	0	0	1
8906_sub5	0	1	0	1	0	0	0	1
8906_sub6	0	1	0	1	0	0	0	1
8907_sub0	1	7	3	4	3	4	0	0
8907_sub1	0	1	1	0	0	0	1	0
8907_sub2	0	1	1	0	0	0	1	0
8909_sub0	0	1	0	1	0	0	0	1
8909_sub1	0	1	1	0	0	0	1	0
8909_sub2	0	1	0	1	0	0	0	1
8909_sub3	0	1	0	1	0	0	0	1
8909_sub4	0	1	1	0	0	0	1	0
8909_sub5	0	1	0	1	0	0	0	1
8909_sub6	0	1	0	1	0	0	0	1
8909_sub7	0	1	0	1	0	0	0	1
8910_sub0	0	1	0	1	0	0	0	1
8910_sub1	0	1	0	1	0	0	0	1
8910_sub2	0	1	0	1	0	0	0	1
8910_sub3	0	1	1	0	0	0	1	0
8910_sub4	0	1	0	1	0	0	0	1
8910_sub5	0	1	1	0	0	0	1	0
8910_sub6	0	1	0	1	0	0	0	1
8910_sub7	0	1	0	1	0	0	0	1
8913_sub0	0	1	0	1	0	0	0	1
8913_sub1	0	1	0	1	0	0	0	1
8913_sub2	1	6	2	4	2	4	0	0
8913_sub3	0	1	0	1	0	0	0	1
8915_sub0	1	10	3	7	3	7	0	0
8915_sub1	0	1	1	0	0	0	1	0
8915_sub2	0	1	0	1	0	0	0	1
8915_sub3	0	1	1	0	0	0	1	0
8915_sub4	0	1	1	0	0	0	1	0
8918_sub0	0	1	1	0	0	0	1	0
8918_sub1	1	11	7	4	7	4	0	0
8918_sub2	0	1	1	0	0	0	1	0
8919_sub0	1	16	10	6	10	6	0	0
8919_sub1	0	1	1	0	0	0	1	0
8919_sub2	0	1	1	0	0	0	1	0
8919_sub3	0	1	1	0	0	0	1	0
8919_sub4	0	1	1	0	0	0	1	0
8919_sub5	0	1	0	1	0	0	0	1
8920_sub0	1	14	9	5	9	5	0	0
8920_sub1	0	1	1	0	0	0	1	0
8920_sub2	0	1	1	0	0	0	1	0
8920_sub3	0	1	0	1	0	0	0	1
8924_sub0	0	1	1	0	0	0	1	0
8924_sub1	0	1	0	1	0	0	0	1
8924_sub2	0	1	0	1	0	0	0	1
8924_sub3	0	1	0	1	0	0	0	1
8924_sub4	0	1	0	1	0	0	0	1
8924_sub5	0	1	1	0	0	0	1	0
8925_sub0	1	12	6	6	6	6	0	0
8925_sub1	0	1	1	0	0	0	1	0
8925_sub2	0	1	1	0	0	0	1	0
8925_sub3	0	1	0	1	0	0	0	1
8928_sub0	0	1	0	1	0	0	0	1
8928_sub1	0	1	1	0	0	0	1	0
8928_sub2	0	1	1	0	0	0	1	0
8928_sub3	0	1	1	0	0	0	1	0
8928_sub4	0	1	1	0	0	0	1	0
8928_sub5	0	1	1	0	0	0	1	0
8937_sub0	0	1	0	1	0	0	0	1
8937_sub1	0	1	0	1	0	0	0	1
8937_sub2	0	1	1	0	0	0	1	0
8937_sub3	0	1	0	1	0	0	0	1
8937_sub4	0	1	1	0	0	0	1	0
8937_sub5	0	1	1	0	0	0	1	0
8938_sub0	0	1	0	1	0	0	0	1
8938_sub1	0	1	0	1	0	0	0	1
8938_sub2	0	1	1	0	0	0	1	0
8938_sub3	0	1	1	0	0	0	1	0
8938_sub4	0	1	0	1	0	0	0	1
8938_sub5	0	1	0	1	0	0	0	1
8941_sub0	0	1	0	1	0	0	0	1
8941_sub1	0	1	1	0	0	0	1	0
8941_sub2	0	1	1	0	0	0	1	0
8941_sub3	0	1	1	0	0	0	1	0
8941_sub4	0	1	1	0	0	0	1	0
8941_sub5	0	1	1	0	0	0	1	0
8941_sub6	0	1	0	1	0	0	0	1
8941_sub7	0	1	1	0	0	0	1	0
8941_sub8	0	1	0	1	0	0	0	1
8949_sub0	0	1	0	1	0	0	0	1
8949_sub1	0	1	0	1	0	0	0	1
8949_sub2	0	1	1	0	0	0	1	0
8949_sub3	0	1	0	1	0	0	0	1
8949_sub4	0	1	0	1	0	0	0	1
8949_sub5	0	1	1	0	0	0	1	0
8952_sub0	1	7	5	2	5	2	0	0
8952_sub1	0	1	0	1	0	0	0	1
8952_sub2	0	1	0	1	0	0	0	1
8952_sub3	0	1	0	1	0	0	0	1
8952_sub4	0	1	1	0	0	0	1	0
8952_sub5	0	1	1	0	0	0	1	0
8953_sub0	0	1	0	1	0	0	0	1
8953_sub1	0	1	1	0	0	0	1	0
8953_sub2	0	1	1	0	0	0	1	0
8953_sub3	0	1	0	1	0	0	0	1
8953_sub4	0	1	1	0	0	0	1	0
8953_sub5	0	1	1	0	0	0	1	0
8953_sub6	0	1	0	1	0	0	0	1
8953_sub7	0	1	1	0	0	0	1	0
8957_sub0	0	1	1	0	0	0	1	0
8957_sub1	0	1	0	1	0	0	0	1
8957_sub2	0	1	1	0	0	0	1	0
8957_sub3	0	1	0	1	0	0	0	1
8957_sub4	0	1	0	1	0	0	0	1
8957_sub5	0	1	0	1	0	0	0	1
8957_sub6	0	1	0	1	0	0	0	1
8957_sub7	0	1	1	0	0	0	1	0
8957_sub8	0	1	0	1	0	0	0	1
8966_sub0	0	1	0	1	0	0	0	1
8966_sub1	0	1	0	1	0	0	0	1
8966_sub2	0	1	0	1	0	0	0	1
8966_sub3	0	1	1	0	0	0	1	0
8966_sub4	0	1	0	1	0	0	0	1
8966_sub5	0	1	0	1	0	0	0	1
8966_sub6	0	1	0	1	0	0	0	1
8966_sub7	0	1	0	1	0	0	0	1
8966_sub8	0	1	0	1	0	0	0	1
8966_sub9	0	1	1	0	0	0	1	0
8968_sub0	1	8	3	5	3	5	0	0
8968_sub1	0	1	0	1	0	0	0	1
8969_sub0	1	19	8	11	8	11	0	0
8969_sub1	0	1	1	0	0	0	1	0
8969_sub2	0	1	1	0	0	0	1	0
8969_sub3	0	1	1	0	0	0	1	0
8969_sub4	0	1	1	0	0	0	1	0
8969_sub5	0	1	0	1	0	0	0	1
8969_sub6	0	1	0	1	0	0	0	1
8969_sub7	0	1	0	1	0	0	0	1
8970_sub0	0	1	0	1	0	0	0	1
8970_sub1	1	12	7	5	7	5	0	0
8970_sub2	0	1	1	0	0	0	1	0
8970_sub3	0	1	0	1	0	0	0	1
8970_sub4	0	1	1	0	0	0	1	0
8970_sub5	0	1	1	0	0	0	1	0
8974_sub0	1	6	4	2	4	2	0	0
8974_sub1	0	1	1	0	0	0	1	0
898_sub0	1	10	7	3	7	3	0	0
8981_sub0	0	1	1	0	0	0	1	0
8981_sub1	0	1	0	1	0	0	0	1
8981_sub2	0	1	0	1	0	0	0	1
8981_sub3	0	1	1	0	0	0	1	0
8981_sub4	0	1	0	1	0	0	0	1
8981_sub5	0	1	1	0	0	0	1	0
8981_sub6	0	1	1	0	0	0	1	0
8981_sub7	0	1	0	1	0	0	0	1
8981_sub8	0	1	0	1	0	0	0	1
8982_sub0	0	1	0	1	0	0	0	1
8982_sub1	0	1	1	0	0	0	1	0
8982_sub2	0	1	0	1	0	0	0	1
8982_sub3	0	1	1	0	0	0	1	0
8982_sub4	0	1	1	0	0	0	1	0
8982_sub5	0	1	0	1	0	0	0	1
8987_sub0	0	1	1	0	0	0	1	0
8987_sub1	0	1	0	1	0	0	0	1
8987_sub2	0	1	1	0	0	0	1	0
8987_sub3	0	1	0	1	0	0	0	1
8987_sub4	0	1	1	0	0	0	1	0
8987_sub5	0	1	0	1	0	0	0	1
8987_sub6	0	1	1	0	0	0	1	0
8987_sub7	0	1	0	1	0	0	0	1
8987_sub8	0	1	1	0	0	0	1	0
8988_sub0	1	19	10	9	10	9	0	0
8988_sub1	0	1	1	0	0	0	1	0
8988_sub2	0	1	0	1	0	0	0	1
8990_sub0	1	12	6	6	6	6	0	0
8990_sub1	0	1	1	0	0	0	1	0
8990_sub2	0	1	0	1	0	0	0	1
8990_sub3	0	1	0	1	0	0	0	1
8990_sub4	0	1	0	1	0	0	0	1
8991_sub0	0	1	1	0	0	0	1	0
8991_sub1	0	1	0	1	0	0	0	1
8991_sub2	0	1	1	0	0	0	1	0
8991_sub3	0	1	1	0	0	0	1	0
8991_sub4	0	1	0	1	0	0	0	1
8991_sub5	0	1	0	1	0	0	0	1
8992_sub0	0	1	0	1	0	0	0	1
8992_sub1	1	19	10	9	10	9	0	0
8992_sub2	0	1	1	0	0	0	1	0
8992_sub3	0	1	1	0	0	0	1	0
8992_sub4	0	1	0	1	0	0	0	1
8997_sub0	1	11	5	6	5	6	0	0
8997_sub1	0	1	1	0	0	0	1	0
8997_sub2	0	1	1	0	0	0	1	0
8997_sub3	0	1	0	1	0	0	0	1
8997_sub4	0	1	0	1	0	0	0	1
8997_sub5	0	1	0	1	0	0	0	1
9_sub0	0	1	0	1	0	0	0	1
9_sub1	1	23	15	8	12	8	3	0
9_sub2	0	1	0	1	0	0	0	1
9_sub3	0	1	0	1	0	0	0	1
90_sub0	0	1	0	1	0	0	0	1
90_sub1	0	1	0	1	0	0	0	1
90_sub2	1	22	11	11	10	10	1	1
9002_sub0	0	1	1	0	0	0	1	0
9002_sub1	0	1	0	1	0	0	0	1
9002_sub2	0	1	0	1	0	0	0	1
9002_sub3	0	1	1	0	0	0	1	0
9002_sub4	0	1	1	0	0	0	1	0
9002_sub5	0	1	0	1	0	0	0	1
9002_sub6	0	1	1	0	0	0	1	0
9002_sub7	0	1	0	1	0	0	0	1
9002_sub8	0	1	0	1	0	0	0	1
9002_sub9	0	1	0	1	0	0	0	1
9005_sub0	1	9	3	6	3	6	0	0
9005_sub1	0	1	1	0	0	0	1	0
9005_sub2	0	1	0	1	0	0	0	1
9005_sub3	0	1	1	0	0	0	1	0
9005_sub4	0	1	1	0	0	0	1	0
9006_sub0	0	1	0	1	0	0	0	1
9006_sub1	0	1	1	0	0	0	1	0
9006_sub2	0	1	0	1	0	0	0	1
9006_sub3	0	1	1	0	0	0	1	0
9006_sub4	0	1	0	1	0	0	0	1
9006_sub5	0	1	0	1	0	0	0	1
9007_sub0	0	1	0	1	0	0	0	1
9007_sub1	0	1	0	1	0	0	0	1
9007_sub2	0	1	0	1	0	0	0	1
9007_sub3	0	1	1	0	0	0	1	0
9007_sub4	0	1	0	1	0	0	0	1
9007_sub5	0	1	1	0	0	0	1	0
9010_sub0	0	1	1	0	0	0	1	0
9010_sub1	0	1	1	0	0	0	1	0
9010_sub2	0	1	1	0	0	0	1	0
9010_sub3	0	1	0	1	0	0	0	1
9010_sub4	0	1	0	1	0	0	0	1
9010_sub5	0	1	0	1	0	0	0	1
9011_sub0	0	1	1	0	0	0	1	0
9011_sub1	0	1	1	0	0	0	1	0
9011_sub2	0	1	0	1	0	0	0	1
9011_sub3	0	1	1	0	0	0	1	0
9011_sub4	0	1	1	0	0	0	1	0
9011_sub5	0	1	0	1	0	0	0	1
9021_sub0	0	1	0	1	0	0	0	1
9021_sub1	0	1	1	0	0	0	1	0
9021_sub2	0	1	1	0	0	0	1	0
9021_sub3	0	1	1	0	0	0	1	0
9021_sub4	0	1	1	0	0	0	1	0
9021_sub5	0	1	1	0	0	0	1	0
9021_sub6	0	1	1	0	0	0	1	0
9021_sub7	0	1	1	0	0	0	1	0
9021_sub8	0	1	0	1	0	0	0	1
9031_sub0	0	1	1	0	0	0	1	0
9031_sub1	0	1	1	0	0	0	1	0
9031_sub2	0	1	1	0	0	0	1	0
9031_sub3	0	1	0	1	0	0	0	1
9031_sub4	0	1	1	0	0	0	1	0
9031_sub5	0	1	1	0	0	0	1	0
9033_sub0	0	1	0	1	0	0	0	1
9033_sub1	0	1	0	1	0	0	0	1
9033_sub2	0	1	1	0	0	0	1	0
9033_sub3	0	1	1	0	0	0	1	0
9033_sub4	0	1	1	0	0	0	1	0
9033_sub5	0	1	1	0	0	0	1	0
9033_sub6	0	1	0	1	0	0	0	1
9033_sub7	0	1	0	1	0	0	0	1
9033_sub8	0	1	1	0	0	0	1	0
9036_sub0	0	1	0	1	0	0	0	1
9036_sub1	0	2	2	0	0	0	2	0
9036_sub2	0	1	1	0	0	0	1	0
9036_sub3	0	1	0	1	0	0	0	1
9036_sub4	0	1	0	1	0	0	0	1
9036_sub5	0	1	0	1	0	0	0	1
9037_sub0	1	7	4	3	4	3	0	0
9037_sub1	0	1	0	1	0	0	0	1
9038_sub0	1	21	9	12	9	11	0	1
9038_sub1	0	1	1	0	0	0	1	0
9038_sub2	0	1	1	0	0	0	1	0
904_sub0	0	1	1	0	0	0	1	0
904_sub1	0	1	1	0	0	0	1	0
904_sub2	1	11	6	5	6	5	0	0
904_sub3	0	1	0	1	0	0	0	1
9040_sub0	1	11	6	5	6	5	0	0
9040_sub1	0	1	0	1	0	0	0	1
9040_sub2	0	1	1	0	0	0	1	0
9041_sub0	1	20	10	10	10	10	0	0
9041_sub1	0	1	0	1	0	0	0	1
9041_sub2	0	1	1	0	0	0	1	0
9041_sub3	0	1	1	0	0	0	1	0
9041_sub4	0	1	1	0	0	0	1	0
9044_sub0	1	9	6	3	6	3	0	0
9044_sub1	0	1	0	1	0	0	0	1
9044_sub2	0	1	1	0	0	0	1	0
9044_sub3	0	1	1	0	0	0	1	0
9045_sub0	0	1	0	1	0	0	0	1
9045_sub1	0	1	1	0	0	0	1	0
9045_sub2	0	1	1	0	0	0	1	0
9045_sub3	0	1	1	0	0	0	1	0
9045_sub4	0	1	1	0	0	0	1	0
9045_sub5	0	1	0	1	0	0	0	1
9045_sub6	0	1	1	0	0	0	1	0
9045_sub7	0	1	0	1	0	0	0	1
9047_sub0	1	10	3	7	3	7	0	0
9047_sub1	0	1	1	0	0	0	1	0
9047_sub2	0	1	1	0	0	0	1	0
9051_sub0	0	1	1	0	0	0	1	0
9051_sub1	0	1	1	0	0	0	1	0
9051_sub2	0	1	1	0	0	0	1	0
9051_sub3	0	1	1	0	0	0	1	0
9051_sub4	0	1	1	0	0	0	1	0
9051_sub5	0	1	1	0	0	0	1	0
9051_sub6	0	1	1	0	0	0	1	0
9052_sub0	0	1	1	0	0	0	1	0
9052_sub1	0	1	0	1	0	0	0	1
9052_sub2	0	1	1	0	0	0	1	0
9052_sub3	0	1	1	0	0	0	1	0
9052_sub4	0	1	1	0	0	0	1	0
9052_sub5	0	1	0	1	0	0	0	1
9053_sub0	0	1	1	0	0	0	1	0
9053_sub1	0	1	0	1	0	0	0	1
9053_sub2	0	1	1	0	0	0	1	0
9053_sub3	0	1	1	0	0	0	1	0
9053_sub4	0	1	0	1	0	0	0	1
9053_sub5	0	1	1	0	0	0	1	0
9053_sub6	0	1	1	0	0	0	1	0
9053_sub7	0	1	0	1	0	0	0	1
9053_sub8	0	1	0	1	0	0	0	1
9055_sub0	0	1	1	0	0	0	1	0
9055_sub1	0	1	0	1	0	0	0	1
9055_sub2	0	1	0	1	0	0	0	1
9055_sub3	0	1	1	0	0	0	1	0
9055_sub4	0	1	0	1	0	0	0	1
9055_sub5	0	1	0	1	0	0	0	1
9055_sub6	0	1	1	0	0	0	1	0
9057_sub0	1	12	5	7	5	7	0	0
9057_sub1	0	1	1	0	0	0	1	0
9057_sub2	0	1	1	0	0	0	1	0
9057_sub3	0	1	0	1	0	0	0	1
9057_sub4	0	1	1	0	0	0	1	0
9058_sub0	0	1	0	1	0	0	0	1
9058_sub1	1	11	7	4	7	4	0	0
9058_sub2	0	1	1	0	0	0	1	0
9058_sub3	0	1	0	1	0	0	0	1
9059_sub0	0	1	0	1	0	0	0	1
9059_sub1	0	1	0	1	0	0	0	1
9059_sub2	0	1	0	1	0	0	0	1
9059_sub3	0	1	0	1	0	0	0	1
9059_sub4	0	1	0	1	0	0	0	1
9059_sub5	0	1	1	0	0	0	1	0
9059_sub6	0	1	1	0	0	0	1	0
9066_sub0	0	1	0	1	0	0	0	1
9066_sub1	0	1	1	0	0	0	1	0
9066_sub2	0	1	0	1	0	0	0	1
9066_sub3	0	1	1	0	0	0	1	0
9066_sub4	0	1	0	1	0	0	0	1
9066_sub5	0	1	1	0	0	0	1	0
9066_sub6	0	1	1	0	0	0	1	0
9066_sub7	0	1	1	0	0	0	1	0
9071_sub0	1	12	7	5	7	5	0	0
9071_sub1	0	1	1	0	0	0	1	0
9071_sub2	0	1	0	1	0	0	0	1
9071_sub3	0	1	1	0	0	0	1	0
9071_sub4	0	1	1	0	0	0	1	0
9071_sub5	0	1	1	0	0	0	1	0
9072_sub0	0	1	0	1	0	0	0	1
9072_sub1	1	15	7	8	7	8	0	0
9072_sub2	0	1	0	1	0	0	0	1
9072_sub3	0	1	1	0	0	0	1	0
9072_sub4	0	1	0	1	0	0	0	1
9072_sub5	0	1	1	0	0	0	1	0
9072_sub6	0	1	0	1	0	0	0	1
9072_sub7	0	1	0	1	0	0	0	1
9072_sub8	0	1	0	1	0	0	0	1
9072_sub9	0	1	1	0	0	0	1	0
9073_sub0	0	1	1	0	0	0	1	0
9073_sub1	1	6	3	3	3	3	0	0
9073_sub2	0	1	1	0	0	0	1	0
9073_sub3	0	1	0	1	0	0	0	1
9073_sub4	0	1	1	0	0	0	1	0
9073_sub5	0	1	0	1	0	0	0	1
9073_sub6	0	1	0	1	0	0	0	1
9073_sub7	0	1	1	0	0	0	1	0
9073_sub8	0	1	1	0	0	0	1	0
9074_sub0	0	1	1	0	0	0	1	0
9074_sub1	0	1	0	1	0	0	0	1
9074_sub2	0	1	0	1	0	0	0	1
9074_sub3	0	1	0	1	0	0	0	1
9074_sub4	0	1	1	0	0	0	1	0
9074_sub5	0	1	1	0	0	0	1	0
9075_sub0	1	12	9	3	9	3	0	0
9077_sub0	0	1	1	0	0	0	1	0
9077_sub1	0	1	0	1	0	0	0	1
9077_sub2	0	1	1	0	0	0	1	0
9077_sub3	0	1	0	1	0	0	0	1
9077_sub4	0	1	1	0	0	0	1	0
9077_sub5	0	1	1	0	0	0	1	0
9086_sub0	0	1	0	1	0	0	0	1
9086_sub1	1	16	9	7	9	7	0	0
9086_sub2	0	1	0	1	0	0	0	1
9086_sub3	0	1	0	1	0	0	0	1
9089_sub0	0	1	1	0	0	0	1	0
9089_sub1	0	1	1	0	0	0	1	0
9089_sub2	1	8	6	2	6	2	0	0
9089_sub3	0	1	1	0	0	0	1	0
9089_sub4	0	1	0	1	0	0	0	1
9089_sub5	0	1	1	0	0	0	1	0
9089_sub6	0	1	1	0	0	0	1	0
9089_sub7	0	1	1	0	0	0	1	0
9089_sub8	0	1	1	0	0	0	1	0
9091_sub0	1	12	6	6	6	6	0	0
9091_sub1	0	1	0	1	0	0	0	1
9091_sub2	0	1	0	1	0	0	0	1
9093_sub0	0	2	0	2	0	0	0	2
9093_sub1	0	1	0	1	0	0	0	1
9093_sub2	0	1	1	0	0	0	1	0
9093_sub3	0	1	1	0	0	0	1	0
9093_sub4	0	1	1	0	0	0	1	0
9093_sub5	0	1	0	1	0	0	0	1
9093_sub6	0	1	1	0	0	0	1	0
9093_sub7	0	1	1	0	0	0	1	0
9097_sub0	0	5	5	0	0	0	5	0
9097_sub1	0	2	1	1	0	0	1	1
9097_sub2	0	1	1	0	0	0	1	0
9097_sub3	0	1	1	0	0	0	1	0
9097_sub4	0	1	1	0	0	0	1	0
9101_sub0	0	1	0	1	0	0	0	1
9101_sub1	0	1	1	0	0	0	1	0
9101_sub2	0	1	0	1	0	0	0	1
9101_sub3	0	1	0	1	0	0	0	1
9101_sub4	0	1	0	1	0	0	0	1
9101_sub5	0	1	1	0	0	0	1	0
9101_sub6	0	1	1	0	0	0	1	0
9101_sub7	0	1	1	0	0	0	1	0
9101_sub8	0	1	0	1	0	0	0	1
9102_sub0	1	13	8	5	8	5	0	0
9102_sub1	0	1	0	1	0	0	0	1
9102_sub2	0	1	0	1	0	0	0	1
9102_sub3	0	1	1	0	0	0	1	0
9102_sub4	0	1	1	0	0	0	1	0
9102_sub5	0	1	1	0	0	0	1	0
9102_sub6	0	1	0	1	0	0	0	1
9103_sub0	0	1	0	1	0	0	0	1
9103_sub1	0	1	0	1	0	0	0	1
9103_sub2	0	1	0	1	0	0	0	1
9103_sub3	0	1	0	1	0	0	0	1
9103_sub4	0	1	0	1	0	0	0	1
9103_sub5	0	1	1	0	0	0	1	0
9103_sub6	0	1	1	0	0	0	1	0
9103_sub7	0	1	1	0	0	0	1	0
9103_sub8	0	1	1	0	0	0	1	0
9103_sub9	0	1	1	0	0	0	1	0
9106_sub0	0	1	1	0	0	0	1	0
9106_sub1	0	1	1	0	0	0	1	0
9106_sub2	0	1	1	0	0	0	1	0
9106_sub3	0	1	1	0	0	0	1	0
9106_sub4	0	1	0	1	0	0	0	1
9106_sub5	0	1	0	1	0	0	0	1
9106_sub6	0	1	1	0	0	0	1	0
9106_sub7	0	1	1	0	0	0	1	0
9106_sub8	0	1	1	0	0	0	1	0
9116_sub0	1	17	12	5	12	5	0	0
9116_sub1	0	1	0	1	0	0	0	1
9116_sub2	0	1	1	0	0	0	1	0
9116_sub3	0	1	1	0	0	0	1	0
9116_sub4	0	1	0	1	0	0	0	1
9116_sub5	0	1	1	0	0	0	1	0
9116_sub6	0	1	1	0	0	0	1	0
9116_sub7	0	1	1	0	0	0	1	0
9116_sub8	0	1	1	0	0	0	1	0
912_sub0	0	1	0	1	0	0	0	1
912_sub1	0	4	2	2	0	0	2	2
912_sub2	0	1	1	0	0	0	1	0
912_sub3	0	1	1	0	0	0	1	0
9122_sub0	1	7	4	3	4	3	0	0
9122_sub1	0	1	1	0	0	0	1	0
9122_sub2	0	1	1	0	0	0	1	0
9122_sub3	0	1	1	0	0	0	1	0
9123_sub0	0	1	1	0	0	0	1	0
9123_sub1	0	1	0	1	0	0	0	1
9123_sub2	0	1	1	0	0	0	1	0
9123_sub3	0	1	1	0	0	0	1	0
9123_sub4	0	1	0	1	0	0	0	1
9123_sub5	0	1	0	1	0	0	0	1
9124_sub0	0	1	0	1	0	0	0	1
9124_sub1	0	2	1	1	0	0	1	1
9124_sub2	0	1	1	0	0	0	1	0
9124_sub3	0	1	1	0	0	0	1	0
9124_sub4	0	1	0	1	0	0	0	1
9124_sub5	0	1	0	1	0	0	0	1
9124_sub6	0	1	1	0	0	0	1	0
9125_sub0	1	9	6	3	6	3	0	0
9125_sub1	0	1	1	0	0	0	1	0
9125_sub2	0	1	1	0	0	0	1	0
9125_sub3	0	1	0	1	0	0	0	1
9130_sub0	0	1	0	1	0	0	0	1
9130_sub1	0	2	1	1	0	0	1	1
9130_sub2	0	1	0	1	0	0	0	1
9130_sub3	0	1	1	0	0	0	1	0
9130_sub4	0	1	0	1	0	0	0	1
9133_sub0	0	1	1	0	0	0	1	0
9133_sub1	0	1	0	1	0	0	0	1
9133_sub2	1	18	7	11	7	11	0	0
9133_sub3	0	1	1	0	0	0	1	0
9133_sub4	0	1	0	1	0	0	0	1
9133_sub5	0	1	1	0	0	0	1	0
9133_sub6	0	1	0	1	0	0	0	1
9139_sub0	0	1	1	0	0	0	1	0
9139_sub1	0	1	0	1	0	0	0	1
9139_sub2	0	1	1	0	0	0	1	0
9139_sub3	0	1	1	0	0	0	1	0
9139_sub4	0	1	1	0	0	0	1	0
9139_sub5	0	1	0	1	0	0	0	1
9139_sub6	0	1	0	1	0	0	0	1
9139_sub7	0	1	1	0	0	0	1	0
9140_sub0	0	1	1	0	0	0	1	0
9140_sub1	0	1	1	0	0	0	1	0
9140_sub2	0	1	1	0	0	0	1	0
9140_sub3	0	1	1	0	0	0	1	0
9140_sub4	0	1	1	0	0	0	1	0
9140_sub5	0	1	0	1	0	0	0	1
9141_sub0	0	1	0	1	0	0	0	1
9141_sub1	0	1	1	0	0	0	1	0
9141_sub2	0	1	0	1	0	0	0	1
9141_sub3	0	1	0	1	0	0	0	1
9141_sub4	0	1	1	0	0	0	1	0
9141_sub5	0	1	1	0	0	0	1	0
9141_sub6	0	1	1	0	0	0	1	0
9141_sub7	0	1	0	1	0	0	0	1
9141_sub8	0	1	1	0	0	0	1	0
9141_sub9	0	1	0	1	0	0	0	1
9141_sub10	0	1	1	0	0	0	1	0
9141_sub11	0	1	0	1	0	0	0	1
9141_sub12	0	1	0	1	0	0	0	1
9141_sub13	0	1	0	1	0	0	0	1
9147_sub0	0	1	0	1	0	0	0	1
9147_sub1	1	8	5	3	5	3	0	0
9147_sub2	0	1	0	1	0	0	0	1
9147_sub3	0	1	1	0	0	0	1	0
9147_sub4	0	1	1	0	0	0	1	0
9147_sub5	0	1	0	1	0	0	0	1
9147_sub6	0	1	0	1	0	0	0	1
9147_sub7	0	1	0	1	0	0	0	1
9148_sub0	0	1	1	0	0	0	1	0
9148_sub1	0	1	1	0	0	0	1	0
9148_sub2	0	1	1	0	0	0	1	0
9148_sub3	0	1	1	0	0	0	1	0
9148_sub4	0	1	1	0	0	0	1	0
9148_sub5	0	1	0	1	0	0	0	1
9149_sub0	0	1	0	1	0	0	0	1
9149_sub1	0	1	1	0	0	0	1	0
9149_sub2	0	1	0	1	0	0	0	1
9149_sub3	0	1	1	0	0	0	1	0
9149_sub4	0	1	0	1	0	0	0	1
9149_sub5	0	1	1	0	0	0	1	0
9152_sub0	1	16	10	6	10	6	0	0
9152_sub1	0	1	0	1	0	0	0	1
9152_sub2	0	1	1	0	0	0	1	0
9152_sub3	0	1	0	1	0	0	0	1
9158_sub0	0	1	0	1	0	0	0	1
9158_sub1	0	1	0	1	0	0	0	1
9158_sub2	0	1	1	0	0	0	1	0
9158_sub3	0	1	0	1	0	0	0	1
9158_sub4	0	1	0	1	0	0	0	1
9158_sub5	0	1	0	1	0	0	0	1
9158_sub6	0	1	1	0	0	0	1	0
9159_sub0	0	1	1	0	0	0	1	0
9159_sub1	0	1	0	1	0	0	0	1
9159_sub2	0	1	1	0	0	0	1	0
9159_sub3	0	1	1	0	0	0	1	0
9159_sub4	0	1	1	0	0	0	1	0
9159_sub5	0	1	0	1	0	0	0	1
9159_sub6	0	1	0	1	0	0	0	1
9161_sub0	0	1	1	0	0	0	1	0
9161_sub1	0	1	1	0	0	0	1	0
9161_sub2	0	1	1	0	0	0	1	0
9161_sub3	0	1	1	0	0	0	1	0
9161_sub4	0	1	0	1	0	0	0	1
9161_sub5	0	1	1	0	0	0	1	0
9161_sub6	0	1	1	0	0	0	1	0
9163_sub0	0	1	0	1	0	0	0	1
9163_sub1	0	1	1	0	0	0	1	0
9163_sub2	0	1	0	1	0	0	0	1
9163_sub3	0	1	1	0	0	0	1	0
9163_sub4	0	1	0	1	0	0	0	1
9163_sub5	0	1	1	0	0	0	1	0
9163_sub6	0	1	0	1	0	0	0	1
9163_sub7	0	1	1	0	0	0	1	0
9164_sub0	1	10	7	3	7	3	0	0
9164_sub1	0	1	1	0	0	0	1	0
9165_sub0	0	1	1	0	0	0	1	0
9165_sub1	0	1	0	1	0	0	0	1
9165_sub2	0	1	0	1	0	0	0	1
9165_sub3	0	1	1	0	0	0	1	0
9165_sub4	0	1	1	0	0	0	1	0
9165_sub5	0	1	1	0	0	0	1	0
9165_sub6	0	1	0	1	0	0	0	1
9165_sub7	0	1	0	1	0	0	0	1
9165_sub8	0	1	0	1	0	0	0	1
9168_sub0	0	1	1	0	0	0	1	0
9168_sub1	0	1	1	0	0	0	1	0
9168_sub2	0	1	0	1	0	0	0	1
9168_sub3	0	1	0	1	0	0	0	1
9168_sub4	0	1	0	1	0	0	0	1
9168_sub5	0	1	0	1	0	0	0	1
9169_sub0	0	1	0	1	0	0	0	1
9169_sub1	1	9	3	6	3	6	0	0
9169_sub2	0	1	0	1	0	0	0	1
9169_sub3	0	1	0	1	0	0	0	1
9169_sub4	0	1	1	0	0	0	1	0
9170_sub0	0	1	1	0	0	0	1	0
9170_sub1	0	1	1	0	0	0	1	0
9170_sub2	0	1	1	0	0	0	1	0
9170_sub3	0	1	1	0	0	0	1	0
9170_sub4	0	1	0	1	0	0	0	1
9170_sub5	0	1	1	0	0	0	1	0
9174_sub0	0	1	0	1	0	0	0	1
9174_sub1	0	1	0	1	0	0	0	1
9174_sub2	0	1	0	1	0	0	0	1
9174_sub3	0	1	1	0	0	0	1	0
9174_sub4	0	1	0	1	0	0	0	1
9174_sub5	0	1	0	1	0	0	0	1
9174_sub6	0	1	1	0	0	0	1	0
9174_sub7	0	1	1	0	0	0	1	0
9174_sub8	0	1	0	1	0	0	0	1
9174_sub9	0	1	1	0	0	0	1	0
9175_sub0	0	1	0	1	0	0	0	1
9175_sub1	0	1	0	1	0	0	0	1
9175_sub2	0	1	0	1	0	0	0	1
9175_sub3	0	1	1	0	0	0	1	0
9175_sub4	0	1	1	0	0	0	1	0
9175_sub5	0	1	1	0	0	0	1	0
9175_sub6	0	1	1	0	0	0	1	0
9175_sub7	0	1	0	1	0	0	0	1
9175_sub8	0	1	0	1	0	0	0	1
9175_sub9	0	1	1	0	0	0	1	0
9180_sub0	0	1	0	1	0	0	0	1
9180_sub1	0	1	0	1	0	0	0	1
9180_sub2	0	1	1	0	0	0	1	0
9180_sub3	0	1	1	0	0	0	1	0
9180_sub4	0	1	0	1	0	0	0	1
9180_sub5	0	1	1	0	0	0	1	0
9184_sub0	0	1	0	1	0	0	0	1
9184_sub1	1	13	8	5	8	5	0	0
9184_sub2	0	1	0	1	0	0	0	1
9184_sub3	0	1	0	1	0	0	0	1
9184_sub4	0	1	0	1	0	0	0	1
9191_sub0	0	1	1	0	0	0	1	0
9191_sub1	0	1	0	1	0	0	0	1
9191_sub2	0	1	1	0	0	0	1	0
9191_sub3	0	1	1	0	0	0	1	0
9191_sub4	0	1	1	0	0	0	1	0
9191_sub5	0	1	0	1	0	0	0	1
9191_sub6	0	1	1	0	0	0	1	0
9193_sub0	0	1	0	1	0	0	0	1
9193_sub1	0	1	1	0	0	0	1	0
9193_sub2	0	1	1	0	0	0	1	0
9193_sub3	0	1	0	1	0	0	0	1
9193_sub4	0	1	0	1	0	0	0	1
9193_sub5	0	1	0	1	0	0	0	1
9194_sub0	1	23	14	9	11	9	3	0
9194_sub1	0	1	0	1	0	0	0	1
9194_sub2	0	1	1	0	0	0	1	0
9194_sub3	0	1	0	1	0	0	0	1
9195_sub0	0	1	0	1	0	0	0	1
9195_sub1	0	1	0	1	0	0	0	1
9195_sub2	0	1	0	1	0	0	0	1
9195_sub3	0	1	1	0	0	0	1	0
9195_sub4	0	1	1	0	0	0	1	0
9195_sub5	0	1	0	1	0	0	0	1
9195_sub6	0	1	0	1	0	0	0	1
9195_sub7	0	1	0	1	0	0	0	1
9196_sub0	1	13	5	8	5	8	0	0
9196_sub1	0	1	0	1	0	0	0	1
9196_sub2	0	1	0	1	0	0	0	1
9196_sub3	0	1	1	0	0	0	1	0
9196_sub4	0	1	0	1	0	0	0	1
9196_sub5	0	1	1	0	0	0	1	0
9197_sub0	0	1	1	0	0	0	1	0
9197_sub1	0	1	0	1	0	0	0	1
9197_sub2	0	2	1	1	0	0	1	1
9197_sub3	0	1	1	0	0	0	1	0
9197_sub4	0	1	1	0	0	0	1	0
9197_sub5	0	1	1	0	0	0	1	0
92_sub0	0	1	0	1	0	0	0	1
92_sub1	1	21	9	12	9	11	0	1
92_sub2	0	1	0	1	0	0	0	1
92_sub3	0	1	1	0	0	0	1	0
92_sub4	0	1	0	1	0	0	0	1
92_sub5	0	1	0	1	0	0	0	1
9201_sub0	1	21	11	10	10	10	1	0
9201_sub1	0	1	0	1	0	0	0	1
9201_sub2	0	1	1	0	0	0	1	0
9201_sub3	0	1	1	0	0	0	1	0
9201_sub4	0	1	1	0	0	0	1	0
9201_sub5	0	1	0	1	0	0	0	1
9205_sub0	0	1	0	1	0	0	0	1
9205_sub1	0	2	0	2	0	0	0	2
9205_sub2	0	1	1	0	0	0	1	0
9205_sub3	0	1	0	1	0	0	0	1
9205_sub4	0	1	0	1	0	0	0	1
9205_sub5	0	1	0	1	0	0	0	1
9205_sub6	0	1	1	0	0	0	1	0
9205_sub7	0	1	0	1	0	0	0	1
9206_sub0	1	8	3	5	3	5	0	0
9206_sub1	0	1	1	0	0	0	1	0
9206_sub2	0	1	1	0	0	0	1	0
9206_sub3	0	1	1	0	0	0	1	0
921_sub0	0	1	1	0	0	0	1	0
921_sub1	1	8	4	4	4	4	0	0
9211_sub0	0	1	1	0	0	0	1	0
9211_sub1	0	1	1	0	0	0	1	0
9211_sub2	0	1	1	0	0	0	1	0
9211_sub3	0	1	1	0	0	0	1	0
9211_sub4	0	1	0	1	0	0	0	1
9211_sub5	0	1	0	1	0	0	0	1
9212_sub0	1	13	6	7	6	7	0	0
9212_sub1	0	1	0	1	0	0	0	1
9212_sub2	0	1	0	1	0	0	0	1
9212_sub3	0	1	0	1	0	0	0	1
9212_sub4	0	1	0	1	0	0	0	1
9212_sub5	0	1	1	0	0	0	1	0
9212_sub6	0	1	1	0	0	0	1	0
9212_sub7	0	1	1	0	0	0	1	0
9212_sub8	0	1	0	1	0	0	0	1
9212_sub9	0	1	0	1	0	0	0	1
9215_sub0	1	7	4	3	4	3	0	0
9215_sub1	0	1	1	0	0	0	1	0
9215_sub2	0	1	1	0	0	0	1	0
9219_sub0	1	8	6	2	6	2	0	0
9219_sub1	0	1	0	1	0	0	0	1
922_sub0	0	1	0	1	0	0	0	1
922_sub1	0	1	0	1	0	0	0	1
922_sub2	0	1	0	1	0	0	0	1
922_sub3	0	1	1	0	0	0	1	0
922_sub4	0	1	1	0	0	0	1	0
922_sub5	0	1	1	0	0	0	1	0
9220_sub0	1	17	14	3	14	3	0	0
9220_sub1	0	1	0	1	0	0	0	1
9220_sub2	0	1	1	0	0	0	1	0
9220_sub3	0	1	1	0	0	0	1	0
9220_sub4	0	1	0	1	0	0	0	1
9220_sub5	0	1	1	0	0	0	1	0
9220_sub6	0	1	1	0	0	0	1	0
9220_sub7	0	1	1	0	0	0	1	0
9220_sub8	0	1	0	1	0	0	0	1
9221_sub0	0	1	0	1	0	0	0	1
9221_sub1	0	1	1	0	0	0	1	0
9221_sub2	0	1	0	1	0	0	0	1
9221_sub3	0	1	1	0	0	0	1	0
9221_sub4	0	1	0	1	0	0	0	1
9221_sub5	0	1	0	1	0	0	0	1
9221_sub6	0	1	0	1	0	0	0	1
9222_sub0	0	1	1	0	0	0	1	0
9222_sub1	0	1	1	0	0	0	1	0
9222_sub2	0	1	1	0	0	0	1	0
9222_sub3	0	1	0	1	0	0	0	1
9222_sub4	0	1	1	0	0	0	1	0
9222_sub5	0	1	0	1	0	0	0	1
9224_sub0	0	1	1	0	0	0	1	0
9224_sub1	0	1	1	0	0	0	1	0
9224_sub2	0	1	0	1	0	0	0	1
9224_sub3	0	1	0	1	0	0	0	1
9224_sub4	0	1	0	1	0	0	0	1
9224_sub5	0	1	0	1	0	0	0	1
9224_sub6	0	1	1	0	0	0	1	0
9224_sub7	0	1	0	1	0	0	0	1
9224_sub8	0	1	1	0	0	0	1	0
9226_sub0	1	11	4	7	4	7	0	0
9226_sub1	0	1	1	0	0	0	1	0
9226_sub2	0	1	1	0	0	0	1	0
9226_sub3	0	1	1	0	0	0	1	0
9226_sub4	0	1	1	0	0	0	1	0
9226_sub5	0	1	1	0	0	0	1	0
9226_sub6	0	1	0	1	0	0	0	1
9234_sub0	1	9	5	4	5	4	0	0
9234_sub1	0	1	1	0	0	0	1	0
9234_sub2	0	1	0	1	0	0	0	1
9234_sub3	0	1	0	1	0	0	0	1
9235_sub0	1	24	13	11	10	10	3	1
9235_sub1	0	1	1	0	0	0	1	0
9235_sub2	0	1	1	0	0	0	1	0
9235_sub3	0	1	1	0	0	0	1	0
9235_sub4	0	1	0	1	0	0	0	1
9235_sub5	0	1	0	1	0	0	0	1
9235_sub6	0	1	0	1	0	0	0	1
9236_sub0	0	1	1	0	0	0	1	0
9236_sub1	0	1	1	0	0	0	1	0
9236_sub2	0	1	0	1	0	0	0	1
9236_sub3	0	1	1	0	0	0	1	0
9236_sub4	0	1	1	0	0	0	1	0
9236_sub5	0	1	1	0	0	0	1	0
9236_sub6	0	1	1	0	0	0	1	0
9237_sub0	1	11	5	6	5	6	0	0
9237_sub1	0	2	1	1	0	0	1	1
9237_sub2	0	1	1	0	0	0	1	0
9237_sub3	0	1	1	0	0	0	1	0
9237_sub4	0	1	1	0	0	0	1	0
9238_sub0	0	1	0	1	0	0	0	1
9238_sub1	0	1	0	1	0	0	0	1
9238_sub2	1	18	10	8	10	8	0	0
9238_sub3	0	1	0	1	0	0	0	1
9238_sub4	0	1	0	1	0	0	0	1
9240_sub0	0	1	0	1	0	0	0	1
9240_sub1	0	1	0	1	0	0	0	1
9240_sub2	0	1	0	1	0	0	0	1
9240_sub3	0	1	1	0	0	0	1	0
9240_sub4	0	1	0	1	0	0	0	1
9240_sub5	0	1	0	1	0	0	0	1
9241_sub0	0	1	1	0	0	0	1	0
9241_sub1	0	1	0	1	0	0	0	1
9241_sub2	0	1	0	1	0	0	0	1
9241_sub3	0	1	1	0	0	0	1	0
9241_sub4	0	1	0	1	0	0	0	1
9241_sub5	0	1	1	0	0	0	1	0
9241_sub6	0	1	0	1	0	0	0	1
9242_sub0	0	1	1	0	0	0	1	0
9242_sub1	0	1	0	1	0	0	0	1
9242_sub2	0	1	1	0	0	0	1	0
9242_sub3	0	1	1	0	0	0	1	0
9242_sub4	0	1	0	1	0	0	0	1
9242_sub5	0	1	0	1	0	0	0	1
9242_sub6	0	1	1	0	0	0	1	0
9242_sub7	0	1	0	1	0	0	0	1
9243_sub0	1	17	8	9	8	9	0	0
9243_sub1	0	1	1	0	0	0	1	0
9243_sub2	0	1	1	0	0	0	1	0
9245_sub0	0	1	0	1	0	0	0	1
9245_sub1	0	1	0	1	0	0	0	1
9245_sub2	0	1	0	1	0	0	0	1
9245_sub3	0	1	1	0	0	0	1	0
9245_sub4	0	1	1	0	0	0	1	0
9245_sub5	0	1	1	0	0	0	1	0
9245_sub6	0	1	1	0	0	0	1	0
9245_sub7	0	1	0	1	0	0	0	1
9245_sub8	0	1	0	1	0	0	0	1
925_sub0	0	1	0	1	0	0	0	1
925_sub1	1	29	16	13	10	10	6	3
925_sub2	0	1	0	1	0	0	0	1
925_sub3	0	1	0	1	0	0	0	1
9252_sub0	0	1	0	1	0	0	0	1
9252_sub1	0	1	0	1	0	0	0	1
9252_sub2	0	1	1	0	0	0	1	0
9252_sub3	0	1	0	1	0	0	0	1
9252_sub4	0	1	1	0	0	0	1	0
9252_sub5	0	1	0	1	0	0	0	1
9253_sub0	1	13	6	7	6	7	0	0
9253_sub1	0	1	1	0	0	0	1	0
9261_sub0	0	1	0	1	0	0	0	1
9261_sub1	0	1	1	0	0	0	1	0
9261_sub2	0	1	1	0	0	0	1	0
9261_sub3	0	1	0	1	0	0	0	1
9261_sub4	0	1	0	1	0	0	0	1
9261_sub5	0	1	1	0	0	0	1	0
9269_sub0	1	20	11	9	11	9	0	0
9269_sub1	0	1	0	1	0	0	0	1
9269_sub2	0	1	1	0	0	0	1	0
9269_sub3	0	1	1	0	0	0	1	0
9269_sub4	0	1	0	1	0	0	0	1
9269_sub5	0	1	1	0	0	0	1	0
9269_sub6	0	1	1	0	0	0	1	0
9269_sub7	0	1	1	0	0	0	1	0
9269_sub8	0	1	0	1	0	0	0	1
9269_sub9	0	1	1	0	0	0	1	0
9272_sub0	0	1	1	0	0	0	1	0
9272_sub1	0	1	0	1	0	0	0	1
9272_sub2	0	1	0	1	0	0	0	1
9272_sub3	0	1	1	0	0	0	1	0
9272_sub4	0	1	1	0	0	0	1	0
9272_sub5	0	1	0	1	0	0	0	1
9272_sub6	0	1	1	0	0	0	1	0
9273_sub0	1	27	14	13	10	10	4	3
9273_sub1	0	1	0	1	0	0	0	1
9273_sub2	0	1	1	0	0	0	1	0
9275_sub0	0	1	1	0	0	0	1	0
9275_sub1	0	1	0	1	0	0	0	1
9275_sub2	0	1	0	1	0	0	0	1
9275_sub3	0	1	1	0	0	0	1	0
9275_sub4	0	1	0	1	0	0	0	1
9275_sub5	0	1	1	0	0	0	1	0
9275_sub6	0	1	0	1	0	0	0	1
9276_sub0	0	1	0	1	0	0	0	1
9276_sub1	0	1	1	0	0	0	1	0
9276_sub2	0	1	1	0	0	0	1	0
9276_sub3	0	1	1	0	0	0	1	0
9276_sub4	0	1	0	1	0	0	0	1
9276_sub5	0	1	0	1	0	0	0	1
9277_sub0	1	7	2	5	2	5	0	0
9277_sub1	0	1	1	0	0	0	1	0
9277_sub2	0	1	1	0	0	0	1	0
9277_sub3	0	2	1	1	0	0	1	1
9278_sub0	1	11	4	7	4	7	0	0
9278_sub1	0	1	1	0	0	0	1	0
9278_sub2	0	1	0	1	0	0	0	1
9278_sub3	0	1	1	0	0	0	1	0
9278_sub4	0	1	1	0	0	0	1	0
9279_sub0	0	1	1	0	0	0	1	0
9279_sub1	0	1	1	0	0	0	1	0
9279_sub2	0	1	0	1	0	0	0	1
9279_sub3	0	1	1	0	0	0	1	0
9279_sub4	0	1	1	0	0	0	1	0
9279_sub5	0	1	1	0	0	0	1	0
928_sub0	0	1	1	0	0	0	1	0
928_sub1	0	4	3	1	0	0	3	1
928_sub2	1	22	9	13	9	11	0	2
928_sub3	0	1	1	0	0	0	1	0
928_sub4	0	1	1	0	0	0	1	0
928_sub5	0	1	0	1	0	0	0	1
9282_sub0	0	1	1	0	0	0	1	0
9282_sub1	0	1	1	0	0	0	1	0
9282_sub2	0	3	1	2	0	0	1	2
9282_sub3	0	1	1	0	0	0	1	0
9282_sub4	0	2	1	1	0	0	1	1
9283_sub0	0	1	1	0	0	0	1	0
9283_sub1	0	1	0	1	0	0	0	1
9283_sub2	0	1	1	0	0	0	1	0
9283_sub3	0	1	1	0	0	0	1	0
9283_sub4	0	1	0	1	0	0	0	1
9283_sub5	0	1	0	1	0	0	0	1
9283_sub6	0	1	0	1	0	0	0	1
9283_sub7	0	1	1	0	0	0	1	0
9288_sub0	0	1	1	0	0	0	1	0
9288_sub1	0	1	1	0	0	0	1	0
9288_sub2	0	1	1	0	0	0	1	0
9288_sub3	0	1	1	0	0	0	1	0
9288_sub4	0	1	0	1	0	0	0	1
9288_sub5	0	1	1	0	0	0	1	0
9288_sub6	0	1	1	0	0	0	1	0
9288_sub7	0	1	0	1	0	0	0	1
9288_sub8	0	1	0	1	0	0	0	1
9288_sub9	0	1	0	1	0	0	0	1
9288_sub10	0	1	0	1	0	0	0	1
9289_sub0	1	19	13	6	13	6	0	0
9289_sub1	0	1	1	0	0	0	1	0
9289_sub2	0	1	0	1	0	0	0	1
9289_sub3	0	1	1	0	0	0	1	0
9289_sub4	0	1	0	1	0	0	0	1
9289_sub5	0	1	0	1	0	0	0	1
9289_sub6	0	1	1	0	0	0	1	0
9289_sub7	0	1	1	0	0	0	1	0
9289_sub8	0	1	0	1	0	0	0	1
9289_sub9	0	1	0	1	0	0	0	1
9289_sub10	0	1	0	1	0	0	0	1
9289_sub11	0	1	1	0	0	0	1	0
9290_sub0	0	1	1	0	0	0	1	0
9290_sub1	0	1	1	0	0	0	1	0
9290_sub2	0	1	1	0	0	0	1	0
9290_sub3	0	1	0	1	0	0	0	1
9290_sub4	0	1	1	0	0	0	1	0
9290_sub5	0	1	1	0	0	0	1	0
9290_sub6	0	1	0	1	0	0	0	1
9295_sub0	0	1	1	0	0	0	1	0
9295_sub1	0	1	0	1	0	0	0	1
9295_sub2	0	2	0	2	0	0	0	2
9295_sub3	0	1	0	1	0	0	0	1
9295_sub4	0	1	1	0	0	0	1	0
9295_sub5	0	1	1	0	0	0	1	0
9295_sub6	0	1	1	0	0	0	1	0
9297_sub0	1	9	4	5	4	5	0	0
9297_sub1	0	1	1	0	0	0	1	0
9297_sub2	0	1	0	1	0	0	0	1
9297_sub3	0	1	1	0	0	0	1	0
9297_sub4	0	1	1	0	0	0	1	0
9297_sub5	0	1	1	0	0	0	1	0
9297_sub6	0	1	0	1	0	0	0	1
9297_sub7	0	1	0	1	0	0	0	1
9297_sub8	0	1	1	0	0	0	1	0
9297_sub9	0	1	1	0	0	0	1	0
9298_sub0	1	16	8	8	8	8	0	0
9298_sub1	0	1	1	0	0	0	1	0
9298_sub2	0	1	1	0	0	0	1	0
9300_sub0	0	1	0	1	0	0	0	1
9300_sub1	0	1	0	1	0	0	0	1
9300_sub2	0	1	1	0	0	0	1	0
9300_sub3	0	1	0	1	0	0	0	1
9300_sub4	0	1	0	1	0	0	0	1
9300_sub5	0	1	0	1	0	0	0	1
9305_sub0	1	23	9	14	9	11	0	3
9308_sub0	1	9	3	6	3	6	0	0
9308_sub1	0	1	0	1	0	0	0	1
9308_sub2	0	1	1	0	0	0	1	0
9309_sub0	1	6	2	4	2	4	0	0
9309_sub1	0	1	0	1	0	0	0	1
9309_sub2	0	1	0	1	0	0	0	1
931_sub0	0	1	0	1	0	0	0	1
931_sub1	0	1	0	1	0	0	0	1
931_sub2	0	2	0	2	0	0	0	2
931_sub3	0	1	0	1	0	0	0	1
931_sub4	0	1	0	1	0	0	0	1
9313_sub0	0	1	1	0	0	0	1	0
9313_sub1	0	1	0	1	0	0	0	1
9313_sub2	0	1	0	1	0	0	0	1
9313_sub3	0	1	1	0	0	0	1	0
9313_sub4	0	1	1	0	0	0	1	0
9313_sub5	0	1	1	0	0	0	1	0
9314_sub0	0	1	0	1	0	0	0	1
9314_sub1	0	1	1	0	0	0	1	0
9314_sub2	0	1	1	0	0	0	1	0
9314_sub3	0	1	1	0	0	0	1	0
9314_sub4	0	1	0	1	0	0	0	1
9314_sub5	0	1	0	1	0	0	0	1
9314_sub6	0	1	1	0	0	0	1	0
9314_sub7	0	1	1	0	0	0	1	0
9327_sub0	0	1	0	1	0	0	0	1
9327_sub1	0	1	1	0	0	0	1	0
9327_sub2	0	1	1	0	0	0	1	0
9327_sub3	0	1	1	0	0	0	1	0
9327_sub4	0	1	1	0	0	0	1	0
9327_sub5	0	1	1	0	0	0	1	0
9328_sub0	0	1	0	1	0	0	0	1
9328_sub1	0	1	0	1	0	0	0	1
9328_sub2	0	1	1	0	0	0	1	0
9328_sub3	0	1	1	0	0	0	1	0
9328_sub4	0	1	0	1	0	0	0	1
9328_sub5	0	1	1	0	0	0	1	0
9328_sub6	0	1	0	1	0	0	0	1
9328_sub7	0	1	1	0	0	0	1	0
9330_sub0	0	1	1	0	0	0	1	0
9330_sub1	0	1	1	0	0	0	1	0
9330_sub2	0	1	1	0	0	0	1	0
9330_sub3	0	1	0	1	0	0	0	1
9330_sub4	0	1	0	1	0	0	0	1
9330_sub5	0	1	1	0	0	0	1	0
9330_sub6	0	1	0	1	0	0	0	1
9332_sub0	1	16	8	8	8	8	0	0
9332_sub1	0	1	0	1	0	0	0	1
9332_sub2	0	1	0	1	0	0	0	1
9332_sub3	0	1	0	1	0	0	0	1
9332_sub4	0	3	0	3	0	0	0	3
9332_sub5	0	1	0	1	0	0	0	1
9334_sub0	1	19	8	11	8	11	0	0
9334_sub1	0	1	1	0	0	0	1	0
9334_sub2	0	1	1	0	0	0	1	0
9334_sub3	0	1	0	1	0	0	0	1
9334_sub4	0	1	0	1	0	0	0	1
9334_sub5	0	1	0	1	0	0	0	1
9334_sub6	0	1	1	0	0	0	1	0
9334_sub7	0	1	0	1	0	0	0	1
9334_sub8	0	1	1	0	0	0	1	0
9335_sub0	0	1	0	1	0	0	0	1
9335_sub1	1	30	11	19	10	10	1	9
9335_sub2	0	1	0	1	0	0	0	1
9338_sub0	0	1	0	1	0	0	0	1
9338_sub1	0	1	1	0	0	0	1	0
9338_sub2	0	1	0	1	0	0	0	1
9338_sub3	0	1	1	0	0	0	1	0
9338_sub4	0	1	0	1	0	0	0	1
9338_sub5	0	1	1	0	0	0	1	0
9344_sub0	0	1	1	0	0	0	1	0
9344_sub1	0	1	0	1	0	0	0	1
9344_sub2	0	1	1	0	0	0	1	0
9344_sub3	0	1	1	0	0	0	1	0
9344_sub4	0	1	1	0	0	0	1	0
9344_sub5	0	1	1	0	0	0	1	0
9344_sub6	0	1	0	1	0	0	0	1
9346_sub0	0	1	1	0	0	0	1	0
9346_sub1	0	1	0	1	0	0	0	1
9346_sub2	0	1	0	1	0	0	0	1
9346_sub3	0	1	0	1	0	0	0	1
9346_sub4	0	1	0	1	0	0	0	1
9346_sub5	0	1	1	0	0	0	1	0
9356_sub0	0	1	1	0	0	0	1	0
9356_sub1	0	1	1	0	0	0	1	0
9356_sub2	0	1	1	0	0	0	1	0
9356_sub3	0	1	1	0	0	0	1	0
9356_sub4	0	3	0	3	0	0	0	3
9356_sub5	0	1	0	1	0	0	0	1
9356_sub6	0	1	1	0	0	0	1	0
9356_sub7	0	1	0	1	0	0	0	1
9356_sub8	0	1	0	1	0	0	0	1
9356_sub9	0	1	0	1	0	0	0	1
9360_sub0	0	1	0	1	0	0	0	1
9360_sub1	0	1	1	0	0	0	1	0
9360_sub2	0	1	1	0	0	0	1	0
9360_sub3	0	1	1	0	0	0	1	0
9360_sub4	0	1	0	1	0	0	0	1
9360_sub5	0	1	1	0	0	0	1	0
9361_sub0	0	1	0	1	0	0	0	1
9361_sub1	0	2	1	1	0	0	1	1
9361_sub2	0	1	0	1	0	0	0	1
9361_sub3	0	1	0	1	0	0	0	1
9361_sub4	0	1	1	0	0	0	1	0
9361_sub5	0	1	0	1	0	0	0	1
9363_sub0	0	1	1	0	0	0	1	0
9363_sub1	0	1	0	1	0	0	0	1
9363_sub2	0	1	0	1	0	0	0	1
9363_sub3	0	1	1	0	0	0	1	0
9363_sub4	0	1	0	1	0	0	0	1
9363_sub5	0	1	1	0	0	0	1	0
9363_sub6	0	1	0	1	0	0	0	1
9363_sub7	0	1	1	0	0	0	1	0
9364_sub0	0	1	0	1	0	0	0	1
9364_sub1	0	1	0	1	0	0	0	1
9364_sub2	0	1	1	0	0	0	1	0
9364_sub3	0	1	1	0	0	0	1	0
9364_sub4	0	1	1	0	0	0	1	0
9364_sub5	0	1	0	1	0	0	0	1
9367_sub0	1	13	6	7	6	7	0	0
9367_sub1	0	1	0	1	0	0	0	1
9367_sub2	0	1	1	0	0	0	1	0
9367_sub3	0	1	1	0	0	0	1	0
9367_sub4	0	1	0	1	0	0	0	1
9367_sub5	0	1	0	1	0	0	0	1
9367_sub6	0	1	1	0	0	0	1	0
9367_sub7	0	1	1	0	0	0	1	0
9371_sub0	0	1	0	1	0	0	0	1
9371_sub1	0	1	1	0	0	0	1	0
9371_sub2	0	1	0	1	0	0	0	1
9371_sub3	0	1	1	0	0	0	1	0
9371_sub4	0	1	0	1	0	0	0	1
9371_sub5	0	1	1	0	0	0	1	0
9372_sub0	0	1	1	0	0	0	1	0
9372_sub1	0	1	0	1	0	0	0	1
9372_sub2	0	1	0	1	0	0	0	1
9372_sub3	0	1	0	1	0	0	0	1
9372_sub4	0	1	0	1	0	0	0	1
9372_sub5	0	1	1	0	0	0	1	0
9372_sub6	0	1	1	0	0	0	1	0
9372_sub7	0	1	0	1	0	0	0	1
9375_sub0	1	14	4	10	4	10	0	0
9375_sub1	0	1	0	1	0	0	0	1
9375_sub2	0	1	1	0	0	0	1	0
9375_sub3	0	1	1	0	0	0	1	0
9383_sub0	1	13	5	8	5	8	0	0
9383_sub1	0	1	0	1	0	0	0	1
9383_sub2	0	1	0	1	0	0	0	1
9383_sub3	0	1	1	0	0	0	1	0
9383_sub4	0	1	1	0	0	0	1	0
9385_sub0	0	1	1	0	0	0	1	0
9385_sub1	0	1	1	0	0	0	1	0
9385_sub2	0	1	1	0	0	0	1	0
9385_sub3	0	1	0	1	0	0	0	1
9385_sub4	0	1	0	1	0	0	0	1
9385_sub5	0	1	0	1	0	0	0	1
9385_sub6	0	1	1	0	0	0	1	0
9386_sub0	0	1	1	0	0	0	1	0
9386_sub1	0	1	1	0	0	0	1	0
9386_sub2	0	1	0	1	0	0	0	1
9386_sub3	0	1	0	1	0	0	0	1
9386_sub4	0	1	1	0	0	0	1	0
9386_sub5	0	1	0	1	0	0	0	1
9386_sub6	0	1	1	0	0	0	1	0
9386_sub7	0	1	0	1	0	0	0	1
9386_sub8	0	1	0	1	0	0	0	1
9386_sub9	0	1	0	1	0	0	0	1
9386_sub10	0	1	1	0	0	0	1	0
9387_sub0	1	13	8	5	8	5	0	0
9387_sub1	0	1	0	1	0	0	0	1
9387_sub2	0	1	0	1	0	0	0	1
9387_sub3	0	1	1	0	0	0	1	0
9389_sub0	0	1	1	0	0	0	1	0
9389_sub1	0	1	1	0	0	0	1	0
9389_sub2	0	1	0	1	0	0	0	1
9389_sub3	0	1	0	1	0	0	0	1
9389_sub4	0	1	1	0	0	0	1	0
9389_sub5	0	1	1	0	0	0	1	0
939_sub0	0	1	0	1	0	0	0	1
939_sub1	1	17	13	4	13	4	0	0
939_sub2	0	1	0	1	0	0	0	1
939_sub3	0	1	0	1	0	0	0	1
939_sub4	0	1	0	1	0	0	0	1
939_sub5	0	1	0	1	0	0	0	1
9390_sub0	0	1	1	0	0	0	1	0
9390_sub1	0	1	1	0	0	0	1	0
9390_sub2	0	1	1	0	0	0	1	0
9390_sub3	0	1	1	0	0	0	1	0
9390_sub4	0	1	0	1	0	0	0	1
9390_sub5	0	1	0	1	0	0	0	1
9390_sub6	0	1	1	0	0	0	1	0
9394_sub0	0	1	1	0	0	0	1	0
9394_sub1	0	1	0	1	0	0	0	1
9394_sub2	0	1	0	1	0	0	0	1
9394_sub3	0	1	0	1	0	0	0	1
9394_sub4	0	1	1	0	0	0	1	0
9394_sub5	0	1	1	0	0	0	1	0
9395_sub0	0	1	0	1	0	0	0	1
9395_sub1	0	1	1	0	0	0	1	0
9395_sub2	0	1	0	1	0	0	0	1
9395_sub3	0	1	1	0	0	0	1	0
9395_sub4	0	1	1	0	0	0	1	0
9395_sub5	0	1	1	0	0	0	1	0
9401_sub0	1	16	9	7	9	7	0	0
9401_sub1	0	1	0	1	0	0	0	1
9401_sub2	0	1	0	1	0	0	0	1
9409_sub0	0	1	0	1	0	0	0	1
9409_sub1	0	2	1	1	0	0	1	1
9409_sub2	0	1	0	1	0	0	0	1
9409_sub3	0	1	0	1	0	0	0	1
9409_sub4	0	1	1	0	0	0	1	0
9411_sub0	0	1	0	1	0	0	0	1
9411_sub1	0	1	0	1	0	0	0	1
9411_sub2	0	1	0	1	0	0	0	1
9411_sub3	0	1	0	1	0	0	0	1
9411_sub4	0	1	0	1	0	0	0	1
9411_sub5	0	1	1	0	0	0	1	0
9411_sub6	0	1	0	1	0	0	0	1
9412_sub0	0	1	1	0	0	0	1	0
9412_sub1	0	1	1	0	0	0	1	0
9412_sub2	0	1	1	0	0	0	1	0
9412_sub3	0	1	0	1	0	0	0	1
9412_sub4	0	1	0	1	0	0	0	1
9412_sub5	0	1	0	1	0	0	0	1
9412_sub6	0	1	0	1	0	0	0	1
9412_sub7	0	1	1	0	0	0	1	0
9412_sub8	0	1	1	0	0	0	1	0
9413_sub0	0	1	1	0	0	0	1	0
9413_sub1	0	1	0	1	0	0	0	1
9413_sub2	0	1	0	1	0	0	0	1
9413_sub3	0	1	1	0	0	0	1	0
9413_sub4	0	1	1	0	0	0	1	0
9413_sub5	0	1	1	0	0	0	1	0
9419_sub0	0	1	0	1	0	0	0	1
9419_sub1	0	1	0	1	0	0	0	1
9419_sub2	0	1	1	0	0	0	1	0
9419_sub3	0	1	1	0	0	0	1	0
9419_sub4	0	1	1	0	0	0	1	0
9419_sub5	0	1	1	0	0	0	1	0
9419_sub6	0	1	0	1	0	0	0	1
9430_sub0	1	14	9	5	9	5	0	0
9430_sub1	0	1	1	0	0	0	1	0
9430_sub2	0	1	1	0	0	0	1	0
9430_sub3	0	1	1	0	0	0	1	0
9430_sub4	0	1	0	1	0	0	0	1
9431_sub0	0	1	0	1	0	0	0	1
9431_sub1	0	1	1	0	0	0	1	0
9431_sub2	0	1	0	1	0	0	0	1
9431_sub3	0	1	1	0	0	0	1	0
9431_sub4	0	1	1	0	0	0	1	0
9431_sub5	0	1	0	1	0	0	0	1
9433_sub0	0	1	0	1	0	0	0	1
9433_sub1	0	1	0	1	0	0	0	1
9433_sub2	0	1	0	1	0	0	0	1
9433_sub3	0	1	1	0	0	0	1	0
9433_sub4	0	1	0	1	0	0	0	1
9433_sub5	0	1	1	0	0	0	1	0
9435_sub0	1	10	7	3	7	3	0	0
9435_sub1	0	1	0	1	0	0	0	1
9435_sub2	0	1	1	0	0	0	1	0
9435_sub3	0	1	1	0	0	0	1	0
9435_sub4	0	1	1	0	0	0	1	0
9435_sub5	0	1	1	0	0	0	1	0
9435_sub6	0	1	1	0	0	0	1	0
9435_sub7	0	1	0	1	0	0	0	1
9435_sub8	0	1	0	1	0	0	0	1
9435_sub9	0	1	1	0	0	0	1	0
9437_sub0	0	1	1	0	0	0	1	0
9437_sub1	0	1	0	1	0	0	0	1
9437_sub2	0	1	0	1	0	0	0	1
9437_sub3	0	1	0	1	0	0	0	1
9437_sub4	0	1	1	0	0	0	1	0
9437_sub5	0	1	0	1	0	0	0	1
9446_sub0	0	1	0	1	0	0	0	1
9446_sub1	0	1	1	0	0	0	1	0
9446_sub2	0	1	1	0	0	0	1	0
9446_sub3	0	1	1	0	0	0	1	0
9446_sub4	0	1	0	1	0	0	0	1
9446_sub5	0	1	1	0	0	0	1	0
9451_sub0	0	1	0	1	0	0	0	1
9451_sub1	0	1	1	0	0	0	1	0
9451_sub2	0	1	0	1	0	0	0	1
9451_sub3	0	1	1	0	0	0	1	0
9451_sub4	0	1	0	1	0	0	0	1
9451_sub5	0	1	0	1	0	0	0	1
9452_sub0	1	12	3	9	3	9	0	0
9452_sub1	0	1	0	1	0	0	0	1
9452_sub2	0	1	1	0	0	0	1	0
9452_sub3	0	1	0	1	0	0	0	1
9452_sub4	0	1	1	0	0	0	1	0
9452_sub5	0	1	0	1	0	0	0	1
9455_sub0	0	1	1	0	0	0	1	0
9455_sub1	0	1	1	0	0	0	1	0
9455_sub2	0	1	1	0	0	0	1	0
9455_sub3	0	1	1	0	0	0	1	0
9455_sub4	0	1	0	1	0	0	0	1
9455_sub5	0	1	1	0	0	0	1	0
9455_sub6	0	1	0	1	0	0	0	1
9458_sub0	0	1	1	0	0	0	1	0
9458_sub1	0	1	0	1	0	0	0	1
9458_sub2	0	1	0	1	0	0	0	1
9458_sub3	0	1	1	0	0	0	1	0
9458_sub4	0	1	1	0	0	0	1	0
9458_sub5	0	1	0	1	0	0	0	1
9458_sub6	0	1	0	1	0	0	0	1
9459_sub0	0	1	1	0	0	0	1	0
9459_sub1	0	1	1	0	0	0	1	0
9459_sub2	1	17	9	8	9	8	0	0
9459_sub3	0	1	0	1	0	0	0	1
9459_sub4	0	1	1	0	0	0	1	0
9459_sub5	0	1	1	0	0	0	1	0
9462_sub0	1	27	17	10	10	10	7	0
9462_sub1	0	1	0	1	0	0	0	1
9462_sub2	0	1	1	0	0	0	1	0
9462_sub3	0	1	0	1	0	0	0	1
9462_sub4	0	1	0	1	0	0	0	1
9462_sub5	0	1	0	1	0	0	0	1
9462_sub6	0	1	1	0	0	0	1	0
9468_sub0	0	1	0	1	0	0	0	1
9468_sub1	0	1	1	0	0	0	1	0
9468_sub2	0	1	0	1	0	0	0	1
9468_sub3	0	1	0	1	0	0	0	1
9468_sub4	0	1	0	1	0	0	0	1
9468_sub5	0	1	0	1	0	0	0	1
9468_sub6	0	1	0	1	0	0	0	1
9468_sub7	0	1	0	1	0	0	0	1
9468_sub8	0	1	1	0	0	0	1	0
9468_sub9	0	1	0	1	0	0	0	1
9469_sub0	0	1	1	0	0	0	1	0
9469_sub1	1	16	7	9	7	9	0	0
9469_sub2	0	1	0	1	0	0	0	1
9469_sub3	0	1	0	1	0	0	0	1
9469_sub4	0	1	0	1	0	0	0	1
9469_sub5	0	1	0	1	0	0	0	1
9472_sub0	0	1	1	0	0	0	1	0
9472_sub1	0	1	1	0	0	0	1	0
9472_sub2	0	1	1	0	0	0	1	0
9472_sub3	0	1	0	1	0	0	0	1
9472_sub4	0	1	0	1	0	0	0	1
9472_sub5	0	1	1	0	0	0	1	0
9472_sub6	0	1	0	1	0	0	0	1
9473_sub0	1	9	4	5	4	5	0	0
9473_sub1	0	1	0	1	0	0	0	1
9473_sub2	0	1	0	1	0	0	0	1
9473_sub3	0	1	0	1	0	0	0	1
9475_sub0	1	11	3	8	3	8	0	0
9475_sub1	0	1	1	0	0	0	1	0
9475_sub2	0	1	1	0	0	0	1	0
9475_sub3	0	1	1	0	0	0	1	0
9480_sub0	0	1	1	0	0	0	1	0
9480_sub1	0	1	0	1	0	0	0	1
9480_sub2	0	1	1	0	0	0	1	0
9480_sub3	0	1	1	0	0	0	1	0
9480_sub4	0	1	0	1	0	0	0	1
9480_sub5	0	1	0	1	0	0	0	1
9484_sub0	0	1	0	1	0	0	0	1
9484_sub1	0	1	1	0	0	0	1	0
9484_sub2	0	1	0	1	0	0	0	1
9484_sub3	0	1	1	0	0	0	1	0
9484_sub4	0	1	1	0	0	0	1	0
9484_sub5	0	1	0	1	0	0	0	1
9484_sub6	0	1	1	0	0	0	1	0
9485_sub0	0	1	1	0	0	0	1	0
9485_sub1	0	1	0	1	0	0	0	1
9485_sub2	0	1	1	0	0	0	1	0
9485_sub3	0	1	0	1	0	0	0	1
9485_sub4	0	1	0	1	0	0	0	1
9485_sub5	0	1	0	1	0	0	0	1
9485_sub6	0	1	0	1	0	0	0	1
9486_sub0	0	1	0	1	0	0	0	1
9486_sub1	0	1	0	1	0	0	0	1
9486_sub2	0	1	0	1	0	0	0	1
9486_sub3	0	1	1	0	0	0	1	0
9486_sub4	0	1	0	1	0	0	0	1
9486_sub5	0	1	1	0	0	0	1	0
9486_sub6	0	1	0	1	0	0	0	1
9486_sub7	0	1	0	1	0	0	0	1
9486_sub8	0	1	0	1	0	0	0	1
9487_sub0	0	1	1	0	0	0	1	0
9487_sub1	0	1	1	0	0	0	1	0
9487_sub2	0	1	0	1	0	0	0	1
9487_sub3	0	1	0	1	0	0	0	1
9487_sub4	0	1	1	0	0	0	1	0
9487_sub5	0	1	1	0	0	0	1	0
9488_sub0	1	10	7	3	7	3	0	0
9491_sub0	0	1	1	0	0	0	1	0
9491_sub1	0	1	0	1	0	0	0	1
9491_sub2	0	1	1	0	0	0	1	0
9491_sub3	0	1	0	1	0	0	0	1
9491_sub4	0	1	0	1	0	0	0	1
9491_sub5	0	1	0	1	0	0	0	1
9491_sub6	0	1	1	0	0	0	1	0
9494_sub0	0	1	0	1	0	0	0	1
9494_sub1	0	1	1	0	0	0	1	0
9494_sub2	0	1	0	1	0	0	0	1
9494_sub3	0	1	0	1	0	0	0	1
9494_sub4	0	1	0	1	0	0	0	1
9494_sub5	0	1	0	1	0	0	0	1
9494_sub6	0	1	0	1	0	0	0	1
9494_sub7	0	1	0	1	0	0	0	1
9495_sub0	0	1	0	1	0	0	0	1
9495_sub1	0	1	1	0	0	0	1	0
9495_sub2	0	1	1	0	0	0	1	0
9495_sub3	0	1	1	0	0	0	1	0
9495_sub4	0	1	1	0	0	0	1	0
9495_sub5	0	1	1	0	0	0	1	0
9495_sub6	0	1	1	0	0	0	1	0
9495_sub7	0	1	1	0	0	0	1	0
9496_sub0	1	9	3	6	3	6	0	0
9496_sub1	0	1	0	1	0	0	0	1
9496_sub2	0	1	0	1	0	0	0	1
9496_sub3	0	1	0	1	0	0	0	1
9498_sub0	1	11	6	5	6	5	0	0
9498_sub1	0	1	0	1	0	0	0	1
950_sub0	0	1	1	0	0	0	1	0
950_sub1	1	9	6	3	6	3	0	0
950_sub2	0	1	0	1	0	0	0	1
950_sub3	0	1	1	0	0	0	1	0
950_sub4	0	1	1	0	0	0	1	0
950_sub5	0	1	0	1	0	0	0	1
9501_sub0	0	1	1	0	0	0	1	0
9501_sub1	0	1	1	0	0	0	1	0
9501_sub2	0	1	1	0	0	0	1	0
9501_sub3	0	1	1	0	0	0	1	0
9501_sub4	0	1	0	1	0	0	0	1
9501_sub5	0	1	0	1	0	0	0	1
9509_sub0	0	1	1	0	0	0	1	0
9509_sub1	0	1	1	0	0	0	1	0
9509_sub2	0	1	1	0	0	0	1	0
9509_sub3	0	1	0	1	0	0	0	1
9509_sub4	0	1	0	1	0	0	0	1
9509_sub5	0	1	0	1	0	0	0	1
9510_sub0	0	1	0	1	0	0	0	1
9510_sub1	0	1	0	1	0	0	0	1
9510_sub2	0	1	1	0	0	0	1	0
9510_sub3	0	1	1	0	0	0	1	0
9510_sub4	0	1	1	0	0	0	1	0
9510_sub5	0	1	1	0	0	0	1	0
9510_sub6	0	1	1	0	0	0	1	0
9510_sub7	0	1	0	1	0	0	0	1
9510_sub8	0	1	0	1	0	0	0	1
9512_sub0	0	1	1	0	0	0	1	0
9512_sub1	0	1	1	0	0	0	1	0
9512_sub2	0	1	1	0	0	0	1	0
9512_sub3	0	1	0	1	0	0	0	1
9512_sub4	0	1	1	0	0	0	1	0
9512_sub5	0	1	0	1	0	0	0	1
9512_sub6	0	1	1	0	0	0	1	0
9512_sub7	0	1	1	0	0	0	1	0
9512_sub8	0	1	0	1	0	0	0	1
9514_sub0	0	1	1	0	0	0	1	0
9514_sub1	1	12	4	8	4	8	0	0
9514_sub2	0	1	1	0	0	0	1	0
9514_sub3	0	1	1	0	0	0	1	0
9514_sub4	0	1	1	0	0	0	1	0
9514_sub5	0	1	0	1	0	0	0	1
9514_sub6	0	1	0	1	0	0	0	1
9514_sub7	0	1	0	1	0	0	0	1
9514_sub8	0	1	0	1	0	0	0	1
9514_sub9	0	1	1	0	0	0	1	0
9514_sub10	0	1	0	1	0	0	0	1
9519_sub0	1	15	9	6	9	6	0	0
9521_sub0	0	1	0	1	0	0	0	1
9521_sub1	0	1	0	1	0	0	0	1
9521_sub2	0	1	1	0	0	0	1	0
9521_sub3	0	1	1	0	0	0	1	0
9521_sub4	0	1	0	1	0	0	0	1
9521_sub5	0	1	1	0	0	0	1	0
9521_sub6	0	1	0	1	0	0	0	1
9521_sub7	0	1	0	1	0	0	0	1
9521_sub8	0	1	1	0	0	0	1	0
9521_sub9	0	1	1	0	0	0	1	0
9521_sub10	0	1	0	1	0	0	0	1
9521_sub11	0	1	0	1	0	0	0	1
9521_sub12	0	1	0	1	0	0	0	1
9521_sub13	0	1	0	1	0	0	0	1
9521_sub14	0	1	1	0	0	0	1	0
9523_sub0	0	1	0	1	0	0	0	1
9523_sub1	0	1	0	1	0	0	0	1
9523_sub2	0	1	0	1	0	0	0	1
9523_sub3	0	1	0	1	0	0	0	1
9523_sub4	0	1	1	0	0	0	1	0
9523_sub5	0	1	1	0	0	0	1	0
9524_sub0	1	9	6	3	6	3	0	0
9529_sub0	1	11	7	4	7	4	0	0
9529_sub1	0	1	1	0	0	0	1	0
9529_sub2	0	1	0	1	0	0	0	1
9529_sub3	0	1	1	0	0	0	1	0
9529_sub4	0	1	1	0	0	0	1	0
9529_sub5	0	1	0	1	0	0	0	1
9529_sub6	0	1	0	1	0	0	0	1
953_sub0	0	1	0	1	0	0	0	1
953_sub1	1	15	6	9	6	9	0	0
953_sub2	0	1	0	1	0	0	0	1
953_sub3	0	1	0	1	0	0	0	1
953_sub4	0	2	0	2	0	0	0	2
953_sub5	0	1	0	1	0	0	0	1
9531_sub0	1	16	8	8	8	8	0	0
9531_sub1	0	1	0	1	0	0	0	1
9531_sub2	0	1	1	0	0	0	1	0
9531_sub3	0	1	0	1	0	0	0	1
9531_sub4	0	1	0	1	0	0	0	1
9532_sub0	0	1	0	1	0	0	0	1
9532_sub1	0	1	0	1	0	0	0	1
9532_sub2	0	1	0	1	0	0	0	1
9532_sub3	0	1	1	0	0	0	1	0
9532_sub4	0	1	0	1	0	0	0	1
9532_sub5	0	1	0	1	0	0	0	1
9532_sub6	0	1	0	1	0	0	0	1
9532_sub7	0	1	0	1	0	0	0	1
9532_sub8	0	1	0	1	0	0	0	1
9533_sub0	1	8	5	3	5	3	0	0
9533_sub1	0	1	0	1	0	0	0	1
9533_sub2	0	1	1	0	0	0	1	0
9537_sub0	1	14	9	5	9	5	0	0
9537_sub1	0	1	1	0	0	0	1	0
9537_sub2	0	1	1	0	0	0	1	0
9539_sub0	1	20	9	11	9	11	0	0
9539_sub1	0	1	1	0	0	0	1	0
9539_sub2	0	1	0	1	0	0	0	1
9539_sub3	0	1	1	0	0	0	1	0
9539_sub4	0	1	0	1	0	0	0	1
9539_sub5	0	1	0	1	0	0	0	1
9539_sub6	0	1	1	0	0	0	1	0
9539_sub7	0	1	0	1	0	0	0	1
9539_sub8	0	1	0	1	0	0	0	1
9540_sub0	0	1	0	1	0	0	0	1
9540_sub1	0	1	0	1	0	0	0	1
9540_sub2	0	1	0	1	0	0	0	1
9540_sub3	0	1	1	0	0	0	1	0
9540_sub4	0	1	0	1	0	0	0	1
9540_sub5	0	1	1	0	0	0	1	0
9540_sub6	0	1	1	0	0	0	1	0
9540_sub7	0	1	0	1	0	0	0	1
9549_sub0	0	1	1	0	0	0	1	0
9549_sub1	0	1	1	0	0	0	1	0
9549_sub2	0	1	1	0	0	0	1	0
9549_sub3	0	1	0	1	0	0	0	1
9549_sub4	0	1	0	1	0	0	0	1
9549_sub5	0	1	0	1	0	0	0	1
9549_sub6	0	1	1	0	0	0	1	0
9550_sub0	0	1	1	0	0	0	1	0
9550_sub1	0	1	1	0	0	0	1	0
9550_sub2	0	1	1	0	0	0	1	0
9550_sub3	0	1	1	0	0	0	1	0
9550_sub4	0	1	0	1	0	0	0	1
9550_sub5	0	1	1	0	0	0	1	0
9550_sub6	0	1	0	1	0	0	0	1
9559_sub0	0	1	1	0	0	0	1	0
9559_sub1	0	1	0	1	0	0	0	1
9559_sub2	0	1	0	1	0	0	0	1
9559_sub3	0	1	1	0	0	0	1	0
9559_sub4	0	1	0	1	0	0	0	1
9559_sub5	0	1	1	0	0	0	1	0
9559_sub6	0	1	0	1	0	0	0	1
9559_sub7	0	1	1	0	0	0	1	0
956_sub0	0	1	0	1	0	0	0	1
956_sub1	0	1	0	1	0	0	0	1
956_sub2	1	20	9	11	9	11	0	0
956_sub3	0	1	1	0	0	0	1	0
956_sub4	0	1	0	1	0	0	0	1
956_sub5	0	1	0	1	0	0	0	1
956_sub6	0	1	1	0	0	0	1	0
956_sub7	0	1	1	0	0	0	1	0
956_sub8	0	1	0	1	0	0	0	1
9560_sub0	0	1	1	0	0	0	1	0
9560_sub1	0	1	1	0	0	0	1	0
9560_sub2	0	1	1	0	0	0	1	0
9560_sub3	0	1	1	0	0	0	1	0
9560_sub4	0	1	1	0	0	0	1	0
9560_sub5	0	1	0	1	0	0	0	1
9560_sub6	0	1	0	1	0	0	0	1
9560_sub7	0	1	0	1	0	0	0	1
9565_sub0	0	1	1	0	0	0	1	0
9565_sub1	0	1	1	0	0	0	1	0
9565_sub2	0	1	1	0	0	0	1	0
9565_sub3	0	1	0	1	0	0	0	1
9565_sub4	0	1	0	1	0	0	0	1
9565_sub5	0	1	1	0	0	0	1	0
9567_sub0	0	1	0	1	0	0	0	1
9567_sub1	0	1	1	0	0	0	1	0
9567_sub2	0	1	1	0	0	0	1	0
9567_sub3	0	1	0	1	0	0	0	1
9567_sub4	0	1	0	1	0	0	0	1
9567_sub5	0	1	0	1	0	0	0	1
9567_sub6	0	1	0	1	0	0	0	1
9567_sub7	0	1	0	1	0	0	0	1
9568_sub0	0	1	0	1	0	0	0	1
9568_sub1	0	1	0	1	0	0	0	1
9568_sub2	0	1	1	0	0	0	1	0
9568_sub3	0	1	1	0	0	0	1	0
9568_sub4	0	1	0	1	0	0	0	1
9568_sub5	0	1	1	0	0	0	1	0
9568_sub6	0	1	0	1	0	0	0	1
9571_sub0	0	1	1	0	0	0	1	0
9571_sub1	0	1	0	1	0	0	0	1
9571_sub2	0	1	1	0	0	0	1	0
9571_sub3	0	1	1	0	0	0	1	0
9571_sub4	0	1	1	0	0	0	1	0
9571_sub5	0	1	0	1	0	0	0	1
9571_sub6	0	1	0	1	0	0	0	1
9571_sub7	0	1	1	0	0	0	1	0
9572_sub0	1	13	4	9	4	9	0	0
9572_sub1	0	1	0	1	0	0	0	1
9572_sub2	0	1	0	1	0	0	0	1
9572_sub3	0	1	0	1	0	0	0	1
9572_sub4	0	1	0	1	0	0	0	1
9572_sub5	0	1	0	1	0	0	0	1
9572_sub6	0	1	1	0	0	0	1	0
9572_sub7	0	1	0	1	0	0	0	1
9575_sub0	0	1	1	0	0	0	1	0
9575_sub1	0	1	0	1	0	0	0	1
9575_sub2	0	1	0	1	0	0	0	1
9575_sub3	0	1	0	1	0	0	0	1
9575_sub4	0	1	1	0	0	0	1	0
9575_sub5	0	1	1	0	0	0	1	0
9575_sub6	0	1	1	0	0	0	1	0
9575_sub7	0	1	0	1	0	0	0	1
9580_sub0	0	1	1	0	0	0	1	0
9580_sub1	0	1	0	1	0	0	0	1
9580_sub2	0	1	0	1	0	0	0	1
9580_sub3	0	1	0	1	0	0	0	1
9580_sub4	0	1	0	1	0	0	0	1
9580_sub5	0	1	0	1	0	0	0	1
9580_sub6	0	1	1	0	0	0	1	0
9580_sub7	0	1	1	0	0	0	1	0
9580_sub8	0	1	0	1	0	0	0	1
9587_sub0	0	1	1	0	0	0	1	0
9587_sub1	0	1	1	0	0	0	1	0
9587_sub2	0	1	0	1	0	0	0	1
9587_sub3	0	1	1	0	0	0	1	0
9587_sub4	0	1	1	0	0	0	1	0
9587_sub5	0	1	0	1	0	0	0	1
9596_sub0	0	1	1	0	0	0	1	0
9596_sub1	1	6	2	4	2	4	0	0
9596_sub2	0	1	0	1	0	0	0	1
9596_sub3	0	1	0	1	0	0	0	1
9597_sub0	0	1	0	1	0	0	0	1
9597_sub1	0	1	0	1	0	0	0	1
9597_sub2	0	1	0	1	0	0	0	1
9597_sub3	0	1	0	1	0	0	0	1
9597_sub4	0	1	1	0	0	0	1	0
9597_sub5	0	1	1	0	0	0	1	0
9600_sub0	1	19	10	9	10	9	0	0
9600_sub1	0	1	1	0	0	0	1	0
9600_sub2	0	1	0	1	0	0	0	1
9600_sub3	0	1	1	0	0	0	1	0
9600_sub4	0	1	1	0	0	0	1	0
9600_sub5	0	1	1	0	0	0	1	0
9600_sub6	0	1	1	0	0	0	1	0
9603_sub0	1	13	6	7	6	7	0	0
9603_sub1	0	1	1	0	0	0	1	0
9603_sub2	0	1	0	1	0	0	0	1
9603_sub3	0	1	0	1	0	0	0	1
9603_sub4	0	1	0	1	0	0	0	1
9607_sub0	0	1	1	0	0	0	1	0
9607_sub1	0	1	0	1	0	0	0	1
9607_sub2	0	1	0	1	0	0	0	1
9607_sub3	0	1	1	0	0	0	1	0
9607_sub4	0	1	1	0	0	0	1	0
9607_sub5	0	1	0	1	0	0	0	1
9608_sub0	0	1	0	1	0	0	0	1
9608_sub1	0	1	0	1	0	0	0	1
9608_sub2	0	1	1	0	0	0	1	0
9608_sub3	0	1	0	1	0	0	0	1
9608_sub4	0	1	1	0	0	0	1	0
9608_sub5	0	1	0	1	0	0	0	1
9609_sub0	0	1	0	1	0	0	0	1
9609_sub1	1	10	2	8	2	8	0	0
9609_sub2	0	1	0	1	0	0	0	1
9609_sub3	0	1	0	1	0	0	0	1
9609_sub4	0	1	1	0	0	0	1	0
9609_sub5	0	1	0	1	0	0	0	1
9609_sub6	0	1	0	1	0	0	0	1
961_sub0	0	1	0	1	0	0	0	1
961_sub1	0	1	1	0	0	0	1	0
961_sub2	0	1	0	1	0	0	0	1
961_sub3	1	16	8	8	8	8	0	0
961_sub4	0	1	0	1	0	0	0	1
961_sub5	0	1	0	1	0	0	0	1
9616_sub0	0	1	1	0	0	0	1	0
9616_sub1	0	1	1	0	0	0	1	0
9616_sub2	0	2	1	1	0	0	1	1
9616_sub3	0	1	1	0	0	0	1	0
9616_sub4	0	1	1	0	0	0	1	0
9621_sub0	0	1	1	0	0	0	1	0
9621_sub1	0	1	1	0	0	0	1	0
9621_sub2	0	1	0	1	0	0	0	1
9621_sub3	0	1	0	1	0	0	0	1
9621_sub4	0	1	0	1	0	0	0	1
9621_sub5	0	1	1	0	0	0	1	0
9621_sub6	0	1	1	0	0	0	1	0
9621_sub7	0	1	0	1	0	0	0	1
9626_sub0	1	40	21	19	10	10	11	9
9626_sub1	0	1	0	1	0	0	0	1
9626_sub2	0	1	0	1	0	0	0	1
9626_sub3	0	1	1	0	0	0	1	0
9627_sub0	0	1	1	0	0	0	1	0
9627_sub1	0	1	1	0	0	0	1	0
9627_sub2	0	1	1	0	0	0	1	0
9627_sub3	0	1	0	1	0	0	0	1
9627_sub4	0	1	1	0	0	0	1	0
9627_sub5	0	1	0	1	0	0	0	1
9627_sub6	0	1	0	1	0	0	0	1
9627_sub7	0	1	1	0	0	0	1	0
9628_sub0	0	1	1	0	0	0	1	0
9628_sub1	0	1	1	0	0	0	1	0
9628_sub2	0	1	1	0	0	0	1	0
9628_sub3	0	1	1	0	0	0	1	0
9628_sub4	0	1	0	1	0	0	0	1
9628_sub5	0	1	0	1	0	0	0	1
9628_sub6	0	1	0	1	0	0	0	1
9632_sub0	0	1	0	1	0	0	0	1
9632_sub1	0	1	1	0	0	0	1	0
9632_sub2	0	1	0	1	0	0	0	1
9632_sub3	0	1	1	0	0	0	1	0
9632_sub4	0	1	0	1	0	0	0	1
9632_sub5	0	1	1	0	0	0	1	0
9632_sub6	0	1	0	1	0	0	0	1
9633_sub0	1	11	9	2	9	2	0	0
9633_sub1	0	1	1	0	0	0	1	0
9635_sub0	0	1	0	1	0	0	0	1
9635_sub1	0	1	1	0	0	0	1	0
9635_sub2	0	1	1	0	0	0	1	0
9635_sub3	0	1	0	1	0	0	0	1
9635_sub4	0	1	0	1	0	0	0	1
9635_sub5	0	1	1	0	0	0	1	0
9648_sub0	0	1	0	1	0	0	0	1
9648_sub1	0	1	0	1	0	0	0	1
9648_sub2	0	1	1	0	0	0	1	0
9648_sub3	0	1	0	1	0	0	0	1
9648_sub4	0	1	1	0	0	0	1	0
9648_sub5	0	1	0	1	0	0	0	1
9648_sub6	0	1	0	1	0	0	0	1
9650_sub0	0	1	1	0	0	0	1	0
9650_sub1	0	1	1	0	0	0	1	0
9650_sub2	0	1	0	1	0	0	0	1
9650_sub3	0	1	1	0	0	0	1	0
9650_sub4	0	1	1	0	0	0	1	0
9650_sub5	0	1	0	1	0	0	0	1
9653_sub0	0	1	0	1	0	0	0	1
9653_sub1	0	1	1	0	0	0	1	0
9653_sub2	0	1	0	1	0	0	0	1
9653_sub3	0	1	0	1	0	0	0	1
9653_sub4	0	1	0	1	0	0	0	1
9653_sub5	0	1	1	0	0	0	1	0
9653_sub6	0	1	0	1	0	0	0	1
9662_sub0	1	13	7	6	7	6	0	0
9662_sub1	0	1	0	1	0	0	0	1
9662_sub2	0	1	1	0	0	0	1	0
9662_sub3	0	1	0	1	0	0	0	1
9662_sub4	0	1	0	1	0	0	0	1
9663_sub0	0	1	0	1	0	0	0	1
9663_sub1	0	1	1	0	0	0	1	0
9663_sub2	0	1	1	0	0	0	1	0
9663_sub3	0	1	0	1	0	0	0	1
9663_sub4	0	1	0	1	0	0	0	1
9663_sub5	0	1	0	1	0	0	0	1
9666_sub0	1	20	9	11	9	11	0	0
9666_sub1	0	1	1	0	0	0	1	0
9666_sub2	0	1	0	1	0	0	0	1
9666_sub3	0	1	0	1	0	0	0	1
9666_sub4	0	1	0	1	0	0	0	1
9666_sub5	0	1	0	1	0	0	0	1
9666_sub6	0	1	1	0	0	0	1	0
9671_sub0	0	1	0	1	0	0	0	1
9671_sub1	0	1	1	0	0	0	1	0
9671_sub2	0	1	0	1	0	0	0	1
9671_sub3	0	1	1	0	0	0	1	0
9671_sub4	0	1	1	0	0	0	1	0
9671_sub5	0	1	1	0	0	0	1	0
9674_sub0	0	1	0	1	0	0	0	1
9674_sub1	0	1	0	1	0	0	0	1
9674_sub2	0	1	1	0	0	0	1	0
9674_sub3	0	1	0	1	0	0	0	1
9674_sub4	0	1	0	1	0	0	0	1
9674_sub5	0	1	0	1	0	0	0	1
9674_sub6	0	1	0	1	0	0	0	1
9681_sub0	0	1	0	1	0	0	0	1
9681_sub1	0	1	1	0	0	0	1	0
9681_sub2	0	1	0	1	0	0	0	1
9681_sub3	0	1	0	1	0	0	0	1
9681_sub4	0	1	0	1	0	0	0	1
9681_sub5	0	1	0	1	0	0	0	1
9681_sub6	0	1	1	0	0	0	1	0
9684_sub0	0	1	1	0	0	0	1	0
9684_sub1	0	1	0	1	0	0	0	1
9684_sub2	0	1	0	1	0	0	0	1
9684_sub3	0	1	0	1	0	0	0	1
9684_sub4	0	1	1	0	0	0	1	0
9684_sub5	0	1	0	1	0	0	0	1
9685_sub0	1	19	11	8	11	8	0	0
9685_sub1	0	1	1	0	0	0	1	0
9685_sub2	0	1	1	0	0	0	1	0
9685_sub3	0	1	1	0	0	0	1	0
9685_sub4	0	1	0	1	0	0	0	1
9685_sub5	0	1	0	1	0	0	0	1
9688_sub0	1	10	6	4	6	4	0	0
9688_sub1	0	1	0	1	0	0	0	1
9688_sub2	0	1	1	0	0	0	1	0
9689_sub0	1	9	4	5	4	5	0	0
9689_sub1	0	1	0	1	0	0	0	1
9689_sub2	0	1	1	0	0	0	1	0
9689_sub3	0	1	1	0	0	0	1	0
969_sub0	0	1	0	1	0	0	0	1
969_sub1	0	1	0	1	0	0	0	1
969_sub2	1	14	7	7	7	7	0	0
969_sub3	0	1	0	1	0	0	0	1
969_sub4	0	1	0	1	0	0	0	1
969_sub5	0	1	1	0	0	0	1	0
969_sub6	0	1	0	1	0	0	0	1
9692_sub0	1	13	6	7	6	7	0	0
9692_sub1	0	1	1	0	0	0	1	0
9692_sub2	0	1	1	0	0	0	1	0
9692_sub3	0	1	0	1	0	0	0	1
9695_sub0	0	1	0	1	0	0	0	1
9695_sub1	0	1	1	0	0	0	1	0
9695_sub2	0	1	1	0	0	0	1	0
9695_sub3	0	1	1	0	0	0	1	0
9695_sub4	0	1	1	0	0	0	1	0
9695_sub5	0	1	1	0	0	0	1	0
9696_sub0	0	1	0	1	0	0	0	1
9696_sub1	1	7	4	3	4	3	0	0
9696_sub2	0	1	0	1	0	0	0	1
9696_sub3	0	1	1	0	0	0	1	0
9698_sub0	0	1	0	1	0	0	0	1
9698_sub1	1	7	2	5	2	5	0	0
97_sub0	0	1	1	0	0	0	1	0
97_sub1	0	1	0	1	0	0	0	1
97_sub2	1	6	4	2	4	2	0	0
97_sub3	0	1	1	0	0	0	1	0
97_sub4	0	1	0	1	0	0	0	1
97_sub5	0	1	0	1	0	0	0	1
970_sub0	0	1	0	1	0	0	0	1
970_sub1	0	1	1	0	0	0	1	0
970_sub2	0	5	3	2	0	0	3	2
9706_sub0	1	28	16	12	10	10	6	2
9706_sub1	0	1	0	1	0	0	0	1
9706_sub2	0	1	1	0	0	0	1	0
9706_sub3	0	1	1	0	0	0	1	0
9706_sub4	0	1	0	1	0	0	0	1
9706_sub5	0	1	0	1	0	0	0	1
9706_sub6	0	1	0	1	0	0	0	1
9706_sub7	0	1	1	0	0	0	1	0
9706_sub8	0	1	1	0	0	0	1	0
9718_sub0	1	21	14	7	13	7	1	0
9721_sub0	0	1	1	0	0	0	1	0
9721_sub1	0	1	1	0	0	0	1	0
9721_sub2	0	1	0	1	0	0	0	1
9721_sub3	0	1	1	0	0	0	1	0
9721_sub4	0	1	0	1	0	0	0	1
9721_sub5	0	1	0	1	0	0	0	1
9721_sub6	0	1	1	0	0	0	1	0
9724_sub0	0	1	1	0	0	0	1	0
9724_sub1	0	2	1	1	0	0	1	1
9724_sub2	0	1	1	0	0	0	1	0
9724_sub3	0	1	1	0	0	0	1	0
9724_sub4	0	1	0	1	0	0	0	1
9724_sub5	0	1	1	0	0	0	1	0
9724_sub6	0	1	1	0	0	0	1	0
9724_sub7	0	1	1	0	0	0	1	0
9727_sub0	0	2	1	1	0	0	1	1
9727_sub1	0	1	0	1	0	0	0	1
9727_sub2	0	1	1	0	0	0	1	0
9727_sub3	0	1	1	0	0	0	1	0
9727_sub4	0	1	0	1	0	0	0	1
9727_sub5	0	1	0	1	0	0	0	1
9727_sub6	0	1	1	0	0	0	1	0
9732_sub0	0	1	0	1	0	0	0	1
9732_sub1	0	1	0	1	0	0	0	1
9732_sub2	0	1	0	1	0	0	0	1
9732_sub3	0	1	0	1	0	0	0	1
9732_sub4	0	1	1	0	0	0	1	0
9732_sub5	0	1	1	0	0	0	1	0
9732_sub6	0	1	1	0	0	0	1	0
9734_sub0	0	1	1	0	0	0	1	0
9734_sub1	0	1	1	0	0	0	1	0
9734_sub2	0	1	0	1	0	0	0	1
9734_sub3	0	1	1	0	0	0	1	0
9734_sub4	0	1	1	0	0	0	1	0
9734_sub5	0	1	0	1	0	0	0	1
9734_sub6	0	1	0	1	0	0	0	1
9735_sub0	0	1	0	1	0	0	0	1
9735_sub1	0	1	0	1	0	0	0	1
9735_sub2	0	1	1	0	0	0	1	0
9735_sub3	0	1	0	1	0	0	0	1
9735_sub4	0	1	0	1	0	0	0	1
9735_sub5	0	1	0	1	0	0	0	1
9735_sub6	0	1	1	0	0	0	1	0
9735_sub7	0	1	1	0	0	0	1	0
9737_sub0	1	13	8	5	8	5	0	0
9737_sub1	0	1	1	0	0	0	1	0
9737_sub2	0	1	0	1	0	0	0	1
9737_sub3	0	1	0	1	0	0	0	1
9737_sub4	0	1	0	1	0	0	0	1
9737_sub5	0	1	0	1	0	0	0	1
9737_sub6	0	1	0	1	0	0	0	1
9740_sub0	1	19	7	12	7	12	0	0
9740_sub1	0	1	1	0	0	0	1	0
9740_sub2	0	1	0	1	0	0	0	1
9740_sub3	0	1	1	0	0	0	1	0
9740_sub4	0	1	0	1	0	0	0	1
9748_sub0	0	1	0	1	0	0	0	1
9748_sub1	0	1	0	1	0	0	0	1
9748_sub2	0	1	1	0	0	0	1	0
9748_sub3	0	1	1	0	0	0	1	0
9748_sub4	0	1	0	1	0	0	0	1
9748_sub5	0	1	0	1	0	0	0	1
9750_sub0	0	1	1	0	0	0	1	0
9750_sub1	0	1	0	1	0	0	0	1
9750_sub2	0	1	1	0	0	0	1	0
9750_sub3	0	1	1	0	0	0	1	0
9750_sub4	0	1	0	1	0	0	0	1
9750_sub5	0	1	0	1	0	0	0	1
9754_sub0	0	1	0	1	0	0	0	1
9754_sub1	0	1	0	1	0	0	0	1
9754_sub2	0	1	1	0	0	0	1	0
9754_sub3	0	1	0	1	0	0	0	1
9754_sub4	0	1	1	0	0	0	1	0
9754_sub5	0	1	1	0	0	0	1	0
9754_sub6	0	1	1	0	0	0	1	0
9755_sub0	1	21	10	11	10	10	0	1
9755_sub1	0	1	0	1	0	0	0	1
9755_sub2	0	1	1	0	0	0	1	0
9755_sub3	0	1	0	1	0	0	0	1
9757_sub0	0	1	1	0	0	0	1	0
9757_sub1	0	1	0	1	0	0	0	1
9757_sub2	0	1	1	0	0	0	1	0
9757_sub3	0	1	0	1	0	0	0	1
9757_sub4	0	1	0	1	0	0	0	1
9757_sub5	0	1	1	0	0	0	1	0
9757_sub6	0	1	0	1	0	0	0	1
9757_sub7	0	1	1	0	0	0	1	0
9757_sub8	0	1	0	1	0	0	0	1
976_sub0	1	11	5	6	5	6	0	0
976_sub1	0	1	0	1	0	0	0	1
976_sub2	0	1	0	1	0	0	0	1
976_sub3	0	1	0	1	0	0	0	1
976_sub4	0	1	1	0	0	0	1	0
976_sub5	0	1	0	1	0	0	0	1
9763_sub0	1	27	13	14	10	10	3	4
9763_sub1	0	1	1	0	0	0	1	0
9764_sub0	0	1	1	0	0	0	1	0
9764_sub1	0	1	1	0	0	0	1	0
9764_sub2	0	1	1	0	0	0	1	0
9764_sub3	0	1	0	1	0	0	0	1
9764_sub4	0	1	1	0	0	0	1	0
9764_sub5	0	1	1	0	0	0	1	0
9764_sub6	0	1	0	1	0	0	0	1
977_sub0	0	1	1	0	0	0	1	0
977_sub1	1	20	14	6	14	6	0	0
977_sub2	0	1	1	0	0	0	1	0
9770_sub0	0	1	1	0	0	0	1	0
9770_sub1	0	1	1	0	0	0	1	0
9770_sub2	0	1	1	0	0	0	1	0
9770_sub3	0	1	0	1	0	0	0	1
9770_sub4	0	1	1	0	0	0	1	0
9770_sub5	0	1	0	1	0	0	0	1
9773_sub0	0	1	1	0	0	0	1	0
9773_sub1	0	1	1	0	0	0	1	0
9773_sub2	0	1	1	0	0	0	1	0
9773_sub3	0	1	0	1	0	0	0	1
9773_sub4	0	1	1	0	0	0	1	0
9773_sub5	0	1	0	1	0	0	0	1
9773_sub6	0	1	0	1	0	0	0	1
9774_sub0	0	1	1	0	0	0	1	0
9774_sub1	1	8	6	2	6	2	0	0
9774_sub2	0	1	0	1	0	0	0	1
9774_sub3	0	1	0	1	0	0	0	1
9774_sub4	0	1	0	1	0	0	0	1
9774_sub5	0	1	1	0	0	0	1	0
9774_sub6	0	1	0	1	0	0	0	1
9774_sub7	0	1	0	1	0	0	0	1
9775_sub0	0	1	1	0	0	0	1	0
9775_sub1	0	1	0	1	0	0	0	1
9775_sub2	0	1	1	0	0	0	1	0
9775_sub3	0	1	0	1	0	0	0	1
9775_sub4	0	1	0	1	0	0	0	1
9775_sub5	0	1	0	1	0	0	0	1
9775_sub6	0	1	0	1	0	0	0	1
9775_sub7	0	1	1	0	0	0	1	0
9777_sub0	0	1	1	0	0	0	1	0
9777_sub1	0	1	1	0	0	0	1	0
9777_sub2	0	1	0	1	0	0	0	1
9777_sub3	0	1	1	0	0	0	1	0
9777_sub4	0	1	0	1	0	0	0	1
9777_sub5	0	1	1	0	0	0	1	0
9777_sub6	0	1	1	0	0	0	1	0
9777_sub7	0	1	1	0	0	0	1	0
9779_sub0	0	1	1	0	0	0	1	0
9779_sub1	0	1	0	1	0	0	0	1
9779_sub2	0	1	0	1	0	0	0	1
9779_sub3	0	1	0	1	0	0	0	1
9779_sub4	0	1	1	0	0	0	1	0
9779_sub5	0	1	1	0	0	0	1	0
9779_sub6	0	1	0	1	0	0	0	1
9779_sub7	0	1	0	1	0	0	0	1
9779_sub8	0	1	0	1	0	0	0	1
9780_sub0	0	1	0	1	0	0	0	1
9780_sub1	0	1	0	1	0	0	0	1
9780_sub2	0	2	0	2	0	0	0	2
9780_sub3	0	1	0	1	0	0	0	1
9780_sub4	0	1	0	1	0	0	0	1
9786_sub0	0	1	1	0	0	0	1	0
9786_sub1	0	2	1	1	0	0	1	1
9786_sub2	0	1	1	0	0	0	1	0
9786_sub3	0	1	1	0	0	0	1	0
9786_sub4	0	1	0	1	0	0	0	1
9786_sub5	0	1	1	0	0	0	1	0
9786_sub6	0	1	1	0	0	0	1	0
9786_sub7	0	1	0	1	0	0	0	1
979_sub0	0	1	0	1	0	0	0	1
979_sub1	0	1	0	1	0	0	0	1
979_sub2	0	1	0	1	0	0	0	1
979_sub3	0	1	1	0	0	0	1	0
979_sub4	0	1	1	0	0	0	1	0
979_sub5	0	1	0	1	0	0	0	1
9791_sub0	0	1	1	0	0	0	1	0
9791_sub1	0	1	1	0	0	0	1	0
9791_sub2	0	1	0	1	0	0	0	1
9791_sub3	0	1	1	0	0	0	1	0
9791_sub4	0	1	0	1	0	0	0	1
9791_sub5	0	1	0	1	0	0	0	1
9791_sub6	0	1	0	1	0	0	0	1
9791_sub7	0	1	1	0	0	0	1	0
9791_sub8	0	1	0	1	0	0	0	1
9791_sub9	0	1	1	0	0	0	1	0
9798_sub0	1	23	11	12	10	10	1	2
9798_sub1	0	1	1	0	0	0	1	0
9798_sub2	0	1	0	1	0	0	0	1
9798_sub3	0	1	0	1	0	0	0	1
9798_sub4	0	1	0	1	0	0	0	1
9798_sub5	0	1	0	1	0	0	0	1
9798_sub6	0	1	1	0	0	0	1	0
9798_sub7	0	1	0	1	0	0	0	1
9798_sub8	0	1	0	1	0	0	0	1
9798_sub9	0	1	0	1	0	0	0	1
9799_sub0	0	2	2	0	0	0	2	0
9799_sub1	0	1	1	0	0	0	1	0
9799_sub2	0	2	1	1	0	0	1	1
9799_sub3	0	1	1	0	0	0	1	0
9799_sub4	0	1	0	1	0	0	0	1
9799_sub5	0	1	1	0	0	0	1	0
9799_sub6	0	1	1	0	0	0	1	0
980_sub0	0	1	0	1	0	0	0	1
980_sub1	1	20	12	8	12	8	0	0
980_sub2	0	1	0	1	0	0	0	1
980_sub3	0	1	1	0	0	0	1	0
9802_sub0	1	31	13	18	10	10	3	8
9802_sub1	0	1	1	0	0	0	1	0
9802_sub2	0	1	1	0	0	0	1	0
9802_sub3	0	1	0	1	0	0	0	1
9802_sub4	0	1	0	1	0	0	0	1
9802_sub5	0	1	1	0	0	0	1	0
9802_sub6	0	1	1	0	0	0	1	0
9802_sub7	0	1	1	0	0	0	1	0
9802_sub8	0	1	0	1	0	0	0	1
9802_sub9	0	1	0	1	0	0	0	1
9802_sub10	0	2	0	2	0	0	0	2
9805_sub0	0	1	1	0	0	0	1	0
9805_sub1	1	16	9	7	9	7	0	0
9805_sub2	0	1	0	1	0	0	0	1
9805_sub3	0	1	1	0	0	0	1	0
9808_sub0	0	1	1	0	0	0	1	0
9808_sub1	0	1	0	1	0	0	0	1
9808_sub2	0	2	1	1	0	0	1	1
9808_sub3	0	1	0	1	0	0	0	1
9808_sub4	0	1	0	1	0	0	0	1
9808_sub5	0	1	0	1	0	0	0	1
9808_sub6	0	1	1	0	0	0	1	0
9808_sub7	0	1	1	0	0	0	1	0
9808_sub8	0	1	1	0	0	0	1	0
9808_sub9	0	1	1	0	0	0	1	0
9808_sub10	0	1	0	1	0	0	0	1
9808_sub11	0	1	0	1	0	0	0	1
981_sub0	0	1	1	0	0	0	1	0
981_sub1	0	1	0	1	0	0	0	1
981_sub2	0	1	0	1	0	0	0	1
981_sub3	0	1	0	1	0	0	0	1
981_sub4	0	1	1	0	0	0	1	0
981_sub5	0	1	1	0	0	0	1	0
9820_sub0	1	16	7	9	7	9	0	0
9820_sub1	0	1	1	0	0	0	1	0
9820_sub2	0	1	1	0	0	0	1	0
9820_sub3	0	1	0	1	0	0	0	1
9820_sub4	0	1	0	1	0	0	0	1
9820_sub5	0	1	1	0	0	0	1	0
9820_sub6	0	1	1	0	0	0	1	0
9820_sub7	0	1	1	0	0	0	1	0
9820_sub8	0	1	1	0	0	0	1	0
9821_sub0	0	1	1	0	0	0	1	0
9821_sub1	0	1	0	1	0	0	0	1
9821_sub2	0	1	0	1	0	0	0	1
9821_sub3	0	1	1	0	0	0	1	0
9821_sub4	0	1	0	1	0	0	0	1
9821_sub5	0	1	1	0	0	0	1	0
9821_sub6	0	1	1	0	0	0	1	0
9821_sub7	0	1	0	1	0	0	0	1
9821_sub8	0	1	1	0	0	0	1	0
9821_sub9	0	1	1	0	0	0	1	0
9821_sub10	0	1	1	0	0	0	1	0
9821_sub11	0	1	1	0	0	0	1	0
9821_sub12	0	1	1	0	0	0	1	0
9821_sub13	0	1	0	1	0	0	0	1
9823_sub0	0	1	1	0	0	0	1	0
9823_sub1	0	1	0	1	0	0	0	1
9823_sub2	0	1	0	1	0	0	0	1
9823_sub3	0	1	0	1	0	0	0	1
9823_sub4	0	1	0	1	0	0	0	1
9823_sub5	0	1	0	1	0	0	0	1
9823_sub6	0	1	0	1	0	0	0	1
9823_sub7	0	1	0	1	0	0	0	1
9823_sub8	0	1	1	0	0	0	1	0
9825_sub0	0	1	1	0	0	0	1	0
9825_sub1	0	1	1	0	0	0	1	0
9825_sub2	0	2	1	1	0	0	1	1
9825_sub3	0	1	1	0	0	0	1	0
9825_sub4	0	1	1	0	0	0	1	0
9825_sub5	0	1	1	0	0	0	1	0
9826_sub0	1	7	4	3	4	3	0	0
9826_sub1	0	1	0	1	0	0	0	1
9826_sub2	0	1	1	0	0	0	1	0
9826_sub3	0	1	0	1	0	0	0	1
9828_sub0	0	1	1	0	0	0	1	0
9828_sub1	0	1	1	0	0	0	1	0
9828_sub2	0	1	0	1	0	0	0	1
9828_sub3	0	1	1	0	0	0	1	0
9828_sub4	0	1	1	0	0	0	1	0
9828_sub5	0	1	1	0	0	0	1	0
983_sub0	0	1	1	0	0	0	1	0
983_sub1	0	3	1	2	0	0	1	2
983_sub2	0	1	0	1	0	0	0	1
983_sub3	0	1	1	0	0	0	1	0
983_sub4	0	1	0	1	0	0	0	1
983_sub5	0	1	0	1	0	0	0	1
9838_sub0	1	6	4	2	4	2	0	0
9838_sub1	0	1	0	1	0	0	0	1
9838_sub2	0	1	1	0	0	0	1	0
9838_sub3	0	1	1	0	0	0	1	0
9839_sub0	0	1	0	1	0	0	0	1
9839_sub1	0	1	1	0	0	0	1	0
9839_sub2	0	1	1	0	0	0	1	0
9839_sub3	0	1	0	1	0	0	0	1
9839_sub4	0	1	0	1	0	0	0	1
9839_sub5	0	1	1	0	0	0	1	0
9839_sub6	0	1	0	1	0	0	0	1
9842_sub0	0	1	1	0	0	0	1	0
9842_sub1	1	23	10	13	10	10	0	3
9842_sub2	0	1	1	0	0	0	1	0
9843_sub0	0	1	1	0	0	0	1	0
9843_sub1	0	1	0	1	0	0	0	1
9843_sub2	0	1	1	0	0	0	1	0
9843_sub3	0	1	1	0	0	0	1	0
9843_sub4	0	1	0	1	0	0	0	1
9843_sub5	0	1	0	1	0	0	0	1
9845_sub0	1	10	7	3	7	3	0	0
9845_sub1	0	1	1	0	0	0	1	0
9845_sub2	0	1	1	0	0	0	1	0
9845_sub3	0	1	0	1	0	0	0	1
9849_sub0	0	1	1	0	0	0	1	0
9849_sub1	0	1	0	1	0	0	0	1
9849_sub2	0	1	1	0	0	0	1	0
9849_sub3	0	1	0	1	0	0	0	1
9849_sub4	0	1	0	1	0	0	0	1
9849_sub5	0	1	1	0	0	0	1	0
9849_sub6	0	1	1	0	0	0	1	0
9856_sub0	0	1	0	1	0	0	0	1
9856_sub1	0	2	1	1	0	0	1	1
9856_sub2	0	1	1	0	0	0	1	0
9856_sub3	0	1	0	1	0	0	0	1
9856_sub4	0	1	1	0	0	0	1	0
9856_sub5	0	1	0	1	0	0	0	1
9862_sub0	0	1	1	0	0	0	1	0
9862_sub1	1	6	1	5	1	5	0	0
9862_sub2	0	1	0	1	0	0	0	1
9862_sub3	0	1	0	1	0	0	0	1
9867_sub0	0	1	1	0	0	0	1	0
9867_sub1	0	1	1	0	0	0	1	0
9867_sub2	0	1	1	0	0	0	1	0
9867_sub3	0	1	1	0	0	0	1	0
9867_sub4	0	1	0	1	0	0	0	1
9867_sub5	0	1	0	1	0	0	0	1
9867_sub6	0	1	1	0	0	0	1	0
9867_sub7	0	1	0	1	0	0	0	1
987_sub0	0	1	0	1	0	0	0	1
987_sub1	1	7	0	7	0	7	0	0
987_sub2	0	1	0	1	0	0	0	1
987_sub3	0	1	0	1	0	0	0	1
987_sub4	0	1	1	0	0	0	1	0
987_sub5	0	1	0	1	0	0	0	1
9870_sub0	0	1	0	1	0	0	0	1
9870_sub1	1	10	4	6	4	6	0	0
9870_sub2	1	10	8	2	8	2	0	0
9870_sub3	0	1	1	0	0	0	1	0
9870_sub4	0	1	1	0	0	0	1	0
9870_sub5	0	1	0	1	0	0	0	1
9872_sub0	0	1	1	0	0	0	1	0
9872_sub1	0	1	1	0	0	0	1	0
9872_sub2	0	1	1	0	0	0	1	0
9872_sub3	0	1	0	1	0	0	0	1
9872_sub4	0	1	1	0	0	0	1	0
9872_sub5	0	1	1	0	0	0	1	0
9872_sub6	0	1	1	0	0	0	1	0
9874_sub0	0	1	0	1	0	0	0	1
9874_sub1	1	16	6	10	6	10	0	0
9875_sub0	0	1	0	1	0	0	0	1
9875_sub1	0	1	0	1	0	0	0	1
9875_sub2	0	1	1	0	0	0	1	0
9875_sub3	0	1	0	1	0	0	0	1
9875_sub4	0	1	0	1	0	0	0	1
9875_sub5	0	1	0	1	0	0	0	1
9875_sub6	0	1	0	1	0	0	0	1
9875_sub7	0	1	1	0	0	0	1	0
9876_sub0	0	1	1	0	0	0	1	0
9876_sub1	0	1	1	0	0	0	1	0
9876_sub2	0	1	1	0	0	0	1	0
9876_sub3	0	1	0	1	0	0	0	1
9876_sub4	0	1	0	1	0	0	0	1
9876_sub5	0	1	0	1	0	0	0	1
9880_sub0	1	14	7	7	7	7	0	0
9880_sub1	0	1	0	1	0	0	0	1
9880_sub2	0	2	2	0	0	0	2	0
9880_sub3	0	1	1	0	0	0	1	0
9880_sub4	0	1	1	0	0	0	1	0
9880_sub5	0	1	1	0	0	0	1	0
9887_sub0	0	1	1	0	0	0	1	0
9887_sub1	0	1	0	1	0	0	0	1
9887_sub2	0	1	0	1	0	0	0	1
9887_sub3	0	1	1	0	0	0	1	0
9887_sub4	0	1	1	0	0	0	1	0
9887_sub5	0	1	1	0	0	0	1	0
9887_sub6	0	1	1	0	0	0	1	0
9887_sub7	0	1	0	1	0	0	0	1
9887_sub8	0	1	0	1	0	0	0	1
9887_sub9	0	1	0	1	0	0	0	1
9889_sub0	0	1	1	0	0	0	1	0
9889_sub1	0	1	0	1	0	0	0	1
9889_sub2	0	1	0	1	0	0	0	1
9889_sub3	0	1	1	0	0	0	1	0
9889_sub4	0	1	1	0	0	0	1	0
9889_sub5	0	2	2	0	0	0	2	0
9889_sub6	0	1	0	1	0	0	0	1
9889_sub7	0	1	1	0	0	0	1	0
989_sub0	0	1	0	1	0	0	0	1
989_sub1	1	23	9	14	9	11	0	3
989_sub2	0	1	1	0	0	0	1	0
989_sub3	0	1	0	1	0	0	0	1
9892_sub0	0	1	0	1	0	0	0	1
9892_sub1	0	1	0	1	0	0	0	1
9892_sub2	1	7	3	4	3	4	0	0
9892_sub3	0	1	0	1	0	0	0	1
9892_sub4	0	1	1	0	0	0	1	0
9896_sub0	0	1	0	1	0	0	0	1
9896_sub1	0	1	0	1	0	0	0	1
9896_sub2	0	1	0	1	0	0	0	1
9896_sub3	0	1	0	1	0	0	0	1
9896_sub4	0	1	0	1	0	0	0	1
9896_sub5	0	1	1	0	0	0	1	0
9905_sub0	0	1	1	0	0	0	1	0
9905_sub1	0	1	1	0	0	0	1	0
9905_sub2	0	1	0	1	0	0	0	1
9905_sub3	0	1	1	0	0	0	1	0
9905_sub4	0	1	0	1	0	0	0	1
9905_sub5	0	1	1	0	0	0	1	0
9905_sub6	0	1	1	0	0	0	1	0
9907_sub0	0	1	1	0	0	0	1	0
9907_sub1	0	1	0	1	0	0	0	1
9907_sub2	0	1	1	0	0	0	1	0
9907_sub3	0	1	0	1	0	0	0	1
9907_sub4	0	1	1	0	0	0	1	0
9907_sub5	0	1	0	1	0	0	0	1
9907_sub6	0	1	1	0	0	0	1	0
9909_sub0	0	1	0	1	0	0	0	1
9909_sub1	0	1	0	1	0	0	0	1
9909_sub2	0	1	1	0	0	0	1	0
9909_sub3	0	1	1	0	0	0	1	0
9909_sub4	0	1	1	0	0	0	1	0
9909_sub5	0	1	0	1	0	0	0	1
9914_sub0	0	1	0	1	0	0	0	1
9914_sub1	0	1	1	0	0	0	1	0
9914_sub2	0	1	0	1	0	0	0	1
9914_sub3	0	1	1	0	0	0	1	0
9914_sub4	0	1	0	1	0	0	0	1
9914_sub5	0	1	0	1	0	0	0	1
9916_sub0	0	1	0	1	0	0	0	1
9916_sub1	0	1	0	1	0	0	0	1
9916_sub2	0	1	1	0	0	0	1	0
9916_sub3	0	1	1	0	0	0	1	0
9916_sub4	0	1	1	0	0	0	1	0
9916_sub5	0	1	1	0	0	0	1	0
9916_sub6	0	1	1	0	0	0	1	0
9920_sub0	0	1	0	1	0	0	0	1
9920_sub1	0	1	1	0	0	0	1	0
9920_sub2	0	1	0	1	0	0	0	1
9920_sub3	0	1	1	0	0	0	1	0
9920_sub4	0	1	0	1	0	0	0	1
9920_sub5	0	1	1	0	0	0	1	0
9920_sub6	0	1	0	1	0	0	0	1
9922_sub0	0	2	1	1	0	0	1	1
9922_sub1	0	1	0	1	0	0	0	1
9922_sub2	0	1	0	1	0	0	0	1
9922_sub3	0	1	0	1	0	0	0	1
9922_sub4	0	1	1	0	0	0	1	0
9922_sub5	0	1	0	1	0	0	0	1
9922_sub6	0	1	1	0	0	0	1	0
9922_sub7	0	1	0	1	0	0	0	1
9922_sub8	0	1	1	0	0	0	1	0
9923_sub0	0	1	1	0	0	0	1	0
9923_sub1	0	3	2	1	0	0	2	1
9923_sub2	0	1	1	0	0	0	1	0
9923_sub3	0	1	0	1	0	0	0	1
9923_sub4	0	1	0	1	0	0	0	1
9923_sub5	0	1	1	0	0	0	1	0
9931_sub0	0	1	0	1	0	0	0	1
9931_sub1	0	1	0	1	0	0	0	1
9931_sub2	0	1	1	0	0	0	1	0
9931_sub3	0	1	1	0	0	0	1	0
9931_sub4	0	1	1	0	0	0	1	0
9931_sub5	0	1	0	1	0	0	0	1
9931_sub6	0	1	1	0	0	0	1	0
9933_sub0	0	1	1	0	0	0	1	0
9933_sub1	0	1	0	1	0	0	0	1
9933_sub2	0	1	0	1	0	0	0	1
9933_sub3	0	1	0	1	0	0	0	1
9933_sub4	0	1	1	0	0	0	1	0
9933_sub5	0	1	1	0	0	0	1	0
9934_sub0	0	1	0	1	0	0	0	1
9934_sub1	0	1	0	1	0	0	0	1
9934_sub2	0	1	0	1	0	0	0	1
9934_sub3	0	1	1	0	0	0	1	0
9934_sub4	0	1	1	0	0	0	1	0
9934_sub5	0	1	1	0	0	0	1	0
9934_sub6	0	1	1	0	0	0	1	0
9934_sub7	0	1	1	0	0	0	1	0
9934_sub8	0	1	0	1	0	0	0	1
9935_sub0	1	11	5	6	5	6	0	0
9935_sub1	0	1	0	1	0	0	0	1
9935_sub2	0	1	0	1	0	0	0	1
9935_sub3	0	1	1	0	0	0	1	0
9935_sub4	0	1	1	0	0	0	1	0
9948_sub0	0	1	0	1	0	0	0	1
9948_sub1	0	1	1	0	0	0	1	0
9948_sub2	0	1	1	0	0	0	1	0
9948_sub3	0	1	1	0	0	0	1	0
9948_sub4	0	1	1	0	0	0	1	0
9948_sub5	0	1	1	0	0	0	1	0
9948_sub6	0	1	1	0	0	0	1	0
9948_sub7	0	1	0	1	0	0	0	1
9950_sub0	1	11	6	5	6	5	0	0
9950_sub1	0	1	0	1	0	0	0	1
9950_sub2	0	1	1	0	0	0	1	0
9951_sub0	0	1	0	1	0	0	0	1
9951_sub1	0	1	1	0	0	0	1	0
9951_sub2	0	1	0	1	0	0	0	1
9951_sub3	0	1	1	0	0	0	1	0
9951_sub4	0	1	0	1	0	0	0	1
9951_sub5	0	1	1	0	0	0	1	0
9951_sub6	0	1	1	0	0	0	1	0
9957_sub0	0	1	0	1	0	0	0	1
9957_sub1	0	2	2	0	0	0	2	0
9957_sub2	0	1	1	0	0	0	1	0
9957_sub3	0	1	1	0	0	0	1	0
9957_sub4	0	1	1	0	0	0	1	0
9957_sub5	0	1	0	1	0	0	0	1
9959_sub0	0	1	0	1	0	0	0	1
9959_sub1	0	1	1	0	0	0	1	0
9959_sub2	0	1	1	0	0	0	1	0
9959_sub3	0	1	0	1	0	0	0	1
9959_sub4	0	1	1	0	0	0	1	0
9959_sub5	0	1	1	0	0	0	1	0
996_sub0	0	1	0	1	0	0	0	1
996_sub1	0	1	0	1	0	0	0	1
996_sub2	1	14	9	5	9	5	0	0
996_sub3	0	1	1	0	0	0	1	0
9960_sub0	0	1	1	0	0	0	1	0
9960_sub1	0	1	0	1	0	0	0	1
9960_sub2	0	1	1	0	0	0	1	0
9960_sub3	0	1	0	1	0	0	0	1
9960_sub4	0	1	0	1	0	0	0	1
9960_sub5	0	1	1	0	0	0	1	0
9960_sub6	0	1	1	0	0	0	1	0
9965_sub0	0	1	0	1	0	0	0	1
9965_sub1	0	5	3	2	0	0	3	2
9965_sub2	0	1	1	0	0	0	1	0
9965_sub3	0	1	1	0	0	0	1	0
9971_sub0	0	1	0	1	0	0	0	1
9971_sub1	0	1	0	1	0	0	0	1
9971_sub2	0	1	1	0	0	0	1	0
9971_sub3	0	1	0	1	0	0	0	1
9971_sub4	0	5	2	3	0	0	2	3
9971_sub5	0	1	1	0	0	0	1	0
9971_sub6	0	1	0	1	0	0	0	1
9972_sub0	0	1	1	0	0	0	1	0
9972_sub1	0	1	1	0	0	0	1	0
9972_sub2	0	1	1	0	0	0	1	0
9972_sub3	0	1	0	1	0	0	0	1
9972_sub4	0	1	1	0	0	0	1	0
9972_sub5	0	1	1	0	0	0	1	0
9972_sub6	0	1	0	1	0	0	0	1
9972_sub7	0	1	1	0	0	0	1	0
9978_sub0	0	1	1	0	0	0	1	0
9978_sub1	0	1	1	0	0	0	1	0
9978_sub2	0	1	1	0	0	0	1	0
9978_sub3	0	1	0	1	0	0	0	1
9978_sub4	0	1	0	1	0	0	0	1
9978_sub5	0	1	0	1	0	0	0	1
998_sub0	0	1	1	0	0	0	1	0
998_sub1	1	21	12	9	11	9	1	0
998_sub2	0	1	1	0	0	0	1	0
998_sub3	0	1	1	0	0	0	1	0
998_sub4	0	1	1	0	0	0	1	0
9980_sub0	0	1	1	0	0	0	1	0
9980_sub1	0	1	1	0	0	0	1	0
9980_sub2	0	1	1	0	0	0	1	0
9980_sub3	0	1	1	0	0	0	1	0
9980_sub4	0	1	0	1	0	0	0	1
9980_sub5	0	1	1	0	0	0	1	0
9980_sub6	0	1	0	1	0	0	0	1
9980_sub7	0	1	1	0	0	0	1	0
9980_sub8	0	1	0	1	0	0	0	1
9980_sub9	0	1	1	0	0	0	1	0
9981_sub0	1	13	8	5	8	5	0	0
9981_sub1	0	1	1	0	0	0	1	0
9981_sub2	0	1	1	0	0	0	1	0
9983_sub0	0	1	1	0	0	0	1	0
9983_sub1	0	1	0	1	0	0	0	1
9983_sub2	0	1	1	0	0	0	1	0
9983_sub3	0	1	1	0	0	0	1	0
9983_sub4	0	1	1	0	0	0	1	0
9983_sub5	0	1	1	0	0	0	1	0
999_sub0	0	1	0	1	0	0	0	1
999_sub1	1	8	3	5	3	5	0	0
999_sub2	0	1	0	1	0	0	0	1
9992_sub0	0	1	0	1	0	0	0	1
9992_sub1	0	1	0	1	0	0	0	1
9992_sub2	0	1	0	1	0	0	0	1
9992_sub3	0	1	0	1	0	0	0	1
9992_sub4	0	1	1	0	0	0	1	0
9992_sub5	0	1	0	1	0	0	0	1
9998_sub0	0	1	1	0	0	0	1	0
9998_sub1	0	1	0	1	0	0	0	1
9998_sub2	0	1	0	1	0	0	0	1
9998_sub3	0	1	1	0	0	0	1	0
9998_sub4	0	1	0	1	0	0	0	1
9998_sub5	0	1	1	0	0	0	1	0
9998_sub6	0	1	1	0	0	0	1	0
9999_sub0	1	15	9	6	9	6	0	0
9999_sub1	0	1	0	1	0	0	0	1
9999_sub2	0	1	1	0	0	0	1	0
9999_sub3	0	1	1	0	0	0	1	0
9999_sub4	0	1	1	0	0	0	1	0
9999_sub5	0	1	1	0	0	0	1	0
9999_sub6	0	1	0	1	0	0	0	1
