cluster_id	cluster_written	reads_found	reads_found_fwd	reads_found_rev	reads_written_fwd	reads_written_rev	reads_skipped_fwd	reads_skipped_rev
100_sub0	0	1	0	1	0	0	0	1
100_sub1	0	1	1	0	0	0	1	0
100_sub2	0	2	1	1	0	0	1	1
100_sub3	0	1	1	0	0	0	1	0
100_sub4	0	1	0	1	0	0	0	1
1002_sub0	1	7	3	4	3	4	0	0
1002_sub1	0	1	1	0	0	0	1	0
1002_sub2	0	1	1	0	0	0	1	0
10047_sub0	0	1	0	1	0	0	0	1
10047_sub1	0	1	0	1	0	0	0	1
10047_sub2	0	1	0	1	0	0	0	1
10047_sub3	0	1	1	0	0	0	1	0
10047_sub4	0	1	0	1	0	0	0	1
10047_sub5	0	1	1	0	0	0	1	0
1005_sub0	0	1	0	1	0	0	0	1
1005_sub1	0	1	1	0	0	0	1	0
1005_sub2	0	2	1	1	0	0	1	1
1005_sub3	0	1	0	1	0	0	0	1
1005_sub4	0	1	1	0	0	0	1	0
1005_sub5	0	1	0	1	0	0	0	1
1008_sub0	0	1	1	0	0	0	1	0
1008_sub1	1	10	4	6	4	6	0	0
101_sub0	0	1	1	0	0	0	1	0
101_sub1	0	1	1	0	0	0	1	0
101_sub2	0	1	0	1	0	0	0	1
101_sub3	1	7	3	4	3	4	0	0
101_sub4	0	1	1	0	0	0	1	0
101_sub5	0	1	1	0	0	0	1	0
10103_sub0	0	5	1	4	0	0	1	4
10103_sub1	0	1	0	1	0	0	0	1
10103_sub2	0	1	0	1	0	0	0	1
10107_sub0	1	7	4	3	4	3	0	0
10107_sub1	0	1	1	0	0	0	1	0
1011_sub0	1	8	4	4	4	4	0	0
1011_sub1	0	1	1	0	0	0	1	0
1011_sub2	0	1	1	0	0	0	1	0
1013_sub0	0	3	1	2	0	0	1	2
1013_sub1	0	1	1	0	0	0	1	0
1013_sub2	0	1	0	1	0	0	0	1
1013_sub3	0	1	1	0	0	0	1	0
10136_sub0	0	1	1	0	0	0	1	0
10136_sub1	1	6	4	2	4	2	0	0
1015_sub0	0	1	0	1	0	0	0	1
1015_sub1	0	1	1	0	0	0	1	0
1015_sub2	0	2	2	0	0	0	2	0
1015_sub3	0	1	0	1	0	0	0	1
1015_sub4	0	1	1	0	0	0	1	0
1015_sub5	0	1	0	1	0	0	0	1
1015_sub6	0	1	0	1	0	0	0	1
10193_sub0	0	5	2	3	0	0	2	3
10193_sub1	0	1	0	1	0	0	0	1
102_sub0	0	1	0	1	0	0	0	1
102_sub1	0	1	1	0	0	0	1	0
102_sub2	0	1	1	0	0	0	1	0
102_sub3	0	4	2	2	0	0	2	2
102_sub4	0	1	0	1	0	0	0	1
1022_sub0	0	1	0	1	0	0	0	1
1022_sub1	0	1	1	0	0	0	1	0
1022_sub2	0	1	1	0	0	0	1	0
1022_sub3	1	7	6	1	6	1	0	0
10225_sub0	0	1	0	1	0	0	0	1
10225_sub1	0	5	1	4	0	0	1	4
10225_sub2	0	1	1	0	0	0	1	0
1028_sub0	0	1	0	1	0	0	0	1
1028_sub1	0	1	0	1	0	0	0	1
1028_sub2	1	8	4	4	4	4	0	0
1028_sub3	0	1	1	0	0	0	1	0
1031_sub0	0	1	0	1	0	0	0	1
1031_sub1	0	5	0	5	0	0	0	5
1031_sub2	0	1	0	1	0	0	0	1
1031_sub3	0	1	1	0	0	0	1	0
10330_sub0	1	6	2	4	2	4	0	0
1034_sub0	0	1	0	1	0	0	0	1
1034_sub1	1	6	2	4	2	4	0	0
10349_sub0	0	1	0	1	0	0	0	1
10349_sub1	0	5	2	3	0	0	2	3
10349_sub2	0	1	1	0	0	0	1	0
10349_sub3	0	1	1	0	0	0	1	0
10349_sub4	0	1	0	1	0	0	0	1
10349_sub5	0	1	1	0	0	0	1	0
10349_sub6	0	1	0	1	0	0	0	1
10360_sub0	0	1	1	0	0	0	1	0
10360_sub1	1	9	5	4	5	4	0	0
10371_sub0	0	1	0	1	0	0	0	1
10371_sub1	1	8	6	2	6	2	0	0
10371_sub2	0	1	0	1	0	0	0	1
1038_sub0	0	1	0	1	0	0	0	1
1038_sub1	0	1	0	1	0	0	0	1
1038_sub2	0	1	1	0	0	0	1	0
1038_sub3	0	1	0	1	0	0	0	1
1038_sub4	0	1	0	1	0	0	0	1
1038_sub5	0	1	1	0	0	0	1	0
10388_sub0	1	7	1	6	1	6	0	0
10388_sub1	0	1	1	0	0	0	1	0
1039_sub0	1	6	3	3	3	3	0	0
1039_sub1	0	1	0	1	0	0	0	1
104_sub0	0	1	0	1	0	0	0	1
104_sub1	0	1	1	0	0	0	1	0
104_sub2	1	6	2	4	2	4	0	0
104_sub3	0	1	1	0	0	0	1	0
1045_sub0	0	5	4	1	0	0	4	1
1045_sub1	0	1	0	1	0	0	0	1
1045_sub2	0	1	0	1	0	0	0	1
1045_sub3	0	1	0	1	0	0	0	1
1047_sub0	0	1	1	0	0	0	1	0
1047_sub1	1	9	6	3	6	3	0	0
1047_sub2	0	1	0	1	0	0	0	1
1047_sub3	0	1	0	1	0	0	0	1
1047_sub4	0	1	0	1	0	0	0	1
1048_sub0	0	5	4	1	0	0	4	1
1048_sub1	0	1	0	1	0	0	0	1
1048_sub2	0	1	0	1	0	0	0	1
1048_sub3	0	1	0	1	0	0	0	1
1048_sub4	0	1	1	0	0	0	1	0
1048_sub5	0	1	0	1	0	0	0	1
1048_sub6	0	1	1	0	0	0	1	0
1048_sub7	0	1	0	1	0	0	0	1
1048_sub8	0	1	0	1	0	0	0	1
10493_sub0	0	2	1	1	0	0	1	1
10493_sub1	0	1	1	0	0	0	1	0
10493_sub2	0	1	1	0	0	0	1	0
10493_sub3	0	1	1	0	0	0	1	0
10493_sub4	0	1	1	0	0	0	1	0
10493_sub5	0	1	0	1	0	0	0	1
1050_sub0	1	10	4	6	4	6	0	0
1050_sub1	0	1	0	1	0	0	0	1
10505_sub0	1	6	3	3	3	3	0	0
10505_sub1	0	1	1	0	0	0	1	0
10505_sub2	0	1	0	1	0	0	0	1
10505_sub3	0	1	0	1	0	0	0	1
1052_sub0	0	1	1	0	0	0	1	0
1052_sub1	1	8	6	2	6	2	0	0
1052_sub2	0	1	0	1	0	0	0	1
1052_sub3	0	1	0	1	0	0	0	1
10532_sub0	0	1	1	0	0	0	1	0
10532_sub1	0	1	1	0	0	0	1	0
10532_sub2	0	1	1	0	0	0	1	0
10532_sub3	0	1	0	1	0	0	0	1
10532_sub4	0	1	1	0	0	0	1	0
10532_sub5	0	1	1	0	0	0	1	0
1054_sub0	1	9	2	7	2	7	0	0
1054_sub1	0	1	0	1	0	0	0	1
1054_sub2	0	1	1	0	0	0	1	0
10541_sub0	1	6	3	3	3	3	0	0
10549_sub0	1	6	3	3	3	3	0	0
10549_sub1	0	1	0	1	0	0	0	1
10564_sub0	0	4	1	3	0	0	1	3
10564_sub1	0	1	1	0	0	0	1	0
10564_sub2	0	1	0	1	0	0	0	1
10564_sub3	0	1	0	1	0	0	0	1
10568_sub0	0	1	0	1	0	0	0	1
10568_sub1	0	5	4	1	0	0	4	1
10586_sub0	0	1	1	0	0	0	1	0
10586_sub1	0	1	0	1	0	0	0	1
10586_sub2	0	1	1	0	0	0	1	0
10586_sub3	0	1	0	1	0	0	0	1
10586_sub4	0	1	0	1	0	0	0	1
10586_sub5	0	1	0	1	0	0	0	1
10589_sub0	0	1	0	1	0	0	0	1
10589_sub1	0	1	0	1	0	0	0	1
10589_sub2	1	6	4	2	4	2	0	0
10603_sub0	1	6	4	2	4	2	0	0
10629_sub0	1	6	3	3	3	3	0	0
10629_sub1	0	1	0	1	0	0	0	1
1063_sub0	1	11	6	5	6	5	0	0
1063_sub1	0	1	1	0	0	0	1	0
1063_sub2	0	1	1	0	0	0	1	0
10634_sub0	0	5	3	2	0	0	3	2
10634_sub1	0	1	1	0	0	0	1	0
10656_sub0	0	5	2	3	0	0	2	3
10656_sub1	0	1	0	1	0	0	0	1
1066_sub0	0	1	1	0	0	0	1	0
1066_sub1	1	8	1	7	1	7	0	0
107_sub0	0	1	1	0	0	0	1	0
107_sub1	0	5	3	2	0	0	3	2
107_sub2	0	1	0	1	0	0	0	1
107_sub3	0	1	0	1	0	0	0	1
10709_sub0	0	5	2	3	0	0	2	3
10709_sub1	0	1	1	0	0	0	1	0
10709_sub2	0	1	0	1	0	0	0	1
10709_sub3	0	1	1	0	0	0	1	0
10716_sub0	1	8	1	7	1	7	0	0
10725_sub0	0	1	0	1	0	0	0	1
10725_sub1	0	4	0	4	0	0	0	4
10725_sub2	0	1	1	0	0	0	1	0
10725_sub3	0	1	0	1	0	0	0	1
10737_sub0	0	1	0	1	0	0	0	1
10737_sub1	0	4	2	2	0	0	2	2
10737_sub2	0	1	0	1	0	0	0	1
10737_sub3	0	1	1	0	0	0	1	0
10737_sub4	0	1	1	0	0	0	1	0
1074_sub0	1	10	3	7	3	7	0	0
1074_sub1	0	1	1	0	0	0	1	0
10782_sub0	0	1	1	0	0	0	1	0
10782_sub1	0	3	1	2	0	0	1	2
10782_sub2	0	1	1	0	0	0	1	0
10782_sub3	0	1	0	1	0	0	0	1
10782_sub4	0	1	0	1	0	0	0	1
1081_sub0	0	1	1	0	0	0	1	0
1081_sub1	0	1	1	0	0	0	1	0
1081_sub2	0	1	0	1	0	0	0	1
1081_sub3	0	2	0	2	0	0	0	2
1081_sub4	0	1	0	1	0	0	0	1
10816_sub0	1	7	6	1	6	1	0	0
10816_sub1	0	1	0	1	0	0	0	1
10816_sub2	0	1	1	0	0	0	1	0
1082_sub0	1	14	6	8	6	8	0	0
1082_sub1	0	1	1	0	0	0	1	0
1082_sub2	0	1	0	1	0	0	0	1
1082_sub3	0	1	1	0	0	0	1	0
1082_sub4	0	1	0	1	0	0	0	1
1082_sub5	0	1	1	0	0	0	1	0
1082_sub6	0	1	1	0	0	0	1	0
1084_sub0	1	14	10	4	10	4	0	0
1084_sub1	0	1	0	1	0	0	0	1
1084_sub2	0	1	0	1	0	0	0	1
10840_sub0	0	1	1	0	0	0	1	0
10840_sub1	1	6	0	6	0	6	0	0
10840_sub2	0	1	0	1	0	0	0	1
10840_sub3	0	1	1	0	0	0	1	0
10840_sub4	0	1	1	0	0	0	1	0
1087_sub0	0	4	0	4	0	0	0	4
1087_sub1	0	1	1	0	0	0	1	0
1087_sub2	0	1	0	1	0	0	0	1
1087_sub3	0	1	0	1	0	0	0	1
1087_sub4	0	1	0	1	0	0	0	1
1089_sub0	0	1	0	1	0	0	0	1
1089_sub1	0	1	1	0	0	0	1	0
1089_sub2	0	1	0	1	0	0	0	1
1089_sub3	1	9	7	2	7	2	0	0
1090_sub0	0	1	0	1	0	0	0	1
1090_sub1	1	13	4	9	4	9	0	0
1090_sub2	0	1	0	1	0	0	0	1
1092_sub0	0	1	1	0	0	0	1	0
1092_sub1	1	9	3	6	3	6	0	0
10971_sub0	0	1	0	1	0	0	0	1
10971_sub1	0	5	1	4	0	0	1	4
10971_sub2	0	1	0	1	0	0	0	1
10971_sub3	0	1	1	0	0	0	1	0
10971_sub4	0	1	0	1	0	0	0	1
10998_sub0	0	5	4	1	0	0	4	1
10998_sub1	0	1	1	0	0	0	1	0
11_sub0	0	1	1	0	0	0	1	0
11_sub1	0	1	0	1	0	0	0	1
11_sub2	0	1	1	0	0	0	1	0
11_sub3	0	3	0	3	0	0	0	3
110_sub0	0	1	1	0	0	0	1	0
110_sub1	0	1	1	0	0	0	1	0
110_sub2	0	1	1	0	0	0	1	0
110_sub3	0	5	3	2	0	0	3	2
110_sub4	0	1	0	1	0	0	0	1
11006_sub0	1	9	4	5	4	5	0	0
11006_sub1	0	1	1	0	0	0	1	0
1101_sub0	0	5	3	2	0	0	3	2
1101_sub1	0	1	1	0	0	0	1	0
11017_sub0	1	9	4	5	4	5	0	0
11017_sub1	0	1	1	0	0	0	1	0
1103_sub0	1	10	6	4	6	4	0	0
11041_sub0	0	5	2	3	0	0	2	3
11041_sub1	0	1	0	1	0	0	0	1
11055_sub0	1	8	3	5	3	5	0	0
11067_sub0	0	1	1	0	0	0	1	0
11067_sub1	0	1	0	1	0	0	0	1
11067_sub2	0	4	2	2	0	0	2	2
1111_sub0	0	1	0	1	0	0	0	1
1111_sub1	0	1	0	1	0	0	0	1
1111_sub2	1	9	7	2	7	2	0	0
11120_sub0	0	5	3	2	0	0	3	2
11120_sub1	0	1	0	1	0	0	0	1
11177_sub0	0	4	2	2	0	0	2	2
11177_sub1	0	1	0	1	0	0	0	1
11177_sub2	0	1	0	1	0	0	0	1
11177_sub3	0	1	1	0	0	0	1	0
1119_sub0	0	4	1	3	0	0	1	3
1119_sub1	0	1	1	0	0	0	1	0
1119_sub2	0	1	1	0	0	0	1	0
112_sub0	0	1	0	1	0	0	0	1
112_sub1	0	1	1	0	0	0	1	0
112_sub2	0	1	0	1	0	0	0	1
112_sub3	0	3	0	3	0	0	0	3
11203_sub0	1	6	4	2	4	2	0	0
11203_sub1	0	1	0	1	0	0	0	1
11203_sub2	0	2	0	2	0	0	0	2
1127_sub0	0	1	0	1	0	0	0	1
1127_sub1	1	8	4	4	4	4	0	0
1127_sub2	0	1	1	0	0	0	1	0
1128_sub0	1	9	5	4	5	4	0	0
1128_sub1	0	1	0	1	0	0	0	1
1128_sub2	0	1	1	0	0	0	1	0
11330_sub0	1	7	3	4	3	4	0	0
11330_sub1	0	1	0	1	0	0	0	1
11352_sub0	0	5	4	1	0	0	4	1
11352_sub1	0	1	0	1	0	0	0	1
11352_sub2	0	1	0	1	0	0	0	1
1136_sub0	0	1	0	1	0	0	0	1
1136_sub1	0	1	0	1	0	0	0	1
1136_sub2	0	2	2	0	0	0	2	0
1136_sub3	0	1	1	0	0	0	1	0
1136_sub4	0	1	1	0	0	0	1	0
11394_sub0	1	6	5	1	5	1	0	0
11394_sub1	0	1	0	1	0	0	0	1
114_sub0	0	1	0	1	0	0	0	1
114_sub1	1	7	5	2	5	2	0	0
11418_sub0	0	1	0	1	0	0	0	1
11418_sub1	0	1	0	1	0	0	0	1
11418_sub2	0	1	0	1	0	0	0	1
11418_sub3	0	1	0	1	0	0	0	1
11418_sub4	0	1	1	0	0	0	1	0
11418_sub5	0	1	1	0	0	0	1	0
11418_sub6	0	1	1	0	0	0	1	0
11424_sub0	0	1	1	0	0	0	1	0
11424_sub1	0	1	1	0	0	0	1	0
11424_sub2	0	1	1	0	0	0	1	0
11424_sub3	0	1	1	0	0	0	1	0
11424_sub4	0	1	0	1	0	0	0	1
11424_sub5	0	1	1	0	0	0	1	0
1144_sub0	0	5	2	3	0	0	2	3
1144_sub1	0	1	0	1	0	0	0	1
1144_sub2	0	1	1	0	0	0	1	0
11476_sub0	0	1	1	0	0	0	1	0
11476_sub1	0	5	2	3	0	0	2	3
11476_sub2	0	1	1	0	0	0	1	0
1148_sub0	0	1	0	1	0	0	0	1
1148_sub1	0	5	4	1	0	0	4	1
11489_sub0	0	5	3	2	0	0	3	2
11489_sub1	0	1	0	1	0	0	0	1
11539_sub0	0	1	0	1	0	0	0	1
11539_sub1	1	8	6	2	6	2	0	0
116_sub0	0	1	0	1	0	0	0	1
116_sub1	0	1	0	1	0	0	0	1
116_sub2	0	2	1	1	0	0	1	1
116_sub3	0	1	1	0	0	0	1	0
116_sub4	0	1	0	1	0	0	0	1
11608_sub0	0	3	0	3	0	0	0	3
11608_sub1	0	1	0	1	0	0	0	1
11608_sub2	0	5	5	0	0	0	5	0
11608_sub3	0	1	0	1	0	0	0	1
1164_sub0	0	1	0	1	0	0	0	1
1164_sub1	0	3	2	1	0	0	2	1
1164_sub2	0	1	1	0	0	0	1	0
1164_sub3	0	1	1	0	0	0	1	0
11660_sub0	0	4	2	2	0	0	2	2
11660_sub1	0	1	1	0	0	0	1	0
11660_sub2	0	1	1	0	0	0	1	0
1167_sub0	0	1	0	1	0	0	0	1
1167_sub1	1	6	3	3	3	3	0	0
1167_sub2	0	1	0	1	0	0	0	1
11716_sub0	0	3	2	1	0	0	2	1
11716_sub1	0	1	0	1	0	0	0	1
11716_sub2	0	1	1	0	0	0	1	0
11716_sub3	0	1	1	0	0	0	1	0
11720_sub0	0	5	2	3	0	0	2	3
11720_sub1	0	1	0	1	0	0	0	1
11760_sub0	0	4	2	2	0	0	2	2
11760_sub1	0	1	0	1	0	0	0	1
11760_sub2	0	1	0	1	0	0	0	1
11773_sub0	0	4	2	2	0	0	2	2
11773_sub1	0	1	0	1	0	0	0	1
11773_sub2	0	1	0	1	0	0	0	1
1178_sub0	0	5	2	3	0	0	2	3
1178_sub1	0	1	1	0	0	0	1	0
1178_sub2	0	1	0	1	0	0	0	1
1178_sub3	0	1	0	1	0	0	0	1
1179_sub0	0	1	1	0	0	0	1	0
1179_sub1	1	11	5	6	5	6	0	0
1179_sub2	0	1	1	0	0	0	1	0
1179_sub3	0	1	1	0	0	0	1	0
11801_sub0	0	3	3	0	0	0	3	0
11801_sub1	0	1	1	0	0	0	1	0
11801_sub2	0	1	1	0	0	0	1	0
11801_sub3	0	1	0	1	0	0	0	1
11813_sub0	0	1	1	0	0	0	1	0
11813_sub1	1	9	2	7	2	7	0	0
11813_sub2	0	1	1	0	0	0	1	0
11826_sub0	1	7	5	2	5	2	0	0
1189_sub0	1	13	6	7	6	7	0	0
1189_sub1	0	1	0	1	0	0	0	1
1198_sub0	0	5	4	1	0	0	4	1
1198_sub1	0	1	0	1	0	0	0	1
1198_sub2	0	1	0	1	0	0	0	1
11980_sub0	0	5	2	3	0	0	2	3
11980_sub1	0	1	0	1	0	0	0	1
1199_sub0	1	11	4	7	4	7	0	0
1199_sub1	0	1	1	0	0	0	1	0
120_sub0	0	1	0	1	0	0	0	1
120_sub1	1	7	3	4	3	4	0	0
120_sub2	0	3	2	1	0	0	2	1
120_sub3	0	1	1	0	0	0	1	0
12020_sub0	1	6	2	4	2	4	0	0
12020_sub1	0	1	0	1	0	0	0	1
12020_sub2	0	1	0	1	0	0	0	1
12023_sub0	0	1	1	0	0	0	1	0
12023_sub1	1	6	2	4	2	4	0	0
12025_sub0	0	4	3	1	0	0	3	1
12025_sub1	0	1	1	0	0	0	1	0
12025_sub2	0	1	0	1	0	0	0	1
12025_sub3	0	2	0	2	0	0	0	2
12049_sub0	0	3	0	3	0	0	0	3
12049_sub1	0	1	0	1	0	0	0	1
12049_sub2	0	1	0	1	0	0	0	1
12049_sub3	0	1	0	1	0	0	0	1
121_sub0	0	1	0	1	0	0	0	1
121_sub1	0	5	2	3	0	0	2	3
12110_sub0	1	6	2	4	2	4	0	0
12110_sub1	0	1	0	1	0	0	0	1
12118_sub0	0	1	1	0	0	0	1	0
12118_sub1	1	7	5	2	5	2	0	0
1213_sub0	1	6	1	5	1	5	0	0
1214_sub0	0	1	0	1	0	0	0	1
1214_sub1	1	10	5	5	5	5	0	0
1214_sub2	0	1	1	0	0	0	1	0
12153_sub0	0	1	1	0	0	0	1	0
12153_sub1	0	1	1	0	0	0	1	0
12153_sub2	0	4	0	4	0	0	0	4
12166_sub0	1	6	3	3	3	3	0	0
12170_sub0	1	7	3	4	3	4	0	0
12170_sub1	0	1	0	1	0	0	0	1
1219_sub0	0	1	0	1	0	0	0	1
1219_sub1	1	11	8	3	8	3	0	0
1219_sub2	0	1	0	1	0	0	0	1
12198_sub0	0	4	1	3	0	0	1	3
12198_sub1	0	1	0	1	0	0	0	1
12198_sub2	0	1	1	0	0	0	1	0
1220_sub0	0	4	1	3	0	0	1	3
1220_sub1	0	1	0	1	0	0	0	1
1220_sub2	0	1	1	0	0	0	1	0
12206_sub0	0	1	1	0	0	0	1	0
12206_sub1	0	1	0	1	0	0	0	1
12206_sub2	0	1	0	1	0	0	0	1
12206_sub3	0	1	1	0	0	0	1	0
12206_sub4	0	1	1	0	0	0	1	0
12206_sub5	0	1	0	1	0	0	0	1
12206_sub6	0	1	1	0	0	0	1	0
12223_sub0	1	9	5	4	5	4	0	0
12249_sub0	0	1	0	1	0	0	0	1
12249_sub1	0	1	0	1	0	0	0	1
12249_sub2	0	1	0	1	0	0	0	1
12249_sub3	0	1	1	0	0	0	1	0
12249_sub4	0	1	1	0	0	0	1	0
12249_sub5	0	1	1	0	0	0	1	0
1226_sub0	0	1	0	1	0	0	0	1
1226_sub1	0	1	1	0	0	0	1	0
1226_sub2	1	6	4	2	4	2	0	0
12260_sub0	0	1	1	0	0	0	1	0
12260_sub1	0	4	3	1	0	0	3	1
12260_sub2	0	1	0	1	0	0	0	1
1229_sub0	0	1	1	0	0	0	1	0
1229_sub1	0	1	1	0	0	0	1	0
1229_sub2	1	6	6	0	6	0	0	0
1229_sub3	0	1	1	0	0	0	1	0
1232_sub0	1	9	5	4	5	4	0	0
1232_sub1	0	1	0	1	0	0	0	1
1234_sub0	0	1	0	1	0	0	0	1
1234_sub1	0	1	1	0	0	0	1	0
1234_sub2	0	1	0	1	0	0	0	1
1234_sub3	0	4	3	1	0	0	3	1
12353_sub0	0	5	4	1	0	0	4	1
12353_sub1	0	1	1	0	0	0	1	0
1238_sub0	1	10	4	6	4	6	0	0
1238_sub1	0	1	0	1	0	0	0	1
1238_sub2	0	1	1	0	0	0	1	0
1238_sub3	0	1	0	1	0	0	0	1
124_sub0	0	1	1	0	0	0	1	0
124_sub1	1	6	4	2	4	2	0	0
1240_sub0	1	6	3	3	3	3	0	0
1240_sub1	0	1	0	1	0	0	0	1
1243_sub0	1	6	2	4	2	4	0	0
1243_sub1	0	1	1	0	0	0	1	0
1244_sub0	0	5	5	0	0	0	5	0
1244_sub1	0	1	0	1	0	0	0	1
12534_sub0	0	4	2	2	0	0	2	2
12534_sub1	0	1	1	0	0	0	1	0
12534_sub2	0	1	1	0	0	0	1	0
12569_sub0	1	9	3	6	3	6	0	0
12569_sub1	0	1	1	0	0	0	1	0
126_sub0	1	7	3	4	3	4	0	0
126_sub1	0	1	0	1	0	0	0	1
12618_sub0	0	4	1	3	0	0	1	3
12618_sub1	0	1	1	0	0	0	1	0
12618_sub2	0	1	0	1	0	0	0	1
1262_sub0	1	9	4	5	4	5	0	0
1264_sub0	1	16	10	6	10	6	0	0
1264_sub1	0	1	1	0	0	0	1	0
1264_sub2	0	1	0	1	0	0	0	1
1264_sub3	0	1	0	1	0	0	0	1
1264_sub4	0	1	1	0	0	0	1	0
1264_sub5	0	1	1	0	0	0	1	0
1264_sub6	0	1	0	1	0	0	0	1
1273_sub0	0	1	0	1	0	0	0	1
1273_sub1	1	10	4	6	4	6	0	0
1273_sub2	0	1	0	1	0	0	0	1
1273_sub3	0	1	0	1	0	0	0	1
1277_sub0	1	8	4	4	4	4	0	0
1277_sub1	0	1	1	0	0	0	1	0
1277_sub2	0	1	1	0	0	0	1	0
12787_sub0	0	1	0	1	0	0	0	1
12787_sub1	0	5	3	2	0	0	3	2
1280_sub0	0	1	0	1	0	0	0	1
1280_sub1	1	9	7	2	7	2	0	0
1280_sub2	0	1	0	1	0	0	0	1
1280_sub3	0	1	0	1	0	0	0	1
1285_sub0	0	1	0	1	0	0	0	1
1285_sub1	0	1	1	0	0	0	1	0
1285_sub2	1	6	2	4	2	4	0	0
12862_sub0	0	1	0	1	0	0	0	1
12862_sub1	1	6	1	5	1	5	0	0
12862_sub2	0	1	1	0	0	0	1	0
12862_sub3	0	1	0	1	0	0	0	1
1289_sub0	0	1	0	1	0	0	0	1
1289_sub1	0	1	0	1	0	0	0	1
1289_sub2	0	4	1	3	0	0	1	3
1291_sub0	1	8	3	5	3	5	0	0
1291_sub1	0	1	0	1	0	0	0	1
1291_sub2	0	1	1	0	0	0	1	0
12925_sub0	1	6	1	5	1	5	0	0
12957_sub0	1	8	4	4	4	4	0	0
1296_sub0	0	5	0	5	0	0	0	5
1296_sub1	0	1	1	0	0	0	1	0
12966_sub0	0	4	3	1	0	0	3	1
12966_sub1	0	1	0	1	0	0	0	1
12966_sub2	0	1	0	1	0	0	0	1
12966_sub3	0	1	0	1	0	0	0	1
1299_sub0	0	1	0	1	0	0	0	1
1299_sub1	0	4	2	2	0	0	2	2
1299_sub2	0	1	0	1	0	0	0	1
1301_sub0	0	1	0	1	0	0	0	1
1301_sub1	0	5	4	1	0	0	4	1
1302_sub0	1	8	4	4	4	4	0	0
1302_sub1	0	1	0	1	0	0	0	1
1302_sub2	0	1	1	0	0	0	1	0
1302_sub3	0	1	1	0	0	0	1	0
1302_sub4	0	1	0	1	0	0	0	1
1304_sub0	0	5	4	1	0	0	4	1
1304_sub1	0	1	0	1	0	0	0	1
13053_sub0	1	6	4	2	4	2	0	0
13053_sub1	0	1	0	1	0	0	0	1
1306_sub0	0	1	0	1	0	0	0	1
1306_sub1	0	3	1	2	0	0	1	2
1306_sub2	0	1	0	1	0	0	0	1
1306_sub3	0	1	0	1	0	0	0	1
1313_sub0	1	8	4	4	4	4	0	0
1315_sub0	1	6	1	5	1	5	0	0
1316_sub0	0	1	0	1	0	0	0	1
1316_sub1	1	6	2	4	2	4	0	0
1316_sub2	0	1	1	0	0	0	1	0
1317_sub0	0	1	0	1	0	0	0	1
1317_sub1	1	9	4	5	4	5	0	0
1320_sub0	1	8	2	6	2	6	0	0
1320_sub1	0	1	1	0	0	0	1	0
13201_sub0	0	1	1	0	0	0	1	0
13201_sub1	1	6	0	6	0	6	0	0
13201_sub2	0	1	0	1	0	0	0	1
1322_sub0	0	1	1	0	0	0	1	0
1322_sub1	1	7	4	3	4	3	0	0
1322_sub2	0	1	1	0	0	0	1	0
1323_sub0	0	5	3	2	0	0	3	2
1323_sub1	0	1	0	1	0	0	0	1
1324_sub0	0	1	0	1	0	0	0	1
1324_sub1	0	5	4	1	0	0	4	1
1324_sub2	0	1	1	0	0	0	1	0
1324_sub3	0	1	0	1	0	0	0	1
1324_sub4	0	1	0	1	0	0	0	1
1324_sub5	0	1	0	1	0	0	0	1
1324_sub6	0	1	1	0	0	0	1	0
1324_sub7	0	1	1	0	0	0	1	0
1324_sub8	0	1	0	1	0	0	0	1
1328_sub0	1	9	1	8	1	8	0	0
133_sub0	0	1	1	0	0	0	1	0
133_sub1	0	5	4	1	0	0	4	1
133_sub2	0	1	0	1	0	0	0	1
1330_sub0	1	10	6	4	6	4	0	0
1330_sub1	0	1	1	0	0	0	1	0
1331_sub0	0	1	0	1	0	0	0	1
1331_sub1	1	9	5	4	5	4	0	0
1331_sub2	0	1	0	1	0	0	0	1
1333_sub0	0	5	2	3	0	0	2	3
1333_sub1	0	1	0	1	0	0	0	1
1333_sub2	0	1	0	1	0	0	0	1
1335_sub0	0	1	0	1	0	0	0	1
1335_sub1	1	9	5	4	5	4	0	0
1335_sub2	0	1	0	1	0	0	0	1
13372_sub0	0	4	2	2	0	0	2	2
13372_sub1	0	1	0	1	0	0	0	1
13372_sub2	0	1	1	0	0	0	1	0
1340_sub0	1	11	3	8	3	8	0	0
1340_sub1	0	1	0	1	0	0	0	1
1340_sub2	0	1	0	1	0	0	0	1
1340_sub3	0	1	0	1	0	0	0	1
1340_sub4	0	1	1	0	0	0	1	0
1347_sub0	0	1	0	1	0	0	0	1
1347_sub1	0	3	1	2	0	0	1	2
1347_sub2	0	1	1	0	0	0	1	0
1347_sub3	0	1	1	0	0	0	1	0
1347_sub4	0	1	1	0	0	0	1	0
1350_sub0	1	6	1	5	1	5	0	0
1350_sub1	0	1	0	1	0	0	0	1
1350_sub2	0	1	1	0	0	0	1	0
13502_sub0	1	7	4	3	4	3	0	0
13502_sub1	0	1	0	1	0	0	0	1
13502_sub2	0	1	1	0	0	0	1	0
13560_sub0	0	1	0	1	0	0	0	1
13560_sub1	0	4	3	1	0	0	3	1
13560_sub2	0	1	0	1	0	0	0	1
1357_sub0	1	11	5	6	5	6	0	0
1357_sub1	0	1	1	0	0	0	1	0
1359_sub0	0	1	0	1	0	0	0	1
1359_sub1	0	3	2	1	0	0	2	1
1359_sub2	0	1	0	1	0	0	0	1
1359_sub3	0	1	0	1	0	0	0	1
1359_sub4	0	1	1	0	0	0	1	0
1363_sub0	0	1	1	0	0	0	1	0
1363_sub1	0	1	1	0	0	0	1	0
1363_sub2	1	6	3	3	3	3	0	0
1363_sub3	0	1	0	1	0	0	0	1
1363_sub4	0	1	1	0	0	0	1	0
1367_sub0	1	9	4	5	4	5	0	0
1367_sub1	0	1	0	1	0	0	0	1
1367_sub2	0	1	1	0	0	0	1	0
1367_sub3	0	1	0	1	0	0	0	1
13753_sub0	0	1	0	1	0	0	0	1
13753_sub1	0	1	1	0	0	0	1	0
13753_sub2	0	3	2	1	0	0	2	1
13753_sub3	0	1	0	1	0	0	0	1
1386_sub0	0	1	1	0	0	0	1	0
1386_sub1	0	1	0	1	0	0	0	1
1386_sub2	1	7	3	4	3	4	0	0
1386_sub3	0	2	0	2	0	0	0	2
1386_sub4	0	1	0	1	0	0	0	1
13897_sub0	0	1	0	1	0	0	0	1
13897_sub1	0	1	0	1	0	0	0	1
13897_sub2	0	1	1	0	0	0	1	0
13897_sub3	0	1	0	1	0	0	0	1
13897_sub4	0	1	0	1	0	0	0	1
13897_sub5	0	1	0	1	0	0	0	1
1391_sub0	0	1	1	0	0	0	1	0
1391_sub1	0	4	3	1	0	0	3	1
1391_sub2	0	1	0	1	0	0	0	1
1397_sub0	1	9	2	7	2	7	0	0
1397_sub1	0	1	1	0	0	0	1	0
1398_sub0	1	7	4	3	4	3	0	0
13991_sub0	0	1	1	0	0	0	1	0
13991_sub1	1	6	2	4	2	4	0	0
140_sub0	0	1	1	0	0	0	1	0
140_sub1	0	1	0	1	0	0	0	1
140_sub2	1	6	4	2	4	2	0	0
140_sub3	0	1	0	1	0	0	0	1
140_sub4	0	1	0	1	0	0	0	1
140_sub5	0	1	0	1	0	0	0	1
140_sub6	0	1	0	1	0	0	0	1
1402_sub0	0	1	0	1	0	0	0	1
1402_sub1	0	1	0	1	0	0	0	1
1402_sub2	0	4	1	3	0	0	1	3
14023_sub0	1	6	4	2	4	2	0	0
14069_sub0	0	1	0	1	0	0	0	1
14069_sub1	0	4	4	0	0	0	4	0
14069_sub2	0	1	0	1	0	0	0	1
14073_sub0	0	1	1	0	0	0	1	0
14073_sub1	0	3	1	2	0	0	1	2
14073_sub2	0	1	1	0	0	0	1	0
14073_sub3	0	1	0	1	0	0	0	1
141_sub0	0	1	1	0	0	0	1	0
141_sub1	1	6	2	4	2	4	0	0
1410_sub0	0	5	1	4	0	0	1	4
1410_sub1	0	1	0	1	0	0	0	1
1411_sub0	0	1	0	1	0	0	0	1
1411_sub1	1	7	3	4	3	4	0	0
1411_sub2	0	1	1	0	0	0	1	0
1418_sub0	1	8	5	3	5	3	0	0
1418_sub1	0	1	0	1	0	0	0	1
1418_sub2	0	1	0	1	0	0	0	1
1418_sub3	0	2	0	2	0	0	0	2
1422_sub0	1	7	3	4	3	4	0	0
1429_sub0	1	7	4	3	4	3	0	0
1429_sub1	0	1	0	1	0	0	0	1
1429_sub2	0	1	1	0	0	0	1	0
1429_sub3	0	1	0	1	0	0	0	1
14337_sub0	1	6	4	2	4	2	0	0
14337_sub1	0	1	0	1	0	0	0	1
14337_sub2	0	1	0	1	0	0	0	1
1434_sub0	0	1	0	1	0	0	0	1
1434_sub1	1	7	3	4	3	4	0	0
14359_sub0	0	1	0	1	0	0	0	1
14359_sub1	0	1	1	0	0	0	1	0
14359_sub2	0	4	2	2	0	0	2	2
14359_sub3	0	1	0	1	0	0	0	1
1438_sub0	0	1	0	1	0	0	0	1
1438_sub1	0	5	4	1	0	0	4	1
1440_sub0	0	1	0	1	0	0	0	1
1440_sub1	0	1	1	0	0	0	1	0
1440_sub2	1	12	5	7	5	7	0	0
1441_sub0	1	7	3	4	3	4	0	0
1441_sub1	0	1	1	0	0	0	1	0
1441_sub2	0	1	1	0	0	0	1	0
1446_sub0	0	1	1	0	0	0	1	0
1446_sub1	0	1	0	1	0	0	0	1
1446_sub2	0	1	1	0	0	0	1	0
1446_sub3	1	9	5	4	5	4	0	0
14494_sub0	0	1	1	0	0	0	1	0
14494_sub1	0	4	2	2	0	0	2	2
14494_sub2	0	1	0	1	0	0	0	1
1450_sub0	0	1	0	1	0	0	0	1
1450_sub1	1	6	3	3	3	3	0	0
14537_sub0	0	1	0	1	0	0	0	1
14537_sub1	0	1	0	1	0	0	0	1
14537_sub2	0	1	1	0	0	0	1	0
14537_sub3	0	1	1	0	0	0	1	0
14537_sub4	0	1	1	0	0	0	1	0
14537_sub5	0	1	1	0	0	0	1	0
14537_sub6	0	1	1	0	0	0	1	0
14565_sub0	1	7	3	4	3	4	0	0
14575_sub0	1	6	3	3	3	3	0	0
14600_sub0	0	1	0	1	0	0	0	1
14600_sub1	0	1	1	0	0	0	1	0
14600_sub2	0	1	1	0	0	0	1	0
14600_sub3	0	1	1	0	0	0	1	0
14600_sub4	0	1	1	0	0	0	1	0
14600_sub5	0	1	1	0	0	0	1	0
1462_sub0	0	1	0	1	0	0	0	1
1462_sub1	1	6	4	2	4	2	0	0
1466_sub0	1	7	2	5	2	5	0	0
1466_sub1	0	1	0	1	0	0	0	1
1466_sub2	0	1	1	0	0	0	1	0
1466_sub3	0	1	1	0	0	0	1	0
14719_sub0	0	3	1	2	0	0	1	2
14719_sub1	0	1	0	1	0	0	0	1
14719_sub2	0	1	0	1	0	0	0	1
14719_sub3	0	1	1	0	0	0	1	0
1474_sub0	0	4	2	2	0	0	2	2
1474_sub1	0	1	0	1	0	0	0	1
1474_sub2	0	1	0	1	0	0	0	1
14772_sub0	0	5	3	2	0	0	3	2
14772_sub1	0	1	0	1	0	0	0	1
1478_sub0	0	1	0	1	0	0	0	1
1478_sub1	1	7	3	4	3	4	0	0
1478_sub2	0	1	1	0	0	0	1	0
1489_sub0	1	6	2	4	2	4	0	0
1489_sub1	0	1	1	0	0	0	1	0
1497_sub0	1	7	6	1	6	1	0	0
1501_sub0	0	1	0	1	0	0	0	1
1501_sub1	0	1	0	1	0	0	0	1
1501_sub2	0	5	2	3	0	0	2	3
1501_sub3	0	1	0	1	0	0	0	1
1505_sub0	0	1	0	1	0	0	0	1
1505_sub1	0	4	2	2	0	0	2	2
1505_sub2	0	1	0	1	0	0	0	1
1505_sub3	0	1	0	1	0	0	0	1
1506_sub0	1	8	5	3	5	3	0	0
1506_sub1	0	1	1	0	0	0	1	0
1506_sub2	0	1	0	1	0	0	0	1
1506_sub3	0	1	0	1	0	0	0	1
1506_sub4	0	1	1	0	0	0	1	0
152_sub0	0	1	1	0	0	0	1	0
152_sub1	1	7	2	5	2	5	0	0
152_sub2	0	1	1	0	0	0	1	0
152_sub3	0	1	0	1	0	0	0	1
152_sub4	0	1	1	0	0	0	1	0
152_sub5	0	1	0	1	0	0	0	1
152_sub6	0	1	1	0	0	0	1	0
152_sub7	0	1	0	1	0	0	0	1
152_sub8	0	1	0	1	0	0	0	1
152_sub9	0	1	0	1	0	0	0	1
15212_sub0	1	8	7	1	7	1	0	0
15268_sub0	0	1	1	0	0	0	1	0
15268_sub1	0	2	1	1	0	0	1	1
15268_sub2	0	1	0	1	0	0	0	1
15268_sub3	0	1	1	0	0	0	1	0
15268_sub4	0	1	0	1	0	0	0	1
1528_sub0	0	4	2	2	0	0	2	2
1528_sub1	0	1	1	0	0	0	1	0
1528_sub2	0	1	1	0	0	0	1	0
1528_sub3	0	1	0	1	0	0	0	1
153_sub0	0	1	0	1	0	0	0	1
153_sub1	1	6	2	4	2	4	0	0
1531_sub0	0	1	0	1	0	0	0	1
1531_sub1	1	8	3	5	3	5	0	0
1531_sub2	1	8	4	4	4	4	0	0
1531_sub3	0	1	0	1	0	0	0	1
1531_sub4	0	1	1	0	0	0	1	0
154_sub0	0	1	1	0	0	0	1	0
154_sub1	0	1	0	1	0	0	0	1
154_sub2	0	1	0	1	0	0	0	1
154_sub3	1	10	3	7	3	7	0	0
154_sub4	0	1	0	1	0	0	0	1
154_sub5	0	1	0	1	0	0	0	1
1543_sub0	0	1	0	1	0	0	0	1
1543_sub1	0	1	0	1	0	0	0	1
1543_sub2	0	5	3	2	0	0	3	2
1545_sub0	1	6	3	3	3	3	0	0
1545_sub1	0	1	1	0	0	0	1	0
1545_sub2	0	1	1	0	0	0	1	0
1546_sub0	0	4	1	3	0	0	1	3
1546_sub1	0	1	1	0	0	0	1	0
1546_sub2	0	1	1	0	0	0	1	0
1547_sub0	0	1	1	0	0	0	1	0
1547_sub1	0	5	1	4	0	0	1	4
1547_sub2	0	1	0	1	0	0	0	1
1548_sub0	0	1	0	1	0	0	0	1
1548_sub1	0	5	1	4	0	0	1	4
1548_sub2	0	1	1	0	0	0	1	0
1548_sub3	0	1	0	1	0	0	0	1
1555_sub0	0	1	0	1	0	0	0	1
1555_sub1	0	1	0	1	0	0	0	1
1555_sub2	0	3	1	2	0	0	1	2
1555_sub3	0	1	0	1	0	0	0	1
1559_sub0	0	4	0	4	0	0	0	4
1559_sub1	0	1	1	0	0	0	1	0
1559_sub2	0	1	1	0	0	0	1	0
1560_sub0	1	10	7	3	7	3	0	0
1560_sub1	0	1	0	1	0	0	0	1
1560_sub2	0	1	1	0	0	0	1	0
1563_sub0	1	7	5	2	5	2	0	0
1563_sub1	0	1	1	0	0	0	1	0
1563_sub2	0	1	1	0	0	0	1	0
1563_sub3	0	1	0	1	0	0	0	1
1565_sub0	0	1	1	0	0	0	1	0
1565_sub1	1	7	3	4	3	4	0	0
15668_sub0	0	1	0	1	0	0	0	1
15668_sub1	0	1	0	1	0	0	0	1
15668_sub2	1	10	6	4	6	4	0	0
157_sub0	0	1	1	0	0	0	1	0
157_sub1	1	6	3	3	3	3	0	0
1570_sub0	0	3	1	2	0	0	1	2
1570_sub1	0	1	0	1	0	0	0	1
1570_sub2	0	1	1	0	0	0	1	0
1570_sub3	0	1	0	1	0	0	0	1
1577_sub0	0	1	0	1	0	0	0	1
1577_sub1	0	3	0	3	0	0	0	3
1577_sub2	0	1	0	1	0	0	0	1
1577_sub3	0	1	1	0	0	0	1	0
1578_sub0	0	1	0	1	0	0	0	1
1578_sub1	0	2	1	1	0	0	1	1
1578_sub2	0	1	0	1	0	0	0	1
1578_sub3	0	1	0	1	0	0	0	1
1578_sub4	0	1	0	1	0	0	0	1
1581_sub0	1	6	3	3	3	3	0	0
1581_sub1	0	1	0	1	0	0	0	1
1581_sub2	0	1	1	0	0	0	1	0
1583_sub0	0	1	0	1	0	0	0	1
1583_sub1	1	6	3	3	3	3	0	0
1583_sub2	0	1	1	0	0	0	1	0
1587_sub0	1	6	3	3	3	3	0	0
1587_sub1	0	1	0	1	0	0	0	1
1589_sub0	0	3	1	2	0	0	1	2
1589_sub1	0	1	1	0	0	0	1	0
1589_sub2	0	1	0	1	0	0	0	1
1589_sub3	0	1	1	0	0	0	1	0
1589_sub4	0	1	0	1	0	0	0	1
1589_sub5	0	1	1	0	0	0	1	0
1590_sub0	0	4	0	4	0	0	0	4
1590_sub1	0	3	3	0	0	0	3	0
1593_sub0	0	1	0	1	0	0	0	1
1593_sub1	1	7	2	5	2	5	0	0
1593_sub2	0	1	0	1	0	0	0	1
1593_sub3	0	1	0	1	0	0	0	1
1593_sub4	0	1	0	1	0	0	0	1
1594_sub0	0	5	3	2	0	0	3	2
1594_sub1	0	1	1	0	0	0	1	0
1594_sub2	0	1	0	1	0	0	0	1
1594_sub3	0	1	0	1	0	0	0	1
15949_sub0	0	1	1	0	0	0	1	0
15949_sub1	1	8	4	4	4	4	0	0
15949_sub2	0	1	1	0	0	0	1	0
1597_sub0	0	1	0	1	0	0	0	1
1597_sub1	0	5	2	3	0	0	2	3
1597_sub2	0	1	1	0	0	0	1	0
1597_sub3	0	1	0	1	0	0	0	1
1597_sub4	0	1	0	1	0	0	0	1
1603_sub0	1	9	5	4	5	4	0	0
1603_sub1	0	1	1	0	0	0	1	0
1603_sub2	0	1	0	1	0	0	0	1
1603_sub3	0	1	1	0	0	0	1	0
1603_sub4	0	1	1	0	0	0	1	0
16048_sub0	0	5	4	1	0	0	4	1
16048_sub1	0	1	0	1	0	0	0	1
1610_sub0	0	1	0	1	0	0	0	1
1610_sub1	0	3	3	0	0	0	3	0
1610_sub2	0	1	1	0	0	0	1	0
1610_sub3	0	1	1	0	0	0	1	0
1613_sub0	1	7	2	5	2	5	0	0
1613_sub1	0	1	0	1	0	0	0	1
1614_sub0	1	7	4	3	4	3	0	0
1614_sub1	0	1	0	1	0	0	0	1
1614_sub2	0	1	1	0	0	0	1	0
1614_sub3	0	1	0	1	0	0	0	1
1616_sub0	0	1	0	1	0	0	0	1
1616_sub1	0	1	0	1	0	0	0	1
1616_sub2	0	4	2	2	0	0	2	2
1616_sub3	0	1	0	1	0	0	0	1
1616_sub4	0	1	1	0	0	0	1	0
1616_sub5	0	1	0	1	0	0	0	1
1616_sub6	0	1	0	1	0	0	0	1
1616_sub7	0	1	0	1	0	0	0	1
1621_sub0	0	1	1	0	0	0	1	0
1621_sub1	0	5	3	2	0	0	3	2
1621_sub2	0	1	0	1	0	0	0	1
16245_sub0	1	7	2	5	2	5	0	0
1630_sub0	0	1	0	1	0	0	0	1
1630_sub1	1	10	7	3	7	3	0	0
1630_sub2	0	1	1	0	0	0	1	0
1630_sub3	0	1	1	0	0	0	1	0
1631_sub0	0	1	0	1	0	0	0	1
1631_sub1	0	1	1	0	0	0	1	0
1631_sub2	0	1	1	0	0	0	1	0
1631_sub3	0	1	0	1	0	0	0	1
1631_sub4	0	1	1	0	0	0	1	0
1631_sub5	0	1	0	1	0	0	0	1
1636_sub0	1	11	5	6	5	6	0	0
1636_sub1	0	1	0	1	0	0	0	1
1636_sub2	0	1	0	1	0	0	0	1
1639_sub0	1	8	3	5	3	5	0	0
1639_sub1	0	1	0	1	0	0	0	1
1639_sub2	0	1	0	1	0	0	0	1
1639_sub3	0	1	1	0	0	0	1	0
1639_sub4	0	1	1	0	0	0	1	0
1640_sub0	0	5	0	5	0	0	0	5
1640_sub1	0	1	0	1	0	0	0	1
1640_sub2	0	1	1	0	0	0	1	0
1640_sub3	0	1	1	0	0	0	1	0
1641_sub0	1	7	5	2	5	2	0	0
1641_sub1	0	1	0	1	0	0	0	1
1641_sub2	0	1	1	0	0	0	1	0
1641_sub3	0	1	0	1	0	0	0	1
1641_sub4	0	1	0	1	0	0	0	1
1642_sub0	0	5	1	4	0	0	1	4
1642_sub1	0	1	1	0	0	0	1	0
1642_sub2	0	1	0	1	0	0	0	1
1642_sub3	0	1	0	1	0	0	0	1
1643_sub0	0	1	0	1	0	0	0	1
1643_sub1	1	6	4	2	4	2	0	0
1643_sub2	0	1	1	0	0	0	1	0
1643_sub3	0	1	0	1	0	0	0	1
1643_sub4	0	1	0	1	0	0	0	1
1644_sub0	1	8	5	3	5	3	0	0
1644_sub1	0	1	1	0	0	0	1	0
1644_sub2	0	1	1	0	0	0	1	0
1644_sub3	0	1	1	0	0	0	1	0
1647_sub0	0	1	1	0	0	0	1	0
1647_sub1	0	5	1	4	0	0	1	4
1648_sub0	0	1	1	0	0	0	1	0
1648_sub1	0	1	0	1	0	0	0	1
1648_sub2	0	1	1	0	0	0	1	0
1648_sub3	0	1	0	1	0	0	0	1
1648_sub4	0	1	0	1	0	0	0	1
1648_sub5	0	1	1	0	0	0	1	0
1648_sub6	0	1	0	1	0	0	0	1
1650_sub0	1	7	4	3	4	3	0	0
1651_sub0	1	12	4	8	4	8	0	0
1651_sub1	0	1	0	1	0	0	0	1
1651_sub2	0	1	0	1	0	0	0	1
1656_sub0	0	1	1	0	0	0	1	0
1656_sub1	0	1	1	0	0	0	1	0
1656_sub2	0	1	0	1	0	0	0	1
1656_sub3	0	1	1	0	0	0	1	0
1656_sub4	0	1	0	1	0	0	0	1
1656_sub5	0	1	1	0	0	0	1	0
1656_sub6	0	1	0	1	0	0	0	1
1656_sub7	0	1	1	0	0	0	1	0
1660_sub0	0	1	0	1	0	0	0	1
1660_sub1	1	8	5	3	5	3	0	0
1660_sub2	0	1	0	1	0	0	0	1
1660_sub3	0	1	1	0	0	0	1	0
1660_sub4	0	1	0	1	0	0	0	1
16630_sub0	0	1	1	0	0	0	1	0
16630_sub1	0	2	1	1	0	0	1	1
16630_sub2	0	1	0	1	0	0	0	1
16630_sub3	0	1	0	1	0	0	0	1
16630_sub4	0	1	1	0	0	0	1	0
1674_sub0	0	1	0	1	0	0	0	1
1674_sub1	0	4	1	3	0	0	1	3
1674_sub2	0	1	1	0	0	0	1	0
1675_sub0	0	5	3	2	0	0	3	2
1675_sub1	0	1	0	1	0	0	0	1
1675_sub2	0	1	0	1	0	0	0	1
1679_sub0	0	5	0	5	0	0	0	5
1679_sub1	0	1	1	0	0	0	1	0
168_sub0	0	1	1	0	0	0	1	0
168_sub1	1	8	2	6	2	6	0	0
168_sub2	0	1	0	1	0	0	0	1
168_sub3	0	1	1	0	0	0	1	0
168_sub4	0	1	0	1	0	0	0	1
1685_sub0	1	8	2	6	2	6	0	0
1685_sub1	0	1	0	1	0	0	0	1
1685_sub2	0	1	1	0	0	0	1	0
1695_sub0	0	1	1	0	0	0	1	0
1695_sub1	0	2	0	2	0	0	0	2
1695_sub2	0	1	1	0	0	0	1	0
1695_sub3	0	1	0	1	0	0	0	1
1695_sub4	0	1	1	0	0	0	1	0
1695_sub5	0	1	0	1	0	0	0	1
1696_sub0	0	5	2	3	0	0	2	3
1696_sub1	0	1	0	1	0	0	0	1
1697_sub0	0	1	1	0	0	0	1	0
1697_sub1	1	8	5	3	5	3	0	0
1697_sub2	0	1	1	0	0	0	1	0
1699_sub0	1	6	3	3	3	3	0	0
1699_sub1	0	1	0	1	0	0	0	1
1699_sub2	0	1	1	0	0	0	1	0
1699_sub3	0	1	0	1	0	0	0	1
1699_sub4	0	1	0	1	0	0	0	1
1699_sub5	0	1	0	1	0	0	0	1
170_sub0	0	1	1	0	0	0	1	0
170_sub1	1	7	4	3	4	3	0	0
170_sub2	0	1	0	1	0	0	0	1
170_sub3	0	1	0	1	0	0	0	1
1706_sub0	1	6	2	4	2	4	0	0
1706_sub1	0	1	0	1	0	0	0	1
1706_sub2	0	1	0	1	0	0	0	1
1706_sub3	0	1	1	0	0	0	1	0
1708_sub0	1	8	6	2	6	2	0	0
1708_sub1	0	1	1	0	0	0	1	0
1708_sub2	0	1	0	1	0	0	0	1
1708_sub3	0	1	1	0	0	0	1	0
1708_sub4	0	1	0	1	0	0	0	1
1708_sub5	0	1	0	1	0	0	0	1
1708_sub6	0	1	0	1	0	0	0	1
1710_sub0	1	6	0	6	0	6	0	0
1710_sub1	0	1	1	0	0	0	1	0
1710_sub2	0	1	1	0	0	0	1	0
1713_sub0	0	5	2	3	0	0	2	3
1713_sub1	0	1	1	0	0	0	1	0
1713_sub2	0	1	1	0	0	0	1	0
1714_sub0	0	1	0	1	0	0	0	1
1714_sub1	0	1	1	0	0	0	1	0
1714_sub2	0	1	0	1	0	0	0	1
1714_sub3	0	1	0	1	0	0	0	1
1714_sub4	0	1	0	1	0	0	0	1
1714_sub5	0	1	1	0	0	0	1	0
172_sub0	0	1	0	1	0	0	0	1
172_sub1	1	7	3	4	3	4	0	0
1727_sub0	0	5	0	5	0	0	0	5
1727_sub1	0	1	1	0	0	0	1	0
1731_sub0	1	13	6	7	6	7	0	0
1731_sub1	0	1	0	1	0	0	0	1
1731_sub2	0	1	1	0	0	0	1	0
1731_sub3	0	1	0	1	0	0	0	1
1733_sub0	1	8	4	4	4	4	0	0
1733_sub1	0	1	0	1	0	0	0	1
1735_sub0	1	6	2	4	2	4	0	0
1735_sub1	0	1	1	0	0	0	1	0
1737_sub0	0	1	0	1	0	0	0	1
1737_sub1	0	1	0	1	0	0	0	1
1737_sub2	0	1	0	1	0	0	0	1
1737_sub3	0	1	0	1	0	0	0	1
1737_sub4	0	1	0	1	0	0	0	1
1737_sub5	0	1	1	0	0	0	1	0
1741_sub0	0	1	0	1	0	0	0	1
1741_sub1	1	9	7	2	7	2	0	0
1741_sub2	0	1	0	1	0	0	0	1
1741_sub3	0	1	1	0	0	0	1	0
1743_sub0	0	1	1	0	0	0	1	0
1743_sub1	0	3	1	2	0	0	1	2
1743_sub2	0	1	0	1	0	0	0	1
1743_sub3	0	1	1	0	0	0	1	0
1746_sub0	1	7	4	3	4	3	0	0
1746_sub1	0	1	1	0	0	0	1	0
1746_sub2	0	1	0	1	0	0	0	1
175_sub0	0	1	1	0	0	0	1	0
175_sub1	0	1	0	1	0	0	0	1
175_sub2	0	5	4	1	0	0	4	1
175_sub3	0	1	1	0	0	0	1	0
1753_sub0	0	1	0	1	0	0	0	1
1753_sub1	0	4	3	1	0	0	3	1
1753_sub2	0	1	0	1	0	0	0	1
1755_sub0	0	1	1	0	0	0	1	0
1755_sub1	0	1	1	0	0	0	1	0
1755_sub2	0	3	1	2	0	0	1	2
1755_sub3	0	1	1	0	0	0	1	0
1759_sub0	1	8	3	5	3	5	0	0
1759_sub1	0	1	1	0	0	0	1	0
1759_sub2	0	1	0	1	0	0	0	1
1759_sub3	0	1	0	1	0	0	0	1
1764_sub0	1	9	6	3	6	3	0	0
1764_sub1	0	1	0	1	0	0	0	1
1764_sub2	0	1	0	1	0	0	0	1
1774_sub0	1	8	1	7	1	7	0	0
1774_sub1	0	1	1	0	0	0	1	0
1774_sub2	0	1	1	0	0	0	1	0
1774_sub3	0	1	1	0	0	0	1	0
1775_sub0	1	9	4	5	4	5	0	0
1775_sub1	0	1	0	1	0	0	0	1
1778_sub0	1	6	5	1	5	1	0	0
1778_sub1	0	1	1	0	0	0	1	0
1778_sub2	0	1	0	1	0	0	0	1
1778_sub3	0	1	0	1	0	0	0	1
18_sub0	0	1	1	0	0	0	1	0
18_sub1	0	1	0	1	0	0	0	1
18_sub2	0	5	3	2	0	0	3	2
18_sub3	0	1	0	1	0	0	0	1
180_sub0	0	1	1	0	0	0	1	0
180_sub1	1	8	4	4	4	4	0	0
1804_sub0	0	1	0	1	0	0	0	1
1804_sub1	0	1	0	1	0	0	0	1
1804_sub2	1	8	2	6	2	6	0	0
1804_sub3	0	1	0	1	0	0	0	1
1810_sub0	0	1	0	1	0	0	0	1
1810_sub1	0	5	0	5	0	0	0	5
1810_sub2	0	1	0	1	0	0	0	1
1811_sub0	0	1	0	1	0	0	0	1
1811_sub1	1	6	1	5	1	5	0	0
1811_sub2	0	1	0	1	0	0	0	1
1811_sub3	0	1	1	0	0	0	1	0
1814_sub0	0	1	0	1	0	0	0	1
1814_sub1	0	5	3	2	0	0	3	2
1814_sub2	0	1	0	1	0	0	0	1
1824_sub0	1	6	2	4	2	4	0	0
1824_sub1	0	1	1	0	0	0	1	0
183_sub0	0	1	0	1	0	0	0	1
183_sub1	0	4	3	1	0	0	3	1
183_sub2	0	1	0	1	0	0	0	1
183_sub3	0	1	0	1	0	0	0	1
1832_sub0	1	7	2	5	2	5	0	0
1832_sub1	0	1	0	1	0	0	0	1
1832_sub2	0	1	0	1	0	0	0	1
1835_sub0	1	8	4	4	4	4	0	0
1835_sub1	0	1	1	0	0	0	1	0
1841_sub0	0	1	0	1	0	0	0	1
1841_sub1	1	6	1	5	1	5	0	0
1841_sub2	0	1	1	0	0	0	1	0
1841_sub3	0	1	1	0	0	0	1	0
1844_sub0	1	7	2	5	2	5	0	0
1844_sub1	0	1	1	0	0	0	1	0
1844_sub2	0	1	1	0	0	0	1	0
1844_sub3	0	1	1	0	0	0	1	0
1847_sub0	1	6	2	4	2	4	0	0
1847_sub1	0	1	1	0	0	0	1	0
185_sub0	0	1	0	1	0	0	0	1
185_sub1	1	6	2	4	2	4	0	0
1852_sub0	0	2	1	1	0	0	1	1
1852_sub1	0	1	1	0	0	0	1	0
1852_sub2	0	1	0	1	0	0	0	1
1852_sub3	0	1	0	1	0	0	0	1
1852_sub4	0	1	0	1	0	0	0	1
1853_sub0	0	1	0	1	0	0	0	1
1853_sub1	1	8	4	4	4	4	0	0
1853_sub2	0	1	0	1	0	0	0	1
1853_sub3	0	1	1	0	0	0	1	0
1856_sub0	0	1	0	1	0	0	0	1
1856_sub1	0	5	2	3	0	0	2	3
1856_sub2	0	1	1	0	0	0	1	0
1856_sub3	0	1	1	0	0	0	1	0
1857_sub0	1	11	5	6	5	6	0	0
1857_sub1	0	1	0	1	0	0	0	1
1858_sub0	1	8	4	4	4	4	0	0
1858_sub1	0	1	1	0	0	0	1	0
1858_sub2	0	1	1	0	0	0	1	0
186_sub0	0	1	0	1	0	0	0	1
186_sub1	0	4	3	1	0	0	3	1
186_sub2	0	1	0	1	0	0	0	1
1871_sub0	1	11	6	5	6	5	0	0
1871_sub1	0	1	1	0	0	0	1	0
1875_sub0	1	8	3	5	3	5	0	0
1876_sub0	1	11	4	7	4	7	0	0
1876_sub1	0	1	1	0	0	0	1	0
1876_sub2	0	1	1	0	0	0	1	0
1876_sub3	0	1	1	0	0	0	1	0
1878_sub0	0	1	1	0	0	0	1	0
1878_sub1	0	5	4	1	0	0	4	1
1878_sub2	0	1	1	0	0	0	1	0
1879_sub0	1	7	3	4	3	4	0	0
1879_sub1	0	1	1	0	0	0	1	0
1879_sub2	0	1	0	1	0	0	0	1
1883_sub0	0	1	0	1	0	0	0	1
1883_sub1	1	7	5	2	5	2	0	0
1883_sub2	0	1	1	0	0	0	1	0
1883_sub3	0	1	0	1	0	0	0	1
1888_sub0	1	8	4	4	4	4	0	0
1888_sub1	0	1	1	0	0	0	1	0
1889_sub0	1	6	3	3	3	3	0	0
1889_sub1	0	1	1	0	0	0	1	0
1890_sub0	0	1	0	1	0	0	0	1
1890_sub1	0	1	0	1	0	0	0	1
1890_sub2	1	6	4	2	4	2	0	0
1890_sub3	0	1	1	0	0	0	1	0
1890_sub4	0	2	1	1	0	0	1	1
1890_sub5	0	1	0	1	0	0	0	1
1890_sub6	0	1	1	0	0	0	1	0
1900_sub0	0	1	1	0	0	0	1	0
1900_sub1	0	5	0	5	0	0	0	5
1900_sub2	0	1	0	1	0	0	0	1
1900_sub3	0	1	0	1	0	0	0	1
1900_sub4	0	1	0	1	0	0	0	1
1902_sub0	1	7	4	3	4	3	0	0
1902_sub1	0	1	1	0	0	0	1	0
1902_sub2	0	1	0	1	0	0	0	1
1904_sub0	0	4	1	3	0	0	1	3
1904_sub1	0	1	0	1	0	0	0	1
1904_sub2	0	1	1	0	0	0	1	0
1904_sub3	0	1	0	1	0	0	0	1
1904_sub4	0	1	1	0	0	0	1	0
1910_sub0	1	10	6	4	6	4	0	0
1910_sub1	0	1	0	1	0	0	0	1
1910_sub2	0	1	0	1	0	0	0	1
1913_sub0	0	4	2	2	0	0	2	2
1913_sub1	0	1	0	1	0	0	0	1
1913_sub2	0	1	1	0	0	0	1	0
1917_sub0	0	4	1	3	0	0	1	3
1917_sub1	0	1	1	0	0	0	1	0
1917_sub2	0	1	0	1	0	0	0	1
1917_sub3	0	1	0	1	0	0	0	1
1917_sub4	0	1	0	1	0	0	0	1
1922_sub0	1	8	5	3	5	3	0	0
1922_sub1	0	1	0	1	0	0	0	1
1924_sub0	0	1	0	1	0	0	0	1
1924_sub1	1	12	4	8	4	8	0	0
1924_sub2	0	1	1	0	0	0	1	0
1930_sub0	0	1	0	1	0	0	0	1
1930_sub1	0	5	2	3	0	0	2	3
1935_sub0	1	15	4	11	4	11	0	0
1935_sub1	0	1	0	1	0	0	0	1
1935_sub2	0	1	0	1	0	0	0	1
1935_sub3	0	1	0	1	0	0	0	1
1935_sub4	0	1	1	0	0	0	1	0
1937_sub0	1	6	2	4	2	4	0	0
1937_sub1	0	1	1	0	0	0	1	0
1937_sub2	0	1	1	0	0	0	1	0
1937_sub3	0	1	1	0	0	0	1	0
1937_sub4	0	1	1	0	0	0	1	0
1937_sub5	0	1	1	0	0	0	1	0
1937_sub6	0	1	0	1	0	0	0	1
1937_sub7	0	1	0	1	0	0	0	1
19470_sub0	0	1	1	0	0	0	1	0
19470_sub1	0	5	3	2	0	0	3	2
19496_sub0	1	10	5	5	5	5	0	0
1958_sub0	0	5	3	2	0	0	3	2
1958_sub1	0	1	1	0	0	0	1	0
1958_sub2	0	1	1	0	0	0	1	0
1958_sub3	0	1	0	1	0	0	0	1
1965_sub0	1	7	5	2	5	2	0	0
1965_sub1	0	1	0	1	0	0	0	1
1965_sub2	0	1	0	1	0	0	0	1
1967_sub0	0	1	0	1	0	0	0	1
1967_sub1	1	11	4	7	4	7	0	0
1967_sub2	0	1	1	0	0	0	1	0
1967_sub3	0	1	0	1	0	0	0	1
1967_sub4	0	1	1	0	0	0	1	0
1969_sub0	1	11	5	6	5	6	0	0
1969_sub1	0	1	1	0	0	0	1	0
1969_sub2	0	1	1	0	0	0	1	0
1970_sub0	1	6	3	3	3	3	0	0
1970_sub1	0	1	0	1	0	0	0	1
1970_sub2	0	1	0	1	0	0	0	1
19811_sub0	1	7	4	3	4	3	0	0
19849_sub0	1	6	2	4	2	4	0	0
199_sub0	0	1	1	0	0	0	1	0
199_sub1	1	7	4	3	4	3	0	0
199_sub2	0	1	0	1	0	0	0	1
1993_sub0	1	7	7	0	7	0	0	0
1993_sub1	0	1	0	1	0	0	0	1
1993_sub2	0	1	0	1	0	0	0	1
1993_sub3	0	1	0	1	0	0	0	1
1993_sub4	0	1	1	0	0	0	1	0
19950_sub0	0	1	1	0	0	0	1	0
19950_sub1	0	5	1	4	0	0	1	4
19950_sub2	0	1	0	1	0	0	0	1
2_sub0	0	1	0	1	0	0	0	1
2_sub1	0	5	3	2	0	0	3	2
2_sub2	0	1	1	0	0	0	1	0
2_sub3	0	1	1	0	0	0	1	0
200_sub0	0	1	0	1	0	0	0	1
200_sub1	0	1	0	1	0	0	0	1
200_sub2	0	1	1	0	0	0	1	0
200_sub3	1	9	7	2	7	2	0	0
200_sub4	0	1	1	0	0	0	1	0
200_sub5	0	1	0	1	0	0	0	1
200_sub6	0	1	1	0	0	0	1	0
200_sub7	0	1	1	0	0	0	1	0
2001_sub0	1	10	5	5	5	5	0	0
2001_sub1	0	1	0	1	0	0	0	1
2001_sub2	0	1	1	0	0	0	1	0
2001_sub3	0	1	1	0	0	0	1	0
2001_sub4	0	1	0	1	0	0	0	1
2010_sub0	0	5	1	4	0	0	1	4
2010_sub1	0	1	0	1	0	0	0	1
2010_sub2	0	1	0	1	0	0	0	1
2010_sub3	0	1	0	1	0	0	0	1
2010_sub4	0	1	1	0	0	0	1	0
2020_sub0	0	1	0	1	0	0	0	1
2020_sub1	0	1	1	0	0	0	1	0
2020_sub2	0	4	3	1	0	0	3	1
2020_sub3	0	1	1	0	0	0	1	0
2024_sub0	1	6	3	3	3	3	0	0
2024_sub1	0	1	1	0	0	0	1	0
2024_sub2	0	1	1	0	0	0	1	0
2024_sub3	0	1	1	0	0	0	1	0
2024_sub4	0	1	0	1	0	0	0	1
2026_sub0	1	6	4	2	4	2	0	0
2026_sub1	0	1	1	0	0	0	1	0
20287_sub0	0	1	0	1	0	0	0	1
20287_sub1	1	9	2	7	2	7	0	0
20287_sub2	0	1	0	1	0	0	0	1
20287_sub3	0	1	1	0	0	0	1	0
2031_sub0	1	8	6	2	6	2	0	0
2031_sub1	0	1	0	1	0	0	0	1
2031_sub2	0	1	1	0	0	0	1	0
2031_sub3	0	1	0	1	0	0	0	1
2044_sub0	0	4	0	4	0	0	0	4
2044_sub1	0	1	1	0	0	0	1	0
2044_sub2	0	1	0	1	0	0	0	1
2044_sub3	0	1	0	1	0	0	0	1
2047_sub0	0	5	2	3	0	0	2	3
2047_sub1	0	1	1	0	0	0	1	0
2047_sub2	0	1	0	1	0	0	0	1
2051_sub0	0	1	0	1	0	0	0	1
2051_sub1	1	7	4	3	4	3	0	0
2055_sub0	0	1	0	1	0	0	0	1
2055_sub1	0	1	0	1	0	0	0	1
2055_sub2	0	1	0	1	0	0	0	1
2055_sub3	0	1	0	1	0	0	0	1
2055_sub4	0	1	0	1	0	0	0	1
2055_sub5	0	1	0	1	0	0	0	1
2057_sub0	1	13	5	8	5	8	0	0
2059_sub0	0	1	0	1	0	0	0	1
2059_sub1	0	1	0	1	0	0	0	1
2059_sub2	0	5	2	3	0	0	2	3
2059_sub3	0	1	0	1	0	0	0	1
206_sub0	0	1	1	0	0	0	1	0
206_sub1	0	5	2	3	0	0	2	3
2063_sub0	1	6	4	2	4	2	0	0
2063_sub1	0	1	0	1	0	0	0	1
20687_sub0	0	4	1	3	0	0	1	3
20687_sub1	0	1	0	1	0	0	0	1
20687_sub2	0	1	1	0	0	0	1	0
20687_sub3	0	1	1	0	0	0	1	0
20687_sub4	0	1	1	0	0	0	1	0
2069_sub0	0	1	1	0	0	0	1	0
2069_sub1	1	6	3	3	3	3	0	0
2074_sub0	0	5	3	2	0	0	3	2
2074_sub1	0	1	1	0	0	0	1	0
2077_sub0	0	5	2	3	0	0	2	3
2077_sub1	0	1	0	1	0	0	0	1
2083_sub0	0	4	1	3	0	0	1	3
2083_sub1	0	1	1	0	0	0	1	0
2083_sub2	0	1	0	1	0	0	0	1
2083_sub3	0	1	1	0	0	0	1	0
2086_sub0	0	5	1	4	0	0	1	4
2086_sub1	0	1	1	0	0	0	1	0
2086_sub2	0	1	0	1	0	0	0	1
2086_sub3	0	1	0	1	0	0	0	1
20947_sub0	0	1	1	0	0	0	1	0
20947_sub1	0	5	1	4	0	0	1	4
20947_sub2	0	1	1	0	0	0	1	0
2096_sub0	0	4	1	3	0	0	1	3
2096_sub1	0	1	1	0	0	0	1	0
2096_sub2	0	1	1	0	0	0	1	0
2098_sub0	1	10	5	5	5	5	0	0
2098_sub1	0	1	1	0	0	0	1	0
2098_sub2	0	1	0	1	0	0	0	1
2098_sub3	0	1	1	0	0	0	1	0
2100_sub0	0	1	1	0	0	0	1	0
2100_sub1	0	1	1	0	0	0	1	0
2100_sub2	1	7	4	3	4	3	0	0
2100_sub3	0	1	0	1	0	0	0	1
2103_sub0	1	7	3	4	3	4	0	0
2105_sub0	0	1	1	0	0	0	1	0
2105_sub1	0	5	4	1	0	0	4	1
2105_sub2	0	1	1	0	0	0	1	0
2105_sub3	0	1	0	1	0	0	0	1
2113_sub0	1	12	9	3	9	3	0	0
2113_sub1	0	1	0	1	0	0	0	1
2114_sub0	0	1	1	0	0	0	1	0
2114_sub1	0	4	2	2	0	0	2	2
2114_sub2	0	1	0	1	0	0	0	1
2114_sub3	0	1	1	0	0	0	1	0
2115_sub0	0	5	1	4	0	0	1	4
2115_sub1	0	1	0	1	0	0	0	1
2115_sub2	0	1	0	1	0	0	0	1
2115_sub3	0	1	0	1	0	0	0	1
2115_sub4	0	1	0	1	0	0	0	1
2116_sub0	0	1	0	1	0	0	0	1
2116_sub1	0	1	0	1	0	0	0	1
2116_sub2	0	1	1	0	0	0	1	0
2116_sub3	0	1	1	0	0	0	1	0
2116_sub4	0	1	1	0	0	0	1	0
2116_sub5	0	1	1	0	0	0	1	0
2117_sub0	0	4	1	3	0	0	1	3
2117_sub1	0	1	1	0	0	0	1	0
2117_sub2	0	1	0	1	0	0	0	1
2117_sub3	0	1	1	0	0	0	1	0
2126_sub0	1	6	2	4	2	4	0	0
2126_sub1	0	1	0	1	0	0	0	1
2134_sub0	0	1	0	1	0	0	0	1
2134_sub1	1	8	5	3	5	3	0	0
2136_sub0	0	1	1	0	0	0	1	0
2136_sub1	0	5	1	4	0	0	1	4
2141_sub0	0	1	0	1	0	0	0	1
2141_sub1	1	6	5	1	5	1	0	0
2141_sub2	0	1	0	1	0	0	0	1
2141_sub3	0	1	0	1	0	0	0	1
2141_sub4	0	1	0	1	0	0	0	1
2141_sub5	0	1	1	0	0	0	1	0
2141_sub6	0	1	1	0	0	0	1	0
2149_sub0	1	10	5	5	5	5	0	0
2149_sub1	0	1	0	1	0	0	0	1
2149_sub2	0	1	1	0	0	0	1	0
2149_sub3	0	1	1	0	0	0	1	0
2149_sub4	0	1	1	0	0	0	1	0
2149_sub5	0	1	1	0	0	0	1	0
215_sub0	0	1	0	1	0	0	0	1
215_sub1	0	5	4	1	0	0	4	1
215_sub2	0	1	0	1	0	0	0	1
2155_sub0	0	1	1	0	0	0	1	0
2155_sub1	1	6	2	4	2	4	0	0
2155_sub2	0	1	1	0	0	0	1	0
2155_sub3	0	1	1	0	0	0	1	0
2155_sub4	0	1	0	1	0	0	0	1
2158_sub0	0	5	2	3	0	0	2	3
2158_sub1	0	1	1	0	0	0	1	0
2160_sub0	0	1	0	1	0	0	0	1
2160_sub1	1	10	5	5	5	5	0	0
217_sub0	0	1	0	1	0	0	0	1
217_sub1	0	1	1	0	0	0	1	0
217_sub2	0	1	0	1	0	0	0	1
217_sub3	0	1	0	1	0	0	0	1
217_sub4	0	4	3	1	0	0	3	1
2175_sub0	0	1	0	1	0	0	0	1
2175_sub1	0	1	0	1	0	0	0	1
2175_sub2	0	5	4	1	0	0	4	1
2185_sub0	0	1	1	0	0	0	1	0
2185_sub1	0	5	4	1	0	0	4	1
2195_sub0	1	15	3	12	3	12	0	0
2195_sub1	0	1	0	1	0	0	0	1
2195_sub2	0	1	1	0	0	0	1	0
2195_sub3	0	1	1	0	0	0	1	0
2196_sub0	0	1	0	1	0	0	0	1
2196_sub1	1	6	0	6	0	6	0	0
2196_sub2	0	1	0	1	0	0	0	1
2196_sub3	0	1	0	1	0	0	0	1
2198_sub0	0	1	0	1	0	0	0	1
2198_sub1	1	8	4	4	4	4	0	0
2198_sub2	0	1	1	0	0	0	1	0
2198_sub3	0	1	1	0	0	0	1	0
2198_sub4	0	1	0	1	0	0	0	1
2198_sub5	0	1	0	1	0	0	0	1
2200_sub0	1	10	4	6	4	6	0	0
2206_sub0	0	1	1	0	0	0	1	0
2206_sub1	1	6	3	3	3	3	0	0
2209_sub0	0	1	0	1	0	0	0	1
2209_sub1	1	6	4	2	4	2	0	0
2225_sub0	0	1	0	1	0	0	0	1
2225_sub1	0	1	0	1	0	0	0	1
2225_sub2	1	6	5	1	5	1	0	0
2226_sub0	0	1	1	0	0	0	1	0
2226_sub1	1	7	3	4	3	4	0	0
2226_sub2	0	1	0	1	0	0	0	1
2226_sub3	0	1	0	1	0	0	0	1
2226_sub4	0	1	0	1	0	0	0	1
2226_sub5	0	1	0	1	0	0	0	1
2231_sub0	1	6	5	1	5	1	0	0
2231_sub1	0	1	0	1	0	0	0	1
2231_sub2	0	1	1	0	0	0	1	0
2232_sub0	0	1	0	1	0	0	0	1
2232_sub1	1	6	4	2	4	2	0	0
2232_sub2	0	1	0	1	0	0	0	1
2237_sub0	0	1	0	1	0	0	0	1
2237_sub1	0	5	2	3	0	0	2	3
2237_sub2	0	1	0	1	0	0	0	1
2241_sub0	0	1	0	1	0	0	0	1
2241_sub1	0	5	2	3	0	0	2	3
2248_sub0	1	9	4	5	4	5	0	0
2248_sub1	0	1	1	0	0	0	1	0
225_sub0	0	1	0	1	0	0	0	1
225_sub1	1	11	6	5	6	5	0	0
225_sub2	0	1	0	1	0	0	0	1
225_sub3	0	1	1	0	0	0	1	0
2254_sub0	1	11	6	5	6	5	0	0
2254_sub1	0	1	1	0	0	0	1	0
2256_sub0	0	1	0	1	0	0	0	1
2256_sub1	1	8	5	3	5	3	0	0
2257_sub0	1	10	8	2	8	2	0	0
2257_sub1	0	1	1	0	0	0	1	0
2257_sub2	0	1	0	1	0	0	0	1
2259_sub0	1	6	1	5	1	5	0	0
2259_sub1	0	1	0	1	0	0	0	1
226_sub0	0	1	0	1	0	0	0	1
226_sub1	1	10	4	6	4	6	0	0
226_sub2	0	1	0	1	0	0	0	1
226_sub3	0	1	1	0	0	0	1	0
226_sub4	0	1	1	0	0	0	1	0
2260_sub0	1	7	4	3	4	3	0	0
2260_sub1	0	1	0	1	0	0	0	1
2260_sub2	0	1	1	0	0	0	1	0
2264_sub0	1	9	4	5	4	5	0	0
2264_sub1	0	1	0	1	0	0	0	1
2265_sub0	0	1	0	1	0	0	0	1
2265_sub1	1	6	2	4	2	4	0	0
2265_sub2	0	1	1	0	0	0	1	0
2265_sub3	0	1	1	0	0	0	1	0
2267_sub0	1	10	7	3	7	3	0	0
2267_sub1	0	1	0	1	0	0	0	1
227_sub0	0	1	1	0	0	0	1	0
227_sub1	1	6	4	2	4	2	0	0
227_sub2	0	1	0	1	0	0	0	1
227_sub3	0	1	0	1	0	0	0	1
2274_sub0	0	1	0	1	0	0	0	1
2274_sub1	1	7	3	4	3	4	0	0
2274_sub2	0	1	1	0	0	0	1	0
2275_sub0	0	4	0	4	0	0	0	4
2275_sub1	0	1	1	0	0	0	1	0
2275_sub2	0	1	1	0	0	0	1	0
2284_sub0	1	8	4	4	4	4	0	0
2284_sub1	0	1	0	1	0	0	0	1
2286_sub0	0	1	0	1	0	0	0	1
2286_sub1	0	1	0	1	0	0	0	1
2286_sub2	0	1	1	0	0	0	1	0
2286_sub3	1	8	3	5	3	5	0	0
2286_sub4	0	1	0	1	0	0	0	1
2286_sub5	0	1	1	0	0	0	1	0
229_sub0	0	1	1	0	0	0	1	0
229_sub1	0	1	0	1	0	0	0	1
229_sub2	1	6	2	4	2	4	0	0
229_sub3	0	1	1	0	0	0	1	0
229_sub4	0	1	0	1	0	0	0	1
2291_sub0	0	1	1	0	0	0	1	0
2291_sub1	1	6	3	3	3	3	0	0
2293_sub0	1	7	2	5	2	5	0	0
2293_sub1	0	1	1	0	0	0	1	0
2296_sub0	0	1	1	0	0	0	1	0
2296_sub1	1	8	4	4	4	4	0	0
2306_sub0	1	6	2	4	2	4	0	0
2309_sub0	0	1	1	0	0	0	1	0
2309_sub1	0	5	2	3	0	0	2	3
2317_sub0	0	1	0	1	0	0	0	1
2317_sub1	0	1	1	0	0	0	1	0
2317_sub2	0	5	2	3	0	0	2	3
2324_sub0	0	1	0	1	0	0	0	1
2324_sub1	0	5	1	4	0	0	1	4
2331_sub0	1	6	3	3	3	3	0	0
2333_sub0	0	1	1	0	0	0	1	0
2333_sub1	1	7	1	6	1	6	0	0
2333_sub2	0	1	0	1	0	0	0	1
2333_sub3	0	1	1	0	0	0	1	0
2336_sub0	0	1	0	1	0	0	0	1
2336_sub1	1	7	1	6	1	6	0	0
2336_sub2	0	1	1	0	0	0	1	0
2343_sub0	1	6	2	4	2	4	0	0
2343_sub1	0	1	1	0	0	0	1	0
2343_sub2	0	1	0	1	0	0	0	1
2343_sub3	0	1	1	0	0	0	1	0
2343_sub4	0	1	0	1	0	0	0	1
2343_sub5	0	1	0	1	0	0	0	1
2344_sub0	0	5	1	4	0	0	1	4
2344_sub1	0	1	0	1	0	0	0	1
2344_sub2	0	1	0	1	0	0	0	1
2345_sub0	1	6	2	4	2	4	0	0
2346_sub0	1	10	7	3	7	3	0	0
2346_sub1	0	1	0	1	0	0	0	1
2350_sub0	1	8	1	7	1	7	0	0
2350_sub1	0	1	0	1	0	0	0	1
2350_sub2	0	1	0	1	0	0	0	1
2362_sub0	1	6	5	1	5	1	0	0
2362_sub1	0	1	0	1	0	0	0	1
2366_sub0	1	8	5	3	5	3	0	0
2366_sub1	0	1	0	1	0	0	0	1
2366_sub2	0	1	0	1	0	0	0	1
2366_sub3	0	1	0	1	0	0	0	1
2366_sub4	0	1	1	0	0	0	1	0
2368_sub0	0	3	1	2	0	0	1	2
2368_sub1	0	1	1	0	0	0	1	0
2368_sub2	0	1	0	1	0	0	0	1
2368_sub3	0	1	0	1	0	0	0	1
2370_sub0	0	1	0	1	0	0	0	1
2370_sub1	1	9	4	5	4	5	0	0
2391_sub0	0	4	0	4	0	0	0	4
2391_sub1	0	1	1	0	0	0	1	0
2391_sub2	0	1	1	0	0	0	1	0
2393_sub0	0	5	2	3	0	0	2	3
2393_sub1	0	1	1	0	0	0	1	0
2393_sub2	0	1	1	0	0	0	1	0
2393_sub3	0	1	1	0	0	0	1	0
24_sub0	0	1	1	0	0	0	1	0
24_sub1	0	1	1	0	0	0	1	0
24_sub2	0	1	1	0	0	0	1	0
24_sub3	0	3	1	2	0	0	1	2
24_sub4	0	1	1	0	0	0	1	0
240_sub0	0	1	0	1	0	0	0	1
240_sub1	1	6	1	5	1	5	0	0
240_sub2	0	1	0	1	0	0	0	1
240_sub3	0	1	1	0	0	0	1	0
2401_sub0	0	2	0	2	0	0	0	2
2401_sub1	0	4	3	1	0	0	3	1
2403_sub0	0	1	0	1	0	0	0	1
2403_sub1	0	4	0	4	0	0	0	4
2403_sub2	0	1	1	0	0	0	1	0
2405_sub0	1	12	5	7	5	7	0	0
2405_sub1	0	1	1	0	0	0	1	0
2406_sub0	0	1	1	0	0	0	1	0
2406_sub1	1	8	4	4	4	4	0	0
2407_sub0	1	6	1	5	1	5	0	0
2407_sub1	0	1	1	0	0	0	1	0
2407_sub2	0	1	0	1	0	0	0	1
2407_sub3	0	1	1	0	0	0	1	0
241_sub0	0	1	1	0	0	0	1	0
241_sub1	0	1	1	0	0	0	1	0
241_sub2	0	1	1	0	0	0	1	0
241_sub3	0	3	2	1	0	0	2	1
2410_sub0	1	6	5	1	5	1	0	0
2416_sub0	1	6	4	2	4	2	0	0
2416_sub1	0	1	1	0	0	0	1	0
2416_sub2	0	1	0	1	0	0	0	1
2416_sub3	0	1	1	0	0	0	1	0
2418_sub0	1	11	3	8	3	8	0	0
2418_sub1	0	1	1	0	0	0	1	0
2426_sub0	0	5	2	3	0	0	2	3
2426_sub1	0	1	0	1	0	0	0	1
243_sub0	0	1	0	1	0	0	0	1
243_sub1	0	1	1	0	0	0	1	0
243_sub2	1	10	5	5	5	5	0	0
2434_sub0	0	1	1	0	0	0	1	0
2434_sub1	1	7	4	3	4	3	0	0
2434_sub2	0	1	0	1	0	0	0	1
2434_sub3	0	1	1	0	0	0	1	0
2435_sub0	1	9	7	2	7	2	0	0
2435_sub1	0	1	0	1	0	0	0	1
2435_sub2	0	1	0	1	0	0	0	1
2439_sub0	1	6	3	3	3	3	0	0
2439_sub1	0	1	0	1	0	0	0	1
2439_sub2	0	1	1	0	0	0	1	0
2439_sub3	0	1	1	0	0	0	1	0
2439_sub4	0	1	0	1	0	0	0	1
244_sub0	0	1	0	1	0	0	0	1
244_sub1	0	5	3	2	0	0	3	2
244_sub2	0	1	1	0	0	0	1	0
2441_sub0	0	1	0	1	0	0	0	1
2441_sub1	0	5	2	3	0	0	2	3
2441_sub2	0	1	0	1	0	0	0	1
2451_sub0	1	8	6	2	6	2	0	0
2451_sub1	0	1	0	1	0	0	0	1
2451_sub2	0	1	1	0	0	0	1	0
2451_sub3	0	1	1	0	0	0	1	0
2451_sub4	0	1	0	1	0	0	0	1
2452_sub0	0	4	3	1	0	0	3	1
2452_sub1	0	1	1	0	0	0	1	0
2452_sub2	0	1	0	1	0	0	0	1
2454_sub0	0	5	1	4	0	0	1	4
2454_sub1	0	1	0	1	0	0	0	1
2454_sub2	0	1	0	1	0	0	0	1
2466_sub0	0	4	2	2	0	0	2	2
2466_sub1	0	1	1	0	0	0	1	0
2466_sub2	0	1	0	1	0	0	0	1
2466_sub3	0	1	0	1	0	0	0	1
2467_sub0	0	5	0	5	0	0	0	5
2467_sub1	0	1	1	0	0	0	1	0
2467_sub2	0	1	1	0	0	0	1	0
2467_sub3	0	1	0	1	0	0	0	1
2467_sub4	0	1	0	1	0	0	0	1
2476_sub0	0	5	3	2	0	0	3	2
2476_sub1	0	1	0	1	0	0	0	1
2476_sub2	0	1	0	1	0	0	0	1
2476_sub3	0	2	0	2	0	0	0	2
2476_sub4	0	1	0	1	0	0	0	1
2480_sub0	0	4	4	0	0	0	4	0
2480_sub1	0	1	0	1	0	0	0	1
2480_sub2	0	1	0	1	0	0	0	1
2481_sub0	1	8	5	3	5	3	0	0
2481_sub1	0	2	2	0	0	0	2	0
2481_sub2	0	1	1	0	0	0	1	0
2482_sub0	0	1	1	0	0	0	1	0
2482_sub1	0	5	4	1	0	0	4	1
2482_sub2	0	1	1	0	0	0	1	0
249_sub0	0	1	0	1	0	0	0	1
249_sub1	0	4	4	0	0	0	4	0
249_sub2	0	1	1	0	0	0	1	0
249_sub3	0	1	0	1	0	0	0	1
2495_sub0	0	1	0	1	0	0	0	1
2495_sub1	0	5	2	3	0	0	2	3
2503_sub0	1	9	4	5	4	5	0	0
2503_sub1	0	1	0	1	0	0	0	1
2503_sub2	0	1	0	1	0	0	0	1
2503_sub3	0	1	1	0	0	0	1	0
2510_sub0	1	7	3	4	3	4	0	0
2510_sub1	0	1	0	1	0	0	0	1
2510_sub2	0	1	1	0	0	0	1	0
2510_sub3	0	1	0	1	0	0	0	1
2514_sub0	0	5	2	3	0	0	2	3
2514_sub1	0	1	0	1	0	0	0	1
2515_sub0	1	6	2	4	2	4	0	0
2515_sub1	0	1	1	0	0	0	1	0
2515_sub2	0	1	1	0	0	0	1	0
2530_sub0	1	10	4	6	4	6	0	0
2530_sub1	0	1	0	1	0	0	0	1
2530_sub2	0	1	1	0	0	0	1	0
2533_sub0	0	5	3	2	0	0	3	2
2533_sub1	0	1	0	1	0	0	0	1
2533_sub2	0	1	1	0	0	0	1	0
2533_sub3	0	1	1	0	0	0	1	0
2533_sub4	0	1	0	1	0	0	0	1
2534_sub0	0	1	0	1	0	0	0	1
2534_sub1	1	6	3	3	3	3	0	0
2534_sub2	0	1	1	0	0	0	1	0
2534_sub3	0	1	0	1	0	0	0	1
2534_sub4	0	1	0	1	0	0	0	1
2539_sub0	1	8	3	5	3	5	0	0
254_sub0	0	1	1	0	0	0	1	0
254_sub1	0	1	0	1	0	0	0	1
254_sub2	0	1	0	1	0	0	0	1
254_sub3	1	8	2	6	2	6	0	0
254_sub4	0	1	1	0	0	0	1	0
254_sub5	0	1	0	1	0	0	0	1
254_sub6	0	1	0	1	0	0	0	1
2542_sub0	0	1	0	1	0	0	0	1
2542_sub1	1	7	3	4	3	4	0	0
2552_sub0	0	5	1	4	0	0	1	4
2552_sub1	0	1	1	0	0	0	1	0
2553_sub0	0	1	0	1	0	0	0	1
2553_sub1	0	5	2	3	0	0	2	3
2553_sub2	0	1	0	1	0	0	0	1
2557_sub0	0	4	1	3	0	0	1	3
2557_sub1	0	1	1	0	0	0	1	0
2557_sub2	0	1	0	1	0	0	0	1
2563_sub0	1	6	2	4	2	4	0	0
2566_sub0	1	7	3	4	3	4	0	0
2566_sub1	0	1	0	1	0	0	0	1
2566_sub2	0	1	1	0	0	0	1	0
2582_sub0	0	1	1	0	0	0	1	0
2582_sub1	1	7	5	2	5	2	0	0
2587_sub0	0	1	0	1	0	0	0	1
2587_sub1	0	1	1	0	0	0	1	0
2587_sub2	0	4	1	3	0	0	1	3
259_sub0	0	1	0	1	0	0	0	1
259_sub1	0	1	0	1	0	0	0	1
259_sub2	0	1	0	1	0	0	0	1
259_sub3	0	1	0	1	0	0	0	1
259_sub4	0	2	1	1	0	0	1	1
2590_sub0	0	1	1	0	0	0	1	0
2590_sub1	1	9	2	7	2	7	0	0
2590_sub2	0	1	0	1	0	0	0	1
2590_sub3	0	1	0	1	0	0	0	1
2590_sub4	0	1	1	0	0	0	1	0
26_sub0	0	1	1	0	0	0	1	0
26_sub1	0	1	0	1	0	0	0	1
26_sub2	0	3	0	3	0	0	0	3
26_sub3	0	1	1	0	0	0	1	0
26_sub4	0	1	1	0	0	0	1	0
260_sub0	0	1	1	0	0	0	1	0
260_sub1	0	3	2	1	0	0	2	1
260_sub2	0	1	0	1	0	0	0	1
260_sub3	0	1	0	1	0	0	0	1
260_sub4	0	1	0	1	0	0	0	1
260_sub5	0	1	1	0	0	0	1	0
2601_sub0	1	8	1	7	1	7	0	0
2602_sub0	1	6	1	5	1	5	0	0
2603_sub0	1	6	0	6	0	6	0	0
2603_sub1	0	1	1	0	0	0	1	0
2606_sub0	0	5	3	2	0	0	3	2
2606_sub1	0	1	1	0	0	0	1	0
2606_sub2	0	1	0	1	0	0	0	1
2606_sub3	0	1	0	1	0	0	0	1
2607_sub0	1	7	3	4	3	4	0	0
2607_sub1	0	1	1	0	0	0	1	0
2608_sub0	0	1	0	1	0	0	0	1
2608_sub1	1	9	3	6	3	6	0	0
2608_sub2	0	1	0	1	0	0	0	1
2609_sub0	0	4	1	3	0	0	1	3
2609_sub1	0	1	0	1	0	0	0	1
2609_sub2	0	1	1	0	0	0	1	0
2609_sub3	0	1	1	0	0	0	1	0
2609_sub4	0	1	0	1	0	0	0	1
2609_sub5	0	1	0	1	0	0	0	1
2614_sub0	0	1	0	1	0	0	0	1
2614_sub1	1	10	5	5	5	5	0	0
2628_sub0	0	4	3	1	0	0	3	1
2628_sub1	0	1	1	0	0	0	1	0
2628_sub2	0	1	0	1	0	0	0	1
2628_sub3	0	1	0	1	0	0	0	1
2628_sub4	0	1	0	1	0	0	0	1
2631_sub0	0	1	1	0	0	0	1	0
2631_sub1	1	8	7	1	7	1	0	0
2632_sub0	1	6	1	5	1	5	0	0
2632_sub1	0	1	1	0	0	0	1	0
2638_sub0	0	1	0	1	0	0	0	1
2638_sub1	0	1	0	1	0	0	0	1
2638_sub2	0	5	4	1	0	0	4	1
2638_sub3	0	1	1	0	0	0	1	0
2638_sub4	0	1	1	0	0	0	1	0
2638_sub5	0	1	0	1	0	0	0	1
264_sub0	0	1	1	0	0	0	1	0
264_sub1	1	11	6	5	6	5	0	0
264_sub2	0	1	1	0	0	0	1	0
264_sub3	0	1	1	0	0	0	1	0
264_sub4	0	1	1	0	0	0	1	0
264_sub5	0	1	0	1	0	0	0	1
264_sub6	0	1	0	1	0	0	0	1
264_sub7	0	1	0	1	0	0	0	1
2643_sub0	1	9	6	3	6	3	0	0
2643_sub1	0	1	0	1	0	0	0	1
2644_sub0	0	4	2	2	0	0	2	2
2644_sub1	0	1	1	0	0	0	1	0
2644_sub2	0	1	0	1	0	0	0	1
2644_sub3	0	1	0	1	0	0	0	1
2647_sub0	1	9	2	7	2	7	0	0
2647_sub1	0	1	0	1	0	0	0	1
2647_sub2	0	1	1	0	0	0	1	0
2647_sub3	0	1	1	0	0	0	1	0
2647_sub4	0	1	1	0	0	0	1	0
2648_sub0	0	5	4	1	0	0	4	1
2648_sub1	0	1	1	0	0	0	1	0
2648_sub2	0	1	1	0	0	0	1	0
2649_sub0	1	10	7	3	7	3	0	0
2650_sub0	1	6	3	3	3	3	0	0
2650_sub1	0	1	1	0	0	0	1	0
2650_sub2	0	1	1	0	0	0	1	0
2662_sub0	0	5	3	2	0	0	3	2
2662_sub1	0	2	1	1	0	0	1	1
2662_sub2	0	1	0	1	0	0	0	1
2662_sub3	0	1	1	0	0	0	1	0
2662_sub4	0	1	0	1	0	0	0	1
2662_sub5	0	1	0	1	0	0	0	1
2663_sub0	0	5	3	2	0	0	3	2
2663_sub1	0	1	1	0	0	0	1	0
2663_sub2	0	1	0	1	0	0	0	1
2664_sub0	0	1	0	1	0	0	0	1
2664_sub1	1	8	3	5	3	5	0	0
2664_sub2	0	1	0	1	0	0	0	1
2664_sub3	0	1	0	1	0	0	0	1
2665_sub0	1	12	7	5	7	5	0	0
2671_sub0	0	1	1	0	0	0	1	0
2671_sub1	1	12	6	6	6	6	0	0
2673_sub0	1	9	6	3	6	3	0	0
2679_sub0	0	5	3	2	0	0	3	2
2679_sub1	0	1	0	1	0	0	0	1
2679_sub2	0	1	1	0	0	0	1	0
2682_sub0	1	7	2	5	2	5	0	0
2682_sub1	0	1	1	0	0	0	1	0
2682_sub2	0	1	0	1	0	0	0	1
2682_sub3	0	1	0	1	0	0	0	1
2682_sub4	0	1	0	1	0	0	0	1
2685_sub0	0	1	0	1	0	0	0	1
2685_sub1	1	7	4	3	4	3	0	0
2686_sub0	1	6	3	3	3	3	0	0
2686_sub1	0	1	1	0	0	0	1	0
2698_sub0	0	1	1	0	0	0	1	0
2698_sub1	1	10	3	7	3	7	0	0
2698_sub2	0	1	0	1	0	0	0	1
2706_sub0	0	1	0	1	0	0	0	1
2706_sub1	1	7	4	3	4	3	0	0
2706_sub2	0	1	0	1	0	0	0	1
2710_sub0	1	11	4	7	4	7	0	0
2710_sub1	0	1	0	1	0	0	0	1
2710_sub2	0	1	0	1	0	0	0	1
2710_sub3	0	1	1	0	0	0	1	0
2710_sub4	0	1	1	0	0	0	1	0
2710_sub5	0	1	1	0	0	0	1	0
2718_sub0	0	1	0	1	0	0	0	1
2718_sub1	1	8	5	3	5	3	0	0
272_sub0	0	1	1	0	0	0	1	0
272_sub1	1	9	8	1	8	1	0	0
272_sub2	0	1	1	0	0	0	1	0
272_sub3	0	1	0	1	0	0	0	1
2727_sub0	1	7	2	5	2	5	0	0
2727_sub1	0	1	0	1	0	0	0	1
2733_sub0	0	1	0	1	0	0	0	1
2733_sub1	1	9	3	6	3	6	0	0
2735_sub0	0	1	1	0	0	0	1	0
2735_sub1	1	8	2	6	2	6	0	0
2735_sub2	0	1	1	0	0	0	1	0
2736_sub0	0	1	0	1	0	0	0	1
2736_sub1	1	10	5	5	5	5	0	0
2737_sub0	1	12	5	7	5	7	0	0
2737_sub1	0	1	0	1	0	0	0	1
2737_sub2	0	1	0	1	0	0	0	1
2737_sub3	0	1	0	1	0	0	0	1
2739_sub0	1	6	3	3	3	3	0	0
2739_sub1	0	1	1	0	0	0	1	0
2740_sub0	0	1	0	1	0	0	0	1
2740_sub1	1	7	1	6	1	6	0	0
2752_sub0	1	12	6	6	6	6	0	0
2753_sub0	1	7	4	3	4	3	0	0
2753_sub1	0	1	1	0	0	0	1	0
2757_sub0	0	1	1	0	0	0	1	0
2757_sub1	0	3	1	2	0	0	1	2
2757_sub2	0	1	0	1	0	0	0	1
2757_sub3	0	1	0	1	0	0	0	1
276_sub0	0	1	0	1	0	0	0	1
276_sub1	1	8	3	5	3	5	0	0
2761_sub0	0	1	0	1	0	0	0	1
2761_sub1	0	1	0	1	0	0	0	1
2761_sub2	1	6	4	2	4	2	0	0
2767_sub0	1	6	3	3	3	3	0	0
2769_sub0	0	1	0	1	0	0	0	1
2769_sub1	0	1	0	1	0	0	0	1
2769_sub2	0	5	3	2	0	0	3	2
2770_sub0	1	10	4	6	4	6	0	0
2780_sub0	1	6	2	4	2	4	0	0
2780_sub1	0	1	1	0	0	0	1	0
2783_sub0	1	6	3	3	3	3	0	0
2783_sub1	0	1	1	0	0	0	1	0
2783_sub2	0	1	0	1	0	0	0	1
2783_sub3	0	1	1	0	0	0	1	0
2789_sub0	0	1	0	1	0	0	0	1
2789_sub1	0	5	2	3	0	0	2	3
2789_sub2	0	1	0	1	0	0	0	1
2789_sub3	0	1	1	0	0	0	1	0
2797_sub0	0	5	3	2	0	0	3	2
2797_sub1	0	1	1	0	0	0	1	0
28_sub0	0	1	1	0	0	0	1	0
28_sub1	0	1	1	0	0	0	1	0
28_sub2	0	3	2	1	0	0	2	1
28_sub3	0	1	1	0	0	0	1	0
28_sub4	0	1	1	0	0	0	1	0
28_sub5	0	1	0	1	0	0	0	1
28_sub6	0	1	1	0	0	0	1	0
2808_sub0	1	7	5	2	5	2	0	0
2808_sub1	0	1	1	0	0	0	1	0
2808_sub2	0	1	1	0	0	0	1	0
2808_sub3	0	1	1	0	0	0	1	0
281_sub0	0	1	0	1	0	0	0	1
281_sub1	0	1	0	1	0	0	0	1
281_sub2	0	1	1	0	0	0	1	0
281_sub3	0	5	3	2	0	0	3	2
281_sub4	0	1	0	1	0	0	0	1
281_sub5	0	1	1	0	0	0	1	0
2812_sub0	0	1	1	0	0	0	1	0
2812_sub1	0	1	0	1	0	0	0	1
2812_sub2	0	1	1	0	0	0	1	0
2812_sub3	0	3	2	1	0	0	2	1
2815_sub0	0	1	0	1	0	0	0	1
2815_sub1	1	7	6	1	6	1	0	0
2821_sub0	0	1	1	0	0	0	1	0
2821_sub1	1	7	3	4	3	4	0	0
2821_sub2	0	1	0	1	0	0	0	1
2822_sub0	0	1	0	1	0	0	0	1
2822_sub1	0	1	1	0	0	0	1	0
2822_sub2	0	1	0	1	0	0	0	1
2822_sub3	0	1	0	1	0	0	0	1
2822_sub4	0	1	1	0	0	0	1	0
2822_sub5	0	1	0	1	0	0	0	1
2823_sub0	0	1	0	1	0	0	0	1
2823_sub1	0	1	1	0	0	0	1	0
2823_sub2	0	1	0	1	0	0	0	1
2823_sub3	0	1	1	0	0	0	1	0
2823_sub4	0	1	1	0	0	0	1	0
2823_sub5	0	1	0	1	0	0	0	1
2824_sub0	0	1	0	1	0	0	0	1
2824_sub1	0	1	0	1	0	0	0	1
2824_sub2	0	5	1	4	0	0	1	4
2824_sub3	0	1	0	1	0	0	0	1
2824_sub4	0	1	1	0	0	0	1	0
2824_sub5	0	1	1	0	0	0	1	0
2824_sub6	0	1	1	0	0	0	1	0
2824_sub7	0	1	0	1	0	0	0	1
2827_sub0	0	5	3	2	0	0	3	2
2827_sub1	0	1	1	0	0	0	1	0
2831_sub0	0	1	1	0	0	0	1	0
2831_sub1	1	6	2	4	2	4	0	0
2831_sub2	0	1	1	0	0	0	1	0
2833_sub0	0	1	0	1	0	0	0	1
2833_sub1	0	1	0	1	0	0	0	1
2833_sub2	1	7	5	2	5	2	0	0
2833_sub3	0	1	1	0	0	0	1	0
2833_sub4	0	1	1	0	0	0	1	0
2833_sub5	0	1	1	0	0	0	1	0
284_sub0	0	1	0	1	0	0	0	1
284_sub1	1	8	4	4	4	4	0	0
2843_sub0	0	1	1	0	0	0	1	0
2843_sub1	0	4	1	3	0	0	1	3
2843_sub2	0	1	0	1	0	0	0	1
2852_sub0	0	4	2	2	0	0	2	2
2852_sub1	0	1	0	1	0	0	0	1
2852_sub2	0	1	0	1	0	0	0	1
2852_sub3	0	1	0	1	0	0	0	1
2867_sub0	0	1	0	1	0	0	0	1
2867_sub1	0	5	2	3	0	0	2	3
2867_sub2	0	1	1	0	0	0	1	0
2872_sub0	0	3	1	2	0	0	1	2
2872_sub1	0	1	0	1	0	0	0	1
2872_sub2	0	2	0	2	0	0	0	2
2872_sub3	0	1	1	0	0	0	1	0
2872_sub4	0	1	1	0	0	0	1	0
2872_sub5	0	1	0	1	0	0	0	1
2885_sub0	0	1	1	0	0	0	1	0
2885_sub1	0	4	3	1	0	0	3	1
2885_sub2	0	1	0	1	0	0	0	1
2888_sub0	0	1	1	0	0	0	1	0
2888_sub1	1	7	4	3	4	3	0	0
2888_sub2	0	1	0	1	0	0	0	1
2888_sub3	0	1	0	1	0	0	0	1
2891_sub0	0	1	1	0	0	0	1	0
2891_sub1	1	7	5	2	5	2	0	0
2891_sub2	0	1	1	0	0	0	1	0
2891_sub3	0	1	1	0	0	0	1	0
2894_sub0	0	1	1	0	0	0	1	0
2894_sub1	1	10	7	3	7	3	0	0
2894_sub2	0	1	1	0	0	0	1	0
29_sub0	0	1	0	1	0	0	0	1
29_sub1	1	15	7	8	7	8	0	0
29_sub2	0	1	0	1	0	0	0	1
29_sub3	0	1	0	1	0	0	0	1
29_sub4	0	1	1	0	0	0	1	0
2902_sub0	0	5	3	2	0	0	3	2
2902_sub1	0	1	1	0	0	0	1	0
2914_sub0	0	1	1	0	0	0	1	0
2914_sub1	1	7	5	2	5	2	0	0
2918_sub0	0	1	0	1	0	0	0	1
2918_sub1	1	9	6	3	6	3	0	0
2919_sub0	0	1	0	1	0	0	0	1
2919_sub1	1	10	7	3	7	3	0	0
2919_sub2	0	1	0	1	0	0	0	1
292_sub0	0	1	1	0	0	0	1	0
292_sub1	0	4	2	2	0	0	2	2
292_sub2	0	1	0	1	0	0	0	1
2930_sub0	0	1	0	1	0	0	0	1
2930_sub1	1	6	3	3	3	3	0	0
2935_sub0	0	1	0	1	0	0	0	1
2935_sub1	1	9	2	7	2	7	0	0
2939_sub0	0	5	2	3	0	0	2	3
2939_sub1	0	1	1	0	0	0	1	0
2939_sub2	0	1	1	0	0	0	1	0
2939_sub3	0	1	0	1	0	0	0	1
2939_sub4	0	1	0	1	0	0	0	1
2940_sub0	1	11	8	3	8	3	0	0
2940_sub1	0	1	0	1	0	0	0	1
2944_sub0	0	1	0	1	0	0	0	1
2944_sub1	0	1	0	1	0	0	0	1
2944_sub2	0	4	3	1	0	0	3	1
2945_sub0	0	1	1	0	0	0	1	0
2945_sub1	0	4	3	1	0	0	3	1
2945_sub2	0	1	1	0	0	0	1	0
2951_sub0	0	3	0	3	0	0	0	3
2951_sub1	0	1	1	0	0	0	1	0
2951_sub2	0	1	0	1	0	0	0	1
2951_sub3	0	1	1	0	0	0	1	0
2966_sub0	1	6	2	4	2	4	0	0
2966_sub1	0	1	0	1	0	0	0	1
297_sub0	0	1	0	1	0	0	0	1
297_sub1	0	4	1	3	0	0	1	3
297_sub2	0	1	1	0	0	0	1	0
2974_sub0	1	7	2	5	2	5	0	0
2974_sub1	0	1	0	1	0	0	0	1
2975_sub0	1	6	2	4	2	4	0	0
2978_sub0	1	6	3	3	3	3	0	0
2978_sub1	0	1	0	1	0	0	0	1
2979_sub0	0	1	1	0	0	0	1	0
2979_sub1	0	4	2	2	0	0	2	2
2979_sub2	0	1	0	1	0	0	0	1
2988_sub0	1	6	3	3	3	3	0	0
2988_sub1	0	1	0	1	0	0	0	1
2995_sub0	0	5	3	2	0	0	3	2
2995_sub1	0	1	1	0	0	0	1	0
2995_sub2	0	1	1	0	0	0	1	0
2995_sub3	0	1	1	0	0	0	1	0
2995_sub4	0	1	0	1	0	0	0	1
2995_sub5	0	1	1	0	0	0	1	0
2995_sub6	0	1	1	0	0	0	1	0
3_sub0	0	1	1	0	0	0	1	0
3_sub1	1	6	4	2	4	2	0	0
3_sub2	0	1	0	1	0	0	0	1
3004_sub0	0	1	1	0	0	0	1	0
3004_sub1	0	5	4	1	0	0	4	1
3006_sub0	1	14	6	8	6	8	0	0
3006_sub1	0	1	0	1	0	0	0	1
3007_sub0	1	10	3	7	3	7	0	0
301_sub0	0	1	1	0	0	0	1	0
301_sub1	0	1	1	0	0	0	1	0
301_sub2	0	4	3	1	0	0	3	1
301_sub3	0	1	0	1	0	0	0	1
301_sub4	0	1	1	0	0	0	1	0
3012_sub0	1	10	5	5	5	5	0	0
3012_sub1	0	1	0	1	0	0	0	1
3012_sub2	0	1	0	1	0	0	0	1
3012_sub3	0	1	0	1	0	0	0	1
3012_sub4	0	1	1	0	0	0	1	0
3014_sub0	1	7	4	3	4	3	0	0
3014_sub1	0	1	0	1	0	0	0	1
3014_sub2	0	1	1	0	0	0	1	0
3021_sub0	0	4	3	1	0	0	3	1
3021_sub1	0	1	1	0	0	0	1	0
3021_sub2	0	1	0	1	0	0	0	1
3021_sub3	0	1	1	0	0	0	1	0
3021_sub4	0	1	1	0	0	0	1	0
3028_sub0	0	1	1	0	0	0	1	0
3028_sub1	0	1	0	1	0	0	0	1
3028_sub2	0	1	1	0	0	0	1	0
3028_sub3	0	1	0	1	0	0	0	1
3028_sub4	0	1	0	1	0	0	0	1
3028_sub5	0	1	0	1	0	0	0	1
3028_sub6	0	1	1	0	0	0	1	0
303_sub0	0	1	0	1	0	0	0	1
303_sub1	1	6	2	4	2	4	0	0
3030_sub0	1	11	6	5	6	5	0	0
3030_sub1	0	1	0	1	0	0	0	1
3030_sub2	0	1	0	1	0	0	0	1
3030_sub3	0	1	0	1	0	0	0	1
3030_sub4	0	1	0	1	0	0	0	1
3030_sub5	0	1	0	1	0	0	0	1
3030_sub6	0	1	0	1	0	0	0	1
3044_sub0	1	9	6	3	6	3	0	0
3045_sub0	1	8	3	5	3	5	0	0
3045_sub1	0	1	1	0	0	0	1	0
3045_sub2	0	1	0	1	0	0	0	1
3045_sub3	0	1	0	1	0	0	0	1
3045_sub4	0	1	0	1	0	0	0	1
3045_sub5	0	1	1	0	0	0	1	0
3047_sub0	1	9	5	4	5	4	0	0
3047_sub1	0	1	0	1	0	0	0	1
3047_sub2	0	1	0	1	0	0	0	1
3047_sub3	0	1	0	1	0	0	0	1
3047_sub4	0	1	0	1	0	0	0	1
3048_sub0	0	1	1	0	0	0	1	0
3048_sub1	1	8	5	3	5	3	0	0
3048_sub2	0	1	1	0	0	0	1	0
3048_sub3	0	1	0	1	0	0	0	1
3051_sub0	0	1	1	0	0	0	1	0
3051_sub1	0	3	1	2	0	0	1	2
3051_sub2	0	1	0	1	0	0	0	1
3051_sub3	0	1	1	0	0	0	1	0
3053_sub0	0	2	1	1	0	0	1	1
3053_sub1	0	1	1	0	0	0	1	0
3053_sub2	0	1	1	0	0	0	1	0
3053_sub3	0	1	0	1	0	0	0	1
3053_sub4	0	1	0	1	0	0	0	1
3053_sub5	0	1	1	0	0	0	1	0
3054_sub0	0	1	1	0	0	0	1	0
3054_sub1	1	11	6	5	6	5	0	0
3054_sub2	0	1	0	1	0	0	0	1
3054_sub3	0	1	0	1	0	0	0	1
306_sub0	0	1	1	0	0	0	1	0
306_sub1	0	5	1	4	0	0	1	4
306_sub2	0	1	0	1	0	0	0	1
306_sub3	0	1	1	0	0	0	1	0
3063_sub0	0	1	1	0	0	0	1	0
3063_sub1	0	1	1	0	0	0	1	0
3063_sub2	0	4	1	3	0	0	1	3
3063_sub3	0	1	1	0	0	0	1	0
3063_sub4	0	1	0	1	0	0	0	1
3065_sub0	0	1	0	1	0	0	0	1
3065_sub1	1	8	6	2	6	2	0	0
3065_sub2	0	1	0	1	0	0	0	1
3065_sub3	0	1	0	1	0	0	0	1
3065_sub4	0	1	1	0	0	0	1	0
3065_sub5	0	1	0	1	0	0	0	1
3068_sub0	0	1	0	1	0	0	0	1
3068_sub1	0	1	1	0	0	0	1	0
3068_sub2	1	8	5	3	5	3	0	0
307_sub0	0	1	0	1	0	0	0	1
307_sub1	0	1	1	0	0	0	1	0
307_sub2	0	1	0	1	0	0	0	1
307_sub3	1	6	4	2	4	2	0	0
3072_sub0	0	1	1	0	0	0	1	0
3072_sub1	1	9	6	3	6	3	0	0
3072_sub2	0	1	0	1	0	0	0	1
3075_sub0	0	1	0	1	0	0	0	1
3075_sub1	0	1	1	0	0	0	1	0
3075_sub2	0	1	0	1	0	0	0	1
3075_sub3	0	1	1	0	0	0	1	0
3075_sub4	0	1	1	0	0	0	1	0
3075_sub5	0	1	0	1	0	0	0	1
3080_sub0	0	5	2	3	0	0	2	3
3080_sub1	0	1	1	0	0	0	1	0
3080_sub2	0	1	1	0	0	0	1	0
3080_sub3	0	1	1	0	0	0	1	0
3080_sub4	0	1	0	1	0	0	0	1
3094_sub0	0	1	1	0	0	0	1	0
3094_sub1	0	1	1	0	0	0	1	0
3094_sub2	0	1	1	0	0	0	1	0
3094_sub3	0	1	0	1	0	0	0	1
3094_sub4	0	1	1	0	0	0	1	0
3094_sub5	0	1	1	0	0	0	1	0
3101_sub0	0	4	4	0	0	0	4	0
3101_sub1	0	1	1	0	0	0	1	0
3101_sub2	0	1	1	0	0	0	1	0
3101_sub3	0	1	0	1	0	0	0	1
3102_sub0	0	1	1	0	0	0	1	0
3102_sub1	0	1	0	1	0	0	0	1
3102_sub2	0	1	1	0	0	0	1	0
3102_sub3	0	1	1	0	0	0	1	0
3102_sub4	0	1	1	0	0	0	1	0
3102_sub5	0	1	1	0	0	0	1	0
3102_sub6	0	1	1	0	0	0	1	0
3102_sub7	0	1	1	0	0	0	1	0
3104_sub0	1	7	4	3	4	3	0	0
3104_sub1	0	1	1	0	0	0	1	0
3104_sub2	0	1	0	1	0	0	0	1
3116_sub0	1	9	3	6	3	6	0	0
3116_sub1	0	1	0	1	0	0	0	1
312_sub0	0	1	0	1	0	0	0	1
312_sub1	1	7	3	4	3	4	0	0
312_sub2	0	1	1	0	0	0	1	0
3122_sub0	0	1	1	0	0	0	1	0
3122_sub1	0	5	5	0	0	0	5	0
3122_sub2	0	1	0	1	0	0	0	1
3127_sub0	0	4	2	2	0	0	2	2
3127_sub1	0	1	1	0	0	0	1	0
3127_sub2	0	1	0	1	0	0	0	1
3127_sub3	0	1	1	0	0	0	1	0
3127_sub4	0	1	1	0	0	0	1	0
3127_sub5	0	1	1	0	0	0	1	0
3129_sub0	0	5	1	4	0	0	1	4
3129_sub1	0	1	0	1	0	0	0	1
313_sub0	0	1	0	1	0	0	0	1
313_sub1	0	3	2	1	0	0	2	1
313_sub2	0	1	1	0	0	0	1	0
313_sub3	0	1	0	1	0	0	0	1
313_sub4	0	1	1	0	0	0	1	0
3132_sub0	0	4	3	1	0	0	3	1
3132_sub1	0	1	0	1	0	0	0	1
3132_sub2	0	1	0	1	0	0	0	1
3132_sub3	0	1	0	1	0	0	0	1
3132_sub4	0	1	1	0	0	0	1	0
3132_sub5	0	1	0	1	0	0	0	1
3134_sub0	0	4	3	1	0	0	3	1
3134_sub1	0	1	0	1	0	0	0	1
3134_sub2	0	1	1	0	0	0	1	0
3134_sub3	0	1	1	0	0	0	1	0
3134_sub4	0	1	0	1	0	0	0	1
3134_sub5	0	1	0	1	0	0	0	1
3138_sub0	1	7	3	4	3	4	0	0
3138_sub1	0	1	0	1	0	0	0	1
3138_sub2	0	1	0	1	0	0	0	1
3138_sub3	0	1	0	1	0	0	0	1
3138_sub4	0	1	0	1	0	0	0	1
3139_sub0	1	8	7	1	7	1	0	0
3139_sub1	0	1	0	1	0	0	0	1
3142_sub0	1	8	3	5	3	5	0	0
3142_sub1	0	1	0	1	0	0	0	1
3142_sub2	0	1	1	0	0	0	1	0
3142_sub3	0	1	0	1	0	0	0	1
3153_sub0	0	1	1	0	0	0	1	0
3153_sub1	1	6	5	1	5	1	0	0
3153_sub2	0	1	1	0	0	0	1	0
3153_sub3	0	1	1	0	0	0	1	0
3153_sub4	0	1	1	0	0	0	1	0
3154_sub0	1	8	5	3	5	3	0	0
3154_sub1	0	1	0	1	0	0	0	1
3154_sub2	0	1	1	0	0	0	1	0
316_sub0	0	1	1	0	0	0	1	0
316_sub1	0	1	0	1	0	0	0	1
316_sub2	0	4	2	2	0	0	2	2
316_sub3	0	1	1	0	0	0	1	0
316_sub4	0	1	0	1	0	0	0	1
3161_sub0	1	6	2	4	2	4	0	0
3161_sub1	0	1	0	1	0	0	0	1
3163_sub0	1	8	2	6	2	6	0	0
3163_sub1	0	1	0	1	0	0	0	1
3163_sub2	0	1	0	1	0	0	0	1
3166_sub0	1	8	4	4	4	4	0	0
3166_sub1	0	1	0	1	0	0	0	1
3166_sub2	0	1	0	1	0	0	0	1
3167_sub0	0	1	0	1	0	0	0	1
3167_sub1	1	13	1	12	1	12	0	0
3167_sub2	0	1	0	1	0	0	0	1
3167_sub3	0	1	1	0	0	0	1	0
3175_sub0	1	6	0	6	0	6	0	0
3175_sub1	0	1	1	0	0	0	1	0
3175_sub2	0	1	1	0	0	0	1	0
3175_sub3	0	1	1	0	0	0	1	0
3175_sub4	0	1	1	0	0	0	1	0
3179_sub0	0	5	1	4	0	0	1	4
3179_sub1	0	1	1	0	0	0	1	0
3179_sub2	0	1	1	0	0	0	1	0
3179_sub3	0	1	0	1	0	0	0	1
3185_sub0	1	12	6	6	6	6	0	0
3195_sub0	0	1	0	1	0	0	0	1
3195_sub1	1	8	5	3	5	3	0	0
3195_sub2	0	1	0	1	0	0	0	1
3199_sub0	0	5	4	1	0	0	4	1
3199_sub1	0	1	1	0	0	0	1	0
32_sub0	0	1	0	1	0	0	0	1
32_sub1	1	8	6	2	6	2	0	0
32_sub2	0	1	0	1	0	0	0	1
32_sub3	0	1	0	1	0	0	0	1
32_sub4	0	1	1	0	0	0	1	0
32_sub5	0	1	1	0	0	0	1	0
32_sub6	0	1	0	1	0	0	0	1
32_sub7	0	1	0	1	0	0	0	1
3200_sub0	0	5	5	0	0	0	5	0
3200_sub1	0	1	0	1	0	0	0	1
3200_sub2	0	1	0	1	0	0	0	1
3204_sub0	0	1	1	0	0	0	1	0
3204_sub1	0	5	0	5	0	0	0	5
3204_sub2	0	1	0	1	0	0	0	1
3204_sub3	0	1	1	0	0	0	1	0
3204_sub4	0	1	0	1	0	0	0	1
3204_sub5	0	1	0	1	0	0	0	1
3204_sub6	0	1	0	1	0	0	0	1
3204_sub7	0	1	0	1	0	0	0	1
3204_sub8	0	1	1	0	0	0	1	0
3204_sub9	0	1	1	0	0	0	1	0
3206_sub0	0	1	1	0	0	0	1	0
3206_sub1	0	1	0	1	0	0	0	1
3206_sub2	0	1	1	0	0	0	1	0
3206_sub3	0	1	0	1	0	0	0	1
3206_sub4	0	1	0	1	0	0	0	1
3206_sub5	0	1	0	1	0	0	0	1
3206_sub6	0	1	0	1	0	0	0	1
3212_sub0	0	1	1	0	0	0	1	0
3212_sub1	0	1	1	0	0	0	1	0
3212_sub2	1	6	3	3	3	3	0	0
3212_sub3	0	1	0	1	0	0	0	1
3218_sub0	1	6	3	3	3	3	0	0
3218_sub1	0	1	0	1	0	0	0	1
3218_sub2	0	1	1	0	0	0	1	0
3222_sub0	0	4	0	4	0	0	0	4
3222_sub1	0	1	1	0	0	0	1	0
3222_sub2	0	1	0	1	0	0	0	1
3227_sub0	1	9	4	5	4	5	0	0
3228_sub0	0	1	1	0	0	0	1	0
3228_sub1	0	1	0	1	0	0	0	1
3228_sub2	1	8	7	1	7	1	0	0
3228_sub3	0	1	0	1	0	0	0	1
3228_sub4	0	1	1	0	0	0	1	0
3231_sub0	0	5	4	1	0	0	4	1
3231_sub1	0	1	0	1	0	0	0	1
3231_sub2	0	1	0	1	0	0	0	1
3233_sub0	1	8	2	6	2	6	0	0
3233_sub1	0	1	1	0	0	0	1	0
3233_sub2	0	1	1	0	0	0	1	0
3233_sub3	0	1	1	0	0	0	1	0
3233_sub4	0	1	0	1	0	0	0	1
3233_sub5	0	1	1	0	0	0	1	0
3233_sub6	0	1	0	1	0	0	0	1
3235_sub0	0	1	0	1	0	0	0	1
3235_sub1	0	1	1	0	0	0	1	0
3235_sub2	0	1	1	0	0	0	1	0
3235_sub3	0	1	1	0	0	0	1	0
3235_sub4	0	1	1	0	0	0	1	0
3235_sub5	0	1	1	0	0	0	1	0
3238_sub0	1	6	3	3	3	3	0	0
3239_sub0	1	7	4	3	4	3	0	0
3239_sub1	0	1	1	0	0	0	1	0
3239_sub2	0	1	1	0	0	0	1	0
324_sub0	0	1	0	1	0	0	0	1
324_sub1	0	5	2	3	0	0	2	3
324_sub2	0	1	0	1	0	0	0	1
324_sub3	0	1	1	0	0	0	1	0
3241_sub0	0	5	2	3	0	0	2	3
3241_sub1	0	1	1	0	0	0	1	0
3248_sub0	0	5	2	3	0	0	2	3
3248_sub1	0	1	1	0	0	0	1	0
3248_sub2	0	1	0	1	0	0	0	1
325_sub0	0	1	1	0	0	0	1	0
325_sub1	0	4	1	3	0	0	1	3
325_sub2	0	1	0	1	0	0	0	1
3256_sub0	1	8	7	1	7	1	0	0
3256_sub1	0	1	1	0	0	0	1	0
3256_sub2	0	1	0	1	0	0	0	1
3256_sub3	0	1	1	0	0	0	1	0
3256_sub4	0	1	1	0	0	0	1	0
3256_sub5	0	1	1	0	0	0	1	0
3260_sub0	1	8	6	2	6	2	0	0
3260_sub1	0	1	0	1	0	0	0	1
3260_sub2	0	1	1	0	0	0	1	0
327_sub0	0	1	0	1	0	0	0	1
327_sub1	0	1	1	0	0	0	1	0
327_sub2	0	1	0	1	0	0	0	1
327_sub3	0	1	0	1	0	0	0	1
327_sub4	0	1	0	1	0	0	0	1
327_sub5	0	2	2	0	0	0	2	0
327_sub6	0	1	0	1	0	0	0	1
3276_sub0	1	6	2	4	2	4	0	0
3276_sub1	0	1	1	0	0	0	1	0
3276_sub2	0	1	1	0	0	0	1	0
328_sub0	0	1	1	0	0	0	1	0
328_sub1	0	1	1	0	0	0	1	0
328_sub2	0	1	1	0	0	0	1	0
328_sub3	0	1	0	1	0	0	0	1
328_sub4	0	4	2	2	0	0	2	2
328_sub5	0	1	0	1	0	0	0	1
328_sub6	0	1	1	0	0	0	1	0
328_sub7	0	1	0	1	0	0	0	1
328_sub8	0	1	1	0	0	0	1	0
3281_sub0	0	5	0	5	0	0	0	5
3281_sub1	0	1	1	0	0	0	1	0
3281_sub2	0	1	0	1	0	0	0	1
329_sub0	0	1	1	0	0	0	1	0
329_sub1	1	9	5	4	5	4	0	0
329_sub2	0	1	1	0	0	0	1	0
329_sub3	0	1	1	0	0	0	1	0
329_sub4	0	1	0	1	0	0	0	1
3291_sub0	0	1	0	1	0	0	0	1
3291_sub1	0	1	1	0	0	0	1	0
3291_sub2	0	1	0	1	0	0	0	1
3291_sub3	0	1	0	1	0	0	0	1
3291_sub4	0	1	1	0	0	0	1	0
3291_sub5	0	1	1	0	0	0	1	0
3293_sub0	0	5	4	1	0	0	4	1
3293_sub1	0	1	0	1	0	0	0	1
3294_sub0	1	7	2	5	2	5	0	0
3294_sub1	0	1	0	1	0	0	0	1
3294_sub2	0	1	1	0	0	0	1	0
3294_sub3	0	1	1	0	0	0	1	0
3294_sub4	0	1	1	0	0	0	1	0
3300_sub0	0	4	2	2	0	0	2	2
3300_sub1	0	1	1	0	0	0	1	0
3300_sub2	0	1	0	1	0	0	0	1
3300_sub3	0	1	1	0	0	0	1	0
3301_sub0	0	1	0	1	0	0	0	1
3301_sub1	0	5	3	2	0	0	3	2
3301_sub2	0	1	1	0	0	0	1	0
3301_sub3	0	1	1	0	0	0	1	0
3309_sub0	1	8	6	2	6	2	0	0
3309_sub1	0	1	1	0	0	0	1	0
3315_sub0	1	6	5	1	5	1	0	0
3315_sub1	0	1	0	1	0	0	0	1
3318_sub0	1	13	8	5	8	5	0	0
3318_sub1	0	1	0	1	0	0	0	1
3321_sub0	0	1	1	0	0	0	1	0
3321_sub1	0	2	1	1	0	0	1	1
3321_sub2	0	1	0	1	0	0	0	1
3321_sub3	0	1	1	0	0	0	1	0
3321_sub4	0	1	1	0	0	0	1	0
3330_sub0	0	5	1	4	0	0	1	4
3330_sub1	0	1	0	1	0	0	0	1
3332_sub0	0	1	0	1	0	0	0	1
3332_sub1	0	3	3	0	0	0	3	0
3332_sub2	0	1	0	1	0	0	0	1
3332_sub3	0	1	1	0	0	0	1	0
3338_sub0	1	7	3	4	3	4	0	0
3338_sub1	0	1	1	0	0	0	1	0
3338_sub2	0	1	1	0	0	0	1	0
3338_sub3	0	1	0	1	0	0	0	1
3347_sub0	1	6	1	5	1	5	0	0
3347_sub1	0	1	0	1	0	0	0	1
3347_sub2	0	1	0	1	0	0	0	1
3351_sub0	0	1	1	0	0	0	1	0
3351_sub1	0	1	1	0	0	0	1	0
3351_sub2	0	1	0	1	0	0	0	1
3351_sub3	0	1	1	0	0	0	1	0
3351_sub4	0	1	0	1	0	0	0	1
3351_sub5	0	1	0	1	0	0	0	1
3352_sub0	1	9	3	6	3	6	0	0
3352_sub1	0	1	0	1	0	0	0	1
3352_sub2	0	1	0	1	0	0	0	1
3352_sub3	0	1	1	0	0	0	1	0
3352_sub4	0	1	1	0	0	0	1	0
3353_sub0	0	1	0	1	0	0	0	1
3353_sub1	1	6	4	2	4	2	0	0
3353_sub2	0	1	0	1	0	0	0	1
3353_sub3	0	1	1	0	0	0	1	0
3354_sub0	1	7	5	2	5	2	0	0
3354_sub1	0	1	1	0	0	0	1	0
3355_sub0	1	7	2	5	2	5	0	0
3357_sub0	1	6	2	4	2	4	0	0
3357_sub1	0	1	0	1	0	0	0	1
3357_sub2	0	1	0	1	0	0	0	1
3357_sub3	0	1	0	1	0	0	0	1
3357_sub4	0	1	0	1	0	0	0	1
336_sub0	0	1	0	1	0	0	0	1
336_sub1	0	4	2	2	0	0	2	2
336_sub2	0	1	1	0	0	0	1	0
3368_sub0	0	5	0	5	0	0	0	5
3368_sub1	0	1	1	0	0	0	1	0
3368_sub2	0	1	1	0	0	0	1	0
3368_sub3	0	1	1	0	0	0	1	0
337_sub0	0	1	0	1	0	0	0	1
337_sub1	0	5	3	2	0	0	3	2
337_sub2	0	1	1	0	0	0	1	0
337_sub3	0	1	0	1	0	0	0	1
337_sub4	0	1	1	0	0	0	1	0
337_sub5	0	1	0	1	0	0	0	1
337_sub6	0	1	1	0	0	0	1	0
337_sub7	0	1	1	0	0	0	1	0
3370_sub0	0	1	0	1	0	0	0	1
3370_sub1	0	1	0	1	0	0	0	1
3370_sub2	0	1	1	0	0	0	1	0
3370_sub3	0	1	1	0	0	0	1	0
3370_sub4	0	1	0	1	0	0	0	1
3370_sub5	0	1	0	1	0	0	0	1
3371_sub0	1	8	5	3	5	3	0	0
3371_sub1	0	1	0	1	0	0	0	1
3372_sub0	1	6	5	1	5	1	0	0
3372_sub1	0	1	0	1	0	0	0	1
3372_sub2	0	1	0	1	0	0	0	1
3375_sub0	1	11	6	5	6	5	0	0
3375_sub1	0	1	1	0	0	0	1	0
3375_sub2	0	1	1	0	0	0	1	0
3375_sub3	0	1	0	1	0	0	0	1
3375_sub4	0	1	1	0	0	0	1	0
3375_sub5	0	1	0	1	0	0	0	1
3383_sub0	1	9	2	7	2	7	0	0
3383_sub1	0	1	1	0	0	0	1	0
3383_sub2	0	1	0	1	0	0	0	1
3385_sub0	0	1	1	0	0	0	1	0
3385_sub1	1	6	4	2	4	2	0	0
3385_sub2	0	1	0	1	0	0	0	1
3385_sub3	0	1	0	1	0	0	0	1
3388_sub0	1	9	6	3	6	3	0	0
3388_sub1	0	1	0	1	0	0	0	1
3388_sub2	0	1	0	1	0	0	0	1
3389_sub0	1	7	4	3	4	3	0	0
3389_sub1	0	1	0	1	0	0	0	1
3389_sub2	0	1	1	0	0	0	1	0
3389_sub3	0	1	0	1	0	0	0	1
3393_sub0	1	6	5	1	5	1	0	0
3395_sub0	0	3	2	1	0	0	2	1
3395_sub1	0	1	0	1	0	0	0	1
3395_sub2	0	1	0	1	0	0	0	1
3395_sub3	0	1	0	1	0	0	0	1
3398_sub0	1	7	5	2	5	2	0	0
3398_sub1	0	1	0	1	0	0	0	1
3398_sub2	0	1	0	1	0	0	0	1
3398_sub3	0	1	0	1	0	0	0	1
340_sub0	0	1	0	1	0	0	0	1
340_sub1	0	1	1	0	0	0	1	0
340_sub2	0	3	3	0	0	0	3	0
340_sub3	0	1	1	0	0	0	1	0
3403_sub0	1	6	4	2	4	2	0	0
3403_sub1	0	1	0	1	0	0	0	1
3403_sub2	0	1	0	1	0	0	0	1
3405_sub0	0	1	1	0	0	0	1	0
3405_sub1	1	9	3	6	3	6	0	0
3405_sub2	0	1	0	1	0	0	0	1
3406_sub0	1	8	5	3	5	3	0	0
3406_sub1	0	1	0	1	0	0	0	1
3406_sub2	0	1	1	0	0	0	1	0
3406_sub3	0	1	0	1	0	0	0	1
3409_sub0	1	6	4	2	4	2	0	0
3409_sub1	0	1	1	0	0	0	1	0
3409_sub2	0	1	1	0	0	0	1	0
3409_sub3	0	1	0	1	0	0	0	1
341_sub0	0	1	0	1	0	0	0	1
341_sub1	1	6	2	4	2	4	0	0
3411_sub0	1	6	3	3	3	3	0	0
342_sub0	0	1	0	1	0	0	0	1
342_sub1	0	1	0	1	0	0	0	1
342_sub2	0	3	0	3	0	0	0	3
342_sub3	0	1	1	0	0	0	1	0
342_sub4	0	1	0	1	0	0	0	1
342_sub5	0	1	1	0	0	0	1	0
3422_sub0	0	1	0	1	0	0	0	1
3422_sub1	0	1	1	0	0	0	1	0
3422_sub2	0	1	1	0	0	0	1	0
3422_sub3	0	1	1	0	0	0	1	0
3422_sub4	0	1	0	1	0	0	0	1
3422_sub5	0	1	0	1	0	0	0	1
3427_sub0	0	1	1	0	0	0	1	0
3427_sub1	0	1	0	1	0	0	0	1
3427_sub2	0	1	1	0	0	0	1	0
3427_sub3	0	1	1	0	0	0	1	0
3427_sub4	0	1	1	0	0	0	1	0
3427_sub5	0	3	2	1	0	0	2	1
3428_sub0	1	8	1	7	1	7	0	0
3428_sub1	0	1	1	0	0	0	1	0
3428_sub2	0	1	1	0	0	0	1	0
3428_sub3	0	1	1	0	0	0	1	0
3429_sub0	1	6	3	3	3	3	0	0
3429_sub1	0	1	1	0	0	0	1	0
3429_sub2	0	1	1	0	0	0	1	0
3429_sub3	0	1	0	1	0	0	0	1
3429_sub4	0	1	0	1	0	0	0	1
3430_sub0	0	1	0	1	0	0	0	1
3430_sub1	0	1	1	0	0	0	1	0
3430_sub2	0	1	0	1	0	0	0	1
3430_sub3	0	1	1	0	0	0	1	0
3430_sub4	0	1	1	0	0	0	1	0
3430_sub5	0	1	1	0	0	0	1	0
3432_sub0	1	8	2	6	2	6	0	0
3432_sub1	0	1	1	0	0	0	1	0
3434_sub0	0	1	1	0	0	0	1	0
3434_sub1	1	7	5	2	5	2	0	0
3434_sub2	0	1	1	0	0	0	1	0
3434_sub3	0	1	0	1	0	0	0	1
3438_sub0	1	7	6	1	6	1	0	0
3438_sub1	0	1	0	1	0	0	0	1
3438_sub2	0	1	1	0	0	0	1	0
3442_sub0	0	2	1	1	0	0	1	1
3442_sub1	0	1	0	1	0	0	0	1
3442_sub2	0	1	1	0	0	0	1	0
3442_sub3	0	1	0	1	0	0	0	1
3442_sub4	0	1	0	1	0	0	0	1
3443_sub0	1	12	6	6	6	6	0	0
3443_sub1	0	1	0	1	0	0	0	1
3443_sub2	0	1	1	0	0	0	1	0
3446_sub0	1	6	5	1	5	1	0	0
3446_sub1	0	1	0	1	0	0	0	1
3447_sub0	0	1	1	0	0	0	1	0
3447_sub1	0	1	0	1	0	0	0	1
3447_sub2	0	1	1	0	0	0	1	0
3447_sub3	0	1	1	0	0	0	1	0
3447_sub4	0	1	1	0	0	0	1	0
3447_sub5	0	1	1	0	0	0	1	0
3448_sub0	0	5	0	5	0	0	0	5
3448_sub1	0	1	1	0	0	0	1	0
345_sub0	0	1	1	0	0	0	1	0
345_sub1	0	1	0	1	0	0	0	1
345_sub2	1	8	3	5	3	5	0	0
345_sub3	0	1	1	0	0	0	1	0
345_sub4	0	1	1	0	0	0	1	0
345_sub5	0	1	1	0	0	0	1	0
345_sub6	0	1	1	0	0	0	1	0
345_sub7	0	1	0	1	0	0	0	1
3451_sub0	1	7	1	6	1	6	0	0
3451_sub1	0	1	1	0	0	0	1	0
3454_sub0	0	1	0	1	0	0	0	1
3454_sub1	0	1	1	0	0	0	1	0
3454_sub2	0	1	1	0	0	0	1	0
3454_sub3	1	8	5	3	5	3	0	0
3454_sub4	0	1	0	1	0	0	0	1
3454_sub5	0	1	1	0	0	0	1	0
3454_sub6	0	1	1	0	0	0	1	0
3456_sub0	0	1	0	1	0	0	0	1
3456_sub1	1	10	4	6	4	6	0	0
3456_sub2	0	1	1	0	0	0	1	0
346_sub0	0	1	1	0	0	0	1	0
346_sub1	0	5	2	3	0	0	2	3
3464_sub0	0	1	0	1	0	0	0	1
3464_sub1	1	7	6	1	6	1	0	0
3464_sub2	0	1	1	0	0	0	1	0
3464_sub3	0	1	0	1	0	0	0	1
3464_sub4	0	1	1	0	0	0	1	0
3469_sub0	0	1	1	0	0	0	1	0
3469_sub1	0	2	1	1	0	0	1	1
3469_sub2	0	1	1	0	0	0	1	0
3469_sub3	0	1	0	1	0	0	0	1
3469_sub4	0	1	1	0	0	0	1	0
3470_sub0	1	6	2	4	2	4	0	0
3470_sub1	0	1	1	0	0	0	1	0
3470_sub2	0	1	1	0	0	0	1	0
3473_sub0	0	1	0	1	0	0	0	1
3473_sub1	1	6	6	0	6	0	0	0
3473_sub2	0	1	0	1	0	0	0	1
3473_sub3	0	1	0	1	0	0	0	1
3478_sub0	0	1	1	0	0	0	1	0
3478_sub1	0	4	1	3	0	0	1	3
3478_sub2	0	2	2	0	0	0	2	0
3480_sub0	1	6	2	4	2	4	0	0
3480_sub1	0	1	1	0	0	0	1	0
3480_sub2	0	1	0	1	0	0	0	1
3481_sub0	0	5	3	2	0	0	3	2
3481_sub1	0	1	1	0	0	0	1	0
3481_sub2	0	1	0	1	0	0	0	1
3481_sub3	0	1	1	0	0	0	1	0
3481_sub4	0	1	1	0	0	0	1	0
3483_sub0	1	9	6	3	6	3	0	0
3483_sub1	0	1	0	1	0	0	0	1
3483_sub2	0	1	0	1	0	0	0	1
3483_sub3	0	1	1	0	0	0	1	0
3483_sub4	0	1	0	1	0	0	0	1
3485_sub0	0	1	1	0	0	0	1	0
3485_sub1	1	7	6	1	6	1	0	0
3487_sub0	1	8	4	4	4	4	0	0
3487_sub1	0	1	0	1	0	0	0	1
3487_sub2	0	1	1	0	0	0	1	0
3487_sub3	0	1	0	1	0	0	0	1
3487_sub4	0	1	1	0	0	0	1	0
3496_sub0	1	8	6	2	6	2	0	0
3496_sub1	0	1	0	1	0	0	0	1
3496_sub2	0	1	1	0	0	0	1	0
3496_sub3	0	1	0	1	0	0	0	1
3496_sub4	0	1	1	0	0	0	1	0
3496_sub5	0	1	1	0	0	0	1	0
3506_sub0	0	5	2	3	0	0	2	3
3506_sub1	0	1	1	0	0	0	1	0
3506_sub2	0	1	0	1	0	0	0	1
3506_sub3	0	1	0	1	0	0	0	1
3506_sub4	0	1	1	0	0	0	1	0
3506_sub5	0	1	1	0	0	0	1	0
3513_sub0	0	1	0	1	0	0	0	1
3513_sub1	0	4	2	2	0	0	2	2
3513_sub2	0	1	0	1	0	0	0	1
3519_sub0	1	6	3	3	3	3	0	0
3519_sub1	0	1	0	1	0	0	0	1
3519_sub2	0	1	1	0	0	0	1	0
3519_sub3	0	1	0	1	0	0	0	1
3519_sub4	0	1	1	0	0	0	1	0
3522_sub0	1	10	6	4	6	4	0	0
3522_sub1	0	1	1	0	0	0	1	0
3522_sub2	0	1	1	0	0	0	1	0
3522_sub3	0	1	0	1	0	0	0	1
3522_sub4	0	1	0	1	0	0	0	1
3525_sub0	1	11	5	6	5	6	0	0
3525_sub1	0	1	1	0	0	0	1	0
3525_sub2	0	1	1	0	0	0	1	0
3527_sub0	1	10	5	5	5	5	0	0
3528_sub0	0	2	1	1	0	0	1	1
3528_sub1	0	1	1	0	0	0	1	0
3528_sub2	0	1	0	1	0	0	0	1
3528_sub3	0	1	1	0	0	0	1	0
3528_sub4	0	1	0	1	0	0	0	1
3528_sub5	0	1	0	1	0	0	0	1
3528_sub6	0	1	0	1	0	0	0	1
3531_sub0	0	5	1	4	0	0	1	4
3531_sub1	0	1	1	0	0	0	1	0
3531_sub2	0	1	1	0	0	0	1	0
3531_sub3	0	1	0	1	0	0	0	1
3534_sub0	1	11	7	4	7	4	0	0
3534_sub1	0	1	0	1	0	0	0	1
3534_sub2	0	1	0	1	0	0	0	1
3536_sub0	1	7	3	4	3	4	0	0
3536_sub1	0	1	1	0	0	0	1	0
3536_sub2	0	1	1	0	0	0	1	0
3536_sub3	0	1	0	1	0	0	0	1
3536_sub4	0	1	0	1	0	0	0	1
3536_sub5	0	1	0	1	0	0	0	1
3541_sub0	0	5	5	0	0	0	5	0
3541_sub1	0	1	0	1	0	0	0	1
3541_sub2	0	1	1	0	0	0	1	0
3547_sub0	0	1	1	0	0	0	1	0
3547_sub1	1	8	3	5	3	5	0	0
3549_sub0	0	5	3	2	0	0	3	2
3549_sub1	0	1	0	1	0	0	0	1
3549_sub2	0	1	1	0	0	0	1	0
3549_sub3	0	1	1	0	0	0	1	0
3549_sub4	0	1	1	0	0	0	1	0
355_sub0	0	1	0	1	0	0	0	1
355_sub1	0	4	1	3	0	0	1	3
355_sub2	0	1	1	0	0	0	1	0
355_sub3	0	1	0	1	0	0	0	1
3553_sub0	1	6	3	3	3	3	0	0
3553_sub1	0	1	0	1	0	0	0	1
3553_sub2	0	1	0	1	0	0	0	1
3555_sub0	1	8	5	3	5	3	0	0
3555_sub1	0	1	1	0	0	0	1	0
3555_sub2	0	1	1	0	0	0	1	0
3555_sub3	0	1	1	0	0	0	1	0
3557_sub0	1	7	4	3	4	3	0	0
3557_sub1	0	1	0	1	0	0	0	1
3557_sub2	0	1	0	1	0	0	0	1
3557_sub3	0	1	1	0	0	0	1	0
3557_sub4	0	1	1	0	0	0	1	0
3557_sub5	0	1	1	0	0	0	1	0
3562_sub0	1	13	4	9	4	9	0	0
3562_sub1	0	1	1	0	0	0	1	0
3562_sub2	0	1	0	1	0	0	0	1
3564_sub0	1	6	4	2	4	2	0	0
3564_sub1	0	1	1	0	0	0	1	0
3564_sub2	0	1	1	0	0	0	1	0
3564_sub3	0	1	0	1	0	0	0	1
3564_sub4	0	1	0	1	0	0	0	1
3567_sub0	0	1	0	1	0	0	0	1
3567_sub1	0	3	1	2	0	0	1	2
3567_sub2	0	1	0	1	0	0	0	1
3567_sub3	0	1	0	1	0	0	0	1
3567_sub4	0	1	0	1	0	0	0	1
357_sub0	0	1	1	0	0	0	1	0
357_sub1	0	1	0	1	0	0	0	1
357_sub2	0	5	1	4	0	0	1	4
357_sub3	0	1	1	0	0	0	1	0
3574_sub0	0	5	2	3	0	0	2	3
3574_sub1	0	1	0	1	0	0	0	1
3574_sub2	0	1	0	1	0	0	0	1
3574_sub3	0	1	1	0	0	0	1	0
3576_sub0	0	5	4	1	0	0	4	1
3576_sub1	0	1	1	0	0	0	1	0
3576_sub2	0	1	0	1	0	0	0	1
3577_sub0	0	1	0	1	0	0	0	1
3577_sub1	0	1	0	1	0	0	0	1
3577_sub2	0	1	1	0	0	0	1	0
3577_sub3	0	1	0	1	0	0	0	1
3577_sub4	0	1	0	1	0	0	0	1
3577_sub5	0	1	1	0	0	0	1	0
3577_sub6	0	1	0	1	0	0	0	1
3580_sub0	1	6	4	2	4	2	0	0
3580_sub1	0	1	1	0	0	0	1	0
3580_sub2	0	1	1	0	0	0	1	0
3582_sub0	1	7	3	4	3	4	0	0
3582_sub1	0	1	1	0	0	0	1	0
3582_sub2	0	1	1	0	0	0	1	0
3587_sub0	0	1	0	1	0	0	0	1
3587_sub1	0	4	2	2	0	0	2	2
3587_sub2	0	1	1	0	0	0	1	0
3587_sub3	0	1	0	1	0	0	0	1
3587_sub4	0	1	1	0	0	0	1	0
3587_sub5	0	1	0	1	0	0	0	1
3589_sub0	0	5	1	4	0	0	1	4
3589_sub1	0	1	0	1	0	0	0	1
3589_sub2	0	1	1	0	0	0	1	0
3590_sub0	1	7	3	4	3	4	0	0
3590_sub1	0	1	0	1	0	0	0	1
36_sub0	0	1	0	1	0	0	0	1
36_sub1	1	12	6	6	6	6	0	0
3602_sub0	0	1	1	0	0	0	1	0
3602_sub1	0	1	0	1	0	0	0	1
3602_sub2	0	1	1	0	0	0	1	0
3602_sub3	0	1	1	0	0	0	1	0
3602_sub4	0	1	1	0	0	0	1	0
3602_sub5	0	1	0	1	0	0	0	1
3604_sub0	0	5	2	3	0	0	2	3
3604_sub1	0	1	0	1	0	0	0	1
3604_sub2	0	1	0	1	0	0	0	1
3604_sub3	0	1	0	1	0	0	0	1
3604_sub4	0	1	1	0	0	0	1	0
3614_sub0	1	11	6	5	6	5	0	0
3616_sub0	0	5	2	3	0	0	2	3
3616_sub1	0	1	1	0	0	0	1	0
3616_sub2	0	1	0	1	0	0	0	1
3620_sub0	1	7	5	2	5	2	0	0
3620_sub1	0	1	0	1	0	0	0	1
3620_sub2	0	1	0	1	0	0	0	1
3621_sub0	0	5	4	1	0	0	4	1
3621_sub1	0	1	0	1	0	0	0	1
3621_sub2	0	1	0	1	0	0	0	1
3623_sub0	0	4	2	2	0	0	2	2
3623_sub1	0	1	1	0	0	0	1	0
3623_sub2	0	1	0	1	0	0	0	1
3623_sub3	0	1	0	1	0	0	0	1
3625_sub0	1	6	3	3	3	3	0	0
3625_sub1	0	1	0	1	0	0	0	1
3637_sub0	1	9	2	7	2	7	0	0
3646_sub0	1	8	2	6	2	6	0	0
3646_sub1	0	1	1	0	0	0	1	0
3646_sub2	0	1	1	0	0	0	1	0
3646_sub3	0	1	0	1	0	0	0	1
3646_sub4	0	1	1	0	0	0	1	0
3646_sub5	0	1	0	1	0	0	0	1
3646_sub6	0	1	1	0	0	0	1	0
3646_sub7	0	1	0	1	0	0	0	1
3648_sub0	0	1	1	0	0	0	1	0
3648_sub1	1	6	2	4	2	4	0	0
3648_sub2	0	1	0	1	0	0	0	1
3652_sub0	1	9	5	4	5	4	0	0
3654_sub0	1	6	1	5	1	5	0	0
3654_sub1	0	1	0	1	0	0	0	1
3656_sub0	1	7	6	1	6	1	0	0
3656_sub1	0	1	0	1	0	0	0	1
3656_sub2	0	1	1	0	0	0	1	0
3656_sub3	0	1	1	0	0	0	1	0
3659_sub0	0	2	0	2	0	0	0	2
3659_sub1	0	1	1	0	0	0	1	0
3659_sub2	0	1	0	1	0	0	0	1
3659_sub3	0	1	1	0	0	0	1	0
3659_sub4	0	1	0	1	0	0	0	1
3659_sub5	0	1	0	1	0	0	0	1
3661_sub0	0	1	0	1	0	0	0	1
3661_sub1	0	3	2	1	0	0	2	1
3661_sub2	0	1	0	1	0	0	0	1
3661_sub3	0	1	0	1	0	0	0	1
3661_sub4	0	1	0	1	0	0	0	1
3661_sub5	0	1	0	1	0	0	0	1
3661_sub6	0	1	1	0	0	0	1	0
3661_sub7	0	1	1	0	0	0	1	0
3668_sub0	1	6	4	2	4	2	0	0
3668_sub1	0	1	0	1	0	0	0	1
3668_sub2	0	1	1	0	0	0	1	0
3668_sub3	0	1	0	1	0	0	0	1
3669_sub0	1	7	4	3	4	3	0	0
3669_sub1	0	1	1	0	0	0	1	0
3669_sub2	0	1	0	1	0	0	0	1
3677_sub0	1	13	8	5	8	5	0	0
3677_sub1	0	1	1	0	0	0	1	0
3678_sub0	0	1	1	0	0	0	1	0
3678_sub1	0	1	1	0	0	0	1	0
3678_sub2	0	1	0	1	0	0	0	1
3678_sub3	0	1	0	1	0	0	0	1
3678_sub4	0	1	1	0	0	0	1	0
3678_sub5	0	1	0	1	0	0	0	1
368_sub0	0	1	0	1	0	0	0	1
368_sub1	1	6	1	5	1	5	0	0
368_sub2	0	1	0	1	0	0	0	1
3683_sub0	1	6	4	2	4	2	0	0
3683_sub1	0	1	0	1	0	0	0	1
3683_sub2	0	1	1	0	0	0	1	0
3686_sub0	1	6	2	4	2	4	0	0
3686_sub1	0	1	1	0	0	0	1	0
3686_sub2	0	1	0	1	0	0	0	1
3701_sub0	1	10	3	7	3	7	0	0
3701_sub1	0	1	1	0	0	0	1	0
3703_sub0	0	4	3	1	0	0	3	1
3703_sub1	0	1	1	0	0	0	1	0
3703_sub2	0	1	1	0	0	0	1	0
3703_sub3	0	1	0	1	0	0	0	1
3703_sub4	0	1	1	0	0	0	1	0
3703_sub5	0	1	1	0	0	0	1	0
3706_sub0	1	8	5	3	5	3	0	0
3706_sub1	0	1	1	0	0	0	1	0
3706_sub2	0	1	0	1	0	0	0	1
3706_sub3	0	1	1	0	0	0	1	0
3706_sub4	0	1	0	1	0	0	0	1
3706_sub5	0	1	0	1	0	0	0	1
3711_sub0	0	4	0	4	0	0	0	4
3711_sub1	0	1	1	0	0	0	1	0
3711_sub2	0	1	0	1	0	0	0	1
3711_sub3	0	1	1	0	0	0	1	0
3715_sub0	0	1	0	1	0	0	0	1
3715_sub1	0	1	1	0	0	0	1	0
3715_sub2	0	1	1	0	0	0	1	0
3715_sub3	1	8	3	5	3	5	0	0
3731_sub0	1	6	3	3	3	3	0	0
3731_sub1	0	1	0	1	0	0	0	1
3731_sub2	0	1	0	1	0	0	0	1
3731_sub3	0	1	1	0	0	0	1	0
3735_sub0	0	5	3	2	0	0	3	2
3735_sub1	0	1	1	0	0	0	1	0
3735_sub2	0	1	1	0	0	0	1	0
3742_sub0	0	2	0	2	0	0	0	2
3742_sub1	0	1	1	0	0	0	1	0
3742_sub2	0	1	1	0	0	0	1	0
3742_sub3	0	1	0	1	0	0	0	1
3742_sub4	0	1	0	1	0	0	0	1
3743_sub0	1	6	1	5	1	5	0	0
3743_sub1	0	1	1	0	0	0	1	0
3745_sub0	0	4	4	0	0	0	4	0
3745_sub1	0	1	0	1	0	0	0	1
3745_sub2	0	1	1	0	0	0	1	0
3747_sub0	0	5	3	2	0	0	3	2
3747_sub1	0	1	0	1	0	0	0	1
3753_sub0	1	8	2	6	2	6	0	0
3753_sub1	0	1	0	1	0	0	0	1
3755_sub0	0	4	2	2	0	0	2	2
3755_sub1	0	1	1	0	0	0	1	0
3755_sub2	0	1	1	0	0	0	1	0
3756_sub0	0	1	1	0	0	0	1	0
3756_sub1	0	1	0	1	0	0	0	1
3756_sub2	0	1	1	0	0	0	1	0
3756_sub3	0	1	1	0	0	0	1	0
3756_sub4	0	1	0	1	0	0	0	1
3756_sub5	0	1	0	1	0	0	0	1
376_sub0	0	1	0	1	0	0	0	1
376_sub1	0	1	0	1	0	0	0	1
376_sub2	1	8	4	4	4	4	0	0
376_sub3	0	1	0	1	0	0	0	1
376_sub4	0	1	1	0	0	0	1	0
3764_sub0	1	8	2	6	2	6	0	0
3764_sub1	0	1	1	0	0	0	1	0
3764_sub2	0	1	1	0	0	0	1	0
377_sub0	0	1	1	0	0	0	1	0
377_sub1	1	10	3	7	3	7	0	0
377_sub2	0	1	0	1	0	0	0	1
3771_sub0	0	5	2	3	0	0	2	3
3771_sub1	0	1	0	1	0	0	0	1
3774_sub0	1	7	4	3	4	3	0	0
3774_sub1	0	1	1	0	0	0	1	0
3774_sub2	0	1	0	1	0	0	0	1
3774_sub3	0	1	0	1	0	0	0	1
3774_sub4	0	1	0	1	0	0	0	1
3774_sub5	0	1	0	1	0	0	0	1
3774_sub6	0	1	0	1	0	0	0	1
3776_sub0	0	1	0	1	0	0	0	1
3776_sub1	1	11	6	5	6	5	0	0
3782_sub0	0	1	1	0	0	0	1	0
3782_sub1	0	1	1	0	0	0	1	0
3782_sub2	0	1	0	1	0	0	0	1
3782_sub3	0	1	1	0	0	0	1	0
3782_sub4	0	1	1	0	0	0	1	0
3782_sub5	0	1	0	1	0	0	0	1
3782_sub6	0	1	0	1	0	0	0	1
3782_sub7	0	1	0	1	0	0	0	1
3782_sub8	0	1	0	1	0	0	0	1
3783_sub0	0	1	0	1	0	0	0	1
3783_sub1	0	1	1	0	0	0	1	0
3783_sub2	0	1	0	1	0	0	0	1
3783_sub3	0	1	1	0	0	0	1	0
3783_sub4	0	1	1	0	0	0	1	0
3783_sub5	0	1	1	0	0	0	1	0
3788_sub0	1	7	3	4	3	4	0	0
3788_sub1	0	1	1	0	0	0	1	0
379_sub0	0	1	1	0	0	0	1	0
379_sub1	1	8	4	4	4	4	0	0
379_sub2	0	1	1	0	0	0	1	0
3807_sub0	1	10	5	5	5	5	0	0
3807_sub1	0	1	1	0	0	0	1	0
3807_sub2	0	1	0	1	0	0	0	1
3807_sub3	0	1	0	1	0	0	0	1
382_sub0	0	1	0	1	0	0	0	1
382_sub1	0	5	2	3	0	0	2	3
382_sub2	0	1	1	0	0	0	1	0
3829_sub0	1	6	2	4	2	4	0	0
3832_sub0	1	10	5	5	5	5	0	0
3832_sub1	0	1	0	1	0	0	0	1
3832_sub2	0	1	1	0	0	0	1	0
3832_sub3	0	1	0	1	0	0	0	1
3832_sub4	0	1	0	1	0	0	0	1
3832_sub5	0	1	1	0	0	0	1	0
3832_sub6	0	1	1	0	0	0	1	0
3834_sub0	1	9	6	3	6	3	0	0
3834_sub1	0	1	0	1	0	0	0	1
3834_sub2	0	1	1	0	0	0	1	0
3842_sub0	0	1	0	1	0	0	0	1
3842_sub1	0	3	2	1	0	0	2	1
3842_sub2	0	1	1	0	0	0	1	0
3842_sub3	0	1	0	1	0	0	0	1
3847_sub0	1	7	4	3	4	3	0	0
3847_sub1	0	1	0	1	0	0	0	1
3847_sub2	0	1	1	0	0	0	1	0
3847_sub3	0	1	1	0	0	0	1	0
3847_sub4	0	1	1	0	0	0	1	0
3849_sub0	0	1	0	1	0	0	0	1
3849_sub1	0	5	1	4	0	0	1	4
3849_sub2	0	1	1	0	0	0	1	0
3849_sub3	0	1	1	0	0	0	1	0
3850_sub0	0	1	1	0	0	0	1	0
3850_sub1	0	1	0	1	0	0	0	1
3850_sub2	0	5	4	1	0	0	4	1
3850_sub3	0	1	1	0	0	0	1	0
3853_sub0	0	1	0	1	0	0	0	1
3853_sub1	1	6	4	2	4	2	0	0
3853_sub2	0	1	1	0	0	0	1	0
3853_sub3	0	1	0	1	0	0	0	1
3853_sub4	0	1	1	0	0	0	1	0
3856_sub0	1	7	1	6	1	6	0	0
3856_sub1	0	1	0	1	0	0	0	1
386_sub0	0	1	1	0	0	0	1	0
386_sub1	1	6	3	3	3	3	0	0
386_sub2	0	1	0	1	0	0	0	1
386_sub3	0	1	0	1	0	0	0	1
386_sub4	0	1	1	0	0	0	1	0
3860_sub0	0	5	3	2	0	0	3	2
3860_sub1	0	1	0	1	0	0	0	1
3875_sub0	1	7	2	5	2	5	0	0
3875_sub1	0	1	1	0	0	0	1	0
3875_sub2	0	1	0	1	0	0	0	1
3876_sub0	0	1	1	0	0	0	1	0
3876_sub1	0	1	1	0	0	0	1	0
3876_sub2	0	1	1	0	0	0	1	0
3876_sub3	0	1	0	1	0	0	0	1
3876_sub4	0	1	1	0	0	0	1	0
3876_sub5	0	1	0	1	0	0	0	1
3881_sub0	0	5	3	2	0	0	3	2
3881_sub1	0	1	0	1	0	0	0	1
3887_sub0	1	7	5	2	5	2	0	0
3895_sub0	1	10	3	7	3	7	0	0
3895_sub1	0	1	0	1	0	0	0	1
3895_sub2	0	1	0	1	0	0	0	1
3895_sub3	0	1	1	0	0	0	1	0
390_sub0	0	1	0	1	0	0	0	1
390_sub1	0	1	1	0	0	0	1	0
390_sub2	1	12	6	6	6	6	0	0
3903_sub0	1	6	1	5	1	5	0	0
3903_sub1	0	1	0	1	0	0	0	1
3903_sub2	0	1	0	1	0	0	0	1
3903_sub3	0	1	1	0	0	0	1	0
3906_sub0	1	6	4	2	4	2	0	0
3917_sub0	1	7	3	4	3	4	0	0
3917_sub1	0	1	1	0	0	0	1	0
3918_sub0	0	1	0	1	0	0	0	1
3918_sub1	0	1	1	0	0	0	1	0
3918_sub2	0	1	0	1	0	0	0	1
3918_sub3	0	1	0	1	0	0	0	1
3918_sub4	0	3	2	1	0	0	2	1
3926_sub0	0	4	3	1	0	0	3	1
3926_sub1	0	1	0	1	0	0	0	1
3926_sub2	0	1	0	1	0	0	0	1
3928_sub0	1	9	4	5	4	5	0	0
3928_sub1	0	1	0	1	0	0	0	1
3928_sub2	0	1	0	1	0	0	0	1
3932_sub0	1	8	4	4	4	4	0	0
3932_sub1	0	1	1	0	0	0	1	0
3932_sub2	0	1	0	1	0	0	0	1
3932_sub3	0	1	0	1	0	0	0	1
3940_sub0	1	6	3	3	3	3	0	0
3943_sub0	1	10	0	10	0	10	0	0
3943_sub1	0	1	1	0	0	0	1	0
3943_sub2	0	1	0	1	0	0	0	1
3943_sub3	0	1	0	1	0	0	0	1
3943_sub4	0	1	1	0	0	0	1	0
3944_sub0	1	6	3	3	3	3	0	0
3944_sub1	0	1	1	0	0	0	1	0
3952_sub0	1	14	6	8	6	8	0	0
3952_sub1	0	1	0	1	0	0	0	1
3959_sub0	1	7	3	4	3	4	0	0
3959_sub1	0	1	1	0	0	0	1	0
3959_sub2	0	1	1	0	0	0	1	0
3959_sub3	0	1	1	0	0	0	1	0
3959_sub4	0	1	1	0	0	0	1	0
3959_sub5	0	1	1	0	0	0	1	0
3959_sub6	0	1	0	1	0	0	0	1
3959_sub7	0	1	1	0	0	0	1	0
396_sub0	0	1	0	1	0	0	0	1
396_sub1	1	6	2	4	2	4	0	0
396_sub2	0	1	0	1	0	0	0	1
3961_sub0	0	1	1	0	0	0	1	0
3961_sub1	0	1	0	1	0	0	0	1
3961_sub2	1	7	3	4	3	4	0	0
3962_sub0	0	1	1	0	0	0	1	0
3962_sub1	0	4	3	1	0	0	3	1
3962_sub2	0	1	1	0	0	0	1	0
3963_sub0	1	10	6	4	6	4	0	0
3963_sub1	0	1	0	1	0	0	0	1
3963_sub2	0	1	0	1	0	0	0	1
3970_sub0	1	7	2	5	2	5	0	0
3970_sub1	0	1	1	0	0	0	1	0
3973_sub0	0	5	2	3	0	0	2	3
3973_sub1	0	1	0	1	0	0	0	1
3973_sub2	0	1	0	1	0	0	0	1
3977_sub0	1	7	4	3	4	3	0	0
3977_sub1	0	1	0	1	0	0	0	1
398_sub0	0	1	1	0	0	0	1	0
398_sub1	0	1	1	0	0	0	1	0
398_sub2	0	1	1	0	0	0	1	0
398_sub3	0	4	2	2	0	0	2	2
399_sub0	0	1	1	0	0	0	1	0
399_sub1	0	1	0	1	0	0	0	1
399_sub2	0	5	3	2	0	0	3	2
399_sub3	0	1	0	1	0	0	0	1
399_sub4	0	1	1	0	0	0	1	0
3990_sub0	0	1	0	1	0	0	0	1
3990_sub1	1	7	2	5	2	5	0	0
3990_sub2	0	1	0	1	0	0	0	1
3996_sub0	1	8	5	3	5	3	0	0
3996_sub1	0	1	1	0	0	0	1	0
3999_sub0	1	7	2	5	2	5	0	0
3999_sub1	0	1	0	1	0	0	0	1
400_sub0	0	1	0	1	0	0	0	1
400_sub1	1	6	4	2	4	2	0	0
400_sub2	0	1	1	0	0	0	1	0
4004_sub0	1	9	5	4	5	4	0	0
4004_sub1	0	1	0	1	0	0	0	1
4004_sub2	0	1	1	0	0	0	1	0
4004_sub3	0	1	1	0	0	0	1	0
4004_sub4	0	1	1	0	0	0	1	0
4004_sub5	0	1	1	0	0	0	1	0
4033_sub0	1	10	6	4	6	4	0	0
4036_sub0	0	5	3	2	0	0	3	2
4036_sub1	0	1	1	0	0	0	1	0
4036_sub2	0	1	0	1	0	0	0	1
4039_sub0	0	1	1	0	0	0	1	0
4039_sub1	0	1	0	1	0	0	0	1
4039_sub2	0	1	0	1	0	0	0	1
4039_sub3	0	5	5	0	0	0	5	0
4052_sub0	0	1	0	1	0	0	0	1
4052_sub1	1	7	1	6	1	6	0	0
4052_sub2	0	1	0	1	0	0	0	1
4052_sub3	0	1	1	0	0	0	1	0
407_sub0	0	1	1	0	0	0	1	0
407_sub1	1	6	1	5	1	5	0	0
407_sub2	0	1	0	1	0	0	0	1
4070_sub0	1	9	5	4	5	4	0	0
4070_sub1	0	1	1	0	0	0	1	0
4070_sub2	0	1	0	1	0	0	0	1
4070_sub3	0	1	1	0	0	0	1	0
4080_sub0	0	1	0	1	0	0	0	1
4080_sub1	0	1	0	1	0	0	0	1
4080_sub2	0	1	1	0	0	0	1	0
4080_sub3	0	1	1	0	0	0	1	0
4080_sub4	0	1	1	0	0	0	1	0
4080_sub5	0	1	0	1	0	0	0	1
4082_sub0	0	5	2	3	0	0	2	3
4082_sub1	0	1	1	0	0	0	1	0
4082_sub2	0	1	1	0	0	0	1	0
409_sub0	0	1	0	1	0	0	0	1
409_sub1	0	1	0	1	0	0	0	1
409_sub2	1	11	5	6	5	6	0	0
409_sub3	0	1	0	1	0	0	0	1
4090_sub0	0	1	0	1	0	0	0	1
4090_sub1	0	3	2	1	0	0	2	1
4090_sub2	0	2	1	1	0	0	1	1
4090_sub3	0	1	0	1	0	0	0	1
4090_sub4	0	1	0	1	0	0	0	1
4092_sub0	0	5	2	3	0	0	2	3
4092_sub1	0	1	0	1	0	0	0	1
4093_sub0	0	5	0	5	0	0	0	5
4093_sub1	0	1	1	0	0	0	1	0
4093_sub2	0	1	1	0	0	0	1	0
4093_sub3	0	1	0	1	0	0	0	1
4096_sub0	0	1	1	0	0	0	1	0
4096_sub1	0	1	1	0	0	0	1	0
4096_sub2	0	1	1	0	0	0	1	0
4096_sub3	0	1	0	1	0	0	0	1
4096_sub4	0	1	1	0	0	0	1	0
4096_sub5	0	1	0	1	0	0	0	1
4100_sub0	1	7	3	4	3	4	0	0
4100_sub1	0	1	1	0	0	0	1	0
4100_sub2	0	1	0	1	0	0	0	1
4100_sub3	0	1	0	1	0	0	0	1
4100_sub4	0	1	1	0	0	0	1	0
4105_sub0	0	1	0	1	0	0	0	1
4105_sub1	0	1	1	0	0	0	1	0
4105_sub2	0	1	0	1	0	0	0	1
4105_sub3	0	1	1	0	0	0	1	0
4105_sub4	0	1	1	0	0	0	1	0
4105_sub5	0	1	0	1	0	0	0	1
4107_sub0	1	7	5	2	5	2	0	0
4107_sub1	0	1	1	0	0	0	1	0
4107_sub2	0	1	1	0	0	0	1	0
4112_sub0	0	1	1	0	0	0	1	0
4112_sub1	0	1	1	0	0	0	1	0
4112_sub2	0	1	1	0	0	0	1	0
4112_sub3	0	1	0	1	0	0	0	1
4112_sub4	0	1	1	0	0	0	1	0
4112_sub5	0	1	0	1	0	0	0	1
412_sub0	0	1	1	0	0	0	1	0
412_sub1	1	6	2	4	2	4	0	0
412_sub2	0	1	1	0	0	0	1	0
412_sub3	0	1	0	1	0	0	0	1
412_sub4	0	1	0	1	0	0	0	1
412_sub5	0	1	1	0	0	0	1	0
4122_sub0	0	1	0	1	0	0	0	1
4122_sub1	0	1	1	0	0	0	1	0
4122_sub2	0	1	0	1	0	0	0	1
4122_sub3	0	1	0	1	0	0	0	1
4122_sub4	0	1	0	1	0	0	0	1
4122_sub5	0	1	1	0	0	0	1	0
4122_sub6	0	1	0	1	0	0	0	1
4122_sub7	0	1	1	0	0	0	1	0
4122_sub8	0	1	0	1	0	0	0	1
4129_sub0	1	6	4	2	4	2	0	0
4134_sub0	0	1	1	0	0	0	1	0
4134_sub1	0	1	0	1	0	0	0	1
4134_sub2	0	5	2	3	0	0	2	3
4134_sub3	0	1	0	1	0	0	0	1
4134_sub4	0	1	1	0	0	0	1	0
4136_sub0	0	4	1	3	0	0	1	3
4136_sub1	0	1	1	0	0	0	1	0
4136_sub2	0	1	1	0	0	0	1	0
4136_sub3	0	1	0	1	0	0	0	1
4136_sub4	0	1	1	0	0	0	1	0
4137_sub0	0	1	0	1	0	0	0	1
4137_sub1	0	1	1	0	0	0	1	0
4137_sub2	1	9	4	5	4	5	0	0
4137_sub3	0	1	1	0	0	0	1	0
414_sub0	0	1	0	1	0	0	0	1
414_sub1	0	1	0	1	0	0	0	1
414_sub2	0	5	2	3	0	0	2	3
4140_sub0	0	5	2	3	0	0	2	3
4140_sub1	0	1	0	1	0	0	0	1
4142_sub0	1	10	5	5	5	5	0	0
4142_sub1	0	1	0	1	0	0	0	1
4142_sub2	0	1	1	0	0	0	1	0
4142_sub3	0	1	0	1	0	0	0	1
4143_sub0	1	8	5	3	5	3	0	0
4143_sub1	0	1	0	1	0	0	0	1
415_sub0	0	1	0	1	0	0	0	1
415_sub1	1	12	7	5	7	5	0	0
415_sub2	0	1	0	1	0	0	0	1
4151_sub0	0	3	0	3	0	0	0	3
4151_sub1	0	1	0	1	0	0	0	1
4151_sub2	0	1	0	1	0	0	0	1
4151_sub3	0	1	0	1	0	0	0	1
4151_sub4	0	1	1	0	0	0	1	0
4157_sub0	0	1	1	0	0	0	1	0
4157_sub1	0	1	0	1	0	0	0	1
4157_sub2	0	1	1	0	0	0	1	0
4157_sub3	0	1	1	0	0	0	1	0
4157_sub4	0	1	1	0	0	0	1	0
4157_sub5	0	1	0	1	0	0	0	1
4157_sub6	0	1	1	0	0	0	1	0
4157_sub7	0	1	1	0	0	0	1	0
4157_sub8	0	1	1	0	0	0	1	0
4166_sub0	0	1	0	1	0	0	0	1
4166_sub1	0	1	1	0	0	0	1	0
4166_sub2	0	1	0	1	0	0	0	1
4166_sub3	0	1	1	0	0	0	1	0
4166_sub4	0	1	0	1	0	0	0	1
4166_sub5	0	2	1	1	0	0	1	1
4166_sub6	0	1	1	0	0	0	1	0
4166_sub7	0	1	0	1	0	0	0	1
4167_sub0	0	1	1	0	0	0	1	0
4167_sub1	0	1	1	0	0	0	1	0
4167_sub2	0	4	3	1	0	0	3	1
4167_sub3	0	1	1	0	0	0	1	0
4175_sub0	0	1	0	1	0	0	0	1
4175_sub1	0	4	3	1	0	0	3	1
4175_sub2	0	1	1	0	0	0	1	0
4175_sub3	0	1	1	0	0	0	1	0
4177_sub0	0	4	2	2	0	0	2	2
4177_sub1	0	2	1	1	0	0	1	1
4177_sub2	0	1	0	1	0	0	0	1
4177_sub3	0	1	0	1	0	0	0	1
4177_sub4	0	1	1	0	0	0	1	0
4180_sub0	1	8	6	2	6	2	0	0
4180_sub1	0	1	0	1	0	0	0	1
4180_sub2	0	1	0	1	0	0	0	1
4181_sub0	0	1	0	1	0	0	0	1
4181_sub1	0	1	0	1	0	0	0	1
4181_sub2	0	1	1	0	0	0	1	0
4181_sub3	0	1	0	1	0	0	0	1
4181_sub4	0	1	0	1	0	0	0	1
4181_sub5	0	1	1	0	0	0	1	0
4183_sub0	0	1	0	1	0	0	0	1
4183_sub1	0	1	0	1	0	0	0	1
4183_sub2	0	1	1	0	0	0	1	0
4183_sub3	0	1	1	0	0	0	1	0
4183_sub4	0	1	0	1	0	0	0	1
4183_sub5	0	1	0	1	0	0	0	1
4183_sub6	0	1	0	1	0	0	0	1
4186_sub0	0	1	0	1	0	0	0	1
4186_sub1	0	4	2	2	0	0	2	2
4186_sub2	0	1	1	0	0	0	1	0
4186_sub3	0	1	0	1	0	0	0	1
4187_sub0	0	1	1	0	0	0	1	0
4187_sub1	0	2	1	1	0	0	1	1
4187_sub2	0	1	0	1	0	0	0	1
4187_sub3	0	1	1	0	0	0	1	0
4187_sub4	0	1	0	1	0	0	0	1
4188_sub0	1	6	1	5	1	5	0	0
4190_sub0	1	10	4	6	4	6	0	0
4190_sub1	0	1	0	1	0	0	0	1
4190_sub2	0	1	1	0	0	0	1	0
4190_sub3	0	1	1	0	0	0	1	0
4190_sub4	0	1	0	1	0	0	0	1
4198_sub0	0	4	2	2	0	0	2	2
4198_sub1	0	1	1	0	0	0	1	0
4198_sub2	0	1	1	0	0	0	1	0
4198_sub3	0	1	1	0	0	0	1	0
42_sub0	0	1	1	0	0	0	1	0
42_sub1	0	1	1	0	0	0	1	0
42_sub2	1	6	6	0	6	0	0	0
4205_sub0	0	1	1	0	0	0	1	0
4205_sub1	1	6	3	3	3	3	0	0
4205_sub2	0	1	1	0	0	0	1	0
4205_sub3	0	1	1	0	0	0	1	0
4210_sub0	1	8	6	2	6	2	0	0
4210_sub1	0	1	1	0	0	0	1	0
4210_sub2	0	1	0	1	0	0	0	1
4210_sub3	0	1	1	0	0	0	1	0
4212_sub0	1	8	4	4	4	4	0	0
4212_sub1	0	1	1	0	0	0	1	0
4212_sub2	0	1	1	0	0	0	1	0
4212_sub3	0	1	0	1	0	0	0	1
4212_sub4	0	1	0	1	0	0	0	1
4214_sub0	0	5	3	2	0	0	3	2
4214_sub1	0	1	0	1	0	0	0	1
4218_sub0	0	1	0	1	0	0	0	1
4218_sub1	0	5	3	2	0	0	3	2
4218_sub2	0	1	0	1	0	0	0	1
4218_sub3	0	2	1	1	0	0	1	1
4220_sub0	0	1	0	1	0	0	0	1
4220_sub1	0	1	1	0	0	0	1	0
4220_sub2	1	6	2	4	2	4	0	0
4220_sub3	0	1	1	0	0	0	1	0
4230_sub0	0	5	2	3	0	0	2	3
4230_sub1	0	1	1	0	0	0	1	0
4231_sub0	1	6	4	2	4	2	0	0
4231_sub1	0	1	0	1	0	0	0	1
4231_sub2	0	1	1	0	0	0	1	0
4231_sub3	0	1	0	1	0	0	0	1
4234_sub0	1	12	5	7	5	7	0	0
4234_sub1	0	1	0	1	0	0	0	1
4234_sub2	0	1	0	1	0	0	0	1
4234_sub3	0	1	1	0	0	0	1	0
4234_sub4	0	1	1	0	0	0	1	0
4234_sub5	0	1	0	1	0	0	0	1
4234_sub6	0	1	0	1	0	0	0	1
424_sub0	0	1	0	1	0	0	0	1
424_sub1	0	1	1	0	0	0	1	0
424_sub2	1	6	0	6	0	6	0	0
424_sub3	0	1	0	1	0	0	0	1
424_sub4	0	1	0	1	0	0	0	1
4242_sub0	0	1	1	0	0	0	1	0
4242_sub1	1	7	4	3	4	3	0	0
4242_sub2	0	1	1	0	0	0	1	0
4242_sub3	0	1	0	1	0	0	0	1
4243_sub0	0	4	3	1	0	0	3	1
4243_sub1	0	1	0	1	0	0	0	1
4243_sub2	0	1	1	0	0	0	1	0
4247_sub0	0	1	1	0	0	0	1	0
4247_sub1	1	7	3	4	3	4	0	0
4247_sub2	0	1	1	0	0	0	1	0
425_sub0	0	1	1	0	0	0	1	0
425_sub1	0	4	3	1	0	0	3	1
425_sub2	0	1	0	1	0	0	0	1
4250_sub0	1	7	3	4	3	4	0	0
4250_sub1	0	1	0	1	0	0	0	1
4255_sub0	0	5	3	2	0	0	3	2
4255_sub1	0	1	1	0	0	0	1	0
4261_sub0	1	7	4	3	4	3	0	0
4261_sub1	0	1	0	1	0	0	0	1
4261_sub2	0	1	1	0	0	0	1	0
4271_sub0	0	5	0	5	0	0	0	5
4271_sub1	0	1	1	0	0	0	1	0
4271_sub2	0	1	1	0	0	0	1	0
4271_sub3	0	1	1	0	0	0	1	0
4271_sub4	0	1	1	0	0	0	1	0
4272_sub0	0	5	2	3	0	0	2	3
4272_sub1	0	1	1	0	0	0	1	0
4272_sub2	0	1	0	1	0	0	0	1
4274_sub0	1	10	7	3	7	3	0	0
4274_sub1	0	1	1	0	0	0	1	0
4277_sub0	1	6	2	4	2	4	0	0
4277_sub1	0	1	0	1	0	0	0	1
4281_sub0	1	6	6	0	6	0	0	0
4281_sub1	0	1	0	1	0	0	0	1
4285_sub0	1	10	7	3	7	3	0	0
4285_sub1	0	1	1	0	0	0	1	0
4285_sub2	0	1	0	1	0	0	0	1
4285_sub3	0	1	0	1	0	0	0	1
4287_sub0	1	6	3	3	3	3	0	0
4287_sub1	0	1	0	1	0	0	0	1
4290_sub0	1	12	7	5	7	5	0	0
4290_sub1	0	1	1	0	0	0	1	0
4290_sub2	0	1	0	1	0	0	0	1
4290_sub3	0	1	1	0	0	0	1	0
4290_sub4	0	1	1	0	0	0	1	0
4296_sub0	0	5	2	3	0	0	2	3
4296_sub1	0	1	1	0	0	0	1	0
4296_sub2	0	1	1	0	0	0	1	0
4296_sub3	0	1	0	1	0	0	0	1
4296_sub4	0	1	0	1	0	0	0	1
4296_sub5	0	1	0	1	0	0	0	1
4296_sub6	0	1	0	1	0	0	0	1
430_sub0	0	1	0	1	0	0	0	1
430_sub1	1	6	3	3	3	3	0	0
4307_sub0	1	9	6	3	6	3	0	0
4307_sub1	0	1	0	1	0	0	0	1
4307_sub2	0	1	0	1	0	0	0	1
4307_sub3	0	1	0	1	0	0	0	1
4309_sub0	0	5	4	1	0	0	4	1
4309_sub1	0	1	0	1	0	0	0	1
4315_sub0	1	6	6	0	6	0	0	0
4315_sub1	0	1	1	0	0	0	1	0
4319_sub0	1	7	4	3	4	3	0	0
4319_sub1	0	1	0	1	0	0	0	1
4319_sub2	0	1	1	0	0	0	1	0
4319_sub3	0	1	0	1	0	0	0	1
4322_sub0	1	8	5	3	5	3	0	0
4322_sub1	0	1	0	1	0	0	0	1
4322_sub2	0	1	0	1	0	0	0	1
4322_sub3	0	1	0	1	0	0	0	1
4337_sub0	0	5	1	4	0	0	1	4
4337_sub1	0	1	0	1	0	0	0	1
4338_sub0	1	7	3	4	3	4	0	0
4338_sub1	0	1	0	1	0	0	0	1
4340_sub0	0	1	1	0	0	0	1	0
4340_sub1	1	12	6	6	6	6	0	0
4340_sub2	0	1	0	1	0	0	0	1
4340_sub3	0	1	0	1	0	0	0	1
4340_sub4	0	1	0	1	0	0	0	1
4340_sub5	0	1	0	1	0	0	0	1
4348_sub0	0	1	0	1	0	0	0	1
4348_sub1	1	7	3	4	3	4	0	0
4348_sub2	0	1	1	0	0	0	1	0
4348_sub3	0	1	0	1	0	0	0	1
4350_sub0	0	1	1	0	0	0	1	0
4350_sub1	1	7	3	4	3	4	0	0
4352_sub0	0	1	1	0	0	0	1	0
4352_sub1	0	1	1	0	0	0	1	0
4352_sub2	0	3	2	1	0	0	2	1
4352_sub3	0	1	1	0	0	0	1	0
4358_sub0	1	12	5	7	5	7	0	0
4358_sub1	0	1	0	1	0	0	0	1
4367_sub0	1	12	8	4	8	4	0	0
4367_sub1	0	1	1	0	0	0	1	0
4367_sub2	0	1	0	1	0	0	0	1
4367_sub3	0	1	1	0	0	0	1	0
4369_sub0	1	6	6	0	6	0	0	0
4369_sub1	0	1	1	0	0	0	1	0
4376_sub0	1	8	6	2	6	2	0	0
4376_sub1	0	1	1	0	0	0	1	0
4376_sub2	0	1	0	1	0	0	0	1
438_sub0	0	1	0	1	0	0	0	1
438_sub1	0	1	1	0	0	0	1	0
438_sub2	0	1	1	0	0	0	1	0
438_sub3	0	4	4	0	0	0	4	0
438_sub4	0	1	1	0	0	0	1	0
4381_sub0	0	1	1	0	0	0	1	0
4381_sub1	0	5	2	3	0	0	2	3
4381_sub2	0	1	0	1	0	0	0	1
4381_sub3	0	1	0	1	0	0	0	1
4381_sub4	0	1	1	0	0	0	1	0
4382_sub0	1	7	4	3	4	3	0	0
4382_sub1	0	1	1	0	0	0	1	0
4382_sub2	0	1	1	0	0	0	1	0
4382_sub3	0	1	0	1	0	0	0	1
4382_sub4	0	1	0	1	0	0	0	1
4382_sub5	0	1	1	0	0	0	1	0
4387_sub0	0	1	0	1	0	0	0	1
4387_sub1	0	5	2	3	0	0	2	3
4387_sub2	0	1	1	0	0	0	1	0
439_sub0	0	1	0	1	0	0	0	1
439_sub1	1	9	6	3	6	3	0	0
439_sub2	0	1	1	0	0	0	1	0
439_sub3	0	1	1	0	0	0	1	0
439_sub4	0	1	1	0	0	0	1	0
439_sub5	0	1	0	1	0	0	0	1
439_sub6	0	1	0	1	0	0	0	1
439_sub7	0	1	1	0	0	0	1	0
439_sub8	0	1	0	1	0	0	0	1
439_sub9	0	1	0	1	0	0	0	1
439_sub10	0	1	1	0	0	0	1	0
439_sub11	0	1	0	1	0	0	0	1
439_sub12	0	1	0	1	0	0	0	1
439_sub13	0	1	1	0	0	0	1	0
4392_sub0	0	4	1	3	0	0	1	3
4392_sub1	0	1	0	1	0	0	0	1
4392_sub2	0	1	0	1	0	0	0	1
4395_sub0	1	8	3	5	3	5	0	0
4395_sub1	0	1	0	1	0	0	0	1
4395_sub2	0	1	1	0	0	0	1	0
4395_sub3	0	1	1	0	0	0	1	0
4395_sub4	0	1	0	1	0	0	0	1
4399_sub0	1	6	5	1	5	1	0	0
4401_sub0	0	1	0	1	0	0	0	1
4401_sub1	0	1	0	1	0	0	0	1
4401_sub2	0	1	1	0	0	0	1	0
4401_sub3	0	1	0	1	0	0	0	1
4401_sub4	0	1	0	1	0	0	0	1
4401_sub5	0	1	0	1	0	0	0	1
4401_sub6	0	1	0	1	0	0	0	1
4401_sub7	0	1	1	0	0	0	1	0
4411_sub0	0	1	1	0	0	0	1	0
4411_sub1	1	6	4	2	4	2	0	0
4411_sub2	0	1	0	1	0	0	0	1
4411_sub3	0	2	1	1	0	0	1	1
4411_sub4	0	1	1	0	0	0	1	0
4411_sub5	0	1	0	1	0	0	0	1
4413_sub0	0	5	3	2	0	0	3	2
4413_sub1	0	1	0	1	0	0	0	1
4419_sub0	0	1	1	0	0	0	1	0
4419_sub1	0	1	1	0	0	0	1	0
4419_sub2	0	1	1	0	0	0	1	0
4419_sub3	0	1	0	1	0	0	0	1
4419_sub4	0	1	1	0	0	0	1	0
4419_sub5	0	1	0	1	0	0	0	1
4422_sub0	0	1	0	1	0	0	0	1
4422_sub1	0	1	0	1	0	0	0	1
4422_sub2	0	1	0	1	0	0	0	1
4422_sub3	0	1	0	1	0	0	0	1
4422_sub4	0	1	1	0	0	0	1	0
4422_sub5	0	1	1	0	0	0	1	0
4429_sub0	1	7	4	3	4	3	0	0
4429_sub1	0	1	0	1	0	0	0	1
4432_sub0	0	4	2	2	0	0	2	2
4432_sub1	0	1	0	1	0	0	0	1
4432_sub2	0	1	1	0	0	0	1	0
4439_sub0	0	5	1	4	0	0	1	4
4439_sub1	0	1	0	1	0	0	0	1
4439_sub2	0	1	0	1	0	0	0	1
4440_sub0	1	7	4	3	4	3	0	0
4440_sub1	0	1	0	1	0	0	0	1
4440_sub2	0	1	1	0	0	0	1	0
4440_sub3	0	1	1	0	0	0	1	0
4442_sub0	0	1	0	1	0	0	0	1
4442_sub1	0	5	3	2	0	0	3	2
4445_sub0	1	7	5	2	5	2	0	0
4445_sub1	0	1	1	0	0	0	1	0
4445_sub2	0	1	1	0	0	0	1	0
4449_sub0	1	6	3	3	3	3	0	0
4449_sub1	0	1	0	1	0	0	0	1
4449_sub2	0	1	1	0	0	0	1	0
4449_sub3	0	1	0	1	0	0	0	1
4449_sub4	0	1	1	0	0	0	1	0
4449_sub5	0	1	0	1	0	0	0	1
445_sub0	0	1	1	0	0	0	1	0
445_sub1	0	1	0	1	0	0	0	1
445_sub2	0	3	1	2	0	0	1	2
445_sub3	0	1	1	0	0	0	1	0
445_sub4	0	1	1	0	0	0	1	0
4457_sub0	0	5	4	1	0	0	4	1
4457_sub1	0	1	1	0	0	0	1	0
4457_sub2	0	1	0	1	0	0	0	1
4457_sub3	0	1	1	0	0	0	1	0
4460_sub0	0	1	0	1	0	0	0	1
4460_sub1	0	1	0	1	0	0	0	1
4460_sub2	0	1	0	1	0	0	0	1
4460_sub3	0	1	1	0	0	0	1	0
4460_sub4	0	1	0	1	0	0	0	1
4460_sub5	0	1	1	0	0	0	1	0
4465_sub0	0	1	1	0	0	0	1	0
4465_sub1	0	1	0	1	0	0	0	1
4465_sub2	0	1	0	1	0	0	0	1
4465_sub3	0	1	0	1	0	0	0	1
4465_sub4	0	1	1	0	0	0	1	0
4465_sub5	0	1	0	1	0	0	0	1
4466_sub0	0	5	2	3	0	0	2	3
4466_sub1	0	1	0	1	0	0	0	1
4466_sub2	0	1	0	1	0	0	0	1
4466_sub3	0	1	1	0	0	0	1	0
447_sub0	0	1	1	0	0	0	1	0
447_sub1	1	10	8	2	8	2	0	0
448_sub0	0	1	0	1	0	0	0	1
448_sub1	0	5	3	2	0	0	3	2
448_sub2	0	1	0	1	0	0	0	1
4480_sub0	1	8	5	3	5	3	0	0
4480_sub1	0	1	1	0	0	0	1	0
4480_sub2	0	1	0	1	0	0	0	1
4480_sub3	0	1	0	1	0	0	0	1
4484_sub0	1	8	7	1	7	1	0	0
4491_sub0	1	6	2	4	2	4	0	0
4493_sub0	1	12	8	4	8	4	0	0
4493_sub1	0	1	1	0	0	0	1	0
4493_sub2	0	1	1	0	0	0	1	0
4494_sub0	1	7	4	3	4	3	0	0
4494_sub1	0	1	1	0	0	0	1	0
4494_sub2	0	1	1	0	0	0	1	0
4494_sub3	0	1	0	1	0	0	0	1
4494_sub4	0	1	0	1	0	0	0	1
4494_sub5	0	1	0	1	0	0	0	1
4499_sub0	1	9	3	6	3	6	0	0
4499_sub1	0	1	1	0	0	0	1	0
4499_sub2	0	1	0	1	0	0	0	1
4499_sub3	0	1	0	1	0	0	0	1
4499_sub4	0	1	0	1	0	0	0	1
4499_sub5	0	1	1	0	0	0	1	0
4499_sub6	0	1	1	0	0	0	1	0
4499_sub7	0	1	0	1	0	0	0	1
4499_sub8	0	1	0	1	0	0	0	1
4501_sub0	0	1	0	1	0	0	0	1
4501_sub1	0	5	3	2	0	0	3	2
4501_sub2	0	1	0	1	0	0	0	1
4501_sub3	0	1	1	0	0	0	1	0
4502_sub0	1	7	1	6	1	6	0	0
4502_sub1	0	1	1	0	0	0	1	0
4505_sub0	0	1	0	1	0	0	0	1
4505_sub1	1	6	3	3	3	3	0	0
4505_sub2	0	1	1	0	0	0	1	0
4514_sub0	1	8	2	6	2	6	0	0
4514_sub1	0	1	1	0	0	0	1	0
4514_sub2	0	1	0	1	0	0	0	1
4519_sub0	1	8	4	4	4	4	0	0
4519_sub1	0	1	1	0	0	0	1	0
4519_sub2	0	1	1	0	0	0	1	0
4519_sub3	0	1	0	1	0	0	0	1
4519_sub4	0	1	0	1	0	0	0	1
452_sub0	0	1	0	1	0	0	0	1
452_sub1	0	5	2	3	0	0	2	3
452_sub2	0	1	0	1	0	0	0	1
4522_sub0	1	6	4	2	4	2	0	0
4522_sub1	0	1	0	1	0	0	0	1
4522_sub2	0	1	0	1	0	0	0	1
4525_sub0	0	5	1	4	0	0	1	4
4525_sub1	0	1	0	1	0	0	0	1
4525_sub2	0	1	0	1	0	0	0	1
4527_sub0	1	6	2	4	2	4	0	0
4527_sub1	0	1	0	1	0	0	0	1
4527_sub2	0	1	1	0	0	0	1	0
4527_sub3	0	1	0	1	0	0	0	1
4539_sub0	0	3	1	2	0	0	1	2
4539_sub1	0	1	1	0	0	0	1	0
4539_sub2	0	1	0	1	0	0	0	1
4539_sub3	0	1	0	1	0	0	0	1
4541_sub0	1	6	2	4	2	4	0	0
4541_sub1	0	1	1	0	0	0	1	0
4543_sub0	1	14	5	9	5	9	0	0
4544_sub0	0	5	2	3	0	0	2	3
4544_sub1	0	1	1	0	0	0	1	0
4544_sub2	0	1	1	0	0	0	1	0
4544_sub3	0	1	1	0	0	0	1	0
4544_sub4	0	1	0	1	0	0	0	1
4544_sub5	0	1	0	1	0	0	0	1
455_sub0	0	1	0	1	0	0	0	1
455_sub1	0	5	3	2	0	0	3	2
455_sub2	0	1	1	0	0	0	1	0
455_sub3	0	1	0	1	0	0	0	1
455_sub4	0	1	0	1	0	0	0	1
455_sub5	0	1	0	1	0	0	0	1
4550_sub0	0	5	3	2	0	0	3	2
4550_sub1	0	1	0	1	0	0	0	1
4550_sub2	0	1	0	1	0	0	0	1
4550_sub3	0	1	0	1	0	0	0	1
4556_sub0	1	9	4	5	4	5	0	0
4556_sub1	0	1	1	0	0	0	1	0
4556_sub2	0	1	0	1	0	0	0	1
4556_sub3	0	1	0	1	0	0	0	1
4556_sub4	0	1	1	0	0	0	1	0
4561_sub0	1	6	3	3	3	3	0	0
4561_sub1	0	1	0	1	0	0	0	1
4569_sub0	1	8	4	4	4	4	0	0
4569_sub1	0	1	0	1	0	0	0	1
4569_sub2	0	1	0	1	0	0	0	1
4569_sub3	0	1	1	0	0	0	1	0
457_sub0	0	1	1	0	0	0	1	0
457_sub1	1	8	2	6	2	6	0	0
4574_sub0	0	1	0	1	0	0	0	1
4574_sub1	0	1	0	1	0	0	0	1
4574_sub2	0	1	0	1	0	0	0	1
4574_sub3	0	1	1	0	0	0	1	0
4574_sub4	0	1	1	0	0	0	1	0
4574_sub5	0	1	0	1	0	0	0	1
4579_sub0	1	10	6	4	6	4	0	0
4579_sub1	0	1	0	1	0	0	0	1
4581_sub0	0	1	1	0	0	0	1	0
4581_sub1	0	5	1	4	0	0	1	4
4581_sub2	0	1	1	0	0	0	1	0
4581_sub3	0	1	0	1	0	0	0	1
4585_sub0	0	4	1	3	0	0	1	3
4585_sub1	0	1	1	0	0	0	1	0
4585_sub2	0	1	1	0	0	0	1	0
4585_sub3	0	1	1	0	0	0	1	0
4586_sub0	0	4	2	2	0	0	2	2
4586_sub1	0	1	0	1	0	0	0	1
4586_sub2	0	1	0	1	0	0	0	1
4586_sub3	0	1	1	0	0	0	1	0
4588_sub0	0	1	1	0	0	0	1	0
4588_sub1	1	6	4	2	4	2	0	0
4597_sub0	1	7	4	3	4	3	0	0
4597_sub1	0	1	0	1	0	0	0	1
4602_sub0	0	3	0	3	0	0	0	3
4602_sub1	0	1	0	1	0	0	0	1
4602_sub2	0	1	1	0	0	0	1	0
4602_sub3	0	1	1	0	0	0	1	0
4604_sub0	0	3	0	3	0	0	0	3
4604_sub1	0	1	0	1	0	0	0	1
4604_sub2	0	3	2	1	0	0	2	1
4606_sub0	0	5	3	2	0	0	3	2
4606_sub1	0	1	0	1	0	0	0	1
4607_sub0	1	6	1	5	1	5	0	0
4607_sub1	0	1	0	1	0	0	0	1
4607_sub2	0	1	0	1	0	0	0	1
4607_sub3	0	1	1	0	0	0	1	0
4607_sub4	0	1	0	1	0	0	0	1
4607_sub5	0	1	0	1	0	0	0	1
4623_sub0	1	6	3	3	3	3	0	0
4623_sub1	0	1	1	0	0	0	1	0
4625_sub0	1	7	1	6	1	6	0	0
4625_sub1	0	1	0	1	0	0	0	1
4625_sub2	0	1	0	1	0	0	0	1
4625_sub3	0	1	1	0	0	0	1	0
4625_sub4	0	1	1	0	0	0	1	0
4629_sub0	0	4	0	4	0	0	0	4
4629_sub1	0	1	1	0	0	0	1	0
4629_sub2	0	1	0	1	0	0	0	1
4629_sub3	0	1	1	0	0	0	1	0
4629_sub4	0	1	0	1	0	0	0	1
4629_sub5	0	1	1	0	0	0	1	0
4629_sub6	0	1	1	0	0	0	1	0
4638_sub0	0	1	1	0	0	0	1	0
4638_sub1	0	1	1	0	0	0	1	0
4638_sub2	0	1	1	0	0	0	1	0
4638_sub3	0	1	0	1	0	0	0	1
4638_sub4	0	1	1	0	0	0	1	0
4638_sub5	0	1	1	0	0	0	1	0
4639_sub0	1	8	2	6	2	6	0	0
4640_sub0	1	11	6	5	6	5	0	0
4640_sub1	0	1	0	1	0	0	0	1
4644_sub0	0	1	0	1	0	0	0	1
4644_sub1	0	1	0	1	0	0	0	1
4644_sub2	0	1	0	1	0	0	0	1
4644_sub3	0	1	1	0	0	0	1	0
4644_sub4	0	1	1	0	0	0	1	0
4644_sub5	0	1	0	1	0	0	0	1
4644_sub6	0	1	0	1	0	0	0	1
4652_sub0	0	1	1	0	0	0	1	0
4652_sub1	0	3	2	1	0	0	2	1
4652_sub2	0	1	1	0	0	0	1	0
4652_sub3	0	1	1	0	0	0	1	0
4652_sub4	0	1	1	0	0	0	1	0
4654_sub0	1	8	3	5	3	5	0	0
4655_sub0	1	6	2	4	2	4	0	0
4655_sub1	0	1	0	1	0	0	0	1
4659_sub0	1	8	2	6	2	6	0	0
4660_sub0	1	6	1	5	1	5	0	0
468_sub0	0	1	0	1	0	0	0	1
468_sub1	1	8	5	3	5	3	0	0
4682_sub0	1	10	7	3	7	3	0	0
4682_sub1	0	1	0	1	0	0	0	1
4682_sub2	0	1	1	0	0	0	1	0
4682_sub3	0	1	0	1	0	0	0	1
4682_sub4	0	1	0	1	0	0	0	1
4686_sub0	0	1	1	0	0	0	1	0
4686_sub1	0	3	2	1	0	0	2	1
4686_sub2	0	1	1	0	0	0	1	0
4686_sub3	0	1	1	0	0	0	1	0
4686_sub4	0	1	0	1	0	0	0	1
469_sub0	0	1	1	0	0	0	1	0
469_sub1	0	1	0	1	0	0	0	1
469_sub2	0	1	0	1	0	0	0	1
469_sub3	0	1	0	1	0	0	0	1
469_sub4	0	1	0	1	0	0	0	1
469_sub5	0	2	0	2	0	0	0	2
469_sub6	0	1	0	1	0	0	0	1
4690_sub0	0	1	0	1	0	0	0	1
4690_sub1	1	11	4	7	4	7	0	0
4690_sub2	0	1	0	1	0	0	0	1
4690_sub3	0	1	1	0	0	0	1	0
4690_sub4	0	1	0	1	0	0	0	1
4691_sub0	0	5	3	2	0	0	3	2
4691_sub1	0	1	1	0	0	0	1	0
4691_sub2	0	1	0	1	0	0	0	1
4691_sub3	0	1	0	1	0	0	0	1
4695_sub0	0	4	1	3	0	0	1	3
4695_sub1	0	1	1	0	0	0	1	0
4695_sub2	0	1	1	0	0	0	1	0
47_sub0	0	1	0	1	0	0	0	1
47_sub1	1	6	3	3	3	3	0	0
47_sub2	0	1	0	1	0	0	0	1
470_sub0	0	1	1	0	0	0	1	0
470_sub1	1	6	4	2	4	2	0	0
4707_sub0	0	1	1	0	0	0	1	0
4707_sub1	0	1	0	1	0	0	0	1
4707_sub2	0	1	0	1	0	0	0	1
4707_sub3	0	2	1	1	0	0	1	1
4707_sub4	0	1	1	0	0	0	1	0
4707_sub5	0	1	1	0	0	0	1	0
471_sub0	0	1	0	1	0	0	0	1
471_sub1	0	5	3	2	0	0	3	2
472_sub0	0	1	0	1	0	0	0	1
472_sub1	0	1	0	1	0	0	0	1
472_sub2	0	1	1	0	0	0	1	0
472_sub3	0	3	3	0	0	0	3	0
472_sub4	0	1	0	1	0	0	0	1
4721_sub0	1	6	4	2	4	2	0	0
4721_sub1	0	1	1	0	0	0	1	0
4721_sub2	0	1	0	1	0	0	0	1
4722_sub0	1	8	3	5	3	5	0	0
4722_sub1	0	1	0	1	0	0	0	1
4729_sub0	1	8	4	4	4	4	0	0
4729_sub1	0	1	1	0	0	0	1	0
4729_sub2	0	1	0	1	0	0	0	1
4738_sub0	0	1	0	1	0	0	0	1
4738_sub1	0	3	2	1	0	0	2	1
4738_sub2	0	1	1	0	0	0	1	0
4738_sub3	0	1	0	1	0	0	0	1
4741_sub0	0	1	0	1	0	0	0	1
4741_sub1	0	3	3	0	0	0	3	0
4741_sub2	0	1	1	0	0	0	1	0
4741_sub3	0	1	1	0	0	0	1	0
4749_sub0	1	6	3	3	3	3	0	0
4749_sub1	0	1	0	1	0	0	0	1
4749_sub2	0	1	0	1	0	0	0	1
4749_sub3	0	1	1	0	0	0	1	0
4749_sub4	0	1	0	1	0	0	0	1
4754_sub0	1	6	5	1	5	1	0	0
4754_sub1	0	1	0	1	0	0	0	1
4754_sub2	0	1	0	1	0	0	0	1
4754_sub3	0	1	0	1	0	0	0	1
4754_sub4	0	1	1	0	0	0	1	0
4754_sub5	0	1	0	1	0	0	0	1
4754_sub6	0	1	1	0	0	0	1	0
4754_sub7	0	1	0	1	0	0	0	1
4754_sub8	0	1	0	1	0	0	0	1
4756_sub0	0	1	1	0	0	0	1	0
4756_sub1	0	5	3	2	0	0	3	2
4756_sub2	0	1	0	1	0	0	0	1
4756_sub3	0	1	0	1	0	0	0	1
4763_sub0	1	9	5	4	5	4	0	0
4763_sub1	0	1	0	1	0	0	0	1
4763_sub2	0	1	1	0	0	0	1	0
4770_sub0	0	5	5	0	0	0	5	0
4770_sub1	0	1	1	0	0	0	1	0
4770_sub2	0	1	1	0	0	0	1	0
4770_sub3	0	1	0	1	0	0	0	1
4772_sub0	1	9	5	4	5	4	0	0
4772_sub1	0	1	0	1	0	0	0	1
4793_sub0	0	5	4	1	0	0	4	1
4793_sub1	0	1	0	1	0	0	0	1
481_sub0	0	1	1	0	0	0	1	0
481_sub1	1	9	5	4	5	4	0	0
481_sub2	0	1	0	1	0	0	0	1
4810_sub0	1	10	6	4	6	4	0	0
4810_sub1	0	1	1	0	0	0	1	0
4810_sub2	0	1	0	1	0	0	0	1
4810_sub3	0	1	0	1	0	0	0	1
4810_sub4	0	1	0	1	0	0	0	1
4810_sub5	0	1	0	1	0	0	0	1
4810_sub6	0	1	0	1	0	0	0	1
4811_sub0	1	6	4	2	4	2	0	0
4811_sub1	0	1	1	0	0	0	1	0
4811_sub2	0	1	0	1	0	0	0	1
4811_sub3	0	1	0	1	0	0	0	1
4820_sub0	1	10	7	3	7	3	0	0
4820_sub1	0	1	0	1	0	0	0	1
4820_sub2	0	1	1	0	0	0	1	0
4820_sub3	0	1	0	1	0	0	0	1
4820_sub4	0	1	1	0	0	0	1	0
4821_sub0	1	8	5	3	5	3	0	0
4821_sub1	0	1	1	0	0	0	1	0
4821_sub2	0	1	0	1	0	0	0	1
4825_sub0	1	9	5	4	5	4	0	0
4825_sub1	0	1	0	1	0	0	0	1
4825_sub2	0	1	0	1	0	0	0	1
4825_sub3	0	1	1	0	0	0	1	0
4826_sub0	0	1	1	0	0	0	1	0
4826_sub1	0	4	1	3	0	0	1	3
4826_sub2	0	1	1	0	0	0	1	0
4826_sub3	0	1	1	0	0	0	1	0
4831_sub0	1	8	2	6	2	6	0	0
4832_sub0	1	6	2	4	2	4	0	0
4832_sub1	0	1	1	0	0	0	1	0
4832_sub2	0	1	0	1	0	0	0	1
4834_sub0	0	5	3	2	0	0	3	2
4834_sub1	0	1	0	1	0	0	0	1
4834_sub2	0	1	1	0	0	0	1	0
4834_sub3	0	1	1	0	0	0	1	0
4836_sub0	1	9	4	5	4	5	0	0
4836_sub1	0	1	0	1	0	0	0	1
4836_sub2	0	1	1	0	0	0	1	0
4836_sub3	0	1	1	0	0	0	1	0
4836_sub4	0	1	0	1	0	0	0	1
4836_sub5	0	1	1	0	0	0	1	0
4836_sub6	0	1	0	1	0	0	0	1
4836_sub7	0	1	0	1	0	0	0	1
4840_sub0	1	8	5	3	5	3	0	0
4840_sub1	0	1	0	1	0	0	0	1
4840_sub2	0	2	1	1	0	0	1	1
4840_sub3	0	1	1	0	0	0	1	0
4840_sub4	0	1	1	0	0	0	1	0
4840_sub5	0	1	0	1	0	0	0	1
4840_sub6	0	1	1	0	0	0	1	0
4856_sub0	1	6	5	1	5	1	0	0
4856_sub1	0	1	0	1	0	0	0	1
4856_sub2	0	1	0	1	0	0	0	1
4856_sub3	0	1	1	0	0	0	1	0
4862_sub0	1	6	3	3	3	3	0	0
4862_sub1	0	1	0	1	0	0	0	1
4862_sub2	0	1	0	1	0	0	0	1
4868_sub0	1	6	3	3	3	3	0	0
4868_sub1	0	1	1	0	0	0	1	0
4868_sub2	0	1	0	1	0	0	0	1
4876_sub0	0	1	1	0	0	0	1	0
4876_sub1	0	1	0	1	0	0	0	1
4876_sub2	0	1	1	0	0	0	1	0
4876_sub3	0	1	0	1	0	0	0	1
4876_sub4	0	1	0	1	0	0	0	1
4876_sub5	0	1	1	0	0	0	1	0
4876_sub6	0	1	1	0	0	0	1	0
4876_sub7	0	1	0	1	0	0	0	1
4880_sub0	1	7	4	3	4	3	0	0
4880_sub1	0	1	0	1	0	0	0	1
4880_sub2	0	1	0	1	0	0	0	1
4887_sub0	1	11	8	3	8	3	0	0
4887_sub1	0	1	0	1	0	0	0	1
4887_sub2	0	1	1	0	0	0	1	0
4890_sub0	1	6	3	3	3	3	0	0
4890_sub1	0	1	1	0	0	0	1	0
4890_sub2	0	1	0	1	0	0	0	1
4895_sub0	1	9	6	3	6	3	0	0
4895_sub1	0	1	1	0	0	0	1	0
4899_sub0	0	1	0	1	0	0	0	1
4899_sub1	0	5	3	2	0	0	3	2
49_sub0	0	1	0	1	0	0	0	1
49_sub1	1	7	4	3	4	3	0	0
490_sub0	1	8	2	6	2	6	0	0
490_sub1	0	1	0	1	0	0	0	1
490_sub2	0	1	0	1	0	0	0	1
490_sub3	0	1	0	1	0	0	0	1
490_sub4	0	1	1	0	0	0	1	0
490_sub5	0	1	0	1	0	0	0	1
490_sub6	0	1	1	0	0	0	1	0
4900_sub0	0	1	0	1	0	0	0	1
4900_sub1	0	1	0	1	0	0	0	1
4900_sub2	0	1	1	0	0	0	1	0
4900_sub3	1	6	1	5	1	5	0	0
4900_sub4	0	1	0	1	0	0	0	1
4909_sub0	1	7	6	1	6	1	0	0
4909_sub1	0	1	0	1	0	0	0	1
4909_sub2	0	1	1	0	0	0	1	0
4909_sub3	0	1	0	1	0	0	0	1
4921_sub0	1	8	5	3	5	3	0	0
4921_sub1	0	1	0	1	0	0	0	1
4921_sub2	0	1	1	0	0	0	1	0
493_sub0	0	4	2	2	0	0	2	2
493_sub1	0	1	1	0	0	0	1	0
493_sub2	0	1	1	0	0	0	1	0
4930_sub0	0	1	1	0	0	0	1	0
4930_sub1	0	1	1	0	0	0	1	0
4930_sub2	0	2	2	0	0	0	2	0
4930_sub3	0	1	0	1	0	0	0	1
4930_sub4	0	1	0	1	0	0	0	1
4930_sub5	0	1	1	0	0	0	1	0
4931_sub0	0	4	1	3	0	0	1	3
4931_sub1	0	1	0	1	0	0	0	1
4931_sub2	0	1	0	1	0	0	0	1
4934_sub0	1	6	4	2	4	2	0	0
4939_sub0	0	1	0	1	0	0	0	1
4939_sub1	0	1	1	0	0	0	1	0
4939_sub2	0	1	1	0	0	0	1	0
4939_sub3	0	1	0	1	0	0	0	1
4939_sub4	0	1	0	1	0	0	0	1
4939_sub5	0	1	0	1	0	0	0	1
4939_sub6	0	1	0	1	0	0	0	1
4944_sub0	0	5	4	1	0	0	4	1
4944_sub1	0	1	0	1	0	0	0	1
4944_sub2	0	1	1	0	0	0	1	0
4951_sub0	0	1	0	1	0	0	0	1
4951_sub1	0	3	3	0	0	0	3	0
4951_sub2	0	1	0	1	0	0	0	1
4951_sub3	0	1	0	1	0	0	0	1
4951_sub4	0	1	1	0	0	0	1	0
4951_sub5	0	1	0	1	0	0	0	1
4959_sub0	0	1	1	0	0	0	1	0
4959_sub1	0	1	1	0	0	0	1	0
4959_sub2	0	1	1	0	0	0	1	0
4959_sub3	0	1	0	1	0	0	0	1
4959_sub4	0	1	0	1	0	0	0	1
4959_sub5	0	1	0	1	0	0	0	1
4959_sub6	0	1	0	1	0	0	0	1
496_sub0	0	1	0	1	0	0	0	1
496_sub1	0	1	1	0	0	0	1	0
496_sub2	0	5	0	5	0	0	0	5
496_sub3	0	1	1	0	0	0	1	0
496_sub4	0	1	0	1	0	0	0	1
497_sub0	1	8	4	4	4	4	0	0
497_sub1	0	2	2	0	0	0	2	0
4975_sub0	0	5	3	2	0	0	3	2
4975_sub1	0	1	1	0	0	0	1	0
4975_sub2	0	1	0	1	0	0	0	1
498_sub0	0	1	1	0	0	0	1	0
498_sub1	0	1	0	1	0	0	0	1
498_sub2	1	6	5	1	5	1	0	0
4980_sub0	1	11	6	5	6	5	0	0
4980_sub1	0	1	1	0	0	0	1	0
4980_sub2	0	1	1	0	0	0	1	0
4980_sub3	0	1	0	1	0	0	0	1
4981_sub0	0	1	0	1	0	0	0	1
4981_sub1	1	10	6	4	6	4	0	0
4981_sub2	0	1	0	1	0	0	0	1
4981_sub3	0	1	0	1	0	0	0	1
4981_sub4	0	1	1	0	0	0	1	0
4981_sub5	0	1	0	1	0	0	0	1
4981_sub6	0	1	1	0	0	0	1	0
4981_sub7	0	1	1	0	0	0	1	0
4981_sub8	0	1	0	1	0	0	0	1
4982_sub0	0	5	3	2	0	0	3	2
4982_sub1	0	1	1	0	0	0	1	0
4982_sub2	0	1	1	0	0	0	1	0
4983_sub0	1	6	5	1	5	1	0	0
4983_sub1	0	1	0	1	0	0	0	1
4983_sub2	0	1	0	1	0	0	0	1
4990_sub0	0	1	1	0	0	0	1	0
4990_sub1	0	2	1	1	0	0	1	1
4990_sub2	0	1	1	0	0	0	1	0
4990_sub3	0	1	1	0	0	0	1	0
4990_sub4	0	1	1	0	0	0	1	0
4996_sub0	0	4	2	2	0	0	2	2
4996_sub1	0	1	0	1	0	0	0	1
4996_sub2	0	1	0	1	0	0	0	1
4996_sub3	0	1	0	1	0	0	0	1
5003_sub0	1	7	3	4	3	4	0	0
5003_sub1	0	1	0	1	0	0	0	1
5003_sub2	0	1	1	0	0	0	1	0
5003_sub3	0	1	1	0	0	0	1	0
5005_sub0	0	1	1	0	0	0	1	0
5005_sub1	0	1	0	1	0	0	0	1
5005_sub2	0	1	1	0	0	0	1	0
5005_sub3	0	1	1	0	0	0	1	0
5005_sub4	0	1	1	0	0	0	1	0
5005_sub5	0	1	1	0	0	0	1	0
5006_sub0	1	9	3	6	3	6	0	0
5006_sub1	0	1	1	0	0	0	1	0
5006_sub2	0	1	1	0	0	0	1	0
5006_sub3	0	1	0	1	0	0	0	1
5006_sub4	0	1	0	1	0	0	0	1
5006_sub5	0	1	0	1	0	0	0	1
502_sub0	1	8	4	4	4	4	0	0
502_sub1	0	1	1	0	0	0	1	0
5023_sub0	0	4	2	2	0	0	2	2
5023_sub1	0	1	1	0	0	0	1	0
5023_sub2	0	1	0	1	0	0	0	1
5023_sub3	0	1	0	1	0	0	0	1
5023_sub4	0	1	1	0	0	0	1	0
5024_sub0	0	1	1	0	0	0	1	0
5024_sub1	0	5	1	4	0	0	1	4
5024_sub2	0	1	0	1	0	0	0	1
503_sub0	1	15	10	5	10	5	0	0
503_sub1	0	1	1	0	0	0	1	0
503_sub2	0	1	0	1	0	0	0	1
503_sub3	0	1	1	0	0	0	1	0
5040_sub0	1	11	5	6	5	6	0	0
5040_sub1	0	1	1	0	0	0	1	0
5043_sub0	1	6	5	1	5	1	0	0
5043_sub1	0	1	0	1	0	0	0	1
5043_sub2	0	1	0	1	0	0	0	1
5043_sub3	0	1	0	1	0	0	0	1
5043_sub4	0	1	0	1	0	0	0	1
5046_sub0	1	7	4	3	4	3	0	0
5046_sub1	0	1	1	0	0	0	1	0
5046_sub2	0	1	0	1	0	0	0	1
5052_sub0	0	1	0	1	0	0	0	1
5052_sub1	0	1	1	0	0	0	1	0
5052_sub2	0	1	1	0	0	0	1	0
5052_sub3	0	2	1	1	0	0	1	1
5052_sub4	0	2	1	1	0	0	1	1
5055_sub0	0	5	1	4	0	0	1	4
5055_sub1	0	1	0	1	0	0	0	1
5055_sub2	0	1	1	0	0	0	1	0
5055_sub3	0	1	0	1	0	0	0	1
5055_sub4	0	1	0	1	0	0	0	1
5061_sub0	0	5	4	1	0	0	4	1
5061_sub1	0	1	0	1	0	0	0	1
5065_sub0	1	9	4	5	4	5	0	0
5065_sub1	0	1	0	1	0	0	0	1
5065_sub2	0	1	1	0	0	0	1	0
5067_sub0	0	4	1	3	0	0	1	3
5067_sub1	0	1	1	0	0	0	1	0
5067_sub2	0	1	1	0	0	0	1	0
5068_sub0	0	4	2	2	0	0	2	2
5068_sub1	0	1	1	0	0	0	1	0
5068_sub2	0	1	1	0	0	0	1	0
5068_sub3	0	1	1	0	0	0	1	0
5068_sub4	0	1	0	1	0	0	0	1
5083_sub0	1	10	6	4	6	4	0	0
5083_sub1	0	1	0	1	0	0	0	1
5083_sub2	0	1	0	1	0	0	0	1
5083_sub3	0	1	1	0	0	0	1	0
5083_sub4	0	1	0	1	0	0	0	1
5083_sub5	0	1	0	1	0	0	0	1
5083_sub6	0	1	1	0	0	0	1	0
5087_sub0	1	7	2	5	2	5	0	0
5087_sub1	0	1	1	0	0	0	1	0
5087_sub2	0	1	0	1	0	0	0	1
5087_sub3	0	1	0	1	0	0	0	1
5091_sub0	1	13	6	7	6	7	0	0
5091_sub1	0	1	1	0	0	0	1	0
5091_sub2	0	1	0	1	0	0	0	1
5091_sub3	0	1	1	0	0	0	1	0
5091_sub4	0	1	0	1	0	0	0	1
5096_sub0	1	7	3	4	3	4	0	0
5096_sub1	0	1	1	0	0	0	1	0
5099_sub0	0	1	1	0	0	0	1	0
5099_sub1	0	1	1	0	0	0	1	0
5099_sub2	0	1	0	1	0	0	0	1
5099_sub3	0	1	1	0	0	0	1	0
5099_sub4	0	2	1	1	0	0	1	1
5101_sub0	0	1	1	0	0	0	1	0
5101_sub1	0	1	0	1	0	0	0	1
5101_sub2	0	1	1	0	0	0	1	0
5101_sub3	0	1	0	1	0	0	0	1
5101_sub4	0	1	1	0	0	0	1	0
5101_sub5	0	1	1	0	0	0	1	0
5101_sub6	0	1	1	0	0	0	1	0
5105_sub0	1	9	6	3	6	3	0	0
5105_sub1	0	1	1	0	0	0	1	0
5105_sub2	0	1	0	1	0	0	0	1
5105_sub3	0	1	0	1	0	0	0	1
5105_sub4	0	1	0	1	0	0	0	1
5105_sub5	0	1	0	1	0	0	0	1
5109_sub0	1	7	5	2	5	2	0	0
5109_sub1	0	1	0	1	0	0	0	1
5109_sub2	0	1	1	0	0	0	1	0
5109_sub3	0	1	0	1	0	0	0	1
511_sub0	0	4	1	3	0	0	1	3
511_sub1	0	1	1	0	0	0	1	0
511_sub2	0	1	1	0	0	0	1	0
511_sub3	0	1	1	0	0	0	1	0
511_sub4	0	1	1	0	0	0	1	0
511_sub5	0	1	1	0	0	0	1	0
5114_sub0	0	1	0	1	0	0	0	1
5114_sub1	1	10	6	4	6	4	0	0
5114_sub2	0	1	0	1	0	0	0	1
5115_sub0	0	1	1	0	0	0	1	0
5115_sub1	0	1	1	0	0	0	1	0
5115_sub2	0	5	2	3	0	0	2	3
5115_sub3	0	1	0	1	0	0	0	1
5115_sub4	0	1	0	1	0	0	0	1
5116_sub0	1	6	5	1	5	1	0	0
5116_sub1	0	1	0	1	0	0	0	1
5122_sub0	0	1	1	0	0	0	1	0
5122_sub1	0	1	0	1	0	0	0	1
5122_sub2	0	1	0	1	0	0	0	1
5122_sub3	0	2	1	1	0	0	1	1
5122_sub4	0	1	0	1	0	0	0	1
5128_sub0	0	5	1	4	0	0	1	4
5128_sub1	0	1	0	1	0	0	0	1
5128_sub2	0	1	1	0	0	0	1	0
513_sub0	1	10	6	4	6	4	0	0
5132_sub0	0	1	1	0	0	0	1	0
5132_sub1	0	5	2	3	0	0	2	3
5132_sub2	0	1	1	0	0	0	1	0
5132_sub3	0	1	0	1	0	0	0	1
5132_sub4	0	1	0	1	0	0	0	1
5132_sub5	0	1	1	0	0	0	1	0
5144_sub0	0	1	1	0	0	0	1	0
5144_sub1	0	1	1	0	0	0	1	0
5144_sub2	0	1	0	1	0	0	0	1
5144_sub3	0	1	1	0	0	0	1	0
5144_sub4	0	1	1	0	0	0	1	0
5144_sub5	0	1	1	0	0	0	1	0
5145_sub0	0	1	1	0	0	0	1	0
5145_sub1	0	1	0	1	0	0	0	1
5145_sub2	0	1	0	1	0	0	0	1
5145_sub3	0	1	1	0	0	0	1	0
5145_sub4	0	1	0	1	0	0	0	1
5145_sub5	0	1	0	1	0	0	0	1
5146_sub0	1	7	5	2	5	2	0	0
5146_sub1	0	1	1	0	0	0	1	0
5146_sub2	0	1	1	0	0	0	1	0
5147_sub0	1	8	2	6	2	6	0	0
5147_sub1	0	1	0	1	0	0	0	1
5149_sub0	1	6	4	2	4	2	0	0
5149_sub1	0	1	1	0	0	0	1	0
5152_sub0	1	8	2	6	2	6	0	0
5152_sub1	0	1	0	1	0	0	0	1
5152_sub2	0	1	0	1	0	0	0	1
5155_sub0	0	1	0	1	0	0	0	1
5155_sub1	1	11	6	5	6	5	0	0
5155_sub2	0	1	1	0	0	0	1	0
5155_sub3	0	1	0	1	0	0	0	1
5155_sub4	0	1	1	0	0	0	1	0
5158_sub0	1	8	3	5	3	5	0	0
5158_sub1	0	1	1	0	0	0	1	0
5158_sub2	0	1	1	0	0	0	1	0
5160_sub0	1	8	6	2	6	2	0	0
5160_sub1	0	1	1	0	0	0	1	0
5160_sub2	0	1	1	0	0	0	1	0
5160_sub3	0	1	1	0	0	0	1	0
5160_sub4	0	1	1	0	0	0	1	0
5170_sub0	0	1	1	0	0	0	1	0
5170_sub1	0	1	1	0	0	0	1	0
5170_sub2	0	1	1	0	0	0	1	0
5170_sub3	0	1	1	0	0	0	1	0
5170_sub4	0	1	0	1	0	0	0	1
5170_sub5	0	1	1	0	0	0	1	0
5172_sub0	0	5	4	1	0	0	4	1
5172_sub1	0	1	0	1	0	0	0	1
5172_sub2	0	1	1	0	0	0	1	0
5172_sub3	0	1	1	0	0	0	1	0
5172_sub4	0	1	0	1	0	0	0	1
5185_sub0	0	5	4	1	0	0	4	1
5185_sub1	0	1	1	0	0	0	1	0
5185_sub2	0	1	0	1	0	0	0	1
5185_sub3	0	1	1	0	0	0	1	0
5185_sub4	0	1	1	0	0	0	1	0
5186_sub0	1	6	3	3	3	3	0	0
5187_sub0	0	1	0	1	0	0	0	1
5187_sub1	0	1	1	0	0	0	1	0
5187_sub2	0	1	0	1	0	0	0	1
5187_sub3	0	1	1	0	0	0	1	0
5187_sub4	0	1	1	0	0	0	1	0
5187_sub5	0	1	0	1	0	0	0	1
519_sub0	0	1	1	0	0	0	1	0
519_sub1	1	6	3	3	3	3	0	0
519_sub2	0	1	0	1	0	0	0	1
5191_sub0	0	1	0	1	0	0	0	1
5191_sub1	1	9	6	3	6	3	0	0
5199_sub0	1	6	4	2	4	2	0	0
5199_sub1	0	1	0	1	0	0	0	1
5199_sub2	0	1	1	0	0	0	1	0
5199_sub3	0	1	1	0	0	0	1	0
5200_sub0	0	1	0	1	0	0	0	1
5200_sub1	0	5	2	3	0	0	2	3
5205_sub0	0	5	1	4	0	0	1	4
5205_sub1	0	1	1	0	0	0	1	0
5205_sub2	0	1	0	1	0	0	0	1
5205_sub3	0	1	1	0	0	0	1	0
5208_sub0	0	1	1	0	0	0	1	0
5208_sub1	0	1	1	0	0	0	1	0
5208_sub2	1	8	2	6	2	6	0	0
5208_sub3	0	1	1	0	0	0	1	0
5214_sub0	1	11	6	5	6	5	0	0
5214_sub1	0	1	1	0	0	0	1	0
5214_sub2	0	1	0	1	0	0	0	1
5216_sub0	1	7	5	2	5	2	0	0
5216_sub1	0	1	1	0	0	0	1	0
5216_sub2	0	1	0	1	0	0	0	1
5219_sub0	1	7	4	3	4	3	0	0
5219_sub1	0	1	0	1	0	0	0	1
522_sub0	0	1	0	1	0	0	0	1
522_sub1	1	7	6	1	6	1	0	0
522_sub2	0	1	1	0	0	0	1	0
522_sub3	0	1	1	0	0	0	1	0
522_sub4	0	1	1	0	0	0	1	0
5226_sub0	0	3	2	1	0	0	2	1
5226_sub1	0	1	1	0	0	0	1	0
5226_sub2	0	1	1	0	0	0	1	0
5226_sub3	0	1	1	0	0	0	1	0
5227_sub0	1	8	5	3	5	3	0	0
5227_sub1	0	1	0	1	0	0	0	1
5227_sub2	0	1	0	1	0	0	0	1
5227_sub3	0	1	1	0	0	0	1	0
524_sub0	0	1	1	0	0	0	1	0
524_sub1	1	7	1	6	1	6	0	0
524_sub2	0	1	0	1	0	0	0	1
524_sub3	0	1	0	1	0	0	0	1
524_sub4	0	1	0	1	0	0	0	1
524_sub5	0	1	0	1	0	0	0	1
524_sub6	0	1	0	1	0	0	0	1
5240_sub0	0	4	3	1	0	0	3	1
5240_sub1	0	1	0	1	0	0	0	1
5240_sub2	0	1	1	0	0	0	1	0
5240_sub3	0	1	0	1	0	0	0	1
5247_sub0	0	1	0	1	0	0	0	1
5247_sub1	1	7	4	3	4	3	0	0
5247_sub2	0	1	1	0	0	0	1	0
5249_sub0	1	7	1	6	1	6	0	0
5249_sub1	0	1	1	0	0	0	1	0
5249_sub2	0	1	0	1	0	0	0	1
5249_sub3	0	1	1	0	0	0	1	0
5251_sub0	1	7	4	3	4	3	0	0
5251_sub1	0	1	1	0	0	0	1	0
5251_sub2	0	1	0	1	0	0	0	1
5262_sub0	1	14	7	7	7	7	0	0
5262_sub1	0	1	0	1	0	0	0	1
5262_sub2	0	1	1	0	0	0	1	0
5266_sub0	0	3	1	2	0	0	1	2
5266_sub1	0	1	1	0	0	0	1	0
5266_sub2	0	1	0	1	0	0	0	1
5266_sub3	0	1	0	1	0	0	0	1
5266_sub4	0	1	0	1	0	0	0	1
5266_sub5	0	1	0	1	0	0	0	1
5266_sub6	0	1	0	1	0	0	0	1
527_sub0	1	9	3	6	3	6	0	0
527_sub1	0	1	0	1	0	0	0	1
527_sub2	0	1	0	1	0	0	0	1
527_sub3	0	1	1	0	0	0	1	0
5273_sub0	0	1	1	0	0	0	1	0
5273_sub1	0	1	1	0	0	0	1	0
5273_sub2	0	2	1	1	0	0	1	1
5273_sub3	0	1	0	1	0	0	0	1
5273_sub4	0	1	1	0	0	0	1	0
5274_sub0	0	4	2	2	0	0	2	2
5274_sub1	0	1	1	0	0	0	1	0
5274_sub2	0	1	1	0	0	0	1	0
5275_sub0	1	6	4	2	4	2	0	0
5275_sub1	0	1	1	0	0	0	1	0
5277_sub0	1	13	9	4	9	4	0	0
5277_sub1	0	1	1	0	0	0	1	0
5290_sub0	0	4	1	3	0	0	1	3
5290_sub1	0	1	0	1	0	0	0	1
5290_sub2	0	1	0	1	0	0	0	1
5290_sub3	0	1	0	1	0	0	0	1
5290_sub4	0	1	1	0	0	0	1	0
5293_sub0	0	4	2	2	0	0	2	2
5293_sub1	0	1	0	1	0	0	0	1
5293_sub2	0	1	0	1	0	0	0	1
53_sub0	0	1	1	0	0	0	1	0
53_sub1	0	5	2	3	0	0	2	3
53_sub2	0	1	1	0	0	0	1	0
53_sub3	0	1	1	0	0	0	1	0
53_sub4	0	1	0	1	0	0	0	1
5309_sub0	0	5	1	4	0	0	1	4
5309_sub1	0	1	1	0	0	0	1	0
5309_sub2	0	1	1	0	0	0	1	0
5317_sub0	1	7	3	4	3	4	0	0
5319_sub0	1	8	5	3	5	3	0	0
532_sub0	0	1	0	1	0	0	0	1
532_sub1	0	1	0	1	0	0	0	1
532_sub2	1	12	4	8	4	8	0	0
532_sub3	0	1	0	1	0	0	0	1
532_sub4	0	1	0	1	0	0	0	1
533_sub0	1	13	6	7	6	7	0	0
533_sub1	0	1	1	0	0	0	1	0
533_sub2	0	1	0	1	0	0	0	1
5330_sub0	1	6	1	5	1	5	0	0
5330_sub1	0	1	0	1	0	0	0	1
5330_sub2	0	1	1	0	0	0	1	0
5330_sub3	0	1	1	0	0	0	1	0
5331_sub0	1	8	4	4	4	4	0	0
5331_sub1	0	1	1	0	0	0	1	0
5331_sub2	0	1	1	0	0	0	1	0
5331_sub3	0	1	1	0	0	0	1	0
5331_sub4	0	1	0	1	0	0	0	1
5331_sub5	0	1	1	0	0	0	1	0
5336_sub0	0	5	2	3	0	0	2	3
5336_sub1	0	1	0	1	0	0	0	1
534_sub0	1	10	3	7	3	7	0	0
5345_sub0	0	1	0	1	0	0	0	1
5345_sub1	0	1	0	1	0	0	0	1
5345_sub2	0	1	1	0	0	0	1	0
5345_sub3	0	1	0	1	0	0	0	1
5345_sub4	0	1	1	0	0	0	1	0
5345_sub5	0	1	0	1	0	0	0	1
5349_sub0	1	6	4	2	4	2	0	0
5349_sub1	0	1	0	1	0	0	0	1
5349_sub2	0	1	0	1	0	0	0	1
535_sub0	1	8	5	3	5	3	0	0
5351_sub0	1	6	2	4	2	4	0	0
5351_sub1	0	1	0	1	0	0	0	1
5351_sub2	0	1	0	1	0	0	0	1
5351_sub3	0	1	0	1	0	0	0	1
5354_sub0	0	4	2	2	0	0	2	2
5354_sub1	0	1	1	0	0	0	1	0
5354_sub2	0	1	0	1	0	0	0	1
5371_sub0	0	5	3	2	0	0	3	2
5371_sub1	0	1	1	0	0	0	1	0
5371_sub2	0	1	1	0	0	0	1	0
538_sub0	0	1	1	0	0	0	1	0
538_sub1	0	3	0	3	0	0	0	3
538_sub2	0	1	0	1	0	0	0	1
538_sub3	0	1	0	1	0	0	0	1
5381_sub0	1	7	4	3	4	3	0	0
5381_sub1	0	1	1	0	0	0	1	0
5382_sub0	1	9	5	4	5	4	0	0
5382_sub1	0	1	0	1	0	0	0	1
5390_sub0	1	11	2	9	2	9	0	0
5390_sub1	0	1	0	1	0	0	0	1
5390_sub2	0	1	0	1	0	0	0	1
5391_sub0	0	1	0	1	0	0	0	1
5391_sub1	0	1	0	1	0	0	0	1
5391_sub2	0	2	1	1	0	0	1	1
5391_sub3	0	1	1	0	0	0	1	0
5391_sub4	0	1	0	1	0	0	0	1
5397_sub0	0	5	3	2	0	0	3	2
5397_sub1	0	1	0	1	0	0	0	1
5398_sub0	1	11	8	3	8	3	0	0
5398_sub1	0	1	1	0	0	0	1	0
5398_sub2	0	1	1	0	0	0	1	0
540_sub0	0	1	0	1	0	0	0	1
540_sub1	0	4	3	1	0	0	3	1
540_sub2	0	1	0	1	0	0	0	1
540_sub3	0	1	0	1	0	0	0	1
540_sub4	0	1	0	1	0	0	0	1
540_sub5	0	1	0	1	0	0	0	1
5400_sub0	0	4	2	2	0	0	2	2
5400_sub1	0	1	1	0	0	0	1	0
5400_sub2	0	1	1	0	0	0	1	0
5400_sub3	0	1	0	1	0	0	0	1
5400_sub4	0	1	0	1	0	0	0	1
5402_sub0	0	2	1	1	0	0	1	1
5402_sub1	0	1	1	0	0	0	1	0
5402_sub2	0	1	1	0	0	0	1	0
5402_sub3	0	1	1	0	0	0	1	0
5402_sub4	0	1	0	1	0	0	0	1
5403_sub0	1	8	3	5	3	5	0	0
5403_sub1	0	1	1	0	0	0	1	0
5403_sub2	0	1	0	1	0	0	0	1
5403_sub3	0	1	0	1	0	0	0	1
5403_sub4	0	1	1	0	0	0	1	0
5403_sub5	0	1	1	0	0	0	1	0
5408_sub0	0	2	0	2	0	0	0	2
5408_sub1	0	1	1	0	0	0	1	0
5408_sub2	0	1	1	0	0	0	1	0
5408_sub3	0	1	0	1	0	0	0	1
5408_sub4	0	1	1	0	0	0	1	0
5408_sub5	0	1	0	1	0	0	0	1
5409_sub0	1	8	6	2	6	2	0	0
5409_sub1	0	1	1	0	0	0	1	0
5410_sub0	0	4	4	0	0	0	4	0
5410_sub1	0	1	1	0	0	0	1	0
5410_sub2	0	1	0	1	0	0	0	1
5410_sub3	0	1	0	1	0	0	0	1
5413_sub0	0	1	1	0	0	0	1	0
5413_sub1	0	5	2	3	0	0	2	3
5413_sub2	0	1	1	0	0	0	1	0
5413_sub3	0	1	0	1	0	0	0	1
5413_sub4	0	1	0	1	0	0	0	1
5414_sub0	1	14	6	8	6	8	0	0
5414_sub1	0	1	1	0	0	0	1	0
5414_sub2	0	1	1	0	0	0	1	0
5414_sub3	0	1	0	1	0	0	0	1
5414_sub4	0	1	0	1	0	0	0	1
5414_sub5	0	1	1	0	0	0	1	0
5414_sub6	0	1	1	0	0	0	1	0
5414_sub7	0	1	0	1	0	0	0	1
5418_sub0	0	1	0	1	0	0	0	1
5418_sub1	0	1	0	1	0	0	0	1
5418_sub2	0	1	1	0	0	0	1	0
5418_sub3	0	4	1	3	0	0	1	3
5418_sub4	0	1	0	1	0	0	0	1
5418_sub5	0	1	1	0	0	0	1	0
5424_sub0	0	5	2	3	0	0	2	3
5424_sub1	0	1	0	1	0	0	0	1
5427_sub0	1	6	3	3	3	3	0	0
5427_sub1	0	1	1	0	0	0	1	0
5427_sub2	0	1	1	0	0	0	1	0
5427_sub3	0	1	1	0	0	0	1	0
5427_sub4	0	1	0	1	0	0	0	1
5427_sub5	0	1	0	1	0	0	0	1
5433_sub0	0	1	0	1	0	0	0	1
5433_sub1	0	1	0	1	0	0	0	1
5433_sub2	0	3	2	1	0	0	2	1
5433_sub3	0	1	0	1	0	0	0	1
5438_sub0	0	5	5	0	0	0	5	0
5438_sub1	0	1	0	1	0	0	0	1
5438_sub2	0	1	1	0	0	0	1	0
5441_sub0	1	7	3	4	3	4	0	0
5441_sub1	0	1	0	1	0	0	0	1
5441_sub2	0	1	0	1	0	0	0	1
5441_sub3	0	1	0	1	0	0	0	1
5443_sub0	0	4	1	3	0	0	1	3
5443_sub1	0	1	1	0	0	0	1	0
5443_sub2	0	1	1	0	0	0	1	0
5443_sub3	0	1	0	1	0	0	0	1
5444_sub0	0	1	1	0	0	0	1	0
5444_sub1	0	1	1	0	0	0	1	0
5444_sub2	0	1	0	1	0	0	0	1
5444_sub3	0	1	1	0	0	0	1	0
5444_sub4	0	1	0	1	0	0	0	1
5444_sub5	0	1	0	1	0	0	0	1
545_sub0	1	13	6	7	6	7	0	0
545_sub1	0	1	1	0	0	0	1	0
545_sub2	0	1	0	1	0	0	0	1
546_sub0	0	1	0	1	0	0	0	1
546_sub1	0	1	0	1	0	0	0	1
546_sub2	0	3	1	2	0	0	1	2
546_sub3	0	1	1	0	0	0	1	0
5460_sub0	1	7	3	4	3	4	0	0
5460_sub1	0	1	0	1	0	0	0	1
5460_sub2	0	1	1	0	0	0	1	0
5469_sub0	1	8	6	2	6	2	0	0
5469_sub1	0	1	0	1	0	0	0	1
5469_sub2	0	1	0	1	0	0	0	1
5469_sub3	0	1	0	1	0	0	0	1
5472_sub0	1	7	3	4	3	4	0	0
5472_sub1	0	1	0	1	0	0	0	1
5472_sub2	0	1	1	0	0	0	1	0
5477_sub0	0	5	4	1	0	0	4	1
5477_sub1	0	1	0	1	0	0	0	1
5477_sub2	0	1	1	0	0	0	1	0
5481_sub0	1	6	2	4	2	4	0	0
5481_sub1	0	1	0	1	0	0	0	1
5481_sub2	0	1	1	0	0	0	1	0
5481_sub3	0	1	1	0	0	0	1	0
5488_sub0	0	1	1	0	0	0	1	0
5488_sub1	0	4	1	3	0	0	1	3
5488_sub2	0	1	1	0	0	0	1	0
549_sub0	1	9	6	3	6	3	0	0
549_sub1	0	1	0	1	0	0	0	1
5490_sub0	1	6	1	5	1	5	0	0
5490_sub1	0	1	0	1	0	0	0	1
5494_sub0	0	1	0	1	0	0	0	1
5494_sub1	0	5	1	4	0	0	1	4
5494_sub2	0	1	1	0	0	0	1	0
5501_sub0	0	5	4	1	0	0	4	1
5501_sub1	0	1	1	0	0	0	1	0
5501_sub2	0	1	1	0	0	0	1	0
5501_sub3	0	1	1	0	0	0	1	0
5509_sub0	0	5	1	4	0	0	1	4
5509_sub1	0	1	0	1	0	0	0	1
5514_sub0	0	4	3	1	0	0	3	1
5514_sub1	0	1	1	0	0	0	1	0
5514_sub2	0	1	1	0	0	0	1	0
5519_sub0	0	1	0	1	0	0	0	1
5519_sub1	0	5	1	4	0	0	1	4
552_sub0	0	1	0	1	0	0	0	1
552_sub1	0	1	1	0	0	0	1	0
552_sub2	0	1	1	0	0	0	1	0
552_sub3	1	10	2	8	2	8	0	0
5520_sub0	1	9	5	4	5	4	0	0
5520_sub1	0	1	1	0	0	0	1	0
5520_sub2	0	1	1	0	0	0	1	0
5520_sub3	0	1	0	1	0	0	0	1
5521_sub0	1	6	1	5	1	5	0	0
5521_sub1	0	1	0	1	0	0	0	1
5521_sub2	0	1	1	0	0	0	1	0
5521_sub3	0	1	1	0	0	0	1	0
5528_sub0	0	1	1	0	0	0	1	0
5528_sub1	0	1	1	0	0	0	1	0
5528_sub2	0	1	1	0	0	0	1	0
5528_sub3	0	1	0	1	0	0	0	1
5528_sub4	0	1	0	1	0	0	0	1
5528_sub5	0	1	1	0	0	0	1	0
5528_sub6	0	1	1	0	0	0	1	0
5528_sub7	0	1	0	1	0	0	0	1
553_sub0	1	9	1	8	1	8	0	0
553_sub1	0	1	1	0	0	0	1	0
5558_sub0	1	8	4	4	4	4	0	0
556_sub0	1	7	3	4	3	4	0	0
556_sub1	0	1	0	1	0	0	0	1
556_sub2	0	1	0	1	0	0	0	1
5566_sub0	1	8	4	4	4	4	0	0
5569_sub0	0	1	0	1	0	0	0	1
5569_sub1	0	1	0	1	0	0	0	1
5569_sub2	0	1	0	1	0	0	0	1
5569_sub3	0	1	0	1	0	0	0	1
5569_sub4	0	1	0	1	0	0	0	1
5569_sub5	0	1	0	1	0	0	0	1
5575_sub0	0	1	0	1	0	0	0	1
5575_sub1	1	6	4	2	4	2	0	0
5575_sub2	0	1	1	0	0	0	1	0
5579_sub0	0	5	4	1	0	0	4	1
5579_sub1	0	1	0	1	0	0	0	1
5579_sub2	0	1	0	1	0	0	0	1
5587_sub0	1	7	1	6	1	6	0	0
5587_sub1	0	1	0	1	0	0	0	1
5601_sub0	0	5	2	3	0	0	2	3
5601_sub1	0	1	0	1	0	0	0	1
5614_sub0	1	6	4	2	4	2	0	0
5614_sub1	0	1	1	0	0	0	1	0
5614_sub2	0	1	1	0	0	0	1	0
5618_sub0	0	4	3	1	0	0	3	1
5618_sub1	0	1	0	1	0	0	0	1
5618_sub2	0	1	0	1	0	0	0	1
5624_sub0	1	11	6	5	6	5	0	0
5632_sub0	0	1	1	0	0	0	1	0
5632_sub1	0	4	1	3	0	0	1	3
5632_sub2	0	1	1	0	0	0	1	0
5635_sub0	1	10	5	5	5	5	0	0
5635_sub1	0	1	1	0	0	0	1	0
5635_sub2	0	1	1	0	0	0	1	0
5635_sub3	0	1	1	0	0	0	1	0
5635_sub4	0	1	1	0	0	0	1	0
5637_sub0	0	1	1	0	0	0	1	0
5637_sub1	0	4	1	3	0	0	1	3
5637_sub2	0	1	1	0	0	0	1	0
564_sub0	1	8	5	3	5	3	0	0
564_sub1	0	1	1	0	0	0	1	0
564_sub2	0	1	0	1	0	0	0	1
564_sub3	0	1	1	0	0	0	1	0
5648_sub0	0	1	1	0	0	0	1	0
5648_sub1	0	1	1	0	0	0	1	0
5648_sub2	0	1	0	1	0	0	0	1
5648_sub3	0	1	0	1	0	0	0	1
5648_sub4	0	1	1	0	0	0	1	0
5648_sub5	0	1	0	1	0	0	0	1
5648_sub6	0	1	1	0	0	0	1	0
565_sub0	0	5	2	3	0	0	2	3
565_sub1	0	1	1	0	0	0	1	0
5670_sub0	1	8	3	5	3	5	0	0
5670_sub1	0	1	1	0	0	0	1	0
5676_sub0	1	7	2	5	2	5	0	0
5677_sub0	1	8	3	5	3	5	0	0
5689_sub0	0	1	1	0	0	0	1	0
5689_sub1	0	1	0	1	0	0	0	1
5689_sub2	0	1	1	0	0	0	1	0
5689_sub3	0	1	1	0	0	0	1	0
5689_sub4	0	1	0	1	0	0	0	1
5689_sub5	0	1	0	1	0	0	0	1
5690_sub0	0	1	1	0	0	0	1	0
5690_sub1	1	8	3	5	3	5	0	0
5690_sub2	0	1	1	0	0	0	1	0
57_sub0	0	1	1	0	0	0	1	0
57_sub1	0	3	2	1	0	0	2	1
57_sub2	0	1	0	1	0	0	0	1
57_sub3	0	1	1	0	0	0	1	0
5701_sub0	0	1	1	0	0	0	1	0
5701_sub1	0	4	2	2	0	0	2	2
5701_sub2	0	1	0	1	0	0	0	1
5702_sub0	1	6	6	0	6	0	0	0
5702_sub1	0	1	1	0	0	0	1	0
5703_sub0	0	5	2	3	0	0	2	3
5703_sub1	0	1	1	0	0	0	1	0
5717_sub0	0	1	1	0	0	0	1	0
5717_sub1	0	1	0	1	0	0	0	1
5717_sub2	0	1	0	1	0	0	0	1
5717_sub3	0	1	0	1	0	0	0	1
5717_sub4	0	1	0	1	0	0	0	1
5717_sub5	0	1	0	1	0	0	0	1
5719_sub0	0	1	0	1	0	0	0	1
5719_sub1	0	1	0	1	0	0	0	1
5719_sub2	0	1	0	1	0	0	0	1
5719_sub3	0	1	0	1	0	0	0	1
5719_sub4	0	1	1	0	0	0	1	0
5719_sub5	0	1	1	0	0	0	1	0
5720_sub0	0	1	0	1	0	0	0	1
5720_sub1	0	3	1	2	0	0	1	2
5720_sub2	0	1	1	0	0	0	1	0
5720_sub3	0	2	2	0	0	0	2	0
5720_sub4	0	1	1	0	0	0	1	0
5720_sub5	0	1	0	1	0	0	0	1
5727_sub0	1	7	3	4	3	4	0	0
5727_sub1	0	1	0	1	0	0	0	1
5727_sub2	0	1	0	1	0	0	0	1
5732_sub0	1	8	5	3	5	3	0	0
5732_sub1	0	1	1	0	0	0	1	0
5732_sub2	0	1	1	0	0	0	1	0
5735_sub0	0	1	0	1	0	0	0	1
5735_sub1	0	1	1	0	0	0	1	0
5735_sub2	0	1	1	0	0	0	1	0
5735_sub3	0	1	1	0	0	0	1	0
5735_sub4	0	1	1	0	0	0	1	0
5735_sub5	0	1	1	0	0	0	1	0
5745_sub0	1	6	2	4	2	4	0	0
5746_sub0	0	5	3	2	0	0	3	2
5746_sub1	0	1	1	0	0	0	1	0
5746_sub2	0	1	1	0	0	0	1	0
5746_sub3	0	1	0	1	0	0	0	1
5754_sub0	0	1	1	0	0	0	1	0
5754_sub1	0	1	1	0	0	0	1	0
5754_sub2	0	3	1	2	0	0	1	2
5754_sub3	0	1	1	0	0	0	1	0
5763_sub0	0	1	0	1	0	0	0	1
5763_sub1	1	6	4	2	4	2	0	0
5773_sub0	0	5	1	4	0	0	1	4
5773_sub1	0	1	0	1	0	0	0	1
5773_sub2	0	1	0	1	0	0	0	1
5773_sub3	0	1	0	1	0	0	0	1
5773_sub4	0	1	0	1	0	0	0	1
5775_sub0	0	1	1	0	0	0	1	0
5775_sub1	0	1	1	0	0	0	1	0
5775_sub2	0	1	0	1	0	0	0	1
5775_sub3	0	1	0	1	0	0	0	1
5775_sub4	0	1	0	1	0	0	0	1
5775_sub5	0	1	1	0	0	0	1	0
5778_sub0	1	6	3	3	3	3	0	0
5778_sub1	0	1	1	0	0	0	1	0
5785_sub0	0	1	1	0	0	0	1	0
5785_sub1	0	5	1	4	0	0	1	4
5785_sub2	0	1	0	1	0	0	0	1
5785_sub3	0	1	1	0	0	0	1	0
5797_sub0	1	7	4	3	4	3	0	0
5797_sub1	0	1	1	0	0	0	1	0
5797_sub2	0	1	0	1	0	0	0	1
5797_sub3	0	1	1	0	0	0	1	0
5797_sub4	0	1	0	1	0	0	0	1
58_sub0	0	1	0	1	0	0	0	1
58_sub1	0	4	3	1	0	0	3	1
58_sub2	0	1	1	0	0	0	1	0
58_sub3	0	1	0	1	0	0	0	1
58_sub4	0	1	1	0	0	0	1	0
5801_sub0	1	7	5	2	5	2	0	0
5803_sub0	0	1	1	0	0	0	1	0
5803_sub1	0	2	1	1	0	0	1	1
5803_sub2	0	1	1	0	0	0	1	0
5803_sub3	0	1	1	0	0	0	1	0
5803_sub4	0	1	1	0	0	0	1	0
5804_sub0	1	9	4	5	4	5	0	0
5804_sub1	0	1	1	0	0	0	1	0
5804_sub2	0	1	1	0	0	0	1	0
5804_sub3	0	1	1	0	0	0	1	0
5810_sub0	0	1	0	1	0	0	0	1
5810_sub1	0	1	1	0	0	0	1	0
5810_sub2	0	1	1	0	0	0	1	0
5810_sub3	0	1	0	1	0	0	0	1
5810_sub4	0	1	0	1	0	0	0	1
5810_sub5	0	1	1	0	0	0	1	0
5814_sub0	0	1	1	0	0	0	1	0
5814_sub1	0	2	1	1	0	0	1	1
5814_sub2	0	1	0	1	0	0	0	1
5814_sub3	0	3	2	1	0	0	2	1
582_sub0	0	1	0	1	0	0	0	1
582_sub1	0	5	2	3	0	0	2	3
582_sub2	0	1	1	0	0	0	1	0
582_sub3	0	1	1	0	0	0	1	0
5826_sub0	1	6	2	4	2	4	0	0
5826_sub1	0	1	0	1	0	0	0	1
5831_sub0	1	8	3	5	3	5	0	0
5831_sub1	0	1	0	1	0	0	0	1
5831_sub2	0	1	0	1	0	0	0	1
5833_sub0	1	13	4	9	4	9	0	0
5838_sub0	0	3	2	1	0	0	2	1
5838_sub1	0	1	0	1	0	0	0	1
5838_sub2	0	1	1	0	0	0	1	0
5838_sub3	0	1	1	0	0	0	1	0
5838_sub4	0	1	1	0	0	0	1	0
5838_sub5	0	1	1	0	0	0	1	0
5843_sub0	1	7	4	3	4	3	0	0
5843_sub1	0	1	0	1	0	0	0	1
5843_sub2	0	1	0	1	0	0	0	1
5843_sub3	0	1	0	1	0	0	0	1
5852_sub0	1	10	4	6	4	6	0	0
5852_sub1	0	1	0	1	0	0	0	1
5852_sub2	0	1	1	0	0	0	1	0
5852_sub3	0	1	0	1	0	0	0	1
5852_sub4	0	1	0	1	0	0	0	1
5852_sub5	0	1	1	0	0	0	1	0
5853_sub0	0	1	0	1	0	0	0	1
5853_sub1	0	4	0	4	0	0	0	4
5853_sub2	0	1	0	1	0	0	0	1
586_sub0	0	5	0	5	0	0	0	5
586_sub1	0	1	1	0	0	0	1	0
586_sub2	0	1	1	0	0	0	1	0
5861_sub0	1	8	5	3	5	3	0	0
5861_sub1	0	1	0	1	0	0	0	1
5862_sub0	1	9	5	4	5	4	0	0
5862_sub1	0	1	0	1	0	0	0	1
5862_sub2	0	1	0	1	0	0	0	1
5863_sub0	0	1	0	1	0	0	0	1
5863_sub1	0	4	2	2	0	0	2	2
5863_sub2	0	1	0	1	0	0	0	1
5864_sub0	0	5	2	3	0	0	2	3
5864_sub1	0	1	0	1	0	0	0	1
5864_sub2	0	1	1	0	0	0	1	0
5873_sub0	1	6	3	3	3	3	0	0
5873_sub1	0	1	0	1	0	0	0	1
5874_sub0	1	8	2	6	2	6	0	0
5874_sub1	0	1	0	1	0	0	0	1
589_sub0	1	8	3	5	3	5	0	0
589_sub1	0	1	0	1	0	0	0	1
589_sub2	0	1	1	0	0	0	1	0
590_sub0	1	8	6	2	6	2	0	0
590_sub1	0	1	0	1	0	0	0	1
5901_sub0	0	1	0	1	0	0	0	1
5901_sub1	0	5	2	3	0	0	2	3
5901_sub2	0	1	1	0	0	0	1	0
5905_sub0	1	6	5	1	5	1	0	0
5905_sub1	0	1	0	1	0	0	0	1
591_sub0	0	1	0	1	0	0	0	1
591_sub1	0	2	2	0	0	0	2	0
591_sub2	0	1	1	0	0	0	1	0
591_sub3	0	1	1	0	0	0	1	0
591_sub4	0	1	0	1	0	0	0	1
5924_sub0	1	6	3	3	3	3	0	0
5924_sub1	0	1	1	0	0	0	1	0
5924_sub2	0	1	1	0	0	0	1	0
593_sub0	0	4	2	2	0	0	2	2
593_sub1	0	1	0	1	0	0	0	1
593_sub2	0	1	0	1	0	0	0	1
5935_sub0	0	1	0	1	0	0	0	1
5935_sub1	0	1	0	1	0	0	0	1
5935_sub2	0	1	0	1	0	0	0	1
5935_sub3	0	1	0	1	0	0	0	1
5935_sub4	0	1	1	0	0	0	1	0
5935_sub5	0	1	1	0	0	0	1	0
5945_sub0	0	3	1	2	0	0	1	2
5945_sub1	0	1	1	0	0	0	1	0
5945_sub2	0	1	0	1	0	0	0	1
5945_sub3	0	1	0	1	0	0	0	1
5945_sub4	0	1	1	0	0	0	1	0
595_sub0	1	14	3	11	3	11	0	0
595_sub1	0	1	0	1	0	0	0	1
595_sub2	0	1	0	1	0	0	0	1
595_sub3	0	1	1	0	0	0	1	0
595_sub4	0	1	1	0	0	0	1	0
595_sub5	0	1	0	1	0	0	0	1
5952_sub0	1	7	4	3	4	3	0	0
5952_sub1	0	1	0	1	0	0	0	1
5954_sub0	1	6	4	2	4	2	0	0
5954_sub1	0	1	1	0	0	0	1	0
5955_sub0	1	7	2	5	2	5	0	0
5955_sub1	0	1	1	0	0	0	1	0
5966_sub0	1	6	2	4	2	4	0	0
5966_sub1	0	1	0	1	0	0	0	1
5969_sub0	0	5	5	0	0	0	5	0
5969_sub1	0	1	0	1	0	0	0	1
5969_sub2	0	1	0	1	0	0	0	1
5969_sub3	0	1	1	0	0	0	1	0
597_sub0	0	1	1	0	0	0	1	0
597_sub1	0	3	1	2	0	0	1	2
597_sub2	0	1	1	0	0	0	1	0
597_sub3	0	1	1	0	0	0	1	0
5972_sub0	0	1	1	0	0	0	1	0
5972_sub1	0	1	0	1	0	0	0	1
5972_sub2	0	1	0	1	0	0	0	1
5972_sub3	0	1	0	1	0	0	0	1
5972_sub4	0	1	0	1	0	0	0	1
5972_sub5	0	1	0	1	0	0	0	1
5972_sub6	0	1	1	0	0	0	1	0
5973_sub0	0	1	1	0	0	0	1	0
5973_sub1	1	10	5	5	5	5	0	0
5973_sub2	0	1	0	1	0	0	0	1
5978_sub0	1	7	5	2	5	2	0	0
5980_sub0	1	7	3	4	3	4	0	0
5980_sub1	0	1	0	1	0	0	0	1
5980_sub2	0	1	1	0	0	0	1	0
5980_sub3	0	1	0	1	0	0	0	1
5987_sub0	1	7	5	2	5	2	0	0
5987_sub1	0	1	0	1	0	0	0	1
5991_sub0	1	10	6	4	6	4	0	0
5991_sub1	0	1	1	0	0	0	1	0
5991_sub2	0	1	0	1	0	0	0	1
5991_sub3	0	1	0	1	0	0	0	1
5992_sub0	1	6	3	3	3	3	0	0
5992_sub1	0	1	0	1	0	0	0	1
6001_sub0	1	9	6	3	6	3	0	0
6001_sub1	0	1	1	0	0	0	1	0
6001_sub2	0	1	0	1	0	0	0	1
6003_sub0	1	9	5	4	5	4	0	0
6003_sub1	0	1	0	1	0	0	0	1
6007_sub0	1	10	3	7	3	7	0	0
6007_sub1	0	1	0	1	0	0	0	1
6007_sub2	0	1	0	1	0	0	0	1
6015_sub0	0	4	2	2	0	0	2	2
6015_sub1	0	1	1	0	0	0	1	0
6015_sub2	0	1	0	1	0	0	0	1
6015_sub3	0	1	1	0	0	0	1	0
6015_sub4	0	1	0	1	0	0	0	1
6020_sub0	0	4	3	1	0	0	3	1
6020_sub1	0	1	1	0	0	0	1	0
6020_sub2	0	1	1	0	0	0	1	0
6039_sub0	1	10	6	4	6	4	0	0
6039_sub1	0	1	1	0	0	0	1	0
6039_sub2	0	1	1	0	0	0	1	0
6039_sub3	0	1	0	1	0	0	0	1
604_sub0	1	8	6	2	6	2	0	0
604_sub1	0	1	0	1	0	0	0	1
6043_sub0	0	2	1	1	0	0	1	1
6043_sub1	0	1	1	0	0	0	1	0
6043_sub2	0	1	1	0	0	0	1	0
6043_sub3	0	1	0	1	0	0	0	1
6043_sub4	0	1	1	0	0	0	1	0
6044_sub0	1	8	5	3	5	3	0	0
6044_sub1	0	1	0	1	0	0	0	1
6044_sub2	0	1	0	1	0	0	0	1
6058_sub0	0	5	3	2	0	0	3	2
6058_sub1	0	1	1	0	0	0	1	0
606_sub0	0	2	0	2	0	0	0	2
606_sub1	0	1	1	0	0	0	1	0
606_sub2	0	1	0	1	0	0	0	1
606_sub3	0	1	0	1	0	0	0	1
606_sub4	0	1	0	1	0	0	0	1
6063_sub0	0	1	1	0	0	0	1	0
6063_sub1	0	1	0	1	0	0	0	1
6063_sub2	0	1	1	0	0	0	1	0
6063_sub3	0	1	0	1	0	0	0	1
6063_sub4	0	1	0	1	0	0	0	1
6063_sub5	0	1	0	1	0	0	0	1
6073_sub0	0	4	1	3	0	0	1	3
6073_sub1	0	1	0	1	0	0	0	1
6073_sub2	0	1	0	1	0	0	0	1
6073_sub3	0	1	0	1	0	0	0	1
6079_sub0	0	1	0	1	0	0	0	1
6079_sub1	0	4	2	2	0	0	2	2
6079_sub2	0	1	0	1	0	0	0	1
6091_sub0	1	9	2	7	2	7	0	0
6091_sub1	0	1	0	1	0	0	0	1
6091_sub2	0	1	1	0	0	0	1	0
6096_sub0	1	6	3	3	3	3	0	0
6096_sub1	0	1	0	1	0	0	0	1
6114_sub0	1	7	3	4	3	4	0	0
6114_sub1	0	1	1	0	0	0	1	0
6116_sub0	1	7	3	4	3	4	0	0
6116_sub1	0	1	1	0	0	0	1	0
6117_sub0	1	9	5	4	5	4	0	0
6117_sub1	0	1	1	0	0	0	1	0
6123_sub0	0	1	0	1	0	0	0	1
6123_sub1	0	1	0	1	0	0	0	1
6123_sub2	0	1	0	1	0	0	0	1
6123_sub3	0	1	0	1	0	0	0	1
6123_sub4	0	1	1	0	0	0	1	0
6123_sub5	0	1	0	1	0	0	0	1
6125_sub0	1	6	3	3	3	3	0	0
6125_sub1	0	1	0	1	0	0	0	1
6125_sub2	0	1	0	1	0	0	0	1
6126_sub0	0	5	4	1	0	0	4	1
6126_sub1	0	1	0	1	0	0	0	1
6126_sub2	0	1	0	1	0	0	0	1
6127_sub0	0	5	3	2	0	0	3	2
6127_sub1	0	1	1	0	0	0	1	0
613_sub0	0	1	0	1	0	0	0	1
613_sub1	1	10	4	6	4	6	0	0
613_sub2	0	1	0	1	0	0	0	1
613_sub3	0	1	1	0	0	0	1	0
613_sub4	0	1	0	1	0	0	0	1
6133_sub0	1	12	7	5	7	5	0	0
6133_sub1	0	1	1	0	0	0	1	0
6139_sub0	0	1	1	0	0	0	1	0
6139_sub1	0	1	1	0	0	0	1	0
6139_sub2	0	1	0	1	0	0	0	1
6139_sub3	0	1	1	0	0	0	1	0
6139_sub4	0	1	1	0	0	0	1	0
6139_sub5	0	1	0	1	0	0	0	1
6145_sub0	0	5	3	2	0	0	3	2
6145_sub1	0	1	1	0	0	0	1	0
6152_sub0	0	5	2	3	0	0	2	3
6152_sub1	0	1	0	1	0	0	0	1
6152_sub2	0	1	1	0	0	0	1	0
6152_sub3	0	1	1	0	0	0	1	0
6152_sub4	0	1	0	1	0	0	0	1
6152_sub5	0	1	0	1	0	0	0	1
6155_sub0	1	8	1	7	1	7	0	0
6155_sub1	0	1	0	1	0	0	0	1
6156_sub0	0	1	1	0	0	0	1	0
6156_sub1	0	1	1	0	0	0	1	0
6156_sub2	0	4	2	2	0	0	2	2
6165_sub0	0	1	0	1	0	0	0	1
6165_sub1	1	6	3	3	3	3	0	0
6165_sub2	0	1	0	1	0	0	0	1
6165_sub3	0	1	1	0	0	0	1	0
6165_sub4	0	1	1	0	0	0	1	0
6172_sub0	0	4	3	1	0	0	3	1
6172_sub1	0	1	1	0	0	0	1	0
6172_sub2	0	1	0	1	0	0	0	1
6174_sub0	0	1	0	1	0	0	0	1
6174_sub1	1	8	5	3	5	3	0	0
6174_sub2	0	1	1	0	0	0	1	0
6174_sub3	0	1	0	1	0	0	0	1
6174_sub4	0	1	1	0	0	0	1	0
6174_sub5	0	1	0	1	0	0	0	1
6174_sub6	0	1	0	1	0	0	0	1
6177_sub0	0	5	3	2	0	0	3	2
6177_sub1	0	1	1	0	0	0	1	0
6177_sub2	0	1	0	1	0	0	0	1
6177_sub3	0	1	0	1	0	0	0	1
6179_sub0	0	1	0	1	0	0	0	1
6179_sub1	0	4	2	2	0	0	2	2
6179_sub2	0	1	0	1	0	0	0	1
6180_sub0	0	1	1	0	0	0	1	0
6180_sub1	0	1	1	0	0	0	1	0
6180_sub2	0	1	0	1	0	0	0	1
6180_sub3	0	1	0	1	0	0	0	1
6180_sub4	0	1	1	0	0	0	1	0
6180_sub5	0	1	0	1	0	0	0	1
6182_sub0	0	1	1	0	0	0	1	0
6182_sub1	1	7	1	6	1	6	0	0
6182_sub2	0	1	1	0	0	0	1	0
6201_sub0	1	10	5	5	5	5	0	0
6201_sub1	0	1	0	1	0	0	0	1
6201_sub2	0	1	1	0	0	0	1	0
6201_sub3	0	1	1	0	0	0	1	0
6201_sub4	0	1	1	0	0	0	1	0
6202_sub0	0	1	0	1	0	0	0	1
6202_sub1	0	1	0	1	0	0	0	1
6202_sub2	0	1	1	0	0	0	1	0
6202_sub3	0	1	1	0	0	0	1	0
6202_sub4	0	1	0	1	0	0	0	1
6202_sub5	0	1	0	1	0	0	0	1
6204_sub0	1	8	5	3	5	3	0	0
6204_sub1	0	1	1	0	0	0	1	0
6215_sub0	1	6	5	1	5	1	0	0
6215_sub1	0	1	1	0	0	0	1	0
6215_sub2	0	1	0	1	0	0	0	1
6221_sub0	0	5	1	4	0	0	1	4
6221_sub1	0	1	0	1	0	0	0	1
6224_sub0	0	4	1	3	0	0	1	3
6224_sub1	0	1	1	0	0	0	1	0
6224_sub2	0	1	1	0	0	0	1	0
6252_sub0	1	7	4	3	4	3	0	0
6252_sub1	0	1	0	1	0	0	0	1
6269_sub0	1	6	4	2	4	2	0	0
6272_sub0	1	7	4	3	4	3	0	0
6272_sub1	0	1	1	0	0	0	1	0
6272_sub2	0	1	1	0	0	0	1	0
6280_sub0	1	6	3	3	3	3	0	0
6280_sub1	0	1	0	1	0	0	0	1
6282_sub0	0	1	1	0	0	0	1	0
6282_sub1	0	1	0	1	0	0	0	1
6282_sub2	0	1	1	0	0	0	1	0
6282_sub3	1	11	8	3	8	3	0	0
6282_sub4	0	1	0	1	0	0	0	1
6292_sub0	1	6	4	2	4	2	0	0
6292_sub1	0	1	1	0	0	0	1	0
63_sub0	0	1	0	1	0	0	0	1
63_sub1	1	6	5	1	5	1	0	0
63_sub2	0	1	1	0	0	0	1	0
63_sub3	0	1	1	0	0	0	1	0
630_sub0	1	6	2	4	2	4	0	0
630_sub1	0	1	0	1	0	0	0	1
6304_sub0	1	8	2	6	2	6	0	0
6309_sub0	0	1	1	0	0	0	1	0
6309_sub1	0	1	0	1	0	0	0	1
6309_sub2	0	1	0	1	0	0	0	1
6309_sub3	0	1	1	0	0	0	1	0
6309_sub4	0	1	1	0	0	0	1	0
6309_sub5	0	1	0	1	0	0	0	1
6309_sub6	0	1	0	1	0	0	0	1
6311_sub0	0	1	0	1	0	0	0	1
6311_sub1	0	1	1	0	0	0	1	0
6311_sub2	0	1	0	1	0	0	0	1
6311_sub3	0	1	0	1	0	0	0	1
6311_sub4	0	1	1	0	0	0	1	0
6311_sub5	0	1	0	1	0	0	0	1
6311_sub6	0	1	1	0	0	0	1	0
6315_sub0	0	1	0	1	0	0	0	1
6315_sub1	0	1	0	1	0	0	0	1
6315_sub2	0	1	1	0	0	0	1	0
6315_sub3	0	4	0	4	0	0	0	4
6320_sub0	1	6	3	3	3	3	0	0
6320_sub1	0	1	1	0	0	0	1	0
6320_sub2	0	1	1	0	0	0	1	0
6320_sub3	0	1	1	0	0	0	1	0
6320_sub4	0	1	1	0	0	0	1	0
6323_sub0	1	6	3	3	3	3	0	0
6323_sub1	0	1	1	0	0	0	1	0
6325_sub0	0	5	3	2	0	0	3	2
6325_sub1	0	1	0	1	0	0	0	1
6325_sub2	0	1	0	1	0	0	0	1
6325_sub3	0	1	1	0	0	0	1	0
6337_sub0	1	7	3	4	3	4	0	0
6337_sub1	0	1	0	1	0	0	0	1
6342_sub0	1	6	3	3	3	3	0	0
6342_sub1	0	1	0	1	0	0	0	1
6342_sub2	0	1	1	0	0	0	1	0
6352_sub0	1	6	2	4	2	4	0	0
6352_sub1	0	1	0	1	0	0	0	1
6354_sub0	0	1	1	0	0	0	1	0
6354_sub1	0	1	0	1	0	0	0	1
6354_sub2	0	1	0	1	0	0	0	1
6354_sub3	0	1	0	1	0	0	0	1
6354_sub4	0	1	1	0	0	0	1	0
6354_sub5	0	1	0	1	0	0	0	1
6356_sub0	1	8	3	5	3	5	0	0
6356_sub1	0	1	0	1	0	0	0	1
6356_sub2	0	1	0	1	0	0	0	1
6369_sub0	0	1	1	0	0	0	1	0
6369_sub1	0	1	0	1	0	0	0	1
6369_sub2	0	1	1	0	0	0	1	0
6369_sub3	0	1	1	0	0	0	1	0
6369_sub4	0	1	1	0	0	0	1	0
6369_sub5	0	1	0	1	0	0	0	1
637_sub0	0	1	1	0	0	0	1	0
637_sub1	1	7	6	1	6	1	0	0
637_sub2	0	1	0	1	0	0	0	1
6374_sub0	0	1	1	0	0	0	1	0
6374_sub1	0	1	1	0	0	0	1	0
6374_sub2	0	1	1	0	0	0	1	0
6374_sub3	0	1	1	0	0	0	1	0
6374_sub4	0	1	1	0	0	0	1	0
6374_sub5	0	1	1	0	0	0	1	0
6374_sub6	0	1	0	1	0	0	0	1
6374_sub7	0	1	0	1	0	0	0	1
6390_sub0	0	1	0	1	0	0	0	1
6390_sub1	0	1	0	1	0	0	0	1
6390_sub2	0	1	1	0	0	0	1	0
6390_sub3	0	1	1	0	0	0	1	0
6390_sub4	0	1	1	0	0	0	1	0
6390_sub5	0	1	0	1	0	0	0	1
6406_sub0	0	4	3	1	0	0	3	1
6406_sub1	0	1	1	0	0	0	1	0
6406_sub2	0	1	0	1	0	0	0	1
6406_sub3	0	1	0	1	0	0	0	1
6413_sub0	0	1	0	1	0	0	0	1
6413_sub1	1	11	3	8	3	8	0	0
6413_sub2	0	1	0	1	0	0	0	1
6414_sub0	0	4	2	2	0	0	2	2
6414_sub1	0	1	1	0	0	0	1	0
6414_sub2	0	1	1	0	0	0	1	0
6426_sub0	1	6	4	2	4	2	0	0
6426_sub1	0	1	1	0	0	0	1	0
6426_sub2	0	1	1	0	0	0	1	0
6426_sub3	0	1	0	1	0	0	0	1
6428_sub0	1	10	7	3	7	3	0	0
6428_sub1	0	1	1	0	0	0	1	0
6428_sub2	0	1	0	1	0	0	0	1
6428_sub3	0	1	0	1	0	0	0	1
6428_sub4	0	1	1	0	0	0	1	0
6430_sub0	0	1	0	1	0	0	0	1
6430_sub1	0	4	2	2	0	0	2	2
6430_sub2	0	1	0	1	0	0	0	1
6438_sub0	1	12	8	4	8	4	0	0
6438_sub1	0	1	0	1	0	0	0	1
6438_sub2	0	1	1	0	0	0	1	0
6449_sub0	1	11	5	6	5	6	0	0
6449_sub1	0	1	1	0	0	0	1	0
645_sub0	1	10	3	7	3	7	0	0
645_sub1	0	1	0	1	0	0	0	1
645_sub2	0	1	1	0	0	0	1	0
645_sub3	0	1	0	1	0	0	0	1
6450_sub0	1	6	2	4	2	4	0	0
6450_sub1	0	1	1	0	0	0	1	0
6450_sub2	0	1	1	0	0	0	1	0
6456_sub0	0	1	0	1	0	0	0	1
6456_sub1	0	1	1	0	0	0	1	0
6456_sub2	0	1	1	0	0	0	1	0
6456_sub3	0	1	1	0	0	0	1	0
6456_sub4	0	1	1	0	0	0	1	0
6456_sub5	0	1	0	1	0	0	0	1
6457_sub0	0	1	1	0	0	0	1	0
6457_sub1	0	1	0	1	0	0	0	1
6457_sub2	0	1	1	0	0	0	1	0
6457_sub3	0	1	1	0	0	0	1	0
6457_sub4	0	1	0	1	0	0	0	1
6457_sub5	0	1	1	0	0	0	1	0
6457_sub6	0	1	1	0	0	0	1	0
6462_sub0	0	4	2	2	0	0	2	2
6462_sub1	0	1	0	1	0	0	0	1
6462_sub2	0	1	0	1	0	0	0	1
6475_sub0	0	5	1	4	0	0	1	4
6475_sub1	0	1	1	0	0	0	1	0
6475_sub2	0	1	1	0	0	0	1	0
649_sub0	1	10	3	7	3	7	0	0
649_sub1	0	1	0	1	0	0	0	1
649_sub2	0	1	0	1	0	0	0	1
649_sub3	0	1	0	1	0	0	0	1
6498_sub0	0	1	1	0	0	0	1	0
6498_sub1	1	6	3	3	3	3	0	0
6501_sub0	1	7	4	3	4	3	0	0
6509_sub0	1	6	2	4	2	4	0	0
6509_sub1	0	1	1	0	0	0	1	0
6509_sub2	0	1	0	1	0	0	0	1
6530_sub0	0	2	1	1	0	0	1	1
6530_sub1	0	1	1	0	0	0	1	0
6530_sub2	0	1	0	1	0	0	0	1
6530_sub3	0	1	0	1	0	0	0	1
6530_sub4	0	1	1	0	0	0	1	0
6531_sub0	0	1	1	0	0	0	1	0
6531_sub1	1	6	3	3	3	3	0	0
6531_sub2	0	1	0	1	0	0	0	1
6544_sub0	0	4	3	1	0	0	3	1
6544_sub1	0	1	1	0	0	0	1	0
6544_sub2	0	1	1	0	0	0	1	0
6555_sub0	1	7	3	4	3	4	0	0
6557_sub0	1	7	3	4	3	4	0	0
6557_sub1	0	1	0	1	0	0	0	1
6566_sub0	1	6	1	5	1	5	0	0
6566_sub1	0	1	1	0	0	0	1	0
6566_sub2	0	1	0	1	0	0	0	1
6566_sub3	0	1	0	1	0	0	0	1
6567_sub0	0	1	0	1	0	0	0	1
6567_sub1	0	1	1	0	0	0	1	0
6567_sub2	0	4	2	2	0	0	2	2
6567_sub3	0	1	1	0	0	0	1	0
6567_sub4	0	1	1	0	0	0	1	0
6575_sub0	0	5	2	3	0	0	2	3
6575_sub1	0	1	0	1	0	0	0	1
6584_sub0	0	1	1	0	0	0	1	0
6584_sub1	0	1	1	0	0	0	1	0
6584_sub2	0	1	1	0	0	0	1	0
6584_sub3	0	1	0	1	0	0	0	1
6584_sub4	0	1	0	1	0	0	0	1
6584_sub5	0	1	0	1	0	0	0	1
6585_sub0	1	7	2	5	2	5	0	0
6585_sub1	0	1	0	1	0	0	0	1
6592_sub0	0	1	0	1	0	0	0	1
6592_sub1	0	1	1	0	0	0	1	0
6592_sub2	1	11	3	8	3	8	0	0
660_sub0	1	9	2	7	2	7	0	0
660_sub1	0	1	1	0	0	0	1	0
6606_sub0	1	6	4	2	4	2	0	0
6606_sub1	0	1	1	0	0	0	1	0
6606_sub2	0	1	0	1	0	0	0	1
6606_sub3	0	1	0	1	0	0	0	1
6614_sub0	0	5	3	2	0	0	3	2
6614_sub1	0	1	1	0	0	0	1	0
6614_sub2	0	1	1	0	0	0	1	0
6614_sub3	0	1	1	0	0	0	1	0
6614_sub4	0	1	1	0	0	0	1	0
6616_sub0	0	1	0	1	0	0	0	1
6616_sub1	0	1	0	1	0	0	0	1
6616_sub2	0	1	1	0	0	0	1	0
6616_sub3	0	1	0	1	0	0	0	1
6616_sub4	0	1	0	1	0	0	0	1
6616_sub5	0	1	0	1	0	0	0	1
6622_sub0	0	1	1	0	0	0	1	0
6622_sub1	0	1	0	1	0	0	0	1
6622_sub2	0	1	0	1	0	0	0	1
6622_sub3	0	1	0	1	0	0	0	1
6622_sub4	0	1	1	0	0	0	1	0
6622_sub5	0	1	1	0	0	0	1	0
6622_sub6	0	1	1	0	0	0	1	0
664_sub0	0	5	3	2	0	0	3	2
664_sub1	0	1	0	1	0	0	0	1
664_sub2	0	1	1	0	0	0	1	0
664_sub3	0	1	0	1	0	0	0	1
665_sub0	0	1	1	0	0	0	1	0
665_sub1	0	1	1	0	0	0	1	0
665_sub2	0	4	1	3	0	0	1	3
6658_sub0	1	7	2	5	2	5	0	0
6658_sub1	0	1	1	0	0	0	1	0
6661_sub0	0	1	1	0	0	0	1	0
6661_sub1	0	5	2	3	0	0	2	3
6661_sub2	0	1	1	0	0	0	1	0
6661_sub3	0	1	1	0	0	0	1	0
6661_sub4	0	1	1	0	0	0	1	0
6661_sub5	0	1	1	0	0	0	1	0
6661_sub6	0	1	1	0	0	0	1	0
6666_sub0	0	4	2	2	0	0	2	2
6666_sub1	0	2	1	1	0	0	1	1
6666_sub2	0	1	0	1	0	0	0	1
6685_sub0	0	5	3	2	0	0	3	2
6685_sub1	0	1	0	1	0	0	0	1
6685_sub2	0	1	0	1	0	0	0	1
6688_sub0	1	8	5	3	5	3	0	0
6688_sub1	0	1	1	0	0	0	1	0
6694_sub0	0	4	2	2	0	0	2	2
6694_sub1	0	1	1	0	0	0	1	0
6694_sub2	0	1	0	1	0	0	0	1
6697_sub0	1	8	3	5	3	5	0	0
6697_sub1	0	1	0	1	0	0	0	1
6697_sub2	0	1	1	0	0	0	1	0
6697_sub3	0	1	0	1	0	0	0	1
6699_sub0	0	2	1	1	0	0	1	1
6699_sub1	0	1	1	0	0	0	1	0
6699_sub2	0	1	1	0	0	0	1	0
6699_sub3	0	1	0	1	0	0	0	1
6699_sub4	0	1	1	0	0	0	1	0
6704_sub0	1	9	4	5	4	5	0	0
6704_sub1	0	1	1	0	0	0	1	0
6704_sub2	0	1	1	0	0	0	1	0
672_sub0	1	6	2	4	2	4	0	0
672_sub1	0	1	1	0	0	0	1	0
6720_sub0	1	7	1	6	1	6	0	0
6720_sub1	0	1	0	1	0	0	0	1
6720_sub2	0	1	0	1	0	0	0	1
6723_sub0	0	1	0	1	0	0	0	1
6723_sub1	0	1	1	0	0	0	1	0
6723_sub2	0	1	0	1	0	0	0	1
6723_sub3	0	3	2	1	0	0	2	1
6728_sub0	1	6	2	4	2	4	0	0
6728_sub1	0	1	0	1	0	0	0	1
6728_sub2	0	1	0	1	0	0	0	1
673_sub0	0	5	2	3	0	0	2	3
673_sub1	0	1	1	0	0	0	1	0
673_sub2	0	1	0	1	0	0	0	1
674_sub0	1	7	5	2	5	2	0	0
674_sub1	0	1	0	1	0	0	0	1
674_sub2	0	1	1	0	0	0	1	0
674_sub3	0	1	1	0	0	0	1	0
6742_sub0	0	1	1	0	0	0	1	0
6742_sub1	0	2	1	1	0	0	1	1
6742_sub2	0	1	1	0	0	0	1	0
6742_sub3	0	1	0	1	0	0	0	1
6742_sub4	0	1	1	0	0	0	1	0
6746_sub0	0	1	1	0	0	0	1	0
6746_sub1	0	5	3	2	0	0	3	2
6746_sub2	0	1	0	1	0	0	0	1
6746_sub3	0	1	1	0	0	0	1	0
6754_sub0	1	6	4	2	4	2	0	0
6756_sub0	0	5	2	3	0	0	2	3
6756_sub1	0	1	0	1	0	0	0	1
6756_sub2	0	1	1	0	0	0	1	0
6756_sub3	0	1	0	1	0	0	0	1
6756_sub4	0	1	0	1	0	0	0	1
6756_sub5	0	1	1	0	0	0	1	0
6763_sub0	0	1	0	1	0	0	0	1
6763_sub1	0	4	3	1	0	0	3	1
6763_sub2	0	1	1	0	0	0	1	0
6777_sub0	0	4	2	2	0	0	2	2
6777_sub1	0	1	1	0	0	0	1	0
6777_sub2	0	1	0	1	0	0	0	1
6777_sub3	0	1	0	1	0	0	0	1
6777_sub4	0	1	0	1	0	0	0	1
6782_sub0	0	1	0	1	0	0	0	1
6782_sub1	0	1	0	1	0	0	0	1
6782_sub2	0	1	0	1	0	0	0	1
6782_sub3	0	1	0	1	0	0	0	1
6782_sub4	0	1	1	0	0	0	1	0
6782_sub5	0	1	0	1	0	0	0	1
6787_sub0	0	2	1	1	0	0	1	1
6787_sub1	0	1	0	1	0	0	0	1
6787_sub2	0	1	0	1	0	0	0	1
6787_sub3	0	1	1	0	0	0	1	0
6787_sub4	0	1	1	0	0	0	1	0
6787_sub5	0	1	0	1	0	0	0	1
6793_sub0	0	1	1	0	0	0	1	0
6793_sub1	1	10	2	8	2	8	0	0
6793_sub2	0	1	0	1	0	0	0	1
6793_sub3	0	1	1	0	0	0	1	0
6793_sub4	0	1	1	0	0	0	1	0
6793_sub5	0	1	1	0	0	0	1	0
6793_sub6	0	1	0	1	0	0	0	1
6800_sub0	0	5	3	2	0	0	3	2
6800_sub1	0	1	1	0	0	0	1	0
681_sub0	1	6	3	3	3	3	0	0
681_sub1	0	1	1	0	0	0	1	0
681_sub2	0	1	0	1	0	0	0	1
681_sub3	0	1	0	1	0	0	0	1
6815_sub0	1	8	4	4	4	4	0	0
6816_sub0	1	8	3	5	3	5	0	0
6826_sub0	0	1	1	0	0	0	1	0
6826_sub1	0	4	1	3	0	0	1	3
6826_sub2	0	1	1	0	0	0	1	0
684_sub0	0	4	0	4	0	0	0	4
684_sub1	0	1	0	1	0	0	0	1
684_sub2	0	1	1	0	0	0	1	0
684_sub3	0	1	0	1	0	0	0	1
6845_sub0	0	3	2	1	0	0	2	1
6845_sub1	0	1	0	1	0	0	0	1
6845_sub2	0	1	0	1	0	0	0	1
6845_sub3	0	1	1	0	0	0	1	0
687_sub0	1	8	4	4	4	4	0	0
687_sub1	0	1	0	1	0	0	0	1
687_sub2	0	1	0	1	0	0	0	1
687_sub3	0	1	1	0	0	0	1	0
687_sub4	0	1	0	1	0	0	0	1
6870_sub0	1	6	1	5	1	5	0	0
6870_sub1	0	1	0	1	0	0	0	1
6870_sub2	0	1	0	1	0	0	0	1
6874_sub0	0	3	1	2	0	0	1	2
6874_sub1	0	1	0	1	0	0	0	1
6874_sub2	0	1	1	0	0	0	1	0
6874_sub3	0	1	0	1	0	0	0	1
6900_sub0	1	6	3	3	3	3	0	0
6900_sub1	0	1	1	0	0	0	1	0
6912_sub0	0	1	0	1	0	0	0	1
6912_sub1	0	1	0	1	0	0	0	1
6912_sub2	0	4	1	3	0	0	1	3
6925_sub0	1	10	3	7	3	7	0	0
6925_sub1	0	1	1	0	0	0	1	0
6926_sub0	1	7	4	3	4	3	0	0
6926_sub1	0	1	0	1	0	0	0	1
6926_sub2	0	1	0	1	0	0	0	1
693_sub0	0	1	0	1	0	0	0	1
693_sub1	1	8	4	4	4	4	0	0
693_sub2	0	1	0	1	0	0	0	1
6932_sub0	0	5	0	5	0	0	0	5
6932_sub1	0	1	0	1	0	0	0	1
6936_sub0	0	1	0	1	0	0	0	1
6936_sub1	1	9	6	3	6	3	0	0
6944_sub0	0	1	0	1	0	0	0	1
6944_sub1	0	1	0	1	0	0	0	1
6944_sub2	0	1	0	1	0	0	0	1
6944_sub3	0	1	1	0	0	0	1	0
6944_sub4	0	1	0	1	0	0	0	1
6944_sub5	0	1	1	0	0	0	1	0
6946_sub0	0	1	0	1	0	0	0	1
6946_sub1	1	7	5	2	5	2	0	0
695_sub0	0	5	0	5	0	0	0	5
695_sub1	0	1	0	1	0	0	0	1
6950_sub0	0	3	2	1	0	0	2	1
6950_sub1	0	1	0	1	0	0	0	1
6950_sub2	0	1	0	1	0	0	0	1
6950_sub3	0	1	0	1	0	0	0	1
6952_sub0	0	5	4	1	0	0	4	1
6952_sub1	0	1	0	1	0	0	0	1
6952_sub2	0	1	1	0	0	0	1	0
6952_sub3	0	1	0	1	0	0	0	1
6958_sub0	1	6	5	1	5	1	0	0
6958_sub1	0	1	1	0	0	0	1	0
6958_sub2	0	1	0	1	0	0	0	1
6965_sub0	0	4	4	0	0	0	4	0
6965_sub1	0	1	0	1	0	0	0	1
6965_sub2	0	1	0	1	0	0	0	1
6965_sub3	0	1	0	1	0	0	0	1
6983_sub0	0	1	1	0	0	0	1	0
6983_sub1	0	2	1	1	0	0	1	1
6983_sub2	0	1	0	1	0	0	0	1
6983_sub3	0	1	0	1	0	0	0	1
6983_sub4	0	4	3	1	0	0	3	1
6991_sub0	0	5	4	1	0	0	4	1
6991_sub1	0	1	1	0	0	0	1	0
6991_sub2	0	1	1	0	0	0	1	0
7016_sub0	1	6	4	2	4	2	0	0
7026_sub0	0	5	1	4	0	0	1	4
7026_sub1	0	1	1	0	0	0	1	0
7028_sub0	0	4	2	2	0	0	2	2
7028_sub1	0	1	1	0	0	0	1	0
7028_sub2	0	1	0	1	0	0	0	1
7028_sub3	0	1	0	1	0	0	0	1
7031_sub0	1	9	4	5	4	5	0	0
7031_sub1	0	1	0	1	0	0	0	1
7031_sub2	0	1	0	1	0	0	0	1
7031_sub3	0	1	0	1	0	0	0	1
7037_sub0	0	1	0	1	0	0	0	1
7037_sub1	0	5	2	3	0	0	2	3
7037_sub2	0	1	0	1	0	0	0	1
7037_sub3	0	1	1	0	0	0	1	0
706_sub0	0	1	1	0	0	0	1	0
706_sub1	0	1	0	1	0	0	0	1
706_sub2	0	3	0	3	0	0	0	3
706_sub3	0	1	1	0	0	0	1	0
706_sub4	0	1	1	0	0	0	1	0
706_sub5	0	1	0	1	0	0	0	1
7063_sub0	0	4	3	1	0	0	3	1
7063_sub1	0	1	1	0	0	0	1	0
7063_sub2	0	1	1	0	0	0	1	0
7063_sub3	0	1	0	1	0	0	0	1
7063_sub4	0	1	1	0	0	0	1	0
7063_sub5	0	1	0	1	0	0	0	1
7093_sub0	0	1	1	0	0	0	1	0
7093_sub1	0	4	2	2	0	0	2	2
7093_sub2	0	1	0	1	0	0	0	1
71_sub0	0	1	1	0	0	0	1	0
71_sub1	1	7	6	1	6	1	0	0
71_sub2	0	1	1	0	0	0	1	0
71_sub3	0	1	0	1	0	0	0	1
710_sub0	1	7	3	4	3	4	0	0
710_sub1	0	1	1	0	0	0	1	0
710_sub2	0	1	0	1	0	0	0	1
7101_sub0	1	7	3	4	3	4	0	0
7101_sub1	0	1	0	1	0	0	0	1
7101_sub2	0	1	1	0	0	0	1	0
7104_sub0	1	16	9	7	9	7	0	0
7104_sub1	0	1	0	1	0	0	0	1
7104_sub2	0	1	1	0	0	0	1	0
7104_sub3	0	1	0	1	0	0	0	1
7104_sub4	0	1	0	1	0	0	0	1
7118_sub0	0	1	1	0	0	0	1	0
7118_sub1	0	1	1	0	0	0	1	0
7118_sub2	0	1	0	1	0	0	0	1
7118_sub3	0	1	0	1	0	0	0	1
7118_sub4	0	1	1	0	0	0	1	0
7118_sub5	0	1	1	0	0	0	1	0
712_sub0	1	11	4	7	4	7	0	0
712_sub1	0	1	0	1	0	0	0	1
712_sub2	0	1	0	1	0	0	0	1
712_sub3	0	1	0	1	0	0	0	1
7123_sub0	1	6	3	3	3	3	0	0
7123_sub1	0	1	0	1	0	0	0	1
7127_sub0	0	1	0	1	0	0	0	1
7127_sub1	0	1	0	1	0	0	0	1
7127_sub2	0	1	1	0	0	0	1	0
7127_sub3	0	1	1	0	0	0	1	0
7127_sub4	0	1	1	0	0	0	1	0
7127_sub5	0	1	0	1	0	0	0	1
7128_sub0	0	4	2	2	0	0	2	2
7128_sub1	0	1	0	1	0	0	0	1
7128_sub2	0	1	1	0	0	0	1	0
7128_sub3	0	1	0	1	0	0	0	1
7129_sub0	0	1	0	1	0	0	0	1
7129_sub1	0	5	3	2	0	0	3	2
7129_sub2	0	1	0	1	0	0	0	1
7129_sub3	0	1	1	0	0	0	1	0
7129_sub4	0	1	1	0	0	0	1	0
7130_sub0	0	1	0	1	0	0	0	1
7130_sub1	0	1	1	0	0	0	1	0
7130_sub2	0	1	1	0	0	0	1	0
7130_sub3	0	1	0	1	0	0	0	1
7130_sub4	0	1	1	0	0	0	1	0
7130_sub5	0	1	0	1	0	0	0	1
7130_sub6	0	1	1	0	0	0	1	0
7138_sub0	1	7	2	5	2	5	0	0
7138_sub1	0	1	0	1	0	0	0	1
7138_sub2	0	1	0	1	0	0	0	1
7138_sub3	0	1	0	1	0	0	0	1
714_sub0	0	1	1	0	0	0	1	0
714_sub1	1	8	4	4	4	4	0	0
7173_sub0	1	6	2	4	2	4	0	0
7173_sub1	0	1	0	1	0	0	0	1
719_sub0	1	7	2	5	2	5	0	0
719_sub1	0	1	1	0	0	0	1	0
720_sub0	0	1	0	1	0	0	0	1
720_sub1	0	4	3	1	0	0	3	1
720_sub2	0	1	1	0	0	0	1	0
720_sub3	0	1	1	0	0	0	1	0
7213_sub0	0	5	2	3	0	0	2	3
7213_sub1	0	1	1	0	0	0	1	0
7218_sub0	1	7	6	1	6	1	0	0
7218_sub1	0	1	1	0	0	0	1	0
7218_sub2	0	1	0	1	0	0	0	1
7218_sub3	0	1	0	1	0	0	0	1
7218_sub4	0	1	1	0	0	0	1	0
7222_sub0	0	1	0	1	0	0	0	1
7222_sub1	0	1	1	0	0	0	1	0
7222_sub2	0	1	1	0	0	0	1	0
7222_sub3	0	1	0	1	0	0	0	1
7222_sub4	0	1	1	0	0	0	1	0
7222_sub5	0	1	0	1	0	0	0	1
7222_sub6	0	1	1	0	0	0	1	0
7233_sub0	0	1	1	0	0	0	1	0
7233_sub1	0	1	0	1	0	0	0	1
7233_sub2	0	1	0	1	0	0	0	1
7233_sub3	0	1	0	1	0	0	0	1
7233_sub4	0	1	0	1	0	0	0	1
7233_sub5	0	1	0	1	0	0	0	1
7233_sub6	0	1	1	0	0	0	1	0
7235_sub0	0	1	1	0	0	0	1	0
7235_sub1	0	1	0	1	0	0	0	1
7235_sub2	1	7	5	2	5	2	0	0
724_sub0	1	7	3	4	3	4	0	0
725_sub0	1	7	2	5	2	5	0	0
725_sub1	0	1	0	1	0	0	0	1
725_sub2	0	1	1	0	0	0	1	0
7252_sub0	1	6	5	1	5	1	0	0
7252_sub1	0	1	0	1	0	0	0	1
7252_sub2	0	1	0	1	0	0	0	1
7252_sub3	0	1	0	1	0	0	0	1
7256_sub0	1	7	4	3	4	3	0	0
7256_sub1	0	1	1	0	0	0	1	0
726_sub0	0	1	1	0	0	0	1	0
726_sub1	0	1	1	0	0	0	1	0
726_sub2	0	4	3	1	0	0	3	1
7312_sub0	1	6	3	3	3	3	0	0
7312_sub1	0	1	0	1	0	0	0	1
7312_sub2	0	1	1	0	0	0	1	0
7312_sub3	0	1	0	1	0	0	0	1
7312_sub4	0	1	0	1	0	0	0	1
7312_sub5	0	1	0	1	0	0	0	1
7312_sub6	0	1	0	1	0	0	0	1
7312_sub7	0	1	0	1	0	0	0	1
7321_sub0	0	1	0	1	0	0	0	1
7321_sub1	0	1	1	0	0	0	1	0
7321_sub2	0	1	0	1	0	0	0	1
7321_sub3	0	1	1	0	0	0	1	0
7321_sub4	0	1	1	0	0	0	1	0
7321_sub5	0	1	1	0	0	0	1	0
7321_sub6	0	1	0	1	0	0	0	1
7326_sub0	1	7	5	2	5	2	0	0
7347_sub0	0	1	0	1	0	0	0	1
7347_sub1	0	4	2	2	0	0	2	2
7347_sub2	0	1	1	0	0	0	1	0
7347_sub3	0	1	1	0	0	0	1	0
735_sub0	1	9	2	7	2	7	0	0
735_sub1	0	1	0	1	0	0	0	1
735_sub2	0	1	0	1	0	0	0	1
7356_sub0	1	10	6	4	6	4	0	0
7356_sub1	0	1	0	1	0	0	0	1
7356_sub2	0	1	1	0	0	0	1	0
7365_sub0	0	4	3	1	0	0	3	1
7365_sub1	0	1	0	1	0	0	0	1
7365_sub2	0	1	0	1	0	0	0	1
7366_sub0	1	6	1	5	1	5	0	0
7366_sub1	0	1	0	1	0	0	0	1
7366_sub2	0	1	1	0	0	0	1	0
7366_sub3	0	1	0	1	0	0	0	1
7366_sub4	0	1	1	0	0	0	1	0
7367_sub0	1	7	7	0	7	0	0	0
7374_sub0	1	7	3	4	3	4	0	0
7374_sub1	0	1	1	0	0	0	1	0
7374_sub2	0	1	0	1	0	0	0	1
738_sub0	1	7	2	5	2	5	0	0
738_sub1	0	1	1	0	0	0	1	0
738_sub2	0	1	0	1	0	0	0	1
7380_sub0	1	6	4	2	4	2	0	0
7380_sub1	0	1	0	1	0	0	0	1
7380_sub2	0	1	1	0	0	0	1	0
7380_sub3	0	1	0	1	0	0	0	1
7387_sub0	0	1	1	0	0	0	1	0
7387_sub1	0	4	1	3	0	0	1	3
7387_sub2	0	1	1	0	0	0	1	0
7387_sub3	0	1	0	1	0	0	0	1
7394_sub0	0	5	3	2	0	0	3	2
7394_sub1	0	1	0	1	0	0	0	1
7394_sub2	0	1	1	0	0	0	1	0
74_sub0	0	1	1	0	0	0	1	0
74_sub1	1	9	4	5	4	5	0	0
74_sub2	0	1	1	0	0	0	1	0
741_sub0	1	10	5	5	5	5	0	0
7415_sub0	1	12	4	8	4	8	0	0
7415_sub1	0	1	1	0	0	0	1	0
7427_sub0	0	4	1	3	0	0	1	3
7427_sub1	0	1	1	0	0	0	1	0
7427_sub2	0	1	0	1	0	0	0	1
7476_sub0	1	8	1	7	1	7	0	0
7476_sub1	0	1	0	1	0	0	0	1
7476_sub2	0	1	0	1	0	0	0	1
7476_sub3	0	1	0	1	0	0	0	1
7476_sub4	0	1	1	0	0	0	1	0
7482_sub0	1	9	5	4	5	4	0	0
7482_sub1	0	1	0	1	0	0	0	1
7488_sub0	0	5	2	3	0	0	2	3
7488_sub1	0	1	1	0	0	0	1	0
7488_sub2	0	1	0	1	0	0	0	1
7494_sub0	0	4	1	3	0	0	1	3
7494_sub1	0	1	0	1	0	0	0	1
7494_sub2	0	1	1	0	0	0	1	0
7494_sub3	0	1	0	1	0	0	0	1
7494_sub4	0	1	0	1	0	0	0	1
75_sub0	0	1	1	0	0	0	1	0
75_sub1	1	7	4	3	4	3	0	0
7508_sub0	0	1	1	0	0	0	1	0
7508_sub1	0	1	0	1	0	0	0	1
7508_sub2	0	1	1	0	0	0	1	0
7508_sub3	0	1	0	1	0	0	0	1
7508_sub4	0	1	1	0	0	0	1	0
7508_sub5	0	1	1	0	0	0	1	0
7514_sub0	1	8	4	4	4	4	0	0
7514_sub1	0	1	1	0	0	0	1	0
752_sub0	1	6	4	2	4	2	0	0
752_sub1	0	1	0	1	0	0	0	1
752_sub2	0	1	1	0	0	0	1	0
752_sub3	0	1	0	1	0	0	0	1
752_sub4	0	1	1	0	0	0	1	0
7523_sub0	0	5	2	3	0	0	2	3
7523_sub1	0	1	1	0	0	0	1	0
7537_sub0	0	1	0	1	0	0	0	1
7537_sub1	1	6	3	3	3	3	0	0
7537_sub2	0	1	0	1	0	0	0	1
754_sub0	0	4	0	4	0	0	0	4
754_sub1	0	1	1	0	0	0	1	0
754_sub2	0	1	1	0	0	0	1	0
7544_sub0	1	8	4	4	4	4	0	0
7544_sub1	0	1	0	1	0	0	0	1
755_sub0	0	1	0	1	0	0	0	1
755_sub1	1	6	3	3	3	3	0	0
755_sub2	0	1	0	1	0	0	0	1
755_sub3	0	1	1	0	0	0	1	0
7555_sub0	1	11	3	8	3	8	0	0
7555_sub1	0	1	0	1	0	0	0	1
7555_sub2	0	1	0	1	0	0	0	1
7570_sub0	0	3	2	1	0	0	2	1
7570_sub1	0	1	1	0	0	0	1	0
7570_sub2	0	1	1	0	0	0	1	0
7570_sub3	0	1	0	1	0	0	0	1
7573_sub0	1	13	5	8	5	8	0	0
7573_sub1	0	1	1	0	0	0	1	0
7573_sub2	0	1	0	1	0	0	0	1
7573_sub3	0	1	1	0	0	0	1	0
758_sub0	1	7	4	3	4	3	0	0
758_sub1	0	1	0	1	0	0	0	1
758_sub2	0	1	1	0	0	0	1	0
7580_sub0	0	5	3	2	0	0	3	2
7580_sub1	0	1	0	1	0	0	0	1
76_sub0	0	1	0	1	0	0	0	1
76_sub1	0	1	1	0	0	0	1	0
76_sub2	0	1	0	1	0	0	0	1
76_sub3	0	1	1	0	0	0	1	0
76_sub4	0	1	1	0	0	0	1	0
76_sub5	0	1	0	1	0	0	0	1
76_sub6	0	1	1	0	0	0	1	0
7601_sub0	0	1	0	1	0	0	0	1
7601_sub1	0	5	4	1	0	0	4	1
761_sub0	0	1	0	1	0	0	0	1
761_sub1	0	1	0	1	0	0	0	1
761_sub2	0	5	2	3	0	0	2	3
7614_sub0	0	5	4	1	0	0	4	1
7614_sub1	0	1	0	1	0	0	0	1
762_sub0	0	1	0	1	0	0	0	1
762_sub1	0	1	1	0	0	0	1	0
762_sub2	0	1	0	1	0	0	0	1
762_sub3	1	9	4	5	4	5	0	0
762_sub4	0	1	1	0	0	0	1	0
762_sub5	0	1	1	0	0	0	1	0
7628_sub0	0	4	4	0	0	0	4	0
7628_sub1	0	1	1	0	0	0	1	0
7628_sub2	0	1	1	0	0	0	1	0
7628_sub3	0	1	0	1	0	0	0	1
7628_sub4	0	1	0	1	0	0	0	1
7628_sub5	0	1	0	1	0	0	0	1
7629_sub0	1	6	5	1	5	1	0	0
7629_sub1	0	1	1	0	0	0	1	0
7629_sub2	0	1	0	1	0	0	0	1
7629_sub3	0	1	1	0	0	0	1	0
7629_sub4	0	1	1	0	0	0	1	0
763_sub0	0	5	0	5	0	0	0	5
763_sub1	0	1	0	1	0	0	0	1
763_sub2	0	1	0	1	0	0	0	1
763_sub3	0	3	3	0	0	0	3	0
763_sub4	0	1	1	0	0	0	1	0
7630_sub0	1	6	3	3	3	3	0	0
7630_sub1	0	1	1	0	0	0	1	0
7636_sub0	1	6	4	2	4	2	0	0
7636_sub1	0	1	0	1	0	0	0	1
7636_sub2	0	1	1	0	0	0	1	0
7637_sub0	0	5	4	1	0	0	4	1
7637_sub1	0	1	0	1	0	0	0	1
7638_sub0	0	1	1	0	0	0	1	0
7638_sub1	0	1	1	0	0	0	1	0
7638_sub2	0	1	1	0	0	0	1	0
7638_sub3	0	1	0	1	0	0	0	1
7638_sub4	0	1	1	0	0	0	1	0
7638_sub5	0	1	1	0	0	0	1	0
7639_sub0	0	1	1	0	0	0	1	0
7639_sub1	0	1	0	1	0	0	0	1
7639_sub2	1	12	3	9	3	9	0	0
7639_sub3	0	1	1	0	0	0	1	0
766_sub0	0	1	0	1	0	0	0	1
766_sub1	1	6	1	5	1	5	0	0
766_sub2	0	1	0	1	0	0	0	1
766_sub3	0	1	1	0	0	0	1	0
7670_sub0	0	5	1	4	0	0	1	4
7670_sub1	0	1	0	1	0	0	0	1
7676_sub0	0	1	0	1	0	0	0	1
7676_sub1	0	4	1	3	0	0	1	3
7676_sub2	0	1	0	1	0	0	0	1
7676_sub3	0	1	0	1	0	0	0	1
7679_sub0	0	5	2	3	0	0	2	3
7679_sub1	0	1	0	1	0	0	0	1
769_sub0	1	9	5	4	5	4	0	0
769_sub1	0	1	0	1	0	0	0	1
769_sub2	0	1	1	0	0	0	1	0
769_sub3	0	1	1	0	0	0	1	0
77_sub0	0	1	1	0	0	0	1	0
77_sub1	1	8	4	4	4	4	0	0
7713_sub0	1	9	6	3	6	3	0	0
7716_sub0	0	1	1	0	0	0	1	0
7716_sub1	0	1	0	1	0	0	0	1
7716_sub2	0	1	1	0	0	0	1	0
7716_sub3	0	1	1	0	0	0	1	0
7716_sub4	0	1	0	1	0	0	0	1
7716_sub5	0	1	0	1	0	0	0	1
7717_sub0	1	7	5	2	5	2	0	0
7722_sub0	0	1	0	1	0	0	0	1
7722_sub1	0	4	3	1	0	0	3	1
7722_sub2	0	1	0	1	0	0	0	1
7735_sub0	0	1	1	0	0	0	1	0
7735_sub1	0	1	1	0	0	0	1	0
7735_sub2	0	2	1	1	0	0	1	1
7735_sub3	0	1	0	1	0	0	0	1
7735_sub4	0	1	0	1	0	0	0	1
7745_sub0	1	7	6	1	6	1	0	0
7745_sub1	0	1	0	1	0	0	0	1
7745_sub2	0	1	0	1	0	0	0	1
7746_sub0	1	6	2	4	2	4	0	0
7746_sub1	0	1	1	0	0	0	1	0
7754_sub0	0	1	1	0	0	0	1	0
7754_sub1	0	1	1	0	0	0	1	0
7754_sub2	1	8	3	5	3	5	0	0
7754_sub3	0	1	0	1	0	0	0	1
777_sub0	1	8	4	4	4	4	0	0
777_sub1	0	1	1	0	0	0	1	0
777_sub2	0	1	1	0	0	0	1	0
778_sub0	0	4	2	2	0	0	2	2
778_sub1	0	1	0	1	0	0	0	1
778_sub2	0	1	1	0	0	0	1	0
778_sub3	0	1	1	0	0	0	1	0
778_sub4	0	1	0	1	0	0	0	1
7805_sub0	1	6	3	3	3	3	0	0
7805_sub1	0	1	0	1	0	0	0	1
781_sub0	1	9	6	3	6	3	0	0
781_sub1	0	1	1	0	0	0	1	0
781_sub2	0	1	1	0	0	0	1	0
7818_sub0	0	5	2	3	0	0	2	3
7818_sub1	0	1	0	1	0	0	0	1
7821_sub0	0	4	1	3	0	0	1	3
7821_sub1	0	1	1	0	0	0	1	0
7821_sub2	0	1	1	0	0	0	1	0
7821_sub3	0	1	1	0	0	0	1	0
783_sub0	0	1	1	0	0	0	1	0
783_sub1	1	9	2	7	2	7	0	0
7840_sub0	0	1	1	0	0	0	1	0
7840_sub1	0	1	0	1	0	0	0	1
7840_sub2	0	1	0	1	0	0	0	1
7840_sub3	0	1	1	0	0	0	1	0
7840_sub4	0	1	0	1	0	0	0	1
7840_sub5	0	1	1	0	0	0	1	0
7843_sub0	1	10	6	4	6	4	0	0
785_sub0	0	5	1	4	0	0	1	4
785_sub1	0	1	0	1	0	0	0	1
7851_sub0	1	7	4	3	4	3	0	0
7851_sub1	0	1	1	0	0	0	1	0
7864_sub0	1	9	4	5	4	5	0	0
7864_sub1	0	1	1	0	0	0	1	0
7865_sub0	0	1	0	1	0	0	0	1
7865_sub1	0	4	2	2	0	0	2	2
7865_sub2	0	1	1	0	0	0	1	0
7865_sub3	0	1	1	0	0	0	1	0
7873_sub0	0	1	0	1	0	0	0	1
7873_sub1	0	1	1	0	0	0	1	0
7873_sub2	0	3	1	2	0	0	1	2
7873_sub3	0	1	1	0	0	0	1	0
788_sub0	1	9	6	3	6	3	0	0
788_sub1	0	1	1	0	0	0	1	0
7882_sub0	0	1	1	0	0	0	1	0
7882_sub1	1	6	4	2	4	2	0	0
7882_sub2	0	1	0	1	0	0	0	1
7884_sub0	0	1	0	1	0	0	0	1
7884_sub1	1	6	3	3	3	3	0	0
7884_sub2	0	1	1	0	0	0	1	0
789_sub0	0	1	0	1	0	0	0	1
789_sub1	1	12	7	5	7	5	0	0
789_sub2	0	1	0	1	0	0	0	1
7890_sub0	0	1	0	1	0	0	0	1
7890_sub1	0	1	1	0	0	0	1	0
7890_sub2	0	1	1	0	0	0	1	0
7890_sub3	0	1	0	1	0	0	0	1
7890_sub4	0	1	0	1	0	0	0	1
7890_sub5	0	1	0	1	0	0	0	1
7897_sub0	0	1	1	0	0	0	1	0
7897_sub1	0	1	1	0	0	0	1	0
7897_sub2	0	3	2	1	0	0	2	1
7897_sub3	0	1	0	1	0	0	0	1
792_sub0	1	8	4	4	4	4	0	0
792_sub1	0	1	1	0	0	0	1	0
792_sub2	0	1	1	0	0	0	1	0
792_sub3	0	1	1	0	0	0	1	0
7925_sub0	0	1	1	0	0	0	1	0
7925_sub1	1	6	2	4	2	4	0	0
7931_sub0	1	6	2	4	2	4	0	0
7931_sub1	0	1	0	1	0	0	0	1
7931_sub2	0	1	0	1	0	0	0	1
7931_sub3	0	1	0	1	0	0	0	1
7958_sub0	0	1	1	0	0	0	1	0
7958_sub1	1	7	3	4	3	4	0	0
7958_sub2	0	1	0	1	0	0	0	1
796_sub0	0	4	2	2	0	0	2	2
796_sub1	0	1	0	1	0	0	0	1
796_sub2	0	1	1	0	0	0	1	0
796_sub3	0	1	1	0	0	0	1	0
796_sub4	0	1	0	1	0	0	0	1
796_sub5	0	1	1	0	0	0	1	0
7964_sub0	0	1	0	1	0	0	0	1
7964_sub1	0	3	1	2	0	0	1	2
7964_sub2	0	1	1	0	0	0	1	0
7964_sub3	0	1	1	0	0	0	1	0
7965_sub0	0	1	1	0	0	0	1	0
7965_sub1	0	3	0	3	0	0	0	3
7965_sub2	0	1	0	1	0	0	0	1
7965_sub3	0	1	1	0	0	0	1	0
7965_sub4	0	1	0	1	0	0	0	1
7978_sub0	0	1	0	1	0	0	0	1
7978_sub1	0	1	1	0	0	0	1	0
7978_sub2	1	8	5	3	5	3	0	0
7979_sub0	0	1	0	1	0	0	0	1
7979_sub1	0	1	1	0	0	0	1	0
7979_sub2	0	1	0	1	0	0	0	1
7979_sub3	0	1	0	1	0	0	0	1
7979_sub4	0	1	1	0	0	0	1	0
7979_sub5	0	1	0	1	0	0	0	1
7985_sub0	1	8	4	4	4	4	0	0
7985_sub1	0	1	0	1	0	0	0	1
7985_sub2	0	1	1	0	0	0	1	0
8_sub0	0	1	1	0	0	0	1	0
8_sub1	0	1	0	1	0	0	0	1
8_sub2	1	10	5	5	5	5	0	0
8_sub3	0	1	1	0	0	0	1	0
8_sub4	0	1	1	0	0	0	1	0
8_sub5	0	1	1	0	0	0	1	0
8004_sub0	0	3	1	2	0	0	1	2
8004_sub1	0	1	1	0	0	0	1	0
8004_sub2	0	1	1	0	0	0	1	0
8004_sub3	0	1	0	1	0	0	0	1
8004_sub4	0	1	1	0	0	0	1	0
8004_sub5	0	1	1	0	0	0	1	0
8004_sub6	0	1	0	1	0	0	0	1
8004_sub7	0	1	1	0	0	0	1	0
8004_sub8	0	1	0	1	0	0	0	1
8018_sub0	0	5	3	2	0	0	3	2
8018_sub1	0	1	0	1	0	0	0	1
8018_sub2	0	1	1	0	0	0	1	0
802_sub0	1	10	6	4	6	4	0	0
802_sub1	0	1	0	1	0	0	0	1
802_sub2	0	1	0	1	0	0	0	1
803_sub0	1	10	5	5	5	5	0	0
803_sub1	0	1	1	0	0	0	1	0
803_sub2	0	1	0	1	0	0	0	1
8036_sub0	1	8	6	2	6	2	0	0
8036_sub1	0	1	1	0	0	0	1	0
804_sub0	0	1	1	0	0	0	1	0
804_sub1	1	12	6	6	6	6	0	0
804_sub2	0	1	0	1	0	0	0	1
8041_sub0	0	4	2	2	0	0	2	2
8041_sub1	0	1	0	1	0	0	0	1
8041_sub2	0	1	0	1	0	0	0	1
8050_sub0	1	6	1	5	1	5	0	0
8050_sub1	0	1	0	1	0	0	0	1
8050_sub2	0	1	1	0	0	0	1	0
8064_sub0	0	1	1	0	0	0	1	0
8064_sub1	1	6	5	1	5	1	0	0
8077_sub0	1	6	2	4	2	4	0	0
8077_sub1	0	1	0	1	0	0	0	1
8077_sub2	0	1	1	0	0	0	1	0
8094_sub0	0	5	4	1	0	0	4	1
8094_sub1	0	1	1	0	0	0	1	0
8094_sub2	0	1	0	1	0	0	0	1
8098_sub0	0	1	1	0	0	0	1	0
8098_sub1	0	5	4	1	0	0	4	1
8105_sub0	0	1	0	1	0	0	0	1
8105_sub1	0	4	1	3	0	0	1	3
8105_sub2	0	1	1	0	0	0	1	0
8105_sub3	0	1	0	1	0	0	0	1
8123_sub0	0	4	1	3	0	0	1	3
8123_sub1	0	1	1	0	0	0	1	0
8123_sub2	0	1	1	0	0	0	1	0
814_sub0	1	8	4	4	4	4	0	0
814_sub1	0	1	1	0	0	0	1	0
8153_sub0	0	5	3	2	0	0	3	2
8153_sub1	0	1	1	0	0	0	1	0
8162_sub0	0	4	3	1	0	0	3	1
8162_sub1	0	1	0	1	0	0	0	1
8162_sub2	0	1	0	1	0	0	0	1
8194_sub0	0	4	1	3	0	0	1	3
8194_sub1	0	1	1	0	0	0	1	0
8194_sub2	0	1	0	1	0	0	0	1
8203_sub0	0	4	3	1	0	0	3	1
8203_sub1	0	1	0	1	0	0	0	1
8203_sub2	0	1	1	0	0	0	1	0
8203_sub3	0	1	0	1	0	0	0	1
821_sub0	0	4	1	3	0	0	1	3
821_sub1	0	1	0	1	0	0	0	1
821_sub2	0	1	0	1	0	0	0	1
821_sub3	0	1	1	0	0	0	1	0
821_sub4	0	1	1	0	0	0	1	0
821_sub5	0	1	1	0	0	0	1	0
821_sub6	0	1	0	1	0	0	0	1
8215_sub0	0	1	1	0	0	0	1	0
8215_sub1	0	4	3	1	0	0	3	1
8215_sub2	0	1	0	1	0	0	0	1
8227_sub0	0	1	1	0	0	0	1	0
8227_sub1	0	1	0	1	0	0	0	1
8227_sub2	0	1	0	1	0	0	0	1
8227_sub3	0	1	1	0	0	0	1	0
8227_sub4	0	1	0	1	0	0	0	1
8227_sub5	0	1	1	0	0	0	1	0
8230_sub0	0	1	0	1	0	0	0	1
8230_sub1	0	4	2	2	0	0	2	2
8230_sub2	0	1	0	1	0	0	0	1
8230_sub3	0	1	0	1	0	0	0	1
824_sub0	1	7	2	5	2	5	0	0
8262_sub0	1	8	2	6	2	6	0	0
8262_sub1	0	1	1	0	0	0	1	0
8262_sub2	0	1	0	1	0	0	0	1
8262_sub3	0	1	0	1	0	0	0	1
8262_sub4	0	1	1	0	0	0	1	0
8267_sub0	0	4	1	3	0	0	1	3
8267_sub1	0	1	0	1	0	0	0	1
8267_sub2	0	1	0	1	0	0	0	1
827_sub0	1	10	3	7	3	7	0	0
827_sub1	0	1	0	1	0	0	0	1
827_sub2	0	1	0	1	0	0	0	1
827_sub3	0	1	0	1	0	0	0	1
8287_sub0	0	5	3	2	0	0	3	2
8287_sub1	0	1	1	0	0	0	1	0
8289_sub0	1	10	7	3	7	3	0	0
8289_sub1	0	1	1	0	0	0	1	0
83_sub0	0	1	1	0	0	0	1	0
83_sub1	1	10	4	6	4	6	0	0
83_sub2	0	1	1	0	0	0	1	0
83_sub3	0	1	1	0	0	0	1	0
830_sub0	1	9	1	8	1	8	0	0
830_sub1	0	1	0	1	0	0	0	1
830_sub2	0	1	1	0	0	0	1	0
830_sub3	0	1	1	0	0	0	1	0
8304_sub0	0	1	0	1	0	0	0	1
8304_sub1	0	1	0	1	0	0	0	1
8304_sub2	0	1	0	1	0	0	0	1
8304_sub3	0	1	1	0	0	0	1	0
8304_sub4	0	1	0	1	0	0	0	1
8304_sub5	0	1	0	1	0	0	0	1
8309_sub0	0	1	1	0	0	0	1	0
8309_sub1	0	2	0	2	0	0	0	2
8309_sub2	0	1	0	1	0	0	0	1
8309_sub3	0	1	1	0	0	0	1	0
8309_sub4	0	1	1	0	0	0	1	0
8309_sub5	0	1	1	0	0	0	1	0
831_sub0	1	6	4	2	4	2	0	0
831_sub1	0	1	0	1	0	0	0	1
831_sub2	0	1	1	0	0	0	1	0
8310_sub0	0	4	4	0	0	0	4	0
8310_sub1	0	1	1	0	0	0	1	0
8310_sub2	0	1	0	1	0	0	0	1
8310_sub3	0	1	1	0	0	0	1	0
8310_sub4	0	1	1	0	0	0	1	0
8310_sub5	0	1	1	0	0	0	1	0
8320_sub0	1	7	4	3	4	3	0	0
8320_sub1	0	1	0	1	0	0	0	1
8358_sub0	0	1	1	0	0	0	1	0
8358_sub1	1	6	5	1	5	1	0	0
8363_sub0	1	7	4	3	4	3	0	0
8380_sub0	1	6	4	2	4	2	0	0
8380_sub1	0	1	0	1	0	0	0	1
8384_sub0	0	1	1	0	0	0	1	0
8384_sub1	0	5	2	3	0	0	2	3
8397_sub0	0	1	1	0	0	0	1	0
8397_sub1	0	5	3	2	0	0	3	2
8397_sub2	0	1	1	0	0	0	1	0
8397_sub3	0	1	0	1	0	0	0	1
8434_sub0	1	7	4	3	4	3	0	0
8434_sub1	0	1	1	0	0	0	1	0
844_sub0	0	1	0	1	0	0	0	1
844_sub1	1	7	2	5	2	5	0	0
844_sub2	0	1	1	0	0	0	1	0
845_sub0	1	7	4	3	4	3	0	0
8454_sub0	1	7	2	5	2	5	0	0
8454_sub1	0	1	0	1	0	0	0	1
8454_sub2	0	1	1	0	0	0	1	0
8458_sub0	1	7	4	3	4	3	0	0
8458_sub1	0	1	1	0	0	0	1	0
847_sub0	0	4	2	2	0	0	2	2
847_sub1	0	1	0	1	0	0	0	1
847_sub2	0	1	1	0	0	0	1	0
8474_sub0	0	1	1	0	0	0	1	0
8474_sub1	0	1	1	0	0	0	1	0
8474_sub2	0	1	1	0	0	0	1	0
8474_sub3	0	1	1	0	0	0	1	0
8474_sub4	0	1	0	1	0	0	0	1
8474_sub5	0	1	0	1	0	0	0	1
848_sub0	0	3	2	1	0	0	2	1
848_sub1	0	1	0	1	0	0	0	1
848_sub2	0	1	0	1	0	0	0	1
848_sub3	0	1	0	1	0	0	0	1
848_sub4	0	1	0	1	0	0	0	1
848_sub5	0	1	0	1	0	0	0	1
849_sub0	0	1	0	1	0	0	0	1
849_sub1	1	12	4	8	4	8	0	0
8507_sub0	0	3	2	1	0	0	2	1
8507_sub1	0	1	1	0	0	0	1	0
8507_sub2	0	1	0	1	0	0	0	1
8507_sub3	0	1	1	0	0	0	1	0
8524_sub0	1	6	4	2	4	2	0	0
8524_sub1	0	1	1	0	0	0	1	0
8524_sub2	0	1	1	0	0	0	1	0
8524_sub3	0	1	1	0	0	0	1	0
8524_sub4	0	1	1	0	0	0	1	0
8525_sub0	0	1	1	0	0	0	1	0
8525_sub1	1	7	4	3	4	3	0	0
8532_sub0	0	1	1	0	0	0	1	0
8532_sub1	0	1	0	1	0	0	0	1
8532_sub2	0	1	0	1	0	0	0	1
8532_sub3	0	1	0	1	0	0	0	1
8532_sub4	0	1	0	1	0	0	0	1
8532_sub5	0	1	1	0	0	0	1	0
854_sub0	0	5	2	3	0	0	2	3
854_sub1	0	1	1	0	0	0	1	0
8546_sub0	0	5	2	3	0	0	2	3
8546_sub1	0	1	0	1	0	0	0	1
8572_sub0	0	2	2	0	0	0	2	0
8572_sub1	0	4	1	3	0	0	1	3
8572_sub2	0	1	1	0	0	0	1	0
8573_sub0	0	1	1	0	0	0	1	0
8573_sub1	0	1	1	0	0	0	1	0
8573_sub2	0	1	0	1	0	0	0	1
8573_sub3	0	1	1	0	0	0	1	0
8573_sub4	0	1	0	1	0	0	0	1
8573_sub5	0	1	0	1	0	0	0	1
8574_sub0	0	5	4	1	0	0	4	1
8574_sub1	0	1	1	0	0	0	1	0
8578_sub0	0	4	4	0	0	0	4	0
8578_sub1	0	1	0	1	0	0	0	1
8578_sub2	0	1	1	0	0	0	1	0
859_sub0	1	10	3	7	3	7	0	0
859_sub1	0	1	0	1	0	0	0	1
8602_sub0	1	9	8	1	8	1	0	0
8604_sub0	0	1	0	1	0	0	0	1
8604_sub1	1	6	2	4	2	4	0	0
8604_sub2	0	1	0	1	0	0	0	1
8615_sub0	1	8	3	5	3	5	0	0
8615_sub1	0	1	0	1	0	0	0	1
8615_sub2	0	1	1	0	0	0	1	0
8615_sub3	0	1	0	1	0	0	0	1
8617_sub0	0	3	0	3	0	0	0	3
8617_sub1	0	1	1	0	0	0	1	0
8617_sub2	0	1	1	0	0	0	1	0
8617_sub3	0	1	1	0	0	0	1	0
8621_sub0	0	1	1	0	0	0	1	0
8621_sub1	0	1	0	1	0	0	0	1
8621_sub2	0	1	1	0	0	0	1	0
8621_sub3	0	1	1	0	0	0	1	0
8621_sub4	0	1	1	0	0	0	1	0
8621_sub5	0	1	0	1	0	0	0	1
8634_sub0	0	3	2	1	0	0	2	1
8634_sub1	0	1	1	0	0	0	1	0
8634_sub2	0	1	0	1	0	0	0	1
8634_sub3	0	1	0	1	0	0	0	1
8643_sub0	0	4	3	1	0	0	3	1
8643_sub1	0	1	1	0	0	0	1	0
8643_sub2	0	1	0	1	0	0	0	1
8649_sub0	0	5	1	4	0	0	1	4
8649_sub1	0	1	1	0	0	0	1	0
8649_sub2	0	1	0	1	0	0	0	1
866_sub0	0	5	2	3	0	0	2	3
866_sub1	0	1	1	0	0	0	1	0
866_sub2	0	1	1	0	0	0	1	0
866_sub3	0	1	1	0	0	0	1	0
8681_sub0	0	1	0	1	0	0	0	1
8681_sub1	0	4	2	2	0	0	2	2
8681_sub2	0	1	1	0	0	0	1	0
8681_sub3	0	1	0	1	0	0	0	1
8681_sub4	0	1	1	0	0	0	1	0
8702_sub0	0	1	0	1	0	0	0	1
8702_sub1	0	1	0	1	0	0	0	1
8702_sub2	0	1	1	0	0	0	1	0
8702_sub3	0	4	3	1	0	0	3	1
8730_sub0	1	7	4	3	4	3	0	0
8730_sub1	0	1	0	1	0	0	0	1
8751_sub0	0	1	0	1	0	0	0	1
8751_sub1	0	3	1	2	0	0	1	2
8751_sub2	0	1	1	0	0	0	1	0
8751_sub3	0	1	0	1	0	0	0	1
8751_sub4	0	1	0	1	0	0	0	1
8756_sub0	0	1	0	1	0	0	0	1
8756_sub1	1	8	2	6	2	6	0	0
8756_sub2	0	1	0	1	0	0	0	1
8758_sub0	0	1	1	0	0	0	1	0
8758_sub1	0	1	1	0	0	0	1	0
8758_sub2	0	5	2	3	0	0	2	3
8763_sub0	1	6	3	3	3	3	0	0
879_sub0	1	7	4	3	4	3	0	0
879_sub1	0	1	0	1	0	0	0	1
879_sub2	0	1	1	0	0	0	1	0
879_sub3	0	1	0	1	0	0	0	1
8792_sub0	0	1	1	0	0	0	1	0
8792_sub1	0	4	2	2	0	0	2	2
8792_sub2	0	1	0	1	0	0	0	1
88_sub0	0	1	1	0	0	0	1	0
88_sub1	0	1	0	1	0	0	0	1
88_sub2	0	1	1	0	0	0	1	0
88_sub3	0	1	0	1	0	0	0	1
88_sub4	0	1	0	1	0	0	0	1
88_sub5	0	1	0	1	0	0	0	1
88_sub6	0	1	0	1	0	0	0	1
88_sub7	0	1	1	0	0	0	1	0
8810_sub0	0	1	0	1	0	0	0	1
8810_sub1	0	5	2	3	0	0	2	3
8810_sub2	0	1	1	0	0	0	1	0
8815_sub0	0	1	0	1	0	0	0	1
8815_sub1	1	7	7	0	7	0	0	0
8815_sub2	0	1	0	1	0	0	0	1
8824_sub0	0	1	0	1	0	0	0	1
8824_sub1	1	6	4	2	4	2	0	0
8824_sub2	0	1	0	1	0	0	0	1
8826_sub0	1	6	3	3	3	3	0	0
8847_sub0	0	1	0	1	0	0	0	1
8847_sub1	0	1	1	0	0	0	1	0
8847_sub2	0	1	0	1	0	0	0	1
8847_sub3	0	1	1	0	0	0	1	0
8847_sub4	0	1	0	1	0	0	0	1
8847_sub5	0	1	0	1	0	0	0	1
8853_sub0	0	4	1	3	0	0	1	3
8853_sub1	0	1	1	0	0	0	1	0
8853_sub2	0	1	1	0	0	0	1	0
8853_sub3	0	1	1	0	0	0	1	0
8856_sub0	0	1	1	0	0	0	1	0
8856_sub1	1	11	5	6	5	6	0	0
8865_sub0	0	3	1	2	0	0	1	2
8865_sub1	0	1	1	0	0	0	1	0
8865_sub2	0	1	0	1	0	0	0	1
8865_sub3	0	1	0	1	0	0	0	1
8865_sub4	0	1	0	1	0	0	0	1
887_sub0	0	1	0	1	0	0	0	1
887_sub1	1	16	6	10	6	10	0	0
8873_sub0	1	9	5	4	5	4	0	0
8873_sub1	0	1	1	0	0	0	1	0
8873_sub2	0	1	1	0	0	0	1	0
8873_sub3	0	1	1	0	0	0	1	0
8877_sub0	0	5	2	3	0	0	2	3
8877_sub1	0	1	0	1	0	0	0	1
8877_sub2	0	1	0	1	0	0	0	1
8879_sub0	1	6	4	2	4	2	0	0
8879_sub1	0	1	0	1	0	0	0	1
8879_sub2	0	1	1	0	0	0	1	0
8879_sub3	0	1	0	1	0	0	0	1
890_sub0	1	8	3	5	3	5	0	0
890_sub1	0	1	1	0	0	0	1	0
8901_sub0	1	7	6	1	6	1	0	0
8901_sub1	0	1	0	1	0	0	0	1
8904_sub0	1	6	5	1	5	1	0	0
8913_sub0	0	2	1	1	0	0	1	1
8913_sub1	0	1	1	0	0	0	1	0
8913_sub2	0	1	1	0	0	0	1	0
8913_sub3	0	2	0	2	0	0	0	2
8913_sub4	0	1	1	0	0	0	1	0
8936_sub0	0	5	4	1	0	0	4	1
8936_sub1	0	1	1	0	0	0	1	0
8936_sub2	0	1	1	0	0	0	1	0
8936_sub3	0	1	1	0	0	0	1	0
8936_sub4	0	1	1	0	0	0	1	0
8955_sub0	1	7	3	4	3	4	0	0
8960_sub0	0	1	0	1	0	0	0	1
8960_sub1	1	9	7	2	7	2	0	0
8960_sub2	0	1	0	1	0	0	0	1
8969_sub0	1	6	2	4	2	4	0	0
8969_sub1	0	1	1	0	0	0	1	0
8971_sub0	0	5	3	2	0	0	3	2
8971_sub1	0	1	1	0	0	0	1	0
8971_sub2	0	1	0	1	0	0	0	1
8971_sub3	0	1	1	0	0	0	1	0
8973_sub0	1	9	1	8	1	8	0	0
8973_sub1	0	1	0	1	0	0	0	1
8986_sub0	1	8	2	6	2	6	0	0
8986_sub1	0	1	1	0	0	0	1	0
8989_sub0	0	3	1	2	0	0	1	2
8989_sub1	0	1	0	1	0	0	0	1
8989_sub2	0	1	1	0	0	0	1	0
8989_sub3	0	1	1	0	0	0	1	0
8994_sub0	1	6	4	2	4	2	0	0
90_sub0	0	1	1	0	0	0	1	0
90_sub1	0	4	1	3	0	0	1	3
90_sub2	0	1	1	0	0	0	1	0
90_sub3	0	1	0	1	0	0	0	1
90_sub4	0	1	1	0	0	0	1	0
9015_sub0	0	5	3	2	0	0	3	2
9015_sub1	0	1	0	1	0	0	0	1
903_sub0	0	1	0	1	0	0	0	1
903_sub1	0	5	3	2	0	0	3	2
9049_sub0	1	6	3	3	3	3	0	0
9049_sub1	0	1	1	0	0	0	1	0
9049_sub2	0	1	1	0	0	0	1	0
9049_sub3	0	1	1	0	0	0	1	0
9054_sub0	1	9	4	5	4	5	0	0
9054_sub1	0	1	0	1	0	0	0	1
9054_sub2	0	1	0	1	0	0	0	1
91_sub0	0	1	0	1	0	0	0	1
91_sub1	0	1	0	1	0	0	0	1
91_sub2	0	5	1	4	0	0	1	4
91_sub3	0	1	0	1	0	0	0	1
91_sub4	0	1	1	0	0	0	1	0
910_sub0	0	5	1	4	0	0	1	4
910_sub1	0	1	1	0	0	0	1	0
9113_sub0	0	4	2	2	0	0	2	2
9113_sub1	0	1	1	0	0	0	1	0
9113_sub2	0	1	1	0	0	0	1	0
9125_sub0	1	8	4	4	4	4	0	0
9125_sub1	0	1	0	1	0	0	0	1
9135_sub0	0	1	0	1	0	0	0	1
9135_sub1	0	1	1	0	0	0	1	0
9135_sub2	0	1	1	0	0	0	1	0
9135_sub3	0	1	1	0	0	0	1	0
9135_sub4	0	1	1	0	0	0	1	0
9135_sub5	0	1	0	1	0	0	0	1
914_sub0	1	7	4	3	4	3	0	0
914_sub1	0	1	1	0	0	0	1	0
914_sub2	0	1	1	0	0	0	1	0
9166_sub0	0	1	1	0	0	0	1	0
9166_sub1	0	1	1	0	0	0	1	0
9166_sub2	0	1	1	0	0	0	1	0
9166_sub3	0	3	1	2	0	0	1	2
9166_sub4	0	1	0	1	0	0	0	1
9166_sub5	0	1	0	1	0	0	0	1
917_sub0	0	5	1	4	0	0	1	4
917_sub1	0	1	0	1	0	0	0	1
918_sub0	1	7	1	6	1	6	0	0
920_sub0	0	5	2	3	0	0	2	3
920_sub1	0	1	1	0	0	0	1	0
920_sub2	0	1	0	1	0	0	0	1
922_sub0	0	5	1	4	0	0	1	4
922_sub1	0	1	1	0	0	0	1	0
922_sub2	0	1	0	1	0	0	0	1
922_sub3	0	1	0	1	0	0	0	1
922_sub4	0	1	1	0	0	0	1	0
922_sub5	0	1	1	0	0	0	1	0
9230_sub0	0	1	0	1	0	0	0	1
9230_sub1	0	5	2	3	0	0	2	3
9230_sub2	0	1	1	0	0	0	1	0
9230_sub3	0	1	1	0	0	0	1	0
9230_sub4	0	1	1	0	0	0	1	0
9230_sub5	0	1	1	0	0	0	1	0
9232_sub0	1	6	4	2	4	2	0	0
9232_sub1	0	1	0	1	0	0	0	1
9235_sub0	0	5	1	4	0	0	1	4
9235_sub1	0	1	1	0	0	0	1	0
9235_sub2	0	1	1	0	0	0	1	0
9250_sub0	0	1	0	1	0	0	0	1
9250_sub1	0	1	1	0	0	0	1	0
9250_sub2	0	1	0	1	0	0	0	1
9250_sub3	0	1	1	0	0	0	1	0
9250_sub4	0	1	0	1	0	0	0	1
9250_sub5	0	1	0	1	0	0	0	1
928_sub0	1	12	7	5	7	5	0	0
928_sub1	0	1	0	1	0	0	0	1
928_sub2	0	1	1	0	0	0	1	0
928_sub3	0	1	0	1	0	0	0	1
928_sub4	0	1	1	0	0	0	1	0
928_sub5	0	1	0	1	0	0	0	1
9347_sub0	0	1	0	1	0	0	0	1
9347_sub1	1	6	2	4	2	4	0	0
9347_sub2	0	1	0	1	0	0	0	1
9369_sub0	0	1	1	0	0	0	1	0
9369_sub1	0	1	1	0	0	0	1	0
9369_sub2	0	1	1	0	0	0	1	0
9369_sub3	0	2	1	1	0	0	1	1
9369_sub4	0	1	1	0	0	0	1	0
938_sub0	1	6	2	4	2	4	0	0
938_sub1	0	1	1	0	0	0	1	0
938_sub2	0	1	0	1	0	0	0	1
938_sub3	0	1	0	1	0	0	0	1
9380_sub0	0	1	0	1	0	0	0	1
9380_sub1	0	5	3	2	0	0	3	2
9380_sub2	0	1	1	0	0	0	1	0
9380_sub3	0	1	1	0	0	0	1	0
9380_sub4	0	1	1	0	0	0	1	0
9380_sub5	0	1	0	1	0	0	0	1
9384_sub0	0	4	0	4	0	0	0	4
9384_sub1	0	1	0	1	0	0	0	1
9384_sub2	0	1	1	0	0	0	1	0
9384_sub3	0	1	1	0	0	0	1	0
9394_sub0	0	1	0	1	0	0	0	1
9394_sub1	0	1	0	1	0	0	0	1
9394_sub2	0	4	3	1	0	0	3	1
941_sub0	0	1	1	0	0	0	1	0
941_sub1	0	1	1	0	0	0	1	0
941_sub2	1	8	4	4	4	4	0	0
9430_sub0	0	1	0	1	0	0	0	1
9430_sub1	0	5	4	1	0	0	4	1
9430_sub2	0	1	1	0	0	0	1	0
9432_sub0	0	1	1	0	0	0	1	0
9432_sub1	0	4	2	2	0	0	2	2
9432_sub2	0	1	1	0	0	0	1	0
9435_sub0	0	1	1	0	0	0	1	0
9435_sub1	0	5	2	3	0	0	2	3
9435_sub2	0	1	0	1	0	0	0	1
9435_sub3	0	1	0	1	0	0	0	1
945_sub0	1	8	2	6	2	6	0	0
945_sub1	0	1	1	0	0	0	1	0
9458_sub0	0	3	1	2	0	0	1	2
9458_sub1	0	1	0	1	0	0	0	1
9458_sub2	0	1	1	0	0	0	1	0
9458_sub3	0	1	0	1	0	0	0	1
9464_sub0	0	1	1	0	0	0	1	0
9464_sub1	0	4	1	3	0	0	1	3
9464_sub2	0	1	0	1	0	0	0	1
9473_sub0	1	8	3	5	3	5	0	0
9473_sub1	0	1	0	1	0	0	0	1
9473_sub2	0	1	1	0	0	0	1	0
9473_sub3	0	1	0	1	0	0	0	1
9475_sub0	1	6	2	4	2	4	0	0
9475_sub1	0	1	0	1	0	0	0	1
9475_sub2	0	1	0	1	0	0	0	1
9475_sub3	0	1	1	0	0	0	1	0
9475_sub4	0	1	1	0	0	0	1	0
9475_sub5	0	1	0	1	0	0	0	1
949_sub0	1	7	4	3	4	3	0	0
9519_sub0	0	1	0	1	0	0	0	1
9519_sub1	1	9	5	4	5	4	0	0
9526_sub0	1	9	8	1	8	1	0	0
9526_sub1	0	1	0	1	0	0	0	1
9526_sub2	0	1	0	1	0	0	0	1
9540_sub0	0	4	2	2	0	0	2	2
9540_sub1	0	1	0	1	0	0	0	1
9540_sub2	0	1	0	1	0	0	0	1
9540_sub3	0	1	0	1	0	0	0	1
9587_sub0	0	5	4	1	0	0	4	1
9587_sub1	0	1	0	1	0	0	0	1
959_sub0	1	9	5	4	5	4	0	0
959_sub1	0	1	1	0	0	0	1	0
959_sub2	0	1	1	0	0	0	1	0
959_sub3	0	1	0	1	0	0	0	1
9591_sub0	0	1	1	0	0	0	1	0
9591_sub1	0	2	1	1	0	0	1	1
9591_sub2	0	1	1	0	0	0	1	0
9591_sub3	0	1	0	1	0	0	0	1
9591_sub4	0	1	0	1	0	0	0	1
9591_sub5	0	1	0	1	0	0	0	1
9597_sub0	0	1	1	0	0	0	1	0
9597_sub1	0	1	1	0	0	0	1	0
9597_sub2	1	10	8	2	8	2	0	0
96_sub0	0	1	1	0	0	0	1	0
96_sub1	0	1	0	1	0	0	0	1
96_sub2	0	1	0	1	0	0	0	1
96_sub3	0	1	1	0	0	0	1	0
96_sub4	0	1	0	1	0	0	0	1
96_sub5	1	13	9	4	9	4	0	0
96_sub6	0	1	0	1	0	0	0	1
96_sub7	0	1	0	1	0	0	0	1
96_sub8	0	1	0	1	0	0	0	1
9613_sub0	0	3	3	0	0	0	3	0
9613_sub1	0	3	0	3	0	0	0	3
9613_sub2	0	1	0	1	0	0	0	1
9613_sub3	0	1	0	1	0	0	0	1
965_sub0	0	1	0	1	0	0	0	1
965_sub1	0	1	1	0	0	0	1	0
965_sub2	0	1	1	0	0	0	1	0
965_sub3	0	3	2	1	0	0	2	1
9665_sub0	1	7	4	3	4	3	0	0
9665_sub1	0	1	0	1	0	0	0	1
9665_sub2	0	1	0	1	0	0	0	1
9665_sub3	0	1	1	0	0	0	1	0
9665_sub4	0	1	1	0	0	0	1	0
9668_sub0	0	1	0	1	0	0	0	1
9668_sub1	0	1	0	1	0	0	0	1
9668_sub2	0	1	0	1	0	0	0	1
9668_sub3	1	6	3	3	3	3	0	0
967_sub0	0	1	0	1	0	0	0	1
967_sub1	0	1	1	0	0	0	1	0
967_sub2	0	1	0	1	0	0	0	1
967_sub3	0	1	0	1	0	0	0	1
967_sub4	0	1	0	1	0	0	0	1
967_sub5	0	1	1	0	0	0	1	0
9724_sub0	0	3	0	3	0	0	0	3
9724_sub1	0	1	1	0	0	0	1	0
9724_sub2	0	1	0	1	0	0	0	1
9724_sub3	0	1	0	1	0	0	0	1
9724_sub4	0	1	0	1	0	0	0	1
9724_sub5	0	1	0	1	0	0	0	1
9731_sub0	0	5	2	3	0	0	2	3
9731_sub1	0	1	1	0	0	0	1	0
9773_sub0	1	6	2	4	2	4	0	0
9790_sub0	0	1	0	1	0	0	0	1
9790_sub1	0	1	1	0	0	0	1	0
9790_sub2	0	1	1	0	0	0	1	0
9790_sub3	0	4	1	3	0	0	1	3
982_sub0	0	1	1	0	0	0	1	0
982_sub1	0	1	0	1	0	0	0	1
982_sub2	0	3	1	2	0	0	1	2
982_sub3	0	1	0	1	0	0	0	1
9846_sub0	0	5	2	3	0	0	2	3
9846_sub1	0	1	1	0	0	0	1	0
9846_sub2	0	1	0	1	0	0	0	1
9846_sub3	0	1	0	1	0	0	0	1
9846_sub4	0	1	0	1	0	0	0	1
9862_sub0	1	10	5	5	5	5	0	0
9862_sub1	0	1	1	0	0	0	1	0
9862_sub2	0	1	1	0	0	0	1	0
987_sub0	0	1	0	1	0	0	0	1
987_sub1	1	9	4	5	4	5	0	0
9903_sub0	1	6	4	2	4	2	0	0
9903_sub1	0	1	0	1	0	0	0	1
9903_sub2	0	1	1	0	0	0	1	0
9907_sub0	0	4	3	1	0	0	3	1
9907_sub1	0	1	0	1	0	0	0	1
9907_sub2	0	1	1	0	0	0	1	0
9921_sub0	0	1	1	0	0	0	1	0
9921_sub1	0	4	3	1	0	0	3	1
9921_sub2	0	1	0	1	0	0	0	1
9936_sub0	0	1	1	0	0	0	1	0
9936_sub1	0	1	0	1	0	0	0	1
9936_sub2	0	1	1	0	0	0	1	0
9936_sub3	0	1	0	1	0	0	0	1
9936_sub4	0	1	1	0	0	0	1	0
9936_sub5	0	1	0	1	0	0	0	1
9961_sub0	0	2	2	0	0	0	2	0
9961_sub1	0	1	0	1	0	0	0	1
9961_sub2	0	1	0	1	0	0	0	1
9961_sub3	0	1	1	0	0	0	1	0
9961_sub4	0	1	1	0	0	0	1	0
997_sub0	0	1	0	1	0	0	0	1
997_sub1	0	1	0	1	0	0	0	1
997_sub2	0	4	3	1	0	0	3	1
998_sub0	1	10	5	5	5	5	0	0
998_sub1	0	1	0	1	0	0	0	1
998_sub2	0	1	0	1	0	0	0	1
9990_sub0	0	1	0	1	0	0	0	1
9990_sub1	1	6	4	2	4	2	0	0
9990_sub2	0	1	0	1	0	0	0	1
