cluster_id	cluster_written	reads_found	reads_found_fwd	reads_found_rev	reads_written_fwd	reads_written_rev	reads_skipped_fwd	reads_skipped_rev
10047_sub0	0	1	1	0	0	0	1	0
10047_sub1	0	1	0	1	0	0	0	1
10047_sub2	0	5	0	5	0	0	0	5
10047_sub3	0	1	1	0	0	0	1	0
1009_sub0	0	4	1	3	0	0	1	3
1009_sub1	0	1	1	0	0	0	1	0
1009_sub2	0	1	1	0	0	0	1	0
1016_sub0	0	1	0	1	0	0	0	1
1016_sub1	1	8	4	4	4	4	0	0
1016_sub2	0	1	1	0	0	0	1	0
1017_sub0	1	9	5	4	5	4	0	0
1017_sub1	0	1	0	1	0	0	0	1
10204_sub0	1	9	4	5	4	5	0	0
10204_sub1	0	1	1	0	0	0	1	0
10215_sub0	1	6	2	4	2	4	0	0
10215_sub1	0	1	1	0	0	0	1	0
10215_sub2	0	1	1	0	0	0	1	0
10215_sub3	0	1	1	0	0	0	1	0
10236_sub0	0	5	2	3	0	0	2	3
10236_sub1	0	1	0	1	0	0	0	1
10248_sub0	1	8	3	5	3	5	0	0
1025_sub0	0	1	0	1	0	0	0	1
1025_sub1	0	1	0	1	0	0	0	1
1025_sub2	0	3	3	0	0	0	3	0
1025_sub3	0	1	1	0	0	0	1	0
1025_sub4	0	1	1	0	0	0	1	0
10258_sub0	0	1	1	0	0	0	1	0
10258_sub1	0	1	0	1	0	0	0	1
10258_sub2	0	4	2	2	0	0	2	2
103_sub0	0	1	0	1	0	0	0	1
103_sub1	1	7	5	2	5	2	0	0
10394_sub0	1	6	6	0	6	0	0	0
1045_sub0	0	1	0	1	0	0	0	1
1045_sub1	0	3	2	1	0	0	2	1
1045_sub2	0	1	1	0	0	0	1	0
1045_sub3	0	1	1	0	0	0	1	0
10451_sub0	0	5	2	3	0	0	2	3
10451_sub1	0	1	1	0	0	0	1	0
10508_sub0	0	4	3	1	0	0	3	1
10508_sub1	0	1	0	1	0	0	0	1
10508_sub2	0	1	1	0	0	0	1	0
10522_sub0	0	5	4	1	0	0	4	1
10522_sub1	0	1	0	1	0	0	0	1
10522_sub2	0	1	0	1	0	0	0	1
10559_sub0	1	6	5	1	5	1	0	0
10559_sub1	0	1	0	1	0	0	0	1
1056_sub0	0	5	2	3	0	0	2	3
1056_sub1	0	1	1	0	0	0	1	0
1056_sub2	0	1	0	1	0	0	0	1
1056_sub3	0	1	0	1	0	0	0	1
1057_sub0	0	1	1	0	0	0	1	0
1057_sub1	1	10	4	6	4	6	0	0
1057_sub2	0	1	1	0	0	0	1	0
1057_sub3	0	1	1	0	0	0	1	0
1057_sub4	0	1	1	0	0	0	1	0
10580_sub0	0	1	1	0	0	0	1	0
10580_sub1	0	1	0	1	0	0	0	1
10580_sub2	0	1	0	1	0	0	0	1
10580_sub3	0	3	1	2	0	0	1	2
10585_sub0	0	1	0	1	0	0	0	1
10585_sub1	0	1	0	1	0	0	0	1
10585_sub2	0	1	0	1	0	0	0	1
10585_sub3	0	1	0	1	0	0	0	1
10585_sub4	0	1	1	0	0	0	1	0
10585_sub5	0	1	1	0	0	0	1	0
10585_sub6	0	1	1	0	0	0	1	0
10647_sub0	0	5	3	2	0	0	3	2
10647_sub1	0	1	1	0	0	0	1	0
10647_sub2	0	1	1	0	0	0	1	0
10647_sub3	0	1	1	0	0	0	1	0
10647_sub4	0	1	1	0	0	0	1	0
10658_sub0	0	5	3	2	0	0	3	2
10658_sub1	0	1	0	1	0	0	0	1
1067_sub0	1	9	5	4	5	4	0	0
1067_sub1	0	1	0	1	0	0	0	1
1067_sub2	0	1	0	1	0	0	0	1
1075_sub0	0	5	4	1	0	0	4	1
1075_sub1	0	1	0	1	0	0	0	1
1075_sub2	0	1	0	1	0	0	0	1
1076_sub0	1	9	4	5	4	5	0	0
108_sub0	0	1	0	1	0	0	0	1
108_sub1	1	7	3	4	3	4	0	0
108_sub2	0	1	1	0	0	0	1	0
108_sub3	0	2	2	0	0	0	2	0
10822_sub0	0	4	2	2	0	0	2	2
10822_sub1	0	1	1	0	0	0	1	0
10822_sub2	0	1	1	0	0	0	1	0
10876_sub0	0	3	2	1	0	0	2	1
10876_sub1	0	1	0	1	0	0	0	1
10876_sub2	0	1	1	0	0	0	1	0
10876_sub3	0	1	1	0	0	0	1	0
1089_sub0	1	6	1	5	1	5	0	0
1090_sub0	0	1	0	1	0	0	0	1
1090_sub1	1	10	5	5	5	5	0	0
1090_sub2	0	1	1	0	0	0	1	0
10918_sub0	0	4	2	2	0	0	2	2
10918_sub1	0	1	0	1	0	0	0	1
10918_sub2	0	1	0	1	0	0	0	1
10929_sub0	0	4	2	2	0	0	2	2
10929_sub1	0	1	0	1	0	0	0	1
10929_sub2	0	1	0	1	0	0	0	1
1095_sub0	0	1	0	1	0	0	0	1
1095_sub1	1	10	7	3	7	3	0	0
1095_sub2	0	1	0	1	0	0	0	1
10970_sub0	0	1	1	0	0	0	1	0
10970_sub1	1	6	2	4	2	4	0	0
10970_sub2	0	1	1	0	0	0	1	0
10983_sub0	1	6	4	2	4	2	0	0
10991_sub0	0	1	0	1	0	0	0	1
10991_sub1	0	1	0	1	0	0	0	1
10991_sub2	1	6	2	4	2	4	0	0
110_sub0	0	1	1	0	0	0	1	0
110_sub1	0	5	4	1	0	0	4	1
1101_sub0	0	1	0	1	0	0	0	1
1101_sub1	0	1	1	0	0	0	1	0
1101_sub2	1	6	4	2	4	2	0	0
1104_sub0	0	1	1	0	0	0	1	0
1104_sub1	0	1	1	0	0	0	1	0
1104_sub2	0	5	5	0	0	0	5	0
1104_sub3	0	1	1	0	0	0	1	0
1106_sub0	1	9	5	4	5	4	0	0
1106_sub1	0	1	0	1	0	0	0	1
111_sub0	1	7	3	4	3	4	0	0
111_sub1	0	1	0	1	0	0	0	1
1111_sub0	1	8	3	5	3	5	0	0
1111_sub1	0	1	0	1	0	0	0	1
1111_sub2	0	1	1	0	0	0	1	0
1111_sub3	0	1	0	1	0	0	0	1
11126_sub0	0	5	2	3	0	0	2	3
11126_sub1	0	1	0	1	0	0	0	1
1113_sub0	1	6	3	3	3	3	0	0
1113_sub1	0	1	0	1	0	0	0	1
1116_sub0	0	5	2	3	0	0	2	3
1116_sub1	0	1	1	0	0	0	1	0
11165_sub0	0	1	1	0	0	0	1	0
11165_sub1	1	6	2	4	2	4	0	0
11167_sub0	0	3	2	1	0	0	2	1
11167_sub1	0	1	1	0	0	0	1	0
11167_sub2	0	1	0	1	0	0	0	1
11167_sub3	0	1	0	1	0	0	0	1
1117_sub0	0	5	5	0	0	0	5	0
1117_sub1	0	1	0	1	0	0	0	1
11249_sub0	1	6	2	4	2	4	0	0
1126_sub0	1	6	1	5	1	5	0	0
1126_sub1	0	1	0	1	0	0	0	1
11285_sub0	0	1	1	0	0	0	1	0
11285_sub1	0	1	1	0	0	0	1	0
11285_sub2	0	4	0	4	0	0	0	4
11298_sub0	1	6	3	3	3	3	0	0
11304_sub0	1	6	2	4	2	4	0	0
11304_sub1	0	1	0	1	0	0	0	1
11314_sub0	0	1	1	0	0	0	1	0
11314_sub1	0	1	1	0	0	0	1	0
11314_sub2	0	1	0	1	0	0	0	1
11314_sub3	0	1	1	0	0	0	1	0
11314_sub4	0	1	0	1	0	0	0	1
11314_sub5	0	1	0	1	0	0	0	1
1133_sub0	1	6	2	4	2	4	0	0
11330_sub0	0	4	1	3	0	0	1	3
11330_sub1	0	1	0	1	0	0	0	1
11330_sub2	0	1	1	0	0	0	1	0
11337_sub0	0	1	1	0	0	0	1	0
11337_sub1	0	1	0	1	0	0	0	1
11337_sub2	0	1	0	1	0	0	0	1
11337_sub3	0	1	1	0	0	0	1	0
11337_sub4	0	1	1	0	0	0	1	0
11337_sub5	0	1	1	0	0	0	1	0
1135_sub0	1	15	9	6	9	6	0	0
1135_sub1	0	1	1	0	0	0	1	0
1135_sub2	0	1	0	1	0	0	0	1
1135_sub3	0	1	0	1	0	0	0	1
1135_sub4	0	1	1	0	0	0	1	0
1135_sub5	0	1	1	0	0	0	1	0
1135_sub6	0	1	0	1	0	0	0	1
11355_sub0	1	9	5	4	5	4	0	0
11398_sub0	0	5	4	1	0	0	4	1
11398_sub1	0	1	0	1	0	0	0	1
1145_sub0	1	11	3	8	3	8	0	0
1145_sub1	0	1	1	0	0	0	1	0
1145_sub2	0	1	0	1	0	0	0	1
1146_sub0	1	7	4	3	4	3	0	0
1146_sub1	0	1	1	0	0	0	1	0
1146_sub2	0	1	1	0	0	0	1	0
1147_sub0	0	1	0	1	0	0	0	1
1147_sub1	1	9	7	2	7	2	0	0
1147_sub2	0	1	0	1	0	0	0	1
1147_sub3	0	1	0	1	0	0	0	1
1151_sub0	0	1	0	1	0	0	0	1
1151_sub1	0	1	1	0	0	0	1	0
1151_sub2	1	6	2	4	2	4	0	0
11547_sub0	0	3	2	1	0	0	2	1
11547_sub1	0	1	1	0	0	0	1	0
11547_sub2	0	1	0	1	0	0	0	1
11547_sub3	0	1	0	1	0	0	0	1
1157_sub0	1	7	2	5	2	5	0	0
1157_sub1	0	1	0	1	0	0	0	1
1157_sub2	0	1	1	0	0	0	1	0
11573_sub0	0	5	2	3	0	0	2	3
11573_sub1	0	1	0	1	0	0	0	1
11573_sub2	0	1	0	1	0	0	0	1
1162_sub0	0	5	0	5	0	0	0	5
1162_sub1	0	1	1	0	0	0	1	0
11650_sub0	0	4	2	2	0	0	2	2
11650_sub1	0	1	1	0	0	0	1	0
11650_sub2	0	1	1	0	0	0	1	0
1166_sub0	0	1	0	1	0	0	0	1
1166_sub1	0	5	4	1	0	0	4	1
1167_sub0	1	8	4	4	4	4	0	0
1167_sub1	0	1	0	1	0	0	0	1
1167_sub2	0	1	1	0	0	0	1	0
1167_sub3	0	1	1	0	0	0	1	0
1167_sub4	0	1	0	1	0	0	0	1
11677_sub0	1	9	3	6	3	6	0	0
11677_sub1	0	1	1	0	0	0	1	0
1169_sub0	0	5	4	1	0	0	4	1
1169_sub1	0	1	0	1	0	0	0	1
117_sub0	0	1	1	0	0	0	1	0
117_sub1	0	5	4	1	0	0	4	1
1171_sub0	0	1	0	1	0	0	0	1
1171_sub1	0	3	1	2	0	0	1	2
1171_sub2	0	1	0	1	0	0	0	1
1171_sub3	0	1	0	1	0	0	0	1
11726_sub0	0	4	1	3	0	0	1	3
11726_sub1	0	1	1	0	0	0	1	0
11726_sub2	0	1	0	1	0	0	0	1
1176_sub0	1	6	2	4	2	4	0	0
1179_sub0	0	1	0	1	0	0	0	1
1179_sub1	0	5	1	4	0	0	1	4
1179_sub2	0	1	1	0	0	0	1	0
1180_sub0	0	1	0	1	0	0	0	1
1180_sub1	1	9	4	5	4	5	0	0
1184_sub0	0	1	1	0	0	0	1	0
1184_sub1	1	6	3	3	3	3	0	0
1184_sub2	0	1	1	0	0	0	1	0
1186_sub0	0	1	0	1	0	0	0	1
1186_sub1	0	5	4	1	0	0	4	1
1186_sub2	0	1	0	1	0	0	0	1
1186_sub3	0	1	0	1	0	0	0	1
1186_sub4	0	1	0	1	0	0	0	1
1186_sub5	0	1	1	0	0	0	1	0
1186_sub6	0	1	0	1	0	0	0	1
1190_sub0	1	9	1	8	1	8	0	0
1191_sub0	0	1	0	1	0	0	0	1
1191_sub1	1	6	4	2	4	2	0	0
1191_sub2	0	1	0	1	0	0	0	1
1191_sub3	0	1	1	0	0	0	1	0
1191_sub4	0	1	1	0	0	0	1	0
1193_sub0	1	9	6	3	6	3	0	0
1195_sub0	0	5	2	3	0	0	2	3
1195_sub1	0	1	0	1	0	0	0	1
1195_sub2	0	1	0	1	0	0	0	1
11958_sub0	0	1	0	1	0	0	0	1
11958_sub1	0	5	1	4	0	0	1	4
11958_sub2	0	1	1	0	0	0	1	0
1197_sub0	0	1	0	1	0	0	0	1
1197_sub1	1	9	5	4	5	4	0	0
1197_sub2	0	1	0	1	0	0	0	1
1201_sub0	1	11	3	8	3	8	0	0
1201_sub1	0	1	0	1	0	0	0	1
1201_sub2	0	1	0	1	0	0	0	1
1201_sub3	0	1	0	1	0	0	0	1
12040_sub0	1	6	4	2	4	2	0	0
12049_sub0	0	4	3	1	0	0	3	1
12049_sub1	0	1	0	1	0	0	0	1
12049_sub2	0	1	0	1	0	0	0	1
12049_sub3	0	1	0	1	0	0	0	1
1209_sub0	1	6	1	5	1	5	0	0
1209_sub1	0	1	0	1	0	0	0	1
1209_sub2	0	1	1	0	0	0	1	0
1216_sub0	1	10	4	6	4	6	0	0
1216_sub1	0	1	1	0	0	0	1	0
1218_sub0	0	1	0	1	0	0	0	1
1218_sub1	0	3	2	1	0	0	2	1
1218_sub2	0	1	0	1	0	0	0	1
1218_sub3	0	1	0	1	0	0	0	1
122_sub0	0	1	1	0	0	0	1	0
122_sub1	0	1	0	1	0	0	0	1
122_sub2	0	5	3	2	0	0	3	2
122_sub3	0	1	0	1	0	0	0	1
122_sub4	0	1	0	1	0	0	0	1
122_sub5	0	1	0	1	0	0	0	1
1222_sub0	0	1	1	0	0	0	1	0
1222_sub1	0	5	3	2	0	0	3	2
1222_sub2	0	1	0	1	0	0	0	1
1222_sub3	0	1	1	0	0	0	1	0
1226_sub0	1	9	4	5	4	5	0	0
1226_sub1	0	1	0	1	0	0	0	1
1226_sub2	0	1	1	0	0	0	1	0
1226_sub3	0	1	0	1	0	0	0	1
12262_sub0	0	1	1	0	0	0	1	0
12262_sub1	0	5	0	5	0	0	0	5
12262_sub2	0	1	0	1	0	0	0	1
1245_sub0	0	1	1	0	0	0	1	0
1245_sub1	0	1	0	1	0	0	0	1
1245_sub2	1	7	3	4	3	4	0	0
1245_sub3	0	2	0	2	0	0	0	2
1245_sub4	0	1	0	1	0	0	0	1
1254_sub0	1	6	2	4	2	4	0	0
1255_sub0	1	7	4	3	4	3	0	0
12555_sub0	1	6	3	3	3	3	0	0
12555_sub1	0	1	0	1	0	0	0	1
12555_sub2	0	1	1	0	0	0	1	0
12613_sub0	0	1	0	1	0	0	0	1
12613_sub1	0	4	3	1	0	0	3	1
12613_sub2	0	1	0	1	0	0	0	1
1267_sub0	0	1	0	1	0	0	0	1
1267_sub1	1	6	2	4	2	4	0	0
1267_sub2	0	1	1	0	0	0	1	0
1274_sub0	1	8	5	3	5	3	0	0
1274_sub1	0	1	0	1	0	0	0	1
1274_sub2	0	1	0	1	0	0	0	1
1274_sub3	0	2	0	2	0	0	0	2
1277_sub0	1	7	3	4	3	4	0	0
12833_sub0	0	5	3	2	0	0	3	2
12833_sub1	0	1	0	1	0	0	0	1
1284_sub0	1	7	4	3	4	3	0	0
1284_sub1	0	1	0	1	0	0	0	1
1284_sub2	0	1	1	0	0	0	1	0
1284_sub3	0	1	0	1	0	0	0	1
1288_sub0	0	1	0	1	0	0	0	1
1288_sub1	1	6	2	4	2	4	0	0
1292_sub0	0	1	0	1	0	0	0	1
1292_sub1	0	5	4	1	0	0	4	1
1294_sub0	0	1	0	1	0	0	0	1
1294_sub1	0	1	1	0	0	0	1	0
1294_sub2	1	11	5	6	5	6	0	0
1294_sub3	0	1	0	1	0	0	0	1
1299_sub0	0	1	1	0	0	0	1	0
1299_sub1	0	1	0	1	0	0	0	1
1299_sub2	0	1	1	0	0	0	1	0
1299_sub3	1	8	4	4	4	4	0	0
13_sub0	0	1	0	1	0	0	0	1
13_sub1	0	1	0	1	0	0	0	1
13_sub2	1	7	5	2	5	2	0	0
13042_sub0	0	1	1	0	0	0	1	0
13042_sub1	1	6	2	4	2	4	0	0
13117_sub0	0	1	0	1	0	0	0	1
13117_sub1	0	4	4	0	0	0	4	0
13117_sub2	0	1	0	1	0	0	0	1
1312_sub0	0	1	0	1	0	0	0	1
1312_sub1	1	6	4	2	4	2	0	0
13121_sub0	0	1	1	0	0	0	1	0
13121_sub1	0	3	1	2	0	0	1	2
13121_sub2	0	1	1	0	0	0	1	0
13121_sub3	0	1	0	1	0	0	0	1
1315_sub0	1	6	1	5	1	5	0	0
1315_sub1	0	1	0	1	0	0	0	1
1315_sub2	0	1	1	0	0	0	1	0
1315_sub3	0	1	1	0	0	0	1	0
1323_sub0	0	4	2	2	0	0	2	2
1323_sub1	0	1	0	1	0	0	0	1
1323_sub2	0	1	0	1	0	0	0	1
1325_sub0	0	1	0	1	0	0	0	1
1325_sub1	1	6	3	3	3	3	0	0
1325_sub2	0	1	1	0	0	0	1	0
13257_sub0	1	7	3	4	3	4	0	0
13362_sub0	1	6	4	2	4	2	0	0
13362_sub1	0	1	0	1	0	0	0	1
13362_sub2	0	1	0	1	0	0	0	1
13391_sub0	0	2	1	1	0	0	1	1
13391_sub1	0	3	2	1	0	0	2	1
13391_sub2	0	1	1	0	0	0	1	0
134_sub0	0	1	1	0	0	0	1	0
134_sub1	1	7	2	5	2	5	0	0
134_sub2	0	1	1	0	0	0	1	0
134_sub3	0	1	0	1	0	0	0	1
134_sub4	0	1	1	0	0	0	1	0
134_sub5	0	1	1	0	0	0	1	0
134_sub6	0	1	0	1	0	0	0	1
134_sub7	0	1	0	1	0	0	0	1
134_sub8	0	1	0	1	0	0	0	1
1343_sub0	1	7	6	1	6	1	0	0
1349_sub0	0	1	0	1	0	0	0	1
1349_sub1	0	3	1	2	0	0	1	2
1349_sub2	0	1	0	1	0	0	0	1
1349_sub3	0	1	0	1	0	0	0	1
135_sub0	0	1	0	1	0	0	0	1
135_sub1	1	6	2	4	2	4	0	0
1350_sub0	1	8	5	3	5	3	0	0
1350_sub1	0	1	1	0	0	0	1	0
1350_sub2	0	1	0	1	0	0	0	1
1350_sub3	0	1	0	1	0	0	0	1
1350_sub4	0	1	1	0	0	0	1	0
13563_sub0	1	7	3	4	3	4	0	0
13572_sub0	1	6	3	3	3	3	0	0
13594_sub0	0	1	0	1	0	0	0	1
13594_sub1	0	1	1	0	0	0	1	0
13594_sub2	0	1	1	0	0	0	1	0
13594_sub3	0	1	1	0	0	0	1	0
13594_sub4	0	1	1	0	0	0	1	0
13594_sub5	0	1	1	0	0	0	1	0
13594_sub6	0	1	1	0	0	0	1	0
136_sub0	0	1	1	0	0	0	1	0
136_sub1	0	1	0	1	0	0	0	1
136_sub2	0	1	0	1	0	0	0	1
136_sub3	1	9	3	6	3	6	0	0
136_sub4	0	1	0	1	0	0	0	1
136_sub5	0	1	0	1	0	0	0	1
1370_sub0	0	4	2	2	0	0	2	2
1370_sub1	0	1	1	0	0	0	1	0
1370_sub2	0	1	1	0	0	0	1	0
1370_sub3	0	1	0	1	0	0	0	1
13704_sub0	0	3	1	2	0	0	1	2
13704_sub1	0	1	0	1	0	0	0	1
13704_sub2	0	1	0	1	0	0	0	1
13704_sub3	0	1	1	0	0	0	1	0
1373_sub0	0	1	0	1	0	0	0	1
1373_sub1	1	8	3	5	3	5	0	0
1373_sub2	1	8	4	4	4	4	0	0
1373_sub3	0	1	0	1	0	0	0	1
1373_sub4	0	1	1	0	0	0	1	0
13755_sub0	0	5	3	2	0	0	3	2
13755_sub1	0	1	0	1	0	0	0	1
13756_sub0	0	5	3	2	0	0	3	2
13756_sub1	0	1	0	1	0	0	0	1
13800_sub0	0	1	1	0	0	0	1	0
13800_sub1	0	4	3	1	0	0	3	1
13800_sub2	0	1	0	1	0	0	0	1
13800_sub3	0	1	0	1	0	0	0	1
1384_sub0	0	1	0	1	0	0	0	1
1384_sub1	0	1	0	1	0	0	0	1
1384_sub2	0	5	3	2	0	0	3	2
13846_sub0	1	8	5	3	5	3	0	0
13846_sub1	0	1	1	0	0	0	1	0
1386_sub0	0	5	2	3	0	0	2	3
1386_sub1	0	1	1	0	0	0	1	0
1386_sub2	0	1	1	0	0	0	1	0
1387_sub0	0	4	1	3	0	0	1	3
1387_sub1	0	1	1	0	0	0	1	0
1387_sub2	0	1	1	0	0	0	1	0
1388_sub0	0	1	1	0	0	0	1	0
1388_sub1	0	5	1	4	0	0	1	4
1388_sub2	0	1	0	1	0	0	0	1
1389_sub0	0	1	0	1	0	0	0	1
1389_sub1	0	5	1	4	0	0	1	4
1389_sub2	0	1	1	0	0	0	1	0
1389_sub3	0	1	0	1	0	0	0	1
139_sub0	0	1	1	0	0	0	1	0
139_sub1	1	6	3	3	3	3	0	0
1393_sub0	0	1	0	1	0	0	0	1
1393_sub1	0	1	0	1	0	0	0	1
1393_sub2	0	3	1	2	0	0	1	2
1393_sub3	0	1	0	1	0	0	0	1
1397_sub0	0	4	0	4	0	0	0	4
1397_sub1	0	1	1	0	0	0	1	0
1397_sub2	0	1	1	0	0	0	1	0
1398_sub0	1	10	7	3	7	3	0	0
1398_sub1	0	1	1	0	0	0	1	0
1401_sub0	0	5	4	1	0	0	4	1
1401_sub1	0	1	1	0	0	0	1	0
1401_sub2	0	1	1	0	0	0	1	0
1401_sub3	0	1	0	1	0	0	0	1
1403_sub0	0	1	1	0	0	0	1	0
1403_sub1	1	7	3	4	3	4	0	0
1408_sub0	0	3	1	2	0	0	1	2
1408_sub1	0	1	1	0	0	0	1	0
1408_sub2	0	1	0	1	0	0	0	1
1408_sub3	0	1	1	0	0	0	1	0
1415_sub0	0	1	0	1	0	0	0	1
1415_sub1	0	3	0	3	0	0	0	3
1415_sub2	0	1	0	1	0	0	0	1
1415_sub3	0	1	1	0	0	0	1	0
1418_sub0	1	6	3	3	3	3	0	0
1418_sub1	0	1	0	1	0	0	0	1
1419_sub0	0	1	0	1	0	0	0	1
1419_sub1	1	6	3	3	3	3	0	0
1419_sub2	0	1	1	0	0	0	1	0
1421_sub0	0	5	3	2	0	0	3	2
1421_sub1	0	1	0	1	0	0	0	1
14229_sub0	0	1	1	0	0	0	1	0
14229_sub1	0	2	1	1	0	0	1	1
14229_sub2	0	1	0	1	0	0	0	1
14229_sub3	0	1	1	0	0	0	1	0
14229_sub4	0	1	0	1	0	0	0	1
1423_sub0	0	3	1	2	0	0	1	2
1423_sub1	0	1	1	0	0	0	1	0
1423_sub2	0	1	0	1	0	0	0	1
1423_sub3	0	1	1	0	0	0	1	0
1423_sub4	0	1	0	1	0	0	0	1
1423_sub5	0	1	1	0	0	0	1	0
1428_sub0	0	1	0	1	0	0	0	1
1428_sub1	0	4	2	2	0	0	2	2
1428_sub2	0	1	1	0	0	0	1	0
1428_sub3	0	1	0	1	0	0	0	1
1428_sub4	0	1	0	1	0	0	0	1
1434_sub0	1	9	5	4	5	4	0	0
1434_sub1	0	1	1	0	0	0	1	0
1434_sub2	0	1	0	1	0	0	0	1
1434_sub3	0	1	1	0	0	0	1	0
1434_sub4	0	1	1	0	0	0	1	0
1440_sub0	0	1	0	1	0	0	0	1
1440_sub1	0	3	3	0	0	0	3	0
1440_sub2	0	1	1	0	0	0	1	0
1440_sub3	0	1	0	1	0	0	0	1
1440_sub4	0	1	1	0	0	0	1	0
1440_sub5	0	1	1	0	0	0	1	0
1442_sub0	1	7	2	5	2	5	0	0
1442_sub1	0	1	0	1	0	0	0	1
1443_sub0	1	6	3	3	3	3	0	0
1443_sub1	0	1	1	0	0	0	1	0
1443_sub2	0	1	0	1	0	0	0	1
1445_sub0	0	1	0	1	0	0	0	1
1445_sub1	0	3	1	2	0	0	1	2
1445_sub2	0	1	0	1	0	0	0	1
1445_sub3	0	1	1	0	0	0	1	0
1445_sub4	0	1	0	1	0	0	0	1
1449_sub0	1	7	2	5	2	5	0	0
1449_sub1	0	1	1	0	0	0	1	0
14603_sub0	0	1	0	1	0	0	0	1
14603_sub1	0	1	0	1	0	0	0	1
14603_sub2	1	10	6	4	6	4	0	0
1461_sub0	0	1	0	1	0	0	0	1
1461_sub1	0	1	1	0	0	0	1	0
1461_sub2	0	1	1	0	0	0	1	0
1461_sub3	0	1	0	1	0	0	0	1
1461_sub4	0	1	1	0	0	0	1	0
1461_sub5	0	1	1	0	0	0	1	0
1461_sub6	0	1	0	1	0	0	0	1
1465_sub0	1	10	5	5	5	5	0	0
1465_sub1	0	1	0	1	0	0	0	1
1465_sub2	0	1	0	1	0	0	0	1
1468_sub0	1	7	3	4	3	4	0	0
1468_sub1	0	1	0	1	0	0	0	1
1468_sub2	0	1	0	1	0	0	0	1
1468_sub3	0	1	1	0	0	0	1	0
1468_sub4	0	1	1	0	0	0	1	0
1469_sub0	1	7	5	2	5	2	0	0
1469_sub1	0	1	1	0	0	0	1	0
1469_sub2	0	1	0	1	0	0	0	1
1469_sub3	0	1	0	1	0	0	0	1
1470_sub0	0	5	1	4	0	0	1	4
1470_sub1	0	1	1	0	0	0	1	0
1470_sub2	0	1	0	1	0	0	0	1
1470_sub3	0	1	0	1	0	0	0	1
1471_sub0	0	1	0	1	0	0	0	1
1471_sub1	0	5	3	2	0	0	3	2
1471_sub2	0	1	1	0	0	0	1	0
1471_sub3	0	1	0	1	0	0	0	1
1471_sub4	0	1	0	1	0	0	0	1
1474_sub0	0	1	1	0	0	0	1	0
1474_sub1	0	1	0	1	0	0	0	1
1474_sub2	0	1	0	1	0	0	0	1
1474_sub3	0	1	1	0	0	0	1	0
1474_sub4	0	1	0	1	0	0	0	1
1474_sub5	0	1	1	0	0	0	1	0
1476_sub0	1	6	3	3	3	3	0	0
1477_sub0	1	11	4	7	4	7	0	0
1477_sub1	0	1	0	1	0	0	0	1
1477_sub2	0	1	0	1	0	0	0	1
1482_sub0	0	1	1	0	0	0	1	0
1482_sub1	0	1	1	0	0	0	1	0
1482_sub2	0	1	0	1	0	0	0	1
1482_sub3	0	1	1	0	0	0	1	0
1482_sub4	0	1	0	1	0	0	0	1
1482_sub5	0	1	1	0	0	0	1	0
1482_sub6	0	1	0	1	0	0	0	1
1482_sub7	0	1	1	0	0	0	1	0
1486_sub0	0	1	0	1	0	0	0	1
1486_sub1	1	8	5	3	5	3	0	0
1486_sub2	0	1	0	1	0	0	0	1
1486_sub3	0	1	1	0	0	0	1	0
1486_sub4	0	1	0	1	0	0	0	1
14878_sub0	0	1	1	0	0	0	1	0
14878_sub1	1	7	4	3	4	3	0	0
14878_sub2	0	1	1	0	0	0	1	0
149_sub0	0	1	1	0	0	0	1	0
149_sub1	1	7	2	5	2	5	0	0
149_sub2	0	1	0	1	0	0	0	1
149_sub3	0	1	1	0	0	0	1	0
149_sub4	0	1	0	1	0	0	0	1
14970_sub0	0	5	4	1	0	0	4	1
14970_sub1	0	1	0	1	0	0	0	1
15_sub0	0	1	1	0	0	0	1	0
15_sub1	0	1	0	1	0	0	0	1
15_sub2	0	5	3	2	0	0	3	2
15_sub3	0	1	0	1	0	0	0	1
1501_sub0	0	5	3	2	0	0	3	2
1501_sub1	0	1	0	1	0	0	0	1
1504_sub0	0	5	0	5	0	0	0	5
1504_sub1	0	1	1	0	0	0	1	0
1509_sub0	1	8	2	6	2	6	0	0
1509_sub1	0	1	0	1	0	0	0	1
1509_sub2	0	1	1	0	0	0	1	0
151_sub0	0	1	1	0	0	0	1	0
151_sub1	1	6	3	3	3	3	0	0
151_sub2	0	1	0	1	0	0	0	1
1519_sub0	0	1	1	0	0	0	1	0
1519_sub1	0	3	1	2	0	0	1	2
1519_sub2	0	1	0	1	0	0	0	1
1519_sub3	0	1	1	0	0	0	1	0
1521_sub0	0	1	1	0	0	0	1	0
1521_sub1	1	8	5	3	5	3	0	0
1521_sub2	0	1	1	0	0	0	1	0
1523_sub0	1	6	3	3	3	3	0	0
1523_sub1	0	1	0	1	0	0	0	1
1523_sub2	0	1	1	0	0	0	1	0
1523_sub3	0	1	0	1	0	0	0	1
1523_sub4	0	1	0	1	0	0	0	1
1523_sub5	0	1	0	1	0	0	0	1
1530_sub0	0	5	2	3	0	0	2	3
1530_sub1	0	1	0	1	0	0	0	1
1530_sub2	0	1	0	1	0	0	0	1
1530_sub3	0	1	1	0	0	0	1	0
1533_sub0	1	6	0	6	0	6	0	0
1533_sub1	0	1	1	0	0	0	1	0
1533_sub2	0	1	1	0	0	0	1	0
1536_sub0	0	4	1	3	0	0	1	3
1536_sub1	0	1	1	0	0	0	1	0
1536_sub2	0	1	1	0	0	0	1	0
1548_sub0	0	5	0	5	0	0	0	5
1548_sub1	0	1	1	0	0	0	1	0
155_sub0	0	1	1	0	0	0	1	0
155_sub1	0	1	0	1	0	0	0	1
155_sub2	0	5	4	1	0	0	4	1
155_sub3	0	1	1	0	0	0	1	0
1552_sub0	1	12	6	6	6	6	0	0
1552_sub1	0	1	1	0	0	0	1	0
1552_sub2	0	1	0	1	0	0	0	1
1554_sub0	1	8	4	4	4	4	0	0
1554_sub1	0	1	0	1	0	0	0	1
1560_sub0	0	1	0	1	0	0	0	1
1560_sub1	1	7	5	2	5	2	0	0
1560_sub2	0	1	0	1	0	0	0	1
1560_sub3	0	1	0	1	0	0	0	1
1560_sub4	0	1	1	0	0	0	1	0
1565_sub0	1	6	3	3	3	3	0	0
1565_sub1	0	1	1	0	0	0	1	0
1565_sub2	0	1	0	1	0	0	0	1
1572_sub0	0	1	0	1	0	0	0	1
1572_sub1	0	4	3	1	0	0	3	1
1572_sub2	0	1	0	1	0	0	0	1
1574_sub0	0	1	1	0	0	0	1	0
1574_sub1	0	1	1	0	0	0	1	0
1574_sub2	0	3	1	2	0	0	1	2
1574_sub3	0	1	1	0	0	0	1	0
1577_sub0	1	6	3	3	3	3	0	0
1577_sub1	0	1	1	0	0	0	1	0
1577_sub2	0	1	0	1	0	0	0	1
1577_sub3	0	1	0	1	0	0	0	1
1581_sub0	1	8	6	2	6	2	0	0
1581_sub1	0	1	0	1	0	0	0	1
1581_sub2	0	1	0	1	0	0	0	1
1588_sub0	1	9	4	5	4	5	0	0
1588_sub1	0	1	0	1	0	0	0	1
159_sub0	0	1	1	0	0	0	1	0
159_sub1	1	6	4	2	4	2	0	0
159_sub2	0	1	0	1	0	0	0	1
1591_sub0	1	6	5	1	5	1	0	0
1591_sub1	0	1	1	0	0	0	1	0
1591_sub2	0	1	0	1	0	0	0	1
1591_sub3	0	1	0	1	0	0	0	1
1612_sub0	0	1	0	1	0	0	0	1
1612_sub1	0	1	0	1	0	0	0	1
1612_sub2	1	7	1	6	1	6	0	0
1618_sub0	0	1	0	1	0	0	0	1
1618_sub1	0	4	0	4	0	0	0	4
1618_sub2	0	1	0	1	0	0	0	1
1619_sub0	0	1	0	1	0	0	0	1
1619_sub1	1	6	1	5	1	5	0	0
1619_sub2	0	1	0	1	0	0	0	1
1619_sub3	0	1	1	0	0	0	1	0
1622_sub0	0	1	0	1	0	0	0	1
1622_sub1	0	5	3	2	0	0	3	2
1622_sub2	0	1	0	1	0	0	0	1
163_sub0	0	1	0	1	0	0	0	1
163_sub1	1	6	2	4	2	4	0	0
1632_sub0	0	5	2	3	0	0	2	3
1632_sub1	0	1	1	0	0	0	1	0
1640_sub0	1	6	2	4	2	4	0	0
1640_sub1	0	1	0	1	0	0	0	1
1640_sub2	0	1	0	1	0	0	0	1
1643_sub0	1	8	4	4	4	4	0	0
1643_sub1	0	1	1	0	0	0	1	0
1643_sub2	0	1	0	1	0	0	0	1
1650_sub0	0	5	2	3	0	0	2	3
1650_sub1	0	1	1	0	0	0	1	0
1650_sub2	0	1	1	0	0	0	1	0
1650_sub3	0	1	1	0	0	0	1	0
1653_sub0	1	6	2	4	2	4	0	0
1653_sub1	0	1	1	0	0	0	1	0
1658_sub0	0	1	0	1	0	0	0	1
1658_sub1	0	1	1	0	0	0	1	0
1658_sub2	0	1	1	0	0	0	1	0
1658_sub3	0	1	0	1	0	0	0	1
1658_sub4	0	1	0	1	0	0	0	1
1658_sub5	0	1	0	1	0	0	0	1
1659_sub0	0	1	0	1	0	0	0	1
1659_sub1	1	6	2	4	2	4	0	0
1659_sub2	0	1	0	1	0	0	0	1
1662_sub0	0	1	0	1	0	0	0	1
1662_sub1	0	5	2	3	0	0	2	3
1662_sub2	0	1	1	0	0	0	1	0
1662_sub3	0	1	1	0	0	0	1	0
1663_sub0	1	10	4	6	4	6	0	0
1663_sub1	0	1	0	1	0	0	0	1
1664_sub0	1	7	3	4	3	4	0	0
1664_sub1	0	1	1	0	0	0	1	0
1664_sub2	0	1	1	0	0	0	1	0
1674_sub0	1	10	5	5	5	5	0	0
1674_sub1	0	1	1	0	0	0	1	0
1680_sub0	0	1	1	0	0	0	1	0
1680_sub1	0	4	3	1	0	0	3	1
1680_sub2	0	1	1	0	0	0	1	0
1683_sub0	0	1	0	1	0	0	0	1
1683_sub1	0	1	1	0	0	0	1	0
1683_sub2	0	5	4	1	0	0	4	1
1683_sub3	0	1	0	1	0	0	0	1
1687_sub0	1	7	3	4	3	4	0	0
1687_sub1	0	1	1	0	0	0	1	0
1688_sub0	1	6	3	3	3	3	0	0
1688_sub1	0	1	1	0	0	0	1	0
1689_sub0	0	1	0	1	0	0	0	1
1689_sub1	0	1	0	1	0	0	0	1
1689_sub2	1	6	4	2	4	2	0	0
1689_sub3	0	1	1	0	0	0	1	0
1689_sub4	0	1	0	1	0	0	0	1
1689_sub5	0	1	1	0	0	0	1	0
1699_sub0	0	1	1	0	0	0	1	0
1699_sub1	0	5	0	5	0	0	0	5
1699_sub2	0	1	0	1	0	0	0	1
1699_sub3	0	1	0	1	0	0	0	1
1699_sub4	0	1	0	1	0	0	0	1
1701_sub0	1	6	3	3	3	3	0	0
1701_sub1	0	1	1	0	0	0	1	0
1701_sub2	0	1	0	1	0	0	0	1
1701_sub3	0	1	1	0	0	0	1	0
1702_sub0	0	4	1	3	0	0	1	3
1702_sub1	0	1	0	1	0	0	0	1
1702_sub2	0	1	1	0	0	0	1	0
1702_sub3	0	1	0	1	0	0	0	1
1702_sub4	0	1	1	0	0	0	1	0
1714_sub0	0	4	1	3	0	0	1	3
1714_sub1	0	1	1	0	0	0	1	0
1714_sub2	0	1	0	1	0	0	0	1
1714_sub3	0	1	0	1	0	0	0	1
1719_sub0	1	7	5	2	5	2	0	0
1719_sub1	0	1	0	1	0	0	0	1
1720_sub0	0	1	0	1	0	0	0	1
1720_sub1	1	9	4	5	4	5	0	0
1720_sub2	0	1	1	0	0	0	1	0
1731_sub0	1	13	3	10	3	10	0	0
1731_sub1	0	1	0	1	0	0	0	1
1731_sub2	0	1	0	1	0	0	0	1
1731_sub3	0	1	0	1	0	0	0	1
1731_sub4	0	1	0	1	0	0	0	1
1731_sub5	0	1	1	0	0	0	1	0
1733_sub0	0	5	2	3	0	0	2	3
1733_sub1	0	1	1	0	0	0	1	0
1733_sub2	0	1	1	0	0	0	1	0
1733_sub3	0	1	1	0	0	0	1	0
1733_sub4	0	1	1	0	0	0	1	0
1733_sub5	0	1	1	0	0	0	1	0
1733_sub6	0	1	0	1	0	0	0	1
1733_sub7	0	1	0	1	0	0	0	1
174_sub0	0	1	1	0	0	0	1	0
174_sub1	0	5	3	2	0	0	3	2
174_sub2	0	1	0	1	0	0	0	1
174_sub3	0	1	0	1	0	0	0	1
1743_sub0	0	1	0	1	0	0	0	1
1743_sub1	0	1	1	0	0	0	1	0
1743_sub2	0	1	1	0	0	0	1	0
1743_sub3	0	2	1	1	0	0	1	1
1743_sub4	0	1	1	0	0	0	1	0
1751_sub0	0	5	3	2	0	0	3	2
1751_sub1	0	1	1	0	0	0	1	0
1751_sub2	0	1	1	0	0	0	1	0
1751_sub3	0	1	0	1	0	0	0	1
1758_sub0	1	7	5	2	5	2	0	0
1758_sub1	0	1	0	1	0	0	0	1
1758_sub2	0	1	0	1	0	0	0	1
1760_sub0	0	1	0	1	0	0	0	1
1760_sub1	1	10	4	6	4	6	0	0
1760_sub2	0	1	1	0	0	0	1	0
1761_sub0	1	11	5	6	5	6	0	0
1761_sub1	0	1	1	0	0	0	1	0
1761_sub2	0	1	1	0	0	0	1	0
1762_sub0	1	6	3	3	3	3	0	0
1762_sub1	0	1	0	1	0	0	0	1
1762_sub2	0	1	0	1	0	0	0	1
1781_sub0	0	5	5	0	0	0	5	0
1781_sub1	0	1	0	1	0	0	0	1
1781_sub2	0	1	0	1	0	0	0	1
1781_sub3	0	1	0	1	0	0	0	1
1781_sub4	0	1	1	0	0	0	1	0
1789_sub0	1	10	5	5	5	5	0	0
1789_sub1	0	1	0	1	0	0	0	1
1789_sub2	0	1	1	0	0	0	1	0
1789_sub3	0	1	1	0	0	0	1	0
1798_sub0	0	4	1	3	0	0	1	3
1798_sub1	0	1	0	1	0	0	0	1
1798_sub2	0	1	0	1	0	0	0	1
1798_sub3	0	1	0	1	0	0	0	1
1798_sub4	0	1	1	0	0	0	1	0
1808_sub0	0	1	0	1	0	0	0	1
1808_sub1	0	1	1	0	0	0	1	0
1808_sub2	0	4	3	1	0	0	3	1
1808_sub3	0	1	1	0	0	0	1	0
1811_sub0	1	6	3	3	3	3	0	0
1811_sub1	0	1	1	0	0	0	1	0
1811_sub2	0	1	1	0	0	0	1	0
1811_sub3	0	1	0	1	0	0	0	1
1813_sub0	1	6	4	2	4	2	0	0
1813_sub1	0	1	1	0	0	0	1	0
18153_sub0	1	10	5	5	5	5	0	0
1817_sub0	1	7	5	2	5	2	0	0
1817_sub1	0	1	0	1	0	0	0	1
1817_sub2	0	1	1	0	0	0	1	0
1817_sub3	0	1	0	1	0	0	0	1
1827_sub0	0	4	0	4	0	0	0	4
1827_sub1	0	1	1	0	0	0	1	0
1827_sub2	0	1	0	1	0	0	0	1
1827_sub3	0	1	0	1	0	0	0	1
1830_sub0	0	4	1	3	0	0	1	3
1830_sub1	0	1	1	0	0	0	1	0
1830_sub2	0	1	0	1	0	0	0	1
1833_sub0	0	1	0	1	0	0	0	1
1833_sub1	1	6	3	3	3	3	0	0
1837_sub0	0	1	0	1	0	0	0	1
1837_sub1	0	1	0	1	0	0	0	1
1837_sub2	0	1	0	1	0	0	0	1
1837_sub3	0	1	0	1	0	0	0	1
1837_sub4	0	1	0	1	0	0	0	1
1837_sub5	0	1	0	1	0	0	0	1
1839_sub0	0	1	0	1	0	0	0	1
1839_sub1	0	1	0	1	0	0	0	1
1839_sub2	0	5	2	3	0	0	2	3
1839_sub3	0	1	0	1	0	0	0	1
1840_sub0	1	8	3	5	3	5	0	0
1840_sub1	0	1	0	1	0	0	0	1
1840_sub2	0	1	1	0	0	0	1	0
1844_sub0	0	5	4	1	0	0	4	1
1844_sub1	0	1	0	1	0	0	0	1
18447_sub0	1	7	4	3	4	3	0	0
1849_sub0	0	1	1	0	0	0	1	0
1849_sub1	1	6	3	3	3	3	0	0
18578_sub0	0	1	1	0	0	0	1	0
18578_sub1	0	4	1	3	0	0	1	3
18578_sub2	0	1	0	1	0	0	0	1
1861_sub0	0	4	1	3	0	0	1	3
1861_sub1	0	1	1	0	0	0	1	0
1861_sub2	0	1	0	1	0	0	0	1
1861_sub3	0	1	1	0	0	0	1	0
1863_sub0	0	4	1	3	0	0	1	3
1863_sub1	0	1	1	0	0	0	1	0
1863_sub2	0	1	0	1	0	0	0	1
1863_sub3	0	1	0	1	0	0	0	1
1874_sub0	1	10	5	5	5	5	0	0
1874_sub1	0	1	1	0	0	0	1	0
1874_sub2	0	1	0	1	0	0	0	1
1874_sub3	0	1	1	0	0	0	1	0
1876_sub0	0	1	1	0	0	0	1	0
1876_sub1	0	1	1	0	0	0	1	0
1876_sub2	1	7	4	3	4	3	0	0
1876_sub3	0	1	0	1	0	0	0	1
1879_sub0	1	7	3	4	3	4	0	0
188_sub0	0	1	0	1	0	0	0	1
188_sub1	0	4	3	1	0	0	3	1
188_sub2	0	1	0	1	0	0	0	1
1881_sub0	0	1	1	0	0	0	1	0
1881_sub1	0	5	4	1	0	0	4	1
1881_sub2	0	1	1	0	0	0	1	0
1881_sub3	0	1	0	1	0	0	0	1
1881_sub4	0	1	0	1	0	0	0	1
18889_sub0	0	1	0	1	0	0	0	1
18889_sub1	1	8	2	6	2	6	0	0
18889_sub2	0	1	0	1	0	0	0	1
18889_sub3	0	1	1	0	0	0	1	0
1889_sub0	1	10	8	2	8	2	0	0
1889_sub1	0	1	0	1	0	0	0	1
1890_sub0	0	1	1	0	0	0	1	0
1890_sub1	0	4	2	2	0	0	2	2
1890_sub2	0	1	0	1	0	0	0	1
1890_sub3	0	1	1	0	0	0	1	0
1891_sub0	0	5	1	4	0	0	1	4
1891_sub1	0	1	0	1	0	0	0	1
1891_sub2	0	1	0	1	0	0	0	1
1891_sub3	0	1	0	1	0	0	0	1
1891_sub4	0	1	0	1	0	0	0	1
190_sub0	0	1	0	1	0	0	0	1
190_sub1	0	1	1	0	0	0	1	0
190_sub2	0	1	0	1	0	0	0	1
190_sub3	0	1	0	1	0	0	0	1
190_sub4	0	3	2	1	0	0	2	1
1900_sub0	1	6	2	4	2	4	0	0
1900_sub1	0	1	0	1	0	0	0	1
1907_sub0	0	1	0	1	0	0	0	1
1907_sub1	1	7	4	3	4	3	0	0
1909_sub0	0	1	1	0	0	0	1	0
1909_sub1	0	5	1	4	0	0	1	4
1914_sub0	0	1	0	1	0	0	0	1
1914_sub1	1	6	5	1	5	1	0	0
1914_sub2	0	1	0	1	0	0	0	1
1914_sub3	0	1	0	1	0	0	0	1
1914_sub4	0	1	0	1	0	0	0	1
1914_sub5	0	1	1	0	0	0	1	0
1914_sub6	0	1	1	0	0	0	1	0
1918_sub0	1	6	4	2	4	2	0	0
1918_sub1	0	1	1	0	0	0	1	0
19193_sub0	1	10	8	2	8	2	0	0
19193_sub1	0	1	1	0	0	0	1	0
19193_sub2	0	1	1	0	0	0	1	0
19193_sub3	0	1	1	0	0	0	1	0
1923_sub0	1	9	4	5	4	5	0	0
1923_sub1	0	1	1	0	0	0	1	0
1923_sub2	0	1	1	0	0	0	1	0
1923_sub3	0	1	1	0	0	0	1	0
1923_sub4	0	1	1	0	0	0	1	0
1927_sub0	0	1	1	0	0	0	1	0
1927_sub1	0	5	2	3	0	0	2	3
1927_sub2	0	1	1	0	0	0	1	0
1927_sub3	0	1	1	0	0	0	1	0
1927_sub4	0	1	0	1	0	0	0	1
19290_sub0	0	3	1	2	0	0	1	2
19290_sub1	0	1	1	0	0	0	1	0
19290_sub2	0	1	1	0	0	0	1	0
19290_sub3	0	1	1	0	0	0	1	0
1944_sub0	0	1	0	1	0	0	0	1
1944_sub1	0	1	0	1	0	0	0	1
1944_sub2	0	5	4	1	0	0	4	1
1944_sub3	0	1	0	1	0	0	0	1
1952_sub0	0	1	1	0	0	0	1	0
1952_sub1	0	5	4	1	0	0	4	1
19526_sub0	0	1	1	0	0	0	1	0
19526_sub1	0	4	0	4	0	0	0	4
19526_sub2	0	1	1	0	0	0	1	0
19538_sub0	1	8	5	3	5	3	0	0
19538_sub1	0	1	1	0	0	0	1	0
19538_sub2	0	1	0	1	0	0	0	1
1962_sub0	1	14	2	12	2	12	0	0
1962_sub1	0	1	0	1	0	0	0	1
1962_sub2	0	1	1	0	0	0	1	0
1963_sub0	0	1	0	1	0	0	0	1
1963_sub1	0	5	0	5	0	0	0	5
1963_sub2	0	1	0	1	0	0	0	1
1965_sub0	0	1	0	1	0	0	0	1
1965_sub1	1	8	4	4	4	4	0	0
1965_sub2	0	1	1	0	0	0	1	0
1965_sub3	0	1	1	0	0	0	1	0
1965_sub4	0	1	0	1	0	0	0	1
1965_sub5	0	1	0	1	0	0	0	1
1967_sub0	1	9	3	6	3	6	0	0
1967_sub1	0	1	1	0	0	0	1	0
1973_sub0	1	6	1	5	1	5	0	0
1973_sub1	0	1	1	0	0	0	1	0
1974_sub0	0	1	1	0	0	0	1	0
1974_sub1	0	5	2	3	0	0	2	3
1976_sub0	0	1	0	1	0	0	0	1
1976_sub1	0	5	4	1	0	0	4	1
198_sub0	0	1	0	1	0	0	0	1
198_sub1	1	10	5	5	5	5	0	0
198_sub2	0	1	0	1	0	0	0	1
198_sub3	0	1	1	0	0	0	1	0
199_sub0	0	1	0	1	0	0	0	1
199_sub1	1	10	4	6	4	6	0	0
199_sub2	0	1	0	1	0	0	0	1
199_sub3	0	1	0	1	0	0	0	1
199_sub4	0	1	1	0	0	0	1	0
199_sub5	0	1	1	0	0	0	1	0
1991_sub0	0	1	0	1	0	0	0	1
1991_sub1	0	1	0	1	0	0	0	1
1991_sub2	0	5	4	1	0	0	4	1
1992_sub0	0	1	1	0	0	0	1	0
1992_sub1	1	6	3	3	3	3	0	0
1992_sub2	0	1	0	1	0	0	0	1
1992_sub3	0	1	0	1	0	0	0	1
1992_sub4	0	1	0	1	0	0	0	1
1992_sub5	0	1	0	1	0	0	0	1
1997_sub0	1	6	5	1	5	1	0	0
1997_sub1	0	1	0	1	0	0	0	1
1997_sub2	0	1	1	0	0	0	1	0
1998_sub0	0	1	0	1	0	0	0	1
1998_sub1	0	5	4	1	0	0	4	1
1998_sub2	0	1	0	1	0	0	0	1
2_sub0	0	1	0	1	0	0	0	1
2_sub1	0	5	3	2	0	0	3	2
2_sub2	0	1	1	0	0	0	1	0
2_sub3	0	1	1	0	0	0	1	0
20_sub0	0	1	0	1	0	0	0	1
20_sub1	0	1	1	0	0	0	1	0
20_sub2	0	4	3	1	0	0	3	1
200_sub0	0	1	1	0	0	0	1	0
200_sub1	0	5	3	2	0	0	3	2
200_sub2	0	1	0	1	0	0	0	1
2003_sub0	0	1	0	1	0	0	0	1
2003_sub1	0	4	2	2	0	0	2	2
2003_sub2	0	1	0	1	0	0	0	1
2003_sub3	0	1	0	1	0	0	0	1
2007_sub0	0	1	0	1	0	0	0	1
2007_sub1	0	5	2	3	0	0	2	3
2014_sub0	1	9	4	5	4	5	0	0
2014_sub1	0	1	1	0	0	0	1	0
2018_sub0	1	10	5	5	5	5	0	0
202_sub0	0	1	1	0	0	0	1	0
202_sub1	0	1	0	1	0	0	0	1
202_sub2	0	1	1	0	0	0	1	0
202_sub3	0	5	1	4	0	0	1	4
202_sub4	0	1	0	1	0	0	0	1
2020_sub0	0	1	0	1	0	0	0	1
2020_sub1	1	7	4	3	4	3	0	0
2021_sub0	1	9	7	2	7	2	0	0
2021_sub1	0	1	1	0	0	0	1	0
2022_sub0	1	7	4	3	4	3	0	0
2022_sub1	0	1	0	1	0	0	0	1
2022_sub2	0	1	1	0	0	0	1	0
2025_sub0	0	1	0	1	0	0	0	1
2025_sub1	0	1	1	0	0	0	1	0
2025_sub2	0	4	1	3	0	0	1	3
2025_sub3	0	1	1	0	0	0	1	0
2027_sub0	1	9	7	2	7	2	0	0
2027_sub1	0	1	0	1	0	0	0	1
2033_sub0	0	1	0	1	0	0	0	1
2033_sub1	1	6	3	3	3	3	0	0
2033_sub2	0	1	1	0	0	0	1	0
2043_sub0	1	8	4	4	4	4	0	0
2043_sub1	0	1	0	1	0	0	0	1
2044_sub0	0	1	0	1	0	0	0	1
2044_sub1	0	1	0	1	0	0	0	1
2044_sub2	0	1	1	0	0	0	1	0
2044_sub3	1	7	3	4	3	4	0	0
2044_sub4	0	1	0	1	0	0	0	1
2044_sub5	0	1	1	0	0	0	1	0
2046_sub0	0	1	0	1	0	0	0	1
2046_sub1	0	2	2	0	0	0	2	0
2046_sub2	0	4	3	1	0	0	3	1
2049_sub0	0	1	1	0	0	0	1	0
2049_sub1	0	5	3	2	0	0	3	2
2051_sub0	1	6	2	4	2	4	0	0
2051_sub1	0	1	1	0	0	0	1	0
2054_sub0	0	1	1	0	0	0	1	0
2054_sub1	0	5	3	2	0	0	3	2
2057_sub0	0	1	0	1	0	0	0	1
2057_sub1	1	7	2	5	2	5	0	0
2057_sub2	0	1	1	0	0	0	1	0
2057_sub3	0	1	1	0	0	0	1	0
2064_sub0	1	6	2	4	2	4	0	0
2067_sub0	0	1	1	0	0	0	1	0
2067_sub1	0	5	2	3	0	0	2	3
2080_sub0	0	1	0	1	0	0	0	1
2080_sub1	0	5	1	4	0	0	1	4
2084_sub0	1	6	1	5	1	5	0	0
2084_sub1	0	1	1	0	0	0	1	0
2084_sub2	0	1	0	1	0	0	0	1
2084_sub3	0	1	1	0	0	0	1	0
2087_sub0	1	6	3	3	3	3	0	0
2088_sub0	0	1	1	0	0	0	1	0
2088_sub1	0	5	1	4	0	0	1	4
2088_sub2	0	1	0	1	0	0	0	1
2091_sub0	0	1	0	1	0	0	0	1
2091_sub1	1	7	1	6	1	6	0	0
2091_sub2	0	1	1	0	0	0	1	0
2098_sub0	0	5	1	4	0	0	1	4
2098_sub1	0	1	1	0	0	0	1	0
2098_sub2	0	1	0	1	0	0	0	1
2098_sub3	0	1	1	0	0	0	1	0
2098_sub4	0	1	0	1	0	0	0	1
2098_sub5	0	1	0	1	0	0	0	1
21_sub0	0	1	1	0	0	0	1	0
21_sub1	0	1	1	0	0	0	1	0
21_sub2	0	1	1	0	0	0	1	0
21_sub3	0	3	1	2	0	0	1	2
21_sub4	0	1	1	0	0	0	1	0
2100_sub0	1	6	2	4	2	4	0	0
2101_sub0	1	9	7	2	7	2	0	0
2101_sub1	0	1	0	1	0	0	0	1
2105_sub0	1	8	1	7	1	7	0	0
2105_sub1	0	1	0	1	0	0	0	1
2115_sub0	1	6	5	1	5	1	0	0
2115_sub1	0	1	0	1	0	0	0	1
2120_sub0	0	3	1	2	0	0	1	2
2120_sub1	0	1	1	0	0	0	1	0
2120_sub2	0	1	0	1	0	0	0	1
2120_sub3	0	1	0	1	0	0	0	1
2122_sub0	0	1	0	1	0	0	0	1
2122_sub1	1	7	3	4	3	4	0	0
213_sub0	0	1	0	1	0	0	0	1
213_sub1	1	6	1	5	1	5	0	0
213_sub2	0	1	0	1	0	0	0	1
2142_sub0	0	4	0	4	0	0	0	4
2142_sub1	0	1	1	0	0	0	1	0
2142_sub2	0	1	1	0	0	0	1	0
2143_sub0	0	5	2	3	0	0	2	3
2143_sub1	0	1	1	0	0	0	1	0
2143_sub2	0	1	1	0	0	0	1	0
2143_sub3	0	1	1	0	0	0	1	0
2149_sub0	0	2	0	2	0	0	0	2
2149_sub1	0	4	3	1	0	0	3	1
215_sub0	0	1	0	1	0	0	0	1
215_sub1	0	1	1	0	0	0	1	0
215_sub2	1	10	5	5	5	5	0	0
2151_sub0	0	1	0	1	0	0	0	1
2151_sub1	0	4	0	4	0	0	0	4
2151_sub2	0	1	1	0	0	0	1	0
2153_sub0	1	12	5	7	5	7	0	0
2153_sub1	0	1	1	0	0	0	1	0
2154_sub0	0	1	1	0	0	0	1	0
2154_sub1	1	8	4	4	4	4	0	0
2155_sub0	1	6	1	5	1	5	0	0
2155_sub1	0	1	1	0	0	0	1	0
2155_sub2	0	1	0	1	0	0	0	1
2155_sub3	0	1	1	0	0	0	1	0
2158_sub0	1	6	5	1	5	1	0	0
216_sub0	0	1	0	1	0	0	0	1
216_sub1	0	4	3	1	0	0	3	1
216_sub2	0	1	1	0	0	0	1	0
2164_sub0	1	6	4	2	4	2	0	0
2164_sub1	0	1	1	0	0	0	1	0
2164_sub2	0	1	0	1	0	0	0	1
2164_sub3	0	1	1	0	0	0	1	0
2166_sub0	1	9	2	7	2	7	0	0
2166_sub1	0	1	1	0	0	0	1	0
2180_sub0	0	1	1	0	0	0	1	0
2180_sub1	0	5	2	3	0	0	2	3
2180_sub2	0	1	0	1	0	0	0	1
2180_sub3	0	1	1	0	0	0	1	0
2181_sub0	1	8	6	2	6	2	0	0
2181_sub1	0	1	0	1	0	0	0	1
2181_sub2	0	1	0	1	0	0	0	1
2185_sub0	1	6	3	3	3	3	0	0
2185_sub1	0	1	0	1	0	0	0	1
2185_sub2	0	1	1	0	0	0	1	0
2185_sub3	0	1	1	0	0	0	1	0
2185_sub4	0	1	0	1	0	0	0	1
219_sub0	0	1	0	1	0	0	0	1
219_sub1	0	4	4	0	0	0	4	0
219_sub2	0	1	1	0	0	0	1	0
219_sub3	0	1	0	1	0	0	0	1
2194_sub0	1	8	6	2	6	2	0	0
2194_sub1	0	1	0	1	0	0	0	1
2194_sub2	0	1	1	0	0	0	1	0
2194_sub3	0	1	1	0	0	0	1	0
2194_sub4	0	1	0	1	0	0	0	1
2196_sub0	0	4	1	3	0	0	1	3
2196_sub1	0	1	0	1	0	0	0	1
2196_sub2	0	1	0	1	0	0	0	1
2206_sub0	0	4	2	2	0	0	2	2
2206_sub1	0	1	1	0	0	0	1	0
2206_sub2	0	1	0	1	0	0	0	1
2207_sub0	0	5	0	5	0	0	0	5
2207_sub1	0	1	1	0	0	0	1	0
2207_sub2	0	1	1	0	0	0	1	0
2207_sub3	0	1	0	1	0	0	0	1
2215_sub0	0	5	3	2	0	0	3	2
2215_sub1	0	1	0	1	0	0	0	1
2215_sub2	0	2	0	2	0	0	0	2
2215_sub3	0	1	0	1	0	0	0	1
2220_sub0	1	8	5	3	5	3	0	0
2220_sub1	0	2	2	0	0	0	2	0
2221_sub0	0	1	1	0	0	0	1	0
2221_sub1	0	4	4	0	0	0	4	0
2221_sub2	0	1	1	0	0	0	1	0
2231_sub0	0	1	0	1	0	0	0	1
2231_sub1	1	9	7	2	7	2	0	0
224_sub0	0	1	1	0	0	0	1	0
224_sub1	0	1	0	1	0	0	0	1
224_sub2	0	1	0	1	0	0	0	1
224_sub3	1	8	2	6	2	6	0	0
224_sub4	0	1	1	0	0	0	1	0
224_sub5	0	1	0	1	0	0	0	1
224_sub6	0	1	0	1	0	0	0	1
2242_sub0	1	8	4	4	4	4	0	0
2242_sub1	0	1	0	1	0	0	0	1
2242_sub2	0	1	0	1	0	0	0	1
2242_sub3	0	1	1	0	0	0	1	0
2249_sub0	1	7	3	4	3	4	0	0
2249_sub1	0	1	0	1	0	0	0	1
2249_sub2	0	1	1	0	0	0	1	0
2249_sub3	0	1	0	1	0	0	0	1
2253_sub0	0	5	2	3	0	0	2	3
2253_sub1	0	1	0	1	0	0	0	1
2254_sub0	1	6	2	4	2	4	0	0
2254_sub1	0	1	1	0	0	0	1	0
2254_sub2	0	1	1	0	0	0	1	0
2268_sub0	1	8	3	5	3	5	0	0
2268_sub1	0	1	1	0	0	0	1	0
2271_sub0	0	4	2	2	0	0	2	2
2271_sub1	0	1	0	1	0	0	0	1
2271_sub2	0	1	1	0	0	0	1	0
2271_sub3	0	1	1	0	0	0	1	0
2271_sub4	0	1	0	1	0	0	0	1
2272_sub0	0	1	0	1	0	0	0	1
2272_sub1	1	6	3	3	3	3	0	0
2272_sub2	0	1	1	0	0	0	1	0
2272_sub3	0	1	0	1	0	0	0	1
2272_sub4	0	1	0	1	0	0	0	1
2276_sub0	1	6	2	4	2	4	0	0
2279_sub0	0	1	0	1	0	0	0	1
2279_sub1	1	7	3	4	3	4	0	0
2289_sub0	0	1	0	1	0	0	0	1
2289_sub1	0	5	2	3	0	0	2	3
2289_sub2	0	1	0	1	0	0	0	1
229_sub0	0	1	0	1	0	0	0	1
229_sub1	0	1	0	1	0	0	0	1
229_sub2	0	1	0	1	0	0	0	1
229_sub3	0	1	0	1	0	0	0	1
229_sub4	0	2	1	1	0	0	1	1
2293_sub0	0	4	1	3	0	0	1	3
2293_sub1	0	1	1	0	0	0	1	0
2293_sub2	0	1	0	1	0	0	0	1
2298_sub0	1	6	2	4	2	4	0	0
23_sub0	0	1	1	0	0	0	1	0
23_sub1	0	1	0	1	0	0	0	1
23_sub2	0	3	0	3	0	0	0	3
23_sub3	0	1	1	0	0	0	1	0
23_sub4	0	1	1	0	0	0	1	0
230_sub0	0	1	1	0	0	0	1	0
230_sub1	0	3	2	1	0	0	2	1
230_sub2	0	1	0	1	0	0	0	1
230_sub3	0	1	0	1	0	0	0	1
230_sub4	0	1	0	1	0	0	0	1
230_sub5	0	1	1	0	0	0	1	0
2314_sub0	0	1	1	0	0	0	1	0
2314_sub1	1	7	5	2	5	2	0	0
2319_sub0	0	1	0	1	0	0	0	1
2319_sub1	0	1	1	0	0	0	1	0
2319_sub2	0	4	1	3	0	0	1	3
2321_sub0	0	1	1	0	0	0	1	0
2321_sub1	1	9	2	7	2	7	0	0
2321_sub2	0	1	0	1	0	0	0	1
2321_sub3	0	1	1	0	0	0	1	0
2331_sub0	1	8	1	7	1	7	0	0
2333_sub0	0	5	0	5	0	0	0	5
2333_sub1	0	1	1	0	0	0	1	0
2335_sub0	0	5	3	2	0	0	3	2
2335_sub1	0	1	1	0	0	0	1	0
2335_sub2	0	1	0	1	0	0	0	1
2335_sub3	0	1	0	1	0	0	0	1
2336_sub0	1	7	3	4	3	4	0	0
2336_sub1	0	1	1	0	0	0	1	0
2336_sub2	0	1	1	0	0	0	1	0
2337_sub0	0	1	0	1	0	0	0	1
2337_sub1	1	8	3	5	3	5	0	0
2337_sub2	0	1	0	1	0	0	0	1
2338_sub0	0	3	1	2	0	0	1	2
2338_sub1	0	1	0	1	0	0	0	1
2338_sub2	0	1	1	0	0	0	1	0
2338_sub3	0	1	1	0	0	0	1	0
2338_sub4	0	1	0	1	0	0	0	1
2338_sub5	0	1	0	1	0	0	0	1
234_sub0	0	1	1	0	0	0	1	0
234_sub1	1	10	5	5	5	5	0	0
234_sub2	0	1	1	0	0	0	1	0
234_sub3	0	1	1	0	0	0	1	0
234_sub4	0	1	1	0	0	0	1	0
234_sub5	0	1	0	1	0	0	0	1
234_sub6	0	1	0	1	0	0	0	1
234_sub7	0	1	0	1	0	0	0	1
2342_sub0	0	1	0	1	0	0	0	1
2342_sub1	1	10	5	5	5	5	0	0
2356_sub0	0	4	3	1	0	0	3	1
2356_sub1	0	1	1	0	0	0	1	0
2356_sub2	0	1	0	1	0	0	0	1
2356_sub3	0	1	0	1	0	0	0	1
2359_sub0	0	1	1	0	0	0	1	0
2359_sub1	1	8	7	1	7	1	0	0
2360_sub0	1	6	1	5	1	5	0	0
2360_sub1	0	1	1	0	0	0	1	0
2366_sub0	0	1	0	1	0	0	0	1
2366_sub1	0	1	0	1	0	0	0	1
2366_sub2	0	5	4	1	0	0	4	1
2366_sub3	0	1	1	0	0	0	1	0
2366_sub4	0	1	1	0	0	0	1	0
2366_sub5	0	1	0	1	0	0	0	1
2371_sub0	1	9	6	3	6	3	0	0
2371_sub1	0	1	0	1	0	0	0	1
2372_sub0	0	4	2	2	0	0	2	2
2372_sub1	0	1	1	0	0	0	1	0
2372_sub2	0	1	0	1	0	0	0	1
2372_sub3	0	1	0	1	0	0	0	1
2375_sub0	1	7	1	6	1	6	0	0
2375_sub1	0	1	0	1	0	0	0	1
2375_sub2	0	1	1	0	0	0	1	0
2375_sub3	0	1	1	0	0	0	1	0
2376_sub0	0	5	4	1	0	0	4	1
2376_sub1	0	1	1	0	0	0	1	0
2376_sub2	0	1	1	0	0	0	1	0
2377_sub0	1	10	7	3	7	3	0	0
2378_sub0	0	5	3	2	0	0	3	2
2378_sub1	0	1	1	0	0	0	1	0
2378_sub2	0	1	1	0	0	0	1	0
2388_sub0	1	13	9	4	9	4	0	0
2388_sub1	0	1	1	0	0	0	1	0
2388_sub2	0	1	1	0	0	0	1	0
2388_sub3	0	1	1	0	0	0	1	0
2391_sub0	0	5	3	2	0	0	3	2
2391_sub1	0	1	1	0	0	0	1	0
2391_sub2	0	1	0	1	0	0	0	1
2392_sub0	0	1	0	1	0	0	0	1
2392_sub1	1	8	3	5	3	5	0	0
2392_sub2	0	1	0	1	0	0	0	1
2392_sub3	0	1	0	1	0	0	0	1
2393_sub0	1	11	7	4	7	4	0	0
2398_sub0	0	1	1	0	0	0	1	0
2398_sub1	1	12	6	6	6	6	0	0
2400_sub0	1	9	6	3	6	3	0	0
2407_sub0	1	7	2	5	2	5	0	0
2407_sub1	0	1	1	0	0	0	1	0
2407_sub2	0	1	0	1	0	0	0	1
2407_sub3	0	1	0	1	0	0	0	1
2407_sub4	0	1	0	1	0	0	0	1
2410_sub0	0	1	0	1	0	0	0	1
2410_sub1	1	7	4	3	4	3	0	0
2411_sub0	0	5	2	3	0	0	2	3
2411_sub1	0	1	1	0	0	0	1	0
242_sub0	0	1	1	0	0	0	1	0
242_sub1	1	9	8	1	8	1	0	0
242_sub2	0	1	1	0	0	0	1	0
242_sub3	0	1	0	1	0	0	0	1
2421_sub0	0	1	1	0	0	0	1	0
2421_sub1	1	9	3	6	3	6	0	0
2421_sub2	0	1	0	1	0	0	0	1
2430_sub0	1	10	4	6	4	6	0	0
2430_sub1	0	1	0	1	0	0	0	1
2430_sub2	0	1	0	1	0	0	0	1
2430_sub3	0	1	1	0	0	0	1	0
2430_sub4	0	1	1	0	0	0	1	0
2444_sub0	1	7	2	5	2	5	0	0
2444_sub1	0	1	0	1	0	0	0	1
2449_sub0	0	1	0	1	0	0	0	1
2449_sub1	1	9	3	6	3	6	0	0
2451_sub0	0	1	1	0	0	0	1	0
2451_sub1	1	6	2	4	2	4	0	0
2451_sub2	0	1	1	0	0	0	1	0
2452_sub0	0	1	0	1	0	0	0	1
2452_sub1	1	7	3	4	3	4	0	0
2453_sub0	1	10	5	5	5	5	0	0
2453_sub1	0	1	0	1	0	0	0	1
2453_sub2	0	1	0	1	0	0	0	1
2453_sub3	0	1	0	1	0	0	0	1
2456_sub0	0	1	0	1	0	0	0	1
2456_sub1	1	7	1	6	1	6	0	0
246_sub0	0	1	0	1	0	0	0	1
246_sub1	1	7	2	5	2	5	0	0
2468_sub0	1	10	5	5	5	5	0	0
2469_sub0	1	7	4	3	4	3	0	0
2469_sub1	0	1	1	0	0	0	1	0
2472_sub0	0	1	1	0	0	0	1	0
2472_sub1	0	3	1	2	0	0	1	2
2472_sub2	0	1	0	1	0	0	0	1
2472_sub3	0	1	0	1	0	0	0	1
2476_sub0	0	1	0	1	0	0	0	1
2476_sub1	0	1	0	1	0	0	0	1
2476_sub2	1	6	4	2	4	2	0	0
2481_sub0	1	6	3	3	3	3	0	0
2483_sub0	0	1	0	1	0	0	0	1
2483_sub1	0	1	0	1	0	0	0	1
2483_sub2	0	5	3	2	0	0	3	2
2484_sub0	1	9	4	5	4	5	0	0
2494_sub0	0	5	2	3	0	0	2	3
2494_sub1	0	1	1	0	0	0	1	0
2497_sub0	0	5	2	3	0	0	2	3
2497_sub1	0	1	0	1	0	0	0	1
2497_sub2	0	1	1	0	0	0	1	0
2497_sub3	0	1	1	0	0	0	1	0
2498_sub0	0	5	3	2	0	0	3	2
2498_sub1	0	1	1	0	0	0	1	0
2498_sub2	0	1	0	1	0	0	0	1
2498_sub3	0	1	1	0	0	0	1	0
25_sub0	0	1	0	1	0	0	0	1
25_sub1	1	14	7	7	7	7	0	0
25_sub2	0	1	0	1	0	0	0	1
25_sub3	0	1	0	1	0	0	0	1
25_sub4	0	1	1	0	0	0	1	0
251_sub0	0	1	0	1	0	0	0	1
251_sub1	0	1	0	1	0	0	0	1
251_sub2	0	1	1	0	0	0	1	0
251_sub3	0	3	2	1	0	0	2	1
251_sub4	0	1	0	1	0	0	0	1
251_sub5	0	1	1	0	0	0	1	0
2518_sub0	0	1	0	1	0	0	0	1
2518_sub1	0	1	0	1	0	0	0	1
2518_sub2	0	1	1	0	0	0	1	0
2518_sub3	0	1	0	1	0	0	0	1
2518_sub4	0	1	0	1	0	0	0	1
2518_sub5	0	1	0	1	0	0	0	1
2522_sub0	1	6	4	2	4	2	0	0
2522_sub1	0	1	1	0	0	0	1	0
2522_sub2	0	1	1	0	0	0	1	0
2522_sub3	0	1	1	0	0	0	1	0
2526_sub0	0	1	1	0	0	0	1	0
2526_sub1	0	1	0	1	0	0	0	1
2526_sub2	0	1	1	0	0	0	1	0
2526_sub3	0	3	2	1	0	0	2	1
2532_sub0	0	4	2	2	0	0	2	2
2532_sub1	0	1	0	1	0	0	0	1
2532_sub2	0	1	0	1	0	0	0	1
2532_sub3	0	1	0	1	0	0	0	1
2532_sub4	0	1	1	0	0	0	1	0
2535_sub0	0	1	1	0	0	0	1	0
2535_sub1	1	6	2	4	2	4	0	0
2535_sub2	0	1	0	1	0	0	0	1
2537_sub0	0	1	0	1	0	0	0	1
2537_sub1	0	1	1	0	0	0	1	0
2537_sub2	0	1	0	1	0	0	0	1
2537_sub3	0	1	1	0	0	0	1	0
2537_sub4	0	1	1	0	0	0	1	0
2537_sub5	0	1	0	1	0	0	0	1
2538_sub0	0	1	0	1	0	0	0	1
2538_sub1	0	1	0	1	0	0	0	1
2538_sub2	0	5	1	4	0	0	1	4
2538_sub3	0	1	0	1	0	0	0	1
2538_sub4	0	1	1	0	0	0	1	0
2538_sub5	0	1	1	0	0	0	1	0
2538_sub6	0	1	0	1	0	0	0	1
254_sub0	0	1	0	1	0	0	0	1
254_sub1	1	8	4	4	4	4	0	0
2544_sub0	0	1	1	0	0	0	1	0
2544_sub1	0	4	1	3	0	0	1	3
2544_sub2	0	1	1	0	0	0	1	0
2562_sub0	0	4	2	2	0	0	2	2
2562_sub1	0	1	0	1	0	0	0	1
2562_sub2	0	1	0	1	0	0	0	1
2562_sub3	0	1	0	1	0	0	0	1
2575_sub0	0	1	1	0	0	0	1	0
2575_sub1	0	4	4	0	0	0	4	0
2575_sub2	0	1	0	1	0	0	0	1
2575_sub3	0	1	0	1	0	0	0	1
2576_sub0	0	1	0	1	0	0	0	1
2576_sub1	0	4	2	2	0	0	2	2
2576_sub2	0	1	1	0	0	0	1	0
2577_sub0	0	1	0	1	0	0	0	1
2577_sub1	0	1	1	0	0	0	1	0
2577_sub2	0	1	1	0	0	0	1	0
2577_sub3	0	5	3	2	0	0	3	2
2581_sub0	0	3	1	2	0	0	1	2
2581_sub1	0	1	0	1	0	0	0	1
2581_sub2	0	2	0	2	0	0	0	2
2581_sub3	0	1	1	0	0	0	1	0
2581_sub4	0	1	1	0	0	0	1	0
2581_sub5	0	1	0	1	0	0	0	1
2581_sub6	0	1	0	1	0	0	0	1
2596_sub0	0	1	1	0	0	0	1	0
2596_sub1	1	7	4	3	4	3	0	0
2596_sub2	0	1	0	1	0	0	0	1
2598_sub0	0	1	0	1	0	0	0	1
2598_sub1	0	5	2	3	0	0	2	3
2600_sub0	0	1	1	0	0	0	1	0
2600_sub1	1	6	5	1	5	1	0	0
2600_sub2	0	1	1	0	0	0	1	0
2600_sub3	0	1	1	0	0	0	1	0
2603_sub0	0	1	1	0	0	0	1	0
2603_sub1	1	10	7	3	7	3	0	0
261_sub0	0	1	1	0	0	0	1	0
261_sub1	0	4	2	2	0	0	2	2
261_sub2	0	1	0	1	0	0	0	1
2623_sub0	0	1	0	1	0	0	0	1
2623_sub1	1	8	6	2	6	2	0	0
2623_sub2	0	1	1	0	0	0	1	0
2624_sub0	0	1	0	1	0	0	0	1
2624_sub1	1	10	7	3	7	3	0	0
2624_sub2	0	1	0	1	0	0	0	1
2638_sub0	0	1	0	1	0	0	0	1
2638_sub1	1	7	0	7	0	7	0	0
2642_sub0	0	5	2	3	0	0	2	3
2642_sub1	0	1	1	0	0	0	1	0
2642_sub2	0	1	1	0	0	0	1	0
2642_sub3	0	1	0	1	0	0	0	1
2642_sub4	0	1	0	1	0	0	0	1
2643_sub0	1	11	8	3	8	3	0	0
2643_sub1	0	1	0	1	0	0	0	1
2647_sub0	0	1	0	1	0	0	0	1
2647_sub1	0	1	0	1	0	0	0	1
2647_sub2	0	4	3	1	0	0	3	1
2653_sub0	0	3	0	3	0	0	0	3
2653_sub1	0	1	1	0	0	0	1	0
2653_sub2	0	1	0	1	0	0	0	1
2653_sub3	0	1	1	0	0	0	1	0
266_sub0	0	1	0	1	0	0	0	1
266_sub1	0	4	1	3	0	0	1	3
266_sub2	0	1	1	0	0	0	1	0
2664_sub0	1	6	2	4	2	4	0	0
2664_sub1	0	1	0	1	0	0	0	1
2664_sub2	0	1	0	1	0	0	0	1
2672_sub0	1	6	1	5	1	5	0	0
2672_sub1	0	1	0	1	0	0	0	1
2685_sub0	1	6	3	3	3	3	0	0
2685_sub1	0	1	0	1	0	0	0	1
2692_sub0	0	5	3	2	0	0	3	2
2692_sub1	0	1	1	0	0	0	1	0
2692_sub2	0	1	1	0	0	0	1	0
2692_sub3	0	1	1	0	0	0	1	0
2692_sub4	0	1	0	1	0	0	0	1
2692_sub5	0	1	1	0	0	0	1	0
2692_sub6	0	1	1	0	0	0	1	0
27_sub0	0	1	0	1	0	0	0	1
27_sub1	0	5	4	1	0	0	4	1
27_sub2	0	1	0	1	0	0	0	1
27_sub3	0	1	1	0	0	0	1	0
27_sub4	0	1	1	0	0	0	1	0
27_sub5	0	1	0	1	0	0	0	1
270_sub0	0	1	1	0	0	0	1	0
270_sub1	0	1	1	0	0	0	1	0
270_sub2	0	5	3	2	0	0	3	2
270_sub3	0	1	0	1	0	0	0	1
270_sub4	0	1	1	0	0	0	1	0
2700_sub0	0	1	1	0	0	0	1	0
2700_sub1	0	5	4	1	0	0	4	1
2702_sub0	1	12	5	7	5	7	0	0
2702_sub1	0	1	0	1	0	0	0	1
2703_sub0	1	10	3	7	3	7	0	0
2706_sub0	1	8	3	5	3	5	0	0
2706_sub1	0	1	0	1	0	0	0	1
2706_sub2	0	1	0	1	0	0	0	1
2706_sub3	0	1	1	0	0	0	1	0
2708_sub0	1	6	3	3	3	3	0	0
272_sub0	0	1	0	1	0	0	0	1
272_sub1	1	6	2	4	2	4	0	0
2722_sub0	0	1	1	0	0	0	1	0
2722_sub1	0	1	1	0	0	0	1	0
2722_sub2	0	1	0	1	0	0	0	1
2722_sub3	0	1	0	1	0	0	0	1
2722_sub4	0	1	0	1	0	0	0	1
2722_sub5	0	1	1	0	0	0	1	0
2724_sub0	1	10	5	5	5	5	0	0
2724_sub1	0	1	0	1	0	0	0	1
2724_sub2	0	1	0	1	0	0	0	1
2724_sub3	0	1	0	1	0	0	0	1
2724_sub4	0	1	0	1	0	0	0	1
2724_sub5	0	1	0	1	0	0	0	1
2724_sub6	0	1	0	1	0	0	0	1
2738_sub0	1	8	3	5	3	5	0	0
2738_sub1	0	1	1	0	0	0	1	0
2738_sub2	0	1	0	1	0	0	0	1
2738_sub3	0	1	0	1	0	0	0	1
2738_sub4	0	1	0	1	0	0	0	1
2738_sub5	0	1	1	0	0	0	1	0
2740_sub0	1	9	5	4	5	4	0	0
2740_sub1	0	1	0	1	0	0	0	1
2740_sub2	0	1	0	1	0	0	0	1
2740_sub3	0	1	0	1	0	0	0	1
2740_sub4	0	1	0	1	0	0	0	1
2741_sub0	0	1	1	0	0	0	1	0
2741_sub1	1	8	5	3	5	3	0	0
2741_sub2	0	1	0	1	0	0	0	1
2743_sub0	1	6	3	3	3	3	0	0
2743_sub1	0	1	1	0	0	0	1	0
2743_sub2	0	1	1	0	0	0	1	0
2743_sub3	0	1	0	1	0	0	0	1
2743_sub4	0	1	1	0	0	0	1	0
2743_sub5	0	1	1	0	0	0	1	0
2746_sub0	0	2	1	1	0	0	1	1
2746_sub1	0	1	1	0	0	0	1	0
2746_sub2	0	1	1	0	0	0	1	0
2746_sub3	0	1	0	1	0	0	0	1
2746_sub4	0	1	0	1	0	0	0	1
2746_sub5	0	1	1	0	0	0	1	0
2747_sub0	0	1	1	0	0	0	1	0
2747_sub1	1	11	6	5	6	5	0	0
2747_sub2	0	1	0	1	0	0	0	1
275_sub0	0	1	1	0	0	0	1	0
275_sub1	0	5	1	4	0	0	1	4
275_sub2	0	1	0	1	0	0	0	1
275_sub3	0	1	1	0	0	0	1	0
2756_sub0	0	1	1	0	0	0	1	0
2756_sub1	0	1	1	0	0	0	1	0
2756_sub2	0	3	1	2	0	0	1	2
2756_sub3	0	1	0	1	0	0	0	1
2756_sub4	0	1	1	0	0	0	1	0
2756_sub5	0	1	0	1	0	0	0	1
2758_sub0	0	1	0	1	0	0	0	1
2758_sub1	1	7	5	2	5	2	0	0
2758_sub2	0	1	0	1	0	0	0	1
2758_sub3	0	1	0	1	0	0	0	1
2758_sub4	0	1	1	0	0	0	1	0
2758_sub5	0	1	0	1	0	0	0	1
2759_sub0	1	10	6	4	6	4	0	0
2759_sub1	0	1	0	1	0	0	0	1
2759_sub2	0	1	1	0	0	0	1	0
2759_sub3	0	1	1	0	0	0	1	0
276_sub0	0	1	0	1	0	0	0	1
276_sub1	0	1	1	0	0	0	1	0
276_sub2	1	6	4	2	4	2	0	0
2763_sub0	0	1	0	1	0	0	0	1
2763_sub1	0	1	1	0	0	0	1	0
2763_sub2	1	7	4	3	4	3	0	0
2767_sub0	0	1	1	0	0	0	1	0
2767_sub1	1	9	6	3	6	3	0	0
2770_sub0	0	1	0	1	0	0	0	1
2770_sub1	0	1	1	0	0	0	1	0
2770_sub2	0	1	0	1	0	0	0	1
2770_sub3	0	1	1	0	0	0	1	0
2770_sub4	0	1	1	0	0	0	1	0
2770_sub5	0	1	0	1	0	0	0	1
2775_sub0	0	4	2	2	0	0	2	2
2775_sub1	0	1	1	0	0	0	1	0
2775_sub2	0	1	1	0	0	0	1	0
2775_sub3	0	1	1	0	0	0	1	0
2775_sub4	0	1	0	1	0	0	0	1
2780_sub0	1	11	5	6	5	6	0	0
2780_sub1	0	1	1	0	0	0	1	0
2790_sub0	0	1	1	0	0	0	1	0
2790_sub1	0	1	1	0	0	0	1	0
2790_sub2	0	1	1	0	0	0	1	0
2790_sub3	0	1	0	1	0	0	0	1
2790_sub4	0	1	1	0	0	0	1	0
2790_sub5	0	1	1	0	0	0	1	0
2797_sub0	0	4	4	0	0	0	4	0
2797_sub1	0	1	1	0	0	0	1	0
2797_sub2	0	1	1	0	0	0	1	0
2797_sub3	0	1	0	1	0	0	0	1
2798_sub0	0	1	1	0	0	0	1	0
2798_sub1	0	1	0	1	0	0	0	1
2798_sub2	0	1	1	0	0	0	1	0
2798_sub3	0	1	1	0	0	0	1	0
2798_sub4	0	1	1	0	0	0	1	0
2798_sub5	0	1	1	0	0	0	1	0
2798_sub6	0	1	1	0	0	0	1	0
280_sub0	0	1	0	1	0	0	0	1
280_sub1	1	6	2	4	2	4	0	0
280_sub2	0	1	1	0	0	0	1	0
2800_sub0	1	6	3	3	3	3	0	0
2800_sub1	0	1	1	0	0	0	1	0
2800_sub2	0	1	0	1	0	0	0	1
281_sub0	0	1	0	1	0	0	0	1
281_sub1	0	3	2	1	0	0	2	1
281_sub2	0	1	1	0	0	0	1	0
281_sub3	0	1	0	1	0	0	0	1
281_sub4	0	1	1	0	0	0	1	0
2810_sub0	1	9	3	6	3	6	0	0
2810_sub1	0	1	0	1	0	0	0	1
2816_sub0	0	1	1	0	0	0	1	0
2816_sub1	0	5	5	0	0	0	5	0
2816_sub2	0	1	0	1	0	0	0	1
2822_sub0	0	5	1	4	0	0	1	4
2822_sub1	0	1	0	1	0	0	0	1
2827_sub0	0	4	3	1	0	0	3	1
2827_sub1	0	1	0	1	0	0	0	1
2827_sub2	0	1	1	0	0	0	1	0
2827_sub3	0	1	1	0	0	0	1	0
2827_sub4	0	1	0	1	0	0	0	1
2827_sub5	0	1	0	1	0	0	0	1
283_sub0	0	1	1	0	0	0	1	0
283_sub1	0	1	0	1	0	0	0	1
283_sub2	0	4	2	2	0	0	2	2
283_sub3	0	1	1	0	0	0	1	0
283_sub4	0	1	0	1	0	0	0	1
2831_sub0	1	6	3	3	3	3	0	0
2831_sub1	0	1	0	1	0	0	0	1
2831_sub2	0	1	0	1	0	0	0	1
2831_sub3	0	1	0	1	0	0	0	1
2832_sub0	1	8	7	1	7	1	0	0
2832_sub1	0	1	0	1	0	0	0	1
2836_sub0	1	8	3	5	3	5	0	0
2836_sub1	0	1	0	1	0	0	0	1
2836_sub2	0	1	1	0	0	0	1	0
2836_sub3	0	1	0	1	0	0	0	1
2847_sub0	0	1	1	0	0	0	1	0
2847_sub1	1	6	5	1	5	1	0	0
2847_sub2	0	1	1	0	0	0	1	0
2847_sub3	0	1	1	0	0	0	1	0
2848_sub0	1	8	5	3	5	3	0	0
2848_sub1	0	1	0	1	0	0	0	1
2848_sub2	0	1	1	0	0	0	1	0
2855_sub0	1	6	2	4	2	4	0	0
2855_sub1	0	1	0	1	0	0	0	1
2857_sub0	1	8	2	6	2	6	0	0
2857_sub1	0	1	0	1	0	0	0	1
2867_sub0	0	5	0	5	0	0	0	5
2867_sub1	0	1	1	0	0	0	1	0
2867_sub2	0	1	1	0	0	0	1	0
2867_sub3	0	1	1	0	0	0	1	0
2867_sub4	0	1	1	0	0	0	1	0
2871_sub0	0	4	1	3	0	0	1	3
2871_sub1	0	1	1	0	0	0	1	0
2871_sub2	0	1	1	0	0	0	1	0
2871_sub3	0	1	0	1	0	0	0	1
2876_sub0	1	12	6	6	6	6	0	0
2885_sub0	0	1	0	1	0	0	0	1
2885_sub1	1	8	5	3	5	3	0	0
2885_sub2	0	1	0	1	0	0	0	1
2888_sub0	0	5	4	1	0	0	4	1
2888_sub1	0	1	1	0	0	0	1	0
2891_sub0	1	8	2	6	2	6	0	0
2891_sub1	0	1	0	1	0	0	0	1
2891_sub2	0	1	0	1	0	0	0	1
2894_sub0	0	1	1	0	0	0	1	0
2894_sub1	0	5	0	5	0	0	0	5
2894_sub2	0	1	0	1	0	0	0	1
2894_sub3	0	1	1	0	0	0	1	0
2894_sub4	0	1	0	1	0	0	0	1
2894_sub5	0	1	0	1	0	0	0	1
2894_sub6	0	1	0	1	0	0	0	1
2894_sub7	0	1	0	1	0	0	0	1
2894_sub8	0	1	1	0	0	0	1	0
2894_sub9	0	1	1	0	0	0	1	0
2900_sub0	0	1	1	0	0	0	1	0
2900_sub1	0	1	1	0	0	0	1	0
2900_sub2	1	6	3	3	3	3	0	0
2900_sub3	0	1	0	1	0	0	0	1
2905_sub0	0	5	3	2	0	0	3	2
2905_sub1	0	1	0	1	0	0	0	1
2905_sub2	0	1	1	0	0	0	1	0
2905_sub3	0	1	1	0	0	0	1	0
2906_sub0	0	4	0	4	0	0	0	4
2906_sub1	0	1	1	0	0	0	1	0
2906_sub2	0	1	0	1	0	0	0	1
291_sub0	0	1	0	1	0	0	0	1
291_sub1	0	5	2	3	0	0	2	3
291_sub2	0	1	0	1	0	0	0	1
291_sub3	0	1	1	0	0	0	1	0
2911_sub0	1	9	4	5	4	5	0	0
2912_sub0	0	1	1	0	0	0	1	0
2912_sub1	0	1	0	1	0	0	0	1
2912_sub2	1	7	6	1	6	1	0	0
2912_sub3	0	1	0	1	0	0	0	1
2912_sub4	0	1	1	0	0	0	1	0
2917_sub0	1	6	1	5	1	5	0	0
2917_sub1	0	1	1	0	0	0	1	0
2917_sub2	0	1	1	0	0	0	1	0
2917_sub3	0	1	1	0	0	0	1	0
2917_sub4	0	1	0	1	0	0	0	1
2917_sub5	0	1	1	0	0	0	1	0
2917_sub6	0	1	0	1	0	0	0	1
292_sub0	0	1	1	0	0	0	1	0
292_sub1	0	4	1	3	0	0	1	3
292_sub2	0	1	0	1	0	0	0	1
2922_sub0	1	7	4	3	4	3	0	0
2922_sub1	0	1	1	0	0	0	1	0
2922_sub2	0	1	1	0	0	0	1	0
2924_sub0	1	9	5	4	5	4	0	0
2924_sub1	0	1	1	0	0	0	1	0
2924_sub2	0	1	0	1	0	0	0	1
293_sub0	0	1	0	1	0	0	0	1
293_sub1	0	1	1	0	0	0	1	0
293_sub2	0	1	0	1	0	0	0	1
293_sub3	0	1	0	1	0	0	0	1
293_sub4	0	1	0	1	0	0	0	1
293_sub5	0	1	1	0	0	0	1	0
293_sub6	0	1	0	1	0	0	0	1
2931_sub0	0	5	2	3	0	0	2	3
2931_sub1	0	1	1	0	0	0	1	0
2931_sub2	0	1	0	1	0	0	0	1
2938_sub0	1	8	7	1	7	1	0	0
2938_sub1	0	1	1	0	0	0	1	0
2938_sub2	0	1	1	0	0	0	1	0
2938_sub3	0	1	1	0	0	0	1	0
2938_sub4	0	1	1	0	0	0	1	0
2938_sub5	0	1	1	0	0	0	1	0
294_sub0	0	1	1	0	0	0	1	0
294_sub1	0	1	1	0	0	0	1	0
294_sub2	0	1	1	0	0	0	1	0
294_sub3	0	1	0	1	0	0	0	1
294_sub4	0	3	2	1	0	0	2	1
294_sub5	0	1	0	1	0	0	0	1
294_sub6	0	1	1	0	0	0	1	0
294_sub7	0	1	0	1	0	0	0	1
294_sub8	0	1	1	0	0	0	1	0
2941_sub0	1	7	5	2	5	2	0	0
2941_sub1	0	1	0	1	0	0	0	1
2941_sub2	0	1	1	0	0	0	1	0
295_sub0	0	1	1	0	0	0	1	0
295_sub1	1	6	3	3	3	3	0	0
295_sub2	0	1	1	0	0	0	1	0
295_sub3	0	1	1	0	0	0	1	0
295_sub4	0	1	1	0	0	0	1	0
295_sub5	0	1	0	1	0	0	0	1
2956_sub0	1	7	3	4	3	4	0	0
2956_sub1	0	1	1	0	0	0	1	0
2956_sub2	0	1	1	0	0	0	1	0
2956_sub3	0	1	1	0	0	0	1	0
2956_sub4	0	1	1	0	0	0	1	0
2956_sub5	0	1	1	0	0	0	1	0
2956_sub6	0	1	1	0	0	0	1	0
2956_sub7	0	1	1	0	0	0	1	0
2957_sub0	0	5	1	4	0	0	1	4
2957_sub1	0	1	1	0	0	0	1	0
2957_sub2	0	1	1	0	0	0	1	0
2962_sub0	0	5	0	5	0	0	0	5
2962_sub1	0	1	0	1	0	0	0	1
2971_sub0	1	9	6	3	6	3	0	0
2971_sub1	0	1	1	0	0	0	1	0
2971_sub2	0	1	1	0	0	0	1	0
2971_sub3	0	1	1	0	0	0	1	0
2971_sub4	0	1	1	0	0	0	1	0
2971_sub5	0	1	0	1	0	0	0	1
2971_sub6	0	1	1	0	0	0	1	0
2971_sub7	0	1	1	0	0	0	1	0
2975_sub0	0	5	4	1	0	0	4	1
2975_sub1	0	1	0	1	0	0	0	1
2976_sub0	1	6	1	5	1	5	0	0
2976_sub1	0	1	0	1	0	0	0	1
2976_sub2	0	1	1	0	0	0	1	0
2976_sub3	0	1	1	0	0	0	1	0
2976_sub4	0	1	1	0	0	0	1	0
2982_sub0	0	4	2	2	0	0	2	2
2982_sub1	0	1	1	0	0	0	1	0
2982_sub2	0	1	0	1	0	0	0	1
2982_sub3	0	1	1	0	0	0	1	0
2982_sub4	0	1	1	0	0	0	1	0
2983_sub0	0	1	0	1	0	0	0	1
2983_sub1	0	5	3	2	0	0	3	2
2983_sub2	0	1	1	0	0	0	1	0
2983_sub3	0	1	1	0	0	0	1	0
2990_sub0	1	7	6	1	6	1	0	0
2990_sub1	0	1	1	0	0	0	1	0
2997_sub0	1	6	5	1	5	1	0	0
2997_sub1	0	1	0	1	0	0	0	1
2999_sub0	1	12	8	4	8	4	0	0
2999_sub1	0	1	0	1	0	0	0	1
3_sub0	0	1	1	0	0	0	1	0
3_sub1	1	6	4	2	4	2	0	0
3_sub2	0	1	0	1	0	0	0	1
30_sub0	0	1	0	1	0	0	0	1
30_sub1	0	1	0	1	0	0	0	1
30_sub2	0	1	1	0	0	0	1	0
30_sub3	0	1	0	1	0	0	0	1
30_sub4	0	1	0	1	0	0	0	1
30_sub5	0	1	0	1	0	0	0	1
30_sub6	0	1	0	1	0	0	0	1
3002_sub0	0	1	1	0	0	0	1	0
3002_sub1	0	2	1	1	0	0	1	1
3002_sub2	0	1	0	1	0	0	0	1
3002_sub3	0	1	1	0	0	0	1	0
3002_sub4	0	1	1	0	0	0	1	0
3011_sub0	0	5	1	4	0	0	1	4
3011_sub1	0	1	0	1	0	0	0	1
3013_sub0	0	1	0	1	0	0	0	1
3013_sub1	0	3	3	0	0	0	3	0
3013_sub2	0	1	0	1	0	0	0	1
3013_sub3	0	1	1	0	0	0	1	0
3013_sub4	0	1	0	1	0	0	0	1
3016_sub0	1	11	2	9	2	9	0	0
3016_sub1	0	1	0	1	0	0	0	1
3016_sub2	0	1	0	1	0	0	0	1
3016_sub3	0	1	0	1	0	0	0	1
3016_sub4	0	1	0	1	0	0	0	1
3016_sub5	0	1	0	1	0	0	0	1
3018_sub0	1	7	3	4	3	4	0	0
3018_sub1	0	1	1	0	0	0	1	0
3018_sub2	0	1	1	0	0	0	1	0
3018_sub3	0	1	0	1	0	0	0	1
302_sub0	0	1	0	1	0	0	0	1
302_sub1	0	5	3	2	0	0	3	2
302_sub2	0	1	0	1	0	0	0	1
302_sub3	0	1	0	1	0	0	0	1
302_sub4	0	1	1	0	0	0	1	0
302_sub5	0	1	1	0	0	0	1	0
3026_sub0	1	6	1	5	1	5	0	0
3026_sub1	0	1	0	1	0	0	0	1
3026_sub2	0	1	0	1	0	0	0	1
3030_sub0	0	1	1	0	0	0	1	0
3030_sub1	0	1	1	0	0	0	1	0
3030_sub2	0	1	0	1	0	0	0	1
3030_sub3	0	1	1	0	0	0	1	0
3030_sub4	0	1	0	1	0	0	0	1
3030_sub5	0	1	0	1	0	0	0	1
3031_sub0	1	9	3	6	3	6	0	0
3031_sub1	0	1	0	1	0	0	0	1
3031_sub2	0	1	0	1	0	0	0	1
3031_sub3	0	1	1	0	0	0	1	0
3032_sub0	0	1	0	1	0	0	0	1
3032_sub1	0	5	3	2	0	0	3	2
3032_sub2	0	1	0	1	0	0	0	1
3032_sub3	0	1	1	0	0	0	1	0
3033_sub0	1	6	4	2	4	2	0	0
3033_sub1	0	1	1	0	0	0	1	0
3035_sub0	1	7	2	5	2	5	0	0
3037_sub0	1	6	2	4	2	4	0	0
3037_sub1	0	1	0	1	0	0	0	1
3037_sub2	0	1	0	1	0	0	0	1
3037_sub3	0	1	0	1	0	0	0	1
304_sub0	0	1	0	1	0	0	0	1
304_sub1	0	1	1	0	0	0	1	0
304_sub2	0	3	3	0	0	0	3	0
304_sub3	0	1	1	0	0	0	1	0
3045_sub0	0	5	0	5	0	0	0	5
3045_sub1	0	1	1	0	0	0	1	0
3045_sub2	0	1	1	0	0	0	1	0
3045_sub3	0	1	1	0	0	0	1	0
3047_sub0	1	7	5	2	5	2	0	0
3047_sub1	0	1	0	1	0	0	0	1
3048_sub0	1	6	5	1	5	1	0	0
3048_sub1	0	1	0	1	0	0	0	1
305_sub0	0	1	0	1	0	0	0	1
305_sub1	0	1	0	1	0	0	0	1
305_sub2	0	3	0	3	0	0	0	3
305_sub3	0	1	1	0	0	0	1	0
305_sub4	0	1	0	1	0	0	0	1
305_sub5	0	1	1	0	0	0	1	0
3051_sub0	1	10	5	5	5	5	0	0
3051_sub1	0	1	1	0	0	0	1	0
3051_sub2	0	1	1	0	0	0	1	0
3051_sub3	0	1	0	1	0	0	0	1
3051_sub4	0	1	1	0	0	0	1	0
3051_sub5	0	1	0	1	0	0	0	1
3057_sub0	1	7	2	5	2	5	0	0
3057_sub1	0	1	0	1	0	0	0	1
3057_sub2	0	1	0	1	0	0	0	1
3057_sub3	0	1	1	0	0	0	1	0
3057_sub4	0	1	1	0	0	0	1	0
3059_sub0	1	7	1	6	1	6	0	0
3059_sub1	0	1	1	0	0	0	1	0
3059_sub2	0	1	0	1	0	0	0	1
3060_sub0	0	1	1	0	0	0	1	0
3060_sub1	0	5	3	2	0	0	3	2
3060_sub2	0	1	0	1	0	0	0	1
3063_sub0	1	7	4	3	4	3	0	0
3063_sub1	0	1	0	1	0	0	0	1
3063_sub2	0	1	1	0	0	0	1	0
3063_sub3	0	1	0	1	0	0	0	1
3068_sub0	0	3	2	1	0	0	2	1
3068_sub1	0	1	0	1	0	0	0	1
3068_sub2	0	1	0	1	0	0	0	1
3068_sub3	0	1	0	1	0	0	0	1
3070_sub0	1	7	5	2	5	2	0	0
3070_sub1	0	1	0	1	0	0	0	1
3070_sub2	0	1	0	1	0	0	0	1
3070_sub3	0	1	0	1	0	0	0	1
3075_sub0	0	5	3	2	0	0	3	2
3075_sub1	0	1	0	1	0	0	0	1
3075_sub2	0	1	1	0	0	0	1	0
3075_sub3	0	1	0	1	0	0	0	1
3077_sub0	0	1	1	0	0	0	1	0
3077_sub1	1	8	2	6	2	6	0	0
3077_sub2	0	1	0	1	0	0	0	1
3078_sub0	1	8	5	3	5	3	0	0
3078_sub1	0	1	0	1	0	0	0	1
3078_sub2	0	1	1	0	0	0	1	0
3078_sub3	0	1	0	1	0	0	0	1
308_sub0	0	1	1	0	0	0	1	0
308_sub1	0	1	0	1	0	0	0	1
308_sub2	1	8	3	5	3	5	0	0
308_sub3	0	1	1	0	0	0	1	0
308_sub4	0	1	1	0	0	0	1	0
308_sub5	0	1	1	0	0	0	1	0
3081_sub0	1	6	4	2	4	2	0	0
3081_sub1	0	1	1	0	0	0	1	0
3081_sub2	0	1	1	0	0	0	1	0
3081_sub3	0	1	0	1	0	0	0	1
309_sub0	0	1	1	0	0	0	1	0
309_sub1	0	5	2	3	0	0	2	3
3094_sub0	0	4	3	1	0	0	3	1
3094_sub1	0	1	1	0	0	0	1	0
3094_sub2	0	1	0	1	0	0	0	1
3094_sub3	0	1	1	0	0	0	1	0
3094_sub4	0	1	0	1	0	0	0	1
3094_sub5	0	1	0	1	0	0	0	1
3096_sub0	0	1	1	0	0	0	1	0
3096_sub1	0	1	0	1	0	0	0	1
3096_sub2	0	1	1	0	0	0	1	0
3096_sub3	0	1	1	0	0	0	1	0
3096_sub4	0	1	1	0	0	0	1	0
3096_sub5	0	3	2	1	0	0	2	1
3097_sub0	1	7	1	6	1	6	0	0
3097_sub1	0	1	1	0	0	0	1	0
3097_sub2	0	1	1	0	0	0	1	0
3097_sub3	0	1	1	0	0	0	1	0
3098_sub0	0	4	2	2	0	0	2	2
3098_sub1	0	1	1	0	0	0	1	0
3098_sub2	0	1	1	0	0	0	1	0
3098_sub3	0	1	0	1	0	0	0	1
3098_sub4	0	1	0	1	0	0	0	1
3099_sub0	0	1	0	1	0	0	0	1
3099_sub1	0	1	1	0	0	0	1	0
3099_sub2	0	1	0	1	0	0	0	1
3099_sub3	0	1	1	0	0	0	1	0
3099_sub4	0	1	1	0	0	0	1	0
3099_sub5	0	1	1	0	0	0	1	0
31_sub0	0	1	0	1	0	0	0	1
31_sub1	1	12	6	6	6	6	0	0
3101_sub0	1	7	2	5	2	5	0	0
3101_sub1	0	1	1	0	0	0	1	0
3103_sub0	0	1	1	0	0	0	1	0
3103_sub1	1	7	5	2	5	2	0	0
3103_sub2	0	1	1	0	0	0	1	0
3103_sub3	0	1	0	1	0	0	0	1
3106_sub0	1	6	5	1	5	1	0	0
3106_sub1	0	1	0	1	0	0	0	1
3106_sub2	0	1	1	0	0	0	1	0
3110_sub0	0	2	1	1	0	0	1	1
3110_sub1	0	1	0	1	0	0	0	1
3110_sub2	0	1	1	0	0	0	1	0
3110_sub3	0	1	0	1	0	0	0	1
3110_sub4	0	1	0	1	0	0	0	1
3111_sub0	1	10	5	5	5	5	0	0
3111_sub1	0	1	0	1	0	0	0	1
3114_sub0	1	6	5	1	5	1	0	0
3114_sub1	0	1	0	1	0	0	0	1
3116_sub0	0	5	0	5	0	0	0	5
3116_sub1	0	1	1	0	0	0	1	0
3118_sub0	1	7	1	6	1	6	0	0
3118_sub1	0	1	1	0	0	0	1	0
3121_sub0	0	1	0	1	0	0	0	1
3121_sub1	0	1	1	0	0	0	1	0
3121_sub2	1	7	5	2	5	2	0	0
3121_sub3	0	1	0	1	0	0	0	1
3121_sub4	0	1	1	0	0	0	1	0
3121_sub5	0	1	1	0	0	0	1	0
3130_sub0	0	1	0	1	0	0	0	1
3130_sub1	1	6	6	0	6	0	0	0
3130_sub2	0	1	1	0	0	0	1	0
3130_sub3	0	1	0	1	0	0	0	1
3130_sub4	0	1	1	0	0	0	1	0
3133_sub0	0	5	1	4	0	0	1	4
3133_sub1	0	1	0	1	0	0	0	1
3136_sub0	0	1	1	0	0	0	1	0
3136_sub1	0	2	1	1	0	0	1	1
3136_sub2	0	1	1	0	0	0	1	0
3136_sub3	0	1	0	1	0	0	0	1
3136_sub4	0	1	1	0	0	0	1	0
3137_sub0	1	6	2	4	2	4	0	0
3137_sub1	0	1	1	0	0	0	1	0
3144_sub0	0	1	1	0	0	0	1	0
3144_sub1	0	4	1	3	0	0	1	3
3144_sub2	0	2	2	0	0	0	2	0
3146_sub0	0	5	2	3	0	0	2	3
3146_sub1	0	1	1	0	0	0	1	0
3146_sub2	0	1	0	1	0	0	0	1
3147_sub0	0	5	3	2	0	0	3	2
3147_sub1	0	1	1	0	0	0	1	0
3147_sub2	0	1	0	1	0	0	0	1
3147_sub3	0	1	1	0	0	0	1	0
3147_sub4	0	1	1	0	0	0	1	0
3149_sub0	1	8	5	3	5	3	0	0
3149_sub1	0	1	0	1	0	0	0	1
3149_sub2	0	1	0	1	0	0	0	1
3149_sub3	0	1	1	0	0	0	1	0
3149_sub4	0	1	0	1	0	0	0	1
3151_sub0	0	1	1	0	0	0	1	0
3151_sub1	1	7	6	1	6	1	0	0
3153_sub0	1	8	4	4	4	4	0	0
3153_sub1	0	1	0	1	0	0	0	1
3153_sub2	0	1	0	1	0	0	0	1
3153_sub3	0	1	1	0	0	0	1	0
3160_sub0	1	7	5	2	5	2	0	0
3160_sub1	0	1	0	1	0	0	0	1
3160_sub2	0	1	1	0	0	0	1	0
3160_sub3	0	1	0	1	0	0	0	1
3160_sub4	0	1	1	0	0	0	1	0
3160_sub5	0	1	1	0	0	0	1	0
3166_sub0	0	5	2	3	0	0	2	3
3166_sub1	0	1	1	0	0	0	1	0
3166_sub2	0	1	0	1	0	0	0	1
3166_sub3	0	1	0	1	0	0	0	1
3166_sub4	0	1	1	0	0	0	1	0
3166_sub5	0	1	1	0	0	0	1	0
3173_sub0	0	1	0	1	0	0	0	1
3173_sub1	0	4	2	2	0	0	2	2
3173_sub2	0	1	0	1	0	0	0	1
3183_sub0	1	9	4	5	4	5	0	0
3183_sub1	0	1	1	0	0	0	1	0
3185_sub0	1	10	5	5	5	5	0	0
3186_sub0	0	2	1	1	0	0	1	1
3186_sub1	0	1	1	0	0	0	1	0
3186_sub2	0	1	0	1	0	0	0	1
3186_sub3	0	1	1	0	0	0	1	0
3186_sub4	0	1	0	1	0	0	0	1
3186_sub5	0	1	0	1	0	0	0	1
3186_sub6	0	1	0	1	0	0	0	1
3186_sub7	0	1	0	1	0	0	0	1
3189_sub0	0	5	1	4	0	0	1	4
3189_sub1	0	1	1	0	0	0	1	0
3189_sub2	0	1	0	1	0	0	0	1
319_sub0	0	1	1	0	0	0	1	0
319_sub1	0	1	0	1	0	0	0	1
319_sub2	0	5	1	4	0	0	1	4
319_sub3	0	1	1	0	0	0	1	0
3192_sub0	1	11	7	4	7	4	0	0
3192_sub1	0	1	0	1	0	0	0	1
3192_sub2	0	1	0	1	0	0	0	1
3194_sub0	1	6	3	3	3	3	0	0
3194_sub1	0	1	1	0	0	0	1	0
3194_sub2	0	1	1	0	0	0	1	0
3194_sub3	0	1	0	1	0	0	0	1
3199_sub0	0	4	4	0	0	0	4	0
3199_sub1	0	1	0	1	0	0	0	1
3199_sub2	0	1	1	0	0	0	1	0
3205_sub0	0	1	1	0	0	0	1	0
3205_sub1	1	8	3	5	3	5	0	0
3207_sub0	0	5	3	2	0	0	3	2
3207_sub1	0	1	0	1	0	0	0	1
3207_sub2	0	1	1	0	0	0	1	0
3207_sub3	0	1	1	0	0	0	1	0
3207_sub4	0	1	1	0	0	0	1	0
3212_sub0	1	7	4	3	4	3	0	0
3212_sub1	0	1	1	0	0	0	1	0
3212_sub2	0	1	1	0	0	0	1	0
3214_sub0	1	6	3	3	3	3	0	0
3214_sub1	0	1	0	1	0	0	0	1
3214_sub2	0	1	1	0	0	0	1	0
3214_sub3	0	1	1	0	0	0	1	0
3214_sub4	0	1	0	1	0	0	0	1
3214_sub5	0	1	1	0	0	0	1	0
3214_sub6	0	1	1	0	0	0	1	0
3214_sub7	0	1	1	0	0	0	1	0
3217_sub0	1	10	4	6	4	6	0	0
3217_sub1	0	1	1	0	0	0	1	0
3217_sub2	0	1	1	0	0	0	1	0
3217_sub3	0	1	1	0	0	0	1	0
3220_sub0	1	11	4	7	4	7	0	0
3220_sub1	0	1	1	0	0	0	1	0
3220_sub2	0	1	0	1	0	0	0	1
3222_sub0	0	5	3	2	0	0	3	2
3222_sub1	0	1	1	0	0	0	1	0
3222_sub2	0	1	1	0	0	0	1	0
3222_sub3	0	1	0	1	0	0	0	1
3222_sub4	0	1	0	1	0	0	0	1
3224_sub0	0	1	0	1	0	0	0	1
3224_sub1	0	3	1	2	0	0	1	2
3224_sub2	0	1	0	1	0	0	0	1
3224_sub3	0	1	0	1	0	0	0	1
3224_sub4	0	1	0	1	0	0	0	1
3224_sub5	0	1	0	1	0	0	0	1
3232_sub0	0	5	4	1	0	0	4	1
3232_sub1	0	1	0	1	0	0	0	1
3233_sub0	0	1	0	1	0	0	0	1
3233_sub1	0	1	0	1	0	0	0	1
3233_sub2	0	1	1	0	0	0	1	0
3233_sub3	0	1	0	1	0	0	0	1
3233_sub4	0	1	0	1	0	0	0	1
3233_sub5	0	1	1	0	0	0	1	0
3233_sub6	0	1	0	1	0	0	0	1
3236_sub0	0	5	3	2	0	0	3	2
3236_sub1	0	1	1	0	0	0	1	0
3236_sub2	0	1	1	0	0	0	1	0
3238_sub0	1	7	3	4	3	4	0	0
3238_sub1	0	1	1	0	0	0	1	0
3241_sub0	0	1	0	1	0	0	0	1
3241_sub1	0	1	1	0	0	0	1	0
3241_sub2	0	3	1	2	0	0	1	2
3241_sub3	0	1	0	1	0	0	0	1
3243_sub0	0	4	1	3	0	0	1	3
3243_sub1	0	1	0	1	0	0	0	1
3243_sub2	0	1	1	0	0	0	1	0
3244_sub0	1	6	3	3	3	3	0	0
3244_sub1	0	1	0	1	0	0	0	1
3256_sub0	0	5	2	3	0	0	2	3
3256_sub1	0	1	0	1	0	0	0	1
3256_sub2	0	1	0	1	0	0	0	1
3256_sub3	0	1	0	1	0	0	0	1
3256_sub4	0	1	1	0	0	0	1	0
3265_sub0	0	1	0	1	0	0	0	1
3265_sub1	0	1	0	1	0	0	0	1
3265_sub2	0	1	0	1	0	0	0	1
3265_sub3	0	1	1	0	0	0	1	0
3265_sub4	0	1	0	1	0	0	0	1
3265_sub5	0	1	0	1	0	0	0	1
3266_sub0	1	11	6	5	6	5	0	0
3270_sub0	1	7	5	2	5	2	0	0
3270_sub1	0	1	0	1	0	0	0	1
3270_sub2	0	1	0	1	0	0	0	1
3271_sub0	0	5	4	1	0	0	4	1
3271_sub1	0	1	0	1	0	0	0	1
3271_sub2	0	1	0	1	0	0	0	1
3273_sub0	0	3	2	1	0	0	2	1
3273_sub1	0	1	1	0	0	0	1	0
3273_sub2	0	1	0	1	0	0	0	1
3273_sub3	0	1	0	1	0	0	0	1
3275_sub0	1	6	3	3	3	3	0	0
3275_sub1	0	1	0	1	0	0	0	1
3286_sub0	1	8	2	6	2	6	0	0
3293_sub0	0	1	1	0	0	0	1	0
3293_sub1	1	6	2	4	2	4	0	0
3293_sub2	0	1	0	1	0	0	0	1
3297_sub0	1	8	5	3	5	3	0	0
3299_sub0	1	6	1	5	1	5	0	0
3299_sub1	0	1	0	1	0	0	0	1
3301_sub0	1	7	6	1	6	1	0	0
3301_sub1	0	1	0	1	0	0	0	1
3301_sub2	0	1	1	0	0	0	1	0
3301_sub3	0	1	1	0	0	0	1	0
3303_sub0	0	2	0	2	0	0	0	2
3303_sub1	0	1	1	0	0	0	1	0
3303_sub2	0	1	0	1	0	0	0	1
3303_sub3	0	1	1	0	0	0	1	0
3303_sub4	0	1	0	1	0	0	0	1
3303_sub5	0	1	0	1	0	0	0	1
3305_sub0	0	1	0	1	0	0	0	1
3305_sub1	0	3	2	1	0	0	2	1
3305_sub2	0	1	0	1	0	0	0	1
3305_sub3	0	1	0	1	0	0	0	1
3305_sub4	0	1	0	1	0	0	0	1
3305_sub5	0	1	0	1	0	0	0	1
3305_sub6	0	1	1	0	0	0	1	0
3305_sub7	0	1	1	0	0	0	1	0
3312_sub0	1	7	4	3	4	3	0	0
3312_sub1	0	1	1	0	0	0	1	0
3312_sub2	0	1	0	1	0	0	0	1
3319_sub0	1	12	7	5	7	5	0	0
3319_sub1	0	1	1	0	0	0	1	0
3320_sub0	0	1	1	0	0	0	1	0
3320_sub1	0	1	1	0	0	0	1	0
3320_sub2	0	1	0	1	0	0	0	1
3320_sub3	0	1	0	1	0	0	0	1
3320_sub4	0	1	1	0	0	0	1	0
3320_sub5	0	1	0	1	0	0	0	1
3325_sub0	0	5	4	1	0	0	4	1
3325_sub1	0	1	0	1	0	0	0	1
3325_sub2	0	1	1	0	0	0	1	0
3328_sub0	1	6	2	4	2	4	0	0
3328_sub1	0	1	0	1	0	0	0	1
3342_sub0	1	9	2	7	2	7	0	0
3342_sub1	0	1	1	0	0	0	1	0
3343_sub0	0	4	3	1	0	0	3	1
3343_sub1	0	1	1	0	0	0	1	0
3343_sub2	0	1	1	0	0	0	1	0
3343_sub3	0	1	0	1	0	0	0	1
3343_sub4	0	1	1	0	0	0	1	0
3343_sub5	0	1	1	0	0	0	1	0
3345_sub0	1	7	4	3	4	3	0	0
3345_sub1	0	1	0	1	0	0	0	1
3345_sub2	0	1	0	1	0	0	0	1
3345_sub3	0	1	0	1	0	0	0	1
3347_sub0	0	5	3	2	0	0	3	2
3347_sub1	0	1	0	1	0	0	0	1
3347_sub2	0	1	1	0	0	0	1	0
3347_sub3	0	1	0	1	0	0	0	1
3347_sub4	0	1	1	0	0	0	1	0
3351_sub0	0	4	0	4	0	0	0	4
3351_sub1	0	1	1	0	0	0	1	0
3351_sub2	0	1	0	1	0	0	0	1
3351_sub3	0	1	1	0	0	0	1	0
3354_sub0	0	1	0	1	0	0	0	1
3354_sub1	0	1	1	0	0	0	1	0
3354_sub2	0	1	1	0	0	0	1	0
3354_sub3	0	5	2	3	0	0	2	3
3368_sub0	0	5	3	2	0	0	3	2
3368_sub1	0	1	0	1	0	0	0	1
3368_sub2	0	1	0	1	0	0	0	1
3368_sub3	0	1	1	0	0	0	1	0
337_sub0	0	1	0	1	0	0	0	1
337_sub1	0	1	0	1	0	0	0	1
337_sub2	1	7	3	4	3	4	0	0
337_sub3	0	1	0	1	0	0	0	1
337_sub4	0	1	1	0	0	0	1	0
3372_sub0	0	4	3	1	0	0	3	1
3372_sub1	0	1	1	0	0	0	1	0
3372_sub2	0	1	1	0	0	0	1	0
3373_sub0	1	11	1	10	1	10	0	0
3373_sub1	0	1	0	1	0	0	0	1
3373_sub2	0	1	1	0	0	0	1	0
3373_sub3	0	1	0	1	0	0	0	1
3373_sub4	0	1	1	0	0	0	1	0
3378_sub0	1	6	1	5	1	5	0	0
3378_sub1	0	1	1	0	0	0	1	0
338_sub0	0	1	1	0	0	0	1	0
338_sub1	1	9	3	6	3	6	0	0
338_sub2	0	1	0	1	0	0	0	1
3380_sub0	0	4	4	0	0	0	4	0
3380_sub1	0	1	0	1	0	0	0	1
3380_sub2	0	1	1	0	0	0	1	0
3388_sub0	1	8	2	6	2	6	0	0
3388_sub1	0	1	0	1	0	0	0	1
3391_sub0	0	1	1	0	0	0	1	0
3391_sub1	0	1	0	1	0	0	0	1
3391_sub2	0	1	1	0	0	0	1	0
3391_sub3	0	1	1	0	0	0	1	0
3391_sub4	0	1	0	1	0	0	0	1
3391_sub5	0	1	0	1	0	0	0	1
340_sub0	0	1	1	0	0	0	1	0
340_sub1	1	6	3	3	3	3	0	0
340_sub2	0	1	1	0	0	0	1	0
3406_sub0	0	5	2	3	0	0	2	3
3406_sub1	0	1	0	1	0	0	0	1
3409_sub0	1	6	3	3	3	3	0	0
3409_sub1	0	1	1	0	0	0	1	0
3409_sub2	0	1	0	1	0	0	0	1
3409_sub3	0	1	0	1	0	0	0	1
3409_sub4	0	1	0	1	0	0	0	1
3409_sub5	0	1	0	1	0	0	0	1
3409_sub6	0	1	0	1	0	0	0	1
3411_sub0	0	1	0	1	0	0	0	1
3411_sub1	1	10	6	4	6	4	0	0
3416_sub0	0	1	1	0	0	0	1	0
3416_sub1	0	1	1	0	0	0	1	0
3416_sub2	0	1	1	0	0	0	1	0
3416_sub3	0	1	1	0	0	0	1	0
3416_sub4	0	1	0	1	0	0	0	1
3416_sub5	0	1	0	1	0	0	0	1
3416_sub6	0	1	0	1	0	0	0	1
3417_sub0	0	1	0	1	0	0	0	1
3417_sub1	0	1	1	0	0	0	1	0
3417_sub2	0	1	0	1	0	0	0	1
3417_sub3	0	1	1	0	0	0	1	0
3417_sub4	0	1	1	0	0	0	1	0
3417_sub5	0	1	1	0	0	0	1	0
342_sub0	0	1	0	1	0	0	0	1
342_sub1	0	5	2	3	0	0	2	3
342_sub2	0	1	1	0	0	0	1	0
342_sub3	0	1	1	0	0	0	1	0
3422_sub0	1	6	2	4	2	4	0	0
3422_sub1	0	1	1	0	0	0	1	0
3430_sub0	0	1	0	1	0	0	0	1
3430_sub1	0	3	3	0	0	0	3	0
3430_sub2	0	1	0	1	0	0	0	1
3430_sub3	0	1	1	0	0	0	1	0
3430_sub4	0	1	1	0	0	0	1	0
3436_sub0	0	1	0	1	0	0	0	1
3436_sub1	0	1	1	0	0	0	1	0
3436_sub2	1	7	3	4	3	4	0	0
3436_sub3	0	2	1	1	0	0	1	1
345_sub0	0	1	1	0	0	0	1	0
345_sub1	1	6	3	3	3	3	0	0
345_sub2	0	1	0	1	0	0	0	1
345_sub3	0	1	0	1	0	0	0	1
345_sub4	0	1	1	0	0	0	1	0
3462_sub0	1	6	2	4	2	4	0	0
3465_sub0	1	10	5	5	5	5	0	0
3465_sub1	0	1	0	1	0	0	0	1
3465_sub2	0	1	1	0	0	0	1	0
3465_sub3	0	1	0	1	0	0	0	1
3465_sub4	0	1	0	1	0	0	0	1
3465_sub5	0	1	1	0	0	0	1	0
3465_sub6	0	1	1	0	0	0	1	0
3467_sub0	1	9	6	3	6	3	0	0
3467_sub1	0	1	0	1	0	0	0	1
3467_sub2	0	1	1	0	0	0	1	0
3474_sub0	0	1	0	1	0	0	0	1
3474_sub1	0	3	2	1	0	0	2	1
3474_sub2	0	1	1	0	0	0	1	0
3474_sub3	0	1	0	1	0	0	0	1
3475_sub0	0	1	0	1	0	0	0	1
3475_sub1	0	1	0	1	0	0	0	1
3475_sub2	0	1	1	0	0	0	1	0
3475_sub3	0	1	0	1	0	0	0	1
3475_sub4	0	1	1	0	0	0	1	0
3475_sub5	0	1	0	1	0	0	0	1
3478_sub0	0	5	2	3	0	0	2	3
3478_sub1	0	1	0	1	0	0	0	1
3478_sub2	0	1	1	0	0	0	1	0
3478_sub3	0	1	1	0	0	0	1	0
3480_sub0	0	1	0	1	0	0	0	1
3480_sub1	0	5	1	4	0	0	1	4
3480_sub2	0	1	1	0	0	0	1	0
3480_sub3	0	1	1	0	0	0	1	0
3482_sub0	0	1	1	0	0	0	1	0
3482_sub1	0	1	0	1	0	0	0	1
3482_sub2	0	5	4	1	0	0	4	1
3482_sub3	0	1	1	0	0	0	1	0
3484_sub0	0	1	0	1	0	0	0	1
3484_sub1	1	6	4	2	4	2	0	0
3484_sub2	0	1	1	0	0	0	1	0
3484_sub3	0	1	0	1	0	0	0	1
3487_sub0	1	7	1	6	1	6	0	0
3487_sub1	0	1	0	1	0	0	0	1
349_sub0	0	1	0	1	0	0	0	1
349_sub1	0	1	1	0	0	0	1	0
349_sub2	1	10	6	4	6	4	0	0
3490_sub0	0	5	3	2	0	0	3	2
3490_sub1	0	1	0	1	0	0	0	1
3502_sub0	1	7	2	5	2	5	0	0
3513_sub0	1	7	5	2	5	2	0	0
3522_sub0	1	8	2	6	2	6	0	0
3522_sub1	0	1	0	1	0	0	0	1
3522_sub2	0	1	0	1	0	0	0	1
3522_sub3	0	1	1	0	0	0	1	0
3529_sub0	1	6	1	5	1	5	0	0
3529_sub1	0	1	0	1	0	0	0	1
3529_sub2	0	1	0	1	0	0	0	1
3542_sub0	1	7	3	4	3	4	0	0
3542_sub1	0	1	1	0	0	0	1	0
3543_sub0	0	1	0	1	0	0	0	1
3543_sub1	0	1	1	0	0	0	1	0
3543_sub2	0	1	0	1	0	0	0	1
3543_sub3	0	1	0	1	0	0	0	1
3543_sub4	0	3	2	1	0	0	2	1
355_sub0	0	1	0	1	0	0	0	1
355_sub1	0	5	1	4	0	0	1	4
355_sub2	0	1	0	1	0	0	0	1
3551_sub0	0	4	3	1	0	0	3	1
3551_sub1	0	1	0	1	0	0	0	1
3551_sub2	0	1	0	1	0	0	0	1
3553_sub0	1	7	2	5	2	5	0	0
3553_sub1	0	1	0	1	0	0	0	1
3553_sub2	0	1	0	1	0	0	0	1
3557_sub0	1	7	3	4	3	4	0	0
3557_sub1	0	1	1	0	0	0	1	0
3557_sub2	0	1	0	1	0	0	0	1
3565_sub0	1	6	3	3	3	3	0	0
3568_sub0	1	10	0	10	0	10	0	0
3568_sub1	0	1	1	0	0	0	1	0
3568_sub2	0	1	0	1	0	0	0	1
3568_sub3	0	1	0	1	0	0	0	1
3568_sub4	0	1	1	0	0	0	1	0
3569_sub0	0	5	2	3	0	0	2	3
3569_sub1	0	1	1	0	0	0	1	0
357_sub0	0	1	1	0	0	0	1	0
357_sub1	0	1	0	1	0	0	0	1
357_sub2	0	5	3	2	0	0	3	2
357_sub3	0	1	0	1	0	0	0	1
357_sub4	0	1	1	0	0	0	1	0
3576_sub0	1	13	5	8	5	8	0	0
3576_sub1	0	1	0	1	0	0	0	1
358_sub0	0	1	0	1	0	0	0	1
358_sub1	0	5	3	2	0	0	3	2
358_sub2	0	1	1	0	0	0	1	0
3582_sub0	0	5	2	3	0	0	2	3
3582_sub1	0	1	1	0	0	0	1	0
3582_sub2	0	1	1	0	0	0	1	0
3582_sub3	0	1	1	0	0	0	1	0
3582_sub4	0	1	1	0	0	0	1	0
3582_sub5	0	1	1	0	0	0	1	0
3582_sub6	0	1	0	1	0	0	0	1
3582_sub7	0	1	1	0	0	0	1	0
3584_sub0	0	1	1	0	0	0	1	0
3584_sub1	0	1	0	1	0	0	0	1
3584_sub2	1	6	2	4	2	4	0	0
3586_sub0	1	10	6	4	6	4	0	0
3586_sub1	0	1	0	1	0	0	0	1
3592_sub0	1	7	2	5	2	5	0	0
3592_sub1	0	1	1	0	0	0	1	0
3594_sub0	0	5	2	3	0	0	2	3
3594_sub1	0	1	0	1	0	0	0	1
3594_sub2	0	1	0	1	0	0	0	1
3598_sub0	1	7	4	3	4	3	0	0
3598_sub1	0	1	0	1	0	0	0	1
3612_sub0	0	1	0	1	0	0	0	1
3612_sub1	1	6	2	4	2	4	0	0
3617_sub0	1	8	5	3	5	3	0	0
3617_sub1	0	1	1	0	0	0	1	0
3620_sub0	1	7	2	5	2	5	0	0
3620_sub1	0	1	0	1	0	0	0	1
3625_sub0	1	7	4	3	4	3	0	0
3625_sub1	0	1	0	1	0	0	0	1
3625_sub2	0	1	1	0	0	0	1	0
3625_sub3	0	1	1	0	0	0	1	0
3625_sub4	0	1	1	0	0	0	1	0
3639_sub0	0	1	0	1	0	0	0	1
3639_sub1	0	1	1	0	0	0	1	0
3639_sub2	0	1	1	0	0	0	1	0
3639_sub3	0	1	0	1	0	0	0	1
3639_sub4	0	1	1	0	0	0	1	0
3639_sub5	0	1	1	0	0	0	1	0
365_sub0	0	1	0	1	0	0	0	1
365_sub1	0	1	0	1	0	0	0	1
365_sub2	1	11	5	6	5	6	0	0
365_sub3	0	1	0	1	0	0	0	1
3652_sub0	1	10	6	4	6	4	0	0
3655_sub0	0	4	3	1	0	0	3	1
3655_sub1	0	1	1	0	0	0	1	0
3655_sub2	0	1	0	1	0	0	0	1
3669_sub0	0	1	0	1	0	0	0	1
3669_sub1	1	7	1	6	1	6	0	0
3669_sub2	0	1	0	1	0	0	0	1
3669_sub3	0	1	1	0	0	0	1	0
3672_sub0	0	1	1	0	0	0	1	0
3672_sub1	0	3	1	2	0	0	1	2
3672_sub2	0	1	1	0	0	0	1	0
3672_sub3	0	1	0	1	0	0	0	1
3677_sub0	1	9	6	3	6	3	0	0
3677_sub1	0	1	0	1	0	0	0	1
3677_sub2	0	1	0	1	0	0	0	1
368_sub0	0	1	1	0	0	0	1	0
368_sub1	0	5	1	4	0	0	1	4
368_sub2	0	1	1	0	0	0	1	0
368_sub3	0	1	0	1	0	0	0	1
368_sub4	0	1	0	1	0	0	0	1
368_sub5	0	1	1	0	0	0	1	0
3696_sub0	0	5	2	3	0	0	2	3
3696_sub1	0	1	1	0	0	0	1	0
3696_sub2	0	1	1	0	0	0	1	0
370_sub0	0	1	0	1	0	0	0	1
370_sub1	0	1	0	1	0	0	0	1
370_sub2	0	4	2	2	0	0	2	2
3703_sub0	0	1	0	1	0	0	0	1
3703_sub1	0	3	2	1	0	0	2	1
3703_sub2	0	2	1	1	0	0	1	1
3703_sub3	0	1	0	1	0	0	0	1
3703_sub4	0	1	0	1	0	0	0	1
3706_sub0	0	5	0	5	0	0	0	5
3706_sub1	0	1	1	0	0	0	1	0
3706_sub2	0	1	1	0	0	0	1	0
3706_sub3	0	1	0	1	0	0	0	1
3708_sub0	0	1	1	0	0	0	1	0
3708_sub1	0	1	1	0	0	0	1	0
3708_sub2	0	1	1	0	0	0	1	0
3708_sub3	0	1	0	1	0	0	0	1
3708_sub4	0	1	1	0	0	0	1	0
3708_sub5	0	1	0	1	0	0	0	1
371_sub0	0	1	0	1	0	0	0	1
371_sub1	1	11	6	5	6	5	0	0
371_sub2	0	1	0	1	0	0	0	1
3715_sub0	0	1	0	1	0	0	0	1
3715_sub1	0	1	1	0	0	0	1	0
3715_sub2	0	1	0	1	0	0	0	1
3715_sub3	0	1	1	0	0	0	1	0
3715_sub4	0	1	1	0	0	0	1	0
3715_sub5	0	1	0	1	0	0	0	1
3717_sub0	0	5	3	2	0	0	3	2
3717_sub1	0	1	1	0	0	0	1	0
3717_sub2	0	1	1	0	0	0	1	0
3722_sub0	0	1	1	0	0	0	1	0
3722_sub1	0	1	1	0	0	0	1	0
3722_sub2	0	1	1	0	0	0	1	0
3722_sub3	0	1	0	1	0	0	0	1
3722_sub4	0	1	1	0	0	0	1	0
3722_sub5	0	1	0	1	0	0	0	1
3731_sub0	0	1	0	1	0	0	0	1
3731_sub1	0	1	0	1	0	0	0	1
3731_sub2	0	1	0	1	0	0	0	1
3731_sub3	0	1	0	1	0	0	0	1
3731_sub4	0	1	1	0	0	0	1	0
3731_sub5	0	1	0	1	0	0	0	1
3731_sub6	0	1	1	0	0	0	1	0
3731_sub7	0	1	0	1	0	0	0	1
3743_sub0	0	1	1	0	0	0	1	0
3743_sub1	0	1	0	1	0	0	0	1
3743_sub2	0	5	2	3	0	0	2	3
3743_sub3	0	1	0	1	0	0	0	1
3743_sub4	0	1	1	0	0	0	1	0
3745_sub0	0	3	1	2	0	0	1	2
3745_sub1	0	1	0	1	0	0	0	1
3745_sub2	0	1	1	0	0	0	1	0
3745_sub3	0	1	1	0	0	0	1	0
3745_sub4	0	1	0	1	0	0	0	1
3745_sub5	0	1	1	0	0	0	1	0
3747_sub0	0	1	0	1	0	0	0	1
3747_sub1	0	1	1	0	0	0	1	0
3747_sub2	1	8	3	5	3	5	0	0
3749_sub0	0	5	2	3	0	0	2	3
3749_sub1	0	1	0	1	0	0	0	1
3751_sub0	1	9	5	4	5	4	0	0
3751_sub1	0	1	0	1	0	0	0	1
3751_sub2	0	1	1	0	0	0	1	0
3752_sub0	1	6	3	3	3	3	0	0
3752_sub1	0	1	0	1	0	0	0	1
3760_sub0	0	3	0	3	0	0	0	3
3760_sub1	0	1	0	1	0	0	0	1
3760_sub2	0	1	0	1	0	0	0	1
3760_sub3	0	1	0	1	0	0	0	1
3760_sub4	0	1	1	0	0	0	1	0
3764_sub0	1	7	2	5	2	5	0	0
3764_sub1	0	1	1	0	0	0	1	0
3764_sub2	0	1	1	0	0	0	1	0
3767_sub0	0	1	1	0	0	0	1	0
3767_sub1	0	1	0	1	0	0	0	1
3767_sub2	0	1	1	0	0	0	1	0
3767_sub3	0	1	1	0	0	0	1	0
3767_sub4	0	1	1	0	0	0	1	0
3767_sub5	0	1	0	1	0	0	0	1
3767_sub6	0	1	1	0	0	0	1	0
3767_sub7	0	1	1	0	0	0	1	0
3767_sub8	0	1	1	0	0	0	1	0
377_sub0	0	1	0	1	0	0	0	1
377_sub1	0	1	1	0	0	0	1	0
377_sub2	1	6	0	6	0	6	0	0
377_sub3	0	1	0	1	0	0	0	1
377_sub4	0	1	0	1	0	0	0	1
3776_sub0	0	1	0	1	0	0	0	1
3776_sub1	0	1	1	0	0	0	1	0
3776_sub2	0	1	0	1	0	0	0	1
3776_sub3	0	1	1	0	0	0	1	0
3776_sub4	0	1	0	1	0	0	0	1
3776_sub5	0	2	1	1	0	0	1	1
3776_sub6	0	1	1	0	0	0	1	0
3776_sub7	0	1	0	1	0	0	0	1
378_sub0	0	1	1	0	0	0	1	0
378_sub1	0	4	3	1	0	0	3	1
378_sub2	0	1	0	1	0	0	0	1
3784_sub0	0	1	0	1	0	0	0	1
3784_sub1	0	4	3	1	0	0	3	1
3784_sub2	0	1	1	0	0	0	1	0
3784_sub3	0	1	1	0	0	0	1	0
3786_sub0	0	4	2	2	0	0	2	2
3786_sub1	0	2	1	1	0	0	1	1
3786_sub2	0	1	0	1	0	0	0	1
3786_sub3	0	1	1	0	0	0	1	0
3792_sub0	0	1	0	1	0	0	0	1
3792_sub1	0	1	0	1	0	0	0	1
3792_sub2	0	1	1	0	0	0	1	0
3792_sub3	0	1	1	0	0	0	1	0
3792_sub4	0	1	0	1	0	0	0	1
3792_sub5	0	1	0	1	0	0	0	1
3792_sub6	0	1	0	1	0	0	0	1
3795_sub0	0	1	0	1	0	0	0	1
3795_sub1	0	4	2	2	0	0	2	2
3795_sub2	0	1	0	1	0	0	0	1
3796_sub0	0	1	1	0	0	0	1	0
3796_sub1	0	2	1	1	0	0	1	1
3796_sub2	0	1	0	1	0	0	0	1
3796_sub3	0	1	1	0	0	0	1	0
3796_sub4	0	1	0	1	0	0	0	1
3797_sub0	1	6	1	5	1	5	0	0
3798_sub0	1	9	4	5	4	5	0	0
3798_sub1	0	1	0	1	0	0	0	1
3798_sub2	0	1	1	0	0	0	1	0
3798_sub3	0	1	0	1	0	0	0	1
3805_sub0	0	3	1	2	0	0	1	2
3805_sub1	0	1	1	0	0	0	1	0
3805_sub2	0	1	1	0	0	0	1	0
3805_sub3	0	1	1	0	0	0	1	0
3816_sub0	1	8	6	2	6	2	0	0
3816_sub1	0	1	1	0	0	0	1	0
3816_sub2	0	1	0	1	0	0	0	1
3816_sub3	0	1	1	0	0	0	1	0
3818_sub0	1	7	4	3	4	3	0	0
3818_sub1	0	1	1	0	0	0	1	0
3818_sub2	0	1	1	0	0	0	1	0
3818_sub3	0	1	0	1	0	0	0	1
3818_sub4	0	1	0	1	0	0	0	1
3818_sub5	0	1	0	1	0	0	0	1
382_sub0	0	1	0	1	0	0	0	1
382_sub1	1	6	3	3	3	3	0	0
3820_sub0	0	5	3	2	0	0	3	2
3820_sub1	0	1	0	1	0	0	0	1
3824_sub0	0	1	0	1	0	0	0	1
3824_sub1	0	4	2	2	0	0	2	2
3824_sub2	0	1	0	1	0	0	0	1
3824_sub3	0	2	1	1	0	0	1	1
3826_sub0	0	1	0	1	0	0	0	1
3826_sub1	0	1	1	0	0	0	1	0
3826_sub2	1	6	2	4	2	4	0	0
3826_sub3	0	1	1	0	0	0	1	0
3835_sub0	0	5	4	1	0	0	4	1
3835_sub1	0	1	0	1	0	0	0	1
3835_sub2	0	1	1	0	0	0	1	0
3838_sub0	1	12	5	7	5	7	0	0
3838_sub1	0	1	0	1	0	0	0	1
3838_sub2	0	1	0	1	0	0	0	1
3838_sub3	0	1	1	0	0	0	1	0
3838_sub4	0	1	1	0	0	0	1	0
3838_sub5	0	1	0	1	0	0	0	1
3838_sub6	0	1	0	1	0	0	0	1
3846_sub0	0	1	1	0	0	0	1	0
3846_sub1	1	7	4	3	4	3	0	0
3846_sub2	0	1	1	0	0	0	1	0
3846_sub3	0	1	0	1	0	0	0	1
3851_sub0	0	1	1	0	0	0	1	0
3851_sub1	0	1	1	0	0	0	1	0
3851_sub2	0	5	2	3	0	0	2	3
3854_sub0	0	5	3	2	0	0	3	2
3854_sub1	0	1	0	1	0	0	0	1
3858_sub0	0	5	3	2	0	0	3	2
3858_sub1	0	1	1	0	0	0	1	0
3861_sub0	1	6	3	3	3	3	0	0
3861_sub1	0	1	0	1	0	0	0	1
3861_sub2	0	1	1	0	0	0	1	0
3869_sub0	0	5	0	5	0	0	0	5
3869_sub1	0	1	1	0	0	0	1	0
3870_sub0	0	5	2	3	0	0	2	3
3870_sub1	0	1	1	0	0	0	1	0
3870_sub2	0	1	0	1	0	0	0	1
3872_sub0	1	10	7	3	7	3	0	0
3872_sub1	0	1	1	0	0	0	1	0
3883_sub0	1	6	5	1	5	1	0	0
3883_sub1	0	1	1	0	0	0	1	0
3883_sub2	0	1	0	1	0	0	0	1
3887_sub0	1	10	5	5	5	5	0	0
3887_sub1	0	1	1	0	0	0	1	0
3887_sub2	0	1	0	1	0	0	0	1
3887_sub3	0	1	1	0	0	0	1	0
3887_sub4	0	1	1	0	0	0	1	0
3893_sub0	0	5	2	3	0	0	2	3
3893_sub1	0	1	1	0	0	0	1	0
3893_sub2	0	1	1	0	0	0	1	0
3893_sub3	0	1	0	1	0	0	0	1
3893_sub4	0	1	0	1	0	0	0	1
3893_sub5	0	1	0	1	0	0	0	1
3893_sub6	0	1	0	1	0	0	0	1
3903_sub0	1	7	4	3	4	3	0	0
3903_sub1	0	1	0	1	0	0	0	1
3912_sub0	1	6	6	0	6	0	0	0
3915_sub0	1	6	3	3	3	3	0	0
3915_sub1	0	1	1	0	0	0	1	0
3915_sub2	0	1	0	1	0	0	0	1
3918_sub0	1	8	5	3	5	3	0	0
3918_sub1	0	1	0	1	0	0	0	1
3918_sub2	0	1	0	1	0	0	0	1
3918_sub3	0	1	0	1	0	0	0	1
3934_sub0	1	6	2	4	2	4	0	0
3934_sub1	0	1	0	1	0	0	0	1
3935_sub0	0	1	1	0	0	0	1	0
3935_sub1	1	10	5	5	5	5	0	0
3935_sub2	0	1	0	1	0	0	0	1
3935_sub3	0	1	0	1	0	0	0	1
3935_sub4	0	1	0	1	0	0	0	1
394_sub0	0	1	1	0	0	0	1	0
394_sub1	0	1	0	1	0	0	0	1
394_sub2	0	3	1	2	0	0	1	2
394_sub3	0	1	1	0	0	0	1	0
394_sub4	0	1	1	0	0	0	1	0
3942_sub0	0	1	0	1	0	0	0	1
3942_sub1	1	7	3	4	3	4	0	0
3942_sub2	0	1	1	0	0	0	1	0
3942_sub3	0	1	0	1	0	0	0	1
3944_sub0	0	1	1	0	0	0	1	0
3944_sub1	0	5	3	2	0	0	3	2
3946_sub0	0	1	1	0	0	0	1	0
3946_sub1	0	1	1	0	0	0	1	0
3946_sub2	0	3	2	1	0	0	2	1
3946_sub3	0	1	1	0	0	0	1	0
3951_sub0	1	8	2	6	2	6	0	0
3951_sub1	0	1	0	1	0	0	0	1
3959_sub0	1	11	7	4	7	4	0	0
3959_sub1	0	1	1	0	0	0	1	0
3959_sub2	0	1	1	0	0	0	1	0
396_sub0	0	1	1	0	0	0	1	0
396_sub1	1	9	7	2	7	2	0	0
3966_sub0	1	7	5	2	5	2	0	0
3966_sub1	0	1	0	1	0	0	0	1
3971_sub0	1	7	4	3	4	3	0	0
3971_sub1	0	1	1	0	0	0	1	0
3971_sub2	0	1	1	0	0	0	1	0
3971_sub3	0	1	0	1	0	0	0	1
3971_sub4	0	1	0	1	0	0	0	1
3971_sub5	0	1	0	1	0	0	0	1
3971_sub6	0	1	1	0	0	0	1	0
3981_sub0	0	4	1	3	0	0	1	3
3981_sub1	0	1	0	1	0	0	0	1
3981_sub2	0	1	0	1	0	0	0	1
3984_sub0	1	8	3	5	3	5	0	0
3984_sub1	0	1	0	1	0	0	0	1
3984_sub2	0	1	1	0	0	0	1	0
3984_sub3	0	1	1	0	0	0	1	0
3984_sub4	0	1	0	1	0	0	0	1
3988_sub0	1	6	5	1	5	1	0	0
3991_sub0	0	1	0	1	0	0	0	1
3991_sub1	0	1	0	1	0	0	0	1
3991_sub2	0	1	1	0	0	0	1	0
3991_sub3	0	1	0	1	0	0	0	1
3991_sub4	0	1	0	1	0	0	0	1
3991_sub5	0	1	0	1	0	0	0	1
3991_sub6	0	1	1	0	0	0	1	0
3992_sub0	1	7	4	3	4	3	0	0
3992_sub1	0	1	0	1	0	0	0	1
40_sub0	0	1	0	1	0	0	0	1
40_sub1	1	6	3	3	3	3	0	0
40_sub2	0	1	0	1	0	0	0	1
400_sub0	0	1	0	1	0	0	0	1
400_sub1	0	4	2	2	0	0	2	2
400_sub2	0	1	0	1	0	0	0	1
4002_sub0	0	1	1	0	0	0	1	0
4002_sub1	1	6	4	2	4	2	0	0
4002_sub2	0	1	0	1	0	0	0	1
4002_sub3	0	2	1	1	0	0	1	1
4002_sub4	0	1	1	0	0	0	1	0
4002_sub5	0	1	0	1	0	0	0	1
4013_sub0	0	1	0	1	0	0	0	1
4013_sub1	0	1	0	1	0	0	0	1
4013_sub2	0	1	0	1	0	0	0	1
4013_sub3	0	1	0	1	0	0	0	1
4013_sub4	0	1	1	0	0	0	1	0
4013_sub5	0	1	1	0	0	0	1	0
4022_sub0	0	4	2	2	0	0	2	2
4022_sub1	0	1	0	1	0	0	0	1
4022_sub2	0	1	1	0	0	0	1	0
4026_sub0	1	6	3	3	3	3	0	0
4026_sub1	0	1	0	1	0	0	0	1
4026_sub2	0	1	1	0	0	0	1	0
4026_sub3	0	1	1	0	0	0	1	0
403_sub0	0	1	0	1	0	0	0	1
403_sub1	0	4	2	2	0	0	2	2
403_sub2	0	1	1	0	0	0	1	0
403_sub3	0	1	0	1	0	0	0	1
403_sub4	0	1	0	1	0	0	0	1
403_sub5	0	1	0	1	0	0	0	1
4030_sub0	1	7	5	2	5	2	0	0
4030_sub1	0	1	1	0	0	0	1	0
4030_sub2	0	1	1	0	0	0	1	0
4034_sub0	0	5	2	3	0	0	2	3
4034_sub1	0	1	0	1	0	0	0	1
4034_sub2	0	1	1	0	0	0	1	0
4034_sub3	0	1	0	1	0	0	0	1
4034_sub4	0	1	0	1	0	0	0	1
4042_sub0	0	5	4	1	0	0	4	1
4042_sub1	0	1	1	0	0	0	1	0
4042_sub2	0	1	0	1	0	0	0	1
4042_sub3	0	1	1	0	0	0	1	0
4045_sub0	0	1	0	1	0	0	0	1
4045_sub1	0	1	0	1	0	0	0	1
4045_sub2	0	1	0	1	0	0	0	1
4045_sub3	0	1	1	0	0	0	1	0
4045_sub4	0	1	0	1	0	0	0	1
4045_sub5	0	1	1	0	0	0	1	0
4049_sub0	0	5	5	0	0	0	5	0
4049_sub1	0	1	1	0	0	0	1	0
405_sub0	0	1	1	0	0	0	1	0
405_sub1	1	7	2	5	2	5	0	0
4051_sub0	0	5	2	3	0	0	2	3
4051_sub1	0	1	0	1	0	0	0	1
4051_sub2	0	1	0	1	0	0	0	1
4051_sub3	0	1	1	0	0	0	1	0
4065_sub0	1	8	5	3	5	3	0	0
4065_sub1	0	1	1	0	0	0	1	0
4065_sub2	0	1	0	1	0	0	0	1
4065_sub3	0	1	0	1	0	0	0	1
4069_sub0	1	7	6	1	6	1	0	0
4076_sub0	1	6	2	4	2	4	0	0
4082_sub0	1	6	2	4	2	4	0	0
4082_sub1	0	1	1	0	0	0	1	0
4082_sub2	0	1	0	1	0	0	0	1
4082_sub3	0	1	0	1	0	0	0	1
4082_sub4	0	1	1	0	0	0	1	0
4082_sub5	0	1	1	0	0	0	1	0
4082_sub6	0	1	1	0	0	0	1	0
4082_sub7	0	1	0	1	0	0	0	1
4082_sub8	0	1	0	1	0	0	0	1
4084_sub0	0	1	0	1	0	0	0	1
4084_sub1	0	5	3	2	0	0	3	2
4084_sub2	0	1	0	1	0	0	0	1
4084_sub3	0	1	1	0	0	0	1	0
4085_sub0	1	6	0	6	0	6	0	0
4085_sub1	0	1	1	0	0	0	1	0
4088_sub0	0	1	0	1	0	0	0	1
4088_sub1	0	5	3	2	0	0	3	2
4088_sub2	0	1	1	0	0	0	1	0
4097_sub0	1	7	1	6	1	6	0	0
4097_sub1	0	1	1	0	0	0	1	0
4097_sub2	0	1	0	1	0	0	0	1
4102_sub0	1	6	4	2	4	2	0	0
4102_sub1	0	1	1	0	0	0	1	0
4102_sub2	0	1	1	0	0	0	1	0
4102_sub3	0	1	0	1	0	0	0	1
4102_sub4	0	1	1	0	0	0	1	0
4102_sub5	0	1	1	0	0	0	1	0
4102_sub6	0	1	1	0	0	0	1	0
4102_sub7	0	1	0	1	0	0	0	1
4105_sub0	0	5	3	2	0	0	3	2
4105_sub1	0	1	0	1	0	0	0	1
4105_sub2	0	1	0	1	0	0	0	1
4108_sub0	0	5	1	4	0	0	1	4
4108_sub1	0	1	0	1	0	0	0	1
4110_sub0	0	4	1	3	0	0	1	3
4110_sub1	0	1	0	1	0	0	0	1
4110_sub2	0	1	1	0	0	0	1	0
4110_sub3	0	1	1	0	0	0	1	0
4110_sub4	0	1	0	1	0	0	0	1
4123_sub0	1	6	2	4	2	4	0	0
4123_sub1	0	1	1	0	0	0	1	0
4130_sub0	0	5	3	2	0	0	3	2
4130_sub1	0	1	0	1	0	0	0	1
4130_sub2	0	1	0	1	0	0	0	1
4130_sub3	0	1	0	1	0	0	0	1
4135_sub0	0	5	3	2	0	0	3	2
4135_sub1	0	1	1	0	0	0	1	0
4137_sub0	1	9	4	5	4	5	0	0
4137_sub1	0	1	0	1	0	0	0	1
4137_sub2	0	1	0	1	0	0	0	1
4137_sub3	0	1	1	0	0	0	1	0
4142_sub0	0	5	2	3	0	0	2	3
4142_sub1	0	1	0	1	0	0	0	1
4149_sub0	1	7	3	4	3	4	0	0
4149_sub1	0	1	0	1	0	0	0	1
4149_sub2	0	1	0	1	0	0	0	1
4149_sub3	0	1	1	0	0	0	1	0
415_sub0	0	1	0	1	0	0	0	1
415_sub1	1	7	5	2	5	2	0	0
4158_sub0	1	9	6	3	6	3	0	0
4158_sub1	0	1	0	1	0	0	0	1
416_sub0	0	1	1	0	0	0	1	0
416_sub1	0	1	0	1	0	0	0	1
416_sub2	0	1	0	1	0	0	0	1
416_sub3	0	1	0	1	0	0	0	1
416_sub4	0	1	0	1	0	0	0	1
416_sub5	0	2	0	2	0	0	0	2
416_sub6	0	1	0	1	0	0	0	1
4160_sub0	0	1	1	0	0	0	1	0
4160_sub1	0	4	1	3	0	0	1	3
4160_sub2	0	1	1	0	0	0	1	0
4164_sub0	0	4	1	3	0	0	1	3
4164_sub1	0	1	1	0	0	0	1	0
4164_sub2	0	1	1	0	0	0	1	0
4164_sub3	0	1	1	0	0	0	1	0
4165_sub0	0	4	2	2	0	0	2	2
4165_sub1	0	1	0	1	0	0	0	1
4165_sub2	0	1	0	1	0	0	0	1
4165_sub3	0	1	1	0	0	0	1	0
4166_sub0	0	1	1	0	0	0	1	0
4166_sub1	0	5	4	1	0	0	4	1
417_sub0	0	1	0	1	0	0	0	1
417_sub1	0	1	0	1	0	0	0	1
417_sub2	0	3	3	0	0	0	3	0
417_sub3	0	1	0	1	0	0	0	1
4174_sub0	1	7	4	3	4	3	0	0
4178_sub0	0	3	0	3	0	0	0	3
4178_sub1	0	1	0	1	0	0	0	1
4178_sub2	0	1	1	0	0	0	1	0
4178_sub3	0	1	1	0	0	0	1	0
4180_sub0	0	3	0	3	0	0	0	3
4180_sub1	0	1	0	1	0	0	0	1
4180_sub2	0	3	2	1	0	0	2	1
4182_sub0	0	5	3	2	0	0	3	2
4182_sub1	0	1	0	1	0	0	0	1
4184_sub0	1	6	1	5	1	5	0	0
4184_sub1	0	1	0	1	0	0	0	1
4184_sub2	0	1	0	1	0	0	0	1
4184_sub3	0	1	1	0	0	0	1	0
4184_sub4	0	1	0	1	0	0	0	1
4184_sub5	0	1	0	1	0	0	0	1
4197_sub0	0	5	3	2	0	0	3	2
4197_sub1	0	1	1	0	0	0	1	0
4199_sub0	1	7	1	6	1	6	0	0
4199_sub1	0	1	0	1	0	0	0	1
4199_sub2	0	1	0	1	0	0	0	1
4199_sub3	0	1	1	0	0	0	1	0
4199_sub4	0	1	1	0	0	0	1	0
42_sub0	0	1	0	1	0	0	0	1
42_sub1	1	7	4	3	4	3	0	0
4203_sub0	0	3	0	3	0	0	0	3
4203_sub1	0	1	1	0	0	0	1	0
4203_sub2	0	1	1	0	0	0	1	0
4203_sub3	0	1	0	1	0	0	0	1
4203_sub4	0	1	1	0	0	0	1	0
4212_sub0	0	1	1	0	0	0	1	0
4212_sub1	0	1	1	0	0	0	1	0
4212_sub2	0	1	1	0	0	0	1	0
4212_sub3	0	1	0	1	0	0	0	1
4212_sub4	0	1	1	0	0	0	1	0
4212_sub5	0	1	1	0	0	0	1	0
4213_sub0	1	7	1	6	1	6	0	0
4214_sub0	1	11	6	5	6	5	0	0
4214_sub1	0	1	0	1	0	0	0	1
4218_sub0	0	1	0	1	0	0	0	1
4218_sub1	0	1	0	1	0	0	0	1
4218_sub2	0	1	0	1	0	0	0	1
4218_sub3	0	1	1	0	0	0	1	0
4218_sub4	0	1	1	0	0	0	1	0
4218_sub5	0	1	0	1	0	0	0	1
4218_sub6	0	1	0	1	0	0	0	1
4221_sub0	0	1	1	0	0	0	1	0
4221_sub1	0	5	3	2	0	0	3	2
4221_sub2	0	1	1	0	0	0	1	0
4229_sub0	1	8	3	5	3	5	0	0
4230_sub0	0	5	1	4	0	0	1	4
4230_sub1	0	1	0	1	0	0	0	1
4234_sub0	1	8	2	6	2	6	0	0
4235_sub0	1	6	1	5	1	5	0	0
4243_sub0	0	1	1	0	0	0	1	0
4243_sub1	0	4	2	2	0	0	2	2
4243_sub2	0	1	1	0	0	0	1	0
425_sub0	0	1	1	0	0	0	1	0
425_sub1	1	8	4	4	4	4	0	0
425_sub2	0	1	0	1	0	0	0	1
4258_sub0	1	8	5	3	5	3	0	0
4258_sub1	0	1	0	1	0	0	0	1
4258_sub2	0	1	1	0	0	0	1	0
4258_sub3	0	1	0	1	0	0	0	1
4258_sub4	0	1	0	1	0	0	0	1
4262_sub0	0	1	1	0	0	0	1	0
4262_sub1	0	3	2	1	0	0	2	1
4262_sub2	0	1	1	0	0	0	1	0
4262_sub3	0	1	1	0	0	0	1	0
4262_sub4	0	1	0	1	0	0	0	1
4267_sub0	0	1	0	1	0	0	0	1
4267_sub1	0	1	0	1	0	0	0	1
4267_sub2	1	8	3	5	3	5	0	0
4267_sub3	0	1	1	0	0	0	1	0
4268_sub0	0	5	3	2	0	0	3	2
4268_sub1	0	1	1	0	0	0	1	0
4268_sub2	0	1	0	1	0	0	0	1
4268_sub3	0	1	0	1	0	0	0	1
4272_sub0	0	4	1	3	0	0	1	3
4272_sub1	0	1	1	0	0	0	1	0
4272_sub2	0	1	1	0	0	0	1	0
4284_sub0	0	1	1	0	0	0	1	0
4284_sub1	0	1	0	1	0	0	0	1
4284_sub2	0	1	0	1	0	0	0	1
4284_sub3	0	2	1	1	0	0	1	1
4284_sub4	0	1	1	0	0	0	1	0
4284_sub5	0	1	1	0	0	0	1	0
4296_sub0	1	6	4	2	4	2	0	0
4296_sub1	0	1	1	0	0	0	1	0
4296_sub2	0	1	0	1	0	0	0	1
4301_sub0	0	1	0	1	0	0	0	1
4301_sub1	0	5	3	2	0	0	3	2
4301_sub2	0	1	0	1	0	0	0	1
4303_sub0	1	8	4	4	4	4	0	0
4303_sub1	0	1	1	0	0	0	1	0
4303_sub2	0	1	0	1	0	0	0	1
4322_sub0	1	6	3	3	3	3	0	0
4322_sub1	0	1	0	1	0	0	0	1
4322_sub2	0	1	0	1	0	0	0	1
4322_sub3	0	1	1	0	0	0	1	0
4322_sub4	0	1	0	1	0	0	0	1
4327_sub0	1	6	5	1	5	1	0	0
4327_sub1	0	1	0	1	0	0	0	1
4327_sub2	0	1	0	1	0	0	0	1
4327_sub3	0	1	0	1	0	0	0	1
4327_sub4	0	1	0	1	0	0	0	1
4327_sub5	0	1	0	1	0	0	0	1
4329_sub0	0	1	1	0	0	0	1	0
4329_sub1	0	5	3	2	0	0	3	2
4329_sub2	0	1	0	1	0	0	0	1
4329_sub3	0	1	0	1	0	0	0	1
4335_sub0	1	8	4	4	4	4	0	0
4335_sub1	0	1	0	1	0	0	0	1
4335_sub2	0	1	1	0	0	0	1	0
434_sub0	1	7	2	5	2	5	0	0
434_sub1	0	1	0	1	0	0	0	1
434_sub2	0	1	1	0	0	0	1	0
434_sub3	0	1	0	1	0	0	0	1
434_sub4	0	1	1	0	0	0	1	0
4341_sub0	0	5	5	0	0	0	5	0
4341_sub1	0	1	1	0	0	0	1	0
4341_sub2	0	1	1	0	0	0	1	0
4341_sub3	0	1	0	1	0	0	0	1
4343_sub0	1	8	5	3	5	3	0	0
4343_sub1	0	1	0	1	0	0	0	1
437_sub0	0	4	2	2	0	0	2	2
437_sub1	0	1	1	0	0	0	1	0
437_sub2	0	1	1	0	0	0	1	0
4382_sub0	1	9	5	4	5	4	0	0
4382_sub1	0	1	1	0	0	0	1	0
4382_sub2	0	1	0	1	0	0	0	1
4382_sub3	0	1	0	1	0	0	0	1
4382_sub4	0	1	0	1	0	0	0	1
4382_sub5	0	1	0	1	0	0	0	1
4383_sub0	0	5	4	1	0	0	4	1
4383_sub1	0	1	1	0	0	0	1	0
4383_sub2	0	1	0	1	0	0	0	1
4383_sub3	0	1	0	1	0	0	0	1
4386_sub0	0	5	2	3	0	0	2	3
4386_sub1	0	1	1	0	0	0	1	0
4391_sub0	1	10	7	3	7	3	0	0
4391_sub1	0	1	0	1	0	0	0	1
4391_sub2	0	1	1	0	0	0	1	0
4391_sub3	0	1	0	1	0	0	0	1
4391_sub4	0	1	1	0	0	0	1	0
4392_sub0	1	8	5	3	5	3	0	0
4392_sub1	0	1	1	0	0	0	1	0
4392_sub2	0	1	0	1	0	0	0	1
4396_sub0	1	8	4	4	4	4	0	0
4396_sub1	0	1	0	1	0	0	0	1
4396_sub2	0	1	0	1	0	0	0	1
4396_sub3	0	1	0	1	0	0	0	1
4396_sub4	0	1	1	0	0	0	1	0
4397_sub0	0	1	1	0	0	0	1	0
4397_sub1	0	4	1	3	0	0	1	3
4397_sub2	0	1	1	0	0	0	1	0
4397_sub3	0	1	1	0	0	0	1	0
440_sub0	0	1	0	1	0	0	0	1
440_sub1	0	1	1	0	0	0	1	0
440_sub2	0	4	0	4	0	0	0	4
440_sub3	0	1	1	0	0	0	1	0
440_sub4	0	1	0	1	0	0	0	1
4402_sub0	1	8	2	6	2	6	0	0
4402_sub1	0	1	1	0	0	0	1	0
4403_sub0	1	6	2	4	2	4	0	0
4403_sub1	0	1	1	0	0	0	1	0
4405_sub0	0	5	3	2	0	0	3	2
4405_sub1	0	1	0	1	0	0	0	1
4405_sub2	0	1	1	0	0	0	1	0
4405_sub3	0	1	1	0	0	0	1	0
4407_sub0	1	9	4	5	4	5	0	0
4407_sub1	0	1	0	1	0	0	0	1
4407_sub2	0	1	1	0	0	0	1	0
4407_sub3	0	1	1	0	0	0	1	0
4407_sub4	0	1	0	1	0	0	0	1
4407_sub5	0	1	0	1	0	0	0	1
4407_sub6	0	1	0	1	0	0	0	1
441_sub0	1	7	4	3	4	3	0	0
441_sub1	0	2	2	0	0	0	2	0
4411_sub0	1	6	4	2	4	2	0	0
4411_sub1	0	1	0	1	0	0	0	1
4411_sub2	0	2	1	1	0	0	1	1
4411_sub3	0	1	1	0	0	0	1	0
4411_sub4	0	1	1	0	0	0	1	0
4411_sub5	0	1	1	0	0	0	1	0
4428_sub0	1	6	5	1	5	1	0	0
4428_sub1	0	1	0	1	0	0	0	1
4428_sub2	0	1	0	1	0	0	0	1
4434_sub0	1	9	7	2	7	2	0	0
4434_sub1	0	1	1	0	0	0	1	0
4434_sub2	0	1	1	0	0	0	1	0
4435_sub0	1	6	3	3	3	3	0	0
4435_sub1	0	1	0	1	0	0	0	1
4435_sub2	0	1	0	1	0	0	0	1
4441_sub0	0	5	3	2	0	0	3	2
4441_sub1	0	1	1	0	0	0	1	0
4441_sub2	0	1	0	1	0	0	0	1
4448_sub0	0	1	1	0	0	0	1	0
4448_sub1	0	1	0	1	0	0	0	1
4448_sub2	0	1	1	0	0	0	1	0
4448_sub3	0	1	0	1	0	0	0	1
4448_sub4	0	1	0	1	0	0	0	1
4448_sub5	0	1	1	0	0	0	1	0
4448_sub6	0	1	1	0	0	0	1	0
4449_sub0	0	1	1	0	0	0	1	0
4449_sub1	0	5	5	0	0	0	5	0
445_sub0	1	7	3	4	3	4	0	0
445_sub1	0	1	1	0	0	0	1	0
4451_sub0	1	7	4	3	4	3	0	0
4451_sub1	0	1	0	1	0	0	0	1
4451_sub2	0	1	0	1	0	0	0	1
4457_sub0	1	9	6	3	6	3	0	0
4457_sub1	0	1	0	1	0	0	0	1
4457_sub2	0	1	1	0	0	0	1	0
446_sub0	1	13	9	4	9	4	0	0
446_sub1	0	1	1	0	0	0	1	0
446_sub2	0	1	0	1	0	0	0	1
446_sub3	0	1	1	0	0	0	1	0
4460_sub0	1	6	3	3	3	3	0	0
4460_sub1	0	1	1	0	0	0	1	0
4460_sub2	0	1	0	1	0	0	0	1
4465_sub0	1	9	4	5	4	5	0	0
4465_sub1	0	1	1	0	0	0	1	0
4465_sub2	0	1	1	0	0	0	1	0
4465_sub3	0	1	1	0	0	0	1	0
4466_sub0	1	9	6	3	6	3	0	0
4466_sub1	0	1	1	0	0	0	1	0
4471_sub0	0	1	0	1	0	0	0	1
4471_sub1	0	1	0	1	0	0	0	1
4471_sub2	0	1	1	0	0	0	1	0
4471_sub3	1	6	1	5	1	5	0	0
4471_sub4	0	1	0	1	0	0	0	1
4478_sub0	1	7	6	1	6	1	0	0
4478_sub1	0	1	1	0	0	0	1	0
4478_sub2	0	1	0	1	0	0	0	1
4480_sub0	0	5	1	4	0	0	1	4
4480_sub1	0	1	0	1	0	0	0	1
4490_sub0	1	7	5	2	5	2	0	0
4490_sub1	0	1	0	1	0	0	0	1
4490_sub2	0	1	1	0	0	0	1	0
4498_sub0	0	1	1	0	0	0	1	0
4498_sub1	0	2	2	0	0	0	2	0
4498_sub2	0	1	0	1	0	0	0	1
4498_sub3	0	1	0	1	0	0	0	1
4498_sub4	0	1	1	0	0	0	1	0
4499_sub0	0	4	1	3	0	0	1	3
4499_sub1	0	1	0	1	0	0	0	1
4499_sub2	0	1	0	1	0	0	0	1
45_sub0	0	1	1	0	0	0	1	0
45_sub1	0	5	2	3	0	0	2	3
45_sub2	0	1	1	0	0	0	1	0
45_sub3	0	1	0	1	0	0	0	1
4502_sub0	1	6	4	2	4	2	0	0
4512_sub0	0	5	4	1	0	0	4	1
4512_sub1	0	1	1	0	0	0	1	0
4518_sub0	0	1	0	1	0	0	0	1
4518_sub1	0	3	3	0	0	0	3	0
4518_sub2	0	1	0	1	0	0	0	1
4518_sub3	0	1	1	0	0	0	1	0
4518_sub4	0	1	0	1	0	0	0	1
4526_sub0	0	1	1	0	0	0	1	0
4526_sub1	0	1	1	0	0	0	1	0
4526_sub2	0	1	1	0	0	0	1	0
4526_sub3	0	1	0	1	0	0	0	1
4526_sub4	0	1	0	1	0	0	0	1
4526_sub5	0	1	0	1	0	0	0	1
453_sub0	0	4	1	3	0	0	1	3
453_sub1	0	1	1	0	0	0	1	0
453_sub2	0	1	1	0	0	0	1	0
453_sub3	0	1	1	0	0	0	1	0
453_sub4	0	1	1	0	0	0	1	0
453_sub5	0	1	1	0	0	0	1	0
4541_sub0	0	5	3	2	0	0	3	2
4541_sub1	0	1	1	0	0	0	1	0
4541_sub2	0	1	0	1	0	0	0	1
4545_sub0	0	1	0	1	0	0	0	1
4545_sub1	1	9	6	3	6	3	0	0
4545_sub2	0	1	0	1	0	0	0	1
4545_sub3	0	1	0	1	0	0	0	1
4545_sub4	0	1	1	0	0	0	1	0
4545_sub5	0	1	0	1	0	0	0	1
4545_sub6	0	1	1	0	0	0	1	0
4545_sub7	0	1	0	1	0	0	0	1
4546_sub0	0	5	3	2	0	0	3	2
4546_sub1	0	1	1	0	0	0	1	0
4546_sub2	0	1	1	0	0	0	1	0
4547_sub0	1	6	5	1	5	1	0	0
4547_sub1	0	1	0	1	0	0	0	1
4547_sub2	0	1	0	1	0	0	0	1
455_sub0	1	9	5	4	5	4	0	0
4553_sub0	0	1	1	0	0	0	1	0
4553_sub1	0	2	1	1	0	0	1	1
4553_sub2	0	1	1	0	0	0	1	0
4553_sub3	0	1	1	0	0	0	1	0
4553_sub4	0	1	1	0	0	0	1	0
4559_sub0	0	4	2	2	0	0	2	2
4559_sub1	0	1	0	1	0	0	0	1
4559_sub2	0	1	0	1	0	0	0	1
4561_sub0	1	10	6	4	6	4	0	0
4561_sub1	0	1	0	1	0	0	0	1
4561_sub2	0	1	0	1	0	0	0	1
4568_sub0	0	1	1	0	0	0	1	0
4568_sub1	0	1	0	1	0	0	0	1
4568_sub2	0	1	1	0	0	0	1	0
4568_sub3	0	1	1	0	0	0	1	0
4568_sub4	0	1	1	0	0	0	1	0
4568_sub5	0	1	1	0	0	0	1	0
4569_sub0	1	8	3	5	3	5	0	0
4569_sub1	0	1	1	0	0	0	1	0
4569_sub2	0	1	1	0	0	0	1	0
4569_sub3	0	1	0	1	0	0	0	1
4569_sub4	0	1	0	1	0	0	0	1
4569_sub5	0	1	0	1	0	0	0	1
4577_sub0	1	10	6	4	6	4	0	0
4577_sub1	0	1	0	1	0	0	0	1
4577_sub2	0	1	1	0	0	0	1	0
4577_sub3	0	1	0	1	0	0	0	1
4577_sub4	0	1	0	1	0	0	0	1
4577_sub5	0	1	0	1	0	0	0	1
4585_sub0	0	3	1	2	0	0	1	2
4585_sub1	0	1	1	0	0	0	1	0
4585_sub2	0	1	0	1	0	0	0	1
4585_sub3	0	1	0	1	0	0	0	1
4585_sub4	0	1	1	0	0	0	1	0
4586_sub0	0	1	1	0	0	0	1	0
4586_sub1	0	5	1	4	0	0	1	4
4601_sub0	1	12	8	4	8	4	0	0
4601_sub1	0	1	0	1	0	0	0	1
4601_sub2	0	1	0	1	0	0	0	1
4604_sub0	0	5	4	1	0	0	4	1
4604_sub1	0	1	0	1	0	0	0	1
4604_sub2	0	1	0	1	0	0	0	1
4606_sub0	1	7	4	3	4	3	0	0
4606_sub1	0	1	1	0	0	0	1	0
4606_sub2	0	1	0	1	0	0	0	1
4613_sub0	0	1	0	1	0	0	0	1
4613_sub1	0	1	1	0	0	0	1	0
4613_sub2	0	1	1	0	0	0	1	0
4613_sub3	0	1	0	1	0	0	0	1
4613_sub4	0	2	1	1	0	0	1	1
4616_sub0	0	5	1	4	0	0	1	4
4616_sub1	0	1	0	1	0	0	0	1
4616_sub2	0	1	1	0	0	0	1	0
4616_sub3	0	1	0	1	0	0	0	1
4616_sub4	0	1	0	1	0	0	0	1
4623_sub0	0	5	4	1	0	0	4	1
4623_sub1	0	1	0	1	0	0	0	1
4627_sub0	1	7	4	3	4	3	0	0
4627_sub1	0	1	0	1	0	0	0	1
4627_sub2	0	1	1	0	0	0	1	0
4629_sub0	0	4	1	3	0	0	1	3
4629_sub1	0	1	1	0	0	0	1	0
4629_sub2	0	1	1	0	0	0	1	0
463_sub0	0	1	0	1	0	0	0	1
463_sub1	1	7	6	1	6	1	0	0
463_sub2	0	1	1	0	0	0	1	0
463_sub3	0	1	1	0	0	0	1	0
463_sub4	0	1	1	0	0	0	1	0
4630_sub0	0	2	1	1	0	0	1	1
4630_sub1	0	1	0	1	0	0	0	1
4630_sub2	0	1	0	1	0	0	0	1
4630_sub3	0	1	0	1	0	0	0	1
4630_sub4	0	1	1	0	0	0	1	0
4630_sub5	0	1	0	1	0	0	0	1
4636_sub0	0	1	0	1	0	0	0	1
4636_sub1	0	1	0	1	0	0	0	1
4636_sub2	1	6	4	2	4	2	0	0
4636_sub3	0	1	0	1	0	0	0	1
4642_sub0	1	8	5	3	5	3	0	0
4642_sub1	0	1	1	0	0	0	1	0
4642_sub2	0	1	0	1	0	0	0	1
4642_sub3	0	1	0	1	0	0	0	1
4646_sub0	1	9	6	3	6	3	0	0
4646_sub1	0	1	0	1	0	0	0	1
4646_sub2	0	1	1	0	0	0	1	0
4646_sub3	0	1	0	1	0	0	0	1
4646_sub4	0	1	0	1	0	0	0	1
465_sub0	0	1	1	0	0	0	1	0
465_sub1	0	5	0	5	0	0	0	5
465_sub2	0	1	0	1	0	0	0	1
465_sub3	0	1	0	1	0	0	0	1
465_sub4	0	1	0	1	0	0	0	1
465_sub5	0	1	0	1	0	0	0	1
465_sub6	0	1	0	1	0	0	0	1
4650_sub0	0	5	1	4	0	0	1	4
4650_sub1	0	1	0	1	0	0	0	1
4650_sub2	0	1	0	1	0	0	0	1
4653_sub0	1	10	4	6	4	6	0	0
4653_sub1	0	1	1	0	0	0	1	0
4653_sub2	0	1	0	1	0	0	0	1
4653_sub3	0	1	1	0	0	0	1	0
4653_sub4	0	1	0	1	0	0	0	1
4658_sub0	1	7	3	4	3	4	0	0
4658_sub1	0	1	1	0	0	0	1	0
4661_sub0	0	1	1	0	0	0	1	0
4661_sub1	0	1	1	0	0	0	1	0
4661_sub2	0	1	0	1	0	0	0	1
4661_sub3	0	1	1	0	0	0	1	0
4661_sub4	0	2	1	1	0	0	1	1
4663_sub0	0	1	1	0	0	0	1	0
4663_sub1	0	1	0	1	0	0	0	1
4663_sub2	0	1	1	0	0	0	1	0
4663_sub3	0	1	0	1	0	0	0	1
4663_sub4	0	1	1	0	0	0	1	0
4663_sub5	0	1	1	0	0	0	1	0
4663_sub6	0	1	1	0	0	0	1	0
4666_sub0	1	8	5	3	5	3	0	0
4666_sub1	0	1	1	0	0	0	1	0
4666_sub2	0	1	0	1	0	0	0	1
4666_sub3	0	1	0	1	0	0	0	1
4666_sub4	0	1	0	1	0	0	0	1
4666_sub5	0	1	0	1	0	0	0	1
4673_sub0	0	1	1	0	0	0	1	0
4673_sub1	0	1	1	0	0	0	1	0
4673_sub2	0	4	2	2	0	0	2	2
4673_sub3	0	1	0	1	0	0	0	1
4673_sub4	0	1	0	1	0	0	0	1
4674_sub0	0	5	4	1	0	0	4	1
4674_sub1	0	1	0	1	0	0	0	1
4684_sub0	0	4	1	3	0	0	1	3
4684_sub1	0	1	0	1	0	0	0	1
4684_sub2	0	1	1	0	0	0	1	0
4688_sub0	0	1	1	0	0	0	1	0
4688_sub1	0	5	2	3	0	0	2	3
4688_sub2	0	1	1	0	0	0	1	0
4688_sub3	0	1	0	1	0	0	0	1
4688_sub4	0	1	0	1	0	0	0	1
4700_sub0	0	1	1	0	0	0	1	0
4700_sub1	0	1	1	0	0	0	1	0
4700_sub2	0	1	0	1	0	0	0	1
4700_sub3	0	1	1	0	0	0	1	0
4700_sub4	0	1	1	0	0	0	1	0
4700_sub5	0	1	1	0	0	0	1	0
4701_sub0	0	1	1	0	0	0	1	0
4701_sub1	0	1	0	1	0	0	0	1
4701_sub2	0	1	0	1	0	0	0	1
4701_sub3	0	1	1	0	0	0	1	0
4701_sub4	0	1	0	1	0	0	0	1
4701_sub5	0	1	0	1	0	0	0	1
4702_sub0	1	6	4	2	4	2	0	0
4702_sub1	0	1	1	0	0	0	1	0
4702_sub2	0	1	1	0	0	0	1	0
4703_sub0	1	6	2	4	2	4	0	0
4703_sub1	0	1	0	1	0	0	0	1
4705_sub0	1	6	4	2	4	2	0	0
4705_sub1	0	1	1	0	0	0	1	0
4709_sub0	1	7	2	5	2	5	0	0
4709_sub1	0	1	1	0	0	0	1	0
4709_sub2	0	1	0	1	0	0	0	1
471_sub0	0	1	0	1	0	0	0	1
471_sub1	0	1	0	1	0	0	0	1
471_sub2	1	12	4	8	4	8	0	0
471_sub3	0	1	0	1	0	0	0	1
471_sub4	0	1	0	1	0	0	0	1
4712_sub0	0	1	0	1	0	0	0	1
4712_sub1	1	10	5	5	5	5	0	0
4712_sub2	0	1	1	0	0	0	1	0
4712_sub3	0	1	0	1	0	0	0	1
4712_sub4	0	1	1	0	0	0	1	0
4712_sub5	0	1	0	1	0	0	0	1
4714_sub0	1	7	2	5	2	5	0	0
4714_sub1	0	1	1	0	0	0	1	0
4714_sub2	0	1	1	0	0	0	1	0
472_sub0	1	10	3	7	3	7	0	0
472_sub1	0	1	1	0	0	0	1	0
472_sub2	0	1	0	1	0	0	0	1
4726_sub0	0	5	4	1	0	0	4	1
4726_sub1	0	1	0	1	0	0	0	1
4726_sub2	0	1	1	0	0	0	1	0
4726_sub3	0	1	1	0	0	0	1	0
4726_sub4	0	1	0	1	0	0	0	1
473_sub0	1	10	3	7	3	7	0	0
4739_sub0	0	4	4	0	0	0	4	0
4739_sub1	0	1	1	0	0	0	1	0
4739_sub2	0	1	0	1	0	0	0	1
4739_sub3	0	1	1	0	0	0	1	0
4739_sub4	0	1	1	0	0	0	1	0
474_sub0	1	7	5	2	5	2	0	0
4740_sub0	1	6	3	3	3	3	0	0
4754_sub0	0	5	3	2	0	0	3	2
4754_sub1	0	1	1	0	0	0	1	0
4754_sub2	0	1	1	0	0	0	1	0
4755_sub0	0	1	0	1	0	0	0	1
4755_sub1	0	5	2	3	0	0	2	3
4760_sub0	0	5	1	4	0	0	1	4
4760_sub1	0	1	1	0	0	0	1	0
4760_sub2	0	1	0	1	0	0	0	1
4760_sub3	0	1	1	0	0	0	1	0
4768_sub0	1	10	6	4	6	4	0	0
4768_sub1	0	1	1	0	0	0	1	0
4768_sub2	0	1	0	1	0	0	0	1
4770_sub0	1	6	4	2	4	2	0	0
4770_sub1	0	1	1	0	0	0	1	0
4770_sub2	0	1	0	1	0	0	0	1
4773_sub0	0	5	4	1	0	0	4	1
4773_sub1	0	1	0	1	0	0	0	1
4780_sub0	1	6	4	2	4	2	0	0
4782_sub0	1	7	5	2	5	2	0	0
4782_sub1	0	1	0	1	0	0	0	1
4782_sub2	0	1	0	1	0	0	0	1
4782_sub3	0	1	1	0	0	0	1	0
479_sub0	0	1	0	1	0	0	0	1
479_sub1	0	4	3	1	0	0	3	1
479_sub2	0	1	0	1	0	0	0	1
479_sub3	0	1	0	1	0	0	0	1
479_sub4	0	1	0	1	0	0	0	1
479_sub5	0	1	0	1	0	0	0	1
4793_sub0	0	4	3	1	0	0	3	1
4793_sub1	0	1	1	0	0	0	1	0
4793_sub2	0	1	0	1	0	0	0	1
4800_sub0	1	7	1	6	1	6	0	0
4800_sub1	0	1	0	1	0	0	0	1
4800_sub2	0	1	1	0	0	0	1	0
4802_sub0	1	6	4	2	4	2	0	0
4802_sub1	0	1	1	0	0	0	1	0
4802_sub2	0	1	0	1	0	0	0	1
4815_sub0	0	3	1	2	0	0	1	2
4815_sub1	0	1	1	0	0	0	1	0
4815_sub2	0	1	0	1	0	0	0	1
4815_sub3	0	1	0	1	0	0	0	1
4815_sub4	0	1	0	1	0	0	0	1
4815_sub5	0	1	0	1	0	0	0	1
4815_sub6	0	1	0	1	0	0	0	1
4822_sub0	0	1	1	0	0	0	1	0
4822_sub1	0	1	1	0	0	0	1	0
4822_sub2	0	2	1	1	0	0	1	1
4822_sub3	0	1	0	1	0	0	0	1
4822_sub4	0	1	1	0	0	0	1	0
4824_sub0	0	5	3	2	0	0	3	2
4824_sub1	0	1	1	0	0	0	1	0
4826_sub0	1	11	8	3	8	3	0	0
483_sub0	1	13	6	7	6	7	0	0
483_sub1	0	1	1	0	0	0	1	0
483_sub2	0	1	0	1	0	0	0	1
4836_sub0	0	4	1	3	0	0	1	3
4836_sub1	0	1	0	1	0	0	0	1
4836_sub2	0	1	0	1	0	0	0	1
4836_sub3	0	1	0	1	0	0	0	1
4836_sub4	0	1	1	0	0	0	1	0
4839_sub0	0	4	2	2	0	0	2	2
4839_sub1	0	1	0	1	0	0	0	1
4839_sub2	0	1	0	1	0	0	0	1
484_sub0	0	1	0	1	0	0	0	1
484_sub1	0	1	0	1	0	0	0	1
484_sub2	0	3	1	2	0	0	1	2
484_sub3	0	1	1	0	0	0	1	0
4853_sub0	0	5	1	4	0	0	1	4
4853_sub1	0	1	1	0	0	0	1	0
4853_sub2	0	1	1	0	0	0	1	0
4857_sub0	0	5	3	2	0	0	3	2
4857_sub1	0	1	1	0	0	0	1	0
4857_sub2	0	1	0	1	0	0	0	1
4862_sub0	1	8	5	3	5	3	0	0
487_sub0	1	8	5	3	5	3	0	0
487_sub1	0	1	0	1	0	0	0	1
4873_sub0	0	5	1	4	0	0	1	4
4873_sub1	0	1	0	1	0	0	0	1
4873_sub2	0	1	1	0	0	0	1	0
4873_sub3	0	1	1	0	0	0	1	0
4874_sub0	1	8	4	4	4	4	0	0
4874_sub1	0	1	1	0	0	0	1	0
4874_sub2	0	1	1	0	0	0	1	0
4874_sub3	0	1	0	1	0	0	0	1
4874_sub4	0	1	1	0	0	0	1	0
4879_sub0	0	5	2	3	0	0	2	3
4879_sub1	0	1	0	1	0	0	0	1
4891_sub0	1	6	4	2	4	2	0	0
4891_sub1	0	1	0	1	0	0	0	1
4891_sub2	0	1	0	1	0	0	0	1
49_sub0	0	1	0	1	0	0	0	1
49_sub1	0	4	3	1	0	0	3	1
49_sub2	0	1	1	0	0	0	1	0
49_sub3	0	1	0	1	0	0	0	1
49_sub4	0	1	1	0	0	0	1	0
490_sub0	0	1	0	1	0	0	0	1
490_sub1	0	1	1	0	0	0	1	0
490_sub2	0	1	1	0	0	0	1	0
490_sub3	0	5	1	4	0	0	1	4
490_sub4	0	2	0	2	0	0	0	2
491_sub0	1	8	0	8	0	8	0	0
491_sub1	0	1	1	0	0	0	1	0
4920_sub0	1	7	4	3	4	3	0	0
4920_sub1	0	1	1	0	0	0	1	0
4921_sub0	1	8	5	3	5	3	0	0
4921_sub1	0	1	0	1	0	0	0	1
493_sub0	1	6	3	3	3	3	0	0
493_sub1	0	1	0	1	0	0	0	1
493_sub2	0	1	0	1	0	0	0	1
4930_sub0	1	9	1	8	1	8	0	0
4930_sub1	0	1	0	1	0	0	0	1
4931_sub0	0	1	0	1	0	0	0	1
4931_sub1	0	1	0	1	0	0	0	1
4931_sub2	0	2	1	1	0	0	1	1
4931_sub3	0	1	1	0	0	0	1	0
4931_sub4	0	1	0	1	0	0	0	1
4937_sub0	1	10	7	3	7	3	0	0
4937_sub1	0	1	1	0	0	0	1	0
4937_sub2	0	1	1	0	0	0	1	0
4938_sub0	0	4	2	2	0	0	2	2
4938_sub1	0	1	1	0	0	0	1	0
4938_sub2	0	1	1	0	0	0	1	0
4938_sub3	0	1	0	1	0	0	0	1
4938_sub4	0	1	0	1	0	0	0	1
4941_sub0	1	8	3	5	3	5	0	0
4941_sub1	0	1	1	0	0	0	1	0
4941_sub2	0	1	0	1	0	0	0	1
4941_sub3	0	1	0	1	0	0	0	1
4941_sub4	0	1	0	1	0	0	0	1
4941_sub5	0	1	1	0	0	0	1	0
4945_sub0	1	7	5	2	5	2	0	0
4945_sub1	0	1	1	0	0	0	1	0
4945_sub2	0	1	1	0	0	0	1	0
4946_sub0	0	4	4	0	0	0	4	0
4946_sub1	0	1	1	0	0	0	1	0
4946_sub2	0	1	0	1	0	0	0	1
4946_sub3	0	1	0	1	0	0	0	1
4947_sub0	0	1	1	0	0	0	1	0
4947_sub1	0	1	1	0	0	0	1	0
4947_sub2	0	1	0	1	0	0	0	1
4947_sub3	0	1	0	1	0	0	0	1
4947_sub4	0	1	1	0	0	0	1	0
4947_sub5	0	1	1	0	0	0	1	0
4950_sub0	0	1	1	0	0	0	1	0
4950_sub1	0	3	2	1	0	0	2	1
4950_sub2	0	1	1	0	0	0	1	0
4950_sub3	0	1	0	1	0	0	0	1
4950_sub4	0	1	0	1	0	0	0	1
4950_sub5	0	1	0	1	0	0	0	1
4951_sub0	1	13	6	7	6	7	0	0
4951_sub1	0	1	1	0	0	0	1	0
4951_sub2	0	1	0	1	0	0	0	1
4951_sub3	0	1	0	1	0	0	0	1
4951_sub4	0	1	1	0	0	0	1	0
4951_sub5	0	1	1	0	0	0	1	0
4951_sub6	0	1	0	1	0	0	0	1
4955_sub0	0	1	0	1	0	0	0	1
4955_sub1	0	1	0	1	0	0	0	1
4955_sub2	0	1	1	0	0	0	1	0
4955_sub3	0	4	1	3	0	0	1	3
4955_sub4	0	1	0	1	0	0	0	1
4955_sub5	0	1	1	0	0	0	1	0
4961_sub0	0	5	2	3	0	0	2	3
4961_sub1	0	1	0	1	0	0	0	1
4965_sub0	0	4	3	1	0	0	3	1
4965_sub1	0	1	1	0	0	0	1	0
4965_sub2	0	1	1	0	0	0	1	0
4965_sub3	0	1	1	0	0	0	1	0
4965_sub4	0	1	0	1	0	0	0	1
4965_sub5	0	1	0	1	0	0	0	1
4966_sub0	1	6	3	3	3	3	0	0
4966_sub1	0	1	0	1	0	0	0	1
4970_sub0	0	1	0	1	0	0	0	1
4970_sub1	0	1	0	1	0	0	0	1
4970_sub2	0	3	2	1	0	0	2	1
4970_sub3	0	1	0	1	0	0	0	1
4974_sub0	0	5	5	0	0	0	5	0
4974_sub1	0	1	1	0	0	0	1	0
4976_sub0	1	7	3	4	3	4	0	0
4976_sub1	0	1	0	1	0	0	0	1
4976_sub2	0	1	0	1	0	0	0	1
4976_sub3	0	1	0	1	0	0	0	1
4978_sub0	0	3	1	2	0	0	1	2
4978_sub1	0	1	1	0	0	0	1	0
4978_sub2	0	1	1	0	0	0	1	0
4978_sub3	0	1	0	1	0	0	0	1
499_sub0	1	7	5	2	5	2	0	0
499_sub1	0	1	1	0	0	0	1	0
499_sub2	0	1	0	1	0	0	0	1
4993_sub0	1	6	3	3	3	3	0	0
4993_sub1	0	1	0	1	0	0	0	1
4993_sub2	0	1	1	0	0	0	1	0
500_sub0	0	4	1	3	0	0	1	3
500_sub1	0	1	1	0	0	0	1	0
500_sub2	0	1	1	0	0	0	1	0
5002_sub0	1	8	6	2	6	2	0	0
5002_sub1	0	1	0	1	0	0	0	1
5002_sub2	0	1	0	1	0	0	0	1
5005_sub0	1	6	2	4	2	4	0	0
5005_sub1	0	1	0	1	0	0	0	1
5005_sub2	0	1	1	0	0	0	1	0
5010_sub0	0	5	4	1	0	0	4	1
5010_sub1	0	1	0	1	0	0	0	1
5010_sub2	0	1	1	0	0	0	1	0
5015_sub0	1	6	2	4	2	4	0	0
5015_sub1	0	1	0	1	0	0	0	1
5015_sub2	0	1	1	0	0	0	1	0
5015_sub3	0	1	1	0	0	0	1	0
5024_sub0	1	6	1	5	1	5	0	0
5024_sub1	0	1	0	1	0	0	0	1
5027_sub0	0	1	0	1	0	0	0	1
5027_sub1	0	5	1	4	0	0	1	4
5027_sub2	0	1	1	0	0	0	1	0
5034_sub0	0	4	3	1	0	0	3	1
5034_sub1	0	1	1	0	0	0	1	0
5034_sub2	0	1	1	0	0	0	1	0
5034_sub3	0	1	1	0	0	0	1	0
5050_sub0	0	1	0	1	0	0	0	1
5050_sub1	0	5	1	4	0	0	1	4
5051_sub0	1	9	5	4	5	4	0	0
5051_sub1	0	1	1	0	0	0	1	0
5051_sub2	0	1	1	0	0	0	1	0
5051_sub3	0	1	0	1	0	0	0	1
5059_sub0	0	1	1	0	0	0	1	0
5059_sub1	0	1	1	0	0	0	1	0
5059_sub2	0	1	1	0	0	0	1	0
5059_sub3	0	1	0	1	0	0	0	1
5059_sub4	0	1	0	1	0	0	0	1
5059_sub5	0	1	1	0	0	0	1	0
5059_sub6	0	1	1	0	0	0	1	0
5059_sub7	0	1	0	1	0	0	0	1
5082_sub0	1	7	4	3	4	3	0	0
5090_sub0	1	8	4	4	4	4	0	0
5094_sub0	0	1	0	1	0	0	0	1
5094_sub1	0	1	0	1	0	0	0	1
5094_sub2	0	1	0	1	0	0	0	1
5094_sub3	0	1	0	1	0	0	0	1
5094_sub4	0	1	0	1	0	0	0	1
5094_sub5	0	1	0	1	0	0	0	1
5101_sub0	0	1	0	1	0	0	0	1
5101_sub1	0	5	4	1	0	0	4	1
5101_sub2	0	1	1	0	0	0	1	0
5105_sub0	0	5	4	1	0	0	4	1
5105_sub1	0	1	0	1	0	0	0	1
5105_sub2	0	1	0	1	0	0	0	1
5113_sub0	1	6	1	5	1	5	0	0
5121_sub0	0	4	2	2	0	0	2	2
5121_sub1	0	1	1	0	0	0	1	0
5121_sub2	0	1	1	0	0	0	1	0
5121_sub3	0	1	1	0	0	0	1	0
5132_sub0	0	1	1	0	0	0	1	0
5132_sub1	0	1	1	0	0	0	1	0
5132_sub2	0	1	1	0	0	0	1	0
5132_sub3	0	1	0	1	0	0	0	1
5132_sub4	0	1	0	1	0	0	0	1
5132_sub5	0	1	0	1	0	0	0	1
5139_sub0	1	6	4	2	4	2	0	0
5139_sub1	0	1	1	0	0	0	1	0
5139_sub2	0	1	1	0	0	0	1	0
515_sub0	0	1	0	1	0	0	0	1
515_sub1	0	5	2	3	0	0	2	3
515_sub2	0	1	1	0	0	0	1	0
5154_sub0	0	1	1	0	0	0	1	0
5154_sub1	0	4	1	3	0	0	1	3
5154_sub2	0	1	1	0	0	0	1	0
5156_sub0	1	10	5	5	5	5	0	0
5156_sub1	0	1	1	0	0	0	1	0
5156_sub2	0	1	1	0	0	0	1	0
5156_sub3	0	1	1	0	0	0	1	0
5158_sub0	0	1	1	0	0	0	1	0
5158_sub1	0	4	1	3	0	0	1	3
5158_sub2	0	1	1	0	0	0	1	0
5162_sub0	0	1	1	0	0	0	1	0
5162_sub1	0	4	2	2	0	0	2	2
5162_sub2	0	1	1	0	0	0	1	0
5184_sub0	1	7	5	2	5	2	0	0
5184_sub1	0	1	0	1	0	0	0	1
5184_sub2	0	1	0	1	0	0	0	1
519_sub0	0	5	0	5	0	0	0	5
519_sub1	0	1	1	0	0	0	1	0
519_sub2	0	1	1	0	0	0	1	0
5191_sub0	1	8	3	5	3	5	0	0
5191_sub1	0	1	1	0	0	0	1	0
5196_sub0	1	6	2	4	2	4	0	0
5196_sub1	0	1	0	1	0	0	0	1
5196_sub2	0	1	0	1	0	0	0	1
5199_sub0	1	7	2	5	2	5	0	0
5200_sub0	1	6	3	3	3	3	0	0
521_sub0	1	7	3	4	3	4	0	0
521_sub1	0	1	0	1	0	0	0	1
521_sub2	0	1	1	0	0	0	1	0
5210_sub0	0	1	1	0	0	0	1	0
5210_sub1	0	1	0	1	0	0	0	1
5210_sub2	0	1	0	1	0	0	0	1
5210_sub3	0	1	1	0	0	0	1	0
5210_sub4	0	1	1	0	0	0	1	0
5210_sub5	0	1	0	1	0	0	0	1
5210_sub6	0	1	0	1	0	0	0	1
5211_sub0	0	1	1	0	0	0	1	0
5211_sub1	1	7	3	4	3	4	0	0
5211_sub2	0	1	1	0	0	0	1	0
522_sub0	1	7	5	2	5	2	0	0
522_sub1	0	1	0	1	0	0	0	1
5222_sub0	0	5	5	0	0	0	5	0
5222_sub1	0	1	1	0	0	0	1	0
5223_sub0	0	4	1	3	0	0	1	3
5223_sub1	0	1	0	1	0	0	0	1
5223_sub2	0	1	1	0	0	0	1	0
523_sub0	0	1	0	1	0	0	0	1
523_sub1	0	2	2	0	0	0	2	0
523_sub2	0	1	1	0	0	0	1	0
523_sub3	0	1	1	0	0	0	1	0
523_sub4	0	1	0	1	0	0	0	1
5238_sub0	0	1	0	1	0	0	0	1
5238_sub1	0	1	0	1	0	0	0	1
5238_sub2	0	1	0	1	0	0	0	1
5238_sub3	0	1	0	1	0	0	0	1
5238_sub4	0	1	1	0	0	0	1	0
5238_sub5	0	1	1	0	0	0	1	0
5239_sub0	0	1	0	1	0	0	0	1
5239_sub1	0	1	1	0	0	0	1	0
5239_sub2	0	2	0	2	0	0	0	2
5239_sub3	0	1	1	0	0	0	1	0
5239_sub4	0	1	1	0	0	0	1	0
5239_sub5	0	2	2	0	0	0	2	0
5239_sub6	0	1	0	1	0	0	0	1
5245_sub0	1	6	3	3	3	3	0	0
5245_sub1	0	1	0	1	0	0	0	1
5245_sub2	0	1	0	1	0	0	0	1
5246_sub0	0	1	0	1	0	0	0	1
5246_sub1	0	5	2	3	0	0	2	3
5246_sub2	0	1	0	1	0	0	0	1
525_sub0	0	4	2	2	0	0	2	2
525_sub1	0	1	0	1	0	0	0	1
525_sub2	0	1	0	1	0	0	0	1
5250_sub0	1	6	4	2	4	2	0	0
5250_sub1	0	1	1	0	0	0	1	0
5250_sub2	0	1	1	0	0	0	1	0
5253_sub0	0	1	0	1	0	0	0	1
5253_sub1	0	1	1	0	0	0	1	0
5253_sub2	0	1	1	0	0	0	1	0
5253_sub3	0	1	1	0	0	0	1	0
5253_sub4	0	1	1	0	0	0	1	0
5253_sub5	0	1	1	0	0	0	1	0
5255_sub0	1	10	4	6	4	6	0	0
5255_sub1	0	1	0	1	0	0	0	1
5257_sub0	1	6	1	5	1	5	0	0
5257_sub1	0	1	0	1	0	0	0	1
5257_sub2	0	1	0	1	0	0	0	1
5257_sub3	0	1	0	1	0	0	0	1
5264_sub0	1	6	2	4	2	4	0	0
5266_sub0	0	5	3	2	0	0	3	2
5266_sub1	0	1	1	0	0	0	1	0
5266_sub2	0	1	1	0	0	0	1	0
5266_sub3	0	1	0	1	0	0	0	1
527_sub0	1	12	2	10	2	10	0	0
527_sub1	0	1	0	1	0	0	0	1
527_sub2	0	1	0	1	0	0	0	1
527_sub3	0	1	1	0	0	0	1	0
527_sub4	0	1	1	0	0	0	1	0
527_sub5	0	1	0	1	0	0	0	1
5275_sub0	0	1	1	0	0	0	1	0
5275_sub1	0	1	1	0	0	0	1	0
5275_sub2	0	3	1	2	0	0	1	2
5275_sub3	0	1	1	0	0	0	1	0
5294_sub0	0	5	1	4	0	0	1	4
5294_sub1	0	1	0	1	0	0	0	1
5294_sub2	0	1	0	1	0	0	0	1
5294_sub3	0	1	0	1	0	0	0	1
5294_sub4	0	1	0	1	0	0	0	1
5297_sub0	1	7	4	3	4	3	0	0
5297_sub1	0	1	1	0	0	0	1	0
5297_sub2	0	1	0	1	0	0	0	1
5297_sub3	0	1	1	0	0	0	1	0
5297_sub4	0	1	0	1	0	0	0	1
5300_sub0	1	6	3	3	3	3	0	0
5300_sub1	0	1	1	0	0	0	1	0
5302_sub0	0	1	0	1	0	0	0	1
5302_sub1	0	5	4	1	0	0	4	1
5302_sub2	0	1	0	1	0	0	0	1
5302_sub3	0	1	1	0	0	0	1	0
5308_sub0	0	1	1	0	0	0	1	0
5308_sub1	0	4	1	3	0	0	1	3
5308_sub2	0	1	0	1	0	0	0	1
5314_sub0	0	5	3	2	0	0	3	2
5314_sub1	0	1	0	1	0	0	0	1
5322_sub0	1	7	5	2	5	2	0	0
5325_sub0	1	8	4	4	4	4	0	0
5325_sub1	0	1	1	0	0	0	1	0
5325_sub2	0	1	1	0	0	0	1	0
5325_sub3	0	1	1	0	0	0	1	0
5331_sub0	0	1	0	1	0	0	0	1
5331_sub1	0	1	1	0	0	0	1	0
5331_sub2	0	1	1	0	0	0	1	0
5331_sub3	0	1	0	1	0	0	0	1
5331_sub4	0	1	0	1	0	0	0	1
5331_sub5	0	1	1	0	0	0	1	0
5334_sub0	0	1	1	0	0	0	1	0
5334_sub1	0	2	1	1	0	0	1	1
5334_sub2	0	1	0	1	0	0	0	1
5334_sub3	0	3	2	1	0	0	2	1
534_sub0	1	8	6	2	6	2	0	0
534_sub1	0	1	0	1	0	0	0	1
5347_sub0	0	5	1	4	0	0	1	4
5347_sub1	0	1	0	1	0	0	0	1
5352_sub0	1	8	3	5	3	5	0	0
5352_sub1	0	1	0	1	0	0	0	1
5352_sub2	0	1	0	1	0	0	0	1
5354_sub0	1	12	3	9	3	9	0	0
5359_sub0	1	9	5	4	5	4	0	0
5359_sub1	0	1	1	0	0	0	1	0
5359_sub2	0	1	0	1	0	0	0	1
5363_sub0	1	6	4	2	4	2	0	0
5363_sub1	0	1	0	1	0	0	0	1
5363_sub2	0	1	0	1	0	0	0	1
5363_sub3	0	1	0	1	0	0	0	1
5369_sub0	1	9	3	6	3	6	0	0
5369_sub1	0	1	0	1	0	0	0	1
5369_sub2	0	1	1	0	0	0	1	0
5369_sub3	0	1	1	0	0	0	1	0
5369_sub4	0	1	0	1	0	0	0	1
5369_sub5	0	1	0	1	0	0	0	1
5369_sub6	0	1	1	0	0	0	1	0
5370_sub0	0	1	0	1	0	0	0	1
5370_sub1	0	4	0	4	0	0	0	4
5370_sub2	0	1	0	1	0	0	0	1
5376_sub0	1	8	5	3	5	3	0	0
5377_sub0	1	7	5	2	5	2	0	0
5377_sub1	0	1	0	1	0	0	0	1
5377_sub2	0	1	0	1	0	0	0	1
5379_sub0	0	5	2	3	0	0	2	3
5379_sub1	0	1	0	1	0	0	0	1
5379_sub2	0	1	1	0	0	0	1	0
5387_sub0	1	6	3	3	3	3	0	0
5387_sub1	0	1	0	1	0	0	0	1
5388_sub0	1	8	2	6	2	6	0	0
5388_sub1	0	1	0	1	0	0	0	1
54_sub0	0	1	0	1	0	0	0	1
54_sub1	1	6	5	1	5	1	0	0
54_sub2	0	1	1	0	0	0	1	0
5405_sub0	0	1	0	1	0	0	0	1
5405_sub1	0	4	2	2	0	0	2	2
5405_sub2	0	1	1	0	0	0	1	0
5411_sub0	0	1	0	1	0	0	0	1
5411_sub1	0	4	1	3	0	0	1	3
5411_sub2	0	1	1	0	0	0	1	0
5415_sub0	1	6	5	1	5	1	0	0
5415_sub1	0	1	1	0	0	0	1	0
5415_sub2	0	1	0	1	0	0	0	1
543_sub0	0	1	0	1	0	0	0	1
543_sub1	1	10	4	6	4	6	0	0
543_sub2	0	1	0	1	0	0	0	1
543_sub3	0	1	0	1	0	0	0	1
5432_sub0	1	6	3	3	3	3	0	0
5432_sub1	0	1	1	0	0	0	1	0
5432_sub2	0	1	1	0	0	0	1	0
5441_sub0	0	1	0	1	0	0	0	1
5441_sub1	0	1	0	1	0	0	0	1
5441_sub2	0	1	0	1	0	0	0	1
5441_sub3	0	1	0	1	0	0	0	1
5441_sub4	0	1	1	0	0	0	1	0
5441_sub5	0	1	1	0	0	0	1	0
5450_sub0	0	3	1	2	0	0	1	2
5450_sub1	0	1	1	0	0	0	1	0
5450_sub2	0	1	0	1	0	0	0	1
5450_sub3	0	1	0	1	0	0	0	1
5450_sub4	0	1	1	0	0	0	1	0
5458_sub0	1	7	4	3	4	3	0	0
5458_sub1	0	1	0	1	0	0	0	1
5460_sub0	1	6	4	2	4	2	0	0
5460_sub1	0	1	1	0	0	0	1	0
5461_sub0	1	7	2	5	2	5	0	0
5461_sub1	0	1	1	0	0	0	1	0
5471_sub0	1	6	2	4	2	4	0	0
5471_sub1	0	1	0	1	0	0	0	1
5474_sub0	0	5	5	0	0	0	5	0
5474_sub1	0	1	1	0	0	0	1	0
5476_sub0	1	9	4	5	4	5	0	0
5476_sub1	0	1	0	1	0	0	0	1
5478_sub0	0	1	1	0	0	0	1	0
5478_sub1	1	9	4	5	4	5	0	0
5478_sub2	0	1	0	1	0	0	0	1
5480_sub0	1	6	1	5	1	5	0	0
5480_sub1	0	1	1	0	0	0	1	0
5480_sub2	0	1	1	0	0	0	1	0
5480_sub3	0	1	1	0	0	0	1	0
5484_sub0	1	7	5	2	5	2	0	0
5486_sub0	1	6	3	3	3	3	0	0
5486_sub1	0	1	0	1	0	0	0	1
5486_sub2	0	1	1	0	0	0	1	0
5486_sub3	0	1	0	1	0	0	0	1
5491_sub0	0	5	4	1	0	0	4	1
5491_sub1	0	1	0	1	0	0	0	1
5491_sub2	0	1	0	1	0	0	0	1
5495_sub0	1	10	6	4	6	4	0	0
5495_sub1	0	1	1	0	0	0	1	0
5495_sub2	0	1	0	1	0	0	0	1
5495_sub3	0	1	0	1	0	0	0	1
5496_sub0	0	5	2	3	0	0	2	3
5496_sub1	0	1	0	1	0	0	0	1
5502_sub0	1	6	5	1	5	1	0	0
5502_sub1	0	1	0	1	0	0	0	1
5504_sub0	1	8	5	3	5	3	0	0
5504_sub1	0	1	0	1	0	0	0	1
5508_sub0	1	9	2	7	2	7	0	0
5508_sub1	0	1	0	1	0	0	0	1
5508_sub2	0	1	0	1	0	0	0	1
5514_sub0	0	4	2	2	0	0	2	2
5514_sub1	0	1	1	0	0	0	1	0
5514_sub2	0	1	0	1	0	0	0	1
5514_sub3	0	1	1	0	0	0	1	0
5514_sub4	0	1	0	1	0	0	0	1
5518_sub0	0	3	3	0	0	0	3	0
5518_sub1	0	1	1	0	0	0	1	0
5518_sub2	0	1	1	0	0	0	1	0
5518_sub3	0	1	1	0	0	0	1	0
5535_sub0	1	9	6	3	6	3	0	0
5535_sub1	0	1	1	0	0	0	1	0
5535_sub2	0	1	1	0	0	0	1	0
5535_sub3	0	1	0	1	0	0	0	1
5540_sub0	1	8	5	3	5	3	0	0
5540_sub1	0	1	0	1	0	0	0	1
5540_sub2	0	1	0	1	0	0	0	1
5564_sub0	0	1	0	1	0	0	0	1
5564_sub1	0	1	0	1	0	0	0	1
5564_sub2	0	1	1	0	0	0	1	0
5564_sub3	0	1	1	0	0	0	1	0
5564_sub4	0	1	0	1	0	0	0	1
5564_sub5	0	1	0	1	0	0	0	1
5567_sub0	0	4	1	3	0	0	1	3
5567_sub1	0	1	0	1	0	0	0	1
5567_sub2	0	1	0	1	0	0	0	1
5567_sub3	0	1	0	1	0	0	0	1
5572_sub0	0	1	0	1	0	0	0	1
5572_sub1	0	4	2	2	0	0	2	2
5572_sub2	0	1	0	1	0	0	0	1
5582_sub0	1	9	2	7	2	7	0	0
5582_sub1	0	1	0	1	0	0	0	1
5582_sub2	0	1	1	0	0	0	1	0
5582_sub3	0	1	0	1	0	0	0	1
5586_sub0	1	6	3	3	3	3	0	0
5586_sub1	0	1	0	1	0	0	0	1
5602_sub0	1	7	3	4	3	4	0	0
5602_sub1	0	1	1	0	0	0	1	0
5604_sub0	1	7	5	2	5	2	0	0
5604_sub1	0	1	1	0	0	0	1	0
5604_sub2	0	1	1	0	0	0	1	0
5609_sub0	0	1	0	1	0	0	0	1
5609_sub1	0	1	0	1	0	0	0	1
5609_sub2	0	1	0	1	0	0	0	1
5609_sub3	0	1	0	1	0	0	0	1
5609_sub4	0	1	1	0	0	0	1	0
5609_sub5	0	1	0	1	0	0	0	1
5611_sub0	1	6	3	3	3	3	0	0
5611_sub1	0	1	0	1	0	0	0	1
5612_sub0	0	5	4	1	0	0	4	1
5612_sub1	0	1	0	1	0	0	0	1
5612_sub2	0	1	0	1	0	0	0	1
5613_sub0	0	5	3	2	0	0	3	2
5613_sub1	0	1	1	0	0	0	1	0
5619_sub0	1	11	6	5	6	5	0	0
5619_sub1	0	1	1	0	0	0	1	0
5629_sub0	0	5	3	2	0	0	3	2
5629_sub1	0	1	1	0	0	0	1	0
5630_sub0	1	7	3	4	3	4	0	0
5630_sub1	0	1	0	1	0	0	0	1
5638_sub0	0	5	2	3	0	0	2	3
5638_sub1	0	1	0	1	0	0	0	1
5638_sub2	0	1	1	0	0	0	1	0
5638_sub3	0	1	1	0	0	0	1	0
5638_sub4	0	1	0	1	0	0	0	1
5638_sub5	0	1	0	1	0	0	0	1
5638_sub6	0	1	0	1	0	0	0	1
5640_sub0	1	8	1	7	1	7	0	0
5640_sub1	0	1	0	1	0	0	0	1
5641_sub0	0	1	1	0	0	0	1	0
5641_sub1	0	1	1	0	0	0	1	0
5641_sub2	0	4	2	2	0	0	2	2
565_sub0	0	1	1	0	0	0	1	0
565_sub1	1	7	6	1	6	1	0	0
565_sub2	0	1	0	1	0	0	0	1
5657_sub0	1	12	4	8	4	8	0	0
566_sub0	0	4	1	3	0	0	1	3
566_sub1	0	1	1	0	0	0	1	0
566_sub2	0	1	1	0	0	0	1	0
5660_sub0	0	1	0	1	0	0	0	1
5660_sub1	1	7	4	3	4	3	0	0
5660_sub2	0	1	1	0	0	0	1	0
5660_sub3	0	1	0	1	0	0	0	1
5660_sub4	0	1	1	0	0	0	1	0
5660_sub5	0	1	0	1	0	0	0	1
5663_sub0	0	5	3	2	0	0	3	2
5663_sub1	0	1	1	0	0	0	1	0
5663_sub2	0	1	0	1	0	0	0	1
5666_sub0	0	1	1	0	0	0	1	0
5666_sub1	0	1	1	0	0	0	1	0
5666_sub2	0	1	1	0	0	0	1	0
5666_sub3	0	1	0	1	0	0	0	1
5666_sub4	0	1	1	0	0	0	1	0
5666_sub5	0	1	0	1	0	0	0	1
5668_sub0	0	1	1	0	0	0	1	0
5668_sub1	1	7	1	6	1	6	0	0
5668_sub2	0	1	1	0	0	0	1	0
5686_sub0	1	10	5	5	5	5	0	0
5686_sub1	0	1	0	1	0	0	0	1
5686_sub2	0	1	1	0	0	0	1	0
5686_sub3	0	1	1	0	0	0	1	0
5686_sub4	0	1	1	0	0	0	1	0
5687_sub0	0	1	0	1	0	0	0	1
5687_sub1	0	1	0	1	0	0	0	1
5687_sub2	0	1	1	0	0	0	1	0
5687_sub3	0	1	1	0	0	0	1	0
5687_sub4	0	1	0	1	0	0	0	1
5687_sub5	0	1	0	1	0	0	0	1
5689_sub0	1	6	3	3	3	3	0	0
5689_sub1	0	1	1	0	0	0	1	0
5705_sub0	0	5	1	4	0	0	1	4
5705_sub1	0	1	0	1	0	0	0	1
5711_sub0	0	4	2	2	0	0	2	2
5711_sub1	0	1	1	0	0	0	1	0
5711_sub2	0	1	0	1	0	0	0	1
5711_sub3	0	1	0	1	0	0	0	1
573_sub0	1	9	3	6	3	6	0	0
573_sub1	0	1	0	1	0	0	0	1
573_sub2	0	1	1	0	0	0	1	0
573_sub3	0	1	0	1	0	0	0	1
5734_sub0	1	6	3	3	3	3	0	0
5734_sub1	0	1	0	1	0	0	0	1
5748_sub0	1	6	4	2	4	2	0	0
5751_sub0	0	5	3	2	0	0	3	2
5751_sub1	0	1	1	0	0	0	1	0
5751_sub2	0	1	1	0	0	0	1	0
5759_sub0	1	6	3	3	3	3	0	0
5759_sub1	0	1	0	1	0	0	0	1
5760_sub0	0	1	0	1	0	0	0	1
5760_sub1	0	1	1	0	0	0	1	0
5760_sub2	0	1	0	1	0	0	0	1
5760_sub3	0	2	2	0	0	0	2	0
5760_sub4	0	1	0	1	0	0	0	1
5762_sub0	1	9	5	4	5	4	0	0
5762_sub1	0	1	1	0	0	0	1	0
5762_sub2	0	1	1	0	0	0	1	0
5762_sub3	0	1	0	1	0	0	0	1
5762_sub4	0	1	0	1	0	0	0	1
5768_sub0	0	5	3	2	0	0	3	2
5768_sub1	0	1	0	1	0	0	0	1
5768_sub2	0	1	0	1	0	0	0	1
577_sub0	1	7	2	5	2	5	0	0
577_sub1	0	1	0	1	0	0	0	1
577_sub2	0	1	0	1	0	0	0	1
5785_sub0	1	8	2	6	2	6	0	0
5791_sub0	0	1	1	0	0	0	1	0
5791_sub1	0	1	0	1	0	0	0	1
5791_sub2	0	1	0	1	0	0	0	1
5791_sub3	0	1	1	0	0	0	1	0
5791_sub4	0	1	1	0	0	0	1	0
5791_sub5	0	1	0	1	0	0	0	1
5793_sub0	0	1	0	1	0	0	0	1
5793_sub1	0	1	1	0	0	0	1	0
5793_sub2	0	1	0	1	0	0	0	1
5793_sub3	0	1	0	1	0	0	0	1
5793_sub4	0	1	1	0	0	0	1	0
5793_sub5	0	1	0	1	0	0	0	1
5796_sub0	0	1	0	1	0	0	0	1
5796_sub1	0	1	0	1	0	0	0	1
5796_sub2	0	1	1	0	0	0	1	0
5796_sub3	0	4	0	4	0	0	0	4
5801_sub0	0	5	3	2	0	0	3	2
5801_sub1	0	1	1	0	0	0	1	0
5801_sub2	0	1	1	0	0	0	1	0
5801_sub3	0	1	1	0	0	0	1	0
5801_sub4	0	1	1	0	0	0	1	0
5804_sub0	1	6	3	3	3	3	0	0
5804_sub1	0	1	1	0	0	0	1	0
5806_sub0	0	5	3	2	0	0	3	2
5806_sub1	0	1	0	1	0	0	0	1
5806_sub2	0	1	0	1	0	0	0	1
5806_sub3	0	1	1	0	0	0	1	0
5814_sub0	1	7	3	4	3	4	0	0
5814_sub1	0	1	0	1	0	0	0	1
5818_sub0	1	6	3	3	3	3	0	0
5818_sub1	0	1	1	0	0	0	1	0
5828_sub0	1	6	2	4	2	4	0	0
5828_sub1	0	1	0	1	0	0	0	1
5830_sub0	0	1	1	0	0	0	1	0
5830_sub1	0	1	0	1	0	0	0	1
5830_sub2	0	1	0	1	0	0	0	1
5830_sub3	0	1	0	1	0	0	0	1
5830_sub4	0	1	1	0	0	0	1	0
5830_sub5	0	1	0	1	0	0	0	1
5847_sub0	0	1	1	0	0	0	1	0
5847_sub1	0	1	1	0	0	0	1	0
5847_sub2	0	1	1	0	0	0	1	0
5847_sub3	0	1	1	0	0	0	1	0
5847_sub4	0	1	1	0	0	0	1	0
5847_sub5	0	1	1	0	0	0	1	0
5847_sub6	0	1	0	1	0	0	0	1
5847_sub7	0	1	0	1	0	0	0	1
5861_sub0	0	1	0	1	0	0	0	1
5861_sub1	0	1	0	1	0	0	0	1
5861_sub2	0	1	1	0	0	0	1	0
5861_sub3	0	1	1	0	0	0	1	0
5861_sub4	0	1	1	0	0	0	1	0
5861_sub5	0	1	0	1	0	0	0	1
5876_sub0	0	4	3	1	0	0	3	1
5876_sub1	0	1	1	0	0	0	1	0
5876_sub2	0	1	0	1	0	0	0	1
5876_sub3	0	1	0	1	0	0	0	1
588_sub0	1	9	2	7	2	7	0	0
588_sub1	0	1	1	0	0	0	1	0
5883_sub0	0	1	0	1	0	0	0	1
5883_sub1	1	10	3	7	3	7	0	0
5883_sub2	0	1	0	1	0	0	0	1
5884_sub0	0	4	2	2	0	0	2	2
5884_sub1	0	1	1	0	0	0	1	0
5884_sub2	0	1	1	0	0	0	1	0
5884_sub3	0	1	1	0	0	0	1	0
5895_sub0	0	4	2	2	0	0	2	2
5895_sub1	0	1	1	0	0	0	1	0
5895_sub2	0	1	1	0	0	0	1	0
5897_sub0	1	10	7	3	7	3	0	0
5897_sub1	0	1	1	0	0	0	1	0
5897_sub2	0	1	0	1	0	0	0	1
5897_sub3	0	1	0	1	0	0	0	1
5897_sub4	0	1	1	0	0	0	1	0
5907_sub0	1	11	7	4	7	4	0	0
5907_sub1	0	1	0	1	0	0	0	1
5907_sub2	0	1	1	0	0	0	1	0
5917_sub0	1	10	5	5	5	5	0	0
5917_sub1	0	1	1	0	0	0	1	0
5918_sub0	1	6	2	4	2	4	0	0
5918_sub1	0	1	1	0	0	0	1	0
592_sub0	0	5	3	2	0	0	3	2
592_sub1	0	1	0	1	0	0	0	1
592_sub2	0	1	1	0	0	0	1	0
592_sub3	0	1	0	1	0	0	0	1
5924_sub0	0	1	0	1	0	0	0	1
5924_sub1	0	1	1	0	0	0	1	0
5924_sub2	0	1	1	0	0	0	1	0
5924_sub3	0	1	1	0	0	0	1	0
5924_sub4	0	1	1	0	0	0	1	0
5924_sub5	0	1	0	1	0	0	0	1
5925_sub0	0	1	1	0	0	0	1	0
5925_sub1	0	1	0	1	0	0	0	1
5925_sub2	0	1	1	0	0	0	1	0
5925_sub3	0	1	1	0	0	0	1	0
5925_sub4	0	1	0	1	0	0	0	1
5925_sub5	0	1	1	0	0	0	1	0
5925_sub6	0	1	1	0	0	0	1	0
5929_sub0	0	4	2	2	0	0	2	2
5929_sub1	0	1	0	1	0	0	0	1
5929_sub2	0	1	0	1	0	0	0	1
593_sub0	0	1	1	0	0	0	1	0
593_sub1	0	1	1	0	0	0	1	0
593_sub2	0	5	2	3	0	0	2	3
5942_sub0	0	5	1	4	0	0	1	4
5942_sub1	0	1	1	0	0	0	1	0
5942_sub2	0	1	1	0	0	0	1	0
5972_sub0	1	6	2	4	2	4	0	0
5972_sub1	0	1	1	0	0	0	1	0
5972_sub2	0	1	0	1	0	0	0	1
5992_sub0	0	2	1	1	0	0	1	1
5992_sub1	0	1	1	0	0	0	1	0
5992_sub2	0	1	0	1	0	0	0	1
5992_sub3	0	1	0	1	0	0	0	1
5992_sub4	0	1	1	0	0	0	1	0
5993_sub0	0	1	1	0	0	0	1	0
5993_sub1	1	6	3	3	3	3	0	0
5993_sub2	0	1	0	1	0	0	0	1
6_sub0	0	1	1	0	0	0	1	0
6_sub1	0	1	0	1	0	0	0	1
6_sub2	1	9	4	5	4	5	0	0
6_sub3	0	1	1	0	0	0	1	0
6_sub4	0	1	1	0	0	0	1	0
6_sub5	0	1	1	0	0	0	1	0
600_sub0	1	7	5	2	5	2	0	0
600_sub1	0	1	0	1	0	0	0	1
600_sub2	0	1	1	0	0	0	1	0
600_sub3	0	1	1	0	0	0	1	0
6013_sub0	1	6	2	4	2	4	0	0
6013_sub1	0	1	0	1	0	0	0	1
6016_sub0	1	6	3	3	3	3	0	0
6018_sub0	1	6	3	3	3	3	0	0
6018_sub1	0	1	0	1	0	0	0	1
6026_sub0	0	5	0	5	0	0	0	5
6026_sub1	0	1	0	1	0	0	0	1
6026_sub2	0	1	0	1	0	0	0	1
6027_sub0	0	1	0	1	0	0	0	1
6027_sub1	0	1	1	0	0	0	1	0
6027_sub2	0	4	2	2	0	0	2	2
6027_sub3	0	1	1	0	0	0	1	0
6027_sub4	0	1	1	0	0	0	1	0
6043_sub0	0	1	1	0	0	0	1	0
6043_sub1	0	1	1	0	0	0	1	0
6043_sub2	0	1	1	0	0	0	1	0
6043_sub3	0	1	0	1	0	0	0	1
6043_sub4	0	1	0	1	0	0	0	1
6043_sub5	0	1	0	1	0	0	0	1
6044_sub0	1	7	2	5	2	5	0	0
6044_sub1	0	1	0	1	0	0	0	1
6052_sub0	0	1	0	1	0	0	0	1
6052_sub1	0	1	1	0	0	0	1	0
6052_sub2	1	11	3	8	3	8	0	0
606_sub0	1	6	3	3	3	3	0	0
606_sub1	0	1	1	0	0	0	1	0
606_sub2	0	1	0	1	0	0	0	1
606_sub3	0	1	0	1	0	0	0	1
6065_sub0	1	6	4	2	4	2	0	0
6065_sub1	0	1	0	1	0	0	0	1
6065_sub2	0	1	1	0	0	0	1	0
6065_sub3	0	1	0	1	0	0	0	1
6065_sub4	0	1	0	1	0	0	0	1
6072_sub0	0	4	3	1	0	0	3	1
6072_sub1	0	1	1	0	0	0	1	0
6072_sub2	0	1	1	0	0	0	1	0
6072_sub3	0	1	1	0	0	0	1	0
6072_sub4	0	1	1	0	0	0	1	0
6080_sub0	0	1	1	0	0	0	1	0
6080_sub1	0	1	0	1	0	0	0	1
6080_sub2	0	1	0	1	0	0	0	1
6080_sub3	0	1	1	0	0	0	1	0
6080_sub4	0	1	1	0	0	0	1	0
6080_sub5	0	1	1	0	0	0	1	0
6084_sub0	0	1	1	0	0	0	1	0
6084_sub1	0	3	2	1	0	0	2	1
6084_sub2	0	1	1	0	0	0	1	0
6084_sub3	0	1	1	0	0	0	1	0
609_sub0	0	4	0	4	0	0	0	4
609_sub1	0	1	0	1	0	0	0	1
609_sub2	0	1	1	0	0	0	1	0
609_sub3	0	1	0	1	0	0	0	1
6107_sub0	1	6	2	4	2	4	0	0
6107_sub1	0	1	1	0	0	0	1	0
6109_sub0	0	1	1	0	0	0	1	0
6109_sub1	0	5	2	3	0	0	2	3
6109_sub2	0	1	1	0	0	0	1	0
6109_sub3	0	1	1	0	0	0	1	0
6109_sub4	0	1	1	0	0	0	1	0
6109_sub5	0	1	1	0	0	0	1	0
6114_sub0	0	4	2	2	0	0	2	2
6114_sub1	0	2	1	1	0	0	1	1
6114_sub2	0	1	0	1	0	0	0	1
612_sub0	1	7	4	3	4	3	0	0
612_sub1	0	1	0	1	0	0	0	1
612_sub2	0	1	0	1	0	0	0	1
612_sub3	0	1	1	0	0	0	1	0
612_sub4	0	1	0	1	0	0	0	1
6132_sub0	0	5	3	2	0	0	3	2
6132_sub1	0	1	0	1	0	0	0	1
6135_sub0	1	8	5	3	5	3	0	0
6135_sub1	0	1	1	0	0	0	1	0
6141_sub0	0	3	1	2	0	0	1	2
6141_sub1	0	1	1	0	0	0	1	0
6141_sub2	0	1	0	1	0	0	0	1
6141_sub3	0	1	1	0	0	0	1	0
6144_sub0	1	6	2	4	2	4	0	0
6144_sub1	0	1	0	1	0	0	0	1
6144_sub2	0	1	1	0	0	0	1	0
6146_sub0	0	2	1	1	0	0	1	1
6146_sub1	0	1	1	0	0	0	1	0
6146_sub2	0	1	1	0	0	0	1	0
6146_sub3	0	1	0	1	0	0	0	1
6146_sub4	0	1	1	0	0	0	1	0
6165_sub0	1	6	1	5	1	5	0	0
6165_sub1	0	1	0	1	0	0	0	1
6165_sub2	0	1	0	1	0	0	0	1
6168_sub0	0	1	0	1	0	0	0	1
6168_sub1	0	1	0	1	0	0	0	1
6168_sub2	0	5	2	3	0	0	2	3
6171_sub0	1	6	2	4	2	4	0	0
6171_sub1	0	1	0	1	0	0	0	1
6171_sub2	0	1	0	1	0	0	0	1
6174_sub0	0	1	1	0	0	0	1	0
6174_sub1	0	1	1	0	0	0	1	0
6174_sub2	0	1	1	0	0	0	1	0
6174_sub3	0	2	1	1	0	0	1	1
6174_sub4	0	1	1	0	0	0	1	0
618_sub0	0	5	0	5	0	0	0	5
618_sub1	0	1	0	1	0	0	0	1
6183_sub0	0	1	1	0	0	0	1	0
6183_sub1	0	2	1	1	0	0	1	1
6183_sub2	0	1	1	0	0	0	1	0
6183_sub3	0	1	0	1	0	0	0	1
6183_sub4	0	1	1	0	0	0	1	0
6192_sub0	0	4	1	3	0	0	1	3
6192_sub1	0	1	1	0	0	0	1	0
6192_sub2	0	1	1	0	0	0	1	0
6192_sub3	0	1	1	0	0	0	1	0
6194_sub0	1	6	4	2	4	2	0	0
6196_sub0	0	5	2	3	0	0	2	3
6196_sub1	0	1	0	1	0	0	0	1
6196_sub2	0	1	1	0	0	0	1	0
6196_sub3	0	1	0	1	0	0	0	1
6196_sub4	0	1	0	1	0	0	0	1
6196_sub5	0	1	1	0	0	0	1	0
62_sub0	0	1	1	0	0	0	1	0
62_sub1	1	7	6	1	6	1	0	0
62_sub2	0	1	1	0	0	0	1	0
62_sub3	0	1	0	1	0	0	0	1
6201_sub0	0	1	0	1	0	0	0	1
6201_sub1	0	4	3	1	0	0	3	1
6201_sub2	0	1	1	0	0	0	1	0
6212_sub0	1	6	3	3	3	3	0	0
6212_sub1	0	1	1	0	0	0	1	0
6224_sub0	0	2	1	1	0	0	1	1
6224_sub1	0	1	0	1	0	0	0	1
6224_sub2	0	1	0	1	0	0	0	1
6224_sub3	0	1	1	0	0	0	1	0
6224_sub4	0	1	1	0	0	0	1	0
6229_sub0	0	1	1	0	0	0	1	0
6229_sub1	1	9	2	7	2	7	0	0
6229_sub2	0	1	0	1	0	0	0	1
6229_sub3	0	1	1	0	0	0	1	0
6229_sub4	0	1	1	0	0	0	1	0
6229_sub5	0	1	1	0	0	0	1	0
6229_sub6	0	1	0	1	0	0	0	1
6237_sub0	0	5	3	2	0	0	3	2
6237_sub1	0	1	1	0	0	0	1	0
6248_sub0	0	5	3	2	0	0	3	2
6248_sub1	0	1	0	1	0	0	0	1
6249_sub0	1	7	3	4	3	4	0	0
6257_sub0	0	1	1	0	0	0	1	0
6257_sub1	0	4	1	3	0	0	1	3
6257_sub2	0	1	1	0	0	0	1	0
628_sub0	0	1	1	0	0	0	1	0
628_sub1	0	1	0	1	0	0	0	1
628_sub2	0	3	0	3	0	0	0	3
628_sub3	0	1	1	0	0	0	1	0
628_sub4	0	1	0	1	0	0	0	1
6300_sub0	0	5	0	5	0	0	0	5
6300_sub1	0	1	1	0	0	0	1	0
632_sub0	1	7	3	4	3	4	0	0
632_sub1	0	1	1	0	0	0	1	0
6321_sub0	1	6	3	3	3	3	0	0
6321_sub1	0	1	0	1	0	0	0	1
6321_sub2	0	1	1	0	0	0	1	0
6321_sub3	0	1	0	1	0	0	0	1
6327_sub0	1	6	3	3	3	3	0	0
6327_sub1	0	1	1	0	0	0	1	0
6339_sub0	0	1	0	1	0	0	0	1
6339_sub1	0	1	0	1	0	0	0	1
6339_sub2	0	4	1	3	0	0	1	3
634_sub0	1	9	3	6	3	6	0	0
634_sub1	0	1	0	1	0	0	0	1
634_sub2	0	1	0	1	0	0	0	1
634_sub3	0	1	0	1	0	0	0	1
6340_sub0	1	11	6	5	6	5	0	0
6340_sub1	0	1	0	1	0	0	0	1
6351_sub0	1	10	3	7	3	7	0	0
6351_sub1	0	1	1	0	0	0	1	0
6352_sub0	1	7	4	3	4	3	0	0
6352_sub1	0	1	0	1	0	0	0	1
6352_sub2	0	1	0	1	0	0	0	1
636_sub0	0	1	1	0	0	0	1	0
636_sub1	1	6	3	3	3	3	0	0
6362_sub0	0	1	0	1	0	0	0	1
6362_sub1	1	9	6	3	6	3	0	0
6371_sub0	0	1	0	1	0	0	0	1
6371_sub1	0	1	0	1	0	0	0	1
6371_sub2	0	1	0	1	0	0	0	1
6371_sub3	0	1	1	0	0	0	1	0
6371_sub4	0	1	0	1	0	0	0	1
6371_sub5	0	1	1	0	0	0	1	0
6373_sub0	0	1	0	1	0	0	0	1
6373_sub1	1	7	5	2	5	2	0	0
6379_sub0	0	4	3	1	0	0	3	1
6379_sub1	0	1	0	1	0	0	0	1
6379_sub2	0	1	1	0	0	0	1	0
6379_sub3	0	1	0	1	0	0	0	1
6385_sub0	0	5	4	1	0	0	4	1
6385_sub1	0	1	1	0	0	0	1	0
6385_sub2	0	1	0	1	0	0	0	1
6387_sub0	1	7	4	3	4	3	0	0
6392_sub0	0	4	4	0	0	0	4	0
6392_sub1	0	1	0	1	0	0	0	1
6392_sub2	0	1	0	1	0	0	0	1
6408_sub0	0	1	1	0	0	0	1	0
6408_sub1	0	2	1	1	0	0	1	1
6408_sub2	0	1	0	1	0	0	0	1
6408_sub3	0	1	0	1	0	0	0	1
6408_sub4	0	4	3	1	0	0	3	1
641_sub0	1	7	2	5	2	5	0	0
641_sub1	0	1	1	0	0	0	1	0
6418_sub0	0	4	3	1	0	0	3	1
6418_sub1	0	1	1	0	0	0	1	0
6418_sub2	0	1	1	0	0	0	1	0
642_sub0	0	1	0	1	0	0	0	1
642_sub1	0	4	3	1	0	0	3	1
642_sub2	0	1	1	0	0	0	1	0
642_sub3	0	1	0	1	0	0	0	1
6444_sub0	0	5	2	3	0	0	2	3
6444_sub1	0	1	1	0	0	0	1	0
6444_sub2	0	1	0	1	0	0	0	1
6454_sub0	0	4	2	2	0	0	2	2
6454_sub1	0	1	1	0	0	0	1	0
6454_sub2	0	1	0	1	0	0	0	1
6454_sub3	0	1	0	1	0	0	0	1
646_sub0	1	6	3	3	3	3	0	0
6463_sub0	0	1	0	1	0	0	0	1
6463_sub1	0	4	1	3	0	0	1	3
6463_sub2	0	1	0	1	0	0	0	1
6463_sub3	0	1	1	0	0	0	1	0
647_sub0	1	7	2	5	2	5	0	0
647_sub1	0	1	0	1	0	0	0	1
647_sub2	0	1	1	0	0	0	1	0
6483_sub0	0	4	3	1	0	0	3	1
6483_sub1	0	1	1	0	0	0	1	0
6483_sub2	0	1	0	1	0	0	0	1
6483_sub3	0	1	1	0	0	0	1	0
6483_sub4	0	1	0	1	0	0	0	1
65_sub0	0	1	1	0	0	0	1	0
65_sub1	1	9	4	5	4	5	0	0
65_sub2	0	1	1	0	0	0	1	0
6516_sub0	1	6	3	3	3	3	0	0
6516_sub1	0	1	0	1	0	0	0	1
6516_sub2	0	1	1	0	0	0	1	0
6519_sub0	1	13	6	7	6	7	0	0
6519_sub1	0	1	0	1	0	0	0	1
6519_sub2	0	1	1	0	0	0	1	0
6519_sub3	0	1	0	1	0	0	0	1
6519_sub4	0	1	0	1	0	0	0	1
6536_sub0	1	6	3	3	3	3	0	0
6536_sub1	0	1	0	1	0	0	0	1
6539_sub0	0	1	0	1	0	0	0	1
6539_sub1	0	1	0	1	0	0	0	1
6539_sub2	0	1	1	0	0	0	1	0
6539_sub3	0	1	1	0	0	0	1	0
6539_sub4	0	1	1	0	0	0	1	0
6539_sub5	0	1	0	1	0	0	0	1
6540_sub0	0	3	2	1	0	0	2	1
6540_sub1	0	1	0	1	0	0	0	1
6540_sub2	0	1	1	0	0	0	1	0
6540_sub3	0	1	0	1	0	0	0	1
6541_sub0	0	1	0	1	0	0	0	1
6541_sub1	0	5	3	2	0	0	3	2
6541_sub2	0	1	0	1	0	0	0	1
6541_sub3	0	1	1	0	0	0	1	0
6541_sub4	0	1	1	0	0	0	1	0
6542_sub0	0	1	0	1	0	0	0	1
6542_sub1	0	1	1	0	0	0	1	0
6542_sub2	0	1	1	0	0	0	1	0
6542_sub3	0	1	0	1	0	0	0	1
6542_sub4	0	1	1	0	0	0	1	0
6542_sub5	0	1	0	1	0	0	0	1
6542_sub6	0	1	1	0	0	0	1	0
6549_sub0	1	7	2	5	2	5	0	0
6549_sub1	0	1	0	1	0	0	0	1
6549_sub2	0	1	0	1	0	0	0	1
6549_sub3	0	1	0	1	0	0	0	1
658_sub0	1	7	2	5	2	5	0	0
658_sub1	0	1	0	1	0	0	0	1
6580_sub0	0	5	2	3	0	0	2	3
6580_sub1	0	1	0	1	0	0	0	1
6588_sub0	0	4	1	3	0	0	1	3
6588_sub1	0	1	1	0	0	0	1	0
6588_sub2	0	1	0	1	0	0	0	1
66_sub0	0	1	0	1	0	0	0	1
66_sub1	0	1	1	0	0	0	1	0
66_sub2	0	1	0	1	0	0	0	1
66_sub3	0	1	1	0	0	0	1	0
66_sub4	0	1	1	0	0	0	1	0
66_sub5	0	1	0	1	0	0	0	1
66_sub6	0	1	1	0	0	0	1	0
661_sub0	1	10	5	5	5	5	0	0
6620_sub0	1	7	6	1	6	1	0	0
6620_sub1	0	1	0	1	0	0	0	1
6620_sub2	0	1	0	1	0	0	0	1
6620_sub3	0	1	1	0	0	0	1	0
6624_sub0	0	1	0	1	0	0	0	1
6624_sub1	0	1	1	0	0	0	1	0
6624_sub2	0	1	0	1	0	0	0	1
6624_sub3	0	1	1	0	0	0	1	0
6624_sub4	0	1	0	1	0	0	0	1
6624_sub5	0	1	1	0	0	0	1	0
6636_sub0	0	1	1	0	0	0	1	0
6636_sub1	0	1	0	1	0	0	0	1
6636_sub2	0	1	0	1	0	0	0	1
6636_sub3	0	1	0	1	0	0	0	1
6636_sub4	0	1	0	1	0	0	0	1
6636_sub5	0	1	1	0	0	0	1	0
6638_sub0	0	1	1	0	0	0	1	0
6638_sub1	0	1	0	1	0	0	0	1
6638_sub2	1	7	5	2	5	2	0	0
6653_sub0	0	5	0	5	0	0	0	5
6653_sub1	0	1	0	1	0	0	0	1
6653_sub2	0	1	0	1	0	0	0	1
6654_sub0	1	6	5	1	5	1	0	0
6654_sub1	0	1	0	1	0	0	0	1
6654_sub2	0	1	0	1	0	0	0	1
6654_sub3	0	1	0	1	0	0	0	1
6658_sub0	1	7	4	3	4	3	0	0
6658_sub1	0	1	1	0	0	0	1	0
6679_sub0	0	1	1	0	0	0	1	0
6679_sub1	1	6	3	3	3	3	0	0
6679_sub2	0	1	0	1	0	0	0	1
6691_sub0	1	12	7	5	7	5	0	0
6691_sub1	0	1	0	1	0	0	0	1
6691_sub2	0	1	1	0	0	0	1	0
67_sub0	0	1	1	0	0	0	1	0
67_sub1	1	7	4	3	4	3	0	0
672_sub0	0	5	4	1	0	0	4	1
672_sub1	0	1	1	0	0	0	1	0
672_sub2	0	1	0	1	0	0	0	1
672_sub3	0	1	1	0	0	0	1	0
6722_sub0	0	1	0	1	0	0	0	1
6722_sub1	0	1	1	0	0	0	1	0
6722_sub2	0	1	0	1	0	0	0	1
6722_sub3	0	1	1	0	0	0	1	0
6722_sub4	0	1	1	0	0	0	1	0
6722_sub5	0	1	0	1	0	0	0	1
674_sub0	0	1	0	1	0	0	0	1
674_sub1	0	5	3	2	0	0	3	2
674_sub2	0	1	0	1	0	0	0	1
674_sub3	0	1	1	0	0	0	1	0
6747_sub0	0	1	0	1	0	0	0	1
6747_sub1	0	3	2	1	0	0	2	1
6747_sub2	0	1	1	0	0	0	1	0
6747_sub3	0	1	1	0	0	0	1	0
6755_sub0	1	10	6	4	6	4	0	0
6755_sub1	0	1	0	1	0	0	0	1
6755_sub2	0	1	1	0	0	0	1	0
6764_sub0	1	6	1	5	1	5	0	0
6764_sub1	0	1	0	1	0	0	0	1
6764_sub2	0	1	1	0	0	0	1	0
6764_sub3	0	1	0	1	0	0	0	1
6764_sub4	0	1	1	0	0	0	1	0
6771_sub0	1	7	3	4	3	4	0	0
6771_sub1	0	1	1	0	0	0	1	0
6771_sub2	0	1	0	1	0	0	0	1
6777_sub0	1	6	4	2	4	2	0	0
6777_sub1	0	1	0	1	0	0	0	1
6777_sub2	0	1	1	0	0	0	1	0
6777_sub3	0	1	0	1	0	0	0	1
680_sub0	0	1	0	1	0	0	0	1
680_sub1	0	1	0	1	0	0	0	1
680_sub2	0	5	2	3	0	0	2	3
681_sub0	0	1	0	1	0	0	0	1
681_sub1	0	1	1	0	0	0	1	0
681_sub2	0	1	0	1	0	0	0	1
681_sub3	1	9	4	5	4	5	0	0
681_sub4	0	1	1	0	0	0	1	0
681_sub5	0	1	1	0	0	0	1	0
6810_sub0	1	9	3	6	3	6	0	0
6810_sub1	0	1	1	0	0	0	1	0
682_sub0	0	4	0	4	0	0	0	4
682_sub1	0	1	0	1	0	0	0	1
682_sub2	0	1	0	1	0	0	0	1
682_sub3	0	3	3	0	0	0	3	0
682_sub4	0	1	1	0	0	0	1	0
6821_sub0	0	4	1	3	0	0	1	3
6821_sub1	0	1	1	0	0	0	1	0
6821_sub2	0	1	0	1	0	0	0	1
6828_sub0	0	1	1	0	0	0	1	0
6828_sub1	1	8	6	2	6	2	0	0
6866_sub0	1	8	1	7	1	7	0	0
6866_sub1	0	1	0	1	0	0	0	1
6866_sub2	0	1	0	1	0	0	0	1
6866_sub3	0	1	0	1	0	0	0	1
6866_sub4	0	1	1	0	0	0	1	0
687_sub0	1	8	5	3	5	3	0	0
687_sub1	0	1	0	1	0	0	0	1
687_sub2	0	1	1	0	0	0	1	0
687_sub3	0	1	1	0	0	0	1	0
6871_sub0	1	9	5	4	5	4	0	0
6871_sub1	0	1	0	1	0	0	0	1
6877_sub0	0	5	2	3	0	0	2	3
6877_sub1	0	1	1	0	0	0	1	0
6877_sub2	0	1	0	1	0	0	0	1
6880_sub0	0	1	1	0	0	0	1	0
6880_sub1	1	7	3	4	3	4	0	0
6880_sub2	0	1	1	0	0	0	1	0
6880_sub3	0	1	1	0	0	0	1	0
6881_sub0	0	1	0	1	0	0	0	1
6881_sub1	1	7	3	4	3	4	0	0
6881_sub2	0	1	0	1	0	0	0	1
6885_sub0	0	3	1	2	0	0	1	2
6885_sub1	0	1	0	1	0	0	0	1
6885_sub2	0	1	1	0	0	0	1	0
6885_sub3	0	1	0	1	0	0	0	1
6900_sub0	0	1	1	0	0	0	1	0
6900_sub1	0	1	0	1	0	0	0	1
6900_sub2	0	1	1	0	0	0	1	0
6900_sub3	0	1	0	1	0	0	0	1
6900_sub4	0	1	1	0	0	0	1	0
6900_sub5	0	1	1	0	0	0	1	0
6908_sub0	0	5	2	3	0	0	2	3
6908_sub1	0	1	1	0	0	0	1	0
6916_sub0	0	5	2	3	0	0	2	3
6916_sub1	0	1	1	0	0	0	1	0
6935_sub0	1	6	0	6	0	6	0	0
6935_sub1	0	1	0	1	0	0	0	1
6935_sub2	0	1	1	0	0	0	1	0
6935_sub3	0	1	0	1	0	0	0	1
6935_sub4	0	1	0	1	0	0	0	1
6938_sub0	1	8	4	4	4	4	0	0
6948_sub0	0	1	0	1	0	0	0	1
6948_sub1	0	1	0	1	0	0	0	1
6948_sub2	0	5	2	3	0	0	2	3
6949_sub0	1	10	3	7	3	7	0	0
6949_sub1	0	1	0	1	0	0	0	1
6949_sub2	0	1	0	1	0	0	0	1
695_sub0	1	8	4	4	4	4	0	0
695_sub1	0	1	1	0	0	0	1	0
695_sub2	0	1	1	0	0	0	1	0
696_sub0	0	4	2	2	0	0	2	2
696_sub1	0	1	0	1	0	0	0	1
696_sub2	0	1	1	0	0	0	1	0
696_sub3	0	1	1	0	0	0	1	0
696_sub4	0	1	0	1	0	0	0	1
6966_sub0	1	13	5	8	5	8	0	0
6966_sub1	0	1	1	0	0	0	1	0
6966_sub2	0	1	0	1	0	0	0	1
6966_sub3	0	1	1	0	0	0	1	0
6980_sub0	1	6	4	2	4	2	0	0
6980_sub1	0	1	0	1	0	0	0	1
6980_sub2	0	1	1	0	0	0	1	0
6980_sub3	0	1	0	1	0	0	0	1
699_sub0	1	9	6	3	6	3	0	0
699_sub1	0	1	1	0	0	0	1	0
699_sub2	0	1	1	0	0	0	1	0
6995_sub0	0	1	0	1	0	0	0	1
6995_sub1	0	5	4	1	0	0	4	1
700_sub0	0	1	1	0	0	0	1	0
700_sub1	1	9	2	7	2	7	0	0
7006_sub0	0	5	4	1	0	0	4	1
7006_sub1	0	1	0	1	0	0	0	1
7018_sub0	0	4	2	2	0	0	2	2
7018_sub1	0	1	0	1	0	0	0	1
7018_sub2	0	1	0	1	0	0	0	1
702_sub0	0	5	1	4	0	0	1	4
702_sub1	0	1	0	1	0	0	0	1
702_sub2	0	1	1	0	0	0	1	0
7020_sub0	0	4	4	0	0	0	4	0
7020_sub1	0	1	1	0	0	0	1	0
7020_sub2	0	1	1	0	0	0	1	0
7020_sub3	0	1	0	1	0	0	0	1
7020_sub4	0	1	0	1	0	0	0	1
7020_sub5	0	1	0	1	0	0	0	1
7021_sub0	1	6	5	1	5	1	0	0
7021_sub1	0	1	1	0	0	0	1	0
7021_sub2	0	1	0	1	0	0	0	1
7021_sub3	0	1	1	0	0	0	1	0
7021_sub4	0	1	1	0	0	0	1	0
7022_sub0	0	5	3	2	0	0	3	2
7022_sub1	0	1	1	0	0	0	1	0
7028_sub0	0	1	1	0	0	0	1	0
7028_sub1	0	1	1	0	0	0	1	0
7028_sub2	0	1	1	0	0	0	1	0
7028_sub3	0	1	0	1	0	0	0	1
7028_sub4	0	1	1	0	0	0	1	0
7028_sub5	0	1	1	0	0	0	1	0
7029_sub0	0	1	1	0	0	0	1	0
7029_sub1	0	1	0	1	0	0	0	1
7029_sub2	1	12	3	9	3	9	0	0
7029_sub3	0	1	1	0	0	0	1	0
7032_sub0	0	1	0	1	0	0	0	1
7032_sub1	1	9	7	2	7	2	0	0
7032_sub2	0	1	0	1	0	0	0	1
7032_sub3	0	1	1	0	0	0	1	0
7032_sub4	0	1	1	0	0	0	1	0
704_sub0	1	9	6	3	6	3	0	0
704_sub1	0	1	1	0	0	0	1	0
705_sub0	0	1	0	1	0	0	0	1
705_sub1	1	12	7	5	7	5	0	0
705_sub2	0	1	0	1	0	0	0	1
7064_sub0	0	1	0	1	0	0	0	1
7064_sub1	0	4	1	3	0	0	1	3
7064_sub2	0	1	0	1	0	0	0	1
708_sub0	1	7	3	4	3	4	0	0
708_sub1	0	1	1	0	0	0	1	0
708_sub2	0	1	1	0	0	0	1	0
708_sub3	0	1	1	0	0	0	1	0
7097_sub0	1	7	4	3	4	3	0	0
7100_sub0	1	7	5	2	5	2	0	0
7106_sub0	0	1	0	1	0	0	0	1
7106_sub1	0	4	3	1	0	0	3	1
7106_sub2	0	1	0	1	0	0	0	1
712_sub0	0	4	2	2	0	0	2	2
712_sub1	0	1	0	1	0	0	0	1
712_sub2	0	1	1	0	0	0	1	0
712_sub3	0	1	1	0	0	0	1	0
712_sub4	0	1	0	1	0	0	0	1
712_sub5	0	1	1	0	0	0	1	0
7128_sub0	1	7	6	1	6	1	0	0
7128_sub1	0	1	0	1	0	0	0	1
7129_sub0	1	6	2	4	2	4	0	0
7129_sub1	0	1	1	0	0	0	1	0
7134_sub0	0	1	1	0	0	0	1	0
7134_sub1	0	4	3	1	0	0	3	1
7134_sub2	0	1	0	1	0	0	0	1
7134_sub3	0	1	0	1	0	0	0	1
7134_sub4	0	1	0	1	0	0	0	1
7137_sub0	0	1	1	0	0	0	1	0
7137_sub1	0	1	1	0	0	0	1	0
7137_sub2	1	7	3	4	3	4	0	0
7137_sub3	0	1	0	1	0	0	0	1
7167_sub0	0	1	1	0	0	0	1	0
7167_sub1	0	2	0	2	0	0	0	2
7167_sub2	0	1	0	1	0	0	0	1
7167_sub3	0	1	1	0	0	0	1	0
7167_sub4	0	1	0	1	0	0	0	1
718_sub0	1	9	5	4	5	4	0	0
718_sub1	0	1	0	1	0	0	0	1
718_sub2	0	1	0	1	0	0	0	1
7184_sub0	0	5	2	3	0	0	2	3
7184_sub1	0	1	0	1	0	0	0	1
7195_sub0	0	5	2	3	0	0	2	3
7195_sub1	0	1	0	1	0	0	0	1
720_sub0	1	8	4	4	4	4	0	0
720_sub1	0	1	1	0	0	0	1	0
720_sub2	0	1	0	1	0	0	0	1
721_sub0	0	1	1	0	0	0	1	0
721_sub1	1	10	5	5	5	5	0	0
721_sub2	0	1	0	1	0	0	0	1
7216_sub0	0	1	1	0	0	0	1	0
7216_sub1	0	1	0	1	0	0	0	1
7216_sub2	0	1	0	1	0	0	0	1
7216_sub3	0	1	1	0	0	0	1	0
7216_sub4	0	1	0	1	0	0	0	1
7216_sub5	0	1	1	0	0	0	1	0
7219_sub0	1	9	6	3	6	3	0	0
7226_sub0	1	6	3	3	3	3	0	0
7226_sub1	0	1	1	0	0	0	1	0
7238_sub0	1	6	3	3	3	3	0	0
7238_sub1	0	1	1	0	0	0	1	0
7240_sub0	0	1	0	1	0	0	0	1
7240_sub1	0	4	2	2	0	0	2	2
7240_sub2	0	1	1	0	0	0	1	0
7240_sub3	0	1	1	0	0	0	1	0
7257_sub0	0	1	1	0	0	0	1	0
7257_sub1	0	1	1	0	0	0	1	0
7257_sub2	1	6	4	2	4	2	0	0
7257_sub3	0	1	0	1	0	0	0	1
7259_sub0	0	1	0	1	0	0	0	1
7259_sub1	0	5	3	2	0	0	3	2
7259_sub2	0	1	1	0	0	0	1	0
7262_sub0	1	6	2	4	2	4	0	0
7262_sub1	0	1	1	0	0	0	1	0
7266_sub0	0	1	0	1	0	0	0	1
7266_sub1	0	1	1	0	0	0	1	0
7266_sub2	0	1	1	0	0	0	1	0
7266_sub3	0	1	0	1	0	0	0	1
7266_sub4	0	1	0	1	0	0	0	1
7266_sub5	0	1	0	1	0	0	0	1
7272_sub0	0	1	1	0	0	0	1	0
7272_sub1	0	1	1	0	0	0	1	0
7272_sub2	0	3	2	1	0	0	2	1
7272_sub3	0	1	0	1	0	0	0	1
7295_sub0	0	5	2	3	0	0	2	3
7295_sub1	0	1	1	0	0	0	1	0
7299_sub0	0	1	1	0	0	0	1	0
7299_sub1	1	6	2	4	2	4	0	0
73_sub0	0	1	1	0	0	0	1	0
73_sub1	1	9	3	6	3	6	0	0
73_sub2	0	1	1	0	0	0	1	0
73_sub3	0	1	1	0	0	0	1	0
730_sub0	1	7	4	3	4	3	0	0
730_sub1	0	1	1	0	0	0	1	0
7306_sub0	0	4	2	2	0	0	2	2
7306_sub1	0	1	0	1	0	0	0	1
7306_sub2	0	1	0	1	0	0	0	1
7331_sub0	0	1	1	0	0	0	1	0
7331_sub1	1	6	2	4	2	4	0	0
7331_sub2	0	1	0	1	0	0	0	1
7331_sub3	0	1	1	0	0	0	1	0
7336_sub0	0	1	0	1	0	0	0	1
7336_sub1	0	3	1	2	0	0	1	2
7336_sub2	0	1	1	0	0	0	1	0
7336_sub3	0	1	1	0	0	0	1	0
7337_sub0	0	1	1	0	0	0	1	0
7337_sub1	0	3	0	3	0	0	0	3
7337_sub2	0	1	0	1	0	0	0	1
7337_sub3	0	1	0	1	0	0	0	1
7354_sub0	1	7	4	3	4	3	0	0
7354_sub1	0	1	0	1	0	0	0	1
7354_sub2	0	1	1	0	0	0	1	0
736_sub0	0	4	1	3	0	0	1	3
736_sub1	0	1	0	1	0	0	0	1
736_sub2	0	1	0	1	0	0	0	1
736_sub3	0	1	1	0	0	0	1	0
736_sub4	0	1	1	0	0	0	1	0
736_sub5	0	1	1	0	0	0	1	0
7373_sub0	0	3	1	2	0	0	1	2
7373_sub1	0	1	1	0	0	0	1	0
7373_sub2	0	1	0	1	0	0	0	1
7373_sub3	0	1	1	0	0	0	1	0
7373_sub4	0	1	1	0	0	0	1	0
7373_sub5	0	1	0	1	0	0	0	1
7373_sub6	0	1	1	0	0	0	1	0
7373_sub7	0	1	0	1	0	0	0	1
7387_sub0	0	5	3	2	0	0	3	2
7387_sub1	0	1	0	1	0	0	0	1
7387_sub2	0	1	1	0	0	0	1	0
739_sub0	1	7	2	5	2	5	0	0
7402_sub0	1	6	4	2	4	2	0	0
7402_sub1	0	1	1	0	0	0	1	0
7414_sub0	1	6	1	5	1	5	0	0
7414_sub1	0	1	0	1	0	0	0	1
7414_sub2	0	1	1	0	0	0	1	0
742_sub0	1	8	1	7	1	7	0	0
742_sub1	0	1	0	1	0	0	0	1
742_sub2	0	1	1	0	0	0	1	0
742_sub3	0	1	1	0	0	0	1	0
7421_sub0	1	8	3	5	3	5	0	0
7421_sub1	0	1	1	0	0	0	1	0
7421_sub2	0	1	0	1	0	0	0	1
7421_sub3	0	1	1	0	0	0	1	0
743_sub0	1	6	4	2	4	2	0	0
743_sub1	0	1	0	1	0	0	0	1
743_sub2	0	1	1	0	0	0	1	0
7430_sub0	0	1	1	0	0	0	1	0
7430_sub1	0	5	4	1	0	0	4	1
7441_sub0	1	6	2	4	2	4	0	0
7441_sub1	0	1	0	1	0	0	0	1
7441_sub2	0	1	1	0	0	0	1	0
7456_sub0	0	4	3	1	0	0	3	1
7456_sub1	0	1	1	0	0	0	1	0
7456_sub2	0	1	0	1	0	0	0	1
7456_sub3	0	1	0	1	0	0	0	1
7460_sub0	0	1	1	0	0	0	1	0
7460_sub1	0	5	4	1	0	0	4	1
7467_sub0	0	1	0	1	0	0	0	1
7467_sub1	0	1	1	0	0	0	1	0
7467_sub2	0	3	1	2	0	0	1	2
7467_sub3	0	1	0	1	0	0	0	1
747_sub0	0	1	0	1	0	0	0	1
747_sub1	0	1	0	1	0	0	0	1
747_sub2	0	1	1	0	0	0	1	0
747_sub3	0	1	0	1	0	0	0	1
747_sub4	0	1	1	0	0	0	1	0
747_sub5	0	1	1	0	0	0	1	0
7480_sub0	0	4	1	3	0	0	1	3
7480_sub1	0	1	1	0	0	0	1	0
7480_sub2	0	1	1	0	0	0	1	0
7506_sub0	0	5	3	2	0	0	3	2
7506_sub1	0	1	1	0	0	0	1	0
7527_sub0	0	1	0	1	0	0	0	1
7527_sub1	0	1	1	0	0	0	1	0
7527_sub2	0	1	1	0	0	0	1	0
7527_sub3	0	1	0	1	0	0	0	1
7527_sub4	0	1	1	0	0	0	1	0
7527_sub5	0	1	0	1	0	0	0	1
7537_sub0	1	10	5	5	5	5	0	0
7537_sub1	0	1	1	0	0	0	1	0
754_sub0	0	1	0	1	0	0	0	1
754_sub1	1	6	2	4	2	4	0	0
754_sub2	0	1	1	0	0	0	1	0
7543_sub0	0	1	1	0	0	0	1	0
7543_sub1	1	6	3	3	3	3	0	0
7543_sub2	0	1	0	1	0	0	0	1
7543_sub3	0	1	0	1	0	0	0	1
755_sub0	1	7	4	3	4	3	0	0
7556_sub0	0	4	3	1	0	0	3	1
7556_sub1	0	1	0	1	0	0	0	1
7556_sub2	0	1	1	0	0	0	1	0
7556_sub3	0	1	0	1	0	0	0	1
757_sub0	0	4	2	2	0	0	2	2
757_sub1	0	1	0	1	0	0	0	1
757_sub2	0	1	1	0	0	0	1	0
758_sub0	0	3	2	1	0	0	2	1
758_sub1	0	1	0	1	0	0	0	1
758_sub2	0	1	0	1	0	0	0	1
758_sub3	0	1	0	1	0	0	0	1
758_sub4	0	1	0	1	0	0	0	1
7580_sub0	0	1	1	0	0	0	1	0
7580_sub1	0	1	0	1	0	0	0	1
7580_sub2	0	1	0	1	0	0	0	1
7580_sub3	0	1	1	0	0	0	1	0
7580_sub4	0	1	0	1	0	0	0	1
7580_sub5	0	1	1	0	0	0	1	0
761_sub0	0	5	2	3	0	0	2	3
761_sub1	0	1	1	0	0	0	1	0
7611_sub0	1	7	1	6	1	6	0	0
7611_sub1	0	1	0	1	0	0	0	1
7611_sub2	0	1	0	1	0	0	0	1
7611_sub3	0	1	1	0	0	0	1	0
7648_sub0	0	1	0	1	0	0	0	1
7648_sub1	0	1	0	1	0	0	0	1
7648_sub2	0	1	0	1	0	0	0	1
7648_sub3	0	1	1	0	0	0	1	0
7648_sub4	0	1	0	1	0	0	0	1
7648_sub5	0	1	0	1	0	0	0	1
765_sub0	1	10	3	7	3	7	0	0
765_sub1	0	1	0	1	0	0	0	1
7651_sub0	0	1	1	0	0	0	1	0
7651_sub1	0	2	0	2	0	0	0	2
7651_sub2	0	1	0	1	0	0	0	1
7651_sub3	0	1	1	0	0	0	1	0
7651_sub4	0	1	1	0	0	0	1	0
7652_sub0	0	4	4	0	0	0	4	0
7652_sub1	0	1	1	0	0	0	1	0
7652_sub2	0	1	1	0	0	0	1	0
7652_sub3	0	1	1	0	0	0	1	0
7652_sub4	0	1	1	0	0	0	1	0
7694_sub0	0	1	1	0	0	0	1	0
7694_sub1	0	5	4	1	0	0	4	1
771_sub0	0	5	2	3	0	0	2	3
771_sub1	0	1	1	0	0	0	1	0
771_sub2	0	1	1	0	0	0	1	0
7714_sub0	0	1	1	0	0	0	1	0
7714_sub1	1	9	7	2	7	2	0	0
7714_sub2	0	1	1	0	0	0	1	0
7714_sub3	0	1	0	1	0	0	0	1
7714_sub4	0	1	0	1	0	0	0	1
7733_sub0	0	1	1	0	0	0	1	0
7733_sub1	0	5	3	2	0	0	3	2
7733_sub2	0	1	0	1	0	0	0	1
7787_sub0	1	6	1	5	1	5	0	0
7787_sub1	0	1	0	1	0	0	0	1
7787_sub2	0	1	1	0	0	0	1	0
78_sub0	0	1	1	0	0	0	1	0
78_sub1	0	1	1	0	0	0	1	0
78_sub2	0	1	0	1	0	0	0	1
78_sub3	0	1	1	0	0	0	1	0
78_sub4	0	1	0	1	0	0	0	1
78_sub5	0	1	0	1	0	0	0	1
78_sub6	0	1	0	1	0	0	0	1
78_sub7	0	1	0	1	0	0	0	1
78_sub8	0	1	0	1	0	0	0	1
78_sub9	0	1	1	0	0	0	1	0
784_sub0	1	7	4	3	4	3	0	0
784_sub1	0	1	0	1	0	0	0	1
784_sub2	0	1	1	0	0	0	1	0
784_sub3	0	1	0	1	0	0	0	1
7854_sub0	0	1	1	0	0	0	1	0
7854_sub1	1	6	3	3	3	3	0	0
7874_sub0	0	4	2	2	0	0	2	2
7874_sub1	0	1	0	1	0	0	0	1
7874_sub2	0	1	1	0	0	0	1	0
7887_sub0	1	7	4	3	4	3	0	0
7887_sub1	0	1	1	0	0	0	1	0
7887_sub2	0	1	1	0	0	0	1	0
7892_sub0	1	8	3	5	3	5	0	0
7892_sub1	0	1	1	0	0	0	1	0
7892_sub2	0	1	0	1	0	0	0	1
7894_sub0	0	1	1	0	0	0	1	0
7894_sub1	0	1	0	1	0	0	0	1
7894_sub2	0	1	1	0	0	0	1	0
7894_sub3	0	1	0	1	0	0	0	1
7894_sub4	0	1	1	0	0	0	1	0
7894_sub5	0	1	1	0	0	0	1	0
7900_sub0	0	2	2	0	0	0	2	0
7900_sub1	0	4	1	3	0	0	1	3
7900_sub2	0	1	1	0	0	0	1	0
7902_sub0	0	5	4	1	0	0	4	1
7902_sub1	0	1	1	0	0	0	1	0
7905_sub0	1	12	5	7	5	7	0	0
7906_sub0	0	4	4	0	0	0	4	0
7906_sub1	0	1	0	1	0	0	0	1
7906_sub2	0	1	1	0	0	0	1	0
792_sub0	0	1	0	1	0	0	0	1
792_sub1	1	13	6	7	6	7	0	0
7928_sub0	1	8	7	1	7	1	0	0
7930_sub0	0	1	0	1	0	0	0	1
7930_sub1	1	6	2	4	2	4	0	0
7930_sub2	0	1	0	1	0	0	0	1
7932_sub0	1	6	4	2	4	2	0	0
7932_sub1	0	1	0	1	0	0	0	1
7943_sub0	1	8	3	5	3	5	0	0
7943_sub1	0	1	0	1	0	0	0	1
7943_sub2	0	1	1	0	0	0	1	0
7943_sub3	0	1	0	1	0	0	0	1
796_sub0	0	1	1	0	0	0	1	0
796_sub1	0	1	0	1	0	0	0	1
796_sub2	0	1	1	0	0	0	1	0
796_sub3	0	1	1	0	0	0	1	0
796_sub4	0	1	0	1	0	0	0	1
796_sub5	0	2	0	2	0	0	0	2
7961_sub0	0	3	2	1	0	0	2	1
7961_sub1	0	1	1	0	0	0	1	0
7961_sub2	0	1	0	1	0	0	0	1
7961_sub3	0	1	0	1	0	0	0	1
7969_sub0	0	4	3	1	0	0	3	1
7969_sub1	0	1	1	0	0	0	1	0
7969_sub2	0	1	0	1	0	0	0	1
7975_sub0	0	5	1	4	0	0	1	4
7975_sub1	0	1	0	1	0	0	0	1
80_sub0	0	1	1	0	0	0	1	0
80_sub1	0	4	1	3	0	0	1	3
80_sub2	0	1	1	0	0	0	1	0
80_sub3	0	1	0	1	0	0	0	1
80_sub4	0	1	1	0	0	0	1	0
8003_sub0	0	1	0	1	0	0	0	1
8003_sub1	0	4	2	2	0	0	2	2
8003_sub2	0	1	1	0	0	0	1	0
8003_sub3	0	1	0	1	0	0	0	1
8003_sub4	0	1	1	0	0	0	1	0
8055_sub0	1	7	4	3	4	3	0	0
8055_sub1	0	1	0	1	0	0	0	1
8077_sub0	0	1	0	1	0	0	0	1
8077_sub1	1	8	2	6	2	6	0	0
8077_sub2	0	1	0	1	0	0	0	1
8079_sub0	0	1	1	0	0	0	1	0
8079_sub1	0	1	1	0	0	0	1	0
8079_sub2	0	5	2	3	0	0	2	3
8083_sub0	1	6	3	3	3	3	0	0
81_sub0	0	1	0	1	0	0	0	1
81_sub1	0	1	0	1	0	0	0	1
81_sub2	0	5	1	4	0	0	1	4
81_sub3	0	1	0	1	0	0	0	1
81_sub4	0	1	1	0	0	0	1	0
8107_sub0	0	1	1	0	0	0	1	0
8107_sub1	0	4	2	2	0	0	2	2
8107_sub2	0	1	0	1	0	0	0	1
8112_sub0	0	5	2	3	0	0	2	3
8112_sub1	0	1	0	1	0	0	0	1
812_sub0	0	5	1	4	0	0	1	4
812_sub1	0	1	1	0	0	0	1	0
8124_sub0	0	1	0	1	0	0	0	1
8124_sub1	0	5	2	3	0	0	2	3
8124_sub2	0	1	1	0	0	0	1	0
8129_sub0	0	1	0	1	0	0	0	1
8129_sub1	1	7	7	0	7	0	0	0
8129_sub2	0	1	0	1	0	0	0	1
8138_sub0	0	1	0	1	0	0	0	1
8138_sub1	1	6	4	2	4	2	0	0
8138_sub2	0	1	0	1	0	0	0	1
816_sub0	1	7	4	3	4	3	0	0
816_sub1	0	1	1	0	0	0	1	0
816_sub2	0	1	1	0	0	0	1	0
8167_sub0	0	4	1	3	0	0	1	3
8167_sub1	0	1	1	0	0	0	1	0
8167_sub2	0	1	1	0	0	0	1	0
8167_sub3	0	1	1	0	0	0	1	0
8170_sub0	0	1	1	0	0	0	1	0
8170_sub1	1	10	5	5	5	5	0	0
8172_sub0	0	4	1	3	0	0	1	3
8172_sub1	0	1	0	1	0	0	0	1
8172_sub2	0	1	0	1	0	0	0	1
8189_sub0	0	5	2	3	0	0	2	3
8189_sub1	0	1	0	1	0	0	0	1
8189_sub2	0	1	0	1	0	0	0	1
8190_sub0	0	5	3	2	0	0	3	2
8190_sub1	0	1	0	1	0	0	0	1
8190_sub2	0	1	1	0	0	0	1	0
8190_sub3	0	1	0	1	0	0	0	1
820_sub0	0	5	2	3	0	0	2	3
820_sub1	0	1	1	0	0	0	1	0
820_sub2	0	1	0	1	0	0	0	1
8211_sub0	1	7	6	1	6	1	0	0
8211_sub1	0	1	0	1	0	0	0	1
8213_sub0	1	6	5	1	5	1	0	0
822_sub0	0	4	0	4	0	0	0	4
822_sub1	0	1	1	0	0	0	1	0
822_sub2	0	1	0	1	0	0	0	1
822_sub3	0	1	0	1	0	0	0	1
822_sub4	0	1	1	0	0	0	1	0
822_sub5	0	1	1	0	0	0	1	0
8221_sub0	0	2	1	1	0	0	1	1
8221_sub1	0	1	1	0	0	0	1	0
8221_sub2	0	1	1	0	0	0	1	0
8221_sub3	0	1	0	1	0	0	0	1
8221_sub4	0	1	1	0	0	0	1	0
8245_sub0	0	4	3	1	0	0	3	1
8245_sub1	0	1	1	0	0	0	1	0
8245_sub2	0	1	1	0	0	0	1	0
8245_sub3	0	1	1	0	0	0	1	0
8245_sub4	0	1	1	0	0	0	1	0
8261_sub0	1	7	3	4	3	4	0	0
8277_sub0	0	5	3	2	0	0	3	2
8277_sub1	0	1	1	0	0	0	1	0
8277_sub2	0	1	0	1	0	0	0	1
8277_sub3	0	1	1	0	0	0	1	0
8279_sub0	1	8	1	7	1	7	0	0
8279_sub1	0	1	1	0	0	0	1	0
8279_sub2	0	1	0	1	0	0	0	1
828_sub0	1	12	7	5	7	5	0	0
828_sub1	0	1	0	1	0	0	0	1
828_sub2	0	1	0	1	0	0	0	1
828_sub3	0	1	1	0	0	0	1	0
828_sub4	0	1	0	1	0	0	0	1
8292_sub0	1	7	2	5	2	5	0	0
8292_sub1	0	1	1	0	0	0	1	0
838_sub0	0	5	2	3	0	0	2	3
838_sub1	0	1	1	0	0	0	1	0
838_sub2	0	1	0	1	0	0	0	1
8397_sub0	0	1	1	0	0	0	1	0
8397_sub1	1	6	3	3	3	3	0	0
841_sub0	0	1	1	0	0	0	1	0
841_sub1	0	1	1	0	0	0	1	0
841_sub2	1	8	4	4	4	4	0	0
844_sub0	1	8	2	6	2	6	0	0
844_sub1	0	1	0	1	0	0	0	1
844_sub2	0	1	0	1	0	0	0	1
844_sub3	0	1	0	1	0	0	0	1
844_sub4	0	1	0	1	0	0	0	1
8442_sub0	0	4	4	0	0	0	4	0
8442_sub1	0	1	1	0	0	0	1	0
8442_sub2	0	1	0	1	0	0	0	1
8442_sub3	0	1	1	0	0	0	1	0
8442_sub4	0	1	1	0	0	0	1	0
845_sub0	1	8	2	6	2	6	0	0
845_sub1	0	1	1	0	0	0	1	0
8453_sub0	0	4	3	1	0	0	3	1
8453_sub1	0	1	0	1	0	0	0	1
8453_sub2	0	1	1	0	0	0	1	0
8463_sub0	0	1	1	0	0	0	1	0
8463_sub1	0	1	1	0	0	0	1	0
8463_sub2	0	1	1	0	0	0	1	0
8463_sub3	0	1	1	0	0	0	1	0
8463_sub4	0	3	1	2	0	0	1	2
8463_sub5	0	1	0	1	0	0	0	1
8463_sub6	0	1	0	1	0	0	0	1
8474_sub0	1	9	6	3	6	3	0	0
8474_sub1	0	1	1	0	0	0	1	0
849_sub0	1	7	4	3	4	3	0	0
85_sub0	0	1	1	0	0	0	1	0
85_sub1	0	3	1	2	0	0	1	2
85_sub2	0	1	0	1	0	0	0	1
85_sub3	0	1	1	0	0	0	1	0
8526_sub0	0	1	0	1	0	0	0	1
8526_sub1	0	5	2	3	0	0	2	3
8526_sub2	0	1	1	0	0	0	1	0
8526_sub3	0	1	1	0	0	0	1	0
8526_sub4	0	1	1	0	0	0	1	0
8527_sub0	1	6	4	2	4	2	0	0
8527_sub1	0	1	0	1	0	0	0	1
8556_sub0	0	1	1	0	0	0	1	0
8556_sub1	0	1	1	0	0	0	1	0
8556_sub2	1	7	5	2	5	2	0	0
859_sub0	1	7	5	2	5	2	0	0
859_sub1	0	1	1	0	0	0	1	0
859_sub2	0	1	1	0	0	0	1	0
859_sub3	0	1	0	1	0	0	0	1
86_sub0	0	1	1	0	0	0	1	0
86_sub1	0	1	0	1	0	0	0	1
86_sub2	0	1	0	1	0	0	0	1
86_sub3	0	1	1	0	0	0	1	0
86_sub4	0	1	0	1	0	0	0	1
86_sub5	1	13	9	4	9	4	0	0
86_sub6	0	1	0	1	0	0	0	1
86_sub7	0	1	1	0	0	0	1	0
86_sub8	0	1	0	1	0	0	0	1
86_sub9	0	1	0	1	0	0	0	1
860_sub0	0	1	1	0	0	0	1	0
860_sub1	1	7	2	5	2	5	0	0
8635_sub0	0	1	0	1	0	0	0	1
8635_sub1	0	5	1	4	0	0	1	4
8635_sub2	0	1	0	1	0	0	0	1
866_sub0	0	1	0	1	0	0	0	1
866_sub1	0	1	1	0	0	0	1	0
866_sub2	0	1	1	0	0	0	1	0
866_sub3	0	5	2	3	0	0	2	3
8665_sub0	0	1	0	1	0	0	0	1
8665_sub1	1	7	3	4	3	4	0	0
8665_sub2	0	1	1	0	0	0	1	0
8665_sub3	0	1	1	0	0	0	1	0
8665_sub4	0	1	0	1	0	0	0	1
8669_sub0	0	4	0	4	0	0	0	4
8669_sub1	0	1	0	1	0	0	0	1
8669_sub2	0	1	1	0	0	0	1	0
8669_sub3	0	1	1	0	0	0	1	0
8672_sub0	0	1	1	0	0	0	1	0
8672_sub1	0	1	1	0	0	0	1	0
8672_sub2	0	1	1	0	0	0	1	0
8672_sub3	0	3	2	1	0	0	2	1
8712_sub0	0	1	1	0	0	0	1	0
8712_sub1	0	3	0	3	0	0	0	3
8712_sub2	0	1	0	1	0	0	0	1
8712_sub3	0	1	1	0	0	0	1	0
8714_sub0	0	1	0	1	0	0	0	1
8714_sub1	0	4	3	1	0	0	3	1
8714_sub2	0	1	1	0	0	0	1	0
8718_sub0	0	1	1	0	0	0	1	0
8718_sub1	0	5	2	3	0	0	2	3
8718_sub2	0	1	0	1	0	0	0	1
8718_sub3	0	1	0	1	0	0	0	1
8744_sub0	0	1	1	0	0	0	1	0
8744_sub1	0	4	1	3	0	0	1	3
8744_sub2	0	1	0	1	0	0	0	1
8751_sub0	1	8	3	5	3	5	0	0
8751_sub1	0	1	0	1	0	0	0	1
8751_sub2	0	1	0	1	0	0	0	1
8753_sub0	1	6	2	4	2	4	0	0
8753_sub1	0	1	0	1	0	0	0	1
8753_sub2	0	1	0	1	0	0	0	1
8753_sub3	0	1	1	0	0	0	1	0
8753_sub4	0	1	1	0	0	0	1	0
8753_sub5	0	1	1	0	0	0	1	0
8753_sub6	0	1	0	1	0	0	0	1
879_sub0	0	1	1	0	0	0	1	0
879_sub1	0	1	0	1	0	0	0	1
879_sub2	0	3	1	2	0	0	1	2
879_sub3	0	1	0	1	0	0	0	1
8801_sub0	1	8	7	1	7	1	0	0
8801_sub1	0	1	0	1	0	0	0	1
8801_sub2	0	1	0	1	0	0	0	1
8815_sub0	0	4	2	2	0	0	2	2
8815_sub1	0	1	0	1	0	0	0	1
8815_sub2	0	1	0	1	0	0	0	1
8815_sub3	0	1	0	1	0	0	0	1
884_sub0	0	1	0	1	0	0	0	1
884_sub1	1	7	3	4	3	4	0	0
8866_sub0	0	1	1	0	0	0	1	0
8866_sub1	0	2	1	1	0	0	1	1
8866_sub2	0	1	1	0	0	0	1	0
8866_sub3	0	1	0	1	0	0	0	1
8866_sub4	0	1	0	1	0	0	0	1
887_sub0	0	1	0	1	0	0	0	1
887_sub1	0	1	0	1	0	0	0	1
887_sub2	0	1	0	1	0	0	0	1
887_sub3	0	1	0	1	0	0	0	1
887_sub4	0	1	1	0	0	0	1	0
887_sub5	0	1	1	0	0	0	1	0
8872_sub0	0	1	1	0	0	0	1	0
8872_sub1	0	1	1	0	0	0	1	0
8872_sub2	1	10	8	2	8	2	0	0
8884_sub0	0	2	2	0	0	0	2	0
8884_sub1	0	3	0	3	0	0	0	3
8884_sub2	0	1	0	1	0	0	0	1
8884_sub3	0	1	0	1	0	0	0	1
8935_sub0	1	7	4	3	4	3	0	0
8935_sub1	0	1	0	1	0	0	0	1
8935_sub2	0	1	0	1	0	0	0	1
8935_sub3	0	1	1	0	0	0	1	0
8935_sub4	0	1	1	0	0	0	1	0
8938_sub0	0	1	0	1	0	0	0	1
8938_sub1	0	1	0	1	0	0	0	1
8938_sub2	0	1	0	1	0	0	0	1
8938_sub3	0	5	3	2	0	0	3	2
895_sub0	1	8	4	4	4	4	0	0
895_sub1	0	1	0	1	0	0	0	1
895_sub2	0	1	0	1	0	0	0	1
8951_sub0	0	5	3	2	0	0	3	2
8951_sub1	0	1	0	1	0	0	0	1
8951_sub2	0	1	0	1	0	0	0	1
8951_sub3	0	1	0	1	0	0	0	1
8951_sub4	0	1	0	1	0	0	0	1
8951_sub5	0	1	0	1	0	0	0	1
8973_sub0	0	1	1	0	0	0	1	0
8973_sub1	0	2	1	1	0	0	1	1
8973_sub2	0	1	1	0	0	0	1	0
8973_sub3	0	1	0	1	0	0	0	1
8973_sub4	0	1	0	1	0	0	0	1
899_sub0	0	5	2	3	0	0	2	3
899_sub1	0	1	1	0	0	0	1	0
899_sub2	0	1	1	0	0	0	1	0
899_sub3	0	1	1	0	0	0	1	0
8990_sub0	0	3	0	3	0	0	0	3
8990_sub1	0	1	1	0	0	0	1	0
8990_sub2	0	1	0	1	0	0	0	1
8990_sub3	0	1	0	1	0	0	0	1
8990_sub4	0	1	0	1	0	0	0	1
8997_sub0	0	5	2	3	0	0	2	3
8997_sub1	0	1	1	0	0	0	1	0
9028_sub0	1	6	3	3	3	3	0	0
905_sub0	0	1	1	0	0	0	1	0
905_sub1	1	8	2	6	2	6	0	0
9056_sub0	0	1	0	1	0	0	0	1
9056_sub1	0	1	1	0	0	0	1	0
9056_sub2	0	1	1	0	0	0	1	0
9056_sub3	0	3	0	3	0	0	0	3
908_sub0	1	7	4	3	4	3	0	0
908_sub1	0	1	1	0	0	0	1	0
908_sub2	0	1	1	0	0	0	1	0
91_sub0	0	1	1	0	0	0	1	0
91_sub1	0	1	1	0	0	0	1	0
91_sub2	0	1	0	1	0	0	0	1
91_sub3	0	4	2	2	0	0	2	2
91_sub4	0	1	1	0	0	0	1	0
91_sub5	0	1	1	0	0	0	1	0
910_sub0	0	3	1	2	0	0	1	2
910_sub1	0	1	1	0	0	0	1	0
910_sub2	0	1	0	1	0	0	0	1
910_sub3	0	1	1	0	0	0	1	0
912_sub0	0	1	0	1	0	0	0	1
912_sub1	0	1	1	0	0	0	1	0
912_sub2	0	1	1	0	0	0	1	0
912_sub3	0	1	0	1	0	0	0	1
912_sub4	0	1	1	0	0	0	1	0
912_sub5	0	1	0	1	0	0	0	1
912_sub6	0	1	0	1	0	0	0	1
9128_sub0	1	9	5	4	5	4	0	0
9128_sub1	0	1	1	0	0	0	1	0
9128_sub2	0	1	1	0	0	0	1	0
9167_sub0	0	5	4	1	0	0	4	1
9167_sub1	0	1	0	1	0	0	0	1
9167_sub2	0	1	1	0	0	0	1	0
9185_sub0	0	1	1	0	0	0	1	0
9185_sub1	0	4	3	1	0	0	3	1
9185_sub2	0	1	0	1	0	0	0	1
919_sub0	0	1	0	1	0	0	0	1
919_sub1	0	1	1	0	0	0	1	0
919_sub2	0	1	1	0	0	0	1	0
919_sub3	1	7	6	1	6	1	0	0
92_sub0	0	1	0	1	0	0	0	1
92_sub1	0	1	1	0	0	0	1	0
92_sub2	0	4	2	2	0	0	2	2
92_sub3	0	1	0	1	0	0	0	1
9204_sub0	1	6	4	2	4	2	0	0
9204_sub1	0	1	0	1	0	0	0	1
924_sub0	0	1	0	1	0	0	0	1
924_sub1	0	1	0	1	0	0	0	1
924_sub2	1	7	3	4	3	4	0	0
9264_sub0	0	1	1	0	0	0	1	0
9264_sub1	0	4	1	3	0	0	1	3
9264_sub2	0	1	0	1	0	0	0	1
927_sub0	0	1	0	1	0	0	0	1
927_sub1	0	1	0	1	0	0	0	1
927_sub2	0	1	1	0	0	0	1	0
927_sub3	0	4	0	4	0	0	0	4
927_sub4	0	1	1	0	0	0	1	0
932_sub0	0	1	0	1	0	0	0	1
932_sub1	0	1	0	1	0	0	0	1
932_sub2	0	1	1	0	0	0	1	0
932_sub3	0	1	0	1	0	0	0	1
932_sub4	0	1	0	1	0	0	0	1
932_sub5	0	1	1	0	0	0	1	0
9347_sub0	1	7	3	4	3	4	0	0
9347_sub1	0	1	0	1	0	0	0	1
9350_sub0	0	5	3	2	0	0	3	2
9350_sub1	0	1	1	0	0	0	1	0
9358_sub0	0	4	1	3	0	0	1	3
9358_sub1	0	1	0	1	0	0	0	1
9358_sub2	0	1	0	1	0	0	0	1
9360_sub0	0	5	2	3	0	0	2	3
9360_sub1	0	1	1	0	0	0	1	0
9360_sub2	0	1	0	1	0	0	0	1
9363_sub0	1	7	4	3	4	3	0	0
9363_sub1	0	1	1	0	0	0	1	0
9382_sub0	0	1	0	1	0	0	0	1
9382_sub1	0	1	0	1	0	0	0	1
9382_sub2	0	1	1	0	0	0	1	0
9382_sub3	0	1	1	0	0	0	1	0
9382_sub4	0	1	0	1	0	0	0	1
9382_sub5	0	1	1	0	0	0	1	0
9389_sub0	0	1	1	0	0	0	1	0
9389_sub1	1	6	4	2	4	2	0	0
939_sub0	0	4	3	1	0	0	3	1
939_sub1	0	1	0	1	0	0	0	1
939_sub2	0	1	0	1	0	0	0	1
939_sub3	0	1	0	1	0	0	0	1
94_sub0	0	1	0	1	0	0	0	1
94_sub1	0	1	1	0	0	0	1	0
94_sub2	0	5	1	4	0	0	1	4
94_sub3	0	1	1	0	0	0	1	0
941_sub0	0	1	1	0	0	0	1	0
941_sub1	1	9	6	3	6	3	0	0
941_sub2	0	1	0	1	0	0	0	1
941_sub3	0	1	0	1	0	0	0	1
941_sub4	0	1	0	1	0	0	0	1
942_sub0	0	5	4	1	0	0	4	1
942_sub1	0	1	0	1	0	0	0	1
942_sub2	0	1	0	1	0	0	0	1
942_sub3	0	1	0	1	0	0	0	1
942_sub4	0	1	1	0	0	0	1	0
942_sub5	0	1	0	1	0	0	0	1
942_sub6	0	1	1	0	0	0	1	0
942_sub7	0	1	0	1	0	0	0	1
944_sub0	1	10	4	6	4	6	0	0
944_sub1	0	1	0	1	0	0	0	1
9445_sub0	0	5	2	3	0	0	2	3
9445_sub1	0	1	0	1	0	0	0	1
946_sub0	0	1	1	0	0	0	1	0
946_sub1	1	7	6	1	6	1	0	0
946_sub2	0	1	0	1	0	0	0	1
946_sub3	0	1	0	1	0	0	0	1
9472_sub0	0	1	0	1	0	0	0	1
9472_sub1	0	4	1	3	0	0	1	3
9472_sub2	0	1	1	0	0	0	1	0
948_sub0	1	8	1	7	1	7	0	0
948_sub1	0	1	0	1	0	0	0	1
948_sub2	0	1	1	0	0	0	1	0
9480_sub0	0	1	0	1	0	0	0	1
9480_sub1	0	5	4	1	0	0	4	1
9499_sub0	0	4	1	3	0	0	1	3
9499_sub1	0	1	1	0	0	0	1	0
9499_sub2	0	1	1	0	0	0	1	0
957_sub0	1	7	3	4	3	4	0	0
957_sub1	0	1	1	0	0	0	1	0
9576_sub0	1	6	2	4	2	4	0	0
9577_sub0	0	4	2	2	0	0	2	2
9577_sub1	0	1	1	0	0	0	1	0
9577_sub2	0	1	0	1	0	0	0	1
9577_sub3	0	1	0	1	0	0	0	1
9577_sub4	0	1	0	1	0	0	0	1
9596_sub0	0	1	0	1	0	0	0	1
9596_sub1	0	5	2	3	0	0	2	3
9596_sub2	0	1	1	0	0	0	1	0
9596_sub3	0	1	0	1	0	0	0	1
9596_sub4	0	1	1	0	0	0	1	0
9596_sub5	0	1	0	1	0	0	0	1
960_sub0	0	1	1	0	0	0	1	0
960_sub1	1	6	1	5	1	5	0	0
9607_sub0	0	1	1	0	0	0	1	0
9607_sub1	1	9	5	4	5	4	0	0
9617_sub0	0	1	0	1	0	0	0	1
9617_sub1	1	6	4	2	4	2	0	0
9617_sub2	0	1	0	1	0	0	0	1
9634_sub0	1	6	5	1	5	1	0	0
9634_sub1	0	1	1	0	0	0	1	0
9636_sub0	0	5	1	4	0	0	1	4
9636_sub1	0	1	1	0	0	0	1	0
967_sub0	1	9	3	6	3	6	0	0
967_sub1	0	1	1	0	0	0	1	0
9684_sub0	0	1	0	1	0	0	0	1
9684_sub1	0	1	1	0	0	0	1	0
9684_sub2	0	1	1	0	0	0	1	0
9684_sub3	0	1	1	0	0	0	1	0
9684_sub4	0	1	1	0	0	0	1	0
9684_sub5	0	1	1	0	0	0	1	0
9699_sub0	0	3	1	2	0	0	1	2
9699_sub1	0	1	0	1	0	0	0	1
9699_sub2	0	1	1	0	0	0	1	0
9699_sub3	0	1	1	0	0	0	1	0
9716_sub0	0	1	0	1	0	0	0	1
9716_sub1	0	1	0	1	0	0	0	1
9716_sub2	0	1	0	1	0	0	0	1
9716_sub3	0	1	1	0	0	0	1	0
9716_sub4	0	1	1	0	0	0	1	0
9716_sub5	0	1	1	0	0	0	1	0
9735_sub0	0	2	1	1	0	0	1	1
9735_sub1	0	1	1	0	0	0	1	0
9735_sub2	0	1	1	0	0	0	1	0
9735_sub3	0	1	1	0	0	0	1	0
9735_sub4	0	1	1	0	0	0	1	0
974_sub0	0	1	1	0	0	0	1	0
974_sub1	0	1	1	0	0	0	1	0
974_sub2	0	1	0	1	0	0	0	1
974_sub3	0	2	0	2	0	0	0	2
974_sub4	0	1	0	1	0	0	0	1
9747_sub0	0	5	3	2	0	0	3	2
9747_sub1	0	1	1	0	0	0	1	0
9747_sub2	0	1	0	1	0	0	0	1
9747_sub3	0	1	0	1	0	0	0	1
975_sub0	1	14	6	8	6	8	0	0
975_sub1	0	1	1	0	0	0	1	0
975_sub2	0	1	0	1	0	0	0	1
975_sub3	0	1	1	0	0	0	1	0
975_sub4	0	1	1	0	0	0	1	0
977_sub0	1	13	9	4	9	4	0	0
977_sub1	0	1	0	1	0	0	0	1
9787_sub0	0	5	3	2	0	0	3	2
9787_sub1	0	1	0	1	0	0	0	1
980_sub0	0	3	0	3	0	0	0	3
980_sub1	0	1	1	0	0	0	1	0
980_sub2	0	1	0	1	0	0	0	1
980_sub3	0	1	0	1	0	0	0	1
9802_sub0	0	4	1	3	0	0	1	3
9802_sub1	0	1	1	0	0	0	1	0
9802_sub2	0	1	0	1	0	0	0	1
9802_sub3	0	1	0	1	0	0	0	1
9805_sub0	0	1	0	1	0	0	0	1
9805_sub1	0	5	4	1	0	0	4	1
9819_sub0	0	1	1	0	0	0	1	0
9819_sub1	0	1	0	1	0	0	0	1
9819_sub2	0	1	1	0	0	0	1	0
9819_sub3	0	1	0	1	0	0	0	1
9819_sub4	0	1	0	1	0	0	0	1
9819_sub5	0	1	0	1	0	0	0	1
982_sub0	0	1	0	1	0	0	0	1
982_sub1	0	1	1	0	0	0	1	0
982_sub2	0	1	0	1	0	0	0	1
982_sub3	1	9	7	2	7	2	0	0
9834_sub0	1	6	4	2	4	2	0	0
9839_sub0	1	6	4	2	4	2	0	0
9839_sub1	0	1	1	0	0	0	1	0
984_sub0	0	1	1	0	0	0	1	0
984_sub1	1	9	3	6	3	6	0	0
99_sub0	0	1	1	0	0	0	1	0
99_sub1	0	1	1	0	0	0	1	0
99_sub2	0	1	1	0	0	0	1	0
99_sub3	0	4	3	1	0	0	3	1
99_sub4	0	1	0	1	0	0	0	1
9905_sub0	0	1	0	1	0	0	0	1
9905_sub1	0	5	4	1	0	0	4	1
9905_sub2	0	1	1	0	0	0	1	0
993_sub0	0	5	3	2	0	0	3	2
993_sub1	0	1	1	0	0	0	1	0
9941_sub0	1	8	1	7	1	7	0	0
995_sub0	1	9	6	3	6	3	0	0
