index	seqName	clade	clade_display	clade_who	clade_nextstrain	partiallyAliased	Nextclade_pango	qc.overallScore	qc.overallStatus	totalSubstitutions	totalDeletions	totalInsertions	totalFrameShifts	totalMissing	totalNonACGTNs	totalAminoacidSubstitutions	totalAminoacidDeletions	totalAminoacidInsertions	totalUnknownAa	alignmentScore	alignmentStart	alignmentEnd	coverage	cdsCoverage	isReverseComplement	substitutions	deletions	insertions	frameShifts	aaSubstitutions	aaDeletions	aaInsertions	privateNucMutations.reversionSubstitutions	privateNucMutations.labeledSubstitutions	privateNucMutations.unlabeledSubstitutions	privateNucMutations.totalReversionSubstitutions	privateNucMutations.totalLabeledSubstitutions	privateNucMutations.totalUnlabeledSubstitutions	privateNucMutations.totalPrivateSubstitutions	missing	founderMuts['clade'].nodeName	founderMuts['clade'].substitutions	founderMuts['clade'].deletions	founderMuts['clade'].aaSubstitutions	founderMuts['clade'].aaDeletions	founderMuts['Nextclade_pango'].nodeName	founderMuts['Nextclade_pango'].substitutions	founderMuts['Nextclade_pango'].deletions	founderMuts['Nextclade_pango'].aaSubstitutions	founderMuts['Nextclade_pango'].aaDeletions	relativeMutations['JN.1 (24A)'].nodeName	relativeMutations['JN.1 (24A)'].substitutions	relativeMutations['JN.1 (24A)'].deletions	relativeMutations['JN.1 (24A)'].aaSubstitutions	relativeMutations['JN.1 (24A)'].aaDeletions	relativeMutations['XBB.1.5 (23A)'].nodeName	relativeMutations['XBB.1.5 (23A)'].substitutions	relativeMutations['XBB.1.5 (23A)'].deletions	relativeMutations['XBB.1.5 (23A)'].aaSubstitutions	relativeMutations['XBB.1.5 (23A)'].aaDeletions	unknownAaRanges	nonACGTNs	qc.missingData.missingDataThreshold	qc.missingData.score	qc.missingData.status	qc.missingData.totalMissing	qc.mixedSites.mixedSitesThreshold	qc.mixedSites.score	qc.mixedSites.status	qc.mixedSites.totalMixedSites	qc.privateMutations.cutoff	qc.privateMutations.excess	qc.privateMutations.score	qc.privateMutations.status	qc.privateMutations.total	qc.snpClusters.clusteredSNPs	qc.snpClusters.score	qc.snpClusters.status	qc.snpClusters.totalSNPs	qc.frameShifts.frameShifts	qc.frameShifts.totalFrameShifts	qc.frameShifts.frameShiftsIgnored	qc.frameShifts.totalFrameShiftsIgnored	qc.frameShifts.score	qc.frameShifts.status	qc.stopCodons.stopCodons	qc.stopCodons.totalStopCodons	qc.stopCodons.score	qc.stopCodons.status	totalPcrPrimerChanges	pcrPrimerChanges	failedCdses	warnings	errors
7	827_sub0	21J	21J (Delta)	Delta	21J	B.1.617.2.4	AY.4	56.250000	mediocre	13	6	1	1	0	0	2	0	0	1274	18401	20678	26839	0.206066280975153	E:1,M:0.47085201793721976,ORF1b:0.1083086053412463,ORF3a:1,S:0.0007849293563579278	false	T21441C,C21618G,C21846T,G21987A,T22917G,C22995A,A23403G,C23604G,C23987T,G24410A,G24914T,C25469T,T26767C	22029-22034	21565:T	S:2-1274	M:I82T,ORF3a:S26L					T21441C,C23987T,G24914T	0	0	3	3		NODE_0000627	T21441C,C21846T,C23987T,G24914T				NODE_0000676	T21441C,C23987T,G24914T				N/A	N/A	N/A	N/A	N/A	N/A	N/A	N/A	N/A	N/A	ORF1b:2404,S:2-1274		3000	0	good	0	10	0	good	0	24	-5	0	good	3		0	good	0	S:2-1274	1		0	75	mediocre		0	0	good	0		ORF1a,ORF6,ORF7a,ORF7b,ORF8,N,ORF9b	"When processing gene ""ORF1a"": The extracted gene sequence is empty or consists entirely from gaps;When processing gene ""ORF6"": The extracted gene sequence is empty or consists entirely from gaps;When processing gene ""ORF7a"": The extracted gene sequence is empty or consists entirely from gaps;When processing gene ""ORF7b"": The extracted gene sequence is empty or consists entirely from gaps;When processing gene ""ORF8"": The extracted gene sequence is empty or consists entirely from gaps;When processing gene ""N"": The extracted gene sequence is empty or consists entirely from gaps;When processing gene ""ORF9b"": The extracted gene sequence is empty or consists entirely from gaps"	
12	7212_sub0	21J	21J (Delta)	Delta	21J	B.1.617.2.4	AY.4	56.250000	mediocre	14	7	0	1	0	0	7	3	0	920	18393	20678	26839	0.206066280975153	E:1,M:0.47085201793721976,ORF1b:0.1083086053412463,ORF3a:1,S:0.27864992150706436	false	T21011C,C21618G,C21846T,G21987A,T22917G,C22995A,A23403G,C23604G,G23611A,C23987T,G24410A,G24914T,C25469T,T26767C	22029-22034,22626		S:356-1274	M:I82T,ORF1b:V2515A,ORF3a:S26L,S:T19R,S:T95I,S:G142D,S:R158G	S:E156-,S:F157-,S:R355-				T21011C,G23611A,C23987T,G24914T	0	0	4	4		NODE_0000627	T21011C,C21846T,G23611A,C23987T,G24914T	22626	ORF1b:V2515A,S:T95I	S:R355-	NODE_0000676	T21011C,G23611A,C23987T,G24914T	22626	ORF1b:V2515A	S:R355-	N/A	N/A	N/A	N/A	N/A	N/A	N/A	N/A	N/A	N/A	ORF1b:2404,S:356-1274		3000	0	good	0	10	0	good	0	24	-3	0	good	5		0	good	0	S:356-1274	1		0	75	mediocre		0	0	good	0		ORF1a,ORF6,ORF7a,ORF7b,ORF8,N,ORF9b	"When processing gene ""ORF1a"": The extracted gene sequence is empty or consists entirely from gaps;When processing gene ""ORF6"": The extracted gene sequence is empty or consists entirely from gaps;When processing gene ""ORF7a"": The extracted gene sequence is empty or consists entirely from gaps;When processing gene ""ORF7b"": The extracted gene sequence is empty or consists entirely from gaps;When processing gene ""ORF8"": The extracted gene sequence is empty or consists entirely from gaps;When processing gene ""N"": The extracted gene sequence is empty or consists entirely from gaps;When processing gene ""ORF9b"": The extracted gene sequence is empty or consists entirely from gaps"	
3	672_sub0	21J	21J (Delta)	Delta	21J	B.1.617.2.4	AY.4	225	bad	15	6	1	2	0	0	6	3	0	1327	18387	20678	26839	0.206066280975153	E:1,M:0.47085201793721976,ORF1b:0.030415430267062313,ORF3a:1,S:0.12401883830455258	false	T20817C,C21618G,C21846T,G21987A,T22917G,C22995A,A23403G,C23604G,C23987T,G24410A,G24914T,T25138C,C25469T,G26350A,T26767C	20925,22031-22035	26493:T	ORF1b:2487-2696,S:159-1274	E:A36T,M:I82T,ORF3a:S26L,S:T19R,S:T95I,S:G142D	ORF1b:L2486-,S:F157-,S:R158-				T20817C,C23987T,G24914T,T25138C,G26350A	0	0	5	5		NODE_0000627	T20817C,C21846T,C23987T,G24914T,T25138C,G26350A	20925,22035	E:A36T,S:T95I,S:-156E	ORF1b:L2486-,S:G158-	NODE_0000676	T20817C,C23987T,G24914T,T25138C,G26350A	20925,22035	E:A36T,S:-156E	ORF1b:L2486-,S:G158-	N/A	N/A	N/A	N/A	N/A	N/A	N/A	N/A	N/A	N/A	ORF1b:2404,ORF1b:2487-2696,S:159-1274		3000	0	good	0	10	0	good	0	24	-1	0	good	7		0	good	0	ORF1b:2487-2696,S:159-1274	2		0	150	bad		0	0	good	0		ORF1a,ORF6,ORF7a,ORF7b,ORF8,N,ORF9b	"When processing gene ""ORF1a"": The extracted gene sequence is empty or consists entirely from gaps;When processing gene ""ORF6"": The extracted gene sequence is empty or consists entirely from gaps;When processing gene ""ORF7a"": The extracted gene sequence is empty or consists entirely from gaps;When processing gene ""ORF7b"": The extracted gene sequence is empty or consists entirely from gaps;When processing gene ""ORF8"": The extracted gene sequence is empty or consists entirely from gaps;When processing gene ""N"": The extracted gene sequence is empty or consists entirely from gaps;When processing gene ""ORF9b"": The extracted gene sequence is empty or consists entirely from gaps"	
2	86_sub0	21J	21J (Delta)	Delta	21J	B.1.617.2.4	AY.4	56.250000	mediocre	12	4	0	1	0	0	5	2	0	1118	18418	20678	26839	0.206066280975153	E:1,M:0.47085201793721976,ORF1b:0.1083086053412463,ORF3a:1,S:0.12323390894819466	false	C21618G,C21846T,G21987A,T22917G,C22995A,A23403G,C23604G,C23987T,G24410A,G24914T,C25469T,T26767C	22030-22033		S:158-1274	M:I82T,ORF3a:S26L,S:T19R,S:T95I,S:G142D	S:E156-,S:F157-				C23987T,G24914T	0	0	2	2		NODE_0000627	C21846T,C23987T,G24914T		S:T95I		NODE_0000676	C23987T,G24914T				N/A	N/A	N/A	N/A	N/A	N/A	N/A	N/A	N/A	N/A	ORF1b:2404,S:158-1274		3000	0	good	0	10	0	good	0	24	-6	0	good	2		0	good	0	S:158-1274	1		0	75	mediocre		0	0	good	0		ORF1a,ORF6,ORF7a,ORF7b,ORF8,N,ORF9b	"When processing gene ""ORF1a"": The extracted gene sequence is empty or consists entirely from gaps;When processing gene ""ORF6"": The extracted gene sequence is empty or consists entirely from gaps;When processing gene ""ORF7a"": The extracted gene sequence is empty or consists entirely from gaps;When processing gene ""ORF7b"": The extracted gene sequence is empty or consists entirely from gaps;When processing gene ""ORF8"": The extracted gene sequence is empty or consists entirely from gaps;When processing gene ""N"": The extracted gene sequence is empty or consists entirely from gaps;When processing gene ""ORF9b"": The extracted gene sequence is empty or consists entirely from gaps"	
8	7195_sub0	21J	21J (Delta)	Delta	21J	B.1.617.2.4	AY.4	56.250000	mediocre	14	15	0	1	0	0	4	5	0	945	18363	20678	26839	0.206066280975153	E:1,M:0.47085201793721976,ORF1b:0.1083086053412463,ORF3a:1,S:0.25902668759811615	false	C21618G,G21624A,C21846T,G21987A,T22917G,C22995A,A23403G,C23604G,T23953C,C23987T,G24410A,G24914T,C25469T,T26767C	21626-21633,22029-22034,24467		S:25-968	M:I82T,ORF3a:S26L,S:T19R,S:D1118Y	S:R21-,S:T22-,S:Q23-,S:L24-,S:N969-				G21624A,T23953C,C23987T,G24914T	0	0	4	4		NODE_0000627	G21624A,C21846T,T23953C,C23987T,G24914T	21626-21633,24467	S:D1118Y	S:R21-,S:T22-,S:Q23-,S:L24-,S:N969-	NODE_0000676	G21624A,T23953C,C23987T,G24914T	21626-21633,24467	S:D1118Y	S:R21-,S:T22-,S:Q23-,S:L24-,S:N969-	N/A	N/A	N/A	N/A	N/A	N/A	N/A	N/A	N/A	N/A	ORF1b:2404,S:25-968		3000	0	good	0	10	0	good	0	24	-2	0	good	6		0	good	0	S:25-968	1		0	75	mediocre		0	0	good	0		ORF1a,ORF6,ORF7a,ORF7b,ORF8,N,ORF9b	"When processing gene ""ORF1a"": The extracted gene sequence is empty or consists entirely from gaps;When processing gene ""ORF6"": The extracted gene sequence is empty or consists entirely from gaps;When processing gene ""ORF7a"": The extracted gene sequence is empty or consists entirely from gaps;When processing gene ""ORF7b"": The extracted gene sequence is empty or consists entirely from gaps;When processing gene ""ORF8"": The extracted gene sequence is empty or consists entirely from gaps;When processing gene ""N"": The extracted gene sequence is empty or consists entirely from gaps;When processing gene ""ORF9b"": The extracted gene sequence is empty or consists entirely from gaps"	
14	7920_sub0	21J	21J (Delta)	Delta	21J	B.1.617.2.4	AY.4	0	good	14	9	0	0	0	0	15	3	0	1	18388	20678	26839	0.206066280975153	E:1,M:0.47085201793721976,ORF1b:0.1083086053412463,ORF3a:1,S:1	false	C21335T,C21618G,C21846T,G21987A,T22917G,C22995A,A23403G,C23604G,C23987T,C24183T,G24410A,G24914T,C25469T,T26767C	20713-20715,22029-22034			M:I82T,ORF1b:A2623V,ORF3a:S26L,S:T19R,S:T95I,S:G142D,S:R158G,S:L452R,S:T478K,S:D614G,S:P681R,S:P809S,S:T874I,S:D950N,S:D1118Y	ORF1b:R2416-,S:E156-,S:F157-				C21335T,C23987T,C24183T,G24914T	0	0	4	4		NODE_0000627	C21335T,C21846T,C23987T,C24183T,G24914T	20713-20715	ORF1b:A2623V,S:T95I,S:P809S,S:T874I,S:D1118Y	ORF1b:R2416-	NODE_0000676	C21335T,C23987T,C24183T,G24914T	20713-20715	ORF1b:A2623V,S:P809S,S:T874I,S:D1118Y	ORF1b:R2416-	N/A	N/A	N/A	N/A	N/A	N/A	N/A	N/A	N/A	N/A	ORF1b:2404		3000	0	good	0	10	0	good	0	24	-3	0	good	5		0	good	0		0		0	0	good		0	0	good	0		ORF1a,ORF6,ORF7a,ORF7b,ORF8,N,ORF9b	"When processing gene ""ORF1a"": The extracted gene sequence is empty or consists entirely from gaps;When processing gene ""ORF6"": The extracted gene sequence is empty or consists entirely from gaps;When processing gene ""ORF7a"": The extracted gene sequence is empty or consists entirely from gaps;When processing gene ""ORF7b"": The extracted gene sequence is empty or consists entirely from gaps;When processing gene ""ORF8"": The extracted gene sequence is empty or consists entirely from gaps;When processing gene ""N"": The extracted gene sequence is empty or consists entirely from gaps;When processing gene ""ORF9b"": The extracted gene sequence is empty or consists entirely from gaps"	
5	7983_sub0	21J	21J (Delta)	Delta	21J	B.1.617.2.4	AY.4	0	good	13	6	0	0	0	0	14	2	0	1	18408	20678	26839	0.206066280975153	E:1,M:0.47085201793721976,ORF1b:0.1083086053412463,ORF3a:1,S:1	false	C21618G,C21846T,G21987A,T22917G,C22995A,A23403G,C23604G,C23987T,G24410A,G24914T,C25469T,G25907A,T26767C	22029-22034			M:I82T,ORF3a:S26L,ORF3a:G172D,S:T19R,S:T95I,S:G142D,S:R158G,S:L452R,S:T478K,S:D614G,S:P681R,S:P809S,S:D950N,S:D1118Y	S:E156-,S:F157-				C23987T,G24914T,G25907A	0	0	3	3		NODE_0000627	C21846T,C23987T,G24914T,G25907A		ORF3a:G172D,S:T95I,S:P809S,S:D1118Y		NODE_0000676	C23987T,G24914T,G25907A		ORF3a:G172D,S:P809S,S:D1118Y		N/A	N/A	N/A	N/A	N/A	N/A	N/A	N/A	N/A	N/A	ORF1b:2404		3000	0	good	0	10	0	good	0	24	-5	0	good	3		0	good	0		0		0	0	good		0	0	good	0		ORF1a,ORF6,ORF7a,ORF7b,ORF8,N,ORF9b	"When processing gene ""ORF1a"": The extracted gene sequence is empty or consists entirely from gaps;When processing gene ""ORF6"": The extracted gene sequence is empty or consists entirely from gaps;When processing gene ""ORF7a"": The extracted gene sequence is empty or consists entirely from gaps;When processing gene ""ORF7b"": The extracted gene sequence is empty or consists entirely from gaps;When processing gene ""ORF8"": The extracted gene sequence is empty or consists entirely from gaps;When processing gene ""N"": The extracted gene sequence is empty or consists entirely from gaps;When processing gene ""ORF9b"": The extracted gene sequence is empty or consists entirely from gaps"	
10	922_sub0	21J	21J (Delta)	Delta	21J	B.1.617.2.4	AY.4	56.250000	mediocre	14	6	1	1	0	0	6	0	0	1120	18397	20678	26839	0.206066280975153	E:1,M:0.47085201793721976,ORF1b:0.1083086053412463,ORF3a:1,S:0.12166405023547881	false	G21044A,C21618G,C21846T,G21987A,T22917G,C22995A,A23403G,C23604G,C23987T,G24410A,G24914T,C25156G,C25469T,T26767C	22032-22037	22027:G	S:156-1274	M:I82T,ORF1b:S2526N,ORF3a:S26L,S:T19R,S:T95I,S:G142D					G21044A,C23987T,G24914T,C25156G	0	0	4	4		NODE_0000627	G21044A,C21846T,C23987T,G24914T,C25156G	22035-22037	ORF1b:S2526N,S:T95I		NODE_0000676	G21044A,C23987T,G24914T,C25156G	22035-22037	ORF1b:S2526N		N/A	N/A	N/A	N/A	N/A	N/A	N/A	N/A	N/A	N/A	ORF1b:2404,S:156-1274		3000	0	good	0	10	0	good	0	24	-3	0	good	5		0	good	0	S:156-1274	1		0	75	mediocre		0	0	good	0		ORF1a,ORF6,ORF7a,ORF7b,ORF8,N,ORF9b	"When processing gene ""ORF1a"": The extracted gene sequence is empty or consists entirely from gaps;When processing gene ""ORF6"": The extracted gene sequence is empty or consists entirely from gaps;When processing gene ""ORF7a"": The extracted gene sequence is empty or consists entirely from gaps;When processing gene ""ORF7b"": The extracted gene sequence is empty or consists entirely from gaps;When processing gene ""ORF8"": The extracted gene sequence is empty or consists entirely from gaps;When processing gene ""N"": The extracted gene sequence is empty or consists entirely from gaps;When processing gene ""ORF9b"": The extracted gene sequence is empty or consists entirely from gaps"	
4	784_sub0	21J	21J (Delta)	Delta	21J	B.1.617.2.4	AY.4	56.250000	mediocre	12	5	0	1	0	0	5	2	0	1118	18407	20678	26839	0.206066280975153	E:1,M:0.47085201793721976,ORF1b:0.1083086053412463,ORF3a:1,S:0.12323390894819466	false	C21618G,C21846T,G21987A,T22917G,C22995A,A23403G,C23604G,C23987T,G24410A,G24914T,C25469T,T26767C	22030-22033,24774		S:158-1274	M:I82T,ORF3a:S26L,S:T19R,S:T95I,S:G142D	S:E156-,S:F157-				C23987T,G24914T	0	0	2	2		NODE_0000627	C21846T,C23987T,G24914T	24774	S:T95I		NODE_0000676	C23987T,G24914T	24774			N/A	N/A	N/A	N/A	N/A	N/A	N/A	N/A	N/A	N/A	ORF1b:2404,S:158-1274		3000	0	good	0	10	0	good	0	24	-5	0	good	3		0	good	0	S:158-1274	1		0	75	mediocre		0	0	good	0		ORF1a,ORF6,ORF7a,ORF7b,ORF8,N,ORF9b	"When processing gene ""ORF1a"": The extracted gene sequence is empty or consists entirely from gaps;When processing gene ""ORF6"": The extracted gene sequence is empty or consists entirely from gaps;When processing gene ""ORF7a"": The extracted gene sequence is empty or consists entirely from gaps;When processing gene ""ORF7b"": The extracted gene sequence is empty or consists entirely from gaps;When processing gene ""ORF8"": The extracted gene sequence is empty or consists entirely from gaps;When processing gene ""N"": The extracted gene sequence is empty or consists entirely from gaps;When processing gene ""ORF9b"": The extracted gene sequence is empty or consists entirely from gaps"	
28	651_sub0	21J	21J (Delta)	Delta	21J	B.1.617.2.4	AY.4	0	good	14	6	0	0	0	0	14	2	0	1	18404	20678	26839	0.206066280975153	E:1,M:0.47085201793721976,ORF1b:0.1083086053412463,ORF3a:1,S:1	false	C20930T,C21618G,C21846T,G21987A,T22917G,C22995A,A23403G,C23604G,C23987T,C24310T,G24410A,G24914T,C25469T,T26767C	22029-22034			M:I82T,ORF1b:T2488M,ORF3a:S26L,S:T19R,S:T95I,S:G142D,S:R158G,S:L452R,S:T478K,S:D614G,S:P681R,S:P809S,S:D950N,S:D1118Y	S:E156-,S:F157-				C20930T,C23987T,C24310T,G24914T	0	0	4	4		NODE_0000627	C20930T,C21846T,C23987T,C24310T,G24914T		ORF1b:T2488M,S:T95I,S:P809S,S:D1118Y		NODE_0000676	C20930T,C23987T,C24310T,G24914T		ORF1b:T2488M,S:P809S,S:D1118Y		N/A	N/A	N/A	N/A	N/A	N/A	N/A	N/A	N/A	N/A	ORF1b:2404		3000	0	good	0	10	0	good	0	24	-4	0	good	4		0	good	0		0		0	0	good		0	0	good	0		ORF1a,ORF6,ORF7a,ORF7b,ORF8,N,ORF9b	"When processing gene ""ORF1a"": The extracted gene sequence is empty or consists entirely from gaps;When processing gene ""ORF6"": The extracted gene sequence is empty or consists entirely from gaps;When processing gene ""ORF7a"": The extracted gene sequence is empty or consists entirely from gaps;When processing gene ""ORF7b"": The extracted gene sequence is empty or consists entirely from gaps;When processing gene ""ORF8"": The extracted gene sequence is empty or consists entirely from gaps;When processing gene ""N"": The extracted gene sequence is empty or consists entirely from gaps;When processing gene ""ORF9b"": The extracted gene sequence is empty or consists entirely from gaps"	
24	7943_sub0	21J	21J (Delta)	Delta	21J	B.1.617.2.4	AY.4	56.250000	mediocre	12	7	0	1	0	0	13	3	0	211	18402	20678	26839	0.206066280975153	E:1,M:0.47085201793721976,ORF1b:0.1083086053412463,ORF3a:0.2391304347826087,S:1	false	C21618G,C21846T,G21987A,T22917G,C22995A,A23403G,C23604G,C23987T,G24410A,G24914T,C25469T,T26767C	22029-22034,25588		ORF3a:67-276	M:I82T,ORF3a:S26L,S:T19R,S:T95I,S:G142D,S:R158G,S:L452R,S:T478K,S:D614G,S:P681R,S:P809S,S:D950N,S:D1118Y	ORF3a:K66-,S:E156-,S:F157-				C23987T,G24914T	0	0	2	2		NODE_0000627	C21846T,C23987T,G24914T	25588	S:T95I,S:P809S,S:D1118Y	ORF3a:K66-	NODE_0000676	C23987T,G24914T	25588	S:P809S,S:D1118Y	ORF3a:K66-	N/A	N/A	N/A	N/A	N/A	N/A	N/A	N/A	N/A	N/A	ORF1b:2404,ORF3a:67-276		3000	0	good	0	10	0	good	0	24	-5	0	good	3		0	good	0	ORF3a:67-276	1		0	75	mediocre		0	0	good	0		ORF1a,ORF6,ORF7a,ORF7b,ORF8,N,ORF9b	"When processing gene ""ORF1a"": The extracted gene sequence is empty or consists entirely from gaps;When processing gene ""ORF6"": The extracted gene sequence is empty or consists entirely from gaps;When processing gene ""ORF7a"": The extracted gene sequence is empty or consists entirely from gaps;When processing gene ""ORF7b"": The extracted gene sequence is empty or consists entirely from gaps;When processing gene ""ORF8"": The extracted gene sequence is empty or consists entirely from gaps;When processing gene ""N"": The extracted gene sequence is empty or consists entirely from gaps;When processing gene ""ORF9b"": The extracted gene sequence is empty or consists entirely from gaps"	
21	7138_sub0	21J	21J (Delta)	Delta	21J	B.1.617.2.4	AY.4	56.250000	mediocre	12	7	2	2	0	0	13	2	0	184	18387	20678	26839	0.206066280975153	E:1,M:0.47085201793721976,ORF1b:0.09272997032640949,ORF3a:0.4891304347826087,S:1	false	C21618G,C21846T,G21987A,T22917G,C22995A,A23403G,C23604G,C23987T,G24410A,G24914T,C25469T,T26767C	21227,22029-22034	21102:T,25797:A	ORF1b:2546-2587,ORF3a:136-276	M:I82T,ORF3a:S26L,S:T19R,S:T95I,S:G142D,S:R158G,S:L452R,S:T478K,S:D614G,S:P681R,S:P809S,S:D950N,S:D1118Y	S:E156-,S:F157-				C23987T,G24914T	0	0	2	2		NODE_0000627	C21846T,C23987T,G24914T	21227	S:T95I,S:P809S,S:D1118Y		NODE_0000676	C23987T,G24914T	21227	S:P809S,S:D1118Y		N/A	N/A	N/A	N/A	N/A	N/A	N/A	N/A	N/A	N/A	ORF1b:2404,ORF1b:2546-2587,ORF3a:136-276		3000	0	good	0	10	0	good	0	24	-5	0	good	3		0	good	0	ORF1b:2546-2587	1	ORF3a:136-276	1	75	mediocre		0	0	good	0		ORF1a,ORF6,ORF7a,ORF7b,ORF8,N,ORF9b	"When processing gene ""ORF1a"": The extracted gene sequence is empty or consists entirely from gaps;When processing gene ""ORF6"": The extracted gene sequence is empty or consists entirely from gaps;When processing gene ""ORF7a"": The extracted gene sequence is empty or consists entirely from gaps;When processing gene ""ORF7b"": The extracted gene sequence is empty or consists entirely from gaps;When processing gene ""ORF8"": The extracted gene sequence is empty or consists entirely from gaps;When processing gene ""N"": The extracted gene sequence is empty or consists entirely from gaps;When processing gene ""ORF9b"": The extracted gene sequence is empty or consists entirely from gaps"	
22	7573_sub0	21J	21J (Delta)	Delta	21J	B.1.617.2.39	AY.39	112.500000	bad	17	7	0	1	0	0	16	3	0	21	18382	20678	26839	0.206066280975153	E:0.7368421052631579,M:0.47085201793721976,ORF1b:0.1083086053412463,ORF3a:1,S:1	false	T21275A,G21372T,C21618G,C21846T,A21865G,G21987A,T22917G,C22995A,A23403G,T23485C,C23604G,G24410A,C25469T,G25494C,T25676C,A26057G,T26767C	22029-22034,26410		E:57-76	M:I82T,ORF1b:L2603*,ORF1b:Q2635H,ORF3a:S26L,ORF3a:L95S,ORF3a:D222G,S:T19R,S:T95I,S:I101M,S:G142D,S:R158G,S:L452R,S:T478K,S:D614G,S:P681R,S:D950N	E:F56-,S:E156-,S:F157-				T21275A,A21865G,T23485C,G25494C,T25676C,A26057G	0	0	6	6		NODE_0000627	T21275A,G21372T,C21846T,A21865G,T23485C,G25494C,T25676C,A26057G	26410	ORF1b:L2603*,ORF1b:Q2635H,ORF3a:L95S,ORF3a:D222G,S:T95I,S:I101M	E:F56-	NODE_0000674	T21275A,A21865G,T23485C,G25494C,T25676C,A26057G	26410	ORF1b:L2603*,ORF3a:L95S,ORF3a:D222G,S:I101M	E:F56-	N/A	N/A	N/A	N/A	N/A	N/A	N/A	N/A	N/A	N/A	ORF1b:2404,E:57-76		3000	0	good	0	10	0	good	0	24	-1	0	good	7		0	good	0	E:57-76	1		0	75	mediocre	ORF1b:2602	1	75	mediocre	0		ORF1a,ORF6,ORF7a,ORF7b,ORF8,N,ORF9b	"When processing gene ""ORF1a"": The extracted gene sequence is empty or consists entirely from gaps;When processing gene ""ORF6"": The extracted gene sequence is empty or consists entirely from gaps;When processing gene ""ORF7a"": The extracted gene sequence is empty or consists entirely from gaps;When processing gene ""ORF7b"": The extracted gene sequence is empty or consists entirely from gaps;When processing gene ""ORF8"": The extracted gene sequence is empty or consists entirely from gaps;When processing gene ""N"": The extracted gene sequence is empty or consists entirely from gaps;When processing gene ""ORF9b"": The extracted gene sequence is empty or consists entirely from gaps"	
1	7176_sub0	21J	21J (Delta)	Delta	21J	B.1.617.2.4	AY.4	0	good	12	6	0	0	0	0	13	2	0	1	18412	20678	26839	0.206066280975153	E:1,M:0.47085201793721976,ORF1b:0.1083086053412463,ORF3a:1,S:1	false	C21618G,C21846T,G21987A,T22917G,C22995A,A23403G,C23604G,C23987T,G24410A,G24914T,C25469T,T26767C	22029-22034			M:I82T,ORF3a:S26L,S:T19R,S:T95I,S:G142D,S:R158G,S:L452R,S:T478K,S:D614G,S:P681R,S:P809S,S:D950N,S:D1118Y	S:E156-,S:F157-				C23987T,G24914T	0	0	2	2		NODE_0000627	C21846T,C23987T,G24914T		S:T95I,S:P809S,S:D1118Y		NODE_0000676	C23987T,G24914T		S:P809S,S:D1118Y		N/A	N/A	N/A	N/A	N/A	N/A	N/A	N/A	N/A	N/A	ORF1b:2404		3000	0	good	0	10	0	good	0	24	-6	0	good	2		0	good	0		0		0	0	good		0	0	good	0		ORF1a,ORF6,ORF7a,ORF7b,ORF8,N,ORF9b	"When processing gene ""ORF1a"": The extracted gene sequence is empty or consists entirely from gaps;When processing gene ""ORF6"": The extracted gene sequence is empty or consists entirely from gaps;When processing gene ""ORF7a"": The extracted gene sequence is empty or consists entirely from gaps;When processing gene ""ORF7b"": The extracted gene sequence is empty or consists entirely from gaps;When processing gene ""ORF8"": The extracted gene sequence is empty or consists entirely from gaps;When processing gene ""N"": The extracted gene sequence is empty or consists entirely from gaps;When processing gene ""ORF9b"": The extracted gene sequence is empty or consists entirely from gaps"	
31	799_sub0	21J	21J (Delta)	Delta	21J	B.1.617.2.4	AY.4	56.250000	mediocre	12	8	0	1	0	0	12	3	0	204	18391	20678	26839	0.206066280975153	E:1,M:0.47085201793721976,ORF1b:0.1083086053412463,ORF3a:1,S:0.8406593406593407	false	C21618G,C21846T,G21987A,T22917G,C22995A,A23403G,C23604G,C23987T,G24410A,G24914T,C25469T,T26767C	22029-22034,24774,25376		S:1072-1274	M:I82T,ORF3a:S26L,S:T19R,S:T95I,S:G142D,S:R158G,S:L452R,S:T478K,S:D614G,S:P681R,S:P809S,S:D950N	S:E156-,S:F157-,S:Q1071-				C23987T,G24914T	0	0	2	2		NODE_0000627	C21846T,C23987T,G24914T	24774,25376	S:T95I,S:P809S	S:Q1071-	NODE_0000676	C23987T,G24914T	24774,25376	S:P809S	S:Q1071-	N/A	N/A	N/A	N/A	N/A	N/A	N/A	N/A	N/A	N/A	ORF1b:2404,S:1072-1274		3000	0	good	0	10	0	good	0	24	-4	0	good	4		0	good	0	S:1072-1274	1		0	75	mediocre		0	0	good	0		ORF1a,ORF6,ORF7a,ORF7b,ORF8,N,ORF9b	"When processing gene ""ORF1a"": The extracted gene sequence is empty or consists entirely from gaps;When processing gene ""ORF6"": The extracted gene sequence is empty or consists entirely from gaps;When processing gene ""ORF7a"": The extracted gene sequence is empty or consists entirely from gaps;When processing gene ""ORF7b"": The extracted gene sequence is empty or consists entirely from gaps;When processing gene ""ORF8"": The extracted gene sequence is empty or consists entirely from gaps;When processing gene ""N"": The extracted gene sequence is empty or consists entirely from gaps;When processing gene ""ORF9b"": The extracted gene sequence is empty or consists entirely from gaps"	
9	744_sub0	21J	21J (Delta)	Delta	21J	B.1.617.2.4	AY.4	56.250000	mediocre	14	5	0	1	0	0	5	2	0	1117	18408	20678	26839	0.206066280975153	E:1,M:0.47085201793721976,ORF1b:0.1083086053412463,ORF3a:1,S:0.12401883830455258	false	C21618G,C21846T,G21987A,T22917G,C22995A,A23403G,C23604G,C23987T,T24139C,C24237A,G24410A,G24914T,C25469T,T26767C	22031-22035		S:159-1274	M:I82T,ORF3a:S26L,S:T19R,S:T95I,S:G142D	S:F157-,S:R158-				C23987T,T24139C,C24237A,G24914T	0	0	4	4		NODE_0000627	C21846T,C23987T,T24139C,C24237A,G24914T	22035	S:T95I,S:-156E	S:G158-	NODE_0000676	C23987T,T24139C,C24237A,G24914T	22035	S:-156E	S:G158-	N/A	N/A	N/A	N/A	N/A	N/A	N/A	N/A	N/A	N/A	ORF1b:2404,S:159-1274		3000	0	good	0	10	0	good	0	24	-3	0	good	5		0	good	0	S:159-1274	1		0	75	mediocre		0	0	good	0		ORF1a,ORF6,ORF7a,ORF7b,ORF8,N,ORF9b	"When processing gene ""ORF1a"": The extracted gene sequence is empty or consists entirely from gaps;When processing gene ""ORF6"": The extracted gene sequence is empty or consists entirely from gaps;When processing gene ""ORF7a"": The extracted gene sequence is empty or consists entirely from gaps;When processing gene ""ORF7b"": The extracted gene sequence is empty or consists entirely from gaps;When processing gene ""ORF8"": The extracted gene sequence is empty or consists entirely from gaps;When processing gene ""N"": The extracted gene sequence is empty or consists entirely from gaps;When processing gene ""ORF9b"": The extracted gene sequence is empty or consists entirely from gaps"	
20	7211_sub0	21J	21J (Delta)	Delta	21J	B.1.617.2.4	AY.4	0	good	13	6	0	0	0	0	14	2	0	1	18408	20678	26839	0.206066280975153	E:1,M:0.47085201793721976,ORF1b:0.1083086053412463,ORF3a:1,S:1	false	C21618G,C21846T,G21987A,T22917G,C22995A,A23403G,C23604G,C23987T,G24410A,G24914T,C25469T,G26538T,T26767C	22029-22034			M:G6C,M:I82T,ORF3a:S26L,S:T19R,S:T95I,S:G142D,S:R158G,S:L452R,S:T478K,S:D614G,S:P681R,S:P809S,S:D950N,S:D1118Y	S:E156-,S:F157-				C23987T,G24914T,G26538T	0	0	3	3		NODE_0000627	C21846T,C23987T,G24914T,G26538T		M:G6C,S:T95I,S:P809S,S:D1118Y		NODE_0000676	C23987T,G24914T,G26538T		M:G6C,S:P809S,S:D1118Y		N/A	N/A	N/A	N/A	N/A	N/A	N/A	N/A	N/A	N/A	ORF1b:2404		3000	0	good	0	10	0	good	0	24	-5	0	good	3		0	good	0		0		0	0	good		0	0	good	0		ORF1a,ORF6,ORF7a,ORF7b,ORF8,N,ORF9b	"When processing gene ""ORF1a"": The extracted gene sequence is empty or consists entirely from gaps;When processing gene ""ORF6"": The extracted gene sequence is empty or consists entirely from gaps;When processing gene ""ORF7a"": The extracted gene sequence is empty or consists entirely from gaps;When processing gene ""ORF7b"": The extracted gene sequence is empty or consists entirely from gaps;When processing gene ""ORF8"": The extracted gene sequence is empty or consists entirely from gaps;When processing gene ""N"": The extracted gene sequence is empty or consists entirely from gaps;When processing gene ""ORF9b"": The extracted gene sequence is empty or consists entirely from gaps"	
13	7311_sub0	21J	21J (Delta)	Delta	21J	B.1.617.2.4	AY.4	56.250000	mediocre	14	5	0	1	0	0	6	3	0	1117	18408	20678	26839	0.206066280975153	E:1,M:0.47085201793721976,ORF1b:0.1083086053412463,ORF3a:1,S:0.12401883830455258	false	G21101T,C21618G,C21846T,G21987A,A22029C,T22917G,C22995A,A23403G,C23604G,C23987T,G24410A,G24914T,C25469T,T26767C	22031-22035		S:159-1274	M:I82T,ORF1b:G2545V,ORF3a:S26L,S:T19R,S:T95I,S:G142D	S:E156-,S:F157-,S:R158-				G21101T,-22029C,C23987T,G24914T	0	0	4	4		NODE_0000627	G21101T,C21846T,-22029C,C23987T,G24914T	22035	ORF1b:G2545V,S:T95I	S:G158-	NODE_0000676	G21101T,-22029C,C23987T,G24914T	22035	ORF1b:G2545V	S:G158-	N/A	N/A	N/A	N/A	N/A	N/A	N/A	N/A	N/A	N/A	ORF1b:2404,S:159-1274		3000	0	good	0	10	0	good	0	24	-3	0	good	5		0	good	0	S:159-1274	1		0	75	mediocre		0	0	good	0		ORF1a,ORF6,ORF7a,ORF7b,ORF8,N,ORF9b	"When processing gene ""ORF1a"": The extracted gene sequence is empty or consists entirely from gaps;When processing gene ""ORF6"": The extracted gene sequence is empty or consists entirely from gaps;When processing gene ""ORF7a"": The extracted gene sequence is empty or consists entirely from gaps;When processing gene ""ORF7b"": The extracted gene sequence is empty or consists entirely from gaps;When processing gene ""ORF8"": The extracted gene sequence is empty or consists entirely from gaps;When processing gene ""N"": The extracted gene sequence is empty or consists entirely from gaps;When processing gene ""ORF9b"": The extracted gene sequence is empty or consists entirely from gaps"	
19	639_sub0	21J	21J (Delta)	Delta	21J	B.1.617.2.4	AY.4	56.250000	mediocre	13	5	0	1	0	0	5	2	0	1117	18412	20678	26839	0.206066280975153	E:1,M:0.47085201793721976,ORF1b:0.1083086053412463,ORF3a:1,S:0.12401883830455258	false	C21618G,T21784C,C21846T,G21987A,T22917G,C22995A,A23403G,C23604G,C23987T,G24410A,G24914T,C25469T,T26767C	22031-22035		S:159-1274	M:I82T,ORF3a:S26L,S:T19R,S:T95I,S:G142D	S:F157-,S:R158-				T21784C,C23987T,G24914T	0	0	3	3		NODE_0000627	T21784C,C21846T,C23987T,G24914T	22035	S:T95I,S:-156E	S:G158-	NODE_0000676	T21784C,C23987T,G24914T	22035	S:-156E	S:G158-	N/A	N/A	N/A	N/A	N/A	N/A	N/A	N/A	N/A	N/A	ORF1b:2404,S:159-1274		3000	0	good	0	10	0	good	0	24	-4	0	good	4		0	good	0	S:159-1274	1		0	75	mediocre		0	0	good	0		ORF1a,ORF6,ORF7a,ORF7b,ORF8,N,ORF9b	"When processing gene ""ORF1a"": The extracted gene sequence is empty or consists entirely from gaps;When processing gene ""ORF6"": The extracted gene sequence is empty or consists entirely from gaps;When processing gene ""ORF7a"": The extracted gene sequence is empty or consists entirely from gaps;When processing gene ""ORF7b"": The extracted gene sequence is empty or consists entirely from gaps;When processing gene ""ORF8"": The extracted gene sequence is empty or consists entirely from gaps;When processing gene ""N"": The extracted gene sequence is empty or consists entirely from gaps;When processing gene ""ORF9b"": The extracted gene sequence is empty or consists entirely from gaps"	
26	834_sub0	21J	21J (Delta)	Delta	21J	B.1.617.2.4	AY.4	56.250000	mediocre	14	4	0	1	0	0	7	2	0	1118	18410	20678	26839	0.206066280975153	E:1,M:0.47085201793721976,ORF1b:0.1083086053412463,ORF3a:1,S:0.12323390894819466	false	T20924C,C21008A,C21618G,C21846T,G21987A,T22917G,C22995A,A23403G,C23604G,C23987T,G24410A,G24914T,C25469T,T26767C	22030-22033		S:158-1274	M:I82T,ORF1b:L2486S,ORF1b:T2514N,ORF3a:S26L,S:T19R,S:T95I,S:G142D	S:E156-,S:F157-				T20924C,C21008A,C23987T,G24914T	0	0	4	4		NODE_0000627	T20924C,C21008A,C21846T,C23987T,G24914T		ORF1b:L2486S,ORF1b:T2514N,S:T95I		NODE_0000676	T20924C,C21008A,C23987T,G24914T		ORF1b:L2486S,ORF1b:T2514N		N/A	N/A	N/A	N/A	N/A	N/A	N/A	N/A	N/A	N/A	ORF1b:2404,S:158-1274		3000	0	good	0	10	0	good	0	24	-4	0	good	4		0	good	0	S:158-1274	1		0	75	mediocre		0	0	good	0		ORF1a,ORF6,ORF7a,ORF7b,ORF8,N,ORF9b	"When processing gene ""ORF1a"": The extracted gene sequence is empty or consists entirely from gaps;When processing gene ""ORF6"": The extracted gene sequence is empty or consists entirely from gaps;When processing gene ""ORF7a"": The extracted gene sequence is empty or consists entirely from gaps;When processing gene ""ORF7b"": The extracted gene sequence is empty or consists entirely from gaps;When processing gene ""ORF8"": The extracted gene sequence is empty or consists entirely from gaps;When processing gene ""N"": The extracted gene sequence is empty or consists entirely from gaps;When processing gene ""ORF9b"": The extracted gene sequence is empty or consists entirely from gaps"	
6	7189_sub0	21J	21J (Delta)	Delta	21J	B.1.617.2.4	AY.4	56.250000	mediocre	13	6	1	1	0	0	13	2	0	198	18401	20678	26839	0.206066280975153	E:1,M:0.47085201793721976,ORF1b:0.03523738872403561,ORF3a:1,S:1	false	C21618G,T21784C,C21846T,G21987A,T22917G,C22995A,A23403G,C23604G,C23987T,G24410A,G24914T,C25469T,T26767C	22029-22034	20964:T	ORF1b:2500-2696	M:I82T,ORF3a:S26L,S:T19R,S:T95I,S:G142D,S:R158G,S:L452R,S:T478K,S:D614G,S:P681R,S:P809S,S:D950N,S:D1118Y	S:E156-,S:F157-				T21784C,C23987T,G24914T	0	0	3	3		NODE_0000627	T21784C,C21846T,C23987T,G24914T		S:T95I,S:P809S,S:D1118Y		NODE_0000676	T21784C,C23987T,G24914T		S:P809S,S:D1118Y		N/A	N/A	N/A	N/A	N/A	N/A	N/A	N/A	N/A	N/A	ORF1b:2404,ORF1b:2500-2696		3000	0	good	0	10	0	good	0	24	-5	0	good	3		0	good	0	ORF1b:2500-2696	1		0	75	mediocre		0	0	good	0		ORF1a,ORF6,ORF7a,ORF7b,ORF8,N,ORF9b	"When processing gene ""ORF1a"": The extracted gene sequence is empty or consists entirely from gaps;When processing gene ""ORF6"": The extracted gene sequence is empty or consists entirely from gaps;When processing gene ""ORF7a"": The extracted gene sequence is empty or consists entirely from gaps;When processing gene ""ORF7b"": The extracted gene sequence is empty or consists entirely from gaps;When processing gene ""ORF8"": The extracted gene sequence is empty or consists entirely from gaps;When processing gene ""N"": The extracted gene sequence is empty or consists entirely from gaps;When processing gene ""ORF9b"": The extracted gene sequence is empty or consists entirely from gaps"	
29	7164_sub0	21J	21J (Delta)	Delta	21J	B.1.617.2.4	AY.4	0	good	15	6	0	0	0	0	15	2	0	1	18400	20678	26839	0.206066280975153	E:1,M:0.47085201793721976,ORF1b:0.1083086053412463,ORF3a:1,S:1	false	A21509G,C21618G,C21846T,G21987A,G22365C,T22917G,C22995A,T23335C,A23403G,C23604G,C23987T,G24410A,G24914T,C25469T,T26767C	22029-22034			M:I82T,ORF1b:E2681G,ORF3a:S26L,S:T19R,S:T95I,S:G142D,S:R158G,S:G268A,S:L452R,S:T478K,S:D614G,S:P681R,S:P809S,S:D950N,S:D1118Y	S:E156-,S:F157-				A21509G,G22365C,T23335C,C23987T,G24914T	0	0	5	5		NODE_0000627	A21509G,C21846T,G22365C,T23335C,C23987T,G24914T		ORF1b:E2681G,S:T95I,S:G268A,S:P809S,S:D1118Y		NODE_0000676	A21509G,G22365C,T23335C,C23987T,G24914T		ORF1b:E2681G,S:G268A,S:P809S,S:D1118Y		N/A	N/A	N/A	N/A	N/A	N/A	N/A	N/A	N/A	N/A	ORF1b:2404		3000	0	good	0	10	0	good	0	24	-3	0	good	5		0	good	0		0		0	0	good		0	0	good	0		ORF1a,ORF6,ORF7a,ORF7b,ORF8,N,ORF9b	"When processing gene ""ORF1a"": The extracted gene sequence is empty or consists entirely from gaps;When processing gene ""ORF6"": The extracted gene sequence is empty or consists entirely from gaps;When processing gene ""ORF7a"": The extracted gene sequence is empty or consists entirely from gaps;When processing gene ""ORF7b"": The extracted gene sequence is empty or consists entirely from gaps;When processing gene ""ORF8"": The extracted gene sequence is empty or consists entirely from gaps;When processing gene ""N"": The extracted gene sequence is empty or consists entirely from gaps;When processing gene ""ORF9b"": The extracted gene sequence is empty or consists entirely from gaps"	
16	921_sub0	21J	21J (Delta)	Delta	21J	B.1.617.2.4	AY.4	62.500000	mediocre	20	5	0	1	0	0	6	3	0	1117	18384	20678	26839	0.206066280975153	E:1,M:0.47085201793721976,ORF1b:0.1083086053412463,ORF3a:1,S:0.12401883830455258	false	C21618G,C21846T,G21987A,A22029T,G22436T,T22846C,T22917G,C22995A,A23403G,C23604G,C23987T,T24135A,T24136A,C24138A,G24140T,G24410A,G24914T,C25469T,G26757C,T26767C	22031-22035		S:159-1274	M:G79R,M:I82T,ORF3a:S26L,S:T19R,S:T95I,S:G142D	S:E156-,S:F157-,S:R158-			C24138A|21G	-22029T,G22436T,T22846C,C23987T,T24135A,T24136A,G24140T,G24914T,G26757C	0	1	9	10		NODE_0000627	C21846T,-22029T,G22436T,T22846C,C23987T,T24135A,T24136A,C24138A,G24140T,G24914T,G26757C	22035	M:G79R,S:T95I	S:G158-	NODE_0000676	-22029T,G22436T,T22846C,C23987T,T24135A,T24136A,C24138A,G24140T,G24914T,G26757C	22035	M:G79R	S:G158-	N/A	N/A	N/A	N/A	N/A	N/A	N/A	N/A	N/A	N/A	ORF1b:2404,S:159-1274		3000	0	good	0	10	0	good	0	24	6	25	good	14		0	good	0	S:159-1274	1		0	75	mediocre		0	0	good	0		ORF1a,ORF6,ORF7a,ORF7b,ORF8,N,ORF9b	"When processing gene ""ORF1a"": The extracted gene sequence is empty or consists entirely from gaps;When processing gene ""ORF6"": The extracted gene sequence is empty or consists entirely from gaps;When processing gene ""ORF7a"": The extracted gene sequence is empty or consists entirely from gaps;When processing gene ""ORF7b"": The extracted gene sequence is empty or consists entirely from gaps;When processing gene ""ORF8"": The extracted gene sequence is empty or consists entirely from gaps;When processing gene ""N"": The extracted gene sequence is empty or consists entirely from gaps;When processing gene ""ORF9b"": The extracted gene sequence is empty or consists entirely from gaps"	
17	816_sub0	21J	21J (Delta)	Delta	21J	B.1.617.2.4	AY.4	56.250000	mediocre	13	7	0	1	0	0	13	3	0	204	18397	20678	26839	0.206066280975153	E:1,M:0.47085201793721976,ORF1b:0.1083086053412463,ORF3a:1,S:0.8406593406593407	false	T20777C,C21618G,C21846T,G21987A,T22917G,C22995A,A23403G,C23604G,C23987T,G24410A,G24914T,C25469T,T26767C	22029-22034,24774		S:1072-1274	M:I82T,ORF1b:I2437T,ORF3a:S26L,S:T19R,S:T95I,S:G142D,S:R158G,S:L452R,S:T478K,S:D614G,S:P681R,S:P809S,S:D950N	S:E156-,S:F157-,S:Q1071-				T20777C,C23987T,G24914T	0	0	3	3		NODE_0000627	T20777C,C21846T,C23987T,G24914T	24774	ORF1b:I2437T,S:T95I,S:P809S	S:Q1071-	NODE_0000676	T20777C,C23987T,G24914T	24774	ORF1b:I2437T,S:P809S	S:Q1071-	N/A	N/A	N/A	N/A	N/A	N/A	N/A	N/A	N/A	N/A	ORF1b:2404,S:1072-1274		3000	0	good	0	10	0	good	0	24	-4	0	good	4		0	good	0	S:1072-1274	1		0	75	mediocre		0	0	good	0		ORF1a,ORF6,ORF7a,ORF7b,ORF8,N,ORF9b	"When processing gene ""ORF1a"": The extracted gene sequence is empty or consists entirely from gaps;When processing gene ""ORF6"": The extracted gene sequence is empty or consists entirely from gaps;When processing gene ""ORF7a"": The extracted gene sequence is empty or consists entirely from gaps;When processing gene ""ORF7b"": The extracted gene sequence is empty or consists entirely from gaps;When processing gene ""ORF8"": The extracted gene sequence is empty or consists entirely from gaps;When processing gene ""N"": The extracted gene sequence is empty or consists entirely from gaps;When processing gene ""ORF9b"": The extracted gene sequence is empty or consists entirely from gaps"	
30	991_sub0	21J	21J (Delta)	Delta	21J	B.1.617.2.4	AY.4	0	good	14	6	0	0	0	0	14	2	0	1	18404	20678	26839	0.206066280975153	E:1,M:0.47085201793721976,ORF1b:0.1083086053412463,ORF3a:1,S:1	false	T21528C,C21618G,C21846T,G21987A,T22325C,T22917G,C22995A,A23403G,C23604G,C23987T,G24410A,G24914T,C25469T,T26767C	22029-22034			M:I82T,ORF3a:S26L,S:T19R,S:T95I,S:G142D,S:R158G,S:S255P,S:L452R,S:T478K,S:D614G,S:P681R,S:P809S,S:D950N,S:D1118Y	S:E156-,S:F157-				T21528C,T22325C,C23987T,G24914T	0	0	4	4		NODE_0000627	T21528C,C21846T,T22325C,C23987T,G24914T		S:T95I,S:S255P,S:P809S,S:D1118Y		NODE_0000676	T21528C,T22325C,C23987T,G24914T		S:S255P,S:P809S,S:D1118Y		N/A	N/A	N/A	N/A	N/A	N/A	N/A	N/A	N/A	N/A	ORF1b:2404		3000	0	good	0	10	0	good	0	24	-4	0	good	4		0	good	0		0		0	0	good		0	0	good	0		ORF1a,ORF6,ORF7a,ORF7b,ORF8,N,ORF9b	"When processing gene ""ORF1a"": The extracted gene sequence is empty or consists entirely from gaps;When processing gene ""ORF6"": The extracted gene sequence is empty or consists entirely from gaps;When processing gene ""ORF7a"": The extracted gene sequence is empty or consists entirely from gaps;When processing gene ""ORF7b"": The extracted gene sequence is empty or consists entirely from gaps;When processing gene ""ORF8"": The extracted gene sequence is empty or consists entirely from gaps;When processing gene ""N"": The extracted gene sequence is empty or consists entirely from gaps;When processing gene ""ORF9b"": The extracted gene sequence is empty or consists entirely from gaps"	
15	867_sub0	21J	21J (Delta)	Delta	21J	B.1.617.2.4	AY.4	56.250000	mediocre	12	6	0	1	0	0	8	3	0	644	18406	20678	26839	0.206066280975153	E:1,M:0.47085201793721976,ORF1b:0.1083086053412463,ORF3a:1,S:0.49529042386185246	false	C21618G,C21846T,G21987A,T22917G,C22995A,A23403G,C23604G,C23987T,G24410A,G24914T,C25469T,T26767C	22031-22035,23966		S:159-801	M:I82T,ORF3a:S26L,S:T19R,S:T95I,S:G142D,S:P809S,S:D950N,S:D1118Y	S:F157-,S:R158-,S:F802-				C23987T,G24914T	0	0	2	2		NODE_0000627	C21846T,C23987T,G24914T	22035,23966	S:T95I,S:-156E,S:P809S,S:D1118Y	S:G158-,S:F802-	NODE_0000676	C23987T,G24914T	22035,23966	S:-156E,S:P809S,S:D1118Y	S:G158-,S:F802-	N/A	N/A	N/A	N/A	N/A	N/A	N/A	N/A	N/A	N/A	ORF1b:2404,S:159-801		3000	0	good	0	10	0	good	0	24	-4	0	good	4		0	good	0	S:159-801	1		0	75	mediocre		0	0	good	0		ORF1a,ORF6,ORF7a,ORF7b,ORF8,N,ORF9b	"When processing gene ""ORF1a"": The extracted gene sequence is empty or consists entirely from gaps;When processing gene ""ORF6"": The extracted gene sequence is empty or consists entirely from gaps;When processing gene ""ORF7a"": The extracted gene sequence is empty or consists entirely from gaps;When processing gene ""ORF7b"": The extracted gene sequence is empty or consists entirely from gaps;When processing gene ""ORF8"": The extracted gene sequence is empty or consists entirely from gaps;When processing gene ""N"": The extracted gene sequence is empty or consists entirely from gaps;When processing gene ""ORF9b"": The extracted gene sequence is empty or consists entirely from gaps"	
0	7799_sub0	21J	21J (Delta)	Delta	21J	B.1.617.2.4	AY.4	112.500000	bad	14	6	1	1	0	0	14	2	0	222	18397	20678	26839	0.206066280975153	E:1,M:0.47085201793721976,ORF1b:0.1083086053412463,ORF3a:0.19927536231884058,S:1	false	C21618G,T21784C,T21835A,C21846T,G21987A,T22917G,C22995A,A23403G,C23604G,C23987T,G24410A,G24914T,C25469T,T26767C	22029-22034	25557:T	ORF3a:56-276	M:I82T,ORF3a:S26L,S:T19R,S:Y91*,S:T95I,S:G142D,S:R158G,S:L452R,S:T478K,S:D614G,S:P681R,S:P809S,S:D950N,S:D1118Y	S:E156-,S:F157-				T21784C,T21835A,C23987T,G24914T	0	0	4	4		NODE_0000627	T21784C,T21835A,C21846T,C23987T,G24914T		S:Y91*,S:T95I,S:P809S,S:D1118Y		NODE_0000676	T21784C,T21835A,C23987T,G24914T		S:Y91*,S:P809S,S:D1118Y		N/A	N/A	N/A	N/A	N/A	N/A	N/A	N/A	N/A	N/A	ORF1b:2404,ORF3a:56-276		3000	0	good	0	10	0	good	0	24	-4	0	good	4		0	good	0	ORF3a:56-276	1		0	75	mediocre	S:90	1	75	mediocre	0		ORF1a,ORF6,ORF7a,ORF7b,ORF8,N,ORF9b	"When processing gene ""ORF1a"": The extracted gene sequence is empty or consists entirely from gaps;When processing gene ""ORF6"": The extracted gene sequence is empty or consists entirely from gaps;When processing gene ""ORF7a"": The extracted gene sequence is empty or consists entirely from gaps;When processing gene ""ORF7b"": The extracted gene sequence is empty or consists entirely from gaps;When processing gene ""ORF8"": The extracted gene sequence is empty or consists entirely from gaps;When processing gene ""N"": The extracted gene sequence is empty or consists entirely from gaps;When processing gene ""ORF9b"": The extracted gene sequence is empty or consists entirely from gaps"	
27	7153_sub0	21J	21J (Delta)	Delta	21J	B.1.617.2.4	AY.4	56.250000	mediocre	14	5	0	1	0	0	5	3	0	1117	18408	20678	26839	0.206066280975153	E:1,M:0.47085201793721976,ORF1b:0.1083086053412463,ORF3a:1,S:0.12401883830455258	false	C21618G,C21846T,G21987A,A22029C,A22595T,T22917G,C22995A,A23403G,C23604G,C23987T,G24410A,G24914T,C25469T,T26767C	22031-22035		S:159-1274	M:I82T,ORF3a:S26L,S:T19R,S:T95I,S:G142D	S:E156-,S:F157-,S:R158-				-22029C,A22595T,C23987T,G24914T	0	0	4	4		NODE_0000627	C21846T,-22029C,A22595T,C23987T,G24914T	22035	S:T95I	S:G158-	NODE_0000676	-22029C,A22595T,C23987T,G24914T	22035		S:G158-	N/A	N/A	N/A	N/A	N/A	N/A	N/A	N/A	N/A	N/A	ORF1b:2404,S:159-1274		3000	0	good	0	10	0	good	0	24	-3	0	good	5		0	good	0	S:159-1274	1		0	75	mediocre		0	0	good	0		ORF1a,ORF6,ORF7a,ORF7b,ORF8,N,ORF9b	"When processing gene ""ORF1a"": The extracted gene sequence is empty or consists entirely from gaps;When processing gene ""ORF6"": The extracted gene sequence is empty or consists entirely from gaps;When processing gene ""ORF7a"": The extracted gene sequence is empty or consists entirely from gaps;When processing gene ""ORF7b"": The extracted gene sequence is empty or consists entirely from gaps;When processing gene ""ORF8"": The extracted gene sequence is empty or consists entirely from gaps;When processing gene ""N"": The extracted gene sequence is empty or consists entirely from gaps;When processing gene ""ORF9b"": The extracted gene sequence is empty or consists entirely from gaps"	
18	6413_sub0	21J	21J (Delta)	Delta	21J	B.1.617.2.4	AY.4	112.500000	bad	13	7	0	1	0	0	12	3	0	361	18398	20678	26839	0.206066280975153	E:1,M:0.47085201793721976,ORF1b:0.1083086053412463,ORF3a:1,S:0.717425431711146	false	C21618G,C21846T,G21987A,A22892T,T22917G,C22995A,A23403G,C23604G,C23987T,G24410A,G24914T,C25469T,T26767C	22029-22034,24302		S:915-1274	M:I82T,ORF3a:S26L,S:T19R,S:T95I,S:G142D,S:R158G,S:K444*,S:L452R,S:T478K,S:D614G,S:P681R,S:P809S	S:E156-,S:F157-,S:N914-				A22892T,C23987T,G24914T	0	0	3	3		NODE_0000627	C21846T,A22892T,C23987T,G24914T	24302	S:T95I,S:K444*,S:P809S	S:N914-	NODE_0000676	A22892T,C23987T,G24914T	24302	S:K444*,S:P809S	S:N914-	N/A	N/A	N/A	N/A	N/A	N/A	N/A	N/A	N/A	N/A	ORF1b:2404,S:915-1274		3000	0	good	0	10	0	good	0	24	-4	0	good	4		0	good	0	S:915-1274	1		0	75	mediocre	S:443	1	75	mediocre	0		ORF1a,ORF6,ORF7a,ORF7b,ORF8,N,ORF9b	"When processing gene ""ORF1a"": The extracted gene sequence is empty or consists entirely from gaps;When processing gene ""ORF6"": The extracted gene sequence is empty or consists entirely from gaps;When processing gene ""ORF7a"": The extracted gene sequence is empty or consists entirely from gaps;When processing gene ""ORF7b"": The extracted gene sequence is empty or consists entirely from gaps;When processing gene ""ORF8"": The extracted gene sequence is empty or consists entirely from gaps;When processing gene ""N"": The extracted gene sequence is empty or consists entirely from gaps;When processing gene ""ORF9b"": The extracted gene sequence is empty or consists entirely from gaps"	
11	745_sub0	21J	21J (Delta)	Delta	21J	B.1.617.2.4	AY.4	56.250000	mediocre	15	3	0	1	0	0	7	1	0	916	18402	20678	26839	0.206066280975153	E:1,M:0.47085201793721976,ORF1b:0.1083086053412463,ORF3a:1,S:0.2817896389324961	false	C21618G,A21825G,C21846T,G21987A,T22031G,C22033G,T22917G,C22995A,A23403G,C23604G,C23987T,G24410A,G24914T,C25469T,T26767C	22028-22029,24774		S:157-1071	M:I82T,ORF3a:S26L,S:T19R,S:D88G,S:T95I,S:G142D,S:D1118Y	S:E156-				A21825G,-22031G,-22033G,C23987T,G24914T	0	0	5	5		NODE_0000627	A21825G,C21846T,-22031G,-22033G,C23987T,G24914T	22028,24774	S:D88G,S:T95I,S:D1118Y		NODE_0000676	A21825G,-22031G,-22033G,C23987T,G24914T	22028,24774	S:D88G,S:D1118Y		N/A	N/A	N/A	N/A	N/A	N/A	N/A	N/A	N/A	N/A	ORF1b:2404,S:157-1071		3000	0	good	0	10	0	good	0	24	-1	0	good	7		0	good	0	S:157-1071	1		0	75	mediocre		0	0	good	0		ORF1a,ORF6,ORF7a,ORF7b,ORF8,N,ORF9b	"When processing gene ""ORF1a"": The extracted gene sequence is empty or consists entirely from gaps;When processing gene ""ORF6"": The extracted gene sequence is empty or consists entirely from gaps;When processing gene ""ORF7a"": The extracted gene sequence is empty or consists entirely from gaps;When processing gene ""ORF7b"": The extracted gene sequence is empty or consists entirely from gaps;When processing gene ""ORF8"": The extracted gene sequence is empty or consists entirely from gaps;When processing gene ""N"": The extracted gene sequence is empty or consists entirely from gaps;When processing gene ""ORF9b"": The extracted gene sequence is empty or consists entirely from gaps"	
25	7940_sub0	21J	21J (Delta)	Delta	21J	B.1.617.2.4	AY.4	0	good	14	6	0	0	0	0	13	2	0	1	18404	20678	26839	0.206066280975153	E:1,M:0.47085201793721976,ORF1b:0.1083086053412463,ORF3a:1,S:1	false	C21618G,C21846T,G21987A,T22917G,C22995A,A23403G,C23604G,C23987T,G24410A,G24914T,C25469T,T26214C,G26391A,T26767C	22029-22034			M:I82T,ORF3a:S26L,S:T19R,S:T95I,S:G142D,S:R158G,S:L452R,S:T478K,S:D614G,S:P681R,S:P809S,S:D950N,S:D1118Y	S:E156-,S:F157-				C23987T,G24914T,T26214C,G26391A	0	0	4	4		NODE_0000627	C21846T,C23987T,G24914T,T26214C,G26391A		S:T95I,S:P809S,S:D1118Y		NODE_0000676	C23987T,G24914T,T26214C,G26391A		S:P809S,S:D1118Y		N/A	N/A	N/A	N/A	N/A	N/A	N/A	N/A	N/A	N/A	ORF1b:2404		3000	0	good	0	10	0	good	0	24	-4	0	good	4		0	good	0		0		0	0	good		0	0	good	0		ORF1a,ORF6,ORF7a,ORF7b,ORF8,N,ORF9b	"When processing gene ""ORF1a"": The extracted gene sequence is empty or consists entirely from gaps;When processing gene ""ORF6"": The extracted gene sequence is empty or consists entirely from gaps;When processing gene ""ORF7a"": The extracted gene sequence is empty or consists entirely from gaps;When processing gene ""ORF7b"": The extracted gene sequence is empty or consists entirely from gaps;When processing gene ""ORF8"": The extracted gene sequence is empty or consists entirely from gaps;When processing gene ""N"": The extracted gene sequence is empty or consists entirely from gaps;When processing gene ""ORF9b"": The extracted gene sequence is empty or consists entirely from gaps"	
23	949_sub0	21J	21J (Delta)	Delta	21J	B.1.617.2.4	AY.4	0	good	12	6	0	0	0	0	13	2	0	1	18412	20678	26839	0.206066280975153	E:1,M:0.47085201793721976,ORF1b:0.1083086053412463,ORF3a:1,S:1	false	C21618G,C21846T,G21987A,T22917G,C22995A,A23403G,C23604G,C23987T,G24410A,G24914T,C25469T,T26767C	22029-22034			M:I82T,ORF3a:S26L,S:T19R,S:T95I,S:G142D,S:R158G,S:L452R,S:T478K,S:D614G,S:P681R,S:P809S,S:D950N,S:D1118Y	S:E156-,S:F157-				C23987T,G24914T	0	0	2	2		NODE_0000627	C21846T,C23987T,G24914T		S:T95I,S:P809S,S:D1118Y		NODE_0000676	C23987T,G24914T		S:P809S,S:D1118Y		N/A	N/A	N/A	N/A	N/A	N/A	N/A	N/A	N/A	N/A	ORF1b:2404		3000	0	good	0	10	0	good	0	24	-6	0	good	2		0	good	0		0		0	0	good		0	0	good	0		ORF1a,ORF6,ORF7a,ORF7b,ORF8,N,ORF9b	"When processing gene ""ORF1a"": The extracted gene sequence is empty or consists entirely from gaps;When processing gene ""ORF6"": The extracted gene sequence is empty or consists entirely from gaps;When processing gene ""ORF7a"": The extracted gene sequence is empty or consists entirely from gaps;When processing gene ""ORF7b"": The extracted gene sequence is empty or consists entirely from gaps;When processing gene ""ORF8"": The extracted gene sequence is empty or consists entirely from gaps;When processing gene ""N"": The extracted gene sequence is empty or consists entirely from gaps;When processing gene ""ORF9b"": The extracted gene sequence is empty or consists entirely from gaps"	
33	741_sub0	21J	21J (Delta)	Delta	21J	B.1.617.2.4	AY.4	56.250000	mediocre	14	5	0	1	0	0	7	2	0	1117	18408	20678	26839	0.206066280975153	E:1,M:0.47085201793721976,ORF1b:0.1083086053412463,ORF3a:1,S:0.12401883830455258	false	T20699C,T21262C,C21618G,C21846T,G21987A,T22917G,C22995A,A23403G,C23604G,C23987T,G24410A,G24914T,C25469T,T26767C	22031-22035		S:159-1274	M:I82T,ORF1b:L2411P,ORF1b:S2599P,ORF3a:S26L,S:T19R,S:T95I,S:G142D	S:F157-,S:R158-				T20699C,T21262C,C23987T,G24914T	0	0	4	4		NODE_0000627	T20699C,T21262C,C21846T,C23987T,G24914T	22035	ORF1b:L2411P,ORF1b:S2599P,S:T95I,S:-156E	S:G158-	NODE_0000676	T20699C,T21262C,C23987T,G24914T	22035	ORF1b:L2411P,ORF1b:S2599P,S:-156E	S:G158-	N/A	N/A	N/A	N/A	N/A	N/A	N/A	N/A	N/A	N/A	ORF1b:2404,S:159-1274		3000	0	good	0	10	0	good	0	24	-3	0	good	5		0	good	0	S:159-1274	1		0	75	mediocre		0	0	good	0		ORF1a,ORF6,ORF7a,ORF7b,ORF8,N,ORF9b	"When processing gene ""ORF1a"": The extracted gene sequence is empty or consists entirely from gaps;When processing gene ""ORF6"": The extracted gene sequence is empty or consists entirely from gaps;When processing gene ""ORF7a"": The extracted gene sequence is empty or consists entirely from gaps;When processing gene ""ORF7b"": The extracted gene sequence is empty or consists entirely from gaps;When processing gene ""ORF8"": The extracted gene sequence is empty or consists entirely from gaps;When processing gene ""N"": The extracted gene sequence is empty or consists entirely from gaps;When processing gene ""ORF9b"": The extracted gene sequence is empty or consists entirely from gaps"	
36	7137_sub0	21J	21J (Delta)	Delta	21J	B.1.617.2.4	AY.4	56.250000	mediocre	13	6	1	1	0	0	6	0	0	1120	18401	20678	26839	0.206066280975153	E:1,M:0.47085201793721976,ORF1b:0.1083086053412463,ORF3a:1,S:0.12166405023547881	false	G21044A,C21618G,C21846T,G21987A,T22917G,C22995A,A23403G,C23604G,C23987T,G24410A,G24914T,C25469T,T26767C	22032-22037	22027:G	S:156-1274	M:I82T,ORF1b:S2526N,ORF3a:S26L,S:T19R,S:T95I,S:G142D					G21044A,C23987T,G24914T	0	0	3	3		NODE_0000627	G21044A,C21846T,C23987T,G24914T	22035-22037	ORF1b:S2526N,S:T95I		NODE_0000676	G21044A,C23987T,G24914T	22035-22037	ORF1b:S2526N		N/A	N/A	N/A	N/A	N/A	N/A	N/A	N/A	N/A	N/A	ORF1b:2404,S:156-1274		3000	0	good	0	10	0	good	0	24	-4	0	good	4		0	good	0	S:156-1274	1		0	75	mediocre		0	0	good	0		ORF1a,ORF6,ORF7a,ORF7b,ORF8,N,ORF9b	"When processing gene ""ORF1a"": The extracted gene sequence is empty or consists entirely from gaps;When processing gene ""ORF6"": The extracted gene sequence is empty or consists entirely from gaps;When processing gene ""ORF7a"": The extracted gene sequence is empty or consists entirely from gaps;When processing gene ""ORF7b"": The extracted gene sequence is empty or consists entirely from gaps;When processing gene ""ORF8"": The extracted gene sequence is empty or consists entirely from gaps;When processing gene ""N"": The extracted gene sequence is empty or consists entirely from gaps;When processing gene ""ORF9b"": The extracted gene sequence is empty or consists entirely from gaps"	
34	946_sub0	21J	21J (Delta)	Delta	21J	B.1.617.2.4	AY.4	225	bad	12	5	0	2	0	0	5	3	0	1188	18407	20678	26839	0.206066280975153	E:1,M:0.47085201793721976,ORF1b:0.08234421364985163,ORF3a:1,S:0.12323390894819466	false	C21618G,C21846T,G21987A,T22917G,C22995A,A23403G,C23604G,C23987T,G24410A,G24914T,C25469T,T26767C	21345,22030-22033		ORF1b:2627-2696,S:158-1274	M:I82T,ORF3a:S26L,S:T19R,S:T95I,S:G142D	ORF1b:I2626-,S:E156-,S:F157-				C23987T,G24914T	0	0	2	2		NODE_0000627	C21846T,C23987T,G24914T	21345	S:T95I	ORF1b:I2626-	NODE_0000676	C23987T,G24914T	21345		ORF1b:I2626-	N/A	N/A	N/A	N/A	N/A	N/A	N/A	N/A	N/A	N/A	ORF1b:2404,ORF1b:2627-2696,S:158-1274		3000	0	good	0	10	0	good	0	24	-5	0	good	3		0	good	0	ORF1b:2627-2696,S:158-1274	2		0	150	bad		0	0	good	0		ORF1a,ORF6,ORF7a,ORF7b,ORF8,N,ORF9b	"When processing gene ""ORF1a"": The extracted gene sequence is empty or consists entirely from gaps;When processing gene ""ORF6"": The extracted gene sequence is empty or consists entirely from gaps;When processing gene ""ORF7a"": The extracted gene sequence is empty or consists entirely from gaps;When processing gene ""ORF7b"": The extracted gene sequence is empty or consists entirely from gaps;When processing gene ""ORF8"": The extracted gene sequence is empty or consists entirely from gaps;When processing gene ""N"": The extracted gene sequence is empty or consists entirely from gaps;When processing gene ""ORF9b"": The extracted gene sequence is empty or consists entirely from gaps"	
32	801_sub0	21J	21J (Delta)	Delta	21J	B.1.617.2.4	AY.4	56.250000	mediocre	12	5	0	1	0	0	5	2	0	1117	18416	20678	26839	0.206066280975153	E:1,M:0.47085201793721976,ORF1b:0.1083086053412463,ORF3a:1,S:0.12401883830455258	false	C21618G,C21846T,G21987A,T22917G,C22995A,A23403G,C23604G,C23987T,G24410A,G24914T,C25469T,T26767C	22031-22035		S:159-1274	M:I82T,ORF3a:S26L,S:T19R,S:T95I,S:G142D	S:F157-,S:R158-				C23987T,G24914T	0	0	2	2		NODE_0000627	C21846T,C23987T,G24914T	22035	S:T95I,S:-156E	S:G158-	NODE_0000676	C23987T,G24914T	22035	S:-156E	S:G158-	N/A	N/A	N/A	N/A	N/A	N/A	N/A	N/A	N/A	N/A	ORF1b:2404,S:159-1274		3000	0	good	0	10	0	good	0	24	-5	0	good	3		0	good	0	S:159-1274	1		0	75	mediocre		0	0	good	0		ORF1a,ORF6,ORF7a,ORF7b,ORF8,N,ORF9b	"When processing gene ""ORF1a"": The extracted gene sequence is empty or consists entirely from gaps;When processing gene ""ORF6"": The extracted gene sequence is empty or consists entirely from gaps;When processing gene ""ORF7a"": The extracted gene sequence is empty or consists entirely from gaps;When processing gene ""ORF7b"": The extracted gene sequence is empty or consists entirely from gaps;When processing gene ""ORF8"": The extracted gene sequence is empty or consists entirely from gaps;When processing gene ""N"": The extracted gene sequence is empty or consists entirely from gaps;When processing gene ""ORF9b"": The extracted gene sequence is empty or consists entirely from gaps"	
37	699_sub0	21J	21J (Delta)	Delta	21J	B.1.617.2.4	AY.4	225	bad	14	3	1	2	0	0	8	3	0	786	18399	20678	26839	0.206066280975153	E:1,M:0.47085201793721976,ORF1b:0.1083086053412463,ORF3a:1,S:0.3838304552590267	false	C21618G,C21846T,G21987A,G22030A,T22031A,T22917G,C22995A,A23403G,C23604G,C23987T,G24410A,G24914T,C25469T,T26767C	22033-22034,23231	24223:T	S:159-556,S:888-1274	M:I82T,ORF3a:S26L,S:T19R,S:T95I,S:G142D,S:D614G,S:P681R,S:P809S	S:F157-,S:R158-,S:K557-				-22030A,-22031A,C23987T,G24914T	0	0	4	4		NODE_0000627	C21846T,-22030A,-22031A,C23987T,G24914T	23231	S:T95I,S:-156E,S:P809S	S:G158-,S:K557-	NODE_0000676	-22030A,-22031A,C23987T,G24914T	23231	S:-156E,S:P809S	S:G158-,S:K557-	N/A	N/A	N/A	N/A	N/A	N/A	N/A	N/A	N/A	N/A	ORF1b:2404,S:159-556,S:888-1274		3000	0	good	0	10	0	good	0	24	-3	0	good	5		0	good	0	S:159-556,S:888-1274	2		0	150	bad		0	0	good	0		ORF1a,ORF6,ORF7a,ORF7b,ORF8,N,ORF9b	"When processing gene ""ORF1a"": The extracted gene sequence is empty or consists entirely from gaps;When processing gene ""ORF6"": The extracted gene sequence is empty or consists entirely from gaps;When processing gene ""ORF7a"": The extracted gene sequence is empty or consists entirely from gaps;When processing gene ""ORF7b"": The extracted gene sequence is empty or consists entirely from gaps;When processing gene ""ORF8"": The extracted gene sequence is empty or consists entirely from gaps;When processing gene ""N"": The extracted gene sequence is empty or consists entirely from gaps;When processing gene ""ORF9b"": The extracted gene sequence is empty or consists entirely from gaps"	
50	994_sub0	21J	21J (Delta)	Delta	21J	B.1.617.2.4	AY.4	56.250000	mediocre	12	4	1	1	0	0	8	2	0	602	18411	20678	26839	0.206066280975153	E:1,M:0.47085201793721976,ORF1b:0.1083086053412463,ORF3a:1,S:0.5282574568288854	false	C21618G,C21846T,G21987A,T22917G,C22995A,A23403G,C23604G,C23987T,G24410A,G24914T,C25469T,T26767C	22030-22033	23836:T	S:158-758	M:I82T,ORF3a:S26L,S:T19R,S:T95I,S:G142D,S:P809S,S:D950N,S:D1118Y	S:E156-,S:F157-				C23987T,G24914T	0	0	2	2		NODE_0000627	C21846T,C23987T,G24914T		S:T95I,S:P809S,S:D1118Y		NODE_0000676	C23987T,G24914T		S:P809S,S:D1118Y		N/A	N/A	N/A	N/A	N/A	N/A	N/A	N/A	N/A	N/A	ORF1b:2404,S:158-758		3000	0	good	0	10	0	good	0	24	-6	0	good	2		0	good	0	S:158-758	1		0	75	mediocre		0	0	good	0		ORF1a,ORF6,ORF7a,ORF7b,ORF8,N,ORF9b	"When processing gene ""ORF1a"": The extracted gene sequence is empty or consists entirely from gaps;When processing gene ""ORF6"": The extracted gene sequence is empty or consists entirely from gaps;When processing gene ""ORF7a"": The extracted gene sequence is empty or consists entirely from gaps;When processing gene ""ORF7b"": The extracted gene sequence is empty or consists entirely from gaps;When processing gene ""ORF8"": The extracted gene sequence is empty or consists entirely from gaps;When processing gene ""N"": The extracted gene sequence is empty or consists entirely from gaps;When processing gene ""ORF9b"": The extracted gene sequence is empty or consists entirely from gaps"	
38	777_sub0	21J	21J (Delta)	Delta	21J	B.1.617.2.4	AY.4	0	good	12	6	0	0	0	0	13	2	0	1	18412	20678	26839	0.206066280975153	E:1,M:0.47085201793721976,ORF1b:0.1083086053412463,ORF3a:1,S:1	false	C21618G,C21846T,G21987A,T22917G,C22995A,A23403G,C23604G,C23987T,G24410A,G24914T,C25469T,T26767C	22029-22034			M:I82T,ORF3a:S26L,S:T19R,S:T95I,S:G142D,S:R158G,S:L452R,S:T478K,S:D614G,S:P681R,S:P809S,S:D950N,S:D1118Y	S:E156-,S:F157-				C23987T,G24914T	0	0	2	2		NODE_0000627	C21846T,C23987T,G24914T		S:T95I,S:P809S,S:D1118Y		NODE_0000676	C23987T,G24914T		S:P809S,S:D1118Y		N/A	N/A	N/A	N/A	N/A	N/A	N/A	N/A	N/A	N/A	ORF1b:2404		3000	0	good	0	10	0	good	0	24	-6	0	good	2		0	good	0		0		0	0	good		0	0	good	0		ORF1a,ORF6,ORF7a,ORF7b,ORF8,N,ORF9b	"When processing gene ""ORF1a"": The extracted gene sequence is empty or consists entirely from gaps;When processing gene ""ORF6"": The extracted gene sequence is empty or consists entirely from gaps;When processing gene ""ORF7a"": The extracted gene sequence is empty or consists entirely from gaps;When processing gene ""ORF7b"": The extracted gene sequence is empty or consists entirely from gaps;When processing gene ""ORF8"": The extracted gene sequence is empty or consists entirely from gaps;When processing gene ""N"": The extracted gene sequence is empty or consists entirely from gaps;When processing gene ""ORF9b"": The extracted gene sequence is empty or consists entirely from gaps"	
35	882_sub0	21J	21J (Delta)	Delta	21J	B.1.617.2.4	AY.4	56.250000	mediocre	13	5	0	1	0	0	13	2	0	115	18398	20678	26839	0.206066280975153	E:1,M:0.47085201793721976,ORF1b:0.06602373887240356,ORF3a:1,S:1	false	C21618G,C21846T,G21987A,T22917G,C22995A,A23403G,C23604G,C23987T,A24250G,G24410A,G24914T,C25469T,T26767C	21211,21310,22031-22033		ORF1b:2583-2696	M:I82T,ORF3a:S26L,S:T19R,S:T95I,S:G142D,S:L452R,S:T478K,S:D614G,S:P681R,S:P809S,S:I896M,S:D950N,S:D1118Y	ORF1b:G2582-,S:F157-				C23987T,A24250G,G24914T	0	0	3	3		NODE_0000627	C21846T,C23987T,A24250G,G24914T	21211,21310	S:T95I,S:-156E,S:G158R,S:P809S,S:I896M,S:D1118Y	ORF1b:G2582-	NODE_0000676	C23987T,A24250G,G24914T	21211,21310	S:-156E,S:G158R,S:P809S,S:I896M,S:D1118Y	ORF1b:G2582-	N/A	N/A	N/A	N/A	N/A	N/A	N/A	N/A	N/A	N/A	ORF1b:2404,ORF1b:2583-2696		3000	0	good	0	10	0	good	0	24	-3	0	good	5		0	good	0	ORF1b:2583-2696	1		0	75	mediocre		0	0	good	0		ORF1a,ORF6,ORF7a,ORF7b,ORF8,N,ORF9b	"When processing gene ""ORF1a"": The extracted gene sequence is empty or consists entirely from gaps;When processing gene ""ORF6"": The extracted gene sequence is empty or consists entirely from gaps;When processing gene ""ORF7a"": The extracted gene sequence is empty or consists entirely from gaps;When processing gene ""ORF7b"": The extracted gene sequence is empty or consists entirely from gaps;When processing gene ""ORF8"": The extracted gene sequence is empty or consists entirely from gaps;When processing gene ""N"": The extracted gene sequence is empty or consists entirely from gaps;When processing gene ""ORF9b"": The extracted gene sequence is empty or consists entirely from gaps"	
48	7273_sub0	21J	21J (Delta)	Delta	21J	B.1.617.2.4	AY.4	0	good	12	6	0	0	0	0	13	2	0	1	18412	20678	26839	0.206066280975153	E:1,M:0.47085201793721976,ORF1b:0.1083086053412463,ORF3a:1,S:1	false	C21618G,C21846T,G21987A,T22917G,C22995A,A23403G,C23604G,C23987T,G24410A,G24914T,C25469T,T26767C	22029-22034			M:I82T,ORF3a:S26L,S:T19R,S:T95I,S:G142D,S:R158G,S:L452R,S:T478K,S:D614G,S:P681R,S:P809S,S:D950N,S:D1118Y	S:E156-,S:F157-				C23987T,G24914T	0	0	2	2		NODE_0000627	C21846T,C23987T,G24914T		S:T95I,S:P809S,S:D1118Y		NODE_0000676	C23987T,G24914T		S:P809S,S:D1118Y		N/A	N/A	N/A	N/A	N/A	N/A	N/A	N/A	N/A	N/A	ORF1b:2404		3000	0	good	0	10	0	good	0	24	-6	0	good	2		0	good	0		0		0	0	good		0	0	good	0		ORF1a,ORF6,ORF7a,ORF7b,ORF8,N,ORF9b	"When processing gene ""ORF1a"": The extracted gene sequence is empty or consists entirely from gaps;When processing gene ""ORF6"": The extracted gene sequence is empty or consists entirely from gaps;When processing gene ""ORF7a"": The extracted gene sequence is empty or consists entirely from gaps;When processing gene ""ORF7b"": The extracted gene sequence is empty or consists entirely from gaps;When processing gene ""ORF8"": The extracted gene sequence is empty or consists entirely from gaps;When processing gene ""N"": The extracted gene sequence is empty or consists entirely from gaps;When processing gene ""ORF9b"": The extracted gene sequence is empty or consists entirely from gaps"	
53	7692_sub0	21J	21J (Delta)	Delta	21J	B.1.617.2.4	AY.4	56.250000	mediocre	12	7	0	1	0	0	6	3	0	1088	18402	20678	26839	0.206066280975153	E:1,M:0.47085201793721976,ORF1b:0.1083086053412463,ORF3a:1,S:0.14678178963893249	false	C21618G,C21846T,G21987A,T22917G,C22995A,A23403G,C23604G,C23987T,G24410A,G24914T,C25469T,T26767C	22029-22034,22121		S:188-1274	M:I82T,ORF3a:S26L,S:T19R,S:T95I,S:G142D,S:R158G	S:E156-,S:F157-,S:K187-				C23987T,G24914T	0	0	2	2		NODE_0000627	C21846T,C23987T,G24914T	22121	S:T95I	S:K187-	NODE_0000676	C23987T,G24914T	22121		S:K187-	N/A	N/A	N/A	N/A	N/A	N/A	N/A	N/A	N/A	N/A	ORF1b:2404,S:188-1274		3000	0	good	0	10	0	good	0	24	-5	0	good	3		0	good	0	S:188-1274	1		0	75	mediocre		0	0	good	0		ORF1a,ORF6,ORF7a,ORF7b,ORF8,N,ORF9b	"When processing gene ""ORF1a"": The extracted gene sequence is empty or consists entirely from gaps;When processing gene ""ORF6"": The extracted gene sequence is empty or consists entirely from gaps;When processing gene ""ORF7a"": The extracted gene sequence is empty or consists entirely from gaps;When processing gene ""ORF7b"": The extracted gene sequence is empty or consists entirely from gaps;When processing gene ""ORF8"": The extracted gene sequence is empty or consists entirely from gaps;When processing gene ""N"": The extracted gene sequence is empty or consists entirely from gaps;When processing gene ""ORF9b"": The extracted gene sequence is empty or consists entirely from gaps"	
49	6791_sub0	21J	21J (Delta)	Delta	21J	B.1.617.2.4	AY.4	0	good	12	6	0	0	0	0	13	2	0	1	18412	20678	26839	0.206066280975153	E:1,M:0.47085201793721976,ORF1b:0.1083086053412463,ORF3a:1,S:1	false	C21618G,C21846T,G21987A,T22917G,C22995A,A23403G,C23604G,C23987T,G24410A,G24914T,C25469T,T26767C	22029-22034			M:I82T,ORF3a:S26L,S:T19R,S:T95I,S:G142D,S:R158G,S:L452R,S:T478K,S:D614G,S:P681R,S:P809S,S:D950N,S:D1118Y	S:E156-,S:F157-				C23987T,G24914T	0	0	2	2		NODE_0000627	C21846T,C23987T,G24914T		S:T95I,S:P809S,S:D1118Y		NODE_0000676	C23987T,G24914T		S:P809S,S:D1118Y		N/A	N/A	N/A	N/A	N/A	N/A	N/A	N/A	N/A	N/A	ORF1b:2404		3000	0	good	0	10	0	good	0	24	-6	0	good	2		0	good	0		0		0	0	good		0	0	good	0		ORF1a,ORF6,ORF7a,ORF7b,ORF8,N,ORF9b	"When processing gene ""ORF1a"": The extracted gene sequence is empty or consists entirely from gaps;When processing gene ""ORF6"": The extracted gene sequence is empty or consists entirely from gaps;When processing gene ""ORF7a"": The extracted gene sequence is empty or consists entirely from gaps;When processing gene ""ORF7b"": The extracted gene sequence is empty or consists entirely from gaps;When processing gene ""ORF8"": The extracted gene sequence is empty or consists entirely from gaps;When processing gene ""N"": The extracted gene sequence is empty or consists entirely from gaps;When processing gene ""ORF9b"": The extracted gene sequence is empty or consists entirely from gaps"	
46	826_sub0	21J	21J (Delta)	Delta	21J	B.1.617.2.4	AY.4	56.250000	mediocre	15	4	0	1	0	0	6	2	0	1118	18406	20678	26839	0.206066280975153	E:1,M:0.47085201793721976,ORF1b:0.1083086053412463,ORF3a:1,S:0.12323390894819466	false	C21618G,C21654T,C21846T,G21987A,T22917G,C22995A,A23403G,C23604G,C23987T,G24233A,G24410A,G24557T,G24914T,C25469T,T26767C	22030-22033		S:158-1274	M:I82T,ORF3a:S26L,S:T19R,S:S31F,S:T95I,S:G142D	S:E156-,S:F157-			C21654T|24I	C23987T,G24233A,G24557T,G24914T	0	1	4	5		NODE_0000627	C21654T,C21846T,C23987T,G24233A,G24557T,G24914T		S:S31F,S:T95I		NODE_0000676	C21654T,C23987T,G24233A,G24557T,G24914T		S:S31F		N/A	N/A	N/A	N/A	N/A	N/A	N/A	N/A	N/A	N/A	ORF1b:2404,S:158-1274		3000	0	good	0	10	0	good	0	24	0	0	good	8		0	good	0	S:158-1274	1		0	75	mediocre		0	0	good	0		ORF1a,ORF6,ORF7a,ORF7b,ORF8,N,ORF9b	"When processing gene ""ORF1a"": The extracted gene sequence is empty or consists entirely from gaps;When processing gene ""ORF6"": The extracted gene sequence is empty or consists entirely from gaps;When processing gene ""ORF7a"": The extracted gene sequence is empty or consists entirely from gaps;When processing gene ""ORF7b"": The extracted gene sequence is empty or consists entirely from gaps;When processing gene ""ORF8"": The extracted gene sequence is empty or consists entirely from gaps;When processing gene ""N"": The extracted gene sequence is empty or consists entirely from gaps;When processing gene ""ORF9b"": The extracted gene sequence is empty or consists entirely from gaps"	
42	806_sub0	21J	21J (Delta)	Delta	21J	B.1.617.2.4	AY.4	56.250000	mediocre	16	2	0	1	0	0	5	2	0	1118	18409	20678	26839	0.206066280975153	E:1,M:0.47085201793721976,ORF1b:0.1083086053412463,ORF3a:1,S:0.12323390894819466	false	C21618G,C21846T,G21987A,A22029G,C22033G,G22894A,T22917G,C22995A,A23403G,C23604G,C23987T,G24410A,G24914T,C25469T,T26397G,T26767C	22031-22032		S:158-1274	M:I82T,ORF3a:S26L,S:T19R,S:T95I,S:G142D	S:E156-,S:F157-				-22029G,-22033G,G22894A,C23987T,G24914T,T26397G	0	0	6	6		NODE_0000627	C21846T,-22029G,-22033G,G22894A,C23987T,G24914T,T26397G		S:T95I		NODE_0000676	-22029G,-22033G,G22894A,C23987T,G24914T,T26397G				N/A	N/A	N/A	N/A	N/A	N/A	N/A	N/A	N/A	N/A	ORF1b:2404,S:158-1274		3000	0	good	0	10	0	good	0	24	-2	0	good	6		0	good	0	S:158-1274	1		0	75	mediocre		0	0	good	0		ORF1a,ORF6,ORF7a,ORF7b,ORF8,N,ORF9b	"When processing gene ""ORF1a"": The extracted gene sequence is empty or consists entirely from gaps;When processing gene ""ORF6"": The extracted gene sequence is empty or consists entirely from gaps;When processing gene ""ORF7a"": The extracted gene sequence is empty or consists entirely from gaps;When processing gene ""ORF7b"": The extracted gene sequence is empty or consists entirely from gaps;When processing gene ""ORF8"": The extracted gene sequence is empty or consists entirely from gaps;When processing gene ""N"": The extracted gene sequence is empty or consists entirely from gaps;When processing gene ""ORF9b"": The extracted gene sequence is empty or consists entirely from gaps"	
44	986_sub0	21J	21J (Delta)	Delta	21J	B.1.617.2.4	AY.4	56.250000	mediocre	15	6	0	1	0	0	6	3	0	1115	18386	20678	26839	0.206066280975153	E:1,M:0.47085201793721976,ORF1b:0.1083086053412463,ORF3a:1,S:0.12558869701726844	false	C21618G,C21846T,G21987A,T22275C,T22917G,C22995A,A23403G,C23604G,C23987T,G24410A,G24914T,C25469T,T25828G,A26358G,T26767C	22030-22033,23396,25376		S:158-1271	M:I82T,ORF3a:S26L,ORF3a:F146V,S:T19R,S:T95I,S:G142D	S:E156-,S:F157-,S:Y1272-				T22275C,C23987T,G24914T,T25828G,A26358G	0	0	5	5		NODE_0000627	C21846T,T22275C,C23987T,G24914T,T25828G,A26358G	23396,25376	ORF3a:F146V,S:T95I	S:Y1272-	NODE_0000676	T22275C,C23987T,G24914T,T25828G,A26358G	23396,25376	ORF3a:F146V	S:Y1272-	N/A	N/A	N/A	N/A	N/A	N/A	N/A	N/A	N/A	N/A	ORF1b:2404,S:158-1271		3000	0	good	0	10	0	good	0	24	-1	0	good	7		0	good	0	S:158-1271	1		0	75	mediocre		0	0	good	0		ORF1a,ORF6,ORF7a,ORF7b,ORF8,N,ORF9b	"When processing gene ""ORF1a"": The extracted gene sequence is empty or consists entirely from gaps;When processing gene ""ORF6"": The extracted gene sequence is empty or consists entirely from gaps;When processing gene ""ORF7a"": The extracted gene sequence is empty or consists entirely from gaps;When processing gene ""ORF7b"": The extracted gene sequence is empty or consists entirely from gaps;When processing gene ""ORF8"": The extracted gene sequence is empty or consists entirely from gaps;When processing gene ""N"": The extracted gene sequence is empty or consists entirely from gaps;When processing gene ""ORF9b"": The extracted gene sequence is empty or consists entirely from gaps"	
40	7887_sub0	21J	21J (Delta)	Delta	21J	B.1.617.2.4	AY.4	0	good	13	7	0	0	0	0	14	2	0	1	18399	20678	26839	0.206066280975153	E:1,M:0.47085201793721976,ORF1b:0.1083086053412463,ORF3a:1,S:1	false	C21618G,C21846T,G21987A,T22917G,C22995A,C23099T,A23403G,C23604G,C23987T,G24410A,G24914T,C25469T,T26767C	22029-22034,26502			M:I82T,ORF3a:S26L,S:T19R,S:T95I,S:G142D,S:R158G,S:L452R,S:T478K,S:L513F,S:D614G,S:P681R,S:P809S,S:D950N,S:D1118Y	S:E156-,S:F157-				C23099T,C23987T,G24914T	0	0	3	3		NODE_0000627	C21846T,C23099T,C23987T,G24914T	26502	S:T95I,S:L513F,S:P809S,S:D1118Y		NODE_0000676	C23099T,C23987T,G24914T	26502	S:L513F,S:P809S,S:D1118Y		N/A	N/A	N/A	N/A	N/A	N/A	N/A	N/A	N/A	N/A	ORF1b:2404		3000	0	good	0	10	0	good	0	24	-4	0	good	4		0	good	0		0		0	0	good		0	0	good	0		ORF1a,ORF6,ORF7a,ORF7b,ORF8,N,ORF9b	"When processing gene ""ORF1a"": The extracted gene sequence is empty or consists entirely from gaps;When processing gene ""ORF6"": The extracted gene sequence is empty or consists entirely from gaps;When processing gene ""ORF7a"": The extracted gene sequence is empty or consists entirely from gaps;When processing gene ""ORF7b"": The extracted gene sequence is empty or consists entirely from gaps;When processing gene ""ORF8"": The extracted gene sequence is empty or consists entirely from gaps;When processing gene ""N"": The extracted gene sequence is empty or consists entirely from gaps;When processing gene ""ORF9b"": The extracted gene sequence is empty or consists entirely from gaps"	
41	7078_sub0	21J	21J (Delta)	Delta	21J	B.1.617.2.4	AY.4	0	good	14	3	0	0	0	0	13	1	0	1	18413	20678	26839	0.206066280975153	E:1,M:0.47085201793721976,ORF1b:0.1083086053412463,ORF3a:1,S:1	false	C21618G,C21846T,G21987A,T22032C,A22034C,T22917G,C22995A,A23403G,C23604G,C23987T,G24410A,G24914T,C25469T,T26767C	22029-22031			M:I82T,ORF3a:S26L,S:T19R,S:T95I,S:G142D,S:F157A,S:L452R,S:T478K,S:D614G,S:P681R,S:P809S,S:D950N,S:D1118Y	S:E156-			-22032C|24A&24E&24C&24F&24B&23I&24G&rec&25A&24H&24D&24I&25B&25C	-22034C,C23987T,G24914T	0	1	3	4		NODE_0000627	C21846T,-22032C,-22034C,C23987T,G24914T		S:T95I,S:-157A,S:G158R,S:P809S,S:D1118Y		NODE_0000676	-22032C,-22034C,C23987T,G24914T		S:-157A,S:G158R,S:P809S,S:D1118Y		N/A	N/A	N/A	N/A	N/A	N/A	N/A	N/A	N/A	N/A	ORF1b:2404		3000	0	good	0	10	0	good	0	24	-1	0	good	7		0	good	0		0		0	0	good		0	0	good	0		ORF1a,ORF6,ORF7a,ORF7b,ORF8,N,ORF9b	"When processing gene ""ORF1a"": The extracted gene sequence is empty or consists entirely from gaps;When processing gene ""ORF6"": The extracted gene sequence is empty or consists entirely from gaps;When processing gene ""ORF7a"": The extracted gene sequence is empty or consists entirely from gaps;When processing gene ""ORF7b"": The extracted gene sequence is empty or consists entirely from gaps;When processing gene ""ORF8"": The extracted gene sequence is empty or consists entirely from gaps;When processing gene ""N"": The extracted gene sequence is empty or consists entirely from gaps;When processing gene ""ORF9b"": The extracted gene sequence is empty or consists entirely from gaps"	
43	841_sub0	21J	21J (Delta)	Delta	21J	B.1.617.2.4	AY.4	56.944444	mediocre	16	3	0	1	0	0	7	3	0	916	18398	20678	26839	0.206066280975153	E:1,M:0.47085201793721976,ORF1b:0.1083086053412463,ORF3a:1,S:0.2817896389324961	false	C21618G,C21846T,G21987A,C22033A,C22916A,T22917G,C22995A,A23165T,A23403G,C23604G,C23987T,G24410A,G24914T,C25469T,G25606A,T26767C	22030-22031,24779		S:158-1072	M:I82T,ORF3a:S26L,ORF3a:A72T,S:T19R,S:T95I,S:G142D,S:D1118Y	S:E156-,S:F157-,S:K1073-			-22033A|24A&24E&22D&23C&24C&23F&24F&24B&rec&23I&24G&25A&24H&24D&24I&25B&25C	C22916A,A23165T,C23987T,G24914T,G25606A	0	1	5	6		NODE_0000627	C21846T,-22033A,C22916A,A23165T,C23987T,G24914T,G25606A	24779	ORF3a:A72T,S:T95I,S:D1118Y	S:K1073-	NODE_0000676	-22033A,C22916A,A23165T,C23987T,G24914T,G25606A	24779	ORF3a:A72T,S:D1118Y	S:K1073-	N/A	N/A	N/A	N/A	N/A	N/A	N/A	N/A	N/A	N/A	ORF1b:2404,S:158-1072		3000	0	good	0	10	0	good	0	24	2	8.333333	good	10		0	good	0	S:158-1072	1		0	75	mediocre		0	0	good	0		ORF1a,ORF6,ORF7a,ORF7b,ORF8,N,ORF9b	"When processing gene ""ORF1a"": The extracted gene sequence is empty or consists entirely from gaps;When processing gene ""ORF6"": The extracted gene sequence is empty or consists entirely from gaps;When processing gene ""ORF7a"": The extracted gene sequence is empty or consists entirely from gaps;When processing gene ""ORF7b"": The extracted gene sequence is empty or consists entirely from gaps;When processing gene ""ORF8"": The extracted gene sequence is empty or consists entirely from gaps;When processing gene ""N"": The extracted gene sequence is empty or consists entirely from gaps;When processing gene ""ORF9b"": The extracted gene sequence is empty or consists entirely from gaps"	
39	974_sub0	21J	21J (Delta)	Delta	21J	B.1.617.2.4	AY.4	225	bad	13	10	1	2	0	0	12	5	0	201	18367	20678	26839	0.206066280975153	E:1,M:0.47085201793721976,ORF1b:0.1083086053412463,ORF3a:1,S:0.8430141287284144	false	C21618G,C21846T,G21987A,T22917G,C22995A,A23403G,C23604G,C23987T,G24410A,G24914T,G25249T,C25469T,T26767C	22029-22034,23966,24774,25247-25248	23836:T	S:759-801,S:1072-1228	M:I82T,ORF3a:S26L,S:T19R,S:T95I,S:G142D,S:R158G,S:L452R,S:T478K,S:D614G,S:P681R,S:P809S,S:D950N	S:E156-,S:F157-,S:F802-,S:Q1071-,S:M1229-				C23987T,G24914T,G25249T	0	0	3	3		NODE_0000627	C21846T,C23987T,G24914T,G25249T	23966,24774,25247-25248	S:T95I,S:P809S	S:F802-,S:Q1071-,S:M1229-	NODE_0000676	C23987T,G24914T,G25249T	23966,24774,25247-25248	S:P809S	S:F802-,S:Q1071-,S:M1229-	N/A	N/A	N/A	N/A	N/A	N/A	N/A	N/A	N/A	N/A	ORF1b:2404,S:759-801,S:1072-1228		3000	0	good	0	10	0	good	0	24	-2	0	good	6		0	good	0	S:759-801,S:1072-1228	2		0	150	bad		0	0	good	0		ORF1a,ORF6,ORF7a,ORF7b,ORF8,N,ORF9b	"When processing gene ""ORF1a"": The extracted gene sequence is empty or consists entirely from gaps;When processing gene ""ORF6"": The extracted gene sequence is empty or consists entirely from gaps;When processing gene ""ORF7a"": The extracted gene sequence is empty or consists entirely from gaps;When processing gene ""ORF7b"": The extracted gene sequence is empty or consists entirely from gaps;When processing gene ""ORF8"": The extracted gene sequence is empty or consists entirely from gaps;When processing gene ""N"": The extracted gene sequence is empty or consists entirely from gaps;When processing gene ""ORF9b"": The extracted gene sequence is empty or consists entirely from gaps"	
45	6983_sub0	21J	21J (Delta)	Delta	21J	B.1.617.2.4	AY.4	56.250000	mediocre	15	6	0	1	0	0	13	3	0	198	18393	20678	26839	0.206066280975153	E:1,M:0.47085201793721976,ORF1b:0.1083086053412463,ORF3a:1,S:0.8453689167974883	false	T20777C,C21618G,C21846T,G21987A,A22029C,G22627C,T22917G,C22995A,A23403G,C23604G,C23987T,G24410A,G24914T,C25469T,T26767C	22031-22035,22626		S:159-355	M:I82T,ORF1b:I2437T,ORF3a:S26L,S:T19R,S:T95I,S:G142D,S:L452R,S:T478K,S:D614G,S:P681R,S:P809S,S:D950N,S:D1118Y	S:E156-,S:F157-,S:R158-				T20777C,-22029C,G22627C,C23987T,G24914T	0	0	5	5		NODE_0000627	T20777C,C21846T,-22029C,G22627C,C23987T,G24914T	22035,22626	ORF1b:I2437T,S:T95I,S:P809S,S:D1118Y	S:G158-	NODE_0000676	T20777C,-22029C,G22627C,C23987T,G24914T	22035,22626	ORF1b:I2437T,S:P809S,S:D1118Y	S:G158-	N/A	N/A	N/A	N/A	N/A	N/A	N/A	N/A	N/A	N/A	ORF1b:2404,S:159-355		3000	0	good	0	10	0	good	0	24	-1	0	good	7		0	good	0	S:159-355	1		0	75	mediocre		0	0	good	0		ORF1a,ORF6,ORF7a,ORF7b,ORF8,N,ORF9b	"When processing gene ""ORF1a"": The extracted gene sequence is empty or consists entirely from gaps;When processing gene ""ORF6"": The extracted gene sequence is empty or consists entirely from gaps;When processing gene ""ORF7a"": The extracted gene sequence is empty or consists entirely from gaps;When processing gene ""ORF7b"": The extracted gene sequence is empty or consists entirely from gaps;When processing gene ""ORF8"": The extracted gene sequence is empty or consists entirely from gaps;When processing gene ""N"": The extracted gene sequence is empty or consists entirely from gaps;When processing gene ""ORF9b"": The extracted gene sequence is empty or consists entirely from gaps"	
47	910_sub0	21J	21J (Delta)	Delta	21J	B.1.617.2.4	AY.4	56.250000	mediocre	14	7	0	1	0	0	13	3	0	49	18394	20678	26839	0.206066280975153	E:1,M:0.47085201793721976,ORF1b:0.09050445103857567,ORF3a:1,S:1	false	A21444T,C21618G,C21846T,G21987A,T22917G,C22995A,A23403G,C23604G,C23987T,G24410A,G24914T,C24961T,C25469T,T26767C	21409,22029-22034		ORF1b:2649-2696	M:I82T,ORF3a:S26L,S:T19R,S:T95I,S:G142D,S:R158G,S:L452R,S:T478K,S:D614G,S:P681R,S:P809S,S:D950N,S:D1118Y	ORF1b:P2648-,S:E156-,S:F157-				A21444T,C23987T,G24914T,C24961T	0	0	4	4		NODE_0000627	A21444T,C21846T,C23987T,G24914T,C24961T	21409	S:T95I,S:P809S,S:D1118Y	ORF1b:P2648-	NODE_0000676	A21444T,C23987T,G24914T,C24961T	21409	S:P809S,S:D1118Y	ORF1b:P2648-	N/A	N/A	N/A	N/A	N/A	N/A	N/A	N/A	N/A	N/A	ORF1b:2404,ORF1b:2649-2696		3000	0	good	0	10	0	good	0	24	-3	0	good	5		0	good	0	ORF1b:2649-2696	1		0	75	mediocre		0	0	good	0		ORF1a,ORF6,ORF7a,ORF7b,ORF8,N,ORF9b	"When processing gene ""ORF1a"": The extracted gene sequence is empty or consists entirely from gaps;When processing gene ""ORF6"": The extracted gene sequence is empty or consists entirely from gaps;When processing gene ""ORF7a"": The extracted gene sequence is empty or consists entirely from gaps;When processing gene ""ORF7b"": The extracted gene sequence is empty or consists entirely from gaps;When processing gene ""ORF8"": The extracted gene sequence is empty or consists entirely from gaps;When processing gene ""N"": The extracted gene sequence is empty or consists entirely from gaps;When processing gene ""ORF9b"": The extracted gene sequence is empty or consists entirely from gaps"	
52	681_sub0	21J	21J (Delta)	Delta	21J	B.1.617.2.4	AY.4	56.250000	mediocre	15	4	0	1	0	0	5	2	0	1118	18406	20678	26839	0.206066280975153	E:1,M:0.47085201793721976,ORF1b:0.1083086053412463,ORF3a:1,S:0.12323390894819466	false	C21618G,C21846T,G21987A,C22033T,T22917G,C22995A,A23403G,C23604G,C23987T,G24200A,A24205G,G24410A,G24914T,C25469T,T26767C	22029-22032		S:158-1274	M:I82T,ORF3a:S26L,S:T19R,S:T95I,S:G142D	S:E156-,S:F157-				-22033T,C23987T,G24200A,A24205G,G24914T	0	0	5	5		NODE_0000627	C21846T,-22033T,C23987T,G24200A,A24205G,G24914T		S:T95I		NODE_0000676	-22033T,C23987T,G24200A,A24205G,G24914T				N/A	N/A	N/A	N/A	N/A	N/A	N/A	N/A	N/A	N/A	ORF1b:2404,S:158-1274		3000	0	good	0	10	0	good	0	24	-3	0	good	5		0	good	0	S:158-1274	1		0	75	mediocre		0	0	good	0		ORF1a,ORF6,ORF7a,ORF7b,ORF8,N,ORF9b	"When processing gene ""ORF1a"": The extracted gene sequence is empty or consists entirely from gaps;When processing gene ""ORF6"": The extracted gene sequence is empty or consists entirely from gaps;When processing gene ""ORF7a"": The extracted gene sequence is empty or consists entirely from gaps;When processing gene ""ORF7b"": The extracted gene sequence is empty or consists entirely from gaps;When processing gene ""ORF8"": The extracted gene sequence is empty or consists entirely from gaps;When processing gene ""N"": The extracted gene sequence is empty or consists entirely from gaps;When processing gene ""ORF9b"": The extracted gene sequence is empty or consists entirely from gaps"	
57	647_sub0	21J	21J (Delta)	Delta	21J	B.1.617.2.4	AY.4	56.250000	mediocre	12	7	2	2	0	0	13	2	0	184	18387	20678	26839	0.206066280975153	E:1,M:0.47085201793721976,ORF1b:0.09272997032640949,ORF3a:0.4891304347826087,S:1	false	C21618G,C21846T,G21987A,T22917G,C22995A,A23403G,C23604G,C23987T,G24410A,G24914T,C25469T,T26767C	21227,22029-22034	21102:T,25797:A	ORF1b:2546-2587,ORF3a:136-276	M:I82T,ORF3a:S26L,S:T19R,S:T95I,S:G142D,S:R158G,S:L452R,S:T478K,S:D614G,S:P681R,S:P809S,S:D950N,S:D1118Y	S:E156-,S:F157-				C23987T,G24914T	0	0	2	2		NODE_0000627	C21846T,C23987T,G24914T	21227	S:T95I,S:P809S,S:D1118Y		NODE_0000676	C23987T,G24914T	21227	S:P809S,S:D1118Y		N/A	N/A	N/A	N/A	N/A	N/A	N/A	N/A	N/A	N/A	ORF1b:2404,ORF1b:2546-2587,ORF3a:136-276		3000	0	good	0	10	0	good	0	24	-5	0	good	3		0	good	0	ORF1b:2546-2587	1	ORF3a:136-276	1	75	mediocre		0	0	good	0		ORF1a,ORF6,ORF7a,ORF7b,ORF8,N,ORF9b	"When processing gene ""ORF1a"": The extracted gene sequence is empty or consists entirely from gaps;When processing gene ""ORF6"": The extracted gene sequence is empty or consists entirely from gaps;When processing gene ""ORF7a"": The extracted gene sequence is empty or consists entirely from gaps;When processing gene ""ORF7b"": The extracted gene sequence is empty or consists entirely from gaps;When processing gene ""ORF8"": The extracted gene sequence is empty or consists entirely from gaps;When processing gene ""N"": The extracted gene sequence is empty or consists entirely from gaps;When processing gene ""ORF9b"": The extracted gene sequence is empty or consists entirely from gaps"	
58	7877_sub0	21J	21J (Delta)	Delta	21J	B.1.617.2.4	AY.4	56.250000	mediocre	13	7	0	1	0	0	3	1	0	1217	18398	20678	26839	0.206066280975153	E:1,M:0.47085201793721976,ORF1b:0.1083086053412463,ORF3a:1,S:0.04552590266875981	false	C21618G,C21846T,G21987A,T22917G,C22995A,A23403G,C23604G,C23987T,G24410A,G24914T,G24954A,C25469T,T26767C	21734,22029-22034		S:59-1274	M:I82T,ORF3a:S26L,S:T19R	S:F58-				C23987T,G24914T,G24954A	0	0	3	3		NODE_0000627	C21846T,C23987T,G24914T,G24954A	21734		S:F58-	NODE_0000676	C23987T,G24914T,G24954A	21734		S:F58-	N/A	N/A	N/A	N/A	N/A	N/A	N/A	N/A	N/A	N/A	ORF1b:2404,S:59-1274		3000	0	good	0	10	0	good	0	24	-4	0	good	4		0	good	0	S:59-1274	1		0	75	mediocre		0	0	good	0		ORF1a,ORF6,ORF7a,ORF7b,ORF8,N,ORF9b	"When processing gene ""ORF1a"": The extracted gene sequence is empty or consists entirely from gaps;When processing gene ""ORF6"": The extracted gene sequence is empty or consists entirely from gaps;When processing gene ""ORF7a"": The extracted gene sequence is empty or consists entirely from gaps;When processing gene ""ORF7b"": The extracted gene sequence is empty or consists entirely from gaps;When processing gene ""ORF8"": The extracted gene sequence is empty or consists entirely from gaps;When processing gene ""N"": The extracted gene sequence is empty or consists entirely from gaps;When processing gene ""ORF9b"": The extracted gene sequence is empty or consists entirely from gaps"	
56	981_sub0	21J	21J (Delta)	Delta	21J	B.1.617.2.4	AY.4	56.250000	mediocre	14	4	0	1	0	0	12	2	0	204	18403	20678	26839	0.206066280975153	E:1,M:0.47085201793721976,ORF1b:0.1083086053412463,ORF3a:1,S:0.8406593406593407	false	C21618G,C21846T,G21987A,G22030T,T22917G,C22995A,A23403G,C23604G,C23987T,A23998G,G24410A,G24914T,C25469T,T26767C	22031-22033,24774		S:1072-1274	M:I82T,ORF3a:S26L,S:T19R,S:T95I,S:G142D,S:F157D,S:L452R,S:T478K,S:D614G,S:P681R,S:P809S,S:D950N	S:E156-,S:Q1071-				-22030T,C23987T,A23998G,G24914T	0	0	4	4		NODE_0000627	C21846T,-22030T,C23987T,A23998G,G24914T	24774	S:T95I,S:-157D,S:G158R,S:P809S	S:Q1071-	NODE_0000676	-22030T,C23987T,A23998G,G24914T	24774	S:-157D,S:G158R,S:P809S	S:Q1071-	N/A	N/A	N/A	N/A	N/A	N/A	N/A	N/A	N/A	N/A	ORF1b:2404,S:1072-1274		3000	0	good	0	10	0	good	0	24	-3	0	good	5		0	good	0	S:1072-1274	1		0	75	mediocre		0	0	good	0		ORF1a,ORF6,ORF7a,ORF7b,ORF8,N,ORF9b	"When processing gene ""ORF1a"": The extracted gene sequence is empty or consists entirely from gaps;When processing gene ""ORF6"": The extracted gene sequence is empty or consists entirely from gaps;When processing gene ""ORF7a"": The extracted gene sequence is empty or consists entirely from gaps;When processing gene ""ORF7b"": The extracted gene sequence is empty or consists entirely from gaps;When processing gene ""ORF8"": The extracted gene sequence is empty or consists entirely from gaps;When processing gene ""N"": The extracted gene sequence is empty or consists entirely from gaps;When processing gene ""ORF9b"": The extracted gene sequence is empty or consists entirely from gaps"	
55	72_sub0	21J	21J (Delta)	Delta	21J	B.1.617.2.4	AY.4	56.250000	mediocre	15	4	0	1	0	0	13	2	0	3	18400	20678	26839	0.206066280975153	E:1,M:0.47085201793721976,ORF1b:0.1083086053412463,ORF3a:1,S:0.9984301412872841	false	C21618G,T21784C,C21846T,G21987A,G22030A,T22917G,C22995A,A23403G,C23604G,C23987T,G24410A,G24914T,G25049A,C25469T,T26767C	22031-22033,25376		S:1273-1274	M:I82T,ORF3a:S26L,S:T19R,S:T95I,S:G142D,S:L452R,S:T478K,S:D614G,S:P681R,S:P809S,S:D950N,S:D1118Y,S:D1163N	S:F157-,S:Y1272-				T21784C,-22030A,C23987T,G24914T,G25049A	0	0	5	5		NODE_0000627	T21784C,C21846T,-22030A,C23987T,G24914T,G25049A	25376	S:T95I,S:-156E,S:G158R,S:P809S,S:D1118Y,S:D1163N	S:Y1272-	NODE_0000676	T21784C,-22030A,C23987T,G24914T,G25049A	25376	S:-156E,S:G158R,S:P809S,S:D1118Y,S:D1163N	S:Y1272-	N/A	N/A	N/A	N/A	N/A	N/A	N/A	N/A	N/A	N/A	ORF1b:2404,S:1273-1274		3000	0	good	0	10	0	good	0	24	-2	0	good	6		0	good	0	S:1273-1274	1		0	75	mediocre		0	0	good	0		ORF1a,ORF6,ORF7a,ORF7b,ORF8,N,ORF9b	"When processing gene ""ORF1a"": The extracted gene sequence is empty or consists entirely from gaps;When processing gene ""ORF6"": The extracted gene sequence is empty or consists entirely from gaps;When processing gene ""ORF7a"": The extracted gene sequence is empty or consists entirely from gaps;When processing gene ""ORF7b"": The extracted gene sequence is empty or consists entirely from gaps;When processing gene ""ORF8"": The extracted gene sequence is empty or consists entirely from gaps;When processing gene ""N"": The extracted gene sequence is empty or consists entirely from gaps;When processing gene ""ORF9b"": The extracted gene sequence is empty or consists entirely from gaps"	
54	633_sub0	21J	21J (Delta)	Delta	21J	B.1.617.2.4	AY.4	225	bad	12	5	1	2	0	0	5	2	0	1339	18401	20678	26839	0.206066280975153	E:1,M:0.47085201793721976,ORF1b:0.1083086053412463,ORF3a:0.19927536231884058,S:0.12323390894819466	false	C21618G,C21846T,G21987A,T22917G,C22995A,A23403G,C23604G,C23987T,G24410A,G24914T,C25469T,T26767C	22030-22033,24569	25557:T	S:158-1274,ORF3a:56-276	M:I82T,ORF3a:S26L,S:T19R,S:T95I,S:G142D	S:E156-,S:F157-				C23987T,G24914T	0	0	2	2		NODE_0000627	C21846T,C23987T,G24914T	24569	S:T95I		NODE_0000676	C23987T,G24914T	24569			N/A	N/A	N/A	N/A	N/A	N/A	N/A	N/A	N/A	N/A	ORF1b:2404,S:158-1274,ORF3a:56-276		3000	0	good	0	10	0	good	0	24	-5	0	good	3		0	good	0	S:158-1274,ORF3a:56-276	2		0	150	bad		0	0	good	0		ORF1a,ORF6,ORF7a,ORF7b,ORF8,N,ORF9b	"When processing gene ""ORF1a"": The extracted gene sequence is empty or consists entirely from gaps;When processing gene ""ORF6"": The extracted gene sequence is empty or consists entirely from gaps;When processing gene ""ORF7a"": The extracted gene sequence is empty or consists entirely from gaps;When processing gene ""ORF7b"": The extracted gene sequence is empty or consists entirely from gaps;When processing gene ""ORF8"": The extracted gene sequence is empty or consists entirely from gaps;When processing gene ""N"": The extracted gene sequence is empty or consists entirely from gaps;When processing gene ""ORF9b"": The extracted gene sequence is empty or consists entirely from gaps"	
67	967_sub0	21J	21J (Delta)	Delta	21J	B.1.617.2.4	AY.4	56.250000	mediocre	13	5	0	1	0	0	5	1	0	1125	18404	20678	26839	0.206066280975153	E:1,M:0.47085201793721976,ORF1b:0.1083086053412463,ORF3a:1,S:0.11773940345368916	false	T21435G,C21618G,C21846T,G21987A,T22917G,C22995A,A23403G,C23604G,C23987T,G24410A,G24914T,C25469T,T26767C	22010,22030-22033		S:151-1274	M:I82T,ORF3a:S26L,S:T19R,S:T95I,S:G142D	S:K150-				T21435G,C23987T,G24914T	0	0	3	3		NODE_0000627	T21435G,C21846T,C23987T,G24914T	22010	S:T95I	S:K150-	NODE_0000676	T21435G,C23987T,G24914T	22010		S:K150-	N/A	N/A	N/A	N/A	N/A	N/A	N/A	N/A	N/A	N/A	ORF1b:2404,S:151-1274		3000	0	good	0	10	0	good	0	24	-4	0	good	4		0	good	0	S:151-1274	1		0	75	mediocre		0	0	good	0		ORF1a,ORF6,ORF7a,ORF7b,ORF8,N,ORF9b	"When processing gene ""ORF1a"": The extracted gene sequence is empty or consists entirely from gaps;When processing gene ""ORF6"": The extracted gene sequence is empty or consists entirely from gaps;When processing gene ""ORF7a"": The extracted gene sequence is empty or consists entirely from gaps;When processing gene ""ORF7b"": The extracted gene sequence is empty or consists entirely from gaps;When processing gene ""ORF8"": The extracted gene sequence is empty or consists entirely from gaps;When processing gene ""N"": The extracted gene sequence is empty or consists entirely from gaps;When processing gene ""ORF9b"": The extracted gene sequence is empty or consists entirely from gaps"	
66	766_sub0	21J	21J (Delta)	Delta	21J	B.1.617.2.4	AY.4	56.250000	mediocre	13	7	0	1	0	0	12	3	0	421	18398	20678	26839	0.206066280975153	E:1,M:0.47085201793721976,ORF1b:0.1083086053412463,ORF3a:1,S:0.6703296703296703	false	G20968C,C21618G,C21846T,G21987A,T22917G,C22995A,A23403G,C23604G,C23987T,G24410A,G24914T,C25469T,T26767C	22029-22034,24122		S:855-1274	M:I82T,ORF1b:V2501L,ORF3a:S26L,S:T19R,S:T95I,S:G142D,S:R158G,S:L452R,S:T478K,S:D614G,S:P681R,S:P809S	S:E156-,S:F157-,S:K854-				G20968C,C23987T,G24914T	0	0	3	3		NODE_0000627	G20968C,C21846T,C23987T,G24914T	24122	ORF1b:V2501L,S:T95I,S:P809S	S:K854-	NODE_0000676	G20968C,C23987T,G24914T	24122	ORF1b:V2501L,S:P809S	S:K854-	N/A	N/A	N/A	N/A	N/A	N/A	N/A	N/A	N/A	N/A	ORF1b:2404,S:855-1274		3000	0	good	0	10	0	good	0	24	-4	0	good	4		0	good	0	S:855-1274	1		0	75	mediocre		0	0	good	0		ORF1a,ORF6,ORF7a,ORF7b,ORF8,N,ORF9b	"When processing gene ""ORF1a"": The extracted gene sequence is empty or consists entirely from gaps;When processing gene ""ORF6"": The extracted gene sequence is empty or consists entirely from gaps;When processing gene ""ORF7a"": The extracted gene sequence is empty or consists entirely from gaps;When processing gene ""ORF7b"": The extracted gene sequence is empty or consists entirely from gaps;When processing gene ""ORF8"": The extracted gene sequence is empty or consists entirely from gaps;When processing gene ""N"": The extracted gene sequence is empty or consists entirely from gaps;When processing gene ""ORF9b"": The extracted gene sequence is empty or consists entirely from gaps"	
64	707_sub0	21J	21J (Delta)	Delta	21J	B.1.617.2.4	AY.4	281.250000	bad	14	9	0	2	0	0	15	4	0	140	18373	20678	26839	0.206066280975153	E:1,M:0.47085201793721976,ORF1b:0.08234421364985163,ORF3a:1,S:0.945839874411303	false	C21618G,C21846T,G21987A,T22917G,C22995A,A23403G,C23604G,C23987T,G24410A,C24536T,G24914T,C25469T,T26767C,C26822A	21345,22029-22034,25175,25367		ORF1b:2627-2696,S:1206-1274	M:I82T,M:F100L,ORF3a:S26L,S:T19R,S:T95I,S:G142D,S:R158G,S:L452R,S:T478K,S:D614G,S:P681R,S:P809S,S:D950N,S:Q992*,S:D1118Y	ORF1b:I2626-,S:E156-,S:F157-,S:K1205-				C23987T,C24536T,G24914T,C26822A	0	0	4	4		NODE_0000627	C21846T,C23987T,C24536T,G24914T,C26822A	21345,25175,25367	M:F100L,S:T95I,S:P809S,S:Q992*,S:D1118Y	ORF1b:I2626-,S:K1205-	NODE_0000676	C23987T,C24536T,G24914T,C26822A	21345,25175,25367	M:F100L,S:P809S,S:Q992*,S:D1118Y	ORF1b:I2626-,S:K1205-	N/A	N/A	N/A	N/A	N/A	N/A	N/A	N/A	N/A	N/A	ORF1b:2404,ORF1b:2627-2696,S:1206-1274		3000	0	good	0	10	0	good	0	24	-1	0	good	7		0	good	0	ORF1b:2627-2696,S:1206-1274	2		0	150	bad	S:991	1	75	mediocre	0		ORF1a,ORF6,ORF7a,ORF7b,ORF8,N,ORF9b	"When processing gene ""ORF1a"": The extracted gene sequence is empty or consists entirely from gaps;When processing gene ""ORF6"": The extracted gene sequence is empty or consists entirely from gaps;When processing gene ""ORF7a"": The extracted gene sequence is empty or consists entirely from gaps;When processing gene ""ORF7b"": The extracted gene sequence is empty or consists entirely from gaps;When processing gene ""ORF8"": The extracted gene sequence is empty or consists entirely from gaps;When processing gene ""N"": The extracted gene sequence is empty or consists entirely from gaps;When processing gene ""ORF9b"": The extracted gene sequence is empty or consists entirely from gaps"	
74	7151_sub0	21J	21J (Delta)	Delta	21J	B.1.617.2.4	AY.4	0	good	12	6	0	0	0	0	13	2	0	1	18412	20678	26839	0.206066280975153	E:1,M:0.47085201793721976,ORF1b:0.1083086053412463,ORF3a:1,S:1	false	C21618G,C21846T,G21987A,T22917G,C22995A,A23403G,C23604G,C23987T,G24410A,G24914T,C25469T,T26767C	22029-22034			M:I82T,ORF3a:S26L,S:T19R,S:T95I,S:G142D,S:R158G,S:L452R,S:T478K,S:D614G,S:P681R,S:P809S,S:D950N,S:D1118Y	S:E156-,S:F157-				C23987T,G24914T	0	0	2	2		NODE_0000627	C21846T,C23987T,G24914T		S:T95I,S:P809S,S:D1118Y		NODE_0000676	C23987T,G24914T		S:P809S,S:D1118Y		N/A	N/A	N/A	N/A	N/A	N/A	N/A	N/A	N/A	N/A	ORF1b:2404		3000	0	good	0	10	0	good	0	24	-6	0	good	2		0	good	0		0		0	0	good		0	0	good	0		ORF1a,ORF6,ORF7a,ORF7b,ORF8,N,ORF9b	"When processing gene ""ORF1a"": The extracted gene sequence is empty or consists entirely from gaps;When processing gene ""ORF6"": The extracted gene sequence is empty or consists entirely from gaps;When processing gene ""ORF7a"": The extracted gene sequence is empty or consists entirely from gaps;When processing gene ""ORF7b"": The extracted gene sequence is empty or consists entirely from gaps;When processing gene ""ORF8"": The extracted gene sequence is empty or consists entirely from gaps;When processing gene ""N"": The extracted gene sequence is empty or consists entirely from gaps;When processing gene ""ORF9b"": The extracted gene sequence is empty or consists entirely from gaps"	
59	919_sub0	21J	21J (Delta)	Delta	21J	B.1.617.2.4	AY.4	56.250000	mediocre	12	5	0	1	0	0	5	2	0	1118	18408	20678	26839	0.206066280975153	E:1,M:0.47085201793721976,ORF1b:0.1083086053412463,ORF3a:1,S:0.12323390894819466	false	C21618G,C21846T,G21987A,T22917G,C22995A,A23403G,C23604G,C23987T,G24410A,G24914T,C25469T,T26767C	22030-22033,25367		S:158-1274	M:I82T,ORF3a:S26L,S:T19R,S:T95I,S:G142D	S:E156-,S:F157-				C23987T,G24914T	0	0	2	2		NODE_0000627	C21846T,C23987T,G24914T	25367	S:T95I		NODE_0000676	C23987T,G24914T	25367			N/A	N/A	N/A	N/A	N/A	N/A	N/A	N/A	N/A	N/A	ORF1b:2404,S:158-1274		3000	0	good	0	10	0	good	0	24	-5	0	good	3		0	good	0	S:158-1274	1		0	75	mediocre		0	0	good	0		ORF1a,ORF6,ORF7a,ORF7b,ORF8,N,ORF9b	"When processing gene ""ORF1a"": The extracted gene sequence is empty or consists entirely from gaps;When processing gene ""ORF6"": The extracted gene sequence is empty or consists entirely from gaps;When processing gene ""ORF7a"": The extracted gene sequence is empty or consists entirely from gaps;When processing gene ""ORF7b"": The extracted gene sequence is empty or consists entirely from gaps;When processing gene ""ORF8"": The extracted gene sequence is empty or consists entirely from gaps;When processing gene ""N"": The extracted gene sequence is empty or consists entirely from gaps;When processing gene ""ORF9b"": The extracted gene sequence is empty or consists entirely from gaps"	
51	997_sub0	21J	21J (Delta)	Delta	21J	B.1.617.2.4	AY.4	0	good	12	6	0	0	0	0	13	2	0	1	18412	20678	26839	0.206066280975153	E:1,M:0.47085201793721976,ORF1b:0.1083086053412463,ORF3a:1,S:1	false	C21618G,C21846T,G21987A,T22917G,C22995A,A23403G,C23604G,C23987T,G24410A,G24914T,C25469T,T26767C	22029-22034			M:I82T,ORF3a:S26L,S:T19R,S:T95I,S:G142D,S:R158G,S:L452R,S:T478K,S:D614G,S:P681R,S:P809S,S:D950N,S:D1118Y	S:E156-,S:F157-				C23987T,G24914T	0	0	2	2		NODE_0000627	C21846T,C23987T,G24914T		S:T95I,S:P809S,S:D1118Y		NODE_0000676	C23987T,G24914T		S:P809S,S:D1118Y		N/A	N/A	N/A	N/A	N/A	N/A	N/A	N/A	N/A	N/A	ORF1b:2404		3000	0	good	0	10	0	good	0	24	-6	0	good	2		0	good	0		0		0	0	good		0	0	good	0		ORF1a,ORF6,ORF7a,ORF7b,ORF8,N,ORF9b	"When processing gene ""ORF1a"": The extracted gene sequence is empty or consists entirely from gaps;When processing gene ""ORF6"": The extracted gene sequence is empty or consists entirely from gaps;When processing gene ""ORF7a"": The extracted gene sequence is empty or consists entirely from gaps;When processing gene ""ORF7b"": The extracted gene sequence is empty or consists entirely from gaps;When processing gene ""ORF8"": The extracted gene sequence is empty or consists entirely from gaps;When processing gene ""N"": The extracted gene sequence is empty or consists entirely from gaps;When processing gene ""ORF9b"": The extracted gene sequence is empty or consists entirely from gaps"	
70	863_sub0	21J	21J (Delta)	Delta	21J	B.1.617.2.4	AY.4	225	bad	14	7	1	2	0	0	5	3	0	1314	18395	20678	26839	0.206066280975153	E:1,M:0.47085201793721976,ORF1b:0.03523738872403561,ORF3a:1,S:0.12401883830455258	false	C21618G,T21784C,C21846T,G21987A,A22036G,T22917G,C22995A,A23403G,C23604G,C23987T,G24410A,G24914T,C25469T,T26767C	22028-22034	20964:T	ORF1b:2500-2696,S:159-1274	M:I82T,ORF3a:S26L,S:T19R,S:T95I,S:G142D	S:E156-,S:F157-,S:R158-				T21784C,A22036G,C23987T,G24914T	0	0	4	4		NODE_0000627	T21784C,C21846T,A22036G,C23987T,G24914T	22028	S:T95I	S:G158-	NODE_0000676	T21784C,A22036G,C23987T,G24914T	22028		S:G158-	N/A	N/A	N/A	N/A	N/A	N/A	N/A	N/A	N/A	N/A	ORF1b:2404,ORF1b:2500-2696,S:159-1274		3000	0	good	0	10	0	good	0	24	-3	0	good	5		0	good	0	ORF1b:2500-2696,S:159-1274	2		0	150	bad		0	0	good	0		ORF1a,ORF6,ORF7a,ORF7b,ORF8,N,ORF9b	"When processing gene ""ORF1a"": The extracted gene sequence is empty or consists entirely from gaps;When processing gene ""ORF6"": The extracted gene sequence is empty or consists entirely from gaps;When processing gene ""ORF7a"": The extracted gene sequence is empty or consists entirely from gaps;When processing gene ""ORF7b"": The extracted gene sequence is empty or consists entirely from gaps;When processing gene ""ORF8"": The extracted gene sequence is empty or consists entirely from gaps;When processing gene ""N"": The extracted gene sequence is empty or consists entirely from gaps;When processing gene ""ORF9b"": The extracted gene sequence is empty or consists entirely from gaps"	
61	873_sub0	21J	21J (Delta)	Delta	21J	B.1.617.2.4	AY.4	56.250000	mediocre	13	3	1	1	0	0	5	1	0	1119	18396	20678	26839	0.206066280975153	E:1,M:0.47085201793721976,ORF1b:0.1083086053412463,ORF3a:1,S:0.12244897959183673	false	C21618G,C21846T,G21987A,C22033A,T22917G,C22995A,A23403G,C23604G,C23987T,G24410A,G24914T,C25469T,T26767C	22029,23789,25367	24844:T	S:157-1274	M:I82T,ORF3a:S26L,S:T19R,S:T95I,S:G142D	S:E156-			-22033A|24A&24E&22D&23C&24C&23F&24F&24B&rec&23I&24G&25A&24H&24D&24I&25B&25C	C23987T,G24914T	0	1	2	3		NODE_0000627	C21846T,-22033A,C23987T,G24914T	23789,25367	S:T95I		NODE_0000676	-22033A,C23987T,G24914T	23789,25367			N/A	N/A	N/A	N/A	N/A	N/A	N/A	N/A	N/A	N/A	ORF1b:2404,S:157-1274		3000	0	good	0	10	0	good	0	24	0	0	good	8		0	good	0	S:157-1274	1		0	75	mediocre		0	0	good	0		ORF1a,ORF6,ORF7a,ORF7b,ORF8,N,ORF9b	"When processing gene ""ORF1a"": The extracted gene sequence is empty or consists entirely from gaps;When processing gene ""ORF6"": The extracted gene sequence is empty or consists entirely from gaps;When processing gene ""ORF7a"": The extracted gene sequence is empty or consists entirely from gaps;When processing gene ""ORF7b"": The extracted gene sequence is empty or consists entirely from gaps;When processing gene ""ORF8"": The extracted gene sequence is empty or consists entirely from gaps;When processing gene ""N"": The extracted gene sequence is empty or consists entirely from gaps;When processing gene ""ORF9b"": The extracted gene sequence is empty or consists entirely from gaps"	
71	914_sub0	21J	21J (Delta)	Delta	21J	B.1.617.2.4	AY.4	56.250000	mediocre	17	4	0	1	0	0	5	3	0	1117	18399	20678	26839	0.206066280975153	E:1,M:0.47085201793721976,ORF1b:0.1083086053412463,ORF3a:1,S:0.12401883830455258	false	C21618G,C21846T,G21987A,G22030T,A22404G,C22432A,T22917G,C22995A,A23403G,C23604G,C23987T,T24235C,G24410A,G24914T,T25268C,C25469T,T26767C	22031-22034		S:159-1274	M:I82T,ORF3a:S26L,S:T19R,S:T95I,S:G142D	S:E156-,S:F157-,S:R158-				-22030T,A22404G,C22432A,C23987T,T24235C,G24914T,T25268C	0	0	7	7		NODE_0000627	C21846T,-22030T,A22404G,C22432A,C23987T,T24235C,G24914T,T25268C		S:T95I	S:G158-	NODE_0000676	-22030T,A22404G,C22432A,C23987T,T24235C,G24914T,T25268C			S:G158-	N/A	N/A	N/A	N/A	N/A	N/A	N/A	N/A	N/A	N/A	ORF1b:2404,S:159-1274		3000	0	good	0	10	0	good	0	24	-1	0	good	7		0	good	0	S:159-1274	1		0	75	mediocre		0	0	good	0		ORF1a,ORF6,ORF7a,ORF7b,ORF8,N,ORF9b	"When processing gene ""ORF1a"": The extracted gene sequence is empty or consists entirely from gaps;When processing gene ""ORF6"": The extracted gene sequence is empty or consists entirely from gaps;When processing gene ""ORF7a"": The extracted gene sequence is empty or consists entirely from gaps;When processing gene ""ORF7b"": The extracted gene sequence is empty or consists entirely from gaps;When processing gene ""ORF8"": The extracted gene sequence is empty or consists entirely from gaps;When processing gene ""N"": The extracted gene sequence is empty or consists entirely from gaps;When processing gene ""ORF9b"": The extracted gene sequence is empty or consists entirely from gaps"	
62	884_sub0	21J	21J (Delta)	Delta	21J	B.1.617.2.4	AY.4	0	good	12	6	0	0	0	0	13	2	0	1	18412	20678	26839	0.206066280975153	E:1,M:0.47085201793721976,ORF1b:0.1083086053412463,ORF3a:1,S:1	false	C21618G,C21846T,G21987A,T22917G,C22995A,A23403G,C23604G,C23987T,G24410A,G24914T,C25469T,T26767C	22029-22034			M:I82T,ORF3a:S26L,S:T19R,S:T95I,S:G142D,S:R158G,S:L452R,S:T478K,S:D614G,S:P681R,S:P809S,S:D950N,S:D1118Y	S:E156-,S:F157-				C23987T,G24914T	0	0	2	2		NODE_0000627	C21846T,C23987T,G24914T		S:T95I,S:P809S,S:D1118Y		NODE_0000676	C23987T,G24914T		S:P809S,S:D1118Y		N/A	N/A	N/A	N/A	N/A	N/A	N/A	N/A	N/A	N/A	ORF1b:2404		3000	0	good	0	10	0	good	0	24	-6	0	good	2		0	good	0		0		0	0	good		0	0	good	0		ORF1a,ORF6,ORF7a,ORF7b,ORF8,N,ORF9b	"When processing gene ""ORF1a"": The extracted gene sequence is empty or consists entirely from gaps;When processing gene ""ORF6"": The extracted gene sequence is empty or consists entirely from gaps;When processing gene ""ORF7a"": The extracted gene sequence is empty or consists entirely from gaps;When processing gene ""ORF7b"": The extracted gene sequence is empty or consists entirely from gaps;When processing gene ""ORF8"": The extracted gene sequence is empty or consists entirely from gaps;When processing gene ""N"": The extracted gene sequence is empty or consists entirely from gaps;When processing gene ""ORF9b"": The extracted gene sequence is empty or consists entirely from gaps"	
69	832_sub0	21J	21J (Delta)	Delta	21J	B.1.617.2.4	AY.4	56.250000	mediocre	14	7	1	1	0	0	12	3	0	212	18387	20678	26839	0.206066280975153	E:1,M:0.47085201793721976,ORF1b:0.1083086053412463,ORF3a:1,S:0.8343799058084772	false	C21618G,C21846T,G21987A,T22917G,C22995A,A23403G,C23604G,C23987T,G24410A,G24914T,T25219G,C25469T,T26300C,T26767C	22029-22034,24539	23905:T	S:782-992	E:L19P,M:I82T,ORF3a:S26L,S:T19R,S:T95I,S:G142D,S:R158G,S:L452R,S:T478K,S:D614G,S:P681R,S:D1118Y	S:E156-,S:F157-,S:I993-				C23987T,G24914T,T25219G,T26300C	0	0	4	4		NODE_0000627	C21846T,C23987T,G24914T,T25219G,T26300C	24539	E:L19P,S:T95I,S:D1118Y	S:I993-	NODE_0000676	C23987T,G24914T,T25219G,T26300C	24539	E:L19P,S:D1118Y	S:I993-	N/A	N/A	N/A	N/A	N/A	N/A	N/A	N/A	N/A	N/A	ORF1b:2404,S:782-992		3000	0	good	0	10	0	good	0	24	-3	0	good	5		0	good	0	S:782-992	1		0	75	mediocre		0	0	good	0		ORF1a,ORF6,ORF7a,ORF7b,ORF8,N,ORF9b	"When processing gene ""ORF1a"": The extracted gene sequence is empty or consists entirely from gaps;When processing gene ""ORF6"": The extracted gene sequence is empty or consists entirely from gaps;When processing gene ""ORF7a"": The extracted gene sequence is empty or consists entirely from gaps;When processing gene ""ORF7b"": The extracted gene sequence is empty or consists entirely from gaps;When processing gene ""ORF8"": The extracted gene sequence is empty or consists entirely from gaps;When processing gene ""N"": The extracted gene sequence is empty or consists entirely from gaps;When processing gene ""ORF9b"": The extracted gene sequence is empty or consists entirely from gaps"	
68	902_sub0	21J	21J (Delta)	Delta	21J	B.1.617.2.4	AY.4	56.250000	mediocre	16	7	0	1	0	0	17	3	0	6	18386	20678	26839	0.206066280975153	E:1,M:0.47085201793721976,ORF1b:0.1083086053412463,ORF3a:1,S:0.9960753532182104	false	C21618G,C21846T,G21987A,G22616A,T22917G,C22995A,A23403G,C23604G,C23987T,G24410A,G24914T,C25469T,C25796T,C26013A,A26014G,T26767C	22029-22034,25367		S:1270-1274	M:I82T,ORF3a:S26L,ORF3a:S135F,ORF3a:F207L,ORF3a:T208A,S:T19R,S:T95I,S:G142D,S:R158G,S:A352T,S:L452R,S:T478K,S:D614G,S:P681R,S:P809S,S:D950N,S:D1118Y	S:E156-,S:F157-,S:K1269-				G22616A,C23987T,G24914T,C25796T,C26013A,A26014G	0	0	6	6		NODE_0000627	C21846T,G22616A,C23987T,G24914T,C25796T,C26013A,A26014G	25367	ORF3a:S135F,ORF3a:F207L,ORF3a:T208A,S:T95I,S:A352T,S:P809S,S:D1118Y	S:K1269-	NODE_0000676	G22616A,C23987T,G24914T,C25796T,C26013A,A26014G	25367	ORF3a:S135F,ORF3a:F207L,ORF3a:T208A,S:A352T,S:P809S,S:D1118Y	S:K1269-	N/A	N/A	N/A	N/A	N/A	N/A	N/A	N/A	N/A	N/A	ORF1b:2404,S:1270-1274		3000	0	good	0	10	0	good	0	24	-1	0	good	7		0	good	0	S:1270-1274	1		0	75	mediocre		0	0	good	0		ORF1a,ORF6,ORF7a,ORF7b,ORF8,N,ORF9b	"When processing gene ""ORF1a"": The extracted gene sequence is empty or consists entirely from gaps;When processing gene ""ORF6"": The extracted gene sequence is empty or consists entirely from gaps;When processing gene ""ORF7a"": The extracted gene sequence is empty or consists entirely from gaps;When processing gene ""ORF7b"": The extracted gene sequence is empty or consists entirely from gaps;When processing gene ""ORF8"": The extracted gene sequence is empty or consists entirely from gaps;When processing gene ""N"": The extracted gene sequence is empty or consists entirely from gaps;When processing gene ""ORF9b"": The extracted gene sequence is empty or consists entirely from gaps"	
65	746_sub0	21J	21J (Delta)	Delta	21J	B.1.617.2.4	AY.4	452.777778	bad	16	4	0	2	0	0	9	3	0	857	18389	20678	26839	0.206066280975153	E:1,M:0.47085201793721976,ORF1b:0.1083086053412463,ORF3a:1,S:0.3281004709576138	false	C21618G,C21646G,C21846T,C21897A,G21987A,T22031G,C22033A,T22917G,C22995A,A23403G,C23604G,C23987T,G24410A,G24914T,C25469T,T26767C	22028-22029,23966,24749		S:157-801,S:1064-1274	M:I82T,ORF3a:S26L,S:T19R,S:Y28*,S:T95I,S:S112*,S:G142D,S:P809S,S:D950N	S:E156-,S:F802-,S:L1063-			-22033A|24A&24E&22D&23C&24C&23F&24F&24B&rec&23I&24G&25A&24H&24D&24I&25B&25C	C21646G,C21897A,-22031G,C23987T,G24914T	0	1	5	6		NODE_0000627	C21646G,C21846T,C21897A,-22031G,-22033A,C23987T,G24914T	22028,23966,24749	S:Y28*,S:T95I,S:S112*,S:P809S	S:F802-,S:L1063-	NODE_0000676	C21646G,C21897A,-22031G,-22033A,C23987T,G24914T	22028,23966,24749	S:Y28*,S:S112*,S:P809S	S:F802-,S:L1063-	N/A	N/A	N/A	N/A	N/A	N/A	N/A	N/A	N/A	N/A	ORF1b:2404,S:157-801,S:1064-1274		3000	0	good	0	10	0	good	0	24	4	16.666667	good	12		0	good	0	S:157-801,S:1064-1274	2		0	150	bad	S:27,S:111	2	150	bad	0		ORF1a,ORF6,ORF7a,ORF7b,ORF8,N,ORF9b	"When processing gene ""ORF1a"": The extracted gene sequence is empty or consists entirely from gaps;When processing gene ""ORF6"": The extracted gene sequence is empty or consists entirely from gaps;When processing gene ""ORF7a"": The extracted gene sequence is empty or consists entirely from gaps;When processing gene ""ORF7b"": The extracted gene sequence is empty or consists entirely from gaps;When processing gene ""ORF8"": The extracted gene sequence is empty or consists entirely from gaps;When processing gene ""N"": The extracted gene sequence is empty or consists entirely from gaps;When processing gene ""ORF9b"": The extracted gene sequence is empty or consists entirely from gaps"	
72	686_sub0	21J	21J (Delta)	Delta	21J	B.1.617.2.4	AY.4	225	bad	14	3	1	2	0	0	6	2	0	1067	18400	20678	26839	0.206066280975153	E:1,M:0.47085201793721976,ORF1b:0.1083086053412463,ORF3a:0.19927536231884058,S:0.336734693877551	false	C21618G,C21846T,G21987A,G22030A,C22033A,T22917G,C22995A,A23403G,C23604G,C23987T,G24410A,G24914T,C25469T,T26767C	22031-22032,24569	25557:T	S:158-1002,ORF3a:56-276	M:I82T,ORF3a:S26L,S:T19R,S:T95I,S:G142D,S:D1118Y	S:F157-,S:S1003-			-22033A|24A&24E&22D&23C&24C&23F&24F&24B&rec&23I&24G&25A&24H&24D&24I&25B&25C	-22030A,C23987T,G24914T	0	1	3	4		NODE_0000627	C21846T,-22030A,-22033A,C23987T,G24914T	24569	S:T95I,S:-156E,S:D1118Y	S:S1003-	NODE_0000676	-22030A,-22033A,C23987T,G24914T	24569	S:-156E,S:D1118Y	S:S1003-	N/A	N/A	N/A	N/A	N/A	N/A	N/A	N/A	N/A	N/A	ORF1b:2404,S:158-1002,ORF3a:56-276		3000	0	good	0	10	0	good	0	24	0	0	good	8		0	good	0	S:158-1002,ORF3a:56-276	2		0	150	bad		0	0	good	0		ORF1a,ORF6,ORF7a,ORF7b,ORF8,N,ORF9b	"When processing gene ""ORF1a"": The extracted gene sequence is empty or consists entirely from gaps;When processing gene ""ORF6"": The extracted gene sequence is empty or consists entirely from gaps;When processing gene ""ORF7a"": The extracted gene sequence is empty or consists entirely from gaps;When processing gene ""ORF7b"": The extracted gene sequence is empty or consists entirely from gaps;When processing gene ""ORF8"": The extracted gene sequence is empty or consists entirely from gaps;When processing gene ""N"": The extracted gene sequence is empty or consists entirely from gaps;When processing gene ""ORF9b"": The extracted gene sequence is empty or consists entirely from gaps"	
73	712_sub0	21J	21J (Delta)	Delta	21J	B.1.617.2.4	AY.4	56.250000	mediocre	12	5	1	1	0	0	5	2	0	1117	18409	20678	26839	0.206066280975153	E:1,M:0.47085201793721976,ORF1b:0.1083086053412463,ORF3a:1,S:0.12401883830455258	false	C21618G,C21846T,G21987A,T22917G,C22995A,A23403G,C23604G,C23987T,G24410A,G24914T,C25469T,T26767C	22031-22035	22945:A	S:159-1274	M:I82T,ORF3a:S26L,S:T19R,S:T95I,S:G142D	S:F157-,S:R158-				C23987T,G24914T	0	0	2	2		NODE_0000627	C21846T,C23987T,G24914T	22035	S:T95I,S:-156E	S:G158-	NODE_0000676	C23987T,G24914T	22035	S:-156E	S:G158-	N/A	N/A	N/A	N/A	N/A	N/A	N/A	N/A	N/A	N/A	ORF1b:2404,S:159-1274		3000	0	good	0	10	0	good	0	24	-5	0	good	3		0	good	0	S:159-1274	1		0	75	mediocre		0	0	good	0		ORF1a,ORF6,ORF7a,ORF7b,ORF8,N,ORF9b	"When processing gene ""ORF1a"": The extracted gene sequence is empty or consists entirely from gaps;When processing gene ""ORF6"": The extracted gene sequence is empty or consists entirely from gaps;When processing gene ""ORF7a"": The extracted gene sequence is empty or consists entirely from gaps;When processing gene ""ORF7b"": The extracted gene sequence is empty or consists entirely from gaps;When processing gene ""ORF8"": The extracted gene sequence is empty or consists entirely from gaps;When processing gene ""N"": The extracted gene sequence is empty or consists entirely from gaps;When processing gene ""ORF9b"": The extracted gene sequence is empty or consists entirely from gaps"	
81	701_sub0	21J	21J (Delta)	Delta	21J	B.1.617.2.4	AY.4	56.250000	mediocre	13	8	0	1	0	0	14	3	0	94	18388	20678	26839	0.206066280975153	E:1,M:0.47085201793721976,ORF1b:0.1083086053412463,ORF3a:1,S:0.9270015698587127	false	C21575T,C21618G,C21846T,G21987A,T22917G,C22995A,A23403G,C23604G,C23987T,G24410A,G24914T,C25469T,T26767C	22029-22034,25103,25376		S:1182-1274	M:I82T,ORF3a:S26L,S:L5F,S:T19R,S:T95I,S:G142D,S:R158G,S:L452R,S:T478K,S:D614G,S:P681R,S:P809S,S:D950N,S:D1118Y	S:E156-,S:F157-,S:K1181-			C21575T|21F	C23987T,G24914T	0	1	2	3		NODE_0000627	C21575T,C21846T,C23987T,G24914T	25103,25376	S:L5F,S:T95I,S:P809S,S:D1118Y	S:K1181-	NODE_0000676	C21575T,C23987T,G24914T	25103,25376	S:L5F,S:P809S,S:D1118Y	S:K1181-	N/A	N/A	N/A	N/A	N/A	N/A	N/A	N/A	N/A	N/A	ORF1b:2404,S:1182-1274		3000	0	good	0	10	0	good	0	24	0	0	good	8		0	good	0	S:1182-1274	1		0	75	mediocre		0	0	good	0		ORF1a,ORF6,ORF7a,ORF7b,ORF8,N,ORF9b	"When processing gene ""ORF1a"": The extracted gene sequence is empty or consists entirely from gaps;When processing gene ""ORF6"": The extracted gene sequence is empty or consists entirely from gaps;When processing gene ""ORF7a"": The extracted gene sequence is empty or consists entirely from gaps;When processing gene ""ORF7b"": The extracted gene sequence is empty or consists entirely from gaps;When processing gene ""ORF8"": The extracted gene sequence is empty or consists entirely from gaps;When processing gene ""N"": The extracted gene sequence is empty or consists entirely from gaps;When processing gene ""ORF9b"": The extracted gene sequence is empty or consists entirely from gaps"	
63	6850_sub0	21J	21J (Delta)	Delta	21J	B.1.617.2.4	AY.4	225	bad	12	8	0	2	0	0	6	4	0	1130	18391	20678	26839	0.206066280975153	E:1,M:0.47085201793721976,ORF1b:0.1083086053412463,ORF3a:0.2391304347826087,S:0.27864992150706436	false	C21618G,C21846T,G21987A,T22917G,C22995A,A23403G,C23604G,C23987T,G24410A,G24914T,C25469T,T26767C	22029-22034,22626,25588		S:356-1274,ORF3a:67-276	M:I82T,ORF3a:S26L,S:T19R,S:T95I,S:G142D,S:R158G	ORF3a:K66-,S:E156-,S:F157-,S:R355-				C23987T,G24914T	0	0	2	2		NODE_0000627	C21846T,C23987T,G24914T	22626,25588	S:T95I	ORF3a:K66-,S:R355-	NODE_0000676	C23987T,G24914T	22626,25588		ORF3a:K66-,S:R355-	N/A	N/A	N/A	N/A	N/A	N/A	N/A	N/A	N/A	N/A	ORF1b:2404,S:356-1274,ORF3a:67-276		3000	0	good	0	10	0	good	0	24	-4	0	good	4		0	good	0	S:356-1274,ORF3a:67-276	2		0	150	bad		0	0	good	0		ORF1a,ORF6,ORF7a,ORF7b,ORF8,N,ORF9b	"When processing gene ""ORF1a"": The extracted gene sequence is empty or consists entirely from gaps;When processing gene ""ORF6"": The extracted gene sequence is empty or consists entirely from gaps;When processing gene ""ORF7a"": The extracted gene sequence is empty or consists entirely from gaps;When processing gene ""ORF7b"": The extracted gene sequence is empty or consists entirely from gaps;When processing gene ""ORF8"": The extracted gene sequence is empty or consists entirely from gaps;When processing gene ""N"": The extracted gene sequence is empty or consists entirely from gaps;When processing gene ""ORF9b"": The extracted gene sequence is empty or consists entirely from gaps"	
60	947_sub0	21J	21J (Delta)	Delta	21J	B.1.617.2.4	AY.4	112.500000	bad	14	4	0	1	0	0	8	2	0	810	18402	20678	26839	0.206066280975153	E:1,M:0.47085201793721976,ORF1b:0.1083086053412463,ORF3a:1,S:0.3649921507064364	false	C21618G,C21846T,G21987A,C22033T,A22034T,T22917G,C22995A,A23403G,C23604G,C23987T,G24410A,G24914T,C25469T,T26767C	22029-22031,22956		S:466-1274	M:I82T,ORF3a:S26L,S:T19R,S:T95I,S:G142D,S:F157V,S:R158*,S:L452R	S:E156-,S:E465-				-22033T,-22034T,C23987T,G24914T	0	0	4	4		NODE_0000627	C21846T,-22033T,-22034T,C23987T,G24914T	22956	S:T95I,S:-157V,S:G158*	S:E465-	NODE_0000676	-22033T,-22034T,C23987T,G24914T	22956	S:-157V,S:G158*	S:E465-	N/A	N/A	N/A	N/A	N/A	N/A	N/A	N/A	N/A	N/A	ORF1b:2404,S:466-1274		3000	0	good	0	10	0	good	0	24	-3	0	good	5		0	good	0	S:466-1274	1		0	75	mediocre	S:157	1	75	mediocre	0		ORF1a,ORF6,ORF7a,ORF7b,ORF8,N,ORF9b	"When processing gene ""ORF1a"": The extracted gene sequence is empty or consists entirely from gaps;When processing gene ""ORF6"": The extracted gene sequence is empty or consists entirely from gaps;When processing gene ""ORF7a"": The extracted gene sequence is empty or consists entirely from gaps;When processing gene ""ORF7b"": The extracted gene sequence is empty or consists entirely from gaps;When processing gene ""ORF8"": The extracted gene sequence is empty or consists entirely from gaps;When processing gene ""N"": The extracted gene sequence is empty or consists entirely from gaps;When processing gene ""ORF9b"": The extracted gene sequence is empty or consists entirely from gaps"	
76	940_sub0	21J	21J (Delta)	Delta	21J	B.1.617.2.4	AY.4	56.250000	mediocre	15	7	0	1	0	0	3	1	0	1198	18390	20678	26839	0.206066280975153	E:1,M:0.47085201793721976,ORF1b:0.1083086053412463,ORF3a:1,S:0.06043956043956044	false	C21618G,T21784C,C21846T,G21987A,T22917G,T22951C,C22995A,A23403G,C23604G,C23987T,G24087A,G24410A,G24914T,C25469T,T26767C	21791,22029-22034		S:78-1274	M:I82T,ORF3a:S26L,S:T19R	S:K77-				T21784C,T22951C,C23987T,G24087A,G24914T	0	0	5	5		NODE_0000627	T21784C,C21846T,T22951C,C23987T,G24087A,G24914T	21791		S:K77-	NODE_0000676	T21784C,T22951C,C23987T,G24087A,G24914T	21791		S:K77-	N/A	N/A	N/A	N/A	N/A	N/A	N/A	N/A	N/A	N/A	ORF1b:2404,S:78-1274		3000	0	good	0	10	0	good	0	24	-2	0	good	6		0	good	0	S:78-1274	1		0	75	mediocre		0	0	good	0		ORF1a,ORF6,ORF7a,ORF7b,ORF8,N,ORF9b	"When processing gene ""ORF1a"": The extracted gene sequence is empty or consists entirely from gaps;When processing gene ""ORF6"": The extracted gene sequence is empty or consists entirely from gaps;When processing gene ""ORF7a"": The extracted gene sequence is empty or consists entirely from gaps;When processing gene ""ORF7b"": The extracted gene sequence is empty or consists entirely from gaps;When processing gene ""ORF8"": The extracted gene sequence is empty or consists entirely from gaps;When processing gene ""N"": The extracted gene sequence is empty or consists entirely from gaps;When processing gene ""ORF9b"": The extracted gene sequence is empty or consists entirely from gaps"	
82	689_sub0	21J	21J (Delta)	Delta	21J	B.1.617.2.4	AY.4	112.500000	bad	14	5	0	1	0	0	6	2	0	1117	18408	20678	26839	0.206066280975153	E:1,M:0.47085201793721976,ORF1b:0.1083086053412463,ORF3a:1,S:0.12401883830455258	false	C21618G,C21846T,C21897A,G21987A,T22092C,T22917G,C22995A,A23403G,C23604G,C23987T,G24410A,G24914T,C25469T,T26767C	22031-22035		S:159-1274	M:I82T,ORF3a:S26L,S:T19R,S:T95I,S:S112*,S:G142D	S:F157-,S:R158-				C21897A,T22092C,C23987T,G24914T	0	0	4	4		NODE_0000627	C21846T,C21897A,T22092C,C23987T,G24914T	22035	S:T95I,S:S112*,S:-156E	S:G158-	NODE_0000676	C21897A,T22092C,C23987T,G24914T	22035	S:S112*,S:-156E	S:G158-	N/A	N/A	N/A	N/A	N/A	N/A	N/A	N/A	N/A	N/A	ORF1b:2404,S:159-1274		3000	0	good	0	10	0	good	0	24	-3	0	good	5		0	good	0	S:159-1274	1		0	75	mediocre	S:111	1	75	mediocre	0		ORF1a,ORF6,ORF7a,ORF7b,ORF8,N,ORF9b	"When processing gene ""ORF1a"": The extracted gene sequence is empty or consists entirely from gaps;When processing gene ""ORF6"": The extracted gene sequence is empty or consists entirely from gaps;When processing gene ""ORF7a"": The extracted gene sequence is empty or consists entirely from gaps;When processing gene ""ORF7b"": The extracted gene sequence is empty or consists entirely from gaps;When processing gene ""ORF8"": The extracted gene sequence is empty or consists entirely from gaps;When processing gene ""N"": The extracted gene sequence is empty or consists entirely from gaps;When processing gene ""ORF9b"": The extracted gene sequence is empty or consists entirely from gaps"	
80	905_sub0	21J	21J (Delta)	Delta	21J	B.1.617.2.4	AY.4	225	bad	14	6	1	2	0	0	5	2	0	1162	18390	20678	26839	0.206066280975153	E:1,M:0.47085201793721976,ORF1b:0.1083086053412463,ORF3a:1,S:0.08869701726844584	false	C21618G,C21846T,G21987A,T22657C,T22917G,C22995A,A23403G,C23604G,C23987T,G24410A,G24914T,C25469T,T26767C,C26799T	21700,22031-22035	21565:T	S:2-46,S:159-1274	M:I82T,M:L93F,ORF3a:S26L,S:T95I,S:G142D	S:F157-,S:R158-				T22657C,C23987T,G24914T,C26799T	0	0	4	4		NODE_0000627	C21846T,T22657C,C23987T,G24914T,C26799T	21700,22035	M:L93F,S:T95I,S:-156E	S:G158-	NODE_0000676	T22657C,C23987T,G24914T,C26799T	21700,22035	M:L93F,S:-156E	S:G158-	N/A	N/A	N/A	N/A	N/A	N/A	N/A	N/A	N/A	N/A	ORF1b:2404,S:2-46,S:159-1274		3000	0	good	0	10	0	good	0	24	-2	0	good	6		0	good	0	S:2-46,S:159-1274	2		0	150	bad		0	0	good	0		ORF1a,ORF6,ORF7a,ORF7b,ORF8,N,ORF9b	"When processing gene ""ORF1a"": The extracted gene sequence is empty or consists entirely from gaps;When processing gene ""ORF6"": The extracted gene sequence is empty or consists entirely from gaps;When processing gene ""ORF7a"": The extracted gene sequence is empty or consists entirely from gaps;When processing gene ""ORF7b"": The extracted gene sequence is empty or consists entirely from gaps;When processing gene ""ORF8"": The extracted gene sequence is empty or consists entirely from gaps;When processing gene ""N"": The extracted gene sequence is empty or consists entirely from gaps;When processing gene ""ORF9b"": The extracted gene sequence is empty or consists entirely from gaps"	
77	985_sub0	21J	21J (Delta)	Delta	21J	B.1.617.2.4	AY.4	56.250000	mediocre	14	4	1	1	0	0	13	2	0	272	18403	20678	26839	0.206066280975153	E:1,M:0.47085201793721976,ORF1b:0.1083086053412463,ORF3a:1,S:0.7872841444270016	false	T20907G,C21618G,C21846T,G21987A,T22917G,C22995A,A23403G,C23604G,C23987T,G24410A,G24737A,G24914T,C25469T,T26767C	22030-22033	22846:T	S:158-428	M:I82T,ORF3a:S26L,S:T19R,S:T95I,S:G142D,S:L452R,S:T478K,S:D614G,S:P681R,S:P809S,S:D950N,S:G1059S,S:D1118Y	S:E156-,S:F157-				T20907G,C23987T,G24737A,G24914T	0	0	4	4		NODE_0000627	T20907G,C21846T,C23987T,G24737A,G24914T		S:T95I,S:P809S,S:G1059S,S:D1118Y		NODE_0000676	T20907G,C23987T,G24737A,G24914T		S:P809S,S:G1059S,S:D1118Y		N/A	N/A	N/A	N/A	N/A	N/A	N/A	N/A	N/A	N/A	ORF1b:2404,S:158-428		3000	0	good	0	10	0	good	0	24	-4	0	good	4		0	good	0	S:158-428	1		0	75	mediocre		0	0	good	0		ORF1a,ORF6,ORF7a,ORF7b,ORF8,N,ORF9b	"When processing gene ""ORF1a"": The extracted gene sequence is empty or consists entirely from gaps;When processing gene ""ORF6"": The extracted gene sequence is empty or consists entirely from gaps;When processing gene ""ORF7a"": The extracted gene sequence is empty or consists entirely from gaps;When processing gene ""ORF7b"": The extracted gene sequence is empty or consists entirely from gaps;When processing gene ""ORF8"": The extracted gene sequence is empty or consists entirely from gaps;When processing gene ""N"": The extracted gene sequence is empty or consists entirely from gaps;When processing gene ""ORF9b"": The extracted gene sequence is empty or consists entirely from gaps"	
79	962_sub0	21J	21J (Delta)	Delta	21J	B.1.617.2.4	AY.4	225	bad	12	8	0	2	0	0	5	4	0	1160	18392	20678	26839	0.206066280975153	E:1,M:0.47085201793721976,ORF1b:0.1083086053412463,ORF3a:0.822463768115942,S:0.12872841444270017	false	C21618G,C21846T,G21987A,T22917G,C22995A,A23403G,C23604G,C23987T,G24410A,G24914T,C25469T,T26767C	22031-22035,25367,26072-26073		S:159-1268,ORF3a:228-276	M:I82T,ORF3a:S26L,S:T19R,S:T95I,S:G142D	ORF3a:H227-,S:F157-,S:R158-,S:K1269-				C23987T,G24914T	0	0	2	2		NODE_0000627	C21846T,C23987T,G24914T	22035,25367,26072-26073	S:T95I,S:-156E	ORF3a:H227-,S:G158-,S:K1269-	NODE_0000676	C23987T,G24914T	22035,25367,26072-26073	S:-156E	ORF3a:H227-,S:G158-,S:K1269-	N/A	N/A	N/A	N/A	N/A	N/A	N/A	N/A	N/A	N/A	ORF1b:2404,S:159-1268,ORF3a:228-276		3000	0	good	0	10	0	good	0	24	-3	0	good	5		0	good	0	S:159-1268,ORF3a:228-276	2		0	150	bad		0	0	good	0		ORF1a,ORF6,ORF7a,ORF7b,ORF8,N,ORF9b	"When processing gene ""ORF1a"": The extracted gene sequence is empty or consists entirely from gaps;When processing gene ""ORF6"": The extracted gene sequence is empty or consists entirely from gaps;When processing gene ""ORF7a"": The extracted gene sequence is empty or consists entirely from gaps;When processing gene ""ORF7b"": The extracted gene sequence is empty or consists entirely from gaps;When processing gene ""ORF8"": The extracted gene sequence is empty or consists entirely from gaps;When processing gene ""N"": The extracted gene sequence is empty or consists entirely from gaps;When processing gene ""ORF9b"": The extracted gene sequence is empty or consists entirely from gaps"	
86	7881_sub0	21J	21J (Delta)	Delta	21J	B.1.617.2.4	AY.4	0	good	12	6	1	0	0	0	13	2	0	1	18406	20678	26839	0.206066280975153	E:1,M:0.47085201793721976,ORF1b:0.1083086053412463,ORF3a:1,S:1	false	C21618G,C21846T,G21987A,T22917G,C22995A,A23403G,C23604G,C23987T,G24410A,G24914T,C25469T,T26767C	22029-22034	26493:T		M:I82T,ORF3a:S26L,S:T19R,S:T95I,S:G142D,S:R158G,S:L452R,S:T478K,S:D614G,S:P681R,S:P809S,S:D950N,S:D1118Y	S:E156-,S:F157-				C23987T,G24914T	0	0	2	2		NODE_0000627	C21846T,C23987T,G24914T		S:T95I,S:P809S,S:D1118Y		NODE_0000676	C23987T,G24914T		S:P809S,S:D1118Y		N/A	N/A	N/A	N/A	N/A	N/A	N/A	N/A	N/A	N/A	ORF1b:2404		3000	0	good	0	10	0	good	0	24	-6	0	good	2		0	good	0		0		0	0	good		0	0	good	0		ORF1a,ORF6,ORF7a,ORF7b,ORF8,N,ORF9b	"When processing gene ""ORF1a"": The extracted gene sequence is empty or consists entirely from gaps;When processing gene ""ORF6"": The extracted gene sequence is empty or consists entirely from gaps;When processing gene ""ORF7a"": The extracted gene sequence is empty or consists entirely from gaps;When processing gene ""ORF7b"": The extracted gene sequence is empty or consists entirely from gaps;When processing gene ""ORF8"": The extracted gene sequence is empty or consists entirely from gaps;When processing gene ""N"": The extracted gene sequence is empty or consists entirely from gaps;When processing gene ""ORF9b"": The extracted gene sequence is empty or consists entirely from gaps"	
88	7902_sub0	21J	21J (Delta)	Delta	21J	B.1.617.2.4	AY.4	56.250000	mediocre	12	8	0	1	0	0	5	1	0	1125	18392	20678	26839	0.206066280975153	E:1,M:0.47085201793721976,ORF1b:0.1083086053412463,ORF3a:1,S:0.11773940345368916	false	C21618G,C21846T,G21987A,T22917G,C22995A,A23403G,C23604G,C23987T,G24410A,G24914T,C25469T,T26767C	22010,22029-22034,22106		S:151-1274	M:I82T,ORF3a:S26L,S:T19R,S:T95I,S:G142D	S:K150-				C23987T,G24914T	0	0	2	2		NODE_0000627	C21846T,C23987T,G24914T	22010,22106	S:T95I	S:K150-	NODE_0000676	C23987T,G24914T	22010,22106		S:K150-	N/A	N/A	N/A	N/A	N/A	N/A	N/A	N/A	N/A	N/A	ORF1b:2404,S:151-1274		3000	0	good	0	10	0	good	0	24	-4	0	good	4		0	good	0	S:151-1274	1		0	75	mediocre		0	0	good	0		ORF1a,ORF6,ORF7a,ORF7b,ORF8,N,ORF9b	"When processing gene ""ORF1a"": The extracted gene sequence is empty or consists entirely from gaps;When processing gene ""ORF6"": The extracted gene sequence is empty or consists entirely from gaps;When processing gene ""ORF7a"": The extracted gene sequence is empty or consists entirely from gaps;When processing gene ""ORF7b"": The extracted gene sequence is empty or consists entirely from gaps;When processing gene ""ORF8"": The extracted gene sequence is empty or consists entirely from gaps;When processing gene ""N"": The extracted gene sequence is empty or consists entirely from gaps;When processing gene ""ORF9b"": The extracted gene sequence is empty or consists entirely from gaps"	
87	880_sub0	21J	21J (Delta)	Delta	21J	B.1.617.2.4	AY.4	56.250000	mediocre	14	4	0	1	0	0	5	2	0	1118	18410	20678	26839	0.206066280975153	E:1,M:0.47085201793721976,ORF1b:0.1083086053412463,ORF3a:1,S:0.12323390894819466	false	C21618G,T21784C,C21846T,G21987A,C22033T,T22917G,C22995A,A23403G,C23604G,C23987T,G24410A,G24914T,C25469T,T26767C	22029-22032		S:158-1274	M:I82T,ORF3a:S26L,S:T19R,S:T95I,S:G142D	S:E156-,S:F157-				T21784C,-22033T,C23987T,G24914T	0	0	4	4		NODE_0000627	T21784C,C21846T,-22033T,C23987T,G24914T		S:T95I		NODE_0000676	T21784C,-22033T,C23987T,G24914T				N/A	N/A	N/A	N/A	N/A	N/A	N/A	N/A	N/A	N/A	ORF1b:2404,S:158-1274		3000	0	good	0	10	0	good	0	24	-4	0	good	4		0	good	0	S:158-1274	1		0	75	mediocre		0	0	good	0		ORF1a,ORF6,ORF7a,ORF7b,ORF8,N,ORF9b	"When processing gene ""ORF1a"": The extracted gene sequence is empty or consists entirely from gaps;When processing gene ""ORF6"": The extracted gene sequence is empty or consists entirely from gaps;When processing gene ""ORF7a"": The extracted gene sequence is empty or consists entirely from gaps;When processing gene ""ORF7b"": The extracted gene sequence is empty or consists entirely from gaps;When processing gene ""ORF8"": The extracted gene sequence is empty or consists entirely from gaps;When processing gene ""N"": The extracted gene sequence is empty or consists entirely from gaps;When processing gene ""ORF9b"": The extracted gene sequence is empty or consists entirely from gaps"	
85	805_sub0	21J	21J (Delta)	Delta	21J	B.1.617.2.4	AY.4	56.250000	mediocre	13	6	0	1	0	0	5	3	0	1111	18402	20678	26839	0.206066280975153	E:1,M:0.47085201793721976,ORF1b:0.1083086053412463,ORF3a:1,S:0.12872841444270017	false	C21618G,C21846T,G21987A,T22917G,C22995A,A23403G,C23604G,C23987T,G24410A,G24914T,T24982C,C25469T,T26767C	22031-22035,25367		S:159-1268	M:I82T,ORF3a:S26L,S:T19R,S:T95I,S:G142D	S:F157-,S:R158-,S:K1269-				C23987T,G24914T,T24982C	0	0	3	3		NODE_0000627	C21846T,C23987T,G24914T,T24982C	22035,25367	S:T95I,S:-156E	S:G158-,S:K1269-	NODE_0000676	C23987T,G24914T,T24982C	22035,25367	S:-156E	S:G158-,S:K1269-	N/A	N/A	N/A	N/A	N/A	N/A	N/A	N/A	N/A	N/A	ORF1b:2404,S:159-1268		3000	0	good	0	10	0	good	0	24	-3	0	good	5		0	good	0	S:159-1268	1		0	75	mediocre		0	0	good	0		ORF1a,ORF6,ORF7a,ORF7b,ORF8,N,ORF9b	"When processing gene ""ORF1a"": The extracted gene sequence is empty or consists entirely from gaps;When processing gene ""ORF6"": The extracted gene sequence is empty or consists entirely from gaps;When processing gene ""ORF7a"": The extracted gene sequence is empty or consists entirely from gaps;When processing gene ""ORF7b"": The extracted gene sequence is empty or consists entirely from gaps;When processing gene ""ORF8"": The extracted gene sequence is empty or consists entirely from gaps;When processing gene ""N"": The extracted gene sequence is empty or consists entirely from gaps;When processing gene ""ORF9b"": The extracted gene sequence is empty or consists entirely from gaps"	
84	654_sub0	21J	21J (Delta)	Delta	21J	B.1.617.2.4	AY.4	56.250000	mediocre	13	3	3	1	0	0	12	1	1	91	18397	20678	26839	0.206066280975153	E:1,M:0.47085201793721976,ORF1b:0.1083086053412463,ORF3a:0.6739130434782609,S:1	false	C21618G,C21846T,G21987A,G22030A,T22917G,C22995A,A23403G,C23604G,C23987T,G24410A,G24914T,C25469T,T26767C	22031-22033	25557:T,25797:A,25827:T	ORF3a:56-145	M:I82T,ORF3a:S26L,S:T19R,S:T95I,S:G142D,S:L452R,S:T478K,S:D614G,S:P681R,S:P809S,S:D950N,S:D1118Y	S:F157-	ORF3a:55:X			-22030A,C23987T,G24914T	0	0	3	3		NODE_0000627	C21846T,-22030A,C23987T,G24914T		S:T95I,S:-156E,S:G158R,S:P809S,S:D1118Y		NODE_0000676	-22030A,C23987T,G24914T		S:-156E,S:G158R,S:P809S,S:D1118Y		N/A	N/A	N/A	N/A	N/A	N/A	N/A	N/A	N/A	N/A	ORF1b:2404,ORF3a:56-145		3000	0	good	0	10	0	good	0	24	-5	0	good	3		0	good	0	ORF3a:56-145	1		0	75	mediocre		0	0	good	0		ORF1a,ORF6,ORF7a,ORF7b,ORF8,N,ORF9b	"When processing gene ""ORF1a"": The extracted gene sequence is empty or consists entirely from gaps;When processing gene ""ORF6"": The extracted gene sequence is empty or consists entirely from gaps;When processing gene ""ORF7a"": The extracted gene sequence is empty or consists entirely from gaps;When processing gene ""ORF7b"": The extracted gene sequence is empty or consists entirely from gaps;When processing gene ""ORF8"": The extracted gene sequence is empty or consists entirely from gaps;When processing gene ""N"": The extracted gene sequence is empty or consists entirely from gaps;When processing gene ""ORF9b"": The extracted gene sequence is empty or consists entirely from gaps"	
83	7847_sub0	21J	21J (Delta)	Delta	21J	B.1.617.2.4	AY.4	0	good	13	6	0	0	0	0	14	2	0	1	18408	20678	26839	0.206066280975153	E:1,M:0.47085201793721976,ORF1b:0.1083086053412463,ORF3a:1,S:1	false	C21618G,C21846T,G21987A,T22917G,C22995A,A23403G,C23604G,C23987T,G24410A,G24914T,C25469T,G25907A,T26767C	22029-22034			M:I82T,ORF3a:S26L,ORF3a:G172D,S:T19R,S:T95I,S:G142D,S:R158G,S:L452R,S:T478K,S:D614G,S:P681R,S:P809S,S:D950N,S:D1118Y	S:E156-,S:F157-				C23987T,G24914T,G25907A	0	0	3	3		NODE_0000627	C21846T,C23987T,G24914T,G25907A		ORF3a:G172D,S:T95I,S:P809S,S:D1118Y		NODE_0000676	C23987T,G24914T,G25907A		ORF3a:G172D,S:P809S,S:D1118Y		N/A	N/A	N/A	N/A	N/A	N/A	N/A	N/A	N/A	N/A	ORF1b:2404		3000	0	good	0	10	0	good	0	24	-5	0	good	3		0	good	0		0		0	0	good		0	0	good	0		ORF1a,ORF6,ORF7a,ORF7b,ORF8,N,ORF9b	"When processing gene ""ORF1a"": The extracted gene sequence is empty or consists entirely from gaps;When processing gene ""ORF6"": The extracted gene sequence is empty or consists entirely from gaps;When processing gene ""ORF7a"": The extracted gene sequence is empty or consists entirely from gaps;When processing gene ""ORF7b"": The extracted gene sequence is empty or consists entirely from gaps;When processing gene ""ORF8"": The extracted gene sequence is empty or consists entirely from gaps;When processing gene ""N"": The extracted gene sequence is empty or consists entirely from gaps;When processing gene ""ORF9b"": The extracted gene sequence is empty or consists entirely from gaps"	
90	710_sub0	21J	21J (Delta)	Delta	21J	B.1.617.2.4	AY.4	0	good	12	6	0	0	0	0	13	2	0	1	18412	20678	26839	0.206066280975153	E:1,M:0.47085201793721976,ORF1b:0.1083086053412463,ORF3a:1,S:1	false	C21618G,C21846T,G21987A,T22917G,C22995A,A23403G,C23604G,C23987T,G24410A,G24914T,C25469T,T26767C	22029-22034			M:I82T,ORF3a:S26L,S:T19R,S:T95I,S:G142D,S:R158G,S:L452R,S:T478K,S:D614G,S:P681R,S:P809S,S:D950N,S:D1118Y	S:E156-,S:F157-				C23987T,G24914T	0	0	2	2		NODE_0000627	C21846T,C23987T,G24914T		S:T95I,S:P809S,S:D1118Y		NODE_0000676	C23987T,G24914T		S:P809S,S:D1118Y		N/A	N/A	N/A	N/A	N/A	N/A	N/A	N/A	N/A	N/A	ORF1b:2404		3000	0	good	0	10	0	good	0	24	-6	0	good	2		0	good	0		0		0	0	good		0	0	good	0		ORF1a,ORF6,ORF7a,ORF7b,ORF8,N,ORF9b	"When processing gene ""ORF1a"": The extracted gene sequence is empty or consists entirely from gaps;When processing gene ""ORF6"": The extracted gene sequence is empty or consists entirely from gaps;When processing gene ""ORF7a"": The extracted gene sequence is empty or consists entirely from gaps;When processing gene ""ORF7b"": The extracted gene sequence is empty or consists entirely from gaps;When processing gene ""ORF8"": The extracted gene sequence is empty or consists entirely from gaps;When processing gene ""N"": The extracted gene sequence is empty or consists entirely from gaps;When processing gene ""ORF9b"": The extracted gene sequence is empty or consists entirely from gaps"	
91	802_sub0	21J	21J (Delta)	Delta	21J	B.1.617.2.4	AY.4	0	good	14	6	0	0	0	0	14	2	0	1	18404	20678	26839	0.206066280975153	E:1,M:0.47085201793721976,ORF1b:0.1083086053412463,ORF3a:1,S:1	false	C21618G,C21846T,G21987A,T22917G,G22985A,C22995A,A23403G,C23604G,C23987T,G24410A,G24914T,C25469T,C26521T,T26767C	22029-22034			M:I82T,ORF3a:S26L,S:T19R,S:T95I,S:G142D,S:R158G,S:L452R,S:A475T,S:T478K,S:D614G,S:P681R,S:P809S,S:D950N,S:D1118Y	S:E156-,S:F157-				G22985A,C23987T,G24914T,C26521T	0	0	4	4		NODE_0000627	C21846T,G22985A,C23987T,G24914T,C26521T		S:T95I,S:A475T,S:P809S,S:D1118Y		NODE_0000676	G22985A,C23987T,G24914T,C26521T		S:A475T,S:P809S,S:D1118Y		N/A	N/A	N/A	N/A	N/A	N/A	N/A	N/A	N/A	N/A	ORF1b:2404		3000	0	good	0	10	0	good	0	24	-4	0	good	4		0	good	0		0		0	0	good		0	0	good	0		ORF1a,ORF6,ORF7a,ORF7b,ORF8,N,ORF9b	"When processing gene ""ORF1a"": The extracted gene sequence is empty or consists entirely from gaps;When processing gene ""ORF6"": The extracted gene sequence is empty or consists entirely from gaps;When processing gene ""ORF7a"": The extracted gene sequence is empty or consists entirely from gaps;When processing gene ""ORF7b"": The extracted gene sequence is empty or consists entirely from gaps;When processing gene ""ORF8"": The extracted gene sequence is empty or consists entirely from gaps;When processing gene ""N"": The extracted gene sequence is empty or consists entirely from gaps;When processing gene ""ORF9b"": The extracted gene sequence is empty or consists entirely from gaps"	
89	813_sub0	21J	21J (Delta)	Delta	21J	B.1.617.2.39	AY.39	56.423611	mediocre	15	5	0	1	0	0	7	1	0	1123	18389	20678	26839	0.206066280975153	E:1,M:0.47085201793721976,ORF1b:0.1083086053412463,ORF3a:1,S:0.11930926216640503	false	G21372T,C21618G,C21846T,G21987A,C22033A,A22034T,T22917G,C22995A,A23403G,C23604G,T23817C,G24410A,C25469T,T25676C,T26767C	22016,22029-22031,22664		S:153-1274	M:I82T,ORF1b:Q2635H,ORF3a:S26L,ORF3a:L95S,S:T19R,S:T95I,S:G142D	S:W152-			-22033A|24A&24E&22D&23C&24C&23F&24F&24B&rec&23I&24G&25A&24H&24D&24I&25B&25C	-22034T,T23817C,T25676C	0	1	3	4		NODE_0000627	G21372T,C21846T,-22033A,-22034T,T23817C,T25676C	22016,22664	ORF1b:Q2635H,ORF3a:L95S,S:T95I	S:W152-	NODE_0000674	-22033A,-22034T,T23817C,T25676C	22016,22664	ORF3a:L95S	S:W152-	N/A	N/A	N/A	N/A	N/A	N/A	N/A	N/A	N/A	N/A	ORF1b:2404,S:153-1274		3000	0	good	0	10	0	good	0	24	1	4.166667	good	9		0	good	0	S:153-1274	1		0	75	mediocre		0	0	good	0		ORF1a,ORF6,ORF7a,ORF7b,ORF8,N,ORF9b	"When processing gene ""ORF1a"": The extracted gene sequence is empty or consists entirely from gaps;When processing gene ""ORF6"": The extracted gene sequence is empty or consists entirely from gaps;When processing gene ""ORF7a"": The extracted gene sequence is empty or consists entirely from gaps;When processing gene ""ORF7b"": The extracted gene sequence is empty or consists entirely from gaps;When processing gene ""ORF8"": The extracted gene sequence is empty or consists entirely from gaps;When processing gene ""N"": The extracted gene sequence is empty or consists entirely from gaps;When processing gene ""ORF9b"": The extracted gene sequence is empty or consists entirely from gaps"	
92	809_sub0	21J	21J (Delta)	Delta	21J	B.1.617.2.4	AY.4	56.250000	mediocre	12	6	0	1	0	0	9	3	0	507	18406	20678	26839	0.206066280975153	E:1,M:0.47085201793721976,ORF1b:0.1083086053412463,ORF3a:1,S:0.6028257456828885	false	C21618G,C21846T,G21987A,T22917G,C22995A,A23403G,C23604G,C23987T,G24410A,G24914T,C25469T,T26767C	22031-22035,23555		S:159-664	M:I82T,ORF3a:S26L,S:T19R,S:T95I,S:G142D,S:P681R,S:P809S,S:D950N,S:D1118Y	S:F157-,S:R158-,S:P665-				C23987T,G24914T	0	0	2	2		NODE_0000627	C21846T,C23987T,G24914T	22035,23555	S:T95I,S:-156E,S:P809S,S:D1118Y	S:G158-,S:P665-	NODE_0000676	C23987T,G24914T	22035,23555	S:-156E,S:P809S,S:D1118Y	S:G158-,S:P665-	N/A	N/A	N/A	N/A	N/A	N/A	N/A	N/A	N/A	N/A	ORF1b:2404,S:159-664		3000	0	good	0	10	0	good	0	24	-4	0	good	4		0	good	0	S:159-664	1		0	75	mediocre		0	0	good	0		ORF1a,ORF6,ORF7a,ORF7b,ORF8,N,ORF9b	"When processing gene ""ORF1a"": The extracted gene sequence is empty or consists entirely from gaps;When processing gene ""ORF6"": The extracted gene sequence is empty or consists entirely from gaps;When processing gene ""ORF7a"": The extracted gene sequence is empty or consists entirely from gaps;When processing gene ""ORF7b"": The extracted gene sequence is empty or consists entirely from gaps;When processing gene ""ORF8"": The extracted gene sequence is empty or consists entirely from gaps;When processing gene ""N"": The extracted gene sequence is empty or consists entirely from gaps;When processing gene ""ORF9b"": The extracted gene sequence is empty or consists entirely from gaps"	
75	776_sub0	21J	21J (Delta)	Delta	21J	B.1.617.2.4	AY.4	56.250000	mediocre	13	8	0	1	0	0	4	1	0	1169	18387	20678	26839	0.206066280975153	E:1,M:0.47085201793721976,ORF1b:0.1083086053412463,ORF3a:1,S:0.08320251177394035	false	C21618G,C21846T,G21987A,T22128C,T22917G,C22995A,A23403G,C23604G,C23987T,G24410A,G24914T,C25469T,T26767C	21878,22029-22034,24774		S:107-1274	M:I82T,ORF3a:S26L,S:T19R,S:T95I	S:F106-				T22128C,C23987T,G24914T	0	0	3	3		NODE_0000627	C21846T,T22128C,C23987T,G24914T	21878,24774	S:T95I	S:F106-	NODE_0000676	T22128C,C23987T,G24914T	21878,24774		S:F106-	N/A	N/A	N/A	N/A	N/A	N/A	N/A	N/A	N/A	N/A	ORF1b:2404,S:107-1274		3000	0	good	0	10	0	good	0	24	-3	0	good	5		0	good	0	S:107-1274	1		0	75	mediocre		0	0	good	0		ORF1a,ORF6,ORF7a,ORF7b,ORF8,N,ORF9b	"When processing gene ""ORF1a"": The extracted gene sequence is empty or consists entirely from gaps;When processing gene ""ORF6"": The extracted gene sequence is empty or consists entirely from gaps;When processing gene ""ORF7a"": The extracted gene sequence is empty or consists entirely from gaps;When processing gene ""ORF7b"": The extracted gene sequence is empty or consists entirely from gaps;When processing gene ""ORF8"": The extracted gene sequence is empty or consists entirely from gaps;When processing gene ""N"": The extracted gene sequence is empty or consists entirely from gaps;When processing gene ""ORF9b"": The extracted gene sequence is empty or consists entirely from gaps"	
103	811_sub0	21J	21J (Delta)	Delta	21J	B.1.617.2.4	AY.4	56.250000	mediocre	14	6	2	1	0	0	7	0	0	1120	18390	20678	26839	0.206066280975153	E:1,M:0.47085201793721976,ORF1b:0.1083086053412463,ORF3a:1,S:0.12166405023547881	false	C21618G,C21846T,G21987A,T22917G,C22995A,A23403G,C23604G,C23987T,G24410A,G24914T,C25469T,A26186G,T26767C,C26822A	22032-22037	22027:G,22585:T	S:156-1274	M:I82T,M:F100L,ORF3a:S26L,ORF3a:D265G,S:T19R,S:T95I,S:G142D					C23987T,G24914T,A26186G,C26822A	0	0	4	4		NODE_0000627	C21846T,C23987T,G24914T,A26186G,C26822A	22035-22037	M:F100L,ORF3a:D265G,S:T95I		NODE_0000676	C23987T,G24914T,A26186G,C26822A	22035-22037	M:F100L,ORF3a:D265G		N/A	N/A	N/A	N/A	N/A	N/A	N/A	N/A	N/A	N/A	ORF1b:2404,S:156-1274		3000	0	good	0	10	0	good	0	24	-3	0	good	5		0	good	0	S:156-1274	1		0	75	mediocre		0	0	good	0		ORF1a,ORF6,ORF7a,ORF7b,ORF8,N,ORF9b	"When processing gene ""ORF1a"": The extracted gene sequence is empty or consists entirely from gaps;When processing gene ""ORF6"": The extracted gene sequence is empty or consists entirely from gaps;When processing gene ""ORF7a"": The extracted gene sequence is empty or consists entirely from gaps;When processing gene ""ORF7b"": The extracted gene sequence is empty or consists entirely from gaps;When processing gene ""ORF8"": The extracted gene sequence is empty or consists entirely from gaps;When processing gene ""N"": The extracted gene sequence is empty or consists entirely from gaps;When processing gene ""ORF9b"": The extracted gene sequence is empty or consists entirely from gaps"	
95	75_sub0	21J	21J (Delta)	Delta	21J	B.1.617.2.4	AY.4	56.250000	mediocre	13	7	1	1	0	0	13	2	0	51	18390	20678	26839	0.206066280975153	E:1,M:0.47085201793721976,ORF1b:0.1083086053412463,ORF3a:1,S:0.9607535321821036	false	C21618G,C21846T,G21987A,T22917G,C22995A,A23403G,C23604G,C23987T,G24410A,G24914T,T25004C,C25469T,T26767C	22029-22034,24774	24922:T	S:1072-1120	M:I82T,ORF3a:S26L,S:T19R,S:T95I,S:G142D,S:R158G,S:L452R,S:T478K,S:D614G,S:P681R,S:P809S,S:D950N,S:F1148L	S:E156-,S:F157-				C23987T,G24914T,T25004C	0	0	3	3		NODE_0000627	C21846T,C23987T,G24914T,T25004C	24774	S:T95I,S:P809S,S:F1148L		NODE_0000676	C23987T,G24914T,T25004C	24774	S:P809S,S:F1148L		N/A	N/A	N/A	N/A	N/A	N/A	N/A	N/A	N/A	N/A	ORF1b:2404,S:1071-1120		3000	0	good	0	10	0	good	0	24	-4	0	good	4		0	good	0	S:1072-1120	1		0	75	mediocre		0	0	good	0		ORF1a,ORF6,ORF7a,ORF7b,ORF8,N,ORF9b	"When processing gene ""ORF1a"": The extracted gene sequence is empty or consists entirely from gaps;When processing gene ""ORF6"": The extracted gene sequence is empty or consists entirely from gaps;When processing gene ""ORF7a"": The extracted gene sequence is empty or consists entirely from gaps;When processing gene ""ORF7b"": The extracted gene sequence is empty or consists entirely from gaps;When processing gene ""ORF8"": The extracted gene sequence is empty or consists entirely from gaps;When processing gene ""N"": The extracted gene sequence is empty or consists entirely from gaps;When processing gene ""ORF9b"": The extracted gene sequence is empty or consists entirely from gaps"	
94	7867_sub0	21J	21J (Delta)	Delta	21J	B.1.617.2.4	AY.4	56.250000	mediocre	13	6	1	1	0	0	7	2	0	1047	18401	20678	26839	0.206066280975153	E:1,M:0.47085201793721976,ORF1b:0.1083086053412463,ORF3a:1,S:0.17896389324960754	false	C21618G,C21846T,G21987A,T22917G,C22995A,A23403G,C23604G,C23987T,G24410A,G24914T,C25469T,G25906A,T26767C	22029-22034	22246:T	S:229-1274	M:I82T,ORF3a:S26L,ORF3a:G172S,S:T19R,S:T95I,S:G142D,S:R158G	S:E156-,S:F157-				C23987T,G24914T,G25906A	0	0	3	3		NODE_0000627	C21846T,C23987T,G24914T,G25906A		ORF3a:G172S,S:T95I		NODE_0000676	C23987T,G24914T,G25906A		ORF3a:G172S		N/A	N/A	N/A	N/A	N/A	N/A	N/A	N/A	N/A	N/A	ORF1b:2404,S:229-1274		3000	0	good	0	10	0	good	0	24	-5	0	good	3		0	good	0	S:229-1274	1		0	75	mediocre		0	0	good	0		ORF1a,ORF6,ORF7a,ORF7b,ORF8,N,ORF9b	"When processing gene ""ORF1a"": The extracted gene sequence is empty or consists entirely from gaps;When processing gene ""ORF6"": The extracted gene sequence is empty or consists entirely from gaps;When processing gene ""ORF7a"": The extracted gene sequence is empty or consists entirely from gaps;When processing gene ""ORF7b"": The extracted gene sequence is empty or consists entirely from gaps;When processing gene ""ORF8"": The extracted gene sequence is empty or consists entirely from gaps;When processing gene ""N"": The extracted gene sequence is empty or consists entirely from gaps;When processing gene ""ORF9b"": The extracted gene sequence is empty or consists entirely from gaps"	
93	64_sub0	21J	21J (Delta)	Delta	21J	B.1.617.2.4	AY.4	225.694444	bad	15	3	0	2	0	0	4	2	0	1222	18394	20678	26839	0.206066280975153	E:1,M:0.47085201793721976,ORF1b:0.1083086053412463,ORF3a:0.717391304347826,S:0.10282574568288853	false	C21618G,C21846T,G21987A,G22030T,T22032A,C22033A,T22917G,C22995A,A23403G,C23604G,C23987T,G24410A,G24914T,C25469T,T26767C	21954,22029,25984		S:132-1274,ORF3a:199-276	M:I82T,ORF3a:S26L,S:T19R,S:T95I	ORF3a:K198-,S:C131-			-22033A|24A&24E&22D&23C&24C&23F&24F&24B&rec&23I&24G&25A&24H&24D&24I&25B&25C	-22030T,-22032A,C23987T,G24914T	0	1	4	5		NODE_0000627	C21846T,-22030T,-22032A,-22033A,C23987T,G24914T	21954,25984	S:T95I	ORF3a:K198-,S:C131-	NODE_0000676	-22030T,-22032A,-22033A,C23987T,G24914T	21954,25984		ORF3a:K198-,S:C131-	N/A	N/A	N/A	N/A	N/A	N/A	N/A	N/A	N/A	N/A	ORF1b:2404,S:132-1274,ORF3a:199-276		3000	0	good	0	10	0	good	0	24	2	8.333333	good	10		0	good	0	S:132-1274,ORF3a:199-276	2		0	150	bad		0	0	good	0		ORF1a,ORF6,ORF7a,ORF7b,ORF8,N,ORF9b	"When processing gene ""ORF1a"": The extracted gene sequence is empty or consists entirely from gaps;When processing gene ""ORF6"": The extracted gene sequence is empty or consists entirely from gaps;When processing gene ""ORF7a"": The extracted gene sequence is empty or consists entirely from gaps;When processing gene ""ORF7b"": The extracted gene sequence is empty or consists entirely from gaps;When processing gene ""ORF8"": The extracted gene sequence is empty or consists entirely from gaps;When processing gene ""N"": The extracted gene sequence is empty or consists entirely from gaps;When processing gene ""ORF9b"": The extracted gene sequence is empty or consists entirely from gaps"	
78	923_sub0	21J	21J (Delta)	Delta	21J	B.1.617.2.4	AY.4	56.944444	mediocre	16	3	0	1	0	0	10	3	0	614	18398	20678	26839	0.206066280975153	E:1,M:0.47085201793721976,ORF1b:0.1083086053412463,ORF3a:1,S:0.5188383045525903	false	C21618G,C21846T,G21987A,C22033A,G22616T,T22917G,C22995A,A23403G,C23604G,C23987T,T24283G,T24294C,G24410A,G24914T,C25469T,T26767C	22030-22031,23873		S:158-770	M:I82T,ORF3a:S26L,S:T19R,S:T95I,S:G142D,S:P809S,S:N907K,S:V911A,S:D950N,S:D1118Y	S:E156-,S:F157-,S:A771-			-22033A|24A&24E&22D&23C&24C&23F&24F&24B&rec&23I&24G&25A&24H&24D&24I&25B&25C	G22616T,C23987T,T24283G,T24294C,G24914T	0	1	5	6		NODE_0000627	C21846T,-22033A,G22616T,C23987T,T24283G,T24294C,G24914T	23873	S:T95I,S:P809S,S:N907K,S:V911A,S:D1118Y	S:A771-	NODE_0000676	-22033A,G22616T,C23987T,T24283G,T24294C,G24914T	23873	S:P809S,S:N907K,S:V911A,S:D1118Y	S:A771-	N/A	N/A	N/A	N/A	N/A	N/A	N/A	N/A	N/A	N/A	ORF1b:2404,S:158-770		3000	0	good	0	10	0	good	0	24	2	8.333333	good	10		0	good	0	S:158-770	1		0	75	mediocre		0	0	good	0		ORF1a,ORF6,ORF7a,ORF7b,ORF8,N,ORF9b	"When processing gene ""ORF1a"": The extracted gene sequence is empty or consists entirely from gaps;When processing gene ""ORF6"": The extracted gene sequence is empty or consists entirely from gaps;When processing gene ""ORF7a"": The extracted gene sequence is empty or consists entirely from gaps;When processing gene ""ORF7b"": The extracted gene sequence is empty or consists entirely from gaps;When processing gene ""ORF8"": The extracted gene sequence is empty or consists entirely from gaps;When processing gene ""N"": The extracted gene sequence is empty or consists entirely from gaps;When processing gene ""ORF9b"": The extracted gene sequence is empty or consists entirely from gaps"	
98	711_sub0	21J	21J (Delta)	Delta	21J	B.1.617.2.4	AY.4	0	good	12	6	0	0	0	0	13	2	0	1	18412	20678	26839	0.206066280975153	E:1,M:0.47085201793721976,ORF1b:0.1083086053412463,ORF3a:1,S:1	false	C21618G,C21846T,G21987A,T22917G,C22995A,A23403G,C23604G,C23987T,G24410A,G24914T,C25469T,T26767C	22029-22034			M:I82T,ORF3a:S26L,S:T19R,S:T95I,S:G142D,S:R158G,S:L452R,S:T478K,S:D614G,S:P681R,S:P809S,S:D950N,S:D1118Y	S:E156-,S:F157-				C23987T,G24914T	0	0	2	2		NODE_0000627	C21846T,C23987T,G24914T		S:T95I,S:P809S,S:D1118Y		NODE_0000676	C23987T,G24914T		S:P809S,S:D1118Y		N/A	N/A	N/A	N/A	N/A	N/A	N/A	N/A	N/A	N/A	ORF1b:2404		3000	0	good	0	10	0	good	0	24	-6	0	good	2		0	good	0		0		0	0	good		0	0	good	0		ORF1a,ORF6,ORF7a,ORF7b,ORF8,N,ORF9b	"When processing gene ""ORF1a"": The extracted gene sequence is empty or consists entirely from gaps;When processing gene ""ORF6"": The extracted gene sequence is empty or consists entirely from gaps;When processing gene ""ORF7a"": The extracted gene sequence is empty or consists entirely from gaps;When processing gene ""ORF7b"": The extracted gene sequence is empty or consists entirely from gaps;When processing gene ""ORF8"": The extracted gene sequence is empty or consists entirely from gaps;When processing gene ""N"": The extracted gene sequence is empty or consists entirely from gaps;When processing gene ""ORF9b"": The extracted gene sequence is empty or consists entirely from gaps"	
96	723_sub0	21J	21J (Delta)	Delta	21J	B.1.617.2.4	AY.4	56.250000	mediocre	13	5	1	1	0	0	5	3	0	1117	18405	20678	26839	0.206066280975153	E:1,M:0.47085201793721976,ORF1b:0.1083086053412463,ORF3a:1,S:0.12401883830455258	false	C21618G,C21846T,G21987A,A22029T,T22917G,C22995A,A23403G,C23604G,C23987T,G24410A,G24914T,C25469T,T26767C	22031-22035	22585:T	S:159-1274	M:I82T,ORF3a:S26L,S:T19R,S:T95I,S:G142D	S:E156-,S:F157-,S:R158-				-22029T,C23987T,G24914T	0	0	3	3		NODE_0000627	C21846T,-22029T,C23987T,G24914T	22035	S:T95I	S:G158-	NODE_0000676	-22029T,C23987T,G24914T	22035		S:G158-	N/A	N/A	N/A	N/A	N/A	N/A	N/A	N/A	N/A	N/A	ORF1b:2404,S:159-1274		3000	0	good	0	10	0	good	0	24	-4	0	good	4		0	good	0	S:159-1274	1		0	75	mediocre		0	0	good	0		ORF1a,ORF6,ORF7a,ORF7b,ORF8,N,ORF9b	"When processing gene ""ORF1a"": The extracted gene sequence is empty or consists entirely from gaps;When processing gene ""ORF6"": The extracted gene sequence is empty or consists entirely from gaps;When processing gene ""ORF7a"": The extracted gene sequence is empty or consists entirely from gaps;When processing gene ""ORF7b"": The extracted gene sequence is empty or consists entirely from gaps;When processing gene ""ORF8"": The extracted gene sequence is empty or consists entirely from gaps;When processing gene ""N"": The extracted gene sequence is empty or consists entirely from gaps;When processing gene ""ORF9b"": The extracted gene sequence is empty or consists entirely from gaps"	
100	788_sub0	21J	21J (Delta)	Delta	21J	B.1.617.2.4	AY.4	56.250000	mediocre	13	5	1	1	0	0	5	3	0	1117	18405	20678	26839	0.206066280975153	E:1,M:0.47085201793721976,ORF1b:0.1083086053412463,ORF3a:1,S:0.12401883830455258	false	C21618G,C21846T,G21987A,A22029T,T22917G,C22995A,A23403G,C23604G,C23987T,G24410A,G24914T,C25469T,T26767C	22031-22035	24478:A	S:159-1274	M:I82T,ORF3a:S26L,S:T19R,S:T95I,S:G142D	S:E156-,S:F157-,S:R158-				-22029T,C23987T,G24914T	0	0	3	3		NODE_0000627	C21846T,-22029T,C23987T,G24914T	22035	S:T95I	S:G158-	NODE_0000676	-22029T,C23987T,G24914T	22035		S:G158-	N/A	N/A	N/A	N/A	N/A	N/A	N/A	N/A	N/A	N/A	ORF1b:2404,S:159-1274		3000	0	good	0	10	0	good	0	24	-4	0	good	4		0	good	0	S:159-1274	1		0	75	mediocre		0	0	good	0		ORF1a,ORF6,ORF7a,ORF7b,ORF8,N,ORF9b	"When processing gene ""ORF1a"": The extracted gene sequence is empty or consists entirely from gaps;When processing gene ""ORF6"": The extracted gene sequence is empty or consists entirely from gaps;When processing gene ""ORF7a"": The extracted gene sequence is empty or consists entirely from gaps;When processing gene ""ORF7b"": The extracted gene sequence is empty or consists entirely from gaps;When processing gene ""ORF8"": The extracted gene sequence is empty or consists entirely from gaps;When processing gene ""N"": The extracted gene sequence is empty or consists entirely from gaps;When processing gene ""ORF9b"": The extracted gene sequence is empty or consists entirely from gaps"	
99	7873_sub0	21J	21J (Delta)	Delta	21J	B.1.617.2.4	AY.4	56.250000	mediocre	13	8	0	1	0	0	13	3	0	50	18394	20678	26839	0.206066280975153	E:1,M:0.47085201793721976,ORF1b:0.1083086053412463,ORF3a:0.822463768115942,S:1	false	C21618G,C21846T,G21987A,T22917G,C22995A,A23403G,C23604G,C23987T,G24410A,G24914T,C25469T,T26543C,T26767C	22029-22034,26072-26073		ORF3a:228-276	M:I82T,ORF3a:S26L,S:T19R,S:T95I,S:G142D,S:R158G,S:L452R,S:T478K,S:D614G,S:P681R,S:P809S,S:D950N,S:D1118Y	ORF3a:H227-,S:E156-,S:F157-				C23987T,G24914T,T26543C	0	0	3	3		NODE_0000627	C21846T,C23987T,G24914T,T26543C	26072-26073	S:T95I,S:P809S,S:D1118Y	ORF3a:H227-	NODE_0000676	C23987T,G24914T,T26543C	26072-26073	S:P809S,S:D1118Y	ORF3a:H227-	N/A	N/A	N/A	N/A	N/A	N/A	N/A	N/A	N/A	N/A	ORF1b:2404,ORF3a:228-276		3000	0	good	0	10	0	good	0	24	-4	0	good	4		0	good	0	ORF3a:228-276	1		0	75	mediocre		0	0	good	0		ORF1a,ORF6,ORF7a,ORF7b,ORF8,N,ORF9b	"When processing gene ""ORF1a"": The extracted gene sequence is empty or consists entirely from gaps;When processing gene ""ORF6"": The extracted gene sequence is empty or consists entirely from gaps;When processing gene ""ORF7a"": The extracted gene sequence is empty or consists entirely from gaps;When processing gene ""ORF7b"": The extracted gene sequence is empty or consists entirely from gaps;When processing gene ""ORF8"": The extracted gene sequence is empty or consists entirely from gaps;When processing gene ""N"": The extracted gene sequence is empty or consists entirely from gaps;When processing gene ""ORF9b"": The extracted gene sequence is empty or consists entirely from gaps"	
101	706_sub0	21J	21J (Delta)	Delta	21J	B.1.617.2.4	AY.4	225	bad	14	6	0	2	0	0	5	4	0	1257	18391	20678	26839	0.206066280975153	E:1,M:0.47085201793721976,ORF1b:0.1083086053412463,ORF3a:0.4927536231884058,S:0.12401883830455258	false	C21618G,C21846T,G21987A,A22029T,G22030T,T22917G,C22995A,A23403G,C23604G,C23987T,G24410A,G24914T,C25469T,T26767C	22031-22034,23966,25798		S:159-1274,ORF3a:137-276	M:I82T,ORF3a:S26L,S:T19R,S:T95I,S:G142D	ORF3a:K136-,S:E156-,S:F157-,S:R158-				-22029T,-22030T,C23987T,G24914T	0	0	4	4		NODE_0000627	C21846T,-22029T,-22030T,C23987T,G24914T	23966,25798	S:T95I	ORF3a:K136-,S:G158-	NODE_0000676	-22029T,-22030T,C23987T,G24914T	23966,25798		ORF3a:K136-,S:G158-	N/A	N/A	N/A	N/A	N/A	N/A	N/A	N/A	N/A	N/A	ORF1b:2404,S:159-1274,ORF3a:137-276		3000	0	good	0	10	0	good	0	24	-2	0	good	6		0	good	0	S:159-1274,ORF3a:137-276	2		0	150	bad		0	0	good	0		ORF1a,ORF6,ORF7a,ORF7b,ORF8,N,ORF9b	"When processing gene ""ORF1a"": The extracted gene sequence is empty or consists entirely from gaps;When processing gene ""ORF6"": The extracted gene sequence is empty or consists entirely from gaps;When processing gene ""ORF7a"": The extracted gene sequence is empty or consists entirely from gaps;When processing gene ""ORF7b"": The extracted gene sequence is empty or consists entirely from gaps;When processing gene ""ORF8"": The extracted gene sequence is empty or consists entirely from gaps;When processing gene ""N"": The extracted gene sequence is empty or consists entirely from gaps;When processing gene ""ORF9b"": The extracted gene sequence is empty or consists entirely from gaps"	
102	99_sub0	21J	21J (Delta)	Delta	21J	B.1.617.2.4	AY.4	0	good	14	3	0	0	0	0	13	1	0	1	18414	20678	26839	0.206066280975153	E:1,M:0.47085201793721976,ORF1b:0.1083086053412463,ORF3a:1,S:1	false	C21618G,C21846T,G21987A,G22030A,T22917G,C22995A,A23403G,C23604G,C23987T,A24335T,G24410A,G24914T,C25469T,T26767C	22031-22033			M:I82T,ORF3a:S26L,S:T19R,S:T95I,S:G142D,S:L452R,S:T478K,S:D614G,S:P681R,S:P809S,S:N925Y,S:D950N,S:D1118Y	S:F157-				-22030A,C23987T,A24335T,G24914T	0	0	4	4		NODE_0000627	C21846T,-22030A,C23987T,A24335T,G24914T		S:T95I,S:-156E,S:G158R,S:P809S,S:N925Y,S:D1118Y		NODE_0000676	-22030A,C23987T,A24335T,G24914T		S:-156E,S:G158R,S:P809S,S:N925Y,S:D1118Y		N/A	N/A	N/A	N/A	N/A	N/A	N/A	N/A	N/A	N/A	ORF1b:2404		3000	0	good	0	10	0	good	0	24	-4	0	good	4		0	good	0		0		0	0	good		0	0	good	0		ORF1a,ORF6,ORF7a,ORF7b,ORF8,N,ORF9b	"When processing gene ""ORF1a"": The extracted gene sequence is empty or consists entirely from gaps;When processing gene ""ORF6"": The extracted gene sequence is empty or consists entirely from gaps;When processing gene ""ORF7a"": The extracted gene sequence is empty or consists entirely from gaps;When processing gene ""ORF7b"": The extracted gene sequence is empty or consists entirely from gaps;When processing gene ""ORF8"": The extracted gene sequence is empty or consists entirely from gaps;When processing gene ""N"": The extracted gene sequence is empty or consists entirely from gaps;When processing gene ""ORF9b"": The extracted gene sequence is empty or consists entirely from gaps"	
97	638_sub0	21J	21J (Delta)	Delta	21J	B.1.617.2.4	AY.4	225.173611	bad	17	30	0	2	0	0	4	11	0	1314	18314	20678	26839	0.206066280975153	E:1,M:0,ORF1b:0.1083086053412463,ORF3a:1,S:0.12401883830455258	false	C21618G,C21846T,G21987A,T22917G,C22995A,A23403G,C23604G,C23987T,G24410A,G24914T,T25375G,A25377G,C25469T,C26600T,C26601T,A26603T,T26767C	22031-22035,26574-26598		S:159-1274,M:27-223	ORF3a:S26L,S:T19R,S:T95I,S:G142D	M:E18-,M:Q19-,M:W20-,M:N21-,M:L22-,M:V23-,M:I24-,M:G25-,M:F26-,S:F157-,S:R158-				C23987T,G24914T,T25375G,A25377G,C26600T,C26601T,A26603T	0	0	7	7		NODE_0000627	C21846T,C23987T,G24914T,T25375G,A25377G,C26600T,C26601T,A26603T	22035,26574-26598	S:T95I,S:-156E	M:E18-,M:Q19-,M:W20-,M:N21-,M:L22-,M:V23-,M:I24-,M:G25-,M:F26-,S:G158-	NODE_0000676	C23987T,G24914T,T25375G,A25377G,C26600T,C26601T,A26603T	22035,26574-26598	S:-156E	M:E18-,M:Q19-,M:W20-,M:N21-,M:L22-,M:V23-,M:I24-,M:G25-,M:F26-,S:G158-	N/A	N/A	N/A	N/A	N/A	N/A	N/A	N/A	N/A	N/A	ORF1b:2404,S:159-1274,M:27-223		3000	0	good	0	10	0	good	0	24	1	4.166667	good	9		0	good	0	S:159-1274,M:27-223	2		0	150	bad		0	0	good	0		ORF1a,ORF6,ORF7a,ORF7b,ORF8,N,ORF9b	"When processing gene ""ORF1a"": The extracted gene sequence is empty or consists entirely from gaps;When processing gene ""ORF6"": The extracted gene sequence is empty or consists entirely from gaps;When processing gene ""ORF7a"": The extracted gene sequence is empty or consists entirely from gaps;When processing gene ""ORF7b"": The extracted gene sequence is empty or consists entirely from gaps;When processing gene ""ORF8"": The extracted gene sequence is empty or consists entirely from gaps;When processing gene ""N"": The extracted gene sequence is empty or consists entirely from gaps;When processing gene ""ORF9b"": The extracted gene sequence is empty or consists entirely from gaps"	
104	959_sub0	21J	21J (Delta)	Delta	21J	B.1.617.2.4	AY.4	56.250000	mediocre	14	5	0	1	0	0	5	2	0	1117	18408	20678	26839	0.206066280975153	E:1,M:0.47085201793721976,ORF1b:0.1083086053412463,ORF3a:1,S:0.12401883830455258	false	C21618G,C21846T,G21987A,T22917G,C22995A,T23344C,A23403G,C23604G,C23987T,G24410A,G24914T,C25469T,A26337G,T26767C	22031-22035		S:159-1274	M:I82T,ORF3a:S26L,S:T19R,S:T95I,S:G142D	S:F157-,S:R158-				T23344C,C23987T,G24914T,A26337G	0	0	4	4		NODE_0000627	C21846T,T23344C,C23987T,G24914T,A26337G	22035	S:T95I,S:-156E	S:G158-	NODE_0000676	T23344C,C23987T,G24914T,A26337G	22035	S:-156E	S:G158-	N/A	N/A	N/A	N/A	N/A	N/A	N/A	N/A	N/A	N/A	ORF1b:2404,S:159-1274		3000	0	good	0	10	0	good	0	24	-3	0	good	5		0	good	0	S:159-1274	1		0	75	mediocre		0	0	good	0		ORF1a,ORF6,ORF7a,ORF7b,ORF8,N,ORF9b	"When processing gene ""ORF1a"": The extracted gene sequence is empty or consists entirely from gaps;When processing gene ""ORF6"": The extracted gene sequence is empty or consists entirely from gaps;When processing gene ""ORF7a"": The extracted gene sequence is empty or consists entirely from gaps;When processing gene ""ORF7b"": The extracted gene sequence is empty or consists entirely from gaps;When processing gene ""ORF8"": The extracted gene sequence is empty or consists entirely from gaps;When processing gene ""N"": The extracted gene sequence is empty or consists entirely from gaps;When processing gene ""ORF9b"": The extracted gene sequence is empty or consists entirely from gaps"	
105	822_sub0	21J	21J (Delta)	Delta	21J	B.1.617.2.4	AY.4	56.250000	mediocre	16	3	1	1	0	0	13	1	0	167	18399	20678	26839	0.206066280975153	E:1,M:0.47085201793721976,ORF1b:0.1083086053412463,ORF3a:1,S:0.869701726844584	false	A21132G,C21618G,C21846T,G21987A,G22030A,T22514C,T22917G,C22995A,A23403G,C23604G,C23987T,G24410A,G24882A,G24914T,C25469T,T26767C	22031-22033	24886:T	S:1109-1274	M:I82T,ORF3a:S26L,S:T19R,S:T95I,S:G142D,S:F318L,S:L452R,S:T478K,S:D614G,S:P681R,S:P809S,S:D950N,S:R1107K	S:F157-				A21132G,-22030A,T22514C,C23987T,G24882A,G24914T	0	0	6	6		NODE_0000627	A21132G,C21846T,-22030A,T22514C,C23987T,G24882A,G24914T		S:T95I,S:-156E,S:G158R,S:F318L,S:P809S,S:R1107K		NODE_0000676	A21132G,-22030A,T22514C,C23987T,G24882A,G24914T		S:-156E,S:G158R,S:F318L,S:P809S,S:R1107K		N/A	N/A	N/A	N/A	N/A	N/A	N/A	N/A	N/A	N/A	ORF1b:2404,S:1109-1274		3000	0	good	0	10	0	good	0	24	-2	0	good	6		0	good	0	S:1109-1274	1		0	75	mediocre		0	0	good	0		ORF1a,ORF6,ORF7a,ORF7b,ORF8,N,ORF9b	"When processing gene ""ORF1a"": The extracted gene sequence is empty or consists entirely from gaps;When processing gene ""ORF6"": The extracted gene sequence is empty or consists entirely from gaps;When processing gene ""ORF7a"": The extracted gene sequence is empty or consists entirely from gaps;When processing gene ""ORF7b"": The extracted gene sequence is empty or consists entirely from gaps;When processing gene ""ORF8"": The extracted gene sequence is empty or consists entirely from gaps;When processing gene ""N"": The extracted gene sequence is empty or consists entirely from gaps;When processing gene ""ORF9b"": The extracted gene sequence is empty or consists entirely from gaps"	
106	7891_sub0	21J	21J (Delta)	Delta	21J	B.1.617.2.4	AY.4	0	good	14	6	0	0	0	0	15	2	0	1	18404	20678	26839	0.206066280975153	E:1,M:0.47085201793721976,ORF1b:0.1083086053412463,ORF3a:1,S:1	false	C21057G,C21618G,C21846T,G21987A,T22917G,C22995A,A23403G,C23604G,C23987T,G24386A,G24410A,G24914T,C25469T,T26767C	22029-22034			M:I82T,ORF1b:D2530E,ORF3a:S26L,S:T19R,S:T95I,S:G142D,S:R158G,S:L452R,S:T478K,S:D614G,S:P681R,S:P809S,S:A942T,S:D950N,S:D1118Y	S:E156-,S:F157-				C21057G,C23987T,G24386A,G24914T	0	0	4	4		NODE_0000627	C21057G,C21846T,C23987T,G24386A,G24914T		ORF1b:D2530E,S:T95I,S:P809S,S:A942T,S:D1118Y		NODE_0000676	C21057G,C23987T,G24386A,G24914T		ORF1b:D2530E,S:P809S,S:A942T,S:D1118Y		N/A	N/A	N/A	N/A	N/A	N/A	N/A	N/A	N/A	N/A	ORF1b:2404		3000	0	good	0	10	0	good	0	24	-4	0	good	4		0	good	0		0		0	0	good		0	0	good	0		ORF1a,ORF6,ORF7a,ORF7b,ORF8,N,ORF9b	"When processing gene ""ORF1a"": The extracted gene sequence is empty or consists entirely from gaps;When processing gene ""ORF6"": The extracted gene sequence is empty or consists entirely from gaps;When processing gene ""ORF7a"": The extracted gene sequence is empty or consists entirely from gaps;When processing gene ""ORF7b"": The extracted gene sequence is empty or consists entirely from gaps;When processing gene ""ORF8"": The extracted gene sequence is empty or consists entirely from gaps;When processing gene ""N"": The extracted gene sequence is empty or consists entirely from gaps;When processing gene ""ORF9b"": The extracted gene sequence is empty or consists entirely from gaps"	
111	683_sub0	21J	21J (Delta)	Delta	21J	B.1.617.2.4	AY.4	56.250000	mediocre	13	6	1	1	0	0	8	2	0	719	18401	20678	26839	0.206066280975153	E:1,M:0.47085201793721976,ORF1b:0.1083086053412463,ORF3a:1,S:0.4364207221350079	false	C21618G,C21846T,G21987A,T22917G,C22995A,A23403G,C23604G,C23987T,G24410A,G24914T,C25469T,C26753T,T26767C	22029-22034	23230:A	S:557-1274	M:I82T,ORF3a:S26L,S:T19R,S:T95I,S:G142D,S:R158G,S:L452R,S:T478K	S:E156-,S:F157-				C23987T,G24914T,C26753T	0	0	3	3		NODE_0000627	C21846T,C23987T,G24914T,C26753T		S:T95I		NODE_0000676	C23987T,G24914T,C26753T				N/A	N/A	N/A	N/A	N/A	N/A	N/A	N/A	N/A	N/A	ORF1b:2404,S:557-1274		3000	0	good	0	10	0	good	0	24	-5	0	good	3		0	good	0	S:557-1274	1		0	75	mediocre		0	0	good	0		ORF1a,ORF6,ORF7a,ORF7b,ORF8,N,ORF9b	"When processing gene ""ORF1a"": The extracted gene sequence is empty or consists entirely from gaps;When processing gene ""ORF6"": The extracted gene sequence is empty or consists entirely from gaps;When processing gene ""ORF7a"": The extracted gene sequence is empty or consists entirely from gaps;When processing gene ""ORF7b"": The extracted gene sequence is empty or consists entirely from gaps;When processing gene ""ORF8"": The extracted gene sequence is empty or consists entirely from gaps;When processing gene ""N"": The extracted gene sequence is empty or consists entirely from gaps;When processing gene ""ORF9b"": The extracted gene sequence is empty or consists entirely from gaps"	
108	928_sub0	21J	21J (Delta)	Delta	21J	B.1.617.2.4	AY.4	56.423611	mediocre	15	3	0	1	0	0	8	1	0	557	18402	20678	26839	0.206066280975153	E:1,M:0.47085201793721976,ORF1b:0.1083086053412463,ORF3a:1,S:0.5635792778649922	false	C21618G,C21846T,G21987A,G22030A,C22033A,T22917G,C22995A,A23403G,C23604G,C23987T,G24410A,G24914T,C25469T,T25995C,T26767C	22031-22032,23700		S:158-713	M:I82T,ORF3a:S26L,S:T19R,S:T95I,S:G142D,S:P809S,S:D950N,S:D1118Y	S:F157-			-22033A|24A&24E&22D&23C&24C&23F&24F&24B&rec&23I&24G&25A&24H&24D&24I&25B&25C	-22030A,C23987T,G24914T,T25995C	0	1	4	5		NODE_0000627	C21846T,-22030A,-22033A,C23987T,G24914T,T25995C	23700	S:T95I,S:-156E,S:P809S,S:D1118Y		NODE_0000676	-22030A,-22033A,C23987T,G24914T,T25995C	23700	S:-156E,S:P809S,S:D1118Y		N/A	N/A	N/A	N/A	N/A	N/A	N/A	N/A	N/A	N/A	ORF1b:2404,S:158-713		3000	0	good	0	10	0	good	0	24	1	4.166667	good	9		0	good	0	S:158-713	1		0	75	mediocre		0	0	good	0		ORF1a,ORF6,ORF7a,ORF7b,ORF8,N,ORF9b	"When processing gene ""ORF1a"": The extracted gene sequence is empty or consists entirely from gaps;When processing gene ""ORF6"": The extracted gene sequence is empty or consists entirely from gaps;When processing gene ""ORF7a"": The extracted gene sequence is empty or consists entirely from gaps;When processing gene ""ORF7b"": The extracted gene sequence is empty or consists entirely from gaps;When processing gene ""ORF8"": The extracted gene sequence is empty or consists entirely from gaps;When processing gene ""N"": The extracted gene sequence is empty or consists entirely from gaps;When processing gene ""ORF9b"": The extracted gene sequence is empty or consists entirely from gaps"	
110	933_sub0	21J	21J (Delta)	Delta	21J	B.1.617.2.4	AY.4	56.250000	mediocre	15	4	0	1	0	0	7	2	0	1118	18406	20678	26839	0.206066280975153	E:1,M:0.47085201793721976,ORF1b:0.1083086053412463,ORF3a:1,S:0.12323390894819466	false	C21454G,C21618G,C21846T,G21987A,C22033T,T22917G,C22995A,A23403G,C23604G,C23987T,G24410A,G24914T,C25469T,A25802T,T26767C	22029-22032		S:158-1274	M:I82T,ORF1b:Q2663E,ORF3a:S26L,ORF3a:N137I,S:T19R,S:T95I,S:G142D	S:E156-,S:F157-				C21454G,-22033T,C23987T,G24914T,A25802T	0	0	5	5		NODE_0000627	C21454G,C21846T,-22033T,C23987T,G24914T,A25802T		ORF1b:Q2663E,ORF3a:N137I,S:T95I		NODE_0000676	C21454G,-22033T,C23987T,G24914T,A25802T		ORF1b:Q2663E,ORF3a:N137I		N/A	N/A	N/A	N/A	N/A	N/A	N/A	N/A	N/A	N/A	ORF1b:2404,S:158-1274		3000	0	good	0	10	0	good	0	24	-3	0	good	5		0	good	0	S:158-1274	1		0	75	mediocre		0	0	good	0		ORF1a,ORF6,ORF7a,ORF7b,ORF8,N,ORF9b	"When processing gene ""ORF1a"": The extracted gene sequence is empty or consists entirely from gaps;When processing gene ""ORF6"": The extracted gene sequence is empty or consists entirely from gaps;When processing gene ""ORF7a"": The extracted gene sequence is empty or consists entirely from gaps;When processing gene ""ORF7b"": The extracted gene sequence is empty or consists entirely from gaps;When processing gene ""ORF8"": The extracted gene sequence is empty or consists entirely from gaps;When processing gene ""N"": The extracted gene sequence is empty or consists entirely from gaps;When processing gene ""ORF9b"": The extracted gene sequence is empty or consists entirely from gaps"	
109	695_sub0	21J	21J (Delta)	Delta	21J	B.1.617.2.4	AY.4	56.250000	mediocre	16	5	0	1	0	0	6	2	0	1117	18400	20678	26839	0.206066280975153	E:1,M:0.47085201793721976,ORF1b:0.1083086053412463,ORF3a:1,S:0.12401883830455258	false	C21618G,C21846T,G21987A,T22275C,T22917G,G22918T,C22995A,A23403G,C23604G,C23987T,G24410A,G24914T,C25469T,T25828G,A26358G,T26767C	22031-22035		S:159-1274	M:I82T,ORF3a:S26L,ORF3a:F146V,S:T19R,S:T95I,S:G142D	S:F157-,S:R158-				T22275C,G22918T,C23987T,G24914T,T25828G,A26358G	0	0	6	6		NODE_0000627	C21846T,T22275C,G22918T,C23987T,G24914T,T25828G,A26358G	22035	ORF3a:F146V,S:T95I,S:-156E	S:G158-	NODE_0000676	T22275C,G22918T,C23987T,G24914T,T25828G,A26358G	22035	ORF3a:F146V,S:-156E	S:G158-	N/A	N/A	N/A	N/A	N/A	N/A	N/A	N/A	N/A	N/A	ORF1b:2404,S:159-1274		3000	0	good	0	10	0	good	0	24	-1	0	good	7		0	good	0	S:159-1274	1		0	75	mediocre		0	0	good	0		ORF1a,ORF6,ORF7a,ORF7b,ORF8,N,ORF9b	"When processing gene ""ORF1a"": The extracted gene sequence is empty or consists entirely from gaps;When processing gene ""ORF6"": The extracted gene sequence is empty or consists entirely from gaps;When processing gene ""ORF7a"": The extracted gene sequence is empty or consists entirely from gaps;When processing gene ""ORF7b"": The extracted gene sequence is empty or consists entirely from gaps;When processing gene ""ORF8"": The extracted gene sequence is empty or consists entirely from gaps;When processing gene ""N"": The extracted gene sequence is empty or consists entirely from gaps;When processing gene ""ORF9b"": The extracted gene sequence is empty or consists entirely from gaps"	
113	737_sub0	21J	21J (Delta)	Delta	21J	B.1.617.2.4	AY.4	56.250000	mediocre	14	6	0	1	0	0	5	4	0	1111	18398	20678	26839	0.206066280975153	E:1,M:0.47085201793721976,ORF1b:0.1083086053412463,ORF3a:1,S:0.12872841444270017	false	C21618G,C21846T,T21889G,G21987A,A22029G,T22917G,C22995A,A23403G,C23604G,C23987T,G24410A,G24914T,C25469T,T26767C	22031-22035,25367		S:159-1268	M:I82T,ORF3a:S26L,S:T19R,S:T95I,S:G142D	S:E156-,S:F157-,S:R158-,S:K1269-				T21889G,-22029G,C23987T,G24914T	0	0	4	4		NODE_0000627	C21846T,T21889G,-22029G,C23987T,G24914T	22035,25367	S:T95I	S:G158-,S:K1269-	NODE_0000676	T21889G,-22029G,C23987T,G24914T	22035,25367		S:G158-,S:K1269-	N/A	N/A	N/A	N/A	N/A	N/A	N/A	N/A	N/A	N/A	ORF1b:2404,S:159-1268		3000	0	good	0	10	0	good	0	24	-2	0	good	6		0	good	0	S:159-1268	1		0	75	mediocre		0	0	good	0		ORF1a,ORF6,ORF7a,ORF7b,ORF8,N,ORF9b	"When processing gene ""ORF1a"": The extracted gene sequence is empty or consists entirely from gaps;When processing gene ""ORF6"": The extracted gene sequence is empty or consists entirely from gaps;When processing gene ""ORF7a"": The extracted gene sequence is empty or consists entirely from gaps;When processing gene ""ORF7b"": The extracted gene sequence is empty or consists entirely from gaps;When processing gene ""ORF8"": The extracted gene sequence is empty or consists entirely from gaps;When processing gene ""N"": The extracted gene sequence is empty or consists entirely from gaps;When processing gene ""ORF9b"": The extracted gene sequence is empty or consists entirely from gaps"	
112	718_sub0	21J	21J (Delta)	Delta	21J	B.1.617.2.4	AY.4	225	bad	13	7	0	2	0	0	6	3	0	916	18391	20678	26839	0.206066280975153	E:1,M:0.47085201793721976,ORF1b:0.1083086053412463,ORF3a:1,S:0.2817896389324961	false	C21618G,C21846T,G21987A,G22644A,T22917G,C22995A,A23403G,C23604G,C23987T,G24410A,G24914T,C25469T,T26767C	22031-22035,24774,25376		S:159-1071,S:1273-1274	M:I82T,ORF3a:S26L,S:T19R,S:T95I,S:G142D,S:D1118Y	S:F157-,S:R158-,S:Y1272-				G22644A,C23987T,G24914T	0	0	3	3		NODE_0000627	C21846T,G22644A,C23987T,G24914T	22035,24774,25376	S:T95I,S:-156E,S:D1118Y	S:G158-,S:Y1272-	NODE_0000676	G22644A,C23987T,G24914T	22035,24774,25376	S:-156E,S:D1118Y	S:G158-,S:Y1272-	N/A	N/A	N/A	N/A	N/A	N/A	N/A	N/A	N/A	N/A	ORF1b:2404,S:159-1071,S:1273-1274		3000	0	good	0	10	0	good	0	24	-2	0	good	6		0	good	0	S:159-1071,S:1273-1274	2		0	150	bad		0	0	good	0		ORF1a,ORF6,ORF7a,ORF7b,ORF8,N,ORF9b	"When processing gene ""ORF1a"": The extracted gene sequence is empty or consists entirely from gaps;When processing gene ""ORF6"": The extracted gene sequence is empty or consists entirely from gaps;When processing gene ""ORF7a"": The extracted gene sequence is empty or consists entirely from gaps;When processing gene ""ORF7b"": The extracted gene sequence is empty or consists entirely from gaps;When processing gene ""ORF8"": The extracted gene sequence is empty or consists entirely from gaps;When processing gene ""N"": The extracted gene sequence is empty or consists entirely from gaps;When processing gene ""ORF9b"": The extracted gene sequence is empty or consists entirely from gaps"	
116	795_sub0	21J	21J (Delta)	Delta	21J	B.1.617.2.4	AY.4	56.250000	mediocre	14	6	1	1	0	0	6	2	0	966	18397	20678	26839	0.206066280975153	E:1,M:0.47085201793721976,ORF1b:0.1083086053412463,ORF3a:1,S:0.2425431711145997	false	C21618G,C21846T,G21987A,A22600T,T22917G,C22995A,A23319T,A23403G,C23604G,C23987T,G24410A,G24914T,C25469T,T26767C	22029-22034	22489:A	S:310-1274	M:I82T,ORF3a:S26L,S:T19R,S:T95I,S:G142D,S:R158G	S:E156-,S:F157-				A22600T,A23319T,C23987T,G24914T	0	0	4	4		NODE_0000627	C21846T,A22600T,A23319T,C23987T,G24914T		S:T95I		NODE_0000676	A22600T,A23319T,C23987T,G24914T				N/A	N/A	N/A	N/A	N/A	N/A	N/A	N/A	N/A	N/A	ORF1b:2404,S:310-1274		3000	0	good	0	10	0	good	0	24	-4	0	good	4		0	good	0	S:310-1274	1		0	75	mediocre		0	0	good	0		ORF1a,ORF6,ORF7a,ORF7b,ORF8,N,ORF9b	"When processing gene ""ORF1a"": The extracted gene sequence is empty or consists entirely from gaps;When processing gene ""ORF6"": The extracted gene sequence is empty or consists entirely from gaps;When processing gene ""ORF7a"": The extracted gene sequence is empty or consists entirely from gaps;When processing gene ""ORF7b"": The extracted gene sequence is empty or consists entirely from gaps;When processing gene ""ORF8"": The extracted gene sequence is empty or consists entirely from gaps;When processing gene ""N"": The extracted gene sequence is empty or consists entirely from gaps;When processing gene ""ORF9b"": The extracted gene sequence is empty or consists entirely from gaps"	
117	943_sub0	21J	21J (Delta)	Delta	21J	B.1.617.2.4	AY.4	56.250000	mediocre	13	5	1	1	0	0	5	2	0	1117	18405	20678	26839	0.206066280975153	E:1,M:0.47085201793721976,ORF1b:0.1083086053412463,ORF3a:1,S:0.12401883830455258	false	C21618G,C21846T,G21987A,T22917G,C22995A,A23157T,A23403G,C23604G,C23987T,G24410A,G24914T,C25469T,T26767C	22031-22035	22927:T	S:159-1274	M:I82T,ORF3a:S26L,S:T19R,S:T95I,S:G142D	S:F157-,S:R158-				A23157T,C23987T,G24914T	0	0	3	3		NODE_0000627	C21846T,A23157T,C23987T,G24914T	22035	S:T95I,S:-156E	S:G158-	NODE_0000676	A23157T,C23987T,G24914T	22035	S:-156E	S:G158-	N/A	N/A	N/A	N/A	N/A	N/A	N/A	N/A	N/A	N/A	ORF1b:2404,S:159-1274		3000	0	good	0	10	0	good	0	24	-4	0	good	4		0	good	0	S:159-1274	1		0	75	mediocre		0	0	good	0		ORF1a,ORF6,ORF7a,ORF7b,ORF8,N,ORF9b	"When processing gene ""ORF1a"": The extracted gene sequence is empty or consists entirely from gaps;When processing gene ""ORF6"": The extracted gene sequence is empty or consists entirely from gaps;When processing gene ""ORF7a"": The extracted gene sequence is empty or consists entirely from gaps;When processing gene ""ORF7b"": The extracted gene sequence is empty or consists entirely from gaps;When processing gene ""ORF8"": The extracted gene sequence is empty or consists entirely from gaps;When processing gene ""N"": The extracted gene sequence is empty or consists entirely from gaps;When processing gene ""ORF9b"": The extracted gene sequence is empty or consists entirely from gaps"	
115	74_sub0	21J	21J (Delta)	Delta	21J	B.1.617.2.4	AY.4	0.694444	good	17	0	0	0	0	0	15	0	0	1	18418	20678	26839	0.206066280975153	E:1,M:0.47085201793721976,ORF1b:0.1083086053412463,ORF3a:1,S:1	false	C21618G,C21846T,G21987A,T22031G,T22032G,C22033A,T22451G,T22917G,C22995A,A23403G,C23604G,C23987T,G24410A,G24914T,C25469T,T26767C,T26808C				M:I82T,M:F96L,ORF3a:S26L,S:T19R,S:T95I,S:G142D,S:F157G,S:S297A,S:L452R,S:T478K,S:D614G,S:P681R,S:P809S,S:D950N,S:D1118Y				-22033A|24A&24E&22D&23C&24C&23F&24F&24B&rec&23I&24G&25A&24H&24D&24I&25B&25C	-22031G,-22032G,T22451G,C23987T,G24914T,T26808C	0	1	6	7		NODE_0000627	C21846T,-22031G,-22032G,-22033A,T22451G,C23987T,G24914T,T26808C		M:F96L,S:T95I,S:-156E,S:-157G,S:G158R,S:S297A,S:P809S,S:D1118Y		NODE_0000676	-22031G,-22032G,-22033A,T22451G,C23987T,G24914T,T26808C		M:F96L,S:-156E,S:-157G,S:G158R,S:S297A,S:P809S,S:D1118Y		N/A	N/A	N/A	N/A	N/A	N/A	N/A	N/A	N/A	N/A	ORF1b:2404		3000	0	good	0	10	0	good	0	24	2	8.333333	good	10		0	good	0		0		0	0	good		0	0	good	0		ORF1a,ORF6,ORF7a,ORF7b,ORF8,N,ORF9b	"When processing gene ""ORF1a"": The extracted gene sequence is empty or consists entirely from gaps;When processing gene ""ORF6"": The extracted gene sequence is empty or consists entirely from gaps;When processing gene ""ORF7a"": The extracted gene sequence is empty or consists entirely from gaps;When processing gene ""ORF7b"": The extracted gene sequence is empty or consists entirely from gaps;When processing gene ""ORF8"": The extracted gene sequence is empty or consists entirely from gaps;When processing gene ""N"": The extracted gene sequence is empty or consists entirely from gaps;When processing gene ""ORF9b"": The extracted gene sequence is empty or consists entirely from gaps"	
118	855_sub0	21J	21J (Delta)	Delta	21J	B.1.617.2.4	AY.4	56.250000	mediocre	13	7	0	1	0	0	9	3	0	761	18398	20678	26839	0.206066280975153	E:1,M:0.47085201793721976,ORF1b:0.1083086053412463,ORF3a:1,S:0.40345368916797486	false	C21618G,C21846T,G21987A,T22917G,C22995A,A23403G,C23604G,C23987T,G24410A,G24914T,C25469T,G26596T,T26767C	22029-22034,23102		S:515-1274	M:G25V,M:I82T,ORF3a:S26L,S:T19R,S:T95I,S:G142D,S:R158G,S:L452R,S:T478K	S:E156-,S:F157-,S:S514-				C23987T,G24914T,G26596T	0	0	3	3		NODE_0000627	C21846T,C23987T,G24914T,G26596T	23102	M:G25V,S:T95I	S:S514-	NODE_0000676	C23987T,G24914T,G26596T	23102	M:G25V	S:S514-	N/A	N/A	N/A	N/A	N/A	N/A	N/A	N/A	N/A	N/A	ORF1b:2404,S:515-1274		3000	0	good	0	10	0	good	0	24	-4	0	good	4		0	good	0	S:515-1274	1		0	75	mediocre		0	0	good	0		ORF1a,ORF6,ORF7a,ORF7b,ORF8,N,ORF9b	"When processing gene ""ORF1a"": The extracted gene sequence is empty or consists entirely from gaps;When processing gene ""ORF6"": The extracted gene sequence is empty or consists entirely from gaps;When processing gene ""ORF7a"": The extracted gene sequence is empty or consists entirely from gaps;When processing gene ""ORF7b"": The extracted gene sequence is empty or consists entirely from gaps;When processing gene ""ORF8"": The extracted gene sequence is empty or consists entirely from gaps;When processing gene ""N"": The extracted gene sequence is empty or consists entirely from gaps;When processing gene ""ORF9b"": The extracted gene sequence is empty or consists entirely from gaps"	
121	843_sub0	21J	21J (Delta)	Delta	21J	B.1.617.2.4	AY.4	225	bad	14	5	1	2	0	0	5	2	0	1314	18401	20678	26839	0.206066280975153	E:1,M:0.47085201793721976,ORF1b:0.03523738872403561,ORF3a:1,S:0.12401883830455258	false	C21618G,T21784C,C21846T,G21987A,T22917G,C22995A,A23403G,C23604G,C23987T,G24410A,C24704G,G24914T,C25469T,T26767C	22031-22035	20964:T	ORF1b:2500-2696,S:159-1274	M:I82T,ORF3a:S26L,S:T19R,S:T95I,S:G142D	S:F157-,S:R158-				T21784C,C23987T,C24704G,G24914T	0	0	4	4		NODE_0000627	T21784C,C21846T,C23987T,C24704G,G24914T	22035	S:T95I,S:-156E	S:G158-	NODE_0000676	T21784C,C23987T,C24704G,G24914T	22035	S:-156E	S:G158-	N/A	N/A	N/A	N/A	N/A	N/A	N/A	N/A	N/A	N/A	ORF1b:2404,ORF1b:2500-2696,S:159-1274		3000	0	good	0	10	0	good	0	24	-3	0	good	5		0	good	0	ORF1b:2500-2696,S:159-1274	2		0	150	bad		0	0	good	0		ORF1a,ORF6,ORF7a,ORF7b,ORF8,N,ORF9b	"When processing gene ""ORF1a"": The extracted gene sequence is empty or consists entirely from gaps;When processing gene ""ORF6"": The extracted gene sequence is empty or consists entirely from gaps;When processing gene ""ORF7a"": The extracted gene sequence is empty or consists entirely from gaps;When processing gene ""ORF7b"": The extracted gene sequence is empty or consists entirely from gaps;When processing gene ""ORF8"": The extracted gene sequence is empty or consists entirely from gaps;When processing gene ""N"": The extracted gene sequence is empty or consists entirely from gaps;When processing gene ""ORF9b"": The extracted gene sequence is empty or consists entirely from gaps"	
114	714_sub0	21J	21J (Delta)	Delta	21J	B.1.617.2.4	AY.4	56.250000	mediocre	14	2	0	1	0	0	6	2	0	1118	18416	20678	26839	0.206066280975153	E:1,M:0.47085201793721976,ORF1b:0.1083086053412463,ORF3a:1,S:0.12323390894819466	false	T21605G,C21618G,C21846T,G21987A,C22033A,T22917G,C22995A,A23403G,C23604G,C23987T,G24410A,G24914T,C25469T,T26767C	22030-22031		S:158-1274	M:I82T,ORF3a:S26L,S:C15G,S:T19R,S:T95I,S:G142D	S:E156-,S:F157-			-22033A|24A&24E&22D&23C&24C&23F&24F&24B&rec&23I&24G&25A&24H&24D&24I&25B&25C	T21605G,C23987T,G24914T	0	1	3	4		NODE_0000627	T21605G,C21846T,-22033A,C23987T,G24914T		S:C15G,S:T95I		NODE_0000676	T21605G,-22033A,C23987T,G24914T		S:C15G		N/A	N/A	N/A	N/A	N/A	N/A	N/A	N/A	N/A	N/A	ORF1b:2404,S:158-1274		3000	0	good	0	10	0	good	0	24	-1	0	good	7		0	good	0	S:158-1274	1		0	75	mediocre		0	0	good	0		ORF1a,ORF6,ORF7a,ORF7b,ORF8,N,ORF9b	"When processing gene ""ORF1a"": The extracted gene sequence is empty or consists entirely from gaps;When processing gene ""ORF6"": The extracted gene sequence is empty or consists entirely from gaps;When processing gene ""ORF7a"": The extracted gene sequence is empty or consists entirely from gaps;When processing gene ""ORF7b"": The extracted gene sequence is empty or consists entirely from gaps;When processing gene ""ORF8"": The extracted gene sequence is empty or consists entirely from gaps;When processing gene ""N"": The extracted gene sequence is empty or consists entirely from gaps;When processing gene ""ORF9b"": The extracted gene sequence is empty or consists entirely from gaps"	
122	7161_sub0	21J	21J (Delta)	Delta	21J	B.1.617.2.4	AY.4	56.250000	mediocre	12	7	0	1	0	0	13	3	0	170	18402	20678	26839	0.206066280975153	E:1,M:0.47085201793721976,ORF1b:0.04562314540059347,ORF3a:1,S:1	false	C21618G,C21846T,G21987A,T22917G,C22995A,A23403G,C23604G,C23987T,G24410A,G24914T,C25469T,T26767C	21046,22029-22034		ORF1b:2528-2696	M:I82T,ORF3a:S26L,S:T19R,S:T95I,S:G142D,S:R158G,S:L452R,S:T478K,S:D614G,S:P681R,S:P809S,S:D950N,S:D1118Y	ORF1b:D2527-,S:E156-,S:F157-				C23987T,G24914T	0	0	2	2		NODE_0000627	C21846T,C23987T,G24914T	21046	S:T95I,S:P809S,S:D1118Y	ORF1b:D2527-	NODE_0000676	C23987T,G24914T	21046	S:P809S,S:D1118Y	ORF1b:D2527-	N/A	N/A	N/A	N/A	N/A	N/A	N/A	N/A	N/A	N/A	ORF1b:2404,ORF1b:2528-2696		3000	0	good	0	10	0	good	0	24	-5	0	good	3		0	good	0	ORF1b:2528-2696	1		0	75	mediocre		0	0	good	0		ORF1a,ORF6,ORF7a,ORF7b,ORF8,N,ORF9b	"When processing gene ""ORF1a"": The extracted gene sequence is empty or consists entirely from gaps;When processing gene ""ORF6"": The extracted gene sequence is empty or consists entirely from gaps;When processing gene ""ORF7a"": The extracted gene sequence is empty or consists entirely from gaps;When processing gene ""ORF7b"": The extracted gene sequence is empty or consists entirely from gaps;When processing gene ""ORF8"": The extracted gene sequence is empty or consists entirely from gaps;When processing gene ""N"": The extracted gene sequence is empty or consists entirely from gaps;When processing gene ""ORF9b"": The extracted gene sequence is empty or consists entirely from gaps"	
120	953_sub0	21J	21J (Delta)	Delta	21J	B.1.617.2.4	AY.4	113.194444	bad	16	1	0	1	0	0	10	1	0	473	18412	20678	26839	0.206066280975153	E:1,M:0.47085201793721976,ORF1b:0.1083086053412463,ORF3a:1,S:0.6295133437990581	false	C21618G,C21846T,G21987A,G22030A,T22032A,C22033A,T22917G,C22995A,A23403G,C23604G,C23987T,G24410A,C24588T,G24914T,C25469T,T26767C	23966		S:803-1274	M:I82T,ORF3a:S26L,S:T19R,S:T95I,S:G142D,S:F157*,S:L452R,S:T478K,S:D614G,S:P681R	S:F802-			-22033A|24A&24E&22D&23C&24C&23F&24F&24B&rec&23I&24G&25A&24H&24D&24I&25B&25C	-22030A,-22032A,C23987T,C24588T,G24914T	0	1	5	6		NODE_0000627	C21846T,-22030A,-22032A,-22033A,C23987T,C24588T,G24914T	23966	S:T95I,S:-156E,S:-157*,S:G158R	S:F802-	NODE_0000676	-22030A,-22032A,-22033A,C23987T,C24588T,G24914T	23966	S:-156E,S:-157*,S:G158R	S:F802-	N/A	N/A	N/A	N/A	N/A	N/A	N/A	N/A	N/A	N/A	ORF1b:2404,S:803-1274		3000	0	good	0	10	0	good	0	24	2	8.333333	good	10		0	good	0	S:803-1274	1		0	75	mediocre	S:156	1	75	mediocre	0		ORF1a,ORF6,ORF7a,ORF7b,ORF8,N,ORF9b	"When processing gene ""ORF1a"": The extracted gene sequence is empty or consists entirely from gaps;When processing gene ""ORF6"": The extracted gene sequence is empty or consists entirely from gaps;When processing gene ""ORF7a"": The extracted gene sequence is empty or consists entirely from gaps;When processing gene ""ORF7b"": The extracted gene sequence is empty or consists entirely from gaps;When processing gene ""ORF8"": The extracted gene sequence is empty or consists entirely from gaps;When processing gene ""N"": The extracted gene sequence is empty or consists entirely from gaps;When processing gene ""ORF9b"": The extracted gene sequence is empty or consists entirely from gaps"	
119	728_sub0	21J	21J (Delta)	Delta	21J	B.1.617.2.4	AY.4	0	good	14	6	0	0	0	0	13	2	0	1	18404	20678	26839	0.206066280975153	E:1,M:0.47085201793721976,ORF1b:0.1083086053412463,ORF3a:1,S:1	false	C21618G,T21667C,C21846T,G21987A,T22917G,C22995A,A23403G,C23604G,C23987T,G24410A,G24914T,C25469T,C25515T,T26767C	22029-22034			M:I82T,ORF3a:S26L,S:T19R,S:T95I,S:G142D,S:R158G,S:L452R,S:T478K,S:D614G,S:P681R,S:P809S,S:D950N,S:D1118Y	S:E156-,S:F157-				T21667C,C23987T,G24914T,C25515T	0	0	4	4		NODE_0000627	T21667C,C21846T,C23987T,G24914T,C25515T		S:T95I,S:P809S,S:D1118Y		NODE_0000676	T21667C,C23987T,G24914T,C25515T		S:P809S,S:D1118Y		N/A	N/A	N/A	N/A	N/A	N/A	N/A	N/A	N/A	N/A	ORF1b:2404		3000	0	good	0	10	0	good	0	24	-4	0	good	4		0	good	0		0		0	0	good		0	0	good	0		ORF1a,ORF6,ORF7a,ORF7b,ORF8,N,ORF9b	"When processing gene ""ORF1a"": The extracted gene sequence is empty or consists entirely from gaps;When processing gene ""ORF6"": The extracted gene sequence is empty or consists entirely from gaps;When processing gene ""ORF7a"": The extracted gene sequence is empty or consists entirely from gaps;When processing gene ""ORF7b"": The extracted gene sequence is empty or consists entirely from gaps;When processing gene ""ORF8"": The extracted gene sequence is empty or consists entirely from gaps;When processing gene ""N"": The extracted gene sequence is empty or consists entirely from gaps;When processing gene ""ORF9b"": The extracted gene sequence is empty or consists entirely from gaps"	
123	891_sub0	21J	21J (Delta)	Delta	21J	B.1.617.2.4	AY.4	56.250000	mediocre	14	5	1	1	0	0	6	2	0	1117	18401	20678	26839	0.206066280975153	E:1,M:0.47085201793721976,ORF1b:0.1083086053412463,ORF3a:1,S:0.12401883830455258	false	C21618G,C21846T,G21987A,T22917G,C22995A,A23403G,C23604G,C23987T,G24410A,G24914T,C25469T,T25736C,C26133T,T26767C	22031-22035	22162:T	S:159-1274	M:I82T,ORF3a:S26L,ORF3a:L115S,S:T19R,S:T95I,S:G142D	S:F157-,S:R158-				C23987T,G24914T,T25736C,C26133T	0	0	4	4		NODE_0000627	C21846T,C23987T,G24914T,T25736C,C26133T	22035	ORF3a:L115S,S:T95I,S:-156E	S:G158-	NODE_0000676	C23987T,G24914T,T25736C,C26133T	22035	ORF3a:L115S,S:-156E	S:G158-	N/A	N/A	N/A	N/A	N/A	N/A	N/A	N/A	N/A	N/A	ORF1b:2404,S:159-1274		3000	0	good	0	10	0	good	0	24	-3	0	good	5		0	good	0	S:159-1274	1		0	75	mediocre		0	0	good	0		ORF1a,ORF6,ORF7a,ORF7b,ORF8,N,ORF9b	"When processing gene ""ORF1a"": The extracted gene sequence is empty or consists entirely from gaps;When processing gene ""ORF6"": The extracted gene sequence is empty or consists entirely from gaps;When processing gene ""ORF7a"": The extracted gene sequence is empty or consists entirely from gaps;When processing gene ""ORF7b"": The extracted gene sequence is empty or consists entirely from gaps;When processing gene ""ORF8"": The extracted gene sequence is empty or consists entirely from gaps;When processing gene ""N"": The extracted gene sequence is empty or consists entirely from gaps;When processing gene ""ORF9b"": The extracted gene sequence is empty or consists entirely from gaps"	
128	752_sub0	21J	21J (Delta)	Delta	21J	B.1.617.2.4	AY.4	0	good	14	6	0	0	0	0	14	2	0	1	18404	20678	26839	0.206066280975153	E:1,M:0.47085201793721976,ORF1b:0.1083086053412463,ORF3a:1,S:1	false	A21444T,C21618G,C21846T,G21987A,T22917G,C22995A,T23308C,A23403G,C23604G,C23987T,G24410A,G24914T,C25469T,T26767C	22029-22034			M:I82T,ORF1b:L2659F,ORF3a:S26L,S:T19R,S:T95I,S:G142D,S:R158G,S:L452R,S:T478K,S:D614G,S:P681R,S:P809S,S:D950N,S:D1118Y	S:E156-,S:F157-				A21444T,T23308C,C23987T,G24914T	0	0	4	4		NODE_0000627	A21444T,C21846T,T23308C,C23987T,G24914T		ORF1b:L2659F,S:T95I,S:P809S,S:D1118Y		NODE_0000676	A21444T,T23308C,C23987T,G24914T		ORF1b:L2659F,S:P809S,S:D1118Y		N/A	N/A	N/A	N/A	N/A	N/A	N/A	N/A	N/A	N/A	ORF1b:2404		3000	0	good	0	10	0	good	0	24	-4	0	good	4		0	good	0		0		0	0	good		0	0	good	0		ORF1a,ORF6,ORF7a,ORF7b,ORF8,N,ORF9b	"When processing gene ""ORF1a"": The extracted gene sequence is empty or consists entirely from gaps;When processing gene ""ORF6"": The extracted gene sequence is empty or consists entirely from gaps;When processing gene ""ORF7a"": The extracted gene sequence is empty or consists entirely from gaps;When processing gene ""ORF7b"": The extracted gene sequence is empty or consists entirely from gaps;When processing gene ""ORF8"": The extracted gene sequence is empty or consists entirely from gaps;When processing gene ""N"": The extracted gene sequence is empty or consists entirely from gaps;When processing gene ""ORF9b"": The extracted gene sequence is empty or consists entirely from gaps"	
125	642_sub0	21J	21J (Delta)	Delta	21J	B.1.617.2.4	AY.4	56.250000	mediocre	12	5	0	1	0	0	5	2	0	1117	18416	20678	26839	0.206066280975153	E:1,M:0.47085201793721976,ORF1b:0.1083086053412463,ORF3a:1,S:0.12401883830455258	false	C21618G,C21846T,G21987A,T22917G,C22995A,A23403G,C23604G,C23987T,G24410A,G24914T,C25469T,T26767C	22031-22035		S:159-1274	M:I82T,ORF3a:S26L,S:T19R,S:T95I,S:G142D	S:F157-,S:R158-				C23987T,G24914T	0	0	2	2		NODE_0000627	C21846T,C23987T,G24914T	22035	S:T95I,S:-156E	S:G158-	NODE_0000676	C23987T,G24914T	22035	S:-156E	S:G158-	N/A	N/A	N/A	N/A	N/A	N/A	N/A	N/A	N/A	N/A	ORF1b:2404,S:159-1274		3000	0	good	0	10	0	good	0	24	-5	0	good	3		0	good	0	S:159-1274	1		0	75	mediocre		0	0	good	0		ORF1a,ORF6,ORF7a,ORF7b,ORF8,N,ORF9b	"When processing gene ""ORF1a"": The extracted gene sequence is empty or consists entirely from gaps;When processing gene ""ORF6"": The extracted gene sequence is empty or consists entirely from gaps;When processing gene ""ORF7a"": The extracted gene sequence is empty or consists entirely from gaps;When processing gene ""ORF7b"": The extracted gene sequence is empty or consists entirely from gaps;When processing gene ""ORF8"": The extracted gene sequence is empty or consists entirely from gaps;When processing gene ""N"": The extracted gene sequence is empty or consists entirely from gaps;When processing gene ""ORF9b"": The extracted gene sequence is empty or consists entirely from gaps"	
126	934_sub0	21J	21J (Delta)	Delta	21J	B.1.617.2.4	AY.4	56.250000	mediocre	14	6	1	1	0	0	14	2	0	56	18397	20678	26839	0.206066280975153	E:1,M:0.47085201793721976,ORF1b:0.1083086053412463,ORF3a:1,S:0.956828885400314	false	T21153C,C21618G,C21846T,G21987A,T22917G,C22995A,A23403G,C23604G,C23987T,G24410A,G24914T,C25469T,G26144A,T26767C	22029-22034	25219:T	S:1220-1274	M:I82T,ORF3a:S26L,ORF3a:G251D,S:T19R,S:T95I,S:G142D,S:R158G,S:L452R,S:T478K,S:D614G,S:P681R,S:P809S,S:D950N,S:D1118Y	S:E156-,S:F157-				T21153C,C23987T,G24914T,G26144A	0	0	4	4		NODE_0000627	T21153C,C21846T,C23987T,G24914T,G26144A		ORF3a:G251D,S:T95I,S:P809S,S:D1118Y		NODE_0000676	T21153C,C23987T,G24914T,G26144A		ORF3a:G251D,S:P809S,S:D1118Y		N/A	N/A	N/A	N/A	N/A	N/A	N/A	N/A	N/A	N/A	ORF1b:2404,S:1220-1274		3000	0	good	0	10	0	good	0	24	-4	0	good	4		0	good	0	S:1220-1274	1		0	75	mediocre		0	0	good	0		ORF1a,ORF6,ORF7a,ORF7b,ORF8,N,ORF9b	"When processing gene ""ORF1a"": The extracted gene sequence is empty or consists entirely from gaps;When processing gene ""ORF6"": The extracted gene sequence is empty or consists entirely from gaps;When processing gene ""ORF7a"": The extracted gene sequence is empty or consists entirely from gaps;When processing gene ""ORF7b"": The extracted gene sequence is empty or consists entirely from gaps;When processing gene ""ORF8"": The extracted gene sequence is empty or consists entirely from gaps;When processing gene ""N"": The extracted gene sequence is empty or consists entirely from gaps;When processing gene ""ORF9b"": The extracted gene sequence is empty or consists entirely from gaps"	
137	674_sub0	21J	21J (Delta)	Delta	21J	B.1.617.2.4	AY.4	56.250000	mediocre	14	8	0	1	0	0	12	3	0	354	18384	20678	26839	0.206066280975153	E:1,M:0.47085201793721976,ORF1b:0.1083086053412463,ORF3a:1,S:0.7229199372056515	false	C21618G,C21846T,G21987A,T22917G,C22995A,A23403G,C23604G,C23987T,G24410A,G24914T,C25469T,G25784T,T26561A,T26767C	22029-22034,24323,25367		S:922-1274	M:I82T,ORF3a:S26L,ORF3a:W131L,S:T19R,S:T95I,S:G142D,S:R158G,S:L452R,S:T478K,S:D614G,S:P681R,S:P809S	S:E156-,S:F157-,S:K921-				C23987T,G24914T,G25784T,T26561A	0	0	4	4		NODE_0000627	C21846T,C23987T,G24914T,G25784T,T26561A	24323,25367	ORF3a:W131L,S:T95I,S:P809S	S:K921-	NODE_0000676	C23987T,G24914T,G25784T,T26561A	24323,25367	ORF3a:W131L,S:P809S	S:K921-	N/A	N/A	N/A	N/A	N/A	N/A	N/A	N/A	N/A	N/A	ORF1b:2404,S:922-1274		3000	0	good	0	10	0	good	0	24	-2	0	good	6		0	good	0	S:922-1274	1		0	75	mediocre		0	0	good	0		ORF1a,ORF6,ORF7a,ORF7b,ORF8,N,ORF9b	"When processing gene ""ORF1a"": The extracted gene sequence is empty or consists entirely from gaps;When processing gene ""ORF6"": The extracted gene sequence is empty or consists entirely from gaps;When processing gene ""ORF7a"": The extracted gene sequence is empty or consists entirely from gaps;When processing gene ""ORF7b"": The extracted gene sequence is empty or consists entirely from gaps;When processing gene ""ORF8"": The extracted gene sequence is empty or consists entirely from gaps;When processing gene ""N"": The extracted gene sequence is empty or consists entirely from gaps;When processing gene ""ORF9b"": The extracted gene sequence is empty or consists entirely from gaps"	
136	990_sub0	21J	21J (Delta)	Delta	21J	B.1.617.2.4	AY.4	225	bad	13	7	1	2	0	0	11	4	0	262	18385	20678	26839	0.206066280975153	E:1,M:0.47085201793721976,ORF1b:0.1083086053412463,ORF3a:1,S:0.7951334379905809	false	C21618G,C21846T,G21987A,T22917G,C22995A,A23403G,C23604G,C23987T,G24410A,C24896T,G24914T,C25469T,T26767C	22031-22035,22211,24774	26493:T	S:159-216,S:1072-1274	M:I82T,ORF3a:S26L,S:T19R,S:T95I,S:G142D,S:L452R,S:T478K,S:D614G,S:P681R,S:P809S,S:D950N	S:F157-,S:R158-,S:P217-,S:Q1071-				C23987T,C24896T,G24914T	0	0	3	3		NODE_0000627	C21846T,C23987T,C24896T,G24914T	22035,22211,24774	S:T95I,S:-156E,S:P809S	S:G158-,S:P217-,S:Q1071-	NODE_0000676	C23987T,C24896T,G24914T	22035,22211,24774	S:-156E,S:P809S	S:G158-,S:P217-,S:Q1071-	N/A	N/A	N/A	N/A	N/A	N/A	N/A	N/A	N/A	N/A	ORF1b:2404,S:159-216,S:1072-1274		3000	0	good	0	10	0	good	0	24	-2	0	good	6		0	good	0	S:159-216,S:1072-1274	2		0	150	bad		0	0	good	0		ORF1a,ORF6,ORF7a,ORF7b,ORF8,N,ORF9b	"When processing gene ""ORF1a"": The extracted gene sequence is empty or consists entirely from gaps;When processing gene ""ORF6"": The extracted gene sequence is empty or consists entirely from gaps;When processing gene ""ORF7a"": The extracted gene sequence is empty or consists entirely from gaps;When processing gene ""ORF7b"": The extracted gene sequence is empty or consists entirely from gaps;When processing gene ""ORF8"": The extracted gene sequence is empty or consists entirely from gaps;When processing gene ""N"": The extracted gene sequence is empty or consists entirely from gaps;When processing gene ""ORF9b"": The extracted gene sequence is empty or consists entirely from gaps"	
124	81_sub0	21J	21J (Delta)	Delta	21J	B.1.617.2.4	AY.4	56.250000	mediocre	12	5	0	1	0	0	5	2	0	1117	18416	20678	26839	0.206066280975153	E:1,M:0.47085201793721976,ORF1b:0.1083086053412463,ORF3a:1,S:0.12401883830455258	false	C21618G,C21846T,G21987A,T22917G,C22995A,A23403G,C23604G,C23987T,G24410A,G24914T,C25469T,T26767C	22031-22035		S:159-1274	M:I82T,ORF3a:S26L,S:T19R,S:T95I,S:G142D	S:F157-,S:R158-				C23987T,G24914T	0	0	2	2		NODE_0000627	C21846T,C23987T,G24914T	22035	S:T95I,S:-156E	S:G158-	NODE_0000676	C23987T,G24914T	22035	S:-156E	S:G158-	N/A	N/A	N/A	N/A	N/A	N/A	N/A	N/A	N/A	N/A	ORF1b:2404,S:159-1274		3000	0	good	0	10	0	good	0	24	-5	0	good	3		0	good	0	S:159-1274	1		0	75	mediocre		0	0	good	0		ORF1a,ORF6,ORF7a,ORF7b,ORF8,N,ORF9b	"When processing gene ""ORF1a"": The extracted gene sequence is empty or consists entirely from gaps;When processing gene ""ORF6"": The extracted gene sequence is empty or consists entirely from gaps;When processing gene ""ORF7a"": The extracted gene sequence is empty or consists entirely from gaps;When processing gene ""ORF7b"": The extracted gene sequence is empty or consists entirely from gaps;When processing gene ""ORF8"": The extracted gene sequence is empty or consists entirely from gaps;When processing gene ""N"": The extracted gene sequence is empty or consists entirely from gaps;When processing gene ""ORF9b"": The extracted gene sequence is empty or consists entirely from gaps"	
127	966_sub0	21J	21J (Delta)	Delta	21J	B.1.617.2.4	AY.4	56.250000	mediocre	15	6	0	1	0	0	7	2	0	914	18393	20678	26839	0.206066280975153	E:1,M:0.47085201793721976,ORF1b:0.1083086053412463,ORF3a:1,S:0.28335949764521196	false	C21618G,C21846T,G21987A,T22479C,T22917G,C22995A,A23403G,C23604G,C23987T,G24410A,G24914T,T24951C,C25469T,T25683A,T26767C	22031-22035,24774		S:159-1071	M:I82T,ORF3a:S26L,S:T19R,S:T95I,S:G142D,S:D1118Y,S:I1130T	S:F157-,S:R158-				T22479C,C23987T,G24914T,T24951C,T25683A	0	0	5	5		NODE_0000627	C21846T,T22479C,C23987T,G24914T,T24951C,T25683A	22035,24774	S:T95I,S:-156E,S:D1118Y,S:I1130T	S:G158-	NODE_0000676	T22479C,C23987T,G24914T,T24951C,T25683A	22035,24774	S:-156E,S:D1118Y,S:I1130T	S:G158-	N/A	N/A	N/A	N/A	N/A	N/A	N/A	N/A	N/A	N/A	ORF1b:2404,S:159-1071		3000	0	good	0	10	0	good	0	24	-1	0	good	7		0	good	0	S:159-1071	1		0	75	mediocre		0	0	good	0		ORF1a,ORF6,ORF7a,ORF7b,ORF8,N,ORF9b	"When processing gene ""ORF1a"": The extracted gene sequence is empty or consists entirely from gaps;When processing gene ""ORF6"": The extracted gene sequence is empty or consists entirely from gaps;When processing gene ""ORF7a"": The extracted gene sequence is empty or consists entirely from gaps;When processing gene ""ORF7b"": The extracted gene sequence is empty or consists entirely from gaps;When processing gene ""ORF8"": The extracted gene sequence is empty or consists entirely from gaps;When processing gene ""N"": The extracted gene sequence is empty or consists entirely from gaps;When processing gene ""ORF9b"": The extracted gene sequence is empty or consists entirely from gaps"	
130	852_sub0	21J	21J (Delta)	Delta	21J	B.1.617.2.4	AY.4	56.250000	mediocre	13	5	0	1	0	0	5	2	0	1117	18412	20678	26839	0.206066280975153	E:1,M:0.47085201793721976,ORF1b:0.1083086053412463,ORF3a:1,S:0.12401883830455258	false	C21618G,C21846T,G21987A,A22810G,T22917G,C22995A,A23403G,C23604G,C23987T,G24410A,G24914T,C25469T,T26767C	22031-22035		S:159-1274	M:I82T,ORF3a:S26L,S:T19R,S:T95I,S:G142D	S:F157-,S:R158-				A22810G,C23987T,G24914T	0	0	3	3		NODE_0000627	C21846T,A22810G,C23987T,G24914T	22035	S:T95I,S:-156E	S:G158-	NODE_0000676	A22810G,C23987T,G24914T	22035	S:-156E	S:G158-	N/A	N/A	N/A	N/A	N/A	N/A	N/A	N/A	N/A	N/A	ORF1b:2404,S:159-1274		3000	0	good	0	10	0	good	0	24	-4	0	good	4		0	good	0	S:159-1274	1		0	75	mediocre		0	0	good	0		ORF1a,ORF6,ORF7a,ORF7b,ORF8,N,ORF9b	"When processing gene ""ORF1a"": The extracted gene sequence is empty or consists entirely from gaps;When processing gene ""ORF6"": The extracted gene sequence is empty or consists entirely from gaps;When processing gene ""ORF7a"": The extracted gene sequence is empty or consists entirely from gaps;When processing gene ""ORF7b"": The extracted gene sequence is empty or consists entirely from gaps;When processing gene ""ORF8"": The extracted gene sequence is empty or consists entirely from gaps;When processing gene ""N"": The extracted gene sequence is empty or consists entirely from gaps;When processing gene ""ORF9b"": The extracted gene sequence is empty or consists entirely from gaps"	
131	786_sub0	21J	21J (Delta)	Delta	21J	B.1.617.2.4	AY.4	56.250000	mediocre	11	8	0	1	0	0	9	3	0	630	18395	20678	26839	0.206066280975153	E:1,M:0.47085201793721976,ORF1b:0.1083086053412463,ORF3a:1,S:0.5062794348508635	false	C21618G,C21846T,G21987A,T22917G,C22995A,A23403G,C23604G,C23987T,G24914T,C25469T,T26767C	22029-22034,23496,24410		S:646-1274	M:I82T,ORF3a:S26L,S:T19R,S:T95I,S:G142D,S:R158G,S:L452R,S:T478K,S:D614G	S:E156-,S:F157-,S:T645-				C23987T,G24914T	0	0	2	2		NODE_0000627	C21846T,C23987T,G24914T	23496,24410	S:T95I	S:T645-	NODE_0000676	C23987T,G24914T	23496,24410		S:T645-	N/A	N/A	N/A	N/A	N/A	N/A	N/A	N/A	N/A	N/A	ORF1b:2404,S:646-1274		3000	0	good	0	10	0	good	0	24	-4	0	good	4		0	good	0	S:646-1274	1		0	75	mediocre		0	0	good	0		ORF1a,ORF6,ORF7a,ORF7b,ORF8,N,ORF9b	"When processing gene ""ORF1a"": The extracted gene sequence is empty or consists entirely from gaps;When processing gene ""ORF6"": The extracted gene sequence is empty or consists entirely from gaps;When processing gene ""ORF7a"": The extracted gene sequence is empty or consists entirely from gaps;When processing gene ""ORF7b"": The extracted gene sequence is empty or consists entirely from gaps;When processing gene ""ORF8"": The extracted gene sequence is empty or consists entirely from gaps;When processing gene ""N"": The extracted gene sequence is empty or consists entirely from gaps;When processing gene ""ORF9b"": The extracted gene sequence is empty or consists entirely from gaps"	
134	808_sub0	21J	21J (Delta)	Delta	21J	B.1.617.2.4	AY.4	56.250000	mediocre	12	6	0	1	0	0	6	2	0	914	18405	20678	26839	0.206066280975153	E:1,M:0.47085201793721976,ORF1b:0.1083086053412463,ORF3a:1,S:0.28335949764521196	false	C21618G,C21846T,G21987A,T22917G,C22995A,A23403G,C23604G,C23987T,G24410A,G24914T,C25469T,T26767C	22031-22035,24774		S:159-1071	M:I82T,ORF3a:S26L,S:T19R,S:T95I,S:G142D,S:D1118Y	S:F157-,S:R158-				C23987T,G24914T	0	0	2	2		NODE_0000627	C21846T,C23987T,G24914T	22035,24774	S:T95I,S:-156E,S:D1118Y	S:G158-	NODE_0000676	C23987T,G24914T	22035,24774	S:-156E,S:D1118Y	S:G158-	N/A	N/A	N/A	N/A	N/A	N/A	N/A	N/A	N/A	N/A	ORF1b:2404,S:159-1071		3000	0	good	0	10	0	good	0	24	-4	0	good	4		0	good	0	S:159-1071	1		0	75	mediocre		0	0	good	0		ORF1a,ORF6,ORF7a,ORF7b,ORF8,N,ORF9b	"When processing gene ""ORF1a"": The extracted gene sequence is empty or consists entirely from gaps;When processing gene ""ORF6"": The extracted gene sequence is empty or consists entirely from gaps;When processing gene ""ORF7a"": The extracted gene sequence is empty or consists entirely from gaps;When processing gene ""ORF7b"": The extracted gene sequence is empty or consists entirely from gaps;When processing gene ""ORF8"": The extracted gene sequence is empty or consists entirely from gaps;When processing gene ""N"": The extracted gene sequence is empty or consists entirely from gaps;When processing gene ""ORF9b"": The extracted gene sequence is empty or consists entirely from gaps"	
133	7144_sub0	21J	21J (Delta)	Delta	21J	B.1.617.2.4	AY.4	56.250000	mediocre	14	7	0	1	0	0	6	3	0	993	18394	20678	26839	0.206066280975153	E:1,M:0.47085201793721976,ORF1b:0.1083086053412463,ORF3a:1,S:0.22135007849293564	false	C21618G,C21846T,G21987A,T22917G,C22995A,A23403G,C23604G,T23686A,C23987T,T24371C,G24410A,G24914T,C25469T,T26767C	22029-22034,22406		S:283-1274	M:I82T,ORF3a:S26L,S:T19R,S:T95I,S:G142D,S:R158G	S:E156-,S:F157-,S:N282-				T23686A,C23987T,T24371C,G24914T	0	0	4	4		NODE_0000627	C21846T,T23686A,C23987T,T24371C,G24914T	22406	S:T95I	S:N282-	NODE_0000676	T23686A,C23987T,T24371C,G24914T	22406		S:N282-	N/A	N/A	N/A	N/A	N/A	N/A	N/A	N/A	N/A	N/A	ORF1b:2404,S:283-1274		3000	0	good	0	10	0	good	0	24	-3	0	good	5		0	good	0	S:283-1274	1		0	75	mediocre		0	0	good	0		ORF1a,ORF6,ORF7a,ORF7b,ORF8,N,ORF9b	"When processing gene ""ORF1a"": The extracted gene sequence is empty or consists entirely from gaps;When processing gene ""ORF6"": The extracted gene sequence is empty or consists entirely from gaps;When processing gene ""ORF7a"": The extracted gene sequence is empty or consists entirely from gaps;When processing gene ""ORF7b"": The extracted gene sequence is empty or consists entirely from gaps;When processing gene ""ORF8"": The extracted gene sequence is empty or consists entirely from gaps;When processing gene ""N"": The extracted gene sequence is empty or consists entirely from gaps;When processing gene ""ORF9b"": The extracted gene sequence is empty or consists entirely from gaps"	
129	702_sub0	21J	21J (Delta)	Delta	21J	B.1.617.2.4	AY.4	56.250000	mediocre	13	6	1	1	0	0	13	2	0	274	18401	20678	26839	0.206066280975153	E:1,M:0.47085201793721976,ORF1b:0.1083086053412463,ORF3a:0.010869565217391304,S:1	false	C21618G,C21846T,G21987A,G22661A,T22917G,C22995A,A23403G,C23604G,C23987T,G24410A,G24914T,C25469T,T26767C	22029-22034	25401:T	ORF3a:4-276	M:I82T,S:T19R,S:T95I,S:G142D,S:R158G,S:V367I,S:L452R,S:T478K,S:D614G,S:P681R,S:P809S,S:D950N,S:D1118Y	S:E156-,S:F157-				G22661A,C23987T,G24914T	0	0	3	3		NODE_0000627	C21846T,G22661A,C23987T,G24914T		S:T95I,S:V367I,S:P809S,S:D1118Y		NODE_0000676	G22661A,C23987T,G24914T		S:V367I,S:P809S,S:D1118Y		N/A	N/A	N/A	N/A	N/A	N/A	N/A	N/A	N/A	N/A	ORF1b:2404,ORF3a:4-276		3000	0	good	0	10	0	good	0	24	-5	0	good	3		0	good	0	ORF3a:4-276	1		0	75	mediocre		0	0	good	0		ORF1a,ORF6,ORF7a,ORF7b,ORF8,N,ORF9b	"When processing gene ""ORF1a"": The extracted gene sequence is empty or consists entirely from gaps;When processing gene ""ORF6"": The extracted gene sequence is empty or consists entirely from gaps;When processing gene ""ORF7a"": The extracted gene sequence is empty or consists entirely from gaps;When processing gene ""ORF7b"": The extracted gene sequence is empty or consists entirely from gaps;When processing gene ""ORF8"": The extracted gene sequence is empty or consists entirely from gaps;When processing gene ""N"": The extracted gene sequence is empty or consists entirely from gaps;When processing gene ""ORF9b"": The extracted gene sequence is empty or consists entirely from gaps"	
135	7889_sub0	21J	21J (Delta)	Delta	21J	B.1.617.2.4	AY.4	0	good	15	6	0	0	0	0	16	2	0	1	18400	20678	26839	0.206066280975153	E:1,M:0.47085201793721976,ORF1b:0.1083086053412463,ORF3a:1,S:1	false	T20924C,C21008A,C21618G,C21846T,G21987A,C22716T,T22917G,C22995A,A23403G,C23604G,C23987T,G24410A,G24914T,C25469T,T26767C	22029-22034			M:I82T,ORF1b:L2486S,ORF1b:T2514N,ORF3a:S26L,S:T19R,S:T95I,S:G142D,S:R158G,S:T385I,S:L452R,S:T478K,S:D614G,S:P681R,S:P809S,S:D950N,S:D1118Y	S:E156-,S:F157-				T20924C,C21008A,C22716T,C23987T,G24914T	0	0	5	5		NODE_0000627	T20924C,C21008A,C21846T,C22716T,C23987T,G24914T		ORF1b:L2486S,ORF1b:T2514N,S:T95I,S:T385I,S:P809S,S:D1118Y		NODE_0000676	T20924C,C21008A,C22716T,C23987T,G24914T		ORF1b:L2486S,ORF1b:T2514N,S:T385I,S:P809S,S:D1118Y		N/A	N/A	N/A	N/A	N/A	N/A	N/A	N/A	N/A	N/A	ORF1b:2404		3000	0	good	0	10	0	good	0	24	-3	0	good	5		0	good	0		0		0	0	good		0	0	good	0		ORF1a,ORF6,ORF7a,ORF7b,ORF8,N,ORF9b	"When processing gene ""ORF1a"": The extracted gene sequence is empty or consists entirely from gaps;When processing gene ""ORF6"": The extracted gene sequence is empty or consists entirely from gaps;When processing gene ""ORF7a"": The extracted gene sequence is empty or consists entirely from gaps;When processing gene ""ORF7b"": The extracted gene sequence is empty or consists entirely from gaps;When processing gene ""ORF8"": The extracted gene sequence is empty or consists entirely from gaps;When processing gene ""N"": The extracted gene sequence is empty or consists entirely from gaps;When processing gene ""ORF9b"": The extracted gene sequence is empty or consists entirely from gaps"	
132	810_sub0	21J	21J (Delta)	Delta	21J	B.1.617.2.4	AY.4	226.562500	bad	14	5	0	3	0	0	8	4	0	868	18387	20678	26839	0.206066280975153	E:1,M:0.47085201793721976,ORF1b:0.1083086053412463,ORF3a:0.2028985507246377,S:0.4921507064364207	false	C21618G,C21846T,G21987A,T22032A,C22033A,T22917G,C22995A,A23403G,C23604G,C23987T,G24410A,G24914T,C25469T,T26767C	22028-22029,23966,25376,25558		S:157-801,S:1273-1274,ORF3a:57-276	M:I82T,ORF3a:S26L,S:T19R,S:T95I,S:G142D,S:P809S,S:D950N,S:D1118Y	ORF3a:F56-,S:E156-,S:F802-,S:Y1272-			-22033A|24A&24E&22D&23C&24C&23F&24F&24B&rec&23I&24G&25A&24H&24D&24I&25B&25C	-22032A,C23987T,G24914T	0	1	3	4		NODE_0000627	C21846T,-22032A,-22033A,C23987T,G24914T	22028,23966,25376,25558	S:T95I,S:P809S,S:D1118Y	ORF3a:F56-,S:F802-,S:Y1272-	NODE_0000676	-22032A,-22033A,C23987T,G24914T	22028,23966,25376,25558	S:P809S,S:D1118Y	ORF3a:F56-,S:F802-,S:Y1272-	N/A	N/A	N/A	N/A	N/A	N/A	N/A	N/A	N/A	N/A	ORF1b:2404,S:157-801,S:1273-1274,ORF3a:57-276		3000	0	good	0	10	0	good	0	24	3	12.500000	good	11		0	good	0	S:157-801,S:1273-1274	2	ORF3a:57-276	1	150	bad		0	0	good	0		ORF1a,ORF6,ORF7a,ORF7b,ORF8,N,ORF9b	"When processing gene ""ORF1a"": The extracted gene sequence is empty or consists entirely from gaps;When processing gene ""ORF6"": The extracted gene sequence is empty or consists entirely from gaps;When processing gene ""ORF7a"": The extracted gene sequence is empty or consists entirely from gaps;When processing gene ""ORF7b"": The extracted gene sequence is empty or consists entirely from gaps;When processing gene ""ORF8"": The extracted gene sequence is empty or consists entirely from gaps;When processing gene ""N"": The extracted gene sequence is empty or consists entirely from gaps;When processing gene ""ORF9b"": The extracted gene sequence is empty or consists entirely from gaps"	
107	993_sub0	21J	21J (Delta)	Delta	21J	B.1.617.2.4	AY.4	56.944444	mediocre	17	2	0	1	0	0	7	1	0	1118	18405	20678	26839	0.206066280975153	E:1,M:0.47085201793721976,ORF1b:0.1083086053412463,ORF3a:1,S:0.12323390894819466	false	C21618G,T21773C,C21846T,G21987A,G22030A,C22033A,T22917G,C22995A,A23403G,C23604G,C23987T,G24410A,A24619G,G24914T,C25469T,A26434G,T26767C	22031-22032		S:158-1274	E:N64D,M:I82T,ORF3a:S26L,S:T19R,S:S71P,S:T95I,S:G142D	S:F157-			-22033A|24A&24E&22D&23C&24C&23F&24F&24B&rec&23I&24G&25A&24H&24D&24I&25B&25C	T21773C,-22030A,C23987T,A24619G,G24914T,A26434G	0	1	6	7		NODE_0000627	T21773C,C21846T,-22030A,-22033A,C23987T,A24619G,G24914T,A26434G		E:N64D,S:S71P,S:T95I,S:-156E		NODE_0000676	T21773C,-22030A,-22033A,C23987T,A24619G,G24914T,A26434G		E:N64D,S:S71P,S:-156E		N/A	N/A	N/A	N/A	N/A	N/A	N/A	N/A	N/A	N/A	ORF1b:2404,S:158-1274		3000	0	good	0	10	0	good	0	24	2	8.333333	good	10		0	good	0	S:158-1274	1		0	75	mediocre		0	0	good	0		ORF1a,ORF6,ORF7a,ORF7b,ORF8,N,ORF9b	"When processing gene ""ORF1a"": The extracted gene sequence is empty or consists entirely from gaps;When processing gene ""ORF6"": The extracted gene sequence is empty or consists entirely from gaps;When processing gene ""ORF7a"": The extracted gene sequence is empty or consists entirely from gaps;When processing gene ""ORF7b"": The extracted gene sequence is empty or consists entirely from gaps;When processing gene ""ORF8"": The extracted gene sequence is empty or consists entirely from gaps;When processing gene ""N"": The extracted gene sequence is empty or consists entirely from gaps;When processing gene ""ORF9b"": The extracted gene sequence is empty or consists entirely from gaps"	
146	457_sub0	21J	21J (Delta)	Delta	21J	B.1.617.2.4	AY.4	225.173611	bad	16	6	0	2	0	0	6	2	0	1179	18374	20678	26839	0.206066280975153	E:1,M:0.47085201793721976,ORF1b:0.0897626112759644,ORF3a:1,S:0.11459968602825746	false	C20972T,C21618G,C21846T,G21987A,G22030T,G22793C,T22917G,C22995A,A23403G,C23604G,G23616A,C23987T,G24410A,G24914T,C25469T,T26767C	21403,22000,22031-22033,24774		ORF1b:2647-2696,S:147-1274	M:I82T,ORF1b:S2502F,ORF3a:S26L,S:T19R,S:T95I,S:G142D	ORF1b:K2646-,S:H146-				C20972T,-22030T,G22793C,G23616A,C23987T,G24914T	0	0	6	6		NODE_0000627	C20972T,C21846T,-22030T,G22793C,G23616A,C23987T,G24914T	21403,22000,24774	ORF1b:S2502F,S:T95I	ORF1b:K2646-,S:H146-	NODE_0000676	C20972T,-22030T,G22793C,G23616A,C23987T,G24914T	21403,22000,24774	ORF1b:S2502F	ORF1b:K2646-,S:H146-	N/A	N/A	N/A	N/A	N/A	N/A	N/A	N/A	N/A	N/A	ORF1b:2404,ORF1b:2647-2696,S:147-1274		3000	0	good	0	10	0	good	0	24	1	4.166667	good	9		0	good	0	ORF1b:2647-2696,S:147-1274	2		0	150	bad		0	0	good	0		ORF1a,ORF6,ORF7a,ORF7b,ORF8,N,ORF9b	"When processing gene ""ORF1a"": The extracted gene sequence is empty or consists entirely from gaps;When processing gene ""ORF6"": The extracted gene sequence is empty or consists entirely from gaps;When processing gene ""ORF7a"": The extracted gene sequence is empty or consists entirely from gaps;When processing gene ""ORF7b"": The extracted gene sequence is empty or consists entirely from gaps;When processing gene ""ORF8"": The extracted gene sequence is empty or consists entirely from gaps;When processing gene ""N"": The extracted gene sequence is empty or consists entirely from gaps;When processing gene ""ORF9b"": The extracted gene sequence is empty or consists entirely from gaps"	
142	1055_sub0	21J	21J (Delta)	Delta	21J	B.1.617.2.4	AY.4	225	bad	13	5	1	2	0	0	5	2	0	1304	18397	20678	26839	0.206066280975153	E:1,M:0.47085201793721976,ORF1b:0.1083086053412463,ORF3a:0.32608695652173914,S:0.12323390894819466	false	C21618G,C21846T,G21987A,T22917G,C22995A,A23403G,C23604G,C23987T,G24410A,T24746C,G24914T,C25469T,T26767C	22030-22033,22079	25662:T	S:158-1274,ORF3a:91-276	M:I82T,ORF3a:S26L,S:T19R,S:T95I,S:G142D	S:E156-,S:F157-				C23987T,T24746C,G24914T	0	0	3	3		NODE_0000627	C21846T,C23987T,T24746C,G24914T	22079	S:T95I		NODE_0000676	C23987T,T24746C,G24914T	22079			N/A	N/A	N/A	N/A	N/A	N/A	N/A	N/A	N/A	N/A	ORF1b:2404,S:158-1274,ORF3a:91-276		3000	0	good	0	10	0	good	0	24	-4	0	good	4		0	good	0	S:158-1274,ORF3a:91-276	2		0	150	bad		0	0	good	0		ORF1a,ORF6,ORF7a,ORF7b,ORF8,N,ORF9b	"When processing gene ""ORF1a"": The extracted gene sequence is empty or consists entirely from gaps;When processing gene ""ORF6"": The extracted gene sequence is empty or consists entirely from gaps;When processing gene ""ORF7a"": The extracted gene sequence is empty or consists entirely from gaps;When processing gene ""ORF7b"": The extracted gene sequence is empty or consists entirely from gaps;When processing gene ""ORF8"": The extracted gene sequence is empty or consists entirely from gaps;When processing gene ""N"": The extracted gene sequence is empty or consists entirely from gaps;When processing gene ""ORF9b"": The extracted gene sequence is empty or consists entirely from gaps"	
138	650_sub0	21J	21J (Delta)	Delta	21J	B.1.617.2.4	AY.4	225	bad	12	5	3	2	0	0	5	2	1	1208	18387	20678	26839	0.206066280975153	E:1,M:0.47085201793721976,ORF1b:0.1083086053412463,ORF3a:0.6739130434782609,S:0.12323390894819466	false	C21618G,C21846T,G21987A,T22917G,C22995A,A23403G,C23604G,C23987T,G24410A,G24914T,C25469T,T26767C	22030-22033,23966	25557:T,25797:A,25827:T	S:158-1274,ORF3a:56-145	M:I82T,ORF3a:S26L,S:T19R,S:T95I,S:G142D	S:E156-,S:F157-	ORF3a:55:X			C23987T,G24914T	0	0	2	2		NODE_0000627	C21846T,C23987T,G24914T	23966	S:T95I		NODE_0000676	C23987T,G24914T	23966			N/A	N/A	N/A	N/A	N/A	N/A	N/A	N/A	N/A	N/A	ORF1b:2404,S:158-1274,ORF3a:56-145		3000	0	good	0	10	0	good	0	24	-5	0	good	3		0	good	0	S:158-1274,ORF3a:56-145	2		0	150	bad		0	0	good	0		ORF1a,ORF6,ORF7a,ORF7b,ORF8,N,ORF9b	"When processing gene ""ORF1a"": The extracted gene sequence is empty or consists entirely from gaps;When processing gene ""ORF6"": The extracted gene sequence is empty or consists entirely from gaps;When processing gene ""ORF7a"": The extracted gene sequence is empty or consists entirely from gaps;When processing gene ""ORF7b"": The extracted gene sequence is empty or consists entirely from gaps;When processing gene ""ORF8"": The extracted gene sequence is empty or consists entirely from gaps;When processing gene ""N"": The extracted gene sequence is empty or consists entirely from gaps;When processing gene ""ORF9b"": The extracted gene sequence is empty or consists entirely from gaps"	
141	1158_sub0	21J	21J (Delta)	Delta	21J	B.1.617.2.4	AY.4	56.250000	mediocre	13	5	0	1	0	0	6	2	0	1117	18412	20678	26839	0.206066280975153	E:1,M:0.47085201793721976,ORF1b:0.1083086053412463,ORF3a:1,S:0.12401883830455258	false	C21618G,C21846T,G21987A,T22917G,C22995A,A23403G,C23604G,C23987T,G24410A,G24914T,C25469T,T26089A,T26767C	22031-22035		S:159-1274	M:I82T,ORF3a:S26L,ORF3a:Y233N,S:T19R,S:T95I,S:G142D	S:F157-,S:R158-				C23987T,G24914T,T26089A	0	0	3	3		NODE_0000627	C21846T,C23987T,G24914T,T26089A	22035	ORF3a:Y233N,S:T95I,S:-156E	S:G158-	NODE_0000676	C23987T,G24914T,T26089A	22035	ORF3a:Y233N,S:-156E	S:G158-	N/A	N/A	N/A	N/A	N/A	N/A	N/A	N/A	N/A	N/A	ORF1b:2404,S:159-1274		3000	0	good	0	10	0	good	0	24	-4	0	good	4		0	good	0	S:159-1274	1		0	75	mediocre		0	0	good	0		ORF1a,ORF6,ORF7a,ORF7b,ORF8,N,ORF9b	"When processing gene ""ORF1a"": The extracted gene sequence is empty or consists entirely from gaps;When processing gene ""ORF6"": The extracted gene sequence is empty or consists entirely from gaps;When processing gene ""ORF7a"": The extracted gene sequence is empty or consists entirely from gaps;When processing gene ""ORF7b"": The extracted gene sequence is empty or consists entirely from gaps;When processing gene ""ORF8"": The extracted gene sequence is empty or consists entirely from gaps;When processing gene ""N"": The extracted gene sequence is empty or consists entirely from gaps;When processing gene ""ORF9b"": The extracted gene sequence is empty or consists entirely from gaps"	
143	1125_sub0	21J	21J (Delta)	Delta	21J	B.1.617.2.4	AY.4	56.250000	mediocre	12	5	0	1	0	0	5	2	0	1117	18416	20678	26839	0.206066280975153	E:1,M:0.47085201793721976,ORF1b:0.1083086053412463,ORF3a:1,S:0.12401883830455258	false	C21618G,C21846T,G21987A,T22917G,C22995A,A23403G,C23604G,C23987T,G24410A,G24914T,C25469T,T26767C	22031-22035		S:159-1274	M:I82T,ORF3a:S26L,S:T19R,S:T95I,S:G142D	S:F157-,S:R158-				C23987T,G24914T	0	0	2	2		NODE_0000627	C21846T,C23987T,G24914T	22035	S:T95I,S:-156E	S:G158-	NODE_0000676	C23987T,G24914T	22035	S:-156E	S:G158-	N/A	N/A	N/A	N/A	N/A	N/A	N/A	N/A	N/A	N/A	ORF1b:2404,S:159-1274		3000	0	good	0	10	0	good	0	24	-5	0	good	3		0	good	0	S:159-1274	1		0	75	mediocre		0	0	good	0		ORF1a,ORF6,ORF7a,ORF7b,ORF8,N,ORF9b	"When processing gene ""ORF1a"": The extracted gene sequence is empty or consists entirely from gaps;When processing gene ""ORF6"": The extracted gene sequence is empty or consists entirely from gaps;When processing gene ""ORF7a"": The extracted gene sequence is empty or consists entirely from gaps;When processing gene ""ORF7b"": The extracted gene sequence is empty or consists entirely from gaps;When processing gene ""ORF8"": The extracted gene sequence is empty or consists entirely from gaps;When processing gene ""N"": The extracted gene sequence is empty or consists entirely from gaps;When processing gene ""ORF9b"": The extracted gene sequence is empty or consists entirely from gaps"	
145	1792_sub0	21J	21J (Delta)	Delta	21J	B.1.617.2.4	AY.4	56.250000	mediocre	14	5	0	1	0	0	5	2	0	1117	18408	20678	26839	0.206066280975153	E:1,M:0.47085201793721976,ORF1b:0.1083086053412463,ORF3a:1,S:0.12401883830455258	false	C21618G,C21846T,G21987A,C22875A,T22917G,G22985A,C22995A,A23403G,C23604G,C23987T,G24410A,G24914T,C25469T,T26767C	22031-22035		S:159-1274	M:I82T,ORF3a:S26L,S:T19R,S:T95I,S:G142D	S:F157-,S:R158-				C22875A,G22985A,C23987T,G24914T	0	0	4	4		NODE_0000627	C21846T,C22875A,G22985A,C23987T,G24914T	22035	S:T95I,S:-156E	S:G158-	NODE_0000676	C22875A,G22985A,C23987T,G24914T	22035	S:-156E	S:G158-	N/A	N/A	N/A	N/A	N/A	N/A	N/A	N/A	N/A	N/A	ORF1b:2404,S:159-1274		3000	0	good	0	10	0	good	0	24	-3	0	good	5		0	good	0	S:159-1274	1		0	75	mediocre		0	0	good	0		ORF1a,ORF6,ORF7a,ORF7b,ORF8,N,ORF9b	"When processing gene ""ORF1a"": The extracted gene sequence is empty or consists entirely from gaps;When processing gene ""ORF6"": The extracted gene sequence is empty or consists entirely from gaps;When processing gene ""ORF7a"": The extracted gene sequence is empty or consists entirely from gaps;When processing gene ""ORF7b"": The extracted gene sequence is empty or consists entirely from gaps;When processing gene ""ORF8"": The extracted gene sequence is empty or consists entirely from gaps;When processing gene ""N"": The extracted gene sequence is empty or consists entirely from gaps;When processing gene ""ORF9b"": The extracted gene sequence is empty or consists entirely from gaps"	
144	1463_sub0	21J	21J (Delta)	Delta	21J	B.1.617.2.4	AY.4	0	good	13	6	0	0	0	0	14	2	0	1	18408	20678	26839	0.206066280975153	E:1,M:0.47085201793721976,ORF1b:0.1083086053412463,ORF3a:1,S:1	false	G21101T,C21618G,C21846T,G21987A,T22917G,C22995A,A23403G,C23604G,C23987T,G24410A,G24914T,C25469T,T26767C	22029-22034			M:I82T,ORF1b:G2545V,ORF3a:S26L,S:T19R,S:T95I,S:G142D,S:R158G,S:L452R,S:T478K,S:D614G,S:P681R,S:P809S,S:D950N,S:D1118Y	S:E156-,S:F157-				G21101T,C23987T,G24914T	0	0	3	3		NODE_0000627	G21101T,C21846T,C23987T,G24914T		ORF1b:G2545V,S:T95I,S:P809S,S:D1118Y		NODE_0000676	G21101T,C23987T,G24914T		ORF1b:G2545V,S:P809S,S:D1118Y		N/A	N/A	N/A	N/A	N/A	N/A	N/A	N/A	N/A	N/A	ORF1b:2404		3000	0	good	0	10	0	good	0	24	-5	0	good	3		0	good	0		0		0	0	good		0	0	good	0		ORF1a,ORF6,ORF7a,ORF7b,ORF8,N,ORF9b	"When processing gene ""ORF1a"": The extracted gene sequence is empty or consists entirely from gaps;When processing gene ""ORF6"": The extracted gene sequence is empty or consists entirely from gaps;When processing gene ""ORF7a"": The extracted gene sequence is empty or consists entirely from gaps;When processing gene ""ORF7b"": The extracted gene sequence is empty or consists entirely from gaps;When processing gene ""ORF8"": The extracted gene sequence is empty or consists entirely from gaps;When processing gene ""N"": The extracted gene sequence is empty or consists entirely from gaps;When processing gene ""ORF9b"": The extracted gene sequence is empty or consists entirely from gaps"	
139	7899_sub0	21J	21J (Delta)	Delta	21J	B.1.617.2.4	AY.4	0	good	13	6	0	0	0	0	14	2	0	1	18408	20678	26839	0.206066280975153	E:1,M:0.47085201793721976,ORF1b:0.1083086053412463,ORF3a:1,S:1	false	C21618G,C21846T,G21987A,T22917G,C22995A,A23157T,A23403G,C23604G,C23987T,G24410A,G24914T,C25469T,T26767C	22029-22034			M:I82T,ORF3a:S26L,S:T19R,S:T95I,S:G142D,S:R158G,S:L452R,S:T478K,S:N532I,S:D614G,S:P681R,S:P809S,S:D950N,S:D1118Y	S:E156-,S:F157-				A23157T,C23987T,G24914T	0	0	3	3		NODE_0000627	C21846T,A23157T,C23987T,G24914T		S:T95I,S:N532I,S:P809S,S:D1118Y		NODE_0000676	A23157T,C23987T,G24914T		S:N532I,S:P809S,S:D1118Y		N/A	N/A	N/A	N/A	N/A	N/A	N/A	N/A	N/A	N/A	ORF1b:2404		3000	0	good	0	10	0	good	0	24	-5	0	good	3		0	good	0		0		0	0	good		0	0	good	0		ORF1a,ORF6,ORF7a,ORF7b,ORF8,N,ORF9b	"When processing gene ""ORF1a"": The extracted gene sequence is empty or consists entirely from gaps;When processing gene ""ORF6"": The extracted gene sequence is empty or consists entirely from gaps;When processing gene ""ORF7a"": The extracted gene sequence is empty or consists entirely from gaps;When processing gene ""ORF7b"": The extracted gene sequence is empty or consists entirely from gaps;When processing gene ""ORF8"": The extracted gene sequence is empty or consists entirely from gaps;When processing gene ""N"": The extracted gene sequence is empty or consists entirely from gaps;When processing gene ""ORF9b"": The extracted gene sequence is empty or consists entirely from gaps"	
150	478_sub0	21J	21J (Delta)	Delta	21J	B.1.617.2.4	AY.4	56.250000	mediocre	13	7	1	1	0	0	3	1	0	1225	18391	20678	26839	0.206066280975153	E:1,M:0.47085201793721976,ORF1b:0.1083086053412463,ORF3a:1,S:0.03924646781789639	false	C21618G,C21846T,G21987A,G22332T,T22917G,C22995A,A23403G,C23604G,C23987T,G24410A,G24914T,C25469T,T26767C	22029-22034,25376	21703:T	S:48-1271	M:I82T,ORF3a:S26L,S:T19R	S:Y1272-				G22332T,C23987T,G24914T	0	0	3	3		NODE_0000627	C21846T,G22332T,C23987T,G24914T	25376		S:Y1272-	NODE_0000676	G22332T,C23987T,G24914T	25376		S:Y1272-	N/A	N/A	N/A	N/A	N/A	N/A	N/A	N/A	N/A	N/A	ORF1b:2404,S:48-1271		3000	0	good	0	10	0	good	0	24	-4	0	good	4		0	good	0	S:48-1271	1		0	75	mediocre		0	0	good	0		ORF1a,ORF6,ORF7a,ORF7b,ORF8,N,ORF9b	"When processing gene ""ORF1a"": The extracted gene sequence is empty or consists entirely from gaps;When processing gene ""ORF6"": The extracted gene sequence is empty or consists entirely from gaps;When processing gene ""ORF7a"": The extracted gene sequence is empty or consists entirely from gaps;When processing gene ""ORF7b"": The extracted gene sequence is empty or consists entirely from gaps;When processing gene ""ORF8"": The extracted gene sequence is empty or consists entirely from gaps;When processing gene ""N"": The extracted gene sequence is empty or consists entirely from gaps;When processing gene ""ORF9b"": The extracted gene sequence is empty or consists entirely from gaps"	
153	1912_sub0	21J	21J (Delta)	Delta	21J	B.1.617.2.4	AY.4	0	good	12	6	0	0	0	0	13	2	0	1	18412	20678	26839	0.206066280975153	E:1,M:0.47085201793721976,ORF1b:0.1083086053412463,ORF3a:1,S:1	false	C21618G,C21846T,G21987A,T22917G,C22995A,A23403G,C23604G,C23987T,G24410A,G24914T,C25469T,T26767C	22029-22034			M:I82T,ORF3a:S26L,S:T19R,S:T95I,S:G142D,S:R158G,S:L452R,S:T478K,S:D614G,S:P681R,S:P809S,S:D950N,S:D1118Y	S:E156-,S:F157-				C23987T,G24914T	0	0	2	2		NODE_0000627	C21846T,C23987T,G24914T		S:T95I,S:P809S,S:D1118Y		NODE_0000676	C23987T,G24914T		S:P809S,S:D1118Y		N/A	N/A	N/A	N/A	N/A	N/A	N/A	N/A	N/A	N/A	ORF1b:2404		3000	0	good	0	10	0	good	0	24	-6	0	good	2		0	good	0		0		0	0	good		0	0	good	0		ORF1a,ORF6,ORF7a,ORF7b,ORF8,N,ORF9b	"When processing gene ""ORF1a"": The extracted gene sequence is empty or consists entirely from gaps;When processing gene ""ORF6"": The extracted gene sequence is empty or consists entirely from gaps;When processing gene ""ORF7a"": The extracted gene sequence is empty or consists entirely from gaps;When processing gene ""ORF7b"": The extracted gene sequence is empty or consists entirely from gaps;When processing gene ""ORF8"": The extracted gene sequence is empty or consists entirely from gaps;When processing gene ""N"": The extracted gene sequence is empty or consists entirely from gaps;When processing gene ""ORF9b"": The extracted gene sequence is empty or consists entirely from gaps"	
147	560_sub0	21J	21J (Delta)	Delta	21J	B.1.617.2.4	AY.4	225	bad	15	1	1	2	0	0	6	1	0	1270	18408	20678	26839	0.206066280975153	E:1,M:0.47085201793721976,ORF1b:0.05229970326409496,ORF3a:1,S:0.12244897959183673	false	A21599G,C21618G,C21846T,G21987A,C22033A,T22917G,C22995A,T23346C,A23403G,C23604G,C23987T,G24410A,G24914T,C25469T,T26767C	22030	21102:T	ORF1b:2546-2696,S:157-1274	M:I82T,ORF3a:S26L,S:S13G,S:T19R,S:T95I,S:G142D	S:E156-			-22033A|24A&24E&22D&23C&24C&23F&24F&24B&rec&23I&24G&25A&24H&24D&24I&25B&25C	A21599G,T23346C,C23987T,G24914T	0	1	4	5		NODE_0000627	A21599G,C21846T,-22033A,T23346C,C23987T,G24914T		S:S13G,S:T95I		NODE_0000676	A21599G,-22033A,T23346C,C23987T,G24914T		S:S13G		N/A	N/A	N/A	N/A	N/A	N/A	N/A	N/A	N/A	N/A	ORF1b:2404,ORF1b:2546-2696,S:157-1274		3000	0	good	0	10	0	good	0	24	0	0	good	8		0	good	0	ORF1b:2546-2696,S:157-1274	2		0	150	bad		0	0	good	0		ORF1a,ORF6,ORF7a,ORF7b,ORF8,N,ORF9b	"When processing gene ""ORF1a"": The extracted gene sequence is empty or consists entirely from gaps;When processing gene ""ORF6"": The extracted gene sequence is empty or consists entirely from gaps;When processing gene ""ORF7a"": The extracted gene sequence is empty or consists entirely from gaps;When processing gene ""ORF7b"": The extracted gene sequence is empty or consists entirely from gaps;When processing gene ""ORF8"": The extracted gene sequence is empty or consists entirely from gaps;When processing gene ""N"": The extracted gene sequence is empty or consists entirely from gaps;When processing gene ""ORF9b"": The extracted gene sequence is empty or consists entirely from gaps"	
149	1157_sub0	21J	21J (Delta)	Delta	21J	B.1.617.2.4	AY.4	0	good	14	3	0	0	0	0	13	1	0	1	18414	20678	26839	0.206066280975153	E:1,M:0.47085201793721976,ORF1b:0.1083086053412463,ORF3a:1,S:1	false	C20936T,C21618G,C21846T,G21987A,G22030A,T22917G,C22995A,A23403G,C23604G,C23987T,G24410A,G24914T,C25469T,T26767C	22031-22033			M:I82T,ORF1b:T2490M,ORF3a:S26L,S:T19R,S:T95I,S:G142D,S:L452R,S:T478K,S:D614G,S:P681R,S:P809S,S:D950N,S:D1118Y	S:F157-				C20936T,-22030A,C23987T,G24914T	0	0	4	4		NODE_0000627	C20936T,C21846T,-22030A,C23987T,G24914T		ORF1b:T2490M,S:T95I,S:-156E,S:G158R,S:P809S,S:D1118Y		NODE_0000676	C20936T,-22030A,C23987T,G24914T		ORF1b:T2490M,S:-156E,S:G158R,S:P809S,S:D1118Y		N/A	N/A	N/A	N/A	N/A	N/A	N/A	N/A	N/A	N/A	ORF1b:2404		3000	0	good	0	10	0	good	0	24	-4	0	good	4		0	good	0		0		0	0	good		0	0	good	0		ORF1a,ORF6,ORF7a,ORF7b,ORF8,N,ORF9b	"When processing gene ""ORF1a"": The extracted gene sequence is empty or consists entirely from gaps;When processing gene ""ORF6"": The extracted gene sequence is empty or consists entirely from gaps;When processing gene ""ORF7a"": The extracted gene sequence is empty or consists entirely from gaps;When processing gene ""ORF7b"": The extracted gene sequence is empty or consists entirely from gaps;When processing gene ""ORF8"": The extracted gene sequence is empty or consists entirely from gaps;When processing gene ""N"": The extracted gene sequence is empty or consists entirely from gaps;When processing gene ""ORF9b"": The extracted gene sequence is empty or consists entirely from gaps"	
151	1034_sub0	21J	21J (Delta)	Delta	21J	B.1.617.2.4	AY.4	56.250000	mediocre	15	3	1	1	0	0	14	1	0	59	18403	20678	26839	0.206066280975153	E:0.23684210526315788,M:0.47085201793721976,ORF1b:0.1083086053412463,ORF3a:1,S:1	false	C21618G,C21846T,G21987A,A22029G,G22289T,C22290T,T22917G,C22995A,A23403G,C23604G,C23987T,G24410A,G24914T,C25469T,T26767C	22031-22033	26298:T	E:19-76	M:I82T,ORF3a:S26L,S:T19R,S:T95I,S:G142D,S:F157G,S:A243F,S:L452R,S:T478K,S:D614G,S:P681R,S:P809S,S:D950N,S:D1118Y	S:E156-				-22029G,G22289T,C22290T,C23987T,G24914T	0	0	5	5		NODE_0000627	C21846T,-22029G,G22289T,C22290T,C23987T,G24914T		S:T95I,S:-157G,S:G158R,S:A243F,S:P809S,S:D1118Y		NODE_0000676	-22029G,G22289T,C22290T,C23987T,G24914T		S:-157G,S:G158R,S:A243F,S:P809S,S:D1118Y		N/A	N/A	N/A	N/A	N/A	N/A	N/A	N/A	N/A	N/A	ORF1b:2404,E:19-76		3000	0	good	0	10	0	good	0	24	-3	0	good	5		0	good	0	E:19-76	1		0	75	mediocre		0	0	good	0		ORF1a,ORF6,ORF7a,ORF7b,ORF8,N,ORF9b	"When processing gene ""ORF1a"": The extracted gene sequence is empty or consists entirely from gaps;When processing gene ""ORF6"": The extracted gene sequence is empty or consists entirely from gaps;When processing gene ""ORF7a"": The extracted gene sequence is empty or consists entirely from gaps;When processing gene ""ORF7b"": The extracted gene sequence is empty or consists entirely from gaps;When processing gene ""ORF8"": The extracted gene sequence is empty or consists entirely from gaps;When processing gene ""N"": The extracted gene sequence is empty or consists entirely from gaps;When processing gene ""ORF9b"": The extracted gene sequence is empty or consists entirely from gaps"	
152	1026_sub0	21J	21J (Delta)	Delta	21J	B.1.617.2.4	AY.4	56.250000	mediocre	18	6	1	1	0	0	18	2	0	166	18380	20678	26839	0.206066280975153	E:1,M:0.47085201793721976,ORF1b:0.04710682492581603,ORF3a:1,S:1	false	T20920G,C21618G,C21846T,G21987A,T22917G,C22995A,A23403G,C23604G,A23736G,C23987T,G24410A,G24521A,T24634G,G24638A,G24914T,C25469T,T25673C,T26767C	22029-22034	21061:G	ORF1b:2533-2696	M:I82T,ORF1b:W2485G,ORF3a:S26L,ORF3a:L94P,S:T19R,S:T95I,S:G142D,S:R158G,S:L452R,S:T478K,S:D614G,S:P681R,S:E725G,S:P809S,S:D950N,S:V987I,S:A1026T,S:D1118Y	S:E156-,S:F157-				T20920G,A23736G,C23987T,G24521A,T24634G,G24638A,G24914T,T25673C	0	0	8	8		NODE_0000627	T20920G,C21846T,A23736G,C23987T,G24521A,T24634G,G24638A,G24914T,T25673C		ORF1b:W2485G,ORF3a:L94P,S:T95I,S:E725G,S:P809S,S:V987I,S:A1026T,S:D1118Y		NODE_0000676	T20920G,A23736G,C23987T,G24521A,T24634G,G24638A,G24914T,T25673C		ORF1b:W2485G,ORF3a:L94P,S:E725G,S:P809S,S:V987I,S:A1026T,S:D1118Y		N/A	N/A	N/A	N/A	N/A	N/A	N/A	N/A	N/A	N/A	ORF1b:2404,ORF1b:2532-2696		3000	0	good	0	10	0	good	0	24	0	0	good	8		0	good	0	ORF1b:2533-2696	1		0	75	mediocre		0	0	good	0		ORF1a,ORF6,ORF7a,ORF7b,ORF8,N,ORF9b	"When processing gene ""ORF1a"": The extracted gene sequence is empty or consists entirely from gaps;When processing gene ""ORF6"": The extracted gene sequence is empty or consists entirely from gaps;When processing gene ""ORF7a"": The extracted gene sequence is empty or consists entirely from gaps;When processing gene ""ORF7b"": The extracted gene sequence is empty or consists entirely from gaps;When processing gene ""ORF8"": The extracted gene sequence is empty or consists entirely from gaps;When processing gene ""N"": The extracted gene sequence is empty or consists entirely from gaps;When processing gene ""ORF9b"": The extracted gene sequence is empty or consists entirely from gaps"	
154	197_sub0	21J	21J (Delta)	Delta	21J	B.1.617.2.4	AY.4	225	bad	14	7	1	2	0	0	13	3	0	355	18386	20678	26839	0.206066280975153	E:1,M:0.47085201793721976,ORF1b:0.05229970326409496,ORF3a:1,S:0.8406593406593407	false	C21618G,T21784C,C21846T,T21980A,G21987A,T22917G,C22995A,A23403G,C23604G,C23987T,G24410A,G24914T,C25469T,T26767C	22029-22034,24774	21102:T	ORF1b:2546-2696,S:1072-1274	M:I82T,ORF3a:S26L,S:T19R,S:T95I,S:F140I,S:G142D,S:R158G,S:L452R,S:T478K,S:D614G,S:P681R,S:P809S,S:D950N	S:E156-,S:F157-,S:Q1071-				T21784C,T21980A,C23987T,G24914T	0	0	4	4		NODE_0000627	T21784C,C21846T,T21980A,C23987T,G24914T	24774	S:T95I,S:F140I,S:P809S	S:Q1071-	NODE_0000676	T21784C,T21980A,C23987T,G24914T	24774	S:F140I,S:P809S	S:Q1071-	N/A	N/A	N/A	N/A	N/A	N/A	N/A	N/A	N/A	N/A	ORF1b:2404,ORF1b:2546-2696,S:1072-1274		3000	0	good	0	10	0	good	0	24	-3	0	good	5		0	good	0	ORF1b:2546-2696,S:1072-1274	2		0	150	bad		0	0	good	0		ORF1a,ORF6,ORF7a,ORF7b,ORF8,N,ORF9b	"When processing gene ""ORF1a"": The extracted gene sequence is empty or consists entirely from gaps;When processing gene ""ORF6"": The extracted gene sequence is empty or consists entirely from gaps;When processing gene ""ORF7a"": The extracted gene sequence is empty or consists entirely from gaps;When processing gene ""ORF7b"": The extracted gene sequence is empty or consists entirely from gaps;When processing gene ""ORF8"": The extracted gene sequence is empty or consists entirely from gaps;When processing gene ""N"": The extracted gene sequence is empty or consists entirely from gaps;When processing gene ""ORF9b"": The extracted gene sequence is empty or consists entirely from gaps"	
140	860_sub0	21J	21J (Delta)	Delta	21J	B.1.617.2.4	AY.4	0	good	14	6	0	0	0	0	13	2	0	1	18404	20678	26839	0.206066280975153	E:1,M:0.47085201793721976,ORF1b:0.1083086053412463,ORF3a:1,S:1	false	C21618G,C21846T,G21987A,G22894A,T22917G,C22995A,A23403G,C23604G,C23987T,G24410A,G24914T,C25469T,T26397G,T26767C	22029-22034			M:I82T,ORF3a:S26L,S:T19R,S:T95I,S:G142D,S:R158G,S:L452R,S:T478K,S:D614G,S:P681R,S:P809S,S:D950N,S:D1118Y	S:E156-,S:F157-				G22894A,C23987T,G24914T,T26397G	0	0	4	4		NODE_0000627	C21846T,G22894A,C23987T,G24914T,T26397G		S:T95I,S:P809S,S:D1118Y		NODE_0000676	G22894A,C23987T,G24914T,T26397G		S:P809S,S:D1118Y		N/A	N/A	N/A	N/A	N/A	N/A	N/A	N/A	N/A	N/A	ORF1b:2404		3000	0	good	0	10	0	good	0	24	-4	0	good	4		0	good	0		0		0	0	good		0	0	good	0		ORF1a,ORF6,ORF7a,ORF7b,ORF8,N,ORF9b	"When processing gene ""ORF1a"": The extracted gene sequence is empty or consists entirely from gaps;When processing gene ""ORF6"": The extracted gene sequence is empty or consists entirely from gaps;When processing gene ""ORF7a"": The extracted gene sequence is empty or consists entirely from gaps;When processing gene ""ORF7b"": The extracted gene sequence is empty or consists entirely from gaps;When processing gene ""ORF8"": The extracted gene sequence is empty or consists entirely from gaps;When processing gene ""N"": The extracted gene sequence is empty or consists entirely from gaps;When processing gene ""ORF9b"": The extracted gene sequence is empty or consists entirely from gaps"	
148	6063_sub0	21J	21J (Delta)	Delta	21J	B.1.617.2.4	AY.4	56.423611	mediocre	11	5	0	1	0	0	4	2	0	1117	18420	20678	26839	0.206066280975153	E:1,M:0.47085201793721976,ORF1b:0.1083086053412463,ORF3a:1,S:0.12401883830455258	false	C21618G,C21846T,G21987A,T22917G,C22995A,A23403G,C23604G,C23987T,G24410A,G24914T,C25469T	22031-22035		S:159-1274	ORF3a:S26L,S:T19R,S:T95I,S:G142D	S:F157-,S:R158-		C26767T		C23987T,G24914T	1	0	2	3		NODE_0000627	C21846T,C23987T,G24914T,C26767T	22035	M:T82I,S:T95I,S:-156E	S:G158-	NODE_0000676	C23987T,G24914T,C26767T	22035	M:T82I,S:-156E	S:G158-	N/A	N/A	N/A	N/A	N/A	N/A	N/A	N/A	N/A	N/A	ORF1b:2404,S:159-1274		3000	0	good	0	10	0	good	0	24	1	4.166667	good	9		0	good	0	S:159-1274	1		0	75	mediocre		0	0	good	0		ORF1a,ORF6,ORF7a,ORF7b,ORF8,N,ORF9b	"When processing gene ""ORF1a"": The extracted gene sequence is empty or consists entirely from gaps;When processing gene ""ORF6"": The extracted gene sequence is empty or consists entirely from gaps;When processing gene ""ORF7a"": The extracted gene sequence is empty or consists entirely from gaps;When processing gene ""ORF7b"": The extracted gene sequence is empty or consists entirely from gaps;When processing gene ""ORF8"": The extracted gene sequence is empty or consists entirely from gaps;When processing gene ""N"": The extracted gene sequence is empty or consists entirely from gaps;When processing gene ""ORF9b"": The extracted gene sequence is empty or consists entirely from gaps"	
160	456_sub0	21J	21J (Delta)	Delta	21J	B.1.617.2.4	AY.4	56.423611	mediocre	16	0	1	1	0	0	2	0	0	1272	18415	20678	26839	0.206066280975153	E:1,M:0.47085201793721976,ORF1b:0.1083086053412463,ORF3a:1,S:0.002354788069073783	false	C21618G,C21846T,G21987A,G22030A,T22031A,T22032A,C22033A,T22917G,C22995A,A23403G,C23604G,C23987T,G24410A,G24914T,C25469T,T26767C		21571:T	S:4-1274	M:I82T,ORF3a:S26L				-22033A|24A&24E&22D&23C&24C&23F&24F&24B&rec&23I&24G&25A&24H&24D&24I&25B&25C	-22030A,-22031A,-22032A,C23987T,G24914T	0	1	5	6		NODE_0000627	C21846T,-22030A,-22031A,-22032A,-22033A,C23987T,G24914T				NODE_0000676	-22030A,-22031A,-22032A,-22033A,C23987T,G24914T				N/A	N/A	N/A	N/A	N/A	N/A	N/A	N/A	N/A	N/A	ORF1b:2404,S:4-1274		3000	0	good	0	10	0	good	0	24	1	4.166667	good	9		0	good	0	S:4-1274	1		0	75	mediocre		0	0	good	0		ORF1a,ORF6,ORF7a,ORF7b,ORF8,N,ORF9b	"When processing gene ""ORF1a"": The extracted gene sequence is empty or consists entirely from gaps;When processing gene ""ORF6"": The extracted gene sequence is empty or consists entirely from gaps;When processing gene ""ORF7a"": The extracted gene sequence is empty or consists entirely from gaps;When processing gene ""ORF7b"": The extracted gene sequence is empty or consists entirely from gaps;When processing gene ""ORF8"": The extracted gene sequence is empty or consists entirely from gaps;When processing gene ""N"": The extracted gene sequence is empty or consists entirely from gaps;When processing gene ""ORF9b"": The extracted gene sequence is empty or consists entirely from gaps"	
155	1496_sub0	21J	21J (Delta)	Delta	21J	B.1.617.2.4	AY.4	56.250000	mediocre	13	5	0	1	0	0	6	2	0	1118	18404	20678	26839	0.206066280975153	E:1,M:0.47085201793721976,ORF1b:0.1083086053412463,ORF3a:1,S:0.12323390894819466	false	G21523A,C21618G,C21846T,G21987A,T22917G,C22995A,A23403G,C23604G,C23987T,G24410A,G24914T,C25469T,T26767C	22030-22033,23966		S:158-1274	M:I82T,ORF1b:V2686I,ORF3a:S26L,S:T19R,S:T95I,S:G142D	S:E156-,S:F157-				G21523A,C23987T,G24914T	0	0	3	3		NODE_0000627	G21523A,C21846T,C23987T,G24914T	23966	ORF1b:V2686I,S:T95I		NODE_0000676	G21523A,C23987T,G24914T	23966	ORF1b:V2686I		N/A	N/A	N/A	N/A	N/A	N/A	N/A	N/A	N/A	N/A	ORF1b:2404,S:158-1274		3000	0	good	0	10	0	good	0	24	-4	0	good	4		0	good	0	S:158-1274	1		0	75	mediocre		0	0	good	0		ORF1a,ORF6,ORF7a,ORF7b,ORF8,N,ORF9b	"When processing gene ""ORF1a"": The extracted gene sequence is empty or consists entirely from gaps;When processing gene ""ORF6"": The extracted gene sequence is empty or consists entirely from gaps;When processing gene ""ORF7a"": The extracted gene sequence is empty or consists entirely from gaps;When processing gene ""ORF7b"": The extracted gene sequence is empty or consists entirely from gaps;When processing gene ""ORF8"": The extracted gene sequence is empty or consists entirely from gaps;When processing gene ""N"": The extracted gene sequence is empty or consists entirely from gaps;When processing gene ""ORF9b"": The extracted gene sequence is empty or consists entirely from gaps"	
157	4394_sub0	21J	21J (Delta)	Delta	21J	B.1.617.2.4	AY.4	0	good	12	6	0	0	0	0	13	2	0	1	18412	20678	26839	0.206066280975153	E:1,M:0.47085201793721976,ORF1b:0.1083086053412463,ORF3a:1,S:1	false	C21618G,C21846T,G21987A,T22917G,C22995A,A23403G,C23604G,C23987T,G24410A,G24914T,C25469T,T26767C	22029-22034			M:I82T,ORF3a:S26L,S:T19R,S:T95I,S:G142D,S:R158G,S:L452R,S:T478K,S:D614G,S:P681R,S:P809S,S:D950N,S:D1118Y	S:E156-,S:F157-				C23987T,G24914T	0	0	2	2		NODE_0000627	C21846T,C23987T,G24914T		S:T95I,S:P809S,S:D1118Y		NODE_0000676	C23987T,G24914T		S:P809S,S:D1118Y		N/A	N/A	N/A	N/A	N/A	N/A	N/A	N/A	N/A	N/A	ORF1b:2404		3000	0	good	0	10	0	good	0	24	-6	0	good	2		0	good	0		0		0	0	good		0	0	good	0		ORF1a,ORF6,ORF7a,ORF7b,ORF8,N,ORF9b	"When processing gene ""ORF1a"": The extracted gene sequence is empty or consists entirely from gaps;When processing gene ""ORF6"": The extracted gene sequence is empty or consists entirely from gaps;When processing gene ""ORF7a"": The extracted gene sequence is empty or consists entirely from gaps;When processing gene ""ORF7b"": The extracted gene sequence is empty or consists entirely from gaps;When processing gene ""ORF8"": The extracted gene sequence is empty or consists entirely from gaps;When processing gene ""N"": The extracted gene sequence is empty or consists entirely from gaps;When processing gene ""ORF9b"": The extracted gene sequence is empty or consists entirely from gaps"	
161	2340_sub0	21J	21J (Delta)	Delta	21J	B.1.617.2.4	AY.4	225	bad	12	8	1	2	0	0	7	3	0	961	18384	20678	26839	0.206066280975153	E:1,M:0.47085201793721976,ORF1b:0.05229970326409496,ORF3a:1,S:0.3649921507064364	false	C21618G,C21846T,G21987A,T22917G,C22995A,A23403G,C23604G,C23987T,G24410A,G24914T,C25469T,T26767C	22029-22034,22956,23819	21102:T	ORF1b:2546-2696,S:466-1274	M:I82T,ORF3a:S26L,S:T19R,S:T95I,S:G142D,S:R158G,S:L452R	S:E156-,S:F157-,S:E465-				C23987T,G24914T	0	0	2	2		NODE_0000627	C21846T,C23987T,G24914T	22956,23819	S:T95I	S:E465-	NODE_0000676	C23987T,G24914T	22956,23819		S:E465-	N/A	N/A	N/A	N/A	N/A	N/A	N/A	N/A	N/A	N/A	ORF1b:2404,ORF1b:2546-2696,S:466-1274		3000	0	good	0	10	0	good	0	24	-4	0	good	4		0	good	0	ORF1b:2546-2696,S:466-1274	2		0	150	bad		0	0	good	0		ORF1a,ORF6,ORF7a,ORF7b,ORF8,N,ORF9b	"When processing gene ""ORF1a"": The extracted gene sequence is empty or consists entirely from gaps;When processing gene ""ORF6"": The extracted gene sequence is empty or consists entirely from gaps;When processing gene ""ORF7a"": The extracted gene sequence is empty or consists entirely from gaps;When processing gene ""ORF7b"": The extracted gene sequence is empty or consists entirely from gaps;When processing gene ""ORF8"": The extracted gene sequence is empty or consists entirely from gaps;When processing gene ""N"": The extracted gene sequence is empty or consists entirely from gaps;When processing gene ""ORF9b"": The extracted gene sequence is empty or consists entirely from gaps"	
159	1189_sub0	21J	21J (Delta)	Delta	21J	B.1.617.2.4	AY.4	523.611111	bad	17	5	1	3	0	0	6	2	0	1075	18358	20678	26839	0.206066280975153	E:1,M:0.47085201793721976,ORF1b:0.1083086053412463,ORF3a:0.4420289855072464,S:0.2778649921507064	false	C21618G,T21784C,C21846T,G21987A,G22030A,C22033A,G22051A,T22917G,C22995A,A23403G,C23604A,G23607A,C23987T,G24410A,G24914T,C25469T,T26767C	22031,23029,24774,25366,26020	25557:T	S:158-1071,S:1269-1274,ORF3a:56-209	M:I82T,ORF3a:S26L,S:T19R,S:T95I,S:G142D,S:D1118Y	ORF3a:D210-,S:F157-			-22033A|24A&24E&22D&23C&24C&23F&24F&24B&rec&23I&24G&25A&24H&24D&24I&25B&25C,G23604A|21K&21L&22B&20I&22E&23A&22C&22A&23F&23D&23B&22D&22F&23C&rec&23E&23H&21H&23G&21M&21E	T21784C,-22030A,G22051A,G23607A,C23987T,G24914T	0	2	6	8		NODE_0000627	T21784C,C21846T,-22030A,-22033A,G22051A,G23604A,G23607A,C23987T,G24914T	23029,24774,25366,26020	S:T95I,S:-156E,S:D1118Y	ORF3a:D210-	NODE_0000676	T21784C,-22030A,-22033A,G22051A,G23604A,G23607A,C23987T,G24914T	23029,24774,25366,26020	S:-156E,S:D1118Y	ORF3a:D210-	N/A	N/A	N/A	N/A	N/A	N/A	N/A	N/A	N/A	N/A	ORF1b:2404,S:158-1071,S:1269-1274,ORF3a:56-209		3000	0	good	0	10	0	good	0	24	10	41.666667	mediocre	18		0	good	0	S:158-1071,S:1269-1274,ORF3a:56-209	3		0	225	bad		0	0	good	0		ORF1a,ORF6,ORF7a,ORF7b,ORF8,N,ORF9b	"When processing gene ""ORF1a"": The extracted gene sequence is empty or consists entirely from gaps;When processing gene ""ORF6"": The extracted gene sequence is empty or consists entirely from gaps;When processing gene ""ORF7a"": The extracted gene sequence is empty or consists entirely from gaps;When processing gene ""ORF7b"": The extracted gene sequence is empty or consists entirely from gaps;When processing gene ""ORF8"": The extracted gene sequence is empty or consists entirely from gaps;When processing gene ""N"": The extracted gene sequence is empty or consists entirely from gaps;When processing gene ""ORF9b"": The extracted gene sequence is empty or consists entirely from gaps"	
156	1606_sub0	21J	21J (Delta)	Delta	21J	B.1.617.2.4	AY.4	56.250000	mediocre	14	8	0	1	0	0	14	3	0	7	18384	20678	26839	0.206066280975153	E:1,M:0.47085201793721976,ORF1b:0.1083086053412463,ORF3a:1,S:0.9952904238618524	false	C21618G,C21846T,G21987A,T22917G,C22995A,A23403G,C23604G,C23987T,G24020A,G24410A,G24914T,C25366A,C25469T,T26767C	22029-22034,25364,25376		S:1269-1274	M:I82T,ORF3a:S26L,S:T19R,S:T95I,S:G142D,S:R158G,S:L452R,S:T478K,S:D614G,S:P681R,S:P809S,S:D820N,S:D950N,S:D1118Y	S:E156-,S:F157-,S:V1268-				C23987T,G24020A,G24914T,C25366A	0	0	4	4		NODE_0000627	C21846T,C23987T,G24020A,G24914T,C25366A	25364,25376	S:T95I,S:P809S,S:D820N,S:D1118Y	S:V1268-	NODE_0000676	C23987T,G24020A,G24914T,C25366A	25364,25376	S:P809S,S:D820N,S:D1118Y	S:V1268-	N/A	N/A	N/A	N/A	N/A	N/A	N/A	N/A	N/A	N/A	ORF1b:2404,S:1269-1274		3000	0	good	0	10	0	good	0	24	-2	0	good	6		0	good	0	S:1269-1274	1		0	75	mediocre		0	0	good	0		ORF1a,ORF6,ORF7a,ORF7b,ORF8,N,ORF9b	"When processing gene ""ORF1a"": The extracted gene sequence is empty or consists entirely from gaps;When processing gene ""ORF6"": The extracted gene sequence is empty or consists entirely from gaps;When processing gene ""ORF7a"": The extracted gene sequence is empty or consists entirely from gaps;When processing gene ""ORF7b"": The extracted gene sequence is empty or consists entirely from gaps;When processing gene ""ORF8"": The extracted gene sequence is empty or consists entirely from gaps;When processing gene ""N"": The extracted gene sequence is empty or consists entirely from gaps;When processing gene ""ORF9b"": The extracted gene sequence is empty or consists entirely from gaps"	
162	1325_sub0	21J	21J (Delta)	Delta	21J	B.1.617.2.4	AY.4	56.250000	mediocre	13	5	0	1	0	0	5	2	0	1118	18403	20678	26839	0.206066280975153	E:1,M:0.47085201793721976,ORF1b:0.1083086053412463,ORF3a:1,S:0.12323390894819466	false	C21618G,C21846T,G21987A,T22917G,C22995A,A23403G,C23604G,C23987T,G24410A,G24914T,C25469T,T26301C,T26767C	22030-22033,24774		S:158-1274	M:I82T,ORF3a:S26L,S:T19R,S:T95I,S:G142D	S:E156-,S:F157-				C23987T,G24914T,T26301C	0	0	3	3		NODE_0000627	C21846T,C23987T,G24914T,T26301C	24774	S:T95I		NODE_0000676	C23987T,G24914T,T26301C	24774			N/A	N/A	N/A	N/A	N/A	N/A	N/A	N/A	N/A	N/A	ORF1b:2404,S:158-1274		3000	0	good	0	10	0	good	0	24	-4	0	good	4		0	good	0	S:158-1274	1		0	75	mediocre		0	0	good	0		ORF1a,ORF6,ORF7a,ORF7b,ORF8,N,ORF9b	"When processing gene ""ORF1a"": The extracted gene sequence is empty or consists entirely from gaps;When processing gene ""ORF6"": The extracted gene sequence is empty or consists entirely from gaps;When processing gene ""ORF7a"": The extracted gene sequence is empty or consists entirely from gaps;When processing gene ""ORF7b"": The extracted gene sequence is empty or consists entirely from gaps;When processing gene ""ORF8"": The extracted gene sequence is empty or consists entirely from gaps;When processing gene ""N"": The extracted gene sequence is empty or consists entirely from gaps;When processing gene ""ORF9b"": The extracted gene sequence is empty or consists entirely from gaps"	
167	466_sub0	21J	21J (Delta)	Delta	21J	B.1.617.2.4	AY.4	56.250000	mediocre	12	7	1	1	0	0	7	2	0	722	18394	20678	26839	0.206066280975153	E:1,M:0.47085201793721976,ORF1b:0.1083086053412463,ORF3a:1,S:0.4340659340659341	false	C21618G,C21846T,G21987A,T22917G,C22995A,A23403G,C23604G,C23987T,G24410A,G24914T,C25469T,T26767C	22029-22034,24774	22612:T	S:351-1071	M:I82T,ORF3a:S26L,S:T19R,S:T95I,S:G142D,S:R158G,S:D1118Y	S:E156-,S:F157-				C23987T,G24914T	0	0	2	2		NODE_0000627	C21846T,C23987T,G24914T	24774	S:T95I,S:D1118Y		NODE_0000676	C23987T,G24914T	24774	S:D1118Y		N/A	N/A	N/A	N/A	N/A	N/A	N/A	N/A	N/A	N/A	ORF1b:2404,S:351-1071		3000	0	good	0	10	0	good	0	24	-5	0	good	3		0	good	0	S:351-1071	1		0	75	mediocre		0	0	good	0		ORF1a,ORF6,ORF7a,ORF7b,ORF8,N,ORF9b	"When processing gene ""ORF1a"": The extracted gene sequence is empty or consists entirely from gaps;When processing gene ""ORF6"": The extracted gene sequence is empty or consists entirely from gaps;When processing gene ""ORF7a"": The extracted gene sequence is empty or consists entirely from gaps;When processing gene ""ORF7b"": The extracted gene sequence is empty or consists entirely from gaps;When processing gene ""ORF8"": The extracted gene sequence is empty or consists entirely from gaps;When processing gene ""N"": The extracted gene sequence is empty or consists entirely from gaps;When processing gene ""ORF9b"": The extracted gene sequence is empty or consists entirely from gaps"	
165	1596_sub0	21J	21J (Delta)	Delta	21J	B.1.617.2.4	AY.4	0	good	12	6	0	0	0	0	13	2	0	1	18412	20678	26839	0.206066280975153	E:1,M:0.47085201793721976,ORF1b:0.1083086053412463,ORF3a:1,S:1	false	C21618G,C21846T,G21987A,T22917G,C22995A,A23403G,C23604G,C23987T,G24410A,G24914T,C25469T,T26767C	22029-22034			M:I82T,ORF3a:S26L,S:T19R,S:T95I,S:G142D,S:R158G,S:L452R,S:T478K,S:D614G,S:P681R,S:P809S,S:D950N,S:D1118Y	S:E156-,S:F157-				C23987T,G24914T	0	0	2	2		NODE_0000627	C21846T,C23987T,G24914T		S:T95I,S:P809S,S:D1118Y		NODE_0000676	C23987T,G24914T		S:P809S,S:D1118Y		N/A	N/A	N/A	N/A	N/A	N/A	N/A	N/A	N/A	N/A	ORF1b:2404		3000	0	good	0	10	0	good	0	24	-6	0	good	2		0	good	0		0		0	0	good		0	0	good	0		ORF1a,ORF6,ORF7a,ORF7b,ORF8,N,ORF9b	"When processing gene ""ORF1a"": The extracted gene sequence is empty or consists entirely from gaps;When processing gene ""ORF6"": The extracted gene sequence is empty or consists entirely from gaps;When processing gene ""ORF7a"": The extracted gene sequence is empty or consists entirely from gaps;When processing gene ""ORF7b"": The extracted gene sequence is empty or consists entirely from gaps;When processing gene ""ORF8"": The extracted gene sequence is empty or consists entirely from gaps;When processing gene ""N"": The extracted gene sequence is empty or consists entirely from gaps;When processing gene ""ORF9b"": The extracted gene sequence is empty or consists entirely from gaps"	
163	1343_sub0	21J	21J (Delta)	Delta	21J	B.1.617.2.4	AY.4	0	good	12	6	0	0	0	0	13	2	0	1	18412	20678	26839	0.206066280975153	E:1,M:0.47085201793721976,ORF1b:0.1083086053412463,ORF3a:1,S:1	false	C21618G,C21846T,G21987A,T22917G,C22995A,A23403G,C23604G,C23987T,G24410A,G24914T,C25469T,T26767C	22029-22034			M:I82T,ORF3a:S26L,S:T19R,S:T95I,S:G142D,S:R158G,S:L452R,S:T478K,S:D614G,S:P681R,S:P809S,S:D950N,S:D1118Y	S:E156-,S:F157-				C23987T,G24914T	0	0	2	2		NODE_0000627	C21846T,C23987T,G24914T		S:T95I,S:P809S,S:D1118Y		NODE_0000676	C23987T,G24914T		S:P809S,S:D1118Y		N/A	N/A	N/A	N/A	N/A	N/A	N/A	N/A	N/A	N/A	ORF1b:2404		3000	0	good	0	10	0	good	0	24	-6	0	good	2		0	good	0		0		0	0	good		0	0	good	0		ORF1a,ORF6,ORF7a,ORF7b,ORF8,N,ORF9b	"When processing gene ""ORF1a"": The extracted gene sequence is empty or consists entirely from gaps;When processing gene ""ORF6"": The extracted gene sequence is empty or consists entirely from gaps;When processing gene ""ORF7a"": The extracted gene sequence is empty or consists entirely from gaps;When processing gene ""ORF7b"": The extracted gene sequence is empty or consists entirely from gaps;When processing gene ""ORF8"": The extracted gene sequence is empty or consists entirely from gaps;When processing gene ""N"": The extracted gene sequence is empty or consists entirely from gaps;When processing gene ""ORF9b"": The extracted gene sequence is empty or consists entirely from gaps"	
166	159_sub0	21J	21J (Delta)	Delta	21J	B.1.617.2.4	AY.4	56.250000	mediocre	12	7	0	1	0	0	12	3	0	204	18401	20678	26839	0.206066280975153	E:1,M:0.47085201793721976,ORF1b:0.1083086053412463,ORF3a:1,S:0.8406593406593407	false	C21618G,C21846T,G21987A,T22917G,C22995A,A23403G,C23604G,C23987T,G24410A,G24914T,C25469T,T26767C	22029-22034,24774		S:1072-1274	M:I82T,ORF3a:S26L,S:T19R,S:T95I,S:G142D,S:R158G,S:L452R,S:T478K,S:D614G,S:P681R,S:P809S,S:D950N	S:E156-,S:F157-,S:Q1071-				C23987T,G24914T	0	0	2	2		NODE_0000627	C21846T,C23987T,G24914T	24774	S:T95I,S:P809S	S:Q1071-	NODE_0000676	C23987T,G24914T	24774	S:P809S	S:Q1071-	N/A	N/A	N/A	N/A	N/A	N/A	N/A	N/A	N/A	N/A	ORF1b:2404,S:1072-1274		3000	0	good	0	10	0	good	0	24	-5	0	good	3		0	good	0	S:1072-1274	1		0	75	mediocre		0	0	good	0		ORF1a,ORF6,ORF7a,ORF7b,ORF8,N,ORF9b	"When processing gene ""ORF1a"": The extracted gene sequence is empty or consists entirely from gaps;When processing gene ""ORF6"": The extracted gene sequence is empty or consists entirely from gaps;When processing gene ""ORF7a"": The extracted gene sequence is empty or consists entirely from gaps;When processing gene ""ORF7b"": The extracted gene sequence is empty or consists entirely from gaps;When processing gene ""ORF8"": The extracted gene sequence is empty or consists entirely from gaps;When processing gene ""N"": The extracted gene sequence is empty or consists entirely from gaps;When processing gene ""ORF9b"": The extracted gene sequence is empty or consists entirely from gaps"	
164	1083_sub0	21J	21J (Delta)	Delta	21J	B.1.617.2.4	AY.4	56.250000	mediocre	15	5	1	1	0	0	6	2	0	1117	18397	20678	26839	0.206066280975153	E:1,M:0.47085201793721976,ORF1b:0.1083086053412463,ORF3a:1,S:0.12401883830455258	false	C21618G,T21773C,C21846T,G21987A,T22885C,T22917G,C22995A,A23403G,C23413T,C23604G,C23987T,G24410A,G24914T,C25469T,T26767C	22031-22035	24142:T	S:159-1274	M:I82T,ORF3a:S26L,S:T19R,S:S71P,S:T95I,S:G142D	S:F157-,S:R158-				T21773C,T22885C,C23413T,C23987T,G24914T	0	0	5	5		NODE_0000627	T21773C,C21846T,T22885C,C23413T,C23987T,G24914T	22035	S:S71P,S:T95I,S:-156E	S:G158-	NODE_0000676	T21773C,T22885C,C23413T,C23987T,G24914T	22035	S:S71P,S:-156E	S:G158-	N/A	N/A	N/A	N/A	N/A	N/A	N/A	N/A	N/A	N/A	ORF1b:2404,S:159-1274		3000	0	good	0	10	0	good	0	24	-2	0	good	6		0	good	0	S:159-1274	1		0	75	mediocre		0	0	good	0		ORF1a,ORF6,ORF7a,ORF7b,ORF8,N,ORF9b	"When processing gene ""ORF1a"": The extracted gene sequence is empty or consists entirely from gaps;When processing gene ""ORF6"": The extracted gene sequence is empty or consists entirely from gaps;When processing gene ""ORF7a"": The extracted gene sequence is empty or consists entirely from gaps;When processing gene ""ORF7b"": The extracted gene sequence is empty or consists entirely from gaps;When processing gene ""ORF8"": The extracted gene sequence is empty or consists entirely from gaps;When processing gene ""N"": The extracted gene sequence is empty or consists entirely from gaps;When processing gene ""ORF9b"": The extracted gene sequence is empty or consists entirely from gaps"	
168	1701_sub0	21J	21J (Delta)	Delta	21J	B.1.617.2.4	AY.4	225	bad	15	4	2	2	0	0	13	3	0	77	18393	20678	26839	0.206066280975153	E:1,M:0.47085201793721976,ORF1b:0.10274480712166172,ORF3a:1,S:0.9521193092621664	false	C21618G,C21846T,G21987A,A22029T,G22030T,T22917G,C22995A,A23403G,C23604G,C23987T,G24410A,G24914T,A25369T,C25469T,T26767C	22031-22034	21510:A,22219:T	ORF1b:2682-2696,S:159-219	M:I82T,ORF3a:S26L,S:T19R,S:T95I,S:G142D,S:L452R,S:T478K,S:D614G,S:P681R,S:P809S,S:D950N,S:D1118Y,S:K1269N	S:E156-,S:F157-,S:R158-				-22029T,-22030T,C23987T,G24914T,A25369T	0	0	5	5		NODE_0000627	C21846T,-22029T,-22030T,C23987T,G24914T,A25369T		S:T95I,S:P809S,S:D1118Y,S:K1269N	S:G158-	NODE_0000676	-22029T,-22030T,C23987T,G24914T,A25369T		S:P809S,S:D1118Y,S:K1269N	S:G158-	N/A	N/A	N/A	N/A	N/A	N/A	N/A	N/A	N/A	N/A	ORF1b:2404,ORF1b:2682-2696,S:159-219		3000	0	good	0	10	0	good	0	24	-3	0	good	5		0	good	0	ORF1b:2682-2696,S:159-219	2		0	150	bad		0	0	good	0		ORF1a,ORF6,ORF7a,ORF7b,ORF8,N,ORF9b	"When processing gene ""ORF1a"": The extracted gene sequence is empty or consists entirely from gaps;When processing gene ""ORF6"": The extracted gene sequence is empty or consists entirely from gaps;When processing gene ""ORF7a"": The extracted gene sequence is empty or consists entirely from gaps;When processing gene ""ORF7b"": The extracted gene sequence is empty or consists entirely from gaps;When processing gene ""ORF8"": The extracted gene sequence is empty or consists entirely from gaps;When processing gene ""N"": The extracted gene sequence is empty or consists entirely from gaps;When processing gene ""ORF9b"": The extracted gene sequence is empty or consists entirely from gaps"	
169	1709_sub0	21J	21J (Delta)	Delta	21J	B.1.617.2.4	AY.4	56.250000	mediocre	14	7	0	1	0	0	15	3	0	6	18394	20678	26839	0.206066280975153	E:1,M:0.47085201793721976,ORF1b:0.1083086053412463,ORF3a:1,S:0.9960753532182104	false	G21101T,C21618G,C21846T,G21987A,T22917G,C22995A,A23403G,C23604G,C23987T,G24410A,G24834A,G24914T,C25469T,T26767C	22029-22034,25367		S:1270-1274	M:I82T,ORF1b:G2545V,ORF3a:S26L,S:T19R,S:T95I,S:G142D,S:R158G,S:L452R,S:T478K,S:D614G,S:P681R,S:P809S,S:D950N,S:R1091H,S:D1118Y	S:E156-,S:F157-,S:K1269-				G21101T,C23987T,G24834A,G24914T	0	0	4	4		NODE_0000627	G21101T,C21846T,C23987T,G24834A,G24914T	25367	ORF1b:G2545V,S:T95I,S:P809S,S:R1091H,S:D1118Y	S:K1269-	NODE_0000676	G21101T,C23987T,G24834A,G24914T	25367	ORF1b:G2545V,S:P809S,S:R1091H,S:D1118Y	S:K1269-	N/A	N/A	N/A	N/A	N/A	N/A	N/A	N/A	N/A	N/A	ORF1b:2404,S:1270-1274		3000	0	good	0	10	0	good	0	24	-3	0	good	5		0	good	0	S:1270-1274	1		0	75	mediocre		0	0	good	0		ORF1a,ORF6,ORF7a,ORF7b,ORF8,N,ORF9b	"When processing gene ""ORF1a"": The extracted gene sequence is empty or consists entirely from gaps;When processing gene ""ORF6"": The extracted gene sequence is empty or consists entirely from gaps;When processing gene ""ORF7a"": The extracted gene sequence is empty or consists entirely from gaps;When processing gene ""ORF7b"": The extracted gene sequence is empty or consists entirely from gaps;When processing gene ""ORF8"": The extracted gene sequence is empty or consists entirely from gaps;When processing gene ""N"": The extracted gene sequence is empty or consists entirely from gaps;When processing gene ""ORF9b"": The extracted gene sequence is empty or consists entirely from gaps"	
158	4940_sub0	21J	21J (Delta)	Delta	21J	B.1.617.2.4	AY.4	56.250000	mediocre	12	6	1	1	0	0	13	2	0	22	18405	20678	26839	0.206066280975153	E:0.7236842105263158,M:0.47085201793721976,ORF1b:0.1083086053412463,ORF3a:1,S:1	false	C21618G,C21846T,G21987A,T22917G,C22995A,A23403G,C23604G,C23987T,G24410A,G24914T,C25469T,T26767C	22029-22034	26409:T	E:56-76	M:I82T,ORF3a:S26L,S:T19R,S:T95I,S:G142D,S:R158G,S:L452R,S:T478K,S:D614G,S:P681R,S:P809S,S:D950N,S:D1118Y	S:E156-,S:F157-				C23987T,G24914T	0	0	2	2		NODE_0000627	C21846T,C23987T,G24914T		S:T95I,S:P809S,S:D1118Y		NODE_0000676	C23987T,G24914T		S:P809S,S:D1118Y		N/A	N/A	N/A	N/A	N/A	N/A	N/A	N/A	N/A	N/A	ORF1b:2404,E:56-76		3000	0	good	0	10	0	good	0	24	-6	0	good	2		0	good	0	E:56-76	1		0	75	mediocre		0	0	good	0		ORF1a,ORF6,ORF7a,ORF7b,ORF8,N,ORF9b	"When processing gene ""ORF1a"": The extracted gene sequence is empty or consists entirely from gaps;When processing gene ""ORF6"": The extracted gene sequence is empty or consists entirely from gaps;When processing gene ""ORF7a"": The extracted gene sequence is empty or consists entirely from gaps;When processing gene ""ORF7b"": The extracted gene sequence is empty or consists entirely from gaps;When processing gene ""ORF8"": The extracted gene sequence is empty or consists entirely from gaps;When processing gene ""N"": The extracted gene sequence is empty or consists entirely from gaps;When processing gene ""ORF9b"": The extracted gene sequence is empty or consists entirely from gaps"	
185	1995_sub0	21J	21J (Delta)	Delta	21J	B.1.617.2.4	AY.4	56.250000	mediocre	12	5	0	1	0	0	5	2	0	1118	18407	20678	26839	0.206066280975153	E:1,M:0.47085201793721976,ORF1b:0.1083086053412463,ORF3a:1,S:0.12323390894819466	false	C21618G,C21846T,G21987A,T22917G,C22995A,A23403G,C23604G,C23987T,G24410A,G24914T,C25469T,T26767C	22030-22033,22141		S:158-1274	M:I82T,ORF3a:S26L,S:T19R,S:T95I,S:G142D	S:E156-,S:F157-				C23987T,G24914T	0	0	2	2		NODE_0000627	C21846T,C23987T,G24914T	22141	S:T95I		NODE_0000676	C23987T,G24914T	22141			N/A	N/A	N/A	N/A	N/A	N/A	N/A	N/A	N/A	N/A	ORF1b:2404,S:158-1274		3000	0	good	0	10	0	good	0	24	-5	0	good	3		0	good	0	S:158-1274	1		0	75	mediocre		0	0	good	0		ORF1a,ORF6,ORF7a,ORF7b,ORF8,N,ORF9b	"When processing gene ""ORF1a"": The extracted gene sequence is empty or consists entirely from gaps;When processing gene ""ORF6"": The extracted gene sequence is empty or consists entirely from gaps;When processing gene ""ORF7a"": The extracted gene sequence is empty or consists entirely from gaps;When processing gene ""ORF7b"": The extracted gene sequence is empty or consists entirely from gaps;When processing gene ""ORF8"": The extracted gene sequence is empty or consists entirely from gaps;When processing gene ""N"": The extracted gene sequence is empty or consists entirely from gaps;When processing gene ""ORF9b"": The extracted gene sequence is empty or consists entirely from gaps"	
171	1758_sub0	21J	21J (Delta)	Delta	21J	B.1.617.2.4	AY.4	0	good	12	6	0	0	0	0	13	2	0	1	18412	20678	26839	0.206066280975153	E:1,M:0.47085201793721976,ORF1b:0.1083086053412463,ORF3a:1,S:1	false	C21618G,C21846T,G21987A,T22917G,C22995A,A23403G,C23604G,C23987T,G24410A,G24914T,C25469T,T26767C	22029-22034			M:I82T,ORF3a:S26L,S:T19R,S:T95I,S:G142D,S:R158G,S:L452R,S:T478K,S:D614G,S:P681R,S:P809S,S:D950N,S:D1118Y	S:E156-,S:F157-				C23987T,G24914T	0	0	2	2		NODE_0000627	C21846T,C23987T,G24914T		S:T95I,S:P809S,S:D1118Y		NODE_0000676	C23987T,G24914T		S:P809S,S:D1118Y		N/A	N/A	N/A	N/A	N/A	N/A	N/A	N/A	N/A	N/A	ORF1b:2404		3000	0	good	0	10	0	good	0	24	-6	0	good	2		0	good	0		0		0	0	good		0	0	good	0		ORF1a,ORF6,ORF7a,ORF7b,ORF8,N,ORF9b	"When processing gene ""ORF1a"": The extracted gene sequence is empty or consists entirely from gaps;When processing gene ""ORF6"": The extracted gene sequence is empty or consists entirely from gaps;When processing gene ""ORF7a"": The extracted gene sequence is empty or consists entirely from gaps;When processing gene ""ORF7b"": The extracted gene sequence is empty or consists entirely from gaps;When processing gene ""ORF8"": The extracted gene sequence is empty or consists entirely from gaps;When processing gene ""N"": The extracted gene sequence is empty or consists entirely from gaps;When processing gene ""ORF9b"": The extracted gene sequence is empty or consists entirely from gaps"	
172	1090_sub0	21J	21J (Delta)	Delta	21J	B.1.617.2.4	AY.4	56.250000	mediocre	14	4	1	1	0	0	13	2	0	272	18403	20678	26839	0.206066280975153	E:1,M:0.47085201793721976,ORF1b:0.1083086053412463,ORF3a:1,S:0.7872841444270016	false	T20907G,C21618G,C21846T,G21987A,T22917G,C22995A,A23403G,C23604G,C23987T,G24410A,G24737A,G24914T,C25469T,T26767C	22030-22033	22846:T	S:158-428	M:I82T,ORF3a:S26L,S:T19R,S:T95I,S:G142D,S:L452R,S:T478K,S:D614G,S:P681R,S:P809S,S:D950N,S:G1059S,S:D1118Y	S:E156-,S:F157-				T20907G,C23987T,G24737A,G24914T	0	0	4	4		NODE_0000627	T20907G,C21846T,C23987T,G24737A,G24914T		S:T95I,S:P809S,S:G1059S,S:D1118Y		NODE_0000676	T20907G,C23987T,G24737A,G24914T		S:P809S,S:G1059S,S:D1118Y		N/A	N/A	N/A	N/A	N/A	N/A	N/A	N/A	N/A	N/A	ORF1b:2404,S:158-428		3000	0	good	0	10	0	good	0	24	-4	0	good	4		0	good	0	S:158-428	1		0	75	mediocre		0	0	good	0		ORF1a,ORF6,ORF7a,ORF7b,ORF8,N,ORF9b	"When processing gene ""ORF1a"": The extracted gene sequence is empty or consists entirely from gaps;When processing gene ""ORF6"": The extracted gene sequence is empty or consists entirely from gaps;When processing gene ""ORF7a"": The extracted gene sequence is empty or consists entirely from gaps;When processing gene ""ORF7b"": The extracted gene sequence is empty or consists entirely from gaps;When processing gene ""ORF8"": The extracted gene sequence is empty or consists entirely from gaps;When processing gene ""N"": The extracted gene sequence is empty or consists entirely from gaps;When processing gene ""ORF9b"": The extracted gene sequence is empty or consists entirely from gaps"	
177	4386_sub0	21J	21J (Delta)	Delta	21J	B.1.617.2.4	AY.4	0	good	12	6	0	0	0	0	13	2	0	1	18412	20678	26839	0.206066280975153	E:1,M:0.47085201793721976,ORF1b:0.1083086053412463,ORF3a:1,S:1	false	C21618G,C21846T,G21987A,T22917G,C22995A,A23403G,C23604G,C23987T,G24410A,G24914T,C25469T,T26767C	22029-22034			M:I82T,ORF3a:S26L,S:T19R,S:T95I,S:G142D,S:R158G,S:L452R,S:T478K,S:D614G,S:P681R,S:P809S,S:D950N,S:D1118Y	S:E156-,S:F157-				C23987T,G24914T	0	0	2	2		NODE_0000627	C21846T,C23987T,G24914T		S:T95I,S:P809S,S:D1118Y		NODE_0000676	C23987T,G24914T		S:P809S,S:D1118Y		N/A	N/A	N/A	N/A	N/A	N/A	N/A	N/A	N/A	N/A	ORF1b:2404		3000	0	good	0	10	0	good	0	24	-6	0	good	2		0	good	0		0		0	0	good		0	0	good	0		ORF1a,ORF6,ORF7a,ORF7b,ORF8,N,ORF9b	"When processing gene ""ORF1a"": The extracted gene sequence is empty or consists entirely from gaps;When processing gene ""ORF6"": The extracted gene sequence is empty or consists entirely from gaps;When processing gene ""ORF7a"": The extracted gene sequence is empty or consists entirely from gaps;When processing gene ""ORF7b"": The extracted gene sequence is empty or consists entirely from gaps;When processing gene ""ORF8"": The extracted gene sequence is empty or consists entirely from gaps;When processing gene ""N"": The extracted gene sequence is empty or consists entirely from gaps;When processing gene ""ORF9b"": The extracted gene sequence is empty or consists entirely from gaps"	
173	1309_sub0	21J	21J (Delta)	Delta	21J	B.1.617.2.4	AY.4	56.250000	mediocre	15	4	0	1	0	0	7	2	0	1118	18406	20678	26839	0.206066280975153	E:1,M:0.47085201793721976,ORF1b:0.1083086053412463,ORF3a:1,S:0.12323390894819466	false	C21618G,C21846T,G21987A,C22033T,T22917G,C22995A,A23403G,C23604G,C23987T,G24410A,G24914T,C25469T,G25907A,T26767C,G26784C	22029-22032		S:158-1274	M:I82T,M:V88L,ORF3a:S26L,ORF3a:G172D,S:T19R,S:T95I,S:G142D	S:E156-,S:F157-				-22033T,C23987T,G24914T,G25907A,G26784C	0	0	5	5		NODE_0000627	C21846T,-22033T,C23987T,G24914T,G25907A,G26784C		M:V88L,ORF3a:G172D,S:T95I		NODE_0000676	-22033T,C23987T,G24914T,G25907A,G26784C		M:V88L,ORF3a:G172D		N/A	N/A	N/A	N/A	N/A	N/A	N/A	N/A	N/A	N/A	ORF1b:2404,S:158-1274		3000	0	good	0	10	0	good	0	24	-3	0	good	5		0	good	0	S:158-1274	1		0	75	mediocre		0	0	good	0		ORF1a,ORF6,ORF7a,ORF7b,ORF8,N,ORF9b	"When processing gene ""ORF1a"": The extracted gene sequence is empty or consists entirely from gaps;When processing gene ""ORF6"": The extracted gene sequence is empty or consists entirely from gaps;When processing gene ""ORF7a"": The extracted gene sequence is empty or consists entirely from gaps;When processing gene ""ORF7b"": The extracted gene sequence is empty or consists entirely from gaps;When processing gene ""ORF8"": The extracted gene sequence is empty or consists entirely from gaps;When processing gene ""N"": The extracted gene sequence is empty or consists entirely from gaps;When processing gene ""ORF9b"": The extracted gene sequence is empty or consists entirely from gaps"	
174	327_sub0	21J	21J (Delta)	Delta	21J	B.1.617.2.4	AY.4	0	good	14	6	0	0	0	0	15	2	0	1	18404	20678	26839	0.206066280975153	E:1,M:0.47085201793721976,ORF1b:0.1083086053412463,ORF3a:1,S:1	false	T20699C,T21262C,C21618G,C21846T,G21987A,T22917G,C22995A,A23403G,C23604G,C23987T,G24410A,G24914T,C25469T,T26767C	22029-22034			M:I82T,ORF1b:L2411P,ORF1b:S2599P,ORF3a:S26L,S:T19R,S:T95I,S:G142D,S:R158G,S:L452R,S:T478K,S:D614G,S:P681R,S:P809S,S:D950N,S:D1118Y	S:E156-,S:F157-				T20699C,T21262C,C23987T,G24914T	0	0	4	4		NODE_0000627	T20699C,T21262C,C21846T,C23987T,G24914T		ORF1b:L2411P,ORF1b:S2599P,S:T95I,S:P809S,S:D1118Y		NODE_0000676	T20699C,T21262C,C23987T,G24914T		ORF1b:L2411P,ORF1b:S2599P,S:P809S,S:D1118Y		N/A	N/A	N/A	N/A	N/A	N/A	N/A	N/A	N/A	N/A	ORF1b:2404		3000	0	good	0	10	0	good	0	24	-4	0	good	4		0	good	0		0		0	0	good		0	0	good	0		ORF1a,ORF6,ORF7a,ORF7b,ORF8,N,ORF9b	"When processing gene ""ORF1a"": The extracted gene sequence is empty or consists entirely from gaps;When processing gene ""ORF6"": The extracted gene sequence is empty or consists entirely from gaps;When processing gene ""ORF7a"": The extracted gene sequence is empty or consists entirely from gaps;When processing gene ""ORF7b"": The extracted gene sequence is empty or consists entirely from gaps;When processing gene ""ORF8"": The extracted gene sequence is empty or consists entirely from gaps;When processing gene ""N"": The extracted gene sequence is empty or consists entirely from gaps;When processing gene ""ORF9b"": The extracted gene sequence is empty or consists entirely from gaps"	
176	1366_sub0	21J	21J (Delta)	Delta	21J	B.1.617.2.4	AY.4	56.423611	mediocre	13	8	0	1	0	0	13	3	0	237	18388	20678	26839	0.206066280975153	E:1,M:0.47085201793721976,ORF1b:0.1083086053412463,ORF3a:1,S:0.814756671899529	false	C21618G,C21846T,G21987A,T22917G,C22995A,A23403G,C23604A,G23607A,C23987T,G24410A,G24914T,C25469T,T26767C	22029-22034,24674,25376		S:1039-1274	M:I82T,ORF3a:S26L,S:T19R,S:T95I,S:G142D,S:R158G,S:L452R,S:T478K,S:D614G,S:P681H,S:R682Q,S:P809S,S:D950N	S:E156-,S:F157-,S:K1038-			G23604A|21K&21L&22B&20I&22E&23A&22C&22A&23F&23D&23B&22D&22F&23C&rec&23E&23H&21H&23G&21M&21E	G23607A,C23987T,G24914T	0	1	3	4		NODE_0000627	C21846T,G23604A,G23607A,C23987T,G24914T	24674,25376	S:T95I,S:R681H,S:R682Q,S:P809S	S:K1038-	NODE_0000676	G23604A,G23607A,C23987T,G24914T	24674,25376	S:R681H,S:R682Q,S:P809S	S:K1038-	N/A	N/A	N/A	N/A	N/A	N/A	N/A	N/A	N/A	N/A	ORF1b:2404,S:1039-1274		3000	0	good	0	10	0	good	0	24	1	4.166667	good	9		0	good	0	S:1039-1274	1		0	75	mediocre		0	0	good	0		ORF1a,ORF6,ORF7a,ORF7b,ORF8,N,ORF9b	"When processing gene ""ORF1a"": The extracted gene sequence is empty or consists entirely from gaps;When processing gene ""ORF6"": The extracted gene sequence is empty or consists entirely from gaps;When processing gene ""ORF7a"": The extracted gene sequence is empty or consists entirely from gaps;When processing gene ""ORF7b"": The extracted gene sequence is empty or consists entirely from gaps;When processing gene ""ORF8"": The extracted gene sequence is empty or consists entirely from gaps;When processing gene ""N"": The extracted gene sequence is empty or consists entirely from gaps;When processing gene ""ORF9b"": The extracted gene sequence is empty or consists entirely from gaps"	
175	390_sub0	21J	21J (Delta)	Delta	21J	B.1.617.2.4	AY.4	56.250000	mediocre	14	5	0	1	0	0	5	3	0	1117	18408	20678	26839	0.206066280975153	E:1,M:0.47085201793721976,ORF1b:0.1083086053412463,ORF3a:1,S:0.12401883830455258	false	C21618G,C21846T,G21987A,A22029G,T22917G,C22995A,A23403G,C23604G,C23987T,T24052C,G24410A,G24914T,C25469T,T26767C	22031-22035		S:159-1274	M:I82T,ORF3a:S26L,S:T19R,S:T95I,S:G142D	S:E156-,S:F157-,S:R158-				-22029G,C23987T,T24052C,G24914T	0	0	4	4		NODE_0000627	C21846T,-22029G,C23987T,T24052C,G24914T	22035	S:T95I	S:G158-	NODE_0000676	-22029G,C23987T,T24052C,G24914T	22035		S:G158-	N/A	N/A	N/A	N/A	N/A	N/A	N/A	N/A	N/A	N/A	ORF1b:2404,S:159-1274		3000	0	good	0	10	0	good	0	24	-3	0	good	5		0	good	0	S:159-1274	1		0	75	mediocre		0	0	good	0		ORF1a,ORF6,ORF7a,ORF7b,ORF8,N,ORF9b	"When processing gene ""ORF1a"": The extracted gene sequence is empty or consists entirely from gaps;When processing gene ""ORF6"": The extracted gene sequence is empty or consists entirely from gaps;When processing gene ""ORF7a"": The extracted gene sequence is empty or consists entirely from gaps;When processing gene ""ORF7b"": The extracted gene sequence is empty or consists entirely from gaps;When processing gene ""ORF8"": The extracted gene sequence is empty or consists entirely from gaps;When processing gene ""N"": The extracted gene sequence is empty or consists entirely from gaps;When processing gene ""ORF9b"": The extracted gene sequence is empty or consists entirely from gaps"	
183	234_sub0	21J	21J (Delta)	Delta	21J	B.1.617.2.4	AY.4	0	good	12	6	0	0	0	0	13	2	0	1	18412	20678	26839	0.206066280975153	E:1,M:0.47085201793721976,ORF1b:0.1083086053412463,ORF3a:1,S:1	false	C21618G,C21846T,G21987A,T22917G,C22995A,A23403G,C23604G,C23987T,G24410A,G24914T,C25469T,T26767C	22029-22034			M:I82T,ORF3a:S26L,S:T19R,S:T95I,S:G142D,S:R158G,S:L452R,S:T478K,S:D614G,S:P681R,S:P809S,S:D950N,S:D1118Y	S:E156-,S:F157-				C23987T,G24914T	0	0	2	2		NODE_0000627	C21846T,C23987T,G24914T		S:T95I,S:P809S,S:D1118Y		NODE_0000676	C23987T,G24914T		S:P809S,S:D1118Y		N/A	N/A	N/A	N/A	N/A	N/A	N/A	N/A	N/A	N/A	ORF1b:2404		3000	0	good	0	10	0	good	0	24	-6	0	good	2		0	good	0		0		0	0	good		0	0	good	0		ORF1a,ORF6,ORF7a,ORF7b,ORF8,N,ORF9b	"When processing gene ""ORF1a"": The extracted gene sequence is empty or consists entirely from gaps;When processing gene ""ORF6"": The extracted gene sequence is empty or consists entirely from gaps;When processing gene ""ORF7a"": The extracted gene sequence is empty or consists entirely from gaps;When processing gene ""ORF7b"": The extracted gene sequence is empty or consists entirely from gaps;When processing gene ""ORF8"": The extracted gene sequence is empty or consists entirely from gaps;When processing gene ""N"": The extracted gene sequence is empty or consists entirely from gaps;When processing gene ""ORF9b"": The extracted gene sequence is empty or consists entirely from gaps"	
179	1656_sub0	21J	21J (Delta)	Delta	21J	B.1.617.2.4	AY.4	56.250000	mediocre	13	4	0	1	0	0	13	2	0	6	18408	20678	26839	0.206066280975153	E:1,M:0.47085201793721976,ORF1b:0.1083086053412463,ORF3a:1,S:0.9960753532182104	false	C21618G,C21846T,G21987A,G22030T,T22917G,C22995A,A23403G,C23604G,C23987T,G24410A,G24914T,C25469T,T26767C	22031-22033,25367		S:1270-1274	M:I82T,ORF3a:S26L,S:T19R,S:T95I,S:G142D,S:F157D,S:L452R,S:T478K,S:D614G,S:P681R,S:P809S,S:D950N,S:D1118Y	S:E156-,S:K1269-				-22030T,C23987T,G24914T	0	0	3	3		NODE_0000627	C21846T,-22030T,C23987T,G24914T	25367	S:T95I,S:-157D,S:G158R,S:P809S,S:D1118Y	S:K1269-	NODE_0000676	-22030T,C23987T,G24914T	25367	S:-157D,S:G158R,S:P809S,S:D1118Y	S:K1269-	N/A	N/A	N/A	N/A	N/A	N/A	N/A	N/A	N/A	N/A	ORF1b:2404,S:1270-1274		3000	0	good	0	10	0	good	0	24	-4	0	good	4		0	good	0	S:1270-1274	1		0	75	mediocre		0	0	good	0		ORF1a,ORF6,ORF7a,ORF7b,ORF8,N,ORF9b	"When processing gene ""ORF1a"": The extracted gene sequence is empty or consists entirely from gaps;When processing gene ""ORF6"": The extracted gene sequence is empty or consists entirely from gaps;When processing gene ""ORF7a"": The extracted gene sequence is empty or consists entirely from gaps;When processing gene ""ORF7b"": The extracted gene sequence is empty or consists entirely from gaps;When processing gene ""ORF8"": The extracted gene sequence is empty or consists entirely from gaps;When processing gene ""N"": The extracted gene sequence is empty or consists entirely from gaps;When processing gene ""ORF9b"": The extracted gene sequence is empty or consists entirely from gaps"	
180	1682_sub0	21J	21J (Delta)	Delta	21J	B.1.617.2.4	AY.4	506.944444	bad	14	5	1	3	0	0	11	3	0	559	18377	20678	26839	0.206066280975153	E:1,M:0.47085201793721976,ORF1b:0.05229970326409496,ORF3a:1,S:0.6805337519623234	false	C21618G,C21846T,G21987A,C22033A,T22917G,C22995A,A23403G,C23604G,C23987T,G24410A,G24914T,C25156G,C25469T,T26767C	22030-22031,22644,24774,24818	21102:T	ORF1b:2546-2696,S:158-361,S:1072-1274	M:I82T,ORF3a:S26L,S:T19R,S:T95I,S:G142D,S:L452R,S:T478K,S:D614G,S:P681R,S:P809S,S:D950N	S:E156-,S:F157-,S:Q1071-			-22033A|24A&24E&22D&23C&24C&23F&24F&24B&rec&23I&24G&25A&24H&24D&24I&25B&25C	C23987T,G24914T,C25156G	0	1	3	4		NODE_0000627	C21846T,-22033A,C23987T,G24914T,C25156G	22644,24774,24818	S:T95I,S:P809S	S:Q1071-	NODE_0000676	-22033A,C23987T,G24914T,C25156G	22644,24774,24818	S:P809S	S:Q1071-	N/A	N/A	N/A	N/A	N/A	N/A	N/A	N/A	N/A	N/A	ORF1b:2404,ORF1b:2546-2696,S:158-361,S:1072-1274		3000	0	good	0	10	0	good	0	24	2	8.333333	good	10		0	good	0	ORF1b:2546-2696,S:158-361,S:1072-1274	3		0	225	bad		0	0	good	0		ORF1a,ORF6,ORF7a,ORF7b,ORF8,N,ORF9b	"When processing gene ""ORF1a"": The extracted gene sequence is empty or consists entirely from gaps;When processing gene ""ORF6"": The extracted gene sequence is empty or consists entirely from gaps;When processing gene ""ORF7a"": The extracted gene sequence is empty or consists entirely from gaps;When processing gene ""ORF7b"": The extracted gene sequence is empty or consists entirely from gaps;When processing gene ""ORF8"": The extracted gene sequence is empty or consists entirely from gaps;When processing gene ""N"": The extracted gene sequence is empty or consists entirely from gaps;When processing gene ""ORF9b"": The extracted gene sequence is empty or consists entirely from gaps"	
181	1000_sub0	21J	21J (Delta)	Delta	21J	B.1.617.2.4	AY.4	226.562500	bad	17	3	0	2	0	0	5	3	0	1399	18394	20678	26839	0.206066280975153	E:1,M:0.47085201793721976,ORF1b:0.004451038575667656,ORF3a:1,S:0.12244897959183673	false	A20712T,C21335T,C21618G,C21846T,G21987A,T22032A,C22033A,T22917G,C22995A,A23403G,C23604G,C23987T,C24183T,G24410A,G24914T,C25469T,T26767C	20713-20714,22030		ORF1b:2417-2696,S:157-1274	M:I82T,ORF3a:S26L,S:T19R,S:T95I,S:G142D	ORF1b:Q2415-,ORF1b:R2416-,S:E156-			-22033A|24A&24E&22D&23C&24C&23F&24F&24B&rec&23I&24G&25A&24H&24D&24I&25B&25C	A20712T,C21335T,-22032A,C23987T,C24183T,G24914T	0	1	6	7		NODE_0000627	A20712T,C21335T,C21846T,-22032A,-22033A,C23987T,C24183T,G24914T	20713-20714	S:T95I	ORF1b:Q2415-,ORF1b:R2416-	NODE_0000676	A20712T,C21335T,-22032A,-22033A,C23987T,C24183T,G24914T	20713-20714		ORF1b:Q2415-,ORF1b:R2416-	N/A	N/A	N/A	N/A	N/A	N/A	N/A	N/A	N/A	N/A	ORF1b:2404,ORF1b:2417-2696,S:157-1274		3000	0	good	0	10	0	good	0	24	3	12.500000	good	11		0	good	0	ORF1b:2417-2696,S:157-1274	2		0	150	bad		0	0	good	0		ORF1a,ORF6,ORF7a,ORF7b,ORF8,N,ORF9b	"When processing gene ""ORF1a"": The extracted gene sequence is empty or consists entirely from gaps;When processing gene ""ORF6"": The extracted gene sequence is empty or consists entirely from gaps;When processing gene ""ORF7a"": The extracted gene sequence is empty or consists entirely from gaps;When processing gene ""ORF7b"": The extracted gene sequence is empty or consists entirely from gaps;When processing gene ""ORF8"": The extracted gene sequence is empty or consists entirely from gaps;When processing gene ""N"": The extracted gene sequence is empty or consists entirely from gaps;When processing gene ""ORF9b"": The extracted gene sequence is empty or consists entirely from gaps"	
182	37_sub0	21J	21J (Delta)	Delta	21J	B.1.617.2.4	AY.4	0	good	13	6	0	0	0	0	14	2	0	1	18408	20678	26839	0.206066280975153	E:1,M:0.47085201793721976,ORF1b:0.1083086053412463,ORF3a:1,S:1	false	C21618G,C21846T,G21987A,T22917G,C22995A,C23099T,A23403G,C23604G,C23987T,G24410A,G24914T,C25469T,T26767C	22029-22034			M:I82T,ORF3a:S26L,S:T19R,S:T95I,S:G142D,S:R158G,S:L452R,S:T478K,S:L513F,S:D614G,S:P681R,S:P809S,S:D950N,S:D1118Y	S:E156-,S:F157-				C23099T,C23987T,G24914T	0	0	3	3		NODE_0000627	C21846T,C23099T,C23987T,G24914T		S:T95I,S:L513F,S:P809S,S:D1118Y		NODE_0000676	C23099T,C23987T,G24914T		S:L513F,S:P809S,S:D1118Y		N/A	N/A	N/A	N/A	N/A	N/A	N/A	N/A	N/A	N/A	ORF1b:2404		3000	0	good	0	10	0	good	0	24	-5	0	good	3		0	good	0		0		0	0	good		0	0	good	0		ORF1a,ORF6,ORF7a,ORF7b,ORF8,N,ORF9b	"When processing gene ""ORF1a"": The extracted gene sequence is empty or consists entirely from gaps;When processing gene ""ORF6"": The extracted gene sequence is empty or consists entirely from gaps;When processing gene ""ORF7a"": The extracted gene sequence is empty or consists entirely from gaps;When processing gene ""ORF7b"": The extracted gene sequence is empty or consists entirely from gaps;When processing gene ""ORF8"": The extracted gene sequence is empty or consists entirely from gaps;When processing gene ""N"": The extracted gene sequence is empty or consists entirely from gaps;When processing gene ""ORF9b"": The extracted gene sequence is empty or consists entirely from gaps"	
178	338_sub0	21J	21J (Delta)	Delta	21J	B.1.617.2.4	AY.4	56.250000	mediocre	13	7	1	1	0	0	7	3	0	1105	18391	20678	26839	0.206066280975153	E:1,M:0.47085201793721976,ORF1b:0.1083086053412463,ORF3a:1,S:0.13343799058084774	false	C21618G,A21630G,C21846T,G21987A,T22917G,C22995A,A23403G,C23604G,C23987T,G24410A,G24914T,C25469T,T26767C	22029-22034,25376	22063:T	S:168-1271	M:I82T,ORF3a:S26L,S:T19R,S:Q23R,S:T95I,S:G142D,S:R158G	S:E156-,S:F157-,S:Y1272-				A21630G,C23987T,G24914T	0	0	3	3		NODE_0000627	A21630G,C21846T,C23987T,G24914T	25376	S:Q23R,S:T95I	S:Y1272-	NODE_0000676	A21630G,C23987T,G24914T	25376	S:Q23R	S:Y1272-	N/A	N/A	N/A	N/A	N/A	N/A	N/A	N/A	N/A	N/A	ORF1b:2404,S:168-1271		3000	0	good	0	10	0	good	0	24	-4	0	good	4		0	good	0	S:168-1271	1		0	75	mediocre		0	0	good	0		ORF1a,ORF6,ORF7a,ORF7b,ORF8,N,ORF9b	"When processing gene ""ORF1a"": The extracted gene sequence is empty or consists entirely from gaps;When processing gene ""ORF6"": The extracted gene sequence is empty or consists entirely from gaps;When processing gene ""ORF7a"": The extracted gene sequence is empty or consists entirely from gaps;When processing gene ""ORF7b"": The extracted gene sequence is empty or consists entirely from gaps;When processing gene ""ORF8"": The extracted gene sequence is empty or consists entirely from gaps;When processing gene ""N"": The extracted gene sequence is empty or consists entirely from gaps;When processing gene ""ORF9b"": The extracted gene sequence is empty or consists entirely from gaps"	
170	1504_sub0	21J	21J (Delta)	Delta	21J	B.1.617.2.4	AY.4	506.250000	bad	12	8	1	3	0	0	5	3	0	1333	18385	20678	26839	0.206066280975153	E:1,M:0.47085201793721976,ORF1b:0.05229970326409496,ORF3a:0.7644927536231884,S:0.12401883830455258	false	C21618G,C21846T,G21987A,T22917G,C22995A,A23403G,C23604G,C23987T,G24410A,G24914T,C25469T,T26767C	22031-22035,22955-22956,26024	21102:T	ORF1b:2546-2696,S:159-1274,ORF3a:212-276	M:I82T,ORF3a:S26L,S:T19R,S:T95I,S:G142D	ORF3a:Y211-,S:F157-,S:R158-				C23987T,G24914T	0	0	2	2		NODE_0000627	C21846T,C23987T,G24914T	22035,22955-22956,26024	S:T95I,S:-156E	ORF3a:Y211-,S:G158-	NODE_0000676	C23987T,G24914T	22035,22955-22956,26024	S:-156E	ORF3a:Y211-,S:G158-	N/A	N/A	N/A	N/A	N/A	N/A	N/A	N/A	N/A	N/A	ORF1b:2404,ORF1b:2546-2696,S:159-1274,ORF3a:212-276		3000	0	good	0	10	0	good	0	24	-3	0	good	5		0	good	0	ORF1b:2546-2696,S:159-1274,ORF3a:212-276	3		0	225	bad		0	0	good	0		ORF1a,ORF6,ORF7a,ORF7b,ORF8,N,ORF9b	"When processing gene ""ORF1a"": The extracted gene sequence is empty or consists entirely from gaps;When processing gene ""ORF6"": The extracted gene sequence is empty or consists entirely from gaps;When processing gene ""ORF7a"": The extracted gene sequence is empty or consists entirely from gaps;When processing gene ""ORF7b"": The extracted gene sequence is empty or consists entirely from gaps;When processing gene ""ORF8"": The extracted gene sequence is empty or consists entirely from gaps;When processing gene ""N"": The extracted gene sequence is empty or consists entirely from gaps;When processing gene ""ORF9b"": The extracted gene sequence is empty or consists entirely from gaps"	
186	1515_sub0	21J	21J (Delta)	Delta	21J	B.1.617.2.4	AY.4	56.250000	mediocre	14	4	0	1	0	0	5	3	0	1117	18411	20678	26839	0.206066280975153	E:1,M:0.47085201793721976,ORF1b:0.1083086053412463,ORF3a:1,S:0.12401883830455258	false	C21618G,C21846T,G21987A,G22030T,T22917G,C22995A,A23403G,C23604G,C23987T,G24410A,G24914T,T24982C,C25469T,T26767C	22031-22034		S:159-1274	M:I82T,ORF3a:S26L,S:T19R,S:T95I,S:G142D	S:E156-,S:F157-,S:R158-				-22030T,C23987T,G24914T,T24982C	0	0	4	4		NODE_0000627	C21846T,-22030T,C23987T,G24914T,T24982C		S:T95I	S:G158-	NODE_0000676	-22030T,C23987T,G24914T,T24982C			S:G158-	N/A	N/A	N/A	N/A	N/A	N/A	N/A	N/A	N/A	N/A	ORF1b:2404,S:159-1274		3000	0	good	0	10	0	good	0	24	-4	0	good	4		0	good	0	S:159-1274	1		0	75	mediocre		0	0	good	0		ORF1a,ORF6,ORF7a,ORF7b,ORF8,N,ORF9b	"When processing gene ""ORF1a"": The extracted gene sequence is empty or consists entirely from gaps;When processing gene ""ORF6"": The extracted gene sequence is empty or consists entirely from gaps;When processing gene ""ORF7a"": The extracted gene sequence is empty or consists entirely from gaps;When processing gene ""ORF7b"": The extracted gene sequence is empty or consists entirely from gaps;When processing gene ""ORF8"": The extracted gene sequence is empty or consists entirely from gaps;When processing gene ""N"": The extracted gene sequence is empty or consists entirely from gaps;When processing gene ""ORF9b"": The extracted gene sequence is empty or consists entirely from gaps"	
187	1730_sub0	21J	21J (Delta)	Delta	21J	B.1.617.2.4	AY.4	56.250000	mediocre	14	5	0	1	0	0	7	2	0	1117	18408	20678	26839	0.206066280975153	E:1,M:0.47085201793721976,ORF1b:0.1083086053412463,ORF3a:1,S:0.12401883830455258	false	T20699C,T21262C,C21618G,C21846T,G21987A,T22917G,C22995A,A23403G,C23604G,C23987T,G24410A,G24914T,C25469T,T26767C	22031-22035		S:159-1274	M:I82T,ORF1b:L2411P,ORF1b:S2599P,ORF3a:S26L,S:T19R,S:T95I,S:G142D	S:F157-,S:R158-				T20699C,T21262C,C23987T,G24914T	0	0	4	4		NODE_0000627	T20699C,T21262C,C21846T,C23987T,G24914T	22035	ORF1b:L2411P,ORF1b:S2599P,S:T95I,S:-156E	S:G158-	NODE_0000676	T20699C,T21262C,C23987T,G24914T	22035	ORF1b:L2411P,ORF1b:S2599P,S:-156E	S:G158-	N/A	N/A	N/A	N/A	N/A	N/A	N/A	N/A	N/A	N/A	ORF1b:2404,S:159-1274		3000	0	good	0	10	0	good	0	24	-3	0	good	5		0	good	0	S:159-1274	1		0	75	mediocre		0	0	good	0		ORF1a,ORF6,ORF7a,ORF7b,ORF8,N,ORF9b	"When processing gene ""ORF1a"": The extracted gene sequence is empty or consists entirely from gaps;When processing gene ""ORF6"": The extracted gene sequence is empty or consists entirely from gaps;When processing gene ""ORF7a"": The extracted gene sequence is empty or consists entirely from gaps;When processing gene ""ORF7b"": The extracted gene sequence is empty or consists entirely from gaps;When processing gene ""ORF8"": The extracted gene sequence is empty or consists entirely from gaps;When processing gene ""N"": The extracted gene sequence is empty or consists entirely from gaps;When processing gene ""ORF9b"": The extracted gene sequence is empty or consists entirely from gaps"	
184	1418_sub0	21J	21J (Delta)	Delta	21J	B.1.617.2.4	AY.4	56.250000	mediocre	14	4	0	1	0	0	5	2	0	1118	18410	20678	26839	0.206066280975153	E:1,M:0.47085201793721976,ORF1b:0.1083086053412463,ORF3a:1,S:0.12323390894819466	false	C21618G,C21846T,G21987A,T22917G,C22995A,A23403G,C23604G,C23987T,G24410A,T24447A,G24914T,G25340A,C25469T,T26767C	22030-22033		S:158-1274	M:I82T,ORF3a:S26L,S:T19R,S:T95I,S:G142D	S:E156-,S:F157-				C23987T,T24447A,G24914T,G25340A	0	0	4	4		NODE_0000627	C21846T,C23987T,T24447A,G24914T,G25340A		S:T95I		NODE_0000676	C23987T,T24447A,G24914T,G25340A				N/A	N/A	N/A	N/A	N/A	N/A	N/A	N/A	N/A	N/A	ORF1b:2404,S:158-1274		3000	0	good	0	10	0	good	0	24	-4	0	good	4		0	good	0	S:158-1274	1		0	75	mediocre		0	0	good	0		ORF1a,ORF6,ORF7a,ORF7b,ORF8,N,ORF9b	"When processing gene ""ORF1a"": The extracted gene sequence is empty or consists entirely from gaps;When processing gene ""ORF6"": The extracted gene sequence is empty or consists entirely from gaps;When processing gene ""ORF7a"": The extracted gene sequence is empty or consists entirely from gaps;When processing gene ""ORF7b"": The extracted gene sequence is empty or consists entirely from gaps;When processing gene ""ORF8"": The extracted gene sequence is empty or consists entirely from gaps;When processing gene ""N"": The extracted gene sequence is empty or consists entirely from gaps;When processing gene ""ORF9b"": The extracted gene sequence is empty or consists entirely from gaps"	
190	2939_sub0	21J	21J (Delta)	Delta	21J	B.1.617.2.4	AY.4	0	good	12	6	0	0	0	0	13	2	0	1	18412	20678	26839	0.206066280975153	E:1,M:0.47085201793721976,ORF1b:0.1083086053412463,ORF3a:1,S:1	false	C21618G,C21846T,G21987A,T22917G,C22995A,A23403G,C23604G,C23987T,G24410A,G24914T,C25469T,T26767C	22029-22034			M:I82T,ORF3a:S26L,S:T19R,S:T95I,S:G142D,S:R158G,S:L452R,S:T478K,S:D614G,S:P681R,S:P809S,S:D950N,S:D1118Y	S:E156-,S:F157-				C23987T,G24914T	0	0	2	2		NODE_0000627	C21846T,C23987T,G24914T		S:T95I,S:P809S,S:D1118Y		NODE_0000676	C23987T,G24914T		S:P809S,S:D1118Y		N/A	N/A	N/A	N/A	N/A	N/A	N/A	N/A	N/A	N/A	ORF1b:2404		3000	0	good	0	10	0	good	0	24	-6	0	good	2		0	good	0		0		0	0	good		0	0	good	0		ORF1a,ORF6,ORF7a,ORF7b,ORF8,N,ORF9b	"When processing gene ""ORF1a"": The extracted gene sequence is empty or consists entirely from gaps;When processing gene ""ORF6"": The extracted gene sequence is empty or consists entirely from gaps;When processing gene ""ORF7a"": The extracted gene sequence is empty or consists entirely from gaps;When processing gene ""ORF7b"": The extracted gene sequence is empty or consists entirely from gaps;When processing gene ""ORF8"": The extracted gene sequence is empty or consists entirely from gaps;When processing gene ""N"": The extracted gene sequence is empty or consists entirely from gaps;When processing gene ""ORF9b"": The extracted gene sequence is empty or consists entirely from gaps"	
188	1748_sub0	21J	21J (Delta)	Delta	21J	B.1.617.2.4	AY.4	113.194444	bad	15	2	1	1	0	0	7	1	0	1058	18399	20678	26839	0.206066280975153	E:1,M:0.47085201793721976,ORF1b:0.1083086053412463,ORF3a:1,S:0.17032967032967034	false	C21618G,C21846T,G21987A,A22029G,T22032G,C22033A,T22917G,C22995A,A23403G,C23604G,C23987T,G24410A,G24914T,C25469T,T26767C	22211,23888	24973:T	S:218-1274	M:I82T,ORF3a:S26L,S:T19R,S:T95I,S:G142D,S:E156G,S:F157*	S:P217-			-22033A|24A&24E&22D&23C&24C&23F&24F&24B&rec&23I&24G&25A&24H&24D&24I&25B&25C	-22029G,-22032G,C23987T,G24914T	0	1	4	5		NODE_0000627	C21846T,-22029G,-22032G,-22033A,C23987T,G24914T	22211,23888	S:T95I,S:-156G,S:-157*,S:G158R	S:P217-	NODE_0000676	-22029G,-22032G,-22033A,C23987T,G24914T	22211,23888	S:-156G,S:-157*,S:G158R	S:P217-	N/A	N/A	N/A	N/A	N/A	N/A	N/A	N/A	N/A	N/A	ORF1b:2404,S:218-1274		3000	0	good	0	10	0	good	0	24	2	8.333333	good	10		0	good	0	S:218-1274	1		0	75	mediocre	S:156	1	75	mediocre	0		ORF1a,ORF6,ORF7a,ORF7b,ORF8,N,ORF9b	"When processing gene ""ORF1a"": The extracted gene sequence is empty or consists entirely from gaps;When processing gene ""ORF6"": The extracted gene sequence is empty or consists entirely from gaps;When processing gene ""ORF7a"": The extracted gene sequence is empty or consists entirely from gaps;When processing gene ""ORF7b"": The extracted gene sequence is empty or consists entirely from gaps;When processing gene ""ORF8"": The extracted gene sequence is empty or consists entirely from gaps;When processing gene ""N"": The extracted gene sequence is empty or consists entirely from gaps;When processing gene ""ORF9b"": The extracted gene sequence is empty or consists entirely from gaps"	
189	2294_sub0	21J	21J (Delta)	Delta	21J	B.1.617.2.4	AY.4	56.250000	mediocre	12	7	0	1	0	0	13	3	0	66	18401	20678	26839	0.206066280975153	E:1,M:0.47085201793721976,ORF1b:0.1083086053412463,ORF3a:0.7644927536231884,S:1	false	C21618G,C21846T,G21987A,T22917G,C22995A,A23403G,C23604G,C23987T,G24410A,G24914T,C25469T,T26767C	22029-22034,26024		ORF3a:212-276	M:I82T,ORF3a:S26L,S:T19R,S:T95I,S:G142D,S:R158G,S:L452R,S:T478K,S:D614G,S:P681R,S:P809S,S:D950N,S:D1118Y	ORF3a:Y211-,S:E156-,S:F157-				C23987T,G24914T	0	0	2	2		NODE_0000627	C21846T,C23987T,G24914T	26024	S:T95I,S:P809S,S:D1118Y	ORF3a:Y211-	NODE_0000676	C23987T,G24914T	26024	S:P809S,S:D1118Y	ORF3a:Y211-	N/A	N/A	N/A	N/A	N/A	N/A	N/A	N/A	N/A	N/A	ORF1b:2404,ORF3a:212-276		3000	0	good	0	10	0	good	0	24	-5	0	good	3		0	good	0	ORF3a:212-276	1		0	75	mediocre		0	0	good	0		ORF1a,ORF6,ORF7a,ORF7b,ORF8,N,ORF9b	"When processing gene ""ORF1a"": The extracted gene sequence is empty or consists entirely from gaps;When processing gene ""ORF6"": The extracted gene sequence is empty or consists entirely from gaps;When processing gene ""ORF7a"": The extracted gene sequence is empty or consists entirely from gaps;When processing gene ""ORF7b"": The extracted gene sequence is empty or consists entirely from gaps;When processing gene ""ORF8"": The extracted gene sequence is empty or consists entirely from gaps;When processing gene ""N"": The extracted gene sequence is empty or consists entirely from gaps;When processing gene ""ORF9b"": The extracted gene sequence is empty or consists entirely from gaps"	
192	6029_sub0	21J	21J (Delta)	Delta	21J	B.1.617.2.4	AY.4	56.250000	mediocre	14	8	0	1	0	0	4	1	0	1178	18384	20678	26839	0.206066280975153	E:1,M:0.47085201793721976,ORF1b:0.1083086053412463,ORF3a:1,S:0.076138147566719	false	C21618G,C21846T,G21987A,T22917G,C22995A,T23337C,A23403G,C23604G,C23987T,G24410A,G24914T,T25221C,C25469T,T26767C	21851,22029-22034,23102		S:98-1274	M:I82T,ORF3a:S26L,S:T19R,S:T95I	S:K97-				T23337C,C23987T,G24914T,T25221C	0	0	4	4		NODE_0000627	C21846T,T23337C,C23987T,G24914T,T25221C	21851,23102	S:T95I	S:K97-	NODE_0000676	T23337C,C23987T,G24914T,T25221C	21851,23102		S:K97-	N/A	N/A	N/A	N/A	N/A	N/A	N/A	N/A	N/A	N/A	ORF1b:2404,S:98-1274		3000	0	good	0	10	0	good	0	24	-2	0	good	6		0	good	0	S:98-1274	1		0	75	mediocre		0	0	good	0		ORF1a,ORF6,ORF7a,ORF7b,ORF8,N,ORF9b	"When processing gene ""ORF1a"": The extracted gene sequence is empty or consists entirely from gaps;When processing gene ""ORF6"": The extracted gene sequence is empty or consists entirely from gaps;When processing gene ""ORF7a"": The extracted gene sequence is empty or consists entirely from gaps;When processing gene ""ORF7b"": The extracted gene sequence is empty or consists entirely from gaps;When processing gene ""ORF8"": The extracted gene sequence is empty or consists entirely from gaps;When processing gene ""N"": The extracted gene sequence is empty or consists entirely from gaps;When processing gene ""ORF9b"": The extracted gene sequence is empty or consists entirely from gaps"	
191	1732_sub0	21J	21J (Delta)	Delta	21J	B.1.617.2.4	AY.4	306.250000	bad	35	5	1	2	0	0	15	3	0	1332	18317	20678	26839	0.206066280975153	E:1,M:0.47085201793721976,ORF1b:0.028560830860534125,ORF3a:1,S:0.12401883830455258	false	C21618G,C21846T,G21987A,A22029T,T22917G,C22995A,A23403G,C23604G,C23987T,G24410A,G24914T,A25377G,C25469T,G26140A,G26574A,A26575G,C26577A,A26579T,T26580A,G26581T,G26582A,A26583T,C26585T,C26586A,G26589T,T26590A,A26591T,A26592T,A26594T,G26595T,G26596T,C26600T,C26601T,A26603T,T26767C	22031-22035	20910:T	ORF1b:2482-2696,S:159-1274	M:E18R,M:Q19N,M:W20I,M:N21Y,M:L22I,M:V23Y,M:I24F,M:G25F,M:L27F,M:I82T,ORF3a:S26L,ORF3a:D250N,S:T19R,S:T95I,S:G142D	S:E156-,S:F157-,S:R158-				-22029T,C23987T,G24914T,A25377G,G26140A,G26574A,A26575G,C26577A,A26579T,T26580A,G26581T,G26582A,A26583T,C26585T,C26586A,G26589T,T26590A,A26591T,A26592T,A26594T,G26595T,G26596T,C26600T,C26601T,A26603T	0	0	25	25		NODE_0000627	C21846T,-22029T,C23987T,G24914T,A25377G,G26140A,G26574A,A26575G,C26577A,A26579T,T26580A,G26581T,G26582A,A26583T,C26585T,C26586A,G26589T,T26590A,A26591T,A26592T,A26594T,G26595T,G26596T,C26600T,C26601T,A26603T	22035	M:E18R,M:Q19N,M:W20I,M:N21Y,M:L22I,M:V23Y,M:I24F,M:G25F,M:L27F,ORF3a:D250N,S:T95I	S:G158-	NODE_0000676	-22029T,C23987T,G24914T,A25377G,G26140A,G26574A,A26575G,C26577A,A26579T,T26580A,G26581T,G26582A,A26583T,C26585T,C26586A,G26589T,T26590A,A26591T,A26592T,A26594T,G26595T,G26596T,C26600T,C26601T,A26603T	22035	M:E18R,M:Q19N,M:W20I,M:N21Y,M:L22I,M:V23Y,M:I24F,M:G25F,M:L27F,ORF3a:D250N	S:G158-	N/A	N/A	N/A	N/A	N/A	N/A	N/A	N/A	N/A	N/A	ORF1b:2404,ORF1b:2482-2696,S:159-1274		3000	0	good	0	10	0	good	0	24	18	75	mediocre	26	26574-26602:20	50	mediocre	20	ORF1b:2482-2696,S:159-1274	2		0	150	bad		0	0	good	0		ORF1a,ORF6,ORF7a,ORF7b,ORF8,N,ORF9b	"When processing gene ""ORF1a"": The extracted gene sequence is empty or consists entirely from gaps;When processing gene ""ORF6"": The extracted gene sequence is empty or consists entirely from gaps;When processing gene ""ORF7a"": The extracted gene sequence is empty or consists entirely from gaps;When processing gene ""ORF7b"": The extracted gene sequence is empty or consists entirely from gaps;When processing gene ""ORF8"": The extracted gene sequence is empty or consists entirely from gaps;When processing gene ""N"": The extracted gene sequence is empty or consists entirely from gaps;When processing gene ""ORF9b"": The extracted gene sequence is empty or consists entirely from gaps"	
198	57_sub0	21J	21J (Delta)	Delta	21J	B.1.617.2.4	AY.4	56.250000	mediocre	16	5	0	1	0	0	6	2	0	1117	18400	20678	26839	0.206066280975153	E:1,M:0.47085201793721976,ORF1b:0.1083086053412463,ORF3a:1,S:0.12401883830455258	false	C21618G,C21846T,A21979T,G21987A,T22917G,C22995A,A23403G,C23604G,C23987T,G24104T,G24410A,G24914T,C25469T,T25645C,A25814G,T26767C	22031-22035		S:159-1274	M:I82T,ORF3a:S26L,ORF3a:Y141C,S:T19R,S:T95I,S:G142D	S:F157-,S:R158-				A21979T,C23987T,G24104T,G24914T,T25645C,A25814G	0	0	6	6		NODE_0000627	C21846T,A21979T,C23987T,G24104T,G24914T,T25645C,A25814G	22035	ORF3a:Y141C,S:T95I,S:-156E	S:G158-	NODE_0000676	A21979T,C23987T,G24104T,G24914T,T25645C,A25814G	22035	ORF3a:Y141C,S:-156E	S:G158-	N/A	N/A	N/A	N/A	N/A	N/A	N/A	N/A	N/A	N/A	ORF1b:2404,S:159-1274		3000	0	good	0	10	0	good	0	24	-1	0	good	7		0	good	0	S:159-1274	1		0	75	mediocre		0	0	good	0		ORF1a,ORF6,ORF7a,ORF7b,ORF8,N,ORF9b	"When processing gene ""ORF1a"": The extracted gene sequence is empty or consists entirely from gaps;When processing gene ""ORF6"": The extracted gene sequence is empty or consists entirely from gaps;When processing gene ""ORF7a"": The extracted gene sequence is empty or consists entirely from gaps;When processing gene ""ORF7b"": The extracted gene sequence is empty or consists entirely from gaps;When processing gene ""ORF8"": The extracted gene sequence is empty or consists entirely from gaps;When processing gene ""N"": The extracted gene sequence is empty or consists entirely from gaps;When processing gene ""ORF9b"": The extracted gene sequence is empty or consists entirely from gaps"	
195	1860_sub0	21J	21J (Delta)	Delta	21J	B.1.617.2.4	AY.4	56.250000	mediocre	12	5	1	1	0	0	5	2	0	1117	18409	20678	26839	0.206066280975153	E:1,M:0.47085201793721976,ORF1b:0.1083086053412463,ORF3a:1,S:0.12401883830455258	false	C21618G,C21846T,G21987A,T22917G,C22995A,A23403G,C23604G,C23987T,G24410A,G24914T,C25469T,T26767C	22031-22035	24478:A	S:159-1274	M:I82T,ORF3a:S26L,S:T19R,S:T95I,S:G142D	S:F157-,S:R158-				C23987T,G24914T	0	0	2	2		NODE_0000627	C21846T,C23987T,G24914T	22035	S:T95I,S:-156E	S:G158-	NODE_0000676	C23987T,G24914T	22035	S:-156E	S:G158-	N/A	N/A	N/A	N/A	N/A	N/A	N/A	N/A	N/A	N/A	ORF1b:2404,S:159-1274		3000	0	good	0	10	0	good	0	24	-5	0	good	3		0	good	0	S:159-1274	1		0	75	mediocre		0	0	good	0		ORF1a,ORF6,ORF7a,ORF7b,ORF8,N,ORF9b	"When processing gene ""ORF1a"": The extracted gene sequence is empty or consists entirely from gaps;When processing gene ""ORF6"": The extracted gene sequence is empty or consists entirely from gaps;When processing gene ""ORF7a"": The extracted gene sequence is empty or consists entirely from gaps;When processing gene ""ORF7b"": The extracted gene sequence is empty or consists entirely from gaps;When processing gene ""ORF8"": The extracted gene sequence is empty or consists entirely from gaps;When processing gene ""N"": The extracted gene sequence is empty or consists entirely from gaps;When processing gene ""ORF9b"": The extracted gene sequence is empty or consists entirely from gaps"	
193	10_sub0	21J	21J (Delta)	Delta	21J	B.1.617.2.4	AY.4	56.250000	mediocre	14	5	0	1	0	0	5	2	0	1117	18408	20678	26839	0.206066280975153	E:1,M:0.47085201793721976,ORF1b:0.1083086053412463,ORF3a:1,S:0.12401883830455258	false	C21618G,C21846T,G21987A,G22894A,T22917G,C22995A,A23403G,C23604G,C23987T,G24410A,G24914T,C25469T,T26397G,T26767C	22031-22035		S:159-1274	M:I82T,ORF3a:S26L,S:T19R,S:T95I,S:G142D	S:F157-,S:R158-				G22894A,C23987T,G24914T,T26397G	0	0	4	4		NODE_0000627	C21846T,G22894A,C23987T,G24914T,T26397G	22035	S:T95I,S:-156E	S:G158-	NODE_0000676	G22894A,C23987T,G24914T,T26397G	22035	S:-156E	S:G158-	N/A	N/A	N/A	N/A	N/A	N/A	N/A	N/A	N/A	N/A	ORF1b:2404,S:159-1274		3000	0	good	0	10	0	good	0	24	-3	0	good	5		0	good	0	S:159-1274	1		0	75	mediocre		0	0	good	0		ORF1a,ORF6,ORF7a,ORF7b,ORF8,N,ORF9b	"When processing gene ""ORF1a"": The extracted gene sequence is empty or consists entirely from gaps;When processing gene ""ORF6"": The extracted gene sequence is empty or consists entirely from gaps;When processing gene ""ORF7a"": The extracted gene sequence is empty or consists entirely from gaps;When processing gene ""ORF7b"": The extracted gene sequence is empty or consists entirely from gaps;When processing gene ""ORF8"": The extracted gene sequence is empty or consists entirely from gaps;When processing gene ""N"": The extracted gene sequence is empty or consists entirely from gaps;When processing gene ""ORF9b"": The extracted gene sequence is empty or consists entirely from gaps"	
194	558_sub0	21J	21J (Delta)	Delta	21J	B.1.617.2.4	AY.4	56.250000	mediocre	13	5	0	1	0	0	5	2	0	1117	18412	20678	26839	0.206066280975153	E:1,M:0.47085201793721976,ORF1b:0.1083086053412463,ORF3a:1,S:0.12401883830455258	false	C21618G,C21846T,G21987A,T22917G,C22995A,A23403G,C23604G,C23987T,G24410A,G24914T,C25469T,A25917G,T26767C	22031-22035		S:159-1274	M:I82T,ORF3a:S26L,S:T19R,S:T95I,S:G142D	S:F157-,S:R158-				C23987T,G24914T,A25917G	0	0	3	3		NODE_0000627	C21846T,C23987T,G24914T,A25917G	22035	S:T95I,S:-156E	S:G158-	NODE_0000676	C23987T,G24914T,A25917G	22035	S:-156E	S:G158-	N/A	N/A	N/A	N/A	N/A	N/A	N/A	N/A	N/A	N/A	ORF1b:2404,S:159-1274		3000	0	good	0	10	0	good	0	24	-4	0	good	4		0	good	0	S:159-1274	1		0	75	mediocre		0	0	good	0		ORF1a,ORF6,ORF7a,ORF7b,ORF8,N,ORF9b	"When processing gene ""ORF1a"": The extracted gene sequence is empty or consists entirely from gaps;When processing gene ""ORF6"": The extracted gene sequence is empty or consists entirely from gaps;When processing gene ""ORF7a"": The extracted gene sequence is empty or consists entirely from gaps;When processing gene ""ORF7b"": The extracted gene sequence is empty or consists entirely from gaps;When processing gene ""ORF8"": The extracted gene sequence is empty or consists entirely from gaps;When processing gene ""N"": The extracted gene sequence is empty or consists entirely from gaps;When processing gene ""ORF9b"": The extracted gene sequence is empty or consists entirely from gaps"	
196	3049_sub0	21J	21J (Delta)	Delta	21J	B.1.617.2.4	AY.4	225	bad	13	6	0	2	0	0	5	3	0	1232	18394	20678	26839	0.206066280975153	E:1,M:0.47085201793721976,ORF1b:0.06602373887240356,ORF3a:1,S:0.12323390894819466	false	C21618G,C21846T,G21987A,T22917G,C22995A,A23403G,C23604G,C23987T,A24250G,G24410A,G24914T,C25469T,T26767C	21211,21310,22030-22033		ORF1b:2583-2696,S:158-1274	M:I82T,ORF3a:S26L,S:T19R,S:T95I,S:G142D	ORF1b:G2582-,S:E156-,S:F157-				C23987T,A24250G,G24914T	0	0	3	3		NODE_0000627	C21846T,C23987T,A24250G,G24914T	21211,21310	S:T95I	ORF1b:G2582-	NODE_0000676	C23987T,A24250G,G24914T	21211,21310		ORF1b:G2582-	N/A	N/A	N/A	N/A	N/A	N/A	N/A	N/A	N/A	N/A	ORF1b:2404,ORF1b:2583-2696,S:158-1274		3000	0	good	0	10	0	good	0	24	-3	0	good	5		0	good	0	ORF1b:2583-2696,S:158-1274	2		0	150	bad		0	0	good	0		ORF1a,ORF6,ORF7a,ORF7b,ORF8,N,ORF9b	"When processing gene ""ORF1a"": The extracted gene sequence is empty or consists entirely from gaps;When processing gene ""ORF6"": The extracted gene sequence is empty or consists entirely from gaps;When processing gene ""ORF7a"": The extracted gene sequence is empty or consists entirely from gaps;When processing gene ""ORF7b"": The extracted gene sequence is empty or consists entirely from gaps;When processing gene ""ORF8"": The extracted gene sequence is empty or consists entirely from gaps;When processing gene ""N"": The extracted gene sequence is empty or consists entirely from gaps;When processing gene ""ORF9b"": The extracted gene sequence is empty or consists entirely from gaps"	
197	4430_sub0	21J	21J (Delta)	Delta	21J	B.1.617.2.4	AY.4	0	good	12	6	0	0	0	0	13	2	0	1	18412	20678	26839	0.206066280975153	E:1,M:0.47085201793721976,ORF1b:0.1083086053412463,ORF3a:1,S:1	false	C21618G,C21846T,G21987A,T22917G,C22995A,A23403G,C23604G,C23987T,G24410A,G24914T,C25469T,T26767C	22029-22034			M:I82T,ORF3a:S26L,S:T19R,S:T95I,S:G142D,S:R158G,S:L452R,S:T478K,S:D614G,S:P681R,S:P809S,S:D950N,S:D1118Y	S:E156-,S:F157-				C23987T,G24914T	0	0	2	2		NODE_0000627	C21846T,C23987T,G24914T		S:T95I,S:P809S,S:D1118Y		NODE_0000676	C23987T,G24914T		S:P809S,S:D1118Y		N/A	N/A	N/A	N/A	N/A	N/A	N/A	N/A	N/A	N/A	ORF1b:2404		3000	0	good	0	10	0	good	0	24	-6	0	good	2		0	good	0		0		0	0	good		0	0	good	0		ORF1a,ORF6,ORF7a,ORF7b,ORF8,N,ORF9b	"When processing gene ""ORF1a"": The extracted gene sequence is empty or consists entirely from gaps;When processing gene ""ORF6"": The extracted gene sequence is empty or consists entirely from gaps;When processing gene ""ORF7a"": The extracted gene sequence is empty or consists entirely from gaps;When processing gene ""ORF7b"": The extracted gene sequence is empty or consists entirely from gaps;When processing gene ""ORF8"": The extracted gene sequence is empty or consists entirely from gaps;When processing gene ""N"": The extracted gene sequence is empty or consists entirely from gaps;When processing gene ""ORF9b"": The extracted gene sequence is empty or consists entirely from gaps"	
199	306_sub0	21J	21J (Delta)	Delta	21J	B.1.617.2.4	AY.4	56.250000	mediocre	12	6	0	1	0	0	12	3	0	59	18406	20678	26839	0.206066280975153	E:1,M:0.47085201793721976,ORF1b:0.1083086053412463,ORF3a:1,S:0.9544740973312402	false	C21618G,C21846T,G21987A,T22917G,C22995A,A23403G,C23604G,C23987T,G24410A,G24914T,C25469T,T26767C	22031-22035,22211		S:159-216	M:I82T,ORF3a:S26L,S:T19R,S:T95I,S:G142D,S:L452R,S:T478K,S:D614G,S:P681R,S:P809S,S:D950N,S:D1118Y	S:F157-,S:R158-,S:P217-				C23987T,G24914T	0	0	2	2		NODE_0000627	C21846T,C23987T,G24914T	22035,22211	S:T95I,S:-156E,S:P809S,S:D1118Y	S:G158-,S:P217-	NODE_0000676	C23987T,G24914T	22035,22211	S:-156E,S:P809S,S:D1118Y	S:G158-,S:P217-	N/A	N/A	N/A	N/A	N/A	N/A	N/A	N/A	N/A	N/A	ORF1b:2404,S:159-216		3000	0	good	0	10	0	good	0	24	-4	0	good	4		0	good	0	S:159-216	1		0	75	mediocre		0	0	good	0		ORF1a,ORF6,ORF7a,ORF7b,ORF8,N,ORF9b	"When processing gene ""ORF1a"": The extracted gene sequence is empty or consists entirely from gaps;When processing gene ""ORF6"": The extracted gene sequence is empty or consists entirely from gaps;When processing gene ""ORF7a"": The extracted gene sequence is empty or consists entirely from gaps;When processing gene ""ORF7b"": The extracted gene sequence is empty or consists entirely from gaps;When processing gene ""ORF8"": The extracted gene sequence is empty or consists entirely from gaps;When processing gene ""N"": The extracted gene sequence is empty or consists entirely from gaps;When processing gene ""ORF9b"": The extracted gene sequence is empty or consists entirely from gaps"	
200	1286_sub0	21J	21J (Delta)	Delta	21J	B.1.617.2.4	AY.4	56.250000	mediocre	13	8	0	1	0	0	6	3	0	1093	18388	20678	26839	0.206066280975153	E:1,M:0.47085201793721976,ORF1b:0.1083086053412463,ORF3a:1,S:0.14285714285714285	false	C21618G,C21846T,G21987A,T22917G,C22995A,A23403G,C23604G,C23987T,T24125C,G24410A,G24914T,C25469T,T26767C	22029-22034,22106,24674		S:183-1274	M:I82T,ORF3a:S26L,S:T19R,S:T95I,S:G142D,S:R158G	S:E156-,S:F157-,S:K182-				C23987T,T24125C,G24914T	0	0	3	3		NODE_0000627	C21846T,C23987T,T24125C,G24914T	22106,24674	S:T95I	S:K182-	NODE_0000676	C23987T,T24125C,G24914T	22106,24674		S:K182-	N/A	N/A	N/A	N/A	N/A	N/A	N/A	N/A	N/A	N/A	ORF1b:2404,S:183-1274		3000	0	good	0	10	0	good	0	24	-3	0	good	5		0	good	0	S:183-1274	1		0	75	mediocre		0	0	good	0		ORF1a,ORF6,ORF7a,ORF7b,ORF8,N,ORF9b	"When processing gene ""ORF1a"": The extracted gene sequence is empty or consists entirely from gaps;When processing gene ""ORF6"": The extracted gene sequence is empty or consists entirely from gaps;When processing gene ""ORF7a"": The extracted gene sequence is empty or consists entirely from gaps;When processing gene ""ORF7b"": The extracted gene sequence is empty or consists entirely from gaps;When processing gene ""ORF8"": The extracted gene sequence is empty or consists entirely from gaps;When processing gene ""N"": The extracted gene sequence is empty or consists entirely from gaps;When processing gene ""ORF9b"": The extracted gene sequence is empty or consists entirely from gaps"	
211	1451_sub0	21J	21J (Delta)	Delta	21J	B.1.617.2.4	AY.4	225	bad	14	5	1	2	0	0	6	2	0	1139	18392	20678	26839	0.206066280975153	E:0.7236842105263158,M:0.47085201793721976,ORF1b:0.1083086053412463,ORF3a:1,S:0.12323390894819466	false	T21542G,C21618G,C21846T,G21987A,T22917G,C22995A,A23403G,C23604G,C23987T,G24410A,G24914T,G25302A,C25469T,T26767C	22030-22033,24774	26409:T	S:158-1274,E:56-76	M:I82T,ORF1b:L2692R,ORF3a:S26L,S:T19R,S:T95I,S:G142D	S:E156-,S:F157-				T21542G,C23987T,G24914T,G25302A	0	0	4	4		NODE_0000627	T21542G,C21846T,C23987T,G24914T,G25302A	24774	ORF1b:L2692R,S:T95I		NODE_0000676	T21542G,C23987T,G24914T,G25302A	24774	ORF1b:L2692R		N/A	N/A	N/A	N/A	N/A	N/A	N/A	N/A	N/A	N/A	ORF1b:2404,S:158-1274,E:56-76		3000	0	good	0	10	0	good	0	24	-3	0	good	5		0	good	0	S:158-1274,E:56-76	2		0	150	bad		0	0	good	0		ORF1a,ORF6,ORF7a,ORF7b,ORF8,N,ORF9b	"When processing gene ""ORF1a"": The extracted gene sequence is empty or consists entirely from gaps;When processing gene ""ORF6"": The extracted gene sequence is empty or consists entirely from gaps;When processing gene ""ORF7a"": The extracted gene sequence is empty or consists entirely from gaps;When processing gene ""ORF7b"": The extracted gene sequence is empty or consists entirely from gaps;When processing gene ""ORF8"": The extracted gene sequence is empty or consists entirely from gaps;When processing gene ""N"": The extracted gene sequence is empty or consists entirely from gaps;When processing gene ""ORF9b"": The extracted gene sequence is empty or consists entirely from gaps"	
202	4470_sub0	21J	21J (Delta)	Delta	21J	B.1.617.2.4	AY.4	56.250000	mediocre	13	5	0	1	0	0	5	3	0	1117	18412	20678	26839	0.206066280975153	E:1,M:0.47085201793721976,ORF1b:0.1083086053412463,ORF3a:1,S:0.12401883830455258	false	C21618G,C21846T,G21987A,A22029C,T22917G,C22995A,A23403G,C23604G,C23987T,G24410A,G24914T,C25469T,T26767C	22031-22035		S:159-1274	M:I82T,ORF3a:S26L,S:T19R,S:T95I,S:G142D	S:E156-,S:F157-,S:R158-				-22029C,C23987T,G24914T	0	0	3	3		NODE_0000627	C21846T,-22029C,C23987T,G24914T	22035	S:T95I	S:G158-	NODE_0000676	-22029C,C23987T,G24914T	22035		S:G158-	N/A	N/A	N/A	N/A	N/A	N/A	N/A	N/A	N/A	N/A	ORF1b:2404,S:159-1274		3000	0	good	0	10	0	good	0	24	-4	0	good	4		0	good	0	S:159-1274	1		0	75	mediocre		0	0	good	0		ORF1a,ORF6,ORF7a,ORF7b,ORF8,N,ORF9b	"When processing gene ""ORF1a"": The extracted gene sequence is empty or consists entirely from gaps;When processing gene ""ORF6"": The extracted gene sequence is empty or consists entirely from gaps;When processing gene ""ORF7a"": The extracted gene sequence is empty or consists entirely from gaps;When processing gene ""ORF7b"": The extracted gene sequence is empty or consists entirely from gaps;When processing gene ""ORF8"": The extracted gene sequence is empty or consists entirely from gaps;When processing gene ""N"": The extracted gene sequence is empty or consists entirely from gaps;When processing gene ""ORF9b"": The extracted gene sequence is empty or consists entirely from gaps"	
206	1342_sub0	21J	21J (Delta)	Delta	21J	B.1.617.2.4	AY.4	56.250000	mediocre	12	7	0	1	0	0	13	3	0	170	18402	20678	26839	0.206066280975153	E:1,M:0.47085201793721976,ORF1b:0.04562314540059347,ORF3a:1,S:1	false	C21618G,C21846T,G21987A,T22917G,C22995A,A23403G,C23604G,C23987T,G24410A,G24914T,C25469T,T26767C	21046,22029-22034		ORF1b:2528-2696	M:I82T,ORF3a:S26L,S:T19R,S:T95I,S:G142D,S:R158G,S:L452R,S:T478K,S:D614G,S:P681R,S:P809S,S:D950N,S:D1118Y	ORF1b:D2527-,S:E156-,S:F157-				C23987T,G24914T	0	0	2	2		NODE_0000627	C21846T,C23987T,G24914T	21046	S:T95I,S:P809S,S:D1118Y	ORF1b:D2527-	NODE_0000676	C23987T,G24914T	21046	S:P809S,S:D1118Y	ORF1b:D2527-	N/A	N/A	N/A	N/A	N/A	N/A	N/A	N/A	N/A	N/A	ORF1b:2404,ORF1b:2528-2696		3000	0	good	0	10	0	good	0	24	-5	0	good	3		0	good	0	ORF1b:2528-2696	1		0	75	mediocre		0	0	good	0		ORF1a,ORF6,ORF7a,ORF7b,ORF8,N,ORF9b	"When processing gene ""ORF1a"": The extracted gene sequence is empty or consists entirely from gaps;When processing gene ""ORF6"": The extracted gene sequence is empty or consists entirely from gaps;When processing gene ""ORF7a"": The extracted gene sequence is empty or consists entirely from gaps;When processing gene ""ORF7b"": The extracted gene sequence is empty or consists entirely from gaps;When processing gene ""ORF8"": The extracted gene sequence is empty or consists entirely from gaps;When processing gene ""N"": The extracted gene sequence is empty or consists entirely from gaps;When processing gene ""ORF9b"": The extracted gene sequence is empty or consists entirely from gaps"	
204	1370_sub0	21J	21J (Delta)	Delta	21J	B.1.617.2.4	AY.4	56.250000	mediocre	13	7	0	1	0	0	9	3	0	761	18398	20678	26839	0.206066280975153	E:1,M:0.47085201793721976,ORF1b:0.1083086053412463,ORF3a:1,S:0.40345368916797486	false	C21618G,C21846T,G21987A,T22917G,C22995A,A23403G,C23604G,C23987T,G24410A,G24914T,C25469T,G26596T,T26767C	22029-22034,23102		S:515-1274	M:G25V,M:I82T,ORF3a:S26L,S:T19R,S:T95I,S:G142D,S:R158G,S:L452R,S:T478K	S:E156-,S:F157-,S:S514-				C23987T,G24914T,G26596T	0	0	3	3		NODE_0000627	C21846T,C23987T,G24914T,G26596T	23102	M:G25V,S:T95I	S:S514-	NODE_0000676	C23987T,G24914T,G26596T	23102	M:G25V	S:S514-	N/A	N/A	N/A	N/A	N/A	N/A	N/A	N/A	N/A	N/A	ORF1b:2404,S:515-1274		3000	0	good	0	10	0	good	0	24	-4	0	good	4		0	good	0	S:515-1274	1		0	75	mediocre		0	0	good	0		ORF1a,ORF6,ORF7a,ORF7b,ORF8,N,ORF9b	"When processing gene ""ORF1a"": The extracted gene sequence is empty or consists entirely from gaps;When processing gene ""ORF6"": The extracted gene sequence is empty or consists entirely from gaps;When processing gene ""ORF7a"": The extracted gene sequence is empty or consists entirely from gaps;When processing gene ""ORF7b"": The extracted gene sequence is empty or consists entirely from gaps;When processing gene ""ORF8"": The extracted gene sequence is empty or consists entirely from gaps;When processing gene ""N"": The extracted gene sequence is empty or consists entirely from gaps;When processing gene ""ORF9b"": The extracted gene sequence is empty or consists entirely from gaps"	
203	1149_sub0	21J	21J (Delta)	Delta	21J	B.1.617.2.4	AY.4	56.250000	mediocre	12	8	0	1	0	0	6	3	0	1008	18399	20678	26839	0.206066280975153	E:1,M:0.47085201793721976,ORF1b:0.1083086053412463,ORF3a:1,S:0.20957613814756673	false	C21618G,C21846T,G21987A,T22917G,C22995A,A23403G,C23604G,C23987T,G24410A,G24914T,C25469T,T26767C	22029-22034,22361-22362		S:268-1274	M:I82T,ORF3a:S26L,S:T19R,S:T95I,S:G142D,S:R158G	S:E156-,S:F157-,S:V267-				C23987T,G24914T	0	0	2	2		NODE_0000627	C21846T,C23987T,G24914T	22361-22362	S:T95I	S:V267-	NODE_0000676	C23987T,G24914T	22361-22362		S:V267-	N/A	N/A	N/A	N/A	N/A	N/A	N/A	N/A	N/A	N/A	ORF1b:2404,S:268-1274		3000	0	good	0	10	0	good	0	24	-5	0	good	3		0	good	0	S:268-1274	1		0	75	mediocre		0	0	good	0		ORF1a,ORF6,ORF7a,ORF7b,ORF8,N,ORF9b	"When processing gene ""ORF1a"": The extracted gene sequence is empty or consists entirely from gaps;When processing gene ""ORF6"": The extracted gene sequence is empty or consists entirely from gaps;When processing gene ""ORF7a"": The extracted gene sequence is empty or consists entirely from gaps;When processing gene ""ORF7b"": The extracted gene sequence is empty or consists entirely from gaps;When processing gene ""ORF8"": The extracted gene sequence is empty or consists entirely from gaps;When processing gene ""N"": The extracted gene sequence is empty or consists entirely from gaps;When processing gene ""ORF9b"": The extracted gene sequence is empty or consists entirely from gaps"	
207	1925_sub0	21J	21J (Delta)	Delta	21J	B.1.617.2.4	AY.4	0	good	13	6	0	0	0	0	13	2	0	1	18408	20678	26839	0.206066280975153	E:1,M:0.47085201793721976,ORF1b:0.1083086053412463,ORF3a:1,S:1	false	C21618G,T21784C,C21846T,G21987A,T22917G,C22995A,A23403G,C23604G,C23987T,G24410A,G24914T,C25469T,T26767C	22029-22034			M:I82T,ORF3a:S26L,S:T19R,S:T95I,S:G142D,S:R158G,S:L452R,S:T478K,S:D614G,S:P681R,S:P809S,S:D950N,S:D1118Y	S:E156-,S:F157-				T21784C,C23987T,G24914T	0	0	3	3		NODE_0000627	T21784C,C21846T,C23987T,G24914T		S:T95I,S:P809S,S:D1118Y		NODE_0000676	T21784C,C23987T,G24914T		S:P809S,S:D1118Y		N/A	N/A	N/A	N/A	N/A	N/A	N/A	N/A	N/A	N/A	ORF1b:2404		3000	0	good	0	10	0	good	0	24	-5	0	good	3		0	good	0		0		0	0	good		0	0	good	0		ORF1a,ORF6,ORF7a,ORF7b,ORF8,N,ORF9b	"When processing gene ""ORF1a"": The extracted gene sequence is empty or consists entirely from gaps;When processing gene ""ORF6"": The extracted gene sequence is empty or consists entirely from gaps;When processing gene ""ORF7a"": The extracted gene sequence is empty or consists entirely from gaps;When processing gene ""ORF7b"": The extracted gene sequence is empty or consists entirely from gaps;When processing gene ""ORF8"": The extracted gene sequence is empty or consists entirely from gaps;When processing gene ""N"": The extracted gene sequence is empty or consists entirely from gaps;When processing gene ""ORF9b"": The extracted gene sequence is empty or consists entirely from gaps"	
205	2155_sub0	21J	21J (Delta)	Delta	21J	B.1.617.2.4	AY.4	225.694444	bad	16	2	0	2	0	0	5	2	0	1258	18401	20678	26839	0.206066280975153	E:1,M:0.47085201793721976,ORF1b:0.056750741839762614,ORF3a:1,S:0.12244897959183673	false	C21618G,C21846T,G21987A,T22032A,C22033A,C22650T,T22764C,T22917G,C22995A,A23403G,C23604G,C23987T,G24410A,G24914T,C25469T,T26767C	21136,22030		ORF1b:2558-2696,S:157-1274	M:I82T,ORF3a:S26L,S:T19R,S:T95I,S:G142D	ORF1b:K2557-,S:E156-			-22033A|24A&24E&22D&23C&24C&23F&24F&24B&rec&23I&24G&25A&24H&24D&24I&25B&25C	-22032A,C22650T,T22764C,C23987T,G24914T	0	1	5	6		NODE_0000627	C21846T,-22032A,-22033A,C22650T,T22764C,C23987T,G24914T	21136	S:T95I	ORF1b:K2557-	NODE_0000676	-22032A,-22033A,C22650T,T22764C,C23987T,G24914T	21136		ORF1b:K2557-	N/A	N/A	N/A	N/A	N/A	N/A	N/A	N/A	N/A	N/A	ORF1b:2404,ORF1b:2558-2696,S:157-1274		3000	0	good	0	10	0	good	0	24	2	8.333333	good	10		0	good	0	ORF1b:2558-2696,S:157-1274	2		0	150	bad		0	0	good	0		ORF1a,ORF6,ORF7a,ORF7b,ORF8,N,ORF9b	"When processing gene ""ORF1a"": The extracted gene sequence is empty or consists entirely from gaps;When processing gene ""ORF6"": The extracted gene sequence is empty or consists entirely from gaps;When processing gene ""ORF7a"": The extracted gene sequence is empty or consists entirely from gaps;When processing gene ""ORF7b"": The extracted gene sequence is empty or consists entirely from gaps;When processing gene ""ORF8"": The extracted gene sequence is empty or consists entirely from gaps;When processing gene ""N"": The extracted gene sequence is empty or consists entirely from gaps;When processing gene ""ORF9b"": The extracted gene sequence is empty or consists entirely from gaps"	
216	1820_sub0	21J	21J (Delta)	Delta	21J	B.1.617.2.4	AY.4	56.250000	mediocre	13	5	0	1	0	0	5	2	0	1117	18412	20678	26839	0.206066280975153	E:1,M:0.47085201793721976,ORF1b:0.1083086053412463,ORF3a:1,S:0.12401883830455258	false	C21618G,C21846T,G21987A,G22793A,T22917G,C22995A,A23403G,C23604G,C23987T,G24410A,G24914T,C25469T,T26767C	22031-22035		S:159-1274	M:I82T,ORF3a:S26L,S:T19R,S:T95I,S:G142D	S:F157-,S:R158-				G22793A,C23987T,G24914T	0	0	3	3		NODE_0000627	C21846T,G22793A,C23987T,G24914T	22035	S:T95I,S:-156E	S:G158-	NODE_0000676	G22793A,C23987T,G24914T	22035	S:-156E	S:G158-	N/A	N/A	N/A	N/A	N/A	N/A	N/A	N/A	N/A	N/A	ORF1b:2404,S:159-1274		3000	0	good	0	10	0	good	0	24	-4	0	good	4		0	good	0	S:159-1274	1		0	75	mediocre		0	0	good	0		ORF1a,ORF6,ORF7a,ORF7b,ORF8,N,ORF9b	"When processing gene ""ORF1a"": The extracted gene sequence is empty or consists entirely from gaps;When processing gene ""ORF6"": The extracted gene sequence is empty or consists entirely from gaps;When processing gene ""ORF7a"": The extracted gene sequence is empty or consists entirely from gaps;When processing gene ""ORF7b"": The extracted gene sequence is empty or consists entirely from gaps;When processing gene ""ORF8"": The extracted gene sequence is empty or consists entirely from gaps;When processing gene ""N"": The extracted gene sequence is empty or consists entirely from gaps;When processing gene ""ORF9b"": The extracted gene sequence is empty or consists entirely from gaps"	
209	1232_sub0	21J	21J (Delta)	Delta	21J	B.1.617.2.4	AY.4	56.250000	mediocre	15	1	0	1	0	0	5	1	0	1118	18416	20678	26839	0.206066280975153	E:1,M:0.47085201793721976,ORF1b:0.1083086053412463,ORF3a:1,S:0.12323390894819466	false	C21618G,C21846T,G21987A,G22030A,T22032A,C22033A,T22917G,C22995A,A23403G,C23604G,C23987T,G24410A,G24914T,C25469T,T26767C	22031		S:158-1274	M:I82T,ORF3a:S26L,S:T19R,S:T95I,S:G142D	S:F157-			-22033A|24A&24E&22D&23C&24C&23F&24F&24B&rec&23I&24G&25A&24H&24D&24I&25B&25C	-22030A,-22032A,C23987T,G24914T	0	1	4	5		NODE_0000627	C21846T,-22030A,-22032A,-22033A,C23987T,G24914T		S:T95I,S:-156E		NODE_0000676	-22030A,-22032A,-22033A,C23987T,G24914T		S:-156E		N/A	N/A	N/A	N/A	N/A	N/A	N/A	N/A	N/A	N/A	ORF1b:2404,S:158-1274		3000	0	good	0	10	0	good	0	24	0	0	good	8		0	good	0	S:158-1274	1		0	75	mediocre		0	0	good	0		ORF1a,ORF6,ORF7a,ORF7b,ORF8,N,ORF9b	"When processing gene ""ORF1a"": The extracted gene sequence is empty or consists entirely from gaps;When processing gene ""ORF6"": The extracted gene sequence is empty or consists entirely from gaps;When processing gene ""ORF7a"": The extracted gene sequence is empty or consists entirely from gaps;When processing gene ""ORF7b"": The extracted gene sequence is empty or consists entirely from gaps;When processing gene ""ORF8"": The extracted gene sequence is empty or consists entirely from gaps;When processing gene ""N"": The extracted gene sequence is empty or consists entirely from gaps;When processing gene ""ORF9b"": The extracted gene sequence is empty or consists entirely from gaps"	
208	280_sub0	21J	21J (Delta)	Delta	21J	B.1.617.2.4	AY.4	56.250000	mediocre	13	5	0	1	0	0	5	2	0	1117	18412	20678	26839	0.206066280975153	E:1,M:0.47085201793721976,ORF1b:0.1083086053412463,ORF3a:1,S:0.12401883830455258	false	C21618G,C21846T,G21987A,T22917G,C22995A,A23403G,C23604G,C23987T,G24410A,C24627T,G24914T,C25469T,T26767C	22031-22035		S:159-1274	M:I82T,ORF3a:S26L,S:T19R,S:T95I,S:G142D	S:F157-,S:R158-				C23987T,C24627T,G24914T	0	0	3	3		NODE_0000627	C21846T,C23987T,C24627T,G24914T	22035	S:T95I,S:-156E	S:G158-	NODE_0000676	C23987T,C24627T,G24914T	22035	S:-156E	S:G158-	N/A	N/A	N/A	N/A	N/A	N/A	N/A	N/A	N/A	N/A	ORF1b:2404,S:159-1274		3000	0	good	0	10	0	good	0	24	-4	0	good	4		0	good	0	S:159-1274	1		0	75	mediocre		0	0	good	0		ORF1a,ORF6,ORF7a,ORF7b,ORF8,N,ORF9b	"When processing gene ""ORF1a"": The extracted gene sequence is empty or consists entirely from gaps;When processing gene ""ORF6"": The extracted gene sequence is empty or consists entirely from gaps;When processing gene ""ORF7a"": The extracted gene sequence is empty or consists entirely from gaps;When processing gene ""ORF7b"": The extracted gene sequence is empty or consists entirely from gaps;When processing gene ""ORF8"": The extracted gene sequence is empty or consists entirely from gaps;When processing gene ""N"": The extracted gene sequence is empty or consists entirely from gaps;When processing gene ""ORF9b"": The extracted gene sequence is empty or consists entirely from gaps"	
201	151_sub0	21J	21J (Delta)	Delta	21J	B.1.617.2.4	AY.4	225	bad	14	6	2	2	0	0	3	0	0	1423	18390	20678	26839	0.206066280975153	E:1,M:0.47085201793721976,ORF1b:0.1083086053412463,ORF3a:0.19927536231884058,S:0.05729984301412873	false	C21618G,T21787C,C21846T,G21987A,T22917G,C22995A,A23403G,C23604G,C23987T,G24410A,G24914T,C25469T,T26033C,T26767C	22029-22034	21781:A,25557:T	S:74-1274,ORF3a:56-276	M:I82T,ORF3a:S26L,S:T19R					T21787C,C23987T,G24914T,T26033C	0	0	4	4		NODE_0000627	T21787C,C21846T,C23987T,G24914T,T26033C				NODE_0000676	T21787C,C23987T,G24914T,T26033C				N/A	N/A	N/A	N/A	N/A	N/A	N/A	N/A	N/A	N/A	ORF1b:2404,S:74-1274,ORF3a:56-276		3000	0	good	0	10	0	good	0	24	-4	0	good	4		0	good	0	S:74-1274,ORF3a:56-276	2		0	150	bad		0	0	good	0		ORF1a,ORF6,ORF7a,ORF7b,ORF8,N,ORF9b	"When processing gene ""ORF1a"": The extracted gene sequence is empty or consists entirely from gaps;When processing gene ""ORF6"": The extracted gene sequence is empty or consists entirely from gaps;When processing gene ""ORF7a"": The extracted gene sequence is empty or consists entirely from gaps;When processing gene ""ORF7b"": The extracted gene sequence is empty or consists entirely from gaps;When processing gene ""ORF8"": The extracted gene sequence is empty or consists entirely from gaps;When processing gene ""N"": The extracted gene sequence is empty or consists entirely from gaps;When processing gene ""ORF9b"": The extracted gene sequence is empty or consists entirely from gaps"	
210	196_sub0	21J	21J (Delta)	Delta	21J	B.1.617.2.4	AY.4	0	good	14	6	0	0	0	0	14	2	0	1	18404	20678	26839	0.206066280975153	E:1,M:0.47085201793721976,ORF1b:0.1083086053412463,ORF3a:1,S:1	false	C21618G,C21846T,G21987A,T22917G,C22995A,A23403G,T23514C,C23604G,C23987T,G24410A,G24914T,C25469T,A26487G,T26767C	22029-22034			M:I82T,ORF3a:S26L,S:T19R,S:T95I,S:G142D,S:R158G,S:L452R,S:T478K,S:D614G,S:I651T,S:P681R,S:P809S,S:D950N,S:D1118Y	S:E156-,S:F157-				T23514C,C23987T,G24914T,A26487G	0	0	4	4		NODE_0000627	C21846T,T23514C,C23987T,G24914T,A26487G		S:T95I,S:I651T,S:P809S,S:D1118Y		NODE_0000676	T23514C,C23987T,G24914T,A26487G		S:I651T,S:P809S,S:D1118Y		N/A	N/A	N/A	N/A	N/A	N/A	N/A	N/A	N/A	N/A	ORF1b:2404		3000	0	good	0	10	0	good	0	24	-4	0	good	4		0	good	0		0		0	0	good		0	0	good	0		ORF1a,ORF6,ORF7a,ORF7b,ORF8,N,ORF9b	"When processing gene ""ORF1a"": The extracted gene sequence is empty or consists entirely from gaps;When processing gene ""ORF6"": The extracted gene sequence is empty or consists entirely from gaps;When processing gene ""ORF7a"": The extracted gene sequence is empty or consists entirely from gaps;When processing gene ""ORF7b"": The extracted gene sequence is empty or consists entirely from gaps;When processing gene ""ORF8"": The extracted gene sequence is empty or consists entirely from gaps;When processing gene ""N"": The extracted gene sequence is empty or consists entirely from gaps;When processing gene ""ORF9b"": The extracted gene sequence is empty or consists entirely from gaps"	
215	1387_sub0	21J	21J (Delta)	Delta	21J	B.1.617.2.4	AY.4	56.423611	mediocre	14	2	0	2	0	0	14	2	0	133	18410	20678	26839	0.206066280975153	E:1,M:0.47085201793721976,ORF1b:0.1083086053412463,ORF3a:0.5289855072463768,S:0.9984301412872841	false	C21618G,C21846T,G21987A,C22033A,C22730A,T22917G,C22995A,A23403G,C23604G,C23987T,G24410A,G24914T,C25469T,T26767C	25376,25828		S:1273-1274,ORF3a:147-276	M:I82T,ORF3a:S26L,S:T19R,S:T95I,S:G142D,S:F157L,S:L390I,S:L452R,S:T478K,S:D614G,S:P681R,S:P809S,S:D950N,S:D1118Y	ORF3a:F146-,S:Y1272-			-22033A|24A&24E&22D&23C&24C&23F&24F&24B&rec&23I&24G&25A&24H&24D&24I&25B&25C	C22730A,C23987T,G24914T	0	1	3	4		NODE_0000627	C21846T,-22033A,C22730A,C23987T,G24914T	25376,25828	S:T95I,S:-156E,S:-157L,S:G158R,S:L390I,S:P809S,S:D1118Y	ORF3a:F146-,S:Y1272-	NODE_0000676	-22033A,C22730A,C23987T,G24914T	25376,25828	S:-156E,S:-157L,S:G158R,S:L390I,S:P809S,S:D1118Y	ORF3a:F146-,S:Y1272-	N/A	N/A	N/A	N/A	N/A	N/A	N/A	N/A	N/A	N/A	ORF1b:2404,S:1273-1274,ORF3a:147-276		3000	0	good	0	10	0	good	0	24	1	4.166667	good	9		0	good	0	S:1273-1274	1	ORF3a:147-276	1	75	mediocre		0	0	good	0		ORF1a,ORF6,ORF7a,ORF7b,ORF8,N,ORF9b	"When processing gene ""ORF1a"": The extracted gene sequence is empty or consists entirely from gaps;When processing gene ""ORF6"": The extracted gene sequence is empty or consists entirely from gaps;When processing gene ""ORF7a"": The extracted gene sequence is empty or consists entirely from gaps;When processing gene ""ORF7b"": The extracted gene sequence is empty or consists entirely from gaps;When processing gene ""ORF8"": The extracted gene sequence is empty or consists entirely from gaps;When processing gene ""N"": The extracted gene sequence is empty or consists entirely from gaps;When processing gene ""ORF9b"": The extracted gene sequence is empty or consists entirely from gaps"	
214	413_sub0	21J	21J (Delta)	Delta	21J	B.1.617.2.4	AY.4	56.250000	mediocre	14	8	0	1	0	0	6	3	0	1058	18385	20678	26839	0.206066280975153	E:1,M:0.47085201793721976,ORF1b:0.1083086053412463,ORF3a:1,S:0.17032967032967034	false	C21618G,C21846T,G21987A,T22917G,C22995A,A23403G,C23604G,C23987T,G24410A,G24914T,C25469T,T25828G,A26358G,T26767C	22031-22036,22211,25367		S:218-1274	M:I82T,ORF3a:S26L,ORF3a:F146V,S:T19R,S:T95I,S:G142D	S:F157-,S:R158-,S:P217-				C23987T,G24914T,T25828G,A26358G	0	0	4	4		NODE_0000627	C21846T,C23987T,G24914T,T25828G,A26358G	22035-22036,22211,25367	ORF3a:F146V,S:T95I,S:-156E	S:G158-,S:P217-	NODE_0000676	C23987T,G24914T,T25828G,A26358G	22035-22036,22211,25367	ORF3a:F146V,S:-156E	S:G158-,S:P217-	N/A	N/A	N/A	N/A	N/A	N/A	N/A	N/A	N/A	N/A	ORF1b:2404,S:218-1274		3000	0	good	0	10	0	good	0	24	-1	0	good	7		0	good	0	S:218-1274	1		0	75	mediocre		0	0	good	0		ORF1a,ORF6,ORF7a,ORF7b,ORF8,N,ORF9b	"When processing gene ""ORF1a"": The extracted gene sequence is empty or consists entirely from gaps;When processing gene ""ORF6"": The extracted gene sequence is empty or consists entirely from gaps;When processing gene ""ORF7a"": The extracted gene sequence is empty or consists entirely from gaps;When processing gene ""ORF7b"": The extracted gene sequence is empty or consists entirely from gaps;When processing gene ""ORF8"": The extracted gene sequence is empty or consists entirely from gaps;When processing gene ""N"": The extracted gene sequence is empty or consists entirely from gaps;When processing gene ""ORF9b"": The extracted gene sequence is empty or consists entirely from gaps"	
212	1949_sub0	21J	21J (Delta)	Delta	21J	B.1.617.2.4	AY.4	225	bad	14	5	0	2	0	0	6	3	0	1121	18400	20678	26839	0.206066280975153	E:1,M:0.47085201793721976,ORF1b:0.1083086053412463,ORF3a:0.9891304347826086,S:0.12323390894819466	false	T21346C,C21618G,C21846T,G21987A,T22917G,C22995A,A23403G,C23604G,C23987T,G24410A,G24914T,C25469T,C26208T,T26767C	22030-22033,26209		S:158-1274,ORF3a:274-276	M:I82T,ORF1b:F2627L,ORF3a:S26L,S:T19R,S:T95I,S:G142D	ORF3a:V273-,S:E156-,S:F157-				T21346C,C23987T,G24914T,C26208T	0	0	4	4		NODE_0000627	T21346C,C21846T,C23987T,G24914T,C26208T	26209	ORF1b:F2627L,S:T95I	ORF3a:V273-	NODE_0000676	T21346C,C23987T,G24914T,C26208T	26209	ORF1b:F2627L	ORF3a:V273-	N/A	N/A	N/A	N/A	N/A	N/A	N/A	N/A	N/A	N/A	ORF1b:2404,S:158-1274,ORF3a:274-276		3000	0	good	0	10	0	good	0	24	-3	0	good	5		0	good	0	S:158-1274,ORF3a:274-276	2		0	150	bad		0	0	good	0		ORF1a,ORF6,ORF7a,ORF7b,ORF8,N,ORF9b	"When processing gene ""ORF1a"": The extracted gene sequence is empty or consists entirely from gaps;When processing gene ""ORF6"": The extracted gene sequence is empty or consists entirely from gaps;When processing gene ""ORF7a"": The extracted gene sequence is empty or consists entirely from gaps;When processing gene ""ORF7b"": The extracted gene sequence is empty or consists entirely from gaps;When processing gene ""ORF8"": The extracted gene sequence is empty or consists entirely from gaps;When processing gene ""N"": The extracted gene sequence is empty or consists entirely from gaps;When processing gene ""ORF9b"": The extracted gene sequence is empty or consists entirely from gaps"	
213	1074_sub0	21J	21J (Delta)	Delta	21J	B.1.617.2.4	AY.4	56.250000	mediocre	15	5	0	1	0	0	7	2	0	1117	18404	20678	26839	0.206066280975153	E:1,M:0.47085201793721976,ORF1b:0.1083086053412463,ORF3a:1,S:0.12401883830455258	false	T21539C,C21618G,C21846T,A21972G,G21987A,T22170G,T22917G,C22995A,A23403G,C23604G,C23987T,G24410A,G24914T,C25469T,T26767C	22031-22035		S:159-1274	M:I82T,ORF1b:V2691A,ORF3a:S26L,S:T19R,S:T95I,S:N137S,S:G142D	S:F157-,S:R158-				T21539C,A21972G,T22170G,C23987T,G24914T	0	0	5	5		NODE_0000627	T21539C,C21846T,A21972G,T22170G,C23987T,G24914T	22035	ORF1b:V2691A,S:T95I,S:N137S,S:-156E	S:G158-	NODE_0000676	T21539C,A21972G,T22170G,C23987T,G24914T	22035	ORF1b:V2691A,S:N137S,S:-156E	S:G158-	N/A	N/A	N/A	N/A	N/A	N/A	N/A	N/A	N/A	N/A	ORF1b:2404,S:159-1274		3000	0	good	0	10	0	good	0	24	-2	0	good	6		0	good	0	S:159-1274	1		0	75	mediocre		0	0	good	0		ORF1a,ORF6,ORF7a,ORF7b,ORF8,N,ORF9b	"When processing gene ""ORF1a"": The extracted gene sequence is empty or consists entirely from gaps;When processing gene ""ORF6"": The extracted gene sequence is empty or consists entirely from gaps;When processing gene ""ORF7a"": The extracted gene sequence is empty or consists entirely from gaps;When processing gene ""ORF7b"": The extracted gene sequence is empty or consists entirely from gaps;When processing gene ""ORF8"": The extracted gene sequence is empty or consists entirely from gaps;When processing gene ""N"": The extracted gene sequence is empty or consists entirely from gaps;When processing gene ""ORF9b"": The extracted gene sequence is empty or consists entirely from gaps"	
219	1143_sub0	21J	21J (Delta)	Delta	21J	B.1.617.2.4	AY.4	56.250000	mediocre	13	6	0	1	0	0	6	2	0	914	18401	20678	26839	0.206066280975153	E:1,M:0.47085201793721976,ORF1b:0.1083086053412463,ORF3a:1,S:0.28335949764521196	false	C21618G,C21846T,G21987A,T22917G,C22995A,A23403G,C23604G,C23987T,C24365T,G24410A,G24914T,C25469T,T26767C	22031-22035,24774		S:159-1071	M:I82T,ORF3a:S26L,S:T19R,S:T95I,S:G142D,S:D1118Y	S:F157-,S:R158-				C23987T,C24365T,G24914T	0	0	3	3		NODE_0000627	C21846T,C23987T,C24365T,G24914T	22035,24774	S:T95I,S:-156E,S:D1118Y	S:G158-	NODE_0000676	C23987T,C24365T,G24914T	22035,24774	S:-156E,S:D1118Y	S:G158-	N/A	N/A	N/A	N/A	N/A	N/A	N/A	N/A	N/A	N/A	ORF1b:2404,S:159-1071		3000	0	good	0	10	0	good	0	24	-3	0	good	5		0	good	0	S:159-1071	1		0	75	mediocre		0	0	good	0		ORF1a,ORF6,ORF7a,ORF7b,ORF8,N,ORF9b	"When processing gene ""ORF1a"": The extracted gene sequence is empty or consists entirely from gaps;When processing gene ""ORF6"": The extracted gene sequence is empty or consists entirely from gaps;When processing gene ""ORF7a"": The extracted gene sequence is empty or consists entirely from gaps;When processing gene ""ORF7b"": The extracted gene sequence is empty or consists entirely from gaps;When processing gene ""ORF8"": The extracted gene sequence is empty or consists entirely from gaps;When processing gene ""N"": The extracted gene sequence is empty or consists entirely from gaps;When processing gene ""ORF9b"": The extracted gene sequence is empty or consists entirely from gaps"	
218	1049_sub0	21J	21J (Delta)	Delta	21J	B.1.617.2.4	AY.4	56.250000	mediocre	13	4	0	1	0	0	5	2	0	1118	18414	20678	26839	0.206066280975153	E:1,M:0.47085201793721976,ORF1b:0.1083086053412463,ORF3a:1,S:0.12323390894819466	false	C21618G,C21846T,G21987A,T22917G,C22995A,A23403G,C23604G,C23987T,G24410A,T24573C,G24914T,C25469T,T26767C	22030-22033		S:158-1274	M:I82T,ORF3a:S26L,S:T19R,S:T95I,S:G142D	S:E156-,S:F157-				C23987T,T24573C,G24914T	0	0	3	3		NODE_0000627	C21846T,C23987T,T24573C,G24914T		S:T95I		NODE_0000676	C23987T,T24573C,G24914T				N/A	N/A	N/A	N/A	N/A	N/A	N/A	N/A	N/A	N/A	ORF1b:2404,S:158-1274		3000	0	good	0	10	0	good	0	24	-5	0	good	3		0	good	0	S:158-1274	1		0	75	mediocre		0	0	good	0		ORF1a,ORF6,ORF7a,ORF7b,ORF8,N,ORF9b	"When processing gene ""ORF1a"": The extracted gene sequence is empty or consists entirely from gaps;When processing gene ""ORF6"": The extracted gene sequence is empty or consists entirely from gaps;When processing gene ""ORF7a"": The extracted gene sequence is empty or consists entirely from gaps;When processing gene ""ORF7b"": The extracted gene sequence is empty or consists entirely from gaps;When processing gene ""ORF8"": The extracted gene sequence is empty or consists entirely from gaps;When processing gene ""N"": The extracted gene sequence is empty or consists entirely from gaps;When processing gene ""ORF9b"": The extracted gene sequence is empty or consists entirely from gaps"	
217	100_sub0	21J	21J (Delta)	Delta	21J	B.1.617.2.4	AY.4	56.250000	mediocre	16	7	0	1	0	0	14	3	0	204	18385	20678	26839	0.206066280975153	E:1,M:0.47085201793721976,ORF1b:0.1083086053412463,ORF3a:1,S:0.8406593406593407	false	C21618G,C21846T,G21987A,T22856C,T22917G,C22995A,A23403G,C23604G,C23987T,G24410A,T24529C,G24914T,C25469T,A26400G,T26767C,G26814A	22029-22034,24774		S:1072-1274	M:I82T,M:A98T,ORF3a:S26L,S:T19R,S:T95I,S:G142D,S:R158G,S:C432R,S:L452R,S:T478K,S:D614G,S:P681R,S:P809S,S:D950N	S:E156-,S:F157-,S:Q1071-				T22856C,C23987T,T24529C,G24914T,A26400G,G26814A	0	0	6	6		NODE_0000627	C21846T,T22856C,C23987T,T24529C,G24914T,A26400G,G26814A	24774	M:A98T,S:T95I,S:C432R,S:P809S	S:Q1071-	NODE_0000676	T22856C,C23987T,T24529C,G24914T,A26400G,G26814A	24774	M:A98T,S:C432R,S:P809S	S:Q1071-	N/A	N/A	N/A	N/A	N/A	N/A	N/A	N/A	N/A	N/A	ORF1b:2404,S:1072-1274		3000	0	good	0	10	0	good	0	24	-1	0	good	7		0	good	0	S:1072-1274	1		0	75	mediocre		0	0	good	0		ORF1a,ORF6,ORF7a,ORF7b,ORF8,N,ORF9b	"When processing gene ""ORF1a"": The extracted gene sequence is empty or consists entirely from gaps;When processing gene ""ORF6"": The extracted gene sequence is empty or consists entirely from gaps;When processing gene ""ORF7a"": The extracted gene sequence is empty or consists entirely from gaps;When processing gene ""ORF7b"": The extracted gene sequence is empty or consists entirely from gaps;When processing gene ""ORF8"": The extracted gene sequence is empty or consists entirely from gaps;When processing gene ""N"": The extracted gene sequence is empty or consists entirely from gaps;When processing gene ""ORF9b"": The extracted gene sequence is empty or consists entirely from gaps"	
220	1699_sub0	21J	21J (Delta)	Delta	21J	B.1.617.2.4	AY.4	0	good	14	6	0	0	0	0	13	2	0	1	18404	20678	26839	0.206066280975153	E:1,M:0.47085201793721976,ORF1b:0.1083086053412463,ORF3a:1,S:1	false	C21618G,C21846T,A21979G,G21987A,T22917G,C22995A,A23403G,C23604G,C23987T,G24410A,G24914T,C25469T,C26322T,T26767C	22029-22034			M:I82T,ORF3a:S26L,S:T19R,S:T95I,S:G142D,S:R158G,S:L452R,S:T478K,S:D614G,S:P681R,S:P809S,S:D950N,S:D1118Y	S:E156-,S:F157-				A21979G,C23987T,G24914T,C26322T	0	0	4	4		NODE_0000627	C21846T,A21979G,C23987T,G24914T,C26322T		S:T95I,S:P809S,S:D1118Y		NODE_0000676	A21979G,C23987T,G24914T,C26322T		S:P809S,S:D1118Y		N/A	N/A	N/A	N/A	N/A	N/A	N/A	N/A	N/A	N/A	ORF1b:2404		3000	0	good	0	10	0	good	0	24	-4	0	good	4		0	good	0		0		0	0	good		0	0	good	0		ORF1a,ORF6,ORF7a,ORF7b,ORF8,N,ORF9b	"When processing gene ""ORF1a"": The extracted gene sequence is empty or consists entirely from gaps;When processing gene ""ORF6"": The extracted gene sequence is empty or consists entirely from gaps;When processing gene ""ORF7a"": The extracted gene sequence is empty or consists entirely from gaps;When processing gene ""ORF7b"": The extracted gene sequence is empty or consists entirely from gaps;When processing gene ""ORF8"": The extracted gene sequence is empty or consists entirely from gaps;When processing gene ""N"": The extracted gene sequence is empty or consists entirely from gaps;When processing gene ""ORF9b"": The extracted gene sequence is empty or consists entirely from gaps"	
223	331_sub0	21J	21J (Delta)	Delta	21J	B.1.617.2.4	AY.4	56.250000	mediocre	13	5	1	1	0	0	5	3	0	1117	18406	20678	26839	0.206066280975153	E:1,M:0.47085201793721976,ORF1b:0.1083086053412463,ORF3a:1,S:0.12401883830455258	false	C21618G,C21846T,G21987A,A22029T,T22917G,C22995A,A23403G,C23604G,C23987T,G24410A,G24914T,C25469T,T26767C	22031-22035	26493:T	S:159-1274	M:I82T,ORF3a:S26L,S:T19R,S:T95I,S:G142D	S:E156-,S:F157-,S:R158-				-22029T,C23987T,G24914T	0	0	3	3		NODE_0000627	C21846T,-22029T,C23987T,G24914T	22035	S:T95I	S:G158-	NODE_0000676	-22029T,C23987T,G24914T	22035		S:G158-	N/A	N/A	N/A	N/A	N/A	N/A	N/A	N/A	N/A	N/A	ORF1b:2404,S:159-1274		3000	0	good	0	10	0	good	0	24	-4	0	good	4		0	good	0	S:159-1274	1		0	75	mediocre		0	0	good	0		ORF1a,ORF6,ORF7a,ORF7b,ORF8,N,ORF9b	"When processing gene ""ORF1a"": The extracted gene sequence is empty or consists entirely from gaps;When processing gene ""ORF6"": The extracted gene sequence is empty or consists entirely from gaps;When processing gene ""ORF7a"": The extracted gene sequence is empty or consists entirely from gaps;When processing gene ""ORF7b"": The extracted gene sequence is empty or consists entirely from gaps;When processing gene ""ORF8"": The extracted gene sequence is empty or consists entirely from gaps;When processing gene ""N"": The extracted gene sequence is empty or consists entirely from gaps;When processing gene ""ORF9b"": The extracted gene sequence is empty or consists entirely from gaps"	
222	1940_sub0	21J	21J (Delta)	Delta	21J	B.1.617.2.4	AY.4	56.250000	mediocre	15	5	0	1	0	0	5	3	0	1119	18404	20678	26839	0.206066280975153	E:1,M:0.47085201793721976,ORF1b:0.1083086053412463,ORF3a:1,S:0.12244897959183673	false	C21618G,C21846T,G21987A,T22032G,C22033T,A22034C,T22917G,C22995A,A23403G,C23604G,C23987T,G24410A,G24914T,C25469T,T26767C	22025-22029		S:157-1274	M:I82T,ORF3a:S26L,S:T19R,S:T95I,S:G142D	S:E154-,S:S155-,S:E156-				-22032G,-22033T,-22034C,C23987T,G24914T	0	0	5	5		NODE_0000627	C21846T,-22032G,-22033T,-22034C,C23987T,G24914T	22025-22028	S:T95I	S:E154-,S:S155-	NODE_0000676	-22032G,-22033T,-22034C,C23987T,G24914T	22025-22028		S:E154-,S:S155-	N/A	N/A	N/A	N/A	N/A	N/A	N/A	N/A	N/A	N/A	ORF1b:2404,S:157-1274		3000	0	good	0	10	0	good	0	24	-2	0	good	6		0	good	0	S:157-1274	1		0	75	mediocre		0	0	good	0		ORF1a,ORF6,ORF7a,ORF7b,ORF8,N,ORF9b	"When processing gene ""ORF1a"": The extracted gene sequence is empty or consists entirely from gaps;When processing gene ""ORF6"": The extracted gene sequence is empty or consists entirely from gaps;When processing gene ""ORF7a"": The extracted gene sequence is empty or consists entirely from gaps;When processing gene ""ORF7b"": The extracted gene sequence is empty or consists entirely from gaps;When processing gene ""ORF8"": The extracted gene sequence is empty or consists entirely from gaps;When processing gene ""N"": The extracted gene sequence is empty or consists entirely from gaps;When processing gene ""ORF9b"": The extracted gene sequence is empty or consists entirely from gaps"	
221	1827_sub0	21J	21J (Delta)	Delta	21J	B.1.617.2.4	AY.4	225	bad	12	7	1	2	0	0	12	3	0	493	18395	20678	26839	0.206066280975153	E:1,M:0.47085201793721976,ORF1b:0.1083086053412463,ORF3a:0.19927536231884058,S:0.7872841444270016	false	C21618G,C21846T,G21987A,T22917G,C22995A,A23403G,C23604G,C23987T,G24410A,G24914T,C25469T,T26767C	22029-22034,24569	25557:T	S:1004-1274,ORF3a:56-276	M:I82T,ORF3a:S26L,S:T19R,S:T95I,S:G142D,S:R158G,S:L452R,S:T478K,S:D614G,S:P681R,S:P809S,S:D950N	S:E156-,S:F157-,S:S1003-				C23987T,G24914T	0	0	2	2		NODE_0000627	C21846T,C23987T,G24914T	24569	S:T95I,S:P809S	S:S1003-	NODE_0000676	C23987T,G24914T	24569	S:P809S	S:S1003-	N/A	N/A	N/A	N/A	N/A	N/A	N/A	N/A	N/A	N/A	ORF1b:2404,S:1004-1274,ORF3a:56-276		3000	0	good	0	10	0	good	0	24	-5	0	good	3		0	good	0	S:1004-1274,ORF3a:56-276	2		0	150	bad		0	0	good	0		ORF1a,ORF6,ORF7a,ORF7b,ORF8,N,ORF9b	"When processing gene ""ORF1a"": The extracted gene sequence is empty or consists entirely from gaps;When processing gene ""ORF6"": The extracted gene sequence is empty or consists entirely from gaps;When processing gene ""ORF7a"": The extracted gene sequence is empty or consists entirely from gaps;When processing gene ""ORF7b"": The extracted gene sequence is empty or consists entirely from gaps;When processing gene ""ORF8"": The extracted gene sequence is empty or consists entirely from gaps;When processing gene ""N"": The extracted gene sequence is empty or consists entirely from gaps;When processing gene ""ORF9b"": The extracted gene sequence is empty or consists entirely from gaps"	
224	1345_sub0	21J	21J (Delta)	Delta	21J	B.1.617.2.4	AY.4	56.250000	mediocre	13	1	0	1	0	0	5	1	0	1119	18423	20678	26839	0.206066280975153	E:1,M:0.47085201793721976,ORF1b:0.1083086053412463,ORF3a:1,S:0.12244897959183673	false	C21618G,C21846T,G21987A,C22033A,T22917G,C22995A,A23403G,C23604G,C23987T,G24410A,G24914T,C25469T,T26767C	22030		S:157-1274	M:I82T,ORF3a:S26L,S:T19R,S:T95I,S:G142D	S:E156-			-22033A|24A&24E&22D&23C&24C&23F&24F&24B&rec&23I&24G&25A&24H&24D&24I&25B&25C	C23987T,G24914T	0	1	2	3		NODE_0000627	C21846T,-22033A,C23987T,G24914T		S:T95I		NODE_0000676	-22033A,C23987T,G24914T				N/A	N/A	N/A	N/A	N/A	N/A	N/A	N/A	N/A	N/A	ORF1b:2404,S:157-1274		3000	0	good	0	10	0	good	0	24	-2	0	good	6		0	good	0	S:157-1274	1		0	75	mediocre		0	0	good	0		ORF1a,ORF6,ORF7a,ORF7b,ORF8,N,ORF9b	"When processing gene ""ORF1a"": The extracted gene sequence is empty or consists entirely from gaps;When processing gene ""ORF6"": The extracted gene sequence is empty or consists entirely from gaps;When processing gene ""ORF7a"": The extracted gene sequence is empty or consists entirely from gaps;When processing gene ""ORF7b"": The extracted gene sequence is empty or consists entirely from gaps;When processing gene ""ORF8"": The extracted gene sequence is empty or consists entirely from gaps;When processing gene ""N"": The extracted gene sequence is empty or consists entirely from gaps;When processing gene ""ORF9b"": The extracted gene sequence is empty or consists entirely from gaps"	
225	22_sub0	21J	21J (Delta)	Delta	21J	B.1.617.2.4	AY.4	0	good	12	6	0	0	0	0	13	2	0	1	18412	20678	26839	0.206066280975153	E:1,M:0.47085201793721976,ORF1b:0.1083086053412463,ORF3a:1,S:1	false	C21618G,C21846T,G21987A,T22917G,C22995A,A23403G,C23604G,C23987T,G24410A,G24914T,C25469T,T26767C	22029-22034			M:I82T,ORF3a:S26L,S:T19R,S:T95I,S:G142D,S:R158G,S:L452R,S:T478K,S:D614G,S:P681R,S:P809S,S:D950N,S:D1118Y	S:E156-,S:F157-				C23987T,G24914T	0	0	2	2		NODE_0000627	C21846T,C23987T,G24914T		S:T95I,S:P809S,S:D1118Y		NODE_0000676	C23987T,G24914T		S:P809S,S:D1118Y		N/A	N/A	N/A	N/A	N/A	N/A	N/A	N/A	N/A	N/A	ORF1b:2404		3000	0	good	0	10	0	good	0	24	-6	0	good	2		0	good	0		0		0	0	good		0	0	good	0		ORF1a,ORF6,ORF7a,ORF7b,ORF8,N,ORF9b	"When processing gene ""ORF1a"": The extracted gene sequence is empty or consists entirely from gaps;When processing gene ""ORF6"": The extracted gene sequence is empty or consists entirely from gaps;When processing gene ""ORF7a"": The extracted gene sequence is empty or consists entirely from gaps;When processing gene ""ORF7b"": The extracted gene sequence is empty or consists entirely from gaps;When processing gene ""ORF8"": The extracted gene sequence is empty or consists entirely from gaps;When processing gene ""N"": The extracted gene sequence is empty or consists entirely from gaps;When processing gene ""ORF9b"": The extracted gene sequence is empty or consists entirely from gaps"	
226	1356_sub0	21J	21J (Delta)	Delta	21J	B.1.617.2.4	AY.4	225	bad	12	4	1	2	0	0	4	2	0	1280	18411	20678	26839	0.206066280975153	E:1,M:0,ORF1b:0.1083086053412463,ORF3a:1,S:0.12323390894819466	false	C21618G,C21846T,G21987A,T22917G,C22995A,A23403G,C23604G,C23987T,G24410A,G24914T,C25469T,T26767C	22030-22033	26705:T	S:158-1274,M:62-223	ORF3a:S26L,S:T19R,S:T95I,S:G142D	S:E156-,S:F157-				C23987T,G24914T	0	0	2	2		NODE_0000627	C21846T,C23987T,G24914T		S:T95I		NODE_0000676	C23987T,G24914T				N/A	N/A	N/A	N/A	N/A	N/A	N/A	N/A	N/A	N/A	ORF1b:2404,S:158-1274,M:62-223		3000	0	good	0	10	0	good	0	24	-6	0	good	2		0	good	0	S:158-1274,M:62-223	2		0	150	bad		0	0	good	0		ORF1a,ORF6,ORF7a,ORF7b,ORF8,N,ORF9b	"When processing gene ""ORF1a"": The extracted gene sequence is empty or consists entirely from gaps;When processing gene ""ORF6"": The extracted gene sequence is empty or consists entirely from gaps;When processing gene ""ORF7a"": The extracted gene sequence is empty or consists entirely from gaps;When processing gene ""ORF7b"": The extracted gene sequence is empty or consists entirely from gaps;When processing gene ""ORF8"": The extracted gene sequence is empty or consists entirely from gaps;When processing gene ""N"": The extracted gene sequence is empty or consists entirely from gaps;When processing gene ""ORF9b"": The extracted gene sequence is empty or consists entirely from gaps"	
227	1381_sub0	21J	21J (Delta)	Delta	21J	B.1.617.2.4	AY.4	56.250000	mediocre	14	7	1	1	0	0	7	2	0	730	18388	20678	26839	0.206066280975153	E:1,M:0.47085201793721976,ORF1b:0.1083086053412463,ORF3a:1,S:0.42778649921507067	false	C21618G,C21846T,G21987A,T22917G,C22995A,A23403G,C23604G,C23987T,G24410A,G24914T,C25132T,C25469T,A26489G,T26767C	22031-22035,22955-22956	24223:T	S:159-887	M:I82T,ORF3a:S26L,S:T19R,S:T95I,S:G142D,S:D950N,S:D1118Y	S:F157-,S:R158-				C23987T,G24914T,C25132T,A26489G	0	0	4	4		NODE_0000627	C21846T,C23987T,G24914T,C25132T,A26489G	22035,22955-22956	S:T95I,S:-156E,S:D1118Y	S:G158-	NODE_0000676	C23987T,G24914T,C25132T,A26489G	22035,22955-22956	S:-156E,S:D1118Y	S:G158-	N/A	N/A	N/A	N/A	N/A	N/A	N/A	N/A	N/A	N/A	ORF1b:2404,S:159-887		3000	0	good	0	10	0	good	0	24	-2	0	good	6		0	good	0	S:159-887	1		0	75	mediocre		0	0	good	0		ORF1a,ORF6,ORF7a,ORF7b,ORF8,N,ORF9b	"When processing gene ""ORF1a"": The extracted gene sequence is empty or consists entirely from gaps;When processing gene ""ORF6"": The extracted gene sequence is empty or consists entirely from gaps;When processing gene ""ORF7a"": The extracted gene sequence is empty or consists entirely from gaps;When processing gene ""ORF7b"": The extracted gene sequence is empty or consists entirely from gaps;When processing gene ""ORF8"": The extracted gene sequence is empty or consists entirely from gaps;When processing gene ""N"": The extracted gene sequence is empty or consists entirely from gaps;When processing gene ""ORF9b"": The extracted gene sequence is empty or consists entirely from gaps"	
229	2775_sub0	21J	21J (Delta)	Delta	21J	B.1.617.2.4	AY.4	226.562500	bad	15	5	0	2	0	0	6	3	0	980	18383	20678	26839	0.206066280975153	E:1,M:0.47085201793721976,ORF1b:0.1083086053412463,ORF3a:1,S:0.2315541601255887	false	C21618G,C21846T,G21987A,G22030A,C22033A,T22917G,C22995A,A23403G,C23604G,C23987T,G24410A,G24914T,C25366G,C25469T,T26767C	22031-22032,23555,23966,25376		S:158-664,S:803-1274	M:I82T,ORF3a:S26L,S:T19R,S:T95I,S:G142D,S:P681R	S:F157-,S:P665-,S:F802-			-22033A|24A&24E&22D&23C&24C&23F&24F&24B&rec&23I&24G&25A&24H&24D&24I&25B&25C	-22030A,C23987T,G24914T,C25366G	0	1	4	5		NODE_0000627	C21846T,-22030A,-22033A,C23987T,G24914T,C25366G	23555,23966,25376	S:T95I,S:-156E	S:P665-,S:F802-	NODE_0000676	-22030A,-22033A,C23987T,G24914T,C25366G	23555,23966,25376	S:-156E	S:P665-,S:F802-	N/A	N/A	N/A	N/A	N/A	N/A	N/A	N/A	N/A	N/A	ORF1b:2404,S:158-664,S:803-1274		3000	0	good	0	10	0	good	0	24	3	12.500000	good	11		0	good	0	S:158-664,S:803-1274	2		0	150	bad		0	0	good	0		ORF1a,ORF6,ORF7a,ORF7b,ORF8,N,ORF9b	"When processing gene ""ORF1a"": The extracted gene sequence is empty or consists entirely from gaps;When processing gene ""ORF6"": The extracted gene sequence is empty or consists entirely from gaps;When processing gene ""ORF7a"": The extracted gene sequence is empty or consists entirely from gaps;When processing gene ""ORF7b"": The extracted gene sequence is empty or consists entirely from gaps;When processing gene ""ORF8"": The extracted gene sequence is empty or consists entirely from gaps;When processing gene ""N"": The extracted gene sequence is empty or consists entirely from gaps;When processing gene ""ORF9b"": The extracted gene sequence is empty or consists entirely from gaps"	
231	1161_sub0	21J	21J (Delta)	Delta	21J	B.1.617.2.4	AY.4	56.250000	mediocre	12	5	0	1	0	0	5	2	0	1117	18416	20678	26839	0.206066280975153	E:1,M:0.47085201793721976,ORF1b:0.1083086053412463,ORF3a:1,S:0.12401883830455258	false	C21618G,C21846T,G21987A,T22917G,C22995A,A23403G,C23604G,C23987T,G24410A,G24914T,C25469T,T26767C	22031-22035		S:159-1274	M:I82T,ORF3a:S26L,S:T19R,S:T95I,S:G142D	S:F157-,S:R158-				C23987T,G24914T	0	0	2	2		NODE_0000627	C21846T,C23987T,G24914T	22035	S:T95I,S:-156E	S:G158-	NODE_0000676	C23987T,G24914T	22035	S:-156E	S:G158-	N/A	N/A	N/A	N/A	N/A	N/A	N/A	N/A	N/A	N/A	ORF1b:2404,S:159-1274		3000	0	good	0	10	0	good	0	24	-5	0	good	3		0	good	0	S:159-1274	1		0	75	mediocre		0	0	good	0		ORF1a,ORF6,ORF7a,ORF7b,ORF8,N,ORF9b	"When processing gene ""ORF1a"": The extracted gene sequence is empty or consists entirely from gaps;When processing gene ""ORF6"": The extracted gene sequence is empty or consists entirely from gaps;When processing gene ""ORF7a"": The extracted gene sequence is empty or consists entirely from gaps;When processing gene ""ORF7b"": The extracted gene sequence is empty or consists entirely from gaps;When processing gene ""ORF8"": The extracted gene sequence is empty or consists entirely from gaps;When processing gene ""N"": The extracted gene sequence is empty or consists entirely from gaps;When processing gene ""ORF9b"": The extracted gene sequence is empty or consists entirely from gaps"	
228	1102_sub0	21J	21J (Delta)	Delta	21J	B.1.617.2.4	AY.4	56.250000	mediocre	12	6	1	1	0	0	13	2	0	58	18405	20678	26839	0.206066280975153	E:0.25,M:0.47085201793721976,ORF1b:0.1083086053412463,ORF3a:1,S:1	false	C21618G,C21846T,G21987A,T22917G,C22995A,A23403G,C23604G,C23987T,G24410A,G24914T,C25469T,T26767C	22029-22034	26301:T	E:20-76	M:I82T,ORF3a:S26L,S:T19R,S:T95I,S:G142D,S:R158G,S:L452R,S:T478K,S:D614G,S:P681R,S:P809S,S:D950N,S:D1118Y	S:E156-,S:F157-				C23987T,G24914T	0	0	2	2		NODE_0000627	C21846T,C23987T,G24914T		S:T95I,S:P809S,S:D1118Y		NODE_0000676	C23987T,G24914T		S:P809S,S:D1118Y		N/A	N/A	N/A	N/A	N/A	N/A	N/A	N/A	N/A	N/A	ORF1b:2404,E:20-76		3000	0	good	0	10	0	good	0	24	-6	0	good	2		0	good	0	E:20-76	1		0	75	mediocre		0	0	good	0		ORF1a,ORF6,ORF7a,ORF7b,ORF8,N,ORF9b	"When processing gene ""ORF1a"": The extracted gene sequence is empty or consists entirely from gaps;When processing gene ""ORF6"": The extracted gene sequence is empty or consists entirely from gaps;When processing gene ""ORF7a"": The extracted gene sequence is empty or consists entirely from gaps;When processing gene ""ORF7b"": The extracted gene sequence is empty or consists entirely from gaps;When processing gene ""ORF8"": The extracted gene sequence is empty or consists entirely from gaps;When processing gene ""N"": The extracted gene sequence is empty or consists entirely from gaps;When processing gene ""ORF9b"": The extracted gene sequence is empty or consists entirely from gaps"	
232	6078_sub0	21J	21J (Delta)	Delta	21J	B.1.617.2.4	AY.4	0	good	12	6	0	0	0	0	13	2	0	1	18412	20678	26839	0.206066280975153	E:1,M:0.47085201793721976,ORF1b:0.1083086053412463,ORF3a:1,S:1	false	C21618G,C21846T,G21987A,T22917G,C22995A,A23403G,C23604G,C23987T,G24410A,G24914T,C25469T,T26767C	22029-22034			M:I82T,ORF3a:S26L,S:T19R,S:T95I,S:G142D,S:R158G,S:L452R,S:T478K,S:D614G,S:P681R,S:P809S,S:D950N,S:D1118Y	S:E156-,S:F157-				C23987T,G24914T	0	0	2	2		NODE_0000627	C21846T,C23987T,G24914T		S:T95I,S:P809S,S:D1118Y		NODE_0000676	C23987T,G24914T		S:P809S,S:D1118Y		N/A	N/A	N/A	N/A	N/A	N/A	N/A	N/A	N/A	N/A	ORF1b:2404		3000	0	good	0	10	0	good	0	24	-6	0	good	2		0	good	0		0		0	0	good		0	0	good	0		ORF1a,ORF6,ORF7a,ORF7b,ORF8,N,ORF9b	"When processing gene ""ORF1a"": The extracted gene sequence is empty or consists entirely from gaps;When processing gene ""ORF6"": The extracted gene sequence is empty or consists entirely from gaps;When processing gene ""ORF7a"": The extracted gene sequence is empty or consists entirely from gaps;When processing gene ""ORF7b"": The extracted gene sequence is empty or consists entirely from gaps;When processing gene ""ORF8"": The extracted gene sequence is empty or consists entirely from gaps;When processing gene ""N"": The extracted gene sequence is empty or consists entirely from gaps;When processing gene ""ORF9b"": The extracted gene sequence is empty or consists entirely from gaps"	
230	1883_sub0	21J	21J (Delta)	Delta	21J	B.1.617.2.4	AY.4	0	good	12	6	0	0	0	0	13	2	0	1	18412	20678	26839	0.206066280975153	E:1,M:0.47085201793721976,ORF1b:0.1083086053412463,ORF3a:1,S:1	false	C21618G,C21846T,G21987A,T22917G,C22995A,A23403G,C23604G,C23987T,G24410A,G24914T,C25469T,T26767C	22029-22034			M:I82T,ORF3a:S26L,S:T19R,S:T95I,S:G142D,S:R158G,S:L452R,S:T478K,S:D614G,S:P681R,S:P809S,S:D950N,S:D1118Y	S:E156-,S:F157-				C23987T,G24914T	0	0	2	2		NODE_0000627	C21846T,C23987T,G24914T		S:T95I,S:P809S,S:D1118Y		NODE_0000676	C23987T,G24914T		S:P809S,S:D1118Y		N/A	N/A	N/A	N/A	N/A	N/A	N/A	N/A	N/A	N/A	ORF1b:2404		3000	0	good	0	10	0	good	0	24	-6	0	good	2		0	good	0		0		0	0	good		0	0	good	0		ORF1a,ORF6,ORF7a,ORF7b,ORF8,N,ORF9b	"When processing gene ""ORF1a"": The extracted gene sequence is empty or consists entirely from gaps;When processing gene ""ORF6"": The extracted gene sequence is empty or consists entirely from gaps;When processing gene ""ORF7a"": The extracted gene sequence is empty or consists entirely from gaps;When processing gene ""ORF7b"": The extracted gene sequence is empty or consists entirely from gaps;When processing gene ""ORF8"": The extracted gene sequence is empty or consists entirely from gaps;When processing gene ""N"": The extracted gene sequence is empty or consists entirely from gaps;When processing gene ""ORF9b"": The extracted gene sequence is empty or consists entirely from gaps"	
233	1018_sub0	21J	21J (Delta)	Delta	21J	B.1.617.2.4	AY.4	56.423611	mediocre	15	2	1	1	0	0	6	0	0	1108	18406	20678	26839	0.206066280975153	E:1,M:0.47085201793721976,ORF1b:0.1083086053412463,ORF3a:1,S:0.13108320251177394	false	C21618G,C21846T,G21987A,G22030A,T22031A,C22033A,T22917G,C22995A,A23403G,C23604G,C23987T,G24410A,G24914T,C25469T,T26767C	22955-22956	22063:T	S:168-1274	M:I82T,ORF3a:S26L,S:T19R,S:T95I,S:G142D,S:F157I				-22033A|24A&24E&22D&23C&24C&23F&24F&24B&rec&23I&24G&25A&24H&24D&24I&25B&25C	-22030A,-22031A,C23987T,G24914T	0	1	4	5		NODE_0000627	C21846T,-22030A,-22031A,-22033A,C23987T,G24914T	22955-22956	S:T95I,S:-156E,S:-157I,S:G158R		NODE_0000676	-22030A,-22031A,-22033A,C23987T,G24914T	22955-22956	S:-156E,S:-157I,S:G158R		N/A	N/A	N/A	N/A	N/A	N/A	N/A	N/A	N/A	N/A	ORF1b:2404,S:168-1274		3000	0	good	0	10	0	good	0	24	1	4.166667	good	9		0	good	0	S:168-1274	1		0	75	mediocre		0	0	good	0		ORF1a,ORF6,ORF7a,ORF7b,ORF8,N,ORF9b	"When processing gene ""ORF1a"": The extracted gene sequence is empty or consists entirely from gaps;When processing gene ""ORF6"": The extracted gene sequence is empty or consists entirely from gaps;When processing gene ""ORF7a"": The extracted gene sequence is empty or consists entirely from gaps;When processing gene ""ORF7b"": The extracted gene sequence is empty or consists entirely from gaps;When processing gene ""ORF8"": The extracted gene sequence is empty or consists entirely from gaps;When processing gene ""N"": The extracted gene sequence is empty or consists entirely from gaps;When processing gene ""ORF9b"": The extracted gene sequence is empty or consists entirely from gaps"	
238	302_sub0	21J	21J (Delta)	Delta	21J	B.1.617.2.4	AY.4	56.250000	mediocre	13	5	0	1	0	0	6	2	0	1117	18412	20678	26839	0.206066280975153	E:1,M:0.47085201793721976,ORF1b:0.1083086053412463,ORF3a:1,S:0.12401883830455258	false	C21618G,C21846T,G21987A,T22917G,C22995A,A23403G,C23604G,C23987T,G24410A,G24914T,C25469T,G25776C,T26767C	22031-22035		S:159-1274	M:I82T,ORF3a:S26L,ORF3a:W128C,S:T19R,S:T95I,S:G142D	S:F157-,S:R158-				C23987T,G24914T,G25776C	0	0	3	3		NODE_0000627	C21846T,C23987T,G24914T,G25776C	22035	ORF3a:W128C,S:T95I,S:-156E	S:G158-	NODE_0000676	C23987T,G24914T,G25776C	22035	ORF3a:W128C,S:-156E	S:G158-	N/A	N/A	N/A	N/A	N/A	N/A	N/A	N/A	N/A	N/A	ORF1b:2404,S:159-1274		3000	0	good	0	10	0	good	0	24	-4	0	good	4		0	good	0	S:159-1274	1		0	75	mediocre		0	0	good	0		ORF1a,ORF6,ORF7a,ORF7b,ORF8,N,ORF9b	"When processing gene ""ORF1a"": The extracted gene sequence is empty or consists entirely from gaps;When processing gene ""ORF6"": The extracted gene sequence is empty or consists entirely from gaps;When processing gene ""ORF7a"": The extracted gene sequence is empty or consists entirely from gaps;When processing gene ""ORF7b"": The extracted gene sequence is empty or consists entirely from gaps;When processing gene ""ORF8"": The extracted gene sequence is empty or consists entirely from gaps;When processing gene ""N"": The extracted gene sequence is empty or consists entirely from gaps;When processing gene ""ORF9b"": The extracted gene sequence is empty or consists entirely from gaps"	
235	4403_sub0	21J	21J (Delta)	Delta	21J	B.1.617.2.4	AY.4	56.250000	mediocre	13	6	1	1	0	0	13	2	0	155	18401	20678	26839	0.206066280975153	E:1,M:0.47085201793721976,ORF1b:0.1083086053412463,ORF3a:1,S:0.8791208791208791	false	C21618G,C21846T,G21987A,T22917G,C22995A,A23403G,C23604G,C23987T,G24410A,G24914T,T25004C,C25469T,T26767C	22029-22034	24922:T	S:1121-1274	M:I82T,ORF3a:S26L,S:T19R,S:T95I,S:G142D,S:R158G,S:L452R,S:T478K,S:D614G,S:P681R,S:P809S,S:D950N,S:D1118Y	S:E156-,S:F157-				C23987T,G24914T,T25004C	0	0	3	3		NODE_0000627	C21846T,C23987T,G24914T,T25004C		S:T95I,S:P809S,S:D1118Y		NODE_0000676	C23987T,G24914T,T25004C		S:P809S,S:D1118Y		N/A	N/A	N/A	N/A	N/A	N/A	N/A	N/A	N/A	N/A	ORF1b:2404,S:1121-1274		3000	0	good	0	10	0	good	0	24	-5	0	good	3		0	good	0	S:1121-1274	1		0	75	mediocre		0	0	good	0		ORF1a,ORF6,ORF7a,ORF7b,ORF8,N,ORF9b	"When processing gene ""ORF1a"": The extracted gene sequence is empty or consists entirely from gaps;When processing gene ""ORF6"": The extracted gene sequence is empty or consists entirely from gaps;When processing gene ""ORF7a"": The extracted gene sequence is empty or consists entirely from gaps;When processing gene ""ORF7b"": The extracted gene sequence is empty or consists entirely from gaps;When processing gene ""ORF8"": The extracted gene sequence is empty or consists entirely from gaps;When processing gene ""N"": The extracted gene sequence is empty or consists entirely from gaps;When processing gene ""ORF9b"": The extracted gene sequence is empty or consists entirely from gaps"	
234	38_sub0	21J	21J (Delta)	Delta	21J	B.1.617.2.4	AY.4	506.250000	bad	12	8	1	3	0	0	6	4	0	1132	18378	20678	26839	0.206066280975153	E:1,M:0.47085201793721976,ORF1b:0.04562314540059347,ORF3a:0.822463768115942,S:0.28335949764521196	false	C21618G,C21846T,G21987A,T22917G,C22995A,A23403G,C23604G,C23987T,G24410A,G24914T,C25469T,T26767C	21046,22031-22035,24774,25705	25557:T	ORF1b:2528-2696,S:159-1071,ORF3a:56-104	M:I82T,ORF3a:S26L,S:T19R,S:T95I,S:G142D,S:D1118Y	ORF1b:D2527-,ORF3a:F105-,S:F157-,S:R158-				C23987T,G24914T	0	0	2	2		NODE_0000627	C21846T,C23987T,G24914T	21046,22035,24774,25705	S:T95I,S:-156E,S:D1118Y	ORF1b:D2527-,ORF3a:F105-,S:G158-	NODE_0000676	C23987T,G24914T	21046,22035,24774,25705	S:-156E,S:D1118Y	ORF1b:D2527-,ORF3a:F105-,S:G158-	N/A	N/A	N/A	N/A	N/A	N/A	N/A	N/A	N/A	N/A	ORF1b:2404,ORF1b:2528-2696,S:159-1071,ORF3a:56-104		3000	0	good	0	10	0	good	0	24	-2	0	good	6		0	good	0	ORF1b:2528-2696,S:159-1071,ORF3a:56-104	3		0	225	bad		0	0	good	0		ORF1a,ORF6,ORF7a,ORF7b,ORF8,N,ORF9b	"When processing gene ""ORF1a"": The extracted gene sequence is empty or consists entirely from gaps;When processing gene ""ORF6"": The extracted gene sequence is empty or consists entirely from gaps;When processing gene ""ORF7a"": The extracted gene sequence is empty or consists entirely from gaps;When processing gene ""ORF7b"": The extracted gene sequence is empty or consists entirely from gaps;When processing gene ""ORF8"": The extracted gene sequence is empty or consists entirely from gaps;When processing gene ""N"": The extracted gene sequence is empty or consists entirely from gaps;When processing gene ""ORF9b"": The extracted gene sequence is empty or consists entirely from gaps"	
236	132_sub0	21J	21J (Delta)	Delta	21J	B.1.617.2.4	AY.4	225	bad	11	7	1	2	0	0	5	2	0	944	18391	20678	26839	0.206066280975153	E:1,M:0.47085201793721976,ORF1b:0.1083086053412463,ORF3a:0.8913043478260869,S:0.28335949764521196	false	C21618G,C21846T,G21987A,T22917G,C22995A,A23403G,C23604G,C23987T,G24410A,G24914T,T26767C	22031-22035,24774,25469	25557:T	S:159-1071,ORF3a:27-55	M:I82T,S:T19R,S:T95I,S:G142D,S:D1118Y	S:F157-,S:R158-				C23987T,G24914T	0	0	2	2		NODE_0000627	C21846T,C23987T,G24914T	22035,24774,25469	S:T95I,S:-156E,S:D1118Y	S:G158-	NODE_0000676	C23987T,G24914T	22035,24774,25469	S:-156E,S:D1118Y	S:G158-	N/A	N/A	N/A	N/A	N/A	N/A	N/A	N/A	N/A	N/A	ORF1b:2404,S:159-1071,ORF3a:26-55		3000	0	good	0	10	0	good	0	24	-3	0	good	5		0	good	0	S:159-1071,ORF3a:27-55	2		0	150	bad		0	0	good	0		ORF1a,ORF6,ORF7a,ORF7b,ORF8,N,ORF9b	"When processing gene ""ORF1a"": The extracted gene sequence is empty or consists entirely from gaps;When processing gene ""ORF6"": The extracted gene sequence is empty or consists entirely from gaps;When processing gene ""ORF7a"": The extracted gene sequence is empty or consists entirely from gaps;When processing gene ""ORF7b"": The extracted gene sequence is empty or consists entirely from gaps;When processing gene ""ORF8"": The extracted gene sequence is empty or consists entirely from gaps;When processing gene ""N"": The extracted gene sequence is empty or consists entirely from gaps;When processing gene ""ORF9b"": The extracted gene sequence is empty or consists entirely from gaps"	
237	547_sub0	21J	21J (Delta)	Delta	21J	B.1.617.2.4	AY.4	225	bad	14	5	0	2	0	0	12	3	0	421	18394	20678	26839	0.206066280975153	E:1,M:0.47085201793721976,ORF1b:0.056750741839762614,ORF3a:1,S:0.7794348508634223	false	C21618G,C21846T,G21987A,G22030A,G22772A,T22917G,C22995A,A23403G,C23604G,C23987T,G24410A,G24914T,C25469T,T26767C	21136,22031-22033,24539		ORF1b:2558-2696,S:994-1274	M:I82T,ORF3a:S26L,S:T19R,S:T95I,S:G142D,S:G404S,S:L452R,S:T478K,S:D614G,S:P681R,S:P809S,S:D950N	ORF1b:K2557-,S:F157-,S:I993-				-22030A,G22772A,C23987T,G24914T	0	0	4	4		NODE_0000627	C21846T,-22030A,G22772A,C23987T,G24914T	21136,24539	S:T95I,S:-156E,S:G158R,S:G404S,S:P809S	ORF1b:K2557-,S:I993-	NODE_0000676	-22030A,G22772A,C23987T,G24914T	21136,24539	S:-156E,S:G158R,S:G404S,S:P809S	ORF1b:K2557-,S:I993-	N/A	N/A	N/A	N/A	N/A	N/A	N/A	N/A	N/A	N/A	ORF1b:2404,ORF1b:2558-2696,S:994-1274		3000	0	good	0	10	0	good	0	24	-2	0	good	6		0	good	0	ORF1b:2558-2696,S:994-1274	2		0	150	bad		0	0	good	0		ORF1a,ORF6,ORF7a,ORF7b,ORF8,N,ORF9b	"When processing gene ""ORF1a"": The extracted gene sequence is empty or consists entirely from gaps;When processing gene ""ORF6"": The extracted gene sequence is empty or consists entirely from gaps;When processing gene ""ORF7a"": The extracted gene sequence is empty or consists entirely from gaps;When processing gene ""ORF7b"": The extracted gene sequence is empty or consists entirely from gaps;When processing gene ""ORF8"": The extracted gene sequence is empty or consists entirely from gaps;When processing gene ""N"": The extracted gene sequence is empty or consists entirely from gaps;When processing gene ""ORF9b"": The extracted gene sequence is empty or consists entirely from gaps"	
239	1807_sub0	21J	21J (Delta)	Delta	21J	B.1.617.2.4	AY.4	56.250000	mediocre	16	3	1	1	0	0	2	0	0	1272	18399	20678	26839	0.206066280975153	E:1,M:0.47085201793721976,ORF1b:0.1083086053412463,ORF3a:1,S:0.002354788069073783	false	C21618G,C21846T,G21987A,G22030A,C22875A,T22917G,C22995A,A23403G,C23604G,A23945T,C23987T,G24410A,G24914T,G25361A,C25469T,T26767C	22031-22033	21571:T	S:4-1274	M:I82T,ORF3a:S26L					-22030A,C22875A,A23945T,C23987T,G24914T,G25361A	0	0	6	6		NODE_0000627	C21846T,-22030A,C22875A,A23945T,C23987T,G24914T,G25361A				NODE_0000676	-22030A,C22875A,A23945T,C23987T,G24914T,G25361A				N/A	N/A	N/A	N/A	N/A	N/A	N/A	N/A	N/A	N/A	ORF1b:2404,S:4-1274		3000	0	good	0	10	0	good	0	24	-2	0	good	6		0	good	0	S:4-1274	1		0	75	mediocre		0	0	good	0		ORF1a,ORF6,ORF7a,ORF7b,ORF8,N,ORF9b	"When processing gene ""ORF1a"": The extracted gene sequence is empty or consists entirely from gaps;When processing gene ""ORF6"": The extracted gene sequence is empty or consists entirely from gaps;When processing gene ""ORF7a"": The extracted gene sequence is empty or consists entirely from gaps;When processing gene ""ORF7b"": The extracted gene sequence is empty or consists entirely from gaps;When processing gene ""ORF8"": The extracted gene sequence is empty or consists entirely from gaps;When processing gene ""N"": The extracted gene sequence is empty or consists entirely from gaps;When processing gene ""ORF9b"": The extracted gene sequence is empty or consists entirely from gaps"	
240	4456_sub0	21J	21J (Delta)	Delta	21J	B.1.617.2.4	AY.4	113.194444	bad	16	1	1	2	0	0	8	1	0	1040	18405	20678	26839	0.206066280975153	E:1,M:0.47085201793721976,ORF1b:0.1083086053412463,ORF3a:0.2028985507246377,S:0.35714285714285715	false	C21618G,C21846T,G21987A,G22030T,T22032A,C22033A,T22917G,C22995A,A23157T,A23403G,C23604G,C23987T,G24410A,G24914T,C25469T,T26767C	25558	22927:T	S:456-1274,ORF3a:57-276	M:I82T,ORF3a:S26L,S:T19R,S:T95I,S:G142D,S:E156D,S:F157*,S:L452R	ORF3a:F56-			-22033A|24A&24E&22D&23C&24C&23F&24F&24B&rec&23I&24G&25A&24H&24D&24I&25B&25C	-22030T,-22032A,A23157T,C23987T,G24914T	0	1	5	6		NODE_0000627	C21846T,-22030T,-22032A,-22033A,A23157T,C23987T,G24914T	25558	S:T95I,S:-156D,S:-157*,S:G158R	ORF3a:F56-	NODE_0000676	-22030T,-22032A,-22033A,A23157T,C23987T,G24914T	25558	S:-156D,S:-157*,S:G158R	ORF3a:F56-	N/A	N/A	N/A	N/A	N/A	N/A	N/A	N/A	N/A	N/A	ORF1b:2404,S:456-1274,ORF3a:57-276		3000	0	good	0	10	0	good	0	24	2	8.333333	good	10		0	good	0	S:456-1274	1	ORF3a:57-276	1	75	mediocre	S:156	1	75	mediocre	0		ORF1a,ORF6,ORF7a,ORF7b,ORF8,N,ORF9b	"When processing gene ""ORF1a"": The extracted gene sequence is empty or consists entirely from gaps;When processing gene ""ORF6"": The extracted gene sequence is empty or consists entirely from gaps;When processing gene ""ORF7a"": The extracted gene sequence is empty or consists entirely from gaps;When processing gene ""ORF7b"": The extracted gene sequence is empty or consists entirely from gaps;When processing gene ""ORF8"": The extracted gene sequence is empty or consists entirely from gaps;When processing gene ""N"": The extracted gene sequence is empty or consists entirely from gaps;When processing gene ""ORF9b"": The extracted gene sequence is empty or consists entirely from gaps"	
241	1185_sub0	21J	21J (Delta)	Delta	21J	B.1.617.2.4	AY.4	506.250000	bad	13	6	0	3	0	0	4	4	0	1379	18388	20678	26839	0.206066280975153	E:1,M:0,ORF1b:0.03560830860534125,ORF3a:1,S:0.2315541601255887	false	C21618G,C21846T,G21987A,G22030A,T22917G,C22995A,A23403G,C23604G,C23987T,G24410A,G24914T,C25469T,T26767C	20965,22031-22033,22445,26580		ORF1b:2501-2696,S:296-1274,M:21-223	ORF3a:S26L,S:T19R,S:T95I,S:G142D	M:W20-,ORF1b:F2500-,S:F157-,S:P295-				-22030A,C23987T,G24914T	0	0	3	3		NODE_0000627	C21846T,-22030A,C23987T,G24914T	20965,22445,26580	S:T95I,S:-156E,S:G158R	M:W20-,ORF1b:F2500-,S:P295-	NODE_0000676	-22030A,C23987T,G24914T	20965,22445,26580	S:-156E,S:G158R	M:W20-,ORF1b:F2500-,S:P295-	N/A	N/A	N/A	N/A	N/A	N/A	N/A	N/A	N/A	N/A	ORF1b:2404,ORF1b:2501-2696,S:296-1274,M:21-223		3000	0	good	0	10	0	good	0	24	-2	0	good	6		0	good	0	ORF1b:2501-2696,S:296-1274,M:21-223	3		0	225	bad		0	0	good	0		ORF1a,ORF6,ORF7a,ORF7b,ORF8,N,ORF9b	"When processing gene ""ORF1a"": The extracted gene sequence is empty or consists entirely from gaps;When processing gene ""ORF6"": The extracted gene sequence is empty or consists entirely from gaps;When processing gene ""ORF7a"": The extracted gene sequence is empty or consists entirely from gaps;When processing gene ""ORF7b"": The extracted gene sequence is empty or consists entirely from gaps;When processing gene ""ORF8"": The extracted gene sequence is empty or consists entirely from gaps;When processing gene ""N"": The extracted gene sequence is empty or consists entirely from gaps;When processing gene ""ORF9b"": The extracted gene sequence is empty or consists entirely from gaps"	
245	300_sub0	21J	21J (Delta)	Delta	21J	B.1.617.2.4	AY.4	56.250000	mediocre	13	5	1	1	0	0	5	3	0	1117	18406	20678	26839	0.206066280975153	E:1,M:0.47085201793721976,ORF1b:0.1083086053412463,ORF3a:1,S:0.12401883830455258	false	C21618G,C21846T,G21987A,A22029T,T22917G,C22995A,A23403G,C23604G,C23987T,G24410A,G24914T,C25469T,T26767C	22031-22035	26493:T	S:159-1274	M:I82T,ORF3a:S26L,S:T19R,S:T95I,S:G142D	S:E156-,S:F157-,S:R158-				-22029T,C23987T,G24914T	0	0	3	3		NODE_0000627	C21846T,-22029T,C23987T,G24914T	22035	S:T95I	S:G158-	NODE_0000676	-22029T,C23987T,G24914T	22035		S:G158-	N/A	N/A	N/A	N/A	N/A	N/A	N/A	N/A	N/A	N/A	ORF1b:2404,S:159-1274		3000	0	good	0	10	0	good	0	24	-4	0	good	4		0	good	0	S:159-1274	1		0	75	mediocre		0	0	good	0		ORF1a,ORF6,ORF7a,ORF7b,ORF8,N,ORF9b	"When processing gene ""ORF1a"": The extracted gene sequence is empty or consists entirely from gaps;When processing gene ""ORF6"": The extracted gene sequence is empty or consists entirely from gaps;When processing gene ""ORF7a"": The extracted gene sequence is empty or consists entirely from gaps;When processing gene ""ORF7b"": The extracted gene sequence is empty or consists entirely from gaps;When processing gene ""ORF8"": The extracted gene sequence is empty or consists entirely from gaps;When processing gene ""N"": The extracted gene sequence is empty or consists entirely from gaps;When processing gene ""ORF9b"": The extracted gene sequence is empty or consists entirely from gaps"	
244	1141_sub0	21J	21J (Delta)	Delta	21J	B.1.617.2.4	AY.4	56.250000	mediocre	12	7	0	1	0	0	12	3	0	204	18401	20678	26839	0.206066280975153	E:1,M:0.47085201793721976,ORF1b:0.1083086053412463,ORF3a:1,S:0.8406593406593407	false	C21618G,C21846T,G21987A,T22917G,C22995A,A23403G,C23604G,C23987T,G24410A,G24914T,C25469T,T26767C	22029-22034,24774		S:1072-1274	M:I82T,ORF3a:S26L,S:T19R,S:T95I,S:G142D,S:R158G,S:L452R,S:T478K,S:D614G,S:P681R,S:P809S,S:D950N	S:E156-,S:F157-,S:Q1071-				C23987T,G24914T	0	0	2	2		NODE_0000627	C21846T,C23987T,G24914T	24774	S:T95I,S:P809S	S:Q1071-	NODE_0000676	C23987T,G24914T	24774	S:P809S	S:Q1071-	N/A	N/A	N/A	N/A	N/A	N/A	N/A	N/A	N/A	N/A	ORF1b:2404,S:1072-1274		3000	0	good	0	10	0	good	0	24	-5	0	good	3		0	good	0	S:1072-1274	1		0	75	mediocre		0	0	good	0		ORF1a,ORF6,ORF7a,ORF7b,ORF8,N,ORF9b	"When processing gene ""ORF1a"": The extracted gene sequence is empty or consists entirely from gaps;When processing gene ""ORF6"": The extracted gene sequence is empty or consists entirely from gaps;When processing gene ""ORF7a"": The extracted gene sequence is empty or consists entirely from gaps;When processing gene ""ORF7b"": The extracted gene sequence is empty or consists entirely from gaps;When processing gene ""ORF8"": The extracted gene sequence is empty or consists entirely from gaps;When processing gene ""N"": The extracted gene sequence is empty or consists entirely from gaps;When processing gene ""ORF9b"": The extracted gene sequence is empty or consists entirely from gaps"	
246	325_sub0	21J	21J (Delta)	Delta	21J	B.1.617.2.4	AY.4	0	good	14	3	0	0	0	0	13	1	0	1	18414	20678	26839	0.206066280975153	E:1,M:0.47085201793721976,ORF1b:0.1083086053412463,ORF3a:1,S:1	false	C21618G,C21846T,G21987A,G22030T,T22917G,C22995A,A23403G,C23604G,C23987T,G24410A,G24914T,T25171C,C25469T,T26767C	22031-22033			M:I82T,ORF3a:S26L,S:T19R,S:T95I,S:G142D,S:F157D,S:L452R,S:T478K,S:D614G,S:P681R,S:P809S,S:D950N,S:D1118Y	S:E156-				-22030T,C23987T,G24914T,T25171C	0	0	4	4		NODE_0000627	C21846T,-22030T,C23987T,G24914T,T25171C		S:T95I,S:-157D,S:G158R,S:P809S,S:D1118Y		NODE_0000676	-22030T,C23987T,G24914T,T25171C		S:-157D,S:G158R,S:P809S,S:D1118Y		N/A	N/A	N/A	N/A	N/A	N/A	N/A	N/A	N/A	N/A	ORF1b:2404		3000	0	good	0	10	0	good	0	24	-4	0	good	4		0	good	0		0		0	0	good		0	0	good	0		ORF1a,ORF6,ORF7a,ORF7b,ORF8,N,ORF9b	"When processing gene ""ORF1a"": The extracted gene sequence is empty or consists entirely from gaps;When processing gene ""ORF6"": The extracted gene sequence is empty or consists entirely from gaps;When processing gene ""ORF7a"": The extracted gene sequence is empty or consists entirely from gaps;When processing gene ""ORF7b"": The extracted gene sequence is empty or consists entirely from gaps;When processing gene ""ORF8"": The extracted gene sequence is empty or consists entirely from gaps;When processing gene ""N"": The extracted gene sequence is empty or consists entirely from gaps;When processing gene ""ORF9b"": The extracted gene sequence is empty or consists entirely from gaps"	
247	204_sub0	21J	21J (Delta)	Delta	21J	B.1.617.2.4	AY.4	225	bad	14	8	0	2	0	0	11	4	0	652	18383	20678	26839	0.206066280975153	E:1,M:0.47085201793721976,ORF1b:0.08902077151335312,ORF3a:1,S:0.5298273155416012	false	C21618G,C21846T,G21987A,T22451G,T22917G,C22995A,A23403G,C23604G,C23987T,G24410A,G24914T,C25469T,T26767C,T26808C	21399,22029-22034,23585		ORF1b:2645-2696,S:676-1274	M:I82T,M:F96L,ORF3a:S26L,S:T19R,S:T95I,S:G142D,S:R158G,S:S297A,S:L452R,S:T478K,S:D614G	ORF1b:M2644-,S:E156-,S:F157-,S:Q675-				T22451G,C23987T,G24914T,T26808C	0	0	4	4		NODE_0000627	C21846T,T22451G,C23987T,G24914T,T26808C	21399,23585	M:F96L,S:T95I,S:S297A	ORF1b:M2644-,S:Q675-	NODE_0000676	T22451G,C23987T,G24914T,T26808C	21399,23585	M:F96L,S:S297A	ORF1b:M2644-,S:Q675-	N/A	N/A	N/A	N/A	N/A	N/A	N/A	N/A	N/A	N/A	ORF1b:2404,ORF1b:2645-2696,S:676-1274		3000	0	good	0	10	0	good	0	24	-2	0	good	6		0	good	0	ORF1b:2645-2696,S:676-1274	2		0	150	bad		0	0	good	0		ORF1a,ORF6,ORF7a,ORF7b,ORF8,N,ORF9b	"When processing gene ""ORF1a"": The extracted gene sequence is empty or consists entirely from gaps;When processing gene ""ORF6"": The extracted gene sequence is empty or consists entirely from gaps;When processing gene ""ORF7a"": The extracted gene sequence is empty or consists entirely from gaps;When processing gene ""ORF7b"": The extracted gene sequence is empty or consists entirely from gaps;When processing gene ""ORF8"": The extracted gene sequence is empty or consists entirely from gaps;When processing gene ""N"": The extracted gene sequence is empty or consists entirely from gaps;When processing gene ""ORF9b"": The extracted gene sequence is empty or consists entirely from gaps"	
257	2683_sub0	21J	21J (Delta)	Delta	21J	B.1.617.2.4	AY.4	56.250000	mediocre	13	6	0	1	0	0	5	3	0	1115	18394	20678	26839	0.206066280975153	E:1,M:0.47085201793721976,ORF1b:0.1083086053412463,ORF3a:1,S:0.12558869701726844	false	C21618G,C21846T,G21987A,T22917G,C22995A,A23403G,C23604G,C23987T,C24365T,G24410A,G24914T,C25469T,T26767C	22030-22033,23966,25376		S:158-1271	M:I82T,ORF3a:S26L,S:T19R,S:T95I,S:G142D	S:E156-,S:F157-,S:Y1272-				C23987T,C24365T,G24914T	0	0	3	3		NODE_0000627	C21846T,C23987T,C24365T,G24914T	23966,25376	S:T95I	S:Y1272-	NODE_0000676	C23987T,C24365T,G24914T	23966,25376		S:Y1272-	N/A	N/A	N/A	N/A	N/A	N/A	N/A	N/A	N/A	N/A	ORF1b:2404,S:158-1271		3000	0	good	0	10	0	good	0	24	-3	0	good	5		0	good	0	S:158-1271	1		0	75	mediocre		0	0	good	0		ORF1a,ORF6,ORF7a,ORF7b,ORF8,N,ORF9b	"When processing gene ""ORF1a"": The extracted gene sequence is empty or consists entirely from gaps;When processing gene ""ORF6"": The extracted gene sequence is empty or consists entirely from gaps;When processing gene ""ORF7a"": The extracted gene sequence is empty or consists entirely from gaps;When processing gene ""ORF7b"": The extracted gene sequence is empty or consists entirely from gaps;When processing gene ""ORF8"": The extracted gene sequence is empty or consists entirely from gaps;When processing gene ""N"": The extracted gene sequence is empty or consists entirely from gaps;When processing gene ""ORF9b"": The extracted gene sequence is empty or consists entirely from gaps"	
242	2840_sub0	21J	21J (Delta)	Delta	21J	B.1.617.2.39	AY.39	56.250000	mediocre	17	6	0	1	0	0	9	2	0	914	18385	20678	26839	0.206066280975153	E:1,M:0.47085201793721976,ORF1b:0.1083086053412463,ORF3a:1,S:0.28335949764521196	false	T20708G,C20946G,T21153C,G21372T,C21618G,C21846T,G21987A,T22917G,C22995A,A23083G,A23403G,C23604G,G24410A,T25375G,C25469T,T25676C,T26767C	22031-22035,24774		S:159-1071	M:I82T,ORF1b:M2414R,ORF1b:Q2635H,ORF3a:S26L,ORF3a:L95S,S:T19R,S:T95I,S:G142D,S:H1271Q	S:F157-,S:R158-				T20708G,C20946G,T21153C,A23083G,T25375G,T25676C	0	0	6	6		NODE_0000627	T20708G,C20946G,T21153C,G21372T,C21846T,A23083G,T25375G,T25676C	22035,24774	ORF1b:M2414R,ORF1b:Q2635H,ORF3a:L95S,S:T95I,S:-156E,S:H1271Q	S:G158-	NODE_0000674	T20708G,C20946G,T21153C,A23083G,T25375G,T25676C	22035,24774	ORF1b:M2414R,ORF3a:L95S,S:-156E,S:H1271Q	S:G158-	N/A	N/A	N/A	N/A	N/A	N/A	N/A	N/A	N/A	N/A	ORF1b:2404,S:159-1071		3000	0	good	0	10	0	good	0	24	0	0	good	8		0	good	0	S:159-1071	1		0	75	mediocre		0	0	good	0		ORF1a,ORF6,ORF7a,ORF7b,ORF8,N,ORF9b	"When processing gene ""ORF1a"": The extracted gene sequence is empty or consists entirely from gaps;When processing gene ""ORF6"": The extracted gene sequence is empty or consists entirely from gaps;When processing gene ""ORF7a"": The extracted gene sequence is empty or consists entirely from gaps;When processing gene ""ORF7b"": The extracted gene sequence is empty or consists entirely from gaps;When processing gene ""ORF8"": The extracted gene sequence is empty or consists entirely from gaps;When processing gene ""N"": The extracted gene sequence is empty or consists entirely from gaps;When processing gene ""ORF9b"": The extracted gene sequence is empty or consists entirely from gaps"	
249	1048_sub0	21J	21J (Delta)	Delta	21J	B.1.617.2.4	AY.4	56.250000	mediocre	13	6	1	1	0	0	14	2	0	222	18401	20678	26839	0.206066280975153	E:1,M:0.47085201793721976,ORF1b:0.1083086053412463,ORF3a:0.19927536231884058,S:1	false	C21618G,C21846T,G21987A,T22917G,C22995A,A23403G,C23604G,G23954A,C23987T,G24410A,G24914T,C25469T,T26767C	22029-22034	25557:T	ORF3a:56-276	M:I82T,ORF3a:S26L,S:T19R,S:T95I,S:G142D,S:R158G,S:L452R,S:T478K,S:D614G,S:P681R,S:G798S,S:P809S,S:D950N,S:D1118Y	S:E156-,S:F157-				G23954A,C23987T,G24914T	0	0	3	3		NODE_0000627	C21846T,G23954A,C23987T,G24914T		S:T95I,S:G798S,S:P809S,S:D1118Y		NODE_0000676	G23954A,C23987T,G24914T		S:G798S,S:P809S,S:D1118Y		N/A	N/A	N/A	N/A	N/A	N/A	N/A	N/A	N/A	N/A	ORF1b:2404,ORF3a:56-276		3000	0	good	0	10	0	good	0	24	-5	0	good	3		0	good	0	ORF3a:56-276	1		0	75	mediocre		0	0	good	0		ORF1a,ORF6,ORF7a,ORF7b,ORF8,N,ORF9b	"When processing gene ""ORF1a"": The extracted gene sequence is empty or consists entirely from gaps;When processing gene ""ORF6"": The extracted gene sequence is empty or consists entirely from gaps;When processing gene ""ORF7a"": The extracted gene sequence is empty or consists entirely from gaps;When processing gene ""ORF7b"": The extracted gene sequence is empty or consists entirely from gaps;When processing gene ""ORF8"": The extracted gene sequence is empty or consists entirely from gaps;When processing gene ""N"": The extracted gene sequence is empty or consists entirely from gaps;When processing gene ""ORF9b"": The extracted gene sequence is empty or consists entirely from gaps"	
252	477_sub0	21J	21J (Delta)	Delta	21J	B.1.617.2.4	AY.4	56.250000	mediocre	14	5	0	1	0	0	5	2	0	1117	18408	20678	26839	0.206066280975153	E:1,M:0.47085201793721976,ORF1b:0.1083086053412463,ORF3a:1,S:0.12401883830455258	false	C21618G,C21846T,G21987A,T22917G,C22995A,A23403G,C23604G,C23987T,G24410A,T24648C,G24914T,C25469T,T26495C,T26767C	22031-22035		S:159-1274	M:I82T,ORF3a:S26L,S:T19R,S:T95I,S:G142D	S:F157-,S:R158-				C23987T,T24648C,G24914T,T26495C	0	0	4	4		NODE_0000627	C21846T,C23987T,T24648C,G24914T,T26495C	22035	S:T95I,S:-156E	S:G158-	NODE_0000676	C23987T,T24648C,G24914T,T26495C	22035	S:-156E	S:G158-	N/A	N/A	N/A	N/A	N/A	N/A	N/A	N/A	N/A	N/A	ORF1b:2404,S:159-1274		3000	0	good	0	10	0	good	0	24	-3	0	good	5		0	good	0	S:159-1274	1		0	75	mediocre		0	0	good	0		ORF1a,ORF6,ORF7a,ORF7b,ORF8,N,ORF9b	"When processing gene ""ORF1a"": The extracted gene sequence is empty or consists entirely from gaps;When processing gene ""ORF6"": The extracted gene sequence is empty or consists entirely from gaps;When processing gene ""ORF7a"": The extracted gene sequence is empty or consists entirely from gaps;When processing gene ""ORF7b"": The extracted gene sequence is empty or consists entirely from gaps;When processing gene ""ORF8"": The extracted gene sequence is empty or consists entirely from gaps;When processing gene ""N"": The extracted gene sequence is empty or consists entirely from gaps;When processing gene ""ORF9b"": The extracted gene sequence is empty or consists entirely from gaps"	
248	1500_sub0	21J	21J (Delta)	Delta	21J	B.1.617.2.4	AY.4	56.250000	mediocre	12	5	0	2	0	0	5	3	0	1338	18408	20678	26839	0.206066280975153	E:1,M:0.47085201793721976,ORF1b:0.1083086053412463,ORF3a:0.2028985507246377,S:0.12323390894819466	false	C21618G,C21846T,G21987A,T22917G,C22995A,A23403G,C23604G,C23987T,G24410A,G24914T,C25469T,T26767C	22030-22033,25558		S:158-1274,ORF3a:57-276	M:I82T,ORF3a:S26L,S:T19R,S:T95I,S:G142D	ORF3a:F56-,S:E156-,S:F157-				C23987T,G24914T	0	0	2	2		NODE_0000627	C21846T,C23987T,G24914T	25558	S:T95I	ORF3a:F56-	NODE_0000676	C23987T,G24914T	25558		ORF3a:F56-	N/A	N/A	N/A	N/A	N/A	N/A	N/A	N/A	N/A	N/A	ORF1b:2404,S:158-1274,ORF3a:57-276		3000	0	good	0	10	0	good	0	24	-5	0	good	3		0	good	0	S:158-1274	1	ORF3a:57-276	1	75	mediocre		0	0	good	0		ORF1a,ORF6,ORF7a,ORF7b,ORF8,N,ORF9b	"When processing gene ""ORF1a"": The extracted gene sequence is empty or consists entirely from gaps;When processing gene ""ORF6"": The extracted gene sequence is empty or consists entirely from gaps;When processing gene ""ORF7a"": The extracted gene sequence is empty or consists entirely from gaps;When processing gene ""ORF7b"": The extracted gene sequence is empty or consists entirely from gaps;When processing gene ""ORF8"": The extracted gene sequence is empty or consists entirely from gaps;When processing gene ""N"": The extracted gene sequence is empty or consists entirely from gaps;When processing gene ""ORF9b"": The extracted gene sequence is empty or consists entirely from gaps"	
256	1214_sub0	21J	21J (Delta)	Delta	21J	B.1.617.2.4	AY.4	56.250000	mediocre	13	6	0	1	0	0	8	3	0	618	18402	20678	26839	0.206066280975153	E:1,M:0.47085201793721976,ORF1b:0.1083086053412463,ORF3a:1,S:0.5156985871271585	false	C21618G,C21846T,T21925C,G21987A,T22917G,C22995A,A23403G,C23604G,C23987T,G24410A,G24914T,C25469T,T26767C	22031-22035,23888		S:159-775	M:I82T,ORF3a:S26L,S:T19R,S:T95I,S:G142D,S:P809S,S:D950N,S:D1118Y	S:F157-,S:R158-,S:K776-				T21925C,C23987T,G24914T	0	0	3	3		NODE_0000627	C21846T,T21925C,C23987T,G24914T	22035,23888	S:T95I,S:-156E,S:P809S,S:D1118Y	S:G158-,S:K776-	NODE_0000676	T21925C,C23987T,G24914T	22035,23888	S:-156E,S:P809S,S:D1118Y	S:G158-,S:K776-	N/A	N/A	N/A	N/A	N/A	N/A	N/A	N/A	N/A	N/A	ORF1b:2404,S:159-775		3000	0	good	0	10	0	good	0	24	-3	0	good	5		0	good	0	S:159-775	1		0	75	mediocre		0	0	good	0		ORF1a,ORF6,ORF7a,ORF7b,ORF8,N,ORF9b	"When processing gene ""ORF1a"": The extracted gene sequence is empty or consists entirely from gaps;When processing gene ""ORF6"": The extracted gene sequence is empty or consists entirely from gaps;When processing gene ""ORF7a"": The extracted gene sequence is empty or consists entirely from gaps;When processing gene ""ORF7b"": The extracted gene sequence is empty or consists entirely from gaps;When processing gene ""ORF8"": The extracted gene sequence is empty or consists entirely from gaps;When processing gene ""N"": The extracted gene sequence is empty or consists entirely from gaps;When processing gene ""ORF9b"": The extracted gene sequence is empty or consists entirely from gaps"	
254	1980_sub0	21J	21J (Delta)	Delta	21J	B.1.617.2.4	AY.4	225	bad	13	6	0	2	0	0	6	3	0	1257	18394	20678	26839	0.206066280975153	E:1,M:0.47085201793721976,ORF1b:0.1083086053412463,ORF3a:0.4927536231884058,S:0.12401883830455258	false	C20896A,C21618G,C21846T,G21987A,T22917G,C22995A,A23403G,C23604G,C23987T,G24410A,G24914T,C25469T,T26767C	22031-22034,25798,26024		S:159-1274,ORF3a:137-276	M:I82T,ORF1b:P2477T,ORF3a:S26L,S:T19R,S:T95I,S:G142D	ORF3a:K136-,S:F157-,S:R158-				C20896A,C23987T,G24914T	0	0	3	3		NODE_0000627	C20896A,C21846T,C23987T,G24914T	25798,26024	ORF1b:P2477T,S:T95I,S:-156E	ORF3a:K136-,S:G158-	NODE_0000676	C20896A,C23987T,G24914T	25798,26024	ORF1b:P2477T,S:-156E	ORF3a:K136-,S:G158-	N/A	N/A	N/A	N/A	N/A	N/A	N/A	N/A	N/A	N/A	ORF1b:2404,S:159-1274,ORF3a:137-276		3000	0	good	0	10	0	good	0	24	-3	0	good	5		0	good	0	S:159-1274,ORF3a:137-276	2		0	150	bad		0	0	good	0		ORF1a,ORF6,ORF7a,ORF7b,ORF8,N,ORF9b	"When processing gene ""ORF1a"": The extracted gene sequence is empty or consists entirely from gaps;When processing gene ""ORF6"": The extracted gene sequence is empty or consists entirely from gaps;When processing gene ""ORF7a"": The extracted gene sequence is empty or consists entirely from gaps;When processing gene ""ORF7b"": The extracted gene sequence is empty or consists entirely from gaps;When processing gene ""ORF8"": The extracted gene sequence is empty or consists entirely from gaps;When processing gene ""N"": The extracted gene sequence is empty or consists entirely from gaps;When processing gene ""ORF9b"": The extracted gene sequence is empty or consists entirely from gaps"	
253	174_sub0	21J	21J (Delta)	Delta	21J	B.1.617.2.4	AY.4	56.250000	mediocre	14	7	0	1	0	0	13	3	0	428	18394	20678	26839	0.206066280975153	E:1,M:0.47085201793721976,ORF1b:0.1083086053412463,ORF3a:1,S:0.6648351648351648	false	C21618G,C21846T,G21987A,C22664G,T22917G,C22995A,C23099T,A23403G,C23604G,C23987T,G24410A,G24914T,C25469T,T26767C	22029-22034,24101		S:848-1274	M:I82T,ORF3a:S26L,S:T19R,S:T95I,S:G142D,S:R158G,S:L368V,S:L452R,S:T478K,S:L513F,S:D614G,S:P681R,S:P809S	S:E156-,S:F157-,S:R847-				C22664G,C23099T,C23987T,G24914T	0	0	4	4		NODE_0000627	C21846T,C22664G,C23099T,C23987T,G24914T	24101	S:T95I,S:L368V,S:L513F,S:P809S	S:R847-	NODE_0000676	C22664G,C23099T,C23987T,G24914T	24101	S:L368V,S:L513F,S:P809S	S:R847-	N/A	N/A	N/A	N/A	N/A	N/A	N/A	N/A	N/A	N/A	ORF1b:2404,S:848-1274		3000	0	good	0	10	0	good	0	24	-3	0	good	5		0	good	0	S:848-1274	1		0	75	mediocre		0	0	good	0		ORF1a,ORF6,ORF7a,ORF7b,ORF8,N,ORF9b	"When processing gene ""ORF1a"": The extracted gene sequence is empty or consists entirely from gaps;When processing gene ""ORF6"": The extracted gene sequence is empty or consists entirely from gaps;When processing gene ""ORF7a"": The extracted gene sequence is empty or consists entirely from gaps;When processing gene ""ORF7b"": The extracted gene sequence is empty or consists entirely from gaps;When processing gene ""ORF8"": The extracted gene sequence is empty or consists entirely from gaps;When processing gene ""N"": The extracted gene sequence is empty or consists entirely from gaps;When processing gene ""ORF9b"": The extracted gene sequence is empty or consists entirely from gaps"	
250	1773_sub0	21J	21J (Delta)	Delta	21J	B.1.617.2.4	AY.4	285.590278	bad	17	3	0	2	0	0	9	1	0	784	18386	20678	26839	0.206066280975153	E:0.2631578947368421,M:0.47085201793721976,ORF1b:0.1083086053412463,ORF3a:1,S:0.4293563579277865	false	T20789C,C21618G,C21846T,G21987A,G22030A,T22032A,C22033A,T22917G,C22995A,A23403G,C23604G,C23987T,G24410A,A24879T,G24914T,C25469T,T26767C	23203,24774,26302		S:548-1274,E:21-76	M:I82T,ORF1b:V2441A,ORF3a:S26L,S:T19R,S:T95I,S:G142D,S:F157*,S:L452R,S:T478K	E:F20-			-22033A|24A&24E&22D&23C&24C&23F&24F&24B&rec&23I&24G&25A&24H&24D&24I&25B&25C	T20789C,-22030A,-22032A,C23987T,A24879T,G24914T	0	1	6	7		NODE_0000627	T20789C,C21846T,-22030A,-22032A,-22033A,C23987T,A24879T,G24914T	23203,24774,26302	ORF1b:V2441A,S:T95I,S:-156E,S:-157*,S:G158R	E:F20-	NODE_0000676	T20789C,-22030A,-22032A,-22033A,C23987T,A24879T,G24914T	23203,24774,26302	ORF1b:V2441A,S:-156E,S:-157*,S:G158R	E:F20-	N/A	N/A	N/A	N/A	N/A	N/A	N/A	N/A	N/A	N/A	ORF1b:2404,S:548-1274,E:21-76		3000	0	good	0	10	0	good	0	24	5	20.833333	good	13		0	good	0	S:548-1274,E:21-76	2		0	150	bad	S:156	1	75	mediocre	0		ORF1a,ORF6,ORF7a,ORF7b,ORF8,N,ORF9b	"When processing gene ""ORF1a"": The extracted gene sequence is empty or consists entirely from gaps;When processing gene ""ORF6"": The extracted gene sequence is empty or consists entirely from gaps;When processing gene ""ORF7a"": The extracted gene sequence is empty or consists entirely from gaps;When processing gene ""ORF7b"": The extracted gene sequence is empty or consists entirely from gaps;When processing gene ""ORF8"": The extracted gene sequence is empty or consists entirely from gaps;When processing gene ""N"": The extracted gene sequence is empty or consists entirely from gaps;When processing gene ""ORF9b"": The extracted gene sequence is empty or consists entirely from gaps"	
251	1602_sub0	21J	21J (Delta)	Delta	21J	B.1.617.2.4	AY.4	512.500000	bad	22	28	1	3	0	0	12	11	0	420	18284	20678	26839	0.206066280975153	E:1,M:0,ORF1b:0.028560830860534125,ORF3a:1,S:0.9960753532182104	false	C21618G,C21846T,G21987A,A22379C,T22917G,C22995A,A23403G,C23604G,C23987T,G24410A,G24914T,G25364A,T25375G,A25377G,C25469T,A26594T,G26595T,G26596T,C26600T,C26601T,A26603T,T26767C	22029-22034,25366-25367,26574-26593	20910:T	ORF1b:2482-2696,S:1270-1274,M:25-223	ORF3a:S26L,S:T19R,S:T95I,S:G142D,S:R158G,S:L452R,S:T478K,S:D614G,S:P681R,S:P809S,S:D950N,S:D1118Y	M:E18-,M:Q19-,M:W20-,M:N21-,M:L22-,M:V23-,M:I24-,S:E156-,S:F157-,S:V1268-,S:K1269-				A22379C,C23987T,G24914T,G25364A,T25375G,A25377G,A26594T,G26595T,G26596T,C26600T,C26601T,A26603T	0	0	12	12		NODE_0000627	C21846T,A22379C,C23987T,G24914T,G25364A,T25375G,A25377G,A26594T,G26595T,G26596T,C26600T,C26601T,A26603T	25366-25367,26574-26593	S:T95I,S:P809S,S:D1118Y	M:E18-,M:Q19-,M:W20-,M:N21-,M:L22-,M:V23-,M:I24-,S:V1268-,S:K1269-	NODE_0000676	A22379C,C23987T,G24914T,G25364A,T25375G,A25377G,A26594T,G26595T,G26596T,C26600T,C26601T,A26603T	25366-25367,26574-26593	S:P809S,S:D1118Y	M:E18-,M:Q19-,M:W20-,M:N21-,M:L22-,M:V23-,M:I24-,S:V1268-,S:K1269-	N/A	N/A	N/A	N/A	N/A	N/A	N/A	N/A	N/A	N/A	ORF1b:2404,ORF1b:2482-2696,S:1270-1274,M:25-223		3000	0	good	0	10	0	good	0	24	6	25	good	14		0	good	0	ORF1b:2482-2696,S:1270-1274,M:25-223	3		0	225	bad		0	0	good	0		ORF1a,ORF6,ORF7a,ORF7b,ORF8,N,ORF9b	"When processing gene ""ORF1a"": The extracted gene sequence is empty or consists entirely from gaps;When processing gene ""ORF6"": The extracted gene sequence is empty or consists entirely from gaps;When processing gene ""ORF7a"": The extracted gene sequence is empty or consists entirely from gaps;When processing gene ""ORF7b"": The extracted gene sequence is empty or consists entirely from gaps;When processing gene ""ORF8"": The extracted gene sequence is empty or consists entirely from gaps;When processing gene ""N"": The extracted gene sequence is empty or consists entirely from gaps;When processing gene ""ORF9b"": The extracted gene sequence is empty or consists entirely from gaps"	
263	1288_sub0	21J	21J (Delta)	Delta	21J	B.1.617.2.4	AY.4	0	good	17	6	0	0	0	0	16	2	0	1	18392	20678	26839	0.206066280975153	E:1,M:0.47085201793721976,ORF1b:0.1083086053412463,ORF3a:1,S:1	false	C21618G,C21846T,G21987A,A22294C,C22295G,A22296G,T22297G,A22298G,T22917G,C22995A,A23403G,C23604G,C23987T,G24410A,G24914T,C25469T,T26767C	22029-22034			M:I82T,ORF3a:S26L,S:T19R,S:T95I,S:G142D,S:R158G,S:L244F,S:H245G,S:R246G,S:L452R,S:T478K,S:D614G,S:P681R,S:P809S,S:D950N,S:D1118Y	S:E156-,S:F157-				A22294C,C22295G,A22296G,T22297G,A22298G,C23987T,G24914T	0	0	7	7		NODE_0000627	C21846T,A22294C,C22295G,A22296G,T22297G,A22298G,C23987T,G24914T		S:T95I,S:L244F,S:H245G,S:R246G,S:P809S,S:D1118Y		NODE_0000676	A22294C,C22295G,A22296G,T22297G,A22298G,C23987T,G24914T		S:L244F,S:H245G,S:R246G,S:P809S,S:D1118Y		N/A	N/A	N/A	N/A	N/A	N/A	N/A	N/A	N/A	N/A	ORF1b:2404		3000	0	good	0	10	0	good	0	24	-1	0	good	7		0	good	0		0		0	0	good		0	0	good	0		ORF1a,ORF6,ORF7a,ORF7b,ORF8,N,ORF9b	"When processing gene ""ORF1a"": The extracted gene sequence is empty or consists entirely from gaps;When processing gene ""ORF6"": The extracted gene sequence is empty or consists entirely from gaps;When processing gene ""ORF7a"": The extracted gene sequence is empty or consists entirely from gaps;When processing gene ""ORF7b"": The extracted gene sequence is empty or consists entirely from gaps;When processing gene ""ORF8"": The extracted gene sequence is empty or consists entirely from gaps;When processing gene ""N"": The extracted gene sequence is empty or consists entirely from gaps;When processing gene ""ORF9b"": The extracted gene sequence is empty or consists entirely from gaps"	
243	6207_sub0	21J	21J (Delta)	Delta	21J	B.1.617.2.4	AY.4	56.250000	mediocre	13	7	0	1	0	0	14	3	0	14	18397	20678	26839	0.206066280975153	E:1,M:0.47085201793721976,ORF1b:0.1083086053412463,ORF3a:1,S:0.9897959183673469	false	C21302G,C21618G,C21846T,G21987A,T22917G,C22995A,A23403G,C23604G,C23987T,G24410A,G24914T,C25469T,T26767C	22029-22034,25344		S:1262-1274	M:I82T,ORF1b:P2612R,ORF3a:S26L,S:T19R,S:T95I,S:G142D,S:R158G,S:L452R,S:T478K,S:D614G,S:P681R,S:P809S,S:D950N,S:D1118Y	S:E156-,S:F157-,S:S1261-				C21302G,C23987T,G24914T	0	0	3	3		NODE_0000627	C21302G,C21846T,C23987T,G24914T	25344	ORF1b:P2612R,S:T95I,S:P809S,S:D1118Y	S:S1261-	NODE_0000676	C21302G,C23987T,G24914T	25344	ORF1b:P2612R,S:P809S,S:D1118Y	S:S1261-	N/A	N/A	N/A	N/A	N/A	N/A	N/A	N/A	N/A	N/A	ORF1b:2404,S:1262-1274		3000	0	good	0	10	0	good	0	24	-4	0	good	4		0	good	0	S:1262-1274	1		0	75	mediocre		0	0	good	0		ORF1a,ORF6,ORF7a,ORF7b,ORF8,N,ORF9b	"When processing gene ""ORF1a"": The extracted gene sequence is empty or consists entirely from gaps;When processing gene ""ORF6"": The extracted gene sequence is empty or consists entirely from gaps;When processing gene ""ORF7a"": The extracted gene sequence is empty or consists entirely from gaps;When processing gene ""ORF7b"": The extracted gene sequence is empty or consists entirely from gaps;When processing gene ""ORF8"": The extracted gene sequence is empty or consists entirely from gaps;When processing gene ""N"": The extracted gene sequence is empty or consists entirely from gaps;When processing gene ""ORF9b"": The extracted gene sequence is empty or consists entirely from gaps"	
255	108_sub0	21J	21J (Delta)	Delta	21J	B.1.617.2.4	AY.4	56.250000	mediocre	14	2	0	1	0	0	5	2	0	1118	18417	20678	26839	0.206066280975153	E:1,M:0.47085201793721976,ORF1b:0.1083086053412463,ORF3a:1,S:0.12323390894819466	false	C21618G,C21846T,G21987A,A22029G,C22033G,T22917G,C22995A,A23403G,C23604G,C23987T,G24410A,G24914T,C25469T,T26767C	22031-22032		S:158-1274	M:I82T,ORF3a:S26L,S:T19R,S:T95I,S:G142D	S:E156-,S:F157-				-22029G,-22033G,C23987T,G24914T	0	0	4	4		NODE_0000627	C21846T,-22029G,-22033G,C23987T,G24914T		S:T95I		NODE_0000676	-22029G,-22033G,C23987T,G24914T				N/A	N/A	N/A	N/A	N/A	N/A	N/A	N/A	N/A	N/A	ORF1b:2404,S:158-1274		3000	0	good	0	10	0	good	0	24	-4	0	good	4		0	good	0	S:158-1274	1		0	75	mediocre		0	0	good	0		ORF1a,ORF6,ORF7a,ORF7b,ORF8,N,ORF9b	"When processing gene ""ORF1a"": The extracted gene sequence is empty or consists entirely from gaps;When processing gene ""ORF6"": The extracted gene sequence is empty or consists entirely from gaps;When processing gene ""ORF7a"": The extracted gene sequence is empty or consists entirely from gaps;When processing gene ""ORF7b"": The extracted gene sequence is empty or consists entirely from gaps;When processing gene ""ORF8"": The extracted gene sequence is empty or consists entirely from gaps;When processing gene ""N"": The extracted gene sequence is empty or consists entirely from gaps;When processing gene ""ORF9b"": The extracted gene sequence is empty or consists entirely from gaps"	
260	2244_sub0	21J	21J (Delta)	Delta	21J	B.1.617.2.4	AY.4	56.250000	mediocre	13	6	0	1	0	0	12	3	0	7	18402	20678	26839	0.206066280975153	E:1,M:0.47085201793721976,ORF1b:0.1083086053412463,ORF3a:1,S:0.9952904238618524	false	T21435G,C21618G,C21846T,G21987A,T22917G,C22995A,A23403G,C23604G,C23987T,G24410A,G24914T,C25469T,T26767C	22010,22031-22035		S:151-156	M:I82T,ORF3a:S26L,S:T19R,S:T95I,S:G142D,S:L452R,S:T478K,S:D614G,S:P681R,S:P809S,S:D950N,S:D1118Y	S:K150-,S:F157-,S:R158-				T21435G,C23987T,G24914T	0	0	3	3		NODE_0000627	T21435G,C21846T,C23987T,G24914T	22010,22035	S:T95I,S:P809S,S:D1118Y	S:K150-,S:G158-	NODE_0000676	T21435G,C23987T,G24914T	22010,22035	S:P809S,S:D1118Y	S:K150-,S:G158-	N/A	N/A	N/A	N/A	N/A	N/A	N/A	N/A	N/A	N/A	ORF1b:2404,S:151-156		3000	0	good	0	10	0	good	0	24	-3	0	good	5		0	good	0	S:151-156	1		0	75	mediocre		0	0	good	0		ORF1a,ORF6,ORF7a,ORF7b,ORF8,N,ORF9b	"When processing gene ""ORF1a"": The extracted gene sequence is empty or consists entirely from gaps;When processing gene ""ORF6"": The extracted gene sequence is empty or consists entirely from gaps;When processing gene ""ORF7a"": The extracted gene sequence is empty or consists entirely from gaps;When processing gene ""ORF7b"": The extracted gene sequence is empty or consists entirely from gaps;When processing gene ""ORF8"": The extracted gene sequence is empty or consists entirely from gaps;When processing gene ""N"": The extracted gene sequence is empty or consists entirely from gaps;When processing gene ""ORF9b"": The extracted gene sequence is empty or consists entirely from gaps"	
259	1554_sub0	21J	21J (Delta)	Delta	21J	B.1.617.2.4	AY.4	56.250000	mediocre	16	5	0	1	0	0	6	3	0	1117	18400	20678	26839	0.206066280975153	E:1,M:0.47085201793721976,ORF1b:0.1083086053412463,ORF3a:1,S:0.12401883830455258	false	C21618G,T21737C,C21846T,G21987A,A22029T,C22747T,T22917G,C22995A,A23403G,C23604G,C23987T,G24000A,G24410A,G24914T,C25469T,T26767C	22031-22035		S:159-1274	M:I82T,ORF3a:S26L,S:T19R,S:F59L,S:T95I,S:G142D	S:E156-,S:F157-,S:R158-				T21737C,-22029T,C22747T,C23987T,G24000A,G24914T	0	0	6	6		NODE_0000627	T21737C,C21846T,-22029T,C22747T,C23987T,G24000A,G24914T	22035	S:F59L,S:T95I	S:G158-	NODE_0000676	T21737C,-22029T,C22747T,C23987T,G24000A,G24914T	22035	S:F59L	S:G158-	N/A	N/A	N/A	N/A	N/A	N/A	N/A	N/A	N/A	N/A	ORF1b:2404,S:159-1274		3000	0	good	0	10	0	good	0	24	-1	0	good	7		0	good	0	S:159-1274	1		0	75	mediocre		0	0	good	0		ORF1a,ORF6,ORF7a,ORF7b,ORF8,N,ORF9b	"When processing gene ""ORF1a"": The extracted gene sequence is empty or consists entirely from gaps;When processing gene ""ORF6"": The extracted gene sequence is empty or consists entirely from gaps;When processing gene ""ORF7a"": The extracted gene sequence is empty or consists entirely from gaps;When processing gene ""ORF7b"": The extracted gene sequence is empty or consists entirely from gaps;When processing gene ""ORF8"": The extracted gene sequence is empty or consists entirely from gaps;When processing gene ""N"": The extracted gene sequence is empty or consists entirely from gaps;When processing gene ""ORF9b"": The extracted gene sequence is empty or consists entirely from gaps"	
258	1199_sub0	21J	21J (Delta)	Delta	21J	B.1.617.2.4	AY.4	56.250000	mediocre	14	6	0	1	0	0	6	3	0	914	18397	20678	26839	0.206066280975153	E:1,M:0.47085201793721976,ORF1b:0.1083086053412463,ORF3a:1,S:0.28335949764521196	false	C21618G,C21846T,G21987A,A22029T,T22917G,C22995A,C23216T,A23403G,C23604G,C23987T,G24410A,G24914T,C25469T,T26767C	22031-22035,24774		S:159-1071	M:I82T,ORF3a:S26L,S:T19R,S:T95I,S:G142D,S:D1118Y	S:E156-,S:F157-,S:R158-				-22029T,C23216T,C23987T,G24914T	0	0	4	4		NODE_0000627	C21846T,-22029T,C23216T,C23987T,G24914T	22035,24774	S:T95I,S:D1118Y	S:G158-	NODE_0000676	-22029T,C23216T,C23987T,G24914T	22035,24774	S:D1118Y	S:G158-	N/A	N/A	N/A	N/A	N/A	N/A	N/A	N/A	N/A	N/A	ORF1b:2404,S:159-1071		3000	0	good	0	10	0	good	0	24	-2	0	good	6		0	good	0	S:159-1071	1		0	75	mediocre		0	0	good	0		ORF1a,ORF6,ORF7a,ORF7b,ORF8,N,ORF9b	"When processing gene ""ORF1a"": The extracted gene sequence is empty or consists entirely from gaps;When processing gene ""ORF6"": The extracted gene sequence is empty or consists entirely from gaps;When processing gene ""ORF7a"": The extracted gene sequence is empty or consists entirely from gaps;When processing gene ""ORF7b"": The extracted gene sequence is empty or consists entirely from gaps;When processing gene ""ORF8"": The extracted gene sequence is empty or consists entirely from gaps;When processing gene ""N"": The extracted gene sequence is empty or consists entirely from gaps;When processing gene ""ORF9b"": The extracted gene sequence is empty or consists entirely from gaps"	
261	6010_sub0	21J	21J (Delta)	Delta	21J	B.1.617.2.4	AY.4	0	good	12	6	0	0	0	0	13	2	0	1	18412	20678	26839	0.206066280975153	E:1,M:0.47085201793721976,ORF1b:0.1083086053412463,ORF3a:1,S:1	false	C21618G,C21846T,G21987A,T22917G,C22995A,A23403G,C23604G,C23987T,G24410A,G24914T,C25469T,T26767C	22029-22034			M:I82T,ORF3a:S26L,S:T19R,S:T95I,S:G142D,S:R158G,S:L452R,S:T478K,S:D614G,S:P681R,S:P809S,S:D950N,S:D1118Y	S:E156-,S:F157-				C23987T,G24914T	0	0	2	2		NODE_0000627	C21846T,C23987T,G24914T		S:T95I,S:P809S,S:D1118Y		NODE_0000676	C23987T,G24914T		S:P809S,S:D1118Y		N/A	N/A	N/A	N/A	N/A	N/A	N/A	N/A	N/A	N/A	ORF1b:2404		3000	0	good	0	10	0	good	0	24	-6	0	good	2		0	good	0		0		0	0	good		0	0	good	0		ORF1a,ORF6,ORF7a,ORF7b,ORF8,N,ORF9b	"When processing gene ""ORF1a"": The extracted gene sequence is empty or consists entirely from gaps;When processing gene ""ORF6"": The extracted gene sequence is empty or consists entirely from gaps;When processing gene ""ORF7a"": The extracted gene sequence is empty or consists entirely from gaps;When processing gene ""ORF7b"": The extracted gene sequence is empty or consists entirely from gaps;When processing gene ""ORF8"": The extracted gene sequence is empty or consists entirely from gaps;When processing gene ""N"": The extracted gene sequence is empty or consists entirely from gaps;When processing gene ""ORF9b"": The extracted gene sequence is empty or consists entirely from gaps"	
265	1733_sub0	21J	21J (Delta)	Delta	21J	B.1.617.2.39	AY.39	225.173611	bad	13	4	1	2	0	0	6	2	0	1157	18406	20678	26839	0.206066280975153	E:0.4868421052631579,M:0.47085201793721976,ORF1b:0.1083086053412463,ORF3a:1,S:0.12323390894819466	false	G21372T,C21618G,C21846T,G21987A,T22917G,C22995A,A23403G,C23604G,G24410A,C25469T,T25676C,T26359C,G26363T	22030-22033	26356:A	S:158-1274,E:39-76	ORF1b:Q2635H,ORF3a:S26L,ORF3a:L95S,S:T19R,S:T95I,S:G142D	S:E156-,S:F157-		C26767T		T25676C,T26359C,G26363T	1	0	3	4		NODE_0000627	G21372T,C21846T,T25676C,T26359C,G26363T,C26767T		M:T82I,ORF1b:Q2635H,ORF3a:L95S,S:T95I		NODE_0000674	T25676C,T26359C,G26363T,C26767T		M:T82I,ORF3a:L95S		N/A	N/A	N/A	N/A	N/A	N/A	N/A	N/A	N/A	N/A	ORF1b:2404,S:158-1274,E:38-76		3000	0	good	0	10	0	good	0	24	1	4.166667	good	9		0	good	0	S:158-1274,E:39-76	2		0	150	bad		0	0	good	0		ORF1a,ORF6,ORF7a,ORF7b,ORF8,N,ORF9b	"When processing gene ""ORF1a"": The extracted gene sequence is empty or consists entirely from gaps;When processing gene ""ORF6"": The extracted gene sequence is empty or consists entirely from gaps;When processing gene ""ORF7a"": The extracted gene sequence is empty or consists entirely from gaps;When processing gene ""ORF7b"": The extracted gene sequence is empty or consists entirely from gaps;When processing gene ""ORF8"": The extracted gene sequence is empty or consists entirely from gaps;When processing gene ""N"": The extracted gene sequence is empty or consists entirely from gaps;When processing gene ""ORF9b"": The extracted gene sequence is empty or consists entirely from gaps"	
262	1054_sub0	21J	21J (Delta)	Delta	21J	B.1.617.2.4	AY.4	0	good	14	6	0	0	0	0	15	2	0	1	18404	20678	26839	0.206066280975153	E:1,M:0.47085201793721976,ORF1b:0.1083086053412463,ORF3a:1,S:1	false	C21618G,C21846T,G21987A,T22917G,C22995A,A23403G,C23604G,C23987T,G24215A,G24410A,G24914T,C25469T,T26590C,T26767C	22029-22034			M:V23A,M:I82T,ORF3a:S26L,S:T19R,S:T95I,S:G142D,S:R158G,S:L452R,S:T478K,S:D614G,S:P681R,S:P809S,S:G885S,S:D950N,S:D1118Y	S:E156-,S:F157-				C23987T,G24215A,G24914T,T26590C	0	0	4	4		NODE_0000627	C21846T,C23987T,G24215A,G24914T,T26590C		M:V23A,S:T95I,S:P809S,S:G885S,S:D1118Y		NODE_0000676	C23987T,G24215A,G24914T,T26590C		M:V23A,S:P809S,S:G885S,S:D1118Y		N/A	N/A	N/A	N/A	N/A	N/A	N/A	N/A	N/A	N/A	ORF1b:2404		3000	0	good	0	10	0	good	0	24	-4	0	good	4		0	good	0		0		0	0	good		0	0	good	0		ORF1a,ORF6,ORF7a,ORF7b,ORF8,N,ORF9b	"When processing gene ""ORF1a"": The extracted gene sequence is empty or consists entirely from gaps;When processing gene ""ORF6"": The extracted gene sequence is empty or consists entirely from gaps;When processing gene ""ORF7a"": The extracted gene sequence is empty or consists entirely from gaps;When processing gene ""ORF7b"": The extracted gene sequence is empty or consists entirely from gaps;When processing gene ""ORF8"": The extracted gene sequence is empty or consists entirely from gaps;When processing gene ""N"": The extracted gene sequence is empty or consists entirely from gaps;When processing gene ""ORF9b"": The extracted gene sequence is empty or consists entirely from gaps"	
264	1558_sub0	21J	21J (Delta)	Delta	21J	B.1.617.2.4	AY.4	56.250000	mediocre	12	7	0	1	0	0	5	1	0	1125	18402	20678	26839	0.206066280975153	E:1,M:0.47085201793721976,ORF1b:0.1083086053412463,ORF3a:1,S:0.11773940345368916	false	C21618G,C21846T,G21987A,T22917G,C22995A,A23403G,C23604G,C23987T,G24410A,G24914T,C25469T,T26767C	22010,22029-22034		S:151-1274	M:I82T,ORF3a:S26L,S:T19R,S:T95I,S:G142D	S:K150-				C23987T,G24914T	0	0	2	2		NODE_0000627	C21846T,C23987T,G24914T	22010	S:T95I	S:K150-	NODE_0000676	C23987T,G24914T	22010		S:K150-	N/A	N/A	N/A	N/A	N/A	N/A	N/A	N/A	N/A	N/A	ORF1b:2404,S:151-1274		3000	0	good	0	10	0	good	0	24	-5	0	good	3		0	good	0	S:151-1274	1		0	75	mediocre		0	0	good	0		ORF1a,ORF6,ORF7a,ORF7b,ORF8,N,ORF9b	"When processing gene ""ORF1a"": The extracted gene sequence is empty or consists entirely from gaps;When processing gene ""ORF6"": The extracted gene sequence is empty or consists entirely from gaps;When processing gene ""ORF7a"": The extracted gene sequence is empty or consists entirely from gaps;When processing gene ""ORF7b"": The extracted gene sequence is empty or consists entirely from gaps;When processing gene ""ORF8"": The extracted gene sequence is empty or consists entirely from gaps;When processing gene ""N"": The extracted gene sequence is empty or consists entirely from gaps;When processing gene ""ORF9b"": The extracted gene sequence is empty or consists entirely from gaps"	
268	1382_sub0	21J	21J (Delta)	Delta	21J	B.1.617.2.4	AY.4	56.250000	mediocre	13	4	1	1	0	0	5	2	0	1035	18407	20678	26839	0.206066280975153	E:1,M:0.47085201793721976,ORF1b:0.1083086053412463,ORF3a:1,S:0.18838304552590268	false	C21618G,C21846T,G21987A,T22917G,C22995A,A23403G,C23604G,C23987T,C24297T,G24410A,G24914T,C25469T,T26767C	22030-22033	25135:A	S:158-1191	M:I82T,ORF3a:S26L,S:T19R,S:T95I,S:G142D	S:E156-,S:F157-				C23987T,C24297T,G24914T	0	0	3	3		NODE_0000627	C21846T,C23987T,C24297T,G24914T		S:T95I		NODE_0000676	C23987T,C24297T,G24914T				N/A	N/A	N/A	N/A	N/A	N/A	N/A	N/A	N/A	N/A	ORF1b:2404,S:158-1191		3000	0	good	0	10	0	good	0	24	-5	0	good	3		0	good	0	S:158-1191	1		0	75	mediocre		0	0	good	0		ORF1a,ORF6,ORF7a,ORF7b,ORF8,N,ORF9b	"When processing gene ""ORF1a"": The extracted gene sequence is empty or consists entirely from gaps;When processing gene ""ORF6"": The extracted gene sequence is empty or consists entirely from gaps;When processing gene ""ORF7a"": The extracted gene sequence is empty or consists entirely from gaps;When processing gene ""ORF7b"": The extracted gene sequence is empty or consists entirely from gaps;When processing gene ""ORF8"": The extracted gene sequence is empty or consists entirely from gaps;When processing gene ""N"": The extracted gene sequence is empty or consists entirely from gaps;When processing gene ""ORF9b"": The extracted gene sequence is empty or consists entirely from gaps"	
267	1270_sub0	21J	21J (Delta)	Delta	21J	B.1.617.2.4	AY.4	0	good	13	3	0	0	0	0	12	1	0	1	18418	20678	26839	0.206066280975153	E:1,M:0.47085201793721976,ORF1b:0.1083086053412463,ORF3a:1,S:1	false	C21618G,C21846T,G21987A,G22030A,T22917G,C22995A,A23403G,C23604G,C23987T,G24410A,G24914T,C25469T,T26767C	22031-22033			M:I82T,ORF3a:S26L,S:T19R,S:T95I,S:G142D,S:L452R,S:T478K,S:D614G,S:P681R,S:P809S,S:D950N,S:D1118Y	S:F157-				-22030A,C23987T,G24914T	0	0	3	3		NODE_0000627	C21846T,-22030A,C23987T,G24914T		S:T95I,S:-156E,S:G158R,S:P809S,S:D1118Y		NODE_0000676	-22030A,C23987T,G24914T		S:-156E,S:G158R,S:P809S,S:D1118Y		N/A	N/A	N/A	N/A	N/A	N/A	N/A	N/A	N/A	N/A	ORF1b:2404		3000	0	good	0	10	0	good	0	24	-5	0	good	3		0	good	0		0		0	0	good		0	0	good	0		ORF1a,ORF6,ORF7a,ORF7b,ORF8,N,ORF9b	"When processing gene ""ORF1a"": The extracted gene sequence is empty or consists entirely from gaps;When processing gene ""ORF6"": The extracted gene sequence is empty or consists entirely from gaps;When processing gene ""ORF7a"": The extracted gene sequence is empty or consists entirely from gaps;When processing gene ""ORF7b"": The extracted gene sequence is empty or consists entirely from gaps;When processing gene ""ORF8"": The extracted gene sequence is empty or consists entirely from gaps;When processing gene ""N"": The extracted gene sequence is empty or consists entirely from gaps;When processing gene ""ORF9b"": The extracted gene sequence is empty or consists entirely from gaps"	
269	364_sub0	21J	21J (Delta)	Delta	21J	B.1.617.2.4	AY.4	56.250000	mediocre	12	7	0	1	0	0	13	3	0	71	18401	20678	26839	0.206066280975153	E:1,M:0.47085201793721976,ORF1b:0.08234421364985163,ORF3a:1,S:1	false	C21618G,C21846T,G21987A,T22917G,C22995A,A23403G,C23604G,C23987T,G24410A,G24914T,C25469T,T26767C	21345,22029-22034		ORF1b:2627-2696	M:I82T,ORF3a:S26L,S:T19R,S:T95I,S:G142D,S:R158G,S:L452R,S:T478K,S:D614G,S:P681R,S:P809S,S:D950N,S:D1118Y	ORF1b:I2626-,S:E156-,S:F157-				C23987T,G24914T	0	0	2	2		NODE_0000627	C21846T,C23987T,G24914T	21345	S:T95I,S:P809S,S:D1118Y	ORF1b:I2626-	NODE_0000676	C23987T,G24914T	21345	S:P809S,S:D1118Y	ORF1b:I2626-	N/A	N/A	N/A	N/A	N/A	N/A	N/A	N/A	N/A	N/A	ORF1b:2404,ORF1b:2627-2696		3000	0	good	0	10	0	good	0	24	-5	0	good	3		0	good	0	ORF1b:2627-2696	1		0	75	mediocre		0	0	good	0		ORF1a,ORF6,ORF7a,ORF7b,ORF8,N,ORF9b	"When processing gene ""ORF1a"": The extracted gene sequence is empty or consists entirely from gaps;When processing gene ""ORF6"": The extracted gene sequence is empty or consists entirely from gaps;When processing gene ""ORF7a"": The extracted gene sequence is empty or consists entirely from gaps;When processing gene ""ORF7b"": The extracted gene sequence is empty or consists entirely from gaps;When processing gene ""ORF8"": The extracted gene sequence is empty or consists entirely from gaps;When processing gene ""N"": The extracted gene sequence is empty or consists entirely from gaps;When processing gene ""ORF9b"": The extracted gene sequence is empty or consists entirely from gaps"	
270	1948_sub0	21J	21J (Delta)	Delta	21J	B.1.617.2.4	AY.4	56.250000	mediocre	15	4	0	1	0	0	7	2	0	860	18399	20678	26839	0.206066280975153	E:1,M:0.47085201793721976,ORF1b:0.1083086053412463,ORF3a:1,S:0.32574568288854006	false	T21118C,C21618G,C21846T,G21987A,C22033T,T22917G,C22995A,A23403G,C23604G,C23987T,G24410A,G24914T,C25469T,T26025C,T26767C	22029-22031,22805		S:416-1274	M:I82T,ORF1b:C2551R,ORF3a:S26L,S:T19R,S:T95I,S:G142D,S:F157V	S:E156-,S:T415-				T21118C,-22033T,C23987T,G24914T,T26025C	0	0	5	5		NODE_0000627	T21118C,C21846T,-22033T,C23987T,G24914T,T26025C	22805	ORF1b:C2551R,S:T95I,S:-157V,S:G158R	S:T415-	NODE_0000676	T21118C,-22033T,C23987T,G24914T,T26025C	22805	ORF1b:C2551R,S:-157V,S:G158R	S:T415-	N/A	N/A	N/A	N/A	N/A	N/A	N/A	N/A	N/A	N/A	ORF1b:2404,S:416-1274		3000	0	good	0	10	0	good	0	24	-2	0	good	6		0	good	0	S:416-1274	1		0	75	mediocre		0	0	good	0		ORF1a,ORF6,ORF7a,ORF7b,ORF8,N,ORF9b	"When processing gene ""ORF1a"": The extracted gene sequence is empty or consists entirely from gaps;When processing gene ""ORF6"": The extracted gene sequence is empty or consists entirely from gaps;When processing gene ""ORF7a"": The extracted gene sequence is empty or consists entirely from gaps;When processing gene ""ORF7b"": The extracted gene sequence is empty or consists entirely from gaps;When processing gene ""ORF8"": The extracted gene sequence is empty or consists entirely from gaps;When processing gene ""N"": The extracted gene sequence is empty or consists entirely from gaps;When processing gene ""ORF9b"": The extracted gene sequence is empty or consists entirely from gaps"	
266	1481_sub0	21J	21J (Delta)	Delta	21J	B.1.617.2.4	AY.4	112.500000	bad	16	5	0	1	0	0	11	2	0	504	18384	20678	26839	0.206066280975153	E:1,M:0.47085201793721976,ORF1b:0.1083086053412463,ORF3a:1,S:0.6051805337519623	false	C21618G,C21846T,G21987A,G22030T,T22917G,C22995A,A23403G,C23604G,C23987T,T24283G,T24294C,G24410A,G24914T,C25469T,C25896G,T26767C	22032-22034,23873,24774		S:772-1274	M:I82T,ORF3a:S26L,S:T19R,S:T95I,S:G142D,S:F157D,S:R158*,S:L452R,S:T478K,S:D614G,S:P681R	S:E156-,S:A771-				-22030T,C23987T,T24283G,T24294C,G24914T,C25896G	0	0	6	6		NODE_0000627	C21846T,-22030T,C23987T,T24283G,T24294C,G24914T,C25896G	23873,24774	S:T95I,S:-157D,S:G158*	S:A771-	NODE_0000676	-22030T,C23987T,T24283G,T24294C,G24914T,C25896G	23873,24774	S:-157D,S:G158*	S:A771-	N/A	N/A	N/A	N/A	N/A	N/A	N/A	N/A	N/A	N/A	ORF1b:2404,S:772-1274		3000	0	good	0	10	0	good	0	24	0	0	good	8		0	good	0	S:772-1274	1		0	75	mediocre	S:157	1	75	mediocre	0		ORF1a,ORF6,ORF7a,ORF7b,ORF8,N,ORF9b	"When processing gene ""ORF1a"": The extracted gene sequence is empty or consists entirely from gaps;When processing gene ""ORF6"": The extracted gene sequence is empty or consists entirely from gaps;When processing gene ""ORF7a"": The extracted gene sequence is empty or consists entirely from gaps;When processing gene ""ORF7b"": The extracted gene sequence is empty or consists entirely from gaps;When processing gene ""ORF8"": The extracted gene sequence is empty or consists entirely from gaps;When processing gene ""N"": The extracted gene sequence is empty or consists entirely from gaps;When processing gene ""ORF9b"": The extracted gene sequence is empty or consists entirely from gaps"	
272	1541_sub0	21J	21J (Delta)	Delta	21J	B.1.617.2.4	AY.4	225	bad	13	2	1	2	0	0	5	2	0	1372	18413	20678	26839	0.206066280975153	E:1,M:0.47085201793721976,ORF1b:0.014094955489614243,ORF3a:1,S:0.12323390894819466	false	C21618G,C21846T,G21987A,C22033A,T22917G,C22995A,A23403G,C23604G,C23987T,G24410A,G24914T,C25469T,T26767C	22030-22031	20793:A	ORF1b:2443-2696,S:158-1274	M:I82T,ORF3a:S26L,S:T19R,S:T95I,S:G142D	S:E156-,S:F157-			-22033A|24A&24E&22D&23C&24C&23F&24F&24B&rec&23I&24G&25A&24H&24D&24I&25B&25C	C23987T,G24914T	0	1	2	3		NODE_0000627	C21846T,-22033A,C23987T,G24914T		S:T95I		NODE_0000676	-22033A,C23987T,G24914T				N/A	N/A	N/A	N/A	N/A	N/A	N/A	N/A	N/A	N/A	ORF1b:2404,ORF1b:2443-2696,S:158-1274		3000	0	good	0	10	0	good	0	24	-2	0	good	6		0	good	0	ORF1b:2443-2696,S:158-1274	2		0	150	bad		0	0	good	0		ORF1a,ORF6,ORF7a,ORF7b,ORF8,N,ORF9b	"When processing gene ""ORF1a"": The extracted gene sequence is empty or consists entirely from gaps;When processing gene ""ORF6"": The extracted gene sequence is empty or consists entirely from gaps;When processing gene ""ORF7a"": The extracted gene sequence is empty or consists entirely from gaps;When processing gene ""ORF7b"": The extracted gene sequence is empty or consists entirely from gaps;When processing gene ""ORF8"": The extracted gene sequence is empty or consists entirely from gaps;When processing gene ""N"": The extracted gene sequence is empty or consists entirely from gaps;When processing gene ""ORF9b"": The extracted gene sequence is empty or consists entirely from gaps"	
271	1160_sub0	21J	21J (Delta)	Delta	21J	B.1.617.2.4	AY.4	0	good	14	7	0	1	0	0	13	3	0	221	18394	20678	26839	0.206066280975153	E:1,M:0.47085201793721976,ORF1b:0.1083086053412463,ORF3a:0.2028985507246377,S:1	false	C21618G,C21846T,G21987A,T22917G,C22995A,A23403G,C23604G,C23987T,G24410A,G24914T,C25469T,G25567A,A26024C,T26767C	22029-22034,25558		ORF3a:57-276	M:I82T,ORF3a:S26L,S:T19R,S:T95I,S:G142D,S:R158G,S:L452R,S:T478K,S:D614G,S:P681R,S:P809S,S:D950N,S:D1118Y	ORF3a:F56-,S:E156-,S:F157-				C23987T,G24914T,G25567A,A26024C	0	0	4	4		NODE_0000627	C21846T,C23987T,G24914T,G25567A,A26024C	25558	S:T95I,S:P809S,S:D1118Y	ORF3a:F56-	NODE_0000676	C23987T,G24914T,G25567A,A26024C	25558	S:P809S,S:D1118Y	ORF3a:F56-	N/A	N/A	N/A	N/A	N/A	N/A	N/A	N/A	N/A	N/A	ORF1b:2404,ORF3a:57-276		3000	0	good	0	10	0	good	0	24	-3	0	good	5		0	good	0		0	ORF3a:57-276	1	0	good		0	0	good	0		ORF1a,ORF6,ORF7a,ORF7b,ORF8,N,ORF9b	"When processing gene ""ORF1a"": The extracted gene sequence is empty or consists entirely from gaps;When processing gene ""ORF6"": The extracted gene sequence is empty or consists entirely from gaps;When processing gene ""ORF7a"": The extracted gene sequence is empty or consists entirely from gaps;When processing gene ""ORF7b"": The extracted gene sequence is empty or consists entirely from gaps;When processing gene ""ORF8"": The extracted gene sequence is empty or consists entirely from gaps;When processing gene ""N"": The extracted gene sequence is empty or consists entirely from gaps;When processing gene ""ORF9b"": The extracted gene sequence is empty or consists entirely from gaps"	
274	1268_sub0	21J	21J (Delta)	Delta	21J	B.1.617.2.4	AY.4	56.250000	mediocre	15	2	1	1	0	0	3	0	0	1272	18406	20678	26839	0.206066280975153	E:1,M:0.47085201793721976,ORF1b:0.1083086053412463,ORF3a:1,S:0.002354788069073783	false	C21618G,C21846T,G21987A,G22030A,C22033A,T22917G,C22995A,A23403G,C23604G,C23987T,G24410A,G24914T,C25469T,G25567A,T26767C	22031-22032	21571:T	S:4-1274	M:I82T,ORF3a:S26L,ORF3a:A59T				-22033A|24A&24E&22D&23C&24C&23F&24F&24B&rec&23I&24G&25A&24H&24D&24I&25B&25C	-22030A,C23987T,G24914T,G25567A	0	1	4	5		NODE_0000627	C21846T,-22030A,-22033A,C23987T,G24914T,G25567A		ORF3a:A59T		NODE_0000676	-22030A,-22033A,C23987T,G24914T,G25567A		ORF3a:A59T		N/A	N/A	N/A	N/A	N/A	N/A	N/A	N/A	N/A	N/A	ORF1b:2404,S:4-1274		3000	0	good	0	10	0	good	0	24	0	0	good	8		0	good	0	S:4-1274	1		0	75	mediocre		0	0	good	0		ORF1a,ORF6,ORF7a,ORF7b,ORF8,N,ORF9b	"When processing gene ""ORF1a"": The extracted gene sequence is empty or consists entirely from gaps;When processing gene ""ORF6"": The extracted gene sequence is empty or consists entirely from gaps;When processing gene ""ORF7a"": The extracted gene sequence is empty or consists entirely from gaps;When processing gene ""ORF7b"": The extracted gene sequence is empty or consists entirely from gaps;When processing gene ""ORF8"": The extracted gene sequence is empty or consists entirely from gaps;When processing gene ""N"": The extracted gene sequence is empty or consists entirely from gaps;When processing gene ""ORF9b"": The extracted gene sequence is empty or consists entirely from gaps"	
275	357_sub0	21J	21J (Delta)	Delta	21J	B.1.617.2.4	AY.4	56.250000	mediocre	14	4	0	1	0	0	5	2	0	1118	18410	20678	26839	0.206066280975153	E:1,M:0.47085201793721976,ORF1b:0.1083086053412463,ORF3a:1,S:0.12323390894819466	false	C21618G,C21846T,G21987A,T22087C,T22917G,C22995A,A23403G,C23604G,C23987T,G24410A,G24914T,C25469T,T26691C,T26767C	22030-22033		S:158-1274	M:I82T,ORF3a:S26L,S:T19R,S:T95I,S:G142D	S:E156-,S:F157-				T22087C,C23987T,G24914T,T26691C	0	0	4	4		NODE_0000627	C21846T,T22087C,C23987T,G24914T,T26691C		S:T95I		NODE_0000676	T22087C,C23987T,G24914T,T26691C				N/A	N/A	N/A	N/A	N/A	N/A	N/A	N/A	N/A	N/A	ORF1b:2404,S:158-1274		3000	0	good	0	10	0	good	0	24	-4	0	good	4		0	good	0	S:158-1274	1		0	75	mediocre		0	0	good	0		ORF1a,ORF6,ORF7a,ORF7b,ORF8,N,ORF9b	"When processing gene ""ORF1a"": The extracted gene sequence is empty or consists entirely from gaps;When processing gene ""ORF6"": The extracted gene sequence is empty or consists entirely from gaps;When processing gene ""ORF7a"": The extracted gene sequence is empty or consists entirely from gaps;When processing gene ""ORF7b"": The extracted gene sequence is empty or consists entirely from gaps;When processing gene ""ORF8"": The extracted gene sequence is empty or consists entirely from gaps;When processing gene ""N"": The extracted gene sequence is empty or consists entirely from gaps;When processing gene ""ORF9b"": The extracted gene sequence is empty or consists entirely from gaps"	
288	1269_sub0	21J	21J (Delta)	Delta	21J	B.1.617.2.4	AY.4	0	good	13	3	0	0	0	0	13	1	0	1	18418	20678	26839	0.206066280975153	E:1,M:0.47085201793721976,ORF1b:0.1083086053412463,ORF3a:1,S:1	false	C21618G,C21846T,G21987A,A22029G,T22917G,C22995A,A23403G,C23604G,C23987T,G24410A,G24914T,C25469T,T26767C	22031-22033			M:I82T,ORF3a:S26L,S:T19R,S:T95I,S:G142D,S:F157G,S:L452R,S:T478K,S:D614G,S:P681R,S:P809S,S:D950N,S:D1118Y	S:E156-				-22029G,C23987T,G24914T	0	0	3	3		NODE_0000627	C21846T,-22029G,C23987T,G24914T		S:T95I,S:-157G,S:G158R,S:P809S,S:D1118Y		NODE_0000676	-22029G,C23987T,G24914T		S:-157G,S:G158R,S:P809S,S:D1118Y		N/A	N/A	N/A	N/A	N/A	N/A	N/A	N/A	N/A	N/A	ORF1b:2404		3000	0	good	0	10	0	good	0	24	-5	0	good	3		0	good	0		0		0	0	good		0	0	good	0		ORF1a,ORF6,ORF7a,ORF7b,ORF8,N,ORF9b	"When processing gene ""ORF1a"": The extracted gene sequence is empty or consists entirely from gaps;When processing gene ""ORF6"": The extracted gene sequence is empty or consists entirely from gaps;When processing gene ""ORF7a"": The extracted gene sequence is empty or consists entirely from gaps;When processing gene ""ORF7b"": The extracted gene sequence is empty or consists entirely from gaps;When processing gene ""ORF8"": The extracted gene sequence is empty or consists entirely from gaps;When processing gene ""N"": The extracted gene sequence is empty or consists entirely from gaps;When processing gene ""ORF9b"": The extracted gene sequence is empty or consists entirely from gaps"	
276	4407_sub0	21J	21J (Delta)	Delta	21J	B.1.617.2.4	AY.4	0	good	12	6	0	0	0	0	13	2	0	1	18412	20678	26839	0.206066280975153	E:1,M:0.47085201793721976,ORF1b:0.1083086053412463,ORF3a:1,S:1	false	C21618G,C21846T,G21987A,T22917G,C22995A,A23403G,C23604G,C23987T,G24410A,G24914T,C25469T,T26767C	22029-22034			M:I82T,ORF3a:S26L,S:T19R,S:T95I,S:G142D,S:R158G,S:L452R,S:T478K,S:D614G,S:P681R,S:P809S,S:D950N,S:D1118Y	S:E156-,S:F157-				C23987T,G24914T	0	0	2	2		NODE_0000627	C21846T,C23987T,G24914T		S:T95I,S:P809S,S:D1118Y		NODE_0000676	C23987T,G24914T		S:P809S,S:D1118Y		N/A	N/A	N/A	N/A	N/A	N/A	N/A	N/A	N/A	N/A	ORF1b:2404		3000	0	good	0	10	0	good	0	24	-6	0	good	2		0	good	0		0		0	0	good		0	0	good	0		ORF1a,ORF6,ORF7a,ORF7b,ORF8,N,ORF9b	"When processing gene ""ORF1a"": The extracted gene sequence is empty or consists entirely from gaps;When processing gene ""ORF6"": The extracted gene sequence is empty or consists entirely from gaps;When processing gene ""ORF7a"": The extracted gene sequence is empty or consists entirely from gaps;When processing gene ""ORF7b"": The extracted gene sequence is empty or consists entirely from gaps;When processing gene ""ORF8"": The extracted gene sequence is empty or consists entirely from gaps;When processing gene ""N"": The extracted gene sequence is empty or consists entirely from gaps;When processing gene ""ORF9b"": The extracted gene sequence is empty or consists entirely from gaps"	
277	520_sub0	21J	21J (Delta)	Delta	21J	B.1.617.2.4	AY.4	0	good	15	6	0	0	0	0	16	2	0	1	18400	20678	26839	0.206066280975153	E:1,M:0.47085201793721976,ORF1b:0.1083086053412463,ORF3a:1,S:1	false	C21618G,C21846T,G21987A,T22917G,C22995A,C23216T,A23403G,G23465T,C23604G,C23987T,G24410A,G24914T,C25469T,C26437A,T26767C	22029-22034			E:L65M,M:I82T,ORF3a:S26L,S:T19R,S:T95I,S:G142D,S:R158G,S:L452R,S:T478K,S:L552F,S:D614G,S:V635F,S:P681R,S:P809S,S:D950N,S:D1118Y	S:E156-,S:F157-				C23216T,G23465T,C23987T,G24914T,C26437A	0	0	5	5		NODE_0000627	C21846T,C23216T,G23465T,C23987T,G24914T,C26437A		E:L65M,S:T95I,S:L552F,S:V635F,S:P809S,S:D1118Y		NODE_0000676	C23216T,G23465T,C23987T,G24914T,C26437A		E:L65M,S:L552F,S:V635F,S:P809S,S:D1118Y		N/A	N/A	N/A	N/A	N/A	N/A	N/A	N/A	N/A	N/A	ORF1b:2404		3000	0	good	0	10	0	good	0	24	-3	0	good	5		0	good	0		0		0	0	good		0	0	good	0		ORF1a,ORF6,ORF7a,ORF7b,ORF8,N,ORF9b	"When processing gene ""ORF1a"": The extracted gene sequence is empty or consists entirely from gaps;When processing gene ""ORF6"": The extracted gene sequence is empty or consists entirely from gaps;When processing gene ""ORF7a"": The extracted gene sequence is empty or consists entirely from gaps;When processing gene ""ORF7b"": The extracted gene sequence is empty or consists entirely from gaps;When processing gene ""ORF8"": The extracted gene sequence is empty or consists entirely from gaps;When processing gene ""N"": The extracted gene sequence is empty or consists entirely from gaps;When processing gene ""ORF9b"": The extracted gene sequence is empty or consists entirely from gaps"	
279	172_sub0	21J	21J (Delta)	Delta	21J	B.1.617.2.4	AY.4	56.250000	mediocre	12	7	1	1	0	0	10	3	0	362	18395	20678	26839	0.206066280975153	E:1,M:0.47085201793721976,ORF1b:0.1083086053412463,ORF3a:1,S:0.716640502354788	false	C21618G,C21846T,G21987A,T22917G,C22995A,A23403G,C23604G,C23987T,G24410A,G24914T,C25469T,T26767C	22029-22034,23888	24973:T	S:777-1137	M:I82T,ORF3a:S26L,S:T19R,S:T95I,S:G142D,S:R158G,S:L452R,S:T478K,S:D614G,S:P681R	S:E156-,S:F157-,S:K776-				C23987T,G24914T	0	0	2	2		NODE_0000627	C21846T,C23987T,G24914T	23888	S:T95I	S:K776-	NODE_0000676	C23987T,G24914T	23888		S:K776-	N/A	N/A	N/A	N/A	N/A	N/A	N/A	N/A	N/A	N/A	ORF1b:2404,S:777-1137		3000	0	good	0	10	0	good	0	24	-5	0	good	3		0	good	0	S:777-1137	1		0	75	mediocre		0	0	good	0		ORF1a,ORF6,ORF7a,ORF7b,ORF8,N,ORF9b	"When processing gene ""ORF1a"": The extracted gene sequence is empty or consists entirely from gaps;When processing gene ""ORF6"": The extracted gene sequence is empty or consists entirely from gaps;When processing gene ""ORF7a"": The extracted gene sequence is empty or consists entirely from gaps;When processing gene ""ORF7b"": The extracted gene sequence is empty or consists entirely from gaps;When processing gene ""ORF8"": The extracted gene sequence is empty or consists entirely from gaps;When processing gene ""N"": The extracted gene sequence is empty or consists entirely from gaps;When processing gene ""ORF9b"": The extracted gene sequence is empty or consists entirely from gaps"	
280	1946_sub0	21J	21J (Delta)	Delta	21J	B.1.617.2.4	AY.4	112.500000	bad	14	7	0	1	0	0	15	3	0	216	18394	20678	26839	0.206066280975153	E:1,M:0.47085201793721976,ORF1b:0.1083086053412463,ORF3a:0.2210144927536232,S:1	false	A21510C,C21618G,C21846T,G21987A,A22121T,T22917G,C22995A,A23403G,C23604G,C23987T,G24410A,G24914T,C25469T,T26767C	22029-22034,25573		ORF3a:62-276	M:I82T,ORF1b:E2681D,ORF3a:S26L,S:T19R,S:T95I,S:G142D,S:R158G,S:K187*,S:L452R,S:T478K,S:D614G,S:P681R,S:P809S,S:D950N,S:D1118Y	ORF3a:K61-,S:E156-,S:F157-				A21510C,A22121T,C23987T,G24914T	0	0	4	4		NODE_0000627	A21510C,C21846T,A22121T,C23987T,G24914T	25573	ORF1b:E2681D,S:T95I,S:K187*,S:P809S,S:D1118Y	ORF3a:K61-	NODE_0000676	A21510C,A22121T,C23987T,G24914T	25573	ORF1b:E2681D,S:K187*,S:P809S,S:D1118Y	ORF3a:K61-	N/A	N/A	N/A	N/A	N/A	N/A	N/A	N/A	N/A	N/A	ORF1b:2404,ORF3a:62-276		3000	0	good	0	10	0	good	0	24	-3	0	good	5		0	good	0	ORF3a:62-276	1		0	75	mediocre	S:186	1	75	mediocre	0		ORF1a,ORF6,ORF7a,ORF7b,ORF8,N,ORF9b	"When processing gene ""ORF1a"": The extracted gene sequence is empty or consists entirely from gaps;When processing gene ""ORF6"": The extracted gene sequence is empty or consists entirely from gaps;When processing gene ""ORF7a"": The extracted gene sequence is empty or consists entirely from gaps;When processing gene ""ORF7b"": The extracted gene sequence is empty or consists entirely from gaps;When processing gene ""ORF8"": The extracted gene sequence is empty or consists entirely from gaps;When processing gene ""N"": The extracted gene sequence is empty or consists entirely from gaps;When processing gene ""ORF9b"": The extracted gene sequence is empty or consists entirely from gaps"	
278	2148_sub0	21J	21J (Delta)	Delta	21J	B.1.617.2.4	AY.4	56.250000	mediocre	13	8	0	1	0	0	5	2	0	1117	18389	20678	26839	0.206066280975153	E:1,M:0.47085201793721976,ORF1b:0.1083086053412463,ORF3a:1,S:0.12401883830455258	false	C21618G,C21846T,G21987A,C22659A,T22917G,C22995A,A23403G,C23604G,C23987T,G24410A,G24914T,C25469T,T26767C	22031-22035,22574-22575,22664		S:159-1274	M:I82T,ORF3a:S26L,S:T19R,S:T95I,S:G142D	S:F157-,S:R158-				C22659A,C23987T,G24914T	0	0	3	3		NODE_0000627	C21846T,C22659A,C23987T,G24914T	22035,22574-22575,22664	S:T95I,S:-156E	S:G158-	NODE_0000676	C22659A,C23987T,G24914T	22035,22574-22575,22664	S:-156E	S:G158-	N/A	N/A	N/A	N/A	N/A	N/A	N/A	N/A	N/A	N/A	ORF1b:2404,S:159-1274		3000	0	good	0	10	0	good	0	24	-2	0	good	6		0	good	0	S:159-1274	1		0	75	mediocre		0	0	good	0		ORF1a,ORF6,ORF7a,ORF7b,ORF8,N,ORF9b	"When processing gene ""ORF1a"": The extracted gene sequence is empty or consists entirely from gaps;When processing gene ""ORF6"": The extracted gene sequence is empty or consists entirely from gaps;When processing gene ""ORF7a"": The extracted gene sequence is empty or consists entirely from gaps;When processing gene ""ORF7b"": The extracted gene sequence is empty or consists entirely from gaps;When processing gene ""ORF8"": The extracted gene sequence is empty or consists entirely from gaps;When processing gene ""N"": The extracted gene sequence is empty or consists entirely from gaps;When processing gene ""ORF9b"": The extracted gene sequence is empty or consists entirely from gaps"	
281	2961_sub0	21J	21J (Delta)	Delta	21J	B.1.617.2.4	AY.4	56.250000	mediocre	14	1	2	1	0	0	6	0	0	917	18405	20678	26839	0.206066280975153	E:1,M:0.47085201793721976,ORF1b:0.1083086053412463,ORF3a:1,S:0.28100470957613816	false	C21618G,C21846T,G21987A,C22033A,T22917G,C22995A,A23403G,C23604G,C23987T,T24341C,G24410A,G24914T,C25469T,T26767C	22030	24774:G,26493:T	S:157-1071	M:I82T,ORF3a:S26L,S:T19R,S:T95I,S:G142D,S:D1118Y				-22033A|24A&24E&22D&23C&24C&23F&24F&24B&rec&23I&24G&25A&24H&24D&24I&25B&25C	C23987T,T24341C,G24914T	0	1	3	4		NODE_0000627	C21846T,-22033A,C23987T,T24341C,G24914T		S:T95I,S:D1118Y		NODE_0000676	-22033A,C23987T,T24341C,G24914T		S:D1118Y		N/A	N/A	N/A	N/A	N/A	N/A	N/A	N/A	N/A	N/A	ORF1b:2404,S:156-1071		3000	0	good	0	10	0	good	0	24	-1	0	good	7		0	good	0	S:157-1071	1		0	75	mediocre		0	0	good	0		ORF1a,ORF6,ORF7a,ORF7b,ORF8,N,ORF9b	"When processing gene ""ORF1a"": The extracted gene sequence is empty or consists entirely from gaps;When processing gene ""ORF6"": The extracted gene sequence is empty or consists entirely from gaps;When processing gene ""ORF7a"": The extracted gene sequence is empty or consists entirely from gaps;When processing gene ""ORF7b"": The extracted gene sequence is empty or consists entirely from gaps;When processing gene ""ORF8"": The extracted gene sequence is empty or consists entirely from gaps;When processing gene ""N"": The extracted gene sequence is empty or consists entirely from gaps;When processing gene ""ORF9b"": The extracted gene sequence is empty or consists entirely from gaps"	
282	1632_sub0	21J	21J (Delta)	Delta	21J	B.1.617.2.4	AY.4	56.250000	mediocre	12	4	0	1	0	0	5	2	0	1118	18418	20678	26839	0.206066280975153	E:1,M:0.47085201793721976,ORF1b:0.1083086053412463,ORF3a:1,S:0.12323390894819466	false	C21618G,C21846T,G21987A,T22917G,C22995A,A23403G,C23604G,C23987T,G24410A,G24914T,C25469T,T26767C	22030-22033		S:158-1274	M:I82T,ORF3a:S26L,S:T19R,S:T95I,S:G142D	S:E156-,S:F157-				C23987T,G24914T	0	0	2	2		NODE_0000627	C21846T,C23987T,G24914T		S:T95I		NODE_0000676	C23987T,G24914T				N/A	N/A	N/A	N/A	N/A	N/A	N/A	N/A	N/A	N/A	ORF1b:2404,S:158-1274		3000	0	good	0	10	0	good	0	24	-6	0	good	2		0	good	0	S:158-1274	1		0	75	mediocre		0	0	good	0		ORF1a,ORF6,ORF7a,ORF7b,ORF8,N,ORF9b	"When processing gene ""ORF1a"": The extracted gene sequence is empty or consists entirely from gaps;When processing gene ""ORF6"": The extracted gene sequence is empty or consists entirely from gaps;When processing gene ""ORF7a"": The extracted gene sequence is empty or consists entirely from gaps;When processing gene ""ORF7b"": The extracted gene sequence is empty or consists entirely from gaps;When processing gene ""ORF8"": The extracted gene sequence is empty or consists entirely from gaps;When processing gene ""N"": The extracted gene sequence is empty or consists entirely from gaps;When processing gene ""ORF9b"": The extracted gene sequence is empty or consists entirely from gaps"	
283	267_sub0	21J	21J (Delta)	Delta	21J	B.1.617.2.4	AY.4	56.423611	mediocre	15	2	0	1	0	0	5	1	0	1119	18413	20678	26839	0.206066280975153	E:1,M:0.47085201793721976,ORF1b:0.1083086053412463,ORF3a:1,S:0.12244897959183673	false	C21618G,C21846T,G21987A,T22031G,C22033A,T22917G,C22995A,A23403G,C23604G,C23987T,G24410A,G24914T,C25373T,C25469T,T26767C	22028-22029		S:157-1274	M:I82T,ORF3a:S26L,S:T19R,S:T95I,S:G142D	S:E156-			-22033A|24A&24E&22D&23C&24C&23F&24F&24B&rec&23I&24G&25A&24H&24D&24I&25B&25C	-22031G,C23987T,G24914T,C25373T	0	1	4	5		NODE_0000627	C21846T,-22031G,-22033A,C23987T,G24914T,C25373T	22028	S:T95I		NODE_0000676	-22031G,-22033A,C23987T,G24914T,C25373T	22028			N/A	N/A	N/A	N/A	N/A	N/A	N/A	N/A	N/A	N/A	ORF1b:2404,S:157-1274		3000	0	good	0	10	0	good	0	24	1	4.166667	good	9		0	good	0	S:157-1274	1		0	75	mediocre		0	0	good	0		ORF1a,ORF6,ORF7a,ORF7b,ORF8,N,ORF9b	"When processing gene ""ORF1a"": The extracted gene sequence is empty or consists entirely from gaps;When processing gene ""ORF6"": The extracted gene sequence is empty or consists entirely from gaps;When processing gene ""ORF7a"": The extracted gene sequence is empty or consists entirely from gaps;When processing gene ""ORF7b"": The extracted gene sequence is empty or consists entirely from gaps;When processing gene ""ORF8"": The extracted gene sequence is empty or consists entirely from gaps;When processing gene ""N"": The extracted gene sequence is empty or consists entirely from gaps;When processing gene ""ORF9b"": The extracted gene sequence is empty or consists entirely from gaps"	
285	1374_sub0	21J	21J (Delta)	Delta	21J	B.1.617.2.4	AY.4	56.250000	mediocre	13	9	1	1	0	0	11	2	0	517	18377	20678	26839	0.206066280975153	E:1,M:0.47085201793721976,ORF1b:0.1083086053412463,ORF3a:1,S:0.5949764521193093	false	C21618G,C21846T,T21854C,G21987A,T22917G,C22995A,A23403G,C23604G,C23987T,G24410A,G24914T,C25469T,T26767C	22029-22034,25366-25367,25376	23836:T	S:759-1274	M:I82T,ORF3a:S26L,S:T19R,S:T95I,S:S98P,S:G142D,S:R158G,S:L452R,S:T478K,S:D614G,S:P681R	S:E156-,S:F157-				T21854C,C23987T,G24914T	0	0	3	3		NODE_0000627	C21846T,T21854C,C23987T,G24914T	25366-25367,25376	S:T95I,S:S98P		NODE_0000676	T21854C,C23987T,G24914T	25366-25367,25376	S:S98P		N/A	N/A	N/A	N/A	N/A	N/A	N/A	N/A	N/A	N/A	ORF1b:2404,S:759-1274		3000	0	good	0	10	0	good	0	24	-3	0	good	5		0	good	0	S:759-1274	1		0	75	mediocre		0	0	good	0		ORF1a,ORF6,ORF7a,ORF7b,ORF8,N,ORF9b	"When processing gene ""ORF1a"": The extracted gene sequence is empty or consists entirely from gaps;When processing gene ""ORF6"": The extracted gene sequence is empty or consists entirely from gaps;When processing gene ""ORF7a"": The extracted gene sequence is empty or consists entirely from gaps;When processing gene ""ORF7b"": The extracted gene sequence is empty or consists entirely from gaps;When processing gene ""ORF8"": The extracted gene sequence is empty or consists entirely from gaps;When processing gene ""N"": The extracted gene sequence is empty or consists entirely from gaps;When processing gene ""ORF9b"": The extracted gene sequence is empty or consists entirely from gaps"	
297	141_sub0	21J	21J (Delta)	Delta	21J	B.1.617.2.4	AY.4	56.250000	mediocre	13	6	0	1	0	0	6	3	0	847	18394	20678	26839	0.206066280975153	E:1,M:0.47085201793721976,ORF1b:0.1083086053412463,ORF3a:1,S:0.3359497645211931	false	C21618G,C21846T,G21987A,C22446T,T22917G,C22995A,A23403G,C23604G,C23987T,G24410A,G24914T,C25469T,T26767C	22030-22033,23966,24572		S:158-1003	M:I82T,ORF3a:S26L,S:T19R,S:T95I,S:G142D,S:D1118Y	S:E156-,S:F157-,S:L1004-				C22446T,C23987T,G24914T	0	0	3	3		NODE_0000627	C21846T,C22446T,C23987T,G24914T	23966,24572	S:T95I,S:D1118Y	S:L1004-	NODE_0000676	C22446T,C23987T,G24914T	23966,24572	S:D1118Y	S:L1004-	N/A	N/A	N/A	N/A	N/A	N/A	N/A	N/A	N/A	N/A	ORF1b:2404,S:158-1003		3000	0	good	0	10	0	good	0	24	-3	0	good	5		0	good	0	S:158-1003	1		0	75	mediocre		0	0	good	0		ORF1a,ORF6,ORF7a,ORF7b,ORF8,N,ORF9b	"When processing gene ""ORF1a"": The extracted gene sequence is empty or consists entirely from gaps;When processing gene ""ORF6"": The extracted gene sequence is empty or consists entirely from gaps;When processing gene ""ORF7a"": The extracted gene sequence is empty or consists entirely from gaps;When processing gene ""ORF7b"": The extracted gene sequence is empty or consists entirely from gaps;When processing gene ""ORF8"": The extracted gene sequence is empty or consists entirely from gaps;When processing gene ""N"": The extracted gene sequence is empty or consists entirely from gaps;When processing gene ""ORF9b"": The extracted gene sequence is empty or consists entirely from gaps"	
273	154_sub0	21J	21J (Delta)	Delta	21J	B.1.617.2.4	AY.4	56.250000	mediocre	14	5	1	1	0	0	5	3	0	1117	18401	20678	26839	0.206066280975153	E:1,M:0.47085201793721976,ORF1b:0.1083086053412463,ORF3a:1,S:0.12401883830455258	false	C21618G,C21846T,G21987A,A22029T,T22917G,C22995A,T23104C,A23403G,C23604G,C23987T,G24410A,G24914T,C25469T,T26767C	22031-22035	22063:T	S:159-1274	M:I82T,ORF3a:S26L,S:T19R,S:T95I,S:G142D	S:E156-,S:F157-,S:R158-				-22029T,T23104C,C23987T,G24914T	0	0	4	4		NODE_0000627	C21846T,-22029T,T23104C,C23987T,G24914T	22035	S:T95I	S:G158-	NODE_0000676	-22029T,T23104C,C23987T,G24914T	22035		S:G158-	N/A	N/A	N/A	N/A	N/A	N/A	N/A	N/A	N/A	N/A	ORF1b:2404,S:159-1274		3000	0	good	0	10	0	good	0	24	-3	0	good	5		0	good	0	S:159-1274	1		0	75	mediocre		0	0	good	0		ORF1a,ORF6,ORF7a,ORF7b,ORF8,N,ORF9b	"When processing gene ""ORF1a"": The extracted gene sequence is empty or consists entirely from gaps;When processing gene ""ORF6"": The extracted gene sequence is empty or consists entirely from gaps;When processing gene ""ORF7a"": The extracted gene sequence is empty or consists entirely from gaps;When processing gene ""ORF7b"": The extracted gene sequence is empty or consists entirely from gaps;When processing gene ""ORF8"": The extracted gene sequence is empty or consists entirely from gaps;When processing gene ""N"": The extracted gene sequence is empty or consists entirely from gaps;When processing gene ""ORF9b"": The extracted gene sequence is empty or consists entirely from gaps"	
295	1835_sub0	21J	21J (Delta)	Delta	21J	B.1.617.2.4	AY.4	112.500000	bad	15	0	1	1	0	0	6	0	0	1035	18419	20678	26839	0.206066280975153	E:1,M:0.47085201793721976,ORF1b:0.1083086053412463,ORF3a:1,S:0.18838304552590268	false	C21618G,C21846T,G21987A,T22032G,C22033A,T22917G,C22995A,T23100C,A23403G,C23604G,C23987T,G24410A,G24914T,C25469T,T26767C		22282:T	S:241-1274	M:I82T,ORF3a:S26L,S:T19R,S:T95I,S:G142D,S:F157*				-22033A|24A&24E&22D&23C&24C&23F&24F&24B&rec&23I&24G&25A&24H&24D&24I&25B&25C	-22032G,T23100C,C23987T,G24914T	0	1	4	5		NODE_0000627	C21846T,-22032G,-22033A,T23100C,C23987T,G24914T		S:T95I,S:-156E,S:-157*,S:G158R		NODE_0000676	-22032G,-22033A,T23100C,C23987T,G24914T		S:-156E,S:-157*,S:G158R		N/A	N/A	N/A	N/A	N/A	N/A	N/A	N/A	N/A	N/A	ORF1b:2404,S:241-1274		3000	0	good	0	10	0	good	0	24	0	0	good	8		0	good	0	S:241-1274	1		0	75	mediocre	S:156	1	75	mediocre	0		ORF1a,ORF6,ORF7a,ORF7b,ORF8,N,ORF9b	"When processing gene ""ORF1a"": The extracted gene sequence is empty or consists entirely from gaps;When processing gene ""ORF6"": The extracted gene sequence is empty or consists entirely from gaps;When processing gene ""ORF7a"": The extracted gene sequence is empty or consists entirely from gaps;When processing gene ""ORF7b"": The extracted gene sequence is empty or consists entirely from gaps;When processing gene ""ORF8"": The extracted gene sequence is empty or consists entirely from gaps;When processing gene ""N"": The extracted gene sequence is empty or consists entirely from gaps;When processing gene ""ORF9b"": The extracted gene sequence is empty or consists entirely from gaps"	
290	1508_sub0	21J	21J (Delta)	Delta	21J	B.1.617.2.4	AY.4	56.250000	mediocre	14	9	0	2	0	0	14	4	0	360	18381	20678	26839	0.206066280975153	E:1,M:0.47085201793721976,ORF1b:0.056750741839762614,ORF3a:0.2028985507246377,S:1	false	C21618G,C21846T,G21987A,T22318C,T22917G,C22995A,A23403G,C23604G,C23987T,G24410A,G24914T,A25367G,C25469T,T26767C	21136-21137,22029-22034,25558		ORF1b:2558-2696,ORF3a:57-276	M:I82T,ORF3a:S26L,S:T19R,S:T95I,S:G142D,S:R158G,S:L452R,S:T478K,S:D614G,S:P681R,S:P809S,S:D950N,S:D1118Y,S:K1269E	ORF1b:K2557-,ORF3a:F56-,S:E156-,S:F157-				T22318C,C23987T,G24914T,A25367G	0	0	4	4		NODE_0000627	C21846T,T22318C,C23987T,G24914T,A25367G	21136-21137,25558	S:T95I,S:P809S,S:D1118Y,S:K1269E	ORF1b:K2557-,ORF3a:F56-	NODE_0000676	T22318C,C23987T,G24914T,A25367G	21136-21137,25558	S:P809S,S:D1118Y,S:K1269E	ORF1b:K2557-,ORF3a:F56-	N/A	N/A	N/A	N/A	N/A	N/A	N/A	N/A	N/A	N/A	ORF1b:2404,ORF1b:2558-2696,ORF3a:57-276		3000	0	good	0	10	0	good	0	24	-2	0	good	6		0	good	0	ORF1b:2558-2696	1	ORF3a:57-276	1	75	mediocre		0	0	good	0		ORF1a,ORF6,ORF7a,ORF7b,ORF8,N,ORF9b	"When processing gene ""ORF1a"": The extracted gene sequence is empty or consists entirely from gaps;When processing gene ""ORF6"": The extracted gene sequence is empty or consists entirely from gaps;When processing gene ""ORF7a"": The extracted gene sequence is empty or consists entirely from gaps;When processing gene ""ORF7b"": The extracted gene sequence is empty or consists entirely from gaps;When processing gene ""ORF8"": The extracted gene sequence is empty or consists entirely from gaps;When processing gene ""N"": The extracted gene sequence is empty or consists entirely from gaps;When processing gene ""ORF9b"": The extracted gene sequence is empty or consists entirely from gaps"	
289	1005_sub0	21J	21J (Delta)	Delta	21J	B.1.617.2.4	AY.4	225	bad	14	8	1	2	0	0	13	3	0	479	18377	20678	26839	0.206066280975153	E:1,M:0.47085201793721976,ORF1b:0.05229970326409496,ORF3a:1,S:0.7433281004709577	false	C21618G,C21846T,G21987A,T22917G,C22995A,C23360T,A23403G,C23604G,C23987T,A24170T,G24410A,G24914T,C25469T,T26767C	22029-22034,24401,25367	21102:T	ORF1b:2546-2696,S:948-1274	M:I82T,ORF3a:S26L,S:T19R,S:T95I,S:G142D,S:R158G,S:L452R,S:T478K,S:P600S,S:D614G,S:P681R,S:P809S,S:I870F	S:E156-,S:F157-,S:K947-				C23360T,C23987T,A24170T,G24914T	0	0	4	4		NODE_0000627	C21846T,C23360T,C23987T,A24170T,G24914T	24401,25367	S:T95I,S:P600S,S:P809S,S:I870F	S:K947-	NODE_0000676	C23360T,C23987T,A24170T,G24914T	24401,25367	S:P600S,S:P809S,S:I870F	S:K947-	N/A	N/A	N/A	N/A	N/A	N/A	N/A	N/A	N/A	N/A	ORF1b:2404,ORF1b:2546-2696,S:948-1274		3000	0	good	0	10	0	good	0	24	-2	0	good	6		0	good	0	ORF1b:2546-2696,S:948-1274	2		0	150	bad		0	0	good	0		ORF1a,ORF6,ORF7a,ORF7b,ORF8,N,ORF9b	"When processing gene ""ORF1a"": The extracted gene sequence is empty or consists entirely from gaps;When processing gene ""ORF6"": The extracted gene sequence is empty or consists entirely from gaps;When processing gene ""ORF7a"": The extracted gene sequence is empty or consists entirely from gaps;When processing gene ""ORF7b"": The extracted gene sequence is empty or consists entirely from gaps;When processing gene ""ORF8"": The extracted gene sequence is empty or consists entirely from gaps;When processing gene ""N"": The extracted gene sequence is empty or consists entirely from gaps;When processing gene ""ORF9b"": The extracted gene sequence is empty or consists entirely from gaps"	
286	1523_sub0	21J	21J (Delta)	Delta	21J	B.1.617.2.4	AY.4	225	bad	13	6	1	2	0	0	5	3	0	1332	18395	20678	26839	0.206066280975153	E:1,M:0.47085201793721976,ORF1b:0.1083086053412463,ORF3a:0.19927536231884058,S:0.12872841444270017	false	C21618G,C21846T,G21987A,T22917G,C22995A,A23403G,C23604G,C23987T,G24410A,G24914T,C25469T,C25886A,T26767C	22031-22035,25367	25557:T	S:159-1268,ORF3a:56-276	M:I82T,ORF3a:S26L,S:T19R,S:T95I,S:G142D	S:F157-,S:R158-,S:K1269-				C23987T,G24914T,C25886A	0	0	3	3		NODE_0000627	C21846T,C23987T,G24914T,C25886A	22035,25367	S:T95I,S:-156E	S:G158-,S:K1269-	NODE_0000676	C23987T,G24914T,C25886A	22035,25367	S:-156E	S:G158-,S:K1269-	N/A	N/A	N/A	N/A	N/A	N/A	N/A	N/A	N/A	N/A	ORF1b:2404,S:159-1268,ORF3a:56-276		3000	0	good	0	10	0	good	0	24	-3	0	good	5		0	good	0	S:159-1268,ORF3a:56-276	2		0	150	bad		0	0	good	0		ORF1a,ORF6,ORF7a,ORF7b,ORF8,N,ORF9b	"When processing gene ""ORF1a"": The extracted gene sequence is empty or consists entirely from gaps;When processing gene ""ORF6"": The extracted gene sequence is empty or consists entirely from gaps;When processing gene ""ORF7a"": The extracted gene sequence is empty or consists entirely from gaps;When processing gene ""ORF7b"": The extracted gene sequence is empty or consists entirely from gaps;When processing gene ""ORF8"": The extracted gene sequence is empty or consists entirely from gaps;When processing gene ""N"": The extracted gene sequence is empty or consists entirely from gaps;When processing gene ""ORF9b"": The extracted gene sequence is empty or consists entirely from gaps"	
287	2121_sub0	21J	21J (Delta)	Delta	21J	B.1.617.2.4	AY.4	56.250000	mediocre	13	5	1	1	0	0	5	2	0	1118	18397	20678	26839	0.206066280975153	E:1,M:0.47085201793721976,ORF1b:0.1083086053412463,ORF3a:1,S:0.12323390894819466	false	C21618G,C21846T,G21987A,T22917G,C22995A,A23403G,C23604G,C23987T,G24410A,G24914T,C25469T,T25977G,T26767C	22030-22033,24224	24826:T	S:158-1274	M:I82T,ORF3a:S26L,S:T19R,S:T95I,S:G142D	S:E156-,S:F157-				C23987T,G24914T,T25977G	0	0	3	3		NODE_0000627	C21846T,C23987T,G24914T,T25977G	24224	S:T95I		NODE_0000676	C23987T,G24914T,T25977G	24224			N/A	N/A	N/A	N/A	N/A	N/A	N/A	N/A	N/A	N/A	ORF1b:2404,S:158-1274		3000	0	good	0	10	0	good	0	24	-4	0	good	4		0	good	0	S:158-1274	1		0	75	mediocre		0	0	good	0		ORF1a,ORF6,ORF7a,ORF7b,ORF8,N,ORF9b	"When processing gene ""ORF1a"": The extracted gene sequence is empty or consists entirely from gaps;When processing gene ""ORF6"": The extracted gene sequence is empty or consists entirely from gaps;When processing gene ""ORF7a"": The extracted gene sequence is empty or consists entirely from gaps;When processing gene ""ORF7b"": The extracted gene sequence is empty or consists entirely from gaps;When processing gene ""ORF8"": The extracted gene sequence is empty or consists entirely from gaps;When processing gene ""N"": The extracted gene sequence is empty or consists entirely from gaps;When processing gene ""ORF9b"": The extracted gene sequence is empty or consists entirely from gaps"	
294	103_sub0	21J	21J (Delta)	Delta	21J	B.1.617.2.4	AY.4	56.250000	mediocre	13	5	0	1	0	0	5	2	0	1117	18412	20678	26839	0.206066280975153	E:1,M:0.47085201793721976,ORF1b:0.1083086053412463,ORF3a:1,S:0.12401883830455258	false	C21618G,C21846T,G21987A,C22858T,T22917G,C22995A,A23403G,C23604G,C23987T,G24410A,G24914T,C25469T,T26767C	22031-22035		S:159-1274	M:I82T,ORF3a:S26L,S:T19R,S:T95I,S:G142D	S:F157-,S:R158-				C22858T,C23987T,G24914T	0	0	3	3		NODE_0000627	C21846T,C22858T,C23987T,G24914T	22035	S:T95I,S:-156E	S:G158-	NODE_0000676	C22858T,C23987T,G24914T	22035	S:-156E	S:G158-	N/A	N/A	N/A	N/A	N/A	N/A	N/A	N/A	N/A	N/A	ORF1b:2404,S:159-1274		3000	0	good	0	10	0	good	0	24	-4	0	good	4		0	good	0	S:159-1274	1		0	75	mediocre		0	0	good	0		ORF1a,ORF6,ORF7a,ORF7b,ORF8,N,ORF9b	"When processing gene ""ORF1a"": The extracted gene sequence is empty or consists entirely from gaps;When processing gene ""ORF6"": The extracted gene sequence is empty or consists entirely from gaps;When processing gene ""ORF7a"": The extracted gene sequence is empty or consists entirely from gaps;When processing gene ""ORF7b"": The extracted gene sequence is empty or consists entirely from gaps;When processing gene ""ORF8"": The extracted gene sequence is empty or consists entirely from gaps;When processing gene ""N"": The extracted gene sequence is empty or consists entirely from gaps;When processing gene ""ORF9b"": The extracted gene sequence is empty or consists entirely from gaps"	
292	492_sub0	21J	21J (Delta)	Delta	21J	B.1.617.2.4	AY.4	56.250000	mediocre	13	6	1	1	0	0	6	2	0	1108	18401	20678	26839	0.206066280975153	E:1,M:0.47085201793721976,ORF1b:0.1083086053412463,ORF3a:1,S:0.13108320251177394	false	C21618G,C21846T,G21987A,T22917G,C22995A,T23104C,A23403G,C23604G,C23987T,G24410A,G24914T,C25469T,T26767C	22029-22034	22063:T	S:168-1274	M:I82T,ORF3a:S26L,S:T19R,S:T95I,S:G142D,S:R158G	S:E156-,S:F157-				T23104C,C23987T,G24914T	0	0	3	3		NODE_0000627	C21846T,T23104C,C23987T,G24914T		S:T95I		NODE_0000676	T23104C,C23987T,G24914T				N/A	N/A	N/A	N/A	N/A	N/A	N/A	N/A	N/A	N/A	ORF1b:2404,S:168-1274		3000	0	good	0	10	0	good	0	24	-5	0	good	3		0	good	0	S:168-1274	1		0	75	mediocre		0	0	good	0		ORF1a,ORF6,ORF7a,ORF7b,ORF8,N,ORF9b	"When processing gene ""ORF1a"": The extracted gene sequence is empty or consists entirely from gaps;When processing gene ""ORF6"": The extracted gene sequence is empty or consists entirely from gaps;When processing gene ""ORF7a"": The extracted gene sequence is empty or consists entirely from gaps;When processing gene ""ORF7b"": The extracted gene sequence is empty or consists entirely from gaps;When processing gene ""ORF8"": The extracted gene sequence is empty or consists entirely from gaps;When processing gene ""N"": The extracted gene sequence is empty or consists entirely from gaps;When processing gene ""ORF9b"": The extracted gene sequence is empty or consists entirely from gaps"	
293	1224_sub0	21J	21J (Delta)	Delta	21J	B.1.617.2.4	AY.4	56.250000	mediocre	14	5	0	1	0	0	5	2	0	1117	18408	20678	26839	0.206066280975153	E:1,M:0.47085201793721976,ORF1b:0.1083086053412463,ORF3a:1,S:0.12401883830455258	false	C21216T,C21618G,C21846T,G21987A,A22115G,T22917G,C22995A,A23403G,C23604G,C23987T,G24410A,G24914T,C25469T,T26767C	22031-22035		S:159-1274	M:I82T,ORF3a:S26L,S:T19R,S:T95I,S:G142D	S:F157-,S:R158-			A22115G|23C	C21216T,C23987T,G24914T	0	1	3	4		NODE_0000627	C21216T,C21846T,A22115G,C23987T,G24914T	22035	S:T95I,S:-156E	S:G158-	NODE_0000676	C21216T,A22115G,C23987T,G24914T	22035	S:-156E	S:G158-	N/A	N/A	N/A	N/A	N/A	N/A	N/A	N/A	N/A	N/A	ORF1b:2404,S:159-1274		3000	0	good	0	10	0	good	0	24	0	0	good	8		0	good	0	S:159-1274	1		0	75	mediocre		0	0	good	0		ORF1a,ORF6,ORF7a,ORF7b,ORF8,N,ORF9b	"When processing gene ""ORF1a"": The extracted gene sequence is empty or consists entirely from gaps;When processing gene ""ORF6"": The extracted gene sequence is empty or consists entirely from gaps;When processing gene ""ORF7a"": The extracted gene sequence is empty or consists entirely from gaps;When processing gene ""ORF7b"": The extracted gene sequence is empty or consists entirely from gaps;When processing gene ""ORF8"": The extracted gene sequence is empty or consists entirely from gaps;When processing gene ""N"": The extracted gene sequence is empty or consists entirely from gaps;When processing gene ""ORF9b"": The extracted gene sequence is empty or consists entirely from gaps"	
291	256_sub0	21J	21J (Delta)	Delta	21J	B.1.617.2.4	AY.4	112.500000	bad	17	4	0	1	0	0	14	2	0	6	18392	20678	26839	0.206066280975153	E:1,M:0.47085201793721976,ORF1b:0.1083086053412463,ORF3a:1,S:0.9960753532182104	false	C21618G,C21846T,G21987A,G22030A,T22119C,T22917G,C22995A,C23249T,A23403G,C23604G,T23713C,C23987T,G24410A,G24914T,C25469T,T25860C,T26767C	22031-22033,25367		S:1270-1274	M:I82T,ORF3a:S26L,S:T19R,S:T95I,S:G142D,S:F186S,S:L452R,S:T478K,S:Q563*,S:D614G,S:P681R,S:P809S,S:D950N,S:D1118Y	S:F157-,S:K1269-				-22030A,T22119C,C23249T,T23713C,C23987T,G24914T,T25860C	0	0	7	7		NODE_0000627	C21846T,-22030A,T22119C,C23249T,T23713C,C23987T,G24914T,T25860C	25367	S:T95I,S:-156E,S:G158R,S:F186S,S:Q563*,S:P809S,S:D1118Y	S:K1269-	NODE_0000676	-22030A,T22119C,C23249T,T23713C,C23987T,G24914T,T25860C	25367	S:-156E,S:G158R,S:F186S,S:Q563*,S:P809S,S:D1118Y	S:K1269-	N/A	N/A	N/A	N/A	N/A	N/A	N/A	N/A	N/A	N/A	ORF1b:2404,S:1270-1274		3000	0	good	0	10	0	good	0	24	0	0	good	8		0	good	0	S:1270-1274	1		0	75	mediocre	S:562	1	75	mediocre	0		ORF1a,ORF6,ORF7a,ORF7b,ORF8,N,ORF9b	"When processing gene ""ORF1a"": The extracted gene sequence is empty or consists entirely from gaps;When processing gene ""ORF6"": The extracted gene sequence is empty or consists entirely from gaps;When processing gene ""ORF7a"": The extracted gene sequence is empty or consists entirely from gaps;When processing gene ""ORF7b"": The extracted gene sequence is empty or consists entirely from gaps;When processing gene ""ORF8"": The extracted gene sequence is empty or consists entirely from gaps;When processing gene ""N"": The extracted gene sequence is empty or consists entirely from gaps;When processing gene ""ORF9b"": The extracted gene sequence is empty or consists entirely from gaps"	
296	3999_sub0	21J	21J (Delta)	Delta	21J	B.1.617.2.4	AY.4	56.250000	mediocre	14	7	0	1	0	0	6	3	0	920	18393	20678	26839	0.206066280975153	E:1,M:0.47085201793721976,ORF1b:0.1083086053412463,ORF3a:1,S:0.27864992150706436	false	C21618G,T21784C,C21846T,G21987A,T22917G,C22995A,A23403G,C23604G,C23987T,G24410A,G24914T,C25469T,T26767C,T26813C	22029-22034,22626		S:356-1274	M:I82T,ORF3a:S26L,S:T19R,S:T95I,S:G142D,S:R158G	S:E156-,S:F157-,S:R355-				T21784C,C23987T,G24914T,T26813C	0	0	4	4		NODE_0000627	T21784C,C21846T,C23987T,G24914T,T26813C	22626	S:T95I	S:R355-	NODE_0000676	T21784C,C23987T,G24914T,T26813C	22626		S:R355-	N/A	N/A	N/A	N/A	N/A	N/A	N/A	N/A	N/A	N/A	ORF1b:2404,S:356-1274		3000	0	good	0	10	0	good	0	24	-3	0	good	5		0	good	0	S:356-1274	1		0	75	mediocre		0	0	good	0		ORF1a,ORF6,ORF7a,ORF7b,ORF8,N,ORF9b	"When processing gene ""ORF1a"": The extracted gene sequence is empty or consists entirely from gaps;When processing gene ""ORF6"": The extracted gene sequence is empty or consists entirely from gaps;When processing gene ""ORF7a"": The extracted gene sequence is empty or consists entirely from gaps;When processing gene ""ORF7b"": The extracted gene sequence is empty or consists entirely from gaps;When processing gene ""ORF8"": The extracted gene sequence is empty or consists entirely from gaps;When processing gene ""N"": The extracted gene sequence is empty or consists entirely from gaps;When processing gene ""ORF9b"": The extracted gene sequence is empty or consists entirely from gaps"	
284	6273_sub0	21J	21J (Delta)	Delta	21J	B.1.617.2.4	AY.4	56.250000	mediocre	12	7	0	1	0	0	6	3	0	920	18401	20678	26839	0.206066280975153	E:1,M:0.47085201793721976,ORF1b:0.1083086053412463,ORF3a:1,S:0.27864992150706436	false	C21618G,C21846T,G21987A,T22917G,C22995A,A23403G,C23604G,C23987T,G24410A,G24914T,C25469T,T26767C	22029-22034,22626		S:356-1274	M:I82T,ORF3a:S26L,S:T19R,S:T95I,S:G142D,S:R158G	S:E156-,S:F157-,S:R355-				C23987T,G24914T	0	0	2	2		NODE_0000627	C21846T,C23987T,G24914T	22626	S:T95I	S:R355-	NODE_0000676	C23987T,G24914T	22626		S:R355-	N/A	N/A	N/A	N/A	N/A	N/A	N/A	N/A	N/A	N/A	ORF1b:2404,S:356-1274		3000	0	good	0	10	0	good	0	24	-5	0	good	3		0	good	0	S:356-1274	1		0	75	mediocre		0	0	good	0		ORF1a,ORF6,ORF7a,ORF7b,ORF8,N,ORF9b	"When processing gene ""ORF1a"": The extracted gene sequence is empty or consists entirely from gaps;When processing gene ""ORF6"": The extracted gene sequence is empty or consists entirely from gaps;When processing gene ""ORF7a"": The extracted gene sequence is empty or consists entirely from gaps;When processing gene ""ORF7b"": The extracted gene sequence is empty or consists entirely from gaps;When processing gene ""ORF8"": The extracted gene sequence is empty or consists entirely from gaps;When processing gene ""N"": The extracted gene sequence is empty or consists entirely from gaps;When processing gene ""ORF9b"": The extracted gene sequence is empty or consists entirely from gaps"	
299	501_sub0	21J	21J (Delta)	Delta	21J	B.1.617.2.4	AY.4	56.250000	mediocre	14	4	0	1	0	0	6	2	0	1118	18410	20678	26839	0.206066280975153	E:1,M:0.47085201793721976,ORF1b:0.1083086053412463,ORF3a:1,S:0.12323390894819466	false	C21618G,C21846T,G21987A,C22033G,T22917G,C22995A,A23403G,C23604G,C23987T,G24410A,G24914T,C25469T,C26641T,T26767C	22029-22032		S:158-1274	M:A40V,M:I82T,ORF3a:S26L,S:T19R,S:T95I,S:G142D	S:E156-,S:F157-				-22033G,C23987T,G24914T,C26641T	0	0	4	4		NODE_0000627	C21846T,-22033G,C23987T,G24914T,C26641T		M:A40V,S:T95I		NODE_0000676	-22033G,C23987T,G24914T,C26641T		M:A40V		N/A	N/A	N/A	N/A	N/A	N/A	N/A	N/A	N/A	N/A	ORF1b:2404,S:158-1274		3000	0	good	0	10	0	good	0	24	-4	0	good	4		0	good	0	S:158-1274	1		0	75	mediocre		0	0	good	0		ORF1a,ORF6,ORF7a,ORF7b,ORF8,N,ORF9b	"When processing gene ""ORF1a"": The extracted gene sequence is empty or consists entirely from gaps;When processing gene ""ORF6"": The extracted gene sequence is empty or consists entirely from gaps;When processing gene ""ORF7a"": The extracted gene sequence is empty or consists entirely from gaps;When processing gene ""ORF7b"": The extracted gene sequence is empty or consists entirely from gaps;When processing gene ""ORF8"": The extracted gene sequence is empty or consists entirely from gaps;When processing gene ""N"": The extracted gene sequence is empty or consists entirely from gaps;When processing gene ""ORF9b"": The extracted gene sequence is empty or consists entirely from gaps"	
300	1038_sub0	21J	21J (Delta)	Delta	21J	B.1.617.2.4	AY.4	0	good	13	6	0	0	0	0	14	2	0	1	18408	20678	26839	0.206066280975153	E:1,M:0.47085201793721976,ORF1b:0.1083086053412463,ORF3a:1,S:1	false	C21618G,C21846T,G21987A,T22917G,C22995A,A23403G,C23604G,C23987T,G24410A,G24914T,C25469T,A26092G,T26767C	22029-22034			M:I82T,ORF3a:S26L,ORF3a:N234D,S:T19R,S:T95I,S:G142D,S:R158G,S:L452R,S:T478K,S:D614G,S:P681R,S:P809S,S:D950N,S:D1118Y	S:E156-,S:F157-				C23987T,G24914T,A26092G	0	0	3	3		NODE_0000627	C21846T,C23987T,G24914T,A26092G		ORF3a:N234D,S:T95I,S:P809S,S:D1118Y		NODE_0000676	C23987T,G24914T,A26092G		ORF3a:N234D,S:P809S,S:D1118Y		N/A	N/A	N/A	N/A	N/A	N/A	N/A	N/A	N/A	N/A	ORF1b:2404		3000	0	good	0	10	0	good	0	24	-5	0	good	3		0	good	0		0		0	0	good		0	0	good	0		ORF1a,ORF6,ORF7a,ORF7b,ORF8,N,ORF9b	"When processing gene ""ORF1a"": The extracted gene sequence is empty or consists entirely from gaps;When processing gene ""ORF6"": The extracted gene sequence is empty or consists entirely from gaps;When processing gene ""ORF7a"": The extracted gene sequence is empty or consists entirely from gaps;When processing gene ""ORF7b"": The extracted gene sequence is empty or consists entirely from gaps;When processing gene ""ORF8"": The extracted gene sequence is empty or consists entirely from gaps;When processing gene ""N"": The extracted gene sequence is empty or consists entirely from gaps;When processing gene ""ORF9b"": The extracted gene sequence is empty or consists entirely from gaps"	
298	567_sub0	21J	21J (Delta)	Delta	21J	B.1.617.2.4	AY.4	56.250000	mediocre	14	6	2	1	0	0	10	2	0	633	18390	20678	26839	0.206066280975153	E:1,M:0.47085201793721976,ORF1b:0.1083086053412463,ORF3a:1,S:0.5039246467817896	false	C21618G,T21735C,C21846T,G21987A,T22917G,C22995A,A23403G,C23604G,C23987T,G24075A,G24410A,G24914T,C25469T,T26767C	22029-22034	23488:T,24322:A	S:643-1274	M:I82T,ORF3a:S26L,S:T19R,S:F58S,S:T95I,S:G142D,S:R158G,S:L452R,S:T478K,S:D614G	S:E156-,S:F157-				T21735C,C23987T,G24075A,G24914T	0	0	4	4		NODE_0000627	T21735C,C21846T,C23987T,G24075A,G24914T		S:F58S,S:T95I		NODE_0000676	T21735C,C23987T,G24075A,G24914T		S:F58S		N/A	N/A	N/A	N/A	N/A	N/A	N/A	N/A	N/A	N/A	ORF1b:2404,S:643-1274		3000	0	good	0	10	0	good	0	24	-4	0	good	4		0	good	0	S:643-1274	1		0	75	mediocre		0	0	good	0		ORF1a,ORF6,ORF7a,ORF7b,ORF8,N,ORF9b	"When processing gene ""ORF1a"": The extracted gene sequence is empty or consists entirely from gaps;When processing gene ""ORF6"": The extracted gene sequence is empty or consists entirely from gaps;When processing gene ""ORF7a"": The extracted gene sequence is empty or consists entirely from gaps;When processing gene ""ORF7b"": The extracted gene sequence is empty or consists entirely from gaps;When processing gene ""ORF8"": The extracted gene sequence is empty or consists entirely from gaps;When processing gene ""N"": The extracted gene sequence is empty or consists entirely from gaps;When processing gene ""ORF9b"": The extracted gene sequence is empty or consists entirely from gaps"	
301	1117_sub0	21J	21J (Delta)	Delta	21J	B.1.617.2.4	AY.4	56.250000	mediocre	15	1	0	1	0	0	5	1	0	1119	18415	20678	26839	0.206066280975153	E:1,M:0.47085201793721976,ORF1b:0.1083086053412463,ORF3a:1,S:0.12244897959183673	false	C21618G,C21846T,G21987A,T22032A,C22033A,T22917G,G22973A,C22995A,A23403G,C23604G,C23987T,G24410A,G24914T,C25469T,T26767C	22030		S:157-1274	M:I82T,ORF3a:S26L,S:T19R,S:T95I,S:G142D	S:E156-			-22033A|24A&24E&22D&23C&24C&23F&24F&24B&rec&23I&24G&25A&24H&24D&24I&25B&25C	-22032A,G22973A,C23987T,G24914T	0	1	4	5		NODE_0000627	C21846T,-22032A,-22033A,G22973A,C23987T,G24914T		S:T95I		NODE_0000676	-22032A,-22033A,G22973A,C23987T,G24914T				N/A	N/A	N/A	N/A	N/A	N/A	N/A	N/A	N/A	N/A	ORF1b:2404,S:157-1274		3000	0	good	0	10	0	good	0	24	0	0	good	8		0	good	0	S:157-1274	1		0	75	mediocre		0	0	good	0		ORF1a,ORF6,ORF7a,ORF7b,ORF8,N,ORF9b	"When processing gene ""ORF1a"": The extracted gene sequence is empty or consists entirely from gaps;When processing gene ""ORF6"": The extracted gene sequence is empty or consists entirely from gaps;When processing gene ""ORF7a"": The extracted gene sequence is empty or consists entirely from gaps;When processing gene ""ORF7b"": The extracted gene sequence is empty or consists entirely from gaps;When processing gene ""ORF8"": The extracted gene sequence is empty or consists entirely from gaps;When processing gene ""N"": The extracted gene sequence is empty or consists entirely from gaps;When processing gene ""ORF9b"": The extracted gene sequence is empty or consists entirely from gaps"	
303	1958_sub0	21J	21J (Delta)	Delta	21J	B.1.617.2.4	AY.4	56.250000	mediocre	14	6	0	1	0	0	7	2	0	914	18397	20678	26839	0.206066280975153	E:1,M:0.47085201793721976,ORF1b:0.1083086053412463,ORF3a:1,S:0.28335949764521196	false	C20842T,C21618G,C21846T,G21987A,T22868G,T22917G,C22995A,A23403G,C23604G,C23987T,G24410A,G24914T,C25469T,T26767C	22031-22035,24774		S:159-1071	M:I82T,ORF1b:P2459S,ORF3a:S26L,S:T19R,S:T95I,S:G142D,S:D1118Y	S:F157-,S:R158-				C20842T,T22868G,C23987T,G24914T	0	0	4	4		NODE_0000627	C20842T,C21846T,T22868G,C23987T,G24914T	22035,24774	ORF1b:P2459S,S:T95I,S:-156E,S:D1118Y	S:G158-	NODE_0000676	C20842T,T22868G,C23987T,G24914T	22035,24774	ORF1b:P2459S,S:-156E,S:D1118Y	S:G158-	N/A	N/A	N/A	N/A	N/A	N/A	N/A	N/A	N/A	N/A	ORF1b:2404,S:159-1071		3000	0	good	0	10	0	good	0	24	-2	0	good	6		0	good	0	S:159-1071	1		0	75	mediocre		0	0	good	0		ORF1a,ORF6,ORF7a,ORF7b,ORF8,N,ORF9b	"When processing gene ""ORF1a"": The extracted gene sequence is empty or consists entirely from gaps;When processing gene ""ORF6"": The extracted gene sequence is empty or consists entirely from gaps;When processing gene ""ORF7a"": The extracted gene sequence is empty or consists entirely from gaps;When processing gene ""ORF7b"": The extracted gene sequence is empty or consists entirely from gaps;When processing gene ""ORF8"": The extracted gene sequence is empty or consists entirely from gaps;When processing gene ""N"": The extracted gene sequence is empty or consists entirely from gaps;When processing gene ""ORF9b"": The extracted gene sequence is empty or consists entirely from gaps"	
302	347_sub0	21J	21J (Delta)	Delta	21J	B.1.617.2.4	AY.4	56.250000	mediocre	12	5	0	1	0	0	5	2	0	1117	18416	20678	26839	0.206066280975153	E:1,M:0.47085201793721976,ORF1b:0.1083086053412463,ORF3a:1,S:0.12401883830455258	false	C21618G,C21846T,G21987A,T22917G,C22995A,A23403G,C23604G,C23987T,G24410A,G24914T,C25469T,T26767C	22031-22035		S:159-1274	M:I82T,ORF3a:S26L,S:T19R,S:T95I,S:G142D	S:F157-,S:R158-				C23987T,G24914T	0	0	2	2		NODE_0000627	C21846T,C23987T,G24914T	22035	S:T95I,S:-156E	S:G158-	NODE_0000676	C23987T,G24914T	22035	S:-156E	S:G158-	N/A	N/A	N/A	N/A	N/A	N/A	N/A	N/A	N/A	N/A	ORF1b:2404,S:159-1274		3000	0	good	0	10	0	good	0	24	-5	0	good	3		0	good	0	S:159-1274	1		0	75	mediocre		0	0	good	0		ORF1a,ORF6,ORF7a,ORF7b,ORF8,N,ORF9b	"When processing gene ""ORF1a"": The extracted gene sequence is empty or consists entirely from gaps;When processing gene ""ORF6"": The extracted gene sequence is empty or consists entirely from gaps;When processing gene ""ORF7a"": The extracted gene sequence is empty or consists entirely from gaps;When processing gene ""ORF7b"": The extracted gene sequence is empty or consists entirely from gaps;When processing gene ""ORF8"": The extracted gene sequence is empty or consists entirely from gaps;When processing gene ""N"": The extracted gene sequence is empty or consists entirely from gaps;When processing gene ""ORF9b"": The extracted gene sequence is empty or consists entirely from gaps"	
307	1468_sub0	21J	21J (Delta)	Delta	21J	B.1.617.2.4	AY.4	56.250000	mediocre	12	6	1	1	0	0	4	0	0	1155	18399	20678	26839	0.206066280975153	E:1,M:0.47085201793721976,ORF1b:0.1083086053412463,ORF3a:1,S:0.09419152276295134	false	C21618G,C21846T,G21987A,T22917G,C22995A,A23403G,C23604G,C23987T,G24410A,G24914T,C25469T,T26767C	22031-22035,23966	21922:A	S:121-1274	M:I82T,ORF3a:S26L,S:T19R,S:T95I					C23987T,G24914T	0	0	2	2		NODE_0000627	C21846T,C23987T,G24914T	22035,23966	S:T95I		NODE_0000676	C23987T,G24914T	22035,23966			N/A	N/A	N/A	N/A	N/A	N/A	N/A	N/A	N/A	N/A	ORF1b:2404,S:121-1274		3000	0	good	0	10	0	good	0	24	-4	0	good	4		0	good	0	S:121-1274	1		0	75	mediocre		0	0	good	0		ORF1a,ORF6,ORF7a,ORF7b,ORF8,N,ORF9b	"When processing gene ""ORF1a"": The extracted gene sequence is empty or consists entirely from gaps;When processing gene ""ORF6"": The extracted gene sequence is empty or consists entirely from gaps;When processing gene ""ORF7a"": The extracted gene sequence is empty or consists entirely from gaps;When processing gene ""ORF7b"": The extracted gene sequence is empty or consists entirely from gaps;When processing gene ""ORF8"": The extracted gene sequence is empty or consists entirely from gaps;When processing gene ""N"": The extracted gene sequence is empty or consists entirely from gaps;When processing gene ""ORF9b"": The extracted gene sequence is empty or consists entirely from gaps"	
304	4390_sub0	21J	21J (Delta)	Delta	21J	B.1.617.2.4	AY.4	0	good	12	6	0	0	0	0	13	2	0	1	18412	20678	26839	0.206066280975153	E:1,M:0.47085201793721976,ORF1b:0.1083086053412463,ORF3a:1,S:1	false	C21618G,C21846T,G21987A,T22917G,C22995A,A23403G,C23604G,C23987T,G24410A,G24914T,C25469T,T26767C	22029-22034			M:I82T,ORF3a:S26L,S:T19R,S:T95I,S:G142D,S:R158G,S:L452R,S:T478K,S:D614G,S:P681R,S:P809S,S:D950N,S:D1118Y	S:E156-,S:F157-				C23987T,G24914T	0	0	2	2		NODE_0000627	C21846T,C23987T,G24914T		S:T95I,S:P809S,S:D1118Y		NODE_0000676	C23987T,G24914T		S:P809S,S:D1118Y		N/A	N/A	N/A	N/A	N/A	N/A	N/A	N/A	N/A	N/A	ORF1b:2404		3000	0	good	0	10	0	good	0	24	-6	0	good	2		0	good	0		0		0	0	good		0	0	good	0		ORF1a,ORF6,ORF7a,ORF7b,ORF8,N,ORF9b	"When processing gene ""ORF1a"": The extracted gene sequence is empty or consists entirely from gaps;When processing gene ""ORF6"": The extracted gene sequence is empty or consists entirely from gaps;When processing gene ""ORF7a"": The extracted gene sequence is empty or consists entirely from gaps;When processing gene ""ORF7b"": The extracted gene sequence is empty or consists entirely from gaps;When processing gene ""ORF8"": The extracted gene sequence is empty or consists entirely from gaps;When processing gene ""N"": The extracted gene sequence is empty or consists entirely from gaps;When processing gene ""ORF9b"": The extracted gene sequence is empty or consists entirely from gaps"	
308	1134_sub0	21J	21J (Delta)	Delta	21J	B.1.617.2.4	AY.4	56.250000	mediocre	14	7	0	1	0	0	7	2	0	914	18388	20678	26839	0.206066280975153	E:1,M:0.47085201793721976,ORF1b:0.1083086053412463,ORF3a:1,S:0.28335949764521196	false	T21605G,C21618G,C21846T,G21987A,G22051A,T22917G,C22995A,A23403G,C23604G,C23987T,G24410A,G24914T,C25469T,T26767C	22031-22035,24774,26494		S:159-1071	M:I82T,ORF3a:S26L,S:C15G,S:T19R,S:T95I,S:G142D,S:D1118Y	S:F157-,S:R158-				T21605G,G22051A,C23987T,G24914T	0	0	4	4		NODE_0000627	T21605G,C21846T,G22051A,C23987T,G24914T	22035,24774,26494	S:C15G,S:T95I,S:-156E,S:D1118Y	S:G158-	NODE_0000676	T21605G,G22051A,C23987T,G24914T	22035,24774,26494	S:C15G,S:-156E,S:D1118Y	S:G158-	N/A	N/A	N/A	N/A	N/A	N/A	N/A	N/A	N/A	N/A	ORF1b:2404,S:159-1071		3000	0	good	0	10	0	good	0	24	-1	0	good	7		0	good	0	S:159-1071	1		0	75	mediocre		0	0	good	0		ORF1a,ORF6,ORF7a,ORF7b,ORF8,N,ORF9b	"When processing gene ""ORF1a"": The extracted gene sequence is empty or consists entirely from gaps;When processing gene ""ORF6"": The extracted gene sequence is empty or consists entirely from gaps;When processing gene ""ORF7a"": The extracted gene sequence is empty or consists entirely from gaps;When processing gene ""ORF7b"": The extracted gene sequence is empty or consists entirely from gaps;When processing gene ""ORF8"": The extracted gene sequence is empty or consists entirely from gaps;When processing gene ""N"": The extracted gene sequence is empty or consists entirely from gaps;When processing gene ""ORF9b"": The extracted gene sequence is empty or consists entirely from gaps"	
309	1383_sub0	21J	21J (Delta)	Delta	21J	B.1.617.2.4	AY.4	56.250000	mediocre	14	3	0	1	0	0	7	2	0	915	18405	20678	26839	0.206066280975153	E:1,M:0.47085201793721976,ORF1b:0.1083086053412463,ORF3a:1,S:0.282574568288854	false	C21618G,C21846T,G21987A,C22033T,T22917G,C22995A,A23403G,C23604G,C23987T,G24410A,G24914T,A25369T,C25469T,T26767C	22030-22031,24774		S:158-1071	M:I82T,ORF3a:S26L,S:T19R,S:T95I,S:G142D,S:D1118Y,S:K1269N	S:E156-,S:F157-				-22033T,C23987T,G24914T,A25369T	0	0	4	4		NODE_0000627	C21846T,-22033T,C23987T,G24914T,A25369T	24774	S:T95I,S:D1118Y,S:K1269N		NODE_0000676	-22033T,C23987T,G24914T,A25369T	24774	S:D1118Y,S:K1269N		N/A	N/A	N/A	N/A	N/A	N/A	N/A	N/A	N/A	N/A	ORF1b:2404,S:158-1071		3000	0	good	0	10	0	good	0	24	-3	0	good	5		0	good	0	S:158-1071	1		0	75	mediocre		0	0	good	0		ORF1a,ORF6,ORF7a,ORF7b,ORF8,N,ORF9b	"When processing gene ""ORF1a"": The extracted gene sequence is empty or consists entirely from gaps;When processing gene ""ORF6"": The extracted gene sequence is empty or consists entirely from gaps;When processing gene ""ORF7a"": The extracted gene sequence is empty or consists entirely from gaps;When processing gene ""ORF7b"": The extracted gene sequence is empty or consists entirely from gaps;When processing gene ""ORF8"": The extracted gene sequence is empty or consists entirely from gaps;When processing gene ""N"": The extracted gene sequence is empty or consists entirely from gaps;When processing gene ""ORF9b"": The extracted gene sequence is empty or consists entirely from gaps"	
310	1097_sub0	21J	21J (Delta)	Delta	21J	B.1.617.2.4	AY.4	56.250000	mediocre	12	7	1	1	0	0	9	3	0	452	18395	20678	26839	0.206066280975153	E:1,M:0.47085201793721976,ORF1b:0.1083086053412463,ORF3a:1,S:0.6459968602825745	false	C21618G,C21846T,G21987A,T22917G,C22995A,A23403G,C23604G,C23987T,G24410A,G24914T,C25469T,T26767C	22029-22034,23966	22612:T	S:351-801	M:I82T,ORF3a:S26L,S:T19R,S:T95I,S:G142D,S:R158G,S:P809S,S:D950N,S:D1118Y	S:E156-,S:F157-,S:F802-				C23987T,G24914T	0	0	2	2		NODE_0000627	C21846T,C23987T,G24914T	23966	S:T95I,S:P809S,S:D1118Y	S:F802-	NODE_0000676	C23987T,G24914T	23966	S:P809S,S:D1118Y	S:F802-	N/A	N/A	N/A	N/A	N/A	N/A	N/A	N/A	N/A	N/A	ORF1b:2404,S:351-801		3000	0	good	0	10	0	good	0	24	-5	0	good	3		0	good	0	S:351-801	1		0	75	mediocre		0	0	good	0		ORF1a,ORF6,ORF7a,ORF7b,ORF8,N,ORF9b	"When processing gene ""ORF1a"": The extracted gene sequence is empty or consists entirely from gaps;When processing gene ""ORF6"": The extracted gene sequence is empty or consists entirely from gaps;When processing gene ""ORF7a"": The extracted gene sequence is empty or consists entirely from gaps;When processing gene ""ORF7b"": The extracted gene sequence is empty or consists entirely from gaps;When processing gene ""ORF8"": The extracted gene sequence is empty or consists entirely from gaps;When processing gene ""N"": The extracted gene sequence is empty or consists entirely from gaps;When processing gene ""ORF9b"": The extracted gene sequence is empty or consists entirely from gaps"	
305	6244_sub0	21J	21J (Delta)	Delta	21J	B.1.617.2.4	AY.4	56.250000	mediocre	13	6	1	1	0	0	13	2	0	274	18401	20678	26839	0.206066280975153	E:1,M:0.47085201793721976,ORF1b:0.1083086053412463,ORF3a:0.010869565217391304,S:1	false	C21618G,C21846T,G21987A,G22661A,T22917G,C22995A,A23403G,C23604G,C23987T,G24410A,G24914T,C25469T,T26767C	22029-22034	25401:T	ORF3a:4-276	M:I82T,S:T19R,S:T95I,S:G142D,S:R158G,S:V367I,S:L452R,S:T478K,S:D614G,S:P681R,S:P809S,S:D950N,S:D1118Y	S:E156-,S:F157-				G22661A,C23987T,G24914T	0	0	3	3		NODE_0000627	C21846T,G22661A,C23987T,G24914T		S:T95I,S:V367I,S:P809S,S:D1118Y		NODE_0000676	G22661A,C23987T,G24914T		S:V367I,S:P809S,S:D1118Y		N/A	N/A	N/A	N/A	N/A	N/A	N/A	N/A	N/A	N/A	ORF1b:2404,ORF3a:4-276		3000	0	good	0	10	0	good	0	24	-5	0	good	3		0	good	0	ORF3a:4-276	1		0	75	mediocre		0	0	good	0		ORF1a,ORF6,ORF7a,ORF7b,ORF8,N,ORF9b	"When processing gene ""ORF1a"": The extracted gene sequence is empty or consists entirely from gaps;When processing gene ""ORF6"": The extracted gene sequence is empty or consists entirely from gaps;When processing gene ""ORF7a"": The extracted gene sequence is empty or consists entirely from gaps;When processing gene ""ORF7b"": The extracted gene sequence is empty or consists entirely from gaps;When processing gene ""ORF8"": The extracted gene sequence is empty or consists entirely from gaps;When processing gene ""N"": The extracted gene sequence is empty or consists entirely from gaps;When processing gene ""ORF9b"": The extracted gene sequence is empty or consists entirely from gaps"	
306	548_sub0	21J	21J (Delta)	Delta	21J	B.1.617.2.4	AY.4	506.250000	bad	14	8	1	3	0	0	6	4	0	1403	18378	20678	26839	0.206066280975153	E:1,M:0.47085201793721976,ORF1b:0.021513353115727003,ORF3a:0.8115942028985508,S:0.12401883830455258	false	G21122A,C21618G,C21846T,G21987A,T22917G,C22995A,A23403G,C23604G,C23987T,G24410A,G24914T,C25469T,T26011C,T26767C	20851-20852,22031-22035,26062	21471:T	ORF1b:2463-2696,S:159-1274,ORF3a:225-276	M:I82T,ORF3a:S26L,ORF3a:F207L,S:T19R,S:T95I,S:G142D	ORF1b:M2462-,ORF3a:G224-,S:F157-,S:R158-				G21122A,C23987T,G24914T,T26011C	0	0	4	4		NODE_0000627	G21122A,C21846T,C23987T,G24914T,T26011C	20851-20852,22035,26062	ORF3a:F207L,S:T95I,S:-156E	ORF1b:M2462-,ORF3a:G224-,S:G158-	NODE_0000676	G21122A,C23987T,G24914T,T26011C	20851-20852,22035,26062	ORF3a:F207L,S:-156E	ORF1b:M2462-,ORF3a:G224-,S:G158-	N/A	N/A	N/A	N/A	N/A	N/A	N/A	N/A	N/A	N/A	ORF1b:2404,ORF1b:2463-2696,S:159-1274,ORF3a:225-276		3000	0	good	0	10	0	good	0	24	-1	0	good	7		0	good	0	ORF1b:2463-2696,S:159-1274,ORF3a:225-276	3		0	225	bad		0	0	good	0		ORF1a,ORF6,ORF7a,ORF7b,ORF8,N,ORF9b	"When processing gene ""ORF1a"": The extracted gene sequence is empty or consists entirely from gaps;When processing gene ""ORF6"": The extracted gene sequence is empty or consists entirely from gaps;When processing gene ""ORF7a"": The extracted gene sequence is empty or consists entirely from gaps;When processing gene ""ORF7b"": The extracted gene sequence is empty or consists entirely from gaps;When processing gene ""ORF8"": The extracted gene sequence is empty or consists entirely from gaps;When processing gene ""N"": The extracted gene sequence is empty or consists entirely from gaps;When processing gene ""ORF9b"": The extracted gene sequence is empty or consists entirely from gaps"	
313	1747_sub0	21J	21J (Delta)	Delta	21J	B.1.617.2.4	AY.4	56.250000	mediocre	13	4	0	1	0	0	5	2	0	1118	18414	20678	26839	0.206066280975153	E:1,M:0.47085201793721976,ORF1b:0.1083086053412463,ORF3a:1,S:0.12323390894819466	false	C21618G,C21846T,G21987A,T22917G,C22995A,C23124T,A23403G,C23604G,C23987T,G24410A,G24914T,C25469T,T26767C	22030-22033		S:158-1274	M:I82T,ORF3a:S26L,S:T19R,S:T95I,S:G142D	S:E156-,S:F157-				C23124T,C23987T,G24914T	0	0	3	3		NODE_0000627	C21846T,C23124T,C23987T,G24914T		S:T95I		NODE_0000676	C23124T,C23987T,G24914T				N/A	N/A	N/A	N/A	N/A	N/A	N/A	N/A	N/A	N/A	ORF1b:2404,S:158-1274		3000	0	good	0	10	0	good	0	24	-5	0	good	3		0	good	0	S:158-1274	1		0	75	mediocre		0	0	good	0		ORF1a,ORF6,ORF7a,ORF7b,ORF8,N,ORF9b	"When processing gene ""ORF1a"": The extracted gene sequence is empty or consists entirely from gaps;When processing gene ""ORF6"": The extracted gene sequence is empty or consists entirely from gaps;When processing gene ""ORF7a"": The extracted gene sequence is empty or consists entirely from gaps;When processing gene ""ORF7b"": The extracted gene sequence is empty or consists entirely from gaps;When processing gene ""ORF8"": The extracted gene sequence is empty or consists entirely from gaps;When processing gene ""N"": The extracted gene sequence is empty or consists entirely from gaps;When processing gene ""ORF9b"": The extracted gene sequence is empty or consists entirely from gaps"	
316	5397_sub0	21J	21J (Delta)	Delta	21J	B.1.617.2.4	AY.4	0	good	12	6	0	0	0	0	13	2	0	1	18412	20678	26839	0.206066280975153	E:1,M:0.47085201793721976,ORF1b:0.1083086053412463,ORF3a:1,S:1	false	C21618G,C21846T,G21987A,T22917G,C22995A,A23403G,C23604G,C23987T,G24410A,G24914T,C25469T,T26767C	22029-22034			M:I82T,ORF3a:S26L,S:T19R,S:T95I,S:G142D,S:R158G,S:L452R,S:T478K,S:D614G,S:P681R,S:P809S,S:D950N,S:D1118Y	S:E156-,S:F157-				C23987T,G24914T	0	0	2	2		NODE_0000627	C21846T,C23987T,G24914T		S:T95I,S:P809S,S:D1118Y		NODE_0000676	C23987T,G24914T		S:P809S,S:D1118Y		N/A	N/A	N/A	N/A	N/A	N/A	N/A	N/A	N/A	N/A	ORF1b:2404		3000	0	good	0	10	0	good	0	24	-6	0	good	2		0	good	0		0		0	0	good		0	0	good	0		ORF1a,ORF6,ORF7a,ORF7b,ORF8,N,ORF9b	"When processing gene ""ORF1a"": The extracted gene sequence is empty or consists entirely from gaps;When processing gene ""ORF6"": The extracted gene sequence is empty or consists entirely from gaps;When processing gene ""ORF7a"": The extracted gene sequence is empty or consists entirely from gaps;When processing gene ""ORF7b"": The extracted gene sequence is empty or consists entirely from gaps;When processing gene ""ORF8"": The extracted gene sequence is empty or consists entirely from gaps;When processing gene ""N"": The extracted gene sequence is empty or consists entirely from gaps;When processing gene ""ORF9b"": The extracted gene sequence is empty or consists entirely from gaps"	
311	1093_sub0	21J	21J (Delta)	Delta	21J	B.1.617.2.4	AY.4	225	bad	14	7	1	2	0	0	6	3	0	1255	18387	20678	26839	0.206066280975153	E:1,M:0.47085201793721976,ORF1b:0.03523738872403561,ORF3a:1,S:0.17032967032967034	false	C21618G,T21784C,C21846T,G21987A,T22917G,C22995A,A23403G,C23604G,C23987T,G24410A,G24914T,C25156G,C25469T,T26767C	22029-22034,22211	20964:T	ORF1b:2500-2696,S:218-1274	M:I82T,ORF3a:S26L,S:T19R,S:T95I,S:G142D,S:R158G	S:E156-,S:F157-,S:P217-				T21784C,C23987T,G24914T,C25156G	0	0	4	4		NODE_0000627	T21784C,C21846T,C23987T,G24914T,C25156G	22211	S:T95I	S:P217-	NODE_0000676	T21784C,C23987T,G24914T,C25156G	22211		S:P217-	N/A	N/A	N/A	N/A	N/A	N/A	N/A	N/A	N/A	N/A	ORF1b:2404,ORF1b:2500-2696,S:218-1274		3000	0	good	0	10	0	good	0	24	-3	0	good	5		0	good	0	ORF1b:2500-2696,S:218-1274	2		0	150	bad		0	0	good	0		ORF1a,ORF6,ORF7a,ORF7b,ORF8,N,ORF9b	"When processing gene ""ORF1a"": The extracted gene sequence is empty or consists entirely from gaps;When processing gene ""ORF6"": The extracted gene sequence is empty or consists entirely from gaps;When processing gene ""ORF7a"": The extracted gene sequence is empty or consists entirely from gaps;When processing gene ""ORF7b"": The extracted gene sequence is empty or consists entirely from gaps;When processing gene ""ORF8"": The extracted gene sequence is empty or consists entirely from gaps;When processing gene ""N"": The extracted gene sequence is empty or consists entirely from gaps;When processing gene ""ORF9b"": The extracted gene sequence is empty or consists entirely from gaps"	
312	1692_sub0	21J	21J (Delta)	Delta	21J	B.1.617.2.4	AY.4	112.500000	bad	13	7	0	1	0	0	11	3	0	473	18398	20678	26839	0.206066280975153	E:1,M:0.47085201793721976,ORF1b:0.1083086053412463,ORF3a:1,S:0.6295133437990581	false	C21618G,C21846T,G21987A,T22917G,C22995A,A23403G,C23604G,C23987T,G24410A,G24914T,C25469T,C25889G,T26767C	22029-22034,23966		S:803-1274	M:I82T,ORF3a:S26L,ORF3a:S166*,S:T19R,S:T95I,S:G142D,S:R158G,S:L452R,S:T478K,S:D614G,S:P681R	S:E156-,S:F157-,S:F802-				C23987T,G24914T,C25889G	0	0	3	3		NODE_0000627	C21846T,C23987T,G24914T,C25889G	23966	ORF3a:S166*,S:T95I	S:F802-	NODE_0000676	C23987T,G24914T,C25889G	23966	ORF3a:S166*	S:F802-	N/A	N/A	N/A	N/A	N/A	N/A	N/A	N/A	N/A	N/A	ORF1b:2404,S:803-1274		3000	0	good	0	10	0	good	0	24	-4	0	good	4		0	good	0	S:803-1274	1		0	75	mediocre	ORF3a:165	1	75	mediocre	0		ORF1a,ORF6,ORF7a,ORF7b,ORF8,N,ORF9b	"When processing gene ""ORF1a"": The extracted gene sequence is empty or consists entirely from gaps;When processing gene ""ORF6"": The extracted gene sequence is empty or consists entirely from gaps;When processing gene ""ORF7a"": The extracted gene sequence is empty or consists entirely from gaps;When processing gene ""ORF7b"": The extracted gene sequence is empty or consists entirely from gaps;When processing gene ""ORF8"": The extracted gene sequence is empty or consists entirely from gaps;When processing gene ""N"": The extracted gene sequence is empty or consists entirely from gaps;When processing gene ""ORF9b"": The extracted gene sequence is empty or consists entirely from gaps"	
317	322_sub0	21J	21J (Delta)	Delta	21J	B.1.617.2.4	AY.4	56.250000	mediocre	14	7	1	1	0	0	9	3	0	780	18387	20678	26839	0.206066280975153	E:1,M:0.47085201793721976,ORF1b:0.1083086053412463,ORF3a:1,S:0.38854003139717425	false	C21618G,C21846T,G21987A,A22503G,T22917G,C22995A,A23403G,C23604G,G23607A,C23987T,G24410A,G24914T,C25469T,T26767C	22029-22034,25367	23029:T	S:490-1268	M:I82T,ORF3a:S26L,S:T19R,S:T95I,S:G142D,S:R158G,S:Q314R,S:L452R,S:T478K	S:E156-,S:F157-,S:K1269-				A22503G,G23607A,C23987T,G24914T	0	0	4	4		NODE_0000627	C21846T,A22503G,G23607A,C23987T,G24914T	25367	S:T95I,S:Q314R	S:K1269-	NODE_0000676	A22503G,G23607A,C23987T,G24914T	25367	S:Q314R	S:K1269-	N/A	N/A	N/A	N/A	N/A	N/A	N/A	N/A	N/A	N/A	ORF1b:2404,S:490-1268		3000	0	good	0	10	0	good	0	24	-3	0	good	5		0	good	0	S:490-1268	1		0	75	mediocre		0	0	good	0		ORF1a,ORF6,ORF7a,ORF7b,ORF8,N,ORF9b	"When processing gene ""ORF1a"": The extracted gene sequence is empty or consists entirely from gaps;When processing gene ""ORF6"": The extracted gene sequence is empty or consists entirely from gaps;When processing gene ""ORF7a"": The extracted gene sequence is empty or consists entirely from gaps;When processing gene ""ORF7b"": The extracted gene sequence is empty or consists entirely from gaps;When processing gene ""ORF8"": The extracted gene sequence is empty or consists entirely from gaps;When processing gene ""N"": The extracted gene sequence is empty or consists entirely from gaps;When processing gene ""ORF9b"": The extracted gene sequence is empty or consists entirely from gaps"	
319	405_sub0	21J	21J (Delta)	Delta	21J	B.1.617.2.4	AY.4	225	bad	12	5	1	2	0	0	5	2	0	1339	18401	20678	26839	0.206066280975153	E:1,M:0.47085201793721976,ORF1b:0.1083086053412463,ORF3a:0.19927536231884058,S:0.12323390894819466	false	C21618G,C21846T,G21987A,T22917G,C22995A,A23403G,C23604G,C23987T,G24410A,G24914T,C25469T,T26767C	22030-22033,24569	25557:T	S:158-1274,ORF3a:56-276	M:I82T,ORF3a:S26L,S:T19R,S:T95I,S:G142D	S:E156-,S:F157-				C23987T,G24914T	0	0	2	2		NODE_0000627	C21846T,C23987T,G24914T	24569	S:T95I		NODE_0000676	C23987T,G24914T	24569			N/A	N/A	N/A	N/A	N/A	N/A	N/A	N/A	N/A	N/A	ORF1b:2404,S:158-1274,ORF3a:56-276		3000	0	good	0	10	0	good	0	24	-5	0	good	3		0	good	0	S:158-1274,ORF3a:56-276	2		0	150	bad		0	0	good	0		ORF1a,ORF6,ORF7a,ORF7b,ORF8,N,ORF9b	"When processing gene ""ORF1a"": The extracted gene sequence is empty or consists entirely from gaps;When processing gene ""ORF6"": The extracted gene sequence is empty or consists entirely from gaps;When processing gene ""ORF7a"": The extracted gene sequence is empty or consists entirely from gaps;When processing gene ""ORF7b"": The extracted gene sequence is empty or consists entirely from gaps;When processing gene ""ORF8"": The extracted gene sequence is empty or consists entirely from gaps;When processing gene ""N"": The extracted gene sequence is empty or consists entirely from gaps;When processing gene ""ORF9b"": The extracted gene sequence is empty or consists entirely from gaps"	
318	1487_sub0	21J	21J (Delta)	Delta	21J	B.1.617.2.4	AY.4	225	bad	14	7	0	2	0	0	5	4	0	1125	18388	20678	26839	0.206066280975153	E:1,M:0.47085201793721976,ORF1b:0.10311572700296735,ORF3a:1,S:0.12872841444270017	false	C21618G,C21846T,G21987A,T22087C,T22917G,C22995A,A23403G,C23604G,C23987T,G24410A,G24914T,C25469T,T26691C,T26767C	21511,22031-22035,25367		ORF1b:2683-2696,S:159-1268	M:I82T,ORF3a:S26L,S:T19R,S:T95I,S:G142D	ORF1b:N2682-,S:F157-,S:R158-,S:K1269-				T22087C,C23987T,G24914T,T26691C	0	0	4	4		NODE_0000627	C21846T,T22087C,C23987T,G24914T,T26691C	21511,22035,25367	S:T95I,S:-156E	ORF1b:N2682-,S:G158-,S:K1269-	NODE_0000676	T22087C,C23987T,G24914T,T26691C	21511,22035,25367	S:-156E	ORF1b:N2682-,S:G158-,S:K1269-	N/A	N/A	N/A	N/A	N/A	N/A	N/A	N/A	N/A	N/A	ORF1b:2404,ORF1b:2683-2696,S:159-1268		3000	0	good	0	10	0	good	0	24	-1	0	good	7		0	good	0	ORF1b:2683-2696,S:159-1268	2		0	150	bad		0	0	good	0		ORF1a,ORF6,ORF7a,ORF7b,ORF8,N,ORF9b	"When processing gene ""ORF1a"": The extracted gene sequence is empty or consists entirely from gaps;When processing gene ""ORF6"": The extracted gene sequence is empty or consists entirely from gaps;When processing gene ""ORF7a"": The extracted gene sequence is empty or consists entirely from gaps;When processing gene ""ORF7b"": The extracted gene sequence is empty or consists entirely from gaps;When processing gene ""ORF8"": The extracted gene sequence is empty or consists entirely from gaps;When processing gene ""N"": The extracted gene sequence is empty or consists entirely from gaps;When processing gene ""ORF9b"": The extracted gene sequence is empty or consists entirely from gaps"	
320	554_sub0	21J	21J (Delta)	Delta	21J	B.1.617.2.4	AY.4	0	good	12	6	0	0	0	0	13	2	0	1	18412	20678	26839	0.206066280975153	E:1,M:0.47085201793721976,ORF1b:0.1083086053412463,ORF3a:1,S:1	false	C21618G,C21846T,G21987A,T22917G,C22995A,A23403G,C23604G,C23987T,G24410A,G24914T,C25469T,T26767C	22029-22034			M:I82T,ORF3a:S26L,S:T19R,S:T95I,S:G142D,S:R158G,S:L452R,S:T478K,S:D614G,S:P681R,S:P809S,S:D950N,S:D1118Y	S:E156-,S:F157-				C23987T,G24914T	0	0	2	2		NODE_0000627	C21846T,C23987T,G24914T		S:T95I,S:P809S,S:D1118Y		NODE_0000676	C23987T,G24914T		S:P809S,S:D1118Y		N/A	N/A	N/A	N/A	N/A	N/A	N/A	N/A	N/A	N/A	ORF1b:2404		3000	0	good	0	10	0	good	0	24	-6	0	good	2		0	good	0		0		0	0	good		0	0	good	0		ORF1a,ORF6,ORF7a,ORF7b,ORF8,N,ORF9b	"When processing gene ""ORF1a"": The extracted gene sequence is empty or consists entirely from gaps;When processing gene ""ORF6"": The extracted gene sequence is empty or consists entirely from gaps;When processing gene ""ORF7a"": The extracted gene sequence is empty or consists entirely from gaps;When processing gene ""ORF7b"": The extracted gene sequence is empty or consists entirely from gaps;When processing gene ""ORF8"": The extracted gene sequence is empty or consists entirely from gaps;When processing gene ""N"": The extracted gene sequence is empty or consists entirely from gaps;When processing gene ""ORF9b"": The extracted gene sequence is empty or consists entirely from gaps"	
315	341_sub0	21J	21J (Delta)	Delta	21J	B.1.617.2.4	AY.4	0	good	12	6	0	0	0	0	13	2	0	1	18412	20678	26839	0.206066280975153	E:1,M:0.47085201793721976,ORF1b:0.1083086053412463,ORF3a:1,S:1	false	C21618G,C21846T,G21987A,T22917G,C22995A,A23403G,C23604G,C23987T,G24410A,G24914T,C25469T,T26767C	22029-22034			M:I82T,ORF3a:S26L,S:T19R,S:T95I,S:G142D,S:R158G,S:L452R,S:T478K,S:D614G,S:P681R,S:P809S,S:D950N,S:D1118Y	S:E156-,S:F157-				C23987T,G24914T	0	0	2	2		NODE_0000627	C21846T,C23987T,G24914T		S:T95I,S:P809S,S:D1118Y		NODE_0000676	C23987T,G24914T		S:P809S,S:D1118Y		N/A	N/A	N/A	N/A	N/A	N/A	N/A	N/A	N/A	N/A	ORF1b:2404		3000	0	good	0	10	0	good	0	24	-6	0	good	2		0	good	0		0		0	0	good		0	0	good	0		ORF1a,ORF6,ORF7a,ORF7b,ORF8,N,ORF9b	"When processing gene ""ORF1a"": The extracted gene sequence is empty or consists entirely from gaps;When processing gene ""ORF6"": The extracted gene sequence is empty or consists entirely from gaps;When processing gene ""ORF7a"": The extracted gene sequence is empty or consists entirely from gaps;When processing gene ""ORF7b"": The extracted gene sequence is empty or consists entirely from gaps;When processing gene ""ORF8"": The extracted gene sequence is empty or consists entirely from gaps;When processing gene ""N"": The extracted gene sequence is empty or consists entirely from gaps;When processing gene ""ORF9b"": The extracted gene sequence is empty or consists entirely from gaps"	
314	275_sub0	21J	21J (Delta)	Delta	21J	B.1.617.2.4	AY.4	56.250000	mediocre	15	5	0	1	0	0	7	2	0	1117	18404	20678	26839	0.206066280975153	E:1,M:0.47085201793721976,ORF1b:0.1083086053412463,ORF3a:1,S:0.12401883830455258	false	T21011C,C21618G,C21846T,G21987A,T22917G,C22995A,A23403G,C23604G,G23611A,C23987T,G24410A,G24914T,C25469T,A26024C,T26767C	22031-22035		S:159-1274	M:I82T,ORF1b:V2515A,ORF3a:S26L,ORF3a:Y211S,S:T19R,S:T95I,S:G142D	S:F157-,S:R158-				T21011C,G23611A,C23987T,G24914T,A26024C	0	0	5	5		NODE_0000627	T21011C,C21846T,G23611A,C23987T,G24914T,A26024C	22035	ORF1b:V2515A,ORF3a:Y211S,S:T95I,S:-156E	S:G158-	NODE_0000676	T21011C,G23611A,C23987T,G24914T,A26024C	22035	ORF1b:V2515A,ORF3a:Y211S,S:-156E	S:G158-	N/A	N/A	N/A	N/A	N/A	N/A	N/A	N/A	N/A	N/A	ORF1b:2404,S:159-1274		3000	0	good	0	10	0	good	0	24	-2	0	good	6		0	good	0	S:159-1274	1		0	75	mediocre		0	0	good	0		ORF1a,ORF6,ORF7a,ORF7b,ORF8,N,ORF9b	"When processing gene ""ORF1a"": The extracted gene sequence is empty or consists entirely from gaps;When processing gene ""ORF6"": The extracted gene sequence is empty or consists entirely from gaps;When processing gene ""ORF7a"": The extracted gene sequence is empty or consists entirely from gaps;When processing gene ""ORF7b"": The extracted gene sequence is empty or consists entirely from gaps;When processing gene ""ORF8"": The extracted gene sequence is empty or consists entirely from gaps;When processing gene ""N"": The extracted gene sequence is empty or consists entirely from gaps;When processing gene ""ORF9b"": The extracted gene sequence is empty or consists entirely from gaps"	
321	1459_sub0	21J	21J (Delta)	Delta	21J	B.1.617.2.4	AY.4	56.250000	mediocre	14	8	0	2	0	0	8	4	0	981	18384	20678	26839	0.206066280975153	E:1,M:0.47085201793721976,ORF1b:0.1083086053412463,ORF3a:0.2028985507246377,S:0.40345368916797486	false	C21618G,C21846T,G21987A,T22917G,C22995A,T23337C,A23403G,C23604G,C23987T,G24410A,G24914T,T25221C,C25469T,T26767C	22029-22034,23102,25558		S:515-1274,ORF3a:57-276	M:I82T,ORF3a:S26L,S:T19R,S:T95I,S:G142D,S:R158G,S:L452R,S:T478K	ORF3a:F56-,S:E156-,S:F157-,S:S514-				T23337C,C23987T,G24914T,T25221C	0	0	4	4		NODE_0000627	C21846T,T23337C,C23987T,G24914T,T25221C	23102,25558	S:T95I	ORF3a:F56-,S:S514-	NODE_0000676	T23337C,C23987T,G24914T,T25221C	23102,25558		ORF3a:F56-,S:S514-	N/A	N/A	N/A	N/A	N/A	N/A	N/A	N/A	N/A	N/A	ORF1b:2404,S:515-1274,ORF3a:57-276		3000	0	good	0	10	0	good	0	24	-2	0	good	6		0	good	0	S:515-1274	1	ORF3a:57-276	1	75	mediocre		0	0	good	0		ORF1a,ORF6,ORF7a,ORF7b,ORF8,N,ORF9b	"When processing gene ""ORF1a"": The extracted gene sequence is empty or consists entirely from gaps;When processing gene ""ORF6"": The extracted gene sequence is empty or consists entirely from gaps;When processing gene ""ORF7a"": The extracted gene sequence is empty or consists entirely from gaps;When processing gene ""ORF7b"": The extracted gene sequence is empty or consists entirely from gaps;When processing gene ""ORF8"": The extracted gene sequence is empty or consists entirely from gaps;When processing gene ""N"": The extracted gene sequence is empty or consists entirely from gaps;When processing gene ""ORF9b"": The extracted gene sequence is empty or consists entirely from gaps"	
325	1568_sub0	21J	21J (Delta)	Delta	21J	B.1.617.2.4	AY.4	225	bad	14	2	1	2	0	0	11	1	0	216	18401	20678	26839	0.206066280975153	E:1,M:0.47085201793721976,ORF1b:0.1083086053412463,ORF3a:1,S:0.8312401883830455	false	C21618G,C21846T,G21987A,C22033A,T22917G,C22995A,T23104C,A23403G,C23604G,C23987T,G24410A,G24914T,C25469T,T26767C	22030,24774	22063:T	S:157-167,S:1072-1274	M:I82T,ORF3a:S26L,S:T19R,S:T95I,S:G142D,S:L452R,S:T478K,S:D614G,S:P681R,S:P809S,S:D950N	S:Q1071-			-22033A|24A&24E&22D&23C&24C&23F&24F&24B&rec&23I&24G&25A&24H&24D&24I&25B&25C	T23104C,C23987T,G24914T	0	1	3	4		NODE_0000627	C21846T,-22033A,T23104C,C23987T,G24914T	24774	S:T95I,S:P809S	S:Q1071-	NODE_0000676	-22033A,T23104C,C23987T,G24914T	24774	S:P809S	S:Q1071-	N/A	N/A	N/A	N/A	N/A	N/A	N/A	N/A	N/A	N/A	ORF1b:2404,S:156-167,S:1072-1274		3000	0	good	0	10	0	good	0	24	0	0	good	8		0	good	0	S:157-167,S:1072-1274	2		0	150	bad		0	0	good	0		ORF1a,ORF6,ORF7a,ORF7b,ORF8,N,ORF9b	"When processing gene ""ORF1a"": The extracted gene sequence is empty or consists entirely from gaps;When processing gene ""ORF6"": The extracted gene sequence is empty or consists entirely from gaps;When processing gene ""ORF7a"": The extracted gene sequence is empty or consists entirely from gaps;When processing gene ""ORF7b"": The extracted gene sequence is empty or consists entirely from gaps;When processing gene ""ORF8"": The extracted gene sequence is empty or consists entirely from gaps;When processing gene ""N"": The extracted gene sequence is empty or consists entirely from gaps;When processing gene ""ORF9b"": The extracted gene sequence is empty or consists entirely from gaps"	
326	321_sub0	21J	21J (Delta)	Delta	21J	B.1.617.2.4	AY.4	56.250000	mediocre	14	5	1	1	0	0	6	2	0	1117	18401	20678	26839	0.206066280975153	E:1,M:0.47085201793721976,ORF1b:0.1083086053412463,ORF3a:1,S:0.12401883830455258	false	C21618G,C21846T,G21987A,T22917G,C22995A,A23403G,C23604G,C23987T,G24410A,G24608A,G24914T,C25469T,T26767C,G26775A	22031-22035	23143:A	S:159-1274	M:I82T,M:A85T,ORF3a:S26L,S:T19R,S:T95I,S:G142D	S:F157-,S:R158-				C23987T,G24608A,G24914T,G26775A	0	0	4	4		NODE_0000627	C21846T,C23987T,G24608A,G24914T,G26775A	22035	M:A85T,S:T95I,S:-156E	S:G158-	NODE_0000676	C23987T,G24608A,G24914T,G26775A	22035	M:A85T,S:-156E	S:G158-	N/A	N/A	N/A	N/A	N/A	N/A	N/A	N/A	N/A	N/A	ORF1b:2404,S:159-1274		3000	0	good	0	10	0	good	0	24	-3	0	good	5		0	good	0	S:159-1274	1		0	75	mediocre		0	0	good	0		ORF1a,ORF6,ORF7a,ORF7b,ORF8,N,ORF9b	"When processing gene ""ORF1a"": The extracted gene sequence is empty or consists entirely from gaps;When processing gene ""ORF6"": The extracted gene sequence is empty or consists entirely from gaps;When processing gene ""ORF7a"": The extracted gene sequence is empty or consists entirely from gaps;When processing gene ""ORF7b"": The extracted gene sequence is empty or consists entirely from gaps;When processing gene ""ORF8"": The extracted gene sequence is empty or consists entirely from gaps;When processing gene ""N"": The extracted gene sequence is empty or consists entirely from gaps;When processing gene ""ORF9b"": The extracted gene sequence is empty or consists entirely from gaps"	
328	1901_sub0	21J	21J (Delta)	Delta	21J	B.1.617.2.4	AY.4	56.423611	mediocre	16	0	0	0	0	0	14	0	0	1	18422	20678	26839	0.206066280975153	E:1,M:0.47085201793721976,ORF1b:0.1083086053412463,ORF3a:1,S:1	false	C21618G,C21846T,G21987A,G22030A,T22032A,C22033A,T22917G,C22995A,A23403G,T23487C,C23604G,C23987T,G24410A,G24914T,C25469T,T26767C				M:I82T,ORF3a:S26L,S:T19R,S:T95I,S:G142D,S:F157*,S:L452R,S:T478K,S:D614G,S:V642A,S:P681R,S:P809S,S:D950N,S:D1118Y				-22033A|24A&24E&22D&23C&24C&23F&24F&24B&rec&23I&24G&25A&24H&24D&24I&25B&25C	-22030A,-22032A,T23487C,C23987T,G24914T	0	1	5	6		NODE_0000627	C21846T,-22030A,-22032A,-22033A,T23487C,C23987T,G24914T		S:T95I,S:-156E,S:-157*,S:G158R,S:V642A,S:P809S,S:D1118Y		NODE_0000676	-22030A,-22032A,-22033A,T23487C,C23987T,G24914T		S:-156E,S:-157*,S:G158R,S:V642A,S:P809S,S:D1118Y		N/A	N/A	N/A	N/A	N/A	N/A	N/A	N/A	N/A	N/A	ORF1b:2404		3000	0	good	0	10	0	good	0	24	1	4.166667	good	9		0	good	0		0		0	0	good	S:156	1	75	mediocre	0		ORF1a,ORF6,ORF7a,ORF7b,ORF8,N,ORF9b	"When processing gene ""ORF1a"": The extracted gene sequence is empty or consists entirely from gaps;When processing gene ""ORF6"": The extracted gene sequence is empty or consists entirely from gaps;When processing gene ""ORF7a"": The extracted gene sequence is empty or consists entirely from gaps;When processing gene ""ORF7b"": The extracted gene sequence is empty or consists entirely from gaps;When processing gene ""ORF8"": The extracted gene sequence is empty or consists entirely from gaps;When processing gene ""N"": The extracted gene sequence is empty or consists entirely from gaps;When processing gene ""ORF9b"": The extracted gene sequence is empty or consists entirely from gaps"	
327	1298_sub0	21J	21J (Delta)	Delta	21J	B.1.617.2.4	AY.4	56.250000	mediocre	13	6	1	1	0	0	2	0	0	1272	18401	20678	26839	0.206066280975153	E:1,M:0.47085201793721976,ORF1b:0.1083086053412463,ORF3a:1,S:0.002354788069073783	false	C21618G,C21846T,G21987A,T22917G,C22995A,A23403G,C23604G,C23987T,G24410A,G24914T,C25469T,T26497C,T26767C	22029-22034	21571:T	S:4-1274	M:I82T,ORF3a:S26L					C23987T,G24914T,T26497C	0	0	3	3		NODE_0000627	C21846T,C23987T,G24914T,T26497C				NODE_0000676	C23987T,G24914T,T26497C				N/A	N/A	N/A	N/A	N/A	N/A	N/A	N/A	N/A	N/A	ORF1b:2404,S:4-1274		3000	0	good	0	10	0	good	0	24	-5	0	good	3		0	good	0	S:4-1274	1		0	75	mediocre		0	0	good	0		ORF1a,ORF6,ORF7a,ORF7b,ORF8,N,ORF9b	"When processing gene ""ORF1a"": The extracted gene sequence is empty or consists entirely from gaps;When processing gene ""ORF6"": The extracted gene sequence is empty or consists entirely from gaps;When processing gene ""ORF7a"": The extracted gene sequence is empty or consists entirely from gaps;When processing gene ""ORF7b"": The extracted gene sequence is empty or consists entirely from gaps;When processing gene ""ORF8"": The extracted gene sequence is empty or consists entirely from gaps;When processing gene ""N"": The extracted gene sequence is empty or consists entirely from gaps;When processing gene ""ORF9b"": The extracted gene sequence is empty or consists entirely from gaps"	
324	1304_sub0	21J	21J (Delta)	Delta	21J	B.1.617.2.4	AY.4	56.250000	mediocre	13	4	0	1	0	0	5	2	0	1118	18414	20678	26839	0.206066280975153	E:1,M:0.47085201793721976,ORF1b:0.1083086053412463,ORF3a:1,S:0.12323390894819466	false	C21618G,C21846T,G21987A,T22917G,C22995A,A23403G,C23604G,C23987T,G24410A,G24914T,C25000T,C25469T,T26767C	22030-22033		S:158-1274	M:I82T,ORF3a:S26L,S:T19R,S:T95I,S:G142D	S:E156-,S:F157-			C25000T|21K&21L&22B&22E&23A&22C&24A&22A&23F&23D&23B&22D&24E&22F&rec&23C&24C&24F&23E&24B&23H&23I&24G&25A&23G&24H&24D&21M&24I&25B&25C	C23987T,G24914T	0	1	2	3		NODE_0000627	C21846T,C23987T,G24914T,C25000T		S:T95I		NODE_0000676	C23987T,G24914T,C25000T				N/A	N/A	N/A	N/A	N/A	N/A	N/A	N/A	N/A	N/A	ORF1b:2404,S:158-1274		3000	0	good	0	10	0	good	0	24	-2	0	good	6		0	good	0	S:158-1274	1		0	75	mediocre		0	0	good	0		ORF1a,ORF6,ORF7a,ORF7b,ORF8,N,ORF9b	"When processing gene ""ORF1a"": The extracted gene sequence is empty or consists entirely from gaps;When processing gene ""ORF6"": The extracted gene sequence is empty or consists entirely from gaps;When processing gene ""ORF7a"": The extracted gene sequence is empty or consists entirely from gaps;When processing gene ""ORF7b"": The extracted gene sequence is empty or consists entirely from gaps;When processing gene ""ORF8"": The extracted gene sequence is empty or consists entirely from gaps;When processing gene ""N"": The extracted gene sequence is empty or consists entirely from gaps;When processing gene ""ORF9b"": The extracted gene sequence is empty or consists entirely from gaps"	
329	320_sub0	21J	21J (Delta)	Delta	21J	B.1.617.2.4	AY.4	56.423611	mediocre	15	7	0	1	0	0	8	3	0	810	18389	20678	26839	0.206066280975153	E:1,M:0.47085201793721976,ORF1b:0.1083086053412463,ORF3a:1,S:0.3649921507064364	false	C21618G,C21654T,C21846T,G21987A,T22917G,C22995A,A23403G,C23604G,C23987T,G24233A,G24410A,G24557T,G24914T,C25469T,T26767C	22029-22034,22956		S:466-1274	M:I82T,ORF3a:S26L,S:T19R,S:S31F,S:T95I,S:G142D,S:R158G,S:L452R	S:E156-,S:F157-,S:E465-			C21654T|24I	C23987T,G24233A,G24557T,G24914T	0	1	4	5		NODE_0000627	C21654T,C21846T,C23987T,G24233A,G24557T,G24914T	22956	S:S31F,S:T95I	S:E465-	NODE_0000676	C21654T,C23987T,G24233A,G24557T,G24914T	22956	S:S31F	S:E465-	N/A	N/A	N/A	N/A	N/A	N/A	N/A	N/A	N/A	N/A	ORF1b:2404,S:466-1274		3000	0	good	0	10	0	good	0	24	1	4.166667	good	9		0	good	0	S:466-1274	1		0	75	mediocre		0	0	good	0		ORF1a,ORF6,ORF7a,ORF7b,ORF8,N,ORF9b	"When processing gene ""ORF1a"": The extracted gene sequence is empty or consists entirely from gaps;When processing gene ""ORF6"": The extracted gene sequence is empty or consists entirely from gaps;When processing gene ""ORF7a"": The extracted gene sequence is empty or consists entirely from gaps;When processing gene ""ORF7b"": The extracted gene sequence is empty or consists entirely from gaps;When processing gene ""ORF8"": The extracted gene sequence is empty or consists entirely from gaps;When processing gene ""N"": The extracted gene sequence is empty or consists entirely from gaps;When processing gene ""ORF9b"": The extracted gene sequence is empty or consists entirely from gaps"	
322	1109_sub0	21J	21J (Delta)	Delta	21J	B.1.617.2.4	AY.4	57.812500	mediocre	13	7	0	1	0	0	14	3	0	6	18398	20678	26839	0.206066280975153	E:1,M:0.47085201793721976,ORF1b:0.1083086053412463,ORF3a:1,S:0.9960753532182104	false	C21618G,C21846T,G21987A,T22917G,C22995A,A23403G,C23604G,C23987T,G24410A,T24501A,G24914T,T25895C,T26767C	22029-22034,25367		S:1270-1274	M:I82T,ORF3a:V168A,S:T19R,S:T95I,S:G142D,S:R158G,S:L452R,S:T478K,S:D614G,S:P681R,S:P809S,S:D950N,S:I980N,S:D1118Y	S:E156-,S:F157-,S:K1269-		T25469C		C23987T,T24501A,G24914T,T25895C	1	0	4	5		NODE_0000627	C21846T,C23987T,T24501A,G24914T,T25469C,T25895C	25367	ORF3a:L26S,ORF3a:V168A,S:T95I,S:P809S,S:I980N,S:D1118Y	S:K1269-	NODE_0000676	C23987T,T24501A,G24914T,T25469C,T25895C	25367	ORF3a:L26S,ORF3a:V168A,S:P809S,S:I980N,S:D1118Y	S:K1269-	N/A	N/A	N/A	N/A	N/A	N/A	N/A	N/A	N/A	N/A	ORF1b:2404,S:1270-1274		3000	0	good	0	10	0	good	0	24	3	12.500000	good	11		0	good	0	S:1270-1274	1		0	75	mediocre		0	0	good	0		ORF1a,ORF6,ORF7a,ORF7b,ORF8,N,ORF9b	"When processing gene ""ORF1a"": The extracted gene sequence is empty or consists entirely from gaps;When processing gene ""ORF6"": The extracted gene sequence is empty or consists entirely from gaps;When processing gene ""ORF7a"": The extracted gene sequence is empty or consists entirely from gaps;When processing gene ""ORF7b"": The extracted gene sequence is empty or consists entirely from gaps;When processing gene ""ORF8"": The extracted gene sequence is empty or consists entirely from gaps;When processing gene ""N"": The extracted gene sequence is empty or consists entirely from gaps;When processing gene ""ORF9b"": The extracted gene sequence is empty or consists entirely from gaps"	
323	224_sub0	21J	21J (Delta)	Delta	21J	B.1.617.2.4	AY.4	226.562500	bad	16	4	0	2	0	0	7	4	0	741	18388	20678	26839	0.206066280975153	E:1,M:0.47085201793721976,ORF1b:0.1083086053412463,ORF3a:1,S:0.41915227629513346	false	C21618G,C21846T,G21987A,C22033A,G22704A,T22917G,T22952C,C22995A,G23120A,A23403G,C23604G,C23987T,G24410A,G24914T,C25469T,T26767C	22030-22031,24248,25376		S:158-895,S:1273-1274	M:I82T,ORF3a:S26L,S:T19R,S:T95I,S:G142D,S:D950N,S:D1118Y	S:E156-,S:F157-,S:I896-,S:Y1272-			-22033A|24A&24E&22D&23C&24C&23F&24F&24B&rec&23I&24G&25A&24H&24D&24I&25B&25C	G22704A,T22952C,G23120A,C23987T,G24914T	0	1	5	6		NODE_0000627	C21846T,-22033A,G22704A,T22952C,G23120A,C23987T,G24914T	24248,25376	S:T95I,S:D1118Y	S:I896-,S:Y1272-	NODE_0000676	-22033A,G22704A,T22952C,G23120A,C23987T,G24914T	24248,25376	S:D1118Y	S:I896-,S:Y1272-	N/A	N/A	N/A	N/A	N/A	N/A	N/A	N/A	N/A	N/A	ORF1b:2404,S:158-895,S:1273-1274		3000	0	good	0	10	0	good	0	24	3	12.500000	good	11		0	good	0	S:158-895,S:1273-1274	2		0	150	bad		0	0	good	0		ORF1a,ORF6,ORF7a,ORF7b,ORF8,N,ORF9b	"When processing gene ""ORF1a"": The extracted gene sequence is empty or consists entirely from gaps;When processing gene ""ORF6"": The extracted gene sequence is empty or consists entirely from gaps;When processing gene ""ORF7a"": The extracted gene sequence is empty or consists entirely from gaps;When processing gene ""ORF7b"": The extracted gene sequence is empty or consists entirely from gaps;When processing gene ""ORF8"": The extracted gene sequence is empty or consists entirely from gaps;When processing gene ""N"": The extracted gene sequence is empty or consists entirely from gaps;When processing gene ""ORF9b"": The extracted gene sequence is empty or consists entirely from gaps"	
332	429_sub0	21J	21J (Delta)	Delta	21J	B.1.617.2.4	AY.4	56.250000	mediocre	15	3	1	1	0	0	7	1	0	1047	18403	20678	26839	0.206066280975153	E:1,M:0.47085201793721976,ORF1b:0.1083086053412463,ORF3a:1,S:0.17896389324960754	false	C21618G,C21846T,G21987A,A22029G,G22030A,T22917G,C22995A,A23403G,C23604G,C23987T,G24410A,G24914T,C25469T,G25906A,T26767C	22031-22033	22246:T	S:229-1274	M:I82T,ORF3a:S26L,ORF3a:G172S,S:T19R,S:T95I,S:G142D,S:F157G	S:E156-				-22029G,-22030A,C23987T,G24914T,G25906A	0	0	5	5		NODE_0000627	C21846T,-22029G,-22030A,C23987T,G24914T,G25906A		ORF3a:G172S,S:T95I,S:-157G,S:G158R		NODE_0000676	-22029G,-22030A,C23987T,G24914T,G25906A		ORF3a:G172S,S:-157G,S:G158R		N/A	N/A	N/A	N/A	N/A	N/A	N/A	N/A	N/A	N/A	ORF1b:2404,S:229-1274		3000	0	good	0	10	0	good	0	24	-3	0	good	5		0	good	0	S:229-1274	1		0	75	mediocre		0	0	good	0		ORF1a,ORF6,ORF7a,ORF7b,ORF8,N,ORF9b	"When processing gene ""ORF1a"": The extracted gene sequence is empty or consists entirely from gaps;When processing gene ""ORF6"": The extracted gene sequence is empty or consists entirely from gaps;When processing gene ""ORF7a"": The extracted gene sequence is empty or consists entirely from gaps;When processing gene ""ORF7b"": The extracted gene sequence is empty or consists entirely from gaps;When processing gene ""ORF8"": The extracted gene sequence is empty or consists entirely from gaps;When processing gene ""N"": The extracted gene sequence is empty or consists entirely from gaps;When processing gene ""ORF9b"": The extracted gene sequence is empty or consists entirely from gaps"	
330	1142_sub0	21J	21J (Delta)	Delta	21J	B.1.617.2.4	AY.4	56.423611	mediocre	16	1	0	1	0	0	6	1	0	1118	18412	20678	26839	0.206066280975153	E:1,M:0.47085201793721976,ORF1b:0.1083086053412463,ORF3a:1,S:0.12323390894819466	false	C21618G,C21846T,G21987A,G22030A,C22033A,T22917G,C22995A,A23403G,C23604G,A23864T,C23987T,G24410A,G24914T,C25469T,T26083C,T26767C	22031		S:158-1274	M:I82T,ORF3a:S26L,ORF3a:F231L,S:T19R,S:T95I,S:G142D	S:F157-			-22033A|24A&24E&22D&23C&24C&23F&24F&24B&rec&23I&24G&25A&24H&24D&24I&25B&25C	-22030A,A23864T,C23987T,G24914T,T26083C	0	1	5	6		NODE_0000627	C21846T,-22030A,-22033A,A23864T,C23987T,G24914T,T26083C		ORF3a:F231L,S:T95I,S:-156E		NODE_0000676	-22030A,-22033A,A23864T,C23987T,G24914T,T26083C		ORF3a:F231L,S:-156E		N/A	N/A	N/A	N/A	N/A	N/A	N/A	N/A	N/A	N/A	ORF1b:2404,S:158-1274		3000	0	good	0	10	0	good	0	24	1	4.166667	good	9		0	good	0	S:158-1274	1		0	75	mediocre		0	0	good	0		ORF1a,ORF6,ORF7a,ORF7b,ORF8,N,ORF9b	"When processing gene ""ORF1a"": The extracted gene sequence is empty or consists entirely from gaps;When processing gene ""ORF6"": The extracted gene sequence is empty or consists entirely from gaps;When processing gene ""ORF7a"": The extracted gene sequence is empty or consists entirely from gaps;When processing gene ""ORF7b"": The extracted gene sequence is empty or consists entirely from gaps;When processing gene ""ORF8"": The extracted gene sequence is empty or consists entirely from gaps;When processing gene ""N"": The extracted gene sequence is empty or consists entirely from gaps;When processing gene ""ORF9b"": The extracted gene sequence is empty or consists entirely from gaps"	
331	1774_sub0	21J	21J (Delta)	Delta	21J	B.1.617.2.4	AY.4	0	good	12	6	0	0	0	0	13	2	0	1	18412	20678	26839	0.206066280975153	E:1,M:0.47085201793721976,ORF1b:0.1083086053412463,ORF3a:1,S:1	false	C21618G,C21846T,G21987A,T22917G,C22995A,A23403G,C23604G,C23987T,G24410A,G24914T,C25469T,T26767C	22029-22034			M:I82T,ORF3a:S26L,S:T19R,S:T95I,S:G142D,S:R158G,S:L452R,S:T478K,S:D614G,S:P681R,S:P809S,S:D950N,S:D1118Y	S:E156-,S:F157-				C23987T,G24914T	0	0	2	2		NODE_0000627	C21846T,C23987T,G24914T		S:T95I,S:P809S,S:D1118Y		NODE_0000676	C23987T,G24914T		S:P809S,S:D1118Y		N/A	N/A	N/A	N/A	N/A	N/A	N/A	N/A	N/A	N/A	ORF1b:2404		3000	0	good	0	10	0	good	0	24	-6	0	good	2		0	good	0		0		0	0	good		0	0	good	0		ORF1a,ORF6,ORF7a,ORF7b,ORF8,N,ORF9b	"When processing gene ""ORF1a"": The extracted gene sequence is empty or consists entirely from gaps;When processing gene ""ORF6"": The extracted gene sequence is empty or consists entirely from gaps;When processing gene ""ORF7a"": The extracted gene sequence is empty or consists entirely from gaps;When processing gene ""ORF7b"": The extracted gene sequence is empty or consists entirely from gaps;When processing gene ""ORF8"": The extracted gene sequence is empty or consists entirely from gaps;When processing gene ""N"": The extracted gene sequence is empty or consists entirely from gaps;When processing gene ""ORF9b"": The extracted gene sequence is empty or consists entirely from gaps"	
336	1731_sub0	21J	21J (Delta)	Delta	21J	B.1.617.2.4	AY.4	56.250000	mediocre	13	7	0	1	0	0	11	3	0	421	18398	20678	26839	0.206066280975153	E:1,M:0.47085201793721976,ORF1b:0.1083086053412463,ORF3a:1,S:0.6703296703296703	false	C21618G,C21846T,G21987A,T22917G,C22995A,A23403G,C23604G,C23987T,G24410A,G24914T,G25112A,C25469T,T26767C	22029-22034,24122		S:855-1274	M:I82T,ORF3a:S26L,S:T19R,S:T95I,S:G142D,S:R158G,S:L452R,S:T478K,S:D614G,S:P681R,S:P809S	S:E156-,S:F157-,S:K854-				C23987T,G24914T,G25112A	0	0	3	3		NODE_0000627	C21846T,C23987T,G24914T,G25112A	24122	S:T95I,S:P809S	S:K854-	NODE_0000676	C23987T,G24914T,G25112A	24122	S:P809S	S:K854-	N/A	N/A	N/A	N/A	N/A	N/A	N/A	N/A	N/A	N/A	ORF1b:2404,S:855-1274		3000	0	good	0	10	0	good	0	24	-4	0	good	4		0	good	0	S:855-1274	1		0	75	mediocre		0	0	good	0		ORF1a,ORF6,ORF7a,ORF7b,ORF8,N,ORF9b	"When processing gene ""ORF1a"": The extracted gene sequence is empty or consists entirely from gaps;When processing gene ""ORF6"": The extracted gene sequence is empty or consists entirely from gaps;When processing gene ""ORF7a"": The extracted gene sequence is empty or consists entirely from gaps;When processing gene ""ORF7b"": The extracted gene sequence is empty or consists entirely from gaps;When processing gene ""ORF8"": The extracted gene sequence is empty or consists entirely from gaps;When processing gene ""N"": The extracted gene sequence is empty or consists entirely from gaps;When processing gene ""ORF9b"": The extracted gene sequence is empty or consists entirely from gaps"	
333	498_sub0	21J	21J (Delta)	Delta	21J	B.1.617.2.4	AY.4	0	good	14	6	0	0	0	0	15	2	0	1	18404	20678	26839	0.206066280975153	E:1,M:0.47085201793721976,ORF1b:0.1083086053412463,ORF3a:1,S:1	false	C21618G,C21846T,G21987A,T22917G,C22995A,A23403G,G23561C,C23604G,C23987T,G24410A,G24914T,C25469T,T26066G,T26767C	22029-22034			M:I82T,ORF3a:S26L,ORF3a:V225G,S:T19R,S:T95I,S:G142D,S:R158G,S:L452R,S:T478K,S:D614G,S:G667R,S:P681R,S:P809S,S:D950N,S:D1118Y	S:E156-,S:F157-				G23561C,C23987T,G24914T,T26066G	0	0	4	4		NODE_0000627	C21846T,G23561C,C23987T,G24914T,T26066G		ORF3a:V225G,S:T95I,S:G667R,S:P809S,S:D1118Y		NODE_0000676	G23561C,C23987T,G24914T,T26066G		ORF3a:V225G,S:G667R,S:P809S,S:D1118Y		N/A	N/A	N/A	N/A	N/A	N/A	N/A	N/A	N/A	N/A	ORF1b:2404		3000	0	good	0	10	0	good	0	24	-4	0	good	4		0	good	0		0		0	0	good		0	0	good	0		ORF1a,ORF6,ORF7a,ORF7b,ORF8,N,ORF9b	"When processing gene ""ORF1a"": The extracted gene sequence is empty or consists entirely from gaps;When processing gene ""ORF6"": The extracted gene sequence is empty or consists entirely from gaps;When processing gene ""ORF7a"": The extracted gene sequence is empty or consists entirely from gaps;When processing gene ""ORF7b"": The extracted gene sequence is empty or consists entirely from gaps;When processing gene ""ORF8"": The extracted gene sequence is empty or consists entirely from gaps;When processing gene ""N"": The extracted gene sequence is empty or consists entirely from gaps;When processing gene ""ORF9b"": The extracted gene sequence is empty or consists entirely from gaps"	
334	4405_sub0	21J	21J (Delta)	Delta	21J	B.1.617.2.4	AY.4	225	bad	14	7	0	2	0	0	4	4	0	908	18388	20678	26839	0.206066280975153	E:1,M:0.47085201793721976,ORF1b:0.1083086053412463,ORF3a:1,S:0.2880690737833595	false	C21618G,C21846T,G21987A,A22029T,T22917G,C22995A,A23403G,C23604G,C23987T,G24410A,G24914T,G24954A,C25469T,T26767C	21734,22031-22035,22955		S:59-156,S:466-1274	M:I82T,ORF3a:S26L,S:T19R,S:L452R	S:F58-,S:F157-,S:R158-,S:E465-				-22029T,C23987T,G24914T,G24954A	0	0	4	4		NODE_0000627	C21846T,-22029T,C23987T,G24914T,G24954A	21734,22035,22955		S:F58-,S:G158-,S:E465-	NODE_0000676	-22029T,C23987T,G24914T,G24954A	21734,22035,22955		S:F58-,S:G158-,S:E465-	N/A	N/A	N/A	N/A	N/A	N/A	N/A	N/A	N/A	N/A	ORF1b:2404,S:59-156,S:466-1274		3000	0	good	0	10	0	good	0	24	-1	0	good	7		0	good	0	S:59-156,S:466-1274	2		0	150	bad		0	0	good	0		ORF1a,ORF6,ORF7a,ORF7b,ORF8,N,ORF9b	"When processing gene ""ORF1a"": The extracted gene sequence is empty or consists entirely from gaps;When processing gene ""ORF6"": The extracted gene sequence is empty or consists entirely from gaps;When processing gene ""ORF7a"": The extracted gene sequence is empty or consists entirely from gaps;When processing gene ""ORF7b"": The extracted gene sequence is empty or consists entirely from gaps;When processing gene ""ORF8"": The extracted gene sequence is empty or consists entirely from gaps;When processing gene ""N"": The extracted gene sequence is empty or consists entirely from gaps;When processing gene ""ORF9b"": The extracted gene sequence is empty or consists entirely from gaps"	
335	1204_sub0	21J	21J (Delta)	Delta	21J	B.1.617.2.4	AY.4	56.250000	mediocre	13	2	0	1	0	0	6	2	0	1117	18420	20678	26839	0.206066280975153	E:1,M:0.47085201793721976,ORF1b:0.1083086053412463,ORF3a:1,S:0.12401883830455258	false	C21618G,C21846T,G21987A,G22030T,T22917G,C22995A,A23403G,C23604G,C23987T,G24410A,G24914T,C25469T,T26767C	22033-22034		S:159-1274	M:I82T,ORF3a:S26L,S:T19R,S:T95I,S:G142D,S:F157D	S:E156-,S:R158-				-22030T,C23987T,G24914T	0	0	3	3		NODE_0000627	C21846T,-22030T,C23987T,G24914T		S:T95I,S:-157D	S:G158-	NODE_0000676	-22030T,C23987T,G24914T		S:-157D	S:G158-	N/A	N/A	N/A	N/A	N/A	N/A	N/A	N/A	N/A	N/A	ORF1b:2404,S:159-1274		3000	0	good	0	10	0	good	0	24	-5	0	good	3		0	good	0	S:159-1274	1		0	75	mediocre		0	0	good	0		ORF1a,ORF6,ORF7a,ORF7b,ORF8,N,ORF9b	"When processing gene ""ORF1a"": The extracted gene sequence is empty or consists entirely from gaps;When processing gene ""ORF6"": The extracted gene sequence is empty or consists entirely from gaps;When processing gene ""ORF7a"": The extracted gene sequence is empty or consists entirely from gaps;When processing gene ""ORF7b"": The extracted gene sequence is empty or consists entirely from gaps;When processing gene ""ORF8"": The extracted gene sequence is empty or consists entirely from gaps;When processing gene ""N"": The extracted gene sequence is empty or consists entirely from gaps;When processing gene ""ORF9b"": The extracted gene sequence is empty or consists entirely from gaps"	
338	4383_sub0	21J	21J (Delta)	Delta	21J	B.1.617.2.4	AY.4	0	good	12	6	0	0	0	0	13	2	0	1	18412	20678	26839	0.206066280975153	E:1,M:0.47085201793721976,ORF1b:0.1083086053412463,ORF3a:1,S:1	false	C21618G,C21846T,G21987A,T22917G,C22995A,A23403G,C23604G,C23987T,G24410A,G24914T,C25469T,T26767C	22029-22034			M:I82T,ORF3a:S26L,S:T19R,S:T95I,S:G142D,S:R158G,S:L452R,S:T478K,S:D614G,S:P681R,S:P809S,S:D950N,S:D1118Y	S:E156-,S:F157-				C23987T,G24914T	0	0	2	2		NODE_0000627	C21846T,C23987T,G24914T		S:T95I,S:P809S,S:D1118Y		NODE_0000676	C23987T,G24914T		S:P809S,S:D1118Y		N/A	N/A	N/A	N/A	N/A	N/A	N/A	N/A	N/A	N/A	ORF1b:2404		3000	0	good	0	10	0	good	0	24	-6	0	good	2		0	good	0		0		0	0	good		0	0	good	0		ORF1a,ORF6,ORF7a,ORF7b,ORF8,N,ORF9b	"When processing gene ""ORF1a"": The extracted gene sequence is empty or consists entirely from gaps;When processing gene ""ORF6"": The extracted gene sequence is empty or consists entirely from gaps;When processing gene ""ORF7a"": The extracted gene sequence is empty or consists entirely from gaps;When processing gene ""ORF7b"": The extracted gene sequence is empty or consists entirely from gaps;When processing gene ""ORF8"": The extracted gene sequence is empty or consists entirely from gaps;When processing gene ""N"": The extracted gene sequence is empty or consists entirely from gaps;When processing gene ""ORF9b"": The extracted gene sequence is empty or consists entirely from gaps"	
341	2240_sub0	21J	21J (Delta)	Delta	21J	B.1.617.2.4	AY.4	56.250000	mediocre	13	5	0	1	0	0	5	2	0	1117	18412	20678	26839	0.206066280975153	E:1,M:0.47085201793721976,ORF1b:0.1083086053412463,ORF3a:1,S:0.12401883830455258	false	C21618G,C21846T,G21987A,C22597A,T22917G,C22995A,A23403G,C23604G,C23987T,G24410A,G24914T,C25469T,T26767C	22031-22035		S:159-1274	M:I82T,ORF3a:S26L,S:T19R,S:T95I,S:G142D	S:F157-,S:R158-				C22597A,C23987T,G24914T	0	0	3	3		NODE_0000627	C21846T,C22597A,C23987T,G24914T	22035	S:T95I,S:-156E	S:G158-	NODE_0000676	C22597A,C23987T,G24914T	22035	S:-156E	S:G158-	N/A	N/A	N/A	N/A	N/A	N/A	N/A	N/A	N/A	N/A	ORF1b:2404,S:159-1274		3000	0	good	0	10	0	good	0	24	-4	0	good	4		0	good	0	S:159-1274	1		0	75	mediocre		0	0	good	0		ORF1a,ORF6,ORF7a,ORF7b,ORF8,N,ORF9b	"When processing gene ""ORF1a"": The extracted gene sequence is empty or consists entirely from gaps;When processing gene ""ORF6"": The extracted gene sequence is empty or consists entirely from gaps;When processing gene ""ORF7a"": The extracted gene sequence is empty or consists entirely from gaps;When processing gene ""ORF7b"": The extracted gene sequence is empty or consists entirely from gaps;When processing gene ""ORF8"": The extracted gene sequence is empty or consists entirely from gaps;When processing gene ""N"": The extracted gene sequence is empty or consists entirely from gaps;When processing gene ""ORF9b"": The extracted gene sequence is empty or consists entirely from gaps"	
340	5961_sub0	21J	21J (Delta)	Delta	21J	B.1.617.2.4	AY.4	0	good	12	6	0	0	0	0	13	2	0	1	18412	20678	26839	0.206066280975153	E:1,M:0.47085201793721976,ORF1b:0.1083086053412463,ORF3a:1,S:1	false	C21618G,C21846T,G21987A,T22917G,C22995A,A23403G,C23604G,C23987T,G24410A,G24914T,C25469T,T26767C	22029-22034			M:I82T,ORF3a:S26L,S:T19R,S:T95I,S:G142D,S:R158G,S:L452R,S:T478K,S:D614G,S:P681R,S:P809S,S:D950N,S:D1118Y	S:E156-,S:F157-				C23987T,G24914T	0	0	2	2		NODE_0000627	C21846T,C23987T,G24914T		S:T95I,S:P809S,S:D1118Y		NODE_0000676	C23987T,G24914T		S:P809S,S:D1118Y		N/A	N/A	N/A	N/A	N/A	N/A	N/A	N/A	N/A	N/A	ORF1b:2404		3000	0	good	0	10	0	good	0	24	-6	0	good	2		0	good	0		0		0	0	good		0	0	good	0		ORF1a,ORF6,ORF7a,ORF7b,ORF8,N,ORF9b	"When processing gene ""ORF1a"": The extracted gene sequence is empty or consists entirely from gaps;When processing gene ""ORF6"": The extracted gene sequence is empty or consists entirely from gaps;When processing gene ""ORF7a"": The extracted gene sequence is empty or consists entirely from gaps;When processing gene ""ORF7b"": The extracted gene sequence is empty or consists entirely from gaps;When processing gene ""ORF8"": The extracted gene sequence is empty or consists entirely from gaps;When processing gene ""N"": The extracted gene sequence is empty or consists entirely from gaps;When processing gene ""ORF9b"": The extracted gene sequence is empty or consists entirely from gaps"	
339	1186_sub0	21J	21J (Delta)	Delta	21J	B.1.617.2.4	AY.4	281.250000	bad	15	7	1	2	0	0	15	3	0	98	18383	20678	26839	0.206066280975153	E:1,M:0.47085201793721976,ORF1b:0.07307121661721068,ORF3a:1,S:0.9984301412872841	false	T21052C,C21618G,T21784C,C21846T,G21987A,T22917G,C22995A,A23165T,A23403G,C23604G,C23987T,G24410A,G24914T,C25469T,T26767C	22029-22034,25376	21270:T	ORF1b:2602-2696,S:1273-1274	M:I82T,ORF1b:Y2529H,ORF3a:S26L,S:T19R,S:T95I,S:G142D,S:R158G,S:L452R,S:T478K,S:K535*,S:D614G,S:P681R,S:P809S,S:D950N,S:D1118Y	S:E156-,S:F157-,S:Y1272-				T21052C,T21784C,A23165T,C23987T,G24914T	0	0	5	5		NODE_0000627	T21052C,T21784C,C21846T,A23165T,C23987T,G24914T	25376	ORF1b:Y2529H,S:T95I,S:K535*,S:P809S,S:D1118Y	S:Y1272-	NODE_0000676	T21052C,T21784C,A23165T,C23987T,G24914T	25376	ORF1b:Y2529H,S:K535*,S:P809S,S:D1118Y	S:Y1272-	N/A	N/A	N/A	N/A	N/A	N/A	N/A	N/A	N/A	N/A	ORF1b:2404,ORF1b:2602-2696,S:1273-1274		3000	0	good	0	10	0	good	0	24	-2	0	good	6		0	good	0	ORF1b:2602-2696,S:1273-1274	2		0	150	bad	S:534	1	75	mediocre	0		ORF1a,ORF6,ORF7a,ORF7b,ORF8,N,ORF9b	"When processing gene ""ORF1a"": The extracted gene sequence is empty or consists entirely from gaps;When processing gene ""ORF6"": The extracted gene sequence is empty or consists entirely from gaps;When processing gene ""ORF7a"": The extracted gene sequence is empty or consists entirely from gaps;When processing gene ""ORF7b"": The extracted gene sequence is empty or consists entirely from gaps;When processing gene ""ORF8"": The extracted gene sequence is empty or consists entirely from gaps;When processing gene ""N"": The extracted gene sequence is empty or consists entirely from gaps;When processing gene ""ORF9b"": The extracted gene sequence is empty or consists entirely from gaps"	
337	1410_sub0	21J	21J (Delta)	Delta	21J	B.1.617.2.4	AY.4	56.944444	mediocre	17	1	0	1	0	0	5	1	0	1118	18408	20678	26839	0.206066280975153	E:1,M:0.47085201793721976,ORF1b:0.1083086053412463,ORF3a:1,S:0.12323390894819466	false	C21618G,C21846T,G21987A,G22030A,T22032A,C22033A,T22917G,C22995A,A23403G,C23604G,C23987T,T24039G,T24225C,G24410A,G24914T,C25469T,T26767C	22031		S:158-1274	M:I82T,ORF3a:S26L,S:T19R,S:T95I,S:G142D	S:F157-			-22033A|24A&24E&22D&23C&24C&23F&24F&24B&rec&23I&24G&25A&24H&24D&24I&25B&25C	-22030A,-22032A,C23987T,T24039G,T24225C,G24914T	0	1	6	7		NODE_0000627	C21846T,-22030A,-22032A,-22033A,C23987T,T24039G,T24225C,G24914T		S:T95I,S:-156E		NODE_0000676	-22030A,-22032A,-22033A,C23987T,T24039G,T24225C,G24914T		S:-156E		N/A	N/A	N/A	N/A	N/A	N/A	N/A	N/A	N/A	N/A	ORF1b:2404,S:158-1274		3000	0	good	0	10	0	good	0	24	2	8.333333	good	10		0	good	0	S:158-1274	1		0	75	mediocre		0	0	good	0		ORF1a,ORF6,ORF7a,ORF7b,ORF8,N,ORF9b	"When processing gene ""ORF1a"": The extracted gene sequence is empty or consists entirely from gaps;When processing gene ""ORF6"": The extracted gene sequence is empty or consists entirely from gaps;When processing gene ""ORF7a"": The extracted gene sequence is empty or consists entirely from gaps;When processing gene ""ORF7b"": The extracted gene sequence is empty or consists entirely from gaps;When processing gene ""ORF8"": The extracted gene sequence is empty or consists entirely from gaps;When processing gene ""N"": The extracted gene sequence is empty or consists entirely from gaps;When processing gene ""ORF9b"": The extracted gene sequence is empty or consists entirely from gaps"	
342	307_sub0	21J	21J (Delta)	Delta	21J	B.1.617.2.4	AY.4	56.250000	mediocre	12	4	0	1	0	0	5	2	0	1118	18418	20678	26839	0.206066280975153	E:1,M:0.47085201793721976,ORF1b:0.1083086053412463,ORF3a:1,S:0.12323390894819466	false	C21618G,C21846T,G21987A,T22917G,C22995A,A23403G,C23604G,C23987T,G24410A,G24914T,C25469T,T26767C	22030-22033		S:158-1274	M:I82T,ORF3a:S26L,S:T19R,S:T95I,S:G142D	S:E156-,S:F157-				C23987T,G24914T	0	0	2	2		NODE_0000627	C21846T,C23987T,G24914T		S:T95I		NODE_0000676	C23987T,G24914T				N/A	N/A	N/A	N/A	N/A	N/A	N/A	N/A	N/A	N/A	ORF1b:2404,S:158-1274		3000	0	good	0	10	0	good	0	24	-6	0	good	2		0	good	0	S:158-1274	1		0	75	mediocre		0	0	good	0		ORF1a,ORF6,ORF7a,ORF7b,ORF8,N,ORF9b	"When processing gene ""ORF1a"": The extracted gene sequence is empty or consists entirely from gaps;When processing gene ""ORF6"": The extracted gene sequence is empty or consists entirely from gaps;When processing gene ""ORF7a"": The extracted gene sequence is empty or consists entirely from gaps;When processing gene ""ORF7b"": The extracted gene sequence is empty or consists entirely from gaps;When processing gene ""ORF8"": The extracted gene sequence is empty or consists entirely from gaps;When processing gene ""N"": The extracted gene sequence is empty or consists entirely from gaps;When processing gene ""ORF9b"": The extracted gene sequence is empty or consists entirely from gaps"	
348	145_sub0	21J	21J (Delta)	Delta	21J	B.1.617.2.39	AY.39	225	bad	12	6	1	2	0	0	11	3	0	417	18398	20678	26839	0.206066280975153	E:1,M:0.47085201793721976,ORF1b:0.1083086053412463,ORF3a:1,S:0.673469387755102	false	G21372T,C21618G,C21846T,G21987A,T22917G,C22995A,A23403G,C23604G,G24410A,C25469T,T25676C,T26767C	22030-22033,22955-22956	25057:T	S:158-464,S:1166-1274	M:I82T,ORF1b:Q2635H,ORF3a:S26L,ORF3a:L95S,S:T19R,S:T95I,S:G142D,S:T478K,S:D614G,S:P681R,S:D950N	S:E156-,S:F157-,S:E465-				T25676C	0	0	1	1		NODE_0000627	G21372T,C21846T,T25676C	22955-22956	ORF1b:Q2635H,ORF3a:L95S,S:T95I	S:E465-	NODE_0000674	T25676C	22955-22956	ORF3a:L95S	S:E465-	N/A	N/A	N/A	N/A	N/A	N/A	N/A	N/A	N/A	N/A	ORF1b:2404,S:158-464,S:1166-1274		3000	0	good	0	10	0	good	0	24	-6	0	good	2		0	good	0	S:158-464,S:1166-1274	2		0	150	bad		0	0	good	0		ORF1a,ORF6,ORF7a,ORF7b,ORF8,N,ORF9b	"When processing gene ""ORF1a"": The extracted gene sequence is empty or consists entirely from gaps;When processing gene ""ORF6"": The extracted gene sequence is empty or consists entirely from gaps;When processing gene ""ORF7a"": The extracted gene sequence is empty or consists entirely from gaps;When processing gene ""ORF7b"": The extracted gene sequence is empty or consists entirely from gaps;When processing gene ""ORF8"": The extracted gene sequence is empty or consists entirely from gaps;When processing gene ""N"": The extracted gene sequence is empty or consists entirely from gaps;When processing gene ""ORF9b"": The extracted gene sequence is empty or consists entirely from gaps"	
343	1873_sub0	21J	21J (Delta)	Delta	21J	B.1.617.2.4	AY.4	227.777778	bad	18	2	1	2	0	0	6	1	0	1278	18386	20678	26839	0.206066280975153	E:1,M:0,ORF1b:0.1083086053412463,ORF3a:1,S:0.12244897959183673	false	T20939C,C21618G,C21846T,G21987A,T22032A,C22033A,T22917G,C22995A,A23403G,C23604G,T23830G,C23987T,G24410A,G24914T,C25469T,T25620G,G25621T,T26767C	22029,23975	26714:T	S:157-1274,M:65-223	ORF1b:L2491P,ORF3a:S26L,ORF3a:V77F,S:T19R,S:T95I,S:G142D	S:E156-			-22033A|24A&24E&22D&23C&24C&23F&24F&24B&rec&23I&24G&25A&24H&24D&24I&25B&25C	T20939C,-22032A,T23830G,C23987T,G24914T,T25620G,G25621T	0	1	7	8		NODE_0000627	T20939C,C21846T,-22032A,-22033A,T23830G,C23987T,G24914T,T25620G,G25621T	23975	ORF1b:L2491P,ORF3a:V77F,S:T95I		NODE_0000676	T20939C,-22032A,-22033A,T23830G,C23987T,G24914T,T25620G,G25621T	23975	ORF1b:L2491P,ORF3a:V77F		N/A	N/A	N/A	N/A	N/A	N/A	N/A	N/A	N/A	N/A	ORF1b:2404,S:157-1274,M:65-223		3000	0	good	0	10	0	good	0	24	4	16.666667	good	12		0	good	0	S:157-1274,M:65-223	2		0	150	bad		0	0	good	0		ORF1a,ORF6,ORF7a,ORF7b,ORF8,N,ORF9b	"When processing gene ""ORF1a"": The extracted gene sequence is empty or consists entirely from gaps;When processing gene ""ORF6"": The extracted gene sequence is empty or consists entirely from gaps;When processing gene ""ORF7a"": The extracted gene sequence is empty or consists entirely from gaps;When processing gene ""ORF7b"": The extracted gene sequence is empty or consists entirely from gaps;When processing gene ""ORF8"": The extracted gene sequence is empty or consists entirely from gaps;When processing gene ""N"": The extracted gene sequence is empty or consists entirely from gaps;When processing gene ""ORF9b"": The extracted gene sequence is empty or consists entirely from gaps"	
344	111_sub0	21J	21J (Delta)	Delta	21J	B.1.617.2.4	AY.4	0	good	16	3	0	0	0	0	14	1	0	1	18406	20678	26839	0.206066280975153	E:1,M:0.47085201793721976,ORF1b:0.1083086053412463,ORF3a:1,S:1	false	C21618G,C21846T,G21987A,G22030A,T22917G,C22995A,A23403G,C23604G,C23987T,G24410A,G24697A,G24914T,G25061A,C25469T,T26210G,T26767C	22031-22033			M:I82T,ORF3a:S26L,ORF3a:V273G,S:T19R,S:T95I,S:G142D,S:L452R,S:T478K,S:D614G,S:P681R,S:P809S,S:D950N,S:D1118Y,S:G1167S	S:F157-				-22030A,C23987T,G24697A,G24914T,G25061A,T26210G	0	0	6	6		NODE_0000627	C21846T,-22030A,C23987T,G24697A,G24914T,G25061A,T26210G		ORF3a:V273G,S:T95I,S:-156E,S:G158R,S:P809S,S:D1118Y,S:G1167S		NODE_0000676	-22030A,C23987T,G24697A,G24914T,G25061A,T26210G		ORF3a:V273G,S:-156E,S:G158R,S:P809S,S:D1118Y,S:G1167S		N/A	N/A	N/A	N/A	N/A	N/A	N/A	N/A	N/A	N/A	ORF1b:2404		3000	0	good	0	10	0	good	0	24	-2	0	good	6		0	good	0		0		0	0	good		0	0	good	0		ORF1a,ORF6,ORF7a,ORF7b,ORF8,N,ORF9b	"When processing gene ""ORF1a"": The extracted gene sequence is empty or consists entirely from gaps;When processing gene ""ORF6"": The extracted gene sequence is empty or consists entirely from gaps;When processing gene ""ORF7a"": The extracted gene sequence is empty or consists entirely from gaps;When processing gene ""ORF7b"": The extracted gene sequence is empty or consists entirely from gaps;When processing gene ""ORF8"": The extracted gene sequence is empty or consists entirely from gaps;When processing gene ""N"": The extracted gene sequence is empty or consists entirely from gaps;When processing gene ""ORF9b"": The extracted gene sequence is empty or consists entirely from gaps"	
349	1211_sub0	21J	21J (Delta)	Delta	21J	B.1.617.2.4	AY.4	56.250000	mediocre	16	5	0	1	0	0	6	3	0	1117	18393	20678	26839	0.206066280975153	E:1,M:0.47085201793721976,ORF1b:0.1083086053412463,ORF3a:1,S:0.12401883830455258	false	A21509G,C21618G,C21846T,G21987A,G22030T,G22365C,T22917G,C22995A,T23335C,A23403G,C23604G,C23987T,G24410A,G24914T,C25469T,T26767C	22031-22034,23966		S:159-1274	M:I82T,ORF1b:E2681G,ORF3a:S26L,S:T19R,S:T95I,S:G142D	S:E156-,S:F157-,S:R158-				A21509G,-22030T,G22365C,T23335C,C23987T,G24914T	0	0	6	6		NODE_0000627	A21509G,C21846T,-22030T,G22365C,T23335C,C23987T,G24914T	23966	ORF1b:E2681G,S:T95I	S:G158-	NODE_0000676	A21509G,-22030T,G22365C,T23335C,C23987T,G24914T	23966	ORF1b:E2681G	S:G158-	N/A	N/A	N/A	N/A	N/A	N/A	N/A	N/A	N/A	N/A	ORF1b:2404,S:159-1274		3000	0	good	0	10	0	good	0	24	-1	0	good	7		0	good	0	S:159-1274	1		0	75	mediocre		0	0	good	0		ORF1a,ORF6,ORF7a,ORF7b,ORF8,N,ORF9b	"When processing gene ""ORF1a"": The extracted gene sequence is empty or consists entirely from gaps;When processing gene ""ORF6"": The extracted gene sequence is empty or consists entirely from gaps;When processing gene ""ORF7a"": The extracted gene sequence is empty or consists entirely from gaps;When processing gene ""ORF7b"": The extracted gene sequence is empty or consists entirely from gaps;When processing gene ""ORF8"": The extracted gene sequence is empty or consists entirely from gaps;When processing gene ""N"": The extracted gene sequence is empty or consists entirely from gaps;When processing gene ""ORF9b"": The extracted gene sequence is empty or consists entirely from gaps"	
345	440_sub0	21J	21J (Delta)	Delta	21J	B.1.617.2.4	AY.4	225.694444	bad	16	4	1	2	0	0	13	2	0	265	18387	20678	26839	0.206066280975153	E:0.3815789473684211,M:0.47085201793721976,ORF1b:0.027818991097922848,ORF3a:1,S:1	false	C21618G,T21784C,C21846T,G21987A,C22033A,T22917G,C22995A,T23035C,A23403G,C23604G,C23987T,C24223T,G24410A,G24914T,C25469T,T26767C	20903,22029-22031	26331:T	ORF1b:2480-2696,E:30-76	M:I82T,ORF3a:S26L,S:T19R,S:T95I,S:G142D,S:F157V,S:L452R,S:T478K,S:D614G,S:P681R,S:P809S,S:D950N,S:D1118Y	ORF1b:T2479-,S:E156-			-22033A|24A&24E&22D&23C&24C&23F&24F&24B&rec&23I&24G&25A&24H&24D&24I&25B&25C	T21784C,T23035C,C23987T,C24223T,G24914T	0	1	5	6		NODE_0000627	T21784C,C21846T,-22033A,T23035C,C23987T,C24223T,G24914T	20903	S:T95I,S:-157V,S:G158R,S:P809S,S:D1118Y	ORF1b:T2479-	NODE_0000676	T21784C,-22033A,T23035C,C23987T,C24223T,G24914T	20903	S:-157V,S:G158R,S:P809S,S:D1118Y	ORF1b:T2479-	N/A	N/A	N/A	N/A	N/A	N/A	N/A	N/A	N/A	N/A	ORF1b:2404,ORF1b:2480-2696,E:30-76		3000	0	good	0	10	0	good	0	24	2	8.333333	good	10		0	good	0	ORF1b:2480-2696,E:30-76	2		0	150	bad		0	0	good	0		ORF1a,ORF6,ORF7a,ORF7b,ORF8,N,ORF9b	"When processing gene ""ORF1a"": The extracted gene sequence is empty or consists entirely from gaps;When processing gene ""ORF6"": The extracted gene sequence is empty or consists entirely from gaps;When processing gene ""ORF7a"": The extracted gene sequence is empty or consists entirely from gaps;When processing gene ""ORF7b"": The extracted gene sequence is empty or consists entirely from gaps;When processing gene ""ORF8"": The extracted gene sequence is empty or consists entirely from gaps;When processing gene ""N"": The extracted gene sequence is empty or consists entirely from gaps;When processing gene ""ORF9b"": The extracted gene sequence is empty or consists entirely from gaps"	
346	199_sub0	21J	21J (Delta)	Delta	21J	B.1.617.2.4	AY.4	56.250000	mediocre	13	4	0	1	0	0	6	2	0	1118	18414	20678	26839	0.206066280975153	E:1,M:0.47085201793721976,ORF1b:0.1083086053412463,ORF3a:1,S:0.12323390894819466	false	C21618G,C21846T,G21987A,T22917G,C22995A,A23403G,C23604G,C23987T,G24410A,G24914T,C25469T,T25778C,T26767C	22030-22033		S:158-1274	M:I82T,ORF3a:S26L,ORF3a:L129P,S:T19R,S:T95I,S:G142D	S:E156-,S:F157-				C23987T,G24914T,T25778C	0	0	3	3		NODE_0000627	C21846T,C23987T,G24914T,T25778C		ORF3a:L129P,S:T95I		NODE_0000676	C23987T,G24914T,T25778C		ORF3a:L129P		N/A	N/A	N/A	N/A	N/A	N/A	N/A	N/A	N/A	N/A	ORF1b:2404,S:158-1274		3000	0	good	0	10	0	good	0	24	-5	0	good	3		0	good	0	S:158-1274	1		0	75	mediocre		0	0	good	0		ORF1a,ORF6,ORF7a,ORF7b,ORF8,N,ORF9b	"When processing gene ""ORF1a"": The extracted gene sequence is empty or consists entirely from gaps;When processing gene ""ORF6"": The extracted gene sequence is empty or consists entirely from gaps;When processing gene ""ORF7a"": The extracted gene sequence is empty or consists entirely from gaps;When processing gene ""ORF7b"": The extracted gene sequence is empty or consists entirely from gaps;When processing gene ""ORF8"": The extracted gene sequence is empty or consists entirely from gaps;When processing gene ""N"": The extracted gene sequence is empty or consists entirely from gaps;When processing gene ""ORF9b"": The extracted gene sequence is empty or consists entirely from gaps"	
347	1351_sub0	21J	21J (Delta)	Delta	21J	B.1.617.2.4	AY.4	225.173611	bad	15	2	0	2	0	0	5	2	0	1363	18405	20678	26839	0.206066280975153	E:1,M:0.47085201793721976,ORF1b:0.1083086053412463,ORF3a:0.11594202898550725,S:0.12244897959183673	false	C21618G,C21846T,G21987A,C22033A,T22917G,C22995A,A23403G,C23604G,T23817C,C23987T,G24410A,G24914T,G25074A,C25469T,T26767C	22030,25486		S:157-1274,ORF3a:33-276	M:I82T,ORF3a:S26L,S:T19R,S:T95I,S:G142D	ORF3a:T32-,S:E156-			-22033A|24A&24E&22D&23C&24C&23F&24F&24B&rec&23I&24G&25A&24H&24D&24I&25B&25C	T23817C,C23987T,G24914T,G25074A	0	1	4	5		NODE_0000627	C21846T,-22033A,T23817C,C23987T,G24914T,G25074A	25486	S:T95I	ORF3a:T32-	NODE_0000676	-22033A,T23817C,C23987T,G24914T,G25074A	25486		ORF3a:T32-	N/A	N/A	N/A	N/A	N/A	N/A	N/A	N/A	N/A	N/A	ORF1b:2404,S:157-1274,ORF3a:33-276		3000	0	good	0	10	0	good	0	24	1	4.166667	good	9		0	good	0	S:157-1274,ORF3a:33-276	2		0	150	bad		0	0	good	0		ORF1a,ORF6,ORF7a,ORF7b,ORF8,N,ORF9b	"When processing gene ""ORF1a"": The extracted gene sequence is empty or consists entirely from gaps;When processing gene ""ORF6"": The extracted gene sequence is empty or consists entirely from gaps;When processing gene ""ORF7a"": The extracted gene sequence is empty or consists entirely from gaps;When processing gene ""ORF7b"": The extracted gene sequence is empty or consists entirely from gaps;When processing gene ""ORF8"": The extracted gene sequence is empty or consists entirely from gaps;When processing gene ""N"": The extracted gene sequence is empty or consists entirely from gaps;When processing gene ""ORF9b"": The extracted gene sequence is empty or consists entirely from gaps"	
353	6133_sub0	21J	21J (Delta)	Delta	21J	B.1.617.2.4	AY.4	56.250000	mediocre	13	6	1	1	0	0	10	2	0	517	18401	20678	26839	0.206066280975153	E:1,M:0.47085201793721976,ORF1b:0.1083086053412463,ORF3a:1,S:0.5949764521193093	false	C21618G,C21846T,G21987A,T22917G,C22995A,A23403G,C23604G,C23987T,G24410A,G24914T,C25469T,T26543G,T26767C	22029-22034	23836:T	S:759-1274	M:I82T,ORF3a:S26L,S:T19R,S:T95I,S:G142D,S:R158G,S:L452R,S:T478K,S:D614G,S:P681R	S:E156-,S:F157-				C23987T,G24914T,T26543G	0	0	3	3		NODE_0000627	C21846T,C23987T,G24914T,T26543G		S:T95I		NODE_0000676	C23987T,G24914T,T26543G				N/A	N/A	N/A	N/A	N/A	N/A	N/A	N/A	N/A	N/A	ORF1b:2404,S:759-1274		3000	0	good	0	10	0	good	0	24	-5	0	good	3		0	good	0	S:759-1274	1		0	75	mediocre		0	0	good	0		ORF1a,ORF6,ORF7a,ORF7b,ORF8,N,ORF9b	"When processing gene ""ORF1a"": The extracted gene sequence is empty or consists entirely from gaps;When processing gene ""ORF6"": The extracted gene sequence is empty or consists entirely from gaps;When processing gene ""ORF7a"": The extracted gene sequence is empty or consists entirely from gaps;When processing gene ""ORF7b"": The extracted gene sequence is empty or consists entirely from gaps;When processing gene ""ORF8"": The extracted gene sequence is empty or consists entirely from gaps;When processing gene ""N"": The extracted gene sequence is empty or consists entirely from gaps;When processing gene ""ORF9b"": The extracted gene sequence is empty or consists entirely from gaps"	
350	1663_sub0	21J	21J (Delta)	Delta	21J	B.1.617.2.4	AY.4	56.250000	mediocre	12	5	1	1	0	0	5	2	0	1118	18401	20678	26839	0.206066280975153	E:1,M:0.47085201793721976,ORF1b:0.1083086053412463,ORF3a:1,S:0.12323390894819466	false	C21618G,C21846T,G21987A,T22917G,C22995A,A23403G,C23604G,C23987T,G24410A,G24914T,C25469T,T26767C	22030-22033,24674	24886:T	S:158-1274	M:I82T,ORF3a:S26L,S:T19R,S:T95I,S:G142D	S:E156-,S:F157-				C23987T,G24914T	0	0	2	2		NODE_0000627	C21846T,C23987T,G24914T	24674	S:T95I		NODE_0000676	C23987T,G24914T	24674			N/A	N/A	N/A	N/A	N/A	N/A	N/A	N/A	N/A	N/A	ORF1b:2404,S:158-1274		3000	0	good	0	10	0	good	0	24	-5	0	good	3		0	good	0	S:158-1274	1		0	75	mediocre		0	0	good	0		ORF1a,ORF6,ORF7a,ORF7b,ORF8,N,ORF9b	"When processing gene ""ORF1a"": The extracted gene sequence is empty or consists entirely from gaps;When processing gene ""ORF6"": The extracted gene sequence is empty or consists entirely from gaps;When processing gene ""ORF7a"": The extracted gene sequence is empty or consists entirely from gaps;When processing gene ""ORF7b"": The extracted gene sequence is empty or consists entirely from gaps;When processing gene ""ORF8"": The extracted gene sequence is empty or consists entirely from gaps;When processing gene ""N"": The extracted gene sequence is empty or consists entirely from gaps;When processing gene ""ORF9b"": The extracted gene sequence is empty or consists entirely from gaps"	
356	1909_sub0	21J	21J (Delta)	Delta	21J	B.1.617.2.4	AY.4	56.250000	mediocre	12	7	1	1	0	0	10	3	0	362	18395	20678	26839	0.206066280975153	E:1,M:0.47085201793721976,ORF1b:0.1083086053412463,ORF3a:1,S:0.716640502354788	false	C21618G,C21846T,G21987A,T22917G,C22995A,A23403G,C23604G,C23987T,G24410A,G24914T,C25469T,T26767C	22029-22034,23888	24973:T	S:777-1137	M:I82T,ORF3a:S26L,S:T19R,S:T95I,S:G142D,S:R158G,S:L452R,S:T478K,S:D614G,S:P681R	S:E156-,S:F157-,S:K776-				C23987T,G24914T	0	0	2	2		NODE_0000627	C21846T,C23987T,G24914T	23888	S:T95I	S:K776-	NODE_0000676	C23987T,G24914T	23888		S:K776-	N/A	N/A	N/A	N/A	N/A	N/A	N/A	N/A	N/A	N/A	ORF1b:2404,S:777-1137		3000	0	good	0	10	0	good	0	24	-5	0	good	3		0	good	0	S:777-1137	1		0	75	mediocre		0	0	good	0		ORF1a,ORF6,ORF7a,ORF7b,ORF8,N,ORF9b	"When processing gene ""ORF1a"": The extracted gene sequence is empty or consists entirely from gaps;When processing gene ""ORF6"": The extracted gene sequence is empty or consists entirely from gaps;When processing gene ""ORF7a"": The extracted gene sequence is empty or consists entirely from gaps;When processing gene ""ORF7b"": The extracted gene sequence is empty or consists entirely from gaps;When processing gene ""ORF8"": The extracted gene sequence is empty or consists entirely from gaps;When processing gene ""N"": The extracted gene sequence is empty or consists entirely from gaps;When processing gene ""ORF9b"": The extracted gene sequence is empty or consists entirely from gaps"	
354	444_sub0	21J	21J (Delta)	Delta	21J	B.1.617.2.4	AY.4	56.250000	mediocre	13	4	1	1	0	0	7	2	0	759	18407	20678	26839	0.206066280975153	E:1,M:0.47085201793721976,ORF1b:0.1083086053412463,ORF3a:1,S:0.4050235478806907	false	C21618G,C21846T,G21987A,T22917G,C22995A,A23403G,G23517A,C23604G,C23987T,G24410A,G24914T,C25469T,T26767C	22030-22033	24307:T	S:158-915	M:I82T,ORF3a:S26L,S:T19R,S:T95I,S:G142D,S:D950N,S:D1118Y	S:E156-,S:F157-				G23517A,C23987T,G24914T	0	0	3	3		NODE_0000627	C21846T,G23517A,C23987T,G24914T		S:T95I,S:D1118Y		NODE_0000676	G23517A,C23987T,G24914T		S:D1118Y		N/A	N/A	N/A	N/A	N/A	N/A	N/A	N/A	N/A	N/A	ORF1b:2404,S:158-915		3000	0	good	0	10	0	good	0	24	-5	0	good	3		0	good	0	S:158-915	1		0	75	mediocre		0	0	good	0		ORF1a,ORF6,ORF7a,ORF7b,ORF8,N,ORF9b	"When processing gene ""ORF1a"": The extracted gene sequence is empty or consists entirely from gaps;When processing gene ""ORF6"": The extracted gene sequence is empty or consists entirely from gaps;When processing gene ""ORF7a"": The extracted gene sequence is empty or consists entirely from gaps;When processing gene ""ORF7b"": The extracted gene sequence is empty or consists entirely from gaps;When processing gene ""ORF8"": The extracted gene sequence is empty or consists entirely from gaps;When processing gene ""N"": The extracted gene sequence is empty or consists entirely from gaps;When processing gene ""ORF9b"": The extracted gene sequence is empty or consists entirely from gaps"	
355	118_sub0	21J	21J (Delta)	Delta	21J	B.1.617.2.4	AY.4	56.250000	mediocre	12	5	1	1	0	0	5	2	0	1117	18409	20678	26839	0.206066280975153	E:1,M:0.47085201793721976,ORF1b:0.1083086053412463,ORF3a:1,S:0.12401883830455258	false	C21618G,C21846T,G21987A,T22917G,C22995A,A23403G,C23604G,C23987T,G24410A,G24914T,C25469T,T26767C	22031-22035	24322:A	S:159-1274	M:I82T,ORF3a:S26L,S:T19R,S:T95I,S:G142D	S:F157-,S:R158-				C23987T,G24914T	0	0	2	2		NODE_0000627	C21846T,C23987T,G24914T	22035	S:T95I,S:-156E	S:G158-	NODE_0000676	C23987T,G24914T	22035	S:-156E	S:G158-	N/A	N/A	N/A	N/A	N/A	N/A	N/A	N/A	N/A	N/A	ORF1b:2404,S:159-1274		3000	0	good	0	10	0	good	0	24	-5	0	good	3		0	good	0	S:159-1274	1		0	75	mediocre		0	0	good	0		ORF1a,ORF6,ORF7a,ORF7b,ORF8,N,ORF9b	"When processing gene ""ORF1a"": The extracted gene sequence is empty or consists entirely from gaps;When processing gene ""ORF6"": The extracted gene sequence is empty or consists entirely from gaps;When processing gene ""ORF7a"": The extracted gene sequence is empty or consists entirely from gaps;When processing gene ""ORF7b"": The extracted gene sequence is empty or consists entirely from gaps;When processing gene ""ORF8"": The extracted gene sequence is empty or consists entirely from gaps;When processing gene ""N"": The extracted gene sequence is empty or consists entirely from gaps;When processing gene ""ORF9b"": The extracted gene sequence is empty or consists entirely from gaps"	
359	598_sub0	21J	21J (Delta)	Delta	21J	B.1.617.2.4	AY.4	56.250000	mediocre	12	7	0	1	0	0	12	3	0	243	18402	20678	26839	0.206066280975153	E:1,M:0.47085201793721976,ORF1b:0.1083086053412463,ORF3a:1,S:0.8100470957613815	false	C21618G,C21846T,G21987A,T22917G,C22995A,A23403G,C23604G,C23987T,G24410A,G24914T,C25469T,T26767C	22029-22034,24656		S:1033-1274	M:I82T,ORF3a:S26L,S:T19R,S:T95I,S:G142D,S:R158G,S:L452R,S:T478K,S:D614G,S:P681R,S:P809S,S:D950N	S:E156-,S:F157-,S:C1032-				C23987T,G24914T	0	0	2	2		NODE_0000627	C21846T,C23987T,G24914T	24656	S:T95I,S:P809S	S:C1032-	NODE_0000676	C23987T,G24914T	24656	S:P809S	S:C1032-	N/A	N/A	N/A	N/A	N/A	N/A	N/A	N/A	N/A	N/A	ORF1b:2404,S:1033-1274		3000	0	good	0	10	0	good	0	24	-5	0	good	3		0	good	0	S:1033-1274	1		0	75	mediocre		0	0	good	0		ORF1a,ORF6,ORF7a,ORF7b,ORF8,N,ORF9b	"When processing gene ""ORF1a"": The extracted gene sequence is empty or consists entirely from gaps;When processing gene ""ORF6"": The extracted gene sequence is empty or consists entirely from gaps;When processing gene ""ORF7a"": The extracted gene sequence is empty or consists entirely from gaps;When processing gene ""ORF7b"": The extracted gene sequence is empty or consists entirely from gaps;When processing gene ""ORF8"": The extracted gene sequence is empty or consists entirely from gaps;When processing gene ""N"": The extracted gene sequence is empty or consists entirely from gaps;When processing gene ""ORF9b"": The extracted gene sequence is empty or consists entirely from gaps"	
352	1318_sub0	21J	21J (Delta)	Delta	21J	B.1.617.2.4	AY.4	56.250000	mediocre	12	6	1	1	0	0	6	2	0	925	18405	20678	26839	0.206066280975153	E:1,M:0.47085201793721976,ORF1b:0.1083086053412463,ORF3a:1,S:0.27472527472527475	false	C21618G,C21846T,G21987A,T22917G,C22995A,A23403G,C23604G,C23987T,G24410A,G24914T,C25469T,T26767C	22029-22034	22612:T	S:351-1274	M:I82T,ORF3a:S26L,S:T19R,S:T95I,S:G142D,S:R158G	S:E156-,S:F157-				C23987T,G24914T	0	0	2	2		NODE_0000627	C21846T,C23987T,G24914T		S:T95I		NODE_0000676	C23987T,G24914T				N/A	N/A	N/A	N/A	N/A	N/A	N/A	N/A	N/A	N/A	ORF1b:2404,S:351-1274		3000	0	good	0	10	0	good	0	24	-6	0	good	2		0	good	0	S:351-1274	1		0	75	mediocre		0	0	good	0		ORF1a,ORF6,ORF7a,ORF7b,ORF8,N,ORF9b	"When processing gene ""ORF1a"": The extracted gene sequence is empty or consists entirely from gaps;When processing gene ""ORF6"": The extracted gene sequence is empty or consists entirely from gaps;When processing gene ""ORF7a"": The extracted gene sequence is empty or consists entirely from gaps;When processing gene ""ORF7b"": The extracted gene sequence is empty or consists entirely from gaps;When processing gene ""ORF8"": The extracted gene sequence is empty or consists entirely from gaps;When processing gene ""N"": The extracted gene sequence is empty or consists entirely from gaps;When processing gene ""ORF9b"": The extracted gene sequence is empty or consists entirely from gaps"	
351	211_sub0	21J	21J (Delta)	Delta	21J	B.1.617.2.4	AY.4	0	good	13	6	0	0	0	0	14	2	0	1	18408	20678	26839	0.206066280975153	E:1,M:0.47085201793721976,ORF1b:0.1083086053412463,ORF3a:1,S:1	false	C21618G,C21846T,G21987A,T22917G,C22995A,A23403G,C23604G,C23987T,G24410A,G24914T,C25469T,G25979C,T26767C	22029-22034			M:I82T,ORF3a:S26L,ORF3a:G196A,S:T19R,S:T95I,S:G142D,S:R158G,S:L452R,S:T478K,S:D614G,S:P681R,S:P809S,S:D950N,S:D1118Y	S:E156-,S:F157-				C23987T,G24914T,G25979C	0	0	3	3		NODE_0000627	C21846T,C23987T,G24914T,G25979C		ORF3a:G196A,S:T95I,S:P809S,S:D1118Y		NODE_0000676	C23987T,G24914T,G25979C		ORF3a:G196A,S:P809S,S:D1118Y		N/A	N/A	N/A	N/A	N/A	N/A	N/A	N/A	N/A	N/A	ORF1b:2404		3000	0	good	0	10	0	good	0	24	-5	0	good	3		0	good	0		0		0	0	good		0	0	good	0		ORF1a,ORF6,ORF7a,ORF7b,ORF8,N,ORF9b	"When processing gene ""ORF1a"": The extracted gene sequence is empty or consists entirely from gaps;When processing gene ""ORF6"": The extracted gene sequence is empty or consists entirely from gaps;When processing gene ""ORF7a"": The extracted gene sequence is empty or consists entirely from gaps;When processing gene ""ORF7b"": The extracted gene sequence is empty or consists entirely from gaps;When processing gene ""ORF8"": The extracted gene sequence is empty or consists entirely from gaps;When processing gene ""N"": The extracted gene sequence is empty or consists entirely from gaps;When processing gene ""ORF9b"": The extracted gene sequence is empty or consists entirely from gaps"	
357	1867_sub0	21J	21J (Delta)	Delta	21J	B.1.617.2.4	AY.4	56.250000	mediocre	13	6	1	1	0	0	5	3	0	1098	18396	20678	26839	0.206066280975153	E:1,M:0.47085201793721976,ORF1b:0.1083086053412463,ORF3a:1,S:0.1389324960753532	false	C21618G,C21846T,G21987A,A22786T,T22917G,C22995A,A23403G,C23604G,C23987T,G24410A,G24914T,C25469T,T26767C	22031-22035,25328	26493:T	S:159-1255	M:I82T,ORF3a:S26L,S:T19R,S:T95I,S:G142D	S:F157-,S:R158-,S:F1256-				A22786T,C23987T,G24914T	0	0	3	3		NODE_0000627	C21846T,A22786T,C23987T,G24914T	22035,25328	S:T95I,S:-156E	S:G158-,S:F1256-	NODE_0000676	A22786T,C23987T,G24914T	22035,25328	S:-156E	S:G158-,S:F1256-	N/A	N/A	N/A	N/A	N/A	N/A	N/A	N/A	N/A	N/A	ORF1b:2404,S:159-1255		3000	0	good	0	10	0	good	0	24	-3	0	good	5		0	good	0	S:159-1255	1		0	75	mediocre		0	0	good	0		ORF1a,ORF6,ORF7a,ORF7b,ORF8,N,ORF9b	"When processing gene ""ORF1a"": The extracted gene sequence is empty or consists entirely from gaps;When processing gene ""ORF6"": The extracted gene sequence is empty or consists entirely from gaps;When processing gene ""ORF7a"": The extracted gene sequence is empty or consists entirely from gaps;When processing gene ""ORF7b"": The extracted gene sequence is empty or consists entirely from gaps;When processing gene ""ORF8"": The extracted gene sequence is empty or consists entirely from gaps;When processing gene ""N"": The extracted gene sequence is empty or consists entirely from gaps;When processing gene ""ORF9b"": The extracted gene sequence is empty or consists entirely from gaps"	
358	625_sub0	21J	21J (Delta)	Delta	21J	B.1.617.2.4	AY.4	225	bad	12	4	1	2	0	0	4	2	0	1280	18411	20678	26839	0.206066280975153	E:1,M:0,ORF1b:0.1083086053412463,ORF3a:1,S:0.12323390894819466	false	C21618G,C21846T,G21987A,T22917G,C22995A,A23403G,C23604G,C23987T,G24410A,G24914T,C25469T,T26767C	22030-22033	26705:T	S:158-1274,M:62-223	ORF3a:S26L,S:T19R,S:T95I,S:G142D	S:E156-,S:F157-				C23987T,G24914T	0	0	2	2		NODE_0000627	C21846T,C23987T,G24914T		S:T95I		NODE_0000676	C23987T,G24914T				N/A	N/A	N/A	N/A	N/A	N/A	N/A	N/A	N/A	N/A	ORF1b:2404,S:158-1274,M:62-223		3000	0	good	0	10	0	good	0	24	-6	0	good	2		0	good	0	S:158-1274,M:62-223	2		0	150	bad		0	0	good	0		ORF1a,ORF6,ORF7a,ORF7b,ORF8,N,ORF9b	"When processing gene ""ORF1a"": The extracted gene sequence is empty or consists entirely from gaps;When processing gene ""ORF6"": The extracted gene sequence is empty or consists entirely from gaps;When processing gene ""ORF7a"": The extracted gene sequence is empty or consists entirely from gaps;When processing gene ""ORF7b"": The extracted gene sequence is empty or consists entirely from gaps;When processing gene ""ORF8"": The extracted gene sequence is empty or consists entirely from gaps;When processing gene ""N"": The extracted gene sequence is empty or consists entirely from gaps;When processing gene ""ORF9b"": The extracted gene sequence is empty or consists entirely from gaps"	
365	411_sub0	21J	21J (Delta)	Delta	21J	B.1.617.2.4	AY.4	56.250000	mediocre	14	8	0	1	0	0	6	3	0	1055	18383	20678	26839	0.206066280975153	E:1,M:0.47085201793721976,ORF1b:0.1083086053412463,ORF3a:1,S:0.1726844583987441	false	C21618G,C21846T,G21987A,T22192A,G22272A,T22917G,C22995A,A23403G,C23604G,C23987T,G24410A,G24914T,C25469T,T26767C	22029-22034,22220,24774		S:221-1274	M:I82T,ORF3a:S26L,S:T19R,S:T95I,S:G142D,S:R158G	S:E156-,S:F157-,S:F220-				T22192A,G22272A,C23987T,G24914T	0	0	4	4		NODE_0000627	C21846T,T22192A,G22272A,C23987T,G24914T	22220,24774	S:T95I	S:F220-	NODE_0000676	T22192A,G22272A,C23987T,G24914T	22220,24774		S:F220-	N/A	N/A	N/A	N/A	N/A	N/A	N/A	N/A	N/A	N/A	ORF1b:2404,S:221-1274		3000	0	good	0	10	0	good	0	24	-2	0	good	6		0	good	0	S:221-1274	1		0	75	mediocre		0	0	good	0		ORF1a,ORF6,ORF7a,ORF7b,ORF8,N,ORF9b	"When processing gene ""ORF1a"": The extracted gene sequence is empty or consists entirely from gaps;When processing gene ""ORF6"": The extracted gene sequence is empty or consists entirely from gaps;When processing gene ""ORF7a"": The extracted gene sequence is empty or consists entirely from gaps;When processing gene ""ORF7b"": The extracted gene sequence is empty or consists entirely from gaps;When processing gene ""ORF8"": The extracted gene sequence is empty or consists entirely from gaps;When processing gene ""N"": The extracted gene sequence is empty or consists entirely from gaps;When processing gene ""ORF9b"": The extracted gene sequence is empty or consists entirely from gaps"	
361	546_sub0	21J	21J (Delta)	Delta	21J	B.1.617.2.4	AY.4	56.250000	mediocre	12	5	0	1	0	0	5	2	0	1117	18416	20678	26839	0.206066280975153	E:1,M:0.47085201793721976,ORF1b:0.1083086053412463,ORF3a:1,S:0.12401883830455258	false	C21618G,C21846T,G21987A,T22917G,C22995A,A23403G,C23604G,C23987T,G24410A,G24914T,C25469T,T26767C	22031-22035		S:159-1274	M:I82T,ORF3a:S26L,S:T19R,S:T95I,S:G142D	S:F157-,S:R158-				C23987T,G24914T	0	0	2	2		NODE_0000627	C21846T,C23987T,G24914T	22035	S:T95I,S:-156E	S:G158-	NODE_0000676	C23987T,G24914T	22035	S:-156E	S:G158-	N/A	N/A	N/A	N/A	N/A	N/A	N/A	N/A	N/A	N/A	ORF1b:2404,S:159-1274		3000	0	good	0	10	0	good	0	24	-5	0	good	3		0	good	0	S:159-1274	1		0	75	mediocre		0	0	good	0		ORF1a,ORF6,ORF7a,ORF7b,ORF8,N,ORF9b	"When processing gene ""ORF1a"": The extracted gene sequence is empty or consists entirely from gaps;When processing gene ""ORF6"": The extracted gene sequence is empty or consists entirely from gaps;When processing gene ""ORF7a"": The extracted gene sequence is empty or consists entirely from gaps;When processing gene ""ORF7b"": The extracted gene sequence is empty or consists entirely from gaps;When processing gene ""ORF8"": The extracted gene sequence is empty or consists entirely from gaps;When processing gene ""N"": The extracted gene sequence is empty or consists entirely from gaps;When processing gene ""ORF9b"": The extracted gene sequence is empty or consists entirely from gaps"	
360	1057_sub0	21J	21J (Delta)	Delta	21J	B.1.617.2.4	AY.4	0	good	13	6	0	0	0	0	14	2	0	1	18408	20678	26839	0.206066280975153	E:1,M:0.47085201793721976,ORF1b:0.1083086053412463,ORF3a:1,S:1	false	C21618G,C21846T,G21987A,T22917G,C22995A,A23403G,C23604G,C23987T,G24410A,G24914T,C25469T,T25778C,T26767C	22029-22034			M:I82T,ORF3a:S26L,ORF3a:L129P,S:T19R,S:T95I,S:G142D,S:R158G,S:L452R,S:T478K,S:D614G,S:P681R,S:P809S,S:D950N,S:D1118Y	S:E156-,S:F157-				C23987T,G24914T,T25778C	0	0	3	3		NODE_0000627	C21846T,C23987T,G24914T,T25778C		ORF3a:L129P,S:T95I,S:P809S,S:D1118Y		NODE_0000676	C23987T,G24914T,T25778C		ORF3a:L129P,S:P809S,S:D1118Y		N/A	N/A	N/A	N/A	N/A	N/A	N/A	N/A	N/A	N/A	ORF1b:2404		3000	0	good	0	10	0	good	0	24	-5	0	good	3		0	good	0		0		0	0	good		0	0	good	0		ORF1a,ORF6,ORF7a,ORF7b,ORF8,N,ORF9b	"When processing gene ""ORF1a"": The extracted gene sequence is empty or consists entirely from gaps;When processing gene ""ORF6"": The extracted gene sequence is empty or consists entirely from gaps;When processing gene ""ORF7a"": The extracted gene sequence is empty or consists entirely from gaps;When processing gene ""ORF7b"": The extracted gene sequence is empty or consists entirely from gaps;When processing gene ""ORF8"": The extracted gene sequence is empty or consists entirely from gaps;When processing gene ""N"": The extracted gene sequence is empty or consists entirely from gaps;When processing gene ""ORF9b"": The extracted gene sequence is empty or consists entirely from gaps"	
366	131_sub0	21J	21J (Delta)	Delta	21J	B.1.617.2.4	AY.4	56.250000	mediocre	15	5	0	1	0	0	7	2	0	1117	18404	20678	26839	0.206066280975153	E:1,M:0.47085201793721976,ORF1b:0.1083086053412463,ORF3a:1,S:0.12401883830455258	false	C21618G,T21773C,C21846T,G21987A,T22917G,C22995A,A23403G,C23604G,C23987T,G24410A,A24619G,G24914T,C25469T,A26434G,T26767C	22031-22035		S:159-1274	E:N64D,M:I82T,ORF3a:S26L,S:T19R,S:S71P,S:T95I,S:G142D	S:F157-,S:R158-				T21773C,C23987T,A24619G,G24914T,A26434G	0	0	5	5		NODE_0000627	T21773C,C21846T,C23987T,A24619G,G24914T,A26434G	22035	E:N64D,S:S71P,S:T95I,S:-156E	S:G158-	NODE_0000676	T21773C,C23987T,A24619G,G24914T,A26434G	22035	E:N64D,S:S71P,S:-156E	S:G158-	N/A	N/A	N/A	N/A	N/A	N/A	N/A	N/A	N/A	N/A	ORF1b:2404,S:159-1274		3000	0	good	0	10	0	good	0	24	-2	0	good	6		0	good	0	S:159-1274	1		0	75	mediocre		0	0	good	0		ORF1a,ORF6,ORF7a,ORF7b,ORF8,N,ORF9b	"When processing gene ""ORF1a"": The extracted gene sequence is empty or consists entirely from gaps;When processing gene ""ORF6"": The extracted gene sequence is empty or consists entirely from gaps;When processing gene ""ORF7a"": The extracted gene sequence is empty or consists entirely from gaps;When processing gene ""ORF7b"": The extracted gene sequence is empty or consists entirely from gaps;When processing gene ""ORF8"": The extracted gene sequence is empty or consists entirely from gaps;When processing gene ""N"": The extracted gene sequence is empty or consists entirely from gaps;When processing gene ""ORF9b"": The extracted gene sequence is empty or consists entirely from gaps"	
363	160_sub0	21J	21J (Delta)	Delta	21J	B.1.617.2.4	AY.4	56.250000	mediocre	12	7	0	1	0	0	12	3	0	204	18401	20678	26839	0.206066280975153	E:1,M:0.47085201793721976,ORF1b:0.1083086053412463,ORF3a:1,S:0.8406593406593407	false	C21618G,C21846T,G21987A,T22917G,C22995A,A23403G,C23604G,C23987T,G24410A,G24914T,C25469T,T26767C	22029-22034,24774		S:1072-1274	M:I82T,ORF3a:S26L,S:T19R,S:T95I,S:G142D,S:R158G,S:L452R,S:T478K,S:D614G,S:P681R,S:P809S,S:D950N	S:E156-,S:F157-,S:Q1071-				C23987T,G24914T	0	0	2	2		NODE_0000627	C21846T,C23987T,G24914T	24774	S:T95I,S:P809S	S:Q1071-	NODE_0000676	C23987T,G24914T	24774	S:P809S	S:Q1071-	N/A	N/A	N/A	N/A	N/A	N/A	N/A	N/A	N/A	N/A	ORF1b:2404,S:1072-1274		3000	0	good	0	10	0	good	0	24	-5	0	good	3		0	good	0	S:1072-1274	1		0	75	mediocre		0	0	good	0		ORF1a,ORF6,ORF7a,ORF7b,ORF8,N,ORF9b	"When processing gene ""ORF1a"": The extracted gene sequence is empty or consists entirely from gaps;When processing gene ""ORF6"": The extracted gene sequence is empty or consists entirely from gaps;When processing gene ""ORF7a"": The extracted gene sequence is empty or consists entirely from gaps;When processing gene ""ORF7b"": The extracted gene sequence is empty or consists entirely from gaps;When processing gene ""ORF8"": The extracted gene sequence is empty or consists entirely from gaps;When processing gene ""N"": The extracted gene sequence is empty or consists entirely from gaps;When processing gene ""ORF9b"": The extracted gene sequence is empty or consists entirely from gaps"	
364	1512_sub0	21J	21J (Delta)	Delta	21J	B.1.617.2.4	AY.4	227.777778	bad	16	8	2	2	0	0	7	4	0	813	18369	20678	26839	0.206066280975153	E:1,M:0.47085201793721976,ORF1b:0.1083086053412463,ORF3a:1,S:0.3626373626373626	false	C21618G,A21626C,C21627A,T21628A,C21846T,G21987A,T22917G,C22995A,A23403G,C23604G,T23953C,C23987T,G24410A,G24914T,C25469T,T26767C	21632-21633,22031-22035,24467	21623:CG	S:22-23,S:159-968	M:I82T,ORF3a:S26L,S:T19R,S:R21T,S:T95I,S:G142D,S:D1118Y	S:L24-,S:F157-,S:R158-,S:N969-			C21627A|24F&24H&24I&25B&25C	A21626C,T21628A,T23953C,C23987T,G24914T	0	1	5	6		NODE_0000627	A21626C,C21627A,T21628A,C21846T,T23953C,C23987T,G24914T	21632-21633,22035,24467	S:R21T,S:T95I,S:-156E,S:D1118Y	S:L24-,S:G158-,S:N969-	NODE_0000676	A21626C,C21627A,T21628A,T23953C,C23987T,G24914T	21632-21633,22035,24467	S:R21T,S:-156E,S:D1118Y	S:L24-,S:G158-,S:N969-	N/A	N/A	N/A	N/A	N/A	N/A	N/A	N/A	N/A	N/A	ORF1b:2404,S:22-23,S:159-968		3000	0	good	0	10	0	good	0	24	4	16.666667	good	12		0	good	0	S:22-23,S:159-968	2		0	150	bad		0	0	good	0		ORF1a,ORF6,ORF7a,ORF7b,ORF8,N,ORF9b	"When processing gene ""ORF1a"": The extracted gene sequence is empty or consists entirely from gaps;When processing gene ""ORF6"": The extracted gene sequence is empty or consists entirely from gaps;When processing gene ""ORF7a"": The extracted gene sequence is empty or consists entirely from gaps;When processing gene ""ORF7b"": The extracted gene sequence is empty or consists entirely from gaps;When processing gene ""ORF8"": The extracted gene sequence is empty or consists entirely from gaps;When processing gene ""N"": The extracted gene sequence is empty or consists entirely from gaps;When processing gene ""ORF9b"": The extracted gene sequence is empty or consists entirely from gaps"	
367	1031_sub0	21J	21J (Delta)	Delta	21J	B.1.617.2.4	AY.4	56.250000	mediocre	13	4	0	1	0	0	6	2	0	1118	18414	20678	26839	0.206066280975153	E:1,M:0.47085201793721976,ORF1b:0.1083086053412463,ORF3a:1,S:0.12323390894819466	false	C21618G,C21846T,G21987A,T22917G,C22995A,A23403G,C23604G,C23987T,G24410A,G24914T,C25469T,T25510A,T26767C	22030-22033		S:158-1274	M:I82T,ORF3a:S26L,ORF3a:S40T,S:T19R,S:T95I,S:G142D	S:E156-,S:F157-				C23987T,G24914T,T25510A	0	0	3	3		NODE_0000627	C21846T,C23987T,G24914T,T25510A		ORF3a:S40T,S:T95I		NODE_0000676	C23987T,G24914T,T25510A		ORF3a:S40T		N/A	N/A	N/A	N/A	N/A	N/A	N/A	N/A	N/A	N/A	ORF1b:2404,S:158-1274		3000	0	good	0	10	0	good	0	24	-5	0	good	3		0	good	0	S:158-1274	1		0	75	mediocre		0	0	good	0		ORF1a,ORF6,ORF7a,ORF7b,ORF8,N,ORF9b	"When processing gene ""ORF1a"": The extracted gene sequence is empty or consists entirely from gaps;When processing gene ""ORF6"": The extracted gene sequence is empty or consists entirely from gaps;When processing gene ""ORF7a"": The extracted gene sequence is empty or consists entirely from gaps;When processing gene ""ORF7b"": The extracted gene sequence is empty or consists entirely from gaps;When processing gene ""ORF8"": The extracted gene sequence is empty or consists entirely from gaps;When processing gene ""N"": The extracted gene sequence is empty or consists entirely from gaps;When processing gene ""ORF9b"": The extracted gene sequence is empty or consists entirely from gaps"	
362	1396_sub0	21J	21J (Delta)	Delta	21J	B.1.617.2.4	AY.4	56.250000	mediocre	14	7	0	1	0	0	14	3	0	245	18394	20678	26839	0.206066280975153	E:1,M:0.47085201793721976,ORF1b:0.1083086053412463,ORF3a:0.11594202898550725,S:1	false	C21618G,C21846T,T21940G,G21987A,T22729A,T22917G,C22995A,A23403G,C23604G,C23987T,G24410A,G24914T,C25469T,T26767C	22029-22034,25486		ORF3a:33-276	M:I82T,ORF3a:S26L,S:T19R,S:T95I,S:G142D,S:R158G,S:D389E,S:L452R,S:T478K,S:D614G,S:P681R,S:P809S,S:D950N,S:D1118Y	ORF3a:T32-,S:E156-,S:F157-				T21940G,T22729A,C23987T,G24914T	0	0	4	4		NODE_0000627	C21846T,T21940G,T22729A,C23987T,G24914T	25486	S:T95I,S:D389E,S:P809S,S:D1118Y	ORF3a:T32-	NODE_0000676	T21940G,T22729A,C23987T,G24914T	25486	S:D389E,S:P809S,S:D1118Y	ORF3a:T32-	N/A	N/A	N/A	N/A	N/A	N/A	N/A	N/A	N/A	N/A	ORF1b:2404,ORF3a:33-276		3000	0	good	0	10	0	good	0	24	-3	0	good	5		0	good	0	ORF3a:33-276	1		0	75	mediocre		0	0	good	0		ORF1a,ORF6,ORF7a,ORF7b,ORF8,N,ORF9b	"When processing gene ""ORF1a"": The extracted gene sequence is empty or consists entirely from gaps;When processing gene ""ORF6"": The extracted gene sequence is empty or consists entirely from gaps;When processing gene ""ORF7a"": The extracted gene sequence is empty or consists entirely from gaps;When processing gene ""ORF7b"": The extracted gene sequence is empty or consists entirely from gaps;When processing gene ""ORF8"": The extracted gene sequence is empty or consists entirely from gaps;When processing gene ""N"": The extracted gene sequence is empty or consists entirely from gaps;When processing gene ""ORF9b"": The extracted gene sequence is empty or consists entirely from gaps"	
370	315_sub0	21J	21J (Delta)	Delta	21J	B.1.617.2.4	AY.4	56.250000	mediocre	13	5	1	1	0	0	5	2	0	1117	18405	20678	26839	0.206066280975153	E:1,M:0.47085201793721976,ORF1b:0.1083086053412463,ORF3a:1,S:0.12401883830455258	false	C21618G,C21846T,G21987A,T22917G,C22995A,A23403G,C23604G,C23987T,T24330C,G24410A,G24914T,C25469T,T26767C	22031-22035	24778:A	S:159-1274	M:I82T,ORF3a:S26L,S:T19R,S:T95I,S:G142D	S:F157-,S:R158-				C23987T,T24330C,G24914T	0	0	3	3		NODE_0000627	C21846T,C23987T,T24330C,G24914T	22035	S:T95I,S:-156E	S:G158-	NODE_0000676	C23987T,T24330C,G24914T	22035	S:-156E	S:G158-	N/A	N/A	N/A	N/A	N/A	N/A	N/A	N/A	N/A	N/A	ORF1b:2404,S:159-1274		3000	0	good	0	10	0	good	0	24	-4	0	good	4		0	good	0	S:159-1274	1		0	75	mediocre		0	0	good	0		ORF1a,ORF6,ORF7a,ORF7b,ORF8,N,ORF9b	"When processing gene ""ORF1a"": The extracted gene sequence is empty or consists entirely from gaps;When processing gene ""ORF6"": The extracted gene sequence is empty or consists entirely from gaps;When processing gene ""ORF7a"": The extracted gene sequence is empty or consists entirely from gaps;When processing gene ""ORF7b"": The extracted gene sequence is empty or consists entirely from gaps;When processing gene ""ORF8"": The extracted gene sequence is empty or consists entirely from gaps;When processing gene ""N"": The extracted gene sequence is empty or consists entirely from gaps;When processing gene ""ORF9b"": The extracted gene sequence is empty or consists entirely from gaps"	
371	377_sub0	21J	21J (Delta)	Delta	21J	B.1.617.2.4	AY.4	0	good	12	6	0	0	0	0	13	2	0	1	18412	20678	26839	0.206066280975153	E:1,M:0.47085201793721976,ORF1b:0.1083086053412463,ORF3a:1,S:1	false	C21618G,C21846T,G21987A,T22917G,C22995A,A23403G,C23604G,C23987T,G24410A,G24914T,C25469T,T26767C	22029-22034			M:I82T,ORF3a:S26L,S:T19R,S:T95I,S:G142D,S:R158G,S:L452R,S:T478K,S:D614G,S:P681R,S:P809S,S:D950N,S:D1118Y	S:E156-,S:F157-				C23987T,G24914T	0	0	2	2		NODE_0000627	C21846T,C23987T,G24914T		S:T95I,S:P809S,S:D1118Y		NODE_0000676	C23987T,G24914T		S:P809S,S:D1118Y		N/A	N/A	N/A	N/A	N/A	N/A	N/A	N/A	N/A	N/A	ORF1b:2404		3000	0	good	0	10	0	good	0	24	-6	0	good	2		0	good	0		0		0	0	good		0	0	good	0		ORF1a,ORF6,ORF7a,ORF7b,ORF8,N,ORF9b	"When processing gene ""ORF1a"": The extracted gene sequence is empty or consists entirely from gaps;When processing gene ""ORF6"": The extracted gene sequence is empty or consists entirely from gaps;When processing gene ""ORF7a"": The extracted gene sequence is empty or consists entirely from gaps;When processing gene ""ORF7b"": The extracted gene sequence is empty or consists entirely from gaps;When processing gene ""ORF8"": The extracted gene sequence is empty or consists entirely from gaps;When processing gene ""N"": The extracted gene sequence is empty or consists entirely from gaps;When processing gene ""ORF9b"": The extracted gene sequence is empty or consists entirely from gaps"	
369	2201_sub0	21J	21J (Delta)	Delta	21J	B.1.617.2.4	AY.4	56.250000	mediocre	15	5	0	1	0	0	5	3	0	1117	18396	20678	26839	0.206066280975153	E:1,M:0.47085201793721976,ORF1b:0.1083086053412463,ORF3a:1,S:0.12401883830455258	false	C21618G,C21846T,G21987A,G22030T,T22917G,C22995A,A23403G,C23604G,C23987T,G24410A,T24648C,G24914T,C25469T,T26495C,T26767C	22031-22034,24774		S:159-1274	M:I82T,ORF3a:S26L,S:T19R,S:T95I,S:G142D	S:E156-,S:F157-,S:R158-				-22030T,C23987T,T24648C,G24914T,T26495C	0	0	5	5		NODE_0000627	C21846T,-22030T,C23987T,T24648C,G24914T,T26495C	24774	S:T95I	S:G158-	NODE_0000676	-22030T,C23987T,T24648C,G24914T,T26495C	24774		S:G158-	N/A	N/A	N/A	N/A	N/A	N/A	N/A	N/A	N/A	N/A	ORF1b:2404,S:159-1274		3000	0	good	0	10	0	good	0	24	-2	0	good	6		0	good	0	S:159-1274	1		0	75	mediocre		0	0	good	0		ORF1a,ORF6,ORF7a,ORF7b,ORF8,N,ORF9b	"When processing gene ""ORF1a"": The extracted gene sequence is empty or consists entirely from gaps;When processing gene ""ORF6"": The extracted gene sequence is empty or consists entirely from gaps;When processing gene ""ORF7a"": The extracted gene sequence is empty or consists entirely from gaps;When processing gene ""ORF7b"": The extracted gene sequence is empty or consists entirely from gaps;When processing gene ""ORF8"": The extracted gene sequence is empty or consists entirely from gaps;When processing gene ""N"": The extracted gene sequence is empty or consists entirely from gaps;When processing gene ""ORF9b"": The extracted gene sequence is empty or consists entirely from gaps"	
368	1394_sub0	21J	21J (Delta)	Delta	21J	B.1.617.2.4	AY.4	56.423611	mediocre	15	2	0	1	0	0	5	1	0	1118	18406	20678	26839	0.206066280975153	E:1,M:0.47085201793721976,ORF1b:0.1083086053412463,ORF3a:1,S:0.12323390894819466	false	C21618G,C21846T,G21987A,G22030A,T22032A,C22033A,T22917G,C22995A,A23403G,C23604G,C23987T,G24410A,G24914T,C25469T,T26767C	22031,25367		S:158-1274	M:I82T,ORF3a:S26L,S:T19R,S:T95I,S:G142D	S:F157-			-22033A|24A&24E&22D&23C&24C&23F&24F&24B&rec&23I&24G&25A&24H&24D&24I&25B&25C	-22030A,-22032A,C23987T,G24914T	0	1	4	5		NODE_0000627	C21846T,-22030A,-22032A,-22033A,C23987T,G24914T	25367	S:T95I,S:-156E		NODE_0000676	-22030A,-22032A,-22033A,C23987T,G24914T	25367	S:-156E		N/A	N/A	N/A	N/A	N/A	N/A	N/A	N/A	N/A	N/A	ORF1b:2404,S:158-1274		3000	0	good	0	10	0	good	0	24	1	4.166667	good	9		0	good	0	S:158-1274	1		0	75	mediocre		0	0	good	0		ORF1a,ORF6,ORF7a,ORF7b,ORF8,N,ORF9b	"When processing gene ""ORF1a"": The extracted gene sequence is empty or consists entirely from gaps;When processing gene ""ORF6"": The extracted gene sequence is empty or consists entirely from gaps;When processing gene ""ORF7a"": The extracted gene sequence is empty or consists entirely from gaps;When processing gene ""ORF7b"": The extracted gene sequence is empty or consists entirely from gaps;When processing gene ""ORF8"": The extracted gene sequence is empty or consists entirely from gaps;When processing gene ""N"": The extracted gene sequence is empty or consists entirely from gaps;When processing gene ""ORF9b"": The extracted gene sequence is empty or consists entirely from gaps"	
381	602_sub0	21J	21J (Delta)	Delta	21J	B.1.617.2.4	AY.4	56.250000	mediocre	14	5	0	1	0	0	7	2	0	1117	18408	20678	26839	0.206066280975153	E:1,M:0.47085201793721976,ORF1b:0.1083086053412463,ORF3a:1,S:0.12401883830455258	false	T20924C,C21008A,C21618G,C21846T,G21987A,T22917G,C22995A,A23403G,C23604G,C23987T,G24410A,G24914T,C25469T,T26767C	22031-22035		S:159-1274	M:I82T,ORF1b:L2486S,ORF1b:T2514N,ORF3a:S26L,S:T19R,S:T95I,S:G142D	S:F157-,S:R158-				T20924C,C21008A,C23987T,G24914T	0	0	4	4		NODE_0000627	T20924C,C21008A,C21846T,C23987T,G24914T	22035	ORF1b:L2486S,ORF1b:T2514N,S:T95I,S:-156E	S:G158-	NODE_0000676	T20924C,C21008A,C23987T,G24914T	22035	ORF1b:L2486S,ORF1b:T2514N,S:-156E	S:G158-	N/A	N/A	N/A	N/A	N/A	N/A	N/A	N/A	N/A	N/A	ORF1b:2404,S:159-1274		3000	0	good	0	10	0	good	0	24	-3	0	good	5		0	good	0	S:159-1274	1		0	75	mediocre		0	0	good	0		ORF1a,ORF6,ORF7a,ORF7b,ORF8,N,ORF9b	"When processing gene ""ORF1a"": The extracted gene sequence is empty or consists entirely from gaps;When processing gene ""ORF6"": The extracted gene sequence is empty or consists entirely from gaps;When processing gene ""ORF7a"": The extracted gene sequence is empty or consists entirely from gaps;When processing gene ""ORF7b"": The extracted gene sequence is empty or consists entirely from gaps;When processing gene ""ORF8"": The extracted gene sequence is empty or consists entirely from gaps;When processing gene ""N"": The extracted gene sequence is empty or consists entirely from gaps;When processing gene ""ORF9b"": The extracted gene sequence is empty or consists entirely from gaps"	
378	2445_sub0	21J	21J (Delta)	Delta	21J	B.1.617.2.4	AY.4	225	bad	16	5	2	2	0	0	5	0	0	1287	18386	20678	26839	0.206066280975153	E:1,M:0.47085201793721976,ORF1b:0.05229970326409496,ORF3a:1,S:0.10910518053375197	false	C21618G,C21846T,G21987A,A22029T,T22917G,C22995A,A23403G,C23604G,C23987T,G24410A,A24898G,G24914T,C25357A,C25469T,A26264T,T26767C	22031-22035	21102:T,21979:T	ORF1b:2546-2696,S:140-1274	E:E7V,M:I82T,ORF3a:S26L,S:T19R,S:T95I					-22029T,C23987T,A24898G,G24914T,C25357A,A26264T	0	0	6	6		NODE_0000627	C21846T,-22029T,C23987T,A24898G,G24914T,C25357A,A26264T	22035	E:E7V,S:T95I		NODE_0000676	-22029T,C23987T,A24898G,G24914T,C25357A,A26264T	22035	E:E7V		N/A	N/A	N/A	N/A	N/A	N/A	N/A	N/A	N/A	N/A	ORF1b:2404,ORF1b:2546-2696,S:140-1274		3000	0	good	0	10	0	good	0	24	-1	0	good	7		0	good	0	ORF1b:2546-2696,S:140-1274	2		0	150	bad		0	0	good	0		ORF1a,ORF6,ORF7a,ORF7b,ORF8,N,ORF9b	"When processing gene ""ORF1a"": The extracted gene sequence is empty or consists entirely from gaps;When processing gene ""ORF6"": The extracted gene sequence is empty or consists entirely from gaps;When processing gene ""ORF7a"": The extracted gene sequence is empty or consists entirely from gaps;When processing gene ""ORF7b"": The extracted gene sequence is empty or consists entirely from gaps;When processing gene ""ORF8"": The extracted gene sequence is empty or consists entirely from gaps;When processing gene ""N"": The extracted gene sequence is empty or consists entirely from gaps;When processing gene ""ORF9b"": The extracted gene sequence is empty or consists entirely from gaps"	
377	1037_sub0	21J	21J (Delta)	Delta	21J	B.1.617.2.4	AY.4	56.250000	mediocre	13	4	0	1	0	0	5	2	0	1118	18407	20678	26839	0.206066280975153	E:1,M:0.47085201793721976,ORF1b:0.1083086053412463,ORF3a:1,S:0.12323390894819466	false	C21618G,C21846T,G21987A,C22033A,T22917G,C22995A,A23403G,C23604G,C23987T,G24410A,G24914T,C25469T,T26767C	22030-22031,23996-23997		S:158-1274	M:I82T,ORF3a:S26L,S:T19R,S:T95I,S:G142D	S:E156-,S:F157-			-22033A|24A&24E&22D&23C&24C&23F&24F&24B&rec&23I&24G&25A&24H&24D&24I&25B&25C	C23987T,G24914T	0	1	2	3		NODE_0000627	C21846T,-22033A,C23987T,G24914T	23996-23997	S:T95I		NODE_0000676	-22033A,C23987T,G24914T	23996-23997			N/A	N/A	N/A	N/A	N/A	N/A	N/A	N/A	N/A	N/A	ORF1b:2404,S:158-1274		3000	0	good	0	10	0	good	0	24	-1	0	good	7		0	good	0	S:158-1274	1		0	75	mediocre		0	0	good	0		ORF1a,ORF6,ORF7a,ORF7b,ORF8,N,ORF9b	"When processing gene ""ORF1a"": The extracted gene sequence is empty or consists entirely from gaps;When processing gene ""ORF6"": The extracted gene sequence is empty or consists entirely from gaps;When processing gene ""ORF7a"": The extracted gene sequence is empty or consists entirely from gaps;When processing gene ""ORF7b"": The extracted gene sequence is empty or consists entirely from gaps;When processing gene ""ORF8"": The extracted gene sequence is empty or consists entirely from gaps;When processing gene ""N"": The extracted gene sequence is empty or consists entirely from gaps;When processing gene ""ORF9b"": The extracted gene sequence is empty or consists entirely from gaps"	
375	1056_sub0	21J	21J (Delta)	Delta	21J	B.1.617.2.4	AY.4	0.694444	good	17	0	0	0	0	0	14	0	0	1	18418	20678	26839	0.206066280975153	E:1,M:0.47085201793721976,ORF1b:0.1083086053412463,ORF3a:1,S:1	false	C21618G,C21846T,G21987A,G22030A,T22031A,T22032A,C22033A,T22917G,C22995A,A23403G,C23604G,C23987T,G24410A,G24914T,C25469T,T26429G,T26767C				E:V62G,M:I82T,ORF3a:S26L,S:T19R,S:T95I,S:G142D,S:F157K,S:L452R,S:T478K,S:D614G,S:P681R,S:P809S,S:D950N,S:D1118Y				-22033A|24A&24E&22D&23C&24C&23F&24F&24B&rec&23I&24G&25A&24H&24D&24I&25B&25C	-22030A,-22031A,-22032A,C23987T,G24914T,T26429G	0	1	6	7		NODE_0000627	C21846T,-22030A,-22031A,-22032A,-22033A,C23987T,G24914T,T26429G		E:V62G,S:T95I,S:-156E,S:-157K,S:G158R,S:P809S,S:D1118Y		NODE_0000676	-22030A,-22031A,-22032A,-22033A,C23987T,G24914T,T26429G		E:V62G,S:-156E,S:-157K,S:G158R,S:P809S,S:D1118Y		N/A	N/A	N/A	N/A	N/A	N/A	N/A	N/A	N/A	N/A	ORF1b:2404		3000	0	good	0	10	0	good	0	24	2	8.333333	good	10		0	good	0		0		0	0	good		0	0	good	0		ORF1a,ORF6,ORF7a,ORF7b,ORF8,N,ORF9b	"When processing gene ""ORF1a"": The extracted gene sequence is empty or consists entirely from gaps;When processing gene ""ORF6"": The extracted gene sequence is empty or consists entirely from gaps;When processing gene ""ORF7a"": The extracted gene sequence is empty or consists entirely from gaps;When processing gene ""ORF7b"": The extracted gene sequence is empty or consists entirely from gaps;When processing gene ""ORF8"": The extracted gene sequence is empty or consists entirely from gaps;When processing gene ""N"": The extracted gene sequence is empty or consists entirely from gaps;When processing gene ""ORF9b"": The extracted gene sequence is empty or consists entirely from gaps"	
372	5994_sub0	21J	21J (Delta)	Delta	21J	B.1.617.2.4	AY.4	56.250000	mediocre	12	6	1	1	0	0	12	2	0	163	18405	20678	26839	0.206066280975153	E:1,M:0,ORF1b:0.1083086053412463,ORF3a:1,S:1	false	C21618G,C21846T,G21987A,T22917G,C22995A,A23403G,C23604G,C23987T,G24410A,G24914T,C25469T,T26767C	22029-22034	26705:T	M:62-223	ORF3a:S26L,S:T19R,S:T95I,S:G142D,S:R158G,S:L452R,S:T478K,S:D614G,S:P681R,S:P809S,S:D950N,S:D1118Y	S:E156-,S:F157-				C23987T,G24914T	0	0	2	2		NODE_0000627	C21846T,C23987T,G24914T		S:T95I,S:P809S,S:D1118Y		NODE_0000676	C23987T,G24914T		S:P809S,S:D1118Y		N/A	N/A	N/A	N/A	N/A	N/A	N/A	N/A	N/A	N/A	ORF1b:2404,M:62-223		3000	0	good	0	10	0	good	0	24	-6	0	good	2		0	good	0	M:62-223	1		0	75	mediocre		0	0	good	0		ORF1a,ORF6,ORF7a,ORF7b,ORF8,N,ORF9b	"When processing gene ""ORF1a"": The extracted gene sequence is empty or consists entirely from gaps;When processing gene ""ORF6"": The extracted gene sequence is empty or consists entirely from gaps;When processing gene ""ORF7a"": The extracted gene sequence is empty or consists entirely from gaps;When processing gene ""ORF7b"": The extracted gene sequence is empty or consists entirely from gaps;When processing gene ""ORF8"": The extracted gene sequence is empty or consists entirely from gaps;When processing gene ""N"": The extracted gene sequence is empty or consists entirely from gaps;When processing gene ""ORF9b"": The extracted gene sequence is empty or consists entirely from gaps"	
376	1181_sub0	21J	21J (Delta)	Delta	21J	B.1.617.2.4	AY.4	56.250000	mediocre	17	5	0	1	0	0	6	2	0	1118	18388	20678	26839	0.206066280975153	E:1,M:0.47085201793721976,ORF1b:0.1083086053412463,ORF3a:1,S:0.12323390894819466	false	C21618G,C21846T,A21906T,G21987A,C22033G,A22803G,T22917G,C22995A,A23403G,C23604G,C23987T,G24410A,C24442T,G24914T,C25469T,T26540C,T26767C	22029-22032,24674		S:158-1274	M:I82T,ORF3a:S26L,S:T19R,S:T95I,S:Q115L,S:G142D	S:E156-,S:F157-				A21906T,-22033G,A22803G,C23987T,C24442T,G24914T,T26540C	0	0	7	7		NODE_0000627	C21846T,A21906T,-22033G,A22803G,C23987T,C24442T,G24914T,T26540C	24674	S:T95I,S:Q115L		NODE_0000676	A21906T,-22033G,A22803G,C23987T,C24442T,G24914T,T26540C	24674	S:Q115L		N/A	N/A	N/A	N/A	N/A	N/A	N/A	N/A	N/A	N/A	ORF1b:2404,S:158-1274		3000	0	good	0	10	0	good	0	24	0	0	good	8		0	good	0	S:158-1274	1		0	75	mediocre		0	0	good	0		ORF1a,ORF6,ORF7a,ORF7b,ORF8,N,ORF9b	"When processing gene ""ORF1a"": The extracted gene sequence is empty or consists entirely from gaps;When processing gene ""ORF6"": The extracted gene sequence is empty or consists entirely from gaps;When processing gene ""ORF7a"": The extracted gene sequence is empty or consists entirely from gaps;When processing gene ""ORF7b"": The extracted gene sequence is empty or consists entirely from gaps;When processing gene ""ORF8"": The extracted gene sequence is empty or consists entirely from gaps;When processing gene ""N"": The extracted gene sequence is empty or consists entirely from gaps;When processing gene ""ORF9b"": The extracted gene sequence is empty or consists entirely from gaps"	
393	2012_sub0	21J	21J (Delta)	Delta	21J	B.1.617.2.4	AY.4	56.250000	mediocre	13	5	1	1	0	0	5	3	0	1117	18405	20678	26839	0.206066280975153	E:1,M:0.47085201793721976,ORF1b:0.1083086053412463,ORF3a:1,S:0.12401883830455258	false	C21618G,C21846T,G21987A,A22029T,T22917G,C22995A,A23403G,C23604G,C23987T,G24410A,G24914T,C25469T,T26767C	22031-22035	22945:A	S:159-1274	M:I82T,ORF3a:S26L,S:T19R,S:T95I,S:G142D	S:E156-,S:F157-,S:R158-				-22029T,C23987T,G24914T	0	0	3	3		NODE_0000627	C21846T,-22029T,C23987T,G24914T	22035	S:T95I	S:G158-	NODE_0000676	-22029T,C23987T,G24914T	22035		S:G158-	N/A	N/A	N/A	N/A	N/A	N/A	N/A	N/A	N/A	N/A	ORF1b:2404,S:159-1274		3000	0	good	0	10	0	good	0	24	-4	0	good	4		0	good	0	S:159-1274	1		0	75	mediocre		0	0	good	0		ORF1a,ORF6,ORF7a,ORF7b,ORF8,N,ORF9b	"When processing gene ""ORF1a"": The extracted gene sequence is empty or consists entirely from gaps;When processing gene ""ORF6"": The extracted gene sequence is empty or consists entirely from gaps;When processing gene ""ORF7a"": The extracted gene sequence is empty or consists entirely from gaps;When processing gene ""ORF7b"": The extracted gene sequence is empty or consists entirely from gaps;When processing gene ""ORF8"": The extracted gene sequence is empty or consists entirely from gaps;When processing gene ""N"": The extracted gene sequence is empty or consists entirely from gaps;When processing gene ""ORF9b"": The extracted gene sequence is empty or consists entirely from gaps"	
383	552_sub0	21J	21J (Delta)	Delta	21J	B.1.617.2.4	AY.4	56.250000	mediocre	15	4	1	1	0	0	8	2	0	713	18393	20678	26839	0.206066280975153	E:1,M:0.47085201793721976,ORF1b:0.1083086053412463,ORF3a:1,S:0.4411302982731554	false	C21618G,C21846T,G21987A,A22029G,G22030T,T22917G,C22995A,A23403G,C23604G,C23987T,G24410A,G24914T,C25469T,C26753T,T26767C	22031-22033,25367	23230:A	S:557-1268	M:I82T,ORF3a:S26L,S:T19R,S:T95I,S:G142D,S:F157G,S:L452R,S:T478K	S:E156-,S:K1269-				-22029G,-22030T,C23987T,G24914T,C26753T	0	0	5	5		NODE_0000627	C21846T,-22029G,-22030T,C23987T,G24914T,C26753T	25367	S:T95I,S:-157G,S:G158R	S:K1269-	NODE_0000676	-22029G,-22030T,C23987T,G24914T,C26753T	25367	S:-157G,S:G158R	S:K1269-	N/A	N/A	N/A	N/A	N/A	N/A	N/A	N/A	N/A	N/A	ORF1b:2404,S:557-1268		3000	0	good	0	10	0	good	0	24	-2	0	good	6		0	good	0	S:557-1268	1		0	75	mediocre		0	0	good	0		ORF1a,ORF6,ORF7a,ORF7b,ORF8,N,ORF9b	"When processing gene ""ORF1a"": The extracted gene sequence is empty or consists entirely from gaps;When processing gene ""ORF6"": The extracted gene sequence is empty or consists entirely from gaps;When processing gene ""ORF7a"": The extracted gene sequence is empty or consists entirely from gaps;When processing gene ""ORF7b"": The extracted gene sequence is empty or consists entirely from gaps;When processing gene ""ORF8"": The extracted gene sequence is empty or consists entirely from gaps;When processing gene ""N"": The extracted gene sequence is empty or consists entirely from gaps;When processing gene ""ORF9b"": The extracted gene sequence is empty or consists entirely from gaps"	
382	6253_sub0	21J	21J (Delta)	Delta	21J	B.1.617.2.4	AY.4	0	good	12	6	0	0	0	0	13	2	0	1	18412	20678	26839	0.206066280975153	E:1,M:0.47085201793721976,ORF1b:0.1083086053412463,ORF3a:1,S:1	false	C21618G,C21846T,G21987A,T22917G,C22995A,A23403G,C23604G,C23987T,G24410A,G24914T,C25469T,T26767C	22029-22034			M:I82T,ORF3a:S26L,S:T19R,S:T95I,S:G142D,S:R158G,S:L452R,S:T478K,S:D614G,S:P681R,S:P809S,S:D950N,S:D1118Y	S:E156-,S:F157-				C23987T,G24914T	0	0	2	2		NODE_0000627	C21846T,C23987T,G24914T		S:T95I,S:P809S,S:D1118Y		NODE_0000676	C23987T,G24914T		S:P809S,S:D1118Y		N/A	N/A	N/A	N/A	N/A	N/A	N/A	N/A	N/A	N/A	ORF1b:2404		3000	0	good	0	10	0	good	0	24	-6	0	good	2		0	good	0		0		0	0	good		0	0	good	0		ORF1a,ORF6,ORF7a,ORF7b,ORF8,N,ORF9b	"When processing gene ""ORF1a"": The extracted gene sequence is empty or consists entirely from gaps;When processing gene ""ORF6"": The extracted gene sequence is empty or consists entirely from gaps;When processing gene ""ORF7a"": The extracted gene sequence is empty or consists entirely from gaps;When processing gene ""ORF7b"": The extracted gene sequence is empty or consists entirely from gaps;When processing gene ""ORF8"": The extracted gene sequence is empty or consists entirely from gaps;When processing gene ""N"": The extracted gene sequence is empty or consists entirely from gaps;When processing gene ""ORF9b"": The extracted gene sequence is empty or consists entirely from gaps"	
379	260_sub0	21J	21J (Delta)	Delta	21J	B.1.617.2.4	AY.4	0	good	13	6	0	0	0	0	14	2	0	1	18408	20678	26839	0.206066280975153	E:1,M:0.47085201793721976,ORF1b:0.1083086053412463,ORF3a:1,S:1	false	G21523A,C21618G,C21846T,G21987A,T22917G,C22995A,A23403G,C23604G,C23987T,G24410A,G24914T,C25469T,T26767C	22029-22034			M:I82T,ORF1b:V2686I,ORF3a:S26L,S:T19R,S:T95I,S:G142D,S:R158G,S:L452R,S:T478K,S:D614G,S:P681R,S:P809S,S:D950N,S:D1118Y	S:E156-,S:F157-				G21523A,C23987T,G24914T	0	0	3	3		NODE_0000627	G21523A,C21846T,C23987T,G24914T		ORF1b:V2686I,S:T95I,S:P809S,S:D1118Y		NODE_0000676	G21523A,C23987T,G24914T		ORF1b:V2686I,S:P809S,S:D1118Y		N/A	N/A	N/A	N/A	N/A	N/A	N/A	N/A	N/A	N/A	ORF1b:2404		3000	0	good	0	10	0	good	0	24	-5	0	good	3		0	good	0		0		0	0	good		0	0	good	0		ORF1a,ORF6,ORF7a,ORF7b,ORF8,N,ORF9b	"When processing gene ""ORF1a"": The extracted gene sequence is empty or consists entirely from gaps;When processing gene ""ORF6"": The extracted gene sequence is empty or consists entirely from gaps;When processing gene ""ORF7a"": The extracted gene sequence is empty or consists entirely from gaps;When processing gene ""ORF7b"": The extracted gene sequence is empty or consists entirely from gaps;When processing gene ""ORF8"": The extracted gene sequence is empty or consists entirely from gaps;When processing gene ""N"": The extracted gene sequence is empty or consists entirely from gaps;When processing gene ""ORF9b"": The extracted gene sequence is empty or consists entirely from gaps"	
380	146_sub0	21J	21J (Delta)	Delta	21J	B.1.617.2.4	AY.4	0	good	12	6	0	0	0	0	13	2	0	1	18412	20678	26839	0.206066280975153	E:1,M:0.47085201793721976,ORF1b:0.1083086053412463,ORF3a:1,S:1	false	C21618G,C21846T,G21987A,T22917G,C22995A,A23403G,C23604G,C23987T,G24410A,G24914T,C25469T,T26767C	22029-22034			M:I82T,ORF3a:S26L,S:T19R,S:T95I,S:G142D,S:R158G,S:L452R,S:T478K,S:D614G,S:P681R,S:P809S,S:D950N,S:D1118Y	S:E156-,S:F157-				C23987T,G24914T	0	0	2	2		NODE_0000627	C21846T,C23987T,G24914T		S:T95I,S:P809S,S:D1118Y		NODE_0000676	C23987T,G24914T		S:P809S,S:D1118Y		N/A	N/A	N/A	N/A	N/A	N/A	N/A	N/A	N/A	N/A	ORF1b:2404		3000	0	good	0	10	0	good	0	24	-6	0	good	2		0	good	0		0		0	0	good		0	0	good	0		ORF1a,ORF6,ORF7a,ORF7b,ORF8,N,ORF9b	"When processing gene ""ORF1a"": The extracted gene sequence is empty or consists entirely from gaps;When processing gene ""ORF6"": The extracted gene sequence is empty or consists entirely from gaps;When processing gene ""ORF7a"": The extracted gene sequence is empty or consists entirely from gaps;When processing gene ""ORF7b"": The extracted gene sequence is empty or consists entirely from gaps;When processing gene ""ORF8"": The extracted gene sequence is empty or consists entirely from gaps;When processing gene ""N"": The extracted gene sequence is empty or consists entirely from gaps;When processing gene ""ORF9b"": The extracted gene sequence is empty or consists entirely from gaps"	
384	1022_sub0	21J	21J (Delta)	Delta	21J	B.1.617.2.4	AY.4	56.250000	mediocre	14	5	0	1	0	0	6	2	0	1117	18408	20678	26839	0.206066280975153	E:1,M:0.47085201793721976,ORF1b:0.1083086053412463,ORF3a:1,S:0.12401883830455258	false	T21344C,C21618G,C21846T,G21987A,T22371C,T22917G,C22995A,A23403G,C23604G,C23987T,G24410A,G24914T,C25469T,T26767C	22031-22035		S:159-1274	M:I82T,ORF1b:I2626T,ORF3a:S26L,S:T19R,S:T95I,S:G142D	S:F157-,S:R158-				T21344C,T22371C,C23987T,G24914T	0	0	4	4		NODE_0000627	T21344C,C21846T,T22371C,C23987T,G24914T	22035	ORF1b:I2626T,S:T95I,S:-156E	S:G158-	NODE_0000676	T21344C,T22371C,C23987T,G24914T	22035	ORF1b:I2626T,S:-156E	S:G158-	N/A	N/A	N/A	N/A	N/A	N/A	N/A	N/A	N/A	N/A	ORF1b:2404,S:159-1274		3000	0	good	0	10	0	good	0	24	-3	0	good	5		0	good	0	S:159-1274	1		0	75	mediocre		0	0	good	0		ORF1a,ORF6,ORF7a,ORF7b,ORF8,N,ORF9b	"When processing gene ""ORF1a"": The extracted gene sequence is empty or consists entirely from gaps;When processing gene ""ORF6"": The extracted gene sequence is empty or consists entirely from gaps;When processing gene ""ORF7a"": The extracted gene sequence is empty or consists entirely from gaps;When processing gene ""ORF7b"": The extracted gene sequence is empty or consists entirely from gaps;When processing gene ""ORF8"": The extracted gene sequence is empty or consists entirely from gaps;When processing gene ""N"": The extracted gene sequence is empty or consists entirely from gaps;When processing gene ""ORF9b"": The extracted gene sequence is empty or consists entirely from gaps"	
373	1924_sub0	21J	21J (Delta)	Delta	21J	B.1.617.2.4	AY.4	56.250000	mediocre	14	5	0	1	0	0	5	3	0	1117	18408	20678	26839	0.206066280975153	E:1,M:0.47085201793721976,ORF1b:0.1083086053412463,ORF3a:1,S:0.12401883830455258	false	C21618G,T21784C,C21846T,G21987A,A22029T,T22917G,C22995A,A23403G,C23604G,C23987T,G24410A,G24914T,C25469T,T26767C	22031-22035		S:159-1274	M:I82T,ORF3a:S26L,S:T19R,S:T95I,S:G142D	S:E156-,S:F157-,S:R158-				T21784C,-22029T,C23987T,G24914T	0	0	4	4		NODE_0000627	T21784C,C21846T,-22029T,C23987T,G24914T	22035	S:T95I	S:G158-	NODE_0000676	T21784C,-22029T,C23987T,G24914T	22035		S:G158-	N/A	N/A	N/A	N/A	N/A	N/A	N/A	N/A	N/A	N/A	ORF1b:2404,S:159-1274		3000	0	good	0	10	0	good	0	24	-3	0	good	5		0	good	0	S:159-1274	1		0	75	mediocre		0	0	good	0		ORF1a,ORF6,ORF7a,ORF7b,ORF8,N,ORF9b	"When processing gene ""ORF1a"": The extracted gene sequence is empty or consists entirely from gaps;When processing gene ""ORF6"": The extracted gene sequence is empty or consists entirely from gaps;When processing gene ""ORF7a"": The extracted gene sequence is empty or consists entirely from gaps;When processing gene ""ORF7b"": The extracted gene sequence is empty or consists entirely from gaps;When processing gene ""ORF8"": The extracted gene sequence is empty or consists entirely from gaps;When processing gene ""N"": The extracted gene sequence is empty or consists entirely from gaps;When processing gene ""ORF9b"": The extracted gene sequence is empty or consists entirely from gaps"	
385	353_sub0	21J	21J (Delta)	Delta	21J	B.1.617.2.4	AY.4	56.250000	mediocre	14	5	0	1	0	0	6	2	0	1117	18408	20678	26839	0.206066280975153	E:1,M:0.47085201793721976,ORF1b:0.1083086053412463,ORF3a:1,S:0.12401883830455258	false	C21618G,C21846T,G21987A,T22917G,C22995A,A23403G,C23604G,C23987T,G24410A,G24914T,C25373T,C25469T,G26754A,T26767C	22031-22035		S:159-1274	M:G78S,M:I82T,ORF3a:S26L,S:T19R,S:T95I,S:G142D	S:F157-,S:R158-				C23987T,G24914T,C25373T,G26754A	0	0	4	4		NODE_0000627	C21846T,C23987T,G24914T,C25373T,G26754A	22035	M:G78S,S:T95I,S:-156E	S:G158-	NODE_0000676	C23987T,G24914T,C25373T,G26754A	22035	M:G78S,S:-156E	S:G158-	N/A	N/A	N/A	N/A	N/A	N/A	N/A	N/A	N/A	N/A	ORF1b:2404,S:159-1274		3000	0	good	0	10	0	good	0	24	-3	0	good	5		0	good	0	S:159-1274	1		0	75	mediocre		0	0	good	0		ORF1a,ORF6,ORF7a,ORF7b,ORF8,N,ORF9b	"When processing gene ""ORF1a"": The extracted gene sequence is empty or consists entirely from gaps;When processing gene ""ORF6"": The extracted gene sequence is empty or consists entirely from gaps;When processing gene ""ORF7a"": The extracted gene sequence is empty or consists entirely from gaps;When processing gene ""ORF7b"": The extracted gene sequence is empty or consists entirely from gaps;When processing gene ""ORF8"": The extracted gene sequence is empty or consists entirely from gaps;When processing gene ""N"": The extracted gene sequence is empty or consists entirely from gaps;When processing gene ""ORF9b"": The extracted gene sequence is empty or consists entirely from gaps"	
386	541_sub0	21J	21J (Delta)	Delta	21J	B.1.617.2.4	AY.4	56.250000	mediocre	14	6	0	0	0	0	15	2	0	1	18404	20678	26839	0.206066280975153	E:1,M:0.47085201793721976,ORF1b:0.1083086053412463,ORF3a:1,S:1	false	C21618G,C21846T,G21987A,T22917G,C22995A,A23403G,C23604G,C23987T,G24410A,G24914T,T25178C,C25469T,G26687A,T26767C	22029-22034			M:W55*,M:I82T,ORF3a:S26L,S:T19R,S:T95I,S:G142D,S:R158G,S:L452R,S:T478K,S:D614G,S:P681R,S:P809S,S:D950N,S:D1118Y,S:Y1206H	S:E156-,S:F157-				C23987T,G24914T,T25178C,G26687A	0	0	4	4		NODE_0000627	C21846T,C23987T,G24914T,T25178C,G26687A		M:W55*,S:T95I,S:P809S,S:D1118Y,S:Y1206H		NODE_0000676	C23987T,G24914T,T25178C,G26687A		M:W55*,S:P809S,S:D1118Y,S:Y1206H		N/A	N/A	N/A	N/A	N/A	N/A	N/A	N/A	N/A	N/A	ORF1b:2404		3000	0	good	0	10	0	good	0	24	-4	0	good	4		0	good	0		0		0	0	good	M:54	1	75	mediocre	0		ORF1a,ORF6,ORF7a,ORF7b,ORF8,N,ORF9b	"When processing gene ""ORF1a"": The extracted gene sequence is empty or consists entirely from gaps;When processing gene ""ORF6"": The extracted gene sequence is empty or consists entirely from gaps;When processing gene ""ORF7a"": The extracted gene sequence is empty or consists entirely from gaps;When processing gene ""ORF7b"": The extracted gene sequence is empty or consists entirely from gaps;When processing gene ""ORF8"": The extracted gene sequence is empty or consists entirely from gaps;When processing gene ""N"": The extracted gene sequence is empty or consists entirely from gaps;When processing gene ""ORF9b"": The extracted gene sequence is empty or consists entirely from gaps"	
392	1452_sub0	21J	21J (Delta)	Delta	21J	B.1.617.2.4	AY.4	56.250000	mediocre	15	4	1	1	0	0	6	2	0	952	18399	20678	26839	0.206066280975153	E:1,M:0.47085201793721976,ORF1b:0.1083086053412463,ORF3a:1,S:0.25353218210361067	false	A21132G,C21618G,C21846T,G21987A,T22514C,T22917G,C22995A,A23403G,C23604G,C23987T,G24410A,G24882A,G24914T,C25469T,T26767C	22030-22033	24886:T	S:158-1108	M:I82T,ORF3a:S26L,S:T19R,S:T95I,S:G142D,S:D1118Y	S:E156-,S:F157-				A21132G,T22514C,C23987T,G24882A,G24914T	0	0	5	5		NODE_0000627	A21132G,C21846T,T22514C,C23987T,G24882A,G24914T		S:T95I,S:D1118Y		NODE_0000676	A21132G,T22514C,C23987T,G24882A,G24914T		S:D1118Y		N/A	N/A	N/A	N/A	N/A	N/A	N/A	N/A	N/A	N/A	ORF1b:2404,S:158-1108		3000	0	good	0	10	0	good	0	24	-3	0	good	5		0	good	0	S:158-1108	1		0	75	mediocre		0	0	good	0		ORF1a,ORF6,ORF7a,ORF7b,ORF8,N,ORF9b	"When processing gene ""ORF1a"": The extracted gene sequence is empty or consists entirely from gaps;When processing gene ""ORF6"": The extracted gene sequence is empty or consists entirely from gaps;When processing gene ""ORF7a"": The extracted gene sequence is empty or consists entirely from gaps;When processing gene ""ORF7b"": The extracted gene sequence is empty or consists entirely from gaps;When processing gene ""ORF8"": The extracted gene sequence is empty or consists entirely from gaps;When processing gene ""N"": The extracted gene sequence is empty or consists entirely from gaps;When processing gene ""ORF9b"": The extracted gene sequence is empty or consists entirely from gaps"	
400	2107_sub0	21J	21J (Delta)	Delta	21J	B.1.617.2.4	AY.4	0	good	13	3	0	0	0	0	12	1	0	1	18418	20678	26839	0.206066280975153	E:1,M:0.47085201793721976,ORF1b:0.1083086053412463,ORF3a:1,S:1	false	C21618G,C21846T,G21987A,G22030A,T22917G,C22995A,A23403G,C23604G,C23987T,G24410A,G24914T,C25469T,T26767C	22031-22033			M:I82T,ORF3a:S26L,S:T19R,S:T95I,S:G142D,S:L452R,S:T478K,S:D614G,S:P681R,S:P809S,S:D950N,S:D1118Y	S:F157-				-22030A,C23987T,G24914T	0	0	3	3		NODE_0000627	C21846T,-22030A,C23987T,G24914T		S:T95I,S:-156E,S:G158R,S:P809S,S:D1118Y		NODE_0000676	-22030A,C23987T,G24914T		S:-156E,S:G158R,S:P809S,S:D1118Y		N/A	N/A	N/A	N/A	N/A	N/A	N/A	N/A	N/A	N/A	ORF1b:2404		3000	0	good	0	10	0	good	0	24	-5	0	good	3		0	good	0		0		0	0	good		0	0	good	0		ORF1a,ORF6,ORF7a,ORF7b,ORF8,N,ORF9b	"When processing gene ""ORF1a"": The extracted gene sequence is empty or consists entirely from gaps;When processing gene ""ORF6"": The extracted gene sequence is empty or consists entirely from gaps;When processing gene ""ORF7a"": The extracted gene sequence is empty or consists entirely from gaps;When processing gene ""ORF7b"": The extracted gene sequence is empty or consists entirely from gaps;When processing gene ""ORF8"": The extracted gene sequence is empty or consists entirely from gaps;When processing gene ""N"": The extracted gene sequence is empty or consists entirely from gaps;When processing gene ""ORF9b"": The extracted gene sequence is empty or consists entirely from gaps"	
390	1684_sub0	21J	21J (Delta)	Delta	21J	B.1.617.2.4	AY.4	56.250000	mediocre	15	5	0	1	0	0	7	3	0	1117	18397	20678	26839	0.206066280975153	E:1,M:0.47085201793721976,ORF1b:0.1083086053412463,ORF3a:1,S:0.12401883830455258	false	G21211A,C21618G,G21827A,C21846T,G21987A,G22030T,T22917G,C22995A,A23403G,C23604G,C23987T,G24410A,G24914T,C25469T,T26767C	22031-22034,24623		S:159-1274	M:I82T,ORF1b:G2582R,ORF3a:S26L,S:T19R,S:G89S,S:T95I,S:G142D	S:E156-,S:F157-,S:R158-				G21211A,G21827A,-22030T,C23987T,G24914T	0	0	5	5		NODE_0000627	G21211A,G21827A,C21846T,-22030T,C23987T,G24914T	24623	ORF1b:G2582R,S:G89S,S:T95I	S:G158-	NODE_0000676	G21211A,G21827A,-22030T,C23987T,G24914T	24623	ORF1b:G2582R,S:G89S	S:G158-	N/A	N/A	N/A	N/A	N/A	N/A	N/A	N/A	N/A	N/A	ORF1b:2404,S:159-1274		3000	0	good	0	10	0	good	0	24	-2	0	good	6		0	good	0	S:159-1274	1		0	75	mediocre		0	0	good	0		ORF1a,ORF6,ORF7a,ORF7b,ORF8,N,ORF9b	"When processing gene ""ORF1a"": The extracted gene sequence is empty or consists entirely from gaps;When processing gene ""ORF6"": The extracted gene sequence is empty or consists entirely from gaps;When processing gene ""ORF7a"": The extracted gene sequence is empty or consists entirely from gaps;When processing gene ""ORF7b"": The extracted gene sequence is empty or consists entirely from gaps;When processing gene ""ORF8"": The extracted gene sequence is empty or consists entirely from gaps;When processing gene ""N"": The extracted gene sequence is empty or consists entirely from gaps;When processing gene ""ORF9b"": The extracted gene sequence is empty or consists entirely from gaps"	
396	1766_sub0	21J	21J (Delta)	Delta	21J	B.1.617.2.4	AY.4	113.194444	bad	16	1	1	1	0	0	14	1	0	59	18405	20678	26839	0.206066280975153	E:1,M:0.47085201793721976,ORF1b:0.1083086053412463,ORF3a:1,S:0.9544740973312402	false	C21409A,C21618G,C21846T,G21987A,T22032A,C22033A,T22917G,C22995A,A23157T,A23403G,C23604G,C23987T,G24410A,G24914T,C25469T,T26767C	23966	24142:T	S:803-860	M:I82T,ORF1b:P2648T,ORF3a:S26L,S:T19R,S:T95I,S:G142D,S:F157*,S:L452R,S:T478K,S:N532I,S:D614G,S:P681R,S:D950N,S:D1118Y	S:F802-			-22033A|24A&24E&22D&23C&24C&23F&24F&24B&rec&23I&24G&25A&24H&24D&24I&25B&25C	C21409A,-22032A,A23157T,C23987T,G24914T	0	1	5	6		NODE_0000627	C21409A,C21846T,-22032A,-22033A,A23157T,C23987T,G24914T	23966	ORF1b:P2648T,S:T95I,S:-156E,S:-157*,S:G158R,S:N532I,S:D1118Y	S:F802-	NODE_0000676	C21409A,-22032A,-22033A,A23157T,C23987T,G24914T	23966	ORF1b:P2648T,S:-156E,S:-157*,S:G158R,S:N532I,S:D1118Y	S:F802-	N/A	N/A	N/A	N/A	N/A	N/A	N/A	N/A	N/A	N/A	ORF1b:2404,S:803-860		3000	0	good	0	10	0	good	0	24	2	8.333333	good	10		0	good	0	S:803-860	1		0	75	mediocre	S:156	1	75	mediocre	0		ORF1a,ORF6,ORF7a,ORF7b,ORF8,N,ORF9b	"When processing gene ""ORF1a"": The extracted gene sequence is empty or consists entirely from gaps;When processing gene ""ORF6"": The extracted gene sequence is empty or consists entirely from gaps;When processing gene ""ORF7a"": The extracted gene sequence is empty or consists entirely from gaps;When processing gene ""ORF7b"": The extracted gene sequence is empty or consists entirely from gaps;When processing gene ""ORF8"": The extracted gene sequence is empty or consists entirely from gaps;When processing gene ""N"": The extracted gene sequence is empty or consists entirely from gaps;When processing gene ""ORF9b"": The extracted gene sequence is empty or consists entirely from gaps"	
398	1191_sub0	21J	21J (Delta)	Delta	21J	B.1.617.2.4	AY.4	506.250000	bad	12	8	1	3	0	0	11	5	0	379	18379	20678	26839	0.206066280975153	E:1,M:0.47085201793721976,ORF1b:0.1083086053412463,ORF3a:1,S:0.7032967032967034	false	C21618G,C21846T,G21987A,T22917G,C22995A,A23403G,C23604G,C23987T,G24410A,G24914T,C25469T,T26767C	22031-22035,22955,24674,25376	24886:T	S:159-464,S:1039-1108,S:1273-1274	M:I82T,ORF3a:S26L,S:T19R,S:T95I,S:G142D,S:T478K,S:D614G,S:P681R,S:P809S,S:D950N,S:D1118Y	S:F157-,S:R158-,S:E465-,S:K1038-,S:Y1272-				C23987T,G24914T	0	0	2	2		NODE_0000627	C21846T,C23987T,G24914T	22035,22955,24674,25376	S:T95I,S:-156E,S:P809S,S:D1118Y	S:G158-,S:E465-,S:K1038-,S:Y1272-	NODE_0000676	C23987T,G24914T	22035,22955,24674,25376	S:-156E,S:P809S,S:D1118Y	S:G158-,S:E465-,S:K1038-,S:Y1272-	N/A	N/A	N/A	N/A	N/A	N/A	N/A	N/A	N/A	N/A	ORF1b:2404,S:159-464,S:1039-1108,S:1273-1274		3000	0	good	0	10	0	good	0	24	-2	0	good	6		0	good	0	S:159-464,S:1039-1108,S:1273-1274	3		0	225	bad		0	0	good	0		ORF1a,ORF6,ORF7a,ORF7b,ORF8,N,ORF9b	"When processing gene ""ORF1a"": The extracted gene sequence is empty or consists entirely from gaps;When processing gene ""ORF6"": The extracted gene sequence is empty or consists entirely from gaps;When processing gene ""ORF7a"": The extracted gene sequence is empty or consists entirely from gaps;When processing gene ""ORF7b"": The extracted gene sequence is empty or consists entirely from gaps;When processing gene ""ORF8"": The extracted gene sequence is empty or consists entirely from gaps;When processing gene ""N"": The extracted gene sequence is empty or consists entirely from gaps;When processing gene ""ORF9b"": The extracted gene sequence is empty or consists entirely from gaps"	
395	1359_sub0	21J	21J (Delta)	Delta	21J	B.1.617.2.4	AY.4	225	bad	13	8	0	2	0	0	8	3	0	636	18380	20678	26839	0.206066280975153	E:1,M:0.47085201793721976,ORF1b:0.1083086053412463,ORF3a:1,S:0.5015698587127159	false	C21618G,C21781A,C21846T,G21987A,T22917G,C22995A,A23403G,C23604G,C23987T,G24410A,G24914T,C25469T,T26767C	21905,22030-22033,22211,23781-23782		S:116-216,S:741-1274	M:I82T,ORF3a:S26L,S:T19R,S:T95I,S:L452R,S:T478K,S:D614G,S:P681R	S:Q115-,S:P217-,S:M740-				C21781A,C23987T,G24914T	0	0	3	3		NODE_0000627	C21781A,C21846T,C23987T,G24914T	21905,22211,23781-23782	S:T95I	S:Q115-,S:P217-,S:M740-	NODE_0000676	C21781A,C23987T,G24914T	21905,22211,23781-23782		S:Q115-,S:P217-,S:M740-	N/A	N/A	N/A	N/A	N/A	N/A	N/A	N/A	N/A	N/A	ORF1b:2404,S:116-216,S:741-1274		3000	0	good	0	10	0	good	0	24	-2	0	good	6		0	good	0	S:116-216,S:741-1274	2		0	150	bad		0	0	good	0		ORF1a,ORF6,ORF7a,ORF7b,ORF8,N,ORF9b	"When processing gene ""ORF1a"": The extracted gene sequence is empty or consists entirely from gaps;When processing gene ""ORF6"": The extracted gene sequence is empty or consists entirely from gaps;When processing gene ""ORF7a"": The extracted gene sequence is empty or consists entirely from gaps;When processing gene ""ORF7b"": The extracted gene sequence is empty or consists entirely from gaps;When processing gene ""ORF8"": The extracted gene sequence is empty or consists entirely from gaps;When processing gene ""N"": The extracted gene sequence is empty or consists entirely from gaps;When processing gene ""ORF9b"": The extracted gene sequence is empty or consists entirely from gaps"	
374	1062_sub0	21J	21J (Delta)	Delta	21J	B.1.617.2.4	AY.4	56.250000	mediocre	13	7	2	1	0	0	10	2	0	471	18391	20678	26839	0.206066280975153	E:1,M:0.47085201793721976,ORF1b:0.1083086053412463,ORF3a:1,S:0.631083202511774	false	C21618G,C21846T,G21987A,T22917G,C22995A,A23403G,C23604G,C23987T,G24410A,C24446T,G24914T,C25469T,T26767C	22029-22034,25367	23974:AA	S:805-1274	M:I82T,ORF3a:S26L,S:T19R,S:T95I,S:G142D,S:R158G,S:L452R,S:T478K,S:D614G,S:P681R	S:E156-,S:F157-				C23987T,C24446T,G24914T	0	0	3	3		NODE_0000627	C21846T,C23987T,C24446T,G24914T	25367	S:T95I		NODE_0000676	C23987T,C24446T,G24914T	25367			N/A	N/A	N/A	N/A	N/A	N/A	N/A	N/A	N/A	N/A	ORF1b:2404,S:805-1274		3000	0	good	0	10	0	good	0	24	-4	0	good	4		0	good	0	S:805-1274	1		0	75	mediocre		0	0	good	0		ORF1a,ORF6,ORF7a,ORF7b,ORF8,N,ORF9b	"When processing gene ""ORF1a"": The extracted gene sequence is empty or consists entirely from gaps;When processing gene ""ORF6"": The extracted gene sequence is empty or consists entirely from gaps;When processing gene ""ORF7a"": The extracted gene sequence is empty or consists entirely from gaps;When processing gene ""ORF7b"": The extracted gene sequence is empty or consists entirely from gaps;When processing gene ""ORF8"": The extracted gene sequence is empty or consists entirely from gaps;When processing gene ""N"": The extracted gene sequence is empty or consists entirely from gaps;When processing gene ""ORF9b"": The extracted gene sequence is empty or consists entirely from gaps"	
397	24_sub0	21J	21J (Delta)	Delta	21J	B.1.617.2.4	AY.4	226.562500	bad	19	6	1	2	0	0	7	4	0	1270	18364	20678	26839	0.206066280975153	E:1,M:0,ORF1b:0.1083086053412463,ORF3a:1,S:0.12872841444270017	false	T20939C,C21618G,C21846T,G21987A,A22029T,G22030T,T22917G,C22995A,A23403G,C23604G,T23830G,C23987T,G24410A,G24914T,C25469T,T25620G,G25621T,A26014G,T26767C	22031-22034,23975,25367	26714:T	S:159-1268,M:65-223	ORF1b:L2491P,ORF3a:S26L,ORF3a:V77F,ORF3a:T208A,S:T19R,S:T95I,S:G142D	S:E156-,S:F157-,S:R158-,S:K1269-				T20939C,-22029T,-22030T,T23830G,C23987T,G24914T,T25620G,G25621T,A26014G	0	0	9	9		NODE_0000627	T20939C,C21846T,-22029T,-22030T,T23830G,C23987T,G24914T,T25620G,G25621T,A26014G	23975,25367	ORF1b:L2491P,ORF3a:V77F,ORF3a:T208A,S:T95I	S:G158-,S:K1269-	NODE_0000676	T20939C,-22029T,-22030T,T23830G,C23987T,G24914T,T25620G,G25621T,A26014G	23975,25367	ORF1b:L2491P,ORF3a:V77F,ORF3a:T208A	S:G158-,S:K1269-	N/A	N/A	N/A	N/A	N/A	N/A	N/A	N/A	N/A	N/A	ORF1b:2404,S:159-1268,M:65-223		3000	0	good	0	10	0	good	0	24	3	12.500000	good	11		0	good	0	S:159-1268,M:65-223	2		0	150	bad		0	0	good	0		ORF1a,ORF6,ORF7a,ORF7b,ORF8,N,ORF9b	"When processing gene ""ORF1a"": The extracted gene sequence is empty or consists entirely from gaps;When processing gene ""ORF6"": The extracted gene sequence is empty or consists entirely from gaps;When processing gene ""ORF7a"": The extracted gene sequence is empty or consists entirely from gaps;When processing gene ""ORF7b"": The extracted gene sequence is empty or consists entirely from gaps;When processing gene ""ORF8"": The extracted gene sequence is empty or consists entirely from gaps;When processing gene ""N"": The extracted gene sequence is empty or consists entirely from gaps;When processing gene ""ORF9b"": The extracted gene sequence is empty or consists entirely from gaps"	
389	2307_sub0	21J	21J (Delta)	Delta	21J	B.1.617.2.4	AY.4	56.250000	mediocre	13	4	0	1	0	0	5	2	0	1118	18414	20678	26839	0.206066280975153	E:1,M:0.47085201793721976,ORF1b:0.1083086053412463,ORF3a:1,S:0.12323390894819466	false	C21618G,C21846T,G21987A,T22917G,C22995A,A23403G,C23604G,G23775T,C23987T,G24410A,G24914T,C25469T,T26767C	22030-22033		S:158-1274	M:I82T,ORF3a:S26L,S:T19R,S:T95I,S:G142D	S:E156-,S:F157-				G23775T,C23987T,G24914T	0	0	3	3		NODE_0000627	C21846T,G23775T,C23987T,G24914T		S:T95I		NODE_0000676	G23775T,C23987T,G24914T				N/A	N/A	N/A	N/A	N/A	N/A	N/A	N/A	N/A	N/A	ORF1b:2404,S:158-1274		3000	0	good	0	10	0	good	0	24	-5	0	good	3		0	good	0	S:158-1274	1		0	75	mediocre		0	0	good	0		ORF1a,ORF6,ORF7a,ORF7b,ORF8,N,ORF9b	"When processing gene ""ORF1a"": The extracted gene sequence is empty or consists entirely from gaps;When processing gene ""ORF6"": The extracted gene sequence is empty or consists entirely from gaps;When processing gene ""ORF7a"": The extracted gene sequence is empty or consists entirely from gaps;When processing gene ""ORF7b"": The extracted gene sequence is empty or consists entirely from gaps;When processing gene ""ORF8"": The extracted gene sequence is empty or consists entirely from gaps;When processing gene ""N"": The extracted gene sequence is empty or consists entirely from gaps;When processing gene ""ORF9b"": The extracted gene sequence is empty or consists entirely from gaps"	
394	579_sub0	21J	21J (Delta)	Delta	21J	B.1.617.2.4	AY.4	56.250000	mediocre	13	7	0	1	0	0	11	3	0	473	18398	20678	26839	0.206066280975153	E:1,M:0.47085201793721976,ORF1b:0.1083086053412463,ORF3a:1,S:0.6295133437990581	false	C21618G,C21846T,T21896C,G21987A,T22917G,C22995A,A23403G,C23604G,C23987T,G24410A,G24914T,C25469T,T26767C	22029-22034,23966		S:803-1274	M:I82T,ORF3a:S26L,S:T19R,S:T95I,S:S112P,S:G142D,S:R158G,S:L452R,S:T478K,S:D614G,S:P681R	S:E156-,S:F157-,S:F802-				T21896C,C23987T,G24914T	0	0	3	3		NODE_0000627	C21846T,T21896C,C23987T,G24914T	23966	S:T95I,S:S112P	S:F802-	NODE_0000676	T21896C,C23987T,G24914T	23966	S:S112P	S:F802-	N/A	N/A	N/A	N/A	N/A	N/A	N/A	N/A	N/A	N/A	ORF1b:2404,S:803-1274		3000	0	good	0	10	0	good	0	24	-4	0	good	4		0	good	0	S:803-1274	1		0	75	mediocre		0	0	good	0		ORF1a,ORF6,ORF7a,ORF7b,ORF8,N,ORF9b	"When processing gene ""ORF1a"": The extracted gene sequence is empty or consists entirely from gaps;When processing gene ""ORF6"": The extracted gene sequence is empty or consists entirely from gaps;When processing gene ""ORF7a"": The extracted gene sequence is empty or consists entirely from gaps;When processing gene ""ORF7b"": The extracted gene sequence is empty or consists entirely from gaps;When processing gene ""ORF8"": The extracted gene sequence is empty or consists entirely from gaps;When processing gene ""N"": The extracted gene sequence is empty or consists entirely from gaps;When processing gene ""ORF9b"": The extracted gene sequence is empty or consists entirely from gaps"	
388	232_sub0	21J	21J (Delta)	Delta	21J	B.1.617.2.4	AY.4	56.250000	mediocre	13	7	0	1	0	0	14	3	0	21	18398	20678	26839	0.206066280975153	E:0.7368421052631579,M:0.47085201793721976,ORF1b:0.1083086053412463,ORF3a:1,S:1	false	A21098G,C21618G,C21846T,G21987A,T22917G,C22995A,A23403G,C23604G,C23987T,G24410A,G24914T,C25469T,T26767C	22029-22034,26410		E:57-76	M:I82T,ORF1b:E2544G,ORF3a:S26L,S:T19R,S:T95I,S:G142D,S:R158G,S:L452R,S:T478K,S:D614G,S:P681R,S:P809S,S:D950N,S:D1118Y	E:F56-,S:E156-,S:F157-				A21098G,C23987T,G24914T	0	0	3	3		NODE_0000627	A21098G,C21846T,C23987T,G24914T	26410	ORF1b:E2544G,S:T95I,S:P809S,S:D1118Y	E:F56-	NODE_0000676	A21098G,C23987T,G24914T	26410	ORF1b:E2544G,S:P809S,S:D1118Y	E:F56-	N/A	N/A	N/A	N/A	N/A	N/A	N/A	N/A	N/A	N/A	ORF1b:2404,E:57-76		3000	0	good	0	10	0	good	0	24	-4	0	good	4		0	good	0	E:57-76	1		0	75	mediocre		0	0	good	0		ORF1a,ORF6,ORF7a,ORF7b,ORF8,N,ORF9b	"When processing gene ""ORF1a"": The extracted gene sequence is empty or consists entirely from gaps;When processing gene ""ORF6"": The extracted gene sequence is empty or consists entirely from gaps;When processing gene ""ORF7a"": The extracted gene sequence is empty or consists entirely from gaps;When processing gene ""ORF7b"": The extracted gene sequence is empty or consists entirely from gaps;When processing gene ""ORF8"": The extracted gene sequence is empty or consists entirely from gaps;When processing gene ""N"": The extracted gene sequence is empty or consists entirely from gaps;When processing gene ""ORF9b"": The extracted gene sequence is empty or consists entirely from gaps"	
399	1528_sub0	21J	21J (Delta)	Delta	21J	B.1.617.2.4	AY.4	56.250000	mediocre	12	8	1	1	0	0	11	3	0	447	18384	20678	26839	0.206066280975153	E:1,M:0.47085201793721976,ORF1b:0.1083086053412463,ORF3a:1,S:0.6499215070643642	false	C21618G,C21846T,G21987A,T22917G,C22995A,A23403G,C23604G,C23987T,G24410A,G24914T,C25469T,T26767C	22029-22034,24045,24774	25384:A	S:829-1274	M:I82T,ORF3a:S26L,S:T19R,S:T95I,S:G142D,S:R158G,S:L452R,S:T478K,S:D614G,S:P681R,S:P809S	S:E156-,S:F157-,S:L828-				C23987T,G24914T	0	0	2	2		NODE_0000627	C21846T,C23987T,G24914T	24045,24774	S:T95I,S:P809S	S:L828-	NODE_0000676	C23987T,G24914T	24045,24774	S:P809S	S:L828-	N/A	N/A	N/A	N/A	N/A	N/A	N/A	N/A	N/A	N/A	ORF1b:2404,S:829-1274		3000	0	good	0	10	0	good	0	24	-4	0	good	4		0	good	0	S:829-1274	1		0	75	mediocre		0	0	good	0		ORF1a,ORF6,ORF7a,ORF7b,ORF8,N,ORF9b	"When processing gene ""ORF1a"": The extracted gene sequence is empty or consists entirely from gaps;When processing gene ""ORF6"": The extracted gene sequence is empty or consists entirely from gaps;When processing gene ""ORF7a"": The extracted gene sequence is empty or consists entirely from gaps;When processing gene ""ORF7b"": The extracted gene sequence is empty or consists entirely from gaps;When processing gene ""ORF8"": The extracted gene sequence is empty or consists entirely from gaps;When processing gene ""N"": The extracted gene sequence is empty or consists entirely from gaps;When processing gene ""ORF9b"": The extracted gene sequence is empty or consists entirely from gaps"	
406	6212_sub0	21J	21J (Delta)	Delta	21J	B.1.617.2.4	AY.4	0	good	13	6	0	0	0	0	13	2	0	1	18408	20678	26839	0.206066280975153	E:1,M:0.47085201793721976,ORF1b:0.1083086053412463,ORF3a:1,S:1	false	C21618G,C21846T,A21979G,G21987A,T22917G,C22995A,A23403G,C23604G,C23987T,G24410A,G24914T,C25469T,T26767C	22029-22034			M:I82T,ORF3a:S26L,S:T19R,S:T95I,S:G142D,S:R158G,S:L452R,S:T478K,S:D614G,S:P681R,S:P809S,S:D950N,S:D1118Y	S:E156-,S:F157-				A21979G,C23987T,G24914T	0	0	3	3		NODE_0000627	C21846T,A21979G,C23987T,G24914T		S:T95I,S:P809S,S:D1118Y		NODE_0000676	A21979G,C23987T,G24914T		S:P809S,S:D1118Y		N/A	N/A	N/A	N/A	N/A	N/A	N/A	N/A	N/A	N/A	ORF1b:2404		3000	0	good	0	10	0	good	0	24	-5	0	good	3		0	good	0		0		0	0	good		0	0	good	0		ORF1a,ORF6,ORF7a,ORF7b,ORF8,N,ORF9b	"When processing gene ""ORF1a"": The extracted gene sequence is empty or consists entirely from gaps;When processing gene ""ORF6"": The extracted gene sequence is empty or consists entirely from gaps;When processing gene ""ORF7a"": The extracted gene sequence is empty or consists entirely from gaps;When processing gene ""ORF7b"": The extracted gene sequence is empty or consists entirely from gaps;When processing gene ""ORF8"": The extracted gene sequence is empty or consists entirely from gaps;When processing gene ""N"": The extracted gene sequence is empty or consists entirely from gaps;When processing gene ""ORF9b"": The extracted gene sequence is empty or consists entirely from gaps"	
391	1073_sub0	21J	21J (Delta)	Delta	21J	B.1.617.2.4	AY.4	261.111111	bad	21	40	26	2	0	0	12	7	0	1122	18253	20678	26839	0.206066280975153	E:1,M:0.47085201793721976,ORF1b:0.1083086053412463,ORF3a:0.9855072463768116,S:0.12323390894819466	false	C21618G,C21846T,G21987A,G22030A,C22033A,T22917G,C22995A,A23403G,C23604G,C23987T,G24410A,G24914T,C25469T,A25890C,C25901G,T25902A,T25903G,C25904A,A25910G,T25911G,T26767C	22031-22032,25892-25899,25915-25944	25908:GGGGGGGGGGGGGGGGGGGGGGGGGG	S:158-1274,ORF3a:170-172	M:I82T,ORF3a:S26L,ORF3a:D173G,ORF3a:I179G,ORF3a:S180G,ORF3a:E181G,ORF3a:H182G,ORF3a:D183G,ORF3a:Y184G,S:T19R,S:T95I,S:G142D	ORF3a:V168-,ORF3a:I169-,ORF3a:T175-,ORF3a:T176-,ORF3a:S177-,ORF3a:P178-,S:F157-			-22033A|24A&24E&22D&23C&24C&23F&24F&24B&rec&23I&24G&25A&24H&24D&24I&25B&25C	-22030A,C23987T,G24914T,A25890C,C25901G,T25902A,T25903G,C25904A,A25910G,T25911G	0	1	10	11		NODE_0000627	C21846T,-22030A,-22033A,C23987T,G24914T,A25890C,C25901G,T25902A,T25903G,C25904A,A25910G,T25911G	25892-25899,25915-25944	ORF3a:D173G,ORF3a:I179G,ORF3a:S180G,ORF3a:E181G,ORF3a:H182G,ORF3a:D183G,ORF3a:Y184G,S:T95I,S:-156E	ORF3a:V168-,ORF3a:I169-,ORF3a:T175-,ORF3a:T176-,ORF3a:S177-,ORF3a:P178-	NODE_0000676	-22030A,-22033A,C23987T,G24914T,A25890C,C25901G,T25902A,T25903G,C25904A,A25910G,T25911G	25892-25899,25915-25944	ORF3a:D173G,ORF3a:I179G,ORF3a:S180G,ORF3a:E181G,ORF3a:H182G,ORF3a:D183G,ORF3a:Y184G,S:-156E	ORF3a:V168-,ORF3a:I169-,ORF3a:T175-,ORF3a:T176-,ORF3a:S177-,ORF3a:P178-	N/A	N/A	N/A	N/A	N/A	N/A	N/A	N/A	N/A	N/A	ORF1b:2404,S:158-1274,ORF3a:167,ORF3a:170-172		3000	0	good	0	10	0	good	0	24	8	33.333333	mediocre	16	25890-25910:7	50	mediocre	7	S:158-1274,ORF3a:170-172	2		0	150	bad		0	0	good	0		ORF1a,ORF6,ORF7a,ORF7b,ORF8,N,ORF9b	"When processing gene ""ORF1a"": The extracted gene sequence is empty or consists entirely from gaps;When processing gene ""ORF6"": The extracted gene sequence is empty or consists entirely from gaps;When processing gene ""ORF7a"": The extracted gene sequence is empty or consists entirely from gaps;When processing gene ""ORF7b"": The extracted gene sequence is empty or consists entirely from gaps;When processing gene ""ORF8"": The extracted gene sequence is empty or consists entirely from gaps;When processing gene ""N"": The extracted gene sequence is empty or consists entirely from gaps;When processing gene ""ORF9b"": The extracted gene sequence is empty or consists entirely from gaps"	
404	471_sub0	21J	21J (Delta)	Delta	21J	B.1.617.2.4	AY.4	56.250000	mediocre	12	7	0	1	0	0	12	3	0	204	18401	20678	26839	0.206066280975153	E:1,M:0.47085201793721976,ORF1b:0.1083086053412463,ORF3a:1,S:0.8406593406593407	false	C21618G,C21846T,G21987A,T22917G,C22995A,A23403G,C23604G,C23987T,G24410A,G24914T,C25469T,T26767C	22029-22034,24774		S:1072-1274	M:I82T,ORF3a:S26L,S:T19R,S:T95I,S:G142D,S:R158G,S:L452R,S:T478K,S:D614G,S:P681R,S:P809S,S:D950N	S:E156-,S:F157-,S:Q1071-				C23987T,G24914T	0	0	2	2		NODE_0000627	C21846T,C23987T,G24914T	24774	S:T95I,S:P809S	S:Q1071-	NODE_0000676	C23987T,G24914T	24774	S:P809S	S:Q1071-	N/A	N/A	N/A	N/A	N/A	N/A	N/A	N/A	N/A	N/A	ORF1b:2404,S:1072-1274		3000	0	good	0	10	0	good	0	24	-5	0	good	3		0	good	0	S:1072-1274	1		0	75	mediocre		0	0	good	0		ORF1a,ORF6,ORF7a,ORF7b,ORF8,N,ORF9b	"When processing gene ""ORF1a"": The extracted gene sequence is empty or consists entirely from gaps;When processing gene ""ORF6"": The extracted gene sequence is empty or consists entirely from gaps;When processing gene ""ORF7a"": The extracted gene sequence is empty or consists entirely from gaps;When processing gene ""ORF7b"": The extracted gene sequence is empty or consists entirely from gaps;When processing gene ""ORF8"": The extracted gene sequence is empty or consists entirely from gaps;When processing gene ""N"": The extracted gene sequence is empty or consists entirely from gaps;When processing gene ""ORF9b"": The extracted gene sequence is empty or consists entirely from gaps"	
401	1772_sub0	21J	21J (Delta)	Delta	21J	B.1.617.2.4	AY.4	56.250000	mediocre	13	4	0	1	0	0	5	2	0	1118	18414	20678	26839	0.206066280975153	E:1,M:0.47085201793721976,ORF1b:0.1083086053412463,ORF3a:1,S:0.12323390894819466	false	C21618G,T21784C,C21846T,G21987A,T22917G,C22995A,A23403G,C23604G,C23987T,G24410A,G24914T,C25469T,T26767C	22030-22033		S:158-1274	M:I82T,ORF3a:S26L,S:T19R,S:T95I,S:G142D	S:E156-,S:F157-				T21784C,C23987T,G24914T	0	0	3	3		NODE_0000627	T21784C,C21846T,C23987T,G24914T		S:T95I		NODE_0000676	T21784C,C23987T,G24914T				N/A	N/A	N/A	N/A	N/A	N/A	N/A	N/A	N/A	N/A	ORF1b:2404,S:158-1274		3000	0	good	0	10	0	good	0	24	-5	0	good	3		0	good	0	S:158-1274	1		0	75	mediocre		0	0	good	0		ORF1a,ORF6,ORF7a,ORF7b,ORF8,N,ORF9b	"When processing gene ""ORF1a"": The extracted gene sequence is empty or consists entirely from gaps;When processing gene ""ORF6"": The extracted gene sequence is empty or consists entirely from gaps;When processing gene ""ORF7a"": The extracted gene sequence is empty or consists entirely from gaps;When processing gene ""ORF7b"": The extracted gene sequence is empty or consists entirely from gaps;When processing gene ""ORF8"": The extracted gene sequence is empty or consists entirely from gaps;When processing gene ""N"": The extracted gene sequence is empty or consists entirely from gaps;When processing gene ""ORF9b"": The extracted gene sequence is empty or consists entirely from gaps"	
387	449_sub0	21J	21J (Delta)	Delta	21J	B.1.617.2.4	AY.4	56.250000	mediocre	12	5	0	1	0	0	5	2	0	1117	18416	20678	26839	0.206066280975153	E:1,M:0.47085201793721976,ORF1b:0.1083086053412463,ORF3a:1,S:0.12401883830455258	false	C21618G,C21846T,G21987A,T22917G,C22995A,A23403G,C23604G,C23987T,G24410A,G24914T,C25469T,T26767C	22031-22035		S:159-1274	M:I82T,ORF3a:S26L,S:T19R,S:T95I,S:G142D	S:F157-,S:R158-				C23987T,G24914T	0	0	2	2		NODE_0000627	C21846T,C23987T,G24914T	22035	S:T95I,S:-156E	S:G158-	NODE_0000676	C23987T,G24914T	22035	S:-156E	S:G158-	N/A	N/A	N/A	N/A	N/A	N/A	N/A	N/A	N/A	N/A	ORF1b:2404,S:159-1274		3000	0	good	0	10	0	good	0	24	-5	0	good	3		0	good	0	S:159-1274	1		0	75	mediocre		0	0	good	0		ORF1a,ORF6,ORF7a,ORF7b,ORF8,N,ORF9b	"When processing gene ""ORF1a"": The extracted gene sequence is empty or consists entirely from gaps;When processing gene ""ORF6"": The extracted gene sequence is empty or consists entirely from gaps;When processing gene ""ORF7a"": The extracted gene sequence is empty or consists entirely from gaps;When processing gene ""ORF7b"": The extracted gene sequence is empty or consists entirely from gaps;When processing gene ""ORF8"": The extracted gene sequence is empty or consists entirely from gaps;When processing gene ""N"": The extracted gene sequence is empty or consists entirely from gaps;When processing gene ""ORF9b"": The extracted gene sequence is empty or consists entirely from gaps"	
402	2242_sub0	21J	21J (Delta)	Delta	21J	B.1.617.2.4	AY.4	56.250000	mediocre	13	7	0	1	0	0	13	3	0	204	18397	20678	26839	0.206066280975153	E:1,M:0.47085201793721976,ORF1b:0.1083086053412463,ORF3a:1,S:0.8406593406593407	false	C21618G,C21846T,G21987A,T22917G,C22995A,A23251T,A23403G,C23604G,C23987T,G24410A,G24914T,C25469T,T26767C	22029-22034,24774		S:1072-1274	M:I82T,ORF3a:S26L,S:T19R,S:T95I,S:G142D,S:R158G,S:L452R,S:T478K,S:Q563H,S:D614G,S:P681R,S:P809S,S:D950N	S:E156-,S:F157-,S:Q1071-				A23251T,C23987T,G24914T	0	0	3	3		NODE_0000627	C21846T,A23251T,C23987T,G24914T	24774	S:T95I,S:Q563H,S:P809S	S:Q1071-	NODE_0000676	A23251T,C23987T,G24914T	24774	S:Q563H,S:P809S	S:Q1071-	N/A	N/A	N/A	N/A	N/A	N/A	N/A	N/A	N/A	N/A	ORF1b:2404,S:1072-1274		3000	0	good	0	10	0	good	0	24	-4	0	good	4		0	good	0	S:1072-1274	1		0	75	mediocre		0	0	good	0		ORF1a,ORF6,ORF7a,ORF7b,ORF8,N,ORF9b	"When processing gene ""ORF1a"": The extracted gene sequence is empty or consists entirely from gaps;When processing gene ""ORF6"": The extracted gene sequence is empty or consists entirely from gaps;When processing gene ""ORF7a"": The extracted gene sequence is empty or consists entirely from gaps;When processing gene ""ORF7b"": The extracted gene sequence is empty or consists entirely from gaps;When processing gene ""ORF8"": The extracted gene sequence is empty or consists entirely from gaps;When processing gene ""N"": The extracted gene sequence is empty or consists entirely from gaps;When processing gene ""ORF9b"": The extracted gene sequence is empty or consists entirely from gaps"	
409	1072_sub0	21J	21J (Delta)	Delta	21J	B.1.617.2.4	AY.4	56.250000	mediocre	13	5	0	1	0	0	5	2	0	1117	18412	20678	26839	0.206066280975153	E:1,M:0.47085201793721976,ORF1b:0.1083086053412463,ORF3a:1,S:0.12401883830455258	false	G21138A,C21618G,C21846T,G21987A,T22917G,C22995A,A23403G,C23604G,C23987T,G24410A,G24914T,C25469T,T26767C	22031-22035		S:159-1274	M:I82T,ORF3a:S26L,S:T19R,S:T95I,S:G142D	S:F157-,S:R158-				G21138A,C23987T,G24914T	0	0	3	3		NODE_0000627	G21138A,C21846T,C23987T,G24914T	22035	S:T95I,S:-156E	S:G158-	NODE_0000676	G21138A,C23987T,G24914T	22035	S:-156E	S:G158-	N/A	N/A	N/A	N/A	N/A	N/A	N/A	N/A	N/A	N/A	ORF1b:2404,S:159-1274		3000	0	good	0	10	0	good	0	24	-4	0	good	4		0	good	0	S:159-1274	1		0	75	mediocre		0	0	good	0		ORF1a,ORF6,ORF7a,ORF7b,ORF8,N,ORF9b	"When processing gene ""ORF1a"": The extracted gene sequence is empty or consists entirely from gaps;When processing gene ""ORF6"": The extracted gene sequence is empty or consists entirely from gaps;When processing gene ""ORF7a"": The extracted gene sequence is empty or consists entirely from gaps;When processing gene ""ORF7b"": The extracted gene sequence is empty or consists entirely from gaps;When processing gene ""ORF8"": The extracted gene sequence is empty or consists entirely from gaps;When processing gene ""N"": The extracted gene sequence is empty or consists entirely from gaps;When processing gene ""ORF9b"": The extracted gene sequence is empty or consists entirely from gaps"	
403	433_sub0	21J	21J (Delta)	Delta	21J	B.1.617.2.4	AY.4	0	good	13	6	0	0	0	0	14	2	0	1	18408	20678	26839	0.206066280975153	E:1,M:0.47085201793721976,ORF1b:0.1083086053412463,ORF3a:1,S:1	false	T21236C,C21618G,C21846T,G21987A,T22917G,C22995A,A23403G,C23604G,C23987T,G24410A,G24914T,C25469T,T26767C	22029-22034			M:I82T,ORF1b:F2590S,ORF3a:S26L,S:T19R,S:T95I,S:G142D,S:R158G,S:L452R,S:T478K,S:D614G,S:P681R,S:P809S,S:D950N,S:D1118Y	S:E156-,S:F157-				T21236C,C23987T,G24914T	0	0	3	3		NODE_0000627	T21236C,C21846T,C23987T,G24914T		ORF1b:F2590S,S:T95I,S:P809S,S:D1118Y		NODE_0000676	T21236C,C23987T,G24914T		ORF1b:F2590S,S:P809S,S:D1118Y		N/A	N/A	N/A	N/A	N/A	N/A	N/A	N/A	N/A	N/A	ORF1b:2404		3000	0	good	0	10	0	good	0	24	-5	0	good	3		0	good	0		0		0	0	good		0	0	good	0		ORF1a,ORF6,ORF7a,ORF7b,ORF8,N,ORF9b	"When processing gene ""ORF1a"": The extracted gene sequence is empty or consists entirely from gaps;When processing gene ""ORF6"": The extracted gene sequence is empty or consists entirely from gaps;When processing gene ""ORF7a"": The extracted gene sequence is empty or consists entirely from gaps;When processing gene ""ORF7b"": The extracted gene sequence is empty or consists entirely from gaps;When processing gene ""ORF8"": The extracted gene sequence is empty or consists entirely from gaps;When processing gene ""N"": The extracted gene sequence is empty or consists entirely from gaps;When processing gene ""ORF9b"": The extracted gene sequence is empty or consists entirely from gaps"	
405	6059_sub0	21J	21J (Delta)	Delta	21J	B.1.617.2.4	AY.4	0	good	14	6	0	0	0	0	14	2	0	1	18404	20678	26839	0.206066280975153	E:1,M:0.47085201793721976,ORF1b:0.1083086053412463,ORF3a:1,S:1	false	C21618G,C21846T,G21987A,T22917G,C22995A,A23403G,C23604G,C23987T,G24410A,T24648C,G24914T,C25469T,T26495C,T26767C	22029-22034			M:I82T,ORF3a:S26L,S:T19R,S:T95I,S:G142D,S:R158G,S:L452R,S:T478K,S:D614G,S:P681R,S:P809S,S:D950N,S:M1029T,S:D1118Y	S:E156-,S:F157-				C23987T,T24648C,G24914T,T26495C	0	0	4	4		NODE_0000627	C21846T,C23987T,T24648C,G24914T,T26495C		S:T95I,S:P809S,S:M1029T,S:D1118Y		NODE_0000676	C23987T,T24648C,G24914T,T26495C		S:P809S,S:M1029T,S:D1118Y		N/A	N/A	N/A	N/A	N/A	N/A	N/A	N/A	N/A	N/A	ORF1b:2404		3000	0	good	0	10	0	good	0	24	-4	0	good	4		0	good	0		0		0	0	good		0	0	good	0		ORF1a,ORF6,ORF7a,ORF7b,ORF8,N,ORF9b	"When processing gene ""ORF1a"": The extracted gene sequence is empty or consists entirely from gaps;When processing gene ""ORF6"": The extracted gene sequence is empty or consists entirely from gaps;When processing gene ""ORF7a"": The extracted gene sequence is empty or consists entirely from gaps;When processing gene ""ORF7b"": The extracted gene sequence is empty or consists entirely from gaps;When processing gene ""ORF8"": The extracted gene sequence is empty or consists entirely from gaps;When processing gene ""N"": The extracted gene sequence is empty or consists entirely from gaps;When processing gene ""ORF9b"": The extracted gene sequence is empty or consists entirely from gaps"	
410	1120_sub0	21J	21J (Delta)	Delta	21J	B.1.617.2.4	AY.4	0	good	13	6	0	0	0	0	13	2	0	1	18408	20678	26839	0.206066280975153	E:1,M:0.47085201793721976,ORF1b:0.1083086053412463,ORF3a:1,S:1	false	C21618G,C21846T,T21889G,G21987A,T22917G,C22995A,A23403G,C23604G,C23987T,G24410A,G24914T,C25469T,T26767C	22029-22034			M:I82T,ORF3a:S26L,S:T19R,S:T95I,S:G142D,S:R158G,S:L452R,S:T478K,S:D614G,S:P681R,S:P809S,S:D950N,S:D1118Y	S:E156-,S:F157-				T21889G,C23987T,G24914T	0	0	3	3		NODE_0000627	C21846T,T21889G,C23987T,G24914T		S:T95I,S:P809S,S:D1118Y		NODE_0000676	T21889G,C23987T,G24914T		S:P809S,S:D1118Y		N/A	N/A	N/A	N/A	N/A	N/A	N/A	N/A	N/A	N/A	ORF1b:2404		3000	0	good	0	10	0	good	0	24	-5	0	good	3		0	good	0		0		0	0	good		0	0	good	0		ORF1a,ORF6,ORF7a,ORF7b,ORF8,N,ORF9b	"When processing gene ""ORF1a"": The extracted gene sequence is empty or consists entirely from gaps;When processing gene ""ORF6"": The extracted gene sequence is empty or consists entirely from gaps;When processing gene ""ORF7a"": The extracted gene sequence is empty or consists entirely from gaps;When processing gene ""ORF7b"": The extracted gene sequence is empty or consists entirely from gaps;When processing gene ""ORF8"": The extracted gene sequence is empty or consists entirely from gaps;When processing gene ""N"": The extracted gene sequence is empty or consists entirely from gaps;When processing gene ""ORF9b"": The extracted gene sequence is empty or consists entirely from gaps"	
407	1808_sub0	21J	21J (Delta)	Delta	21J	B.1.617.2.4	AY.4	225	bad	13	6	0	2	0	0	5	3	0	1361	18402	20678	26839	0.206066280975153	E:1,M:0.47085201793721976,ORF1b:0.1083086053412463,ORF3a:0.11594202898550725,S:0.12401883830455258	false	C21618G,C21846T,G21987A,T22917G,C22995A,A23403G,C23604G,C23987T,T24185C,G24410A,G24914T,C25469T,T26767C	22031-22035,25486		S:159-1274,ORF3a:33-276	M:I82T,ORF3a:S26L,S:T19R,S:T95I,S:G142D	ORF3a:T32-,S:F157-,S:R158-				C23987T,T24185C,G24914T	0	0	3	3		NODE_0000627	C21846T,C23987T,T24185C,G24914T	22035,25486	S:T95I,S:-156E	ORF3a:T32-,S:G158-	NODE_0000676	C23987T,T24185C,G24914T	22035,25486	S:-156E	ORF3a:T32-,S:G158-	N/A	N/A	N/A	N/A	N/A	N/A	N/A	N/A	N/A	N/A	ORF1b:2404,S:159-1274,ORF3a:33-276		3000	0	good	0	10	0	good	0	24	-3	0	good	5		0	good	0	S:159-1274,ORF3a:33-276	2		0	150	bad		0	0	good	0		ORF1a,ORF6,ORF7a,ORF7b,ORF8,N,ORF9b	"When processing gene ""ORF1a"": The extracted gene sequence is empty or consists entirely from gaps;When processing gene ""ORF6"": The extracted gene sequence is empty or consists entirely from gaps;When processing gene ""ORF7a"": The extracted gene sequence is empty or consists entirely from gaps;When processing gene ""ORF7b"": The extracted gene sequence is empty or consists entirely from gaps;When processing gene ""ORF8"": The extracted gene sequence is empty or consists entirely from gaps;When processing gene ""N"": The extracted gene sequence is empty or consists entirely from gaps;When processing gene ""ORF9b"": The extracted gene sequence is empty or consists entirely from gaps"	
408	2216_sub0	21J	21J (Delta)	Delta	21J	B.1.617.2.4	AY.4	506.944444	bad	16	7	0	3	0	0	15	3	0	263	18362	20678	26839	0.206066280975153	E:0.8552631578947368,M:0.47085201793721976,ORF1b:0.1083086053412463,ORF3a:0.8260869565217391,S:0.8406593406593407	false	C21057G,C21618G,C21846T,G21987A,C22033T,T22917G,C22995A,A23403G,C23585G,C23604G,C23987T,G24386A,G24410A,G24914T,C25469T,T26767C	22029-22031,24774,25376,26075,26439		S:1072-1274,ORF3a:229-276,E:66-76	M:I82T,ORF1b:D2530E,ORF3a:S26L,S:T19R,S:T95I,S:G142D,S:F157V,S:L452R,S:T478K,S:D614G,S:Q675E,S:P681R,S:P809S,S:A942T,S:D950N	ORF3a:V228-,S:E156-,S:Q1071-				C21057G,-22033T,C23585G,C23987T,G24386A,G24914T	0	0	6	6		NODE_0000627	C21057G,C21846T,-22033T,C23585G,C23987T,G24386A,G24914T	24774,25376,26075,26439	ORF1b:D2530E,S:T95I,S:-157V,S:G158R,S:Q675E,S:P809S,S:A942T	ORF3a:V228-,S:Q1071-	NODE_0000676	C21057G,-22033T,C23585G,C23987T,G24386A,G24914T	24774,25376,26075,26439	ORF1b:D2530E,S:-157V,S:G158R,S:Q675E,S:P809S,S:A942T	ORF3a:V228-,S:Q1071-	N/A	N/A	N/A	N/A	N/A	N/A	N/A	N/A	N/A	N/A	ORF1b:2404,S:1072-1274,ORF3a:229-276,E:66-76		3000	0	good	0	10	0	good	0	24	2	8.333333	good	10		0	good	0	S:1072-1274,ORF3a:229-276,E:66-76	3		0	225	bad		0	0	good	0		ORF1a,ORF6,ORF7a,ORF7b,ORF8,N,ORF9b	"When processing gene ""ORF1a"": The extracted gene sequence is empty or consists entirely from gaps;When processing gene ""ORF6"": The extracted gene sequence is empty or consists entirely from gaps;When processing gene ""ORF7a"": The extracted gene sequence is empty or consists entirely from gaps;When processing gene ""ORF7b"": The extracted gene sequence is empty or consists entirely from gaps;When processing gene ""ORF8"": The extracted gene sequence is empty or consists entirely from gaps;When processing gene ""N"": The extracted gene sequence is empty or consists entirely from gaps;When processing gene ""ORF9b"": The extracted gene sequence is empty or consists entirely from gaps"	
411	1643_sub0	21J	21J (Delta)	Delta	21J	B.1.617.2.4	AY.4	225	bad	14	5	1	2	0	0	13	3	0	100	18393	20678	26839	0.206066280975153	E:1,M:0.47085201793721976,ORF1b:0.1083086053412463,ORF3a:1,S:0.9222919937205651	false	T21384C,C21618G,C21846T,G21987A,T22917G,C22995A,A23403G,C23604G,C23987T,G24410A,G24914T,C25469T,T25923A,T26767C	22030-22033,25094	22042:T	S:158-160,S:1179-1274	M:I82T,ORF3a:S26L,ORF3a:S177R,S:T19R,S:T95I,S:G142D,S:L452R,S:T478K,S:D614G,S:P681R,S:P809S,S:D950N,S:D1118Y	S:E156-,S:F157-,S:N1178-				T21384C,C23987T,G24914T,T25923A	0	0	4	4		NODE_0000627	T21384C,C21846T,C23987T,G24914T,T25923A	25094	ORF3a:S177R,S:T95I,S:P809S,S:D1118Y	S:N1178-	NODE_0000676	T21384C,C23987T,G24914T,T25923A	25094	ORF3a:S177R,S:P809S,S:D1118Y	S:N1178-	N/A	N/A	N/A	N/A	N/A	N/A	N/A	N/A	N/A	N/A	ORF1b:2404,S:158-160,S:1179-1274		3000	0	good	0	10	0	good	0	24	-3	0	good	5		0	good	0	S:158-160,S:1179-1274	2		0	150	bad		0	0	good	0		ORF1a,ORF6,ORF7a,ORF7b,ORF8,N,ORF9b	"When processing gene ""ORF1a"": The extracted gene sequence is empty or consists entirely from gaps;When processing gene ""ORF6"": The extracted gene sequence is empty or consists entirely from gaps;When processing gene ""ORF7a"": The extracted gene sequence is empty or consists entirely from gaps;When processing gene ""ORF7b"": The extracted gene sequence is empty or consists entirely from gaps;When processing gene ""ORF8"": The extracted gene sequence is empty or consists entirely from gaps;When processing gene ""N"": The extracted gene sequence is empty or consists entirely from gaps;When processing gene ""ORF9b"": The extracted gene sequence is empty or consists entirely from gaps"	
412	1801_sub0	21J	21J (Delta)	Delta	21J	B.1.617.2.4	AY.4	225	bad	14	9	0	2	0	0	5	4	0	1165	18382	20678	26839	0.206066280975153	E:1,M:0.47085201793721976,ORF1b:0.09050445103857567,ORF3a:1,S:0.12401883830455258	false	A21444T,C21618G,C21846T,G21987A,T22917G,C22995A,A23403G,C23604G,C23987T,G24410A,G24914T,C24961T,C25469T,T26767C	21409,22028-22034,25367		ORF1b:2649-2696,S:159-1274	M:I82T,ORF3a:S26L,S:T19R,S:T95I,S:G142D	ORF1b:P2648-,S:E156-,S:F157-,S:R158-				A21444T,C23987T,G24914T,C24961T	0	0	4	4		NODE_0000627	A21444T,C21846T,C23987T,G24914T,C24961T	21409,22028,25367	S:T95I	ORF1b:P2648-,S:G158-	NODE_0000676	A21444T,C23987T,G24914T,C24961T	21409,22028,25367		ORF1b:P2648-,S:G158-	N/A	N/A	N/A	N/A	N/A	N/A	N/A	N/A	N/A	N/A	ORF1b:2404,ORF1b:2649-2696,S:159-1274		3000	0	good	0	10	0	good	0	24	-1	0	good	7		0	good	0	ORF1b:2649-2696,S:159-1274	2		0	150	bad		0	0	good	0		ORF1a,ORF6,ORF7a,ORF7b,ORF8,N,ORF9b	"When processing gene ""ORF1a"": The extracted gene sequence is empty or consists entirely from gaps;When processing gene ""ORF6"": The extracted gene sequence is empty or consists entirely from gaps;When processing gene ""ORF7a"": The extracted gene sequence is empty or consists entirely from gaps;When processing gene ""ORF7b"": The extracted gene sequence is empty or consists entirely from gaps;When processing gene ""ORF8"": The extracted gene sequence is empty or consists entirely from gaps;When processing gene ""N"": The extracted gene sequence is empty or consists entirely from gaps;When processing gene ""ORF9b"": The extracted gene sequence is empty or consists entirely from gaps"	
415	1478_sub0	21J	21J (Delta)	Delta	21J	B.1.617.2.4	AY.4	229.340278	bad	15	2	1	2	0	0	6	1	0	1021	18399	20678	26839	0.206066280975153	E:0.7236842105263158,M:0.47085201793721976,ORF1b:0.1083086053412463,ORF3a:1,S:0.21585557299843014	false	C21618G,C21846T,G21987A,T22031G,C22033A,T22917G,C22995A,A23403G,C23604G,C23987T,G24410A,G24914T,C25000T,C25469T,T26767C	22385,23456	26409:T	S:276-1274,E:56-76	M:I82T,ORF3a:S26L,S:T19R,S:T95I,S:G142D,S:F157V	S:F275-			-22033A|24A&24E&22D&23C&24C&23F&24F&24B&rec&23I&24G&25A&24H&24D&24I&25B&25C,C25000T|21K&21L&22B&22E&23A&22C&24A&22A&23F&23D&23B&22D&24E&22F&rec&23C&24C&24F&23E&24B&23H&23I&24G&25A&23G&24H&24D&21M&24I&25B&25C	-22031G,C23987T,G24914T	0	2	3	5		NODE_0000627	C21846T,-22031G,-22033A,C23987T,G24914T,C25000T	22385,23456	S:T95I,S:-156E,S:-157V,S:G158R	S:F275-	NODE_0000676	-22031G,-22033A,C23987T,G24914T,C25000T	22385,23456	S:-156E,S:-157V,S:G158R	S:F275-	N/A	N/A	N/A	N/A	N/A	N/A	N/A	N/A	N/A	N/A	ORF1b:2404,S:276-1274,E:56-76		3000	0	good	0	10	0	good	0	24	5	20.833333	good	13		0	good	0	S:276-1274,E:56-76	2		0	150	bad		0	0	good	0		ORF1a,ORF6,ORF7a,ORF7b,ORF8,N,ORF9b	"When processing gene ""ORF1a"": The extracted gene sequence is empty or consists entirely from gaps;When processing gene ""ORF6"": The extracted gene sequence is empty or consists entirely from gaps;When processing gene ""ORF7a"": The extracted gene sequence is empty or consists entirely from gaps;When processing gene ""ORF7b"": The extracted gene sequence is empty or consists entirely from gaps;When processing gene ""ORF8"": The extracted gene sequence is empty or consists entirely from gaps;When processing gene ""N"": The extracted gene sequence is empty or consists entirely from gaps;When processing gene ""ORF9b"": The extracted gene sequence is empty or consists entirely from gaps"	
414	4230_sub0	21J	21J (Delta)	Delta	21J	B.1.617.2.4	AY.4	0	good	12	6	0	0	0	0	13	2	0	1	18412	20678	26839	0.206066280975153	E:1,M:0.47085201793721976,ORF1b:0.1083086053412463,ORF3a:1,S:1	false	C21618G,C21846T,G21987A,T22917G,C22995A,A23403G,C23604G,C23987T,G24410A,G24914T,C25469T,T26767C	22029-22034			M:I82T,ORF3a:S26L,S:T19R,S:T95I,S:G142D,S:R158G,S:L452R,S:T478K,S:D614G,S:P681R,S:P809S,S:D950N,S:D1118Y	S:E156-,S:F157-				C23987T,G24914T	0	0	2	2		NODE_0000627	C21846T,C23987T,G24914T		S:T95I,S:P809S,S:D1118Y		NODE_0000676	C23987T,G24914T		S:P809S,S:D1118Y		N/A	N/A	N/A	N/A	N/A	N/A	N/A	N/A	N/A	N/A	ORF1b:2404		3000	0	good	0	10	0	good	0	24	-6	0	good	2		0	good	0		0		0	0	good		0	0	good	0		ORF1a,ORF6,ORF7a,ORF7b,ORF8,N,ORF9b	"When processing gene ""ORF1a"": The extracted gene sequence is empty or consists entirely from gaps;When processing gene ""ORF6"": The extracted gene sequence is empty or consists entirely from gaps;When processing gene ""ORF7a"": The extracted gene sequence is empty or consists entirely from gaps;When processing gene ""ORF7b"": The extracted gene sequence is empty or consists entirely from gaps;When processing gene ""ORF8"": The extracted gene sequence is empty or consists entirely from gaps;When processing gene ""N"": The extracted gene sequence is empty or consists entirely from gaps;When processing gene ""ORF9b"": The extracted gene sequence is empty or consists entirely from gaps"	
413	1962_sub0	21J	21J (Delta)	Delta	21J	B.1.617.2.4	AY.4	0	good	13	6	0	0	0	0	14	2	0	1	18408	20678	26839	0.206066280975153	E:1,M:0.47085201793721976,ORF1b:0.1083086053412463,ORF3a:1,S:1	false	C21618G,C21846T,G21987A,T22917G,C22995A,A23403G,C23604G,G23775T,C23987T,G24410A,G24914T,C25469T,T26767C	22029-22034			M:I82T,ORF3a:S26L,S:T19R,S:T95I,S:G142D,S:R158G,S:L452R,S:T478K,S:D614G,S:P681R,S:C738F,S:P809S,S:D950N,S:D1118Y	S:E156-,S:F157-				G23775T,C23987T,G24914T	0	0	3	3		NODE_0000627	C21846T,G23775T,C23987T,G24914T		S:T95I,S:C738F,S:P809S,S:D1118Y		NODE_0000676	G23775T,C23987T,G24914T		S:C738F,S:P809S,S:D1118Y		N/A	N/A	N/A	N/A	N/A	N/A	N/A	N/A	N/A	N/A	ORF1b:2404		3000	0	good	0	10	0	good	0	24	-5	0	good	3		0	good	0		0		0	0	good		0	0	good	0		ORF1a,ORF6,ORF7a,ORF7b,ORF8,N,ORF9b	"When processing gene ""ORF1a"": The extracted gene sequence is empty or consists entirely from gaps;When processing gene ""ORF6"": The extracted gene sequence is empty or consists entirely from gaps;When processing gene ""ORF7a"": The extracted gene sequence is empty or consists entirely from gaps;When processing gene ""ORF7b"": The extracted gene sequence is empty or consists entirely from gaps;When processing gene ""ORF8"": The extracted gene sequence is empty or consists entirely from gaps;When processing gene ""N"": The extracted gene sequence is empty or consists entirely from gaps;When processing gene ""ORF9b"": The extracted gene sequence is empty or consists entirely from gaps"	
433	4380_sub0	21J	21J (Delta)	Delta	21J	B.1.617.2.4	AY.4	0	good	12	6	0	0	0	0	13	2	0	1	18412	20678	26839	0.206066280975153	E:1,M:0.47085201793721976,ORF1b:0.1083086053412463,ORF3a:1,S:1	false	C21618G,C21846T,G21987A,T22917G,C22995A,A23403G,C23604G,C23987T,G24410A,G24914T,C25469T,T26767C	22029-22034			M:I82T,ORF3a:S26L,S:T19R,S:T95I,S:G142D,S:R158G,S:L452R,S:T478K,S:D614G,S:P681R,S:P809S,S:D950N,S:D1118Y	S:E156-,S:F157-				C23987T,G24914T	0	0	2	2		NODE_0000627	C21846T,C23987T,G24914T		S:T95I,S:P809S,S:D1118Y		NODE_0000676	C23987T,G24914T		S:P809S,S:D1118Y		N/A	N/A	N/A	N/A	N/A	N/A	N/A	N/A	N/A	N/A	ORF1b:2404		3000	0	good	0	10	0	good	0	24	-6	0	good	2		0	good	0		0		0	0	good		0	0	good	0		ORF1a,ORF6,ORF7a,ORF7b,ORF8,N,ORF9b	"When processing gene ""ORF1a"": The extracted gene sequence is empty or consists entirely from gaps;When processing gene ""ORF6"": The extracted gene sequence is empty or consists entirely from gaps;When processing gene ""ORF7a"": The extracted gene sequence is empty or consists entirely from gaps;When processing gene ""ORF7b"": The extracted gene sequence is empty or consists entirely from gaps;When processing gene ""ORF8"": The extracted gene sequence is empty or consists entirely from gaps;When processing gene ""N"": The extracted gene sequence is empty or consists entirely from gaps;When processing gene ""ORF9b"": The extracted gene sequence is empty or consists entirely from gaps"	
419	1328_sub0	21J	21J (Delta)	Delta	21J	B.1.617.2.4	AY.4	56.250000	mediocre	13	4	0	1	0	0	5	2	0	1118	18414	20678	26839	0.206066280975153	E:1,M:0.47085201793721976,ORF1b:0.1083086053412463,ORF3a:1,S:0.12323390894819466	false	T21003C,C21618G,C21846T,G21987A,T22917G,C22995A,A23403G,C23604G,C23987T,G24410A,G24914T,C25469T,T26767C	22030-22033		S:158-1274	M:I82T,ORF3a:S26L,S:T19R,S:T95I,S:G142D	S:E156-,S:F157-				T21003C,C23987T,G24914T	0	0	3	3		NODE_0000627	T21003C,C21846T,C23987T,G24914T		S:T95I		NODE_0000676	T21003C,C23987T,G24914T				N/A	N/A	N/A	N/A	N/A	N/A	N/A	N/A	N/A	N/A	ORF1b:2404,S:158-1274		3000	0	good	0	10	0	good	0	24	-5	0	good	3		0	good	0	S:158-1274	1		0	75	mediocre		0	0	good	0		ORF1a,ORF6,ORF7a,ORF7b,ORF8,N,ORF9b	"When processing gene ""ORF1a"": The extracted gene sequence is empty or consists entirely from gaps;When processing gene ""ORF6"": The extracted gene sequence is empty or consists entirely from gaps;When processing gene ""ORF7a"": The extracted gene sequence is empty or consists entirely from gaps;When processing gene ""ORF7b"": The extracted gene sequence is empty or consists entirely from gaps;When processing gene ""ORF8"": The extracted gene sequence is empty or consists entirely from gaps;When processing gene ""N"": The extracted gene sequence is empty or consists entirely from gaps;When processing gene ""ORF9b"": The extracted gene sequence is empty or consists entirely from gaps"	
417	1077_sub0	21J	21J (Delta)	Delta	21J	B.1.617.2.4	AY.4	225	bad	15	5	1	2	0	0	7	2	0	1188	18397	20678	26839	0.206066280975153	E:0.06578947368421052,M:0.47085201793721976,ORF1b:0.1083086053412463,ORF3a:1,S:0.12401883830455258	false	T21197C,C21618G,A21791G,C21846T,G21987A,T22917G,C22995A,A23403G,C23604G,C23987T,G24410A,T24534A,G24914T,C25469T,T26767C	22031-22035	26259:T	S:159-1274,E:6-76	M:I82T,ORF1b:L2577P,ORF3a:S26L,S:T19R,S:K77E,S:T95I,S:G142D	S:F157-,S:R158-				T21197C,A21791G,C23987T,T24534A,G24914T	0	0	5	5		NODE_0000627	T21197C,A21791G,C21846T,C23987T,T24534A,G24914T	22035	ORF1b:L2577P,S:K77E,S:T95I,S:-156E	S:G158-	NODE_0000676	T21197C,A21791G,C23987T,T24534A,G24914T	22035	ORF1b:L2577P,S:K77E,S:-156E	S:G158-	N/A	N/A	N/A	N/A	N/A	N/A	N/A	N/A	N/A	N/A	ORF1b:2404,S:159-1274,E:6-76		3000	0	good	0	10	0	good	0	24	-2	0	good	6		0	good	0	S:159-1274,E:6-76	2		0	150	bad		0	0	good	0		ORF1a,ORF6,ORF7a,ORF7b,ORF8,N,ORF9b	"When processing gene ""ORF1a"": The extracted gene sequence is empty or consists entirely from gaps;When processing gene ""ORF6"": The extracted gene sequence is empty or consists entirely from gaps;When processing gene ""ORF7a"": The extracted gene sequence is empty or consists entirely from gaps;When processing gene ""ORF7b"": The extracted gene sequence is empty or consists entirely from gaps;When processing gene ""ORF8"": The extracted gene sequence is empty or consists entirely from gaps;When processing gene ""N"": The extracted gene sequence is empty or consists entirely from gaps;When processing gene ""ORF9b"": The extracted gene sequence is empty or consists entirely from gaps"	
421	1438_sub0	21J	21J (Delta)	Delta	21J	B.1.617.2.4	AY.4	225	bad	13	8	0	2	0	0	4	2	0	1355	18387	20678	26839	0.206066280975153	E:1,M:0.47085201793721976,ORF1b:0.1083086053412463,ORF3a:0.6014492753623188,S:0.023547880690737835	false	C21618G,C21846T,G21987A,T22917G,C22995A,A23403G,C23604G,C23987T,G24410A,G24914T,C25469T,T26590C,T26767C	21650,22029-22034,25889		S:31-1274,ORF3a:167-276	M:V23A,M:I82T,ORF3a:S26L,S:T19R	ORF3a:S165-,S:N30-				C23987T,G24914T,T26590C	0	0	3	3		NODE_0000627	C21846T,C23987T,G24914T,T26590C	21650,25889	M:V23A	ORF3a:S165-,S:N30-	NODE_0000676	C23987T,G24914T,T26590C	21650,25889	M:V23A	ORF3a:S165-,S:N30-	N/A	N/A	N/A	N/A	N/A	N/A	N/A	N/A	N/A	N/A	ORF1b:2404,S:31-1274,ORF3a:167-276		3000	0	good	0	10	0	good	0	24	-3	0	good	5		0	good	0	S:31-1274,ORF3a:167-276	2		0	150	bad		0	0	good	0		ORF1a,ORF6,ORF7a,ORF7b,ORF8,N,ORF9b	"When processing gene ""ORF1a"": The extracted gene sequence is empty or consists entirely from gaps;When processing gene ""ORF6"": The extracted gene sequence is empty or consists entirely from gaps;When processing gene ""ORF7a"": The extracted gene sequence is empty or consists entirely from gaps;When processing gene ""ORF7b"": The extracted gene sequence is empty or consists entirely from gaps;When processing gene ""ORF8"": The extracted gene sequence is empty or consists entirely from gaps;When processing gene ""N"": The extracted gene sequence is empty or consists entirely from gaps;When processing gene ""ORF9b"": The extracted gene sequence is empty or consists entirely from gaps"	
422	1832_sub0	21J	21J (Delta)	Delta	21J	B.1.617.2.4	AY.4	56.250000	mediocre	14	2	0	1	0	0	5	2	0	1118	18416	20678	26839	0.206066280975153	E:1,M:0.47085201793721976,ORF1b:0.1083086053412463,ORF3a:1,S:0.12323390894819466	false	C21618G,C21846T,G21987A,C22033T,T22917G,C22995A,A23403G,C23604G,C23987T,G24410A,G24914T,G25337A,C25469T,T26767C	22030-22031		S:158-1274	M:I82T,ORF3a:S26L,S:T19R,S:T95I,S:G142D	S:E156-,S:F157-				-22033T,C23987T,G24914T,G25337A	0	0	4	4		NODE_0000627	C21846T,-22033T,C23987T,G24914T,G25337A		S:T95I		NODE_0000676	-22033T,C23987T,G24914T,G25337A				N/A	N/A	N/A	N/A	N/A	N/A	N/A	N/A	N/A	N/A	ORF1b:2404,S:158-1274		3000	0	good	0	10	0	good	0	24	-4	0	good	4		0	good	0	S:158-1274	1		0	75	mediocre		0	0	good	0		ORF1a,ORF6,ORF7a,ORF7b,ORF8,N,ORF9b	"When processing gene ""ORF1a"": The extracted gene sequence is empty or consists entirely from gaps;When processing gene ""ORF6"": The extracted gene sequence is empty or consists entirely from gaps;When processing gene ""ORF7a"": The extracted gene sequence is empty or consists entirely from gaps;When processing gene ""ORF7b"": The extracted gene sequence is empty or consists entirely from gaps;When processing gene ""ORF8"": The extracted gene sequence is empty or consists entirely from gaps;When processing gene ""N"": The extracted gene sequence is empty or consists entirely from gaps;When processing gene ""ORF9b"": The extracted gene sequence is empty or consists entirely from gaps"	
418	1122_sub0	21J	21J (Delta)	Delta	21J	B.1.617.2.4	AY.4	506.423611	bad	16	2	3	3	0	0	6	1	0	1397	18388	20678	26839	0.206066280975153	E:1,M:0,ORF1b:0.05229970326409496,ORF3a:1,S:0.12323390894819466	false	C21618G,C21846T,G21987A,G22030A,C22033A,C22802A,T22917G,C22995A,A23403G,C23604G,C23987T,G24410A,G24914T,C25469T,T26300C,T26767C	22031-22032	21102:T,22690:T,26807:T	ORF1b:2546-2696,S:158-1274,M:96-223	E:L19P,M:I82T,ORF3a:S26L,S:T19R,S:T95I,S:G142D	S:F157-			-22033A|24A&24E&22D&23C&24C&23F&24F&24B&rec&23I&24G&25A&24H&24D&24I&25B&25C	-22030A,C22802A,C23987T,G24914T,T26300C	0	1	5	6		NODE_0000627	C21846T,-22030A,-22033A,C22802A,C23987T,G24914T,T26300C		E:L19P,S:T95I,S:-156E		NODE_0000676	-22030A,-22033A,C22802A,C23987T,G24914T,T26300C		E:L19P,S:-156E		N/A	N/A	N/A	N/A	N/A	N/A	N/A	N/A	N/A	N/A	ORF1b:2404,ORF1b:2546-2696,S:158-1274,M:96-223		3000	0	good	0	10	0	good	0	24	1	4.166667	good	9		0	good	0	ORF1b:2546-2696,S:158-1274,M:96-223	3		0	225	bad		0	0	good	0		ORF1a,ORF6,ORF7a,ORF7b,ORF8,N,ORF9b	"When processing gene ""ORF1a"": The extracted gene sequence is empty or consists entirely from gaps;When processing gene ""ORF6"": The extracted gene sequence is empty or consists entirely from gaps;When processing gene ""ORF7a"": The extracted gene sequence is empty or consists entirely from gaps;When processing gene ""ORF7b"": The extracted gene sequence is empty or consists entirely from gaps;When processing gene ""ORF8"": The extracted gene sequence is empty or consists entirely from gaps;When processing gene ""N"": The extracted gene sequence is empty or consists entirely from gaps;When processing gene ""ORF9b"": The extracted gene sequence is empty or consists entirely from gaps"	
424	1163_sub0	21J	21J (Delta)	Delta	21J	B.1.617.2.4	AY.4	56.250000	mediocre	14	5	0	1	0	0	5	2	0	1117	18408	20678	26839	0.206066280975153	E:1,M:0.47085201793721976,ORF1b:0.1083086053412463,ORF3a:1,S:0.12401883830455258	false	C21618G,C21846T,G21987A,G22302A,T22917G,C22995A,T23176C,A23403G,C23604G,C23987T,G24410A,G24914T,C25469T,T26767C	22031-22035		S:159-1274	M:I82T,ORF3a:S26L,S:T19R,S:T95I,S:G142D	S:F157-,S:R158-				G22302A,T23176C,C23987T,G24914T	0	0	4	4		NODE_0000627	C21846T,G22302A,T23176C,C23987T,G24914T	22035	S:T95I,S:-156E	S:G158-	NODE_0000676	G22302A,T23176C,C23987T,G24914T	22035	S:-156E	S:G158-	N/A	N/A	N/A	N/A	N/A	N/A	N/A	N/A	N/A	N/A	ORF1b:2404,S:159-1274		3000	0	good	0	10	0	good	0	24	-3	0	good	5		0	good	0	S:159-1274	1		0	75	mediocre		0	0	good	0		ORF1a,ORF6,ORF7a,ORF7b,ORF8,N,ORF9b	"When processing gene ""ORF1a"": The extracted gene sequence is empty or consists entirely from gaps;When processing gene ""ORF6"": The extracted gene sequence is empty or consists entirely from gaps;When processing gene ""ORF7a"": The extracted gene sequence is empty or consists entirely from gaps;When processing gene ""ORF7b"": The extracted gene sequence is empty or consists entirely from gaps;When processing gene ""ORF8"": The extracted gene sequence is empty or consists entirely from gaps;When processing gene ""N"": The extracted gene sequence is empty or consists entirely from gaps;When processing gene ""ORF9b"": The extracted gene sequence is empty or consists entirely from gaps"	
437	1190_sub0	21J	21J (Delta)	Delta	21J	B.1.617.2.4	AY.4	56.250000	mediocre	13	6	0	1	0	0	6	2	0	914	18401	20678	26839	0.206066280975153	E:1,M:0.47085201793721976,ORF1b:0.1083086053412463,ORF3a:1,S:0.28335949764521196	false	C21618G,C21846T,G21987A,T22917G,C22995A,G23161A,A23403G,C23604G,C23987T,G24410A,G24914T,C25469T,T26767C	22031-22035,24774		S:159-1071	M:I82T,ORF3a:S26L,S:T19R,S:T95I,S:G142D,S:D1118Y	S:F157-,S:R158-				G23161A,C23987T,G24914T	0	0	3	3		NODE_0000627	C21846T,G23161A,C23987T,G24914T	22035,24774	S:T95I,S:-156E,S:D1118Y	S:G158-	NODE_0000676	G23161A,C23987T,G24914T	22035,24774	S:-156E,S:D1118Y	S:G158-	N/A	N/A	N/A	N/A	N/A	N/A	N/A	N/A	N/A	N/A	ORF1b:2404,S:159-1071		3000	0	good	0	10	0	good	0	24	-3	0	good	5		0	good	0	S:159-1071	1		0	75	mediocre		0	0	good	0		ORF1a,ORF6,ORF7a,ORF7b,ORF8,N,ORF9b	"When processing gene ""ORF1a"": The extracted gene sequence is empty or consists entirely from gaps;When processing gene ""ORF6"": The extracted gene sequence is empty or consists entirely from gaps;When processing gene ""ORF7a"": The extracted gene sequence is empty or consists entirely from gaps;When processing gene ""ORF7b"": The extracted gene sequence is empty or consists entirely from gaps;When processing gene ""ORF8"": The extracted gene sequence is empty or consists entirely from gaps;When processing gene ""N"": The extracted gene sequence is empty or consists entirely from gaps;When processing gene ""ORF9b"": The extracted gene sequence is empty or consists entirely from gaps"	
426	1144_sub0	21J	21J (Delta)	Delta	21J	B.1.617.2.4	AY.4	56.250000	mediocre	14	5	0	1	0	0	6	2	0	1117	18408	20678	26839	0.206066280975153	E:1,M:0.47085201793721976,ORF1b:0.1083086053412463,ORF3a:1,S:0.12401883830455258	false	C20842T,C21618G,C21846T,G21987A,T22868G,T22917G,C22995A,A23403G,C23604G,C23987T,G24410A,G24914T,C25469T,T26767C	22031-22035		S:159-1274	M:I82T,ORF1b:P2459S,ORF3a:S26L,S:T19R,S:T95I,S:G142D	S:F157-,S:R158-				C20842T,T22868G,C23987T,G24914T	0	0	4	4		NODE_0000627	C20842T,C21846T,T22868G,C23987T,G24914T	22035	ORF1b:P2459S,S:T95I,S:-156E	S:G158-	NODE_0000676	C20842T,T22868G,C23987T,G24914T	22035	ORF1b:P2459S,S:-156E	S:G158-	N/A	N/A	N/A	N/A	N/A	N/A	N/A	N/A	N/A	N/A	ORF1b:2404,S:159-1274		3000	0	good	0	10	0	good	0	24	-3	0	good	5		0	good	0	S:159-1274	1		0	75	mediocre		0	0	good	0		ORF1a,ORF6,ORF7a,ORF7b,ORF8,N,ORF9b	"When processing gene ""ORF1a"": The extracted gene sequence is empty or consists entirely from gaps;When processing gene ""ORF6"": The extracted gene sequence is empty or consists entirely from gaps;When processing gene ""ORF7a"": The extracted gene sequence is empty or consists entirely from gaps;When processing gene ""ORF7b"": The extracted gene sequence is empty or consists entirely from gaps;When processing gene ""ORF8"": The extracted gene sequence is empty or consists entirely from gaps;When processing gene ""N"": The extracted gene sequence is empty or consists entirely from gaps;When processing gene ""ORF9b"": The extracted gene sequence is empty or consists entirely from gaps"	
425	1927_sub0	21J	21J (Delta)	Delta	21J	B.1.617.2.39	AY.39	56.250000	mediocre	13	5	0	1	0	0	7	2	0	1117	18412	20678	26839	0.206066280975153	E:1,M:0.47085201793721976,ORF1b:0.1083086053412463,ORF3a:1,S:0.12401883830455258	false	G21372T,C21618G,C21846T,G21987A,T22917G,C22995A,A23403G,C23604G,G24410A,C25342T,C25469T,T25676C,T26767C	22031-22035		S:159-1274	M:I82T,ORF1b:Q2635H,ORF3a:S26L,ORF3a:L95S,S:T19R,S:T95I,S:G142D	S:F157-,S:R158-				C25342T,T25676C	0	0	2	2		NODE_0000627	G21372T,C21846T,C25342T,T25676C	22035	ORF1b:Q2635H,ORF3a:L95S,S:T95I,S:-156E	S:G158-	NODE_0000674	C25342T,T25676C	22035	ORF3a:L95S,S:-156E	S:G158-	N/A	N/A	N/A	N/A	N/A	N/A	N/A	N/A	N/A	N/A	ORF1b:2404,S:159-1274		3000	0	good	0	10	0	good	0	24	-5	0	good	3		0	good	0	S:159-1274	1		0	75	mediocre		0	0	good	0		ORF1a,ORF6,ORF7a,ORF7b,ORF8,N,ORF9b	"When processing gene ""ORF1a"": The extracted gene sequence is empty or consists entirely from gaps;When processing gene ""ORF6"": The extracted gene sequence is empty or consists entirely from gaps;When processing gene ""ORF7a"": The extracted gene sequence is empty or consists entirely from gaps;When processing gene ""ORF7b"": The extracted gene sequence is empty or consists entirely from gaps;When processing gene ""ORF8"": The extracted gene sequence is empty or consists entirely from gaps;When processing gene ""N"": The extracted gene sequence is empty or consists entirely from gaps;When processing gene ""ORF9b"": The extracted gene sequence is empty or consists entirely from gaps"	
423	1894_sub0	21J	21J (Delta)	Delta	21J	B.1.617.2.4	AY.4	56.250000	mediocre	13	5	0	1	0	0	5	2	0	1117	18412	20678	26839	0.206066280975153	E:1,M:0.47085201793721976,ORF1b:0.1083086053412463,ORF3a:1,S:0.12401883830455258	false	C21618G,C21846T,G21987A,T22917G,C22995A,C23216T,A23403G,C23604G,C23987T,G24410A,G24914T,C25469T,T26767C	22031-22035		S:159-1274	M:I82T,ORF3a:S26L,S:T19R,S:T95I,S:G142D	S:F157-,S:R158-				C23216T,C23987T,G24914T	0	0	3	3		NODE_0000627	C21846T,C23216T,C23987T,G24914T	22035	S:T95I,S:-156E	S:G158-	NODE_0000676	C23216T,C23987T,G24914T	22035	S:-156E	S:G158-	N/A	N/A	N/A	N/A	N/A	N/A	N/A	N/A	N/A	N/A	ORF1b:2404,S:159-1274		3000	0	good	0	10	0	good	0	24	-4	0	good	4		0	good	0	S:159-1274	1		0	75	mediocre		0	0	good	0		ORF1a,ORF6,ORF7a,ORF7b,ORF8,N,ORF9b	"When processing gene ""ORF1a"": The extracted gene sequence is empty or consists entirely from gaps;When processing gene ""ORF6"": The extracted gene sequence is empty or consists entirely from gaps;When processing gene ""ORF7a"": The extracted gene sequence is empty or consists entirely from gaps;When processing gene ""ORF7b"": The extracted gene sequence is empty or consists entirely from gaps;When processing gene ""ORF8"": The extracted gene sequence is empty or consists entirely from gaps;When processing gene ""N"": The extracted gene sequence is empty or consists entirely from gaps;When processing gene ""ORF9b"": The extracted gene sequence is empty or consists entirely from gaps"	
420	1098_sub0	21J	21J (Delta)	Delta	21J	B.1.617.2.4	AY.4	56.250000	mediocre	14	4	0	1	0	0	5	3	0	1117	18411	20678	26839	0.206066280975153	E:1,M:0.47085201793721976,ORF1b:0.1083086053412463,ORF3a:1,S:0.12401883830455258	false	C21618G,C21846T,G21987A,G22030T,T22917G,C22995A,A23403G,C23604G,C23987T,G24410A,G24914T,G25337A,C25469T,T26767C	22031-22034		S:159-1274	M:I82T,ORF3a:S26L,S:T19R,S:T95I,S:G142D	S:E156-,S:F157-,S:R158-				-22030T,C23987T,G24914T,G25337A	0	0	4	4		NODE_0000627	C21846T,-22030T,C23987T,G24914T,G25337A		S:T95I	S:G158-	NODE_0000676	-22030T,C23987T,G24914T,G25337A			S:G158-	N/A	N/A	N/A	N/A	N/A	N/A	N/A	N/A	N/A	N/A	ORF1b:2404,S:159-1274		3000	0	good	0	10	0	good	0	24	-4	0	good	4		0	good	0	S:159-1274	1		0	75	mediocre		0	0	good	0		ORF1a,ORF6,ORF7a,ORF7b,ORF8,N,ORF9b	"When processing gene ""ORF1a"": The extracted gene sequence is empty or consists entirely from gaps;When processing gene ""ORF6"": The extracted gene sequence is empty or consists entirely from gaps;When processing gene ""ORF7a"": The extracted gene sequence is empty or consists entirely from gaps;When processing gene ""ORF7b"": The extracted gene sequence is empty or consists entirely from gaps;When processing gene ""ORF8"": The extracted gene sequence is empty or consists entirely from gaps;When processing gene ""N"": The extracted gene sequence is empty or consists entirely from gaps;When processing gene ""ORF9b"": The extracted gene sequence is empty or consists entirely from gaps"	
432	375_sub0	21J	21J (Delta)	Delta	21J	B.1.617.2.4	AY.4	118.750000	bad	21	9	0	1	0	0	17	5	0	519	18345	20678	26839	0.206066280975153	E:1,M:0.47085201793721976,ORF1b:0.1083086053412463,ORF3a:1,S:0.5934065934065934	false	G20932A,C21618G,C21846T,G21987A,T22917G,C22995A,T23104C,A23403G,C23604G,T23617G,G23735A,C23987T,G24410A,G24914T,C25469T,C25487T,C25886A,C25889G,T26123C,G26155A,T26767C	22029-22034,23819,24774,25376		S:754-1271	M:I82T,ORF1b:G2489S,ORF3a:S26L,ORF3a:T32I,ORF3a:S165Y,ORF3a:S166*,ORF3a:V244A,ORF3a:V255I,S:T19R,S:T95I,S:G142D,S:R158G,S:L452R,S:T478K,S:D614G,S:P681R,S:E725K	S:E156-,S:F157-,S:L752-,S:L753-,S:Y1272-				G20932A,T23104C,T23617G,G23735A,C23987T,G24914T,C25487T,C25886A,C25889G,T26123C,G26155A	0	0	11	11		NODE_0000627	G20932A,C21846T,T23104C,T23617G,G23735A,C23987T,G24914T,C25487T,C25886A,C25889G,T26123C,G26155A	23819,24774,25376	ORF1b:G2489S,ORF3a:T32I,ORF3a:S165Y,ORF3a:S166*,ORF3a:V244A,ORF3a:V255I,S:T95I,S:E725K	S:L752-,S:L753-,S:Y1272-	NODE_0000676	G20932A,T23104C,T23617G,G23735A,C23987T,G24914T,C25487T,C25886A,C25889G,T26123C,G26155A	23819,24774,25376	ORF1b:G2489S,ORF3a:T32I,ORF3a:S165Y,ORF3a:S166*,ORF3a:V244A,ORF3a:V255I,S:E725K	S:L752-,S:L753-,S:Y1272-	N/A	N/A	N/A	N/A	N/A	N/A	N/A	N/A	N/A	N/A	ORF1b:2404,S:754-1271		3000	0	good	0	10	0	good	0	24	6	25	good	14		0	good	0	S:754-1271	1		0	75	mediocre	ORF3a:165	1	75	mediocre	0		ORF1a,ORF6,ORF7a,ORF7b,ORF8,N,ORF9b	"When processing gene ""ORF1a"": The extracted gene sequence is empty or consists entirely from gaps;When processing gene ""ORF6"": The extracted gene sequence is empty or consists entirely from gaps;When processing gene ""ORF7a"": The extracted gene sequence is empty or consists entirely from gaps;When processing gene ""ORF7b"": The extracted gene sequence is empty or consists entirely from gaps;When processing gene ""ORF8"": The extracted gene sequence is empty or consists entirely from gaps;When processing gene ""N"": The extracted gene sequence is empty or consists entirely from gaps;When processing gene ""ORF9b"": The extracted gene sequence is empty or consists entirely from gaps"	
427	2656_sub0	21J	21J (Delta)	Delta	21J	B.1.617.2.4	AY.4	56.250000	mediocre	12	5	0	1	0	0	5	2	0	1117	18416	20678	26839	0.206066280975153	E:1,M:0.47085201793721976,ORF1b:0.1083086053412463,ORF3a:1,S:0.12401883830455258	false	C21618G,C21846T,G21987A,T22917G,C22995A,A23403G,C23604G,C23987T,G24410A,G24914T,C25469T,T26767C	22031-22035		S:159-1274	M:I82T,ORF3a:S26L,S:T19R,S:T95I,S:G142D	S:F157-,S:R158-				C23987T,G24914T	0	0	2	2		NODE_0000627	C21846T,C23987T,G24914T	22035	S:T95I,S:-156E	S:G158-	NODE_0000676	C23987T,G24914T	22035	S:-156E	S:G158-	N/A	N/A	N/A	N/A	N/A	N/A	N/A	N/A	N/A	N/A	ORF1b:2404,S:159-1274		3000	0	good	0	10	0	good	0	24	-5	0	good	3		0	good	0	S:159-1274	1		0	75	mediocre		0	0	good	0		ORF1a,ORF6,ORF7a,ORF7b,ORF8,N,ORF9b	"When processing gene ""ORF1a"": The extracted gene sequence is empty or consists entirely from gaps;When processing gene ""ORF6"": The extracted gene sequence is empty or consists entirely from gaps;When processing gene ""ORF7a"": The extracted gene sequence is empty or consists entirely from gaps;When processing gene ""ORF7b"": The extracted gene sequence is empty or consists entirely from gaps;When processing gene ""ORF8"": The extracted gene sequence is empty or consists entirely from gaps;When processing gene ""N"": The extracted gene sequence is empty or consists entirely from gaps;When processing gene ""ORF9b"": The extracted gene sequence is empty or consists entirely from gaps"	
429	360_sub0	21J	21J (Delta)	Delta	21J	B.1.617.2.4	AY.4	56.250000	mediocre	14	4	0	1	0	0	5	2	0	1118	18410	20678	26839	0.206066280975153	E:1,M:0.47085201793721976,ORF1b:0.1083086053412463,ORF3a:1,S:0.12323390894819466	false	C21618G,C21846T,G21987A,T22917G,C22995A,A23403G,C23604G,C23987T,G24410A,G24914T,C25469T,T26214C,G26391A,T26767C	22030-22033		S:158-1274	M:I82T,ORF3a:S26L,S:T19R,S:T95I,S:G142D	S:E156-,S:F157-				C23987T,G24914T,T26214C,G26391A	0	0	4	4		NODE_0000627	C21846T,C23987T,G24914T,T26214C,G26391A		S:T95I		NODE_0000676	C23987T,G24914T,T26214C,G26391A				N/A	N/A	N/A	N/A	N/A	N/A	N/A	N/A	N/A	N/A	ORF1b:2404,S:158-1274		3000	0	good	0	10	0	good	0	24	-4	0	good	4		0	good	0	S:158-1274	1		0	75	mediocre		0	0	good	0		ORF1a,ORF6,ORF7a,ORF7b,ORF8,N,ORF9b	"When processing gene ""ORF1a"": The extracted gene sequence is empty or consists entirely from gaps;When processing gene ""ORF6"": The extracted gene sequence is empty or consists entirely from gaps;When processing gene ""ORF7a"": The extracted gene sequence is empty or consists entirely from gaps;When processing gene ""ORF7b"": The extracted gene sequence is empty or consists entirely from gaps;When processing gene ""ORF8"": The extracted gene sequence is empty or consists entirely from gaps;When processing gene ""N"": The extracted gene sequence is empty or consists entirely from gaps;When processing gene ""ORF9b"": The extracted gene sequence is empty or consists entirely from gaps"	
430	4914_sub0	21J	21J (Delta)	Delta	21J	B.1.617.2.4	AY.4	56.250000	mediocre	13	5	0	1	0	0	5	3	0	1117	18412	20678	26839	0.206066280975153	E:1,M:0.47085201793721976,ORF1b:0.1083086053412463,ORF3a:1,S:0.12401883830455258	false	C21618G,C21846T,G21987A,A22029C,T22917G,C22995A,A23403G,C23604G,C23987T,G24410A,G24914T,C25469T,T26767C	22031-22035		S:159-1274	M:I82T,ORF3a:S26L,S:T19R,S:T95I,S:G142D	S:E156-,S:F157-,S:R158-				-22029C,C23987T,G24914T	0	0	3	3		NODE_0000627	C21846T,-22029C,C23987T,G24914T	22035	S:T95I	S:G158-	NODE_0000676	-22029C,C23987T,G24914T	22035		S:G158-	N/A	N/A	N/A	N/A	N/A	N/A	N/A	N/A	N/A	N/A	ORF1b:2404,S:159-1274		3000	0	good	0	10	0	good	0	24	-4	0	good	4		0	good	0	S:159-1274	1		0	75	mediocre		0	0	good	0		ORF1a,ORF6,ORF7a,ORF7b,ORF8,N,ORF9b	"When processing gene ""ORF1a"": The extracted gene sequence is empty or consists entirely from gaps;When processing gene ""ORF6"": The extracted gene sequence is empty or consists entirely from gaps;When processing gene ""ORF7a"": The extracted gene sequence is empty or consists entirely from gaps;When processing gene ""ORF7b"": The extracted gene sequence is empty or consists entirely from gaps;When processing gene ""ORF8"": The extracted gene sequence is empty or consists entirely from gaps;When processing gene ""N"": The extracted gene sequence is empty or consists entirely from gaps;When processing gene ""ORF9b"": The extracted gene sequence is empty or consists entirely from gaps"	
428	2963_sub0	21J	21J (Delta)	Delta	21J	B.1.617.2.4	AY.4	56.250000	mediocre	13	6	1	1	0	0	14	2	0	53	18400	20678	26839	0.206066280975153	E:1,M:0.47085201793721976,ORF1b:0.08902077151335312,ORF3a:1,S:1	false	C21618G,C21846T,G21987A,T22917G,C22995A,A23403G,C23604G,C23987T,G24410A,G24914T,C25469T,T25825C,T26767C	22029-22034	21400:G	ORF1b:2646-2696	M:I82T,ORF3a:S26L,ORF3a:Y145H,S:T19R,S:T95I,S:G142D,S:R158G,S:L452R,S:T478K,S:D614G,S:P681R,S:P809S,S:D950N,S:D1118Y	S:E156-,S:F157-				C23987T,G24914T,T25825C	0	0	3	3		NODE_0000627	C21846T,C23987T,G24914T,T25825C		ORF3a:Y145H,S:T95I,S:P809S,S:D1118Y		NODE_0000676	C23987T,G24914T,T25825C		ORF3a:Y145H,S:P809S,S:D1118Y		N/A	N/A	N/A	N/A	N/A	N/A	N/A	N/A	N/A	N/A	ORF1b:2404,ORF1b:2645-2696		3000	0	good	0	10	0	good	0	24	-5	0	good	3		0	good	0	ORF1b:2646-2696	1		0	75	mediocre		0	0	good	0		ORF1a,ORF6,ORF7a,ORF7b,ORF8,N,ORF9b	"When processing gene ""ORF1a"": The extracted gene sequence is empty or consists entirely from gaps;When processing gene ""ORF6"": The extracted gene sequence is empty or consists entirely from gaps;When processing gene ""ORF7a"": The extracted gene sequence is empty or consists entirely from gaps;When processing gene ""ORF7b"": The extracted gene sequence is empty or consists entirely from gaps;When processing gene ""ORF8"": The extracted gene sequence is empty or consists entirely from gaps;When processing gene ""N"": The extracted gene sequence is empty or consists entirely from gaps;When processing gene ""ORF9b"": The extracted gene sequence is empty or consists entirely from gaps"	
431	6102_sub0	21J	21J (Delta)	Delta	21J	B.1.617.2.4	AY.4	56.250000	mediocre	12	6	1	1	0	0	11	2	0	374	18405	20678	26839	0.206066280975153	E:1,M:0.47085201793721976,ORF1b:0.1083086053412463,ORF3a:1,S:0.707221350078493	false	C21618G,C21846T,G21987A,T22917G,C22995A,A23403G,C23604G,C23987T,G24410A,G24914T,C25469T,T26767C	22029-22034	24265:A	S:902-1274	M:I82T,ORF3a:S26L,S:T19R,S:T95I,S:G142D,S:R158G,S:L452R,S:T478K,S:D614G,S:P681R,S:P809S	S:E156-,S:F157-				C23987T,G24914T	0	0	2	2		NODE_0000627	C21846T,C23987T,G24914T		S:T95I,S:P809S		NODE_0000676	C23987T,G24914T		S:P809S		N/A	N/A	N/A	N/A	N/A	N/A	N/A	N/A	N/A	N/A	ORF1b:2404,S:902-1274		3000	0	good	0	10	0	good	0	24	-6	0	good	2		0	good	0	S:902-1274	1		0	75	mediocre		0	0	good	0		ORF1a,ORF6,ORF7a,ORF7b,ORF8,N,ORF9b	"When processing gene ""ORF1a"": The extracted gene sequence is empty or consists entirely from gaps;When processing gene ""ORF6"": The extracted gene sequence is empty or consists entirely from gaps;When processing gene ""ORF7a"": The extracted gene sequence is empty or consists entirely from gaps;When processing gene ""ORF7b"": The extracted gene sequence is empty or consists entirely from gaps;When processing gene ""ORF8"": The extracted gene sequence is empty or consists entirely from gaps;When processing gene ""N"": The extracted gene sequence is empty or consists entirely from gaps;When processing gene ""ORF9b"": The extracted gene sequence is empty or consists entirely from gaps"	
436	1244_sub0	21J	21J (Delta)	Delta	21J	B.1.617.2.4	AY.4	56.250000	mediocre	12	5	0	1	0	0	5	2	0	1118	18408	20678	26839	0.206066280975153	E:1,M:0.47085201793721976,ORF1b:0.1083086053412463,ORF3a:1,S:0.12323390894819466	false	C21618G,C21846T,G21987A,T22917G,C22995A,A23403G,C23604G,C23987T,G24410A,G24914T,C25469T,T26767C	22030-22033,25376		S:158-1274	M:I82T,ORF3a:S26L,S:T19R,S:T95I,S:G142D	S:E156-,S:F157-				C23987T,G24914T	0	0	2	2		NODE_0000627	C21846T,C23987T,G24914T	25376	S:T95I		NODE_0000676	C23987T,G24914T	25376			N/A	N/A	N/A	N/A	N/A	N/A	N/A	N/A	N/A	N/A	ORF1b:2404,S:158-1274		3000	0	good	0	10	0	good	0	24	-5	0	good	3		0	good	0	S:158-1274	1		0	75	mediocre		0	0	good	0		ORF1a,ORF6,ORF7a,ORF7b,ORF8,N,ORF9b	"When processing gene ""ORF1a"": The extracted gene sequence is empty or consists entirely from gaps;When processing gene ""ORF6"": The extracted gene sequence is empty or consists entirely from gaps;When processing gene ""ORF7a"": The extracted gene sequence is empty or consists entirely from gaps;When processing gene ""ORF7b"": The extracted gene sequence is empty or consists entirely from gaps;When processing gene ""ORF8"": The extracted gene sequence is empty or consists entirely from gaps;When processing gene ""N"": The extracted gene sequence is empty or consists entirely from gaps;When processing gene ""ORF9b"": The extracted gene sequence is empty or consists entirely from gaps"	
440	1787_sub0	21J	21J (Delta)	Delta	21J	B.1.617.2.4	AY.4	56.250000	mediocre	13	6	0	1	0	0	8	3	0	644	18402	20678	26839	0.206066280975153	E:1,M:0.47085201793721976,ORF1b:0.1083086053412463,ORF3a:1,S:0.49529042386185246	false	C21618G,C21846T,G21987A,T22917G,C22995A,A23279T,A23403G,C23604G,C23987T,G24410A,G24914T,C25469T,T26767C	22031-22035,23966		S:159-801	M:I82T,ORF3a:S26L,S:T19R,S:T95I,S:G142D,S:P809S,S:D950N,S:D1118Y	S:F157-,S:R158-,S:F802-				A23279T,C23987T,G24914T	0	0	3	3		NODE_0000627	C21846T,A23279T,C23987T,G24914T	22035,23966	S:T95I,S:-156E,S:P809S,S:D1118Y	S:G158-,S:F802-	NODE_0000676	A23279T,C23987T,G24914T	22035,23966	S:-156E,S:P809S,S:D1118Y	S:G158-,S:F802-	N/A	N/A	N/A	N/A	N/A	N/A	N/A	N/A	N/A	N/A	ORF1b:2404,S:159-801		3000	0	good	0	10	0	good	0	24	-3	0	good	5		0	good	0	S:159-801	1		0	75	mediocre		0	0	good	0		ORF1a,ORF6,ORF7a,ORF7b,ORF8,N,ORF9b	"When processing gene ""ORF1a"": The extracted gene sequence is empty or consists entirely from gaps;When processing gene ""ORF6"": The extracted gene sequence is empty or consists entirely from gaps;When processing gene ""ORF7a"": The extracted gene sequence is empty or consists entirely from gaps;When processing gene ""ORF7b"": The extracted gene sequence is empty or consists entirely from gaps;When processing gene ""ORF8"": The extracted gene sequence is empty or consists entirely from gaps;When processing gene ""N"": The extracted gene sequence is empty or consists entirely from gaps;When processing gene ""ORF9b"": The extracted gene sequence is empty or consists entirely from gaps"	
434	538_sub0	21J	21J (Delta)	Delta	21J	B.1.617.2.4	AY.4	564.062500	bad	16	4	1	3	0	0	7	2	0	1141	18381	20678	26839	0.206066280975153	E:1,M:0.47085201793721976,ORF1b:0.1083086053412463,ORF3a:0.19927536231884058,S:0.27864992150706436	false	C21618G,T21784C,T21835A,C21846T,G21987A,G22030A,C22033A,T22917G,C22995A,A23403G,C23604G,C23987T,G24410A,G24914T,C25469T,T26767C	22031-22032,24774,25367	25557:T	S:158-1071,S:1270-1274,ORF3a:56-276	M:I82T,ORF3a:S26L,S:T19R,S:Y91*,S:T95I,S:G142D,S:D1118Y	S:F157-,S:K1269-			-22033A|24A&24E&22D&23C&24C&23F&24F&24B&rec&23I&24G&25A&24H&24D&24I&25B&25C	T21784C,T21835A,-22030A,C23987T,G24914T	0	1	5	6		NODE_0000627	T21784C,T21835A,C21846T,-22030A,-22033A,C23987T,G24914T	24774,25367	S:Y91*,S:T95I,S:-156E,S:D1118Y	S:K1269-	NODE_0000676	T21784C,T21835A,-22030A,-22033A,C23987T,G24914T	24774,25367	S:Y91*,S:-156E,S:D1118Y	S:K1269-	N/A	N/A	N/A	N/A	N/A	N/A	N/A	N/A	N/A	N/A	ORF1b:2404,S:158-1071,S:1270-1274,ORF3a:56-276		3000	0	good	0	10	0	good	0	24	3	12.500000	good	11		0	good	0	S:158-1071,S:1270-1274,ORF3a:56-276	3		0	225	bad	S:90	1	75	mediocre	0		ORF1a,ORF6,ORF7a,ORF7b,ORF8,N,ORF9b	"When processing gene ""ORF1a"": The extracted gene sequence is empty or consists entirely from gaps;When processing gene ""ORF6"": The extracted gene sequence is empty or consists entirely from gaps;When processing gene ""ORF7a"": The extracted gene sequence is empty or consists entirely from gaps;When processing gene ""ORF7b"": The extracted gene sequence is empty or consists entirely from gaps;When processing gene ""ORF8"": The extracted gene sequence is empty or consists entirely from gaps;When processing gene ""N"": The extracted gene sequence is empty or consists entirely from gaps;When processing gene ""ORF9b"": The extracted gene sequence is empty or consists entirely from gaps"	
416	1006_sub0	21J	21J (Delta)	Delta	21J	B.1.617.2.4	AY.4	0	good	16	3	0	0	0	0	15	1	0	1	18406	20678	26839	0.206066280975153	E:1,M:0.47085201793721976,ORF1b:0.1083086053412463,ORF3a:1,S:1	false	T21107C,A21371G,C21618G,C21846T,G21987A,G22030A,G22785A,T22917G,C22995A,A23403G,C23604G,C23987T,G24410A,G24914T,C25469T,T26767C	22031-22033			M:I82T,ORF1b:F2547S,ORF1b:Q2635R,ORF3a:S26L,S:T19R,S:T95I,S:G142D,S:R408K,S:L452R,S:T478K,S:D614G,S:P681R,S:P809S,S:D950N,S:D1118Y	S:F157-				T21107C,A21371G,-22030A,G22785A,C23987T,G24914T	0	0	6	6		NODE_0000627	T21107C,A21371G,C21846T,-22030A,G22785A,C23987T,G24914T		ORF1b:F2547S,ORF1b:Q2635R,S:T95I,S:-156E,S:G158R,S:R408K,S:P809S,S:D1118Y		NODE_0000676	T21107C,A21371G,-22030A,G22785A,C23987T,G24914T		ORF1b:F2547S,ORF1b:Q2635R,S:-156E,S:G158R,S:R408K,S:P809S,S:D1118Y		N/A	N/A	N/A	N/A	N/A	N/A	N/A	N/A	N/A	N/A	ORF1b:2404		3000	0	good	0	10	0	good	0	24	-2	0	good	6		0	good	0		0		0	0	good		0	0	good	0		ORF1a,ORF6,ORF7a,ORF7b,ORF8,N,ORF9b	"When processing gene ""ORF1a"": The extracted gene sequence is empty or consists entirely from gaps;When processing gene ""ORF6"": The extracted gene sequence is empty or consists entirely from gaps;When processing gene ""ORF7a"": The extracted gene sequence is empty or consists entirely from gaps;When processing gene ""ORF7b"": The extracted gene sequence is empty or consists entirely from gaps;When processing gene ""ORF8"": The extracted gene sequence is empty or consists entirely from gaps;When processing gene ""N"": The extracted gene sequence is empty or consists entirely from gaps;When processing gene ""ORF9b"": The extracted gene sequence is empty or consists entirely from gaps"	
435	1216_sub0	21J	21J (Delta)	Delta	21J	B.1.617.2.4	AY.4	225	bad	13	8	0	2	0	0	13	4	0	68	18387	20678	26839	0.206066280975153	E:1,M:0.47085201793721976,ORF1b:0.1083086053412463,ORF3a:0.7644927536231884,S:0.9984301412872841	false	C21618G,C21846T,G21987A,T22917G,C22995A,G23402A,A23403G,C23604G,C23987T,G24410A,G24914T,C25469T,T26767C	22029-22034,25376,26024		S:1273-1274,ORF3a:212-276	M:I82T,ORF3a:S26L,S:T19R,S:T95I,S:G142D,S:R158G,S:L452R,S:T478K,S:D614S,S:P681R,S:P809S,S:D950N,S:D1118Y	ORF3a:Y211-,S:E156-,S:F157-,S:Y1272-				G23402A,C23987T,G24914T	0	0	3	3		NODE_0000627	C21846T,G23402A,C23987T,G24914T	25376,26024	S:T95I,S:G614S,S:P809S,S:D1118Y	ORF3a:Y211-,S:Y1272-	NODE_0000676	G23402A,C23987T,G24914T	25376,26024	S:G614S,S:P809S,S:D1118Y	ORF3a:Y211-,S:Y1272-	N/A	N/A	N/A	N/A	N/A	N/A	N/A	N/A	N/A	N/A	ORF1b:2404,S:1273-1274,ORF3a:212-276		3000	0	good	0	10	0	good	0	24	-3	0	good	5		0	good	0	S:1273-1274,ORF3a:212-276	2		0	150	bad		0	0	good	0		ORF1a,ORF6,ORF7a,ORF7b,ORF8,N,ORF9b	"When processing gene ""ORF1a"": The extracted gene sequence is empty or consists entirely from gaps;When processing gene ""ORF6"": The extracted gene sequence is empty or consists entirely from gaps;When processing gene ""ORF7a"": The extracted gene sequence is empty or consists entirely from gaps;When processing gene ""ORF7b"": The extracted gene sequence is empty or consists entirely from gaps;When processing gene ""ORF8"": The extracted gene sequence is empty or consists entirely from gaps;When processing gene ""N"": The extracted gene sequence is empty or consists entirely from gaps;When processing gene ""ORF9b"": The extracted gene sequence is empty or consists entirely from gaps"	
438	5988_sub0	21J	21J (Delta)	Delta	21J	B.1.617.2.4	AY.4	0	good	12	6	0	0	0	0	13	2	0	1	18412	20678	26839	0.206066280975153	E:1,M:0.47085201793721976,ORF1b:0.1083086053412463,ORF3a:1,S:1	false	C21618G,C21846T,G21987A,T22917G,C22995A,A23403G,C23604G,C23987T,G24410A,G24914T,C25469T,T26767C	22029-22034			M:I82T,ORF3a:S26L,S:T19R,S:T95I,S:G142D,S:R158G,S:L452R,S:T478K,S:D614G,S:P681R,S:P809S,S:D950N,S:D1118Y	S:E156-,S:F157-				C23987T,G24914T	0	0	2	2		NODE_0000627	C21846T,C23987T,G24914T		S:T95I,S:P809S,S:D1118Y		NODE_0000676	C23987T,G24914T		S:P809S,S:D1118Y		N/A	N/A	N/A	N/A	N/A	N/A	N/A	N/A	N/A	N/A	ORF1b:2404		3000	0	good	0	10	0	good	0	24	-6	0	good	2		0	good	0		0		0	0	good		0	0	good	0		ORF1a,ORF6,ORF7a,ORF7b,ORF8,N,ORF9b	"When processing gene ""ORF1a"": The extracted gene sequence is empty or consists entirely from gaps;When processing gene ""ORF6"": The extracted gene sequence is empty or consists entirely from gaps;When processing gene ""ORF7a"": The extracted gene sequence is empty or consists entirely from gaps;When processing gene ""ORF7b"": The extracted gene sequence is empty or consists entirely from gaps;When processing gene ""ORF8"": The extracted gene sequence is empty or consists entirely from gaps;When processing gene ""N"": The extracted gene sequence is empty or consists entirely from gaps;When processing gene ""ORF9b"": The extracted gene sequence is empty or consists entirely from gaps"	
439	1255_sub0	21J	21J (Delta)	Delta	21J	B.1.617.2.4	AY.4	56.250000	mediocre	15	3	0	0	0	0	14	1	0	1	18409	20678	26839	0.206066280975153	E:1,M:0.47085201793721976,ORF1b:0.1083086053412463,ORF3a:1,S:1	false	C21618G,C21846T,G21987A,G22030T,T22917G,C22995A,A23403G,C23604G,C23987T,G24410A,G24914T,C25469T,T26214C,G26391A,T26767C	22032-22034			M:I82T,ORF3a:S26L,S:T19R,S:T95I,S:G142D,S:F157D,S:R158*,S:L452R,S:T478K,S:D614G,S:P681R,S:P809S,S:D950N,S:D1118Y	S:E156-				-22030T,C23987T,G24914T,T26214C,G26391A	0	0	5	5		NODE_0000627	C21846T,-22030T,C23987T,G24914T,T26214C,G26391A		S:T95I,S:-157D,S:G158*,S:P809S,S:D1118Y		NODE_0000676	-22030T,C23987T,G24914T,T26214C,G26391A		S:-157D,S:G158*,S:P809S,S:D1118Y		N/A	N/A	N/A	N/A	N/A	N/A	N/A	N/A	N/A	N/A	ORF1b:2404		3000	0	good	0	10	0	good	0	24	-3	0	good	5		0	good	0		0		0	0	good	S:157	1	75	mediocre	0		ORF1a,ORF6,ORF7a,ORF7b,ORF8,N,ORF9b	"When processing gene ""ORF1a"": The extracted gene sequence is empty or consists entirely from gaps;When processing gene ""ORF6"": The extracted gene sequence is empty or consists entirely from gaps;When processing gene ""ORF7a"": The extracted gene sequence is empty or consists entirely from gaps;When processing gene ""ORF7b"": The extracted gene sequence is empty or consists entirely from gaps;When processing gene ""ORF8"": The extracted gene sequence is empty or consists entirely from gaps;When processing gene ""N"": The extracted gene sequence is empty or consists entirely from gaps;When processing gene ""ORF9b"": The extracted gene sequence is empty or consists entirely from gaps"	
