index	seqName	clade	clade_display	clade_who	clade_nextstrain	partiallyAliased	Nextclade_pango	qc.overallScore	qc.overallStatus	totalSubstitutions	totalDeletions	totalInsertions	totalFrameShifts	totalMissing	totalNonACGTNs	totalAminoacidSubstitutions	totalAminoacidDeletions	totalAminoacidInsertions	totalUnknownAa	alignmentScore	alignmentStart	alignmentEnd	coverage	cdsCoverage	isReverseComplement	substitutions	deletions	insertions	frameShifts	aaSubstitutions	aaDeletions	aaInsertions	privateNucMutations.reversionSubstitutions	privateNucMutations.labeledSubstitutions	privateNucMutations.unlabeledSubstitutions	privateNucMutations.totalReversionSubstitutions	privateNucMutations.totalLabeledSubstitutions	privateNucMutations.totalUnlabeledSubstitutions	privateNucMutations.totalPrivateSubstitutions	missing	founderMuts['clade'].nodeName	founderMuts['clade'].substitutions	founderMuts['clade'].deletions	founderMuts['clade'].aaSubstitutions	founderMuts['clade'].aaDeletions	founderMuts['Nextclade_pango'].nodeName	founderMuts['Nextclade_pango'].substitutions	founderMuts['Nextclade_pango'].deletions	founderMuts['Nextclade_pango'].aaSubstitutions	founderMuts['Nextclade_pango'].aaDeletions	relativeMutations['JN.1 (24A)'].nodeName	relativeMutations['JN.1 (24A)'].substitutions	relativeMutations['JN.1 (24A)'].deletions	relativeMutations['JN.1 (24A)'].aaSubstitutions	relativeMutations['JN.1 (24A)'].aaDeletions	relativeMutations['XBB.1.5 (23A)'].nodeName	relativeMutations['XBB.1.5 (23A)'].substitutions	relativeMutations['XBB.1.5 (23A)'].deletions	relativeMutations['XBB.1.5 (23A)'].aaSubstitutions	relativeMutations['XBB.1.5 (23A)'].aaDeletions	unknownAaRanges	nonACGTNs	qc.missingData.missingDataThreshold	qc.missingData.score	qc.missingData.status	qc.missingData.totalMissing	qc.mixedSites.mixedSitesThreshold	qc.mixedSites.score	qc.mixedSites.status	qc.mixedSites.totalMixedSites	qc.privateMutations.cutoff	qc.privateMutations.excess	qc.privateMutations.score	qc.privateMutations.status	qc.privateMutations.total	qc.snpClusters.clusteredSNPs	qc.snpClusters.score	qc.snpClusters.status	qc.snpClusters.totalSNPs	qc.frameShifts.frameShifts	qc.frameShifts.totalFrameShifts	qc.frameShifts.frameShiftsIgnored	qc.frameShifts.totalFrameShiftsIgnored	qc.frameShifts.score	qc.frameShifts.status	qc.stopCodons.stopCodons	qc.stopCodons.totalStopCodons	qc.stopCodons.score	qc.stopCodons.status	totalPcrPrimerChanges	pcrPrimerChanges	failedCdses	warnings	errors
12	4327_sub0	21J	21J (Delta)	Delta	21J	B.1.617.2.103	AY.103	0	good	12	6	0	0	0	0	11	2	0	1	18412	20678	26839	0.206066280975153	E:1,M:0.47085201793721976,ORF1b:0.1083086053412463,ORF3a:1,S:1	false	C21618G,G21987A,T22917G,C22995A,A23403G,C23604G,A24062G,C24208T,G24410A,C25240T,C25469T,T26767C	22029-22034			M:I82T,ORF3a:S26L,S:T19R,S:G142D,S:R158G,S:L452R,S:T478K,S:D614G,S:P681R,S:I834V,S:D950N	S:E156-,S:F157-				A24062G,C25240T	0	0	2	2		NODE_0000627	A24062G,C24208T,C25240T		S:I834V		AY.103	A24062G,C25240T		S:I834V		N/A	N/A	N/A	N/A	N/A	N/A	N/A	N/A	N/A	N/A	ORF1b:2404		3000	0	good	0	10	0	good	0	24	-6	0	good	2		0	good	0		0		0	0	good		0	0	good	0		ORF1a,ORF6,ORF7a,ORF7b,ORF8,N,ORF9b	"When processing gene ""ORF1a"": The extracted gene sequence is empty or consists entirely from gaps;When processing gene ""ORF6"": The extracted gene sequence is empty or consists entirely from gaps;When processing gene ""ORF7a"": The extracted gene sequence is empty or consists entirely from gaps;When processing gene ""ORF7b"": The extracted gene sequence is empty or consists entirely from gaps;When processing gene ""ORF8"": The extracted gene sequence is empty or consists entirely from gaps;When processing gene ""N"": The extracted gene sequence is empty or consists entirely from gaps;When processing gene ""ORF9b"": The extracted gene sequence is empty or consists entirely from gaps"	
30	175_sub0	21J	21J (Delta)	Delta	21J	B.1.617.2.103	AY.103	56.250000	mediocre	13	4	0	1	0	0	5	2	0	856	18408	20678	26839	0.206066280975153	E:1,M:0.47085201793721976,ORF1b:0.1083086053412463,ORF3a:1,S:0.32888540031397173	false	C21618G,G21987A,G22030A,A22429G,T22917G,C22995A,A23403G,C23604G,C24208T,G24410A,C25469T,T26767C,C26815T	22031-22033,22817		S:420-1274	M:I82T,M:A98V,ORF3a:S26L,S:T19R,S:G142D	S:F157-,S:A419-				-22030A,A22429G,C26815T	0	0	3	3		NODE_0000627	-22030A,A22429G,C24208T,C26815T	22817	M:A98V,S:-156E,S:G158R	S:A419-	AY.103	-22030A,A22429G,C26815T	22817	M:A98V,S:-156E,S:G158R	S:A419-	N/A	N/A	N/A	N/A	N/A	N/A	N/A	N/A	N/A	N/A	ORF1b:2404,S:420-1274		3000	0	good	0	10	0	good	0	24	-4	0	good	4		0	good	0	S:420-1274	1		0	75	mediocre		0	0	good	0		ORF1a,ORF6,ORF7a,ORF7b,ORF8,N,ORF9b	"When processing gene ""ORF1a"": The extracted gene sequence is empty or consists entirely from gaps;When processing gene ""ORF6"": The extracted gene sequence is empty or consists entirely from gaps;When processing gene ""ORF7a"": The extracted gene sequence is empty or consists entirely from gaps;When processing gene ""ORF7b"": The extracted gene sequence is empty or consists entirely from gaps;When processing gene ""ORF8"": The extracted gene sequence is empty or consists entirely from gaps;When processing gene ""N"": The extracted gene sequence is empty or consists entirely from gaps;When processing gene ""ORF9b"": The extracted gene sequence is empty or consists entirely from gaps"	
26	83_sub0	21J	21J (Delta)	Delta	21J	B.1.617.2.103	AY.103	56.250000	mediocre	12	3	1	1	0	0	9	1	0	172	18415	20678	26839	0.206066280975153	E:1,M:0,ORF1b:0.1083086053412463,ORF3a:1,S:1	false	C21618G,G21987A,G22030A,T22917G,C22995A,A23403G,C23604G,A24062G,C24208T,G24410A,C25469T,T26767C	22031-22033	26678:T	M:53-223	ORF3a:S26L,S:T19R,S:G142D,S:L452R,S:T478K,S:D614G,S:P681R,S:I834V,S:D950N	S:F157-				-22030A,A24062G	0	0	2	2		NODE_0000627	-22030A,A24062G,C24208T		S:-156E,S:G158R,S:I834V		AY.103	-22030A,A24062G		S:-156E,S:G158R,S:I834V		N/A	N/A	N/A	N/A	N/A	N/A	N/A	N/A	N/A	N/A	ORF1b:2404,M:53-223		3000	0	good	0	10	0	good	0	24	-6	0	good	2		0	good	0	M:53-223	1		0	75	mediocre		0	0	good	0		ORF1a,ORF6,ORF7a,ORF7b,ORF8,N,ORF9b	"When processing gene ""ORF1a"": The extracted gene sequence is empty or consists entirely from gaps;When processing gene ""ORF6"": The extracted gene sequence is empty or consists entirely from gaps;When processing gene ""ORF7a"": The extracted gene sequence is empty or consists entirely from gaps;When processing gene ""ORF7b"": The extracted gene sequence is empty or consists entirely from gaps;When processing gene ""ORF8"": The extracted gene sequence is empty or consists entirely from gaps;When processing gene ""N"": The extracted gene sequence is empty or consists entirely from gaps;When processing gene ""ORF9b"": The extracted gene sequence is empty or consists entirely from gaps"	
2	625_sub0	21J	21J (Delta)	Delta	21J	B.1.617.2.103	AY.103	56.250000	mediocre	10	5	0	1	0	0	4	2	0	1118	18416	20678	26839	0.206066280975153	E:1,M:0.47085201793721976,ORF1b:0.1083086053412463,ORF3a:1,S:0.12323390894819466	false	C21618G,G21987A,T22917G,C22995A,A23403G,C23604G,C24208T,G24410A,C25469T,T26767C	22030-22033,23231		S:158-1274	M:I82T,ORF3a:S26L,S:T19R,S:G142D	S:E156-,S:F157-					0	0	0	0		NODE_0000627	C24208T	23231			AY.103		23231			N/A	N/A	N/A	N/A	N/A	N/A	N/A	N/A	N/A	N/A	ORF1b:2404,S:158-1274		3000	0	good	0	10	0	good	0	24	-7	0	good	1		0	good	0	S:158-1274	1		0	75	mediocre		0	0	good	0		ORF1a,ORF6,ORF7a,ORF7b,ORF8,N,ORF9b	"When processing gene ""ORF1a"": The extracted gene sequence is empty or consists entirely from gaps;When processing gene ""ORF6"": The extracted gene sequence is empty or consists entirely from gaps;When processing gene ""ORF7a"": The extracted gene sequence is empty or consists entirely from gaps;When processing gene ""ORF7b"": The extracted gene sequence is empty or consists entirely from gaps;When processing gene ""ORF8"": The extracted gene sequence is empty or consists entirely from gaps;When processing gene ""N"": The extracted gene sequence is empty or consists entirely from gaps;When processing gene ""ORF9b"": The extracted gene sequence is empty or consists entirely from gaps"	
18	499_sub0	21J	21J (Delta)	Delta	21J	B.1.617.2.103	AY.103	56.250000	mediocre	10	5	0	1	0	0	4	2	0	1117	18424	20678	26839	0.206066280975153	E:1,M:0.47085201793721976,ORF1b:0.1083086053412463,ORF3a:1,S:0.12401883830455258	false	C21618G,G21987A,T22917G,C22995A,A23403G,C23604G,C24208T,G24410A,C25469T,T26767C	22031-22035		S:159-1274	M:I82T,ORF3a:S26L,S:T19R,S:G142D	S:F157-,S:R158-					0	0	0	0		NODE_0000627	C24208T	22035	S:-156E	S:G158-	AY.103		22035	S:-156E	S:G158-	N/A	N/A	N/A	N/A	N/A	N/A	N/A	N/A	N/A	N/A	ORF1b:2404,S:159-1274		3000	0	good	0	10	0	good	0	24	-7	0	good	1		0	good	0	S:159-1274	1		0	75	mediocre		0	0	good	0		ORF1a,ORF6,ORF7a,ORF7b,ORF8,N,ORF9b	"When processing gene ""ORF1a"": The extracted gene sequence is empty or consists entirely from gaps;When processing gene ""ORF6"": The extracted gene sequence is empty or consists entirely from gaps;When processing gene ""ORF7a"": The extracted gene sequence is empty or consists entirely from gaps;When processing gene ""ORF7b"": The extracted gene sequence is empty or consists entirely from gaps;When processing gene ""ORF8"": The extracted gene sequence is empty or consists entirely from gaps;When processing gene ""N"": The extracted gene sequence is empty or consists entirely from gaps;When processing gene ""ORF9b"": The extracted gene sequence is empty or consists entirely from gaps"	
7	305_sub0	21J	21J (Delta)	Delta	21J	B.1.617.2.103	AY.103	56.250000	mediocre	11	5	0	1	0	0	5	2	0	1117	18420	20678	26839	0.206066280975153	E:1,M:0.47085201793721976,ORF1b:0.1083086053412463,ORF3a:1,S:0.12401883830455258	false	C21618G,G21987A,T22917G,C22995A,A23403G,C23604G,C24208T,G24410A,C25469T,C26447T,T26767C	22031-22035		S:159-1274	E:S68F,M:I82T,ORF3a:S26L,S:T19R,S:G142D	S:F157-,S:R158-				C26447T	0	0	1	1		NODE_0000627	C24208T,C26447T	22035	E:S68F,S:-156E	S:G158-	AY.103	C26447T	22035	E:S68F,S:-156E	S:G158-	N/A	N/A	N/A	N/A	N/A	N/A	N/A	N/A	N/A	N/A	ORF1b:2404,S:159-1274		3000	0	good	0	10	0	good	0	24	-6	0	good	2		0	good	0	S:159-1274	1		0	75	mediocre		0	0	good	0		ORF1a,ORF6,ORF7a,ORF7b,ORF8,N,ORF9b	"When processing gene ""ORF1a"": The extracted gene sequence is empty or consists entirely from gaps;When processing gene ""ORF6"": The extracted gene sequence is empty or consists entirely from gaps;When processing gene ""ORF7a"": The extracted gene sequence is empty or consists entirely from gaps;When processing gene ""ORF7b"": The extracted gene sequence is empty or consists entirely from gaps;When processing gene ""ORF8"": The extracted gene sequence is empty or consists entirely from gaps;When processing gene ""N"": The extracted gene sequence is empty or consists entirely from gaps;When processing gene ""ORF9b"": The extracted gene sequence is empty or consists entirely from gaps"	
16	487_sub0	21J	21J (Delta)	Delta	21J	B.1.617.2.103	AY.103	56.250000	mediocre	16	8	1	1	0	0	6	3	0	810	18376	20678	26839	0.206066280975153	E:1,M:0.47085201793721976,ORF1b:0.1083086053412463,ORF3a:1,S:0.3649921507064364	false	C21618G,G21987A,T22917G,C22995A,A23305C,A23403G,C23457G,C23604G,C24208T,T24327C,G24410A,A24556G,C25469T,A25965G,A26473C,T26767C	22029-22034,22955-22956	23044:T	S:466-1274	M:I82T,ORF3a:S26L,S:T19R,S:G142D,S:R158G,S:L452R	S:E156-,S:F157-,S:E465-				A23305C,C23457G,T24327C,A24556G,A25965G,A26473C	0	0	6	6		NODE_0000627	A23305C,C23457G,C24208T,T24327C,A24556G,A25965G,A26473C	22955-22956		S:E465-	AY.103	A23305C,C23457G,T24327C,A24556G,A25965G,A26473C	22955-22956		S:E465-	N/A	N/A	N/A	N/A	N/A	N/A	N/A	N/A	N/A	N/A	ORF1b:2404,S:466-1274		3000	0	good	0	10	0	good	0	24	-1	0	good	7		0	good	0	S:466-1274	1		0	75	mediocre		0	0	good	0		ORF1a,ORF6,ORF7a,ORF7b,ORF8,N,ORF9b	"When processing gene ""ORF1a"": The extracted gene sequence is empty or consists entirely from gaps;When processing gene ""ORF6"": The extracted gene sequence is empty or consists entirely from gaps;When processing gene ""ORF7a"": The extracted gene sequence is empty or consists entirely from gaps;When processing gene ""ORF7b"": The extracted gene sequence is empty or consists entirely from gaps;When processing gene ""ORF8"": The extracted gene sequence is empty or consists entirely from gaps;When processing gene ""N"": The extracted gene sequence is empty or consists entirely from gaps;When processing gene ""ORF9b"": The extracted gene sequence is empty or consists entirely from gaps"	
14	632_sub0	21J	21J (Delta)	Delta	21J	B.1.617.2.103	AY.103	225	bad	10	9	1	2	0	0	6	2	0	951	18389	20678	26839	0.206066280975153	E:1,M:0.47085201793721976,ORF1b:0.1083086053412463,ORF3a:1,S:0.2543171114599686	false	C21618G,G21987A,T22917G,C22995A,A23403G,C23604G,C24208T,G24410A,C25469T,T26767C	22000,22029-22034,22955-22956	23488:T	S:147-464,S:643-1274	M:I82T,ORF3a:S26L,S:T19R,S:G142D,S:T478K,S:D614G	S:H146-,S:E465-					0	0	0	0		NODE_0000627	C24208T	22000,22955-22956		S:H146-,S:E465-	AY.103		22000,22955-22956		S:H146-,S:E465-	N/A	N/A	N/A	N/A	N/A	N/A	N/A	N/A	N/A	N/A	ORF1b:2404,S:147-464,S:643-1274		3000	0	good	0	10	0	good	0	24	-6	0	good	2		0	good	0	S:147-464,S:643-1274	2		0	150	bad		0	0	good	0		ORF1a,ORF6,ORF7a,ORF7b,ORF8,N,ORF9b	"When processing gene ""ORF1a"": The extracted gene sequence is empty or consists entirely from gaps;When processing gene ""ORF6"": The extracted gene sequence is empty or consists entirely from gaps;When processing gene ""ORF7a"": The extracted gene sequence is empty or consists entirely from gaps;When processing gene ""ORF7b"": The extracted gene sequence is empty or consists entirely from gaps;When processing gene ""ORF8"": The extracted gene sequence is empty or consists entirely from gaps;When processing gene ""N"": The extracted gene sequence is empty or consists entirely from gaps;When processing gene ""ORF9b"": The extracted gene sequence is empty or consists entirely from gaps"	
11	573_sub0	21J	21J (Delta)	Delta	21J	B.1.617.2.103	AY.103	56.250000	mediocre	10	5	0	1	0	0	4	2	0	1117	18424	20678	26839	0.206066280975153	E:1,M:0.47085201793721976,ORF1b:0.1083086053412463,ORF3a:1,S:0.12401883830455258	false	C21618G,G21987A,T22917G,C22995A,A23403G,C23604G,C24208T,G24410A,C25469T,T26767C	22031-22035		S:159-1274	M:I82T,ORF3a:S26L,S:T19R,S:G142D	S:F157-,S:R158-					0	0	0	0		NODE_0000627	C24208T	22035	S:-156E	S:G158-	AY.103		22035	S:-156E	S:G158-	N/A	N/A	N/A	N/A	N/A	N/A	N/A	N/A	N/A	N/A	ORF1b:2404,S:159-1274		3000	0	good	0	10	0	good	0	24	-7	0	good	1		0	good	0	S:159-1274	1		0	75	mediocre		0	0	good	0		ORF1a,ORF6,ORF7a,ORF7b,ORF8,N,ORF9b	"When processing gene ""ORF1a"": The extracted gene sequence is empty or consists entirely from gaps;When processing gene ""ORF6"": The extracted gene sequence is empty or consists entirely from gaps;When processing gene ""ORF7a"": The extracted gene sequence is empty or consists entirely from gaps;When processing gene ""ORF7b"": The extracted gene sequence is empty or consists entirely from gaps;When processing gene ""ORF8"": The extracted gene sequence is empty or consists entirely from gaps;When processing gene ""N"": The extracted gene sequence is empty or consists entirely from gaps;When processing gene ""ORF9b"": The extracted gene sequence is empty or consists entirely from gaps"	
21	727_sub0	21J	21J (Delta)	Delta	21J	B.1.617.2.103	AY.103	0	good	13	3	0	0	0	0	11	1	0	1	18418	20678	26839	0.206066280975153	E:1,M:0.47085201793721976,ORF1b:0.1083086053412463,ORF3a:1,S:1	false	C21618G,G21987A,G22030T,A22429G,T22917G,C22995A,A23403G,C23604G,C24208T,G24410A,C25469T,T26767C,C26815T	22031-22033			M:I82T,M:A98V,ORF3a:S26L,S:T19R,S:G142D,S:F157D,S:L452R,S:T478K,S:D614G,S:P681R,S:D950N	S:E156-				-22030T,A22429G,C26815T	0	0	3	3		NODE_0000627	-22030T,A22429G,C24208T,C26815T		M:A98V,S:-157D,S:G158R		AY.103	-22030T,A22429G,C26815T		M:A98V,S:-157D,S:G158R		N/A	N/A	N/A	N/A	N/A	N/A	N/A	N/A	N/A	N/A	ORF1b:2404		3000	0	good	0	10	0	good	0	24	-5	0	good	3		0	good	0		0		0	0	good		0	0	good	0		ORF1a,ORF6,ORF7a,ORF7b,ORF8,N,ORF9b	"When processing gene ""ORF1a"": The extracted gene sequence is empty or consists entirely from gaps;When processing gene ""ORF6"": The extracted gene sequence is empty or consists entirely from gaps;When processing gene ""ORF7a"": The extracted gene sequence is empty or consists entirely from gaps;When processing gene ""ORF7b"": The extracted gene sequence is empty or consists entirely from gaps;When processing gene ""ORF8"": The extracted gene sequence is empty or consists entirely from gaps;When processing gene ""N"": The extracted gene sequence is empty or consists entirely from gaps;When processing gene ""ORF9b"": The extracted gene sequence is empty or consists entirely from gaps"	
8	446_sub0	21J	21J (Delta)	Delta	21J	B.1.617.2.103	AY.103	225	bad	13	6	1	2	0	0	7	2	0	985	18393	20678	26839	0.206066280975153	E:0.06578947368421052,M:0.47085201793721976,ORF1b:0.1083086053412463,ORF3a:1,S:0.28335949764521196	false	G20773A,C21618G,G21987A,T22917G,C22995A,G23175A,A23403G,C23604G,C24208T,G24410A,C25469T,A25948G,T26767C	22031-22035,24774	26257:C	S:159-1071,E:6-76	E:V5A,M:I82T,ORF1b:G2436S,ORF3a:S26L,ORF3a:I186V,S:T19R,S:G142D	S:F157-,S:R158-				G20773A,G23175A,A25948G	0	0	3	3		NODE_0000627	G20773A,G23175A,C24208T,A25948G	22035,24774	E:V5A,ORF1b:G2436S,ORF3a:I186V,S:-156E	S:G158-	AY.103	G20773A,G23175A,A25948G	22035,24774	E:V5A,ORF1b:G2436S,ORF3a:I186V,S:-156E	S:G158-	N/A	N/A	N/A	N/A	N/A	N/A	N/A	N/A	N/A	N/A	ORF1b:2404,S:159-1071,E:6-76		3000	0	good	0	10	0	good	0	24	-3	0	good	5		0	good	0	S:159-1071,E:6-76	2		0	150	bad		0	0	good	0		ORF1a,ORF6,ORF7a,ORF7b,ORF8,N,ORF9b	"When processing gene ""ORF1a"": The extracted gene sequence is empty or consists entirely from gaps;When processing gene ""ORF6"": The extracted gene sequence is empty or consists entirely from gaps;When processing gene ""ORF7a"": The extracted gene sequence is empty or consists entirely from gaps;When processing gene ""ORF7b"": The extracted gene sequence is empty or consists entirely from gaps;When processing gene ""ORF8"": The extracted gene sequence is empty or consists entirely from gaps;When processing gene ""N"": The extracted gene sequence is empty or consists entirely from gaps;When processing gene ""ORF9b"": The extracted gene sequence is empty or consists entirely from gaps"	
0	4034_sub0	21I	21I (Delta)	Delta	21I	B.1.617.2.37	AY.37	56.250000	mediocre	15	5	0	1	0	0	4	3	0	1117	18404	20678	26839	0.206066280975153	E:1,M:0.47085201793721976,ORF1b:0.1083086053412463,ORF3a:1,S:0.12401883830455258	false	T20911C,C21618G,G21987A,A22029C,C22227T,G22661C,T22917G,T22981C,C22995A,A23403G,T23514A,C23604G,G24410A,C25469T,T26767C	22031-22035		S:159-1274	M:I82T,ORF3a:S26L,S:T19R,S:G142D	S:E156-,S:F157-,S:R158-				-22029C,G22661C,T22981C,T23514A	0	0	4	4		NODE_0000615	T20911C,-22029C,G22661C,T22981C,T23514A	22035		S:G158-	AY.37	-22029C,G22661C,T22981C,T23514A	22035		S:G158-	N/A	N/A	N/A	N/A	N/A	N/A	N/A	N/A	N/A	N/A	ORF1b:2404,S:159-1274		3000	0	good	0	10	0	good	0	24	-3	0	good	5		0	good	0	S:159-1274	1		0	75	mediocre		0	0	good	0		ORF1a,ORF6,ORF7a,ORF7b,ORF8,N,ORF9b	"When processing gene ""ORF1a"": The extracted gene sequence is empty or consists entirely from gaps;When processing gene ""ORF6"": The extracted gene sequence is empty or consists entirely from gaps;When processing gene ""ORF7a"": The extracted gene sequence is empty or consists entirely from gaps;When processing gene ""ORF7b"": The extracted gene sequence is empty or consists entirely from gaps;When processing gene ""ORF8"": The extracted gene sequence is empty or consists entirely from gaps;When processing gene ""N"": The extracted gene sequence is empty or consists entirely from gaps;When processing gene ""ORF9b"": The extracted gene sequence is empty or consists entirely from gaps"	
19	5291_sub0	21J	21J (Delta)	Delta	21J	B.1.617.2.103	AY.103	225	bad	13	7	1	2	0	0	13	3	0	220	18390	20678	26839	0.206066280975153	E:0.06578947368421052,M:0.47085201793721976,ORF1b:0.1083086053412463,ORF3a:0.463768115942029,S:1	false	G20773A,C21618G,G21987A,T22917G,C22995A,G23175A,A23403G,C23604G,C24208T,G24410A,C25469T,A25948G,T26767C	22029-22034,25774	26257:C	ORF3a:129-276,E:6-76	E:V5A,M:I82T,ORF1b:G2436S,ORF3a:S26L,S:T19R,S:G142D,S:R158G,S:L452R,S:T478K,S:C538Y,S:D614G,S:P681R,S:D950N	ORF3a:W128-,S:E156-,S:F157-				G20773A,G23175A,A25948G	0	0	3	3		NODE_0000627	G20773A,G23175A,C24208T,A25948G	25774	E:V5A,ORF1b:G2436S,S:C538Y	ORF3a:W128-	AY.103	G20773A,G23175A,A25948G	25774	E:V5A,ORF1b:G2436S,S:C538Y	ORF3a:W128-	N/A	N/A	N/A	N/A	N/A	N/A	N/A	N/A	N/A	N/A	ORF1b:2404,ORF3a:129-276,E:6-76		3000	0	good	0	10	0	good	0	24	-4	0	good	4		0	good	0	ORF3a:129-276,E:6-76	2		0	150	bad		0	0	good	0		ORF1a,ORF6,ORF7a,ORF7b,ORF8,N,ORF9b	"When processing gene ""ORF1a"": The extracted gene sequence is empty or consists entirely from gaps;When processing gene ""ORF6"": The extracted gene sequence is empty or consists entirely from gaps;When processing gene ""ORF7a"": The extracted gene sequence is empty or consists entirely from gaps;When processing gene ""ORF7b"": The extracted gene sequence is empty or consists entirely from gaps;When processing gene ""ORF8"": The extracted gene sequence is empty or consists entirely from gaps;When processing gene ""N"": The extracted gene sequence is empty or consists entirely from gaps;When processing gene ""ORF9b"": The extracted gene sequence is empty or consists entirely from gaps"	
10	5308_sub0	21J	21J (Delta)	Delta	21J	B.1.617.2.103	AY.103	56.250000	mediocre	10	7	0	1	0	0	3	1	0	1183	18410	20678	26839	0.206066280975153	E:1,M:0.47085201793721976,ORF1b:0.1083086053412463,ORF3a:1,S:0.07221350078492936	false	C21618G,G21987A,T22917G,C22995A,A23403G,C23604G,C24208T,G24410A,C25469T,T26767C	21836,22029-22034		S:93-1274	M:I82T,ORF3a:S26L,S:T19R	S:F92-					0	0	0	0		NODE_0000627	C24208T	21836		S:F92-	AY.103		21836		S:F92-	N/A	N/A	N/A	N/A	N/A	N/A	N/A	N/A	N/A	N/A	ORF1b:2404,S:93-1274		3000	0	good	0	10	0	good	0	24	-7	0	good	1		0	good	0	S:93-1274	1		0	75	mediocre		0	0	good	0		ORF1a,ORF6,ORF7a,ORF7b,ORF8,N,ORF9b	"When processing gene ""ORF1a"": The extracted gene sequence is empty or consists entirely from gaps;When processing gene ""ORF6"": The extracted gene sequence is empty or consists entirely from gaps;When processing gene ""ORF7a"": The extracted gene sequence is empty or consists entirely from gaps;When processing gene ""ORF7b"": The extracted gene sequence is empty or consists entirely from gaps;When processing gene ""ORF8"": The extracted gene sequence is empty or consists entirely from gaps;When processing gene ""N"": The extracted gene sequence is empty or consists entirely from gaps;When processing gene ""ORF9b"": The extracted gene sequence is empty or consists entirely from gaps"	
31	3884_sub0	21J	21J (Delta)	Delta	21J	B.1.617.2.103	AY.103	0	good	11	6	0	0	0	0	11	2	0	1	18416	20678	26839	0.206066280975153	E:1,M:0.47085201793721976,ORF1b:0.1083086053412463,ORF3a:1,S:1	false	C21618G,G21987A,T22917G,C22995A,A23403G,C23604G,A24062G,C24208T,G24410A,C25469T,T26767C	22029-22034			M:I82T,ORF3a:S26L,S:T19R,S:G142D,S:R158G,S:L452R,S:T478K,S:D614G,S:P681R,S:I834V,S:D950N	S:E156-,S:F157-				A24062G	0	0	1	1		NODE_0000627	A24062G,C24208T		S:I834V		AY.103	A24062G		S:I834V		N/A	N/A	N/A	N/A	N/A	N/A	N/A	N/A	N/A	N/A	ORF1b:2404		3000	0	good	0	10	0	good	0	24	-7	0	good	1		0	good	0		0		0	0	good		0	0	good	0		ORF1a,ORF6,ORF7a,ORF7b,ORF8,N,ORF9b	"When processing gene ""ORF1a"": The extracted gene sequence is empty or consists entirely from gaps;When processing gene ""ORF6"": The extracted gene sequence is empty or consists entirely from gaps;When processing gene ""ORF7a"": The extracted gene sequence is empty or consists entirely from gaps;When processing gene ""ORF7b"": The extracted gene sequence is empty or consists entirely from gaps;When processing gene ""ORF8"": The extracted gene sequence is empty or consists entirely from gaps;When processing gene ""N"": The extracted gene sequence is empty or consists entirely from gaps;When processing gene ""ORF9b"": The extracted gene sequence is empty or consists entirely from gaps"	
6	1072_sub0	21J	21J (Delta)	Delta	21J	B.1.617.2.103	AY.103	56.250000	mediocre	12	4	0	1	0	0	5	2	0	1118	18418	20678	26839	0.206066280975153	E:1,M:0.47085201793721976,ORF1b:0.1083086053412463,ORF3a:1,S:0.12323390894819466	false	A21555C,C21618G,G21987A,T22917G,C22995A,A23403G,C23604G,C24208T,G24410A,G24933T,C25469T,T26767C	22030-22033		S:158-1274	M:I82T,ORF1b:*2696Y,ORF3a:S26L,S:T19R,S:G142D	S:E156-,S:F157-				A21555C,G24933T	0	0	2	2		NODE_0000627	A21555C,C24208T,G24933T		ORF1b:*2696Y		AY.103	A21555C,G24933T		ORF1b:*2696Y		N/A	N/A	N/A	N/A	N/A	N/A	N/A	N/A	N/A	N/A	ORF1b:2404,S:158-1274		3000	0	good	0	10	0	good	0	24	-6	0	good	2		0	good	0	S:158-1274	1		0	75	mediocre		0	0	good	0		ORF1a,ORF6,ORF7a,ORF7b,ORF8,N,ORF9b	"When processing gene ""ORF1a"": The extracted gene sequence is empty or consists entirely from gaps;When processing gene ""ORF6"": The extracted gene sequence is empty or consists entirely from gaps;When processing gene ""ORF7a"": The extracted gene sequence is empty or consists entirely from gaps;When processing gene ""ORF7b"": The extracted gene sequence is empty or consists entirely from gaps;When processing gene ""ORF8"": The extracted gene sequence is empty or consists entirely from gaps;When processing gene ""N"": The extracted gene sequence is empty or consists entirely from gaps;When processing gene ""ORF9b"": The extracted gene sequence is empty or consists entirely from gaps"	
3	291_sub0	21J	21J (Delta)	Delta	21J	B.1.617.2.103	AY.103	56.250000	mediocre	10	7	0	1	0	0	10	3	0	53	18409	20678	26839	0.206066280975153	E:1,M:0.47085201793721976,ORF1b:0.08902077151335312,ORF3a:1,S:1	false	C21618G,G21987A,T22917G,C22995A,A23403G,C23604G,C24208T,G24410A,C25469T,T26767C	21398,22029-22034		ORF1b:2645-2696	M:I82T,ORF3a:S26L,S:T19R,S:G142D,S:R158G,S:L452R,S:T478K,S:D614G,S:P681R,S:D950N	ORF1b:M2644-,S:E156-,S:F157-					0	0	0	0		NODE_0000627	C24208T	21398		ORF1b:M2644-	AY.103		21398		ORF1b:M2644-	N/A	N/A	N/A	N/A	N/A	N/A	N/A	N/A	N/A	N/A	ORF1b:2404,ORF1b:2645-2696		3000	0	good	0	10	0	good	0	24	-7	0	good	1		0	good	0	ORF1b:2645-2696	1		0	75	mediocre		0	0	good	0		ORF1a,ORF6,ORF7a,ORF7b,ORF8,N,ORF9b	"When processing gene ""ORF1a"": The extracted gene sequence is empty or consists entirely from gaps;When processing gene ""ORF6"": The extracted gene sequence is empty or consists entirely from gaps;When processing gene ""ORF7a"": The extracted gene sequence is empty or consists entirely from gaps;When processing gene ""ORF7b"": The extracted gene sequence is empty or consists entirely from gaps;When processing gene ""ORF8"": The extracted gene sequence is empty or consists entirely from gaps;When processing gene ""N"": The extracted gene sequence is empty or consists entirely from gaps;When processing gene ""ORF9b"": The extracted gene sequence is empty or consists entirely from gaps"	
17	1010_sub0	21J	21J (Delta)	Delta	21J	B.1.617.2.103	AY.103	0	good	12	6	0	0	0	0	12	2	0	1	18412	20678	26839	0.206066280975153	E:1,M:0.47085201793721976,ORF1b:0.1083086053412463,ORF3a:1,S:1	false	C21618G,G21987A,A22198C,T22917G,C22995A,A23403G,C23492G,C23604G,C24208T,G24410A,C25469T,T26767C	22029-22034			M:I82T,ORF3a:S26L,S:T19R,S:G142D,S:R158G,S:L212F,S:L452R,S:T478K,S:D614G,S:Q644E,S:P681R,S:D950N	S:E156-,S:F157-				A22198C,C23492G	0	0	2	2		NODE_0000627	A22198C,C23492G,C24208T		S:L212F,S:Q644E		AY.103	A22198C,C23492G		S:L212F,S:Q644E		N/A	N/A	N/A	N/A	N/A	N/A	N/A	N/A	N/A	N/A	ORF1b:2404		3000	0	good	0	10	0	good	0	24	-6	0	good	2		0	good	0		0		0	0	good		0	0	good	0		ORF1a,ORF6,ORF7a,ORF7b,ORF8,N,ORF9b	"When processing gene ""ORF1a"": The extracted gene sequence is empty or consists entirely from gaps;When processing gene ""ORF6"": The extracted gene sequence is empty or consists entirely from gaps;When processing gene ""ORF7a"": The extracted gene sequence is empty or consists entirely from gaps;When processing gene ""ORF7b"": The extracted gene sequence is empty or consists entirely from gaps;When processing gene ""ORF8"": The extracted gene sequence is empty or consists entirely from gaps;When processing gene ""N"": The extracted gene sequence is empty or consists entirely from gaps;When processing gene ""ORF9b"": The extracted gene sequence is empty or consists entirely from gaps"	
24	599_sub0	21J	21J (Delta)	Delta	21J	B.1.617.2.103	AY.103	0	good	10	6	0	0	0	0	10	2	0	1	18420	20678	26839	0.206066280975153	E:1,M:0.47085201793721976,ORF1b:0.1083086053412463,ORF3a:1,S:1	false	C21618G,G21987A,T22917G,C22995A,A23403G,C23604G,C24208T,G24410A,C25469T,T26767C	22029-22034			M:I82T,ORF3a:S26L,S:T19R,S:G142D,S:R158G,S:L452R,S:T478K,S:D614G,S:P681R,S:D950N	S:E156-,S:F157-					0	0	0	0		NODE_0000627	C24208T				AY.103					N/A	N/A	N/A	N/A	N/A	N/A	N/A	N/A	N/A	N/A	ORF1b:2404		3000	0	good	0	10	0	good	0	24	-8	0	good	0		0	good	0		0		0	0	good		0	0	good	0		ORF1a,ORF6,ORF7a,ORF7b,ORF8,N,ORF9b	"When processing gene ""ORF1a"": The extracted gene sequence is empty or consists entirely from gaps;When processing gene ""ORF6"": The extracted gene sequence is empty or consists entirely from gaps;When processing gene ""ORF7a"": The extracted gene sequence is empty or consists entirely from gaps;When processing gene ""ORF7b"": The extracted gene sequence is empty or consists entirely from gaps;When processing gene ""ORF8"": The extracted gene sequence is empty or consists entirely from gaps;When processing gene ""N"": The extracted gene sequence is empty or consists entirely from gaps;When processing gene ""ORF9b"": The extracted gene sequence is empty or consists entirely from gaps"	
28	367_sub0	21J	21J (Delta)	Delta	21J	B.1.617.2.103	AY.103	56.250000	mediocre	12	9	0	1	0	0	11	4	0	200	18382	20678	26839	0.206066280975153	E:1,M:0.47085201793721976,ORF1b:0.1083086053412463,ORF3a:1,S:0.8437990580847724	false	C21618G,G21987A,T22917G,C22995A,G23311A,A23403G,C23604G,C24208T,G24410A,C25469T,G26140A,T26767C	22029-22034,22211,22691,22811		S:218-416	M:I82T,ORF3a:S26L,ORF3a:D250N,S:T19R,S:G142D,S:R158G,S:L452R,S:T478K,S:D614G,S:P681R,S:D950N	S:E156-,S:F157-,S:P217-,S:K417-				G23311A,G26140A	0	0	2	2		NODE_0000627	G23311A,C24208T,G26140A	22211,22691,22811	ORF3a:D250N	S:P217-,S:K417-	AY.103	G23311A,G26140A	22211,22691,22811	ORF3a:D250N	S:P217-,S:K417-	N/A	N/A	N/A	N/A	N/A	N/A	N/A	N/A	N/A	N/A	ORF1b:2404,S:218-416		3000	0	good	0	10	0	good	0	24	-3	0	good	5		0	good	0	S:218-416	1		0	75	mediocre		0	0	good	0		ORF1a,ORF6,ORF7a,ORF7b,ORF8,N,ORF9b	"When processing gene ""ORF1a"": The extracted gene sequence is empty or consists entirely from gaps;When processing gene ""ORF6"": The extracted gene sequence is empty or consists entirely from gaps;When processing gene ""ORF7a"": The extracted gene sequence is empty or consists entirely from gaps;When processing gene ""ORF7b"": The extracted gene sequence is empty or consists entirely from gaps;When processing gene ""ORF8"": The extracted gene sequence is empty or consists entirely from gaps;When processing gene ""N"": The extracted gene sequence is empty or consists entirely from gaps;When processing gene ""ORF9b"": The extracted gene sequence is empty or consists entirely from gaps"	
22	868_sub0	21J	21J (Delta)	Delta	21J	B.1.617.2.103	AY.103	56.250000	mediocre	12	5	0	1	0	0	4	2	0	1117	18416	20678	26839	0.206066280975153	E:1,M:0.47085201793721976,ORF1b:0.1083086053412463,ORF3a:1,S:0.12401883830455258	false	C21618G,G21987A,T22917G,C22995A,A23148G,A23403G,T23464C,C23604G,C24208T,G24410A,C25469T,T26767C	22031-22035		S:159-1274	M:I82T,ORF3a:S26L,S:T19R,S:G142D	S:F157-,S:R158-				A23148G,T23464C	0	0	2	2		NODE_0000627	A23148G,T23464C,C24208T	22035	S:-156E	S:G158-	AY.103	A23148G,T23464C	22035	S:-156E	S:G158-	N/A	N/A	N/A	N/A	N/A	N/A	N/A	N/A	N/A	N/A	ORF1b:2404,S:159-1274		3000	0	good	0	10	0	good	0	24	-5	0	good	3		0	good	0	S:159-1274	1		0	75	mediocre		0	0	good	0		ORF1a,ORF6,ORF7a,ORF7b,ORF8,N,ORF9b	"When processing gene ""ORF1a"": The extracted gene sequence is empty or consists entirely from gaps;When processing gene ""ORF6"": The extracted gene sequence is empty or consists entirely from gaps;When processing gene ""ORF7a"": The extracted gene sequence is empty or consists entirely from gaps;When processing gene ""ORF7b"": The extracted gene sequence is empty or consists entirely from gaps;When processing gene ""ORF8"": The extracted gene sequence is empty or consists entirely from gaps;When processing gene ""N"": The extracted gene sequence is empty or consists entirely from gaps;When processing gene ""ORF9b"": The extracted gene sequence is empty or consists entirely from gaps"	
13	559_sub0	21J	21J (Delta)	Delta	21J	B.1.617.2.103	AY.103	56.250000	mediocre	10	6	0	1	0	0	5	3	0	644	18414	20678	26839	0.206066280975153	E:1,M:0.47085201793721976,ORF1b:0.1083086053412463,ORF3a:1,S:0.49529042386185246	false	C21618G,G21987A,T22917G,C22995A,A23403G,C23604G,C24208T,G24410A,C25469T,T26767C	22031-22035,23966		S:159-801	M:I82T,ORF3a:S26L,S:T19R,S:G142D,S:D950N	S:F157-,S:R158-,S:F802-					0	0	0	0		NODE_0000627	C24208T	22035,23966	S:-156E	S:G158-,S:F802-	AY.103		22035,23966	S:-156E	S:G158-,S:F802-	N/A	N/A	N/A	N/A	N/A	N/A	N/A	N/A	N/A	N/A	ORF1b:2404,S:159-801		3000	0	good	0	10	0	good	0	24	-6	0	good	2		0	good	0	S:159-801	1		0	75	mediocre		0	0	good	0		ORF1a,ORF6,ORF7a,ORF7b,ORF8,N,ORF9b	"When processing gene ""ORF1a"": The extracted gene sequence is empty or consists entirely from gaps;When processing gene ""ORF6"": The extracted gene sequence is empty or consists entirely from gaps;When processing gene ""ORF7a"": The extracted gene sequence is empty or consists entirely from gaps;When processing gene ""ORF7b"": The extracted gene sequence is empty or consists entirely from gaps;When processing gene ""ORF8"": The extracted gene sequence is empty or consists entirely from gaps;When processing gene ""N"": The extracted gene sequence is empty or consists entirely from gaps;When processing gene ""ORF9b"": The extracted gene sequence is empty or consists entirely from gaps"	
1	963_sub0	21J	21J (Delta)	Delta	21J	B.1.617.2.103	AY.103	56.250000	mediocre	11	7	0	2	0	0	9	4	0	479	18400	20678	26839	0.206066280975153	E:1,M:0.47085201793721976,ORF1b:0.1083086053412463,ORF3a:0.2028985507246377,S:0.7974882260596546	false	C21618G,G21987A,T22917G,C22995A,G23311A,A23403G,C23604G,C24208T,G24410A,C25469T,T26767C	22031-22035,22811,25558		S:159-416,ORF3a:57-276	M:I82T,ORF3a:S26L,S:T19R,S:G142D,S:L452R,S:T478K,S:D614G,S:P681R,S:D950N	ORF3a:F56-,S:F157-,S:R158-,S:K417-				G23311A	0	0	1	1		NODE_0000627	G23311A,C24208T	22035,22811,25558	S:-156E	ORF3a:F56-,S:G158-,S:K417-	AY.103	G23311A	22035,22811,25558	S:-156E	ORF3a:F56-,S:G158-,S:K417-	N/A	N/A	N/A	N/A	N/A	N/A	N/A	N/A	N/A	N/A	ORF1b:2404,S:159-416,ORF3a:57-276		3000	0	good	0	10	0	good	0	24	-4	0	good	4		0	good	0	S:159-416	1	ORF3a:57-276	1	75	mediocre		0	0	good	0		ORF1a,ORF6,ORF7a,ORF7b,ORF8,N,ORF9b	"When processing gene ""ORF1a"": The extracted gene sequence is empty or consists entirely from gaps;When processing gene ""ORF6"": The extracted gene sequence is empty or consists entirely from gaps;When processing gene ""ORF7a"": The extracted gene sequence is empty or consists entirely from gaps;When processing gene ""ORF7b"": The extracted gene sequence is empty or consists entirely from gaps;When processing gene ""ORF8"": The extracted gene sequence is empty or consists entirely from gaps;When processing gene ""N"": The extracted gene sequence is empty or consists entirely from gaps;When processing gene ""ORF9b"": The extracted gene sequence is empty or consists entirely from gaps"	
29	482_sub0	21J	21J (Delta)	Delta	21J	B.1.617.2.103	AY.103	0	good	12	6	0	0	0	0	11	2	0	1	18412	20678	26839	0.206066280975153	E:1,M:0.47085201793721976,ORF1b:0.1083086053412463,ORF3a:1,S:1	false	A20963G,C21618G,G21987A,T22917G,C22995A,A23403G,C23604G,C24208T,G24410A,C25469T,T25488C,T26767C	22029-22034			M:I82T,ORF1b:D2499G,ORF3a:S26L,S:T19R,S:G142D,S:R158G,S:L452R,S:T478K,S:D614G,S:P681R,S:D950N	S:E156-,S:F157-				A20963G,T25488C	0	0	2	2		NODE_0000627	A20963G,C24208T,T25488C		ORF1b:D2499G		AY.103	A20963G,T25488C		ORF1b:D2499G		N/A	N/A	N/A	N/A	N/A	N/A	N/A	N/A	N/A	N/A	ORF1b:2404		3000	0	good	0	10	0	good	0	24	-6	0	good	2		0	good	0		0		0	0	good		0	0	good	0		ORF1a,ORF6,ORF7a,ORF7b,ORF8,N,ORF9b	"When processing gene ""ORF1a"": The extracted gene sequence is empty or consists entirely from gaps;When processing gene ""ORF6"": The extracted gene sequence is empty or consists entirely from gaps;When processing gene ""ORF7a"": The extracted gene sequence is empty or consists entirely from gaps;When processing gene ""ORF7b"": The extracted gene sequence is empty or consists entirely from gaps;When processing gene ""ORF8"": The extracted gene sequence is empty or consists entirely from gaps;When processing gene ""N"": The extracted gene sequence is empty or consists entirely from gaps;When processing gene ""ORF9b"": The extracted gene sequence is empty or consists entirely from gaps"	
27	3933_sub0	21I	21I (Delta)	Delta	21I	B.1.617.2.9.2	AY.9.2	56.250000	mediocre	14	5	0	1	0	0	6	2	0	1117	18408	20678	26839	0.206066280975153	E:1,M:0.47085201793721976,ORF1b:0.1083086053412463,ORF3a:1,S:0.12401883830455258	false	C21618G,C21897T,G21987A,C22227T,C22792T,T22917G,C22995A,A23403G,C23604G,C24208T,G24410A,C25469T,C26195T,T26767C	22031-22035		S:159-1274	M:I82T,ORF3a:S26L,ORF3a:T268M,S:T19R,S:S112L,S:G142D	S:F157-,S:R158-				C21897T,C24208T,C26195T	0	0	3	3		NODE_0000615	C21897T,C22792T,C24208T,C26195T	22035	ORF3a:T268M,S:S112L,S:-156E	S:G158-	NODE_0000624	C21897T,C24208T,C26195T	22035	ORF3a:T268M,S:S112L,S:-156E	S:G158-	N/A	N/A	N/A	N/A	N/A	N/A	N/A	N/A	N/A	N/A	ORF1b:2404,S:159-1274		3000	0	good	0	10	0	good	0	24	-4	0	good	4		0	good	0	S:159-1274	1		0	75	mediocre		0	0	good	0		ORF1a,ORF6,ORF7a,ORF7b,ORF8,N,ORF9b	"When processing gene ""ORF1a"": The extracted gene sequence is empty or consists entirely from gaps;When processing gene ""ORF6"": The extracted gene sequence is empty or consists entirely from gaps;When processing gene ""ORF7a"": The extracted gene sequence is empty or consists entirely from gaps;When processing gene ""ORF7b"": The extracted gene sequence is empty or consists entirely from gaps;When processing gene ""ORF8"": The extracted gene sequence is empty or consists entirely from gaps;When processing gene ""N"": The extracted gene sequence is empty or consists entirely from gaps;When processing gene ""ORF9b"": The extracted gene sequence is empty or consists entirely from gaps"	
15	577_sub0	21J	21J (Delta)	Delta	21J	B.1.617.2.103	AY.103	118.750000	bad	18	6	1	1	0	0	6	2	0	912	18359	20678	26839	0.206066280975153	E:1,M:0.47085201793721976,ORF1b:0.1083086053412463,ORF3a:1,S:0.28492935635792777	false	C21618G,G21987A,C22033A,A22034T,T22917G,C22995A,A23305C,A23403G,C23457G,C23604G,C24026T,C24208T,T24327C,G24410A,C25469T,A25965G,A26473C,T26767C	22029-22031,22649,22955,24774	23044:T	S:364-1274	M:I82T,ORF3a:S26L,S:T19R,S:G142D,S:F157V,S:R158*	S:E156-,S:A363-			-22033A|24A&24E&22D&23C&24C&23F&24F&24B&rec&23I&24G&25A&24H&24D&24I&25B&25C	-22034T,A23305C,C23457G,C24026T,T24327C,A25965G,A26473C	0	1	7	8		NODE_0000627	-22033A,-22034T,A23305C,C23457G,C24026T,C24208T,T24327C,A25965G,A26473C	22649,22955,24774	S:-157V,S:G158*	S:A363-	AY.103	-22033A,-22034T,A23305C,C23457G,C24026T,T24327C,A25965G,A26473C	22649,22955,24774	S:-157V,S:G158*	S:A363-	N/A	N/A	N/A	N/A	N/A	N/A	N/A	N/A	N/A	N/A	ORF1b:2404,S:364-1274		3000	0	good	0	10	0	good	0	24	6	25	good	14		0	good	0	S:364-1274	1		0	75	mediocre	S:157	1	75	mediocre	0		ORF1a,ORF6,ORF7a,ORF7b,ORF8,N,ORF9b	"When processing gene ""ORF1a"": The extracted gene sequence is empty or consists entirely from gaps;When processing gene ""ORF6"": The extracted gene sequence is empty or consists entirely from gaps;When processing gene ""ORF7a"": The extracted gene sequence is empty or consists entirely from gaps;When processing gene ""ORF7b"": The extracted gene sequence is empty or consists entirely from gaps;When processing gene ""ORF8"": The extracted gene sequence is empty or consists entirely from gaps;When processing gene ""N"": The extracted gene sequence is empty or consists entirely from gaps;When processing gene ""ORF9b"": The extracted gene sequence is empty or consists entirely from gaps"	
9	80_sub0	21J	21J (Delta)	Delta	21J	B.1.617.2.103	AY.103	56.250000	mediocre	12	7	0	1	0	0	4	2	0	1117	18403	20678	26839	0.206066280975153	E:1,M:0.47085201793721976,ORF1b:0.1083086053412463,ORF3a:1,S:0.12401883830455258	false	C21618G,G21987A,T22917G,C22995A,C23325T,A23403G,C23604G,C24208T,G24410A,G25455A,C25469T,T26767C	22031-22035,23789-23790		S:159-1274	M:I82T,ORF3a:S26L,S:T19R,S:G142D	S:F157-,S:R158-				C23325T,G25455A	0	0	2	2		NODE_0000627	C23325T,C24208T,G25455A	22035,23789-23790	S:-156E	S:G158-	AY.103	C23325T,G25455A	22035,23789-23790	S:-156E	S:G158-	N/A	N/A	N/A	N/A	N/A	N/A	N/A	N/A	N/A	N/A	ORF1b:2404,S:159-1274		3000	0	good	0	10	0	good	0	24	-4	0	good	4		0	good	0	S:159-1274	1		0	75	mediocre		0	0	good	0		ORF1a,ORF6,ORF7a,ORF7b,ORF8,N,ORF9b	"When processing gene ""ORF1a"": The extracted gene sequence is empty or consists entirely from gaps;When processing gene ""ORF6"": The extracted gene sequence is empty or consists entirely from gaps;When processing gene ""ORF7a"": The extracted gene sequence is empty or consists entirely from gaps;When processing gene ""ORF7b"": The extracted gene sequence is empty or consists entirely from gaps;When processing gene ""ORF8"": The extracted gene sequence is empty or consists entirely from gaps;When processing gene ""N"": The extracted gene sequence is empty or consists entirely from gaps;When processing gene ""ORF9b"": The extracted gene sequence is empty or consists entirely from gaps"	
4	2973_sub0	21J	21J (Delta)	Delta	21J	B.1.617.2.103	AY.103	0	good	12	6	0	0	0	0	11	2	0	1	18412	20678	26839	0.206066280975153	E:1,M:0.47085201793721976,ORF1b:0.1083086053412463,ORF3a:1,S:1	false	C21618G,G21987A,T22917G,C22995A,A23403G,C23604G,A23881G,C24208T,G24410A,C25469T,G26730A,T26767C	22029-22034			M:V70I,M:I82T,ORF3a:S26L,S:T19R,S:G142D,S:R158G,S:L452R,S:T478K,S:D614G,S:P681R,S:D950N	S:E156-,S:F157-				A23881G,G26730A	0	0	2	2		NODE_0000627	A23881G,C24208T,G26730A		M:V70I		AY.103	A23881G,G26730A		M:V70I		N/A	N/A	N/A	N/A	N/A	N/A	N/A	N/A	N/A	N/A	ORF1b:2404		3000	0	good	0	10	0	good	0	24	-6	0	good	2		0	good	0		0		0	0	good		0	0	good	0		ORF1a,ORF6,ORF7a,ORF7b,ORF8,N,ORF9b	"When processing gene ""ORF1a"": The extracted gene sequence is empty or consists entirely from gaps;When processing gene ""ORF6"": The extracted gene sequence is empty or consists entirely from gaps;When processing gene ""ORF7a"": The extracted gene sequence is empty or consists entirely from gaps;When processing gene ""ORF7b"": The extracted gene sequence is empty or consists entirely from gaps;When processing gene ""ORF8"": The extracted gene sequence is empty or consists entirely from gaps;When processing gene ""N"": The extracted gene sequence is empty or consists entirely from gaps;When processing gene ""ORF9b"": The extracted gene sequence is empty or consists entirely from gaps"	
5	725_sub0	21J	21J (Delta)	Delta	21J	B.1.617.2.103	AY.103	506.250000	bad	10	5	2	3	0	0	8	3	0	538	18402	20678	26839	0.206066280975153	E:1,M:0.47085201793721976,ORF1b:0.1083086053412463,ORF3a:0.4927536231884058,S:0.6883830455259027	false	C21618G,G21987A,T22917G,C22995A,A23403G,C23604G,C24208T,G24410A,C25469T,T26767C	22030-22033,25798	22105:A,24265:A	S:158-181,S:902-1274,ORF3a:137-276	M:I82T,ORF3a:S26L,S:T19R,S:G142D,S:L452R,S:T478K,S:D614G,S:P681R	ORF3a:K136-,S:E156-,S:F157-					0	0	0	0		NODE_0000627	C24208T	25798		ORF3a:K136-	AY.103		25798		ORF3a:K136-	N/A	N/A	N/A	N/A	N/A	N/A	N/A	N/A	N/A	N/A	ORF1b:2404,S:158-181,S:902-1274,ORF3a:137-276		3000	0	good	0	10	0	good	0	24	-7	0	good	1		0	good	0	S:158-181,S:902-1274,ORF3a:137-276	3		0	225	bad		0	0	good	0		ORF1a,ORF6,ORF7a,ORF7b,ORF8,N,ORF9b	"When processing gene ""ORF1a"": The extracted gene sequence is empty or consists entirely from gaps;When processing gene ""ORF6"": The extracted gene sequence is empty or consists entirely from gaps;When processing gene ""ORF7a"": The extracted gene sequence is empty or consists entirely from gaps;When processing gene ""ORF7b"": The extracted gene sequence is empty or consists entirely from gaps;When processing gene ""ORF8"": The extracted gene sequence is empty or consists entirely from gaps;When processing gene ""N"": The extracted gene sequence is empty or consists entirely from gaps;When processing gene ""ORF9b"": The extracted gene sequence is empty or consists entirely from gaps"	
23	636_sub0	21I	21I (Delta)	Delta	21I	B.1.617.2.37	AY.37	56.423611	mediocre	15	6	0	1	0	0	11	3	0	64	18394	20678	26839	0.206066280975153	E:1,M:0.47085201793721976,ORF1b:0.1083086053412463,ORF3a:1,S:0.9505494505494505	false	T20911C,C21618G,G21987A,A22115G,C22227T,G22661C,T22917G,T22981C,C22995A,A23403G,C23604G,G24410A,A25056G,C25469T,T26767C	22031-22035,22226		S:159-221	M:I82T,ORF3a:S26L,S:T19R,S:G142D,S:V367L,S:L452R,S:T478K,S:D614G,S:P681R,S:D950N,S:D1165G	S:F157-,S:R158-,S:A222-			A22115G|23C	G22661C,T22981C,A25056G	0	1	3	4		NODE_0000615	T20911C,A22115G,G22661C,T22981C,A25056G	22035,22226	S:-156E,S:V367L,S:D1165G	S:G158-,S:V222-	AY.37	A22115G,G22661C,T22981C,A25056G	22035,22226	S:-156E,S:V367L,S:D1165G	S:G158-,S:V222-	N/A	N/A	N/A	N/A	N/A	N/A	N/A	N/A	N/A	N/A	ORF1b:2404,S:159-221		3000	0	good	0	10	0	good	0	24	1	4.166667	good	9		0	good	0	S:159-221	1		0	75	mediocre		0	0	good	0		ORF1a,ORF6,ORF7a,ORF7b,ORF8,N,ORF9b	"When processing gene ""ORF1a"": The extracted gene sequence is empty or consists entirely from gaps;When processing gene ""ORF6"": The extracted gene sequence is empty or consists entirely from gaps;When processing gene ""ORF7a"": The extracted gene sequence is empty or consists entirely from gaps;When processing gene ""ORF7b"": The extracted gene sequence is empty or consists entirely from gaps;When processing gene ""ORF8"": The extracted gene sequence is empty or consists entirely from gaps;When processing gene ""N"": The extracted gene sequence is empty or consists entirely from gaps;When processing gene ""ORF9b"": The extracted gene sequence is empty or consists entirely from gaps"	
25	2626_sub0	21J	21J (Delta)	Delta	21J	B.1.617.2.103	AY.103	0	good	10	6	0	0	0	0	10	2	0	1	18420	20678	26839	0.206066280975153	E:1,M:0.47085201793721976,ORF1b:0.1083086053412463,ORF3a:1,S:1	false	C21618G,G21987A,T22917G,C22995A,A23403G,C23604G,C24208T,G24410A,C25469T,T26767C	22029-22034			M:I82T,ORF3a:S26L,S:T19R,S:G142D,S:R158G,S:L452R,S:T478K,S:D614G,S:P681R,S:D950N	S:E156-,S:F157-					0	0	0	0		NODE_0000627	C24208T				AY.103					N/A	N/A	N/A	N/A	N/A	N/A	N/A	N/A	N/A	N/A	ORF1b:2404		3000	0	good	0	10	0	good	0	24	-8	0	good	0		0	good	0		0		0	0	good		0	0	good	0		ORF1a,ORF6,ORF7a,ORF7b,ORF8,N,ORF9b	"When processing gene ""ORF1a"": The extracted gene sequence is empty or consists entirely from gaps;When processing gene ""ORF6"": The extracted gene sequence is empty or consists entirely from gaps;When processing gene ""ORF7a"": The extracted gene sequence is empty or consists entirely from gaps;When processing gene ""ORF7b"": The extracted gene sequence is empty or consists entirely from gaps;When processing gene ""ORF8"": The extracted gene sequence is empty or consists entirely from gaps;When processing gene ""N"": The extracted gene sequence is empty or consists entirely from gaps;When processing gene ""ORF9b"": The extracted gene sequence is empty or consists entirely from gaps"	
20	4583_sub0	21J	21J (Delta)	Delta	21J	B.1.617.2.103	AY.103	0	good	10	6	0	0	0	0	10	2	0	1	18420	20678	26839	0.206066280975153	E:1,M:0.47085201793721976,ORF1b:0.1083086053412463,ORF3a:1,S:1	false	C21618G,G21987A,T22917G,C22995A,A23403G,C23604G,C24208T,G24410A,C25469T,T26767C	22029-22034			M:I82T,ORF3a:S26L,S:T19R,S:G142D,S:R158G,S:L452R,S:T478K,S:D614G,S:P681R,S:D950N	S:E156-,S:F157-					0	0	0	0		NODE_0000627	C24208T				AY.103					N/A	N/A	N/A	N/A	N/A	N/A	N/A	N/A	N/A	N/A	ORF1b:2404		3000	0	good	0	10	0	good	0	24	-8	0	good	0		0	good	0		0		0	0	good		0	0	good	0		ORF1a,ORF6,ORF7a,ORF7b,ORF8,N,ORF9b	"When processing gene ""ORF1a"": The extracted gene sequence is empty or consists entirely from gaps;When processing gene ""ORF6"": The extracted gene sequence is empty or consists entirely from gaps;When processing gene ""ORF7a"": The extracted gene sequence is empty or consists entirely from gaps;When processing gene ""ORF7b"": The extracted gene sequence is empty or consists entirely from gaps;When processing gene ""ORF8"": The extracted gene sequence is empty or consists entirely from gaps;When processing gene ""N"": The extracted gene sequence is empty or consists entirely from gaps;When processing gene ""ORF9b"": The extracted gene sequence is empty or consists entirely from gaps"	
34	690_sub0	21J	21J (Delta)	Delta	21J	B.1.617.2.103	AY.103	56.250000	mediocre	11	6	1	1	0	0	5	2	0	901	18409	20678	26839	0.206066280975153	E:1,M:0.47085201793721976,ORF1b:0.1083086053412463,ORF3a:1,S:0.29356357927786497	false	C21618G,G21987A,T22917G,C22995A,A23403G,C23604G,A24062G,C24208T,G24410A,C25469T,T26767C	22029-22034	22684:G	S:375-1274	M:I82T,ORF3a:S26L,S:T19R,S:G142D,S:R158G	S:E156-,S:F157-				A24062G	0	0	1	1		NODE_0000627	A24062G,C24208T				AY.103	A24062G				N/A	N/A	N/A	N/A	N/A	N/A	N/A	N/A	N/A	N/A	ORF1b:2404,S:375-1274		3000	0	good	0	10	0	good	0	24	-7	0	good	1		0	good	0	S:375-1274	1		0	75	mediocre		0	0	good	0		ORF1a,ORF6,ORF7a,ORF7b,ORF8,N,ORF9b	"When processing gene ""ORF1a"": The extracted gene sequence is empty or consists entirely from gaps;When processing gene ""ORF6"": The extracted gene sequence is empty or consists entirely from gaps;When processing gene ""ORF7a"": The extracted gene sequence is empty or consists entirely from gaps;When processing gene ""ORF7b"": The extracted gene sequence is empty or consists entirely from gaps;When processing gene ""ORF8"": The extracted gene sequence is empty or consists entirely from gaps;When processing gene ""N"": The extracted gene sequence is empty or consists entirely from gaps;When processing gene ""ORF9b"": The extracted gene sequence is empty or consists entirely from gaps"	
40	832_sub0	21J	21J (Delta)	Delta	21J	B.1.617.2.103	AY.103	56.250000	mediocre	12	5	0	1	0	0	4	2	0	1117	18416	20678	26839	0.206066280975153	E:1,M:0.47085201793721976,ORF1b:0.1083086053412463,ORF3a:1,S:0.12401883830455258	false	C21618G,G21987A,T22917G,C22995A,A23403G,C23604G,A24062G,C24208T,G24410A,C25240T,C25469T,T26767C	22031-22035		S:159-1274	M:I82T,ORF3a:S26L,S:T19R,S:G142D	S:F157-,S:R158-				A24062G,C25240T	0	0	2	2		NODE_0000627	A24062G,C24208T,C25240T	22035	S:-156E	S:G158-	AY.103	A24062G,C25240T	22035	S:-156E	S:G158-	N/A	N/A	N/A	N/A	N/A	N/A	N/A	N/A	N/A	N/A	ORF1b:2404,S:159-1274		3000	0	good	0	10	0	good	0	24	-5	0	good	3		0	good	0	S:159-1274	1		0	75	mediocre		0	0	good	0		ORF1a,ORF6,ORF7a,ORF7b,ORF8,N,ORF9b	"When processing gene ""ORF1a"": The extracted gene sequence is empty or consists entirely from gaps;When processing gene ""ORF6"": The extracted gene sequence is empty or consists entirely from gaps;When processing gene ""ORF7a"": The extracted gene sequence is empty or consists entirely from gaps;When processing gene ""ORF7b"": The extracted gene sequence is empty or consists entirely from gaps;When processing gene ""ORF8"": The extracted gene sequence is empty or consists entirely from gaps;When processing gene ""N"": The extracted gene sequence is empty or consists entirely from gaps;When processing gene ""ORF9b"": The extracted gene sequence is empty or consists entirely from gaps"	
41	913_sub0	21J	21J (Delta)	Delta	21J	B.1.617.2.103	AY.103	56.250000	mediocre	11	6	0	1	0	0	9	3	0	308	18409	20678	26839	0.206066280975153	E:1,M:0.47085201793721976,ORF1b:0.1083086053412463,ORF3a:1,S:0.7590266875981162	false	C21618G,G21987A,T22917G,C22995A,A23403G,C23604G,C24208T,G24410A,C25469T,G26581T,T26767C	22030-22033,22955-22956		S:158-464	M:W20L,M:I82T,ORF3a:S26L,S:T19R,S:G142D,S:T478K,S:D614G,S:P681R,S:D950N	S:E156-,S:F157-,S:E465-				G26581T	0	0	1	1		NODE_0000627	C24208T,G26581T	22955-22956	M:W20L	S:E465-	AY.103	G26581T	22955-22956	M:W20L	S:E465-	N/A	N/A	N/A	N/A	N/A	N/A	N/A	N/A	N/A	N/A	ORF1b:2404,S:158-464		3000	0	good	0	10	0	good	0	24	-6	0	good	2		0	good	0	S:158-464	1		0	75	mediocre		0	0	good	0		ORF1a,ORF6,ORF7a,ORF7b,ORF8,N,ORF9b	"When processing gene ""ORF1a"": The extracted gene sequence is empty or consists entirely from gaps;When processing gene ""ORF6"": The extracted gene sequence is empty or consists entirely from gaps;When processing gene ""ORF7a"": The extracted gene sequence is empty or consists entirely from gaps;When processing gene ""ORF7b"": The extracted gene sequence is empty or consists entirely from gaps;When processing gene ""ORF8"": The extracted gene sequence is empty or consists entirely from gaps;When processing gene ""N"": The extracted gene sequence is empty or consists entirely from gaps;When processing gene ""ORF9b"": The extracted gene sequence is empty or consists entirely from gaps"	
44	498_sub0	21J	21J (Delta)	Delta	21J	B.1.617.2.103	AY.103	506.250000	bad	11	8	0	3	0	0	9	5	0	436	18383	20678	26839	0.206066280975153	E:1,M:0.47085201793721976,ORF1b:0.0478486646884273,ORF3a:1,S:0.7864992150706437	false	C21618G,G21987A,G22030T,T22917G,C22995A,A23403G,C23604G,C24208T,G24410A,C25469T,T26767C	21064,22031-22033,22955-22956,23036,24644		ORF1b:2534-2696,S:466-491,S:1029-1274	M:I82T,ORF3a:S26L,S:T19R,S:G142D,S:F157D,S:L452R,S:D614G,S:P681R,S:D950N	ORF1b:T2533-,S:E156-,S:E465-,S:L492-,S:K1028-				-22030T	0	0	1	1		NODE_0000627	-22030T,C24208T	21064,22955-22956,23036,24644	S:-157D,S:G158R	ORF1b:T2533-,S:E465-,S:L492-,S:K1028-	AY.103	-22030T	21064,22955-22956,23036,24644	S:-157D,S:G158R	ORF1b:T2533-,S:E465-,S:L492-,S:K1028-	N/A	N/A	N/A	N/A	N/A	N/A	N/A	N/A	N/A	N/A	ORF1b:2404,ORF1b:2534-2696,S:466-491,S:1029-1274		3000	0	good	0	10	0	good	0	24	-3	0	good	5		0	good	0	ORF1b:2534-2696,S:466-491,S:1029-1274	3		0	225	bad		0	0	good	0		ORF1a,ORF6,ORF7a,ORF7b,ORF8,N,ORF9b	"When processing gene ""ORF1a"": The extracted gene sequence is empty or consists entirely from gaps;When processing gene ""ORF6"": The extracted gene sequence is empty or consists entirely from gaps;When processing gene ""ORF7a"": The extracted gene sequence is empty or consists entirely from gaps;When processing gene ""ORF7b"": The extracted gene sequence is empty or consists entirely from gaps;When processing gene ""ORF8"": The extracted gene sequence is empty or consists entirely from gaps;When processing gene ""N"": The extracted gene sequence is empty or consists entirely from gaps;When processing gene ""ORF9b"": The extracted gene sequence is empty or consists entirely from gaps"	
33	1163_sub0	21J	21J (Delta)	Delta	21J	B.1.617.2.103	AY.103	56.250000	mediocre	14	6	0	1	0	0	4	3	0	1114	18398	20678	26839	0.206066280975153	E:1,M:0.47085201793721976,ORF1b:0.1083086053412463,ORF3a:1,S:0.12637362637362637	false	C21618G,G21987A,A22041C,T22917G,C22995A,C23216T,A23403G,A23476T,C23604G,C24208T,G24410A,C25469T,C26437T,T26767C	22031-22035,25376		S:159-1271	M:I82T,ORF3a:S26L,S:T19R,S:G142D	S:F157-,S:R158-,S:Y1272-				A22041C,C23216T,A23476T,C26437T	0	0	4	4		NODE_0000627	A22041C,C23216T,A23476T,C24208T,C26437T	22035,25376	S:-156E	S:G158-,S:Y1272-	AY.103	A22041C,C23216T,A23476T,C26437T	22035,25376	S:-156E	S:G158-,S:Y1272-	N/A	N/A	N/A	N/A	N/A	N/A	N/A	N/A	N/A	N/A	ORF1b:2404,S:159-1271		3000	0	good	0	10	0	good	0	24	-2	0	good	6		0	good	0	S:159-1271	1		0	75	mediocre		0	0	good	0		ORF1a,ORF6,ORF7a,ORF7b,ORF8,N,ORF9b	"When processing gene ""ORF1a"": The extracted gene sequence is empty or consists entirely from gaps;When processing gene ""ORF6"": The extracted gene sequence is empty or consists entirely from gaps;When processing gene ""ORF7a"": The extracted gene sequence is empty or consists entirely from gaps;When processing gene ""ORF7b"": The extracted gene sequence is empty or consists entirely from gaps;When processing gene ""ORF8"": The extracted gene sequence is empty or consists entirely from gaps;When processing gene ""N"": The extracted gene sequence is empty or consists entirely from gaps;When processing gene ""ORF9b"": The extracted gene sequence is empty or consists entirely from gaps"	
60	517_sub0	21J	21J (Delta)	Delta	21J	B.1.617.2.103	AY.103	0	good	10	6	0	0	0	0	10	2	0	1	18420	20678	26839	0.206066280975153	E:1,M:0.47085201793721976,ORF1b:0.1083086053412463,ORF3a:1,S:1	false	C21618G,G21987A,T22917G,C22995A,A23403G,C23604G,C24208T,G24410A,C25469T,T26767C	22029-22034			M:I82T,ORF3a:S26L,S:T19R,S:G142D,S:R158G,S:L452R,S:T478K,S:D614G,S:P681R,S:D950N	S:E156-,S:F157-					0	0	0	0		NODE_0000627	C24208T				AY.103					N/A	N/A	N/A	N/A	N/A	N/A	N/A	N/A	N/A	N/A	ORF1b:2404		3000	0	good	0	10	0	good	0	24	-8	0	good	0		0	good	0		0		0	0	good		0	0	good	0		ORF1a,ORF6,ORF7a,ORF7b,ORF8,N,ORF9b	"When processing gene ""ORF1a"": The extracted gene sequence is empty or consists entirely from gaps;When processing gene ""ORF6"": The extracted gene sequence is empty or consists entirely from gaps;When processing gene ""ORF7a"": The extracted gene sequence is empty or consists entirely from gaps;When processing gene ""ORF7b"": The extracted gene sequence is empty or consists entirely from gaps;When processing gene ""ORF8"": The extracted gene sequence is empty or consists entirely from gaps;When processing gene ""N"": The extracted gene sequence is empty or consists entirely from gaps;When processing gene ""ORF9b"": The extracted gene sequence is empty or consists entirely from gaps"	
58	5289_sub0	21J	21J (Delta)	Delta	21J	B.1.617.2.103	AY.103	0	good	11	6	0	0	0	0	11	2	0	1	18416	20678	26839	0.206066280975153	E:1,M:0.47085201793721976,ORF1b:0.1083086053412463,ORF3a:1,S:1	false	C21618G,G21987A,T22917G,C22995A,A23403G,C23492G,C23604G,C24208T,G24410A,C25469T,T26767C	22029-22034			M:I82T,ORF3a:S26L,S:T19R,S:G142D,S:R158G,S:L452R,S:T478K,S:D614G,S:Q644E,S:P681R,S:D950N	S:E156-,S:F157-				C23492G	0	0	1	1		NODE_0000627	C23492G,C24208T		S:Q644E		AY.103	C23492G		S:Q644E		N/A	N/A	N/A	N/A	N/A	N/A	N/A	N/A	N/A	N/A	ORF1b:2404		3000	0	good	0	10	0	good	0	24	-7	0	good	1		0	good	0		0		0	0	good		0	0	good	0		ORF1a,ORF6,ORF7a,ORF7b,ORF8,N,ORF9b	"When processing gene ""ORF1a"": The extracted gene sequence is empty or consists entirely from gaps;When processing gene ""ORF6"": The extracted gene sequence is empty or consists entirely from gaps;When processing gene ""ORF7a"": The extracted gene sequence is empty or consists entirely from gaps;When processing gene ""ORF7b"": The extracted gene sequence is empty or consists entirely from gaps;When processing gene ""ORF8"": The extracted gene sequence is empty or consists entirely from gaps;When processing gene ""N"": The extracted gene sequence is empty or consists entirely from gaps;When processing gene ""ORF9b"": The extracted gene sequence is empty or consists entirely from gaps"	
38	325_sub0	21J	21J (Delta)	Delta	21J	B.1.617.2.103	AY.103	56.250000	mediocre	12	7	0	1	0	0	6	2	0	1062	18401	20678	26839	0.206066280975153	E:1,M:0.47085201793721976,ORF1b:0.1083086053412463,ORF3a:1,S:0.16718995290423863	false	C21618G,G21987A,T22917G,C22995A,G23016A,A23403G,C23604G,C24208T,G24410A,C25469T,A25948G,T26767C	22029-22034,22201		S:214-1274	M:I82T,ORF3a:S26L,ORF3a:I186V,S:T19R,S:G142D,S:R158G	S:E156-,S:F157-				G23016A,A25948G	0	0	2	2		NODE_0000627	G23016A,C24208T,A25948G	22201	ORF3a:I186V		AY.103	G23016A,A25948G	22201	ORF3a:I186V		N/A	N/A	N/A	N/A	N/A	N/A	N/A	N/A	N/A	N/A	ORF1b:2404,S:214-1274		3000	0	good	0	10	0	good	0	24	-5	0	good	3		0	good	0	S:214-1274	1		0	75	mediocre		0	0	good	0		ORF1a,ORF6,ORF7a,ORF7b,ORF8,N,ORF9b	"When processing gene ""ORF1a"": The extracted gene sequence is empty or consists entirely from gaps;When processing gene ""ORF6"": The extracted gene sequence is empty or consists entirely from gaps;When processing gene ""ORF7a"": The extracted gene sequence is empty or consists entirely from gaps;When processing gene ""ORF7b"": The extracted gene sequence is empty or consists entirely from gaps;When processing gene ""ORF8"": The extracted gene sequence is empty or consists entirely from gaps;When processing gene ""N"": The extracted gene sequence is empty or consists entirely from gaps;When processing gene ""ORF9b"": The extracted gene sequence is empty or consists entirely from gaps"	
59	57_sub0	21J	21J (Delta)	Delta	21J	B.1.617.2.103	AY.103	0	good	15	0	0	0	0	0	12	0	0	1	18426	20678	26839	0.206066280975153	E:1,M:0.47085201793721976,ORF1b:0.1083086053412463,ORF3a:1,S:1	false	C21618G,G21987A,T22031G,C22033A,T22917G,C22995A,A23403G,C23604G,A24062G,C24208T,G24410A,C25469T,C25693A,T26673C,T26767C				M:I82T,ORF3a:S26L,ORF3a:L101I,S:T19R,S:G142D,S:F157V,S:L452R,S:T478K,S:D614G,S:P681R,S:I834V,S:D950N				-22033A|24A&24E&22D&23C&24C&23F&24F&24B&rec&23I&24G&25A&24H&24D&24I&25B&25C	-22031G,A24062G,C25693A,T26673C	0	1	4	5		NODE_0000627	-22031G,-22033A,A24062G,C24208T,C25693A,T26673C		ORF3a:L101I,S:-156E,S:-157V,S:G158R,S:I834V		AY.103	-22031G,-22033A,A24062G,C25693A,T26673C		ORF3a:L101I,S:-156E,S:-157V,S:G158R,S:I834V		N/A	N/A	N/A	N/A	N/A	N/A	N/A	N/A	N/A	N/A	ORF1b:2404		3000	0	good	0	10	0	good	0	24	0	0	good	8		0	good	0		0		0	0	good		0	0	good	0		ORF1a,ORF6,ORF7a,ORF7b,ORF8,N,ORF9b	"When processing gene ""ORF1a"": The extracted gene sequence is empty or consists entirely from gaps;When processing gene ""ORF6"": The extracted gene sequence is empty or consists entirely from gaps;When processing gene ""ORF7a"": The extracted gene sequence is empty or consists entirely from gaps;When processing gene ""ORF7b"": The extracted gene sequence is empty or consists entirely from gaps;When processing gene ""ORF8"": The extracted gene sequence is empty or consists entirely from gaps;When processing gene ""N"": The extracted gene sequence is empty or consists entirely from gaps;When processing gene ""ORF9b"": The extracted gene sequence is empty or consists entirely from gaps"	
61	819_sub0	21J	21J (Delta)	Delta	21J	B.1.617.2.103	AY.103	0	good	10	6	0	0	0	0	10	2	0	1	18420	20678	26839	0.206066280975153	E:1,M:0.47085201793721976,ORF1b:0.1083086053412463,ORF3a:1,S:1	false	C21618G,G21987A,T22917G,C22995A,A23403G,C23604G,C24208T,G24410A,C25469T,T26767C	22029-22034			M:I82T,ORF3a:S26L,S:T19R,S:G142D,S:R158G,S:L452R,S:T478K,S:D614G,S:P681R,S:D950N	S:E156-,S:F157-					0	0	0	0		NODE_0000627	C24208T				AY.103					N/A	N/A	N/A	N/A	N/A	N/A	N/A	N/A	N/A	N/A	ORF1b:2404		3000	0	good	0	10	0	good	0	24	-8	0	good	0		0	good	0		0		0	0	good		0	0	good	0		ORF1a,ORF6,ORF7a,ORF7b,ORF8,N,ORF9b	"When processing gene ""ORF1a"": The extracted gene sequence is empty or consists entirely from gaps;When processing gene ""ORF6"": The extracted gene sequence is empty or consists entirely from gaps;When processing gene ""ORF7a"": The extracted gene sequence is empty or consists entirely from gaps;When processing gene ""ORF7b"": The extracted gene sequence is empty or consists entirely from gaps;When processing gene ""ORF8"": The extracted gene sequence is empty or consists entirely from gaps;When processing gene ""N"": The extracted gene sequence is empty or consists entirely from gaps;When processing gene ""ORF9b"": The extracted gene sequence is empty or consists entirely from gaps"	
39	756_sub0	21J	21J (Delta)	Delta	21J	B.1.617.2.103	AY.103	0	good	12	6	0	0	0	0	12	2	0	1	18412	20678	26839	0.206066280975153	E:1,M:0.47085201793721976,ORF1b:0.1083086053412463,ORF3a:1,S:1	false	C21618G,G21987A,T22917G,C22995A,A23403G,C23604G,C24208T,G24410A,G24428A,C25469T,A25948G,T26767C	22029-22034			M:I82T,ORF3a:S26L,ORF3a:I186V,S:T19R,S:G142D,S:R158G,S:L452R,S:T478K,S:D614G,S:P681R,S:D950N,S:A956T	S:E156-,S:F157-				G24428A,A25948G	0	0	2	2		NODE_0000627	C24208T,G24428A,A25948G		ORF3a:I186V,S:A956T		AY.103	G24428A,A25948G		ORF3a:I186V,S:A956T		N/A	N/A	N/A	N/A	N/A	N/A	N/A	N/A	N/A	N/A	ORF1b:2404		3000	0	good	0	10	0	good	0	24	-6	0	good	2		0	good	0		0		0	0	good		0	0	good	0		ORF1a,ORF6,ORF7a,ORF7b,ORF8,N,ORF9b	"When processing gene ""ORF1a"": The extracted gene sequence is empty or consists entirely from gaps;When processing gene ""ORF6"": The extracted gene sequence is empty or consists entirely from gaps;When processing gene ""ORF7a"": The extracted gene sequence is empty or consists entirely from gaps;When processing gene ""ORF7b"": The extracted gene sequence is empty or consists entirely from gaps;When processing gene ""ORF8"": The extracted gene sequence is empty or consists entirely from gaps;When processing gene ""N"": The extracted gene sequence is empty or consists entirely from gaps;When processing gene ""ORF9b"": The extracted gene sequence is empty or consists entirely from gaps"	
36	652_sub0	21J	21J (Delta)	Delta	21J	B.1.617.2.103	AY.103	0	good	11	6	0	0	0	0	11	2	0	1	18416	20678	26839	0.206066280975153	E:1,M:0.47085201793721976,ORF1b:0.1083086053412463,ORF3a:1,S:1	false	C21618G,G21987A,C22295T,T22917G,C22995A,A23403G,C23604G,C24208T,G24410A,C25469T,T26767C	22029-22034			M:I82T,ORF3a:S26L,S:T19R,S:G142D,S:R158G,S:H245Y,S:L452R,S:T478K,S:D614G,S:P681R,S:D950N	S:E156-,S:F157-				C22295T	0	0	1	1		NODE_0000627	C22295T,C24208T		S:H245Y		AY.103	C22295T		S:H245Y		N/A	N/A	N/A	N/A	N/A	N/A	N/A	N/A	N/A	N/A	ORF1b:2404		3000	0	good	0	10	0	good	0	24	-7	0	good	1		0	good	0		0		0	0	good		0	0	good	0		ORF1a,ORF6,ORF7a,ORF7b,ORF8,N,ORF9b	"When processing gene ""ORF1a"": The extracted gene sequence is empty or consists entirely from gaps;When processing gene ""ORF6"": The extracted gene sequence is empty or consists entirely from gaps;When processing gene ""ORF7a"": The extracted gene sequence is empty or consists entirely from gaps;When processing gene ""ORF7b"": The extracted gene sequence is empty or consists entirely from gaps;When processing gene ""ORF8"": The extracted gene sequence is empty or consists entirely from gaps;When processing gene ""N"": The extracted gene sequence is empty or consists entirely from gaps;When processing gene ""ORF9b"": The extracted gene sequence is empty or consists entirely from gaps"	
46	5099_sub0	21J	21J (Delta)	Delta	21J	B.1.617.2.103	AY.103	0	good	10	6	0	0	0	0	10	2	0	1	18420	20678	26839	0.206066280975153	E:1,M:0.47085201793721976,ORF1b:0.1083086053412463,ORF3a:1,S:1	false	C21618G,G21987A,T22917G,C22995A,A23403G,C23604G,C24208T,G24410A,C25469T,T26767C	22029-22034			M:I82T,ORF3a:S26L,S:T19R,S:G142D,S:R158G,S:L452R,S:T478K,S:D614G,S:P681R,S:D950N	S:E156-,S:F157-					0	0	0	0		NODE_0000627	C24208T				AY.103					N/A	N/A	N/A	N/A	N/A	N/A	N/A	N/A	N/A	N/A	ORF1b:2404		3000	0	good	0	10	0	good	0	24	-8	0	good	0		0	good	0		0		0	0	good		0	0	good	0		ORF1a,ORF6,ORF7a,ORF7b,ORF8,N,ORF9b	"When processing gene ""ORF1a"": The extracted gene sequence is empty or consists entirely from gaps;When processing gene ""ORF6"": The extracted gene sequence is empty or consists entirely from gaps;When processing gene ""ORF7a"": The extracted gene sequence is empty or consists entirely from gaps;When processing gene ""ORF7b"": The extracted gene sequence is empty or consists entirely from gaps;When processing gene ""ORF8"": The extracted gene sequence is empty or consists entirely from gaps;When processing gene ""N"": The extracted gene sequence is empty or consists entirely from gaps;When processing gene ""ORF9b"": The extracted gene sequence is empty or consists entirely from gaps"	
47	5294_sub0	21J	21J (Delta)	Delta	21J	B.1.617.2.103	AY.103	56.250000	mediocre	12	6	1	1	0	0	5	0	0	1132	18405	20678	26839	0.206066280975153	E:1,M:0.47085201793721976,ORF1b:0.1083086053412463,ORF3a:1,S:0.11224489795918367	false	C21618G,G21987A,T22917G,C22995A,T23104C,A23403G,C23604G,C24208T,G24410A,C25469T,T25736G,T26767C	22029-22034	21991:T	S:144-1274	M:I82T,ORF3a:S26L,ORF3a:L115W,S:T19R,S:G142D					T23104C,T25736G	0	0	2	2		NODE_0000627	T23104C,C24208T,T25736G		ORF3a:L115W		AY.103	T23104C,T25736G		ORF3a:L115W		N/A	N/A	N/A	N/A	N/A	N/A	N/A	N/A	N/A	N/A	ORF1b:2404,S:144-1274		3000	0	good	0	10	0	good	0	24	-6	0	good	2		0	good	0	S:144-1274	1		0	75	mediocre		0	0	good	0		ORF1a,ORF6,ORF7a,ORF7b,ORF8,N,ORF9b	"When processing gene ""ORF1a"": The extracted gene sequence is empty or consists entirely from gaps;When processing gene ""ORF6"": The extracted gene sequence is empty or consists entirely from gaps;When processing gene ""ORF7a"": The extracted gene sequence is empty or consists entirely from gaps;When processing gene ""ORF7b"": The extracted gene sequence is empty or consists entirely from gaps;When processing gene ""ORF8"": The extracted gene sequence is empty or consists entirely from gaps;When processing gene ""N"": The extracted gene sequence is empty or consists entirely from gaps;When processing gene ""ORF9b"": The extracted gene sequence is empty or consists entirely from gaps"	
45	1372_sub0	21J	21J (Delta)	Delta	21J	B.1.617.2.103	AY.103	56.250000	mediocre	12	6	0	1	0	0	5	3	0	1114	18406	20678	26839	0.206066280975153	E:1,M:0.47085201793721976,ORF1b:0.1083086053412463,ORF3a:1,S:0.12637362637362637	false	T21102G,C21618G,G21987A,T22917G,C22995A,A23403G,C23604G,C24208T,G24410A,C25469T,C26447T,T26767C	22031-22035,25376		S:159-1271	E:S68F,M:I82T,ORF3a:S26L,S:T19R,S:G142D	S:F157-,S:R158-,S:Y1272-				T21102G,C26447T	0	0	2	2		NODE_0000627	T21102G,C24208T,C26447T	22035,25376	E:S68F,S:-156E	S:G158-,S:Y1272-	AY.103	T21102G,C26447T	22035,25376	E:S68F,S:-156E	S:G158-,S:Y1272-	N/A	N/A	N/A	N/A	N/A	N/A	N/A	N/A	N/A	N/A	ORF1b:2404,S:159-1271		3000	0	good	0	10	0	good	0	24	-4	0	good	4		0	good	0	S:159-1271	1		0	75	mediocre		0	0	good	0		ORF1a,ORF6,ORF7a,ORF7b,ORF8,N,ORF9b	"When processing gene ""ORF1a"": The extracted gene sequence is empty or consists entirely from gaps;When processing gene ""ORF6"": The extracted gene sequence is empty or consists entirely from gaps;When processing gene ""ORF7a"": The extracted gene sequence is empty or consists entirely from gaps;When processing gene ""ORF7b"": The extracted gene sequence is empty or consists entirely from gaps;When processing gene ""ORF8"": The extracted gene sequence is empty or consists entirely from gaps;When processing gene ""N"": The extracted gene sequence is empty or consists entirely from gaps;When processing gene ""ORF9b"": The extracted gene sequence is empty or consists entirely from gaps"	
37	551_sub0	21J	21J (Delta)	Delta	21J	B.1.617.2.103	AY.103	0	good	11	6	0	0	0	0	11	2	0	1	18416	20678	26839	0.206066280975153	E:1,M:0.47085201793721976,ORF1b:0.1083086053412463,ORF3a:1,S:1	false	C21618G,G21987A,T22917G,C22995A,A23403G,C23604G,A24062G,C24208T,G24410A,C25469T,T26767C	22029-22034			M:I82T,ORF3a:S26L,S:T19R,S:G142D,S:R158G,S:L452R,S:T478K,S:D614G,S:P681R,S:I834V,S:D950N	S:E156-,S:F157-				A24062G	0	0	1	1		NODE_0000627	A24062G,C24208T		S:I834V		AY.103	A24062G		S:I834V		N/A	N/A	N/A	N/A	N/A	N/A	N/A	N/A	N/A	N/A	ORF1b:2404		3000	0	good	0	10	0	good	0	24	-7	0	good	1		0	good	0		0		0	0	good		0	0	good	0		ORF1a,ORF6,ORF7a,ORF7b,ORF8,N,ORF9b	"When processing gene ""ORF1a"": The extracted gene sequence is empty or consists entirely from gaps;When processing gene ""ORF6"": The extracted gene sequence is empty or consists entirely from gaps;When processing gene ""ORF7a"": The extracted gene sequence is empty or consists entirely from gaps;When processing gene ""ORF7b"": The extracted gene sequence is empty or consists entirely from gaps;When processing gene ""ORF8"": The extracted gene sequence is empty or consists entirely from gaps;When processing gene ""N"": The extracted gene sequence is empty or consists entirely from gaps;When processing gene ""ORF9b"": The extracted gene sequence is empty or consists entirely from gaps"	
32	605_sub0	21J	21J (Delta)	Delta	21J	B.1.617.2.103	AY.103	56.250000	mediocre	13	6	1	1	0	0	5	0	0	1202	18401	20678	26839	0.206066280975153	E:1,M:0.47085201793721976,ORF1b:0.1083086053412463,ORF3a:1,S:0.05729984301412873	false	C21618G,G21987A,T22917G,C22995A,A23403G,C23604G,A24062G,C24208T,G24410A,C25469T,C25517T,A26544T,T26767C	22029-22034	21781:A	S:74-1274	M:I8F,M:I82T,ORF3a:S26L,ORF3a:P42L,S:T19R				C25517T|21F	A24062G,A26544T	0	1	2	3		NODE_0000627	A24062G,C24208T,C25517T,A26544T		M:I8F,ORF3a:P42L		AY.103	A24062G,C25517T,A26544T		M:I8F,ORF3a:P42L		N/A	N/A	N/A	N/A	N/A	N/A	N/A	N/A	N/A	N/A	ORF1b:2404,S:74-1274		3000	0	good	0	10	0	good	0	24	-2	0	good	6		0	good	0	S:74-1274	1		0	75	mediocre		0	0	good	0		ORF1a,ORF6,ORF7a,ORF7b,ORF8,N,ORF9b	"When processing gene ""ORF1a"": The extracted gene sequence is empty or consists entirely from gaps;When processing gene ""ORF6"": The extracted gene sequence is empty or consists entirely from gaps;When processing gene ""ORF7a"": The extracted gene sequence is empty or consists entirely from gaps;When processing gene ""ORF7b"": The extracted gene sequence is empty or consists entirely from gaps;When processing gene ""ORF8"": The extracted gene sequence is empty or consists entirely from gaps;When processing gene ""N"": The extracted gene sequence is empty or consists entirely from gaps;When processing gene ""ORF9b"": The extracted gene sequence is empty or consists entirely from gaps"	
35	1354_sub0	21J	21J (Delta)	Delta	21J	B.1.617.2.103	AY.103	56.250000	mediocre	12	9	0	1	0	0	4	4	0	1114	18390	20678	26839	0.206066280975153	E:1,M:0.47085201793721976,ORF1b:0.1083086053412463,ORF3a:1,S:0.12637362637362637	false	C21618G,G21987A,T22917G,C22995A,A23148G,A23403G,T23464C,C23604G,C24208T,G24410A,C25469T,T26767C	22028-22034,22478,25376		S:159-1271	M:I82T,ORF3a:S26L,S:T19R,S:G142D	S:E156-,S:F157-,S:R158-,S:Y1272-				A23148G,T23464C	0	0	2	2		NODE_0000627	A23148G,T23464C,C24208T	22028,22478,25376		S:G158-,S:Y1272-	AY.103	A23148G,T23464C	22028,22478,25376		S:G158-,S:Y1272-	N/A	N/A	N/A	N/A	N/A	N/A	N/A	N/A	N/A	N/A	ORF1b:2404,S:159-1271		3000	0	good	0	10	0	good	0	24	-3	0	good	5		0	good	0	S:159-1271	1		0	75	mediocre		0	0	good	0		ORF1a,ORF6,ORF7a,ORF7b,ORF8,N,ORF9b	"When processing gene ""ORF1a"": The extracted gene sequence is empty or consists entirely from gaps;When processing gene ""ORF6"": The extracted gene sequence is empty or consists entirely from gaps;When processing gene ""ORF7a"": The extracted gene sequence is empty or consists entirely from gaps;When processing gene ""ORF7b"": The extracted gene sequence is empty or consists entirely from gaps;When processing gene ""ORF8"": The extracted gene sequence is empty or consists entirely from gaps;When processing gene ""N"": The extracted gene sequence is empty or consists entirely from gaps;When processing gene ""ORF9b"": The extracted gene sequence is empty or consists entirely from gaps"	
42	381_sub0	21J	21J (Delta)	Delta	21J	B.1.617.2.103	AY.103	56.250000	mediocre	11	6	1	1	0	0	10	2	0	211	18409	20678	26839	0.206066280975153	E:1,M:0,ORF1b:0.1083086053412463,ORF3a:1,S:1	false	C21618G,G21987A,T22917G,C22995A,A23403G,C23577T,C23604G,C24208T,G24410A,C25469T,T26767C	22029-22034	26561:A	M:14-223	ORF3a:S26L,S:T19R,S:G142D,S:R158G,S:L452R,S:T478K,S:D614G,S:A672V,S:P681R,S:D950N	S:E156-,S:F157-				C23577T	0	0	1	1		NODE_0000627	C23577T,C24208T		S:A672V		AY.103	C23577T		S:A672V		N/A	N/A	N/A	N/A	N/A	N/A	N/A	N/A	N/A	N/A	ORF1b:2404,M:14-223		3000	0	good	0	10	0	good	0	24	-7	0	good	1		0	good	0	M:14-223	1		0	75	mediocre		0	0	good	0		ORF1a,ORF6,ORF7a,ORF7b,ORF8,N,ORF9b	"When processing gene ""ORF1a"": The extracted gene sequence is empty or consists entirely from gaps;When processing gene ""ORF6"": The extracted gene sequence is empty or consists entirely from gaps;When processing gene ""ORF7a"": The extracted gene sequence is empty or consists entirely from gaps;When processing gene ""ORF7b"": The extracted gene sequence is empty or consists entirely from gaps;When processing gene ""ORF8"": The extracted gene sequence is empty or consists entirely from gaps;When processing gene ""N"": The extracted gene sequence is empty or consists entirely from gaps;When processing gene ""ORF9b"": The extracted gene sequence is empty or consists entirely from gaps"	
55	1006_sub0	21J	21J (Delta)	Delta	21J	B.1.617.2.103	AY.103	56.250000	mediocre	12	5	0	1	0	0	5	2	0	1117	18416	20678	26839	0.206066280975153	E:1,M:0.47085201793721976,ORF1b:0.1083086053412463,ORF3a:1,S:0.12401883830455258	false	A20999T,C21618G,G21987A,T22917G,C22995A,A23403G,C23604G,A24062G,C24208T,G24410A,C25469T,T26767C	22031-22035		S:159-1274	M:I82T,ORF1b:D2511V,ORF3a:S26L,S:T19R,S:G142D	S:F157-,S:R158-				A20999T,A24062G	0	0	2	2		NODE_0000627	A20999T,A24062G,C24208T	22035	ORF1b:D2511V,S:-156E	S:G158-	AY.103	A20999T,A24062G	22035	ORF1b:D2511V,S:-156E	S:G158-	N/A	N/A	N/A	N/A	N/A	N/A	N/A	N/A	N/A	N/A	ORF1b:2404,S:159-1274		3000	0	good	0	10	0	good	0	24	-5	0	good	3		0	good	0	S:159-1274	1		0	75	mediocre		0	0	good	0		ORF1a,ORF6,ORF7a,ORF7b,ORF8,N,ORF9b	"When processing gene ""ORF1a"": The extracted gene sequence is empty or consists entirely from gaps;When processing gene ""ORF6"": The extracted gene sequence is empty or consists entirely from gaps;When processing gene ""ORF7a"": The extracted gene sequence is empty or consists entirely from gaps;When processing gene ""ORF7b"": The extracted gene sequence is empty or consists entirely from gaps;When processing gene ""ORF8"": The extracted gene sequence is empty or consists entirely from gaps;When processing gene ""N"": The extracted gene sequence is empty or consists entirely from gaps;When processing gene ""ORF9b"": The extracted gene sequence is empty or consists entirely from gaps"	
43	4045_sub0	21J	21J (Delta)	Delta	21J	B.1.617.2.103	AY.103	0	good	10	6	0	0	0	0	10	2	0	1	18420	20678	26839	0.206066280975153	E:1,M:0.47085201793721976,ORF1b:0.1083086053412463,ORF3a:1,S:1	false	C21618G,G21987A,T22917G,C22995A,A23403G,C23604G,C24208T,G24410A,C25469T,T26767C	22029-22034			M:I82T,ORF3a:S26L,S:T19R,S:G142D,S:R158G,S:L452R,S:T478K,S:D614G,S:P681R,S:D950N	S:E156-,S:F157-					0	0	0	0		NODE_0000627	C24208T				AY.103					N/A	N/A	N/A	N/A	N/A	N/A	N/A	N/A	N/A	N/A	ORF1b:2404		3000	0	good	0	10	0	good	0	24	-8	0	good	0		0	good	0		0		0	0	good		0	0	good	0		ORF1a,ORF6,ORF7a,ORF7b,ORF8,N,ORF9b	"When processing gene ""ORF1a"": The extracted gene sequence is empty or consists entirely from gaps;When processing gene ""ORF6"": The extracted gene sequence is empty or consists entirely from gaps;When processing gene ""ORF7a"": The extracted gene sequence is empty or consists entirely from gaps;When processing gene ""ORF7b"": The extracted gene sequence is empty or consists entirely from gaps;When processing gene ""ORF8"": The extracted gene sequence is empty or consists entirely from gaps;When processing gene ""N"": The extracted gene sequence is empty or consists entirely from gaps;When processing gene ""ORF9b"": The extracted gene sequence is empty or consists entirely from gaps"	
50	836_sub0	21I	21I (Delta)	Delta	21I	B.1.617.2.37	AY.37	225	bad	13	7	0	2	0	0	3	2	0	1332	18392	20678	26839	0.206066280975153	E:1,M:0,ORF1b:0.1083086053412463,ORF3a:1,S:0.12401883830455258	false	T20911C,C21618G,G21987A,C22227T,G22661C,T22917G,T22981C,C22995A,A23403G,C23604G,G24410A,C25469T,T26767C	22031-22035,26480,26548		S:159-1274,M:10-223	ORF3a:S26L,S:T19R,S:G142D	S:F157-,S:R158-				G22661C,T22981C	0	0	2	2		NODE_0000615	T20911C,G22661C,T22981C	22035,26480,26548	S:-156E	S:G158-	AY.37	G22661C,T22981C	22035,26480,26548	S:-156E	S:G158-	N/A	N/A	N/A	N/A	N/A	N/A	N/A	N/A	N/A	N/A	ORF1b:2404,S:159-1274,M:9-223		3000	0	good	0	10	0	good	0	24	-3	0	good	5		0	good	0	S:159-1274,M:10-223	2		0	150	bad		0	0	good	0		ORF1a,ORF6,ORF7a,ORF7b,ORF8,N,ORF9b	"When processing gene ""ORF1a"": The extracted gene sequence is empty or consists entirely from gaps;When processing gene ""ORF6"": The extracted gene sequence is empty or consists entirely from gaps;When processing gene ""ORF7a"": The extracted gene sequence is empty or consists entirely from gaps;When processing gene ""ORF7b"": The extracted gene sequence is empty or consists entirely from gaps;When processing gene ""ORF8"": The extracted gene sequence is empty or consists entirely from gaps;When processing gene ""N"": The extracted gene sequence is empty or consists entirely from gaps;When processing gene ""ORF9b"": The extracted gene sequence is empty or consists entirely from gaps"	
57	28_sub0	21I	21I (Delta)	Delta	21I	B.1.617.2.37	AY.37	0	good	15	6	0	0	0	0	13	2	0	1	18400	20678	26839	0.206066280975153	E:1,M:0.47085201793721976,ORF1b:0.1083086053412463,ORF3a:1,S:1	false	T20911C,C21618G,G21987A,G22226T,C22227T,G22661C,T22917G,T22981C,C22995A,A23403G,C23604G,G24410A,A25056G,C25469T,T26767C	22029-22034			M:I82T,ORF3a:S26L,S:T19R,S:G142D,S:R158G,S:A222F,S:V367L,S:L452R,S:T478K,S:D614G,S:P681R,S:D950N,S:D1165G	S:E156-,S:F157-				G22226T,G22661C,T22981C,A25056G	0	0	4	4		NODE_0000615	T20911C,G22226T,G22661C,T22981C,A25056G		S:V222F,S:V367L,S:D1165G		AY.37	G22226T,G22661C,T22981C,A25056G		S:V222F,S:V367L,S:D1165G		N/A	N/A	N/A	N/A	N/A	N/A	N/A	N/A	N/A	N/A	ORF1b:2404		3000	0	good	0	10	0	good	0	24	-4	0	good	4		0	good	0		0		0	0	good		0	0	good	0		ORF1a,ORF6,ORF7a,ORF7b,ORF8,N,ORF9b	"When processing gene ""ORF1a"": The extracted gene sequence is empty or consists entirely from gaps;When processing gene ""ORF6"": The extracted gene sequence is empty or consists entirely from gaps;When processing gene ""ORF7a"": The extracted gene sequence is empty or consists entirely from gaps;When processing gene ""ORF7b"": The extracted gene sequence is empty or consists entirely from gaps;When processing gene ""ORF8"": The extracted gene sequence is empty or consists entirely from gaps;When processing gene ""N"": The extracted gene sequence is empty or consists entirely from gaps;When processing gene ""ORF9b"": The extracted gene sequence is empty or consists entirely from gaps"	
53	649_sub0	21J	21J (Delta)	Delta	21J	B.1.617.2.103	AY.103	56.250000	mediocre	10	6	2	1	0	0	5	2	0	1094	18406	20678	26839	0.206066280975153	E:1,M:0.47085201793721976,ORF1b:0.1083086053412463,ORF3a:1,S:0.14207221350078492	false	C21618G,G21987A,T22917G,C22995A,A23403G,C23604G,C24208T,G24410A,C25469T,T26767C	22029-22034	22105:A,24265:A	S:182-1274	M:I82T,ORF3a:S26L,S:T19R,S:G142D,S:R158G	S:E156-,S:F157-					0	0	0	0		NODE_0000627	C24208T				AY.103					N/A	N/A	N/A	N/A	N/A	N/A	N/A	N/A	N/A	N/A	ORF1b:2404,S:182-1274		3000	0	good	0	10	0	good	0	24	-8	0	good	0		0	good	0	S:182-1274	1		0	75	mediocre		0	0	good	0		ORF1a,ORF6,ORF7a,ORF7b,ORF8,N,ORF9b	"When processing gene ""ORF1a"": The extracted gene sequence is empty or consists entirely from gaps;When processing gene ""ORF6"": The extracted gene sequence is empty or consists entirely from gaps;When processing gene ""ORF7a"": The extracted gene sequence is empty or consists entirely from gaps;When processing gene ""ORF7b"": The extracted gene sequence is empty or consists entirely from gaps;When processing gene ""ORF8"": The extracted gene sequence is empty or consists entirely from gaps;When processing gene ""N"": The extracted gene sequence is empty or consists entirely from gaps;When processing gene ""ORF9b"": The extracted gene sequence is empty or consists entirely from gaps"	
54	146_sub0	21J	21J (Delta)	Delta	21J	B.1.617.2.103	AY.103	225.173611	bad	14	6	1	2	0	0	11	4	0	458	18391	20678	26839	0.206066280975153	E:1,M:0.47085201793721976,ORF1b:0.05229970326409496,ORF3a:1,S:0.7598116169544741	false	C21575T,C21618G,A21834G,G21987A,A22029T,T22917G,C22995A,A23403G,C23604G,A24062G,C24208T,G24410A,C25469T,T26767C	22031-22035,22955	21102:T	ORF1b:2546-2696,S:159-464	M:I82T,ORF3a:S26L,S:L5F,S:T19R,S:Y91C,S:G142D,S:T478K,S:D614G,S:P681R,S:I834V,S:D950N	S:E156-,S:F157-,S:R158-,S:E465-			C21575T|21F	A21834G,-22029T,A24062G	0	1	3	4		NODE_0000627	C21575T,A21834G,-22029T,A24062G,C24208T	22035,22955	S:L5F,S:Y91C,S:I834V	S:G158-,S:E465-	AY.103	C21575T,A21834G,-22029T,A24062G	22035,22955	S:L5F,S:Y91C,S:I834V	S:G158-,S:E465-	N/A	N/A	N/A	N/A	N/A	N/A	N/A	N/A	N/A	N/A	ORF1b:2404,ORF1b:2546-2696,S:159-464		3000	0	good	0	10	0	good	0	24	1	4.166667	good	9		0	good	0	ORF1b:2546-2696,S:159-464	2		0	150	bad		0	0	good	0		ORF1a,ORF6,ORF7a,ORF7b,ORF8,N,ORF9b	"When processing gene ""ORF1a"": The extracted gene sequence is empty or consists entirely from gaps;When processing gene ""ORF6"": The extracted gene sequence is empty or consists entirely from gaps;When processing gene ""ORF7a"": The extracted gene sequence is empty or consists entirely from gaps;When processing gene ""ORF7b"": The extracted gene sequence is empty or consists entirely from gaps;When processing gene ""ORF8"": The extracted gene sequence is empty or consists entirely from gaps;When processing gene ""N"": The extracted gene sequence is empty or consists entirely from gaps;When processing gene ""ORF9b"": The extracted gene sequence is empty or consists entirely from gaps"	
62	4109_sub0	21J	21J (Delta)	Delta	21J	B.1.617.2.103	AY.103	0	good	12	6	0	0	0	0	11	2	0	1	18412	20678	26839	0.206066280975153	E:1,M:0.47085201793721976,ORF1b:0.1083086053412463,ORF3a:1,S:1	false	C21618G,G21987A,T22917G,C22995A,A23403G,C23604G,C24208T,G24410A,C25469T,T26246C,T26543C,T26767C	22029-22034			E:M1T,M:I82T,ORF3a:S26L,S:T19R,S:G142D,S:R158G,S:L452R,S:T478K,S:D614G,S:P681R,S:D950N	S:E156-,S:F157-				T26246C,T26543C	0	0	2	2		NODE_0000627	C24208T,T26246C,T26543C		E:M1T		AY.103	T26246C,T26543C		E:M1T		N/A	N/A	N/A	N/A	N/A	N/A	N/A	N/A	N/A	N/A	ORF1b:2404		3000	0	good	0	10	0	good	0	24	-6	0	good	2		0	good	0		0		0	0	good		0	0	good	0		ORF1a,ORF6,ORF7a,ORF7b,ORF8,N,ORF9b	"When processing gene ""ORF1a"": The extracted gene sequence is empty or consists entirely from gaps;When processing gene ""ORF6"": The extracted gene sequence is empty or consists entirely from gaps;When processing gene ""ORF7a"": The extracted gene sequence is empty or consists entirely from gaps;When processing gene ""ORF7b"": The extracted gene sequence is empty or consists entirely from gaps;When processing gene ""ORF8"": The extracted gene sequence is empty or consists entirely from gaps;When processing gene ""N"": The extracted gene sequence is empty or consists entirely from gaps;When processing gene ""ORF9b"": The extracted gene sequence is empty or consists entirely from gaps"	
48	629_sub0	21J	21J (Delta)	Delta	21J	B.1.617.2.103	AY.103	56.250000	mediocre	10	6	0	1	0	0	5	3	0	763	18414	20678	26839	0.206066280975153	E:1,M:0.47085201793721976,ORF1b:0.1083086053412463,ORF3a:1,S:0.40188383045525905	false	C21618G,G21987A,T22917G,C22995A,A23403G,C23604G,C24208T,G24410A,C25469T,T26767C	22031-22035,24323		S:159-920	M:I82T,ORF3a:S26L,S:T19R,S:G142D,S:D950N	S:F157-,S:R158-,S:K921-					0	0	0	0		NODE_0000627	C24208T	22035,24323	S:-156E	S:G158-,S:K921-	AY.103		22035,24323	S:-156E	S:G158-,S:K921-	N/A	N/A	N/A	N/A	N/A	N/A	N/A	N/A	N/A	N/A	ORF1b:2404,S:159-920		3000	0	good	0	10	0	good	0	24	-6	0	good	2		0	good	0	S:159-920	1		0	75	mediocre		0	0	good	0		ORF1a,ORF6,ORF7a,ORF7b,ORF8,N,ORF9b	"When processing gene ""ORF1a"": The extracted gene sequence is empty or consists entirely from gaps;When processing gene ""ORF6"": The extracted gene sequence is empty or consists entirely from gaps;When processing gene ""ORF7a"": The extracted gene sequence is empty or consists entirely from gaps;When processing gene ""ORF7b"": The extracted gene sequence is empty or consists entirely from gaps;When processing gene ""ORF8"": The extracted gene sequence is empty or consists entirely from gaps;When processing gene ""N"": The extracted gene sequence is empty or consists entirely from gaps;When processing gene ""ORF9b"": The extracted gene sequence is empty or consists entirely from gaps"	
49	4711_sub0	21J	21J (Delta)	Delta	21J	B.1.617.2.103	AY.103	0	good	14	6	0	0	0	0	12	2	0	1	18404	20678	26839	0.206066280975153	E:1,M:0.47085201793721976,ORF1b:0.1083086053412463,ORF3a:1,S:1	false	G21168A,C21618G,G21641A,G21987A,T22384C,T22917G,C22995A,A23403G,C23604G,A24062G,C24208T,G24410A,C25469T,T26767C	22029-22034			M:I82T,ORF3a:S26L,S:T19R,S:A27T,S:G142D,S:R158G,S:L452R,S:T478K,S:D614G,S:P681R,S:I834V,S:D950N	S:E156-,S:F157-				G21168A,G21641A,T22384C,A24062G	0	0	4	4		NODE_0000627	G21168A,G21641A,T22384C,A24062G,C24208T		S:A27T,S:I834V		AY.103	G21168A,G21641A,T22384C,A24062G		S:A27T,S:I834V		N/A	N/A	N/A	N/A	N/A	N/A	N/A	N/A	N/A	N/A	ORF1b:2404		3000	0	good	0	10	0	good	0	24	-4	0	good	4		0	good	0		0		0	0	good		0	0	good	0		ORF1a,ORF6,ORF7a,ORF7b,ORF8,N,ORF9b	"When processing gene ""ORF1a"": The extracted gene sequence is empty or consists entirely from gaps;When processing gene ""ORF6"": The extracted gene sequence is empty or consists entirely from gaps;When processing gene ""ORF7a"": The extracted gene sequence is empty or consists entirely from gaps;When processing gene ""ORF7b"": The extracted gene sequence is empty or consists entirely from gaps;When processing gene ""ORF8"": The extracted gene sequence is empty or consists entirely from gaps;When processing gene ""N"": The extracted gene sequence is empty or consists entirely from gaps;When processing gene ""ORF9b"": The extracted gene sequence is empty or consists entirely from gaps"	
56	433_sub0	21J	21J (Delta)	Delta	21J	B.1.617.2.103	AY.103	225	bad	12	5	0	2	0	0	6	3	0	971	18401	20678	26839	0.206066280975153	E:1,M:0.47085201793721976,ORF1b:0.1083086053412463,ORF3a:0.4166666666666667,S:0.3649921507064364	false	C21618G,G21987A,G22030T,T22917G,C22995A,A23403G,T23571C,C23604G,C24208T,G24410A,C25469T,T26767C	22031-22033,22955,25737		S:466-1274,ORF3a:116-276	M:I82T,ORF3a:S26L,S:T19R,S:G142D,S:F157D,S:L452R	ORF3a:L115-,S:E156-,S:E465-				-22030T,T23571C	0	0	2	2		NODE_0000627	-22030T,T23571C,C24208T	22955,25737	S:-157D,S:G158R	ORF3a:L115-,S:E465-	AY.103	-22030T,T23571C	22955,25737	S:-157D,S:G158R	ORF3a:L115-,S:E465-	N/A	N/A	N/A	N/A	N/A	N/A	N/A	N/A	N/A	N/A	ORF1b:2404,S:466-1274,ORF3a:116-276		3000	0	good	0	10	0	good	0	24	-4	0	good	4		0	good	0	S:466-1274,ORF3a:116-276	2		0	150	bad		0	0	good	0		ORF1a,ORF6,ORF7a,ORF7b,ORF8,N,ORF9b	"When processing gene ""ORF1a"": The extracted gene sequence is empty or consists entirely from gaps;When processing gene ""ORF6"": The extracted gene sequence is empty or consists entirely from gaps;When processing gene ""ORF7a"": The extracted gene sequence is empty or consists entirely from gaps;When processing gene ""ORF7b"": The extracted gene sequence is empty or consists entirely from gaps;When processing gene ""ORF8"": The extracted gene sequence is empty or consists entirely from gaps;When processing gene ""N"": The extracted gene sequence is empty or consists entirely from gaps;When processing gene ""ORF9b"": The extracted gene sequence is empty or consists entirely from gaps"	
66	4708_sub0	21J	21J (Delta)	Delta	21J	B.1.617.2.103	AY.103	56.250000	mediocre	12	7	2	2	0	0	10	3	0	439	18388	20678	26839	0.206066280975153	E:1,M:0.47085201793721976,ORF1b:0.1083086053412463,ORF3a:0.23550724637681159,S:0.8218210361067504	false	C21618G,G21987A,C22050T,T22917G,C22995A,A23403G,C23604G,A24062G,C24208T,G24410A,C25469T,T26767C	22029-22034,24518	23836:T,25587:A	S:759-985,ORF3a:66-276	M:I82T,ORF3a:S26L,S:T19R,S:G142D,S:R158G,S:A163V,S:L452R,S:T478K,S:D614G,S:P681R	S:E156-,S:F157-,S:K986-				C22050T,A24062G	0	0	2	2		NODE_0000627	C22050T,A24062G,C24208T	24518	S:A163V	S:K986-	AY.103	C22050T,A24062G	24518	S:A163V	S:K986-	N/A	N/A	N/A	N/A	N/A	N/A	N/A	N/A	N/A	N/A	ORF1b:2404,S:759-985,ORF3a:66-276		3000	0	good	0	10	0	good	0	24	-5	0	good	3		0	good	0	S:759-985	1	ORF3a:66-276	1	75	mediocre		0	0	good	0		ORF1a,ORF6,ORF7a,ORF7b,ORF8,N,ORF9b	"When processing gene ""ORF1a"": The extracted gene sequence is empty or consists entirely from gaps;When processing gene ""ORF6"": The extracted gene sequence is empty or consists entirely from gaps;When processing gene ""ORF7a"": The extracted gene sequence is empty or consists entirely from gaps;When processing gene ""ORF7b"": The extracted gene sequence is empty or consists entirely from gaps;When processing gene ""ORF8"": The extracted gene sequence is empty or consists entirely from gaps;When processing gene ""N"": The extracted gene sequence is empty or consists entirely from gaps;When processing gene ""ORF9b"": The extracted gene sequence is empty or consists entirely from gaps"	
63	955_sub0	21J	21J (Delta)	Delta	21J	B.1.617.2.103	AY.103	0	good	10	6	0	0	0	0	10	2	0	1	18420	20678	26839	0.206066280975153	E:1,M:0.47085201793721976,ORF1b:0.1083086053412463,ORF3a:1,S:1	false	C21618G,G21987A,T22917G,C22995A,A23403G,C23604G,C24208T,G24410A,C25469T,T26767C	22029-22034			M:I82T,ORF3a:S26L,S:T19R,S:G142D,S:R158G,S:L452R,S:T478K,S:D614G,S:P681R,S:D950N	S:E156-,S:F157-					0	0	0	0		NODE_0000627	C24208T				AY.103					N/A	N/A	N/A	N/A	N/A	N/A	N/A	N/A	N/A	N/A	ORF1b:2404		3000	0	good	0	10	0	good	0	24	-8	0	good	0		0	good	0		0		0	0	good		0	0	good	0		ORF1a,ORF6,ORF7a,ORF7b,ORF8,N,ORF9b	"When processing gene ""ORF1a"": The extracted gene sequence is empty or consists entirely from gaps;When processing gene ""ORF6"": The extracted gene sequence is empty or consists entirely from gaps;When processing gene ""ORF7a"": The extracted gene sequence is empty or consists entirely from gaps;When processing gene ""ORF7b"": The extracted gene sequence is empty or consists entirely from gaps;When processing gene ""ORF8"": The extracted gene sequence is empty or consists entirely from gaps;When processing gene ""N"": The extracted gene sequence is empty or consists entirely from gaps;When processing gene ""ORF9b"": The extracted gene sequence is empty or consists entirely from gaps"	
65	3956_sub0	21J	21J (Delta)	Delta	21J	B.1.617.2.103	AY.103	225	bad	12	5	1	2	0	0	5	3	0	1200	18409	20678	26839	0.206066280975153	E:1,M:0.47085201793721976,ORF1b:0.1083086053412463,ORF3a:0.6992753623188406,S:0.12401883830455258	false	C21618G,G21987A,A22029C,T22917G,C22995A,A23403G,C23604G,C24208T,G24410A,C25469T,C25792T,T26767C	22031-22035	25971:G	S:159-1274,ORF3a:194-276	M:I82T,ORF3a:S26L,ORF3a:R134C,S:T19R,S:G142D	S:E156-,S:F157-,S:R158-				-22029C,C25792T	0	0	2	2		NODE_0000627	-22029C,C24208T,C25792T	22035	ORF3a:R134C	S:G158-	AY.103	-22029C,C25792T	22035	ORF3a:R134C	S:G158-	N/A	N/A	N/A	N/A	N/A	N/A	N/A	N/A	N/A	N/A	ORF1b:2404,S:159-1274,ORF3a:194-276		3000	0	good	0	10	0	good	0	24	-5	0	good	3		0	good	0	S:159-1274,ORF3a:194-276	2		0	150	bad		0	0	good	0		ORF1a,ORF6,ORF7a,ORF7b,ORF8,N,ORF9b	"When processing gene ""ORF1a"": The extracted gene sequence is empty or consists entirely from gaps;When processing gene ""ORF6"": The extracted gene sequence is empty or consists entirely from gaps;When processing gene ""ORF7a"": The extracted gene sequence is empty or consists entirely from gaps;When processing gene ""ORF7b"": The extracted gene sequence is empty or consists entirely from gaps;When processing gene ""ORF8"": The extracted gene sequence is empty or consists entirely from gaps;When processing gene ""N"": The extracted gene sequence is empty or consists entirely from gaps;When processing gene ""ORF9b"": The extracted gene sequence is empty or consists entirely from gaps"	
51	397_sub0	21J	21J (Delta)	Delta	21J	B.1.617.2.103	AY.103	56.250000	mediocre	11	5	0	1	0	0	4	2	0	1118	18412	20678	26839	0.206066280975153	E:1,M:0.47085201793721976,ORF1b:0.1083086053412463,ORF3a:1,S:0.12323390894819466	false	C21618G,G21987A,T22917G,C22995A,A23403G,C23604G,T23969C,C24208T,G24410A,C25469T,T26767C	22030-22033,25367		S:158-1274	M:I82T,ORF3a:S26L,S:T19R,S:G142D	S:E156-,S:F157-				T23969C	0	0	1	1		NODE_0000627	T23969C,C24208T	25367			AY.103	T23969C	25367			N/A	N/A	N/A	N/A	N/A	N/A	N/A	N/A	N/A	N/A	ORF1b:2404,S:158-1274		3000	0	good	0	10	0	good	0	24	-6	0	good	2		0	good	0	S:158-1274	1		0	75	mediocre		0	0	good	0		ORF1a,ORF6,ORF7a,ORF7b,ORF8,N,ORF9b	"When processing gene ""ORF1a"": The extracted gene sequence is empty or consists entirely from gaps;When processing gene ""ORF6"": The extracted gene sequence is empty or consists entirely from gaps;When processing gene ""ORF7a"": The extracted gene sequence is empty or consists entirely from gaps;When processing gene ""ORF7b"": The extracted gene sequence is empty or consists entirely from gaps;When processing gene ""ORF8"": The extracted gene sequence is empty or consists entirely from gaps;When processing gene ""N"": The extracted gene sequence is empty or consists entirely from gaps;When processing gene ""ORF9b"": The extracted gene sequence is empty or consists entirely from gaps"	
67	3984_sub0	21J	21J (Delta)	Delta	21J	B.1.617.2.103	AY.103	0	good	10	6	0	0	0	0	10	2	0	1	18420	20678	26839	0.206066280975153	E:1,M:0.47085201793721976,ORF1b:0.1083086053412463,ORF3a:1,S:1	false	C21618G,G21987A,T22917G,C22995A,A23403G,C23604G,C24208T,G24410A,C25469T,T26767C	22029-22034			M:I82T,ORF3a:S26L,S:T19R,S:G142D,S:R158G,S:L452R,S:T478K,S:D614G,S:P681R,S:D950N	S:E156-,S:F157-					0	0	0	0		NODE_0000627	C24208T				AY.103					N/A	N/A	N/A	N/A	N/A	N/A	N/A	N/A	N/A	N/A	ORF1b:2404		3000	0	good	0	10	0	good	0	24	-8	0	good	0		0	good	0		0		0	0	good		0	0	good	0		ORF1a,ORF6,ORF7a,ORF7b,ORF8,N,ORF9b	"When processing gene ""ORF1a"": The extracted gene sequence is empty or consists entirely from gaps;When processing gene ""ORF6"": The extracted gene sequence is empty or consists entirely from gaps;When processing gene ""ORF7a"": The extracted gene sequence is empty or consists entirely from gaps;When processing gene ""ORF7b"": The extracted gene sequence is empty or consists entirely from gaps;When processing gene ""ORF8"": The extracted gene sequence is empty or consists entirely from gaps;When processing gene ""N"": The extracted gene sequence is empty or consists entirely from gaps;When processing gene ""ORF9b"": The extracted gene sequence is empty or consists entirely from gaps"	
68	754_sub0	21J	21J (Delta)	Delta	21J	B.1.617.2.103	AY.103	56.250000	mediocre	12	4	0	1	0	0	4	2	0	1118	18418	20678	26839	0.206066280975153	E:1,M:0.47085201793721976,ORF1b:0.1083086053412463,ORF3a:1,S:0.12323390894819466	false	C21618G,G21987A,T22917G,C22995A,A23403G,C23492G,C23604G,C24208T,G24410A,C25275G,C25469T,T26767C	22030-22033		S:158-1274	M:I82T,ORF3a:S26L,S:T19R,S:G142D	S:E156-,S:F157-				C23492G,C25275G	0	0	2	2		NODE_0000627	C23492G,C24208T,C25275G				AY.103	C23492G,C25275G				N/A	N/A	N/A	N/A	N/A	N/A	N/A	N/A	N/A	N/A	ORF1b:2404,S:158-1274		3000	0	good	0	10	0	good	0	24	-6	0	good	2		0	good	0	S:158-1274	1		0	75	mediocre		0	0	good	0		ORF1a,ORF6,ORF7a,ORF7b,ORF8,N,ORF9b	"When processing gene ""ORF1a"": The extracted gene sequence is empty or consists entirely from gaps;When processing gene ""ORF6"": The extracted gene sequence is empty or consists entirely from gaps;When processing gene ""ORF7a"": The extracted gene sequence is empty or consists entirely from gaps;When processing gene ""ORF7b"": The extracted gene sequence is empty or consists entirely from gaps;When processing gene ""ORF8"": The extracted gene sequence is empty or consists entirely from gaps;When processing gene ""N"": The extracted gene sequence is empty or consists entirely from gaps;When processing gene ""ORF9b"": The extracted gene sequence is empty or consists entirely from gaps"	
52	55_sub0	21J	21J (Delta)	Delta	21J	B.1.617.2.103	AY.103	0	good	10	6	0	0	0	0	10	2	0	1	18420	20678	26839	0.206066280975153	E:1,M:0.47085201793721976,ORF1b:0.1083086053412463,ORF3a:1,S:1	false	C21618G,G21987A,T22917G,C22995A,A23403G,C23604G,C24208T,G24410A,C25469T,T26767C	22029-22034			M:I82T,ORF3a:S26L,S:T19R,S:G142D,S:R158G,S:L452R,S:T478K,S:D614G,S:P681R,S:D950N	S:E156-,S:F157-					0	0	0	0		NODE_0000627	C24208T				AY.103					N/A	N/A	N/A	N/A	N/A	N/A	N/A	N/A	N/A	N/A	ORF1b:2404		3000	0	good	0	10	0	good	0	24	-8	0	good	0		0	good	0		0		0	0	good		0	0	good	0		ORF1a,ORF6,ORF7a,ORF7b,ORF8,N,ORF9b	"When processing gene ""ORF1a"": The extracted gene sequence is empty or consists entirely from gaps;When processing gene ""ORF6"": The extracted gene sequence is empty or consists entirely from gaps;When processing gene ""ORF7a"": The extracted gene sequence is empty or consists entirely from gaps;When processing gene ""ORF7b"": The extracted gene sequence is empty or consists entirely from gaps;When processing gene ""ORF8"": The extracted gene sequence is empty or consists entirely from gaps;When processing gene ""N"": The extracted gene sequence is empty or consists entirely from gaps;When processing gene ""ORF9b"": The extracted gene sequence is empty or consists entirely from gaps"	
75	1056_sub0	21J	21J (Delta)	Delta	21J	B.1.617.2.103	AY.103	56.250000	mediocre	13	1	0	1	0	0	12	1	0	271	18424	20678	26839	0.206066280975153	E:1,M:0.47085201793721976,ORF1b:0.1083086053412463,ORF3a:1,S:0.7880690737833596	false	C21618G,G21987A,G22030T,C22033A,T22917G,C22995A,A23403G,C23481T,C23604G,C24208T,G24410A,C25469T,T26767C	24572		S:1005-1274	M:I82T,ORF3a:S26L,S:T19R,S:G142D,S:E156D,S:F157L,S:L452R,S:T478K,S:D614G,S:S640F,S:P681R,S:D950N	S:L1004-			-22033A|24A&24E&22D&23C&24C&23F&24F&24B&rec&23I&24G&25A&24H&24D&24I&25B&25C	-22030T,C23481T	0	1	2	3		NODE_0000627	-22030T,-22033A,C23481T,C24208T	24572	S:-156D,S:-157L,S:G158R,S:S640F	S:L1004-	AY.103	-22030T,-22033A,C23481T	24572	S:-156D,S:-157L,S:G158R,S:S640F	S:L1004-	N/A	N/A	N/A	N/A	N/A	N/A	N/A	N/A	N/A	N/A	ORF1b:2404,S:1005-1274		3000	0	good	0	10	0	good	0	24	-1	0	good	7		0	good	0	S:1005-1274	1		0	75	mediocre		0	0	good	0		ORF1a,ORF6,ORF7a,ORF7b,ORF8,N,ORF9b	"When processing gene ""ORF1a"": The extracted gene sequence is empty or consists entirely from gaps;When processing gene ""ORF6"": The extracted gene sequence is empty or consists entirely from gaps;When processing gene ""ORF7a"": The extracted gene sequence is empty or consists entirely from gaps;When processing gene ""ORF7b"": The extracted gene sequence is empty or consists entirely from gaps;When processing gene ""ORF8"": The extracted gene sequence is empty or consists entirely from gaps;When processing gene ""N"": The extracted gene sequence is empty or consists entirely from gaps;When processing gene ""ORF9b"": The extracted gene sequence is empty or consists entirely from gaps"	
70	4613_sub0	21J	21J (Delta)	Delta	21J	B.1.617.2.103	AY.103	0	good	11	6	0	0	0	0	10	2	0	1	18416	20678	26839	0.206066280975153	E:1,M:0.47085201793721976,ORF1b:0.1083086053412463,ORF3a:1,S:1	false	C21618G,G21987A,T22917G,C22995A,A23403G,T23596G,C23604G,C24208T,G24410A,C25469T,T26767C	22029-22034			M:I82T,ORF3a:S26L,S:T19R,S:G142D,S:R158G,S:L452R,S:T478K,S:D614G,S:P681R,S:D950N	S:E156-,S:F157-				T23596G	0	0	1	1		NODE_0000627	T23596G,C24208T				AY.103	T23596G				N/A	N/A	N/A	N/A	N/A	N/A	N/A	N/A	N/A	N/A	ORF1b:2404		3000	0	good	0	10	0	good	0	24	-7	0	good	1		0	good	0		0		0	0	good		0	0	good	0		ORF1a,ORF6,ORF7a,ORF7b,ORF8,N,ORF9b	"When processing gene ""ORF1a"": The extracted gene sequence is empty or consists entirely from gaps;When processing gene ""ORF6"": The extracted gene sequence is empty or consists entirely from gaps;When processing gene ""ORF7a"": The extracted gene sequence is empty or consists entirely from gaps;When processing gene ""ORF7b"": The extracted gene sequence is empty or consists entirely from gaps;When processing gene ""ORF8"": The extracted gene sequence is empty or consists entirely from gaps;When processing gene ""N"": The extracted gene sequence is empty or consists entirely from gaps;When processing gene ""ORF9b"": The extracted gene sequence is empty or consists entirely from gaps"	
72	527_sub0	21J	21J (Delta)	Delta	21J	B.1.617.2.103	AY.103	56.250000	mediocre	12	4	0	1	0	0	5	2	0	1118	18418	20678	26839	0.206066280975153	E:1,M:0.47085201793721976,ORF1b:0.1083086053412463,ORF3a:1,S:0.12323390894819466	false	C21618G,G21987A,T22917G,C22995A,A23403G,C23604G,C24208T,G24410A,G24473A,C25469T,G25522A,T26767C	22030-22033		S:158-1274	M:I82T,ORF3a:S26L,ORF3a:G44R,S:T19R,S:G142D	S:E156-,S:F157-				G24473A,G25522A	0	0	2	2		NODE_0000627	C24208T,G24473A,G25522A		ORF3a:G44R		AY.103	G24473A,G25522A		ORF3a:G44R		N/A	N/A	N/A	N/A	N/A	N/A	N/A	N/A	N/A	N/A	ORF1b:2404,S:158-1274		3000	0	good	0	10	0	good	0	24	-6	0	good	2		0	good	0	S:158-1274	1		0	75	mediocre		0	0	good	0		ORF1a,ORF6,ORF7a,ORF7b,ORF8,N,ORF9b	"When processing gene ""ORF1a"": The extracted gene sequence is empty or consists entirely from gaps;When processing gene ""ORF6"": The extracted gene sequence is empty or consists entirely from gaps;When processing gene ""ORF7a"": The extracted gene sequence is empty or consists entirely from gaps;When processing gene ""ORF7b"": The extracted gene sequence is empty or consists entirely from gaps;When processing gene ""ORF8"": The extracted gene sequence is empty or consists entirely from gaps;When processing gene ""N"": The extracted gene sequence is empty or consists entirely from gaps;When processing gene ""ORF9b"": The extracted gene sequence is empty or consists entirely from gaps"	
69	666_sub0	21J	21J (Delta)	Delta	21J	B.1.617.2.103	AY.103	112.500000	bad	12	4	0	1	0	0	5	2	0	1118	18418	20678	26839	0.206066280975153	E:1,M:0.47085201793721976,ORF1b:0.1083086053412463,ORF3a:1,S:0.12323390894819466	false	C21618G,G21987A,A22233G,T22917G,C22995A,A23403G,C23604G,C24208T,G24410A,G25423T,C25469T,T26767C	22030-22033		S:158-1274	M:I82T,ORF3a:G11*,ORF3a:S26L,S:T19R,S:G142D	S:E156-,S:F157-				A22233G,G25423T	0	0	2	2		NODE_0000627	A22233G,C24208T,G25423T		ORF3a:G11*		AY.103	A22233G,G25423T		ORF3a:G11*		N/A	N/A	N/A	N/A	N/A	N/A	N/A	N/A	N/A	N/A	ORF1b:2404,S:158-1274		3000	0	good	0	10	0	good	0	24	-6	0	good	2		0	good	0	S:158-1274	1		0	75	mediocre	ORF3a:10	1	75	mediocre	0		ORF1a,ORF6,ORF7a,ORF7b,ORF8,N,ORF9b	"When processing gene ""ORF1a"": The extracted gene sequence is empty or consists entirely from gaps;When processing gene ""ORF6"": The extracted gene sequence is empty or consists entirely from gaps;When processing gene ""ORF7a"": The extracted gene sequence is empty or consists entirely from gaps;When processing gene ""ORF7b"": The extracted gene sequence is empty or consists entirely from gaps;When processing gene ""ORF8"": The extracted gene sequence is empty or consists entirely from gaps;When processing gene ""N"": The extracted gene sequence is empty or consists entirely from gaps;When processing gene ""ORF9b"": The extracted gene sequence is empty or consists entirely from gaps"	
71	252_sub0	21J	21J (Delta)	Delta	21J	B.1.617.2.103	AY.103	56.250000	mediocre	12	6	0	1	0	0	4	3	0	1115	18398	20678	26839	0.206066280975153	E:1,M:0.47085201793721976,ORF1b:0.1083086053412463,ORF3a:1,S:0.12558869701726844	false	C21618G,G21987A,A22771G,T22917G,C22995A,C23099A,A23403G,C23604G,C24208T,G24410A,C25469T,T26767C	22030-22033,25367,25376		S:158-1271	M:I82T,ORF3a:S26L,S:T19R,S:G142D	S:E156-,S:F157-,S:Y1272-				A22771G,C23099A	0	0	2	2		NODE_0000627	A22771G,C23099A,C24208T	25367,25376		S:Y1272-	AY.103	A22771G,C23099A	25367,25376		S:Y1272-	N/A	N/A	N/A	N/A	N/A	N/A	N/A	N/A	N/A	N/A	ORF1b:2404,S:158-1271		3000	0	good	0	10	0	good	0	24	-4	0	good	4		0	good	0	S:158-1271	1		0	75	mediocre		0	0	good	0		ORF1a,ORF6,ORF7a,ORF7b,ORF8,N,ORF9b	"When processing gene ""ORF1a"": The extracted gene sequence is empty or consists entirely from gaps;When processing gene ""ORF6"": The extracted gene sequence is empty or consists entirely from gaps;When processing gene ""ORF7a"": The extracted gene sequence is empty or consists entirely from gaps;When processing gene ""ORF7b"": The extracted gene sequence is empty or consists entirely from gaps;When processing gene ""ORF8"": The extracted gene sequence is empty or consists entirely from gaps;When processing gene ""N"": The extracted gene sequence is empty or consists entirely from gaps;When processing gene ""ORF9b"": The extracted gene sequence is empty or consists entirely from gaps"	
73	2642_sub0	21J	21J (Delta)	Delta	21J	B.1.617.2.103	AY.103	225	bad	13	7	0	2	0	0	6	4	0	712	18391	20678	26839	0.206066280975153	E:0.10526315789473684,M:0.47085201793721976,ORF1b:0.1083086053412463,ORF3a:1,S:0.49529042386185246	false	T20911C,C21618G,T21698C,G21987A,T22917G,C22995A,A23403G,C23604G,T24115C,C24208T,G24410A,C25469T,T26767C	22031-22035,23966,26267		S:159-801,E:9-76	M:I82T,ORF3a:S26L,S:T19R,S:S46P,S:G142D,S:D950N	E:E7-,S:F157-,S:R158-,S:F802-				T20911C,T21698C,T24115C	0	0	3	3		NODE_0000627	T20911C,T21698C,T24115C,C24208T	22035,23966,26267	S:S46P,S:-156E	E:E7-,S:G158-,S:F802-	AY.103	T20911C,T21698C,T24115C	22035,23966,26267	S:S46P,S:-156E	E:E7-,S:G158-,S:F802-	N/A	N/A	N/A	N/A	N/A	N/A	N/A	N/A	N/A	N/A	ORF1b:2404,S:159-801,E:9-76		3000	0	good	0	10	0	good	0	24	-2	0	good	6		0	good	0	S:159-801,E:9-76	2		0	150	bad		0	0	good	0		ORF1a,ORF6,ORF7a,ORF7b,ORF8,N,ORF9b	"When processing gene ""ORF1a"": The extracted gene sequence is empty or consists entirely from gaps;When processing gene ""ORF6"": The extracted gene sequence is empty or consists entirely from gaps;When processing gene ""ORF7a"": The extracted gene sequence is empty or consists entirely from gaps;When processing gene ""ORF7b"": The extracted gene sequence is empty or consists entirely from gaps;When processing gene ""ORF8"": The extracted gene sequence is empty or consists entirely from gaps;When processing gene ""N"": The extracted gene sequence is empty or consists entirely from gaps;When processing gene ""ORF9b"": The extracted gene sequence is empty or consists entirely from gaps"	
74	812_sub0	21I	21I (Delta)	Delta	21I	B.1.617.2.37	AY.37	56.250000	mediocre	16	5	0	1	0	0	12	2	0	119	18386	20678	26839	0.206066280975153	E:1,M:0.47085201793721976,ORF1b:0.064540059347181,ORF3a:1,S:1	false	T20911C,C21618G,G21987A,G22030A,G22226T,C22227T,G22661C,T22917G,T22981C,C22995A,A23403G,C23604G,G24410A,A25056G,C25469T,T26767C	21199,21472,22031-22033		ORF1b:2579-2696	M:I82T,ORF3a:S26L,S:T19R,S:G142D,S:A222F,S:V367L,S:L452R,S:T478K,S:D614G,S:P681R,S:D950N,S:D1165G	ORF1b:Y2578-,S:F157-				-22030A,G22226T,G22661C,T22981C,A25056G	0	0	5	5		NODE_0000615	T20911C,-22030A,G22226T,G22661C,T22981C,A25056G	21199,21472	S:-156E,S:G158R,S:V222F,S:V367L,S:D1165G	ORF1b:Y2578-	AY.37	-22030A,G22226T,G22661C,T22981C,A25056G	21199,21472	S:-156E,S:G158R,S:V222F,S:V367L,S:D1165G	ORF1b:Y2578-	N/A	N/A	N/A	N/A	N/A	N/A	N/A	N/A	N/A	N/A	ORF1b:2404,ORF1b:2579-2696		3000	0	good	0	10	0	good	0	24	-1	0	good	7		0	good	0	ORF1b:2579-2696	1		0	75	mediocre		0	0	good	0		ORF1a,ORF6,ORF7a,ORF7b,ORF8,N,ORF9b	"When processing gene ""ORF1a"": The extracted gene sequence is empty or consists entirely from gaps;When processing gene ""ORF6"": The extracted gene sequence is empty or consists entirely from gaps;When processing gene ""ORF7a"": The extracted gene sequence is empty or consists entirely from gaps;When processing gene ""ORF7b"": The extracted gene sequence is empty or consists entirely from gaps;When processing gene ""ORF8"": The extracted gene sequence is empty or consists entirely from gaps;When processing gene ""N"": The extracted gene sequence is empty or consists entirely from gaps;When processing gene ""ORF9b"": The extracted gene sequence is empty or consists entirely from gaps"	
78	2077_sub0	21J	21J (Delta)	Delta	21J	B.1.617.2.103	AY.103	56.250000	mediocre	10	5	0	1	0	0	4	2	0	1117	18424	20678	26839	0.206066280975153	E:1,M:0.47085201793721976,ORF1b:0.1083086053412463,ORF3a:1,S:0.12401883830455258	false	C21618G,G21987A,T22917G,C22995A,A23403G,C23604G,C24208T,G24410A,C25469T,T26767C	22031-22035		S:159-1274	M:I82T,ORF3a:S26L,S:T19R,S:G142D	S:F157-,S:R158-					0	0	0	0		NODE_0000627	C24208T	22035	S:-156E	S:G158-	AY.103		22035	S:-156E	S:G158-	N/A	N/A	N/A	N/A	N/A	N/A	N/A	N/A	N/A	N/A	ORF1b:2404,S:159-1274		3000	0	good	0	10	0	good	0	24	-7	0	good	1		0	good	0	S:159-1274	1		0	75	mediocre		0	0	good	0		ORF1a,ORF6,ORF7a,ORF7b,ORF8,N,ORF9b	"When processing gene ""ORF1a"": The extracted gene sequence is empty or consists entirely from gaps;When processing gene ""ORF6"": The extracted gene sequence is empty or consists entirely from gaps;When processing gene ""ORF7a"": The extracted gene sequence is empty or consists entirely from gaps;When processing gene ""ORF7b"": The extracted gene sequence is empty or consists entirely from gaps;When processing gene ""ORF8"": The extracted gene sequence is empty or consists entirely from gaps;When processing gene ""N"": The extracted gene sequence is empty or consists entirely from gaps;When processing gene ""ORF9b"": The extracted gene sequence is empty or consists entirely from gaps"	
76	1322_sub0	21J	21J (Delta)	Delta	21J	B.1.617.2.103	AY.103	56.250000	mediocre	11	7	0	1	0	0	11	3	0	6	18406	20678	26839	0.206066280975153	E:1,M:0.47085201793721976,ORF1b:0.1083086053412463,ORF3a:1,S:0.9960753532182104	false	G21307A,C21618G,G21987A,T22917G,C22995A,A23403G,C23604G,C24208T,G24410A,C25469T,T26767C	22029-22034,25367		S:1270-1274	M:I82T,ORF1b:E2614K,ORF3a:S26L,S:T19R,S:G142D,S:R158G,S:L452R,S:T478K,S:D614G,S:P681R,S:D950N	S:E156-,S:F157-,S:K1269-				G21307A	0	0	1	1		NODE_0000627	G21307A,C24208T	25367	ORF1b:E2614K	S:K1269-	AY.103	G21307A	25367	ORF1b:E2614K	S:K1269-	N/A	N/A	N/A	N/A	N/A	N/A	N/A	N/A	N/A	N/A	ORF1b:2404,S:1270-1274		3000	0	good	0	10	0	good	0	24	-6	0	good	2		0	good	0	S:1270-1274	1		0	75	mediocre		0	0	good	0		ORF1a,ORF6,ORF7a,ORF7b,ORF8,N,ORF9b	"When processing gene ""ORF1a"": The extracted gene sequence is empty or consists entirely from gaps;When processing gene ""ORF6"": The extracted gene sequence is empty or consists entirely from gaps;When processing gene ""ORF7a"": The extracted gene sequence is empty or consists entirely from gaps;When processing gene ""ORF7b"": The extracted gene sequence is empty or consists entirely from gaps;When processing gene ""ORF8"": The extracted gene sequence is empty or consists entirely from gaps;When processing gene ""N"": The extracted gene sequence is empty or consists entirely from gaps;When processing gene ""ORF9b"": The extracted gene sequence is empty or consists entirely from gaps"	
77	1161_sub0	21J	21J (Delta)	Delta	21J	B.1.617.2.103	AY.103	56.250000	mediocre	12	5	0	1	0	0	4	3	0	1117	18416	20678	26839	0.206066280975153	E:1,M:0.47085201793721976,ORF1b:0.1083086053412463,ORF3a:1,S:0.12401883830455258	false	C21618G,G21987A,A22029T,T22917G,C22995A,A23403G,C23492G,C23604G,C24208T,G24410A,C25469T,T26767C	22031-22035		S:159-1274	M:I82T,ORF3a:S26L,S:T19R,S:G142D	S:E156-,S:F157-,S:R158-				-22029T,C23492G	0	0	2	2		NODE_0000627	-22029T,C23492G,C24208T	22035		S:G158-	AY.103	-22029T,C23492G	22035		S:G158-	N/A	N/A	N/A	N/A	N/A	N/A	N/A	N/A	N/A	N/A	ORF1b:2404,S:159-1274		3000	0	good	0	10	0	good	0	24	-5	0	good	3		0	good	0	S:159-1274	1		0	75	mediocre		0	0	good	0		ORF1a,ORF6,ORF7a,ORF7b,ORF8,N,ORF9b	"When processing gene ""ORF1a"": The extracted gene sequence is empty or consists entirely from gaps;When processing gene ""ORF6"": The extracted gene sequence is empty or consists entirely from gaps;When processing gene ""ORF7a"": The extracted gene sequence is empty or consists entirely from gaps;When processing gene ""ORF7b"": The extracted gene sequence is empty or consists entirely from gaps;When processing gene ""ORF8"": The extracted gene sequence is empty or consists entirely from gaps;When processing gene ""N"": The extracted gene sequence is empty or consists entirely from gaps;When processing gene ""ORF9b"": The extracted gene sequence is empty or consists entirely from gaps"	
64	311_sub0	21J	21J (Delta)	Delta	21J	B.1.617.2.103	AY.103	56.250000	mediocre	13	6	0	0	0	0	12	2	0	1	18408	20678	26839	0.206066280975153	E:1,M:0.47085201793721976,ORF1b:0.1083086053412463,ORF3a:1,S:1	false	C21618G,G21873A,G21987A,T22917G,C22995A,A23403G,C23604G,T24076C,C24208T,G24410A,C25469T,T26300C,T26767C	22029-22034			E:L19P,M:I82T,ORF3a:S26L,S:T19R,S:W104*,S:G142D,S:R158G,S:L452R,S:T478K,S:D614G,S:P681R,S:D950N	S:E156-,S:F157-				G21873A,T24076C,T26300C	0	0	3	3		NODE_0000627	G21873A,T24076C,C24208T,T26300C		E:L19P,S:W104*		AY.103	G21873A,T24076C,T26300C		E:L19P,S:W104*		N/A	N/A	N/A	N/A	N/A	N/A	N/A	N/A	N/A	N/A	ORF1b:2404		3000	0	good	0	10	0	good	0	24	-5	0	good	3		0	good	0		0		0	0	good	S:103	1	75	mediocre	0		ORF1a,ORF6,ORF7a,ORF7b,ORF8,N,ORF9b	"When processing gene ""ORF1a"": The extracted gene sequence is empty or consists entirely from gaps;When processing gene ""ORF6"": The extracted gene sequence is empty or consists entirely from gaps;When processing gene ""ORF7a"": The extracted gene sequence is empty or consists entirely from gaps;When processing gene ""ORF7b"": The extracted gene sequence is empty or consists entirely from gaps;When processing gene ""ORF8"": The extracted gene sequence is empty or consists entirely from gaps;When processing gene ""N"": The extracted gene sequence is empty or consists entirely from gaps;When processing gene ""ORF9b"": The extracted gene sequence is empty or consists entirely from gaps"	
83	735_sub0	21I	21I (Delta)	Delta	21I	B.1.617.2.37	AY.37	514.756944	bad	17	5	0	3	0	0	11	4	0	840	18375	20678	26839	0.206066280975153	E:1,M:0.47085201793721976,ORF1b:0.04970326409495549,ORF3a:1,S:0.4654631083202512	false	C20863T,T20911C,C21618G,G21987A,C22033A,A22034G,C22227T,G22772T,T22917G,T22981C,C22995A,A23403G,C23604G,G24410A,C25469T,G26065A,T26767C	21079,22031-22032,22661,23966		ORF1b:2539-2696,S:158-366,S:803-1274	M:I82T,ORF1b:H2466Y,ORF3a:S26L,ORF3a:V225I,S:T19R,S:G142D,S:G404C,S:L452R,S:T478K,S:D614G,S:P681R	ORF1b:K2538-,S:F157-,S:V367-,S:F802-			-22033A|24A&24E&22D&23C&24C&23F&24F&24B&rec&23I&24G&25A&24H&24D&24I&25B&25C,-22034G|24A&24E&24C&24F&24B&23I&24G&rec&25A&24H&24D&24I&25B&25C	C20863T,G22772T,T22981C,G26065A	0	2	4	6		NODE_0000615	C20863T,T20911C,-22033A,-22034G,G22772T,T22981C,G26065A	21079,22661,23966	ORF1b:H2466Y,ORF3a:V225I,S:-156E,S:G404C	ORF1b:K2538-,S:V367-,S:F802-	AY.37	C20863T,-22033A,-22034G,G22772T,T22981C,G26065A	21079,22661,23966	ORF1b:H2466Y,ORF3a:V225I,S:-156E,S:G404C	ORF1b:K2538-,S:V367-,S:F802-	N/A	N/A	N/A	N/A	N/A	N/A	N/A	N/A	N/A	N/A	ORF1b:2404,ORF1b:2539-2696,S:158-366,S:803-1274		3000	0	good	0	10	0	good	0	24	7	29.166667	good	15		0	good	0	ORF1b:2539-2696,S:158-366,S:803-1274	3		0	225	bad		0	0	good	0		ORF1a,ORF6,ORF7a,ORF7b,ORF8,N,ORF9b	"When processing gene ""ORF1a"": The extracted gene sequence is empty or consists entirely from gaps;When processing gene ""ORF6"": The extracted gene sequence is empty or consists entirely from gaps;When processing gene ""ORF7a"": The extracted gene sequence is empty or consists entirely from gaps;When processing gene ""ORF7b"": The extracted gene sequence is empty or consists entirely from gaps;When processing gene ""ORF8"": The extracted gene sequence is empty or consists entirely from gaps;When processing gene ""N"": The extracted gene sequence is empty or consists entirely from gaps;When processing gene ""ORF9b"": The extracted gene sequence is empty or consists entirely from gaps"	
82	4156_sub0	21J	21J (Delta)	Delta	21J	B.1.617.2.103	AY.103	56.250000	mediocre	9	7	0	1	0	0	4	3	0	920	18413	20678	26839	0.206066280975153	E:1,M:0.47085201793721976,ORF1b:0.1083086053412463,ORF3a:1,S:0.27864992150706436	false	C21618G,G21987A,T22917G,C22995A,A23403G,C23604G,C24208T,G24410A,C25469T	22029-22034,22626		S:356-1274	ORF3a:S26L,S:T19R,S:G142D,S:R158G	S:E156-,S:F157-,S:R355-		C26767T			1	0	0	1		NODE_0000627	C24208T,C26767T	22626	M:T82I	S:R355-	AY.103	C26767T	22626	M:T82I	S:R355-	N/A	N/A	N/A	N/A	N/A	N/A	N/A	N/A	N/A	N/A	ORF1b:2404,S:356-1274		3000	0	good	0	10	0	good	0	24	-1	0	good	7		0	good	0	S:356-1274	1		0	75	mediocre		0	0	good	0		ORF1a,ORF6,ORF7a,ORF7b,ORF8,N,ORF9b	"When processing gene ""ORF1a"": The extracted gene sequence is empty or consists entirely from gaps;When processing gene ""ORF6"": The extracted gene sequence is empty or consists entirely from gaps;When processing gene ""ORF7a"": The extracted gene sequence is empty or consists entirely from gaps;When processing gene ""ORF7b"": The extracted gene sequence is empty or consists entirely from gaps;When processing gene ""ORF8"": The extracted gene sequence is empty or consists entirely from gaps;When processing gene ""N"": The extracted gene sequence is empty or consists entirely from gaps;When processing gene ""ORF9b"": The extracted gene sequence is empty or consists entirely from gaps"	
85	1443_sub0	21J	21J (Delta)	Delta	21J	B.1.617.2.103	AY.103	0	good	12	6	0	0	0	0	12	2	0	1	18412	20678	26839	0.206066280975153	E:1,M:0.47085201793721976,ORF1b:0.1083086053412463,ORF3a:1,S:1	false	C21618G,G21987A,G22652C,T22917G,C22995A,A23403G,C23604G,C24208T,G24410A,C24720T,C25469T,T26767C	22029-22034			M:I82T,ORF3a:S26L,S:T19R,S:G142D,S:R158G,S:D364H,S:L452R,S:T478K,S:D614G,S:P681R,S:D950N,S:P1053L	S:E156-,S:F157-				G22652C,C24720T	0	0	2	2		NODE_0000627	G22652C,C24208T,C24720T		S:D364H,S:P1053L		AY.103	G22652C,C24720T		S:D364H,S:P1053L		N/A	N/A	N/A	N/A	N/A	N/A	N/A	N/A	N/A	N/A	ORF1b:2404		3000	0	good	0	10	0	good	0	24	-6	0	good	2		0	good	0		0		0	0	good		0	0	good	0		ORF1a,ORF6,ORF7a,ORF7b,ORF8,N,ORF9b	"When processing gene ""ORF1a"": The extracted gene sequence is empty or consists entirely from gaps;When processing gene ""ORF6"": The extracted gene sequence is empty or consists entirely from gaps;When processing gene ""ORF7a"": The extracted gene sequence is empty or consists entirely from gaps;When processing gene ""ORF7b"": The extracted gene sequence is empty or consists entirely from gaps;When processing gene ""ORF8"": The extracted gene sequence is empty or consists entirely from gaps;When processing gene ""N"": The extracted gene sequence is empty or consists entirely from gaps;When processing gene ""ORF9b"": The extracted gene sequence is empty or consists entirely from gaps"	
88	189_sub0	21J	21J (Delta)	Delta	21J	B.1.617.2.103	AY.103	56.250000	mediocre	13	5	0	1	0	0	5	2	0	1118	18403	20678	26839	0.206066280975153	E:1,M:0.47085201793721976,ORF1b:0.1083086053412463,ORF3a:1,S:0.12323390894819466	false	T20911C,C21618G,T21698C,G21987A,T22917G,C22995A,A23403G,C23604G,T24115C,C24208T,G24410A,C25469T,T26767C	22030-22033,22956		S:158-1274	M:I82T,ORF3a:S26L,S:T19R,S:S46P,S:G142D	S:E156-,S:F157-				T20911C,T21698C,T24115C	0	0	3	3		NODE_0000627	T20911C,T21698C,T24115C,C24208T	22956	S:S46P		AY.103	T20911C,T21698C,T24115C	22956	S:S46P		N/A	N/A	N/A	N/A	N/A	N/A	N/A	N/A	N/A	N/A	ORF1b:2404,S:158-1274		3000	0	good	0	10	0	good	0	24	-4	0	good	4		0	good	0	S:158-1274	1		0	75	mediocre		0	0	good	0		ORF1a,ORF6,ORF7a,ORF7b,ORF8,N,ORF9b	"When processing gene ""ORF1a"": The extracted gene sequence is empty or consists entirely from gaps;When processing gene ""ORF6"": The extracted gene sequence is empty or consists entirely from gaps;When processing gene ""ORF7a"": The extracted gene sequence is empty or consists entirely from gaps;When processing gene ""ORF7b"": The extracted gene sequence is empty or consists entirely from gaps;When processing gene ""ORF8"": The extracted gene sequence is empty or consists entirely from gaps;When processing gene ""N"": The extracted gene sequence is empty or consists entirely from gaps;When processing gene ""ORF9b"": The extracted gene sequence is empty or consists entirely from gaps"	
87	89_sub0	21J	21J (Delta)	Delta	21J	B.1.617.2.103	AY.103	225	bad	11	3	1	2	0	0	7	2	0	709	18412	20678	26839	0.206066280975153	E:1,M:0.47085201793721976,ORF1b:0.1083086053412463,ORF3a:1,S:0.44427001569858715	false	C21618G,G21987A,C22033A,T22917G,C22995A,A23403G,C23604G,C24208T,G24410A,C25469T,T26767C	22028-22029,22955	24184:T	S:157-464,S:875-1274	M:I82T,ORF3a:S26L,S:T19R,S:G142D,S:T478K,S:D614G,S:P681R	S:E156-,S:E465-			-22033A|24A&24E&22D&23C&24C&23F&24F&24B&rec&23I&24G&25A&24H&24D&24I&25B&25C		0	1	0	1		NODE_0000627	-22033A,C24208T	22028,22955		S:E465-	AY.103	-22033A	22028,22955		S:E465-	N/A	N/A	N/A	N/A	N/A	N/A	N/A	N/A	N/A	N/A	ORF1b:2404,S:157-464,S:875-1274		3000	0	good	0	10	0	good	0	24	-2	0	good	6		0	good	0	S:157-464,S:875-1274	2		0	150	bad		0	0	good	0		ORF1a,ORF6,ORF7a,ORF7b,ORF8,N,ORF9b	"When processing gene ""ORF1a"": The extracted gene sequence is empty or consists entirely from gaps;When processing gene ""ORF6"": The extracted gene sequence is empty or consists entirely from gaps;When processing gene ""ORF7a"": The extracted gene sequence is empty or consists entirely from gaps;When processing gene ""ORF7b"": The extracted gene sequence is empty or consists entirely from gaps;When processing gene ""ORF8"": The extracted gene sequence is empty or consists entirely from gaps;When processing gene ""N"": The extracted gene sequence is empty or consists entirely from gaps;When processing gene ""ORF9b"": The extracted gene sequence is empty or consists entirely from gaps"	
80	728_sub0	21J	21J (Delta)	Delta	21J	B.1.617.2.103	AY.103	56.250000	mediocre	11	6	0	1	0	0	4	2	0	915	18401	20678	26839	0.206066280975153	E:1,M:0.47085201793721976,ORF1b:0.1083086053412463,ORF3a:1,S:0.282574568288854	false	C21618G,G21987A,C22033T,T22917G,C22995A,A23403G,C23604G,C24208T,G24410A,C25469T,T26767C	22029-22032,24425,24774		S:158-1071	M:I82T,ORF3a:S26L,S:T19R,S:G142D	S:E156-,S:F157-				-22033T	0	0	1	1		NODE_0000627	-22033T,C24208T	24425,24774			AY.103	-22033T	24425,24774			N/A	N/A	N/A	N/A	N/A	N/A	N/A	N/A	N/A	N/A	ORF1b:2404,S:158-1071		3000	0	good	0	10	0	good	0	24	-5	0	good	3		0	good	0	S:158-1071	1		0	75	mediocre		0	0	good	0		ORF1a,ORF6,ORF7a,ORF7b,ORF8,N,ORF9b	"When processing gene ""ORF1a"": The extracted gene sequence is empty or consists entirely from gaps;When processing gene ""ORF6"": The extracted gene sequence is empty or consists entirely from gaps;When processing gene ""ORF7a"": The extracted gene sequence is empty or consists entirely from gaps;When processing gene ""ORF7b"": The extracted gene sequence is empty or consists entirely from gaps;When processing gene ""ORF8"": The extracted gene sequence is empty or consists entirely from gaps;When processing gene ""N"": The extracted gene sequence is empty or consists entirely from gaps;When processing gene ""ORF9b"": The extracted gene sequence is empty or consists entirely from gaps"	
86	580_sub0	21J	21J (Delta)	Delta	21J	B.1.617.2.103	AY.103	56.250000	mediocre	13	6	0	1	0	0	7	2	0	616	18401	20678	26839	0.206066280975153	E:1,M:0.47085201793721976,ORF1b:0.1083086053412463,ORF3a:1,S:0.5172684458398744	false	A21358G,C21618G,G21987A,A22600G,T22917G,C22995A,A23403G,C23604G,C24208T,G24410A,C25469T,G25987A,T26767C	22031-22035,23880		S:159-773	M:I82T,ORF1b:T2631A,ORF3a:S26L,ORF3a:D199N,S:T19R,S:G142D,S:D950N	S:F157-,S:R158-				A21358G,A22600G,G25987A	0	0	3	3		NODE_0000627	A21358G,A22600G,C24208T,G25987A	22035,23880	ORF1b:T2631A,ORF3a:D199N,S:-156E	S:G158-	AY.103	A21358G,A22600G,G25987A	22035,23880	ORF1b:T2631A,ORF3a:D199N,S:-156E	S:G158-	N/A	N/A	N/A	N/A	N/A	N/A	N/A	N/A	N/A	N/A	ORF1b:2404,S:159-773		3000	0	good	0	10	0	good	0	24	-3	0	good	5		0	good	0	S:159-773	1		0	75	mediocre		0	0	good	0		ORF1a,ORF6,ORF7a,ORF7b,ORF8,N,ORF9b	"When processing gene ""ORF1a"": The extracted gene sequence is empty or consists entirely from gaps;When processing gene ""ORF6"": The extracted gene sequence is empty or consists entirely from gaps;When processing gene ""ORF7a"": The extracted gene sequence is empty or consists entirely from gaps;When processing gene ""ORF7b"": The extracted gene sequence is empty or consists entirely from gaps;When processing gene ""ORF8"": The extracted gene sequence is empty or consists entirely from gaps;When processing gene ""N"": The extracted gene sequence is empty or consists entirely from gaps;When processing gene ""ORF9b"": The extracted gene sequence is empty or consists entirely from gaps"	
79	411_sub0	21J	21J (Delta)	Delta	21J	B.1.617.2.103	AY.103	57.812500	mediocre	18	0	1	1	0	0	7	0	0	781	18407	20678	26839	0.206066280975153	E:1,M:0.47085201793721976,ORF1b:0.1083086053412463,ORF3a:1,S:0.3877551020408163	false	C21618G,G21987A,T22031G,T22032G,C22033A,T22917G,C22995A,A23305C,A23403G,C23457G,C23604G,C24208T,T24327C,G24410A,C25469T,A25965G,A26473C,T26767C		23044:T	S:495-1274	M:I82T,ORF3a:S26L,S:T19R,S:G142D,S:F157G,S:L452R,S:T478K				-22033A|24A&24E&22D&23C&24C&23F&24F&24B&rec&23I&24G&25A&24H&24D&24I&25B&25C	-22031G,-22032G,A23305C,C23457G,T24327C,A25965G,A26473C	0	1	7	8		NODE_0000627	-22031G,-22032G,-22033A,A23305C,C23457G,C24208T,T24327C,A25965G,A26473C		S:-156E,S:-157G,S:G158R		AY.103	-22031G,-22032G,-22033A,A23305C,C23457G,T24327C,A25965G,A26473C		S:-156E,S:-157G,S:G158R		N/A	N/A	N/A	N/A	N/A	N/A	N/A	N/A	N/A	N/A	ORF1b:2404,S:495-1274		3000	0	good	0	10	0	good	0	24	3	12.500000	good	11		0	good	0	S:495-1274	1		0	75	mediocre		0	0	good	0		ORF1a,ORF6,ORF7a,ORF7b,ORF8,N,ORF9b	"When processing gene ""ORF1a"": The extracted gene sequence is empty or consists entirely from gaps;When processing gene ""ORF6"": The extracted gene sequence is empty or consists entirely from gaps;When processing gene ""ORF7a"": The extracted gene sequence is empty or consists entirely from gaps;When processing gene ""ORF7b"": The extracted gene sequence is empty or consists entirely from gaps;When processing gene ""ORF8"": The extracted gene sequence is empty or consists entirely from gaps;When processing gene ""N"": The extracted gene sequence is empty or consists entirely from gaps;When processing gene ""ORF9b"": The extracted gene sequence is empty or consists entirely from gaps"	
81	602_sub0	21J	21J (Delta)	Delta	21J	B.1.617.2.103	AY.103	225	bad	13	6	0	2	0	0	5	3	0	1139	18402	20678	26839	0.206066280975153	E:1,M:0.47085201793721976,ORF1b:0.10014836795252226,ORF3a:1,S:0.12401883830455258	false	G20774A,C21618G,G21987A,T22917G,C22995A,A23403G,C23604G,A23800G,A24062G,C24208T,G24410A,C25469T,T26767C	21487,22031-22035		ORF1b:2675-2696,S:159-1274	M:I82T,ORF1b:G2436D,ORF3a:S26L,S:T19R,S:G142D	ORF1b:K2674-,S:F157-,S:R158-				G20774A,A23800G,A24062G	0	0	3	3		NODE_0000627	G20774A,A23800G,A24062G,C24208T	21487,22035	ORF1b:G2436D,S:-156E	ORF1b:K2674-,S:G158-	AY.103	G20774A,A23800G,A24062G	21487,22035	ORF1b:G2436D,S:-156E	ORF1b:K2674-,S:G158-	N/A	N/A	N/A	N/A	N/A	N/A	N/A	N/A	N/A	N/A	ORF1b:2404,ORF1b:2675-2696,S:159-1274		3000	0	good	0	10	0	good	0	24	-3	0	good	5		0	good	0	ORF1b:2675-2696,S:159-1274	2		0	150	bad		0	0	good	0		ORF1a,ORF6,ORF7a,ORF7b,ORF8,N,ORF9b	"When processing gene ""ORF1a"": The extracted gene sequence is empty or consists entirely from gaps;When processing gene ""ORF6"": The extracted gene sequence is empty or consists entirely from gaps;When processing gene ""ORF7a"": The extracted gene sequence is empty or consists entirely from gaps;When processing gene ""ORF7b"": The extracted gene sequence is empty or consists entirely from gaps;When processing gene ""ORF8"": The extracted gene sequence is empty or consists entirely from gaps;When processing gene ""N"": The extracted gene sequence is empty or consists entirely from gaps;When processing gene ""ORF9b"": The extracted gene sequence is empty or consists entirely from gaps"	
89	1562_sub0	21J	21J (Delta)	Delta	21J	B.1.617.2.103	AY.103	56.250000	mediocre	16	5	0	1	0	0	5	3	0	1117	18393	20678	26839	0.206066280975153	E:1,M:0.47085201793721976,ORF1b:0.1083086053412463,ORF3a:1,S:0.12401883830455258	false	G21168A,C21618G,G21641A,G21987A,A22029T,G22030T,T22384C,T22917G,C22995A,A23403G,C23604G,A24062G,C24208T,G24410A,C25469T,T26767C	22031-22034,25376		S:159-1274	M:I82T,ORF3a:S26L,S:T19R,S:A27T,S:G142D	S:E156-,S:F157-,S:R158-				G21168A,G21641A,-22029T,-22030T,T22384C,A24062G	0	0	6	6		NODE_0000627	G21168A,G21641A,-22029T,-22030T,T22384C,A24062G,C24208T	25376	S:A27T	S:G158-	AY.103	G21168A,G21641A,-22029T,-22030T,T22384C,A24062G	25376	S:A27T	S:G158-	N/A	N/A	N/A	N/A	N/A	N/A	N/A	N/A	N/A	N/A	ORF1b:2404,S:159-1274		3000	0	good	0	10	0	good	0	24	-1	0	good	7		0	good	0	S:159-1274	1		0	75	mediocre		0	0	good	0		ORF1a,ORF6,ORF7a,ORF7b,ORF8,N,ORF9b	"When processing gene ""ORF1a"": The extracted gene sequence is empty or consists entirely from gaps;When processing gene ""ORF6"": The extracted gene sequence is empty or consists entirely from gaps;When processing gene ""ORF7a"": The extracted gene sequence is empty or consists entirely from gaps;When processing gene ""ORF7b"": The extracted gene sequence is empty or consists entirely from gaps;When processing gene ""ORF8"": The extracted gene sequence is empty or consists entirely from gaps;When processing gene ""N"": The extracted gene sequence is empty or consists entirely from gaps;When processing gene ""ORF9b"": The extracted gene sequence is empty or consists entirely from gaps"	
97	2813_sub0	21J	21J (Delta)	Delta	21J	B.1.617.2.103	AY.103	56.250000	mediocre	12	7	0	1	0	0	6	3	0	799	18402	20678	26839	0.206066280975153	E:1,M:0.47085201793721976,ORF1b:0.1083086053412463,ORF3a:1,S:0.37362637362637363	false	C21618G,G21987A,T22917G,C22995A,A23403G,C23604G,A24062G,C24208T,G24410A,T24496C,C25469T,T26767C	22029-22034,22988		S:477-1274	M:I82T,ORF3a:S26L,S:T19R,S:G142D,S:R158G,S:L452R	S:E156-,S:F157-,S:G476-				A24062G,T24496C	0	0	2	2		NODE_0000627	A24062G,C24208T,T24496C	22988		S:G476-	AY.103	A24062G,T24496C	22988		S:G476-	N/A	N/A	N/A	N/A	N/A	N/A	N/A	N/A	N/A	N/A	ORF1b:2404,S:477-1274		3000	0	good	0	10	0	good	0	24	-5	0	good	3		0	good	0	S:477-1274	1		0	75	mediocre		0	0	good	0		ORF1a,ORF6,ORF7a,ORF7b,ORF8,N,ORF9b	"When processing gene ""ORF1a"": The extracted gene sequence is empty or consists entirely from gaps;When processing gene ""ORF6"": The extracted gene sequence is empty or consists entirely from gaps;When processing gene ""ORF7a"": The extracted gene sequence is empty or consists entirely from gaps;When processing gene ""ORF7b"": The extracted gene sequence is empty or consists entirely from gaps;When processing gene ""ORF8"": The extracted gene sequence is empty or consists entirely from gaps;When processing gene ""N"": The extracted gene sequence is empty or consists entirely from gaps;When processing gene ""ORF9b"": The extracted gene sequence is empty or consists entirely from gaps"	
96	81_sub0	21J	21J (Delta)	Delta	21J	B.1.617.2.103	AY.103	56.250000	mediocre	10	9	0	1	0	0	9	4	0	93	18397	20678	26839	0.206066280975153	E:1,M:0.47085201793721976,ORF1b:0.1083086053412463,ORF3a:1,S:0.9277864992150706	false	C21618G,G21987A,T22917G,C22995A,A23403G,C23604G,C24208T,G24410A,C25469T,T26767C	22029-22034,22952,23231-23232		S:465-556	M:I82T,ORF3a:S26L,S:T19R,S:G142D,S:R158G,S:L452R,S:D614G,S:P681R,S:D950N	S:E156-,S:F157-,S:F464-,S:K557-					0	0	0	0		NODE_0000627	C24208T	22952,23231-23232		S:F464-,S:K557-	AY.103		22952,23231-23232		S:F464-,S:K557-	N/A	N/A	N/A	N/A	N/A	N/A	N/A	N/A	N/A	N/A	ORF1b:2404,S:465-556		3000	0	good	0	10	0	good	0	24	-6	0	good	2		0	good	0	S:465-556	1		0	75	mediocre		0	0	good	0		ORF1a,ORF6,ORF7a,ORF7b,ORF8,N,ORF9b	"When processing gene ""ORF1a"": The extracted gene sequence is empty or consists entirely from gaps;When processing gene ""ORF6"": The extracted gene sequence is empty or consists entirely from gaps;When processing gene ""ORF7a"": The extracted gene sequence is empty or consists entirely from gaps;When processing gene ""ORF7b"": The extracted gene sequence is empty or consists entirely from gaps;When processing gene ""ORF8"": The extracted gene sequence is empty or consists entirely from gaps;When processing gene ""N"": The extracted gene sequence is empty or consists entirely from gaps;When processing gene ""ORF9b"": The extracted gene sequence is empty or consists entirely from gaps"	
94	794_sub0	21J	21J (Delta)	Delta	21J	B.1.617.2.103	AY.103	112.500000	bad	16	3	1	1	0	0	13	1	0	217	18399	20678	26839	0.206066280975153	E:1,M:0.47085201793721976,ORF1b:0.1083086053412463,ORF3a:0.21739130434782608,S:1	false	T20911C,C21618G,G21987A,A22029G,G22030A,T22750G,T22917G,C22995A,A23403G,C23604G,A24062G,C24208T,G24410A,C25156G,C25469T,T26767C	22031-22033	25572:C	ORF3a:61-276	M:I82T,ORF3a:S26L,S:T19R,S:G142D,S:F157G,S:Y396*,S:L452R,S:T478K,S:D614G,S:P681R,S:I834V,S:D950N,S:I1198M	S:E156-				T20911C,-22029G,-22030A,T22750G,A24062G,C25156G	0	0	6	6		NODE_0000627	T20911C,-22029G,-22030A,T22750G,A24062G,C24208T,C25156G		S:-157G,S:G158R,S:Y396*,S:I834V,S:I1198M		AY.103	T20911C,-22029G,-22030A,T22750G,A24062G,C25156G		S:-157G,S:G158R,S:Y396*,S:I834V,S:I1198M		N/A	N/A	N/A	N/A	N/A	N/A	N/A	N/A	N/A	N/A	ORF1b:2404,ORF3a:61-276		3000	0	good	0	10	0	good	0	24	-2	0	good	6		0	good	0	ORF3a:61-276	1		0	75	mediocre	S:395	1	75	mediocre	0		ORF1a,ORF6,ORF7a,ORF7b,ORF8,N,ORF9b	"When processing gene ""ORF1a"": The extracted gene sequence is empty or consists entirely from gaps;When processing gene ""ORF6"": The extracted gene sequence is empty or consists entirely from gaps;When processing gene ""ORF7a"": The extracted gene sequence is empty or consists entirely from gaps;When processing gene ""ORF7b"": The extracted gene sequence is empty or consists entirely from gaps;When processing gene ""ORF8"": The extracted gene sequence is empty or consists entirely from gaps;When processing gene ""N"": The extracted gene sequence is empty or consists entirely from gaps;When processing gene ""ORF9b"": The extracted gene sequence is empty or consists entirely from gaps"	
90	631_sub0	21J	21J (Delta)	Delta	21J	B.1.617.2.103	AY.103	225	bad	12	4	0	2	0	0	8	2	0	629	18404	20678	26839	0.206066280975153	E:1,M:0.47085201793721976,ORF1b:0.1083086053412463,ORF3a:1,S:0.5070643642072213	false	C21618G,G21987A,C22033T,A22034T,T22917G,C22995A,A23403G,C23604G,C24208T,G24410A,C25469T,T26767C	22028-22029,22956,24425		S:157-465,S:956-1274	M:I82T,ORF3a:S26L,S:T19R,S:G142D,S:T478K,S:D614G,S:P681R,S:D950N	S:E156-,S:N955-				-22033T,-22034T	0	0	2	2		NODE_0000627	-22033T,-22034T,C24208T	22028,22956,24425		S:N955-	AY.103	-22033T,-22034T	22028,22956,24425		S:N955-	N/A	N/A	N/A	N/A	N/A	N/A	N/A	N/A	N/A	N/A	ORF1b:2404,S:157-465,S:956-1274		3000	0	good	0	10	0	good	0	24	-3	0	good	5		0	good	0	S:157-465,S:956-1274	2		0	150	bad		0	0	good	0		ORF1a,ORF6,ORF7a,ORF7b,ORF8,N,ORF9b	"When processing gene ""ORF1a"": The extracted gene sequence is empty or consists entirely from gaps;When processing gene ""ORF6"": The extracted gene sequence is empty or consists entirely from gaps;When processing gene ""ORF7a"": The extracted gene sequence is empty or consists entirely from gaps;When processing gene ""ORF7b"": The extracted gene sequence is empty or consists entirely from gaps;When processing gene ""ORF8"": The extracted gene sequence is empty or consists entirely from gaps;When processing gene ""N"": The extracted gene sequence is empty or consists entirely from gaps;When processing gene ""ORF9b"": The extracted gene sequence is empty or consists entirely from gaps"	
91	4185_sub0	21J	21J (Delta)	Delta	21J	B.1.617.2.103	AY.103	56.250000	mediocre	11	5	0	1	0	0	4	3	0	1117	18420	20678	26839	0.206066280975153	E:1,M:0.47085201793721976,ORF1b:0.1083086053412463,ORF3a:1,S:0.12401883830455258	false	C21618G,G21987A,A22029C,T22917G,C22995A,A23403G,C23604G,C24208T,G24410A,C25469T,T26767C	22031-22035		S:159-1274	M:I82T,ORF3a:S26L,S:T19R,S:G142D	S:E156-,S:F157-,S:R158-				-22029C	0	0	1	1		NODE_0000627	-22029C,C24208T	22035		S:G158-	AY.103	-22029C	22035		S:G158-	N/A	N/A	N/A	N/A	N/A	N/A	N/A	N/A	N/A	N/A	ORF1b:2404,S:159-1274		3000	0	good	0	10	0	good	0	24	-6	0	good	2		0	good	0	S:159-1274	1		0	75	mediocre		0	0	good	0		ORF1a,ORF6,ORF7a,ORF7b,ORF8,N,ORF9b	"When processing gene ""ORF1a"": The extracted gene sequence is empty or consists entirely from gaps;When processing gene ""ORF6"": The extracted gene sequence is empty or consists entirely from gaps;When processing gene ""ORF7a"": The extracted gene sequence is empty or consists entirely from gaps;When processing gene ""ORF7b"": The extracted gene sequence is empty or consists entirely from gaps;When processing gene ""ORF8"": The extracted gene sequence is empty or consists entirely from gaps;When processing gene ""N"": The extracted gene sequence is empty or consists entirely from gaps;When processing gene ""ORF9b"": The extracted gene sequence is empty or consists entirely from gaps"	
95	646_sub0	21I	21I (Delta)	Delta	21I	B.1.617.2.37	AY.37	56.250000	mediocre	15	1	0	1	0	0	4	1	0	1119	18415	20678	26839	0.206066280975153	E:1,M:0.47085201793721976,ORF1b:0.1083086053412463,ORF3a:1,S:0.12244897959183673	false	T20911C,C21618G,G21987A,C22033A,C22227T,G22661C,T22917G,T22981C,C22995A,A23403G,T23514A,C23604G,G24410A,C25469T,T26767C	22030		S:157-1274	M:I82T,ORF3a:S26L,S:T19R,S:G142D	S:E156-			-22033A|24A&24E&22D&23C&24C&23F&24F&24B&rec&23I&24G&25A&24H&24D&24I&25B&25C	G22661C,T22981C,T23514A	0	1	3	4		NODE_0000615	T20911C,-22033A,G22661C,T22981C,T23514A				AY.37	-22033A,G22661C,T22981C,T23514A				N/A	N/A	N/A	N/A	N/A	N/A	N/A	N/A	N/A	N/A	ORF1b:2404,S:157-1274		3000	0	good	0	10	0	good	0	24	-1	0	good	7		0	good	0	S:157-1274	1		0	75	mediocre		0	0	good	0		ORF1a,ORF6,ORF7a,ORF7b,ORF8,N,ORF9b	"When processing gene ""ORF1a"": The extracted gene sequence is empty or consists entirely from gaps;When processing gene ""ORF6"": The extracted gene sequence is empty or consists entirely from gaps;When processing gene ""ORF7a"": The extracted gene sequence is empty or consists entirely from gaps;When processing gene ""ORF7b"": The extracted gene sequence is empty or consists entirely from gaps;When processing gene ""ORF8"": The extracted gene sequence is empty or consists entirely from gaps;When processing gene ""N"": The extracted gene sequence is empty or consists entirely from gaps;When processing gene ""ORF9b"": The extracted gene sequence is empty or consists entirely from gaps"	
93	708_sub0	21J	21J (Delta)	Delta	21J	B.1.617.2.103	AY.103	56.250000	mediocre	11	5	0	1	0	0	5	2	0	1117	18420	20678	26839	0.206066280975153	E:1,M:0.47085201793721976,ORF1b:0.1083086053412463,ORF3a:1,S:0.12401883830455258	false	C21618G,G21987A,T22917G,C22995A,A23403G,C23604G,C24208T,G24410A,C25469T,T26318C,T26767C	22031-22035		S:159-1274	E:V25A,M:I82T,ORF3a:S26L,S:T19R,S:G142D	S:F157-,S:R158-				T26318C	0	0	1	1		NODE_0000627	C24208T,T26318C	22035	E:V25A,S:-156E	S:G158-	AY.103	T26318C	22035	E:V25A,S:-156E	S:G158-	N/A	N/A	N/A	N/A	N/A	N/A	N/A	N/A	N/A	N/A	ORF1b:2404,S:159-1274		3000	0	good	0	10	0	good	0	24	-6	0	good	2		0	good	0	S:159-1274	1		0	75	mediocre		0	0	good	0		ORF1a,ORF6,ORF7a,ORF7b,ORF8,N,ORF9b	"When processing gene ""ORF1a"": The extracted gene sequence is empty or consists entirely from gaps;When processing gene ""ORF6"": The extracted gene sequence is empty or consists entirely from gaps;When processing gene ""ORF7a"": The extracted gene sequence is empty or consists entirely from gaps;When processing gene ""ORF7b"": The extracted gene sequence is empty or consists entirely from gaps;When processing gene ""ORF8"": The extracted gene sequence is empty or consists entirely from gaps;When processing gene ""N"": The extracted gene sequence is empty or consists entirely from gaps;When processing gene ""ORF9b"": The extracted gene sequence is empty or consists entirely from gaps"	
92	745_sub0	21J	21J (Delta)	Delta	21J	B.1.617.2.103	AY.103	506.250000	bad	13	6	1	3	0	0	9	4	0	276	18381	20678	26839	0.206066280975153	E:1,M:0.47085201793721976,ORF1b:0.09124629080118694,ORF3a:1,S:0.8202511773940345	false	C21618G,G21987A,G22030A,C22050T,T22917G,C22995A,A23403G,C23604G,A24062G,C24208T,G24410A,C25469T,T26767C	21415,22031-22033,24518,25376	23836:T	ORF1b:2651-2696,S:759-985,S:1273-1274	M:I82T,ORF3a:S26L,S:T19R,S:G142D,S:A163V,S:L452R,S:T478K,S:D614G,S:P681R	ORF1b:K2650-,S:F157-,S:K986-,S:Y1272-				-22030A,C22050T,A24062G	0	0	3	3		NODE_0000627	-22030A,C22050T,A24062G,C24208T	21415,24518,25376	S:-156E,S:G158R,S:A163V	ORF1b:K2650-,S:K986-,S:Y1272-	AY.103	-22030A,C22050T,A24062G	21415,24518,25376	S:-156E,S:G158R,S:A163V	ORF1b:K2650-,S:K986-,S:Y1272-	N/A	N/A	N/A	N/A	N/A	N/A	N/A	N/A	N/A	N/A	ORF1b:2404,ORF1b:2651-2696,S:759-985,S:1273-1274		3000	0	good	0	10	0	good	0	24	-2	0	good	6		0	good	0	ORF1b:2651-2696,S:759-985,S:1273-1274	3		0	225	bad		0	0	good	0		ORF1a,ORF6,ORF7a,ORF7b,ORF8,N,ORF9b	"When processing gene ""ORF1a"": The extracted gene sequence is empty or consists entirely from gaps;When processing gene ""ORF6"": The extracted gene sequence is empty or consists entirely from gaps;When processing gene ""ORF7a"": The extracted gene sequence is empty or consists entirely from gaps;When processing gene ""ORF7b"": The extracted gene sequence is empty or consists entirely from gaps;When processing gene ""ORF8"": The extracted gene sequence is empty or consists entirely from gaps;When processing gene ""N"": The extracted gene sequence is empty or consists entirely from gaps;When processing gene ""ORF9b"": The extracted gene sequence is empty or consists entirely from gaps"	
84	513_sub0	21J	21J (Delta)	Delta	21J	B.1.617.2.103	AY.103	57.812500	mediocre	17	2	0	1	0	0	9	1	0	792	18405	20678	26839	0.206066280975153	E:1,M:0.47085201793721976,ORF1b:0.1083086053412463,ORF3a:1,S:0.3791208791208791	false	T20911C,C21618G,G21987A,G22030T,T22031A,T22032G,C22033A,T22917G,C22995A,A23403G,C23604G,C24208T,G24410A,C25469T,C26521T,T26767C,T26817C	23009-23010		S:484-1274	M:I82T,M:S99P,ORF3a:S26L,S:T19R,S:G142D,S:E156D,S:F157R,S:L452R,S:T478K	S:V483-			-22033A|24A&24E&22D&23C&24C&23F&24F&24B&rec&23I&24G&25A&24H&24D&24I&25B&25C	T20911C,-22030T,-22031A,-22032G,C26521T,T26817C	0	1	6	7		NODE_0000627	T20911C,-22030T,-22031A,-22032G,-22033A,C24208T,C26521T,T26817C	23009-23010	M:S99P,S:-156D,S:-157R,S:G158R	S:V483-	AY.103	T20911C,-22030T,-22031A,-22032G,-22033A,C26521T,T26817C	23009-23010	M:S99P,S:-156D,S:-157R,S:G158R	S:V483-	N/A	N/A	N/A	N/A	N/A	N/A	N/A	N/A	N/A	N/A	ORF1b:2404,S:484-1274		3000	0	good	0	10	0	good	0	24	3	12.500000	good	11		0	good	0	S:484-1274	1		0	75	mediocre		0	0	good	0		ORF1a,ORF6,ORF7a,ORF7b,ORF8,N,ORF9b	"When processing gene ""ORF1a"": The extracted gene sequence is empty or consists entirely from gaps;When processing gene ""ORF6"": The extracted gene sequence is empty or consists entirely from gaps;When processing gene ""ORF7a"": The extracted gene sequence is empty or consists entirely from gaps;When processing gene ""ORF7b"": The extracted gene sequence is empty or consists entirely from gaps;When processing gene ""ORF8"": The extracted gene sequence is empty or consists entirely from gaps;When processing gene ""N"": The extracted gene sequence is empty or consists entirely from gaps;When processing gene ""ORF9b"": The extracted gene sequence is empty or consists entirely from gaps"	
111	182_sub0	21J	21J (Delta)	Delta	21J	B.1.617.2.103	AY.103	56.250000	mediocre	12	6	1	1	0	0	12	2	0	152	18405	20678	26839	0.206066280975153	E:1,M:0.47085201793721976,ORF1b:0.05229970326409496,ORF3a:1,S:1	false	C21618G,A21834G,G21987A,T22917G,C22995A,A23403G,C23604G,A24062G,C24208T,G24410A,C25469T,T26767C	22029-22034	21102:T	ORF1b:2546-2696	M:I82T,ORF3a:S26L,S:T19R,S:Y91C,S:G142D,S:R158G,S:L452R,S:T478K,S:D614G,S:P681R,S:I834V,S:D950N	S:E156-,S:F157-				A21834G,A24062G	0	0	2	2		NODE_0000627	A21834G,A24062G,C24208T		S:Y91C,S:I834V		AY.103	A21834G,A24062G		S:Y91C,S:I834V		N/A	N/A	N/A	N/A	N/A	N/A	N/A	N/A	N/A	N/A	ORF1b:2404,ORF1b:2546-2696		3000	0	good	0	10	0	good	0	24	-6	0	good	2		0	good	0	ORF1b:2546-2696	1		0	75	mediocre		0	0	good	0		ORF1a,ORF6,ORF7a,ORF7b,ORF8,N,ORF9b	"When processing gene ""ORF1a"": The extracted gene sequence is empty or consists entirely from gaps;When processing gene ""ORF6"": The extracted gene sequence is empty or consists entirely from gaps;When processing gene ""ORF7a"": The extracted gene sequence is empty or consists entirely from gaps;When processing gene ""ORF7b"": The extracted gene sequence is empty or consists entirely from gaps;When processing gene ""ORF8"": The extracted gene sequence is empty or consists entirely from gaps;When processing gene ""N"": The extracted gene sequence is empty or consists entirely from gaps;When processing gene ""ORF9b"": The extracted gene sequence is empty or consists entirely from gaps"	
112	657_sub0	21J	21J (Delta)	Delta	21J	B.1.617.2.103	AY.103	225.694444	bad	13	5	0	2	0	0	4	3	0	1115	18392	20678	26839	0.206066280975153	E:1,M:0.47085201793721976,ORF1b:0.1083086053412463,ORF3a:1,S:0.12558869701726844	false	C21618G,G21987A,C22033A,T22917G,C22995A,A23148G,A23403G,T23464C,C23604G,C24208T,G24410A,C25469T,T26767C	22028-22029,25367,25376,26510		S:157-1268,S:1273-1274	M:I82T,ORF3a:S26L,S:T19R,S:G142D	S:E156-,S:K1269-,S:Y1272-			-22033A|24A&24E&22D&23C&24C&23F&24F&24B&rec&23I&24G&25A&24H&24D&24I&25B&25C	A23148G,T23464C	0	1	2	3		NODE_0000627	-22033A,A23148G,T23464C,C24208T	22028,25367,25376,26510		S:K1269-,S:Y1272-	AY.103	-22033A,A23148G,T23464C	22028,25367,25376,26510		S:K1269-,S:Y1272-	N/A	N/A	N/A	N/A	N/A	N/A	N/A	N/A	N/A	N/A	ORF1b:2404,S:157-1268,S:1273-1274		3000	0	good	0	10	0	good	0	24	2	8.333333	good	10		0	good	0	S:157-1268,S:1273-1274	2		0	150	bad		0	0	good	0		ORF1a,ORF6,ORF7a,ORF7b,ORF8,N,ORF9b	"When processing gene ""ORF1a"": The extracted gene sequence is empty or consists entirely from gaps;When processing gene ""ORF6"": The extracted gene sequence is empty or consists entirely from gaps;When processing gene ""ORF7a"": The extracted gene sequence is empty or consists entirely from gaps;When processing gene ""ORF7b"": The extracted gene sequence is empty or consists entirely from gaps;When processing gene ""ORF8"": The extracted gene sequence is empty or consists entirely from gaps;When processing gene ""N"": The extracted gene sequence is empty or consists entirely from gaps;When processing gene ""ORF9b"": The extracted gene sequence is empty or consists entirely from gaps"	
99	574_sub0	21J	21J (Delta)	Delta	21J	B.1.617.2.103	AY.103	56.250000	mediocre	11	5	0	1	0	0	4	2	0	1117	18420	20678	26839	0.206066280975153	E:1,M:0.47085201793721976,ORF1b:0.1083086053412463,ORF3a:1,S:0.12401883830455258	false	C21618G,G21987A,T22917G,C22995A,A23403G,C23604G,C24208T,G24410A,C24575T,C25469T,T26767C	22031-22035		S:159-1274	M:I82T,ORF3a:S26L,S:T19R,S:G142D	S:F157-,S:R158-				C24575T	0	0	1	1		NODE_0000627	C24208T,C24575T	22035	S:-156E	S:G158-	AY.103	C24575T	22035	S:-156E	S:G158-	N/A	N/A	N/A	N/A	N/A	N/A	N/A	N/A	N/A	N/A	ORF1b:2404,S:159-1274		3000	0	good	0	10	0	good	0	24	-6	0	good	2		0	good	0	S:159-1274	1		0	75	mediocre		0	0	good	0		ORF1a,ORF6,ORF7a,ORF7b,ORF8,N,ORF9b	"When processing gene ""ORF1a"": The extracted gene sequence is empty or consists entirely from gaps;When processing gene ""ORF6"": The extracted gene sequence is empty or consists entirely from gaps;When processing gene ""ORF7a"": The extracted gene sequence is empty or consists entirely from gaps;When processing gene ""ORF7b"": The extracted gene sequence is empty or consists entirely from gaps;When processing gene ""ORF8"": The extracted gene sequence is empty or consists entirely from gaps;When processing gene ""N"": The extracted gene sequence is empty or consists entirely from gaps;When processing gene ""ORF9b"": The extracted gene sequence is empty or consists entirely from gaps"	
100	4452_sub0	21J	21J (Delta)	Delta	21J	B.1.617.2.103	AY.103	0	good	11	6	0	0	0	0	11	2	0	1	18416	20678	26839	0.206066280975153	E:1,M:0.47085201793721976,ORF1b:0.1083086053412463,ORF3a:1,S:1	false	C21618G,G21987A,T22917G,C22995A,A23403G,C23604G,A24062G,C24208T,G24410A,C25469T,T26767C	22029-22034			M:I82T,ORF3a:S26L,S:T19R,S:G142D,S:R158G,S:L452R,S:T478K,S:D614G,S:P681R,S:I834V,S:D950N	S:E156-,S:F157-				A24062G	0	0	1	1		NODE_0000627	A24062G,C24208T		S:I834V		AY.103	A24062G		S:I834V		N/A	N/A	N/A	N/A	N/A	N/A	N/A	N/A	N/A	N/A	ORF1b:2404		3000	0	good	0	10	0	good	0	24	-7	0	good	1		0	good	0		0		0	0	good		0	0	good	0		ORF1a,ORF6,ORF7a,ORF7b,ORF8,N,ORF9b	"When processing gene ""ORF1a"": The extracted gene sequence is empty or consists entirely from gaps;When processing gene ""ORF6"": The extracted gene sequence is empty or consists entirely from gaps;When processing gene ""ORF7a"": The extracted gene sequence is empty or consists entirely from gaps;When processing gene ""ORF7b"": The extracted gene sequence is empty or consists entirely from gaps;When processing gene ""ORF8"": The extracted gene sequence is empty or consists entirely from gaps;When processing gene ""N"": The extracted gene sequence is empty or consists entirely from gaps;When processing gene ""ORF9b"": The extracted gene sequence is empty or consists entirely from gaps"	
110	986_sub0	21J	21J (Delta)	Delta	21J	B.1.617.2.103	AY.103	56.250000	mediocre	16	4	0	1	0	0	8	2	0	810	18396	20678	26839	0.206066280975153	E:1,M:0.47085201793721976,ORF1b:0.1083086053412463,ORF3a:1,S:0.3649921507064364	false	C21428T,C21618G,G21987A,G22030A,C22783T,C22875A,T22917G,C22995A,A23403G,C23604G,C24208T,G24410A,C25469T,G25567A,T26767C,T26783G	22031-22033,22955		S:466-1274	M:I82T,ORF1b:T2654I,ORF3a:S26L,ORF3a:A59T,S:T19R,S:G142D,S:S438Y,S:L452R	S:F157-,S:E465-				C21428T,-22030A,C22783T,C22875A,G25567A,T26783G	0	0	6	6		NODE_0000627	C21428T,-22030A,C22783T,C22875A,C24208T,G25567A,T26783G	22955	ORF1b:T2654I,ORF3a:A59T,S:-156E,S:G158R,S:S438Y	S:E465-	AY.103	C21428T,-22030A,C22783T,C22875A,G25567A,T26783G	22955	ORF1b:T2654I,ORF3a:A59T,S:-156E,S:G158R,S:S438Y	S:E465-	N/A	N/A	N/A	N/A	N/A	N/A	N/A	N/A	N/A	N/A	ORF1b:2404,S:466-1274		3000	0	good	0	10	0	good	0	24	-1	0	good	7		0	good	0	S:466-1274	1		0	75	mediocre		0	0	good	0		ORF1a,ORF6,ORF7a,ORF7b,ORF8,N,ORF9b	"When processing gene ""ORF1a"": The extracted gene sequence is empty or consists entirely from gaps;When processing gene ""ORF6"": The extracted gene sequence is empty or consists entirely from gaps;When processing gene ""ORF7a"": The extracted gene sequence is empty or consists entirely from gaps;When processing gene ""ORF7b"": The extracted gene sequence is empty or consists entirely from gaps;When processing gene ""ORF8"": The extracted gene sequence is empty or consists entirely from gaps;When processing gene ""N"": The extracted gene sequence is empty or consists entirely from gaps;When processing gene ""ORF9b"": The extracted gene sequence is empty or consists entirely from gaps"	
98	876_sub0	21J	21J (Delta)	Delta	21J	B.1.617.2.103	AY.103	56.250000	mediocre	12	5	0	1	0	0	5	2	0	1118	18408	20678	26839	0.206066280975153	E:1,M:0.47085201793721976,ORF1b:0.1083086053412463,ORF3a:1,S:0.12323390894819466	false	C21618G,G21987A,A22429G,T22917G,C22995A,A23403G,C23604G,C24208T,G24410A,C25469T,T26767C,C26815T	22030-22033,25367		S:158-1274	M:I82T,M:A98V,ORF3a:S26L,S:T19R,S:G142D	S:E156-,S:F157-				A22429G,C26815T	0	0	2	2		NODE_0000627	A22429G,C24208T,C26815T	25367	M:A98V		AY.103	A22429G,C26815T	25367	M:A98V		N/A	N/A	N/A	N/A	N/A	N/A	N/A	N/A	N/A	N/A	ORF1b:2404,S:158-1274		3000	0	good	0	10	0	good	0	24	-5	0	good	3		0	good	0	S:158-1274	1		0	75	mediocre		0	0	good	0		ORF1a,ORF6,ORF7a,ORF7b,ORF8,N,ORF9b	"When processing gene ""ORF1a"": The extracted gene sequence is empty or consists entirely from gaps;When processing gene ""ORF6"": The extracted gene sequence is empty or consists entirely from gaps;When processing gene ""ORF7a"": The extracted gene sequence is empty or consists entirely from gaps;When processing gene ""ORF7b"": The extracted gene sequence is empty or consists entirely from gaps;When processing gene ""ORF8"": The extracted gene sequence is empty or consists entirely from gaps;When processing gene ""N"": The extracted gene sequence is empty or consists entirely from gaps;When processing gene ""ORF9b"": The extracted gene sequence is empty or consists entirely from gaps"	
101	5342_sub0	21J	21J (Delta)	Delta	21J	B.1.617.2.103	AY.103	0	good	11	6	0	0	0	0	11	2	0	1	18416	20678	26839	0.206066280975153	E:1,M:0.47085201793721976,ORF1b:0.1083086053412463,ORF3a:1,S:1	false	C21618G,G21987A,T22917G,C22995A,A23403G,C23604G,A24062G,C24208T,G24410A,C25469T,T26767C	22029-22034			M:I82T,ORF3a:S26L,S:T19R,S:G142D,S:R158G,S:L452R,S:T478K,S:D614G,S:P681R,S:I834V,S:D950N	S:E156-,S:F157-				A24062G	0	0	1	1		NODE_0000627	A24062G,C24208T		S:I834V		AY.103	A24062G		S:I834V		N/A	N/A	N/A	N/A	N/A	N/A	N/A	N/A	N/A	N/A	ORF1b:2404		3000	0	good	0	10	0	good	0	24	-7	0	good	1		0	good	0		0		0	0	good		0	0	good	0		ORF1a,ORF6,ORF7a,ORF7b,ORF8,N,ORF9b	"When processing gene ""ORF1a"": The extracted gene sequence is empty or consists entirely from gaps;When processing gene ""ORF6"": The extracted gene sequence is empty or consists entirely from gaps;When processing gene ""ORF7a"": The extracted gene sequence is empty or consists entirely from gaps;When processing gene ""ORF7b"": The extracted gene sequence is empty or consists entirely from gaps;When processing gene ""ORF8"": The extracted gene sequence is empty or consists entirely from gaps;When processing gene ""N"": The extracted gene sequence is empty or consists entirely from gaps;When processing gene ""ORF9b"": The extracted gene sequence is empty or consists entirely from gaps"	
106	709_sub0	21J	21J (Delta)	Delta	21J	B.1.617.2.103	AY.103	56.250000	mediocre	11	6	0	1	0	0	9	3	0	260	18402	20678	26839	0.206066280975153	E:1,M:0.47085201793721976,ORF1b:0.1083086053412463,ORF3a:1,S:0.7967032967032966	false	C21618G,G21987A,T22917G,C22995A,G23311A,A23403G,C23604G,C24208T,G24410A,C25469T,T26767C	22030-22033,22691,22811		S:158-416	M:I82T,ORF3a:S26L,S:T19R,S:G142D,S:L452R,S:T478K,S:D614G,S:P681R,S:D950N	S:E156-,S:F157-,S:K417-				G23311A	0	0	1	1		NODE_0000627	G23311A,C24208T	22691,22811		S:K417-	AY.103	G23311A	22691,22811		S:K417-	N/A	N/A	N/A	N/A	N/A	N/A	N/A	N/A	N/A	N/A	ORF1b:2404,S:158-416		3000	0	good	0	10	0	good	0	24	-5	0	good	3		0	good	0	S:158-416	1		0	75	mediocre		0	0	good	0		ORF1a,ORF6,ORF7a,ORF7b,ORF8,N,ORF9b	"When processing gene ""ORF1a"": The extracted gene sequence is empty or consists entirely from gaps;When processing gene ""ORF6"": The extracted gene sequence is empty or consists entirely from gaps;When processing gene ""ORF7a"": The extracted gene sequence is empty or consists entirely from gaps;When processing gene ""ORF7b"": The extracted gene sequence is empty or consists entirely from gaps;When processing gene ""ORF8"": The extracted gene sequence is empty or consists entirely from gaps;When processing gene ""N"": The extracted gene sequence is empty or consists entirely from gaps;When processing gene ""ORF9b"": The extracted gene sequence is empty or consists entirely from gaps"	
102	536_sub0	21J	21J (Delta)	Delta	21J	B.1.617.2.103	AY.103	56.250000	mediocre	10	5	0	1	0	0	4	2	0	1117	18424	20678	26839	0.206066280975153	E:1,M:0.47085201793721976,ORF1b:0.1083086053412463,ORF3a:1,S:0.12401883830455258	false	C21618G,G21987A,T22917G,C22995A,A23403G,C23604G,C24208T,G24410A,C25469T,T26767C	22031-22035		S:159-1274	M:I82T,ORF3a:S26L,S:T19R,S:G142D	S:F157-,S:R158-					0	0	0	0		NODE_0000627	C24208T	22035	S:-156E	S:G158-	AY.103		22035	S:-156E	S:G158-	N/A	N/A	N/A	N/A	N/A	N/A	N/A	N/A	N/A	N/A	ORF1b:2404,S:159-1274		3000	0	good	0	10	0	good	0	24	-7	0	good	1		0	good	0	S:159-1274	1		0	75	mediocre		0	0	good	0		ORF1a,ORF6,ORF7a,ORF7b,ORF8,N,ORF9b	"When processing gene ""ORF1a"": The extracted gene sequence is empty or consists entirely from gaps;When processing gene ""ORF6"": The extracted gene sequence is empty or consists entirely from gaps;When processing gene ""ORF7a"": The extracted gene sequence is empty or consists entirely from gaps;When processing gene ""ORF7b"": The extracted gene sequence is empty or consists entirely from gaps;When processing gene ""ORF8"": The extracted gene sequence is empty or consists entirely from gaps;When processing gene ""N"": The extracted gene sequence is empty or consists entirely from gaps;When processing gene ""ORF9b"": The extracted gene sequence is empty or consists entirely from gaps"	
104	596_sub0	21J	21J (Delta)	Delta	21J	B.1.617.2.103	AY.103	56.250000	mediocre	11	9	0	1	0	0	4	2	0	1177	18386	20678	26839	0.206066280975153	E:1,M:0.47085201793721976,ORF1b:0.1083086053412463,ORF3a:1,S:0.07692307692307693	false	C21618G,G21987A,T22917G,C22995A,A23403G,C23604G,C24208T,G24410A,C25469T,C25886T,T26767C	21836,22029-22034,23897,25367		S:93-1268	M:I82T,ORF3a:S26L,ORF3a:S165F,S:T19R	S:F92-,S:K1269-				C25886T	0	0	1	1		NODE_0000627	C24208T,C25886T	21836,23897,25367	ORF3a:S165F	S:F92-,S:K1269-	AY.103	C25886T	21836,23897,25367	ORF3a:S165F	S:F92-,S:K1269-	N/A	N/A	N/A	N/A	N/A	N/A	N/A	N/A	N/A	N/A	ORF1b:2404,S:93-1268		3000	0	good	0	10	0	good	0	24	-4	0	good	4		0	good	0	S:93-1268	1		0	75	mediocre		0	0	good	0		ORF1a,ORF6,ORF7a,ORF7b,ORF8,N,ORF9b	"When processing gene ""ORF1a"": The extracted gene sequence is empty or consists entirely from gaps;When processing gene ""ORF6"": The extracted gene sequence is empty or consists entirely from gaps;When processing gene ""ORF7a"": The extracted gene sequence is empty or consists entirely from gaps;When processing gene ""ORF7b"": The extracted gene sequence is empty or consists entirely from gaps;When processing gene ""ORF8"": The extracted gene sequence is empty or consists entirely from gaps;When processing gene ""N"": The extracted gene sequence is empty or consists entirely from gaps;When processing gene ""ORF9b"": The extracted gene sequence is empty or consists entirely from gaps"	
105	976_sub0	21J	21J (Delta)	Delta	21J	B.1.617.2.103	AY.103	56.250000	mediocre	13	6	0	1	0	0	5	4	0	1111	18402	20678	26839	0.206066280975153	E:1,M:0.47085201793721976,ORF1b:0.1083086053412463,ORF3a:1,S:0.12872841444270017	false	C21618G,G21987A,A22029T,T22917G,C22995A,G23016A,A23403G,C23604G,C24208T,G24410A,C25469T,A25948G,T26767C	22031-22035,25367		S:159-1268	M:I82T,ORF3a:S26L,ORF3a:I186V,S:T19R,S:G142D	S:E156-,S:F157-,S:R158-,S:K1269-				-22029T,G23016A,A25948G	0	0	3	3		NODE_0000627	-22029T,G23016A,C24208T,A25948G	22035,25367	ORF3a:I186V	S:G158-,S:K1269-	AY.103	-22029T,G23016A,A25948G	22035,25367	ORF3a:I186V	S:G158-,S:K1269-	N/A	N/A	N/A	N/A	N/A	N/A	N/A	N/A	N/A	N/A	ORF1b:2404,S:159-1268		3000	0	good	0	10	0	good	0	24	-3	0	good	5		0	good	0	S:159-1268	1		0	75	mediocre		0	0	good	0		ORF1a,ORF6,ORF7a,ORF7b,ORF8,N,ORF9b	"When processing gene ""ORF1a"": The extracted gene sequence is empty or consists entirely from gaps;When processing gene ""ORF6"": The extracted gene sequence is empty or consists entirely from gaps;When processing gene ""ORF7a"": The extracted gene sequence is empty or consists entirely from gaps;When processing gene ""ORF7b"": The extracted gene sequence is empty or consists entirely from gaps;When processing gene ""ORF8"": The extracted gene sequence is empty or consists entirely from gaps;When processing gene ""N"": The extracted gene sequence is empty or consists entirely from gaps;When processing gene ""ORF9b"": The extracted gene sequence is empty or consists entirely from gaps"	
103	1341_sub0	21J	21J (Delta)	Delta	21J	B.1.617.2.103	AY.103	56.250000	mediocre	11	8	0	1	0	0	11	3	0	6	18396	20678	26839	0.206066280975153	E:1,M:0.47085201793721976,ORF1b:0.1083086053412463,ORF3a:1,S:0.9960753532182104	false	C21618G,G21987A,T22917G,C22995A,A23403G,C23604G,A24062G,C24208T,G24410A,C25469T,T26767C	22029-22034,25367,25376		S:1270-1274	M:I82T,ORF3a:S26L,S:T19R,S:G142D,S:R158G,S:L452R,S:T478K,S:D614G,S:P681R,S:I834V,S:D950N	S:E156-,S:F157-,S:K1269-				A24062G	0	0	1	1		NODE_0000627	A24062G,C24208T	25367,25376	S:I834V	S:K1269-	AY.103	A24062G	25367,25376	S:I834V	S:K1269-	N/A	N/A	N/A	N/A	N/A	N/A	N/A	N/A	N/A	N/A	ORF1b:2404,S:1270-1274		3000	0	good	0	10	0	good	0	24	-5	0	good	3		0	good	0	S:1270-1274	1		0	75	mediocre		0	0	good	0		ORF1a,ORF6,ORF7a,ORF7b,ORF8,N,ORF9b	"When processing gene ""ORF1a"": The extracted gene sequence is empty or consists entirely from gaps;When processing gene ""ORF6"": The extracted gene sequence is empty or consists entirely from gaps;When processing gene ""ORF7a"": The extracted gene sequence is empty or consists entirely from gaps;When processing gene ""ORF7b"": The extracted gene sequence is empty or consists entirely from gaps;When processing gene ""ORF8"": The extracted gene sequence is empty or consists entirely from gaps;When processing gene ""N"": The extracted gene sequence is empty or consists entirely from gaps;When processing gene ""ORF9b"": The extracted gene sequence is empty or consists entirely from gaps"	
109	567_sub0	21J	21J (Delta)	Delta	21J	B.1.617.2.103	AY.103	56.250000	mediocre	11	3	0	1	0	0	4	3	0	1112	18418	20678	26839	0.206066280975153	E:1,M:0.47085201793721976,ORF1b:0.1083086053412463,ORF3a:1,S:0.12794348508634223	false	C21618G,G21987A,C22033G,T22917G,C22995A,A23403G,C23604G,C24208T,G24410A,C25469T,T26767C	22030-22031,25367		S:158-1268	M:I82T,ORF3a:S26L,S:T19R,S:G142D	S:E156-,S:F157-,S:K1269-				-22033G	0	0	1	1		NODE_0000627	-22033G,C24208T	25367		S:K1269-	AY.103	-22033G	25367		S:K1269-	N/A	N/A	N/A	N/A	N/A	N/A	N/A	N/A	N/A	N/A	ORF1b:2404,S:158-1268		3000	0	good	0	10	0	good	0	24	-6	0	good	2		0	good	0	S:158-1268	1		0	75	mediocre		0	0	good	0		ORF1a,ORF6,ORF7a,ORF7b,ORF8,N,ORF9b	"When processing gene ""ORF1a"": The extracted gene sequence is empty or consists entirely from gaps;When processing gene ""ORF6"": The extracted gene sequence is empty or consists entirely from gaps;When processing gene ""ORF7a"": The extracted gene sequence is empty or consists entirely from gaps;When processing gene ""ORF7b"": The extracted gene sequence is empty or consists entirely from gaps;When processing gene ""ORF8"": The extracted gene sequence is empty or consists entirely from gaps;When processing gene ""N"": The extracted gene sequence is empty or consists entirely from gaps;When processing gene ""ORF9b"": The extracted gene sequence is empty or consists entirely from gaps"	
107	922_sub0	21J	21J (Delta)	Delta	21J	B.1.617.2.103	AY.103	0	good	11	6	0	0	0	0	11	2	0	1	18416	20678	26839	0.206066280975153	E:1,M:0.47085201793721976,ORF1b:0.1083086053412463,ORF3a:1,S:1	false	C21618G,G21987A,T22917G,C22995A,A23403G,C23604G,C24208T,G24410A,T24849C,C25469T,T26767C	22029-22034			M:I82T,ORF3a:S26L,S:T19R,S:G142D,S:R158G,S:L452R,S:T478K,S:D614G,S:P681R,S:D950N,S:V1096A	S:E156-,S:F157-				T24849C	0	0	1	1		NODE_0000627	C24208T,T24849C		S:V1096A		AY.103	T24849C		S:V1096A		N/A	N/A	N/A	N/A	N/A	N/A	N/A	N/A	N/A	N/A	ORF1b:2404		3000	0	good	0	10	0	good	0	24	-7	0	good	1		0	good	0		0		0	0	good		0	0	good	0		ORF1a,ORF6,ORF7a,ORF7b,ORF8,N,ORF9b	"When processing gene ""ORF1a"": The extracted gene sequence is empty or consists entirely from gaps;When processing gene ""ORF6"": The extracted gene sequence is empty or consists entirely from gaps;When processing gene ""ORF7a"": The extracted gene sequence is empty or consists entirely from gaps;When processing gene ""ORF7b"": The extracted gene sequence is empty or consists entirely from gaps;When processing gene ""ORF8"": The extracted gene sequence is empty or consists entirely from gaps;When processing gene ""N"": The extracted gene sequence is empty or consists entirely from gaps;When processing gene ""ORF9b"": The extracted gene sequence is empty or consists entirely from gaps"	
117	4937_sub0	21J	21J (Delta)	Delta	21J	B.1.617.2.103	AY.103	0	good	10	6	0	0	0	0	10	2	0	1	18420	20678	26839	0.206066280975153	E:1,M:0.47085201793721976,ORF1b:0.1083086053412463,ORF3a:1,S:1	false	C21618G,G21987A,T22917G,C22995A,A23403G,C23604G,C24208T,G24410A,C25469T,T26767C	22029-22034			M:I82T,ORF3a:S26L,S:T19R,S:G142D,S:R158G,S:L452R,S:T478K,S:D614G,S:P681R,S:D950N	S:E156-,S:F157-					0	0	0	0		NODE_0000627	C24208T				AY.103					N/A	N/A	N/A	N/A	N/A	N/A	N/A	N/A	N/A	N/A	ORF1b:2404		3000	0	good	0	10	0	good	0	24	-8	0	good	0		0	good	0		0		0	0	good		0	0	good	0		ORF1a,ORF6,ORF7a,ORF7b,ORF8,N,ORF9b	"When processing gene ""ORF1a"": The extracted gene sequence is empty or consists entirely from gaps;When processing gene ""ORF6"": The extracted gene sequence is empty or consists entirely from gaps;When processing gene ""ORF7a"": The extracted gene sequence is empty or consists entirely from gaps;When processing gene ""ORF7b"": The extracted gene sequence is empty or consists entirely from gaps;When processing gene ""ORF8"": The extracted gene sequence is empty or consists entirely from gaps;When processing gene ""N"": The extracted gene sequence is empty or consists entirely from gaps;When processing gene ""ORF9b"": The extracted gene sequence is empty or consists entirely from gaps"	
119	64_sub0	21J	21J (Delta)	Delta	21J	B.1.617.2.103	AY.103	0	good	13	3	0	0	0	0	11	1	0	1	18417	20678	26839	0.206066280975153	E:1,M:0.47085201793721976,ORF1b:0.1083086053412463,ORF3a:1,S:1	false	C21618G,G21987A,C22033A,T22917G,C22995A,A23403G,C23604G,A23881G,C24208T,G24410A,C25469T,G26730A,T26767C	22029-22031			M:V70I,M:I82T,ORF3a:S26L,S:T19R,S:G142D,S:F157V,S:L452R,S:T478K,S:D614G,S:P681R,S:D950N	S:E156-			-22033A|24A&24E&22D&23C&24C&23F&24F&24B&rec&23I&24G&25A&24H&24D&24I&25B&25C	A23881G,G26730A	0	1	2	3		NODE_0000627	-22033A,A23881G,C24208T,G26730A		M:V70I,S:-157V,S:G158R		AY.103	-22033A,A23881G,G26730A		M:V70I,S:-157V,S:G158R		N/A	N/A	N/A	N/A	N/A	N/A	N/A	N/A	N/A	N/A	ORF1b:2404		3000	0	good	0	10	0	good	0	24	-2	0	good	6		0	good	0		0		0	0	good		0	0	good	0		ORF1a,ORF6,ORF7a,ORF7b,ORF8,N,ORF9b	"When processing gene ""ORF1a"": The extracted gene sequence is empty or consists entirely from gaps;When processing gene ""ORF6"": The extracted gene sequence is empty or consists entirely from gaps;When processing gene ""ORF7a"": The extracted gene sequence is empty or consists entirely from gaps;When processing gene ""ORF7b"": The extracted gene sequence is empty or consists entirely from gaps;When processing gene ""ORF8"": The extracted gene sequence is empty or consists entirely from gaps;When processing gene ""N"": The extracted gene sequence is empty or consists entirely from gaps;When processing gene ""ORF9b"": The extracted gene sequence is empty or consists entirely from gaps"	
120	4784_sub0	21J	21J (Delta)	Delta	21J	B.1.617.2.103	AY.103	0	good	12	6	0	0	0	0	11	2	0	1	18412	20678	26839	0.206066280975153	E:1,M:0.47085201793721976,ORF1b:0.1083086053412463,ORF3a:1,S:1	false	C21618G,G21987A,T22917G,C22995A,A23403G,C23604G,C24208T,G24410A,C25469T,T25750C,T26515C,T26767C	22029-22034			M:I82T,ORF3a:S26L,ORF3a:F120L,S:T19R,S:G142D,S:R158G,S:L452R,S:T478K,S:D614G,S:P681R,S:D950N	S:E156-,S:F157-				T25750C,T26515C	0	0	2	2		NODE_0000627	C24208T,T25750C,T26515C		ORF3a:F120L		AY.103	T25750C,T26515C		ORF3a:F120L		N/A	N/A	N/A	N/A	N/A	N/A	N/A	N/A	N/A	N/A	ORF1b:2404		3000	0	good	0	10	0	good	0	24	-6	0	good	2		0	good	0		0		0	0	good		0	0	good	0		ORF1a,ORF6,ORF7a,ORF7b,ORF8,N,ORF9b	"When processing gene ""ORF1a"": The extracted gene sequence is empty or consists entirely from gaps;When processing gene ""ORF6"": The extracted gene sequence is empty or consists entirely from gaps;When processing gene ""ORF7a"": The extracted gene sequence is empty or consists entirely from gaps;When processing gene ""ORF7b"": The extracted gene sequence is empty or consists entirely from gaps;When processing gene ""ORF8"": The extracted gene sequence is empty or consists entirely from gaps;When processing gene ""N"": The extracted gene sequence is empty or consists entirely from gaps;When processing gene ""ORF9b"": The extracted gene sequence is empty or consists entirely from gaps"	
115	3932_sub0	21J	21J (Delta)	Delta	21J	B.1.617.2.103	AY.103	0	good	10	6	0	0	0	0	10	2	0	1	18420	20678	26839	0.206066280975153	E:1,M:0.47085201793721976,ORF1b:0.1083086053412463,ORF3a:1,S:1	false	C21618G,G21987A,T22917G,C22995A,A23403G,C23604G,C24208T,G24410A,C25469T,T26767C	22029-22034			M:I82T,ORF3a:S26L,S:T19R,S:G142D,S:R158G,S:L452R,S:T478K,S:D614G,S:P681R,S:D950N	S:E156-,S:F157-					0	0	0	0		NODE_0000627	C24208T				AY.103					N/A	N/A	N/A	N/A	N/A	N/A	N/A	N/A	N/A	N/A	ORF1b:2404		3000	0	good	0	10	0	good	0	24	-8	0	good	0		0	good	0		0		0	0	good		0	0	good	0		ORF1a,ORF6,ORF7a,ORF7b,ORF8,N,ORF9b	"When processing gene ""ORF1a"": The extracted gene sequence is empty or consists entirely from gaps;When processing gene ""ORF6"": The extracted gene sequence is empty or consists entirely from gaps;When processing gene ""ORF7a"": The extracted gene sequence is empty or consists entirely from gaps;When processing gene ""ORF7b"": The extracted gene sequence is empty or consists entirely from gaps;When processing gene ""ORF8"": The extracted gene sequence is empty or consists entirely from gaps;When processing gene ""N"": The extracted gene sequence is empty or consists entirely from gaps;When processing gene ""ORF9b"": The extracted gene sequence is empty or consists entirely from gaps"	
114	206_sub0	21J	21J (Delta)	Delta	21J	B.1.617.2.103	AY.103	0	good	11	6	0	0	0	0	11	2	0	1	18416	20678	26839	0.206066280975153	E:1,M:0.47085201793721976,ORF1b:0.1083086053412463,ORF3a:1,S:1	false	C21618G,G21987A,T22917G,C22995A,A23403G,C23604G,A24062G,C24208T,G24410A,C25469T,T26767C	22029-22034			M:I82T,ORF3a:S26L,S:T19R,S:G142D,S:R158G,S:L452R,S:T478K,S:D614G,S:P681R,S:I834V,S:D950N	S:E156-,S:F157-				A24062G	0	0	1	1		NODE_0000627	A24062G,C24208T		S:I834V		AY.103	A24062G		S:I834V		N/A	N/A	N/A	N/A	N/A	N/A	N/A	N/A	N/A	N/A	ORF1b:2404		3000	0	good	0	10	0	good	0	24	-7	0	good	1		0	good	0		0		0	0	good		0	0	good	0		ORF1a,ORF6,ORF7a,ORF7b,ORF8,N,ORF9b	"When processing gene ""ORF1a"": The extracted gene sequence is empty or consists entirely from gaps;When processing gene ""ORF6"": The extracted gene sequence is empty or consists entirely from gaps;When processing gene ""ORF7a"": The extracted gene sequence is empty or consists entirely from gaps;When processing gene ""ORF7b"": The extracted gene sequence is empty or consists entirely from gaps;When processing gene ""ORF8"": The extracted gene sequence is empty or consists entirely from gaps;When processing gene ""N"": The extracted gene sequence is empty or consists entirely from gaps;When processing gene ""ORF9b"": The extracted gene sequence is empty or consists entirely from gaps"	
116	294_sub0	21J	21J (Delta)	Delta	21J	B.1.617.2.103	AY.103	225	bad	11	8	1	2	0	0	6	2	0	585	18390	20678	26839	0.206066280975153	E:1,M:0,ORF1b:0.1083086053412463,ORF3a:1,S:0.6381475667189953	false	C21618G,G21987A,A22368G,T22917G,C22995A,A23403G,C23604G,C24208T,G24410A,C25469T,T26767C	22031-22035,22955-22956,26820	21571:T	S:4-464,M:101-223	M:I82T,ORF3a:S26L,S:T478K,S:D614G,S:P681R,S:D950N	M:F100-,S:E465-				A22368G	0	0	1	1		NODE_0000627	A22368G,C24208T	22035,22955-22956,26820		M:F100-,S:E465-	AY.103	A22368G	22035,22955-22956,26820		M:F100-,S:E465-	N/A	N/A	N/A	N/A	N/A	N/A	N/A	N/A	N/A	N/A	ORF1b:2404,S:4-464,M:101-223		3000	0	good	0	10	0	good	0	24	-4	0	good	4		0	good	0	S:4-464,M:101-223	2		0	150	bad		0	0	good	0		ORF1a,ORF6,ORF7a,ORF7b,ORF8,N,ORF9b	"When processing gene ""ORF1a"": The extracted gene sequence is empty or consists entirely from gaps;When processing gene ""ORF6"": The extracted gene sequence is empty or consists entirely from gaps;When processing gene ""ORF7a"": The extracted gene sequence is empty or consists entirely from gaps;When processing gene ""ORF7b"": The extracted gene sequence is empty or consists entirely from gaps;When processing gene ""ORF8"": The extracted gene sequence is empty or consists entirely from gaps;When processing gene ""N"": The extracted gene sequence is empty or consists entirely from gaps;When processing gene ""ORF9b"": The extracted gene sequence is empty or consists entirely from gaps"	
113	865_sub0	21J	21J (Delta)	Delta	21J	B.1.617.2.103	AY.103	56.250000	mediocre	11	4	0	1	0	0	5	2	0	1118	18422	20678	26839	0.206066280975153	E:1,M:0.47085201793721976,ORF1b:0.1083086053412463,ORF3a:1,S:0.12323390894819466	false	T21398C,C21618G,G21987A,T22917G,C22995A,A23403G,C23604G,C24208T,G24410A,C25469T,T26767C	22030-22033		S:158-1274	M:I82T,ORF1b:M2644T,ORF3a:S26L,S:T19R,S:G142D	S:E156-,S:F157-				T21398C	0	0	1	1		NODE_0000627	T21398C,C24208T		ORF1b:M2644T		AY.103	T21398C		ORF1b:M2644T		N/A	N/A	N/A	N/A	N/A	N/A	N/A	N/A	N/A	N/A	ORF1b:2404,S:158-1274		3000	0	good	0	10	0	good	0	24	-7	0	good	1		0	good	0	S:158-1274	1		0	75	mediocre		0	0	good	0		ORF1a,ORF6,ORF7a,ORF7b,ORF8,N,ORF9b	"When processing gene ""ORF1a"": The extracted gene sequence is empty or consists entirely from gaps;When processing gene ""ORF6"": The extracted gene sequence is empty or consists entirely from gaps;When processing gene ""ORF7a"": The extracted gene sequence is empty or consists entirely from gaps;When processing gene ""ORF7b"": The extracted gene sequence is empty or consists entirely from gaps;When processing gene ""ORF8"": The extracted gene sequence is empty or consists entirely from gaps;When processing gene ""N"": The extracted gene sequence is empty or consists entirely from gaps;When processing gene ""ORF9b"": The extracted gene sequence is empty or consists entirely from gaps"	
118	5389_sub0	21J	21J (Delta)	Delta	21J	B.1.617.2.103	AY.103	225	bad	15	7	1	2	0	0	14	3	0	317	18383	20678	26839	0.206066280975153	E:1,M:0,ORF1b:0.06899109792284866,ORF3a:1,S:1	false	C21618G,G21987A,T22917G,C22995A,G23262T,G23282C,A23403G,C23577T,C23604G,C24208T,A24248G,G24410A,C24590G,C25469T,T26767C	21235,22029-22034	26561:A	ORF1b:2591-2696,M:14-223	ORF3a:S26L,S:T19R,S:G142D,S:R158G,S:L452R,S:T478K,S:R567I,S:D574H,S:D614G,S:A672V,S:P681R,S:I896V,S:D950N,S:Q1010E	ORF1b:F2590-,S:E156-,S:F157-				G23262T,G23282C,C23577T,A24248G,C24590G	0	0	5	5		NODE_0000627	G23262T,G23282C,C23577T,C24208T,A24248G,C24590G	21235	S:R567I,S:D574H,S:A672V,S:I896V,S:Q1010E	ORF1b:F2590-	AY.103	G23262T,G23282C,C23577T,A24248G,C24590G	21235	S:R567I,S:D574H,S:A672V,S:I896V,S:Q1010E	ORF1b:F2590-	N/A	N/A	N/A	N/A	N/A	N/A	N/A	N/A	N/A	N/A	ORF1b:2404,ORF1b:2591-2696,M:14-223		3000	0	good	0	10	0	good	0	24	-2	0	good	6		0	good	0	ORF1b:2591-2696,M:14-223	2		0	150	bad		0	0	good	0		ORF1a,ORF6,ORF7a,ORF7b,ORF8,N,ORF9b	"When processing gene ""ORF1a"": The extracted gene sequence is empty or consists entirely from gaps;When processing gene ""ORF6"": The extracted gene sequence is empty or consists entirely from gaps;When processing gene ""ORF7a"": The extracted gene sequence is empty or consists entirely from gaps;When processing gene ""ORF7b"": The extracted gene sequence is empty or consists entirely from gaps;When processing gene ""ORF8"": The extracted gene sequence is empty or consists entirely from gaps;When processing gene ""N"": The extracted gene sequence is empty or consists entirely from gaps;When processing gene ""ORF9b"": The extracted gene sequence is empty or consists entirely from gaps"	
127	4917_sub0	21J	21J (Delta)	Delta	21J	B.1.617.2.103	AY.103	0	good	11	6	0	0	0	0	10	2	0	1	18416	20678	26839	0.206066280975153	E:1,M:0.47085201793721976,ORF1b:0.1083086053412463,ORF3a:1,S:1	false	C21618G,G21987A,C22120T,T22917G,C22995A,A23403G,C23604G,C24208T,G24410A,C25469T,T26767C	22029-22034			M:I82T,ORF3a:S26L,S:T19R,S:G142D,S:R158G,S:L452R,S:T478K,S:D614G,S:P681R,S:D950N	S:E156-,S:F157-				C22120T	0	0	1	1		NODE_0000627	C22120T,C24208T				AY.103	C22120T				N/A	N/A	N/A	N/A	N/A	N/A	N/A	N/A	N/A	N/A	ORF1b:2404		3000	0	good	0	10	0	good	0	24	-7	0	good	1		0	good	0		0		0	0	good		0	0	good	0		ORF1a,ORF6,ORF7a,ORF7b,ORF8,N,ORF9b	"When processing gene ""ORF1a"": The extracted gene sequence is empty or consists entirely from gaps;When processing gene ""ORF6"": The extracted gene sequence is empty or consists entirely from gaps;When processing gene ""ORF7a"": The extracted gene sequence is empty or consists entirely from gaps;When processing gene ""ORF7b"": The extracted gene sequence is empty or consists entirely from gaps;When processing gene ""ORF8"": The extracted gene sequence is empty or consists entirely from gaps;When processing gene ""N"": The extracted gene sequence is empty or consists entirely from gaps;When processing gene ""ORF9b"": The extracted gene sequence is empty or consists entirely from gaps"	
123	469_sub0	21J	21J (Delta)	Delta	21J	B.1.617.2.103	AY.103	56.250000	mediocre	14	0	0	0	0	0	12	0	0	1	18430	20678	26839	0.206066280975153	E:1,M:0.47085201793721976,ORF1b:0.1083086053412463,ORF3a:1,S:1	false	C21618G,G21987A,A22029G,T22032G,C22033A,T22917G,C22995A,A23403G,C23492G,C23604G,C24208T,G24410A,C25469T,T26767C				M:I82T,ORF3a:S26L,S:T19R,S:G142D,S:E156G,S:F157*,S:L452R,S:T478K,S:D614G,S:Q644E,S:P681R,S:D950N				-22033A|24A&24E&22D&23C&24C&23F&24F&24B&rec&23I&24G&25A&24H&24D&24I&25B&25C	-22029G,-22032G,C23492G	0	1	3	4		NODE_0000627	-22029G,-22032G,-22033A,C23492G,C24208T		S:-156G,S:-157*,S:G158R,S:Q644E		AY.103	-22029G,-22032G,-22033A,C23492G		S:-156G,S:-157*,S:G158R,S:Q644E		N/A	N/A	N/A	N/A	N/A	N/A	N/A	N/A	N/A	N/A	ORF1b:2404		3000	0	good	0	10	0	good	0	24	-1	0	good	7		0	good	0		0		0	0	good	S:156	1	75	mediocre	0		ORF1a,ORF6,ORF7a,ORF7b,ORF8,N,ORF9b	"When processing gene ""ORF1a"": The extracted gene sequence is empty or consists entirely from gaps;When processing gene ""ORF6"": The extracted gene sequence is empty or consists entirely from gaps;When processing gene ""ORF7a"": The extracted gene sequence is empty or consists entirely from gaps;When processing gene ""ORF7b"": The extracted gene sequence is empty or consists entirely from gaps;When processing gene ""ORF8"": The extracted gene sequence is empty or consists entirely from gaps;When processing gene ""N"": The extracted gene sequence is empty or consists entirely from gaps;When processing gene ""ORF9b"": The extracted gene sequence is empty or consists entirely from gaps"	
126	302_sub0	21J	21J (Delta)	Delta	21J	B.1.617.2.103	AY.103	56.250000	mediocre	11	7	0	1	0	0	6	3	0	810	18406	20678	26839	0.206066280975153	E:1,M:0.47085201793721976,ORF1b:0.1083086053412463,ORF3a:1,S:0.3649921507064364	false	C21618G,G21987A,G22857T,T22917G,C22995A,A23403G,C23604G,C24208T,G24410A,C25469T,T26767C	22028-22033,22956		S:466-1274	M:I82T,ORF3a:S26L,S:T19R,S:G142D,S:C432F,S:L452R	S:E156-,S:F157-,S:E465-				G22857T	0	0	1	1		NODE_0000627	G22857T,C24208T	22028,22956	S:G158R,S:C432F	S:E465-	AY.103	G22857T	22028,22956	S:G158R,S:C432F	S:E465-	N/A	N/A	N/A	N/A	N/A	N/A	N/A	N/A	N/A	N/A	ORF1b:2404,S:466-1274		3000	0	good	0	10	0	good	0	24	-5	0	good	3		0	good	0	S:466-1274	1		0	75	mediocre		0	0	good	0		ORF1a,ORF6,ORF7a,ORF7b,ORF8,N,ORF9b	"When processing gene ""ORF1a"": The extracted gene sequence is empty or consists entirely from gaps;When processing gene ""ORF6"": The extracted gene sequence is empty or consists entirely from gaps;When processing gene ""ORF7a"": The extracted gene sequence is empty or consists entirely from gaps;When processing gene ""ORF7b"": The extracted gene sequence is empty or consists entirely from gaps;When processing gene ""ORF8"": The extracted gene sequence is empty or consists entirely from gaps;When processing gene ""N"": The extracted gene sequence is empty or consists entirely from gaps;When processing gene ""ORF9b"": The extracted gene sequence is empty or consists entirely from gaps"	
121	112_sub0	21J	21J (Delta)	Delta	21J	B.1.617.2.103	AY.103	56.250000	mediocre	10	6	0	1	0	0	9	3	0	258	18414	20678	26839	0.206066280975153	E:1,M:0.47085201793721976,ORF1b:0.1083086053412463,ORF3a:1,S:0.7982731554160125	false	C21618G,G21987A,T22917G,C22995A,A23403G,C23604G,C24208T,G24410A,C25469T,T26767C	22031-22035,22808		S:159-415	M:I82T,ORF3a:S26L,S:T19R,S:G142D,S:L452R,S:T478K,S:D614G,S:P681R,S:D950N	S:F157-,S:R158-,S:G416-					0	0	0	0		NODE_0000627	C24208T	22035,22808	S:-156E	S:G158-,S:G416-	AY.103		22035,22808	S:-156E	S:G158-,S:G416-	N/A	N/A	N/A	N/A	N/A	N/A	N/A	N/A	N/A	N/A	ORF1b:2404,S:159-415		3000	0	good	0	10	0	good	0	24	-6	0	good	2		0	good	0	S:159-415	1		0	75	mediocre		0	0	good	0		ORF1a,ORF6,ORF7a,ORF7b,ORF8,N,ORF9b	"When processing gene ""ORF1a"": The extracted gene sequence is empty or consists entirely from gaps;When processing gene ""ORF6"": The extracted gene sequence is empty or consists entirely from gaps;When processing gene ""ORF7a"": The extracted gene sequence is empty or consists entirely from gaps;When processing gene ""ORF7b"": The extracted gene sequence is empty or consists entirely from gaps;When processing gene ""ORF8"": The extracted gene sequence is empty or consists entirely from gaps;When processing gene ""N"": The extracted gene sequence is empty or consists entirely from gaps;When processing gene ""ORF9b"": The extracted gene sequence is empty or consists entirely from gaps"	
108	450_sub0	21J	21J (Delta)	Delta	21J	B.1.617.2.103	AY.103	56.250000	mediocre	11	5	0	1	0	0	5	2	0	810	18406	20678	26839	0.206066280975153	E:1,M:0.47085201793721976,ORF1b:0.1083086053412463,ORF3a:1,S:0.3649921507064364	false	C21618G,G21987A,G22030A,T22917G,C22995A,A23403G,C23604G,C24208T,G24410A,C25469T,T26767C	22031-22033,22955,24644		S:466-1274	M:I82T,ORF3a:S26L,S:T19R,S:G142D,S:L452R	S:F157-,S:E465-				-22030A	0	0	1	1		NODE_0000627	-22030A,C24208T	22955,24644	S:-156E,S:G158R	S:E465-	AY.103	-22030A	22955,24644	S:-156E,S:G158R	S:E465-	N/A	N/A	N/A	N/A	N/A	N/A	N/A	N/A	N/A	N/A	ORF1b:2404,S:466-1274		3000	0	good	0	10	0	good	0	24	-5	0	good	3		0	good	0	S:466-1274	1		0	75	mediocre		0	0	good	0		ORF1a,ORF6,ORF7a,ORF7b,ORF8,N,ORF9b	"When processing gene ""ORF1a"": The extracted gene sequence is empty or consists entirely from gaps;When processing gene ""ORF6"": The extracted gene sequence is empty or consists entirely from gaps;When processing gene ""ORF7a"": The extracted gene sequence is empty or consists entirely from gaps;When processing gene ""ORF7b"": The extracted gene sequence is empty or consists entirely from gaps;When processing gene ""ORF8"": The extracted gene sequence is empty or consists entirely from gaps;When processing gene ""N"": The extracted gene sequence is empty or consists entirely from gaps;When processing gene ""ORF9b"": The extracted gene sequence is empty or consists entirely from gaps"	
122	3875_sub0	21J	21J (Delta)	Delta	21J	B.1.617.2.103	AY.103	0	good	12	6	0	0	0	0	11	2	0	1	18412	20678	26839	0.206066280975153	E:1,M:0.47085201793721976,ORF1b:0.1083086053412463,ORF3a:1,S:1	false	C21618G,G21987A,T22917G,C22995A,A23148G,A23403G,T23464C,C23604G,C24208T,G24410A,C25469T,T26767C	22029-22034			M:I82T,ORF3a:S26L,S:T19R,S:G142D,S:R158G,S:L452R,S:T478K,S:K529R,S:D614G,S:P681R,S:D950N	S:E156-,S:F157-				A23148G,T23464C	0	0	2	2		NODE_0000627	A23148G,T23464C,C24208T		S:K529R		AY.103	A23148G,T23464C		S:K529R		N/A	N/A	N/A	N/A	N/A	N/A	N/A	N/A	N/A	N/A	ORF1b:2404		3000	0	good	0	10	0	good	0	24	-6	0	good	2		0	good	0		0		0	0	good		0	0	good	0		ORF1a,ORF6,ORF7a,ORF7b,ORF8,N,ORF9b	"When processing gene ""ORF1a"": The extracted gene sequence is empty or consists entirely from gaps;When processing gene ""ORF6"": The extracted gene sequence is empty or consists entirely from gaps;When processing gene ""ORF7a"": The extracted gene sequence is empty or consists entirely from gaps;When processing gene ""ORF7b"": The extracted gene sequence is empty or consists entirely from gaps;When processing gene ""ORF8"": The extracted gene sequence is empty or consists entirely from gaps;When processing gene ""N"": The extracted gene sequence is empty or consists entirely from gaps;When processing gene ""ORF9b"": The extracted gene sequence is empty or consists entirely from gaps"	
128	585_sub0	21J	21J (Delta)	Delta	21J	B.1.617.2.103	AY.103	0	good	11	6	0	0	0	0	10	2	0	1	18416	20678	26839	0.206066280975153	E:1,M:0.47085201793721976,ORF1b:0.1083086053412463,ORF3a:1,S:1	false	C21618G,G21987A,T22917G,C22995A,A23403G,C23604G,C24208T,G24410A,C25469T,C25611A,T26767C	22029-22034			M:I82T,ORF3a:S26L,S:T19R,S:G142D,S:R158G,S:L452R,S:T478K,S:D614G,S:P681R,S:D950N	S:E156-,S:F157-				C25611A	0	0	1	1		NODE_0000627	C24208T,C25611A				AY.103	C25611A				N/A	N/A	N/A	N/A	N/A	N/A	N/A	N/A	N/A	N/A	ORF1b:2404		3000	0	good	0	10	0	good	0	24	-7	0	good	1		0	good	0		0		0	0	good		0	0	good	0		ORF1a,ORF6,ORF7a,ORF7b,ORF8,N,ORF9b	"When processing gene ""ORF1a"": The extracted gene sequence is empty or consists entirely from gaps;When processing gene ""ORF6"": The extracted gene sequence is empty or consists entirely from gaps;When processing gene ""ORF7a"": The extracted gene sequence is empty or consists entirely from gaps;When processing gene ""ORF7b"": The extracted gene sequence is empty or consists entirely from gaps;When processing gene ""ORF8"": The extracted gene sequence is empty or consists entirely from gaps;When processing gene ""N"": The extracted gene sequence is empty or consists entirely from gaps;When processing gene ""ORF9b"": The extracted gene sequence is empty or consists entirely from gaps"	
124	1469_sub0	21J	21J (Delta)	Delta	21J	B.1.617.2.103	AY.103	56.250000	mediocre	11	5	0	1	0	0	4	2	0	1117	18420	20678	26839	0.206066280975153	E:1,M:0.47085201793721976,ORF1b:0.1083086053412463,ORF3a:1,S:0.12401883830455258	false	C21618G,G21987A,T22917G,C22995A,A23403G,C23604G,T23620G,C24208T,G24410A,C25469T,T26767C	22031-22035		S:159-1274	M:I82T,ORF3a:S26L,S:T19R,S:G142D	S:F157-,S:R158-				T23620G	0	0	1	1		NODE_0000627	T23620G,C24208T	22035	S:-156E	S:G158-	AY.103	T23620G	22035	S:-156E	S:G158-	N/A	N/A	N/A	N/A	N/A	N/A	N/A	N/A	N/A	N/A	ORF1b:2404,S:159-1274		3000	0	good	0	10	0	good	0	24	-6	0	good	2		0	good	0	S:159-1274	1		0	75	mediocre		0	0	good	0		ORF1a,ORF6,ORF7a,ORF7b,ORF8,N,ORF9b	"When processing gene ""ORF1a"": The extracted gene sequence is empty or consists entirely from gaps;When processing gene ""ORF6"": The extracted gene sequence is empty or consists entirely from gaps;When processing gene ""ORF7a"": The extracted gene sequence is empty or consists entirely from gaps;When processing gene ""ORF7b"": The extracted gene sequence is empty or consists entirely from gaps;When processing gene ""ORF8"": The extracted gene sequence is empty or consists entirely from gaps;When processing gene ""N"": The extracted gene sequence is empty or consists entirely from gaps;When processing gene ""ORF9b"": The extracted gene sequence is empty or consists entirely from gaps"	
125	1179_sub0	21J	21J (Delta)	Delta	21J	B.1.617.2.103	AY.103	225	bad	12	6	2	2	0	0	5	3	0	1030	18392	20678	26839	0.206066280975153	E:1,M:0.47085201793721976,ORF1b:0.1083086053412463,ORF3a:1,S:0.19230769230769232	false	C21618G,G21987A,A22492G,T22917G,C22995A,A23403G,C23604G,C24208T,G24410A,C25469T,G25599T,T26767C	22031-22035,25367	23164:A,25108:A	S:159-1182,S:1270-1274	M:I82T,ORF3a:S26L,ORF3a:W69C,S:T19R,S:G142D	S:F157-,S:R158-,S:K1269-				A22492G,G25599T	0	0	2	2		NODE_0000627	A22492G,C24208T,G25599T	22035,25367	ORF3a:W69C,S:-156E	S:G158-,S:K1269-	AY.103	A22492G,G25599T	22035,25367	ORF3a:W69C,S:-156E	S:G158-,S:K1269-	N/A	N/A	N/A	N/A	N/A	N/A	N/A	N/A	N/A	N/A	ORF1b:2404,S:159-1182,S:1270-1274		3000	0	good	0	10	0	good	0	24	-4	0	good	4		0	good	0	S:159-1182,S:1270-1274	2		0	150	bad		0	0	good	0		ORF1a,ORF6,ORF7a,ORF7b,ORF8,N,ORF9b	"When processing gene ""ORF1a"": The extracted gene sequence is empty or consists entirely from gaps;When processing gene ""ORF6"": The extracted gene sequence is empty or consists entirely from gaps;When processing gene ""ORF7a"": The extracted gene sequence is empty or consists entirely from gaps;When processing gene ""ORF7b"": The extracted gene sequence is empty or consists entirely from gaps;When processing gene ""ORF8"": The extracted gene sequence is empty or consists entirely from gaps;When processing gene ""N"": The extracted gene sequence is empty or consists entirely from gaps;When processing gene ""ORF9b"": The extracted gene sequence is empty or consists entirely from gaps"	
129	771_sub0	21J	21J (Delta)	Delta	21J	B.1.617.2.103	AY.103	56.250000	mediocre	10	7	1	1	0	0	6	1	0	497	18402	20678	26839	0.206066280975153	E:1,M:0.47085201793721976,ORF1b:0.1083086053412463,ORF3a:1,S:0.6106750392464678	false	C21618G,G21987A,T22917G,C22995A,A23403G,C23604G,C24208T,G24410A,C25469T,T26767C	22000,22029-22034	23488:T	S:147-642	M:I82T,ORF3a:S26L,S:T19R,S:G142D,S:P681R,S:D950N	S:H146-					0	0	0	0		NODE_0000627	C24208T	22000		S:H146-	AY.103		22000		S:H146-	N/A	N/A	N/A	N/A	N/A	N/A	N/A	N/A	N/A	N/A	ORF1b:2404,S:147-642		3000	0	good	0	10	0	good	0	24	-7	0	good	1		0	good	0	S:147-642	1		0	75	mediocre		0	0	good	0		ORF1a,ORF6,ORF7a,ORF7b,ORF8,N,ORF9b	"When processing gene ""ORF1a"": The extracted gene sequence is empty or consists entirely from gaps;When processing gene ""ORF6"": The extracted gene sequence is empty or consists entirely from gaps;When processing gene ""ORF7a"": The extracted gene sequence is empty or consists entirely from gaps;When processing gene ""ORF7b"": The extracted gene sequence is empty or consists entirely from gaps;When processing gene ""ORF8"": The extracted gene sequence is empty or consists entirely from gaps;When processing gene ""N"": The extracted gene sequence is empty or consists entirely from gaps;When processing gene ""ORF9b"": The extracted gene sequence is empty or consists entirely from gaps"	
137	3324_sub0	21J	21J (Delta)	Delta	21J	B.1.617.2.103	AY.103	0	good	10	6	0	0	0	0	10	2	0	1	18420	20678	26839	0.206066280975153	E:1,M:0.47085201793721976,ORF1b:0.1083086053412463,ORF3a:1,S:1	false	C21618G,G21987A,T22917G,C22995A,A23403G,C23604G,C24208T,G24410A,C25469T,T26767C	22029-22034			M:I82T,ORF3a:S26L,S:T19R,S:G142D,S:R158G,S:L452R,S:T478K,S:D614G,S:P681R,S:D950N	S:E156-,S:F157-					0	0	0	0		NODE_0000627	C24208T				AY.103					N/A	N/A	N/A	N/A	N/A	N/A	N/A	N/A	N/A	N/A	ORF1b:2404		3000	0	good	0	10	0	good	0	24	-8	0	good	0		0	good	0		0		0	0	good		0	0	good	0		ORF1a,ORF6,ORF7a,ORF7b,ORF8,N,ORF9b	"When processing gene ""ORF1a"": The extracted gene sequence is empty or consists entirely from gaps;When processing gene ""ORF6"": The extracted gene sequence is empty or consists entirely from gaps;When processing gene ""ORF7a"": The extracted gene sequence is empty or consists entirely from gaps;When processing gene ""ORF7b"": The extracted gene sequence is empty or consists entirely from gaps;When processing gene ""ORF8"": The extracted gene sequence is empty or consists entirely from gaps;When processing gene ""N"": The extracted gene sequence is empty or consists entirely from gaps;When processing gene ""ORF9b"": The extracted gene sequence is empty or consists entirely from gaps"	
141	1117_sub0	21J	21J (Delta)	Delta	21J	B.1.617.2.103	AY.103	56.250000	mediocre	10	7	0	1	0	0	4	3	0	1117	18418	20678	26839	0.206066280975153	E:1,M:0.47085201793721976,ORF1b:0.1083086053412463,ORF3a:1,S:0.12401883830455258	false	C21618G,G21987A,T22917G,C22995A,A23403G,C23604G,C24208T,G24410A,C25469T,T26767C	22028-22034		S:159-1274	M:I82T,ORF3a:S26L,S:T19R,S:G142D	S:E156-,S:F157-,S:R158-					0	0	0	0		NODE_0000627	C24208T	22028		S:G158-	AY.103		22028		S:G158-	N/A	N/A	N/A	N/A	N/A	N/A	N/A	N/A	N/A	N/A	ORF1b:2404,S:159-1274		3000	0	good	0	10	0	good	0	24	-7	0	good	1		0	good	0	S:159-1274	1		0	75	mediocre		0	0	good	0		ORF1a,ORF6,ORF7a,ORF7b,ORF8,N,ORF9b	"When processing gene ""ORF1a"": The extracted gene sequence is empty or consists entirely from gaps;When processing gene ""ORF6"": The extracted gene sequence is empty or consists entirely from gaps;When processing gene ""ORF7a"": The extracted gene sequence is empty or consists entirely from gaps;When processing gene ""ORF7b"": The extracted gene sequence is empty or consists entirely from gaps;When processing gene ""ORF8"": The extracted gene sequence is empty or consists entirely from gaps;When processing gene ""N"": The extracted gene sequence is empty or consists entirely from gaps;When processing gene ""ORF9b"": The extracted gene sequence is empty or consists entirely from gaps"	
135	117_sub0	21J	21J (Delta)	Delta	21J	B.1.617.2.103	AY.103	225	bad	11	5	1	2	0	0	3	2	0	1288	18413	20678	26839	0.206066280975153	E:1,M:0,ORF1b:0.1083086053412463,ORF3a:1,S:0.12401883830455258	false	C21618G,G21987A,T22917G,C22995A,A23403G,C23604G,A24062G,C24208T,G24410A,C25469T,T26767C	22031-22035	26678:T	S:159-1274,M:53-223	ORF3a:S26L,S:T19R,S:G142D	S:F157-,S:R158-				A24062G	0	0	1	1		NODE_0000627	A24062G,C24208T	22035	S:-156E	S:G158-	AY.103	A24062G	22035	S:-156E	S:G158-	N/A	N/A	N/A	N/A	N/A	N/A	N/A	N/A	N/A	N/A	ORF1b:2404,S:159-1274,M:53-223		3000	0	good	0	10	0	good	0	24	-6	0	good	2		0	good	0	S:159-1274,M:53-223	2		0	150	bad		0	0	good	0		ORF1a,ORF6,ORF7a,ORF7b,ORF8,N,ORF9b	"When processing gene ""ORF1a"": The extracted gene sequence is empty or consists entirely from gaps;When processing gene ""ORF6"": The extracted gene sequence is empty or consists entirely from gaps;When processing gene ""ORF7a"": The extracted gene sequence is empty or consists entirely from gaps;When processing gene ""ORF7b"": The extracted gene sequence is empty or consists entirely from gaps;When processing gene ""ORF8"": The extracted gene sequence is empty or consists entirely from gaps;When processing gene ""N"": The extracted gene sequence is empty or consists entirely from gaps;When processing gene ""ORF9b"": The extracted gene sequence is empty or consists entirely from gaps"	
140	556_sub0	21J	21J (Delta)	Delta	21J	B.1.617.2.103	AY.103	56.250000	mediocre	11	8	0	1	0	0	9	3	0	521	18395	20678	26839	0.206066280975153	E:1,M:0.47085201793721976,ORF1b:0.1083086053412463,ORF3a:1,S:0.5918367346938775	false	C21618G,G21987A,T22917G,C22995A,A23403G,C23604G,A23888C,C24208T,G24410A,C25469T,T26767C	22029-22034,23824,25367		S:755-1274	M:I82T,ORF3a:S26L,S:T19R,S:G142D,S:R158G,S:L452R,S:T478K,S:D614G,S:P681R	S:E156-,S:F157-,S:L752-				A23888C	0	0	1	1		NODE_0000627	A23888C,C24208T	23824,25367		S:L752-	AY.103	A23888C	23824,25367		S:L752-	N/A	N/A	N/A	N/A	N/A	N/A	N/A	N/A	N/A	N/A	ORF1b:2404,S:755-1274		3000	0	good	0	10	0	good	0	24	-5	0	good	3		0	good	0	S:755-1274	1		0	75	mediocre		0	0	good	0		ORF1a,ORF6,ORF7a,ORF7b,ORF8,N,ORF9b	"When processing gene ""ORF1a"": The extracted gene sequence is empty or consists entirely from gaps;When processing gene ""ORF6"": The extracted gene sequence is empty or consists entirely from gaps;When processing gene ""ORF7a"": The extracted gene sequence is empty or consists entirely from gaps;When processing gene ""ORF7b"": The extracted gene sequence is empty or consists entirely from gaps;When processing gene ""ORF8"": The extracted gene sequence is empty or consists entirely from gaps;When processing gene ""N"": The extracted gene sequence is empty or consists entirely from gaps;When processing gene ""ORF9b"": The extracted gene sequence is empty or consists entirely from gaps"	
143	118_sub0	21J	21J (Delta)	Delta	21J	B.1.617.2.103	AY.103	56.250000	mediocre	11	4	0	1	0	0	4	2	0	1118	18422	20678	26839	0.206066280975153	E:1,M:0.47085201793721976,ORF1b:0.1083086053412463,ORF3a:1,S:0.12323390894819466	false	C21618G,G21987A,T22917G,C22995A,A23403G,C23604G,A23720T,C24208T,G24410A,C25469T,T26767C	22030-22033		S:158-1274	M:I82T,ORF3a:S26L,S:T19R,S:G142D	S:E156-,S:F157-				A23720T	0	0	1	1		NODE_0000627	A23720T,C24208T				AY.103	A23720T				N/A	N/A	N/A	N/A	N/A	N/A	N/A	N/A	N/A	N/A	ORF1b:2404,S:158-1274		3000	0	good	0	10	0	good	0	24	-7	0	good	1		0	good	0	S:158-1274	1		0	75	mediocre		0	0	good	0		ORF1a,ORF6,ORF7a,ORF7b,ORF8,N,ORF9b	"When processing gene ""ORF1a"": The extracted gene sequence is empty or consists entirely from gaps;When processing gene ""ORF6"": The extracted gene sequence is empty or consists entirely from gaps;When processing gene ""ORF7a"": The extracted gene sequence is empty or consists entirely from gaps;When processing gene ""ORF7b"": The extracted gene sequence is empty or consists entirely from gaps;When processing gene ""ORF8"": The extracted gene sequence is empty or consists entirely from gaps;When processing gene ""N"": The extracted gene sequence is empty or consists entirely from gaps;When processing gene ""ORF9b"": The extracted gene sequence is empty or consists entirely from gaps"	
142	1080_sub0	21J	21J (Delta)	Delta	21J	B.1.617.2.103	AY.103	0	good	10	6	0	0	0	0	10	2	0	1	18420	20678	26839	0.206066280975153	E:1,M:0.47085201793721976,ORF1b:0.1083086053412463,ORF3a:1,S:1	false	C21618G,G21987A,T22917G,C22995A,A23403G,C23604G,C24208T,G24410A,C25469T,T26767C	22029-22034			M:I82T,ORF3a:S26L,S:T19R,S:G142D,S:R158G,S:L452R,S:T478K,S:D614G,S:P681R,S:D950N	S:E156-,S:F157-					0	0	0	0		NODE_0000627	C24208T				AY.103					N/A	N/A	N/A	N/A	N/A	N/A	N/A	N/A	N/A	N/A	ORF1b:2404		3000	0	good	0	10	0	good	0	24	-8	0	good	0		0	good	0		0		0	0	good		0	0	good	0		ORF1a,ORF6,ORF7a,ORF7b,ORF8,N,ORF9b	"When processing gene ""ORF1a"": The extracted gene sequence is empty or consists entirely from gaps;When processing gene ""ORF6"": The extracted gene sequence is empty or consists entirely from gaps;When processing gene ""ORF7a"": The extracted gene sequence is empty or consists entirely from gaps;When processing gene ""ORF7b"": The extracted gene sequence is empty or consists entirely from gaps;When processing gene ""ORF8"": The extracted gene sequence is empty or consists entirely from gaps;When processing gene ""N"": The extracted gene sequence is empty or consists entirely from gaps;When processing gene ""ORF9b"": The extracted gene sequence is empty or consists entirely from gaps"	
136	452_sub0	21J	21J (Delta)	Delta	21J	B.1.617.2.103	AY.103	0	good	12	6	0	0	0	0	12	2	0	1	18412	20678	26839	0.206066280975153	E:1,M:0.47085201793721976,ORF1b:0.1083086053412463,ORF3a:1,S:1	false	C21618G,G21987A,T22917G,C22995A,A23403G,C23604G,A24062G,C24208T,G24410A,C25469T,G26755A,T26767C	22029-22034			M:G78D,M:I82T,ORF3a:S26L,S:T19R,S:G142D,S:R158G,S:L452R,S:T478K,S:D614G,S:P681R,S:I834V,S:D950N	S:E156-,S:F157-				A24062G,G26755A	0	0	2	2		NODE_0000627	A24062G,C24208T,G26755A		M:G78D,S:I834V		AY.103	A24062G,G26755A		M:G78D,S:I834V		N/A	N/A	N/A	N/A	N/A	N/A	N/A	N/A	N/A	N/A	ORF1b:2404		3000	0	good	0	10	0	good	0	24	-6	0	good	2		0	good	0		0		0	0	good		0	0	good	0		ORF1a,ORF6,ORF7a,ORF7b,ORF8,N,ORF9b	"When processing gene ""ORF1a"": The extracted gene sequence is empty or consists entirely from gaps;When processing gene ""ORF6"": The extracted gene sequence is empty or consists entirely from gaps;When processing gene ""ORF7a"": The extracted gene sequence is empty or consists entirely from gaps;When processing gene ""ORF7b"": The extracted gene sequence is empty or consists entirely from gaps;When processing gene ""ORF8"": The extracted gene sequence is empty or consists entirely from gaps;When processing gene ""N"": The extracted gene sequence is empty or consists entirely from gaps;When processing gene ""ORF9b"": The extracted gene sequence is empty or consists entirely from gaps"	
139	486_sub0	21I	21I (Delta)	Delta	21I	B.1.617.2.37	AY.37	56.250000	mediocre	15	5	0	1	0	0	5	2	0	1117	18404	20678	26839	0.206066280975153	E:1,M:0.47085201793721976,ORF1b:0.1083086053412463,ORF3a:1,S:0.12401883830455258	false	T20911C,C21618G,G21987A,C22227T,G22661C,T22917G,T22981C,C22995A,A23403G,C23604G,G24410A,C25469T,C26521T,T26767C,T26817C	22031-22035		S:159-1274	M:I82T,M:S99P,ORF3a:S26L,S:T19R,S:G142D	S:F157-,S:R158-				G22661C,T22981C,C26521T,T26817C	0	0	4	4		NODE_0000615	T20911C,G22661C,T22981C,C26521T,T26817C	22035	M:S99P,S:-156E	S:G158-	AY.37	G22661C,T22981C,C26521T,T26817C	22035	M:S99P,S:-156E	S:G158-	N/A	N/A	N/A	N/A	N/A	N/A	N/A	N/A	N/A	N/A	ORF1b:2404,S:159-1274		3000	0	good	0	10	0	good	0	24	-3	0	good	5		0	good	0	S:159-1274	1		0	75	mediocre		0	0	good	0		ORF1a,ORF6,ORF7a,ORF7b,ORF8,N,ORF9b	"When processing gene ""ORF1a"": The extracted gene sequence is empty or consists entirely from gaps;When processing gene ""ORF6"": The extracted gene sequence is empty or consists entirely from gaps;When processing gene ""ORF7a"": The extracted gene sequence is empty or consists entirely from gaps;When processing gene ""ORF7b"": The extracted gene sequence is empty or consists entirely from gaps;When processing gene ""ORF8"": The extracted gene sequence is empty or consists entirely from gaps;When processing gene ""N"": The extracted gene sequence is empty or consists entirely from gaps;When processing gene ""ORF9b"": The extracted gene sequence is empty or consists entirely from gaps"	
138	3860_sub0	21I	21I (Delta)	Delta	21I	B.1.617.2.37	AY.37	56.250000	mediocre	16	7	0	1	0	0	15	3	0	159	18386	20678	26839	0.206066280975153	E:1,M:0.47085201793721976,ORF1b:0.04970326409495549,ORF3a:1,S:1	false	C20863T,T20911C,C21618G,G21987A,C22227T,G22661C,G22772T,T22917G,T22981C,C22995A,A23403G,C23604G,G24410A,C25469T,G26065A,T26767C	21079,22029-22034		ORF1b:2539-2696	M:I82T,ORF1b:H2466Y,ORF3a:S26L,ORF3a:V225I,S:T19R,S:G142D,S:R158G,S:A222V,S:V367L,S:G404C,S:L452R,S:T478K,S:D614G,S:P681R,S:D950N	ORF1b:K2538-,S:E156-,S:F157-				C20863T,G22661C,G22772T,T22981C,G26065A	0	0	5	5		NODE_0000615	C20863T,T20911C,G22661C,G22772T,T22981C,G26065A	21079	ORF1b:H2466Y,ORF3a:V225I,S:V367L,S:G404C	ORF1b:K2538-	AY.37	C20863T,G22661C,G22772T,T22981C,G26065A	21079	ORF1b:H2466Y,ORF3a:V225I,S:V367L,S:G404C	ORF1b:K2538-	N/A	N/A	N/A	N/A	N/A	N/A	N/A	N/A	N/A	N/A	ORF1b:2404,ORF1b:2539-2696		3000	0	good	0	10	0	good	0	24	-2	0	good	6		0	good	0	ORF1b:2539-2696	1		0	75	mediocre		0	0	good	0		ORF1a,ORF6,ORF7a,ORF7b,ORF8,N,ORF9b	"When processing gene ""ORF1a"": The extracted gene sequence is empty or consists entirely from gaps;When processing gene ""ORF6"": The extracted gene sequence is empty or consists entirely from gaps;When processing gene ""ORF7a"": The extracted gene sequence is empty or consists entirely from gaps;When processing gene ""ORF7b"": The extracted gene sequence is empty or consists entirely from gaps;When processing gene ""ORF8"": The extracted gene sequence is empty or consists entirely from gaps;When processing gene ""N"": The extracted gene sequence is empty or consists entirely from gaps;When processing gene ""ORF9b"": The extracted gene sequence is empty or consists entirely from gaps"	
133	4750_sub0	21J	21J (Delta)	Delta	21J	B.1.617.2.103	AY.103	0	good	10	6	0	0	0	0	10	2	0	1	18420	20678	26839	0.206066280975153	E:1,M:0.47085201793721976,ORF1b:0.1083086053412463,ORF3a:1,S:1	false	C21618G,G21987A,T22917G,C22995A,A23403G,C23604G,C24208T,G24410A,C25469T,T26767C	22029-22034			M:I82T,ORF3a:S26L,S:T19R,S:G142D,S:R158G,S:L452R,S:T478K,S:D614G,S:P681R,S:D950N	S:E156-,S:F157-					0	0	0	0		NODE_0000627	C24208T				AY.103					N/A	N/A	N/A	N/A	N/A	N/A	N/A	N/A	N/A	N/A	ORF1b:2404		3000	0	good	0	10	0	good	0	24	-8	0	good	0		0	good	0		0		0	0	good		0	0	good	0		ORF1a,ORF6,ORF7a,ORF7b,ORF8,N,ORF9b	"When processing gene ""ORF1a"": The extracted gene sequence is empty or consists entirely from gaps;When processing gene ""ORF6"": The extracted gene sequence is empty or consists entirely from gaps;When processing gene ""ORF7a"": The extracted gene sequence is empty or consists entirely from gaps;When processing gene ""ORF7b"": The extracted gene sequence is empty or consists entirely from gaps;When processing gene ""ORF8"": The extracted gene sequence is empty or consists entirely from gaps;When processing gene ""N"": The extracted gene sequence is empty or consists entirely from gaps;When processing gene ""ORF9b"": The extracted gene sequence is empty or consists entirely from gaps"	
131	1242_sub0	21J	21J (Delta)	Delta	21J	B.1.617.2.103	AY.103	0	good	10	6	0	0	0	0	10	2	0	1	18420	20678	26839	0.206066280975153	E:1,M:0.47085201793721976,ORF1b:0.1083086053412463,ORF3a:1,S:1	false	C21618G,G21987A,T22917G,C22995A,A23403G,C23604G,C24208T,G24410A,C25469T,T26767C	22029-22034			M:I82T,ORF3a:S26L,S:T19R,S:G142D,S:R158G,S:L452R,S:T478K,S:D614G,S:P681R,S:D950N	S:E156-,S:F157-					0	0	0	0		NODE_0000627	C24208T				AY.103					N/A	N/A	N/A	N/A	N/A	N/A	N/A	N/A	N/A	N/A	ORF1b:2404		3000	0	good	0	10	0	good	0	24	-8	0	good	0		0	good	0		0		0	0	good		0	0	good	0		ORF1a,ORF6,ORF7a,ORF7b,ORF8,N,ORF9b	"When processing gene ""ORF1a"": The extracted gene sequence is empty or consists entirely from gaps;When processing gene ""ORF6"": The extracted gene sequence is empty or consists entirely from gaps;When processing gene ""ORF7a"": The extracted gene sequence is empty or consists entirely from gaps;When processing gene ""ORF7b"": The extracted gene sequence is empty or consists entirely from gaps;When processing gene ""ORF8"": The extracted gene sequence is empty or consists entirely from gaps;When processing gene ""N"": The extracted gene sequence is empty or consists entirely from gaps;When processing gene ""ORF9b"": The extracted gene sequence is empty or consists entirely from gaps"	
134	875_sub0	21J	21J (Delta)	Delta	21J	B.1.617.2.103	AY.103	56.944444	mediocre	16	1	0	1	0	0	4	1	0	1234	18412	20678	26839	0.206066280975153	E:1,M:0.47085201793721976,ORF1b:0.1083086053412463,ORF3a:1,S:0.03218210361067504	false	G21119T,C21618G,T21889C,G21987A,G22030A,C22033A,A22034T,T22917G,G22955T,C22995A,A23403G,C23604G,C24208T,G24410A,C25469T,T26767C	21683		S:42-1274	M:I82T,ORF1b:C2551F,ORF3a:S26L,S:T19R	S:K41-			-22033A|24A&24E&22D&23C&24C&23F&24F&24B&rec&23I&24G&25A&24H&24D&24I&25B&25C	G21119T,T21889C,-22030A,-22034T,G22955T	0	1	5	6		NODE_0000627	G21119T,T21889C,-22030A,-22033A,-22034T,G22955T,C24208T	21683	ORF1b:C2551F	S:K41-	AY.103	G21119T,T21889C,-22030A,-22033A,-22034T,G22955T	21683	ORF1b:C2551F	S:K41-	N/A	N/A	N/A	N/A	N/A	N/A	N/A	N/A	N/A	N/A	ORF1b:2404,S:42-1274		3000	0	good	0	10	0	good	0	24	2	8.333333	good	10		0	good	0	S:42-1274	1		0	75	mediocre		0	0	good	0		ORF1a,ORF6,ORF7a,ORF7b,ORF8,N,ORF9b	"When processing gene ""ORF1a"": The extracted gene sequence is empty or consists entirely from gaps;When processing gene ""ORF6"": The extracted gene sequence is empty or consists entirely from gaps;When processing gene ""ORF7a"": The extracted gene sequence is empty or consists entirely from gaps;When processing gene ""ORF7b"": The extracted gene sequence is empty or consists entirely from gaps;When processing gene ""ORF8"": The extracted gene sequence is empty or consists entirely from gaps;When processing gene ""N"": The extracted gene sequence is empty or consists entirely from gaps;When processing gene ""ORF9b"": The extracted gene sequence is empty or consists entirely from gaps"	
130	484_sub0	21J	21J (Delta)	Delta	21J	B.1.617.2.103	AY.103	56.250000	mediocre	12	2	0	1	0	0	4	1	0	1118	18425	20678	26839	0.206066280975153	E:1,M:0.47085201793721976,ORF1b:0.1083086053412463,ORF3a:1,S:0.12323390894819466	false	C21618G,G21987A,C22033A,T22917G,C22995A,A23403G,C23604G,C24208T,C24387T,G24410A,C25469T,T26767C	22031-22032		S:158-1274	M:I82T,ORF3a:S26L,S:T19R,S:G142D	S:F157-			-22033A|24A&24E&22D&23C&24C&23F&24F&24B&rec&23I&24G&25A&24H&24D&24I&25B&25C	C24387T	0	1	1	2		NODE_0000627	-22033A,C24208T,C24387T		S:-156E		AY.103	-22033A,C24387T		S:-156E		N/A	N/A	N/A	N/A	N/A	N/A	N/A	N/A	N/A	N/A	ORF1b:2404,S:158-1274		3000	0	good	0	10	0	good	0	24	-3	0	good	5		0	good	0	S:158-1274	1		0	75	mediocre		0	0	good	0		ORF1a,ORF6,ORF7a,ORF7b,ORF8,N,ORF9b	"When processing gene ""ORF1a"": The extracted gene sequence is empty or consists entirely from gaps;When processing gene ""ORF6"": The extracted gene sequence is empty or consists entirely from gaps;When processing gene ""ORF7a"": The extracted gene sequence is empty or consists entirely from gaps;When processing gene ""ORF7b"": The extracted gene sequence is empty or consists entirely from gaps;When processing gene ""ORF8"": The extracted gene sequence is empty or consists entirely from gaps;When processing gene ""N"": The extracted gene sequence is empty or consists entirely from gaps;When processing gene ""ORF9b"": The extracted gene sequence is empty or consists entirely from gaps"	
132	4053_sub0	21J	21J (Delta)	Delta	21J	B.1.617.2.103	AY.103	0	good	10	6	0	0	0	0	10	2	0	1	18420	20678	26839	0.206066280975153	E:1,M:0.47085201793721976,ORF1b:0.1083086053412463,ORF3a:1,S:1	false	C21618G,G21987A,T22917G,C22995A,A23403G,C23604G,C24208T,G24410A,C25469T,T26767C	22029-22034			M:I82T,ORF3a:S26L,S:T19R,S:G142D,S:R158G,S:L452R,S:T478K,S:D614G,S:P681R,S:D950N	S:E156-,S:F157-					0	0	0	0		NODE_0000627	C24208T				AY.103					N/A	N/A	N/A	N/A	N/A	N/A	N/A	N/A	N/A	N/A	ORF1b:2404		3000	0	good	0	10	0	good	0	24	-8	0	good	0		0	good	0		0		0	0	good		0	0	good	0		ORF1a,ORF6,ORF7a,ORF7b,ORF8,N,ORF9b	"When processing gene ""ORF1a"": The extracted gene sequence is empty or consists entirely from gaps;When processing gene ""ORF6"": The extracted gene sequence is empty or consists entirely from gaps;When processing gene ""ORF7a"": The extracted gene sequence is empty or consists entirely from gaps;When processing gene ""ORF7b"": The extracted gene sequence is empty or consists entirely from gaps;When processing gene ""ORF8"": The extracted gene sequence is empty or consists entirely from gaps;When processing gene ""N"": The extracted gene sequence is empty or consists entirely from gaps;When processing gene ""ORF9b"": The extracted gene sequence is empty or consists entirely from gaps"	
149	4512_sub0	21J	21J (Delta)	Delta	21J	B.1.617.2.103	AY.103	0	good	10	6	0	0	0	0	10	2	0	1	18420	20678	26839	0.206066280975153	E:1,M:0.47085201793721976,ORF1b:0.1083086053412463,ORF3a:1,S:1	false	C21618G,G21987A,T22917G,C22995A,A23403G,C23604G,C24208T,G24410A,C25469T,T26767C	22029-22034			M:I82T,ORF3a:S26L,S:T19R,S:G142D,S:R158G,S:L452R,S:T478K,S:D614G,S:P681R,S:D950N	S:E156-,S:F157-					0	0	0	0		NODE_0000627	C24208T				AY.103					N/A	N/A	N/A	N/A	N/A	N/A	N/A	N/A	N/A	N/A	ORF1b:2404		3000	0	good	0	10	0	good	0	24	-8	0	good	0		0	good	0		0		0	0	good		0	0	good	0		ORF1a,ORF6,ORF7a,ORF7b,ORF8,N,ORF9b	"When processing gene ""ORF1a"": The extracted gene sequence is empty or consists entirely from gaps;When processing gene ""ORF6"": The extracted gene sequence is empty or consists entirely from gaps;When processing gene ""ORF7a"": The extracted gene sequence is empty or consists entirely from gaps;When processing gene ""ORF7b"": The extracted gene sequence is empty or consists entirely from gaps;When processing gene ""ORF8"": The extracted gene sequence is empty or consists entirely from gaps;When processing gene ""N"": The extracted gene sequence is empty or consists entirely from gaps;When processing gene ""ORF9b"": The extracted gene sequence is empty or consists entirely from gaps"	
144	1063_sub0	21J	21J (Delta)	Delta	21J	B.1.617.2.103	AY.103	0.173611	good	16	0	0	0	0	0	13	0	0	1	18422	20678	26839	0.206066280975153	E:1,M:0.47085201793721976,ORF1b:0.1083086053412463,ORF3a:1,S:1	false	C21618G,G21987A,G22030T,T22031G,T22032G,C22033A,T22917G,C22995A,C23061T,A23403G,C23604G,A24062G,C24208T,G24410A,C25469T,T26767C				M:I82T,ORF3a:S26L,S:T19R,S:G142D,S:E156D,S:F157G,S:L452R,S:T478K,S:T500I,S:D614G,S:P681R,S:I834V,S:D950N				-22033A|24A&24E&22D&23C&24C&23F&24F&24B&rec&23I&24G&25A&24H&24D&24I&25B&25C	-22030T,-22031G,-22032G,C23061T,A24062G	0	1	5	6		NODE_0000627	-22030T,-22031G,-22032G,-22033A,C23061T,A24062G,C24208T		S:-156D,S:-157G,S:G158R,S:T500I,S:I834V		AY.103	-22030T,-22031G,-22032G,-22033A,C23061T,A24062G		S:-156D,S:-157G,S:G158R,S:T500I,S:I834V		N/A	N/A	N/A	N/A	N/A	N/A	N/A	N/A	N/A	N/A	ORF1b:2404		3000	0	good	0	10	0	good	0	24	1	4.166667	good	9		0	good	0		0		0	0	good		0	0	good	0		ORF1a,ORF6,ORF7a,ORF7b,ORF8,N,ORF9b	"When processing gene ""ORF1a"": The extracted gene sequence is empty or consists entirely from gaps;When processing gene ""ORF6"": The extracted gene sequence is empty or consists entirely from gaps;When processing gene ""ORF7a"": The extracted gene sequence is empty or consists entirely from gaps;When processing gene ""ORF7b"": The extracted gene sequence is empty or consists entirely from gaps;When processing gene ""ORF8"": The extracted gene sequence is empty or consists entirely from gaps;When processing gene ""N"": The extracted gene sequence is empty or consists entirely from gaps;When processing gene ""ORF9b"": The extracted gene sequence is empty or consists entirely from gaps"	
146	826_sub0	21I	21I (Delta)	Delta	21I	B.1.617.2.37	AY.37	56.250000	mediocre	15	1	0	1	0	0	4	1	0	1119	18415	20678	26839	0.206066280975153	E:1,M:0.47085201793721976,ORF1b:0.1083086053412463,ORF3a:1,S:0.12244897959183673	false	T20911C,C21618G,G21987A,T22032A,C22033A,C22227T,G22661C,T22917G,T22981C,C22995A,A23403G,C23604G,G24410A,C25469T,T26767C	22030		S:157-1274	M:I82T,ORF3a:S26L,S:T19R,S:G142D	S:E156-			-22033A|24A&24E&22D&23C&24C&23F&24F&24B&rec&23I&24G&25A&24H&24D&24I&25B&25C	-22032A,G22661C,T22981C	0	1	3	4		NODE_0000615	T20911C,-22032A,-22033A,G22661C,T22981C				AY.37	-22032A,-22033A,G22661C,T22981C				N/A	N/A	N/A	N/A	N/A	N/A	N/A	N/A	N/A	N/A	ORF1b:2404,S:157-1274		3000	0	good	0	10	0	good	0	24	-1	0	good	7		0	good	0	S:157-1274	1		0	75	mediocre		0	0	good	0		ORF1a,ORF6,ORF7a,ORF7b,ORF8,N,ORF9b	"When processing gene ""ORF1a"": The extracted gene sequence is empty or consists entirely from gaps;When processing gene ""ORF6"": The extracted gene sequence is empty or consists entirely from gaps;When processing gene ""ORF7a"": The extracted gene sequence is empty or consists entirely from gaps;When processing gene ""ORF7b"": The extracted gene sequence is empty or consists entirely from gaps;When processing gene ""ORF8"": The extracted gene sequence is empty or consists entirely from gaps;When processing gene ""N"": The extracted gene sequence is empty or consists entirely from gaps;When processing gene ""ORF9b"": The extracted gene sequence is empty or consists entirely from gaps"	
150	458_sub0	21J	21J (Delta)	Delta	21J	B.1.617.2.103	AY.103	0	good	12	6	0	0	0	0	11	2	0	1	18412	20678	26839	0.206066280975153	E:1,M:0.47085201793721976,ORF1b:0.1083086053412463,ORF3a:1,S:1	false	C21618G,G21987A,T22917G,C22995A,A23148G,A23403G,T23464C,C23604G,C24208T,G24410A,C25469T,T26767C	22029-22034			M:I82T,ORF3a:S26L,S:T19R,S:G142D,S:R158G,S:L452R,S:T478K,S:K529R,S:D614G,S:P681R,S:D950N	S:E156-,S:F157-				A23148G,T23464C	0	0	2	2		NODE_0000627	A23148G,T23464C,C24208T		S:K529R		AY.103	A23148G,T23464C		S:K529R		N/A	N/A	N/A	N/A	N/A	N/A	N/A	N/A	N/A	N/A	ORF1b:2404		3000	0	good	0	10	0	good	0	24	-6	0	good	2		0	good	0		0		0	0	good		0	0	good	0		ORF1a,ORF6,ORF7a,ORF7b,ORF8,N,ORF9b	"When processing gene ""ORF1a"": The extracted gene sequence is empty or consists entirely from gaps;When processing gene ""ORF6"": The extracted gene sequence is empty or consists entirely from gaps;When processing gene ""ORF7a"": The extracted gene sequence is empty or consists entirely from gaps;When processing gene ""ORF7b"": The extracted gene sequence is empty or consists entirely from gaps;When processing gene ""ORF8"": The extracted gene sequence is empty or consists entirely from gaps;When processing gene ""N"": The extracted gene sequence is empty or consists entirely from gaps;When processing gene ""ORF9b"": The extracted gene sequence is empty or consists entirely from gaps"	
151	693_sub0	21J	21J (Delta)	Delta	21J	B.1.617.2.103	AY.103	56.250000	mediocre	11	5	0	1	0	0	4	3	0	1117	18420	20678	26839	0.206066280975153	E:1,M:0.47085201793721976,ORF1b:0.1083086053412463,ORF3a:1,S:0.12401883830455258	false	C21618G,G21987A,A22029T,T22917G,C22995A,A23403G,C23604G,C24208T,G24410A,C25469T,T26767C	22031-22035		S:159-1274	M:I82T,ORF3a:S26L,S:T19R,S:G142D	S:E156-,S:F157-,S:R158-				-22029T	0	0	1	1		NODE_0000627	-22029T,C24208T	22035		S:G158-	AY.103	-22029T	22035		S:G158-	N/A	N/A	N/A	N/A	N/A	N/A	N/A	N/A	N/A	N/A	ORF1b:2404,S:159-1274		3000	0	good	0	10	0	good	0	24	-6	0	good	2		0	good	0	S:159-1274	1		0	75	mediocre		0	0	good	0		ORF1a,ORF6,ORF7a,ORF7b,ORF8,N,ORF9b	"When processing gene ""ORF1a"": The extracted gene sequence is empty or consists entirely from gaps;When processing gene ""ORF6"": The extracted gene sequence is empty or consists entirely from gaps;When processing gene ""ORF7a"": The extracted gene sequence is empty or consists entirely from gaps;When processing gene ""ORF7b"": The extracted gene sequence is empty or consists entirely from gaps;When processing gene ""ORF8"": The extracted gene sequence is empty or consists entirely from gaps;When processing gene ""N"": The extracted gene sequence is empty or consists entirely from gaps;When processing gene ""ORF9b"": The extracted gene sequence is empty or consists entirely from gaps"	
145	777_sub0	21J	21J (Delta)	Delta	21J	B.1.617.2.103	AY.103	56.250000	mediocre	11	6	0	1	0	0	8	2	0	398	18401	20678	26839	0.206066280975153	E:1,M:0.47085201793721976,ORF1b:0.1083086053412463,ORF3a:1,S:0.6883830455259027	false	T21398C,C21618G,G21987A,T22917G,C22995A,A23403G,C23604G,C24208T,G24410A,C25469T,T26767C	22030-22033,23219,23223		S:158-554	M:I82T,ORF1b:M2644T,ORF3a:S26L,S:T19R,S:G142D,S:D614G,S:P681R,S:D950N	S:E156-,S:F157-				T21398C	0	0	1	1		NODE_0000627	T21398C,C24208T	23219,23223	ORF1b:M2644T		AY.103	T21398C	23219,23223	ORF1b:M2644T		N/A	N/A	N/A	N/A	N/A	N/A	N/A	N/A	N/A	N/A	ORF1b:2404,S:158-554		3000	0	good	0	10	0	good	0	24	-5	0	good	3		0	good	0	S:158-554	1		0	75	mediocre		0	0	good	0		ORF1a,ORF6,ORF7a,ORF7b,ORF8,N,ORF9b	"When processing gene ""ORF1a"": The extracted gene sequence is empty or consists entirely from gaps;When processing gene ""ORF6"": The extracted gene sequence is empty or consists entirely from gaps;When processing gene ""ORF7a"": The extracted gene sequence is empty or consists entirely from gaps;When processing gene ""ORF7b"": The extracted gene sequence is empty or consists entirely from gaps;When processing gene ""ORF8"": The extracted gene sequence is empty or consists entirely from gaps;When processing gene ""N"": The extracted gene sequence is empty or consists entirely from gaps;When processing gene ""ORF9b"": The extracted gene sequence is empty or consists entirely from gaps"	
147	964_sub0	21J	21J (Delta)	Delta	21J	B.1.617.2.103	AY.103	56.250000	mediocre	10	5	0	1	0	0	4	2	0	1117	18424	20678	26839	0.206066280975153	E:1,M:0.47085201793721976,ORF1b:0.1083086053412463,ORF3a:1,S:0.12401883830455258	false	C21618G,G21987A,T22917G,C22995A,A23403G,C23604G,C24208T,G24410A,C25469T,T26767C	22031-22035		S:159-1274	M:I82T,ORF3a:S26L,S:T19R,S:G142D	S:F157-,S:R158-					0	0	0	0		NODE_0000627	C24208T	22035	S:-156E	S:G158-	AY.103		22035	S:-156E	S:G158-	N/A	N/A	N/A	N/A	N/A	N/A	N/A	N/A	N/A	N/A	ORF1b:2404,S:159-1274		3000	0	good	0	10	0	good	0	24	-7	0	good	1		0	good	0	S:159-1274	1		0	75	mediocre		0	0	good	0		ORF1a,ORF6,ORF7a,ORF7b,ORF8,N,ORF9b	"When processing gene ""ORF1a"": The extracted gene sequence is empty or consists entirely from gaps;When processing gene ""ORF6"": The extracted gene sequence is empty or consists entirely from gaps;When processing gene ""ORF7a"": The extracted gene sequence is empty or consists entirely from gaps;When processing gene ""ORF7b"": The extracted gene sequence is empty or consists entirely from gaps;When processing gene ""ORF8"": The extracted gene sequence is empty or consists entirely from gaps;When processing gene ""N"": The extracted gene sequence is empty or consists entirely from gaps;When processing gene ""ORF9b"": The extracted gene sequence is empty or consists entirely from gaps"	
148	673_sub0	21J	21J (Delta)	Delta	21J	B.1.617.2.103	AY.103	56.250000	mediocre	10	5	0	1	0	0	3	1	0	1183	18416	20678	26839	0.206066280975153	E:1,M:0.47085201793721976,ORF1b:0.1083086053412463,ORF3a:1,S:0.07221350078492936	false	C21618G,G21987A,T22917G,C22995A,A23403G,C23604G,C24208T,G24410A,C25469T,T26767C	21836,22030-22033		S:93-1274	M:I82T,ORF3a:S26L,S:T19R	S:F92-					0	0	0	0		NODE_0000627	C24208T	21836		S:F92-	AY.103		21836		S:F92-	N/A	N/A	N/A	N/A	N/A	N/A	N/A	N/A	N/A	N/A	ORF1b:2404,S:93-1274		3000	0	good	0	10	0	good	0	24	-7	0	good	1		0	good	0	S:93-1274	1		0	75	mediocre		0	0	good	0		ORF1a,ORF6,ORF7a,ORF7b,ORF8,N,ORF9b	"When processing gene ""ORF1a"": The extracted gene sequence is empty or consists entirely from gaps;When processing gene ""ORF6"": The extracted gene sequence is empty or consists entirely from gaps;When processing gene ""ORF7a"": The extracted gene sequence is empty or consists entirely from gaps;When processing gene ""ORF7b"": The extracted gene sequence is empty or consists entirely from gaps;When processing gene ""ORF8"": The extracted gene sequence is empty or consists entirely from gaps;When processing gene ""N"": The extracted gene sequence is empty or consists entirely from gaps;When processing gene ""ORF9b"": The extracted gene sequence is empty or consists entirely from gaps"	
153	142_sub0	21J	21J (Delta)	Delta	21J	B.1.617.2.103	AY.103	56.250000	mediocre	10	4	0	1	0	0	4	2	0	1118	18426	20678	26839	0.206066280975153	E:1,M:0.47085201793721976,ORF1b:0.1083086053412463,ORF3a:1,S:0.12323390894819466	false	C21618G,G21987A,T22917G,C22995A,A23403G,C23604G,C24208T,G24410A,C25469T,T26767C	22030-22033		S:158-1274	M:I82T,ORF3a:S26L,S:T19R,S:G142D	S:E156-,S:F157-					0	0	0	0		NODE_0000627	C24208T				AY.103					N/A	N/A	N/A	N/A	N/A	N/A	N/A	N/A	N/A	N/A	ORF1b:2404,S:158-1274		3000	0	good	0	10	0	good	0	24	-8	0	good	0		0	good	0	S:158-1274	1		0	75	mediocre		0	0	good	0		ORF1a,ORF6,ORF7a,ORF7b,ORF8,N,ORF9b	"When processing gene ""ORF1a"": The extracted gene sequence is empty or consists entirely from gaps;When processing gene ""ORF6"": The extracted gene sequence is empty or consists entirely from gaps;When processing gene ""ORF7a"": The extracted gene sequence is empty or consists entirely from gaps;When processing gene ""ORF7b"": The extracted gene sequence is empty or consists entirely from gaps;When processing gene ""ORF8"": The extracted gene sequence is empty or consists entirely from gaps;When processing gene ""N"": The extracted gene sequence is empty or consists entirely from gaps;When processing gene ""ORF9b"": The extracted gene sequence is empty or consists entirely from gaps"	
157	457_sub0	21J	21J (Delta)	Delta	21J	B.1.617.2.103	AY.103	56.250000	mediocre	11	4	0	1	0	0	4	2	0	1118	18422	20678	26839	0.206066280975153	E:1,M:0.47085201793721976,ORF1b:0.1083086053412463,ORF3a:1,S:0.12323390894819466	false	C21618G,G21987A,C22295T,T22917G,C22995A,A23403G,C23604G,C24208T,G24410A,C25469T,T26767C	22030-22033		S:158-1274	M:I82T,ORF3a:S26L,S:T19R,S:G142D	S:E156-,S:F157-				C22295T	0	0	1	1		NODE_0000627	C22295T,C24208T				AY.103	C22295T				N/A	N/A	N/A	N/A	N/A	N/A	N/A	N/A	N/A	N/A	ORF1b:2404,S:158-1274		3000	0	good	0	10	0	good	0	24	-7	0	good	1		0	good	0	S:158-1274	1		0	75	mediocre		0	0	good	0		ORF1a,ORF6,ORF7a,ORF7b,ORF8,N,ORF9b	"When processing gene ""ORF1a"": The extracted gene sequence is empty or consists entirely from gaps;When processing gene ""ORF6"": The extracted gene sequence is empty or consists entirely from gaps;When processing gene ""ORF7a"": The extracted gene sequence is empty or consists entirely from gaps;When processing gene ""ORF7b"": The extracted gene sequence is empty or consists entirely from gaps;When processing gene ""ORF8"": The extracted gene sequence is empty or consists entirely from gaps;When processing gene ""N"": The extracted gene sequence is empty or consists entirely from gaps;When processing gene ""ORF9b"": The extracted gene sequence is empty or consists entirely from gaps"	
155	714_sub0	21J	21J (Delta)	Delta	21J	B.1.617.2.103	AY.103	56.250000	mediocre	12	7	1	1	0	0	8	1	0	497	18394	20678	26839	0.206066280975153	E:1,M:0.47085201793721976,ORF1b:0.1083086053412463,ORF3a:1,S:0.6106750392464678	false	C21428T,C21618G,G21987A,T22917G,C22995A,A23403G,C23604G,C24208T,G24410A,C24909T,C25469T,T26767C	22000,22029-22034	23488:T	S:147-642	M:I82T,ORF1b:T2654I,ORF3a:S26L,S:T19R,S:G142D,S:P681R,S:D950N,S:T1116I	S:H146-				C21428T,C24909T	0	0	2	2		NODE_0000627	C21428T,C24208T,C24909T	22000	ORF1b:T2654I,S:T1116I	S:H146-	AY.103	C21428T,C24909T	22000	ORF1b:T2654I,S:T1116I	S:H146-	N/A	N/A	N/A	N/A	N/A	N/A	N/A	N/A	N/A	N/A	ORF1b:2404,S:147-642		3000	0	good	0	10	0	good	0	24	-5	0	good	3		0	good	0	S:147-642	1		0	75	mediocre		0	0	good	0		ORF1a,ORF6,ORF7a,ORF7b,ORF8,N,ORF9b	"When processing gene ""ORF1a"": The extracted gene sequence is empty or consists entirely from gaps;When processing gene ""ORF6"": The extracted gene sequence is empty or consists entirely from gaps;When processing gene ""ORF7a"": The extracted gene sequence is empty or consists entirely from gaps;When processing gene ""ORF7b"": The extracted gene sequence is empty or consists entirely from gaps;When processing gene ""ORF8"": The extracted gene sequence is empty or consists entirely from gaps;When processing gene ""N"": The extracted gene sequence is empty or consists entirely from gaps;When processing gene ""ORF9b"": The extracted gene sequence is empty or consists entirely from gaps"	
154	702_sub0	21J	21J (Delta)	Delta	21J	B.1.617.2.103	AY.103	225	bad	11	9	0	2	0	0	4	4	0	1195	18394	20678	26839	0.206066280975153	E:1,M:0.47085201793721976,ORF1b:0.1083086053412463,ORF3a:0.717391304347826,S:0.12401883830455258	false	C21618G,G21987A,A22036G,T22917G,C22995A,A23403G,C23604G,C24208T,G24410A,C25469T,T26767C	22028-22034,22946,25984		S:159-1274,ORF3a:199-276	M:I82T,ORF3a:S26L,S:T19R,S:G142D	ORF3a:K198-,S:E156-,S:F157-,S:R158-				A22036G	0	0	1	1		NODE_0000627	A22036G,C24208T	22028,22946,25984		ORF3a:K198-,S:G158-	AY.103	A22036G	22028,22946,25984		ORF3a:K198-,S:G158-	N/A	N/A	N/A	N/A	N/A	N/A	N/A	N/A	N/A	N/A	ORF1b:2404,S:159-1274,ORF3a:199-276		3000	0	good	0	10	0	good	0	24	-4	0	good	4		0	good	0	S:159-1274,ORF3a:199-276	2		0	150	bad		0	0	good	0		ORF1a,ORF6,ORF7a,ORF7b,ORF8,N,ORF9b	"When processing gene ""ORF1a"": The extracted gene sequence is empty or consists entirely from gaps;When processing gene ""ORF6"": The extracted gene sequence is empty or consists entirely from gaps;When processing gene ""ORF7a"": The extracted gene sequence is empty or consists entirely from gaps;When processing gene ""ORF7b"": The extracted gene sequence is empty or consists entirely from gaps;When processing gene ""ORF8"": The extracted gene sequence is empty or consists entirely from gaps;When processing gene ""N"": The extracted gene sequence is empty or consists entirely from gaps;When processing gene ""ORF9b"": The extracted gene sequence is empty or consists entirely from gaps"	
152	1164_sub0	21J	21J (Delta)	Delta	21J	B.1.617.2.103	AY.103	112.500000	bad	15	3	1	1	0	0	16	1	0	72	18401	20678	26839	0.206066280975153	E:0.06578947368421052,M:0.47085201793721976,ORF1b:0.1083086053412463,ORF3a:1,S:1	false	G20773A,C21618G,G21987A,G22030T,T22917G,C22995A,G23175A,A23403G,C23604G,G24047C,C24208T,G24410A,C25469T,A25948G,T26767C	22032-22034	26257:C	E:6-76	E:V5A,M:I82T,ORF1b:G2436S,ORF3a:S26L,ORF3a:I186V,S:T19R,S:G142D,S:F157D,S:R158*,S:L452R,S:T478K,S:C538Y,S:D614G,S:P681R,S:A829P,S:D950N	S:E156-				G20773A,-22030T,G23175A,G24047C,A25948G	0	0	5	5		NODE_0000627	G20773A,-22030T,G23175A,G24047C,C24208T,A25948G		E:V5A,ORF1b:G2436S,ORF3a:I186V,S:-157D,S:G158*,S:C538Y,S:A829P		AY.103	G20773A,-22030T,G23175A,G24047C,A25948G		E:V5A,ORF1b:G2436S,ORF3a:I186V,S:-157D,S:G158*,S:C538Y,S:A829P		N/A	N/A	N/A	N/A	N/A	N/A	N/A	N/A	N/A	N/A	ORF1b:2404,E:6-76		3000	0	good	0	10	0	good	0	24	-3	0	good	5		0	good	0	E:6-76	1		0	75	mediocre	S:157	1	75	mediocre	0		ORF1a,ORF6,ORF7a,ORF7b,ORF8,N,ORF9b	"When processing gene ""ORF1a"": The extracted gene sequence is empty or consists entirely from gaps;When processing gene ""ORF6"": The extracted gene sequence is empty or consists entirely from gaps;When processing gene ""ORF7a"": The extracted gene sequence is empty or consists entirely from gaps;When processing gene ""ORF7b"": The extracted gene sequence is empty or consists entirely from gaps;When processing gene ""ORF8"": The extracted gene sequence is empty or consists entirely from gaps;When processing gene ""N"": The extracted gene sequence is empty or consists entirely from gaps;When processing gene ""ORF9b"": The extracted gene sequence is empty or consists entirely from gaps"	
160	2856_sub0	21J	21J (Delta)	Delta	21J	B.1.617.2.103	AY.103	225	bad	11	8	1	3	0	0	3	2	0	1537	18389	20678	26839	0.206066280975153	E:1,M:0,ORF1b:0.1083086053412463,ORF3a:0.23550724637681159,S:0.0565149136577708	false	C21618G,G21987A,T22917G,C22987T,C22995A,A23403G,C23604G,C24208T,G24410A,C25469T,T26767C	21776,22029-22034,26820	25587:A	S:73-1274,ORF3a:66-276,M:101-223	M:I82T,ORF3a:S26L,S:T19R	M:F100-,S:G72-				C22987T	0	0	1	1		NODE_0000627	C22987T,C24208T	21776,26820		M:F100-,S:G72-	AY.103	C22987T	21776,26820		M:F100-,S:G72-	N/A	N/A	N/A	N/A	N/A	N/A	N/A	N/A	N/A	N/A	ORF1b:2404,S:73-1274,ORF3a:66-276,M:101-223		3000	0	good	0	10	0	good	0	24	-5	0	good	3		0	good	0	S:73-1274,M:101-223	2	ORF3a:66-276	1	150	bad		0	0	good	0		ORF1a,ORF6,ORF7a,ORF7b,ORF8,N,ORF9b	"When processing gene ""ORF1a"": The extracted gene sequence is empty or consists entirely from gaps;When processing gene ""ORF6"": The extracted gene sequence is empty or consists entirely from gaps;When processing gene ""ORF7a"": The extracted gene sequence is empty or consists entirely from gaps;When processing gene ""ORF7b"": The extracted gene sequence is empty or consists entirely from gaps;When processing gene ""ORF8"": The extracted gene sequence is empty or consists entirely from gaps;When processing gene ""N"": The extracted gene sequence is empty or consists entirely from gaps;When processing gene ""ORF9b"": The extracted gene sequence is empty or consists entirely from gaps"	
159	576_sub0	21J	21J (Delta)	Delta	21J	B.1.617.2.103	AY.103	225	bad	10	6	1	2	0	0	7	3	0	708	18406	20678	26839	0.206066280975153	E:1,M:0.47085201793721976,ORF1b:0.1083086053412463,ORF3a:1,S:0.44505494505494503	false	C21618G,G21987A,T22917G,C22995A,A23403G,C23604G,C24208T,G24410A,C25469T,T26767C	22030-22033,22955-22956	24184:T	S:158-464,S:875-1274	M:I82T,ORF3a:S26L,S:T19R,S:G142D,S:T478K,S:D614G,S:P681R	S:E156-,S:F157-,S:E465-					0	0	0	0		NODE_0000627	C24208T	22955-22956		S:E465-	AY.103		22955-22956		S:E465-	N/A	N/A	N/A	N/A	N/A	N/A	N/A	N/A	N/A	N/A	ORF1b:2404,S:158-464,S:875-1274		3000	0	good	0	10	0	good	0	24	-7	0	good	1		0	good	0	S:158-464,S:875-1274	2		0	150	bad		0	0	good	0		ORF1a,ORF6,ORF7a,ORF7b,ORF8,N,ORF9b	"When processing gene ""ORF1a"": The extracted gene sequence is empty or consists entirely from gaps;When processing gene ""ORF6"": The extracted gene sequence is empty or consists entirely from gaps;When processing gene ""ORF7a"": The extracted gene sequence is empty or consists entirely from gaps;When processing gene ""ORF7b"": The extracted gene sequence is empty or consists entirely from gaps;When processing gene ""ORF8"": The extracted gene sequence is empty or consists entirely from gaps;When processing gene ""N"": The extracted gene sequence is empty or consists entirely from gaps;When processing gene ""ORF9b"": The extracted gene sequence is empty or consists entirely from gaps"	
158	91_sub1	21J	21J (Delta)	Delta	21J	B.1.617.2.103	AY.103	56.250000	mediocre	13	7	0	1	0	0	12	3	0	23	18398	20678	26839	0.206066280975153	E:1,M:0.47085201793721976,ORF1b:0.10014836795252226,ORF3a:1,S:1	false	G20774A,C21618G,G21987A,T22917G,C22995A,A23403G,C23604G,A23800G,A24062G,C24208T,G24410A,C25469T,T26767C	21487,22029-22034		ORF1b:2675-2696	M:I82T,ORF1b:G2436D,ORF3a:S26L,S:T19R,S:G142D,S:R158G,S:L452R,S:T478K,S:D614G,S:P681R,S:I834V,S:D950N	ORF1b:K2674-,S:E156-,S:F157-				G20774A,A23800G,A24062G	0	0	3	3		NODE_0000627	G20774A,A23800G,A24062G,C24208T	21487	ORF1b:G2436D,S:I834V	ORF1b:K2674-	AY.103	G20774A,A23800G,A24062G	21487	ORF1b:G2436D,S:I834V	ORF1b:K2674-	N/A	N/A	N/A	N/A	N/A	N/A	N/A	N/A	N/A	N/A	ORF1b:2404,ORF1b:2675-2696		3000	0	good	0	10	0	good	0	24	-4	0	good	4		0	good	0	ORF1b:2675-2696	1		0	75	mediocre		0	0	good	0		ORF1a,ORF6,ORF7a,ORF7b,ORF8,N,ORF9b	"When processing gene ""ORF1a"": The extracted gene sequence is empty or consists entirely from gaps;When processing gene ""ORF6"": The extracted gene sequence is empty or consists entirely from gaps;When processing gene ""ORF7a"": The extracted gene sequence is empty or consists entirely from gaps;When processing gene ""ORF7b"": The extracted gene sequence is empty or consists entirely from gaps;When processing gene ""ORF8"": The extracted gene sequence is empty or consists entirely from gaps;When processing gene ""N"": The extracted gene sequence is empty or consists entirely from gaps;When processing gene ""ORF9b"": The extracted gene sequence is empty or consists entirely from gaps"	
161	443_sub0	21J	21J (Delta)	Delta	21J	B.1.617.2.103	AY.103	56.250000	mediocre	13	4	0	1	0	0	4	3	0	1117	18415	20678	26839	0.206066280975153	E:1,M:0.47085201793721976,ORF1b:0.1083086053412463,ORF3a:1,S:0.12401883830455258	false	C21618G,G21987A,G22030T,T22917G,G22988T,C22995A,A23403G,C23604G,A24062G,C24208T,G24410A,C25469T,T26767C	22031-22034		S:159-1274	M:I82T,ORF3a:S26L,S:T19R,S:G142D	S:E156-,S:F157-,S:R158-				-22030T,G22988T,A24062G	0	0	3	3		NODE_0000627	-22030T,G22988T,A24062G,C24208T			S:G158-	AY.103	-22030T,G22988T,A24062G			S:G158-	N/A	N/A	N/A	N/A	N/A	N/A	N/A	N/A	N/A	N/A	ORF1b:2404,S:159-1274		3000	0	good	0	10	0	good	0	24	-5	0	good	3		0	good	0	S:159-1274	1		0	75	mediocre		0	0	good	0		ORF1a,ORF6,ORF7a,ORF7b,ORF8,N,ORF9b	"When processing gene ""ORF1a"": The extracted gene sequence is empty or consists entirely from gaps;When processing gene ""ORF6"": The extracted gene sequence is empty or consists entirely from gaps;When processing gene ""ORF7a"": The extracted gene sequence is empty or consists entirely from gaps;When processing gene ""ORF7b"": The extracted gene sequence is empty or consists entirely from gaps;When processing gene ""ORF8"": The extracted gene sequence is empty or consists entirely from gaps;When processing gene ""N"": The extracted gene sequence is empty or consists entirely from gaps;When processing gene ""ORF9b"": The extracted gene sequence is empty or consists entirely from gaps"	
162	247_sub0	21J	21J (Delta)	Delta	21J	B.1.617.2.103	AY.103	56.250000	mediocre	10	6	1	1	0	0	9	2	0	180	18413	20678	26839	0.206066280975153	E:1,M:0,ORF1b:0.1083086053412463,ORF3a:1,S:1	false	C21618G,G21987A,T22917G,C22995A,A23403G,C23604G,C24208T,G24410A,C25469T,T26767C	22029-22034	26654:T	M:45-223	ORF3a:S26L,S:T19R,S:G142D,S:R158G,S:L452R,S:T478K,S:D614G,S:P681R,S:D950N	S:E156-,S:F157-					0	0	0	0		NODE_0000627	C24208T				AY.103					N/A	N/A	N/A	N/A	N/A	N/A	N/A	N/A	N/A	N/A	ORF1b:2404,M:45-223		3000	0	good	0	10	0	good	0	24	-8	0	good	0		0	good	0	M:45-223	1		0	75	mediocre		0	0	good	0		ORF1a,ORF6,ORF7a,ORF7b,ORF8,N,ORF9b	"When processing gene ""ORF1a"": The extracted gene sequence is empty or consists entirely from gaps;When processing gene ""ORF6"": The extracted gene sequence is empty or consists entirely from gaps;When processing gene ""ORF7a"": The extracted gene sequence is empty or consists entirely from gaps;When processing gene ""ORF7b"": The extracted gene sequence is empty or consists entirely from gaps;When processing gene ""ORF8"": The extracted gene sequence is empty or consists entirely from gaps;When processing gene ""N"": The extracted gene sequence is empty or consists entirely from gaps;When processing gene ""ORF9b"": The extracted gene sequence is empty or consists entirely from gaps"	
170	686_sub0	21J	21J (Delta)	Delta	21J	B.1.617.2.103	AY.103	0	good	10	6	0	0	0	0	10	2	0	1	18420	20678	26839	0.206066280975153	E:1,M:0.47085201793721976,ORF1b:0.1083086053412463,ORF3a:1,S:1	false	C21618G,G21987A,T22917G,C22995A,A23403G,C23604G,C24208T,G24410A,C25469T,T26767C	22029-22034			M:I82T,ORF3a:S26L,S:T19R,S:G142D,S:R158G,S:L452R,S:T478K,S:D614G,S:P681R,S:D950N	S:E156-,S:F157-					0	0	0	0		NODE_0000627	C24208T				AY.103					N/A	N/A	N/A	N/A	N/A	N/A	N/A	N/A	N/A	N/A	ORF1b:2404		3000	0	good	0	10	0	good	0	24	-8	0	good	0		0	good	0		0		0	0	good		0	0	good	0		ORF1a,ORF6,ORF7a,ORF7b,ORF8,N,ORF9b	"When processing gene ""ORF1a"": The extracted gene sequence is empty or consists entirely from gaps;When processing gene ""ORF6"": The extracted gene sequence is empty or consists entirely from gaps;When processing gene ""ORF7a"": The extracted gene sequence is empty or consists entirely from gaps;When processing gene ""ORF7b"": The extracted gene sequence is empty or consists entirely from gaps;When processing gene ""ORF8"": The extracted gene sequence is empty or consists entirely from gaps;When processing gene ""N"": The extracted gene sequence is empty or consists entirely from gaps;When processing gene ""ORF9b"": The extracted gene sequence is empty or consists entirely from gaps"	
163	2805_sub0	21J	21J (Delta)	Delta	21J	B.1.617.2.103	AY.103	56.250000	mediocre	12	6	1	1	0	0	5	0	0	1132	18405	20678	26839	0.206066280975153	E:1,M:0.47085201793721976,ORF1b:0.1083086053412463,ORF3a:1,S:0.11224489795918367	false	C21618G,G21987A,T22917G,C22995A,T23104C,A23403G,C23604G,C24208T,G24410A,C25469T,T25736G,T26767C	22029-22034	21991:T	S:144-1274	M:I82T,ORF3a:S26L,ORF3a:L115W,S:T19R,S:G142D					T23104C,T25736G	0	0	2	2		NODE_0000627	T23104C,C24208T,T25736G		ORF3a:L115W		AY.103	T23104C,T25736G		ORF3a:L115W		N/A	N/A	N/A	N/A	N/A	N/A	N/A	N/A	N/A	N/A	ORF1b:2404,S:144-1274		3000	0	good	0	10	0	good	0	24	-6	0	good	2		0	good	0	S:144-1274	1		0	75	mediocre		0	0	good	0		ORF1a,ORF6,ORF7a,ORF7b,ORF8,N,ORF9b	"When processing gene ""ORF1a"": The extracted gene sequence is empty or consists entirely from gaps;When processing gene ""ORF6"": The extracted gene sequence is empty or consists entirely from gaps;When processing gene ""ORF7a"": The extracted gene sequence is empty or consists entirely from gaps;When processing gene ""ORF7b"": The extracted gene sequence is empty or consists entirely from gaps;When processing gene ""ORF8"": The extracted gene sequence is empty or consists entirely from gaps;When processing gene ""N"": The extracted gene sequence is empty or consists entirely from gaps;When processing gene ""ORF9b"": The extracted gene sequence is empty or consists entirely from gaps"	
169	872_sub0	21J	21J (Delta)	Delta	21J	B.1.617.2.103	AY.103	56.250000	mediocre	11	4	1	1	0	0	6	1	0	497	18408	20678	26839	0.206066280975153	E:1,M:0.47085201793721976,ORF1b:0.1083086053412463,ORF3a:1,S:0.6106750392464678	false	C21618G,G21987A,G22030A,T22917G,C22995A,A23403G,C23604G,C24208T,G24410A,C25469T,T26767C	22000,22031-22033	23488:T	S:147-642	M:I82T,ORF3a:S26L,S:T19R,S:G142D,S:P681R,S:D950N	S:H146-				-22030A	0	0	1	1		NODE_0000627	-22030A,C24208T	22000		S:H146-	AY.103	-22030A	22000		S:H146-	N/A	N/A	N/A	N/A	N/A	N/A	N/A	N/A	N/A	N/A	ORF1b:2404,S:147-642		3000	0	good	0	10	0	good	0	24	-6	0	good	2		0	good	0	S:147-642	1		0	75	mediocre		0	0	good	0		ORF1a,ORF6,ORF7a,ORF7b,ORF8,N,ORF9b	"When processing gene ""ORF1a"": The extracted gene sequence is empty or consists entirely from gaps;When processing gene ""ORF6"": The extracted gene sequence is empty or consists entirely from gaps;When processing gene ""ORF7a"": The extracted gene sequence is empty or consists entirely from gaps;When processing gene ""ORF7b"": The extracted gene sequence is empty or consists entirely from gaps;When processing gene ""ORF8"": The extracted gene sequence is empty or consists entirely from gaps;When processing gene ""N"": The extracted gene sequence is empty or consists entirely from gaps;When processing gene ""ORF9b"": The extracted gene sequence is empty or consists entirely from gaps"	
168	133_sub0	21J	21J (Delta)	Delta	21J	B.1.617.2.103	AY.103	0	good	10	6	0	0	0	0	10	2	0	1	18420	20678	26839	0.206066280975153	E:1,M:0.47085201793721976,ORF1b:0.1083086053412463,ORF3a:1,S:1	false	C21618G,G21987A,T22917G,C22995A,A23403G,C23604G,C24208T,G24410A,C25469T,T26767C	22029-22034			M:I82T,ORF3a:S26L,S:T19R,S:G142D,S:R158G,S:L452R,S:T478K,S:D614G,S:P681R,S:D950N	S:E156-,S:F157-					0	0	0	0		NODE_0000627	C24208T				AY.103					N/A	N/A	N/A	N/A	N/A	N/A	N/A	N/A	N/A	N/A	ORF1b:2404		3000	0	good	0	10	0	good	0	24	-8	0	good	0		0	good	0		0		0	0	good		0	0	good	0		ORF1a,ORF6,ORF7a,ORF7b,ORF8,N,ORF9b	"When processing gene ""ORF1a"": The extracted gene sequence is empty or consists entirely from gaps;When processing gene ""ORF6"": The extracted gene sequence is empty or consists entirely from gaps;When processing gene ""ORF7a"": The extracted gene sequence is empty or consists entirely from gaps;When processing gene ""ORF7b"": The extracted gene sequence is empty or consists entirely from gaps;When processing gene ""ORF8"": The extracted gene sequence is empty or consists entirely from gaps;When processing gene ""N"": The extracted gene sequence is empty or consists entirely from gaps;When processing gene ""ORF9b"": The extracted gene sequence is empty or consists entirely from gaps"	
164	1408_sub0	21J	21J (Delta)	Delta	21J	B.1.617.2.103	AY.103	225	bad	10	10	0	2	0	0	4	4	0	1160	18372	20678	26839	0.206066280975153	E:1,M:0.47085201793721976,ORF1b:0.09050445103857567,ORF3a:1,S:0.12794348508634223	false	C21618G,G21987A,T22917G,C22995A,A23403G,C23604G,C24208T,G24410A,C25469T,T26767C	21409,22030-22033,22879,22955-22956,24569,25367		ORF1b:2649-2696,S:158-1268	M:I82T,ORF3a:S26L,S:T19R,S:G142D	ORF1b:P2648-,S:E156-,S:F157-,S:K1269-					0	0	0	0		NODE_0000627	C24208T	21409,22879,22955-22956,24569,25367		ORF1b:P2648-,S:K1269-	AY.103		21409,22879,22955-22956,24569,25367		ORF1b:P2648-,S:K1269-	N/A	N/A	N/A	N/A	N/A	N/A	N/A	N/A	N/A	N/A	ORF1b:2404,ORF1b:2649-2696,S:158-1268		3000	0	good	0	10	0	good	0	24	-3	0	good	5		0	good	0	ORF1b:2649-2696,S:158-1268	2		0	150	bad		0	0	good	0		ORF1a,ORF6,ORF7a,ORF7b,ORF8,N,ORF9b	"When processing gene ""ORF1a"": The extracted gene sequence is empty or consists entirely from gaps;When processing gene ""ORF6"": The extracted gene sequence is empty or consists entirely from gaps;When processing gene ""ORF7a"": The extracted gene sequence is empty or consists entirely from gaps;When processing gene ""ORF7b"": The extracted gene sequence is empty or consists entirely from gaps;When processing gene ""ORF8"": The extracted gene sequence is empty or consists entirely from gaps;When processing gene ""N"": The extracted gene sequence is empty or consists entirely from gaps;When processing gene ""ORF9b"": The extracted gene sequence is empty or consists entirely from gaps"	
165	5306_sub0	21J	21J (Delta)	Delta	21J	B.1.617.2.103	AY.103	56.250000	mediocre	15	6	1	1	0	0	7	2	0	781	18393	20678	26839	0.206066280975153	E:1,M:0.47085201793721976,ORF1b:0.1083086053412463,ORF3a:1,S:0.3877551020408163	false	C21618G,G21987A,T22917G,C22995A,A23305C,A23403G,C23457G,C23604G,C24208T,T24327C,G24410A,C25469T,A25965G,A26473C,T26767C	22029-22034	23044:T	S:495-1274	M:I82T,ORF3a:S26L,S:T19R,S:G142D,S:R158G,S:L452R,S:T478K	S:E156-,S:F157-				A23305C,C23457G,T24327C,A25965G,A26473C	0	0	5	5		NODE_0000627	A23305C,C23457G,C24208T,T24327C,A25965G,A26473C				AY.103	A23305C,C23457G,T24327C,A25965G,A26473C				N/A	N/A	N/A	N/A	N/A	N/A	N/A	N/A	N/A	N/A	ORF1b:2404,S:495-1274		3000	0	good	0	10	0	good	0	24	-3	0	good	5		0	good	0	S:495-1274	1		0	75	mediocre		0	0	good	0		ORF1a,ORF6,ORF7a,ORF7b,ORF8,N,ORF9b	"When processing gene ""ORF1a"": The extracted gene sequence is empty or consists entirely from gaps;When processing gene ""ORF6"": The extracted gene sequence is empty or consists entirely from gaps;When processing gene ""ORF7a"": The extracted gene sequence is empty or consists entirely from gaps;When processing gene ""ORF7b"": The extracted gene sequence is empty or consists entirely from gaps;When processing gene ""ORF8"": The extracted gene sequence is empty or consists entirely from gaps;When processing gene ""N"": The extracted gene sequence is empty or consists entirely from gaps;When processing gene ""ORF9b"": The extracted gene sequence is empty or consists entirely from gaps"	
167	4872_sub0	21J	21J (Delta)	Delta	21J	B.1.617.2.103	AY.103	56.250000	mediocre	13	7	0	1	0	0	11	3	0	502	18397	20678	26839	0.206066280975153	E:1,M:0.47085201793721976,ORF1b:0.1083086053412463,ORF3a:1,S:0.6067503924646782	false	A21358G,C21618G,G21987A,A22600G,T22917G,C22995A,A23403G,C23604G,C24208T,G24410A,C25469T,G25987A,T26767C	22029-22034,23880		S:774-1274	M:I82T,ORF1b:T2631A,ORF3a:S26L,ORF3a:D199N,S:T19R,S:G142D,S:R158G,S:L452R,S:T478K,S:D614G,S:P681R	S:E156-,S:F157-,S:E773-				A21358G,A22600G,G25987A	0	0	3	3		NODE_0000627	A21358G,A22600G,C24208T,G25987A	23880	ORF1b:T2631A,ORF3a:D199N	S:E773-	AY.103	A21358G,A22600G,G25987A	23880	ORF1b:T2631A,ORF3a:D199N	S:E773-	N/A	N/A	N/A	N/A	N/A	N/A	N/A	N/A	N/A	N/A	ORF1b:2404,S:774-1274		3000	0	good	0	10	0	good	0	24	-4	0	good	4		0	good	0	S:774-1274	1		0	75	mediocre		0	0	good	0		ORF1a,ORF6,ORF7a,ORF7b,ORF8,N,ORF9b	"When processing gene ""ORF1a"": The extracted gene sequence is empty or consists entirely from gaps;When processing gene ""ORF6"": The extracted gene sequence is empty or consists entirely from gaps;When processing gene ""ORF7a"": The extracted gene sequence is empty or consists entirely from gaps;When processing gene ""ORF7b"": The extracted gene sequence is empty or consists entirely from gaps;When processing gene ""ORF8"": The extracted gene sequence is empty or consists entirely from gaps;When processing gene ""N"": The extracted gene sequence is empty or consists entirely from gaps;When processing gene ""ORF9b"": The extracted gene sequence is empty or consists entirely from gaps"	
166	659_sub0	21J	21J (Delta)	Delta	21J	B.1.617.2.103	AY.103	0	good	10	6	0	0	0	0	10	2	0	1	18420	20678	26839	0.206066280975153	E:1,M:0.47085201793721976,ORF1b:0.1083086053412463,ORF3a:1,S:1	false	C21618G,G21987A,T22917G,C22995A,A23403G,C23604G,C24208T,G24410A,C25469T,T26767C	22029-22034			M:I82T,ORF3a:S26L,S:T19R,S:G142D,S:R158G,S:L452R,S:T478K,S:D614G,S:P681R,S:D950N	S:E156-,S:F157-					0	0	0	0		NODE_0000627	C24208T				AY.103					N/A	N/A	N/A	N/A	N/A	N/A	N/A	N/A	N/A	N/A	ORF1b:2404		3000	0	good	0	10	0	good	0	24	-8	0	good	0		0	good	0		0		0	0	good		0	0	good	0		ORF1a,ORF6,ORF7a,ORF7b,ORF8,N,ORF9b	"When processing gene ""ORF1a"": The extracted gene sequence is empty or consists entirely from gaps;When processing gene ""ORF6"": The extracted gene sequence is empty or consists entirely from gaps;When processing gene ""ORF7a"": The extracted gene sequence is empty or consists entirely from gaps;When processing gene ""ORF7b"": The extracted gene sequence is empty or consists entirely from gaps;When processing gene ""ORF8"": The extracted gene sequence is empty or consists entirely from gaps;When processing gene ""N"": The extracted gene sequence is empty or consists entirely from gaps;When processing gene ""ORF9b"": The extracted gene sequence is empty or consists entirely from gaps"	
156	765_sub0	21J	21J (Delta)	Delta	21J	B.1.617.2.103	AY.103	56.250000	mediocre	13	5	0	1	0	0	5	3	0	1117	18404	20678	26839	0.206066280975153	E:1,M:0.47085201793721976,ORF1b:0.1083086053412463,ORF3a:1,S:0.12401883830455258	false	C21618G,G21987A,G22030T,T22917G,C22995A,A23403G,C23604G,C24208T,G24410A,G24473A,C25469T,G25522A,T26767C	22031-22034,24774		S:159-1274	M:I82T,ORF3a:S26L,ORF3a:G44R,S:T19R,S:G142D	S:E156-,S:F157-,S:R158-				-22030T,G24473A,G25522A	0	0	3	3		NODE_0000627	-22030T,C24208T,G24473A,G25522A	24774	ORF3a:G44R	S:G158-	AY.103	-22030T,G24473A,G25522A	24774	ORF3a:G44R	S:G158-	N/A	N/A	N/A	N/A	N/A	N/A	N/A	N/A	N/A	N/A	ORF1b:2404,S:159-1274		3000	0	good	0	10	0	good	0	24	-4	0	good	4		0	good	0	S:159-1274	1		0	75	mediocre		0	0	good	0		ORF1a,ORF6,ORF7a,ORF7b,ORF8,N,ORF9b	"When processing gene ""ORF1a"": The extracted gene sequence is empty or consists entirely from gaps;When processing gene ""ORF6"": The extracted gene sequence is empty or consists entirely from gaps;When processing gene ""ORF7a"": The extracted gene sequence is empty or consists entirely from gaps;When processing gene ""ORF7b"": The extracted gene sequence is empty or consists entirely from gaps;When processing gene ""ORF8"": The extracted gene sequence is empty or consists entirely from gaps;When processing gene ""N"": The extracted gene sequence is empty or consists entirely from gaps;When processing gene ""ORF9b"": The extracted gene sequence is empty or consists entirely from gaps"	
174	3122_sub1	21J	21J (Delta)	Delta	21J	B.1.617.2.103	AY.103	56.250000	mediocre	10	5	0	1	0	0	4	2	0	1117	18424	20678	26839	0.206066280975153	E:1,M:0.47085201793721976,ORF1b:0.1083086053412463,ORF3a:1,S:0.12401883830455258	false	C21618G,G21987A,T22917G,C22995A,A23403G,C23604G,C24208T,G24410A,C25469T,T26767C	22031-22035		S:159-1274	M:I82T,ORF3a:S26L,S:T19R,S:G142D	S:F157-,S:R158-					0	0	0	0		NODE_0000627	C24208T	22035	S:-156E	S:G158-	AY.103		22035	S:-156E	S:G158-	N/A	N/A	N/A	N/A	N/A	N/A	N/A	N/A	N/A	N/A	ORF1b:2404,S:159-1274		3000	0	good	0	10	0	good	0	24	-7	0	good	1		0	good	0	S:159-1274	1		0	75	mediocre		0	0	good	0		ORF1a,ORF6,ORF7a,ORF7b,ORF8,N,ORF9b	"When processing gene ""ORF1a"": The extracted gene sequence is empty or consists entirely from gaps;When processing gene ""ORF6"": The extracted gene sequence is empty or consists entirely from gaps;When processing gene ""ORF7a"": The extracted gene sequence is empty or consists entirely from gaps;When processing gene ""ORF7b"": The extracted gene sequence is empty or consists entirely from gaps;When processing gene ""ORF8"": The extracted gene sequence is empty or consists entirely from gaps;When processing gene ""N"": The extracted gene sequence is empty or consists entirely from gaps;When processing gene ""ORF9b"": The extracted gene sequence is empty or consists entirely from gaps"	
173	174_sub0	21J	21J (Delta)	Delta	21J	B.1.617.2.103	AY.103	0	good	10	6	0	0	0	0	10	2	0	1	18420	20678	26839	0.206066280975153	E:1,M:0.47085201793721976,ORF1b:0.1083086053412463,ORF3a:1,S:1	false	C21618G,G21987A,T22917G,C22995A,A23403G,C23604G,C24208T,G24410A,C25469T,T26767C	22029-22034			M:I82T,ORF3a:S26L,S:T19R,S:G142D,S:R158G,S:L452R,S:T478K,S:D614G,S:P681R,S:D950N	S:E156-,S:F157-					0	0	0	0		NODE_0000627	C24208T				AY.103					N/A	N/A	N/A	N/A	N/A	N/A	N/A	N/A	N/A	N/A	ORF1b:2404		3000	0	good	0	10	0	good	0	24	-8	0	good	0		0	good	0		0		0	0	good		0	0	good	0		ORF1a,ORF6,ORF7a,ORF7b,ORF8,N,ORF9b	"When processing gene ""ORF1a"": The extracted gene sequence is empty or consists entirely from gaps;When processing gene ""ORF6"": The extracted gene sequence is empty or consists entirely from gaps;When processing gene ""ORF7a"": The extracted gene sequence is empty or consists entirely from gaps;When processing gene ""ORF7b"": The extracted gene sequence is empty or consists entirely from gaps;When processing gene ""ORF8"": The extracted gene sequence is empty or consists entirely from gaps;When processing gene ""N"": The extracted gene sequence is empty or consists entirely from gaps;When processing gene ""ORF9b"": The extracted gene sequence is empty or consists entirely from gaps"	
175	870_sub0	21J	21J (Delta)	Delta	21J	B.1.617.2.103	AY.103	0	good	10	6	0	0	0	0	10	2	0	1	18420	20678	26839	0.206066280975153	E:1,M:0.47085201793721976,ORF1b:0.1083086053412463,ORF3a:1,S:1	false	C21618G,G21987A,T22917G,C22995A,A23403G,C23604G,C24208T,G24410A,C25469T,T26767C	22029-22034			M:I82T,ORF3a:S26L,S:T19R,S:G142D,S:R158G,S:L452R,S:T478K,S:D614G,S:P681R,S:D950N	S:E156-,S:F157-					0	0	0	0		NODE_0000627	C24208T				AY.103					N/A	N/A	N/A	N/A	N/A	N/A	N/A	N/A	N/A	N/A	ORF1b:2404		3000	0	good	0	10	0	good	0	24	-8	0	good	0		0	good	0		0		0	0	good		0	0	good	0		ORF1a,ORF6,ORF7a,ORF7b,ORF8,N,ORF9b	"When processing gene ""ORF1a"": The extracted gene sequence is empty or consists entirely from gaps;When processing gene ""ORF6"": The extracted gene sequence is empty or consists entirely from gaps;When processing gene ""ORF7a"": The extracted gene sequence is empty or consists entirely from gaps;When processing gene ""ORF7b"": The extracted gene sequence is empty or consists entirely from gaps;When processing gene ""ORF8"": The extracted gene sequence is empty or consists entirely from gaps;When processing gene ""N"": The extracted gene sequence is empty or consists entirely from gaps;When processing gene ""ORF9b"": The extracted gene sequence is empty or consists entirely from gaps"	
172	1066_sub0	21J	21J (Delta)	Delta	21J	B.1.617.2.103	AY.103	56.250000	mediocre	10	7	0	1	0	0	4	3	0	1117	18418	20678	26839	0.206066280975153	E:1,M:0.47085201793721976,ORF1b:0.1083086053412463,ORF3a:1,S:0.12401883830455258	false	C21618G,G21987A,T22917G,C22995A,A23403G,C23604G,C24208T,G24410A,C25469T,T26767C	22028-22034		S:159-1274	M:I82T,ORF3a:S26L,S:T19R,S:G142D	S:E156-,S:F157-,S:R158-					0	0	0	0		NODE_0000627	C24208T	22028		S:G158-	AY.103		22028		S:G158-	N/A	N/A	N/A	N/A	N/A	N/A	N/A	N/A	N/A	N/A	ORF1b:2404,S:159-1274		3000	0	good	0	10	0	good	0	24	-7	0	good	1		0	good	0	S:159-1274	1		0	75	mediocre		0	0	good	0		ORF1a,ORF6,ORF7a,ORF7b,ORF8,N,ORF9b	"When processing gene ""ORF1a"": The extracted gene sequence is empty or consists entirely from gaps;When processing gene ""ORF6"": The extracted gene sequence is empty or consists entirely from gaps;When processing gene ""ORF7a"": The extracted gene sequence is empty or consists entirely from gaps;When processing gene ""ORF7b"": The extracted gene sequence is empty or consists entirely from gaps;When processing gene ""ORF8"": The extracted gene sequence is empty or consists entirely from gaps;When processing gene ""N"": The extracted gene sequence is empty or consists entirely from gaps;When processing gene ""ORF9b"": The extracted gene sequence is empty or consists entirely from gaps"	
171	846_sub0	21J	21J (Delta)	Delta	21J	B.1.617.2.103	AY.103	56.250000	mediocre	11	6	0	1	0	0	9	3	0	80	18410	20678	26839	0.206066280975153	E:1,M:0.47085201793721976,ORF1b:0.1083086053412463,ORF3a:1,S:0.9379905808477237	false	C21618G,G21987A,T22917G,C22995A,A23403G,C23604G,C24208T,G24410A,C25469T,C26447T,T26767C	21791,22031-22035		S:78-156	E:S68F,M:I82T,ORF3a:S26L,S:T19R,S:L452R,S:T478K,S:D614G,S:P681R,S:D950N	S:K77-,S:F157-,S:R158-				C26447T	0	0	1	1		NODE_0000627	C24208T,C26447T	21791,22035	E:S68F	S:K77-,S:G158-	AY.103	C26447T	21791,22035	E:S68F	S:K77-,S:G158-	N/A	N/A	N/A	N/A	N/A	N/A	N/A	N/A	N/A	N/A	ORF1b:2404,S:78-156		3000	0	good	0	10	0	good	0	24	-5	0	good	3		0	good	0	S:78-156	1		0	75	mediocre		0	0	good	0		ORF1a,ORF6,ORF7a,ORF7b,ORF8,N,ORF9b	"When processing gene ""ORF1a"": The extracted gene sequence is empty or consists entirely from gaps;When processing gene ""ORF6"": The extracted gene sequence is empty or consists entirely from gaps;When processing gene ""ORF7a"": The extracted gene sequence is empty or consists entirely from gaps;When processing gene ""ORF7b"": The extracted gene sequence is empty or consists entirely from gaps;When processing gene ""ORF8"": The extracted gene sequence is empty or consists entirely from gaps;When processing gene ""N"": The extracted gene sequence is empty or consists entirely from gaps;When processing gene ""ORF9b"": The extracted gene sequence is empty or consists entirely from gaps"	
180	593_sub0	21J	21J (Delta)	Delta	21J	B.1.617.2.103	AY.103	0	good	12	6	0	0	0	0	10	2	0	1	18413	20678	26839	0.206066280975153	E:1,M:0.47085201793721976,ORF1b:0.1083086053412463,ORF3a:1,S:1	false	A20963G,C21618G,G21987A,T22917G,C22995A,A23403G,C23604G,C24208T,G24410A,C25469T,T25488C,T26767C	22031-22036			M:I82T,ORF1b:D2499G,ORF3a:S26L,S:T19R,S:G142D,S:L452R,S:T478K,S:D614G,S:P681R,S:D950N	S:F157-,S:R158-				A20963G,T25488C	0	0	2	2		NODE_0000627	A20963G,C24208T,T25488C	22035-22036	ORF1b:D2499G,S:-156E	S:G158-	AY.103	A20963G,T25488C	22035-22036	ORF1b:D2499G,S:-156E	S:G158-	N/A	N/A	N/A	N/A	N/A	N/A	N/A	N/A	N/A	N/A	ORF1b:2404		3000	0	good	0	10	0	good	0	24	-5	0	good	3		0	good	0		0		0	0	good		0	0	good	0		ORF1a,ORF6,ORF7a,ORF7b,ORF8,N,ORF9b	"When processing gene ""ORF1a"": The extracted gene sequence is empty or consists entirely from gaps;When processing gene ""ORF6"": The extracted gene sequence is empty or consists entirely from gaps;When processing gene ""ORF7a"": The extracted gene sequence is empty or consists entirely from gaps;When processing gene ""ORF7b"": The extracted gene sequence is empty or consists entirely from gaps;When processing gene ""ORF8"": The extracted gene sequence is empty or consists entirely from gaps;When processing gene ""N"": The extracted gene sequence is empty or consists entirely from gaps;When processing gene ""ORF9b"": The extracted gene sequence is empty or consists entirely from gaps"	
176	578_sub0	21J	21J (Delta)	Delta	21J	B.1.617.2.103	AY.103	56.250000	mediocre	13	5	0	1	0	0	6	2	0	1117	18412	20678	26839	0.206066280975153	E:1,M:0.47085201793721976,ORF1b:0.1083086053412463,ORF3a:1,S:0.12401883830455258	false	C21618G,G21987A,T22917G,C22995A,A23403G,C23604G,C24208T,G24410A,G24428A,C25469T,A25948G,C26721T,T26767C	22031-22035		S:159-1274	M:L67F,M:I82T,ORF3a:S26L,ORF3a:I186V,S:T19R,S:G142D	S:F157-,S:R158-				G24428A,A25948G,C26721T	0	0	3	3		NODE_0000627	C24208T,G24428A,A25948G,C26721T	22035	M:L67F,ORF3a:I186V,S:-156E	S:G158-	AY.103	G24428A,A25948G,C26721T	22035	M:L67F,ORF3a:I186V,S:-156E	S:G158-	N/A	N/A	N/A	N/A	N/A	N/A	N/A	N/A	N/A	N/A	ORF1b:2404,S:159-1274		3000	0	good	0	10	0	good	0	24	-4	0	good	4		0	good	0	S:159-1274	1		0	75	mediocre		0	0	good	0		ORF1a,ORF6,ORF7a,ORF7b,ORF8,N,ORF9b	"When processing gene ""ORF1a"": The extracted gene sequence is empty or consists entirely from gaps;When processing gene ""ORF6"": The extracted gene sequence is empty or consists entirely from gaps;When processing gene ""ORF7a"": The extracted gene sequence is empty or consists entirely from gaps;When processing gene ""ORF7b"": The extracted gene sequence is empty or consists entirely from gaps;When processing gene ""ORF8"": The extracted gene sequence is empty or consists entirely from gaps;When processing gene ""N"": The extracted gene sequence is empty or consists entirely from gaps;When processing gene ""ORF9b"": The extracted gene sequence is empty or consists entirely from gaps"	
183	751_sub0	21J	21J (Delta)	Delta	21J	B.1.617.2.103	AY.103	225	bad	12	9	0	2	0	0	5	4	0	1158	18389	20678	26839	0.206066280975153	E:0.2631578947368421,M:0.47085201793721976,ORF1b:0.1083086053412463,ORF3a:1,S:0.1357927786499215	false	C21618G,G21987A,T22917G,C22995A,C23061T,A23403G,C23604G,A24062G,C24208T,G24410A,C25469T,T26767C	22029-22034,22079,26302-26303		S:174-1274,E:21-76	M:I82T,ORF3a:S26L,S:T19R,S:G142D,S:R158G	E:F20-,S:E156-,S:F157-,S:Q173-				C23061T,A24062G	0	0	2	2		NODE_0000627	C23061T,A24062G,C24208T	22079,26302-26303		E:F20-,S:Q173-	AY.103	C23061T,A24062G	22079,26302-26303		E:F20-,S:Q173-	N/A	N/A	N/A	N/A	N/A	N/A	N/A	N/A	N/A	N/A	ORF1b:2404,S:174-1274,E:21-76		3000	0	good	0	10	0	good	0	24	-4	0	good	4		0	good	0	S:174-1274,E:21-76	2		0	150	bad		0	0	good	0		ORF1a,ORF6,ORF7a,ORF7b,ORF8,N,ORF9b	"When processing gene ""ORF1a"": The extracted gene sequence is empty or consists entirely from gaps;When processing gene ""ORF6"": The extracted gene sequence is empty or consists entirely from gaps;When processing gene ""ORF7a"": The extracted gene sequence is empty or consists entirely from gaps;When processing gene ""ORF7b"": The extracted gene sequence is empty or consists entirely from gaps;When processing gene ""ORF8"": The extracted gene sequence is empty or consists entirely from gaps;When processing gene ""N"": The extracted gene sequence is empty or consists entirely from gaps;When processing gene ""ORF9b"": The extracted gene sequence is empty or consists entirely from gaps"	
184	1129_sub0	21J	21J (Delta)	Delta	21J	B.1.617.2.103	AY.103	56.250000	mediocre	13	2	0	1	0	0	6	2	0	1117	18420	20678	26839	0.206066280975153	E:1,M:0.47085201793721976,ORF1b:0.1083086053412463,ORF3a:1,S:0.12401883830455258	false	C21618G,G21987A,G22030T,T22917G,C22995A,A23403G,C23604G,C24208T,G24410A,G24428A,C25469T,A25948G,T26767C	22033-22034		S:159-1274	M:I82T,ORF3a:S26L,ORF3a:I186V,S:T19R,S:G142D,S:F157D	S:E156-,S:R158-				-22030T,G24428A,A25948G	0	0	3	3		NODE_0000627	-22030T,C24208T,G24428A,A25948G		ORF3a:I186V,S:-157D	S:G158-	AY.103	-22030T,G24428A,A25948G		ORF3a:I186V,S:-157D	S:G158-	N/A	N/A	N/A	N/A	N/A	N/A	N/A	N/A	N/A	N/A	ORF1b:2404,S:159-1274		3000	0	good	0	10	0	good	0	24	-5	0	good	3		0	good	0	S:159-1274	1		0	75	mediocre		0	0	good	0		ORF1a,ORF6,ORF7a,ORF7b,ORF8,N,ORF9b	"When processing gene ""ORF1a"": The extracted gene sequence is empty or consists entirely from gaps;When processing gene ""ORF6"": The extracted gene sequence is empty or consists entirely from gaps;When processing gene ""ORF7a"": The extracted gene sequence is empty or consists entirely from gaps;When processing gene ""ORF7b"": The extracted gene sequence is empty or consists entirely from gaps;When processing gene ""ORF8"": The extracted gene sequence is empty or consists entirely from gaps;When processing gene ""N"": The extracted gene sequence is empty or consists entirely from gaps;When processing gene ""ORF9b"": The extracted gene sequence is empty or consists entirely from gaps"	
191	678_sub0	21I	21I (Delta)	Delta	21I	B.1.617.2.37	AY.37	56.250000	mediocre	13	5	0	1	0	0	4	2	0	1117	18412	20678	26839	0.206066280975153	E:1,M:0.47085201793721976,ORF1b:0.1083086053412463,ORF3a:1,S:0.12401883830455258	false	T20911C,C21618G,G21987A,C22227T,G22661C,T22917G,T22981C,C22995A,A23403G,C23604G,G24410A,C25469T,T26767C	22031-22035		S:159-1274	M:I82T,ORF3a:S26L,S:T19R,S:G142D	S:F157-,S:R158-				G22661C,T22981C	0	0	2	2		NODE_0000615	T20911C,G22661C,T22981C	22035	S:-156E	S:G158-	AY.37	G22661C,T22981C	22035	S:-156E	S:G158-	N/A	N/A	N/A	N/A	N/A	N/A	N/A	N/A	N/A	N/A	ORF1b:2404,S:159-1274		3000	0	good	0	10	0	good	0	24	-5	0	good	3		0	good	0	S:159-1274	1		0	75	mediocre		0	0	good	0		ORF1a,ORF6,ORF7a,ORF7b,ORF8,N,ORF9b	"When processing gene ""ORF1a"": The extracted gene sequence is empty or consists entirely from gaps;When processing gene ""ORF6"": The extracted gene sequence is empty or consists entirely from gaps;When processing gene ""ORF7a"": The extracted gene sequence is empty or consists entirely from gaps;When processing gene ""ORF7b"": The extracted gene sequence is empty or consists entirely from gaps;When processing gene ""ORF8"": The extracted gene sequence is empty or consists entirely from gaps;When processing gene ""N"": The extracted gene sequence is empty or consists entirely from gaps;When processing gene ""ORF9b"": The extracted gene sequence is empty or consists entirely from gaps"	
190	97_sub0	21J	21J (Delta)	Delta	21J	B.1.617.2.103	AY.103	56.250000	mediocre	12	5	0	1	0	0	4	2	0	1117	18416	20678	26839	0.206066280975153	E:1,M:0.47085201793721976,ORF1b:0.1083086053412463,ORF3a:1,S:0.12401883830455258	false	C21618G,G21987A,C22875A,T22917G,C22995A,C23216T,A23403G,C23604G,C24208T,G24410A,C25469T,T26767C	22031-22035		S:159-1274	M:I82T,ORF3a:S26L,S:T19R,S:G142D	S:F157-,S:R158-				C22875A,C23216T	0	0	2	2		NODE_0000627	C22875A,C23216T,C24208T	22035	S:-156E	S:G158-	AY.103	C22875A,C23216T	22035	S:-156E	S:G158-	N/A	N/A	N/A	N/A	N/A	N/A	N/A	N/A	N/A	N/A	ORF1b:2404,S:159-1274		3000	0	good	0	10	0	good	0	24	-5	0	good	3		0	good	0	S:159-1274	1		0	75	mediocre		0	0	good	0		ORF1a,ORF6,ORF7a,ORF7b,ORF8,N,ORF9b	"When processing gene ""ORF1a"": The extracted gene sequence is empty or consists entirely from gaps;When processing gene ""ORF6"": The extracted gene sequence is empty or consists entirely from gaps;When processing gene ""ORF7a"": The extracted gene sequence is empty or consists entirely from gaps;When processing gene ""ORF7b"": The extracted gene sequence is empty or consists entirely from gaps;When processing gene ""ORF8"": The extracted gene sequence is empty or consists entirely from gaps;When processing gene ""N"": The extracted gene sequence is empty or consists entirely from gaps;When processing gene ""ORF9b"": The extracted gene sequence is empty or consists entirely from gaps"	
189	516_sub0	21J	21J (Delta)	Delta	21J	B.1.617.2.103	AY.103	56.250000	mediocre	11	7	0	1	0	0	11	3	0	6	18406	20678	26839	0.206066280975153	E:1,M:0.47085201793721976,ORF1b:0.1083086053412463,ORF3a:1,S:0.9960753532182104	false	C21618G,G21987A,T22917G,C22995A,A23403G,C23604G,C24208T,G24410A,C25469T,C26444A,T26767C	22029-22034,25367		S:1270-1274	E:S67Y,M:I82T,ORF3a:S26L,S:T19R,S:G142D,S:R158G,S:L452R,S:T478K,S:D614G,S:P681R,S:D950N	S:E156-,S:F157-,S:K1269-				C26444A	0	0	1	1		NODE_0000627	C24208T,C26444A	25367	E:S67Y	S:K1269-	AY.103	C26444A	25367	E:S67Y	S:K1269-	N/A	N/A	N/A	N/A	N/A	N/A	N/A	N/A	N/A	N/A	ORF1b:2404,S:1270-1274		3000	0	good	0	10	0	good	0	24	-6	0	good	2		0	good	0	S:1270-1274	1		0	75	mediocre		0	0	good	0		ORF1a,ORF6,ORF7a,ORF7b,ORF8,N,ORF9b	"When processing gene ""ORF1a"": The extracted gene sequence is empty or consists entirely from gaps;When processing gene ""ORF6"": The extracted gene sequence is empty or consists entirely from gaps;When processing gene ""ORF7a"": The extracted gene sequence is empty or consists entirely from gaps;When processing gene ""ORF7b"": The extracted gene sequence is empty or consists entirely from gaps;When processing gene ""ORF8"": The extracted gene sequence is empty or consists entirely from gaps;When processing gene ""N"": The extracted gene sequence is empty or consists entirely from gaps;When processing gene ""ORF9b"": The extracted gene sequence is empty or consists entirely from gaps"	
185	4845_sub0	21J	21J (Delta)	Delta	21J	B.1.617.2.103	AY.103	0	good	13	6	0	0	0	0	12	2	0	1	18408	20678	26839	0.206066280975153	E:1,M:0.47085201793721976,ORF1b:0.1083086053412463,ORF3a:1,S:1	false	C21618G,G21987A,C22680T,T22917G,C22995A,A23403G,C23604G,C24208T,G24410A,G25157C,C25469T,T26205G,T26767C	22029-22034			M:I82T,ORF3a:S26L,S:T19R,S:G142D,S:R158G,S:S373L,S:L452R,S:T478K,S:D614G,S:P681R,S:D950N,S:D1199H	S:E156-,S:F157-				C22680T,G25157C,T26205G	0	0	3	3		NODE_0000627	C22680T,C24208T,G25157C,T26205G		S:S373L,S:D1199H		AY.103	C22680T,G25157C,T26205G		S:S373L,S:D1199H		N/A	N/A	N/A	N/A	N/A	N/A	N/A	N/A	N/A	N/A	ORF1b:2404		3000	0	good	0	10	0	good	0	24	-5	0	good	3		0	good	0		0		0	0	good		0	0	good	0		ORF1a,ORF6,ORF7a,ORF7b,ORF8,N,ORF9b	"When processing gene ""ORF1a"": The extracted gene sequence is empty or consists entirely from gaps;When processing gene ""ORF6"": The extracted gene sequence is empty or consists entirely from gaps;When processing gene ""ORF7a"": The extracted gene sequence is empty or consists entirely from gaps;When processing gene ""ORF7b"": The extracted gene sequence is empty or consists entirely from gaps;When processing gene ""ORF8"": The extracted gene sequence is empty or consists entirely from gaps;When processing gene ""N"": The extracted gene sequence is empty or consists entirely from gaps;When processing gene ""ORF9b"": The extracted gene sequence is empty or consists entirely from gaps"	
182	2623_sub0	21J	21J (Delta)	Delta	21J	B.1.617.2.103	AY.103	56.250000	mediocre	12	5	0	1	0	0	4	3	0	1117	18416	20678	26839	0.206066280975153	E:1,M:0.47085201793721976,ORF1b:0.1083086053412463,ORF3a:1,S:0.12401883830455258	false	C21618G,G21987A,A22029C,T22917G,C22995A,A23403G,C23604G,A24062G,C24208T,G24410A,C25469T,T26767C	22031-22035		S:159-1274	M:I82T,ORF3a:S26L,S:T19R,S:G142D	S:E156-,S:F157-,S:R158-				-22029C,A24062G	0	0	2	2		NODE_0000627	-22029C,A24062G,C24208T	22035		S:G158-	AY.103	-22029C,A24062G	22035		S:G158-	N/A	N/A	N/A	N/A	N/A	N/A	N/A	N/A	N/A	N/A	ORF1b:2404,S:159-1274		3000	0	good	0	10	0	good	0	24	-5	0	good	3		0	good	0	S:159-1274	1		0	75	mediocre		0	0	good	0		ORF1a,ORF6,ORF7a,ORF7b,ORF8,N,ORF9b	"When processing gene ""ORF1a"": The extracted gene sequence is empty or consists entirely from gaps;When processing gene ""ORF6"": The extracted gene sequence is empty or consists entirely from gaps;When processing gene ""ORF7a"": The extracted gene sequence is empty or consists entirely from gaps;When processing gene ""ORF7b"": The extracted gene sequence is empty or consists entirely from gaps;When processing gene ""ORF8"": The extracted gene sequence is empty or consists entirely from gaps;When processing gene ""N"": The extracted gene sequence is empty or consists entirely from gaps;When processing gene ""ORF9b"": The extracted gene sequence is empty or consists entirely from gaps"	
188	4718_sub0	21J	21J (Delta)	Delta	21J	B.1.617.2.103	AY.103	56.250000	mediocre	12	5	0	1	0	0	4	3	0	1117	18416	20678	26839	0.206066280975153	E:1,M:0.47085201793721976,ORF1b:0.1083086053412463,ORF3a:1,S:0.12401883830455258	false	T20685C,C21618G,G21987A,A22029T,T22917G,C22995A,A23403G,C23604G,C24208T,G24410A,C25469T,T26767C	22031-22035		S:159-1274	M:I82T,ORF3a:S26L,S:T19R,S:G142D	S:E156-,S:F157-,S:R158-				T20685C,-22029T	0	0	2	2		NODE_0000627	T20685C,-22029T,C24208T	22035		S:G158-	AY.103	T20685C,-22029T	22035		S:G158-	N/A	N/A	N/A	N/A	N/A	N/A	N/A	N/A	N/A	N/A	ORF1b:2404,S:159-1274		3000	0	good	0	10	0	good	0	24	-5	0	good	3		0	good	0	S:159-1274	1		0	75	mediocre		0	0	good	0		ORF1a,ORF6,ORF7a,ORF7b,ORF8,N,ORF9b	"When processing gene ""ORF1a"": The extracted gene sequence is empty or consists entirely from gaps;When processing gene ""ORF6"": The extracted gene sequence is empty or consists entirely from gaps;When processing gene ""ORF7a"": The extracted gene sequence is empty or consists entirely from gaps;When processing gene ""ORF7b"": The extracted gene sequence is empty or consists entirely from gaps;When processing gene ""ORF8"": The extracted gene sequence is empty or consists entirely from gaps;When processing gene ""N"": The extracted gene sequence is empty or consists entirely from gaps;When processing gene ""ORF9b"": The extracted gene sequence is empty or consists entirely from gaps"	
181	78_sub0	21J	21J (Delta)	Delta	21J	B.1.617.2.103	AY.103	56.250000	mediocre	11	2	0	1	0	0	4	2	0	1118	18428	20678	26839	0.206066280975153	E:1,M:0.47085201793721976,ORF1b:0.1083086053412463,ORF3a:1,S:0.12323390894819466	false	C21618G,G21987A,C22033A,T22917G,C22995A,A23403G,C23604G,C24208T,G24410A,C25469T,T26767C	22030-22031		S:158-1274	M:I82T,ORF3a:S26L,S:T19R,S:G142D	S:E156-,S:F157-			-22033A|24A&24E&22D&23C&24C&23F&24F&24B&rec&23I&24G&25A&24H&24D&24I&25B&25C		0	1	0	1		NODE_0000627	-22033A,C24208T				AY.103	-22033A				N/A	N/A	N/A	N/A	N/A	N/A	N/A	N/A	N/A	N/A	ORF1b:2404,S:158-1274		3000	0	good	0	10	0	good	0	24	-4	0	good	4		0	good	0	S:158-1274	1		0	75	mediocre		0	0	good	0		ORF1a,ORF6,ORF7a,ORF7b,ORF8,N,ORF9b	"When processing gene ""ORF1a"": The extracted gene sequence is empty or consists entirely from gaps;When processing gene ""ORF6"": The extracted gene sequence is empty or consists entirely from gaps;When processing gene ""ORF7a"": The extracted gene sequence is empty or consists entirely from gaps;When processing gene ""ORF7b"": The extracted gene sequence is empty or consists entirely from gaps;When processing gene ""ORF8"": The extracted gene sequence is empty or consists entirely from gaps;When processing gene ""N"": The extracted gene sequence is empty or consists entirely from gaps;When processing gene ""ORF9b"": The extracted gene sequence is empty or consists entirely from gaps"	
178	548_sub0	21J	21J (Delta)	Delta	21J	B.1.617.2.103	AY.103	56.250000	mediocre	11	6	0	1	0	0	7	4	0	399	18410	20678	26839	0.206066280975153	E:1,M:0.47085201793721976,ORF1b:0.1083086053412463,ORF3a:1,S:0.6875981161695447	false	C21618G,G21987A,A22029T,T22917G,C22995A,A23403G,C23604G,C24208T,G24410A,C25469T,T26767C	22031-22035,23231		S:159-556	M:I82T,ORF3a:S26L,S:T19R,S:G142D,S:D614G,S:P681R,S:D950N	S:E156-,S:F157-,S:R158-,S:K557-				-22029T	0	0	1	1		NODE_0000627	-22029T,C24208T	22035,23231		S:G158-,S:K557-	AY.103	-22029T	22035,23231		S:G158-,S:K557-	N/A	N/A	N/A	N/A	N/A	N/A	N/A	N/A	N/A	N/A	ORF1b:2404,S:159-556		3000	0	good	0	10	0	good	0	24	-5	0	good	3		0	good	0	S:159-556	1		0	75	mediocre		0	0	good	0		ORF1a,ORF6,ORF7a,ORF7b,ORF8,N,ORF9b	"When processing gene ""ORF1a"": The extracted gene sequence is empty or consists entirely from gaps;When processing gene ""ORF6"": The extracted gene sequence is empty or consists entirely from gaps;When processing gene ""ORF7a"": The extracted gene sequence is empty or consists entirely from gaps;When processing gene ""ORF7b"": The extracted gene sequence is empty or consists entirely from gaps;When processing gene ""ORF8"": The extracted gene sequence is empty or consists entirely from gaps;When processing gene ""N"": The extracted gene sequence is empty or consists entirely from gaps;When processing gene ""ORF9b"": The extracted gene sequence is empty or consists entirely from gaps"	
186	529_sub0	21J	21J (Delta)	Delta	21J	B.1.617.2.103	AY.103	56.250000	mediocre	13	6	1	1	0	0	4	0	0	1202	18401	20678	26839	0.206066280975153	E:1,M:0.47085201793721976,ORF1b:0.1083086053412463,ORF3a:1,S:0.05729984301412873	false	C21618G,G21987A,T22917G,C22995A,A23403G,C23604G,A24062G,C24208T,G24215A,G24410A,C25469T,C25517T,T26767C	22029-22034	21781:A	S:74-1274	M:I82T,ORF3a:S26L,ORF3a:P42L,S:T19R				C25517T|21F	A24062G,G24215A	0	1	2	3		NODE_0000627	A24062G,C24208T,G24215A,C25517T		ORF3a:P42L		AY.103	A24062G,G24215A,C25517T		ORF3a:P42L		N/A	N/A	N/A	N/A	N/A	N/A	N/A	N/A	N/A	N/A	ORF1b:2404,S:74-1274		3000	0	good	0	10	0	good	0	24	-2	0	good	6		0	good	0	S:74-1274	1		0	75	mediocre		0	0	good	0		ORF1a,ORF6,ORF7a,ORF7b,ORF8,N,ORF9b	"When processing gene ""ORF1a"": The extracted gene sequence is empty or consists entirely from gaps;When processing gene ""ORF6"": The extracted gene sequence is empty or consists entirely from gaps;When processing gene ""ORF7a"": The extracted gene sequence is empty or consists entirely from gaps;When processing gene ""ORF7b"": The extracted gene sequence is empty or consists entirely from gaps;When processing gene ""ORF8"": The extracted gene sequence is empty or consists entirely from gaps;When processing gene ""N"": The extracted gene sequence is empty or consists entirely from gaps;When processing gene ""ORF9b"": The extracted gene sequence is empty or consists entirely from gaps"	
177	2843_sub0	21J	21J (Delta)	Delta	21J	B.1.617.2.103	AY.103	0	good	10	6	0	0	0	0	10	2	0	1	18420	20678	26839	0.206066280975153	E:1,M:0.47085201793721976,ORF1b:0.1083086053412463,ORF3a:1,S:1	false	C21618G,G21987A,T22917G,C22995A,A23403G,C23604G,C24208T,G24410A,C25469T,T26767C	22029-22034			M:I82T,ORF3a:S26L,S:T19R,S:G142D,S:R158G,S:L452R,S:T478K,S:D614G,S:P681R,S:D950N	S:E156-,S:F157-					0	0	0	0		NODE_0000627	C24208T				AY.103					N/A	N/A	N/A	N/A	N/A	N/A	N/A	N/A	N/A	N/A	ORF1b:2404		3000	0	good	0	10	0	good	0	24	-8	0	good	0		0	good	0		0		0	0	good		0	0	good	0		ORF1a,ORF6,ORF7a,ORF7b,ORF8,N,ORF9b	"When processing gene ""ORF1a"": The extracted gene sequence is empty or consists entirely from gaps;When processing gene ""ORF6"": The extracted gene sequence is empty or consists entirely from gaps;When processing gene ""ORF7a"": The extracted gene sequence is empty or consists entirely from gaps;When processing gene ""ORF7b"": The extracted gene sequence is empty or consists entirely from gaps;When processing gene ""ORF8"": The extracted gene sequence is empty or consists entirely from gaps;When processing gene ""N"": The extracted gene sequence is empty or consists entirely from gaps;When processing gene ""ORF9b"": The extracted gene sequence is empty or consists entirely from gaps"	
179	5303_sub0	21J	21J (Delta)	Delta	21J	B.1.617.2.103	AY.103	56.250000	mediocre	10	8	0	1	0	0	5	3	0	836	18399	20678	26839	0.206066280975153	E:1,M:0.47085201793721976,ORF1b:0.1083086053412463,ORF3a:1,S:0.3445839874411303	false	C21618G,G21987A,T22917G,C22995A,A23403G,C23604G,C24208T,G24410A,C25469T,T26767C	22029-22034,22879,24569		S:440-1274	M:I82T,ORF3a:S26L,S:T19R,S:G142D,S:R158G	S:E156-,S:F157-,S:N439-					0	0	0	0		NODE_0000627	C24208T	22879,24569		S:N439-	AY.103		22879,24569		S:N439-	N/A	N/A	N/A	N/A	N/A	N/A	N/A	N/A	N/A	N/A	ORF1b:2404,S:440-1274		3000	0	good	0	10	0	good	0	24	-6	0	good	2		0	good	0	S:440-1274	1		0	75	mediocre		0	0	good	0		ORF1a,ORF6,ORF7a,ORF7b,ORF8,N,ORF9b	"When processing gene ""ORF1a"": The extracted gene sequence is empty or consists entirely from gaps;When processing gene ""ORF6"": The extracted gene sequence is empty or consists entirely from gaps;When processing gene ""ORF7a"": The extracted gene sequence is empty or consists entirely from gaps;When processing gene ""ORF7b"": The extracted gene sequence is empty or consists entirely from gaps;When processing gene ""ORF8"": The extracted gene sequence is empty or consists entirely from gaps;When processing gene ""N"": The extracted gene sequence is empty or consists entirely from gaps;When processing gene ""ORF9b"": The extracted gene sequence is empty or consists entirely from gaps"	
187	744_sub0	21J	21J (Delta)	Delta	21J	B.1.617.2.103	AY.103	0	good	10	6	0	0	0	0	10	2	0	1	18420	20678	26839	0.206066280975153	E:1,M:0.47085201793721976,ORF1b:0.1083086053412463,ORF3a:1,S:1	false	C21618G,G21987A,T22917G,C22995A,A23403G,C23604G,C24208T,G24410A,C25469T,T26767C	22029-22034			M:I82T,ORF3a:S26L,S:T19R,S:G142D,S:R158G,S:L452R,S:T478K,S:D614G,S:P681R,S:D950N	S:E156-,S:F157-					0	0	0	0		NODE_0000627	C24208T				AY.103					N/A	N/A	N/A	N/A	N/A	N/A	N/A	N/A	N/A	N/A	ORF1b:2404		3000	0	good	0	10	0	good	0	24	-8	0	good	0		0	good	0		0		0	0	good		0	0	good	0		ORF1a,ORF6,ORF7a,ORF7b,ORF8,N,ORF9b	"When processing gene ""ORF1a"": The extracted gene sequence is empty or consists entirely from gaps;When processing gene ""ORF6"": The extracted gene sequence is empty or consists entirely from gaps;When processing gene ""ORF7a"": The extracted gene sequence is empty or consists entirely from gaps;When processing gene ""ORF7b"": The extracted gene sequence is empty or consists entirely from gaps;When processing gene ""ORF8"": The extracted gene sequence is empty or consists entirely from gaps;When processing gene ""N"": The extracted gene sequence is empty or consists entirely from gaps;When processing gene ""ORF9b"": The extracted gene sequence is empty or consists entirely from gaps"	
193	158_sub0	21J	21J (Delta)	Delta	21J	B.1.617.2.103	AY.103	225	bad	11	7	1	2	0	0	2	1	0	1369	18399	20678	26839	0.206066280975153	E:1,M:0,ORF1b:0.1083086053412463,ORF3a:1,S:0.06043956043956044	false	C21618G,G21987A,T22917G,C22995A,A23403G,C23604G,A24062G,C24208T,G24410A,C25469T,T26767C	21791,22029-22034	26678:T	S:78-1274,M:53-223	ORF3a:S26L,S:T19R	S:K77-				A24062G	0	0	1	1		NODE_0000627	A24062G,C24208T	21791		S:K77-	AY.103	A24062G	21791		S:K77-	N/A	N/A	N/A	N/A	N/A	N/A	N/A	N/A	N/A	N/A	ORF1b:2404,S:78-1274,M:53-223		3000	0	good	0	10	0	good	0	24	-6	0	good	2		0	good	0	S:78-1274,M:53-223	2		0	150	bad		0	0	good	0		ORF1a,ORF6,ORF7a,ORF7b,ORF8,N,ORF9b	"When processing gene ""ORF1a"": The extracted gene sequence is empty or consists entirely from gaps;When processing gene ""ORF6"": The extracted gene sequence is empty or consists entirely from gaps;When processing gene ""ORF7a"": The extracted gene sequence is empty or consists entirely from gaps;When processing gene ""ORF7b"": The extracted gene sequence is empty or consists entirely from gaps;When processing gene ""ORF8"": The extracted gene sequence is empty or consists entirely from gaps;When processing gene ""N"": The extracted gene sequence is empty or consists entirely from gaps;When processing gene ""ORF9b"": The extracted gene sequence is empty or consists entirely from gaps"	
192	217_sub0	21J	21J (Delta)	Delta	21J	B.1.617.2.103	AY.103	56.250000	mediocre	12	7	0	1	0	0	6	3	0	858	18402	20678	26839	0.206066280975153	E:1,M:0.47085201793721976,ORF1b:0.1083086053412463,ORF3a:1,S:0.32731554160125587	false	C21618G,G21987A,C22664G,T22917G,C22995A,G23311A,A23403G,C23604G,C24208T,G24410A,C25469T,T26767C	22029-22034,22811		S:418-1274	M:I82T,ORF3a:S26L,S:T19R,S:G142D,S:R158G,S:L368V	S:E156-,S:F157-,S:K417-				C22664G,G23311A	0	0	2	2		NODE_0000627	C22664G,G23311A,C24208T	22811	S:L368V	S:K417-	AY.103	C22664G,G23311A	22811	S:L368V	S:K417-	N/A	N/A	N/A	N/A	N/A	N/A	N/A	N/A	N/A	N/A	ORF1b:2404,S:418-1274		3000	0	good	0	10	0	good	0	24	-5	0	good	3		0	good	0	S:418-1274	1		0	75	mediocre		0	0	good	0		ORF1a,ORF6,ORF7a,ORF7b,ORF8,N,ORF9b	"When processing gene ""ORF1a"": The extracted gene sequence is empty or consists entirely from gaps;When processing gene ""ORF6"": The extracted gene sequence is empty or consists entirely from gaps;When processing gene ""ORF7a"": The extracted gene sequence is empty or consists entirely from gaps;When processing gene ""ORF7b"": The extracted gene sequence is empty or consists entirely from gaps;When processing gene ""ORF8"": The extracted gene sequence is empty or consists entirely from gaps;When processing gene ""N"": The extracted gene sequence is empty or consists entirely from gaps;When processing gene ""ORF9b"": The extracted gene sequence is empty or consists entirely from gaps"	
194	867_sub0	21J	21J (Delta)	Delta	21J	B.1.617.2.103	AY.103	56.250000	mediocre	13	2	0	1	0	0	4	1	0	1119	18421	20678	26839	0.206066280975153	E:1,M:0.47085201793721976,ORF1b:0.1083086053412463,ORF3a:1,S:0.12244897959183673	false	C21618G,G21987A,C22033A,T22917G,G22988T,C22995A,A23403G,C23604G,A24062G,C24208T,G24410A,C25469T,T26767C	22028-22029		S:157-1274	M:I82T,ORF3a:S26L,S:T19R,S:G142D	S:E156-			-22033A|24A&24E&22D&23C&24C&23F&24F&24B&rec&23I&24G&25A&24H&24D&24I&25B&25C	G22988T,A24062G	0	1	2	3		NODE_0000627	-22033A,G22988T,A24062G,C24208T	22028			AY.103	-22033A,G22988T,A24062G	22028			N/A	N/A	N/A	N/A	N/A	N/A	N/A	N/A	N/A	N/A	ORF1b:2404,S:157-1274		3000	0	good	0	10	0	good	0	24	-1	0	good	7		0	good	0	S:157-1274	1		0	75	mediocre		0	0	good	0		ORF1a,ORF6,ORF7a,ORF7b,ORF8,N,ORF9b	"When processing gene ""ORF1a"": The extracted gene sequence is empty or consists entirely from gaps;When processing gene ""ORF6"": The extracted gene sequence is empty or consists entirely from gaps;When processing gene ""ORF7a"": The extracted gene sequence is empty or consists entirely from gaps;When processing gene ""ORF7b"": The extracted gene sequence is empty or consists entirely from gaps;When processing gene ""ORF8"": The extracted gene sequence is empty or consists entirely from gaps;When processing gene ""N"": The extracted gene sequence is empty or consists entirely from gaps;When processing gene ""ORF9b"": The extracted gene sequence is empty or consists entirely from gaps"	
198	492_sub0	21J	21J (Delta)	Delta	21J	B.1.617.2.103	AY.103	281.250000	bad	14	8	0	2	0	0	5	4	0	1135	18375	20678	26839	0.206066280975153	E:1,M:0.47085201793721976,ORF1b:0.1083086053412463,ORF3a:1,S:0.10989010989010989	false	C21618G,A21791T,G21987A,C22033G,T22917G,C22995A,A23403G,C23604G,C24023T,C24208T,C24365T,G24410A,C25469T,T26767C	21737,21789-21790,22029-22032,24774		S:60-76,S:158-1274	M:I82T,ORF3a:S26L,S:T19R,S:K77*,S:G142D	S:F58-,S:F59-,S:E156-,S:F157-				A21791T,-22033G,C24023T,C24365T	0	0	4	4		NODE_0000627	A21791T,-22033G,C24023T,C24208T,C24365T	21737,21789-21790,24774	S:K77*	S:F58-,S:F59-	AY.103	A21791T,-22033G,C24023T,C24365T	21737,21789-21790,24774	S:K77*	S:F58-,S:F59-	N/A	N/A	N/A	N/A	N/A	N/A	N/A	N/A	N/A	N/A	ORF1b:2404,S:60-76,S:158-1274		3000	0	good	0	10	0	good	0	24	-1	0	good	7		0	good	0	S:60-76,S:158-1274	2		0	150	bad	S:76	1	75	mediocre	0		ORF1a,ORF6,ORF7a,ORF7b,ORF8,N,ORF9b	"When processing gene ""ORF1a"": The extracted gene sequence is empty or consists entirely from gaps;When processing gene ""ORF6"": The extracted gene sequence is empty or consists entirely from gaps;When processing gene ""ORF7a"": The extracted gene sequence is empty or consists entirely from gaps;When processing gene ""ORF7b"": The extracted gene sequence is empty or consists entirely from gaps;When processing gene ""ORF8"": The extracted gene sequence is empty or consists entirely from gaps;When processing gene ""N"": The extracted gene sequence is empty or consists entirely from gaps;When processing gene ""ORF9b"": The extracted gene sequence is empty or consists entirely from gaps"	
195	862_sub0	21J	21J (Delta)	Delta	21J	B.1.617.2.103	AY.103	225	bad	14	4	0	2	0	0	4	3	0	853	18397	20678	26839	0.206066280975153	E:1,M:0.47085201793721976,ORF1b:0.1083086053412463,ORF3a:1,S:0.33124018838304553	false	C21618G,G21987A,C22033T,A22034T,T22917G,C22995A,A23403G,C23481T,C23604G,C24208T,G24410A,C25469T,G26439A,T26767C	22028-22029,24572,25367		S:157-1003,S:1270-1274	M:I82T,ORF3a:S26L,S:T19R,S:G142D	S:E156-,S:L1004-,S:K1269-				-22033T,-22034T,C23481T,G26439A	0	0	4	4		NODE_0000627	-22033T,-22034T,C23481T,C24208T,G26439A	22028,24572,25367		S:L1004-,S:K1269-	AY.103	-22033T,-22034T,C23481T,G26439A	22028,24572,25367		S:L1004-,S:K1269-	N/A	N/A	N/A	N/A	N/A	N/A	N/A	N/A	N/A	N/A	ORF1b:2404,S:157-1003,S:1270-1274		3000	0	good	0	10	0	good	0	24	-1	0	good	7		0	good	0	S:157-1003,S:1270-1274	2		0	150	bad		0	0	good	0		ORF1a,ORF6,ORF7a,ORF7b,ORF8,N,ORF9b	"When processing gene ""ORF1a"": The extracted gene sequence is empty or consists entirely from gaps;When processing gene ""ORF6"": The extracted gene sequence is empty or consists entirely from gaps;When processing gene ""ORF7a"": The extracted gene sequence is empty or consists entirely from gaps;When processing gene ""ORF7b"": The extracted gene sequence is empty or consists entirely from gaps;When processing gene ""ORF8"": The extracted gene sequence is empty or consists entirely from gaps;When processing gene ""N"": The extracted gene sequence is empty or consists entirely from gaps;When processing gene ""ORF9b"": The extracted gene sequence is empty or consists entirely from gaps"	
196	4734_sub0	21J	21J (Delta)	Delta	21J	B.1.617.2.103	AY.103	506.250000	bad	12	10	0	3	0	0	9	5	0	696	18371	20678	26839	0.206066280975153	E:0.5921052631578947,M:0.47085201793721976,ORF1b:0.1083086053412463,ORF3a:0.4782608695652174,S:0.5918367346938775	false	C21618G,G21987A,C22783T,T22917G,C22995A,A23403G,C23604G,C24208T,G24410A,C25469T,C25792T,T26767C	22029-22034,23824,23888,25786,26377		S:755-1274,ORF3a:133-276,E:46-76	M:I82T,ORF3a:S26L,S:T19R,S:G142D,S:R158G,S:L452R,S:T478K,S:D614G,S:P681R	E:N45-,ORF3a:K132-,S:E156-,S:F157-,S:L752-				C22783T,C25792T	0	0	2	2		NODE_0000627	C22783T,C24208T,C25792T	23824,23888,25786,26377		E:N45-,ORF3a:K132-,S:L752-	AY.103	C22783T,C25792T	23824,23888,25786,26377		E:N45-,ORF3a:K132-,S:L752-	N/A	N/A	N/A	N/A	N/A	N/A	N/A	N/A	N/A	N/A	ORF1b:2404,S:755-1274,ORF3a:133-276,E:46-76		3000	0	good	0	10	0	good	0	24	-2	0	good	6		0	good	0	S:755-1274,ORF3a:133-276,E:46-76	3		0	225	bad		0	0	good	0		ORF1a,ORF6,ORF7a,ORF7b,ORF8,N,ORF9b	"When processing gene ""ORF1a"": The extracted gene sequence is empty or consists entirely from gaps;When processing gene ""ORF6"": The extracted gene sequence is empty or consists entirely from gaps;When processing gene ""ORF7a"": The extracted gene sequence is empty or consists entirely from gaps;When processing gene ""ORF7b"": The extracted gene sequence is empty or consists entirely from gaps;When processing gene ""ORF8"": The extracted gene sequence is empty or consists entirely from gaps;When processing gene ""N"": The extracted gene sequence is empty or consists entirely from gaps;When processing gene ""ORF9b"": The extracted gene sequence is empty or consists entirely from gaps"	
197	807_sub0	21J	21J (Delta)	Delta	21J	B.1.617.2.103	AY.103	56.250000	mediocre	14	4	0	1	0	0	13	2	0	271	18404	20678	26839	0.206066280975153	E:1,M:0.47085201793721976,ORF1b:0.1083086053412463,ORF3a:1,S:0.7880690737833596	false	C20941T,C21618G,G21987A,G22030T,T22917G,C22995A,A23403G,C23481T,C23604G,C24208T,G24410A,C25469T,A26050G,T26767C	22031-22033,24572		S:1005-1274	M:I82T,ORF1b:L2492F,ORF3a:S26L,ORF3a:S220G,S:T19R,S:G142D,S:F157D,S:L452R,S:T478K,S:D614G,S:S640F,S:P681R,S:D950N	S:E156-,S:L1004-				C20941T,-22030T,C23481T,A26050G	0	0	4	4		NODE_0000627	C20941T,-22030T,C23481T,C24208T,A26050G	24572	ORF1b:L2492F,ORF3a:S220G,S:-157D,S:G158R,S:S640F	S:L1004-	AY.103	C20941T,-22030T,C23481T,A26050G	24572	ORF1b:L2492F,ORF3a:S220G,S:-157D,S:G158R,S:S640F	S:L1004-	N/A	N/A	N/A	N/A	N/A	N/A	N/A	N/A	N/A	N/A	ORF1b:2404,S:1005-1274		3000	0	good	0	10	0	good	0	24	-3	0	good	5		0	good	0	S:1005-1274	1		0	75	mediocre		0	0	good	0		ORF1a,ORF6,ORF7a,ORF7b,ORF8,N,ORF9b	"When processing gene ""ORF1a"": The extracted gene sequence is empty or consists entirely from gaps;When processing gene ""ORF6"": The extracted gene sequence is empty or consists entirely from gaps;When processing gene ""ORF7a"": The extracted gene sequence is empty or consists entirely from gaps;When processing gene ""ORF7b"": The extracted gene sequence is empty or consists entirely from gaps;When processing gene ""ORF8"": The extracted gene sequence is empty or consists entirely from gaps;When processing gene ""N"": The extracted gene sequence is empty or consists entirely from gaps;When processing gene ""ORF9b"": The extracted gene sequence is empty or consists entirely from gaps"	
